pair,basket,window,years,dks_y0,dks_y1,dks_chg_pp,aso_y0,aso_y1,aso_chg_pp,did_pp,did_se_pp,z,did_logodds,did_eqw_month_pp,dks_n_y1,aso_n_y1
BROAD (DKS PIE+ORG vs ASO ALLX),APPAREL,Apr-Aug,2024->2025,40.29712163416899,43.886786243212114,3.5896646090431252,64.02644907146878,56.160005745269125,-7.866443326199645,11.456107935242771,0.836605152865917,13.6935660699652,0.47619608633667554,10.105152984589122,24308,27849
BROAD (DKS PIE+ORG vs ASO ALLX),APPAREL,Apr-Aug,2025->2026,43.886786243212114,45.98575010946145,2.098963866249337,56.160005745269125,54.809567397620086,-1.3504383476490411,3.449402213898378,0.6222215291377783,5.543688304514739,0.1395206962613428,4.555485382635749,25123,25127
BROAD (DKS PIE+ORG vs ASO ALLX),APPAREL,Apr-Aug,2024->2026,40.29712163416899,45.98575010946145,5.688628475292462,64.02644907146878,54.809567397620086,-9.216881673848686,14.905510149141149,0.8412101264211942,17.719128290281606,0.6157167825980183,14.660638367224871,25123,25127
BROAD (DKS PIE+ORG vs ASO ALLX),APPAREL,Apr-Aug,2023->2024,33.74278647980214,40.29712163416899,6.554335154366841,60.37811104020421,64.02644907146878,3.648338031264564,2.9059971231022774,0.9409236785005897,3.0884514753982315,0.12641012105946203,2.7132785018048997,12924,7108
BROAD (DKS PIE+ORG vs ASO ALLX),APPAREL,Feb-Jul,2024->2025,38.70137299771167,44.34915471437725,5.647781716665579,59.32156133828996,58.6976785476497,-0.6238827906402622,6.271664507305841,0.7676196099041354,8.17027656196678,0.2586719271640373,8.10495717780199,20289,22529
BROAD (DKS PIE+ORG vs ASO ALLX),APPAREL,Feb-Jul,2025->2026,44.34915471437725,44.77059481793923,0.42144010356197636,58.6976785476497,54.73864271851048,-3.9590358291392236,4.3804759327012,0.6178235882154027,7.090172690483222,0.17842485248325252,3.575762653016812,34851,30399
BROAD (DKS PIE+ORG vs ASO ALLX),APPAREL,Feb-Jul,2024->2026,38.70137299771167,44.77059481793923,6.069221820227555,59.32156133828996,54.73864271851048,-4.582918619779486,10.652140440007042,0.7158450937338443,14.880510508838626,0.43709677964728977,11.680719830818804,34851,30399
BROAD (DKS PIE+ORG vs ASO ALLX),APPAREL,Feb-Jul,2023->2024,34.079297690148955,38.70137299771167,4.622075307562717,59.553662960334364,59.32156133828996,-0.23210162204440055,4.854176929607118,0.8435565418462931,5.7544179777004345,0.20950715051948465,2.8184285849384425,17480,10760
BROAD (DKS PIE+ORG vs ASO ALLX),APPAREL,Q1 Feb-Apr,2024->2025,35.81761006289308,42.64080313084907,6.823193067955996,55.06329113924051,56.354992076069735,1.291700936829221,5.531492131126775,1.3452154491166184,4.111974877153855,0.2344139438526892,6.5828228845027486,5877,3155
BROAD (DKS PIE+ORG vs ASO ALLX),APPAREL,Q1 Feb-Apr,2025->2026,42.64080313084907,43.1544840463507,0.5136809155016298,56.354992076069735,50.977178161644176,-5.3778139144255555,5.891494829927185,1.2198502878820405,4.829686797185797,0.2374603807974558,5.271383588454376,18209,15862
BROAD (DKS PIE+ORG vs ASO ALLX),APPAREL,Q1 Feb-Apr,2024->2026,35.81761006289308,43.1544840463507,7.336873983457625,55.06329113924051,50.977178161644176,-4.0861129775963345,11.42298696105396,0.9518984752594405,12.000215630076116,0.471874324650145,11.854206472957124,18209,15862
BROAD (DKS PIE+ORG vs ASO ALLX),APPAREL,Q1 Feb-Apr,2023->2024,33.19284987647144,35.81761006289308,2.6247601864216374,55.48492925979086,55.06329113924051,-0.42163812055034944,3.046398306971987,1.2010615870019576,2.536421395822246,0.13324182290683786,2.78634119445928,9540,6636
BROAD (DKS PIE+ORG vs ASO ALLX),APPAREL,Q2 May-Jul,2024->2025,42.166246851385395,45.045795170691086,2.879548319305697,66.17361784675073,59.079178280169295,-7.094439566581434,9.973987885887132,1.0707276242102346,9.315149493078517,0.42093324970969564,9.627091471101235,14412,19374
BROAD (DKS PIE+ORG vs ASO ALLX),APPAREL,Q2 May-Jul,2025->2026,45.045795170691086,46.53887753875736,1.493082368066273,59.079178280169295,58.842952466120934,-0.23622581404836307,1.729308182114636,0.7827170158840064,2.2093657695195787,0.06991652034259277,1.8801417175792368,16642,14537
BROAD (DKS PIE+ORG vs ASO ALLX),APPAREL,Q2 May-Jul,2024->2026,42.166246851385395,46.53887753875736,4.37263068737197,66.17361784675073,58.842952466120934,-7.330665380629798,11.703296068001768,1.0798185914086513,10.838205751518423,0.4908497700522884,11.507233188680472,16642,14537
BROAD (DKS PIE+ORG vs ASO ALLX),APPAREL,Q2 May-Jul,2023->2024,34.94868871151653,42.166246851385395,7.217558139868857,62.09636084059456,66.17361784675073,4.077257006156165,3.1403011337126916,1.2147213435916817,2.5852028947046124,0.12794233918868125,2.8505159754176113,7940,4124
BROAD (DKS PIE+ORG vs ASO ALLX),APPAREL,Aug,2024->2025,39.800796812749006,42.2998193859121,2.4990225731630957,65.03635161929941,47.408829174664106,-17.627522444635296,20.126545017798392,1.7587486307606606,11.443673453831568,0.8276719310487746,20.126545017798392,8305,7294
BROAD (DKS PIE+ORG vs ASO ALLX),APPAREL,Aug,2025->2026,42.2998193859121,46.261089987325725,3.9612706014136245,47.408829174664106,45.79689452079243,-1.6119346538716772,5.573205255285302,1.3661844933038685,4.079394315044171,0.22542353599006615,5.573205255285302,3156,5603
BROAD (DKS PIE+ORG vs ASO ALLX),APPAREL,Aug,2024->2026,39.800796812749006,46.261089987325725,6.46029317457672,65.03635161929941,45.79689452079243,-19.239457098506975,25.699750273083694,1.9204777414064318,13.381956853226992,1.0530954670388408,25.699750273083694,3156,5603
BROAD (DKS PIE+ORG vs ASO ALLX),APPAREL,Aug,2023->2024,33.31204088150751,39.800796812749006,6.488755931241502,56.62337662337662,65.03635161929941,8.412974995922784,-1.9242190646812818,1.9910932606441434,-0.9664133281525813,-0.07380290444404913,-1.9242190646812818,2510,1513
BROAD (DKS PIE+ORG vs ASO ALLX),APPAREL,Sep,2024->2025,42.46880570409982,42.71807352376073,0.24926781966090883,58.91583452211127,51.409749670619235,-7.506084851492034,7.755352671152943,1.9460074870406974,3.985263532026048,0.3142766070257443,7.755352671152943,7807,3795
BROAD (DKS PIE+ORG vs ASO ALLX),APPAREL,Sep,2025->2026,42.71807352376073,49.77973568281938,7.061662159058652,51.409749670619235,46.70058357025288,-4.709166100366352,11.770828259425004,3.5152706590465126,3.348484199682576,0.4731260848884553,11.770828259425004,227,6683
BROAD (DKS PIE+ORG vs ASO ALLX),APPAREL,Sep,2024->2026,42.46880570409982,49.77973568281938,7.31092997871956,58.91583452211127,46.70058357025288,-12.215250951858387,19.526180930577947,3.7683856918222727,5.181577080326854,0.7874026919141996,19.526180930577947,227,6683
BROAD (DKS PIE+ORG vs ASO ALLX),APPAREL,Sep,2023->2024,32.34060402684564,42.46880570409982,10.128201677254184,56.296526054590565,58.91583452211127,2.619308467520698,7.508893209733486,2.1204380242995997,3.5411990936229993,0.3273233393446231,7.508893209733486,2244,1402
BROAD (DKS PIE+ORG vs ASO ALLX),MENS,Apr-Aug,2024->2025,27.88646568313021,31.599642537980337,3.7131768548501256,60.42838018741633,51.57306905773164,-8.855311129684695,12.568487984534821,1.162886191482016,10.808012062226977,0.5382711701452896,11.61235937256071,11190,12714
BROAD (DKS PIE+ORG vs ASO ALLX),MENS,Apr-Aug,2025->2026,31.599642537980337,34.11723101405711,2.517588476076776,51.57306905773164,51.694986189001426,0.12191713126978865,2.3956713448069875,0.8929358710676312,2.6829153385255133,0.10927597040301724,3.4239019480257262,11311,11947
BROAD (DKS PIE+ORG vs ASO ALLX),MENS,Apr-Aug,2024->2026,27.88646568313021,34.11723101405711,6.230765330926902,60.42838018741633,51.694986189001426,-8.733393998414908,14.964159329341808,1.170660822028379,12.7826600564062,0.6475471405483069,15.036261320586435,11311,11947
BROAD (DKS PIE+ORG vs ASO ALLX),MENS,Apr-Aug,2023->2024,21.642266072565246,27.88646568313021,6.244199610564968,58.46459956889405,60.42838018741633,1.9637806185222817,4.280418992042686,1.2787569001989911,3.3473281679861104,0.25506491028728434,4.176779678220241,6236,3735
BROAD (DKS PIE+ORG vs ASO ALLX),MENS,Feb-Jul,2024->2025,26.66033028394915,31.798388852601782,5.138058568652632,55.15995872033024,52.71939528023599,-2.4405634400942455,7.578622008746877,1.059990169768596,7.1497097094790485,0.3471249200424863,9.97225874581693,9186,10848
BROAD (DKS PIE+ORG vs ASO ALLX),MENS,Feb-Jul,2025->2026,31.798388852601782,32.66047900305056,0.8620901504487799,52.71939528023599,52.17274497951507,-0.5466503007209189,1.4087404511696988,0.8810248511803496,1.5989792447765172,0.06138970876081733,0.13296890417412444,15407,14889
BROAD (DKS PIE+ORG vs ASO ALLX),MENS,Feb-Jul,2024->2026,26.66033028394915,32.66047900305056,6.000148719101412,55.15995872033024,52.17274497951507,-2.9872137408151644,8.987362459916575,0.9838991595785637,9.134434532667107,0.40851462880330364,10.105227649991056,15407,14889
BROAD (DKS PIE+ORG vs ASO ALLX),MENS,Feb-Jul,2023->2024,21.83393501805054,26.66033028394915,4.826395265898611,56.000640922929016,55.15995872033024,-0.8406822025987748,5.667077468497387,1.1397254929291334,4.972317899051993,0.2974975168865316,2.946483420416221,8417,5814
BROAD (DKS PIE+ORG vs ASO ALLX),MENS,Q1 Feb-Apr,2024->2025,24.67561029250055,29.59059586542359,4.914985572923042,51.18850193477059,48.8984088127295,-2.2900931220410925,7.2050786949641346,1.8636373171936633,3.866137809374744,0.34073824564181604,8.497099248553653,2467,1634
BROAD (DKS PIE+ORG vs ASO ALLX),MENS,Q1 Feb-Apr,2025->2026,29.59059586542359,30.96175835344937,1.371162488025779,48.8984088127295,49.516690295141125,0.6182814824116256,0.7528810056141533,1.7226502917856978,0.4370480817866506,0.04022470699033001,0.3460514921464708,7871,7759
BROAD (DKS PIE+ORG vs ASO ALLX),MENS,Q1 Feb-Apr,2024->2026,24.67561029250055,30.96175835344937,6.286148060948821,51.18850193477059,49.516690295141125,-1.6718116396294669,7.957959700578288,1.3011984074959624,6.115869535909328,0.3809629526321461,8.843150740700123,7871,7759
BROAD (DKS PIE+ORG vs ASO ALLX),MENS,Q1 Feb-Apr,2023->2024,22.894496807540285,24.67561029250055,1.7811134849602643,50.78026149304091,51.18850193477059,0.4082404417296792,1.3728730432305851,1.6401967179728612,0.8370173090745698,0.08195338268352997,0.43946845333213413,4547,3618
BROAD (DKS PIE+ORG vs ASO ALLX),MENS,Q2 May-Jul,2024->2025,28.992248062015502,32.60901919928561,3.616771137270108,61.70309653916212,53.397004558280884,-8.306091980881236,11.922863118151344,1.4849784816832523,8.028980396158026,0.5107135292652718,11.447418243080183,6719,9214
BROAD (DKS PIE+ORG vs ASO ALLX),MENS,Q2 May-Jul,2025->2026,32.60901919928561,34.43471337579618,1.8256941765105672,53.397004558280884,55.06311360448808,1.6661090462071981,0.15958513030336907,1.1152429024171013,0.14309450430708426,0.014809821441262389,-0.08011368379821082,7536,7130
BROAD (DKS PIE+ORG vs ASO ALLX),MENS,Q2 May-Jul,2024->2026,28.992248062015502,34.43471337579618,5.4424653137806756,61.70309653916212,55.06311360448808,-6.6399829346740376,12.082448248454714,1.5015488459454789,8.046656811118767,0.5255233507065342,11.36730455928197,7536,7130
BROAD (DKS PIE+ORG vs ASO ALLX),MENS,Q2 May-Jul,2023->2024,20.874587458745875,28.992248062015502,8.117660603269627,59.19896640826874,61.70309653916212,2.5041301308933783,5.613530472376249,1.6390290920059312,3.4249120407656166,0.3319726137533198,5.453498387500325,3870,2196
BROAD (DKS PIE+ORG vs ASO ALLX),MENS,Aug,2024->2025,29.01023890784983,30.508028428533823,1.4977895206839953,63.805436337625174,45.17006802721089,-18.63536831041429,20.133157831098288,2.541954598389893,7.9203451721171145,0.8323965267331294,20.133157831098288,3799,2940
BROAD (DKS PIE+ORG vs ASO ALLX),MENS,Aug,2025->2026,30.508028428533823,37.40185581727338,6.893827388739554,45.17006802721089,42.75574112734864,-2.4143268998622402,9.308154288601795,2.0232515581631914,4.600591681764081,0.4062283256821362,9.308154288601795,1401,2395
BROAD (DKS PIE+ORG vs ASO ALLX),MENS,Aug,2024->2026,29.01023890784983,37.40185581727338,8.391616909423549,63.805436337625174,42.75574112734864,-21.049695210276532,29.44131211970008,2.7846279749793026,10.572799089946264,1.2386248524152657,29.44131211970008,1401,2395
BROAD (DKS PIE+ORG vs ASO ALLX),MENS,Aug,2023->2024,24.031007751937985,29.01023890784983,4.979231155911842,56.41025641025641,63.805436337625174,7.395179927368767,-2.4159487714569243,2.8197668917514145,-0.8567902469258123,-0.05300690301601979,-2.4159487714569243,1172,699
BROAD (DKS PIE+ORG vs ASO ALLX),MENS,Sep,2024->2025,32.20675944333996,31.68781025923883,-0.5189491841011307,54.11061285500748,48.21741671537112,-5.893196139636353,5.374246955535222,2.8174993155968013,1.907452798935943,0.21226001891950308,5.374246955535222,3626,1711
BROAD (DKS PIE+ORG vs ASO ALLX),MENS,Sep,2025->2026,31.68781025923883,33.68421052631579,1.9964002670769587,48.21741671537112,40.026640026640024,-8.1907766887311,10.187176955808058,5.135101782087862,1.9838315554606385,0.42377899385920087,10.187176955808058,95,3003
BROAD (DKS PIE+ORG vs ASO ALLX),MENS,Sep,2024->2026,32.20675944333996,33.68421052631579,1.477451082975828,54.11061285500748,40.026640026640024,-14.083972828367452,15.561423911343281,5.495002411439466,2.831923035911248,0.6360390127787039,15.561423911343281,95,3003
BROAD (DKS PIE+ORG vs ASO ALLX),MENS,Sep,2023->2024,20.957095709570957,32.20675944333996,11.249663733769003,50.03282994090611,54.11061285500748,4.077782914101369,7.171880819667634,2.9816598256265805,2.4053316739982233,0.41974410248757754,7.171880819667634,1006,669
BROAD (DKS PIE+ORG vs ASO ALLX),WOMENS,Apr-Aug,2024->2025,58.67562380038388,61.726432899572856,3.050809099188978,68.85085574572128,61.48523985239852,-7.365615893322753,10.41642499251173,1.4219268471548419,7.325570238267979,0.4527812066183348,8.319197892051244,10067,8672
BROAD (DKS PIE+ORG vs ASO ALLX),WOMENS,Apr-Aug,2025->2026,61.726432899572856,61.02106969205835,-0.7053632075145089,61.48523985239852,58.925831202046034,-2.5594086503524904,1.8540454428379816,1.0155892781147433,1.8255858768809372,0.07710068038607593,4.666256231345212,11106,7820
BROAD (DKS PIE+ORG vs ASO ALLX),WOMENS,Apr-Aug,2024->2026,58.67562380038388,61.02106969205835,2.345445891674469,68.85085574572128,58.925831202046034,-9.925024543675242,12.270470435349711,1.4275146255722673,8.595688068996617,0.5298818870044107,12.985454123396456,11106,7820
BROAD (DKS PIE+ORG vs ASO ALLX),WOMENS,Apr-Aug,2023->2024,52.10285465242972,58.67562380038388,6.57276914795416,63.339970134395216,68.85085574572128,5.510885611326055,1.0618835366281054,1.6235314233152522,0.6540578897202609,0.020081623407881943,0.5187611666506831,5210,2045
BROAD (DKS PIE+ORG vs ASO ALLX),WOMENS,Feb-Jul,2024->2025,56.66476787240102,61.61570059333638,4.950932720935352,64.2150803461063,64.17539988968561,-0.03968045642069873,4.990613177356051,1.283237926576701,3.889078614337351,0.20680791782410962,5.302031066493562,8764,7252
BROAD (DKS PIE+ORG vs ASO ALLX),WOMENS,Feb-Jul,2025->2026,61.61570059333638,60.22749180643917,-1.3882087868972048,64.17539988968561,57.567942868478475,-6.60745702120713,5.219248234309926,0.9915182607831837,5.263895220837717,0.2196082086987622,6.47770239931601,15561,10082
BROAD (DKS PIE+ORG vs ASO ALLX),WOMENS,Feb-Jul,2024->2026,56.66476787240102,60.22749180643917,3.562723934038148,64.2150803461063,57.567942868478475,-6.64713747762783,10.209861411665976,1.206662717990108,8.461238803061848,0.4264161265228718,11.779733465809572,15561,10082
BROAD (DKS PIE+ORG vs ASO ALLX),WOMENS,Feb-Jul,2023->2024,50.67192259451711,56.66476787240102,5.992845277883907,62.219067896853566,64.2150803461063,1.9960124492527376,3.9968328286311694,1.4365913246336162,2.7821641131311368,0.15545360208666714,1.6128066068718971,7022,3236
BROAD (DKS PIE+ORG vs ASO ALLX),WOMENS,Q1 Feb-Apr,2024->2025,52.94431121769251,59.364610269671225,6.420299051978717,59.03193612774451,65.72541382667964,6.693477698935135,-0.2731786469564179,2.2260379956238143,-0.12271966942768363,-0.024645715185334538,0.5750571256925352,2707,1027
BROAD (DKS PIE+ORG vs ASO ALLX),WOMENS,Q1 Feb-Apr,2025->2026,59.364610269671225,58.886850152905204,-0.4777601167660239,65.72541382667964,51.43961352657005,-14.285800300109596,13.808040183343573,1.9655695932928856,7.024956140174714,0.5737119375298286,13.050465521483156,8175,5175
BROAD (DKS PIE+ORG vs ASO ALLX),WOMENS,Q1 Feb-Apr,2024->2026,52.94431121769251,58.886850152905204,5.942538935212694,59.03193612774451,51.43961352657005,-7.592322601174462,13.534861536387155,1.6277172264428499,8.315241318644588,0.549066222344494,13.625522647175693,8175,5175
BROAD (DKS PIE+ORG vs ASO ALLX),WOMENS,Q1 Feb-Apr,2023->2024,46.8671679197995,52.94431121769251,6.077143297893012,57.80382479950647,59.03193612774451,1.2281113282380351,4.849031969654977,2.065645632374365,2.3474655544287315,0.19282612929525028,5.149883128469346,3753,2004
BROAD (DKS PIE+ORG vs ASO ALLX),WOMENS,Q2 May-Jul,2024->2025,60.93606607525237,62.62175994716856,1.685693871916194,72.6461038961039,63.919678714859444,-8.726425181244457,10.412119053160652,1.7601275157062668,5.915548140830408,0.47625963304777436,10.029005007294579,6057,6225
BROAD (DKS PIE+ORG vs ASO ALLX),WOMENS,Q2 May-Jul,2025->2026,62.62175994716856,61.71134578933116,-0.9104141578374025,63.919678714859444,64.03097615651112,0.11129744165166988,-1.0217115994890724,1.2434587267920387,-0.8216690891904028,-0.043539093896288406,-0.09506072285111467,7386,4907
BROAD (DKS PIE+ORG vs ASO ALLX),WOMENS,Q2 May-Jul,2024->2026,60.93606607525237,61.71134578933116,0.7752797140787915,72.6461038961039,64.03097615651112,-8.615127739592786,9.390407453671578,1.7692905528344811,5.307442261887249,0.43272053915148595,9.933944284443463,7386,4907
BROAD (DKS PIE+ORG vs ASO ALLX),WOMENS,Q2 May-Jul,2023->2024,54.48350071736011,60.93606607525237,6.45256535789226,64.96546431312356,72.6461038961039,7.680639582980331,-1.2280742250880716,2.025832355225651,-0.6062072322619609,-0.09441673915370735,-1.9242699147255626,3269,1232
BROAD (DKS PIE+ORG vs ASO ALLX),WOMENS,Aug,2024->2025,58.198380566801625,60.94368340943683,2.745302842635211,66.66666666666666,51.941031941031945,-14.725634725634718,17.470937568269928,3.1400930871931068,5.563827913104002,0.7294900121477365,17.470937568269928,3285,2035
BROAD (DKS PIE+ORG vs ASO ALLX),WOMENS,Aug,2025->2026,60.94368340943683,58.465991316931984,-2.4776920925048462,51.941031941031945,47.23247232472325,-4.708559616308699,2.2308675238038536,2.355356349120152,0.9471465006291716,0.08548174911771017,2.2308675238038536,1382,1355
BROAD (DKS PIE+ORG vs ASO ALLX),WOMENS,Aug,2024->2026,58.198380566801625,58.465991316931984,0.26761075013036484,66.66666666666666,47.23247232472325,-19.434194341943417,19.701805092073783,3.391966135493201,5.808373169152848,0.8149717612654466,19.701805092073783,1382,1355
BROAD (DKS PIE+ORG vs ASO ALLX),WOMENS,Aug,2023->2024,52.28377065111759,58.198380566801625,5.914609915684032,60.78665077473182,66.66666666666666,5.880015891934843,0.034594023749190406,3.62966815172303,0.00953090538945506,-0.01528619013789187,0.034594023749190406,988,408
BROAD (DKS PIE+ORG vs ASO ALLX),WOMENS,Sep,2024->2025,59.703075291622476,61.016949152542374,1.3138738609199008,67.48166259168704,54.721977052074145,-12.759685539612898,14.073559400532798,3.2982854587700365,4.266931888236553,0.5955244517347303,14.073559400532798,3068,1133
BROAD (DKS PIE+ORG vs ASO ALLX),WOMENS,Sep,2025->2026,61.016949152542374,63.86554621848739,2.8485970659450133,54.721977052074145,51.82166826462129,-2.9003087874528544,5.748905853397868,4.853025622943086,1.1846024109618198,0.2380531377881434,5.748905853397868,119,2086
BROAD (DKS PIE+ORG vs ASO ALLX),WOMENS,Sep,2024->2026,59.703075291622476,63.86554621848739,4.1624709268649145,67.48166259168704,51.82166826462129,-15.659994327065752,19.822465253930666,5.339123256537813,3.7126817084917167,0.8335775895228739,19.822465253930666,119,2086
BROAD (DKS PIE+ORG vs ASO ALLX),WOMENS,Sep,2023->2024,51.421800947867304,59.703075291622476,8.281274343755173,66.30434782608695,67.48166259168704,1.1773147656000904,7.1039595781550835,3.6171673285318957,1.9639565806424488,0.28305592320997564,7.1039595781550835,943,409
BROAD (DKS PIE+ORG vs ASO ALLX),KIDS,Apr-Aug,2024->2025,27.875507442489848,30.08849557522124,2.2129881327313914,66.71686746987952,58.03806281912425,-8.678804650755268,10.89179278348666,2.0245156946897866,5.379949788512552,0.4786288950311848,7.090505054118551,3051,6463
BROAD (DKS PIE+ORG vs ASO ALLX),KIDS,Apr-Aug,2025->2026,30.08849557522124,33.88765705838877,3.7991614831675236,58.03806281912425,55.74626865671641,-2.291794162407834,6.090955645575358,1.5344280714107938,3.969528294653246,0.2682480314851152,8.386272672073098,2706,5360
BROAD (DKS PIE+ORG vs ASO ALLX),KIDS,Apr-Aug,2024->2026,27.875507442489848,33.88765705838877,6.012149615898915,66.71686746987952,55.74626865671641,-10.970598813163102,16.982748429062017,2.0786003904131403,8.170280592358854,0.7468769265163,15.47677772619165,2706,5360
BROAD (DKS PIE+ORG vs ASO ALLX),KIDS,Apr-Aug,2023->2024,27.20763723150358,27.875507442489848,0.6678702109862711,60.23321270607157,66.71686746987952,6.4836547638079445,-5.815784552821674,2.3603158690237596,-2.4639857017218274,-0.24674716323627705,-5.329362910378893,1478,1328
BROAD (DKS PIE+ORG vs ASO ALLX),KIDS,Feb-Jul,2024->2025,26.555609995100443,28.943993159469862,2.3883831643694178,64.21052631578948,64.37118988484985,0.16066356906038193,2.2277195953090354,1.9226543188883487,1.158668811873094,0.11218354621013016,1.4946700829082227,2339,4429
BROAD (DKS PIE+ORG vs ASO ALLX),KIDS,Feb-Jul,2025->2026,28.943993159469862,30.878186968838527,1.9341938093686672,64.37118988484985,56.52173913043478,-7.849450754415077,9.783644563783744,1.5490382225606674,6.315947806381887,0.42143268247842197,11.065247638986552,3883,5428
BROAD (DKS PIE+ORG vs ASO ALLX),KIDS,Feb-Jul,2024->2026,26.555609995100443,30.878186968838527,4.322576973738085,64.21052631578948,56.52173913043478,-7.688787185354695,12.01136415909278,1.8171108165660865,6.610143998697582,0.5336162286885522,12.559917721894776,3883,5428
BROAD (DKS PIE+ORG vs ASO ALLX),KIDS,Feb-Jul,2023->2024,28.468727534148098,26.555609995100443,-1.913117539047654,64.48260280162675,64.21052631578948,-0.2720764858372804,-1.6410410532103736,2.19052073258602,-0.7491556819336935,-0.08409948526835898,-2.3256266689641647,2041,1710
BROAD (DKS PIE+ORG vs ASO ALLX),KIDS,Q1 Feb-Apr,2024->2025,24.838709677419356,24.039829302987197,-0.7988803744321565,61.04536489151874,61.53846153846154,0.4930966469428033,-1.2919770213749597,3.352536451932634,-0.3853729974002743,-0.06404821378736586,-0.5158979887470772,703,494
BROAD (DKS PIE+ORG vs ASO ALLX),KIDS,Q1 Feb-Apr,2025->2026,24.039829302987197,28.06287563569117,4.023046332703972,61.53846153846154,54.03005464480874,-7.508406893652797,11.531453226356769,3.0282594343854874,3.8079475937294656,0.5176032014810921,10.958800591532613,2163,2928
BROAD (DKS PIE+ORG vs ASO ALLX),KIDS,Q1 Feb-Apr,2024->2026,24.838709677419356,28.06287563569117,3.224165958271816,61.04536489151874,54.03005464480874,-7.015310246709994,10.239476204981809,2.3732538807814985,4.314530479819551,0.45355498769372626,10.442902602785537,2163,2928
BROAD (DKS PIE+ORG vs ASO ALLX),KIDS,Q1 Feb-Apr,2023->2024,27.784730913642054,24.838709677419356,-2.9460212362226983,63.84180790960452,61.04536489151874,-2.7964430180857813,-0.14957821813691707,2.995053847347891,-0.04994174587858179,-0.032782919507002184,-0.07398943781756762,1240,1014
BROAD (DKS PIE+ORG vs ASO ALLX),KIDS,Q2 May-Jul,2024->2025,29.213483146067414,31.05134474327628,1.8378615972088674,68.82183908045977,64.72681067344345,-4.09502840701631,5.932890004225177,2.748360983436644,2.158701145875856,0.2720691138482767,3.505238154563478,1636,3935
BROAD (DKS PIE+ORG vs ASO ALLX),KIDS,Q2 May-Jul,2025->2026,31.05134474327628,34.418604651162795,3.3672599078865106,64.72681067344345,59.440000000000005,-5.286810673443454,8.654070581329965,2.0409675882491896,4.240180310140896,0.37789248009165505,11.171694686440514,1720,2500
BROAD (DKS PIE+ORG vs ASO ALLX),KIDS,Q2 May-Jul,2024->2026,29.213483146067414,34.418604651162795,5.205121505095378,68.82183908045977,59.440000000000005,-9.381839080459764,14.586960585555142,2.8180353219841607,5.176287348763449,0.6499615939399317,14.676932841003993,1720,2500
BROAD (DKS PIE+ORG vs ASO ALLX),KIDS,Q2 May-Jul,2023->2024,29.39189189189189,29.213483146067414,-0.17840874582447652,64.90963855421687,68.82183908045977,3.912200526242904,-4.090609272067381,3.2992958420618237,-1.2398431264990903,-0.1853456623922317,-4.577263900110723,801,696
BROAD (DKS PIE+ORG vs ASO ALLX),KIDS,Aug,2024->2025,24.0,28.82882882882883,4.828828828828829,65.51724137931035,46.26994394135403,-19.247297437956313,24.076126266785142,3.6781054899069625,6.545795473471901,1.0403014031601852,24.076126266785142,1221,2319
BROAD (DKS PIE+ORG vs ASO ALLX),KIDS,Aug,2025->2026,28.82882882882883,34.316353887399465,5.487525058570636,46.26994394135403,48.677819751753916,2.4078758103998843,3.0796492481707514,3.1849081263510457,0.9669507332693802,0.15790358880825187,3.0796492481707514,373,1853
BROAD (DKS PIE+ORG vs ASO ALLX),KIDS,Aug,2024->2026,24.0,34.316353887399465,10.316353887399465,65.51724137931035,48.677819751753916,-16.839421627556426,27.15577551495589,4.262297025775129,6.371159811420562,1.198204991968437,27.15577551495589,373,1853
BROAD (DKS PIE+ORG vs ASO ALLX),KIDS,Aug,2023->2024,24.0,24.0,0.0,52.96803652968036,65.51724137931035,12.54920484962998,-12.54920484962998,4.232208389502345,-2.9651670463007638,-0.5229926832956658,-12.54920484962998,350,406
BROAD (DKS PIE+ORG vs ASO ALLX),KIDS,Sep,2024->2025,22.372881355932204,28.212039532794247,5.839158176862044,58.0246913580247,53.20715036803365,-4.817540989991043,10.656699166853087,4.224005002443276,2.5228898073484696,0.5054239916424647,10.656699166853087,1113,951
BROAD (DKS PIE+ORG vs ASO ALLX),KIDS,Sep,2023->2024,25.304878048780488,22.372881355932204,-2.931996692848285,55.442670537010166,58.0246913580247,2.58202082101453,-5.514017513862815,4.769975687310188,-1.1559844064891232,-0.2668638748542044,-5.514017513862815,295,324
PROMPTED (DKS PIE vs ASO EMAIL),APPAREL,Apr-Aug,2024->2025,39.26038500506586,43.24394351599948,3.983558510933627,62.972600642889944,60.030601836110165,-2.9419988067797775,6.925557317713404,1.0354515367877672,6.6884417779689,0.2887761542966078,6.1385853696634465,23157,5882
PROMPTED (DKS PIE vs ASO EMAIL),APPAREL,Apr-Aug,2025->2026,43.24394351599948,45.722876259845854,2.478932743846368,60.030601836110165,55.051376900945336,-4.979224935164828,7.458157679011196,0.9068697163051633,8.224067410033033,0.304394687931541,8.11131534943681,23614,12165
PROMPTED (DKS PIE vs ASO EMAIL),APPAREL,Apr-Aug,2024->2026,39.26038500506586,45.722876259845854,6.462491254779995,62.972600642889944,55.051376900945336,-7.921223741944605,14.383714996724601,0.9309977199961282,15.449785415999104,0.5931708422281488,14.249900719100255,23614,12165
PROMPTED (DKS PIE vs ASO EMAIL),APPAREL,Apr-Aug,2023->2024,32.72888102609465,39.26038500506586,6.531503978971209,59.655287817938415,62.972600642889944,3.317312824951524,3.2141911540196855,0.9769223909536227,3.29011923954589,0.1441738754512602,3.057716272988198,11844,6533
PROMPTED (DKS PIE vs ASO EMAIL),APPAREL,Feb-Jul,2024->2025,37.813254130313716,43.62098849729502,5.807734366981309,58.088601294176215,58.32717600118221,0.2385747070060007,5.569159659975309,0.9360744489721752,5.9494836827245265,0.23111638421646924,6.120951512001927,19039,6767
PROMPTED (DKS PIE vs ASO EMAIL),APPAREL,Feb-Jul,2025->2026,43.62098849729502,44.53705381409676,0.9160653168017285,58.32717600118221,57.6632025022702,-0.6639734989120072,1.5800388157137357,0.8996000798897906,1.7563791411704912,0.06442118688791121,4.218142362989657,33114,9911
PROMPTED (DKS PIE vs ASO EMAIL),APPAREL,Feb-Jul,2024->2026,37.813254130313716,44.53705381409676,6.723799683783039,58.088601294176215,57.6632025022702,-0.4253987919060065,7.149198475689045,0.841894101460307,8.491802547717588,0.29553757110438045,10.339093874991583,33114,9911
PROMPTED (DKS PIE vs ASO EMAIL),APPAREL,Feb-Jul,2023->2024,33.14515505374681,37.813254130313716,4.668099076566906,58.616968288228456,58.088601294176215,-0.5283669940522429,5.196466070619149,0.8721287662665291,5.958370221939302,0.22588667656774047,3.0822381392036027,16161,10045
PROMPTED (DKS PIE vs ASO EMAIL),APPAREL,Q1 Feb-Apr,2024->2025,35.063915676160576,41.491146318732525,6.427230642571952,53.85723431498079,54.754440961337515,0.8972066463567185,5.530023996215233,1.4030163445915478,3.9415249990014605,0.2363754728833589,6.284539522609434,5365,2871
PROMPTED (DKS PIE vs ASO EMAIL),APPAREL,Q1 Feb-Apr,2025->2026,41.491146318732525,42.968615525847724,1.4774692071152007,54.754440961337515,52.93739967897271,-1.8170412823648063,3.294510489480007,1.5019295015249177,2.193518727833145,0.13368879781076137,3.093617069911947,17429,3115
PROMPTED (DKS PIE vs ASO EMAIL),APPAREL,Q1 Feb-Apr,2024->2026,35.063915676160576,42.968615525847724,7.904699849687153,53.85723431498079,52.93739967897271,-0.9198346360080878,8.82453448569524,1.2623248663224467,6.990700033822444,0.37006427069412023,9.37815659252138,17429,3115
PROMPTED (DKS PIE vs ASO EMAIL),APPAREL,Q1 Feb-Apr,2023->2024,32.46228029242495,35.063915676160576,2.601635383735623,54.114335210047635,53.85723431498079,-0.25710089506684186,2.858736278802465,1.2376507286342744,2.3098085854617723,0.12672636171931484,2.64530217339054,8918,6248
PROMPTED (DKS PIE vs ASO EMAIL),APPAREL,Q2 May-Jul,2024->2025,41.19839845367942,44.45663302618107,3.2582345725016615,65.05135633394785,60.95995893223819,-4.091397401709662,7.349631974211324,1.3132591028676668,5.596482794722287,0.30878775239877826,5.957363501394452,13674,3896
PROMPTED (DKS PIE vs ASO EMAIL),APPAREL,Q2 May-Jul,2025->2026,44.45663302618107,46.2798852406758,1.8232522144947305,60.95995893223819,59.829311359623304,-1.1306475726148846,2.953899787109615,1.1417469168367271,2.587175619701744,0.12084116022719169,5.342667656067373,15685,6796
PROMPTED (DKS PIE vs ASO EMAIL),APPAREL,Q2 May-Jul,2024->2026,41.19839845367942,46.2798852406758,5.081486786996392,65.05135633394785,59.829311359623304,-5.222044974324547,10.303531761320938,1.2022348320745435,8.570315454545137,0.4296289126259699,11.300031157461826,15685,6796
PROMPTED (DKS PIE vs ASO EMAIL),APPAREL,Q2 May-Jul,2023->2024,33.820362965241465,41.19839845367942,7.37803548843795,61.41626278944534,65.05135633394785,3.63509354450251,3.7429419439354406,1.2635149289260845,2.962325064981011,0.15908643285067708,3.5191741050166314,7243,3797
PROMPTED (DKS PIE vs ASO EMAIL),APPAREL,Aug,2024->2025,38.73330461008186,41.8208918146814,3.0875872045995454,64.96769562096195,56.99039487726788,-7.977300743694071,11.064887948293617,2.3610254432379882,4.686475522736792,0.4645665311682991,11.064887948293617,8051,937
PROMPTED (DKS PIE vs ASO EMAIL),APPAREL,Aug,2025->2026,41.8208918146814,45.651414600069856,3.8305227853884514,56.99039487726788,47.819394561313494,-9.171000315954386,13.001523101342837,2.103542071982243,6.1807763555168815,0.5244851728188992,13.001523101342837,2863,3898
PROMPTED (DKS PIE vs ASO EMAIL),APPAREL,Aug,2024->2026,38.73330461008186,45.651414600069856,6.918109989987997,64.96769562096195,47.819394561313494,-17.148301059648457,24.066411049636454,2.0403507117205364,11.795232511445215,0.9890517039871982,24.066411049636454,2863,3898
PROMPTED (DKS PIE vs ASO EMAIL),APPAREL,Aug,2023->2024,32.422402159244264,38.73330461008186,6.310902450837597,56.08108108108109,64.96769562096195,8.886614539880867,-2.5757120890432694,2.0561143472363574,-1.2527085823341042,-0.09727584914185777,-2.5757120890432694,2321,1393
PROMPTED (DKS PIE vs ASO EMAIL),APPAREL,Sep,2024->2025,41.412675374939525,42.24217615211937,0.8295007771798424,57.48502994011976,53.241379310344826,-4.2436506297749315,5.073151406954773,2.599824148329799,1.9513440592564348,0.20592275846629496,5.073151406954773,7573,725
PROMPTED (DKS PIE vs ASO EMAIL),APPAREL,Sep,2025->2026,42.24217615211937,38.297872340425535,-3.944303811693839,53.241379310344826,51.12540192926045,-2.1159773810843774,-1.8283264306094615,7.619126606296095,-0.23996535627831894,-0.07927083009268861,-1.8283264306094615,47,622
PROMPTED (DKS PIE vs ASO EMAIL),APPAREL,Sep,2024->2026,41.412675374939525,38.297872340425535,-3.1148030345139963,57.48502994011976,51.12540192926045,-6.359628010859309,3.2448249763453116,7.569561524185476,0.4286674949371618,0.12665192837360634,3.2448249763453116,47,622
PROMPTED (DKS PIE vs ASO EMAIL),APPAREL,Sep,2023->2024,31.662971175166298,41.412675374939525,9.749704199773229,56.01145038167938,57.48502994011976,1.4735795584403744,8.276124641332855,2.178608648993725,3.7988119826640294,0.3623309679741083,8.276124641332855,2067,1336
PROMPTED (DKS PIE vs ASO EMAIL),MENS,Apr-Aug,2024->2025,27.22780712216732,31.477377654662973,4.249570532495656,59.805045871559635,53.09795777085496,-6.707088100704672,10.956658633200329,1.4449842738043657,7.582545244145497,0.4784716380357985,9.580950121551096,10830,2889
PROMPTED (DKS PIE vs ASO EMAIL),MENS,Apr-Aug,2025->2026,31.477377654662973,34.06481481481482,2.5874371601518398,53.09795777085496,53.0060120240481,-0.09194574680686518,2.679382906958705,1.2981341464297815,2.0640262135679346,0.12117922215625986,5.065214553052449,10800,5988
PROMPTED (DKS PIE vs ASO EMAIL),MENS,Apr-Aug,2024->2026,27.22780712216732,34.06481481481482,6.837007692647496,59.805045871559635,53.0060120240481,-6.799033847511538,13.636041540159033,1.284815715415656,10.61322754426893,0.5996508601920584,14.646164674603545,10800,5988
PROMPTED (DKS PIE vs ASO EMAIL),MENS,Apr-Aug,2023->2024,21.592039800995025,27.22780712216732,5.6357673211722945,57.84636726200798,59.805045871559635,1.9586786095516562,3.677088711620638,1.3154374408777023,2.795335298626718,0.22562681299850512,3.48473006549706,5869,3488
PROMPTED (DKS PIE vs ASO EMAIL),MENS,Feb-Jul,2024->2025,26.3679718875502,31.71896316507503,5.35099127752483,54.271174118502366,50.28669724770643,-3.984476870795939,9.33546814832077,1.2875075277954828,7.250806652995106,0.4200089790401584,9.894421258465535,8796,3488
PROMPTED (DKS PIE vs ASO EMAIL),MENS,Feb-Jul,2025->2026,31.71896316507503,32.647138228941685,0.9281750638666542,50.28669724770643,55.61926605504587,5.3325688073394435,-4.40439374347279,1.258233477846684,-3.50045823849035,-0.1717269996495249,-1.2001506900048864,14816,5232
PROMPTED (DKS PIE vs ASO EMAIL),MENS,Feb-Jul,2024->2026,26.3679718875502,32.647138228941685,6.279166341391484,54.271174118502366,55.61926605504587,1.3480919365435051,4.93107440484798,1.1467066133242496,4.300205778488555,0.24828197939063348,8.694270568460649,14816,5232
PROMPTED (DKS PIE vs ASO EMAIL),MENS,Feb-Jul,2023->2024,21.73583762496213,26.3679718875502,4.632134262588069,55.126475548060704,54.271174118502366,-0.8553014295583417,5.487435692146411,1.1702791978545357,4.688997037806438,0.28871516748032044,2.5912812020242706,7968,5502
PROMPTED (DKS PIE vs ASO EMAIL),MENS,Q1 Feb-Apr,2024->2025,24.601156069364162,29.051987767584098,4.450831698219937,50.145687645687644,47.15608465608466,-2.989602989602985,7.440434687822922,1.9250643027674146,3.8650317691345566,0.34684507349328497,8.630543431366952,2289,1512
PROMPTED (DKS PIE vs ASO EMAIL),MENS,Q1 Feb-Apr,2025->2026,29.051987767584098,31.04716857180397,1.9951808042198704,47.15608465608466,50.806933652121934,3.6508489960372756,-1.6556681918174054,2.0793677856567414,-0.7962363383899804,-0.051214247530519064,-1.8727873911955628,7611,1673
PROMPTED (DKS PIE vs ASO EMAIL),MENS,Q1 Feb-Apr,2024->2026,24.601156069364162,31.04716857180397,6.446012502439808,50.145687645687644,50.806933652121934,0.6612460064342907,5.784766496005517,1.7124597931204386,3.3780451484145706,0.2956308259627659,6.757756040171389,7611,1673
PROMPTED (DKS PIE vs ASO EMAIL),MENS,Q1 Feb-Apr,2023->2024,22.795767874318692,24.601156069364162,1.805388195045468,49.376114081996434,50.145687645687644,0.769573563691206,1.035814631354262,1.6838882997172486,0.615132625797205,0.06909661644452794,0.1235182556258374,4325,3432
PROMPTED (DKS PIE vs ASO EMAIL),MENS,Q2 May-Jul,2024->2025,28.465550370573705,32.6571384662671,4.191588095693394,61.111111111111114,52.68218623481782,-8.428924876293298,12.620512971986692,1.8183953817241114,6.9404669077087915,0.5423456950751441,11.158299085564089,6507,1976
PROMPTED (DKS PIE vs ASO EMAIL),MENS,Q2 May-Jul,2025->2026,32.6571384662671,34.33726578764747,1.6801273213803702,52.68218623481782,57.88142736723799,5.199241132420173,-3.5191138110398033,1.6116585683904048,-2.1835355701638544,-0.13508410823656758,-0.5275139888141933,7205,3559
PROMPTED (DKS PIE vs ASO EMAIL),MENS,Q2 May-Jul,2024->2026,28.465550370573705,34.33726578764747,5.871715417073764,61.111111111111114,57.88142736723799,-3.229683743873124,9.101399160946889,1.6446779394603108,5.533848872523605,0.4072615868385765,10.630785096749895,7205,3559
PROMPTED (DKS PIE vs ASO EMAIL),MENS,Q2 May-Jul,2023->2024,20.786678151019235,28.465550370573705,7.67887221955447,58.62723819858926,61.111111111111114,2.483872912521856,5.194999307032614,1.6845888852003246,3.0838380525197664,0.3129391760986232,5.059044148422698,3643,2070
PROMPTED (DKS PIE vs ASO EMAIL),MENS,Aug,2024->2025,27.934485896269333,30.264578833693307,2.330092937423972,63.84976525821596,56.79012345679012,-7.059641801425842,9.389734738849814,3.474584959041295,2.7024047043134103,0.4085394030862353,9.389734738849814,3704,405
PROMPTED (DKS PIE vs ASO EMAIL),MENS,Aug,2025->2026,30.264578833693307,37.46177370030581,7.197194866612505,56.79012345679012,44.17910447761194,-12.61101897917818,19.808213845790686,3.145190911121319,6.297936883815007,0.8294631026157584,19.808213845790686,1308,1675
PROMPTED (DKS PIE vs ASO EMAIL),MENS,Aug,2024->2026,27.934485896269333,37.46177370030581,9.527287804036478,63.84976525821596,44.17910447761194,-19.67066078060402,29.1979485846405,2.950827749120186,9.894833269527883,1.2380025057019937,29.1979485846405,1308,1675
PROMPTED (DKS PIE vs ASO EMAIL),MENS,Aug,2023->2024,23.73612823674476,27.934485896269333,4.198357659524573,56.04229607250756,63.84976525821596,7.807469185708404,-3.6091115261838307,2.901831705167711,-1.2437356445436047,-0.10648327456895024,-3.6091115261838307,1099,639
PROMPTED (DKS PIE vs ASO EMAIL),MENS,Sep,2024->2025,31.779661016949152,31.504524886877828,-0.275136130071324,52.79503105590062,51.35135135135135,-1.4436797045492722,1.1685435744779482,3.778727526993032,0.3092426130570549,0.045130442756054115,1.1685435744779482,3536,333
PROMPTED (DKS PIE vs ASO EMAIL),MENS,Sep,2023->2024,20.790378006872853,31.779661016949152,10.989283010076297,49.96637525218561,52.79503105590062,2.828655803715013,8.160627206361285,3.0434353817641413,2.681386716885357,0.4604283396324369,8.160627206361285,944,644
PROMPTED (DKS PIE vs ASO EMAIL),WOMENS,Apr-Aug,2024->2025,58.14514360885771,60.98995082317725,2.8448072143195446,67.25565985643291,68.38671411625148,1.1310542598185647,1.71375295450098,1.8128023230882708,0.9453611862000754,0.06632525144862583,1.5227456293036012,9354,1686
PROMPTED (DKS PIE vs ASO EMAIL),WOMENS,Apr-Aug,2025->2026,60.98995082317725,60.960313571778535,-0.029637251398717535,68.38671411625148,58.3134684147795,-10.073245701471977,10.043608450073261,1.579298220255488,6.359538889652186,0.43470060332342136,10.191476879371086,10205,3356
PROMPTED (DKS PIE vs ASO EMAIL),WOMENS,Apr-Aug,2024->2026,58.14514360885771,60.960313571778535,2.815169962920827,67.25565985643291,58.3134684147795,-8.942191441653414,11.75736140457424,1.6453458460115458,7.145829816311905,0.5010258547720472,11.714222508674688,10205,3356
PROMPTED (DKS PIE vs ASO EMAIL),WOMENS,Apr-Aug,2023->2024,50.84954444718049,58.14514360885771,7.295599161677213,62.467122567069964,67.25565985643291,4.7885372893629485,2.5070618723142646,1.7267652240086682,1.4518834624745023,0.08440152877607005,2.0024117403660835,4561,1811
PROMPTED (DKS PIE vs ASO EMAIL),WOMENS,Feb-Jul,2024->2025,55.91069707677482,60.84450570103998,4.933808624265157,62.64855687606112,67.68079800498754,5.032241128926406,-0.09843250466124998,1.6062310531842612,-0.06128165961311305,-0.018729629093404088,0.498564833858417,7981,2005
PROMPTED (DKS PIE vs ASO EMAIL),WOMENS,Feb-Jul,2025->2026,60.84450570103998,60.17235436056533,-0.6721513404746471,67.68079800498754,61.275862068965516,-6.4049359360220155,5.732784595547368,1.5404292087104727,3.7215501777887017,0.25208905122919517,8.195348961086978,14505,2900
PROMPTED (DKS PIE vs ASO EMAIL),WOMENS,Feb-Jul,2024->2026,55.91069707677482,60.17235436056533,4.26165728379051,62.64855687606112,61.275862068965516,-1.372694807095609,5.634352090886119,1.474431655963058,3.821372166081117,0.23335942213579108,8.693913794945395,14505,2900
PROMPTED (DKS PIE vs ASO EMAIL),WOMENS,Feb-Jul,2023->2024,49.518652226233456,55.91069707677482,6.392044850541362,61.26373626373627,62.64855687606112,1.3848206123248552,5.007224238216507,1.5114725311317565,3.312811933450891,0.19803582305172912,2.7056555810023806,6226,2945
PROMPTED (DKS PIE vs ASO EMAIL),WOMENS,Q1 Feb-Apr,2024->2025,51.899852724595,58.263772954924875,6.363920230329878,57.92291220556746,64.41241685144125,6.489504645873789,-0.1255844155439112,2.365645022979708,-0.05308675406664698,-0.016119675930154176,0.22279439324612849,2396,902
PROMPTED (DKS PIE vs ASO EMAIL),WOMENS,Q1 Feb-Apr,2025->2026,58.263772954924875,58.760878036108586,0.497105081183713,64.41241685144125,56.00882028665931,-8.403596564781935,8.900701645965647,2.5666158032191957,3.467874558709519,0.3722675246023157,8.104735837720177,7699,907
PROMPTED (DKS PIE vs ASO EMAIL),WOMENS,Q1 Feb-Apr,2024->2026,51.899852724595,58.760878036108586,6.8610253115135915,57.92291220556746,56.00882028665931,-1.9140919189081451,8.775117230421737,2.2519589858152904,3.8966594354935937,0.3561478486721616,8.327530230966307,7699,907
PROMPTED (DKS PIE vs ASO EMAIL),WOMENS,Q1 Feb-Apr,2023->2024,45.83497828661666,51.899852724595,6.064874437978335,56.688311688311686,57.92291220556746,1.2346005172557684,4.830273920722567,2.1481368158865557,2.2485876527976494,0.19255438306035663,5.336262814522064,3395,1868
PROMPTED (DKS PIE vs ASO EMAIL),WOMENS,Q2 May-Jul,2024->2025,60.72059342988343,61.951656222023274,1.2310627921398476,70.84493964716806,70.35358114233907,-0.491358504828987,1.7224212969688346,2.2524017350224748,0.7647043021619979,0.07558695221116951,0.7743352744706944,5585,1103
PROMPTED (DKS PIE vs ASO EMAIL),WOMENS,Q2 May-Jul,2025->2026,61.951656222023274,61.769027328827505,-0.1826288931957687,70.35358114233907,63.67285499247366,-6.6807261498654125,6.498097256669643,1.9546289945911577,3.324465806376123,0.2952585601884326,8.285962084453779,6806,1993
PROMPTED (DKS PIE vs ASO EMAIL),WOMENS,Q2 May-Jul,2024->2026,60.72059342988343,61.769027328827505,1.048433898944079,70.84493964716806,63.67285499247366,-7.1720846546944,8.220518553638477,2.0658799102994916,3.979185098153525,0.3708455123996021,9.060297358924474,6806,1993
PROMPTED (DKS PIE vs ASO EMAIL),WOMENS,Q2 May-Jul,2023->2024,53.322462291072156,60.72059342988343,7.39813113881127,64.12337662337663,70.84493964716806,6.721563023791433,0.6765681150198377,2.169934629123445,0.31179193416215517,-0.004654067449317012,0.07504834748269795,2831,1077
PROMPTED (DKS PIE vs ASO EMAIL),WOMENS,Aug,2024->2025,57.609921082299884,60.349761526232115,2.739840443932229,67.02702702702703,57.57575757575758,-9.45126945126945,12.191109895201679,4.47898470738953,2.721846733499338,0.5173056385565706,12.191109895201679,3145,231
PROMPTED (DKS PIE vs ASO EMAIL),WOMENS,Aug,2025->2026,60.349761526232115,57.27198027937551,-3.0777812468566035,57.57575757575758,49.26931106471816,-8.306446511039416,5.228665264182814,3.994338283379359,1.309019139900982,0.20750785356133433,5.228665264182814,1217,958
PROMPTED (DKS PIE vs ASO EMAIL),WOMENS,Aug,2024->2026,57.609921082299884,57.27198027937551,-0.3379408029243747,67.02702702702703,49.26931106471816,-17.75771596230887,17.419775159384493,3.6532473455200276,4.768298861763724,0.724813492117905,17.419775159384493,1217,958
PROMPTED (DKS PIE vs ASO EMAIL),WOMENS,Aug,2023->2024,51.293103448275865,57.609921082299884,6.316817634024019,59.849435382685066,67.02702702702703,7.1775916443419625,-0.860774010317944,3.7991573777998506,-0.22656971657658237,-0.055167433922536036,-0.860774010317944,887,370
PROMPTED (DKS PIE vs ASO EMAIL),WOMENS,Sep,2024->2025,58.87290167865707,60.40245566166439,1.5295539830073146,65.60000000000001,55.55555555555556,-10.044444444444444,11.573998427451759,4.775026075328172,2.423860779997168,0.485924555712842,11.573998427451759,2932,189
PROMPTED (DKS PIE vs ASO EMAIL),WOMENS,Sep,2023->2024,50.713359273670555,58.87290167865707,8.159542404986519,65.74923547400611,65.60000000000001,-0.14923547400611525,8.308777878992634,3.802416300681572,2.185131038256729,0.33679739862552394,8.308777878992634,834,375
PROMPTED (DKS PIE vs ASO EMAIL),KIDS,Apr-Aug,2024->2025,28.28854314002829,30.272452068617557,1.9839089285892675,65.64019448946516,64.57536342769701,-1.0648310617681345,3.0487399903574017,2.392195357481953,1.2744527660845115,0.14271163985648083,1.7028569097630564,2973,1307
PROMPTED (DKS PIE vs ASO EMAIL),KIDS,Apr-Aug,2025->2026,30.272452068617557,34.38098888463013,4.10853681601257,64.57536342769701,55.5122297057781,-9.063133721918925,13.171670537931496,2.0494854957590825,6.42681812834836,0.567032069993437,13.033993238044333,2609,2821
PROMPTED (DKS PIE vs ASO EMAIL),KIDS,Apr-Aug,2024->2026,28.28854314002829,34.38098888463013,6.092445744601838,65.64019448946516,55.5122297057781,-10.12796478368706,16.220410528288898,2.2366316321186357,7.2521600317904,0.7097437098499177,14.73685014780739,2609,2821
PROMPTED (DKS PIE vs ASO EMAIL),KIDS,Apr-Aug,2023->2024,27.429983525535416,28.28854314002829,0.8585596144928709,59.54678976080571,65.64019448946516,6.093404728659446,-5.234845114166575,2.431648539833393,-2.152796766643442,-0.2179629109724402,-4.8594920635057495,1414,1234
PROMPTED (DKS PIE vs ASO EMAIL),KIDS,Feb-Jul,2024->2025,26.893746822572446,29.133510167992927,2.2397633454204815,62.828535669586984,65.62009419152275,2.7915585219357775,-0.5517951765152962,2.268160226003478,-0.24327874644357247,-0.010430233503578856,-1.737828825051707,2262,1274
PROMPTED (DKS PIE vs ASO EMAIL),KIDS,Feb-Jul,2025->2026,29.133510167992927,31.18903242815713,2.0555222601642056,65.62009419152275,57.78527262507026,-7.834821566452499,9.890343826616704,2.1495510965965257,4.601120597819936,0.43005689022597343,13.882073853832132,3793,1779
PROMPTED (DKS PIE vs ASO EMAIL),KIDS,Feb-Jul,2024->2026,26.893746822572446,31.18903242815713,4.295285605584686,62.828535669586984,57.78527262507026,-5.0432630445167215,9.338548650101409,2.0971515453070704,4.452967965523938,0.4196266567223946,12.144245028780427,3793,1779
PROMPTED (DKS PIE vs ASO EMAIL),KIDS,Feb-Jul,2023->2024,28.44378257632167,26.893746822572446,-1.5500357537492238,63.39962121212122,62.828535669586984,-0.5710855425342332,-0.9789502112149906,2.252824984317186,-0.43454339242056256,-0.05293498984425449,-1.8416137028066382,1967,1598
PROMPTED (DKS PIE vs ASO EMAIL),KIDS,Q1 Feb-Apr,2024->2025,25.125208681135224,24.264705882352942,-0.8605027987822839,59.28270042194092,60.83150984682714,1.5488094248862105,-2.4093122236684943,3.468830824740471,-0.6945603130843814,-0.11084665687425721,-2.049688328731489,680,457
PROMPTED (DKS PIE vs ASO EMAIL),KIDS,Q1 Feb-Apr,2025->2026,24.264705882352942,28.40962718263332,4.144921300280377,60.83150984682714,54.39252336448598,-6.438986482341158,10.583907782621536,3.6759872468069963,2.879201442228842,0.47806915869503586,12.067199791965969,2119,535
PROMPTED (DKS PIE vs ASO EMAIL),KIDS,Q1 Feb-Apr,2024->2026,25.125208681135224,28.40962718263332,3.2844185014980933,59.28270042194092,54.39252336448598,-4.890177057454947,8.17459555895304,3.116602114762315,2.6229192107111396,0.36722250182077865,10.017511463234479,2119,535
PROMPTED (DKS PIE vs ASO EMAIL),KIDS,Q1 Feb-Apr,2023->2024,27.670527670527672,25.125208681135224,-2.545318989392448,62.11031175059952,59.28270042194092,-2.827611328658597,0.28229233926614916,3.0844943549130432,0.09151981063492899,-0.012513227300181062,0.554461531763778,1198,948
PROMPTED (DKS PIE vs ASO EMAIL),KIDS,Q2 May-Jul,2024->2025,29.648894668400523,31.22629582806574,1.5774011596652204,68.0,68.29865361077111,0.29865361077110464,1.2787475488941158,3.1729656976908918,0.40301335429649215,0.06075364135868255,-1.425969321371906,1582,817
PROMPTED (DKS PIE vs ASO EMAIL),KIDS,Q2 May-Jul,2025->2026,31.22629582806574,34.707287933094385,3.4809921050286405,68.29865361077111,59.244372990353696,-9.05428062041741,12.53527272544605,2.702276120624187,4.638783072453226,0.5510841909869575,15.696947915698312,1674,1244
PROMPTED (DKS PIE vs ASO EMAIL),KIDS,Q2 May-Jul,2024->2026,29.648894668400523,34.707287933094385,5.058393264693861,68.0,59.244372990353696,-8.755627009646306,13.814020274340166,3.058555459196598,4.516517832888584,0.6118378323456402,14.270978594326406,1674,1244
PROMPTED (DKS PIE vs ASO EMAIL),KIDS,Q2 May-Jul,2023->2024,29.50530035335689,29.648894668400523,0.14359431504363251,64.24100156494522,68.0,3.7589984350547834,-3.615404120011151,3.3959436758042747,-1.0646242886095276,-0.16103812923708927,-4.237688937377087,769,650
PROMPTED (DKS PIE vs ASO EMAIL),KIDS,Aug,2024->2025,24.17910447761194,28.95174708818636,4.772642610574418,64.84375,56.810631229235874,-8.033118770764125,12.805761381338543,4.612151398185533,2.7765266739457988,0.5832054103112034,12.805761381338543,1202,301
PROMPTED (DKS PIE vs ASO EMAIL),KIDS,Aug,2025->2026,28.95174708818636,35.50295857988166,6.551211491695296,56.810631229235874,51.541501976284586,-5.269129252951288,11.820340744646584,4.314151653517377,2.739899218658511,0.5131748740636881,11.820340744646584,338,1265
PROMPTED (DKS PIE vs ASO EMAIL),KIDS,Aug,2024->2026,24.17910447761194,35.50295857988166,11.323854102269715,64.84375,51.541501976284586,-13.302248023715412,24.626102125985128,4.489785353332761,5.484917471100308,1.0963802843748915,24.626102125985128,338,1265
PROMPTED (DKS PIE vs ASO EMAIL),KIDS,Aug,2023->2024,24.154589371980677,24.17910447761194,0.0245151056312648,52.56257449344458,64.84375,12.28117550655542,-12.256660400924154,4.33660829852209,-2.826324066460235,-0.5082475602898058,-12.256660400924154,335,384
PROMPTED (DKS PIE vs ASO EMAIL),KIDS,Sep,2024->2025,22.491349480968857,28.41628959276018,5.924940111791321,57.413249211356465,54.187192118226605,-3.2260570931298638,9.150997204921186,5.27398516773065,1.7351200115071197,0.44420483609920763,9.150997204921186,1105,203
PROMPTED (DKS PIE vs ASO EMAIL),KIDS,Sep,2023->2024,25.3125,22.491349480968857,-2.82115051903114,55.17751479289941,57.413249211356465,2.2357344184570582,-5.056884937488198,4.828211902474365,-1.0473618473324757,-0.24613067920425039,-5.056884937488198,289,317
PROMPTED2 (DKS PIE vs ASO EMAIL+SMS),APPAREL,Apr-Aug,2024->2025,39.26038500506586,43.24394351599948,3.983558510933627,62.972600642889944,55.77478168731046,-7.197818955579482,11.181377466513108,0.8685420969672807,12.873731170377951,0.4634898519841381,9.640703591289828,23157,27369
PROMPTED2 (DKS PIE vs ASO EMAIL+SMS),APPAREL,Apr-Aug,2025->2026,43.24394351599948,45.722876259845854,2.478932743846368,55.77478168731046,54.750402576489535,-1.0243791108209277,3.503311854667296,0.6332011918348224,5.5326994008267345,0.14183678803375957,4.6778565717491505,23614,24840
PROMPTED2 (DKS PIE vs ASO EMAIL+SMS),APPAREL,Apr-Aug,2024->2026,39.26038500506586,45.722876259845854,6.462491254779995,62.972600642889944,54.750402576489535,-8.22219806640041,14.684689321180405,0.8735458387854923,16.81043932576774,0.6053266400178977,14.31856016303898,23614,24840
PROMPTED2 (DKS PIE vs ASO EMAIL+SMS),APPAREL,Apr-Aug,2023->2024,32.72888102609465,39.26038500506586,6.531503978971209,59.655287817938415,62.972600642889944,3.317312824951524,3.2141911540196855,0.9769223909536227,3.29011923954589,0.1441738754512602,3.057716272988198,11844,6533
PROMPTED2 (DKS PIE vs ASO EMAIL+SMS),APPAREL,Feb-Jul,2024->2025,37.813254130313716,43.62098849729502,5.807734366981309,58.088601294176215,58.27452765763715,0.18592636346094205,5.621808003520368,0.7923022216163983,7.0955348226225565,0.2332820063132539,7.417633354520237,19039,21965
PROMPTED2 (DKS PIE vs ASO EMAIL+SMS),APPAREL,Feb-Jul,2025->2026,43.62098849729502,44.53705381409676,0.9160653168017285,58.27452765763715,54.68209630220804,-3.5924313554291154,4.508496672230844,0.6299784035027527,7.156589253160238,0.18338400226693766,3.7418544925027,33114,30072
PROMPTED2 (DKS PIE vs ASO EMAIL+SMS),APPAREL,Feb-Jul,2024->2026,37.813254130313716,44.53705381409676,6.723799683783039,58.088601294176215,54.68209630220804,-3.4065049919681734,10.130304675751212,0.7381535929981632,13.723843888105845,0.41666600858019154,11.159487847022936,33114,30072
PROMPTED2 (DKS PIE vs ASO EMAIL+SMS),APPAREL,Feb-Jul,2023->2024,33.14515505374681,37.813254130313716,4.668099076566906,58.616968288228456,58.088601294176215,-0.5283669940522429,5.196466070619149,0.8721287662665291,5.958370221939302,0.22588667656774047,3.0822381392036027,16161,10045
PROMPTED2 (DKS PIE vs ASO EMAIL+SMS),APPAREL,Q1 Feb-Apr,2024->2025,35.063915676160576,41.491146318732525,6.427230642571952,53.85723431498079,54.754440961337515,0.8972066463567185,5.530023996215233,1.4030163445915478,3.9415249990014605,0.2363754728833589,6.284539522609434,5365,2871
PROMPTED2 (DKS PIE vs ASO EMAIL+SMS),APPAREL,Q1 Feb-Apr,2025->2026,41.491146318732525,42.968615525847724,1.4774692071152007,54.754440961337515,50.868928639633324,-3.8855123217041876,5.362981528819388,1.270862034184269,4.219955734425364,0.21655959264686472,5.04610973286439,17429,15709
PROMPTED2 (DKS PIE vs ASO EMAIL+SMS),APPAREL,Q1 Feb-Apr,2024->2026,35.063915676160576,42.968615525847724,7.904699849687153,53.85723431498079,50.868928639633324,-2.988305675347469,10.89300552503462,0.976095359335384,11.159775959237821,0.4529350655302236,11.330649255473823,17429,15709
PROMPTED2 (DKS PIE vs ASO EMAIL+SMS),APPAREL,Q1 Feb-Apr,2023->2024,32.46228029242495,35.063915676160576,2.601635383735623,54.114335210047635,53.85723431498079,-0.25710089506684186,2.858736278802465,1.2376507286342744,2.3098085854617723,0.12672636171931484,2.64530217339054,8918,6248
PROMPTED2 (DKS PIE vs ASO EMAIL+SMS),APPAREL,Q2 May-Jul,2024->2025,41.19839845367942,44.45663302618107,3.2582345725016615,65.05135633394785,58.803812716036454,-6.2475436179114,9.50577819041306,1.1138534185126057,8.534137465867536,0.39855619211820864,8.550727186431061,13674,19094
PROMPTED2 (DKS PIE vs ASO EMAIL+SMS),APPAREL,Q2 May-Jul,2025->2026,44.45663302618107,46.2798852406758,1.8232522144947305,58.803812716036454,58.85260739399847,0.04879467796201631,1.7744575365327142,0.7965934349545286,2.227557319291747,0.07155524998826387,2.4375992521410152,15685,14363
PROMPTED2 (DKS PIE vs ASO EMAIL+SMS),APPAREL,Q2 May-Jul,2024->2026,41.19839845367942,46.2798852406758,5.081486786996392,65.05135633394785,58.85260739399847,-6.198748939949383,11.280235726945776,1.1226413956791188,10.047942085835903,0.4701114421064725,10.988326438572077,15685,14363
PROMPTED2 (DKS PIE vs ASO EMAIL+SMS),APPAREL,Q2 May-Jul,2023->2024,33.820362965241465,41.19839845367942,7.37803548843795,61.41626278944534,65.05135633394785,3.63509354450251,3.7429419439354406,1.2635149289260845,2.962325064981011,0.15908643285067708,3.5191741050166314,7243,3797
PROMPTED2 (DKS PIE vs ASO EMAIL+SMS),APPAREL,Aug,2024->2025,38.73330461008186,41.8208918146814,3.0875872045995454,64.96769562096195,47.25989482424578,-17.70780079671617,20.795388001315718,1.8175358219032929,11.441528552399664,0.855739937050781,20.795388001315718,8051,7226
PROMPTED2 (DKS PIE vs ASO EMAIL+SMS),APPAREL,Aug,2025->2026,41.8208918146814,45.651414600069856,3.8305227853884514,47.25989482424578,45.61371841155235,-1.6461764126934342,5.476699198081886,1.400550107918087,3.910391471978807,0.22193561731555556,5.476699198081886,2863,5540
PROMPTED2 (DKS PIE vs ASO EMAIL+SMS),APPAREL,Aug,2024->2026,38.73330461008186,45.651414600069856,6.918109989987997,64.96769562096195,45.61371841155235,-19.353977209409607,26.272087199397603,1.9926582905064227,13.184441770355269,1.0776755543663366,26.272087199397603,2863,5540
PROMPTED2 (DKS PIE vs ASO EMAIL+SMS),APPAREL,Aug,2023->2024,32.422402159244264,38.73330461008186,6.310902450837597,56.08108108108109,64.96769562096195,8.886614539880867,-2.5757120890432694,2.0561143472363574,-1.2527085823341042,-0.09727584914185777,-2.5757120890432694,2321,1393
PROMPTED2 (DKS PIE vs ASO EMAIL+SMS),APPAREL,Sep,2024->2025,41.412675374939525,42.24217615211937,0.8295007771798424,57.48502994011976,51.18952151831061,-6.295508421809148,7.125009198988991,1.9982977266538886,3.5655393608036987,0.28817018009084316,7.125009198988991,7573,3741
PROMPTED2 (DKS PIE vs ASO EMAIL+SMS),APPAREL,Sep,2025->2026,42.24217615211937,38.297872340425535,-3.944303811693839,51.18952151831061,46.59930628864425,-4.590215229666361,0.6459114179725223,7.186321386102315,0.0898806751423135,0.01974351187683082,0.6459114179725223,47,6631
PROMPTED2 (DKS PIE vs ASO EMAIL+SMS),APPAREL,Sep,2024->2026,41.412675374939525,38.297872340425535,-3.1148030345139963,57.48502994011976,46.59930628864425,-10.885723651475509,7.770920616961513,7.325044592894998,1.0608700764086811,0.307913691967674,7.770920616961513,47,6631
PROMPTED2 (DKS PIE vs ASO EMAIL+SMS),APPAREL,Sep,2023->2024,31.662971175166298,41.412675374939525,9.749704199773229,56.01145038167938,57.48502994011976,1.4735795584403744,8.276124641332855,2.178608648993725,3.7988119826640294,0.3623309679741083,8.276124641332855,2067,1336
PROMPTED2 (DKS PIE vs ASO EMAIL+SMS),MENS,Apr-Aug,2024->2025,27.22780712216732,31.477377654662973,4.249570532495656,59.805045871559635,51.22905027932961,-8.575995592230024,12.825566124725679,1.1938805809236204,10.742754618559465,0.5533769702323357,12.170678299210874,10830,12530
PROMPTED2 (DKS PIE vs ASO EMAIL+SMS),MENS,Apr-Aug,2025->2026,31.477377654662973,34.06481481481482,2.5874371601518398,51.22905027932961,51.632549484012856,0.4034992046832442,2.1839379554685956,0.904309467509303,2.4150338285008925,0.10133435328970702,2.9356464975777428,10800,11822
PROMPTED2 (DKS PIE vs ASO EMAIL+SMS),MENS,Apr-Aug,2024->2026,27.22780712216732,34.06481481481482,6.837007692647496,59.805045871559635,51.632549484012856,-8.17249638754678,15.009504080194274,1.2024988496936015,12.48192801516502,0.6547113235220426,15.106324796788616,10800,11822
PROMPTED2 (DKS PIE vs ASO EMAIL+SMS),MENS,Apr-Aug,2023->2024,21.592039800995025,27.22780712216732,5.6357673211722945,57.84636726200798,59.805045871559635,1.9586786095516562,3.677088711620638,1.3154374408777023,2.795335298626718,0.22562681299850512,3.48473006549706,5869,3488
PROMPTED2 (DKS PIE vs ASO EMAIL+SMS),MENS,Feb-Jul,2024->2025,26.3679718875502,31.71896316507503,5.35099127752483,54.271174118502366,52.32262319796476,-1.9485509205376061,7.299542198062436,1.0844389991986179,6.731169022376247,0.3385051556717039,10.096351500245577,8796,10613
PROMPTED2 (DKS PIE vs ASO EMAIL+SMS),MENS,Feb-Jul,2025->2026,31.71896316507503,32.647138228941685,0.9281750638666542,52.32262319796476,52.13796842176595,-0.18465477619881154,1.1128298400654657,0.8937514342883667,1.2451222984067558,0.049930107723312606,-0.5002916938681767,14816,14757
PROMPTED2 (DKS PIE vs ASO EMAIL+SMS),MENS,Feb-Jul,2024->2026,26.3679718875502,32.647138228941685,6.279166341391484,54.271174118502366,52.13796842176595,-2.1332056967364177,8.412372038127902,1.0061033195984683,8.361340107182277,0.38843526339501655,9.596059806377399,14816,14757
PROMPTED2 (DKS PIE vs ASO EMAIL+SMS),MENS,Feb-Jul,2023->2024,21.73583762496213,26.3679718875502,4.632134262588069,55.126475548060704,54.271174118502366,-0.8553014295583417,5.487435692146411,1.1702791978545357,4.688997037806438,0.28871516748032044,2.5912812020242706,7968,5502
PROMPTED2 (DKS PIE vs ASO EMAIL+SMS),MENS,Q1 Feb-Apr,2024->2025,24.601156069364162,29.051987767584098,4.450831698219937,50.145687645687644,47.15608465608466,-2.989602989602985,7.440434687822922,1.9250643027674146,3.8650317691345566,0.34684507349328497,8.630543431366952,2289,1512
PROMPTED2 (DKS PIE vs ASO EMAIL+SMS),MENS,Q1 Feb-Apr,2025->2026,29.051987767584098,31.04716857180397,1.9951808042198704,47.15608465608466,49.441848390446516,2.285763734361862,-0.29058293014199155,1.7760361280330932,-0.16361318644109085,0.003392893103017769,-0.5734658480466892,7611,7704
PROMPTED2 (DKS PIE vs ASO EMAIL+SMS),MENS,Q1 Feb-Apr,2024->2026,24.601156069364162,31.04716857180397,6.446012502439808,50.145687645687644,49.441848390446516,-0.7038392552411232,7.14985175768093,1.327799865606958,5.3847360154782224,0.35023796659630274,8.057077583320263,7611,7704
PROMPTED2 (DKS PIE vs ASO EMAIL+SMS),MENS,Q1 Feb-Apr,2023->2024,22.795767874318692,24.601156069364162,1.805388195045468,49.376114081996434,50.145687645687644,0.769573563691206,1.035814631354262,1.6838882997172486,0.615132625797205,0.06909661644452794,0.1235182556258374,4325,3432
PROMPTED2 (DKS PIE vs ASO EMAIL+SMS),MENS,Q2 May-Jul,2024->2025,28.465550370573705,32.6571384662671,4.191588095693394,61.111111111111114,53.18096912427206,-7.930141986839057,12.12173008253245,1.5226961643748844,7.960701790766517,0.5223253881906607,11.56215956912418,6507,9101
PROMPTED2 (DKS PIE vs ASO EMAIL+SMS),MENS,Q2 May-Jul,2025->2026,32.6571384662671,34.33726578764747,1.6801273213803702,53.18096912427206,55.08294342832837,1.9019743040563086,-0.2218469826759384,1.1292874200476863,-0.1964486442845263,-0.0011785475384860633,-0.42711753968965316,7205,7053
PROMPTED2 (DKS PIE vs ASO EMAIL+SMS),MENS,Q2 May-Jul,2024->2026,28.465550370573705,34.33726578764747,5.871715417073764,61.111111111111114,55.08294342832837,-6.0281676827827475,11.899883099856511,1.5397306309328127,7.728548657012314,0.5211468406521745,11.135042029434528,7205,7053
PROMPTED2 (DKS PIE vs ASO EMAIL+SMS),MENS,Q2 May-Jul,2023->2024,20.786678151019235,28.465550370573705,7.67887221955447,58.62723819858926,61.111111111111114,2.483872912521856,5.194999307032614,1.6845888852003246,3.0838380525197664,0.3129391760986232,5.059044148422698,3643,2070
PROMPTED2 (DKS PIE vs ASO EMAIL+SMS),MENS,Aug,2024->2025,27.934485896269333,30.264578833693307,2.330092937423972,63.84976525821596,45.053064019171515,-18.796701239044445,21.126794176468415,2.619396079082439,8.065521035623227,0.8803596617647702,21.126794176468415,3704,2921
PROMPTED2 (DKS PIE vs ASO EMAIL+SMS),MENS,Aug,2025->2026,30.264578833693307,37.46177370030581,7.197194866612505,45.053064019171515,42.45243128964059,-2.6006327295309273,9.797827596143433,2.0594678253645213,4.757456016293548,0.42797420324654356,9.797827596143433,1308,2365
PROMPTED2 (DKS PIE vs ASO EMAIL+SMS),MENS,Aug,2024->2026,27.934485896269333,37.46177370030581,9.527287804036478,63.84976525821596,42.45243128964059,-21.39733396857537,30.92462177261185,2.87542537370956,10.754798943961559,1.3083338650113139,30.92462177261185,1308,2365
PROMPTED2 (DKS PIE vs ASO EMAIL+SMS),MENS,Aug,2023->2024,23.73612823674476,27.934485896269333,4.198357659524573,56.04229607250756,63.84976525821596,7.807469185708404,-3.6091115261838307,2.901831705167711,-1.2437356445436047,-0.10648327456895024,-3.6091115261838307,1099,639
PROMPTED2 (DKS PIE vs ASO EMAIL+SMS),MENS,Sep,2024->2025,31.779661016949152,31.504524886877828,-0.275136130071324,52.79503105590062,48.202710665880964,-4.592320390019655,4.317184259948331,2.8719405676866385,1.5032289694719703,0.1711202251087597,4.317184259948331,3536,1697
PROMPTED2 (DKS PIE vs ASO EMAIL+SMS),MENS,Sep,2023->2024,20.790378006872853,31.779661016949152,10.989283010076297,49.96637525218561,52.79503105590062,2.828655803715013,8.160627206361285,3.0434353817641413,2.681386716885357,0.4604283396324369,8.160627206361285,944,644
PROMPTED2 (DKS PIE vs ASO EMAIL+SMS),WOMENS,Apr-Aug,2024->2025,58.14514360885771,60.98995082317725,2.8448072143195446,67.25565985643291,61.05598866052445,-6.199671195908463,9.044478410228008,1.5115654172608013,5.983517687655259,0.3882600654275317,6.692176720614773,9354,8466
PROMPTED2 (DKS PIE vs ASO EMAIL+SMS),WOMENS,Apr-Aug,2025->2026,60.98995082317725,60.960313571778535,-0.029637251398717535,61.05598866052445,58.83346323720446,-2.2225254233199876,2.19288817192127,1.0406937721782927,2.107140669566323,0.09133569820981768,5.09986106337924,10205,7698
PROMPTED2 (DKS PIE vs ASO EMAIL+SMS),WOMENS,Apr-Aug,2024->2026,58.14514360885771,60.960313571778535,2.815169962920827,67.25565985643291,58.83346323720446,-8.422196619228451,11.237366582149278,1.5157327811561614,7.413817740075336,0.4795957636373494,11.792037783994013,10205,7698
PROMPTED2 (DKS PIE vs ASO EMAIL+SMS),WOMENS,Apr-Aug,2023->2024,50.84954444718049,58.14514360885771,7.295599161677213,62.467122567069964,67.25565985643291,4.7885372893629485,2.5070618723142646,1.7267652240086682,1.4518834624745023,0.08440152877607005,2.0024117403660835,4561,1811
PROMPTED2 (DKS PIE vs ASO EMAIL+SMS),WOMENS,Feb-Jul,2024->2025,55.91069707677482,60.84450570103998,4.933808624265157,62.64855687606112,63.72199229342086,1.073435417359736,3.860373206905421,1.3486752226888044,2.8623445748555656,0.1570932928279904,3.846601862440102,7981,7007
PROMPTED2 (DKS PIE vs ASO EMAIL+SMS),WOMENS,Feb-Jul,2025->2026,60.84450570103998,60.17235436056533,-0.6721513404746471,63.72199229342086,57.450881612090676,-6.271110681330184,5.5989593408555365,1.0197738089081414,5.490393351884835,0.2349177881853351,7.081533602901091,14505,9925
PROMPTED2 (DKS PIE vs ASO EMAIL+SMS),WOMENS,Feb-Jul,2024->2026,55.91069707677482,60.17235436056533,4.26165728379051,62.64855687606112,57.450881612090676,-5.1976752639704475,9.459332547760956,1.2657087035773018,7.473546259914171,0.3920110810133255,10.928135465341192,14505,9925
PROMPTED2 (DKS PIE vs ASO EMAIL+SMS),WOMENS,Feb-Jul,2023->2024,49.518652226233456,55.91069707677482,6.392044850541362,61.26373626373627,62.64855687606112,1.3848206123248552,5.007224238216507,1.5114725311317565,3.312811933450891,0.19803582305172912,2.7056555810023806,6226,2945
PROMPTED2 (DKS PIE vs ASO EMAIL+SMS),WOMENS,Q1 Feb-Apr,2024->2025,51.899852724595,58.263772954924875,6.363920230329878,57.92291220556746,64.41241685144125,6.489504645873789,-0.1255844155439112,2.365645022979708,-0.05308675406664698,-0.016119675930154176,0.22279439324612849,2396,902
PROMPTED2 (DKS PIE vs ASO EMAIL+SMS),WOMENS,Q1 Feb-Apr,2025->2026,58.263772954924875,58.760878036108586,0.497105081183713,64.41241685144125,51.21759622937942,-13.194820622061831,13.691925703245545,2.088458819993905,6.555995058253292,0.5650740752977599,13.385214294671922,7699,5092
PROMPTED2 (DKS PIE vs ASO EMAIL+SMS),WOMENS,Q1 Feb-Apr,2024->2026,51.899852724595,58.760878036108586,6.8610253115135915,57.92291220556746,51.21759622937942,-6.705315976188042,13.566341287701633,1.6868499741441292,8.042411296585458,0.5489543993676058,13.60800868791805,7699,5092
PROMPTED2 (DKS PIE vs ASO EMAIL+SMS),WOMENS,Q1 Feb-Apr,2023->2024,45.83497828661666,51.899852724595,6.064874437978335,56.688311688311686,57.92291220556746,1.2346005172557684,4.830273920722567,2.1481368158865557,2.2485876527976494,0.19255438306035663,5.336262814522064,3395,1868
PROMPTED2 (DKS PIE vs ASO EMAIL+SMS),WOMENS,Q2 May-Jul,2024->2025,60.72059342988343,61.951656222023274,1.2310627921398476,70.84493964716806,63.61998361998362,-7.224956027184437,8.456018819324285,1.887184627773884,4.480758636370927,0.38087129598034675,7.470409331634076,5585,6105
PROMPTED2 (DKS PIE vs ASO EMAIL+SMS),WOMENS,Q2 May-Jul,2025->2026,61.951656222023274,61.769027328827505,-0.1826288931957687,63.61998361998362,64.01820815228636,0.3982245323027378,-0.5808534254985065,1.2746588354042596,-0.455693248550141,-0.024987225030801474,0.777852911130239,6806,4833
PROMPTED2 (DKS PIE vs ASO EMAIL+SMS),WOMENS,Q2 May-Jul,2024->2026,60.72059342988343,61.769027328827505,1.048433898944079,70.84493964716806,64.01820815228636,-6.826731494881699,7.875165393825778,1.8931160029387895,4.159895844523379,0.3558840709495453,8.248262242764316,6806,4833
PROMPTED2 (DKS PIE vs ASO EMAIL+SMS),WOMENS,Q2 May-Jul,2023->2024,53.322462291072156,60.72059342988343,7.39813113881127,64.12337662337663,70.84493964716806,6.721563023791433,0.6765681150198377,2.169934629123445,0.31179193416215517,-0.004654067449317012,0.07504834748269795,2831,1077
PROMPTED2 (DKS PIE vs ASO EMAIL+SMS),WOMENS,Aug,2024->2025,57.609921082299884,60.349761526232115,2.739840443932229,67.02702702702703,51.81682429069189,-15.210202736335143,17.95004318026737,3.2756680258669233,5.479811457852722,0.7499823067693607,17.95004318026737,3145,2009
PROMPTED2 (DKS PIE vs ASO EMAIL+SMS),WOMENS,Aug,2025->2026,60.349761526232115,57.27198027937551,-3.0777812468566035,51.81682429069189,47.00149925037481,-4.8153250403170755,1.737543793460472,2.4252241927956013,0.7164466685686377,0.06568567229725791,1.737543793460472,1217,1334
PROMPTED2 (DKS PIE vs ASO EMAIL+SMS),WOMENS,Aug,2024->2026,57.609921082299884,57.27198027937551,-0.3379408029243747,67.02702702702703,47.00149925037481,-20.02552777665222,19.687586973727843,3.550280724695247,5.545360634944666,0.8156679790666188,19.687586973727843,1217,1334
PROMPTED2 (DKS PIE vs ASO EMAIL+SMS),WOMENS,Aug,2023->2024,51.293103448275865,57.609921082299884,6.316817634024019,59.849435382685066,67.02702702702703,7.1775916443419625,-0.860774010317944,3.7991573777998506,-0.22656971657658237,-0.055167433922536036,-0.860774010317944,887,370
PROMPTED2 (DKS PIE vs ASO EMAIL+SMS),WOMENS,Sep,2024->2025,58.87290167865707,60.40245566166439,1.5295539830073146,65.60000000000001,54.21577515865821,-11.384224841341794,12.913778824349109,3.4622385965358347,3.7298928032487635,0.5400357823517798,12.913778824349109,2932,1103
PROMPTED2 (DKS PIE vs ASO EMAIL+SMS),WOMENS,Sep,2023->2024,50.713359273670555,58.87290167865707,8.159542404986519,65.74923547400611,65.60000000000001,-0.14923547400611525,8.308777878992634,3.802416300681572,2.185131038256729,0.33679739862552394,8.308777878992634,834,375
PROMPTED2 (DKS PIE vs ASO EMAIL+SMS),KIDS,Apr-Aug,2024->2025,28.28854314002829,30.272452068617557,1.9839089285892675,65.64019448946516,57.696532245410324,-7.943662244054828,9.927571172644095,2.086946902664227,4.75698311249338,0.4328090710971296,6.495995372000535,2973,6373
PROMPTED2 (DKS PIE vs ASO EMAIL+SMS),KIDS,Apr-Aug,2025->2026,30.272452068617557,34.38098888463013,4.10853681601257,57.696532245410324,55.77067669172933,-1.9258555536809996,6.0343923696935695,1.5560736320963624,3.877960685937438,0.2664634321741928,7.97387755391365,2609,5320
PROMPTED2 (DKS PIE vs ASO EMAIL+SMS),KIDS,Apr-Aug,2024->2026,28.28854314002829,34.38098888463013,6.092445744601838,65.64019448946516,55.77067669172933,-9.869517797735828,15.961963542337665,2.1426027776493677,7.449800639131724,0.6992725032713225,14.469872925914185,2609,5320
PROMPTED2 (DKS PIE vs ASO EMAIL+SMS),KIDS,Apr-Aug,2023->2024,27.429983525535416,28.28854314002829,0.8585596144928709,59.54678976080571,65.64019448946516,6.093404728659446,-5.234845114166575,2.431648539833393,-2.152796766643442,-0.2179629109724402,-4.8594920635057495,1414,1234
PROMPTED2 (DKS PIE vs ASO EMAIL+SMS),KIDS,Feb-Jul,2024->2025,26.893746822572446,29.133510167992927,2.2397633454204815,62.828535669586984,64.02761795166857,1.1990822820815983,1.040681063338883,1.9758104081301502,0.5267109936543727,0.05941642714276507,0.4680379174105964,2262,4345
PROMPTED2 (DKS PIE vs ASO EMAIL+SMS),KIDS,Feb-Jul,2025->2026,29.133510167992927,31.18903242815713,2.0555222601642056,64.02761795166857,56.54916512059369,-7.478452831074889,9.533975091239094,1.5698714111857235,6.073093008323584,0.4106946511817308,10.698727144500408,3793,5390
PROMPTED2 (DKS PIE vs ASO EMAIL+SMS),KIDS,Feb-Jul,2024->2026,26.893746822572446,31.18903242815713,4.295285605584686,62.828535669586984,56.54916512059369,-6.27937054899329,10.574656154577976,1.8661980004038914,5.666417042719669,0.4701110783244959,11.166765061911004,3793,5390
PROMPTED2 (DKS PIE vs ASO EMAIL+SMS),KIDS,Feb-Jul,2023->2024,28.44378257632167,26.893746822572446,-1.5500357537492238,63.39962121212122,62.828535669586984,-0.5710855425342332,-0.9789502112149906,2.252824984317186,-0.43454339242056256,-0.05293498984425449,-1.8416137028066382,1967,1598
PROMPTED2 (DKS PIE vs ASO EMAIL+SMS),KIDS,Q1 Feb-Apr,2024->2025,25.125208681135224,24.264705882352942,-0.8605027987822839,59.28270042194092,60.83150984682714,1.5488094248862105,-2.4093122236684943,3.468830824740471,-0.6945603130843814,-0.11084665687425721,-2.049688328731489,680,457
PROMPTED2 (DKS PIE vs ASO EMAIL+SMS),KIDS,Q1 Feb-Apr,2025->2026,24.264705882352942,28.40962718263332,4.144921300280377,60.83150984682714,54.03364229316856,-6.797867553658577,10.942788853938954,3.1190840718307693,3.508334049975127,0.4925271172871502,10.564612348978445,2119,2913
PROMPTED2 (DKS PIE vs ASO EMAIL+SMS),KIDS,Q1 Feb-Apr,2024->2026,25.125208681135224,28.40962718263332,3.2844185014980933,59.28270042194092,54.03364229316856,-5.249058128772366,8.533476630270458,2.4349562522151533,3.5045708203206107,0.381680460412893,8.514924020246955,2119,2913
PROMPTED2 (DKS PIE vs ASO EMAIL+SMS),KIDS,Q1 Feb-Apr,2023->2024,27.670527670527672,25.125208681135224,-2.545318989392448,62.11031175059952,59.28270042194092,-2.827611328658597,0.28229233926614916,3.0844943549130432,0.09151981063492899,-0.012513227300181062,0.554461531763778,1198,948
PROMPTED2 (DKS PIE vs ASO EMAIL+SMS),KIDS,Q2 May-Jul,2024->2025,29.648894668400523,31.22629582806574,1.5774011596652204,68.0,64.40329218106996,-3.596707818930045,5.174108978595266,2.8297038641008982,1.828498396682676,0.23537294599808134,2.98576416355269,1582,3888
PROMPTED2 (DKS PIE vs ASO EMAIL+SMS),KIDS,Q2 May-Jul,2025->2026,31.22629582806574,34.707287933094385,3.4809921050286405,64.40329218106996,59.5074687121518,-4.8958234689181594,8.3768155739468,2.0672812988590663,4.052092755141726,0.36555749015836575,10.832841940022387,1674,2477
PROMPTED2 (DKS PIE vs ASO EMAIL+SMS),KIDS,Q2 May-Jul,2024->2026,29.648894668400523,34.707287933094385,5.058393264693861,68.0,59.5074687121518,-8.492531287848204,13.550924552542066,2.8959635000658293,4.679245630075805,0.6009304361564471,13.818606103575076,1674,2477
PROMPTED2 (DKS PIE vs ASO EMAIL+SMS),KIDS,Q2 May-Jul,2023->2024,29.50530035335689,29.648894668400523,0.14359431504363251,64.24100156494522,68.0,3.7589984350547834,-3.615404120011151,3.3959436758042747,-1.0646242886095276,-0.16103812923708927,-4.237688937377087,769,650
PROMPTED2 (DKS PIE vs ASO EMAIL+SMS),KIDS,Aug,2024->2025,24.17910447761194,28.95174708818636,4.772642610574418,64.84375,46.0801393728223,-18.7636106271777,23.53625323775212,3.7686274202009478,6.245311784229691,1.0144513571845775,23.53625323775212,1202,2296
PROMPTED2 (DKS PIE vs ASO EMAIL+SMS),KIDS,Aug,2025->2026,28.95174708818636,35.50295857988166,6.551211491695296,46.0801393728223,48.669201520912544,2.5890621480902487,3.962149343605048,3.3053148260986576,1.1987207125687533,0.19685306769956812,3.962149343605048,338,1841
PROMPTED2 (DKS PIE vs ASO EMAIL+SMS),KIDS,Aug,2024->2026,24.17910447761194,35.50295857988166,11.323854102269715,64.84375,48.669201520912544,-16.174548479087452,27.49840258135717,4.420493413248862,6.220663625228002,1.2113044248841456,27.49840258135717,338,1841
PROMPTED2 (DKS PIE vs ASO EMAIL+SMS),KIDS,Aug,2023->2024,24.154589371980677,24.17910447761194,0.0245151056312648,52.56257449344458,64.84375,12.28117550655542,-12.256660400924154,4.33660829852209,-2.826324066460235,-0.5082475602898058,-12.256660400924154,335,384
PROMPTED2 (DKS PIE vs ASO EMAIL+SMS),KIDS,Sep,2024->2025,22.491349480968857,28.41628959276018,5.924940111791321,57.413249211356465,53.028692879914985,-4.38455633144148,10.309496443232803,4.270013584596367,2.4143942961734934,0.49078949506454744,10.309496443232803,1105,941
PROMPTED2 (DKS PIE vs ASO EMAIL+SMS),KIDS,Sep,2023->2024,25.3125,22.491349480968857,-2.82115051903114,55.17751479289941,57.413249211356465,2.2357344184570582,-5.056884937488198,4.828211902474365,-1.0473618473324757,-0.24613067920425039,-5.056884937488198,289,317
ORGANIC (DKS ORG vs ASO ORG),APPAREL,Apr-Aug,2024->2025,51.66666666666667,56.82015638575152,5.153489719084847,76.04895104895105,78.125,2.0760489510489477,3.0774407680358995,3.3449358536292286,0.9200298309747558,0.09022538030956939,4.742637188501497,1151,480
ORGANIC (DKS ORG vs ASO ORG),APPAREL,Apr-Aug,2025->2026,56.82015638575152,50.09940357852882,-6.720752807222697,78.125,59.93031358885017,-18.19468641114983,11.473933603927133,3.9643315371339125,2.89429213890179,0.5998621503817541,9.691105162657415,1509,287
ORGANIC (DKS ORG vs ASO ORG),APPAREL,Apr-Aug,2024->2026,51.66666666666667,50.09940357852882,-1.567263088137849,76.04895104895105,59.93031358885017,-16.11863746010088,14.551374371963032,3.9396101427288737,3.6936077034982056,0.6900875306913234,14.433742351158912,1509,287
ORGANIC (DKS ORG vs ASO ORG),APPAREL,Apr-Aug,2023->2024,47.63636363636364,51.66666666666667,4.030303030303034,75.21514629948365,76.04895104895105,0.8338047494674039,3.1964982808356304,3.424723424302647,0.9333595402631707,0.11606214113255175,3.6151822078199447,1080,572
ORGANIC (DKS ORG vs ASO ORG),APPAREL,Feb-Jul,2024->2025,49.58301743745261,55.44,5.856982562547386,76.71809256661992,75.177304964539,-1.5407876020809064,7.397770164628293,3.112133117572306,2.3770738220860874,0.3195144299040593,8.493616142530557,1250,564
ORGANIC (DKS ORG vs ASO ORG),APPAREL,Feb-Jul,2025->2026,55.44,49.22279792746114,-6.217202072538863,75.177304964539,59.9388379204893,-15.238467044049708,9.021264971510845,3.750615041359014,2.40527616725017,0.455618350260637,7.346615688793507,1737,327
ORGANIC (DKS ORG vs ASO ORG),APPAREL,Feb-Jul,2024->2026,49.58301743745261,49.22279792746114,-0.36021950999147734,76.71809256661992,59.9388379204893,-16.779254646130614,16.419035136139136,3.6307640861254686,4.522198288476665,0.7751327801646963,15.840231831324065,1737,327
ORGANIC (DKS ORG vs ASO ORG),APPAREL,Feb-Jul,2023->2024,46.58385093167702,49.58301743745261,2.9991665057755967,77.44479495268138,76.71809256661992,-0.726702386061473,3.7258688918370697,3.1195261007547685,1.1943701612035227,0.16131797698771724,3.4419970800779076,1319,713
ORGANIC (DKS ORG vs ASO ORG),APPAREL,Q1 Feb-Apr,2024->2025,46.62379421221865,54.6875,8.06370578778135,74.61139896373057,72.53521126760563,-2.0761876961249315,10.139893483906281,4.55664188732865,2.2252996251699817,0.43013193680429285,12.240551700383334,512,284
ORGANIC (DKS ORG vs ASO ORG),APPAREL,Q1 Feb-Apr,2025->2026,54.6875,47.30769230769231,-7.379807692307693,72.53521126760563,62.091503267973856,-10.44370799963178,3.0639003073240856,5.516763533168271,0.5553800319522652,0.1818846590872208,-0.1727435099051322,780,153
ORGANIC (DKS ORG vs ASO ORG),APPAREL,Q1 Feb-Apr,2024->2026,46.62379421221865,47.30769230769231,0.6838980954736562,74.61139896373057,62.091503267973856,-12.519895695756711,13.203793791230368,5.242951948330425,2.518389243570124,0.6120165958915137,12.067808190478202,780,153
ORGANIC (DKS ORG vs ASO ORG),APPAREL,Q1 Feb-Apr,2023->2024,43.584070796460175,46.62379421221865,3.0397234157584716,79.92277992277992,74.61139896373057,-5.31138095904935,8.351104374807822,4.532526842123616,1.8424831591058146,0.4262878437030363,7.175502941926515,622,386
ORGANIC (DKS ORG vs ASO ORG),APPAREL,Q2 May-Jul,2024->2025,52.22381635581061,55.96205962059621,3.73824326478559,79.20489296636084,77.85714285714286,-1.3477501092179933,5.085993374003584,4.255945010533744,1.195032680501138,0.23057071175443178,4.746680584677742,738,280
ORGANIC (DKS ORG vs ASO ORG),APPAREL,Q2 May-Jul,2025->2026,55.96205962059621,50.78369905956113,-5.178360561035078,77.85714285714286,58.04597701149425,-19.811165845648603,14.632805284613525,5.109196299069022,2.864013130065067,0.7244277213039099,14.865974887492172,957,174
ORGANIC (DKS ORG vs ASO ORG),APPAREL,Q2 May-Jul,2024->2026,52.22381635581061,50.78369905956113,-1.440117296249488,79.20489296636084,58.04597701149425,-21.158915954866597,19.71879865861711,5.022357823361611,3.9262034590396304,0.9549984330583418,19.612655472169916,957,174
ORGANIC (DKS ORG vs ASO ORG),APPAREL,Q2 May-Jul,2023->2024,49.221789883268485,52.22381635581061,3.0020264725421297,75.73333333333333,79.20489296636084,3.471559633027521,-0.4695331604853914,4.287196374590778,-0.10951986320668816,-0.07906332862760507,-0.29150878177068296,697,327
ORGANIC (DKS ORG vs ASO ORG),APPAREL,Aug,2024->2025,52.910052910052904,57.48031496062992,4.570262050577012,65.2542372881356,63.23529411764706,-2.0189431704885408,6.589205221065553,8.729721625339923,0.7548012988110578,0.2728506426521799,6.589205221065553,254,68
ORGANIC (DKS ORG vs ASO ORG),APPAREL,Aug,2025->2026,57.48031496062992,52.218430034129696,-5.261884926500226,63.23529411764706,61.904761904761905,-1.3305322128851493,-3.931352713615077,9.474146150695862,-0.41495588637571573,-0.15586342075732498,-3.931352713615077,293,63
ORGANIC (DKS ORG vs ASO ORG),APPAREL,Aug,2024->2026,52.910052910052904,52.218430034129696,-0.6916228759232146,65.2542372881356,61.904761904761905,-3.34947538337369,2.6578525074504755,8.851314738635613,0.30027770855882707,0.1169872218948549,2.6578525074504755,293,63
ORGANIC (DKS ORG vs ASO ORG),APPAREL,Aug,2023->2024,49.101796407185624,52.910052910052904,3.80825650286728,69.49152542372882,65.2542372881356,-4.23728813559322,8.0455446384605,8.082647819388457,0.9954095264624849,0.34543277914078185,8.0455446384605,189,118
ORGANIC (DKS ORG vs ASO ORG),APPAREL,Sep,2024->2025,54.80225988700565,58.119658119658126,3.31739823265248,87.87878787878788,66.66666666666666,-21.212121212121215,24.529519444773694,9.038121127854792,2.7140064951304543,1.4228573515426175,24.529519444773694,234,54
ORGANIC (DKS ORG vs ASO ORG),APPAREL,Sep,2025->2026,58.119658119658126,52.77777777777778,-5.341880341880345,66.66666666666666,59.61538461538461,-7.051282051282048,1.7094017094017033,10.568785604416007,0.16174059853077685,0.08722064184296621,1.7094017094017033,180,52
ORGANIC (DKS ORG vs ASO ORG),APPAREL,Sep,2024->2026,54.80225988700565,52.77777777777778,-2.0244821092278653,87.87878787878788,59.61538461538461,-28.263403263403262,26.238921154175397,9.501489829735874,2.7615586212656926,1.5100779933855835,26.238921154175397,180,52
ORGANIC (DKS ORG vs ASO ORG),APPAREL,Sep,2023->2024,44.18604651162791,54.80225988700565,10.616213375377736,67.08860759493672,87.87878787878788,20.790180283851168,-10.173966908473432,8.78636885620157,-1.1579262235607684,-0.8425068983249375,-10.173966908473432,177,66
ORGANIC (DKS ORG vs ASO ORG),MENS,Apr-Aug,2024->2025,38.41961852861036,35.27777777777778,-3.141840750832575,69.26229508196722,75.0,5.737704918032782,-8.879545668865358,5.630669377338154,-1.576996458822997,-0.42127794549433817,-7.720405235401123,360,184
ORGANIC (DKS ORG vs ASO ORG),MENS,Apr-Aug,2025->2026,35.27777777777778,35.22504892367906,-0.05272885409872141,75.0,57.599999999999994,-17.400000000000006,17.34727114590128,6.366763981470664,2.724660627657541,0.7899279258244329,7.727854609242312,511,125
ORGANIC (DKS ORG vs ASO ORG),MENS,Apr-Aug,2024->2026,38.41961852861036,35.22504892367906,-3.1945696049312966,69.26229508196722,57.599999999999994,-11.662295081967223,8.467725477035925,6.258987932107081,1.35289052621408,0.3686499803300948,0.007449373841189599,511,125
ORGANIC (DKS ORG vs ASO ORG),MENS,Apr-Aug,2023->2024,22.83464566929134,38.41961852861036,15.584972859319016,71.96969696969697,69.26229508196722,-2.7074018877297545,18.292374747048772,5.454395647502645,3.3536941449093693,0.8764449173595336,18.05718295699502,367,244
ORGANIC (DKS ORG vs ASO ORG),MENS,Feb-Jul,2024->2025,31.848552338530066,33.589743589743584,1.7411912512135197,70.96774193548387,70.63829787234043,-0.329444063143447,2.0706353143569665,5.101566076456789,0.40588228856090663,0.09504632545689995,5.176605572128107,390,235
ORGANIC (DKS ORG vs ASO ORG),MENS,Feb-Jul,2025->2026,33.589743589743584,32.99492385786802,-0.5948197318755677,70.63829787234043,56.060606060606055,-14.577691811734372,13.982872079858804,6.07844523283013,2.300402741861732,0.6074752869091863,,591,132
ORGANIC (DKS ORG vs ASO ORG),MENS,Feb-Jul,2024->2026,31.848552338530066,32.99492385786802,1.146371519337952,70.96774193548387,56.060606060606055,-14.90713587487782,16.05350739421577,5.820857989931946,2.757928027445909,0.7025216123660861,,591,132
ORGANIC (DKS ORG vs ASO ORG),MENS,Feb-Jul,2023->2024,23.8390092879257,31.848552338530066,8.00954305060437,72.66881028938906,70.96774193548387,-1.7010683539051885,9.710611404509558,4.846416055416814,2.0036685446467315,0.484851509146078,13.381552763949104,449,310
ORGANIC (DKS ORG vs ASO ORG),MENS,Q1 Feb-Apr,2024->2025,26.126126126126124,36.51685393258427,10.390727806458145,70.65217391304348,70.49180327868852,-0.16037063435495602,10.5510984408131,7.073636125204528,1.4916088775358125,0.4941449145549862,12.292581121943153,178,122
ORGANIC (DKS ORG vs ASO ORG),MENS,Q1 Feb-Apr,2025->2026,36.51685393258427,28.46153846153846,-8.055315471045809,70.49180327868852,60.0,-10.491803278688527,2.4364878076427177,9.030005788925804,0.26982128966415186,0.0966822179969054,,260,55
ORGANIC (DKS ORG vs ASO ORG),MENS,Q1 Feb-Apr,2024->2026,26.126126126126124,28.46153846153846,2.3354123354123346,70.65217391304348,60.0,-10.652173913043484,12.987586248455818,8.451645844677104,1.5366931467715812,0.5908271325518917,,260,55
ORGANIC (DKS ORG vs ASO ORG),MENS,Q1 Feb-Apr,2023->2024,24.705882352941178,26.126126126126124,1.4202437731849482,75.59055118110236,70.65217391304348,-4.93837726805888,6.358621041243828,6.740456304896135,0.9433517188777043,0.32674781144985154,16.786174757666515,222,184
ORGANIC (DKS ORG vs ASO ORG),MENS,Q2 May-Jul,2024->2025,37.44493392070485,31.132075471698112,-6.312858449006736,71.42857142857143,70.79646017699115,-0.6321112515802807,-5.680747197426456,7.4111743660740235,-0.7665110705573319,-0.25000441990421307,-2.0201486584656205,212,113
ORGANIC (DKS ORG vs ASO ORG),MENS,Q2 May-Jul,2025->2026,31.132075471698112,36.5558912386707,5.423815766972584,70.79646017699115,53.246753246753244,-17.549706930237907,22.97352269721049,8.23086782534607,2.7911422203216536,0.998100839520387,,331,77
ORGANIC (DKS ORG vs ASO ORG),MENS,Q2 May-Jul,2024->2026,37.44493392070485,36.5558912386707,-0.8890426820341524,71.42857142857143,53.246753246753244,-18.181818181818187,17.292775499784035,8.114999294279661,2.1309645106160238,0.7480964196161739,,331,77
ORGANIC (DKS ORG vs ASO ORG),MENS,Q2 May-Jul,2023->2024,22.875816993464053,37.44493392070485,14.569116927240797,70.65217391304348,71.42857142857143,0.776397515527949,13.792719411712847,7.022531965389331,1.964066447784147,0.6644204338824602,12.580194091475287,227,126
ORGANIC (DKS ORG vs ASO ORG),MENS,Aug,2024->2026,45.20547945205479,36.55913978494624,-8.646339667108554,62.06896551724138,66.66666666666666,4.597701149425282,-13.244040816533836,13.173344236222029,-1.0053666388006028,-0.5594757221042528,-13.244040816533836,93,30
ORGANIC (DKS ORG vs ASO ORG),MENS,Aug,2023->2024,32.72727272727273,45.20547945205479,12.478206724782066,68.29268292682927,62.06896551724138,-6.223717409587892,18.701924134369957,12.937074374137644,1.4456069118499277,0.8029529297164768,18.701924134369957,73,58
ORGANIC (DKS ORG vs ASO ORG),WOMENS,Apr-Aug,2024->2025,62.40369799691834,71.38849929873773,8.98480130181939,81.19658119658119,79.12621359223301,-2.070367604348189,11.055168906167578,4.584994987258406,2.4111627028796403,0.5378935340219941,7.79930113496653,713,206
ORGANIC (DKS ORG vs ASO ORG),WOMENS,Apr-Aug,2025->2026,71.38849929873773,61.70921198668147,-9.679287312056262,79.12621359223301,64.75409836065575,-14.372115231577265,4.692827919521003,5.675607763227504,0.8268414794140688,0.28719820285265685,19.530543582844206,901,122
ORGANIC (DKS ORG vs ASO ORG),WOMENS,Apr-Aug,2024->2026,62.40369799691834,61.70921198668147,-0.6944860102368722,81.19658119658119,64.75409836065575,-16.442482835925453,15.747996825688581,5.6097887652250735,2.8072352604985737,0.825091736874651,27.329844717810737,901,122
ORGANIC (DKS ORG vs ASO ORG),WOMENS,Apr-Aug,2023->2024,61.74242424242424,62.40369799691834,0.6612737544940961,78.97196261682244,81.19658119658119,2.2246185797587636,-1.5633448252646676,4.730045243989149,-0.3305137149060754,-0.11150905524163662,-0.5152180878289392,649,234
ORGANIC (DKS ORG vs ASO ORG),WOMENS,Feb-Jul,2024->2025,62.562814070351756,69.47637292464879,6.9135588542970305,80.06872852233677,77.14285714285715,-2.9258713794796276,9.839430233776659,4.281579114421581,2.298084414844665,0.48317922309997174,10.123076898926875,783,245
ORGANIC (DKS ORG vs ASO ORG),WOMENS,Feb-Jul,2025->2026,69.47637292464879,60.984848484848484,-8.491524439800301,77.14285714285715,64.96815286624204,-12.174704276615111,3.6831798368148094,5.162855255393517,0.7133997864780491,0.22294537810308862,2.700683671965576,1056,157
ORGANIC (DKS ORG vs ASO ORG),WOMENS,Feb-Jul,2024->2026,62.562814070351756,60.984848484848484,-1.5779655855032715,80.06872852233677,64.96815286624204,-15.100575656094739,13.522610070591467,5.01758982979534,2.6950409517915963,0.7061246012030604,12.82376057089245,1056,157
ORGANIC (DKS ORG vs ASO ORG),WOMENS,Feb-Jul,2023->2024,60.33613445378151,62.562814070351756,2.2266796165702485,79.72972972972973,80.06872852233677,0.3389987926070481,1.8876808239632004,4.441686123284651,0.42499194485342207,0.0729078068408075,3.8918372072311747,796,291
ORGANIC (DKS ORG vs ASO ORG),WOMENS,Q1 Feb-Apr,2024->2025,62.849162011173185,67.84565916398714,4.99649715281395,74.26470588235294,75.2,0.9352941176470564,4.061203035166894,6.5199260839018365,0.6228909627049752,0.17140155107229693,5.878681311848588,311,125
ORGANIC (DKS ORG vs ASO ORG),WOMENS,Q1 Feb-Apr,2025->2026,67.84565916398714,60.924369747899156,-6.921289416087983,75.2,65.06024096385542,-10.13975903614458,3.2184696200565965,7.370444860328126,0.43667236931385345,0.18506566298640043,-11.354081463835808,476,83
ORGANIC (DKS ORG vs ASO ORG),WOMENS,Q1 Feb-Apr,2024->2026,62.849162011173185,60.924369747899156,-1.9247922632740333,74.26470588235294,65.06024096385542,-9.204464918497523,7.27967265522349,7.2776634984498445,1.00027607167796,0.35646721405869736,-5.47540015198722,476,83
ORGANIC (DKS ORG vs ASO ORG),WOMENS,Q1 Feb-Apr,2023->2024,56.92307692307692,62.849162011173185,5.926085088096267,79.01234567901234,74.26470588235294,-4.7476397966593975,10.673724884755664,7.10484793383767,1.5023157404848597,0.5129351554652557,13.340534202797127,358,136
ORGANIC (DKS ORG vs ASO ORG),WOMENS,Q2 May-Jul,2024->2025,62.328767123287676,70.55084745762711,8.222080334339443,85.16129032258064,79.16666666666666,-5.994623655913978,14.216703990253421,5.6266839698829845,2.526657631092986,0.782448875490254,14.367472486005129,472,120
ORGANIC (DKS ORG vs ASO ORG),WOMENS,Q2 May-Jul,2025->2026,70.55084745762711,61.03448275862069,-9.51636469900643,79.16666666666666,64.86486486486487,-14.301801801801794,4.785437102795365,7.283147379571436,0.6570561947185195,0.2969899508576671,16.755448807766992,580,74
ORGANIC (DKS ORG vs ASO ORG),WOMENS,Q2 May-Jul,2024->2026,62.328767123287676,61.03448275862069,-1.2942843646669866,85.16129032258064,64.86486486486487,-20.29642545771577,19.002141093048785,6.957853616411621,2.7310349053949734,1.079438826347921,31.122921293772123,580,74
ORGANIC (DKS ORG vs ASO ORG),WOMENS,Q2 May-Jul,2023->2024,62.98507462686567,62.328767123287676,-0.6563075035779908,80.1418439716312,85.16129032258064,5.01944635094943,-5.6757538545274215,5.635593528986129,-1.0071261927132842,-0.3801746447067341,-5.243277035874916,438,155
ORGANIC (DKS ORG vs ASO ORG),WOMENS,Aug,2023->2024,61.386138613861384,63.366336633663366,1.980198019801982,78.04878048780488,63.1578947368421,-14.890885750962779,16.871083770764763,12.225908306586168,1.3799452235116314,0.813907256530823,16.871083770764763,101,38
ORGANIC (DKS ORG vs ASO ORG),WOMENS,Sep,2024->2025,66.05504587155964,74.26470588235294,8.209660010793307,88.23529411764706,73.33333333333333,-14.901960784313728,23.111620795107036,11.416677044420274,2.02437370394063,1.3973263578438,23.111620795107036,136,30
ORGANIC (DKS ORG vs ASO ORG),WOMENS,Sep,2023->2024,58.9041095890411,66.05504587155964,7.150936282518538,83.87096774193549,88.23529411764706,4.364326375711569,2.7866099068069694,11.309290704470342,0.2464000598822238,-0.06049892261445894,2.7866099068069694,109,34
ORGANIC (DKS ORG vs ASO ORG),KIDS,Apr-Aug,2024->2025,18.75,23.076923076923077,4.326923076923078,80.85106382978722,82.22222222222221,1.3711583924349902,2.955764684488088,8.90358260890023,0.33197475828813405,0.17124947589326878,,78,90
ORGANIC (DKS ORG vs ASO ORG),KIDS,Apr-Aug,2025->2026,23.076923076923077,20.618556701030926,-2.4583663758921515,82.22222222222221,52.5,-29.722222222222218,27.263855846330067,10.872763985727543,2.507536803164198,1.2872925684336487,,97,40
ORGANIC (DKS ORG vs ASO ORG),KIDS,Apr-Aug,2024->2026,18.75,20.618556701030926,1.8685567010309267,80.85106382978722,52.5,-28.351063829787226,30.219620530818155,10.931208221203168,2.7645270238473203,1.4585420443269175,,97,40
ORGANIC (DKS ORG vs ASO ORG),KIDS,Apr-Aug,2023->2024,20.930232558139537,18.75,-2.180232558139536,75.72815533980582,80.85106382978722,5.122908489981404,-7.303141048120939,9.828860028853944,-0.743030323626706,-0.4397297020822599,,64,94
ORGANIC (DKS ORG vs ASO ORG),KIDS,Feb-Jul,2024->2025,17.56756756756757,23.376623376623375,5.809055809055808,83.92857142857143,82.14285714285714,-1.7857142857142905,7.594770094770098,8.505137890937062,0.8929626059164735,0.4856255415810098,,77,84
ORGANIC (DKS ORG vs ASO ORG),KIDS,Feb-Jul,2025->2026,23.376623376623375,17.77777777777778,-5.598845598845598,82.14285714285714,52.63157894736842,-29.51127819548872,23.912432596643125,11.071281922441957,2.1598612305384086,1.0763851028823894,,90,38
ORGANIC (DKS ORG vs ASO ORG),KIDS,Feb-Jul,2024->2026,17.56756756756757,17.77777777777778,0.2102102102102099,83.92857142857143,52.63157894736842,-31.296992481203013,31.507202691413223,10.651826280545942,2.9579155594150723,1.5620106444633992,,90,38
ORGANIC (DKS ORG vs ASO ORG),KIDS,Feb-Jul,2023->2024,29.166666666666668,17.56756756756757,-11.5990990990991,87.12871287128714,83.92857142857143,-3.2001414427156982,-8.398957656383402,9.260528299160445,-0.9069631218712271,-0.3991568790680414,,74,112
ORGANIC (DKS ORG vs ASO ORG),KIDS,Q2 May-Jul,2024->2025,18.75,25.925925925925924,7.175925925925925,80.43478260869566,91.48936170212765,11.054579093432004,-3.87865316750608,11.573640501383338,-0.33512818780248826,-0.5446974749709173,,54,47
ALL (DKS ALL vs ASO ALLX),APPAREL,Apr-Aug,2024->2025,46.027058581141404,45.352936463424406,-0.674122117717002,64.02644907146878,56.160005745269125,-7.866443326199645,7.192321208482644,0.826038381649144,8.707006076550023,0.30168676944891737,5.378911530415342,24962,27849
ALL (DKS ALL vs ASO ALLX),APPAREL,Apr-Aug,2025->2026,45.352936463424406,47.189044080457535,1.836107617033128,56.160005745269125,54.809567397620086,-1.3504383476490411,3.1865459646821694,0.6190523814635842,5.147457727484112,0.12854261697187885,4.824902020378474,25703,25127
ALL (DKS ALL vs ASO ALLX),APPAREL,Apr-Aug,2024->2026,46.027058581141404,47.189044080457535,1.161985499316126,64.02644907146878,54.809567397620086,-9.216881673848686,10.378867173164814,0.8307686097408278,12.49309019559932,0.4302293864207962,10.203813550793816,25703,25127
ALL (DKS ALL vs ASO ALLX),APPAREL,Apr-Aug,2023->2024,39.67729831144465,46.027058581141404,6.349760269696753,60.37811104020421,64.02644907146878,3.648338031264564,2.7014222384321886,0.9301071997155945,2.9044203068831433,0.10440856568113799,2.2050061820910347,14561,7108
ALL (DKS ALL vs ASO ALLX),APPAREL,Feb-Jul,2024->2025,43.9847296739579,45.81833885130272,1.8336091773448193,59.32156133828996,58.6976785476497,-0.6238827906402622,2.4574919679850815,0.7603284168190455,3.2321453645865152,0.09991692135771618,3.49636811836741,20841,22529
ALL (DKS ALL vs ASO ALLX),APPAREL,Feb-Jul,2025->2026,45.81833885130272,46.753713795679,0.9353749443762771,58.6976785476497,54.73864271851048,-3.9590358291392236,4.894410773515501,0.6140802816991571,7.970310917609487,0.1989888964440714,4.430527480423474,36149,30399
ALL (DKS ALL vs ASO ALLX),APPAREL,Feb-Jul,2024->2026,43.9847296739579,46.753713795679,2.7689841217210964,59.32156133828996,54.73864271851048,-4.582918619779486,7.351902741500583,0.7083359588221637,10.379118340575967,0.2989058178017876,7.926895598790884,36149,30399
ALL (DKS ALL vs ASO ALLX),APPAREL,Feb-Jul,2023->2024,40.88650880701981,43.9847296739579,3.098220866938095,59.553662960334364,59.32156133828996,-0.23210162204440055,3.3303224889824956,0.8350221421492251,3.9883044064085915,0.13650428035383624,1.8508614379657118,19384,10760
ALL (DKS ALL vs ASO ALLX),APPAREL,Q1 Feb-Apr,2024->2025,39.06571344628342,44.48287220026351,5.41715875398009,55.06329113924051,56.354992076069735,1.291700936829221,4.125457817150869,1.3387681913713119,3.0815325937234332,0.17060978837880378,3.9912012826838317,6072,3155
ALL (DKS ALL vs ASO ALLX),APPAREL,Q1 Feb-Apr,2025->2026,44.48287220026351,46.158647594278285,1.675775394014778,56.354992076069735,50.977178161644176,-5.3778139144255555,7.053589308440333,1.213724047366116,5.81152637104556,0.2841196942813039,6.80083375629078,19225,15862
ALL (DKS ALL vs ASO ALLX),APPAREL,Q1 Feb-Apr,2024->2026,39.06571344628342,46.158647594278285,7.0929341479948675,55.06329113924051,50.977178161644176,-4.0861129775963345,11.179047125591202,0.9448891527123547,11.831067266992271,0.4547294826601077,10.792035038974612,19225,15862
ALL (DKS ALL vs ASO ALLX),APPAREL,Q1 Feb-Apr,2023->2024,40.99833183626331,39.06571344628342,-1.9326183899798954,55.48492925979086,55.06329113924051,-0.42163812055034944,-1.510980269429546,1.1928283002079567,-1.266720674858337,-0.06346108980151052,-0.7644526835445808,10211,6636
ALL (DKS ALL vs ASO ALLX),APPAREL,Q2 May-Jul,2024->2025,49.46037283331516,46.3673911571535,-3.0929816761616657,66.17361784675073,59.079178280169295,-7.094439566581434,4.001457890419768,1.0528289583186097,3.800672330299674,0.1798264026466257,3.0015349540509884,14769,19374
ALL (DKS ALL vs ASO ALLX),APPAREL,Q2 May-Jul,2025->2026,46.3673911571535,47.42968565350981,1.0622944963563086,59.079178280169295,58.842952466120934,-0.23622581404836307,1.2985203104046716,0.7791590031063121,1.6665665226581428,0.05242017109191241,2.060221204556145,16924,14537
ALL (DKS ALL vs ASO ALLX),APPAREL,Q2 May-Jul,2024->2026,49.46037283331516,47.42968565350981,-2.030687179805357,66.17361784675073,58.842952466120934,-7.330665380629798,5.29997820082444,1.0626425718051147,4.987545522311748,0.2322465737385381,5.061756158607134,16924,14537
ALL (DKS ALL vs ASO ALLX),APPAREL,Q2 May-Jul,2023->2024,40.7734233065144,49.46037283331516,8.686949526800758,62.09636084059456,66.17361784675073,4.077257006156165,4.609692520644593,1.1959343245457195,3.854469619304223,0.17435339902357444,4.46617555947601,9173,4124
ALL (DKS ALL vs ASO ALLX),APPAREL,Aug,2024->2025,42.65654648956357,44.26610839730169,1.6095619077381274,65.03635161929941,47.408829174664106,-17.627522444635296,19.237084352373422,1.7492807408900646,10.997139511514463,0.7898860748339597,19.237084352373422,8598,7294
ALL (DKS ALL vs ASO ALLX),APPAREL,Aug,2025->2026,44.26610839730169,46.32143984843701,2.0553314511353116,47.408829174664106,45.79689452079243,-1.6119346538716772,3.6672661050069886,1.3626895485910355,2.691197058639504,0.147742490147939,3.6672661050069886,3167,5603
ALL (DKS ALL vs ASO ALLX),APPAREL,Aug,2024->2026,42.65654648956357,46.32143984843701,3.6648933588734387,65.03635161929941,45.79689452079243,-19.239457098506975,22.904350457380414,1.9129477575134366,11.973327743750227,0.9376285649818987,22.904350457380414,3167,5603
ALL (DKS ALL vs ASO ALLX),APPAREL,Aug,2023->2024,37.353735373537354,42.65654648956357,5.302811116026213,56.62337662337662,65.03635161929941,8.412974995922784,-3.1101638798965716,1.9826123201133057,-1.5687201417767982,-0.1329430065370023,-3.1101638798965716,2635,1513
ALL (DKS ALL vs ASO ALLX),APPAREL,Sep,2024->2025,47.43485342019544,48.10258790762446,0.6677344874290225,58.91583452211127,51.409749670619235,-7.506084851492034,8.173819338921056,1.9208457014495288,4.255323232237156,0.3308452538998162,8.173819338921056,8617,3795
ALL (DKS ALL vs ASO ALLX),APPAREL,Sep,2025->2026,48.10258790762446,47.69874476987448,-0.4038431377499818,51.409749670619235,46.70058357025288,-4.709166100366352,4.30532296261637,3.4290657281669223,1.2555381855914056,0.17239131644313366,4.30532296261637,239,6683
ALL (DKS ALL vs ASO ALLX),APPAREL,Sep,2024->2026,47.43485342019544,47.69874476987448,0.2638913496790407,58.91583452211127,46.70058357025288,-12.215250951858387,12.479142301537427,3.681338282017583,3.3898385167412943,0.50323657034295,12.479142301537427,239,6683
ALL (DKS ALL vs ASO ALLX),APPAREL,Sep,2023->2024,47.96774193548387,47.43485342019544,-0.5328885152884322,56.296526054590565,58.91583452211127,2.619308467520698,-3.15219698280913,2.0760443991475475,-1.518366844227159,-0.12864277120660356,-3.15219698280913,2456,1402
ALL (DKS ALL vs ASO ALLX),MENS,Apr-Aug,2024->2025,38.16159721291706,32.310549120169775,-5.851048092747285,60.42838018741633,51.57306905773164,-8.855311129684695,3.0042630369374104,1.1602871900490628,2.5892408902750836,0.10356144320823302,2.2581687557768904,11309,12714
ALL (DKS ALL vs ASO ALLX),MENS,Apr-Aug,2025->2026,32.310549120169775,35.76290169725166,3.4523525770818853,51.57306905773164,51.694986189001426,0.12191713126978865,3.3304354458120966,0.8926216137326434,3.7310719285468963,0.14898486120020754,4.494325988880404,11607,11947
ALL (DKS ALL vs ASO ALLX),MENS,Apr-Aug,2024->2026,38.16159721291706,35.76290169725166,-2.3986955156654,60.42838018741633,51.694986189001426,-8.733393998414908,6.3346984827495065,1.167636661435931,5.42523088899868,0.25254630440844056,6.7524947446572945,11607,11947
ALL (DKS ALL vs ASO ALLX),MENS,Apr-Aug,2023->2024,27.80058651026393,38.16159721291706,10.361010702653129,58.46459956889405,60.42838018741633,1.9637806185222817,8.397230084130847,1.285841265601407,6.530533984848695,0.3902086042137528,8.04576283469548,7463,3735
ALL (DKS ALL vs ASO ALLX),MENS,Feb-Jul,2024->2025,34.90273178807947,33.390028702030406,-1.5127030860490664,55.15995872033024,52.71939528023599,-2.4405634400942455,0.9278603540451791,1.0614757129798693,0.87412301826521,0.030973041768494247,3.281215870720189,9407,10848
ALL (DKS ALL vs ASO ALLX),MENS,Feb-Jul,2025->2026,33.390028702030406,34.95705598395085,1.5670272819204467,52.71939528023599,52.17274497951507,-0.5466503007209189,2.1136775826413654,0.8811028965849028,2.3988998229762286,0.09158826985196304,0.5603623452539064,15951,14889
ALL (DKS ALL vs ASO ALLX),MENS,Feb-Jul,2024->2026,34.90273178807947,34.95705598395085,0.054324195871380265,55.15995872033024,52.17274497951507,-2.9872137408151644,3.0415379366865447,0.9852205015568827,3.087164682302278,0.12256131162045729,3.841578215974095,15951,14889
ALL (DKS ALL vs ASO ALLX),MENS,Feb-Jul,2023->2024,27.865138592750533,34.90273178807947,7.03759319532894,56.000640922929016,55.15995872033024,-0.8406822025987748,7.878275397927714,1.150302014759897,6.848875596877181,0.36189584544030606,5.703749745259978,9664,5814
ALL (DKS ALL vs ASO ALLX),MENS,Q1 Feb-Apr,2024->2025,28.45478669116146,34.079696394686906,5.624909703525449,51.18850193477059,48.8984088127295,-2.2900931220410925,7.915002825566542,1.8676127782791145,4.238032057619412,0.35388832333611625,7.029904432169731,2635,1634
ALL (DKS ALL vs ASO ALLX),MENS,Q1 Feb-Apr,2025->2026,34.079696394686906,34.1253485270942,0.045652132407286716,48.8984088127295,49.516690295141125,0.6182814824116256,-0.5726293500043389,1.7252585712100068,-0.33190929148824716,-0.02270634022084814,0.07097805511750988,8249,7759
ALL (DKS ALL vs ASO ALLX),MENS,Q1 Feb-Apr,2024->2026,28.45478669116146,34.1253485270942,5.670561835932736,51.18850193477059,49.516690295141125,-1.6718116396294669,7.342373475562203,1.3041655329821977,5.629939827325914,0.33118198311526814,7.100882487287241,8249,7759
ALL (DKS ALL vs ASO ALLX),MENS,Q1 Feb-Apr,2023->2024,30.195430773465453,28.45478669116146,-1.7406440823039937,50.78026149304091,51.18850193477059,0.4082404417296792,-2.148884524033673,1.6554396978401837,-1.2980747814839018,-0.10034039332634387,-1.710112996485752,4899,3618
ALL (DKS ALL vs ASO ALLX),MENS,Q2 May-Jul,2024->2025,41.532004197271775,33.12167749557,-8.410326701701775,61.70309653916212,53.397004558280884,-8.306091980881236,-0.10423472082053964,1.477446694353715,-0.07055057973928151,-0.01979645800559421,-0.46747269072937025,6772,9214
ALL (DKS ALL vs ASO ALLX),MENS,Q2 May-Jul,2025->2026,33.12167749557,35.84783173201766,2.7261542364476643,53.397004558280884,55.06311360448808,1.6661090462071981,1.0600451902404662,1.114807883594512,0.9508770128378777,0.053580866519881004,1.049746635390314,7702,7130
ALL (DKS ALL vs ASO ALLX),MENS,Q2 May-Jul,2024->2026,41.532004197271775,35.84783173201766,-5.684172465254111,61.70309653916212,55.06311360448808,-6.6399829346740376,0.9558104694199265,1.4937527801912822,0.6398719266634807,0.03378440851428682,0.5822739446609437,7702,7130
ALL (DKS ALL vs ASO ALLX),MENS,Q2 May-Jul,2023->2024,25.678119349005424,41.532004197271775,15.853884848266347,59.19896640826874,61.70309653916212,2.5041301308933783,13.349754717372969,1.6440239741106348,8.120170342768125,0.6159825430147887,13.11761248700572,4765,2196
ALL (DKS ALL vs ASO ALLX),MENS,Aug,2024->2025,35.75289575289575,31.641636457793886,-4.111259295101865,63.805436337625174,45.17006802721089,-18.63536831041429,14.524109015312426,2.545605569664119,5.705561453980011,0.5765463866488914,14.524109015312426,3862,2940
ALL (DKS ALL vs ASO ALLX),MENS,Aug,2025->2026,31.641636457793886,37.42897727272727,5.787340814933383,45.17006802721089,42.75574112734864,-2.4143268998622402,8.201667714795624,2.0218135588761648,4.056589530121937,0.3544552599466708,8.201667714795624,1408,2395
ALL (DKS ALL vs ASO ALLX),MENS,Aug,2024->2026,35.75289575289575,37.42897727272727,1.6760815198315182,63.805436337625174,42.75574112734864,-21.049695210276532,22.72577673010805,2.7861976499658794,8.15655584606008,0.9310016465955622,22.72577673010805,1408,2395
ALL (DKS ALL vs ASO ALLX),MENS,Aug,2023->2024,31.46853146853147,35.75289575289575,4.284364284364283,56.41025641025641,63.805436337625174,7.395179927368767,-3.110815643004483,2.8353330618750996,-1.0971605716568613,-0.1169007518251663,-3.110815643004483,1295,699
ALL (DKS ALL vs ASO ALLX),MENS,Sep,2024->2025,34.9236641221374,33.144399460188936,-1.7792646619484709,54.11061285500748,48.21741671537112,-5.893196139636353,4.113931477687882,2.8173802649518365,1.4601974496893875,0.15686503216879832,4.113931477687882,3705,1711
ALL (DKS ALL vs ASO ALLX),MENS,Sep,2025->2026,33.144399460188936,30.8411214953271,-2.3032779648618327,48.21741671537112,40.026640026640024,-8.1907766887311,5.887498723869267,4.773963703962919,1.2332516728147702,0.2271254548549852,5.887498723869267,107,3003
ALL (DKS ALL vs ASO ALLX),MENS,Sep,2024->2026,34.9236641221374,30.8411214953271,-4.082542626810303,54.11061285500748,40.026640026640024,-14.083972828367452,10.001430201557149,5.158841574345016,1.9386969065486306,0.38399048702378347,10.001430201557149,107,3003
ALL (DKS ALL vs ASO ALLX),MENS,Sep,2023->2024,33.97656788421778,34.9236641221374,0.9470962379196257,50.03282994090611,54.11061285500748,4.077782914101369,-3.1306866761817433,3.0112743290117714,-1.0396550875552943,-0.12154098692753879,-3.1306866761817433,1048,669
ALL (DKS ALL vs ASO ALLX),WOMENS,Apr-Aug,2024->2025,61.2386545648692,63.384966264373276,2.1463116995040776,68.85085574572128,61.48523985239852,-7.365615893322753,9.51192759282683,1.40170939772337,6.785948362960199,0.4168129777969083,6.698095553560313,10523,8672
ALL (DKS ALL vs ASO ALLX),WOMENS,Apr-Aug,2025->2026,63.384966264373276,61.85230877687699,-1.5326574874962917,61.48523985239852,58.925831202046034,-2.5594086503524904,1.0267511628561987,1.0055106740003423,1.0211240809322817,0.0413718630237076,4.5154823174224035,11348,7820
ALL (DKS ALL vs ASO ALLX),WOMENS,Apr-Aug,2024->2026,61.2386545648692,61.85230877687699,0.6136542120077859,68.85085574572128,58.925831202046034,-9.925024543675242,10.538678755683028,1.4101758216013325,7.473308359319179,0.4581848408206159,11.213577870982716,11348,7820
ALL (DKS ALL vs ASO ALLX),WOMENS,Apr-Aug,2023->2024,55.62285483545326,61.2386545648692,5.615799729415938,63.339970134395216,68.85085574572128,5.510885611326055,0.10491411808988271,1.5960697609824233,0.06573278979065758,-0.014840852942705124,-0.515225448212886,5619,2045
ALL (DKS ALL vs ASO ALLX),WOMENS,Feb-Jul,2024->2025,60.020849622100606,62.91887125220459,2.8980216301039863,64.2150803461063,64.17539988968561,-0.03968045642069873,2.937702086524685,1.2637266180928606,2.324634176779537,0.12413040650494461,2.130402943156695,9072,7252
ALL (DKS ALL vs ASO ALLX),WOMENS,Feb-Jul,2025->2026,62.91887125220459,61.72305028140268,-1.1958209708019085,64.17539988968561,57.567942868478475,-6.60745702120713,5.411636050405222,0.9811235275797507,5.515754029214569,0.2269950323322243,7.430417450256222,16169,10082
ALL (DKS ALL vs ASO ALLX),WOMENS,Feb-Jul,2024->2026,60.020849622100606,61.72305028140268,1.7022006593020778,64.2150803461063,57.567942868478475,-6.64713747762783,8.349338136929907,1.1879427102636682,7.028401340226871,0.3511254388371689,9.560820393412916,16169,10082
ALL (DKS ALL vs ASO ALLX),WOMENS,Feb-Jul,2023->2024,56.02938827663313,60.020849622100606,3.991461345467473,62.219067896853566,64.2150803461063,1.9960124492527376,1.9954488962147354,1.404425059209356,1.4208297431961987,0.07812453297458327,0.10243100536297955,7674,3236
ALL (DKS ALL vs ASO ALLX),WOMENS,Q1 Feb-Apr,2024->2025,56.11015490533563,59.42456658059757,3.3144116752619412,59.03193612774451,65.72541382667964,6.693477698935135,-3.379066023673194,2.21251324653877,-1.5272523357586067,-0.1498846725662429,-2.976668296053142,2711,1027
ALL (DKS ALL vs ASO ALLX),WOMENS,Q1 Feb-Apr,2025->2026,59.42456658059757,61.229668935286654,1.805102354689081,65.72541382667964,51.43961352657005,-14.285800300109596,16.09090265479868,1.9594440314481203,8.21197359891252,0.6689126971994475,15.316414669764223,8669,5175
ALL (DKS ALL vs ASO ALLX),WOMENS,Q1 Feb-Apr,2024->2026,56.11015490533563,61.229668935286654,5.119514029951022,59.03193612774451,51.43961352657005,-7.592322601174462,12.711836631125484,1.6027635298223892,7.931199078715093,0.5190280246332045,12.33974637371108,8669,5175
ALL (DKS ALL vs ASO ALLX),WOMENS,Q1 Feb-Apr,2023->2024,53.84136858475894,56.11015490533563,2.268786320576688,57.80382479950647,59.03193612774451,1.2281113282380351,1.0406749923386527,2.022381346224602,0.514579010670462,0.04111531484931111,2.145638556777152,4067,2004
ALL (DKS ALL vs ASO ALLX),WOMENS,Q2 May-Jul,2024->2025,64.4302744663155,64.40811193208616,-0.02216253422934189,72.6461038961039,63.919678714859444,-8.726425181244457,8.704262647015115,1.7260305693894713,5.042936551288297,0.40389419766158563,7.237474182366532,6361,6225
ALL (DKS ALL vs ASO ALLX),WOMENS,Q2 May-Jul,2025->2026,64.40811193208616,62.29333333333334,-2.11477859875282,63.919678714859444,64.03097615651112,0.11129744165166988,-2.22607604040449,1.230205216119946,-1.8095160150804026,-0.09593351505182712,-0.45557976925177934,7500,4907
ALL (DKS ALL vs ASO ALLX),WOMENS,Q2 May-Jul,2024->2026,64.4302744663155,62.29333333333334,-2.136941132982162,72.6461038961039,64.03097615651112,-8.615127739592786,6.478186606610626,1.7409353178829954,3.7210955169134037,0.3079606826097585,6.7818944131147525,7500,4907
ALL (DKS ALL vs ASO ALLX),WOMENS,Q2 May-Jul,2023->2024,58.33880499015102,64.4302744663155,6.091469476164479,64.96546431312356,72.6461038961039,7.680639582980331,-1.5891701068158515,1.9798027054242922,-0.8026911481946257,-0.10182789346842486,-1.940776546051215,3607,1232
ALL (DKS ALL vs ASO ALLX),WOMENS,Aug,2024->2025,58.282828282828284,62.66006984866124,4.377241565832957,66.66666666666666,51.941031941031945,-14.725634725634718,19.102876291467673,3.132119241125241,6.099025873805749,0.7987333239261848,19.102876291467673,3436,2035
ALL (DKS ALL vs ASO ALLX),WOMENS,Aug,2025->2026,62.66006984866124,58.55595667870036,-4.104113169960877,51.941031941031945,47.23247232472325,-4.708559616308699,0.6044464463478227,2.3450284515169386,0.2577565512933636,0.016472207222830215,0.6044464463478227,1385,1355
ALL (DKS ALL vs ASO ALLX),WOMENS,Aug,2024->2026,58.282828282828284,58.55595667870036,0.2731283958720798,66.66666666666666,47.23247232472325,-19.434194341943417,19.707322737815495,3.390301208212574,5.812853055674526,0.815205531149015,19.707322737815495,1385,1355
ALL (DKS ALL vs ASO ALLX),WOMENS,Aug,2023->2024,53.104106972301814,58.282828282828284,5.178721310526468,60.78665077473182,66.66666666666666,5.880015891934843,-0.7012945814083738,3.6224587843278,-0.19359629002335474,-0.04472369851594074,-0.7012945814083738,990,408
ALL (DKS ALL vs ASO ALLX),WOMENS,Sep,2024->2025,65.85804132973945,67.28665207877462,1.4286107490351752,67.48166259168704,54.721977052074145,-12.759685539612898,14.188296288648072,3.1897364909353096,4.448109218102751,0.60481234987664,14.188296288648072,3656,1133
ALL (DKS ALL vs ASO ALLX),WOMENS,Sep,2025->2026,67.28665207877462,63.86554621848739,-3.4211058602872324,54.721977052074145,51.82166826462129,-2.9003087874528544,-0.520797072834378,4.835144943392927,-0.10771074681970616,-0.03510083410072777,-0.520797072834378,119,2086
ALL (DKS ALL vs ASO ALLX),WOMENS,Sep,2024->2026,65.85804132973945,63.86554621848739,-1.9924951112520572,67.48166259168704,51.82166826462129,-15.659994327065752,13.667499215813695,5.289158736122155,2.5840591855320785,0.5697115157759123,13.667499215813695,119,2086
ALL (DKS ALL vs ASO ALLX),WOMENS,Sep,2023->2024,67.27853152434157,65.85804132973945,-1.4204901946021309,66.30434782608695,67.48166259168704,1.1773147656000904,-2.5978049602022213,3.3689935493485303,-0.7710922927426098,-0.11700042694451318,-2.5978049602022213,1113,409
ALL (DKS ALL vs ASO ALLX),KIDS,Apr-Aug,2024->2025,27.924273157538877,31.85303514376997,3.928761986231094,66.71686746987952,58.03806281912425,-8.678804650755268,12.60756663698636,2.0256493535968025,6.223963004554562,0.5587580307610264,7.912061066298865,3130,6463
ALL (DKS ALL vs ASO ALLX),KIDS,Apr-Aug,2025->2026,31.85303514376997,34.8981077147016,3.0450725709316337,58.03806281912425,55.74626865671641,-2.291794162407834,5.336866733339468,1.5353654105468562,3.475958684935216,0.23047825477074113,8.418147685111311,2748,5360
ALL (DKS ALL vs ASO ALLX),KIDS,Apr-Aug,2024->2026,27.924273157538877,34.8981077147016,6.9738345571627285,66.71686746987952,55.74626865671641,-10.970598813163102,17.94443337032583,2.0784467255135204,8.633578696077626,0.7892362855317675,16.330208751410176,2748,5360
ALL (DKS ALL vs ASO ALLX),KIDS,Apr-Aug,2023->2024,40.97938144329897,27.924273157538877,-13.055108285760092,60.23321270607157,66.71686746987952,6.4836547638079445,-19.538763049568036,2.356785938594743,-8.290427539303046,-0.8636184465036789,-19.734861654467466,1479,1328
ALL (DKS ALL vs ASO ALLX),KIDS,Feb-Jul,2024->2025,26.73509286412512,29.635901778154107,2.900808914028985,64.21052631578948,64.37118988484985,0.16066356906038193,2.740145344968603,1.9240408460838225,1.4241617326086777,0.13640980735892494,2.186721040712741,2362,4429
ALL (DKS ALL vs ASO ALLX),KIDS,Feb-Jul,2025->2026,29.635901778154107,33.38297344254158,3.747071664387469,64.37118988484985,56.52173913043478,-7.849450754415077,11.596522418802547,1.5509322157614054,7.477130399995862,0.5029297573557177,12.431711296385178,4029,5428
ALL (DKS ALL vs ASO ALLX),KIDS,Feb-Jul,2024->2026,26.73509286412512,33.38297344254158,6.647880578416454,64.21052631578948,56.52173913043478,-7.688787185354695,14.33666776377115,1.8182282576392779,7.884965874628614,0.6393395647146427,14.61843233709792,4029,5428
ALL (DKS ALL vs ASO ALLX),KIDS,Feb-Jul,2023->2024,42.56055363321799,26.73509286412512,-15.825460769092874,64.48260280162675,64.21052631578948,-0.2720764858372804,-15.553384283255594,2.1785299906452913,-7.139394155711671,-0.6964417772060109,-15.899157147641906,2046,1710
ALL (DKS ALL vs ASO ALLX),KIDS,Q1 Feb-Apr,2024->2025,25.140562248995984,26.446280991735538,1.3057187427395534,61.04536489151874,61.53846153846154,0.4930966469428033,0.81262209579675,3.3656222208991733,0.2414478044358902,0.047445035750763254,0.8682039268619657,726,494
ALL (DKS ALL vs ASO ALLX),KIDS,Q1 Feb-Apr,2025->2026,26.446280991735538,32.553099263112266,6.10681827137673,61.53846153846154,54.03005464480874,-7.508406893652797,13.615225165029527,3.0447635262109722,4.47168558340321,0.6028834050810208,13.608568024768747,2307,2928
ALL (DKS ALL vs ASO ALLX),KIDS,Q1 Feb-Apr,2024->2026,25.140562248995984,32.553099263112266,7.412537014116283,61.04536489151874,54.03005464480874,-7.015310246709994,14.427847260826276,2.378405711300325,6.066184247824675,0.6503284408317841,14.476771951630713,2307,2928
ALL (DKS ALL vs ASO ALLX),KIDS,Q1 Feb-Apr,2023->2024,38.835978835978835,25.140562248995984,-13.69541658698285,63.84180790960452,61.04536489151874,-2.7964430180857813,-10.89897356889707,2.9964647058626466,-3.6372774715393765,-0.5176323759584363,-10.063686254860887,1245,1014
ALL (DKS ALL vs ASO ALLX),KIDS,Q2 May-Jul,2024->2025,29.213483146067414,31.05134474327628,1.8378615972088674,68.82183908045977,64.72681067344345,-4.09502840701631,5.932890004225177,2.748360983436644,2.158701145875856,0.2720691138482767,3.505238154563478,1636,3935
ALL (DKS ALL vs ASO ALLX),KIDS,Q2 May-Jul,2025->2026,31.05134474327628,34.494773519163765,3.4434287758874804,64.72681067344345,59.440000000000005,-5.286810673443454,8.730239449330934,2.040931048103216,4.2775768723027525,0.3812651645702943,11.25485456800161,1722,2500
ALL (DKS ALL vs ASO ALLX),KIDS,Q2 May-Jul,2024->2026,29.213483146067414,34.494773519163765,5.281290373096348,68.82183908045977,59.440000000000005,-9.381839080459764,14.663129453556111,2.818008857824679,5.203365281426085,0.653334278418571,14.760092722565087,1722,2500
ALL (DKS ALL vs ASO ALLX),KIDS,Q2 May-Jul,2023->2024,47.02154626108999,29.213483146067414,-17.80806311502257,64.90963855421687,68.82183908045977,3.912200526242904,-21.720263641265475,3.24608888065175,-6.691210388824745,-0.9424924257851379,-21.734628040422884,801,696
ALL (DKS ALL vs ASO ALLX),KIDS,Aug,2024->2025,24.0,33.15384615384615,9.153846153846157,65.51724137931035,46.26994394135403,-19.247297437956313,28.40114359180247,3.6814160250546943,7.714733515177905,1.242778317665836,28.40114359180247,1300,2319
ALL (DKS ALL vs ASO ALLX),KIDS,Aug,2025->2026,33.15384615384615,34.49197860962567,1.3381324557795116,46.26994394135403,48.677819751753916,2.4078758103998843,-1.0697433546203727,3.188493879624712,-0.33550114725209457,-0.036791185255344167,-1.0697433546203727,374,1853
ALL (DKS ALL vs ASO ALLX),KIDS,Aug,2024->2026,24.0,34.49197860962567,10.491978609625669,65.51724137931035,48.677819751753916,-16.839421627556426,27.331400237182095,4.262119828019042,6.4126306486050275,1.2059871324104918,27.331400237182095,374,1853
ALL (DKS ALL vs ASO ALLX),KIDS,Aug,2023->2024,24.355971896955502,24.0,-0.3559718969555037,52.96803652968036,65.51724137931035,12.54920484962998,-12.905176746585484,4.2349190498269715,-3.0473254847959277,-0.5424107691527674,-12.905176746585484,350,406
ALL (DKS ALL vs ASO ALLX),KIDS,Sep,2024->2025,22.372881355932204,36.38535031847134,14.012468962539135,58.0246913580247,53.20715036803365,-4.817540989991043,18.830009952530176,4.226750841366893,4.454960952096416,0.8807143966284161,18.830009952530176,1256,951
ALL (DKS ALL vs ASO ALLX),KIDS,Sep,2023->2024,38.131313131313135,22.372881355932204,-15.758431775380929,55.442670537010166,58.0246913580247,2.58202082101453,-18.34045259639546,4.790346803149382,-3.82862731031032,-0.8653031038725306,-18.34045259639546,295,324
