dom,path,date,total,sale_facet,sale_share,p1_variant_sale_share,p1_variant_depth,p1_n,p1_dated,p1_new_after_20250908,p1_new_after_20260701,source
champssports.com,/category/boys/shoes.html,20251114,1178,97,0.0823,0.305,0.28,48,32,0.125,0.0,V1
champssports.com,/category/brands/adidas-athletics.html,20250908,405,151,0.3728,0.204,0.286,48,27,0.0,0.0,V1
champssports.com,/category/brands/adidas-originals.html,20251008,2132,577,0.2706,0.214,0.208,48,38,0.105,0.0,V1
champssports.com,/category/brands/adidas.html,20250805,1965,624,0.3176,0.164,0.193,48,41,0.0,0.0,V1
champssports.com,/category/brands/adidas.html,20250810,1931,606,0.3138,0.195,0.168,48,43,0.0,0.0,V1
champssports.com,/category/brands/adidas.html,20250811,1937,608,0.3139,0.201,0.177,48,41,0.0,0.0,V1
champssports.com,/category/brands/adidas.html,20250814,1956,627,0.3206,0.191,0.186,48,42,0.0,0.0,V1
champssports.com,/category/brands/adidas.html,20250815,1950,662,0.3395,0.215,0.176,48,44,0.0,0.0,V1
champssports.com,/category/brands/adidas.html,20250925,2100,601,0.2862,0.182,0.247,48,43,0.093,0.0,V1
champssports.com,/category/brands/adidas.html,20251114,1565,56,0.0358,0.088,0.134,48,35,0.057,0.0,V1
champssports.com,/category/brands/asics.html,20250831,112,26,0.2321,0.081,0.125,48,0,,,V1
champssports.com,/category/brands/asics.html,20251022,136,31,0.2279,0.211,0.189,48,29,0.31,0.0,V1
champssports.com,/category/brands/brooks.html,20250801,120,25,0.2083,0.154,0.237,48,41,0.0,0.0,V1
champssports.com,/category/brands/brooks.html,20250815,127,23,0.1811,0.142,0.197,48,40,0.0,0.0,V1
champssports.com,/category/brands/brooks.html,20251109,123,,,0.0,,48,43,0.093,0.0,V1
champssports.com,/category/brands/converse.html,20251028,169,102,0.6036,0.56,0.444,48,22,0.0,0.0,V1
champssports.com,/category/brands/crocs.html,20251109,310,62,0.2,0.053,0.286,48,17,0.0,0.0,V1
champssports.com,/category/brands/crocs.html,20251111,312,60,0.1923,0.041,0.174,48,27,0.0,0.0,V1
champssports.com,/category/brands/csg.html,20250810,349,345,0.9885,1.0,0.382,48,33,0.0,0.0,V1
champssports.com,/category/brands/csg.html,20250907,376,376,1.0,1.0,0.38,48,42,0.0,0.0,V1
champssports.com,/category/brands/csg.html,20251103,248,83,0.3347,0.308,0.278,48,44,0.182,0.0,V1
champssports.com,/category/brands/csg.html,20251111,235,73,0.3106,0.363,0.237,48,45,0.156,0.0,V1
champssports.com,/category/brands/jordan.html,20250810,1018,408,0.4008,0.24,0.149,48,30,0.0,0.0,V1
champssports.com,/category/brands/jordan.html,20251022,1003,412,0.4108,0.409,0.144,48,34,0.176,0.0,V1
champssports.com,/category/brands/mitchell-ness.html,20250808,109,44,0.4037,,,48,0,,,V1
champssports.com,/category/brands/new-balance.html,20250810,438,237,0.5411,0.486,0.243,48,42,0.0,0.0,V1
champssports.com,/category/brands/new-balance.html,20250901,445,233,0.5236,0.517,0.265,48,0,,,V1
champssports.com,/category/brands/new-balance.html,20251022,480,232,0.4833,0.537,0.219,48,38,0.079,0.0,V1
champssports.com,/category/brands/new-era.html,20250810,1373,156,0.1136,0.0,,48,3,0.0,0.0,V1
champssports.com,/category/brands/new-era.html,20250906,1391,115,0.0827,0.0,,48,3,0.0,0.0,V1
champssports.com,/category/brands/nike.html,20240225,13064,1519,0.1163,0.537,0.293,48,28,0.0,0.0,W03
champssports.com,/category/brands/nike.html,20240408,13422,1304,0.0972,0.217,0.296,48,33,0.0,0.0,W03
champssports.com,/category/brands/nike.html,20240518,13355,1218,0.0912,0.182,0.258,48,31,0.0,0.0,W03
champssports.com,/category/brands/nike.html,20240617,12076,1308,0.1083,0.246,0.23,48,36,0.0,0.0,W03
champssports.com,/category/brands/nike.html,20240716,12744,1552,0.1218,0.308,0.312,48,34,0.0,0.0,W03
champssports.com,/category/brands/nike.html,20240813,3849,1659,0.431,0.468,0.291,48,31,0.0,0.0,W03
champssports.com,/category/brands/nike.html,20240912,3734,1411,0.3779,0.25,0.277,48,29,0.0,0.0,W03
champssports.com,/category/brands/nike.html,20241003,3657,1310,0.3582,0.169,0.25,48,34,0.0,0.0,W03
champssports.com,/category/brands/nike.html,20241116,3195,899,0.2814,0.259,0.213,48,34,0.0,0.0,W03
champssports.com,/category/brands/nike.html,20250131,2947,642,0.2178,0.169,0.144,48,39,0.0,0.0,W03
champssports.com,/category/brands/nike.html,20250309,2781,774,0.2783,0.237,0.182,48,32,0.0,0.0,W03
champssports.com,/category/brands/nike.html,20250422,2675,782,0.2923,0.335,0.141,48,42,0.0,0.0,W03
champssports.com,/category/brands/nike.html,20250520,2640,831,0.3148,0.315,0.182,48,47,0.0,0.0,W03
champssports.com,/category/brands/nike.html,20250618,2635,813,0.3085,0.312,0.139,48,44,0.0,0.0,W03
champssports.com,/category/brands/nike.html,20250715,2598,790,0.3041,0.421,0.183,48,45,0.0,0.0,W03
champssports.com,/category/brands/nike.html,20250810,2665,772,0.2897,0.228,0.133,48,42,0.0,0.0,V1
champssports.com,/category/brands/nike.html,20250813,2752,1072,0.3895,0.427,0.201,48,43,0.0,0.0,V1
champssports.com,/category/brands/nike.html,20250918,2987,841,0.2816,0.358,0.222,48,44,0.0,0.0,V1
champssports.com,/category/brands/nike.html,20251009,3238,834,0.2576,0.373,0.271,48,40,0.025,0.0,V1
champssports.com,/category/brands/nike.html,20251022,3259,809,0.2482,0.386,0.271,48,44,0.045,0.0,V1
champssports.com,/category/brands/nike.html,20251028,3006,502,0.167,0.35,0.319,48,38,0.0,0.0,V1
champssports.com,/category/brands/nike.html,20260111,2474,285,0.1152,0.205,0.251,48,39,0.128,0.0,W03
champssports.com,/category/brands/nike.html,20260214,2540,200,0.0787,0.183,0.378,48,33,0.242,0.0,W03
champssports.com,/category/brands/nike.html,20260430,3177,322,0.1014,0.127,0.264,48,39,0.308,0.0,W03
champssports.com,/category/brands/nike.html,20260518,2810,286,0.1018,0.192,0.216,48,39,0.333,0.0,W03
champssports.com,/category/brands/nike.html,20260630,3095,358,0.1157,0.32,0.144,48,39,0.282,0.0,W03
champssports.com,/category/brands/psd.html,20251115,143,30,0.2098,0.0,,48,0,,,V1
champssports.com,/category/brands/saucony.html,20250815,153,19,0.1242,0.025,0.333,48,41,0.0,0.0,V1
champssports.com,/category/brands/saucony.html,20251107,202,9,0.0446,0.169,0.144,48,43,0.093,0.0,V1
champssports.com,/category/brands/timberland.html,20250810,121,43,0.3554,0.295,0.137,48,27,0.0,0.0,V1
champssports.com,/category/brands/timberland.html,20250830,109,42,0.3853,0.435,0.209,48,0,,,V1
champssports.com,/category/brands/timberland.html,20250902,117,40,0.3419,0.406,0.243,48,0,,,V1
champssports.com,/category/brands/ugg.html,20250815,161,69,0.4286,0.364,0.164,48,27,0.0,0.0,V1
champssports.com,/category/brands/ugg.html,20251014,119,42,0.3529,0.25,0.287,48,23,0.13,0.0,V1
champssports.com,/category/brands/ugg.html,20251031,115,25,0.2174,0.174,0.348,48,31,0.258,0.0,V1
champssports.com,/category/brands/ugg.html,20251112,118,,,0.0,,48,35,0.286,0.0,V1
champssports.com,/category/brands/under-armour.html,20251007,656,133,0.2027,0.197,0.232,48,36,0.0,0.0,V1
champssports.com,/category/brands/under-armour.html,20251022,622,132,0.2122,0.414,0.242,48,31,0.0,0.0,V1
champssports.com,/category/brands/ups.html,20250815,2564,1150,0.4485,0.466,0.22,48,40,0.0,0.0,V1
champssports.com,/category/kids.html,20240225,6406,1296,0.2023,0.25,0.273,48,33,0.0,0.0,V1
champssports.com,/category/kids.html,20240408,6284,1178,0.1875,0.207,0.286,48,31,0.0,0.0,V1
champssports.com,/category/kids.html,20240425,6028,1073,0.178,0.215,0.242,48,33,0.0,0.0,V1
champssports.com,/category/kids.html,20240426,6017,1097,0.1823,0.156,0.232,48,33,0.0,0.0,V1
champssports.com,/category/kids.html,20240503,6028,1083,0.1797,0.15,0.188,48,32,0.0,0.0,V1
champssports.com,/category/kids.html,20240504,6032,1076,0.1784,0.153,0.188,48,31,0.0,0.0,V1
champssports.com,/category/kids.html,20240511,6064,1096,0.1807,0.104,0.236,48,35,0.0,0.0,V1
champssports.com,/category/kids.html,20240518,6049,1034,0.1709,0.124,0.152,48,35,0.0,0.0,V1
champssports.com,/category/kids.html,20240525,4885,1093,0.2237,0.183,0.246,48,35,0.0,0.0,V1
champssports.com,/category/kids.html,20240602,4765,1037,0.2176,0.15,0.281,48,28,0.0,0.0,V1
champssports.com,/category/kids.html,20240609,5012,1094,0.2183,0.219,0.285,48,25,0.0,0.0,V1
champssports.com,/category/kids.html,20240610,4932,1152,0.2336,0.222,0.285,48,24,0.0,0.0,V1
champssports.com,/category/kids.html,20240617,4892,1134,0.2318,0.232,0.232,48,21,0.0,0.0,V1
champssports.com,/category/kids.html,20240618,4870,1119,0.2298,0.225,0.231,48,21,0.0,0.0,V1
champssports.com,/category/kids.html,20240619,4853,1095,0.2256,0.18,0.212,48,23,0.0,0.0,V1
champssports.com,/category/kids.html,20240625,4829,1053,0.2181,0.269,0.238,48,29,0.0,0.0,V1
champssports.com,/category/kids.html,20240626,4781,1067,0.2232,0.269,0.265,48,27,0.0,0.0,V1
champssports.com,/category/kids.html,20240702,4885,1301,0.2663,0.21,0.262,48,27,0.0,0.0,V1
champssports.com,/category/kids.html,20240709,4838,1263,0.2611,0.232,0.273,48,30,0.0,0.0,V1
champssports.com,/category/kids.html,20240716,4929,1331,0.27,0.214,0.255,48,31,0.0,0.0,V1
champssports.com,/category/kids.html,20240723,4925,1447,0.2938,0.258,0.297,48,32,0.0,0.0,V1
champssports.com,/category/kids.html,20240730,3476,1435,0.4128,0.363,0.288,48,32,0.0,0.0,V1
champssports.com,/category/kids.html,20240806,3401,1469,0.4319,0.354,0.271,48,37,0.0,0.0,V1
champssports.com,/category/kids.html,20240813,3266,1484,0.4544,0.403,0.307,48,35,0.0,0.0,V1
champssports.com,/category/kids.html,20240820,3205,1447,0.4515,0.381,0.277,48,32,0.0,0.0,V1
champssports.com,/category/kids.html,20240827,3159,1328,0.4204,0.289,0.271,48,33,0.0,0.0,V1
champssports.com,/category/kids.html,20240828,3191,1356,0.4249,0.328,0.278,48,33,0.0,0.0,V1
champssports.com,/category/kids.html,20240904,3193,1371,0.4294,0.317,0.284,48,27,0.0,0.0,V1
champssports.com,/category/kids.html,20240911,3087,1359,0.4402,0.363,0.303,48,31,0.0,0.0,V1
champssports.com,/category/kids.html,20240912,3108,1361,0.4379,0.423,0.293,48,25,0.0,0.0,V1
champssports.com,/category/kids.html,20240919,3189,1232,0.3863,0.29,0.33,48,34,0.0,0.0,V1
champssports.com,/category/kids.html,20240926,3242,1209,0.3729,0.375,0.335,48,22,0.0,0.0,V1
champssports.com,/category/kids.html,20241003,3166,1172,0.3702,0.185,0.297,48,28,0.0,0.0,V1
champssports.com,/category/kids.html,20241116,2660,895,0.3365,0.5,0.212,48,28,0.0,0.0,V1
champssports.com,/category/kids.html,20250204,2386,609,0.2552,0.236,0.186,48,37,0.0,0.0,V1
champssports.com,/category/kids.html,20250309,2178,773,0.3549,0.333,0.261,48,29,0.0,0.0,V1
champssports.com,/category/kids.html,20250501,2058,637,0.3095,0.12,0.233,48,36,0.0,0.0,V1
champssports.com,/category/kids.html,20250520,2017,634,0.3143,,,0,0,,,V1
champssports.com,/category/kids.html,20250618,2146,685,0.3192,0.23,0.152,48,34,0.0,0.0,V1
champssports.com,/category/kids.html,20251107,2105,160,0.076,0.202,0.204,48,31,0.065,0.0,V1
champssports.com,/category/kids/shoes.html,20240328,2685,832,0.3099,0.138,0.264,48,26,0.0,0.0,V1
champssports.com,/category/kids/shoes.html,20240408,342,94,0.2749,,,0,0,,,V1
champssports.com,/category/kids/shoes.html,20250318,1982,672,0.3391,0.185,0.311,48,33,0.0,0.0,V1
champssports.com,/category/kids/shoes.html,20250422,2034,692,0.3402,0.232,0.19,48,34,0.0,0.0,V1
champssports.com,/category/kids/shoes.html,20250501,1993,609,0.3056,0.103,0.235,48,34,0.0,0.0,V1
champssports.com,/category/kids/shoes.html,20250520,1941,603,0.3107,0.096,0.171,48,35,0.0,0.0,V1
champssports.com,/category/kids/shoes.html,20250617,2017,644,0.3193,0.254,0.135,48,35,0.0,0.0,V1
champssports.com,/category/kids/shoes.html,20251008,2097,705,0.3362,0.288,0.155,48,39,0.026,0.0,V1
champssports.com,/category/kids/shoes.html,20260118,1303,111,0.0852,0.085,0.281,48,33,0.091,0.0,V1
champssports.com,/category/kids/shoes.html,20260210,1277,108,0.0846,0.139,0.164,48,30,0.0,0.0,V1
champssports.com,/category/kids/shoes.html,20260609,1621,227,0.14,0.204,0.264,48,25,0.48,0.0,V1
champssports.com,/category/kids/shoes.html,20261008,1695,182,0.107,,,,,,,V1_live
champssports.com,/category/kids/shoes/adidas.html,20251012,432,123,0.2847,0.204,0.197,48,36,0.0,0.0,V1
champssports.com,/category/kids/shoes/basketball.html,20250811,563,232,0.4121,0.644,0.184,48,15,0.0,0.0,V1
champssports.com,/category/kids/shoes/best.html,20251114,1021,105,0.1028,0.27,0.283,48,33,0.091,0.0,V1
champssports.com,/category/kids/shoes/casual.html,20250810,1679,601,0.358,0.26,0.153,48,36,0.0,0.0,V1
champssports.com,/category/kids/shoes/casual.html,20251114,1326,122,0.092,0.235,0.31,48,35,0.057,0.0,V1
champssports.com,/category/kids/shoes/crocs.html,20250815,121,48,0.3967,0.231,0.231,48,16,0.0,0.0,V1
champssports.com,/category/kids/shoes/jordan.html,20251109,306,47,0.1536,0.218,0.125,48,33,0.061,0.0,V1
champssports.com,/category/kids/shoes/new-balance.html,20250916,125,55,0.44,0.411,0.154,48,34,0.0,0.0,V1
champssports.com,/category/kids/shoes/new-balance.html,20251017,124,55,0.4435,0.41,0.175,48,33,0.0,0.0,V1
champssports.com,/category/kids/shoes/nike.html,20251008,603,100,0.1658,0.195,0.143,48,44,0.0,0.0,V1
champssports.com,/category/kids/shoes/slides.html,20250808,107,51,0.4766,0.75,0.279,48,12,0.0,0.0,V1
champssports.com,/category/kids/shoes/ugg.html,20250805,2118,846,0.3994,0.303,0.154,48,34,0.0,0.0,V1
champssports.com,/category/kids/shoes/ugg.html,20251111,2172,160,0.0737,0.169,0.237,48,34,0.176,0.0,V1
champssports.com,/category/mens.html,20240225,41787,3068,0.0734,0.286,0.304,48,30,0.0,0.0,V1
champssports.com,/category/mens.html,20240408,36373,3003,0.0826,0.33,0.248,48,32,0.0,0.0,V1
champssports.com,/category/mens.html,20240425,36524,3034,0.0831,0.167,0.191,48,35,0.0,0.0,V1
champssports.com,/category/mens.html,20240426,36582,3080,0.0842,0.184,0.226,48,35,0.0,0.0,V1
champssports.com,/category/mens.html,20240503,36731,3018,0.0822,0.321,0.268,48,31,0.0,0.0,V1
champssports.com,/category/mens.html,20240504,36878,2993,0.0812,0.32,0.27,48,29,0.0,0.0,V1
champssports.com,/category/mens.html,20240511,37245,2998,0.0805,0.286,0.249,48,35,0.0,0.0,V1
champssports.com,/category/mens.html,20240518,36894,2922,0.0792,0.216,0.239,48,33,0.0,0.0,V1
champssports.com,/category/mens.html,20240525,31191,3001,0.0962,0.308,0.207,48,32,0.0,0.0,V1
champssports.com,/category/mens.html,20240602,30968,2961,0.0956,0.364,0.286,48,30,0.0,0.0,V1
champssports.com,/category/mens.html,20240609,31530,3130,0.0993,0.298,0.322,48,29,0.0,0.0,V1
champssports.com,/category/mens.html,20240610,31228,3205,0.1026,0.283,0.314,48,31,0.0,0.0,V1
champssports.com,/category/mens.html,20240617,31367,3162,0.1008,0.287,0.319,48,34,0.0,0.0,V1
champssports.com,/category/mens.html,20240618,31352,3145,0.1003,0.281,0.325,48,34,0.0,0.0,V1
champssports.com,/category/mens.html,20240619,31192,3142,0.1007,0.266,0.341,48,33,0.0,0.0,V1
champssports.com,/category/mens.html,20240625,31416,3226,0.1027,0.252,0.255,48,31,0.0,0.0,V1
champssports.com,/category/mens.html,20240626,30381,3221,0.106,0.246,0.236,48,33,0.0,0.0,V1
champssports.com,/category/mens.html,20240702,31836,3592,0.1128,0.29,0.221,48,32,0.0,0.0,V1
champssports.com,/category/mens.html,20240709,31824,3519,0.1106,0.231,0.222,48,32,0.0,0.0,V1
champssports.com,/category/mens.html,20240716,32398,3702,0.1143,0.218,0.306,48,35,0.0,0.0,V1
champssports.com,/category/mens.html,20240723,32443,3938,0.1214,0.266,0.341,48,32,0.0,0.0,V1
champssports.com,/category/mens.html,20240730,9043,3921,0.4336,0.237,0.318,48,38,0.0,0.0,V1
champssports.com,/category/mens.html,20240806,9095,3891,0.4278,0.355,0.305,48,39,0.0,0.0,V1
champssports.com,/category/mens.html,20240813,9059,3832,0.423,0.37,0.364,48,26,0.0,0.0,V1
champssports.com,/category/mens.html,20240820,9055,3721,0.4109,0.51,0.236,48,35,0.0,0.0,V1
champssports.com,/category/mens.html,20240827,9065,3576,0.3945,0.285,0.286,48,37,0.0,0.0,V1
champssports.com,/category/mens.html,20240828,9104,3608,0.3963,0.275,0.255,48,40,0.0,0.0,V1
champssports.com,/category/mens.html,20240904,9070,3677,0.4054,0.393,0.247,48,33,0.0,0.0,V1
champssports.com,/category/mens.html,20240911,8938,3631,0.4062,0.25,0.287,48,34,0.0,0.0,V1
champssports.com,/category/mens.html,20240912,8843,3639,0.4115,0.298,0.281,48,37,0.0,0.0,V1
champssports.com,/category/mens.html,20240919,8995,3621,0.4026,0.286,0.297,48,36,0.0,0.0,V1
champssports.com,/category/mens.html,20240926,9128,3558,0.3898,0.216,0.291,48,35,0.0,0.0,V1
champssports.com,/category/mens.html,20241003,8957,3508,0.3916,0.179,0.31,48,32,0.0,0.0,V1
champssports.com,/category/mens.html,20241118,8283,2875,0.3471,0.423,0.231,48,28,0.0,0.0,V1
champssports.com,/category/mens.html,20250130,7524,2091,0.2779,0.178,0.21,48,39,0.0,0.0,V1
champssports.com,/category/mens.html,20250224,7306,2197,0.3007,0.372,0.237,48,32,0.0,0.0,V1
champssports.com,/category/mens.html,20250309,7561,2536,0.3354,0.4,0.255,48,27,0.0,0.0,V1
champssports.com,/category/mens.html,20250501,7517,2349,0.3125,0.326,0.167,48,42,0.0,0.0,V1
champssports.com,/category/mens.html,20250520,7401,2590,0.35,0.344,0.219,48,47,0.0,0.0,V1
champssports.com,/category/mens.html,20250618,7614,2576,0.3383,0.568,0.261,48,36,0.0,0.0,V1
champssports.com,/category/mens.html,20251103,7158,837,0.1169,0.173,0.21,48,43,0.023,0.0,V1
champssports.com,/category/mens.html,20260327,5389,762,0.1414,0.647,0.405,48,37,0.459,0.0,V1
champssports.com,/category/mens.html,20260801,6380,1170,0.1834,0.639,0.334,48,40,0.3,0.05,V1
champssports.com,/category/mens.html,20261008,8400,1122,0.134,,,,,,,V1_live
champssports.com,/category/mens/clothing.html,20250130,2923,1163,0.3979,0.485,0.283,48,42,0.0,0.0,V1
champssports.com,/category/mens/clothing.html,20250226,2723,955,0.3507,0.681,0.37,48,34,0.0,0.0,V1
champssports.com,/category/mens/clothing.html,20250321,2784,1214,0.4361,0.474,0.285,48,33,0.0,0.0,V1
champssports.com,/category/mens/clothing.html,20250422,2885,1243,0.4308,0.573,0.228,48,47,0.0,0.0,V1
champssports.com,/category/mens/clothing.html,20250424,2829,1236,0.4369,0.521,0.214,48,47,0.0,0.0,V1
champssports.com,/category/mens/clothing.html,20250501,611,263,0.4304,0.559,0.293,48,45,0.0,0.0,V1
champssports.com,/category/mens/clothing.html,20250520,2682,1348,0.5026,0.489,0.362,48,30,0.0,0.0,V1
champssports.com,/category/mens/clothing.html,20250809,2774,1399,0.5043,0.854,0.317,48,45,0.0,0.0,V1
champssports.com,/category/mens/clothing.html,20251111,1892,191,0.101,0.388,0.189,48,37,0.108,0.0,V1
champssports.com,/category/mens/clothing.html,20260216,1724,332,0.1926,0.723,0.36,48,28,0.143,0.0,V1
champssports.com,/category/mens/clothing.html,20260306,1864,360,0.1931,0.696,0.34,48,40,0.375,0.0,V1
champssports.com,/category/mens/clothing.html,20260416,1864,360,0.1931,0.696,0.34,48,40,0.375,0.0,V1
champssports.com,/category/mens/clothing.html,20260709,2298,551,0.2398,0.796,0.4,48,32,0.562,0.031,V1
champssports.com,/category/mens/clothing.html,20261002,3857,647,0.1677,0.85,0.379,48,30,0.3,0.033,V1
champssports.com,/category/mens/shoes.html,20240408,3229,966,0.2992,0.379,0.381,48,33,0.0,0.0,V1
champssports.com,/category/mens/shoes.html,20250130,2755,703,0.2552,0.272,0.234,48,40,0.0,0.0,V1
champssports.com,/category/mens/shoes.html,20250321,2804,917,0.327,0.174,0.24,48,34,0.0,0.0,V1
champssports.com,/category/mens/shoes.html,20250422,2846,897,0.3152,0.398,0.168,48,41,0.0,0.0,V1
champssports.com,/category/mens/shoes.html,20250501,2781,883,0.3175,0.391,0.204,48,38,0.0,0.0,V1
champssports.com,/category/mens/shoes.html,20250520,2629,864,0.3286,0.257,0.174,48,36,0.0,0.0,V1
champssports.com,/category/mens/shoes.html,20250528,2617,837,0.3198,0.225,0.188,48,38,0.0,0.0,V1
champssports.com,/category/mens/shoes.html,20250624,2618,899,0.3434,0.45,0.131,48,44,0.0,0.0,V1
champssports.com,/category/mens/shoes.html,20251126,2213,272,0.1229,0.427,0.312,48,45,0.133,0.0,V1
champssports.com,/category/mens/shoes.html,20251127,2204,269,0.1221,0.403,0.303,48,44,0.136,0.0,V1
champssports.com,/category/mens/shoes.html,20260214,1465,166,0.1133,0.214,0.257,48,40,0.25,0.0,V1
champssports.com,/category/mens/shoes.html,20260413,1819,256,0.1407,0.405,0.23,48,34,0.265,0.0,V1
champssports.com,/category/mens/shoes.html,20260416,1843,242,0.1313,0.263,0.211,48,37,0.351,0.0,V1
champssports.com,/category/mens/shoes.html,20260515,1842,203,0.1102,0.279,0.312,48,33,0.364,0.0,V1
champssports.com,/category/mens/shoes.html,20260530,1774,235,0.1325,0.426,0.343,48,36,0.417,0.0,V1
champssports.com,/category/mens/shoes.html,20260613,1811,284,0.1568,0.612,0.284,48,32,0.281,0.0,V1
champssports.com,/category/mens/shoes.html,20260711,1979,298,0.1506,0.5,0.279,48,32,0.375,0.0,V1
champssports.com,/category/mens/shoes.html,20260722,2046,331,0.1618,0.382,0.24,48,30,0.4,0.033,V1
champssports.com,/category/mens/shoes.html,20260805,2106,333,0.1581,0.464,0.244,48,40,0.3,0.1,V1
champssports.com,/category/mens/shoes.html,20261008,2149,227,0.106,,,,,,,V1_live
champssports.com,/category/mens/shoes/adidas-originals.html,20250805,354,114,0.322,0.278,0.192,48,38,0.0,0.0,V1
champssports.com,/category/mens/shoes/adidas-originals.html,20251109,351,14,0.0399,0.106,0.228,48,40,0.0,0.0,V1
champssports.com,/category/mens/shoes/adidas.html,20251008,727,197,0.271,0.196,0.222,48,32,0.0,0.0,V1
champssports.com,/category/mens/shoes/black.html,20250917,538,,,0.251,0.188,48,39,0.0,0.0,V1
champssports.com,/category/mens/shoes/black.html,20251020,559,,,0.244,0.159,48,42,0.429,0.0,V1
champssports.com,/category/mens/shoes/black.html,20251103,677,,,0.124,0.307,48,41,0.195,0.0,V1
champssports.com,/category/mens/shoes/cleats.html,20250815,272,81,0.2978,0.372,0.301,48,39,0.0,0.0,V1
champssports.com,/category/mens/shoes/cleats.html,20251117,209,,,0.0,,48,19,0.158,0.0,V1
champssports.com,/category/mens/shoes/large-sizes.html,20251109,1544,149,0.0965,0.219,0.295,48,41,0.098,0.0,V1
champssports.com,/category/mens/shoes/new-balance.html,20251110,109,30,0.2752,0.272,0.406,48,40,0.0,0.0,V1
champssports.com,/category/mens/shoes/nike.html,20250909,715,159,0.2224,0.219,0.11,48,38,0.0,0.0,V1
champssports.com,/category/mens/shoes/puma.html,20250809,185,139,0.7514,0.638,0.177,48,13,0.0,0.0,V1
champssports.com,/category/mens/shoes/reebok.html,20250913,128,12,0.0938,0.053,0.257,48,31,0.0,0.0,V1
champssports.com,/category/mens/shoes/white.html,20251008,838,271,0.3234,0.339,0.201,48,40,0.0,0.0,V1
champssports.com,/category/new-arrivals.html,20240113,1067,12,0.0112,0.109,0.263,48,30,0.0,0.0,W03
champssports.com,/category/new-arrivals.html,20240217,3437,31,0.009,0.163,0.158,48,29,0.0,0.0,W03
champssports.com,/category/new-arrivals.html,20240312,3623,28,0.0077,0.194,0.174,48,23,0.0,0.0,W03
champssports.com,/category/new-arrivals.html,20240418,3440,37,0.0108,0.142,0.253,48,33,0.0,0.0,W03
champssports.com,/category/new-arrivals.html,20240515,2646,15,0.0057,0.156,0.21,48,13,0.0,0.0,W03
champssports.com,/category/new-arrivals.html,20240617,2088,8,0.0038,0.206,0.152,48,20,0.0,0.0,W03
champssports.com,/category/new-arrivals.html,20240716,1817,18,0.0099,0.167,0.315,48,26,0.0,0.0,W03
champssports.com,/category/new-arrivals.html,20240813,849,34,0.04,0.214,0.167,48,30,0.0,0.0,W03
champssports.com,/category/new-arrivals.html,20240914,721,21,0.0291,0.152,0.108,48,14,0.0,0.0,W03
champssports.com,/category/new-arrivals.html,20241003,950,24,0.0253,0.08,0.195,48,30,0.0,0.0,W03
champssports.com,/category/new-arrivals.html,20241122,623,,,0.125,0.165,48,32,0.0,0.0,W03
champssports.com,/category/new-arrivals.html,20250115,366,,,0.109,0.108,48,40,0.0,0.0,W03
champssports.com,/category/new-arrivals.html,20250225,746,,,0.091,0.135,48,33,0.0,0.0,W03
champssports.com,/category/new-arrivals.html,20250413,581,,,0.291,0.181,48,32,0.0,0.0,W03
champssports.com,/category/new-arrivals.html,20250501,591,,,0.219,0.183,48,34,0.0,0.0,W03
champssports.com,/category/new-arrivals.html,20250618,673,,,0.244,0.178,48,30,0.0,0.0,W03
champssports.com,/category/new-arrivals.html,20250810,576,,,0.153,0.272,48,36,0.0,0.0,W03
champssports.com,/category/new-arrivals.html,20250916,674,,,0.085,0.121,48,21,0.238,0.0,W03
champssports.com,/category/new-arrivals.html,20251027,691,,,0.0,,48,29,0.724,0.0,W03
champssports.com,/category/new-arrivals.html,20251207,372,,,0.103,0.18,48,22,0.864,0.0,W03
champssports.com,/category/new-arrivals.html,20260105,266,,,0.106,0.478,48,25,0.64,0.0,W03
champssports.com,/category/new-arrivals.html,20260416,1053,,,0.098,0.212,48,26,0.885,0.0,W03
champssports.com,/category/new-arrivals.html,20260721,1124,,,0.159,0.211,48,25,0.88,0.76,W03
champssports.com,/category/sale.html,20240113,5448,5398,0.9908,0.63,0.381,48,42,0.0,0.0,V1
champssports.com,/category/sale.html,20240120,5172,5128,0.9915,0.559,0.372,48,34,0.0,0.0,V1
champssports.com,/category/sale.html,20240127,4831,4780,0.9894,0.533,0.411,48,29,0.0,0.0,V1
champssports.com,/category/sale.html,20240203,5101,5054,0.9908,0.605,0.413,48,32,0.0,0.0,V1
champssports.com,/category/sale.html,20240205,4978,4931,0.9906,0.641,0.363,48,30,0.0,0.0,V1
champssports.com,/category/sale.html,20240210,4917,4868,0.99,0.647,0.379,48,28,0.0,0.0,V1
champssports.com,/category/sale.html,20240224,5554,5502,0.9906,0.626,0.328,48,32,0.0,0.0,V1
champssports.com,/category/sale.html,20240312,5258,5173,0.9838,0.488,0.272,48,26,0.0,0.0,V1
champssports.com,/category/sale.html,20240319,4719,4636,0.9824,0.489,0.179,48,29,0.0,0.0,V1
champssports.com,/category/sale.html,20240326,4978,4894,0.9831,0.575,0.256,48,28,0.0,0.0,V1
champssports.com,/category/sale.html,20240327,5010,4925,0.983,0.616,0.25,48,34,0.0,0.0,V1
champssports.com,/category/sale.html,20240328,5110,5030,0.9843,0.572,0.252,48,32,0.0,0.0,V1
champssports.com,/category/sale.html,20240403,5119,5031,0.9828,0.489,0.261,48,29,0.0,0.0,V1
champssports.com,/category/sale.html,20240404,5254,5168,0.9836,0.478,0.252,48,35,0.0,0.0,V1
champssports.com,/category/sale.html,20240410,5052,4965,0.9828,0.49,0.259,48,32,0.0,0.0,V1
champssports.com,/category/sale.html,20240418,4992,4922,0.986,0.546,0.28,48,35,0.0,0.0,V1
champssports.com,/category/sale.html,20240425,5018,4952,0.9868,0.515,0.265,48,38,0.0,0.0,V1
champssports.com,/category/sale.html,20240426,927,866,0.9342,0.556,0.296,48,30,0.0,0.0,V1
champssports.com,/category/sale.html,20240503,824,779,0.9454,0.533,0.28,48,21,0.0,0.0,V1
champssports.com,/category/sale.html,20240504,816,774,0.9485,0.5,0.304,48,22,0.0,0.0,V1
champssports.com,/category/sale.html,20240511,5008,4965,0.9914,0.664,0.276,48,33,0.0,0.0,V1
champssports.com,/category/sale.html,20240515,4845,4802,0.9911,0.578,0.264,48,32,0.0,0.0,V1
champssports.com,/category/sale.html,20240518,4847,4801,0.9905,0.546,0.275,48,32,0.0,0.0,V1
champssports.com,/category/sale.html,20240525,4986,4945,0.9918,0.672,0.261,48,33,0.0,0.0,V1
champssports.com,/category/sale.html,20240602,4853,4812,0.9916,0.604,0.373,48,29,0.0,0.0,V1
champssports.com,/category/sale.html,20240609,5098,5051,0.9908,0.612,0.426,48,31,0.0,0.0,V1
champssports.com,/category/sale.html,20240610,5256,5210,0.9912,0.542,0.384,48,29,0.0,0.0,V1
champssports.com,/category/sale.html,20240617,5190,5139,0.9902,0.515,0.336,48,31,0.0,0.0,V1
champssports.com,/category/sale.html,20240618,5147,5096,0.9901,0.523,0.344,48,31,0.0,0.0,V1
champssports.com,/category/sale.html,20240619,5105,5052,0.9896,0.56,0.387,48,31,0.0,0.0,V1
champssports.com,/category/sale.html,20240625,5150,5105,0.9913,0.634,0.378,48,33,0.0,0.0,V1
champssports.com,/category/sale.html,20240626,5127,,,0.624,0.393,48,33,0.0,0.0,V1
champssports.com,/category/sale.html,20240702,5826,5783,0.9926,0.6,0.342,48,30,0.0,0.0,V1
champssports.com,/category/sale.html,20240709,5700,5657,0.9925,0.556,0.355,48,31,0.0,0.0,V1
champssports.com,/category/sale.html,20240716,6021,5980,0.9932,0.605,0.341,48,28,0.0,0.0,V1
champssports.com,/category/sale.html,20240723,6442,6404,0.9941,0.587,0.351,48,30,0.0,0.0,V1
champssports.com,/category/sale.html,20240730,6340,6300,0.9937,0.549,0.303,48,36,0.0,0.0,V1
champssports.com,/category/sale.html,20240806,6319,6285,0.9946,0.619,0.341,48,32,0.0,0.0,V1
champssports.com,/category/sale.html,20240813,6230,6209,0.9966,0.674,0.396,48,23,0.0,0.0,V1
champssports.com,/category/sale.html,20240820,6057,6034,0.9962,0.615,0.302,48,34,0.0,0.0,V1
champssports.com,/category/sale.html,20240827,5722,5702,0.9965,0.551,0.302,48,30,0.0,0.0,V1
champssports.com,/category/sale.html,20240828,5794,5772,0.9962,0.525,0.288,48,29,0.0,0.0,V1
champssports.com,/category/sale.html,20240904,5902,5885,0.9971,0.542,0.277,48,31,0.0,0.0,V1
champssports.com,/category/sale.html,20240911,5830,5812,0.9969,0.432,0.311,48,29,0.0,0.0,V1
champssports.com,/category/sale.html,20240912,5847,5828,0.9968,0.504,0.311,48,30,0.0,0.0,V1
champssports.com,/category/sale.html,20240915,5722,5705,0.997,0.473,0.299,48,32,0.0,0.0,V1
champssports.com,/category/sale.html,20240918,5447,5427,0.9963,0.453,0.335,48,34,0.0,0.0,V1
champssports.com,/category/sale.html,20240919,5655,5633,0.9961,0.493,0.343,48,36,0.0,0.0,V1
champssports.com,/category/sale.html,20240926,5578,5554,0.9957,0.44,0.314,48,30,0.0,0.0,V1
champssports.com,/category/sale.html,20241003,5487,5466,0.9962,0.41,0.28,48,33,0.0,0.0,V1
champssports.com,/category/sale.html,20241115,4134,4122,0.9971,0.574,0.222,48,27,0.0,0.0,V1
champssports.com,/category/sale.html,20250117,3227,3227,1.0,0.6,0.232,48,26,0.0,0.0,V1
champssports.com,/category/sale.html,20250123,3168,3168,1.0,0.565,0.237,48,32,0.0,0.0,V1
champssports.com,/category/sale.html,20250130,3007,3007,1.0,0.442,0.269,48,33,0.0,0.0,V1
champssports.com,/category/sale.html,20250212,3127,3127,1.0,0.508,0.285,48,26,0.0,0.0,V1
champssports.com,/category/sale.html,20250309,3743,3743,1.0,0.556,0.268,48,29,0.0,0.0,V1
champssports.com,/category/sale.html,20250311,3728,3728,1.0,0.591,0.316,48,32,0.0,0.0,V1
champssports.com,/category/sale.html,20250401,3453,3418,0.9899,0.293,0.27,48,37,0.0,0.0,V1
champssports.com,/category/sale.html,20250415,3645,3645,1.0,0.5,0.217,48,35,0.0,0.0,V1
champssports.com,/category/sale.html,20250422,3624,3624,1.0,0.5,0.234,48,31,0.0,0.0,V1
champssports.com,/category/sale.html,20250501,3383,3383,1.0,0.486,0.284,48,32,0.0,0.0,V1
champssports.com,/category/sale.html,20250520,3617,3617,1.0,0.338,0.284,48,28,0.0,0.0,V1
champssports.com,/category/sale.html,20250810,3691,3691,1.0,0.514,0.198,48,33,0.0,0.0,V1
champssports.com,/category/sale.html,20250818,3932,3932,1.0,0.578,0.26,48,30,0.0,0.0,V1
champssports.com,/category/sale.html,20250910,3611,3611,1.0,0.603,0.25,48,35,0.0,0.0,V1
champssports.com,/category/sale.html,20251019,3601,3601,1.0,0.466,0.2,48,34,0.0,0.0,V1
champssports.com,/category/sale.html,20251022,3612,3612,1.0,0.528,0.245,48,36,0.0,0.0,V1
champssports.com,/category/sale.html,20251023,3583,3583,1.0,0.532,0.246,48,35,0.0,0.0,V1
champssports.com,/category/sale.html,20251026,2819,2819,1.0,0.494,0.35,48,34,0.0,0.0,V1
champssports.com,/category/sale.html,20251030,2257,2257,1.0,0.449,0.283,48,32,0.0,0.0,V1
champssports.com,/category/sale.html,20251031,2250,2250,1.0,0.451,0.287,48,33,0.03,0.0,V1
champssports.com,/category/sale.html,20251107,1177,1177,1.0,0.314,0.233,48,38,0.0,0.0,V1
champssports.com,/category/sale.html,20251115,880,880,1.0,0.324,0.282,48,37,0.027,0.0,V1
champssports.com,/category/sale.html,20251116,1220,1220,1.0,0.347,0.279,48,37,0.027,0.0,V1
champssports.com,/category/sale.html,20251118,1195,1195,1.0,0.326,0.278,48,38,0.026,0.0,V1
champssports.com,/category/sale.html,20251119,1236,1236,1.0,0.353,0.292,48,41,0.049,0.0,V1
champssports.com,/category/sale.html,20251120,1391,1391,1.0,0.335,0.286,48,40,0.15,0.0,V1
champssports.com,/category/sale.html,20251122,1445,1445,1.0,0.323,0.272,48,43,0.163,0.0,V1
champssports.com,/category/sale.html,20251123,1429,1429,1.0,0.367,0.284,48,42,0.143,0.0,V1
champssports.com,/category/sale.html,20251124,1422,1422,1.0,0.375,0.266,48,43,0.209,0.0,V1
champssports.com,/category/sale.html,20251128,1639,1639,1.0,0.366,0.272,48,44,0.136,0.0,V1
champssports.com,/category/sale.html,20251202,1474,1474,1.0,0.395,0.252,48,43,0.163,0.0,V1
champssports.com,/category/sale.html,20251203,1487,1487,1.0,0.395,0.262,48,40,0.125,0.0,V1
champssports.com,/category/sale.html,20251205,1454,1454,1.0,0.375,0.236,48,46,0.13,0.0,V1
champssports.com,/category/sale.html,20251206,1449,1449,1.0,0.364,0.238,48,41,0.122,0.0,V1
champssports.com,/category/sale.html,20251207,1425,1425,1.0,0.317,0.234,48,39,0.154,0.0,V1
champssports.com,/category/sale.html,20251209,1416,1416,1.0,0.409,0.24,48,34,0.118,0.0,V1
champssports.com,/category/sale.html,20251210,1395,1395,1.0,0.358,0.264,48,37,0.108,0.0,V1
champssports.com,/category/sale.html,20251212,1414,1414,1.0,0.401,0.297,48,36,0.111,0.0,V1
champssports.com,/category/sale.html,20260114,957,957,1.0,0.212,0.193,48,37,0.054,0.0,V1
champssports.com,/category/sale.html,20260126,883,883,1.0,0.158,0.191,48,33,0.091,0.0,V1
champssports.com,/category/sale.html,20260210,734,734,1.0,0.25,0.203,48,38,0.132,0.0,V1
champssports.com,/category/sale.html,20260217,811,811,1.0,0.366,0.467,48,31,0.161,0.0,V1
champssports.com,/category/sale.html,20260309,924,924,1.0,0.29,0.201,48,34,0.353,0.0,V1
champssports.com,/category/sale.html,20260330,1212,1212,1.0,0.376,0.232,48,39,0.308,0.0,V1
champssports.com,/category/sale.html,20260412,1191,1189,0.9983,0.367,0.219,48,37,0.189,0.0,V1
champssports.com,/category/sale.html,20260423,1122,1122,1.0,0.34,0.217,48,38,0.184,0.0,V1
champssports.com,/category/sale.html,20260720,1705,1705,1.0,0.548,0.265,48,26,0.346,0.038,V1
champssports.com,/category/sale.html,20260722,1721,1721,1.0,0.463,0.27,48,33,0.273,0.03,V1
champssports.com,/category/sale.html,20260724,1254,1254,1.0,0.743,0.209,48,10,0.6,0.0,V1
champssports.com,/category/sale.html,20260808,1711,1711,1.0,0.599,0.238,48,39,0.385,0.051,V1
champssports.com,/category/sale.html,20260906,1521,1517,0.9974,0.471,0.281,48,40,0.45,0.05,V1
champssports.com,/category/sale.html,20261008,1495,1495,1.0,,,,,,,V1_live
champssports.com,/category/sale/accessories.html,20250810,426,426,1.0,0.658,0.197,48,20,0.0,0.0,V1
champssports.com,/category/sale/accessories.html,20251103,174,174,1.0,0.808,0.579,48,2,0.5,0.0,V1
champssports.com,/category/sale/accessories.html,20251117,151,151,1.0,0.5,0.545,48,7,0.0,0.0,V1
champssports.com,/category/sale/accessories/bags.html,20250906,246,70,0.2846,0.19,0.149,48,32,0.0,0.0,V1
champssports.com,/category/sale/accessories/gym-sacks.html,20250813,2255,575,0.255,0.026,0.111,48,28,0.0,0.0,V1
champssports.com,/category/sale/accessories/gym-sacks.html,20251109,2213,154,0.0696,0.109,0.559,48,8,0.375,0.0,V1
champssports.com,/category/sale/accessories/hats.html,20250811,268,268,1.0,0.625,0.32,48,5,0.0,0.0,V1
champssports.com,/category/sale/accessories/jordan.html,20250804,2277,554,0.2433,0.091,0.18,48,21,0.0,0.0,V1
champssports.com,/category/sale/accessories/jordan.html,20251010,2486,726,0.292,0.0,,48,11,0.545,0.0,V1
champssports.com,/category/sale/accessories/socks.html,20250814,181,181,1.0,1.0,0.182,48,31,0.0,0.0,V1
champssports.com,/category/sale/adidas.html,20250810,606,606,1.0,0.337,0.241,48,41,0.0,0.0,V1
champssports.com,/category/sale/adidas.html,20251013,576,576,1.0,0.412,0.266,48,28,0.0,0.0,V1
champssports.com,/category/sale/adidas/kids.html,20250814,123,123,1.0,0.357,0.23,48,30,0.0,0.0,V1
champssports.com,/category/sale/adidas/mens.html,20250814,416,416,1.0,0.424,0.238,48,36,0.0,0.0,V1
champssports.com,/category/sale/adidas/shoes.html,20251012,401,398,0.9925,0.225,0.236,48,36,0.0,0.0,V1
champssports.com,/category/sale/boys.html,20250810,530,530,1.0,0.462,0.164,48,34,0.0,0.0,V1
champssports.com,/category/sale/boys.html,20250815,622,622,1.0,0.617,0.187,48,37,0.0,0.0,V1
champssports.com,/category/sale/boys/shoes.html,20250810,536,529,0.9869,0.535,0.189,48,25,0.0,0.0,V1
champssports.com,/category/sale/clothing.html,20250810,1263,1263,1.0,0.817,0.332,48,41,0.0,0.0,V1
champssports.com,/category/sale/clothing.html,20251007,995,995,1.0,,,0,0,,,V1
champssports.com,/category/sale/clothing/fleece.html,20250814,568,292,0.5141,0.417,0.326,48,33,0.0,0.0,V1
champssports.com,/category/sale/clothing/fleece.html,20251115,319,26,0.0815,0.122,0.356,48,40,0.125,0.0,V1
champssports.com,/category/sale/clothing/jordan.html,20250815,197,195,0.9898,0.772,0.301,48,19,0.0,0.0,V1
champssports.com,/category/sale/clothing/jordan/sweatpants.html,20250814,119,56,0.4706,0.623,0.296,48,25,0.0,0.0,V1
champssports.com,/category/sale/clothing/shorts.html,20251010,238,238,1.0,0.799,0.466,48,34,0.029,0.0,V1
champssports.com,/category/sale/clothing/t-shirts.html,20251010,386,386,1.0,0.763,0.244,48,40,0.0,0.0,V1
champssports.com,/category/sale/fall.html,20251111,285,17,0.0596,0.193,0.287,48,27,0.0,0.0,V1
champssports.com,/category/sale/fall/footwear.html,20251108,279,12,0.043,0.103,0.443,48,24,0.0,0.0,V1
champssports.com,/category/sale/flx-mos.html,20250814,9731,3799,0.3904,0.48,0.201,48,41,0.0,0.0,V1
champssports.com,/category/sale/flx-mos.html,20251115,6651,791,0.1189,0.265,0.373,48,42,0.0,0.0,V1
champssports.com,/category/sale/girls.html,20250810,199,199,1.0,0.423,0.181,48,15,0.0,0.0,V1
champssports.com,/category/sale/girls.html,20250812,196,196,1.0,0.429,0.217,48,20,0.0,0.0,V1
champssports.com,/category/sale/grade-school.html,20250814,1141,486,0.4259,0.282,0.18,48,32,0.0,0.0,V1
champssports.com,/category/sale/grade-school.html,20251113,1129,98,0.0868,0.202,0.274,48,31,0.194,0.0,V1
champssports.com,/category/sale/jordan.html,20250810,408,408,1.0,0.618,0.193,48,31,0.0,0.0,V1
champssports.com,/category/sale/jordan.html,20251111,117,117,1.0,0.292,0.213,48,30,0.067,0.0,V1
champssports.com,/category/sale/jordan/kids.html,20250812,140,140,1.0,0.63,0.148,48,22,0.0,0.0,V1
champssports.com,/category/sale/jordan/mens.html,20250917,248,248,1.0,0.563,0.255,48,30,0.0,0.0,V1
champssports.com,/category/sale/kids.html,20250810,729,729,1.0,0.455,0.171,48,35,0.0,0.0,V1
champssports.com,/category/sale/kids.html,20251022,704,704,1.0,0.314,0.167,48,33,0.03,0.0,V1
champssports.com,/category/sale/kids/shoes.html,20251112,156,156,1.0,0.291,0.273,48,28,0.107,0.0,V1
champssports.com,/category/sale/kids/shoes/adidas.html,20250812,127,123,0.9685,0.449,0.252,48,24,0.0,0.0,V1
champssports.com,/category/sale/kids/shoes/jordan.html,20250808,146,143,0.9795,0.711,0.166,48,23,0.0,0.0,V1
champssports.com,/category/sale/kids/shoes/jordan.html,20251010,155,151,0.9742,0.595,0.209,48,28,0.0,0.0,V1
champssports.com,/category/sale/kids/shoes/nike.html,20251010,114,102,0.8947,0.225,0.196,48,34,0.0,0.0,V1
champssports.com,/category/sale/labor-day.html,20250810,342,323,0.9444,0.708,0.32,48,10,0.0,0.0,V1
champssports.com,/category/sale/mens.html,20250810,2528,2528,1.0,0.599,0.236,48,39,0.0,0.0,V1
champssports.com,/category/sale/mens.html,20250815,2796,2796,1.0,0.665,0.235,48,46,0.0,0.0,V1
champssports.com,/category/sale/mens.html,20251022,2489,2489,1.0,0.712,0.329,48,39,0.026,0.0,V1
champssports.com,/category/sale/mens/clothing.html,20250917,1183,1183,1.0,0.911,0.319,48,41,0.0,0.0,V1
champssports.com,/category/sale/mens/clothing/nike.html,20251014,306,301,0.9837,0.429,0.38,48,23,0.0,0.0,V1
champssports.com,/category/sale/mens/clothing/sweatpants.html,20250814,121,57,0.4711,0.691,0.292,48,24,0.0,0.0,V1
champssports.com,/category/sale/mens/clothing/t-shirts.html,20250812,448,447,0.9978,0.715,0.224,48,41,0.0,0.0,V1
champssports.com,/category/sale/mens/nike.html,20250813,823,819,0.9951,0.596,0.226,48,38,0.0,0.0,V1
champssports.com,/category/sale/mens/shoes.html,20250814,918,918,1.0,0.519,0.155,48,40,0.0,0.0,V1
champssports.com,/category/sale/mens/shoes.html,20251110,197,197,1.0,0.252,0.332,48,38,0.0,0.0,V1
champssports.com,/category/sale/mens/shoes/adidas-originals.html,20250808,222,215,0.9685,0.461,0.258,48,30,0.0,0.0,V1
champssports.com,/category/sale/mens/shoes/nike.html,20251013,177,177,1.0,0.342,0.223,48,31,0.0,0.0,V1
champssports.com,/category/sale/mens/shoes/nike/air-max.html,20251115,270,20,0.0741,0.11,0.219,48,38,0.605,0.0,V1
champssports.com,/category/sale/mens/shoes/puma.html,20251109,167,10,0.0599,0.135,0.2,48,10,0.0,0.0,V1
champssports.com,/category/sale/mens/shoes/reebok.html,20250812,131,12,0.0916,0.01,0.25,48,31,0.0,0.0,V1
champssports.com,/category/sale/mens/shoes/under-armour.html,20251008,136,53,0.3897,0.494,0.311,48,35,0.0,0.0,V1
champssports.com,/category/sale/mitchell-ness.html,20250810,3678,3668,0.9973,0.608,0.299,48,41,0.0,0.0,V1
champssports.com,/category/sale/mitchell-ness.html,20250917,3624,3616,0.9978,0.616,0.234,48,40,0.0,0.0,V1
champssports.com,/category/sale/new-balance.html,20250815,278,278,1.0,0.537,0.275,48,36,0.0,0.0,V1
champssports.com,/category/sale/new-balance.html,20251102,128,128,1.0,0.405,0.274,48,27,0.0,0.0,V1
champssports.com,/category/sale/new-markdowns.html,20251030,1902,1882,0.9895,0.316,0.367,48,29,0.034,0.0,V1
champssports.com,/category/sale/nike.html,20250810,772,772,1.0,0.484,0.181,48,42,0.0,0.0,V1
champssports.com,/category/sale/nike.html,20251007,805,805,1.0,0.367,0.209,48,38,0.0,0.0,V1
champssports.com,/category/sale/nike.html,20251027,643,643,1.0,0.411,0.334,48,33,0.0,0.0,V1
champssports.com,/category/sale/nike/kids.html,20251017,124,124,1.0,0.393,0.207,48,37,0.0,0.0,V1
champssports.com,/category/sale/nike/mens.html,20250918,636,636,1.0,0.5,0.247,48,40,0.0,0.0,V1
champssports.com,/category/sale/outlet.html,20250814,726,726,1.0,0.6,0.269,48,19,0.0,0.0,V1
champssports.com,/category/sale/presidents-day.html,20250810,3656,3656,1.0,0.507,0.243,48,36,0.0,0.0,V1
champssports.com,/category/sale/puma.html,20250815,403,403,1.0,0.87,0.238,48,8,0.0,0.0,V1
champssports.com,/category/sale/shoes.html,20250810,1979,1979,1.0,0.448,0.203,48,35,0.0,0.0,V1
champssports.com,/category/sale/shoes.html,20251010,1891,1891,1.0,0.446,0.215,48,43,0.0,0.0,V1
champssports.com,/category/sale/shoes.html,20251022,1826,1826,1.0,0.366,0.215,48,34,0.0,0.0,V1
champssports.com,/category/sale/shoes.html,20251029,1366,1366,1.0,0.391,0.307,48,27,0.0,0.0,V1
champssports.com,/category/sale/shoes/casual.html,20250812,1389,1389,1.0,0.506,0.18,48,41,0.0,0.0,V1
champssports.com,/category/sale/shoes/new-balance.html,20251012,153,153,1.0,0.671,0.208,48,36,0.0,0.0,V1
champssports.com,/category/sale/shoes/nike.html,20251008,357,348,0.9748,0.261,0.183,48,38,0.0,0.0,V1
champssports.com,/category/sale/shoes/puma.html,20251007,205,205,1.0,0.581,0.194,48,19,0.0,0.0,V1
champssports.com,/category/sale/spring.html,20250810,131,99,0.7557,0.864,0.292,48,16,0.0,0.0,V1
champssports.com,/category/sale/spring.html,20250815,131,106,0.8092,0.873,0.277,48,13,0.0,0.0,V1
champssports.com,/category/sale/summer.html,20250814,188,,,0.551,0.221,48,28,0.0,0.0,V1
champssports.com,/category/sale/summer/tees-t-shirts.html,20250916,144,111,0.7708,0.604,0.316,48,31,0.0,0.0,V1
champssports.com,/category/sale/top-rated-styles.html,20250811,2710,2710,1.0,0.506,0.244,48,40,0.0,0.0,V1
champssports.com,/category/sale/top-rated-styles.html,20251114,566,566,1.0,0.503,0.268,48,37,0.027,0.0,V1
champssports.com,/category/sale/womens.html,20250810,402,402,1.0,0.439,0.241,48,43,0.0,0.0,V1
champssports.com,/category/sale/womens.html,20251008,370,370,1.0,0.365,0.207,48,35,0.114,0.0,V1
champssports.com,/category/sale/womens.html,20251022,364,364,1.0,0.391,0.251,48,37,0.0,0.0,V1
champssports.com,/category/sale/womens/clothing.html,20251008,1711,378,0.2209,0.071,0.153,48,43,0.279,0.0,V1
champssports.com,/category/sale/womens/clothing/hoodies.html,20251113,941,916,0.9734,0.661,0.31,48,30,0.0,0.0,V1
champssports.com,/category/sale/womens/shoes.html,20251117,104,104,1.0,0.301,0.39,48,40,0.0,0.0,V1
champssports.com,/category/sale/womens/shoes/adidas-originals.html,20250808,1532,458,0.299,0.149,0.173,48,39,0.0,0.0,V1
champssports.com,/category/sale/womens/shoes/adidas.html,20250815,361,88,0.2438,0.209,0.184,48,44,0.0,0.0,V1
champssports.com,/category/sale/womens/shoes/new-balance.html,20251010,1714,372,0.217,0.097,0.255,48,43,0.209,0.0,V1
champssports.com,/category/sale/womens/shoes/running.html,20250810,209,67,0.3206,0.387,0.219,48,32,0.0,0.0,V1
champssports.com,/category/shoes.html,20240620,7336,2283,0.3112,0.145,0.351,48,33,0.0,0.0,V1
champssports.com,/category/shoes.html,20250130,6125,1541,0.2516,0.218,0.155,48,41,0.0,0.0,V1
champssports.com,/category/shoes.html,20250211,6156,1761,0.2861,0.14,0.185,48,33,0.0,0.0,V1
champssports.com,/category/shoes.html,20250318,5706,1763,0.309,0.126,0.211,48,40,0.0,0.0,V1
champssports.com,/category/shoes.html,20250714,6110,1944,0.3182,0.345,0.12,48,38,0.0,0.0,V1
champssports.com,/category/shoes.html,20260512,4668,475,0.1018,0.293,0.299,48,33,0.273,0.0,V1
champssports.com,/category/shoes.html,20260628,4245,564,0.1329,0.386,0.257,48,27,0.333,0.0,V1
champssports.com,/category/shoes.html,20261008,5526,513,0.093,,,,,,,V1_live
champssports.com,/category/womens/clothing.html,20240328,6840,343,0.0501,0.605,0.285,48,27,0.0,0.0,V1
champssports.com,/category/womens/shoes.html,20240328,1541,633,0.4108,0.534,0.209,48,38,0.0,0.0,V1
champssports.com,/category/womens/shoes.html,20250422,1395,390,0.2796,0.23,0.261,48,45,0.0,0.0,V1
champssports.com,/category/womens/shoes.html,20250427,1344,366,0.2723,0.214,0.242,48,46,0.0,0.0,V1
champssports.com,/category/womens/shoes.html,20250501,1332,358,0.2688,0.201,0.241,48,45,0.0,0.0,V1
champssports.com,/category/womens/shoes.html,20250520,1326,352,0.2655,0.214,0.354,48,41,0.0,0.0,V1
champssports.com,/category/womens/shoes.html,20250809,1459,422,0.2892,0.297,0.215,48,45,0.0,0.0,V1
champssports.com,/category/womens/shoes.html,20251209,1131,100,0.0884,0.289,0.401,48,40,0.1,0.0,V1
champssports.com,/category/womens/shoes.html,20260214,1084,54,0.0498,0.133,0.252,48,39,0.179,0.0,V1
champssports.com,/category/womens/shoes.html,20260314,1179,80,0.0679,0.2,0.305,48,37,0.297,0.0,V1
champssports.com,/category/womens/shoes.html,20260412,1325,92,0.0694,0.32,0.253,48,39,0.282,0.0,V1
champssports.com,/category/womens/shoes.html,20260416,1348,79,0.0586,0.119,0.288,48,39,0.231,0.0,V1
champssports.com,/category/womens/shoes.html,20260509,1254,81,0.0646,0.126,0.283,48,40,0.1,0.0,V1
champssports.com,/category/womens/shoes.html,20260721,1588,121,0.0762,0.144,0.271,48,34,0.382,0.0,V1
champssports.com,/category/womens/shoes.html,20260815,1548,152,0.0982,0.321,0.319,48,30,0.267,0.0,V1
champssports.com,/category/womens/shoes.html,20261008,1684,104,0.062,,,,,,,V1_live
champssports.com,/category/womens/shoes/adidas-originals.html,20250804,244,55,0.2254,0.279,0.199,48,47,0.0,0.0,V1
champssports.com,/category/womens/shoes/adidas.html,20250808,350,87,0.2486,0.243,0.197,48,44,0.0,0.0,V1
champssports.com,/category/womens/shoes/best.html,20251012,760,184,0.2421,0.224,0.178,48,40,0.075,0.0,V1
footlocker.ca,/category/boys/clothing.html,20250916,543,351,0.6464,0.513,0.248,48,42,0.0,0.0,V1
footlocker.ca,/category/kids.html,20250828,1659,953,0.5744,0.34,0.226,48,35,0.0,0.0,V1
footlocker.ca,/category/kids.html,20260101,1171,599,0.5115,0.595,0.319,48,40,0.15,0.0,V1
footlocker.ca,/category/kids/shoes.html,20250429,984,541,0.5498,0.152,0.27,48,30,0.0,0.0,V1
footlocker.ca,/category/kids/shoes.html,20250709,1013,585,0.5775,0.413,0.265,48,34,0.0,0.0,V1
footlocker.ca,/category/kids/shoes.html,20250830,948,476,0.5021,0.358,0.209,48,0,,,V1
footlocker.ca,/category/kids/shoes.html,20260101,655,295,0.4504,0.386,0.369,48,35,0.029,0.0,V1
footlocker.ca,/category/kids/shoes.html,20260215,592,242,0.4088,0.417,0.285,48,29,0.241,0.0,V1
footlocker.ca,/category/kids/shoes.html,20261008,837,295,0.352,,,,,,,V1_live
footlocker.ca,/category/kids/shoes/infant-toddler/sizes/5-0.html,20260612,123,56,0.4553,0.306,0.341,48,21,0.333,0.0,V1
footlocker.ca,/category/kids/shoes/infant-toddler/sizes/6-0.html,20260218,100,50,0.5,0.414,0.25,48,22,0.409,0.0,V1
footlocker.ca,/category/kids/shoes/preschool/sizes/1-0.html,20260218,117,46,0.3932,0.447,0.265,48,28,0.321,0.0,V1
footlocker.ca,/category/kids/shoes/preschool/sizes/11-0.html,20260218,125,55,0.44,0.459,0.25,48,27,0.407,0.0,V1
footlocker.ca,/category/kids/shoes/preschool/sizes/2-0.html,20260609,146,41,0.2808,0.273,0.283,48,26,0.423,0.0,V1
footlocker.ca,/category/kids/shoes/preschool/sizes/3-0.html,20260218,122,48,0.3934,0.513,0.25,48,28,0.357,0.0,V1
footlocker.ca,/category/kids/shoes/preschool/sizes/3-0.html,20260606,146,42,0.2877,0.325,0.288,48,22,0.364,0.0,V1
footlocker.ca,/category/kids/shoes/under-50.html,20260617,115,89,0.7739,0.269,0.286,48,18,0.444,0.0,V1
footlocker.ca,/category/mens.html,20250828,1813,971,0.5356,0.353,0.214,48,38,0.0,0.0,V1
footlocker.ca,/category/mens.html,20260101,1136,521,0.4586,0.46,0.367,48,42,0.071,0.0,V1
footlocker.ca,/category/mens.html,20261008,1685,523,0.31,,,,,,,V1_live
footlocker.ca,/category/mens/shoes.html,20250429,977,484,0.4954,0.366,0.256,48,39,0.0,0.0,V1
footlocker.ca,/category/mens/shoes.html,20250828,992,482,0.4859,0.336,0.235,48,37,0.0,0.0,V1
footlocker.ca,/category/mens/shoes.html,20251006,1030,480,0.466,0.302,0.265,48,43,0.023,0.0,V1
footlocker.ca,/category/mens/shoes.html,20260101,613,216,0.3524,0.407,0.358,48,39,0.051,0.0,V1
footlocker.ca,/category/mens/shoes.html,20260207,564,188,0.3333,0.427,0.287,48,34,0.294,0.0,V1
footlocker.ca,/category/mens/shoes.html,20261008,952,229,0.241,,,,,,,V1_live
footlocker.ca,/category/mens/shoes/size/10-0.html,20260218,478,167,0.3494,0.295,0.263,48,32,0.281,0.0,V1
footlocker.ca,/category/mens/shoes/size/11-0.html,20260609,637,180,0.2826,0.186,0.262,48,31,0.29,0.0,V1
footlocker.ca,/category/mens/shoes/size/11-5.html,20260218,186,56,0.3011,0.274,0.261,48,34,0.265,0.0,V1
footlocker.ca,/category/mens/shoes/size/9-0.html,20260613,659,183,0.2777,0.19,0.26,48,32,0.312,0.0,V1
footlocker.ca,/category/mens/shoes/size/9-5.html,20260218,436,155,0.3555,0.295,0.263,48,32,0.281,0.0,V1
footlocker.ca,/category/mens/shoes/size/9-5.html,20260616,615,207,0.3366,0.203,0.26,48,34,0.324,0.0,V1
footlocker.ca,/category/mens/shoes/under-100.html,20260617,117,83,0.7094,0.208,0.317,48,28,0.179,0.0,V1
footlocker.ca,/category/sale.html,20250830,2283,2283,1.0,0.48,0.228,48,0,,,V1
footlocker.ca,/category/sale.html,20251016,2345,2345,1.0,0.637,0.324,48,43,0.0,0.0,V1
footlocker.ca,/category/sale.html,20260101,1352,1352,1.0,0.592,0.349,48,38,0.079,0.0,V1
footlocker.ca,/category/sale.html,20261008,1348,1348,1.0,,,,,,,V1_live
footlocker.ca,/category/shoes.html,20261008,2245,618,0.275,,,,,,,V1_live
footlocker.ca,/category/womens.html,20250828,746,379,0.508,0.344,0.251,48,45,0.0,0.0,V1
footlocker.ca,/category/womens.html,20260101,429,190,0.4429,0.244,0.391,48,45,0.044,0.0,V1
footlocker.ca,/category/womens/clothing.html,20250429,178,122,0.6854,0.617,0.25,48,38,0.0,0.0,V1
footlocker.ca,/category/womens/clothing.html,20250828,148,108,0.7297,0.808,0.254,48,36,0.0,0.0,V1
footlocker.ca,/category/womens/clothing.html,20251006,156,108,0.6923,0.573,0.39,48,35,0.143,0.0,V1
footlocker.ca,/category/womens/shoes.html,20261008,475,100,0.211,,,,,,,V1_live
footlocker.com,/category/brands/acs.html,20250803,409,102,0.2494,0.092,0.349,48,19,0.0,0.0,V1
footlocker.com,/category/brands/acs.html,20251109,328,84,0.2561,0.0,,48,30,0.767,0.0,V1
footlocker.com,/category/brands/adidas-athletics.html,20250803,487,185,0.3799,0.043,0.242,48,29,0.0,0.0,V1
footlocker.com,/category/brands/adidas.html,20240116,3956,1089,0.2753,0.426,0.391,48,36,0.0,0.0,W03
footlocker.com,/category/brands/adidas.html,20240214,3932,923,0.2347,0.29,0.358,48,38,0.0,0.0,W03
footlocker.com,/category/brands/adidas.html,20240312,3831,974,0.2542,0.205,0.363,48,39,0.0,0.0,W03
footlocker.com,/category/brands/adidas.html,20240418,3395,711,0.2094,0.112,0.346,48,41,0.0,0.0,W03
footlocker.com,/category/brands/adidas.html,20240517,3371,856,0.2539,0.113,0.296,48,40,0.0,0.0,W03
footlocker.com,/category/brands/adidas.html,20240614,2873,890,0.3098,0.145,0.298,48,40,0.0,0.0,W03
footlocker.com,/category/brands/adidas.html,20240713,3097,911,0.2942,0.132,0.251,48,41,0.0,0.0,W03
footlocker.com,/category/brands/adidas.html,20240812,2365,902,0.3814,0.102,0.224,48,36,0.0,0.0,W03
footlocker.com,/category/brands/adidas.html,20240916,2061,959,0.4653,0.112,0.207,48,39,0.0,0.0,W03
footlocker.com,/category/brands/adidas.html,20241008,2668,948,0.3553,0.04,0.2,48,44,0.0,0.0,W03
footlocker.com,/category/brands/adidas.html,20241125,2268,894,0.3942,0.23,0.33,48,35,0.0,0.0,W03
footlocker.com,/category/brands/adidas.html,20241211,2087,870,0.4169,0.029,0.181,48,40,0.0,0.0,W03
footlocker.com,/category/brands/adidas.html,20250209,2058,637,0.3095,0.047,0.242,48,45,0.0,0.0,W03
footlocker.com,/category/brands/adidas.html,20250309,2189,637,0.291,0.162,0.288,48,44,0.0,0.0,W03
footlocker.com,/category/brands/adidas.html,20250419,2179,539,0.2474,0.177,0.251,48,45,0.0,0.0,W03
footlocker.com,/category/brands/adidas.html,20250613,2207,564,0.2556,0.289,0.34,48,44,0.0,0.0,W03
footlocker.com,/category/brands/adidas.html,20250715,2124,453,0.2133,0.173,0.21,48,43,0.0,0.0,W03
footlocker.com,/category/brands/adidas.html,20250806,2106,453,0.2151,0.249,0.313,48,43,0.0,0.0,V1
footlocker.com,/category/brands/adidas.html,20251014,2230,434,0.1946,0.263,0.31,48,43,0.023,0.0,V1
footlocker.com,/category/brands/adidas.html,20251021,2263,431,0.1905,0.244,0.292,48,45,0.022,0.0,V1
footlocker.com,/category/brands/adidas.html,20251027,2059,316,0.1535,0.273,0.519,48,46,0.065,0.0,V1
footlocker.com,/category/brands/adidas.html,20251103,2143,170,0.0793,0.078,0.285,48,46,0.065,0.0,V1
footlocker.com,/category/brands/adidas.html,20251109,2230,159,0.0713,0.067,0.335,48,45,0.089,0.0,V1
footlocker.com,/category/brands/adidas.html,20251114,1891,129,0.0682,0.061,0.33,48,46,0.087,0.0,V1
footlocker.com,/category/brands/adidas.html,20251218,1047,269,0.2569,0.25,0.385,48,38,0.184,0.0,W03
footlocker.com,/category/brands/adidas.html,20260215,1190,113,0.095,0.175,0.276,48,41,0.293,0.0,W03
footlocker.com,/category/brands/adidas.html,20260415,1722,200,0.1161,0.234,0.258,48,44,0.182,0.0,W03
footlocker.com,/category/brands/adidas.html,20260515,1636,162,0.099,0.118,0.3,48,34,0.206,0.0,W03
footlocker.com,/category/brands/adidas.html,20260726,1805,185,0.1025,0.146,0.297,48,45,0.311,0.067,W03
footlocker.com,/category/brands/adidas.html,20260908,1526,174,0.114,0.094,0.248,48,40,0.3,0.075,W03
footlocker.com,/category/brands/adidas.html,20261003,1629,219,0.1344,0.152,0.249,48,38,0.263,0.105,W03
footlocker.com,/category/brands/asics.html,20240116,146,79,0.5411,0.626,0.389,48,31,0.0,0.0,W03
footlocker.com,/category/brands/asics.html,20240214,118,47,0.3983,0.473,0.379,48,33,0.0,0.0,W03
footlocker.com,/category/brands/asics.html,20240312,115,46,0.4,0.392,0.356,48,33,0.0,0.0,W03
footlocker.com,/category/brands/asics.html,20240418,109,41,0.3761,0.344,0.334,48,34,0.0,0.0,W03
footlocker.com,/category/brands/asics.html,20240516,107,36,0.3364,0.375,0.317,48,26,0.0,0.0,W03
footlocker.com,/category/brands/asics.html,20260324,100,9,0.09,0.028,0.295,48,42,0.405,0.0,W03
footlocker.com,/category/brands/asics.html,20260507,118,14,0.1186,0.061,0.25,48,45,0.644,0.0,W03
footlocker.com,/category/brands/blanc-noir.html,20250908,1952,628,0.3217,0.273,0.274,48,41,0.0,0.0,V1
footlocker.com,/category/brands/cozi.html,20250822,115,86,0.7478,0.578,0.361,48,33,0.0,0.0,V1
footlocker.com,/category/brands/cozi.html,20250906,112,83,0.7411,0.564,0.374,48,35,0.0,0.0,V1
footlocker.com,/category/brands/cozi.html,20250907,111,82,0.7387,0.542,0.356,48,34,0.0,0.0,V1
footlocker.com,/category/brands/crocs.html,20251018,381,151,0.3963,0.392,0.336,48,21,0.0,0.0,V1
footlocker.com,/category/brands/crocs.html,20251111,360,18,0.05,0.075,0.3,48,21,0.0,0.0,V1
footlocker.com,/category/brands/hoka.html,20240116,136,25,0.1838,0.227,0.205,48,41,0.0,0.0,W03
footlocker.com,/category/brands/hoka.html,20240214,138,28,0.2029,0.248,0.2,48,45,0.0,0.0,W03
footlocker.com,/category/brands/hoka.html,20240312,149,25,0.1678,0.179,0.2,48,44,0.0,0.0,W03
footlocker.com,/category/brands/hoka.html,20240418,150,22,0.1467,0.216,0.2,48,44,0.0,0.0,W03
footlocker.com,/category/brands/hoka.html,20240517,161,19,0.118,0.099,0.212,48,45,0.0,0.0,W03
footlocker.com,/category/brands/hoka.html,20240615,159,20,0.1258,0.089,0.197,48,44,0.0,0.0,W03
footlocker.com,/category/brands/hoka.html,20240717,185,18,0.0973,0.071,0.203,48,43,0.0,0.0,W03
footlocker.com,/category/brands/hoka.html,20240916,221,15,0.0679,0.025,0.206,48,46,0.0,0.0,W03
footlocker.com,/category/brands/hoka.html,20241008,212,28,0.1321,0.05,0.206,48,44,0.0,0.0,W03
footlocker.com,/category/brands/hoka.html,20250118,213,47,0.2207,0.526,0.21,48,44,0.0,0.0,W03
footlocker.com,/category/brands/hoka.html,20250305,204,77,0.3775,0.45,0.229,48,43,0.0,0.0,W03
footlocker.com,/category/brands/hoka.html,20250423,219,64,0.2922,0.524,0.213,48,48,0.0,0.0,W03
footlocker.com,/category/brands/hoka.html,20250823,189,34,0.1799,0.262,0.205,48,45,0.0,0.0,V1
footlocker.com,/category/brands/hoka.html,20250916,252,42,0.1667,0.156,0.225,48,37,0.0,0.0,V1
footlocker.com,/category/brands/hoka.html,20251124,230,14,0.0609,0.13,0.377,48,44,0.023,0.0,W03
footlocker.com,/category/brands/hoka.html,20251210,215,6,0.0279,0.094,0.424,48,46,0.022,0.0,W03
footlocker.com,/category/brands/hoka.html,20260118,207,14,0.0676,0.174,0.259,48,46,0.022,0.0,W03
footlocker.com,/category/brands/hoka.html,20260210,196,9,0.0459,0.095,0.2,48,43,0.023,0.0,W03
footlocker.com,/category/brands/hoka.html,20260303,211,8,0.0379,0.131,0.2,48,44,0.114,0.0,W03
footlocker.com,/category/brands/hoka.html,20260415,219,33,0.1507,0.277,0.275,48,45,0.067,0.0,W03
footlocker.com,/category/brands/hoka.html,20260510,219,34,0.1553,0.281,0.257,48,47,0.043,0.0,W03
footlocker.com,/category/brands/hoka.html,20260806,190,44,0.2316,,,0,0,,,W03
footlocker.com,/category/brands/jordan.html,20240116,2247,714,0.3178,0.205,0.3,48,34,0.0,0.0,W03
footlocker.com,/category/brands/jordan.html,20240214,2331,634,0.272,0.143,0.26,48,32,0.0,0.0,W03
footlocker.com,/category/brands/jordan.html,20240312,2316,646,0.2789,0.101,0.191,48,28,0.0,0.0,W03
footlocker.com,/category/brands/jordan.html,20240418,2412,483,0.2002,0.009,0.36,48,33,0.0,0.0,W03
footlocker.com,/category/brands/jordan.html,20240515,2504,527,0.2105,0.126,0.131,48,29,0.0,0.0,W03
footlocker.com,/category/brands/jordan.html,20240614,2386,709,0.2972,0.213,0.187,48,28,0.0,0.0,W03
footlocker.com,/category/brands/jordan.html,20240713,2448,700,0.2859,0.107,0.153,48,30,0.0,0.0,W03
footlocker.com,/category/brands/jordan.html,20240812,1810,832,0.4597,0.43,0.169,48,30,0.0,0.0,W03
footlocker.com,/category/brands/jordan.html,20240916,2038,804,0.3945,0.415,0.18,48,34,0.0,0.0,W03
footlocker.com,/category/brands/jordan.html,20241008,2010,733,0.3647,0.194,0.195,48,34,0.0,0.0,W03
footlocker.com,/category/brands/jordan.html,20250613,1513,566,0.3741,0.262,0.256,48,27,0.0,0.0,W03
footlocker.com,/category/brands/jordan.html,20250719,1422,514,0.3615,0.37,0.259,48,30,0.0,0.0,W03
footlocker.com,/category/brands/jordan.html,20250806,1382,467,0.3379,0.119,0.271,48,26,0.0,0.0,V1
footlocker.com,/category/brands/jordan.html,20251029,1185,412,0.3477,0.222,0.361,48,22,0.591,0.0,V1
footlocker.com,/category/brands/jordan.html,20251109,1258,286,0.2273,0.338,0.24,48,39,0.128,0.0,V1
footlocker.com,/category/brands/jordan.html,20251111,1219,273,0.224,0.259,0.23,48,36,0.167,0.0,V1
footlocker.com,/category/brands/jordan.html,20251224,674,199,0.2953,0.353,0.352,48,24,0.125,0.0,W03
footlocker.com,/category/brands/jordan.html,20260516,1102,273,0.2477,0.262,0.267,48,20,0.6,0.0,W03
footlocker.com,/category/brands/jordan.html,20260610,1161,315,0.2713,0.407,0.219,48,24,0.667,0.0,W03
footlocker.com,/category/brands/jordan.html,20260722,1273,301,0.2364,0.261,0.23,48,17,0.706,0.118,W03
footlocker.com,/category/brands/ligne.html,20250803,9873,129,0.0131,0.46,0.315,48,17,0.0,0.0,V1
footlocker.com,/category/brands/mizuno.html,20250908,136,3,0.0221,0.0,,48,45,0.0,0.0,V1
footlocker.com,/category/brands/new-balance.html,20240115,525,129,0.2457,0.153,0.364,48,41,0.0,0.0,W03
footlocker.com,/category/brands/new-balance.html,20240214,493,111,0.2252,0.168,0.309,48,43,0.0,0.0,W03
footlocker.com,/category/brands/new-balance.html,20240312,519,104,0.2004,0.065,0.288,48,41,0.0,0.0,W03
footlocker.com,/category/brands/new-balance.html,20240418,522,129,0.2471,0.129,0.334,48,43,0.0,0.0,W03
footlocker.com,/category/brands/new-balance.html,20240517,528,134,0.2538,0.087,0.283,48,47,0.0,0.0,W03
footlocker.com,/category/brands/new-balance.html,20240614,577,143,0.2478,0.066,0.237,48,44,0.0,0.0,W03
footlocker.com,/category/brands/new-balance.html,20240713,584,173,0.2962,0.252,0.317,48,43,0.0,0.0,W03
footlocker.com,/category/brands/new-balance.html,20240812,561,174,0.3102,0.345,0.318,48,44,0.0,0.0,W03
footlocker.com,/category/brands/new-balance.html,20240916,621,169,0.2721,0.286,0.31,48,38,0.0,0.0,W03
footlocker.com,/category/brands/new-balance.html,20241008,616,148,0.2403,0.115,0.312,48,44,0.0,0.0,W03
footlocker.com,/category/brands/new-balance.html,20241117,607,200,0.3295,0.222,0.313,48,40,0.0,0.0,W03
footlocker.com,/category/brands/new-balance.html,20241219,544,175,0.3217,0.309,0.314,48,44,0.0,0.0,W03
footlocker.com,/category/brands/new-balance.html,20250114,584,164,0.2808,0.224,0.283,48,41,0.0,0.0,W03
footlocker.com,/category/brands/new-balance.html,20250209,572,142,0.2483,0.162,0.294,48,47,0.0,0.0,W03
footlocker.com,/category/brands/new-balance.html,20250314,569,177,0.3111,0.177,0.333,48,48,0.0,0.0,W03
footlocker.com,/category/brands/new-balance.html,20250417,612,208,0.3399,0.305,0.323,48,45,0.0,0.0,W03
footlocker.com,/category/brands/new-balance.html,20250520,617,201,0.3258,0.31,0.366,48,44,0.0,0.0,W03
footlocker.com,/category/brands/new-balance.html,20250613,622,233,0.3746,0.44,0.316,48,41,0.0,0.0,W03
footlocker.com,/category/brands/new-balance.html,20250718,645,263,0.4078,0.399,0.316,48,45,0.0,0.0,W03
footlocker.com,/category/brands/new-balance.html,20250806,639,300,0.4695,0.395,0.302,48,39,0.0,0.0,V1
footlocker.com,/category/brands/new-balance.html,20250821,611,288,0.4714,0.432,0.312,48,44,0.0,0.0,V1
footlocker.com,/category/brands/new-balance.html,20250928,648,295,0.4552,0.539,0.284,48,43,0.0,0.0,V1
footlocker.com,/category/brands/new-balance.html,20251010,633,279,0.4408,0.473,0.289,48,45,0.022,0.0,V1
footlocker.com,/category/brands/new-balance.html,20251128,429,178,0.4149,0.527,0.383,48,41,0.122,0.0,W03
footlocker.com,/category/brands/new-balance.html,20251208,422,130,0.3081,0.316,0.461,48,40,0.025,0.0,W03
footlocker.com,/category/brands/new-balance.html,20260213,314,56,0.1783,0.232,0.462,48,43,0.07,0.0,W03
footlocker.com,/category/brands/new-balance.html,20260319,383,114,0.2977,0.212,0.354,48,44,0.205,0.0,W03
footlocker.com,/category/brands/new-balance.html,20260415,403,112,0.2779,0.273,0.343,48,46,0.065,0.0,W03
footlocker.com,/category/brands/new-balance.html,20260519,404,148,0.3663,0.32,0.374,48,46,0.196,0.0,W03
footlocker.com,/category/brands/new-balance.html,20260627,441,178,0.4036,0.47,0.347,48,39,0.256,0.0,W03
footlocker.com,/category/brands/new-balance.html,20260709,447,182,0.4072,0.503,0.331,48,39,0.333,0.0,W03
footlocker.com,/category/brands/new-balance.html,20260806,458,244,0.5328,0.541,0.28,48,41,0.22,0.049,W03
footlocker.com,/category/brands/new-balance.html,20260922,484,128,0.2645,0.394,0.195,48,42,0.357,0.024,W03
footlocker.com,/category/brands/nike-jordan.html,20251113,5208,938,0.1801,0.078,0.177,48,33,0.303,0.0,V1
footlocker.com,/category/brands/nike.html,20240116,13813,1537,0.1113,0.449,0.258,48,31,0.0,0.0,W03
footlocker.com,/category/brands/nike.html,20240214,13974,1338,0.0957,0.281,0.228,48,32,0.0,0.0,W03
footlocker.com,/category/brands/nike.html,20240312,13416,1304,0.0972,0.246,0.244,48,31,0.0,0.0,W03
footlocker.com,/category/brands/nike.html,20240418,13934,914,0.0656,0.148,0.249,48,36,0.0,0.0,W03
footlocker.com,/category/brands/nike.html,20240517,14479,1550,0.1071,0.272,0.251,48,32,0.0,0.0,W03
footlocker.com,/category/brands/nike.html,20240614,13118,1775,0.1353,0.196,0.221,48,33,0.0,0.0,W03
footlocker.com,/category/brands/nike.html,20240713,13589,1520,0.1119,0.203,0.226,48,25,0.0,0.0,W03
footlocker.com,/category/brands/nike.html,20240812,4565,1808,0.3961,0.447,0.238,48,38,0.0,0.0,W03
footlocker.com,/category/brands/nike.html,20240916,4752,1624,0.3418,0.336,0.264,48,28,0.0,0.0,W03
footlocker.com,/category/brands/nike.html,20241008,4878,1765,0.3618,0.288,0.261,48,29,0.0,0.0,W03
footlocker.com,/category/brands/nike.html,20250313,3908,1161,0.2971,0.216,0.258,48,38,0.0,0.0,W03
footlocker.com,/category/brands/nike.html,20250417,3828,1124,0.2936,0.399,0.248,48,40,0.0,0.0,W03
footlocker.com,/category/brands/nike.html,20250528,3802,1050,0.2762,0.258,0.236,48,42,0.0,0.0,W03
footlocker.com,/category/brands/nike.html,20250613,3926,1263,0.3217,0.329,0.229,48,41,0.0,0.0,W03
footlocker.com,/category/brands/nike.html,20250725,3901,1291,0.3309,0.283,0.234,48,39,0.0,0.0,W03
footlocker.com,/category/brands/nike.html,20250806,3867,1246,0.3222,0.228,0.229,48,42,0.0,0.0,V1
footlocker.com,/category/brands/nike.html,20250902,3898,946,0.2427,0.249,0.225,48,0,,,V1
footlocker.com,/category/brands/nike.html,20250911,3959,967,0.2443,0.218,0.249,48,37,0.0,0.0,V1
footlocker.com,/category/brands/nike.html,20251005,4341,1071,0.2467,0.238,0.244,48,42,0.19,0.0,V1
footlocker.com,/category/brands/nike.html,20251016,4507,1080,0.2396,0.173,0.233,48,39,0.077,0.0,V1
footlocker.com,/category/brands/nike.html,20251109,4382,585,0.1335,0.073,0.212,48,38,0.079,0.0,V1
footlocker.com,/category/brands/nike.html,20251211,3383,764,0.2258,0.354,0.332,48,41,0.146,0.0,W03
footlocker.com,/category/brands/nike.html,20260122,3281,422,0.1286,0.141,0.368,48,39,0.231,0.0,W03
footlocker.com,/category/brands/nike.html,20260301,3293,373,0.1133,0.081,0.305,48,30,0.367,0.0,W03
footlocker.com,/category/brands/nike.html,20260415,4107,683,0.1663,0.176,0.236,48,36,0.5,0.0,W03
footlocker.com,/category/brands/nike.html,20260519,3196,571,0.1787,0.085,0.29,48,33,0.515,0.0,W03
footlocker.com,/category/brands/nike.html,20260708,4171,559,0.134,0.141,0.221,48,37,0.514,0.0,W03
footlocker.com,/category/brands/nike.html,20260907,4179,534,0.1278,0.227,0.223,48,39,0.538,0.077,W03
footlocker.com,/category/brands/on.html,20240116,157,11,0.0701,0.049,0.363,48,45,0.0,0.0,W03
footlocker.com,/category/brands/on.html,20240214,158,6,0.038,0.065,0.353,48,44,0.0,0.0,W03
footlocker.com,/category/brands/on.html,20240312,167,3,0.018,0.041,0.281,48,41,0.0,0.0,W03
footlocker.com,/category/brands/on.html,20240409,180,,,0.0,,48,38,0.0,0.0,W03
footlocker.com,/category/brands/on.html,20240628,181,,,0.0,,48,38,0.0,0.0,W03
footlocker.com,/category/brands/on.html,20240706,187,,,0.0,,48,38,0.0,0.0,W03
footlocker.com,/category/brands/on.html,20240822,184,,,0.0,,48,39,0.0,0.0,W03
footlocker.com,/category/brands/on.html,20240913,196,1,0.0051,0.0,,48,40,0.0,0.0,W03
footlocker.com,/category/brands/on.html,20241007,222,,,0.0,,48,35,0.0,0.0,W03
footlocker.com,/category/brands/on.html,20241116,217,9,0.0415,0.01,0.279,48,44,0.0,0.0,W03
footlocker.com,/category/brands/on.html,20241209,215,22,0.1023,0.071,0.266,48,42,0.0,0.0,W03
footlocker.com,/category/brands/on.html,20250114,199,19,0.0955,0.072,0.233,48,42,0.0,0.0,W03
footlocker.com,/category/brands/on.html,20250209,198,11,0.0556,0.112,0.232,48,44,0.0,0.0,W03
footlocker.com,/category/brands/on.html,20250314,203,69,0.3399,0.336,0.255,48,40,0.0,0.0,W03
footlocker.com,/category/brands/on.html,20250407,188,36,0.1915,0.103,0.206,48,41,0.0,0.0,W03
footlocker.com,/category/brands/on.html,20250520,196,24,0.1224,0.058,0.156,48,43,0.0,0.0,W03
footlocker.com,/category/brands/on.html,20250613,181,32,0.1768,0.176,0.259,48,42,0.0,0.0,W03
footlocker.com,/category/brands/on.html,20250725,182,22,0.1209,0.163,0.209,48,44,0.0,0.0,W03
footlocker.com,/category/brands/on.html,20250806,184,19,0.1033,0.082,0.221,48,44,0.0,0.0,V1
footlocker.com,/category/brands/on.html,20250831,185,16,0.0865,0.087,0.218,48,0,,,V1
footlocker.com,/category/brands/on.html,20250908,182,16,0.0879,0.102,0.236,48,42,0.0,0.0,V1
footlocker.com,/category/brands/on.html,20251213,130,5,0.0385,0.07,0.261,48,47,0.0,0.0,W03
footlocker.com,/category/brands/on.html,20260113,122,8,0.0656,0.086,0.377,48,44,0.068,0.0,W03
footlocker.com,/category/brands/on.html,20260215,122,11,0.0902,0.085,0.191,48,40,0.125,0.0,W03
footlocker.com,/category/brands/on.html,20260320,131,24,0.1832,0.241,0.214,48,39,0.051,0.0,W03
footlocker.com,/category/brands/on.html,20260429,137,25,0.1825,0.266,0.262,48,46,0.261,0.0,W03
footlocker.com,/category/brands/on.html,20260628,151,39,0.2583,0.247,0.239,48,39,0.154,0.0,W03
footlocker.com,/category/brands/on.html,20260811,145,25,0.1724,0.169,0.287,48,39,0.282,0.077,W03
footlocker.com,/category/brands/pro-standard.html,20250803,657,286,0.4353,0.0,,48,15,0.0,0.0,V1
footlocker.com,/category/brands/pro-standard.html,20251117,584,229,0.3921,,,48,0,,,V1
footlocker.com,/category/brands/psd.html,20251011,147,94,0.6395,0.188,0.286,48,4,1.0,0.0,V1
footlocker.com,/category/brands/puma.html,20250806,561,314,0.5597,0.276,0.33,48,18,0.0,0.0,V1
footlocker.com,/category/brands/puma.html,20250820,545,305,0.5596,0.593,0.277,48,22,0.0,0.0,V1
footlocker.com,/category/brands/puma.html,20250903,542,305,0.5627,0.365,0.287,48,23,0.0,0.0,V1
footlocker.com,/category/brands/reebok.html,20251109,243,5,0.0206,0.076,0.175,48,32,0.094,0.0,V1
footlocker.com,/category/brands/saucony.html,20250813,142,4,0.0282,0.043,0.293,48,42,0.0,0.0,V1
footlocker.com,/category/brands/saucony.html,20251016,218,20,0.0917,0.325,0.208,48,48,0.104,0.0,V1
footlocker.com,/category/brands/saucony.html,20251108,251,8,0.0319,0.148,0.191,48,45,0.111,0.0,V1
footlocker.com,/category/brands/starter.html,20250907,118,44,0.3729,0.118,0.195,48,7,0.0,0.0,V1
footlocker.com,/category/brands/timberland.html,20250928,106,34,0.3208,0.438,0.308,48,22,0.0,0.0,V1
footlocker.com,/category/brands/ugg.html,20250906,329,76,0.231,0.187,0.284,48,38,0.0,0.0,V1
footlocker.com,/category/brands/ugg.html,20251023,359,55,0.1532,0.135,0.387,48,27,0.185,0.0,V1
footlocker.com,/category/brands/ugg.html,20251110,349,6,0.0172,0.033,0.333,48,41,0.146,0.0,V1
footlocker.com,/category/brands/ups.html,20250912,3404,1361,0.3998,0.26,0.361,48,23,0.0,0.0,V1
footlocker.com,/category/brands/vans.html,20250913,156,38,0.2436,0.237,0.226,48,37,0.0,0.0,V1
footlocker.com,/category/brands/vans.html,20251103,127,12,0.0945,0.067,0.229,48,29,0.034,0.0,V1
footlocker.com,/category/girls/clothing.html,20250915,273,13,0.0476,0.0,,48,14,0.0,0.0,V1
footlocker.com,/category/girls/clothing.html,20251108,326,15,0.046,0.0,,48,18,0.833,0.0,V1
footlocker.com,/category/girls/shoes.html,20250814,851,226,0.2656,0.333,0.337,48,22,0.0,0.0,V1
footlocker.com,/category/girls/shoes.html,20251110,857,40,0.0467,0.119,0.329,48,23,0.217,0.0,V1
footlocker.com,/category/kids.html,20240101,7841,1695,0.2162,0.155,0.375,48,36,0.0,0.0,V1
footlocker.com,/category/kids.html,20240108,7866,1676,0.2131,0.184,0.281,48,32,0.0,0.0,V1
footlocker.com,/category/kids.html,20240115,7445,1432,0.1923,0.225,0.296,48,31,0.0,0.0,V1
footlocker.com,/category/kids.html,20240123,7364,1375,0.1867,0.228,0.285,48,32,0.0,0.0,V1
footlocker.com,/category/kids.html,20240130,7420,1369,0.1845,0.182,0.263,48,35,0.0,0.0,V1
footlocker.com,/category/kids.html,20240207,7412,1348,0.1819,0.139,0.245,48,33,0.0,0.0,V1
footlocker.com,/category/kids.html,20240214,7462,1354,0.1815,0.139,0.246,48,29,0.0,0.0,V1
footlocker.com,/category/kids.html,20240221,7415,1426,0.1923,0.181,0.341,48,19,0.0,0.0,V1
footlocker.com,/category/kids.html,20240228,7177,1382,0.1926,0.188,0.358,48,19,0.0,0.0,V1
footlocker.com,/category/kids.html,20240312,7246,1203,0.166,0.1,0.217,48,31,0.0,0.0,V1
footlocker.com,/category/kids.html,20240319,7203,1119,0.1554,0.078,0.235,48,25,0.0,0.0,V1
footlocker.com,/category/kids.html,20240326,7232,1116,0.1543,0.143,0.44,48,26,0.0,0.0,V1
footlocker.com,/category/kids.html,20240402,7066,1012,0.1432,0.049,0.417,48,26,0.0,0.0,V1
footlocker.com,/category/kids.html,20240407,6913,1017,0.1471,0.069,0.363,48,30,0.0,0.0,V1
footlocker.com,/category/kids.html,20240409,6870,975,0.1419,0.041,0.383,48,28,0.0,0.0,V1
footlocker.com,/category/kids.html,20240418,6896,1024,0.1485,0.04,0.383,48,33,0.0,0.0,V1
footlocker.com,/category/kids.html,20240425,7017,1046,0.1491,0.073,0.329,48,34,0.0,0.0,V1
footlocker.com,/category/kids.html,20240502,6954,1059,0.1523,0.044,0.374,48,31,0.0,0.0,V1
footlocker.com,/category/kids.html,20240509,6936,1077,0.1553,0.126,0.302,48,32,0.0,0.0,V1
footlocker.com,/category/kids.html,20240517,6890,1216,0.1765,0.149,0.26,48,28,0.0,0.0,V1
footlocker.com,/category/kids.html,20240524,5815,1356,0.2332,0.136,0.267,48,28,0.0,0.0,V1
footlocker.com,/category/kids.html,20240531,5658,1268,0.2241,0.118,0.255,48,29,0.0,0.0,V1
footlocker.com,/category/kids.html,20240615,5750,1425,0.2478,0.045,0.237,48,31,0.0,0.0,V1
footlocker.com,/category/kids.html,20240622,5808,1287,0.2216,0.195,0.301,48,30,0.0,0.0,V1
footlocker.com,/category/kids.html,20240629,5775,1349,0.2336,0.094,0.265,48,35,0.0,0.0,V1
footlocker.com,/category/kids.html,20240706,5799,1352,0.2331,0.085,0.259,48,31,0.0,0.0,V1
footlocker.com,/category/kids.html,20240713,5803,1375,0.2369,0.109,0.216,48,33,0.0,0.0,V1
footlocker.com,/category/kids.html,20240719,5634,1418,0.2517,0.258,0.24,48,31,0.0,0.0,V1
footlocker.com,/category/kids.html,20240720,5596,1404,0.2509,0.263,0.25,48,30,0.0,0.0,V1
footlocker.com,/category/kids.html,20240727,5530,1607,0.2906,0.341,0.28,48,30,0.0,0.0,V1
footlocker.com,/category/kids.html,20240803,3930,1512,0.3847,0.333,0.233,48,31,0.0,0.0,V1
footlocker.com,/category/kids.html,20240804,3926,1488,0.379,0.355,0.239,48,34,0.0,0.0,V1
footlocker.com,/category/kids.html,20240811,3749,1439,0.3838,0.361,0.23,48,34,0.0,0.0,V1
footlocker.com,/category/kids.html,20240818,4774,1467,0.3073,0.373,0.223,48,33,0.0,0.0,V1
footlocker.com,/category/kids.html,20240826,4830,1405,0.2909,0.289,0.217,48,33,0.0,0.0,V1
footlocker.com,/category/kids.html,20240902,4809,1302,0.2707,0.172,0.207,48,31,0.0,0.0,V1
footlocker.com,/category/kids.html,20240909,4845,1395,0.2879,0.246,0.215,48,34,0.0,0.0,V1
footlocker.com,/category/kids.html,20240916,4820,1411,0.2927,0.198,0.213,48,27,0.0,0.0,V1
footlocker.com,/category/kids.html,20240917,4907,1400,0.2853,0.206,0.211,48,28,0.0,0.0,V1
footlocker.com,/category/kids.html,20240924,5027,1445,0.2874,0.171,0.221,48,30,0.0,0.0,V1
footlocker.com,/category/kids.html,20241001,4838,1388,0.2869,0.161,0.238,48,26,0.0,0.0,V1
footlocker.com,/category/kids.html,20241008,4972,1437,0.289,0.22,0.199,48,33,0.0,0.0,V1
footlocker.com,/category/kids.html,20250321,3343,799,0.239,0.096,0.279,48,36,0.0,0.0,V1
footlocker.com,/category/kids.html,20250613,3624,947,0.2613,0.234,0.253,48,33,0.0,0.0,V1
footlocker.com,/category/kids.html,20250710,3538,737,0.2083,0.116,0.181,48,33,0.0,0.0,V1
footlocker.com,/category/kids.html,20250725,3354,784,0.2338,0.218,0.279,48,34,0.0,0.0,V1
footlocker.com,/category/kids.html,20250805,3325,776,0.2334,0.219,0.269,48,30,0.0,0.0,V1
footlocker.com,/category/kids.html,20250806,3296,766,0.2324,0.245,0.27,48,30,0.0,0.0,V1
footlocker.com,/category/kids.html,20250911,3376,655,0.194,0.27,0.299,48,36,0.0,0.0,V1
footlocker.com,/category/kids.html,20250915,3322,615,0.1851,0.224,0.285,48,34,0.0,0.0,V1
footlocker.com,/category/kids.html,20251012,3526,608,0.1724,0.261,0.233,48,38,0.079,0.0,V1
footlocker.com,/category/kids.html,20251115,2856,205,0.0718,0.194,0.246,48,38,0.026,0.0,V1
footlocker.com,/category/kids.html,20251213,2248,293,0.1303,0.244,0.314,48,31,0.065,0.0,V1
footlocker.com,/category/kids.html,20251214,2226,300,0.1348,0.21,0.273,48,31,0.065,0.0,V1
footlocker.com,/category/kids.html,20260115,2317,237,0.1023,0.235,0.466,48,35,0.114,0.0,V1
footlocker.com,/category/kids.html,20260209,2155,147,0.0682,0.056,0.303,48,35,0.229,0.0,V1
footlocker.com,/category/kids.html,20260413,2900,343,0.1183,0.201,0.258,48,34,0.265,0.0,V1
footlocker.com,/category/kids.html,20260426,2644,334,0.1263,0.187,0.24,48,30,0.2,0.0,V1
footlocker.com,/category/kids.html,20260529,2893,383,0.1324,0.314,0.312,48,30,0.4,0.0,V1
footlocker.com,/category/kids/shoes.html,20240102,4067,1540,0.3787,0.176,0.369,48,36,0.0,0.0,V1
footlocker.com,/category/kids/shoes.html,20240109,4139,1543,0.3728,0.205,0.27,48,33,0.0,0.0,V1
footlocker.com,/category/kids/shoes.html,20240116,3892,1329,0.3415,0.242,0.28,48,33,0.0,0.0,V1
footlocker.com,/category/kids/shoes.html,20240123,3823,1266,0.3312,0.248,0.289,48,34,0.0,0.0,V1
footlocker.com,/category/kids/shoes.html,20240124,3894,1299,0.3336,0.24,0.285,48,35,0.0,0.0,V1
footlocker.com,/category/kids/shoes.html,20240131,3882,1273,0.3279,0.179,0.269,48,35,0.0,0.0,V1
footlocker.com,/category/kids/shoes.html,20240207,3891,1252,0.3218,0.169,0.239,48,33,0.0,0.0,V1
footlocker.com,/category/kids/shoes.html,20240214,3862,1265,0.3276,0.202,0.242,48,30,0.0,0.0,V1
footlocker.com,/category/kids/shoes.html,20240221,3925,1310,0.3338,0.25,0.321,48,20,0.0,0.0,V1
footlocker.com,/category/kids/shoes.html,20240228,3772,1265,0.3354,0.219,0.358,48,24,0.0,0.0,V1
footlocker.com,/category/kids/shoes.html,20240312,3709,1124,0.303,0.099,0.298,48,32,0.0,0.0,V1
footlocker.com,/category/kids/shoes.html,20240319,3720,1116,0.3,0.082,0.422,48,29,0.0,0.0,V1
footlocker.com,/category/kids/shoes.html,20240326,3611,1044,0.2891,0.154,0.392,48,30,0.0,0.0,V1
footlocker.com,/category/kids/shoes.html,20240402,3539,941,0.2659,0.075,0.379,48,34,0.0,0.0,V1
footlocker.com,/category/kids/shoes.html,20240409,3644,933,0.256,0.051,0.284,48,28,0.0,0.0,V1
footlocker.com,/category/kids/shoes.html,20240418,3667,956,0.2607,0.052,0.383,48,34,0.0,0.0,V1
footlocker.com,/category/kids/shoes.html,20240425,3745,973,0.2598,0.085,0.367,48,35,0.0,0.0,V1
footlocker.com,/category/kids/shoes.html,20240502,3705,986,0.2661,0.061,0.377,48,32,0.0,0.0,V1
footlocker.com,/category/kids/shoes.html,20240509,3694,1015,0.2748,0.124,0.319,48,34,0.0,0.0,V1
footlocker.com,/category/kids/shoes.html,20240516,3633,1095,0.3014,0.098,0.23,48,29,0.0,0.0,V1
footlocker.com,/category/kids/shoes.html,20240517,3647,1103,0.3024,0.114,0.238,48,28,0.0,0.0,V1
footlocker.com,/category/kids/shoes.html,20240524,3701,1242,0.3356,0.136,0.267,48,29,0.0,0.0,V1
footlocker.com,/category/kids/shoes.html,20240531,3594,1165,0.3242,0.098,0.233,48,30,0.0,0.0,V1
footlocker.com,/category/kids/shoes.html,20240615,3748,1282,0.342,0.074,0.251,48,32,0.0,0.0,V1
footlocker.com,/category/kids/shoes.html,20240622,3772,1184,0.3139,0.098,0.243,48,33,0.0,0.0,V1
footlocker.com,/category/kids/shoes.html,20240629,3755,1254,0.334,0.126,0.234,48,24,0.0,0.0,V1
footlocker.com,/category/kids/shoes.html,20240706,3771,1256,0.3331,0.084,0.247,48,33,0.0,0.0,V1
footlocker.com,/category/kids/shoes.html,20240713,3793,1280,0.3375,0.112,0.202,48,32,0.0,0.0,V1
footlocker.com,/category/kids/shoes.html,20240720,3610,1323,0.3665,0.236,0.242,48,31,0.0,0.0,V1
footlocker.com,/category/kids/shoes.html,20240727,3555,1471,0.4138,0.338,0.229,48,31,0.0,0.0,V1
footlocker.com,/category/kids/shoes.html,20240803,3412,1383,0.4053,0.355,0.231,48,34,0.0,0.0,V1
footlocker.com,/category/kids/shoes.html,20240804,3372,1386,0.411,0.386,0.22,48,31,0.0,0.0,V1
footlocker.com,/category/kids/shoes.html,20240812,3293,1307,0.3969,0.357,0.217,48,32,0.0,0.0,V1
footlocker.com,/category/kids/shoes.html,20240819,3282,1352,0.4119,0.328,0.223,48,34,0.0,0.0,V1
footlocker.com,/category/kids/shoes.html,20240826,3282,1287,0.3921,0.23,0.231,48,34,0.0,0.0,V1
footlocker.com,/category/kids/shoes.html,20240902,3288,1190,0.3619,0.209,0.177,48,37,0.0,0.0,V1
footlocker.com,/category/kids/shoes.html,20240909,3302,1291,0.391,0.23,0.21,48,32,0.0,0.0,V1
footlocker.com,/category/kids/shoes.html,20240916,3336,1309,0.3924,0.19,0.213,48,34,0.0,0.0,V1
footlocker.com,/category/kids/shoes.html,20240917,3312,1294,0.3907,0.186,0.22,48,31,0.0,0.0,V1
footlocker.com,/category/kids/shoes.html,20240924,3461,1344,0.3883,0.232,0.243,48,31,0.0,0.0,V1
footlocker.com,/category/kids/shoes.html,20241001,3442,1261,0.3664,0.213,0.244,48,33,0.0,0.0,V1
footlocker.com,/category/kids/shoes.html,20241008,3407,1299,0.3813,0.26,0.222,48,33,0.0,0.0,V1
footlocker.com,/category/kids/shoes.html,20260210,1604,117,0.0729,0.048,0.303,48,37,0.297,0.0,V1
footlocker.com,/category/kids/shoes.html,20260314,1702,223,0.131,0.172,0.238,48,37,0.405,0.0,V1
footlocker.com,/category/kids/shoes.html,20260415,2001,281,0.1404,0.194,0.259,48,39,0.154,0.0,V1
footlocker.com,/category/kids/shoes.html,20260922,2268,195,0.086,0.081,0.144,48,29,0.621,0.276,V1
footlocker.com,/category/kids/shoes.html,20261008,2209,184,0.083,,,,,,,V1_live
footlocker.com,/category/kids/shoes/adidas-originals.html,20251013,334,51,0.1527,0.142,0.262,48,33,0.0,0.0,V1
footlocker.com,/category/kids/shoes/adidas.html,20251012,457,73,0.1597,0.219,0.299,48,36,0.0,0.0,V1
footlocker.com,/category/kids/shoes/best.html,20250810,1513,442,0.2921,0.27,0.274,48,36,0.0,0.0,V1
footlocker.com,/category/kids/shoes/best.html,20251113,1148,131,0.1141,0.18,0.295,48,36,0.306,0.0,V1
footlocker.com,/category/kids/shoes/boots.html,20251112,115,,,0.0,,48,35,0.2,0.0,V1
footlocker.com,/category/kids/shoes/crocs.html,20251007,180,65,0.3611,0.338,0.268,48,31,0.0,0.0,V1
footlocker.com,/category/kids/shoes/new-balance.html,20250916,227,66,0.2907,0.36,0.311,48,40,0.0,0.0,V1
footlocker.com,/category/kids/shoes/new-balance.html,20251007,257,80,0.3113,0.409,0.313,48,39,0.0,0.0,V1
footlocker.com,/category/kids/shoes/nike.html,20250910,601,105,0.1747,0.221,0.231,48,34,0.0,0.0,V1
footlocker.com,/category/kids/shoes/nike.html,20250921,658,115,0.1748,0.17,0.214,48,38,0.0,0.0,V1
footlocker.com,/category/kids/shoes/pre-school.html,20251017,575,109,0.1896,0.168,0.24,48,34,0.0,0.0,V1
footlocker.com,/category/kids/shoes/puma.html,20250805,176,114,0.6477,0.615,0.241,48,6,0.0,0.0,V1
footlocker.com,/category/kids/shoes/sizes.html,20250815,820,362,0.4415,0.362,0.31,48,38,0.0,0.0,V1
footlocker.com,/category/kids/shoes/sizes.html,20251110,598,22,0.0368,0.143,0.31,48,33,0.0,0.0,V1
footlocker.com,/category/mens.html,20240101,44877,5322,0.1186,0.182,0.231,48,32,0.0,0.0,V1
footlocker.com,/category/mens.html,20240108,44420,5344,0.1203,0.165,0.295,48,27,0.0,0.0,V1
footlocker.com,/category/mens.html,20240115,43077,4499,0.1044,0.22,0.291,48,30,0.0,0.0,V1
footlocker.com,/category/mens.html,20240122,42888,4399,0.1026,0.139,0.318,48,33,0.0,0.0,V1
footlocker.com,/category/mens.html,20240123,43043,4446,0.1033,0.143,0.337,48,36,0.0,0.0,V1
footlocker.com,/category/mens.html,20240125,42790,4254,0.0994,0.122,0.278,48,35,0.0,0.0,V1
footlocker.com,/category/mens.html,20240130,42960,4004,0.0932,0.205,0.271,48,32,0.0,0.0,V1
footlocker.com,/category/mens.html,20240206,43055,3860,0.0897,0.165,0.283,48,32,0.0,0.0,V1
footlocker.com,/category/mens.html,20240214,44154,3723,0.0843,0.113,0.299,48,32,0.0,0.0,V1
footlocker.com,/category/mens.html,20240221,43543,4163,0.0956,0.167,0.308,48,30,0.0,0.0,V1
footlocker.com,/category/mens.html,20240225,43968,4326,0.0984,0.126,0.343,48,27,0.0,0.0,V1
footlocker.com,/category/mens.html,20240228,42056,4210,0.1001,0.133,0.259,48,28,0.0,0.0,V1
footlocker.com,/category/mens.html,20240312,43274,3800,0.0878,0.132,0.319,48,29,0.0,0.0,V1
footlocker.com,/category/mens.html,20240319,43747,3291,0.0752,0.104,0.317,48,33,0.0,0.0,V1
footlocker.com,/category/mens.html,20240326,44169,3080,0.0697,0.083,0.344,48,30,0.0,0.0,V1
footlocker.com,/category/mens.html,20240402,40461,3009,0.0744,0.112,0.323,48,32,0.0,0.0,V1
footlocker.com,/category/mens.html,20240407,37955,2872,0.0757,0.092,0.326,48,33,0.0,0.0,V1
footlocker.com,/category/mens.html,20240409,37824,2787,0.0737,0.081,0.321,48,33,0.0,0.0,V1
footlocker.com,/category/mens.html,20240418,38285,2850,0.0744,0.063,0.27,48,30,0.0,0.0,V1
footlocker.com,/category/mens.html,20240425,38538,2889,0.075,0.056,0.205,48,33,0.0,0.0,V1
footlocker.com,/category/mens.html,20240502,38734,2960,0.0764,0.021,0.238,48,35,0.0,0.0,V1
footlocker.com,/category/mens.html,20240509,38914,2847,0.0732,0.053,0.295,48,33,0.0,0.0,V1
footlocker.com,/category/mens.html,20240517,38596,4070,0.1055,0.087,0.24,48,27,0.0,0.0,V1
footlocker.com,/category/mens.html,20240524,33092,4269,0.129,0.048,0.25,48,30,0.0,0.0,V1
footlocker.com,/category/mens.html,20240531,32582,4086,0.1254,0.056,0.224,48,28,0.0,0.0,V1
footlocker.com,/category/mens.html,20240615,33165,4114,0.124,0.034,0.261,48,32,0.0,0.0,V1
footlocker.com,/category/mens.html,20240622,33128,3967,0.1197,0.063,0.313,48,30,0.0,0.0,V1
footlocker.com,/category/mens.html,20240629,33326,4010,0.1203,0.025,0.261,48,30,0.0,0.0,V1
footlocker.com,/category/mens.html,20240706,33303,3894,0.1169,0.043,0.323,48,31,0.0,0.0,V1
footlocker.com,/category/mens.html,20240713,33501,3881,0.1158,0.119,0.249,48,34,0.0,0.0,V1
footlocker.com,/category/mens.html,20240720,33364,3830,0.1148,0.0,,48,5,0.0,0.0,V1
footlocker.com,/category/mens.html,20240727,33576,4200,0.1251,0.314,0.285,48,30,0.0,0.0,V1
footlocker.com,/category/mens.html,20240803,9811,4196,0.4277,0.269,0.292,48,33,0.0,0.0,V1
footlocker.com,/category/mens.html,20240804,9790,4174,0.4264,0.282,0.282,48,35,0.0,0.0,V1
footlocker.com,/category/mens.html,20240811,9521,4190,0.4401,0.248,0.25,48,36,0.0,0.0,V1
footlocker.com,/category/mens.html,20240818,9685,4253,0.4391,0.271,0.277,48,38,0.0,0.0,V1
footlocker.com,/category/mens.html,20240826,9613,4045,0.4208,0.238,0.289,48,35,0.0,0.0,V1
footlocker.com,/category/mens.html,20240902,9673,3931,0.4064,0.199,0.298,48,40,0.0,0.0,V1
footlocker.com,/category/mens.html,20240909,9577,3935,0.4109,0.282,0.264,48,38,0.0,0.0,V1
footlocker.com,/category/mens.html,20240916,9280,3892,0.4194,0.256,0.275,48,31,0.0,0.0,V1
footlocker.com,/category/mens.html,20240917,9402,3862,0.4108,0.246,0.26,48,31,0.0,0.0,V1
footlocker.com,/category/mens.html,20240924,9698,3854,0.3974,0.152,0.223,48,32,0.0,0.0,V1
footlocker.com,/category/mens.html,20241001,9853,3884,0.3942,0.193,0.215,48,30,0.0,0.0,V1
footlocker.com,/category/mens.html,20241008,9932,3836,0.3862,0.088,0.295,48,31,0.0,0.0,V1
footlocker.com,/category/mens.html,20250422,7961,2599,0.3265,0.167,0.258,48,36,0.0,0.0,V1
footlocker.com,/category/mens.html,20250613,8043,3013,0.3746,0.329,0.241,48,32,0.0,0.0,V1
footlocker.com,/category/mens.html,20250806,7845,2724,0.3472,0.387,0.248,48,41,0.0,0.0,V1
footlocker.com,/category/mens.html,20250911,7737,2528,0.3267,0.257,0.282,48,38,0.0,0.0,V1
footlocker.com,/category/mens.html,20251117,6892,1877,0.2723,0.386,0.267,48,45,0.022,0.0,V1
footlocker.com,/category/mens.html,20251126,6795,2198,0.3235,0.472,0.365,48,46,0.0,0.0,V1
footlocker.com,/category/mens.html,20251213,5993,1740,0.2903,0.43,0.398,48,42,0.119,0.0,V1
footlocker.com,/category/mens.html,20260210,4713,671,0.1424,0.025,0.4,48,38,0.947,0.0,V1
footlocker.com,/category/mens.html,20260609,5663,1432,0.2529,0.397,0.301,48,29,0.517,0.0,V1
footlocker.com,/category/mens.html,20260827,6344,1578,0.2487,0.377,0.276,48,36,0.417,0.083,V1
footlocker.com,/category/mens.html,20261003,524,196,0.374,0.242,0.234,48,37,0.459,0.027,V1
footlocker.com,/category/mens.html,20261008,7231,1764,0.244,,,,,,,V1_live
footlocker.com,/category/mens/clothing.html,20240101,30130,3433,0.1139,0.351,0.29,48,44,0.0,0.0,V1
footlocker.com,/category/mens/clothing.html,20240108,30051,3339,0.1111,0.544,0.279,48,44,0.0,0.0,V1
footlocker.com,/category/mens/clothing.html,20240115,29203,2799,0.0958,0.528,0.283,48,43,0.0,0.0,V1
footlocker.com,/category/mens/clothing.html,20240122,29094,2745,0.0943,0.419,0.277,48,42,0.0,0.0,V1
footlocker.com,/category/mens/clothing.html,20240123,29207,2761,0.0945,0.446,0.291,48,43,0.0,0.0,V1
footlocker.com,/category/mens/clothing.html,20240130,29217,2427,0.0831,0.571,0.283,48,43,0.0,0.0,V1
footlocker.com,/category/mens/clothing.html,20240206,29147,2306,0.0791,0.464,0.264,48,42,0.0,0.0,V1
footlocker.com,/category/mens/clothing.html,20240214,29668,2232,0.0752,0.41,0.271,48,44,0.0,0.0,V1
footlocker.com,/category/mens/clothing.html,20240221,29022,2556,0.0881,0.489,0.289,48,44,0.0,0.0,V1
footlocker.com,/category/mens/clothing.html,20240228,27721,2570,0.0927,0.486,0.325,48,40,0.0,0.0,V1
footlocker.com,/category/mens/clothing.html,20240312,28460,2368,0.0832,0.483,0.322,48,40,0.0,0.0,V1
footlocker.com,/category/mens/clothing.html,20240319,28791,1976,0.0686,0.187,0.352,48,33,0.0,0.0,V1
footlocker.com,/category/mens/clothing.html,20240326,29000,1814,0.0626,0.289,0.308,48,31,0.0,0.0,V1
footlocker.com,/category/mens/clothing.html,20240402,25432,1743,0.0685,0.191,0.337,48,37,0.0,0.0,V1
footlocker.com,/category/mens/clothing.html,20240409,23565,1598,0.0678,0.184,0.338,48,38,0.0,0.0,V1
footlocker.com,/category/mens/clothing.html,20240418,23344,1632,0.0699,0.315,0.336,48,36,0.0,0.0,V1
footlocker.com,/category/mens/clothing.html,20240425,23545,1701,0.0722,0.259,0.311,48,35,0.0,0.0,V1
footlocker.com,/category/mens/clothing.html,20240502,23731,1734,0.0731,0.32,0.334,48,40,0.0,0.0,V1
footlocker.com,/category/mens/clothing.html,20240509,23978,1671,0.0697,0.344,0.352,48,39,0.0,0.0,V1
footlocker.com,/category/mens/clothing.html,20240516,24104,2435,0.101,0.246,0.265,48,39,0.0,0.0,V1
footlocker.com,/category/mens/clothing.html,20240517,23949,2441,0.1019,0.291,0.3,48,39,0.0,0.0,V1
footlocker.com,/category/mens/clothing.html,20240524,21418,2578,0.1204,0.404,0.251,48,34,0.0,0.0,V1
footlocker.com,/category/mens/clothing.html,20240531,21273,2506,0.1178,0.346,0.251,48,35,0.0,0.0,V1
footlocker.com,/category/mens/clothing.html,20240615,21985,2511,0.1142,0.615,0.224,48,39,0.0,0.0,V1
footlocker.com,/category/mens/clothing.html,20240622,22119,2400,0.1085,0.344,0.214,48,40,0.0,0.0,V1
footlocker.com,/category/mens/clothing.html,20240629,22247,2434,0.1094,0.506,0.237,48,35,0.0,0.0,V1
footlocker.com,/category/mens/clothing.html,20240706,22286,2401,0.1077,0.385,0.228,48,36,0.0,0.0,V1
footlocker.com,/category/mens/clothing.html,20240713,22472,2373,0.1056,0.422,0.251,48,36,0.0,0.0,V1
footlocker.com,/category/mens/clothing.html,20240720,22471,2352,0.1047,0.545,0.196,48,34,0.0,0.0,V1
footlocker.com,/category/mens/clothing.html,20240727,22587,2558,0.1133,0.673,0.246,48,36,0.0,0.0,V1
footlocker.com,/category/mens/clothing.html,20240803,4910,2600,0.5295,0.647,0.287,48,36,0.0,0.0,V1
footlocker.com,/category/mens/clothing.html,20240804,4874,2576,0.5285,0.689,0.306,48,36,0.0,0.0,V1
footlocker.com,/category/mens/clothing.html,20240812,4814,2478,0.5147,0.643,0.249,48,37,0.0,0.0,V1
footlocker.com,/category/mens/clothing.html,20240819,4729,2437,0.5153,0.631,0.257,48,37,0.0,0.0,V1
footlocker.com,/category/mens/clothing.html,20240826,4717,2318,0.4914,0.462,0.255,48,38,0.0,0.0,V1
footlocker.com,/category/mens/clothing.html,20240902,4761,2267,0.4762,0.622,0.271,48,35,0.0,0.0,V1
footlocker.com,/category/mens/clothing.html,20240909,4743,2285,0.4818,0.609,0.343,48,34,0.0,0.0,V1
footlocker.com,/category/mens/clothing.html,20240916,4433,2256,0.5089,0.537,0.363,48,37,0.0,0.0,V1
footlocker.com,/category/mens/clothing.html,20240917,4435,2254,0.5082,0.665,0.341,48,29,0.0,0.0,V1
footlocker.com,/category/mens/clothing.html,20240924,4714,2236,0.4743,0.67,0.346,48,34,0.0,0.0,V1
footlocker.com,/category/mens/clothing.html,20241001,4623,2298,0.4971,0.689,0.346,48,34,0.0,0.0,V1
footlocker.com,/category/mens/clothing.html,20241008,4734,2270,0.4795,0.727,0.33,48,36,0.0,0.0,V1
footlocker.com,/category/mens/clothing.html,20250613,3884,1715,0.4416,0.569,0.27,48,35,0.0,0.0,V1
footlocker.com,/category/mens/clothing.html,20251210,172,106,0.6163,0.702,0.431,48,38,0.132,0.0,V1
footlocker.com,/category/mens/clothing.html,20251219,2555,1327,0.5194,0.672,0.489,48,36,0.194,0.0,V1
footlocker.com,/category/mens/clothing.html,20260206,2308,498,0.2158,0.686,0.371,48,13,0.231,0.0,V1
footlocker.com,/category/mens/clothing.html,20260215,2178,484,0.2222,0.325,0.429,48,39,0.103,0.0,V1
footlocker.com,/category/mens/clothing.html,20260306,2381,792,0.3326,0.354,0.409,48,40,0.1,0.0,V1
footlocker.com,/category/mens/clothing.html,20260326,2719,835,0.3071,0.342,0.439,48,43,0.163,0.0,V1
footlocker.com,/category/mens/clothing.html,20260331,2738,983,0.359,0.397,0.369,48,41,0.317,0.0,V1
footlocker.com,/category/mens/clothing.html,20260426,2600,934,0.3592,0.51,0.324,48,34,0.353,0.0,V1
footlocker.com,/category/mens/clothing.html,20260710,2748,719,0.2616,0.425,0.363,48,37,0.486,0.0,V1
footlocker.com,/category/mens/clothing.html,20260721,2859,737,0.2578,0.489,0.351,48,37,0.486,0.027,V1
footlocker.com,/category/mens/clothing.html,20260922,155,42,0.271,0.239,0.318,48,32,0.719,0.188,V1
footlocker.com,/category/mens/shoes.html,20240101,3834,1386,0.3615,0.248,0.273,48,32,0.0,0.0,V1
footlocker.com,/category/mens/shoes.html,20240108,3780,1517,0.4013,0.187,0.371,48,28,0.0,0.0,V1
footlocker.com,/category/mens/shoes.html,20240115,3452,1149,0.3329,0.216,0.329,48,31,0.0,0.0,V1
footlocker.com,/category/mens/shoes.html,20240122,3442,1108,0.3219,0.16,0.347,48,33,0.0,0.0,V1
footlocker.com,/category/mens/shoes.html,20240123,3494,1137,0.3254,0.185,0.348,48,36,0.0,0.0,V1
footlocker.com,/category/mens/shoes.html,20240130,3431,1046,0.3049,0.212,0.309,48,32,0.0,0.0,V1
footlocker.com,/category/mens/shoes.html,20240206,3483,1045,0.3,0.191,0.326,48,33,0.0,0.0,V1
footlocker.com,/category/mens/shoes.html,20240214,3449,998,0.2894,0.12,0.294,48,34,0.0,0.0,V1
footlocker.com,/category/mens/shoes.html,20240221,3556,1045,0.2939,0.202,0.312,48,33,0.0,0.0,V1
footlocker.com,/category/mens/shoes.html,20240228,3552,1055,0.297,0.2,0.285,48,34,0.0,0.0,V1
footlocker.com,/category/mens/shoes.html,20240312,3483,893,0.2564,0.071,0.264,48,25,0.0,0.0,V1
footlocker.com,/category/mens/shoes.html,20240319,3350,809,0.2415,0.096,0.211,48,31,0.0,0.0,V1
footlocker.com,/category/mens/shoes.html,20240326,3299,800,0.2425,0.102,0.222,48,30,0.0,0.0,V1
footlocker.com,/category/mens/shoes.html,20240402,3320,769,0.2316,0.148,0.259,48,32,0.0,0.0,V1
footlocker.com,/category/mens/shoes.html,20240407,3424,758,0.2214,0.089,0.274,48,33,0.0,0.0,V1
footlocker.com,/category/mens/shoes.html,20240409,3370,718,0.2131,0.117,0.289,48,33,0.0,0.0,V1
footlocker.com,/category/mens/shoes.html,20240418,3414,757,0.2217,0.098,0.229,48,29,0.0,0.0,V1
footlocker.com,/category/mens/shoes.html,20240425,3466,726,0.2095,0.102,0.207,48,32,0.0,0.0,V1
footlocker.com,/category/mens/shoes.html,20240502,3474,747,0.215,0.061,0.289,48,33,0.0,0.0,V1
footlocker.com,/category/mens/shoes.html,20240509,3418,733,0.2145,0.082,0.229,48,32,0.0,0.0,V1
footlocker.com,/category/mens/shoes.html,20240516,3386,901,0.2661,0.11,0.27,48,33,0.0,0.0,V1
footlocker.com,/category/mens/shoes.html,20240517,3314,919,0.2773,0.125,0.23,48,25,0.0,0.0,V1
footlocker.com,/category/mens/shoes.html,20240524,3452,998,0.2891,0.106,0.249,48,30,0.0,0.0,V1
footlocker.com,/category/mens/shoes.html,20240531,3351,929,0.2772,0.139,0.191,48,30,0.0,0.0,V1
footlocker.com,/category/mens/shoes.html,20240615,3377,960,0.2843,0.096,0.219,48,34,0.0,0.0,V1
footlocker.com,/category/mens/shoes.html,20240628,3333,1002,0.3006,0.049,0.246,48,31,0.0,0.0,V1
footlocker.com,/category/mens/shoes.html,20240629,3343,998,0.2985,0.051,0.246,48,30,0.0,0.0,V1
footlocker.com,/category/mens/shoes.html,20240706,3310,956,0.2888,0.06,0.237,48,31,0.0,0.0,V1
footlocker.com,/category/mens/shoes.html,20240713,3351,989,0.2951,0.127,0.313,48,34,0.0,0.0,V1
footlocker.com,/category/mens/shoes.html,20240720,3295,1018,0.309,0.305,0.306,48,35,0.0,0.0,V1
footlocker.com,/category/mens/shoes.html,20240727,3336,1123,0.3366,0.307,0.299,48,34,0.0,0.0,V1
footlocker.com,/category/mens/shoes.html,20240803,3355,1078,0.3213,0.276,0.28,48,34,0.0,0.0,V1
footlocker.com,/category/mens/shoes.html,20240804,3295,1047,0.3178,0.27,0.283,48,35,0.0,0.0,V1
footlocker.com,/category/mens/shoes.html,20240812,3223,983,0.305,0.272,0.252,48,35,0.0,0.0,V1
footlocker.com,/category/mens/shoes.html,20240819,3208,1092,0.3404,0.221,0.242,48,39,0.0,0.0,V1
footlocker.com,/category/mens/shoes.html,20240822,3239,1073,0.3313,0.242,0.264,48,40,0.0,0.0,V1
footlocker.com,/category/mens/shoes.html,20240826,3181,1029,0.3235,0.171,0.25,48,35,0.0,0.0,V1
footlocker.com,/category/mens/shoes.html,20240828,3352,1050,0.3132,0.163,0.293,48,37,0.0,0.0,V1
footlocker.com,/category/mens/shoes.html,20240901,3269,1010,0.309,0.102,0.301,48,38,0.0,0.0,V1
footlocker.com,/category/mens/shoes.html,20240909,3265,1014,0.3106,0.263,0.245,48,38,0.0,0.0,V1
footlocker.com,/category/mens/shoes.html,20240913,3330,1032,0.3099,0.224,0.222,48,33,0.0,0.0,V1
footlocker.com,/category/mens/shoes.html,20240916,3176,1016,0.3199,0.179,0.203,48,26,0.0,0.0,V1
footlocker.com,/category/mens/shoes.html,20240917,3161,986,0.3119,0.219,0.223,48,29,0.0,0.0,V1
footlocker.com,/category/mens/shoes.html,20240924,3359,1007,0.2998,0.153,0.223,48,32,0.0,0.0,V1
footlocker.com,/category/mens/shoes.html,20241001,3442,971,0.2821,0.194,0.215,48,30,0.0,0.0,V1
footlocker.com,/category/mens/shoes.html,20241007,467,146,0.3126,0.343,0.228,48,26,0.0,0.0,V1
footlocker.com,/category/mens/shoes.html,20241008,3520,953,0.2707,0.043,0.238,48,30,0.0,0.0,V1
footlocker.com,/category/mens/shoes.html,20241120,3658,1045,0.2857,0.236,0.23,48,36,0.0,0.0,V1
footlocker.com,/category/mens/shoes.html,20241121,3597,1012,0.2813,0.236,0.23,48,36,0.0,0.0,V1
footlocker.com,/category/mens/shoes.html,20241124,3615,1062,0.2938,0.218,0.216,48,36,0.0,0.0,V1
footlocker.com,/category/mens/shoes.html,20241209,3423,1176,0.3436,0.196,0.196,48,39,0.0,0.0,V1
footlocker.com,/category/mens/shoes.html,20250114,3286,983,0.2991,0.186,0.196,48,38,0.0,0.0,V1
footlocker.com,/category/mens/shoes.html,20250120,3310,992,0.2997,0.098,0.184,48,36,0.0,0.0,V1
footlocker.com,/category/mens/shoes.html,20250201,3326,943,0.2835,0.237,0.225,48,39,0.0,0.0,V1
footlocker.com,/category/mens/shoes.html,20250221,3283,894,0.2723,0.203,0.214,48,38,0.0,0.0,V1
footlocker.com,/category/mens/shoes.html,20250225,3229,864,0.2676,0.204,0.259,48,37,0.0,0.0,V1
footlocker.com,/category/mens/shoes.html,20250306,3451,1052,0.3048,0.175,0.274,48,33,0.0,0.0,V1
footlocker.com,/category/mens/shoes.html,20250309,3381,1011,0.299,0.229,0.274,48,35,0.0,0.0,V1
footlocker.com,/category/mens/shoes.html,20250314,3356,1096,0.3266,0.176,0.275,48,35,0.0,0.0,V1
footlocker.com,/category/mens/shoes.html,20250316,3322,1060,0.3191,0.145,0.277,48,37,0.0,0.0,V1
footlocker.com,/category/mens/shoes.html,20250322,3311,1007,0.3041,0.191,0.26,48,37,0.0,0.0,V1
footlocker.com,/category/mens/shoes.html,20250327,3234,989,0.3058,0.184,0.262,48,37,0.0,0.0,V1
footlocker.com,/category/mens/shoes.html,20250407,3269,926,0.2833,0.347,0.292,48,34,0.0,0.0,V1
footlocker.com,/category/mens/shoes.html,20250416,3263,992,0.304,0.237,0.291,48,35,0.0,0.0,V1
footlocker.com,/category/mens/shoes.html,20250417,3274,997,0.3045,0.333,0.258,48,30,0.0,0.0,V1
footlocker.com,/category/mens/shoes.html,20250423,3259,912,0.2798,0.146,0.25,48,38,0.0,0.0,V1
footlocker.com,/category/mens/shoes.html,20250427,3200,919,0.2872,0.217,0.252,48,38,0.0,0.0,V1
footlocker.com,/category/mens/shoes.html,20250506,3198,931,0.2911,0.226,0.282,48,37,0.0,0.0,V1
footlocker.com,/category/mens/shoes.html,20250613,3088,1022,0.331,0.294,0.254,48,37,0.0,0.0,V1
footlocker.com,/category/mens/shoes.html,20250706,3061,892,0.2914,0.196,0.25,48,39,0.0,0.0,V1
footlocker.com,/category/mens/shoes.html,20250826,2978,760,0.2552,0.282,0.293,48,41,0.0,0.0,V1
footlocker.com,/category/mens/shoes.html,20250828,3006,766,0.2548,0.288,0.289,48,0,,,V1
footlocker.com,/category/mens/shoes.html,20251125,2392,317,0.1325,0.426,0.358,48,45,0.022,0.0,V1
footlocker.com,/category/mens/shoes.html,20251126,2412,334,0.1385,0.107,0.429,48,31,0.677,0.0,V1
footlocker.com,/category/mens/shoes.html,20251127,2398,329,0.1372,0.107,0.429,48,31,0.677,0.0,V1
footlocker.com,/category/mens/shoes.html,20251211,1959,222,0.1133,0.469,0.402,48,40,0.15,0.0,V1
footlocker.com,/category/mens/shoes.html,20260109,1845,185,0.1003,0.337,0.453,48,40,0.075,0.0,V1
footlocker.com,/category/mens/shoes.html,20260130,1628,164,0.1007,0.209,0.303,48,36,0.111,0.0,V1
footlocker.com,/category/mens/shoes.html,20260210,1639,148,0.0903,0.121,0.275,48,42,0.238,0.0,V1
footlocker.com,/category/mens/shoes.html,20260311,1839,227,0.1234,0.309,0.264,48,33,0.333,0.0,V1
footlocker.com,/category/mens/shoes.html,20260312,1857,234,0.126,0.279,0.264,48,34,0.382,0.0,V1
footlocker.com,/category/mens/shoes.html,20260314,1880,293,0.1559,0.181,0.336,48,32,0.344,0.0,V1
footlocker.com,/category/mens/shoes.html,20260326,2013,294,0.1461,0.148,0.344,48,35,0.229,0.0,V1
footlocker.com,/category/mens/shoes.html,20260419,2117,306,0.1445,0.273,0.282,48,37,0.351,0.0,V1
footlocker.com,/category/mens/shoes.html,20260501,2165,327,0.151,0.219,0.291,48,36,0.417,0.0,V1
footlocker.com,/category/mens/shoes.html,20260519,1962,265,0.1351,0.202,0.366,48,32,0.5,0.0,V1
footlocker.com,/category/mens/shoes.html,20260529,1991,285,0.1431,0.136,0.372,48,30,0.4,0.0,V1
footlocker.com,/category/mens/shoes.html,20260714,2153,351,0.163,0.263,0.251,48,31,0.452,0.0,V1
footlocker.com,/category/mens/shoes.html,20260722,2230,393,0.1762,0.381,0.266,48,38,0.421,0.026,V1
footlocker.com,/category/mens/shoes.html,20261003,2305,340,0.1475,0.263,0.243,48,36,0.583,0.194,V1
footlocker.com,/category/mens/shoes.html,20261008,2294,318,0.139,,,,,,,V1_live
footlocker.com,/category/mens/shoes/adidas-originals.html,20250804,359,98,0.273,0.387,0.331,48,34,0.0,0.0,V1
footlocker.com,/category/mens/shoes/adidas-originals.html,20251115,263,7,0.0266,0.022,0.233,48,45,0.289,0.0,V1
footlocker.com,/category/mens/shoes/adidas.html,20251114,464,7,0.0151,0.011,0.275,48,45,0.178,0.0,V1
footlocker.com,/category/mens/shoes/best.html,20250911,1477,388,0.2627,0.208,0.235,48,39,0.0,0.0,V1
footlocker.com,/category/mens/shoes/hoka.html,20251017,120,32,0.2667,0.293,0.318,48,38,0.0,0.0,V1
footlocker.com,/category/mens/shoes/jordan.html,20251012,172,48,0.2791,0.325,0.234,48,36,0.083,0.0,V1
footlocker.com,/category/mens/shoes/new-balance.html,20251016,134,55,0.4104,0.527,0.315,48,45,0.0,0.0,V1
footlocker.com,/category/mens/shoes/nike.html,20250921,864,195,0.2257,0.271,0.21,48,41,0.0,0.0,V1
footlocker.com,/category/mens/shoes/nike.html,20251008,872,193,0.2213,0.313,0.22,48,38,0.053,0.0,V1
footlocker.com,/category/mens/shoes/puma.html,20250801,172,97,0.564,0.312,0.247,48,9,0.0,0.0,V1
footlocker.com,/category/mens/shoes/puma.html,20251011,169,48,0.284,0.105,0.31,48,15,0.0,0.0,V1
footlocker.com,/category/mens/shoes/sandals-slides.html,20250921,207,37,0.1787,0.021,0.317,48,33,0.03,0.0,V1
footlocker.com,/category/mens/shoes/saucony.html,20251006,125,8,0.064,0.176,0.148,48,48,0.208,0.0,V1
footlocker.com,/category/mens/shoes/slipons.html,20251005,171,50,0.2924,0.077,0.274,48,35,0.0,0.0,V1
footlocker.com,/category/mens/shoes/slippers.html,20250906,124,26,0.2097,0.181,0.246,48,40,0.0,0.0,V1
footlocker.com,/category/new-arrivals.html,20240115,1354,3,0.0022,0.155,0.231,48,29,0.0,0.0,W03
footlocker.com,/category/new-arrivals.html,20240214,3182,8,0.0025,0.052,0.198,48,25,0.0,0.0,W03
footlocker.com,/category/new-arrivals.html,20240312,3968,12,0.003,0.042,0.21,48,22,0.0,0.0,W03
footlocker.com,/category/new-arrivals.html,20240418,3773,5,0.0013,0.061,0.253,48,29,0.0,0.0,W03
footlocker.com,/category/new-arrivals.html,20240516,2907,6,0.0021,0.04,0.259,48,30,0.0,0.0,W03
footlocker.com,/category/new-arrivals.html,20240614,2083,19,0.0091,0.088,0.206,48,27,0.0,0.0,W03
footlocker.com,/category/new-arrivals.html,20240713,2137,4,0.0019,0.111,0.263,48,28,0.0,0.0,W03
footlocker.com,/category/new-arrivals.html,20240818,1474,25,0.017,0.255,0.191,48,26,0.0,0.0,W03
footlocker.com,/category/new-arrivals.html,20240916,1112,18,0.0162,0.132,0.257,48,28,0.0,0.0,W03
footlocker.com,/category/new-arrivals.html,20241008,1386,15,0.0108,0.043,0.2,48,28,0.0,0.0,W03
footlocker.com,/category/new-arrivals.html,20241117,636,,,0.075,0.215,48,33,0.0,0.0,W03
footlocker.com,/category/new-arrivals.html,20241209,603,,,0.318,0.277,48,36,0.0,0.0,W03
footlocker.com,/category/new-arrivals.html,20250118,545,,,0.078,0.275,48,32,0.0,0.0,W03
footlocker.com,/category/new-arrivals.html,20250209,742,,,0.076,0.295,48,32,0.0,0.0,W03
footlocker.com,/category/new-arrivals.html,20250316,934,,,0.04,0.314,48,33,0.0,0.0,W03
footlocker.com,/category/new-arrivals.html,20250407,830,,,0.182,0.342,48,19,0.0,0.0,W03
footlocker.com,/category/new-arrivals.html,20250613,936,,,0.135,0.24,48,24,0.0,0.0,W03
footlocker.com,/category/new-arrivals.html,20250723,707,,,0.228,0.236,48,35,0.0,0.0,W03
footlocker.com,/category/new-arrivals.html,20250811,789,,,0.274,0.23,48,29,0.0,0.0,W03
footlocker.com,/category/new-arrivals.html,20251021,1088,,,0.2,0.26,48,28,0.429,0.0,W03
footlocker.com,/category/new-arrivals.html,20251122,1247,,,0.279,0.331,48,35,0.371,0.0,W03
footlocker.com,/category/new-arrivals.html,20251228,562,,,0.159,0.384,48,28,0.464,0.0,W03
footlocker.com,/category/new-arrivals.html,20260201,1122,,,0.099,0.258,48,27,0.407,0.0,W03
footlocker.com,/category/new-arrivals.html,20260416,1391,,,0.182,0.248,48,36,0.444,0.0,W03
footlocker.com,/category/new-arrivals.html,20260927,1028,,,0.096,0.19,48,26,0.769,0.346,W03
footlocker.com,/category/sale.html,20240101,8578,8481,0.9887,0.537,0.321,48,39,0.0,0.0,V1
footlocker.com,/category/sale.html,20240108,8558,8477,0.9905,0.599,0.326,48,35,0.0,0.0,V1
footlocker.com,/category/sale.html,20240115,7222,7138,0.9884,0.484,0.317,48,38,0.0,0.0,V1
footlocker.com,/category/sale.html,20240122,7041,6964,0.9891,0.514,0.32,48,35,0.0,0.0,V1
footlocker.com,/category/sale.html,20240123,7139,7058,0.9887,0.5,0.331,48,38,0.0,0.0,V1
footlocker.com,/category/sale.html,20240125,6887,6807,0.9884,0.523,0.322,48,42,0.0,0.0,V1
footlocker.com,/category/sale.html,20240130,6573,6493,0.9878,0.567,0.299,48,42,0.0,0.0,V1
footlocker.com,/category/sale.html,20240206,6364,6285,0.9876,0.449,0.297,48,38,0.0,0.0,V1
footlocker.com,/category/sale.html,20240214,6199,6119,0.9871,0.503,0.293,48,40,0.0,0.0,V1
footlocker.com,/category/sale.html,20240221,6810,6738,0.9894,0.428,0.296,48,33,0.0,0.0,V1
footlocker.com,/category/sale.html,20240223,7150,7093,0.992,0.479,0.275,48,30,0.0,0.0,V1
footlocker.com,/category/sale.html,20240228,6814,6758,0.9918,0.464,0.27,48,28,0.0,0.0,V1
footlocker.com,/category/sale.html,20240312,6144,6080,0.9896,0.382,0.283,48,29,0.0,0.0,V1
footlocker.com,/category/sale.html,20240319,5758,5696,0.9892,0.441,0.282,48,31,0.0,0.0,V1
footlocker.com,/category/sale.html,20240326,5286,5219,0.9873,0.536,0.303,48,34,0.0,0.0,V1
footlocker.com,/category/sale.html,20240327,5319,5253,0.9876,0.49,0.283,48,34,0.0,0.0,V1
footlocker.com,/category/sale.html,20240402,5046,4980,0.9869,0.371,0.288,48,31,0.0,0.0,V1
footlocker.com,/category/sale.html,20240407,4895,4824,0.9855,0.331,0.296,48,31,0.0,0.0,V1
footlocker.com,/category/sale.html,20240409,4821,4751,0.9855,0.338,0.282,48,29,0.0,0.0,V1
footlocker.com,/category/sale.html,20240418,4893,4829,0.9869,0.432,0.294,48,29,0.0,0.0,V1
footlocker.com,/category/sale.html,20240425,4951,4886,0.9869,0.36,0.303,48,30,0.0,0.0,V1
footlocker.com,/category/sale.html,20240502,5049,4984,0.9871,0.354,0.294,48,35,0.0,0.0,V1
footlocker.com,/category/sale.html,20240509,4957,4895,0.9875,0.395,0.252,48,33,0.0,0.0,V1
footlocker.com,/category/sale.html,20240516,6495,6449,0.9929,0.359,0.241,48,32,0.0,0.0,V1
footlocker.com,/category/sale.html,20240517,6541,6495,0.993,0.389,0.244,48,32,0.0,0.0,V1
footlocker.com,/category/sale.html,20240524,6942,6894,0.9931,0.346,0.235,48,36,0.0,0.0,V1
footlocker.com,/category/sale.html,20240531,6586,6543,0.9935,0.392,0.236,48,28,0.0,0.0,V1
footlocker.com,/category/sale.html,20240607,6705,6656,0.9927,0.417,0.257,48,29,0.0,0.0,V1
footlocker.com,/category/sale.html,20240613,7042,6993,0.993,0.408,0.251,48,35,0.0,0.0,V1
footlocker.com,/category/sale.html,20240614,6911,6862,0.9929,0.416,0.251,48,32,0.0,0.0,V1
footlocker.com,/category/sale.html,20240618,6552,6505,0.9928,0.45,0.233,48,29,0.0,0.0,V1
footlocker.com,/category/sale.html,20240621,6526,6479,0.9928,0.403,0.229,48,29,0.0,0.0,V1
footlocker.com,/category/sale.html,20240626,6371,6325,0.9928,0.434,0.199,48,25,0.0,0.0,V1
footlocker.com,/category/sale.html,20240628,6619,6575,0.9934,0.379,0.225,48,27,0.0,0.0,V1
footlocker.com,/category/sale.html,20240629,6600,6556,0.9933,0.358,0.224,48,26,0.0,0.0,V1
footlocker.com,/category/sale.html,20240706,6480,6433,0.9927,0.345,0.266,48,26,0.0,0.0,V1
footlocker.com,/category/sale.html,20240713,6500,6451,0.9925,0.462,0.27,48,27,0.0,0.0,V1
footlocker.com,/category/sale.html,20240720,6533,6486,0.9928,0.517,0.308,48,30,0.0,0.0,V1
footlocker.com,/category/sale.html,20240727,7176,7136,0.9944,0.594,0.279,48,32,0.0,0.0,V1
footlocker.com,/category/sale.html,20240803,7120,7082,0.9947,0.568,0.257,48,30,0.0,0.0,V1
footlocker.com,/category/sale.html,20240804,7062,7024,0.9946,0.536,0.264,48,33,0.0,0.0,V1
footlocker.com,/category/sale.html,20240812,6956,6919,0.9947,0.524,0.261,48,34,0.0,0.0,V1
footlocker.com,/category/sale.html,20240819,7048,7015,0.9953,0.564,0.258,48,37,0.0,0.0,V1
footlocker.com,/category/sale.html,20240822,6991,6959,0.9954,0.571,0.242,48,35,0.0,0.0,V1
footlocker.com,/category/sale.html,20240826,6739,6707,0.9953,0.497,0.223,48,31,0.0,0.0,V1
footlocker.com,/category/sale.html,20240828,6853,6820,0.9952,0.515,0.261,48,36,0.0,0.0,V1
footlocker.com,/category/sale.html,20240901,6622,6590,0.9952,0.461,0.252,48,33,0.0,0.0,V1
footlocker.com,/category/sale.html,20240902,6498,6468,0.9954,0.549,0.234,48,31,0.0,0.0,V1
footlocker.com,/category/sale.html,20240909,6603,6575,0.9958,0.532,0.242,48,36,0.0,0.0,V1
footlocker.com,/category/sale.html,20240913,6745,6714,0.9954,0.57,0.256,48,32,0.0,0.0,V1
footlocker.com,/category/sale.html,20240916,6570,6540,0.9954,0.542,0.257,48,32,0.0,0.0,V1
footlocker.com,/category/sale.html,20240917,6518,6488,0.9954,0.527,0.243,48,30,0.0,0.0,V1
footlocker.com,/category/sale.html,20240919,6648,6618,0.9955,0.521,0.241,48,33,0.0,0.0,V1
footlocker.com,/category/sale.html,20240923,6620,6592,0.9958,0.488,0.224,48,28,0.0,0.0,V1
footlocker.com,/category/sale.html,20240924,6561,6533,0.9957,0.469,0.223,48,28,0.0,0.0,V1
footlocker.com,/category/sale.html,20241001,6520,6492,0.9957,0.467,0.246,48,34,0.0,0.0,V1
footlocker.com,/category/sale.html,20241004,6505,6478,0.9958,0.547,0.262,48,32,0.0,0.0,V1
footlocker.com,/category/sale.html,20241007,6680,6652,0.9958,0.59,0.242,48,26,0.0,0.0,V1
footlocker.com,/category/sale.html,20241008,6692,6664,0.9958,0.497,0.256,48,32,0.0,0.0,V1
footlocker.com,/category/sale.html,20241123,6720,6720,1.0,0.642,0.254,48,35,0.0,0.0,V1
footlocker.com,/category/sale.html,20241209,6715,6715,1.0,0.588,0.266,48,42,0.0,0.0,V1
footlocker.com,/category/sale.html,20241211,6720,6720,1.0,0.638,0.292,48,45,0.0,0.0,V1
footlocker.com,/category/sale.html,20241229,5942,5942,1.0,0.564,0.284,48,39,0.0,0.0,V1
footlocker.com,/category/sale.html,20250114,5630,5630,1.0,0.533,0.272,48,38,0.0,0.0,V1
footlocker.com,/category/sale.html,20250118,5595,5595,1.0,0.5,0.291,48,40,0.0,0.0,V1
footlocker.com,/category/sale.html,20250209,4768,4768,1.0,0.601,0.286,48,39,0.0,0.0,V1
footlocker.com,/category/sale.html,20250214,5376,5376,1.0,0.61,0.304,48,39,0.0,0.0,V1
footlocker.com,/category/sale.html,20250215,5378,5378,1.0,0.62,0.295,48,38,0.0,0.0,V1
footlocker.com,/category/sale.html,20250225,5039,5039,1.0,0.587,0.309,48,39,0.0,0.0,V1
footlocker.com,/category/sale.html,20250309,5094,5094,1.0,0.483,0.274,48,31,0.0,0.0,V1
footlocker.com,/category/sale.html,20250316,4934,4934,1.0,0.5,0.277,48,27,0.0,0.0,V1
footlocker.com,/category/sale.html,20250407,4350,4350,1.0,0.482,0.267,48,24,0.0,0.0,V1
footlocker.com,/category/sale.html,20250427,4333,4333,1.0,0.362,0.353,48,38,0.0,0.0,V1
footlocker.com,/category/sale.html,20250506,4445,4445,1.0,0.454,0.328,48,39,0.0,0.0,V1
footlocker.com,/category/sale.html,20250613,5077,5077,1.0,0.625,0.357,48,37,0.0,0.0,V1
footlocker.com,/category/sale.html,20250722,4669,4669,1.0,0.35,0.289,48,39,0.0,0.0,V1
footlocker.com,/category/sale.html,20250723,4766,4766,1.0,0.346,0.289,48,39,0.0,0.0,V1
footlocker.com,/category/sale.html,20250725,4780,4780,1.0,0.329,0.306,48,38,0.0,0.0,V1
footlocker.com,/category/sale.html,20250727,4741,4741,1.0,0.352,0.308,48,37,0.0,0.0,V1
footlocker.com,/category/sale.html,20250801,4729,4729,1.0,0.352,0.289,48,36,0.0,0.0,V1
footlocker.com,/category/sale.html,20250806,4661,4661,1.0,0.321,0.274,48,37,0.0,0.0,V1
footlocker.com,/category/sale.html,20250811,4555,4555,1.0,0.337,0.268,48,41,0.0,0.0,V1
footlocker.com,/category/sale.html,20250817,4274,4274,1.0,0.404,0.298,48,39,0.0,0.0,V1
footlocker.com,/category/sale.html,20251018,4461,4461,1.0,0.449,0.328,48,40,0.025,0.0,V1
footlocker.com,/category/sale.html,20251021,4157,4157,1.0,0.414,0.283,48,36,0.0,0.0,V1
footlocker.com,/category/sale.html,20251023,4372,4372,1.0,0.327,0.284,48,39,0.0,0.0,V1
footlocker.com,/category/sale.html,20251024,4342,4342,1.0,0.379,0.296,48,38,0.0,0.0,V1
footlocker.com,/category/sale.html,20251027,3317,3317,1.0,0.487,0.379,48,35,0.0,0.0,V1
footlocker.com,/category/sale.html,20251029,3825,3825,1.0,0.466,0.352,48,33,0.0,0.0,V1
footlocker.com,/category/sale.html,20251101,2484,2484,1.0,0.528,0.374,48,37,0.0,0.0,V1
footlocker.com,/category/sale.html,20251107,2629,2629,1.0,0.464,0.382,48,37,0.0,0.0,V1
footlocker.com,/category/sale.html,20251108,2564,2564,1.0,0.41,0.367,48,39,0.0,0.0,V1
footlocker.com,/category/sale.html,20251109,2506,2506,1.0,0.391,0.282,48,46,0.0,0.0,V1
footlocker.com,/category/sale.html,20251110,2438,2438,1.0,0.378,0.387,48,35,0.0,0.0,V1
footlocker.com,/category/sale.html,20251111,2394,2394,1.0,0.394,0.31,48,39,0.0,0.0,V1
footlocker.com,/category/sale.html,20251112,2427,2427,1.0,0.478,0.349,48,39,0.0,0.0,V1
footlocker.com,/category/sale.html,20251114,2447,2447,1.0,0.484,0.348,48,39,0.026,0.0,V1
footlocker.com,/category/sale.html,20251117,2797,2797,1.0,0.374,0.337,48,37,0.027,0.0,V1
footlocker.com,/category/sale.html,20251118,2790,2790,1.0,0.409,0.293,48,38,0.026,0.0,V1
footlocker.com,/category/sale.html,20251119,2769,2769,1.0,0.398,0.289,48,39,0.026,0.0,V1
footlocker.com,/category/sale.html,20251120,2568,2568,1.0,0.444,0.319,48,39,0.026,0.0,V1
footlocker.com,/category/sale.html,20251121,2550,2550,1.0,0.444,0.361,48,40,0.05,0.0,V1
footlocker.com,/category/sale.html,20251123,3131,3131,1.0,0.431,0.388,48,36,0.056,0.0,V1
footlocker.com,/category/sale.html,20251127,3286,3286,1.0,0.419,0.392,48,41,0.0,0.0,V1
footlocker.com,/category/sale.html,20251128,3067,3067,1.0,0.516,0.364,48,32,0.031,0.0,V1
footlocker.com,/category/sale.html,20251129,3054,3054,1.0,0.379,0.378,48,41,0.0,0.0,V1
footlocker.com,/category/sale.html,20251130,2968,2968,1.0,0.454,0.398,48,42,0.0,0.0,V1
footlocker.com,/category/sale.html,20251204,2608,2608,1.0,0.381,0.353,48,39,0.051,0.0,V1
footlocker.com,/category/sale.html,20251205,2866,2866,1.0,0.463,0.418,48,41,0.073,0.0,V1
footlocker.com,/category/sale.html,20251206,2746,2746,1.0,0.493,0.444,48,38,0.053,0.0,V1
footlocker.com,/category/sale.html,20251207,2738,2738,1.0,0.459,0.451,48,39,0.051,0.0,V1
footlocker.com,/category/sale.html,20251208,5179,2699,0.5211,0.525,0.455,48,37,0.135,0.0,V1
footlocker.com,/category/sale.html,20251210,5186,2630,0.5071,0.537,0.462,48,40,0.175,0.0,V1
footlocker.com,/category/sale.html,20251211,5147,2632,0.5114,0.49,0.436,48,40,0.1,0.0,V1
footlocker.com,/category/sale.html,20251217,3132,3132,1.0,0.603,0.467,48,36,0.167,0.0,V1
footlocker.com,/category/sale.html,20260107,2306,2306,1.0,0.444,0.312,48,7,0.714,0.0,V1
footlocker.com,/category/sale.html,20260109,2376,2376,1.0,0.474,0.483,48,38,0.053,0.0,V1
footlocker.com,/category/sale.html,20260117,1876,1876,1.0,0.393,0.451,48,41,0.073,0.0,V1
footlocker.com,/category/sale.html,20260208,1091,1091,1.0,0.27,0.301,48,34,0.294,0.0,V1
footlocker.com,/category/sale.html,20260210,1064,1064,1.0,0.268,0.308,48,35,0.229,0.0,V1
footlocker.com,/category/sale.html,20260218,1125,1125,1.0,0.419,0.339,48,37,0.162,0.0,V1
footlocker.com,/category/sale.html,20260306,1869,1869,1.0,0.378,0.335,48,41,0.268,0.0,V1
footlocker.com,/category/sale.html,20260320,2261,2261,1.0,0.427,0.374,48,30,0.267,0.0,V1
footlocker.com,/category/sale.html,20260321,2295,2295,1.0,0.47,0.371,48,28,0.214,0.0,V1
footlocker.com,/category/sale.html,20260326,2245,2245,1.0,0.336,0.346,48,35,0.171,0.0,V1
footlocker.com,/category/sale.html,20260403,2860,2860,1.0,0.495,0.277,48,43,0.163,0.0,V1
footlocker.com,/category/sale.html,20260404,2823,2823,1.0,0.507,0.273,48,43,0.14,0.0,V1
footlocker.com,/category/sale.html,20260415,2621,2621,1.0,0.429,0.333,48,37,0.162,0.0,V1
footlocker.com,/category/sale.html,20260417,2753,2753,1.0,0.49,0.314,48,39,0.205,0.0,V1
footlocker.com,/category/sale.html,20260425,2615,2615,1.0,0.444,0.274,48,35,0.286,0.0,V1
footlocker.com,/category/sale.html,20260508,2275,2275,1.0,0.417,0.353,48,40,0.2,0.0,V1
footlocker.com,/category/sale.html,20260512,2225,2225,1.0,0.419,0.312,48,35,0.143,0.0,V1
footlocker.com,/category/sale.html,20260524,2663,2663,1.0,0.652,0.309,48,34,0.265,0.0,V1
footlocker.com,/category/sale.html,20260527,2619,2619,1.0,0.688,0.289,48,35,0.371,0.0,V1
footlocker.com,/category/sale.html,20260617,2720,2720,1.0,0.577,0.291,48,40,0.3,0.0,V1
footlocker.com,/category/sale.html,20260624,2697,2697,1.0,0.587,0.292,48,38,0.342,0.0,V1
footlocker.com,/category/sale.html,20260628,2374,2374,1.0,0.616,0.303,48,30,0.4,0.0,V1
footlocker.com,/category/sale.html,20260811,2728,2728,1.0,0.471,0.263,48,40,0.5,0.05,V1
footlocker.com,/category/sale.html,20260818,2733,2733,1.0,0.588,0.3,48,36,0.389,0.056,V1
footlocker.com,/category/sale.html,20260827,2323,2323,1.0,0.483,0.289,48,33,0.394,0.061,V1
footlocker.com,/category/sale.html,20260907,2270,2270,1.0,0.897,0.318,48,36,0.861,0.694,V1
footlocker.com,/category/sale.html,20260923,2304,2304,1.0,0.414,0.304,48,34,0.324,0.029,V1
footlocker.com,/category/sale.html,20261008,2646,2646,1.0,,,,,,,V1_live
footlocker.com,/category/sale/accessories.html,20250320,503,503,1.0,0.743,0.231,48,25,0.0,0.0,V1
footlocker.com,/category/sale/accessories.html,20250613,476,476,1.0,0.705,0.233,48,33,0.0,0.0,V1
footlocker.com,/category/sale/accessories.html,20250720,496,496,1.0,0.752,0.197,48,23,0.0,0.0,V1
footlocker.com,/category/sale/accessories.html,20251208,471,471,1.0,0.56,0.476,48,20,0.05,0.0,V1
footlocker.com,/category/sale/accessories.html,20260418,755,755,1.0,0.923,0.281,48,16,0.125,0.0,V1
footlocker.com,/category/sale/accessories/backpacks.html,20250419,199,55,0.2764,0.141,0.224,48,23,0.0,0.0,V1
footlocker.com,/category/sale/accessories/backpacks.html,20250911,204,59,0.2892,0.253,0.154,48,29,0.0,0.0,V1
footlocker.com,/category/sale/accessories/backpacks.html,20260118,130,11,0.0846,0.047,0.542,48,36,0.194,0.0,V1
footlocker.com,/category/sale/accessories/backpacks.html,20260518,107,6,0.0561,0.0,,48,33,0.545,0.0,V1
footlocker.com,/category/sale/accessories/hats.html,20251211,327,327,1.0,0.769,0.435,48,17,0.0,0.0,V1
footlocker.com,/category/sale/accessories/hats.html,20260313,449,436,0.971,0.759,0.309,48,17,0.235,0.0,V1
footlocker.com,/category/sale/accessories/new-era.html,20250423,162,152,0.9383,0.791,0.238,48,25,0.0,0.0,V1
footlocker.com,/category/sale/accessories/new-era.html,20250806,202,190,0.9406,0.849,0.254,48,29,0.0,0.0,V1
footlocker.com,/category/sale/accessories/new-era.html,20251110,210,202,0.9619,0.938,0.329,48,15,0.0,0.0,V1
footlocker.com,/category/sale/adidas-originals.html,20250118,510,503,0.9863,0.338,0.318,48,20,0.0,0.0,V1
footlocker.com,/category/sale/adidas-originals.html,20250320,386,384,0.9948,0.299,0.307,48,33,0.0,0.0,V1
footlocker.com,/category/sale/adidas-originals.html,20250613,381,380,0.9974,0.435,0.351,48,40,0.0,0.0,V1
footlocker.com,/category/sale/adidas-originals.html,20250619,361,359,0.9945,0.358,0.356,48,36,0.0,0.0,V1
footlocker.com,/category/sale/adidas-originals.html,20250910,287,280,0.9756,0.456,0.323,48,42,0.0,0.0,V1
footlocker.com,/category/sale/adidas-originals.html,20251210,137,125,0.9124,0.222,0.32,48,43,0.093,0.0,V1
footlocker.com,/category/sale/adidas-originals.html,20260422,123,120,0.9756,0.264,0.304,48,37,0.189,0.0,V1
footlocker.com,/category/sale/adidas.html,20240101,1164,,,0.614,0.368,48,37,0.0,0.0,V1
footlocker.com,/category/sale/adidas.html,20240108,1190,,,0.679,0.399,48,37,0.0,0.0,V1
footlocker.com,/category/sale/adidas.html,20240115,1065,,,0.636,0.371,48,36,0.0,0.0,V1
footlocker.com,/category/sale/adidas.html,20240122,1031,,,0.519,0.418,48,30,0.0,0.0,V1
footlocker.com,/category/sale/adidas.html,20240123,1030,,,0.636,0.361,48,34,0.0,0.0,V1
footlocker.com,/category/sale/adidas.html,20240130,986,,,0.569,0.366,48,35,0.0,0.0,V1
footlocker.com,/category/sale/adidas.html,20240206,971,,,0.592,0.37,48,34,0.0,0.0,V1
footlocker.com,/category/sale/adidas.html,20240214,925,,,0.647,0.347,48,34,0.0,0.0,V1
footlocker.com,/category/sale/adidas.html,20240221,1036,,,0.558,0.392,48,35,0.0,0.0,V1
footlocker.com,/category/sale/adidas.html,20240228,1020,,,0.555,0.383,48,36,0.0,0.0,V1
footlocker.com,/category/sale/adidas.html,20240312,961,,,0.587,0.353,48,33,0.0,0.0,V1
footlocker.com,/category/sale/adidas.html,20240326,775,,,0.596,0.339,48,33,0.0,0.0,V1
footlocker.com,/category/sale/adidas.html,20240402,775,,,0.576,0.341,48,33,0.0,0.0,V1
footlocker.com,/category/sale/adidas.html,20240418,715,,,0.579,0.342,48,30,0.0,0.0,V1
footlocker.com,/category/sale/adidas.html,20240425,705,,,0.492,0.364,48,27,0.0,0.0,V1
footlocker.com,/category/sale/adidas.html,20240502,713,,,0.528,0.359,48,31,0.0,0.0,V1
footlocker.com,/category/sale/adidas.html,20240509,673,,,0.5,0.322,48,33,0.0,0.0,V1
footlocker.com,/category/sale/adidas.html,20240516,867,,,0.525,0.341,48,28,0.0,0.0,V1
footlocker.com,/category/sale/adidas.html,20240517,867,,,0.566,0.343,48,28,0.0,0.0,V1
footlocker.com,/category/sale/adidas.html,20240525,925,,,0.603,0.328,48,32,0.0,0.0,V1
footlocker.com,/category/sale/adidas.html,20240531,888,,,0.602,0.324,48,32,0.0,0.0,V1
footlocker.com,/category/sale/adidas.html,20240607,913,,,0.656,0.33,48,32,0.0,0.0,V1
footlocker.com,/category/sale/adidas.html,20240614,891,,,0.562,0.341,48,29,0.0,0.0,V1
footlocker.com,/category/sale/adidas.html,20240621,887,,,0.492,0.303,48,28,0.0,0.0,V1
footlocker.com,/category/sale/adidas.html,20240629,920,,,0.545,0.312,48,30,0.0,0.0,V1
footlocker.com,/category/sale/adidas.html,20240706,904,,,0.462,0.304,48,31,0.0,0.0,V1
footlocker.com,/category/sale/adidas.html,20240713,910,,,0.487,0.271,48,28,0.0,0.0,V1
footlocker.com,/category/sale/adidas.html,20240720,896,,,0.542,0.269,48,26,0.0,0.0,V1
footlocker.com,/category/sale/adidas.html,20240726,949,,,0.657,0.279,48,27,0.0,0.0,V1
footlocker.com,/category/sale/adidas.html,20240727,976,,,0.648,0.278,48,28,0.0,0.0,V1
footlocker.com,/category/sale/adidas.html,20240803,951,,,0.6,0.273,48,29,0.0,0.0,V1
footlocker.com,/category/sale/adidas.html,20240804,946,,,0.687,0.272,48,28,0.0,0.0,V1
footlocker.com,/category/sale/adidas.html,20240812,906,,,0.667,0.266,48,27,0.0,0.0,V1
footlocker.com,/category/sale/adidas.html,20240819,1048,,,0.677,0.267,48,26,0.0,0.0,V1
footlocker.com,/category/sale/adidas.html,20240826,995,,,0.657,0.278,48,30,0.0,0.0,V1
footlocker.com,/category/sale/adidas.html,20240902,973,,,0.695,0.206,48,29,0.0,0.0,V1
footlocker.com,/category/sale/adidas.html,20240909,988,,,0.66,0.212,48,27,0.0,0.0,V1
footlocker.com,/category/sale/adidas.html,20240916,958,,,0.721,0.217,48,29,0.0,0.0,V1
footlocker.com,/category/sale/adidas.html,20240917,996,,,0.689,0.241,48,29,0.0,0.0,V1
footlocker.com,/category/sale/adidas.html,20240924,967,,,0.725,0.226,48,31,0.0,0.0,V1
footlocker.com,/category/sale/adidas.html,20241001,984,,,0.697,0.219,48,29,0.0,0.0,V1
footlocker.com,/category/sale/adidas.html,20241008,951,,,0.714,0.237,48,28,0.0,0.0,V1
footlocker.com,/category/sale/adidas.html,20250118,750,750,1.0,0.583,0.279,48,23,0.0,0.0,V1
footlocker.com,/category/sale/adidas.html,20250307,660,660,1.0,0.534,0.303,48,34,0.0,0.0,V1
footlocker.com,/category/sale/adidas.html,20250321,577,577,1.0,0.466,0.292,48,32,0.0,0.0,V1
footlocker.com,/category/sale/adidas.html,20250613,575,575,1.0,0.52,0.339,48,37,0.0,0.0,V1
footlocker.com,/category/sale/adidas.html,20250814,418,418,1.0,0.477,0.308,48,44,0.0,0.0,V1
footlocker.com,/category/sale/adidas.html,20250825,434,434,1.0,0.345,0.314,48,43,0.0,0.0,V1
footlocker.com,/category/sale/adidas.html,20251110,154,154,1.0,,,0,0,,,V1
footlocker.com,/category/sale/adidas.html,20251123,126,126,1.0,0.256,0.343,48,32,0.0,0.0,V1
footlocker.com,/category/sale/adidas.html,20251212,450,179,0.3978,0.247,0.388,48,38,0.105,0.0,V1
footlocker.com,/category/sale/adidas.html,20260217,112,112,1.0,0.211,0.28,48,42,0.143,0.0,V1
footlocker.com,/category/sale/adidas.html,20260320,194,194,1.0,0.231,0.315,48,35,0.2,0.0,V1
footlocker.com,/category/sale/adidas.html,20260426,198,198,1.0,0.283,0.289,48,39,0.231,0.0,V1
footlocker.com,/category/sale/adidas.html,20260520,175,175,1.0,0.135,0.306,48,30,0.4,0.0,V1
footlocker.com,/category/sale/adidas.html,20260625,162,162,1.0,0.122,0.308,48,33,0.545,0.0,V1
footlocker.com,/category/sale/adidas.html,20260716,175,175,1.0,0.2,0.28,48,33,0.455,0.03,V1
footlocker.com,/category/sale/adidas.html,20260827,177,177,1.0,0.209,0.27,48,35,0.486,0.0,V1
footlocker.com,/category/sale/adidas/mens.html,20240524,545,,,0.48,0.299,48,27,0.0,0.0,V1
footlocker.com,/category/sale/anthracite/black/black.html,20240727,48038,7166,0.1492,0.296,0.271,48,35,0.0,0.0,V1
footlocker.com,/category/sale/anthracite/black/black.html,20240819,17512,7022,0.401,0.163,0.229,48,38,0.0,0.0,V1
footlocker.com,/category/sale/anthracite/black/phantom.html,20240803,16913,7177,0.4243,0.265,0.281,48,32,0.0,0.0,V1
footlocker.com,/category/sale/anthracite/black/phantom.html,20240804,16948,7083,0.4179,0.262,0.275,48,32,0.0,0.0,V1
footlocker.com,/category/sale/anthracite/black/phantom.html,20240812,16640,6920,0.4159,0.242,0.232,48,36,0.0,0.0,V1
footlocker.com,/category/sale/anthracite/black/phantom.html,20240819,17512,7022,0.401,0.163,0.229,48,38,0.0,0.0,V1
footlocker.com,/category/sale/anthracite/black/white.html,20240812,16640,6920,0.4159,0.242,0.232,48,36,0.0,0.0,V1
footlocker.com,/category/sale/anthracite/black/white.html,20240819,17512,7022,0.401,0.163,0.229,48,38,0.0,0.0,V1
footlocker.com,/category/sale/anthracite/red.html,20240812,16640,6920,0.4159,0.242,0.232,48,36,0.0,0.0,V1
footlocker.com,/category/sale/anthracite/red.html,20240819,17512,7022,0.401,0.163,0.229,48,38,0.0,0.0,V1
footlocker.com,/category/sale/beige/black.html,20240803,17132,7172,0.4186,0.232,0.266,48,34,0.0,0.0,V1
footlocker.com,/category/sale/beige/black.html,20240804,16658,7076,0.4248,0.273,0.267,48,32,0.0,0.0,V1
footlocker.com,/category/sale/beige/brown.html,20240727,48038,7166,0.1492,0.296,0.271,48,35,0.0,0.0,V1
footlocker.com,/category/sale/beige/brown.html,20240804,16655,7076,0.4249,0.275,0.267,48,31,0.0,0.0,V1
footlocker.com,/category/sale/beige/green.html,20240819,17512,7022,0.401,0.163,0.229,48,38,0.0,0.0,V1
footlocker.com,/category/sale/beige/orange.html,20240803,17132,7172,0.4186,0.232,0.266,48,34,0.0,0.0,V1
footlocker.com,/category/sale/beige/red.html,20240803,17131,7171,0.4186,0.232,0.266,48,34,0.0,0.0,V1
footlocker.com,/category/sale/beige/red/white.html,20240803,17131,7171,0.4186,0.232,0.266,48,34,0.0,0.0,V1
footlocker.com,/category/sale/beige/white/pink.html,20240727,48038,7166,0.1492,0.296,0.271,48,35,0.0,0.0,V1
footlocker.com,/category/sale/beige/white/pink.html,20240819,17512,7022,0.401,0.163,0.229,48,38,0.0,0.0,V1
footlocker.com,/category/sale/black/anthracite/black.html,20240727,48038,7166,0.1492,0.296,0.271,48,35,0.0,0.0,V1
footlocker.com,/category/sale/black/anthracite/white.html,20240812,16640,6920,0.4159,0.242,0.232,48,36,0.0,0.0,V1
footlocker.com,/category/sale/black/black.html,20240803,16909,7176,0.4244,0.287,0.271,48,33,0.0,0.0,V1
footlocker.com,/category/sale/black/black.html,20240804,16948,7083,0.4179,0.262,0.275,48,32,0.0,0.0,V1
footlocker.com,/category/sale/black/black.html,20240812,16640,6920,0.4159,0.242,0.232,48,36,0.0,0.0,V1
footlocker.com,/category/sale/black/black.html,20240819,17512,7022,0.401,0.163,0.229,48,38,0.0,0.0,V1
footlocker.com,/category/sale/black/black/black.html,20240727,48033,7162,0.1491,0.269,0.269,48,35,0.0,0.0,V1
footlocker.com,/category/sale/black/black/black.html,20240803,16905,7175,0.4244,0.287,0.271,48,33,0.0,0.0,V1
footlocker.com,/category/sale/black/black/black.html,20240804,16948,7083,0.4179,0.262,0.275,48,32,0.0,0.0,V1
footlocker.com,/category/sale/black/black/black.html,20240812,16643,6923,0.416,0.242,0.232,48,36,0.0,0.0,V1
footlocker.com,/category/sale/black/black/black.html,20240819,17512,7022,0.401,0.163,0.229,48,38,0.0,0.0,V1
footlocker.com,/category/sale/black/black/grey.html,20240727,48038,7166,0.1492,0.296,0.271,48,35,0.0,0.0,V1
footlocker.com,/category/sale/black/black/white.html,20240819,17512,7022,0.401,0.163,0.229,48,38,0.0,0.0,V1
footlocker.com,/category/sale/black/blue/black.html,20240819,17512,7022,0.401,0.163,0.229,48,38,0.0,0.0,V1
footlocker.com,/category/sale/black/blue/gray.html,20240727,48038,7166,0.1492,0.296,0.271,48,35,0.0,0.0,V1
footlocker.com,/category/sale/black/blue/gray.html,20240812,16640,6920,0.4159,0.242,0.232,48,36,0.0,0.0,V1
footlocker.com,/category/sale/black/blue/gray.html,20240819,17512,7022,0.401,0.163,0.229,48,38,0.0,0.0,V1
footlocker.com,/category/sale/black/blue/white.html,20240727,48038,7166,0.1492,0.296,0.271,48,35,0.0,0.0,V1
footlocker.com,/category/sale/black/blue/white.html,20240803,16893,7170,0.4244,0.272,0.281,48,32,0.0,0.0,V1
footlocker.com,/category/sale/black/blue/white.html,20240804,16948,7083,0.4179,0.262,0.275,48,32,0.0,0.0,V1
footlocker.com,/category/sale/black/blue/white.html,20240812,16640,6920,0.4159,0.242,0.232,48,36,0.0,0.0,V1
footlocker.com,/category/sale/black/blue/white.html,20240819,17512,7022,0.401,0.163,0.229,48,38,0.0,0.0,V1
footlocker.com,/category/sale/black/gold.html,20240803,16909,7176,0.4244,0.287,0.271,48,33,0.0,0.0,V1
footlocker.com,/category/sale/black/gold.html,20240804,16948,7083,0.4179,0.262,0.275,48,32,0.0,0.0,V1
footlocker.com,/category/sale/black/gold.html,20240812,16640,6920,0.4159,0.242,0.232,48,36,0.0,0.0,V1
footlocker.com,/category/sale/black/gold.html,20240819,17512,7022,0.401,0.163,0.229,48,38,0.0,0.0,V1
footlocker.com,/category/sale/black/green.html,20240803,16909,7176,0.4244,0.287,0.271,48,33,0.0,0.0,V1
footlocker.com,/category/sale/black/green.html,20240804,16948,7083,0.4179,0.262,0.275,48,32,0.0,0.0,V1
footlocker.com,/category/sale/black/green.html,20240812,16640,6920,0.4159,0.242,0.232,48,36,0.0,0.0,V1
footlocker.com,/category/sale/black/green/white.html,20240727,48036,7164,0.1491,0.287,0.272,48,35,0.0,0.0,V1
footlocker.com,/category/sale/black/green/white.html,20240804,16948,7083,0.4179,0.262,0.275,48,32,0.0,0.0,V1
footlocker.com,/category/sale/black/green/white.html,20240812,16640,6920,0.4159,0.242,0.232,48,36,0.0,0.0,V1
footlocker.com,/category/sale/black/green/white.html,20240819,17512,7022,0.401,0.163,0.229,48,38,0.0,0.0,V1
footlocker.com,/category/sale/black/grey.html,20240727,48038,7166,0.1492,0.296,0.271,48,35,0.0,0.0,V1
footlocker.com,/category/sale/black/grey.html,20240803,16909,7176,0.4244,0.287,0.271,48,33,0.0,0.0,V1
footlocker.com,/category/sale/black/grey.html,20240804,16948,7083,0.4179,0.262,0.275,48,32,0.0,0.0,V1
footlocker.com,/category/sale/black/grey.html,20240819,17512,7022,0.401,0.163,0.229,48,38,0.0,0.0,V1
footlocker.com,/category/sale/black/grey/white.html,20240727,48038,7166,0.1492,0.296,0.271,48,35,0.0,0.0,V1
footlocker.com,/category/sale/black/multi.html,20240803,17132,7172,0.4186,0.232,0.266,48,34,0.0,0.0,V1
footlocker.com,/category/sale/black/multi/purple.html,20240727,48038,7166,0.1492,0.296,0.271,48,35,0.0,0.0,V1
footlocker.com,/category/sale/black/pink.html,20240727,48038,7166,0.1492,0.296,0.271,48,35,0.0,0.0,V1
footlocker.com,/category/sale/black/pink.html,20240819,17512,7022,0.401,0.163,0.229,48,38,0.0,0.0,V1
footlocker.com,/category/sale/black/red/black.html,20240812,16640,6920,0.4159,0.242,0.232,48,36,0.0,0.0,V1
footlocker.com,/category/sale/black/red/black.html,20240819,17512,7022,0.401,0.163,0.229,48,38,0.0,0.0,V1
footlocker.com,/category/sale/black/red/blue.html,20240727,48038,7166,0.1492,0.296,0.271,48,35,0.0,0.0,V1
footlocker.com,/category/sale/black/red/blue.html,20240819,17512,7022,0.401,0.163,0.229,48,38,0.0,0.0,V1
footlocker.com,/category/sale/black/red/purple.html,20240727,48038,7166,0.1492,0.296,0.271,48,35,0.0,0.0,V1
footlocker.com,/category/sale/black/red/purple.html,20240819,17512,7022,0.401,0.163,0.229,48,38,0.0,0.0,V1
footlocker.com,/category/sale/black/red/white.html,20240727,48034,7163,0.1491,0.28,0.276,48,35,0.0,0.0,V1
footlocker.com,/category/sale/black/red/white.html,20240803,16888,7168,0.4244,0.272,0.281,48,32,0.0,0.0,V1
footlocker.com,/category/sale/black/red/white.html,20240804,16948,7083,0.4179,0.262,0.275,48,32,0.0,0.0,V1
footlocker.com,/category/sale/black/red/white.html,20240812,16640,6920,0.4159,0.242,0.232,48,36,0.0,0.0,V1
footlocker.com,/category/sale/black/red/white.html,20240819,17512,7022,0.401,0.163,0.229,48,38,0.0,0.0,V1
footlocker.com,/category/sale/black/royal/black.html,20240727,48038,7166,0.1492,0.296,0.271,48,35,0.0,0.0,V1
footlocker.com,/category/sale/black/silver/white.html,20240727,48038,7166,0.1492,0.296,0.271,48,35,0.0,0.0,V1
footlocker.com,/category/sale/black/silver/white.html,20240819,17512,7022,0.401,0.163,0.229,48,38,0.0,0.0,V1
footlocker.com,/category/sale/black/taxi/aquatone.html,20240812,16640,6920,0.4159,0.242,0.232,48,36,0.0,0.0,V1
footlocker.com,/category/sale/black/teal/purple.html,20240727,48036,7164,0.1491,0.287,0.272,48,35,0.0,0.0,V1
footlocker.com,/category/sale/black/teal/purple.html,20240803,16909,7176,0.4244,0.287,0.271,48,33,0.0,0.0,V1
footlocker.com,/category/sale/black/teal/purple.html,20240804,16948,7083,0.4179,0.262,0.275,48,32,0.0,0.0,V1
footlocker.com,/category/sale/black/teal/purple.html,20240812,16640,6920,0.4159,0.242,0.232,48,36,0.0,0.0,V1
footlocker.com,/category/sale/black/teal/purple.html,20240819,17512,7022,0.401,0.163,0.229,48,38,0.0,0.0,V1
footlocker.com,/category/sale/black/white.html,20240727,48038,7166,0.1492,0.296,0.271,48,35,0.0,0.0,V1
footlocker.com,/category/sale/black/white.html,20240803,16893,7170,0.4244,0.272,0.281,48,32,0.0,0.0,V1
footlocker.com,/category/sale/black/white.html,20240804,16948,7083,0.4179,0.262,0.275,48,32,0.0,0.0,V1
footlocker.com,/category/sale/black/white.html,20240812,16640,6920,0.4159,0.242,0.232,48,36,0.0,0.0,V1
footlocker.com,/category/sale/black/white.html,20240819,17512,7022,0.401,0.163,0.229,48,38,0.0,0.0,V1
footlocker.com,/category/sale/black/white/anthracite.html,20240727,48038,7166,0.1492,0.296,0.271,48,35,0.0,0.0,V1
footlocker.com,/category/sale/black/white/anthracite.html,20240803,16895,7170,0.4244,0.272,0.281,48,32,0.0,0.0,V1
footlocker.com,/category/sale/black/white/anthracite.html,20240804,16948,7083,0.4179,0.262,0.275,48,32,0.0,0.0,V1
footlocker.com,/category/sale/black/white/anthracite.html,20240812,16640,6920,0.4159,0.242,0.232,48,36,0.0,0.0,V1
footlocker.com,/category/sale/black/white/anthracite.html,20240819,17512,7022,0.401,0.163,0.229,48,38,0.0,0.0,V1
footlocker.com,/category/sale/black/white/black.html,20240727,48034,7163,0.1491,0.28,0.276,48,35,0.0,0.0,V1
footlocker.com,/category/sale/black/white/black.html,20240803,16909,7176,0.4244,0.287,0.271,48,33,0.0,0.0,V1
footlocker.com,/category/sale/black/white/black.html,20240804,16948,7083,0.4179,0.262,0.275,48,32,0.0,0.0,V1
footlocker.com,/category/sale/black/white/black.html,20240812,16640,6920,0.4159,0.242,0.232,48,36,0.0,0.0,V1
footlocker.com,/category/sale/black/white/blue.html,20240727,48038,7166,0.1492,0.296,0.271,48,35,0.0,0.0,V1
footlocker.com,/category/sale/black/white/blue.html,20240819,17512,7022,0.401,0.163,0.229,48,38,0.0,0.0,V1
footlocker.com,/category/sale/black/white/malachite.html,20240727,48038,7166,0.1492,0.296,0.271,48,35,0.0,0.0,V1
footlocker.com,/category/sale/black/white/malachite.html,20240803,16909,7176,0.4244,0.287,0.271,48,33,0.0,0.0,V1
footlocker.com,/category/sale/black/white/malachite.html,20240804,16948,7083,0.4179,0.262,0.275,48,32,0.0,0.0,V1
footlocker.com,/category/sale/black/white/malachite.html,20240812,16640,6920,0.4159,0.242,0.232,48,36,0.0,0.0,V1
footlocker.com,/category/sale/black/white/malachite.html,20240819,17512,7022,0.401,0.163,0.229,48,38,0.0,0.0,V1
footlocker.com,/category/sale/black/white/orange.html,20240727,48038,7166,0.1492,0.296,0.271,48,35,0.0,0.0,V1
footlocker.com,/category/sale/black/white/orange.html,20240803,17129,7170,0.4186,0.232,0.266,48,34,0.0,0.0,V1
footlocker.com,/category/sale/black/white/orange.html,20240804,16655,7076,0.4249,0.273,0.267,48,32,0.0,0.0,V1
footlocker.com,/category/sale/black/white/red.html,20240727,48038,7166,0.1492,0.296,0.271,48,35,0.0,0.0,V1
footlocker.com,/category/sale/black/white/red.html,20240819,17512,7022,0.401,0.163,0.229,48,38,0.0,0.0,V1
footlocker.com,/category/sale/black/white/royal.html,20240812,16640,6920,0.4159,0.242,0.232,48,36,0.0,0.0,V1
footlocker.com,/category/sale/black/white/royal.html,20240819,17512,7022,0.401,0.163,0.229,48,38,0.0,0.0,V1
footlocker.com,/category/sale/black/white/sail.html,20240727,48038,7166,0.1492,0.296,0.271,48,35,0.0,0.0,V1
footlocker.com,/category/sale/black/white/sail.html,20240803,16909,7176,0.4244,0.287,0.271,48,33,0.0,0.0,V1
footlocker.com,/category/sale/black/white/sail.html,20240804,16948,7083,0.4179,0.262,0.275,48,32,0.0,0.0,V1
footlocker.com,/category/sale/black/white/sail.html,20240812,16640,6920,0.4159,0.242,0.232,48,36,0.0,0.0,V1
footlocker.com,/category/sale/black/white/tan.html,20240803,17132,7172,0.4186,0.232,0.266,48,34,0.0,0.0,V1
footlocker.com,/category/sale/blue/beige/white.html,20240803,17131,7171,0.4186,0.232,0.266,48,34,0.0,0.0,V1
footlocker.com,/category/sale/blue/white.html,20240727,48038,7166,0.1492,0.296,0.271,48,35,0.0,0.0,V1
footlocker.com,/category/sale/blue/white.html,20240803,16894,7170,0.4244,0.272,0.281,48,32,0.0,0.0,V1
footlocker.com,/category/sale/blue/white.html,20240804,16948,7083,0.4179,0.262,0.275,48,32,0.0,0.0,V1
footlocker.com,/category/sale/blue/white.html,20240812,16640,6920,0.4159,0.242,0.232,48,36,0.0,0.0,V1
footlocker.com,/category/sale/blue/white.html,20240819,17512,7022,0.401,0.163,0.229,48,38,0.0,0.0,V1
footlocker.com,/category/sale/blue/white/teal.html,20240812,16640,6920,0.4159,0.242,0.232,48,36,0.0,0.0,V1
footlocker.com,/category/sale/blue/white/teal.html,20240819,17512,7022,0.401,0.163,0.229,48,38,0.0,0.0,V1
footlocker.com,/category/sale/bogo.html,20251114,2320,2320,1.0,0.412,0.214,48,37,0.027,0.0,V1
footlocker.com,/category/sale/bogo.html,20260313,2091,2091,1.0,0.25,0.242,48,35,0.314,0.0,V1
footlocker.com,/category/sale/boys/shoes.html,20250808,494,493,0.998,0.442,0.27,48,35,0.0,0.0,V1
footlocker.com,/category/sale/boys/shoes.html,20251113,132,132,1.0,0.256,0.267,48,36,0.028,0.0,V1
footlocker.com,/category/sale/boys/shoes.html,20260308,108,108,1.0,0.277,0.261,48,34,0.147,0.0,V1
footlocker.com,/category/sale/boys/shoes.html,20260611,178,178,1.0,0.25,0.262,48,36,0.278,0.0,V1
footlocker.com,/category/sale/brown/beige.html,20240803,17131,7171,0.4186,0.232,0.266,48,34,0.0,0.0,V1
footlocker.com,/category/sale/brown/beige/red.html,20240727,48038,7166,0.1492,0.296,0.271,48,35,0.0,0.0,V1
footlocker.com,/category/sale/brown/beige/red.html,20240803,16913,7177,0.4243,0.265,0.281,48,32,0.0,0.0,V1
footlocker.com,/category/sale/brown/beige/red.html,20240804,16948,7083,0.4179,0.262,0.275,48,32,0.0,0.0,V1
footlocker.com,/category/sale/clothing.html,20240101,4157,4153,0.999,0.65,0.308,48,41,0.0,0.0,V1
footlocker.com,/category/sale/clothing.html,20240108,4026,4022,0.999,0.625,0.31,48,38,0.0,0.0,V1
footlocker.com,/category/sale/clothing.html,20240115,3364,3360,0.9988,0.632,0.289,48,43,0.0,0.0,V1
footlocker.com,/category/sale/clothing.html,20240122,3274,3270,0.9988,0.545,0.302,48,41,0.0,0.0,V1
footlocker.com,/category/sale/clothing.html,20240123,3303,3299,0.9988,0.562,0.314,48,40,0.0,0.0,V1
footlocker.com,/category/sale/clothing.html,20240130,2911,2907,0.9986,0.608,0.3,48,42,0.0,0.0,V1
footlocker.com,/category/sale/clothing.html,20240206,2747,2743,0.9985,0.58,0.285,48,42,0.0,0.0,V1
footlocker.com,/category/sale/clothing.html,20240214,2639,2635,0.9985,0.614,0.281,48,44,0.0,0.0,V1
footlocker.com,/category/sale/clothing.html,20240221,3080,3079,0.9997,0.638,0.299,48,35,0.0,0.0,V1
footlocker.com,/category/sale/clothing.html,20240228,3099,3098,0.9997,0.617,0.329,48,37,0.0,0.0,V1
footlocker.com,/category/sale/clothing.html,20240312,2846,2843,0.9989,0.645,0.327,48,38,0.0,0.0,V1
footlocker.com,/category/sale/clothing.html,20240326,2217,2214,0.9986,0.48,0.373,48,31,0.0,0.0,V1
footlocker.com,/category/sale/clothing.html,20240402,2145,2142,0.9986,0.62,0.383,48,34,0.0,0.0,V1
footlocker.com,/category/sale/clothing.html,20240418,2044,2042,0.999,0.463,0.311,48,36,0.0,0.0,V1
footlocker.com,/category/sale/clothing.html,20240425,2117,2115,0.9991,0.478,0.321,48,37,0.0,0.0,V1
footlocker.com,/category/sale/clothing.html,20240502,2162,2160,0.9991,0.452,0.311,48,37,0.0,0.0,V1
footlocker.com,/category/sale/clothing.html,20240509,2087,2085,0.999,0.475,0.281,48,37,0.0,0.0,V1
footlocker.com,/category/sale/clothing.html,20240516,3013,3011,0.9993,0.539,0.265,48,35,0.0,0.0,V1
footlocker.com,/category/sale/clothing.html,20240517,3025,3023,0.9993,0.577,0.28,48,35,0.0,0.0,V1
footlocker.com,/category/sale/clothing.html,20240531,3093,3091,0.9994,0.583,0.257,48,33,0.0,0.0,V1
footlocker.com,/category/sale/clothing.html,20240607,3081,3079,0.9994,0.685,0.255,48,38,0.0,0.0,V1
footlocker.com,/category/sale/clothing.html,20240614,3199,3197,0.9994,0.786,0.255,48,38,0.0,0.0,V1
footlocker.com,/category/sale/clothing.html,20240621,3000,2998,0.9993,0.623,0.293,48,38,0.0,0.0,V1
footlocker.com,/category/sale/clothing.html,20240629,3008,3006,0.9993,0.611,0.294,48,38,0.0,0.0,V1
footlocker.com,/category/sale/clothing.html,20240706,2975,2973,0.9993,0.562,0.25,48,32,0.0,0.0,V1
footlocker.com,/category/sale/clothing.html,20240713,2958,2957,0.9997,0.61,0.273,48,30,0.0,0.0,V1
footlocker.com,/category/sale/clothing.html,20240720,2925,2924,0.9997,0.679,0.217,48,35,0.0,0.0,V1
footlocker.com,/category/sale/clothing.html,20240727,3261,3260,0.9997,0.744,0.249,48,34,0.0,0.0,V1
footlocker.com,/category/sale/clothing.html,20240803,3269,3269,1.0,0.705,0.281,48,38,0.0,0.0,V1
footlocker.com,/category/sale/clothing.html,20240804,3240,3240,1.0,0.742,0.285,48,36,0.0,0.0,V1
footlocker.com,/category/sale/clothing.html,20240812,3126,3126,1.0,0.759,0.25,48,41,0.0,0.0,V1
footlocker.com,/category/sale/clothing.html,20240819,3089,3089,1.0,0.705,0.257,48,43,0.0,0.0,V1
footlocker.com,/category/sale/clothing.html,20240826,2967,2967,1.0,0.641,0.288,48,32,0.0,0.0,V1
footlocker.com,/category/sale/clothing.html,20240902,2900,2900,1.0,0.682,0.293,48,31,0.0,0.0,V1
footlocker.com,/category/sale/clothing.html,20240909,2930,2930,1.0,0.682,0.354,48,36,0.0,0.0,V1
footlocker.com,/category/sale/clothing.html,20240916,2885,2885,1.0,0.752,0.38,48,33,0.0,0.0,V1
footlocker.com,/category/sale/clothing.html,20240917,2876,2876,1.0,0.768,0.354,48,33,0.0,0.0,V1
footlocker.com,/category/sale/clothing.html,20240924,2854,2854,1.0,0.717,0.362,48,31,0.0,0.0,V1
footlocker.com,/category/sale/clothing.html,20241001,2946,2946,1.0,0.755,0.344,48,35,0.0,0.0,V1
footlocker.com,/category/sale/clothing.html,20241008,2977,2977,1.0,0.782,0.351,48,37,0.0,0.0,V1
footlocker.com,/category/sale/clothing.html,20250118,2384,2384,1.0,0.699,0.363,48,35,0.0,0.0,V1
footlocker.com,/category/sale/clothing.html,20250321,1907,1907,1.0,0.822,0.495,48,18,0.0,0.0,V1
footlocker.com,/category/sale/clothing.html,20250613,1999,1999,1.0,0.558,0.327,48,29,0.0,0.0,V1
footlocker.com,/category/sale/clothing.html,20250715,2004,2004,1.0,0.6,0.404,48,35,0.0,0.0,V1
footlocker.com,/category/sale/clothing.html,20251107,1620,1620,1.0,0.754,0.412,48,28,0.214,0.0,V1
footlocker.com,/category/sale/clothing.html,20251112,1494,1494,1.0,0.768,0.399,48,26,0.0,0.0,V1
footlocker.com,/category/sale/clothing.html,20251114,1479,1479,1.0,0.578,0.36,48,26,0.0,0.0,V1
footlocker.com,/category/sale/clothing/nike.html,20251006,518,516,0.9961,0.487,0.292,48,35,0.0,0.0,V1
footlocker.com,/category/sale/clothing/pants.html,20250803,886,314,0.3544,0.728,0.354,48,26,0.0,0.0,V1
footlocker.com,/category/sale/clothing/womens.html,20250811,307,305,0.9935,0.589,0.302,48,20,0.0,0.0,V1
footlocker.com,/category/sale/clothing/womens.html,20251112,186,185,0.9946,0.49,0.449,48,16,0.0,0.0,V1
footlocker.com,/category/sale/family-sale.html,20250830,1283,1283,1.0,0.364,0.284,48,0,,,V1
footlocker.com,/category/sale/family-sale.html,20250915,1323,1323,1.0,0.58,0.315,48,36,0.0,0.0,V1
footlocker.com,/category/sale/flx-members-only-sale.html,20250813,10000,4279,0.4279,0.323,0.266,48,45,0.0,0.0,V1
footlocker.com,/category/sale/grade-school.html,20251115,140,134,0.9571,0.402,0.303,48,33,0.091,0.0,V1
footlocker.com,/category/sale/jordan/clothing.html,20251007,202,198,0.9802,0.408,0.356,48,20,0.0,0.0,V1
footlocker.com,/category/sale/kids.html,20250910,612,612,1.0,0.42,0.274,48,36,0.0,0.0,V1
footlocker.com,/category/sale/kids.html,20251021,612,612,1.0,0.416,0.278,48,34,0.0,0.0,V1
footlocker.com,/category/sale/kids.html,20251027,667,667,1.0,0.331,0.424,48,33,0.0,0.0,V1
footlocker.com,/category/sale/kids.html,20251112,188,188,1.0,0.268,0.289,48,39,0.026,0.0,V1
footlocker.com,/category/sale/kids.html,20251116,199,199,1.0,0.227,0.291,48,31,0.097,0.0,V1
footlocker.com,/category/sale/kids/accessories.html,20251006,210,210,1.0,0.769,0.297,48,21,0.19,0.0,V1
footlocker.com,/category/sale/kids/shoes.html,20250913,579,579,1.0,0.439,0.274,48,38,0.0,0.0,V1
footlocker.com,/category/sale/mens.html,20250909,2573,2573,1.0,0.414,0.309,48,38,0.0,0.0,V1
footlocker.com,/category/sale/mens.html,20251107,1807,1807,1.0,0.452,0.362,48,35,0.0,0.0,V1
footlocker.com,/category/sale/mens/accessories.html,20250808,499,499,1.0,0.605,0.224,48,33,0.0,0.0,V1
footlocker.com,/category/sale/mens/clothing/nike.html,20251013,384,380,0.9896,0.361,0.323,48,28,0.0,0.0,V1
footlocker.com,/category/sale/mens/jordan.html,20250917,239,239,1.0,0.531,0.247,48,38,0.0,0.0,V1
footlocker.com,/category/sale/mens/nike.html,20251108,389,389,1.0,0.244,0.309,48,36,0.056,0.0,V1
footlocker.com,/category/sale/mens/shoes.html,20250824,724,724,1.0,0.488,0.317,48,38,0.0,0.0,V1
footlocker.com,/category/sale/mens/shoes/nike.html,20250808,223,223,1.0,0.455,0.25,48,37,0.0,0.0,V1
footlocker.com,/category/sale/new-balance.html,20251108,214,214,1.0,0.44,0.348,48,44,0.0,0.0,V1
footlocker.com,/category/sale/new-era.html,20251011,356,347,0.9747,0.745,0.256,48,7,0.0,0.0,V1
footlocker.com,/category/sale/nike-jordan.html,20250916,1519,1519,1.0,0.308,0.258,48,35,0.0,0.0,V1
footlocker.com,/category/sale/nike-jordan.html,20251014,1413,1413,1.0,0.317,0.248,48,41,0.0,0.0,V1
footlocker.com,/category/sale/nike-jordan.html,20251117,1230,1230,1.0,0.435,0.235,48,35,0.0,0.0,V1
footlocker.com,/category/sale/nike.html,20251014,973,973,1.0,0.342,0.279,48,43,0.0,0.0,V1
footlocker.com,/category/sale/nike.html,20251021,988,988,1.0,0.316,0.287,48,40,0.0,0.0,V1
footlocker.com,/category/sale/nike.html,20251023,768,768,1.0,0.292,0.277,48,39,0.026,0.0,V1
footlocker.com,/category/sale/nike.html,20251024,1041,1041,1.0,0.351,0.406,48,38,0.026,0.0,V1
footlocker.com,/category/sale/nike.html,20251104,588,588,1.0,0.316,0.296,48,34,0.0,0.0,V1
footlocker.com,/category/sale/nike.html,20251108,587,587,1.0,0.383,0.238,48,41,0.0,0.0,V1
footlocker.com,/category/sale/preschool.html,20250908,108,108,1.0,0.397,0.259,48,22,0.0,0.0,V1
footlocker.com,/category/sale/preschool/shoes.html,20250907,105,103,0.981,0.289,0.282,48,20,0.0,0.0,V1
footlocker.com,/category/sale/shoes/adidas-originals.html,20251006,211,208,0.9858,0.366,0.318,48,38,0.0,0.0,V1
footlocker.com,/category/sale/shoes/adidas.html,20250806,328,322,0.9817,0.372,0.331,48,39,0.0,0.0,V1
footlocker.com,/category/sale/shoes/jordan.html,20251017,229,229,1.0,0.37,0.211,48,38,0.026,0.0,V1
footlocker.com,/category/sale/shoes/new-balance.html,20251010,212,210,0.9906,0.408,0.316,48,43,0.023,0.0,V1
footlocker.com,/category/sale/shoes/nike.html,20251013,439,432,0.9841,0.368,0.254,48,40,0.0,0.0,V1
footlocker.com,/category/sale/shoes/nike.html,20251017,505,500,0.9901,0.401,0.314,48,39,0.0,0.0,V1
footlocker.com,/category/sale/shoes/nike/air-max.html,20250813,139,133,0.9568,0.5,0.255,48,33,0.0,0.0,V1
footlocker.com,/category/sale/shoes/puma.html,20250814,245,239,0.9755,0.658,0.32,48,13,0.0,0.0,V1
footlocker.com,/category/sale/shoes/slippers.html,20250804,135,38,0.2815,0.2,0.234,48,31,0.0,0.0,V1
footlocker.com,/category/sale/shoes/toddler.html,20250815,154,154,1.0,0.455,0.29,48,35,0.0,0.0,V1
footlocker.com,/category/sale/shoes/toddler/nike.html,20250810,529,168,0.3176,0.26,0.299,48,37,0.0,0.0,V1
footlocker.com,/category/sale/toddler.html,20250910,137,131,0.9562,0.468,0.292,48,33,0.0,0.0,V1
footlocker.com,/category/sale/top-rated-styles.html,20250908,2540,2540,1.0,0.369,0.297,48,38,0.0,0.0,V1
footlocker.com,/category/sale/womens.html,20250811,889,889,1.0,0.392,0.294,48,42,0.0,0.0,V1
footlocker.com,/category/sale/womens.html,20250828,826,826,1.0,0.466,0.315,48,0,,,V1
footlocker.com,/category/sale/womens.html,20251021,817,817,1.0,0.528,0.291,48,42,0.0,0.0,V1
footlocker.com,/category/sale/womens.html,20251116,431,431,1.0,0.346,0.292,48,38,0.026,0.0,V1
footlocker.com,/category/sale/womens/accessories.html,20250808,264,264,1.0,0.696,0.26,48,30,0.0,0.0,V1
footlocker.com,/category/sale/womens/accessories.html,20251115,181,181,1.0,0.767,0.38,48,20,0.15,0.0,V1
footlocker.com,/category/sale/womens/clothing.html,20251012,256,256,1.0,0.529,0.314,48,27,0.0,0.0,V1
footlocker.com,/category/sale/womens/nike.html,20251007,277,277,1.0,0.471,0.298,48,40,0.025,0.0,V1
footlocker.com,/category/sale/womens/shoes.html,20250825,541,541,1.0,0.388,0.308,48,39,0.0,0.0,V1
footlocker.com,/category/sale/womens/shoes.html,20251111,141,141,1.0,0.275,0.314,48,44,0.0,0.0,V1
footlocker.com,/category/shoes.html,20241229,7742,2751,0.3553,0.309,0.281,48,38,0.0,0.0,V1
footlocker.com,/category/shoes.html,20250130,7657,2472,0.3228,0.193,0.238,48,41,0.0,0.0,V1
footlocker.com,/category/shoes.html,20250418,7610,2475,0.3252,0.345,0.286,48,36,0.0,0.0,V1
footlocker.com,/category/shoes.html,20250502,7448,2251,0.3022,0.313,0.275,48,35,0.0,0.0,V1
footlocker.com,/category/shoes.html,20250704,7699,2390,0.3104,0.291,0.292,48,38,0.0,0.0,V1
footlocker.com,/category/shoes.html,20260529,5491,824,0.1501,0.193,0.254,48,29,0.69,0.0,V1
footlocker.com,/category/shoes.html,20260722,6254,915,0.1463,0.256,0.226,48,24,0.667,0.042,V1
footlocker.com,/category/shoes.html,20261008,6351,679,0.107,,,,,,,V1_live
footlocker.com,/category/womens.html,20240101,16178,1727,0.1067,0.273,0.263,48,36,0.0,0.0,V1
footlocker.com,/category/womens.html,20240108,16082,1674,0.1041,0.291,0.3,48,40,0.0,0.0,V1
footlocker.com,/category/womens.html,20240115,15715,1534,0.0976,0.206,0.296,48,41,0.0,0.0,V1
footlocker.com,/category/womens.html,20240122,15648,1473,0.0941,0.322,0.292,48,36,0.0,0.0,V1
footlocker.com,/category/womens.html,20240123,15722,1492,0.0949,0.314,0.303,48,38,0.0,0.0,V1
footlocker.com,/category/womens.html,20240125,15584,1458,0.0936,0.294,0.314,48,39,0.0,0.0,V1
footlocker.com,/category/womens.html,20240130,15615,1398,0.0895,0.349,0.289,48,37,0.0,0.0,V1
footlocker.com,/category/womens.html,20240206,15577,1342,0.0862,0.208,0.231,48,37,0.0,0.0,V1
footlocker.com,/category/womens.html,20240214,15692,1307,0.0833,0.261,0.235,48,41,0.0,0.0,V1
footlocker.com,/category/womens.html,20240221,15324,1450,0.0946,0.286,0.272,48,39,0.0,0.0,V1
footlocker.com,/category/womens.html,20240228,14762,1452,0.0984,0.255,0.253,48,38,0.0,0.0,V1
footlocker.com,/category/womens.html,20240312,15269,1364,0.0893,0.222,0.266,48,39,0.0,0.0,V1
footlocker.com,/category/womens.html,20240319,15357,1322,0.0861,0.236,0.241,48,38,0.0,0.0,V1
footlocker.com,/category/womens.html,20240326,15464,1307,0.0845,0.38,0.265,48,35,0.0,0.0,V1
footlocker.com,/category/womens.html,20240402,11724,1249,0.1065,0.175,0.245,48,41,0.0,0.0,V1
footlocker.com,/category/womens.html,20240404,11227,1251,0.1114,0.281,0.285,48,40,0.0,0.0,V1
footlocker.com,/category/womens.html,20240405,11255,1241,0.1103,0.189,0.274,48,40,0.0,0.0,V1
footlocker.com,/category/womens.html,20240408,11291,1207,0.1069,0.176,0.227,48,38,0.0,0.0,V1
footlocker.com,/category/womens.html,20240409,11245,1188,0.1056,0.151,0.238,48,40,0.0,0.0,V1
footlocker.com,/category/womens.html,20240418,11282,1204,0.1067,0.136,0.258,48,38,0.0,0.0,V1
footlocker.com,/category/womens.html,20240425,11386,1192,0.1047,0.087,0.205,48,40,0.0,0.0,V1
footlocker.com,/category/womens.html,20240502,11411,1231,0.1079,0.064,0.324,48,40,0.0,0.0,V1
footlocker.com,/category/womens.html,20240509,11419,1201,0.1052,0.134,0.271,48,37,0.0,0.0,V1
footlocker.com,/category/womens.html,20240512,11423,1169,0.1023,0.072,0.24,48,36,0.0,0.0,V1
footlocker.com,/category/womens.html,20240623,9850,1472,0.1494,0.124,0.21,48,37,0.0,0.0,V1
footlocker.com,/category/womens.html,20240629,9633,1439,0.1494,0.082,0.246,48,37,0.0,0.0,V1
footlocker.com,/category/womens.html,20240812,3947,1659,0.4203,0.402,0.235,48,39,0.0,0.0,V1
footlocker.com,/category/womens.html,20240815,3949,1686,0.4269,0.369,0.253,48,39,0.0,0.0,V1
footlocker.com,/category/womens.html,20240821,3801,1614,0.4246,0.343,0.237,48,36,0.0,0.0,V1
footlocker.com,/category/womens.html,20240902,3884,1586,0.4083,0.291,0.248,48,41,0.0,0.0,V1
footlocker.com,/category/womens.html,20240904,3889,1564,0.4022,0.257,0.232,48,43,0.0,0.0,V1
footlocker.com,/category/womens.html,20240926,3979,1594,0.4006,0.173,0.204,48,41,0.0,0.0,V1
footlocker.com,/category/womens.html,20240930,3940,1559,0.3957,0.119,0.209,48,41,0.0,0.0,V1
footlocker.com,/category/womens.html,20241105,3874,1462,0.3774,0.134,0.181,48,43,0.0,0.0,V1
footlocker.com,/category/womens.html,20241125,2859,1161,0.4061,0.218,0.229,48,44,0.0,0.0,V1
footlocker.com,/category/womens.html,20250115,2586,935,0.3616,0.203,0.27,48,40,0.0,0.0,V1
footlocker.com,/category/womens.html,20250118,2576,921,0.3575,0.264,0.263,48,44,0.0,0.0,V1
footlocker.com,/category/womens.html,20250131,2445,781,0.3194,0.121,0.304,48,41,0.0,0.0,V1
footlocker.com,/category/womens.html,20250206,2479,783,0.3159,0.112,0.268,48,45,0.0,0.0,V1
footlocker.com,/category/womens.html,20250211,2433,819,0.3366,0.16,0.256,48,41,0.0,0.0,V1
footlocker.com,/category/womens.html,20250219,2459,937,0.381,0.237,0.257,48,45,0.0,0.0,V1
footlocker.com,/category/womens.html,20250222,2469,917,0.3714,0.2,0.244,48,43,0.0,0.0,V1
footlocker.com,/category/womens.html,20250302,2430,868,0.3572,0.134,0.262,48,41,0.0,0.0,V1
footlocker.com,/category/womens.html,20250317,2461,838,0.3405,0.203,0.289,48,45,0.0,0.0,V1
footlocker.com,/category/womens.html,20250318,2459,825,0.3355,0.191,0.302,48,44,0.0,0.0,V1
footlocker.com,/category/womens.html,20250324,2495,767,0.3074,0.147,0.315,48,43,0.0,0.0,V1
footlocker.com,/category/womens.html,20250325,2506,797,0.318,0.133,0.279,48,41,0.0,0.0,V1
footlocker.com,/category/womens.html,20250415,2506,861,0.3436,0.227,0.245,48,39,0.0,0.0,V1
footlocker.com,/category/womens.html,20250416,2500,853,0.3412,0.304,0.25,48,37,0.0,0.0,V1
footlocker.com,/category/womens.html,20250423,2513,788,0.3136,0.126,0.251,48,45,0.0,0.0,V1
footlocker.com,/category/womens.html,20250430,2491,750,0.3011,0.295,0.266,48,41,0.0,0.0,V1
footlocker.com,/category/womens.html,20250506,2426,817,0.3368,0.281,0.264,48,43,0.0,0.0,V1
footlocker.com,/category/womens.html,20250516,2464,823,0.334,0.259,0.304,48,44,0.0,0.0,V1
footlocker.com,/category/womens.html,20250518,2482,799,0.3219,0.261,0.3,48,36,0.0,0.0,V1
footlocker.com,/category/womens.html,20250522,2474,794,0.3209,0.254,0.303,48,41,0.0,0.0,V1
footlocker.com,/category/womens.html,20250526,2418,788,0.3259,0.267,0.279,48,41,0.0,0.0,V1
footlocker.com,/category/womens.html,20250606,2566,894,0.3484,0.241,0.27,48,37,0.0,0.0,V1
footlocker.com,/category/womens.html,20250613,2509,928,0.3699,0.503,0.306,48,42,0.0,0.0,V1
footlocker.com,/category/womens.html,20250614,2520,936,0.3714,0.482,0.307,48,42,0.0,0.0,V1
footlocker.com,/category/womens.html,20250617,2462,865,0.3513,0.297,0.293,48,41,0.0,0.0,V1
footlocker.com,/category/womens.html,20250618,2506,871,0.3476,0.255,0.294,48,42,0.0,0.0,V1
footlocker.com,/category/womens.html,20250622,2499,862,0.3449,0.342,0.295,48,42,0.0,0.0,V1
footlocker.com,/category/womens.html,20250624,2456,837,0.3408,0.301,0.324,48,40,0.0,0.0,V1
footlocker.com,/category/womens.html,20250712,2471,808,0.327,0.242,0.198,48,43,0.0,0.0,V1
footlocker.com,/category/womens.html,20250717,2580,898,0.3481,0.336,0.283,48,45,0.0,0.0,V1
footlocker.com,/category/womens.html,20250730,2585,921,0.3563,0.41,0.288,48,41,0.0,0.0,V1
footlocker.com,/category/womens.html,20250803,2635,929,0.3526,0.305,0.295,48,39,0.0,0.0,V1
footlocker.com,/category/womens.html,20250806,2585,916,0.3544,0.303,0.293,48,39,0.0,0.0,V1
footlocker.com,/category/womens.html,20250808,2597,918,0.3535,0.33,0.273,48,42,0.0,0.0,V1
footlocker.com,/category/womens.html,20250816,2652,895,0.3375,0.435,0.3,48,43,0.0,0.0,V1
footlocker.com,/category/womens.html,20250820,2615,788,0.3013,0.361,0.306,48,39,0.0,0.0,V1
footlocker.com,/category/womens.html,20250824,2613,821,0.3142,0.337,0.3,48,44,0.0,0.0,V1
footlocker.com,/category/womens.html,20250907,2729,873,0.3199,0.377,0.298,48,44,0.0,0.0,V1
footlocker.com,/category/womens.html,20250909,2694,834,0.3096,0.312,0.301,48,38,0.0,0.0,V1
footlocker.com,/category/womens.html,20250913,2745,849,0.3093,0.372,0.294,48,43,0.0,0.0,V1
footlocker.com,/category/womens.html,20250915,2679,799,0.2982,0.345,0.283,48,44,0.0,0.0,V1
footlocker.com,/category/womens.html,20250916,2727,836,0.3066,0.332,0.294,48,43,0.0,0.0,V1
footlocker.com,/category/womens.html,20250918,2757,850,0.3083,0.286,0.298,48,42,0.0,0.0,V1
footlocker.com,/category/womens.html,20250919,2791,841,0.3013,0.359,0.297,48,45,0.0,0.0,V1
footlocker.com,/category/womens.html,20251001,2872,839,0.2921,0.419,0.294,48,41,0.0,0.0,V1
footlocker.com,/category/womens.html,20251011,2944,849,0.2884,0.361,0.272,48,43,0.047,0.0,V1
footlocker.com,/category/womens.html,20251021,2985,830,0.2781,0.435,0.286,48,39,0.026,0.0,V1
footlocker.com,/category/womens.html,20251023,2986,856,0.2867,0.392,0.281,48,46,0.022,0.0,V1
footlocker.com,/category/womens.html,20251026,2686,599,0.223,0.409,0.414,48,45,0.022,0.0,V1
footlocker.com,/category/womens.html,20251104,2825,363,0.1285,0.196,0.319,48,46,0.0,0.0,V1
footlocker.com,/category/womens.html,20251111,2883,339,0.1176,0.216,0.321,48,46,0.0,0.0,V1
footlocker.com,/category/womens.html,20251115,2555,339,0.1327,0.305,0.303,48,41,0.024,0.0,V1
footlocker.com,/category/womens.html,20251118,2481,421,0.1697,0.268,0.305,48,43,0.023,0.0,V1
footlocker.com,/category/womens.html,20251130,2207,468,0.2121,0.418,0.398,48,41,0.024,0.0,V1
footlocker.com,/category/womens.html,20251203,2116,443,0.2094,0.386,0.378,48,41,0.098,0.0,V1
footlocker.com,/category/womens.html,20251206,2163,437,0.202,0.23,0.421,48,41,0.171,0.0,V1
footlocker.com,/category/womens.html,20251210,2111,398,0.1885,0.259,0.512,48,40,0.075,0.0,V1
footlocker.com,/category/womens.html,20251211,2140,421,0.1967,0.256,0.425,48,38,0.079,0.0,V1
footlocker.com,/category/womens.html,20251213,2141,411,0.192,0.265,0.422,48,37,0.054,0.0,V1
footlocker.com,/category/womens.html,20251214,2121,408,0.1924,0.293,0.411,48,40,0.1,0.0,V1
footlocker.com,/category/womens.html,20260116,1981,396,0.1999,0.205,0.447,48,41,0.024,0.0,V1
footlocker.com,/category/womens.html,20260118,1950,357,0.1831,0.211,0.35,48,42,0.048,0.0,V1
footlocker.com,/category/womens.html,20260130,1770,223,0.126,0.128,0.4,48,40,0.05,0.0,V1
footlocker.com,/category/womens.html,20260211,1896,210,0.1108,0.078,0.292,48,39,0.128,0.0,V1
footlocker.com,/category/womens.html,20260219,1988,221,0.1112,0.126,0.248,48,41,0.146,0.0,V1
footlocker.com,/category/womens.html,20260305,2083,212,0.1018,0.116,0.265,48,42,0.095,0.0,V1
footlocker.com,/category/womens.html,20260317,1964,265,0.1349,0.146,0.255,48,38,0.184,0.0,V1
footlocker.com,/category/womens.html,20260325,2292,309,0.1348,0.123,0.243,48,40,0.2,0.0,V1
footlocker.com,/category/womens.html,20260407,2282,349,0.1529,0.232,0.241,48,41,0.22,0.0,V1
footlocker.com,/category/womens.html,20260409,2434,351,0.1442,0.277,0.252,48,42,0.095,0.0,V1
footlocker.com,/category/womens.html,20260412,2488,357,0.1435,0.278,0.225,48,40,0.125,0.0,V1
footlocker.com,/category/womens.html,20260417,2544,360,0.1415,0.167,0.294,48,41,0.122,0.0,V1
footlocker.com,/category/womens.html,20260422,2460,349,0.1419,0.127,0.288,48,41,0.122,0.0,V1
footlocker.com,/category/womens.html,20260512,2410,283,0.1174,0.141,0.285,48,40,0.2,0.0,V1
footlocker.com,/category/womens.html,20260514,2435,277,0.1138,0.109,0.286,48,40,0.125,0.0,V1
footlocker.com,/category/womens.html,20260517,2426,300,0.1237,0.177,0.242,48,38,0.184,0.0,V1
footlocker.com,/category/womens.html,20260529,2377,317,0.1334,0.235,0.287,48,36,0.139,0.0,V1
footlocker.com,/category/womens.html,20260609,2349,316,0.1345,0.275,0.216,48,40,0.35,0.0,V1
footlocker.com,/category/womens.html,20260612,2349,316,0.1345,0.275,0.216,48,40,0.35,0.0,V1
footlocker.com,/category/womens.html,20260628,2606,348,0.1335,0.304,0.247,48,42,0.143,0.0,V1
footlocker.com,/category/womens.html,20260827,2848,263,0.0923,0.205,0.269,48,38,0.368,0.053,V1
footlocker.com,/category/womens/clothing.html,20240101,11825,646,0.0546,0.105,0.321,48,29,0.0,0.0,V1
footlocker.com,/category/womens/clothing.html,20240108,11746,598,0.0509,0.071,0.381,48,29,0.0,0.0,V1
footlocker.com,/category/womens/clothing.html,20240115,11502,491,0.0427,0.06,0.491,48,27,0.0,0.0,V1
footlocker.com,/category/womens/clothing.html,20240122,11447,461,0.0403,0.163,0.388,48,25,0.0,0.0,V1
footlocker.com,/category/womens/clothing.html,20240123,11493,468,0.0407,0.083,0.413,48,26,0.0,0.0,V1
footlocker.com,/category/womens/clothing.html,20240130,11436,425,0.0372,0.06,0.34,48,27,0.0,0.0,V1
footlocker.com,/category/womens/clothing.html,20240206,11356,383,0.0337,0.09,0.412,48,24,0.0,0.0,V1
footlocker.com,/category/womens/clothing.html,20240214,11469,354,0.0309,0.056,0.377,48,30,0.0,0.0,V1
footlocker.com,/category/womens/clothing.html,20240221,11111,452,0.0407,0.126,0.275,48,33,0.0,0.0,V1
footlocker.com,/category/womens/clothing.html,20240228,10623,468,0.0441,0.178,0.374,48,25,0.0,0.0,V1
footlocker.com,/category/womens/clothing.html,20240312,10996,429,0.039,0.115,0.222,48,27,0.0,0.0,V1
footlocker.com,/category/womens/clothing.html,20240319,11178,410,0.0367,0.167,0.32,48,21,0.0,0.0,V1
footlocker.com,/category/womens/clothing.html,20240326,11283,373,0.0331,0.182,0.329,48,28,0.0,0.0,V1
footlocker.com,/category/womens/clothing.html,20240402,7636,372,0.0487,0.165,0.314,48,22,0.0,0.0,V1
footlocker.com,/category/womens/clothing.html,20240409,7297,369,0.0506,0.056,0.26,48,29,0.0,0.0,V1
footlocker.com,/category/womens/clothing.html,20240418,7150,368,0.0515,0.136,0.242,48,31,0.0,0.0,V1
footlocker.com,/category/womens/clothing.html,20240425,7252,365,0.0503,0.05,0.313,48,34,0.0,0.0,V1
footlocker.com,/category/womens/clothing.html,20240502,7306,387,0.053,0.115,0.34,48,33,0.0,0.0,V1
footlocker.com,/category/womens/clothing.html,20240509,7382,372,0.0504,0.085,0.289,48,26,0.0,0.0,V1
footlocker.com,/category/womens/clothing.html,20240516,7398,526,0.0711,0.223,0.225,48,32,0.0,0.0,V1
footlocker.com,/category/womens/clothing.html,20240517,7404,527,0.0712,0.274,0.207,48,29,0.0,0.0,V1
footlocker.com,/category/womens/clothing.html,20240524,6329,552,0.0872,0.286,0.234,48,31,0.0,0.0,V1
footlocker.com,/category/womens/clothing.html,20240531,6276,542,0.0864,0.286,0.245,48,29,0.0,0.0,V1
footlocker.com,/category/womens/clothing.html,20240615,6506,579,0.089,0.444,0.245,48,29,0.0,0.0,V1
footlocker.com,/category/womens/clothing.html,20240622,6688,525,0.0785,0.325,0.244,48,30,0.0,0.0,V1
footlocker.com,/category/womens/clothing.html,20240629,6662,513,0.077,0.375,0.266,48,27,0.0,0.0,V1
footlocker.com,/category/womens/clothing.html,20240706,6677,502,0.0752,0.343,0.288,48,31,0.0,0.0,V1
footlocker.com,/category/womens/clothing.html,20240713,6693,514,0.0768,0.33,0.348,48,30,0.0,0.0,V1
footlocker.com,/category/womens/clothing.html,20240720,6682,508,0.076,0.344,0.312,48,28,0.0,0.0,V1
footlocker.com,/category/womens/clothing.html,20240727,6735,583,0.0866,0.275,0.292,48,34,0.0,0.0,V1
footlocker.com,/category/womens/clothing.html,20240803,1339,574,0.4287,0.307,0.272,48,38,0.0,0.0,V1
footlocker.com,/category/womens/clothing.html,20240804,1302,571,0.4386,0.301,0.261,48,35,0.0,0.0,V1
footlocker.com,/category/womens/clothing.html,20240812,1384,564,0.4075,0.352,0.287,48,34,0.0,0.0,V1
footlocker.com,/category/womens/clothing.html,20240819,1350,551,0.4081,0.294,0.243,48,34,0.0,0.0,V1
footlocker.com,/category/womens/clothing.html,20240826,1304,557,0.4271,0.234,0.276,48,36,0.0,0.0,V1
footlocker.com,/category/womens/clothing.html,20240902,1335,556,0.4165,0.293,0.255,48,29,0.0,0.0,V1
footlocker.com,/category/womens/clothing.html,20240909,1307,561,0.4292,0.402,0.252,48,29,0.0,0.0,V1
footlocker.com,/category/womens/clothing.html,20240916,1267,555,0.438,0.304,0.303,48,27,0.0,0.0,V1
footlocker.com,/category/womens/clothing.html,20240917,1265,553,0.4372,0.315,0.298,48,26,0.0,0.0,V1
footlocker.com,/category/womens/clothing.html,20240924,1317,544,0.4131,0.458,0.254,48,30,0.0,0.0,V1
footlocker.com,/category/womens/clothing.html,20241001,1238,575,0.4645,0.389,0.249,48,27,0.0,0.0,V1
footlocker.com,/category/womens/clothing.html,20241008,1278,575,0.4499,0.321,0.268,48,29,0.0,0.0,V1
footlocker.com,/category/womens/clothing.html,20250319,790,208,0.2633,0.274,0.395,48,32,0.0,0.0,V1
footlocker.com,/category/womens/clothing.html,20250711,678,236,0.3481,0.427,0.332,48,27,0.0,0.0,V1
footlocker.com,/category/womens/clothing.html,20260206,610,109,0.1787,0.344,0.406,48,23,0.391,0.0,V1
footlocker.com,/category/womens/clothing.html,20260211,597,93,0.1558,0.364,0.406,48,22,0.318,0.0,V1
footlocker.com,/category/womens/clothing.html,20260331,714,153,0.2143,0.362,0.331,48,23,0.435,0.0,V1
footlocker.com,/category/womens/clothing.html,20260530,756,104,0.1376,0.286,0.472,48,21,0.571,0.0,V1
footlocker.com,/category/womens/clothing.html,20260701,788,111,0.1409,0.344,0.416,48,25,0.72,0.0,V1
footlocker.com,/category/womens/clothing.html,20260710,802,111,0.1384,0.406,0.383,48,26,0.808,0.038,V1
footlocker.com,/category/womens/clothing.html,20260806,921,120,0.1303,0.435,0.398,48,27,0.667,0.037,V1
footlocker.com,/category/womens/clothing.html,20260815,852,113,0.1326,0.27,0.375,48,18,0.889,0.167,V1
footlocker.com,/category/womens/clothing.html,20260922,850,112,0.1318,0.424,0.44,48,21,0.667,0.238,V1
footlocker.com,/category/womens/shoes.html,20240101,1999,867,0.4337,0.259,0.253,48,38,0.0,0.0,V1
footlocker.com,/category/womens/shoes.html,20240108,2011,866,0.4306,0.244,0.3,48,42,0.0,0.0,V1
footlocker.com,/category/womens/shoes.html,20240115,1942,759,0.3908,0.154,0.299,48,41,0.0,0.0,V1
footlocker.com,/category/womens/shoes.html,20240122,1918,731,0.3811,0.288,0.309,48,35,0.0,0.0,V1
footlocker.com,/category/womens/shoes.html,20240123,1944,740,0.3807,0.295,0.317,48,37,0.0,0.0,V1
footlocker.com,/category/womens/shoes.html,20240130,1933,703,0.3637,0.331,0.285,48,38,0.0,0.0,V1
footlocker.com,/category/womens/shoes.html,20240206,1959,706,0.3604,0.164,0.25,48,36,0.0,0.0,V1
footlocker.com,/category/womens/shoes.html,20240214,1922,706,0.3673,0.253,0.254,48,41,0.0,0.0,V1
footlocker.com,/category/womens/shoes.html,20240221,1943,708,0.3644,0.244,0.26,48,39,0.0,0.0,V1
footlocker.com,/category/womens/shoes.html,20240225,1951,699,0.3583,0.242,0.28,48,40,0.0,0.0,V1
footlocker.com,/category/womens/shoes.html,20240228,1944,694,0.357,0.229,0.242,48,39,0.0,0.0,V1
footlocker.com,/category/womens/shoes.html,20240312,1980,659,0.3328,0.207,0.258,48,40,0.0,0.0,V1
footlocker.com,/category/womens/shoes.html,20240319,1905,648,0.3402,0.228,0.248,48,39,0.0,0.0,V1
footlocker.com,/category/womens/shoes.html,20240326,1889,677,0.3584,0.288,0.266,48,36,0.0,0.0,V1
footlocker.com,/category/womens/shoes.html,20240402,1889,608,0.3219,0.15,0.245,48,42,0.0,0.0,V1
footlocker.com,/category/womens/shoes.html,20240409,1915,561,0.293,0.102,0.239,48,40,0.0,0.0,V1
footlocker.com,/category/womens/shoes.html,20240418,1951,585,0.2998,0.115,0.243,48,43,0.0,0.0,V1
footlocker.com,/category/womens/shoes.html,20240425,1995,579,0.2902,0.217,0.186,48,39,0.0,0.0,V1
footlocker.com,/category/womens/shoes.html,20240502,2010,597,0.297,0.135,0.203,48,32,0.0,0.0,V1
footlocker.com,/category/womens/shoes.html,20240509,1964,591,0.3009,0.13,0.215,48,31,0.0,0.0,V1
footlocker.com,/category/womens/shoes.html,20240516,1929,715,0.3707,0.079,0.197,48,33,0.0,0.0,V1
footlocker.com,/category/womens/shoes.html,20240517,1939,721,0.3718,0.118,0.24,48,33,0.0,0.0,V1
footlocker.com,/category/womens/shoes.html,20240524,1957,740,0.3781,0.078,0.231,48,39,0.0,0.0,V1
footlocker.com,/category/womens/shoes.html,20240531,1884,683,0.3625,0.175,0.252,48,34,0.0,0.0,V1
footlocker.com,/category/womens/shoes.html,20240615,1896,730,0.385,0.145,0.205,48,38,0.0,0.0,V1
footlocker.com,/category/womens/shoes.html,20240622,1912,674,0.3525,0.14,0.23,48,39,0.0,0.0,V1
footlocker.com,/category/womens/shoes.html,20240629,1897,698,0.3679,0.065,0.198,48,36,0.0,0.0,V1
footlocker.com,/category/womens/shoes.html,20240706,1903,690,0.3626,0.116,0.235,48,37,0.0,0.0,V1
footlocker.com,/category/womens/shoes.html,20240713,1909,688,0.3604,0.177,0.231,48,33,0.0,0.0,V1
footlocker.com,/category/womens/shoes.html,20240720,1907,766,0.4017,0.14,0.248,48,35,0.0,0.0,V1
footlocker.com,/category/womens/shoes.html,20240727,1896,829,0.4372,0.215,0.196,48,41,0.0,0.0,V1
footlocker.com,/category/womens/shoes.html,20240803,1886,839,0.4449,0.274,0.244,48,42,0.0,0.0,V1
footlocker.com,/category/womens/shoes.html,20240804,1848,834,0.4513,0.329,0.239,48,40,0.0,0.0,V1
footlocker.com,/category/womens/shoes.html,20240812,1795,790,0.4401,0.358,0.22,48,39,0.0,0.0,V1
footlocker.com,/category/womens/shoes.html,20240819,1792,785,0.4381,0.331,0.232,48,38,0.0,0.0,V1
footlocker.com,/category/womens/shoes.html,20240826,1780,737,0.414,0.256,0.233,48,38,0.0,0.0,V1
footlocker.com,/category/womens/shoes.html,20240902,1820,725,0.3984,0.272,0.245,48,42,0.0,0.0,V1
footlocker.com,/category/womens/shoes.html,20240909,1806,719,0.3981,0.224,0.224,48,42,0.0,0.0,V1
footlocker.com,/category/womens/shoes.html,20240916,1782,716,0.4018,0.126,0.183,48,37,0.0,0.0,V1
footlocker.com,/category/womens/shoes.html,20240917,1778,704,0.396,0.24,0.214,48,39,0.0,0.0,V1
footlocker.com,/category/womens/shoes.html,20240924,1911,726,0.3799,0.13,0.191,48,39,0.0,0.0,V1
footlocker.com,/category/womens/shoes.html,20241001,1807,693,0.3835,0.123,0.209,48,44,0.0,0.0,V1
footlocker.com,/category/womens/shoes.html,20241008,1873,720,0.3844,0.075,0.211,48,41,0.0,0.0,V1
footlocker.com,/category/womens/shoes.html,20250313,1756,650,0.3702,0.212,0.283,48,44,0.0,0.0,V1
footlocker.com,/category/womens/shoes.html,20250416,1748,599,0.3427,0.269,0.244,48,42,0.0,0.0,V1
footlocker.com,/category/womens/shoes.html,20250613,1769,675,0.3816,0.538,0.299,48,44,0.0,0.0,V1
footlocker.com,/category/womens/shoes.html,20250921,1950,577,0.2959,0.394,0.285,48,43,0.0,0.0,V1
footlocker.com,/category/womens/shoes.html,20260212,1242,110,0.0886,0.093,0.428,48,41,0.049,0.0,V1
footlocker.com,/category/womens/shoes.html,20260314,1378,163,0.1183,0.167,0.235,48,39,0.077,0.0,V1
footlocker.com,/category/womens/shoes.html,20260529,1478,200,0.1353,0.242,0.284,48,36,0.167,0.0,V1
footlocker.com,/category/womens/shoes.html,20260530,1489,201,0.135,0.095,0.319,48,43,0.186,0.0,V1
footlocker.com,/category/womens/shoes.html,20260612,1570,181,0.1153,0.211,0.207,48,40,0.275,0.0,V1
footlocker.com,/category/womens/shoes.html,20260721,1815,214,0.1179,0.251,0.239,48,36,0.222,0.0,V1
footlocker.com,/category/womens/shoes.html,20261008,1899,192,0.101,,,,,,,V1_live
footlocker.com,/category/womens/shoes/adidas-originals.html,20251010,323,68,0.2105,0.335,0.299,48,48,0.0,0.0,V1
footlocker.com,/category/womens/shoes/adidas.html,20251117,346,12,0.0347,,,0,0,,,V1
footlocker.com,/category/womens/shoes/basketball.html,20250813,313,138,0.4409,0.815,0.283,48,29,0.0,0.0,V1
footlocker.com,/category/womens/shoes/basketball.html,20251110,312,27,0.0865,0.135,0.246,48,37,0.216,0.0,V1
footlocker.com,/category/womens/shoes/best.html,20250804,743,247,0.3324,0.329,0.308,48,36,0.0,0.0,V1
footlocker.com,/category/womens/shoes/hoka.html,20251014,111,16,0.1441,0.205,0.259,48,44,0.0,0.0,V1
footlocker.com,/category/womens/shoes/nike.html,20250921,458,146,0.3188,0.365,0.289,48,46,0.0,0.0,V1
footlocker.com,/category/womens/shoes/nike.html,20251017,505,161,0.3188,0.381,0.33,48,46,0.022,0.0,V1
footlocker.com,/category/womens/shoes/sandals-slides.html,20251031,114,21,0.1842,0.266,0.312,48,31,0.323,0.0,V1
footlocker.com,/category/womens/shoes/sandals.html,20251007,374,71,0.1898,0.126,0.261,48,31,0.0,0.0,V1
footlocker.com,/category/womens/shoes/slides.html,20251009,134,34,0.2537,0.294,0.308,48,30,0.0,0.0,V1
footlocker.com,/category/womens/shoes/slides.html,20251011,127,31,0.2441,0.367,0.31,48,29,0.0,0.0,V1
kidsfootlocker.com,/category/boys/clothing.html,20251008,1578,885,0.5608,0.778,0.354,48,22,0.0,0.0,V1
kidsfootlocker.com,/category/boys/shoes.html,20250807,2143,598,0.279,0.256,0.217,48,36,0.0,0.0,V1
kidsfootlocker.com,/category/boys/shoes.html,20251110,2292,131,0.0572,0.211,0.303,48,41,0.024,0.0,V1
kidsfootlocker.com,/category/boys/shoes.html,20251113,2011,129,0.0641,0.174,0.318,48,42,0.048,0.0,V1
kidsfootlocker.com,/category/brands/adidas.html,20250915,648,158,0.2438,0.124,0.235,48,41,0.0,0.0,V1
kidsfootlocker.com,/category/brands/adidas.html,20250922,682,194,0.2845,0.145,0.24,48,37,0.0,0.0,V1
kidsfootlocker.com,/category/brands/adidas.html,20251109,704,82,0.1165,0.075,0.153,48,42,0.071,0.0,V1
kidsfootlocker.com,/category/brands/adidas.html,20251114,575,85,0.1478,0.084,0.291,48,42,0.071,0.0,V1
kidsfootlocker.com,/category/brands/converse.html,20250829,118,38,0.322,0.259,0.193,48,25,0.0,0.0,V1
kidsfootlocker.com,/category/brands/crocs.html,20250910,288,83,0.2882,0.269,0.204,48,38,0.0,0.0,V1
kidsfootlocker.com,/category/brands/crocs.html,20250913,297,88,0.2963,0.385,0.226,48,37,0.0,0.0,V1
kidsfootlocker.com,/category/brands/jordan.html,20250806,902,434,0.4812,0.347,0.206,48,19,0.0,0.0,V1
kidsfootlocker.com,/category/brands/jordan.html,20250910,865,442,0.511,0.397,0.23,48,22,0.0,0.0,V1
kidsfootlocker.com,/category/brands/jordan.html,20250915,868,450,0.5184,0.364,0.216,48,25,0.0,0.0,V1
kidsfootlocker.com,/category/brands/jordan.html,20251010,925,494,0.5341,0.418,0.282,48,21,0.048,0.0,V1
kidsfootlocker.com,/category/brands/jordan.html,20251109,944,334,0.3538,0.176,0.319,48,22,0.227,0.0,V1
kidsfootlocker.com,/category/brands/lckr.html,20250807,126,82,0.6508,0.432,0.358,48,18,0.0,0.0,V1
kidsfootlocker.com,/category/brands/new-balance.html,20250910,387,195,0.5039,0.362,0.245,48,42,0.0,0.0,V1
kidsfootlocker.com,/category/brands/new-balance.html,20250916,385,197,0.5117,0.328,0.232,48,39,0.0,0.0,V1
kidsfootlocker.com,/category/brands/new-balance.html,20251109,404,252,0.6238,0.48,0.341,48,42,0.0,0.0,V1
kidsfootlocker.com,/category/brands/nike.html,20251028,1714,471,0.2748,0.199,0.277,48,34,0.029,0.0,V1
kidsfootlocker.com,/category/brands/nike.html,20251107,1855,350,0.1887,0.118,0.235,48,41,0.098,0.0,V1
kidsfootlocker.com,/category/brands/nike.html,20251109,1839,344,0.1871,0.121,0.244,48,41,0.049,0.0,V1
kidsfootlocker.com,/category/brands/puma.html,20250922,281,137,0.4875,0.629,0.255,48,15,0.0,0.0,V1
kidsfootlocker.com,/category/brands/reebok.html,20251109,112,1,0.0089,0.029,0.222,48,22,0.0,0.0,V1
kidsfootlocker.com,/category/brands/ugg-timberland.html,20251007,174,44,0.2529,0.339,0.358,48,29,0.034,0.0,V1
kidsfootlocker.com,/category/brands/under-armour.html,20250917,181,12,0.0663,0.095,0.371,48,14,0.0,0.0,V1
kidsfootlocker.com,/category/girls/clothing.html,20250913,1777,935,0.5262,0.463,0.326,48,24,0.0,0.0,V1
kidsfootlocker.com,/category/girls/shoes.html,20251107,1062,64,0.0603,0.211,0.305,48,38,0.053,0.0,V1
kidsfootlocker.com,/category/girls/shoes.html,20251110,1068,68,0.0637,0.158,0.307,48,36,0.028,0.0,V1
kidsfootlocker.com,/category/kids/shoes.html,20240511,3904,921,0.2359,0.099,0.302,48,26,0.0,0.0,V1
kidsfootlocker.com,/category/kids/shoes.html,20250423,3091,747,0.2417,0.171,0.223,48,23,0.0,0.0,V1
kidsfootlocker.com,/category/kids/shoes.html,20250805,3158,885,0.2802,0.123,0.226,48,30,0.0,0.0,V1
kidsfootlocker.com,/category/kids/shoes.html,20251215,1980,224,0.1131,0.257,0.349,48,28,0.071,0.0,V1
kidsfootlocker.com,/category/kids/shoes.html,20260512,2279,301,0.1321,0.183,0.285,48,35,0.486,0.0,V1
kidsfootlocker.com,/category/kids/shoes.html,20261008,2776,299,0.108,,,,,,,V1_live
kidsfootlocker.com,/category/kids/shoes/adidasoriginals.html,20250806,236,37,0.1568,0.138,0.298,48,38,0.0,0.0,V1
kidsfootlocker.com,/category/kids/shoes/basketball-shoes.html,20250809,1541,446,0.2894,0.419,0.228,48,25,0.0,0.0,V1
kidsfootlocker.com,/category/kids/shoes/boots.html,20251008,144,47,0.3264,0.333,0.395,48,14,0.0,0.0,V1
kidsfootlocker.com,/category/kids/shoes/casual-sneakers.html,20251114,1853,165,0.089,0.205,0.331,48,36,0.056,0.0,V1
kidsfootlocker.com,/category/kids/shoes/converse.html,20251113,105,7,0.0667,0.0,,48,26,0.0,0.0,V1
kidsfootlocker.com,/category/kids/shoes/grade-school.html,20251005,1662,424,0.2551,0.311,0.257,48,36,0.0,0.0,V1
kidsfootlocker.com,/category/kids/shoes/newbalance.html,20250913,218,80,0.367,0.422,0.234,48,43,0.0,0.0,V1
kidsfootlocker.com,/category/kids/shoes/nike.html,20250915,671,121,0.1803,0.182,0.233,48,40,0.0,0.0,V1
kidsfootlocker.com,/category/kids/shoes/performance-running-shoes.html,20250918,1014,254,0.2505,0.341,0.199,48,39,0.0,0.0,V1
kidsfootlocker.com,/category/kids/shoes/performance-training-shoes.html,20250807,702,224,0.3191,0.497,0.259,48,37,0.0,0.0,V1
kidsfootlocker.com,/category/kids/shoes/preschool.html,20250807,752,192,0.2553,0.24,0.232,48,25,0.0,0.0,V1
kidsfootlocker.com,/category/kids/shoes/preschool.html,20251116,627,72,0.1148,0.11,0.288,48,36,0.167,0.0,V1
kidsfootlocker.com,/category/kids/shoes/puma.html,20250911,222,73,0.3288,0.722,0.265,48,17,0.0,0.0,V1
kidsfootlocker.com,/category/kids/shoes/reebok.html,20250808,140,42,0.3,0.182,0.418,48,23,0.0,0.0,V1
kidsfootlocker.com,/category/kids/shoes/running-shoes.html,20250917,1016,257,0.253,0.368,0.219,48,37,0.0,0.0,V1
kidsfootlocker.com,/category/kids/shoes/sale.html,20250806,971,920,0.9475,0.461,0.234,48,37,0.0,0.0,V1
kidsfootlocker.com,/category/kids/shoes/sale.html,20251109,275,206,0.7491,0.395,0.337,48,37,0.054,0.0,V1
kidsfootlocker.com,/category/kids/shoes/toddler.html,20250804,832,291,0.3498,0.269,0.208,48,33,0.0,0.0,V1
kidsfootlocker.com,/category/kids/shoes/turf-indoor.html,20250804,3304,900,0.2724,0.16,0.191,48,26,0.0,0.0,V1
kidsfootlocker.com,/category/sale.html,20240103,2525,2468,0.9774,0.574,0.253,48,28,0.0,0.0,V1
kidsfootlocker.com,/category/sale.html,20240401,1486,1438,0.9677,0.519,0.338,48,36,0.0,0.0,V1
kidsfootlocker.com,/category/sale.html,20240406,1510,1459,0.9662,0.474,0.332,48,36,0.0,0.0,V1
kidsfootlocker.com,/category/sale.html,20240728,2256,2228,0.9876,0.38,0.272,48,26,0.0,0.0,V1
kidsfootlocker.com,/category/sale.html,20241124,2342,2342,1.0,0.46,0.247,48,27,0.0,0.0,V1
kidsfootlocker.com,/category/sale.html,20241203,2110,2110,1.0,0.41,0.295,48,32,0.0,0.0,V1
kidsfootlocker.com,/category/sale.html,20241208,2090,2090,1.0,0.485,0.276,48,29,0.0,0.0,V1
kidsfootlocker.com,/category/sale.html,20250309,1831,1831,1.0,0.402,0.219,48,26,0.0,0.0,V1
kidsfootlocker.com,/category/sale.html,20250903,1841,1837,0.9978,0.521,0.234,48,30,0.0,0.0,V1
kidsfootlocker.com,/category/sale.html,20251024,2026,2026,1.0,0.485,0.514,48,25,0.04,0.0,V1
kidsfootlocker.com,/category/sale.html,20251026,1601,1601,1.0,0.449,0.552,48,25,0.08,0.0,V1
kidsfootlocker.com,/category/sale.html,20251028,1902,1902,1.0,0.344,0.498,48,30,0.033,0.0,V1
kidsfootlocker.com,/category/sale.html,20251030,1883,1883,1.0,0.478,0.347,48,30,0.033,0.0,V1
kidsfootlocker.com,/category/sale.html,20251103,1224,1224,1.0,0.373,0.343,48,30,0.0,0.0,V1
kidsfootlocker.com,/category/sale.html,20251108,1197,1197,1.0,0.277,0.343,48,34,0.0,0.0,V1
kidsfootlocker.com,/category/sale.html,20251110,1161,1161,1.0,0.304,0.336,48,34,0.029,0.0,V1
kidsfootlocker.com,/category/sale.html,20251111,1199,1199,1.0,0.29,0.347,48,31,0.032,0.0,V1
kidsfootlocker.com,/category/sale.html,20251112,1196,1196,1.0,0.248,0.348,48,36,0.0,0.0,V1
kidsfootlocker.com,/category/sale.html,20251114,1176,1176,1.0,0.299,0.368,48,36,0.028,0.0,V1
kidsfootlocker.com,/category/sale.html,20251116,1379,1379,1.0,0.321,0.332,48,34,0.029,0.0,V1
kidsfootlocker.com,/category/sale.html,20251118,1452,1452,1.0,0.441,0.34,48,28,0.036,0.0,V1
kidsfootlocker.com,/category/sale.html,20251119,1247,1247,1.0,0.449,0.353,48,33,0.03,0.0,V1
kidsfootlocker.com,/category/sale.html,20251120,1243,1243,1.0,0.449,0.353,48,33,0.03,0.0,V1
kidsfootlocker.com,/category/sale.html,20251121,1191,1191,1.0,0.525,0.394,48,37,0.162,0.0,V1
kidsfootlocker.com,/category/sale.html,20251123,1113,1113,1.0,0.484,0.377,48,36,0.222,0.0,V1
kidsfootlocker.com,/category/sale.html,20251126,1139,1139,1.0,0.41,0.395,48,35,0.171,0.0,V1
kidsfootlocker.com,/category/sale.html,20251201,1107,1107,1.0,0.463,0.417,48,32,0.094,0.0,V1
kidsfootlocker.com,/category/sale.html,20251202,1099,1099,1.0,0.483,0.409,48,31,0.097,0.0,V1
kidsfootlocker.com,/category/sale.html,20251203,1096,1096,1.0,0.429,0.413,48,31,0.129,0.0,V1
kidsfootlocker.com,/category/sale.html,20251205,946,946,1.0,0.405,0.4,48,37,0.135,0.0,V1
kidsfootlocker.com,/category/sale.html,20251206,1024,1024,1.0,0.481,0.39,48,35,0.2,0.0,V1
kidsfootlocker.com,/category/sale.html,20251208,990,990,1.0,0.43,0.388,48,34,0.147,0.0,V1
kidsfootlocker.com,/category/sale.html,20251211,1049,1049,1.0,0.405,0.414,48,33,0.121,0.0,V1
kidsfootlocker.com,/category/sale.html,20260116,897,897,1.0,0.486,0.438,48,36,0.139,0.0,V1
kidsfootlocker.com,/category/sale.html,20260117,939,939,1.0,0.47,0.439,48,37,0.108,0.0,V1
kidsfootlocker.com,/category/sale.html,20260419,684,684,1.0,0.28,0.325,48,26,0.308,0.0,V1
kidsfootlocker.com,/category/sale.html,20260817,1091,1091,1.0,0.533,0.353,48,29,0.379,0.069,V1
kidsfootlocker.com,/category/sale.html,20261008,909,909,1.0,,,,,,,V1_live
kidsfootlocker.com,/category/shoes.html,20240406,4019,945,0.2351,0.122,0.29,48,25,0.0,0.0,V1
kidsfootlocker.com,/category/shoes.html,20240728,3982,1228,0.3084,0.188,0.343,48,32,0.0,0.0,V1
kidsfootlocker.com,/category/shoes.html,20250228,3177,820,0.2581,0.227,0.245,48,32,0.0,0.0,V1
kidsfootlocker.com,/category/shoes.html,20250508,3182,748,0.2351,0.278,0.212,48,38,0.0,0.0,V1
kidsfootlocker.com,/category/shoes.html,20251028,3194,891,0.279,0.325,0.468,48,34,0.029,0.0,V1
kidsfootlocker.com,/category/shoes.html,20260102,2127,289,0.1359,0.34,0.456,48,35,0.114,0.0,V1
kidsfootlocker.com,/category/shoes.html,20261008,2723,299,0.11,,,,,,,V1_live
