geography,industry,ownercode,sex,agegrp,race,ethnicity,education,firmage,firmsize,year,quarter,Emp,EmpEnd,HirA,Sep,FrmJbC,EarnBeg
12001,4591,A05,0,A00,A0,A0,E0,0,0,1997,4,,348,,155,,
12003,4591,A05,0,A00,A0,A0,E0,0,0,1997,4,,,,,,
12005,4591,A05,0,A00,A0,A0,E0,0,0,1997,4,,154,,37,,
12007,4591,A05,0,A00,A0,A0,E0,0,0,1997,4,,,,,,
12009,4591,A05,0,A00,A0,A0,E0,0,0,1997,4,,542,,190,,
12011,4591,A05,0,A00,A0,A0,E0,0,0,1997,4,,2662,,947,,
12015,4591,A05,0,A00,A0,A0,E0,0,0,1997,4,,143,,58,,
12017,4591,A05,0,A00,A0,A0,E0,0,0,1997,4,,39,,11,,
12019,4591,A05,0,A00,A0,A0,E0,0,0,1997,4,,226,,112,,
12021,4591,A05,0,A00,A0,A0,E0,0,0,1997,4,,264,,87,,
12023,4591,A05,0,A00,A0,A0,E0,0,0,1997,4,,17,,3,,
12031,4591,A05,0,A00,A0,A0,E0,0,0,1997,4,,1039,,447,,
12033,4591,A05,0,A00,A0,A0,E0,0,0,1997,4,,510,,259,,
12035,4591,A05,0,A00,A0,A0,E0,0,0,1997,4,,,,,,
12037,4591,A05,0,A00,A0,A0,E0,0,0,1997,4,,4,,,,
12039,4591,A05,0,A00,A0,A0,E0,0,0,1997,4,,,,,,
12043,4591,A05,0,A00,A0,A0,E0,0,0,1997,4,,,,0,,
12045,4591,A05,0,A00,A0,A0,E0,0,0,1997,4,,,,,,
12053,4591,A05,0,A00,A0,A0,E0,0,0,1997,4,,34,,14,,
12055,4591,A05,0,A00,A0,A0,E0,0,0,1997,4,,47,,16,,
12057,4591,A05,0,A00,A0,A0,E0,0,0,1997,4,,1362,,460,,
12059,4591,A05,0,A00,A0,A0,E0,0,0,1997,4,,,,,,
12061,4591,A05,0,A00,A0,A0,E0,0,0,1997,4,,165,,84,,
12063,4591,A05,0,A00,A0,A0,E0,0,0,1997,4,,,,0,,
12067,4591,A05,0,A00,A0,A0,E0,0,0,1997,4,,,,0,,
12069,4591,A05,0,A00,A0,A0,E0,0,0,1997,4,,121,,20,,
12071,4591,A05,0,A00,A0,A0,E0,0,0,1997,4,,591,,169,,
12073,4591,A05,0,A00,A0,A0,E0,0,0,1997,4,,515,,247,,
12075,4591,A05,0,A00,A0,A0,E0,0,0,1997,4,,,,,,
12077,4591,A05,0,A00,A0,A0,E0,0,0,1997,4,,,,,,
12079,4591,A05,0,A00,A0,A0,E0,0,0,1997,4,,,,0,,
12081,4591,A05,0,A00,A0,A0,E0,0,0,1997,4,,336,,130,,
12083,4591,A05,0,A00,A0,A0,E0,0,0,1997,4,,243,,94,,
12085,4591,A05,0,A00,A0,A0,E0,0,0,1997,4,,293,,113,,
12086,4591,A05,0,A00,A0,A0,E0,0,0,1997,4,,2824,,1038,,
12087,4591,A05,0,A00,A0,A0,E0,0,0,1997,4,,322,,88,,
12089,4591,A05,0,A00,A0,A0,E0,0,0,1997,4,,25,,3,,
12091,4591,A05,0,A00,A0,A0,E0,0,0,1997,4,,565,,117,,
12093,4591,A05,0,A00,A0,A0,E0,0,0,1997,4,,,,,,
12095,4591,A05,0,A00,A0,A0,E0,0,0,1997,4,,1351,,498,,
12097,4591,A05,0,A00,A0,A0,E0,0,0,1997,4,,85,,45,,
12099,4591,A05,0,A00,A0,A0,E0,0,0,1997,4,,1492,,486,,
12101,4591,A05,0,A00,A0,A0,E0,0,0,1997,4,,237,,111,,
12103,4591,A05,0,A00,A0,A0,E0,0,0,1997,4,,1316,,496,,
12105,4591,A05,0,A00,A0,A0,E0,0,0,1997,4,,577,,225,,
12107,4591,A05,0,A00,A0,A0,E0,0,0,1997,4,,18,,9,,
12109,4591,A05,0,A00,A0,A0,E0,0,0,1997,4,,54,,15,,
12111,4591,A05,0,A00,A0,A0,E0,0,0,1997,4,,97,,26,,
12113,4591,A05,0,A00,A0,A0,E0,0,0,1997,4,,36,,8,,
12115,4591,A05,0,A00,A0,A0,E0,0,0,1997,4,,380,,120,,
12117,4591,A05,0,A00,A0,A0,E0,0,0,1997,4,,678,,285,,
12119,4591,A05,0,A00,A0,A0,E0,0,0,1997,4,,13,,3,,
12121,4591,A05,0,A00,A0,A0,E0,0,0,1997,4,,37,,32,,
12123,4591,A05,0,A00,A0,A0,E0,0,0,1997,4,,,,,,
12127,4591,A05,0,A00,A0,A0,E0,0,0,1997,4,,367,,135,,
12129,4591,A05,0,A00,A0,A0,E0,0,0,1997,4,,,,,,
12131,4591,A05,0,A00,A0,A0,E0,0,0,1997,4,,11,,5,,
12133,4591,A05,0,A00,A0,A0,E0,0,0,1997,4,,,,0,,
12,4591,A05,0,A00,A0,A0,E0,0,0,1997,4,,20287,,7446,,
12001,4591,A05,0,A00,A0,A0,E0,0,0,1998,1,349,318,75,106,-31,793
12003,4591,A05,0,A00,A0,A0,E0,0,0,1998,1,,,,,,242
12005,4591,A05,0,A00,A0,A0,E0,0,0,1998,1,154,150,37,41,-4,1101
12007,4591,A05,0,A00,A0,A0,E0,0,0,1998,1,,,0,0,,551
12009,4591,A05,0,A00,A0,A0,E0,0,0,1998,1,560,525,119,154,-35,992
12011,4591,A05,0,A00,A0,A0,E0,0,0,1998,1,2666,2389,666,942,-277,1254
12015,4591,A05,0,A00,A0,A0,E0,0,0,1998,1,143,102,10,50,-40,947
12017,4591,A05,0,A00,A0,A0,E0,0,0,1998,1,39,41,12,11,2,1099
12019,4591,A05,0,A00,A0,A0,E0,0,0,1998,1,218,146,24,96,-72,803
12021,4591,A05,0,A00,A0,A0,E0,0,0,1998,1,264,260,52,57,-5,1528
12023,4591,A05,0,A00,A0,A0,E0,0,0,1998,1,17,16,,3,-1,1352
12031,4591,A05,0,A00,A0,A0,E0,0,0,1998,1,1042,884,231,390,-158,981
12033,4591,A05,0,A00,A0,A0,E0,0,0,1998,1,511,389,86,208,-122,775
12035,4591,A05,0,A00,A0,A0,E0,0,0,1998,1,,,,,,1118
12037,4591,A05,0,A00,A0,A0,E0,0,0,1998,1,4,5,,0,1,1676
12039,4591,A05,0,A00,A0,A0,E0,0,0,1998,1,,,,,,888
12043,4591,A05,0,A00,A0,A0,E0,0,0,1998,1,,,0,0,,1776
12045,4591,A05,0,A00,A0,A0,E0,0,0,1998,1,3,4,,,1,645
12053,4591,A05,0,A00,A0,A0,E0,0,0,1998,1,40,40,7,7,0,1104
12055,4591,A05,0,A00,A0,A0,E0,0,0,1998,1,37,41,12,7,5,1194
12057,4591,A05,0,A00,A0,A0,E0,0,0,1998,1,1357,1195,251,412,-161,1334
12059,4591,A05,0,A00,A0,A0,E0,0,0,1998,1,,,,,,1340
12061,4591,A05,0,A00,A0,A0,E0,0,0,1998,1,173,158,45,61,-16,1165
12063,4591,A05,0,A00,A0,A0,E0,0,0,1998,1,27,3,,25,-24,2816
12067,4591,A05,0,A00,A0,A0,E0,0,0,1998,1,,,,,,881
12069,4591,A05,0,A00,A0,A0,E0,0,0,1998,1,123,113,27,38,-10,1487
12071,4591,A05,0,A00,A0,A0,E0,0,0,1998,1,606,553,140,192,-52,1137
12073,4591,A05,0,A00,A0,A0,E0,0,0,1998,1,600,500,105,206,-101,891
12075,4591,A05,0,A00,A0,A0,E0,0,0,1998,1,71,76,31,25,5,1920
12077,4591,A05,0,A00,A0,A0,E0,0,0,1998,1,,,0,0,,898
12079,4591,A05,0,A00,A0,A0,E0,0,0,1998,1,,,,,,559
12081,4591,A05,0,A00,A0,A0,E0,0,0,1998,1,341,269,54,126,-72,1096
12083,4591,A05,0,A00,A0,A0,E0,0,0,1998,1,245,214,37,69,-31,947
12085,4591,A05,0,A00,A0,A0,E0,0,0,1998,1,304,259,55,100,-45,1076
12086,4591,A05,0,A00,A0,A0,E0,0,0,1998,1,2734,2216,419,937,-518,1082
12087,4591,A05,0,A00,A0,A0,E0,0,0,1998,1,294,279,88,103,-15,1461
12089,4591,A05,0,A00,A0,A0,E0,0,0,1998,1,25,25,7,7,0,764
12091,4591,A05,0,A00,A0,A0,E0,0,0,1998,1,606,624,112,94,18,1532
12093,4591,A05,0,A00,A0,A0,E0,0,0,1998,1,,0,0,,,1628
12095,4591,A05,0,A00,A0,A0,E0,0,0,1998,1,1362,1343,467,486,-19,1239
12097,4591,A05,0,A00,A0,A0,E0,0,0,1998,1,108,113,42,37,5,1196
12099,4591,A05,0,A00,A0,A0,E0,0,0,1998,1,1503,1429,371,445,-74,1256
12101,4591,A05,0,A00,A0,A0,E0,0,0,1998,1,246,200,38,84,-46,951
12103,4591,A05,0,A00,A0,A0,E0,0,0,1998,1,1343,1173,299,469,-170,1279
12105,4591,A05,0,A00,A0,A0,E0,0,0,1998,1,578,485,119,213,-94,1054
12107,4591,A05,0,A00,A0,A0,E0,0,0,1998,1,21,22,8,6,1,1009
12109,4591,A05,0,A00,A0,A0,E0,0,0,1998,1,65,56,10,19,-9,859
12111,4591,A05,0,A00,A0,A0,E0,0,0,1998,1,101,98,28,31,-4,965
12113,4591,A05,0,A00,A0,A0,E0,0,0,1998,1,37,42,14,9,5,1229
12115,4591,A05,0,A00,A0,A0,E0,0,0,1998,1,398,486,293,205,88,1254
12117,4591,A05,0,A00,A0,A0,E0,0,0,1998,1,655,568,138,226,-87,1026
12119,4591,A05,0,A00,A0,A0,E0,0,0,1998,1,,,,,,854
12121,4591,A05,0,A00,A0,A0,E0,0,0,1998,1,37,37,4,4,0,658
12123,4591,A05,0,A00,A0,A0,E0,0,0,1998,1,,,,,,691
12127,4591,A05,0,A00,A0,A0,E0,0,0,1998,1,372,313,64,123,-59,855
12129,4591,A05,0,A00,A0,A0,E0,0,0,1998,1,,,,,,1172
12131,4591,A05,0,A00,A0,A0,E0,0,0,1998,1,11,9,5,7,-2,653
12133,4591,A05,0,A00,A0,A0,E0,0,0,1998,1,,,0,0,,280
12,4591,A05,0,A00,A0,A0,E0,0,0,1998,1,20467,18238,4640,6868,-2229,1153
12001,4591,A05,0,A00,A0,A0,E0,0,0,1998,2,317,298,73,92,-19,896
12003,4591,A05,0,A00,A0,A0,E0,0,0,1998,2,,,0,0,,549
12005,4591,A05,0,A00,A0,A0,E0,0,0,1998,2,150,161,71,60,11,1317
12007,4591,A05,0,A00,A0,A0,E0,0,0,1998,2,,,0,0,,614
12009,4591,A05,0,A00,A0,A0,E0,0,0,1998,2,524,517,129,136,-7,1164
12011,4591,A05,0,A00,A0,A0,E0,0,0,1998,2,2390,2251,588,727,-138,1548
12015,4591,A05,0,A00,A0,A0,E0,0,0,1998,2,102,97,20,26,-6,1351
12017,4591,A05,0,A00,A0,A0,E0,0,0,1998,2,41,41,11,12,0,1121
12019,4591,A05,0,A00,A0,A0,E0,0,0,1998,2,146,149,40,37,3,1242
12021,4591,A05,0,A00,A0,A0,E0,0,0,1998,2,260,234,48,73,-26,1492
12023,4591,A05,0,A00,A0,A0,E0,0,0,1998,2,16,18,4,,2,1661
12031,4591,A05,0,A00,A0,A0,E0,0,0,1998,2,890,878,275,287,-12,1246
12033,4591,A05,0,A00,A0,A0,E0,0,0,1998,2,389,482,248,155,92,1063
12035,4591,A05,0,A00,A0,A0,E0,0,0,1998,2,,,,,,487
12037,4591,A05,0,A00,A0,A0,E0,0,0,1998,2,5,7,,0,2,1669
12039,4591,A05,0,A00,A0,A0,E0,0,0,1998,2,,,,,,905
12043,4591,A05,0,A00,A0,A0,E0,0,0,1998,2,,,0,,,1484
12045,4591,A05,0,A00,A0,A0,E0,0,0,1998,2,4,,0,,-2,515
12053,4591,A05,0,A00,A0,A0,E0,0,0,1998,2,40,49,20,11,9,896
12055,4591,A05,0,A00,A0,A0,E0,0,0,1998,2,41,38,10,14,-4,1013
12057,4591,A05,0,A00,A0,A0,E0,0,0,1998,2,1194,1234,324,284,40,1588
12059,4591,A05,0,A00,A0,A0,E0,0,0,1998,2,,,,,,1723
12061,4591,A05,0,A00,A0,A0,E0,0,0,1998,2,158,146,42,54,-12,1427
12063,4591,A05,0,A00,A0,A0,E0,0,0,1998,2,,,0,0,,1084
12067,4591,A05,0,A00,A0,A0,E0,0,0,1998,2,,,,,,887
12069,4591,A05,0,A00,A0,A0,E0,0,0,1998,2,113,108,32,37,-5,1395
12071,4591,A05,0,A00,A0,A0,E0,0,0,1998,2,554,556,138,136,2,1250
12073,4591,A05,0,A00,A0,A0,E0,0,0,1998,2,500,462,136,173,-37,1151
12075,4591,A05,0,A00,A0,A0,E0,0,0,1998,2,,,,,,1797
12077,4591,A05,0,A00,A0,A0,E0,0,0,1998,2,,,,0,,1271
12079,4591,A05,0,A00,A0,A0,E0,0,0,1998,2,,,0,,,400
12081,4591,A05,0,A00,A0,A0,E0,0,0,1998,2,265,247,71,89,-18,1320
12083,4591,A05,0,A00,A0,A0,E0,0,0,1998,2,214,217,49,46,3,1139
12085,4591,A05,0,A00,A0,A0,E0,0,0,1998,2,259,242,50,66,-17,1240
12086,4591,A05,0,A00,A0,A0,E0,0,0,1998,2,2212,2195,499,517,-18,1422
12087,4591,A05,0,A00,A0,A0,E0,0,0,1998,2,279,296,94,77,17,1522
12089,4591,A05,0,A00,A0,A0,E0,0,0,1998,2,25,33,12,5,7,808
12091,4591,A05,0,A00,A0,A0,E0,0,0,1998,2,624,643,135,116,20,1617
12093,4591,A05,0,A00,A0,A0,E0,0,0,1998,2,0,,,0,,
12095,4591,A05,0,A00,A0,A0,E0,0,0,1998,2,1344,1368,428,404,24,1403
12097,4591,A05,0,A00,A0,A0,E0,0,0,1998,2,111,108,17,20,-3,1168
12099,4591,A05,0,A00,A0,A0,E0,0,0,1998,2,1428,1343,298,384,-85,1356
12101,4591,A05,0,A00,A0,A0,E0,0,0,1998,2,200,197,61,63,-3,1192
12103,4591,A05,0,A00,A0,A0,E0,0,0,1998,2,1169,1130,293,332,-38,1609
12105,4591,A05,0,A00,A0,A0,E0,0,0,1998,2,486,481,120,126,-5,1198
12107,4591,A05,0,A00,A0,A0,E0,0,0,1998,2,22,22,7,7,0,1026
12109,4591,A05,0,A00,A0,A0,E0,0,0,1998,2,56,78,46,24,22,1316
12111,4591,A05,0,A00,A0,A0,E0,0,0,1998,2,98,104,34,28,6,1212
12113,4591,A05,0,A00,A0,A0,E0,0,0,1998,2,42,45,17,15,3,1007
12115,4591,A05,0,A00,A0,A0,E0,0,0,1998,2,486,414,103,175,-72,1287
12117,4591,A05,0,A00,A0,A0,E0,0,0,1998,2,568,557,142,153,-11,1269
12119,4591,A05,0,A00,A0,A0,E0,0,0,1998,2,,,,,,1065
12121,4591,A05,0,A00,A0,A0,E0,0,0,1998,2,37,41,20,16,5,735
12123,4591,A05,0,A00,A0,A0,E0,0,0,1998,2,,,,,,729
12127,4591,A05,0,A00,A0,A0,E0,0,0,1998,2,315,313,84,86,-2,1089
12129,4591,A05,0,A00,A0,A0,E0,0,0,1998,2,,,,,,1061
12131,4591,A05,0,A00,A0,A0,E0,0,0,1998,2,9,12,7,4,4,836
12133,4591,A05,0,A00,A0,A0,E0,0,0,1998,2,,,0,0,,295
12,4591,A05,0,A00,A0,A0,E0,0,0,1998,2,18225,17980,4870,5114,-245,1376
12001,4591,A05,0,A00,A0,A0,E0,0,0,1998,3,265,301,133,97,36,911
12003,4591,A05,0,A00,A0,A0,E0,0,0,1998,3,,,,,,734
12005,4591,A05,0,A00,A0,A0,E0,0,0,1998,3,194,196,74,72,3,1160
12007,4591,A05,0,A00,A0,A0,E0,0,0,1998,3,3,,,3,-1,394
12009,4591,A05,0,A00,A0,A0,E0,0,0,1998,3,517,509,143,151,-8,1144
12011,4591,A05,0,A00,A0,A0,E0,0,0,1998,3,2253,2242,612,623,-11,1541
12015,4591,A05,0,A00,A0,A0,E0,0,0,1998,3,95,103,30,21,8,1327
12017,4591,A05,0,A00,A0,A0,E0,0,0,1998,3,41,46,12,7,5,1094
12019,4591,A05,0,A00,A0,A0,E0,0,0,1998,3,143,134,41,50,-9,1096
12021,4591,A05,0,A00,A0,A0,E0,0,0,1998,3,248,249,52,52,0,1410
12023,4591,A05,0,A00,A0,A0,E0,0,0,1998,3,18,16,3,6,-2,1458
12031,4591,A05,0,A00,A0,A0,E0,0,0,1998,3,847,865,302,284,18,1179
12033,4591,A05,0,A00,A0,A0,E0,0,0,1998,3,468,442,123,148,-26,1010
12035,4591,A05,0,A00,A0,A0,E0,0,0,1998,3,,,0,0,,465
12037,4591,A05,0,A00,A0,A0,E0,0,0,1998,3,7,6,,,-1,1176
12039,4591,A05,0,A00,A0,A0,E0,0,0,1998,3,,,,,,895
12043,4591,A05,0,A00,A0,A0,E0,0,0,1998,3,,,0,0,,1716
12045,4591,A05,0,A00,A0,A0,E0,0,0,1998,3,,,,,,489
12053,4591,A05,0,A00,A0,A0,E0,0,0,1998,3,49,52,19,16,3,885
12055,4591,A05,0,A00,A0,A0,E0,0,0,1998,3,38,41,18,15,3,1124
12057,4591,A05,0,A00,A0,A0,E0,0,0,1998,3,1284,1360,438,362,75,1489
12059,4591,A05,0,A00,A0,A0,E0,0,0,1998,3,,,,,,1466
12061,4591,A05,0,A00,A0,A0,E0,0,0,1998,3,163,154,50,60,-10,1406
12063,4591,A05,0,A00,A0,A0,E0,0,0,1998,3,3,,22,23,-1,730
12067,4591,A05,0,A00,A0,A0,E0,0,0,1998,3,,,,,,968
12069,4591,A05,0,A00,A0,A0,E0,0,0,1998,3,108,103,27,32,-5,1359
12071,4591,A05,0,A00,A0,A0,E0,0,0,1998,3,545,556,136,125,11,1273
12073,4591,A05,0,A00,A0,A0,E0,0,0,1998,3,414,440,179,153,26,1126
12075,4591,A05,0,A00,A0,A0,E0,0,0,1998,3,,,,,,2051
12077,4591,A05,0,A00,A0,A0,E0,0,0,1998,3,,,,,,777
12079,4591,A05,0,A00,A0,A0,E0,0,0,1998,3,,,,,,380
12081,4591,A05,0,A00,A0,A0,E0,0,0,1998,3,235,258,110,87,23,1307
12083,4591,A05,0,A00,A0,A0,E0,0,0,1998,3,200,203,50,47,2,1095
12085,4591,A05,0,A00,A0,A0,E0,0,0,1998,3,230,223,62,69,-7,1286
12086,4591,A05,0,A00,A0,A0,E0,0,0,1998,3,2120,2129,508,499,9,1431
12087,4591,A05,0,A00,A0,A0,E0,0,0,1998,3,293,276,132,149,-17,1587
12089,4591,A05,0,A00,A0,A0,E0,0,0,1998,3,33,31,6,8,-2,839
12091,4591,A05,0,A00,A0,A0,E0,0,0,1998,3,644,641,119,121,-3,1787
12093,4591,A05,0,A00,A0,A0,E0,0,0,1998,3,,,0,0,,1765
12095,4591,A05,0,A00,A0,A0,E0,0,0,1998,3,1554,1639,554,468,86,1372
12097,4591,A05,0,A00,A0,A0,E0,0,0,1998,3,107,114,37,31,6,1106
12099,4591,A05,0,A00,A0,A0,E0,0,0,1998,3,1347,1384,402,365,37,1357
12101,4591,A05,0,A00,A0,A0,E0,0,0,1998,3,179,173,52,58,-5,1144
12103,4591,A05,0,A00,A0,A0,E0,0,0,1998,3,1127,1171,318,274,44,1527
12105,4591,A05,0,A00,A0,A0,E0,0,0,1998,3,467,495,171,142,29,1261
12107,4591,A05,0,A00,A0,A0,E0,0,0,1998,3,22,22,5,5,0,1091
12109,4591,A05,0,A00,A0,A0,E0,0,0,1998,3,78,79,25,24,1,1357
12111,4591,A05,0,A00,A0,A0,E0,0,0,1998,3,104,99,21,27,-6,1050
12113,4591,A05,0,A00,A0,A0,E0,0,0,1998,3,45,40,10,15,-5,906
12115,4591,A05,0,A00,A0,A0,E0,0,0,1998,3,413,396,96,113,-17,1381
12117,4591,A05,0,A00,A0,A0,E0,0,0,1998,3,537,565,202,173,28,1276
12119,4591,A05,0,A00,A0,A0,E0,0,0,1998,3,,,,,,1034
12121,4591,A05,0,A00,A0,A0,E0,0,0,1998,3,41,47,17,12,5,467
12123,4591,A05,0,A00,A0,A0,E0,0,0,1998,3,,,,,,760
12127,4591,A05,0,A00,A0,A0,E0,0,0,1998,3,291,281,71,81,-10,1077
12129,4591,A05,0,A00,A0,A0,E0,0,0,1998,3,,,,,,1006
12131,4591,A05,0,A00,A0,A0,E0,0,0,1998,3,12,11,6,7,-1,715
12133,4591,A05,0,A00,A0,A0,E0,0,0,1998,3,,,0,,,307
12,4591,A05,0,A00,A0,A0,E0,0,0,1998,3,17945,18334,5513,5124,388,1364
12001,4591,A05,0,A00,A0,A0,E0,0,0,1998,4,296,301,158,153,5,1050
12003,4591,A05,0,A00,A0,A0,E0,0,0,1998,4,,,0,,,1044
12005,4591,A05,0,A00,A0,A0,E0,0,0,1998,4,196,185,118,129,-11,1087
12007,4591,A05,0,A00,A0,A0,E0,0,0,1998,4,,,0,0,,790
12009,4591,A05,0,A00,A0,A0,E0,0,0,1998,4,509,525,236,220,16,1216
12011,4591,A05,0,A00,A0,A0,E0,0,0,1998,4,2247,2439,1332,1140,192,1756
12015,4591,A05,0,A00,A0,A0,E0,0,0,1998,4,102,109,66,59,7,1664
12017,4591,A05,0,A00,A0,A0,E0,0,0,1998,4,46,46,27,27,0,1113
12019,4591,A05,0,A00,A0,A0,E0,0,0,1998,4,134,154,129,108,21,1390
12021,4591,A05,0,A00,A0,A0,E0,0,0,1998,4,249,296,140,92,48,1738
12023,4591,A05,0,A00,A0,A0,E0,0,0,1998,4,16,18,6,4,2,1598
12031,4591,A05,0,A00,A0,A0,E0,0,0,1998,4,856,910,522,468,54,1457
12033,4591,A05,0,A00,A0,A0,E0,0,0,1998,4,444,473,299,270,29,1128
12035,4591,A05,0,A00,A0,A0,E0,0,0,1998,4,,,0,0,,655
12037,4591,A05,0,A00,A0,A0,E0,0,0,1998,4,6,5,0,,-1,1313
12039,4591,A05,0,A00,A0,A0,E0,0,0,1998,4,,,,0,,942
12043,4591,A05,0,A00,A0,A0,E0,0,0,1998,4,,,0,0,,1848
12045,4591,A05,0,A00,A0,A0,E0,0,0,1998,4,,4,3,,2,847
12049,4591,A05,0,A00,A0,A0,E0,0,0,1998,4,0,,,0,,
12053,4591,A05,0,A00,A0,A0,E0,0,0,1998,4,52,52,11,11,0,1087
12055,4591,A05,0,A00,A0,A0,E0,0,0,1998,4,41,43,18,16,2,1200
12057,4591,A05,0,A00,A0,A0,E0,0,0,1998,4,1354,1425,737,666,71,1624
12059,4591,A05,0,A00,A0,A0,E0,0,0,1998,4,,,,,,1310
12061,4591,A05,0,A00,A0,A0,E0,0,0,1998,4,156,198,158,116,41,1586
12063,4591,A05,0,A00,A0,A0,E0,0,0,1998,4,,0,0,,,765
12067,4591,A05,0,A00,A0,A0,E0,0,0,1998,4,,,0,,,1055
12069,4591,A05,0,A00,A0,A0,E0,0,0,1998,4,103,109,46,40,7,1814
12071,4591,A05,0,A00,A0,A0,E0,0,0,1998,4,555,622,285,219,66,1471
12073,4591,A05,0,A00,A0,A0,E0,0,0,1998,4,432,466,282,249,33,1239
12075,4591,A05,0,A00,A0,A0,E0,0,0,1998,4,,,,,,2188
12077,4591,A05,0,A00,A0,A0,E0,0,0,1998,4,,,,,,933
12079,4591,A05,0,A00,A0,A0,E0,0,0,1998,4,,,0,0,,406
12081,4591,A05,0,A00,A0,A0,E0,0,0,1998,4,258,301,197,155,43,1349
12083,4591,A05,0,A00,A0,A0,E0,0,0,1998,4,203,210,101,93,7,1279
12085,4591,A05,0,A00,A0,A0,E0,0,0,1998,4,224,257,123,90,33,1430
12086,4591,A05,0,A00,A0,A0,E0,0,0,1998,4,2132,2333,1392,1192,201,1555
12087,4591,A05,0,A00,A0,A0,E0,0,0,1998,4,261,264,78,75,3,1545
12089,4591,A05,0,A00,A0,A0,E0,0,0,1998,4,31,23,7,14,-7,801
12091,4591,A05,0,A00,A0,A0,E0,0,0,1998,4,642,623,128,146,-19,1795
12093,4591,A05,0,A00,A0,A0,E0,0,0,1998,4,,,,,,2059
12095,4591,A05,0,A00,A0,A0,E0,0,0,1998,4,1641,1820,1201,1022,179,1475
12097,4591,A05,0,A00,A0,A0,E0,0,0,1998,4,115,119,49,45,4,1314
12099,4591,A05,0,A00,A0,A0,E0,0,0,1998,4,1383,1476,643,550,94,1532
12101,4591,A05,0,A00,A0,A0,E0,0,0,1998,4,174,184,99,89,11,1249
12103,4591,A05,0,A00,A0,A0,E0,0,0,1998,4,1285,1351,561,496,66,1663
12105,4591,A05,0,A00,A0,A0,E0,0,0,1998,4,495,565,325,256,69,1337
12107,4591,A05,0,A00,A0,A0,E0,0,0,1998,4,22,16,7,12,-6,1245
12109,4591,A05,0,A00,A0,A0,E0,0,0,1998,4,79,75,28,31,-3,1307
12111,4591,A05,0,A00,A0,A0,E0,0,0,1998,4,100,108,53,45,8,1301
12113,4591,A05,0,A00,A0,A0,E0,0,0,1998,4,40,38,11,13,-2,1032
12115,4591,A05,0,A00,A0,A0,E0,0,0,1998,4,397,457,219,159,60,1592
12117,4591,A05,0,A00,A0,A0,E0,0,0,1998,4,564,601,312,276,36,1370
12119,4591,A05,0,A00,A0,A0,E0,0,0,1998,4,14,15,4,3,1,1129
12121,4591,A05,0,A00,A0,A0,E0,0,0,1998,4,47,46,25,27,-1,665
12123,4591,A05,0,A00,A0,A0,E0,0,0,1998,4,,,0,0,,815
12127,4591,A05,0,A00,A0,A0,E0,0,0,1998,4,281,288,122,115,7,1154
12129,4591,A05,0,A00,A0,A0,E0,0,0,1998,4,,,,,,658
12131,4591,A05,0,A00,A0,A0,E0,0,0,1998,4,11,26,38,24,14,787
12133,4591,A05,0,A00,A0,A0,E0,0,0,1998,4,,,0,0,,376
12,4591,A05,0,A00,A0,A0,E0,0,0,1998,4,18426,20176,10794,9044,1750,1511
12001,4591,A05,0,A00,A0,A0,E0,0,0,1999,1,359,344,85,99,-15,831
12003,4591,A05,0,A00,A0,A0,E0,0,0,1999,1,,,0,0,,656
12005,4591,A05,0,A00,A0,A0,E0,0,0,1999,1,181,195,66,53,13,1032
12007,4591,A05,0,A00,A0,A0,E0,0,0,1999,1,,,0,0,,660
12009,4591,A05,0,A00,A0,A0,E0,0,0,1999,1,555,529,108,134,-26,1051
12011,4591,A05,0,A00,A0,A0,E0,0,0,1999,1,2957,2707,635,885,-250,1366
12015,4591,A05,0,A00,A0,A0,E0,0,0,1999,1,107,103,24,29,-5,1282
12017,4591,A05,0,A00,A0,A0,E0,0,0,1999,1,46,50,18,14,4,1167
12019,4591,A05,0,A00,A0,A0,E0,0,0,1999,1,153,129,25,49,-24,992
12021,4591,A05,0,A00,A0,A0,E0,0,0,1999,1,373,345,97,125,-29,1358
12023,4591,A05,0,A00,A0,A0,E0,0,0,1999,1,18,20,3,,2,1533
12031,4591,A05,0,A00,A0,A0,E0,0,0,1999,1,1055,988,279,346,-66,1080
12033,4591,A05,0,A00,A0,A0,E0,0,0,1999,1,532,455,102,179,-77,845
12035,4591,A05,0,A00,A0,A0,E0,0,0,1999,1,,,,0,,663
12037,4591,A05,0,A00,A0,A0,E0,0,0,1999,1,5,4,,,0,1489
12039,4591,A05,0,A00,A0,A0,E0,0,0,1999,1,,,,,,843
12043,4591,A05,0,A00,A0,A0,E0,0,0,1999,1,,,0,0,,1584
12045,4591,A05,0,A00,A0,A0,E0,0,0,1999,1,4,,0,,-2,810
12049,4591,A05,0,A00,A0,A0,E0,0,0,1999,1,,,,0,,864
12053,4591,A05,0,A00,A0,A0,E0,0,0,1999,1,52,49,10,13,-3,1016
12055,4591,A05,0,A00,A0,A0,E0,0,0,1999,1,43,43,11,11,0,1035
12057,4591,A05,0,A00,A0,A0,E0,0,0,1999,1,1646,1436,305,514,-210,1270
12059,4591,A05,0,A00,A0,A0,E0,0,0,1999,1,,,0,,,1140
12061,4591,A05,0,A00,A0,A0,E0,0,0,1999,1,178,152,34,60,-26,1134
12063,4591,A05,0,A00,A0,A0,E0,0,0,1999,1,18,41,36,13,23,1108
12067,4591,A05,0,A00,A0,A0,E0,0,0,1999,1,,,0,,,1228
12069,4591,A05,0,A00,A0,A0,E0,0,0,1999,1,130,132,37,35,2,1472
12071,4591,A05,0,A00,A0,A0,E0,0,0,1999,1,640,635,160,166,-6,1186
12073,4591,A05,0,A00,A0,A0,E0,0,0,1999,1,439,393,120,166,-45,1058
12075,4591,A05,0,A00,A0,A0,E0,0,0,1999,1,,,,,,1241
12077,4591,A05,0,A00,A0,A0,E0,0,0,1999,1,,,,,,869
12079,4591,A05,0,A00,A0,A0,E0,0,0,1999,1,,,0,,,341
12081,4591,A05,0,A00,A0,A0,E0,0,0,1999,1,375,341,74,108,-34,1249
12083,4591,A05,0,A00,A0,A0,E0,0,0,1999,1,209,191,44,61,-17,958
12085,4591,A05,0,A00,A0,A0,E0,0,0,1999,1,278,263,50,66,-15,1144
12086,4591,A05,0,A00,A0,A0,E0,0,0,1999,1,2812,2540,529,801,-272,1156
12087,4591,A05,0,A00,A0,A0,E0,0,0,1999,1,263,271,81,73,8,1589
12089,4591,A05,0,A00,A0,A0,E0,0,0,1999,1,23,14,,11,-9,852
12091,4591,A05,0,A00,A0,A0,E0,0,0,1999,1,600,591,89,99,-10,1541
12093,4591,A05,0,A00,A0,A0,E0,0,0,1999,1,,,0,0,,1765
12095,4591,A05,0,A00,A0,A0,E0,0,0,1999,1,1716,1564,389,541,-151,1112
12097,4591,A05,0,A00,A0,A0,E0,0,0,1999,1,182,191,46,37,9,1093
12099,4591,A05,0,A00,A0,A0,E0,0,0,1999,1,1722,1642,333,413,-80,1252
12101,4591,A05,0,A00,A0,A0,E0,0,0,1999,1,302,275,89,117,-27,936
12103,4591,A05,0,A00,A0,A0,E0,0,0,1999,1,1466,1372,345,439,-93,1393
12105,4591,A05,0,A00,A0,A0,E0,0,0,1999,1,629,570,138,197,-60,1106
12107,4591,A05,0,A00,A0,A0,E0,0,0,1999,1,16,28,19,7,11,1072
12109,4591,A05,0,A00,A0,A0,E0,0,0,1999,1,77,84,25,18,7,1448
12111,4591,A05,0,A00,A0,A0,E0,0,0,1999,1,97,99,28,25,2,1020
12113,4591,A05,0,A00,A0,A0,E0,0,0,1999,1,39,54,30,14,15,995
12115,4591,A05,0,A00,A0,A0,E0,0,0,1999,1,497,479,94,112,-17,1161
12117,4591,A05,0,A00,A0,A0,E0,0,0,1999,1,654,593,112,174,-61,1130
12119,4591,A05,0,A00,A0,A0,E0,0,0,1999,1,,,,,,689
12121,4591,A05,0,A00,A0,A0,E0,0,0,1999,1,31,13,,20,-18,376
12123,4591,A05,0,A00,A0,A0,E0,0,0,1999,1,,,,,,730
12127,4591,A05,0,A00,A0,A0,E0,0,0,1999,1,287,279,67,75,-8,998
12129,4591,A05,0,A00,A0,A0,E0,0,0,1999,1,,,,,,1133
12131,4591,A05,0,A00,A0,A0,E0,0,0,1999,1,26,14,0,12,-12,492
12133,4591,A05,0,A00,A0,A0,E0,0,0,1999,1,,,,0,,399
12,4591,A05,0,A00,A0,A0,E0,0,0,1999,1,22402,20792,4911,6522,-1610,1201
12001,4591,A05,0,A00,A0,A0,E0,0,0,1999,2,343,342,98,99,-1,928
12003,4591,A05,0,A00,A0,A0,E0,0,0,1999,2,,,,0,,678
12005,4591,A05,0,A00,A0,A0,E0,0,0,1999,2,195,236,132,91,42,1272
12007,4591,A05,0,A00,A0,A0,E0,0,0,1999,2,,,0,0,,771
12009,4591,A05,0,A00,A0,A0,E0,0,0,1999,2,529,532,132,129,3,1172
12011,4591,A05,0,A00,A0,A0,E0,0,0,1999,2,2707,2681,929,955,-26,1601
12015,4591,A05,0,A00,A0,A0,E0,0,0,1999,2,102,105,30,27,3,1410
12017,4591,A05,0,A00,A0,A0,E0,0,0,1999,2,50,45,17,21,-4,1090
12019,4591,A05,0,A00,A0,A0,E0,0,0,1999,2,129,134,42,37,5,1231
12021,4591,A05,0,A00,A0,A0,E0,0,0,1999,2,345,305,63,103,-40,1438
12023,4591,A05,0,A00,A0,A0,E0,0,0,1999,2,20,19,,,-1,1575
12031,4591,A05,0,A00,A0,A0,E0,0,0,1999,2,988,986,323,326,-2,1225
12033,4591,A05,0,A00,A0,A0,E0,0,0,1999,2,456,541,300,214,86,1069
12035,4591,A05,0,A00,A0,A0,E0,0,0,1999,2,,,0,,,704
12037,4591,A05,0,A00,A0,A0,E0,0,0,1999,2,4,6,,,1,1479
12039,4591,A05,0,A00,A0,A0,E0,0,0,1999,2,,,,,,980
12043,4591,A05,0,A00,A0,A0,E0,0,0,1999,2,,,0,0,,1716
12045,4591,A05,0,A00,A0,A0,E0,0,0,1999,2,,,,0,,908
12049,4591,A05,0,A00,A0,A0,E0,0,0,1999,2,,,0,,,426
12053,4591,A05,0,A00,A0,A0,E0,0,0,1999,2,49,47,8,10,-2,1143
12055,4591,A05,0,A00,A0,A0,E0,0,0,1999,2,43,46,22,18,3,1138
12057,4591,A05,0,A00,A0,A0,E0,0,0,1999,2,1436,1337,349,449,-100,1423
12059,4591,A05,0,A00,A0,A0,E0,0,0,1999,2,,,,0,,1290
12061,4591,A05,0,A00,A0,A0,E0,0,0,1999,2,149,139,39,50,-11,1287
12063,4591,A05,0,A00,A0,A0,E0,0,0,1999,2,41,44,9,6,3,1751
12067,4591,A05,0,A00,A0,A0,E0,0,0,1999,2,,,,,,1369
12069,4591,A05,0,A00,A0,A0,E0,0,0,1999,2,133,126,42,48,-6,1461
12071,4591,A05,0,A00,A0,A0,E0,0,0,1999,2,635,654,214,195,19,1249
12073,4591,A05,0,A00,A0,A0,E0,0,0,1999,2,403,384,135,154,-19,1284
12075,4591,A05,0,A00,A0,A0,E0,0,0,1999,2,,,,,,1408
12077,4591,A05,0,A00,A0,A0,E0,0,0,1999,2,,,,,,1033
12079,4591,A05,0,A00,A0,A0,E0,0,0,1999,2,,,0,0,,417
12081,4591,A05,0,A00,A0,A0,E0,0,0,1999,2,328,322,75,80,-5,1729
12083,4591,A05,0,A00,A0,A0,E0,0,0,1999,2,184,199,49,34,15,1164
12085,4591,A05,0,A00,A0,A0,E0,0,0,1999,2,263,247,57,73,-16,1286
12086,4591,A05,0,A00,A0,A0,E0,0,0,1999,2,2529,2491,788,826,-38,1373
12087,4591,A05,0,A00,A0,A0,E0,0,0,1999,2,272,321,157,109,48,1694
12089,4591,A05,0,A00,A0,A0,E0,0,0,1999,2,14,14,3,3,0,1297
12091,4591,A05,0,A00,A0,A0,E0,0,0,1999,2,590,615,147,122,25,1639
12093,4591,A05,0,A00,A0,A0,E0,0,0,1999,2,,,0,0,,2059
12095,4591,A05,0,A00,A0,A0,E0,0,0,1999,2,1559,1555,461,465,-4,1292
12097,4591,A05,0,A00,A0,A0,E0,0,0,1999,2,190,193,39,37,2,1138
12099,4591,A05,0,A00,A0,A0,E0,0,0,1999,2,1641,1593,441,490,-49,1420
12101,4591,A05,0,A00,A0,A0,E0,0,0,1999,2,275,273,133,135,-2,1035
12103,4591,A05,0,A00,A0,A0,E0,0,0,1999,2,1374,1319,376,431,-55,1497
12105,4591,A05,0,A00,A0,A0,E0,0,0,1999,2,569,571,159,158,2,1228
12107,4591,A05,0,A00,A0,A0,E0,0,0,1999,2,28,28,8,8,0,880
12109,4591,A05,0,A00,A0,A0,E0,0,0,1999,2,84,86,25,23,2,1368
12111,4591,A05,0,A00,A0,A0,E0,0,0,1999,2,99,101,44,42,2,1179
12113,4591,A05,0,A00,A0,A0,E0,0,0,1999,2,54,45,10,19,-9,938
12115,4591,A05,0,A00,A0,A0,E0,0,0,1999,2,479,468,119,130,-11,1427
12117,4591,A05,0,A00,A0,A0,E0,0,0,1999,2,595,603,152,143,8,1317
12119,4591,A05,0,A00,A0,A0,E0,0,0,1999,2,,,,,,595
12121,4591,A05,0,A00,A0,A0,E0,0,0,1999,2,,,,,,972
12123,4591,A05,0,A00,A0,A0,E0,0,0,1999,2,,,,,,766
12127,4591,A05,0,A00,A0,A0,E0,0,0,1999,2,279,291,83,71,12,1173
12129,4591,A05,0,A00,A0,A0,E0,0,0,1999,2,15,15,20,20,0,1152
12131,4591,A05,0,A00,A0,A0,E0,0,0,1999,2,14,21,11,4,7,894
12133,4591,A05,0,A00,A0,A0,E0,0,0,1999,2,,,0,0,,407
12,4591,A05,0,A00,A0,A0,E0,0,0,1999,2,20764,20630,6336,6470,-134,1376
12001,4591,A05,0,A00,A0,A0,E0,0,0,1999,3,343,352,111,101,9,962
12003,4591,A05,0,A00,A0,A0,E0,0,0,1999,3,,,,0,,876
12005,4591,A05,0,A00,A0,A0,E0,0,0,1999,3,236,228,77,86,-9,1245
12007,4591,A05,0,A00,A0,A0,E0,0,0,1999,3,,,0,0,,683
12009,4591,A05,0,A00,A0,A0,E0,0,0,1999,3,531,547,129,113,16,1234
12011,4591,A05,0,A00,A0,A0,E0,0,0,1999,3,2670,2865,978,783,195,1631
12015,4591,A05,0,A00,A0,A0,E0,0,0,1999,3,96,95,20,21,-1,1538
12017,4591,A05,0,A00,A0,A0,E0,0,0,1999,3,45,49,19,16,3,1115
12019,4591,A05,0,A00,A0,A0,E0,0,0,1999,3,134,139,40,36,4,1200
12021,4591,A05,0,A00,A0,A0,E0,0,0,1999,3,305,309,70,66,4,1437
12023,4591,A05,0,A00,A0,A0,E0,0,0,1999,3,19,19,7,7,-1,1426
12031,4591,A05,0,A00,A0,A0,E0,0,0,1999,3,985,1059,467,393,74,1273
12033,4591,A05,0,A00,A0,A0,E0,0,0,1999,3,541,544,233,230,3,1039
12035,4591,A05,0,A00,A0,A0,E0,0,0,1999,3,,,0,,,592
12037,4591,A05,0,A00,A0,A0,E0,0,0,1999,3,6,5,,3,-1,1219
12039,4591,A05,0,A00,A0,A0,E0,0,0,1999,3,,,,,,1157
12043,4591,A05,0,A00,A0,A0,E0,0,0,1999,3,,,0,0,,1697
12045,4591,A05,0,A00,A0,A0,E0,0,0,1999,3,,,,0,,613
12049,4591,A05,0,A00,A0,A0,E0,0,0,1999,3,,,,,,353
12053,4591,A05,0,A00,A0,A0,E0,0,0,1999,3,47,45,6,8,-2,1126
12055,4591,A05,0,A00,A0,A0,E0,0,0,1999,3,46,48,23,22,1,885
12057,4591,A05,0,A00,A0,A0,E0,0,0,1999,3,1337,1395,469,411,59,1407
12059,4591,A05,0,A00,A0,A0,E0,0,0,1999,3,,,,,,1392
12061,4591,A05,0,A00,A0,A0,E0,0,0,1999,3,139,159,60,41,20,1555
12063,4591,A05,0,A00,A0,A0,E0,0,0,1999,3,44,42,6,9,-3,1862
12067,4591,A05,0,A00,A0,A0,E0,0,0,1999,3,,,,0,,1406
12069,4591,A05,0,A00,A0,A0,E0,0,0,1999,3,127,129,36,34,2,1548
12071,4591,A05,0,A00,A0,A0,E0,0,0,1999,3,653,670,181,164,17,1248
12073,4591,A05,0,A00,A0,A0,E0,0,0,1999,3,376,390,166,152,14,1239
12075,4591,A05,0,A00,A0,A0,E0,0,0,1999,3,,,,,,1371
12077,4591,A05,0,A00,A0,A0,E0,0,0,1999,3,,0,,,,736
12079,4591,A05,0,A00,A0,A0,E0,0,0,1999,3,,,,,,250
12081,4591,A05,0,A00,A0,A0,E0,0,0,1999,3,324,332,106,98,8,1366
12083,4591,A05,0,A00,A0,A0,E0,0,0,1999,3,199,201,49,47,2,1155
12085,4591,A05,0,A00,A0,A0,E0,0,0,1999,3,247,254,76,69,7,1476
12086,4591,A05,0,A00,A0,A0,E0,0,0,1999,3,2479,2765,999,713,286,1432
12087,4591,A05,0,A00,A0,A0,E0,0,0,1999,3,320,335,130,114,16,1670
12089,4591,A05,0,A00,A0,A0,E0,0,0,1999,3,14,26,16,4,12,1696
12091,4591,A05,0,A00,A0,A0,E0,0,0,1999,3,615,613,123,125,-2,1844
12093,4591,A05,0,A00,A0,A0,E0,0,0,1999,3,,,,,,1154
12095,4591,A05,0,A00,A0,A0,E0,0,0,1999,3,1535,1539,537,533,4,1390
12097,4591,A05,0,A00,A0,A0,E0,0,0,1999,3,193,193,54,54,0,1188
12099,4591,A05,0,A00,A0,A0,E0,0,0,1999,3,1594,1616,474,452,22,1518
12101,4591,A05,0,A00,A0,A0,E0,0,0,1999,3,273,252,95,116,-21,1009
12103,4591,A05,0,A00,A0,A0,E0,0,0,1999,3,1331,1338,395,388,7,1553
12105,4591,A05,0,A00,A0,A0,E0,0,0,1999,3,569,577,182,174,8,1207
12107,4591,A05,0,A00,A0,A0,E0,0,0,1999,3,30,30,7,7,0,1060
12109,4591,A05,0,A00,A0,A0,E0,0,0,1999,3,86,86,29,29,0,1316
12111,4591,A05,0,A00,A0,A0,E0,0,0,1999,3,101,83,18,36,-18,1029
12113,4591,A05,0,A00,A0,A0,E0,0,0,1999,3,45,37,17,25,-8,987
12115,4591,A05,0,A00,A0,A0,E0,0,0,1999,3,471,477,126,119,6,1298
12117,4591,A05,0,A00,A0,A0,E0,0,0,1999,3,603,652,238,189,49,1306
12119,4591,A05,0,A00,A0,A0,E0,0,0,1999,3,,,,,,705
12121,4591,A05,0,A00,A0,A0,E0,0,0,1999,3,,,,,,940
12123,4591,A05,0,A00,A0,A0,E0,0,0,1999,3,,,,,,850
12127,4591,A05,0,A00,A0,A0,E0,0,0,1999,3,291,276,71,87,-15,1148
12129,4591,A05,0,A00,A0,A0,E0,0,0,1999,3,15,17,9,7,1,1023
12131,4591,A05,0,A00,A0,A0,E0,0,0,1999,3,21,20,12,13,0,758
12133,4591,A05,0,A00,A0,A0,E0,0,0,1999,3,,,0,0,,398
12,4591,A05,0,A00,A0,A0,E0,0,0,1999,3,20587,21354,7047,6281,767,1404
12001,4591,A05,0,A00,A0,A0,E0,0,0,1999,4,349,364,151,136,16,1010
12003,4591,A05,0,A00,A0,A0,E0,0,0,1999,4,,,0,,,659
12005,4591,A05,0,A00,A0,A0,E0,0,0,1999,4,229,208,127,147,-20,1271
12007,4591,A05,0,A00,A0,A0,E0,0,0,1999,4,,,0,0,,749
12009,4591,A05,0,A00,A0,A0,E0,0,0,1999,4,548,552,217,212,4,1375
12011,4591,A05,0,A00,A0,A0,E0,0,0,1999,4,2862,3223,1734,1374,360,1777
12015,4591,A05,0,A00,A0,A0,E0,0,0,1999,4,95,111,74,58,16,1996
12017,4591,A05,0,A00,A0,A0,E0,0,0,1999,4,49,39,21,31,-10,1070
12019,4591,A05,0,A00,A0,A0,E0,0,0,1999,4,139,158,107,88,20,1291
12021,4591,A05,0,A00,A0,A0,E0,0,0,1999,4,309,349,148,108,39,1662
12023,4591,A05,0,A00,A0,A0,E0,0,0,1999,4,19,13,4,9,-5,1579
12027,4591,A05,0,A00,A0,A0,E0,0,0,1999,4,0,,,0,,
12031,4591,A05,0,A00,A0,A0,E0,0,0,1999,4,1067,1177,666,557,109,1355
12033,4591,A05,0,A00,A0,A0,E0,0,0,1999,4,545,594,373,324,49,1148
12035,4591,A05,0,A00,A0,A0,E0,0,0,1999,4,,0,,,,309
12037,4591,A05,0,A00,A0,A0,E0,0,0,1999,4,5,5,,,0,1314
12039,4591,A05,0,A00,A0,A0,E0,0,0,1999,4,,,0,0,,1063
12043,4591,A05,0,A00,A0,A0,E0,0,0,1999,4,,,0,0,,1591
12045,4591,A05,0,A00,A0,A0,E0,0,0,1999,4,,,0,,,517
12049,4591,A05,0,A00,A0,A0,E0,0,0,1999,4,,,0,,,363
12053,4591,A05,0,A00,A0,A0,E0,0,0,1999,4,45,49,11,7,3,1296
12055,4591,A05,0,A00,A0,A0,E0,0,0,1999,4,48,44,24,27,-3,894
12057,4591,A05,0,A00,A0,A0,E0,0,0,1999,4,1396,1437,1056,1015,41,1508
12059,4591,A05,0,A00,A0,A0,E0,0,0,1999,4,,,,0,,1644
12061,4591,A05,0,A00,A0,A0,E0,0,0,1999,4,147,145,76,78,-2,1503
12063,4591,A05,0,A00,A0,A0,E0,0,0,1999,4,,,,,,2310
12067,4591,A05,0,A00,A0,A0,E0,0,0,1999,4,,,,,,749
12069,4591,A05,0,A00,A0,A0,E0,0,0,1999,4,129,123,41,47,-6,1653
12071,4591,A05,0,A00,A0,A0,E0,0,0,1999,4,672,697,290,265,25,1445
12073,4591,A05,0,A00,A0,A0,E0,0,0,1999,4,394,421,308,280,27,1707
12075,4591,A05,0,A00,A0,A0,E0,0,0,1999,4,480,513,150,117,33,1502
12079,4591,A05,0,A00,A0,A0,E0,0,0,1999,4,,,0,0,,1138
12081,4591,A05,0,A00,A0,A0,E0,0,0,1999,4,310,372,198,136,62,1422
12083,4591,A05,0,A00,A0,A0,E0,0,0,1999,4,201,225,112,88,23,1130
12085,4591,A05,0,A00,A0,A0,E0,0,0,1999,4,254,283,133,105,28,1403
12086,4591,A05,0,A00,A0,A0,E0,0,0,1999,4,2751,3009,1725,1467,258,1529
12087,4591,A05,0,A00,A0,A0,E0,0,0,1999,4,335,340,126,122,4,1541
12089,4591,A05,0,A00,A0,A0,E0,0,0,1999,4,26,17,9,18,-9,1058
12091,4591,A05,0,A00,A0,A0,E0,0,0,1999,4,614,249,129,494,-365,1890
12093,4591,A05,0,A00,A0,A0,E0,0,0,1999,4,,0,,,,1338
12095,4591,A05,0,A00,A0,A0,E0,0,0,1999,4,1541,1675,938,804,134,1489
12097,4591,A05,0,A00,A0,A0,E0,0,0,1999,4,193,195,61,59,2,1281
12099,4591,A05,0,A00,A0,A0,E0,0,0,1999,4,1606,1807,865,665,200,1562
12101,4591,A05,0,A00,A0,A0,E0,0,0,1999,4,253,294,156,115,42,1174
12103,4591,A05,0,A00,A0,A0,E0,0,0,1999,4,1339,1377,600,562,38,1663
12105,4591,A05,0,A00,A0,A0,E0,0,0,1999,4,567,650,382,299,83,1362
12107,4591,A05,0,A00,A0,A0,E0,0,0,1999,4,30,33,8,5,3,1095
12109,4591,A05,0,A00,A0,A0,E0,0,0,1999,4,86,85,39,40,-1,1439
12111,4591,A05,0,A00,A0,A0,E0,0,0,1999,4,83,83,17,18,-1,1531
12113,4591,A05,0,A00,A0,A0,E0,0,0,1999,4,37,35,7,8,-2,993
12115,4591,A05,0,A00,A0,A0,E0,0,0,1999,4,477,503,169,143,26,1598
12117,4591,A05,0,A00,A0,A0,E0,0,0,1999,4,654,713,360,301,58,1438
12119,4591,A05,0,A00,A0,A0,E0,0,0,1999,4,,,,,,954
12121,4591,A05,0,A00,A0,A0,E0,0,0,1999,4,,,,,,1198
12123,4591,A05,0,A00,A0,A0,E0,0,0,1999,4,40,4,22,58,-36,1103
12127,4591,A05,0,A00,A0,A0,E0,0,0,1999,4,261,282,122,100,22,1289
12129,4591,A05,0,A00,A0,A0,E0,0,0,1999,4,17,13,,5,-3,1032
12131,4591,A05,0,A00,A0,A0,E0,0,0,1999,4,20,26,24,18,6,733
12133,4591,A05,0,A00,A0,A0,E0,0,0,1999,4,,,0,0,,320
12,4591,A05,0,A00,A0,A0,E0,0,0,1999,4,21327,22593,11796,10529,1266,1519
12001,4591,A05,0,A00,A0,A0,E0,0,0,2000,1,355,333,105,128,-22,930
12003,4591,A05,0,A00,A0,A0,E0,0,0,2000,1,,,,,,488
12005,4591,A05,0,A00,A0,A0,E0,0,0,2000,1,207,185,50,72,-22,1197
12007,4591,A05,0,A00,A0,A0,E0,0,0,2000,1,,,,0,,656
12009,4591,A05,0,A00,A0,A0,E0,0,0,2000,1,547,496,110,161,-51,1272
12011,4591,A05,0,A00,A0,A0,E0,0,0,2000,1,3792,3552,955,1195,-240,1559
12015,4591,A05,0,A00,A0,A0,E0,0,0,2000,1,114,103,22,33,-11,1387
12017,4591,A05,0,A00,A0,A0,E0,0,0,2000,1,48,46,4,6,-1,1306
12019,4591,A05,0,A00,A0,A0,E0,0,0,2000,1,159,142,34,51,-17,1011
12021,4591,A05,0,A00,A0,A0,E0,0,0,2000,1,334,325,74,83,-9,1564
12023,4591,A05,0,A00,A0,A0,E0,0,0,2000,1,13,16,6,4,2,1598
12027,4591,A05,0,A00,A0,A0,E0,0,0,2000,1,,,,0,,425
12031,4591,A05,0,A00,A0,A0,E0,0,0,2000,1,1217,1124,322,415,-93,1101
12033,4591,A05,0,A00,A0,A0,E0,0,0,2000,1,593,529,140,204,-64,955
12035,4591,A05,0,A00,A0,A0,E0,0,0,2000,1,0,0,,,0,
12037,4591,A05,0,A00,A0,A0,E0,0,0,2000,1,5,6,,0,1,1446
12039,4591,A05,0,A00,A0,A0,E0,0,0,2000,1,,,0,,,897
12043,4591,A05,0,A00,A0,A0,E0,0,0,2000,1,,0,0,,,1477
12045,4591,A05,0,A00,A0,A0,E0,0,0,2000,1,5,4,5,6,-1,473
12049,4591,A05,0,A00,A0,A0,E0,0,0,2000,1,,,0,0,,831
12051,4591,A05,0,A00,A0,A0,E0,0,0,2000,1,0,0,,,0,
12053,4591,A05,0,A00,A0,A0,E0,0,0,2000,1,48,52,10,6,5,1121
12055,4591,A05,0,A00,A0,A0,E0,0,0,2000,1,48,44,12,15,-3,1182
12057,4591,A05,0,A00,A0,A0,E0,0,0,2000,1,1428,1141,306,594,-287,1192
12059,4591,A05,0,A00,A0,A0,E0,0,0,2000,1,,,,,,1199
12061,4591,A05,0,A00,A0,A0,E0,0,0,2000,1,145,133,36,47,-12,1414
12063,4591,A05,0,A00,A0,A0,E0,0,0,2000,1,44,21,10,33,-23,2621
12067,4591,A05,0,A00,A0,A0,E0,0,0,2000,1,,,0,0,,928
12069,4591,A05,0,A00,A0,A0,E0,0,0,2000,1,104,127,49,26,22,1862
12071,4591,A05,0,A00,A0,A0,E0,0,0,2000,1,813,779,214,248,-34,1202
12073,4591,A05,0,A00,A0,A0,E0,0,0,2000,1,425,351,103,177,-74,1164
12075,4591,A05,0,A00,A0,A0,E0,0,0,2000,1,,,,,,937
12077,4591,A05,0,A00,A0,A0,E0,0,0,2000,1,0,,,0,,
12079,4591,A05,0,A00,A0,A0,E0,0,0,2000,1,,,0,,,864
12081,4591,A05,0,A00,A0,A0,E0,0,0,2000,1,379,355,95,118,-23,1136
12083,4591,A05,0,A00,A0,A0,E0,0,0,2000,1,170,157,51,64,-13,967
12085,4591,A05,0,A00,A0,A0,E0,0,0,2000,1,288,267,80,102,-21,1288
12086,4591,A05,0,A00,A0,A0,E0,0,0,2000,1,3022,2865,759,916,-157,1241
12087,4591,A05,0,A00,A0,A0,E0,0,0,2000,1,341,374,155,122,33,1493
12089,4591,A05,0,A00,A0,A0,E0,0,0,2000,1,7,7,5,5,0,1333
12091,4591,A05,0,A00,A0,A0,E0,0,0,2000,1,258,248,80,90,-10,1080
12093,4591,A05,0,A00,A0,A0,E0,0,0,2000,1,0,0,,,0,
12095,4591,A05,0,A00,A0,A0,E0,0,0,2000,1,1900,1723,487,664,-177,1201
12097,4591,A05,0,A00,A0,A0,E0,0,0,2000,1,192,179,44,57,-13,1052
12099,4591,A05,0,A00,A0,A0,E0,0,0,2000,1,1644,1532,370,482,-112,1408
12101,4591,A05,0,A00,A0,A0,E0,0,0,2000,1,328,291,62,100,-37,964
12103,4591,A05,0,A00,A0,A0,E0,0,0,2000,1,1386,1275,332,442,-111,1400
12105,4591,A05,0,A00,A0,A0,E0,0,0,2000,1,676,614,153,216,-63,1193
12107,4591,A05,0,A00,A0,A0,E0,0,0,2000,1,33,30,,5,-3,988
12109,4591,A05,0,A00,A0,A0,E0,0,0,2000,1,85,87,24,23,2,1336
12111,4591,A05,0,A00,A0,A0,E0,0,0,2000,1,82,74,18,26,-8,1327
12113,4591,A05,0,A00,A0,A0,E0,0,0,2000,1,35,55,34,14,20,1037
12115,4591,A05,0,A00,A0,A0,E0,0,0,2000,1,537,537,146,146,0,1330
12117,4591,A05,0,A00,A0,A0,E0,0,0,2000,1,744,697,167,214,-47,1187
12119,4591,A05,0,A00,A0,A0,E0,0,0,2000,1,11,16,8,3,5,1133
12121,4591,A05,0,A00,A0,A0,E0,0,0,2000,1,15,15,,,0,1262
12123,4591,A05,0,A00,A0,A0,E0,0,0,2000,1,,,,,,975
12127,4591,A05,0,A00,A0,A0,E0,0,0,2000,1,286,282,71,75,-4,1131
12129,4591,A05,0,A00,A0,A0,E0,0,0,2000,1,13,12,12,13,-1,1173
12131,4591,A05,0,A00,A0,A0,E0,0,0,2000,1,36,37,26,25,1,776
12133,4591,A05,0,A00,A0,A0,E0,0,0,2000,1,0,,,,,
12,4591,A05,0,A00,A0,A0,E0,0,0,2000,1,22959,21289,5773,7444,-1671,1287
12001,4591,A05,0,A00,A0,A0,E0,0,0,2000,2,333,320,99,112,-13,984
12003,4591,A05,0,A00,A0,A0,E0,0,0,2000,2,,,0,,,276
12005,4591,A05,0,A00,A0,A0,E0,0,0,2000,2,186,243,186,128,58,1350
12007,4591,A05,0,A00,A0,A0,E0,0,0,2000,2,,,0,0,,587
12009,4591,A05,0,A00,A0,A0,E0,0,0,2000,2,635,483,125,277,-152,2721
12011,4591,A05,0,A00,A0,A0,E0,0,0,2000,2,3194,3203,991,981,9,1827
12015,4591,A05,0,A00,A0,A0,E0,0,0,2000,2,103,91,17,29,-13,1482
12017,4591,A05,0,A00,A0,A0,E0,0,0,2000,2,46,45,14,15,-1,1210
12019,4591,A05,0,A00,A0,A0,E0,0,0,2000,2,142,144,42,41,1,1335
12021,4591,A05,0,A00,A0,A0,E0,0,0,2000,2,325,297,71,99,-27,1462
12023,4591,A05,0,A00,A0,A0,E0,0,0,2000,2,16,24,18,10,8,2128
12027,4591,A05,0,A00,A0,A0,E0,0,0,2000,2,,,0,,,369
12031,4591,A05,0,A00,A0,A0,E0,0,0,2000,2,1134,1140,405,399,6,1231
12033,4591,A05,0,A00,A0,A0,E0,0,0,2000,2,528,531,176,173,3,1179
12035,4591,A05,0,A00,A0,A0,E0,0,0,2000,2,0,,,0,,
12037,4591,A05,0,A00,A0,A0,E0,0,0,2000,2,6,5,,4,-1,1326
12039,4591,A05,0,A00,A0,A0,E0,0,0,2000,2,,,0,,,1101
12043,4591,A05,0,A00,A0,A0,E0,0,0,2000,2,0,0,,,0,
12045,4591,A05,0,A00,A0,A0,E0,0,0,2000,2,,,,,,634
12049,4591,A05,0,A00,A0,A0,E0,0,0,2000,2,,,0,,,593
12053,4591,A05,0,A00,A0,A0,E0,0,0,2000,2,52,58,23,16,6,1065
12055,4591,A05,0,A00,A0,A0,E0,0,0,2000,2,44,42,15,17,-2,1166
12057,4591,A05,0,A00,A0,A0,E0,0,0,2000,2,1145,1170,432,407,25,1419
12059,4591,A05,0,A00,A0,A0,E0,0,0,2000,2,,,0,,,1043
12061,4591,A05,0,A00,A0,A0,E0,0,0,2000,2,132,121,38,49,-11,1426
12063,4591,A05,0,A00,A0,A0,E0,0,0,2000,2,21,19,5,7,-2,2219
12067,4591,A05,0,A00,A0,A0,E0,0,0,2000,2,,,,,,781
12069,4591,A05,0,A00,A0,A0,E0,0,0,2000,2,123,131,39,30,9,1868
12071,4591,A05,0,A00,A0,A0,E0,0,0,2000,2,779,733,186,232,-46,1334
12073,4591,A05,0,A00,A0,A0,E0,0,0,2000,2,351,371,106,87,20,1458
12075,4591,A05,0,A00,A0,A0,E0,0,0,2000,2,,,,,,1518
12077,4591,A05,0,A00,A0,A0,E0,0,0,2000,2,,,,,,1519
12079,4591,A05,0,A00,A0,A0,E0,0,0,2000,2,7,8,,0,1,981
12081,4591,A05,0,A00,A0,A0,E0,0,0,2000,2,355,376,123,102,21,884
12083,4591,A05,0,A00,A0,A0,E0,0,0,2000,2,157,146,48,59,-11,1185
12085,4591,A05,0,A00,A0,A0,E0,0,0,2000,2,268,246,74,96,-22,1394
12086,4591,A05,0,A00,A0,A0,E0,0,0,2000,2,2866,2812,730,784,-54,1457
12087,4591,A05,0,A00,A0,A0,E0,0,0,2000,2,374,397,171,148,23,1525
12089,4591,A05,0,A00,A0,A0,E0,0,0,2000,2,7,11,9,5,4,1619
12091,4591,A05,0,A00,A0,A0,E0,0,0,2000,2,244,583,474,135,339,1164
12095,4591,A05,0,A00,A0,A0,E0,0,0,2000,2,1723,1749,618,592,26,1331
12097,4591,A05,0,A00,A0,A0,E0,0,0,2000,2,180,182,46,44,2,1202
12099,4591,A05,0,A00,A0,A0,E0,0,0,2000,2,1533,1511,407,429,-22,1577
12101,4591,A05,0,A00,A0,A0,E0,0,0,2000,2,289,289,98,98,0,1176
12103,4591,A05,0,A00,A0,A0,E0,0,0,2000,2,1285,1286,464,463,1,1589
12105,4591,A05,0,A00,A0,A0,E0,0,0,2000,2,610,597,195,208,-13,1305
12107,4591,A05,0,A00,A0,A0,E0,0,0,2000,2,30,29,6,7,-1,991
12109,4591,A05,0,A00,A0,A0,E0,0,0,2000,2,87,86,31,32,-1,1383
12111,4591,A05,0,A00,A0,A0,E0,0,0,2000,2,74,75,31,31,1,1299
12113,4591,A05,0,A00,A0,A0,E0,0,0,2000,2,55,58,15,13,2,923
12115,4591,A05,0,A00,A0,A0,E0,0,0,2000,2,540,510,141,172,-30,1485
12117,4591,A05,0,A00,A0,A0,E0,0,0,2000,2,696,698,196,194,2,1261
12119,4591,A05,0,A00,A0,A0,E0,0,0,2000,2,16,16,,3,0,1232
12121,4591,A05,0,A00,A0,A0,E0,0,0,2000,2,15,18,3,0,3,1107
12123,4591,A05,0,A00,A0,A0,E0,0,0,2000,2,,,,,,802
12127,4591,A05,0,A00,A0,A0,E0,0,0,2000,2,284,297,90,76,14,1270
12129,4591,A05,0,A00,A0,A0,E0,0,0,2000,2,12,11,9,10,-1,1278
12131,4591,A05,0,A00,A0,A0,E0,0,0,2000,2,42,51,22,12,9,913
12133,4591,A05,0,A00,A0,A0,E0,0,0,2000,2,,,,,,380
12,4591,A05,0,A00,A0,A0,E0,0,0,2000,2,21520,21624,7707,7603,104,1486
12001,4591,A05,0,A00,A0,A0,E0,0,0,2000,3,319,336,116,98,17,992
12003,4591,A05,0,A00,A0,A0,E0,0,0,2000,3,,,,,,738
12005,4591,A05,0,A00,A0,A0,E0,0,0,2000,3,243,238,75,80,-6,1345
12007,4591,A05,0,A00,A0,A0,E0,0,0,2000,3,,,0,0,,469
12009,4591,A05,0,A00,A0,A0,E0,0,0,2000,3,477,517,163,122,41,1275
12011,4591,A05,0,A00,A0,A0,E0,0,0,2000,3,3509,3908,1636,1238,399,1714
12015,4591,A05,0,A00,A0,A0,E0,0,0,2000,3,93,102,32,23,9,1627
12017,4591,A05,0,A00,A0,A0,E0,0,0,2000,3,45,45,12,12,0,1122
12019,4591,A05,0,A00,A0,A0,E0,0,0,2000,3,143,143,51,52,-1,1232
12021,4591,A05,0,A00,A0,A0,E0,0,0,2000,3,297,290,67,74,-7,1473
12023,4591,A05,0,A00,A0,A0,E0,0,0,2000,3,24,22,8,9,-1,1998
12027,4591,A05,0,A00,A0,A0,E0,0,0,2000,3,,,0,0,,339
12031,4591,A05,0,A00,A0,A0,E0,0,0,2000,3,1140,1289,605,457,149,1216
12033,4591,A05,0,A00,A0,A0,E0,0,0,2000,3,531,535,204,201,4,1191
12035,4591,A05,0,A00,A0,A0,E0,0,0,2000,3,,,0,0,,958
12037,4591,A05,0,A00,A0,A0,E0,0,0,2000,3,5,6,,,1,1942
12039,4591,A05,0,A00,A0,A0,E0,0,0,2000,3,,,,,,375
12043,4591,A05,0,A00,A0,A0,E0,0,0,2000,3,0,,,0,,
12045,4591,A05,0,A00,A0,A0,E0,0,0,2000,3,,,,,,474
12049,4591,A05,0,A00,A0,A0,E0,0,0,2000,3,,,,0,,736
12051,4591,A05,0,A00,A0,A0,E0,0,0,2000,3,0,,,0,,
12053,4591,A05,0,A00,A0,A0,E0,0,0,2000,3,58,59,27,27,1,998
12055,4591,A05,0,A00,A0,A0,E0,0,0,2000,3,42,47,21,16,5,1130
12057,4591,A05,0,A00,A0,A0,E0,0,0,2000,3,1171,1214,483,440,43,1333
12059,4591,A05,0,A00,A0,A0,E0,0,0,2000,3,,0,,,,1148
12061,4591,A05,0,A00,A0,A0,E0,0,0,2000,3,115,120,44,39,4,1312
12063,4591,A05,0,A00,A0,A0,E0,0,0,2000,3,,,0,,,180
12067,4591,A05,0,A00,A0,A0,E0,0,0,2000,3,,,,,,1084
12069,4591,A05,0,A00,A0,A0,E0,0,0,2000,3,131,129,28,31,-2,1810
12071,4591,A05,0,A00,A0,A0,E0,0,0,2000,3,735,706,189,218,-29,1306
12073,4591,A05,0,A00,A0,A0,E0,0,0,2000,3,371,374,136,133,4,1374
12075,4591,A05,0,A00,A0,A0,E0,0,0,2000,3,,,,,,907
12077,4591,A05,0,A00,A0,A0,E0,0,0,2000,3,,,,,,880
12079,4591,A05,0,A00,A0,A0,E0,0,0,2000,3,8,8,0,0,0,1063
12081,4591,A05,0,A00,A0,A0,E0,0,0,2000,3,375,435,197,137,60,1342
12083,4591,A05,0,A00,A0,A0,E0,0,0,2000,3,146,149,38,35,3,1221
12085,4591,A05,0,A00,A0,A0,E0,0,0,2000,3,250,257,79,72,7,1320
12086,4591,A05,0,A00,A0,A0,E0,0,0,2000,3,2813,2922,882,773,109,1498
12087,4591,A05,0,A00,A0,A0,E0,0,0,2000,3,397,352,125,169,-44,1507
12089,4591,A05,0,A00,A0,A0,E0,0,0,2000,3,11,15,9,5,4,1638
12091,4591,A05,0,A00,A0,A0,E0,0,0,2000,3,583,649,184,118,66,1534
12093,4591,A05,0,A00,A0,A0,E0,0,0,2000,3,0,,,0,,
12095,4591,A05,0,A00,A0,A0,E0,0,0,2000,3,1772,1904,794,662,132,1325
12097,4591,A05,0,A00,A0,A0,E0,0,0,2000,3,182,171,45,56,-11,1183
12099,4591,A05,0,A00,A0,A0,E0,0,0,2000,3,1481,1529,472,425,47,1446
12101,4591,A05,0,A00,A0,A0,E0,0,0,2000,3,232,224,50,58,-8,1134
12103,4591,A05,0,A00,A0,A0,E0,0,0,2000,3,1291,1327,411,375,36,1551
12105,4591,A05,0,A00,A0,A0,E0,0,0,2000,3,597,606,196,187,9,1290
12107,4591,A05,0,A00,A0,A0,E0,0,0,2000,3,29,26,9,11,-3,991
12109,4591,A05,0,A00,A0,A0,E0,0,0,2000,3,86,86,19,19,0,1282
12111,4591,A05,0,A00,A0,A0,E0,0,0,2000,3,63,70,21,15,6,1234
12113,4591,A05,0,A00,A0,A0,E0,0,0,2000,3,58,56,16,18,-2,1061
12115,4591,A05,0,A00,A0,A0,E0,0,0,2000,3,510,510,152,152,0,1454
12117,4591,A05,0,A00,A0,A0,E0,0,0,2000,3,700,733,251,218,33,1298
12119,4591,A05,0,A00,A0,A0,E0,0,0,2000,3,16,15,,3,-1,1213
12121,4591,A05,0,A00,A0,A0,E0,0,0,2000,3,18,16,7,9,-2,1347
12123,4591,A05,0,A00,A0,A0,E0,0,0,2000,3,,,,,,747
12127,4591,A05,0,A00,A0,A0,E0,0,0,2000,3,291,297,86,80,6,1198
12129,4591,A05,0,A00,A0,A0,E0,0,0,2000,3,11,7,0,3,-3,1525
12131,4591,A05,0,A00,A0,A0,E0,0,0,2000,3,51,41,16,27,-11,844
12133,4591,A05,0,A00,A0,A0,E0,0,0,2000,3,,,,,,407
12,4591,A05,0,A00,A0,A0,E0,0,0,2000,3,21467,22537,7995,6925,1070,1425
12001,4591,A05,0,A00,A0,A0,E0,0,0,2000,4,351,370,152,133,18,1156
12003,4591,A05,0,A00,A0,A0,E0,0,0,2000,4,,,,,,378
12005,4591,A05,0,A00,A0,A0,E0,0,0,2000,4,238,248,115,104,11,1480
12007,4591,A05,0,A00,A0,A0,E0,0,0,2000,4,,,0,,,397
12009,4591,A05,0,A00,A0,A0,E0,0,0,2000,4,518,713,451,255,196,1392
12011,4591,A05,0,A00,A0,A0,E0,0,0,2000,4,3874,4218,1969,1626,343,1787
12015,4591,A05,0,A00,A0,A0,E0,0,0,2000,4,102,117,65,50,15,1756
12017,4591,A05,0,A00,A0,A0,E0,0,0,2000,4,45,38,12,19,-7,1300
12019,4591,A05,0,A00,A0,A0,E0,0,0,2000,4,143,186,165,122,43,1261
12021,4591,A05,0,A00,A0,A0,E0,0,0,2000,4,294,345,177,127,50,1652
12023,4591,A05,0,A00,A0,A0,E0,0,0,2000,4,22,27,9,4,5,1629
12027,4591,A05,0,A00,A0,A0,E0,0,0,2000,4,,,0,0,,515
12031,4591,A05,0,A00,A0,A0,E0,0,0,2000,4,1282,1352,786,715,71,1310
12033,4591,A05,0,A00,A0,A0,E0,0,0,2000,4,535,606,400,330,70,1170
12035,4591,A05,0,A00,A0,A0,E0,0,0,2000,4,,,0,0,,831
12037,4591,A05,0,A00,A0,A0,E0,0,0,2000,4,6,4,,,-2,1016
12039,4591,A05,0,A00,A0,A0,E0,0,0,2000,4,,,,,,784
12043,4591,A05,0,A00,A0,A0,E0,0,0,2000,4,,,0,0,,1477
12045,4591,A05,0,A00,A0,A0,E0,0,0,2000,4,,,,,,639
12049,4591,A05,0,A00,A0,A0,E0,0,0,2000,4,,,,0,,755
12053,4591,A05,0,A00,A0,A0,E0,0,0,2000,4,60,61,23,21,1,1166
12055,4591,A05,0,A00,A0,A0,E0,0,0,2000,4,43,46,20,18,2,1118
12057,4591,A05,0,A00,A0,A0,E0,0,0,2000,4,1210,1472,1098,836,262,1424
12061,4591,A05,0,A00,A0,A0,E0,0,0,2000,4,115,120,58,53,5,1802
12063,4591,A05,0,A00,A0,A0,E0,0,0,2000,4,,,,0,,40
12067,4591,A05,0,A00,A0,A0,E0,0,0,2000,4,,,,0,,1358
12069,4591,A05,0,A00,A0,A0,E0,0,0,2000,4,151,149,41,43,-2,1952
12071,4591,A05,0,A00,A0,A0,E0,0,0,2000,4,694,802,308,200,108,1478
12073,4591,A05,0,A00,A0,A0,E0,0,0,2000,4,375,423,219,171,48,1415
12075,4591,A05,0,A00,A0,A0,E0,0,0,2000,4,,,,,,932
12077,4591,A05,0,A00,A0,A0,E0,0,0,2000,4,,,0,,,1311
12079,4591,A05,0,A00,A0,A0,E0,0,0,2000,4,8,8,0,0,0,1039
12081,4591,A05,0,A00,A0,A0,E0,0,0,2000,4,433,537,306,202,104,1367
12083,4591,A05,0,A00,A0,A0,E0,0,0,2000,4,149,191,112,69,42,1314
12085,4591,A05,0,A00,A0,A0,E0,0,0,2000,4,253,286,144,112,33,1360
12086,4591,A05,0,A00,A0,A0,E0,0,0,2000,4,2888,3380,1904,1412,492,1599
12087,4591,A05,0,A00,A0,A0,E0,0,0,2000,4,354,345,106,116,-9,1641
12089,4591,A05,0,A00,A0,A0,E0,0,0,2000,4,15,15,5,5,0,1448
12091,4591,A05,0,A00,A0,A0,E0,0,0,2000,4,648,671,116,93,24,1963
12093,4591,A05,0,A00,A0,A0,E0,0,0,2000,4,,,,,,794
12095,4591,A05,0,A00,A0,A0,E0,0,0,2000,4,1948,2196,1240,991,248,1387
12097,4591,A05,0,A00,A0,A0,E0,0,0,2000,4,171,185,66,52,14,1074
12099,4591,A05,0,A00,A0,A0,E0,0,0,2000,4,1558,1712,810,656,154,1616
12101,4591,A05,0,A00,A0,A0,E0,0,0,2000,4,244,269,125,100,25,1222
12103,4591,A05,0,A00,A0,A0,E0,0,0,2000,4,1329,1455,600,474,126,1656
12105,4591,A05,0,A00,A0,A0,E0,0,0,2000,4,610,697,354,266,87,1298
12107,4591,A05,0,A00,A0,A0,E0,0,0,2000,4,26,28,6,3,2,1285
12109,4591,A05,0,A00,A0,A0,E0,0,0,2000,4,86,92,49,43,6,1259
12111,4591,A05,0,A00,A0,A0,E0,0,0,2000,4,67,68,26,25,1,1269
12113,4591,A05,0,A00,A0,A0,E0,0,0,2000,4,57,54,12,15,-3,949
12115,4591,A05,0,A00,A0,A0,E0,0,0,2000,4,505,553,217,168,48,1640
12117,4591,A05,0,A00,A0,A0,E0,0,0,2000,4,726,784,390,332,58,1316
12119,4591,A05,0,A00,A0,A0,E0,0,0,2000,4,8,10,,0,2,1021
12121,4591,A05,0,A00,A0,A0,E0,0,0,2000,4,16,15,8,10,-2,1082
12123,4591,A05,0,A00,A0,A0,E0,0,0,2000,4,,,,,,757
12127,4591,A05,0,A00,A0,A0,E0,0,0,2000,4,297,318,150,129,21,1309
12129,4591,A05,0,A00,A0,A0,E0,0,0,2000,4,,,,,,2167
12131,4591,A05,0,A00,A0,A0,E0,0,0,2000,4,41,54,35,22,14,1053
12133,4591,A05,0,A00,A0,A0,E0,0,0,2000,4,,,,,,483
12,4591,A05,0,A00,A0,A0,E0,0,0,2000,4,22552,25274,12871,10149,2722,1528
12001,4591,A05,0,A00,A0,A0,E0,0,0,2001,1,384,326,83,141,-58,990
12003,4591,A05,0,A00,A0,A0,E0,0,0,2001,1,,,0,0,,651
12005,4591,A05,0,A00,A0,A0,E0,0,0,2001,1,243,222,53,73,-20,1320
12007,4591,A05,0,A00,A0,A0,E0,0,0,2001,1,,,,0,,361
12009,4591,A05,0,A00,A0,A0,E0,0,0,2001,1,707,620,104,191,-87,1124
12011,4591,A05,0,A00,A0,A0,E0,0,0,2001,1,4027,3616,802,1213,-411,1507
12015,4591,A05,0,A00,A0,A0,E0,0,0,2001,1,117,100,17,34,-17,1301
12017,4591,A05,0,A00,A0,A0,E0,0,0,2001,1,39,38,11,11,-1,1190
12019,4591,A05,0,A00,A0,A0,E0,0,0,2001,1,185,157,40,69,-28,853
12021,4591,A05,0,A00,A0,A0,E0,0,0,2001,1,344,323,80,101,-21,1538
12023,4591,A05,0,A00,A0,A0,E0,0,0,2001,1,29,25,,6,-4,1630
12027,4591,A05,0,A00,A0,A0,E0,0,0,2001,1,,,,0,,561
12031,4591,A05,0,A00,A0,A0,E0,0,0,2001,1,1405,1214,260,451,-191,1114
12033,4591,A05,0,A00,A0,A0,E0,0,0,2001,1,616,484,119,252,-132,934
12035,4591,A05,0,A00,A0,A0,E0,0,0,2001,1,,,,,,931
12037,4591,A05,0,A00,A0,A0,E0,0,0,2001,1,,,0,0,,956
12039,4591,A05,0,A00,A0,A0,E0,0,0,2001,1,,,,,,885
12043,4591,A05,0,A00,A0,A0,E0,0,0,2001,1,,,0,0,,1477
12045,4591,A05,0,A00,A0,A0,E0,0,0,2001,1,,,,,,447
12049,4591,A05,0,A00,A0,A0,E0,0,0,2001,1,,,0,,,888
12053,4591,A05,0,A00,A0,A0,E0,0,0,2001,1,52,56,12,8,3,1096
12055,4591,A05,0,A00,A0,A0,E0,0,0,2001,1,50,50,15,15,0,1168
12057,4591,A05,0,A00,A0,A0,E0,0,0,2001,1,1529,1337,368,561,-193,1142
12061,4591,A05,0,A00,A0,A0,E0,0,0,2001,1,110,117,44,38,7,1455
12063,4591,A05,0,A00,A0,A0,E0,0,0,2001,1,,,0,0,,155
12067,4591,A05,0,A00,A0,A0,E0,0,0,2001,1,,,,,,1183
12069,4591,A05,0,A00,A0,A0,E0,0,0,2001,1,140,139,35,36,-1,1860
12071,4591,A05,0,A00,A0,A0,E0,0,0,2001,1,757,710,149,196,-47,1328
12073,4591,A05,0,A00,A0,A0,E0,0,0,2001,1,493,486,196,203,-7,1412
12075,4591,A05,0,A00,A0,A0,E0,0,0,2001,1,,,,,,1364
12077,4591,A05,0,A00,A0,A0,E0,0,0,2001,1,,,0,0,,1600
12079,4591,A05,0,A00,A0,A0,E0,0,0,2001,1,8,10,,0,1,1035
12081,4591,A05,0,A00,A0,A0,E0,0,0,2001,1,538,470,89,157,-68,1126
12083,4591,A05,0,A00,A0,A0,E0,0,0,2001,1,195,153,25,66,-41,1004
12085,4591,A05,0,A00,A0,A0,E0,0,0,2001,1,387,259,92,220,-128,1399
12086,4591,A05,0,A00,A0,A0,E0,0,0,2001,1,3469,3056,761,1174,-413,1260
12087,4591,A05,0,A00,A0,A0,E0,0,0,2001,1,369,343,92,119,-27,1608
12089,4591,A05,0,A00,A0,A0,E0,0,0,2001,1,15,17,4,,2,1399
12091,4591,A05,0,A00,A0,A0,E0,0,0,2001,1,672,651,84,106,-22,1637
12093,4591,A05,0,A00,A0,A0,E0,0,0,2001,1,,,0,0,,1529
12095,4591,A05,0,A00,A0,A0,E0,0,0,2001,1,2258,1887,390,760,-371,1158
12097,4591,A05,0,A00,A0,A0,E0,0,0,2001,1,181,159,41,62,-22,976
12099,4591,A05,0,A00,A0,A0,E0,0,0,2001,1,1676,1515,346,508,-162,1444
12101,4591,A05,0,A00,A0,A0,E0,0,0,2001,1,256,227,53,82,-29,1011
12103,4591,A05,0,A00,A0,A0,E0,0,0,2001,1,1313,1236,257,334,-77,1523
12105,4591,A05,0,A00,A0,A0,E0,0,0,2001,1,706,616,168,258,-90,1196
12107,4591,A05,0,A00,A0,A0,E0,0,0,2001,1,25,25,6,6,0,1147
12109,4591,A05,0,A00,A0,A0,E0,0,0,2001,1,99,93,35,40,-5,979
12111,4591,A05,0,A00,A0,A0,E0,0,0,2001,1,77,79,29,27,1,1181
12113,4591,A05,0,A00,A0,A0,E0,0,0,2001,1,54,63,21,11,9,1205
12115,4591,A05,0,A00,A0,A0,E0,0,0,2001,1,551,547,120,125,-5,1401
12117,4591,A05,0,A00,A0,A0,E0,0,0,2001,1,825,712,136,249,-113,1154
12119,4591,A05,0,A00,A0,A0,E0,0,0,2001,1,8,8,,,0,566
12121,4591,A05,0,A00,A0,A0,E0,0,0,2001,1,27,30,18,15,3,919
12123,4591,A05,0,A00,A0,A0,E0,0,0,2001,1,,,0,,,793
12127,4591,A05,0,A00,A0,A0,E0,0,0,2001,1,323,292,58,89,-31,1005
12129,4591,A05,0,A00,A0,A0,E0,0,0,2001,1,7,7,3,4,0,1414
12131,4591,A05,0,A00,A0,A0,E0,0,0,2001,1,54,40,19,33,-14,866
12133,4591,A05,0,A00,A0,A0,E0,0,0,2001,1,,,0,0,,746
12,4591,A05,0,A00,A0,A0,E0,0,0,2001,1,25371,22566,5257,8062,-2806,1294
12001,4591,A05,0,A00,A0,A0,E0,0,0,2001,2,316,294,66,87,-22,1120
12003,4591,A05,0,A00,A0,A0,E0,0,0,2001,2,,,0,0,,532
12005,4591,A05,0,A00,A0,A0,E0,0,0,2001,2,222,223,72,71,1,1498
12007,4591,A05,0,A00,A0,A0,E0,0,0,2001,2,,,,0,,333
12009,4591,A05,0,A00,A0,A0,E0,0,0,2001,2,620,583,119,156,-37,1338
12011,4591,A05,0,A00,A0,A0,E0,0,0,2001,2,3644,3565,931,1010,-79,1707
12015,4591,A05,0,A00,A0,A0,E0,0,0,2001,2,100,91,23,31,-8,1678
12017,4591,A05,0,A00,A0,A0,E0,0,0,2001,2,38,42,14,10,5,1193
12019,4591,A05,0,A00,A0,A0,E0,0,0,2001,2,158,164,55,50,6,1410
12021,4591,A05,0,A00,A0,A0,E0,0,0,2001,2,325,313,86,98,-12,1620
12023,4591,A05,0,A00,A0,A0,E0,0,0,2001,2,25,28,6,,4,1566
12027,4591,A05,0,A00,A0,A0,E0,0,0,2001,2,,0,0,,,696
12031,4591,A05,0,A00,A0,A0,E0,0,0,2001,2,1214,1215,398,398,0,1285
12033,4591,A05,0,A00,A0,A0,E0,0,0,2001,2,484,486,162,159,3,1166
12035,4591,A05,0,A00,A0,A0,E0,0,0,2001,2,4,5,3,,1,732
12037,4591,A05,0,A00,A0,A0,E0,0,0,2001,2,,,0,,,1457
12039,4591,A05,0,A00,A0,A0,E0,0,0,2001,2,,,,,,592
12043,4591,A05,0,A00,A0,A0,E0,0,0,2001,2,,,0,0,,1477
12045,4591,A05,0,A00,A0,A0,E0,0,0,2001,2,,,0,,,593
12049,4591,A05,0,A00,A0,A0,E0,0,0,2001,2,,,0,0,,953
12053,4591,A05,0,A00,A0,A0,E0,0,0,2001,2,56,55,16,16,-1,1055
12055,4591,A05,0,A00,A0,A0,E0,0,0,2001,2,50,53,15,12,3,1209
12057,4591,A05,0,A00,A0,A0,E0,0,0,2001,2,1332,1366,479,446,34,1401
12061,4591,A05,0,A00,A0,A0,E0,0,0,2001,2,119,131,48,36,12,1477
12063,4591,A05,0,A00,A0,A0,E0,0,0,2001,2,,,,,,365
12067,4591,A05,0,A00,A0,A0,E0,0,0,2001,2,,,0,,,1172
12069,4591,A05,0,A00,A0,A0,E0,0,0,2001,2,139,137,36,38,-2,1991
12071,4591,A05,0,A00,A0,A0,E0,0,0,2001,2,710,674,153,188,-35,1483
12073,4591,A05,0,A00,A0,A0,E0,0,0,2001,2,486,459,154,181,-26,1279
12075,4591,A05,0,A00,A0,A0,E0,0,0,2001,2,3,6,6,3,3,1174
12077,4591,A05,0,A00,A0,A0,E0,0,0,2001,2,,,,,,1699
12079,4591,A05,0,A00,A0,A0,E0,0,0,2001,2,10,8,0,,-1,910
12081,4591,A05,0,A00,A0,A0,E0,0,0,2001,2,475,459,113,129,-15,1541
12083,4591,A05,0,A00,A0,A0,E0,0,0,2001,2,153,143,30,41,-10,1086
12085,4591,A05,0,A00,A0,A0,E0,0,0,2001,2,260,246,62,77,-14,1287
12086,4591,A05,0,A00,A0,A0,E0,0,0,2001,2,3061,2973,800,887,-88,1550
12087,4591,A05,0,A00,A0,A0,E0,0,0,2001,2,343,346,147,144,3,1691
12089,4591,A05,0,A00,A0,A0,E0,0,0,2001,2,17,20,6,3,3,1438
12091,4591,A05,0,A00,A0,A0,E0,0,0,2001,2,651,660,107,98,9,1914
12093,4591,A05,0,A00,A0,A0,E0,0,0,2001,2,,,0,0,,1529
12095,4591,A05,0,A00,A0,A0,E0,0,0,2001,2,1880,1897,563,546,18,1402
12097,4591,A05,0,A00,A0,A0,E0,0,0,2001,2,159,155,42,47,-4,1401
12099,4591,A05,0,A00,A0,A0,E0,0,0,2001,2,1511,1451,432,492,-60,1664
12101,4591,A05,0,A00,A0,A0,E0,0,0,2001,2,227,221,55,61,-6,1315
12103,4591,A05,0,A00,A0,A0,E0,0,0,2001,2,1237,1267,333,303,30,1745
12105,4591,A05,0,A00,A0,A0,E0,0,0,2001,2,615,583,218,250,-32,1327
12107,4591,A05,0,A00,A0,A0,E0,0,0,2001,2,25,26,10,9,1,1108
12109,4591,A05,0,A00,A0,A0,E0,0,0,2001,2,93,102,40,32,8,1066
12111,4591,A05,0,A00,A0,A0,E0,0,0,2001,2,79,85,32,26,6,1262
12113,4591,A05,0,A00,A0,A0,E0,0,0,2001,2,64,56,14,22,-8,1113
12115,4591,A05,0,A00,A0,A0,E0,0,0,2001,2,548,528,137,157,-20,1510
12117,4591,A05,0,A00,A0,A0,E0,0,0,2001,2,687,717,192,162,30,1319
12119,4591,A05,0,A00,A0,A0,E0,0,0,2001,2,8,9,,,0,825
12121,4591,A05,0,A00,A0,A0,E0,0,0,2001,2,30,35,18,14,5,952
12123,4591,A05,0,A00,A0,A0,E0,0,0,2001,2,,,,,,945
12127,4591,A05,0,A00,A0,A0,E0,0,0,2001,2,292,296,71,67,3,1219
12129,4591,A05,0,A00,A0,A0,E0,0,0,2001,2,7,8,3,,1,1665
12131,4591,A05,0,A00,A0,A0,E0,0,0,2001,2,40,55,33,18,14,1158
12133,4591,A05,0,A00,A0,A0,E0,0,0,2001,2,,,,,,660
12,4591,A05,0,A00,A0,A0,E0,0,0,2001,2,22562,22293,6335,6604,-269,1507
12001,4591,A05,0,A00,A0,A0,E0,0,0,2001,3,294,296,88,85,3,1123
12003,4591,A05,0,A00,A0,A0,E0,0,0,2001,3,,,,,,763
12005,4591,A05,0,A00,A0,A0,E0,0,0,2001,3,223,206,64,81,-17,1411
12007,4591,A05,0,A00,A0,A0,E0,0,0,2001,3,,,0,0,,310
12009,4591,A05,0,A00,A0,A0,E0,0,0,2001,3,582,600,125,108,18,1283
12011,4591,A05,0,A00,A0,A0,E0,0,0,2001,3,3573,3556,969,986,-17,1661
12015,4591,A05,0,A00,A0,A0,E0,0,0,2001,3,91,96,23,18,4,1552
12017,4591,A05,0,A00,A0,A0,E0,0,0,2001,3,42,46,12,8,4,1011
12019,4591,A05,0,A00,A0,A0,E0,0,0,2001,3,163,159,44,47,-4,1310
12021,4591,A05,0,A00,A0,A0,E0,0,0,2001,3,316,325,83,75,8,1495
12023,4591,A05,0,A00,A0,A0,E0,0,0,2001,3,28,26,10,12,-2,1464
12027,4591,A05,0,A00,A0,A0,E0,0,0,2001,3,0,0,,,0,
12031,4591,A05,0,A00,A0,A0,E0,0,0,2001,3,1231,1336,547,442,105,1228
12033,4591,A05,0,A00,A0,A0,E0,0,0,2001,3,487,518,159,128,31,1262
12035,4591,A05,0,A00,A0,A0,E0,0,0,2001,3,5,7,4,,2,835
12037,4591,A05,0,A00,A0,A0,E0,0,0,2001,3,,,,,,1628
12039,4591,A05,0,A00,A0,A0,E0,0,0,2001,3,,,,,,979
12043,4591,A05,0,A00,A0,A0,E0,0,0,2001,3,,,0,0,,1477
12045,4591,A05,0,A00,A0,A0,E0,0,0,2001,3,,,0,0,,723
12049,4591,A05,0,A00,A0,A0,E0,0,0,2001,3,,,,,,669
12053,4591,A05,0,A00,A0,A0,E0,0,0,2001,3,55,56,8,7,1,1066
12055,4591,A05,0,A00,A0,A0,E0,0,0,2001,3,52,50,14,16,-3,1225
12057,4591,A05,0,A00,A0,A0,E0,0,0,2001,3,1366,1402,499,463,36,1319
12061,4591,A05,0,A00,A0,A0,E0,0,0,2001,3,128,139,49,37,12,1469
12063,4591,A05,0,A00,A0,A0,E0,0,0,2001,3,,,,,,1190
12067,4591,A05,0,A00,A0,A0,E0,0,0,2001,3,,,,,,2167
12069,4591,A05,0,A00,A0,A0,E0,0,0,2001,3,137,144,44,37,7,1810
12071,4591,A05,0,A00,A0,A0,E0,0,0,2001,3,674,674,159,159,0,1447
12073,4591,A05,0,A00,A0,A0,E0,0,0,2001,3,451,457,172,167,6,1305
12075,4591,A05,0,A00,A0,A0,E0,0,0,2001,3,,,,,,617
12077,4591,A05,0,A00,A0,A0,E0,0,0,2001,3,,,,,,1119
12079,4591,A05,0,A00,A0,A0,E0,0,0,2001,3,8,7,,,-1,953
12081,4591,A05,0,A00,A0,A0,E0,0,0,2001,3,459,468,124,116,9,1367
12083,4591,A05,0,A00,A0,A0,E0,0,0,2001,3,143,144,38,37,1,1145
12085,4591,A05,0,A00,A0,A0,E0,0,0,2001,3,242,234,57,66,-9,1233
12086,4591,A05,0,A00,A0,A0,E0,0,0,2001,3,2965,3049,870,787,84,1497
12087,4591,A05,0,A00,A0,A0,E0,0,0,2001,3,346,318,100,127,-27,1733
12089,4591,A05,0,A00,A0,A0,E0,0,0,2001,3,20,14,6,11,-6,1545
12091,4591,A05,0,A00,A0,A0,E0,0,0,2001,3,660,648,93,105,-12,1689
12093,4591,A05,0,A00,A0,A0,E0,0,0,2001,3,,0,0,,,1318
12095,4591,A05,0,A00,A0,A0,E0,0,0,2001,3,1895,1904,571,561,9,1359
12097,4591,A05,0,A00,A0,A0,E0,0,0,2001,3,155,154,43,44,-1,1093
12099,4591,A05,0,A00,A0,A0,E0,0,0,2001,3,1451,1470,426,407,19,1639
12101,4591,A05,0,A00,A0,A0,E0,0,0,2001,3,221,217,48,52,-4,1263
12103,4591,A05,0,A00,A0,A0,E0,0,0,2001,3,1262,1245,319,335,-16,1684
12105,4591,A05,0,A00,A0,A0,E0,0,0,2001,3,620,592,181,209,-28,1197
12107,4591,A05,0,A00,A0,A0,E0,0,0,2001,3,26,23,8,11,-3,1071
12109,4591,A05,0,A00,A0,A0,E0,0,0,2001,3,101,102,29,28,1,1039
12111,4591,A05,0,A00,A0,A0,E0,0,0,2001,3,92,101,45,36,9,1264
12113,4591,A05,0,A00,A0,A0,E0,0,0,2001,3,56,52,20,24,-5,1258
12115,4591,A05,0,A00,A0,A0,E0,0,0,2001,3,528,518,135,144,-9,1412
12117,4591,A05,0,A00,A0,A0,E0,0,0,2001,3,718,684,191,225,-34,1318
12119,4591,A05,0,A00,A0,A0,E0,0,0,2001,3,9,10,,,2,688
12121,4591,A05,0,A00,A0,A0,E0,0,0,2001,3,35,27,7,15,-8,1057
12123,4591,A05,0,A00,A0,A0,E0,0,0,2001,3,,,,,,895
12127,4591,A05,0,A00,A0,A0,E0,0,0,2001,3,296,313,88,70,18,1210
12129,4591,A05,0,A00,A0,A0,E0,0,0,2001,3,8,6,,4,-2,1249
12131,4591,A05,0,A00,A0,A0,E0,0,0,2001,3,55,41,22,36,-13,919
12133,4591,A05,0,A00,A0,A0,E0,0,0,2001,3,,,0,0,,1182
12,4591,A05,0,A00,A0,A0,E0,0,0,2001,3,22333,22500,6521,6354,167,1451
12001,4591,A05,0,A00,A0,A0,E0,0,0,2001,4,297,310,126,114,13,1297
12003,4591,A05,0,A00,A0,A0,E0,0,0,2001,4,,,0,0,,631
12005,4591,A05,0,A00,A0,A0,E0,0,0,2001,4,206,216,97,87,10,1636
12007,4591,A05,0,A00,A0,A0,E0,0,0,2001,4,,,,0,,333
12009,4591,A05,0,A00,A0,A0,E0,0,0,2001,4,600,626,226,199,26,1363
12011,4591,A05,0,A00,A0,A0,E0,0,0,2001,4,3566,3777,1339,1129,210,1752
12013,4591,A05,0,A00,A0,A0,E0,0,0,2001,4,0,,,0,,
12015,4591,A05,0,A00,A0,A0,E0,0,0,2001,4,96,121,62,37,25,1634
12017,4591,A05,0,A00,A0,A0,E0,0,0,2001,4,46,46,11,10,0,1343
12019,4591,A05,0,A00,A0,A0,E0,0,0,2001,4,160,193,106,73,34,1238
12021,4591,A05,0,A00,A0,A0,E0,0,0,2001,4,315,349,129,95,34,1949
12023,4591,A05,0,A00,A0,A0,E0,0,0,2001,4,26,23,4,8,-3,1494
12031,4591,A05,0,A00,A0,A0,E0,0,0,2001,4,1344,1369,572,547,25,1336
12033,4591,A05,0,A00,A0,A0,E0,0,0,2001,4,515,577,313,251,62,1275
12035,4591,A05,0,A00,A0,A0,E0,0,0,2001,4,7,6,4,5,-1,894
12037,4591,A05,0,A00,A0,A0,E0,0,0,2001,4,,,0,,,1558
12039,4591,A05,0,A00,A0,A0,E0,0,0,2001,4,,,,,,788
12043,4591,A05,0,A00,A0,A0,E0,0,0,2001,4,,,0,0,,1477
12045,4591,A05,0,A00,A0,A0,E0,0,0,2001,4,,,,,,657
12049,4591,A05,0,A00,A0,A0,E0,0,0,2001,4,,,0,0,,804
12053,4591,A05,0,A00,A0,A0,E0,0,0,2001,4,56,58,16,14,2,983
12055,4591,A05,0,A00,A0,A0,E0,0,0,2001,4,50,46,15,19,-3,1292
12057,4591,A05,0,A00,A0,A0,E0,0,0,2001,4,1403,1547,781,638,143,1420
12061,4591,A05,0,A00,A0,A0,E0,0,0,2001,4,140,156,62,46,16,1535
12063,4591,A05,0,A00,A0,A0,E0,0,0,2001,4,,,,,,1258
12067,4591,A05,0,A00,A0,A0,E0,0,0,2001,4,,,0,0,,1268
12069,4591,A05,0,A00,A0,A0,E0,0,0,2001,4,144,138,63,68,-6,1683
12071,4591,A05,0,A00,A0,A0,E0,0,0,2001,4,674,713,249,211,39,1543
12073,4591,A05,0,A00,A0,A0,E0,0,0,2001,4,444,476,225,193,32,1228
12075,4591,A05,0,A00,A0,A0,E0,0,0,2001,4,,,,,,737
12077,4591,A05,0,A00,A0,A0,E0,0,0,2001,4,,,,,,971
12079,4591,A05,0,A00,A0,A0,E0,0,0,2001,4,,,0,0,,951
12081,4591,A05,0,A00,A0,A0,E0,0,0,2001,4,474,538,199,136,64,1471
12083,4591,A05,0,A00,A0,A0,E0,0,0,2001,4,144,172,78,50,28,1155
12085,4591,A05,0,A00,A0,A0,E0,0,0,2001,4,234,248,102,88,14,1321
12086,4591,A05,0,A00,A0,A0,E0,0,0,2001,4,3078,3389,1454,1144,311,1621
12087,4591,A05,0,A00,A0,A0,E0,0,0,2001,4,318,315,102,105,-3,1667
12089,4591,A05,0,A00,A0,A0,E0,0,0,2001,4,14,14,,,0,1421
12091,4591,A05,0,A00,A0,A0,E0,0,0,2001,4,611,602,77,86,-9,1912
12095,4591,A05,0,A00,A0,A0,E0,0,0,2001,4,1898,2005,834,727,107,1480
12097,4591,A05,0,A00,A0,A0,E0,0,0,2001,4,154,148,39,46,-7,1159
12099,4591,A05,0,A00,A0,A0,E0,0,0,2001,4,1463,1573,640,530,111,1839
12101,4591,A05,0,A00,A0,A0,E0,0,0,2001,4,218,253,120,84,35,1363
12103,4591,A05,0,A00,A0,A0,E0,0,0,2001,4,1244,1301,426,369,57,1808
12105,4591,A05,0,A00,A0,A0,E0,0,0,2001,4,593,631,329,291,38,1268
12107,4591,A05,0,A00,A0,A0,E0,0,0,2001,4,23,25,11,8,2,1281
12109,4591,A05,0,A00,A0,A0,E0,0,0,2001,4,102,116,53,40,13,1114
12111,4591,A05,0,A00,A0,A0,E0,0,0,2001,4,101,97,29,32,-4,1321
12113,4591,A05,0,A00,A0,A0,E0,0,0,2001,4,52,53,15,13,1,1320
12115,4591,A05,0,A00,A0,A0,E0,0,0,2001,4,518,546,193,166,27,1644
12117,4591,A05,0,A00,A0,A0,E0,0,0,2001,4,685,748,290,227,63,1465
12119,4591,A05,0,A00,A0,A0,E0,0,0,2001,4,10,16,8,,6,723
12121,4591,A05,0,A00,A0,A0,E0,0,0,2001,4,27,26,9,11,-1,966
12123,4591,A05,0,A00,A0,A0,E0,0,0,2001,4,,,,,,966
12127,4591,A05,0,A00,A0,A0,E0,0,0,2001,4,314,343,136,107,29,1293
12129,4591,A05,0,A00,A0,A0,E0,0,0,2001,4,,,,,,1336
12131,4591,A05,0,A00,A0,A0,E0,0,0,2001,4,41,51,25,16,10,1073
12133,4591,A05,0,A00,A0,A0,E0,0,0,2001,4,,0,0,,,1002
12,4591,A05,0,A00,A0,A0,E0,0,0,2001,4,22483,24034,9592,8040,1551,1561
12001,4591,A05,0,A00,A0,A0,E0,0,0,2002,1,306,273,57,89,-32,985
12003,4591,A05,0,A00,A0,A0,E0,0,0,2002,1,,,0,0,,676
12005,4591,A05,0,A00,A0,A0,E0,0,0,2002,1,218,206,47,59,-13,1349
12007,4591,A05,0,A00,A0,A0,E0,0,0,2002,1,,,0,0,,324
12009,4591,A05,0,A00,A0,A0,E0,0,0,2002,1,637,540,85,183,-98,1183
12011,4591,A05,0,A00,A0,A0,E0,0,0,2002,1,3703,3306,623,1021,-397,1548
12013,4591,A05,0,A00,A0,A0,E0,0,0,2002,1,,,,,,1551
12015,4591,A05,0,A00,A0,A0,E0,0,0,2002,1,124,98,16,42,-26,1282
12017,4591,A05,0,A00,A0,A0,E0,0,0,2002,1,46,47,9,9,0,1082
12019,4591,A05,0,A00,A0,A0,E0,0,0,2002,1,187,154,28,61,-33,964
12021,4591,A05,0,A00,A0,A0,E0,0,0,2002,1,349,352,108,105,3,1694
12023,4591,A05,0,A00,A0,A0,E0,0,0,2002,1,23,25,6,4,2,1818
12031,4591,A05,0,A00,A0,A0,E0,0,0,2002,1,1364,1201,238,401,-163,1136
12033,4591,A05,0,A00,A0,A0,E0,0,0,2002,1,578,482,109,205,-96,1057
12035,4591,A05,0,A00,A0,A0,E0,0,0,2002,1,6,11,6,,5,881
12037,4591,A05,0,A00,A0,A0,E0,0,0,2002,1,,,,,,1672
12039,4591,A05,0,A00,A0,A0,E0,0,0,2002,1,,,,,,714
12043,4591,A05,0,A00,A0,A0,E0,0,0,2002,1,0,,,0,,
12045,4591,A05,0,A00,A0,A0,E0,0,0,2002,1,,,,,,466
12049,4591,A05,0,A00,A0,A0,E0,0,0,2002,1,,,,,,508
12053,4591,A05,0,A00,A0,A0,E0,0,0,2002,1,58,60,12,10,3,969
12055,4591,A05,0,A00,A0,A0,E0,0,0,2002,1,45,44,12,13,-1,1177
12057,4591,A05,0,A00,A0,A0,E0,0,0,2002,1,1503,1250,269,523,-254,1195
12061,4591,A05,0,A00,A0,A0,E0,0,0,2002,1,155,143,32,43,-12,1234
12063,4591,A05,0,A00,A0,A0,E0,0,0,2002,1,,,0,,,1229
12065,4591,A05,0,A00,A0,A0,E0,0,0,2002,1,0,,,0,,
12067,4591,A05,0,A00,A0,A0,E0,0,0,2002,1,,,0,0,,1214
12069,4591,A05,0,A00,A0,A0,E0,0,0,2002,1,127,127,41,41,0,1569
12071,4591,A05,0,A00,A0,A0,E0,0,0,2002,1,703,664,139,179,-40,1414
12073,4591,A05,0,A00,A0,A0,E0,0,0,2002,1,449,354,91,186,-95,1050
12075,4591,A05,0,A00,A0,A0,E0,0,0,2002,1,,,,,,764
12077,4591,A05,0,A00,A0,A0,E0,0,0,2002,1,,,0,,,920
12079,4591,A05,0,A00,A0,A0,E0,0,0,2002,1,,,0,0,,963
12081,4591,A05,0,A00,A0,A0,E0,0,0,2002,1,526,461,65,130,-66,1136
12083,4591,A05,0,A00,A0,A0,E0,0,0,2002,1,178,157,36,57,-21,1006
12085,4591,A05,0,A00,A0,A0,E0,0,0,2002,1,261,259,74,77,-2,1254
12086,4591,A05,0,A00,A0,A0,E0,0,0,2002,1,3330,2837,550,1043,-493,1294
12087,4591,A05,0,A00,A0,A0,E0,0,0,2002,1,319,348,104,76,28,1795
12089,4591,A05,0,A00,A0,A0,E0,0,0,2002,1,14,20,16,11,6,1664
12091,4591,A05,0,A00,A0,A0,E0,0,0,2002,1,591,564,67,93,-26,1641
12095,4591,A05,0,A00,A0,A0,E0,0,0,2002,1,2091,1742,417,766,-349,1237
12097,4591,A05,0,A00,A0,A0,E0,0,0,2002,1,148,156,46,38,9,1034
12099,4591,A05,0,A00,A0,A0,E0,0,0,2002,1,1579,1351,313,542,-229,1435
12101,4591,A05,0,A00,A0,A0,E0,0,0,2002,1,253,220,36,69,-33,1054
12103,4591,A05,0,A00,A0,A0,E0,0,0,2002,1,1383,1172,245,457,-212,1694
12105,4591,A05,0,A00,A0,A0,E0,0,0,2002,1,578,553,172,197,-25,1254
12107,4591,A05,0,A00,A0,A0,E0,0,0,2002,1,25,37,15,3,12,1101
12109,4591,A05,0,A00,A0,A0,E0,0,0,2002,1,133,113,31,51,-20,926
12111,4591,A05,0,A00,A0,A0,E0,0,0,2002,1,94,105,28,18,11,1318
12113,4591,A05,0,A00,A0,A0,E0,0,0,2002,1,53,65,24,13,11,1357
12115,4591,A05,0,A00,A0,A0,E0,0,0,2002,1,536,502,109,143,-34,1495
12117,4591,A05,0,A00,A0,A0,E0,0,0,2002,1,783,729,194,247,-54,1283
12119,4591,A05,0,A00,A0,A0,E0,0,0,2002,1,16,19,4,,3,816
12121,4591,A05,0,A00,A0,A0,E0,0,0,2002,1,,,,,,934
12123,4591,A05,0,A00,A0,A0,E0,0,0,2002,1,,,,,,655
12127,4591,A05,0,A00,A0,A0,E0,0,0,2002,1,340,321,69,87,-18,1102
12129,4591,A05,0,A00,A0,A0,E0,0,0,2002,1,,,,,,1236
12131,4591,A05,0,A00,A0,A0,E0,0,0,2002,1,65,72,39,32,7,914
12133,4591,A05,0,A00,A0,A0,E0,0,0,2002,1,0,,,,,
12,4591,A05,0,A00,A0,A0,E0,0,0,2002,1,23969,21233,4610,7346,-2736,1337
12001,4591,A05,0,A00,A0,A0,E0,0,0,2002,2,273,293,86,66,20,1166
12003,4591,A05,0,A00,A0,A0,E0,0,0,2002,2,,,0,0,,626
12005,4591,A05,0,A00,A0,A0,E0,0,0,2002,2,205,246,81,40,40,1577
12007,4591,A05,0,A00,A0,A0,E0,0,0,2002,2,,,0,,,412
12009,4591,A05,0,A00,A0,A0,E0,0,0,2002,2,539,512,100,127,-28,1334
12011,4591,A05,0,A00,A0,A0,E0,0,0,2002,2,3307,3239,728,796,-68,1756
12013,4591,A05,0,A00,A0,A0,E0,0,0,2002,2,,,,0,,371
12015,4591,A05,0,A00,A0,A0,E0,0,0,2002,2,98,98,17,18,-1,1656
12017,4591,A05,0,A00,A0,A0,E0,0,0,2002,2,47,45,6,7,-2,1143
12019,4591,A05,0,A00,A0,A0,E0,0,0,2002,2,154,155,28,26,2,1428
12021,4591,A05,0,A00,A0,A0,E0,0,0,2002,2,343,336,85,92,-6,1687
12023,4591,A05,0,A00,A0,A0,E0,0,0,2002,2,25,23,6,7,-2,1605
12031,4591,A05,0,A00,A0,A0,E0,0,0,2002,2,1205,1262,416,359,57,1297
12033,4591,A05,0,A00,A0,A0,E0,0,0,2002,2,483,459,141,165,-24,1299
12035,4591,A05,0,A00,A0,A0,E0,0,0,2002,2,11,17,17,11,6,525
12037,4591,A05,0,A00,A0,A0,E0,0,0,2002,2,,,,,,403
12039,4591,A05,0,A00,A0,A0,E0,0,0,2002,2,,,,,,1060
12043,4591,A05,0,A00,A0,A0,E0,0,0,2002,2,,0,,,,379
12045,4591,A05,0,A00,A0,A0,E0,0,0,2002,2,,,,,,420
12049,4591,A05,0,A00,A0,A0,E0,0,0,2002,2,,,,0,,1397
12053,4591,A05,0,A00,A0,A0,E0,0,0,2002,2,60,62,14,13,1,991
12055,4591,A05,0,A00,A0,A0,E0,0,0,2002,2,37,40,17,14,2,1139
12057,4591,A05,0,A00,A0,A0,E0,0,0,2002,2,1251,1279,393,365,28,1457
12061,4591,A05,0,A00,A0,A0,E0,0,0,2002,2,144,141,34,36,-2,1359
12063,4591,A05,0,A00,A0,A0,E0,0,0,2002,2,,,,,,1343
12065,4591,A05,0,A00,A0,A0,E0,0,0,2002,2,,,0,0,,704
12067,4591,A05,0,A00,A0,A0,E0,0,0,2002,2,,,0,0,,1258
12069,4591,A05,0,A00,A0,A0,E0,0,0,2002,2,126,136,41,31,10,1482
12071,4591,A05,0,A00,A0,A0,E0,0,0,2002,2,663,628,127,162,-35,1549
12073,4591,A05,0,A00,A0,A0,E0,0,0,2002,2,354,352,112,114,-2,1031
12075,4591,A05,0,A00,A0,A0,E0,0,0,2002,2,,,,,,1179
12077,4591,A05,0,A00,A0,A0,E0,0,0,2002,2,,,,,,1196
12079,4591,A05,0,A00,A0,A0,E0,0,0,2002,2,,,,,,947
12081,4591,A05,0,A00,A0,A0,E0,0,0,2002,2,482,482,117,118,-1,1546
12083,4591,A05,0,A00,A0,A0,E0,0,0,2002,2,157,162,49,44,5,1178
12085,4591,A05,0,A00,A0,A0,E0,0,0,2002,2,258,255,60,63,-3,1527
12086,4591,A05,0,A00,A0,A0,E0,0,0,2002,2,2826,2788,647,685,-38,1582
12087,4591,A05,0,A00,A0,A0,E0,0,0,2002,2,347,355,120,112,8,1644
12089,4591,A05,0,A00,A0,A0,E0,0,0,2002,2,20,26,15,9,6,1466
12091,4591,A05,0,A00,A0,A0,E0,0,0,2002,2,564,579,92,77,15,1969
12095,4591,A05,0,A00,A0,A0,E0,0,0,2002,2,1749,1771,509,487,22,1526
12097,4591,A05,0,A00,A0,A0,E0,0,0,2002,2,156,168,38,26,12,1401
12099,4591,A05,0,A00,A0,A0,E0,0,0,2002,2,1285,1271,334,349,-15,1695
12101,4591,A05,0,A00,A0,A0,E0,0,0,2002,2,220,213,50,57,-7,1262
12103,4591,A05,0,A00,A0,A0,E0,0,0,2002,2,1178,1095,272,356,-84,1796
12105,4591,A05,0,A00,A0,A0,E0,0,0,2002,2,552,551,172,173,-1,1396
12107,4591,A05,0,A00,A0,A0,E0,0,0,2002,2,37,31,6,12,-6,870
12109,4591,A05,0,A00,A0,A0,E0,0,0,2002,2,113,111,38,40,-2,1130
12111,4591,A05,0,A00,A0,A0,E0,0,0,2002,2,105,98,24,31,-6,1257
12113,4591,A05,0,A00,A0,A0,E0,0,0,2002,2,65,63,13,15,-1,1045
12115,4591,A05,0,A00,A0,A0,E0,0,0,2002,2,492,533,177,136,41,1542
12117,4591,A05,0,A00,A0,A0,E0,0,0,2002,2,717,753,212,176,36,1464
12119,4591,A05,0,A00,A0,A0,E0,0,0,2002,2,19,21,6,4,1,906
12121,4591,A05,0,A00,A0,A0,E0,0,0,2002,2,,,,,,1195
12123,4591,A05,0,A00,A0,A0,E0,0,0,2002,2,,,,,,638
12127,4591,A05,0,A00,A0,A0,E0,0,0,2002,2,321,323,91,88,3,1297
12129,4591,A05,0,A00,A0,A0,E0,0,0,2002,2,,,,,,1504
12131,4591,A05,0,A00,A0,A0,E0,0,0,2002,2,72,85,62,49,13,1091
12133,4591,A05,0,A00,A0,A0,E0,0,0,2002,2,,,,,,1071
12,4591,A05,0,A00,A0,A0,E0,0,0,2002,2,21157,21154,5579,5582,-2,1543
12001,4591,A05,0,A00,A0,A0,E0,0,0,2002,3,293,328,105,70,35,1090
12003,4591,A05,0,A00,A0,A0,E0,0,0,2002,3,,,,0,,593
12005,4591,A05,0,A00,A0,A0,E0,0,0,2002,3,245,231,61,76,-15,1495
12007,4591,A05,0,A00,A0,A0,E0,0,0,2002,3,,,,0,,493
12009,4591,A05,0,A00,A0,A0,E0,0,0,2002,3,512,460,98,150,-51,1218
12011,4591,A05,0,A00,A0,A0,E0,0,0,2002,3,3216,3267,912,860,51,1713
12013,4591,A05,0,A00,A0,A0,E0,0,0,2002,3,,,0,0,,1689
12015,4591,A05,0,A00,A0,A0,E0,0,0,2002,3,98,103,23,18,5,1490
12017,4591,A05,0,A00,A0,A0,E0,0,0,2002,3,45,41,4,8,-4,1063
12019,4591,A05,0,A00,A0,A0,E0,0,0,2002,3,155,154,30,32,-2,1267
12021,4591,A05,0,A00,A0,A0,E0,0,0,2002,3,336,331,76,81,-5,1807
12023,4591,A05,0,A00,A0,A0,E0,0,0,2002,3,23,23,4,4,0,1647
12031,4591,A05,0,A00,A0,A0,E0,0,0,2002,3,1264,1281,415,398,17,1207
12033,4591,A05,0,A00,A0,A0,E0,0,0,2002,3,459,470,158,146,12,1301
12035,4591,A05,0,A00,A0,A0,E0,0,0,2002,3,17,16,10,11,-1,649
12037,4591,A05,0,A00,A0,A0,E0,0,0,2002,3,,,,,,1824
12039,4591,A05,0,A00,A0,A0,E0,0,0,2002,3,,,,,,1185
12043,4591,A05,0,A00,A0,A0,E0,0,0,2002,3,0,0,,,0,
12045,4591,A05,0,A00,A0,A0,E0,0,0,2002,3,,,,,,366
12049,4591,A05,0,A00,A0,A0,E0,0,0,2002,3,,,0,,,766
12053,4591,A05,0,A00,A0,A0,E0,0,0,2002,3,61,63,18,17,1,975
12055,4591,A05,0,A00,A0,A0,E0,0,0,2002,3,40,51,25,14,11,1014
12057,4591,A05,0,A00,A0,A0,E0,0,0,2002,3,1678,1780,495,393,102,2064
12061,4591,A05,0,A00,A0,A0,E0,0,0,2002,3,136,133,41,44,-3,1375
12063,4591,A05,0,A00,A0,A0,E0,0,0,2002,3,20,19,3,4,-1,1292
12065,4591,A05,0,A00,A0,A0,E0,0,0,2002,3,,,0,0,,704
12067,4591,A05,0,A00,A0,A0,E0,0,0,2002,3,,,0,0,,1193
12069,4591,A05,0,A00,A0,A0,E0,0,0,2002,3,137,134,43,46,-3,1504
12071,4591,A05,0,A00,A0,A0,E0,0,0,2002,3,628,635,159,152,7,1509
12073,4591,A05,0,A00,A0,A0,E0,0,0,2002,3,345,424,218,140,78,991
12075,4591,A05,0,A00,A0,A0,E0,0,0,2002,3,,,,,,1693
12077,4591,A05,0,A00,A0,A0,E0,0,0,2002,3,,,,,,990
12079,4591,A05,0,A00,A0,A0,E0,0,0,2002,3,,,,,,1012
12081,4591,A05,0,A00,A0,A0,E0,0,0,2002,3,478,543,185,120,65,1388
12083,4591,A05,0,A00,A0,A0,E0,0,0,2002,3,162,159,50,52,-3,1136
12085,4591,A05,0,A00,A0,A0,E0,0,0,2002,3,249,298,115,66,48,1539
12086,4591,A05,0,A00,A0,A0,E0,0,0,2002,3,2744,2691,588,641,-53,1567
12087,4591,A05,0,A00,A0,A0,E0,0,0,2002,3,355,336,83,102,-19,1825
12089,4591,A05,0,A00,A0,A0,E0,0,0,2002,3,26,24,14,16,-1,1311
12091,4591,A05,0,A00,A0,A0,E0,0,0,2002,3,579,569,91,101,-10,1720
12095,4591,A05,0,A00,A0,A0,E0,0,0,2002,3,1759,1787,565,537,28,1438
12097,4591,A05,0,A00,A0,A0,E0,0,0,2002,3,168,160,32,41,-8,1076
12099,4591,A05,0,A00,A0,A0,E0,0,0,2002,3,1268,1220,307,355,-48,1578
12101,4591,A05,0,A00,A0,A0,E0,0,0,2002,3,213,220,57,51,7,1316
12103,4591,A05,0,A00,A0,A0,E0,0,0,2002,3,1098,1257,464,305,159,1558
12105,4591,A05,0,A00,A0,A0,E0,0,0,2002,3,551,556,176,171,5,1271
12107,4591,A05,0,A00,A0,A0,E0,0,0,2002,3,31,26,11,16,-5,904
12109,4591,A05,0,A00,A0,A0,E0,0,0,2002,3,111,121,51,41,10,1068
12111,4591,A05,0,A00,A0,A0,E0,0,0,2002,3,98,90,24,32,-8,1165
12113,4591,A05,0,A00,A0,A0,E0,0,0,2002,3,63,59,12,17,-4,1206
12115,4591,A05,0,A00,A0,A0,E0,0,0,2002,3,535,555,155,135,20,1546
12117,4591,A05,0,A00,A0,A0,E0,0,0,2002,3,735,764,199,170,29,1405
12119,4591,A05,0,A00,A0,A0,E0,0,0,2002,3,21,15,,7,-6,657
12121,4591,A05,0,A00,A0,A0,E0,0,0,2002,3,,,,,,1506
12123,4591,A05,0,A00,A0,A0,E0,0,0,2002,3,,,,,,797
12127,4591,A05,0,A00,A0,A0,E0,0,0,2002,3,324,335,81,70,11,1265
12129,4591,A05,0,A00,A0,A0,E0,0,0,2002,3,9,9,5,5,0,1625
12131,4591,A05,0,A00,A0,A0,E0,0,0,2002,3,85,63,27,48,-21,936
12133,4591,A05,0,A00,A0,A0,E0,0,0,2002,3,,,0,0,,970
12,4591,A05,0,A00,A0,A0,E0,0,0,2002,3,21437,21873,6216,5781,435,1525
12001,4591,A05,0,A00,A0,A0,E0,0,0,2002,4,329,312,99,116,-17,1159
12003,4591,A05,0,A00,A0,A0,E0,0,0,2002,4,,,0,0,,651
12005,4591,A05,0,A00,A0,A0,E0,0,0,2002,4,235,283,153,104,49,1553
12007,4591,A05,0,A00,A0,A0,E0,0,0,2002,4,,,,,,423
12009,4591,A05,0,A00,A0,A0,E0,0,0,2002,4,462,507,190,145,45,1411
12011,4591,A05,0,A00,A0,A0,E0,0,0,2002,4,3256,3422,1407,1241,166,1670
12013,4591,A05,0,A00,A0,A0,E0,0,0,2002,4,,,0,,,2417
12015,4591,A05,0,A00,A0,A0,E0,0,0,2002,4,101,130,66,36,30,1522
12017,4591,A05,0,A00,A0,A0,E0,0,0,2002,4,41,48,14,8,7,1272
12019,4591,A05,0,A00,A0,A0,E0,0,0,2002,4,154,183,94,66,28,1291
12021,4591,A05,0,A00,A0,A0,E0,0,0,2002,4,333,370,143,107,36,1952
12023,4591,A05,0,A00,A0,A0,E0,0,0,2002,4,23,22,10,10,-1,1643
12031,4591,A05,0,A00,A0,A0,E0,0,0,2002,4,1285,1368,597,513,83,1384
12033,4591,A05,0,A00,A0,A0,E0,0,0,2002,4,472,577,355,250,105,1357
12035,4591,A05,0,A00,A0,A0,E0,0,0,2002,4,16,13,8,11,-3,704
12037,4591,A05,0,A00,A0,A0,E0,0,0,2002,4,,,,,,1545
12039,4591,A05,0,A00,A0,A0,E0,0,0,2002,4,,,,,,475
12043,4591,A05,0,A00,A0,A0,E0,0,0,2002,4,0,,,0,,
12045,4591,A05,0,A00,A0,A0,E0,0,0,2002,4,,0,0,,,412
12049,4591,A05,0,A00,A0,A0,E0,0,0,2002,4,,0,0,,,1210
12053,4591,A05,0,A00,A0,A0,E0,0,0,2002,4,63,64,13,12,1,1004
12055,4591,A05,0,A00,A0,A0,E0,0,0,2002,4,51,49,25,27,-2,1033
12057,4591,A05,0,A00,A0,A0,E0,0,0,2002,4,1778,1990,798,586,212,2010
12061,4591,A05,0,A00,A0,A0,E0,0,0,2002,4,104,129,56,31,25,1734
12063,4591,A05,0,A00,A0,A0,E0,0,0,2002,4,,,,,,1345
12065,4591,A05,0,A00,A0,A0,E0,0,0,2002,4,,,0,0,,469
12067,4591,A05,0,A00,A0,A0,E0,0,0,2002,4,,,,,,1223
12069,4591,A05,0,A00,A0,A0,E0,0,0,2002,4,134,152,49,32,17,1689
12071,4591,A05,0,A00,A0,A0,E0,0,0,2002,4,633,710,260,183,77,1685
12073,4591,A05,0,A00,A0,A0,E0,0,0,2002,4,421,492,219,148,71,1302
12075,4591,A05,0,A00,A0,A0,E0,0,0,2002,4,,,,0,,1921
12077,4591,A05,0,A00,A0,A0,E0,0,0,2002,4,,,0,,,1306
12079,4591,A05,0,A00,A0,A0,E0,0,0,2002,4,,,0,,,953
12081,4591,A05,0,A00,A0,A0,E0,0,0,2002,4,544,628,262,178,85,1451
12083,4591,A05,0,A00,A0,A0,E0,0,0,2002,4,162,199,94,57,36,1259
12085,4591,A05,0,A00,A0,A0,E0,0,0,2002,4,278,311,132,100,32,1718
12086,4591,A05,0,A00,A0,A0,E0,0,0,2002,4,2713,3024,1349,1039,310,1703
12087,4591,A05,0,A00,A0,A0,E0,0,0,2002,4,336,318,72,91,-18,1569
12089,4591,A05,0,A00,A0,A0,E0,0,0,2002,4,24,29,11,7,5,2129
12091,4591,A05,0,A00,A0,A0,E0,0,0,2002,4,569,586,82,65,17,2022
12095,4591,A05,0,A00,A0,A0,E0,0,0,2002,4,1808,1978,929,758,171,1528
12097,4591,A05,0,A00,A0,A0,E0,0,0,2002,4,173,188,54,39,15,1243
12099,4591,A05,0,A00,A0,A0,E0,0,0,2002,4,1231,1418,647,461,187,1777
12101,4591,A05,0,A00,A0,A0,E0,0,0,2002,4,223,278,145,90,55,1310
12103,4591,A05,0,A00,A0,A0,E0,0,0,2002,4,1247,1366,514,395,119,1784
12105,4591,A05,0,A00,A0,A0,E0,0,0,2002,4,555,610,263,208,55,1368
12107,4591,A05,0,A00,A0,A0,E0,0,0,2002,4,26,24,7,9,-2,960
12109,4591,A05,0,A00,A0,A0,E0,0,0,2002,4,121,130,62,53,9,1164
12111,4591,A05,0,A00,A0,A0,E0,0,0,2002,4,90,104,48,34,14,1400
12113,4591,A05,0,A00,A0,A0,E0,0,0,2002,4,59,61,11,9,2,1361
12115,4591,A05,0,A00,A0,A0,E0,0,0,2002,4,547,582,186,151,35,1806
12117,4591,A05,0,A00,A0,A0,E0,0,0,2002,4,773,884,363,252,111,1486
12119,4591,A05,0,A00,A0,A0,E0,0,0,2002,4,15,17,5,,2,1124
12121,4591,A05,0,A00,A0,A0,E0,0,0,2002,4,,,,,,1183
12123,4591,A05,0,A00,A0,A0,E0,0,0,2002,4,,,,,,702
12127,4591,A05,0,A00,A0,A0,E0,0,0,2002,4,335,383,172,124,48,1450
12129,4591,A05,0,A00,A0,A0,E0,0,0,2002,4,9,10,6,6,0,1622
12131,4591,A05,0,A00,A0,A0,E0,0,0,2002,4,63,64,23,23,1,1157
12133,4591,A05,0,A00,A0,A0,E0,0,0,2002,4,,,,,,845
12,4591,A05,0,A00,A0,A0,E0,0,0,2002,4,21883,24090,10011,7805,2206,1624
12001,4591,A05,0,A00,A0,A0,E0,0,0,2003,1,312,283,43,71,-29,1012
12003,4591,A05,0,A00,A0,A0,E0,0,0,2003,1,,,0,0,,582
12005,4591,A05,0,A00,A0,A0,E0,0,0,2003,1,263,219,50,93,-44,1220
12007,4591,A05,0,A00,A0,A0,E0,0,0,2003,1,3,,,3,,533
12009,4591,A05,0,A00,A0,A0,E0,0,0,2003,1,528,447,81,162,-81,1135
12011,4591,A05,0,A00,A0,A0,E0,0,0,2003,1,3509,2573,676,1613,-937,1440
12013,4591,A05,0,A00,A0,A0,E0,0,0,2003,1,,,0,0,,2163
12015,4591,A05,0,A00,A0,A0,E0,0,0,2003,1,131,104,15,41,-26,1381
12017,4591,A05,0,A00,A0,A0,E0,0,0,2003,1,37,41,9,5,3,987
12019,4591,A05,0,A00,A0,A0,E0,0,0,2003,1,209,174,43,78,-35,982
12021,4591,A05,0,A00,A0,A0,E0,0,0,2003,1,392,388,82,85,-3,1649
12023,4591,A05,0,A00,A0,A0,E0,0,0,2003,1,20,20,,,0,1877
12031,4591,A05,0,A00,A0,A0,E0,0,0,2003,1,1214,1123,276,367,-90,1229
12033,4591,A05,0,A00,A0,A0,E0,0,0,2003,1,580,485,106,201,-95,1045
12035,4591,A05,0,A00,A0,A0,E0,0,0,2003,1,13,13,7,7,0,858
12037,4591,A05,0,A00,A0,A0,E0,0,0,2003,1,,,0,,,1023
12039,4591,A05,0,A00,A0,A0,E0,0,0,2003,1,,,,,,826
12043,4591,A05,0,A00,A0,A0,E0,0,0,2003,1,,,,,,885
12053,4591,A05,0,A00,A0,A0,E0,0,0,2003,1,64,63,17,18,-2,1049
12055,4591,A05,0,A00,A0,A0,E0,0,0,2003,1,47,34,12,25,-13,1013
12057,4591,A05,0,A00,A0,A0,E0,0,0,2003,1,1964,1734,300,530,-230,1858
12061,4591,A05,0,A00,A0,A0,E0,0,0,2003,1,130,127,29,32,-3,1285
12063,4591,A05,0,A00,A0,A0,E0,0,0,2003,1,17,20,4,,3,1392
12065,4591,A05,0,A00,A0,A0,E0,0,0,2003,1,,,0,0,,704
12067,4591,A05,0,A00,A0,A0,E0,0,0,2003,1,,,,0,,1213
12069,4591,A05,0,A00,A0,A0,E0,0,0,2003,1,141,144,37,34,3,1586
12071,4591,A05,0,A00,A0,A0,E0,0,0,2003,1,682,620,97,159,-62,1423
12073,4591,A05,0,A00,A0,A0,E0,0,0,2003,1,493,448,117,162,-46,1105
12075,4591,A05,0,A00,A0,A0,E0,0,0,2003,1,,,0,0,,1379
12079,4591,A05,0,A00,A0,A0,E0,0,0,2003,1,,,,,,900
12081,4591,A05,0,A00,A0,A0,E0,0,0,2003,1,728,637,85,177,-92,1819
12083,4591,A05,0,A00,A0,A0,E0,0,0,2003,1,200,190,47,57,-10,994
12085,4591,A05,0,A00,A0,A0,E0,0,0,2003,1,318,404,185,98,86,1517
12086,4591,A05,0,A00,A0,A0,E0,0,0,2003,1,3117,2734,574,957,-383,1376
12087,4591,A05,0,A00,A0,A0,E0,0,0,2003,1,314,315,78,77,1,1867
12089,4591,A05,0,A00,A0,A0,E0,0,0,2003,1,34,37,9,5,4,1476
12091,4591,A05,0,A00,A0,A0,E0,0,0,2003,1,572,556,49,64,-16,1702
12095,4591,A05,0,A00,A0,A0,E0,0,0,2003,1,1983,1616,364,731,-367,1255
12097,4591,A05,0,A00,A0,A0,E0,0,0,2003,1,265,261,46,49,-4,1589
12099,4591,A05,0,A00,A0,A0,E0,0,0,2003,1,1415,1227,228,415,-188,1391
12101,4591,A05,0,A00,A0,A0,E0,0,0,2003,1,278,215,31,93,-63,1055
12103,4591,A05,0,A00,A0,A0,E0,0,0,2003,1,1320,1184,229,365,-136,1511
12105,4591,A05,0,A00,A0,A0,E0,0,0,2003,1,611,549,131,193,-62,1216
12107,4591,A05,0,A00,A0,A0,E0,0,0,2003,1,24,27,7,4,3,1087
12109,4591,A05,0,A00,A0,A0,E0,0,0,2003,1,132,123,44,53,-9,990
12111,4591,A05,0,A00,A0,A0,E0,0,0,2003,1,114,115,34,32,2,1251
12113,4591,A05,0,A00,A0,A0,E0,0,0,2003,1,61,66,24,18,5,1333
12115,4591,A05,0,A00,A0,A0,E0,0,0,2003,1,541,522,121,140,-20,1448
12117,4591,A05,0,A00,A0,A0,E0,0,0,2003,1,858,755,125,229,-104,1266
12119,4591,A05,0,A00,A0,A0,E0,0,0,2003,1,17,19,4,,1,975
12121,4591,A05,0,A00,A0,A0,E0,0,0,2003,1,,,,,,1207
12123,4591,A05,0,A00,A0,A0,E0,0,0,2003,1,6,7,,,1,778
12127,4591,A05,0,A00,A0,A0,E0,0,0,2003,1,386,380,119,124,-5,1148
12129,4591,A05,0,A00,A0,A0,E0,0,0,2003,1,,,,,,210
12131,4591,A05,0,A00,A0,A0,E0,0,0,2003,1,64,69,31,26,5,943
12133,4591,A05,0,A00,A0,A0,E0,0,0,2003,1,,,,,,819
12,4591,A05,0,A00,A0,A0,E0,0,0,2003,1,24156,21126,4586,7617,-3031,1403
12001,4591,A05,0,A00,A0,A0,E0,0,0,2003,2,283,276,70,77,-7,1226
12003,4591,A05,0,A00,A0,A0,E0,0,0,2003,2,,,0,0,,528
12005,4591,A05,0,A00,A0,A0,E0,0,0,2003,2,219,235,86,70,16,1565
12007,4591,A05,0,A00,A0,A0,E0,0,0,2003,2,,,0,0,,939
12009,4591,A05,0,A00,A0,A0,E0,0,0,2003,2,447,441,93,98,-5,1359
12011,4591,A05,0,A00,A0,A0,E0,0,0,2003,2,2542,2567,636,612,25,1629
12013,4591,A05,0,A00,A0,A0,E0,0,0,2003,2,,,0,0,,2306
12015,4591,A05,0,A00,A0,A0,E0,0,0,2003,2,107,99,22,30,-8,1631
12017,4591,A05,0,A00,A0,A0,E0,0,0,2003,2,41,40,3,3,0,1133
12019,4591,A05,0,A00,A0,A0,E0,0,0,2003,2,173,168,49,54,-4,1351
12021,4591,A05,0,A00,A0,A0,E0,0,0,2003,2,385,330,70,125,-55,1651
12023,4591,A05,0,A00,A0,A0,E0,0,0,2003,2,20,21,3,,1,1894
12031,4591,A05,0,A00,A0,A0,E0,0,0,2003,2,1155,1144,310,322,-12,1391
12033,4591,A05,0,A00,A0,A0,E0,0,0,2003,2,484,492,134,127,8,1289
12035,4591,A05,0,A00,A0,A0,E0,0,0,2003,2,13,13,9,9,0,664
12037,4591,A05,0,A00,A0,A0,E0,0,0,2003,2,,3,,0,1,2070
12039,4591,A05,0,A00,A0,A0,E0,0,0,2003,2,,,,,,442
12043,4591,A05,0,A00,A0,A0,E0,0,0,2003,2,,,,,,184
12049,4591,A05,0,A00,A0,A0,E0,0,0,2003,2,0,0,,,0,
12053,4591,A05,0,A00,A0,A0,E0,0,0,2003,2,63,63,14,14,0,1094
12055,4591,A05,0,A00,A0,A0,E0,0,0,2003,2,34,31,12,15,-4,1152
12057,4591,A05,0,A00,A0,A0,E0,0,0,2003,2,1674,1723,372,323,49,1990
12061,4591,A05,0,A00,A0,A0,E0,0,0,2003,2,121,117,21,24,-4,1587
12063,4591,A05,0,A00,A0,A0,E0,0,0,2003,2,20,18,,3,-2,1234
12065,4591,A05,0,A00,A0,A0,E0,0,0,2003,2,,0,0,,,704
12067,4591,A05,0,A00,A0,A0,E0,0,0,2003,2,,,,,,959
12069,4591,A05,0,A00,A0,A0,E0,0,0,2003,2,144,145,42,41,1,1539
12071,4591,A05,0,A00,A0,A0,E0,0,0,2003,2,618,595,119,143,-23,1559
12073,4591,A05,0,A00,A0,A0,E0,0,0,2003,2,442,435,111,117,-7,1226
12075,4591,A05,0,A00,A0,A0,E0,0,0,2003,2,,,0,0,,2004
12079,4591,A05,0,A00,A0,A0,E0,0,0,2003,2,,,,0,,947
12081,4591,A05,0,A00,A0,A0,E0,0,0,2003,2,638,650,158,146,12,2431
12083,4591,A05,0,A00,A0,A0,E0,0,0,2003,2,190,191,46,45,1,1231
12085,4591,A05,0,A00,A0,A0,E0,0,0,2003,2,401,419,109,90,18,1681
12086,4591,A05,0,A00,A0,A0,E0,0,0,2003,2,2733,2771,663,625,38,1628
12087,4591,A05,0,A00,A0,A0,E0,0,0,2003,2,316,293,75,97,-22,1643
12089,4591,A05,0,A00,A0,A0,E0,0,0,2003,2,37,44,15,9,6,1569
12091,4591,A05,0,A00,A0,A0,E0,0,0,2003,2,558,569,66,54,12,2046
12093,4591,A05,0,A00,A0,A0,E0,0,0,2003,2,0,,,0,,
12095,4591,A05,0,A00,A0,A0,E0,0,0,2003,2,1608,1593,477,492,-15,1566
12097,4591,A05,0,A00,A0,A0,E0,0,0,2003,2,262,255,45,51,-7,1765
12099,4591,A05,0,A00,A0,A0,E0,0,0,2003,2,1236,1220,276,292,-16,1647
12101,4591,A05,0,A00,A0,A0,E0,0,0,2003,2,215,210,58,63,-5,1405
12103,4591,A05,0,A00,A0,A0,E0,0,0,2003,2,1183,1230,301,255,46,1788
12105,4591,A05,0,A00,A0,A0,E0,0,0,2003,2,555,538,140,157,-17,1434
12107,4591,A05,0,A00,A0,A0,E0,0,0,2003,2,27,26,6,7,-1,984
12109,4591,A05,0,A00,A0,A0,E0,0,0,2003,2,123,116,65,72,-7,1134
12111,4591,A05,0,A00,A0,A0,E0,0,0,2003,2,115,127,35,23,12,1412
12113,4591,A05,0,A00,A0,A0,E0,0,0,2003,2,66,65,14,15,-1,1032
12115,4591,A05,0,A00,A0,A0,E0,0,0,2003,2,580,599,164,145,19,1558
12117,4591,A05,0,A00,A0,A0,E0,0,0,2003,2,755,764,162,153,9,1450
12119,4591,A05,0,A00,A0,A0,E0,0,0,2003,2,19,19,4,3,0,996
12121,4591,A05,0,A00,A0,A0,E0,0,0,2003,2,,,,,,1096
12123,4591,A05,0,A00,A0,A0,E0,0,0,2003,2,7,7,,,0,1023
12127,4591,A05,0,A00,A0,A0,E0,0,0,2003,2,380,387,123,116,7,1288
12129,4591,A05,0,A00,A0,A0,E0,0,0,2003,2,,,,,,41
12131,4591,A05,0,A00,A0,A0,E0,0,0,2003,2,67,92,57,32,25,1210
12133,4591,A05,0,A00,A0,A0,E0,0,0,2003,2,,,,0,,1213
12,4591,A05,0,A00,A0,A0,E0,0,0,2003,2,21112,21203,5268,5178,91,1617
12001,4591,A05,0,A00,A0,A0,E0,0,0,2003,3,276,235,145,187,-41,1155
12003,4591,A05,0,A00,A0,A0,E0,0,0,2003,3,,,0,0,,786
12005,4591,A05,0,A00,A0,A0,E0,0,0,2003,3,229,153,71,147,-76,1458
12007,4591,A05,0,A00,A0,A0,E0,0,0,2003,3,,,,,,459
12009,4591,A05,0,A00,A0,A0,E0,0,0,2003,3,441,365,109,185,-76,1337
12011,4591,A05,0,A00,A0,A0,E0,0,0,2003,3,2538,2067,699,1170,-471,1579
12013,4591,A05,0,A00,A0,A0,E0,0,0,2003,3,,,,0,,2588
12015,4591,A05,0,A00,A0,A0,E0,0,0,2003,3,97,82,29,44,-15,1559
12017,4591,A05,0,A00,A0,A0,E0,0,0,2003,3,40,37,6,9,-3,1025
12019,4591,A05,0,A00,A0,A0,E0,0,0,2003,3,155,121,59,93,-34,1192
12021,4591,A05,0,A00,A0,A0,E0,0,0,2003,3,350,298,67,119,-52,1730
12023,4591,A05,0,A00,A0,A0,E0,0,0,2003,3,21,20,9,10,-1,1785
12031,4591,A05,0,A00,A0,A0,E0,0,0,2003,3,1143,968,362,537,-175,1396
12033,4591,A05,0,A00,A0,A0,E0,0,0,2003,3,492,372,158,277,-119,1217
12035,4591,A05,0,A00,A0,A0,E0,0,0,2003,3,13,12,7,8,-2,556
12037,4591,A05,0,A00,A0,A0,E0,0,0,2003,3,3,5,,0,1,1875
12039,4591,A05,0,A00,A0,A0,E0,0,0,2003,3,,,,,,567
12041,4591,A05,0,A00,A0,A0,E0,0,0,2003,3,0,,,0,,
12043,4591,A05,0,A00,A0,A0,E0,0,0,2003,3,,0,,,,39
12053,4591,A05,0,A00,A0,A0,E0,0,0,2003,3,63,66,16,13,3,1114
12055,4591,A05,0,A00,A0,A0,E0,0,0,2003,3,31,33,16,13,2,1186
12057,4591,A05,0,A00,A0,A0,E0,0,0,2003,3,1792,1468,347,670,-323,2197
12061,4591,A05,0,A00,A0,A0,E0,0,0,2003,3,118,98,31,51,-20,1307
12063,4591,A05,0,A00,A0,A0,E0,0,0,2003,3,18,18,4,4,0,1293
12065,4591,A05,0,A00,A0,A0,E0,0,0,2003,3,0,0,,,0,
12067,4591,A05,0,A00,A0,A0,E0,0,0,2003,3,,,,,,1030
12069,4591,A05,0,A00,A0,A0,E0,0,0,2003,3,145,153,41,33,8,1583
12071,4591,A05,0,A00,A0,A0,E0,0,0,2003,3,557,535,166,188,-22,1603
12073,4591,A05,0,A00,A0,A0,E0,0,0,2003,3,436,384,171,222,-51,1261
12075,4591,A05,0,A00,A0,A0,E0,0,0,2003,3,,,0,0,,1882
12079,4591,A05,0,A00,A0,A0,E0,0,0,2003,3,,,0,0,,989
12081,4591,A05,0,A00,A0,A0,E0,0,0,2003,3,652,588,194,258,-64,2030
12083,4591,A05,0,A00,A0,A0,E0,0,0,2003,3,191,156,50,84,-34,1256
12085,4591,A05,0,A00,A0,A0,E0,0,0,2003,3,419,354,87,152,-65,1752
12086,4591,A05,0,A00,A0,A0,E0,0,0,2003,3,2697,2014,665,1348,-684,1590
12087,4591,A05,0,A00,A0,A0,E0,0,0,2003,3,294,293,97,98,-1,1955
12089,4591,A05,0,A00,A0,A0,E0,0,0,2003,3,44,40,8,12,-4,1482
12091,4591,A05,0,A00,A0,A0,E0,0,0,2003,3,571,574,67,64,3,1783
12093,4591,A05,0,A00,A0,A0,E0,0,0,2003,3,,,,0,,646
12095,4591,A05,0,A00,A0,A0,E0,0,0,2003,3,1603,1383,472,692,-220,1535
12097,4591,A05,0,A00,A0,A0,E0,0,0,2003,3,255,220,44,80,-35,1477
12099,4591,A05,0,A00,A0,A0,E0,0,0,2003,3,1226,856,295,665,-370,1619
12101,4591,A05,0,A00,A0,A0,E0,0,0,2003,3,210,140,50,120,-70,1281
12103,4591,A05,0,A00,A0,A0,E0,0,0,2003,3,1249,1040,305,515,-209,1655
12105,4591,A05,0,A00,A0,A0,E0,0,0,2003,3,538,448,120,210,-90,1374
12107,4591,A05,0,A00,A0,A0,E0,0,0,2003,3,26,23,,6,-4,1175
12109,4591,A05,0,A00,A0,A0,E0,0,0,2003,3,116,127,71,61,10,1187
12111,4591,A05,0,A00,A0,A0,E0,0,0,2003,3,127,126,23,25,-1,1574
12113,4591,A05,0,A00,A0,A0,E0,0,0,2003,3,65,58,7,14,-7,1212
12115,4591,A05,0,A00,A0,A0,E0,0,0,2003,3,599,511,104,192,-88,1531
12117,4591,A05,0,A00,A0,A0,E0,0,0,2003,3,754,605,211,360,-149,1443
12119,4591,A05,0,A00,A0,A0,E0,0,0,2003,3,19,16,,5,-3,752
12121,4591,A05,0,A00,A0,A0,E0,0,0,2003,3,,,,,,1627
12123,4591,A05,0,A00,A0,A0,E0,0,0,2003,3,,,0,0,,1088
12127,4591,A05,0,A00,A0,A0,E0,0,0,2003,3,385,353,123,155,-32,1269
12129,4591,A05,0,A00,A0,A0,E0,0,0,2003,3,,,,,,1286
12131,4591,A05,0,A00,A0,A0,E0,0,0,2003,3,92,55,9,46,-37,967
12133,4591,A05,0,A00,A0,A0,E0,0,0,2003,3,,,0,,,676
12,4591,A05,0,A00,A0,A0,E0,0,0,2003,3,21158,17542,5564,9179,-3615,1593
12001,4591,A05,0,A00,A0,A0,E0,0,0,2003,4,235,240,56,51,5,1274
12003,4591,A05,0,A00,A0,A0,E0,0,0,2003,4,,,,,,777
12005,4591,A05,0,A00,A0,A0,E0,0,0,2003,4,151,147,27,30,-3,1736
12007,4591,A05,0,A00,A0,A0,E0,0,0,2003,4,,,,0,,415
12009,4591,A05,0,A00,A0,A0,E0,0,0,2003,4,365,379,105,91,13,1479
12011,4591,A05,0,A00,A0,A0,E0,0,0,2003,4,2061,2966,1754,849,905,1779
12013,4591,A05,0,A00,A0,A0,E0,0,0,2003,4,,,0,,,2096
12015,4591,A05,0,A00,A0,A0,E0,0,0,2003,4,82,94,39,27,12,2207
12017,4591,A05,0,A00,A0,A0,E0,0,0,2003,4,37,38,9,9,0,1300
12019,4591,A05,0,A00,A0,A0,E0,0,0,2003,4,118,140,43,22,22,1472
12021,4591,A05,0,A00,A0,A0,E0,0,0,2003,4,297,329,104,72,32,2163
12023,4591,A05,0,A00,A0,A0,E0,0,0,2003,4,20,26,12,6,6,2142
12031,4591,A05,0,A00,A0,A0,E0,0,0,2003,4,967,1044,368,291,77,1640
12033,4591,A05,0,A00,A0,A0,E0,0,0,2003,4,373,406,156,122,34,1349
12035,4591,A05,0,A00,A0,A0,E0,0,0,2003,4,12,10,0,,-2,1211
12037,4591,A05,0,A00,A0,A0,E0,0,0,2003,4,5,3,0,,-1,1633
12039,4591,A05,0,A00,A0,A0,E0,0,0,2003,4,,,,,,406
12041,4591,A05,0,A00,A0,A0,E0,0,0,2003,4,,,0,0,,731
12043,4591,A05,0,A00,A0,A0,E0,0,0,2003,4,0,,,,,
12053,4591,A05,0,A00,A0,A0,E0,0,0,2003,4,66,65,11,12,-1,1077
12055,4591,A05,0,A00,A0,A0,E0,0,0,2003,4,33,29,6,9,-4,1288
12057,4591,A05,0,A00,A0,A0,E0,0,0,2003,4,1489,1576,403,316,87,2406
12061,4591,A05,0,A00,A0,A0,E0,0,0,2003,4,97,108,33,22,11,1714
12063,4591,A05,0,A00,A0,A0,E0,0,0,2003,4,,,,,,1261
12067,4591,A05,0,A00,A0,A0,E0,0,0,2003,4,,,,,,1136
12069,4591,A05,0,A00,A0,A0,E0,0,0,2003,4,153,154,40,39,1,1676
12071,4591,A05,0,A00,A0,A0,E0,0,0,2003,4,535,578,165,121,44,1815
12073,4591,A05,0,A00,A0,A0,E0,0,0,2003,4,385,397,189,178,12,1276
12075,4591,A05,0,A00,A0,A0,E0,0,0,2003,4,,,0,0,,1969
12079,4591,A05,0,A00,A0,A0,E0,0,0,2003,4,,,0,,,983
12081,4591,A05,0,A00,A0,A0,E0,0,0,2003,4,588,604,213,196,17,2361
12083,4591,A05,0,A00,A0,A0,E0,0,0,2003,4,156,157,42,42,1,1327
12085,4591,A05,0,A00,A0,A0,E0,0,0,2003,4,354,367,89,75,14,2151
12086,4591,A05,0,A00,A0,A0,E0,0,0,2003,4,1967,2132,790,624,166,1994
12087,4591,A05,0,A00,A0,A0,E0,0,0,2003,4,293,293,90,89,0,1712
12089,4591,A05,0,A00,A0,A0,E0,0,0,2003,4,40,34,,8,-6,1574
12091,4591,A05,0,A00,A0,A0,E0,0,0,2003,4,597,586,81,92,-11,2385
12093,4591,A05,0,A00,A0,A0,E0,0,0,2003,4,,,,,,276
12095,4591,A05,0,A00,A0,A0,E0,0,0,2003,4,1379,1531,709,557,153,1671
12097,4591,A05,0,A00,A0,A0,E0,0,0,2003,4,220,219,34,36,-1,1840
12099,4591,A05,0,A00,A0,A0,E0,0,0,2003,4,853,948,334,238,96,1928
12101,4591,A05,0,A00,A0,A0,E0,0,0,2003,4,140,172,75,43,32,1696
12103,4591,A05,0,A00,A0,A0,E0,0,0,2003,4,1047,1047,280,280,0,1982
12105,4591,A05,0,A00,A0,A0,E0,0,0,2003,4,431,465,161,127,34,1609
12107,4591,A05,0,A00,A0,A0,E0,0,0,2003,4,23,24,4,,1,1082
12109,4591,A05,0,A00,A0,A0,E0,0,0,2003,4,126,149,87,65,22,1384
12111,4591,A05,0,A00,A0,A0,E0,0,0,2003,4,126,130,36,31,4,1547
12113,4591,A05,0,A00,A0,A0,E0,0,0,2003,4,58,62,9,5,4,1570
12115,4591,A05,0,A00,A0,A0,E0,0,0,2003,4,515,520,128,123,5,1815
12117,4591,A05,0,A00,A0,A0,E0,0,0,2003,4,593,653,212,152,60,1741
12119,4591,A05,0,A00,A0,A0,E0,0,0,2003,4,16,19,5,,3,1106
12121,4591,A05,0,A00,A0,A0,E0,0,0,2003,4,,,,,,1366
12123,4591,A05,0,A00,A0,A0,E0,0,0,2003,4,,,0,0,,1253
12127,4591,A05,0,A00,A0,A0,E0,0,0,2003,4,353,359,119,112,6,1396
12129,4591,A05,0,A00,A0,A0,E0,0,0,2003,4,,,,,,1866
12131,4591,A05,0,A00,A0,A0,E0,0,0,2003,4,55,67,34,22,12,1392
12133,4591,A05,0,A00,A0,A0,E0,0,0,2003,4,,,0,0,,1544
12,4591,A05,0,A00,A0,A0,E0,0,0,2003,4,17504,19362,7079,5221,1858,1851
12001,4591,A05,0,A00,A0,A0,E0,0,0,2004,1,245,280,98,62,35,1285
12003,4591,A05,0,A00,A0,A0,E0,0,0,2004,1,,,,0,,506
12005,4591,A05,0,A00,A0,A0,E0,0,0,2004,1,144,162,64,46,18,1655
12007,4591,A05,0,A00,A0,A0,E0,0,0,2004,1,,,,,,553
12009,4591,A05,0,A00,A0,A0,E0,0,0,2004,1,382,421,131,93,39,1393
12011,4591,A05,0,A00,A0,A0,E0,0,0,2004,1,3013,3037,889,865,24,1903
12015,4591,A05,0,A00,A0,A0,E0,0,0,2004,1,93,83,18,28,-10,1795
12017,4591,A05,0,A00,A0,A0,E0,0,0,2004,1,44,55,16,5,11,1642
12019,4591,A05,0,A00,A0,A0,E0,0,0,2004,1,147,130,23,41,-18,1100
12021,4591,A05,0,A00,A0,A0,E0,0,0,2004,1,336,343,117,109,8,1997
12023,4591,A05,0,A00,A0,A0,E0,0,0,2004,1,26,28,5,3,2,1617
12031,4591,A05,0,A00,A0,A0,E0,0,0,2004,1,985,1008,322,298,23,1342
12033,4591,A05,0,A00,A0,A0,E0,0,0,2004,1,419,422,133,130,3,1195
12035,4591,A05,0,A00,A0,A0,E0,0,0,2004,1,6,10,6,,4,910
12037,4591,A05,0,A00,A0,A0,E0,0,0,2004,1,7,7,,,0,1467
12039,4591,A05,0,A00,A0,A0,E0,0,0,2004,1,,,,,,570
12041,4591,A05,0,A00,A0,A0,E0,0,0,2004,1,,,0,0,,930
12043,4591,A05,0,A00,A0,A0,E0,0,0,2004,1,,,,,,906
12053,4591,A05,0,A00,A0,A0,E0,0,0,2004,1,57,59,34,32,2,1017
12055,4591,A05,0,A00,A0,A0,E0,0,0,2004,1,29,31,8,7,1,1205
12057,4591,A05,0,A00,A0,A0,E0,0,0,2004,1,1553,1606,466,413,53,2169
12061,4591,A05,0,A00,A0,A0,E0,0,0,2004,1,118,114,26,30,-4,1354
12063,4591,A05,0,A00,A0,A0,E0,0,0,2004,1,,,,,,1415
12065,4591,A05,0,A00,A0,A0,E0,0,0,2004,1,0,0,,,0,
12067,4591,A05,0,A00,A0,A0,E0,0,0,2004,1,,,0,,,1035
12069,4591,A05,0,A00,A0,A0,E0,0,0,2004,1,154,155,33,32,1,1478
12071,4591,A05,0,A00,A0,A0,E0,0,0,2004,1,638,663,174,149,25,1589
12073,4591,A05,0,A00,A0,A0,E0,0,0,2004,1,295,342,158,111,47,1138
12075,4591,A05,0,A00,A0,A0,E0,0,0,2004,1,,,0,0,,1799
12079,4591,A05,0,A00,A0,A0,E0,0,0,2004,1,,,0,0,,1182
12081,4591,A05,0,A00,A0,A0,E0,0,0,2004,1,600,562,115,153,-38,1958
12083,4591,A05,0,A00,A0,A0,E0,0,0,2004,1,164,168,65,61,4,1258
12085,4591,A05,0,A00,A0,A0,E0,0,0,2004,1,361,413,140,87,52,2078
12086,4591,A05,0,A00,A0,A0,E0,0,0,2004,1,2138,2321,853,670,183,2094
12087,4591,A05,0,A00,A0,A0,E0,0,0,2004,1,293,309,104,88,16,1904
12089,4591,A05,0,A00,A0,A0,E0,0,0,2004,1,39,31,16,24,-8,1517
12091,4591,A05,0,A00,A0,A0,E0,0,0,2004,1,441,442,70,69,1,1959
12093,4591,A05,0,A00,A0,A0,E0,0,0,2004,1,,,,,,453
12095,4591,A05,0,A00,A0,A0,E0,0,0,2004,1,1410,1257,404,556,-153,1398
12097,4591,A05,0,A00,A0,A0,E0,0,0,2004,1,230,276,93,47,46,1669
12099,4591,A05,0,A00,A0,A0,E0,0,0,2004,1,965,1063,387,288,98,2083
12101,4591,A05,0,A00,A0,A0,E0,0,0,2004,1,185,181,76,80,-4,1337
12103,4591,A05,0,A00,A0,A0,E0,0,0,2004,1,1078,1143,319,254,65,1739
12105,4591,A05,0,A00,A0,A0,E0,0,0,2004,1,437,448,126,115,11,1410
12107,4591,A05,0,A00,A0,A0,E0,0,0,2004,1,24,22,4,5,-2,1031
12109,4591,A05,0,A00,A0,A0,E0,0,0,2004,1,155,129,38,65,-26,1097
12111,4591,A05,0,A00,A0,A0,E0,0,0,2004,1,136,127,35,44,-9,1661
12113,4591,A05,0,A00,A0,A0,E0,0,0,2004,1,90,108,33,16,18,1549
12115,4591,A05,0,A00,A0,A0,E0,0,0,2004,1,519,585,187,121,66,1687
12117,4591,A05,0,A00,A0,A0,E0,0,0,2004,1,674,728,244,190,54,1567
12119,4591,A05,0,A00,A0,A0,E0,0,0,2004,1,19,19,4,4,0,988
12121,4591,A05,0,A00,A0,A0,E0,0,0,2004,1,,,0,,,1205
12123,4591,A05,0,A00,A0,A0,E0,0,0,2004,1,7,8,,0,1,796
12127,4591,A05,0,A00,A0,A0,E0,0,0,2004,1,338,354,118,102,16,1276
12129,4591,A05,0,A00,A0,A0,E0,0,0,2004,1,,,,0,,466
12131,4591,A05,0,A00,A0,A0,E0,0,0,2004,1,67,80,41,27,14,1157
12133,4591,A05,0,A00,A0,A0,E0,0,0,2004,1,,,,,,1699
12,4591,A05,0,A00,A0,A0,E0,0,0,2004,1,19141,19809,6210,5543,668,1744
12001,4591,A05,0,A00,A0,A0,E0,0,0,2004,2,273,285,64,53,11,1307
12003,4591,A05,0,A00,A0,A0,E0,0,0,2004,2,,,0,,,1712
12005,4591,A05,0,A00,A0,A0,E0,0,0,2004,2,162,155,41,48,-7,1726
12007,4591,A05,0,A00,A0,A0,E0,0,0,2004,2,,,,0,,464
12009,4591,A05,0,A00,A0,A0,E0,0,0,2004,2,421,407,108,121,-13,1341
12011,4591,A05,0,A00,A0,A0,E0,0,0,2004,2,3116,3047,678,747,-69,1736
12015,4591,A05,0,A00,A0,A0,E0,0,0,2004,2,83,81,10,12,-2,1738
12017,4591,A05,0,A00,A0,A0,E0,0,0,2004,2,55,57,10,8,2,1489
12019,4591,A05,0,A00,A0,A0,E0,0,0,2004,2,129,114,35,50,-15,1250
12021,4591,A05,0,A00,A0,A0,E0,0,0,2004,2,329,292,62,99,-37,1838
12023,4591,A05,0,A00,A0,A0,E0,0,0,2004,2,28,29,8,7,1,1575
12031,4591,A05,0,A00,A0,A0,E0,0,0,2004,2,1024,1048,347,323,24,1554
12033,4591,A05,0,A00,A0,A0,E0,0,0,2004,2,427,411,116,132,-16,1304
12035,4591,A05,0,A00,A0,A0,E0,0,0,2004,2,10,11,9,8,1,781
12037,4591,A05,0,A00,A0,A0,E0,0,0,2004,2,7,8,,0,1,2044
12039,4591,A05,0,A00,A0,A0,E0,0,0,2004,2,9,12,7,3,4,485
12041,4591,A05,0,A00,A0,A0,E0,0,0,2004,2,,,0,0,,1085
12043,4591,A05,0,A00,A0,A0,E0,0,0,2004,2,,0,0,,,21
12053,4591,A05,0,A00,A0,A0,E0,0,0,2004,2,59,48,34,44,-10,1079
12055,4591,A05,0,A00,A0,A0,E0,0,0,2004,2,31,31,25,25,0,1021
12057,4591,A05,0,A00,A0,A0,E0,0,0,2004,2,1613,1592,265,286,-21,2150
12061,4591,A05,0,A00,A0,A0,E0,0,0,2004,2,115,99,24,39,-15,1548
12063,4591,A05,0,A00,A0,A0,E0,0,0,2004,2,,,,,,1263
12065,4591,A05,0,A00,A0,A0,E0,0,0,2004,2,0,,,0,,
12067,4591,A05,0,A00,A0,A0,E0,0,0,2004,2,,,0,0,,1277
12069,4591,A05,0,A00,A0,A0,E0,0,0,2004,2,153,155,28,26,2,1592
12071,4591,A05,0,A00,A0,A0,E0,0,0,2004,2,661,627,141,175,-34,1667
12073,4591,A05,0,A00,A0,A0,E0,0,0,2004,2,346,349,84,80,3,1256
12075,4591,A05,0,A00,A0,A0,E0,0,0,2004,2,,,0,0,,2059
12079,4591,A05,0,A00,A0,A0,E0,0,0,2004,2,,,0,,,1171
12081,4591,A05,0,A00,A0,A0,E0,0,0,2004,2,563,582,179,161,18,2527
12083,4591,A05,0,A00,A0,A0,E0,0,0,2004,2,168,170,38,36,3,1273
12085,4591,A05,0,A00,A0,A0,E0,0,0,2004,2,420,392,73,102,-28,1753
12086,4591,A05,0,A00,A0,A0,E0,0,0,2004,2,2233,2153,455,536,-80,1904
12087,4591,A05,0,A00,A0,A0,E0,0,0,2004,2,226,227,87,86,1,1453
12089,4591,A05,0,A00,A0,A0,E0,0,0,2004,2,31,39,18,10,8,1504
12091,4591,A05,0,A00,A0,A0,E0,0,0,2004,2,451,454,103,100,3,2200
12093,4591,A05,0,A00,A0,A0,E0,0,0,2004,2,,,,,,1018
12095,4591,A05,0,A00,A0,A0,E0,0,0,2004,2,1262,1240,264,285,-22,1739
12097,4591,A05,0,A00,A0,A0,E0,0,0,2004,2,284,276,38,45,-7,1538
12099,4591,A05,0,A00,A0,A0,E0,0,0,2004,2,1065,1043,247,269,-22,2012
12101,4591,A05,0,A00,A0,A0,E0,0,0,2004,2,181,171,37,47,-10,1628
12103,4591,A05,0,A00,A0,A0,E0,0,0,2004,2,1151,1156,258,253,5,1828
12105,4591,A05,0,A00,A0,A0,E0,0,0,2004,2,448,468,142,122,20,1511
12107,4591,A05,0,A00,A0,A0,E0,0,0,2004,2,22,23,3,,1,1063
12109,4591,A05,0,A00,A0,A0,E0,0,0,2004,2,128,127,46,48,-2,1259
12111,4591,A05,0,A00,A0,A0,E0,0,0,2004,2,126,110,18,35,-17,1619
12113,4591,A05,0,A00,A0,A0,E0,0,0,2004,2,89,77,20,32,-12,1251
12115,4591,A05,0,A00,A0,A0,E0,0,0,2004,2,584,605,134,114,20,1627
12117,4591,A05,0,A00,A0,A0,E0,0,0,2004,2,727,718,142,151,-9,1591
12119,4591,A05,0,A00,A0,A0,E0,0,0,2004,2,19,22,6,3,3,1006
12121,4591,A05,0,A00,A0,A0,E0,0,0,2004,2,,,,,,1161
12123,4591,A05,0,A00,A0,A0,E0,0,0,2004,2,8,8,,,0,965
12127,4591,A05,0,A00,A0,A0,E0,0,0,2004,2,356,382,117,91,26,1401
12129,4591,A05,0,A00,A0,A0,E0,0,0,2004,2,,,,,,439
12131,4591,A05,0,A00,A0,A0,E0,0,0,2004,2,80,89,42,33,9,1059
12133,4591,A05,0,A00,A0,A0,E0,0,0,2004,2,,,,,,1335
12,4591,A05,0,A00,A0,A0,E0,0,0,2004,2,19741,19462,4583,4861,-279,1751
12001,4591,A05,0,A00,A0,A0,E0,0,0,2004,3,285,361,171,94,77,1277
12003,4591,A05,0,A00,A0,A0,E0,0,0,2004,3,,,,0,,449
12005,4591,A05,0,A00,A0,A0,E0,0,0,2004,3,155,192,106,69,37,1570
12007,4591,A05,0,A00,A0,A0,E0,0,0,2004,3,,,0,,,430
12009,4591,A05,0,A00,A0,A0,E0,0,0,2004,3,407,453,150,104,46,1333
12011,4591,A05,0,A00,A0,A0,E0,0,0,2004,3,3085,3198,1031,918,113,1733
12015,4591,A05,0,A00,A0,A0,E0,0,0,2004,3,81,86,30,25,6,1621
12017,4591,A05,0,A00,A0,A0,E0,0,0,2004,3,57,57,14,14,0,1371
12019,4591,A05,0,A00,A0,A0,E0,0,0,2004,3,114,149,85,51,35,1210
12021,4591,A05,0,A00,A0,A0,E0,0,0,2004,3,281,292,88,77,11,1827
12023,4591,A05,0,A00,A0,A0,E0,0,0,2004,3,29,28,5,6,-1,1611
12031,4591,A05,0,A00,A0,A0,E0,0,0,2004,3,1061,1159,430,332,98,1500
12033,4591,A05,0,A00,A0,A0,E0,0,0,2004,3,411,438,181,155,26,1266
12035,4591,A05,0,A00,A0,A0,E0,0,0,2004,3,11,14,9,6,3,704
12037,4591,A05,0,A00,A0,A0,E0,0,0,2004,3,8,7,0,,-1,1379
12039,4591,A05,0,A00,A0,A0,E0,0,0,2004,3,12,12,3,3,0,717
12041,4591,A05,0,A00,A0,A0,E0,0,0,2004,3,,,0,0,,992
12053,4591,A05,0,A00,A0,A0,E0,0,0,2004,3,48,52,10,7,4,1099
12055,4591,A05,0,A00,A0,A0,E0,0,0,2004,3,31,31,6,6,0,1131
12057,4591,A05,0,A00,A0,A0,E0,0,0,2004,3,1594,1674,400,320,80,2275
12061,4591,A05,0,A00,A0,A0,E0,0,0,2004,3,99,100,42,41,1,1508
12063,4591,A05,0,A00,A0,A0,E0,0,0,2004,3,,,,,,1192
12065,4591,A05,0,A00,A0,A0,E0,0,0,2004,3,,0,0,,,704
12067,4591,A05,0,A00,A0,A0,E0,0,0,2004,3,,,0,0,,1312
12069,4591,A05,0,A00,A0,A0,E0,0,0,2004,3,155,146,26,35,-9,1378
12071,4591,A05,0,A00,A0,A0,E0,0,0,2004,3,614,630,171,154,16,1568
12073,4591,A05,0,A00,A0,A0,E0,0,0,2004,3,351,410,203,144,59,1320
12075,4591,A05,0,A00,A0,A0,E0,0,0,2004,3,,,0,0,,1984
12079,4591,A05,0,A00,A0,A0,E0,0,0,2004,3,,,,,,1413
12081,4591,A05,0,A00,A0,A0,E0,0,0,2004,3,583,612,200,171,30,2080
12083,4591,A05,0,A00,A0,A0,E0,0,0,2004,3,170,204,74,41,33,1201
12085,4591,A05,0,A00,A0,A0,E0,0,0,2004,3,392,392,99,99,0,1720
12086,4591,A05,0,A00,A0,A0,E0,0,0,2004,3,2115,2329,805,591,214,1879
12087,4591,A05,0,A00,A0,A0,E0,0,0,2004,3,226,213,76,89,-13,1359
12089,4591,A05,0,A00,A0,A0,E0,0,0,2004,3,27,25,12,14,-2,1054
12091,4591,A05,0,A00,A0,A0,E0,0,0,2004,3,455,440,99,114,-15,2118
12093,4591,A05,0,A00,A0,A0,E0,0,0,2004,3,,,,,,545
12095,4591,A05,0,A00,A0,A0,E0,0,0,2004,3,1233,1398,447,282,165,1688
12097,4591,A05,0,A00,A0,A0,E0,0,0,2004,3,277,277,54,54,0,1591
12099,4591,A05,0,A00,A0,A0,E0,0,0,2004,3,1043,1129,400,314,86,1752
12101,4591,A05,0,A00,A0,A0,E0,0,0,2004,3,170,200,76,46,30,1748
12103,4591,A05,0,A00,A0,A0,E0,0,0,2004,3,1158,1249,355,264,91,1699
12105,4591,A05,0,A00,A0,A0,E0,0,0,2004,3,465,490,163,138,25,1483
12107,4591,A05,0,A00,A0,A0,E0,0,0,2004,3,23,23,6,6,0,1039
12109,4591,A05,0,A00,A0,A0,E0,0,0,2004,3,127,139,46,34,12,1291
12111,4591,A05,0,A00,A0,A0,E0,0,0,2004,3,110,105,27,32,-5,1555
12113,4591,A05,0,A00,A0,A0,E0,0,0,2004,3,77,58,16,35,-19,1318
12115,4591,A05,0,A00,A0,A0,E0,0,0,2004,3,603,580,147,169,-22,1559
12117,4591,A05,0,A00,A0,A0,E0,0,0,2004,3,718,800,279,197,82,1518
12119,4591,A05,0,A00,A0,A0,E0,0,0,2004,3,22,27,6,1,5,973
12121,4591,A05,0,A00,A0,A0,E0,0,0,2004,3,,,,,,1101
12123,4591,A05,0,A00,A0,A0,E0,0,0,2004,3,8,8,0,0,0,1090
12127,4591,A05,0,A00,A0,A0,E0,0,0,2004,3,382,383,116,115,0,1263
12129,4591,A05,0,A00,A0,A0,E0,0,0,2004,3,,,,,,427
12131,4591,A05,0,A00,A0,A0,E0,0,0,2004,3,89,68,30,52,-22,950
12133,4591,A05,0,A00,A0,A0,E0,0,0,2004,3,,,,0,,1121
12,4591,A05,0,A00,A0,A0,E0,0,0,2004,3,19436,20706,6711,5442,1269,1696
12001,4591,A05,0,A00,A0,A0,E0,0,0,2004,4,372,383,156,145,11,1282
12003,4591,A05,0,A00,A0,A0,E0,0,0,2004,4,,,0,0,,1305
12005,4591,A05,0,A00,A0,A0,E0,0,0,2004,4,179,158,49,70,-21,1427
12007,4591,A05,0,A00,A0,A0,E0,0,0,2004,4,,,,,,521
12009,4591,A05,0,A00,A0,A0,E0,0,0,2004,4,456,471,149,134,15,1470
12011,4591,A05,0,A00,A0,A0,E0,0,0,2004,4,3214,3276,1113,1051,62,1809
12015,4591,A05,0,A00,A0,A0,E0,0,0,2004,4,86,86,38,39,0,1807
12017,4591,A05,0,A00,A0,A0,E0,0,0,2004,4,57,63,18,12,6,1534
12019,4591,A05,0,A00,A0,A0,E0,0,0,2004,4,149,152,56,53,3,1420
12021,4591,A05,0,A00,A0,A0,E0,0,0,2004,4,292,313,116,95,21,2136
12023,4591,A05,0,A00,A0,A0,E0,0,0,2004,4,28,28,5,5,0,1913
12031,4591,A05,0,A00,A0,A0,E0,0,0,2004,4,1179,1198,426,407,19,1576
12033,4591,A05,0,A00,A0,A0,E0,0,0,2004,4,437,457,217,198,20,1349
12035,4591,A05,0,A00,A0,A0,E0,0,0,2004,4,14,15,,,1,788
12037,4591,A05,0,A00,A0,A0,E0,0,0,2004,4,7,7,0,0,0,1491
12039,4591,A05,0,A00,A0,A0,E0,0,0,2004,4,12,10,4,6,-2,630
12041,4591,A05,0,A00,A0,A0,E0,0,0,2004,4,,,,0,,1228
12053,4591,A05,0,A00,A0,A0,E0,0,0,2004,4,52,43,11,21,-9,1264
12055,4591,A05,0,A00,A0,A0,E0,0,0,2004,4,31,32,8,8,1,1293
12057,4591,A05,0,A00,A0,A0,E0,0,0,2004,4,1667,1726,464,405,59,2294
12061,4591,A05,0,A00,A0,A0,E0,0,0,2004,4,100,119,44,26,19,1862
12063,4591,A05,0,A00,A0,A0,E0,0,0,2004,4,17,16,6,7,-1,1369
12067,4591,A05,0,A00,A0,A0,E0,0,0,2004,4,,,,,,1226
12069,4591,A05,0,A00,A0,A0,E0,0,0,2004,4,146,151,34,30,4,1547
12071,4591,A05,0,A00,A0,A0,E0,0,0,2004,4,630,658,207,180,27,1807
12073,4591,A05,0,A00,A0,A0,E0,0,0,2004,4,392,413,154,133,21,1298
12075,4591,A05,0,A00,A0,A0,E0,0,0,2004,4,,,0,0,,1659
12079,4591,A05,0,A00,A0,A0,E0,0,0,2004,4,,,,0,,1466
12081,4591,A05,0,A00,A0,A0,E0,0,0,2004,4,609,574,210,245,-35,2127
12083,4591,A05,0,A00,A0,A0,E0,0,0,2004,4,204,222,73,55,18,1291
12085,4591,A05,0,A00,A0,A0,E0,0,0,2004,4,392,419,102,75,27,1871
12086,4591,A05,0,A00,A0,A0,E0,0,0,2004,4,2325,2406,807,726,81,2008
12087,4591,A05,0,A00,A0,A0,E0,0,0,2004,4,213,202,56,67,-11,1485
12089,4591,A05,0,A00,A0,A0,E0,0,0,2004,4,25,25,4,4,0,1434
12091,4591,A05,0,A00,A0,A0,E0,0,0,2004,4,440,401,96,135,-39,2302
12093,4591,A05,0,A00,A0,A0,E0,0,0,2004,4,,,,,,1257
12095,4591,A05,0,A00,A0,A0,E0,0,0,2004,4,1383,1483,580,480,101,1750
12097,4591,A05,0,A00,A0,A0,E0,0,0,2004,4,276,288,67,55,12,1885
12099,4591,A05,0,A00,A0,A0,E0,0,0,2004,4,1124,1192,366,298,68,1918
12101,4591,A05,0,A00,A0,A0,E0,0,0,2004,4,200,223,94,71,23,1817
12103,4591,A05,0,A00,A0,A0,E0,0,0,2004,4,1252,1241,316,327,-11,1814
12105,4591,A05,0,A00,A0,A0,E0,0,0,2004,4,500,554,184,129,55,1557
12107,4591,A05,0,A00,A0,A0,E0,0,0,2004,4,23,24,6,6,1,1253
12109,4591,A05,0,A00,A0,A0,E0,0,0,2004,4,139,141,58,57,1,1412
12111,4591,A05,0,A00,A0,A0,E0,0,0,2004,4,105,110,35,30,6,1702
12113,4591,A05,0,A00,A0,A0,E0,0,0,2004,4,58,64,16,10,6,1795
12115,4591,A05,0,A00,A0,A0,E0,0,0,2004,4,569,569,131,130,0,1748
12117,4591,A05,0,A00,A0,A0,E0,0,0,2004,4,802,844,259,217,42,1799
12119,4591,A05,0,A00,A0,A0,E0,0,0,2004,4,27,30,4,,3,1066
12121,4591,A05,0,A00,A0,A0,E0,0,0,2004,4,15,16,7,6,1,1304
12123,4591,A05,0,A00,A0,A0,E0,0,0,2004,4,8,7,0,,-1,1071
12127,4591,A05,0,A00,A0,A0,E0,0,0,2004,4,383,360,125,148,-23,1447
12129,4591,A05,0,A00,A0,A0,E0,0,0,2004,4,,,,,,240
12131,4591,A05,0,A00,A0,A0,E0,0,0,2004,4,81,76,23,28,-5,1404
12133,4591,A05,0,A00,A0,A0,E0,0,0,2004,4,,,,,,860
12,4591,A05,0,A00,A0,A0,E0,0,0,2004,4,20706,21290,6919,6335,584,1809
12001,4591,A05,0,A00,A0,A0,E0,0,0,2005,1,388,374,95,109,-14,1221
12003,4591,A05,0,A00,A0,A0,E0,0,0,2005,1,,,,,,1176
12005,4591,A05,0,A00,A0,A0,E0,0,0,2005,1,334,320,110,124,-14,1001
12007,4591,A05,0,A00,A0,A0,E0,0,0,2005,1,,,,0,,535
12009,4591,A05,0,A00,A0,A0,E0,0,0,2005,1,493,484,117,126,-9,1347
12011,4591,A05,0,A00,A0,A0,E0,0,0,2005,1,3258,3139,707,826,-119,1640
12015,4591,A05,0,A00,A0,A0,E0,0,0,2005,1,88,85,29,32,-3,1807
12017,4591,A05,0,A00,A0,A0,E0,0,0,2005,1,59,65,12,5,7,1322
12019,4591,A05,0,A00,A0,A0,E0,0,0,2005,1,129,122,26,33,-7,975
12021,4591,A05,0,A00,A0,A0,E0,0,0,2005,1,314,338,88,64,23,1811
12023,4591,A05,0,A00,A0,A0,E0,0,0,2005,1,28,23,,6,-5,1570
12031,4591,A05,0,A00,A0,A0,E0,0,0,2005,1,1222,1326,488,384,104,1367
12033,4591,A05,0,A00,A0,A0,E0,0,0,2005,1,462,455,147,154,-7,1328
12035,4591,A05,0,A00,A0,A0,E0,0,0,2005,1,15,14,0,,-1,738
12037,4591,A05,0,A00,A0,A0,E0,0,0,2005,1,10,10,,,0,1274
12039,4591,A05,0,A00,A0,A0,E0,0,0,2005,1,10,8,0,,-2,531
12041,4591,A05,0,A00,A0,A0,E0,0,0,2005,1,,,0,,,753
12053,4591,A05,0,A00,A0,A0,E0,0,0,2005,1,43,52,16,6,9,1349
12055,4591,A05,0,A00,A0,A0,E0,0,0,2005,1,32,26,15,20,-6,962
12057,4591,A05,0,A00,A0,A0,E0,0,0,2005,1,1386,1332,292,346,-54,1633
12061,4591,A05,0,A00,A0,A0,E0,0,0,2005,1,128,139,38,28,11,1581
12063,4591,A05,0,A00,A0,A0,E0,0,0,2005,1,,,,,,1311
12065,4591,A05,0,A00,A0,A0,E0,0,0,2005,1,0,,,0,,
12067,4591,A05,0,A00,A0,A0,E0,0,0,2005,1,,,,,,1048
12069,4591,A05,0,A00,A0,A0,E0,0,0,2005,1,297,320,71,48,24,1614
12071,4591,A05,0,A00,A0,A0,E0,0,0,2005,1,585,589,132,129,4,1457
12073,4591,A05,0,A00,A0,A0,E0,0,0,2005,1,415,405,117,127,-10,1167
12079,4591,A05,0,A00,A0,A0,E0,0,0,2005,1,,,,,,902
12081,4591,A05,0,A00,A0,A0,E0,0,0,2005,1,568,498,77,147,-70,2275
12083,4591,A05,0,A00,A0,A0,E0,0,0,2005,1,226,231,59,54,6,1207
12085,4591,A05,0,A00,A0,A0,E0,0,0,2005,1,417,414,82,86,-4,1838
12086,4591,A05,0,A00,A0,A0,E0,0,0,2005,1,2372,2287,470,554,-84,1665
12087,4591,A05,0,A00,A0,A0,E0,0,0,2005,1,214,225,64,53,12,1454
12089,4591,A05,0,A00,A0,A0,E0,0,0,2005,1,26,38,17,5,12,1456
12091,4591,A05,0,A00,A0,A0,E0,0,0,2005,1,399,375,60,84,-24,2130
12093,4591,A05,0,A00,A0,A0,E0,0,0,2005,1,,6,6,,4,1295
12095,4591,A05,0,A00,A0,A0,E0,0,0,2005,1,1496,1430,328,394,-66,1501
12097,4591,A05,0,A00,A0,A0,E0,0,0,2005,1,284,275,67,76,-9,1528
12099,4591,A05,0,A00,A0,A0,E0,0,0,2005,1,1199,1204,311,305,5,1782
12101,4591,A05,0,A00,A0,A0,E0,0,0,2005,1,215,206,43,52,-8,1413
12103,4591,A05,0,A00,A0,A0,E0,0,0,2005,1,1190,1192,279,277,2,1725
12105,4591,A05,0,A00,A0,A0,E0,0,0,2005,1,555,535,140,160,-20,1442
12107,4591,A05,0,A00,A0,A0,E0,0,0,2005,1,24,29,6,,5,1114
12109,4591,A05,0,A00,A0,A0,E0,0,0,2005,1,144,131,23,37,-13,1175
12111,4591,A05,0,A00,A0,A0,E0,0,0,2005,1,124,112,16,28,-13,1407
12113,4591,A05,0,A00,A0,A0,E0,0,0,2005,1,56,59,11,8,3,1710
12115,4591,A05,0,A00,A0,A0,E0,0,0,2005,1,507,525,123,105,18,1517
12117,4591,A05,0,A00,A0,A0,E0,0,0,2005,1,845,848,197,194,3,1411
12119,4591,A05,0,A00,A0,A0,E0,0,0,2005,1,30,37,12,5,7,1152
12121,4591,A05,0,A00,A0,A0,E0,0,0,2005,1,16,11,0,5,-5,846
12123,4591,A05,0,A00,A0,A0,E0,0,0,2005,1,,,0,0,,1051
12127,4591,A05,0,A00,A0,A0,E0,0,0,2005,1,347,371,91,66,25,1395
12129,4591,A05,0,A00,A0,A0,E0,0,0,2005,1,,,,,,177
12131,4591,A05,0,A00,A0,A0,E0,0,0,2005,1,60,72,25,13,12,1339
12133,4591,A05,0,A00,A0,A0,E0,0,0,2005,1,,,,,,1128
12,4591,A05,0,A00,A0,A0,E0,0,0,2005,1,21075,20803,5024,5296,-272,1572
12001,4591,A05,0,A00,A0,A0,E0,0,0,2005,2,374,382,105,97,8,1302
12003,4591,A05,0,A00,A0,A0,E0,0,0,2005,2,,,0,0,,1331
12005,4591,A05,0,A00,A0,A0,E0,0,0,2005,2,330,343,135,122,13,1257
12007,4591,A05,0,A00,A0,A0,E0,0,0,2005,2,,,0,0,,475
12009,4591,A05,0,A00,A0,A0,E0,0,0,2005,2,484,482,131,133,-1,1429
12011,4591,A05,0,A00,A0,A0,E0,0,0,2005,2,3144,3249,875,770,105,1710
12015,4591,A05,0,A00,A0,A0,E0,0,0,2005,2,85,83,14,17,-2,1710
12017,4591,A05,0,A00,A0,A0,E0,0,0,2005,2,65,66,9,8,1,1430
12019,4591,A05,0,A00,A0,A0,E0,0,0,2005,2,123,124,34,33,1,1206
12021,4591,A05,0,A00,A0,A0,E0,0,0,2005,2,340,326,98,112,-14,1763
12023,4591,A05,0,A00,A0,A0,E0,0,0,2005,2,23,24,5,4,1,1926
12031,4591,A05,0,A00,A0,A0,E0,0,0,2005,2,1313,1258,421,476,-55,1491
12033,4591,A05,0,A00,A0,A0,E0,0,0,2005,2,455,533,267,189,78,1422
12035,4591,A05,0,A00,A0,A0,E0,0,0,2005,2,14,15,,,1,872
12037,4591,A05,0,A00,A0,A0,E0,0,0,2005,2,10,10,0,0,0,1617
12039,4591,A05,0,A00,A0,A0,E0,0,0,2005,2,8,8,4,4,0,856
12041,4591,A05,0,A00,A0,A0,E0,0,0,2005,2,,,,,,994
12053,4591,A05,0,A00,A0,A0,E0,0,0,2005,2,52,55,27,24,2,1421
12055,4591,A05,0,A00,A0,A0,E0,0,0,2005,2,25,31,13,7,6,1064
12057,4591,A05,0,A00,A0,A0,E0,0,0,2005,2,1332,1296,244,279,-35,1759
12061,4591,A05,0,A00,A0,A0,E0,0,0,2005,2,136,133,28,31,-3,1988
12063,4591,A05,0,A00,A0,A0,E0,0,0,2005,2,,,,,,1451
12065,4591,A05,0,A00,A0,A0,E0,0,0,2005,2,,,0,0,,508
12067,4591,A05,0,A00,A0,A0,E0,0,0,2005,2,,,,,,803
12069,4591,A05,0,A00,A0,A0,E0,0,0,2005,2,321,305,63,79,-15,1562
12071,4591,A05,0,A00,A0,A0,E0,0,0,2005,2,589,586,131,134,-3,1648
12073,4591,A05,0,A00,A0,A0,E0,0,0,2005,2,404,403,119,120,-1,1231
12079,4591,A05,0,A00,A0,A0,E0,0,0,2005,2,,,,0,,1048
12081,4591,A05,0,A00,A0,A0,E0,0,0,2005,2,498,528,154,124,30,2212
12083,4591,A05,0,A00,A0,A0,E0,0,0,2005,2,231,228,50,54,-4,1354
12085,4591,A05,0,A00,A0,A0,E0,0,0,2005,2,414,408,93,99,-6,1891
12086,4591,A05,0,A00,A0,A0,E0,0,0,2005,2,2299,2354,606,551,55,1885
12087,4591,A05,0,A00,A0,A0,E0,0,0,2005,2,228,223,94,99,-5,1443
12089,4591,A05,0,A00,A0,A0,E0,0,0,2005,2,38,38,7,7,0,1458
12091,4591,A05,0,A00,A0,A0,E0,0,0,2005,2,375,390,63,48,15,2550
12093,4591,A05,0,A00,A0,A0,E0,0,0,2005,2,6,6,,,0,1178
12095,4591,A05,0,A00,A0,A0,E0,0,0,2005,2,1433,1437,379,375,4,1665
12097,4591,A05,0,A00,A0,A0,E0,0,0,2005,2,275,272,55,58,-3,1830
12099,4591,A05,0,A00,A0,A0,E0,0,0,2005,2,1203,1181,245,266,-21,1909
12101,4591,A05,0,A00,A0,A0,E0,0,0,2005,2,206,213,50,44,7,1610
12103,4591,A05,0,A00,A0,A0,E0,0,0,2005,2,1205,1214,252,243,9,1806
12105,4591,A05,0,A00,A0,A0,E0,0,0,2005,2,542,539,133,137,-4,1537
12107,4591,A05,0,A00,A0,A0,E0,0,0,2005,2,29,25,6,10,-3,1038
12109,4591,A05,0,A00,A0,A0,E0,0,0,2005,2,131,119,68,80,-12,1362
12111,4591,A05,0,A00,A0,A0,E0,0,0,2005,2,112,106,16,22,-6,1487
12113,4591,A05,0,A00,A0,A0,E0,0,0,2005,2,59,56,13,16,-3,1514
12115,4591,A05,0,A00,A0,A0,E0,0,0,2005,2,525,542,171,153,18,1524
12117,4591,A05,0,A00,A0,A0,E0,0,0,2005,2,871,865,202,209,-6,1472
12119,4591,A05,0,A00,A0,A0,E0,0,0,2005,2,37,38,6,5,1,872
12121,4591,A05,0,A00,A0,A0,E0,0,0,2005,2,,,,,,1415
12123,4591,A05,0,A00,A0,A0,E0,0,0,2005,2,,,0,0,,1142
12127,4591,A05,0,A00,A0,A0,E0,0,0,2005,2,371,378,90,83,6,1348
12129,4591,A05,0,A00,A0,A0,E0,0,0,2005,2,,,0,,,566
12131,4591,A05,0,A00,A0,A0,E0,0,0,2005,2,61,76,41,27,15,1102
12133,4591,A05,0,A00,A0,A0,E0,0,0,2005,2,,0,0,,,1042
12,4591,A05,0,A00,A0,A0,E0,0,0,2005,2,20850,21028,5543,5365,178,1680
12001,4591,A05,0,A00,A0,A0,E0,0,0,2005,3,382,380,105,107,-2,1375
12003,4591,A05,0,A00,A0,A0,E0,0,0,2005,3,,,,0,,1527
12005,4591,A05,0,A00,A0,A0,E0,0,0,2005,3,344,357,155,142,13,1309
12007,4591,A05,0,A00,A0,A0,E0,0,0,2005,3,,,0,0,,477
12009,4591,A05,0,A00,A0,A0,E0,0,0,2005,3,481,557,210,134,75,1474
12011,4591,A05,0,A00,A0,A0,E0,0,0,2005,3,3223,3285,995,933,62,1782
12015,4591,A05,0,A00,A0,A0,E0,0,0,2005,3,83,90,21,14,7,1722
12017,4591,A05,0,A00,A0,A0,E0,0,0,2005,3,66,65,8,9,-1,1415
12019,4591,A05,0,A00,A0,A0,E0,0,0,2005,3,127,115,32,43,-11,1419
12021,4591,A05,0,A00,A0,A0,E0,0,0,2005,3,325,305,80,101,-21,1845
12023,4591,A05,0,A00,A0,A0,E0,0,0,2005,3,24,24,7,7,0,1874
12031,4591,A05,0,A00,A0,A0,E0,0,0,2005,3,1259,1349,494,404,90,1551
12033,4591,A05,0,A00,A0,A0,E0,0,0,2005,3,532,540,232,224,8,1374
12035,4591,A05,0,A00,A0,A0,E0,0,0,2005,3,15,14,6,7,-1,799
12037,4591,A05,0,A00,A0,A0,E0,0,0,2005,3,10,10,0,0,0,2055
12039,4591,A05,0,A00,A0,A0,E0,0,0,2005,3,,,,,,761
12041,4591,A05,0,A00,A0,A0,E0,0,0,2005,3,,,,,,592
12053,4591,A05,0,A00,A0,A0,E0,0,0,2005,3,55,59,19,15,4,1327
12055,4591,A05,0,A00,A0,A0,E0,0,0,2005,3,30,24,7,13,-6,1287
12057,4591,A05,0,A00,A0,A0,E0,0,0,2005,3,1292,1356,399,335,64,1913
12061,4591,A05,0,A00,A0,A0,E0,0,0,2005,3,133,128,30,35,-4,1776
12063,4591,A05,0,A00,A0,A0,E0,0,0,2005,3,,,,,,1302
12065,4591,A05,0,A00,A0,A0,E0,0,0,2005,3,,,0,0,,589
12067,4591,A05,0,A00,A0,A0,E0,0,0,2005,3,,,,,,923
12069,4591,A05,0,A00,A0,A0,E0,0,0,2005,3,290,301,93,82,10,1539
12071,4591,A05,0,A00,A0,A0,E0,0,0,2005,3,585,638,185,132,53,1611
12073,4591,A05,0,A00,A0,A0,E0,0,0,2005,3,354,344,124,134,-9,1273
12075,4591,A05,0,A00,A0,A0,E0,0,0,2005,3,0,,,0,,
12079,4591,A05,0,A00,A0,A0,E0,0,0,2005,3,,,0,0,,993
12081,4591,A05,0,A00,A0,A0,E0,0,0,2005,3,527,540,138,126,12,2276
12083,4591,A05,0,A00,A0,A0,E0,0,0,2005,3,228,229,58,57,1,1428
12085,4591,A05,0,A00,A0,A0,E0,0,0,2005,3,389,402,94,81,13,1960
12086,4591,A05,0,A00,A0,A0,E0,0,0,2005,3,2355,2375,630,610,20,1929
12087,4591,A05,0,A00,A0,A0,E0,0,0,2005,3,223,180,65,108,-43,1445
12089,4591,A05,0,A00,A0,A0,E0,0,0,2005,3,38,34,4,7,-3,1447
12091,4591,A05,0,A00,A0,A0,E0,0,0,2005,3,389,429,91,51,40,2545
12093,4591,A05,0,A00,A0,A0,E0,0,0,2005,3,6,8,5,3,2,1105
12095,4591,A05,0,A00,A0,A0,E0,0,0,2005,3,1380,1421,412,371,41,1733
12097,4591,A05,0,A00,A0,A0,E0,0,0,2005,3,272,291,78,58,19,1759
12099,4591,A05,0,A00,A0,A0,E0,0,0,2005,3,1164,1186,299,276,22,1927
12101,4591,A05,0,A00,A0,A0,E0,0,0,2005,3,211,226,60,45,15,1744
12103,4591,A05,0,A00,A0,A0,E0,0,0,2005,3,1094,1142,321,272,49,1784
12105,4591,A05,0,A00,A0,A0,E0,0,0,2005,3,527,541,141,127,14,1650
12107,4591,A05,0,A00,A0,A0,E0,0,0,2005,3,25,24,,4,-1,1117
12109,4591,A05,0,A00,A0,A0,E0,0,0,2005,3,119,108,39,49,-10,1543
12111,4591,A05,0,A00,A0,A0,E0,0,0,2005,3,106,105,20,21,-1,1659
12113,4591,A05,0,A00,A0,A0,E0,0,0,2005,3,56,56,16,17,-1,1648
12115,4591,A05,0,A00,A0,A0,E0,0,0,2005,3,542,573,160,129,31,1529
12117,4591,A05,0,A00,A0,A0,E0,0,0,2005,3,850,889,262,222,39,1586
12119,4591,A05,0,A00,A0,A0,E0,0,0,2005,3,38,35,4,7,-3,884
12121,4591,A05,0,A00,A0,A0,E0,0,0,2005,3,,,,,,1517
12123,4591,A05,0,A00,A0,A0,E0,0,0,2005,3,,,0,,,1194
12127,4591,A05,0,A00,A0,A0,E0,0,0,2005,3,377,388,98,87,11,1457
12129,4591,A05,0,A00,A0,A0,E0,0,0,2005,3,,,,,,631
12131,4591,A05,0,A00,A0,A0,E0,0,0,2005,3,82,58,19,43,-24,1015
12,4591,A05,0,A00,A0,A0,E0,0,0,2005,3,20699,21277,6235,5658,577,1732
12001,4591,A05,0,A00,A0,A0,E0,0,0,2005,4,380,405,171,146,25,1511
12003,4591,A05,0,A00,A0,A0,E0,0,0,2005,4,,,0,0,,1286
12005,4591,A05,0,A00,A0,A0,E0,0,0,2005,4,357,373,205,189,16,1290
12007,4591,A05,0,A00,A0,A0,E0,0,0,2005,4,,,0,,,423
12009,4591,A05,0,A00,A0,A0,E0,0,0,2005,4,554,591,234,197,37,1423
12011,4591,A05,0,A00,A0,A0,E0,0,0,2005,4,3264,3299,1203,1169,34,1755
12015,4591,A05,0,A00,A0,A0,E0,0,0,2005,4,90,90,40,40,0,1661
12017,4591,A05,0,A00,A0,A0,E0,0,0,2005,4,65,70,27,22,5,1493
12019,4591,A05,0,A00,A0,A0,E0,0,0,2005,4,113,110,83,86,-3,1250
12021,4591,A05,0,A00,A0,A0,E0,0,0,2005,4,296,301,125,119,5,1850
12023,4591,A05,0,A00,A0,A0,E0,0,0,2005,4,24,22,4,6,-2,2452
12031,4591,A05,0,A00,A0,A0,E0,0,0,2005,4,1358,1404,613,567,46,1513
12033,4591,A05,0,A00,A0,A0,E0,0,0,2005,4,540,632,437,345,92,1470
12035,4591,A05,0,A00,A0,A0,E0,0,0,2005,4,14,18,4,0,4,1017
12037,4591,A05,0,A00,A0,A0,E0,0,0,2005,4,10,10,,,0,1219
12039,4591,A05,0,A00,A0,A0,E0,0,0,2005,4,,,,,,561
12041,4591,A05,0,A00,A0,A0,E0,0,0,2005,4,,,,,,675
12053,4591,A05,0,A00,A0,A0,E0,0,0,2005,4,59,65,22,16,6,1416
12055,4591,A05,0,A00,A0,A0,E0,0,0,2005,4,33,37,10,6,4,1597
12057,4591,A05,0,A00,A0,A0,E0,0,0,2005,4,1380,1416,529,492,36,1887
12061,4591,A05,0,A00,A0,A0,E0,0,0,2005,4,130,136,54,48,6,2185
12063,4591,A05,0,A00,A0,A0,E0,0,0,2005,4,,,,,,1342
12065,4591,A05,0,A00,A0,A0,E0,0,0,2005,4,,,0,0,,589
12067,4591,A05,0,A00,A0,A0,E0,0,0,2005,4,,,0,,,1043
12069,4591,A05,0,A00,A0,A0,E0,0,0,2005,4,302,304,85,83,2,1396
12071,4591,A05,0,A00,A0,A0,E0,0,0,2005,4,639,662,271,248,23,1823
12073,4591,A05,0,A00,A0,A0,E0,0,0,2005,4,345,342,142,144,-2,1357
12075,4591,A05,0,A00,A0,A0,E0,0,0,2005,4,,,0,0,,503
12079,4591,A05,0,A00,A0,A0,E0,0,0,2005,4,,,,,,947
12081,4591,A05,0,A00,A0,A0,E0,0,0,2005,4,536,558,197,175,23,2534
12083,4591,A05,0,A00,A0,A0,E0,0,0,2005,4,229,246,98,80,17,1410
12085,4591,A05,0,A00,A0,A0,E0,0,0,2005,4,402,446,144,100,44,2209
12086,4591,A05,0,A00,A0,A0,E0,0,0,2005,4,2377,2541,1064,900,164,2110
12087,4591,A05,0,A00,A0,A0,E0,0,0,2005,4,180,182,57,56,2,1585
12089,4591,A05,0,A00,A0,A0,E0,0,0,2005,4,34,25,10,19,-9,1400
12091,4591,A05,0,A00,A0,A0,E0,0,0,2005,4,438,432,90,96,-6,2192
12093,4591,A05,0,A00,A0,A0,E0,0,0,2005,4,8,3,,7,-5,750
12095,4591,A05,0,A00,A0,A0,E0,0,0,2005,4,1416,1482,671,604,66,1769
12097,4591,A05,0,A00,A0,A0,E0,0,0,2005,4,292,319,101,75,26,1886
12099,4591,A05,0,A00,A0,A0,E0,0,0,2005,4,1187,1279,532,440,92,2161
12101,4591,A05,0,A00,A0,A0,E0,0,0,2005,4,205,228,99,75,24,1497
12103,4591,A05,0,A00,A0,A0,E0,0,0,2005,4,1149,1208,421,363,58,2695
12105,4591,A05,0,A00,A0,A0,E0,0,0,2005,4,545,568,201,178,24,1581
12107,4591,A05,0,A00,A0,A0,E0,0,0,2005,4,24,24,7,7,0,1278
12109,4591,A05,0,A00,A0,A0,E0,0,0,2005,4,109,146,117,80,37,1649
12111,4591,A05,0,A00,A0,A0,E0,0,0,2005,4,105,86,35,53,-19,1250
12113,4591,A05,0,A00,A0,A0,E0,0,0,2005,4,56,57,14,12,1,1998
12115,4591,A05,0,A00,A0,A0,E0,0,0,2005,4,573,569,167,171,-4,1597
12117,4591,A05,0,A00,A0,A0,E0,0,0,2005,4,889,965,367,291,76,1699
12119,4591,A05,0,A00,A0,A0,E0,0,0,2005,4,35,37,8,6,2,965
12121,4591,A05,0,A00,A0,A0,E0,0,0,2005,4,15,21,11,5,5,1274
12123,4591,A05,0,A00,A0,A0,E0,0,0,2005,4,,,,,,1102
12127,4591,A05,0,A00,A0,A0,E0,0,0,2005,4,387,393,147,141,5,1456
12129,4591,A05,0,A00,A0,A0,E0,0,0,2005,4,,,0,0,,697
12131,4591,A05,0,A00,A0,A0,E0,0,0,2005,4,47,52,38,34,4,1277
12,4591,A05,0,A00,A0,A0,E0,0,0,2005,4,21269,22231,8867,7905,962,1831
12001,4591,A05,0,A00,A0,A0,E0,0,0,2006,1,419,357,61,123,-62,1173
12003,4591,A05,0,A00,A0,A0,E0,0,0,2006,1,,,0,,,1168
12005,4591,A05,0,A00,A0,A0,E0,0,0,2006,1,210,243,96,63,34,1303
12007,4591,A05,0,A00,A0,A0,E0,0,0,2006,1,,,0,0,,373
12009,4591,A05,0,A00,A0,A0,E0,0,0,2006,1,659,641,159,177,-17,1288
12011,4591,A05,0,A00,A0,A0,E0,0,0,2006,1,3501,3301,738,938,-200,1695
12015,4591,A05,0,A00,A0,A0,E0,0,0,2006,1,99,94,17,22,-5,1576
12017,4591,A05,0,A00,A0,A0,E0,0,0,2006,1,70,59,9,21,-12,1280
12019,4591,A05,0,A00,A0,A0,E0,0,0,2006,1,303,236,43,111,-67,2317
12021,4591,A05,0,A00,A0,A0,E0,0,0,2006,1,315,316,79,77,2,1767
12023,4591,A05,0,A00,A0,A0,E0,0,0,2006,1,31,32,7,6,2,1822
12031,4591,A05,0,A00,A0,A0,E0,0,0,2006,1,1419,1440,414,393,21,1367
12033,4591,A05,0,A00,A0,A0,E0,0,0,2006,1,641,685,333,290,43,1207
12035,4591,A05,0,A00,A0,A0,E0,0,0,2006,1,25,30,6,,5,892
12037,4591,A05,0,A00,A0,A0,E0,0,0,2006,1,10,7,0,4,-4,958
12039,4591,A05,0,A00,A0,A0,E0,0,0,2006,1,15,11,2,6,-4,701
12041,4591,A05,0,A00,A0,A0,E0,0,0,2006,1,,,,,,622
12051,4591,A05,0,A00,A0,A0,E0,0,0,2006,1,,,,,,741
12053,4591,A05,0,A00,A0,A0,E0,0,0,2006,1,64,65,15,14,1,1302
12055,4591,A05,0,A00,A0,A0,E0,0,0,2006,1,45,48,12,9,3,1271
12057,4591,A05,0,A00,A0,A0,E0,0,0,2006,1,1474,1368,258,364,-106,1627
12061,4591,A05,0,A00,A0,A0,E0,0,0,2006,1,136,125,24,34,-11,1657
12063,4591,A05,0,A00,A0,A0,E0,0,0,2006,1,25,23,5,6,-2,1177
12065,4591,A05,0,A00,A0,A0,E0,0,0,2006,1,,,0,0,,589
12067,4591,A05,0,A00,A0,A0,E0,0,0,2006,1,,,,,,1046
12069,4591,A05,0,A00,A0,A0,E0,0,0,2006,1,310,300,60,69,-9,1803
12071,4591,A05,0,A00,A0,A0,E0,0,0,2006,1,696,681,164,179,-15,1556
12073,4591,A05,0,A00,A0,A0,E0,0,0,2006,1,359,344,60,76,-16,1301
12075,4591,A05,0,A00,A0,A0,E0,0,0,2006,1,,,,,,853
12079,4591,A05,0,A00,A0,A0,E0,0,0,2006,1,,,,0,,1069
12081,4591,A05,0,A00,A0,A0,E0,0,0,2006,1,468,440,66,93,-28,4235
12083,4591,A05,0,A00,A0,A0,E0,0,0,2006,1,251,243,46,55,-8,1304
12085,4591,A05,0,A00,A0,A0,E0,0,0,2006,1,375,356,68,87,-19,1804
12086,4591,A05,0,A00,A0,A0,E0,0,0,2006,1,2590,2320,452,723,-271,1753
12087,4591,A05,0,A00,A0,A0,E0,0,0,2006,1,182,198,72,56,16,1578
12089,4591,A05,0,A00,A0,A0,E0,0,0,2006,1,25,31,10,4,5,1426
12091,4591,A05,0,A00,A0,A0,E0,0,0,2006,1,468,466,78,80,-2,2247
12093,4591,A05,0,A00,A0,A0,E0,0,0,2006,1,8,10,5,4,1,1122
12095,4591,A05,0,A00,A0,A0,E0,0,0,2006,1,1700,1549,349,500,-151,1409
12097,4591,A05,0,A00,A0,A0,E0,0,0,2006,1,325,300,54,79,-25,1741
12099,4591,A05,0,A00,A0,A0,E0,0,0,2006,1,1298,1236,282,343,-61,1833
12101,4591,A05,0,A00,A0,A0,E0,0,0,2006,1,237,235,55,57,-2,1307
12103,4591,A05,0,A00,A0,A0,E0,0,0,2006,1,1282,1211,235,306,-71,1825
12105,4591,A05,0,A00,A0,A0,E0,0,0,2006,1,602,592,168,178,-10,1561
12107,4591,A05,0,A00,A0,A0,E0,0,0,2006,1,31,32,14,12,1,1151
12109,4591,A05,0,A00,A0,A0,E0,0,0,2006,1,164,154,44,54,-11,1413
12111,4591,A05,0,A00,A0,A0,E0,0,0,2006,1,81,82,13,12,1,1390
12113,4591,A05,0,A00,A0,A0,E0,0,0,2006,1,62,75,29,16,14,1724
12115,4591,A05,0,A00,A0,A0,E0,0,0,2006,1,592,572,120,140,-20,1441
12117,4591,A05,0,A00,A0,A0,E0,0,0,2006,1,1098,1030,244,313,-69,1407
12119,4591,A05,0,A00,A0,A0,E0,0,0,2006,1,37,40,10,7,3,938
12121,4591,A05,0,A00,A0,A0,E0,0,0,2006,1,26,23,4,7,-3,903
12123,4591,A05,0,A00,A0,A0,E0,0,0,2006,1,9,10,3,,1,1308
12127,4591,A05,0,A00,A0,A0,E0,0,0,2006,1,398,381,72,89,-17,1337
12129,4591,A05,0,A00,A0,A0,E0,0,0,2006,1,,,0,,,547
12131,4591,A05,0,A00,A0,A0,E0,0,0,2006,1,62,72,37,27,10,1428
12,4591,A05,0,A00,A0,A0,E0,0,0,2006,1,23254,22119,5103,6238,-1135,1650
12001,4591,A05,0,A00,A0,A0,E0,0,0,2006,2,355,325,91,121,-30,1355
12003,4591,A05,0,A00,A0,A0,E0,0,0,2006,2,6,4,,4,-2,1265
12005,4591,A05,0,A00,A0,A0,E0,0,0,2006,2,234,260,99,73,26,1657
12007,4591,A05,0,A00,A0,A0,E0,0,0,2006,2,,,,0,,524
12009,4591,A05,0,A00,A0,A0,E0,0,0,2006,2,639,666,176,150,26,1391
12011,4591,A05,0,A00,A0,A0,E0,0,0,2006,2,3280,3315,968,933,35,1813
12015,4591,A05,0,A00,A0,A0,E0,0,0,2006,2,93,93,19,18,1,1471
12017,4591,A05,0,A00,A0,A0,E0,0,0,2006,2,59,57,9,11,-2,1579
12019,4591,A05,0,A00,A0,A0,E0,0,0,2006,2,222,226,43,39,5,2011
12021,4591,A05,0,A00,A0,A0,E0,0,0,2006,2,325,321,114,118,-3,1720
12023,4591,A05,0,A00,A0,A0,E0,0,0,2006,2,32,36,13,10,4,1707
12031,4591,A05,0,A00,A0,A0,E0,0,0,2006,2,1441,1505,598,533,64,1408
12033,4591,A05,0,A00,A0,A0,E0,0,0,2006,2,690,678,248,260,-12,1374
12035,4591,A05,0,A00,A0,A0,E0,0,0,2006,2,30,26,10,14,-4,839
12037,4591,A05,0,A00,A0,A0,E0,0,0,2006,2,7,7,0,0,0,1614
12039,4591,A05,0,A00,A0,A0,E0,0,0,2006,2,,,,,,817
12041,4591,A05,0,A00,A0,A0,E0,0,0,2006,2,,,,,,650
12051,4591,A05,0,A00,A0,A0,E0,0,0,2006,2,,,,,,769
12053,4591,A05,0,A00,A0,A0,E0,0,0,2006,2,65,61,13,17,-4,1404
12055,4591,A05,0,A00,A0,A0,E0,0,0,2006,2,48,45,11,13,-2,1211
12057,4591,A05,0,A00,A0,A0,E0,0,0,2006,2,1373,1343,343,373,-30,1894
12061,4591,A05,0,A00,A0,A0,E0,0,0,2006,2,125,111,18,32,-14,2101
12063,4591,A05,0,A00,A0,A0,E0,0,0,2006,2,25,26,9,9,1,1456
12065,4591,A05,0,A00,A0,A0,E0,0,0,2006,2,,,0,0,,589
12067,4591,A05,0,A00,A0,A0,E0,0,0,2006,2,,,0,0,,1191
12069,4591,A05,0,A00,A0,A0,E0,0,0,2006,2,300,310,78,68,10,1545
12071,4591,A05,0,A00,A0,A0,E0,0,0,2006,2,677,702,250,224,25,1662
12073,4591,A05,0,A00,A0,A0,E0,0,0,2006,2,341,368,117,90,27,1430
12075,4591,A05,0,A00,A0,A0,E0,0,0,2006,2,,,,,,811
12079,4591,A05,0,A00,A0,A0,E0,0,0,2006,2,8,9,5,5,1,607
12081,4591,A05,0,A00,A0,A0,E0,0,0,2006,2,436,446,97,88,9,2533
12083,4591,A05,0,A00,A0,A0,E0,0,0,2006,2,243,238,55,61,-5,1403
12085,4591,A05,0,A00,A0,A0,E0,0,0,2006,2,357,344,76,89,-13,1939
12086,4591,A05,0,A00,A0,A0,E0,0,0,2006,2,2279,2380,676,575,102,2159
12087,4591,A05,0,A00,A0,A0,E0,0,0,2006,2,198,194,82,86,-4,1577
12089,4591,A05,0,A00,A0,A0,E0,0,0,2006,2,31,37,15,9,6,1404
12091,4591,A05,0,A00,A0,A0,E0,0,0,2006,2,466,438,70,98,-29,2081
12093,4591,A05,0,A00,A0,A0,E0,0,0,2006,2,10,9,,3,-1,1097
12095,4591,A05,0,A00,A0,A0,E0,0,0,2006,2,1503,1455,453,501,-48,1587
12097,4591,A05,0,A00,A0,A0,E0,0,0,2006,2,257,260,92,90,3,1243
12099,4591,A05,0,A00,A0,A0,E0,0,0,2006,2,1225,1246,361,340,21,2125
12101,4591,A05,0,A00,A0,A0,E0,0,0,2006,2,236,237,57,57,0,1507
12103,4591,A05,0,A00,A0,A0,E0,0,0,2006,2,1114,1117,274,271,4,1874
12105,4591,A05,0,A00,A0,A0,E0,0,0,2006,2,635,634,176,177,-1,1670
12107,4591,A05,0,A00,A0,A0,E0,0,0,2006,2,36,38,11,9,2,1134
12109,4591,A05,0,A00,A0,A0,E0,0,0,2006,2,154,157,44,41,4,1523
12111,4591,A05,0,A00,A0,A0,E0,0,0,2006,2,92,85,18,25,-7,1908
12113,4591,A05,0,A00,A0,A0,E0,0,0,2006,2,75,80,20,16,4,1712
12115,4591,A05,0,A00,A0,A0,E0,0,0,2006,2,565,572,151,144,7,1561
12117,4591,A05,0,A00,A0,A0,E0,0,0,2006,2,1001,1009,242,234,8,1572
12119,4591,A05,0,A00,A0,A0,E0,0,0,2006,2,40,34,,7,-6,893
12121,4591,A05,0,A00,A0,A0,E0,0,0,2006,2,23,20,,5,-3,1052
12123,4591,A05,0,A00,A0,A0,E0,0,0,2006,2,7,6,,3,-1,1075
12127,4591,A05,0,A00,A0,A0,E0,0,0,2006,2,412,416,102,98,4,1482
12129,4591,A05,0,A00,A0,A0,E0,0,0,2006,2,,,0,0,,512
12131,4591,A05,0,A00,A0,A0,E0,0,0,2006,2,73,95,55,32,23,1558
12133,4591,A05,0,A00,A0,A0,E0,0,0,2006,2,0,,,0,,
12,4591,A05,0,A00,A0,A0,E0,0,0,2006,2,21894,22093,6386,6186,200,1749
12001,4591,A05,0,A00,A0,A0,E0,0,0,2006,3,324,318,72,78,-6,1370
12003,4591,A05,0,A00,A0,A0,E0,0,0,2006,3,4,10,6,,5,1701
12005,4591,A05,0,A00,A0,A0,E0,0,0,2006,3,260,254,78,84,-6,1509
12007,4591,A05,0,A00,A0,A0,E0,0,0,2006,3,,,0,,,394
12009,4591,A05,0,A00,A0,A0,E0,0,0,2006,3,666,672,153,148,5,1344
12011,4591,A05,0,A00,A0,A0,E0,0,0,2006,3,3316,3517,1148,947,201,1737
12015,4591,A05,0,A00,A0,A0,E0,0,0,2006,3,93,97,25,22,4,1388
12017,4591,A05,0,A00,A0,A0,E0,0,0,2006,3,57,59,16,13,3,1509
12019,4591,A05,0,A00,A0,A0,E0,0,0,2006,3,227,336,234,125,109,2462
12021,4591,A05,0,A00,A0,A0,E0,0,0,2006,3,320,301,65,84,-19,2057
12023,4591,A05,0,A00,A0,A0,E0,0,0,2006,3,36,30,10,15,-5,1976
12031,4591,A05,0,A00,A0,A0,E0,0,0,2006,3,1505,1525,531,511,20,1397
12033,4591,A05,0,A00,A0,A0,E0,0,0,2006,3,678,675,221,224,-3,1331
12035,4591,A05,0,A00,A0,A0,E0,0,0,2006,3,26,19,4,10,-6,807
12037,4591,A05,0,A00,A0,A0,E0,0,0,2006,3,7,7,0,0,0,1507
12039,4591,A05,0,A00,A0,A0,E0,0,0,2006,3,,,,,,784
12041,4591,A05,0,A00,A0,A0,E0,0,0,2006,3,,,,,,520
12051,4591,A05,0,A00,A0,A0,E0,0,0,2006,3,,,,,,743
12053,4591,A05,0,A00,A0,A0,E0,0,0,2006,3,61,58,11,15,-3,1404
12055,4591,A05,0,A00,A0,A0,E0,0,0,2006,3,45,45,18,18,0,1182
12057,4591,A05,0,A00,A0,A0,E0,0,0,2006,3,1336,1407,382,310,72,1748
12061,4591,A05,0,A00,A0,A0,E0,0,0,2006,3,117,122,32,27,5,2036
12063,4591,A05,0,A00,A0,A0,E0,0,0,2006,3,26,28,12,10,2,1277
12065,4591,A05,0,A00,A0,A0,E0,0,0,2006,3,,,0,0,,589
12067,4591,A05,0,A00,A0,A0,E0,0,0,2006,3,,,0,0,,1250
12069,4591,A05,0,A00,A0,A0,E0,0,0,2006,3,310,301,51,60,-9,1523
12071,4591,A05,0,A00,A0,A0,E0,0,0,2006,3,703,707,175,170,5,1525
12073,4591,A05,0,A00,A0,A0,E0,0,0,2006,3,368,354,127,141,-14,1279
12075,4591,A05,0,A00,A0,A0,E0,0,0,2006,3,,,,,,815
12079,4591,A05,0,A00,A0,A0,E0,0,0,2006,3,9,11,4,,2,1043
12081,4591,A05,0,A00,A0,A0,E0,0,0,2006,3,445,432,63,76,-13,2474
12083,4591,A05,0,A00,A0,A0,E0,0,0,2006,3,238,231,57,63,-7,1331
12085,4591,A05,0,A00,A0,A0,E0,0,0,2006,3,345,347,74,72,2,1866
12086,4591,A05,0,A00,A0,A0,E0,0,0,2006,3,2386,2369,601,618,-17,1978
12087,4591,A05,0,A00,A0,A0,E0,0,0,2006,3,194,183,51,63,-11,1642
12089,4591,A05,0,A00,A0,A0,E0,0,0,2006,3,37,39,11,8,3,1381
12091,4591,A05,0,A00,A0,A0,E0,0,0,2006,3,438,420,73,91,-18,2362
12093,4591,A05,0,A00,A0,A0,E0,0,0,2006,3,9,8,,4,-1,1198
12095,4591,A05,0,A00,A0,A0,E0,0,0,2006,3,1482,1518,489,452,37,1575
12097,4591,A05,0,A00,A0,A0,E0,0,0,2006,3,257,245,53,66,-12,1170
12099,4591,A05,0,A00,A0,A0,E0,0,0,2006,3,1245,1247,289,286,2,1970
12101,4591,A05,0,A00,A0,A0,E0,0,0,2006,3,237,247,71,61,11,1375
12103,4591,A05,0,A00,A0,A0,E0,0,0,2006,3,1117,1104,270,283,-13,1673
12105,4591,A05,0,A00,A0,A0,E0,0,0,2006,3,634,658,194,170,23,1958
12107,4591,A05,0,A00,A0,A0,E0,0,0,2006,3,39,39,10,10,-1,1085
12109,4591,A05,0,A00,A0,A0,E0,0,0,2006,3,158,162,44,41,4,1576
12111,4591,A05,0,A00,A0,A0,E0,0,0,2006,3,85,89,18,14,5,1596
12113,4591,A05,0,A00,A0,A0,E0,0,0,2006,3,80,78,18,20,-2,1522
12115,4591,A05,0,A00,A0,A0,E0,0,0,2006,3,572,546,111,137,-26,1471
12117,4591,A05,0,A00,A0,A0,E0,0,0,2006,3,1008,1124,375,259,116,1478
12119,4591,A05,0,A00,A0,A0,E0,0,0,2006,3,34,34,2,,0,928
12121,4591,A05,0,A00,A0,A0,E0,0,0,2006,3,20,21,,,0,1422
12123,4591,A05,0,A00,A0,A0,E0,0,0,2006,3,6,6,,,0,1170
12127,4591,A05,0,A00,A0,A0,E0,0,0,2006,3,414,421,91,84,7,1412
12129,4591,A05,0,A00,A0,A0,E0,0,0,2006,3,,,,,,764
12131,4591,A05,0,A00,A0,A0,E0,0,0,2006,3,94,86,30,38,-8,1406
12133,4591,A05,0,A00,A0,A0,E0,0,0,2006,3,,,0,0,,2404
12,4591,A05,0,A00,A0,A0,E0,0,0,2006,3,22118,22560,6394,5952,442,1686
12001,4591,A05,0,A00,A0,A0,E0,0,0,2006,4,318,322,102,99,3,1683
12003,4591,A05,0,A00,A0,A0,E0,0,0,2006,4,10,6,0,4,-4,1040
12005,4591,A05,0,A00,A0,A0,E0,0,0,2006,4,254,269,103,88,15,1664
12007,4591,A05,0,A00,A0,A0,E0,0,0,2006,4,,,0,,,685
12009,4591,A05,0,A00,A0,A0,E0,0,0,2006,4,671,696,209,185,24,1533
12011,4591,A05,0,A00,A0,A0,E0,0,0,2006,4,3518,3882,1535,1170,365,1865
12015,4591,A05,0,A00,A0,A0,E0,0,0,2006,4,97,112,45,30,15,1746
12017,4591,A05,0,A00,A0,A0,E0,0,0,2006,4,59,62,17,14,3,1605
12019,4591,A05,0,A00,A0,A0,E0,0,0,2006,4,334,455,450,328,121,4275
12021,4591,A05,0,A00,A0,A0,E0,0,0,2006,4,301,338,153,116,37,1933
12023,4591,A05,0,A00,A0,A0,E0,0,0,2006,4,30,29,6,7,-1,2247
12031,4591,A05,0,A00,A0,A0,E0,0,0,2006,4,1531,1651,812,691,120,1541
12033,4591,A05,0,A00,A0,A0,E0,0,0,2006,4,675,777,467,364,102,1507
12035,4591,A05,0,A00,A0,A0,E0,0,0,2006,4,19,18,0,,-1,965
12037,4591,A05,0,A00,A0,A0,E0,0,0,2006,4,7,7,0,0,0,1592
12039,4591,A05,0,A00,A0,A0,E0,0,0,2006,4,,,,,,951
12041,4591,A05,0,A00,A0,A0,E0,0,0,2006,4,,,,,,614
12051,4591,A05,0,A00,A0,A0,E0,0,0,2006,4,,,,,,794
12053,4591,A05,0,A00,A0,A0,E0,0,0,2006,4,58,58,14,14,1,1508
12055,4591,A05,0,A00,A0,A0,E0,0,0,2006,4,37,40,11,9,2,1349
12057,4591,A05,0,A00,A0,A0,E0,0,0,2006,4,1442,1558,565,449,116,1876
12061,4591,A05,0,A00,A0,A0,E0,0,0,2006,4,122,136,42,28,14,2189
12063,4591,A05,0,A00,A0,A0,E0,0,0,2006,4,28,34,16,10,6,1562
12065,4591,A05,0,A00,A0,A0,E0,0,0,2006,4,,,0,0,,589
12067,4591,A05,0,A00,A0,A0,E0,0,0,2006,4,,,,,,1182
12069,4591,A05,0,A00,A0,A0,E0,0,0,2006,4,298,323,88,63,26,1572
12071,4591,A05,0,A00,A0,A0,E0,0,0,2006,4,703,753,312,262,49,1939
12073,4591,A05,0,A00,A0,A0,E0,0,0,2006,4,354,365,147,136,11,1430
12075,4591,A05,0,A00,A0,A0,E0,0,0,2006,4,,,,,,819
12079,4591,A05,0,A00,A0,A0,E0,0,0,2006,4,11,9,0,,-2,1119
12081,4591,A05,0,A00,A0,A0,E0,0,0,2006,4,432,441,109,100,9,2920
12083,4591,A05,0,A00,A0,A0,E0,0,0,2006,4,231,263,96,65,31,1530
12085,4591,A05,0,A00,A0,A0,E0,0,0,2006,4,347,367,111,91,20,2199
12086,4591,A05,0,A00,A0,A0,E0,0,0,2006,4,2387,2620,1168,935,233,2348
12087,4591,A05,0,A00,A0,A0,E0,0,0,2006,4,183,175,45,52,-8,1586
12089,4591,A05,0,A00,A0,A0,E0,0,0,2006,4,39,36,8,12,-4,1388
12091,4591,A05,0,A00,A0,A0,E0,0,0,2006,4,420,453,99,66,33,2332
12093,4591,A05,0,A00,A0,A0,E0,0,0,2006,4,8,9,6,4,2,1163
12095,4591,A05,0,A00,A0,A0,E0,0,0,2006,4,1498,1718,810,590,220,1706
12097,4591,A05,0,A00,A0,A0,E0,0,0,2006,4,248,274,91,66,25,1380
12099,4591,A05,0,A00,A0,A0,E0,0,0,2006,4,1247,1382,512,376,135,2433
12101,4591,A05,0,A00,A0,A0,E0,0,0,2006,4,247,278,135,104,31,1532
12103,4591,A05,0,A00,A0,A0,E0,0,0,2006,4,1112,1176,397,333,64,1882
12105,4591,A05,0,A00,A0,A0,E0,0,0,2006,4,658,725,240,172,68,1841
12107,4591,A05,0,A00,A0,A0,E0,0,0,2006,4,39,44,16,10,6,1109
12109,4591,A05,0,A00,A0,A0,E0,0,0,2006,4,162,175,42,29,13,1618
12111,4591,A05,0,A00,A0,A0,E0,0,0,2006,4,89,96,26,18,7,1763
12113,4591,A05,0,A00,A0,A0,E0,0,0,2006,4,78,76,16,18,-2,1817
12115,4591,A05,0,A00,A0,A0,E0,0,0,2006,4,546,539,173,180,-7,1609
12117,4591,A05,0,A00,A0,A0,E0,0,0,2006,4,1125,1222,460,362,97,1681
12119,4591,A05,0,A00,A0,A0,E0,0,0,2006,4,34,34,,,0,1057
12121,4591,A05,0,A00,A0,A0,E0,0,0,2006,4,21,21,3,,1,1455
12123,4591,A05,0,A00,A0,A0,E0,0,0,2006,4,6,9,11,8,3,1026
12127,4591,A05,0,A00,A0,A0,E0,0,0,2006,4,421,427,121,114,6,1652
12129,4591,A05,0,A00,A0,A0,E0,0,0,2006,4,,,,,,579
12131,4591,A05,0,A00,A0,A0,E0,0,0,2006,4,86,82,43,47,-4,1291
12133,4591,A05,0,A00,A0,A0,E0,0,0,2006,4,,,0,0,,1327
12,4591,A05,0,A00,A0,A0,E0,0,0,2006,4,22594,24598,9848,7844,2004,1906
12001,4591,A05,0,A00,A0,A0,E0,0,0,2007,1,386,369,70,88,-17,1286
12003,4591,A05,0,A00,A0,A0,E0,0,0,2007,1,6,4,,4,-3,943
12005,4591,A05,0,A00,A0,A0,E0,0,0,2007,1,316,285,57,88,-31,1294
12007,4591,A05,0,A00,A0,A0,E0,0,0,2007,1,,,0,,,480
12009,4591,A05,0,A00,A0,A0,E0,0,0,2007,1,724,715,147,157,-9,1744
12011,4591,A05,0,A00,A0,A0,E0,0,0,2007,1,4189,3985,880,1084,-204,1638
12015,4591,A05,0,A00,A0,A0,E0,0,0,2007,1,170,148,17,39,-22,1415
12017,4591,A05,0,A00,A0,A0,E0,0,0,2007,1,62,66,14,10,4,1438
12019,4591,A05,0,A00,A0,A0,E0,0,0,2007,1,459,292,49,216,-167,2250
12021,4591,A05,0,A00,A0,A0,E0,0,0,2007,1,383,371,103,115,-12,1695
12023,4591,A05,0,A00,A0,A0,E0,0,0,2007,1,30,34,10,7,4,2030
12031,4591,A05,0,A00,A0,A0,E0,0,0,2007,1,1793,1856,704,641,63,1326
12033,4591,A05,0,A00,A0,A0,E0,0,0,2007,1,847,742,196,301,-105,1182
12035,4591,A05,0,A00,A0,A0,E0,0,0,2007,1,18,19,4,3,1,946
12037,4591,A05,0,A00,A0,A0,E0,0,0,2007,1,12,18,8,,6,1045
12039,4591,A05,0,A00,A0,A0,E0,0,0,2007,1,,,,,,648
12041,4591,A05,0,A00,A0,A0,E0,0,0,2007,1,14,15,3,3,0,662
12051,4591,A05,0,A00,A0,A0,E0,0,0,2007,1,,,,,,763
12053,4591,A05,0,A00,A0,A0,E0,0,0,2007,1,58,59,13,12,1,1474
12055,4591,A05,0,A00,A0,A0,E0,0,0,2007,1,37,34,7,10,-3,1086
12057,4591,A05,0,A00,A0,A0,E0,0,0,2007,1,1981,1942,438,478,-39,1539
12059,4591,A05,0,A00,A0,A0,E0,0,0,2007,1,0,,,0,,
12061,4591,A05,0,A00,A0,A0,E0,0,0,2007,1,164,152,23,35,-13,1705
12063,4591,A05,0,A00,A0,A0,E0,0,0,2007,1,34,31,6,9,-3,1275
12065,4591,A05,0,A00,A0,A0,E0,0,0,2007,1,,,0,0,,589
12067,4591,A05,0,A00,A0,A0,E0,0,0,2007,1,,,,,,1425
12069,4591,A05,0,A00,A0,A0,E0,0,0,2007,1,255,200,52,106,-55,1546
12071,4591,A05,0,A00,A0,A0,E0,0,0,2007,1,819,799,197,216,-20,1584
12073,4591,A05,0,A00,A0,A0,E0,0,0,2007,1,424,393,75,106,-31,1237
12075,4591,A05,0,A00,A0,A0,E0,0,0,2007,1,,,,,,687
12079,4591,A05,0,A00,A0,A0,E0,0,0,2007,1,,,,,,768
12081,4591,A05,0,A00,A0,A0,E0,0,0,2007,1,519,490,76,105,-29,2081
12083,4591,A05,0,A00,A0,A0,E0,0,0,2007,1,307,293,52,67,-14,1288
12085,4591,A05,0,A00,A0,A0,E0,0,0,2007,1,419,396,72,95,-23,1741
12086,4591,A05,0,A00,A0,A0,E0,0,0,2007,1,2983,2682,515,816,-301,2123
12087,4591,A05,0,A00,A0,A0,E0,0,0,2007,1,161,153,37,45,-8,1647
12089,4591,A05,0,A00,A0,A0,E0,0,0,2007,1,36,35,7,8,-1,1557
12091,4591,A05,0,A00,A0,A0,E0,0,0,2007,1,520,485,73,109,-35,2129
12093,4591,A05,0,A00,A0,A0,E0,0,0,2007,1,9,10,3,,0,993
12095,4591,A05,0,A00,A0,A0,E0,0,0,2007,1,2130,2024,498,604,-106,1527
12097,4591,A05,0,A00,A0,A0,E0,0,0,2007,1,301,290,56,67,-11,1112
12099,4591,A05,0,A00,A0,A0,E0,0,0,2007,1,1566,1456,253,363,-110,1864
12101,4591,A05,0,A00,A0,A0,E0,0,0,2007,1,337,311,63,89,-25,1244
12103,4591,A05,0,A00,A0,A0,E0,0,0,2007,1,1456,1357,243,342,-99,1593
12105,4591,A05,0,A00,A0,A0,E0,0,0,2007,1,744,680,145,210,-65,1443
12107,4591,A05,0,A00,A0,A0,E0,0,0,2007,1,45,40,9,14,-5,1080
12109,4591,A05,0,A00,A0,A0,E0,0,0,2007,1,194,176,35,54,-19,1369
12111,4591,A05,0,A00,A0,A0,E0,0,0,2007,1,102,102,18,18,0,1543
12113,4591,A05,0,A00,A0,A0,E0,0,0,2007,1,76,87,35,23,12,1706
12115,4591,A05,0,A00,A0,A0,E0,0,0,2007,1,599,586,127,140,-13,1458
12117,4591,A05,0,A00,A0,A0,E0,0,0,2007,1,1136,1110,243,269,-26,1405
12119,4591,A05,0,A00,A0,A0,E0,0,0,2007,1,34,73,52,14,38,1123
12121,4591,A05,0,A00,A0,A0,E0,0,0,2007,1,25,23,14,15,-1,1250
12123,4591,A05,0,A00,A0,A0,E0,0,0,2007,1,9,8,5,6,-1,738
12127,4591,A05,0,A00,A0,A0,E0,0,0,2007,1,449,440,86,95,-9,1432
12129,4591,A05,0,A00,A0,A0,E0,0,0,2007,1,,,,,,648
12131,4591,A05,0,A00,A0,A0,E0,0,0,2007,1,80,83,29,26,3,1327
12133,4591,A05,0,A00,A0,A0,E0,0,0,2007,1,,,0,0,,2015
12,4591,A05,0,A00,A0,A0,E0,0,0,2007,1,27469,25966,5837,7340,-1503,1621
12001,4591,A05,0,A00,A0,A0,E0,0,0,2007,2,371,374,94,91,3,1364
12003,4591,A05,0,A00,A0,A0,E0,0,0,2007,2,,,0,0,,658
12005,4591,A05,0,A00,A0,A0,E0,0,0,2007,2,285,297,84,72,12,1562
12007,4591,A05,0,A00,A0,A0,E0,0,0,2007,2,,,,,,578
12009,4591,A05,0,A00,A0,A0,E0,0,0,2007,2,710,715,197,193,5,1419
12011,4591,A05,0,A00,A0,A0,E0,0,0,2007,2,3989,4025,1095,1060,35,1712
12015,4591,A05,0,A00,A0,A0,E0,0,0,2007,2,149,146,22,25,-3,1519
12017,4591,A05,0,A00,A0,A0,E0,0,0,2007,2,66,57,3,11,-8,1480
12019,4591,A05,0,A00,A0,A0,E0,0,0,2007,2,294,301,66,59,7,2390
12021,4591,A05,0,A00,A0,A0,E0,0,0,2007,2,371,344,101,128,-27,1757
12023,4591,A05,0,A00,A0,A0,E0,0,0,2007,2,34,40,19,13,6,1923
12031,4591,A05,0,A00,A0,A0,E0,0,0,2007,2,1864,1930,780,714,66,1416
12033,4591,A05,0,A00,A0,A0,E0,0,0,2007,2,743,574,224,392,-168,1330
12035,4591,A05,0,A00,A0,A0,E0,0,0,2007,2,19,19,4,4,0,925
12037,4591,A05,0,A00,A0,A0,E0,0,0,2007,2,18,20,6,5,1,1437
12039,4591,A05,0,A00,A0,A0,E0,0,0,2007,2,,,,,,839
12041,4591,A05,0,A00,A0,A0,E0,0,0,2007,2,,,,,,755
12051,4591,A05,0,A00,A0,A0,E0,0,0,2007,2,,,,,,764
12053,4591,A05,0,A00,A0,A0,E0,0,0,2007,2,59,55,8,11,-3,1748
12055,4591,A05,0,A00,A0,A0,E0,0,0,2007,2,34,38,15,11,4,1125
12057,4591,A05,0,A00,A0,A0,E0,0,0,2007,2,1888,1918,463,434,30,1698
12059,4591,A05,0,A00,A0,A0,E0,0,0,2007,2,,,0,0,,520
12061,4591,A05,0,A00,A0,A0,E0,0,0,2007,2,152,138,23,38,-14,1851
12063,4591,A05,0,A00,A0,A0,E0,0,0,2007,2,31,36,14,9,5,1371
12065,4591,A05,0,A00,A0,A0,E0,0,0,2007,2,,,0,0,,589
12067,4591,A05,0,A00,A0,A0,E0,0,0,2007,2,,,,,,1009
12069,4591,A05,0,A00,A0,A0,E0,0,0,2007,2,171,164,34,41,-7,1244
12071,4591,A05,0,A00,A0,A0,E0,0,0,2007,2,803,756,194,241,-47,1766
12073,4591,A05,0,A00,A0,A0,E0,0,0,2007,2,393,404,99,88,11,1395
12075,4591,A05,0,A00,A0,A0,E0,0,0,2007,2,,,,,,692
12079,4591,A05,0,A00,A0,A0,E0,0,0,2007,2,,,0,,,906
12081,4591,A05,0,A00,A0,A0,E0,0,0,2007,2,479,466,74,87,-13,2347
12083,4591,A05,0,A00,A0,A0,E0,0,0,2007,2,293,281,56,68,-12,1381
12085,4591,A05,0,A00,A0,A0,E0,0,0,2007,2,395,363,62,94,-32,1825
12086,4591,A05,0,A00,A0,A0,E0,0,0,2007,2,2691,2746,715,660,55,2209
12087,4591,A05,0,A00,A0,A0,E0,0,0,2007,2,155,165,42,31,10,1877
12089,4591,A05,0,A00,A0,A0,E0,0,0,2007,2,35,34,14,14,0,1688
12091,4591,A05,0,A00,A0,A0,E0,0,0,2007,2,488,489,95,93,2,2170
12093,4591,A05,0,A00,A0,A0,E0,0,0,2007,2,10,9,4,5,-1,1016
12095,4591,A05,0,A00,A0,A0,E0,0,0,2007,2,2027,2021,561,567,-6,1721
12097,4591,A05,0,A00,A0,A0,E0,0,0,2007,2,290,292,70,69,2,1190
12099,4591,A05,0,A00,A0,A0,E0,0,0,2007,2,1461,1429,334,366,-32,2075
12101,4591,A05,0,A00,A0,A0,E0,0,0,2007,2,311,302,75,85,-10,1377
12103,4591,A05,0,A00,A0,A0,E0,0,0,2007,2,1350,1342,289,297,-8,1780
12105,4591,A05,0,A00,A0,A0,E0,0,0,2007,2,680,646,161,195,-34,1441
12107,4591,A05,0,A00,A0,A0,E0,0,0,2007,2,41,39,15,16,-1,1140
12109,4591,A05,0,A00,A0,A0,E0,0,0,2007,2,170,179,64,55,9,1380
12111,4591,A05,0,A00,A0,A0,E0,0,0,2007,2,102,97,17,22,-5,1832
12113,4591,A05,0,A00,A0,A0,E0,0,0,2007,2,88,79,20,28,-9,1718
12115,4591,A05,0,A00,A0,A0,E0,0,0,2007,2,586,581,127,132,-5,1485
12117,4591,A05,0,A00,A0,A0,E0,0,0,2007,2,1096,1125,349,320,29,1494
12119,4591,A05,0,A00,A0,A0,E0,0,0,2007,2,52,48,7,11,-4,871
12121,4591,A05,0,A00,A0,A0,E0,0,0,2007,2,23,26,10,8,3,990
12123,4591,A05,0,A00,A0,A0,E0,0,0,2007,2,8,9,4,3,1,1009
12127,4591,A05,0,A00,A0,A0,E0,0,0,2007,2,440,447,107,99,7,1478
12129,4591,A05,0,A00,A0,A0,E0,0,0,2007,2,,,0,0,,878
12131,4591,A05,0,A00,A0,A0,E0,0,0,2007,2,83,118,63,28,35,1576
12133,4591,A05,0,A00,A0,A0,E0,0,0,2007,2,,,0,0,,2877
12,4591,A05,0,A00,A0,A0,E0,0,0,2007,2,25864,25755,6904,7013,-109,1718
12001,4591,A05,0,A00,A0,A0,E0,0,0,2007,3,374,380,104,98,6,1256
12003,4591,A05,0,A00,A0,A0,E0,0,0,2007,3,,,0,,,551
12005,4591,A05,0,A00,A0,A0,E0,0,0,2007,3,299,352,158,105,53,1456
12007,4591,A05,0,A00,A0,A0,E0,0,0,2007,3,,,,,,590
12009,4591,A05,0,A00,A0,A0,E0,0,0,2007,3,726,732,175,169,6,1411
12011,4591,A05,0,A00,A0,A0,E0,0,0,2007,3,4029,4004,1132,1157,-25,1622
12015,4591,A05,0,A00,A0,A0,E0,0,0,2007,3,146,157,35,24,10,1513
12017,4591,A05,0,A00,A0,A0,E0,0,0,2007,3,57,59,6,4,2,1634
12019,4591,A05,0,A00,A0,A0,E0,0,0,2007,3,302,433,244,112,131,2998
12021,4591,A05,0,A00,A0,A0,E0,0,0,2007,3,344,367,101,78,23,2054
12023,4591,A05,0,A00,A0,A0,E0,0,0,2007,3,42,47,15,11,5,1743
12027,4591,A05,0,A00,A0,A0,E0,0,0,2007,3,0,,,0,,
12031,4591,A05,0,A00,A0,A0,E0,0,0,2007,3,1955,1997,761,718,43,1310
12033,4591,A05,0,A00,A0,A0,E0,0,0,2007,3,574,581,177,170,7,1352
12035,4591,A05,0,A00,A0,A0,E0,0,0,2007,3,19,19,,,0,947
12037,4591,A05,0,A00,A0,A0,E0,0,0,2007,3,20,15,3,8,-5,1106
12039,4591,A05,0,A00,A0,A0,E0,0,0,2007,3,,,,,,711
12041,4591,A05,0,A00,A0,A0,E0,0,0,2007,3,,,,,,625
12051,4591,A05,0,A00,A0,A0,E0,0,0,2007,3,,,,,,840
12053,4591,A05,0,A00,A0,A0,E0,0,0,2007,3,55,59,12,8,3,1658
12055,4591,A05,0,A00,A0,A0,E0,0,0,2007,3,38,43,14,10,5,1184
12057,4591,A05,0,A00,A0,A0,E0,0,0,2007,3,1933,2002,499,429,70,1658
12059,4591,A05,0,A00,A0,A0,E0,0,0,2007,3,,,0,0,,626
12061,4591,A05,0,A00,A0,A0,E0,0,0,2007,3,138,146,36,28,8,1847
12063,4591,A05,0,A00,A0,A0,E0,0,0,2007,3,36,36,8,8,0,1298
12065,4591,A05,0,A00,A0,A0,E0,0,0,2007,3,,,0,0,,617
12067,4591,A05,0,A00,A0,A0,E0,0,0,2007,3,,,,,,891
12069,4591,A05,0,A00,A0,A0,E0,0,0,2007,3,169,172,38,35,3,1177
12071,4591,A05,0,A00,A0,A0,E0,0,0,2007,3,756,766,178,168,10,1667
12073,4591,A05,0,A00,A0,A0,E0,0,0,2007,3,405,433,140,112,28,1403
12075,4591,A05,0,A00,A0,A0,E0,0,0,2007,3,,,,,,788
12079,4591,A05,0,A00,A0,A0,E0,0,0,2007,3,,,0,0,,1325
12081,4591,A05,0,A00,A0,A0,E0,0,0,2007,3,478,478,93,93,0,2264
12083,4591,A05,0,A00,A0,A0,E0,0,0,2007,3,281,301,85,65,20,1440
12085,4591,A05,0,A00,A0,A0,E0,0,0,2007,3,363,375,96,83,13,1818
12086,4591,A05,0,A00,A0,A0,E0,0,0,2007,3,2763,2800,709,672,37,2067
12087,4591,A05,0,A00,A0,A0,E0,0,0,2007,3,162,152,38,47,-9,1776
12089,4591,A05,0,A00,A0,A0,E0,0,0,2007,3,34,39,15,11,5,1584
12091,4591,A05,0,A00,A0,A0,E0,0,0,2007,3,490,497,100,93,7,2363
12093,4591,A05,0,A00,A0,A0,E0,0,0,2007,3,9,12,8,4,4,1137
12095,4591,A05,0,A00,A0,A0,E0,0,0,2007,3,1959,2069,598,488,110,1646
12097,4591,A05,0,A00,A0,A0,E0,0,0,2007,3,291,297,82,77,5,1126
12099,4591,A05,0,A00,A0,A0,E0,0,0,2007,3,1430,1441,351,340,11,2036
12101,4591,A05,0,A00,A0,A0,E0,0,0,2007,3,302,314,95,82,12,1433
12103,4591,A05,0,A00,A0,A0,E0,0,0,2007,3,1353,1374,313,292,21,1664
12105,4591,A05,0,A00,A0,A0,E0,0,0,2007,3,645,664,190,171,19,1536
12107,4591,A05,0,A00,A0,A0,E0,0,0,2007,3,39,43,18,14,4,1148
12109,4591,A05,0,A00,A0,A0,E0,0,0,2007,3,179,187,69,61,8,1378
12111,4591,A05,0,A00,A0,A0,E0,0,0,2007,3,97,106,24,15,9,1606
12113,4591,A05,0,A00,A0,A0,E0,0,0,2007,3,79,80,17,16,1,1817
12115,4591,A05,0,A00,A0,A0,E0,0,0,2007,3,581,579,129,131,-2,1542
12117,4591,A05,0,A00,A0,A0,E0,0,0,2007,3,1117,1268,423,272,151,1429
12119,4591,A05,0,A00,A0,A0,E0,0,0,2007,3,36,36,,,0,851
12121,4591,A05,0,A00,A0,A0,E0,0,0,2007,3,26,28,8,6,2,1121
12123,4591,A05,0,A00,A0,A0,E0,0,0,2007,3,9,8,6,6,-1,1087
12127,4591,A05,0,A00,A0,A0,E0,0,0,2007,3,447,451,114,110,4,1415
12129,4591,A05,0,A00,A0,A0,E0,0,0,2007,3,,,0,,,628
12131,4591,A05,0,A00,A0,A0,E0,0,0,2007,3,115,94,33,54,-21,1450
12133,4591,A05,0,A00,A0,A0,E0,0,0,2007,3,,,0,0,,2387
12,4591,A05,0,A00,A0,A0,E0,0,0,2007,3,25775,26568,7470,6677,793,1671
12001,4591,A05,0,A00,A0,A0,E0,0,0,2007,4,380,402,152,131,21,1521
12003,4591,A05,0,A00,A0,A0,E0,0,0,2007,4,,,,,,910
12005,4591,A05,0,A00,A0,A0,E0,0,0,2007,4,352,374,155,134,22,1500
12007,4591,A05,0,A00,A0,A0,E0,0,0,2007,4,,,,,,995
12009,4591,A05,0,A00,A0,A0,E0,0,0,2007,4,740,794,257,202,54,1545
12011,4591,A05,0,A00,A0,A0,E0,0,0,2007,4,4027,4234,1328,1121,208,1874
12015,4591,A05,0,A00,A0,A0,E0,0,0,2007,4,158,183,72,48,24,1730
12017,4591,A05,0,A00,A0,A0,E0,0,0,2007,4,59,63,10,6,4,1754
12019,4591,A05,0,A00,A0,A0,E0,0,0,2007,4,431,478,237,190,47,3223
12021,4591,A05,0,A00,A0,A0,E0,0,0,2007,4,367,392,154,129,25,1888
12023,4591,A05,0,A00,A0,A0,E0,0,0,2007,4,47,55,20,12,8,1882
12027,4591,A05,0,A00,A0,A0,E0,0,0,2007,4,,0,0,,,276
12031,4591,A05,0,A00,A0,A0,E0,0,0,2007,4,1997,2191,1024,830,193,1434
12033,4591,A05,0,A00,A0,A0,E0,0,0,2007,4,587,618,273,242,31,1427
12035,4591,A05,0,A00,A0,A0,E0,0,0,2007,4,19,18,4,5,-1,953
12037,4591,A05,0,A00,A0,A0,E0,0,0,2007,4,15,15,0,0,0,1235
12039,4591,A05,0,A00,A0,A0,E0,0,0,2007,4,,,,,,894
12041,4591,A05,0,A00,A0,A0,E0,0,0,2007,4,,,,0,,654
12051,4591,A05,0,A00,A0,A0,E0,0,0,2007,4,,,,,,881
12053,4591,A05,0,A00,A0,A0,E0,0,0,2007,4,59,53,11,17,-6,1657
12055,4591,A05,0,A00,A0,A0,E0,0,0,2007,4,43,43,15,16,0,1312
12057,4591,A05,0,A00,A0,A0,E0,0,0,2007,4,1991,2100,604,496,109,1797
12059,4591,A05,0,A00,A0,A0,E0,0,0,2007,4,,,,,,646
12061,4591,A05,0,A00,A0,A0,E0,0,0,2007,4,146,160,102,88,14,1959
12063,4591,A05,0,A00,A0,A0,E0,0,0,2007,4,36,55,26,7,19,1495
12065,4591,A05,0,A00,A0,A0,E0,0,0,2007,4,,,0,0,,631
12067,4591,A05,0,A00,A0,A0,E0,0,0,2007,4,,,,,,840
12069,4591,A05,0,A00,A0,A0,E0,0,0,2007,4,172,182,48,38,10,1257
12071,4591,A05,0,A00,A0,A0,E0,0,0,2007,4,766,875,341,232,109,1811
12073,4591,A05,0,A00,A0,A0,E0,0,0,2007,4,433,464,186,156,30,1510
12075,4591,A05,0,A00,A0,A0,E0,0,0,2007,4,9,9,5,5,0,796
12079,4591,A05,0,A00,A0,A0,E0,0,0,2007,4,,,0,0,,989
12081,4591,A05,0,A00,A0,A0,E0,0,0,2007,4,467,499,140,107,32,2635
12083,4591,A05,0,A00,A0,A0,E0,0,0,2007,4,301,330,118,89,29,1507
12085,4591,A05,0,A00,A0,A0,E0,0,0,2007,4,375,397,115,93,22,2275
12086,4591,A05,0,A00,A0,A0,E0,0,0,2007,4,2799,3130,1245,914,331,2299
12087,4591,A05,0,A00,A0,A0,E0,0,0,2007,4,151,142,38,47,-9,1780
12089,4591,A05,0,A00,A0,A0,E0,0,0,2007,4,39,41,17,15,2,1361
12091,4591,A05,0,A00,A0,A0,E0,0,0,2007,4,497,528,124,93,31,2158
12093,4591,A05,0,A00,A0,A0,E0,0,0,2007,4,12,14,5,4,2,1213
12095,4591,A05,0,A00,A0,A0,E0,0,0,2007,4,2088,2322,920,687,234,1740
12097,4591,A05,0,A00,A0,A0,E0,0,0,2007,4,297,321,107,82,24,1200
12099,4591,A05,0,A00,A0,A0,E0,0,0,2007,4,1439,1595,555,399,155,2446
12101,4591,A05,0,A00,A0,A0,E0,0,0,2007,4,307,338,129,99,30,1531
12103,4591,A05,0,A00,A0,A0,E0,0,0,2007,4,1373,1462,436,347,89,1807
12105,4591,A05,0,A00,A0,A0,E0,0,0,2007,4,663,744,260,179,81,1502
12107,4591,A05,0,A00,A0,A0,E0,0,0,2007,4,43,40,9,13,-4,1102
12109,4591,A05,0,A00,A0,A0,E0,0,0,2007,4,187,195,69,61,8,1354
12111,4591,A05,0,A00,A0,A0,E0,0,0,2007,4,106,127,49,28,20,1599
12113,4591,A05,0,A00,A0,A0,E0,0,0,2007,4,80,92,38,26,12,2207
12115,4591,A05,0,A00,A0,A0,E0,0,0,2007,4,579,604,150,125,25,1667
12117,4591,A05,0,A00,A0,A0,E0,0,0,2007,4,1267,1314,420,372,48,1685
12119,4591,A05,0,A00,A0,A0,E0,0,0,2007,4,36,27,,11,-9,771
12121,4591,A05,0,A00,A0,A0,E0,0,0,2007,4,28,24,5,9,-4,953
12123,4591,A05,0,A00,A0,A0,E0,0,0,2007,4,8,10,4,3,1,963
12127,4591,A05,0,A00,A0,A0,E0,0,0,2007,4,451,466,144,129,15,1598
12129,4591,A05,0,A00,A0,A0,E0,0,0,2007,4,,,0,0,,514
12131,4591,A05,0,A00,A0,A0,E0,0,0,2007,4,112,110,32,34,-2,1579
12133,4591,A05,0,A00,A0,A0,E0,0,0,2007,4,,,0,0,,2295
12,4591,A05,0,A00,A0,A0,E0,0,0,2007,4,26605,28693,10171,8083,2088,1844
12001,4591,A05,0,A00,A0,A0,E0,0,0,2008,1,414,375,65,104,-39,1227
12003,4591,A05,0,A00,A0,A0,E0,0,0,2008,1,,,,,,911
12005,4591,A05,0,A00,A0,A0,E0,0,0,2008,1,374,335,89,128,-39,1295
12007,4591,A05,0,A00,A0,A0,E0,0,0,2008,1,,,,,,589
12009,4591,A05,0,A00,A0,A0,E0,0,0,2008,1,692,645,128,175,-48,1337
12011,4591,A05,0,A00,A0,A0,E0,0,0,2008,1,4211,3772,572,1011,-439,1671
12015,4591,A05,0,A00,A0,A0,E0,0,0,2008,1,182,155,16,44,-27,1482
12017,4591,A05,0,A00,A0,A0,E0,0,0,2008,1,61,55,7,13,-7,1461
12019,4591,A05,0,A00,A0,A0,E0,0,0,2008,1,473,352,69,189,-120,2900
12021,4591,A05,0,A00,A0,A0,E0,0,0,2008,1,359,333,67,93,-26,1671
12023,4591,A05,0,A00,A0,A0,E0,0,0,2008,1,55,53,6,8,-2,1418
12027,4591,A05,0,A00,A0,A0,E0,0,0,2008,1,0,,,0,,
12031,4591,A05,0,A00,A0,A0,E0,0,0,2008,1,2120,1933,439,627,-187,1288
12033,4591,A05,0,A00,A0,A0,E0,0,0,2008,1,611,758,376,230,146,1203
12035,4591,A05,0,A00,A0,A0,E0,0,0,2008,1,20,24,14,10,4,783
12037,4591,A05,0,A00,A0,A0,E0,0,0,2008,1,15,14,3,3,0,1006
12039,4591,A05,0,A00,A0,A0,E0,0,0,2008,1,,,,,,730
12041,4591,A05,0,A00,A0,A0,E0,0,0,2008,1,,,,,,539
12051,4591,A05,0,A00,A0,A0,E0,0,0,2008,1,,,,,,774
12053,4591,A05,0,A00,A0,A0,E0,0,0,2008,1,53,60,14,7,7,1875
12055,4591,A05,0,A00,A0,A0,E0,0,0,2008,1,40,42,10,8,2,1099
12057,4591,A05,0,A00,A0,A0,E0,0,0,2008,1,2137,1942,264,459,-195,1682
12059,4591,A05,0,A00,A0,A0,E0,0,0,2008,1,,,0,,,652
12061,4591,A05,0,A00,A0,A0,E0,0,0,2008,1,223,251,108,80,28,2609
12063,4591,A05,0,A00,A0,A0,E0,0,0,2008,1,55,59,11,7,4,1334
12065,4591,A05,0,A00,A0,A0,E0,0,0,2008,1,,,0,0,,631
12067,4591,A05,0,A00,A0,A0,E0,0,0,2008,1,,,,,,736
12069,4591,A05,0,A00,A0,A0,E0,0,0,2008,1,181,184,38,34,4,1087
12071,4591,A05,0,A00,A0,A0,E0,0,0,2008,1,833,788,155,200,-45,1400
12073,4591,A05,0,A00,A0,A0,E0,0,0,2008,1,448,385,63,126,-63,1281
12075,4591,A05,0,A00,A0,A0,E0,0,0,2008,1,,,,,,694
12079,4591,A05,0,A00,A0,A0,E0,0,0,2008,1,,,,,,878
12081,4591,A05,0,A00,A0,A0,E0,0,0,2008,1,515,505,96,106,-10,2133
12083,4591,A05,0,A00,A0,A0,E0,0,0,2008,1,329,317,89,101,-12,1230
12085,4591,A05,0,A00,A0,A0,E0,0,0,2008,1,407,378,53,82,-29,1879
12086,4591,A05,0,A00,A0,A0,E0,0,0,2008,1,3116,2764,416,768,-352,2120
12087,4591,A05,0,A00,A0,A0,E0,0,0,2008,1,140,164,49,25,24,1837
12089,4591,A05,0,A00,A0,A0,E0,0,0,2008,1,41,40,10,10,-1,1472
12091,4591,A05,0,A00,A0,A0,E0,0,0,2008,1,536,508,76,104,-28,2073
12093,4591,A05,0,A00,A0,A0,E0,0,0,2008,1,14,14,4,5,-1,1014
12095,4591,A05,0,A00,A0,A0,E0,0,0,2008,1,2164,1914,309,559,-250,1476
12097,4591,A05,0,A00,A0,A0,E0,0,0,2008,1,317,304,61,73,-12,1049
12099,4591,A05,0,A00,A0,A0,E0,0,0,2008,1,1617,1515,301,403,-102,1923
12101,4591,A05,0,A00,A0,A0,E0,0,0,2008,1,329,298,60,91,-31,1236
12103,4591,A05,0,A00,A0,A0,E0,0,0,2008,1,1468,1319,165,315,-149,1597
12105,4591,A05,0,A00,A0,A0,E0,0,0,2008,1,742,679,143,206,-64,1358
12107,4591,A05,0,A00,A0,A0,E0,0,0,2008,1,33,30,4,7,-3,1275
12109,4591,A05,0,A00,A0,A0,E0,0,0,2008,1,195,171,41,64,-24,1337
12111,4591,A05,0,A00,A0,A0,E0,0,0,2008,1,131,114,19,35,-17,1269
12113,4591,A05,0,A00,A0,A0,E0,0,0,2008,1,96,92,25,29,-4,1525
12115,4591,A05,0,A00,A0,A0,E0,0,0,2008,1,620,571,74,124,-50,1516
12117,4591,A05,0,A00,A0,A0,E0,0,0,2008,1,1212,1117,217,312,-95,1320
12119,4591,A05,0,A00,A0,A0,E0,0,0,2008,1,42,40,9,12,-3,1076
12121,4591,A05,0,A00,A0,A0,E0,0,0,2008,1,24,22,4,6,-2,946
12123,4591,A05,0,A00,A0,A0,E0,0,0,2008,1,10,9,4,4,0,768
12127,4591,A05,0,A00,A0,A0,E0,0,0,2008,1,455,414,84,126,-42,1308
12129,4591,A05,0,A00,A0,A0,E0,0,0,2008,1,,,,0,,440
12131,4591,A05,0,A00,A0,A0,E0,0,0,2008,1,110,124,50,36,15,1494
12133,4591,A05,0,A00,A0,A0,E0,0,0,2008,1,,,,0,,2253
12,4591,A05,0,A00,A0,A0,E0,0,0,2008,1,28301,26009,4893,7185,-2291,1625
12001,4591,A05,0,A00,A0,A0,E0,0,0,2008,2,375,364,82,93,-11,1369
12003,4591,A05,0,A00,A0,A0,E0,0,0,2008,2,,,,0,,763
12005,4591,A05,0,A00,A0,A0,E0,0,0,2008,2,334,326,122,130,-8,1553
12007,4591,A05,0,A00,A0,A0,E0,0,0,2008,2,,,,,,641
12009,4591,A05,0,A00,A0,A0,E0,0,0,2008,2,646,615,109,140,-31,1456
12011,4591,A05,0,A00,A0,A0,E0,0,0,2008,2,3783,3678,656,761,-104,1812
12015,4591,A05,0,A00,A0,A0,E0,0,0,2008,2,155,147,24,33,-9,1602
12017,4591,A05,0,A00,A0,A0,E0,0,0,2008,2,55,52,4,6,-2,1370
12019,4591,A05,0,A00,A0,A0,E0,0,0,2008,2,352,369,66,50,17,2636
12021,4591,A05,0,A00,A0,A0,E0,0,0,2008,2,330,300,57,87,-30,1790
12023,4591,A05,0,A00,A0,A0,E0,0,0,2008,2,53,50,9,12,-2,1689
12027,4591,A05,0,A00,A0,A0,E0,0,0,2008,2,,,,,,2045
12031,4591,A05,0,A00,A0,A0,E0,0,0,2008,2,1931,1865,532,598,-66,1405
12033,4591,A05,0,A00,A0,A0,E0,0,0,2008,2,751,717,144,179,-35,1292
12035,4591,A05,0,A00,A0,A0,E0,0,0,2008,2,24,26,5,3,2,1079
12037,4591,A05,0,A00,A0,A0,E0,0,0,2008,2,14,18,4,0,4,1450
12039,4591,A05,0,A00,A0,A0,E0,0,0,2008,2,,,,,,815
12041,4591,A05,0,A00,A0,A0,E0,0,0,2008,2,,,0,,,755
12045,4591,A05,0,A00,A0,A0,E0,0,0,2008,2,,,,,,661
12051,4591,A05,0,A00,A0,A0,E0,0,0,2008,2,,,,,,1045
12053,4591,A05,0,A00,A0,A0,E0,0,0,2008,2,60,63,13,10,3,1979
12055,4591,A05,0,A00,A0,A0,E0,0,0,2008,2,42,38,7,12,-4,1263
12057,4591,A05,0,A00,A0,A0,E0,0,0,2008,2,1903,1838,345,410,-65,1832
12059,4591,A05,0,A00,A0,A0,E0,0,0,2008,2,,,0,0,,610
12061,4591,A05,0,A00,A0,A0,E0,0,0,2008,2,262,237,36,62,-26,2283
12063,4591,A05,0,A00,A0,A0,E0,0,0,2008,2,59,57,10,12,-3,1319
12065,4591,A05,0,A00,A0,A0,E0,0,0,2008,2,,,0,0,,631
12067,4591,A05,0,A00,A0,A0,E0,0,0,2008,2,,,,,,528
12069,4591,A05,0,A00,A0,A0,E0,0,0,2008,2,184,193,44,36,8,1256
12071,4591,A05,0,A00,A0,A0,E0,0,0,2008,2,786,712,129,203,-74,1513
12073,4591,A05,0,A00,A0,A0,E0,0,0,2008,2,385,371,84,98,-14,1473
12075,4591,A05,0,A00,A0,A0,E0,0,0,2008,2,9,7,3,5,-2,873
12079,4591,A05,0,A00,A0,A0,E0,0,0,2008,2,,,,,,835
12081,4591,A05,0,A00,A0,A0,E0,0,0,2008,2,505,493,100,111,-12,2175
12083,4591,A05,0,A00,A0,A0,E0,0,0,2008,2,317,285,46,77,-32,1391
12085,4591,A05,0,A00,A0,A0,E0,0,0,2008,2,378,360,55,73,-18,2023
12086,4591,A05,0,A00,A0,A0,E0,0,0,2008,2,2767,2724,565,608,-43,2253
12087,4591,A05,0,A00,A0,A0,E0,0,0,2008,2,165,161,40,44,-4,1808
12089,4591,A05,0,A00,A0,A0,E0,0,0,2008,2,40,50,18,9,9,1553
12091,4591,A05,0,A00,A0,A0,E0,0,0,2008,2,504,486,73,90,-18,2057
12093,4591,A05,0,A00,A0,A0,E0,0,0,2008,2,14,9,,7,-5,992
12095,4591,A05,0,A00,A0,A0,E0,0,0,2008,2,1914,1860,406,460,-55,1661
12097,4591,A05,0,A00,A0,A0,E0,0,0,2008,2,304,281,77,101,-24,1126
12099,4591,A05,0,A00,A0,A0,E0,0,0,2008,2,1514,1501,351,364,-13,2074
12101,4591,A05,0,A00,A0,A0,E0,0,0,2008,2,303,299,63,67,-4,1454
12103,4591,A05,0,A00,A0,A0,E0,0,0,2008,2,1311,1302,234,243,-9,1851
12105,4591,A05,0,A00,A0,A0,E0,0,0,2008,2,679,644,118,152,-34,1407
12107,4591,A05,0,A00,A0,A0,E0,0,0,2008,2,30,27,4,6,-3,1290
12109,4591,A05,0,A00,A0,A0,E0,0,0,2008,2,171,157,32,47,-14,1416
12111,4591,A05,0,A00,A0,A0,E0,0,0,2008,2,114,107,18,25,-7,1516
12113,4591,A05,0,A00,A0,A0,E0,0,0,2008,2,92,78,13,27,-14,1587
12115,4591,A05,0,A00,A0,A0,E0,0,0,2008,2,571,584,135,122,13,1626
12117,4591,A05,0,A00,A0,A0,E0,0,0,2008,2,1104,1093,273,283,-11,1523
12119,4591,A05,0,A00,A0,A0,E0,0,0,2008,2,40,34,,8,-5,1079
12121,4591,A05,0,A00,A0,A0,E0,0,0,2008,2,22,22,6,7,0,882
12123,4591,A05,0,A00,A0,A0,E0,0,0,2008,2,,,,,,799
12127,4591,A05,0,A00,A0,A0,E0,0,0,2008,2,414,403,85,96,-10,1479
12129,4591,A05,0,A00,A0,A0,E0,0,0,2008,2,,,,0,,888
12131,4591,A05,0,A00,A0,A0,E0,0,0,2008,2,124,138,72,58,14,1514
12133,4591,A05,0,A00,A0,A0,E0,0,0,2008,2,,,,,,1210
12,4591,A05,0,A00,A0,A0,E0,0,0,2008,2,25965,25215,5300,6050,-750,1750
12001,4591,A05,0,A00,A0,A0,E0,0,0,2008,3,361,368,93,86,7,1286
12003,4591,A05,0,A00,A0,A0,E0,0,0,2008,3,,,,,,910
12005,4591,A05,0,A00,A0,A0,E0,0,0,2008,3,326,320,112,118,-6,1453
12007,4591,A05,0,A00,A0,A0,E0,0,0,2008,3,,,,,,764
12009,4591,A05,0,A00,A0,A0,E0,0,0,2008,3,620,635,152,137,15,1411
12011,4591,A05,0,A00,A0,A0,E0,0,0,2008,3,3680,3714,767,733,34,1707
12015,4591,A05,0,A00,A0,A0,E0,0,0,2008,3,149,151,26,23,3,1639
12017,4591,A05,0,A00,A0,A0,E0,0,0,2008,3,52,48,5,9,-4,1210
12019,4591,A05,0,A00,A0,A0,E0,0,0,2008,3,369,466,209,112,98,3367
12021,4591,A05,0,A00,A0,A0,E0,0,0,2008,3,301,294,59,66,-7,1904
12023,4591,A05,0,A00,A0,A0,E0,0,0,2008,3,51,50,10,10,-1,1321
12027,4591,A05,0,A00,A0,A0,E0,0,0,2008,3,,,0,0,,3475
12031,4591,A05,0,A00,A0,A0,E0,0,0,2008,3,1866,1823,566,609,-42,1361
12033,4591,A05,0,A00,A0,A0,E0,0,0,2008,3,710,727,194,177,16,1288
12035,4591,A05,0,A00,A0,A0,E0,0,0,2008,3,26,24,3,5,-2,1024
12037,4591,A05,0,A00,A0,A0,E0,0,0,2008,3,18,15,4,7,-3,1450
12039,4591,A05,0,A00,A0,A0,E0,0,0,2008,3,,,,,,886
12041,4591,A05,0,A00,A0,A0,E0,0,0,2008,3,,,0,0,,713
12045,4591,A05,0,A00,A0,A0,E0,0,0,2008,3,,,,,,206
12051,4591,A05,0,A00,A0,A0,E0,0,0,2008,3,,,,,,358
12053,4591,A05,0,A00,A0,A0,E0,0,0,2008,3,63,66,15,12,3,1689
12055,4591,A05,0,A00,A0,A0,E0,0,0,2008,3,38,37,10,11,-1,1120
12057,4591,A05,0,A00,A0,A0,E0,0,0,2008,3,1642,1646,357,353,4,1852
12059,4591,A05,0,A00,A0,A0,E0,0,0,2008,3,,,,,,296
12061,4591,A05,0,A00,A0,A0,E0,0,0,2008,3,232,232,44,44,0,2273
12063,4591,A05,0,A00,A0,A0,E0,0,0,2008,3,57,65,20,11,9,1216
12065,4591,A05,0,A00,A0,A0,E0,0,0,2008,3,,,0,0,,631
12067,4591,A05,0,A00,A0,A0,E0,0,0,2008,3,7,8,,,1,488
12069,4591,A05,0,A00,A0,A0,E0,0,0,2008,3,193,204,58,47,11,1137
12071,4591,A05,0,A00,A0,A0,E0,0,0,2008,3,711,700,146,158,-12,1449
12073,4591,A05,0,A00,A0,A0,E0,0,0,2008,3,371,377,99,93,6,1431
12075,4591,A05,0,A00,A0,A0,E0,0,0,2008,3,,,,,,877
12079,4591,A05,0,A00,A0,A0,E0,0,0,2008,3,,,,,,888
12081,4591,A05,0,A00,A0,A0,E0,0,0,2008,3,494,515,114,93,21,2349
12083,4591,A05,0,A00,A0,A0,E0,0,0,2008,3,286,284,63,65,-2,1411
12085,4591,A05,0,A00,A0,A0,E0,0,0,2008,3,356,347,57,65,-9,2027
12086,4591,A05,0,A00,A0,A0,E0,0,0,2008,3,2729,2766,573,536,37,2119
12087,4591,A05,0,A00,A0,A0,E0,0,0,2008,3,161,135,23,49,-26,1745
12089,4591,A05,0,A00,A0,A0,E0,0,0,2008,3,50,49,20,21,-1,1565
12091,4591,A05,0,A00,A0,A0,E0,0,0,2008,3,477,488,115,104,11,2220
12093,4591,A05,0,A00,A0,A0,E0,0,0,2008,3,9,11,4,,2,903
12095,4591,A05,0,A00,A0,A0,E0,0,0,2008,3,1841,1844,461,458,3,1694
12097,4591,A05,0,A00,A0,A0,E0,0,0,2008,3,280,282,100,98,2,1155
12099,4591,A05,0,A00,A0,A0,E0,0,0,2008,3,1502,1474,302,330,-28,2049
12101,4591,A05,0,A00,A0,A0,E0,0,0,2008,3,369,361,59,67,-8,1458
12103,4591,A05,0,A00,A0,A0,E0,0,0,2008,3,1480,1459,233,253,-21,1817
12105,4591,A05,0,A00,A0,A0,E0,0,0,2008,3,644,634,133,143,-10,1456
12107,4591,A05,0,A00,A0,A0,E0,0,0,2008,3,27,26,6,8,-1,1055
12109,4591,A05,0,A00,A0,A0,E0,0,0,2008,3,157,151,48,53,-6,1519
12111,4591,A05,0,A00,A0,A0,E0,0,0,2008,3,107,111,23,19,4,1406
12113,4591,A05,0,A00,A0,A0,E0,0,0,2008,3,78,69,12,21,-9,1671
12115,4591,A05,0,A00,A0,A0,E0,0,0,2008,3,584,562,95,117,-22,1539
12117,4591,A05,0,A00,A0,A0,E0,0,0,2008,3,1096,1064,200,232,-32,1470
12119,4591,A05,0,A00,A0,A0,E0,0,0,2008,3,34,34,8,8,0,1147
12121,4591,A05,0,A00,A0,A0,E0,0,0,2008,3,22,22,7,6,1,819
12123,4591,A05,0,A00,A0,A0,E0,0,0,2008,3,,,,,,1034
12127,4591,A05,0,A00,A0,A0,E0,0,0,2008,3,404,407,106,104,2,1481
12129,4591,A05,0,A00,A0,A0,E0,0,0,2008,3,,,0,,,573
12131,4591,A05,0,A00,A0,A0,E0,0,0,2008,3,130,101,34,63,-29,1421
12133,4591,A05,0,A00,A0,A0,E0,0,0,2008,3,,,,,,1039
12,4591,A05,0,A00,A0,A0,E0,0,0,2008,3,25234,25240,5767,5762,5,1725
12001,4591,A05,0,A00,A0,A0,E0,0,0,2008,4,368,382,120,106,14,1438
12003,4591,A05,0,A00,A0,A0,E0,0,0,2008,4,,,0,,,758
12005,4591,A05,0,A00,A0,A0,E0,0,0,2008,4,320,340,111,91,20,1516
12007,4591,A05,0,A00,A0,A0,E0,0,0,2008,4,,,0,0,,1271
12009,4591,A05,0,A00,A0,A0,E0,0,0,2008,4,632,632,174,175,-1,1459
12011,4591,A05,0,A00,A0,A0,E0,0,0,2008,4,3696,4053,1177,820,357,1827
12015,4591,A05,0,A00,A0,A0,E0,0,0,2008,4,151,183,62,30,32,1816
12017,4591,A05,0,A00,A0,A0,E0,0,0,2008,4,48,52,6,,4,1329
12019,4591,A05,0,A00,A0,A0,E0,0,0,2008,4,466,449,80,97,-17,3004
12021,4591,A05,0,A00,A0,A0,E0,0,0,2008,4,294,338,114,70,44,1998
12023,4591,A05,0,A00,A0,A0,E0,0,0,2008,4,50,53,13,10,3,1700
12027,4591,A05,0,A00,A0,A0,E0,0,0,2008,4,,,0,0,,2896
12031,4591,A05,0,A00,A0,A0,E0,0,0,2008,4,1823,1971,745,596,148,1442
12033,4591,A05,0,A00,A0,A0,E0,0,0,2008,4,726,689,400,438,-37,1417
12035,4591,A05,0,A00,A0,A0,E0,0,0,2008,4,24,25,6,5,1,1105
12037,4591,A05,0,A00,A0,A0,E0,0,0,2008,4,15,12,0,3,-3,1005
12039,4591,A05,0,A00,A0,A0,E0,0,0,2008,4,,,,,,778
12041,4591,A05,0,A00,A0,A0,E0,0,0,2008,4,,,,0,,646
12045,4591,A05,0,A00,A0,A0,E0,0,0,2008,4,,,,,,569
12049,4591,A05,0,A00,A0,A0,E0,0,0,2008,4,0,,,0,,
12051,4591,A05,0,A00,A0,A0,E0,0,0,2008,4,,,,,,707
12053,4591,A05,0,A00,A0,A0,E0,0,0,2008,4,66,75,17,8,9,1588
12055,4591,A05,0,A00,A0,A0,E0,0,0,2008,4,35,38,8,5,3,1297
12057,4591,A05,0,A00,A0,A0,E0,0,0,2008,4,1682,1773,435,344,91,1921
12059,4591,A05,0,A00,A0,A0,E0,0,0,2008,4,,,0,0,,506
12061,4591,A05,0,A00,A0,A0,E0,0,0,2008,4,234,206,58,85,-28,2473
12063,4591,A05,0,A00,A0,A0,E0,0,0,2008,4,65,61,5,9,-4,1304
12065,4591,A05,0,A00,A0,A0,E0,0,0,2008,4,,,0,0,,631
12067,4591,A05,0,A00,A0,A0,E0,0,0,2008,4,,,,,,925
12069,4591,A05,0,A00,A0,A0,E0,0,0,2008,4,207,228,80,59,21,1261
12071,4591,A05,0,A00,A0,A0,E0,0,0,2008,4,708,857,313,164,149,1695
12073,4591,A05,0,A00,A0,A0,E0,0,0,2008,4,377,380,106,103,3,1511
12075,4591,A05,0,A00,A0,A0,E0,0,0,2008,4,,,,,,616
12079,4591,A05,0,A00,A0,A0,E0,0,0,2008,4,,,,0,,907
12081,4591,A05,0,A00,A0,A0,E0,0,0,2008,4,525,559,114,80,34,2377
12083,4591,A05,0,A00,A0,A0,E0,0,0,2008,4,284,312,91,63,29,1423
12085,4591,A05,0,A00,A0,A0,E0,0,0,2008,4,350,360,71,61,11,2341
12086,4591,A05,0,A00,A0,A0,E0,0,0,2008,4,2768,3173,1039,633,406,2257
12087,4591,A05,0,A00,A0,A0,E0,0,0,2008,4,135,129,27,33,-7,1825
12089,4591,A05,0,A00,A0,A0,E0,0,0,2008,4,49,45,10,14,-4,1499
12091,4591,A05,0,A00,A0,A0,E0,0,0,2008,4,489,499,113,103,10,2061
12093,4591,A05,0,A00,A0,A0,E0,0,0,2008,4,11,13,5,,2,931
12095,4591,A05,0,A00,A0,A0,E0,0,0,2008,4,1859,2055,647,452,196,1741
12097,4591,A05,0,A00,A0,A0,E0,0,0,2008,4,283,324,105,64,42,1213
12099,4591,A05,0,A00,A0,A0,E0,0,0,2008,4,1477,1641,508,344,163,2315
12101,4591,A05,0,A00,A0,A0,E0,0,0,2008,4,362,431,148,79,69,1524
12103,4591,A05,0,A00,A0,A0,E0,0,0,2008,4,1490,1563,354,281,73,1868
12105,4591,A05,0,A00,A0,A0,E0,0,0,2008,4,634,679,177,132,45,1456
12107,4591,A05,0,A00,A0,A0,E0,0,0,2008,4,26,30,8,4,3,1209
12109,4591,A05,0,A00,A0,A0,E0,0,0,2008,4,151,152,45,44,1,1551
12111,4591,A05,0,A00,A0,A0,E0,0,0,2008,4,111,125,43,29,14,1458
12113,4591,A05,0,A00,A0,A0,E0,0,0,2008,4,69,82,28,15,13,2317
12115,4591,A05,0,A00,A0,A0,E0,0,0,2008,4,558,586,127,99,28,1724
12117,4591,A05,0,A00,A0,A0,E0,0,0,2008,4,1062,1136,316,242,74,1536
12119,4591,A05,0,A00,A0,A0,E0,0,0,2008,4,34,35,4,,2,1354
12121,4591,A05,0,A00,A0,A0,E0,0,0,2008,4,22,24,5,4,2,928
12123,4591,A05,0,A00,A0,A0,E0,0,0,2008,4,,,,,,1306
12127,4591,A05,0,A00,A0,A0,E0,0,0,2008,4,409,460,141,90,51,1672
12129,4591,A05,0,A00,A0,A0,E0,0,0,2008,4,,,,,,290
12131,4591,A05,0,A00,A0,A0,E0,0,0,2008,4,101,90,27,38,-11,1577
12133,4591,A05,0,A00,A0,A0,E0,0,0,2008,4,,,,,,1134
12,4591,A05,0,A00,A0,A0,E0,0,0,2008,4,25328,27398,8213,6143,2070,1832
12001,4591,A05,0,A00,A0,A0,E0,0,0,2009,1,393,354,47,87,-40,1130
12003,4591,A05,0,A00,A0,A0,E0,0,0,2009,1,,,,,,571
12005,4591,A05,0,A00,A0,A0,E0,0,0,2009,1,346,326,83,104,-20,1242
12007,4591,A05,0,A00,A0,A0,E0,0,0,2009,1,,,0,0,,654
12009,4591,A05,0,A00,A0,A0,E0,0,0,2009,1,665,616,86,136,-50,1225
12011,4591,A05,0,A00,A0,A0,E0,0,0,2009,1,4802,4213,376,965,-589,1828
12015,4591,A05,0,A00,A0,A0,E0,0,0,2009,1,177,151,16,42,-26,1371
12017,4591,A05,0,A00,A0,A0,E0,0,0,2009,1,58,52,6,11,-5,1149
12019,4591,A05,0,A00,A0,A0,E0,0,0,2009,1,472,406,60,126,-66,3095
12021,4591,A05,0,A00,A0,A0,E0,0,0,2009,1,340,302,41,80,-39,1639
12023,4591,A05,0,A00,A0,A0,E0,0,0,2009,1,66,59,4,10,-7,1225
12027,4591,A05,0,A00,A0,A0,E0,0,0,2009,1,,,0,0,,1158
12031,4591,A05,0,A00,A0,A0,E0,0,0,2009,1,2032,1845,293,480,-187,1307
12033,4591,A05,0,A00,A0,A0,E0,0,0,2009,1,665,572,87,180,-93,1107
12035,4591,A05,0,A00,A0,A0,E0,0,0,2009,1,23,27,7,3,3,1013
12037,4591,A05,0,A00,A0,A0,E0,0,0,2009,1,12,13,,0,1,1087
12039,4591,A05,0,A00,A0,A0,E0,0,0,2009,1,5,4,2,3,-1,490
12041,4591,A05,0,A00,A0,A0,E0,0,0,2009,1,,,,,,737
12045,4591,A05,0,A00,A0,A0,E0,0,0,2009,1,,,,,,650
12049,4591,A05,0,A00,A0,A0,E0,0,0,2009,1,,,,,,523
12051,4591,A05,0,A00,A0,A0,E0,0,0,2009,1,,,,,,1013
12053,4591,A05,0,A00,A0,A0,E0,0,0,2009,1,82,91,23,15,9,1171
12055,4591,A05,0,A00,A0,A0,E0,0,0,2009,1,47,48,6,6,1,1070
12057,4591,A05,0,A00,A0,A0,E0,0,0,2009,1,1888,1710,160,337,-177,1597
12059,4591,A05,0,A00,A0,A0,E0,0,0,2009,1,,,0,0,,506
12061,4591,A05,0,A00,A0,A0,E0,0,0,2009,1,211,196,17,32,-15,2406
12063,4591,A05,0,A00,A0,A0,E0,0,0,2009,1,48,46,6,9,-2,1177
12065,4591,A05,0,A00,A0,A0,E0,0,0,2009,1,,,0,0,,684
12067,4591,A05,0,A00,A0,A0,E0,0,0,2009,1,,,,,,713
12069,4591,A05,0,A00,A0,A0,E0,0,0,2009,1,238,246,39,31,8,1172
12071,4591,A05,0,A00,A0,A0,E0,0,0,2009,1,875,788,87,173,-86,1324
12073,4591,A05,0,A00,A0,A0,E0,0,0,2009,1,415,359,34,91,-56,1322
12075,4591,A05,0,A00,A0,A0,E0,0,0,2009,1,10,11,3,,1,1063
12079,4591,A05,0,A00,A0,A0,E0,0,0,2009,1,,,0,,,710
12081,4591,A05,0,A00,A0,A0,E0,0,0,2009,1,567,486,44,125,-81,2049
12083,4591,A05,0,A00,A0,A0,E0,0,0,2009,1,347,304,38,81,-43,1240
12085,4591,A05,0,A00,A0,A0,E0,0,0,2009,1,362,342,57,77,-20,1977
12086,4591,A05,0,A00,A0,A0,E0,0,0,2009,1,3417,2956,376,837,-461,1622
12087,4591,A05,0,A00,A0,A0,E0,0,0,2009,1,128,126,23,25,-2,1725
12089,4591,A05,0,A00,A0,A0,E0,0,0,2009,1,41,39,4,5,-1,1260
12091,4591,A05,0,A00,A0,A0,E0,0,0,2009,1,512,436,41,117,-77,2038
12093,4591,A05,0,A00,A0,A0,E0,0,0,2009,1,13,14,,,1,1144
12095,4591,A05,0,A00,A0,A0,E0,0,0,2009,1,2252,1922,284,614,-330,1389
12097,4591,A05,0,A00,A0,A0,E0,0,0,2009,1,351,336,63,78,-15,1038
12099,4591,A05,0,A00,A0,A0,E0,0,0,2009,1,1727,1521,196,402,-206,1771
12101,4591,A05,0,A00,A0,A0,E0,0,0,2009,1,475,374,44,145,-100,1054
12103,4591,A05,0,A00,A0,A0,E0,0,0,2009,1,1641,1507,153,287,-134,1583
12105,4591,A05,0,A00,A0,A0,E0,0,0,2009,1,732,660,81,153,-73,1334
12107,4591,A05,0,A00,A0,A0,E0,0,0,2009,1,30,28,3,4,-1,1249
12109,4591,A05,0,A00,A0,A0,E0,0,0,2009,1,168,157,35,46,-11,1447
12111,4591,A05,0,A00,A0,A0,E0,0,0,2009,1,129,114,15,29,-14,1230
12113,4591,A05,0,A00,A0,A0,E0,0,0,2009,1,73,84,31,20,11,1440
12115,4591,A05,0,A00,A0,A0,E0,0,0,2009,1,594,534,65,125,-60,1480
12117,4591,A05,0,A00,A0,A0,E0,0,0,2009,1,1212,1037,88,262,-175,1288
12119,4591,A05,0,A00,A0,A0,E0,0,0,2009,1,35,32,5,9,-4,1154
12121,4591,A05,0,A00,A0,A0,E0,0,0,2009,1,24,19,6,11,-5,841
12123,4591,A05,0,A00,A0,A0,E0,0,0,2009,1,,,,,,777
12127,4591,A05,0,A00,A0,A0,E0,0,0,2009,1,451,386,47,113,-66,1282
12129,4591,A05,0,A00,A0,A0,E0,0,0,2009,1,,,,,,253
12131,4591,A05,0,A00,A0,A0,E0,0,0,2009,1,75,75,17,17,0,1332
12133,4591,A05,0,A00,A0,A0,E0,0,0,2009,1,,,,,,1184
12,4591,A05,0,A00,A0,A0,E0,0,0,2009,1,29305,26005,3226,6526,-3300,1558
12001,4591,A05,0,A00,A0,A0,E0,0,0,2009,2,353,339,55,69,-14,1290
12003,4591,A05,0,A00,A0,A0,E0,0,0,2009,2,,,,0,,720
12005,4591,A05,0,A00,A0,A0,E0,0,0,2009,2,328,339,88,77,11,1499
12007,4591,A05,0,A00,A0,A0,E0,0,0,2009,2,,,,0,,694
12009,4591,A05,0,A00,A0,A0,E0,0,0,2009,2,616,591,78,102,-24,1423
12011,4591,A05,0,A00,A0,A0,E0,0,0,2009,2,4182,4053,438,567,-129,1976
12015,4591,A05,0,A00,A0,A0,E0,0,0,2009,2,151,137,10,24,-14,1511
12017,4591,A05,0,A00,A0,A0,E0,0,0,2009,2,52,50,5,8,-3,1232
12019,4591,A05,0,A00,A0,A0,E0,0,0,2009,2,405,388,33,50,-17,2465
12021,4591,A05,0,A00,A0,A0,E0,0,0,2009,2,303,266,30,67,-37,1856
12023,4591,A05,0,A00,A0,A0,E0,0,0,2009,2,59,59,12,11,0,1453
12027,4591,A05,0,A00,A0,A0,E0,0,0,2009,2,,,,0,,579
12031,4591,A05,0,A00,A0,A0,E0,0,0,2009,2,1834,1803,345,375,-31,1471
12033,4591,A05,0,A00,A0,A0,E0,0,0,2009,2,580,584,125,121,4,1372
12035,4591,A05,0,A00,A0,A0,E0,0,0,2009,2,27,27,5,5,0,999
12037,4591,A05,0,A00,A0,A0,E0,0,0,2009,2,13,15,3,,2,1432
12039,4591,A05,0,A00,A0,A0,E0,0,0,2009,2,,,,,,906
12041,4591,A05,0,A00,A0,A0,E0,0,0,2009,2,,,,,,805
12045,4591,A05,0,A00,A0,A0,E0,0,0,2009,2,,,0,,,871
12049,4591,A05,0,A00,A0,A0,E0,0,0,2009,2,,,,,,733
12051,4591,A05,0,A00,A0,A0,E0,0,0,2009,2,,,,,,1095
12053,4591,A05,0,A00,A0,A0,E0,0,0,2009,2,90,86,16,20,-4,1360
12055,4591,A05,0,A00,A0,A0,E0,0,0,2009,2,47,46,7,8,-1,1160
12057,4591,A05,0,A00,A0,A0,E0,0,0,2009,2,1706,1645,214,276,-62,1672
12059,4591,A05,0,A00,A0,A0,E0,0,0,2009,2,,,0,0,,506
12061,4591,A05,0,A00,A0,A0,E0,0,0,2009,2,196,182,15,29,-14,2681
12063,4591,A05,0,A00,A0,A0,E0,0,0,2009,2,46,47,3,2,1,1351
12065,4591,A05,0,A00,A0,A0,E0,0,0,2009,2,,,0,0,,928
12067,4591,A05,0,A00,A0,A0,E0,0,0,2009,2,8,12,7,,4,746
12069,4591,A05,0,A00,A0,A0,E0,0,0,2009,2,246,231,28,44,-16,1106
12071,4591,A05,0,A00,A0,A0,E0,0,0,2009,2,789,722,105,172,-67,1506
12073,4591,A05,0,A00,A0,A0,E0,0,0,2009,2,359,355,70,74,-4,1470
12075,4591,A05,0,A00,A0,A0,E0,0,0,2009,2,11,10,,3,-1,1107
12079,4591,A05,0,A00,A0,A0,E0,0,0,2009,2,,,0,,,979
12081,4591,A05,0,A00,A0,A0,E0,0,0,2009,2,477,442,30,65,-35,2262
12083,4591,A05,0,A00,A0,A0,E0,0,0,2009,2,302,313,43,31,12,1494
12085,4591,A05,0,A00,A0,A0,E0,0,0,2009,2,341,325,42,58,-16,2087
12086,4591,A05,0,A00,A0,A0,E0,0,0,2009,2,2957,2855,388,491,-102,2046
12087,4591,A05,0,A00,A0,A0,E0,0,0,2009,2,126,131,33,27,5,1911
12089,4591,A05,0,A00,A0,A0,E0,0,0,2009,2,39,33,5,11,-6,1389
12091,4591,A05,0,A00,A0,A0,E0,0,0,2009,2,435,423,44,56,-12,2223
12093,4591,A05,0,A00,A0,A0,E0,0,0,2009,2,14,13,,3,-1,1377
12095,4591,A05,0,A00,A0,A0,E0,0,0,2009,2,1906,1851,256,311,-55,1625
12097,4591,A05,0,A00,A0,A0,E0,0,0,2009,2,339,326,52,65,-13,1110
12099,4591,A05,0,A00,A0,A0,E0,0,0,2009,2,1533,1440,184,277,-93,2062
12101,4591,A05,0,A00,A0,A0,E0,0,0,2009,2,375,352,50,73,-23,1302
12103,4591,A05,0,A00,A0,A0,E0,0,0,2009,2,1508,1468,184,223,-39,1873
12105,4591,A05,0,A00,A0,A0,E0,0,0,2009,2,660,642,82,99,-17,1372
12107,4591,A05,0,A00,A0,A0,E0,0,0,2009,2,28,29,5,5,1,1285
12109,4591,A05,0,A00,A0,A0,E0,0,0,2009,2,147,160,37,24,13,1343
12111,4591,A05,0,A00,A0,A0,E0,0,0,2009,2,114,124,26,16,10,1510
12113,4591,A05,0,A00,A0,A0,E0,0,0,2009,2,84,74,23,33,-10,1465
12115,4591,A05,0,A00,A0,A0,E0,0,0,2009,2,536,519,81,98,-17,1616
12117,4591,A05,0,A00,A0,A0,E0,0,0,2009,2,1044,1046,170,169,2,1520
12119,4591,A05,0,A00,A0,A0,E0,0,0,2009,2,32,15,,19,-17,977
12121,4591,A05,0,A00,A0,A0,E0,0,0,2009,2,19,19,4,4,0,1058
12123,4591,A05,0,A00,A0,A0,E0,0,0,2009,2,,,,,,976
12127,4591,A05,0,A00,A0,A0,E0,0,0,2009,2,375,380,66,61,5,1422
12129,4591,A05,0,A00,A0,A0,E0,0,0,2009,2,,,,,,737
12131,4591,A05,0,A00,A0,A0,E0,0,0,2009,2,73,92,36,17,19,1544
12133,4591,A05,0,A00,A0,A0,E0,0,0,2009,2,,,,,,1099
12,4591,A05,0,A00,A0,A0,E0,0,0,2009,2,25940,25143,3560,4358,-798,1751
12001,4591,A05,0,A00,A0,A0,E0,0,0,2009,3,326,341,76,61,15,1345
12003,4591,A05,0,A00,A0,A0,E0,0,0,2009,3,,,,,,599
12005,4591,A05,0,A00,A0,A0,E0,0,0,2009,3,340,329,81,92,-11,1453
12007,4591,A05,0,A00,A0,A0,E0,0,0,2009,3,,,,,,792
12009,4591,A05,0,A00,A0,A0,E0,0,0,2009,3,597,581,72,88,-16,1430
12011,4591,A05,0,A00,A0,A0,E0,0,0,2009,3,4065,4087,550,528,23,1881
12015,4591,A05,0,A00,A0,A0,E0,0,0,2009,3,133,138,25,20,5,1574
12017,4591,A05,0,A00,A0,A0,E0,0,0,2009,3,50,50,9,9,0,1168
12019,4591,A05,0,A00,A0,A0,E0,0,0,2009,3,388,428,84,45,40,2950
12021,4591,A05,0,A00,A0,A0,E0,0,0,2009,3,273,277,50,46,4,1854
12023,4591,A05,0,A00,A0,A0,E0,0,0,2009,3,59,62,13,10,3,1355
12027,4591,A05,0,A00,A0,A0,E0,0,0,2009,3,,,,,,439
12031,4591,A05,0,A00,A0,A0,E0,0,0,2009,3,1802,1800,339,341,-2,1438
12033,4591,A05,0,A00,A0,A0,E0,0,0,2009,3,599,586,97,109,-13,1401
12035,4591,A05,0,A00,A0,A0,E0,0,0,2009,3,27,29,6,4,2,992
12037,4591,A05,0,A00,A0,A0,E0,0,0,2009,3,15,12,3,6,-3,1426
12039,4591,A05,0,A00,A0,A0,E0,0,0,2009,3,,,,,,730
12041,4591,A05,0,A00,A0,A0,E0,0,0,2009,3,,,,,,835
12045,4591,A05,0,A00,A0,A0,E0,0,0,2009,3,,0,0,,,198
12049,4591,A05,0,A00,A0,A0,E0,0,0,2009,3,,,,,,720
12051,4591,A05,0,A00,A0,A0,E0,0,0,2009,3,,,,,,1008
12053,4591,A05,0,A00,A0,A0,E0,0,0,2009,3,85,82,12,15,-3,1312
12055,4591,A05,0,A00,A0,A0,E0,0,0,2009,3,46,42,7,10,-3,1134
12057,4591,A05,0,A00,A0,A0,E0,0,0,2009,3,1643,1677,259,225,34,1692
12059,4591,A05,0,A00,A0,A0,E0,0,0,2009,3,,,0,0,,506
12061,4591,A05,0,A00,A0,A0,E0,0,0,2009,3,183,186,29,26,3,2386
12063,4591,A05,0,A00,A0,A0,E0,0,0,2009,3,47,47,3,2,1,1306
12065,4591,A05,0,A00,A0,A0,E0,0,0,2009,3,,,0,0,,1029
12067,4591,A05,0,A00,A0,A0,E0,0,0,2009,3,12,12,4,4,0,916
12069,4591,A05,0,A00,A0,A0,E0,0,0,2009,3,236,221,32,48,-16,1100
12071,4591,A05,0,A00,A0,A0,E0,0,0,2009,3,693,676,96,113,-17,1493
12073,4591,A05,0,A00,A0,A0,E0,0,0,2009,3,351,356,87,81,5,1461
12075,4591,A05,0,A00,A0,A0,E0,0,0,2009,3,10,14,7,3,4,1089
12079,4591,A05,0,A00,A0,A0,E0,0,0,2009,3,,,0,0,,1090
12081,4591,A05,0,A00,A0,A0,E0,0,0,2009,3,439,437,39,41,-1,2409
12083,4591,A05,0,A00,A0,A0,E0,0,0,2009,3,322,320,43,45,-2,1407
12085,4591,A05,0,A00,A0,A0,E0,0,0,2009,3,340,350,59,50,10,1948
12086,4591,A05,0,A00,A0,A0,E0,0,0,2009,3,2845,2867,472,450,22,1918
12087,4591,A05,0,A00,A0,A0,E0,0,0,2009,3,131,125,28,34,-6,1804
12089,4591,A05,0,A00,A0,A0,E0,0,0,2009,3,33,28,11,16,-5,1243
12091,4591,A05,0,A00,A0,A0,E0,0,0,2009,3,439,427,85,96,-11,2166
12093,4591,A05,0,A00,A0,A0,E0,0,0,2009,3,13,13,3,3,0,1113
12095,4591,A05,0,A00,A0,A0,E0,0,0,2009,3,1861,1839,300,322,-22,1644
12097,4591,A05,0,A00,A0,A0,E0,0,0,2009,3,328,329,56,55,1,1132
12099,4591,A05,0,A00,A0,A0,E0,0,0,2009,3,1432,1447,274,259,16,1997
12101,4591,A05,0,A00,A0,A0,E0,0,0,2009,3,340,328,40,53,-13,1359
12103,4591,A05,0,A00,A0,A0,E0,0,0,2009,3,1476,1440,163,200,-37,1783
12105,4591,A05,0,A00,A0,A0,E0,0,0,2009,3,639,621,93,111,-18,1477
12107,4591,A05,0,A00,A0,A0,E0,0,0,2009,3,29,30,4,4,0,1221
12109,4591,A05,0,A00,A0,A0,E0,0,0,2009,3,160,158,30,31,-2,1383
12111,4591,A05,0,A00,A0,A0,E0,0,0,2009,3,124,119,23,27,-4,1327
12113,4591,A05,0,A00,A0,A0,E0,0,0,2009,3,74,66,17,24,-8,1511
12115,4591,A05,0,A00,A0,A0,E0,0,0,2009,3,513,500,73,85,-12,1605
12117,4591,A05,0,A00,A0,A0,E0,0,0,2009,3,1041,1048,153,145,8,1464
12119,4591,A05,0,A00,A0,A0,E0,0,0,2009,3,15,18,4,0,3,1433
12121,4591,A05,0,A00,A0,A0,E0,0,0,2009,3,19,21,4,,1,1155
12123,4591,A05,0,A00,A0,A0,E0,0,0,2009,3,8,9,3,,1,991
12127,4591,A05,0,A00,A0,A0,E0,0,0,2009,3,389,379,60,70,-10,1423
12129,4591,A05,0,A00,A0,A0,E0,0,0,2009,3,,,,,,597
12131,4591,A05,0,A00,A0,A0,E0,0,0,2009,3,87,67,13,34,-21,1387
12133,4591,A05,0,A00,A0,A0,E0,0,0,2009,3,,,,,,837
12,4591,A05,0,A00,A0,A0,E0,0,0,2009,3,25149,25097,4011,4063,-52,1713
12001,4591,A05,0,A00,A0,A0,E0,0,0,2009,4,338,357,122,104,18,1565
12003,4591,A05,0,A00,A0,A0,E0,0,0,2009,4,,,0,0,,785
12005,4591,A05,0,A00,A0,A0,E0,0,0,2009,4,329,343,127,112,14,1639
12007,4591,A05,0,A00,A0,A0,E0,0,0,2009,4,,,,,,827
12009,4591,A05,0,A00,A0,A0,E0,0,0,2009,4,577,587,160,150,10,1549
12011,4591,A05,0,A00,A0,A0,E0,0,0,2009,4,4088,4334,1080,833,246,2127
12015,4591,A05,0,A00,A0,A0,E0,0,0,2009,4,137,158,53,33,20,1731
12017,4591,A05,0,A00,A0,A0,E0,0,0,2009,4,50,43,7,14,-7,1130
12019,4591,A05,0,A00,A0,A0,E0,0,0,2009,4,428,445,116,100,17,5319
12021,4591,A05,0,A00,A0,A0,E0,0,0,2009,4,278,359,161,79,82,2136
12023,4591,A05,0,A00,A0,A0,E0,0,0,2009,4,62,61,10,12,-1,1494
12027,4591,A05,0,A00,A0,A0,E0,0,0,2009,4,,,,,,456
12031,4591,A05,0,A00,A0,A0,E0,0,0,2009,4,1794,1976,720,539,181,1653
12033,4591,A05,0,A00,A0,A0,E0,0,0,2009,4,588,618,288,259,29,1560
12035,4591,A05,0,A00,A0,A0,E0,0,0,2009,4,29,30,10,10,1,1006
12037,4591,A05,0,A00,A0,A0,E0,0,0,2009,4,12,12,0,0,0,1086
12039,4591,A05,0,A00,A0,A0,E0,0,0,2009,4,,,,,,735
12041,4591,A05,0,A00,A0,A0,E0,0,0,2009,4,,,,,,858
12049,4591,A05,0,A00,A0,A0,E0,0,0,2009,4,,,,,,548
12051,4591,A05,0,A00,A0,A0,E0,0,0,2009,4,,,,,,1118
12053,4591,A05,0,A00,A0,A0,E0,0,0,2009,4,82,93,28,16,11,1455
12055,4591,A05,0,A00,A0,A0,E0,0,0,2009,4,42,43,13,13,1,1253
12057,4591,A05,0,A00,A0,A0,E0,0,0,2009,4,1617,1727,452,341,111,1954
12059,4591,A05,0,A00,A0,A0,E0,0,0,2009,4,,0,0,,,506
12061,4591,A05,0,A00,A0,A0,E0,0,0,2009,4,187,201,42,27,15,2737
12063,4591,A05,0,A00,A0,A0,E0,0,0,2009,4,47,47,9,10,0,1341
12065,4591,A05,0,A00,A0,A0,E0,0,0,2009,4,,,0,0,,1029
12067,4591,A05,0,A00,A0,A0,E0,0,0,2009,4,12,10,5,7,-2,658
12069,4591,A05,0,A00,A0,A0,E0,0,0,2009,4,222,236,51,37,14,1321
12071,4591,A05,0,A00,A0,A0,E0,0,0,2009,4,669,763,259,166,94,1755
12073,4591,A05,0,A00,A0,A0,E0,0,0,2009,4,352,369,140,123,17,1633
12075,4591,A05,0,A00,A0,A0,E0,0,0,2009,4,14,15,,,0,1743
12079,4591,A05,0,A00,A0,A0,E0,0,0,2009,4,,,0,0,,1065
12081,4591,A05,0,A00,A0,A0,E0,0,0,2009,4,437,456,98,79,20,2560
12083,4591,A05,0,A00,A0,A0,E0,0,0,2009,4,321,365,118,74,44,1624
12085,4591,A05,0,A00,A0,A0,E0,0,0,2009,4,352,369,89,72,17,2302
12086,4591,A05,0,A00,A0,A0,E0,0,0,2009,4,2865,3108,1105,862,243,2201
12087,4591,A05,0,A00,A0,A0,E0,0,0,2009,4,126,128,21,19,2,2042
12089,4591,A05,0,A00,A0,A0,E0,0,0,2009,4,28,35,12,6,6,1431
12091,4591,A05,0,A00,A0,A0,E0,0,0,2009,4,425,450,105,80,25,2392
12093,4591,A05,0,A00,A0,A0,E0,0,0,2009,4,13,15,11,10,2,1147
12095,4591,A05,0,A00,A0,A0,E0,0,0,2009,4,1833,1995,662,500,162,1831
12097,4591,A05,0,A00,A0,A0,E0,0,0,2009,4,330,366,108,73,35,1228
12099,4591,A05,0,A00,A0,A0,E0,0,0,2009,4,1447,1564,523,406,117,2267
12101,4591,A05,0,A00,A0,A0,E0,0,0,2009,4,326,385,203,145,59,1555
12103,4591,A05,0,A00,A0,A0,E0,0,0,2009,4,1443,1531,346,258,88,1951
12105,4591,A05,0,A00,A0,A0,E0,0,0,2009,4,620,687,231,164,67,1613
12107,4591,A05,0,A00,A0,A0,E0,0,0,2009,4,30,29,4,4,0,1223
12109,4591,A05,0,A00,A0,A0,E0,0,0,2009,4,158,162,42,38,4,1530
12111,4591,A05,0,A00,A0,A0,E0,0,0,2009,4,120,138,41,23,18,1397
12113,4591,A05,0,A00,A0,A0,E0,0,0,2009,4,66,77,32,21,11,1896
12115,4591,A05,0,A00,A0,A0,E0,0,0,2009,4,498,559,171,110,61,1794
12117,4591,A05,0,A00,A0,A0,E0,0,0,2009,4,1046,1078,302,269,33,1691
12119,4591,A05,0,A00,A0,A0,E0,0,0,2009,4,18,24,9,3,6,1387
12121,4591,A05,0,A00,A0,A0,E0,0,0,2009,4,21,20,3,4,-1,1225
12123,4591,A05,0,A00,A0,A0,E0,0,0,2009,4,9,10,3,,1,1111
12127,4591,A05,0,A00,A0,A0,E0,0,0,2009,4,382,413,147,116,31,1596
12129,4591,A05,0,A00,A0,A0,E0,0,0,2009,4,,,,,,768
12131,4591,A05,0,A00,A0,A0,E0,0,0,2009,4,59,48,3,14,-12,1325
12133,4591,A05,0,A00,A0,A0,E0,0,0,2009,4,,,,,,912
12,4591,A05,0,A00,A0,A0,E0,0,0,2009,4,25002,26911,8264,6355,1909,1972
12001,4591,A05,0,A00,A0,A0,E0,0,0,2010,1,345,320,35,60,-25,1111
12003,4591,A05,0,A00,A0,A0,E0,0,0,2010,1,,,,0,,498
12005,4591,A05,0,A00,A0,A0,E0,0,0,2010,1,284,277,54,61,-7,1285
12007,4591,A05,0,A00,A0,A0,E0,0,0,2010,1,,,,0,,657
12009,4591,A05,0,A00,A0,A0,E0,0,0,2010,1,604,566,73,111,-38,1246
12011,4591,A05,0,A00,A0,A0,E0,0,0,2010,1,4313,4012,311,612,-301,1804
12015,4591,A05,0,A00,A0,A0,E0,0,0,2010,1,157,143,15,30,-15,1409
12017,4591,A05,0,A00,A0,A0,E0,0,0,2010,1,45,43,5,7,-2,1136
12019,4591,A05,0,A00,A0,A0,E0,0,0,2010,1,472,439,43,76,-33,4541
12021,4591,A05,0,A00,A0,A0,E0,0,0,2010,1,370,367,58,61,-2,1724
12023,4591,A05,0,A00,A0,A0,E0,0,0,2010,1,61,53,9,17,-8,1384
12027,4591,A05,0,A00,A0,A0,E0,0,0,2010,1,,,,,,542
12031,4591,A05,0,A00,A0,A0,E0,0,0,2010,1,2050,1872,233,411,-178,1403
12033,4591,A05,0,A00,A0,A0,E0,0,0,2010,1,609,557,50,102,-52,1248
12035,4591,A05,0,A00,A0,A0,E0,0,0,2010,1,47,45,9,12,-2,822
12037,4591,A05,0,A00,A0,A0,E0,0,0,2010,1,7,8,,0,1,1519
12039,4591,A05,0,A00,A0,A0,E0,0,0,2010,1,,,0,,,529
12041,4591,A05,0,A00,A0,A0,E0,0,0,2010,1,,,,,,792
12049,4591,A05,0,A00,A0,A0,E0,0,0,2010,1,,,,,,618
12051,4591,A05,0,A00,A0,A0,E0,0,0,2010,1,,,,,,1029
12053,4591,A05,0,A00,A0,A0,E0,0,0,2010,1,105,98,10,17,-6,1215
12055,4591,A05,0,A00,A0,A0,E0,0,0,2010,1,66,63,12,14,-2,1029
12057,4591,A05,0,A00,A0,A0,E0,0,0,2010,1,1631,1504,136,263,-127,1639
12061,4591,A05,0,A00,A0,A0,E0,0,0,2010,1,194,183,15,26,-11,2404
12063,4591,A05,0,A00,A0,A0,E0,0,0,2010,1,47,45,3,5,-2,1150
12065,4591,A05,0,A00,A0,A0,E0,0,0,2010,1,,,0,0,,1029
12067,4591,A05,0,A00,A0,A0,E0,0,0,2010,1,,,0,,,778
12069,4591,A05,0,A00,A0,A0,E0,0,0,2010,1,255,253,40,42,-2,1178
12071,4591,A05,0,A00,A0,A0,E0,0,0,2010,1,783,767,108,125,-16,1536
12073,4591,A05,0,A00,A0,A0,E0,0,0,2010,1,387,370,47,64,-17,1366
12075,4591,A05,0,A00,A0,A0,E0,0,0,2010,1,25,24,5,5,0,1347
12079,4591,A05,0,A00,A0,A0,E0,0,0,2010,1,,,,,,865
12081,4591,A05,0,A00,A0,A0,E0,0,0,2010,1,492,315,24,201,-177,2102
12083,4591,A05,0,A00,A0,A0,E0,0,0,2010,1,365,356,50,58,-9,1290
12085,4591,A05,0,A00,A0,A0,E0,0,0,2010,1,360,337,29,52,-23,2492
12086,4591,A05,0,A00,A0,A0,E0,0,0,2010,1,3095,2861,282,516,-234,1646
12087,4591,A05,0,A00,A0,A0,E0,0,0,2010,1,128,135,25,18,7,1821
12089,4591,A05,0,A00,A0,A0,E0,0,0,2010,1,33,32,5,6,-1,1161
12091,4591,A05,0,A00,A0,A0,E0,0,0,2010,1,460,433,37,64,-27,1848
12093,4591,A05,0,A00,A0,A0,E0,0,0,2010,1,15,17,4,,3,1192
12095,4591,A05,0,A00,A0,A0,E0,0,0,2010,1,2016,1870,219,365,-146,1483
12097,4591,A05,0,A00,A0,A0,E0,0,0,2010,1,363,335,44,73,-28,1071
12099,4591,A05,0,A00,A0,A0,E0,0,0,2010,1,1555,1446,157,266,-109,1791
12101,4591,A05,0,A00,A0,A0,E0,0,0,2010,1,412,367,37,82,-45,1068
12103,4591,A05,0,A00,A0,A0,E0,0,0,2010,1,1528,1462,118,184,-66,1595
12105,4591,A05,0,A00,A0,A0,E0,0,0,2010,1,700,649,71,122,-51,1287
12107,4591,A05,0,A00,A0,A0,E0,0,0,2010,1,29,29,,3,-1,1144
12109,4591,A05,0,A00,A0,A0,E0,0,0,2010,1,164,160,24,29,-4,1223
12111,4591,A05,0,A00,A0,A0,E0,0,0,2010,1,160,141,22,41,-20,1150
12113,4591,A05,0,A00,A0,A0,E0,0,0,2010,1,81,87,30,24,6,1418
12115,4591,A05,0,A00,A0,A0,E0,0,0,2010,1,573,570,66,70,-4,1526
12117,4591,A05,0,A00,A0,A0,E0,0,0,2010,1,1115,1020,103,198,-95,1385
12119,4591,A05,0,A00,A0,A0,E0,0,0,2010,1,24,23,4,4,-1,1235
12121,4591,A05,0,A00,A0,A0,E0,0,0,2010,1,20,20,,,0,1038
12123,4591,A05,0,A00,A0,A0,E0,0,0,2010,1,10,10,,,0,923
12127,4591,A05,0,A00,A0,A0,E0,0,0,2010,1,423,384,53,91,-38,1265
12129,4591,A05,0,A00,A0,A0,E0,0,0,2010,1,,,,,,740
12131,4591,A05,0,A00,A0,A0,E0,0,0,2010,1,47,50,14,12,2,1318
12133,4591,A05,0,A00,A0,A0,E0,0,0,2010,1,,,,,,655
12,4591,A05,0,A00,A0,A0,E0,0,0,2010,1,27108,25207,2716,4617,-1901,1616
12001,4591,A05,0,A00,A0,A0,E0,0,0,2010,2,320,306,49,63,-14,1401
12003,4591,A05,0,A00,A0,A0,E0,0,0,2010,2,,,,,,493
12005,4591,A05,0,A00,A0,A0,E0,0,0,2010,2,282,283,57,56,1,1575
12007,4591,A05,0,A00,A0,A0,E0,0,0,2010,2,,,0,0,,666
12009,4591,A05,0,A00,A0,A0,E0,0,0,2010,2,566,563,98,101,-3,1399
12011,4591,A05,0,A00,A0,A0,E0,0,0,2010,2,4012,3991,498,519,-21,2016
12015,4591,A05,0,A00,A0,A0,E0,0,0,2010,2,138,133,18,23,-5,1612
12017,4591,A05,0,A00,A0,A0,E0,0,0,2010,2,43,43,7,6,1,1190
12019,4591,A05,0,A00,A0,A0,E0,0,0,2010,2,436,504,111,43,68,2702
12021,4591,A05,0,A00,A0,A0,E0,0,0,2010,2,367,319,36,83,-47,1864
12023,4591,A05,0,A00,A0,A0,E0,0,0,2010,2,53,52,6,7,-1,1776
12027,4591,A05,0,A00,A0,A0,E0,0,0,2010,2,,,,,,664
12031,4591,A05,0,A00,A0,A0,E0,0,0,2010,2,1872,1839,346,379,-33,1748
12033,4591,A05,0,A00,A0,A0,E0,0,0,2010,2,551,553,106,103,3,1450
12035,4591,A05,0,A00,A0,A0,E0,0,0,2010,2,45,46,10,8,2,1010
12037,4591,A05,0,A00,A0,A0,E0,0,0,2010,2,8,8,0,0,0,1867
12039,4591,A05,0,A00,A0,A0,E0,0,0,2010,2,,,0,0,,977
12041,4591,A05,0,A00,A0,A0,E0,0,0,2010,2,,,0,,,655
12049,4591,A05,0,A00,A0,A0,E0,0,0,2010,2,,,,,,735
12051,4591,A05,0,A00,A0,A0,E0,0,0,2010,2,,,,,,1249
12053,4591,A05,0,A00,A0,A0,E0,0,0,2010,2,98,102,20,16,4,1387
12055,4591,A05,0,A00,A0,A0,E0,0,0,2010,2,63,60,9,13,-4,1256
12057,4591,A05,0,A00,A0,A0,E0,0,0,2010,2,1506,1495,207,219,-12,1901
12061,4591,A05,0,A00,A0,A0,E0,0,0,2010,2,184,167,18,34,-16,2549
12063,4591,A05,0,A00,A0,A0,E0,0,0,2010,2,45,44,4,5,-1,1353
12065,4591,A05,0,A00,A0,A0,E0,0,0,2010,2,,,0,0,,1029
12067,4591,A05,0,A00,A0,A0,E0,0,0,2010,2,,,,,,990
12069,4591,A05,0,A00,A0,A0,E0,0,0,2010,2,253,258,43,38,5,1260
12071,4591,A05,0,A00,A0,A0,E0,0,0,2010,2,768,719,130,180,-50,1576
12073,4591,A05,0,A00,A0,A0,E0,0,0,2010,2,367,357,80,90,-10,1501
12075,4591,A05,0,A00,A0,A0,E0,0,0,2010,2,24,27,8,6,2,1641
12079,4591,A05,0,A00,A0,A0,E0,0,0,2010,2,,,,,,1254
12081,4591,A05,0,A00,A0,A0,E0,0,0,2010,2,329,313,50,67,-16,1537
12083,4591,A05,0,A00,A0,A0,E0,0,0,2010,2,356,352,46,50,-4,1499
12085,4591,A05,0,A00,A0,A0,E0,0,0,2010,2,336,320,45,62,-17,2080
12086,4591,A05,0,A00,A0,A0,E0,0,0,2010,2,2861,2841,455,475,-20,1961
12087,4591,A05,0,A00,A0,A0,E0,0,0,2010,2,135,135,28,28,-1,1887
12089,4591,A05,0,A00,A0,A0,E0,0,0,2010,2,32,30,4,6,-3,1364
12091,4591,A05,0,A00,A0,A0,E0,0,0,2010,2,461,467,95,88,7,1960
12093,4591,A05,0,A00,A0,A0,E0,0,0,2010,2,17,13,4,8,-4,1076
12095,4591,A05,0,A00,A0,A0,E0,0,0,2010,2,1867,1929,432,371,62,1717
12097,4591,A05,0,A00,A0,A0,E0,0,0,2010,2,335,326,55,64,-9,1230
12099,4591,A05,0,A00,A0,A0,E0,0,0,2010,2,1448,1412,229,265,-36,2013
12101,4591,A05,0,A00,A0,A0,E0,0,0,2010,2,367,349,51,68,-18,1367
12103,4591,A05,0,A00,A0,A0,E0,0,0,2010,2,1462,1487,199,174,25,1947
12105,4591,A05,0,A00,A0,A0,E0,0,0,2010,2,649,624,90,115,-25,1398
12107,4591,A05,0,A00,A0,A0,E0,0,0,2010,2,29,25,4,7,-3,1265
12109,4591,A05,0,A00,A0,A0,E0,0,0,2010,2,160,155,22,27,-5,1318
12111,4591,A05,0,A00,A0,A0,E0,0,0,2010,2,140,138,29,31,-2,1343
12113,4591,A05,0,A00,A0,A0,E0,0,0,2010,2,87,89,29,28,1,1416
12115,4591,A05,0,A00,A0,A0,E0,0,0,2010,2,565,572,99,92,7,1682
12117,4591,A05,0,A00,A0,A0,E0,0,0,2010,2,1019,1022,166,163,3,1589
12119,4591,A05,0,A00,A0,A0,E0,0,0,2010,2,23,22,3,5,-2,1477
12121,4591,A05,0,A00,A0,A0,E0,0,0,2010,2,20,20,6,6,0,1008
12123,4591,A05,0,A00,A0,A0,E0,0,0,2010,2,10,8,,3,-1,969
12127,4591,A05,0,A00,A0,A0,E0,0,0,2010,2,387,397,95,85,10,1459
12129,4591,A05,0,A00,A0,A0,E0,0,0,2010,2,,,,,,835
12131,4591,A05,0,A00,A0,A0,E0,0,0,2010,2,49,57,24,16,7,1493
12133,4591,A05,0,A00,A0,A0,E0,0,0,2010,2,,,,,,881
12,4591,A05,0,A00,A0,A0,E0,0,0,2010,2,25236,25057,4139,4318,-179,1788
12001,4591,A05,0,A00,A0,A0,E0,0,0,2010,3,306,314,55,47,9,1338
12003,4591,A05,0,A00,A0,A0,E0,0,0,2010,3,,,,0,,527
12005,4591,A05,0,A00,A0,A0,E0,0,0,2010,3,264,270,63,57,6,1421
12007,4591,A05,0,A00,A0,A0,E0,0,0,2010,3,6,15,16,7,9,584
12009,4591,A05,0,A00,A0,A0,E0,0,0,2010,3,563,627,180,116,64,1394
12011,4591,A05,0,A00,A0,A0,E0,0,0,2010,3,4035,4049,558,544,14,1883
12015,4591,A05,0,A00,A0,A0,E0,0,0,2010,3,152,163,31,19,11,1577
12017,4591,A05,0,A00,A0,A0,E0,0,0,2010,3,43,42,7,8,-2,1204
12019,4591,A05,0,A00,A0,A0,E0,0,0,2010,3,128,128,29,29,0,2027
12021,4591,A05,0,A00,A0,A0,E0,0,0,2010,3,325,324,60,61,-1,1820
12023,4591,A05,0,A00,A0,A0,E0,0,0,2010,3,52,54,7,5,2,1751
12027,4591,A05,0,A00,A0,A0,E0,0,0,2010,3,,,,,,608
12031,4591,A05,0,A00,A0,A0,E0,0,0,2010,3,2218,2444,646,420,226,1831
12033,4591,A05,0,A00,A0,A0,E0,0,0,2010,3,557,755,314,117,197,1433
12035,4591,A05,0,A00,A0,A0,E0,0,0,2010,3,46,46,10,10,0,948
12037,4591,A05,0,A00,A0,A0,E0,0,0,2010,3,9,8,0,,-1,1981
12039,4591,A05,0,A00,A0,A0,E0,0,0,2010,3,,,0,0,,1141
12041,4591,A05,0,A00,A0,A0,E0,0,0,2010,3,,,,,,663
12047,4591,A05,0,A00,A0,A0,E0,0,0,2010,3,0,0,,,0,
12049,4591,A05,0,A00,A0,A0,E0,0,0,2010,3,,,,,,653
12051,4591,A05,0,A00,A0,A0,E0,0,0,2010,3,,,,,,1156
12053,4591,A05,0,A00,A0,A0,E0,0,0,2010,3,102,96,13,20,-7,1279
12055,4591,A05,0,A00,A0,A0,E0,0,0,2010,3,59,62,13,9,3,1112
12057,4591,A05,0,A00,A0,A0,E0,0,0,2010,3,1490,1504,229,215,15,1911
12059,4591,A05,0,A00,A0,A0,E0,0,0,2010,3,0,,,0,,
12061,4591,A05,0,A00,A0,A0,E0,0,0,2010,3,165,166,22,21,1,2620
12063,4591,A05,0,A00,A0,A0,E0,0,0,2010,3,,,,,,1335
12065,4591,A05,0,A00,A0,A0,E0,0,0,2010,3,,,0,0,,1029
12067,4591,A05,0,A00,A0,A0,E0,0,0,2010,3,10,7,,5,-3,862
12069,4591,A05,0,A00,A0,A0,E0,0,0,2010,3,261,279,54,36,18,1240
12071,4591,A05,0,A00,A0,A0,E0,0,0,2010,3,725,719,125,131,-6,1517
12073,4591,A05,0,A00,A0,A0,E0,0,0,2010,3,359,376,94,77,17,1496
12075,4591,A05,0,A00,A0,A0,E0,0,0,2010,3,27,32,10,4,6,1455
12079,4591,A05,0,A00,A0,A0,E0,0,0,2010,3,,,,,,1205
12081,4591,A05,0,A00,A0,A0,E0,0,0,2010,3,313,417,172,68,104,1479
12083,4591,A05,0,A00,A0,A0,E0,0,0,2010,3,351,369,77,59,17,1435
12085,4591,A05,0,A00,A0,A0,E0,0,0,2010,3,313,315,55,53,2,1799
12086,4591,A05,0,A00,A0,A0,E0,0,0,2010,3,2794,2829,484,449,35,2021
12087,4591,A05,0,A00,A0,A0,E0,0,0,2010,3,135,129,26,32,-6,1884
12089,4591,A05,0,A00,A0,A0,E0,0,0,2010,3,30,31,7,5,1,1346
12091,4591,A05,0,A00,A0,A0,E0,0,0,2010,3,476,474,112,114,-2,2082
12093,4591,A05,0,A00,A0,A0,E0,0,0,2010,3,13,12,,3,-1,1186
12095,4591,A05,0,A00,A0,A0,E0,0,0,2010,3,1936,1956,371,351,20,1673
12097,4591,A05,0,A00,A0,A0,E0,0,0,2010,3,325,325,53,53,0,1223
12099,4591,A05,0,A00,A0,A0,E0,0,0,2010,3,1423,1437,232,218,14,2033
12101,4591,A05,0,A00,A0,A0,E0,0,0,2010,3,349,356,65,59,6,1266
12103,4591,A05,0,A00,A0,A0,E0,0,0,2010,3,1487,1465,171,193,-22,1777
12105,4591,A05,0,A00,A0,A0,E0,0,0,2010,3,624,642,129,112,18,1416
12107,4591,A05,0,A00,A0,A0,E0,0,0,2010,3,25,25,3,3,0,1511
12109,4591,A05,0,A00,A0,A0,E0,0,0,2010,3,155,167,51,39,12,1375
12111,4591,A05,0,A00,A0,A0,E0,0,0,2010,3,132,127,14,20,-5,1148
12113,4591,A05,0,A00,A0,A0,E0,0,0,2010,3,89,86,19,21,-3,1548
12115,4591,A05,0,A00,A0,A0,E0,0,0,2010,3,567,567,101,101,0,1531
12117,4591,A05,0,A00,A0,A0,E0,0,0,2010,3,1022,1064,204,162,42,1529
12119,4591,A05,0,A00,A0,A0,E0,0,0,2010,3,22,30,12,3,9,1473
12121,4591,A05,0,A00,A0,A0,E0,0,0,2010,3,20,17,,5,-2,1052
12123,4591,A05,0,A00,A0,A0,E0,0,0,2010,3,8,9,,,1,1048
12127,4591,A05,0,A00,A0,A0,E0,0,0,2010,3,409,415,97,91,6,1463
12129,4591,A05,0,A00,A0,A0,E0,0,0,2010,3,5,6,,,1,1354
12131,4591,A05,0,A00,A0,A0,E0,0,0,2010,3,62,57,17,21,-5,1339
12133,4591,A05,0,A00,A0,A0,E0,0,0,2010,3,,,,,,897
12,4591,A05,0,A00,A0,A0,E0,0,0,2010,3,25094,25918,5044,4221,823,1738
12001,4591,A05,0,A00,A0,A0,E0,0,0,2010,4,314,333,104,86,18,1530
12003,4591,A05,0,A00,A0,A0,E0,0,0,2010,4,,,0,,,558
12005,4591,A05,0,A00,A0,A0,E0,0,0,2010,4,263,295,132,100,32,1730
12007,4591,A05,0,A00,A0,A0,E0,0,0,2010,4,15,14,4,5,-1,769
12009,4591,A05,0,A00,A0,A0,E0,0,0,2010,4,613,670,221,163,58,1440
12011,4591,A05,0,A00,A0,A0,E0,0,0,2010,4,4051,4352,1077,776,301,2147
12015,4591,A05,0,A00,A0,A0,E0,0,0,2010,4,163,184,67,46,21,1745
12017,4591,A05,0,A00,A0,A0,E0,0,0,2010,4,42,46,8,4,4,1387
12019,4591,A05,0,A00,A0,A0,E0,0,0,2010,4,128,164,97,61,36,2261
12021,4591,A05,0,A00,A0,A0,E0,0,0,2010,4,323,367,155,112,43,1917
12023,4591,A05,0,A00,A0,A0,E0,0,0,2010,4,54,66,22,9,12,1914
12027,4591,A05,0,A00,A0,A0,E0,0,0,2010,4,,,,,,616
12031,4591,A05,0,A00,A0,A0,E0,0,0,2010,4,2427,2765,981,644,338,2321
12033,4591,A05,0,A00,A0,A0,E0,0,0,2010,4,752,960,527,319,208,1599
12035,4591,A05,0,A00,A0,A0,E0,0,0,2010,4,46,55,17,9,8,1100
12037,4591,A05,0,A00,A0,A0,E0,0,0,2010,4,8,7,0,,-1,3625
12039,4591,A05,0,A00,A0,A0,E0,0,0,2010,4,,,0,0,,1024
12041,4591,A05,0,A00,A0,A0,E0,0,0,2010,4,,,0,,,661
12049,4591,A05,0,A00,A0,A0,E0,0,0,2010,4,,,,,,661
12051,4591,A05,0,A00,A0,A0,E0,0,0,2010,4,,,,,,1207
12053,4591,A05,0,A00,A0,A0,E0,0,0,2010,4,96,111,44,29,15,1442
12055,4591,A05,0,A00,A0,A0,E0,0,0,2010,4,62,69,22,15,7,1167
12057,4591,A05,0,A00,A0,A0,E0,0,0,2010,4,1504,1602,449,351,98,2163
12059,4591,A05,0,A00,A0,A0,E0,0,0,2010,4,,,0,0,,506
12061,4591,A05,0,A00,A0,A0,E0,0,0,2010,4,167,181,48,33,14,2815
12063,4591,A05,0,A00,A0,A0,E0,0,0,2010,4,,,,,,1272
12065,4591,A05,0,A00,A0,A0,E0,0,0,2010,4,,,0,0,,1029
12067,4591,A05,0,A00,A0,A0,E0,0,0,2010,4,7,8,4,3,1,1152
12069,4591,A05,0,A00,A0,A0,E0,0,0,2010,4,279,296,94,77,17,1327
12071,4591,A05,0,A00,A0,A0,E0,0,0,2010,4,723,782,270,210,59,1666
12073,4591,A05,0,A00,A0,A0,E0,0,0,2010,4,384,393,154,145,9,1685
12075,4591,A05,0,A00,A0,A0,E0,0,0,2010,4,32,34,11,9,2,1350
12079,4591,A05,0,A00,A0,A0,E0,0,0,2010,4,,,,,,1104
12081,4591,A05,0,A00,A0,A0,E0,0,0,2010,4,417,520,192,89,103,1762
12083,4591,A05,0,A00,A0,A0,E0,0,0,2010,4,357,382,106,81,25,1612
12085,4591,A05,0,A00,A0,A0,E0,0,0,2010,4,310,319,78,70,8,2085
12086,4591,A05,0,A00,A0,A0,E0,0,0,2010,4,2827,3190,1256,892,363,2139
12087,4591,A05,0,A00,A0,A0,E0,0,0,2010,4,129,133,24,19,4,1983
12089,4591,A05,0,A00,A0,A0,E0,0,0,2010,4,31,33,10,7,2,1338
12091,4591,A05,0,A00,A0,A0,E0,0,0,2010,4,463,503,146,105,41,2159
12093,4591,A05,0,A00,A0,A0,E0,0,0,2010,4,12,14,3,,1,1263
12095,4591,A05,0,A00,A0,A0,E0,0,0,2010,4,1987,2248,894,633,261,1841
12097,4591,A05,0,A00,A0,A0,E0,0,0,2010,4,324,357,105,73,33,1274
12099,4591,A05,0,A00,A0,A0,E0,0,0,2010,4,1436,1618,630,448,182,2414
12101,4591,A05,0,A00,A0,A0,E0,0,0,2010,4,364,434,250,179,70,1382
12103,4591,A05,0,A00,A0,A0,E0,0,0,2010,4,1465,1570,390,284,105,1937
12105,4591,A05,0,A00,A0,A0,E0,0,0,2010,4,642,694,232,180,52,1554
12107,4591,A05,0,A00,A0,A0,E0,0,0,2010,4,25,25,7,7,0,1457
12109,4591,A05,0,A00,A0,A0,E0,0,0,2010,4,152,161,53,44,9,1570
12111,4591,A05,0,A00,A0,A0,E0,0,0,2010,4,123,157,56,23,34,1323
12113,4591,A05,0,A00,A0,A0,E0,0,0,2010,4,86,92,26,20,6,1845
12115,4591,A05,0,A00,A0,A0,E0,0,0,2010,4,562,585,139,116,23,1707
12117,4591,A05,0,A00,A0,A0,E0,0,0,2010,4,1064,1156,371,279,92,1701
12119,4591,A05,0,A00,A0,A0,E0,0,0,2010,4,30,30,3,4,0,1453
12121,4591,A05,0,A00,A0,A0,E0,0,0,2010,4,17,18,3,,1,1361
12123,4591,A05,0,A00,A0,A0,E0,0,0,2010,4,9,10,3,,1,927
12127,4591,A05,0,A00,A0,A0,E0,0,0,2010,4,430,475,191,147,45,1554
12129,4591,A05,0,A00,A0,A0,E0,0,0,2010,4,6,8,5,3,2,773
12131,4591,A05,0,A00,A0,A0,E0,0,0,2010,4,63,53,7,18,-11,1336
12133,4591,A05,0,A00,A0,A0,E0,0,0,2010,4,,,,,,1002
12,4591,A05,0,A00,A0,A0,E0,0,0,2010,4,25898,28644,9704,6959,2746,1950
12001,4591,A05,0,A00,A0,A0,E0,0,0,2011,1,341,329,46,59,-13,1170
12003,4591,A05,0,A00,A0,A0,E0,0,0,2011,1,,,0,0,,442
12005,4591,A05,0,A00,A0,A0,E0,0,0,2011,1,300,292,47,54,-7,1289
12007,4591,A05,0,A00,A0,A0,E0,0,0,2011,1,,,0,,,622
12009,4591,A05,0,A00,A0,A0,E0,0,0,2011,1,628,589,55,95,-39,1192
12011,4591,A05,0,A00,A0,A0,E0,0,0,2011,1,4399,3937,370,832,-463,1832
12015,4591,A05,0,A00,A0,A0,E0,0,0,2011,1,177,164,15,29,-14,1494
12017,4591,A05,0,A00,A0,A0,E0,0,0,2011,1,38,41,6,4,2,1178
12019,4591,A05,0,A00,A0,A0,E0,0,0,2011,1,261,237,16,39,-24,1387
12021,4591,A05,0,A00,A0,A0,E0,0,0,2011,1,362,346,52,68,-16,1708
12023,4591,A05,0,A00,A0,A0,E0,0,0,2011,1,66,63,4,7,-3,1534
12027,4591,A05,0,A00,A0,A0,E0,0,0,2011,1,,,,,,572
12031,4591,A05,0,A00,A0,A0,E0,0,0,2011,1,2387,2166,266,486,-221,2851
12033,4591,A05,0,A00,A0,A0,E0,0,0,2011,1,831,685,56,202,-146,1154
12035,4591,A05,0,A00,A0,A0,E0,0,0,2011,1,55,49,5,11,-6,806
12037,4591,A05,0,A00,A0,A0,E0,0,0,2011,1,7,13,5,0,5,1679
12039,4591,A05,0,A00,A0,A0,E0,0,0,2011,1,,,0,0,,1082
12041,4591,A05,0,A00,A0,A0,E0,0,0,2011,1,,,,,,811
12049,4591,A05,0,A00,A0,A0,E0,0,0,2011,1,,,,,,617
12051,4591,A05,0,A00,A0,A0,E0,0,0,2011,1,,,,,,1084
12053,4591,A05,0,A00,A0,A0,E0,0,0,2011,1,110,114,28,24,4,1257
12055,4591,A05,0,A00,A0,A0,E0,0,0,2011,1,66,58,6,14,-8,1059
12057,4591,A05,0,A00,A0,A0,E0,0,0,2011,1,1655,1538,163,280,-118,1717
12059,4591,A05,0,A00,A0,A0,E0,0,0,2011,1,,,0,0,,506
12061,4591,A05,0,A00,A0,A0,E0,0,0,2011,1,186,191,32,28,4,3012
12063,4591,A05,0,A00,A0,A0,E0,0,0,2011,1,,,,,,1398
12065,4591,A05,0,A00,A0,A0,E0,0,0,2011,1,,0,0,,,1029
12067,4591,A05,0,A00,A0,A0,E0,0,0,2011,1,8,11,3,0,3,711
12069,4591,A05,0,A00,A0,A0,E0,0,0,2011,1,297,291,43,50,-7,1182
12071,4591,A05,0,A00,A0,A0,E0,0,0,2011,1,817,791,125,151,-26,1651
12073,4591,A05,0,A00,A0,A0,E0,0,0,2011,1,396,376,51,71,-20,1454
12075,4591,A05,0,A00,A0,A0,E0,0,0,2011,1,34,38,10,6,4,1306
12079,4591,A05,0,A00,A0,A0,E0,0,0,2011,1,,,0,,,998
12081,4591,A05,0,A00,A0,A0,E0,0,0,2011,1,559,536,53,76,-23,3399
12083,4591,A05,0,A00,A0,A0,E0,0,0,2011,1,415,401,41,55,-14,1318
12085,4591,A05,0,A00,A0,A0,E0,0,0,2011,1,320,309,40,51,-11,1726
12086,4591,A05,0,A00,A0,A0,E0,0,0,2011,1,3057,2816,352,593,-241,1561
12087,4591,A05,0,A00,A0,A0,E0,0,0,2011,1,119,125,24,17,6,1928
12089,4591,A05,0,A00,A0,A0,E0,0,0,2011,1,39,38,6,6,-1,956
12091,4591,A05,0,A00,A0,A0,E0,0,0,2011,1,503,462,45,86,-41,2043
12093,4591,A05,0,A00,A0,A0,E0,0,0,2011,1,14,14,,,0,1360
12095,4591,A05,0,A00,A0,A0,E0,0,0,2011,1,2133,1886,220,467,-247,1389
12097,4591,A05,0,A00,A0,A0,E0,0,0,2011,1,357,341,49,66,-16,1093
12099,4591,A05,0,A00,A0,A0,E0,0,0,2011,1,1679,1582,190,287,-97,1684
12101,4591,A05,0,A00,A0,A0,E0,0,0,2011,1,465,406,33,91,-58,1077
12103,4591,A05,0,A00,A0,A0,E0,0,0,2011,1,1629,1551,155,233,-78,1607
12105,4591,A05,0,A00,A0,A0,E0,0,0,2011,1,716,681,93,128,-35,1259
12107,4591,A05,0,A00,A0,A0,E0,0,0,2011,1,25,25,5,4,0,1170
12109,4591,A05,0,A00,A0,A0,E0,0,0,2011,1,220,209,22,33,-11,1370
12111,4591,A05,0,A00,A0,A0,E0,0,0,2011,1,157,141,14,30,-16,1020
12113,4591,A05,0,A00,A0,A0,E0,0,0,2011,1,92,94,20,19,2,1471
12115,4591,A05,0,A00,A0,A0,E0,0,0,2011,1,599,600,92,91,1,1500
12117,4591,A05,0,A00,A0,A0,E0,0,0,2011,1,1158,1077,135,217,-81,1398
12119,4591,A05,0,A00,A0,A0,E0,0,0,2011,1,30,34,9,5,4,1407
12121,4591,A05,0,A00,A0,A0,E0,0,0,2011,1,18,18,,,0,1126
12123,4591,A05,0,A00,A0,A0,E0,0,0,2011,1,10,9,,,-1,797
12127,4591,A05,0,A00,A0,A0,E0,0,0,2011,1,531,500,64,95,-31,1301
12129,4591,A05,0,A00,A0,A0,E0,0,0,2011,1,8,9,,,1,945
12131,4591,A05,0,A00,A0,A0,E0,0,0,2011,1,50,75,37,12,25,1327
12133,4591,A05,0,A00,A0,A0,E0,0,0,2011,1,,,,,,602
12,4591,A05,0,A00,A0,A0,E0,0,0,2011,1,28398,26323,3119,5194,-2075,1692
12001,4591,A05,0,A00,A0,A0,E0,0,0,2011,2,327,326,46,48,-2,1377
12003,4591,A05,0,A00,A0,A0,E0,0,0,2011,2,,,0,0,,499
12005,4591,A05,0,A00,A0,A0,E0,0,0,2011,2,293,316,76,53,22,1662
12007,4591,A05,0,A00,A0,A0,E0,0,0,2011,2,,,,0,,884
12009,4591,A05,0,A00,A0,A0,E0,0,0,2011,2,594,583,85,96,-11,1389
12011,4591,A05,0,A00,A0,A0,E0,0,0,2011,2,3942,3975,611,577,34,1975
12015,4591,A05,0,A00,A0,A0,E0,0,0,2011,2,140,151,48,37,11,1713
12017,4591,A05,0,A00,A0,A0,E0,0,0,2011,2,40,39,6,7,-2,1130
12019,4591,A05,0,A00,A0,A0,E0,0,0,2011,2,233,239,28,22,6,1533
12021,4591,A05,0,A00,A0,A0,E0,0,0,2011,2,346,316,44,73,-30,1836
12023,4591,A05,0,A00,A0,A0,E0,0,0,2011,2,62,61,10,10,-1,1759
12027,4591,A05,0,A00,A0,A0,E0,0,0,2011,2,,,,,,740
12031,4591,A05,0,A00,A0,A0,E0,0,0,2011,2,2148,2164,450,434,16,1886
12033,4591,A05,0,A00,A0,A0,E0,0,0,2011,2,693,644,106,155,-49,1464
12035,4591,A05,0,A00,A0,A0,E0,0,0,2011,2,48,50,11,9,2,1070
12037,4591,A05,0,A00,A0,A0,E0,0,0,2011,2,13,13,0,0,0,1450
12039,4591,A05,0,A00,A0,A0,E0,0,0,2011,2,,,0,0,,1109
12041,4591,A05,0,A00,A0,A0,E0,0,0,2011,2,,,,,,690
12049,4591,A05,0,A00,A0,A0,E0,0,0,2011,2,,,,,,842
12051,4591,A05,0,A00,A0,A0,E0,0,0,2011,2,,,,,,1205
12053,4591,A05,0,A00,A0,A0,E0,0,0,2011,2,113,113,24,25,-1,1221
12055,4591,A05,0,A00,A0,A0,E0,0,0,2011,2,58,54,14,17,-3,1265
12057,4591,A05,0,A00,A0,A0,E0,0,0,2011,2,1528,1540,244,232,13,2019
12059,4591,A05,0,A00,A0,A0,E0,0,0,2011,2,,,0,0,,506
12061,4591,A05,0,A00,A0,A0,E0,0,0,2011,2,190,201,34,24,11,2930
12063,4591,A05,0,A00,A0,A0,E0,0,0,2011,2,,,,,,1928
12065,4591,A05,0,A00,A0,A0,E0,0,0,2011,2,0,0,,,0,
12067,4591,A05,0,A00,A0,A0,E0,0,0,2011,2,11,12,,0,1,813
12069,4591,A05,0,A00,A0,A0,E0,0,0,2011,2,297,301,50,46,4,1261
12071,4591,A05,0,A00,A0,A0,E0,0,0,2011,2,797,786,148,159,-11,1714
12073,4591,A05,0,A00,A0,A0,E0,0,0,2011,2,376,394,102,84,18,1685
12075,4591,A05,0,A00,A0,A0,E0,0,0,2011,2,38,36,3,5,-2,1541
12079,4591,A05,0,A00,A0,A0,E0,0,0,2011,2,,,0,0,,1249
12081,4591,A05,0,A00,A0,A0,E0,0,0,2011,2,543,518,69,93,-24,2438
12083,4591,A05,0,A00,A0,A0,E0,0,0,2011,2,399,400,55,54,1,1660
12085,4591,A05,0,A00,A0,A0,E0,0,0,2011,2,309,303,48,53,-6,2016
12086,4591,A05,0,A00,A0,A0,E0,0,0,2011,2,2809,2790,468,487,-20,1897
12087,4591,A05,0,A00,A0,A0,E0,0,0,2011,2,125,140,46,32,14,1929
12089,4591,A05,0,A00,A0,A0,E0,0,0,2011,2,38,40,7,5,2,1135
12091,4591,A05,0,A00,A0,A0,E0,0,0,2011,2,454,465,99,88,11,2030
12093,4591,A05,0,A00,A0,A0,E0,0,0,2011,2,14,14,,,1,1428
12095,4591,A05,0,A00,A0,A0,E0,0,0,2011,2,1857,1870,361,348,13,1658
12097,4591,A05,0,A00,A0,A0,E0,0,0,2011,2,337,318,52,71,-19,1243
12099,4591,A05,0,A00,A0,A0,E0,0,0,2011,2,1567,1569,258,257,1,1973
12101,4591,A05,0,A00,A0,A0,E0,0,0,2011,2,409,389,48,68,-20,1493
12103,4591,A05,0,A00,A0,A0,E0,0,0,2011,2,1546,1551,225,221,5,1991
12105,4591,A05,0,A00,A0,A0,E0,0,0,2011,2,678,664,98,111,-14,1443
12107,4591,A05,0,A00,A0,A0,E0,0,0,2011,2,25,26,4,3,1,1423
12109,4591,A05,0,A00,A0,A0,E0,0,0,2011,2,208,203,40,45,-5,1503
12111,4591,A05,0,A00,A0,A0,E0,0,0,2011,2,140,143,21,18,3,1294
12113,4591,A05,0,A00,A0,A0,E0,0,0,2011,2,93,94,20,19,1,1545
12115,4591,A05,0,A00,A0,A0,E0,0,0,2011,2,605,604,99,100,-1,1622
12117,4591,A05,0,A00,A0,A0,E0,0,0,2011,2,1074,1033,144,186,-41,1572
12119,4591,A05,0,A00,A0,A0,E0,0,0,2011,2,29,29,5,4,1,1228
12121,4591,A05,0,A00,A0,A0,E0,0,0,2011,2,18,20,3,,1,1213
12123,4591,A05,0,A00,A0,A0,E0,0,0,2011,2,9,11,5,,3,1016
12127,4591,A05,0,A00,A0,A0,E0,0,0,2011,2,498,491,82,89,-7,1543
12129,4591,A05,0,A00,A0,A0,E0,0,0,2011,2,9,13,6,,4,967
12131,4591,A05,0,A00,A0,A0,E0,0,0,2011,2,75,88,35,22,13,1484
12133,4591,A05,0,A00,A0,A0,E0,0,0,2011,2,,,,,,693
12,4591,A05,0,A00,A0,A0,E0,0,0,2011,2,26221,26171,4460,4510,-50,1799
12001,4591,A05,0,A00,A0,A0,E0,0,0,2011,3,325,327,66,64,2,1326
12003,4591,A05,0,A00,A0,A0,E0,0,0,2011,3,,,0,,,620
12005,4591,A05,0,A00,A0,A0,E0,0,0,2011,3,316,307,57,66,-9,1688
12007,4591,A05,0,A00,A0,A0,E0,0,0,2011,3,,,,,,718
12009,4591,A05,0,A00,A0,A0,E0,0,0,2011,3,583,598,115,100,15,1481
12011,4591,A05,0,A00,A0,A0,E0,0,0,2011,3,3994,4066,676,604,72,1989
12015,4591,A05,0,A00,A0,A0,E0,0,0,2011,3,151,156,39,34,5,1584
12017,4591,A05,0,A00,A0,A0,E0,0,0,2011,3,39,41,4,,2,1177
12019,4591,A05,0,A00,A0,A0,E0,0,0,2011,3,238,261,47,23,24,1612
12021,4591,A05,0,A00,A0,A0,E0,0,0,2011,3,315,316,43,42,1,2000
12023,4591,A05,0,A00,A0,A0,E0,0,0,2011,3,61,58,5,9,-3,1765
12027,4591,A05,0,A00,A0,A0,E0,0,0,2011,3,,,,,,889
12031,4591,A05,0,A00,A0,A0,E0,0,0,2011,3,2135,2121,509,523,-14,1910
12033,4591,A05,0,A00,A0,A0,E0,0,0,2011,3,650,643,149,156,-7,1551
12035,4591,A05,0,A00,A0,A0,E0,0,0,2011,3,50,54,14,10,4,1008
12037,4591,A05,0,A00,A0,A0,E0,0,0,2011,3,13,13,,,0,1804
12039,4591,A05,0,A00,A0,A0,E0,0,0,2011,3,,,0,0,,1190
12041,4591,A05,0,A00,A0,A0,E0,0,0,2011,3,,,,,,610
12049,4591,A05,0,A00,A0,A0,E0,0,0,2011,3,,,,,,862
12051,4591,A05,0,A00,A0,A0,E0,0,0,2011,3,,,,,,1157
12053,4591,A05,0,A00,A0,A0,E0,0,0,2011,3,113,112,32,33,-1,1191
12055,4591,A05,0,A00,A0,A0,E0,0,0,2011,3,54,54,11,11,0,1168
12057,4591,A05,0,A00,A0,A0,E0,0,0,2011,3,1550,1616,351,284,66,1877
12059,4591,A05,0,A00,A0,A0,E0,0,0,2011,3,,,,0,,506
12061,4591,A05,0,A00,A0,A0,E0,0,0,2011,3,201,211,45,34,11,2894
12063,4591,A05,0,A00,A0,A0,E0,0,0,2011,3,,,,,,1790
12065,4591,A05,0,A00,A0,A0,E0,0,0,2011,3,0,,,0,,
12067,4591,A05,0,A00,A0,A0,E0,0,0,2011,3,12,15,4,,3,803
12069,4591,A05,0,A00,A0,A0,E0,0,0,2011,3,301,316,73,59,14,1332
12071,4591,A05,0,A00,A0,A0,E0,0,0,2011,3,778,773,126,132,-6,1707
12073,4591,A05,0,A00,A0,A0,E0,0,0,2011,3,390,396,96,90,7,1660
12075,4591,A05,0,A00,A0,A0,E0,0,0,2011,3,36,31,5,10,-5,1581
12079,4591,A05,0,A00,A0,A0,E0,0,0,2011,3,,,0,0,,1224
12081,4591,A05,0,A00,A0,A0,E0,0,0,2011,3,518,549,103,72,31,2460
12083,4591,A05,0,A00,A0,A0,E0,0,0,2011,3,401,419,73,55,18,1527
12085,4591,A05,0,A00,A0,A0,E0,0,0,2011,3,303,317,85,71,14,1945
12086,4591,A05,0,A00,A0,A0,E0,0,0,2011,3,2780,2872,578,487,91,1939
12087,4591,A05,0,A00,A0,A0,E0,0,0,2011,3,140,131,20,29,-9,1809
12089,4591,A05,0,A00,A0,A0,E0,0,0,2011,3,40,41,11,10,1,1155
12091,4591,A05,0,A00,A0,A0,E0,0,0,2011,3,459,447,100,111,-11,2120
12093,4591,A05,0,A00,A0,A0,E0,0,0,2011,3,14,15,4,3,1,1359
12095,4591,A05,0,A00,A0,A0,E0,0,0,2011,3,1862,1924,450,388,62,1676
12097,4591,A05,0,A00,A0,A0,E0,0,0,2011,3,319,328,65,56,9,1317
12099,4591,A05,0,A00,A0,A0,E0,0,0,2011,3,1568,1587,302,284,18,1974
12101,4591,A05,0,A00,A0,A0,E0,0,0,2011,3,370,394,83,58,24,1420
12103,4591,A05,0,A00,A0,A0,E0,0,0,2011,3,1532,1563,263,232,31,1906
12105,4591,A05,0,A00,A0,A0,E0,0,0,2011,3,664,672,133,125,8,1466
12107,4591,A05,0,A00,A0,A0,E0,0,0,2011,3,26,28,8,6,2,1473
12109,4591,A05,0,A00,A0,A0,E0,0,0,2011,3,206,217,47,36,11,1545
12111,4591,A05,0,A00,A0,A0,E0,0,0,2011,3,143,150,33,26,7,1307
12113,4591,A05,0,A00,A0,A0,E0,0,0,2011,3,94,87,27,35,-8,1662
12115,4591,A05,0,A00,A0,A0,E0,0,0,2011,3,604,620,120,105,16,1629
12117,4591,A05,0,A00,A0,A0,E0,0,0,2011,3,1036,1058,191,169,21,1665
12119,4591,A05,0,A00,A0,A0,E0,0,0,2011,3,29,30,6,5,1,1309
12121,4591,A05,0,A00,A0,A0,E0,0,0,2011,3,20,18,3,5,-2,1281
12123,4591,A05,0,A00,A0,A0,E0,0,0,2011,3,11,10,3,4,-1,933
12127,4591,A05,0,A00,A0,A0,E0,0,0,2011,3,487,529,115,73,42,1539
12129,4591,A05,0,A00,A0,A0,E0,0,0,2011,3,13,13,,,0,1128
12131,4591,A05,0,A00,A0,A0,E0,0,0,2011,3,88,78,22,31,-10,1545
12133,4591,A05,0,A00,A0,A0,E0,0,0,2011,3,,,,,,805
12,4591,A05,0,A00,A0,A0,E0,0,0,2011,3,26105,26661,5343,4787,556,1807
12001,4591,A05,0,A00,A0,A0,E0,0,0,2011,4,327,346,109,90,19,1603
12003,4591,A05,0,A00,A0,A0,E0,0,0,2011,4,,,,,,478
12005,4591,A05,0,A00,A0,A0,E0,0,0,2011,4,304,315,112,101,11,1591
12007,4591,A05,0,A00,A0,A0,E0,0,0,2011,4,,,,,,796
12009,4591,A05,0,A00,A0,A0,E0,0,0,2011,4,599,655,194,138,56,1582
12011,4591,A05,0,A00,A0,A0,E0,0,0,2011,4,4044,4356,1227,915,312,1935
12015,4591,A05,0,A00,A0,A0,E0,0,0,2011,4,156,179,84,61,23,1737
12017,4591,A05,0,A00,A0,A0,E0,0,0,2011,4,41,41,13,13,0,996
12019,4591,A05,0,A00,A0,A0,E0,0,0,2011,4,261,322,134,73,61,1584
12021,4591,A05,0,A00,A0,A0,E0,0,0,2011,4,317,420,217,113,103,1936
12023,4591,A05,0,A00,A0,A0,E0,0,0,2011,4,58,59,14,13,0,1714
12027,4591,A05,0,A00,A0,A0,E0,0,0,2011,4,,,,,,781
12031,4591,A05,0,A00,A0,A0,E0,0,0,2011,4,2090,2100,726,716,10,2006
12033,4591,A05,0,A00,A0,A0,E0,0,0,2011,4,636,677,310,269,41,1597
12035,4591,A05,0,A00,A0,A0,E0,0,0,2011,4,55,55,13,12,1,955
12037,4591,A05,0,A00,A0,A0,E0,0,0,2011,4,13,11,,3,-2,1697
12039,4591,A05,0,A00,A0,A0,E0,0,0,2011,4,,,0,0,,1078
12041,4591,A05,0,A00,A0,A0,E0,0,0,2011,4,,,,,,548
12049,4591,A05,0,A00,A0,A0,E0,0,0,2011,4,,,,,,796
12051,4591,A05,0,A00,A0,A0,E0,0,0,2011,4,,,,,,985
12053,4591,A05,0,A00,A0,A0,E0,0,0,2011,4,112,117,34,28,6,1208
12055,4591,A05,0,A00,A0,A0,E0,0,0,2011,4,54,58,18,14,4,1215
12057,4591,A05,0,A00,A0,A0,E0,0,0,2011,4,1616,1743,474,346,127,2008
12059,4591,A05,0,A00,A0,A0,E0,0,0,2011,4,,0,0,,,835
12061,4591,A05,0,A00,A0,A0,E0,0,0,2011,4,212,227,44,29,15,2469
12063,4591,A05,0,A00,A0,A0,E0,0,0,2011,4,,,,,,1185
12065,4591,A05,0,A00,A0,A0,E0,0,0,2011,4,,,0,0,,516
12067,4591,A05,0,A00,A0,A0,E0,0,0,2011,4,15,14,,3,-2,857
12069,4591,A05,0,A00,A0,A0,E0,0,0,2011,4,316,338,84,63,22,1377
12071,4591,A05,0,A00,A0,A0,E0,0,0,2011,4,770,838,240,172,68,1807
12073,4591,A05,0,A00,A0,A0,E0,0,0,2011,4,396,391,146,151,-5,1631
12075,4591,A05,0,A00,A0,A0,E0,0,0,2011,4,31,34,5,3,2,1623
12079,4591,A05,0,A00,A0,A0,E0,0,0,2011,4,,,0,0,,1298
12081,4591,A05,0,A00,A0,A0,E0,0,0,2011,4,548,585,146,109,37,2593
12083,4591,A05,0,A00,A0,A0,E0,0,0,2011,4,420,477,133,76,57,1514
12085,4591,A05,0,A00,A0,A0,E0,0,0,2011,4,316,337,100,79,21,2065
12086,4591,A05,0,A00,A0,A0,E0,0,0,2011,4,2871,3187,1261,944,317,2001
12087,4591,A05,0,A00,A0,A0,E0,0,0,2011,4,131,131,23,23,0,1702
12089,4591,A05,0,A00,A0,A0,E0,0,0,2011,4,41,46,13,8,5,1234
12091,4591,A05,0,A00,A0,A0,E0,0,0,2011,4,442,464,133,111,22,2174
12093,4591,A05,0,A00,A0,A0,E0,0,0,2011,4,15,13,5,7,-2,1266
12095,4591,A05,0,A00,A0,A0,E0,0,0,2011,4,1924,2157,890,657,233,1670
12097,4591,A05,0,A00,A0,A0,E0,0,0,2011,4,327,359,102,71,32,1287
12099,4591,A05,0,A00,A0,A0,E0,0,0,2011,4,1633,1790,588,431,157,2196
12101,4591,A05,0,A00,A0,A0,E0,0,0,2011,4,393,474,235,154,81,1419
12103,4591,A05,0,A00,A0,A0,E0,0,0,2011,4,1525,1593,356,287,68,1806
12105,4591,A05,0,A00,A0,A0,E0,0,0,2011,4,672,739,252,185,67,1489
12107,4591,A05,0,A00,A0,A0,E0,0,0,2011,4,28,31,8,4,4,1328
12109,4591,A05,0,A00,A0,A0,E0,0,0,2011,4,222,229,44,37,7,1831
12111,4591,A05,0,A00,A0,A0,E0,0,0,2011,4,149,183,65,32,33,1233
12113,4591,A05,0,A00,A0,A0,E0,0,0,2011,4,87,87,24,24,0,1793
12115,4591,A05,0,A00,A0,A0,E0,0,0,2011,4,620,645,130,105,25,1617
12117,4591,A05,0,A00,A0,A0,E0,0,0,2011,4,1059,1135,341,265,76,1630
12119,4591,A05,0,A00,A0,A0,E0,0,0,2011,4,31,31,,,0,1390
12121,4591,A05,0,A00,A0,A0,E0,0,0,2011,4,18,18,,,0,1297
12123,4591,A05,0,A00,A0,A0,E0,0,0,2011,4,10,10,,,0,818
12125,4591,A05,0,A00,A0,A0,E0,0,0,2011,4,0,,,0,,
12127,4591,A05,0,A00,A0,A0,E0,0,0,2011,4,529,569,187,146,40,1663
12129,4591,A05,0,A00,A0,A0,E0,0,0,2011,4,13,13,,0,0,936
12131,4591,A05,0,A00,A0,A0,E0,0,0,2011,4,78,67,14,25,-11,1485
12133,4591,A05,0,A00,A0,A0,E0,0,0,2011,4,,,,,,661
12,4591,A05,0,A00,A0,A0,E0,0,0,2011,4,26600,28747,9274,7128,2147,1840
12001,4591,A05,0,A00,A0,A0,E0,0,0,2012,1,345,313,29,61,-32,1293
12003,4591,A05,0,A00,A0,A0,E0,0,0,2012,1,,,,0,,421
12005,4591,A05,0,A00,A0,A0,E0,0,0,2012,1,326,322,46,51,-5,1459
12007,4591,A05,0,A00,A0,A0,E0,0,0,2012,1,,,,,,576
12009,4591,A05,0,A00,A0,A0,E0,0,0,2012,1,652,611,88,130,-41,1275
12011,4591,A05,0,A00,A0,A0,E0,0,0,2012,1,4087,3844,515,758,-243,1924
12015,4591,A05,0,A00,A0,A0,E0,0,0,2012,1,151,136,16,30,-14,1513
12017,4591,A05,0,A00,A0,A0,E0,0,0,2012,1,41,41,4,5,0,1120
12019,4591,A05,0,A00,A0,A0,E0,0,0,2012,1,315,278,36,73,-37,1123
12021,4591,A05,0,A00,A0,A0,E0,0,0,2012,1,414,413,71,73,-1,1923
12023,4591,A05,0,A00,A0,A0,E0,0,0,2012,1,56,57,11,9,1,1665
12027,4591,A05,0,A00,A0,A0,E0,0,0,2012,1,,,,,,976
12031,4591,A05,0,A00,A0,A0,E0,0,0,2012,1,2173,2125,325,373,-48,2356
12033,4591,A05,0,A00,A0,A0,E0,0,0,2012,1,708,640,76,144,-68,1406
12035,4591,A05,0,A00,A0,A0,E0,0,0,2012,1,55,53,9,12,-3,973
12037,4591,A05,0,A00,A0,A0,E0,0,0,2012,1,11,13,,0,2,1946
12039,4591,A05,0,A00,A0,A0,E0,0,0,2012,1,,,0,0,,1112
12041,4591,A05,0,A00,A0,A0,E0,0,0,2012,1,,,,,,558
12049,4591,A05,0,A00,A0,A0,E0,0,0,2012,1,,,,,,789
12051,4591,A05,0,A00,A0,A0,E0,0,0,2012,1,,,,,,1184
12053,4591,A05,0,A00,A0,A0,E0,0,0,2012,1,109,97,14,26,-13,1199
12055,4591,A05,0,A00,A0,A0,E0,0,0,2012,1,58,52,7,13,-6,1103
12057,4591,A05,0,A00,A0,A0,E0,0,0,2012,1,1715,1610,215,320,-105,1788
12059,4591,A05,0,A00,A0,A0,E0,0,0,2012,1,0,0,,,0,
12061,4591,A05,0,A00,A0,A0,E0,0,0,2012,1,231,232,35,33,2,2865
12063,4591,A05,0,A00,A0,A0,E0,0,0,2012,1,,,,,,1302
12065,4591,A05,0,A00,A0,A0,E0,0,0,2012,1,,,0,0,,516
12067,4591,A05,0,A00,A0,A0,E0,0,0,2012,1,14,12,0,,-2,754
12069,4591,A05,0,A00,A0,A0,E0,0,0,2012,1,338,331,47,53,-6,1366
12071,4591,A05,0,A00,A0,A0,E0,0,0,2012,1,829,791,128,167,-38,1624
12073,4591,A05,0,A00,A0,A0,E0,0,0,2012,1,401,389,68,80,-12,1508
12075,4591,A05,0,A00,A0,A0,E0,0,0,2012,1,32,36,10,7,4,1488
12079,4591,A05,0,A00,A0,A0,E0,0,0,2012,1,,,,0,,1070
12081,4591,A05,0,A00,A0,A0,E0,0,0,2012,1,590,569,62,82,-21,3347
12083,4591,A05,0,A00,A0,A0,E0,0,0,2012,1,474,495,122,102,21,1433
12085,4591,A05,0,A00,A0,A0,E0,0,0,2012,1,343,334,47,57,-10,1868
12086,4591,A05,0,A00,A0,A0,E0,0,0,2012,1,3164,2887,393,670,-277,1694
12087,4591,A05,0,A00,A0,A0,E0,0,0,2012,1,128,139,25,14,11,1760
12089,4591,A05,0,A00,A0,A0,E0,0,0,2012,1,47,45,11,13,-2,1001
12091,4591,A05,0,A00,A0,A0,E0,0,0,2012,1,463,454,71,79,-9,2228
12093,4591,A05,0,A00,A0,A0,E0,0,0,2012,1,13,13,,,0,1479
12095,4591,A05,0,A00,A0,A0,E0,0,0,2012,1,2230,2041,297,486,-189,1503
12097,4591,A05,0,A00,A0,A0,E0,0,0,2012,1,358,332,53,79,-25,1208
12099,4591,A05,0,A00,A0,A0,E0,0,0,2012,1,1793,1668,230,355,-125,1846
12101,4591,A05,0,A00,A0,A0,E0,0,0,2012,1,469,399,52,122,-70,1204
12103,4591,A05,0,A00,A0,A0,E0,0,0,2012,1,1548,1474,175,249,-74,1651
12105,4591,A05,0,A00,A0,A0,E0,0,0,2012,1,735,682,103,156,-53,1357
12107,4591,A05,0,A00,A0,A0,E0,0,0,2012,1,31,27,4,7,-4,1281
12109,4591,A05,0,A00,A0,A0,E0,0,0,2012,1,242,240,34,36,-2,1601
12111,4591,A05,0,A00,A0,A0,E0,0,0,2012,1,187,170,29,47,-17,1169
12113,4591,A05,0,A00,A0,A0,E0,0,0,2012,1,79,81,17,15,2,1626
12115,4591,A05,0,A00,A0,A0,E0,0,0,2012,1,634,631,102,105,-3,1578
12117,4591,A05,0,A00,A0,A0,E0,0,0,2012,1,1122,1029,132,225,-93,1564
12119,4591,A05,0,A00,A0,A0,E0,0,0,2012,1,23,21,3,4,-1,1380
12121,4591,A05,0,A00,A0,A0,E0,0,0,2012,1,18,21,6,,4,1347
12123,4591,A05,0,A00,A0,A0,E0,0,0,2012,1,10,9,,,-1,949
12125,4591,A05,0,A00,A0,A0,E0,0,0,2012,1,,0,0,,,380
12127,4591,A05,0,A00,A0,A0,E0,0,0,2012,1,541,519,79,101,-22,1329
12129,4591,A05,0,A00,A0,A0,E0,0,0,2012,1,17,17,,,0,1059
12131,4591,A05,0,A00,A0,A0,E0,0,0,2012,1,61,77,27,11,16,1597
12133,4591,A05,0,A00,A0,A0,E0,0,0,2012,1,,,,,,779
12,4591,A05,0,A00,A0,A0,E0,0,0,2012,1,28462,26848,3853,5467,-1614,1738
12001,4591,A05,0,A00,A0,A0,E0,0,0,2012,2,313,317,57,53,4,1381
12003,4591,A05,0,A00,A0,A0,E0,0,0,2012,2,,,0,,,398
12005,4591,A05,0,A00,A0,A0,E0,0,0,2012,2,321,355,90,56,34,1591
12007,4591,A05,0,A00,A0,A0,E0,0,0,2012,2,,,,,,763
12009,4591,A05,0,A00,A0,A0,E0,0,0,2012,2,611,617,109,102,6,1403
12011,4591,A05,0,A00,A0,A0,E0,0,0,2012,2,3844,3911,657,590,67,1792
12015,4591,A05,0,A00,A0,A0,E0,0,0,2012,2,136,129,21,28,-7,1673
12017,4591,A05,0,A00,A0,A0,E0,0,0,2012,2,41,44,5,,3,1075
12019,4591,A05,0,A00,A0,A0,E0,0,0,2012,2,278,273,40,46,-5,1256
12021,4591,A05,0,A00,A0,A0,E0,0,0,2012,2,413,387,48,73,-25,1767
12023,4591,A05,0,A00,A0,A0,E0,0,0,2012,2,57,62,10,5,5,1785
12027,4591,A05,0,A00,A0,A0,E0,0,0,2012,2,,,,,,696
12031,4591,A05,0,A00,A0,A0,E0,0,0,2012,2,2118,2176,402,344,58,2714
12033,4591,A05,0,A00,A0,A0,E0,0,0,2012,2,639,643,109,105,4,1566
12035,4591,A05,0,A00,A0,A0,E0,0,0,2012,2,53,54,12,11,2,1010
12037,4591,A05,0,A00,A0,A0,E0,0,0,2012,2,13,14,,0,1,2041
12039,4591,A05,0,A00,A0,A0,E0,0,0,2012,2,,,0,0,,1114
12041,4591,A05,0,A00,A0,A0,E0,0,0,2012,2,,,,,,458
12049,4591,A05,0,A00,A0,A0,E0,0,0,2012,2,,,,,,777
12051,4591,A05,0,A00,A0,A0,E0,0,0,2012,2,,,,,,1020
12053,4591,A05,0,A00,A0,A0,E0,0,0,2012,2,96,92,21,26,-4,1227
12055,4591,A05,0,A00,A0,A0,E0,0,0,2012,2,52,53,10,9,1,1325
12057,4591,A05,0,A00,A0,A0,E0,0,0,2012,2,1620,1616,271,274,-3,1875
12059,4591,A05,0,A00,A0,A0,E0,0,0,2012,2,0,,,0,,
12061,4591,A05,0,A00,A0,A0,E0,0,0,2012,2,231,233,39,37,2,2697
12063,4591,A05,0,A00,A0,A0,E0,0,0,2012,2,,,,,,1215
12065,4591,A05,0,A00,A0,A0,E0,0,0,2012,2,,0,0,,,344
12067,4591,A05,0,A00,A0,A0,E0,0,0,2012,2,,,0,,,845
12069,4591,A05,0,A00,A0,A0,E0,0,0,2012,2,331,332,66,65,1,1271
12071,4591,A05,0,A00,A0,A0,E0,0,0,2012,2,789,769,126,147,-21,1609
12073,4591,A05,0,A00,A0,A0,E0,0,0,2012,2,388,394,81,75,6,1598
12075,4591,A05,0,A00,A0,A0,E0,0,0,2012,2,36,37,6,5,1,1650
12079,4591,A05,0,A00,A0,A0,E0,0,0,2012,2,,,0,,,923
12081,4591,A05,0,A00,A0,A0,E0,0,0,2012,2,576,559,66,82,-16,2548
12083,4591,A05,0,A00,A0,A0,E0,0,0,2012,2,478,498,90,70,20,1513
12085,4591,A05,0,A00,A0,A0,E0,0,0,2012,2,333,311,47,69,-22,1986
12086,4591,A05,0,A00,A0,A0,E0,0,0,2012,2,2881,2900,486,468,19,1871
12087,4591,A05,0,A00,A0,A0,E0,0,0,2012,2,139,150,54,43,11,1721
12089,4591,A05,0,A00,A0,A0,E0,0,0,2012,2,45,43,7,9,-2,1117
12091,4591,A05,0,A00,A0,A0,E0,0,0,2012,2,454,470,94,78,16,2200
12093,4591,A05,0,A00,A0,A0,E0,0,0,2012,2,13,14,3,,1,1248
12095,4591,A05,0,A00,A0,A0,E0,0,0,2012,2,2047,2071,370,346,24,1648
12097,4591,A05,0,A00,A0,A0,E0,0,0,2012,2,332,317,54,69,-15,1276
12099,4591,A05,0,A00,A0,A0,E0,0,0,2012,2,1664,1644,282,302,-20,1987
12101,4591,A05,0,A00,A0,A0,E0,0,0,2012,2,398,392,63,70,-7,1487
12103,4591,A05,0,A00,A0,A0,E0,0,0,2012,2,1473,1495,262,241,21,1852
12105,4591,A05,0,A00,A0,A0,E0,0,0,2012,2,688,691,138,135,3,1431
12107,4591,A05,0,A00,A0,A0,E0,0,0,2012,2,27,27,6,7,-1,1238
12109,4591,A05,0,A00,A0,A0,E0,0,0,2012,2,240,265,53,28,25,1677
12111,4591,A05,0,A00,A0,A0,E0,0,0,2012,2,170,181,44,32,12,1330
12113,4591,A05,0,A00,A0,A0,E0,0,0,2012,2,81,82,19,17,2,1597
12115,4591,A05,0,A00,A0,A0,E0,0,0,2012,2,631,641,143,133,10,1608
12117,4591,A05,0,A00,A0,A0,E0,0,0,2012,2,1027,1018,159,168,-8,1519
12119,4591,A05,0,A00,A0,A0,E0,0,0,2012,2,21,18,4,7,-3,1348
12121,4591,A05,0,A00,A0,A0,E0,0,0,2012,2,21,22,,,1,1164
12123,4591,A05,0,A00,A0,A0,E0,0,0,2012,2,9,10,3,,2,897
12127,4591,A05,0,A00,A0,A0,E0,0,0,2012,2,517,523,98,91,6,1430
12129,4591,A05,0,A00,A0,A0,E0,0,0,2012,2,17,18,3,,1,1188
12131,4591,A05,0,A00,A0,A0,E0,0,0,2012,2,77,108,53,22,31,1559
12133,4591,A05,0,A00,A0,A0,E0,0,0,2012,2,,,,,,608
12,4591,A05,0,A00,A0,A0,E0,0,0,2012,2,26829,27064,4798,4563,235,1808
12001,4591,A05,0,A00,A0,A0,E0,0,0,2012,3,317,317,63,63,0,1384
12003,4591,A05,0,A00,A0,A0,E0,0,0,2012,3,,,0,0,,618
12005,4591,A05,0,A00,A0,A0,E0,0,0,2012,3,353,331,59,81,-21,1548
12007,4591,A05,0,A00,A0,A0,E0,0,0,2012,3,,,,,,734
12009,4591,A05,0,A00,A0,A0,E0,0,0,2012,3,616,628,110,99,12,1417
12011,4591,A05,0,A00,A0,A0,E0,0,0,2012,3,3925,4033,769,661,108,1845
12015,4591,A05,0,A00,A0,A0,E0,0,0,2012,3,129,132,18,16,2,1530
12017,4591,A05,0,A00,A0,A0,E0,0,0,2012,3,44,39,3,8,-6,995
12019,4591,A05,0,A00,A0,A0,E0,0,0,2012,3,273,297,72,47,25,1298
12021,4591,A05,0,A00,A0,A0,E0,0,0,2012,3,391,393,54,53,2,1918
12023,4591,A05,0,A00,A0,A0,E0,0,0,2012,3,62,65,9,7,2,1758
12027,4591,A05,0,A00,A0,A0,E0,0,0,2012,3,,,,,,939
12031,4591,A05,0,A00,A0,A0,E0,0,0,2012,3,2188,2213,390,366,25,1908
12033,4591,A05,0,A00,A0,A0,E0,0,0,2012,3,655,694,175,136,40,1548
12035,4591,A05,0,A00,A0,A0,E0,0,0,2012,3,54,59,16,12,4,978
12037,4591,A05,0,A00,A0,A0,E0,0,0,2012,3,14,13,0,,-1,1856
12039,4591,A05,0,A00,A0,A0,E0,0,0,2012,3,,,0,0,,1191
12041,4591,A05,0,A00,A0,A0,E0,0,0,2012,3,,,0,0,,593
12049,4591,A05,0,A00,A0,A0,E0,0,0,2012,3,,,,,,937
12051,4591,A05,0,A00,A0,A0,E0,0,0,2012,3,,,,,,1197
12053,4591,A05,0,A00,A0,A0,E0,0,0,2012,3,92,104,31,20,12,1234
12055,4591,A05,0,A00,A0,A0,E0,0,0,2012,3,52,57,16,11,5,1094
12057,4591,A05,0,A00,A0,A0,E0,0,0,2012,3,1620,1688,367,299,68,1814
12059,4591,A05,0,A00,A0,A0,E0,0,0,2012,3,,,0,0,,1164
12061,4591,A05,0,A00,A0,A0,E0,0,0,2012,3,234,227,42,49,-8,2844
12063,4591,A05,0,A00,A0,A0,E0,0,0,2012,3,,,,,,1404
12067,4591,A05,0,A00,A0,A0,E0,0,0,2012,3,,,,,,960
12069,4591,A05,0,A00,A0,A0,E0,0,0,2012,3,328,351,67,44,23,1320
12071,4591,A05,0,A00,A0,A0,E0,0,0,2012,3,776,794,148,130,18,1636
12073,4591,A05,0,A00,A0,A0,E0,0,0,2012,3,394,505,237,126,111,1492
12075,4591,A05,0,A00,A0,A0,E0,0,0,2012,3,37,36,4,4,0,1669
12079,4591,A05,0,A00,A0,A0,E0,0,0,2012,3,,,0,0,,1286
12081,4591,A05,0,A00,A0,A0,E0,0,0,2012,3,570,580,85,74,11,2721
12083,4591,A05,0,A00,A0,A0,E0,0,0,2012,3,490,494,95,91,4,1417
12085,4591,A05,0,A00,A0,A0,E0,0,0,2012,3,311,324,65,52,13,1910
12086,4591,A05,0,A00,A0,A0,E0,0,0,2012,3,2884,2984,563,463,100,2009
12087,4591,A05,0,A00,A0,A0,E0,0,0,2012,3,150,139,19,29,-10,1688
12089,4591,A05,0,A00,A0,A0,E0,0,0,2012,3,43,48,18,13,5,1237
12091,4591,A05,0,A00,A0,A0,E0,0,0,2012,3,472,466,91,97,-5,1985
12093,4591,A05,0,A00,A0,A0,E0,0,0,2012,3,14,13,3,4,-1,1285
12095,4591,A05,0,A00,A0,A0,E0,0,0,2012,3,2050,2114,424,361,63,1647
12097,4591,A05,0,A00,A0,A0,E0,0,0,2012,3,316,324,70,61,9,1303
12099,4591,A05,0,A00,A0,A0,E0,0,0,2012,3,1639,1746,361,254,107,2002
12101,4591,A05,0,A00,A0,A0,E0,0,0,2012,3,392,421,104,75,29,1343
12103,4591,A05,0,A00,A0,A0,E0,0,0,2012,3,1501,1528,251,225,26,1689
12105,4591,A05,0,A00,A0,A0,E0,0,0,2012,3,691,704,141,128,13,1381
12107,4591,A05,0,A00,A0,A0,E0,0,0,2012,3,27,25,5,7,-2,1325
12109,4591,A05,0,A00,A0,A0,E0,0,0,2012,3,275,272,51,55,-3,1558
12111,4591,A05,0,A00,A0,A0,E0,0,0,2012,3,181,170,33,45,-12,1230
12113,4591,A05,0,A00,A0,A0,E0,0,0,2012,3,80,81,19,18,1,1770
12115,4591,A05,0,A00,A0,A0,E0,0,0,2012,3,632,650,136,119,17,1617
12117,4591,A05,0,A00,A0,A0,E0,0,0,2012,3,1020,1078,242,184,58,1694
12119,4591,A05,0,A00,A0,A0,E0,0,0,2012,3,23,24,4,3,1,1502
12121,4591,A05,0,A00,A0,A0,E0,0,0,2012,3,22,22,3,3,0,977
12123,4591,A05,0,A00,A0,A0,E0,0,0,2012,3,10,12,6,5,1,813
12127,4591,A05,0,A00,A0,A0,E0,0,0,2012,3,519,537,110,92,18,1424
12129,4591,A05,0,A00,A0,A0,E0,0,0,2012,3,18,21,6,,4,1099
12131,4591,A05,0,A00,A0,A0,E0,0,0,2012,3,108,87,21,42,-21,1430
12133,4591,A05,0,A00,A0,A0,E0,0,0,2012,3,,,,,,684
12,4591,A05,0,A00,A0,A0,E0,0,0,2012,3,27078,27929,5598,4747,851,1759
12001,4591,A05,0,A00,A0,A0,E0,0,0,2012,4,317,363,126,80,46,1633
12003,4591,A05,0,A00,A0,A0,E0,0,0,2012,4,,,0,0,,580
12005,4591,A05,0,A00,A0,A0,E0,0,0,2012,4,321,348,133,106,27,1562
12007,4591,A05,0,A00,A0,A0,E0,0,0,2012,4,,,,,,566
12009,4591,A05,0,A00,A0,A0,E0,0,0,2012,4,628,683,199,144,55,1581
12011,4591,A05,0,A00,A0,A0,E0,0,0,2012,4,4034,4277,1215,973,243,1808
12015,4591,A05,0,A00,A0,A0,E0,0,0,2012,4,132,154,58,35,23,1900
12017,4591,A05,0,A00,A0,A0,E0,0,0,2012,4,39,39,5,5,0,1218
12019,4591,A05,0,A00,A0,A0,E0,0,0,2012,4,297,349,146,95,51,1246
12021,4591,A05,0,A00,A0,A0,E0,0,0,2012,4,393,485,168,76,92,2647
12023,4591,A05,0,A00,A0,A0,E0,0,0,2012,4,65,65,13,12,1,1669
12027,4591,A05,0,A00,A0,A0,E0,0,0,2012,4,,,,,,842
12031,4591,A05,0,A00,A0,A0,E0,0,0,2012,4,2212,2324,628,516,111,2374
12033,4591,A05,0,A00,A0,A0,E0,0,0,2012,4,695,781,330,243,87,1647
12035,4591,A05,0,A00,A0,A0,E0,0,0,2012,4,59,63,16,11,5,1006
12037,4591,A05,0,A00,A0,A0,E0,0,0,2012,4,13,12,,,-1,2018
12039,4591,A05,0,A00,A0,A0,E0,0,0,2012,4,,,0,0,,1007
12041,4591,A05,0,A00,A0,A0,E0,0,0,2012,4,,,,,,498
12049,4591,A05,0,A00,A0,A0,E0,0,0,2012,4,,,,,,791
12051,4591,A05,0,A00,A0,A0,E0,0,0,2012,4,,,,,,1101
12053,4591,A05,0,A00,A0,A0,E0,0,0,2012,4,104,113,41,32,9,1248
12055,4591,A05,0,A00,A0,A0,E0,0,0,2012,4,57,58,19,17,1,1146
12057,4591,A05,0,A00,A0,A0,E0,0,0,2012,4,1677,1813,534,397,137,2102
12059,4591,A05,0,A00,A0,A0,E0,0,0,2012,4,,,0,0,,1164
12061,4591,A05,0,A00,A0,A0,E0,0,0,2012,4,227,245,57,39,18,3279
12063,4591,A05,0,A00,A0,A0,E0,0,0,2012,4,,,,,,1335
12067,4591,A05,0,A00,A0,A0,E0,0,0,2012,4,,,,,,712
12069,4591,A05,0,A00,A0,A0,E0,0,0,2012,4,351,364,93,79,13,1501
12071,4591,A05,0,A00,A0,A0,E0,0,0,2012,4,793,881,256,169,88,1902
12073,4591,A05,0,A00,A0,A0,E0,0,0,2012,4,519,544,194,169,25,1522
12075,4591,A05,0,A00,A0,A0,E0,0,0,2012,4,36,34,3,6,-3,1616
12079,4591,A05,0,A00,A0,A0,E0,0,0,2012,4,,,0,0,,1297
12081,4591,A05,0,A00,A0,A0,E0,0,0,2012,4,580,623,146,104,43,2602
12083,4591,A05,0,A00,A0,A0,E0,0,0,2012,4,495,541,153,107,47,1559
12085,4591,A05,0,A00,A0,A0,E0,0,0,2012,4,324,354,110,79,30,2100
12086,4591,A05,0,A00,A0,A0,E0,0,0,2012,4,2984,3335,1197,846,351,2092
12087,4591,A05,0,A00,A0,A0,E0,0,0,2012,4,139,143,25,22,3,1890
12089,4591,A05,0,A00,A0,A0,E0,0,0,2012,4,48,41,13,20,-7,1199
12091,4591,A05,0,A00,A0,A0,E0,0,0,2012,4,468,504,138,102,36,2211
12093,4591,A05,0,A00,A0,A0,E0,0,0,2012,4,13,15,4,3,1,1216
12095,4591,A05,0,A00,A0,A0,E0,0,0,2012,4,2124,2472,962,615,347,1760
12097,4591,A05,0,A00,A0,A0,E0,0,0,2012,4,324,351,110,83,27,1354
12099,4591,A05,0,A00,A0,A0,E0,0,0,2012,4,1747,1906,643,485,158,2070
12101,4591,A05,0,A00,A0,A0,E0,0,0,2012,4,421,500,224,145,79,1413
12103,4591,A05,0,A00,A0,A0,E0,0,0,2012,4,1526,1642,406,291,116,1767
12105,4591,A05,0,A00,A0,A0,E0,0,0,2012,4,705,770,245,179,65,1458
12107,4591,A05,0,A00,A0,A0,E0,0,0,2012,4,25,28,7,4,3,1281
12109,4591,A05,0,A00,A0,A0,E0,0,0,2012,4,272,268,55,59,-4,1940
12111,4591,A05,0,A00,A0,A0,E0,0,0,2012,4,170,196,71,44,26,1345
12113,4591,A05,0,A00,A0,A0,E0,0,0,2012,4,81,84,26,23,3,1894
12115,4591,A05,0,A00,A0,A0,E0,0,0,2012,4,650,684,189,155,34,1713
12117,4591,A05,0,A00,A0,A0,E0,0,0,2012,4,1079,1250,414,243,170,1617
12119,4591,A05,0,A00,A0,A0,E0,0,0,2012,4,24,24,,,0,1633
12121,4591,A05,0,A00,A0,A0,E0,0,0,2012,4,22,21,3,4,-1,1246
12123,4591,A05,0,A00,A0,A0,E0,0,0,2012,4,12,12,,,1,803
12127,4591,A05,0,A00,A0,A0,E0,0,0,2012,4,533,584,174,124,50,1627
12129,4591,A05,0,A00,A0,A0,E0,0,0,2012,4,21,20,,4,-1,1125
12131,4591,A05,0,A00,A0,A0,E0,0,0,2012,4,87,83,12,16,-4,1682
12133,4591,A05,0,A00,A0,A0,E0,0,0,2012,4,,,,,,708
12,4591,A05,0,A00,A0,A0,E0,0,0,2012,4,27931,30534,9587,6984,2603,1884
12001,4591,A05,0,A00,A0,A0,E0,0,0,2013,1,368,330,44,82,-39,1264
12003,4591,A05,0,A00,A0,A0,E0,0,0,2013,1,,,,,,442
12005,4591,A05,0,A00,A0,A0,E0,0,0,2013,1,352,297,40,94,-55,1383
12007,4591,A05,0,A00,A0,A0,E0,0,0,2013,1,,,,,,775
12009,4591,A05,0,A00,A0,A0,E0,0,0,2013,1,721,681,112,152,-40,1361
12011,4591,A05,0,A00,A0,A0,E0,0,0,2013,1,3736,3457,502,781,-279,1797
12015,4591,A05,0,A00,A0,A0,E0,0,0,2013,1,153,135,15,33,-18,1508
12017,4591,A05,0,A00,A0,A0,E0,0,0,2013,1,54,54,17,17,0,1352
12019,4591,A05,0,A00,A0,A0,E0,0,0,2013,1,352,313,60,99,-39,1141
12021,4591,A05,0,A00,A0,A0,E0,0,0,2013,1,492,477,60,76,-16,1812
12023,4591,A05,0,A00,A0,A0,E0,0,0,2013,1,66,57,4,13,-9,1799
12027,4591,A05,0,A00,A0,A0,E0,0,0,2013,1,,,,,,936
12031,4591,A05,0,A00,A0,A0,E0,0,0,2013,1,2507,2555,448,400,48,2646
12033,4591,A05,0,A00,A0,A0,E0,0,0,2013,1,774,682,112,204,-92,1378
12035,4591,A05,0,A00,A0,A0,E0,0,0,2013,1,64,55,8,16,-8,880
12037,4591,A05,0,A00,A0,A0,E0,0,0,2013,1,12,12,0,0,0,1952
12039,4591,A05,0,A00,A0,A0,E0,0,0,2013,1,,,0,0,,1077
12041,4591,A05,0,A00,A0,A0,E0,0,0,2013,1,,,,,,465
12049,4591,A05,0,A00,A0,A0,E0,0,0,2013,1,,,,,,852
12051,4591,A05,0,A00,A0,A0,E0,0,0,2013,1,,,,,,1352
12053,4591,A05,0,A00,A0,A0,E0,0,0,2013,1,113,104,17,26,-9,1102
12055,4591,A05,0,A00,A0,A0,E0,0,0,2013,1,59,53,6,12,-6,1098
12057,4591,A05,0,A00,A0,A0,E0,0,0,2013,1,1823,1704,226,345,-119,1736
12059,4591,A05,0,A00,A0,A0,E0,0,0,2013,1,,,0,0,,1164
12061,4591,A05,0,A00,A0,A0,E0,0,0,2013,1,250,245,41,46,-5,2751
12063,4591,A05,0,A00,A0,A0,E0,0,0,2013,1,,,,,,1480
12067,4591,A05,0,A00,A0,A0,E0,0,0,2013,1,,,,,,1154
12069,4591,A05,0,A00,A0,A0,E0,0,0,2013,1,348,360,83,71,12,1221
12071,4591,A05,0,A00,A0,A0,E0,0,0,2013,1,1057,1011,133,179,-46,1664
12073,4591,A05,0,A00,A0,A0,E0,0,0,2013,1,559,505,73,127,-54,1390
12075,4591,A05,0,A00,A0,A0,E0,0,0,2013,1,20,18,,3,-2,1114
12079,4591,A05,0,A00,A0,A0,E0,0,0,2013,1,,,,,,1064
12081,4591,A05,0,A00,A0,A0,E0,0,0,2013,1,637,594,55,98,-44,2269
12083,4591,A05,0,A00,A0,A0,E0,0,0,2013,1,551,528,86,109,-23,1413
12085,4591,A05,0,A00,A0,A0,E0,0,0,2013,1,344,337,59,66,-7,1700
12086,4591,A05,0,A00,A0,A0,E0,0,0,2013,1,3488,3160,438,766,-328,1697
12087,4591,A05,0,A00,A0,A0,E0,0,0,2013,1,171,178,38,31,7,1674
12089,4591,A05,0,A00,A0,A0,E0,0,0,2013,1,41,44,17,14,3,1226
12091,4591,A05,0,A00,A0,A0,E0,0,0,2013,1,597,583,85,100,-15,1970
12093,4591,A05,0,A00,A0,A0,E0,0,0,2013,1,15,17,7,4,3,1229
12095,4591,A05,0,A00,A0,A0,E0,0,0,2013,1,2776,2484,352,644,-292,1457
12097,4591,A05,0,A00,A0,A0,E0,0,0,2013,1,369,331,57,95,-38,1260
12099,4591,A05,0,A00,A0,A0,E0,0,0,2013,1,1916,1766,242,392,-151,1825
12101,4591,A05,0,A00,A0,A0,E0,0,0,2013,1,508,425,51,134,-83,1147
12103,4591,A05,0,A00,A0,A0,E0,0,0,2013,1,1488,1388,154,254,-100,1516
12105,4591,A05,0,A00,A0,A0,E0,0,0,2013,1,777,736,125,166,-41,1317
12107,4591,A05,0,A00,A0,A0,E0,0,0,2013,1,28,26,3,6,-3,1319
12109,4591,A05,0,A00,A0,A0,E0,0,0,2013,1,268,274,41,35,6,1742
12111,4591,A05,0,A00,A0,A0,E0,0,0,2013,1,236,204,27,59,-33,1293
12113,4591,A05,0,A00,A0,A0,E0,0,0,2013,1,85,80,15,20,-5,1578
12115,4591,A05,0,A00,A0,A0,E0,0,0,2013,1,672,649,95,118,-23,1605
12117,4591,A05,0,A00,A0,A0,E0,0,0,2013,1,1265,1179,199,286,-87,1519
12119,4591,A05,0,A00,A0,A0,E0,0,0,2013,1,25,28,6,2,4,1535
12121,4591,A05,0,A00,A0,A0,E0,0,0,2013,1,21,18,,5,-4,1187
12123,4591,A05,0,A00,A0,A0,E0,0,0,2013,1,12,12,,3,-1,906
12127,4591,A05,0,A00,A0,A0,E0,0,0,2013,1,597,584,108,120,-12,1393
12129,4591,A05,0,A00,A0,A0,E0,0,0,2013,1,20,20,5,5,0,1416
12131,4591,A05,0,A00,A0,A0,E0,0,0,2013,1,84,100,36,20,16,1774
12133,4591,A05,0,A00,A0,A0,E0,0,0,2013,1,,,,,,864
12,4591,A05,0,A00,A0,A0,E0,0,0,2013,1,30962,28929,4321,6354,-2032,1691
12001,4591,A05,0,A00,A0,A0,E0,0,0,2013,2,330,319,46,57,-11,1489
12003,4591,A05,0,A00,A0,A0,E0,0,0,2013,2,,,0,0,,344
12005,4591,A05,0,A00,A0,A0,E0,0,0,2013,2,306,344,96,59,37,1805
12007,4591,A05,0,A00,A0,A0,E0,0,0,2013,2,,,,,,586
12009,4591,A05,0,A00,A0,A0,E0,0,0,2013,2,681,691,122,112,10,1438
12011,4591,A05,0,A00,A0,A0,E0,0,0,2013,2,3497,3493,636,640,-4,1828
12015,4591,A05,0,A00,A0,A0,E0,0,0,2013,2,135,133,20,23,-2,1843
12017,4591,A05,0,A00,A0,A0,E0,0,0,2013,2,54,54,4,4,0,1521
12019,4591,A05,0,A00,A0,A0,E0,0,0,2013,2,313,304,59,67,-9,1267
12021,4591,A05,0,A00,A0,A0,E0,0,0,2013,2,487,470,71,89,-18,1932
12023,4591,A05,0,A00,A0,A0,E0,0,0,2013,2,57,69,16,4,12,1835
12027,4591,A05,0,A00,A0,A0,E0,0,0,2013,2,,,,,,796
12031,4591,A05,0,A00,A0,A0,E0,0,0,2013,2,2564,2636,481,409,72,2322
12033,4591,A05,0,A00,A0,A0,E0,0,0,2013,2,697,717,179,159,20,1499
12035,4591,A05,0,A00,A0,A0,E0,0,0,2013,2,55,54,10,11,-2,1077
12037,4591,A05,0,A00,A0,A0,E0,0,0,2013,2,12,15,3,0,3,2258
12039,4591,A05,0,A00,A0,A0,E0,0,0,2013,2,,,0,0,,1168
12041,4591,A05,0,A00,A0,A0,E0,0,0,2013,2,,,,,,531
12049,4591,A05,0,A00,A0,A0,E0,0,0,2013,2,,,,,,813
12051,4591,A05,0,A00,A0,A0,E0,0,0,2013,2,,,,,,1041
12053,4591,A05,0,A00,A0,A0,E0,0,0,2013,2,105,101,20,24,-3,1195
12055,4591,A05,0,A00,A0,A0,E0,0,0,2013,2,52,56,18,14,4,1155
12057,4591,A05,0,A00,A0,A0,E0,0,0,2013,2,1722,1691,281,313,-32,1867
12059,4591,A05,0,A00,A0,A0,E0,0,0,2013,2,,0,0,,,1280
12061,4591,A05,0,A00,A0,A0,E0,0,0,2013,2,245,251,40,34,6,3099
12063,4591,A05,0,A00,A0,A0,E0,0,0,2013,2,,,,,,1380
12067,4591,A05,0,A00,A0,A0,E0,0,0,2013,2,,,,,,1169
12069,4591,A05,0,A00,A0,A0,E0,0,0,2013,2,360,342,72,90,-18,1223
12071,4591,A05,0,A00,A0,A0,E0,0,0,2013,2,1015,1020,165,161,4,1673
12073,4591,A05,0,A00,A0,A0,E0,0,0,2013,2,505,505,110,110,0,1437
12075,4591,A05,0,A00,A0,A0,E0,0,0,2013,2,18,19,5,4,1,1060
12079,4591,A05,0,A00,A0,A0,E0,0,0,2013,2,,,0,0,,1350
12081,4591,A05,0,A00,A0,A0,E0,0,0,2013,2,594,599,97,92,5,3764
12083,4591,A05,0,A00,A0,A0,E0,0,0,2013,2,529,543,96,81,15,1535
12085,4591,A05,0,A00,A0,A0,E0,0,0,2013,2,367,376,80,71,9,1800
12086,4591,A05,0,A00,A0,A0,E0,0,0,2013,2,3162,3093,506,576,-69,1851
12087,4591,A05,0,A00,A0,A0,E0,0,0,2013,2,169,157,21,32,-11,1933
12089,4591,A05,0,A00,A0,A0,E0,0,0,2013,2,44,44,11,10,0,1301
12091,4591,A05,0,A00,A0,A0,E0,0,0,2013,2,584,623,125,86,39,2479
12093,4591,A05,0,A00,A0,A0,E0,0,0,2013,2,17,19,,,2,1346
12095,4591,A05,0,A00,A0,A0,E0,0,0,2013,2,2515,2544,470,441,29,1642
12097,4591,A05,0,A00,A0,A0,E0,0,0,2013,2,332,322,55,65,-10,1357
12099,4591,A05,0,A00,A0,A0,E0,0,0,2013,2,1771,1715,307,363,-56,1967
12101,4591,A05,0,A00,A0,A0,E0,0,0,2013,2,425,420,71,76,-5,1444
12103,4591,A05,0,A00,A0,A0,E0,0,0,2013,2,1389,1374,221,236,-15,1899
12105,4591,A05,0,A00,A0,A0,E0,0,0,2013,2,736,736,131,131,0,1431
12107,4591,A05,0,A00,A0,A0,E0,0,0,2013,2,26,27,4,3,1,1478
12109,4591,A05,0,A00,A0,A0,E0,0,0,2013,2,274,294,69,49,20,1849
12111,4591,A05,0,A00,A0,A0,E0,0,0,2013,2,204,220,56,39,16,1436
12113,4591,A05,0,A00,A0,A0,E0,0,0,2013,2,80,96,30,13,17,1607
12115,4591,A05,0,A00,A0,A0,E0,0,0,2013,2,650,685,145,110,34,1622
12117,4591,A05,0,A00,A0,A0,E0,0,0,2013,2,1184,1163,181,202,-21,1539
12119,4591,A05,0,A00,A0,A0,E0,0,0,2013,2,28,28,,,-1,1554
12121,4591,A05,0,A00,A0,A0,E0,0,0,2013,2,18,17,,3,-1,1278
12123,4591,A05,0,A00,A0,A0,E0,0,0,2013,2,12,14,4,,2,909
12127,4591,A05,0,A00,A0,A0,E0,0,0,2013,2,586,596,121,111,11,1509
12129,4591,A05,0,A00,A0,A0,E0,0,0,2013,2,20,18,,3,-2,1497
12131,4591,A05,0,A00,A0,A0,E0,0,0,2013,2,100,130,60,29,30,1721
12133,4591,A05,0,A00,A0,A0,E0,0,0,2013,2,,,,,,770
12,4591,A05,0,A00,A0,A0,E0,0,0,2013,2,29112,29224,5342,5230,111,1828
12001,4591,A05,0,A00,A0,A0,E0,0,0,2013,3,319,348,71,41,30,1487
12003,4591,A05,0,A00,A0,A0,E0,0,0,2013,3,,,,,,397
12005,4591,A05,0,A00,A0,A0,E0,0,0,2013,3,338,336,124,126,-2,1680
12007,4591,A05,0,A00,A0,A0,E0,0,0,2013,3,,,,,,716
12009,4591,A05,0,A00,A0,A0,E0,0,0,2013,3,696,751,181,126,55,1495
12011,4591,A05,0,A00,A0,A0,E0,0,0,2013,3,3452,3522,807,737,70,1918
12015,4591,A05,0,A00,A0,A0,E0,0,0,2013,3,133,134,18,17,1,1755
12017,4591,A05,0,A00,A0,A0,E0,0,0,2013,3,54,53,12,13,-1,1504
12019,4591,A05,0,A00,A0,A0,E0,0,0,2013,3,304,309,77,72,5,1326
12021,4591,A05,0,A00,A0,A0,E0,0,0,2013,3,478,471,69,76,-7,2020
12023,4591,A05,0,A00,A0,A0,E0,0,0,2013,3,69,74,13,8,5,1851
12027,4591,A05,0,A00,A0,A0,E0,0,0,2013,3,,,,,,1043
12031,4591,A05,0,A00,A0,A0,E0,0,0,2013,3,2636,2691,517,462,55,2282
12033,4591,A05,0,A00,A0,A0,E0,0,0,2013,3,717,718,202,201,1,1498
12035,4591,A05,0,A00,A0,A0,E0,0,0,2013,3,54,53,14,14,0,1119
12037,4591,A05,0,A00,A0,A0,E0,0,0,2013,3,15,15,,,0,1881
12039,4591,A05,0,A00,A0,A0,E0,0,0,2013,3,,,,,,1127
12041,4591,A05,0,A00,A0,A0,E0,0,0,2013,3,,,,,,466
12049,4591,A05,0,A00,A0,A0,E0,0,0,2013,3,,,,,,1064
12051,4591,A05,0,A00,A0,A0,E0,0,0,2013,3,,,,,,1269
12053,4591,A05,0,A00,A0,A0,E0,0,0,2013,3,101,103,26,25,2,1231
12055,4591,A05,0,A00,A0,A0,E0,0,0,2013,3,56,58,14,13,1,1067
12057,4591,A05,0,A00,A0,A0,E0,0,0,2013,3,1723,1784,368,308,61,1821
12061,4591,A05,0,A00,A0,A0,E0,0,0,2013,3,252,242,49,59,-10,2745
12063,4591,A05,0,A00,A0,A0,E0,0,0,2013,3,,,,,,1509
12067,4591,A05,0,A00,A0,A0,E0,0,0,2013,3,,,,,,1181
12069,4591,A05,0,A00,A0,A0,E0,0,0,2013,3,342,370,104,76,28,1242
12071,4591,A05,0,A00,A0,A0,E0,0,0,2013,3,1019,1053,178,144,34,1679
12073,4591,A05,0,A00,A0,A0,E0,0,0,2013,3,501,676,299,123,176,1607
12075,4591,A05,0,A00,A0,A0,E0,0,0,2013,3,19,21,9,8,1,1012
12079,4591,A05,0,A00,A0,A0,E0,0,0,2013,3,,,,0,,1305
12081,4591,A05,0,A00,A0,A0,E0,0,0,2013,3,609,627,105,87,18,2550
12083,4591,A05,0,A00,A0,A0,E0,0,0,2013,3,543,571,126,98,27,1523
12085,4591,A05,0,A00,A0,A0,E0,0,0,2013,3,364,367,69,66,3,1832
12086,4591,A05,0,A00,A0,A0,E0,0,0,2013,3,2957,3071,626,512,114,1888
12087,4591,A05,0,A00,A0,A0,E0,0,0,2013,3,157,151,24,29,-6,2057
12089,4591,A05,0,A00,A0,A0,E0,0,0,2013,3,44,52,45,37,7,1339
12091,4591,A05,0,A00,A0,A0,E0,0,0,2013,3,629,620,123,132,-9,1989
12093,4591,A05,0,A00,A0,A0,E0,0,0,2013,3,19,19,3,3,0,1924
12095,4591,A05,0,A00,A0,A0,E0,0,0,2013,3,2637,2830,767,574,193,1653
12097,4591,A05,0,A00,A0,A0,E0,0,0,2013,3,318,305,60,74,-13,1405
12099,4591,A05,0,A00,A0,A0,E0,0,0,2013,3,1726,1737,336,325,11,2068
12101,4591,A05,0,A00,A0,A0,E0,0,0,2013,3,420,443,93,70,23,1406
12103,4591,A05,0,A00,A0,A0,E0,0,0,2013,3,1416,1465,261,212,49,1639
12105,4591,A05,0,A00,A0,A0,E0,0,0,2013,3,740,748,151,143,8,1430
12107,4591,A05,0,A00,A0,A0,E0,0,0,2013,3,27,28,6,6,0,1494
12109,4591,A05,0,A00,A0,A0,E0,0,0,2013,3,294,282,52,65,-12,1586
12111,4591,A05,0,A00,A0,A0,E0,0,0,2013,3,223,326,144,41,103,1516
12113,4591,A05,0,A00,A0,A0,E0,0,0,2013,3,96,85,18,29,-11,1669
12115,4591,A05,0,A00,A0,A0,E0,0,0,2013,3,684,678,114,120,-6,1639
12117,4591,A05,0,A00,A0,A0,E0,0,0,2013,3,1164,1217,284,231,53,1608
12119,4591,A05,0,A00,A0,A0,E0,0,0,2013,3,28,28,3,3,0,1530
12121,4591,A05,0,A00,A0,A0,E0,0,0,2013,3,17,16,3,3,0,936
12123,4591,A05,0,A00,A0,A0,E0,0,0,2013,3,14,12,4,6,-2,868
12127,4591,A05,0,A00,A0,A0,E0,0,0,2013,3,591,626,144,110,34,1495
12129,4591,A05,0,A00,A0,A0,E0,0,0,2013,3,18,19,4,3,1,1423
12131,4591,A05,0,A00,A0,A0,E0,0,0,2013,3,130,108,25,47,-22,1534
12133,4591,A05,0,A00,A0,A0,E0,0,0,2013,3,,,,,,925
12,4591,A05,0,A00,A0,A0,E0,0,0,2013,3,29227,30299,6772,5700,1072,1798
12001,4591,A05,0,A00,A0,A0,E0,0,0,2013,4,348,411,161,99,63,1503
12003,4591,A05,0,A00,A0,A0,E0,0,0,2013,4,,,0,0,,429
12005,4591,A05,0,A00,A0,A0,E0,0,0,2013,4,336,385,145,96,49,1673
12007,4591,A05,0,A00,A0,A0,E0,0,0,2013,4,,,,,,638
12009,4591,A05,0,A00,A0,A0,E0,0,0,2013,4,751,924,334,161,173,1566
12011,4591,A05,0,A00,A0,A0,E0,0,0,2013,4,3523,3883,1226,866,360,1982
12015,4591,A05,0,A00,A0,A0,E0,0,0,2013,4,134,155,57,36,21,1891
12017,4591,A05,0,A00,A0,A0,E0,0,0,2013,4,53,63,22,12,10,1581
12019,4591,A05,0,A00,A0,A0,E0,0,0,2013,4,309,395,201,115,86,1285
12021,4591,A05,0,A00,A0,A0,E0,0,0,2013,4,471,574,233,130,104,2467
12023,4591,A05,0,A00,A0,A0,E0,0,0,2013,4,74,76,14,12,2,1703
12027,4591,A05,0,A00,A0,A0,E0,0,0,2013,4,,,,,,898
12031,4591,A05,0,A00,A0,A0,E0,0,0,2013,4,2691,3078,968,582,387,2640
12033,4591,A05,0,A00,A0,A0,E0,0,0,2013,4,718,824,372,266,106,1491
12035,4591,A05,0,A00,A0,A0,E0,0,0,2013,4,53,61,21,14,8,1096
12037,4591,A05,0,A00,A0,A0,E0,0,0,2013,4,15,16,,0,1,1538
12039,4591,A05,0,A00,A0,A0,E0,0,0,2013,4,,,0,,,1194
12041,4591,A05,0,A00,A0,A0,E0,0,0,2013,4,,,0,,,612
12049,4591,A05,0,A00,A0,A0,E0,0,0,2013,4,,,,,,867
12051,4591,A05,0,A00,A0,A0,E0,0,0,2013,4,,,,,,1165
12053,4591,A05,0,A00,A0,A0,E0,0,0,2013,4,103,116,35,22,13,1205
12055,4591,A05,0,A00,A0,A0,E0,0,0,2013,4,58,74,27,10,16,1197
12057,4591,A05,0,A00,A0,A0,E0,0,0,2013,4,1778,1954,537,361,175,1833
12061,4591,A05,0,A00,A0,A0,E0,0,0,2013,4,202,205,64,60,4,2375
12063,4591,A05,0,A00,A0,A0,E0,0,0,2013,4,,,,,,1069
12067,4591,A05,0,A00,A0,A0,E0,0,0,2013,4,,,,,,1225
12069,4591,A05,0,A00,A0,A0,E0,0,0,2013,4,370,411,132,90,42,1378
12071,4591,A05,0,A00,A0,A0,E0,0,0,2013,4,1055,1250,396,202,195,1849
12073,4591,A05,0,A00,A0,A0,E0,0,0,2013,4,676,773,233,137,96,1477
12075,4591,A05,0,A00,A0,A0,E0,0,0,2013,4,21,21,3,3,0,1107
12079,4591,A05,0,A00,A0,A0,E0,0,0,2013,4,,,,,,408
12081,4591,A05,0,A00,A0,A0,E0,0,0,2013,4,632,643,161,150,11,2575
12083,4591,A05,0,A00,A0,A0,E0,0,0,2013,4,570,630,191,131,60,1592
12085,4591,A05,0,A00,A0,A0,E0,0,0,2013,4,352,388,128,92,36,2036
12086,4591,A05,0,A00,A0,A0,E0,0,0,2013,4,3064,3675,1393,781,612,1978
12087,4591,A05,0,A00,A0,A0,E0,0,0,2013,4,147,177,53,23,30,1987
12089,4591,A05,0,A00,A0,A0,E0,0,0,2013,4,52,54,18,16,2,1194
12091,4591,A05,0,A00,A0,A0,E0,0,0,2013,4,621,662,167,126,41,2027
12093,4591,A05,0,A00,A0,A0,E0,0,0,2013,4,19,22,6,3,3,1556
12095,4591,A05,0,A00,A0,A0,E0,0,0,2013,4,2861,3494,1465,831,633,1661
12097,4591,A05,0,A00,A0,A0,E0,0,0,2013,4,289,332,101,58,43,1533
12099,4591,A05,0,A00,A0,A0,E0,0,0,2013,4,1738,1984,676,430,246,2116
12101,4591,A05,0,A00,A0,A0,E0,0,0,2013,4,442,576,269,134,134,1456
12103,4591,A05,0,A00,A0,A0,E0,0,0,2013,4,1465,1594,415,286,129,1712
12105,4591,A05,0,A00,A0,A0,E0,0,0,2013,4,743,828,262,176,86,1542
12107,4591,A05,0,A00,A0,A0,E0,0,0,2013,4,28,28,6,6,1,1511
12109,4591,A05,0,A00,A0,A0,E0,0,0,2013,4,282,257,68,92,-25,2266
12111,4591,A05,0,A00,A0,A0,E0,0,0,2013,4,326,419,137,44,93,1475
12113,4591,A05,0,A00,A0,A0,E0,0,0,2013,4,85,90,20,16,5,2026
12115,4591,A05,0,A00,A0,A0,E0,0,0,2013,4,679,722,169,126,43,1796
12117,4591,A05,0,A00,A0,A0,E0,0,0,2013,4,1209,1446,509,272,237,1593
12119,4591,A05,0,A00,A0,A0,E0,0,0,2013,4,28,28,,,-1,1557
12121,4591,A05,0,A00,A0,A0,E0,0,0,2013,4,16,20,8,4,4,1094
12123,4591,A05,0,A00,A0,A0,E0,0,0,2013,4,12,13,6,5,1,877
12127,4591,A05,0,A00,A0,A0,E0,0,0,2013,4,624,663,214,175,39,1594
12129,4591,A05,0,A00,A0,A0,E0,0,0,2013,4,19,17,,4,-2,1270
12131,4591,A05,0,A00,A0,A0,E0,0,0,2013,4,108,99,,10,-9,1584
12133,4591,A05,0,A00,A0,A0,E0,0,0,2013,4,,,,,,724
12,4591,A05,0,A00,A0,A0,E0,0,0,2013,4,30239,34601,11650,7287,4363,1879
12001,4591,A05,0,A00,A0,A0,E0,0,0,2014,1,406,344,77,138,-61,1197
12003,4591,A05,0,A00,A0,A0,E0,0,0,2014,1,,,,,,415
12005,4591,A05,0,A00,A0,A0,E0,0,0,2014,1,386,387,108,107,1,1363
12007,4591,A05,0,A00,A0,A0,E0,0,0,2014,1,,,,,,796
12009,4591,A05,0,A00,A0,A0,E0,0,0,2014,1,946,867,100,178,-79,1301
12011,4591,A05,0,A00,A0,A0,E0,0,0,2014,1,3885,3554,503,834,-331,1958
12015,4591,A05,0,A00,A0,A0,E0,0,0,2014,1,156,151,21,26,-5,1632
12017,4591,A05,0,A00,A0,A0,E0,0,0,2014,1,63,67,15,12,4,1331
12019,4591,A05,0,A00,A0,A0,E0,0,0,2014,1,396,318,26,104,-78,1090
12021,4591,A05,0,A00,A0,A0,E0,0,0,2014,1,579,564,104,118,-15,1758
12023,4591,A05,0,A00,A0,A0,E0,0,0,2014,1,81,78,9,12,-3,1977
12027,4591,A05,0,A00,A0,A0,E0,0,0,2014,1,,,,,,1049
12031,4591,A05,0,A00,A0,A0,E0,0,0,2014,1,3088,2887,342,543,-200,2570
12033,4591,A05,0,A00,A0,A0,E0,0,0,2014,1,823,708,103,218,-115,1289
12035,4591,A05,0,A00,A0,A0,E0,0,0,2014,1,61,67,19,14,5,949
12037,4591,A05,0,A00,A0,A0,E0,0,0,2014,1,16,16,0,0,0,1457
12039,4591,A05,0,A00,A0,A0,E0,0,0,2014,1,,,,,,1557
12041,4591,A05,0,A00,A0,A0,E0,0,0,2014,1,,,,,,613
12049,4591,A05,0,A00,A0,A0,E0,0,0,2014,1,,,,,,995
12051,4591,A05,0,A00,A0,A0,E0,0,0,2014,1,,,,,,1361
12053,4591,A05,0,A00,A0,A0,E0,0,0,2014,1,116,106,19,29,-11,1150
12055,4591,A05,0,A00,A0,A0,E0,0,0,2014,1,78,67,12,23,-11,1048
12057,4591,A05,0,A00,A0,A0,E0,0,0,2014,1,1952,1792,231,391,-160,1742
12061,4591,A05,0,A00,A0,A0,E0,0,0,2014,1,203,185,30,47,-17,2103
12063,4591,A05,0,A00,A0,A0,E0,0,0,2014,1,,,,,,978
12065,4591,A05,0,A00,A0,A0,E0,0,0,2014,1,0,,,0,,
12067,4591,A05,0,A00,A0,A0,E0,0,0,2014,1,,,0,,,1156
12069,4591,A05,0,A00,A0,A0,E0,0,0,2014,1,412,398,70,85,-14,1153
12071,4591,A05,0,A00,A0,A0,E0,0,0,2014,1,1237,1194,205,247,-43,1635
12073,4591,A05,0,A00,A0,A0,E0,0,0,2014,1,779,681,74,173,-98,1356
12075,4591,A05,0,A00,A0,A0,E0,0,0,2014,1,21,21,5,6,0,1039
12079,4591,A05,0,A00,A0,A0,E0,0,0,2014,1,,,,,,1479
12081,4591,A05,0,A00,A0,A0,E0,0,0,2014,1,646,603,78,121,-43,2256
12083,4591,A05,0,A00,A0,A0,E0,0,0,2014,1,633,596,109,145,-36,1435
12085,4591,A05,0,A00,A0,A0,E0,0,0,2014,1,379,369,70,79,-10,1758
12086,4591,A05,0,A00,A0,A0,E0,0,0,2014,1,3723,3378,519,865,-346,1657
12087,4591,A05,0,A00,A0,A0,E0,0,0,2014,1,175,175,41,42,0,1768
12089,4591,A05,0,A00,A0,A0,E0,0,0,2014,1,54,51,15,19,-4,1124
12091,4591,A05,0,A00,A0,A0,E0,0,0,2014,1,656,593,81,144,-64,1685
12093,4591,A05,0,A00,A0,A0,E0,0,0,2014,1,22,21,3,4,-1,1557
12095,4591,A05,0,A00,A0,A0,E0,0,0,2014,1,3493,3121,503,875,-372,1375
12097,4591,A05,0,A00,A0,A0,E0,0,0,2014,1,332,290,34,76,-42,1350
12099,4591,A05,0,A00,A0,A0,E0,0,0,2014,1,2031,1891,280,419,-139,1941
12101,4591,A05,0,A00,A0,A0,E0,0,0,2014,1,586,490,58,154,-96,1176
12103,4591,A05,0,A00,A0,A0,E0,0,0,2014,1,1588,1464,164,288,-124,1551
12105,4591,A05,0,A00,A0,A0,E0,0,0,2014,1,848,767,126,206,-81,1334
12107,4591,A05,0,A00,A0,A0,E0,0,0,2014,1,28,29,6,6,0,1495
12109,4591,A05,0,A00,A0,A0,E0,0,0,2014,1,258,256,47,49,-2,1811
12111,4591,A05,0,A00,A0,A0,E0,0,0,2014,1,419,375,41,86,-45,1268
12113,4591,A05,0,A00,A0,A0,E0,0,0,2014,1,90,92,21,20,2,1668
12115,4591,A05,0,A00,A0,A0,E0,0,0,2014,1,735,719,112,129,-17,1630
12117,4591,A05,0,A00,A0,A0,E0,0,0,2014,1,1446,1339,212,319,-108,1436
12119,4591,A05,0,A00,A0,A0,E0,0,0,2014,1,33,33,4,4,0,1692
12121,4591,A05,0,A00,A0,A0,E0,0,0,2014,1,20,20,,,0,1087
12123,4591,A05,0,A00,A0,A0,E0,0,0,2014,1,13,15,7,4,2,910
12127,4591,A05,0,A00,A0,A0,E0,0,0,2014,1,663,639,107,131,-24,1332
12129,4591,A05,0,A00,A0,A0,E0,0,0,2014,1,17,14,,5,-3,1491
12131,4591,A05,0,A00,A0,A0,E0,0,0,2014,1,91,116,38,13,25,1676
12133,4591,A05,0,A00,A0,A0,E0,0,0,2014,1,,,,,,1008
12,4591,A05,0,A00,A0,A0,E0,0,0,2014,1,34753,31990,4775,7538,-2763,1676
12001,4591,A05,0,A00,A0,A0,E0,0,0,2014,2,345,317,57,85,-28,1392
12003,4591,A05,0,A00,A0,A0,E0,0,0,2014,2,,,0,0,,496
12005,4591,A05,0,A00,A0,A0,E0,0,0,2014,2,387,399,108,96,12,1507
12007,4591,A05,0,A00,A0,A0,E0,0,0,2014,2,,,,,,654
12009,4591,A05,0,A00,A0,A0,E0,0,0,2014,2,889,883,137,143,-6,1422
12011,4591,A05,0,A00,A0,A0,E0,0,0,2014,2,3552,3541,560,571,-11,1903
12015,4591,A05,0,A00,A0,A0,E0,0,0,2014,2,151,141,20,30,-10,1686
12017,4591,A05,0,A00,A0,A0,E0,0,0,2014,2,67,64,16,19,-3,1468
12019,4591,A05,0,A00,A0,A0,E0,0,0,2014,2,318,296,45,66,-21,1224
12021,4591,A05,0,A00,A0,A0,E0,0,0,2014,2,558,507,70,121,-51,1744
12023,4591,A05,0,A00,A0,A0,E0,0,0,2014,2,77,81,12,9,4,1819
12027,4591,A05,0,A00,A0,A0,E0,0,0,2014,2,,,,,,845
12031,4591,A05,0,A00,A0,A0,E0,0,0,2014,2,2889,2872,431,448,-17,2394
12033,4591,A05,0,A00,A0,A0,E0,0,0,2014,2,760,746,142,156,-14,1457
12035,4591,A05,0,A00,A0,A0,E0,0,0,2014,2,67,67,10,10,0,1073
12037,4591,A05,0,A00,A0,A0,E0,0,0,2014,2,16,17,,,1,1790
12039,4591,A05,0,A00,A0,A0,E0,0,0,2014,2,,,,0,,1432
12041,4591,A05,0,A00,A0,A0,E0,0,0,2014,2,,,,,,581
12049,4591,A05,0,A00,A0,A0,E0,0,0,2014,2,,,,,,812
12051,4591,A05,0,A00,A0,A0,E0,0,0,2014,2,,,,,,1027
12053,4591,A05,0,A00,A0,A0,E0,0,0,2014,2,106,103,17,19,-2,1177
12055,4591,A05,0,A00,A0,A0,E0,0,0,2014,2,67,64,11,14,-3,1143
12057,4591,A05,0,A00,A0,A0,E0,0,0,2014,2,1788,1802,325,310,15,1749
12061,4591,A05,0,A00,A0,A0,E0,0,0,2014,2,185,169,29,45,-16,1922
12063,4591,A05,0,A00,A0,A0,E0,0,0,2014,2,,,,,,904
12065,4591,A05,0,A00,A0,A0,E0,0,0,2014,2,,,0,0,,182
12067,4591,A05,0,A00,A0,A0,E0,0,0,2014,2,,,,,,1270
12069,4591,A05,0,A00,A0,A0,E0,0,0,2014,2,398,401,85,83,3,1176
12071,4591,A05,0,A00,A0,A0,E0,0,0,2014,2,1195,1140,173,228,-55,1648
12073,4591,A05,0,A00,A0,A0,E0,0,0,2014,2,680,651,117,147,-30,1422
12075,4591,A05,0,A00,A0,A0,E0,0,0,2014,2,21,23,3,,2,1110
12079,4591,A05,0,A00,A0,A0,E0,0,0,2014,2,,,,,,1436
12081,4591,A05,0,A00,A0,A0,E0,0,0,2014,2,609,587,87,109,-22,3133
12083,4591,A05,0,A00,A0,A0,E0,0,0,2014,2,595,588,116,123,-7,1516
12085,4591,A05,0,A00,A0,A0,E0,0,0,2014,2,369,356,63,76,-13,1757
12086,4591,A05,0,A00,A0,A0,E0,0,0,2014,2,3365,3280,471,556,-85,1794
12087,4591,A05,0,A00,A0,A0,E0,0,0,2014,2,173,174,45,44,1,1854
12089,4591,A05,0,A00,A0,A0,E0,0,0,2014,2,51,55,19,15,4,1097
12091,4591,A05,0,A00,A0,A0,E0,0,0,2014,2,593,607,146,132,14,1770
12093,4591,A05,0,A00,A0,A0,E0,0,0,2014,2,21,20,,3,-1,1899
12095,4591,A05,0,A00,A0,A0,E0,0,0,2014,2,3123,3247,781,658,124,1504
12097,4591,A05,0,A00,A0,A0,E0,0,0,2014,2,290,283,45,52,-7,1429
12099,4591,A05,0,A00,A0,A0,E0,0,0,2014,2,1891,1809,294,376,-82,1961
12101,4591,A05,0,A00,A0,A0,E0,0,0,2014,2,490,466,71,96,-25,1441
12103,4591,A05,0,A00,A0,A0,E0,0,0,2014,2,1464,1480,254,238,16,1943
12105,4591,A05,0,A00,A0,A0,E0,0,0,2014,2,766,746,117,138,-21,1404
12107,4591,A05,0,A00,A0,A0,E0,0,0,2014,2,29,27,6,8,-2,1309
12109,4591,A05,0,A00,A0,A0,E0,0,0,2014,2,256,261,46,41,5,1607
12111,4591,A05,0,A00,A0,A0,E0,0,0,2014,2,374,343,46,77,-31,1327
12113,4591,A05,0,A00,A0,A0,E0,0,0,2014,2,92,95,19,16,3,1570
12115,4591,A05,0,A00,A0,A0,E0,0,0,2014,2,719,717,130,131,-1,1751
12117,4591,A05,0,A00,A0,A0,E0,0,0,2014,2,1339,1237,161,262,-101,1432
12119,4591,A05,0,A00,A0,A0,E0,0,0,2014,2,33,28,5,10,-5,1683
12121,4591,A05,0,A00,A0,A0,E0,0,0,2014,2,20,19,3,5,-2,916
12123,4591,A05,0,A00,A0,A0,E0,0,0,2014,2,15,14,7,8,-1,678
12127,4591,A05,0,A00,A0,A0,E0,0,0,2014,2,641,646,123,118,5,1538
12129,4591,A05,0,A00,A0,A0,E0,0,0,2014,2,14,15,4,,1,1489
12131,4591,A05,0,A00,A0,A0,E0,0,0,2014,2,116,134,43,25,18,1868
12133,4591,A05,0,A00,A0,A0,E0,0,0,2014,2,,,,,,795
12,4591,A05,0,A00,A0,A0,E0,0,0,2014,2,32049,31605,5496,5939,-444,1752
12001,4591,A05,0,A00,A0,A0,E0,0,0,2014,3,339,380,120,78,42,1416
12003,4591,A05,0,A00,A0,A0,E0,0,0,2014,3,3,3,,,1,451
12005,4591,A05,0,A00,A0,A0,E0,0,0,2014,3,395,370,73,99,-26,1544
12007,4591,A05,0,A00,A0,A0,E0,0,0,2014,3,,,,,,819
12009,4591,A05,0,A00,A0,A0,E0,0,0,2014,3,873,858,141,156,-15,1451
12011,4591,A05,0,A00,A0,A0,E0,0,0,2014,3,3576,3678,717,615,101,2033
12015,4591,A05,0,A00,A0,A0,E0,0,0,2014,3,141,153,33,21,12,1613
12017,4591,A05,0,A00,A0,A0,E0,0,0,2014,3,61,64,13,10,3,1471
12019,4591,A05,0,A00,A0,A0,E0,0,0,2014,3,297,309,81,68,13,1349
12021,4591,A05,0,A00,A0,A0,E0,0,0,2014,3,507,509,82,80,2,1973
12023,4591,A05,0,A00,A0,A0,E0,0,0,2014,3,81,89,18,10,8,1876
12027,4591,A05,0,A00,A0,A0,E0,0,0,2014,3,,,,,,980
12031,4591,A05,0,A00,A0,A0,E0,0,0,2014,3,2843,2905,514,452,62,2254
12033,4591,A05,0,A00,A0,A0,E0,0,0,2014,3,756,789,203,170,33,1580
12035,4591,A05,0,A00,A0,A0,E0,0,0,2014,3,67,74,21,14,7,995
12037,4591,A05,0,A00,A0,A0,E0,0,0,2014,3,17,15,,3,-2,1698
12039,4591,A05,0,A00,A0,A0,E0,0,0,2014,3,,,0,0,,1244
12041,4591,A05,0,A00,A0,A0,E0,0,0,2014,3,,,,,,580
12049,4591,A05,0,A00,A0,A0,E0,0,0,2014,3,,,,,,977
12051,4591,A05,0,A00,A0,A0,E0,0,0,2014,3,,,,,,1227
12053,4591,A05,0,A00,A0,A0,E0,0,0,2014,3,107,112,26,21,4,1255
12055,4591,A05,0,A00,A0,A0,E0,0,0,2014,3,64,63,13,13,0,1188
12057,4591,A05,0,A00,A0,A0,E0,0,0,2014,3,1797,1805,368,359,9,1696
12061,4591,A05,0,A00,A0,A0,E0,0,0,2014,3,168,163,31,36,-4,1820
12063,4591,A05,0,A00,A0,A0,E0,0,0,2014,3,,,,,,1089
12065,4591,A05,0,A00,A0,A0,E0,0,0,2014,3,,,0,0,,367
12067,4591,A05,0,A00,A0,A0,E0,0,0,2014,3,,,,,,1456
12069,4591,A05,0,A00,A0,A0,E0,0,0,2014,3,417,434,107,89,17,1276
12071,4591,A05,0,A00,A0,A0,E0,0,0,2014,3,1126,1126,203,204,0,1715
12073,4591,A05,0,A00,A0,A0,E0,0,0,2014,3,656,653,167,170,-3,1520
12075,4591,A05,0,A00,A0,A0,E0,0,0,2014,3,23,22,3,4,-1,1156
12079,4591,A05,0,A00,A0,A0,E0,0,0,2014,3,,,,,,2270
12081,4591,A05,0,A00,A0,A0,E0,0,0,2014,3,593,587,94,101,-6,2900
12083,4591,A05,0,A00,A0,A0,E0,0,0,2014,3,567,575,146,138,7,1479
12085,4591,A05,0,A00,A0,A0,E0,0,0,2014,3,340,342,66,64,2,1758
12086,4591,A05,0,A00,A0,A0,E0,0,0,2014,3,3248,3338,697,608,89,1884
12087,4591,A05,0,A00,A0,A0,E0,0,0,2014,3,171,176,47,42,5,1830
12089,4591,A05,0,A00,A0,A0,E0,0,0,2014,3,55,49,16,23,-6,1164
12091,4591,A05,0,A00,A0,A0,E0,0,0,2014,3,607,643,227,192,36,1888
12093,4591,A05,0,A00,A0,A0,E0,0,0,2014,3,20,23,6,3,2,1759
12095,4591,A05,0,A00,A0,A0,E0,0,0,2014,3,3209,3260,772,721,51,1593
12097,4591,A05,0,A00,A0,A0,E0,0,0,2014,3,300,298,60,62,-2,1583
12099,4591,A05,0,A00,A0,A0,E0,0,0,2014,3,1816,1885,388,319,69,2150
12101,4591,A05,0,A00,A0,A0,E0,0,0,2014,3,464,465,103,102,1,1464
12103,4591,A05,0,A00,A0,A0,E0,0,0,2014,3,1481,1472,247,256,-9,1732
12105,4591,A05,0,A00,A0,A0,E0,0,0,2014,3,733,773,196,156,40,1435
12107,4591,A05,0,A00,A0,A0,E0,0,0,2014,3,27,28,7,5,1,1471
12109,4591,A05,0,A00,A0,A0,E0,0,0,2014,3,259,267,57,49,8,1548
12111,4591,A05,0,A00,A0,A0,E0,0,0,2014,3,343,340,64,67,-3,1316
12113,4591,A05,0,A00,A0,A0,E0,0,0,2014,3,95,91,18,23,-4,1754
12115,4591,A05,0,A00,A0,A0,E0,0,0,2014,3,716,716,167,166,1,1765
12117,4591,A05,0,A00,A0,A0,E0,0,0,2014,3,1275,1262,254,267,-13,1677
12119,4591,A05,0,A00,A0,A0,E0,0,0,2014,3,29,26,4,7,-2,1701
12121,4591,A05,0,A00,A0,A0,E0,0,0,2014,3,19,21,4,,2,1075
12123,4591,A05,0,A00,A0,A0,E0,0,0,2014,3,14,16,7,5,2,821
12127,4591,A05,0,A00,A0,A0,E0,0,0,2014,3,652,600,137,189,-52,1565
12129,4591,A05,0,A00,A0,A0,E0,0,0,2014,3,15,17,4,,2,1631
12131,4591,A05,0,A00,A0,A0,E0,0,0,2014,3,134,114,14,35,-20,2007
12133,4591,A05,0,A00,A0,A0,E0,0,0,2014,3,,,,,,930
12,4591,A05,0,A00,A0,A0,E0,0,0,2014,3,31578,32053,6763,6288,475,1798
12001,4591,A05,0,A00,A0,A0,E0,0,0,2014,4,374,414,149,109,40,1440
12003,4591,A05,0,A00,A0,A0,E0,0,0,2014,4,,,0,,,410
12005,4591,A05,0,A00,A0,A0,E0,0,0,2014,4,375,414,161,122,39,1620
12007,4591,A05,0,A00,A0,A0,E0,0,0,2014,4,,,,,,663
12009,4591,A05,0,A00,A0,A0,E0,0,0,2014,4,883,961,283,206,78,1601
12011,4591,A05,0,A00,A0,A0,E0,0,0,2014,4,3608,3991,1161,779,383,2052
12015,4591,A05,0,A00,A0,A0,E0,0,0,2014,4,144,137,40,46,-6,1988
12017,4591,A05,0,A00,A0,A0,E0,0,0,2014,4,64,68,16,12,4,1378
12019,4591,A05,0,A00,A0,A0,E0,0,0,2014,4,313,351,150,112,38,1305
12021,4591,A05,0,A00,A0,A0,E0,0,0,2014,4,498,616,231,113,118,2587
12023,4591,A05,0,A00,A0,A0,E0,0,0,2014,4,123,121,26,28,-2,1711
12027,4591,A05,0,A00,A0,A0,E0,0,0,2014,4,,,,,,727
12031,4591,A05,0,A00,A0,A0,E0,0,0,2014,4,2889,3046,715,558,157,2491
12033,4591,A05,0,A00,A0,A0,E0,0,0,2014,4,806,941,422,288,134,1560
12035,4591,A05,0,A00,A0,A0,E0,0,0,2014,4,71,74,19,17,2,1143
12037,4591,A05,0,A00,A0,A0,E0,0,0,2014,4,15,15,0,0,0,1559
12039,4591,A05,0,A00,A0,A0,E0,0,0,2014,4,,,,,,1156
12041,4591,A05,0,A00,A0,A0,E0,0,0,2014,4,,,,0,,577
12049,4591,A05,0,A00,A0,A0,E0,0,0,2014,4,,,,,,883
12051,4591,A05,0,A00,A0,A0,E0,0,0,2014,4,,,,,,1023
12053,4591,A05,0,A00,A0,A0,E0,0,0,2014,4,127,154,61,35,26,1322
12055,4591,A05,0,A00,A0,A0,E0,0,0,2014,4,63,70,20,14,6,1248
12057,4591,A05,0,A00,A0,A0,E0,0,0,2014,4,1804,1938,543,409,133,1771
12061,4591,A05,0,A00,A0,A0,E0,0,0,2014,4,164,183,61,42,19,1846
12063,4591,A05,0,A00,A0,A0,E0,0,0,2014,4,,,,,,774
12065,4591,A05,0,A00,A0,A0,E0,0,0,2014,4,,,0,0,,230
12067,4591,A05,0,A00,A0,A0,E0,0,0,2014,4,,,0,,,1375
12069,4591,A05,0,A00,A0,A0,E0,0,0,2014,4,439,494,156,101,55,1442
12071,4591,A05,0,A00,A0,A0,E0,0,0,2014,4,1138,1299,411,251,161,1865
12073,4591,A05,0,A00,A0,A0,E0,0,0,2014,4,648,754,269,164,105,1516
12075,4591,A05,0,A00,A0,A0,E0,0,0,2014,4,22,21,6,7,-1,1062
12079,4591,A05,0,A00,A0,A0,E0,0,0,2014,4,,0,0,,,743
12081,4591,A05,0,A00,A0,A0,E0,0,0,2014,4,589,630,159,117,41,2766
12083,4591,A05,0,A00,A0,A0,E0,0,0,2014,4,561,601,183,143,40,1573
12085,4591,A05,0,A00,A0,A0,E0,0,0,2014,4,344,373,113,84,29,1978
12086,4591,A05,0,A00,A0,A0,E0,0,0,2014,4,3382,3923,1439,897,541,2116
12087,4591,A05,0,A00,A0,A0,E0,0,0,2014,4,175,184,39,30,9,1856
12089,4591,A05,0,A00,A0,A0,E0,0,0,2014,4,49,54,18,13,5,1421
12091,4591,A05,0,A00,A0,A0,E0,0,0,2014,4,640,633,154,160,-6,1659
12093,4591,A05,0,A00,A0,A0,E0,0,0,2014,4,23,23,6,6,0,1586
12095,4591,A05,0,A00,A0,A0,E0,0,0,2014,4,3209,3854,1533,888,645,1829
12097,4591,A05,0,A00,A0,A0,E0,0,0,2014,4,323,359,123,86,37,1596
12099,4591,A05,0,A00,A0,A0,E0,0,0,2014,4,1897,2127,696,466,230,2292
12101,4591,A05,0,A00,A0,A0,E0,0,0,2014,4,457,569,244,131,113,1552
12103,4591,A05,0,A00,A0,A0,E0,0,0,2014,4,1487,1597,439,329,110,1788
12105,4591,A05,0,A00,A0,A0,E0,0,0,2014,4,765,863,261,163,98,1474
12107,4591,A05,0,A00,A0,A0,E0,0,0,2014,4,28,30,9,7,2,1394
12109,4591,A05,0,A00,A0,A0,E0,0,0,2014,4,268,270,59,57,2,1892
12111,4591,A05,0,A00,A0,A0,E0,0,0,2014,4,335,386,120,69,51,1420
12113,4591,A05,0,A00,A0,A0,E0,0,0,2014,4,91,93,25,23,2,1830
12115,4591,A05,0,A00,A0,A0,E0,0,0,2014,4,766,830,219,155,64,1959
12117,4591,A05,0,A00,A0,A0,E0,0,0,2014,4,1297,1504,507,300,208,1741
12119,4591,A05,0,A00,A0,A0,E0,0,0,2014,4,26,25,,4,-2,2468
12121,4591,A05,0,A00,A0,A0,E0,0,0,2014,4,21,22,7,5,1,958
12123,4591,A05,0,A00,A0,A0,E0,0,0,2014,4,16,14,3,5,-2,894
12127,4591,A05,0,A00,A0,A0,E0,0,0,2014,4,608,670,217,155,62,1781
12129,4591,A05,0,A00,A0,A0,E0,0,0,2014,4,17,18,3,,1,1528
12131,4591,A05,0,A00,A0,A0,E0,0,0,2014,4,114,111,20,23,-3,2038
12133,4591,A05,0,A00,A0,A0,E0,0,0,2014,4,,,,,,674
12,4591,A05,0,A00,A0,A0,E0,0,0,2014,4,32153,35913,11523,7764,3760,1922
12001,4591,A05,0,A00,A0,A0,E0,0,0,2015,1,436,390,70,116,-46,1261
12003,4591,A05,0,A00,A0,A0,E0,0,0,2015,1,,,,,,473
12005,4591,A05,0,A00,A0,A0,E0,0,0,2015,1,422,395,76,103,-27,1408
12007,4591,A05,0,A00,A0,A0,E0,0,0,2015,1,,,,,,791
12009,4591,A05,0,A00,A0,A0,E0,0,0,2015,1,956,1031,294,219,75,1392
12011,4591,A05,0,A00,A0,A0,E0,0,0,2015,1,3978,3639,509,848,-339,1958
12015,4591,A05,0,A00,A0,A0,E0,0,0,2015,1,128,125,24,27,-3,1632
12017,4591,A05,0,A00,A0,A0,E0,0,0,2015,1,54,63,14,6,8,1384
12019,4591,A05,0,A00,A0,A0,E0,0,0,2015,1,351,298,56,109,-53,1202
12021,4591,A05,0,A00,A0,A0,E0,0,0,2015,1,618,605,121,134,-13,1863
12023,4591,A05,0,A00,A0,A0,E0,0,0,2015,1,121,124,18,16,3,1815
12027,4591,A05,0,A00,A0,A0,E0,0,0,2015,1,,,,,,868
12031,4591,A05,0,A00,A0,A0,E0,0,0,2015,1,3063,2839,337,561,-224,2129
12033,4591,A05,0,A00,A0,A0,E0,0,0,2015,1,932,785,115,261,-146,1309
12035,4591,A05,0,A00,A0,A0,E0,0,0,2015,1,74,69,11,15,-4,1016
12037,4591,A05,0,A00,A0,A0,E0,0,0,2015,1,15,18,3,0,3,1671
12039,4591,A05,0,A00,A0,A0,E0,0,0,2015,1,,,0,0,,1235
12041,4591,A05,0,A00,A0,A0,E0,0,0,2015,1,,,,,,604
12045,4591,A05,0,A00,A0,A0,E0,0,0,2015,1,,,,,,2011
12049,4591,A05,0,A00,A0,A0,E0,0,0,2015,1,,,,,,1011
12051,4591,A05,0,A00,A0,A0,E0,0,0,2015,1,,,,,,1277
12053,4591,A05,0,A00,A0,A0,E0,0,0,2015,1,154,161,44,37,8,1124
12055,4591,A05,0,A00,A0,A0,E0,0,0,2015,1,70,63,11,18,-7,1105
12057,4591,A05,0,A00,A0,A0,E0,0,0,2015,1,2537,2321,354,571,-217,1818
12061,4591,A05,0,A00,A0,A0,E0,0,0,2015,1,196,188,30,39,-9,1674
12063,4591,A05,0,A00,A0,A0,E0,0,0,2015,1,,,,,,1095
12065,4591,A05,0,A00,A0,A0,E0,0,0,2015,1,,,,0,,95
12067,4591,A05,0,A00,A0,A0,E0,0,0,2015,1,,,0,0,,1646
12069,4591,A05,0,A00,A0,A0,E0,0,0,2015,1,494,472,75,97,-22,1270
12071,4591,A05,0,A00,A0,A0,E0,0,0,2015,1,1275,1176,173,273,-99,1613
12073,4591,A05,0,A00,A0,A0,E0,0,0,2015,1,754,669,84,169,-85,1421
12075,4591,A05,0,A00,A0,A0,E0,0,0,2015,1,21,21,5,5,0,1141
12079,4591,A05,0,A00,A0,A0,E0,0,0,2015,1,0,,,0,,
12081,4591,A05,0,A00,A0,A0,E0,0,0,2015,1,496,467,77,106,-29,1733
12083,4591,A05,0,A00,A0,A0,E0,0,0,2015,1,601,568,105,139,-33,1469
12085,4591,A05,0,A00,A0,A0,E0,0,0,2015,1,371,338,51,85,-33,1661
12086,4591,A05,0,A00,A0,A0,E0,0,0,2015,1,3971,3563,571,979,-408,1626
12087,4591,A05,0,A00,A0,A0,E0,0,0,2015,1,182,191,36,27,10,1883
12089,4591,A05,0,A00,A0,A0,E0,0,0,2015,1,53,47,10,17,-7,1249
12091,4591,A05,0,A00,A0,A0,E0,0,0,2015,1,634,608,101,128,-27,1593
12093,4591,A05,0,A00,A0,A0,E0,0,0,2015,1,23,23,6,6,0,1528
12095,4591,A05,0,A00,A0,A0,E0,0,0,2015,1,3903,3502,670,1071,-401,1438
12097,4591,A05,0,A00,A0,A0,E0,0,0,2015,1,341,412,172,101,71,1346
12099,4591,A05,0,A00,A0,A0,E0,0,0,2015,1,2181,1995,300,485,-185,1838
12101,4591,A05,0,A00,A0,A0,E0,0,0,2015,1,570,491,80,159,-78,1192
12103,4591,A05,0,A00,A0,A0,E0,0,0,2015,1,1614,1516,230,328,-98,1621
12105,4591,A05,0,A00,A0,A0,E0,0,0,2015,1,864,800,140,203,-64,1341
12107,4591,A05,0,A00,A0,A0,E0,0,0,2015,1,30,30,5,5,0,1598
12109,4591,A05,0,A00,A0,A0,E0,0,0,2015,1,263,240,26,49,-23,1483
12111,4591,A05,0,A00,A0,A0,E0,0,0,2015,1,387,330,30,87,-57,1325
12113,4591,A05,0,A00,A0,A0,E0,0,0,2015,1,93,99,21,15,6,1653
12115,4591,A05,0,A00,A0,A0,E0,0,0,2015,1,766,769,146,143,3,1833
12117,4591,A05,0,A00,A0,A0,E0,0,0,2015,1,1506,1452,284,338,-54,1656
12119,4591,A05,0,A00,A0,A0,E0,0,0,2015,1,25,25,,,0,1989
12121,4591,A05,0,A00,A0,A0,E0,0,0,2015,1,22,21,,4,-1,941
12123,4591,A05,0,A00,A0,A0,E0,0,0,2015,1,14,14,5,5,0,835
12127,4591,A05,0,A00,A0,A0,E0,0,0,2015,1,644,589,85,139,-54,1381
12129,4591,A05,0,A00,A0,A0,E0,0,0,2015,1,18,17,,3,-1,1429
12131,4591,A05,0,A00,A0,A0,E0,0,0,2015,1,111,123,28,16,12,1997
12133,4591,A05,0,A00,A0,A0,E0,0,0,2015,1,,,,,,876
12,4591,A05,0,A00,A0,A0,E0,0,0,2015,1,36447,33803,5639,8282,-2644,1652
12001,4591,A05,0,A00,A0,A0,E0,0,0,2015,2,390,362,59,87,-28,1493
12003,4591,A05,0,A00,A0,A0,E0,0,0,2015,2,,,,,,466
12005,4591,A05,0,A00,A0,A0,E0,0,0,2015,2,405,430,121,96,25,1640
12007,4591,A05,0,A00,A0,A0,E0,0,0,2015,2,8,8,3,,1,612
12009,4591,A05,0,A00,A0,A0,E0,0,0,2015,2,1030,1012,198,215,-18,1431
12011,4591,A05,0,A00,A0,A0,E0,0,0,2015,2,3661,3678,594,577,17,1969
12015,4591,A05,0,A00,A0,A0,E0,0,0,2015,2,122,122,24,25,0,1896
12017,4591,A05,0,A00,A0,A0,E0,0,0,2015,2,63,61,9,11,-2,1423
12019,4591,A05,0,A00,A0,A0,E0,0,0,2015,2,306,305,57,58,-1,1493
12021,4591,A05,0,A00,A0,A0,E0,0,0,2015,2,608,556,87,139,-52,1881
12023,4591,A05,0,A00,A0,A0,E0,0,0,2015,2,124,120,19,23,-4,1861
12027,4591,A05,0,A00,A0,A0,E0,0,0,2015,2,,,,,,734
12031,4591,A05,0,A00,A0,A0,E0,0,0,2015,2,2837,2759,363,441,-78,2534
12033,4591,A05,0,A00,A0,A0,E0,0,0,2015,2,757,765,173,165,7,1547
12035,4591,A05,0,A00,A0,A0,E0,0,0,2015,2,69,67,13,15,-2,1348
12037,4591,A05,0,A00,A0,A0,E0,0,0,2015,2,18,19,5,4,1,1709
12039,4591,A05,0,A00,A0,A0,E0,0,0,2015,2,,,,,,1246
12041,4591,A05,0,A00,A0,A0,E0,0,0,2015,2,,,,,,564
12045,4591,A05,0,A00,A0,A0,E0,0,0,2015,2,,,,,,2304
12049,4591,A05,0,A00,A0,A0,E0,0,0,2015,2,,,,,,859
12051,4591,A05,0,A00,A0,A0,E0,0,0,2015,2,,,,,,1034
12053,4591,A05,0,A00,A0,A0,E0,0,0,2015,2,161,162,34,34,0,1146
12055,4591,A05,0,A00,A0,A0,E0,0,0,2015,2,63,68,16,12,5,1301
12057,4591,A05,0,A00,A0,A0,E0,0,0,2015,2,2328,2489,626,465,161,1946
12061,4591,A05,0,A00,A0,A0,E0,0,0,2015,2,187,178,32,41,-9,1803
12063,4591,A05,0,A00,A0,A0,E0,0,0,2015,2,,,,,,848
12065,4591,A05,0,A00,A0,A0,E0,0,0,2015,2,,,0,0,,1378
12067,4591,A05,0,A00,A0,A0,E0,0,0,2015,2,,,0,0,,1429
12069,4591,A05,0,A00,A0,A0,E0,0,0,2015,2,467,463,85,89,-5,1396
12071,4591,A05,0,A00,A0,A0,E0,0,0,2015,2,1176,1478,574,272,302,1691
12073,4591,A05,0,A00,A0,A0,E0,0,0,2015,2,669,665,120,124,-4,1551
12075,4591,A05,0,A00,A0,A0,E0,0,0,2015,2,21,20,4,5,0,1179
12079,4591,A05,0,A00,A0,A0,E0,0,0,2015,2,,,,,,2478
12081,4591,A05,0,A00,A0,A0,E0,0,0,2015,2,467,455,80,91,-12,1866
12083,4591,A05,0,A00,A0,A0,E0,0,0,2015,2,573,583,129,119,11,1582
12085,4591,A05,0,A00,A0,A0,E0,0,0,2015,2,332,327,53,58,-5,1818
12086,4591,A05,0,A00,A0,A0,E0,0,0,2015,2,3554,3446,556,665,-108,1783
12087,4591,A05,0,A00,A0,A0,E0,0,0,2015,2,191,200,46,37,9,1964
12089,4591,A05,0,A00,A0,A0,E0,0,0,2015,2,47,48,11,10,1,1395
12091,4591,A05,0,A00,A0,A0,E0,0,0,2015,2,608,617,150,140,10,1672
12093,4591,A05,0,A00,A0,A0,E0,0,0,2015,2,22,24,4,3,1,1632
12095,4591,A05,0,A00,A0,A0,E0,0,0,2015,2,3482,3578,851,756,96,1598
12097,4591,A05,0,A00,A0,A0,E0,0,0,2015,2,413,371,57,100,-43,1259
12099,4591,A05,0,A00,A0,A0,E0,0,0,2015,2,1986,1947,320,359,-39,2006
12101,4591,A05,0,A00,A0,A0,E0,0,0,2015,2,491,463,85,113,-28,1494
12103,4591,A05,0,A00,A0,A0,E0,0,0,2015,2,1516,1506,252,262,-10,1806
12105,4591,A05,0,A00,A0,A0,E0,0,0,2015,2,815,799,151,167,-15,1432
12107,4591,A05,0,A00,A0,A0,E0,0,0,2015,2,30,29,5,5,0,1365
12109,4591,A05,0,A00,A0,A0,E0,0,0,2015,2,240,243,55,52,3,1593
12111,4591,A05,0,A00,A0,A0,E0,0,0,2015,2,330,332,56,54,2,1463
12113,4591,A05,0,A00,A0,A0,E0,0,0,2015,2,99,105,29,23,6,1676
12115,4591,A05,0,A00,A0,A0,E0,0,0,2015,2,769,778,120,111,9,1905
12117,4591,A05,0,A00,A0,A0,E0,0,0,2015,2,1452,1419,220,254,-33,1630
12119,4591,A05,0,A00,A0,A0,E0,0,0,2015,2,25,27,6,4,2,2032
12121,4591,A05,0,A00,A0,A0,E0,0,0,2015,2,21,23,5,,2,1144
12123,4591,A05,0,A00,A0,A0,E0,0,0,2015,2,14,13,7,8,-1,728
12127,4591,A05,0,A00,A0,A0,E0,0,0,2015,2,590,574,103,119,-16,1583
12129,4591,A05,0,A00,A0,A0,E0,0,0,2015,2,17,19,6,3,3,1605
12131,4591,A05,0,A00,A0,A0,E0,0,0,2015,2,123,133,45,36,9,2036
12133,4591,A05,0,A00,A0,A0,E0,0,0,2015,2,,,,,,736
12,4591,A05,0,A00,A0,A0,E0,0,0,2015,2,33791,33962,6650,6479,171,1792
12001,4591,A05,0,A00,A0,A0,E0,0,0,2015,3,363,365,84,82,2,1500
12003,4591,A05,0,A00,A0,A0,E0,0,0,2015,3,,,,,,750
12005,4591,A05,0,A00,A0,A0,E0,0,0,2015,3,430,416,110,125,-15,1609
12007,4591,A05,0,A00,A0,A0,E0,0,0,2015,3,8,9,,,1,1054
12009,4591,A05,0,A00,A0,A0,E0,0,0,2015,3,1012,990,200,223,-23,1477
12011,4591,A05,0,A00,A0,A0,E0,0,0,2015,3,3692,3672,645,665,-20,2035
12015,4591,A05,0,A00,A0,A0,E0,0,0,2015,3,122,128,28,22,6,1797
12017,4591,A05,0,A00,A0,A0,E0,0,0,2015,3,61,64,14,11,3,1275
12019,4591,A05,0,A00,A0,A0,E0,0,0,2015,3,319,311,76,84,-9,1440
12021,4591,A05,0,A00,A0,A0,E0,0,0,2015,3,557,560,90,87,2,2035
12023,4591,A05,0,A00,A0,A0,E0,0,0,2015,3,120,122,20,18,2,1814
12027,4591,A05,0,A00,A0,A0,E0,0,0,2015,3,,,,,,978
12031,4591,A05,0,A00,A0,A0,E0,0,0,2015,3,2759,2758,471,472,-1,2346
12033,4591,A05,0,A00,A0,A0,E0,0,0,2015,3,763,761,188,191,-3,1571
12035,4591,A05,0,A00,A0,A0,E0,0,0,2015,3,67,71,16,12,4,1226
12037,4591,A05,0,A00,A0,A0,E0,0,0,2015,3,19,16,3,7,-4,1573
12039,4591,A05,0,A00,A0,A0,E0,0,0,2015,3,,,,,,1187
12041,4591,A05,0,A00,A0,A0,E0,0,0,2015,3,,,,,,514
12045,4591,A05,0,A00,A0,A0,E0,0,0,2015,3,,,,,,2119
12049,4591,A05,0,A00,A0,A0,E0,0,0,2015,3,,,,,,1060
12051,4591,A05,0,A00,A0,A0,E0,0,0,2015,3,,,,,,1201
12053,4591,A05,0,A00,A0,A0,E0,0,0,2015,3,162,162,37,37,0,1130
12055,4591,A05,0,A00,A0,A0,E0,0,0,2015,3,68,71,12,9,4,1238
12057,4591,A05,0,A00,A0,A0,E0,0,0,2015,3,2422,2518,655,559,96,1794
12061,4591,A05,0,A00,A0,A0,E0,0,0,2015,3,178,176,29,31,-1,1817
12063,4591,A05,0,A00,A0,A0,E0,0,0,2015,3,,,,,,1111
12065,4591,A05,0,A00,A0,A0,E0,0,0,2015,3,,,0,0,,1241
12067,4591,A05,0,A00,A0,A0,E0,0,0,2015,3,,,0,,,1652
12069,4591,A05,0,A00,A0,A0,E0,0,0,2015,3,463,481,96,77,19,1408
12071,4591,A05,0,A00,A0,A0,E0,0,0,2015,3,1487,1378,348,457,-109,1549
12073,4591,A05,0,A00,A0,A0,E0,0,0,2015,3,664,645,148,167,-19,1602
12075,4591,A05,0,A00,A0,A0,E0,0,0,2015,3,20,26,9,3,6,1144
12079,4591,A05,0,A00,A0,A0,E0,0,0,2015,3,,,,0,,2345
12081,4591,A05,0,A00,A0,A0,E0,0,0,2015,3,456,468,92,81,12,1867
12083,4591,A05,0,A00,A0,A0,E0,0,0,2015,3,582,562,120,140,-20,1613
12085,4591,A05,0,A00,A0,A0,E0,0,0,2015,3,333,347,69,55,14,1935
12086,4591,A05,0,A00,A0,A0,E0,0,0,2015,3,3457,3354,592,695,-103,1841
12087,4591,A05,0,A00,A0,A0,E0,0,0,2015,3,200,204,42,38,4,2076
12089,4591,A05,0,A00,A0,A0,E0,0,0,2015,3,48,61,23,9,13,1512
12091,4591,A05,0,A00,A0,A0,E0,0,0,2015,3,613,600,137,151,-13,1908
12093,4591,A05,0,A00,A0,A0,E0,0,0,2015,3,24,22,5,6,-1,1568
12095,4591,A05,0,A00,A0,A0,E0,0,0,2015,3,3472,3540,842,775,67,1604
12097,4591,A05,0,A00,A0,A0,E0,0,0,2015,3,371,365,80,85,-5,1424
12099,4591,A05,0,A00,A0,A0,E0,0,0,2015,3,1955,1941,331,345,-14,1990
12101,4591,A05,0,A00,A0,A0,E0,0,0,2015,3,471,472,100,100,1,1421
12103,4591,A05,0,A00,A0,A0,E0,0,0,2015,3,1507,1479,232,259,-28,1788
12105,4591,A05,0,A00,A0,A0,E0,0,0,2015,3,799,795,148,153,-4,1431
12107,4591,A05,0,A00,A0,A0,E0,0,0,2015,3,30,29,7,7,0,1608
12109,4591,A05,0,A00,A0,A0,E0,0,0,2015,3,246,249,50,46,3,1520
12111,4591,A05,0,A00,A0,A0,E0,0,0,2015,3,332,321,51,61,-10,1461
12113,4591,A05,0,A00,A0,A0,E0,0,0,2015,3,105,96,21,30,-9,1680
12115,4591,A05,0,A00,A0,A0,E0,0,0,2015,3,785,794,125,116,10,1950
12117,4591,A05,0,A00,A0,A0,E0,0,0,2015,3,1419,1423,318,314,4,1735
12119,4591,A05,0,A00,A0,A0,E0,0,0,2015,3,27,28,4,3,1,2059
12121,4591,A05,0,A00,A0,A0,E0,0,0,2015,3,23,22,3,3,0,1102
12123,4591,A05,0,A00,A0,A0,E0,0,0,2015,3,13,14,6,5,1,810
12127,4591,A05,0,A00,A0,A0,E0,0,0,2015,3,578,616,145,107,38,1615
12129,4591,A05,0,A00,A0,A0,E0,0,0,2015,3,19,21,5,3,2,1571
12131,4591,A05,0,A00,A0,A0,E0,0,0,2015,3,172,151,22,43,-21,1832
12133,4591,A05,0,A00,A0,A0,E0,0,0,2015,3,,,,,,775
12,4591,A05,0,A00,A0,A0,E0,0,0,2015,3,33908,33789,6876,6994,-118,1788
12001,4591,A05,0,A00,A0,A0,E0,0,0,2015,4,366,394,144,116,28,1655
12003,4591,A05,0,A00,A0,A0,E0,0,0,2015,4,,,,,,759
12005,4591,A05,0,A00,A0,A0,E0,0,0,2015,4,420,458,186,148,38,1742
12007,4591,A05,0,A00,A0,A0,E0,0,0,2015,4,9,10,,,1,1029
12009,4591,A05,0,A00,A0,A0,E0,0,0,2015,4,990,1049,299,240,59,1626
12011,4591,A05,0,A00,A0,A0,E0,0,0,2015,4,3659,3942,1229,946,283,2218
12015,4591,A05,0,A00,A0,A0,E0,0,0,2015,4,128,143,49,34,15,2020
12017,4591,A05,0,A00,A0,A0,E0,0,0,2015,4,64,64,11,10,0,1258
12019,4591,A05,0,A00,A0,A0,E0,0,0,2015,4,311,360,174,124,50,1575
12021,4591,A05,0,A00,A0,A0,E0,0,0,2015,4,559,615,182,126,56,2384
12023,4591,A05,0,A00,A0,A0,E0,0,0,2015,4,122,121,31,33,-2,1784
12027,4591,A05,0,A00,A0,A0,E0,0,0,2015,4,,,,,,933
12031,4591,A05,0,A00,A0,A0,E0,0,0,2015,4,2755,3044,978,689,289,2641
12033,4591,A05,0,A00,A0,A0,E0,0,0,2015,4,758,851,356,263,93,1815
12035,4591,A05,0,A00,A0,A0,E0,0,0,2015,4,71,74,22,19,3,1315
12037,4591,A05,0,A00,A0,A0,E0,0,0,2015,4,16,14,,,-1,1731
12039,4591,A05,0,A00,A0,A0,E0,0,0,2015,4,,,,0,,1752
12041,4591,A05,0,A00,A0,A0,E0,0,0,2015,4,,,,,,506
12045,4591,A05,0,A00,A0,A0,E0,0,0,2015,4,,,0,,,2231
12049,4591,A05,0,A00,A0,A0,E0,0,0,2015,4,,,,,,1045
12051,4591,A05,0,A00,A0,A0,E0,0,0,2015,4,,,,,,1231
12053,4591,A05,0,A00,A0,A0,E0,0,0,2015,4,162,178,64,48,16,1306
12055,4591,A05,0,A00,A0,A0,E0,0,0,2015,4,71,80,23,14,9,1330
12057,4591,A05,0,A00,A0,A0,E0,0,0,2015,4,2532,2685,902,748,153,2063
12061,4591,A05,0,A00,A0,A0,E0,0,0,2015,4,164,177,47,34,13,1985
12063,4591,A05,0,A00,A0,A0,E0,0,0,2015,4,15,17,12,10,2,957
12065,4591,A05,0,A00,A0,A0,E0,0,0,2015,4,,,,,,1428
12067,4591,A05,0,A00,A0,A0,E0,0,0,2015,4,,,,0,,1587
12069,4591,A05,0,A00,A0,A0,E0,0,0,2015,4,482,506,153,129,24,1595
12071,4591,A05,0,A00,A0,A0,E0,0,0,2015,4,1361,1557,742,546,196,1831
12073,4591,A05,0,A00,A0,A0,E0,0,0,2015,4,652,697,250,206,44,1729
12075,4591,A05,0,A00,A0,A0,E0,0,0,2015,4,26,23,5,7,-3,1122
12079,4591,A05,0,A00,A0,A0,E0,0,0,2015,4,,,0,0,,1634
12081,4591,A05,0,A00,A0,A0,E0,0,0,2015,4,473,511,145,106,39,2042
12083,4591,A05,0,A00,A0,A0,E0,0,0,2015,4,561,590,184,155,29,1767
12085,4591,A05,0,A00,A0,A0,E0,0,0,2015,4,346,384,109,72,37,2071
12086,4591,A05,0,A00,A0,A0,E0,0,0,2015,4,3350,3710,1436,1076,360,2034
12087,4591,A05,0,A00,A0,A0,E0,0,0,2015,4,204,217,35,23,13,2044
12089,4591,A05,0,A00,A0,A0,E0,0,0,2015,4,62,61,24,25,0,1830
12091,4591,A05,0,A00,A0,A0,E0,0,0,2015,4,597,581,165,181,-17,1856
12093,4591,A05,0,A00,A0,A0,E0,0,0,2015,4,22,23,7,7,0,1368
12095,4591,A05,0,A00,A0,A0,E0,0,0,2015,4,3543,3865,1641,1318,323,1829
12097,4591,A05,0,A00,A0,A0,E0,0,0,2015,4,364,383,167,147,20,1545
12099,4591,A05,0,A00,A0,A0,E0,0,0,2015,4,1938,2138,726,525,201,2176
12101,4591,A05,0,A00,A0,A0,E0,0,0,2015,4,473,572,245,147,99,1608
12103,4591,A05,0,A00,A0,A0,E0,0,0,2015,4,1482,1591,471,362,109,2115
12105,4591,A05,0,A00,A0,A0,E0,0,0,2015,4,796,842,272,225,47,1567
12107,4591,A05,0,A00,A0,A0,E0,0,0,2015,4,29,29,9,9,-1,1551
12109,4591,A05,0,A00,A0,A0,E0,0,0,2015,4,250,275,65,39,26,1729
12111,4591,A05,0,A00,A0,A0,E0,0,0,2015,4,321,367,119,73,46,1611
12113,4591,A05,0,A00,A0,A0,E0,0,0,2015,4,96,98,34,32,2,1967
12115,4591,A05,0,A00,A0,A0,E0,0,0,2015,4,798,833,195,161,35,2219
12117,4591,A05,0,A00,A0,A0,E0,0,0,2015,4,1422,1532,465,355,110,1881
12119,4591,A05,0,A00,A0,A0,E0,0,0,2015,4,28,32,6,,4,2238
12121,4591,A05,0,A00,A0,A0,E0,0,0,2015,4,22,22,5,5,0,1241
12123,4591,A05,0,A00,A0,A0,E0,0,0,2015,4,14,7,6,13,-7,922
12127,4591,A05,0,A00,A0,A0,E0,0,0,2015,4,623,666,199,156,43,1830
12129,4591,A05,0,A00,A0,A0,E0,0,0,2015,4,21,17,,5,-4,1494
12131,4591,A05,0,A00,A0,A0,E0,0,0,2015,4,151,152,20,19,1,1909
12133,4591,A05,0,A00,A0,A0,E0,0,0,2015,4,,,,,,719
12,4591,A05,0,A00,A0,A0,E0,0,0,2015,4,33778,36665,12638,9751,2887,1992
12001,4591,A05,0,A00,A0,A0,E0,0,0,2016,1,394,354,45,85,-40,1365
12003,4591,A05,0,A00,A0,A0,E0,0,0,2016,1,,,,,,747
12005,4591,A05,0,A00,A0,A0,E0,0,0,2016,1,440,423,84,101,-17,1374
12007,4591,A05,0,A00,A0,A0,E0,0,0,2016,1,10,10,,,0,957
12009,4591,A05,0,A00,A0,A0,E0,0,0,2016,1,993,926,114,181,-67,1336
12011,4591,A05,0,A00,A0,A0,E0,0,0,2016,1,3986,3653,436,768,-332,1991
12015,4591,A05,0,A00,A0,A0,E0,0,0,2016,1,143,141,25,27,-3,1802
12017,4591,A05,0,A00,A0,A0,E0,0,0,2016,1,64,67,22,19,3,1150
12019,4591,A05,0,A00,A0,A0,E0,0,0,2016,1,361,310,32,83,-51,1197
12021,4591,A05,0,A00,A0,A0,E0,0,0,2016,1,600,590,101,112,-10,2014
12023,4591,A05,0,A00,A0,A0,E0,0,0,2016,1,117,122,19,14,5,1837
12027,4591,A05,0,A00,A0,A0,E0,0,0,2016,1,,,,,,955
12031,4591,A05,0,A00,A0,A0,E0,0,0,2016,1,3032,2780,254,507,-252,2621
12033,4591,A05,0,A00,A0,A0,E0,0,0,2016,1,835,699,94,230,-136,1300
12035,4591,A05,0,A00,A0,A0,E0,0,0,2016,1,74,71,10,14,-3,1174
12037,4591,A05,0,A00,A0,A0,E0,0,0,2016,1,14,18,3,0,3,1794
12039,4591,A05,0,A00,A0,A0,E0,0,0,2016,1,,,,,,1188
12041,4591,A05,0,A00,A0,A0,E0,0,0,2016,1,,,0,0,,546
12045,4591,A05,0,A00,A0,A0,E0,0,0,2016,1,,,,,,2046
12049,4591,A05,0,A00,A0,A0,E0,0,0,2016,1,,,,,,918
12051,4591,A05,0,A00,A0,A0,E0,0,0,2016,1,,,,,,1185
12053,4591,A05,0,A00,A0,A0,E0,0,0,2016,1,172,165,25,32,-7,1098
12055,4591,A05,0,A00,A0,A0,E0,0,0,2016,1,80,69,9,20,-11,1148
12057,4591,A05,0,A00,A0,A0,E0,0,0,2016,1,2681,2438,332,575,-243,1573
12061,4591,A05,0,A00,A0,A0,E0,0,0,2016,1,183,176,17,24,-7,1773
12063,4591,A05,0,A00,A0,A0,E0,0,0,2016,1,17,15,4,6,-2,1032
12065,4591,A05,0,A00,A0,A0,E0,0,0,2016,1,5,7,3,,2,1199
12067,4591,A05,0,A00,A0,A0,E0,0,0,2016,1,,,,0,,1936
12069,4591,A05,0,A00,A0,A0,E0,0,0,2016,1,500,484,63,80,-17,1278
12071,4591,A05,0,A00,A0,A0,E0,0,0,2016,1,1562,1420,278,420,-142,1430
12073,4591,A05,0,A00,A0,A0,E0,0,0,2016,1,680,613,77,144,-67,1399
12075,4591,A05,0,A00,A0,A0,E0,0,0,2016,1,23,23,4,5,0,929
12079,4591,A05,0,A00,A0,A0,E0,0,0,2016,1,,,,,,1167
12081,4591,A05,0,A00,A0,A0,E0,0,0,2016,1,509,467,48,90,-41,1648
12083,4591,A05,0,A00,A0,A0,E0,0,0,2016,1,583,542,85,126,-41,1442
12085,4591,A05,0,A00,A0,A0,E0,0,0,2016,1,372,362,50,61,-11,1766
12086,4591,A05,0,A00,A0,A0,E0,0,0,2016,1,3884,3499,543,927,-385,1591
12087,4591,A05,0,A00,A0,A0,E0,0,0,2016,1,221,220,35,37,-1,1829
12089,4591,A05,0,A00,A0,A0,E0,0,0,2016,1,61,57,7,11,-3,1706
12091,4591,A05,0,A00,A0,A0,E0,0,0,2016,1,600,604,110,105,4,1647
12093,4591,A05,0,A00,A0,A0,E0,0,0,2016,1,23,21,3,4,-1,1269
12095,4591,A05,0,A00,A0,A0,E0,0,0,2016,1,3916,3429,481,968,-487,1409
12097,4591,A05,0,A00,A0,A0,E0,0,0,2016,1,371,327,43,87,-44,1200
12099,4591,A05,0,A00,A0,A0,E0,0,0,2016,1,2175,1974,263,464,-201,1749
12101,4591,A05,0,A00,A0,A0,E0,0,0,2016,1,573,503,68,138,-69,1212
12103,4591,A05,0,A00,A0,A0,E0,0,0,2016,1,1594,1518,221,297,-76,1668
12105,4591,A05,0,A00,A0,A0,E0,0,0,2016,1,863,817,133,179,-46,1310
12107,4591,A05,0,A00,A0,A0,E0,0,0,2016,1,28,26,4,6,-2,1540
12109,4591,A05,0,A00,A0,A0,E0,0,0,2016,1,275,286,36,26,10,1423
12111,4591,A05,0,A00,A0,A0,E0,0,0,2016,1,333,301,26,57,-32,1299
12113,4591,A05,0,A00,A0,A0,E0,0,0,2016,1,98,98,22,22,0,1662
12115,4591,A05,0,A00,A0,A0,E0,0,0,2016,1,822,810,113,125,-12,1851
12117,4591,A05,0,A00,A0,A0,E0,0,0,2016,1,1513,1412,190,291,-101,1583
12119,4591,A05,0,A00,A0,A0,E0,0,0,2016,1,32,32,3,3,0,1802
12121,4591,A05,0,A00,A0,A0,E0,0,0,2016,1,22,25,4,,2,1175
12123,4591,A05,0,A00,A0,A0,E0,0,0,2016,1,7,10,8,5,3,682
12127,4591,A05,0,A00,A0,A0,E0,0,0,2016,1,662,617,83,129,-45,1522
12129,4591,A05,0,A00,A0,A0,E0,0,0,2016,1,17,18,,,1,1570
12131,4591,A05,0,A00,A0,A0,E0,0,0,2016,1,142,166,32,8,24,1503
12133,4591,A05,0,A00,A0,A0,E0,0,0,2016,1,,,,,,640
12,4591,A05,0,A00,A0,A0,E0,0,0,2016,1,36764,33819,4685,7630,-2945,1659
12001,4591,A05,0,A00,A0,A0,E0,0,0,2016,2,354,385,104,73,31,1614
12003,4591,A05,0,A00,A0,A0,E0,0,0,2016,2,,,,,,705
12005,4591,A05,0,A00,A0,A0,E0,0,0,2016,2,423,431,135,126,9,1481
12007,4591,A05,0,A00,A0,A0,E0,0,0,2016,2,10,10,4,4,0,934
12009,4591,A05,0,A00,A0,A0,E0,0,0,2016,2,926,913,180,193,-13,1490
12011,4591,A05,0,A00,A0,A0,E0,0,0,2016,2,3648,3646,672,674,-2,2038
12015,4591,A05,0,A00,A0,A0,E0,0,0,2016,2,140,134,19,25,-7,1820
12017,4591,A05,0,A00,A0,A0,E0,0,0,2016,2,67,58,9,18,-9,1350
12019,4591,A05,0,A00,A0,A0,E0,0,0,2016,2,319,317,55,56,-1,1568
12021,4591,A05,0,A00,A0,A0,E0,0,0,2016,2,589,592,136,133,3,1955
12023,4591,A05,0,A00,A0,A0,E0,0,0,2016,2,123,121,16,18,-2,1730
12027,4591,A05,0,A00,A0,A0,E0,0,0,2016,2,,,,,,960
12031,4591,A05,0,A00,A0,A0,E0,0,0,2016,2,2769,3056,756,469,287,2581
12033,4591,A05,0,A00,A0,A0,E0,0,0,2016,2,697,703,155,149,6,1575
12035,4591,A05,0,A00,A0,A0,E0,0,0,2016,2,71,69,11,12,-2,1315
12037,4591,A05,0,A00,A0,A0,E0,0,0,2016,2,18,20,7,4,2,1729
12039,4591,A05,0,A00,A0,A0,E0,0,0,2016,2,,,0,0,,1153
12041,4591,A05,0,A00,A0,A0,E0,0,0,2016,2,,,,0,,631
12045,4591,A05,0,A00,A0,A0,E0,0,0,2016,2,,,,,,2358
12049,4591,A05,0,A00,A0,A0,E0,0,0,2016,2,,,,,,965
12051,4591,A05,0,A00,A0,A0,E0,0,0,2016,2,,,,,,1116
12053,4591,A05,0,A00,A0,A0,E0,0,0,2016,2,165,152,23,37,-14,1194
12055,4591,A05,0,A00,A0,A0,E0,0,0,2016,2,69,66,12,15,-3,1273
12057,4591,A05,0,A00,A0,A0,E0,0,0,2016,2,2310,2275,485,520,-35,1691
12061,4591,A05,0,A00,A0,A0,E0,0,0,2016,2,176,166,18,28,-10,1894
12063,4591,A05,0,A00,A0,A0,E0,0,0,2016,2,15,14,3,4,-1,1088
12065,4591,A05,0,A00,A0,A0,E0,0,0,2016,2,7,7,3,3,0,1428
12067,4591,A05,0,A00,A0,A0,E0,0,0,2016,2,,,0,0,,1710
12069,4591,A05,0,A00,A0,A0,E0,0,0,2016,2,481,486,80,75,5,1488
12071,4591,A05,0,A00,A0,A0,E0,0,0,2016,2,1420,1330,312,402,-90,1630
12073,4591,A05,0,A00,A0,A0,E0,0,0,2016,2,613,622,137,128,9,1543
12075,4591,A05,0,A00,A0,A0,E0,0,0,2016,2,23,25,4,3,1,1167
12079,4591,A05,0,A00,A0,A0,E0,0,0,2016,2,,,0,,,1294
12081,4591,A05,0,A00,A0,A0,E0,0,0,2016,2,469,447,81,103,-22,1787
12083,4591,A05,0,A00,A0,A0,E0,0,0,2016,2,536,528,118,127,-9,1639
12085,4591,A05,0,A00,A0,A0,E0,0,0,2016,2,361,340,44,66,-22,1885
12086,4591,A05,0,A00,A0,A0,E0,0,0,2016,2,3494,3411,704,786,-83,1855
12087,4591,A05,0,A00,A0,A0,E0,0,0,2016,2,220,222,63,61,2,2006
12089,4591,A05,0,A00,A0,A0,E0,0,0,2016,2,57,63,17,12,5,1715
12091,4591,A05,0,A00,A0,A0,E0,0,0,2016,2,612,645,159,126,33,1744
12093,4591,A05,0,A00,A0,A0,E0,0,0,2016,2,21,21,4,4,0,1459
12095,4591,A05,0,A00,A0,A0,E0,0,0,2016,2,3450,3494,862,818,44,1662
12097,4591,A05,0,A00,A0,A0,E0,0,0,2016,2,327,315,61,73,-12,1385
12099,4591,A05,0,A00,A0,A0,E0,0,0,2016,2,1973,1947,393,419,-26,2013
12101,4591,A05,0,A00,A0,A0,E0,0,0,2016,2,503,496,87,94,-7,1472
12103,4591,A05,0,A00,A0,A0,E0,0,0,2016,2,1519,1523,255,250,5,1816
12105,4591,A05,0,A00,A0,A0,E0,0,0,2016,2,798,752,132,178,-46,1447
12107,4591,A05,0,A00,A0,A0,E0,0,0,2016,2,26,26,4,3,1,1686
12109,4591,A05,0,A00,A0,A0,E0,0,0,2016,2,286,286,42,41,1,1520
12111,4591,A05,0,A00,A0,A0,E0,0,0,2016,2,301,290,42,53,-11,1489
12113,4591,A05,0,A00,A0,A0,E0,0,0,2016,2,98,107,38,29,9,1714
12115,4591,A05,0,A00,A0,A0,E0,0,0,2016,2,810,793,134,151,-17,1987
12117,4591,A05,0,A00,A0,A0,E0,0,0,2016,2,1412,1359,203,257,-53,1693
12119,4591,A05,0,A00,A0,A0,E0,0,0,2016,2,32,34,7,6,2,1648
12121,4591,A05,0,A00,A0,A0,E0,0,0,2016,2,25,22,,5,-3,1060
12123,4591,A05,0,A00,A0,A0,E0,0,0,2016,2,10,11,4,,1,1147
12127,4591,A05,0,A00,A0,A0,E0,0,0,2016,2,618,623,108,103,5,1797
12129,4591,A05,0,A00,A0,A0,E0,0,0,2016,2,18,18,4,5,0,1525
12131,4591,A05,0,A00,A0,A0,E0,0,0,2016,2,165,231,89,24,66,1573
12133,4591,A05,0,A00,A0,A0,E0,0,0,2016,2,,,,0,,609
12,4591,A05,0,A00,A0,A0,E0,0,0,2016,2,33675,33715,7020,6981,40,1814
12001,4591,A05,0,A00,A0,A0,E0,0,0,2016,3,385,418,165,131,33,1526
12003,4591,A05,0,A00,A0,A0,E0,0,0,2016,3,,,,,,681
12005,4591,A05,0,A00,A0,A0,E0,0,0,2016,3,430,393,108,146,-38,1606
12007,4591,A05,0,A00,A0,A0,E0,0,0,2016,3,10,11,6,4,1,1107
12009,4591,A05,0,A00,A0,A0,E0,0,0,2016,3,913,868,159,205,-45,1591
12011,4591,A05,0,A00,A0,A0,E0,0,0,2016,3,3644,3320,637,961,-324,2236
12015,4591,A05,0,A00,A0,A0,E0,0,0,2016,3,134,125,21,30,-9,1773
12017,4591,A05,0,A00,A0,A0,E0,0,0,2016,3,58,62,14,10,5,1395
12019,4591,A05,0,A00,A0,A0,E0,0,0,2016,3,318,319,82,81,1,1642
12021,4591,A05,0,A00,A0,A0,E0,0,0,2016,3,584,583,106,107,-1,2029
12023,4591,A05,0,A00,A0,A0,E0,0,0,2016,3,121,123,29,27,2,1881
12027,4591,A05,0,A00,A0,A0,E0,0,0,2016,3,,,,,,1083
12031,4591,A05,0,A00,A0,A0,E0,0,0,2016,3,3057,3540,1202,719,483,2646
12033,4591,A05,0,A00,A0,A0,E0,0,0,2016,3,702,737,219,184,34,1667
12035,4591,A05,0,A00,A0,A0,E0,0,0,2016,3,69,80,36,26,11,1266
12037,4591,A05,0,A00,A0,A0,E0,0,0,2016,3,20,18,,4,-2,1850
12039,4591,A05,0,A00,A0,A0,E0,0,0,2016,3,,,0,0,,1221
12041,4591,A05,0,A00,A0,A0,E0,0,0,2016,3,,,,,,692
12045,4591,A05,0,A00,A0,A0,E0,0,0,2016,3,,,,,,2174
12049,4591,A05,0,A00,A0,A0,E0,0,0,2016,3,,,,,,1252
12051,4591,A05,0,A00,A0,A0,E0,0,0,2016,3,,,,,,1399
12053,4591,A05,0,A00,A0,A0,E0,0,0,2016,3,152,141,36,47,-11,1230
12055,4591,A05,0,A00,A0,A0,E0,0,0,2016,3,66,65,15,17,-2,1280
12057,4591,A05,0,A00,A0,A0,E0,0,0,2016,3,2283,2268,625,641,-16,1779
12061,4591,A05,0,A00,A0,A0,E0,0,0,2016,3,165,157,23,32,-8,1905
12063,4591,A05,0,A00,A0,A0,E0,0,0,2016,3,14,15,6,5,1,1303
12065,4591,A05,0,A00,A0,A0,E0,0,0,2016,3,7,6,,,0,1542
12067,4591,A05,0,A00,A0,A0,E0,0,0,2016,3,,,,0,,2039
12069,4591,A05,0,A00,A0,A0,E0,0,0,2016,3,487,489,105,103,3,1475
12071,4591,A05,0,A00,A0,A0,E0,0,0,2016,3,1332,1387,482,427,55,1683
12073,4591,A05,0,A00,A0,A0,E0,0,0,2016,3,623,651,186,158,28,1625
12075,4591,A05,0,A00,A0,A0,E0,0,0,2016,3,25,27,8,6,2,1187
12079,4591,A05,0,A00,A0,A0,E0,0,0,2016,3,,,,,,2719
12081,4591,A05,0,A00,A0,A0,E0,0,0,2016,3,447,427,96,117,-21,1881
12083,4591,A05,0,A00,A0,A0,E0,0,0,2016,3,528,521,112,118,-7,1721
12085,4591,A05,0,A00,A0,A0,E0,0,0,2016,3,338,332,72,79,-7,2058
12086,4591,A05,0,A00,A0,A0,E0,0,0,2016,3,3413,3062,781,1132,-351,1862
12087,4591,A05,0,A00,A0,A0,E0,0,0,2016,3,222,212,41,51,-10,2155
12089,4591,A05,0,A00,A0,A0,E0,0,0,2016,3,63,57,11,16,-5,1772
12091,4591,A05,0,A00,A0,A0,E0,0,0,2016,3,603,584,150,169,-19,1972
12093,4591,A05,0,A00,A0,A0,E0,0,0,2016,3,21,22,6,5,1,1263
12095,4591,A05,0,A00,A0,A0,E0,0,0,2016,3,3495,3391,800,904,-103,1752
12097,4591,A05,0,A00,A0,A0,E0,0,0,2016,3,314,326,105,93,12,1441
12099,4591,A05,0,A00,A0,A0,E0,0,0,2016,3,1944,1802,392,533,-141,1973
12101,4591,A05,0,A00,A0,A0,E0,0,0,2016,3,497,513,125,109,16,1532
12103,4591,A05,0,A00,A0,A0,E0,0,0,2016,3,1523,1456,247,314,-67,1825
12105,4591,A05,0,A00,A0,A0,E0,0,0,2016,3,753,732,194,215,-21,1489
12107,4591,A05,0,A00,A0,A0,E0,0,0,2016,3,26,26,6,7,-1,1663
12109,4591,A05,0,A00,A0,A0,E0,0,0,2016,3,286,290,72,68,4,1609
12111,4591,A05,0,A00,A0,A0,E0,0,0,2016,3,290,289,63,64,-1,1569
12113,4591,A05,0,A00,A0,A0,E0,0,0,2016,3,107,105,22,25,-2,1814
12115,4591,A05,0,A00,A0,A0,E0,0,0,2016,3,787,701,116,203,-86,2017
12117,4591,A05,0,A00,A0,A0,E0,0,0,2016,3,1358,1387,340,312,28,1857
12119,4591,A05,0,A00,A0,A0,E0,0,0,2016,3,34,34,7,6,0,1740
12121,4591,A05,0,A00,A0,A0,E0,0,0,2016,3,22,19,3,7,-4,1065
12123,4591,A05,0,A00,A0,A0,E0,0,0,2016,3,11,12,3,,1,1149
12127,4591,A05,0,A00,A0,A0,E0,0,0,2016,3,618,623,150,145,5,1822
12129,4591,A05,0,A00,A0,A0,E0,0,0,2016,3,18,19,5,4,1,1474
12131,4591,A05,0,A00,A0,A0,E0,0,0,2016,3,232,195,44,80,-36,1462
12133,4591,A05,0,A00,A0,A0,E0,0,0,2016,3,,0,0,,,308
12,4591,A05,0,A00,A0,A0,E0,0,0,2016,3,33661,33051,8262,8872,-610,1895
12001,4591,A05,0,A00,A0,A0,E0,0,0,2016,4,418,492,204,130,74,1580
12003,4591,A05,0,A00,A0,A0,E0,0,0,2016,4,,,,,,513
12005,4591,A05,0,A00,A0,A0,E0,0,0,2016,4,393,429,157,122,35,1630
12007,4591,A05,0,A00,A0,A0,E0,0,0,2016,4,11,11,5,6,-1,1012
12009,4591,A05,0,A00,A0,A0,E0,0,0,2016,4,867,886,244,225,19,1622
12011,4591,A05,0,A00,A0,A0,E0,0,0,2016,4,3336,3561,978,753,225,2284
12015,4591,A05,0,A00,A0,A0,E0,0,0,2016,4,125,135,38,28,11,2006
12017,4591,A05,0,A00,A0,A0,E0,0,0,2016,4,62,68,17,12,6,1447
12019,4591,A05,0,A00,A0,A0,E0,0,0,2016,4,319,369,163,114,49,1640
12021,4591,A05,0,A00,A0,A0,E0,0,0,2016,4,579,644,218,153,65,2488
12023,4591,A05,0,A00,A0,A0,E0,0,0,2016,4,123,120,28,31,-3,1840
12027,4591,A05,0,A00,A0,A0,E0,0,0,2016,4,,,,,,1146
12031,4591,A05,0,A00,A0,A0,E0,0,0,2016,4,3541,4385,3794,2950,844,2506
12033,4591,A05,0,A00,A0,A0,E0,0,0,2016,4,737,831,333,239,94,1731
12035,4591,A05,0,A00,A0,A0,E0,0,0,2016,4,80,84,32,27,5,1196
12037,4591,A05,0,A00,A0,A0,E0,0,0,2016,4,18,16,,4,-2,1837
12039,4591,A05,0,A00,A0,A0,E0,0,0,2016,4,,,0,,,1167
12041,4591,A05,0,A00,A0,A0,E0,0,0,2016,4,,,0,,,719
12045,4591,A05,0,A00,A0,A0,E0,0,0,2016,4,,,,,,2175
12049,4591,A05,0,A00,A0,A0,E0,0,0,2016,4,,,,,,1133
12051,4591,A05,0,A00,A0,A0,E0,0,0,2016,4,,,,,,1264
12053,4591,A05,0,A00,A0,A0,E0,0,0,2016,4,141,157,49,33,16,1310
12055,4591,A05,0,A00,A0,A0,E0,0,0,2016,4,65,67,20,18,2,1232
12057,4591,A05,0,A00,A0,A0,E0,0,0,2016,4,2269,2530,820,559,260,1931
12061,4591,A05,0,A00,A0,A0,E0,0,0,2016,4,157,161,28,24,4,2116
12063,4591,A05,0,A00,A0,A0,E0,0,0,2016,4,15,16,8,7,1,1313
12065,4591,A05,0,A00,A0,A0,E0,0,0,2016,4,6,8,3,,1,1222
12067,4591,A05,0,A00,A0,A0,E0,0,0,2016,4,,,,,,1941
12069,4591,A05,0,A00,A0,A0,E0,0,0,2016,4,490,527,162,124,37,1558
12071,4591,A05,0,A00,A0,A0,E0,0,0,2016,4,1397,1690,920,626,293,1736
12073,4591,A05,0,A00,A0,A0,E0,0,0,2016,4,653,733,254,174,81,1572
12075,4591,A05,0,A00,A0,A0,E0,0,0,2016,4,27,27,6,6,0,1142
12079,4591,A05,0,A00,A0,A0,E0,0,0,2016,4,,,0,0,,2810
12081,4591,A05,0,A00,A0,A0,E0,0,0,2016,4,427,476,146,97,49,1959
12083,4591,A05,0,A00,A0,A0,E0,0,0,2016,4,521,552,150,119,31,1781
12085,4591,A05,0,A00,A0,A0,E0,0,0,2016,4,331,350,83,63,20,2375
12086,4591,A05,0,A00,A0,A0,E0,0,0,2016,4,3049,3464,1304,889,415,2035
12087,4591,A05,0,A00,A0,A0,E0,0,0,2016,4,212,215,36,33,3,2063
12089,4591,A05,0,A00,A0,A0,E0,0,0,2016,4,57,63,16,11,6,1895
12091,4591,A05,0,A00,A0,A0,E0,0,0,2016,4,585,588,146,143,3,1849
12093,4591,A05,0,A00,A0,A0,E0,0,0,2016,4,23,23,10,9,0,2007
12095,4591,A05,0,A00,A0,A0,E0,0,0,2016,4,3398,3760,1354,992,362,1787
12097,4591,A05,0,A00,A0,A0,E0,0,0,2016,4,325,338,112,99,12,1483
12099,4591,A05,0,A00,A0,A0,E0,0,0,2016,4,1808,1991,635,452,183,2092
12101,4591,A05,0,A00,A0,A0,E0,0,0,2016,4,513,619,275,169,107,1489
12103,4591,A05,0,A00,A0,A0,E0,0,0,2016,4,1455,1545,431,341,90,1919
12105,4591,A05,0,A00,A0,A0,E0,0,0,2016,4,734,811,274,197,77,1530
12107,4591,A05,0,A00,A0,A0,E0,0,0,2016,4,26,27,8,6,1,1558
12109,4591,A05,0,A00,A0,A0,E0,0,0,2016,4,290,299,67,58,9,1686
12111,4591,A05,0,A00,A0,A0,E0,0,0,2016,4,289,327,103,64,38,1538
12113,4591,A05,0,A00,A0,A0,E0,0,0,2016,4,105,108,26,22,3,2036
12115,4591,A05,0,A00,A0,A0,E0,0,0,2016,4,678,693,145,131,15,2210
12117,4591,A05,0,A00,A0,A0,E0,0,0,2016,4,1386,1457,438,367,72,1826
12119,4591,A05,0,A00,A0,A0,E0,0,0,2016,4,34,35,5,4,1,1736
12121,4591,A05,0,A00,A0,A0,E0,0,0,2016,4,19,19,5,4,1,1244
12123,4591,A05,0,A00,A0,A0,E0,0,0,2016,4,12,11,5,7,-2,1080
12127,4591,A05,0,A00,A0,A0,E0,0,0,2016,4,627,720,242,149,93,1844
12129,4591,A05,0,A00,A0,A0,E0,0,0,2016,4,19,16,,6,-3,1471
12131,4591,A05,0,A00,A0,A0,E0,0,0,2016,4,195,202,58,51,7,1779
12133,4591,A05,0,A00,A0,A0,E0,0,0,2016,4,0,0,0,0,0,
12,4591,A05,0,A00,A0,A0,E0,0,0,2016,4,33060,36762,14576,10874,3702,1958
12001,4591,A05,0,A00,A0,A0,E0,0,0,2017,1,508,467,82,123,-41,1374
12003,4591,A05,0,A00,A0,A0,E0,0,0,2017,1,,,,,,634
12005,4591,A05,0,A00,A0,A0,E0,0,0,2017,1,421,369,59,110,-51,1371
12007,4591,A05,0,A00,A0,A0,E0,0,0,2017,1,11,9,,3,-2,1025
12009,4591,A05,0,A00,A0,A0,E0,0,0,2017,1,886,829,109,167,-58,1460
12011,4591,A05,0,A00,A0,A0,E0,0,0,2017,1,3437,3118,382,700,-318,2004
12015,4591,A05,0,A00,A0,A0,E0,0,0,2017,1,135,139,26,23,3,1882
12017,4591,A05,0,A00,A0,A0,E0,0,0,2017,1,68,73,12,7,5,1390
12019,4591,A05,0,A00,A0,A0,E0,0,0,2017,1,369,303,39,105,-66,1279
12021,4591,A05,0,A00,A0,A0,E0,0,0,2017,1,639,618,109,130,-21,1968
12023,4591,A05,0,A00,A0,A0,E0,0,0,2017,1,120,139,37,18,20,1946
12027,4591,A05,0,A00,A0,A0,E0,0,0,2017,1,,,,,,991
12031,4591,A05,0,A00,A0,A0,E0,0,0,2017,1,4401,3224,350,1528,-1177,2439
12033,4591,A05,0,A00,A0,A0,E0,0,0,2017,1,809,710,119,219,-99,1303
12035,4591,A05,0,A00,A0,A0,E0,0,0,2017,1,84,70,11,25,-14,1110
12037,4591,A05,0,A00,A0,A0,E0,0,0,2017,1,16,18,3,,2,1798
12039,4591,A05,0,A00,A0,A0,E0,0,0,2017,1,,,0,0,,1790
12041,4591,A05,0,A00,A0,A0,E0,0,0,2017,1,20,22,7,5,2,863
12045,4591,A05,0,A00,A0,A0,E0,0,0,2017,1,,,,,,1969
12049,4591,A05,0,A00,A0,A0,E0,0,0,2017,1,,,,,,889
12051,4591,A05,0,A00,A0,A0,E0,0,0,2017,1,,,,,,1046
12053,4591,A05,0,A00,A0,A0,E0,0,0,2017,1,157,148,22,31,-9,1186
12055,4591,A05,0,A00,A0,A0,E0,0,0,2017,1,67,62,10,15,-5,1301
12057,4591,A05,0,A00,A0,A0,E0,0,0,2017,1,2553,2314,348,587,-239,1643
12061,4591,A05,0,A00,A0,A0,E0,0,0,2017,1,161,158,22,25,-3,1933
12063,4591,A05,0,A00,A0,A0,E0,0,0,2017,1,16,14,3,5,-2,1092
12065,4591,A05,0,A00,A0,A0,E0,0,0,2017,1,8,8,4,3,1,928
12067,4591,A05,0,A00,A0,A0,E0,0,0,2017,1,,,0,,,1865
12069,4591,A05,0,A00,A0,A0,E0,0,0,2017,1,527,499,59,88,-29,1341
12071,4591,A05,0,A00,A0,A0,E0,0,0,2017,1,1687,1473,237,451,-214,1448
12073,4591,A05,0,A00,A0,A0,E0,0,0,2017,1,734,622,91,203,-111,1335
12075,4591,A05,0,A00,A0,A0,E0,0,0,2017,1,27,27,5,5,0,1036
12079,4591,A05,0,A00,A0,A0,E0,0,0,2017,1,,,,0,,2445
12081,4591,A05,0,A00,A0,A0,E0,0,0,2017,1,471,449,80,102,-23,1723
12083,4591,A05,0,A00,A0,A0,E0,0,0,2017,1,563,520,70,113,-42,1597
12085,4591,A05,0,A00,A0,A0,E0,0,0,2017,1,362,357,68,73,-5,1959
12086,4591,A05,0,A00,A0,A0,E0,0,0,2017,1,3511,3149,543,906,-363,1750
12087,4591,A05,0,A00,A0,A0,E0,0,0,2017,1,223,225,41,39,2,2095
12089,4591,A05,0,A00,A0,A0,E0,0,0,2017,1,63,60,8,11,-3,1728
12091,4591,A05,0,A00,A0,A0,E0,0,0,2017,1,591,564,105,132,-27,1658
12093,4591,A05,0,A00,A0,A0,E0,0,0,2017,1,23,45,27,5,22,1235
12095,4591,A05,0,A00,A0,A0,E0,0,0,2017,1,3761,3383,512,889,-377,1521
12097,4591,A05,0,A00,A0,A0,E0,0,0,2017,1,347,314,38,71,-33,1286
12099,4591,A05,0,A00,A0,A0,E0,0,0,2017,1,1930,1800,270,400,-130,1879
12101,4591,A05,0,A00,A0,A0,E0,0,0,2017,1,633,533,75,175,-100,1191
12103,4591,A05,0,A00,A0,A0,E0,0,0,2017,1,1591,1511,204,284,-80,1789
12105,4591,A05,0,A00,A0,A0,E0,0,0,2017,1,828,767,140,202,-62,1359
12107,4591,A05,0,A00,A0,A0,E0,0,0,2017,1,27,26,4,5,-1,1372
12109,4591,A05,0,A00,A0,A0,E0,0,0,2017,1,298,293,48,53,-5,1549
12111,4591,A05,0,A00,A0,A0,E0,0,0,2017,1,327,305,41,63,-22,1563
12113,4591,A05,0,A00,A0,A0,E0,0,0,2017,1,117,122,25,20,5,1816
12115,4591,A05,0,A00,A0,A0,E0,0,0,2017,1,687,710,126,102,24,1971
12117,4591,A05,0,A00,A0,A0,E0,0,0,2017,1,1467,1323,162,306,-144,1720
12119,4591,A05,0,A00,A0,A0,E0,0,0,2017,1,35,40,11,7,5,1686
12121,4591,A05,0,A00,A0,A0,E0,0,0,2017,1,19,19,,,0,990
12123,4591,A05,0,A00,A0,A0,E0,0,0,2017,1,11,10,0,,-1,1274
12127,4591,A05,0,A00,A0,A0,E0,0,0,2017,1,729,727,163,164,-1,1660
12129,4591,A05,0,A00,A0,A0,E0,0,0,2017,1,16,17,6,5,2,1468
12131,4591,A05,0,A00,A0,A0,E0,0,0,2017,1,246,260,58,44,15,1713
12133,4591,A05,0,A00,A0,A0,E0,0,0,2017,1,0,0,0,0,0,
12,4591,A05,0,A00,A0,A0,E0,0,0,2017,1,36820,33046,4993,8767,-3774,1741
12001,4591,A05,0,A00,A0,A0,E0,0,0,2017,2,466,446,85,105,-20,1423
12003,4591,A05,0,A00,A0,A0,E0,0,0,2017,2,,,,,,735
12005,4591,A05,0,A00,A0,A0,E0,0,0,2017,2,372,396,112,87,24,1614
12007,4591,A05,0,A00,A0,A0,E0,0,0,2017,2,9,8,3,4,-1,1206
12009,4591,A05,0,A00,A0,A0,E0,0,0,2017,2,828,823,135,140,-5,1593
12011,4591,A05,0,A00,A0,A0,E0,0,0,2017,2,3213,3345,681,548,133,2049
12015,4591,A05,0,A00,A0,A0,E0,0,0,2017,2,138,141,31,28,3,1770
12017,4591,A05,0,A00,A0,A0,E0,0,0,2017,2,73,61,11,23,-12,1260
12019,4591,A05,0,A00,A0,A0,E0,0,0,2017,2,303,297,60,66,-6,1568
12021,4591,A05,0,A00,A0,A0,E0,0,0,2017,2,617,558,86,146,-60,2020
12023,4591,A05,0,A00,A0,A0,E0,0,0,2017,2,139,145,62,57,6,1990
12027,4591,A05,0,A00,A0,A0,E0,0,0,2017,2,,,,,,1136
12031,4591,A05,0,A00,A0,A0,E0,0,0,2017,2,3777,3763,541,555,-14,2577
12033,4591,A05,0,A00,A0,A0,E0,0,0,2017,2,710,713,157,154,2,1538
12035,4591,A05,0,A00,A0,A0,E0,0,0,2017,2,70,69,14,16,-1,1154
12037,4591,A05,0,A00,A0,A0,E0,0,0,2017,2,18,25,8,,7,2160
12039,4591,A05,0,A00,A0,A0,E0,0,0,2017,2,,,,0,,1795
12041,4591,A05,0,A00,A0,A0,E0,0,0,2017,2,22,23,,,1,685
12045,4591,A05,0,A00,A0,A0,E0,0,0,2017,2,,,,,,1989
12049,4591,A05,0,A00,A0,A0,E0,0,0,2017,2,,,,,,1040
12051,4591,A05,0,A00,A0,A0,E0,0,0,2017,2,,,,,,1333
12053,4591,A05,0,A00,A0,A0,E0,0,0,2017,2,148,142,27,33,-6,1201
12055,4591,A05,0,A00,A0,A0,E0,0,0,2017,2,62,60,11,13,-2,1182
12057,4591,A05,0,A00,A0,A0,E0,0,0,2017,2,2314,2287,473,500,-27,1693
12061,4591,A05,0,A00,A0,A0,E0,0,0,2017,2,158,145,14,27,-13,1917
12063,4591,A05,0,A00,A0,A0,E0,0,0,2017,2,14,13,6,7,-1,1317
12065,4591,A05,0,A00,A0,A0,E0,0,0,2017,2,,,,,,1018
12067,4591,A05,0,A00,A0,A0,E0,0,0,2017,2,,,0,,,1809
12069,4591,A05,0,A00,A0,A0,E0,0,0,2017,2,499,473,77,103,-26,1423
12071,4591,A05,0,A00,A0,A0,E0,0,0,2017,2,1472,1535,542,479,63,1656
12073,4591,A05,0,A00,A0,A0,E0,0,0,2017,2,622,628,119,113,6,1520
12075,4591,A05,0,A00,A0,A0,E0,0,0,2017,2,27,27,6,5,1,1106
12079,4591,A05,0,A00,A0,A0,E0,0,0,2017,2,,,0,0,,1392
12081,4591,A05,0,A00,A0,A0,E0,0,0,2017,2,448,442,76,82,-6,1792
12083,4591,A05,0,A00,A0,A0,E0,0,0,2017,2,520,508,90,101,-12,1713
12085,4591,A05,0,A00,A0,A0,E0,0,0,2017,2,356,356,59,60,-1,2084
12086,4591,A05,0,A00,A0,A0,E0,0,0,2017,2,3139,3321,776,593,183,1968
12087,4591,A05,0,A00,A0,A0,E0,0,0,2017,2,224,228,62,58,4,2079
12089,4591,A05,0,A00,A0,A0,E0,0,0,2017,2,60,59,13,13,-1,1843
12091,4591,A05,0,A00,A0,A0,E0,0,0,2017,2,564,559,122,127,-5,1752
12093,4591,A05,0,A00,A0,A0,E0,0,0,2017,2,44,40,7,11,-4,1572
12095,4591,A05,0,A00,A0,A0,E0,0,0,2017,2,3391,3450,789,731,58,1681
12097,4591,A05,0,A00,A0,A0,E0,0,0,2017,2,314,311,60,63,-3,1400
12099,4591,A05,0,A00,A0,A0,E0,0,0,2017,2,1798,1796,338,340,-3,2009
12101,4591,A05,0,A00,A0,A0,E0,0,0,2017,2,532,512,84,104,-20,1433
12103,4591,A05,0,A00,A0,A0,E0,0,0,2017,2,1511,1654,457,314,142,1877
12105,4591,A05,0,A00,A0,A0,E0,0,0,2017,2,762,760,160,161,-2,1450
12107,4591,A05,0,A00,A0,A0,E0,0,0,2017,2,26,24,4,5,-1,1565
12109,4591,A05,0,A00,A0,A0,E0,0,0,2017,2,293,310,71,53,17,1704
12111,4591,A05,0,A00,A0,A0,E0,0,0,2017,2,305,292,40,52,-13,1622
12113,4591,A05,0,A00,A0,A0,E0,0,0,2017,2,122,124,27,25,2,1946
12115,4591,A05,0,A00,A0,A0,E0,0,0,2017,2,707,702,101,106,-5,1939
12117,4591,A05,0,A00,A0,A0,E0,0,0,2017,2,1323,1285,251,288,-38,1876
12119,4591,A05,0,A00,A0,A0,E0,0,0,2017,2,40,40,8,7,1,1990
12121,4591,A05,0,A00,A0,A0,E0,0,0,2017,2,19,18,4,5,-1,1040
12123,4591,A05,0,A00,A0,A0,E0,0,0,2017,2,10,11,5,3,2,1307
12127,4591,A05,0,A00,A0,A0,E0,0,0,2017,2,766,751,129,143,-15,1713
12129,4591,A05,0,A00,A0,A0,E0,0,0,2017,2,17,18,4,4,0,1590
12131,4591,A05,0,A00,A0,A0,E0,0,0,2017,2,260,262,76,75,1,1762
12133,4591,A05,0,A00,A0,A0,E0,0,0,2017,2,0,0,0,0,0,
12,4591,A05,0,A00,A0,A0,E0,0,0,2017,2,33718,34053,7095,6760,335,1863
12001,4591,A05,0,A00,A0,A0,E0,0,0,2017,3,446,447,89,88,1,1484
12003,4591,A05,0,A00,A0,A0,E0,0,0,2017,3,,,,,,753
12005,4591,A05,0,A00,A0,A0,E0,0,0,2017,3,371,364,79,86,-7,1572
12007,4591,A05,0,A00,A0,A0,E0,0,0,2017,3,8,9,3,,1,1260
12009,4591,A05,0,A00,A0,A0,E0,0,0,2017,3,823,807,128,144,-16,1549
12011,4591,A05,0,A00,A0,A0,E0,0,0,2017,3,3226,3197,546,575,-29,2016
12015,4591,A05,0,A00,A0,A0,E0,0,0,2017,3,141,143,23,22,2,1882
12017,4591,A05,0,A00,A0,A0,E0,0,0,2017,3,61,62,11,10,1,1355
12019,4591,A05,0,A00,A0,A0,E0,0,0,2017,3,296,285,56,67,-11,1477
12021,4591,A05,0,A00,A0,A0,E0,0,0,2017,3,558,543,84,99,-15,1834
12023,4591,A05,0,A00,A0,A0,E0,0,0,2017,3,145,141,35,40,-4,1689
12027,4591,A05,0,A00,A0,A0,E0,0,0,2017,3,,,,,,969
12031,4591,A05,0,A00,A0,A0,E0,0,0,2017,3,3133,3734,1342,741,601,2942
12033,4591,A05,0,A00,A0,A0,E0,0,0,2017,3,711,698,152,165,-13,1454
12035,4591,A05,0,A00,A0,A0,E0,0,0,2017,3,69,69,15,15,0,1129
12037,4591,A05,0,A00,A0,A0,E0,0,0,2017,3,25,21,,5,-4,1668
12039,4591,A05,0,A00,A0,A0,E0,0,0,2017,3,3,4,,,1,1204
12041,4591,A05,0,A00,A0,A0,E0,0,0,2017,3,23,17,0,6,-6,700
12045,4591,A05,0,A00,A0,A0,E0,0,0,2017,3,,,,,,2080
12049,4591,A05,0,A00,A0,A0,E0,0,0,2017,3,,,,,,987
12051,4591,A05,0,A00,A0,A0,E0,0,0,2017,3,,,,,,1057
12053,4591,A05,0,A00,A0,A0,E0,0,0,2017,3,142,143,26,25,2,1207
12055,4591,A05,0,A00,A0,A0,E0,0,0,2017,3,60,60,13,12,1,1246
12057,4591,A05,0,A00,A0,A0,E0,0,0,2017,3,2288,2329,563,523,41,1730
12061,4591,A05,0,A00,A0,A0,E0,0,0,2017,3,145,143,23,25,-2,1919
12063,4591,A05,0,A00,A0,A0,E0,0,0,2017,3,13,13,5,4,0,1107
12065,4591,A05,0,A00,A0,A0,E0,0,0,2017,3,,,,,,809
12067,4591,A05,0,A00,A0,A0,E0,0,0,2017,3,,,0,0,,2375
12069,4591,A05,0,A00,A0,A0,E0,0,0,2017,3,472,472,84,84,0,1463
12071,4591,A05,0,A00,A0,A0,E0,0,0,2017,3,1535,1569,406,372,34,1544
12073,4591,A05,0,A00,A0,A0,E0,0,0,2017,3,628,618,122,133,-11,1458
12075,4591,A05,0,A00,A0,A0,E0,0,0,2017,3,27,29,7,5,1,1028
12079,4591,A05,0,A00,A0,A0,E0,0,0,2017,3,,,0,,,1325
12081,4591,A05,0,A00,A0,A0,E0,0,0,2017,3,442,435,76,83,-7,1703
12083,4591,A05,0,A00,A0,A0,E0,0,0,2017,3,512,497,89,104,-14,1649
12085,4591,A05,0,A00,A0,A0,E0,0,0,2017,3,356,346,51,60,-9,1959
12086,4591,A05,0,A00,A0,A0,E0,0,0,2017,3,3300,3280,649,669,-20,1861
12087,4591,A05,0,A00,A0,A0,E0,0,0,2017,3,228,182,33,80,-47,1923
12089,4591,A05,0,A00,A0,A0,E0,0,0,2017,3,59,52,9,16,-7,1742
12091,4591,A05,0,A00,A0,A0,E0,0,0,2017,3,558,555,126,129,-3,1789
12093,4591,A05,0,A00,A0,A0,E0,0,0,2017,3,40,46,13,7,6,1160
12095,4591,A05,0,A00,A0,A0,E0,0,0,2017,3,3458,3328,614,743,-130,1623
12097,4591,A05,0,A00,A0,A0,E0,0,0,2017,3,335,365,94,63,30,1644
12099,4591,A05,0,A00,A0,A0,E0,0,0,2017,3,1741,1728,283,296,-14,1856
12101,4591,A05,0,A00,A0,A0,E0,0,0,2017,3,512,505,97,104,-7,1490
12103,4591,A05,0,A00,A0,A0,E0,0,0,2017,3,1645,1608,299,337,-38,1985
12105,4591,A05,0,A00,A0,A0,E0,0,0,2017,3,760,738,147,169,-22,1445
12107,4591,A05,0,A00,A0,A0,E0,0,0,2017,3,24,24,4,5,-1,1474
12109,4591,A05,0,A00,A0,A0,E0,0,0,2017,3,310,297,56,69,-13,1561
12111,4591,A05,0,A00,A0,A0,E0,0,0,2017,3,292,299,53,46,7,1570
12113,4591,A05,0,A00,A0,A0,E0,0,0,2017,3,124,118,26,32,-6,1856
12115,4591,A05,0,A00,A0,A0,E0,0,0,2017,3,702,671,99,130,-31,1925
12117,4591,A05,0,A00,A0,A0,E0,0,0,2017,3,1283,1058,216,440,-225,1735
12119,4591,A05,0,A00,A0,A0,E0,0,0,2017,3,40,44,11,8,4,1834
12121,4591,A05,0,A00,A0,A0,E0,0,0,2017,3,18,16,3,6,-3,1162
12123,4591,A05,0,A00,A0,A0,E0,0,0,2017,3,11,11,0,,0,1661
12127,4591,A05,0,A00,A0,A0,E0,0,0,2017,3,713,709,125,129,-4,1746
12129,4591,A05,0,A00,A0,A0,E0,0,0,2017,3,18,17,3,3,0,1434
12131,4591,A05,0,A00,A0,A0,E0,0,0,2017,3,261,218,36,80,-44,1800
12133,4591,A05,0,A00,A0,A0,E0,0,0,2017,3,0,,0,0,,
12,4591,A05,0,A00,A0,A0,E0,0,0,2017,3,33186,33149,7043,7080,-37,1842
12001,4591,A05,0,A00,A0,A0,E0,0,0,2017,4,447,506,210,151,59,1574
12003,4591,A05,0,A00,A0,A0,E0,0,0,2017,4,,,,,,950
12005,4591,A05,0,A00,A0,A0,E0,0,0,2017,4,375,402,144,118,26,1716
12007,4591,A05,0,A00,A0,A0,E0,0,0,2017,4,9,10,4,,1,1330
12009,4591,A05,0,A00,A0,A0,E0,0,0,2017,4,799,872,262,189,73,1737
12011,4591,A05,0,A00,A0,A0,E0,0,0,2017,4,3207,3485,1077,799,278,2223
12015,4591,A05,0,A00,A0,A0,E0,0,0,2017,4,143,150,40,33,7,1903
12017,4591,A05,0,A00,A0,A0,E0,0,0,2017,4,61,63,12,11,1,1553
12019,4591,A05,0,A00,A0,A0,E0,0,0,2017,4,270,327,177,120,57,1659
12021,4591,A05,0,A00,A0,A0,E0,0,0,2017,4,545,644,231,132,99,2399
12023,4591,A05,0,A00,A0,A0,E0,0,0,2017,4,143,153,53,43,10,1866
12027,4591,A05,0,A00,A0,A0,E0,0,0,2017,4,,,,,,1204
12031,4591,A05,0,A00,A0,A0,E0,0,0,2017,4,3732,4563,3383,2552,831,2775
12033,4591,A05,0,A00,A0,A0,E0,0,0,2017,4,695,811,363,247,116,1640
12035,4591,A05,0,A00,A0,A0,E0,0,0,2017,4,68,75,25,18,7,1281
12037,4591,A05,0,A00,A0,A0,E0,0,0,2017,4,21,20,,3,-1,1642
12039,4591,A05,0,A00,A0,A0,E0,0,0,2017,4,4,7,4,,3,1192
12041,4591,A05,0,A00,A0,A0,E0,0,0,2017,4,,,0,0,,823
12045,4591,A05,0,A00,A0,A0,E0,0,0,2017,4,,,,,,2083
12049,4591,A05,0,A00,A0,A0,E0,0,0,2017,4,,,,,,1091
12051,4591,A05,0,A00,A0,A0,E0,0,0,2017,4,,,,,,1311
12053,4591,A05,0,A00,A0,A0,E0,0,0,2017,4,143,163,56,36,19,1394
12055,4591,A05,0,A00,A0,A0,E0,0,0,2017,4,61,63,18,15,3,1406
12057,4591,A05,0,A00,A0,A0,E0,0,0,2017,4,2245,2493,857,609,249,1975
12061,4591,A05,0,A00,A0,A0,E0,0,0,2017,4,143,155,40,27,13,2243
12063,4591,A05,0,A00,A0,A0,E0,0,0,2017,4,13,13,7,7,0,1193
12065,4591,A05,0,A00,A0,A0,E0,0,0,2017,4,,,,,,905
12067,4591,A05,0,A00,A0,A0,E0,0,0,2017,4,,,0,0,,2428
12069,4591,A05,0,A00,A0,A0,E0,0,0,2017,4,472,509,158,122,36,1693
12071,4591,A05,0,A00,A0,A0,E0,0,0,2017,4,1573,2011,1074,636,438,1827
12073,4591,A05,0,A00,A0,A0,E0,0,0,2017,4,624,668,261,217,44,1622
12075,4591,A05,0,A00,A0,A0,E0,0,0,2017,4,29,29,6,6,0,1033
12079,4591,A05,0,A00,A0,A0,E0,0,0,2017,4,,,0,0,,2574
12081,4591,A05,0,A00,A0,A0,E0,0,0,2017,4,430,476,165,118,47,1853
12083,4591,A05,0,A00,A0,A0,E0,0,0,2017,4,498,555,174,117,57,1859
12085,4591,A05,0,A00,A0,A0,E0,0,0,2017,4,352,386,124,89,34,2220
12086,4591,A05,0,A00,A0,A0,E0,0,0,2017,4,3262,3763,1523,1023,500,2013
12087,4591,A05,0,A00,A0,A0,E0,0,0,2017,4,182,199,47,29,17,2103
12089,4591,A05,0,A00,A0,A0,E0,0,0,2017,4,52,60,22,14,8,2098
12091,4591,A05,0,A00,A0,A0,E0,0,0,2017,4,559,585,165,139,26,1915
12093,4591,A05,0,A00,A0,A0,E0,0,0,2017,4,47,55,13,5,8,1843
12095,4591,A05,0,A00,A0,A0,E0,0,0,2017,4,3448,3955,1572,1065,507,1804
12097,4591,A05,0,A00,A0,A0,E0,0,0,2017,4,337,412,206,132,75,1785
12099,4591,A05,0,A00,A0,A0,E0,0,0,2017,4,1740,1969,659,430,229,2051
12101,4591,A05,0,A00,A0,A0,E0,0,0,2017,4,504,625,285,164,121,1565
12103,4591,A05,0,A00,A0,A0,E0,0,0,2017,4,1613,1637,533,510,24,2077
12105,4591,A05,0,A00,A0,A0,E0,0,0,2017,4,741,851,295,185,110,1560
12107,4591,A05,0,A00,A0,A0,E0,0,0,2017,4,24,27,9,6,3,1652
12109,4591,A05,0,A00,A0,A0,E0,0,0,2017,4,299,319,82,63,20,1786
12111,4591,A05,0,A00,A0,A0,E0,0,0,2017,4,299,329,98,68,30,1697
12113,4591,A05,0,A00,A0,A0,E0,0,0,2017,4,118,120,26,23,2,2207
12115,4591,A05,0,A00,A0,A0,E0,0,0,2017,4,671,715,164,120,44,2201
12117,4591,A05,0,A00,A0,A0,E0,0,0,2017,4,1030,1157,405,277,127,2002
12119,4591,A05,0,A00,A0,A0,E0,0,0,2017,4,44,41,7,10,-3,1842
12121,4591,A05,0,A00,A0,A0,E0,0,0,2017,4,16,18,5,,2,1507
12123,4591,A05,0,A00,A0,A0,E0,0,0,2017,4,11,12,3,3,1,1498
12127,4591,A05,0,A00,A0,A0,E0,0,0,2017,4,700,780,267,187,80,1878
12129,4591,A05,0,A00,A0,A0,E0,0,0,2017,4,17,15,3,6,-2,1434
12131,4591,A05,0,A00,A0,A0,E0,0,0,2017,4,218,226,66,58,8,1912
12133,4591,A05,0,A00,A0,A0,E0,0,0,2017,4,,,,0,,554
12,4591,A05,0,A00,A0,A0,E0,0,0,2017,4,33137,37586,15402,10952,4450,2016
12001,4591,A05,0,A00,A0,A0,E0,0,0,2018,1,497,448,70,119,-49,1282
12003,4591,A05,0,A00,A0,A0,E0,0,0,2018,1,,,,,,798
12005,4591,A05,0,A00,A0,A0,E0,0,0,2018,1,393,371,63,85,-22,1438
12007,4591,A05,0,A00,A0,A0,E0,0,0,2018,1,10,12,4,3,1,1124
12009,4591,A05,0,A00,A0,A0,E0,0,0,2018,1,876,788,99,187,-88,1490
12011,4591,A05,0,A00,A0,A0,E0,0,0,2018,1,3519,3194,393,718,-325,1999
12015,4591,A05,0,A00,A0,A0,E0,0,0,2018,1,150,136,15,29,-14,1806
12017,4591,A05,0,A00,A0,A0,E0,0,0,2018,1,62,62,13,13,0,1449
12019,4591,A05,0,A00,A0,A0,E0,0,0,2018,1,327,268,29,88,-59,1242
12021,4591,A05,0,A00,A0,A0,E0,0,0,2018,1,610,625,126,111,15,1913
12023,4591,A05,0,A00,A0,A0,E0,0,0,2018,1,153,151,33,35,-2,1784
12027,4591,A05,0,A00,A0,A0,E0,0,0,2018,1,,,,,,954
12031,4591,A05,0,A00,A0,A0,E0,0,0,2018,1,4479,3313,325,1490,-1166,2811
12033,4591,A05,0,A00,A0,A0,E0,0,0,2018,1,822,720,153,256,-103,1318
12035,4591,A05,0,A00,A0,A0,E0,0,0,2018,1,77,78,16,15,1,1226
12037,4591,A05,0,A00,A0,A0,E0,0,0,2018,1,20,20,,,0,1823
12039,4591,A05,0,A00,A0,A0,E0,0,0,2018,1,7,5,3,5,-2,686
12041,4591,A05,0,A00,A0,A0,E0,0,0,2018,1,,,,,,780
12045,4591,A05,0,A00,A0,A0,E0,0,0,2018,1,,,,,,1809
12049,4591,A05,0,A00,A0,A0,E0,0,0,2018,1,,,,,,909
12051,4591,A05,0,A00,A0,A0,E0,0,0,2018,1,,,,,,1177
12053,4591,A05,0,A00,A0,A0,E0,0,0,2018,1,163,153,26,36,-10,1173
12055,4591,A05,0,A00,A0,A0,E0,0,0,2018,1,63,59,9,13,-4,1272
12057,4591,A05,0,A00,A0,A0,E0,0,0,2018,1,2460,2176,342,625,-284,1650
12061,4591,A05,0,A00,A0,A0,E0,0,0,2018,1,155,145,20,29,-9,1914
12063,4591,A05,0,A00,A0,A0,E0,0,0,2018,1,13,12,5,5,-1,1104
12065,4591,A05,0,A00,A0,A0,E0,0,0,2018,1,,,0,0,,1170
12067,4591,A05,0,A00,A0,A0,E0,0,0,2018,1,,,,0,,2077
12069,4591,A05,0,A00,A0,A0,E0,0,0,2018,1,508,471,53,89,-36,1481
12071,4591,A05,0,A00,A0,A0,E0,0,0,2018,1,2015,1703,319,631,-312,1411
12073,4591,A05,0,A00,A0,A0,E0,0,0,2018,1,689,606,62,144,-82,1414
12075,4591,A05,0,A00,A0,A0,E0,0,0,2018,1,29,33,10,6,4,922
12079,4591,A05,0,A00,A0,A0,E0,0,0,2018,1,,0,0,,,101
12081,4591,A05,0,A00,A0,A0,E0,0,0,2018,1,476,442,70,105,-34,1729
12083,4591,A05,0,A00,A0,A0,E0,0,0,2018,1,557,526,89,120,-31,1697
12085,4591,A05,0,A00,A0,A0,E0,0,0,2018,1,386,350,51,86,-35,1832
12086,4591,A05,0,A00,A0,A0,E0,0,0,2018,1,3766,3215,436,987,-550,1667
12087,4591,A05,0,A00,A0,A0,E0,0,0,2018,1,199,204,39,34,5,2354
12089,4591,A05,0,A00,A0,A0,E0,0,0,2018,1,60,56,10,14,-4,1791
12091,4591,A05,0,A00,A0,A0,E0,0,0,2018,1,589,591,123,121,2,1809
12093,4591,A05,0,A00,A0,A0,E0,0,0,2018,1,55,62,15,8,7,1747
12095,4591,A05,0,A00,A0,A0,E0,0,0,2018,1,3932,3448,506,990,-483,1533
12097,4591,A05,0,A00,A0,A0,E0,0,0,2018,1,416,344,42,114,-72,1308
12099,4591,A05,0,A00,A0,A0,E0,0,0,2018,1,1992,1799,246,439,-193,1807
12101,4591,A05,0,A00,A0,A0,E0,0,0,2018,1,625,525,79,180,-100,1229
12103,4591,A05,0,A00,A0,A0,E0,0,0,2018,1,1671,1511,215,374,-159,1814
12105,4591,A05,0,A00,A0,A0,E0,0,0,2018,1,850,798,134,186,-52,1394
12107,4591,A05,0,A00,A0,A0,E0,0,0,2018,1,27,25,4,5,-1,1432
12109,4591,A05,0,A00,A0,A0,E0,0,0,2018,1,324,306,49,66,-17,1575
12111,4591,A05,0,A00,A0,A0,E0,0,0,2018,1,326,304,63,85,-22,1549
12113,4591,A05,0,A00,A0,A0,E0,0,0,2018,1,120,193,100,27,73,1806
12115,4591,A05,0,A00,A0,A0,E0,0,0,2018,1,696,680,90,106,-16,2063
12117,4591,A05,0,A00,A0,A0,E0,0,0,2018,1,1163,1073,139,229,-90,1761
12119,4591,A05,0,A00,A0,A0,E0,0,0,2018,1,40,39,,4,-1,1786
12121,4591,A05,0,A00,A0,A0,E0,0,0,2018,1,18,17,3,4,-1,1209
12123,4591,A05,0,A00,A0,A0,E0,0,0,2018,1,12,11,0,,-1,1343
12127,4591,A05,0,A00,A0,A0,E0,0,0,2018,1,781,713,107,174,-68,1631
12129,4591,A05,0,A00,A0,A0,E0,0,0,2018,1,15,7,,10,-8,914
12131,4591,A05,0,A00,A0,A0,E0,0,0,2018,1,226,230,51,46,4,1816
12133,4591,A05,0,A00,A0,A0,E0,0,0,2018,1,,,0,0,,413
12,4591,A05,0,A00,A0,A0,E0,0,0,2018,1,37525,33136,4880,9269,-4389,1781
12001,4591,A05,0,A00,A0,A0,E0,0,0,2018,2,447,432,86,102,-16,1410
12003,4591,A05,0,A00,A0,A0,E0,0,0,2018,2,,,,,,882
12005,4591,A05,0,A00,A0,A0,E0,0,0,2018,2,368,374,89,82,6,1637
12007,4591,A05,0,A00,A0,A0,E0,0,0,2018,2,12,11,3,3,-1,1165
12009,4591,A05,0,A00,A0,A0,E0,0,0,2018,2,789,802,160,147,13,1710
12011,4591,A05,0,A00,A0,A0,E0,0,0,2018,2,3193,3195,595,593,1,2084
12015,4591,A05,0,A00,A0,A0,E0,0,0,2018,2,137,131,19,25,-6,1925
12017,4591,A05,0,A00,A0,A0,E0,0,0,2018,2,62,64,12,10,2,1469
12019,4591,A05,0,A00,A0,A0,E0,0,0,2018,2,268,254,48,62,-14,1707
12021,4591,A05,0,A00,A0,A0,E0,0,0,2018,2,624,574,89,139,-50,2009
12023,4591,A05,0,A00,A0,A0,E0,0,0,2018,2,151,148,31,33,-3,1885
12027,4591,A05,0,A00,A0,A0,E0,0,0,2018,2,,,,,,1057
12031,4591,A05,0,A00,A0,A0,E0,0,0,2018,2,3316,3290,474,501,-27,3098
12033,4591,A05,0,A00,A0,A0,E0,0,0,2018,2,720,690,171,201,-30,1718
12035,4591,A05,0,A00,A0,A0,E0,0,0,2018,2,78,76,10,12,-2,1323
12037,4591,A05,0,A00,A0,A0,E0,0,0,2018,2,20,23,6,3,3,2146
12039,4591,A05,0,A00,A0,A0,E0,0,0,2018,2,5,3,0,,-2,950
12041,4591,A05,0,A00,A0,A0,E0,0,0,2018,2,,,0,,,782
12045,4591,A05,0,A00,A0,A0,E0,0,0,2018,2,,,,,,1904
12049,4591,A05,0,A00,A0,A0,E0,0,0,2018,2,,,,,,1014
12051,4591,A05,0,A00,A0,A0,E0,0,0,2018,2,,,,,,1281
12053,4591,A05,0,A00,A0,A0,E0,0,0,2018,2,153,151,28,30,-2,1323
12055,4591,A05,0,A00,A0,A0,E0,0,0,2018,2,59,61,11,9,2,1429
12057,4591,A05,0,A00,A0,A0,E0,0,0,2018,2,2110,2034,405,481,-76,1742
12061,4591,A05,0,A00,A0,A0,E0,0,0,2018,2,146,145,19,20,0,2083
12063,4591,A05,0,A00,A0,A0,E0,0,0,2018,2,12,10,3,5,-2,933
12065,4591,A05,0,A00,A0,A0,E0,0,0,2018,2,,,,,,1032
12067,4591,A05,0,A00,A0,A0,E0,0,0,2018,2,,,0,0,,2394
12069,4591,A05,0,A00,A0,A0,E0,0,0,2018,2,471,454,69,86,-17,1563
12071,4591,A05,0,A00,A0,A0,E0,0,0,2018,2,1705,1665,475,514,-39,1729
12073,4591,A05,0,A00,A0,A0,E0,0,0,2018,2,610,568,101,143,-41,1596
12075,4591,A05,0,A00,A0,A0,E0,0,0,2018,2,33,33,4,3,0,969
12081,4591,A05,0,A00,A0,A0,E0,0,0,2018,2,443,431,87,99,-12,1775
12083,4591,A05,0,A00,A0,A0,E0,0,0,2018,2,526,514,93,106,-12,1700
12085,4591,A05,0,A00,A0,A0,E0,0,0,2018,2,350,344,59,66,-7,2138
12086,4591,A05,0,A00,A0,A0,E0,0,0,2018,2,3224,3072,570,721,-151,1939
12087,4591,A05,0,A00,A0,A0,E0,0,0,2018,2,204,212,65,57,8,2411
12089,4591,A05,0,A00,A0,A0,E0,0,0,2018,2,56,57,13,12,1,1782
12091,4591,A05,0,A00,A0,A0,E0,0,0,2018,2,597,608,155,144,12,1920
12093,4591,A05,0,A00,A0,A0,E0,0,0,2018,2,62,56,8,13,-5,1917
12095,4591,A05,0,A00,A0,A0,E0,0,0,2018,2,3447,3330,721,838,-117,1694
12097,4591,A05,0,A00,A0,A0,E0,0,0,2018,2,346,372,98,72,26,1692
12099,4591,A05,0,A00,A0,A0,E0,0,0,2018,2,1798,1770,321,349,-28,1982
12101,4591,A05,0,A00,A0,A0,E0,0,0,2018,2,525,472,82,135,-53,1397
12103,4591,A05,0,A00,A0,A0,E0,0,0,2018,2,1487,1452,239,274,-35,1904
12105,4591,A05,0,A00,A0,A0,E0,0,0,2018,2,787,747,143,183,-40,1452
12107,4591,A05,0,A00,A0,A0,E0,0,0,2018,2,25,23,3,5,-2,1445
12109,4591,A05,0,A00,A0,A0,E0,0,0,2018,2,306,323,57,40,17,1723
12111,4591,A05,0,A00,A0,A0,E0,0,0,2018,2,304,299,46,52,-5,1659
12113,4591,A05,0,A00,A0,A0,E0,0,0,2018,2,193,169,46,70,-24,1517
12115,4591,A05,0,A00,A0,A0,E0,0,0,2018,2,680,666,99,113,-14,2064
12117,4591,A05,0,A00,A0,A0,E0,0,0,2018,2,1073,1054,152,171,-19,2072
12119,4591,A05,0,A00,A0,A0,E0,0,0,2018,2,39,42,6,3,3,2143
12121,4591,A05,0,A00,A0,A0,E0,0,0,2018,2,17,18,4,3,0,1366
12123,4591,A05,0,A00,A0,A0,E0,0,0,2018,2,11,11,,0,0,1533
12127,4591,A05,0,A00,A0,A0,E0,0,0,2018,2,718,725,145,138,7,1771
12129,4591,A05,0,A00,A0,A0,E0,0,0,2018,2,7,8,3,,1,1216
12131,4591,A05,0,A00,A0,A0,E0,0,0,2018,2,230,201,59,88,-29,1809
12133,4591,A05,0,A00,A0,A0,E0,0,0,2018,2,,,,,,466
12,4591,A05,0,A00,A0,A0,E0,0,0,2018,2,33058,32283,6209,6984,-775,1943
12001,4591,A05,0,A00,A0,A0,E0,0,0,2018,3,436,421,106,121,-15,1408
12003,4591,A05,0,A00,A0,A0,E0,0,0,2018,3,,,,,,800
12005,4591,A05,0,A00,A0,A0,E0,0,0,2018,3,379,342,66,102,-37,1585
12007,4591,A05,0,A00,A0,A0,E0,0,0,2018,3,11,12,4,3,1,1129
12009,4591,A05,0,A00,A0,A0,E0,0,0,2018,3,805,777,146,174,-28,1612
12011,4591,A05,0,A00,A0,A0,E0,0,0,2018,3,3222,3159,624,688,-63,2123
12015,4591,A05,0,A00,A0,A0,E0,0,0,2018,3,132,133,29,28,0,1999
12017,4591,A05,0,A00,A0,A0,E0,0,0,2018,3,64,68,17,13,4,1341
12019,4591,A05,0,A00,A0,A0,E0,0,0,2018,3,254,233,59,79,-21,1446
12021,4591,A05,0,A00,A0,A0,E0,0,0,2018,3,576,565,93,104,-11,1903
12023,4591,A05,0,A00,A0,A0,E0,0,0,2018,3,150,156,47,41,6,1897
12027,4591,A05,0,A00,A0,A0,E0,0,0,2018,3,,,,,,968
12031,4591,A05,0,A00,A0,A0,E0,0,0,2018,3,3307,3912,1352,747,605,3656
12033,4591,A05,0,A00,A0,A0,E0,0,0,2018,3,693,628,144,210,-65,1467
12035,4591,A05,0,A00,A0,A0,E0,0,0,2018,3,76,72,22,26,-3,1235
12037,4591,A05,0,A00,A0,A0,E0,0,0,2018,3,23,20,,4,-3,1907
12039,4591,A05,0,A00,A0,A0,E0,0,0,2018,3,,,0,,,1334
12041,4591,A05,0,A00,A0,A0,E0,0,0,2018,3,,,,,,682
12045,4591,A05,0,A00,A0,A0,E0,0,0,2018,3,,,,,,1862
12049,4591,A05,0,A00,A0,A0,E0,0,0,2018,3,,,,,,876
12051,4591,A05,0,A00,A0,A0,E0,0,0,2018,3,,,,,,1196
12053,4591,A05,0,A00,A0,A0,E0,0,0,2018,3,188,191,37,34,4,1372
12055,4591,A05,0,A00,A0,A0,E0,0,0,2018,3,61,61,12,12,0,1285
12057,4591,A05,0,A00,A0,A0,E0,0,0,2018,3,2051,1952,469,569,-100,1736
12061,4591,A05,0,A00,A0,A0,E0,0,0,2018,3,145,152,30,23,6,2021
12063,4591,A05,0,A00,A0,A0,E0,0,0,2018,3,10,8,3,6,-3,1288
12065,4591,A05,0,A00,A0,A0,E0,0,0,2018,3,,,,,,1091
12067,4591,A05,0,A00,A0,A0,E0,0,0,2018,3,,,,,,1749
12069,4591,A05,0,A00,A0,A0,E0,0,0,2018,3,454,469,97,82,15,1561
12071,4591,A05,0,A00,A0,A0,E0,0,0,2018,3,1387,1472,600,515,85,1528
12073,4591,A05,0,A00,A0,A0,E0,0,0,2018,3,571,582,130,118,12,1601
12075,4591,A05,0,A00,A0,A0,E0,0,0,2018,3,33,30,4,8,-3,983
12081,4591,A05,0,A00,A0,A0,E0,0,0,2018,3,438,415,87,110,-23,1664
12083,4591,A05,0,A00,A0,A0,E0,0,0,2018,3,513,489,94,118,-24,1660
12085,4591,A05,0,A00,A0,A0,E0,0,0,2018,3,345,331,56,71,-15,2026
12086,4591,A05,0,A00,A0,A0,E0,0,0,2018,3,3089,2786,552,855,-303,1876
12087,4591,A05,0,A00,A0,A0,E0,0,0,2018,3,209,214,51,46,5,2244
12089,4591,A05,0,A00,A0,A0,E0,0,0,2018,3,61,63,14,12,2,1912
12091,4591,A05,0,A00,A0,A0,E0,0,0,2018,3,618,616,152,155,-2,1998
12093,4591,A05,0,A00,A0,A0,E0,0,0,2018,3,56,55,8,9,-1,1830
12095,4591,A05,0,A00,A0,A0,E0,0,0,2018,3,3328,3151,751,927,-176,1629
12097,4591,A05,0,A00,A0,A0,E0,0,0,2018,3,395,392,99,103,-4,1516
12099,4591,A05,0,A00,A0,A0,E0,0,0,2018,3,1789,1721,330,398,-68,1949
12101,4591,A05,0,A00,A0,A0,E0,0,0,2018,3,480,417,115,179,-63,1367
12103,4591,A05,0,A00,A0,A0,E0,0,0,2018,3,1452,1438,269,283,-14,1884
12105,4591,A05,0,A00,A0,A0,E0,0,0,2018,3,747,718,169,198,-29,1436
12107,4591,A05,0,A00,A0,A0,E0,0,0,2018,3,23,24,4,3,1,1531
12109,4591,A05,0,A00,A0,A0,E0,0,0,2018,3,321,325,81,77,4,1658
12111,4591,A05,0,A00,A0,A0,E0,0,0,2018,3,302,302,55,55,1,1620
12113,4591,A05,0,A00,A0,A0,E0,0,0,2018,3,169,173,51,47,4,1672
12115,4591,A05,0,A00,A0,A0,E0,0,0,2018,3,673,710,149,112,37,2040
12117,4591,A05,0,A00,A0,A0,E0,0,0,2018,3,1066,1036,192,222,-31,2179
12119,4591,A05,0,A00,A0,A0,E0,0,0,2018,3,48,49,8,7,2,2130
12121,4591,A05,0,A00,A0,A0,E0,0,0,2018,3,18,19,4,3,1,1313
12123,4591,A05,0,A00,A0,A0,E0,0,0,2018,3,11,10,0,,-1,1522
12127,4591,A05,0,A00,A0,A0,E0,0,0,2018,3,738,738,174,174,-1,1814
12129,4591,A05,0,A00,A0,A0,E0,0,0,2018,3,8,5,,5,-3,1077
12131,4591,A05,0,A00,A0,A0,E0,0,0,2018,3,196,171,41,66,-25,1699
12133,4591,A05,0,A00,A0,A0,E0,0,0,2018,3,,,0,,,261
12,4591,A05,0,A00,A0,A0,E0,0,0,2018,3,32245,31897,7626,7973,-348,1965
12001,4591,A05,0,A00,A0,A0,E0,0,0,2018,4,421,455,144,110,34,1553
12003,4591,A05,0,A00,A0,A0,E0,0,0,2018,4,,,,,,874
12005,4591,A05,0,A00,A0,A0,E0,0,0,2018,4,342,324,84,102,-18,1642
12007,4591,A05,0,A00,A0,A0,E0,0,0,2018,4,12,12,4,4,0,1132
12009,4591,A05,0,A00,A0,A0,E0,0,0,2018,4,775,828,216,163,53,1810
12011,4591,A05,0,A00,A0,A0,E0,0,0,2018,4,3138,3543,1263,858,405,2238
12015,4591,A05,0,A00,A0,A0,E0,0,0,2018,4,133,146,46,33,13,1987
12017,4591,A05,0,A00,A0,A0,E0,0,0,2018,4,68,73,16,11,5,1378
12019,4591,A05,0,A00,A0,A0,E0,0,0,2018,4,233,255,83,61,22,1809
12021,4591,A05,0,A00,A0,A0,E0,0,0,2018,4,563,638,178,104,75,2217
12023,4591,A05,0,A00,A0,A0,E0,0,0,2018,4,156,167,59,48,10,2007
12027,4591,A05,0,A00,A0,A0,E0,0,0,2018,4,,,,,,1041
12031,4591,A05,0,A00,A0,A0,E0,0,0,2018,4,3896,4136,3293,3053,240,3270
12033,4591,A05,0,A00,A0,A0,E0,0,0,2018,4,628,689,233,172,61,1813
12035,4591,A05,0,A00,A0,A0,E0,0,0,2018,4,72,85,32,19,13,1365
12037,4591,A05,0,A00,A0,A0,E0,0,0,2018,4,20,19,,,-1,1615
12039,4591,A05,0,A00,A0,A0,E0,0,0,2018,4,,,0,0,,1628
12041,4591,A05,0,A00,A0,A0,E0,0,0,2018,4,,,0,,,796
12045,4591,A05,0,A00,A0,A0,E0,0,0,2018,4,,,,,,1531
12049,4591,A05,0,A00,A0,A0,E0,0,0,2018,4,,,,,,987
12051,4591,A05,0,A00,A0,A0,E0,0,0,2018,4,,,,,,1307
12053,4591,A05,0,A00,A0,A0,E0,0,0,2018,4,191,208,59,42,17,1480
12055,4591,A05,0,A00,A0,A0,E0,0,0,2018,4,61,64,19,16,3,1351
12057,4591,A05,0,A00,A0,A0,E0,0,0,2018,4,1958,2153,624,429,195,2132
12061,4591,A05,0,A00,A0,A0,E0,0,0,2018,4,152,163,43,31,11,2277
12063,4591,A05,0,A00,A0,A0,E0,0,0,2018,4,,,,,,1620
12065,4591,A05,0,A00,A0,A0,E0,0,0,2018,4,,,,,,1020
12067,4591,A05,0,A00,A0,A0,E0,0,0,2018,4,,,,,,1783
12069,4591,A05,0,A00,A0,A0,E0,0,0,2018,4,469,536,169,102,67,1756
12071,4591,A05,0,A00,A0,A0,E0,0,0,2018,4,1471,1866,1234,838,396,1665
12073,4591,A05,0,A00,A0,A0,E0,0,0,2018,4,583,627,163,118,45,1775
12075,4591,A05,0,A00,A0,A0,E0,0,0,2018,4,30,29,5,6,-1,1131
12081,4591,A05,0,A00,A0,A0,E0,0,0,2018,4,416,445,110,80,30,2003
12083,4591,A05,0,A00,A0,A0,E0,0,0,2018,4,491,518,143,116,27,1862
12085,4591,A05,0,A00,A0,A0,E0,0,0,2018,4,330,358,93,65,28,2294
12086,4591,A05,0,A00,A0,A0,E0,0,0,2018,4,2808,3120,989,677,312,2258
12087,4591,A05,0,A00,A0,A0,E0,0,0,2018,4,211,220,43,34,9,2314
12089,4591,A05,0,A00,A0,A0,E0,0,0,2018,4,63,68,21,16,5,1983
12091,4591,A05,0,A00,A0,A0,E0,0,0,2018,4,618,656,178,140,38,2207
12093,4591,A05,0,A00,A0,A0,E0,0,0,2018,4,55,50,14,20,-5,1764
12095,4591,A05,0,A00,A0,A0,E0,0,0,2018,4,3157,3558,1187,787,400,1844
12097,4591,A05,0,A00,A0,A0,E0,0,0,2018,4,385,444,165,105,60,1777
12099,4591,A05,0,A00,A0,A0,E0,0,0,2018,4,1721,1927,570,364,206,2221
12101,4591,A05,0,A00,A0,A0,E0,0,0,2018,4,412,455,132,89,43,1674
12103,4591,A05,0,A00,A0,A0,E0,0,0,2018,4,1445,1538,389,296,93,2165
12105,4591,A05,0,A00,A0,A0,E0,0,0,2018,4,721,779,238,180,58,1562
12107,4591,A05,0,A00,A0,A0,E0,0,0,2018,4,24,27,8,6,2,1586
12109,4591,A05,0,A00,A0,A0,E0,0,0,2018,4,325,337,64,52,12,1947
12111,4591,A05,0,A00,A0,A0,E0,0,0,2018,4,302,345,96,53,43,1757
12113,4591,A05,0,A00,A0,A0,E0,0,0,2018,4,173,195,82,61,21,1890
12115,4591,A05,0,A00,A0,A0,E0,0,0,2018,4,707,748,187,146,41,2118
12117,4591,A05,0,A00,A0,A0,E0,0,0,2018,4,1022,1139,321,203,117,2337
12119,4591,A05,0,A00,A0,A0,E0,0,0,2018,4,50,44,7,13,-6,2155
12121,4591,A05,0,A00,A0,A0,E0,0,0,2018,4,19,18,4,5,-1,1403
12123,4591,A05,0,A00,A0,A0,E0,0,0,2018,4,10,13,4,,3,1485
12125,4591,A05,0,A00,A0,A0,E0,0,0,2018,4,0,0,,,0,
12127,4591,A05,0,A00,A0,A0,E0,0,0,2018,4,715,771,213,157,56,1894
12129,4591,A05,0,A00,A0,A0,E0,0,0,2018,4,5,,,3,-2,1454
12131,4591,A05,0,A00,A0,A0,E0,0,0,2018,4,171,166,36,41,-6,1880
12133,4591,A05,0,A00,A0,A0,E0,0,0,2018,4,,,,0,,317
12,4591,A05,0,A00,A0,A0,E0,0,0,2018,4,31852,35072,13293,10072,3221,2153
12001,4591,A05,0,A00,A0,A0,E0,0,0,2019,1,455,410,62,108,-45,1417
12003,4591,A05,0,A00,A0,A0,E0,0,0,2019,1,,,,,,694
12005,4591,A05,0,A00,A0,A0,E0,0,0,2019,1,324,325,56,54,2,1712
12007,4591,A05,0,A00,A0,A0,E0,0,0,2019,1,12,9,4,6,-2,1149
12009,4591,A05,0,A00,A0,A0,E0,0,0,2019,1,828,762,88,155,-66,1568
12011,4591,A05,0,A00,A0,A0,E0,0,0,2019,1,3561,3153,361,770,-408,1987
12015,4591,A05,0,A00,A0,A0,E0,0,0,2019,1,145,130,20,35,-16,1845
12017,4591,A05,0,A00,A0,A0,E0,0,0,2019,1,73,74,16,15,1,1426
12019,4591,A05,0,A00,A0,A0,E0,0,0,2019,1,255,231,33,57,-25,1509
12021,4591,A05,0,A00,A0,A0,E0,0,0,2019,1,640,662,124,102,22,1973
12023,4591,A05,0,A00,A0,A0,E0,0,0,2019,1,167,152,32,47,-15,1865
12027,4591,A05,0,A00,A0,A0,E0,0,0,2019,1,,,,,,972
12031,4591,A05,0,A00,A0,A0,E0,0,0,2019,1,4141,3416,359,1084,-725,3411
12033,4591,A05,0,A00,A0,A0,E0,0,0,2019,1,696,602,85,179,-94,1551
12035,4591,A05,0,A00,A0,A0,E0,0,0,2019,1,85,74,17,28,-11,1187
12037,4591,A05,0,A00,A0,A0,E0,0,0,2019,1,19,20,4,3,1,1752
12039,4591,A05,0,A00,A0,A0,E0,0,0,2019,1,,,0,0,,1870
12041,4591,A05,0,A00,A0,A0,E0,0,0,2019,1,,,,,,1108
12045,4591,A05,0,A00,A0,A0,E0,0,0,2019,1,,,,,,2038
12049,4591,A05,0,A00,A0,A0,E0,0,0,2019,1,,,,,,810
12051,4591,A05,0,A00,A0,A0,E0,0,0,2019,1,,,,,,1232
12053,4591,A05,0,A00,A0,A0,E0,0,0,2019,1,208,198,30,41,-10,1341
12055,4591,A05,0,A00,A0,A0,E0,0,0,2019,1,64,57,9,16,-7,1231
12057,4591,A05,0,A00,A0,A0,E0,0,0,2019,1,2138,1952,231,417,-186,1797
12061,4591,A05,0,A00,A0,A0,E0,0,0,2019,1,163,165,25,23,2,2058
12063,4591,A05,0,A00,A0,A0,E0,0,0,2019,1,,,,,,1166
12065,4591,A05,0,A00,A0,A0,E0,0,0,2019,1,,,,,,621
12067,4591,A05,0,A00,A0,A0,E0,0,0,2019,1,,,,0,,1486
12069,4591,A05,0,A00,A0,A0,E0,0,0,2019,1,475,427,52,100,-48,1397
12071,4591,A05,0,A00,A0,A0,E0,0,0,2019,1,1866,1270,280,876,-596,1295
12073,4591,A05,0,A00,A0,A0,E0,0,0,2019,1,631,572,67,125,-58,1544
12075,4591,A05,0,A00,A0,A0,E0,0,0,2019,1,16,18,6,4,2,1278
12081,4591,A05,0,A00,A0,A0,E0,0,0,2019,1,445,417,54,82,-28,1833
12083,4591,A05,0,A00,A0,A0,E0,0,0,2019,1,517,464,76,129,-53,1712
12085,4591,A05,0,A00,A0,A0,E0,0,0,2019,1,358,341,43,60,-17,2006
12086,4591,A05,0,A00,A0,A0,E0,0,0,2019,1,3126,2865,440,701,-261,1956
12087,4591,A05,0,A00,A0,A0,E0,0,0,2019,1,220,225,39,34,5,2407
12089,4591,A05,0,A00,A0,A0,E0,0,0,2019,1,68,64,12,16,-4,1763
12091,4591,A05,0,A00,A0,A0,E0,0,0,2019,1,648,616,107,138,-31,2011
12093,4591,A05,0,A00,A0,A0,E0,0,0,2019,1,50,47,6,10,-3,1637
12095,4591,A05,0,A00,A0,A0,E0,0,0,2019,1,3521,3081,393,832,-440,1593
12097,4591,A05,0,A00,A0,A0,E0,0,0,2019,1,457,398,48,107,-59,1445
12099,4591,A05,0,A00,A0,A0,E0,0,0,2019,1,1921,1807,248,361,-113,1956
12101,4591,A05,0,A00,A0,A0,E0,0,0,2019,1,475,445,75,105,-31,1364
12103,4591,A05,0,A00,A0,A0,E0,0,0,2019,1,1527,1469,212,270,-58,1818
12105,4591,A05,0,A00,A0,A0,E0,0,0,2019,1,773,725,133,181,-47,1405
12107,4591,A05,0,A00,A0,A0,E0,0,0,2019,1,25,23,5,7,-3,1316
12109,4591,A05,0,A00,A0,A0,E0,0,0,2019,1,337,327,45,56,-10,1676
12111,4591,A05,0,A00,A0,A0,E0,0,0,2019,1,343,297,68,114,-46,1553
12113,4591,A05,0,A00,A0,A0,E0,0,0,2019,1,194,174,29,49,-20,1510
12115,4591,A05,0,A00,A0,A0,E0,0,0,2019,1,747,724,110,134,-23,1944
12117,4591,A05,0,A00,A0,A0,E0,0,0,2019,1,1124,1045,130,209,-79,2032
12119,4591,A05,0,A00,A0,A0,E0,0,0,2019,1,44,47,7,4,3,2407
12121,4591,A05,0,A00,A0,A0,E0,0,0,2019,1,18,17,4,5,-1,1404
12123,4591,A05,0,A00,A0,A0,E0,0,0,2019,1,13,15,6,4,2,1455
12127,4591,A05,0,A00,A0,A0,E0,0,0,2019,1,777,704,81,155,-73,1679
12129,4591,A05,0,A00,A0,A0,E0,0,0,2019,1,,0,0,,,2758
12131,4591,A05,0,A00,A0,A0,E0,0,0,2019,1,166,182,50,33,16,1751
12133,4591,A05,0,A00,A0,A0,E0,0,0,2019,1,,,,0,,711
12,4591,A05,0,A00,A0,A0,E0,0,0,2019,1,34972,31297,4403,8078,-3675,1935
12001,4591,A05,0,A00,A0,A0,E0,0,0,2019,2,410,402,75,82,-7,1551
12003,4591,A05,0,A00,A0,A0,E0,0,0,2019,2,,,,,,848
12005,4591,A05,0,A00,A0,A0,E0,0,0,2019,2,325,350,94,68,26,1903
12007,4591,A05,0,A00,A0,A0,E0,0,0,2019,2,9,9,,,-1,1246
12009,4591,A05,0,A00,A0,A0,E0,0,0,2019,2,761,768,133,126,7,1795
12011,4591,A05,0,A00,A0,A0,E0,0,0,2019,2,3172,3143,553,582,-29,2166
12015,4591,A05,0,A00,A0,A0,E0,0,0,2019,2,130,124,22,28,-6,2036
12017,4591,A05,0,A00,A0,A0,E0,0,0,2019,2,74,69,10,16,-5,1432
12019,4591,A05,0,A00,A0,A0,E0,0,0,2019,2,230,221,36,46,-10,1906
12021,4591,A05,0,A00,A0,A0,E0,0,0,2019,2,644,633,143,154,-11,2063
12023,4591,A05,0,A00,A0,A0,E0,0,0,2019,2,151,152,25,25,0,2150
12027,4591,A05,0,A00,A0,A0,E0,0,0,2019,2,,,,,,1037
12031,4591,A05,0,A00,A0,A0,E0,0,0,2019,2,3113,3037,424,500,-76,3928
12033,4591,A05,0,A00,A0,A0,E0,0,0,2019,2,602,613,145,134,11,1851
12035,4591,A05,0,A00,A0,A0,E0,0,0,2019,2,74,74,13,12,1,1531
12037,4591,A05,0,A00,A0,A0,E0,0,0,2019,2,20,20,,,0,1902
12039,4591,A05,0,A00,A0,A0,E0,0,0,2019,2,,,0,0,,1905
12041,4591,A05,0,A00,A0,A0,E0,0,0,2019,2,,,0,0,,1590
12045,4591,A05,0,A00,A0,A0,E0,0,0,2019,2,,,,,,2320
12049,4591,A05,0,A00,A0,A0,E0,0,0,2019,2,,,,,,1120
12051,4591,A05,0,A00,A0,A0,E0,0,0,2019,2,,,,,,1382
12053,4591,A05,0,A00,A0,A0,E0,0,0,2019,2,198,198,33,33,0,1471
12055,4591,A05,0,A00,A0,A0,E0,0,0,2019,2,57,58,11,9,2,1523
12057,4591,A05,0,A00,A0,A0,E0,0,0,2019,2,2253,2231,350,372,-22,2358
12061,4591,A05,0,A00,A0,A0,E0,0,0,2019,2,185,179,33,39,-6,2259
12063,4591,A05,0,A00,A0,A0,E0,0,0,2019,2,,,,,,1278
12065,4591,A05,0,A00,A0,A0,E0,0,0,2019,2,,,,,,928
12067,4591,A05,0,A00,A0,A0,E0,0,0,2019,2,,,0,0,,1622
12069,4591,A05,0,A00,A0,A0,E0,0,0,2019,2,427,415,63,75,-12,1602
12071,4591,A05,0,A00,A0,A0,E0,0,0,2019,2,1271,1012,345,603,-259,1718
12073,4591,A05,0,A00,A0,A0,E0,0,0,2019,2,572,550,94,116,-23,1693
12075,4591,A05,0,A00,A0,A0,E0,0,0,2019,2,18,19,4,3,1,1351
12081,4591,A05,0,A00,A0,A0,E0,0,0,2019,2,432,432,81,82,-1,1953
12083,4591,A05,0,A00,A0,A0,E0,0,0,2019,2,461,451,79,89,-11,1802
12085,4591,A05,0,A00,A0,A0,E0,0,0,2019,2,328,349,81,60,21,2166
12086,4591,A05,0,A00,A0,A0,E0,0,0,2019,2,2838,2756,499,581,-82,2236
12087,4591,A05,0,A00,A0,A0,E0,0,0,2019,2,225,216,43,52,-9,2276
12089,4591,A05,0,A00,A0,A0,E0,0,0,2019,2,64,68,19,14,4,1909
12091,4591,A05,0,A00,A0,A0,E0,0,0,2019,2,616,622,147,140,6,2165
12093,4591,A05,0,A00,A0,A0,E0,0,0,2019,2,47,46,12,12,0,1755
12095,4591,A05,0,A00,A0,A0,E0,0,0,2019,2,3080,3151,664,594,70,1861
12097,4591,A05,0,A00,A0,A0,E0,0,0,2019,2,398,423,103,77,26,1781
12099,4591,A05,0,A00,A0,A0,E0,0,0,2019,2,1803,1807,350,347,4,2131
12101,4591,A05,0,A00,A0,A0,E0,0,0,2019,2,445,486,119,78,42,1570
12103,4591,A05,0,A00,A0,A0,E0,0,0,2019,2,1470,1512,269,227,42,1975
12105,4591,A05,0,A00,A0,A0,E0,0,0,2019,2,718,719,150,149,1,1531
12107,4591,A05,0,A00,A0,A0,E0,0,0,2019,2,23,23,4,4,0,1595
12109,4591,A05,0,A00,A0,A0,E0,0,0,2019,2,326,335,70,61,8,1833
12111,4591,A05,0,A00,A0,A0,E0,0,0,2019,2,297,294,35,39,-3,1750
12113,4591,A05,0,A00,A0,A0,E0,0,0,2019,2,174,181,51,44,7,1830
12115,4591,A05,0,A00,A0,A0,E0,0,0,2019,2,709,687,113,134,-21,2111
12117,4591,A05,0,A00,A0,A0,E0,0,0,2019,2,1049,1063,186,171,14,2080
12119,4591,A05,0,A00,A0,A0,E0,0,0,2019,2,47,42,2,8,-5,2382
12121,4591,A05,0,A00,A0,A0,E0,0,0,2019,2,17,17,4,4,0,1446
12123,4591,A05,0,A00,A0,A0,E0,0,0,2019,2,15,14,,,-1,1268
12127,4591,A05,0,A00,A0,A0,E0,0,0,2019,2,704,709,128,122,5,1901
12129,4591,A05,0,A00,A0,A0,E0,0,0,2019,2,0,,,0,,
12131,4591,A05,0,A00,A0,A0,E0,0,0,2019,2,182,199,62,45,17,2003
12133,4591,A05,0,A00,A0,A0,E0,0,0,2019,2,,,0,0,,1019
12,4591,A05,0,A00,A0,A0,E0,0,0,2019,2,31265,30983,5906,6187,-282,2176
12001,4591,A05,0,A00,A0,A0,E0,0,0,2019,3,402,404,110,108,2,1563
12003,4591,A05,0,A00,A0,A0,E0,0,0,2019,3,,,,,,707
12005,4591,A05,0,A00,A0,A0,E0,0,0,2019,3,350,335,64,80,-16,1830
12007,4591,A05,0,A00,A0,A0,E0,0,0,2019,3,9,8,4,5,0,1238
12009,4591,A05,0,A00,A0,A0,E0,0,0,2019,3,768,760,123,131,-8,1710
12011,4591,A05,0,A00,A0,A0,E0,0,0,2019,3,3111,3130,611,591,20,2119
12015,4591,A05,0,A00,A0,A0,E0,0,0,2019,3,135,137,26,24,2,2051
12017,4591,A05,0,A00,A0,A0,E0,0,0,2019,3,69,76,16,9,7,1467
12019,4591,A05,0,A00,A0,A0,E0,0,0,2019,3,221,222,44,44,1,1716
12021,4591,A05,0,A00,A0,A0,E0,0,0,2019,3,634,666,142,109,33,1908
12023,4591,A05,0,A00,A0,A0,E0,0,0,2019,3,152,148,33,38,-4,1945
12027,4591,A05,0,A00,A0,A0,E0,0,0,2019,3,,,,,,929
12031,4591,A05,0,A00,A0,A0,E0,0,0,2019,3,3036,3541,1186,681,505,4195
12033,4591,A05,0,A00,A0,A0,E0,0,0,2019,3,613,631,175,157,18,1665
12035,4591,A05,0,A00,A0,A0,E0,0,0,2019,3,74,77,15,13,3,1415
12037,4591,A05,0,A00,A0,A0,E0,0,0,2019,3,20,20,3,3,0,1936
12039,4591,A05,0,A00,A0,A0,E0,0,0,2019,3,,,0,,,1563
12041,4591,A05,0,A00,A0,A0,E0,0,0,2019,3,,,0,0,,2288
12045,4591,A05,0,A00,A0,A0,E0,0,0,2019,3,,,,,,2224
12049,4591,A05,0,A00,A0,A0,E0,0,0,2019,3,,,,,,1193
12051,4591,A05,0,A00,A0,A0,E0,0,0,2019,3,,,,,,1169
12053,4591,A05,0,A00,A0,A0,E0,0,0,2019,3,198,202,44,40,4,1443
12055,4591,A05,0,A00,A0,A0,E0,0,0,2019,3,58,52,8,15,-6,1378
12057,4591,A05,0,A00,A0,A0,E0,0,0,2019,3,2231,2281,469,419,50,2327
12061,4591,A05,0,A00,A0,A0,E0,0,0,2019,3,179,180,26,24,2,2346
12063,4591,A05,0,A00,A0,A0,E0,0,0,2019,3,,,,,,1327
12065,4591,A05,0,A00,A0,A0,E0,0,0,2019,3,,,,0,,1189
12067,4591,A05,0,A00,A0,A0,E0,0,0,2019,3,,,,,,1511
12069,4591,A05,0,A00,A0,A0,E0,0,0,2019,3,414,439,96,71,24,1576
12071,4591,A05,0,A00,A0,A0,E0,0,0,2019,3,1012,1027,196,180,15,1866
12073,4591,A05,0,A00,A0,A0,E0,0,0,2019,3,550,545,115,120,-5,1692
12075,4591,A05,0,A00,A0,A0,E0,0,0,2019,3,19,16,,6,-3,1106
12081,4591,A05,0,A00,A0,A0,E0,0,0,2019,3,431,447,102,86,16,1826
12083,4591,A05,0,A00,A0,A0,E0,0,0,2019,3,398,405,84,77,7,1745
12085,4591,A05,0,A00,A0,A0,E0,0,0,2019,3,349,355,62,57,6,1987
12086,4591,A05,0,A00,A0,A0,E0,0,0,2019,3,2795,2706,498,586,-88,2192
12087,4591,A05,0,A00,A0,A0,E0,0,0,2019,3,216,219,49,46,3,2268
12089,4591,A05,0,A00,A0,A0,E0,0,0,2019,3,62,63,16,15,1,1816
12091,4591,A05,0,A00,A0,A0,E0,0,0,2019,3,625,607,148,166,-18,2168
12093,4591,A05,0,A00,A0,A0,E0,0,0,2019,3,46,42,6,11,-4,1558
12095,4591,A05,0,A00,A0,A0,E0,0,0,2019,3,3175,3172,716,720,-3,1741
12097,4591,A05,0,A00,A0,A0,E0,0,0,2019,3,423,421,108,111,-3,1556
12099,4591,A05,0,A00,A0,A0,E0,0,0,2019,3,1806,1776,325,356,-31,2026
12101,4591,A05,0,A00,A0,A0,E0,0,0,2019,3,486,479,95,102,-7,1470
12103,4591,A05,0,A00,A0,A0,E0,0,0,2019,3,1512,1531,296,277,19,1992
12105,4591,A05,0,A00,A0,A0,E0,0,0,2019,3,719,705,154,169,-14,1488
12107,4591,A05,0,A00,A0,A0,E0,0,0,2019,3,23,23,4,4,0,1481
12109,4591,A05,0,A00,A0,A0,E0,0,0,2019,3,335,322,62,75,-13,1727
12111,4591,A05,0,A00,A0,A0,E0,0,0,2019,3,294,322,64,35,28,1749
12113,4591,A05,0,A00,A0,A0,E0,0,0,2019,3,181,171,42,52,-10,1795
12115,4591,A05,0,A00,A0,A0,E0,0,0,2019,3,687,712,145,120,26,2094
12117,4591,A05,0,A00,A0,A0,E0,0,0,2019,3,1063,1063,213,213,0,2156
12119,4591,A05,0,A00,A0,A0,E0,0,0,2019,3,42,41,6,7,-1,2276
12121,4591,A05,0,A00,A0,A0,E0,0,0,2019,3,17,18,4,3,0,1422
12123,4591,A05,0,A00,A0,A0,E0,0,0,2019,3,14,13,,3,-1,1239
12127,4591,A05,0,A00,A0,A0,E0,0,0,2019,3,710,712,144,141,3,1888
12129,4591,A05,0,A00,A0,A0,E0,0,0,2019,3,,,,,,1246
12131,4591,A05,0,A00,A0,A0,E0,0,0,2019,3,199,162,32,69,-37,1840
12133,4591,A05,0,A00,A0,A0,E0,0,0,2019,3,,,,,,666
12,4591,A05,0,A00,A0,A0,E0,0,0,2019,3,30966,31482,6907,6391,516,2152
12001,4591,A05,0,A00,A0,A0,E0,0,0,2019,4,404,430,144,117,27,1654
12003,4591,A05,0,A00,A0,A0,E0,0,0,2019,4,,,,,,868
12005,4591,A05,0,A00,A0,A0,E0,0,0,2019,4,336,379,106,63,42,1973
12007,4591,A05,0,A00,A0,A0,E0,0,0,2019,4,8,7,,,-2,1355
12009,4591,A05,0,A00,A0,A0,E0,0,0,2019,4,760,826,245,179,66,1912
12011,4591,A05,0,A00,A0,A0,E0,0,0,2019,4,3131,3559,1300,873,428,2233
12015,4591,A05,0,A00,A0,A0,E0,0,0,2019,4,137,142,38,33,4,2158
12017,4591,A05,0,A00,A0,A0,E0,0,0,2019,4,76,72,13,17,-4,1543
12019,4591,A05,0,A00,A0,A0,E0,0,0,2019,4,221,242,81,60,21,1886
12021,4591,A05,0,A00,A0,A0,E0,0,0,2019,4,667,743,205,128,77,2141
12023,4591,A05,0,A00,A0,A0,E0,0,0,2019,4,148,171,67,44,23,2140
12027,4591,A05,0,A00,A0,A0,E0,0,0,2019,4,,,,,,1149
12031,4591,A05,0,A00,A0,A0,E0,0,0,2019,4,3894,4569,2495,1821,675,3863
12033,4591,A05,0,A00,A0,A0,E0,0,0,2019,4,691,804,335,222,113,1893
12035,4591,A05,0,A00,A0,A0,E0,0,0,2019,4,77,85,24,16,8,1497
12037,4591,A05,0,A00,A0,A0,E0,0,0,2019,4,20,19,3,4,-1,1890
12039,4591,A05,0,A00,A0,A0,E0,0,0,2019,4,,,0,0,,2058
12041,4591,A05,0,A00,A0,A0,E0,0,0,2019,4,,,0,0,,3394
12045,4591,A05,0,A00,A0,A0,E0,0,0,2019,4,,,,,,2230
12049,4591,A05,0,A00,A0,A0,E0,0,0,2019,4,,,,,,1402
12051,4591,A05,0,A00,A0,A0,E0,0,0,2019,4,,,,,,1485
12053,4591,A05,0,A00,A0,A0,E0,0,0,2019,4,202,218,75,59,16,1617
12055,4591,A05,0,A00,A0,A0,E0,0,0,2019,4,52,57,17,12,5,1539
12057,4591,A05,0,A00,A0,A0,E0,0,0,2019,4,1913,2049,585,449,137,2166
12061,4591,A05,0,A00,A0,A0,E0,0,0,2019,4,180,184,32,28,4,2397
12063,4591,A05,0,A00,A0,A0,E0,0,0,2019,4,,,,,,1812
12065,4591,A05,0,A00,A0,A0,E0,0,0,2019,4,,,0,0,,1336
12067,4591,A05,0,A00,A0,A0,E0,0,0,2019,4,,,0,0,,1507
12069,4591,A05,0,A00,A0,A0,E0,0,0,2019,4,438,474,148,112,36,1712
12071,4591,A05,0,A00,A0,A0,E0,0,0,2019,4,1032,1173,388,246,141,2107
12073,4591,A05,0,A00,A0,A0,E0,0,0,2019,4,544,606,188,126,62,1915
12075,4591,A05,0,A00,A0,A0,E0,0,0,2019,4,16,17,6,5,1,1311
12081,4591,A05,0,A00,A0,A0,E0,0,0,2019,4,452,482,139,109,30,2228
12083,4591,A05,0,A00,A0,A0,E0,0,0,2019,4,404,435,122,92,30,1952
12085,4591,A05,0,A00,A0,A0,E0,0,0,2019,4,355,357,87,85,2,2140
12086,4591,A05,0,A00,A0,A0,E0,0,0,2019,4,2689,3004,995,680,315,2421
12087,4591,A05,0,A00,A0,A0,E0,0,0,2019,4,219,251,79,48,32,2167
12089,4591,A05,0,A00,A0,A0,E0,0,0,2019,4,63,73,38,28,10,1990
12091,4591,A05,0,A00,A0,A0,E0,0,0,2019,4,609,654,201,156,44,2344
12093,4591,A05,0,A00,A0,A0,E0,0,0,2019,4,42,47,17,11,5,1891
12095,4591,A05,0,A00,A0,A0,E0,0,0,2019,4,3084,3474,1220,830,390,1914
12097,4591,A05,0,A00,A0,A0,E0,0,0,2019,4,421,481,209,148,60,1769
12099,4591,A05,0,A00,A0,A0,E0,0,0,2019,4,1758,1909,585,434,152,2180
12101,4591,A05,0,A00,A0,A0,E0,0,0,2019,4,477,538,194,134,61,1602
12103,4591,A05,0,A00,A0,A0,E0,0,0,2019,4,1526,1628,443,342,101,2118
12105,4591,A05,0,A00,A0,A0,E0,0,0,2019,4,704,791,260,173,87,1606
12107,4591,A05,0,A00,A0,A0,E0,0,0,2019,4,23,27,11,8,4,1604
12109,4591,A05,0,A00,A0,A0,E0,0,0,2019,4,322,370,120,72,48,2055
12111,4591,A05,0,A00,A0,A0,E0,0,0,2019,4,322,367,103,57,45,1929
12113,4591,A05,0,A00,A0,A0,E0,0,0,2019,4,171,201,89,59,30,1961
12115,4591,A05,0,A00,A0,A0,E0,0,0,2019,4,704,749,176,130,45,2310
12117,4591,A05,0,A00,A0,A0,E0,0,0,2019,4,1063,1157,327,233,94,2916
12119,4591,A05,0,A00,A0,A0,E0,0,0,2019,4,41,43,8,6,2,2553
12121,4591,A05,0,A00,A0,A0,E0,0,0,2019,4,18,19,7,6,1,1491
12123,4591,A05,0,A00,A0,A0,E0,0,0,2019,4,13,10,,5,-3,1220
12125,4591,A05,0,A00,A0,A0,E0,0,0,2019,4,0,0,,,0,
12127,4591,A05,0,A00,A0,A0,E0,0,0,2019,4,714,790,248,172,76,2038
12129,4591,A05,0,A00,A0,A0,E0,0,0,2019,4,,,0,,,1510
12131,4591,A05,0,A00,A0,A0,E0,0,0,2019,4,162,172,59,50,9,2192
12133,4591,A05,0,A00,A0,A0,E0,0,0,2019,4,,,,,,1162
12,4591,A05,0,A00,A0,A0,E0,0,0,2019,4,31403,34956,12259,8706,3554,2316
12001,4591,A05,0,A00,A0,A0,E0,0,0,2020,1,431,367,53,117,-64,1471
12003,4591,A05,0,A00,A0,A0,E0,0,0,2020,1,,,,,,721
12005,4591,A05,0,A00,A0,A0,E0,0,0,2020,1,387,336,53,104,-51,1652
12007,4591,A05,0,A00,A0,A0,E0,0,0,2020,1,7,6,0,,-1,1340
12009,4591,A05,0,A00,A0,A0,E0,0,0,2020,1,831,727,85,189,-104,1619
12011,4591,A05,0,A00,A0,A0,E0,0,0,2020,1,3519,2895,370,994,-624,2014
12015,4591,A05,0,A00,A0,A0,E0,0,0,2020,1,124,106,16,35,-18,1874
12017,4591,A05,0,A00,A0,A0,E0,0,0,2020,1,49,48,5,7,-2,1431
12019,4591,A05,0,A00,A0,A0,E0,0,0,2020,1,242,224,30,49,-18,1608
12021,4591,A05,0,A00,A0,A0,E0,0,0,2020,1,744,687,95,151,-57,1945
12023,4591,A05,0,A00,A0,A0,E0,0,0,2020,1,172,158,28,42,-14,1909
12027,4591,A05,0,A00,A0,A0,E0,0,0,2020,1,,,,,,985
12031,4591,A05,0,A00,A0,A0,E0,0,0,2020,1,3356,2823,327,861,-534,4324
12033,4591,A05,0,A00,A0,A0,E0,0,0,2020,1,804,719,105,190,-85,1651
12035,4591,A05,0,A00,A0,A0,E0,0,0,2020,1,86,77,10,19,-9,1350
12037,4591,A05,0,A00,A0,A0,E0,0,0,2020,1,19,22,4,,3,1653
12039,4591,A05,0,A00,A0,A0,E0,0,0,2020,1,,,0,0,,1843
12041,4591,A05,0,A00,A0,A0,E0,0,0,2020,1,,,,0,,2009
12045,4591,A05,0,A00,A0,A0,E0,0,0,2020,1,,,,,,2292
12049,4591,A05,0,A00,A0,A0,E0,0,0,2020,1,,,,,,1193
12051,4591,A05,0,A00,A0,A0,E0,0,0,2020,1,,,,,,1299
12053,4591,A05,0,A00,A0,A0,E0,0,0,2020,1,211,181,25,54,-29,1441
12055,4591,A05,0,A00,A0,A0,E0,0,0,2020,1,57,53,7,12,-4,1383
12057,4591,A05,0,A00,A0,A0,E0,0,0,2020,1,2001,1733,234,502,-268,1593
12061,4591,A05,0,A00,A0,A0,E0,0,0,2020,1,179,163,14,29,-16,2330
12063,4591,A05,0,A00,A0,A0,E0,0,0,2020,1,7,8,3,,1,1185
12065,4591,A05,0,A00,A0,A0,E0,0,0,2020,1,,,0,,,1329
12067,4591,A05,0,A00,A0,A0,E0,0,0,2020,1,,,0,0,,1282
12069,4591,A05,0,A00,A0,A0,E0,0,0,2020,1,474,414,52,112,-60,1495
12071,4591,A05,0,A00,A0,A0,E0,0,0,2020,1,1175,1033,157,300,-142,1866
12073,4591,A05,0,A00,A0,A0,E0,0,0,2020,1,606,528,75,153,-78,1600
12075,4591,A05,0,A00,A0,A0,E0,0,0,2020,1,17,17,4,4,0,1222
12081,4591,A05,0,A00,A0,A0,E0,0,0,2020,1,479,430,74,123,-49,1803
12083,4591,A05,0,A00,A0,A0,E0,0,0,2020,1,435,383,52,103,-52,1732
12085,4591,A05,0,A00,A0,A0,E0,0,0,2020,1,346,310,42,78,-36,1986
12086,4591,A05,0,A00,A0,A0,E0,0,0,2020,1,3008,2543,404,869,-465,2040
12087,4591,A05,0,A00,A0,A0,E0,0,0,2020,1,251,252,62,61,1,2066
12089,4591,A05,0,A00,A0,A0,E0,0,0,2020,1,73,63,14,24,-11,1686
12091,4591,A05,0,A00,A0,A0,E0,0,0,2020,1,649,574,88,164,-76,2145
12093,4591,A05,0,A00,A0,A0,E0,0,0,2020,1,52,58,20,13,6,1521
12095,4591,A05,0,A00,A0,A0,E0,0,0,2020,1,3473,2879,428,1023,-595,1627
12097,4591,A05,0,A00,A0,A0,E0,0,0,2020,1,481,396,65,150,-85,1417
12099,4591,A05,0,A00,A0,A0,E0,0,0,2020,1,1955,1725,248,478,-230,2006
12101,4591,A05,0,A00,A0,A0,E0,0,0,2020,1,517,418,57,156,-99,1386
12103,4591,A05,0,A00,A0,A0,E0,0,0,2020,1,1584,1395,225,414,-189,1810
12105,4591,A05,0,A00,A0,A0,E0,0,0,2020,1,792,691,157,259,-102,1422
12107,4591,A05,0,A00,A0,A0,E0,0,0,2020,1,27,26,3,5,-1,1349
12109,4591,A05,0,A00,A0,A0,E0,0,0,2020,1,335,305,48,78,-30,1567
12111,4591,A05,0,A00,A0,A0,E0,0,0,2020,1,360,304,71,127,-56,1678
12113,4591,A05,0,A00,A0,A0,E0,0,0,2020,1,201,173,29,57,-28,1612
12115,4591,A05,0,A00,A0,A0,E0,0,0,2020,1,767,704,111,174,-63,1988
12117,4591,A05,0,A00,A0,A0,E0,0,0,2020,1,1116,1038,174,253,-78,1926
12119,4591,A05,0,A00,A0,A0,E0,0,0,2020,1,42,36,,9,-7,2147
12121,4591,A05,0,A00,A0,A0,E0,0,0,2020,1,19,20,3,3,0,1341
12123,4591,A05,0,A00,A0,A0,E0,0,0,2020,1,10,10,5,5,0,1377
12127,4591,A05,0,A00,A0,A0,E0,0,0,2020,1,791,696,88,183,-95,1797
12129,4591,A05,0,A00,A0,A0,E0,0,0,2020,1,,,0,0,,2711
12131,4591,A05,0,A00,A0,A0,E0,0,0,2020,1,172,160,31,44,-12,1762
12133,4591,A05,0,A00,A0,A0,E0,0,0,2020,1,,,,,,1051
12,4591,A05,0,A00,A0,A0,E0,0,0,2020,1,33532,29014,4280,8798,-4518,2039
12001,4591,A05,0,A00,A0,A0,E0,0,0,2020,2,367,386,79,59,20,1582
12003,4591,A05,0,A00,A0,A0,E0,0,0,2020,2,,,,,,683
12005,4591,A05,0,A00,A0,A0,E0,0,0,2020,2,336,373,103,66,37,1837
12007,4591,A05,0,A00,A0,A0,E0,0,0,2020,2,6,6,0,0,0,1455
12009,4591,A05,0,A00,A0,A0,E0,0,0,2020,2,727,709,86,103,-18,1743
12011,4591,A05,0,A00,A0,A0,E0,0,0,2020,2,2898,2756,358,500,-142,1973
12015,4591,A05,0,A00,A0,A0,E0,0,0,2020,2,106,106,16,16,0,2058
12017,4591,A05,0,A00,A0,A0,E0,0,0,2020,2,48,58,21,11,10,1696
12019,4591,A05,0,A00,A0,A0,E0,0,0,2020,2,224,217,31,38,-7,1944
12021,4591,A05,0,A00,A0,A0,E0,0,0,2020,2,686,655,97,128,-31,1902
12023,4591,A05,0,A00,A0,A0,E0,0,0,2020,2,158,152,32,38,-6,2000
12027,4591,A05,0,A00,A0,A0,E0,0,0,2020,2,,,,,,1090
12031,4591,A05,0,A00,A0,A0,E0,0,0,2020,2,2831,2934,495,392,103,4727
12033,4591,A05,0,A00,A0,A0,E0,0,0,2020,2,711,692,115,134,-19,1794
12035,4591,A05,0,A00,A0,A0,E0,0,0,2020,2,77,67,8,18,-9,1305
12037,4591,A05,0,A00,A0,A0,E0,0,0,2020,2,22,25,6,4,3,1867
12039,4591,A05,0,A00,A0,A0,E0,0,0,2020,2,,0,0,,,154
12041,4591,A05,0,A00,A0,A0,E0,0,0,2020,2,,,0,0,,2400
12045,4591,A05,0,A00,A0,A0,E0,0,0,2020,2,,,,,,2266
12049,4591,A05,0,A00,A0,A0,E0,0,0,2020,2,,,,,,2120
12051,4591,A05,0,A00,A0,A0,E0,0,0,2020,2,,,,,,1305
12053,4591,A05,0,A00,A0,A0,E0,0,0,2020,2,182,179,29,32,-3,1337
12055,4591,A05,0,A00,A0,A0,E0,0,0,2020,2,53,49,5,8,-3,1360
12057,4591,A05,0,A00,A0,A0,E0,0,0,2020,2,1743,1657,234,320,-87,1655
12061,4591,A05,0,A00,A0,A0,E0,0,0,2020,2,164,163,23,24,-1,2244
12063,4591,A05,0,A00,A0,A0,E0,0,0,2020,2,8,5,0,3,-3,1145
12065,4591,A05,0,A00,A0,A0,E0,0,0,2020,2,,,,0,,1874
12067,4591,A05,0,A00,A0,A0,E0,0,0,2020,2,,,0,,,1611
12069,4591,A05,0,A00,A0,A0,E0,0,0,2020,2,414,408,82,88,-6,1589
12071,4591,A05,0,A00,A0,A0,E0,0,0,2020,2,1032,1012,155,175,-20,1871
12073,4591,A05,0,A00,A0,A0,E0,0,0,2020,2,528,500,62,89,-27,1607
12075,4591,A05,0,A00,A0,A0,E0,0,0,2020,2,17,19,7,5,2,1560
12081,4591,A05,0,A00,A0,A0,E0,0,0,2020,2,413,379,51,85,-34,1721
12083,4591,A05,0,A00,A0,A0,E0,0,0,2020,2,383,368,48,64,-15,1730
12085,4591,A05,0,A00,A0,A0,E0,0,0,2020,2,310,317,50,43,7,1967
12086,4591,A05,0,A00,A0,A0,E0,0,0,2020,2,2517,2406,312,423,-111,2073
12087,4591,A05,0,A00,A0,A0,E0,0,0,2020,2,253,260,49,42,7,1875
12089,4591,A05,0,A00,A0,A0,E0,0,0,2020,2,51,58,26,19,7,1518
12091,4591,A05,0,A00,A0,A0,E0,0,0,2020,2,576,559,81,97,-17,2114
12093,4591,A05,0,A00,A0,A0,E0,0,0,2020,2,58,57,9,10,-1,1681
12095,4591,A05,0,A00,A0,A0,E0,0,0,2020,2,2869,2634,441,676,-235,1632
12097,4591,A05,0,A00,A0,A0,E0,0,0,2020,2,396,402,84,78,6,1731
12099,4591,A05,0,A00,A0,A0,E0,0,0,2020,2,1725,1613,188,300,-112,1955
12101,4591,A05,0,A00,A0,A0,E0,0,0,2020,2,425,393,62,94,-32,1500
12103,4591,A05,0,A00,A0,A0,E0,0,0,2020,2,1395,1373,229,250,-21,1803
12105,4591,A05,0,A00,A0,A0,E0,0,0,2020,2,690,647,111,155,-44,1418
12107,4591,A05,0,A00,A0,A0,E0,0,0,2020,2,26,25,3,4,0,1454
12109,4591,A05,0,A00,A0,A0,E0,0,0,2020,2,305,327,69,47,22,1698
12111,4591,A05,0,A00,A0,A0,E0,0,0,2020,2,304,273,32,63,-31,1758
12113,4591,A05,0,A00,A0,A0,E0,0,0,2020,2,181,179,31,33,-2,1802
12115,4591,A05,0,A00,A0,A0,E0,0,0,2020,2,720,716,109,113,-4,1999
12117,4591,A05,0,A00,A0,A0,E0,0,0,2020,2,1043,1055,195,182,13,1879
12119,4591,A05,0,A00,A0,A0,E0,0,0,2020,2,36,35,8,8,0,2181
12121,4591,A05,0,A00,A0,A0,E0,0,0,2020,2,20,19,3,4,-1,1402
12123,4591,A05,0,A00,A0,A0,E0,0,0,2020,2,,,,,,1730
12125,4591,A05,0,A00,A0,A0,E0,0,0,2020,2,0,0,,,0,
12127,4591,A05,0,A00,A0,A0,E0,0,0,2020,2,698,687,111,122,-11,1841
12129,4591,A05,0,A00,A0,A0,E0,0,0,2020,2,,,,0,,2711
12131,4591,A05,0,A00,A0,A0,E0,0,0,2020,2,160,173,29,15,13,1862
12133,4591,A05,0,A00,A0,A0,E0,0,0,2020,2,,,,0,,1117
12,4591,A05,0,A00,A0,A0,E0,0,0,2020,2,29005,28222,4443,5227,-784,2093
12001,4591,A05,0,A00,A0,A0,E0,0,0,2020,3,386,423,146,109,37,1739
12003,4591,A05,0,A00,A0,A0,E0,0,0,2020,3,,,,,,793
12005,4591,A05,0,A00,A0,A0,E0,0,0,2020,3,373,369,119,123,-4,1963
12007,4591,A05,0,A00,A0,A0,E0,0,0,2020,3,6,6,1,0,1,1718
12009,4591,A05,0,A00,A0,A0,E0,0,0,2020,3,707,764,186,129,57,3568
12011,4591,A05,0,A00,A0,A0,E0,0,0,2020,3,2785,2979,667,473,194,2373
12015,4591,A05,0,A00,A0,A0,E0,0,0,2020,3,105,112,22,14,8,2322
12017,4591,A05,0,A00,A0,A0,E0,0,0,2020,3,58,61,11,8,3,1984
12019,4591,A05,0,A00,A0,A0,E0,0,0,2020,3,217,237,70,50,21,1969
12021,4591,A05,0,A00,A0,A0,E0,0,0,2020,3,655,692,154,117,37,2310
12023,4591,A05,0,A00,A0,A0,E0,0,0,2020,3,151,159,55,47,8,2176
12027,4591,A05,0,A00,A0,A0,E0,0,0,2020,3,,,,,,1070
12031,4591,A05,0,A00,A0,A0,E0,0,0,2020,3,2903,3238,997,662,335,5428
12033,4591,A05,0,A00,A0,A0,E0,0,0,2020,3,692,726,169,135,34,1967
12035,4591,A05,0,A00,A0,A0,E0,0,0,2020,3,67,81,30,16,14,1733
12037,4591,A05,0,A00,A0,A0,E0,0,0,2020,3,25,24,,,-1,2158
12041,4591,A05,0,A00,A0,A0,E0,0,0,2020,3,,,,0,,2233
12045,4591,A05,0,A00,A0,A0,E0,0,0,2020,3,,,,,,2146
12049,4591,A05,0,A00,A0,A0,E0,0,0,2020,3,,,,,,1123
12051,4591,A05,0,A00,A0,A0,E0,0,0,2020,3,,,,,,1295
12053,4591,A05,0,A00,A0,A0,E0,0,0,2020,3,178,197,48,29,19,1747
12055,4591,A05,0,A00,A0,A0,E0,0,0,2020,3,49,55,12,7,5,1525
12057,4591,A05,0,A00,A0,A0,E0,0,0,2020,3,1643,1773,431,302,130,1899
12061,4591,A05,0,A00,A0,A0,E0,0,0,2020,3,162,169,33,25,7,2396
12063,4591,A05,0,A00,A0,A0,E0,0,0,2020,3,5,6,4,4,1,1044
12065,4591,A05,0,A00,A0,A0,E0,0,0,2020,3,,,,,,1575
12067,4591,A05,0,A00,A0,A0,E0,0,0,2020,3,,,,,,1971
12069,4591,A05,0,A00,A0,A0,E0,0,0,2020,3,407,455,129,81,48,2021
12071,4591,A05,0,A00,A0,A0,E0,0,0,2020,3,1011,1086,273,199,75,2065
12073,4591,A05,0,A00,A0,A0,E0,0,0,2020,3,500,531,135,104,31,1852
12075,4591,A05,0,A00,A0,A0,E0,0,0,2020,3,19,20,5,4,1,1395
12081,4591,A05,0,A00,A0,A0,E0,0,0,2020,3,379,416,118,80,38,2060
12083,4591,A05,0,A00,A0,A0,E0,0,0,2020,3,367,382,95,80,15,1930
12085,4591,A05,0,A00,A0,A0,E0,0,0,2020,3,317,337,71,51,20,2326
12086,4591,A05,0,A00,A0,A0,E0,0,0,2020,3,2419,2709,684,394,290,2588
12087,4591,A05,0,A00,A0,A0,E0,0,0,2020,3,260,281,83,62,21,2261
12089,4591,A05,0,A00,A0,A0,E0,0,0,2020,3,58,64,22,16,6,1525
12091,4591,A05,0,A00,A0,A0,E0,0,0,2020,3,562,575,151,138,13,2425
12093,4591,A05,0,A00,A0,A0,E0,0,0,2020,3,57,58,16,16,1,1771
12095,4591,A05,0,A00,A0,A0,E0,0,0,2020,3,2633,2889,778,522,256,2037
12097,4591,A05,0,A00,A0,A0,E0,0,0,2020,3,402,484,177,95,82,1851
12099,4591,A05,0,A00,A0,A0,E0,0,0,2020,3,1611,1753,415,273,142,2403
12101,4591,A05,0,A00,A0,A0,E0,0,0,2020,3,393,447,133,79,54,1951
12103,4591,A05,0,A00,A0,A0,E0,0,0,2020,3,1368,1461,331,238,93,2193
12105,4591,A05,0,A00,A0,A0,E0,0,0,2020,3,647,696,190,141,49,1733
12107,4591,A05,0,A00,A0,A0,E0,0,0,2020,3,25,24,4,6,-1,1376
12109,4591,A05,0,A00,A0,A0,E0,0,0,2020,3,327,345,89,72,17,1852
12111,4591,A05,0,A00,A0,A0,E0,0,0,2020,3,273,292,69,50,18,2060
12113,4591,A05,0,A00,A0,A0,E0,0,0,2020,3,179,191,52,39,12,1987
12115,4591,A05,0,A00,A0,A0,E0,0,0,2020,3,716,793,172,95,77,2405
12117,4591,A05,0,A00,A0,A0,E0,0,0,2020,3,1055,1122,279,211,68,1961
12119,4591,A05,0,A00,A0,A0,E0,0,0,2020,3,35,42,7,0,7,2642
12121,4591,A05,0,A00,A0,A0,E0,0,0,2020,3,19,18,5,6,0,1562
12123,4591,A05,0,A00,A0,A0,E0,0,0,2020,3,,,0,,,2320
12127,4591,A05,0,A00,A0,A0,E0,0,0,2020,3,686,752,226,160,66,2193
12129,4591,A05,0,A00,A0,A0,E0,0,0,2020,3,,,0,,,1160
12131,4591,A05,0,A00,A0,A0,E0,0,0,2020,3,173,176,40,37,3,1971
12133,4591,A05,0,A00,A0,A0,E0,0,0,2020,3,,,,,,994
12,4591,A05,0,A00,A0,A0,E0,0,0,2020,3,28206,30611,7943,5538,2405,2514
12001,4591,A05,0,A00,A0,A0,E0,0,0,2020,4,423,514,197,106,91,1910
12003,4591,A05,0,A00,A0,A0,E0,0,0,2020,4,,,,,,938
12005,4591,A05,0,A00,A0,A0,E0,0,0,2020,4,369,399,125,95,30,2264
12007,4591,A05,0,A00,A0,A0,E0,0,0,2020,4,6,6,,,0,1824
12009,4591,A05,0,A00,A0,A0,E0,0,0,2020,4,764,856,229,138,91,2214
12011,4591,A05,0,A00,A0,A0,E0,0,0,2020,4,2997,3487,1358,868,490,2808
12015,4591,A05,0,A00,A0,A0,E0,0,0,2020,4,121,134,45,32,13,2563
12017,4591,A05,0,A00,A0,A0,E0,0,0,2020,4,60,66,10,4,6,2290
12019,4591,A05,0,A00,A0,A0,E0,0,0,2020,4,238,244,93,86,7,2329
12021,4591,A05,0,A00,A0,A0,E0,0,0,2020,4,692,754,207,145,62,2459
12023,4591,A05,0,A00,A0,A0,E0,0,0,2020,4,158,171,57,44,13,2288
12027,4591,A05,0,A00,A0,A0,E0,0,0,2020,4,,,,,,1169
12031,4591,A05,0,A00,A0,A0,E0,0,0,2020,4,2897,3138,1602,1360,241,6677
12033,4591,A05,0,A00,A0,A0,E0,0,0,2020,4,725,761,245,209,36,2493
12035,4591,A05,0,A00,A0,A0,E0,0,0,2020,4,81,96,28,13,15,1933
12037,4591,A05,0,A00,A0,A0,E0,0,0,2020,4,24,21,,3,-2,2559
12041,4591,A05,0,A00,A0,A0,E0,0,0,2020,4,,,,,,2965
12045,4591,A05,0,A00,A0,A0,E0,0,0,2020,4,,,,,,2209
12049,4591,A05,0,A00,A0,A0,E0,0,0,2020,4,,,,,,2044
12051,4591,A05,0,A00,A0,A0,E0,0,0,2020,4,,,,,,1413
12053,4591,A05,0,A00,A0,A0,E0,0,0,2020,4,197,237,73,33,40,1971
12055,4591,A05,0,A00,A0,A0,E0,0,0,2020,4,55,62,21,14,7,1639
12057,4591,A05,0,A00,A0,A0,E0,0,0,2020,4,2284,2491,702,496,207,2898
12061,4591,A05,0,A00,A0,A0,E0,0,0,2020,4,168,170,39,38,1,2881
12063,4591,A05,0,A00,A0,A0,E0,0,0,2020,4,6,9,5,,3,1153
12065,4591,A05,0,A00,A0,A0,E0,0,0,2020,4,,,0,,,1787
12067,4591,A05,0,A00,A0,A0,E0,0,0,2020,4,,,,,,1816
12069,4591,A05,0,A00,A0,A0,E0,0,0,2020,4,457,526,146,76,69,2180
12071,4591,A05,0,A00,A0,A0,E0,0,0,2020,4,1082,1218,359,223,136,2266
12073,4591,A05,0,A00,A0,A0,E0,0,0,2020,4,531,579,183,135,48,2214
12075,4591,A05,0,A00,A0,A0,E0,0,0,2020,4,20,22,6,4,2,1635
12081,4591,A05,0,A00,A0,A0,E0,0,0,2020,4,416,460,156,112,44,2405
12083,4591,A05,0,A00,A0,A0,E0,0,0,2020,4,382,443,122,61,61,2213
12085,4591,A05,0,A00,A0,A0,E0,0,0,2020,4,337,326,80,91,-11,3678
12086,4591,A05,0,A00,A0,A0,E0,0,0,2020,4,2710,3055,1008,663,345,2882
12087,4591,A05,0,A00,A0,A0,E0,0,0,2020,4,282,275,46,52,-6,2100
12089,4591,A05,0,A00,A0,A0,E0,0,0,2020,4,64,76,42,30,12,1717
12091,4591,A05,0,A00,A0,A0,E0,0,0,2020,4,576,673,164,67,97,2697
12093,4591,A05,0,A00,A0,A0,E0,0,0,2020,4,58,60,21,20,2,1907
12095,4591,A05,0,A00,A0,A0,E0,0,0,2020,4,2876,3338,1251,789,461,2263
12097,4591,A05,0,A00,A0,A0,E0,0,0,2020,4,484,538,237,182,54,2179
12099,4591,A05,0,A00,A0,A0,E0,0,0,2020,4,1752,1994,623,381,242,2567
12101,4591,A05,0,A00,A0,A0,E0,0,0,2020,4,447,533,192,105,86,2055
12103,4591,A05,0,A00,A0,A0,E0,0,0,2020,4,1462,1589,479,352,127,2492
12105,4591,A05,0,A00,A0,A0,E0,0,0,2020,4,691,804,279,167,113,1942
12107,4591,A05,0,A00,A0,A0,E0,0,0,2020,4,24,25,8,6,1,1772
12109,4591,A05,0,A00,A0,A0,E0,0,0,2020,4,345,371,105,79,26,1960
12111,4591,A05,0,A00,A0,A0,E0,0,0,2020,4,292,371,116,37,79,2529
12113,4591,A05,0,A00,A0,A0,E0,0,0,2020,4,191,195,61,57,3,2097
12115,4591,A05,0,A00,A0,A0,E0,0,0,2020,4,792,892,240,140,100,2862
12117,4591,A05,0,A00,A0,A0,E0,0,0,2020,4,1108,1185,363,286,76,2408
12119,4591,A05,0,A00,A0,A0,E0,0,0,2020,4,42,45,8,5,3,3020
12121,4591,A05,0,A00,A0,A0,E0,0,0,2020,4,18,18,7,7,0,2812
12123,4591,A05,0,A00,A0,A0,E0,0,0,2020,4,8,9,3,,1,3210
12127,4591,A05,0,A00,A0,A0,E0,0,0,2020,4,752,856,274,171,103,2502
12129,4591,A05,0,A00,A0,A0,E0,0,0,2020,4,,,0,0,,80
12131,4591,A05,0,A00,A0,A0,E0,0,0,2020,4,176,191,53,38,15,2348
12133,4591,A05,0,A00,A0,A0,E0,0,0,2020,4,,,,,,1171
12,4591,A05,0,A00,A0,A0,E0,0,0,2020,4,30772,34413,11700,8059,3641,2883
12001,4591,A05,0,A00,A0,A0,E0,0,0,2021,1,512,483,77,106,-29,1612
12003,4591,A05,0,A00,A0,A0,E0,0,0,2021,1,,,,,,723
12005,4591,A05,0,A00,A0,A0,E0,0,0,2021,1,402,396,80,86,-6,1976
12007,4591,A05,0,A00,A0,A0,E0,0,0,2021,1,6,7,,0,1,1726
12009,4591,A05,0,A00,A0,A0,E0,0,0,2021,1,909,847,99,161,-62,1909
12011,4591,A05,0,A00,A0,A0,E0,0,0,2021,1,3405,3045,395,755,-360,2341
12015,4591,A05,0,A00,A0,A0,E0,0,0,2021,1,136,129,22,29,-7,2288
12017,4591,A05,0,A00,A0,A0,E0,0,0,2021,1,61,73,22,9,13,1982
12019,4591,A05,0,A00,A0,A0,E0,0,0,2021,1,244,221,29,52,-23,1826
12021,4591,A05,0,A00,A0,A0,E0,0,0,2021,1,745,751,144,139,6,2262
12023,4591,A05,0,A00,A0,A0,E0,0,0,2021,1,171,156,25,40,-15,3641
12027,4591,A05,0,A00,A0,A0,E0,0,0,2021,1,,,,,,1125
12031,4591,A05,0,A00,A0,A0,E0,0,0,2021,1,3132,3040,538,630,-92,7907
12033,4591,A05,0,A00,A0,A0,E0,0,0,2021,1,763,715,115,163,-48,1988
12035,4591,A05,0,A00,A0,A0,E0,0,0,2021,1,96,82,8,22,-15,1770
12037,4591,A05,0,A00,A0,A0,E0,0,0,2021,1,21,23,6,4,2,2586
12039,4591,A05,0,A00,A0,A0,E0,0,0,2021,1,0,,,0,,
12041,4591,A05,0,A00,A0,A0,E0,0,0,2021,1,,,0,0,,2909
12045,4591,A05,0,A00,A0,A0,E0,0,0,2021,1,,,,,,2231
12049,4591,A05,0,A00,A0,A0,E0,0,0,2021,1,,,,,,1565
12051,4591,A05,0,A00,A0,A0,E0,0,0,2021,1,,,,,,1290
12053,4591,A05,0,A00,A0,A0,E0,0,0,2021,1,237,220,29,45,-17,1597
12055,4591,A05,0,A00,A0,A0,E0,0,0,2021,1,62,59,7,10,-3,1481
12057,4591,A05,0,A00,A0,A0,E0,0,0,2021,1,2499,2329,250,420,-170,2606
12061,4591,A05,0,A00,A0,A0,E0,0,0,2021,1,170,175,36,30,6,2426
12063,4591,A05,0,A00,A0,A0,E0,0,0,2021,1,9,8,3,3,-1,748
12065,4591,A05,0,A00,A0,A0,E0,0,0,2021,1,,,,0,,1665
12067,4591,A05,0,A00,A0,A0,E0,0,0,2021,1,,,0,0,,1965
12069,4591,A05,0,A00,A0,A0,E0,0,0,2021,1,526,488,58,97,-38,2091
12071,4591,A05,0,A00,A0,A0,E0,0,0,2021,1,1212,1121,145,236,-91,1950
12073,4591,A05,0,A00,A0,A0,E0,0,0,2021,1,579,539,65,106,-40,1751
12075,4591,A05,0,A00,A0,A0,E0,0,0,2021,1,22,21,4,5,-1,1324
12081,4591,A05,0,A00,A0,A0,E0,0,0,2021,1,441,403,70,108,-38,1942
12083,4591,A05,0,A00,A0,A0,E0,0,0,2021,1,444,415,58,87,-29,1813
12085,4591,A05,0,A00,A0,A0,E0,0,0,2021,1,305,282,36,59,-23,2463
12086,4591,A05,0,A00,A0,A0,E0,0,0,2021,1,3082,2902,481,660,-179,2548
12087,4591,A05,0,A00,A0,A0,E0,0,0,2021,1,282,295,50,37,13,2072
12089,4591,A05,0,A00,A0,A0,E0,0,0,2021,1,76,73,21,25,-3,1259
12091,4591,A05,0,A00,A0,A0,E0,0,0,2021,1,671,679,145,138,7,2363
12093,4591,A05,0,A00,A0,A0,E0,0,0,2021,1,60,61,16,15,1,1766
12095,4591,A05,0,A00,A0,A0,E0,0,0,2021,1,3292,2877,391,806,-415,1822
12097,4591,A05,0,A00,A0,A0,E0,0,0,2021,1,538,468,64,133,-69,1710
12099,4591,A05,0,A00,A0,A0,E0,0,0,2021,1,1983,1849,254,388,-134,2112
12101,4591,A05,0,A00,A0,A0,E0,0,0,2021,1,532,458,50,123,-74,1723
12103,4591,A05,0,A00,A0,A0,E0,0,0,2021,1,1578,1490,230,317,-88,1969
12105,4591,A05,0,A00,A0,A0,E0,0,0,2021,1,806,766,122,161,-40,1667
12107,4591,A05,0,A00,A0,A0,E0,0,0,2021,1,25,24,3,4,-1,1447
12109,4591,A05,0,A00,A0,A0,E0,0,0,2021,1,370,349,47,68,-21,1790
12111,4591,A05,0,A00,A0,A0,E0,0,0,2021,1,349,338,57,68,-11,1992
12113,4591,A05,0,A00,A0,A0,E0,0,0,2021,1,194,199,51,46,5,1793
12115,4591,A05,0,A00,A0,A0,E0,0,0,2021,1,844,795,89,137,-48,2307
12117,4591,A05,0,A00,A0,A0,E0,0,0,2021,1,1193,1076,126,243,-117,2052
12119,4591,A05,0,A00,A0,A0,E0,0,0,2021,1,45,48,7,4,3,2588
12121,4591,A05,0,A00,A0,A0,E0,0,0,2021,1,18,18,3,3,0,1853
12123,4591,A05,0,A00,A0,A0,E0,0,0,2021,1,,,,,,2952
12127,4591,A05,0,A00,A0,A0,E0,0,0,2021,1,850,787,109,173,-63,2040
12129,4591,A05,0,A00,A0,A0,E0,0,0,2021,1,,,0,0,,142
12131,4591,A05,0,A00,A0,A0,E0,0,0,2021,1,190,179,48,59,-11,1740
12133,4591,A05,0,A00,A0,A0,E0,0,0,2021,1,,,0,,,1132
12,4591,A05,0,A00,A0,A0,E0,0,0,2021,1,34193,31875,4707,7026,-2319,2635
12001,4591,A05,0,A00,A0,A0,E0,0,0,2021,2,481,477,114,118,-4,1840
12003,4591,A05,0,A00,A0,A0,E0,0,0,2021,2,,,,,,1099
12005,4591,A05,0,A00,A0,A0,E0,0,0,2021,2,396,404,108,99,9,2354
12007,4591,A05,0,A00,A0,A0,E0,0,0,2021,2,7,6,0,,-2,1816
12009,4591,A05,0,A00,A0,A0,E0,0,0,2021,2,847,853,173,166,7,2277
12011,4591,A05,0,A00,A0,A0,E0,0,0,2021,2,3056,3033,556,579,-23,2755
12015,4591,A05,0,A00,A0,A0,E0,0,0,2021,2,129,120,22,32,-10,2420
12017,4591,A05,0,A00,A0,A0,E0,0,0,2021,2,73,76,12,9,3,2106
12019,4591,A05,0,A00,A0,A0,E0,0,0,2021,2,221,217,47,51,-4,2503
12021,4591,A05,0,A00,A0,A0,E0,0,0,2021,2,751,791,203,163,40,2381
12023,4591,A05,0,A00,A0,A0,E0,0,0,2021,2,156,155,40,40,0,2330
12027,4591,A05,0,A00,A0,A0,E0,0,0,2021,2,,,,,,1222
12031,4591,A05,0,A00,A0,A0,E0,0,0,2021,2,3080,3193,723,611,112,8104
12033,4591,A05,0,A00,A0,A0,E0,0,0,2021,2,711,717,171,165,5,2503
12035,4591,A05,0,A00,A0,A0,E0,0,0,2021,2,82,87,28,22,5,1825
12037,4591,A05,0,A00,A0,A0,E0,0,0,2021,2,23,26,4,,2,2535
12039,4591,A05,0,A00,A0,A0,E0,0,0,2021,2,,,,,,224
12041,4591,A05,0,A00,A0,A0,E0,0,0,2021,2,,,,,,3194
12045,4591,A05,0,A00,A0,A0,E0,0,0,2021,2,,,,,,3507
12049,4591,A05,0,A00,A0,A0,E0,0,0,2021,2,,,,,,1418
12051,4591,A05,0,A00,A0,A0,E0,0,0,2021,2,,,,,,1552
12053,4591,A05,0,A00,A0,A0,E0,0,0,2021,2,220,220,42,42,-1,1781
12055,4591,A05,0,A00,A0,A0,E0,0,0,2021,2,59,57,11,13,-2,1565
12057,4591,A05,0,A00,A0,A0,E0,0,0,2021,2,2328,2354,466,440,26,2694
12061,4591,A05,0,A00,A0,A0,E0,0,0,2021,2,176,184,34,26,9,2533
12063,4591,A05,0,A00,A0,A0,E0,0,0,2021,2,8,8,6,6,0,1383
12065,4591,A05,0,A00,A0,A0,E0,0,0,2021,2,,,0,0,,2214
12067,4591,A05,0,A00,A0,A0,E0,0,0,2021,2,,,0,0,,1914
12069,4591,A05,0,A00,A0,A0,E0,0,0,2021,2,487,470,101,117,-17,2303
12071,4591,A05,0,A00,A0,A0,E0,0,0,2021,2,1121,1094,228,254,-27,2240
12073,4591,A05,0,A00,A0,A0,E0,0,0,2021,2,537,527,118,128,-9,2114
12075,4591,A05,0,A00,A0,A0,E0,0,0,2021,2,21,19,5,7,-2,1548
12081,4591,A05,0,A00,A0,A0,E0,0,0,2021,2,403,413,109,99,10,2193
12083,4591,A05,0,A00,A0,A0,E0,0,0,2021,2,415,411,87,91,-4,2173
12085,4591,A05,0,A00,A0,A0,E0,0,0,2021,2,282,279,52,55,-3,3895
12086,4591,A05,0,A00,A0,A0,E0,0,0,2021,2,2885,2882,638,641,-3,3095
12087,4591,A05,0,A00,A0,A0,E0,0,0,2021,2,295,319,86,61,25,2506
12089,4591,A05,0,A00,A0,A0,E0,0,0,2021,2,73,77,30,26,4,1788
12091,4591,A05,0,A00,A0,A0,E0,0,0,2021,2,679,673,151,157,-6,2605
12093,4591,A05,0,A00,A0,A0,E0,0,0,2021,2,61,56,10,15,-5,1847
12095,4591,A05,0,A00,A0,A0,E0,0,0,2021,2,2832,2816,644,660,-16,2292
12097,4591,A05,0,A00,A0,A0,E0,0,0,2021,2,473,479,157,151,6,2401
12099,4591,A05,0,A00,A0,A0,E0,0,0,2021,2,1843,1884,419,378,41,2695
12101,4591,A05,0,A00,A0,A0,E0,0,0,2021,2,458,467,110,101,8,2175
12103,4591,A05,0,A00,A0,A0,E0,0,0,2021,2,1490,1509,320,301,19,2255
12105,4591,A05,0,A00,A0,A0,E0,0,0,2021,2,765,773,206,198,8,1928
12107,4591,A05,0,A00,A0,A0,E0,0,0,2021,2,24,24,6,6,0,1620
12109,4591,A05,0,A00,A0,A0,E0,0,0,2021,2,348,364,92,76,16,1970
12111,4591,A05,0,A00,A0,A0,E0,0,0,2021,2,337,331,52,57,-6,2161
12113,4591,A05,0,A00,A0,A0,E0,0,0,2021,2,199,196,59,62,-3,1907
12115,4591,A05,0,A00,A0,A0,E0,0,0,2021,2,795,799,136,132,4,2685
12117,4591,A05,0,A00,A0,A0,E0,0,0,2021,2,1063,1053,241,252,-10,2634
12119,4591,A05,0,A00,A0,A0,E0,0,0,2021,2,49,47,8,10,-2,2724
12121,4591,A05,0,A00,A0,A0,E0,0,0,2021,2,18,20,6,4,2,1988
12123,4591,A05,0,A00,A0,A0,E0,0,0,2021,2,,,,,,2568
12127,4591,A05,0,A00,A0,A0,E0,0,0,2021,2,786,789,170,167,3,2354
12129,4591,A05,0,A00,A0,A0,E0,0,0,2021,2,,0,,,,48
12131,4591,A05,0,A00,A0,A0,E0,0,0,2021,2,179,201,62,40,22,2187
12133,4591,A05,0,A00,A0,A0,E0,0,0,2021,2,,,,,,1218
12,4591,A05,0,A00,A0,A0,E0,0,0,2021,2,31838,32075,7102,6864,237,3026
12001,4591,A05,0,A00,A0,A0,E0,0,0,2021,3,475,484,140,130,10,1807
12003,4591,A05,0,A00,A0,A0,E0,0,0,2021,3,,,,,,1184
12005,4591,A05,0,A00,A0,A0,E0,0,0,2021,3,404,395,101,111,-9,2201
12007,4591,A05,0,A00,A0,A0,E0,0,0,2021,3,,,0,0,,2400
12009,4591,A05,0,A00,A0,A0,E0,0,0,2021,3,852,876,191,167,24,2155
12011,4591,A05,0,A00,A0,A0,E0,0,0,2021,3,3019,3186,854,687,167,2672
12015,4591,A05,0,A00,A0,A0,E0,0,0,2021,3,120,122,34,31,3,2461
12017,4591,A05,0,A00,A0,A0,E0,0,0,2021,3,76,78,14,11,2,2052
12019,4591,A05,0,A00,A0,A0,E0,0,0,2021,3,217,230,67,54,13,2085
12021,4591,A05,0,A00,A0,A0,E0,0,0,2021,3,783,783,172,171,0,2067
12023,4591,A05,0,A00,A0,A0,E0,0,0,2021,3,156,151,41,45,-4,2359
12027,4591,A05,0,A00,A0,A0,E0,0,0,2021,3,,,,,,1365
12031,4591,A05,0,A00,A0,A0,E0,0,0,2021,3,3153,3366,994,781,213,7741
12033,4591,A05,0,A00,A0,A0,E0,0,0,2021,3,719,731,194,182,12,2251
12035,4591,A05,0,A00,A0,A0,E0,0,0,2021,3,87,87,23,23,0,1669
12037,4591,A05,0,A00,A0,A0,E0,0,0,2021,3,26,22,,5,-3,2197
12039,4591,A05,0,A00,A0,A0,E0,0,0,2021,3,,,,,,709
12041,4591,A05,0,A00,A0,A0,E0,0,0,2021,3,,,0,,,2910
12045,4591,A05,0,A00,A0,A0,E0,0,0,2021,3,,,,,,2770
12049,4591,A05,0,A00,A0,A0,E0,0,0,2021,3,,,,,,1448
12051,4591,A05,0,A00,A0,A0,E0,0,0,2021,3,,,,,,1378
12053,4591,A05,0,A00,A0,A0,E0,0,0,2021,3,220,230,57,47,10,1794
12055,4591,A05,0,A00,A0,A0,E0,0,0,2021,3,57,59,17,14,3,1617
12057,4591,A05,0,A00,A0,A0,E0,0,0,2021,3,2339,2419,614,534,80,2868
12061,4591,A05,0,A00,A0,A0,E0,0,0,2021,3,184,182,42,44,-2,2438
12063,4591,A05,0,A00,A0,A0,E0,0,0,2021,3,8,10,4,,2,1492
12065,4591,A05,0,A00,A0,A0,E0,0,0,2021,3,,,,0,,2142
12067,4591,A05,0,A00,A0,A0,E0,0,0,2021,3,,,,,,1839
12069,4591,A05,0,A00,A0,A0,E0,0,0,2021,3,470,503,140,107,33,2195
12071,4591,A05,0,A00,A0,A0,E0,0,0,2021,3,1097,1120,298,275,22,2257
12073,4591,A05,0,A00,A0,A0,E0,0,0,2021,3,526,548,163,142,22,2166
12075,4591,A05,0,A00,A0,A0,E0,0,0,2021,3,19,20,5,5,0,1470
12081,4591,A05,0,A00,A0,A0,E0,0,0,2021,3,411,423,117,105,12,2075
12083,4591,A05,0,A00,A0,A0,E0,0,0,2021,3,411,430,103,83,19,2058
12085,4591,A05,0,A00,A0,A0,E0,0,0,2021,3,279,304,78,53,25,2584
12086,4591,A05,0,A00,A0,A0,E0,0,0,2021,3,2865,3064,887,687,200,2996
12087,4591,A05,0,A00,A0,A0,E0,0,0,2021,3,319,302,68,85,-17,2212
12089,4591,A05,0,A00,A0,A0,E0,0,0,2021,3,78,78,29,28,1,1647
12091,4591,A05,0,A00,A0,A0,E0,0,0,2021,3,672,669,187,190,-3,2592
12093,4591,A05,0,A00,A0,A0,E0,0,0,2021,3,56,55,12,13,-1,1781
12095,4591,A05,0,A00,A0,A0,E0,0,0,2021,3,2865,3031,891,725,166,2098
12097,4591,A05,0,A00,A0,A0,E0,0,0,2021,3,479,481,145,143,2,2022
12099,4591,A05,0,A00,A0,A0,E0,0,0,2021,3,1851,1901,470,419,51,2275
12101,4591,A05,0,A00,A0,A0,E0,0,0,2021,3,473,512,155,117,38,1992
12103,4591,A05,0,A00,A0,A0,E0,0,0,2021,3,1495,1517,389,367,22,2144
12105,4591,A05,0,A00,A0,A0,E0,0,0,2021,3,773,810,249,211,37,1885
12107,4591,A05,0,A00,A0,A0,E0,0,0,2021,3,24,37,22,9,13,1595
12109,4591,A05,0,A00,A0,A0,E0,0,0,2021,3,364,365,88,88,0,2036
12111,4591,A05,0,A00,A0,A0,E0,0,0,2021,3,331,334,93,90,3,2083
12113,4591,A05,0,A00,A0,A0,E0,0,0,2021,3,197,188,59,68,-9,1949
12115,4591,A05,0,A00,A0,A0,E0,0,0,2021,3,798,817,163,145,18,2669
12117,4591,A05,0,A00,A0,A0,E0,0,0,2021,3,1050,1068,279,262,17,2265
12119,4591,A05,0,A00,A0,A0,E0,0,0,2021,3,50,45,5,10,-5,2636
12121,4591,A05,0,A00,A0,A0,E0,0,0,2021,3,20,18,3,4,-1,1615
12123,4591,A05,0,A00,A0,A0,E0,0,0,2021,3,,,,0,,2963
12127,4591,A05,0,A00,A0,A0,E0,0,0,2021,3,789,838,234,185,49,2277
12129,4591,A05,0,A00,A0,A0,E0,0,0,2021,3,0,,,0,,
12131,4591,A05,0,A00,A0,A0,E0,0,0,2021,3,201,194,52,58,-7,2153
12133,4591,A05,0,A00,A0,A0,E0,0,0,2021,3,,,,0,,1346
12,4591,A05,0,A00,A0,A0,E0,0,0,2021,3,31985,33206,8976,7756,1221,2880
12001,4591,A05,0,A00,A0,A0,E0,0,0,2021,4,483,537,200,146,54,2120
12003,4591,A05,0,A00,A0,A0,E0,0,0,2021,4,,,,,,1122
12005,4591,A05,0,A00,A0,A0,E0,0,0,2021,4,395,406,129,118,11,2582
12007,4591,A05,0,A00,A0,A0,E0,0,0,2021,4,,,,0,,2490
12009,4591,A05,0,A00,A0,A0,E0,0,0,2021,4,874,941,288,221,67,2496
12011,4591,A05,0,A00,A0,A0,E0,0,0,2021,4,3184,3655,1594,1124,470,3138
12015,4591,A05,0,A00,A0,A0,E0,0,0,2021,4,123,126,37,33,4,2720
12017,4591,A05,0,A00,A0,A0,E0,0,0,2021,4,78,73,6,12,-6,2100
12019,4591,A05,0,A00,A0,A0,E0,0,0,2021,4,230,254,89,64,25,2280
12021,4591,A05,0,A00,A0,A0,E0,0,0,2021,4,783,887,257,153,104,2491
12023,4591,A05,0,A00,A0,A0,E0,0,0,2021,4,151,164,62,50,12,2972
12027,4591,A05,0,A00,A0,A0,E0,0,0,2021,4,,,,,,1178
12031,4591,A05,0,A00,A0,A0,E0,0,0,2021,4,3367,3486,1408,1289,119,9090
12033,4591,A05,0,A00,A0,A0,E0,0,0,2021,4,731,789,294,236,58,2614
12035,4591,A05,0,A00,A0,A0,E0,0,0,2021,4,87,96,38,30,9,1912
12037,4591,A05,0,A00,A0,A0,E0,0,0,2021,4,22,19,,6,-3,2647
12039,4591,A05,0,A00,A0,A0,E0,0,0,2021,4,,,,,,1080
12041,4591,A05,0,A00,A0,A0,E0,0,0,2021,4,,,0,0,,3726
12045,4591,A05,0,A00,A0,A0,E0,0,0,2021,4,,,,,,2835
12049,4591,A05,0,A00,A0,A0,E0,0,0,2021,4,,,,,,1243
12051,4591,A05,0,A00,A0,A0,E0,0,0,2021,4,,,,,,1200
12053,4591,A05,0,A00,A0,A0,E0,0,0,2021,4,229,260,100,70,30,2287
12055,4591,A05,0,A00,A0,A0,E0,0,0,2021,4,59,64,20,16,5,1788
12057,4591,A05,0,A00,A0,A0,E0,0,0,2021,4,2418,2633,836,621,215,3518
12061,4591,A05,0,A00,A0,A0,E0,0,0,2021,4,182,192,46,36,10,3112
12063,4591,A05,0,A00,A0,A0,E0,0,0,2021,4,10,10,4,4,0,1755
12065,4591,A05,0,A00,A0,A0,E0,0,0,2021,4,,,,,,1882
12067,4591,A05,0,A00,A0,A0,E0,0,0,2021,4,,,0,0,,2433
12069,4591,A05,0,A00,A0,A0,E0,0,0,2021,4,503,555,206,154,52,2498
12071,4591,A05,0,A00,A0,A0,E0,0,0,2021,4,1119,1261,425,283,142,2611
12073,4591,A05,0,A00,A0,A0,E0,0,0,2021,4,545,602,227,169,58,2444
12075,4591,A05,0,A00,A0,A0,E0,0,0,2021,4,20,19,5,6,-1,1731
12081,4591,A05,0,A00,A0,A0,E0,0,0,2021,4,423,432,142,133,9,2504
12083,4591,A05,0,A00,A0,A0,E0,0,0,2021,4,430,470,152,112,40,2840
12085,4591,A05,0,A00,A0,A0,E0,0,0,2021,4,303,327,100,77,23,3285
12086,4591,A05,0,A00,A0,A0,E0,0,0,2021,4,3063,3418,1134,779,355,3219
12087,4591,A05,0,A00,A0,A0,E0,0,0,2021,4,302,300,75,77,-2,2493
12089,4591,A05,0,A00,A0,A0,E0,0,0,2021,4,78,89,44,33,11,1815
12091,4591,A05,0,A00,A0,A0,E0,0,0,2021,4,667,712,227,182,45,2772
12093,4591,A05,0,A00,A0,A0,E0,0,0,2021,4,55,60,17,12,5,1988
12095,4591,A05,0,A00,A0,A0,E0,0,0,2021,4,3031,3480,1182,733,449,2427
12097,4591,A05,0,A00,A0,A0,E0,0,0,2021,4,482,574,269,177,93,2430
12099,4591,A05,0,A00,A0,A0,E0,0,0,2021,4,1906,2104,669,471,197,2564
12101,4591,A05,0,A00,A0,A0,E0,0,0,2021,4,511,587,240,164,76,2306
12103,4591,A05,0,A00,A0,A0,E0,0,0,2021,4,1507,1637,504,374,129,2640
12105,4591,A05,0,A00,A0,A0,E0,0,0,2021,4,798,899,344,243,101,2062
12107,4591,A05,0,A00,A0,A0,E0,0,0,2021,4,37,37,10,9,1,1588
12109,4591,A05,0,A00,A0,A0,E0,0,0,2021,4,365,403,112,74,38,2265
12111,4591,A05,0,A00,A0,A0,E0,0,0,2021,4,333,383,113,63,50,2455
12113,4591,A05,0,A00,A0,A0,E0,0,0,2021,4,187,210,87,64,23,2203
12115,4591,A05,0,A00,A0,A0,E0,0,0,2021,4,815,893,249,171,78,3065
12117,4591,A05,0,A00,A0,A0,E0,0,0,2021,4,1068,1161,423,331,93,2498
12119,4591,A05,0,A00,A0,A0,E0,0,0,2021,4,45,49,9,5,4,2948
12121,4591,A05,0,A00,A0,A0,E0,0,0,2021,4,18,17,4,5,-1,1563
12123,4591,A05,0,A00,A0,A0,E0,0,0,2021,4,12,10,,4,-2,2553
12125,4591,A05,0,A00,A0,A0,E0,0,0,2021,4,0,,,,,
12127,4591,A05,0,A00,A0,A0,E0,0,0,2021,4,837,921,324,240,84,2860
12129,4591,A05,0,A00,A0,A0,E0,0,0,2021,4,,,,0,,1813
12131,4591,A05,0,A00,A0,A0,E0,0,0,2021,4,194,202,32,24,8,2387
12133,4591,A05,0,A00,A0,A0,E0,0,0,2021,4,,,,,,1070
12,4591,A05,0,A00,A0,A0,E0,0,0,2021,4,33175,36527,12773,9421,3352,3369
12001,4591,A05,0,A00,A0,A0,E0,0,0,2022,1,540,516,99,123,-24,1789
12003,4591,A05,0,A00,A0,A0,E0,0,0,2022,1,,,,,,1109
12005,4591,A05,0,A00,A0,A0,E0,0,0,2022,1,399,386,67,80,-13,2324
12007,4591,A05,0,A00,A0,A0,E0,0,0,2022,1,,,,,,1806
12009,4591,A05,0,A00,A0,A0,E0,0,0,2022,1,934,868,119,186,-67,1974
12011,4591,A05,0,A00,A0,A0,E0,0,0,2022,1,2949,2736,448,661,-213,2279
12015,4591,A05,0,A00,A0,A0,E0,0,0,2022,1,138,133,19,24,-5,2528
12017,4591,A05,0,A00,A0,A0,E0,0,0,2022,1,73,62,6,16,-11,1893
12019,4591,A05,0,A00,A0,A0,E0,0,0,2022,1,254,230,40,63,-24,1934
12021,4591,A05,0,A00,A0,A0,E0,0,0,2022,1,882,905,206,183,23,2348
12023,4591,A05,0,A00,A0,A0,E0,0,0,2022,1,171,153,27,46,-18,2272
12027,4591,A05,0,A00,A0,A0,E0,0,0,2022,1,,,,,,1200
12031,4591,A05,0,A00,A0,A0,E0,0,0,2022,1,2313,2172,351,493,-142,2527
12033,4591,A05,0,A00,A0,A0,E0,0,0,2022,1,787,744,117,161,-44,2201
12035,4591,A05,0,A00,A0,A0,E0,0,0,2022,1,96,90,12,18,-6,1589
12037,4591,A05,0,A00,A0,A0,E0,0,0,2022,1,19,23,5,,4,2675
12039,4591,A05,0,A00,A0,A0,E0,0,0,2022,1,9,9,,,0,3284
12045,4591,A05,0,A00,A0,A0,E0,0,0,2022,1,,,,,,2581
12049,4591,A05,0,A00,A0,A0,E0,0,0,2022,1,,,,,,1516
12051,4591,A05,0,A00,A0,A0,E0,0,0,2022,1,,,,,,1404
12053,4591,A05,0,A00,A0,A0,E0,0,0,2022,1,260,234,25,51,-26,1802
12055,4591,A05,0,A00,A0,A0,E0,0,0,2022,1,67,59,6,14,-9,1601
12057,4591,A05,0,A00,A0,A0,E0,0,0,2022,1,2260,2116,302,446,-144,2092
12061,4591,A05,0,A00,A0,A0,E0,0,0,2022,1,201,193,23,31,-8,2920
12063,4591,A05,0,A00,A0,A0,E0,0,0,2022,1,10,12,4,2,2,1448
12065,4591,A05,0,A00,A0,A0,E0,0,0,2022,1,,,0,0,,1892
12067,4591,A05,0,A00,A0,A0,E0,0,0,2022,1,,,0,0,,2418
12069,4591,A05,0,A00,A0,A0,E0,0,0,2022,1,539,477,58,120,-62,2370
12071,4591,A05,0,A00,A0,A0,E0,0,0,2022,1,1269,1225,229,273,-44,2198
12073,4591,A05,0,A00,A0,A0,E0,0,0,2022,1,603,596,120,127,-7,1893
12075,4591,A05,0,A00,A0,A0,E0,0,0,2022,1,19,20,8,7,1,1286
12081,4591,A05,0,A00,A0,A0,E0,0,0,2022,1,481,469,93,104,-11,2252
12083,4591,A05,0,A00,A0,A0,E0,0,0,2022,1,462,452,67,78,-10,1891
12085,4591,A05,0,A00,A0,A0,E0,0,0,2022,1,336,316,51,70,-19,2257
12086,4591,A05,0,A00,A0,A0,E0,0,0,2022,1,2991,2782,459,669,-209,2373
12087,4591,A05,0,A00,A0,A0,E0,0,0,2022,1,242,262,57,37,20,2103
12089,4591,A05,0,A00,A0,A0,E0,0,0,2022,1,87,79,18,25,-8,1662
12091,4591,A05,0,A00,A0,A0,E0,0,0,2022,1,550,526,95,119,-24,2539
12093,4591,A05,0,A00,A0,A0,E0,0,0,2022,1,59,58,13,14,-2,1699
12095,4591,A05,0,A00,A0,A0,E0,0,0,2022,1,3197,2849,454,802,-348,1929
12097,4591,A05,0,A00,A0,A0,E0,0,0,2022,1,580,491,95,184,-89,1767
12099,4591,A05,0,A00,A0,A0,E0,0,0,2022,1,2186,2113,372,445,-72,2156
12101,4591,A05,0,A00,A0,A0,E0,0,0,2022,1,594,528,77,143,-66,1796
12103,4591,A05,0,A00,A0,A0,E0,0,0,2022,1,1639,1537,245,347,-102,1987
12105,4591,A05,0,A00,A0,A0,E0,0,0,2022,1,935,877,154,212,-58,1714
12107,4591,A05,0,A00,A0,A0,E0,0,0,2022,1,37,33,8,12,-5,1385
12109,4591,A05,0,A00,A0,A0,E0,0,0,2022,1,407,375,47,79,-32,1900
12111,4591,A05,0,A00,A0,A0,E0,0,0,2022,1,382,341,39,80,-41,1819
12113,4591,A05,0,A00,A0,A0,E0,0,0,2022,1,210,209,42,43,-1,1993
12115,4591,A05,0,A00,A0,A0,E0,0,0,2022,1,897,861,124,160,-36,2432
12117,4591,A05,0,A00,A0,A0,E0,0,0,2022,1,1197,1079,143,262,-118,2276
12119,4591,A05,0,A00,A0,A0,E0,0,0,2022,1,73,71,10,13,-2,2887
12121,4591,A05,0,A00,A0,A0,E0,0,0,2022,1,17,18,4,3,1,2059
12123,4591,A05,0,A00,A0,A0,E0,0,0,2022,1,,,,,,3108
12125,4591,A05,0,A00,A0,A0,E0,0,0,2022,1,,,0,0,,1219
12127,4591,A05,0,A00,A0,A0,E0,0,0,2022,1,913,834,122,201,-79,2058
12129,4591,A05,0,A00,A0,A0,E0,0,0,2022,1,,,0,0,,2386
12131,4591,A05,0,A00,A0,A0,E0,0,0,2022,1,161,163,37,35,2,1766
12133,4591,A05,0,A00,A0,A0,E0,0,0,2022,1,,,,,,876
12,4591,A05,0,A00,A0,A0,E0,0,0,2022,1,33557,31411,5145,7291,-2146,2150
12001,4591,A05,0,A00,A0,A0,E0,0,0,2022,2,515,515,125,125,0,1929
12003,4591,A05,0,A00,A0,A0,E0,0,0,2022,2,,,,,,1393
12005,4591,A05,0,A00,A0,A0,E0,0,0,2022,2,386,439,157,104,54,2494
12007,4591,A05,0,A00,A0,A0,E0,0,0,2022,2,,,0,,,1912
12009,4591,A05,0,A00,A0,A0,E0,0,0,2022,2,865,857,167,175,-8,2233
12011,4591,A05,0,A00,A0,A0,E0,0,0,2022,2,2736,2729,602,608,-7,2604
12015,4591,A05,0,A00,A0,A0,E0,0,0,2022,2,133,131,26,28,-2,2578
12017,4591,A05,0,A00,A0,A0,E0,0,0,2022,2,62,66,9,5,4,2239
12019,4591,A05,0,A00,A0,A0,E0,0,0,2022,2,230,231,57,57,0,2333
12021,4591,A05,0,A00,A0,A0,E0,0,0,2022,2,905,864,168,209,-41,3722
12023,4591,A05,0,A00,A0,A0,E0,0,0,2022,2,153,152,37,37,0,3108
12027,4591,A05,0,A00,A0,A0,E0,0,0,2022,2,,,,,,1480
12031,4591,A05,0,A00,A0,A0,E0,0,0,2022,2,2170,2176,509,504,6,2886
12033,4591,A05,0,A00,A0,A0,E0,0,0,2022,2,746,740,186,192,-7,2463
12035,4591,A05,0,A00,A0,A0,E0,0,0,2022,2,89,95,22,16,6,1829
12037,4591,A05,0,A00,A0,A0,E0,0,0,2022,2,23,31,16,8,8,2568
12039,4591,A05,0,A00,A0,A0,E0,0,0,2022,2,9,9,,,1,3321
12045,4591,A05,0,A00,A0,A0,E0,0,0,2022,2,51,53,12,10,2,2549
12049,4591,A05,0,A00,A0,A0,E0,0,0,2022,2,,,,,,1402
12051,4591,A05,0,A00,A0,A0,E0,0,0,2022,2,,,,,,1767
12053,4591,A05,0,A00,A0,A0,E0,0,0,2022,2,234,218,44,60,-16,1847
12055,4591,A05,0,A00,A0,A0,E0,0,0,2022,2,59,55,12,16,-4,1676
12057,4591,A05,0,A00,A0,A0,E0,0,0,2022,2,2119,2123,443,439,4,2301
12061,4591,A05,0,A00,A0,A0,E0,0,0,2022,2,192,182,30,39,-9,3011
12063,4591,A05,0,A00,A0,A0,E0,0,0,2022,2,12,9,3,6,-3,1782
12065,4591,A05,0,A00,A0,A0,E0,0,0,2022,2,,,,,,1619
12067,4591,A05,0,A00,A0,A0,E0,0,0,2022,2,,,0,0,,2397
12069,4591,A05,0,A00,A0,A0,E0,0,0,2022,2,470,455,86,101,-15,2541
12071,4591,A05,0,A00,A0,A0,E0,0,0,2022,2,1220,1193,279,306,-27,2418
12073,4591,A05,0,A00,A0,A0,E0,0,0,2022,2,596,602,148,142,6,2047
12075,4591,A05,0,A00,A0,A0,E0,0,0,2022,2,20,20,7,7,0,1788
12081,4591,A05,0,A00,A0,A0,E0,0,0,2022,2,469,458,107,118,-11,2761
12083,4591,A05,0,A00,A0,A0,E0,0,0,2022,2,452,459,102,95,8,2091
12085,4591,A05,0,A00,A0,A0,E0,0,0,2022,2,316,323,59,52,7,2391
12086,4591,A05,0,A00,A0,A0,E0,0,0,2022,2,2827,2789,613,652,-39,2664
12087,4591,A05,0,A00,A0,A0,E0,0,0,2022,2,262,286,85,61,24,2355
12089,4591,A05,0,A00,A0,A0,E0,0,0,2022,2,79,89,40,29,10,2093
12091,4591,A05,0,A00,A0,A0,E0,0,0,2022,2,523,520,133,137,-3,2582
12093,4591,A05,0,A00,A0,A0,E0,0,0,2022,2,58,56,12,13,-1,1948
12095,4591,A05,0,A00,A0,A0,E0,0,0,2022,2,2850,2772,604,682,-78,2241
12097,4591,A05,0,A00,A0,A0,E0,0,0,2022,2,492,476,128,144,-16,2228
12099,4591,A05,0,A00,A0,A0,E0,0,0,2022,2,2109,2099,451,461,-10,2764
12101,4591,A05,0,A00,A0,A0,E0,0,0,2022,2,529,512,108,125,-16,2072
12103,4591,A05,0,A00,A0,A0,E0,0,0,2022,2,1534,1505,292,322,-29,2261
12105,4591,A05,0,A00,A0,A0,E0,0,0,2022,2,881,884,251,248,3,1986
12107,4591,A05,0,A00,A0,A0,E0,0,0,2022,2,33,36,12,9,3,1694
12109,4591,A05,0,A00,A0,A0,E0,0,0,2022,2,375,387,72,60,12,2089
12111,4591,A05,0,A00,A0,A0,E0,0,0,2022,2,333,318,48,63,-15,1957
12113,4591,A05,0,A00,A0,A0,E0,0,0,2022,2,209,209,67,66,1,2015
12115,4591,A05,0,A00,A0,A0,E0,0,0,2022,2,860,847,161,173,-13,2616
12117,4591,A05,0,A00,A0,A0,E0,0,0,2022,2,1081,1058,223,245,-22,2489
12119,4591,A05,0,A00,A0,A0,E0,0,0,2022,2,65,62,7,11,-3,3106
12121,4591,A05,0,A00,A0,A0,E0,0,0,2022,2,18,19,6,4,1,1847
12123,4591,A05,0,A00,A0,A0,E0,0,0,2022,2,,,,,,2919
12125,4591,A05,0,A00,A0,A0,E0,0,0,2022,2,,,0,0,,577
12127,4591,A05,0,A00,A0,A0,E0,0,0,2022,2,832,841,191,183,8,2345
12129,4591,A05,0,A00,A0,A0,E0,0,0,2022,2,,,0,0,,2045
12131,4591,A05,0,A00,A0,A0,E0,0,0,2022,2,163,181,54,36,18,2066
12133,4591,A05,0,A00,A0,A0,E0,0,0,2022,2,,,,,,943
12,4591,A05,0,A00,A0,A0,E0,0,0,2022,2,31421,31211,7000,7210,-210,2472
12001,4591,A05,0,A00,A0,A0,E0,0,0,2022,3,515,523,144,136,8,2001
12003,4591,A05,0,A00,A0,A0,E0,0,0,2022,3,,,,,,1238
12005,4591,A05,0,A00,A0,A0,E0,0,0,2022,3,439,436,144,147,-3,2566
12007,4591,A05,0,A00,A0,A0,E0,0,0,2022,3,,,,,,2103
12009,4591,A05,0,A00,A0,A0,E0,0,0,2022,3,856,867,171,161,11,2391
12011,4591,A05,0,A00,A0,A0,E0,0,0,2022,3,2730,2731,644,643,1,2653
12015,4591,A05,0,A00,A0,A0,E0,0,0,2022,3,130,120,25,36,-10,2520
12017,4591,A05,0,A00,A0,A0,E0,0,0,2022,3,66,63,6,10,-3,2177
12019,4591,A05,0,A00,A0,A0,E0,0,0,2022,3,231,228,62,65,-3,2154
12021,4591,A05,0,A00,A0,A0,E0,0,0,2022,3,865,832,167,199,-33,2539
12023,4591,A05,0,A00,A0,A0,E0,0,0,2022,3,152,161,53,44,9,2588
12027,4591,A05,0,A00,A0,A0,E0,0,0,2022,3,,,,,,1322
12031,4591,A05,0,A00,A0,A0,E0,0,0,2022,3,2009,2019,541,531,10,2666
12033,4591,A05,0,A00,A0,A0,E0,0,0,2022,3,740,739,217,217,0,2371
12035,4591,A05,0,A00,A0,A0,E0,0,0,2022,3,95,95,20,20,0,1965
12037,4591,A05,0,A00,A0,A0,E0,0,0,2022,3,31,29,3,5,-2,2788
12039,4591,A05,0,A00,A0,A0,E0,0,0,2022,3,9,9,,,0,3177
12045,4591,A05,0,A00,A0,A0,E0,0,0,2022,3,,,,,,2822
12049,4591,A05,0,A00,A0,A0,E0,0,0,2022,3,,,,,,1256
12051,4591,A05,0,A00,A0,A0,E0,0,0,2022,3,,,,,,1610
12053,4591,A05,0,A00,A0,A0,E0,0,0,2022,3,222,224,50,47,3,2135
12055,4591,A05,0,A00,A0,A0,E0,0,0,2022,3,55,62,20,13,7,1689
12057,4591,A05,0,A00,A0,A0,E0,0,0,2022,3,2221,2271,516,466,50,2547
12061,4591,A05,0,A00,A0,A0,E0,0,0,2022,3,175,185,38,28,10,2997
12063,4591,A05,0,A00,A0,A0,E0,0,0,2022,3,9,10,4,3,1,1835
12065,4591,A05,0,A00,A0,A0,E0,0,0,2022,3,,,,,,1619
12067,4591,A05,0,A00,A0,A0,E0,0,0,2022,3,,,0,0,,2418
12069,4591,A05,0,A00,A0,A0,E0,0,0,2022,3,448,517,168,98,70,2596
12071,4591,A05,0,A00,A0,A0,E0,0,0,2022,3,1197,1149,296,344,-48,2427
12073,4591,A05,0,A00,A0,A0,E0,0,0,2022,3,601,599,164,166,-2,2055
12075,4591,A05,0,A00,A0,A0,E0,0,0,2022,3,20,22,7,4,2,1804
12081,4591,A05,0,A00,A0,A0,E0,0,0,2022,3,458,483,135,110,25,2538
12083,4591,A05,0,A00,A0,A0,E0,0,0,2022,3,459,456,89,93,-3,2199
12085,4591,A05,0,A00,A0,A0,E0,0,0,2022,3,324,321,55,58,-4,2610
12086,4591,A05,0,A00,A0,A0,E0,0,0,2022,3,2779,2793,652,638,13,2800
12087,4591,A05,0,A00,A0,A0,E0,0,0,2022,3,286,262,65,89,-24,2277
12089,4591,A05,0,A00,A0,A0,E0,0,0,2022,3,89,91,30,28,2,2087
12091,4591,A05,0,A00,A0,A0,E0,0,0,2022,3,520,536,160,144,17,2634
12093,4591,A05,0,A00,A0,A0,E0,0,0,2022,3,56,53,10,13,-4,1945
12095,4591,A05,0,A00,A0,A0,E0,0,0,2022,3,2829,2857,712,683,29,2352
12097,4591,A05,0,A00,A0,A0,E0,0,0,2022,3,476,483,133,126,7,2394
12099,4591,A05,0,A00,A0,A0,E0,0,0,2022,3,2098,2086,478,490,-12,2499
12101,4591,A05,0,A00,A0,A0,E0,0,0,2022,3,515,521,121,115,7,2250
12103,4591,A05,0,A00,A0,A0,E0,0,0,2022,3,1501,1549,393,345,48,2527
12105,4591,A05,0,A00,A0,A0,E0,0,0,2022,3,886,891,233,229,5,2067
12107,4591,A05,0,A00,A0,A0,E0,0,0,2022,3,36,33,8,11,-3,1533
12109,4591,A05,0,A00,A0,A0,E0,0,0,2022,3,390,388,83,84,-1,2091
12111,4591,A05,0,A00,A0,A0,E0,0,0,2022,3,316,323,65,58,7,2244
12113,4591,A05,0,A00,A0,A0,E0,0,0,2022,3,209,204,61,66,-5,2077
12115,4591,A05,0,A00,A0,A0,E0,0,0,2022,3,848,841,157,163,-7,2646
12117,4591,A05,0,A00,A0,A0,E0,0,0,2022,3,1064,1093,267,238,29,2716
12119,4591,A05,0,A00,A0,A0,E0,0,0,2022,3,62,65,16,12,4,3220
12121,4591,A05,0,A00,A0,A0,E0,0,0,2022,3,19,23,9,5,3,1552
12123,4591,A05,0,A00,A0,A0,E0,0,0,2022,3,,,0,0,,3777
12125,4591,A05,0,A00,A0,A0,E0,0,0,2022,3,,,0,0,,515
12127,4591,A05,0,A00,A0,A0,E0,0,0,2022,3,836,860,215,191,23,2501
12129,4591,A05,0,A00,A0,A0,E0,0,0,2022,3,,,0,0,,2440
12131,4591,A05,0,A00,A0,A0,E0,0,0,2022,3,181,186,79,73,5,2062
12133,4591,A05,0,A00,A0,A0,E0,0,0,2022,3,,,,,,896
12,4591,A05,0,A00,A0,A0,E0,0,0,2022,3,31184,31425,7723,7482,241,2488
12001,4591,A05,0,A00,A0,A0,E0,0,0,2022,4,524,556,188,156,32,2094
12003,4591,A05,0,A00,A0,A0,E0,0,0,2022,4,,,,,,1032
12005,4591,A05,0,A00,A0,A0,E0,0,0,2022,4,436,466,160,130,30,3215
12007,4591,A05,0,A00,A0,A0,E0,0,0,2022,4,,,0,0,,2310
12009,4591,A05,0,A00,A0,A0,E0,0,0,2022,4,866,904,234,197,37,2428
12011,4591,A05,0,A00,A0,A0,E0,0,0,2022,4,2758,2999,866,626,240,2801
12015,4591,A05,0,A00,A0,A0,E0,0,0,2022,4,120,127,34,27,7,2803
12017,4591,A05,0,A00,A0,A0,E0,0,0,2022,4,63,60,3,6,-3,2158
12019,4591,A05,0,A00,A0,A0,E0,0,0,2022,4,227,248,84,63,21,2120
12021,4591,A05,0,A00,A0,A0,E0,0,0,2022,4,833,895,203,141,63,2522
12023,4591,A05,0,A00,A0,A0,E0,0,0,2022,4,161,178,68,51,17,2360
12027,4591,A05,0,A00,A0,A0,E0,0,0,2022,4,,,,,,1064
12031,4591,A05,0,A00,A0,A0,E0,0,0,2022,4,2075,2181,667,562,106,3863
12033,4591,A05,0,A00,A0,A0,E0,0,0,2022,4,740,788,278,231,48,2448
12035,4591,A05,0,A00,A0,A0,E0,0,0,2022,4,97,109,39,26,13,2051
12037,4591,A05,0,A00,A0,A0,E0,0,0,2022,4,29,28,,,-1,2581
12039,4591,A05,0,A00,A0,A0,E0,0,0,2022,4,9,10,,,1,4296
12045,4591,A05,0,A00,A0,A0,E0,0,0,2022,4,,,0,,,2912
12049,4591,A05,0,A00,A0,A0,E0,0,0,2022,4,,,,,,1113
12051,4591,A05,0,A00,A0,A0,E0,0,0,2022,4,,,,,,1326
12053,4591,A05,0,A00,A0,A0,E0,0,0,2022,4,228,246,78,59,19,2082
12055,4591,A05,0,A00,A0,A0,E0,0,0,2022,4,62,63,19,18,1,1828
12057,4591,A05,0,A00,A0,A0,E0,0,0,2022,4,2262,2372,591,480,110,2679
12061,4591,A05,0,A00,A0,A0,E0,0,0,2022,4,185,191,41,35,7,3121
12063,4591,A05,0,A00,A0,A0,E0,0,0,2022,4,10,9,4,4,-1,1756
12065,4591,A05,0,A00,A0,A0,E0,0,0,2022,4,,,0,,,1562
12067,4591,A05,0,A00,A0,A0,E0,0,0,2022,4,,,0,,,2376
12069,4591,A05,0,A00,A0,A0,E0,0,0,2022,4,515,582,245,178,67,2908
12071,4591,A05,0,A00,A0,A0,E0,0,0,2022,4,1141,1207,321,254,67,2432
12073,4591,A05,0,A00,A0,A0,E0,0,0,2022,4,599,657,231,173,58,2208
12075,4591,A05,0,A00,A0,A0,E0,0,0,2022,4,22,23,5,4,1,1978
12081,4591,A05,0,A00,A0,A0,E0,0,0,2022,4,499,555,164,107,57,2749
12083,4591,A05,0,A00,A0,A0,E0,0,0,2022,4,456,489,154,122,33,2279
12085,4591,A05,0,A00,A0,A0,E0,0,0,2022,4,320,341,92,70,21,2884
12086,4591,A05,0,A00,A0,A0,E0,0,0,2022,4,2802,3004,879,677,202,2862
12087,4591,A05,0,A00,A0,A0,E0,0,0,2022,4,262,260,61,63,-1,2132
12089,4591,A05,0,A00,A0,A0,E0,0,0,2022,4,91,106,45,30,15,2107
12091,4591,A05,0,A00,A0,A0,E0,0,0,2022,4,547,581,210,176,34,2507
12093,4591,A05,0,A00,A0,A0,E0,0,0,2022,4,53,52,11,11,0,1910
12095,4591,A05,0,A00,A0,A0,E0,0,0,2022,4,2799,3125,992,666,326,2393
12097,4591,A05,0,A00,A0,A0,E0,0,0,2022,4,483,548,231,165,66,2297
12099,4591,A05,0,A00,A0,A0,E0,0,0,2022,4,2081,2243,632,469,162,2591
12101,4591,A05,0,A00,A0,A0,E0,0,0,2022,4,523,602,216,137,80,2396
12103,4591,A05,0,A00,A0,A0,E0,0,0,2022,4,1542,1636,452,358,94,2778
12105,4591,A05,0,A00,A0,A0,E0,0,0,2022,4,903,990,320,233,86,2109
12107,4591,A05,0,A00,A0,A0,E0,0,0,2022,4,33,32,10,11,-1,4486
12109,4591,A05,0,A00,A0,A0,E0,0,0,2022,4,392,383,90,99,-9,2023
12111,4591,A05,0,A00,A0,A0,E0,0,0,2022,4,323,341,98,80,18,2104
12113,4591,A05,0,A00,A0,A0,E0,0,0,2022,4,204,216,63,51,11,2116
12115,4591,A05,0,A00,A0,A0,E0,0,0,2022,4,841,860,205,185,19,2720
12117,4591,A05,0,A00,A0,A0,E0,0,0,2022,4,1092,1165,338,265,73,2769
12119,4591,A05,0,A00,A0,A0,E0,0,0,2022,4,61,63,7,5,2,3429
12121,4591,A05,0,A00,A0,A0,E0,0,0,2022,4,23,22,8,8,0,1152
12123,4591,A05,0,A00,A0,A0,E0,0,0,2022,4,10,10,,,0,3706
12125,4591,A05,0,A00,A0,A0,E0,0,0,2022,4,,,,,,1176
12127,4591,A05,0,A00,A0,A0,E0,0,0,2022,4,857,918,263,202,61,2552
12129,4591,A05,0,A00,A0,A0,E0,0,0,2022,4,,,0,,,1993
12131,4591,A05,0,A00,A0,A0,E0,0,0,2022,4,175,197,64,41,23,2230
12133,4591,A05,0,A00,A0,A0,E0,0,0,2022,4,,,,,,584
12,4591,A05,0,A00,A0,A0,E0,0,0,2022,4,31456,33767,9988,7678,2310,2653
12001,4591,A05,0,A00,A0,A0,E0,0,0,2023,1,551,513,90,127,-37,2133
12003,4591,A05,0,A00,A0,A0,E0,0,0,2023,1,,,,,,929
12005,4591,A05,0,A00,A0,A0,E0,0,0,2023,1,458,437,93,113,-21,3106
12007,4591,A05,0,A00,A0,A0,E0,0,0,2023,1,,,0,0,,2523
12009,4591,A05,0,A00,A0,A0,E0,0,0,2023,1,878,830,121,168,-48,3036
12011,4591,A05,0,A00,A0,A0,E0,0,0,2023,1,2948,2655,415,707,-293,2622
12015,4591,A05,0,A00,A0,A0,E0,0,0,2023,1,126,128,24,22,2,2472
12017,4591,A05,0,A00,A0,A0,E0,0,0,2023,1,60,65,12,6,5,2362
12019,4591,A05,0,A00,A0,A0,E0,0,0,2023,1,250,229,39,60,-22,2249
12021,4591,A05,0,A00,A0,A0,E0,0,0,2023,1,897,845,131,183,-52,3965
12023,4591,A05,0,A00,A0,A0,E0,0,0,2023,1,178,157,32,53,-21,2765
12027,4591,A05,0,A00,A0,A0,E0,0,0,2023,1,,,,,,1322
12031,4591,A05,0,A00,A0,A0,E0,0,0,2023,1,2115,1965,306,456,-150,2889
12033,4591,A05,0,A00,A0,A0,E0,0,0,2023,1,789,736,130,183,-53,2974
12035,4591,A05,0,A00,A0,A0,E0,0,0,2023,1,119,113,22,27,-5,1732
12037,4591,A05,0,A00,A0,A0,E0,0,0,2023,1,28,28,3,3,0,2468
12039,4591,A05,0,A00,A0,A0,E0,0,0,2023,1,10,11,,,1,3151
12045,4591,A05,0,A00,A0,A0,E0,0,0,2023,1,51,50,4,5,0,2801
12049,4591,A05,0,A00,A0,A0,E0,0,0,2023,1,,,,,,1703
12051,4591,A05,0,A00,A0,A0,E0,0,0,2023,1,,,,,,1606
12053,4591,A05,0,A00,A0,A0,E0,0,0,2023,1,246,217,33,61,-29,1939
12055,4591,A05,0,A00,A0,A0,E0,0,0,2023,1,63,55,10,19,-9,1480
12057,4591,A05,0,A00,A0,A0,E0,0,0,2023,1,2375,2253,351,474,-122,2562
12061,4591,A05,0,A00,A0,A0,E0,0,0,2023,1,189,179,27,36,-9,3443
12063,4591,A05,0,A00,A0,A0,E0,0,0,2023,1,9,10,3,,1,1466
12065,4591,A05,0,A00,A0,A0,E0,0,0,2023,1,,,,,,1620
12067,4591,A05,0,A00,A0,A0,E0,0,0,2023,1,,,,0,,2735
12069,4591,A05,0,A00,A0,A0,E0,0,0,2023,1,592,505,74,162,-88,2807
12071,4591,A05,0,A00,A0,A0,E0,0,0,2023,1,1241,1193,221,270,-49,2980
12073,4591,A05,0,A00,A0,A0,E0,0,0,2023,1,656,615,103,144,-41,2207
12075,4591,A05,0,A00,A0,A0,E0,0,0,2023,1,23,25,8,6,2,1543
12081,4591,A05,0,A00,A0,A0,E0,0,0,2023,1,561,532,111,140,-30,2517
12083,4591,A05,0,A00,A0,A0,E0,0,0,2023,1,488,446,53,95,-42,2652
12085,4591,A05,0,A00,A0,A0,E0,0,0,2023,1,313,295,38,55,-18,2354
12086,4591,A05,0,A00,A0,A0,E0,0,0,2023,1,2983,2726,446,703,-257,2552
12087,4591,A05,0,A00,A0,A0,E0,0,0,2023,1,260,220,62,103,-40,2199
12089,4591,A05,0,A00,A0,A0,E0,0,0,2023,1,111,99,16,28,-12,2272
12091,4591,A05,0,A00,A0,A0,E0,0,0,2023,1,580,556,120,144,-24,2718
12093,4591,A05,0,A00,A0,A0,E0,0,0,2023,1,52,53,9,8,1,2283
12095,4591,A05,0,A00,A0,A0,E0,0,0,2023,1,3184,2890,476,770,-294,2268
12097,4591,A05,0,A00,A0,A0,E0,0,0,2023,1,547,436,73,184,-111,1977
12099,4591,A05,0,A00,A0,A0,E0,0,0,2023,1,2208,2042,323,489,-166,2394
12101,4591,A05,0,A00,A0,A0,E0,0,0,2023,1,611,523,73,162,-88,2057
12103,4591,A05,0,A00,A0,A0,E0,0,0,2023,1,1661,1585,283,359,-76,2308
12105,4591,A05,0,A00,A0,A0,E0,0,0,2023,1,989,926,164,227,-63,2104
12107,4591,A05,0,A00,A0,A0,E0,0,0,2023,1,32,32,6,7,0,1642
12109,4591,A05,0,A00,A0,A0,E0,0,0,2023,1,397,370,60,87,-27,1890
12111,4591,A05,0,A00,A0,A0,E0,0,0,2023,1,328,329,68,66,1,2002
12113,4591,A05,0,A00,A0,A0,E0,0,0,2023,1,207,189,30,48,-18,2005
12115,4591,A05,0,A00,A0,A0,E0,0,0,2023,1,848,806,141,183,-42,2605
12117,4591,A05,0,A00,A0,A0,E0,0,0,2023,1,1164,1054,145,255,-110,2768
12119,4591,A05,0,A00,A0,A0,E0,0,0,2023,1,55,91,42,7,36,3015
12121,4591,A05,0,A00,A0,A0,E0,0,0,2023,1,22,20,5,7,-2,1569
12123,4591,A05,0,A00,A0,A0,E0,0,0,2023,1,,,,0,,3441
12125,4591,A05,0,A00,A0,A0,E0,0,0,2023,1,,,0,,,515
12127,4591,A05,0,A00,A0,A0,E0,0,0,2023,1,914,834,129,209,-80,2285
12129,4591,A05,0,A00,A0,A0,E0,0,0,2023,1,,,0,0,,2230
12131,4591,A05,0,A00,A0,A0,E0,0,0,2023,1,197,205,42,35,8,1943
12133,4591,A05,0,A00,A0,A0,E0,0,0,2023,1,,,0,0,,947
12,4591,A05,0,A00,A0,A0,E0,0,0,2023,1,33650,31158,5188,7680,-2493,2543
12001,4591,A05,0,A00,A0,A0,E0,0,0,2023,2,513,518,119,114,4,2058
12003,4591,A05,0,A00,A0,A0,E0,0,0,2023,2,,,,,,992
12005,4591,A05,0,A00,A0,A0,E0,0,0,2023,2,438,454,110,95,15,2334
12007,4591,A05,0,A00,A0,A0,E0,0,0,2023,2,,,,0,,2825
12009,4591,A05,0,A00,A0,A0,E0,0,0,2023,2,827,814,123,137,-13,2230
12011,4591,A05,0,A00,A0,A0,E0,0,0,2023,2,2657,2686,513,484,29,2559
12015,4591,A05,0,A00,A0,A0,E0,0,0,2023,2,127,128,20,20,1,2582
12017,4591,A05,0,A00,A0,A0,E0,0,0,2023,2,65,66,9,8,1,2146
12019,4591,A05,0,A00,A0,A0,E0,0,0,2023,2,229,233,50,46,4,2112
12021,4591,A05,0,A00,A0,A0,E0,0,0,2023,2,852,829,145,168,-23,2465
12023,4591,A05,0,A00,A0,A0,E0,0,0,2023,2,157,160,37,35,3,2947
12027,4591,A05,0,A00,A0,A0,E0,0,0,2023,2,,,,,,1089
12031,4591,A05,0,A00,A0,A0,E0,0,0,2023,2,1975,2006,458,427,30,3141
12033,4591,A05,0,A00,A0,A0,E0,0,0,2023,2,736,717,144,163,-19,2279
12035,4591,A05,0,A00,A0,A0,E0,0,0,2023,2,113,116,20,17,2,1813
12037,4591,A05,0,A00,A0,A0,E0,0,0,2023,2,28,26,4,6,-2,2961
12039,4591,A05,0,A00,A0,A0,E0,0,0,2023,2,11,11,,,0,2900
12045,4591,A05,0,A00,A0,A0,E0,0,0,2023,2,50,53,5,3,2,2974
12049,4591,A05,0,A00,A0,A0,E0,0,0,2023,2,,,,,,1028
12051,4591,A05,0,A00,A0,A0,E0,0,0,2023,2,,,,,,1306
12053,4591,A05,0,A00,A0,A0,E0,0,0,2023,2,217,216,35,36,-1,1977
12055,4591,A05,0,A00,A0,A0,E0,0,0,2023,2,55,54,13,13,-1,1708
12057,4591,A05,0,A00,A0,A0,E0,0,0,2023,2,2235,2219,372,388,-16,2467
12061,4591,A05,0,A00,A0,A0,E0,0,0,2023,2,178,178,34,33,0,3056
12063,4591,A05,0,A00,A0,A0,E0,0,0,2023,2,10,9,,,-1,1753
12065,4591,A05,0,A00,A0,A0,E0,0,0,2023,2,,,,,,1492
12067,4591,A05,0,A00,A0,A0,E0,0,0,2023,2,,,0,0,,2709
12069,4591,A05,0,A00,A0,A0,E0,0,0,2023,2,523,509,79,92,-14,2695
12071,4591,A05,0,A00,A0,A0,E0,0,0,2023,2,1191,1144,188,236,-48,2513
12073,4591,A05,0,A00,A0,A0,E0,0,0,2023,2,615,612,123,125,-2,1994
12075,4591,A05,0,A00,A0,A0,E0,0,0,2023,2,25,25,5,6,-1,1327
12081,4591,A05,0,A00,A0,A0,E0,0,0,2023,2,529,517,108,120,-12,2578
12083,4591,A05,0,A00,A0,A0,E0,0,0,2023,2,437,434,80,82,-3,2166
12085,4591,A05,0,A00,A0,A0,E0,0,0,2023,2,295,279,38,55,-17,2451
12086,4591,A05,0,A00,A0,A0,E0,0,0,2023,2,2730,2764,547,513,34,2701
12087,4591,A05,0,A00,A0,A0,E0,0,0,2023,2,220,223,51,48,3,2464
12089,4591,A05,0,A00,A0,A0,E0,0,0,2023,2,99,100,23,23,0,2328
12091,4591,A05,0,A00,A0,A0,E0,0,0,2023,2,551,575,154,130,24,2375
12093,4591,A05,0,A00,A0,A0,E0,0,0,2023,2,53,49,7,11,-4,2022
12095,4591,A05,0,A00,A0,A0,E0,0,0,2023,2,2884,2878,537,543,-6,2304
12097,4591,A05,0,A00,A0,A0,E0,0,0,2023,2,436,415,81,102,-21,2080
12099,4591,A05,0,A00,A0,A0,E0,0,0,2023,2,2043,2068,402,376,25,2461
12101,4591,A05,0,A00,A0,A0,E0,0,0,2023,2,524,527,102,98,3,2015
12103,4591,A05,0,A00,A0,A0,E0,0,0,2023,2,1595,1563,297,329,-32,2295
12105,4591,A05,0,A00,A0,A0,E0,0,0,2023,2,926,909,161,178,-17,1985
12107,4591,A05,0,A00,A0,A0,E0,0,0,2023,2,32,28,7,10,-3,1744
12109,4591,A05,0,A00,A0,A0,E0,0,0,2023,2,370,384,85,71,14,2051
12111,4591,A05,0,A00,A0,A0,E0,0,0,2023,2,332,334,56,55,2,2151
12113,4591,A05,0,A00,A0,A0,E0,0,0,2023,2,188,193,42,37,5,1943
12115,4591,A05,0,A00,A0,A0,E0,0,0,2023,2,808,796,128,140,-12,2311
12117,4591,A05,0,A00,A0,A0,E0,0,0,2023,2,1043,1032,166,176,-10,2648
12119,4591,A05,0,A00,A0,A0,E0,0,0,2023,2,91,96,15,9,5,2812
12121,4591,A05,0,A00,A0,A0,E0,0,0,2023,2,20,17,5,8,-3,1237
12123,4591,A05,0,A00,A0,A0,E0,0,0,2023,2,,,,0,,3180
12125,4591,A05,0,A00,A0,A0,E0,0,0,2023,2,,,,,,998
12127,4591,A05,0,A00,A0,A0,E0,0,0,2023,2,840,842,155,154,1,2383
12129,4591,A05,0,A00,A0,A0,E0,0,0,2023,2,,0,0,,,743
12131,4591,A05,0,A00,A0,A0,E0,0,0,2023,2,205,219,69,55,14,1951
12133,4591,A05,0,A00,A0,A0,E0,0,0,2023,2,,0,0,,0,400
12,4591,A05,0,A00,A0,A0,E0,0,0,2023,2,31159,31102,5945,6002,-57,2437
12001,4591,A05,0,A00,A0,A0,E0,0,0,2023,3,518,509,121,130,-9,2167
12003,4591,A05,0,A00,A0,A0,E0,0,0,2023,3,,,,,,910
12005,4591,A05,0,A00,A0,A0,E0,0,0,2023,3,454,444,116,127,-10,2386
12007,4591,A05,0,A00,A0,A0,E0,0,0,2023,3,,,0,0,,2767
12009,4591,A05,0,A00,A0,A0,E0,0,0,2023,3,810,821,154,143,11,2361
12011,4591,A05,0,A00,A0,A0,E0,0,0,2023,3,2679,2686,578,571,7,2708
12015,4591,A05,0,A00,A0,A0,E0,0,0,2023,3,128,129,23,22,1,2470
12017,4591,A05,0,A00,A0,A0,E0,0,0,2023,3,66,66,5,5,0,2464
12019,4591,A05,0,A00,A0,A0,E0,0,0,2023,3,233,234,61,60,1,2135
12021,4591,A05,0,A00,A0,A0,E0,0,0,2023,3,829,843,178,163,14,2636
12023,4591,A05,0,A00,A0,A0,E0,0,0,2023,3,159,161,43,41,2,2496
12027,4591,A05,0,A00,A0,A0,E0,0,0,2023,3,,,,,,1459
12031,4591,A05,0,A00,A0,A0,E0,0,0,2023,3,2006,1975,458,489,-31,2714
12033,4591,A05,0,A00,A0,A0,E0,0,0,2023,3,692,701,184,175,9,2284
12035,4591,A05,0,A00,A0,A0,E0,0,0,2023,3,116,122,29,23,6,1889
12037,4591,A05,0,A00,A0,A0,E0,0,0,2023,3,26,28,7,5,2,3252
12039,4591,A05,0,A00,A0,A0,E0,0,0,2023,3,11,10,,3,-1,2763
12045,4591,A05,0,A00,A0,A0,E0,0,0,2023,3,53,48,4,9,-5,2863
12049,4591,A05,0,A00,A0,A0,E0,0,0,2023,3,,,,,,1511
12051,4591,A05,0,A00,A0,A0,E0,0,0,2023,3,,,,,,1390
12053,4591,A05,0,A00,A0,A0,E0,0,0,2023,3,216,174,41,84,-43,1972
12055,4591,A05,0,A00,A0,A0,E0,0,0,2023,3,54,56,15,14,2,1786
12057,4591,A05,0,A00,A0,A0,E0,0,0,2023,3,2218,2166,384,435,-52,2610
12061,4591,A05,0,A00,A0,A0,E0,0,0,2023,3,178,177,37,38,-1,2624
12063,4591,A05,0,A00,A0,A0,E0,0,0,2023,3,9,10,4,3,1,1769
12065,4591,A05,0,A00,A0,A0,E0,0,0,2023,3,,,,,,1229
12067,4591,A05,0,A00,A0,A0,E0,0,0,2023,3,,,0,0,,2738
12069,4591,A05,0,A00,A0,A0,E0,0,0,2023,3,509,556,167,120,47,2736
12071,4591,A05,0,A00,A0,A0,E0,0,0,2023,3,1156,1150,253,260,-7,2587
12073,4591,A05,0,A00,A0,A0,E0,0,0,2023,3,612,609,127,130,-3,2017
12075,4591,A05,0,A00,A0,A0,E0,0,0,2023,3,25,18,6,13,-6,1322
12081,4591,A05,0,A00,A0,A0,E0,0,0,2023,3,515,523,133,124,9,2706
12083,4591,A05,0,A00,A0,A0,E0,0,0,2023,3,421,411,87,97,-10,2256
12085,4591,A05,0,A00,A0,A0,E0,0,0,2023,3,278,280,58,56,2,2594
12086,4591,A05,0,A00,A0,A0,E0,0,0,2023,3,2772,2798,608,582,26,2775
12087,4591,A05,0,A00,A0,A0,E0,0,0,2023,3,222,213,48,58,-10,2455
12089,4591,A05,0,A00,A0,A0,E0,0,0,2023,3,100,103,32,29,3,2451
12091,4591,A05,0,A00,A0,A0,E0,0,0,2023,3,574,547,147,175,-28,2345
12093,4591,A05,0,A00,A0,A0,E0,0,0,2023,3,49,52,10,7,3,2264
12095,4591,A05,0,A00,A0,A0,E0,0,0,2023,3,2885,2881,635,639,-4,2444
12097,4591,A05,0,A00,A0,A0,E0,0,0,2023,3,415,433,121,102,19,2422
12099,4591,A05,0,A00,A0,A0,E0,0,0,2023,3,2073,2061,406,419,-13,2557
12101,4591,A05,0,A00,A0,A0,E0,0,0,2023,3,528,556,132,104,28,2151
12103,4591,A05,0,A00,A0,A0,E0,0,0,2023,3,1565,1527,301,339,-38,2369
12105,4591,A05,0,A00,A0,A0,E0,0,0,2023,3,912,910,213,215,-2,2094
12107,4591,A05,0,A00,A0,A0,E0,0,0,2023,3,28,29,8,7,0,1561
12109,4591,A05,0,A00,A0,A0,E0,0,0,2023,3,384,358,63,89,-26,2018
12111,4591,A05,0,A00,A0,A0,E0,0,0,2023,3,334,356,84,62,22,2110
12113,4591,A05,0,A00,A0,A0,E0,0,0,2023,3,189,179,47,57,-10,1942
12115,4591,A05,0,A00,A0,A0,E0,0,0,2023,3,793,803,165,155,10,2284
12117,4591,A05,0,A00,A0,A0,E0,0,0,2023,3,1031,1063,255,223,31,2820
12119,4591,A05,0,A00,A0,A0,E0,0,0,2023,3,96,113,34,18,16,3119
12121,4591,A05,0,A00,A0,A0,E0,0,0,2023,3,17,16,5,6,-1,1711
12123,4591,A05,0,A00,A0,A0,E0,0,0,2023,3,,,0,,,2972
12125,4591,A05,0,A00,A0,A0,E0,0,0,2023,3,,,,,,260
12127,4591,A05,0,A00,A0,A0,E0,0,0,2023,3,840,863,191,168,24,2473
12129,4591,A05,0,A00,A0,A0,E0,0,0,2023,3,0,,,0,,
12131,4591,A05,0,A00,A0,A0,E0,0,0,2023,3,219,188,44,75,-31,2101
12,4591,A05,0,A00,A0,A0,E0,0,0,2023,3,31077,31026,6847,6899,-52,2498
12001,4591,A05,0,A00,A0,A0,E0,0,0,2023,4,509,577,184,116,68,2376
12003,4591,A05,0,A00,A0,A0,E0,0,0,2023,4,,,,,,1192
12005,4591,A05,0,A00,A0,A0,E0,0,0,2023,4,444,457,143,130,13,2443
12007,4591,A05,0,A00,A0,A0,E0,0,0,2023,4,,,0,,,2813
12009,4591,A05,0,A00,A0,A0,E0,0,0,2023,4,822,869,238,190,47,2456
12011,4591,A05,0,A00,A0,A0,E0,0,0,2023,4,2686,3021,925,590,335,3105
12015,4591,A05,0,A00,A0,A0,E0,0,0,2023,4,125,132,31,25,6,2714
12017,4591,A05,0,A00,A0,A0,E0,0,0,2023,4,66,59,3,11,-8,2508
12019,4591,A05,0,A00,A0,A0,E0,0,0,2023,4,234,253,71,52,19,2130
12021,4591,A05,0,A00,A0,A0,E0,0,0,2023,4,825,906,234,153,80,2500
12023,4591,A05,0,A00,A0,A0,E0,0,0,2023,4,162,180,66,48,19,3049
12027,4591,A05,0,A00,A0,A0,E0,0,0,2023,4,,,,,,1381
12031,4591,A05,0,A00,A0,A0,E0,0,0,2023,4,1974,2187,700,487,213,4210
12033,4591,A05,0,A00,A0,A0,E0,0,0,2023,4,700,776,256,180,75,2338
12035,4591,A05,0,A00,A0,A0,E0,0,0,2023,4,122,131,34,25,10,2196
12037,4591,A05,0,A00,A0,A0,E0,0,0,2023,4,28,21,,9,-8,2791
12039,4591,A05,0,A00,A0,A0,E0,0,0,2023,4,10,11,,0,1,3002
12045,4591,A05,0,A00,A0,A0,E0,0,0,2023,4,48,50,5,,3,3678
12049,4591,A05,0,A00,A0,A0,E0,0,0,2023,4,,,,,,1299
12051,4591,A05,0,A00,A0,A0,E0,0,0,2023,4,,,,,,1421
12053,4591,A05,0,A00,A0,A0,E0,0,0,2023,4,174,214,83,42,41,2047
12055,4591,A05,0,A00,A0,A0,E0,0,0,2023,4,56,58,21,18,2,1929
12057,4591,A05,0,A00,A0,A0,E0,0,0,2023,4,2182,2393,604,392,212,2782
12061,4591,A05,0,A00,A0,A0,E0,0,0,2023,4,177,182,37,31,5,2904
12063,4591,A05,0,A00,A0,A0,E0,0,0,2023,4,10,11,3,,1,1998
12065,4591,A05,0,A00,A0,A0,E0,0,0,2023,4,,,,,,1729
12067,4591,A05,0,A00,A0,A0,E0,0,0,2023,4,,,0,0,,2722
12069,4591,A05,0,A00,A0,A0,E0,0,0,2023,4,556,630,238,164,74,3238
12071,4591,A05,0,A00,A0,A0,E0,0,0,2023,4,1163,1293,369,239,130,2708
12073,4591,A05,0,A00,A0,A0,E0,0,0,2023,4,609,659,182,132,50,2237
12075,4591,A05,0,A00,A0,A0,E0,0,0,2023,4,18,20,7,5,2,1520
12081,4591,A05,0,A00,A0,A0,E0,0,0,2023,4,554,599,181,137,44,2765
12083,4591,A05,0,A00,A0,A0,E0,0,0,2023,4,411,471,154,93,61,2442
12085,4591,A05,0,A00,A0,A0,E0,0,0,2023,4,281,310,84,55,29,2633
12086,4591,A05,0,A00,A0,A0,E0,0,0,2023,4,2795,3048,875,622,253,2860
12087,4591,A05,0,A00,A0,A0,E0,0,0,2023,4,213,201,28,40,-12,2458
12089,4591,A05,0,A00,A0,A0,E0,0,0,2023,4,103,126,55,32,22,2553
12091,4591,A05,0,A00,A0,A0,E0,0,0,2023,4,546,594,207,160,47,2564
12093,4591,A05,0,A00,A0,A0,E0,0,0,2023,4,52,52,7,6,0,2257
12095,4591,A05,0,A00,A0,A0,E0,0,0,2023,4,2876,3280,1042,637,404,2490
12097,4591,A05,0,A00,A0,A0,E0,0,0,2023,4,433,539,240,134,106,2381
12099,4591,A05,0,A00,A0,A0,E0,0,0,2023,4,2062,2262,635,435,200,2667
12101,4591,A05,0,A00,A0,A0,E0,0,0,2023,4,556,650,236,142,94,2191
12103,4591,A05,0,A00,A0,A0,E0,0,0,2023,4,1527,1672,487,343,145,3094
12105,4591,A05,0,A00,A0,A0,E0,0,0,2023,4,914,987,296,223,73,2150
12107,4591,A05,0,A00,A0,A0,E0,0,0,2023,4,29,31,10,8,2,1348
12109,4591,A05,0,A00,A0,A0,E0,0,0,2023,4,358,393,120,85,36,2098
12111,4591,A05,0,A00,A0,A0,E0,0,0,2023,4,356,371,103,88,15,2133
12113,4591,A05,0,A00,A0,A0,E0,0,0,2023,4,179,186,63,56,7,1959
12115,4591,A05,0,A00,A0,A0,E0,0,0,2023,4,800,888,254,165,88,2398
12117,4591,A05,0,A00,A0,A0,E0,0,0,2023,4,1074,1179,346,241,105,2909
12119,4591,A05,0,A00,A0,A0,E0,0,0,2023,4,113,121,41,33,8,3001
12121,4591,A05,0,A00,A0,A0,E0,0,0,2023,4,16,20,9,6,3,1638
12123,4591,A05,0,A00,A0,A0,E0,0,0,2023,4,,,,,,3289
12125,4591,A05,0,A00,A0,A0,E0,0,0,2023,4,,,,,,1327
12127,4591,A05,0,A00,A0,A0,E0,0,0,2023,4,863,971,307,200,107,2534
12129,4591,A05,0,A00,A0,A0,E0,0,0,2023,4,,,0,0,,1574
12131,4591,A05,0,A00,A0,A0,E0,0,0,2023,4,188,202,56,42,14,2204
12,4591,A05,0,A00,A0,A0,E0,0,0,2023,4,31070,34317,10296,7049,3247,2747
12001,4591,A05,0,A00,A0,A0,E0,0,0,2024,1,576,518,75,133,-58,2124
12003,4591,A05,0,A00,A0,A0,E0,0,0,2024,1,,,,,,944
12005,4591,A05,0,A00,A0,A0,E0,0,0,2024,1,426,386,62,102,-40,2345
12007,4591,A05,0,A00,A0,A0,E0,0,0,2024,1,,,0,0,,2395
12009,4591,A05,0,A00,A0,A0,E0,0,0,2024,1,866,789,80,157,-77,2228
12011,4591,A05,0,A00,A0,A0,E0,0,0,2024,1,3078,2770,387,695,-308,2644
12015,4591,A05,0,A00,A0,A0,E0,0,0,2024,1,131,129,20,23,-3,2458
12017,4591,A05,0,A00,A0,A0,E0,0,0,2024,1,78,85,16,9,7,2511
12019,4591,A05,0,A00,A0,A0,E0,0,0,2024,1,253,243,35,44,-10,2190
12021,4591,A05,0,A00,A0,A0,E0,0,0,2024,1,862,848,164,178,-14,3739
12023,4591,A05,0,A00,A0,A0,E0,0,0,2024,1,166,155,34,45,-11,1989
12027,4591,A05,0,A00,A0,A0,E0,0,0,2024,1,,,,,,1526
12031,4591,A05,0,A00,A0,A0,E0,0,0,2024,1,2176,1974,299,501,-201,2921
12033,4591,A05,0,A00,A0,A0,E0,0,0,2024,1,779,678,110,211,-101,2210
12035,4591,A05,0,A00,A0,A0,E0,0,0,2024,1,131,120,10,21,-11,2071
12037,4591,A05,0,A00,A0,A0,E0,0,0,2024,1,21,22,,,1,2802
12039,4591,A05,0,A00,A0,A0,E0,0,0,2024,1,11,10,,,0,2916
12045,4591,A05,0,A00,A0,A0,E0,0,0,2024,1,,,,,,2848
12049,4591,A05,0,A00,A0,A0,E0,0,0,2024,1,,,,,,1613
12051,4591,A05,0,A00,A0,A0,E0,0,0,2024,1,,,,,,1603
12053,4591,A05,0,A00,A0,A0,E0,0,0,2024,1,214,240,79,53,26,1699
12055,4591,A05,0,A00,A0,A0,E0,0,0,2024,1,58,58,12,11,1,1928
12057,4591,A05,0,A00,A0,A0,E0,0,0,2024,1,2454,2320,311,445,-134,2460
12061,4591,A05,0,A00,A0,A0,E0,0,0,2024,1,184,187,37,34,3,2698
12063,4591,A05,0,A00,A0,A0,E0,0,0,2024,1,11,11,3,,0,1838
12065,4591,A05,0,A00,A0,A0,E0,0,0,2024,1,,,,0,,2131
12067,4591,A05,0,A00,A0,A0,E0,0,0,2024,1,,,0,0,,2776
12069,4591,A05,0,A00,A0,A0,E0,0,0,2024,1,507,447,49,109,-60,2582
12071,4591,A05,0,A00,A0,A0,E0,0,0,2024,1,1289,1195,163,257,-94,2847
12073,4591,A05,0,A00,A0,A0,E0,0,0,2024,1,658,618,86,126,-40,2058
12075,4591,A05,0,A00,A0,A0,E0,0,0,2024,1,20,20,6,6,0,1482
12081,4591,A05,0,A00,A0,A0,E0,0,0,2024,1,603,557,95,141,-47,2504
12083,4591,A05,0,A00,A0,A0,E0,0,0,2024,1,467,417,51,101,-50,2679
12085,4591,A05,0,A00,A0,A0,E0,0,0,2024,1,305,283,48,70,-22,2327
12086,4591,A05,0,A00,A0,A0,E0,0,0,2024,1,3002,2761,402,643,-241,2661
12087,4591,A05,0,A00,A0,A0,E0,0,0,2024,1,201,207,92,85,7,2515
12089,4591,A05,0,A00,A0,A0,E0,0,0,2024,1,125,104,26,47,-21,2116
12091,4591,A05,0,A00,A0,A0,E0,0,0,2024,1,593,546,112,159,-47,2318
12093,4591,A05,0,A00,A0,A0,E0,0,0,2024,1,52,49,8,11,-3,2293
12095,4591,A05,0,A00,A0,A0,E0,0,0,2024,1,3240,2834,402,808,-406,2294
12097,4591,A05,0,A00,A0,A0,E0,0,0,2024,1,539,445,66,160,-94,2147
12099,4591,A05,0,A00,A0,A0,E0,0,0,2024,1,2340,2186,324,478,-154,2669
12101,4591,A05,0,A00,A0,A0,E0,0,0,2024,1,643,550,73,166,-93,1849
12103,4591,A05,0,A00,A0,A0,E0,0,0,2024,1,1660,1536,257,382,-124,2293
12105,4591,A05,0,A00,A0,A0,E0,0,0,2024,1,986,918,151,218,-67,2055
12107,4591,A05,0,A00,A0,A0,E0,0,0,2024,1,31,33,9,6,3,1525
12109,4591,A05,0,A00,A0,A0,E0,0,0,2024,1,374,344,43,72,-29,1970
12111,4591,A05,0,A00,A0,A0,E0,0,0,2024,1,373,342,36,67,-31,2120
12113,4591,A05,0,A00,A0,A0,E0,0,0,2024,1,184,184,42,42,0,1881
12115,4591,A05,0,A00,A0,A0,E0,0,0,2024,1,889,842,124,171,-47,2492
12117,4591,A05,0,A00,A0,A0,E0,0,0,2024,1,1172,1081,132,224,-92,2824
12119,4591,A05,0,A00,A0,A0,E0,0,0,2024,1,121,96,5,29,-24,2582
12121,4591,A05,0,A00,A0,A0,E0,0,0,2024,1,20,19,6,7,0,1724
12123,4591,A05,0,A00,A0,A0,E0,0,0,2024,1,,,0,0,,3093
12125,4591,A05,0,A00,A0,A0,E0,0,0,2024,1,,,,,,502
12127,4591,A05,0,A00,A0,A0,E0,0,0,2024,1,961,842,107,225,-119,2150
12129,4591,A05,0,A00,A0,A0,E0,0,0,2024,1,,0,0,,,2103
12131,4591,A05,0,A00,A0,A0,E0,0,0,2024,1,201,196,45,50,-5,1889
12,4591,A05,0,A00,A0,A0,E0,0,0,2024,1,34158,31323,4716,7551,-2835,2483
12001,4591,A05,0,A00,A0,A0,E0,0,0,2024,2,517,477,79,119,-41,2069
12003,4591,A05,0,A00,A0,A0,E0,0,0,2024,2,,,,,,878
12005,4591,A05,0,A00,A0,A0,E0,0,0,2024,2,389,400,85,74,11,2424
12007,4591,A05,0,A00,A0,A0,E0,0,0,2024,2,,,,0,,2511
12009,4591,A05,0,A00,A0,A0,E0,0,0,2024,2,788,788,123,123,0,2359
12011,4591,A05,0,A00,A0,A0,E0,0,0,2024,2,2759,2671,391,478,-87,2619
12015,4591,A05,0,A00,A0,A0,E0,0,0,2024,2,128,126,19,21,-3,2553
12017,4591,A05,0,A00,A0,A0,E0,0,0,2024,2,85,77,10,17,-8,2631
12019,4591,A05,0,A00,A0,A0,E0,0,0,2024,2,243,238,38,42,-4,2160
12021,4591,A05,0,A00,A0,A0,E0,0,0,2024,2,848,788,125,184,-59,2388
12023,4591,A05,0,A00,A0,A0,E0,0,0,2024,2,155,139,32,49,-16,1886
12027,4591,A05,0,A00,A0,A0,E0,0,0,2024,2,,,,,,1438
12031,4591,A05,0,A00,A0,A0,E0,0,0,2024,2,1973,1969,364,368,-4,3437
12033,4591,A05,0,A00,A0,A0,E0,0,0,2024,2,677,672,138,143,-5,2200
12035,4591,A05,0,A00,A0,A0,E0,0,0,2024,2,120,114,18,23,-5,2192
12037,4591,A05,0,A00,A0,A0,E0,0,0,2024,2,22,23,4,4,1,2504
12039,4591,A05,0,A00,A0,A0,E0,0,0,2024,2,10,11,,,1,2944
12045,4591,A05,0,A00,A0,A0,E0,0,0,2024,2,,,,,,2993
12049,4591,A05,0,A00,A0,A0,E0,0,0,2024,2,,,,,,1179
12051,4591,A05,0,A00,A0,A0,E0,0,0,2024,2,,,,,,1389
12053,4591,A05,0,A00,A0,A0,E0,0,0,2024,2,240,235,34,39,-5,2039
12055,4591,A05,0,A00,A0,A0,E0,0,0,2024,2,58,65,26,19,7,1639
12057,4591,A05,0,A00,A0,A0,E0,0,0,2024,2,2314,2285,369,398,-29,2497
12061,4591,A05,0,A00,A0,A0,E0,0,0,2024,2,187,175,31,42,-12,2638
12063,4591,A05,0,A00,A0,A0,E0,0,0,2024,2,11,8,,5,-3,1536
12065,4591,A05,0,A00,A0,A0,E0,0,0,2024,2,,,0,0,,2006
12067,4591,A05,0,A00,A0,A0,E0,0,0,2024,2,,,0,0,,2767
12069,4591,A05,0,A00,A0,A0,E0,0,0,2024,2,446,430,60,76,-16,2600
12071,4591,A05,0,A00,A0,A0,E0,0,0,2024,2,1194,1152,201,243,-42,2465
12073,4591,A05,0,A00,A0,A0,E0,0,0,2024,2,618,608,100,110,-10,2023
12075,4591,A05,0,A00,A0,A0,E0,0,0,2024,2,20,19,6,7,-1,1302
12081,4591,A05,0,A00,A0,A0,E0,0,0,2024,2,556,554,116,118,-1,2663
12083,4591,A05,0,A00,A0,A0,E0,0,0,2024,2,416,394,54,75,-22,2260
12085,4591,A05,0,A00,A0,A0,E0,0,0,2024,2,282,268,48,62,-14,2529
12086,4591,A05,0,A00,A0,A0,E0,0,0,2024,2,2752,2649,417,520,-103,2689
12087,4591,A05,0,A00,A0,A0,E0,0,0,2024,2,207,209,48,47,2,2638
12089,4591,A05,0,A00,A0,A0,E0,0,0,2024,2,105,105,30,30,0,2229
12091,4591,A05,0,A00,A0,A0,E0,0,0,2024,2,544,537,120,127,-7,2335
12093,4591,A05,0,A00,A0,A0,E0,0,0,2024,2,49,48,6,8,-2,2292
12095,4591,A05,0,A00,A0,A0,E0,0,0,2024,2,2824,2777,491,537,-46,2343
12097,4591,A05,0,A00,A0,A0,E0,0,0,2024,2,444,425,72,92,-20,2275
12099,4591,A05,0,A00,A0,A0,E0,0,0,2024,2,2199,2147,355,407,-52,2726
12101,4591,A05,0,A00,A0,A0,E0,0,0,2024,2,550,537,92,105,-13,1997
12103,4591,A05,0,A00,A0,A0,E0,0,0,2024,2,1555,1544,266,276,-11,2467
12105,4591,A05,0,A00,A0,A0,E0,0,0,2024,2,918,895,162,185,-23,2020
12107,4591,A05,0,A00,A0,A0,E0,0,0,2024,2,33,34,6,5,1,1207
12109,4591,A05,0,A00,A0,A0,E0,0,0,2024,2,344,330,50,64,-14,1955
12111,4591,A05,0,A00,A0,A0,E0,0,0,2024,2,342,328,45,59,-14,2106
12113,4591,A05,0,A00,A0,A0,E0,0,0,2024,2,183,196,66,54,12,1979
12115,4591,A05,0,A00,A0,A0,E0,0,0,2024,2,841,818,120,143,-23,2244
12117,4591,A05,0,A00,A0,A0,E0,0,0,2024,2,1086,1076,168,177,-9,2741
12119,4591,A05,0,A00,A0,A0,E0,0,0,2024,2,96,89,6,14,-8,2764
12121,4591,A05,0,A00,A0,A0,E0,0,0,2024,2,19,20,7,6,1,1368
12123,4591,A05,0,A00,A0,A0,E0,0,0,2024,2,,,0,0,,3275
12125,4591,A05,0,A00,A0,A0,E0,0,0,2024,2,,,0,0,,849
12127,4591,A05,0,A00,A0,A0,E0,0,0,2024,2,842,829,116,129,-13,2308
12131,4591,A05,0,A00,A0,A0,E0,0,0,2024,2,196,209,53,40,13,2181
12,4591,A05,0,A00,A0,A0,E0,0,0,2024,2,31310,30618,5193,5885,-691,2494
12001,4591,A05,0,A00,A0,A0,E0,0,0,2024,3,477,490,109,95,14,2305
12003,4591,A05,0,A00,A0,A0,E0,0,0,2024,3,,,,,,1117
12005,4591,A05,0,A00,A0,A0,E0,0,0,2024,3,401,423,123,100,22,2559
12007,4591,A05,0,A00,A0,A0,E0,0,0,2024,3,,,0,,,2131
12009,4591,A05,0,A00,A0,A0,E0,0,0,2024,3,787,799,147,135,12,2499
12011,4591,A05,0,A00,A0,A0,E0,0,0,2024,3,2643,2702,591,532,59,2828
12015,4591,A05,0,A00,A0,A0,E0,0,0,2024,3,121,119,16,18,-2,2546
12017,4591,A05,0,A00,A0,A0,E0,0,0,2024,3,77,83,18,12,6,2757
12019,4591,A05,0,A00,A0,A0,E0,0,0,2024,3,238,250,63,51,12,2217
12021,4591,A05,0,A00,A0,A0,E0,0,0,2024,3,787,803,183,167,16,2489
12023,4591,A05,0,A00,A0,A0,E0,0,0,2024,3,138,156,53,36,18,2248
12027,4591,A05,0,A00,A0,A0,E0,0,0,2024,3,,,,,,1558
12031,4591,A05,0,A00,A0,A0,E0,0,0,2024,3,1969,1967,440,441,-2,2951
12033,4591,A05,0,A00,A0,A0,E0,0,0,2024,3,669,711,217,175,42,2272
12035,4591,A05,0,A00,A0,A0,E0,0,0,2024,3,114,124,23,14,9,2345
12037,4591,A05,0,A00,A0,A0,E0,0,0,2024,3,23,21,6,8,-2,3318
12039,4591,A05,0,A00,A0,A0,E0,0,0,2024,3,11,11,,,0,2983
12045,4591,A05,0,A00,A0,A0,E0,0,0,2024,3,,,,,,2928
12049,4591,A05,0,A00,A0,A0,E0,0,0,2024,3,,,,,,1403
12051,4591,A05,0,A00,A0,A0,E0,0,0,2024,3,,,,,,1618
12053,4591,A05,0,A00,A0,A0,E0,0,0,2024,3,235,244,52,42,10,2056
12055,4591,A05,0,A00,A0,A0,E0,0,0,2024,3,65,65,18,19,0,1845
12057,4591,A05,0,A00,A0,A0,E0,0,0,2024,3,2286,2317,460,430,31,2641
12061,4591,A05,0,A00,A0,A0,E0,0,0,2024,3,169,167,23,25,-2,2516
12063,4591,A05,0,A00,A0,A0,E0,0,0,2024,3,8,9,4,3,1,1993
12065,4591,A05,0,A00,A0,A0,E0,0,0,2024,3,,,,,,1913
12067,4591,A05,0,A00,A0,A0,E0,0,0,2024,3,,,0,0,,2752
12069,4591,A05,0,A00,A0,A0,E0,0,0,2024,3,430,447,110,93,17,2490
12071,4591,A05,0,A00,A0,A0,E0,0,0,2024,3,1151,1190,252,213,39,2567
12073,4591,A05,0,A00,A0,A0,E0,0,0,2024,3,608,644,147,111,36,2213
12075,4591,A05,0,A00,A0,A0,E0,0,0,2024,3,19,16,6,8,-2,1658
12081,4591,A05,0,A00,A0,A0,E0,0,0,2024,3,554,567,146,133,13,2663
12083,4591,A05,0,A00,A0,A0,E0,0,0,2024,3,393,403,90,80,9,2342
12085,4591,A05,0,A00,A0,A0,E0,0,0,2024,3,268,283,55,40,15,2492
12086,4591,A05,0,A00,A0,A0,E0,0,0,2024,3,2640,2672,550,518,32,2892
12087,4591,A05,0,A00,A0,A0,E0,0,0,2024,3,209,191,34,52,-18,2642
12089,4591,A05,0,A00,A0,A0,E0,0,0,2024,3,106,133,59,31,28,2517
12091,4591,A05,0,A00,A0,A0,E0,0,0,2024,3,536,547,162,152,11,2378
12093,4591,A05,0,A00,A0,A0,E0,0,0,2024,3,48,44,6,10,-4,2205
12095,4591,A05,0,A00,A0,A0,E0,0,0,2024,3,2791,2820,623,594,29,2420
12097,4591,A05,0,A00,A0,A0,E0,0,0,2024,3,424,461,132,96,36,2585
12099,4591,A05,0,A00,A0,A0,E0,0,0,2024,3,2153,2170,402,386,17,2937
12101,4591,A05,0,A00,A0,A0,E0,0,0,2024,3,537,577,162,122,40,2182
12103,4591,A05,0,A00,A0,A0,E0,0,0,2024,3,1537,1520,308,325,-18,2505
12105,4591,A05,0,A00,A0,A0,E0,0,0,2024,3,894,894,203,204,-1,2176
12107,4591,A05,0,A00,A0,A0,E0,0,0,2024,3,34,38,11,8,3,1932
12109,4591,A05,0,A00,A0,A0,E0,0,0,2024,3,330,342,87,75,12,2070
12111,4591,A05,0,A00,A0,A0,E0,0,0,2024,3,327,338,59,48,11,2283
12113,4591,A05,0,A00,A0,A0,E0,0,0,2024,3,196,194,51,52,-2,2123
12115,4591,A05,0,A00,A0,A0,E0,0,0,2024,3,818,816,150,152,-2,2210
12117,4591,A05,0,A00,A0,A0,E0,0,0,2024,3,1054,1071,207,191,17,2870
12119,4591,A05,0,A00,A0,A0,E0,0,0,2024,3,89,102,35,23,13,2837
12121,4591,A05,0,A00,A0,A0,E0,0,0,2024,3,20,21,7,7,0,1473
12123,4591,A05,0,A00,A0,A0,E0,0,0,2024,3,,,0,0,,2961
12125,4591,A05,0,A00,A0,A0,E0,0,0,2024,3,,,,,,904
12127,4591,A05,0,A00,A0,A0,E0,0,0,2024,3,833,870,186,149,37,2409
12131,4591,A05,0,A00,A0,A0,E0,0,0,2024,3,209,192,47,63,-16,2342
12,4591,A05,0,A00,A0,A0,E0,0,0,2024,3,30556,31151,6862,6267,595,2584
12001,4591,A05,0,A00,A0,A0,E0,0,0,2024,4,489,554,171,106,65,2478
12003,4591,A05,0,A00,A0,A0,E0,0,0,2024,4,,,,,,1413
12005,4591,A05,0,A00,A0,A0,E0,0,0,2024,4,423,472,155,106,49,2502
12007,4591,A05,0,A00,A0,A0,E0,0,0,2024,4,,,0,0,,2545
12009,4591,A05,0,A00,A0,A0,E0,0,0,2024,4,798,868,212,142,70,2448
12011,4591,A05,0,A00,A0,A0,E0,0,0,2024,4,2699,2996,873,576,298,3024
12015,4591,A05,0,A00,A0,A0,E0,0,0,2024,4,119,121,38,35,2,2740
12017,4591,A05,0,A00,A0,A0,E0,0,0,2024,4,83,93,31,22,9,2723
12019,4591,A05,0,A00,A0,A0,E0,0,0,2024,4,250,270,65,46,20,2228
12021,4591,A05,0,A00,A0,A0,E0,0,0,2024,4,802,905,235,132,103,2409
12023,4591,A05,0,A00,A0,A0,E0,0,0,2024,4,155,171,71,55,16,2018
12027,4591,A05,0,A00,A0,A0,E0,0,0,2024,4,,,,,,1300
12031,4591,A05,0,A00,A0,A0,E0,0,0,2024,4,1973,2186,638,425,214,4177
12033,4591,A05,0,A00,A0,A0,E0,0,0,2024,4,709,795,293,207,85,2242
12035,4591,A05,0,A00,A0,A0,E0,0,0,2024,4,124,140,41,25,16,2422
12037,4591,A05,0,A00,A0,A0,E0,0,0,2024,4,21,21,3,3,0,2884
12039,4591,A05,0,A00,A0,A0,E0,0,0,2024,4,11,11,,,0,3053
12045,4591,A05,0,A00,A0,A0,E0,0,0,2024,4,,,0,,,2977
12049,4591,A05,0,A00,A0,A0,E0,0,0,2024,4,,,,,,1200
12051,4591,A05,0,A00,A0,A0,E0,0,0,2024,4,,,,,,1301
12053,4591,A05,0,A00,A0,A0,E0,0,0,2024,4,244,274,83,53,30,2300
12055,4591,A05,0,A00,A0,A0,E0,0,0,2024,4,65,69,19,14,4,1919
12057,4591,A05,0,A00,A0,A0,E0,0,0,2024,4,2256,2440,551,367,184,2778
12061,4591,A05,0,A00,A0,A0,E0,0,0,2024,4,167,181,40,25,14,2660
12063,4591,A05,0,A00,A0,A0,E0,0,0,2024,4,9,10,3,2,1,1783
12065,4591,A05,0,A00,A0,A0,E0,0,0,2024,4,,,0,,,2060
12067,4591,A05,0,A00,A0,A0,E0,0,0,2024,4,,,0,0,,2906
12069,4591,A05,0,A00,A0,A0,E0,0,0,2024,4,446,610,289,126,164,2711
12071,4591,A05,0,A00,A0,A0,E0,0,0,2024,4,1188,1308,370,250,120,2602
12073,4591,A05,0,A00,A0,A0,E0,0,0,2024,4,643,665,177,155,22,2252
12075,4591,A05,0,A00,A0,A0,E0,0,0,2024,4,16,18,6,4,2,1477
12081,4591,A05,0,A00,A0,A0,E0,0,0,2024,4,566,598,187,154,32,2723
12083,4591,A05,0,A00,A0,A0,E0,0,0,2024,4,402,442,124,84,40,2676
12085,4591,A05,0,A00,A0,A0,E0,0,0,2024,4,282,304,87,66,22,2574
12086,4591,A05,0,A00,A0,A0,E0,0,0,2024,4,2668,2973,870,565,305,2951
12087,4591,A05,0,A00,A0,A0,E0,0,0,2024,4,190,168,20,42,-22,2266
12089,4591,A05,0,A00,A0,A0,E0,0,0,2024,4,134,159,62,37,25,2148
12091,4591,A05,0,A00,A0,A0,E0,0,0,2024,4,546,599,197,143,54,2569
12093,4591,A05,0,A00,A0,A0,E0,0,0,2024,4,44,45,8,7,1,2034
12095,4591,A05,0,A00,A0,A0,E0,0,0,2024,4,2816,3207,1016,625,391,2451
12097,4591,A05,0,A00,A0,A0,E0,0,0,2024,4,460,546,213,126,86,2464
12099,4591,A05,0,A00,A0,A0,E0,0,0,2024,4,2153,2374,612,391,221,2912
12101,4591,A05,0,A00,A0,A0,E0,0,0,2024,4,576,659,254,171,83,2249
12103,4591,A05,0,A00,A0,A0,E0,0,0,2024,4,1517,1635,393,276,118,2601
12105,4591,A05,0,A00,A0,A0,E0,0,0,2024,4,892,990,292,194,98,2252
12107,4591,A05,0,A00,A0,A0,E0,0,0,2024,4,38,39,8,7,1,2020
12109,4591,A05,0,A00,A0,A0,E0,0,0,2024,4,342,465,222,98,124,2220
12111,4591,A05,0,A00,A0,A0,E0,0,0,2024,4,338,378,95,55,40,2308
12113,4591,A05,0,A00,A0,A0,E0,0,0,2024,4,194,211,55,38,18,2354
12115,4591,A05,0,A00,A0,A0,E0,0,0,2024,4,815,866,201,149,51,2307
12117,4591,A05,0,A00,A0,A0,E0,0,0,2024,4,1068,1182,309,196,114,2906
12119,4591,A05,0,A00,A0,A0,E0,0,0,2024,4,101,114,37,25,12,2852
12121,4591,A05,0,A00,A0,A0,E0,0,0,2024,4,21,23,7,5,2,1368
12123,4591,A05,0,A00,A0,A0,E0,0,0,2024,4,,,,,,3118
12125,4591,A05,0,A00,A0,A0,E0,0,0,2024,4,,,,,,2006
12127,4591,A05,0,A00,A0,A0,E0,0,0,2024,4,867,950,286,203,83,2412
12131,4591,A05,0,A00,A0,A0,E0,0,0,2024,4,192,217,75,50,25,1994
12,4591,A05,0,A00,A0,A0,E0,0,0,2024,4,31039,34449,10014,6604,3410,2714
12001,4591,A05,0,A00,A0,A0,E0,0,0,2025,1,532,495,56,93,-36,2479
12003,4591,A05,0,A00,A0,A0,E0,0,0,2025,1,,,,,,1521
12005,4591,A05,0,A00,A0,A0,E0,0,0,2025,1,427,400,50,77,-27,2281
12007,4591,A05,0,A00,A0,A0,E0,0,0,2025,1,,,0,0,,2501
12009,4591,A05,0,A00,A0,A0,E0,0,0,2025,1,802,760,85,127,-42,2439
12011,4591,A05,0,A00,A0,A0,E0,0,0,2025,1,2682,2543,307,445,-139,2763
12015,4591,A05,0,A00,A0,A0,E0,0,0,2025,1,122,134,39,26,13,2292
12017,4591,A05,0,A00,A0,A0,E0,0,0,2025,1,93,89,8,12,-4,2770
12019,4591,A05,0,A00,A0,A0,E0,0,0,2025,1,270,253,30,47,-16,2236
12021,4591,A05,0,A00,A0,A0,E0,0,0,2025,1,897,894,189,192,-4,2453
12023,4591,A05,0,A00,A0,A0,E0,0,0,2025,1,144,137,23,31,-8,2129
12027,4591,A05,0,A00,A0,A0,E0,0,0,2025,1,,,,,,1721
12031,4591,A05,0,A00,A0,A0,E0,0,0,2025,1,2032,1913,262,381,-120,3113
12033,4591,A05,0,A00,A0,A0,E0,0,0,2025,1,712,673,98,137,-38,2293
12035,4591,A05,0,A00,A0,A0,E0,0,0,2025,1,140,127,8,20,-13,2160
12037,4591,A05,0,A00,A0,A0,E0,0,0,2025,1,21,23,6,4,2,2425
12039,4591,A05,0,A00,A0,A0,E0,0,0,2025,1,11,10,,3,-2,2867
12045,4591,A05,0,A00,A0,A0,E0,0,0,2025,1,,,,,,2901
12049,4591,A05,0,A00,A0,A0,E0,0,0,2025,1,,,,,,1295
12051,4591,A05,0,A00,A0,A0,E0,0,0,2025,1,,,,,,1635
12053,4591,A05,0,A00,A0,A0,E0,0,0,2025,1,240,234,26,32,-6,2129
12055,4591,A05,0,A00,A0,A0,E0,0,0,2025,1,69,69,15,16,-1,1805
12057,4591,A05,0,A00,A0,A0,E0,0,0,2025,1,2258,2186,245,318,-73,2820
12061,4591,A05,0,A00,A0,A0,E0,0,0,2025,1,181,181,30,30,1,2502
12063,4591,A05,0,A00,A0,A0,E0,0,0,2025,1,10,9,,3,-1,2031
12065,4591,A05,0,A00,A0,A0,E0,0,0,2025,1,,,,,,2040
12067,4591,A05,0,A00,A0,A0,E0,0,0,2025,1,,,0,0,,2474
12069,4591,A05,0,A00,A0,A0,E0,0,0,2025,1,472,439,52,85,-33,2583
12071,4591,A05,0,A00,A0,A0,E0,0,0,2025,1,1198,1134,146,210,-64,2523
12073,4591,A05,0,A00,A0,A0,E0,0,0,2025,1,631,624,84,91,-7,2254
12075,4591,A05,0,A00,A0,A0,E0,0,0,2025,1,18,17,5,7,-1,1802
12081,4591,A05,0,A00,A0,A0,E0,0,0,2025,1,538,505,88,121,-33,2968
12083,4591,A05,0,A00,A0,A0,E0,0,0,2025,1,411,393,44,62,-18,2304
12085,4591,A05,0,A00,A0,A0,E0,0,0,2025,1,279,253,23,50,-26,2486
12086,4591,A05,0,A00,A0,A0,E0,0,0,2025,1,2665,2550,312,426,-114,2823
12087,4591,A05,0,A00,A0,A0,E0,0,0,2025,1,198,188,31,41,-10,2649
12089,4591,A05,0,A00,A0,A0,E0,0,0,2025,1,100,99,21,22,-1,2285
12091,4591,A05,0,A00,A0,A0,E0,0,0,2025,1,718,706,123,135,-12,2491
12093,4591,A05,0,A00,A0,A0,E0,0,0,2025,1,45,46,5,5,0,2363
12095,4591,A05,0,A00,A0,A0,E0,0,0,2025,1,2962,2714,363,612,-249,2389
12097,4591,A05,0,A00,A0,A0,E0,0,0,2025,1,392,360,42,74,-32,2625
12099,4591,A05,0,A00,A0,A0,E0,0,0,2025,1,2187,2081,255,361,-106,2928
12101,4591,A05,0,A00,A0,A0,E0,0,0,2025,1,579,528,66,117,-51,2073
12103,4591,A05,0,A00,A0,A0,E0,0,0,2025,1,1383,1370,193,206,-13,2591
12105,4591,A05,0,A00,A0,A0,E0,0,0,2025,1,922,868,121,176,-54,2030
12107,4591,A05,0,A00,A0,A0,E0,0,0,2025,1,39,36,5,7,-3,1211
12109,4591,A05,0,A00,A0,A0,E0,0,0,2025,1,425,394,56,87,-31,1970
12111,4591,A05,0,A00,A0,A0,E0,0,0,2025,1,351,341,47,57,-10,2370
12113,4591,A05,0,A00,A0,A0,E0,0,0,2025,1,222,223,25,24,0,2296
12115,4591,A05,0,A00,A0,A0,E0,0,0,2025,1,824,815,115,124,-9,2252
12117,4591,A05,0,A00,A0,A0,E0,0,0,2025,1,1016,944,110,182,-72,2715
12119,4591,A05,0,A00,A0,A0,E0,0,0,2025,1,114,98,11,26,-16,2525
12121,4591,A05,0,A00,A0,A0,E0,0,0,2025,1,23,24,6,5,1,1563
12123,4591,A05,0,A00,A0,A0,E0,0,0,2025,1,,,0,0,,3188
12125,4591,A05,0,A00,A0,A0,E0,0,0,2025,1,,,0,0,,1186
12127,4591,A05,0,A00,A0,A0,E0,0,0,2025,1,844,801,104,147,-43,2414
12129,4591,A05,0,A00,A0,A0,E0,0,0,2025,1,0,,,0,,
12131,4591,A05,0,A00,A0,A0,E0,0,0,2025,1,138,133,33,37,-5,1796
12,4591,A05,0,A00,A0,A0,E0,0,0,2025,1,31461,29939,3987,5509,-1521,2580
12001,4591,A05,0,A00,A0,A0,E0,0,0,2025,2,495,469,92,119,-27,2309
12003,4591,A05,0,A00,A0,A0,E0,0,0,2025,2,,,0,,,2094
12005,4591,A05,0,A00,A0,A0,E0,0,0,2025,2,400,411,113,102,11,2439
12007,4591,A05,0,A00,A0,A0,E0,0,0,2025,2,,,0,0,,2552
12009,4591,A05,0,A00,A0,A0,E0,0,0,2025,2,763,708,104,159,-55,2502
12011,4591,A05,0,A00,A0,A0,E0,0,0,2025,2,2543,2425,388,506,-119,2761
12015,4591,A05,0,A00,A0,A0,E0,0,0,2025,2,134,149,60,45,14,2408
12017,4591,A05,0,A00,A0,A0,E0,0,0,2025,2,89,102,22,10,13,2814
12019,4591,A05,0,A00,A0,A0,E0,0,0,2025,2,253,246,44,51,-7,2195
12021,4591,A05,0,A00,A0,A0,E0,0,0,2025,2,894,845,169,217,-48,2219
12023,4591,A05,0,A00,A0,A0,E0,0,0,2025,2,136,141,39,34,5,2032
12027,4591,A05,0,A00,A0,A0,E0,0,0,2025,2,,,,,,1349
12031,4591,A05,0,A00,A0,A0,E0,0,0,2025,2,1912,1913,445,443,2,3286
12033,4591,A05,0,A00,A0,A0,E0,0,0,2025,2,672,639,156,190,-33,2359
12035,4591,A05,0,A00,A0,A0,E0,0,0,2025,2,127,137,29,19,9,2347
12037,4591,A05,0,A00,A0,A0,E0,0,0,2025,2,23,23,3,3,0,2675
12039,4591,A05,0,A00,A0,A0,E0,0,0,2025,2,,,0,0,,3972
12045,4591,A05,0,A00,A0,A0,E0,0,0,2025,2,,,,,,3161
12049,4591,A05,0,A00,A0,A0,E0,0,0,2025,2,,,,,,1163
12051,4591,A05,0,A00,A0,A0,E0,0,0,2025,2,,,,,,1407
12053,4591,A05,0,A00,A0,A0,E0,0,0,2025,2,234,222,40,53,-12,2086
12055,4591,A05,0,A00,A0,A0,E0,0,0,2025,2,69,59,11,20,-9,1740
12057,4591,A05,0,A00,A0,A0,E0,0,0,2025,2,2186,1992,313,507,-194,2704
12061,4591,A05,0,A00,A0,A0,E0,0,0,2025,2,176,167,29,38,-9,2497
12063,4591,A05,0,A00,A0,A0,E0,0,0,2025,2,9,8,,3,-2,1579
12065,4591,A05,0,A00,A0,A0,E0,0,0,2025,2,,,0,0,,2087
12067,4591,A05,0,A00,A0,A0,E0,0,0,2025,2,,,0,0,,2667
12069,4591,A05,0,A00,A0,A0,E0,0,0,2025,2,439,398,105,145,-41,2660
12071,4591,A05,0,A00,A0,A0,E0,0,0,2025,2,1117,1033,193,277,-85,2468
12073,4591,A05,0,A00,A0,A0,E0,0,0,2025,2,624,571,101,153,-52,2185
12075,4591,A05,0,A00,A0,A0,E0,0,0,2025,2,17,17,4,4,0,1547
12081,4591,A05,0,A00,A0,A0,E0,0,0,2025,2,504,514,124,114,10,3006
12083,4591,A05,0,A00,A0,A0,E0,0,0,2025,2,393,381,81,92,-12,2395
12085,4591,A05,0,A00,A0,A0,E0,0,0,2025,2,253,239,37,51,-13,2570
12086,4591,A05,0,A00,A0,A0,E0,0,0,2025,2,2551,2418,383,516,-133,2909
12087,4591,A05,0,A00,A0,A0,E0,0,0,2025,2,188,204,51,35,16,2836
12089,4591,A05,0,A00,A0,A0,E0,0,0,2025,2,99,91,30,37,-7,2161
12091,4591,A05,0,A00,A0,A0,E0,0,0,2025,2,705,689,208,225,-17,2481
12093,4591,A05,0,A00,A0,A0,E0,0,0,2025,2,46,44,6,8,-2,2010
12095,4591,A05,0,A00,A0,A0,E0,0,0,2025,2,2699,2577,503,625,-122,2455
12097,4591,A05,0,A00,A0,A0,E0,0,0,2025,2,357,344,75,87,-13,2710
12099,4591,A05,0,A00,A0,A0,E0,0,0,2025,2,2075,2010,347,413,-66,2889
12101,4591,A05,0,A00,A0,A0,E0,0,0,2025,2,528,516,131,143,-12,2240
12103,4591,A05,0,A00,A0,A0,E0,0,0,2025,2,1361,1266,208,302,-95,2703
12105,4591,A05,0,A00,A0,A0,E0,0,0,2025,2,868,832,203,239,-37,2060
12107,4591,A05,0,A00,A0,A0,E0,0,0,2025,2,36,37,7,6,1,1255
12109,4591,A05,0,A00,A0,A0,E0,0,0,2025,2,394,392,71,73,-2,2277
12111,4591,A05,0,A00,A0,A0,E0,0,0,2025,2,341,319,35,58,-23,2229
12113,4591,A05,0,A00,A0,A0,E0,0,0,2025,2,223,213,52,62,-10,2353
12115,4591,A05,0,A00,A0,A0,E0,0,0,2025,2,820,749,128,199,-71,2266
12117,4591,A05,0,A00,A0,A0,E0,0,0,2025,2,944,865,150,229,-79,2703
12119,4591,A05,0,A00,A0,A0,E0,0,0,2025,2,98,82,13,29,-16,2341
12121,4591,A05,0,A00,A0,A0,E0,0,0,2025,2,24,22,3,5,-2,1296
12123,4591,A05,0,A00,A0,A0,E0,0,0,2025,2,,,,,,3108
12125,4591,A05,0,A00,A0,A0,E0,0,0,2025,2,,0,0,,,624
12127,4591,A05,0,A00,A0,A0,E0,0,0,2025,2,800,783,138,155,-17,2384
12129,4591,A05,0,A00,A0,A0,E0,0,0,2025,2,,,0,0,,379
12131,4591,A05,0,A00,A0,A0,E0,0,0,2025,2,133,143,30,20,10,2206
12,4591,A05,0,A00,A0,A0,E0,0,0,2025,2,29888,28540,5495,6843,-1348,2602
12001,4591,A05,0,A00,A0,A0,E0,0,0,2025,3,468,473,82,78,4,2454
12003,4591,A05,0,A00,A0,A0,E0,0,0,2025,3,,,0,0,,2411
12005,4591,A05,0,A00,A0,A0,E0,0,0,2025,3,411,421,100,90,10,2696
12007,4591,A05,0,A00,A0,A0,E0,0,0,2025,3,,,0,0,,2581
12009,4591,A05,0,A00,A0,A0,E0,0,0,2025,3,707,718,121,111,11,2607
12011,4591,A05,0,A00,A0,A0,E0,0,0,2025,3,2388,2402,443,429,14,2963
12015,4591,A05,0,A00,A0,A0,E0,0,0,2025,3,147,135,28,40,-12,2106
12017,4591,A05,0,A00,A0,A0,E0,0,0,2025,3,102,106,21,16,5,2768
12019,4591,A05,0,A00,A0,A0,E0,0,0,2025,3,246,258,60,48,12,2355
12021,4591,A05,0,A00,A0,A0,E0,0,0,2025,3,850,836,154,168,-14,2384
12023,4591,A05,0,A00,A0,A0,E0,0,0,2025,3,141,148,42,36,7,2185
12027,4591,A05,0,A00,A0,A0,E0,0,0,2025,3,,,,,,1574
12031,4591,A05,0,A00,A0,A0,E0,0,0,2025,3,1913,1962,463,414,49,2932
12033,4591,A05,0,A00,A0,A0,E0,0,0,2025,3,607,617,187,177,10,2364
12035,4591,A05,0,A00,A0,A0,E0,0,0,2025,3,137,133,21,24,-3,2176
12037,4591,A05,0,A00,A0,A0,E0,0,0,2025,3,23,26,4,,3,2946
12039,4591,A05,0,A00,A0,A0,E0,0,0,2025,3,,,,,,6091
12045,4591,A05,0,A00,A0,A0,E0,0,0,2025,3,,,,,,3160
12049,4591,A05,0,A00,A0,A0,E0,0,0,2025,3,,,,,,1569
12051,4591,A05,0,A00,A0,A0,E0,0,0,2025,3,,,,,,1667
12053,4591,A05,0,A00,A0,A0,E0,0,0,2025,3,221,226,37,33,4,2085
12055,4591,A05,0,A00,A0,A0,E0,0,0,2025,3,59,59,15,15,0,1900
12057,4591,A05,0,A00,A0,A0,E0,0,0,2025,3,1990,2033,378,336,43,2996
12061,4591,A05,0,A00,A0,A0,E0,0,0,2025,3,167,160,19,26,-7,2468
12063,4591,A05,0,A00,A0,A0,E0,0,0,2025,3,,,,0,,2227
12065,4591,A05,0,A00,A0,A0,E0,0,0,2025,3,,,,,,1798
12067,4591,A05,0,A00,A0,A0,E0,0,0,2025,3,,,0,0,,2670
12069,4591,A05,0,A00,A0,A0,E0,0,0,2025,3,398,414,105,89,16,2588
12071,4591,A05,0,A00,A0,A0,E0,0,0,2025,3,1025,1009,180,197,-17,2559
12073,4591,A05,0,A00,A0,A0,E0,0,0,2025,3,571,581,127,117,10,2442
12075,4591,A05,0,A00,A0,A0,E0,0,0,2025,3,17,18,6,6,1,1614
12081,4591,A05,0,A00,A0,A0,E0,0,0,2025,3,513,511,120,122,-2,2924
12083,4591,A05,0,A00,A0,A0,E0,0,0,2025,3,381,385,87,82,4,2478
12085,4591,A05,0,A00,A0,A0,E0,0,0,2025,3,240,250,56,46,10,2694
12086,4591,A05,0,A00,A0,A0,E0,0,0,2025,3,2405,2379,435,460,-25,2999
12087,4591,A05,0,A00,A0,A0,E0,0,0,2025,3,204,189,30,45,-15,2885
12089,4591,A05,0,A00,A0,A0,E0,0,0,2025,3,91,86,25,30,-5,2407
12091,4591,A05,0,A00,A0,A0,E0,0,0,2025,3,688,697,197,188,9,2678
12093,4591,A05,0,A00,A0,A0,E0,0,0,2025,3,44,43,7,8,-1,2343
12095,4591,A05,0,A00,A0,A0,E0,0,0,2025,3,2575,2666,554,463,91,2577
12097,4591,A05,0,A00,A0,A0,E0,0,0,2025,3,344,368,92,68,24,2905
12099,4591,A05,0,A00,A0,A0,E0,0,0,2025,3,2001,2019,362,345,17,2996
12101,4591,A05,0,A00,A0,A0,E0,0,0,2025,3,516,538,133,112,22,2356
12103,4591,A05,0,A00,A0,A0,E0,0,0,2025,3,1258,1263,206,201,5,2930
12105,4591,A05,0,A00,A0,A0,E0,0,0,2025,3,840,878,217,179,38,2153
12107,4591,A05,0,A00,A0,A0,E0,0,0,2025,3,37,38,9,9,0,1335
12109,4591,A05,0,A00,A0,A0,E0,0,0,2025,3,392,410,82,64,18,2296
12111,4591,A05,0,A00,A0,A0,E0,0,0,2025,3,319,318,38,39,-1,2424
12113,4591,A05,0,A00,A0,A0,E0,0,0,2025,3,213,211,52,53,-2,2492
12115,4591,A05,0,A00,A0,A0,E0,0,0,2025,3,749,746,132,135,-3,2386
12117,4591,A05,0,A00,A0,A0,E0,0,0,2025,3,865,878,157,143,14,2823
12119,4591,A05,0,A00,A0,A0,E0,0,0,2025,3,82,82,21,21,0,2680
12121,4591,A05,0,A00,A0,A0,E0,0,0,2025,3,22,20,7,9,-2,1577
12123,4591,A05,0,A00,A0,A0,E0,0,0,2025,3,,,0,,,2829
12125,4591,A05,0,A00,A0,A0,E0,0,0,2025,3,0,0,,,0,
12127,4591,A05,0,A00,A0,A0,E0,0,0,2025,3,777,781,145,142,4,2447
12129,4591,A05,0,A00,A0,A0,E0,0,0,2025,3,,,0,0,,485
12131,4591,A05,0,A00,A0,A0,E0,0,0,2025,3,143,141,41,42,-2,2185
12,4591,A05,0,A00,A0,A0,E0,0,0,2025,3,28434,28774,5826,5486,340,2704
12001,4591,A05,0,A00,A0,A0,E0,0,0,2025,4,476,,120,,,2594
12003,4591,A05,0,A00,A0,A0,E0,0,0,2025,4,,,0,,,2813
12005,4591,A05,0,A00,A0,A0,E0,0,0,2025,4,422,,99,,,2835
12007,4591,A05,0,A00,A0,A0,E0,0,0,2025,4,,,0,,,2849
12009,4591,A05,0,A00,A0,A0,E0,0,0,2025,4,718,,149,,,2800
12011,4591,A05,0,A00,A0,A0,E0,0,0,2025,4,2425,,562,,,3097
12015,4591,A05,0,A00,A0,A0,E0,0,0,2025,4,135,,40,,,2498
12017,4591,A05,0,A00,A0,A0,E0,0,0,2025,4,106,,55,,,2801
12019,4591,A05,0,A00,A0,A0,E0,0,0,2025,4,260,,58,,,2466
12021,4591,A05,0,A00,A0,A0,E0,0,0,2025,4,837,,194,,,2565
12023,4591,A05,0,A00,A0,A0,E0,0,0,2025,4,148,,43,,,2115
12027,4591,A05,0,A00,A0,A0,E0,0,0,2025,4,,,,,,1171
12031,4591,A05,0,A00,A0,A0,E0,0,0,2025,4,1976,,491,,,4502
12033,4591,A05,0,A00,A0,A0,E0,0,0,2025,4,617,,201,,,2478
12035,4591,A05,0,A00,A0,A0,E0,0,0,2025,4,133,,22,,,2592
12037,4591,A05,0,A00,A0,A0,E0,0,0,2025,4,26,,,,,2807
12039,4591,A05,0,A00,A0,A0,E0,0,0,2025,4,,,,,,4632
12045,4591,A05,0,A00,A0,A0,E0,0,0,2025,4,,,,,,3292
12049,4591,A05,0,A00,A0,A0,E0,0,0,2025,4,,,,,,1228
12051,4591,A05,0,A00,A0,A0,E0,0,0,2025,4,,,,,,1337
12053,4591,A05,0,A00,A0,A0,E0,0,0,2025,4,226,,50,,,2454
12055,4591,A05,0,A00,A0,A0,E0,0,0,2025,4,59,,23,,,2013
12057,4591,A05,0,A00,A0,A0,E0,0,0,2025,4,2043,,458,,,3103
12061,4591,A05,0,A00,A0,A0,E0,0,0,2025,4,160,,37,,,2815
12063,4591,A05,0,A00,A0,A0,E0,0,0,2025,4,,,,,,1971
12065,4591,A05,0,A00,A0,A0,E0,0,0,2025,4,,,,,,1971
12067,4591,A05,0,A00,A0,A0,E0,0,0,2025,4,,,0,,,2771
12069,4591,A05,0,A00,A0,A0,E0,0,0,2025,4,414,,117,,,2926
12071,4591,A05,0,A00,A0,A0,E0,0,0,2025,4,1020,,259,,,2705
12073,4591,A05,0,A00,A0,A0,E0,0,0,2025,4,581,,141,,,2670
12075,4591,A05,0,A00,A0,A0,E0,0,0,2025,4,18,,6,,,1176
12081,4591,A05,0,A00,A0,A0,E0,0,0,2025,4,512,,138,,,3211
12083,4591,A05,0,A00,A0,A0,E0,0,0,2025,4,385,,89,,,2733
12085,4591,A05,0,A00,A0,A0,E0,0,0,2025,4,254,,51,,,2944
12086,4591,A05,0,A00,A0,A0,E0,0,0,2025,4,2380,,656,,,3600
12087,4591,A05,0,A00,A0,A0,E0,0,0,2025,4,189,,35,,,2763
12089,4591,A05,0,A00,A0,A0,E0,0,0,2025,4,86,,18,,,2246
12091,4591,A05,0,A00,A0,A0,E0,0,0,2025,4,698,,210,,,2723
12093,4591,A05,0,A00,A0,A0,E0,0,0,2025,4,43,,5,,,2289
12095,4591,A05,0,A00,A0,A0,E0,0,0,2025,4,2666,,761,,,2650
12097,4591,A05,0,A00,A0,A0,E0,0,0,2025,4,368,,94,,,2820
12099,4591,A05,0,A00,A0,A0,E0,0,0,2025,4,2019,,502,,,3102
12101,4591,A05,0,A00,A0,A0,E0,0,0,2025,4,550,,171,,,2600
12103,4591,A05,0,A00,A0,A0,E0,0,0,2025,4,1265,,261,,,3056
12105,4591,A05,0,A00,A0,A0,E0,0,0,2025,4,896,,227,,,2456
12107,4591,A05,0,A00,A0,A0,E0,0,0,2025,4,38,,6,,,1283
12109,4591,A05,0,A00,A0,A0,E0,0,0,2025,4,410,,140,,,2398
12111,4591,A05,0,A00,A0,A0,E0,0,0,2025,4,318,,69,,,2431
12113,4591,A05,0,A00,A0,A0,E0,0,0,2025,4,211,,69,,,2674
12115,4591,A05,0,A00,A0,A0,E0,0,0,2025,4,746,,168,,,2687
12117,4591,A05,0,A00,A0,A0,E0,0,0,2025,4,879,,177,,,3015
12119,4591,A05,0,A00,A0,A0,E0,0,0,2025,4,82,,22,,,2618
12121,4591,A05,0,A00,A0,A0,E0,0,0,2025,4,20,,4,,,1559
12123,4591,A05,0,A00,A0,A0,E0,0,0,2025,4,,,0,,,3419
12125,4591,A05,0,A00,A0,A0,E0,0,0,2025,4,0,,,,,
12127,4591,A05,0,A00,A0,A0,E0,0,0,2025,4,781,,193,,,2581
12129,4591,A05,0,A00,A0,A0,E0,0,0,2025,4,,,0,,,685
12131,4591,A05,0,A00,A0,A0,E0,0,0,2025,4,141,,37,,,2260
12,4591,A05,0,A00,A0,A0,E0,0,0,2025,4,28877,,7250,,,2981
