geography,industry,ownercode,sex,agegrp,race,ethnicity,education,firmage,firmsize,year,quarter,Emp,EmpEnd,HirA,Sep,FrmJbC,EarnBeg
39001,4591,A05,0,A00,A0,A0,E0,0,0,2000,1,,0,,,,
39003,4591,A05,0,A00,A0,A0,E0,0,0,2000,1,,119,,35,,
39005,4591,A05,0,A00,A0,A0,E0,0,0,2000,1,,5,,0,,
39007,4591,A05,0,A00,A0,A0,E0,0,0,2000,1,,37,,18,,
39009,4591,A05,0,A00,A0,A0,E0,0,0,2000,1,,101,,21,,
39011,4591,A05,0,A00,A0,A0,E0,0,0,2000,1,,53,,7,,
39013,4591,A05,0,A00,A0,A0,E0,0,0,2000,1,,107,,23,,
39015,4591,A05,0,A00,A0,A0,E0,0,0,2000,1,,,,0,,
39017,4591,A05,0,A00,A0,A0,E0,0,0,2000,1,,300,,42,,
39023,4591,A05,0,A00,A0,A0,E0,0,0,2000,1,,96,,24,,
39025,4591,A05,0,A00,A0,A0,E0,0,0,2000,1,,224,,72,,
39029,4591,A05,0,A00,A0,A0,E0,0,0,2000,1,,50,,10,,
39031,4591,A05,0,A00,A0,A0,E0,0,0,2000,1,,8,,,,
39033,4591,A05,0,A00,A0,A0,E0,0,0,2000,1,,18,,,,
39035,4591,A05,0,A00,A0,A0,E0,0,0,2000,1,,3576,,874,,
39037,4591,A05,0,A00,A0,A0,E0,0,0,2000,1,,23,,7,,
39039,4591,A05,0,A00,A0,A0,E0,0,0,2000,1,,84,,17,,
39041,4591,A05,0,A00,A0,A0,E0,0,0,2000,1,,72,,18,,
39043,4591,A05,0,A00,A0,A0,E0,0,0,2000,1,,152,,27,,
39045,4591,A05,0,A00,A0,A0,E0,0,0,2000,1,,107,,34,,
39047,4591,A05,0,A00,A0,A0,E0,0,0,2000,1,,20,,6,,
39049,4591,A05,0,A00,A0,A0,E0,0,0,2000,1,,2440,,678,,
39051,4591,A05,0,A00,A0,A0,E0,0,0,2000,1,,4,,3,,
39053,4591,A05,0,A00,A0,A0,E0,0,0,2000,1,,6,,4,,
39055,4591,A05,0,A00,A0,A0,E0,0,0,2000,1,,107,,36,,
39057,4591,A05,0,A00,A0,A0,E0,0,0,2000,1,,231,,99,,
39059,4591,A05,0,A00,A0,A0,E0,0,0,2000,1,,30,,3,,
39061,4591,A05,0,A00,A0,A0,E0,0,0,2000,1,,2084,,643,,
39063,4591,A05,0,A00,A0,A0,E0,0,0,2000,1,,94,,18,,
39065,4591,A05,0,A00,A0,A0,E0,0,0,2000,1,,,,0,,
39069,4591,A05,0,A00,A0,A0,E0,0,0,2000,1,,,,0,,
39071,4591,A05,0,A00,A0,A0,E0,0,0,2000,1,,38,,7,,
39073,4591,A05,0,A00,A0,A0,E0,0,0,2000,1,,,,0,,
39075,4591,A05,0,A00,A0,A0,E0,0,0,2000,1,,110,,13,,
39077,4591,A05,0,A00,A0,A0,E0,0,0,2000,1,,29,,,,
39079,4591,A05,0,A00,A0,A0,E0,0,0,2000,1,,15,,8,,
39081,4591,A05,0,A00,A0,A0,E0,0,0,2000,1,,40,,27,,
39083,4591,A05,0,A00,A0,A0,E0,0,0,2000,1,,,,,,
39085,4591,A05,0,A00,A0,A0,E0,0,0,2000,1,,370,,112,,
39087,4591,A05,0,A00,A0,A0,E0,0,0,2000,1,,39,,36,,
39089,4591,A05,0,A00,A0,A0,E0,0,0,2000,1,,328,,72,,
39091,4591,A05,0,A00,A0,A0,E0,0,0,2000,1,,20,,8,,
39093,4591,A05,0,A00,A0,A0,E0,0,0,2000,1,,317,,107,,
39095,4591,A05,0,A00,A0,A0,E0,0,0,2000,1,,639,,195,,
39097,4591,A05,0,A00,A0,A0,E0,0,0,2000,1,,19,,10,,
39099,4591,A05,0,A00,A0,A0,E0,0,0,2000,1,,866,,201,,
39101,4591,A05,0,A00,A0,A0,E0,0,0,2000,1,,42,,12,,
39103,4591,A05,0,A00,A0,A0,E0,0,0,2000,1,,166,,37,,
39105,4591,A05,0,A00,A0,A0,E0,0,0,2000,1,,11,,,,
39107,4591,A05,0,A00,A0,A0,E0,0,0,2000,1,,,,0,,
39109,4591,A05,0,A00,A0,A0,E0,0,0,2000,1,,62,,15,,
39113,4591,A05,0,A00,A0,A0,E0,0,0,2000,1,,707,,217,,
39115,4591,A05,0,A00,A0,A0,E0,0,0,2000,1,,,,0,,
39117,4591,A05,0,A00,A0,A0,E0,0,0,2000,1,,,,0,,
39119,4591,A05,0,A00,A0,A0,E0,0,0,2000,1,,60,,28,,
39121,4591,A05,0,A00,A0,A0,E0,0,0,2000,1,,,,0,,
39123,4591,A05,0,A00,A0,A0,E0,0,0,2000,1,,27,,6,,
39127,4591,A05,0,A00,A0,A0,E0,0,0,2000,1,,,,0,,
39129,4591,A05,0,A00,A0,A0,E0,0,0,2000,1,,4,,,,
39131,4591,A05,0,A00,A0,A0,E0,0,0,2000,1,,,,,,
39133,4591,A05,0,A00,A0,A0,E0,0,0,2000,1,,201,,44,,
39135,4591,A05,0,A00,A0,A0,E0,0,0,2000,1,,,,,,
39137,4591,A05,0,A00,A0,A0,E0,0,0,2000,1,,,,,,
39139,4591,A05,0,A00,A0,A0,E0,0,0,2000,1,,182,,72,,
39141,4591,A05,0,A00,A0,A0,E0,0,0,2000,1,,59,,,,
39143,4591,A05,0,A00,A0,A0,E0,0,0,2000,1,,22,,52,,
39145,4591,A05,0,A00,A0,A0,E0,0,0,2000,1,,41,,3,,
39147,4591,A05,0,A00,A0,A0,E0,0,0,2000,1,,26,,8,,
39149,4591,A05,0,A00,A0,A0,E0,0,0,2000,1,,,,0,,
39151,4591,A05,0,A00,A0,A0,E0,0,0,2000,1,,502,,122,,
39153,4591,A05,0,A00,A0,A0,E0,0,0,2000,1,,2071,,802,,
39155,4591,A05,0,A00,A0,A0,E0,0,0,2000,1,,297,,85,,
39157,4591,A05,0,A00,A0,A0,E0,0,0,2000,1,,127,,20,,
39159,4591,A05,0,A00,A0,A0,E0,0,0,2000,1,,,,,,
39161,4591,A05,0,A00,A0,A0,E0,0,0,2000,1,,,,,,
39163,4591,A05,0,A00,A0,A0,E0,0,0,2000,1,,,,0,,
39165,4591,A05,0,A00,A0,A0,E0,0,0,2000,1,,71,,23,,
39167,4591,A05,0,A00,A0,A0,E0,0,0,2000,1,,87,,14,,
39169,4591,A05,0,A00,A0,A0,E0,0,0,2000,1,,194,,28,,
39171,4591,A05,0,A00,A0,A0,E0,0,0,2000,1,,,,0,,
39173,4591,A05,0,A00,A0,A0,E0,0,0,2000,1,,57,,12,,
39175,4591,A05,0,A00,A0,A0,E0,0,0,2000,1,,,,,,
39,4591,A05,0,A00,A0,A0,E0,0,0,2000,1,,18162,,5145,,
39001,4591,A05,0,A00,A0,A0,E0,0,0,2000,2,0,,,0,,
39003,4591,A05,0,A00,A0,A0,E0,0,0,2000,2,119,122,37,34,3,1077
39005,4591,A05,0,A00,A0,A0,E0,0,0,2000,2,5,5,0,0,0,879
39007,4591,A05,0,A00,A0,A0,E0,0,0,2000,2,36,36,12,12,0,757
39009,4591,A05,0,A00,A0,A0,E0,0,0,2000,2,101,103,23,20,3,1736
39011,4591,A05,0,A00,A0,A0,E0,0,0,2000,2,53,66,28,15,13,743
39013,4591,A05,0,A00,A0,A0,E0,0,0,2000,2,105,109,15,10,5,890
39015,4591,A05,0,A00,A0,A0,E0,0,0,2000,2,,,,0,,229
39017,4591,A05,0,A00,A0,A0,E0,0,0,2000,2,300,309,68,58,10,1721
39023,4591,A05,0,A00,A0,A0,E0,0,0,2000,2,96,94,16,17,-2,1082
39025,4591,A05,0,A00,A0,A0,E0,0,0,2000,2,225,230,56,50,6,1109
39029,4591,A05,0,A00,A0,A0,E0,0,0,2000,2,46,46,13,12,0,584
39031,4591,A05,0,A00,A0,A0,E0,0,0,2000,2,8,14,7,,6,348
39033,4591,A05,0,A00,A0,A0,E0,0,0,2000,2,18,14,4,8,-5,272
39035,4591,A05,0,A00,A0,A0,E0,0,0,2000,2,3536,3630,1054,960,94,1433
39037,4591,A05,0,A00,A0,A0,E0,0,0,2000,2,23,28,6,,5,667
39039,4591,A05,0,A00,A0,A0,E0,0,0,2000,2,84,79,13,18,-5,1860
39041,4591,A05,0,A00,A0,A0,E0,0,0,2000,2,72,65,21,28,-8,1280
39043,4591,A05,0,A00,A0,A0,E0,0,0,2000,2,151,221,103,33,70,915
39045,4591,A05,0,A00,A0,A0,E0,0,0,2000,2,106,112,38,32,6,767
39047,4591,A05,0,A00,A0,A0,E0,0,0,2000,2,20,18,6,8,-2,754
39049,4591,A05,0,A00,A0,A0,E0,0,0,2000,2,2443,2530,751,663,87,1104
39051,4591,A05,0,A00,A0,A0,E0,0,0,2000,2,4,18,17,4,13,251
39053,4591,A05,0,A00,A0,A0,E0,0,0,2000,2,6,9,6,,3,891
39055,4591,A05,0,A00,A0,A0,E0,0,0,2000,2,107,126,35,16,19,1411
39057,4591,A05,0,A00,A0,A0,E0,0,0,2000,2,230,223,69,76,-7,1037
39059,4591,A05,0,A00,A0,A0,E0,0,0,2000,2,26,22,5,9,-4,1317
39061,4591,A05,0,A00,A0,A0,E0,0,0,2000,2,2087,2151,667,603,64,1181
39063,4591,A05,0,A00,A0,A0,E0,0,0,2000,2,93,149,99,43,56,1367
39065,4591,A05,0,A00,A0,A0,E0,0,0,2000,2,,,0,0,,389
39069,4591,A05,0,A00,A0,A0,E0,0,0,2000,2,,,0,0,,1065
39071,4591,A05,0,A00,A0,A0,E0,0,0,2000,2,38,36,6,8,-2,1308
39073,4591,A05,0,A00,A0,A0,E0,0,0,2000,2,,,,,,835
39075,4591,A05,0,A00,A0,A0,E0,0,0,2000,2,110,114,35,31,4,802
39077,4591,A05,0,A00,A0,A0,E0,0,0,2000,2,29,27,3,5,-2,1089
39079,4591,A05,0,A00,A0,A0,E0,0,0,2000,2,15,24,13,4,9,826
39081,4591,A05,0,A00,A0,A0,E0,0,0,2000,2,43,69,39,13,26,803
39083,4591,A05,0,A00,A0,A0,E0,0,0,2000,2,,,,,,1278
39085,4591,A05,0,A00,A0,A0,E0,0,0,2000,2,358,353,88,93,-4,973
39087,4591,A05,0,A00,A0,A0,E0,0,0,2000,2,39,43,13,10,4,1228
39089,4591,A05,0,A00,A0,A0,E0,0,0,2000,2,328,306,78,100,-22,1416
39091,4591,A05,0,A00,A0,A0,E0,0,0,2000,2,20,19,4,5,-1,880
39093,4591,A05,0,A00,A0,A0,E0,0,0,2000,2,315,309,82,89,-6,1085
39095,4591,A05,0,A00,A0,A0,E0,0,0,2000,2,638,642,195,191,4,1168
39097,4591,A05,0,A00,A0,A0,E0,0,0,2000,2,19,21,7,5,2,1442
39099,4591,A05,0,A00,A0,A0,E0,0,0,2000,2,885,1019,368,235,133,1380
39101,4591,A05,0,A00,A0,A0,E0,0,0,2000,2,41,42,9,9,1,871
39103,4591,A05,0,A00,A0,A0,E0,0,0,2000,2,164,180,51,35,16,1242
39105,4591,A05,0,A00,A0,A0,E0,0,0,2000,2,11,12,3,,1,397
39107,4591,A05,0,A00,A0,A0,E0,0,0,2000,2,,,,,,1206
39109,4591,A05,0,A00,A0,A0,E0,0,0,2000,2,62,77,35,20,15,1046
39113,4591,A05,0,A00,A0,A0,E0,0,0,2000,2,707,757,255,206,49,1168
39115,4591,A05,0,A00,A0,A0,E0,0,0,2000,2,,,,,,509
39117,4591,A05,0,A00,A0,A0,E0,0,0,2000,2,,,,,,1097
39119,4591,A05,0,A00,A0,A0,E0,0,0,2000,2,59,64,20,15,4,996
39121,4591,A05,0,A00,A0,A0,E0,0,0,2000,2,,,,,,661
39123,4591,A05,0,A00,A0,A0,E0,0,0,2000,2,28,61,43,10,33,940
39127,4591,A05,0,A00,A0,A0,E0,0,0,2000,2,,,,,,1071
39129,4591,A05,0,A00,A0,A0,E0,0,0,2000,2,4,8,7,3,4,648
39131,4591,A05,0,A00,A0,A0,E0,0,0,2000,2,,,0,0,,1110
39133,4591,A05,0,A00,A0,A0,E0,0,0,2000,2,200,217,84,67,17,1069
39135,4591,A05,0,A00,A0,A0,E0,0,0,2000,2,,,0,,,2078
39137,4591,A05,0,A00,A0,A0,E0,0,0,2000,2,,,,0,,9196
39139,4591,A05,0,A00,A0,A0,E0,0,0,2000,2,178,183,56,51,5,1287
39141,4591,A05,0,A00,A0,A0,E0,0,0,2000,2,59,52,11,18,-7,669
39143,4591,A05,0,A00,A0,A0,E0,0,0,2000,2,21,23,9,7,2,957
39145,4591,A05,0,A00,A0,A0,E0,0,0,2000,2,41,38,8,11,-3,1071
39147,4591,A05,0,A00,A0,A0,E0,0,0,2000,2,26,25,4,5,-1,991
39149,4591,A05,0,A00,A0,A0,E0,0,0,2000,2,,,,0,,442
39151,4591,A05,0,A00,A0,A0,E0,0,0,2000,2,490,508,139,121,18,1022
39153,4591,A05,0,A00,A0,A0,E0,0,0,2000,2,2190,2215,355,330,25,1861
39155,4591,A05,0,A00,A0,A0,E0,0,0,2000,2,294,306,104,92,12,1286
39157,4591,A05,0,A00,A0,A0,E0,0,0,2000,2,125,121,24,27,-3,1294
39159,4591,A05,0,A00,A0,A0,E0,0,0,2000,2,,,,,,785
39161,4591,A05,0,A00,A0,A0,E0,0,0,2000,2,,,,,,841
39163,4591,A05,0,A00,A0,A0,E0,0,0,2000,2,,,,,,1742
39165,4591,A05,0,A00,A0,A0,E0,0,0,2000,2,71,76,16,11,5,890
39167,4591,A05,0,A00,A0,A0,E0,0,0,2000,2,87,97,21,11,10,1137
39169,4591,A05,0,A00,A0,A0,E0,0,0,2000,2,192,196,32,28,4,1207
39171,4591,A05,0,A00,A0,A0,E0,0,0,2000,2,,,0,,,646
39173,4591,A05,0,A00,A0,A0,E0,0,0,2000,2,56,57,15,13,2,1145
39175,4591,A05,0,A00,A0,A0,E0,0,0,2000,2,,,,,,390
39,4591,A05,0,A00,A0,A0,E0,0,0,2000,2,18210,19008,5445,4648,797,1304
39001,4591,A05,0,A00,A0,A0,E0,0,0,2000,3,,,0,0,,728
39003,4591,A05,0,A00,A0,A0,E0,0,0,2000,3,122,128,44,39,6,1045
39005,4591,A05,0,A00,A0,A0,E0,0,0,2000,3,5,10,6,,5,812
39007,4591,A05,0,A00,A0,A0,E0,0,0,2000,3,36,35,13,13,-1,819
39009,4591,A05,0,A00,A0,A0,E0,0,0,2000,3,103,99,8,13,-5,1808
39011,4591,A05,0,A00,A0,A0,E0,0,0,2000,3,66,71,35,30,5,699
39013,4591,A05,0,A00,A0,A0,E0,0,0,2000,3,109,111,26,24,1,997
39015,4591,A05,0,A00,A0,A0,E0,0,0,2000,3,,,0,,,429
39017,4591,A05,0,A00,A0,A0,E0,0,0,2000,3,309,293,47,63,-16,1838
39023,4591,A05,0,A00,A0,A0,E0,0,0,2000,3,94,98,28,24,4,1077
39025,4591,A05,0,A00,A0,A0,E0,0,0,2000,3,228,252,76,52,24,1045
39029,4591,A05,0,A00,A0,A0,E0,0,0,2000,3,46,41,9,14,-5,681
39031,4591,A05,0,A00,A0,A0,E0,0,0,2000,3,14,7,,9,-7,402
39033,4591,A05,0,A00,A0,A0,E0,0,0,2000,3,14,3,,13,-11,399
39035,4591,A05,0,A00,A0,A0,E0,0,0,2000,3,3625,3673,1057,1009,49,1374
39037,4591,A05,0,A00,A0,A0,E0,0,0,2000,3,28,38,12,,10,926
39039,4591,A05,0,A00,A0,A0,E0,0,0,2000,3,79,76,21,24,-3,1385
39041,4591,A05,0,A00,A0,A0,E0,0,0,2000,3,65,71,26,20,7,1089
39043,4591,A05,0,A00,A0,A0,E0,0,0,2000,3,221,198,36,59,-23,880
39045,4591,A05,0,A00,A0,A0,E0,0,0,2000,3,112,118,33,27,5,868
39047,4591,A05,0,A00,A0,A0,E0,0,0,2000,3,18,20,8,6,1,762
39049,4591,A05,0,A00,A0,A0,E0,0,0,2000,3,2529,2664,859,724,135,1148
39051,4591,A05,0,A00,A0,A0,E0,0,0,2000,3,17,29,15,3,12,266
39053,4591,A05,0,A00,A0,A0,E0,0,0,2000,3,9,11,5,3,1,1154
39055,4591,A05,0,A00,A0,A0,E0,0,0,2000,3,126,118,29,37,-8,1235
39057,4591,A05,0,A00,A0,A0,E0,0,0,2000,3,222,233,91,79,12,1108
39059,4591,A05,0,A00,A0,A0,E0,0,0,2000,3,22,18,,5,-4,1363
39061,4591,A05,0,A00,A0,A0,E0,0,0,2000,3,2151,2201,757,707,50,1139
39063,4591,A05,0,A00,A0,A0,E0,0,0,2000,3,148,126,42,65,-23,1042
39065,4591,A05,0,A00,A0,A0,E0,0,0,2000,3,,,0,0,,389
39069,4591,A05,0,A00,A0,A0,E0,0,0,2000,3,,,0,0,,1026
39071,4591,A05,0,A00,A0,A0,E0,0,0,2000,3,36,40,12,7,4,1305
39073,4591,A05,0,A00,A0,A0,E0,0,0,2000,3,,,,,,603
39075,4591,A05,0,A00,A0,A0,E0,0,0,2000,3,114,107,14,21,-7,970
39077,4591,A05,0,A00,A0,A0,E0,0,0,2000,3,27,29,6,4,2,1151
39079,4591,A05,0,A00,A0,A0,E0,0,0,2000,3,24,21,12,15,-3,746
39081,4591,A05,0,A00,A0,A0,E0,0,0,2000,3,69,73,24,20,4,821
39083,4591,A05,0,A00,A0,A0,E0,0,0,2000,3,,,,,,1520
39085,4591,A05,0,A00,A0,A0,E0,0,0,2000,3,353,368,116,101,15,1066
39087,4591,A05,0,A00,A0,A0,E0,0,0,2000,3,43,42,8,9,-1,1285
39089,4591,A05,0,A00,A0,A0,E0,0,0,2000,3,307,304,60,63,-3,1591
39091,4591,A05,0,A00,A0,A0,E0,0,0,2000,3,19,22,8,4,4,908
39093,4591,A05,0,A00,A0,A0,E0,0,0,2000,3,309,328,110,91,19,1186
39095,4591,A05,0,A00,A0,A0,E0,0,0,2000,3,650,666,238,223,16,1161
39097,4591,A05,0,A00,A0,A0,E0,0,0,2000,3,21,19,3,5,-2,1364
39099,4591,A05,0,A00,A0,A0,E0,0,0,2000,3,1015,955,318,378,-61,1284
39101,4591,A05,0,A00,A0,A0,E0,0,0,2000,3,42,46,12,8,5,903
39103,4591,A05,0,A00,A0,A0,E0,0,0,2000,3,180,174,28,34,-6,1241
39105,4591,A05,0,A00,A0,A0,E0,0,0,2000,3,12,12,,,0,391
39107,4591,A05,0,A00,A0,A0,E0,0,0,2000,3,,,,,,1218
39109,4591,A05,0,A00,A0,A0,E0,0,0,2000,3,77,81,25,22,3,1051
39113,4591,A05,0,A00,A0,A0,E0,0,0,2000,3,757,751,229,236,-6,1220
39115,4591,A05,0,A00,A0,A0,E0,0,0,2000,3,,,,,,611
39117,4591,A05,0,A00,A0,A0,E0,0,0,2000,3,,,0,,,354
39119,4591,A05,0,A00,A0,A0,E0,0,0,2000,3,64,59,19,24,-5,1112
39121,4591,A05,0,A00,A0,A0,E0,0,0,2000,3,,,,,,378
39123,4591,A05,0,A00,A0,A0,E0,0,0,2000,3,61,51,17,27,-10,1193
39127,4591,A05,0,A00,A0,A0,E0,0,0,2000,3,,,0,0,,1759
39129,4591,A05,0,A00,A0,A0,E0,0,0,2000,3,8,4,4,8,-4,511
39131,4591,A05,0,A00,A0,A0,E0,0,0,2000,3,,,0,0,,1136
39133,4591,A05,0,A00,A0,A0,E0,0,0,2000,3,217,206,45,56,-11,1113
39135,4591,A05,0,A00,A0,A0,E0,0,0,2000,3,,,,0,,2182
39137,4591,A05,0,A00,A0,A0,E0,0,0,2000,3,,,,,,1669
39139,4591,A05,0,A00,A0,A0,E0,0,0,2000,3,185,195,54,45,9,1262
39141,4591,A05,0,A00,A0,A0,E0,0,0,2000,3,52,46,5,12,-6,793
39143,4591,A05,0,A00,A0,A0,E0,0,0,2000,3,23,28,15,10,5,1099
39145,4591,A05,0,A00,A0,A0,E0,0,0,2000,3,38,38,16,16,0,1062
39147,4591,A05,0,A00,A0,A0,E0,0,0,2000,3,25,26,6,5,1,948
39149,4591,A05,0,A00,A0,A0,E0,0,0,2000,3,,,0,,,336
39151,4591,A05,0,A00,A0,A0,E0,0,0,2000,3,509,530,163,142,21,1094
39153,4591,A05,0,A00,A0,A0,E0,0,0,2000,3,2211,2244,449,416,33,2343
39155,4591,A05,0,A00,A0,A0,E0,0,0,2000,3,306,366,174,114,60,1287
39157,4591,A05,0,A00,A0,A0,E0,0,0,2000,3,121,132,32,20,11,1338
39159,4591,A05,0,A00,A0,A0,E0,0,0,2000,3,,,,,,549
39161,4591,A05,0,A00,A0,A0,E0,0,0,2000,3,,,,,,827
39163,4591,A05,0,A00,A0,A0,E0,0,0,2000,3,,,,,,905
39165,4591,A05,0,A00,A0,A0,E0,0,0,2000,3,76,77,12,11,1,904
39167,4591,A05,0,A00,A0,A0,E0,0,0,2000,3,97,85,11,22,-12,1290
39169,4591,A05,0,A00,A0,A0,E0,0,0,2000,3,196,187,29,38,-9,1148
39171,4591,A05,0,A00,A0,A0,E0,0,0,2000,3,,,,,,693
39173,4591,A05,0,A00,A0,A0,E0,0,0,2000,3,58,61,17,14,4,1131
39175,4591,A05,0,A00,A0,A0,E0,0,0,2000,3,,,0,,,264
39,4591,A05,0,A00,A0,A0,E0,0,0,2000,3,19002,19302,5623,5323,300,1340
39001,4591,A05,0,A00,A0,A0,E0,0,0,2000,4,,,0,0,,575
39003,4591,A05,0,A00,A0,A0,E0,0,0,2000,4,129,150,100,79,21,1115
39005,4591,A05,0,A00,A0,A0,E0,0,0,2000,4,10,3,0,7,-7,926
39007,4591,A05,0,A00,A0,A0,E0,0,0,2000,4,35,44,33,24,8,793
39009,4591,A05,0,A00,A0,A0,E0,0,0,2000,4,98,93,9,15,-6,5571
39011,4591,A05,0,A00,A0,A0,E0,0,0,2000,4,71,80,18,9,9,642
39013,4591,A05,0,A00,A0,A0,E0,0,0,2000,4,111,124,55,42,13,974
39015,4591,A05,0,A00,A0,A0,E0,0,0,2000,4,,,0,0,,395
39017,4591,A05,0,A00,A0,A0,E0,0,0,2000,4,293,303,62,52,10,1873
39023,4591,A05,0,A00,A0,A0,E0,0,0,2000,4,98,119,70,49,21,1249
39025,4591,A05,0,A00,A0,A0,E0,0,0,2000,4,254,284,173,142,31,1081
39029,4591,A05,0,A00,A0,A0,E0,0,0,2000,4,41,32,10,20,-10,753
39031,4591,A05,0,A00,A0,A0,E0,0,0,2000,4,,,,,,565
39033,4591,A05,0,A00,A0,A0,E0,0,0,2000,4,,,,,,1159
39035,4591,A05,0,A00,A0,A0,E0,0,0,2000,4,3674,4000,1558,1232,326,1568
39037,4591,A05,0,A00,A0,A0,E0,0,0,2000,4,38,39,10,10,1,889
39039,4591,A05,0,A00,A0,A0,E0,0,0,2000,4,76,88,30,18,12,1445
39041,4591,A05,0,A00,A0,A0,E0,0,0,2000,4,71,67,49,53,-4,1499
39043,4591,A05,0,A00,A0,A0,E0,0,0,2000,4,198,149,79,128,-49,769
39045,4591,A05,0,A00,A0,A0,E0,0,0,2000,4,118,127,57,48,9,768
39047,4591,A05,0,A00,A0,A0,E0,0,0,2000,4,20,23,16,12,4,905
39049,4591,A05,0,A00,A0,A0,E0,0,0,2000,4,2663,3035,1427,1055,372,1273
39051,4591,A05,0,A00,A0,A0,E0,0,0,2000,4,29,20,7,16,-9,371
39053,4591,A05,0,A00,A0,A0,E0,0,0,2000,4,11,11,3,,1,1339
39055,4591,A05,0,A00,A0,A0,E0,0,0,2000,4,118,114,14,18,-3,1381
39057,4591,A05,0,A00,A0,A0,E0,0,0,2000,4,233,278,171,127,45,1116
39059,4591,A05,0,A00,A0,A0,E0,0,0,2000,4,18,17,,,-1,1559
39061,4591,A05,0,A00,A0,A0,E0,0,0,2000,4,2200,2642,1382,940,443,1300
39063,4591,A05,0,A00,A0,A0,E0,0,0,2000,4,126,92,35,68,-33,1227
39065,4591,A05,0,A00,A0,A0,E0,0,0,2000,4,,,0,0,,389
39069,4591,A05,0,A00,A0,A0,E0,0,0,2000,4,,,0,0,,738
39071,4591,A05,0,A00,A0,A0,E0,0,0,2000,4,40,45,11,6,5,1250
39073,4591,A05,0,A00,A0,A0,E0,0,0,2000,4,,,0,,,602
39075,4591,A05,0,A00,A0,A0,E0,0,0,2000,4,107,117,31,21,9,1034
39077,4591,A05,0,A00,A0,A0,E0,0,0,2000,4,29,27,10,11,-2,809
39079,4591,A05,0,A00,A0,A0,E0,0,0,2000,4,21,14,4,11,-7,690
39081,4591,A05,0,A00,A0,A0,E0,0,0,2000,4,72,72,32,33,-1,880
39083,4591,A05,0,A00,A0,A0,E0,0,0,2000,4,41,40,5,6,-1,1588
39085,4591,A05,0,A00,A0,A0,E0,0,0,2000,4,367,431,194,131,64,1007
39087,4591,A05,0,A00,A0,A0,E0,0,0,2000,4,42,45,7,3,3,1437
39089,4591,A05,0,A00,A0,A0,E0,0,0,2000,4,304,330,115,89,26,1487
39091,4591,A05,0,A00,A0,A0,E0,0,0,2000,4,22,45,28,5,22,908
39093,4591,A05,0,A00,A0,A0,E0,0,0,2000,4,328,379,189,138,52,1407
39095,4591,A05,0,A00,A0,A0,E0,0,0,2000,4,665,796,475,344,131,1214
39097,4591,A05,0,A00,A0,A0,E0,0,0,2000,4,19,18,6,6,-1,1542
39099,4591,A05,0,A00,A0,A0,E0,0,0,2000,4,955,1109,684,530,154,1422
39101,4591,A05,0,A00,A0,A0,E0,0,0,2000,4,47,48,37,35,2,947
39103,4591,A05,0,A00,A0,A0,E0,0,0,2000,4,174,180,69,63,6,1292
39105,4591,A05,0,A00,A0,A0,E0,0,0,2000,4,12,10,0,,-2,635
39107,4591,A05,0,A00,A0,A0,E0,0,0,2000,4,,,,,,980
39109,4591,A05,0,A00,A0,A0,E0,0,0,2000,4,81,62,12,32,-19,1047
39113,4591,A05,0,A00,A0,A0,E0,0,0,2000,4,752,786,364,329,34,1226
39115,4591,A05,0,A00,A0,A0,E0,0,0,2000,4,,,,,,512
39117,4591,A05,0,A00,A0,A0,E0,0,0,2000,4,,,,,,38
39119,4591,A05,0,A00,A0,A0,E0,0,0,2000,4,59,68,47,38,9,1088
39121,4591,A05,0,A00,A0,A0,E0,0,0,2000,4,,,,,,345
39123,4591,A05,0,A00,A0,A0,E0,0,0,2000,4,51,22,10,38,-28,704
39127,4591,A05,0,A00,A0,A0,E0,0,0,2000,4,,,0,0,,1777
39129,4591,A05,0,A00,A0,A0,E0,0,0,2000,4,4,5,3,,1,713
39131,4591,A05,0,A00,A0,A0,E0,0,0,2000,4,,,0,,,1011
39133,4591,A05,0,A00,A0,A0,E0,0,0,2000,4,206,184,57,80,-23,1117
39135,4591,A05,0,A00,A0,A0,E0,0,0,2000,4,,,0,0,,2018
39137,4591,A05,0,A00,A0,A0,E0,0,0,2000,4,,,,,,1560
39139,4591,A05,0,A00,A0,A0,E0,0,0,2000,4,195,217,125,104,22,1289
39141,4591,A05,0,A00,A0,A0,E0,0,0,2000,4,46,51,24,19,5,836
39143,4591,A05,0,A00,A0,A0,E0,0,0,2000,4,28,80,81,29,52,806
39145,4591,A05,0,A00,A0,A0,E0,0,0,2000,4,38,35,7,10,-3,1120
39147,4591,A05,0,A00,A0,A0,E0,0,0,2000,4,26,27,5,4,1,1009
39149,4591,A05,0,A00,A0,A0,E0,0,0,2000,4,,,0,,,255
39151,4591,A05,0,A00,A0,A0,E0,0,0,2000,4,529,588,272,213,59,1108
39153,4591,A05,0,A00,A0,A0,E0,0,0,2000,4,2246,2418,630,458,173,2174
39155,4591,A05,0,A00,A0,A0,E0,0,0,2000,4,366,404,143,104,39,1278
39157,4591,A05,0,A00,A0,A0,E0,0,0,2000,4,133,157,73,49,24,1354
39159,4591,A05,0,A00,A0,A0,E0,0,0,2000,4,,,,,,849
39161,4591,A05,0,A00,A0,A0,E0,0,0,2000,4,,,,,,930
39163,4591,A05,0,A00,A0,A0,E0,0,0,2000,4,,,0,,,577
39165,4591,A05,0,A00,A0,A0,E0,0,0,2000,4,77,93,35,19,17,1148
39167,4591,A05,0,A00,A0,A0,E0,0,0,2000,4,85,86,14,13,1,1247
39169,4591,A05,0,A00,A0,A0,E0,0,0,2000,4,186,194,60,53,7,1309
39171,4591,A05,0,A00,A0,A0,E0,0,0,2000,4,,,,,,663
39173,4591,A05,0,A00,A0,A0,E0,0,0,2000,4,61,72,34,24,11,1152
39175,4591,A05,0,A00,A0,A0,E0,0,0,2000,4,,,,,,278
39,4591,A05,0,A00,A0,A0,E0,0,0,2000,4,19305,21344,9297,7258,2039,1431
39001,4591,A05,0,A00,A0,A0,E0,0,0,2001,1,,,0,0,,811
39003,4591,A05,0,A00,A0,A0,E0,0,0,2001,1,150,130,19,40,-20,860
39005,4591,A05,0,A00,A0,A0,E0,0,0,2001,1,3,8,10,5,5,1028
39007,4591,A05,0,A00,A0,A0,E0,0,0,2001,1,44,32,5,17,-12,619
39009,4591,A05,0,A00,A0,A0,E0,0,0,2001,1,93,92,3,4,-1,2095
39011,4591,A05,0,A00,A0,A0,E0,0,0,2001,1,81,75,6,12,-6,617
39013,4591,A05,0,A00,A0,A0,E0,0,0,2001,1,124,115,17,26,-9,776
39015,4591,A05,0,A00,A0,A0,E0,0,0,2001,1,,0,0,,,477
39017,4591,A05,0,A00,A0,A0,E0,0,0,2001,1,319,316,45,48,-3,2121
39023,4591,A05,0,A00,A0,A0,E0,0,0,2001,1,119,93,9,35,-26,895
39025,4591,A05,0,A00,A0,A0,E0,0,0,2001,1,278,226,27,79,-52,864
39027,4591,A05,0,A00,A0,A0,E0,0,0,2001,1,0,,,0,,
39029,4591,A05,0,A00,A0,A0,E0,0,0,2001,1,36,32,6,10,-4,818
39031,4591,A05,0,A00,A0,A0,E0,0,0,2001,1,7,26,22,,19,130
39033,4591,A05,0,A00,A0,A0,E0,0,0,2001,1,,,,,,468
39035,4591,A05,0,A00,A0,A0,E0,0,0,2001,1,4141,3572,524,1093,-568,1238
39037,4591,A05,0,A00,A0,A0,E0,0,0,2001,1,39,29,7,18,-11,888
39039,4591,A05,0,A00,A0,A0,E0,0,0,2001,1,88,83,13,19,-5,1223
39041,4591,A05,0,A00,A0,A0,E0,0,0,2001,1,67,58,12,22,-9,1478
39043,4591,A05,0,A00,A0,A0,E0,0,0,2001,1,149,127,19,41,-22,820
39045,4591,A05,0,A00,A0,A0,E0,0,0,2001,1,115,92,17,39,-23,646
39047,4591,A05,0,A00,A0,A0,E0,0,0,2001,1,23,17,,8,-6,676
39049,4591,A05,0,A00,A0,A0,E0,0,0,2001,1,2954,2566,440,828,-388,1002
39051,4591,A05,0,A00,A0,A0,E0,0,0,2001,1,37,32,,8,-6,579
39053,4591,A05,0,A00,A0,A0,E0,0,0,2001,1,11,12,,,1,1398
39055,4591,A05,0,A00,A0,A0,E0,0,0,2001,1,117,108,15,24,-9,1221
39057,4591,A05,0,A00,A0,A0,E0,0,0,2001,1,278,228,36,86,-50,961
39059,4591,A05,0,A00,A0,A0,E0,0,0,2001,1,17,16,,3,-1,1361
39061,4591,A05,0,A00,A0,A0,E0,0,0,2001,1,2624,2319,442,747,-304,1113
39063,4591,A05,0,A00,A0,A0,E0,0,0,2001,1,92,83,9,19,-9,1300
39065,4591,A05,0,A00,A0,A0,E0,0,0,2001,1,,,,,,389
39069,4591,A05,0,A00,A0,A0,E0,0,0,2001,1,,0,0,,,866
39071,4591,A05,0,A00,A0,A0,E0,0,0,2001,1,45,26,,21,-19,1116
39073,4591,A05,0,A00,A0,A0,E0,0,0,2001,1,,,,0,,684
39075,4591,A05,0,A00,A0,A0,E0,0,0,2001,1,119,117,8,9,-2,932
39077,4591,A05,0,A00,A0,A0,E0,0,0,2001,1,27,30,5,,3,1063
39079,4591,A05,0,A00,A0,A0,E0,0,0,2001,1,14,14,4,4,0,764
39081,4591,A05,0,A00,A0,A0,E0,0,0,2001,1,72,61,9,19,-10,855
39083,4591,A05,0,A00,A0,A0,E0,0,0,2001,1,40,38,,3,-1,1482
39085,4591,A05,0,A00,A0,A0,E0,0,0,2001,1,450,364,38,124,-86,946
39087,4591,A05,0,A00,A0,A0,E0,0,0,2001,1,44,40,6,9,-4,1236
39089,4591,A05,0,A00,A0,A0,E0,0,0,2001,1,389,408,81,62,19,1624
39091,4591,A05,0,A00,A0,A0,E0,0,0,2001,1,45,21,7,31,-24,578
39093,4591,A05,0,A00,A0,A0,E0,0,0,2001,1,362,297,37,101,-65,986
39095,4591,A05,0,A00,A0,A0,E0,0,0,2001,1,787,673,109,223,-114,1013
39097,4591,A05,0,A00,A0,A0,E0,0,0,2001,1,18,21,14,12,2,1331
39099,4591,A05,0,A00,A0,A0,E0,0,0,2001,1,1094,865,83,311,-228,1149
39101,4591,A05,0,A00,A0,A0,E0,0,0,2001,1,48,37,4,15,-11,640
39103,4591,A05,0,A00,A0,A0,E0,0,0,2001,1,227,208,29,47,-19,1331
39105,4591,A05,0,A00,A0,A0,E0,0,0,2001,1,10,10,0,0,0,404
39107,4591,A05,0,A00,A0,A0,E0,0,0,2001,1,,,,,,991
39109,4591,A05,0,A00,A0,A0,E0,0,0,2001,1,66,62,13,17,-4,1016
39113,4591,A05,0,A00,A0,A0,E0,0,0,2001,1,751,648,108,211,-103,1130
39115,4591,A05,0,A00,A0,A0,E0,0,0,2001,1,,,0,0,,563
39117,4591,A05,0,A00,A0,A0,E0,0,0,2001,1,,,0,0,,1060
39119,4591,A05,0,A00,A0,A0,E0,0,0,2001,1,68,61,17,24,-7,1053
39121,4591,A05,0,A00,A0,A0,E0,0,0,2001,1,,,,,,365
39123,4591,A05,0,A00,A0,A0,E0,0,0,2001,1,24,25,8,7,1,888
39127,4591,A05,0,A00,A0,A0,E0,0,0,2001,1,,,,,,1538
39129,4591,A05,0,A00,A0,A0,E0,0,0,2001,1,5,4,,,-1,678
39131,4591,A05,0,A00,A0,A0,E0,0,0,2001,1,,,0,0,,1398
39133,4591,A05,0,A00,A0,A0,E0,0,0,2001,1,163,146,22,39,-18,1088
39135,4591,A05,0,A00,A0,A0,E0,0,0,2001,1,,,,,,1984
39137,4591,A05,0,A00,A0,A0,E0,0,0,2001,1,,,,,,1613
39139,4591,A05,0,A00,A0,A0,E0,0,0,2001,1,190,162,19,46,-28,992
39141,4591,A05,0,A00,A0,A0,E0,0,0,2001,1,51,57,17,11,6,805
39143,4591,A05,0,A00,A0,A0,E0,0,0,2001,1,82,29,14,67,-53,466
39145,4591,A05,0,A00,A0,A0,E0,0,0,2001,1,35,34,3,4,-1,1127
39147,4591,A05,0,A00,A0,A0,E0,0,0,2001,1,27,26,,,-1,902
39149,4591,A05,0,A00,A0,A0,E0,0,0,2001,1,,,0,0,,152
39151,4591,A05,0,A00,A0,A0,E0,0,0,2001,1,610,516,73,167,-94,894
39153,4591,A05,0,A00,A0,A0,E0,0,0,2001,1,2401,2209,226,418,-192,2172
39155,4591,A05,0,A00,A0,A0,E0,0,0,2001,1,340,281,26,85,-59,980
39157,4591,A05,0,A00,A0,A0,E0,0,0,2001,1,158,139,14,33,-19,1263
39159,4591,A05,0,A00,A0,A0,E0,0,0,2001,1,,,,,,616
39161,4591,A05,0,A00,A0,A0,E0,0,0,2001,1,,,,,,1055
39163,4591,A05,0,A00,A0,A0,E0,0,0,2001,1,,,0,0,,1016
39165,4591,A05,0,A00,A0,A0,E0,0,0,2001,1,95,77,14,31,-18,1271
39167,4591,A05,0,A00,A0,A0,E0,0,0,2001,1,86,81,12,16,-5,1323
39169,4591,A05,0,A00,A0,A0,E0,0,0,2001,1,193,186,27,34,-7,1106
39171,4591,A05,0,A00,A0,A0,E0,0,0,2001,1,,,,,,664
39173,4591,A05,0,A00,A0,A0,E0,0,0,2001,1,71,62,12,21,-8,758
39175,4591,A05,0,A00,A0,A0,E0,0,0,2001,1,,,0,0,,401
39,4591,A05,0,A00,A0,A0,E0,0,0,2001,1,21358,18697,2826,5487,-2661,1227
39001,4591,A05,0,A00,A0,A0,E0,0,0,2001,2,,,0,0,,731
39003,4591,A05,0,A00,A0,A0,E0,0,0,2001,2,130,138,44,35,9,1119
39005,4591,A05,0,A00,A0,A0,E0,0,0,2001,2,6,9,,0,2,982
39007,4591,A05,0,A00,A0,A0,E0,0,0,2001,2,32,38,17,11,6,937
39009,4591,A05,0,A00,A0,A0,E0,0,0,2001,2,91,98,14,7,6,1837
39011,4591,A05,0,A00,A0,A0,E0,0,0,2001,2,69,80,24,13,11,704
39013,4591,A05,0,A00,A0,A0,E0,0,0,2001,2,115,113,15,16,-2,903
39017,4591,A05,0,A00,A0,A0,E0,0,0,2001,2,320,322,61,60,2,1936
39023,4591,A05,0,A00,A0,A0,E0,0,0,2001,2,93,100,23,16,7,1126
39025,4591,A05,0,A00,A0,A0,E0,0,0,2001,2,227,220,50,57,-7,1191
39027,4591,A05,0,A00,A0,A0,E0,0,0,2001,2,,,,0,,916
39029,4591,A05,0,A00,A0,A0,E0,0,0,2001,2,32,38,14,8,6,757
39031,4591,A05,0,A00,A0,A0,E0,0,0,2001,2,26,33,20,14,7,462
39033,4591,A05,0,A00,A0,A0,E0,0,0,2001,2,14,13,6,7,-1,449
39035,4591,A05,0,A00,A0,A0,E0,0,0,2001,2,3577,3610,869,836,33,1429
39037,4591,A05,0,A00,A0,A0,E0,0,0,2001,2,29,26,,5,-3,1086
39039,4591,A05,0,A00,A0,A0,E0,0,0,2001,2,83,81,20,22,-2,1863
39041,4591,A05,0,A00,A0,A0,E0,0,0,2001,2,146,148,39,36,3,866
39043,4591,A05,0,A00,A0,A0,E0,0,0,2001,2,127,215,126,38,88,1070
39045,4591,A05,0,A00,A0,A0,E0,0,0,2001,2,92,118,60,34,26,816
39047,4591,A05,0,A00,A0,A0,E0,0,0,2001,2,17,16,7,8,-1,899
39049,4591,A05,0,A00,A0,A0,E0,0,0,2001,2,2481,2593,828,715,112,1122
39051,4591,A05,0,A00,A0,A0,E0,0,0,2001,2,32,47,23,7,16,660
39053,4591,A05,0,A00,A0,A0,E0,0,0,2001,2,12,9,,4,-3,1329
39055,4591,A05,0,A00,A0,A0,E0,0,0,2001,2,108,111,21,17,3,1494
39057,4591,A05,0,A00,A0,A0,E0,0,0,2001,2,228,238,72,63,10,1108
39059,4591,A05,0,A00,A0,A0,E0,0,0,2001,2,16,15,,3,-1,1576
39061,4591,A05,0,A00,A0,A0,E0,0,0,2001,2,2207,2227,563,543,20,1248
39063,4591,A05,0,A00,A0,A0,E0,0,0,2001,2,83,126,86,43,43,1512
39065,4591,A05,0,A00,A0,A0,E0,0,0,2001,2,,,,,,141
39067,4591,A05,0,A00,A0,A0,E0,0,0,2001,2,0,,,0,,
39069,4591,A05,0,A00,A0,A0,E0,0,0,2001,2,0,0,,,0,
39071,4591,A05,0,A00,A0,A0,E0,0,0,2001,2,26,20,5,10,-6,870
39073,4591,A05,0,A00,A0,A0,E0,0,0,2001,2,,,,0,,778
39075,4591,A05,0,A00,A0,A0,E0,0,0,2001,2,117,127,33,23,9,963
39077,4591,A05,0,A00,A0,A0,E0,0,0,2001,2,30,28,3,5,-2,992
39079,4591,A05,0,A00,A0,A0,E0,0,0,2001,2,14,18,7,4,4,769
39081,4591,A05,0,A00,A0,A0,E0,0,0,2001,2,61,61,13,13,0,974
39083,4591,A05,0,A00,A0,A0,E0,0,0,2001,2,38,38,4,4,0,1358
39085,4591,A05,0,A00,A0,A0,E0,0,0,2001,2,364,364,90,90,0,1093
39087,4591,A05,0,A00,A0,A0,E0,0,0,2001,2,40,46,9,3,5,1248
39089,4591,A05,0,A00,A0,A0,E0,0,0,2001,2,408,393,99,114,-15,1644
39091,4591,A05,0,A00,A0,A0,E0,0,0,2001,2,21,18,7,10,-3,793
39093,4591,A05,0,A00,A0,A0,E0,0,0,2001,2,296,296,71,70,0,1126
39095,4591,A05,0,A00,A0,A0,E0,0,0,2001,2,668,667,201,203,-1,1163
39097,4591,A05,0,A00,A0,A0,E0,0,0,2001,2,21,29,17,9,8,1303
39099,4591,A05,0,A00,A0,A0,E0,0,0,2001,2,726,719,146,154,-7,1245
39101,4591,A05,0,A00,A0,A0,E0,0,0,2001,2,37,46,20,11,8,830
39103,4591,A05,0,A00,A0,A0,E0,0,0,2001,2,193,196,37,33,4,1527
39105,4591,A05,0,A00,A0,A0,E0,0,0,2001,2,10,6,0,4,-4,375
39107,4591,A05,0,A00,A0,A0,E0,0,0,2001,2,,,,0,,1392
39109,4591,A05,0,A00,A0,A0,E0,0,0,2001,2,66,94,43,16,28,1054
39113,4591,A05,0,A00,A0,A0,E0,0,0,2001,2,648,643,151,156,-5,1248
39115,4591,A05,0,A00,A0,A0,E0,0,0,2001,2,,,0,0,,665
39117,4591,A05,0,A00,A0,A0,E0,0,0,2001,2,,,,,,1296
39119,4591,A05,0,A00,A0,A0,E0,0,0,2001,2,58,61,25,22,3,1394
39121,4591,A05,0,A00,A0,A0,E0,0,0,2001,2,,,,,,862
39123,4591,A05,0,A00,A0,A0,E0,0,0,2001,2,25,58,47,14,33,1227
39127,4591,A05,0,A00,A0,A0,E0,0,0,2001,2,,,,,,1514
39129,4591,A05,0,A00,A0,A0,E0,0,0,2001,2,4,7,5,,2,872
39131,4591,A05,0,A00,A0,A0,E0,0,0,2001,2,,,0,0,,1398
39133,4591,A05,0,A00,A0,A0,E0,0,0,2001,2,284,542,352,94,258,1730
39135,4591,A05,0,A00,A0,A0,E0,0,0,2001,2,,,,,,2101
39137,4591,A05,0,A00,A0,A0,E0,0,0,2001,2,,,0,,,2267
39139,4591,A05,0,A00,A0,A0,E0,0,0,2001,2,162,177,54,39,15,1187
39141,4591,A05,0,A00,A0,A0,E0,0,0,2001,2,74,79,22,16,6,804
39143,4591,A05,0,A00,A0,A0,E0,0,0,2001,2,29,28,5,6,-1,855
39145,4591,A05,0,A00,A0,A0,E0,0,0,2001,2,49,62,20,6,13,1453
39147,4591,A05,0,A00,A0,A0,E0,0,0,2001,2,26,28,4,,2,929
39149,4591,A05,0,A00,A0,A0,E0,0,0,2001,2,,,0,0,,443
39151,4591,A05,0,A00,A0,A0,E0,0,0,2001,2,516,539,140,116,24,1012
39153,4591,A05,0,A00,A0,A0,E0,0,0,2001,2,2209,2141,251,319,-68,2035
39155,4591,A05,0,A00,A0,A0,E0,0,0,2001,2,281,297,79,63,16,1093
39157,4591,A05,0,A00,A0,A0,E0,0,0,2001,2,139,136,19,21,-3,1321
39159,4591,A05,0,A00,A0,A0,E0,0,0,2001,2,,,,,,709
39161,4591,A05,0,A00,A0,A0,E0,0,0,2001,2,,,,,,821
39163,4591,A05,0,A00,A0,A0,E0,0,0,2001,2,,,,0,,1452
39165,4591,A05,0,A00,A0,A0,E0,0,0,2001,2,77,83,13,8,6,905
39167,4591,A05,0,A00,A0,A0,E0,0,0,2001,2,81,80,8,9,-1,1218
39169,4591,A05,0,A00,A0,A0,E0,0,0,2001,2,187,177,26,36,-10,1254
39171,4591,A05,0,A00,A0,A0,E0,0,0,2001,2,,,,,,724
39173,4591,A05,0,A00,A0,A0,E0,0,0,2001,2,62,68,25,19,6,919
39175,4591,A05,0,A00,A0,A0,E0,0,0,2001,2,,,,0,,414
39,4591,A05,0,A00,A0,A0,E0,0,0,2001,2,18601,19320,5098,4380,718,1349
39001,4591,A05,0,A00,A0,A0,E0,0,0,2001,3,,,0,0,,1026
39003,4591,A05,0,A00,A0,A0,E0,0,0,2001,3,138,132,33,39,-6,1027
39005,4591,A05,0,A00,A0,A0,E0,0,0,2001,3,9,10,5,3,1,732
39007,4591,A05,0,A00,A0,A0,E0,0,0,2001,3,38,35,9,12,-3,1033
39009,4591,A05,0,A00,A0,A0,E0,0,0,2001,3,98,100,13,11,3,1805
39011,4591,A05,0,A00,A0,A0,E0,0,0,2001,3,80,81,19,18,1,718
39013,4591,A05,0,A00,A0,A0,E0,0,0,2001,3,130,132,26,25,2,1027
39015,4591,A05,0,A00,A0,A0,E0,0,0,2001,3,0,,,0,,
39017,4591,A05,0,A00,A0,A0,E0,0,0,2001,3,315,315,52,52,0,1974
39023,4591,A05,0,A00,A0,A0,E0,0,0,2001,3,100,96,22,26,-4,1173
39025,4591,A05,0,A00,A0,A0,E0,0,0,2001,3,218,226,57,48,8,1253
39027,4591,A05,0,A00,A0,A0,E0,0,0,2001,3,,,0,,,595
39029,4591,A05,0,A00,A0,A0,E0,0,0,2001,3,41,38,14,17,-3,691
39031,4591,A05,0,A00,A0,A0,E0,0,0,2001,3,33,24,10,20,-10,428
39033,4591,A05,0,A00,A0,A0,E0,0,0,2001,3,13,3,,12,-9,596
39035,4591,A05,0,A00,A0,A0,E0,0,0,2001,3,3601,3622,924,904,20,1395
39037,4591,A05,0,A00,A0,A0,E0,0,0,2001,3,26,36,15,5,10,978
39039,4591,A05,0,A00,A0,A0,E0,0,0,2001,3,81,85,18,14,5,1412
39041,4591,A05,0,A00,A0,A0,E0,0,0,2001,3,149,159,41,31,10,916
39043,4591,A05,0,A00,A0,A0,E0,0,0,2001,3,215,195,32,52,-20,911
39045,4591,A05,0,A00,A0,A0,E0,0,0,2001,3,119,127,47,39,8,769
39047,4591,A05,0,A00,A0,A0,E0,0,0,2001,3,16,22,12,5,6,960
39049,4591,A05,0,A00,A0,A0,E0,0,0,2001,3,2584,2528,608,664,-56,1132
39051,4591,A05,0,A00,A0,A0,E0,0,0,2001,3,47,44,10,14,-4,492
39053,4591,A05,0,A00,A0,A0,E0,0,0,2001,3,9,8,0,,-1,1361
39055,4591,A05,0,A00,A0,A0,E0,0,0,2001,3,112,107,29,35,-6,1369
39057,4591,A05,0,A00,A0,A0,E0,0,0,2001,3,238,233,62,67,-5,1114
39059,4591,A05,0,A00,A0,A0,E0,0,0,2001,3,15,13,3,4,-1,1571
39061,4591,A05,0,A00,A0,A0,E0,0,0,2001,3,2218,2249,632,601,31,1265
39063,4591,A05,0,A00,A0,A0,E0,0,0,2001,3,126,113,33,45,-13,894
39065,4591,A05,0,A00,A0,A0,E0,0,0,2001,3,,,,,,35
39067,4591,A05,0,A00,A0,A0,E0,0,0,2001,3,,0,0,,,327
39071,4591,A05,0,A00,A0,A0,E0,0,0,2001,3,20,18,0,,-2,1027
39073,4591,A05,0,A00,A0,A0,E0,0,0,2001,3,9,11,4,,2,692
39075,4591,A05,0,A00,A0,A0,E0,0,0,2001,3,116,105,7,19,-11,1018
39077,4591,A05,0,A00,A0,A0,E0,0,0,2001,3,23,25,5,3,2,1340
39079,4591,A05,0,A00,A0,A0,E0,0,0,2001,3,18,14,5,9,-4,665
39081,4591,A05,0,A00,A0,A0,E0,0,0,2001,3,61,56,16,21,-5,1035
39083,4591,A05,0,A00,A0,A0,E0,0,0,2001,3,38,38,5,5,0,1620
39085,4591,A05,0,A00,A0,A0,E0,0,0,2001,3,370,394,107,82,25,1082
39087,4591,A05,0,A00,A0,A0,E0,0,0,2001,3,46,46,3,3,0,1321
39089,4591,A05,0,A00,A0,A0,E0,0,0,2001,3,389,382,68,75,-7,1855
39091,4591,A05,0,A00,A0,A0,E0,0,0,2001,3,18,18,5,4,1,1023
39093,4591,A05,0,A00,A0,A0,E0,0,0,2001,3,306,308,88,86,2,1132
39095,4591,A05,0,A00,A0,A0,E0,0,0,2001,3,667,660,179,187,-7,1163
39097,4591,A05,0,A00,A0,A0,E0,0,0,2001,3,29,23,4,10,-5,1459
39099,4591,A05,0,A00,A0,A0,E0,0,0,2001,3,722,747,214,189,25,1195
39101,4591,A05,0,A00,A0,A0,E0,0,0,2001,3,46,53,17,10,7,928
39103,4591,A05,0,A00,A0,A0,E0,0,0,2001,3,197,189,28,35,-7,1412
39105,4591,A05,0,A00,A0,A0,E0,0,0,2001,3,6,7,,0,1,559
39107,4591,A05,0,A00,A0,A0,E0,0,0,2001,3,,,,,,1183
39109,4591,A05,0,A00,A0,A0,E0,0,0,2001,3,91,87,19,24,-4,1020
39113,4591,A05,0,A00,A0,A0,E0,0,0,2001,3,644,623,162,183,-21,1268
39115,4591,A05,0,A00,A0,A0,E0,0,0,2001,3,,,,,,684
39117,4591,A05,0,A00,A0,A0,E0,0,0,2001,3,,,,,,544
39119,4591,A05,0,A00,A0,A0,E0,0,0,2001,3,61,58,16,18,-3,1214
39121,4591,A05,0,A00,A0,A0,E0,0,0,2001,3,,,,,,438
39123,4591,A05,0,A00,A0,A0,E0,0,0,2001,3,58,49,14,23,-9,1201
39127,4591,A05,0,A00,A0,A0,E0,0,0,2001,3,,,0,0,,1897
39129,4591,A05,0,A00,A0,A0,E0,0,0,2001,3,7,3,,6,-3,674
39131,4591,A05,0,A00,A0,A0,E0,0,0,2001,3,,,0,0,,1398
39133,4591,A05,0,A00,A0,A0,E0,0,0,2001,3,545,365,134,313,-180,1330
39135,4591,A05,0,A00,A0,A0,E0,0,0,2001,3,,,,,,2083
39137,4591,A05,0,A00,A0,A0,E0,0,0,2001,3,,,0,,,3303
39139,4591,A05,0,A00,A0,A0,E0,0,0,2001,3,174,178,49,44,4,1136
39141,4591,A05,0,A00,A0,A0,E0,0,0,2001,3,80,78,27,28,-2,847
39143,4591,A05,0,A00,A0,A0,E0,0,0,2001,3,28,31,6,4,2,1008
39145,4591,A05,0,A00,A0,A0,E0,0,0,2001,3,62,55,7,14,-7,1820
39147,4591,A05,0,A00,A0,A0,E0,0,0,2001,3,28,26,,4,-2,798
39149,4591,A05,0,A00,A0,A0,E0,0,0,2001,3,,,,0,,658
39151,4591,A05,0,A00,A0,A0,E0,0,0,2001,3,540,540,130,130,0,1068
39153,4591,A05,0,A00,A0,A0,E0,0,0,2001,3,2146,2089,301,358,-58,2408
39155,4591,A05,0,A00,A0,A0,E0,0,0,2001,3,303,593,438,148,290,1140
39157,4591,A05,0,A00,A0,A0,E0,0,0,2001,3,136,144,33,26,8,1357
39159,4591,A05,0,A00,A0,A0,E0,0,0,2001,3,,,,,,643
39161,4591,A05,0,A00,A0,A0,E0,0,0,2001,3,9,11,5,3,2,843
39163,4591,A05,0,A00,A0,A0,E0,0,0,2001,3,,,,,,1282
39165,4591,A05,0,A00,A0,A0,E0,0,0,2001,3,83,83,18,18,0,789
39167,4591,A05,0,A00,A0,A0,E0,0,0,2001,3,80,77,9,13,-4,1393
39169,4591,A05,0,A00,A0,A0,E0,0,0,2001,3,177,169,21,29,-8,1202
39171,4591,A05,0,A00,A0,A0,E0,0,0,2001,3,,,,,,859
39173,4591,A05,0,A00,A0,A0,E0,0,0,2001,3,68,64,21,25,-4,864
39175,4591,A05,0,A00,A0,A0,E0,0,0,2001,3,,,0,0,,358
39,4591,A05,0,A00,A0,A0,E0,0,0,2001,3,19313,19296,4928,4945,-17,1370
39001,4591,A05,0,A00,A0,A0,E0,0,0,2001,4,,0,0,,,368
39003,4591,A05,0,A00,A0,A0,E0,0,0,2001,4,145,177,78,46,32,1181
39005,4591,A05,0,A00,A0,A0,E0,0,0,2001,4,10,6,3,6,-4,732
39007,4591,A05,0,A00,A0,A0,E0,0,0,2001,4,35,38,18,15,3,1068
39009,4591,A05,0,A00,A0,A0,E0,0,0,2001,4,100,101,11,10,1,5828
39011,4591,A05,0,A00,A0,A0,E0,0,0,2001,4,81,56,7,33,-25,672
39013,4591,A05,0,A00,A0,A0,E0,0,0,2001,4,131,147,55,39,16,1015
39015,4591,A05,0,A00,A0,A0,E0,0,0,2001,4,,,0,,,462
39017,4591,A05,0,A00,A0,A0,E0,0,0,2001,4,318,295,36,58,-22,1952
39023,4591,A05,0,A00,A0,A0,E0,0,0,2001,4,96,114,56,38,18,1354
39025,4591,A05,0,A00,A0,A0,E0,0,0,2001,4,224,247,132,109,23,1191
39027,4591,A05,0,A00,A0,A0,E0,0,0,2001,4,,,0,0,,854
39029,4591,A05,0,A00,A0,A0,E0,0,0,2001,4,33,32,10,12,-1,759
39031,4591,A05,0,A00,A0,A0,E0,0,0,2001,4,24,27,9,6,3,714
39033,4591,A05,0,A00,A0,A0,E0,0,0,2001,4,,,0,0,,1062
39035,4591,A05,0,A00,A0,A0,E0,0,0,2001,4,3480,3670,1194,1005,190,1517
39037,4591,A05,0,A00,A0,A0,E0,0,0,2001,4,22,26,11,8,3,936
39039,4591,A05,0,A00,A0,A0,E0,0,0,2001,4,85,92,24,16,7,1423
39041,4591,A05,0,A00,A0,A0,E0,0,0,2001,4,142,161,73,54,19,785
39043,4591,A05,0,A00,A0,A0,E0,0,0,2001,4,195,159,69,105,-36,803
39045,4591,A05,0,A00,A0,A0,E0,0,0,2001,4,127,136,61,52,9,779
39047,4591,A05,0,A00,A0,A0,E0,0,0,2001,4,22,24,20,18,2,1192
39049,4591,A05,0,A00,A0,A0,E0,0,0,2001,4,2629,2910,1049,768,280,1325
39051,4591,A05,0,A00,A0,A0,E0,0,0,2001,4,43,35,10,19,-9,727
39053,4591,A05,0,A00,A0,A0,E0,0,0,2001,4,8,8,5,6,0,323
39055,4591,A05,0,A00,A0,A0,E0,0,0,2001,4,105,107,24,21,2,1504
39057,4591,A05,0,A00,A0,A0,E0,0,0,2001,4,233,250,113,96,17,1129
39059,4591,A05,0,A00,A0,A0,E0,0,0,2001,4,13,12,3,4,-1,1957
39061,4591,A05,0,A00,A0,A0,E0,0,0,2001,4,2271,2384,831,718,113,1326
39063,4591,A05,0,A00,A0,A0,E0,0,0,2001,4,114,92,25,47,-22,1388
39065,4591,A05,0,A00,A0,A0,E0,0,0,2001,4,,,0,0,,271
39067,4591,A05,0,A00,A0,A0,E0,0,0,2001,4,,,0,,,285
39071,4591,A05,0,A00,A0,A0,E0,0,0,2001,4,18,18,,,0,1039
39073,4591,A05,0,A00,A0,A0,E0,0,0,2001,4,,,0,0,,735
39075,4591,A05,0,A00,A0,A0,E0,0,0,2001,4,117,117,16,16,0,1097
39077,4591,A05,0,A00,A0,A0,E0,0,0,2001,4,24,23,6,6,0,810
39079,4591,A05,0,A00,A0,A0,E0,0,0,2001,4,14,13,5,5,-1,1009
39081,4591,A05,0,A00,A0,A0,E0,0,0,2001,4,56,54,18,19,-1,1141
39083,4591,A05,0,A00,A0,A0,E0,0,0,2001,4,44,44,3,,1,1912
39085,4591,A05,0,A00,A0,A0,E0,0,0,2001,4,400,452,166,115,52,1099
39087,4591,A05,0,A00,A0,A0,E0,0,0,2001,4,62,56,12,19,-7,1639
39089,4591,A05,0,A00,A0,A0,E0,0,0,2001,4,416,421,87,82,5,1966
39091,4591,A05,0,A00,A0,A0,E0,0,0,2001,4,18,23,17,13,4,1001
39093,4591,A05,0,A00,A0,A0,E0,0,0,2001,4,295,331,135,99,36,1272
39095,4591,A05,0,A00,A0,A0,E0,0,0,2001,4,651,738,368,281,87,1246
39097,4591,A05,0,A00,A0,A0,E0,0,0,2001,4,23,23,9,9,0,1520
39099,4591,A05,0,A00,A0,A0,E0,0,0,2001,4,751,841,423,333,90,1404
39101,4591,A05,0,A00,A0,A0,E0,0,0,2001,4,53,59,31,25,6,963
39103,4591,A05,0,A00,A0,A0,E0,0,0,2001,4,209,222,58,45,13,1725
39105,4591,A05,0,A00,A0,A0,E0,0,0,2001,4,7,5,5,7,-2,588
39107,4591,A05,0,A00,A0,A0,E0,0,0,2001,4,,,0,,,998
39109,4591,A05,0,A00,A0,A0,E0,0,0,2001,4,87,69,21,39,-18,1335
39113,4591,A05,0,A00,A0,A0,E0,0,0,2001,4,620,684,293,229,64,1299
39115,4591,A05,0,A00,A0,A0,E0,0,0,2001,4,,,0,,,780
39117,4591,A05,0,A00,A0,A0,E0,0,0,2001,4,,,0,,,468
39119,4591,A05,0,A00,A0,A0,E0,0,0,2001,4,58,65,27,20,7,1254
39121,4591,A05,0,A00,A0,A0,E0,0,0,2001,4,11,8,,5,-3,501
39123,4591,A05,0,A00,A0,A0,E0,0,0,2001,4,42,17,3,28,-25,759
39127,4591,A05,0,A00,A0,A0,E0,0,0,2001,4,,,,,,1753
39129,4591,A05,0,A00,A0,A0,E0,0,0,2001,4,3,4,3,,1,980
39131,4591,A05,0,A00,A0,A0,E0,0,0,2001,4,,,,0,,1398
39133,4591,A05,0,A00,A0,A0,E0,0,0,2001,4,332,281,46,97,-51,1510
39135,4591,A05,0,A00,A0,A0,E0,0,0,2001,4,,,,0,,2137
39137,4591,A05,0,A00,A0,A0,E0,0,0,2001,4,,,,,,1154
39139,4591,A05,0,A00,A0,A0,E0,0,0,2001,4,178,203,93,68,25,1290
39141,4591,A05,0,A00,A0,A0,E0,0,0,2001,4,78,85,21,14,7,794
39143,4591,A05,0,A00,A0,A0,E0,0,0,2001,4,30,30,6,6,0,964
39145,4591,A05,0,A00,A0,A0,E0,0,0,2001,4,38,36,10,13,-3,1458
39147,4591,A05,0,A00,A0,A0,E0,0,0,2001,4,26,21,3,8,-5,844
39149,4591,A05,0,A00,A0,A0,E0,0,0,2001,4,,,0,,,488
39151,4591,A05,0,A00,A0,A0,E0,0,0,2001,4,533,561,212,184,29,1115
39153,4591,A05,0,A00,A0,A0,E0,0,0,2001,4,2123,2253,491,361,130,2126
39155,4591,A05,0,A00,A0,A0,E0,0,0,2001,4,588,611,162,139,23,992
39157,4591,A05,0,A00,A0,A0,E0,0,0,2001,4,144,160,59,42,16,1501
39159,4591,A05,0,A00,A0,A0,E0,0,0,2001,4,,,,,,1090
39161,4591,A05,0,A00,A0,A0,E0,0,0,2001,4,11,12,4,3,1,887
39163,4591,A05,0,A00,A0,A0,E0,0,0,2001,4,,,,,,1098
39165,4591,A05,0,A00,A0,A0,E0,0,0,2001,4,81,78,20,23,-3,915
39167,4591,A05,0,A00,A0,A0,E0,0,0,2001,4,77,77,9,8,1,1502
39169,4591,A05,0,A00,A0,A0,E0,0,0,2001,4,169,187,48,30,18,1434
39171,4591,A05,0,A00,A0,A0,E0,0,0,2001,4,,,,,,976
39173,4591,A05,0,A00,A0,A0,E0,0,0,2001,4,61,66,30,26,5,905
39175,4591,A05,0,A00,A0,A0,E0,0,0,2001,4,,,0,,,370
39,4591,A05,0,A00,A0,A0,E0,0,0,2001,4,19289,20382,6860,5767,1093,1445
39001,4591,A05,0,A00,A0,A0,E0,0,0,2002,1,,,,,,967
39003,4591,A05,0,A00,A0,A0,E0,0,0,2002,1,192,163,26,55,-29,858
39005,4591,A05,0,A00,A0,A0,E0,0,0,2002,1,,4,,0,2,1424
39007,4591,A05,0,A00,A0,A0,E0,0,0,2002,1,39,30,8,17,-9,841
39009,4591,A05,0,A00,A0,A0,E0,0,0,2002,1,101,98,5,8,-3,2109
39011,4591,A05,0,A00,A0,A0,E0,0,0,2002,1,56,67,22,11,11,647
39013,4591,A05,0,A00,A0,A0,E0,0,0,2002,1,153,134,6,25,-19,888
39015,4591,A05,0,A00,A0,A0,E0,0,0,2002,1,,,,0,,662
39017,4591,A05,0,A00,A0,A0,E0,0,0,2002,1,368,373,55,50,5,2795
39021,4591,A05,0,A00,A0,A0,E0,0,0,2002,1,,,0,0,,1102
39023,4591,A05,0,A00,A0,A0,E0,0,0,2002,1,125,97,13,42,-29,1083
39025,4591,A05,0,A00,A0,A0,E0,0,0,2002,1,292,234,23,81,-58,890
39027,4591,A05,0,A00,A0,A0,E0,0,0,2002,1,,,0,0,,719
39029,4591,A05,0,A00,A0,A0,E0,0,0,2002,1,32,30,9,10,-1,743
39031,4591,A05,0,A00,A0,A0,E0,0,0,2002,1,,,,,,527
39033,4591,A05,0,A00,A0,A0,E0,0,0,2002,1,3,3,15,15,0,833
39035,4591,A05,0,A00,A0,A0,E0,0,0,2002,1,3868,3566,483,785,-302,1285
39037,4591,A05,0,A00,A0,A0,E0,0,0,2002,1,26,30,6,,3,990
39039,4591,A05,0,A00,A0,A0,E0,0,0,2002,1,92,82,5,15,-11,1263
39041,4591,A05,0,A00,A0,A0,E0,0,0,2002,1,197,166,19,50,-31,999
39043,4591,A05,0,A00,A0,A0,E0,0,0,2002,1,175,137,9,48,-38,769
39045,4591,A05,0,A00,A0,A0,E0,0,0,2002,1,173,147,12,39,-26,974
39047,4591,A05,0,A00,A0,A0,E0,0,0,2002,1,24,18,,7,-6,1067
39049,4591,A05,0,A00,A0,A0,E0,0,0,2002,1,3037,2641,340,737,-397,1097
39051,4591,A05,0,A00,A0,A0,E0,0,0,2002,1,31,34,6,3,3,716
39053,4591,A05,0,A00,A0,A0,E0,0,0,2002,1,,,,,,1512
39055,4591,A05,0,A00,A0,A0,E0,0,0,2002,1,108,104,8,13,-4,1391
39057,4591,A05,0,A00,A0,A0,E0,0,0,2002,1,267,226,29,70,-41,883
39059,4591,A05,0,A00,A0,A0,E0,0,0,2002,1,12,15,3,,2,1808
39061,4591,A05,0,A00,A0,A0,E0,0,0,2002,1,2503,2256,363,610,-247,1129
39063,4591,A05,0,A00,A0,A0,E0,0,0,2002,1,95,85,3,13,-9,1163
39065,4591,A05,0,A00,A0,A0,E0,0,0,2002,1,,,,,,263
39067,4591,A05,0,A00,A0,A0,E0,0,0,2002,1,,,0,0,,128
39071,4591,A05,0,A00,A0,A0,E0,0,0,2002,1,18,15,,4,-3,755
39073,4591,A05,0,A00,A0,A0,E0,0,0,2002,1,,,0,0,,800
39075,4591,A05,0,A00,A0,A0,E0,0,0,2002,1,125,132,17,11,7,837
39077,4591,A05,0,A00,A0,A0,E0,0,0,2002,1,17,18,3,,1,930
39079,4591,A05,0,A00,A0,A0,E0,0,0,2002,1,13,13,,,0,753
39081,4591,A05,0,A00,A0,A0,E0,0,0,2002,1,34,27,7,14,-7,769
39083,4591,A05,0,A00,A0,A0,E0,0,0,2002,1,44,43,,3,-2,1425
39085,4591,A05,0,A00,A0,A0,E0,0,0,2002,1,508,439,60,129,-69,946
39087,4591,A05,0,A00,A0,A0,E0,0,0,2002,1,43,49,11,5,7,1295
39089,4591,A05,0,A00,A0,A0,E0,0,0,2002,1,414,438,104,80,24,1697
39091,4591,A05,0,A00,A0,A0,E0,0,0,2002,1,23,18,22,26,-4,956
39093,4591,A05,0,A00,A0,A0,E0,0,0,2002,1,427,363,40,104,-64,1001
39095,4591,A05,0,A00,A0,A0,E0,0,0,2002,1,894,757,100,237,-136,1048
39097,4591,A05,0,A00,A0,A0,E0,0,0,2002,1,20,10,6,15,-9,685
39099,4591,A05,0,A00,A0,A0,E0,0,0,2002,1,1054,916,116,255,-139,1184
39101,4591,A05,0,A00,A0,A0,E0,0,0,2002,1,59,46,4,16,-12,863
39103,4591,A05,0,A00,A0,A0,E0,0,0,2002,1,189,171,18,36,-18,1274
39105,4591,A05,0,A00,A0,A0,E0,0,0,2002,1,5,6,,0,1,811
39107,4591,A05,0,A00,A0,A0,E0,0,0,2002,1,12,20,8,0,8,1043
39109,4591,A05,0,A00,A0,A0,E0,0,0,2002,1,77,80,13,10,3,951
39111,4591,A05,0,A00,A0,A0,E0,0,0,2002,1,0,,,0,,
39113,4591,A05,0,A00,A0,A0,E0,0,0,2002,1,718,629,112,201,-89,1207
39115,4591,A05,0,A00,A0,A0,E0,0,0,2002,1,,,,0,,463
39117,4591,A05,0,A00,A0,A0,E0,0,0,2002,1,,,0,0,,987
39119,4591,A05,0,A00,A0,A0,E0,0,0,2002,1,65,59,14,21,-7,1332
39121,4591,A05,0,A00,A0,A0,E0,0,0,2002,1,,0,,,,316
39123,4591,A05,0,A00,A0,A0,E0,0,0,2002,1,17,16,,,-1,1139
39127,4591,A05,0,A00,A0,A0,E0,0,0,2002,1,,,,,,1196
39129,4591,A05,0,A00,A0,A0,E0,0,0,2002,1,4,5,,,1,1263
39131,4591,A05,0,A00,A0,A0,E0,0,0,2002,1,,,0,,,1314
39133,4591,A05,0,A00,A0,A0,E0,0,0,2002,1,129,121,19,28,-8,1140
39135,4591,A05,0,A00,A0,A0,E0,0,0,2002,1,,,,,,2102
39137,4591,A05,0,A00,A0,A0,E0,0,0,2002,1,20,20,0,0,0,1322
39139,4591,A05,0,A00,A0,A0,E0,0,0,2002,1,239,211,29,57,-28,990
39141,4591,A05,0,A00,A0,A0,E0,0,0,2002,1,85,80,16,21,-5,781
39143,4591,A05,0,A00,A0,A0,E0,0,0,2002,1,26,24,,5,-3,829
39145,4591,A05,0,A00,A0,A0,E0,0,0,2002,1,37,38,8,6,1,1412
39147,4591,A05,0,A00,A0,A0,E0,0,0,2002,1,21,21,,,0,940
39149,4591,A05,0,A00,A0,A0,E0,0,0,2002,1,,,0,0,,735
39151,4591,A05,0,A00,A0,A0,E0,0,0,2002,1,619,549,63,133,-70,1003
39153,4591,A05,0,A00,A0,A0,E0,0,0,2002,1,2322,2147,183,358,-175,2248
39155,4591,A05,0,A00,A0,A0,E0,0,0,2002,1,428,335,33,126,-93,861
39157,4591,A05,0,A00,A0,A0,E0,0,0,2002,1,135,122,9,23,-13,1261
39159,4591,A05,0,A00,A0,A0,E0,0,0,2002,1,,,,,,726
39161,4591,A05,0,A00,A0,A0,E0,0,0,2002,1,,,,,,984
39163,4591,A05,0,A00,A0,A0,E0,0,0,2002,1,,,0,0,,1452
39165,4591,A05,0,A00,A0,A0,E0,0,0,2002,1,129,117,10,22,-12,783
39167,4591,A05,0,A00,A0,A0,E0,0,0,2002,1,77,76,10,11,-1,1204
39169,4591,A05,0,A00,A0,A0,E0,0,0,2002,1,183,170,21,33,-12,1184
39171,4591,A05,0,A00,A0,A0,E0,0,0,2002,1,13,16,4,,3,801
39173,4591,A05,0,A00,A0,A0,E0,0,0,2002,1,82,75,17,24,-7,759
39175,4591,A05,0,A00,A0,A0,E0,0,0,2002,1,,,0,0,,399
39,4591,A05,0,A00,A0,A0,E0,0,0,2002,1,21458,19285,2591,4764,-2172,1274
39003,4591,A05,0,A00,A0,A0,E0,0,0,2002,2,156,161,32,27,5,1063
39005,4591,A05,0,A00,A0,A0,E0,0,0,2002,2,7,8,,0,1,1058
39007,4591,A05,0,A00,A0,A0,E0,0,0,2002,2,30,33,10,7,3,1326
39009,4591,A05,0,A00,A0,A0,E0,0,0,2002,2,98,101,14,12,3,1791
39011,4591,A05,0,A00,A0,A0,E0,0,0,2002,2,67,77,19,8,11,866
39013,4591,A05,0,A00,A0,A0,E0,0,0,2002,2,115,115,14,13,0,948
39015,4591,A05,0,A00,A0,A0,E0,0,0,2002,2,,,,0,,524
39017,4591,A05,0,A00,A0,A0,E0,0,0,2002,2,367,379,65,53,12,2649
39021,4591,A05,0,A00,A0,A0,E0,0,0,2002,2,,,0,0,,1267
39023,4591,A05,0,A00,A0,A0,E0,0,0,2002,2,87,85,17,18,-2,1226
39025,4591,A05,0,A00,A0,A0,E0,0,0,2002,2,225,224,44,44,-1,1062
39029,4591,A05,0,A00,A0,A0,E0,0,0,2002,2,31,32,9,8,0,899
39031,4591,A05,0,A00,A0,A0,E0,0,0,2002,2,4,8,6,,4,563
39033,4591,A05,0,A00,A0,A0,E0,0,0,2002,2,,,0,0,,732
39035,4591,A05,0,A00,A0,A0,E0,0,0,2002,2,3682,3694,650,638,12,1513
39037,4591,A05,0,A00,A0,A0,E0,0,0,2002,2,32,29,6,8,-3,803
39039,4591,A05,0,A00,A0,A0,E0,0,0,2002,2,84,89,16,11,5,1932
39041,4591,A05,0,A00,A0,A0,E0,0,0,2002,2,173,166,24,31,-7,970
39043,4591,A05,0,A00,A0,A0,E0,0,0,2002,2,137,212,110,35,75,958
39045,4591,A05,0,A00,A0,A0,E0,0,0,2002,2,132,127,17,22,-5,835
39047,4591,A05,0,A00,A0,A0,E0,0,0,2002,2,17,19,4,,2,901
39049,4591,A05,0,A00,A0,A0,E0,0,0,2002,2,2532,2562,536,506,30,1142
39051,4591,A05,0,A00,A0,A0,E0,0,0,2002,2,25,39,16,,14,766
39053,4591,A05,0,A00,A0,A0,E0,0,0,2002,2,,,0,0,,1584
39055,4591,A05,0,A00,A0,A0,E0,0,0,2002,2,110,121,30,19,11,1540
39057,4591,A05,0,A00,A0,A0,E0,0,0,2002,2,250,256,63,57,6,947
39059,4591,A05,0,A00,A0,A0,E0,0,0,2002,2,15,16,4,,2,1863
39061,4591,A05,0,A00,A0,A0,E0,0,0,2002,2,2219,2205,449,463,-13,1277
39063,4591,A05,0,A00,A0,A0,E0,0,0,2002,2,85,130,77,32,45,1350
39065,4591,A05,0,A00,A0,A0,E0,0,0,2002,2,,,,,,174
39067,4591,A05,0,A00,A0,A0,E0,0,0,2002,2,,,,,,697
39071,4591,A05,0,A00,A0,A0,E0,0,0,2002,2,15,16,4,,1,1131
39073,4591,A05,0,A00,A0,A0,E0,0,0,2002,2,,,0,0,,730
39075,4591,A05,0,A00,A0,A0,E0,0,0,2002,2,132,159,43,17,26,980
39077,4591,A05,0,A00,A0,A0,E0,0,0,2002,2,30,28,,4,-2,1083
39079,4591,A05,0,A00,A0,A0,E0,0,0,2002,2,13,14,3,,1,833
39081,4591,A05,0,A00,A0,A0,E0,0,0,2002,2,27,26,8,10,-2,817
39083,4591,A05,0,A00,A0,A0,E0,0,0,2002,2,44,44,6,6,0,1415
39085,4591,A05,0,A00,A0,A0,E0,0,0,2002,2,447,432,64,79,-15,1093
39087,4591,A05,0,A00,A0,A0,E0,0,0,2002,2,49,49,9,9,0,1187
39089,4591,A05,0,A00,A0,A0,E0,0,0,2002,2,427,421,98,104,-6,1746
39091,4591,A05,0,A00,A0,A0,E0,0,0,2002,2,19,19,6,5,1,946
39093,4591,A05,0,A00,A0,A0,E0,0,0,2002,2,391,390,76,76,-1,1139
39095,4591,A05,0,A00,A0,A0,E0,0,0,2002,2,772,763,171,180,-9,1161
39097,4591,A05,0,A00,A0,A0,E0,0,0,2002,2,,,,,,1062
39099,4591,A05,0,A00,A0,A0,E0,0,0,2002,2,884,1106,409,186,223,1532
39101,4591,A05,0,A00,A0,A0,E0,0,0,2002,2,50,58,15,7,8,1002
39103,4591,A05,0,A00,A0,A0,E0,0,0,2002,2,171,167,24,29,-4,1508
39105,4591,A05,0,A00,A0,A0,E0,0,0,2002,2,6,4,,3,-2,847
39107,4591,A05,0,A00,A0,A0,E0,0,0,2002,2,20,14,3,9,-6,803
39109,4591,A05,0,A00,A0,A0,E0,0,0,2002,2,80,95,34,20,14,1034
39113,4591,A05,0,A00,A0,A0,E0,0,0,2002,2,650,668,156,138,18,1278
39115,4591,A05,0,A00,A0,A0,E0,0,0,2002,2,,,0,0,,856
39117,4591,A05,0,A00,A0,A0,E0,0,0,2002,2,,,,,,1233
39119,4591,A05,0,A00,A0,A0,E0,0,0,2002,2,58,58,11,12,-1,1266
39123,4591,A05,0,A00,A0,A0,E0,0,0,2002,2,22,60,51,13,38,1384
39127,4591,A05,0,A00,A0,A0,E0,0,0,2002,2,,,,,,1360
39129,4591,A05,0,A00,A0,A0,E0,0,0,2002,2,5,8,5,3,2,1023
39131,4591,A05,0,A00,A0,A0,E0,0,0,2002,2,,,,0,,1437
39133,4591,A05,0,A00,A0,A0,E0,0,0,2002,2,122,159,65,29,37,1354
39135,4591,A05,0,A00,A0,A0,E0,0,0,2002,2,,,,,,2189
39137,4591,A05,0,A00,A0,A0,E0,0,0,2002,2,20,17,,6,-3,1444
39139,4591,A05,0,A00,A0,A0,E0,0,0,2002,2,201,219,63,45,18,1148
39141,4591,A05,0,A00,A0,A0,E0,0,0,2002,2,80,96,30,13,16,783
39143,4591,A05,0,A00,A0,A0,E0,0,0,2002,2,25,22,,4,-3,831
39145,4591,A05,0,A00,A0,A0,E0,0,0,2002,2,34,37,9,6,4,1310
39147,4591,A05,0,A00,A0,A0,E0,0,0,2002,2,27,30,4,,3,1081
39149,4591,A05,0,A00,A0,A0,E0,0,0,2002,2,,,,0,,663
39151,4591,A05,0,A00,A0,A0,E0,0,0,2002,2,546,557,118,107,11,1094
39153,4591,A05,0,A00,A0,A0,E0,0,0,2002,2,2155,2150,247,252,-5,2654
39155,4591,A05,0,A00,A0,A0,E0,0,0,2002,2,350,322,88,117,-28,960
39157,4591,A05,0,A00,A0,A0,E0,0,0,2002,2,123,110,12,26,-13,1333
39159,4591,A05,0,A00,A0,A0,E0,0,0,2002,2,,,,,,861
39161,4591,A05,0,A00,A0,A0,E0,0,0,2002,2,,,0,,,835
39165,4591,A05,0,A00,A0,A0,E0,0,0,2002,2,138,134,23,27,-4,1108
39167,4591,A05,0,A00,A0,A0,E0,0,0,2002,2,76,71,7,13,-5,1202
39169,4591,A05,0,A00,A0,A0,E0,0,0,2002,2,155,141,11,25,-13,1331
39171,4591,A05,0,A00,A0,A0,E0,0,0,2002,2,16,21,7,,5,739
39173,4591,A05,0,A00,A0,A0,E0,0,0,2002,2,69,78,28,19,9,866
39175,4591,A05,0,A00,A0,A0,E0,0,0,2002,2,,,,0,,762
39,4591,A05,0,A00,A0,A0,E0,0,0,2002,2,19253,19785,4177,3645,532,1452
39003,4591,A05,0,A00,A0,A0,E0,0,0,2002,3,160,152,38,46,-8,1057
39005,4591,A05,0,A00,A0,A0,E0,0,0,2002,3,6,3,0,3,-3,970
39007,4591,A05,0,A00,A0,A0,E0,0,0,2002,3,26,26,4,3,1,1041
39009,4591,A05,0,A00,A0,A0,E0,0,0,2002,3,105,99,18,25,-7,1775
39011,4591,A05,0,A00,A0,A0,E0,0,0,2002,3,80,72,12,20,-7,765
39013,4591,A05,0,A00,A0,A0,E0,0,0,2002,3,103,116,24,11,13,994
39015,4591,A05,0,A00,A0,A0,E0,0,0,2002,3,,,,,,768
39017,4591,A05,0,A00,A0,A0,E0,0,0,2002,3,383,369,53,66,-13,2559
39021,4591,A05,0,A00,A0,A0,E0,0,0,2002,3,,,0,0,,1109
39023,4591,A05,0,A00,A0,A0,E0,0,0,2002,3,92,96,27,23,4,1335
39025,4591,A05,0,A00,A0,A0,E0,0,0,2002,3,219,212,45,51,-6,1034
39027,4591,A05,0,A00,A0,A0,E0,0,0,2002,3,0,,,0,,
39029,4591,A05,0,A00,A0,A0,E0,0,0,2002,3,31,34,13,11,2,793
39031,4591,A05,0,A00,A0,A0,E0,0,0,2002,3,8,8,9,9,0,477
39033,4591,A05,0,A00,A0,A0,E0,0,0,2002,3,,,0,,,561
39035,4591,A05,0,A00,A0,A0,E0,0,0,2002,3,3648,3634,713,727,-14,1426
39037,4591,A05,0,A00,A0,A0,E0,0,0,2002,3,29,31,9,8,2,817
39039,4591,A05,0,A00,A0,A0,E0,0,0,2002,3,88,85,17,21,-3,1439
39041,4591,A05,0,A00,A0,A0,E0,0,0,2002,3,165,193,79,50,28,1011
39043,4591,A05,0,A00,A0,A0,E0,0,0,2002,3,218,204,41,55,-14,922
39045,4591,A05,0,A00,A0,A0,E0,0,0,2002,3,125,167,73,30,42,960
39047,4591,A05,0,A00,A0,A0,E0,0,0,2002,3,19,18,6,6,0,824
39049,4591,A05,0,A00,A0,A0,E0,0,0,2002,3,2021,1926,493,588,-95,1192
39051,4591,A05,0,A00,A0,A0,E0,0,0,2002,3,39,39,4,4,0,538
39053,4591,A05,0,A00,A0,A0,E0,0,0,2002,3,13,10,3,6,-3,770
39055,4591,A05,0,A00,A0,A0,E0,0,0,2002,3,119,118,23,24,-1,1509
39057,4591,A05,0,A00,A0,A0,E0,0,0,2002,3,248,256,69,62,7,1022
39059,4591,A05,0,A00,A0,A0,E0,0,0,2002,3,13,13,3,3,0,1358
39061,4591,A05,0,A00,A0,A0,E0,0,0,2002,3,2230,2230,530,530,0,1256
39063,4591,A05,0,A00,A0,A0,E0,0,0,2002,3,133,90,23,67,-44,948
39065,4591,A05,0,A00,A0,A0,E0,0,0,2002,3,,,0,0,,4
39067,4591,A05,0,A00,A0,A0,E0,0,0,2002,3,,,,,,533
39071,4591,A05,0,A00,A0,A0,E0,0,0,2002,3,17,15,,4,-2,912
39073,4591,A05,0,A00,A0,A0,E0,0,0,2002,3,11,11,0,0,0,810
39075,4591,A05,0,A00,A0,A0,E0,0,0,2002,3,168,176,27,19,8,955
39077,4591,A05,0,A00,A0,A0,E0,0,0,2002,3,26,27,6,5,1,1109
39079,4591,A05,0,A00,A0,A0,E0,0,0,2002,3,12,18,11,5,5,749
39081,4591,A05,0,A00,A0,A0,E0,0,0,2002,3,27,23,12,17,-4,870
39083,4591,A05,0,A00,A0,A0,E0,0,0,2002,3,39,42,5,,3,1711
39085,4591,A05,0,A00,A0,A0,E0,0,0,2002,3,427,428,86,85,1,1092
39087,4591,A05,0,A00,A0,A0,E0,0,0,2002,3,36,34,,3,-2,895
39089,4591,A05,0,A00,A0,A0,E0,0,0,2002,3,420,407,65,78,-13,1848
39091,4591,A05,0,A00,A0,A0,E0,0,0,2002,3,19,22,6,4,2,1113
39093,4591,A05,0,A00,A0,A0,E0,0,0,2002,3,384,382,97,99,-2,1195
39095,4591,A05,0,A00,A0,A0,E0,0,0,2002,3,758,777,223,204,19,1157
39097,4591,A05,0,A00,A0,A0,E0,0,0,2002,3,,,,,,909
39099,4591,A05,0,A00,A0,A0,E0,0,0,2002,3,1128,876,251,503,-252,1410
39101,4591,A05,0,A00,A0,A0,E0,0,0,2002,3,58,59,14,13,1,893
39103,4591,A05,0,A00,A0,A0,E0,0,0,2002,3,167,177,40,30,10,1538
39105,4591,A05,0,A00,A0,A0,E0,0,0,2002,3,5,6,,0,1,888
39107,4591,A05,0,A00,A0,A0,E0,0,0,2002,3,14,16,3,,2,1111
39109,4591,A05,0,A00,A0,A0,E0,0,0,2002,3,98,92,18,24,-6,949
39113,4591,A05,0,A00,A0,A0,E0,0,0,2002,3,688,696,140,132,8,1324
39115,4591,A05,0,A00,A0,A0,E0,0,0,2002,3,,,,,,699
39117,4591,A05,0,A00,A0,A0,E0,0,0,2002,3,,,,,,459
39119,4591,A05,0,A00,A0,A0,E0,0,0,2002,3,61,66,23,18,5,1192
39123,4591,A05,0,A00,A0,A0,E0,0,0,2002,3,95,75,24,44,-20,1319
39127,4591,A05,0,A00,A0,A0,E0,0,0,2002,3,12,15,3,0,3,1440
39129,4591,A05,0,A00,A0,A0,E0,0,0,2002,3,7,4,0,,-2,957
39131,4591,A05,0,A00,A0,A0,E0,0,0,2002,3,4,5,,,1,1121
39133,4591,A05,0,A00,A0,A0,E0,0,0,2002,3,162,151,31,41,-10,1307
39135,4591,A05,0,A00,A0,A0,E0,0,0,2002,3,,,,,,2188
39137,4591,A05,0,A00,A0,A0,E0,0,0,2002,3,,,0,,,1409
39139,4591,A05,0,A00,A0,A0,E0,0,0,2002,3,224,214,60,70,-10,1128
39141,4591,A05,0,A00,A0,A0,E0,0,0,2002,3,90,79,26,36,-10,672
39143,4591,A05,0,A00,A0,A0,E0,0,0,2002,3,22,20,,4,-2,1033
39145,4591,A05,0,A00,A0,A0,E0,0,0,2002,3,38,46,11,3,8,1203
39147,4591,A05,0,A00,A0,A0,E0,0,0,2002,3,30,28,,4,-2,986
39149,4591,A05,0,A00,A0,A0,E0,0,0,2002,3,,,0,,,683
39151,4591,A05,0,A00,A0,A0,E0,0,0,2002,3,565,569,130,126,4,1151
39153,4591,A05,0,A00,A0,A0,E0,0,0,2002,3,2691,2692,405,403,2,2847
39155,4591,A05,0,A00,A0,A0,E0,0,0,2002,3,335,289,97,143,-46,966
39157,4591,A05,0,A00,A0,A0,E0,0,0,2002,3,88,92,16,12,3,1364
39159,4591,A05,0,A00,A0,A0,E0,0,0,2002,3,,,,,,720
39161,4591,A05,0,A00,A0,A0,E0,0,0,2002,3,,,0,0,,1396
39165,4591,A05,0,A00,A0,A0,E0,0,0,2002,3,134,137,30,27,3,1036
39167,4591,A05,0,A00,A0,A0,E0,0,0,2002,3,63,63,10,10,0,1535
39169,4591,A05,0,A00,A0,A0,E0,0,0,2002,3,142,141,21,22,-1,1251
39171,4591,A05,0,A00,A0,A0,E0,0,0,2002,3,21,21,8,8,0,1126
39173,4591,A05,0,A00,A0,A0,E0,0,0,2002,3,77,80,35,32,3,712
39175,4591,A05,0,A00,A0,A0,E0,0,0,2002,3,,,,,,742
39,4591,A05,0,A00,A0,A0,E0,0,0,2002,3,19803,19384,4284,4704,-420,1487
39003,4591,A05,0,A00,A0,A0,E0,0,0,2002,4,161,187,103,77,26,1108
39005,4591,A05,0,A00,A0,A0,E0,0,0,2002,4,5,,,5,-4,605
39007,4591,A05,0,A00,A0,A0,E0,0,0,2002,4,26,29,8,5,3,909
39009,4591,A05,0,A00,A0,A0,E0,0,0,2002,4,98,102,13,9,4,6572
39011,4591,A05,0,A00,A0,A0,E0,0,0,2002,4,72,68,12,16,-4,773
39013,4591,A05,0,A00,A0,A0,E0,0,0,2002,4,121,135,58,44,14,976
39015,4591,A05,0,A00,A0,A0,E0,0,0,2002,4,,0,0,,,448
39017,4591,A05,0,A00,A0,A0,E0,0,0,2002,4,381,375,49,55,-6,2538
39021,4591,A05,0,A00,A0,A0,E0,0,0,2002,4,,,0,0,,1342
39023,4591,A05,0,A00,A0,A0,E0,0,0,2002,4,101,128,70,42,28,1345
39025,4591,A05,0,A00,A0,A0,E0,0,0,2002,4,224,267,151,107,43,1225
39027,4591,A05,0,A00,A0,A0,E0,0,0,2002,4,,,,0,,1652
39029,4591,A05,0,A00,A0,A0,E0,0,0,2002,4,34,34,11,10,1,869
39031,4591,A05,0,A00,A0,A0,E0,0,0,2002,4,,,,0,,933
39033,4591,A05,0,A00,A0,A0,E0,0,0,2002,4,,,,,,1205
39035,4591,A05,0,A00,A0,A0,E0,0,0,2002,4,3605,3839,1275,1041,234,1609
39037,4591,A05,0,A00,A0,A0,E0,0,0,2002,4,31,25,8,14,-6,739
39039,4591,A05,0,A00,A0,A0,E0,0,0,2002,4,85,96,31,21,10,1452
39041,4591,A05,0,A00,A0,A0,E0,0,0,2002,4,193,248,128,73,55,969
39043,4591,A05,0,A00,A0,A0,E0,0,0,2002,4,211,170,75,116,-41,829
39045,4591,A05,0,A00,A0,A0,E0,0,0,2002,4,167,178,111,99,12,861
39047,4591,A05,0,A00,A0,A0,E0,0,0,2002,4,18,22,16,12,4,911
39049,4591,A05,0,A00,A0,A0,E0,0,0,2002,4,1988,2246,844,586,259,1380
39051,4591,A05,0,A00,A0,A0,E0,0,0,2002,4,39,23,5,21,-16,642
39053,4591,A05,0,A00,A0,A0,E0,0,0,2002,4,10,8,,5,-3,749
39055,4591,A05,0,A00,A0,A0,E0,0,0,2002,4,173,173,49,49,0,1773
39057,4591,A05,0,A00,A0,A0,E0,0,0,2002,4,247,290,139,96,43,979
39059,4591,A05,0,A00,A0,A0,E0,0,0,2002,4,13,12,0,,-1,1667
39061,4591,A05,0,A00,A0,A0,E0,0,0,2002,4,2223,2387,878,715,163,1327
39063,4591,A05,0,A00,A0,A0,E0,0,0,2002,4,90,82,38,46,-8,1645
39065,4591,A05,0,A00,A0,A0,E0,0,0,2002,4,,,0,0,,389
39067,4591,A05,0,A00,A0,A0,E0,0,0,2002,4,,0,0,,,480
39071,4591,A05,0,A00,A0,A0,E0,0,0,2002,4,15,14,,,-1,1141
39073,4591,A05,0,A00,A0,A0,E0,0,0,2002,4,11,12,4,3,1,591
39075,4591,A05,0,A00,A0,A0,E0,0,0,2002,4,137,125,15,26,-11,1066
39077,4591,A05,0,A00,A0,A0,E0,0,0,2002,4,27,25,5,7,-2,1095
39079,4591,A05,0,A00,A0,A0,E0,0,0,2002,4,18,11,,8,-7,754
39081,4591,A05,0,A00,A0,A0,E0,0,0,2002,4,22,11,28,39,-11,984
39083,4591,A05,0,A00,A0,A0,E0,0,0,2002,4,42,38,,6,-4,2432
39085,4591,A05,0,A00,A0,A0,E0,0,0,2002,4,448,525,203,127,77,1163
39087,4591,A05,0,A00,A0,A0,E0,0,0,2002,4,34,27,,8,-6,950
39089,4591,A05,0,A00,A0,A0,E0,0,0,2002,4,414,404,80,90,-9,2098
39091,4591,A05,0,A00,A0,A0,E0,0,0,2002,4,21,40,33,15,19,1029
39093,4591,A05,0,A00,A0,A0,E0,0,0,2002,4,392,430,178,140,38,1260
39095,4591,A05,0,A00,A0,A0,E0,0,0,2002,4,793,894,398,297,102,1191
39097,4591,A05,0,A00,A0,A0,E0,0,0,2002,4,,,,,,1131
39099,4591,A05,0,A00,A0,A0,E0,0,0,2002,4,844,969,463,338,125,1695
39101,4591,A05,0,A00,A0,A0,E0,0,0,2002,4,59,77,37,19,18,954
39103,4591,A05,0,A00,A0,A0,E0,0,0,2002,4,177,198,70,49,21,1481
39105,4591,A05,0,A00,A0,A0,E0,0,0,2002,4,6,6,0,0,0,946
39107,4591,A05,0,A00,A0,A0,E0,0,0,2002,4,16,19,4,,3,1232
39109,4591,A05,0,A00,A0,A0,E0,0,0,2002,4,92,73,23,42,-19,1497
39113,4591,A05,0,A00,A0,A0,E0,0,0,2002,4,712,793,301,220,81,1401
39115,4591,A05,0,A00,A0,A0,E0,0,0,2002,4,,,0,0,,1079
39117,4591,A05,0,A00,A0,A0,E0,0,0,2002,4,,,,,,556
39119,4591,A05,0,A00,A0,A0,E0,0,0,2002,4,70,77,33,26,7,1255
39123,4591,A05,0,A00,A0,A0,E0,0,0,2002,4,68,40,6,34,-28,993
39127,4591,A05,0,A00,A0,A0,E0,0,0,2002,4,15,13,,4,-2,1205
39129,4591,A05,0,A00,A0,A0,E0,0,0,2002,4,,,0,,,1276
39131,4591,A05,0,A00,A0,A0,E0,0,0,2002,4,,,0,0,,1532
39133,4591,A05,0,A00,A0,A0,E0,0,0,2002,4,151,121,35,65,-30,1121
39135,4591,A05,0,A00,A0,A0,E0,0,0,2002,4,,,0,0,,1459
39137,4591,A05,0,A00,A0,A0,E0,0,0,2002,4,,,0,0,,1576
39139,4591,A05,0,A00,A0,A0,E0,0,0,2002,4,224,264,126,86,40,1266
39141,4591,A05,0,A00,A0,A0,E0,0,0,2002,4,89,95,33,27,6,732
39143,4591,A05,0,A00,A0,A0,E0,0,0,2002,4,21,21,8,7,1,834
39145,4591,A05,0,A00,A0,A0,E0,0,0,2002,4,49,44,3,9,-5,1188
39147,4591,A05,0,A00,A0,A0,E0,0,0,2002,4,28,27,3,3,0,1083
39149,4591,A05,0,A00,A0,A0,E0,0,0,2002,4,,,0,,,564
39151,4591,A05,0,A00,A0,A0,E0,0,0,2002,4,634,686,266,215,51,1131
39153,4591,A05,0,A00,A0,A0,E0,0,0,2002,4,2703,3011,778,470,308,2472
39155,4591,A05,0,A00,A0,A0,E0,0,0,2002,4,305,292,131,144,-13,1098
39157,4591,A05,0,A00,A0,A0,E0,0,0,2002,4,91,95,30,26,4,1523
39159,4591,A05,0,A00,A0,A0,E0,0,0,2002,4,,,,,,894
39161,4591,A05,0,A00,A0,A0,E0,0,0,2002,4,,,0,0,,1591
39165,4591,A05,0,A00,A0,A0,E0,0,0,2002,4,137,172,73,38,34,1086
39167,4591,A05,0,A00,A0,A0,E0,0,0,2002,4,63,64,8,7,1,1731
39169,4591,A05,0,A00,A0,A0,E0,0,0,2002,4,141,145,33,30,4,1474
39171,4591,A05,0,A00,A0,A0,E0,0,0,2002,4,21,19,4,5,-1,1270
39173,4591,A05,0,A00,A0,A0,E0,0,0,2002,4,79,97,51,33,18,796
39175,4591,A05,0,A00,A0,A0,E0,0,0,2002,4,,,0,0,,812
39,4591,A05,0,A00,A0,A0,E0,0,0,2002,4,19582,21197,7569,5954,1615,1565
39003,4591,A05,0,A00,A0,A0,E0,0,0,2003,1,194,152,13,56,-42,862
39005,4591,A05,0,A00,A0,A0,E0,0,0,2003,1,,,,,,1175
39007,4591,A05,0,A00,A0,A0,E0,0,0,2003,1,36,36,5,5,0,858
39009,4591,A05,0,A00,A0,A0,E0,0,0,2003,1,102,98,2,6,-4,2026
39011,4591,A05,0,A00,A0,A0,E0,0,0,2003,1,65,62,3,7,-4,717
39013,4591,A05,0,A00,A0,A0,E0,0,0,2003,1,141,115,6,33,-27,868
39017,4591,A05,0,A00,A0,A0,E0,0,0,2003,1,304,313,48,38,9,2100
39021,4591,A05,0,A00,A0,A0,E0,0,0,2003,1,,,0,0,,1341
39023,4591,A05,0,A00,A0,A0,E0,0,0,2003,1,149,116,11,45,-33,950
39025,4591,A05,0,A00,A0,A0,E0,0,0,2003,1,274,219,31,86,-55,833
39027,4591,A05,0,A00,A0,A0,E0,0,0,2003,1,,,,0,,1652
39029,4591,A05,0,A00,A0,A0,E0,0,0,2003,1,34,30,5,9,-4,757
39031,4591,A05,0,A00,A0,A0,E0,0,0,2003,1,,,0,0,,533
39033,4591,A05,0,A00,A0,A0,E0,0,0,2003,1,,,0,0,,594
39035,4591,A05,0,A00,A0,A0,E0,0,0,2003,1,3745,3354,400,792,-392,1290
39037,4591,A05,0,A00,A0,A0,E0,0,0,2003,1,25,27,9,7,2,805
39039,4591,A05,0,A00,A0,A0,E0,0,0,2003,1,95,84,11,23,-12,1310
39041,4591,A05,0,A00,A0,A0,E0,0,0,2003,1,247,191,20,76,-56,851
39043,4591,A05,0,A00,A0,A0,E0,0,0,2003,1,189,160,14,44,-29,817
39045,4591,A05,0,A00,A0,A0,E0,0,0,2003,1,177,162,26,41,-15,853
39047,4591,A05,0,A00,A0,A0,E0,0,0,2003,1,22,19,,5,-4,664
39049,4591,A05,0,A00,A0,A0,E0,0,0,2003,1,2410,2121,341,629,-288,1093
39051,4591,A05,0,A00,A0,A0,E0,0,0,2003,1,27,28,4,,2,1024
39053,4591,A05,0,A00,A0,A0,E0,0,0,2003,1,10,10,,,0,1154
39055,4591,A05,0,A00,A0,A0,E0,0,0,2003,1,169,157,25,36,-11,2080
39057,4591,A05,0,A00,A0,A0,E0,0,0,2003,1,285,234,31,82,-52,894
39059,4591,A05,0,A00,A0,A0,E0,0,0,2003,1,12,12,,,0,1693
39061,4591,A05,0,A00,A0,A0,E0,0,0,2003,1,2439,2164,277,552,-275,1110
39063,4591,A05,0,A00,A0,A0,E0,0,0,2003,1,91,84,17,24,-7,1099
39065,4591,A05,0,A00,A0,A0,E0,0,0,2003,1,,,0,0,,609
39067,4591,A05,0,A00,A0,A0,E0,0,0,2003,1,0,,,0,,
39071,4591,A05,0,A00,A0,A0,E0,0,0,2003,1,23,18,,6,-5,675
39073,4591,A05,0,A00,A0,A0,E0,0,0,2003,1,,,0,0,,770
39075,4591,A05,0,A00,A0,A0,E0,0,0,2003,1,126,124,15,17,-2,1026
39077,4591,A05,0,A00,A0,A0,E0,0,0,2003,1,25,27,6,4,2,1120
39079,4591,A05,0,A00,A0,A0,E0,0,0,2003,1,,,0,0,,587
39081,4591,A05,0,A00,A0,A0,E0,0,0,2003,1,11,10,,,-1,965
39083,4591,A05,0,A00,A0,A0,E0,0,0,2003,1,38,36,6,8,-2,1735
39085,4591,A05,0,A00,A0,A0,E0,0,0,2003,1,575,492,50,133,-83,1003
39087,4591,A05,0,A00,A0,A0,E0,0,0,2003,1,26,25,,,-1,963
39089,4591,A05,0,A00,A0,A0,E0,0,0,2003,1,307,305,40,43,-2,1750
39091,4591,A05,0,A00,A0,A0,E0,0,0,2003,1,40,21,6,25,-19,658
39093,4591,A05,0,A00,A0,A0,E0,0,0,2003,1,464,403,54,114,-60,1080
39095,4591,A05,0,A00,A0,A0,E0,0,0,2003,1,924,785,115,255,-140,1096
39097,4591,A05,0,A00,A0,A0,E0,0,0,2003,1,7,8,5,3,1,1031
39099,4591,A05,0,A00,A0,A0,E0,0,0,2003,1,996,856,102,243,-141,1280
39101,4591,A05,0,A00,A0,A0,E0,0,0,2003,1,86,57,5,34,-28,768
39103,4591,A05,0,A00,A0,A0,E0,0,0,2003,1,202,181,19,40,-21,1266
39105,4591,A05,0,A00,A0,A0,E0,0,0,2003,1,3,3,0,0,0,810
39107,4591,A05,0,A00,A0,A0,E0,0,0,2003,1,19,17,0,,-2,965
39109,4591,A05,0,A00,A0,A0,E0,0,0,2003,1,79,74,16,21,-5,972
39113,4591,A05,0,A00,A0,A0,E0,0,0,2003,1,801,694,72,179,-107,1120
39115,4591,A05,0,A00,A0,A0,E0,0,0,2003,1,,,0,,,455
39117,4591,A05,0,A00,A0,A0,E0,0,0,2003,1,,,0,,,1041
39119,4591,A05,0,A00,A0,A0,E0,0,0,2003,1,85,72,14,27,-13,1109
39123,4591,A05,0,A00,A0,A0,E0,0,0,2003,1,14,12,,3,-1,1001
39127,4591,A05,0,A00,A0,A0,E0,0,0,2003,1,13,9,0,3,-3,985
39129,4591,A05,0,A00,A0,A0,E0,0,0,2003,1,,,,0,,2246
39131,4591,A05,0,A00,A0,A0,E0,0,0,2003,1,3,3,0,0,0,1612
39133,4591,A05,0,A00,A0,A0,E0,0,0,2003,1,121,100,11,32,-21,1328
39135,4591,A05,0,A00,A0,A0,E0,0,0,2003,1,,,0,0,,1298
39137,4591,A05,0,A00,A0,A0,E0,0,0,2003,1,,,,,,1578
39139,4591,A05,0,A00,A0,A0,E0,0,0,2003,1,274,233,35,76,-41,1016
39141,4591,A05,0,A00,A0,A0,E0,0,0,2003,1,95,90,16,21,-5,708
39143,4591,A05,0,A00,A0,A0,E0,0,0,2003,1,21,21,,,0,936
39145,4591,A05,0,A00,A0,A0,E0,0,0,2003,1,47,46,6,7,-1,1102
39147,4591,A05,0,A00,A0,A0,E0,0,0,2003,1,27,23,,6,-4,1090
39149,4591,A05,0,A00,A0,A0,E0,0,0,2003,1,,,,0,,710
39151,4591,A05,0,A00,A0,A0,E0,0,0,2003,1,766,666,73,173,-100,987
39153,4591,A05,0,A00,A0,A0,E0,0,0,2003,1,3080,2875,245,450,-205,2575
39155,4591,A05,0,A00,A0,A0,E0,0,0,2003,1,327,282,31,76,-45,1000
39157,4591,A05,0,A00,A0,A0,E0,0,0,2003,1,97,85,9,21,-12,1289
39159,4591,A05,0,A00,A0,A0,E0,0,0,2003,1,,,,,,548
39161,4591,A05,0,A00,A0,A0,E0,0,0,2003,1,,,0,0,,1370
39165,4591,A05,0,A00,A0,A0,E0,0,0,2003,1,172,166,18,24,-6,1028
39167,4591,A05,0,A00,A0,A0,E0,0,0,2003,1,51,56,10,6,5,1302
39169,4591,A05,0,A00,A0,A0,E0,0,0,2003,1,144,134,12,21,-10,1261
39171,4591,A05,0,A00,A0,A0,E0,0,0,2003,1,19,22,8,5,3,1221
39173,4591,A05,0,A00,A0,A0,E0,0,0,2003,1,93,77,12,28,-16,635
39175,4591,A05,0,A00,A0,A0,E0,0,0,2003,1,15,14,,,0,799
39,4591,A05,0,A00,A0,A0,E0,0,0,2003,1,21543,19152,2338,4730,-2391,1344
39003,4591,A05,0,A00,A0,A0,E0,0,0,2003,2,152,155,27,23,4,1140
39005,4591,A05,0,A00,A0,A0,E0,0,0,2003,2,,10,10,,8,704
39007,4591,A05,0,A00,A0,A0,E0,0,0,2003,2,36,40,9,5,4,1059
39009,4591,A05,0,A00,A0,A0,E0,0,0,2003,2,98,107,18,9,9,1819
39011,4591,A05,0,A00,A0,A0,E0,0,0,2003,2,62,77,23,7,15,886
39013,4591,A05,0,A00,A0,A0,E0,0,0,2003,2,114,116,15,13,2,988
39017,4591,A05,0,A00,A0,A0,E0,0,0,2003,2,314,317,56,52,4,3093
39019,4591,A05,0,A00,A0,A0,E0,0,0,2003,2,0,,,0,,
39021,4591,A05,0,A00,A0,A0,E0,0,0,2003,2,,,0,0,,1271
39023,4591,A05,0,A00,A0,A0,E0,0,0,2003,2,116,112,17,21,-4,1314
39025,4591,A05,0,A00,A0,A0,E0,0,0,2003,2,215,222,56,49,7,1076
39027,4591,A05,0,A00,A0,A0,E0,0,0,2003,2,,,,0,,1919
39029,4591,A05,0,A00,A0,A0,E0,0,0,2003,2,30,36,13,7,6,982
39031,4591,A05,0,A00,A0,A0,E0,0,0,2003,2,7,9,3,,1,508
39033,4591,A05,0,A00,A0,A0,E0,0,0,2003,2,,,0,,,672
39035,4591,A05,0,A00,A0,A0,E0,0,0,2003,2,3354,3269,541,626,-85,1503
39037,4591,A05,0,A00,A0,A0,E0,0,0,2003,2,27,32,9,4,5,921
39039,4591,A05,0,A00,A0,A0,E0,0,0,2003,2,84,89,17,12,5,1987
39041,4591,A05,0,A00,A0,A0,E0,0,0,2003,2,199,185,25,39,-14,944
39043,4591,A05,0,A00,A0,A0,E0,0,0,2003,2,160,248,119,30,89,1199
39045,4591,A05,0,A00,A0,A0,E0,0,0,2003,2,162,158,23,27,-4,831
39047,4591,A05,0,A00,A0,A0,E0,0,0,2003,2,19,17,,4,-2,766
39049,4591,A05,0,A00,A0,A0,E0,0,0,2003,2,2121,2164,494,451,43,1214
39051,4591,A05,0,A00,A0,A0,E0,0,0,2003,2,28,45,19,,16,1137
39053,4591,A05,0,A00,A0,A0,E0,0,0,2003,2,10,15,8,3,5,1218
39055,4591,A05,0,A00,A0,A0,E0,0,0,2003,2,157,167,43,33,10,1743
39057,4591,A05,0,A00,A0,A0,E0,0,0,2003,2,234,236,56,54,3,1019
39059,4591,A05,0,A00,A0,A0,E0,0,0,2003,2,12,13,,0,1,1513
39061,4591,A05,0,A00,A0,A0,E0,0,0,2003,2,2155,2156,438,436,1,1258
39063,4591,A05,0,A00,A0,A0,E0,0,0,2003,2,84,145,90,29,61,1254
39065,4591,A05,0,A00,A0,A0,E0,0,0,2003,2,,,0,0,,389
39067,4591,A05,0,A00,A0,A0,E0,0,0,2003,2,,,,,,525
39071,4591,A05,0,A00,A0,A0,E0,0,0,2003,2,18,17,5,7,-2,1084
39073,4591,A05,0,A00,A0,A0,E0,0,0,2003,2,,,0,0,,703
39075,4591,A05,0,A00,A0,A0,E0,0,0,2003,2,124,139,28,13,15,1174
39077,4591,A05,0,A00,A0,A0,E0,0,0,2003,2,27,18,,11,-10,967
39079,4591,A05,0,A00,A0,A0,E0,0,0,2003,2,,3,,0,1,587
39081,4591,A05,0,A00,A0,A0,E0,0,0,2003,2,10,16,9,3,6,1091
39083,4591,A05,0,A00,A0,A0,E0,0,0,2003,2,36,35,3,4,-1,1334
39085,4591,A05,0,A00,A0,A0,E0,0,0,2003,2,491,493,80,78,2,1232
39087,4591,A05,0,A00,A0,A0,E0,0,0,2003,2,25,25,3,3,0,826
39089,4591,A05,0,A00,A0,A0,E0,0,0,2003,2,305,320,76,61,15,1740
39091,4591,A05,0,A00,A0,A0,E0,0,0,2003,2,21,22,8,7,1,959
39093,4591,A05,0,A00,A0,A0,E0,0,0,2003,2,403,419,95,79,16,1244
39095,4591,A05,0,A00,A0,A0,E0,0,0,2003,2,784,754,157,186,-30,1183
39097,4591,A05,0,A00,A0,A0,E0,0,0,2003,2,8,7,3,5,-1,1286
39099,4591,A05,0,A00,A0,A0,E0,0,0,2003,2,849,1091,414,173,241,1623
39101,4591,A05,0,A00,A0,A0,E0,0,0,2003,2,57,54,14,17,-3,949
39103,4591,A05,0,A00,A0,A0,E0,0,0,2003,2,181,176,25,30,-4,1432
39105,4591,A05,0,A00,A0,A0,E0,0,0,2003,2,3,3,0,0,0,753
39107,4591,A05,0,A00,A0,A0,E0,0,0,2003,2,17,18,4,,2,1079
39109,4591,A05,0,A00,A0,A0,E0,0,0,2003,2,74,99,37,13,25,1067
39113,4591,A05,0,A00,A0,A0,E0,0,0,2003,2,695,722,152,126,26,1419
39115,4591,A05,0,A00,A0,A0,E0,0,0,2003,2,,,0,0,,1064
39117,4591,A05,0,A00,A0,A0,E0,0,0,2003,2,,,,0,,1265
39119,4591,A05,0,A00,A0,A0,E0,0,0,2003,2,72,71,22,23,-1,1196
39123,4591,A05,0,A00,A0,A0,E0,0,0,2003,2,12,57,52,7,45,1625
39127,4591,A05,0,A00,A0,A0,E0,0,0,2003,2,,,,,,1196
39129,4591,A05,0,A00,A0,A0,E0,0,0,2003,2,,,,,,993
39131,4591,A05,0,A00,A0,A0,E0,0,0,2003,2,3,3,0,0,0,1557
39133,4591,A05,0,A00,A0,A0,E0,0,0,2003,2,100,163,84,21,63,1633
39135,4591,A05,0,A00,A0,A0,E0,0,0,2003,2,,,0,0,,1664
39137,4591,A05,0,A00,A0,A0,E0,0,0,2003,2,,,,,,1481
39139,4591,A05,0,A00,A0,A0,E0,0,0,2003,2,233,233,50,51,0,1230
39141,4591,A05,0,A00,A0,A0,E0,0,0,2003,2,90,84,15,21,-5,769
39143,4591,A05,0,A00,A0,A0,E0,0,0,2003,2,21,21,,,0,1006
39145,4591,A05,0,A00,A0,A0,E0,0,0,2003,2,46,41,9,14,-4,1196
39147,4591,A05,0,A00,A0,A0,E0,0,0,2003,2,23,26,3,0,3,1244
39149,4591,A05,0,A00,A0,A0,E0,0,0,2003,2,3,7,5,,4,662
39151,4591,A05,0,A00,A0,A0,E0,0,0,2003,2,666,682,128,113,15,1130
39153,4591,A05,0,A00,A0,A0,E0,0,0,2003,2,2874,2888,719,705,14,2371
39155,4591,A05,0,A00,A0,A0,E0,0,0,2003,2,282,325,91,48,43,1147
39157,4591,A05,0,A00,A0,A0,E0,0,0,2003,2,85,81,7,10,-3,1457
39159,4591,A05,0,A00,A0,A0,E0,0,0,2003,2,,,,,,766
39161,4591,A05,0,A00,A0,A0,E0,0,0,2003,2,,,0,0,,1361
39165,4591,A05,0,A00,A0,A0,E0,0,0,2003,2,165,153,27,39,-12,1237
39167,4591,A05,0,A00,A0,A0,E0,0,0,2003,2,56,64,17,9,8,1262
39169,4591,A05,0,A00,A0,A0,E0,0,0,2003,2,134,136,18,16,2,1421
39171,4591,A05,0,A00,A0,A0,E0,0,0,2003,2,22,21,4,5,-1,1085
39173,4591,A05,0,A00,A0,A0,E0,0,0,2003,2,77,74,24,27,-2,975
39175,4591,A05,0,A00,A0,A0,E0,0,0,2003,2,,,0,0,,691
39,4591,A05,0,A00,A0,A0,E0,0,0,2003,2,19139,19805,4548,3882,666,1490
39003,4591,A05,0,A00,A0,A0,E0,0,0,2003,3,155,151,32,36,-4,1044
39005,4591,A05,0,A00,A0,A0,E0,0,0,2003,3,10,11,6,5,1,464
39007,4591,A05,0,A00,A0,A0,E0,0,0,2003,3,40,37,9,12,-3,970
39009,4591,A05,0,A00,A0,A0,E0,0,0,2003,3,107,104,13,16,-2,1880
39011,4591,A05,0,A00,A0,A0,E0,0,0,2003,3,77,66,13,24,-11,879
39013,4591,A05,0,A00,A0,A0,E0,0,0,2003,3,116,114,12,15,-2,1013
39017,4591,A05,0,A00,A0,A0,E0,0,0,2003,3,318,312,50,56,-6,2183
39019,4591,A05,0,A00,A0,A0,E0,0,0,2003,3,,,0,0,,814
39021,4591,A05,0,A00,A0,A0,E0,0,0,2003,3,,0,0,,,1516
39023,4591,A05,0,A00,A0,A0,E0,0,0,2003,3,112,112,26,26,0,1227
39025,4591,A05,0,A00,A0,A0,E0,0,0,2003,3,216,226,60,50,10,1031
39027,4591,A05,0,A00,A0,A0,E0,0,0,2003,3,,,0,0,,1685
39029,4591,A05,0,A00,A0,A0,E0,0,0,2003,3,36,34,7,9,-2,900
39031,4591,A05,0,A00,A0,A0,E0,0,0,2003,3,9,7,,3,-1,640
39033,4591,A05,0,A00,A0,A0,E0,0,0,2003,3,,,0,0,,1066
39035,4591,A05,0,A00,A0,A0,E0,0,0,2003,3,3270,3261,726,735,-10,1476
39037,4591,A05,0,A00,A0,A0,E0,0,0,2003,3,32,32,4,4,0,960
39039,4591,A05,0,A00,A0,A0,E0,0,0,2003,3,89,89,23,22,1,1516
39041,4591,A05,0,A00,A0,A0,E0,0,0,2003,3,185,198,46,34,12,982
39043,4591,A05,0,A00,A0,A0,E0,0,0,2003,3,248,236,36,48,-12,926
39045,4591,A05,0,A00,A0,A0,E0,0,0,2003,3,158,168,46,36,10,935
39047,4591,A05,0,A00,A0,A0,E0,0,0,2003,3,17,13,3,7,-4,671
39049,4591,A05,0,A00,A0,A0,E0,0,0,2003,3,2164,2191,500,473,27,1256
39051,4591,A05,0,A00,A0,A0,E0,0,0,2003,3,45,32,5,17,-13,806
39053,4591,A05,0,A00,A0,A0,E0,0,0,2003,3,15,15,3,4,-1,899
39055,4591,A05,0,A00,A0,A0,E0,0,0,2003,3,168,174,40,33,6,1565
39057,4591,A05,0,A00,A0,A0,E0,0,0,2003,3,236,227,61,70,-9,1034
39059,4591,A05,0,A00,A0,A0,E0,0,0,2003,3,13,12,0,,-1,1680
39061,4591,A05,0,A00,A0,A0,E0,0,0,2003,3,2160,2096,473,537,-64,1256
39063,4591,A05,0,A00,A0,A0,E0,0,0,2003,3,146,107,37,76,-38,841
39065,4591,A05,0,A00,A0,A0,E0,0,0,2003,3,,,,,,389
39067,4591,A05,0,A00,A0,A0,E0,0,0,2003,3,,,,,,540
39071,4591,A05,0,A00,A0,A0,E0,0,0,2003,3,17,18,4,,2,1040
39073,4591,A05,0,A00,A0,A0,E0,0,0,2003,3,,,0,0,,829
39075,4591,A05,0,A00,A0,A0,E0,0,0,2003,3,139,134,20,25,-5,1259
39077,4591,A05,0,A00,A0,A0,E0,0,0,2003,3,18,16,3,5,-2,831
39079,4591,A05,0,A00,A0,A0,E0,0,0,2003,3,3,3,0,0,0,726
39081,4591,A05,0,A00,A0,A0,E0,0,0,2003,3,16,14,4,5,-2,1013
39083,4591,A05,0,A00,A0,A0,E0,0,0,2003,3,35,34,4,5,-2,1673
39085,4591,A05,0,A00,A0,A0,E0,0,0,2003,3,492,498,105,99,6,1151
39087,4591,A05,0,A00,A0,A0,E0,0,0,2003,3,25,26,,0,1,954
39089,4591,A05,0,A00,A0,A0,E0,0,0,2003,3,321,303,33,51,-18,1794
39091,4591,A05,0,A00,A0,A0,E0,0,0,2003,3,22,22,8,8,0,1095
39093,4591,A05,0,A00,A0,A0,E0,0,0,2003,3,419,431,97,85,12,1259
39095,4591,A05,0,A00,A0,A0,E0,0,0,2003,3,754,778,213,189,24,1180
39097,4591,A05,0,A00,A0,A0,E0,0,0,2003,3,7,7,,,0,1327
39099,4591,A05,0,A00,A0,A0,E0,0,0,2003,3,1093,859,258,491,-233,1412
39101,4591,A05,0,A00,A0,A0,E0,0,0,2003,3,54,53,11,13,-2,941
39103,4591,A05,0,A00,A0,A0,E0,0,0,2003,3,176,172,31,35,-4,1440
39105,4591,A05,0,A00,A0,A0,E0,0,0,2003,3,3,5,,,1,757
39107,4591,A05,0,A00,A0,A0,E0,0,0,2003,3,18,18,3,3,0,1161
39109,4591,A05,0,A00,A0,A0,E0,0,0,2003,3,99,103,27,23,4,1050
39113,4591,A05,0,A00,A0,A0,E0,0,0,2003,3,718,707,123,135,-11,1384
39115,4591,A05,0,A00,A0,A0,E0,0,0,2003,3,,,0,0,,1336
39117,4591,A05,0,A00,A0,A0,E0,0,0,2003,3,,,,,,581
39119,4591,A05,0,A00,A0,A0,E0,0,0,2003,3,71,77,20,14,6,1192
39123,4591,A05,0,A00,A0,A0,E0,0,0,2003,3,57,26,7,38,-31,1284
39127,4591,A05,0,A00,A0,A0,E0,0,0,2003,3,,,,,,1356
39129,4591,A05,0,A00,A0,A0,E0,0,0,2003,3,,,,,,17
39131,4591,A05,0,A00,A0,A0,E0,0,0,2003,3,3,6,,0,2,1635
39133,4591,A05,0,A00,A0,A0,E0,0,0,2003,3,163,146,31,47,-17,1597
39135,4591,A05,0,A00,A0,A0,E0,0,0,2003,3,,,0,0,,1547
39137,4591,A05,0,A00,A0,A0,E0,0,0,2003,3,,,,,,1595
39139,4591,A05,0,A00,A0,A0,E0,0,0,2003,3,233,240,56,48,8,1223
39141,4591,A05,0,A00,A0,A0,E0,0,0,2003,3,84,80,14,19,-4,808
39143,4591,A05,0,A00,A0,A0,E0,0,0,2003,3,21,18,,5,-3,1673
39145,4591,A05,0,A00,A0,A0,E0,0,0,2003,3,41,39,8,11,-2,1144
39147,4591,A05,0,A00,A0,A0,E0,0,0,2003,3,26,26,4,4,0,1082
39149,4591,A05,0,A00,A0,A0,E0,0,0,2003,3,7,6,,,0,978
39151,4591,A05,0,A00,A0,A0,E0,0,0,2003,3,681,698,159,142,17,1166
39153,4591,A05,0,A00,A0,A0,E0,0,0,2003,3,2888,2975,505,417,87,2588
39155,4591,A05,0,A00,A0,A0,E0,0,0,2003,3,326,307,74,92,-18,1067
39157,4591,A05,0,A00,A0,A0,E0,0,0,2003,3,82,93,18,7,11,1529
39159,4591,A05,0,A00,A0,A0,E0,0,0,2003,3,,,,,,712
39161,4591,A05,0,A00,A0,A0,E0,0,0,2003,3,,,0,,,1347
39165,4591,A05,0,A00,A0,A0,E0,0,0,2003,3,157,162,42,37,5,1085
39167,4591,A05,0,A00,A0,A0,E0,0,0,2003,3,64,59,13,18,-6,1324
39169,4591,A05,0,A00,A0,A0,E0,0,0,2003,3,136,137,18,17,2,1315
39171,4591,A05,0,A00,A0,A0,E0,0,0,2003,3,21,20,5,6,-1,1160
39173,4591,A05,0,A00,A0,A0,E0,0,0,2003,3,75,90,37,21,16,1078
39175,4591,A05,0,A00,A0,A0,E0,0,0,2003,3,,,,,,690
39,4591,A05,0,A00,A0,A0,E0,0,0,2003,3,19806,19535,4220,4490,-270,1478
39003,4591,A05,0,A00,A0,A0,E0,0,0,2003,4,151,194,102,59,43,1255
39005,4591,A05,0,A00,A0,A0,E0,0,0,2003,4,11,,,13,-11,195
39007,4591,A05,0,A00,A0,A0,E0,0,0,2003,4,37,42,12,7,5,1210
39009,4591,A05,0,A00,A0,A0,E0,0,0,2003,4,104,104,15,16,-1,6472
39011,4591,A05,0,A00,A0,A0,E0,0,0,2003,4,66,70,11,7,4,839
39013,4591,A05,0,A00,A0,A0,E0,0,0,2003,4,114,126,43,30,12,1134
39017,4591,A05,0,A00,A0,A0,E0,0,0,2003,4,312,315,45,42,3,2170
39019,4591,A05,0,A00,A0,A0,E0,0,0,2003,4,,0,0,,,346
39023,4591,A05,0,A00,A0,A0,E0,0,0,2003,4,112,157,87,42,45,1410
39025,4591,A05,0,A00,A0,A0,E0,0,0,2003,4,226,296,165,95,70,1132
39027,4591,A05,0,A00,A0,A0,E0,0,0,2003,4,,,0,,,1636
39029,4591,A05,0,A00,A0,A0,E0,0,0,2003,4,34,31,10,13,-3,942
39031,4591,A05,0,A00,A0,A0,E0,0,0,2003,4,,,,0,,735
39033,4591,A05,0,A00,A0,A0,E0,0,0,2003,4,,,,,,1258
39035,4591,A05,0,A00,A0,A0,E0,0,0,2003,4,3290,3632,1277,935,342,1589
39037,4591,A05,0,A00,A0,A0,E0,0,0,2003,4,32,32,6,6,0,957
39039,4591,A05,0,A00,A0,A0,E0,0,0,2003,4,89,104,42,28,14,1494
39041,4591,A05,0,A00,A0,A0,E0,0,0,2003,4,198,252,107,52,55,1004
39043,4591,A05,0,A00,A0,A0,E0,0,0,2003,4,236,184,87,139,-52,920
39045,4591,A05,0,A00,A0,A0,E0,0,0,2003,4,168,213,88,43,45,901
39047,4591,A05,0,A00,A0,A0,E0,0,0,2003,4,,,,,,802
39049,4591,A05,0,A00,A0,A0,E0,0,0,2003,4,2163,2506,927,584,343,1411
39051,4591,A05,0,A00,A0,A0,E0,0,0,2003,4,32,33,3,,1,1241
39053,4591,A05,0,A00,A0,A0,E0,0,0,2003,4,15,12,,4,-3,1001
39055,4591,A05,0,A00,A0,A0,E0,0,0,2003,4,173,179,36,31,5,1889
39057,4591,A05,0,A00,A0,A0,E0,0,0,2003,4,228,262,132,97,35,1049
39059,4591,A05,0,A00,A0,A0,E0,0,0,2003,4,12,10,,3,-2,1525
39061,4591,A05,0,A00,A0,A0,E0,0,0,2003,4,2093,2345,870,617,253,1374
39063,4591,A05,0,A00,A0,A0,E0,0,0,2003,4,107,105,47,49,-2,1506
39065,4591,A05,0,A00,A0,A0,E0,0,0,2003,4,,,0,0,,389
39067,4591,A05,0,A00,A0,A0,E0,0,0,2003,4,,,0,,,324
39071,4591,A05,0,A00,A0,A0,E0,0,0,2003,4,18,22,8,4,4,1270
39073,4591,A05,0,A00,A0,A0,E0,0,0,2003,4,,,0,0,,717
39075,4591,A05,0,A00,A0,A0,E0,0,0,2003,4,133,138,26,22,5,1168
39077,4591,A05,0,A00,A0,A0,E0,0,0,2003,4,16,14,,4,-2,848
39079,4591,A05,0,A00,A0,A0,E0,0,0,2003,4,3,,0,,-1,462
39081,4591,A05,0,A00,A0,A0,E0,0,0,2003,4,14,13,3,4,-1,1113
39083,4591,A05,0,A00,A0,A0,E0,0,0,2003,4,34,34,,0,1,2550
39085,4591,A05,0,A00,A0,A0,E0,0,0,2003,4,500,591,229,138,91,1212
39087,4591,A05,0,A00,A0,A0,E0,0,0,2003,4,26,25,,3,-1,1023
39089,4591,A05,0,A00,A0,A0,E0,0,0,2003,4,303,294,91,99,-9,1819
39091,4591,A05,0,A00,A0,A0,E0,0,0,2003,4,22,38,29,13,16,994
39093,4591,A05,0,A00,A0,A0,E0,0,0,2003,4,431,479,190,142,48,1422
39095,4591,A05,0,A00,A0,A0,E0,0,0,2003,4,779,919,445,305,140,1247
39097,4591,A05,0,A00,A0,A0,E0,0,0,2003,4,7,7,3,3,0,1365
39099,4591,A05,0,A00,A0,A0,E0,0,0,2003,4,859,973,436,322,114,1626
39101,4591,A05,0,A00,A0,A0,E0,0,0,2003,4,53,71,40,22,18,964
39103,4591,A05,0,A00,A0,A0,E0,0,0,2003,4,173,197,63,39,24,1499
39105,4591,A05,0,A00,A0,A0,E0,0,0,2003,4,5,5,0,0,0,900
39107,4591,A05,0,A00,A0,A0,E0,0,0,2003,4,18,17,0,,-1,1122
39109,4591,A05,0,A00,A0,A0,E0,0,0,2003,4,103,92,26,37,-11,1340
39113,4591,A05,0,A00,A0,A0,E0,0,0,2003,4,704,766,272,210,62,1730
39115,4591,A05,0,A00,A0,A0,E0,0,0,2003,4,,,0,0,,1550
39117,4591,A05,0,A00,A0,A0,E0,0,0,2003,4,,,,,,595
39119,4591,A05,0,A00,A0,A0,E0,0,0,2003,4,77,90,37,24,13,1240
39123,4591,A05,0,A00,A0,A0,E0,0,0,2003,4,26,15,7,18,-11,927
39127,4591,A05,0,A00,A0,A0,E0,0,0,2003,4,,,,,,1178
39129,4591,A05,0,A00,A0,A0,E0,0,0,2003,4,,,0,0,,1471
39131,4591,A05,0,A00,A0,A0,E0,0,0,2003,4,6,5,,,-1,1213
39133,4591,A05,0,A00,A0,A0,E0,0,0,2003,4,146,119,20,47,-27,1335
39135,4591,A05,0,A00,A0,A0,E0,0,0,2003,4,,,0,0,,1510
39137,4591,A05,0,A00,A0,A0,E0,0,0,2003,4,,,,,,1708
39139,4591,A05,0,A00,A0,A0,E0,0,0,2003,4,240,284,129,85,44,1328
39141,4591,A05,0,A00,A0,A0,E0,0,0,2003,4,68,79,24,14,11,808
39143,4591,A05,0,A00,A0,A0,E0,0,0,2003,4,18,20,11,9,2,834
39145,4591,A05,0,A00,A0,A0,E0,0,0,2003,4,38,38,6,6,0,1374
39147,4591,A05,0,A00,A0,A0,E0,0,0,2003,4,26,24,0,,-2,1327
39149,4591,A05,0,A00,A0,A0,E0,0,0,2003,4,6,11,9,4,5,915
39151,4591,A05,0,A00,A0,A0,E0,0,0,2003,4,699,801,297,194,103,1221
39153,4591,A05,0,A00,A0,A0,E0,0,0,2003,4,2975,3264,831,542,289,2189
39155,4591,A05,0,A00,A0,A0,E0,0,0,2003,4,307,354,145,98,46,1259
39157,4591,A05,0,A00,A0,A0,E0,0,0,2003,4,93,103,36,26,10,1453
39159,4591,A05,0,A00,A0,A0,E0,0,0,2003,4,,,0,,,771
39161,4591,A05,0,A00,A0,A0,E0,0,0,2003,4,,,0,,,1394
39165,4591,A05,0,A00,A0,A0,E0,0,0,2003,4,166,206,84,44,40,1285
39167,4591,A05,0,A00,A0,A0,E0,0,0,2003,4,59,52,7,13,-6,1500
39169,4591,A05,0,A00,A0,A0,E0,0,0,2003,4,138,145,29,22,6,1562
39171,4591,A05,0,A00,A0,A0,E0,0,0,2003,4,20,20,,,0,1441
39173,4591,A05,0,A00,A0,A0,E0,0,0,2003,4,90,103,50,37,13,944
39175,4591,A05,0,A00,A0,A0,E0,0,0,2003,4,,,,,,711
39,4591,A05,0,A00,A0,A0,E0,0,0,2003,4,19530,21758,7737,5509,2228,1557
39003,4591,A05,0,A00,A0,A0,E0,0,0,2004,1,194,151,15,58,-43,860
39005,4591,A05,0,A00,A0,A0,E0,0,0,2004,1,8,7,6,6,-1,994
39007,4591,A05,0,A00,A0,A0,E0,0,0,2004,1,42,38,4,8,-4,952
39009,4591,A05,0,A00,A0,A0,E0,0,0,2004,1,99,100,8,7,1,2323
39011,4591,A05,0,A00,A0,A0,E0,0,0,2004,1,70,60,4,14,-10,774
39013,4591,A05,0,A00,A0,A0,E0,0,0,2004,1,126,105,12,33,-21,933
39017,4591,A05,0,A00,A0,A0,E0,0,0,2004,1,268,284,49,33,16,2257
39021,4591,A05,0,A00,A0,A0,E0,0,0,2004,1,0,,,0,,
39023,4591,A05,0,A00,A0,A0,E0,0,0,2004,1,157,125,18,51,-32,955
39025,4591,A05,0,A00,A0,A0,E0,0,0,2004,1,327,277,39,89,-50,910
39027,4591,A05,0,A00,A0,A0,E0,0,0,2004,1,,,0,,,1635
39029,4591,A05,0,A00,A0,A0,E0,0,0,2004,1,29,35,12,6,6,945
39031,4591,A05,0,A00,A0,A0,E0,0,0,2004,1,9,10,4,3,1,759
39033,4591,A05,0,A00,A0,A0,E0,0,0,2004,1,,0,0,,,864
39035,4591,A05,0,A00,A0,A0,E0,0,0,2004,1,3634,3192,425,867,-441,1336
39037,4591,A05,0,A00,A0,A0,E0,0,0,2004,1,32,35,4,,3,949
39039,4591,A05,0,A00,A0,A0,E0,0,0,2004,1,104,94,18,27,-9,1239
39041,4591,A05,0,A00,A0,A0,E0,0,0,2004,1,252,210,20,62,-42,825
39043,4591,A05,0,A00,A0,A0,E0,0,0,2004,1,214,184,19,49,-31,1025
39045,4591,A05,0,A00,A0,A0,E0,0,0,2004,1,213,192,37,58,-21,912
39047,4591,A05,0,A00,A0,A0,E0,0,0,2004,1,,,,,,463
39049,4591,A05,0,A00,A0,A0,E0,0,0,2004,1,2477,2168,353,661,-308,1091
39051,4591,A05,0,A00,A0,A0,E0,0,0,2004,1,41,34,,9,-7,871
39053,4591,A05,0,A00,A0,A0,E0,0,0,2004,1,12,12,,,0,1025
39055,4591,A05,0,A00,A0,A0,E0,0,0,2004,1,177,166,25,36,-11,2252
39057,4591,A05,0,A00,A0,A0,E0,0,0,2004,1,292,239,23,76,-53,877
39059,4591,A05,0,A00,A0,A0,E0,0,0,2004,1,10,11,,,1,1780
39061,4591,A05,0,A00,A0,A0,E0,0,0,2004,1,2664,3148,1278,794,484,1191
39063,4591,A05,0,A00,A0,A0,E0,0,0,2004,1,105,79,13,39,-26,1019
39065,4591,A05,0,A00,A0,A0,E0,0,0,2004,1,,0,0,,,389
39067,4591,A05,0,A00,A0,A0,E0,0,0,2004,1,,,0,0,,220
39071,4591,A05,0,A00,A0,A0,E0,0,0,2004,1,22,18,,6,-4,811
39073,4591,A05,0,A00,A0,A0,E0,0,0,2004,1,,,,,,665
39075,4591,A05,0,A00,A0,A0,E0,0,0,2004,1,129,134,23,17,5,1195
39077,4591,A05,0,A00,A0,A0,E0,0,0,2004,1,,,0,0,,926
39079,4591,A05,0,A00,A0,A0,E0,0,0,2004,1,,,0,0,,572
39081,4591,A05,0,A00,A0,A0,E0,0,0,2004,1,36,38,4,,2,900
39083,4591,A05,0,A00,A0,A0,E0,0,0,2004,1,34,34,,,0,1450
39085,4591,A05,0,A00,A0,A0,E0,0,0,2004,1,595,492,55,158,-103,1004
39087,4591,A05,0,A00,A0,A0,E0,0,0,2004,1,25,26,4,3,1,972
39089,4591,A05,0,A00,A0,A0,E0,0,0,2004,1,199,174,22,47,-25,1007
39091,4591,A05,0,A00,A0,A0,E0,0,0,2004,1,38,18,7,27,-20,708
39093,4591,A05,0,A00,A0,A0,E0,0,0,2004,1,612,557,61,117,-56,1296
39095,4591,A05,0,A00,A0,A0,E0,0,0,2004,1,968,822,117,263,-146,1105
39097,4591,A05,0,A00,A0,A0,E0,0,0,2004,1,,,0,0,,1439
39099,4591,A05,0,A00,A0,A0,E0,0,0,2004,1,965,832,121,255,-134,1277
39101,4591,A05,0,A00,A0,A0,E0,0,0,2004,1,71,53,8,26,-18,758
39103,4591,A05,0,A00,A0,A0,E0,0,0,2004,1,182,146,20,57,-37,1079
39105,4591,A05,0,A00,A0,A0,E0,0,0,2004,1,5,3,0,,-1,544
39107,4591,A05,0,A00,A0,A0,E0,0,0,2004,1,17,18,,0,1,1031
39109,4591,A05,0,A00,A0,A0,E0,0,0,2004,1,158,151,16,23,-7,1709
39113,4591,A05,0,A00,A0,A0,E0,0,0,2004,1,785,668,66,183,-117,1099
39115,4591,A05,0,A00,A0,A0,E0,0,0,2004,1,,,,0,,1237
39117,4591,A05,0,A00,A0,A0,E0,0,0,2004,1,,,,,,988
39119,4591,A05,0,A00,A0,A0,E0,0,0,2004,1,90,76,18,31,-14,1132
39123,4591,A05,0,A00,A0,A0,E0,0,0,2004,1,15,17,5,,2,761
39127,4591,A05,0,A00,A0,A0,E0,0,0,2004,1,,,,0,,648
39129,4591,A05,0,A00,A0,A0,E0,0,0,2004,1,,,0,0,,1594
39131,4591,A05,0,A00,A0,A0,E0,0,0,2004,1,4,,0,,-2,1402
39133,4591,A05,0,A00,A0,A0,E0,0,0,2004,1,99,90,12,20,-9,1593
39135,4591,A05,0,A00,A0,A0,E0,0,0,2004,1,,,0,,,1365
39139,4591,A05,0,A00,A0,A0,E0,0,0,2004,1,251,211,35,75,-40,909
39141,4591,A05,0,A00,A0,A0,E0,0,0,2004,1,67,61,4,10,-6,713
39143,4591,A05,0,A00,A0,A0,E0,0,0,2004,1,20,20,,,0,841
39145,4591,A05,0,A00,A0,A0,E0,0,0,2004,1,39,36,4,7,-3,1268
39147,4591,A05,0,A00,A0,A0,E0,0,0,2004,1,21,20,3,3,0,1120
39149,4591,A05,0,A00,A0,A0,E0,0,0,2004,1,11,7,,7,-5,581
39151,4591,A05,0,A00,A0,A0,E0,0,0,2004,1,785,667,77,194,-117,982
39153,4591,A05,0,A00,A0,A0,E0,0,0,2004,1,3288,2976,226,539,-313,2299
39155,4591,A05,0,A00,A0,A0,E0,0,0,2004,1,353,307,53,98,-46,941
39157,4591,A05,0,A00,A0,A0,E0,0,0,2004,1,107,91,6,22,-16,1162
39159,4591,A05,0,A00,A0,A0,E0,0,0,2004,1,,,,0,,860
39161,4591,A05,0,A00,A0,A0,E0,0,0,2004,1,,,,,,933
39165,4591,A05,0,A00,A0,A0,E0,0,0,2004,1,196,187,30,39,-9,1093
39167,4591,A05,0,A00,A0,A0,E0,0,0,2004,1,52,54,7,6,2,1380
39169,4591,A05,0,A00,A0,A0,E0,0,0,2004,1,157,142,11,26,-15,1254
39171,4591,A05,0,A00,A0,A0,E0,0,0,2004,1,20,20,4,4,0,1050
39173,4591,A05,0,A00,A0,A0,E0,0,0,2004,1,113,86,10,37,-27,1028
39175,4591,A05,0,A00,A0,A0,E0,0,0,2004,1,,,0,,,692
39,4591,A05,0,A00,A0,A0,E0,0,0,2004,1,22210,20324,3439,5325,-1886,1331
39001,4591,A05,0,A00,A0,A0,E0,0,0,2004,2,0,,,,,
39003,4591,A05,0,A00,A0,A0,E0,0,0,2004,2,151,152,28,28,1,1181
39005,4591,A05,0,A00,A0,A0,E0,0,0,2004,2,7,16,11,,9,1085
39007,4591,A05,0,A00,A0,A0,E0,0,0,2004,2,38,41,9,6,3,1245
39009,4591,A05,0,A00,A0,A0,E0,0,0,2004,2,100,98,5,8,-3,1968
39011,4591,A05,0,A00,A0,A0,E0,0,0,2004,2,60,79,25,5,20,958
39013,4591,A05,0,A00,A0,A0,E0,0,0,2004,2,105,99,10,15,-6,1172
39017,4591,A05,0,A00,A0,A0,E0,0,0,2004,2,284,303,53,34,19,3041
39021,4591,A05,0,A00,A0,A0,E0,0,0,2004,2,,,0,0,,1177
39023,4591,A05,0,A00,A0,A0,E0,0,0,2004,2,125,125,24,24,0,1246
39025,4591,A05,0,A00,A0,A0,E0,0,0,2004,2,277,282,56,51,6,1078
39027,4591,A05,0,A00,A0,A0,E0,0,0,2004,2,,,0,0,,3552
39029,4591,A05,0,A00,A0,A0,E0,0,0,2004,2,35,46,17,7,10,999
39031,4591,A05,0,A00,A0,A0,E0,0,0,2004,2,10,12,4,,2,656
39035,4591,A05,0,A00,A0,A0,E0,0,0,2004,2,3191,3116,563,638,-75,1545
39037,4591,A05,0,A00,A0,A0,E0,0,0,2004,2,35,34,3,4,-1,917
39039,4591,A05,0,A00,A0,A0,E0,0,0,2004,2,94,101,18,11,7,1925
39041,4591,A05,0,A00,A0,A0,E0,0,0,2004,2,210,208,34,36,-2,997
39043,4591,A05,0,A00,A0,A0,E0,0,0,2004,2,184,280,130,34,96,1385
39045,4591,A05,0,A00,A0,A0,E0,0,0,2004,2,192,189,30,33,-3,885
39047,4591,A05,0,A00,A0,A0,E0,0,0,2004,2,,,,,,695
39049,4591,A05,0,A00,A0,A0,E0,0,0,2004,2,2172,2221,484,435,49,1239
39051,4591,A05,0,A00,A0,A0,E0,0,0,2004,2,34,39,8,3,5,1035
39053,4591,A05,0,A00,A0,A0,E0,0,0,2004,2,12,16,6,,4,615
39055,4591,A05,0,A00,A0,A0,E0,0,0,2004,2,166,193,60,33,27,1877
39057,4591,A05,0,A00,A0,A0,E0,0,0,2004,2,239,244,49,45,4,1010
39059,4591,A05,0,A00,A0,A0,E0,0,0,2004,2,11,11,,,0,1523
39061,4591,A05,0,A00,A0,A0,E0,0,0,2004,2,3352,2972,912,1292,-380,1307
39063,4591,A05,0,A00,A0,A0,E0,0,0,2004,2,79,136,101,44,57,1452
39065,4591,A05,0,A00,A0,A0,E0,0,0,2004,2,0,0,,,0,
39067,4591,A05,0,A00,A0,A0,E0,0,0,2004,2,,,,,,353
39071,4591,A05,0,A00,A0,A0,E0,0,0,2004,2,18,19,4,4,1,1246
39073,4591,A05,0,A00,A0,A0,E0,0,0,2004,2,,,0,0,,687
39075,4591,A05,0,A00,A0,A0,E0,0,0,2004,2,134,139,16,11,5,1113
39077,4591,A05,0,A00,A0,A0,E0,0,0,2004,2,13,12,,3,-1,856
39079,4591,A05,0,A00,A0,A0,E0,0,0,2004,2,,3,,0,1,576
39081,4591,A05,0,A00,A0,A0,E0,0,0,2004,2,38,45,10,3,7,881
39083,4591,A05,0,A00,A0,A0,E0,0,0,2004,2,34,32,,5,-3,1705
39085,4591,A05,0,A00,A0,A0,E0,0,0,2004,2,492,470,82,105,-22,1155
39087,4591,A05,0,A00,A0,A0,E0,0,0,2004,2,26,29,5,,3,913
39089,4591,A05,0,A00,A0,A0,E0,0,0,2004,2,174,183,65,57,9,1242
39091,4591,A05,0,A00,A0,A0,E0,0,0,2004,2,18,19,9,8,1,939
39093,4591,A05,0,A00,A0,A0,E0,0,0,2004,2,557,543,67,81,-14,1395
39095,4591,A05,0,A00,A0,A0,E0,0,0,2004,2,823,796,167,195,-27,1200
39097,4591,A05,0,A00,A0,A0,E0,0,0,2004,2,,,0,0,,1745
39099,4591,A05,0,A00,A0,A0,E0,0,0,2004,2,833,1054,387,166,221,1534
39101,4591,A05,0,A00,A0,A0,E0,0,0,2004,2,53,53,12,13,-1,916
39103,4591,A05,0,A00,A0,A0,E0,0,0,2004,2,144,146,31,30,1,1348
39105,4591,A05,0,A00,A0,A0,E0,0,0,2004,2,3,3,0,0,0,684
39107,4591,A05,0,A00,A0,A0,E0,0,0,2004,2,18,16,0,,-2,1078
39109,4591,A05,0,A00,A0,A0,E0,0,0,2004,2,152,159,37,30,7,1533
39113,4591,A05,0,A00,A0,A0,E0,0,0,2004,2,668,672,132,128,3,1334
39115,4591,A05,0,A00,A0,A0,E0,0,0,2004,2,,,,,,1347
39117,4591,A05,0,A00,A0,A0,E0,0,0,2004,2,,,,,,980
39119,4591,A05,0,A00,A0,A0,E0,0,0,2004,2,76,80,25,22,3,1188
39123,4591,A05,0,A00,A0,A0,E0,0,0,2004,2,17,39,39,17,22,957
39127,4591,A05,0,A00,A0,A0,E0,0,0,2004,2,,,,,,569
39129,4591,A05,0,A00,A0,A0,E0,0,0,2004,2,,,,0,,1471
39131,4591,A05,0,A00,A0,A0,E0,0,0,2004,2,,,0,0,,1561
39133,4591,A05,0,A00,A0,A0,E0,0,0,2004,2,90,100,25,14,10,2048
39135,4591,A05,0,A00,A0,A0,E0,0,0,2004,2,,,0,0,,1586
39139,4591,A05,0,A00,A0,A0,E0,0,0,2004,2,212,202,38,47,-10,1064
39141,4591,A05,0,A00,A0,A0,E0,0,0,2004,2,61,65,17,13,4,831
39143,4591,A05,0,A00,A0,A0,E0,0,0,2004,2,20,20,3,3,0,915
39145,4591,A05,0,A00,A0,A0,E0,0,0,2004,2,36,35,,3,-1,1411
39147,4591,A05,0,A00,A0,A0,E0,0,0,2004,2,20,21,,,0,1142
39149,4591,A05,0,A00,A0,A0,E0,0,0,2004,2,7,8,,0,1,866
39151,4591,A05,0,A00,A0,A0,E0,0,0,2004,2,667,662,124,128,-4,1138
39153,4591,A05,0,A00,A0,A0,E0,0,0,2004,2,2977,2998,375,355,21,2922
39155,4591,A05,0,A00,A0,A0,E0,0,0,2004,2,309,353,109,65,44,1068
39157,4591,A05,0,A00,A0,A0,E0,0,0,2004,2,91,91,22,23,0,1290
39159,4591,A05,0,A00,A0,A0,E0,0,0,2004,2,,,,,,972
39161,4591,A05,0,A00,A0,A0,E0,0,0,2004,2,,,,0,,1225
39165,4591,A05,0,A00,A0,A0,E0,0,0,2004,2,187,191,40,36,3,1463
39167,4591,A05,0,A00,A0,A0,E0,0,0,2004,2,54,63,15,6,9,1510
39169,4591,A05,0,A00,A0,A0,E0,0,0,2004,2,142,143,23,22,2,1430
39171,4591,A05,0,A00,A0,A0,E0,0,0,2004,2,20,19,3,4,-1,903
39173,4591,A05,0,A00,A0,A0,E0,0,0,2004,2,86,92,39,34,6,920
39175,4591,A05,0,A00,A0,A0,E0,0,0,2004,2,,,,0,,733
39,4591,A05,0,A00,A0,A0,E0,0,0,2004,2,20536,20694,4603,4445,158,1564
39001,4591,A05,0,A00,A0,A0,E0,0,0,2004,3,,,0,0,,879
39003,4591,A05,0,A00,A0,A0,E0,0,0,2004,3,152,148,29,33,-4,1117
39005,4591,A05,0,A00,A0,A0,E0,0,0,2004,3,16,8,4,12,-8,962
39007,4591,A05,0,A00,A0,A0,E0,0,0,2004,3,41,40,7,8,-1,1207
39009,4591,A05,0,A00,A0,A0,E0,0,0,2004,3,97,97,5,6,-1,1999
39011,4591,A05,0,A00,A0,A0,E0,0,0,2004,3,79,62,13,30,-17,845
39013,4591,A05,0,A00,A0,A0,E0,0,0,2004,3,99,109,24,14,10,1083
39017,4591,A05,0,A00,A0,A0,E0,0,0,2004,3,303,305,43,41,2,2407
39021,4591,A05,0,A00,A0,A0,E0,0,0,2004,3,,0,0,,,1413
39023,4591,A05,0,A00,A0,A0,E0,0,0,2004,3,124,124,25,26,0,1263
39025,4591,A05,0,A00,A0,A0,E0,0,0,2004,3,282,284,66,64,2,1055
39027,4591,A05,0,A00,A0,A0,E0,0,0,2004,3,,,0,0,,2707
39029,4591,A05,0,A00,A0,A0,E0,0,0,2004,3,46,46,17,17,0,936
39031,4591,A05,0,A00,A0,A0,E0,0,0,2004,3,12,10,,4,-2,650
39035,4591,A05,0,A00,A0,A0,E0,0,0,2004,3,3129,3147,688,670,18,1581
39037,4591,A05,0,A00,A0,A0,E0,0,0,2004,3,34,30,3,7,-4,873
39039,4591,A05,0,A00,A0,A0,E0,0,0,2004,3,101,99,21,22,-2,1359
39041,4591,A05,0,A00,A0,A0,E0,0,0,2004,3,208,228,65,45,20,955
39043,4591,A05,0,A00,A0,A0,E0,0,0,2004,3,279,261,50,69,-18,1025
39045,4591,A05,0,A00,A0,A0,E0,0,0,2004,3,188,197,47,38,8,1025
39047,4591,A05,0,A00,A0,A0,E0,0,0,2004,3,,,,,,821
39049,4591,A05,0,A00,A0,A0,E0,0,0,2004,3,2220,2238,516,498,18,1260
39051,4591,A05,0,A00,A0,A0,E0,0,0,2004,3,39,50,22,11,11,917
39053,4591,A05,0,A00,A0,A0,E0,0,0,2004,3,16,15,4,5,-1,967
39055,4591,A05,0,A00,A0,A0,E0,0,0,2004,3,193,187,44,51,-6,1511
39057,4591,A05,0,A00,A0,A0,E0,0,0,2004,3,243,237,59,65,-6,1038
39059,4591,A05,0,A00,A0,A0,E0,0,0,2004,3,11,11,,,0,1827
39061,4591,A05,0,A00,A0,A0,E0,0,0,2004,3,2971,2709,1153,1415,-262,1331
39063,4591,A05,0,A00,A0,A0,E0,0,0,2004,3,136,118,34,52,-18,860
39065,4591,A05,0,A00,A0,A0,E0,0,0,2004,3,0,0,,,0,
39067,4591,A05,0,A00,A0,A0,E0,0,0,2004,3,,,,,,418
39071,4591,A05,0,A00,A0,A0,E0,0,0,2004,3,19,21,5,3,2,967
39073,4591,A05,0,A00,A0,A0,E0,0,0,2004,3,,,0,0,,688
39075,4591,A05,0,A00,A0,A0,E0,0,0,2004,3,139,136,26,28,-2,1259
39077,4591,A05,0,A00,A0,A0,E0,0,0,2004,3,12,16,6,,4,1028
39079,4591,A05,0,A00,A0,A0,E0,0,0,2004,3,3,3,,,0,689
39081,4591,A05,0,A00,A0,A0,E0,0,0,2004,3,45,68,45,23,23,775
39083,4591,A05,0,A00,A0,A0,E0,0,0,2004,3,32,37,7,,5,1693
39085,4591,A05,0,A00,A0,A0,E0,0,0,2004,3,470,494,121,97,24,1184
39087,4591,A05,0,A00,A0,A0,E0,0,0,2004,3,29,27,3,4,-2,938
39089,4591,A05,0,A00,A0,A0,E0,0,0,2004,3,183,177,40,46,-6,1275
39091,4591,A05,0,A00,A0,A0,E0,0,0,2004,3,19,19,5,6,0,1070
39093,4591,A05,0,A00,A0,A0,E0,0,0,2004,3,543,548,105,100,5,1522
39095,4591,A05,0,A00,A0,A0,E0,0,0,2004,3,797,813,195,178,17,1262
39097,4591,A05,0,A00,A0,A0,E0,0,0,2004,3,,,0,,,1472
39099,4591,A05,0,A00,A0,A0,E0,0,0,2004,3,1054,836,263,481,-218,1462
39101,4591,A05,0,A00,A0,A0,E0,0,0,2004,3,53,52,13,14,-1,853
39103,4591,A05,0,A00,A0,A0,E0,0,0,2004,3,146,155,38,29,9,1409
39105,4591,A05,0,A00,A0,A0,E0,0,0,2004,3,3,3,0,0,0,749
39107,4591,A05,0,A00,A0,A0,E0,0,0,2004,3,16,16,,,0,1206
39109,4591,A05,0,A00,A0,A0,E0,0,0,2004,3,158,149,31,40,-9,1764
39113,4591,A05,0,A00,A0,A0,E0,0,0,2004,3,672,675,153,150,3,1321
39115,4591,A05,0,A00,A0,A0,E0,0,0,2004,3,,0,,,,635
39117,4591,A05,0,A00,A0,A0,E0,0,0,2004,3,,,,,,656
39119,4591,A05,0,A00,A0,A0,E0,0,0,2004,3,80,76,20,24,-4,1155
39123,4591,A05,0,A00,A0,A0,E0,0,0,2004,3,39,22,3,20,-18,1624
39127,4591,A05,0,A00,A0,A0,E0,0,0,2004,3,,,,,,565
39129,4591,A05,0,A00,A0,A0,E0,0,0,2004,3,,,0,,,1275
39131,4591,A05,0,A00,A0,A0,E0,0,0,2004,3,,,,,,1148
39133,4591,A05,0,A00,A0,A0,E0,0,0,2004,3,100,94,15,21,-6,1764
39135,4591,A05,0,A00,A0,A0,E0,0,0,2004,3,,,0,,,1581
39139,4591,A05,0,A00,A0,A0,E0,0,0,2004,3,202,212,52,42,11,1113
39141,4591,A05,0,A00,A0,A0,E0,0,0,2004,3,65,68,17,13,4,746
39143,4591,A05,0,A00,A0,A0,E0,0,0,2004,3,20,19,,4,-1,1130
39145,4591,A05,0,A00,A0,A0,E0,0,0,2004,3,35,37,7,5,2,1283
39147,4591,A05,0,A00,A0,A0,E0,0,0,2004,3,21,22,5,4,1,1319
39149,4591,A05,0,A00,A0,A0,E0,0,0,2004,3,8,8,0,0,0,1254
39151,4591,A05,0,A00,A0,A0,E0,0,0,2004,3,662,659,134,137,-3,1198
39153,4591,A05,0,A00,A0,A0,E0,0,0,2004,3,2998,3133,605,471,135,2619
39155,4591,A05,0,A00,A0,A0,E0,0,0,2004,3,352,336,90,106,-17,1047
39157,4591,A05,0,A00,A0,A0,E0,0,0,2004,3,91,92,18,16,1,1306
39159,4591,A05,0,A00,A0,A0,E0,0,0,2004,3,,,,,,771
39161,4591,A05,0,A00,A0,A0,E0,0,0,2004,3,,,0,0,,1182
39165,4591,A05,0,A00,A0,A0,E0,0,0,2004,3,191,212,63,42,21,1284
39167,4591,A05,0,A00,A0,A0,E0,0,0,2004,3,63,59,6,11,-4,1184
39169,4591,A05,0,A00,A0,A0,E0,0,0,2004,3,144,143,25,26,0,1409
39171,4591,A05,0,A00,A0,A0,E0,0,0,2004,3,19,20,5,4,1,929
39173,4591,A05,0,A00,A0,A0,E0,0,0,2004,3,92,87,29,34,-5,1035
39175,4591,A05,0,A00,A0,A0,E0,0,0,2004,3,,,0,0,,644
39,4591,A05,0,A00,A0,A0,E0,0,0,2004,3,20702,20402,5121,5420,-300,1516
39001,4591,A05,0,A00,A0,A0,E0,0,0,2004,4,,0,0,,,147
39003,4591,A05,0,A00,A0,A0,E0,0,0,2004,4,148,157,69,60,9,1244
39005,4591,A05,0,A00,A0,A0,E0,0,0,2004,4,8,8,,,0,1452
39007,4591,A05,0,A00,A0,A0,E0,0,0,2004,4,40,42,11,10,2,1415
39009,4591,A05,0,A00,A0,A0,E0,0,0,2004,4,97,96,10,11,-1,2263
39011,4591,A05,0,A00,A0,A0,E0,0,0,2004,4,62,59,14,17,-3,777
39013,4591,A05,0,A00,A0,A0,E0,0,0,2004,4,109,121,57,45,11,1213
39017,4591,A05,0,A00,A0,A0,E0,0,0,2004,4,305,298,37,44,-7,2510
39023,4591,A05,0,A00,A0,A0,E0,0,0,2004,4,124,133,58,50,8,1304
39025,4591,A05,0,A00,A0,A0,E0,0,0,2004,4,284,307,138,116,23,1133
39027,4591,A05,0,A00,A0,A0,E0,0,0,2004,4,,,0,0,,1858
39029,4591,A05,0,A00,A0,A0,E0,0,0,2004,4,45,46,17,17,0,1046
39031,4591,A05,0,A00,A0,A0,E0,0,0,2004,4,10,7,0,,-2,1005
39035,4591,A05,0,A00,A0,A0,E0,0,0,2004,4,3141,3460,1268,949,319,1573
39037,4591,A05,0,A00,A0,A0,E0,0,0,2004,4,30,31,4,3,1,972
39039,4591,A05,0,A00,A0,A0,E0,0,0,2004,4,99,98,36,38,-1,1495
39041,4591,A05,0,A00,A0,A0,E0,0,0,2004,4,227,254,114,87,26,1024
39043,4591,A05,0,A00,A0,A0,E0,0,0,2004,4,261,194,77,143,-67,1087
39045,4591,A05,0,A00,A0,A0,E0,0,0,2004,4,197,207,66,55,11,1065
39047,4591,A05,0,A00,A0,A0,E0,0,0,2004,4,,,,,,837
39049,4591,A05,0,A00,A0,A0,E0,0,0,2004,4,2239,2405,872,706,166,1414
39051,4591,A05,0,A00,A0,A0,E0,0,0,2004,4,50,47,10,13,-3,1003
39053,4591,A05,0,A00,A0,A0,E0,0,0,2004,4,15,8,3,10,-7,901
39055,4591,A05,0,A00,A0,A0,E0,0,0,2004,4,188,193,46,40,5,1944
39057,4591,A05,0,A00,A0,A0,E0,0,0,2004,4,237,266,102,74,29,1098
39059,4591,A05,0,A00,A0,A0,E0,0,0,2004,4,11,11,,,0,1612
39061,4591,A05,0,A00,A0,A0,E0,0,0,2004,4,2709,2552,742,899,-157,1397
39063,4591,A05,0,A00,A0,A0,E0,0,0,2004,4,118,103,51,66,-15,1294
39067,4591,A05,0,A00,A0,A0,E0,0,0,2004,4,,,,,,201
39071,4591,A05,0,A00,A0,A0,E0,0,0,2004,4,21,24,9,5,4,1054
39073,4591,A05,0,A00,A0,A0,E0,0,0,2004,4,,,,,,659
39075,4591,A05,0,A00,A0,A0,E0,0,0,2004,4,136,118,9,28,-18,1185
39077,4591,A05,0,A00,A0,A0,E0,0,0,2004,4,16,17,6,4,2,751
39079,4591,A05,0,A00,A0,A0,E0,0,0,2004,4,3,,,,-1,453
39081,4591,A05,0,A00,A0,A0,E0,0,0,2004,4,68,69,14,13,2,905
39083,4591,A05,0,A00,A0,A0,E0,0,0,2004,4,37,37,3,3,0,2494
39085,4591,A05,0,A00,A0,A0,E0,0,0,2004,4,494,541,212,166,47,1235
39087,4591,A05,0,A00,A0,A0,E0,0,0,2004,4,27,26,,3,-1,1308
39089,4591,A05,0,A00,A0,A0,E0,0,0,2004,4,177,191,81,67,14,1222
39091,4591,A05,0,A00,A0,A0,E0,0,0,2004,4,19,36,26,9,18,1108
39093,4591,A05,0,A00,A0,A0,E0,0,0,2004,4,548,616,183,115,68,1608
39095,4591,A05,0,A00,A0,A0,E0,0,0,2004,4,817,931,415,301,114,1347
39097,4591,A05,0,A00,A0,A0,E0,0,0,2004,4,,,,,,2060
39099,4591,A05,0,A00,A0,A0,E0,0,0,2004,4,837,873,320,283,36,1902
39101,4591,A05,0,A00,A0,A0,E0,0,0,2004,4,52,58,31,24,6,876
39103,4591,A05,0,A00,A0,A0,E0,0,0,2004,4,150,157,52,45,7,1472
39105,4591,A05,0,A00,A0,A0,E0,0,0,2004,4,3,5,,0,1,867
39107,4591,A05,0,A00,A0,A0,E0,0,0,2004,4,16,19,4,,2,1211
39109,4591,A05,0,A00,A0,A0,E0,0,0,2004,4,147,128,33,52,-19,2036
39113,4591,A05,0,A00,A0,A0,E0,0,0,2004,4,674,717,245,202,43,1412
39117,4591,A05,0,A00,A0,A0,E0,0,0,2004,4,,,,,,510
39119,4591,A05,0,A00,A0,A0,E0,0,0,2004,4,76,88,45,33,12,1232
39123,4591,A05,0,A00,A0,A0,E0,0,0,2004,4,22,8,8,22,-14,1758
39127,4591,A05,0,A00,A0,A0,E0,0,0,2004,4,,,,,,635
39129,4591,A05,0,A00,A0,A0,E0,0,0,2004,4,,,0,0,,1828
39131,4591,A05,0,A00,A0,A0,E0,0,0,2004,4,,,,,,1221
39133,4591,A05,0,A00,A0,A0,E0,0,0,2004,4,94,91,26,29,-3,1850
39135,4591,A05,0,A00,A0,A0,E0,0,0,2004,4,,,0,0,,1728
39139,4591,A05,0,A00,A0,A0,E0,0,0,2004,4,212,242,105,76,29,1150
39141,4591,A05,0,A00,A0,A0,E0,0,0,2004,4,68,75,23,16,7,838
39143,4591,A05,0,A00,A0,A0,E0,0,0,2004,4,19,17,5,6,-1,987
39145,4591,A05,0,A00,A0,A0,E0,0,0,2004,4,37,37,8,9,0,1296
39147,4591,A05,0,A00,A0,A0,E0,0,0,2004,4,22,19,,3,-2,1334
39149,4591,A05,0,A00,A0,A0,E0,0,0,2004,4,8,6,0,,-2,1360
39151,4591,A05,0,A00,A0,A0,E0,0,0,2004,4,659,698,262,223,39,1341
39153,4591,A05,0,A00,A0,A0,E0,0,0,2004,4,3128,3303,827,652,175,2458
39155,4591,A05,0,A00,A0,A0,E0,0,0,2004,4,336,362,150,124,26,1247
39157,4591,A05,0,A00,A0,A0,E0,0,0,2004,4,92,95,39,36,3,1401
39159,4591,A05,0,A00,A0,A0,E0,0,0,2004,4,,,,0,,1352
39161,4591,A05,0,A00,A0,A0,E0,0,0,2004,4,,,,0,,1247
39165,4591,A05,0,A00,A0,A0,E0,0,0,2004,4,211,207,71,75,-4,1233
39167,4591,A05,0,A00,A0,A0,E0,0,0,2004,4,59,57,9,12,-2,1469
39169,4591,A05,0,A00,A0,A0,E0,0,0,2004,4,143,156,39,25,14,1578
39171,4591,A05,0,A00,A0,A0,E0,0,0,2004,4,20,20,,,0,1060
39173,4591,A05,0,A00,A0,A0,E0,0,0,2004,4,87,98,45,34,11,1064
39175,4591,A05,0,A00,A0,A0,E0,0,0,2004,4,,,0,,,503
39,4591,A05,0,A00,A0,A0,E0,0,0,2004,4,20381,21334,7147,6195,953,1587
39003,4591,A05,0,A00,A0,A0,E0,0,0,2005,1,157,147,22,32,-10,959
39005,4591,A05,0,A00,A0,A0,E0,0,0,2005,1,,,0,,,1153
39007,4591,A05,0,A00,A0,A0,E0,0,0,2005,1,43,44,6,5,1,1210
39009,4591,A05,0,A00,A0,A0,E0,0,0,2005,1,96,98,10,7,2,2101
39011,4591,A05,0,A00,A0,A0,E0,0,0,2005,1,59,61,7,5,1,839
39013,4591,A05,0,A00,A0,A0,E0,0,0,2005,1,126,106,11,32,-21,842
39017,4591,A05,0,A00,A0,A0,E0,0,0,2005,1,362,377,62,47,15,1970
39023,4591,A05,0,A00,A0,A0,E0,0,0,2005,1,133,111,15,37,-22,1079
39025,4591,A05,0,A00,A0,A0,E0,0,0,2005,1,306,274,59,90,-32,952
39027,4591,A05,0,A00,A0,A0,E0,0,0,2005,1,,,0,,,2714
39029,4591,A05,0,A00,A0,A0,E0,0,0,2005,1,46,40,4,9,-5,911
39031,4591,A05,0,A00,A0,A0,E0,0,0,2005,1,7,7,,,0,777
39035,4591,A05,0,A00,A0,A0,E0,0,0,2005,1,2518,2203,381,697,-315,1118
39037,4591,A05,0,A00,A0,A0,E0,0,0,2005,1,31,28,3,6,-3,927
39039,4591,A05,0,A00,A0,A0,E0,0,0,2005,1,98,89,9,19,-9,1182
39041,4591,A05,0,A00,A0,A0,E0,0,0,2005,1,264,245,42,61,-18,853
39043,4591,A05,0,A00,A0,A0,E0,0,0,2005,1,195,166,22,50,-28,1053
39045,4591,A05,0,A00,A0,A0,E0,0,0,2005,1,201,182,20,39,-19,771
39047,4591,A05,0,A00,A0,A0,E0,0,0,2005,1,,,,,,518
39049,4591,A05,0,A00,A0,A0,E0,0,0,2005,1,2329,2074,317,572,-255,1111
39051,4591,A05,0,A00,A0,A0,E0,0,0,2005,1,47,40,3,10,-7,719
39053,4591,A05,0,A00,A0,A0,E0,0,0,2005,1,8,7,6,7,-1,1452
39055,4591,A05,0,A00,A0,A0,E0,0,0,2005,1,234,223,24,35,-12,1445
39057,4591,A05,0,A00,A0,A0,E0,0,0,2005,1,298,272,58,84,-27,889
39059,4591,A05,0,A00,A0,A0,E0,0,0,2005,1,11,11,3,3,0,1575
39061,4591,A05,0,A00,A0,A0,E0,0,0,2005,1,2358,2757,1196,797,399,1186
39063,4591,A05,0,A00,A0,A0,E0,0,0,2005,1,103,99,15,19,-4,1054
39067,4591,A05,0,A00,A0,A0,E0,0,0,2005,1,,,0,,,375
39071,4591,A05,0,A00,A0,A0,E0,0,0,2005,1,14,15,5,4,0,725
39073,4591,A05,0,A00,A0,A0,E0,0,0,2005,1,,,0,0,,873
39075,4591,A05,0,A00,A0,A0,E0,0,0,2005,1,117,131,25,12,13,1228
39077,4591,A05,0,A00,A0,A0,E0,0,0,2005,1,,,0,,,592
39079,4591,A05,0,A00,A0,A0,E0,0,0,2005,1,,,,0,,1844
39081,4591,A05,0,A00,A0,A0,E0,0,0,2005,1,78,70,9,17,-8,808
39083,4591,A05,0,A00,A0,A0,E0,0,0,2005,1,37,38,3,,1,1603
39085,4591,A05,0,A00,A0,A0,E0,0,0,2005,1,531,466,69,133,-64,972
39087,4591,A05,0,A00,A0,A0,E0,0,0,2005,1,26,25,,,-1,898
39089,4591,A05,0,A00,A0,A0,E0,0,0,2005,1,239,225,27,42,-14,1184
39091,4591,A05,0,A00,A0,A0,E0,0,0,2005,1,36,16,4,25,-20,703
39093,4591,A05,0,A00,A0,A0,E0,0,0,2005,1,601,563,73,111,-38,1286
39095,4591,A05,0,A00,A0,A0,E0,0,0,2005,1,932,837,155,250,-95,1061
39097,4591,A05,0,A00,A0,A0,E0,0,0,2005,1,,,,0,,2500
39099,4591,A05,0,A00,A0,A0,E0,0,0,2005,1,861,805,124,180,-56,1290
39101,4591,A05,0,A00,A0,A0,E0,0,0,2005,1,58,51,9,17,-8,650
39103,4591,A05,0,A00,A0,A0,E0,0,0,2005,1,165,148,11,28,-17,1049
39105,4591,A05,0,A00,A0,A0,E0,0,0,2005,1,5,5,0,0,0,772
39107,4591,A05,0,A00,A0,A0,E0,0,0,2005,1,19,18,,,0,1002
39109,4591,A05,0,A00,A0,A0,E0,0,0,2005,1,124,124,12,11,1,1394
39113,4591,A05,0,A00,A0,A0,E0,0,0,2005,1,707,646,113,174,-61,1088
39117,4591,A05,0,A00,A0,A0,E0,0,0,2005,1,,,,,,1072
39119,4591,A05,0,A00,A0,A0,E0,0,0,2005,1,89,80,13,22,-9,1200
39123,4591,A05,0,A00,A0,A0,E0,0,0,2005,1,8,19,18,7,11,945
39127,4591,A05,0,A00,A0,A0,E0,0,0,2005,1,,,,0,,571
39129,4591,A05,0,A00,A0,A0,E0,0,0,2005,1,,,0,0,,1594
39131,4591,A05,0,A00,A0,A0,E0,0,0,2005,1,,,0,0,,1204
39133,4591,A05,0,A00,A0,A0,E0,0,0,2005,1,117,114,17,20,-3,1676
39135,4591,A05,0,A00,A0,A0,E0,0,0,2005,1,,,0,0,,1551
39139,4591,A05,0,A00,A0,A0,E0,0,0,2005,1,252,220,28,59,-31,963
39141,4591,A05,0,A00,A0,A0,E0,0,0,2005,1,75,68,9,16,-7,616
39143,4591,A05,0,A00,A0,A0,E0,0,0,2005,1,17,20,5,,3,998
39145,4591,A05,0,A00,A0,A0,E0,0,0,2005,1,37,32,4,9,-5,1138
39147,4591,A05,0,A00,A0,A0,E0,0,0,2005,1,19,16,0,3,-3,1187
39149,4591,A05,0,A00,A0,A0,E0,0,0,2005,1,6,8,,0,2,2000
39151,4591,A05,0,A00,A0,A0,E0,0,0,2005,1,737,650,72,159,-87,1063
39153,4591,A05,0,A00,A0,A0,E0,0,0,2005,1,1926,1745,195,377,-181,1039
39155,4591,A05,0,A00,A0,A0,E0,0,0,2005,1,382,338,37,81,-44,887
39157,4591,A05,0,A00,A0,A0,E0,0,0,2005,1,95,79,6,22,-16,1127
39159,4591,A05,0,A00,A0,A0,E0,0,0,2005,1,,,,,,880
39161,4591,A05,0,A00,A0,A0,E0,0,0,2005,1,,,0,,,938
39165,4591,A05,0,A00,A0,A0,E0,0,0,2005,1,234,224,49,60,-10,1128
39167,4591,A05,0,A00,A0,A0,E0,0,0,2005,1,57,56,6,6,0,1302
39169,4591,A05,0,A00,A0,A0,E0,0,0,2005,1,157,148,16,25,-9,1326
39171,4591,A05,0,A00,A0,A0,E0,0,0,2005,1,20,19,3,4,-1,986
39173,4591,A05,0,A00,A0,A0,E0,0,0,2005,1,98,92,16,22,-6,1047
39175,4591,A05,0,A00,A0,A0,E0,0,0,2005,1,,,0,,,407
39,4591,A05,0,A00,A0,A0,E0,0,0,2005,1,19009,17865,3442,4586,-1144,1121
39001,4591,A05,0,A00,A0,A0,E0,0,0,2005,2,0,,,0,,
39003,4591,A05,0,A00,A0,A0,E0,0,0,2005,2,147,154,28,21,7,1155
39005,4591,A05,0,A00,A0,A0,E0,0,0,2005,2,7,16,10,,9,1398
39007,4591,A05,0,A00,A0,A0,E0,0,0,2005,2,44,46,12,10,2,1148
39009,4591,A05,0,A00,A0,A0,E0,0,0,2005,2,98,94,8,12,-4,2000
39011,4591,A05,0,A00,A0,A0,E0,0,0,2005,2,61,75,23,8,15,993
39013,4591,A05,0,A00,A0,A0,E0,0,0,2005,2,106,103,13,17,-3,1035
39017,4591,A05,0,A00,A0,A0,E0,0,0,2005,2,377,395,88,70,18,10423
39019,4591,A05,0,A00,A0,A0,E0,0,0,2005,2,0,,,0,,
39023,4591,A05,0,A00,A0,A0,E0,0,0,2005,2,110,108,17,19,-2,1303
39025,4591,A05,0,A00,A0,A0,E0,0,0,2005,2,275,272,50,54,-4,1075
39027,4591,A05,0,A00,A0,A0,E0,0,0,2005,2,,,0,0,,4644
39029,4591,A05,0,A00,A0,A0,E0,0,0,2005,2,40,50,18,8,10,1062
39031,4591,A05,0,A00,A0,A0,E0,0,0,2005,2,7,12,6,,5,816
39035,4591,A05,0,A00,A0,A0,E0,0,0,2005,2,2194,2142,480,533,-52,1276
39037,4591,A05,0,A00,A0,A0,E0,0,0,2005,2,28,28,7,7,0,929
39039,4591,A05,0,A00,A0,A0,E0,0,0,2005,2,89,94,22,17,5,1997
39041,4591,A05,0,A00,A0,A0,E0,0,0,2005,2,231,228,33,36,-2,970
39043,4591,A05,0,A00,A0,A0,E0,0,0,2005,2,166,260,120,25,95,1456
39045,4591,A05,0,A00,A0,A0,E0,0,0,2005,2,182,195,52,39,13,830
39047,4591,A05,0,A00,A0,A0,E0,0,0,2005,2,10,11,5,4,1,719
39049,4591,A05,0,A00,A0,A0,E0,0,0,2005,2,2082,2127,491,446,45,1269
39051,4591,A05,0,A00,A0,A0,E0,0,0,2005,2,40,42,12,9,3,911
39053,4591,A05,0,A00,A0,A0,E0,0,0,2005,2,7,10,4,,2,1603
39055,4591,A05,0,A00,A0,A0,E0,0,0,2005,2,223,234,55,43,11,1841
39057,4591,A05,0,A00,A0,A0,E0,0,0,2005,2,274,299,94,69,25,1082
39059,4591,A05,0,A00,A0,A0,E0,0,0,2005,2,11,11,5,5,0,1369
39061,4591,A05,0,A00,A0,A0,E0,0,0,2005,2,2755,2117,618,1256,-638,1212
39063,4591,A05,0,A00,A0,A0,E0,0,0,2005,2,99,140,83,42,41,1240
39065,4591,A05,0,A00,A0,A0,E0,0,0,2005,2,0,,,0,,
39067,4591,A05,0,A00,A0,A0,E0,0,0,2005,2,,,,,,613
39071,4591,A05,0,A00,A0,A0,E0,0,0,2005,2,15,15,8,8,0,925
39073,4591,A05,0,A00,A0,A0,E0,0,0,2005,2,,0,0,,,537
39075,4591,A05,0,A00,A0,A0,E0,0,0,2005,2,131,141,22,12,10,1128
39077,4591,A05,0,A00,A0,A0,E0,0,0,2005,2,13,14,4,3,1,837
39079,4591,A05,0,A00,A0,A0,E0,0,0,2005,2,5,5,,0,1,1199
39081,4591,A05,0,A00,A0,A0,E0,0,0,2005,2,68,69,14,13,1,899
39083,4591,A05,0,A00,A0,A0,E0,0,0,2005,2,38,43,11,6,5,1734
39085,4591,A05,0,A00,A0,A0,E0,0,0,2005,2,467,464,108,112,-4,1138
39087,4591,A05,0,A00,A0,A0,E0,0,0,2005,2,25,26,7,7,1,954
39089,4591,A05,0,A00,A0,A0,E0,0,0,2005,2,224,231,59,53,7,1366
39091,4591,A05,0,A00,A0,A0,E0,0,0,2005,2,16,16,6,6,0,1057
39093,4591,A05,0,A00,A0,A0,E0,0,0,2005,2,562,627,167,102,65,1408
39095,4591,A05,0,A00,A0,A0,E0,0,0,2005,2,846,886,243,202,41,1294
39097,4591,A05,0,A00,A0,A0,E0,0,0,2005,2,,,0,0,,1701
39099,4591,A05,0,A00,A0,A0,E0,0,0,2005,2,804,1093,470,181,289,1760
39101,4591,A05,0,A00,A0,A0,E0,0,0,2005,2,51,44,10,16,-6,805
39103,4591,A05,0,A00,A0,A0,E0,0,0,2005,2,148,162,39,24,14,1324
39105,4591,A05,0,A00,A0,A0,E0,0,0,2005,2,5,5,0,0,0,807
39107,4591,A05,0,A00,A0,A0,E0,0,0,2005,2,18,16,,4,-2,910
39109,4591,A05,0,A00,A0,A0,E0,0,0,2005,2,124,144,42,22,20,1530
39113,4591,A05,0,A00,A0,A0,E0,0,0,2005,2,645,680,160,124,36,1354
39117,4591,A05,0,A00,A0,A0,E0,0,0,2005,2,,,,,,1046
39119,4591,A05,0,A00,A0,A0,E0,0,0,2005,2,80,74,12,18,-6,1169
39123,4591,A05,0,A00,A0,A0,E0,0,0,2005,2,19,58,46,7,39,1223
39127,4591,A05,0,A00,A0,A0,E0,0,0,2005,2,,,0,0,,613
39129,4591,A05,0,A00,A0,A0,E0,0,0,2005,2,3,8,8,3,4,1594
39131,4591,A05,0,A00,A0,A0,E0,0,0,2005,2,,,,0,,1361
39133,4591,A05,0,A00,A0,A0,E0,0,0,2005,2,114,132,34,16,18,2035
39135,4591,A05,0,A00,A0,A0,E0,0,0,2005,2,,,0,,,1587
39139,4591,A05,0,A00,A0,A0,E0,0,0,2005,2,219,228,45,37,9,1101
39141,4591,A05,0,A00,A0,A0,E0,0,0,2005,2,68,64,16,20,-4,819
39143,4591,A05,0,A00,A0,A0,E0,0,0,2005,2,20,24,6,3,4,1043
39145,4591,A05,0,A00,A0,A0,E0,0,0,2005,2,32,35,5,,3,1361
39147,4591,A05,0,A00,A0,A0,E0,0,0,2005,2,16,17,,0,1,1361
39149,4591,A05,0,A00,A0,A0,E0,0,0,2005,2,8,7,0,,-1,1852
39151,4591,A05,0,A00,A0,A0,E0,0,0,2005,2,650,656,134,128,6,1246
39153,4591,A05,0,A00,A0,A0,E0,0,0,2005,2,1744,1722,261,283,-22,1135
39155,4591,A05,0,A00,A0,A0,E0,0,0,2005,2,342,378,112,76,36,1068
39157,4591,A05,0,A00,A0,A0,E0,0,0,2005,2,80,77,21,24,-3,1331
39159,4591,A05,0,A00,A0,A0,E0,0,0,2005,2,,,0,0,,1063
39161,4591,A05,0,A00,A0,A0,E0,0,0,2005,2,,,,,,1042
39165,4591,A05,0,A00,A0,A0,E0,0,0,2005,2,224,223,52,53,-1,1344
39167,4591,A05,0,A00,A0,A0,E0,0,0,2005,2,56,63,18,12,7,1487
39169,4591,A05,0,A00,A0,A0,E0,0,0,2005,2,147,156,34,26,8,1339
39171,4591,A05,0,A00,A0,A0,E0,0,0,2005,2,19,19,4,5,-1,903
39173,4591,A05,0,A00,A0,A0,E0,0,0,2005,2,92,89,21,25,-3,956
39175,4591,A05,0,A00,A0,A0,E0,0,0,2005,2,,,,,,512
39,4591,A05,0,A00,A0,A0,E0,0,0,2005,2,17855,18043,4583,4395,188,1454
39001,4591,A05,0,A00,A0,A0,E0,0,0,2005,3,,,0,0,,879
39003,4591,A05,0,A00,A0,A0,E0,0,0,2005,3,140,131,24,33,-9,1476
39005,4591,A05,0,A00,A0,A0,E0,0,0,2005,3,16,20,14,11,4,992
39007,4591,A05,0,A00,A0,A0,E0,0,0,2005,3,46,48,8,6,2,1140
39009,4591,A05,0,A00,A0,A0,E0,0,0,2005,3,94,99,11,6,5,2227
39011,4591,A05,0,A00,A0,A0,E0,0,0,2005,3,75,72,12,15,-4,975
39013,4591,A05,0,A00,A0,A0,E0,0,0,2005,3,92,91,16,17,-1,1775
39017,4591,A05,0,A00,A0,A0,E0,0,0,2005,3,395,404,96,88,9,2220
39019,4591,A05,0,A00,A0,A0,E0,0,0,2005,3,,,0,0,,617
39023,4591,A05,0,A00,A0,A0,E0,0,0,2005,3,93,82,15,27,-11,1444
39025,4591,A05,0,A00,A0,A0,E0,0,0,2005,3,252,258,69,63,6,1201
39027,4591,A05,0,A00,A0,A0,E0,0,0,2005,3,,0,0,,,477
39029,4591,A05,0,A00,A0,A0,E0,0,0,2005,3,50,53,19,16,3,989
39031,4591,A05,0,A00,A0,A0,E0,0,0,2005,3,12,9,,5,-3,932
39035,4591,A05,0,A00,A0,A0,E0,0,0,2005,3,2047,2047,539,539,1,1501
39037,4591,A05,0,A00,A0,A0,E0,0,0,2005,3,28,25,6,9,-3,1068
39039,4591,A05,0,A00,A0,A0,E0,0,0,2005,3,93,104,28,18,11,1577
39041,4591,A05,0,A00,A0,A0,E0,0,0,2005,3,228,260,79,48,31,1072
39043,4591,A05,0,A00,A0,A0,E0,0,0,2005,3,244,232,48,60,-12,1211
39045,4591,A05,0,A00,A0,A0,E0,0,0,2005,3,194,197,50,47,3,925
39047,4591,A05,0,A00,A0,A0,E0,0,0,2005,3,9,8,,,-1,1126
39049,4591,A05,0,A00,A0,A0,E0,0,0,2005,3,2910,2918,743,735,8,2189
39051,4591,A05,0,A00,A0,A0,E0,0,0,2005,3,42,43,9,8,1,873
39053,4591,A05,0,A00,A0,A0,E0,0,0,2005,3,10,8,,4,-1,1379
39055,4591,A05,0,A00,A0,A0,E0,0,0,2005,3,232,236,55,52,4,1666
39057,4591,A05,0,A00,A0,A0,E0,0,0,2005,3,295,288,71,77,-6,1203
39059,4591,A05,0,A00,A0,A0,E0,0,0,2005,3,11,10,3,4,-1,1425
39061,4591,A05,0,A00,A0,A0,E0,0,0,2005,3,2033,1977,816,871,-56,1472
39063,4591,A05,0,A00,A0,A0,E0,0,0,2005,3,139,111,35,64,-29,928
39065,4591,A05,0,A00,A0,A0,E0,0,0,2005,3,,0,0,,,389
39067,4591,A05,0,A00,A0,A0,E0,0,0,2005,3,,,,,,451
39071,4591,A05,0,A00,A0,A0,E0,0,0,2005,3,15,16,5,4,1,980
39075,4591,A05,0,A00,A0,A0,E0,0,0,2005,3,141,137,14,18,-4,1333
39077,4591,A05,0,A00,A0,A0,E0,0,0,2005,3,14,18,8,4,4,817
39079,4591,A05,0,A00,A0,A0,E0,0,0,2005,3,5,3,0,,-2,1226
39081,4591,A05,0,A00,A0,A0,E0,0,0,2005,3,69,69,13,13,1,966
39083,4591,A05,0,A00,A0,A0,E0,0,0,2005,3,52,57,8,3,5,1655
39085,4591,A05,0,A00,A0,A0,E0,0,0,2005,3,437,442,105,100,5,1343
39087,4591,A05,0,A00,A0,A0,E0,0,0,2005,3,26,29,8,5,3,1190
39089,4591,A05,0,A00,A0,A0,E0,0,0,2005,3,220,216,33,38,-5,1600
39091,4591,A05,0,A00,A0,A0,E0,0,0,2005,3,16,18,3,,2,1227
39093,4591,A05,0,A00,A0,A0,E0,0,0,2005,3,608,574,124,158,-34,1626
39095,4591,A05,0,A00,A0,A0,E0,0,0,2005,3,803,807,204,199,5,1348
39097,4591,A05,0,A00,A0,A0,E0,0,0,2005,3,,,0,0,,1766
39099,4591,A05,0,A00,A0,A0,E0,0,0,2005,3,991,725,189,454,-266,1960
39101,4591,A05,0,A00,A0,A0,E0,0,0,2005,3,44,42,14,17,-3,905
39103,4591,A05,0,A00,A0,A0,E0,0,0,2005,3,161,156,30,36,-6,1430
39105,4591,A05,0,A00,A0,A0,E0,0,0,2005,3,5,6,,0,1,860
39107,4591,A05,0,A00,A0,A0,E0,0,0,2005,3,16,14,,3,-2,989
39109,4591,A05,0,A00,A0,A0,E0,0,0,2005,3,144,139,33,39,-5,1752
39113,4591,A05,0,A00,A0,A0,E0,0,0,2005,3,643,639,149,154,-4,1533
39117,4591,A05,0,A00,A0,A0,E0,0,0,2005,3,,,,,,566
39119,4591,A05,0,A00,A0,A0,E0,0,0,2005,3,75,81,21,15,5,1215
39123,4591,A05,0,A00,A0,A0,E0,0,0,2005,3,58,28,9,40,-31,1219
39127,4591,A05,0,A00,A0,A0,E0,0,0,2005,3,,,,,,689
39129,4591,A05,0,A00,A0,A0,E0,0,0,2005,3,8,5,,3,-2,942
39131,4591,A05,0,A00,A0,A0,E0,0,0,2005,3,,,0,,,779
39133,4591,A05,0,A00,A0,A0,E0,0,0,2005,3,132,128,32,36,-4,1849
39135,4591,A05,0,A00,A0,A0,E0,0,0,2005,3,,,0,0,,2018
39139,4591,A05,0,A00,A0,A0,E0,0,0,2005,3,207,208,51,50,1,1249
39141,4591,A05,0,A00,A0,A0,E0,0,0,2005,3,64,72,23,15,8,812
39143,4591,A05,0,A00,A0,A0,E0,0,0,2005,3,24,25,7,6,1,1132
39145,4591,A05,0,A00,A0,A0,E0,0,0,2005,3,35,33,4,6,-2,1238
39147,4591,A05,0,A00,A0,A0,E0,0,0,2005,3,17,15,,4,-2,1404
39149,4591,A05,0,A00,A0,A0,E0,0,0,2005,3,7,7,0,0,0,1908
39151,4591,A05,0,A00,A0,A0,E0,0,0,2005,3,619,630,139,128,11,1413
39153,4591,A05,0,A00,A0,A0,E0,0,0,2005,3,1657,1737,426,346,80,1421
39155,4591,A05,0,A00,A0,A0,E0,0,0,2005,3,355,329,79,105,-26,1178
39157,4591,A05,0,A00,A0,A0,E0,0,0,2005,3,77,86,20,10,9,1586
39159,4591,A05,0,A00,A0,A0,E0,0,0,2005,3,,,,,,1046
39161,4591,A05,0,A00,A0,A0,E0,0,0,2005,3,,,0,0,,1241
39165,4591,A05,0,A00,A0,A0,E0,0,0,2005,3,221,215,68,74,-6,1336
39167,4591,A05,0,A00,A0,A0,E0,0,0,2005,3,63,60,12,15,-3,1183
39169,4591,A05,0,A00,A0,A0,E0,0,0,2005,3,156,163,33,26,8,1364
39171,4591,A05,0,A00,A0,A0,E0,0,0,2005,3,19,21,8,6,2,744
39173,4591,A05,0,A00,A0,A0,E0,0,0,2005,3,89,90,27,26,2,952
39175,4591,A05,0,A00,A0,A0,E0,0,0,2005,3,,,,,,494
39,4591,A05,0,A00,A0,A0,E0,0,0,2005,3,18143,17842,4697,4998,-301,1580
39001,4591,A05,0,A00,A0,A0,E0,0,0,2005,4,,0,0,,,147
39003,4591,A05,0,A00,A0,A0,E0,0,0,2005,4,144,157,65,52,13,1205
39005,4591,A05,0,A00,A0,A0,E0,0,0,2005,4,20,7,4,16,-12,929
39007,4591,A05,0,A00,A0,A0,E0,0,0,2005,4,48,50,12,9,2,1017
39009,4591,A05,0,A00,A0,A0,E0,0,0,2005,4,99,100,12,11,1,2201
39011,4591,A05,0,A00,A0,A0,E0,0,0,2005,4,72,66,5,11,-6,948
39013,4591,A05,0,A00,A0,A0,E0,0,0,2005,4,92,89,57,60,-3,1209
39017,4591,A05,0,A00,A0,A0,E0,0,0,2005,4,404,445,142,101,41,2255
39019,4591,A05,0,A00,A0,A0,E0,0,0,2005,4,,,0,0,,617
39023,4591,A05,0,A00,A0,A0,E0,0,0,2005,4,87,92,37,31,5,1319
39025,4591,A05,0,A00,A0,A0,E0,0,0,2005,4,278,290,122,110,12,976
39027,4591,A05,0,A00,A0,A0,E0,0,0,2005,4,0,0,,,0,
39029,4591,A05,0,A00,A0,A0,E0,0,0,2005,4,53,46,16,24,-7,830
39031,4591,A05,0,A00,A0,A0,E0,0,0,2005,4,,,,,,1291
39035,4591,A05,0,A00,A0,A0,E0,0,0,2005,4,2124,2291,810,644,167,1424
39037,4591,A05,0,A00,A0,A0,E0,0,0,2005,4,25,26,8,7,1,1171
39039,4591,A05,0,A00,A0,A0,E0,0,0,2005,4,101,99,21,23,-2,1482
39041,4591,A05,0,A00,A0,A0,E0,0,0,2005,4,266,289,110,87,24,1082
39043,4591,A05,0,A00,A0,A0,E0,0,0,2005,4,245,177,67,135,-68,1087
39045,4591,A05,0,A00,A0,A0,E0,0,0,2005,4,195,193,60,62,-2,873
39047,4591,A05,0,A00,A0,A0,E0,0,0,2005,4,,,0,0,,1336
39049,4591,A05,0,A00,A0,A0,E0,0,0,2005,4,2103,2204,759,658,101,1345
39051,4591,A05,0,A00,A0,A0,E0,0,0,2005,4,43,57,25,11,14,1000
39053,4591,A05,0,A00,A0,A0,E0,0,0,2005,4,8,6,,4,-2,1393
39055,4591,A05,0,A00,A0,A0,E0,0,0,2005,4,236,255,88,69,19,2267
39057,4591,A05,0,A00,A0,A0,E0,0,0,2005,4,306,337,125,94,31,1078
39059,4591,A05,0,A00,A0,A0,E0,0,0,2005,4,10,10,3,3,0,1468
39061,4591,A05,0,A00,A0,A0,E0,0,0,2005,4,2024,2013,730,742,-11,1321
39063,4591,A05,0,A00,A0,A0,E0,0,0,2005,4,109,94,32,47,-15,1358
39067,4591,A05,0,A00,A0,A0,E0,0,0,2005,4,,,,,,129
39071,4591,A05,0,A00,A0,A0,E0,0,0,2005,4,16,10,0,5,-5,833
39075,4591,A05,0,A00,A0,A0,E0,0,0,2005,4,138,123,9,24,-14,1214
39077,4591,A05,0,A00,A0,A0,E0,0,0,2005,4,18,16,0,,-2,758
39079,4591,A05,0,A00,A0,A0,E0,0,0,2005,4,,,0,0,,2877
39081,4591,A05,0,A00,A0,A0,E0,0,0,2005,4,70,73,18,14,3,1012
39083,4591,A05,0,A00,A0,A0,E0,0,0,2005,4,57,58,9,8,1,2198
39085,4591,A05,0,A00,A0,A0,E0,0,0,2005,4,469,497,194,165,29,1180
39087,4591,A05,0,A00,A0,A0,E0,0,0,2005,4,29,25,,6,-5,1379
39089,4591,A05,0,A00,A0,A0,E0,0,0,2005,4,226,245,93,74,19,2034
39091,4591,A05,0,A00,A0,A0,E0,0,0,2005,4,18,38,23,4,19,1257
39093,4591,A05,0,A00,A0,A0,E0,0,0,2005,4,592,661,209,140,68,1555
39095,4591,A05,0,A00,A0,A0,E0,0,0,2005,4,860,944,417,333,84,1265
39097,4591,A05,0,A00,A0,A0,E0,0,0,2005,4,,,0,0,,1583
39099,4591,A05,0,A00,A0,A0,E0,0,0,2005,4,819,874,307,252,55,1873
39101,4591,A05,0,A00,A0,A0,E0,0,0,2005,4,41,44,18,16,3,850
39103,4591,A05,0,A00,A0,A0,E0,0,0,2005,4,138,143,41,36,5,1123
39105,4591,A05,0,A00,A0,A0,E0,0,0,2005,4,6,5,0,,-1,1027
39107,4591,A05,0,A00,A0,A0,E0,0,0,2005,4,14,14,,,0,1352
39109,4591,A05,0,A00,A0,A0,E0,0,0,2005,4,139,124,53,68,-15,1644
39113,4591,A05,0,A00,A0,A0,E0,0,0,2005,4,667,672,234,229,5,1423
39117,4591,A05,0,A00,A0,A0,E0,0,0,2005,4,,,0,,,512
39119,4591,A05,0,A00,A0,A0,E0,0,0,2005,4,84,89,37,31,5,1242
39123,4591,A05,0,A00,A0,A0,E0,0,0,2005,4,28,11,8,24,-16,828
39127,4591,A05,0,A00,A0,A0,E0,0,0,2005,4,,,,,,652
39129,4591,A05,0,A00,A0,A0,E0,0,0,2005,4,,,0,,,1146
39131,4591,A05,0,A00,A0,A0,E0,0,0,2005,4,,,0,0,,1190
39133,4591,A05,0,A00,A0,A0,E0,0,0,2005,4,127,122,18,22,-4,2119
39135,4591,A05,0,A00,A0,A0,E0,0,0,2005,4,,,0,0,,1835
39139,4591,A05,0,A00,A0,A0,E0,0,0,2005,4,222,242,90,70,20,1141
39141,4591,A05,0,A00,A0,A0,E0,0,0,2005,4,72,69,17,20,-4,739
39143,4591,A05,0,A00,A0,A0,E0,0,0,2005,4,25,29,13,9,4,1010
39145,4591,A05,0,A00,A0,A0,E0,0,0,2005,4,33,33,4,4,0,1370
39147,4591,A05,0,A00,A0,A0,E0,0,0,2005,4,15,12,3,6,-3,1442
39149,4591,A05,0,A00,A0,A0,E0,0,0,2005,4,7,6,0,,-1,1680
39151,4591,A05,0,A00,A0,A0,E0,0,0,2005,4,651,669,223,205,18,1464
39153,4591,A05,0,A00,A0,A0,E0,0,0,2005,4,1805,1896,628,536,91,1308
39155,4591,A05,0,A00,A0,A0,E0,0,0,2005,4,352,370,147,129,18,1118
39157,4591,A05,0,A00,A0,A0,E0,0,0,2005,4,87,88,31,30,1,1464
39159,4591,A05,0,A00,A0,A0,E0,0,0,2005,4,,,,,,927
39161,4591,A05,0,A00,A0,A0,E0,0,0,2005,4,,,0,,,1348
39165,4591,A05,0,A00,A0,A0,E0,0,0,2005,4,217,242,83,58,25,1364
39167,4591,A05,0,A00,A0,A0,E0,0,0,2005,4,60,57,8,11,-3,1491
39169,4591,A05,0,A00,A0,A0,E0,0,0,2005,4,163,168,34,30,5,1286
39171,4591,A05,0,A00,A0,A0,E0,0,0,2005,4,21,19,,4,-2,953
39173,4591,A05,0,A00,A0,A0,E0,0,0,2005,4,91,102,41,30,11,833
39175,4591,A05,0,A00,A0,A0,E0,0,0,2005,4,,,,,,423
39,4591,A05,0,A00,A0,A0,E0,0,0,2005,4,17559,18260,6332,5630,701,1385
39003,4591,A05,0,A00,A0,A0,E0,0,0,2006,1,157,141,13,30,-16,1090
39005,4591,A05,0,A00,A0,A0,E0,0,0,2006,1,,,,,,2077
39007,4591,A05,0,A00,A0,A0,E0,0,0,2006,1,50,48,7,9,-2,909
39009,4591,A05,0,A00,A0,A0,E0,0,0,2006,1,100,99,8,8,-1,2269
39011,4591,A05,0,A00,A0,A0,E0,0,0,2006,1,66,71,16,11,5,1062
39013,4591,A05,0,A00,A0,A0,E0,0,0,2006,1,86,76,7,17,-10,1018
39017,4591,A05,0,A00,A0,A0,E0,0,0,2006,1,423,398,42,66,-24,1904
39019,4591,A05,0,A00,A0,A0,E0,0,0,2006,1,,,0,0,,593
39023,4591,A05,0,A00,A0,A0,E0,0,0,2006,1,88,73,9,23,-15,1176
39025,4591,A05,0,A00,A0,A0,E0,0,0,2006,1,291,269,35,57,-22,956
39027,4591,A05,0,A00,A0,A0,E0,0,0,2006,1,0,,,0,,
39029,4591,A05,0,A00,A0,A0,E0,0,0,2006,1,46,42,4,8,-4,843
39031,4591,A05,0,A00,A0,A0,E0,0,0,2006,1,,,,,,985
39035,4591,A05,0,A00,A0,A0,E0,0,0,2006,1,2318,2168,324,474,-150,1257
39037,4591,A05,0,A00,A0,A0,E0,0,0,2006,1,25,25,3,3,0,976
39039,4591,A05,0,A00,A0,A0,E0,0,0,2006,1,99,93,12,18,-6,1285
39041,4591,A05,0,A00,A0,A0,E0,0,0,2006,1,289,259,44,74,-30,885
39043,4591,A05,0,A00,A0,A0,E0,0,0,2006,1,178,171,25,32,-7,1149
39045,4591,A05,0,A00,A0,A0,E0,0,0,2006,1,194,177,15,32,-17,812
39047,4591,A05,0,A00,A0,A0,E0,0,0,2006,1,,,0,0,,1116
39049,4591,A05,0,A00,A0,A0,E0,0,0,2006,1,2243,2045,269,468,-199,1114
39051,4591,A05,0,A00,A0,A0,E0,0,0,2006,1,57,36,0,21,-21,662
39053,4591,A05,0,A00,A0,A0,E0,0,0,2006,1,9,9,,,0,1583
39055,4591,A05,0,A00,A0,A0,E0,0,0,2006,1,257,246,37,49,-11,2304
39057,4591,A05,0,A00,A0,A0,E0,0,0,2006,1,343,317,44,70,-26,976
39059,4591,A05,0,A00,A0,A0,E0,0,0,2006,1,10,10,,,0,1943
39061,4591,A05,0,A00,A0,A0,E0,0,0,2006,1,2076,1889,298,485,-187,1162
39063,4591,A05,0,A00,A0,A0,E0,0,0,2006,1,94,86,14,22,-8,1239
39067,4591,A05,0,A00,A0,A0,E0,0,0,2006,1,,,,,,155
39071,4591,A05,0,A00,A0,A0,E0,0,0,2006,1,10,8,0,,-2,996
39075,4591,A05,0,A00,A0,A0,E0,0,0,2006,1,122,129,13,7,6,1315
39077,4591,A05,0,A00,A0,A0,E0,0,0,2006,1,16,23,11,4,7,663
39079,4591,A05,0,A00,A0,A0,E0,0,0,2006,1,,,0,0,,1402
39081,4591,A05,0,A00,A0,A0,E0,0,0,2006,1,73,66,3,9,-6,831
39083,4591,A05,0,A00,A0,A0,E0,0,0,2006,1,120,127,33,26,7,1194
39085,4591,A05,0,A00,A0,A0,E0,0,0,2006,1,497,435,48,110,-62,1077
39087,4591,A05,0,A00,A0,A0,E0,0,0,2006,1,18,22,6,,4,889
39089,4591,A05,0,A00,A0,A0,E0,0,0,2006,1,208,207,48,50,-2,1147
39091,4591,A05,0,A00,A0,A0,E0,0,0,2006,1,38,23,7,22,-15,653
39093,4591,A05,0,A00,A0,A0,E0,0,0,2006,1,616,572,83,127,-44,1394
39095,4591,A05,0,A00,A0,A0,E0,0,0,2006,1,971,873,149,247,-98,1112
39097,4591,A05,0,A00,A0,A0,E0,0,0,2006,1,5,6,,,1,1616
39099,4591,A05,0,A00,A0,A0,E0,0,0,2006,1,875,843,121,153,-32,1554
39101,4591,A05,0,A00,A0,A0,E0,0,0,2006,1,44,42,9,11,-2,779
39103,4591,A05,0,A00,A0,A0,E0,0,0,2006,1,138,111,8,35,-26,998
39105,4591,A05,0,A00,A0,A0,E0,0,0,2006,1,9,10,,0,1,870
39107,4591,A05,0,A00,A0,A0,E0,0,0,2006,1,14,17,3,,2,1222
39109,4591,A05,0,A00,A0,A0,E0,0,0,2006,1,124,119,10,16,-5,1426
39113,4591,A05,0,A00,A0,A0,E0,0,0,2006,1,658,617,101,142,-41,1144
39117,4591,A05,0,A00,A0,A0,E0,0,0,2006,1,,,,0,,1239
39119,4591,A05,0,A00,A0,A0,E0,0,0,2006,1,89,79,11,21,-10,1301
39123,4591,A05,0,A00,A0,A0,E0,0,0,2006,1,11,13,3,,2,720
39127,4591,A05,0,A00,A0,A0,E0,0,0,2006,1,,,,,,618
39129,4591,A05,0,A00,A0,A0,E0,0,0,2006,1,4,8,3,0,3,1219
39131,4591,A05,0,A00,A0,A0,E0,0,0,2006,1,,,,0,,1173
39133,4591,A05,0,A00,A0,A0,E0,0,0,2006,1,86,88,13,11,2,1689
39135,4591,A05,0,A00,A0,A0,E0,0,0,2006,1,,,,,,1649
39139,4591,A05,0,A00,A0,A0,E0,0,0,2006,1,242,212,26,56,-30,1040
39141,4591,A05,0,A00,A0,A0,E0,0,0,2006,1,69,63,8,14,-6,670
39143,4591,A05,0,A00,A0,A0,E0,0,0,2006,1,29,37,17,9,8,798
39145,4591,A05,0,A00,A0,A0,E0,0,0,2006,1,33,32,6,7,-1,1235
39147,4591,A05,0,A00,A0,A0,E0,0,0,2006,1,12,14,3,,2,1573
39149,4591,A05,0,A00,A0,A0,E0,0,0,2006,1,,,,0,,2012
39151,4591,A05,0,A00,A0,A0,E0,0,0,2006,1,670,620,60,109,-49,1195
39153,4591,A05,0,A00,A0,A0,E0,0,0,2006,1,1955,1795,199,359,-160,1061
39155,4591,A05,0,A00,A0,A0,E0,0,0,2006,1,368,329,34,73,-39,952
39157,4591,A05,0,A00,A0,A0,E0,0,0,2006,1,83,71,8,19,-12,1289
39159,4591,A05,0,A00,A0,A0,E0,0,0,2006,1,,,0,0,,1781
39161,4591,A05,0,A00,A0,A0,E0,0,0,2006,1,,,0,0,,892
39165,4591,A05,0,A00,A0,A0,E0,0,0,2006,1,242,230,43,55,-12,1199
39167,4591,A05,0,A00,A0,A0,E0,0,0,2006,1,57,60,7,4,3,1146
39169,4591,A05,0,A00,A0,A0,E0,0,0,2006,1,152,133,16,35,-19,1153
39171,4591,A05,0,A00,A0,A0,E0,0,0,2006,1,20,18,6,8,-2,707
39173,4591,A05,0,A00,A0,A0,E0,0,0,2006,1,102,91,12,23,-11,787
39175,4591,A05,0,A00,A0,A0,E0,0,0,2006,1,,,,,,549
39,4591,A05,0,A00,A0,A0,E0,0,0,2006,1,18365,16983,2375,3756,-1382,1192
39001,4591,A05,0,A00,A0,A0,E0,0,0,2006,2,0,,,0,,
39003,4591,A05,0,A00,A0,A0,E0,0,0,2006,2,135,136,25,24,1,1212
39005,4591,A05,0,A00,A0,A0,E0,0,0,2006,2,8,25,17,0,17,2311
39007,4591,A05,0,A00,A0,A0,E0,0,0,2006,2,48,54,14,8,6,1064
39009,4591,A05,0,A00,A0,A0,E0,0,0,2006,2,99,100,14,13,1,2013
39011,4591,A05,0,A00,A0,A0,E0,0,0,2006,2,75,92,27,9,18,1137
39013,4591,A05,0,A00,A0,A0,E0,0,0,2006,2,75,73,19,22,-2,1244
39017,4591,A05,0,A00,A0,A0,E0,0,0,2006,2,398,401,75,72,3,2524
39019,4591,A05,0,A00,A0,A0,E0,0,0,2006,2,,,0,0,,546
39023,4591,A05,0,A00,A0,A0,E0,0,0,2006,2,73,76,11,9,3,1258
39025,4591,A05,0,A00,A0,A0,E0,0,0,2006,2,269,270,90,89,1,1005
39027,4591,A05,0,A00,A0,A0,E0,0,0,2006,2,,,0,0,,477
39029,4591,A05,0,A00,A0,A0,E0,0,0,2006,2,42,45,13,10,3,919
39031,4591,A05,0,A00,A0,A0,E0,0,0,2006,2,10,13,6,,3,985
39035,4591,A05,0,A00,A0,A0,E0,0,0,2006,2,2152,2147,455,460,-5,1331
39037,4591,A05,0,A00,A0,A0,E0,0,0,2006,2,25,26,6,5,1,985
39039,4591,A05,0,A00,A0,A0,E0,0,0,2006,2,93,90,12,15,-3,2123
39041,4591,A05,0,A00,A0,A0,E0,0,0,2006,2,258,267,61,53,8,1085
39043,4591,A05,0,A00,A0,A0,E0,0,0,2006,2,171,258,125,38,87,1454
39045,4591,A05,0,A00,A0,A0,E0,0,0,2006,2,177,171,30,36,-6,897
39047,4591,A05,0,A00,A0,A0,E0,0,0,2006,2,,,,0,,1249
39049,4591,A05,0,A00,A0,A0,E0,0,0,2006,2,2041,2120,509,430,79,1240
39051,4591,A05,0,A00,A0,A0,E0,0,0,2006,2,36,35,0,,-1,956
39053,4591,A05,0,A00,A0,A0,E0,0,0,2006,2,9,9,4,4,0,1420
39055,4591,A05,0,A00,A0,A0,E0,0,0,2006,2,247,270,74,51,23,1956
39057,4591,A05,0,A00,A0,A0,E0,0,0,2006,2,316,310,76,82,-6,1044
39059,4591,A05,0,A00,A0,A0,E0,0,0,2006,2,10,11,,,1,1581
39061,4591,A05,0,A00,A0,A0,E0,0,0,2006,2,1878,1926,461,413,48,1386
39063,4591,A05,0,A00,A0,A0,E0,0,0,2006,2,84,142,92,34,58,1436
39067,4591,A05,0,A00,A0,A0,E0,0,0,2006,2,,,,,,278
39071,4591,A05,0,A00,A0,A0,E0,0,0,2006,2,8,10,5,,2,1195
39075,4591,A05,0,A00,A0,A0,E0,0,0,2006,2,128,138,19,8,10,1266
39077,4591,A05,0,A00,A0,A0,E0,0,0,2006,2,23,23,0,0,0,670
39079,4591,A05,0,A00,A0,A0,E0,0,0,2006,2,3,8,4,0,4,1402
39081,4591,A05,0,A00,A0,A0,E0,0,0,2006,2,67,71,16,12,4,969
39083,4591,A05,0,A00,A0,A0,E0,0,0,2006,2,127,123,40,44,-4,1317
39085,4591,A05,0,A00,A0,A0,E0,0,0,2006,2,432,422,72,82,-10,1167
39087,4591,A05,0,A00,A0,A0,E0,0,0,2006,2,22,22,3,3,0,833
39089,4591,A05,0,A00,A0,A0,E0,0,0,2006,2,295,274,30,50,-20,1541
39091,4591,A05,0,A00,A0,A0,E0,0,0,2006,2,23,29,11,5,6,989
39093,4591,A05,0,A00,A0,A0,E0,0,0,2006,2,567,605,149,111,38,1579
39095,4591,A05,0,A00,A0,A0,E0,0,0,2006,2,857,839,225,244,-19,1205
39097,4591,A05,0,A00,A0,A0,E0,0,0,2006,2,6,5,,,-1,1140
39099,4591,A05,0,A00,A0,A0,E0,0,0,2006,2,834,1120,468,182,285,1763
39101,4591,A05,0,A00,A0,A0,E0,0,0,2006,2,37,36,8,9,-1,794
39103,4591,A05,0,A00,A0,A0,E0,0,0,2006,2,111,113,26,24,2,1107
39105,4591,A05,0,A00,A0,A0,E0,0,0,2006,2,10,11,,0,1,858
39107,4591,A05,0,A00,A0,A0,E0,0,0,2006,2,17,16,0,,-1,1104
39109,4591,A05,0,A00,A0,A0,E0,0,0,2006,2,119,156,59,22,37,1696
39111,4591,A05,0,A00,A0,A0,E0,0,0,2006,2,0,,,0,,
39113,4591,A05,0,A00,A0,A0,E0,0,0,2006,2,612,656,184,140,44,1280
39117,4591,A05,0,A00,A0,A0,E0,0,0,2006,2,,,,,,1223
39119,4591,A05,0,A00,A0,A0,E0,0,0,2006,2,76,81,16,11,5,1262
39123,4591,A05,0,A00,A0,A0,E0,0,0,2006,2,13,49,45,9,36,834
39127,4591,A05,0,A00,A0,A0,E0,0,0,2006,2,,,,,,802
39129,4591,A05,0,A00,A0,A0,E0,0,0,2006,2,8,8,6,5,0,923
39131,4591,A05,0,A00,A0,A0,E0,0,0,2006,2,3,4,,0,1,1307
39133,4591,A05,0,A00,A0,A0,E0,0,0,2006,2,87,92,21,17,4,1706
39135,4591,A05,0,A00,A0,A0,E0,0,0,2006,2,,,0,0,,2438
39139,4591,A05,0,A00,A0,A0,E0,0,0,2006,2,209,202,33,40,-7,1110
39141,4591,A05,0,A00,A0,A0,E0,0,0,2006,2,63,61,13,14,-2,773
39143,4591,A05,0,A00,A0,A0,E0,0,0,2006,2,37,42,12,7,5,894
39145,4591,A05,0,A00,A0,A0,E0,0,0,2006,2,32,34,7,4,2,1303
39147,4591,A05,0,A00,A0,A0,E0,0,0,2006,2,14,13,0,,-1,1289
39149,4591,A05,0,A00,A0,A0,E0,0,0,2006,2,,,0,,,1597
39151,4591,A05,0,A00,A0,A0,E0,0,0,2006,2,614,616,100,98,2,1361
39153,4591,A05,0,A00,A0,A0,E0,0,0,2006,2,1794,1811,364,346,17,1242
39155,4591,A05,0,A00,A0,A0,E0,0,0,2006,2,323,357,112,78,34,1114
39157,4591,A05,0,A00,A0,A0,E0,0,0,2006,2,70,69,7,9,-2,1347
39159,4591,A05,0,A00,A0,A0,E0,0,0,2006,2,,,,,,2053
39161,4591,A05,0,A00,A0,A0,E0,0,0,2006,2,,,0,,,944
39165,4591,A05,0,A00,A0,A0,E0,0,0,2006,2,230,225,49,54,-5,1374
39167,4591,A05,0,A00,A0,A0,E0,0,0,2006,2,60,62,15,13,2,1489
39169,4591,A05,0,A00,A0,A0,E0,0,0,2006,2,132,139,28,21,7,1225
39171,4591,A05,0,A00,A0,A0,E0,0,0,2006,2,18,16,3,5,-2,708
39173,4591,A05,0,A00,A0,A0,E0,0,0,2006,2,90,92,20,18,2,1027
39175,4591,A05,0,A00,A0,A0,E0,0,0,2006,2,,,,,,431
39,4591,A05,0,A00,A0,A0,E0,0,0,2006,2,16972,17794,4410,3587,823,1347
39001,4591,A05,0,A00,A0,A0,E0,0,0,2006,3,,,0,0,,879
39003,4591,A05,0,A00,A0,A0,E0,0,0,2006,3,136,134,27,28,-2,1271
39005,4591,A05,0,A00,A0,A0,E0,0,0,2006,3,25,19,4,10,-6,1028
39007,4591,A05,0,A00,A0,A0,E0,0,0,2006,3,54,49,9,14,-6,1055
39009,4591,A05,0,A00,A0,A0,E0,0,0,2006,3,100,100,18,18,0,1916
39011,4591,A05,0,A00,A0,A0,E0,0,0,2006,3,92,80,12,25,-12,1109
39013,4591,A05,0,A00,A0,A0,E0,0,0,2006,3,73,78,20,15,5,1221
39017,4591,A05,0,A00,A0,A0,E0,0,0,2006,3,395,401,77,71,7,2088
39019,4591,A05,0,A00,A0,A0,E0,0,0,2006,3,,,0,0,,677
39023,4591,A05,0,A00,A0,A0,E0,0,0,2006,3,76,73,15,18,-3,1397
39025,4591,A05,0,A00,A0,A0,E0,0,0,2006,3,270,262,50,58,-9,1023
39027,4591,A05,0,A00,A0,A0,E0,0,0,2006,3,,0,0,,,440
39029,4591,A05,0,A00,A0,A0,E0,0,0,2006,3,45,42,10,14,-3,1009
39031,4591,A05,0,A00,A0,A0,E0,0,0,2006,3,13,11,5,7,-2,774
39035,4591,A05,0,A00,A0,A0,E0,0,0,2006,3,2128,2101,494,521,-27,1343
39037,4591,A05,0,A00,A0,A0,E0,0,0,2006,3,26,26,3,3,0,1179
39039,4591,A05,0,A00,A0,A0,E0,0,0,2006,3,90,95,26,22,4,1439
39041,4591,A05,0,A00,A0,A0,E0,0,0,2006,3,257,285,97,70,27,946
39043,4591,A05,0,A00,A0,A0,E0,0,0,2006,3,258,256,47,49,-2,1078
39045,4591,A05,0,A00,A0,A0,E0,0,0,2006,3,171,185,43,29,14,871
39047,4591,A05,0,A00,A0,A0,E0,0,0,2006,3,,,0,,,1103
39049,4591,A05,0,A00,A0,A0,E0,0,0,2006,3,2121,2144,530,507,23,1177
39051,4591,A05,0,A00,A0,A0,E0,0,0,2006,3,35,47,13,,12,1030
39053,4591,A05,0,A00,A0,A0,E0,0,0,2006,3,9,10,3,,2,1323
39055,4591,A05,0,A00,A0,A0,E0,0,0,2006,3,270,261,50,58,-8,1623
39057,4591,A05,0,A00,A0,A0,E0,0,0,2006,3,309,307,68,69,-1,1001
39059,4591,A05,0,A00,A0,A0,E0,0,0,2006,3,11,11,,,0,1887
39061,4591,A05,0,A00,A0,A0,E0,0,0,2006,3,1919,1894,437,462,-24,1293
39063,4591,A05,0,A00,A0,A0,E0,0,0,2006,3,142,118,35,59,-24,894
39067,4591,A05,0,A00,A0,A0,E0,0,0,2006,3,,,,,,358
39071,4591,A05,0,A00,A0,A0,E0,0,0,2006,3,10,9,,,-1,927
39075,4591,A05,0,A00,A0,A0,E0,0,0,2006,3,138,131,11,18,-7,1259
39077,4591,A05,0,A00,A0,A0,E0,0,0,2006,3,23,22,8,8,0,626
39079,4591,A05,0,A00,A0,A0,E0,0,0,2006,3,8,5,,3,-2,883
39081,4591,A05,0,A00,A0,A0,E0,0,0,2006,3,70,71,15,14,0,882
39083,4591,A05,0,A00,A0,A0,E0,0,0,2006,3,132,144,60,49,11,1188
39085,4591,A05,0,A00,A0,A0,E0,0,0,2006,3,422,455,117,83,33,1196
39087,4591,A05,0,A00,A0,A0,E0,0,0,2006,3,22,24,9,7,3,856
39089,4591,A05,0,A00,A0,A0,E0,0,0,2006,3,275,267,40,48,-8,1405
39091,4591,A05,0,A00,A0,A0,E0,0,0,2006,3,29,30,10,8,2,933
39093,4591,A05,0,A00,A0,A0,E0,0,0,2006,3,607,557,91,141,-50,1394
39095,4591,A05,0,A00,A0,A0,E0,0,0,2006,3,830,821,184,193,-9,1151
39097,4591,A05,0,A00,A0,A0,E0,0,0,2006,3,5,8,3,0,3,1638
39099,4591,A05,0,A00,A0,A0,E0,0,0,2006,3,1129,862,235,503,-268,1537
39101,4591,A05,0,A00,A0,A0,E0,0,0,2006,3,36,35,6,7,-1,860
39103,4591,A05,0,A00,A0,A0,E0,0,0,2006,3,113,122,36,27,9,1201
39105,4591,A05,0,A00,A0,A0,E0,0,0,2006,3,11,10,0,,-1,720
39107,4591,A05,0,A00,A0,A0,E0,0,0,2006,3,16,16,,,0,991
39109,4591,A05,0,A00,A0,A0,E0,0,0,2006,3,156,153,29,31,-3,1584
39111,4591,A05,0,A00,A0,A0,E0,0,0,2006,3,,,0,0,,829
39113,4591,A05,0,A00,A0,A0,E0,0,0,2006,3,666,643,145,168,-23,1250
39117,4591,A05,0,A00,A0,A0,E0,0,0,2006,3,,,,,,692
39119,4591,A05,0,A00,A0,A0,E0,0,0,2006,3,80,82,15,13,2,1245
39123,4591,A05,0,A00,A0,A0,E0,0,0,2006,3,52,40,12,24,-12,1501
39127,4591,A05,0,A00,A0,A0,E0,0,0,2006,3,,,,,,744
39129,4591,A05,0,A00,A0,A0,E0,0,0,2006,3,8,7,6,7,-1,1240
39131,4591,A05,0,A00,A0,A0,E0,0,0,2006,3,4,3,0,,-1,1010
39133,4591,A05,0,A00,A0,A0,E0,0,0,2006,3,92,97,25,19,6,1771
39135,4591,A05,0,A00,A0,A0,E0,0,0,2006,3,,,0,,,1644
39139,4591,A05,0,A00,A0,A0,E0,0,0,2006,3,203,212,60,51,9,1140
39141,4591,A05,0,A00,A0,A0,E0,0,0,2006,3,61,62,15,14,1,778
39143,4591,A05,0,A00,A0,A0,E0,0,0,2006,3,42,38,7,11,-4,876
39145,4591,A05,0,A00,A0,A0,E0,0,0,2006,3,34,29,5,10,-5,1221
39147,4591,A05,0,A00,A0,A0,E0,0,0,2006,3,13,12,,,-1,1437
39149,4591,A05,0,A00,A0,A0,E0,0,0,2006,3,,,,,,1741
39151,4591,A05,0,A00,A0,A0,E0,0,0,2006,3,615,634,156,137,19,1288
39153,4591,A05,0,A00,A0,A0,E0,0,0,2006,3,1824,1803,341,362,-21,1179
39155,4591,A05,0,A00,A0,A0,E0,0,0,2006,3,356,342,75,90,-15,1059
39157,4591,A05,0,A00,A0,A0,E0,0,0,2006,3,69,76,16,10,7,1555
39159,4591,A05,0,A00,A0,A0,E0,0,0,2006,3,,,,,,1856
39161,4591,A05,0,A00,A0,A0,E0,0,0,2006,3,,,0,0,,1570
39165,4591,A05,0,A00,A0,A0,E0,0,0,2006,3,225,235,57,47,10,1188
39167,4591,A05,0,A00,A0,A0,E0,0,0,2006,3,62,56,10,16,-6,1246
39169,4591,A05,0,A00,A0,A0,E0,0,0,2006,3,139,151,40,28,13,1220
39171,4591,A05,0,A00,A0,A0,E0,0,0,2006,3,16,16,5,5,0,553
39173,4591,A05,0,A00,A0,A0,E0,0,0,2006,3,93,101,27,19,9,1067
39175,4591,A05,0,A00,A0,A0,E0,0,0,2006,3,,,,,,392
39,4591,A05,0,A00,A0,A0,E0,0,0,2006,3,17789,17448,3981,4322,-341,1267
39001,4591,A05,0,A00,A0,A0,E0,0,0,2006,4,,0,0,,,220
39003,4591,A05,0,A00,A0,A0,E0,0,0,2006,4,134,148,43,30,14,1266
39005,4591,A05,0,A00,A0,A0,E0,0,0,2006,4,19,10,,10,-9,1229
39007,4591,A05,0,A00,A0,A0,E0,0,0,2006,4,49,48,8,9,-1,1062
39009,4591,A05,0,A00,A0,A0,E0,0,0,2006,4,100,100,14,14,0,2598
39011,4591,A05,0,A00,A0,A0,E0,0,0,2006,4,76,73,14,17,-3,1137
39013,4591,A05,0,A00,A0,A0,E0,0,0,2006,4,78,87,45,36,9,1243
39015,4591,A05,0,A00,A0,A0,E0,0,0,2006,4,0,,,0,,
39017,4591,A05,0,A00,A0,A0,E0,0,0,2006,4,401,418,98,82,16,2410
39019,4591,A05,0,A00,A0,A0,E0,0,0,2006,4,,,0,0,,570
39023,4591,A05,0,A00,A0,A0,E0,0,0,2006,4,73,85,28,15,13,1378
39025,4591,A05,0,A00,A0,A0,E0,0,0,2006,4,261,280,92,74,19,1060
39029,4591,A05,0,A00,A0,A0,E0,0,0,2006,4,42,42,9,10,0,963
39031,4591,A05,0,A00,A0,A0,E0,0,0,2006,4,,,,,,1097
39035,4591,A05,0,A00,A0,A0,E0,0,0,2006,4,2107,2226,711,593,119,1451
39037,4591,A05,0,A00,A0,A0,E0,0,0,2006,4,26,24,,3,-2,1219
39039,4591,A05,0,A00,A0,A0,E0,0,0,2006,4,95,99,25,20,5,1714
39041,4591,A05,0,A00,A0,A0,E0,0,0,2006,4,290,333,123,80,43,1034
39043,4591,A05,0,A00,A0,A0,E0,0,0,2006,4,256,184,50,121,-71,1055
39045,4591,A05,0,A00,A0,A0,E0,0,0,2006,4,185,199,66,52,14,921
39047,4591,A05,0,A00,A0,A0,E0,0,0,2006,4,,,0,0,,1364
39049,4591,A05,0,A00,A0,A0,E0,0,0,2006,4,2149,2259,665,555,110,1305
39051,4591,A05,0,A00,A0,A0,E0,0,0,2006,4,55,73,27,8,18,1013
39053,4591,A05,0,A00,A0,A0,E0,0,0,2006,4,10,11,,0,1,1185
39055,4591,A05,0,A00,A0,A0,E0,0,0,2006,4,264,267,57,53,4,2311
39057,4591,A05,0,A00,A0,A0,E0,0,0,2006,4,308,332,124,100,23,1162
39059,4591,A05,0,A00,A0,A0,E0,0,0,2006,4,11,12,,,1,1939
39061,4591,A05,0,A00,A0,A0,E0,0,0,2006,4,1889,1987,594,495,99,1442
39063,4591,A05,0,A00,A0,A0,E0,0,0,2006,4,118,99,34,53,-19,1309
39067,4591,A05,0,A00,A0,A0,E0,0,0,2006,4,,,,,,121
39071,4591,A05,0,A00,A0,A0,E0,0,0,2006,4,9,9,5,5,0,606
39075,4591,A05,0,A00,A0,A0,E0,0,0,2006,4,131,129,14,17,-3,1216
39077,4591,A05,0,A00,A0,A0,E0,0,0,2006,4,22,20,,4,-3,566
39079,4591,A05,0,A00,A0,A0,E0,0,0,2006,4,5,5,0,,-1,1103
39081,4591,A05,0,A00,A0,A0,E0,0,0,2006,4,70,73,15,12,3,1032
39083,4591,A05,0,A00,A0,A0,E0,0,0,2006,4,134,141,45,38,7,3433
39085,4591,A05,0,A00,A0,A0,E0,0,0,2006,4,454,502,155,107,48,1275
39087,4591,A05,0,A00,A0,A0,E0,0,0,2006,4,24,18,4,10,-6,809
39089,4591,A05,0,A00,A0,A0,E0,0,0,2006,4,267,274,46,40,7,1935
39091,4591,A05,0,A00,A0,A0,E0,0,0,2006,4,30,55,34,10,24,1006
39093,4591,A05,0,A00,A0,A0,E0,0,0,2006,4,555,575,121,100,21,1588
39095,4591,A05,0,A00,A0,A0,E0,0,0,2006,4,823,890,310,243,67,1344
39097,4591,A05,0,A00,A0,A0,E0,0,0,2006,4,8,8,0,0,0,1520
39099,4591,A05,0,A00,A0,A0,E0,0,0,2006,4,867,929,290,227,62,1918
39101,4591,A05,0,A00,A0,A0,E0,0,0,2006,4,35,38,18,15,4,779
39103,4591,A05,0,A00,A0,A0,E0,0,0,2006,4,122,120,35,37,-2,1253
39105,4591,A05,0,A00,A0,A0,E0,0,0,2006,4,10,11,,,1,909
39107,4591,A05,0,A00,A0,A0,E0,0,0,2006,4,16,17,,,1,1113
39109,4591,A05,0,A00,A0,A0,E0,0,0,2006,4,153,137,31,47,-16,1503
39111,4591,A05,0,A00,A0,A0,E0,0,0,2006,4,,0,0,,,829
39113,4591,A05,0,A00,A0,A0,E0,0,0,2006,4,643,667,216,191,25,1340
39117,4591,A05,0,A00,A0,A0,E0,0,0,2006,4,,,0,,,599
39119,4591,A05,0,A00,A0,A0,E0,0,0,2006,4,82,88,32,26,6,1233
39123,4591,A05,0,A00,A0,A0,E0,0,0,2006,4,39,27,12,24,-12,872
39127,4591,A05,0,A00,A0,A0,E0,0,0,2006,4,,,,,,574
39129,4591,A05,0,A00,A0,A0,E0,0,0,2006,4,,,0,,,1110
39131,4591,A05,0,A00,A0,A0,E0,0,0,2006,4,,,0,,,1197
39133,4591,A05,0,A00,A0,A0,E0,0,0,2006,4,97,94,14,16,-3,1691
39135,4591,A05,0,A00,A0,A0,E0,0,0,2006,4,,,0,0,,1912
39139,4591,A05,0,A00,A0,A0,E0,0,0,2006,4,212,232,90,71,20,1215
39141,4591,A05,0,A00,A0,A0,E0,0,0,2006,4,62,63,12,10,1,872
39143,4591,A05,0,A00,A0,A0,E0,0,0,2006,4,38,39,6,6,0,936
39145,4591,A05,0,A00,A0,A0,E0,0,0,2006,4,29,22,9,16,-7,1269
39147,4591,A05,0,A00,A0,A0,E0,0,0,2006,4,12,12,,,0,1491
39149,4591,A05,0,A00,A0,A0,E0,0,0,2006,4,,,0,0,,1926
39151,4591,A05,0,A00,A0,A0,E0,0,0,2006,4,634,666,171,139,32,1515
39153,4591,A05,0,A00,A0,A0,E0,0,0,2006,4,1799,1916,576,459,117,1350
39155,4591,A05,0,A00,A0,A0,E0,0,0,2006,4,339,357,118,99,18,1257
39157,4591,A05,0,A00,A0,A0,E0,0,0,2006,4,75,79,21,17,4,1417
39159,4591,A05,0,A00,A0,A0,E0,0,0,2006,4,,,,,,1583
39161,4591,A05,0,A00,A0,A0,E0,0,0,2006,4,,,0,0,,1497
39165,4591,A05,0,A00,A0,A0,E0,0,0,2006,4,235,251,67,51,17,1329
39167,4591,A05,0,A00,A0,A0,E0,0,0,2006,4,56,50,8,13,-5,1482
39169,4591,A05,0,A00,A0,A0,E0,0,0,2006,4,152,157,34,28,5,1187
39171,4591,A05,0,A00,A0,A0,E0,0,0,2006,4,16,12,5,9,-4,561
39173,4591,A05,0,A00,A0,A0,E0,0,0,2006,4,101,107,34,28,6,1027
39175,4591,A05,0,A00,A0,A0,E0,0,0,2006,4,,,,,,470
39,4591,A05,0,A00,A0,A0,E0,0,0,2006,4,17453,18282,5401,4572,829,1434
39003,4591,A05,0,A00,A0,A0,E0,0,0,2007,1,210,191,22,42,-20,1144
39005,4591,A05,0,A00,A0,A0,E0,0,0,2007,1,64,63,5,6,-1,1593
39007,4591,A05,0,A00,A0,A0,E0,0,0,2007,1,48,46,4,5,-2,943
39009,4591,A05,0,A00,A0,A0,E0,0,0,2007,1,87,97,16,7,10,2145
39011,4591,A05,0,A00,A0,A0,E0,0,0,2007,1,70,75,14,9,5,1148
39013,4591,A05,0,A00,A0,A0,E0,0,0,2007,1,87,82,15,20,-5,1000
39015,4591,A05,0,A00,A0,A0,E0,0,0,2007,1,,,0,,,1207
39017,4591,A05,0,A00,A0,A0,E0,0,0,2007,1,457,438,47,65,-19,2574
39019,4591,A05,0,A00,A0,A0,E0,0,0,2007,1,,,0,0,,570
39023,4591,A05,0,A00,A0,A0,E0,0,0,2007,1,111,110,18,19,-1,1271
39025,4591,A05,0,A00,A0,A0,E0,0,0,2007,1,322,285,34,70,-36,996
39029,4591,A05,0,A00,A0,A0,E0,0,0,2007,1,42,40,5,7,-1,853
39031,4591,A05,0,A00,A0,A0,E0,0,0,2007,1,,,,,,715
39035,4591,A05,0,A00,A0,A0,E0,0,0,2007,1,2206,2003,281,484,-203,1299
39037,4591,A05,0,A00,A0,A0,E0,0,0,2007,1,24,27,4,,3,1235
39039,4591,A05,0,A00,A0,A0,E0,0,0,2007,1,99,95,9,13,-4,1363
39041,4591,A05,0,A00,A0,A0,E0,0,0,2007,1,332,282,24,74,-50,873
39043,4591,A05,0,A00,A0,A0,E0,0,0,2007,1,185,174,22,33,-11,1153
39045,4591,A05,0,A00,A0,A0,E0,0,0,2007,1,230,218,29,41,-12,877
39047,4591,A05,0,A00,A0,A0,E0,0,0,2007,1,12,15,8,4,3,742
39049,4591,A05,0,A00,A0,A0,E0,0,0,2007,1,2413,2270,321,464,-144,1142
39051,4591,A05,0,A00,A0,A0,E0,0,0,2007,1,73,52,6,27,-21,736
39053,4591,A05,0,A00,A0,A0,E0,0,0,2007,1,11,11,,,0,1067
39055,4591,A05,0,A00,A0,A0,E0,0,0,2007,1,267,262,36,41,-4,1913
39057,4591,A05,0,A00,A0,A0,E0,0,0,2007,1,332,284,31,79,-48,962
39059,4591,A05,0,A00,A0,A0,E0,0,0,2007,1,12,13,,,1,1650
39061,4591,A05,0,A00,A0,A0,E0,0,0,2007,1,2080,1904,247,423,-176,1225
39063,4591,A05,0,A00,A0,A0,E0,0,0,2007,1,130,120,14,24,-10,1200
39067,4591,A05,0,A00,A0,A0,E0,0,0,2007,1,,,0,,,125
39071,4591,A05,0,A00,A0,A0,E0,0,0,2007,1,9,8,,,-1,858
39073,4591,A05,0,A00,A0,A0,E0,0,0,2007,1,,,0,,,1754
39075,4591,A05,0,A00,A0,A0,E0,0,0,2007,1,128,128,13,13,-1,1214
39077,4591,A05,0,A00,A0,A0,E0,0,0,2007,1,20,16,,5,-4,618
39079,4591,A05,0,A00,A0,A0,E0,0,0,2007,1,,,0,0,,1286
39081,4591,A05,0,A00,A0,A0,E0,0,0,2007,1,73,68,6,12,-6,855
39083,4591,A05,0,A00,A0,A0,E0,0,0,2007,1,129,124,36,41,-4,891
39085,4591,A05,0,A00,A0,A0,E0,0,0,2007,1,504,446,50,108,-58,1094
39087,4591,A05,0,A00,A0,A0,E0,0,0,2007,1,18,21,6,4,3,830
39089,4591,A05,0,A00,A0,A0,E0,0,0,2007,1,299,308,53,44,9,1357
39091,4591,A05,0,A00,A0,A0,E0,0,0,2007,1,54,29,5,30,-25,611
39093,4591,A05,0,A00,A0,A0,E0,0,0,2007,1,359,314,25,70,-45,1011
39095,4591,A05,0,A00,A0,A0,E0,0,0,2007,1,926,823,116,219,-103,1156
39097,4591,A05,0,A00,A0,A0,E0,0,0,2007,1,8,6,0,,-2,1163
39099,4591,A05,0,A00,A0,A0,E0,0,0,2007,1,924,842,95,177,-81,1633
39101,4591,A05,0,A00,A0,A0,E0,0,0,2007,1,57,78,29,8,21,879
39103,4591,A05,0,A00,A0,A0,E0,0,0,2007,1,149,149,22,22,0,1187
39105,4591,A05,0,A00,A0,A0,E0,0,0,2007,1,11,12,,0,1,800
39107,4591,A05,0,A00,A0,A0,E0,0,0,2007,1,17,20,4,0,4,1052
39109,4591,A05,0,A00,A0,A0,E0,0,0,2007,1,137,122,10,25,-15,1385
39111,4591,A05,0,A00,A0,A0,E0,0,0,2007,1,0,0,,,0,
39113,4591,A05,0,A00,A0,A0,E0,0,0,2007,1,760,702,107,165,-58,1189
39117,4591,A05,0,A00,A0,A0,E0,0,0,2007,1,,,0,,,1198
39119,4591,A05,0,A00,A0,A0,E0,0,0,2007,1,119,110,18,27,-9,1246
39123,4591,A05,0,A00,A0,A0,E0,0,0,2007,1,21,18,,4,-3,522
39127,4591,A05,0,A00,A0,A0,E0,0,0,2007,1,,,,,,467
39129,4591,A05,0,A00,A0,A0,E0,0,0,2007,1,,,0,0,,1544
39131,4591,A05,0,A00,A0,A0,E0,0,0,2007,1,,,0,0,,1417
39133,4591,A05,0,A00,A0,A0,E0,0,0,2007,1,97,96,9,10,0,1765
39135,4591,A05,0,A00,A0,A0,E0,0,0,2007,1,,,0,0,,1639
39139,4591,A05,0,A00,A0,A0,E0,0,0,2007,1,257,232,27,53,-26,1137
39141,4591,A05,0,A00,A0,A0,E0,0,0,2007,1,95,95,15,14,0,925
39143,4591,A05,0,A00,A0,A0,E0,0,0,2007,1,39,38,3,4,0,933
39145,4591,A05,0,A00,A0,A0,E0,0,0,2007,1,22,27,10,4,5,1261
39147,4591,A05,0,A00,A0,A0,E0,0,0,2007,1,12,11,0,,-1,1439
39149,4591,A05,0,A00,A0,A0,E0,0,0,2007,1,,,,,,1977
39151,4591,A05,0,A00,A0,A0,E0,0,0,2007,1,641,591,62,113,-51,1136
39153,4591,A05,0,A00,A0,A0,E0,0,0,2007,1,1902,1674,163,391,-228,1088
39155,4591,A05,0,A00,A0,A0,E0,0,0,2007,1,382,338,30,74,-44,954
39157,4591,A05,0,A00,A0,A0,E0,0,0,2007,1,79,73,8,13,-6,1275
39159,4591,A05,0,A00,A0,A0,E0,0,0,2007,1,,,0,,,1960
39161,4591,A05,0,A00,A0,A0,E0,0,0,2007,1,,,0,0,,1091
39165,4591,A05,0,A00,A0,A0,E0,0,0,2007,1,305,280,41,66,-25,1133
39167,4591,A05,0,A00,A0,A0,E0,0,0,2007,1,50,49,5,7,-2,1355
39169,4591,A05,0,A00,A0,A0,E0,0,0,2007,1,162,151,16,27,-11,1107
39171,4591,A05,0,A00,A0,A0,E0,0,0,2007,1,12,13,8,7,1,894
39173,4591,A05,0,A00,A0,A0,E0,0,0,2007,1,107,90,8,26,-17,909
39175,4591,A05,0,A00,A0,A0,E0,0,0,2007,1,,,,,,421
39,4591,A05,0,A00,A0,A0,E0,0,0,2007,1,18897,17362,2232,3768,-1536,1221
39001,4591,A05,0,A00,A0,A0,E0,0,0,2007,2,0,,,0,,
39003,4591,A05,0,A00,A0,A0,E0,0,0,2007,2,191,192,35,33,1,1261
39005,4591,A05,0,A00,A0,A0,E0,0,0,2007,2,63,69,13,7,6,1835
39007,4591,A05,0,A00,A0,A0,E0,0,0,2007,2,46,55,20,11,9,1119
39009,4591,A05,0,A00,A0,A0,E0,0,0,2007,2,97,92,13,18,-5,2108
39011,4591,A05,0,A00,A0,A0,E0,0,0,2007,2,75,78,21,18,3,1221
39013,4591,A05,0,A00,A0,A0,E0,0,0,2007,2,82,79,12,15,-3,1236
39015,4591,A05,0,A00,A0,A0,E0,0,0,2007,2,,,0,,,1093
39017,4591,A05,0,A00,A0,A0,E0,0,0,2007,2,438,468,110,81,30,2411
39019,4591,A05,0,A00,A0,A0,E0,0,0,2007,2,,,,,,237
39023,4591,A05,0,A00,A0,A0,E0,0,0,2007,2,110,103,21,28,-7,1243
39025,4591,A05,0,A00,A0,A0,E0,0,0,2007,2,286,260,50,75,-26,1053
39027,4591,A05,0,A00,A0,A0,E0,0,0,2007,2,0,,,0,,
39029,4591,A05,0,A00,A0,A0,E0,0,0,2007,2,40,38,6,8,-2,878
39031,4591,A05,0,A00,A0,A0,E0,0,0,2007,2,12,17,5,0,5,850
39035,4591,A05,0,A00,A0,A0,E0,0,0,2007,2,2000,2033,418,385,33,1405
39037,4591,A05,0,A00,A0,A0,E0,0,0,2007,2,27,29,3,,1,1179
39039,4591,A05,0,A00,A0,A0,E0,0,0,2007,2,95,99,27,24,4,2144
39041,4591,A05,0,A00,A0,A0,E0,0,0,2007,2,281,279,53,56,-2,1072
39043,4591,A05,0,A00,A0,A0,E0,0,0,2007,2,174,274,138,38,100,1371
39045,4591,A05,0,A00,A0,A0,E0,0,0,2007,2,218,218,34,35,0,1009
39047,4591,A05,0,A00,A0,A0,E0,0,0,2007,2,15,14,,3,-1,1086
39049,4591,A05,0,A00,A0,A0,E0,0,0,2007,2,2268,2336,501,433,68,1287
39051,4591,A05,0,A00,A0,A0,E0,0,0,2007,2,52,50,,4,-2,771
39053,4591,A05,0,A00,A0,A0,E0,0,0,2007,2,11,12,,0,1,1155
39055,4591,A05,0,A00,A0,A0,E0,0,0,2007,2,263,274,56,44,11,2002
39057,4591,A05,0,A00,A0,A0,E0,0,0,2007,2,285,276,66,75,-9,1133
39059,4591,A05,0,A00,A0,A0,E0,0,0,2007,2,13,12,,3,-1,1423
39061,4591,A05,0,A00,A0,A0,E0,0,0,2007,2,1905,1925,400,380,20,1395
39063,4591,A05,0,A00,A0,A0,E0,0,0,2007,2,120,167,83,36,46,1352
39067,4591,A05,0,A00,A0,A0,E0,0,0,2007,2,,,0,0,,158
39071,4591,A05,0,A00,A0,A0,E0,0,0,2007,2,8,13,6,,4,869
39073,4591,A05,0,A00,A0,A0,E0,0,0,2007,2,,,,,,2050
39075,4591,A05,0,A00,A0,A0,E0,0,0,2007,2,128,128,12,13,-1,1189
39077,4591,A05,0,A00,A0,A0,E0,0,0,2007,2,16,16,,,0,694
39079,4591,A05,0,A00,A0,A0,E0,0,0,2007,2,5,5,,0,1,1286
39081,4591,A05,0,A00,A0,A0,E0,0,0,2007,2,67,68,11,10,1,1018
39083,4591,A05,0,A00,A0,A0,E0,0,0,2007,2,124,143,72,53,19,987
39085,4591,A05,0,A00,A0,A0,E0,0,0,2007,2,451,433,63,81,-18,1251
39087,4591,A05,0,A00,A0,A0,E0,0,0,2007,2,21,20,4,5,-1,908
39089,4591,A05,0,A00,A0,A0,E0,0,0,2007,2,307,306,49,50,-1,1717
39091,4591,A05,0,A00,A0,A0,E0,0,0,2007,2,29,32,9,7,2,982
39093,4591,A05,0,A00,A0,A0,E0,0,0,2007,2,313,323,63,54,9,1164
39095,4591,A05,0,A00,A0,A0,E0,0,0,2007,2,826,813,181,194,-12,1293
39097,4591,A05,0,A00,A0,A0,E0,0,0,2007,2,,,0,,,1011
39099,4591,A05,0,A00,A0,A0,E0,0,0,2007,2,842,1179,492,155,337,1767
39101,4591,A05,0,A00,A0,A0,E0,0,0,2007,2,78,57,17,38,-21,786
39103,4591,A05,0,A00,A0,A0,E0,0,0,2007,2,149,150,32,31,1,1242
39105,4591,A05,0,A00,A0,A0,E0,0,0,2007,2,12,12,0,0,0,755
39107,4591,A05,0,A00,A0,A0,E0,0,0,2007,2,20,17,0,4,-4,1077
39109,4591,A05,0,A00,A0,A0,E0,0,0,2007,2,121,164,53,10,43,1768
39111,4591,A05,0,A00,A0,A0,E0,0,0,2007,2,0,,,0,,
39113,4591,A05,0,A00,A0,A0,E0,0,0,2007,2,702,720,156,138,18,1253
39117,4591,A05,0,A00,A0,A0,E0,0,0,2007,2,,,,,,1312
39119,4591,A05,0,A00,A0,A0,E0,0,0,2007,2,110,102,12,21,-8,1204
39123,4591,A05,0,A00,A0,A0,E0,0,0,2007,2,18,46,37,9,28,1345
39127,4591,A05,0,A00,A0,A0,E0,0,0,2007,2,,,0,,,736
39129,4591,A05,0,A00,A0,A0,E0,0,0,2007,2,5,9,6,,5,1526
39131,4591,A05,0,A00,A0,A0,E0,0,0,2007,2,,,0,0,,1358
39133,4591,A05,0,A00,A0,A0,E0,0,0,2007,2,96,100,19,16,3,1869
39135,4591,A05,0,A00,A0,A0,E0,0,0,2007,2,,,0,0,,1710
39139,4591,A05,0,A00,A0,A0,E0,0,0,2007,2,231,220,34,45,-11,1205
39141,4591,A05,0,A00,A0,A0,E0,0,0,2007,2,95,95,15,15,0,978
39143,4591,A05,0,A00,A0,A0,E0,0,0,2007,2,38,39,7,7,1,1139
39145,4591,A05,0,A00,A0,A0,E0,0,0,2007,2,27,28,4,3,1,1341
39147,4591,A05,0,A00,A0,A0,E0,0,0,2007,2,11,11,0,0,0,1673
39149,4591,A05,0,A00,A0,A0,E0,0,0,2007,2,7,7,3,3,0,1642
39151,4591,A05,0,A00,A0,A0,E0,0,0,2007,2,596,608,115,103,12,1267
39153,4591,A05,0,A00,A0,A0,E0,0,0,2007,2,1673,1696,305,282,23,1271
39155,4591,A05,0,A00,A0,A0,E0,0,0,2007,2,338,353,76,60,16,1142
39157,4591,A05,0,A00,A0,A0,E0,0,0,2007,2,74,72,14,15,-1,1292
39159,4591,A05,0,A00,A0,A0,E0,0,0,2007,2,,,,,,3170
39161,4591,A05,0,A00,A0,A0,E0,0,0,2007,2,,,,,,1266
39165,4591,A05,0,A00,A0,A0,E0,0,0,2007,2,279,261,67,85,-18,1231
39167,4591,A05,0,A00,A0,A0,E0,0,0,2007,2,49,60,17,5,12,1893
39169,4591,A05,0,A00,A0,A0,E0,0,0,2007,2,152,164,39,27,12,1103
39171,4591,A05,0,A00,A0,A0,E0,0,0,2007,2,13,17,6,3,4,749
39173,4591,A05,0,A00,A0,A0,E0,0,0,2007,2,91,97,32,27,6,1119
39175,4591,A05,0,A00,A0,A0,E0,0,0,2007,2,,,,,,361
39,4591,A05,0,A00,A0,A0,E0,0,0,2007,2,17370,18111,4139,3398,741,1361
39001,4591,A05,0,A00,A0,A0,E0,0,0,2007,3,,0,0,,,1099
39003,4591,A05,0,A00,A0,A0,E0,0,0,2007,3,192,192,34,34,0,1281
39005,4591,A05,0,A00,A0,A0,E0,0,0,2007,3,69,71,14,12,2,1518
39007,4591,A05,0,A00,A0,A0,E0,0,0,2007,3,55,50,11,17,-6,1138
39009,4591,A05,0,A00,A0,A0,E0,0,0,2007,3,92,92,8,8,0,2174
39011,4591,A05,0,A00,A0,A0,E0,0,0,2007,3,78,82,16,12,4,1367
39013,4591,A05,0,A00,A0,A0,E0,0,0,2007,3,79,85,16,9,6,1235
39015,4591,A05,0,A00,A0,A0,E0,0,0,2007,3,,,,0,,2166
39017,4591,A05,0,A00,A0,A0,E0,0,0,2007,3,468,482,102,88,14,2053
39019,4591,A05,0,A00,A0,A0,E0,0,0,2007,3,,,0,0,,426
39023,4591,A05,0,A00,A0,A0,E0,0,0,2007,3,103,106,23,21,2,1354
39025,4591,A05,0,A00,A0,A0,E0,0,0,2007,3,260,257,55,57,-2,1179
39027,4591,A05,0,A00,A0,A0,E0,0,0,2007,3,,,0,0,,617
39029,4591,A05,0,A00,A0,A0,E0,0,0,2007,3,38,37,7,7,0,998
39031,4591,A05,0,A00,A0,A0,E0,0,0,2007,3,17,22,10,4,6,771
39035,4591,A05,0,A00,A0,A0,E0,0,0,2007,3,2034,2044,471,460,11,1410
39037,4591,A05,0,A00,A0,A0,E0,0,0,2007,3,29,28,,,-1,1120
39039,4591,A05,0,A00,A0,A0,E0,0,0,2007,3,99,96,19,22,-3,1526
39041,4591,A05,0,A00,A0,A0,E0,0,0,2007,3,280,303,84,61,23,1044
39043,4591,A05,0,A00,A0,A0,E0,0,0,2007,3,274,249,43,68,-25,1043
39045,4591,A05,0,A00,A0,A0,E0,0,0,2007,3,218,229,48,37,11,1058
39047,4591,A05,0,A00,A0,A0,E0,0,0,2007,3,14,14,6,6,0,1055
39049,4591,A05,0,A00,A0,A0,E0,0,0,2007,3,2337,2381,549,506,44,1265
39051,4591,A05,0,A00,A0,A0,E0,0,0,2007,3,50,57,8,,7,942
39053,4591,A05,0,A00,A0,A0,E0,0,0,2007,3,12,12,4,5,0,953
39055,4591,A05,0,A00,A0,A0,E0,0,0,2007,3,273,264,50,60,-10,1781
39057,4591,A05,0,A00,A0,A0,E0,0,0,2007,3,276,271,63,67,-4,1100
39059,4591,A05,0,A00,A0,A0,E0,0,0,2007,3,12,14,4,,2,1691
39061,4591,A05,0,A00,A0,A0,E0,0,0,2007,3,1926,1903,415,438,-23,1339
39063,4591,A05,0,A00,A0,A0,E0,0,0,2007,3,167,128,30,68,-39,1022
39067,4591,A05,0,A00,A0,A0,E0,0,0,2007,3,,,,,,272
39071,4591,A05,0,A00,A0,A0,E0,0,0,2007,3,13,14,3,,1,1083
39073,4591,A05,0,A00,A0,A0,E0,0,0,2007,3,12,13,,0,1,1798
39075,4591,A05,0,A00,A0,A0,E0,0,0,2007,3,126,128,12,10,2,1241
39077,4591,A05,0,A00,A0,A0,E0,0,0,2007,3,16,17,3,,1,720
39079,4591,A05,0,A00,A0,A0,E0,0,0,2007,3,5,5,0,,-1,1240
39081,4591,A05,0,A00,A0,A0,E0,0,0,2007,3,68,66,11,14,-3,917
39083,4591,A05,0,A00,A0,A0,E0,0,0,2007,3,143,164,77,56,21,924
39085,4591,A05,0,A00,A0,A0,E0,0,0,2007,3,434,446,100,88,12,1337
39087,4591,A05,0,A00,A0,A0,E0,0,0,2007,3,20,21,5,5,0,901
39089,4591,A05,0,A00,A0,A0,E0,0,0,2007,3,313,290,31,55,-23,1432
39091,4591,A05,0,A00,A0,A0,E0,0,0,2007,3,32,31,7,8,-1,716
39093,4591,A05,0,A00,A0,A0,E0,0,0,2007,3,322,320,67,68,-2,1219
39095,4591,A05,0,A00,A0,A0,E0,0,0,2007,3,813,786,154,181,-27,1253
39097,4591,A05,0,A00,A0,A0,E0,0,0,2007,3,,,,,,796
39099,4591,A05,0,A00,A0,A0,E0,0,0,2007,3,1179,866,250,563,-313,1514
39101,4591,A05,0,A00,A0,A0,E0,0,0,2007,3,57,57,16,16,0,1054
39103,4591,A05,0,A00,A0,A0,E0,0,0,2007,3,150,152,25,23,3,1320
39105,4591,A05,0,A00,A0,A0,E0,0,0,2007,3,12,13,,0,1,735
39107,4591,A05,0,A00,A0,A0,E0,0,0,2007,3,17,16,,,-1,1114
39109,4591,A05,0,A00,A0,A0,E0,0,0,2007,3,164,146,43,61,-18,1637
39111,4591,A05,0,A00,A0,A0,E0,0,0,2007,3,,,0,0,,829
39113,4591,A05,0,A00,A0,A0,E0,0,0,2007,3,720,730,173,163,10,1273
39117,4591,A05,0,A00,A0,A0,E0,0,0,2007,3,,,,,,572
39119,4591,A05,0,A00,A0,A0,E0,0,0,2007,3,102,107,22,17,6,1329
39123,4591,A05,0,A00,A0,A0,E0,0,0,2007,3,46,36,6,16,-10,1466
39127,4591,A05,0,A00,A0,A0,E0,0,0,2007,3,,,,,,1001
39129,4591,A05,0,A00,A0,A0,E0,0,0,2007,3,9,3,,8,-6,997
39131,4591,A05,0,A00,A0,A0,E0,0,0,2007,3,,,0,0,,1333
39133,4591,A05,0,A00,A0,A0,E0,0,0,2007,3,100,104,26,22,4,1862
39135,4591,A05,0,A00,A0,A0,E0,0,0,2007,3,,,0,0,,1783
39139,4591,A05,0,A00,A0,A0,E0,0,0,2007,3,221,234,61,48,13,1227
39141,4591,A05,0,A00,A0,A0,E0,0,0,2007,3,95,98,22,19,3,976
39143,4591,A05,0,A00,A0,A0,E0,0,0,2007,3,39,37,8,9,-2,1097
39145,4591,A05,0,A00,A0,A0,E0,0,0,2007,3,28,28,3,3,0,1177
39147,4591,A05,0,A00,A0,A0,E0,0,0,2007,3,11,10,0,,-1,1609
39149,4591,A05,0,A00,A0,A0,E0,0,0,2007,3,,,,,,1342
39151,4591,A05,0,A00,A0,A0,E0,0,0,2007,3,609,578,109,140,-31,1232
39153,4591,A05,0,A00,A0,A0,E0,0,0,2007,3,1696,1697,318,318,1,1237
39155,4591,A05,0,A00,A0,A0,E0,0,0,2007,3,354,334,72,93,-20,1074
39157,4591,A05,0,A00,A0,A0,E0,0,0,2007,3,72,78,19,13,6,1450
39159,4591,A05,0,A00,A0,A0,E0,0,0,2007,3,,,,,,3132
39161,4591,A05,0,A00,A0,A0,E0,0,0,2007,3,4,5,5,4,1,1121
39165,4591,A05,0,A00,A0,A0,E0,0,0,2007,3,261,257,79,83,-4,1256
39167,4591,A05,0,A00,A0,A0,E0,0,0,2007,3,60,53,4,12,-8,1377
39169,4591,A05,0,A00,A0,A0,E0,0,0,2007,3,163,167,42,39,3,1124
39171,4591,A05,0,A00,A0,A0,E0,0,0,2007,3,17,14,5,7,-3,699
39173,4591,A05,0,A00,A0,A0,E0,0,0,2007,3,103,102,23,24,-1,1119
39175,4591,A05,0,A00,A0,A0,E0,0,0,2007,3,,,,,,398
39,4591,A05,0,A00,A0,A0,E0,0,0,2007,3,18129,17763,3916,4282,-366,1317
39003,4591,A05,0,A00,A0,A0,E0,0,0,2007,4,185,198,60,47,13,1352
39005,4591,A05,0,A00,A0,A0,E0,0,0,2007,4,71,72,10,10,0,2057
39007,4591,A05,0,A00,A0,A0,E0,0,0,2007,4,50,49,10,12,-1,1062
39009,4591,A05,0,A00,A0,A0,E0,0,0,2007,4,92,89,12,15,-3,2770
39011,4591,A05,0,A00,A0,A0,E0,0,0,2007,4,82,70,9,21,-12,1179
39013,4591,A05,0,A00,A0,A0,E0,0,0,2007,4,85,84,44,46,-1,1238
39015,4591,A05,0,A00,A0,A0,E0,0,0,2007,4,,,,0,,1739
39017,4591,A05,0,A00,A0,A0,E0,0,0,2007,4,482,492,104,94,10,2384
39019,4591,A05,0,A00,A0,A0,E0,0,0,2007,4,,,0,0,,518
39023,4591,A05,0,A00,A0,A0,E0,0,0,2007,4,106,102,13,17,-4,1280
39025,4591,A05,0,A00,A0,A0,E0,0,0,2007,4,257,301,117,73,44,1266
39029,4591,A05,0,A00,A0,A0,E0,0,0,2007,4,37,39,7,6,1,908
39031,4591,A05,0,A00,A0,A0,E0,0,0,2007,4,22,18,0,5,-5,925
39035,4591,A05,0,A00,A0,A0,E0,0,0,2007,4,2046,2206,663,504,160,1526
39037,4591,A05,0,A00,A0,A0,E0,0,0,2007,4,28,29,,0,1,1240
39039,4591,A05,0,A00,A0,A0,E0,0,0,2007,4,96,98,19,17,2,1822
39041,4591,A05,0,A00,A0,A0,E0,0,0,2007,4,302,337,105,70,35,1086
39043,4591,A05,0,A00,A0,A0,E0,0,0,2007,4,250,192,76,134,-58,1067
39045,4591,A05,0,A00,A0,A0,E0,0,0,2007,4,229,235,53,47,6,1107
39047,4591,A05,0,A00,A0,A0,E0,0,0,2007,4,14,19,8,3,5,1180
39049,4591,A05,0,A00,A0,A0,E0,0,0,2007,4,2385,2585,786,586,200,1339
39051,4591,A05,0,A00,A0,A0,E0,0,0,2007,4,57,84,33,7,27,1035
39053,4591,A05,0,A00,A0,A0,E0,0,0,2007,4,12,9,,4,-3,1180
39055,4591,A05,0,A00,A0,A0,E0,0,0,2007,4,264,277,62,49,13,2290
39057,4591,A05,0,A00,A0,A0,E0,0,0,2007,4,269,294,109,84,25,1240
39059,4591,A05,0,A00,A0,A0,E0,0,0,2007,4,14,16,10,8,2,1461
39061,4591,A05,0,A00,A0,A0,E0,0,0,2007,4,1903,2030,598,471,127,1462
39063,4591,A05,0,A00,A0,A0,E0,0,0,2007,4,128,131,38,35,3,1527
39067,4591,A05,0,A00,A0,A0,E0,0,0,2007,4,,,0,,,535
39071,4591,A05,0,A00,A0,A0,E0,0,0,2007,4,14,9,0,5,-5,843
39073,4591,A05,0,A00,A0,A0,E0,0,0,2007,4,13,17,4,,3,2191
39075,4591,A05,0,A00,A0,A0,E0,0,0,2007,4,129,132,12,10,2,1275
39077,4591,A05,0,A00,A0,A0,E0,0,0,2007,4,17,18,3,,1,673
39079,4591,A05,0,A00,A0,A0,E0,0,0,2007,4,,,0,0,,2447
39081,4591,A05,0,A00,A0,A0,E0,0,0,2007,4,65,73,17,9,8,1103
39083,4591,A05,0,A00,A0,A0,E0,0,0,2007,4,164,168,69,64,5,1020
39085,4591,A05,0,A00,A0,A0,E0,0,0,2007,4,446,494,151,103,48,1376
39087,4591,A05,0,A00,A0,A0,E0,0,0,2007,4,21,19,,,-1,1053
39089,4591,A05,0,A00,A0,A0,E0,0,0,2007,4,289,298,66,57,9,1885
39091,4591,A05,0,A00,A0,A0,E0,0,0,2007,4,31,50,29,10,20,850
39093,4591,A05,0,A00,A0,A0,E0,0,0,2007,4,320,331,113,102,10,1271
39095,4591,A05,0,A00,A0,A0,E0,0,0,2007,4,786,875,307,218,89,1462
39097,4591,A05,0,A00,A0,A0,E0,0,0,2007,4,,,,0,,1154
39099,4591,A05,0,A00,A0,A0,E0,0,0,2007,4,866,944,302,225,78,1875
39101,4591,A05,0,A00,A0,A0,E0,0,0,2007,4,57,66,27,18,10,1055
39103,4591,A05,0,A00,A0,A0,E0,0,0,2007,4,152,160,51,43,8,1351
39105,4591,A05,0,A00,A0,A0,E0,0,0,2007,4,13,12,0,,-1,832
39107,4591,A05,0,A00,A0,A0,E0,0,0,2007,4,16,15,5,6,-1,1312
39109,4591,A05,0,A00,A0,A0,E0,0,0,2007,4,146,125,21,42,-22,1744
39111,4591,A05,0,A00,A0,A0,E0,0,0,2007,4,,,0,0,,829
39113,4591,A05,0,A00,A0,A0,E0,0,0,2007,4,734,777,248,206,43,1441
39117,4591,A05,0,A00,A0,A0,E0,0,0,2007,4,,,,,,578
39119,4591,A05,0,A00,A0,A0,E0,0,0,2007,4,107,123,41,25,16,1412
39123,4591,A05,0,A00,A0,A0,E0,0,0,2007,4,36,10,3,30,-26,733
39127,4591,A05,0,A00,A0,A0,E0,0,0,2007,4,,,,,,1072
39129,4591,A05,0,A00,A0,A0,E0,0,0,2007,4,,,,,,1178
39131,4591,A05,0,A00,A0,A0,E0,0,0,2007,4,,,0,0,,1361
39133,4591,A05,0,A00,A0,A0,E0,0,0,2007,4,104,94,12,22,-10,1680
39135,4591,A05,0,A00,A0,A0,E0,0,0,2007,4,,,0,0,,1893
39139,4591,A05,0,A00,A0,A0,E0,0,0,2007,4,240,257,93,76,17,1265
39141,4591,A05,0,A00,A0,A0,E0,0,0,2007,4,98,100,22,20,2,1031
39143,4591,A05,0,A00,A0,A0,E0,0,0,2007,4,37,37,12,12,-1,1077
39145,4591,A05,0,A00,A0,A0,E0,0,0,2007,4,28,26,,4,-2,1158
39147,4591,A05,0,A00,A0,A0,E0,0,0,2007,4,10,10,,,0,1808
39149,4591,A05,0,A00,A0,A0,E0,0,0,2007,4,7,9,,0,2,1464
39151,4591,A05,0,A00,A0,A0,E0,0,0,2007,4,579,616,176,139,37,1399
39153,4591,A05,0,A00,A0,A0,E0,0,0,2007,4,1702,1825,502,379,123,1363
39155,4591,A05,0,A00,A0,A0,E0,0,0,2007,4,334,370,127,91,36,1233
39157,4591,A05,0,A00,A0,A0,E0,0,0,2007,4,79,83,22,18,4,1362
39159,4591,A05,0,A00,A0,A0,E0,0,0,2007,4,8,14,6,,5,2573
39161,4591,A05,0,A00,A0,A0,E0,0,0,2007,4,5,6,3,,2,1475
39165,4591,A05,0,A00,A0,A0,E0,0,0,2007,4,255,293,114,76,38,1404
39167,4591,A05,0,A00,A0,A0,E0,0,0,2007,4,53,47,4,10,-6,1737
39169,4591,A05,0,A00,A0,A0,E0,0,0,2007,4,167,169,44,43,2,1135
39171,4591,A05,0,A00,A0,A0,E0,0,0,2007,4,,,,0,,736
39173,4591,A05,0,A00,A0,A0,E0,0,0,2007,4,102,107,30,25,5,1088
39175,4591,A05,0,A00,A0,A0,E0,0,0,2007,4,,,,,,551
39,4591,A05,0,A00,A0,A0,E0,0,0,2007,4,17771,18900,5603,4474,1129,1453
39003,4591,A05,0,A00,A0,A0,E0,0,0,2008,1,198,180,22,39,-18,1188
39005,4591,A05,0,A00,A0,A0,E0,0,0,2008,1,72,70,6,8,-2,1538
39007,4591,A05,0,A00,A0,A0,E0,0,0,2008,1,49,41,,10,-8,980
39009,4591,A05,0,A00,A0,A0,E0,0,0,2008,1,93,95,13,11,2,2109
39011,4591,A05,0,A00,A0,A0,E0,0,0,2008,1,70,65,4,8,-5,1183
39013,4591,A05,0,A00,A0,A0,E0,0,0,2008,1,89,77,10,21,-11,1074
39015,4591,A05,0,A00,A0,A0,E0,0,0,2008,1,,,,,,1198
39017,4591,A05,0,A00,A0,A0,E0,0,0,2008,1,530,491,50,89,-38,2396
39019,4591,A05,0,A00,A0,A0,E0,0,0,2008,1,,,0,0,,564
39023,4591,A05,0,A00,A0,A0,E0,0,0,2008,1,102,103,15,14,1,1365
39025,4591,A05,0,A00,A0,A0,E0,0,0,2008,1,302,258,27,71,-44,1040
39029,4591,A05,0,A00,A0,A0,E0,0,0,2008,1,47,44,3,6,-3,768
39031,4591,A05,0,A00,A0,A0,E0,0,0,2008,1,18,20,,,1,739
39033,4591,A05,0,A00,A0,A0,E0,0,0,2008,1,,,0,0,,1379
39035,4591,A05,0,A00,A0,A0,E0,0,0,2008,1,2224,2005,238,458,-219,1358
39037,4591,A05,0,A00,A0,A0,E0,0,0,2008,1,33,32,5,6,-1,1085
39039,4591,A05,0,A00,A0,A0,E0,0,0,2008,1,98,91,11,18,-7,1437
39041,4591,A05,0,A00,A0,A0,E0,0,0,2008,1,339,294,34,80,-45,990
39043,4591,A05,0,A00,A0,A0,E0,0,0,2008,1,183,160,21,44,-23,1152
39045,4591,A05,0,A00,A0,A0,E0,0,0,2008,1,233,209,11,35,-24,975
39047,4591,A05,0,A00,A0,A0,E0,0,0,2008,1,22,21,,,-1,858
39049,4591,A05,0,A00,A0,A0,E0,0,0,2008,1,2576,2372,303,507,-204,1180
39051,4591,A05,0,A00,A0,A0,E0,0,0,2008,1,84,46,5,43,-38,598
39053,4591,A05,0,A00,A0,A0,E0,0,0,2008,1,,,0,,,1026
39055,4591,A05,0,A00,A0,A0,E0,0,0,2008,1,277,262,26,42,-15,1952
39057,4591,A05,0,A00,A0,A0,E0,0,0,2008,1,294,263,38,70,-31,995
39059,4591,A05,0,A00,A0,A0,E0,0,0,2008,1,16,16,4,3,1,1694
39061,4591,A05,0,A00,A0,A0,E0,0,0,2008,1,2055,1795,230,490,-260,1281
39063,4591,A05,0,A00,A0,A0,E0,0,0,2008,1,131,115,13,29,-16,1159
39067,4591,A05,0,A00,A0,A0,E0,0,0,2008,1,,0,0,,,358
39071,4591,A05,0,A00,A0,A0,E0,0,0,2008,1,9,7,0,,-2,814
39073,4591,A05,0,A00,A0,A0,E0,0,0,2008,1,17,15,,,-2,1522
39075,4591,A05,0,A00,A0,A0,E0,0,0,2008,1,122,114,11,19,-8,1153
39077,4591,A05,0,A00,A0,A0,E0,0,0,2008,1,18,15,0,3,-3,657
39079,4591,A05,0,A00,A0,A0,E0,0,0,2008,1,,,0,0,,1286
39081,4591,A05,0,A00,A0,A0,E0,0,0,2008,1,78,70,2,11,-8,937
39083,4591,A05,0,A00,A0,A0,E0,0,0,2008,1,112,91,24,45,-21,792
39085,4591,A05,0,A00,A0,A0,E0,0,0,2008,1,495,439,38,94,-56,1172
39087,4591,A05,0,A00,A0,A0,E0,0,0,2008,1,19,20,,,1,855
39089,4591,A05,0,A00,A0,A0,E0,0,0,2008,1,300,290,52,62,-10,1451
39091,4591,A05,0,A00,A0,A0,E0,0,0,2008,1,50,29,5,27,-22,611
39093,4591,A05,0,A00,A0,A0,E0,0,0,2008,1,333,285,26,74,-48,979
39095,4591,A05,0,A00,A0,A0,E0,0,0,2008,1,880,808,111,182,-71,1227
39097,4591,A05,0,A00,A0,A0,E0,0,0,2008,1,,,,,,652
39099,4591,A05,0,A00,A0,A0,E0,0,0,2008,1,944,846,82,180,-98,1605
39101,4591,A05,0,A00,A0,A0,E0,0,0,2008,1,66,57,6,16,-10,945
39103,4591,A05,0,A00,A0,A0,E0,0,0,2008,1,153,138,13,27,-15,1149
39105,4591,A05,0,A00,A0,A0,E0,0,0,2008,1,12,12,0,0,0,735
39107,4591,A05,0,A00,A0,A0,E0,0,0,2008,1,15,15,0,0,0,1083
39109,4591,A05,0,A00,A0,A0,E0,0,0,2008,1,125,127,24,22,2,1473
39111,4591,A05,0,A00,A0,A0,E0,0,0,2008,1,,,0,0,,829
39113,4591,A05,0,A00,A0,A0,E0,0,0,2008,1,776,704,110,182,-72,1133
39117,4591,A05,0,A00,A0,A0,E0,0,0,2008,1,,,0,0,,1347
39119,4591,A05,0,A00,A0,A0,E0,0,0,2008,1,123,111,12,24,-12,1251
39123,4591,A05,0,A00,A0,A0,E0,0,0,2008,1,10,11,3,,1,683
39127,4591,A05,0,A00,A0,A0,E0,0,0,2008,1,,,,0,,1018
39129,4591,A05,0,A00,A0,A0,E0,0,0,2008,1,,,,,,1375
39131,4591,A05,0,A00,A0,A0,E0,0,0,2008,1,,,0,0,,1383
39133,4591,A05,0,A00,A0,A0,E0,0,0,2008,1,96,89,,9,-7,1779
39135,4591,A05,0,A00,A0,A0,E0,0,0,2008,1,,,,0,,1634
39139,4591,A05,0,A00,A0,A0,E0,0,0,2008,1,257,216,25,66,-42,1143
39141,4591,A05,0,A00,A0,A0,E0,0,0,2008,1,99,89,6,17,-10,943
39143,4591,A05,0,A00,A0,A0,E0,0,0,2008,1,42,41,7,8,-1,871
39145,4591,A05,0,A00,A0,A0,E0,0,0,2008,1,30,27,,5,-4,1285
39147,4591,A05,0,A00,A0,A0,E0,0,0,2008,1,,,0,0,,1697
39149,4591,A05,0,A00,A0,A0,E0,0,0,2008,1,13,12,,,-2,1339
39151,4591,A05,0,A00,A0,A0,E0,0,0,2008,1,612,565,73,119,-46,1105
39153,4591,A05,0,A00,A0,A0,E0,0,0,2008,1,1832,1644,138,326,-188,1147
39155,4591,A05,0,A00,A0,A0,E0,0,0,2008,1,370,317,28,81,-54,1024
39157,4591,A05,0,A00,A0,A0,E0,0,0,2008,1,83,70,4,16,-12,1196
39159,4591,A05,0,A00,A0,A0,E0,0,0,2008,1,14,16,5,,2,1745
39161,4591,A05,0,A00,A0,A0,E0,0,0,2008,1,6,5,0,,-1,982
39165,4591,A05,0,A00,A0,A0,E0,0,0,2008,1,285,266,48,67,-19,1243
39167,4591,A05,0,A00,A0,A0,E0,0,0,2008,1,47,45,,4,-2,1665
39169,4591,A05,0,A00,A0,A0,E0,0,0,2008,1,169,144,19,45,-25,1064
39171,4591,A05,0,A00,A0,A0,E0,0,0,2008,1,,,0,0,,596
39173,4591,A05,0,A00,A0,A0,E0,0,0,2008,1,108,105,25,28,-3,948
39175,4591,A05,0,A00,A0,A0,E0,0,0,2008,1,,,,,,438
39,4591,A05,0,A00,A0,A0,E0,0,0,2008,1,18942,17070,2013,3885,-1872,1258
39001,4591,A05,0,A00,A0,A0,E0,0,0,2008,2,0,,,0,,
39003,4591,A05,0,A00,A0,A0,E0,0,0,2008,2,180,182,35,33,2,1243
39005,4591,A05,0,A00,A0,A0,E0,0,0,2008,2,70,72,14,12,2,1924
39007,4591,A05,0,A00,A0,A0,E0,0,0,2008,2,41,33,9,17,-7,1157
39009,4591,A05,0,A00,A0,A0,E0,0,0,2008,2,95,96,14,13,1,2140
39011,4591,A05,0,A00,A0,A0,E0,0,0,2008,2,65,84,28,9,19,1230
39013,4591,A05,0,A00,A0,A0,E0,0,0,2008,2,77,75,7,10,-3,1335
39015,4591,A05,0,A00,A0,A0,E0,0,0,2008,2,,,0,,,1020
39017,4591,A05,0,A00,A0,A0,E0,0,0,2008,2,492,481,85,97,-11,2562
39019,4591,A05,0,A00,A0,A0,E0,0,0,2008,2,,,0,0,,450
39023,4591,A05,0,A00,A0,A0,E0,0,0,2008,2,103,107,17,13,4,1237
39025,4591,A05,0,A00,A0,A0,E0,0,0,2008,2,258,258,48,47,0,1122
39029,4591,A05,0,A00,A0,A0,E0,0,0,2008,2,44,45,11,10,1,874
39031,4591,A05,0,A00,A0,A0,E0,0,0,2008,2,20,21,4,,1,1092
39033,4591,A05,0,A00,A0,A0,E0,0,0,2008,2,,,,,,1428
39035,4591,A05,0,A00,A0,A0,E0,0,0,2008,2,1987,1996,330,321,9,1464
39037,4591,A05,0,A00,A0,A0,E0,0,0,2008,2,32,32,4,4,0,1224
39039,4591,A05,0,A00,A0,A0,E0,0,0,2008,2,91,98,22,14,8,2430
39041,4591,A05,0,A00,A0,A0,E0,0,0,2008,2,294,294,59,58,0,1180
39043,4591,A05,0,A00,A0,A0,E0,0,0,2008,2,160,164,33,29,4,1273
39045,4591,A05,0,A00,A0,A0,E0,0,0,2008,2,209,199,25,36,-11,1124
39047,4591,A05,0,A00,A0,A0,E0,0,0,2008,2,21,22,3,,1,983
39049,4591,A05,0,A00,A0,A0,E0,0,0,2008,2,2371,2441,508,437,70,1310
39051,4591,A05,0,A00,A0,A0,E0,0,0,2008,2,46,45,4,5,-1,864
39053,4591,A05,0,A00,A0,A0,E0,0,0,2008,2,,,,,,1194
39055,4591,A05,0,A00,A0,A0,E0,0,0,2008,2,261,286,64,39,25,2044
39057,4591,A05,0,A00,A0,A0,E0,0,0,2008,2,263,257,57,63,-6,1204
39059,4591,A05,0,A00,A0,A0,E0,0,0,2008,2,16,17,3,,1,1672
39061,4591,A05,0,A00,A0,A0,E0,0,0,2008,2,1791,1801,346,336,11,1669
39063,4591,A05,0,A00,A0,A0,E0,0,0,2008,2,115,170,101,46,55,1336
39067,4591,A05,0,A00,A0,A0,E0,0,0,2008,2,0,,,0,,
39071,4591,A05,0,A00,A0,A0,E0,0,0,2008,2,7,9,5,,2,650
39073,4591,A05,0,A00,A0,A0,E0,0,0,2008,2,,,0,,,1913
39075,4591,A05,0,A00,A0,A0,E0,0,0,2008,2,114,119,13,8,5,1261
39077,4591,A05,0,A00,A0,A0,E0,0,0,2008,2,15,15,,,0,634
39079,4591,A05,0,A00,A0,A0,E0,0,0,2008,2,5,5,,,1,1315
39081,4591,A05,0,A00,A0,A0,E0,0,0,2008,2,70,70,9,9,0,1179
39083,4591,A05,0,A00,A0,A0,E0,0,0,2008,2,91,81,56,65,-10,897
39085,4591,A05,0,A00,A0,A0,E0,0,0,2008,2,439,423,38,54,-17,1286
39087,4591,A05,0,A00,A0,A0,E0,0,0,2008,2,20,16,0,5,-5,854
39089,4591,A05,0,A00,A0,A0,E0,0,0,2008,2,290,289,34,36,-1,1714
39091,4591,A05,0,A00,A0,A0,E0,0,0,2008,2,29,32,8,4,4,686
39093,4591,A05,0,A00,A0,A0,E0,0,0,2008,2,284,274,40,49,-9,1140
39095,4591,A05,0,A00,A0,A0,E0,0,0,2008,2,811,790,187,208,-21,1308
39097,4591,A05,0,A00,A0,A0,E0,0,0,2008,2,,0,0,,,634
39099,4591,A05,0,A00,A0,A0,E0,0,0,2008,2,846,1215,543,174,369,1911
39101,4591,A05,0,A00,A0,A0,E0,0,0,2008,2,57,59,14,11,2,1020
39103,4591,A05,0,A00,A0,A0,E0,0,0,2008,2,144,145,24,23,1,1234
39105,4591,A05,0,A00,A0,A0,E0,0,0,2008,2,12,13,,,1,793
39107,4591,A05,0,A00,A0,A0,E0,0,0,2008,2,15,16,,0,1,1172
39109,4591,A05,0,A00,A0,A0,E0,0,0,2008,2,127,155,45,17,28,1888
39111,4591,A05,0,A00,A0,A0,E0,0,0,2008,2,,,0,0,,829
39113,4591,A05,0,A00,A0,A0,E0,0,0,2008,2,707,710,148,146,3,1314
39117,4591,A05,0,A00,A0,A0,E0,0,0,2008,2,,,,,,1044
39119,4591,A05,0,A00,A0,A0,E0,0,0,2008,2,111,108,12,16,-4,1272
39123,4591,A05,0,A00,A0,A0,E0,0,0,2008,2,11,44,42,9,33,989
39127,4591,A05,0,A00,A0,A0,E0,0,0,2008,2,,,,,,1134
39129,4591,A05,0,A00,A0,A0,E0,0,0,2008,2,5,7,3,,2,1042
39131,4591,A05,0,A00,A0,A0,E0,0,0,2008,2,,,0,0,,1404
39133,4591,A05,0,A00,A0,A0,E0,0,0,2008,2,89,99,20,10,10,2201
39135,4591,A05,0,A00,A0,A0,E0,0,0,2008,2,,,0,0,,1474
39139,4591,A05,0,A00,A0,A0,E0,0,0,2008,2,216,209,36,43,-7,1333
39141,4591,A05,0,A00,A0,A0,E0,0,0,2008,2,89,85,14,17,-3,954
39143,4591,A05,0,A00,A0,A0,E0,0,0,2008,2,41,36,4,9,-5,1025
39145,4591,A05,0,A00,A0,A0,E0,0,0,2008,2,27,29,7,5,2,1388
39147,4591,A05,0,A00,A0,A0,E0,0,0,2008,2,10,16,6,0,6,1770
39149,4591,A05,0,A00,A0,A0,E0,0,0,2008,2,12,12,,,0,1569
39151,4591,A05,0,A00,A0,A0,E0,0,0,2008,2,565,593,107,79,28,1287
39153,4591,A05,0,A00,A0,A0,E0,0,0,2008,2,1642,1621,231,252,-21,1326
39155,4591,A05,0,A00,A0,A0,E0,0,0,2008,2,316,319,59,57,2,1195
39157,4591,A05,0,A00,A0,A0,E0,0,0,2008,2,70,68,7,9,-2,1271
39159,4591,A05,0,A00,A0,A0,E0,0,0,2008,2,16,15,,4,-1,2155
39161,4591,A05,0,A00,A0,A0,E0,0,0,2008,2,5,7,5,3,2,1288
39165,4591,A05,0,A00,A0,A0,E0,0,0,2008,2,266,261,52,57,-5,1423
39167,4591,A05,0,A00,A0,A0,E0,0,0,2008,2,45,53,13,5,8,2098
39169,4591,A05,0,A00,A0,A0,E0,0,0,2008,2,143,150,25,18,7,1116
39171,4591,A05,0,A00,A0,A0,E0,0,0,2008,2,,,0,,,572
39173,4591,A05,0,A00,A0,A0,E0,0,0,2008,2,105,359,290,36,254,1948
39175,4591,A05,0,A00,A0,A0,E0,0,0,2008,2,,,,,,380
39,4591,A05,0,A00,A0,A0,E0,0,0,2008,2,17057,17884,3950,3123,827,1451
39001,4591,A05,0,A00,A0,A0,E0,0,0,2008,3,,0,0,,,953
39003,4591,A05,0,A00,A0,A0,E0,0,0,2008,3,188,184,27,31,-4,1323
39005,4591,A05,0,A00,A0,A0,E0,0,0,2008,3,72,71,12,12,0,1548
39007,4591,A05,0,A00,A0,A0,E0,0,0,2008,3,32,29,4,7,-3,1201
39009,4591,A05,0,A00,A0,A0,E0,0,0,2008,3,96,98,9,6,3,2167
39011,4591,A05,0,A00,A0,A0,E0,0,0,2008,3,84,78,19,25,-6,1238
39013,4591,A05,0,A00,A0,A0,E0,0,0,2008,3,75,79,15,11,4,1203
39015,4591,A05,0,A00,A0,A0,E0,0,0,2008,3,,,0,0,,1738
39017,4591,A05,0,A00,A0,A0,E0,0,0,2008,3,480,470,71,81,-10,2187
39019,4591,A05,0,A00,A0,A0,E0,0,0,2008,3,,,0,0,,444
39023,4591,A05,0,A00,A0,A0,E0,0,0,2008,3,107,105,15,17,-2,1315
39025,4591,A05,0,A00,A0,A0,E0,0,0,2008,3,257,240,37,54,-17,1073
39029,4591,A05,0,A00,A0,A0,E0,0,0,2008,3,45,47,9,7,2,956
39031,4591,A05,0,A00,A0,A0,E0,0,0,2008,3,21,29,9,,8,971
39033,4591,A05,0,A00,A0,A0,E0,0,0,2008,3,,,,0,,591
39035,4591,A05,0,A00,A0,A0,E0,0,0,2008,3,1995,1952,399,442,-43,1483
39037,4591,A05,0,A00,A0,A0,E0,0,0,2008,3,32,30,,,-2,1096
39039,4591,A05,0,A00,A0,A0,E0,0,0,2008,3,98,99,23,22,1,1551
39041,4591,A05,0,A00,A0,A0,E0,0,0,2008,3,295,314,81,62,19,1094
39043,4591,A05,0,A00,A0,A0,E0,0,0,2008,3,164,161,41,44,-3,1366
39045,4591,A05,0,A00,A0,A0,E0,0,0,2008,3,198,206,33,25,8,1107
39047,4591,A05,0,A00,A0,A0,E0,0,0,2008,3,22,22,4,5,-1,822
39049,4591,A05,0,A00,A0,A0,E0,0,0,2008,3,2442,2379,451,514,-63,1288
39051,4591,A05,0,A00,A0,A0,E0,0,0,2008,3,45,41,7,11,-4,844
39053,4591,A05,0,A00,A0,A0,E0,0,0,2008,3,,,,,,1211
39055,4591,A05,0,A00,A0,A0,E0,0,0,2008,3,287,266,45,66,-20,1813
39057,4591,A05,0,A00,A0,A0,E0,0,0,2008,3,257,257,59,59,0,1127
39059,4591,A05,0,A00,A0,A0,E0,0,0,2008,3,17,17,4,4,0,1531
39061,4591,A05,0,A00,A0,A0,E0,0,0,2008,3,1796,1745,330,381,-50,1398
39063,4591,A05,0,A00,A0,A0,E0,0,0,2008,3,170,124,37,83,-46,964
39067,4591,A05,0,A00,A0,A0,E0,0,0,2008,3,,,0,0,,960
39071,4591,A05,0,A00,A0,A0,E0,0,0,2008,3,,,,,,670
39073,4591,A05,0,A00,A0,A0,E0,0,0,2008,3,13,14,,,1,1744
39075,4591,A05,0,A00,A0,A0,E0,0,0,2008,3,119,111,7,15,-8,1145
39077,4591,A05,0,A00,A0,A0,E0,0,0,2008,3,15,10,3,8,-5,581
39079,4591,A05,0,A00,A0,A0,E0,0,0,2008,3,5,5,,,-1,1523
39081,4591,A05,0,A00,A0,A0,E0,0,0,2008,3,71,70,14,15,0,1053
39083,4591,A05,0,A00,A0,A0,E0,0,0,2008,3,81,65,38,54,-16,812
39085,4591,A05,0,A00,A0,A0,E0,0,0,2008,3,424,418,74,80,-6,1323
39087,4591,A05,0,A00,A0,A0,E0,0,0,2008,3,16,17,5,3,2,926
39089,4591,A05,0,A00,A0,A0,E0,0,0,2008,3,289,280,32,42,-9,1575
39091,4591,A05,0,A00,A0,A0,E0,0,0,2008,3,32,30,9,11,-2,723
39093,4591,A05,0,A00,A0,A0,E0,0,0,2008,3,276,264,53,64,-11,1162
39095,4591,A05,0,A00,A0,A0,E0,0,0,2008,3,788,774,156,169,-13,1306
39099,4591,A05,0,A00,A0,A0,E0,0,0,2008,3,1215,827,181,569,-388,1356
39101,4591,A05,0,A00,A0,A0,E0,0,0,2008,3,59,57,10,12,-2,1110
39103,4591,A05,0,A00,A0,A0,E0,0,0,2008,3,139,145,29,23,6,1464
39105,4591,A05,0,A00,A0,A0,E0,0,0,2008,3,13,13,,,0,731
39107,4591,A05,0,A00,A0,A0,E0,0,0,2008,3,16,17,,0,2,1105
39109,4591,A05,0,A00,A0,A0,E0,0,0,2008,3,155,148,20,27,-7,1904
39111,4591,A05,0,A00,A0,A0,E0,0,0,2008,3,,,0,0,,829
39113,4591,A05,0,A00,A0,A0,E0,0,0,2008,3,710,687,129,152,-23,1281
39117,4591,A05,0,A00,A0,A0,E0,0,0,2008,3,,,,,,648
39119,4591,A05,0,A00,A0,A0,E0,0,0,2008,3,108,108,18,18,0,1358
39123,4591,A05,0,A00,A0,A0,E0,0,0,2008,3,44,28,4,20,-16,1682
39127,4591,A05,0,A00,A0,A0,E0,0,0,2008,3,,,,,,852
39129,4591,A05,0,A00,A0,A0,E0,0,0,2008,3,7,6,,,0,1189
39131,4591,A05,0,A00,A0,A0,E0,0,0,2008,3,,,0,0,,1414
39133,4591,A05,0,A00,A0,A0,E0,0,0,2008,3,99,93,18,25,-7,2129
39135,4591,A05,0,A00,A0,A0,E0,0,0,2008,3,,,0,0,,1507
39137,4591,A05,0,A00,A0,A0,E0,0,0,2008,3,,,,0,,1747
39139,4591,A05,0,A00,A0,A0,E0,0,0,2008,3,209,211,48,46,2,1317
39141,4591,A05,0,A00,A0,A0,E0,0,0,2008,3,85,85,15,15,0,1080
39143,4591,A05,0,A00,A0,A0,E0,0,0,2008,3,36,40,10,5,4,1120
39145,4591,A05,0,A00,A0,A0,E0,0,0,2008,3,29,27,,4,-1,1246
39147,4591,A05,0,A00,A0,A0,E0,0,0,2008,3,16,12,0,3,-3,1230
39149,4591,A05,0,A00,A0,A0,E0,0,0,2008,3,12,12,,0,1,1277
39151,4591,A05,0,A00,A0,A0,E0,0,0,2008,3,593,579,104,118,-14,1249
39153,4591,A05,0,A00,A0,A0,E0,0,0,2008,3,1619,1586,250,283,-33,1282
39155,4591,A05,0,A00,A0,A0,E0,0,0,2008,3,318,317,62,63,-1,1152
39157,4591,A05,0,A00,A0,A0,E0,0,0,2008,3,68,73,19,14,5,1461
39159,4591,A05,0,A00,A0,A0,E0,0,0,2008,3,15,14,5,6,0,2023
39161,4591,A05,0,A00,A0,A0,E0,0,0,2008,3,7,5,,4,-3,892
39165,4591,A05,0,A00,A0,A0,E0,0,0,2008,3,263,263,64,63,0,1379
39167,4591,A05,0,A00,A0,A0,E0,0,0,2008,3,53,50,5,8,-3,1807
39169,4591,A05,0,A00,A0,A0,E0,0,0,2008,3,150,147,28,32,-4,1212
39171,4591,A05,0,A00,A0,A0,E0,0,0,2008,3,,,,,,778
39173,4591,A05,0,A00,A0,A0,E0,0,0,2008,3,354,322,25,56,-32,1202
39175,4591,A05,0,A00,A0,A0,E0,0,0,2008,3,,,0,0,,745
39,4591,A05,0,A00,A0,A0,E0,0,0,2008,3,17874,17057,3206,4022,-816,1354
39003,4591,A05,0,A00,A0,A0,E0,0,0,2008,4,178,193,58,43,16,1310
39005,4591,A05,0,A00,A0,A0,E0,0,0,2008,4,71,65,4,10,-6,2259
39007,4591,A05,0,A00,A0,A0,E0,0,0,2008,4,29,36,13,6,6,1147
39009,4591,A05,0,A00,A0,A0,E0,0,0,2008,4,98,106,20,13,7,2825
39011,4591,A05,0,A00,A0,A0,E0,0,0,2008,4,78,71,8,14,-6,1111
39013,4591,A05,0,A00,A0,A0,E0,0,0,2008,4,79,94,43,28,15,1318
39015,4591,A05,0,A00,A0,A0,E0,0,0,2008,4,,,,0,,1813
39017,4591,A05,0,A00,A0,A0,E0,0,0,2008,4,469,495,124,98,26,2430
39019,4591,A05,0,A00,A0,A0,E0,0,0,2008,4,,,0,0,,451
39023,4591,A05,0,A00,A0,A0,E0,0,0,2008,4,106,102,12,15,-4,1300
39025,4591,A05,0,A00,A0,A0,E0,0,0,2008,4,241,273,98,65,33,1113
39029,4591,A05,0,A00,A0,A0,E0,0,0,2008,4,47,52,11,5,5,932
39031,4591,A05,0,A00,A0,A0,E0,0,0,2008,4,29,28,,,0,873
39033,4591,A05,0,A00,A0,A0,E0,0,0,2008,4,,,,0,,817
39035,4591,A05,0,A00,A0,A0,E0,0,0,2008,4,1954,2076,558,436,122,1589
39037,4591,A05,0,A00,A0,A0,E0,0,0,2008,4,30,30,4,4,0,1218
39039,4591,A05,0,A00,A0,A0,E0,0,0,2008,4,99,92,6,13,-7,1753
39041,4591,A05,0,A00,A0,A0,E0,0,0,2008,4,314,344,97,67,29,1175
39043,4591,A05,0,A00,A0,A0,E0,0,0,2008,4,160,175,51,36,15,1328
39045,4591,A05,0,A00,A0,A0,E0,0,0,2008,4,206,219,40,27,13,1151
39047,4591,A05,0,A00,A0,A0,E0,0,0,2008,4,22,30,18,9,8,938
39049,4591,A05,0,A00,A0,A0,E0,0,0,2008,4,2373,2542,657,488,169,1391
39051,4591,A05,0,A00,A0,A0,E0,0,0,2008,4,41,66,34,9,25,1194
39053,4591,A05,0,A00,A0,A0,E0,0,0,2008,4,,,0,0,,1254
39055,4591,A05,0,A00,A0,A0,E0,0,0,2008,4,266,273,67,59,8,2070
39057,4591,A05,0,A00,A0,A0,E0,0,0,2008,4,258,296,103,66,38,1225
39059,4591,A05,0,A00,A0,A0,E0,0,0,2008,4,17,14,4,7,-3,1540
39061,4591,A05,0,A00,A0,A0,E0,0,0,2008,4,1747,1902,565,410,155,1495
39063,4591,A05,0,A00,A0,A0,E0,0,0,2008,4,124,114,20,29,-9,1370
39067,4591,A05,0,A00,A0,A0,E0,0,0,2008,4,,0,0,,,1163
39071,4591,A05,0,A00,A0,A0,E0,0,0,2008,4,,,0,,,760
39073,4591,A05,0,A00,A0,A0,E0,0,0,2008,4,14,15,3,,0,2204
39075,4591,A05,0,A00,A0,A0,E0,0,0,2008,4,112,111,11,11,0,1283
39077,4591,A05,0,A00,A0,A0,E0,0,0,2008,4,,,,0,,651
39079,4591,A05,0,A00,A0,A0,E0,0,0,2008,4,,,,,,1345
39081,4591,A05,0,A00,A0,A0,E0,0,0,2008,4,68,77,18,10,8,1144
39083,4591,A05,0,A00,A0,A0,E0,0,0,2008,4,65,49,27,43,-16,862
39085,4591,A05,0,A00,A0,A0,E0,0,0,2008,4,418,454,103,66,36,1390
39087,4591,A05,0,A00,A0,A0,E0,0,0,2008,4,17,17,,3,-1,972
39089,4591,A05,0,A00,A0,A0,E0,0,0,2008,4,280,294,50,36,14,2371
39091,4591,A05,0,A00,A0,A0,E0,0,0,2008,4,30,46,28,12,16,797
39093,4591,A05,0,A00,A0,A0,E0,0,0,2008,4,264,302,94,56,38,1268
39095,4591,A05,0,A00,A0,A0,E0,0,0,2008,4,778,899,317,196,121,1613
39099,4591,A05,0,A00,A0,A0,E0,0,0,2008,4,827,884,259,203,56,1858
39101,4591,A05,0,A00,A0,A0,E0,0,0,2008,4,57,60,13,10,3,1100
39103,4591,A05,0,A00,A0,A0,E0,0,0,2008,4,151,161,41,31,10,1373
39105,4591,A05,0,A00,A0,A0,E0,0,0,2008,4,13,12,0,,-1,855
39107,4591,A05,0,A00,A0,A0,E0,0,0,2008,4,17,15,3,5,-2,1007
39109,4591,A05,0,A00,A0,A0,E0,0,0,2008,4,148,134,20,33,-13,1847
39111,4591,A05,0,A00,A0,A0,E0,0,0,2008,4,,,,0,,1015
39113,4591,A05,0,A00,A0,A0,E0,0,0,2008,4,684,749,212,147,65,1314
39117,4591,A05,0,A00,A0,A0,E0,0,0,2008,4,,,0,0,,591
39119,4591,A05,0,A00,A0,A0,E0,0,0,2008,4,108,123,37,22,16,1440
39123,4591,A05,0,A00,A0,A0,E0,0,0,2008,4,28,8,,22,-20,830
39127,4591,A05,0,A00,A0,A0,E0,0,0,2008,4,,,,,,850
39129,4591,A05,0,A00,A0,A0,E0,0,0,2008,4,,,0,,,1144
39131,4591,A05,0,A00,A0,A0,E0,0,0,2008,4,,,0,0,,1429
39133,4591,A05,0,A00,A0,A0,E0,0,0,2008,4,93,91,14,16,-2,2627
39135,4591,A05,0,A00,A0,A0,E0,0,0,2008,4,,,0,0,,1615
39137,4591,A05,0,A00,A0,A0,E0,0,0,2008,4,,,,,,1830
39139,4591,A05,0,A00,A0,A0,E0,0,0,2008,4,212,237,66,40,25,1385
39141,4591,A05,0,A00,A0,A0,E0,0,0,2008,4,85,89,17,14,3,1149
39143,4591,A05,0,A00,A0,A0,E0,0,0,2008,4,40,31,12,21,-9,982
39145,4591,A05,0,A00,A0,A0,E0,0,0,2008,4,27,34,10,3,6,1339
39147,4591,A05,0,A00,A0,A0,E0,0,0,2008,4,12,12,0,0,0,1560
39149,4591,A05,0,A00,A0,A0,E0,0,0,2008,4,12,16,4,0,4,1343
39151,4591,A05,0,A00,A0,A0,E0,0,0,2008,4,580,608,145,116,28,1313
39153,4591,A05,0,A00,A0,A0,E0,0,0,2008,4,1588,1731,457,314,143,1396
39155,4591,A05,0,A00,A0,A0,E0,0,0,2008,4,317,356,113,74,38,1248
39157,4591,A05,0,A00,A0,A0,E0,0,0,2008,4,73,75,18,16,2,1378
39159,4591,A05,0,A00,A0,A0,E0,0,0,2008,4,14,16,4,,2,1590
39161,4591,A05,0,A00,A0,A0,E0,0,0,2008,4,,,,,,1373
39165,4591,A05,0,A00,A0,A0,E0,0,0,2008,4,264,285,83,62,21,1500
39167,4591,A05,0,A00,A0,A0,E0,0,0,2008,4,50,44,3,9,-6,1704
39169,4591,A05,0,A00,A0,A0,E0,0,0,2008,4,146,159,40,27,12,1244
39171,4591,A05,0,A00,A0,A0,E0,0,0,2008,4,,,0,,,825
39173,4591,A05,0,A00,A0,A0,E0,0,0,2008,4,322,328,56,51,6,1260
39175,4591,A05,0,A00,A0,A0,E0,0,0,2008,4,,,0,,,618
39,4591,A05,0,A00,A0,A0,E0,0,0,2008,4,17060,18325,4916,3652,1265,1495
39003,4591,A05,0,A00,A0,A0,E0,0,0,2009,1,204,173,18,49,-31,1194
39005,4591,A05,0,A00,A0,A0,E0,0,0,2009,1,70,69,4,5,-1,1633
39007,4591,A05,0,A00,A0,A0,E0,0,0,2009,1,36,33,,4,-2,1177
39009,4591,A05,0,A00,A0,A0,E0,0,0,2009,1,106,105,14,14,-1,2026
39011,4591,A05,0,A00,A0,A0,E0,0,0,2009,1,71,71,7,7,-1,1125
39013,4591,A05,0,A00,A0,A0,E0,0,0,2009,1,101,84,10,27,-17,978
39015,4591,A05,0,A00,A0,A0,E0,0,0,2009,1,,,0,,,1277
39017,4591,A05,0,A00,A0,A0,E0,0,0,2009,1,545,516,39,68,-29,1903
39019,4591,A05,0,A00,A0,A0,E0,0,0,2009,1,,,,0,,533
39021,4591,A05,0,A00,A0,A0,E0,0,0,2009,1,,,0,,,554
39023,4591,A05,0,A00,A0,A0,E0,0,0,2009,1,122,118,11,15,-4,1240
39025,4591,A05,0,A00,A0,A0,E0,0,0,2009,1,312,256,30,86,-56,1044
39027,4591,A05,0,A00,A0,A0,E0,0,0,2009,1,,,0,,,404
39029,4591,A05,0,A00,A0,A0,E0,0,0,2009,1,154,146,10,18,-8,1974
39031,4591,A05,0,A00,A0,A0,E0,0,0,2009,1,28,26,,5,-3,683
39033,4591,A05,0,A00,A0,A0,E0,0,0,2009,1,,,,0,,846
39035,4591,A05,0,A00,A0,A0,E0,0,0,2009,1,2260,1964,164,460,-296,1284
39037,4591,A05,0,A00,A0,A0,E0,0,0,2009,1,30,28,,4,-2,1223
39039,4591,A05,0,A00,A0,A0,E0,0,0,2009,1,80,79,5,7,-2,1341
39041,4591,A05,0,A00,A0,A0,E0,0,0,2009,1,394,335,37,96,-59,1005
39043,4591,A05,0,A00,A0,A0,E0,0,0,2009,1,181,151,14,44,-30,1146
39045,4591,A05,0,A00,A0,A0,E0,0,0,2009,1,248,230,16,33,-18,1061
39047,4591,A05,0,A00,A0,A0,E0,0,0,2009,1,35,31,5,9,-4,740
39049,4591,A05,0,A00,A0,A0,E0,0,0,2009,1,2699,2368,213,544,-332,1194
39051,4591,A05,0,A00,A0,A0,E0,0,0,2009,1,66,35,0,31,-31,621
39053,4591,A05,0,A00,A0,A0,E0,0,0,2009,1,13,11,0,,-2,1124
39055,4591,A05,0,A00,A0,A0,E0,0,0,2009,1,241,224,20,37,-17,3108
39057,4591,A05,0,A00,A0,A0,E0,0,0,2009,1,317,259,17,74,-58,974
39059,4591,A05,0,A00,A0,A0,E0,0,0,2009,1,29,29,5,5,0,1566
39061,4591,A05,0,A00,A0,A0,E0,0,0,2009,1,1980,1729,192,443,-251,1253
39063,4591,A05,0,A00,A0,A0,E0,0,0,2009,1,127,120,14,21,-7,1258
39065,4591,A05,0,A00,A0,A0,E0,0,0,2009,1,,,0,,,1156
39067,4591,A05,0,A00,A0,A0,E0,0,0,2009,1,0,,,,,
39069,4591,A05,0,A00,A0,A0,E0,0,0,2009,1,,,,,,1023
39071,4591,A05,0,A00,A0,A0,E0,0,0,2009,1,,,0,,,746
39073,4591,A05,0,A00,A0,A0,E0,0,0,2009,1,15,13,0,,-2,1645
39075,4591,A05,0,A00,A0,A0,E0,0,0,2009,1,107,102,10,15,-5,1014
39077,4591,A05,0,A00,A0,A0,E0,0,0,2009,1,14,12,0,,-2,531
39079,4591,A05,0,A00,A0,A0,E0,0,0,2009,1,,,0,0,,1569
39081,4591,A05,0,A00,A0,A0,E0,0,0,2009,1,85,83,9,10,-2,1016
39083,4591,A05,0,A00,A0,A0,E0,0,0,2009,1,49,48,8,10,-1,1092
39085,4591,A05,0,A00,A0,A0,E0,0,0,2009,1,464,406,25,84,-58,1197
39087,4591,A05,0,A00,A0,A0,E0,0,0,2009,1,19,18,3,3,-1,876
39089,4591,A05,0,A00,A0,A0,E0,0,0,2009,1,305,295,31,40,-9,2130
39091,4591,A05,0,A00,A0,A0,E0,0,0,2009,1,46,25,4,26,-22,627
39093,4591,A05,0,A00,A0,A0,E0,0,0,2009,1,319,271,27,74,-48,991
39095,4591,A05,0,A00,A0,A0,E0,0,0,2009,1,943,802,65,206,-141,1225
39099,4591,A05,0,A00,A0,A0,E0,0,0,2009,1,915,798,62,179,-117,1489
39101,4591,A05,0,A00,A0,A0,E0,0,0,2009,1,71,65,7,13,-6,1070
39103,4591,A05,0,A00,A0,A0,E0,0,0,2009,1,198,172,25,52,-26,1056
39105,4591,A05,0,A00,A0,A0,E0,0,0,2009,1,12,11,0,,-1,729
39107,4591,A05,0,A00,A0,A0,E0,0,0,2009,1,22,18,,6,-3,930
39109,4591,A05,0,A00,A0,A0,E0,0,0,2009,1,145,137,8,16,-8,1548
39111,4591,A05,0,A00,A0,A0,E0,0,0,2009,1,,,0,0,,1015
39113,4591,A05,0,A00,A0,A0,E0,0,0,2009,1,804,722,75,157,-82,1218
39117,4591,A05,0,A00,A0,A0,E0,0,0,2009,1,,,,0,,580
39119,4591,A05,0,A00,A0,A0,E0,0,0,2009,1,127,103,14,38,-24,1173
39123,4591,A05,0,A00,A0,A0,E0,0,0,2009,1,8,8,0,0,0,814
39127,4591,A05,0,A00,A0,A0,E0,0,0,2009,1,,,,,,716
39129,4591,A05,0,A00,A0,A0,E0,0,0,2009,1,9,8,,,0,1039
39131,4591,A05,0,A00,A0,A0,E0,0,0,2009,1,,,0,0,,1356
39133,4591,A05,0,A00,A0,A0,E0,0,0,2009,1,103,88,7,22,-15,1428
39135,4591,A05,0,A00,A0,A0,E0,0,0,2009,1,,,0,,,1188
39137,4591,A05,0,A00,A0,A0,E0,0,0,2009,1,,,0,0,,1749
39139,4591,A05,0,A00,A0,A0,E0,0,0,2009,1,248,210,20,58,-37,1223
39141,4591,A05,0,A00,A0,A0,E0,0,0,2009,1,89,85,10,14,-4,1069
39143,4591,A05,0,A00,A0,A0,E0,0,0,2009,1,31,34,7,4,3,998
39145,4591,A05,0,A00,A0,A0,E0,0,0,2009,1,30,28,3,5,-2,1307
39147,4591,A05,0,A00,A0,A0,E0,0,0,2009,1,12,12,0,0,0,1522
39149,4591,A05,0,A00,A0,A0,E0,0,0,2009,1,16,16,,,0,1227
39151,4591,A05,0,A00,A0,A0,E0,0,0,2009,1,672,612,57,116,-59,1145
39153,4591,A05,0,A00,A0,A0,E0,0,0,2009,1,1793,1615,123,301,-178,1123
39155,4591,A05,0,A00,A0,A0,E0,0,0,2009,1,366,318,32,80,-49,1017
39157,4591,A05,0,A00,A0,A0,E0,0,0,2009,1,83,69,4,17,-13,1213
39159,4591,A05,0,A00,A0,A0,E0,0,0,2009,1,19,15,,5,-4,1181
39161,4591,A05,0,A00,A0,A0,E0,0,0,2009,1,12,12,0,,-1,1023
39165,4591,A05,0,A00,A0,A0,E0,0,0,2009,1,331,307,57,82,-24,1167
39167,4591,A05,0,A00,A0,A0,E0,0,0,2009,1,44,46,6,4,2,2177
39169,4591,A05,0,A00,A0,A0,E0,0,0,2009,1,171,160,16,27,-10,1109
39171,4591,A05,0,A00,A0,A0,E0,0,0,2009,1,,,0,,,672
39173,4591,A05,0,A00,A0,A0,E0,0,0,2009,1,342,290,16,68,-52,1068
39175,4591,A05,0,A00,A0,A0,E0,0,0,2009,1,,,0,,,504
39,4591,A05,0,A00,A0,A0,E0,0,0,2009,1,19588,17325,1607,3870,-2263,1260
39001,4591,A05,0,A00,A0,A0,E0,0,0,2009,2,0,,,0,,
39003,4591,A05,0,A00,A0,A0,E0,0,0,2009,2,164,173,21,12,9,1335
39005,4591,A05,0,A00,A0,A0,E0,0,0,2009,2,69,71,6,4,2,2002
39007,4591,A05,0,A00,A0,A0,E0,0,0,2009,2,33,39,14,8,6,1223
39009,4591,A05,0,A00,A0,A0,E0,0,0,2009,2,101,100,12,13,-1,2131
39011,4591,A05,0,A00,A0,A0,E0,0,0,2009,2,71,81,20,10,10,1126
39013,4591,A05,0,A00,A0,A0,E0,0,0,2009,2,84,94,16,6,10,1200
39015,4591,A05,0,A00,A0,A0,E0,0,0,2009,2,,,0,0,,1245
39017,4591,A05,0,A00,A0,A0,E0,0,0,2009,2,519,521,59,56,2,2344
39019,4591,A05,0,A00,A0,A0,E0,0,0,2009,2,,,0,0,,834
39021,4591,A05,0,A00,A0,A0,E0,0,0,2009,2,,,0,0,,746
39023,4591,A05,0,A00,A0,A0,E0,0,0,2009,2,109,108,11,11,-1,1282
39025,4591,A05,0,A00,A0,A0,E0,0,0,2009,2,253,255,35,34,2,1299
39027,4591,A05,0,A00,A0,A0,E0,0,0,2009,2,,,0,,,515
39029,4591,A05,0,A00,A0,A0,E0,0,0,2009,2,146,156,23,14,10,1839
39031,4591,A05,0,A00,A0,A0,E0,0,0,2009,2,26,29,6,3,4,905
39033,4591,A05,0,A00,A0,A0,E0,0,0,2009,2,,,,,,1071
39035,4591,A05,0,A00,A0,A0,E0,0,0,2009,2,1959,1946,233,247,-13,1393
39037,4591,A05,0,A00,A0,A0,E0,0,0,2009,2,28,30,4,,2,1426
39039,4591,A05,0,A00,A0,A0,E0,0,0,2009,2,79,73,12,17,-6,2399
39041,4591,A05,0,A00,A0,A0,E0,0,0,2009,2,335,325,39,49,-10,1116
39043,4591,A05,0,A00,A0,A0,E0,0,0,2009,2,153,163,30,20,11,1259
39045,4591,A05,0,A00,A0,A0,E0,0,0,2009,2,228,223,14,19,-5,1180
39047,4591,A05,0,A00,A0,A0,E0,0,0,2009,2,31,34,9,6,3,951
39049,4591,A05,0,A00,A0,A0,E0,0,0,2009,2,2317,2334,342,324,18,1312
39051,4591,A05,0,A00,A0,A0,E0,0,0,2009,2,35,32,,5,-3,794
39053,4591,A05,0,A00,A0,A0,E0,0,0,2009,2,11,13,,,2,1374
39055,4591,A05,0,A00,A0,A0,E0,0,0,2009,2,224,230,29,24,5,1727
39057,4591,A05,0,A00,A0,A0,E0,0,0,2009,2,259,263,34,29,4,1201
39059,4591,A05,0,A00,A0,A0,E0,0,0,2009,2,29,26,,4,-3,1405
39061,4591,A05,0,A00,A0,A0,E0,0,0,2009,2,1723,1730,258,251,7,1401
39063,4591,A05,0,A00,A0,A0,E0,0,0,2009,2,111,177,100,34,66,1311
39065,4591,A05,0,A00,A0,A0,E0,0,0,2009,2,,,,,,1372
39067,4591,A05,0,A00,A0,A0,E0,0,0,2009,2,,,0,0,,1035
39069,4591,A05,0,A00,A0,A0,E0,0,0,2009,2,,,0,,,1190
39071,4591,A05,0,A00,A0,A0,E0,0,0,2009,2,,,,,,803
39073,4591,A05,0,A00,A0,A0,E0,0,0,2009,2,13,12,,,0,1724
39075,4591,A05,0,A00,A0,A0,E0,0,0,2009,2,102,97,11,17,-5,1224
39077,4591,A05,0,A00,A0,A0,E0,0,0,2009,2,12,10,0,,-2,676
39079,4591,A05,0,A00,A0,A0,E0,0,0,2009,2,,7,4,0,4,1569
39081,4591,A05,0,A00,A0,A0,E0,0,0,2009,2,83,81,9,11,-2,1089
39083,4591,A05,0,A00,A0,A0,E0,0,0,2009,2,48,43,10,14,-4,980
39085,4591,A05,0,A00,A0,A0,E0,0,0,2009,2,407,403,37,42,-5,1310
39087,4591,A05,0,A00,A0,A0,E0,0,0,2009,2,18,18,2,3,-1,1070
39089,4591,A05,0,A00,A0,A0,E0,0,0,2009,2,298,294,18,22,-4,1694
39091,4591,A05,0,A00,A0,A0,E0,0,0,2009,2,25,28,8,5,3,739
39093,4591,A05,0,A00,A0,A0,E0,0,0,2009,2,272,272,34,34,0,1154
39095,4591,A05,0,A00,A0,A0,E0,0,0,2009,2,796,743,57,111,-53,1350
39099,4591,A05,0,A00,A0,A0,E0,0,0,2009,2,797,1124,456,129,327,1896
39101,4591,A05,0,A00,A0,A0,E0,0,0,2009,2,58,61,12,8,4,1174
39103,4591,A05,0,A00,A0,A0,E0,0,0,2009,2,158,159,20,20,1,1223
39105,4591,A05,0,A00,A0,A0,E0,0,0,2009,2,,,0,,,771
39107,4591,A05,0,A00,A0,A0,E0,0,0,2009,2,18,23,6,,4,1117
39109,4591,A05,0,A00,A0,A0,E0,0,0,2009,2,137,148,35,25,11,1857
39111,4591,A05,0,A00,A0,A0,E0,0,0,2009,2,,,0,0,,1015
39113,4591,A05,0,A00,A0,A0,E0,0,0,2009,2,707,739,145,113,32,1398
39117,4591,A05,0,A00,A0,A0,E0,0,0,2009,2,,,,,,497
39119,4591,A05,0,A00,A0,A0,E0,0,0,2009,2,99,99,9,9,-1,1372
39123,4591,A05,0,A00,A0,A0,E0,0,0,2009,2,8,43,42,8,35,1576
39127,4591,A05,0,A00,A0,A0,E0,0,0,2009,2,,,,,,926
39129,4591,A05,0,A00,A0,A0,E0,0,0,2009,2,8,9,3,,1,1144
39131,4591,A05,0,A00,A0,A0,E0,0,0,2009,2,,,0,0,,1440
39133,4591,A05,0,A00,A0,A0,E0,0,0,2009,2,88,91,9,6,2,3482
39135,4591,A05,0,A00,A0,A0,E0,0,0,2009,2,,,0,0,,1406
39137,4591,A05,0,A00,A0,A0,E0,0,0,2009,2,,,,,,1749
39139,4591,A05,0,A00,A0,A0,E0,0,0,2009,2,206,195,14,25,-11,1318
39141,4591,A05,0,A00,A0,A0,E0,0,0,2009,2,79,79,8,8,-1,1133
39143,4591,A05,0,A00,A0,A0,E0,0,0,2009,2,34,29,11,16,-5,1070
39145,4591,A05,0,A00,A0,A0,E0,0,0,2009,2,28,30,5,4,1,1416
39147,4591,A05,0,A00,A0,A0,E0,0,0,2009,2,12,11,,,-1,1563
39149,4591,A05,0,A00,A0,A0,E0,0,0,2009,2,16,12,,5,-4,1283
39151,4591,A05,0,A00,A0,A0,E0,0,0,2009,2,617,628,84,72,11,1284
39153,4591,A05,0,A00,A0,A0,E0,0,0,2009,2,1619,1525,139,233,-94,1305
39155,4591,A05,0,A00,A0,A0,E0,0,0,2009,2,312,310,42,43,-1,1190
39157,4591,A05,0,A00,A0,A0,E0,0,0,2009,2,69,69,5,5,0,1274
39159,4591,A05,0,A00,A0,A0,E0,0,0,2009,2,18,18,,3,-1,1676
39161,4591,A05,0,A00,A0,A0,E0,0,0,2009,2,12,11,5,5,0,1089
39165,4591,A05,0,A00,A0,A0,E0,0,0,2009,2,295,276,34,54,-20,1335
39167,4591,A05,0,A00,A0,A0,E0,0,0,2009,2,46,52,9,,6,2031
39169,4591,A05,0,A00,A0,A0,E0,0,0,2009,2,160,162,17,16,1,1189
39171,4591,A05,0,A00,A0,A0,E0,0,0,2009,2,,,,,,851
39173,4591,A05,0,A00,A0,A0,E0,0,0,2009,2,293,294,27,26,1,1207
39175,4591,A05,0,A00,A0,A0,E0,0,0,2009,2,,,0,0,,632
39,4591,A05,0,A00,A0,A0,E0,0,0,2009,2,17179,17540,2679,2317,361,1411
39001,4591,A05,0,A00,A0,A0,E0,0,0,2009,3,,,0,0,,1026
39003,4591,A05,0,A00,A0,A0,E0,0,0,2009,3,167,166,24,24,-1,1352
39005,4591,A05,0,A00,A0,A0,E0,0,0,2009,3,71,75,13,9,4,1702
39007,4591,A05,0,A00,A0,A0,E0,0,0,2009,3,37,36,4,4,-1,1277
39009,4591,A05,0,A00,A0,A0,E0,0,0,2009,3,100,104,16,12,4,2117
39011,4591,A05,0,A00,A0,A0,E0,0,0,2009,3,81,61,8,28,-20,1209
39013,4591,A05,0,A00,A0,A0,E0,0,0,2009,3,90,96,20,14,6,1283
39015,4591,A05,0,A00,A0,A0,E0,0,0,2009,3,,,,,,1067
39017,4591,A05,0,A00,A0,A0,E0,0,0,2009,3,512,493,56,74,-19,2021
39019,4591,A05,0,A00,A0,A0,E0,0,0,2009,3,,,0,0,,787
39021,4591,A05,0,A00,A0,A0,E0,0,0,2009,3,,,0,,,614
39023,4591,A05,0,A00,A0,A0,E0,0,0,2009,3,103,100,10,12,-3,1421
39025,4591,A05,0,A00,A0,A0,E0,0,0,2009,3,244,231,30,43,-13,1362
39027,4591,A05,0,A00,A0,A0,E0,0,0,2009,3,,,,0,,526
39029,4591,A05,0,A00,A0,A0,E0,0,0,2009,3,154,151,14,18,-4,1926
39031,4591,A05,0,A00,A0,A0,E0,0,0,2009,3,30,52,25,4,21,878
39033,4591,A05,0,A00,A0,A0,E0,0,0,2009,3,,,,,,933
39035,4591,A05,0,A00,A0,A0,E0,0,0,2009,3,1886,1817,222,290,-68,1418
39037,4591,A05,0,A00,A0,A0,E0,0,0,2009,3,30,30,,,0,1344
39039,4591,A05,0,A00,A0,A0,E0,0,0,2009,3,67,78,27,16,11,1618
39041,4591,A05,0,A00,A0,A0,E0,0,0,2009,3,307,328,83,61,21,1102
39043,4591,A05,0,A00,A0,A0,E0,0,0,2009,3,159,151,19,28,-9,1308
39045,4591,A05,0,A00,A0,A0,E0,0,0,2009,3,188,190,16,14,3,1156
39047,4591,A05,0,A00,A0,A0,E0,0,0,2009,3,34,41,16,9,7,837
39049,4591,A05,0,A00,A0,A0,E0,0,0,2009,3,2129,2066,273,335,-62,1360
39051,4591,A05,0,A00,A0,A0,E0,0,0,2009,3,32,33,5,4,1,1069
39053,4591,A05,0,A00,A0,A0,E0,0,0,2009,3,13,12,,2,-1,1122
39055,4591,A05,0,A00,A0,A0,E0,0,0,2009,3,231,215,20,36,-16,1476
39057,4591,A05,0,A00,A0,A0,E0,0,0,2009,3,245,236,35,44,-10,1145
39059,4591,A05,0,A00,A0,A0,E0,0,0,2009,3,26,24,,3,-2,1412
39061,4591,A05,0,A00,A0,A0,E0,0,0,2009,3,1687,1683,269,272,-4,1413
39063,4591,A05,0,A00,A0,A0,E0,0,0,2009,3,172,118,21,76,-54,912
39065,4591,A05,0,A00,A0,A0,E0,0,0,2009,3,,,0,0,,1160
39067,4591,A05,0,A00,A0,A0,E0,0,0,2009,3,,,,0,,1092
39069,4591,A05,0,A00,A0,A0,E0,0,0,2009,3,,,0,0,,1113
39071,4591,A05,0,A00,A0,A0,E0,0,0,2009,3,,,,,,774
39073,4591,A05,0,A00,A0,A0,E0,0,0,2009,3,12,12,,,0,1522
39075,4591,A05,0,A00,A0,A0,E0,0,0,2009,3,97,99,10,8,1,1157
39077,4591,A05,0,A00,A0,A0,E0,0,0,2009,3,10,8,0,,-1,625
39079,4591,A05,0,A00,A0,A0,E0,0,0,2009,3,7,,0,4,-4,977
39081,4591,A05,0,A00,A0,A0,E0,0,0,2009,3,76,75,9,10,-1,994
39083,4591,A05,0,A00,A0,A0,E0,0,0,2009,3,43,41,7,9,-2,1290
39085,4591,A05,0,A00,A0,A0,E0,0,0,2009,3,378,380,47,45,2,1330
39087,4591,A05,0,A00,A0,A0,E0,0,0,2009,3,18,21,4,0,3,1069
39089,4591,A05,0,A00,A0,A0,E0,0,0,2009,3,288,285,28,31,-3,1580
39091,4591,A05,0,A00,A0,A0,E0,0,0,2009,3,23,21,3,5,-2,683
39093,4591,A05,0,A00,A0,A0,E0,0,0,2009,3,263,254,31,41,-10,1178
39095,4591,A05,0,A00,A0,A0,E0,0,0,2009,3,726,702,86,109,-23,1310
39099,4591,A05,0,A00,A0,A0,E0,0,0,2009,3,1111,771,167,507,-340,1386
39101,4591,A05,0,A00,A0,A0,E0,0,0,2009,3,56,57,9,8,1,1262
39103,4591,A05,0,A00,A0,A0,E0,0,0,2009,3,151,146,15,20,-4,1429
39105,4591,A05,0,A00,A0,A0,E0,0,0,2009,3,,,,0,,791
39107,4591,A05,0,A00,A0,A0,E0,0,0,2009,3,23,22,,3,-1,1055
39109,4591,A05,0,A00,A0,A0,E0,0,0,2009,3,132,126,21,27,-6,1836
39111,4591,A05,0,A00,A0,A0,E0,0,0,2009,3,,,0,0,,1015
39113,4591,A05,0,A00,A0,A0,E0,0,0,2009,3,681,676,103,108,-5,1352
39117,4591,A05,0,A00,A0,A0,E0,0,0,2009,3,,,,,,439
39119,4591,A05,0,A00,A0,A0,E0,0,0,2009,3,94,96,14,12,3,1593
39123,4591,A05,0,A00,A0,A0,E0,0,0,2009,3,43,26,,19,-17,1595
39127,4591,A05,0,A00,A0,A0,E0,0,0,2009,3,,,,,,1202
39129,4591,A05,0,A00,A0,A0,E0,0,0,2009,3,9,9,,,0,1091
39131,4591,A05,0,A00,A0,A0,E0,0,0,2009,3,,,0,0,,1396
39133,4591,A05,0,A00,A0,A0,E0,0,0,2009,3,91,91,15,15,0,1856
39135,4591,A05,0,A00,A0,A0,E0,0,0,2009,3,,,0,0,,1717
39137,4591,A05,0,A00,A0,A0,E0,0,0,2009,3,,,0,0,,1749
39139,4591,A05,0,A00,A0,A0,E0,0,0,2009,3,174,176,23,21,2,1488
39141,4591,A05,0,A00,A0,A0,E0,0,0,2009,3,72,76,11,7,4,1108
39143,4591,A05,0,A00,A0,A0,E0,0,0,2009,3,22,21,6,8,-1,1089
39145,4591,A05,0,A00,A0,A0,E0,0,0,2009,3,30,29,5,5,0,1369
39147,4591,A05,0,A00,A0,A0,E0,0,0,2009,3,11,9,,4,-2,1206
39149,4591,A05,0,A00,A0,A0,E0,0,0,2009,3,12,10,4,6,-2,1044
39151,4591,A05,0,A00,A0,A0,E0,0,0,2009,3,604,577,72,99,-27,1237
39153,4591,A05,0,A00,A0,A0,E0,0,0,2009,3,1021,958,124,187,-63,1353
39155,4591,A05,0,A00,A0,A0,E0,0,0,2009,3,306,287,38,57,-19,1168
39157,4591,A05,0,A00,A0,A0,E0,0,0,2009,3,65,65,7,6,0,1565
39159,4591,A05,0,A00,A0,A0,E0,0,0,2009,3,18,17,,3,-1,1896
39161,4591,A05,0,A00,A0,A0,E0,0,0,2009,3,11,10,,2,-2,936
39165,4591,A05,0,A00,A0,A0,E0,0,0,2009,3,260,244,43,58,-15,1256
39167,4591,A05,0,A00,A0,A0,E0,0,0,2009,3,49,46,6,8,-2,4871
39169,4591,A05,0,A00,A0,A0,E0,0,0,2009,3,156,157,19,18,1,1218
39171,4591,A05,0,A00,A0,A0,E0,0,0,2009,3,15,14,,,-1,752
39173,4591,A05,0,A00,A0,A0,E0,0,0,2009,3,281,291,46,36,10,1269
39175,4591,A05,0,A00,A0,A0,E0,0,0,2009,3,,,,,,1003
39,4591,A05,0,A00,A0,A0,E0,0,0,2009,3,16328,15589,2231,2970,-739,1383
39001,4591,A05,0,A00,A0,A0,E0,0,0,2009,4,,0,0,,,73
39003,4591,A05,0,A00,A0,A0,E0,0,0,2009,4,174,197,71,49,22,1606
39005,4591,A05,0,A00,A0,A0,E0,0,0,2009,4,75,82,17,9,7,2323
39007,4591,A05,0,A00,A0,A0,E0,0,0,2009,4,60,57,9,12,-3,1431
39009,4591,A05,0,A00,A0,A0,E0,0,0,2009,4,104,112,20,12,8,2820
39011,4591,A05,0,A00,A0,A0,E0,0,0,2009,4,61,65,11,7,4,1339
39013,4591,A05,0,A00,A0,A0,E0,0,0,2009,4,101,106,56,50,5,1425
39015,4591,A05,0,A00,A0,A0,E0,0,0,2009,4,,,,,,1297
39017,4591,A05,0,A00,A0,A0,E0,0,0,2009,4,504,493,108,120,-11,2404
39019,4591,A05,0,A00,A0,A0,E0,0,0,2009,4,,,0,0,,815
39021,4591,A05,0,A00,A0,A0,E0,0,0,2009,4,,,,,,923
39023,4591,A05,0,A00,A0,A0,E0,0,0,2009,4,108,114,22,16,6,1555
39025,4591,A05,0,A00,A0,A0,E0,0,0,2009,4,241,251,92,81,11,1561
39027,4591,A05,0,A00,A0,A0,E0,0,0,2009,4,,,,,,781
39029,4591,A05,0,A00,A0,A0,E0,0,0,2009,4,153,133,23,43,-20,1965
39031,4591,A05,0,A00,A0,A0,E0,0,0,2009,4,,,,,,945
39033,4591,A05,0,A00,A0,A0,E0,0,0,2009,4,,,,,,1071
39035,4591,A05,0,A00,A0,A0,E0,0,0,2009,4,1894,2065,603,433,170,1671
39037,4591,A05,0,A00,A0,A0,E0,0,0,2009,4,30,35,7,,5,1479
39039,4591,A05,0,A00,A0,A0,E0,0,0,2009,4,82,74,6,14,-8,1769
39041,4591,A05,0,A00,A0,A0,E0,0,0,2009,4,386,431,119,74,45,1329
39043,4591,A05,0,A00,A0,A0,E0,0,0,2009,4,157,168,57,46,11,1371
39045,4591,A05,0,A00,A0,A0,E0,0,0,2009,4,238,257,50,30,19,1336
39047,4591,A05,0,A00,A0,A0,E0,0,0,2009,4,41,50,22,13,10,829
39049,4591,A05,0,A00,A0,A0,E0,0,0,2009,4,2203,2388,734,550,184,1495
39051,4591,A05,0,A00,A0,A0,E0,0,0,2009,4,33,32,33,34,-1,1497
39053,4591,A05,0,A00,A0,A0,E0,0,0,2009,4,12,15,7,4,3,1277
39055,4591,A05,0,A00,A0,A0,E0,0,0,2009,4,213,227,40,26,14,1833
39057,4591,A05,0,A00,A0,A0,E0,0,0,2009,4,250,271,120,99,21,1347
39059,4591,A05,0,A00,A0,A0,E0,0,0,2009,4,24,26,7,5,2,1808
39061,4591,A05,0,A00,A0,A0,E0,0,0,2009,4,1715,1839,535,411,124,1584
39063,4591,A05,0,A00,A0,A0,E0,0,0,2009,4,126,121,25,31,-5,1725
39065,4591,A05,0,A00,A0,A0,E0,0,0,2009,4,,,,,,1421
39067,4591,A05,0,A00,A0,A0,E0,0,0,2009,4,,,0,0,,1191
39069,4591,A05,0,A00,A0,A0,E0,0,0,2009,4,,,,,,1251
39071,4591,A05,0,A00,A0,A0,E0,0,0,2009,4,,,0,,,619
39073,4591,A05,0,A00,A0,A0,E0,0,0,2009,4,12,12,,,0,1937
39075,4591,A05,0,A00,A0,A0,E0,0,0,2009,4,99,98,9,10,-1,1249
39077,4591,A05,0,A00,A0,A0,E0,0,0,2009,4,,,0,,,785
39079,4591,A05,0,A00,A0,A0,E0,0,0,2009,4,,,0,,,1569
39081,4591,A05,0,A00,A0,A0,E0,0,0,2009,4,80,83,22,19,3,1196
39083,4591,A05,0,A00,A0,A0,E0,0,0,2009,4,41,45,11,8,4,1174
39085,4591,A05,0,A00,A0,A0,E0,0,0,2009,4,382,401,118,98,20,1591
39087,4591,A05,0,A00,A0,A0,E0,0,0,2009,4,21,20,3,4,-1,1005
39089,4591,A05,0,A00,A0,A0,E0,0,0,2009,4,292,309,69,52,17,2135
39091,4591,A05,0,A00,A0,A0,E0,0,0,2009,4,29,48,24,5,19,899
39093,4591,A05,0,A00,A0,A0,E0,0,0,2009,4,261,315,135,80,55,1535
39095,4591,A05,0,A00,A0,A0,E0,0,0,2009,4,720,780,274,214,60,1661
39099,4591,A05,0,A00,A0,A0,E0,0,0,2009,4,785,870,388,303,85,2139
39101,4591,A05,0,A00,A0,A0,E0,0,0,2009,4,65,72,18,11,7,1478
39103,4591,A05,0,A00,A0,A0,E0,0,0,2009,4,165,170,34,30,5,1642
39105,4591,A05,0,A00,A0,A0,E0,0,0,2009,4,11,11,,,0,947
39107,4591,A05,0,A00,A0,A0,E0,0,0,2009,4,22,25,6,2,4,1157
39109,4591,A05,0,A00,A0,A0,E0,0,0,2009,4,140,123,23,40,-17,1967
39111,4591,A05,0,A00,A0,A0,E0,0,0,2009,4,,,0,,,1015
39113,4591,A05,0,A00,A0,A0,E0,0,0,2009,4,746,794,219,171,48,1535
39117,4591,A05,0,A00,A0,A0,E0,0,0,2009,4,,,,,,534
39119,4591,A05,0,A00,A0,A0,E0,0,0,2009,4,104,113,22,13,9,1604
39123,4591,A05,0,A00,A0,A0,E0,0,0,2009,4,26,7,,21,-19,778
39127,4591,A05,0,A00,A0,A0,E0,0,0,2009,4,,,,,,941
39129,4591,A05,0,A00,A0,A0,E0,0,0,2009,4,9,10,3,,1,1226
39131,4591,A05,0,A00,A0,A0,E0,0,0,2009,4,,,0,,,1440
39133,4591,A05,0,A00,A0,A0,E0,0,0,2009,4,110,120,28,18,10,2199
39135,4591,A05,0,A00,A0,A0,E0,0,0,2009,4,,,0,0,,1676
39137,4591,A05,0,A00,A0,A0,E0,0,0,2009,4,,,,0,,2181
39139,4591,A05,0,A00,A0,A0,E0,0,0,2009,4,196,225,80,51,29,1663
39141,4591,A05,0,A00,A0,A0,E0,0,0,2009,4,84,90,16,11,6,1273
39143,4591,A05,0,A00,A0,A0,E0,0,0,2009,4,26,27,7,5,1,1048
39145,4591,A05,0,A00,A0,A0,E0,0,0,2009,4,29,29,5,4,0,1574
39147,4591,A05,0,A00,A0,A0,E0,0,0,2009,4,9,12,3,0,3,1519
39149,4591,A05,0,A00,A0,A0,E0,0,0,2009,4,,,,,,953
39151,4591,A05,0,A00,A0,A0,E0,0,0,2009,4,613,682,203,134,69,1414
39153,4591,A05,0,A00,A0,A0,E0,0,0,2009,4,1781,1924,515,372,143,2220
39155,4591,A05,0,A00,A0,A0,E0,0,0,2009,4,292,319,110,82,27,1420
39157,4591,A05,0,A00,A0,A0,E0,0,0,2009,4,74,80,16,10,6,1595
39159,4591,A05,0,A00,A0,A0,E0,0,0,2009,4,17,20,7,4,3,1606
39161,4591,A05,0,A00,A0,A0,E0,0,0,2009,4,10,11,6,5,2,1228
39165,4591,A05,0,A00,A0,A0,E0,0,0,2009,4,279,316,92,55,37,1518
39167,4591,A05,0,A00,A0,A0,E0,0,0,2009,4,50,45,,7,-5,1783
39169,4591,A05,0,A00,A0,A0,E0,0,0,2009,4,169,169,40,40,0,1319
39171,4591,A05,0,A00,A0,A0,E0,0,0,2009,4,14,16,3,,2,872
39173,4591,A05,0,A00,A0,A0,E0,0,0,2009,4,307,328,85,64,21,1355
39175,4591,A05,0,A00,A0,A0,E0,0,0,2009,4,,,0,,,882
39,4591,A05,0,A00,A0,A0,E0,0,0,2009,4,17206,18468,5419,4157,1262,1679
39003,4591,A05,0,A00,A0,A0,E0,0,0,2010,1,197,173,8,32,-24,1175
39005,4591,A05,0,A00,A0,A0,E0,0,0,2010,1,82,77,4,10,-5,1571
39007,4591,A05,0,A00,A0,A0,E0,0,0,2010,1,51,47,,6,-3,1385
39009,4591,A05,0,A00,A0,A0,E0,0,0,2010,1,118,113,7,12,-5,1986
39011,4591,A05,0,A00,A0,A0,E0,0,0,2010,1,65,67,6,4,2,1011
39013,4591,A05,0,A00,A0,A0,E0,0,0,2010,1,105,89,4,20,-16,1049
39015,4591,A05,0,A00,A0,A0,E0,0,0,2010,1,,,,,,1858
39017,4591,A05,0,A00,A0,A0,E0,0,0,2010,1,477,469,54,62,-8,2660
39019,4591,A05,0,A00,A0,A0,E0,0,0,2010,1,,,0,0,,910
39021,4591,A05,0,A00,A0,A0,E0,0,0,2010,1,,,0,,,550
39023,4591,A05,0,A00,A0,A0,E0,0,0,2010,1,114,104,9,19,-10,1227
39025,4591,A05,0,A00,A0,A0,E0,0,0,2010,1,251,232,18,37,-18,1190
39027,4591,A05,0,A00,A0,A0,E0,0,0,2010,1,,,0,,,631
39029,4591,A05,0,A00,A0,A0,E0,0,0,2010,1,53,55,10,8,1,881
39031,4591,A05,0,A00,A0,A0,E0,0,0,2010,1,,,,,,755
39033,4591,A05,0,A00,A0,A0,E0,0,0,2010,1,,,,,,873
39035,4591,A05,0,A00,A0,A0,E0,0,0,2010,1,2045,1859,127,313,-186,1327
39037,4591,A05,0,A00,A0,A0,E0,0,0,2010,1,35,33,,3,-2,1087
39039,4591,A05,0,A00,A0,A0,E0,0,0,2010,1,74,74,7,6,1,1422
39041,4591,A05,0,A00,A0,A0,E0,0,0,2010,1,441,384,42,100,-57,1084
39043,4591,A05,0,A00,A0,A0,E0,0,0,2010,1,168,144,11,35,-24,1170
39045,4591,A05,0,A00,A0,A0,E0,0,0,2010,1,257,224,7,40,-33,1347
39047,4591,A05,0,A00,A0,A0,E0,0,0,2010,1,50,40,5,15,-10,673
39049,4591,A05,0,A00,A0,A0,E0,0,0,2010,1,2360,2165,144,339,-195,1155
39051,4591,A05,0,A00,A0,A0,E0,0,0,2010,1,32,33,,,1,1217
39053,4591,A05,0,A00,A0,A0,E0,0,0,2010,1,15,15,4,3,1,988
39055,4591,A05,0,A00,A0,A0,E0,0,0,2010,1,226,222,21,25,-4,3367
39057,4591,A05,0,A00,A0,A0,E0,0,0,2010,1,274,248,18,45,-26,1051
39059,4591,A05,0,A00,A0,A0,E0,0,0,2010,1,26,22,,5,-3,1235
39061,4591,A05,0,A00,A0,A0,E0,0,0,2010,1,1838,1719,143,262,-119,1278
39063,4591,A05,0,A00,A0,A0,E0,0,0,2010,1,120,108,6,18,-12,1212
39065,4591,A05,0,A00,A0,A0,E0,0,0,2010,1,,,0,,,1056
39067,4591,A05,0,A00,A0,A0,E0,0,0,2010,1,,,0,0,,1060
39069,4591,A05,0,A00,A0,A0,E0,0,0,2010,1,,,0,,,1007
39071,4591,A05,0,A00,A0,A0,E0,0,0,2010,1,,,,,,1463
39073,4591,A05,0,A00,A0,A0,E0,0,0,2010,1,,,0,,,1323
39075,4591,A05,0,A00,A0,A0,E0,0,0,2010,1,97,94,4,7,-4,1081
39077,4591,A05,0,A00,A0,A0,E0,0,0,2010,1,,,,,,498
39079,4591,A05,0,A00,A0,A0,E0,0,0,2010,1,,,0,0,,2229
39081,4591,A05,0,A00,A0,A0,E0,0,0,2010,1,83,81,9,10,-2,1015
39083,4591,A05,0,A00,A0,A0,E0,0,0,2010,1,44,38,5,12,-7,1083
39085,4591,A05,0,A00,A0,A0,E0,0,0,2010,1,399,377,30,52,-23,1377
39087,4591,A05,0,A00,A0,A0,E0,0,0,2010,1,20,20,3,4,-1,814
39089,4591,A05,0,A00,A0,A0,E0,0,0,2010,1,326,316,24,35,-11,1454
39091,4591,A05,0,A00,A0,A0,E0,0,0,2010,1,48,26,9,31,-22,590
39093,4591,A05,0,A00,A0,A0,E0,0,0,2010,1,315,263,17,69,-52,1041
39095,4591,A05,0,A00,A0,A0,E0,0,0,2010,1,790,744,66,111,-45,1322
39097,4591,A05,0,A00,A0,A0,E0,0,0,2010,1,,,,,,2382
39099,4591,A05,0,A00,A0,A0,E0,0,0,2010,1,696,656,59,99,-39,1898
39101,4591,A05,0,A00,A0,A0,E0,0,0,2010,1,72,66,5,11,-6,1048
39103,4591,A05,0,A00,A0,A0,E0,0,0,2010,1,169,158,11,21,-10,1215
39105,4591,A05,0,A00,A0,A0,E0,0,0,2010,1,11,10,,,-1,742
39107,4591,A05,0,A00,A0,A0,E0,0,0,2010,1,25,23,,4,-3,900
39109,4591,A05,0,A00,A0,A0,E0,0,0,2010,1,124,120,11,15,-4,1780
39111,4591,A05,0,A00,A0,A0,E0,0,0,2010,1,,,0,0,,1015
39113,4591,A05,0,A00,A0,A0,E0,0,0,2010,1,802,736,51,117,-66,1244
39117,4591,A05,0,A00,A0,A0,E0,0,0,2010,1,,,,,,1303
39119,4591,A05,0,A00,A0,A0,E0,0,0,2010,1,113,102,5,15,-10,1358
39123,4591,A05,0,A00,A0,A0,E0,0,0,2010,1,7,8,,,1,689
39127,4591,A05,0,A00,A0,A0,E0,0,0,2010,1,,,,,,794
39129,4591,A05,0,A00,A0,A0,E0,0,0,2010,1,10,10,,,0,1154
39131,4591,A05,0,A00,A0,A0,E0,0,0,2010,1,,,0,0,,1151
39133,4591,A05,0,A00,A0,A0,E0,0,0,2010,1,138,127,6,17,-11,1896
39135,4591,A05,0,A00,A0,A0,E0,0,0,2010,1,,,,0,,1266
39137,4591,A05,0,A00,A0,A0,E0,0,0,2010,1,,,0,0,,1613
39139,4591,A05,0,A00,A0,A0,E0,0,0,2010,1,225,202,12,35,-23,1320
39141,4591,A05,0,A00,A0,A0,E0,0,0,2010,1,82,71,,12,-10,900
39143,4591,A05,0,A00,A0,A0,E0,0,0,2010,1,27,34,12,5,7,906
39145,4591,A05,0,A00,A0,A0,E0,0,0,2010,1,29,27,,4,-2,1496
39147,4591,A05,0,A00,A0,A0,E0,0,0,2010,1,12,13,,0,1,1427
39149,4591,A05,0,A00,A0,A0,E0,0,0,2010,1,12,10,,4,-2,862
39151,4591,A05,0,A00,A0,A0,E0,0,0,2010,1,642,587,39,94,-55,1113
39153,4591,A05,0,A00,A0,A0,E0,0,0,2010,1,1927,1812,97,212,-115,2566
39155,4591,A05,0,A00,A0,A0,E0,0,0,2010,1,319,290,25,54,-29,1075
39157,4591,A05,0,A00,A0,A0,E0,0,0,2010,1,80,74,,8,-6,1238
39159,4591,A05,0,A00,A0,A0,E0,0,0,2010,1,20,19,,2,-1,1499
39161,4591,A05,0,A00,A0,A0,E0,0,0,2010,1,11,11,,,-1,924
39165,4591,A05,0,A00,A0,A0,E0,0,0,2010,1,315,275,13,53,-40,1134
39167,4591,A05,0,A00,A0,A0,E0,0,0,2010,1,45,44,0,,-1,2365
39169,4591,A05,0,A00,A0,A0,E0,0,0,2010,1,163,153,11,22,-10,1072
39171,4591,A05,0,A00,A0,A0,E0,0,0,2010,1,16,14,0,,-2,566
39173,4591,A05,0,A00,A0,A0,E0,0,0,2010,1,328,300,15,43,-27,1040
39175,4591,A05,0,A00,A0,A0,E0,0,0,2010,1,,,0,,,689
39,4591,A05,0,A00,A0,A0,E0,0,0,2010,1,18184,16795,1247,2635,-1388,1454
39001,4591,A05,0,A00,A0,A0,E0,0,0,2010,2,0,,,0,,
39003,4591,A05,0,A00,A0,A0,E0,0,0,2010,2,178,184,24,19,5,1390
39005,4591,A05,0,A00,A0,A0,E0,0,0,2010,2,77,79,7,4,3,2037
39007,4591,A05,0,A00,A0,A0,E0,0,0,2010,2,49,52,7,4,3,1217
39009,4591,A05,0,A00,A0,A0,E0,0,0,2010,2,113,112,8,9,-1,2142
39011,4591,A05,0,A00,A0,A0,E0,0,0,2010,2,67,68,6,5,2,1070
39013,4591,A05,0,A00,A0,A0,E0,0,0,2010,2,93,90,10,12,-3,1304
39015,4591,A05,0,A00,A0,A0,E0,0,0,2010,2,,,,,,1184
39017,4591,A05,0,A00,A0,A0,E0,0,0,2010,2,460,462,73,71,2,2366
39019,4591,A05,0,A00,A0,A0,E0,0,0,2010,2,,,0,0,,977
39021,4591,A05,0,A00,A0,A0,E0,0,0,2010,2,,,,,,685
39023,4591,A05,0,A00,A0,A0,E0,0,0,2010,2,109,109,11,10,0,1409
39025,4591,A05,0,A00,A0,A0,E0,0,0,2010,2,223,241,42,24,18,1482
39027,4591,A05,0,A00,A0,A0,E0,0,0,2010,2,,,,0,,1138
39029,4591,A05,0,A00,A0,A0,E0,0,0,2010,2,60,63,12,9,3,1041
39031,4591,A05,0,A00,A0,A0,E0,0,0,2010,2,,,,,,1024
39033,4591,A05,0,A00,A0,A0,E0,0,0,2010,2,,,,,,955
39035,4591,A05,0,A00,A0,A0,E0,0,0,2010,2,1906,1916,269,259,10,1589
39037,4591,A05,0,A00,A0,A0,E0,0,0,2010,2,33,30,4,6,-3,1349
39039,4591,A05,0,A00,A0,A0,E0,0,0,2010,2,71,76,13,9,4,3758
39041,4591,A05,0,A00,A0,A0,E0,0,0,2010,2,385,412,96,69,27,1770
39043,4591,A05,0,A00,A0,A0,E0,0,0,2010,2,145,146,26,24,2,1268
39045,4591,A05,0,A00,A0,A0,E0,0,0,2010,2,238,231,20,27,-7,1259
39047,4591,A05,0,A00,A0,A0,E0,0,0,2010,2,40,71,46,16,31,829
39049,4591,A05,0,A00,A0,A0,E0,0,0,2010,2,2226,2283,392,334,58,1541
39051,4591,A05,0,A00,A0,A0,E0,0,0,2010,2,33,35,5,3,3,1144
39053,4591,A05,0,A00,A0,A0,E0,0,0,2010,2,15,13,3,6,-3,1238
39055,4591,A05,0,A00,A0,A0,E0,0,0,2010,2,222,230,37,30,8,1778
39057,4591,A05,0,A00,A0,A0,E0,0,0,2010,2,258,254,39,43,-4,1340
39059,4591,A05,0,A00,A0,A0,E0,0,0,2010,2,22,25,5,3,3,1305
39061,4591,A05,0,A00,A0,A0,E0,0,0,2010,2,1712,1689,231,254,-23,1528
39063,4591,A05,0,A00,A0,A0,E0,0,0,2010,2,110,162,82,30,52,1458
39065,4591,A05,0,A00,A0,A0,E0,0,0,2010,2,,,0,,,1312
39067,4591,A05,0,A00,A0,A0,E0,0,0,2010,2,,,0,0,,1038
39069,4591,A05,0,A00,A0,A0,E0,0,0,2010,2,,,0,0,,1403
39071,4591,A05,0,A00,A0,A0,E0,0,0,2010,2,,,,,,1608
39073,4591,A05,0,A00,A0,A0,E0,0,0,2010,2,,,0,,,1425
39075,4591,A05,0,A00,A0,A0,E0,0,0,2010,2,94,104,17,7,10,1232
39077,4591,A05,0,A00,A0,A0,E0,0,0,2010,2,,,0,,,633
39079,4591,A05,0,A00,A0,A0,E0,0,0,2010,2,,,,0,,2897
39081,4591,A05,0,A00,A0,A0,E0,0,0,2010,2,87,83,11,15,-4,1150
39083,4591,A05,0,A00,A0,A0,E0,0,0,2010,2,38,43,12,7,5,1214
39085,4591,A05,0,A00,A0,A0,E0,0,0,2010,2,397,404,58,51,8,1416
39087,4591,A05,0,A00,A0,A0,E0,0,0,2010,2,20,20,,0,0,1124
39089,4591,A05,0,A00,A0,A0,E0,0,0,2010,2,319,315,26,30,-4,2077
39091,4591,A05,0,A00,A0,A0,E0,0,0,2010,2,19,22,5,,3,717
39093,4591,A05,0,A00,A0,A0,E0,0,0,2010,2,273,274,37,36,1,1303
39095,4591,A05,0,A00,A0,A0,E0,0,0,2010,2,747,762,136,121,15,1527
39097,4591,A05,0,A00,A0,A0,E0,0,0,2010,2,,,,,,2193
39099,4591,A05,0,A00,A0,A0,E0,0,0,2010,2,667,829,260,98,162,2168
39101,4591,A05,0,A00,A0,A0,E0,0,0,2010,2,69,74,13,9,5,1283
39103,4591,A05,0,A00,A0,A0,E0,0,0,2010,2,174,160,14,28,-14,2144
39105,4591,A05,0,A00,A0,A0,E0,0,0,2010,2,10,12,,0,2,813
39107,4591,A05,0,A00,A0,A0,E0,0,0,2010,2,23,23,,,0,1054
39109,4591,A05,0,A00,A0,A0,E0,0,0,2010,2,130,154,42,17,25,2088
39111,4591,A05,0,A00,A0,A0,E0,0,0,2010,2,,0,0,,,1015
39113,4591,A05,0,A00,A0,A0,E0,0,0,2010,2,750,751,94,93,1,1867
39117,4591,A05,0,A00,A0,A0,E0,0,0,2010,2,,,,,,1249
39119,4591,A05,0,A00,A0,A0,E0,0,0,2010,2,103,104,11,10,1,1546
39123,4591,A05,0,A00,A0,A0,E0,0,0,2010,2,8,29,23,,21,1963
39127,4591,A05,0,A00,A0,A0,E0,0,0,2010,2,,,,0,,1076
39129,4591,A05,0,A00,A0,A0,E0,0,0,2010,2,10,13,3,0,2,1297
39131,4591,A05,0,A00,A0,A0,E0,0,0,2010,2,,,0,0,,1151
39133,4591,A05,0,A00,A0,A0,E0,0,0,2010,2,111,126,20,6,14,2045
39135,4591,A05,0,A00,A0,A0,E0,0,0,2010,2,,,0,0,,1325
39137,4591,A05,0,A00,A0,A0,E0,0,0,2010,2,,,0,0,,1993
39139,4591,A05,0,A00,A0,A0,E0,0,0,2010,2,203,202,23,25,-2,1468
39141,4591,A05,0,A00,A0,A0,E0,0,0,2010,2,74,76,7,5,2,1112
39143,4591,A05,0,A00,A0,A0,E0,0,0,2010,2,40,40,6,6,0,1033
39145,4591,A05,0,A00,A0,A0,E0,0,0,2010,2,27,17,,13,-10,1611
39147,4591,A05,0,A00,A0,A0,E0,0,0,2010,2,13,16,3,,2,1458
39149,4591,A05,0,A00,A0,A0,E0,0,0,2010,2,10,11,3,,1,1177
39151,4591,A05,0,A00,A0,A0,E0,0,0,2010,2,607,630,99,76,23,1334
39153,4591,A05,0,A00,A0,A0,E0,0,0,2010,2,1463,1457,148,155,-7,1733
39155,4591,A05,0,A00,A0,A0,E0,0,0,2010,2,301,315,59,45,14,1331
39157,4591,A05,0,A00,A0,A0,E0,0,0,2010,2,67,65,4,6,-2,1381
39159,4591,A05,0,A00,A0,A0,E0,0,0,2010,2,19,26,8,,7,1778
39161,4591,A05,0,A00,A0,A0,E0,0,0,2010,2,11,12,3,,1,1158
39165,4591,A05,0,A00,A0,A0,E0,0,0,2010,2,293,290,33,36,-2,2005
39167,4591,A05,0,A00,A0,A0,E0,0,0,2010,2,48,59,13,,11,1987
39169,4591,A05,0,A00,A0,A0,E0,0,0,2010,2,151,152,21,20,1,1302
39171,4591,A05,0,A00,A0,A0,E0,0,0,2010,2,14,14,3,3,0,467
39173,4591,A05,0,A00,A0,A0,E0,0,0,2010,2,291,281,30,40,-10,1266
39175,4591,A05,0,A00,A0,A0,E0,0,0,2010,2,,,,,,884
39,4591,A05,0,A00,A0,A0,E0,0,0,2010,2,16692,17174,2751,2269,482,1615
39001,4591,A05,0,A00,A0,A0,E0,0,0,2010,3,,,0,,,1483
39003,4591,A05,0,A00,A0,A0,E0,0,0,2010,3,184,188,41,37,4,1414
39005,4591,A05,0,A00,A0,A0,E0,0,0,2010,3,79,85,11,5,6,1982
39007,4591,A05,0,A00,A0,A0,E0,0,0,2010,3,52,54,11,8,2,1384
39009,4591,A05,0,A00,A0,A0,E0,0,0,2010,3,112,117,20,14,5,2142
39011,4591,A05,0,A00,A0,A0,E0,0,0,2010,3,68,65,16,19,-3,1128
39013,4591,A05,0,A00,A0,A0,E0,0,0,2010,3,94,99,19,15,5,1550
39015,4591,A05,0,A00,A0,A0,E0,0,0,2010,3,,,0,,,1139
39017,4591,A05,0,A00,A0,A0,E0,0,0,2010,3,305,302,50,54,-4,1304
39019,4591,A05,0,A00,A0,A0,E0,0,0,2010,3,,,0,0,,892
39021,4591,A05,0,A00,A0,A0,E0,0,0,2010,3,,,,,,618
39023,4591,A05,0,A00,A0,A0,E0,0,0,2010,3,110,110,18,17,0,1543
39025,4591,A05,0,A00,A0,A0,E0,0,0,2010,3,241,233,38,46,-7,1422
39027,4591,A05,0,A00,A0,A0,E0,0,0,2010,3,,,,,,1015
39029,4591,A05,0,A00,A0,A0,E0,0,0,2010,3,63,59,10,15,-5,984
39031,4591,A05,0,A00,A0,A0,E0,0,0,2010,3,,,,,,928
39033,4591,A05,0,A00,A0,A0,E0,0,0,2010,3,,,,,,774
39035,4591,A05,0,A00,A0,A0,E0,0,0,2010,3,1930,1927,313,316,-3,1613
39037,4591,A05,0,A00,A0,A0,E0,0,0,2010,3,30,31,5,4,1,1358
39039,4591,A05,0,A00,A0,A0,E0,0,0,2010,3,76,76,12,12,1,1611
39041,4591,A05,0,A00,A0,A0,E0,0,0,2010,3,418,427,94,85,9,1790
39043,4591,A05,0,A00,A0,A0,E0,0,0,2010,3,147,151,27,23,4,1346
39045,4591,A05,0,A00,A0,A0,E0,0,0,2010,3,231,245,40,26,14,1227
39047,4591,A05,0,A00,A0,A0,E0,0,0,2010,3,71,87,41,25,16,726
39049,4591,A05,0,A00,A0,A0,E0,0,0,2010,3,2275,2260,390,404,-14,1467
39051,4591,A05,0,A00,A0,A0,E0,0,0,2010,3,35,41,8,3,5,1292
39053,4591,A05,0,A00,A0,A0,E0,0,0,2010,3,13,15,4,,2,1471
39055,4591,A05,0,A00,A0,A0,E0,0,0,2010,3,229,214,28,43,-15,1395
39057,4591,A05,0,A00,A0,A0,E0,0,0,2010,3,255,267,53,40,12,1186
39059,4591,A05,0,A00,A0,A0,E0,0,0,2010,3,21,25,6,,4,1366
39061,4591,A05,0,A00,A0,A0,E0,0,0,2010,3,1674,1674,290,291,0,1483
39063,4591,A05,0,A00,A0,A0,E0,0,0,2010,3,162,140,30,51,-22,1070
39065,4591,A05,0,A00,A0,A0,E0,0,0,2010,3,,,,,,1375
39067,4591,A05,0,A00,A0,A0,E0,0,0,2010,3,,,0,0,,1003
39069,4591,A05,0,A00,A0,A0,E0,0,0,2010,3,,,,,,1423
39071,4591,A05,0,A00,A0,A0,E0,0,0,2010,3,,,,,,1679
39073,4591,A05,0,A00,A0,A0,E0,0,0,2010,3,5,5,6,6,0,1332
39075,4591,A05,0,A00,A0,A0,E0,0,0,2010,3,104,100,,6,-4,1162
39077,4591,A05,0,A00,A0,A0,E0,0,0,2010,3,,,0,0,,741
39079,4591,A05,0,A00,A0,A0,E0,0,0,2010,3,,5,4,,2,1811
39081,4591,A05,0,A00,A0,A0,E0,0,0,2010,3,83,82,15,16,-1,1073
39083,4591,A05,0,A00,A0,A0,E0,0,0,2010,3,43,49,12,6,6,1276
39085,4591,A05,0,A00,A0,A0,E0,0,0,2010,3,405,402,61,64,-4,1440
39087,4591,A05,0,A00,A0,A0,E0,0,0,2010,3,20,20,6,5,0,1033
39089,4591,A05,0,A00,A0,A0,E0,0,0,2010,3,316,320,42,38,4,1608
39091,4591,A05,0,A00,A0,A0,E0,0,0,2010,3,22,19,,6,-3,623
39093,4591,A05,0,A00,A0,A0,E0,0,0,2010,3,273,296,71,49,23,1309
39095,4591,A05,0,A00,A0,A0,E0,0,0,2010,3,763,769,151,146,5,1410
39097,4591,A05,0,A00,A0,A0,E0,0,0,2010,3,,,,,,2092
39099,4591,A05,0,A00,A0,A0,E0,0,0,2010,3,828,662,93,258,-165,1748
39101,4591,A05,0,A00,A0,A0,E0,0,0,2010,3,74,79,20,15,5,1245
39103,4591,A05,0,A00,A0,A0,E0,0,0,2010,3,160,175,38,23,15,2406
39105,4591,A05,0,A00,A0,A0,E0,0,0,2010,3,12,11,0,,-1,749
39107,4591,A05,0,A00,A0,A0,E0,0,0,2010,3,23,24,,,1,1117
39109,4591,A05,0,A00,A0,A0,E0,0,0,2010,3,154,156,19,18,1,1781
39113,4591,A05,0,A00,A0,A0,E0,0,0,2010,3,751,749,124,126,-2,1714
39117,4591,A05,0,A00,A0,A0,E0,0,0,2010,3,,,,,,924
39119,4591,A05,0,A00,A0,A0,E0,0,0,2010,3,103,107,20,16,4,1592
39123,4591,A05,0,A00,A0,A0,E0,0,0,2010,3,29,24,,7,-5,1872
39127,4591,A05,0,A00,A0,A0,E0,0,0,2010,3,,,0,,,904
39129,4591,A05,0,A00,A0,A0,E0,0,0,2010,3,13,11,,3,-1,1182
39131,4591,A05,0,A00,A0,A0,E0,0,0,2010,3,,,0,0,,1063
39133,4591,A05,0,A00,A0,A0,E0,0,0,2010,3,126,128,18,15,3,2153
39135,4591,A05,0,A00,A0,A0,E0,0,0,2010,3,,,0,0,,1448
39137,4591,A05,0,A00,A0,A0,E0,0,0,2010,3,,,,0,,2145
39139,4591,A05,0,A00,A0,A0,E0,0,0,2010,3,202,217,38,23,15,1457
39141,4591,A05,0,A00,A0,A0,E0,0,0,2010,3,76,79,12,9,3,1075
39143,4591,A05,0,A00,A0,A0,E0,0,0,2010,3,40,37,8,10,-3,1031
39145,4591,A05,0,A00,A0,A0,E0,0,0,2010,3,17,19,6,5,2,1338
39147,4591,A05,0,A00,A0,A0,E0,0,0,2010,3,16,15,,,-1,1331
39149,4591,A05,0,A00,A0,A0,E0,0,0,2010,3,11,13,6,4,2,904
39151,4591,A05,0,A00,A0,A0,E0,0,0,2010,3,629,639,120,110,10,1325
39153,4591,A05,0,A00,A0,A0,E0,0,0,2010,3,1457,1482,236,211,25,1893
39155,4591,A05,0,A00,A0,A0,E0,0,0,2010,3,316,325,64,54,10,1235
39157,4591,A05,0,A00,A0,A0,E0,0,0,2010,3,65,69,14,10,4,1456
39159,4591,A05,0,A00,A0,A0,E0,0,0,2010,3,26,30,10,6,4,1577
39161,4591,A05,0,A00,A0,A0,E0,0,0,2010,3,12,13,4,3,0,911
39165,4591,A05,0,A00,A0,A0,E0,0,0,2010,3,290,314,64,40,24,1770
39167,4591,A05,0,A00,A0,A0,E0,0,0,2010,3,59,51,10,18,-8,1953
39169,4591,A05,0,A00,A0,A0,E0,0,0,2010,3,152,156,31,27,4,1290
39171,4591,A05,0,A00,A0,A0,E0,0,0,2010,3,14,14,3,3,0,779
39173,4591,A05,0,A00,A0,A0,E0,0,0,2010,3,281,304,54,31,23,1311
39175,4591,A05,0,A00,A0,A0,E0,0,0,2010,3,,,,,,923
39,4591,A05,0,A00,A0,A0,E0,0,0,2010,3,17016,17037,3000,2979,21,1529
39001,4591,A05,0,A00,A0,A0,E0,0,0,2010,4,,,0,0,,1870
39003,4591,A05,0,A00,A0,A0,E0,0,0,2010,4,188,204,82,66,16,1621
39005,4591,A05,0,A00,A0,A0,E0,0,0,2010,4,85,90,14,9,5,2105
39007,4591,A05,0,A00,A0,A0,E0,0,0,2010,4,54,55,9,8,1,1213
39009,4591,A05,0,A00,A0,A0,E0,0,0,2010,4,118,123,16,10,6,2550
39011,4591,A05,0,A00,A0,A0,E0,0,0,2010,4,65,67,11,9,1,1431
39013,4591,A05,0,A00,A0,A0,E0,0,0,2010,4,99,108,56,47,9,1543
39015,4591,A05,0,A00,A0,A0,E0,0,0,2010,4,,,,,,1125
39017,4591,A05,0,A00,A0,A0,E0,0,0,2010,4,302,315,85,71,14,1426
39019,4591,A05,0,A00,A0,A0,E0,0,0,2010,4,,,0,0,,1162
39021,4591,A05,0,A00,A0,A0,E0,0,0,2010,4,,,,,,649
39023,4591,A05,0,A00,A0,A0,E0,0,0,2010,4,110,109,22,22,-1,1571
39025,4591,A05,0,A00,A0,A0,E0,0,0,2010,4,284,321,131,94,37,1553
39027,4591,A05,0,A00,A0,A0,E0,0,0,2010,4,,,,,,1004
39029,4591,A05,0,A00,A0,A0,E0,0,0,2010,4,59,62,11,8,3,1180
39031,4591,A05,0,A00,A0,A0,E0,0,0,2010,4,,,,,,1153
39033,4591,A05,0,A00,A0,A0,E0,0,0,2010,4,,,,,,922
39035,4591,A05,0,A00,A0,A0,E0,0,0,2010,4,1922,2065,591,448,143,1655
39037,4591,A05,0,A00,A0,A0,E0,0,0,2010,4,31,19,4,17,-13,1447
39039,4591,A05,0,A00,A0,A0,E0,0,0,2010,4,76,72,9,13,-4,1816
39041,4591,A05,0,A00,A0,A0,E0,0,0,2010,4,426,469,144,101,42,1378
39043,4591,A05,0,A00,A0,A0,E0,0,0,2010,4,153,154,61,60,1,1250
39045,4591,A05,0,A00,A0,A0,E0,0,0,2010,4,251,287,81,45,36,1397
39047,4591,A05,0,A00,A0,A0,E0,0,0,2010,4,87,104,40,22,17,664
39049,4591,A05,0,A00,A0,A0,E0,0,0,2010,4,2261,2446,803,619,185,2271
39051,4591,A05,0,A00,A0,A0,E0,0,0,2010,4,41,56,37,22,15,1527
39053,4591,A05,0,A00,A0,A0,E0,0,0,2010,4,15,17,4,,3,1476
39055,4591,A05,0,A00,A0,A0,E0,0,0,2010,4,213,223,48,38,11,1793
39057,4591,A05,0,A00,A0,A0,E0,0,0,2010,4,267,288,127,106,21,1274
39059,4591,A05,0,A00,A0,A0,E0,0,0,2010,4,25,26,3,3,1,1802
39061,4591,A05,0,A00,A0,A0,E0,0,0,2010,4,1620,1724,532,428,104,1632
39063,4591,A05,0,A00,A0,A0,E0,0,0,2010,4,140,116,34,58,-24,1391
39065,4591,A05,0,A00,A0,A0,E0,0,0,2010,4,,,,,,1195
39067,4591,A05,0,A00,A0,A0,E0,0,0,2010,4,,,0,,,1472
39069,4591,A05,0,A00,A0,A0,E0,0,0,2010,4,,,,,,1178
39071,4591,A05,0,A00,A0,A0,E0,0,0,2010,4,23,26,5,3,3,1736
39073,4591,A05,0,A00,A0,A0,E0,0,0,2010,4,5,6,,0,1,1506
39075,4591,A05,0,A00,A0,A0,E0,0,0,2010,4,100,92,,10,-8,1327
39077,4591,A05,0,A00,A0,A0,E0,0,0,2010,4,,,,,,806
39079,4591,A05,0,A00,A0,A0,E0,0,0,2010,4,5,,,5,-2,1023
39081,4591,A05,0,A00,A0,A0,E0,0,0,2010,4,81,86,15,10,5,1251
39083,4591,A05,0,A00,A0,A0,E0,0,0,2010,4,49,52,10,7,3,1207
39085,4591,A05,0,A00,A0,A0,E0,0,0,2010,4,402,437,118,82,35,1562
39087,4591,A05,0,A00,A0,A0,E0,0,0,2010,4,20,20,3,3,0,1155
39089,4591,A05,0,A00,A0,A0,E0,0,0,2010,4,320,330,77,67,10,2134
39091,4591,A05,0,A00,A0,A0,E0,0,0,2010,4,19,50,42,11,31,694
39093,4591,A05,0,A00,A0,A0,E0,0,0,2010,4,297,319,112,90,22,1547
39095,4591,A05,0,A00,A0,A0,E0,0,0,2010,4,769,837,360,292,68,1655
39097,4591,A05,0,A00,A0,A0,E0,0,0,2010,4,,,,,,2288
39099,4591,A05,0,A00,A0,A0,E0,0,0,2010,4,663,686,144,121,23,2286
39101,4591,A05,0,A00,A0,A0,E0,0,0,2010,4,79,81,16,15,2,1486
39103,4591,A05,0,A00,A0,A0,E0,0,0,2010,4,175,184,39,30,9,1626
39105,4591,A05,0,A00,A0,A0,E0,0,0,2010,4,11,10,0,,-1,1108
39107,4591,A05,0,A00,A0,A0,E0,0,0,2010,4,24,23,4,5,-1,1152
39109,4591,A05,0,A00,A0,A0,E0,0,0,2010,4,156,147,24,33,-9,1942
39113,4591,A05,0,A00,A0,A0,E0,0,0,2010,4,749,789,230,190,40,1658
39117,4591,A05,0,A00,A0,A0,E0,0,0,2010,4,,,0,0,,1032
39119,4591,A05,0,A00,A0,A0,E0,0,0,2010,4,107,113,25,19,6,1653
39123,4591,A05,0,A00,A0,A0,E0,0,0,2010,4,24,8,0,16,-16,766
39127,4591,A05,0,A00,A0,A0,E0,0,0,2010,4,,,0,0,,1305
39129,4591,A05,0,A00,A0,A0,E0,0,0,2010,4,11,13,2,,2,1274
39131,4591,A05,0,A00,A0,A0,E0,0,0,2010,4,,,0,0,,1151
39133,4591,A05,0,A00,A0,A0,E0,0,0,2010,4,128,115,27,40,-13,2556
39135,4591,A05,0,A00,A0,A0,E0,0,0,2010,4,,,0,,,148805
39137,4591,A05,0,A00,A0,A0,E0,0,0,2010,4,,,,0,,2119
39139,4591,A05,0,A00,A0,A0,E0,0,0,2010,4,217,239,83,61,22,1568
39141,4591,A05,0,A00,A0,A0,E0,0,0,2010,4,78,81,16,13,3,1214
39143,4591,A05,0,A00,A0,A0,E0,0,0,2010,4,37,37,11,11,0,1048
39145,4591,A05,0,A00,A0,A0,E0,0,0,2010,4,19,23,6,,4,1355
39147,4591,A05,0,A00,A0,A0,E0,0,0,2010,4,15,15,0,0,0,1405
39149,4591,A05,0,A00,A0,A0,E0,0,0,2010,4,13,14,4,4,1,918
39151,4591,A05,0,A00,A0,A0,E0,0,0,2010,4,641,702,229,167,62,1414
39153,4591,A05,0,A00,A0,A0,E0,0,0,2010,4,1482,1568,447,362,85,1983
39155,4591,A05,0,A00,A0,A0,E0,0,0,2010,4,325,349,102,78,24,1348
39157,4591,A05,0,A00,A0,A0,E0,0,0,2010,4,69,76,19,12,7,1486
39159,4591,A05,0,A00,A0,A0,E0,0,0,2010,4,30,36,9,4,5,1497
39161,4591,A05,0,A00,A0,A0,E0,0,0,2010,4,13,13,2,,0,977
39165,4591,A05,0,A00,A0,A0,E0,0,0,2010,4,313,339,73,46,26,1513
39167,4591,A05,0,A00,A0,A0,E0,0,0,2010,4,51,50,5,6,-1,1650
39169,4591,A05,0,A00,A0,A0,E0,0,0,2010,4,156,167,39,28,11,1386
39171,4591,A05,0,A00,A0,A0,E0,0,0,2010,4,14,11,,4,-3,730
39173,4591,A05,0,A00,A0,A0,E0,0,0,2010,4,303,337,88,54,34,1326
39175,4591,A05,0,A00,A0,A0,E0,0,0,2010,4,,,,,,844
39,4591,A05,0,A00,A0,A0,E0,0,0,2010,4,17037,18165,5385,4258,1128,1801
39001,4591,A05,0,A00,A0,A0,E0,0,0,2011,1,,,0,0,,1602
39003,4591,A05,0,A00,A0,A0,E0,0,0,2011,1,204,182,11,33,-22,1185
39005,4591,A05,0,A00,A0,A0,E0,0,0,2011,1,90,84,3,9,-6,1646
39007,4591,A05,0,A00,A0,A0,E0,0,0,2011,1,55,53,4,7,-2,6093
39009,4591,A05,0,A00,A0,A0,E0,0,0,2011,1,128,124,14,17,-4,1700
39011,4591,A05,0,A00,A0,A0,E0,0,0,2011,1,67,55,4,15,-11,1002
39013,4591,A05,0,A00,A0,A0,E0,0,0,2011,1,101,90,8,20,-11,1137
39015,4591,A05,0,A00,A0,A0,E0,0,0,2011,1,,,,,,1166
39017,4591,A05,0,A00,A0,A0,E0,0,0,2011,1,306,280,25,51,-26,1135
39019,4591,A05,0,A00,A0,A0,E0,0,0,2011,1,,,0,0,,782
39021,4591,A05,0,A00,A0,A0,E0,0,0,2011,1,,,,,,538
39023,4591,A05,0,A00,A0,A0,E0,0,0,2011,1,109,100,6,15,-9,1359
39025,4591,A05,0,A00,A0,A0,E0,0,0,2011,1,317,293,34,58,-24,1189
39027,4591,A05,0,A00,A0,A0,E0,0,0,2011,1,,,0,,,875
39029,4591,A05,0,A00,A0,A0,E0,0,0,2011,1,62,57,4,9,-5,932
39031,4591,A05,0,A00,A0,A0,E0,0,0,2011,1,,,,,,940
39033,4591,A05,0,A00,A0,A0,E0,0,0,2011,1,,,,,,759
39035,4591,A05,0,A00,A0,A0,E0,0,0,2011,1,2020,1862,153,310,-158,1639
39037,4591,A05,0,A00,A0,A0,E0,0,0,2011,1,19,16,,5,-3,935
39039,4591,A05,0,A00,A0,A0,E0,0,0,2011,1,72,66,5,11,-6,1376
39041,4591,A05,0,A00,A0,A0,E0,0,0,2011,1,468,419,62,111,-49,3090
39043,4591,A05,0,A00,A0,A0,E0,0,0,2011,1,162,151,13,24,-11,4533
39045,4591,A05,0,A00,A0,A0,E0,0,0,2011,1,286,264,15,37,-22,1130
39047,4591,A05,0,A00,A0,A0,E0,0,0,2011,1,104,79,6,31,-25,478
39049,4591,A05,0,A00,A0,A0,E0,0,0,2011,1,2407,2237,223,393,-170,2138
39051,4591,A05,0,A00,A0,A0,E0,0,0,2011,1,56,34,,23,-22,904
39053,4591,A05,0,A00,A0,A0,E0,0,0,2011,1,17,17,,3,0,1333
39055,4591,A05,0,A00,A0,A0,E0,0,0,2011,1,254,250,39,43,-4,3500
39057,4591,A05,0,A00,A0,A0,E0,0,0,2011,1,285,263,24,46,-23,991
39059,4591,A05,0,A00,A0,A0,E0,0,0,2011,1,26,17,,10,-9,1172
39061,4591,A05,0,A00,A0,A0,E0,0,0,2011,1,1711,1595,171,288,-117,1710
39063,4591,A05,0,A00,A0,A0,E0,0,0,2011,1,116,104,6,18,-12,1264
39065,4591,A05,0,A00,A0,A0,E0,0,0,2011,1,,,0,,,1069
39067,4591,A05,0,A00,A0,A0,E0,0,0,2011,1,,,0,0,,1161
39069,4591,A05,0,A00,A0,A0,E0,0,0,2011,1,,,0,,,962
39071,4591,A05,0,A00,A0,A0,E0,0,0,2011,1,26,24,0,,-2,1324
39073,4591,A05,0,A00,A0,A0,E0,0,0,2011,1,5,5,0,,-1,1076
39075,4591,A05,0,A00,A0,A0,E0,0,0,2011,1,92,98,9,3,6,1148
39077,4591,A05,0,A00,A0,A0,E0,0,0,2011,1,10,11,,0,1,614
39079,4591,A05,0,A00,A0,A0,E0,0,0,2011,1,,,,,,1029
39081,4591,A05,0,A00,A0,A0,E0,0,0,2011,1,72,66,3,9,-6,1061
39083,4591,A05,0,A00,A0,A0,E0,0,0,2011,1,53,56,14,12,3,1040
39085,4591,A05,0,A00,A0,A0,E0,0,0,2011,1,430,394,28,64,-36,1982
39087,4591,A05,0,A00,A0,A0,E0,0,0,2011,1,20,21,4,2,1,941
39089,4591,A05,0,A00,A0,A0,E0,0,0,2011,1,330,324,26,32,-6,1595
39091,4591,A05,0,A00,A0,A0,E0,0,0,2011,1,50,16,3,37,-34,374
39093,4591,A05,0,A00,A0,A0,E0,0,0,2011,1,316,273,18,61,-43,2857
39095,4591,A05,0,A00,A0,A0,E0,0,0,2011,1,832,778,111,165,-55,1329
39097,4591,A05,0,A00,A0,A0,E0,0,0,2011,1,,,,,,2874
39099,4591,A05,0,A00,A0,A0,E0,0,0,2011,1,719,665,42,97,-55,1809
39101,4591,A05,0,A00,A0,A0,E0,0,0,2011,1,79,75,7,11,-4,1206
39103,4591,A05,0,A00,A0,A0,E0,0,0,2011,1,184,168,12,27,-15,5220
39105,4591,A05,0,A00,A0,A0,E0,0,0,2011,1,,,0,,,884
39107,4591,A05,0,A00,A0,A0,E0,0,0,2011,1,23,22,,,-1,1121
39109,4591,A05,0,A00,A0,A0,E0,0,0,2011,1,147,136,10,20,-10,3104
39113,4591,A05,0,A00,A0,A0,E0,0,0,2011,1,770,706,64,129,-65,3128
39117,4591,A05,0,A00,A0,A0,E0,0,0,2011,1,,,,0,,923
39119,4591,A05,0,A00,A0,A0,E0,0,0,2011,1,113,108,9,14,-5,1449
39123,4591,A05,0,A00,A0,A0,E0,0,0,2011,1,8,9,,0,1,1406
39127,4591,A05,0,A00,A0,A0,E0,0,0,2011,1,,,,,,1103
39129,4591,A05,0,A00,A0,A0,E0,0,0,2011,1,13,11,0,,-2,1112
39131,4591,A05,0,A00,A0,A0,E0,0,0,2011,1,,,0,0,,1063
39133,4591,A05,0,A00,A0,A0,E0,0,0,2011,1,115,114,9,10,-1,1938
39135,4591,A05,0,A00,A0,A0,E0,0,0,2011,1,0,,,0,,
39137,4591,A05,0,A00,A0,A0,E0,0,0,2011,1,,,0,0,,1982
39139,4591,A05,0,A00,A0,A0,E0,0,0,2011,1,231,204,13,40,-27,1653
39141,4591,A05,0,A00,A0,A0,E0,0,0,2011,1,81,78,6,10,-4,991
39143,4591,A05,0,A00,A0,A0,E0,0,0,2011,1,37,33,,5,-4,966
39145,4591,A05,0,A00,A0,A0,E0,0,0,2011,1,23,19,,5,-3,1048
39147,4591,A05,0,A00,A0,A0,E0,0,0,2011,1,15,16,,0,1,1271
39149,4591,A05,0,A00,A0,A0,E0,0,0,2011,1,14,12,,4,-2,829
39151,4591,A05,0,A00,A0,A0,E0,0,0,2011,1,706,636,47,118,-71,1123
39153,4591,A05,0,A00,A0,A0,E0,0,0,2011,1,1730,1645,123,207,-85,3706
39155,4591,A05,0,A00,A0,A0,E0,0,0,2011,1,347,316,20,52,-31,1068
39157,4591,A05,0,A00,A0,A0,E0,0,0,2011,1,76,66,5,15,-9,1179
39159,4591,A05,0,A00,A0,A0,E0,0,0,2011,1,36,31,,5,-4,1198
39161,4591,A05,0,A00,A0,A0,E0,0,0,2011,1,,,,,,1157
39165,4591,A05,0,A00,A0,A0,E0,0,0,2011,1,336,308,27,54,-28,3285
39167,4591,A05,0,A00,A0,A0,E0,0,0,2011,1,49,52,5,3,3,2081
39169,4591,A05,0,A00,A0,A0,E0,0,0,2011,1,166,152,11,25,-14,1043
39171,4591,A05,0,A00,A0,A0,E0,0,0,2011,1,11,11,,3,-1,836
39173,4591,A05,0,A00,A0,A0,E0,0,0,2011,1,334,305,11,40,-29,1061
39175,4591,A05,0,A00,A0,A0,E0,0,0,2011,1,,,,0,,798
39,4591,A05,0,A00,A0,A0,E0,0,0,2011,1,18207,16817,1509,2899,-1390,2037
39001,4591,A05,0,A00,A0,A0,E0,0,0,2011,2,,,,0,,1736
39003,4591,A05,0,A00,A0,A0,E0,0,0,2011,2,181,180,25,26,-1,1366
39005,4591,A05,0,A00,A0,A0,E0,0,0,2011,2,82,104,25,3,22,1714
39007,4591,A05,0,A00,A0,A0,E0,0,0,2011,2,53,49,6,10,-4,1101
39009,4591,A05,0,A00,A0,A0,E0,0,0,2011,2,123,122,10,11,-1,2033
39011,4591,A05,0,A00,A0,A0,E0,0,0,2011,2,55,58,14,12,2,1263
39013,4591,A05,0,A00,A0,A0,E0,0,0,2011,2,90,90,13,14,0,1602
39015,4591,A05,0,A00,A0,A0,E0,0,0,2011,2,,,,,,1155
39017,4591,A05,0,A00,A0,A0,E0,0,0,2011,2,279,288,60,51,9,1428
39019,4591,A05,0,A00,A0,A0,E0,0,0,2011,2,,,0,,,762
39021,4591,A05,0,A00,A0,A0,E0,0,0,2011,2,,,0,,,669
39023,4591,A05,0,A00,A0,A0,E0,0,0,2011,2,100,104,19,15,4,1580
39025,4591,A05,0,A00,A0,A0,E0,0,0,2011,2,290,290,41,42,0,1509
39027,4591,A05,0,A00,A0,A0,E0,0,0,2011,2,,,,0,,1235
39029,4591,A05,0,A00,A0,A0,E0,0,0,2011,2,57,57,10,9,0,1113
39031,4591,A05,0,A00,A0,A0,E0,0,0,2011,2,,,0,,,1140
39033,4591,A05,0,A00,A0,A0,E0,0,0,2011,2,,,,,,969
39035,4591,A05,0,A00,A0,A0,E0,0,0,2011,2,1869,1874,297,291,5,1517
39037,4591,A05,0,A00,A0,A0,E0,0,0,2011,2,16,32,19,,16,1290
39039,4591,A05,0,A00,A0,A0,E0,0,0,2011,2,66,72,13,7,6,4607
39041,4591,A05,0,A00,A0,A0,E0,0,0,2011,2,418,419,79,77,2,1496
39043,4591,A05,0,A00,A0,A0,E0,0,0,2011,2,150,154,28,24,4,1361
39045,4591,A05,0,A00,A0,A0,E0,0,0,2011,2,262,245,29,45,-17,1318
39047,4591,A05,0,A00,A0,A0,E0,0,0,2011,2,79,66,15,29,-13,729
39049,4591,A05,0,A00,A0,A0,E0,0,0,2011,2,2238,2257,356,336,20,1474
39051,4591,A05,0,A00,A0,A0,E0,0,0,2011,2,34,35,3,3,0,1096
39053,4591,A05,0,A00,A0,A0,E0,0,0,2011,2,17,15,3,5,-2,1295
39055,4591,A05,0,A00,A0,A0,E0,0,0,2011,2,251,220,37,67,-30,1685
39057,4591,A05,0,A00,A0,A0,E0,0,0,2011,2,263,263,35,36,0,1253
39059,4591,A05,0,A00,A0,A0,E0,0,0,2011,2,17,16,,,-2,1412
39061,4591,A05,0,A00,A0,A0,E0,0,0,2011,2,1595,1617,248,226,22,1485
39063,4591,A05,0,A00,A0,A0,E0,0,0,2011,2,104,141,68,31,37,1489
39065,4591,A05,0,A00,A0,A0,E0,0,0,2011,2,,,,,,1347
39067,4591,A05,0,A00,A0,A0,E0,0,0,2011,2,,,0,0,,1145
39069,4591,A05,0,A00,A0,A0,E0,0,0,2011,2,,,0,,,1377
39071,4591,A05,0,A00,A0,A0,E0,0,0,2011,2,24,26,5,3,2,1458
39073,4591,A05,0,A00,A0,A0,E0,0,0,2011,2,6,5,0,0,0,1527
39075,4591,A05,0,A00,A0,A0,E0,0,0,2011,2,97,93,18,22,-5,1321
39077,4591,A05,0,A00,A0,A0,E0,0,0,2011,2,11,11,,0,1,652
39079,4591,A05,0,A00,A0,A0,E0,0,0,2011,2,3,4,,0,1,1333
39081,4591,A05,0,A00,A0,A0,E0,0,0,2011,2,66,65,8,9,-1,1292
39083,4591,A05,0,A00,A0,A0,E0,0,0,2011,2,55,57,13,11,2,1140
39085,4591,A05,0,A00,A0,A0,E0,0,0,2011,2,395,388,43,50,-7,1429
39087,4591,A05,0,A00,A0,A0,E0,0,0,2011,2,21,19,3,5,-3,1406
39089,4591,A05,0,A00,A0,A0,E0,0,0,2011,2,322,317,36,41,-5,2010
39091,4591,A05,0,A00,A0,A0,E0,0,0,2011,2,16,18,4,,2,627
39093,4591,A05,0,A00,A0,A0,E0,0,0,2011,2,275,273,37,39,-2,1442
39095,4591,A05,0,A00,A0,A0,E0,0,0,2011,2,777,811,165,131,34,1577
39097,4591,A05,0,A00,A0,A0,E0,0,0,2011,2,,,0,0,,2896
39099,4591,A05,0,A00,A0,A0,E0,0,0,2011,2,663,692,113,84,29,2232
39101,4591,A05,0,A00,A0,A0,E0,0,0,2011,2,75,74,11,12,-1,1383
39103,4591,A05,0,A00,A0,A0,E0,0,0,2011,2,168,166,22,23,-2,1570
39105,4591,A05,0,A00,A0,A0,E0,0,0,2011,2,9,10,,0,1,969
39107,4591,A05,0,A00,A0,A0,E0,0,0,2011,2,22,24,3,,2,1321
39109,4591,A05,0,A00,A0,A0,E0,0,0,2011,2,136,153,33,16,17,1914
39113,4591,A05,0,A00,A0,A0,E0,0,0,2011,2,707,726,116,97,19,1571
39117,4591,A05,0,A00,A0,A0,E0,0,0,2011,2,,,,0,,941
39119,4591,A05,0,A00,A0,A0,E0,0,0,2011,2,108,107,15,16,-1,1531
39123,4591,A05,0,A00,A0,A0,E0,0,0,2011,2,9,23,17,3,14,2098
39127,4591,A05,0,A00,A0,A0,E0,0,0,2011,2,,,,0,,1423
39129,4591,A05,0,A00,A0,A0,E0,0,0,2011,2,11,13,5,2,2,1451
39131,4591,A05,0,A00,A0,A0,E0,0,0,2011,2,,,0,0,,1063
39133,4591,A05,0,A00,A0,A0,E0,0,0,2011,2,114,123,24,16,8,2389
39135,4591,A05,0,A00,A0,A0,E0,0,0,2011,2,,,0,0,,2347
39137,4591,A05,0,A00,A0,A0,E0,0,0,2011,2,,,,,,3796
39139,4591,A05,0,A00,A0,A0,E0,0,0,2011,2,206,200,23,29,-6,1451
39141,4591,A05,0,A00,A0,A0,E0,0,0,2011,2,77,75,6,9,-2,1128
39143,4591,A05,0,A00,A0,A0,E0,0,0,2011,2,33,36,5,,3,1259
39145,4591,A05,0,A00,A0,A0,E0,0,0,2011,2,19,21,5,3,2,1308
39147,4591,A05,0,A00,A0,A0,E0,0,0,2011,2,16,10,0,6,-6,1323
39149,4591,A05,0,A00,A0,A0,E0,0,0,2011,2,12,13,4,3,1,1127
39151,4591,A05,0,A00,A0,A0,E0,0,0,2011,2,629,635,85,79,6,1408
39153,4591,A05,0,A00,A0,A0,E0,0,0,2011,2,1664,1689,201,176,25,2510
39155,4591,A05,0,A00,A0,A0,E0,0,0,2011,2,314,316,46,44,2,1309
39157,4591,A05,0,A00,A0,A0,E0,0,0,2011,2,71,79,18,10,8,1347
39159,4591,A05,0,A00,A0,A0,E0,0,0,2011,2,31,32,5,5,0,1595
39161,4591,A05,0,A00,A0,A0,E0,0,0,2011,2,,,,,,1251
39165,4591,A05,0,A00,A0,A0,E0,0,0,2011,2,312,302,31,40,-10,1573
39167,4591,A05,0,A00,A0,A0,E0,0,0,2011,2,52,71,22,3,18,2150
39169,4591,A05,0,A00,A0,A0,E0,0,0,2011,2,152,157,25,20,5,1294
39171,4591,A05,0,A00,A0,A0,E0,0,0,2011,2,11,10,4,5,-1,856
39173,4591,A05,0,A00,A0,A0,E0,0,0,2011,2,305,314,55,45,9,1243
39175,4591,A05,0,A00,A0,A0,E0,0,0,2011,2,,,,0,,965
39,4591,A05,0,A00,A0,A0,E0,0,0,2011,2,16833,17071,2694,2456,238,1632
39001,4591,A05,0,A00,A0,A0,E0,0,0,2011,3,,,0,,,1483
39003,4591,A05,0,A00,A0,A0,E0,0,0,2011,3,181,181,37,37,0,1473
39005,4591,A05,0,A00,A0,A0,E0,0,0,2011,3,84,88,12,9,3,1804
39007,4591,A05,0,A00,A0,A0,E0,0,0,2011,3,49,50,11,9,1,1203
39009,4591,A05,0,A00,A0,A0,E0,0,0,2011,3,123,111,11,22,-11,2111
39011,4591,A05,0,A00,A0,A0,E0,0,0,2011,3,58,58,11,11,0,1347
39013,4591,A05,0,A00,A0,A0,E0,0,0,2011,3,90,95,16,10,5,1592
39015,4591,A05,0,A00,A0,A0,E0,0,0,2011,3,,,0,0,,1603
39017,4591,A05,0,A00,A0,A0,E0,0,0,2011,3,281,275,52,59,-6,1295
39019,4591,A05,0,A00,A0,A0,E0,0,0,2011,3,,,0,0,,1228
39021,4591,A05,0,A00,A0,A0,E0,0,0,2011,3,,,,,,513
39023,4591,A05,0,A00,A0,A0,E0,0,0,2011,3,104,100,12,16,-4,1538
39025,4591,A05,0,A00,A0,A0,E0,0,0,2011,3,292,283,52,61,-8,1497
39027,4591,A05,0,A00,A0,A0,E0,0,0,2011,3,,,,,,1126
39029,4591,A05,0,A00,A0,A0,E0,0,0,2011,3,57,56,7,9,-1,1170
39031,4591,A05,0,A00,A0,A0,E0,0,0,2011,3,,,,,,1292
39033,4591,A05,0,A00,A0,A0,E0,0,0,2011,3,,,,,,1060
39035,4591,A05,0,A00,A0,A0,E0,0,0,2011,3,1861,1842,306,325,-19,1505
39037,4591,A05,0,A00,A0,A0,E0,0,0,2011,3,32,33,6,6,1,1448
39039,4591,A05,0,A00,A0,A0,E0,0,0,2011,3,72,85,27,13,14,2052
39041,4591,A05,0,A00,A0,A0,E0,0,0,2011,3,421,446,104,79,25,1387
39043,4591,A05,0,A00,A0,A0,E0,0,0,2011,3,154,154,30,30,0,1394
39045,4591,A05,0,A00,A0,A0,E0,0,0,2011,3,245,242,35,38,-4,1379
39047,4591,A05,0,A00,A0,A0,E0,0,0,2011,3,66,70,28,23,5,888
39049,4591,A05,0,A00,A0,A0,E0,0,0,2011,3,2254,2171,382,465,-82,1457
39051,4591,A05,0,A00,A0,A0,E0,0,0,2011,3,35,38,12,9,3,1210
39053,4591,A05,0,A00,A0,A0,E0,0,0,2011,3,15,16,4,,1,1401
39055,4591,A05,0,A00,A0,A0,E0,0,0,2011,3,221,213,40,47,-8,1566
39057,4591,A05,0,A00,A0,A0,E0,0,0,2011,3,263,263,52,51,0,1222
39059,4591,A05,0,A00,A0,A0,E0,0,0,2011,3,16,16,,,0,1664
39061,4591,A05,0,A00,A0,A0,E0,0,0,2011,3,1626,1607,316,335,-18,1563
39063,4591,A05,0,A00,A0,A0,E0,0,0,2011,3,141,102,34,73,-38,1123
39065,4591,A05,0,A00,A0,A0,E0,0,0,2011,3,,,,,,1175
39067,4591,A05,0,A00,A0,A0,E0,0,0,2011,3,,,,0,,1148
39069,4591,A05,0,A00,A0,A0,E0,0,0,2011,3,,,,,,1436
39071,4591,A05,0,A00,A0,A0,E0,0,0,2011,3,26,27,4,,1,1533
39073,4591,A05,0,A00,A0,A0,E0,0,0,2011,3,5,6,,0,1,1567
39075,4591,A05,0,A00,A0,A0,E0,0,0,2011,3,92,92,7,8,0,1317
39077,4591,A05,0,A00,A0,A0,E0,0,0,2011,3,11,12,3,,1,677
39079,4591,A05,0,A00,A0,A0,E0,0,0,2011,3,4,4,0,0,0,947
39081,4591,A05,0,A00,A0,A0,E0,0,0,2011,3,66,66,12,11,1,1279
39083,4591,A05,0,A00,A0,A0,E0,0,0,2011,3,57,57,8,9,-1,1206
39085,4591,A05,0,A00,A0,A0,E0,0,0,2011,3,388,383,49,53,-5,1419
39087,4591,A05,0,A00,A0,A0,E0,0,0,2011,3,19,20,5,3,1,1107
39089,4591,A05,0,A00,A0,A0,E0,0,0,2011,3,319,315,37,40,-3,1845
39091,4591,A05,0,A00,A0,A0,E0,0,0,2011,3,18,16,3,5,-2,764
39093,4591,A05,0,A00,A0,A0,E0,0,0,2011,3,271,272,51,49,1,1431
39095,4591,A05,0,A00,A0,A0,E0,0,0,2011,3,809,773,103,139,-36,1590
39097,4591,A05,0,A00,A0,A0,E0,0,0,2011,3,,,,,,2857
39099,4591,A05,0,A00,A0,A0,E0,0,0,2011,3,690,623,69,136,-67,2261
39101,4591,A05,0,A00,A0,A0,E0,0,0,2011,3,74,73,12,13,-1,1505
39103,4591,A05,0,A00,A0,A0,E0,0,0,2011,3,167,164,26,29,-3,1719
39105,4591,A05,0,A00,A0,A0,E0,0,0,2011,3,10,14,4,,3,899
39107,4591,A05,0,A00,A0,A0,E0,0,0,2011,3,24,20,5,9,-4,1401
39109,4591,A05,0,A00,A0,A0,E0,0,0,2011,3,153,155,24,22,2,1870
39113,4591,A05,0,A00,A0,A0,E0,0,0,2011,3,725,733,139,131,8,1494
39117,4591,A05,0,A00,A0,A0,E0,0,0,2011,3,,,0,,,910
39119,4591,A05,0,A00,A0,A0,E0,0,0,2011,3,107,104,17,20,-3,1674
39123,4591,A05,0,A00,A0,A0,E0,0,0,2011,3,23,16,3,10,-7,2200
39127,4591,A05,0,A00,A0,A0,E0,0,0,2011,3,,,,,,1373
39129,4591,A05,0,A00,A0,A0,E0,0,0,2011,3,13,12,,3,-1,1275
39131,4591,A05,0,A00,A0,A0,E0,0,0,2011,3,,,0,0,,1063
39133,4591,A05,0,A00,A0,A0,E0,0,0,2011,3,123,126,17,13,4,2444
39135,4591,A05,0,A00,A0,A0,E0,0,0,2011,3,,,0,0,,2179
39137,4591,A05,0,A00,A0,A0,E0,0,0,2011,3,,,,0,,2011
39139,4591,A05,0,A00,A0,A0,E0,0,0,2011,3,199,207,35,27,7,1489
39141,4591,A05,0,A00,A0,A0,E0,0,0,2011,3,75,73,10,12,-2,1209
39143,4591,A05,0,A00,A0,A0,E0,0,0,2011,3,36,37,7,5,1,1211
39145,4591,A05,0,A00,A0,A0,E0,0,0,2011,3,21,21,3,3,0,1284
39147,4591,A05,0,A00,A0,A0,E0,0,0,2011,3,,,,0,,1819
39149,4591,A05,0,A00,A0,A0,E0,0,0,2011,3,13,11,3,4,-1,1113
39151,4591,A05,0,A00,A0,A0,E0,0,0,2011,3,634,613,83,104,-21,1410
39153,4591,A05,0,A00,A0,A0,E0,0,0,2011,3,1726,1724,240,242,-2,2738
39155,4591,A05,0,A00,A0,A0,E0,0,0,2011,3,317,302,45,60,-15,1297
39157,4591,A05,0,A00,A0,A0,E0,0,0,2011,3,79,78,15,16,-1,1385
39159,4591,A05,0,A00,A0,A0,E0,0,0,2011,3,32,34,9,6,3,1617
39161,4591,A05,0,A00,A0,A0,E0,0,0,2011,3,,,,,,1116
39165,4591,A05,0,A00,A0,A0,E0,0,0,2011,3,304,313,65,56,9,1426
39167,4591,A05,0,A00,A0,A0,E0,0,0,2011,3,71,63,4,12,-8,1767
39169,4591,A05,0,A00,A0,A0,E0,0,0,2011,3,157,156,24,26,-1,1221
39171,4591,A05,0,A00,A0,A0,E0,0,0,2011,3,10,14,5,0,5,966
39173,4591,A05,0,A00,A0,A0,E0,0,0,2011,3,314,326,62,50,12,1294
39175,4591,A05,0,A00,A0,A0,E0,0,0,2011,3,,,,0,,686
39,4591,A05,0,A00,A0,A0,E0,0,0,2011,3,17075,16809,2831,3097,-266,1645
39001,4591,A05,0,A00,A0,A0,E0,0,0,2011,4,,,0,0,,1870
39003,4591,A05,0,A00,A0,A0,E0,0,0,2011,4,180,195,69,55,15,1526
39005,4591,A05,0,A00,A0,A0,E0,0,0,2011,4,88,86,12,13,-1,1944
39007,4591,A05,0,A00,A0,A0,E0,0,0,2011,4,50,53,13,11,3,1210
39009,4591,A05,0,A00,A0,A0,E0,0,0,2011,4,112,110,20,22,-3,2680
39011,4591,A05,0,A00,A0,A0,E0,0,0,2011,4,58,66,19,10,8,1494
39013,4591,A05,0,A00,A0,A0,E0,0,0,2011,4,95,107,52,41,12,1552
39015,4591,A05,0,A00,A0,A0,E0,0,0,2011,4,,,,0,,1621
39017,4591,A05,0,A00,A0,A0,E0,0,0,2011,4,273,289,70,53,17,1374
39019,4591,A05,0,A00,A0,A0,E0,0,0,2011,4,,,0,0,,1228
39021,4591,A05,0,A00,A0,A0,E0,0,0,2011,4,,,,,,471
39023,4591,A05,0,A00,A0,A0,E0,0,0,2011,4,100,114,33,19,14,1742
39025,4591,A05,0,A00,A0,A0,E0,0,0,2011,4,272,306,125,91,34,1483
39027,4591,A05,0,A00,A0,A0,E0,0,0,2011,4,,,,,,935
39029,4591,A05,0,A00,A0,A0,E0,0,0,2011,4,56,62,15,9,6,1247
39031,4591,A05,0,A00,A0,A0,E0,0,0,2011,4,,,,,,1160
39033,4591,A05,0,A00,A0,A0,E0,0,0,2011,4,,,,,,894
39035,4591,A05,0,A00,A0,A0,E0,0,0,2011,4,1855,2021,694,528,166,1543
39037,4591,A05,0,A00,A0,A0,E0,0,0,2011,4,33,19,4,18,-14,1391
39039,4591,A05,0,A00,A0,A0,E0,0,0,2011,4,85,74,15,27,-11,1506
39041,4591,A05,0,A00,A0,A0,E0,0,0,2011,4,445,500,139,84,56,1298
39043,4591,A05,0,A00,A0,A0,E0,0,0,2011,4,157,166,69,61,8,1305
39045,4591,A05,0,A00,A0,A0,E0,0,0,2011,4,243,271,73,46,27,1373
39047,4591,A05,0,A00,A0,A0,E0,0,0,2011,4,70,94,42,18,24,814
39049,4591,A05,0,A00,A0,A0,E0,0,0,2011,4,2169,2390,807,587,220,1460
39051,4591,A05,0,A00,A0,A0,E0,0,0,2011,4,38,34,33,37,-4,1575
39053,4591,A05,0,A00,A0,A0,E0,0,0,2011,4,16,18,7,5,2,1159
39055,4591,A05,0,A00,A0,A0,E0,0,0,2011,4,212,229,47,30,17,1843
39057,4591,A05,0,A00,A0,A0,E0,0,0,2011,4,263,298,126,90,36,1207
39059,4591,A05,0,A00,A0,A0,E0,0,0,2011,4,16,13,5,8,-2,1587
39061,4591,A05,0,A00,A0,A0,E0,0,0,2011,4,1626,1757,561,430,130,1620
39063,4591,A05,0,A00,A0,A0,E0,0,0,2011,4,102,115,32,20,13,1777
39065,4591,A05,0,A00,A0,A0,E0,0,0,2011,4,,,,,,1066
39067,4591,A05,0,A00,A0,A0,E0,0,0,2011,4,,,,,,1052
39069,4591,A05,0,A00,A0,A0,E0,0,0,2011,4,,,,,,1341
39071,4591,A05,0,A00,A0,A0,E0,0,0,2011,4,27,30,5,,3,1558
39073,4591,A05,0,A00,A0,A0,E0,0,0,2011,4,5,6,3,,1,1039
39075,4591,A05,0,A00,A0,A0,E0,0,0,2011,4,92,84,6,14,-9,1472
39077,4591,A05,0,A00,A0,A0,E0,0,0,2011,4,12,18,8,,6,625
39079,4591,A05,0,A00,A0,A0,E0,0,0,2011,4,4,4,,,0,774
39081,4591,A05,0,A00,A0,A0,E0,0,0,2011,4,66,79,22,8,14,1210
39083,4591,A05,0,A00,A0,A0,E0,0,0,2011,4,56,57,8,7,1,1187
39085,4591,A05,0,A00,A0,A0,E0,0,0,2011,4,384,428,134,90,44,1468
39087,4591,A05,0,A00,A0,A0,E0,0,0,2011,4,20,22,5,4,2,1061
39089,4591,A05,0,A00,A0,A0,E0,0,0,2011,4,319,349,99,69,30,1997
39091,4591,A05,0,A00,A0,A0,E0,0,0,2011,4,16,52,43,7,35,826
39093,4591,A05,0,A00,A0,A0,E0,0,0,2011,4,269,301,115,82,32,1652
39095,4591,A05,0,A00,A0,A0,E0,0,0,2011,4,780,825,284,239,45,1643
39097,4591,A05,0,A00,A0,A0,E0,0,0,2011,4,17,15,5,7,-2,3389
39099,4591,A05,0,A00,A0,A0,E0,0,0,2011,4,623,703,179,99,80,2172
39101,4591,A05,0,A00,A0,A0,E0,0,0,2011,4,73,79,25,19,6,1513
39103,4591,A05,0,A00,A0,A0,E0,0,0,2011,4,164,178,44,29,15,1648
39105,4591,A05,0,A00,A0,A0,E0,0,0,2011,4,14,12,,3,-2,948
39107,4591,A05,0,A00,A0,A0,E0,0,0,2011,4,20,23,5,3,3,1363
39109,4591,A05,0,A00,A0,A0,E0,0,0,2011,4,155,153,26,27,-1,1923
39113,4591,A05,0,A00,A0,A0,E0,0,0,2011,4,725,740,208,193,15,1532
39117,4591,A05,0,A00,A0,A0,E0,0,0,2011,4,,,0,0,,1832
39119,4591,A05,0,A00,A0,A0,E0,0,0,2011,4,104,118,32,18,13,1733
39123,4591,A05,0,A00,A0,A0,E0,0,0,2011,4,16,7,,10,-9,885
39127,4591,A05,0,A00,A0,A0,E0,0,0,2011,4,,,0,0,,1355
39129,4591,A05,0,A00,A0,A0,E0,0,0,2011,4,12,15,4,,2,1160
39131,4591,A05,0,A00,A0,A0,E0,0,0,2011,4,,,0,0,,1240
39133,4591,A05,0,A00,A0,A0,E0,0,0,2011,4,126,136,46,36,10,2517
39135,4591,A05,0,A00,A0,A0,E0,0,0,2011,4,,,0,0,,2012
39137,4591,A05,0,A00,A0,A0,E0,0,0,2011,4,,,0,0,,2080
39139,4591,A05,0,A00,A0,A0,E0,0,0,2011,4,206,232,90,64,26,1554
39141,4591,A05,0,A00,A0,A0,E0,0,0,2011,4,73,81,23,15,8,1318
39143,4591,A05,0,A00,A0,A0,E0,0,0,2011,4,37,39,8,7,2,1072
39145,4591,A05,0,A00,A0,A0,E0,0,0,2011,4,21,21,8,7,0,1161
39147,4591,A05,0,A00,A0,A0,E0,0,0,2011,4,11,15,4,0,4,1655
39149,4591,A05,0,A00,A0,A0,E0,0,0,2011,4,11,15,6,3,3,996
39151,4591,A05,0,A00,A0,A0,E0,0,0,2011,4,614,681,210,143,66,1410
39153,4591,A05,0,A00,A0,A0,E0,0,0,2011,4,1726,1888,449,287,162,2829
39155,4591,A05,0,A00,A0,A0,E0,0,0,2011,4,304,350,132,86,46,1352
39157,4591,A05,0,A00,A0,A0,E0,0,0,2011,4,78,83,24,19,5,1444
39159,4591,A05,0,A00,A0,A0,E0,0,0,2011,4,34,36,12,10,2,1442
39161,4591,A05,0,A00,A0,A0,E0,0,0,2011,4,,,,,,1136
39165,4591,A05,0,A00,A0,A0,E0,0,0,2011,4,311,339,89,61,28,1400
39167,4591,A05,0,A00,A0,A0,E0,0,0,2011,4,63,71,12,4,8,1743
39169,4591,A05,0,A00,A0,A0,E0,0,0,2011,4,154,174,47,28,19,1338
39171,4591,A05,0,A00,A0,A0,E0,0,0,2011,4,14,15,3,,1,890
39173,4591,A05,0,A00,A0,A0,E0,0,0,2011,4,327,339,95,82,13,1210
39175,4591,A05,0,A00,A0,A0,E0,0,0,2011,4,,,,,,720
39,4591,A05,0,A00,A0,A0,E0,0,0,2011,4,16830,18337,5628,4121,1507,1684
39001,4591,A05,0,A00,A0,A0,E0,0,0,2012,1,,,0,0,,1318
39003,4591,A05,0,A00,A0,A0,E0,0,0,2012,1,195,173,15,36,-22,1312
39005,4591,A05,0,A00,A0,A0,E0,0,0,2012,1,86,85,9,10,-1,2167
39007,4591,A05,0,A00,A0,A0,E0,0,0,2012,1,57,54,4,7,-3,1177
39009,4591,A05,0,A00,A0,A0,E0,0,0,2012,1,110,102,5,13,-8,2223
39011,4591,A05,0,A00,A0,A0,E0,0,0,2012,1,61,63,11,9,3,1200
39013,4591,A05,0,A00,A0,A0,E0,0,0,2012,1,107,89,12,30,-18,1194
39015,4591,A05,0,A00,A0,A0,E0,0,0,2012,1,,,,,,1720
39017,4591,A05,0,A00,A0,A0,E0,0,0,2012,1,295,277,25,43,-18,1279
39019,4591,A05,0,A00,A0,A0,E0,0,0,2012,1,,,0,0,,1031
39021,4591,A05,0,A00,A0,A0,E0,0,0,2012,1,,,0,,,551
39023,4591,A05,0,A00,A0,A0,E0,0,0,2012,1,123,108,7,22,-15,1415
39025,4591,A05,0,A00,A0,A0,E0,0,0,2012,1,315,289,30,56,-26,1325
39027,4591,A05,0,A00,A0,A0,E0,0,0,2012,1,,,0,,,992
39029,4591,A05,0,A00,A0,A0,E0,0,0,2012,1,62,66,17,13,4,1103
39031,4591,A05,0,A00,A0,A0,E0,0,0,2012,1,,,,,,1233
39033,4591,A05,0,A00,A0,A0,E0,0,0,2012,1,,,,,,931
39035,4591,A05,0,A00,A0,A0,E0,0,0,2012,1,2026,1840,190,376,-186,1413
39037,4591,A05,0,A00,A0,A0,E0,0,0,2012,1,19,16,,5,-3,1160
39039,4591,A05,0,A00,A0,A0,E0,0,0,2012,1,74,72,7,9,-2,1577
39041,4591,A05,0,A00,A0,A0,E0,0,0,2012,1,498,432,60,127,-66,1380
39043,4591,A05,0,A00,A0,A0,E0,0,0,2012,1,147,123,8,31,-23,1337
39045,4591,A05,0,A00,A0,A0,E0,0,0,2012,1,267,244,19,42,-22,1375
39047,4591,A05,0,A00,A0,A0,E0,0,0,2012,1,94,71,9,32,-23,666
39049,4591,A05,0,A00,A0,A0,E0,0,0,2012,1,2373,2152,198,420,-221,1329
39051,4591,A05,0,A00,A0,A0,E0,0,0,2012,1,34,32,3,5,-2,1153
39053,4591,A05,0,A00,A0,A0,E0,0,0,2012,1,18,17,4,5,-1,1390
39055,4591,A05,0,A00,A0,A0,E0,0,0,2012,1,227,219,34,42,-8,3652
39057,4591,A05,0,A00,A0,A0,E0,0,0,2012,1,304,264,21,61,-40,1068
39059,4591,A05,0,A00,A0,A0,E0,0,0,2012,1,13,13,,,0,1443
39061,4591,A05,0,A00,A0,A0,E0,0,0,2012,1,1743,1600,154,297,-143,1422
39063,4591,A05,0,A00,A0,A0,E0,0,0,2012,1,115,108,13,20,-7,1514
39065,4591,A05,0,A00,A0,A0,E0,0,0,2012,1,,,0,,,977
39067,4591,A05,0,A00,A0,A0,E0,0,0,2012,1,,,0,,,996
39069,4591,A05,0,A00,A0,A0,E0,0,0,2012,1,,,0,,,1427
39071,4591,A05,0,A00,A0,A0,E0,0,0,2012,1,30,27,0,4,-3,1284
39073,4591,A05,0,A00,A0,A0,E0,0,0,2012,1,6,7,,,1,925
39075,4591,A05,0,A00,A0,A0,E0,0,0,2012,1,85,85,7,8,0,1282
39077,4591,A05,0,A00,A0,A0,E0,0,0,2012,1,18,15,,3,-3,512
39079,4591,A05,0,A00,A0,A0,E0,0,0,2012,1,,,0,,,1045
39081,4591,A05,0,A00,A0,A0,E0,0,0,2012,1,79,76,12,14,-2,1181
39083,4591,A05,0,A00,A0,A0,E0,0,0,2012,1,57,53,8,11,-3,1117
39085,4591,A05,0,A00,A0,A0,E0,0,0,2012,1,434,397,41,78,-37,1272
39087,4591,A05,0,A00,A0,A0,E0,0,0,2012,1,22,17,,5,-4,986
39089,4591,A05,0,A00,A0,A0,E0,0,0,2012,1,354,344,43,53,-10,2923
39091,4591,A05,0,A00,A0,A0,E0,0,0,2012,1,52,18,,36,-33,400
39093,4591,A05,0,A00,A0,A0,E0,0,0,2012,1,342,309,28,60,-32,1336
39095,4591,A05,0,A00,A0,A0,E0,0,0,2012,1,823,768,93,148,-55,1585
39097,4591,A05,0,A00,A0,A0,E0,0,0,2012,1,,,,,,2660
39099,4591,A05,0,A00,A0,A0,E0,0,0,2012,1,702,652,47,98,-50,2019
39101,4591,A05,0,A00,A0,A0,E0,0,0,2012,1,85,80,7,12,-5,1345
39103,4591,A05,0,A00,A0,A0,E0,0,0,2012,1,178,173,19,25,-6,1527
39105,4591,A05,0,A00,A0,A0,E0,0,0,2012,1,12,11,0,,-1,1023
39107,4591,A05,0,A00,A0,A0,E0,0,0,2012,1,23,23,3,4,0,1402
39109,4591,A05,0,A00,A0,A0,E0,0,0,2012,1,153,141,10,23,-13,1848
39111,4591,A05,0,A00,A0,A0,E0,0,0,2012,1,,,,,,2779
39113,4591,A05,0,A00,A0,A0,E0,0,0,2012,1,803,746,75,132,-57,1470
39117,4591,A05,0,A00,A0,A0,E0,0,0,2012,1,,,,0,,1739
39119,4591,A05,0,A00,A0,A0,E0,0,0,2012,1,118,111,7,14,-7,1610
39123,4591,A05,0,A00,A0,A0,E0,0,0,2012,1,7,8,,0,1,941
39127,4591,A05,0,A00,A0,A0,E0,0,0,2012,1,,,,0,,1338
39129,4591,A05,0,A00,A0,A0,E0,0,0,2012,1,15,13,,,-2,1199
39131,4591,A05,0,A00,A0,A0,E0,0,0,2012,1,,,0,0,,1063
39133,4591,A05,0,A00,A0,A0,E0,0,0,2012,1,136,132,20,24,-4,1970
39135,4591,A05,0,A00,A0,A0,E0,0,0,2012,1,,,0,0,,2179
39137,4591,A05,0,A00,A0,A0,E0,0,0,2012,1,0,,,0,,
39139,4591,A05,0,A00,A0,A0,E0,0,0,2012,1,230,209,15,35,-21,1341
39141,4591,A05,0,A00,A0,A0,E0,0,0,2012,1,81,70,5,16,-11,1104
39143,4591,A05,0,A00,A0,A0,E0,0,0,2012,1,39,38,5,6,-1,1069
39145,4591,A05,0,A00,A0,A0,E0,0,0,2012,1,21,19,5,7,-3,1380
39147,4591,A05,0,A00,A0,A0,E0,0,0,2012,1,15,14,,,-1,1407
39149,4591,A05,0,A00,A0,A0,E0,0,0,2012,1,15,13,4,6,-2,852
39151,4591,A05,0,A00,A0,A0,E0,0,0,2012,1,736,692,116,160,-44,1275
39153,4591,A05,0,A00,A0,A0,E0,0,0,2012,1,1886,1792,133,228,-94,2939
39155,4591,A05,0,A00,A0,A0,E0,0,0,2012,1,346,325,53,74,-21,1175
39157,4591,A05,0,A00,A0,A0,E0,0,0,2012,1,86,78,3,11,-8,1203
39159,4591,A05,0,A00,A0,A0,E0,0,0,2012,1,42,37,,7,-5,1210
39161,4591,A05,0,A00,A0,A0,E0,0,0,2012,1,,,0,,,1140
39165,4591,A05,0,A00,A0,A0,E0,0,0,2012,1,335,304,33,64,-31,1429
39167,4591,A05,0,A00,A0,A0,E0,0,0,2012,1,71,71,5,5,0,1820
39169,4591,A05,0,A00,A0,A0,E0,0,0,2012,1,173,147,15,40,-25,1111
39171,4591,A05,0,A00,A0,A0,E0,0,0,2012,1,15,13,0,,-2,868
39173,4591,A05,0,A00,A0,A0,E0,0,0,2012,1,339,304,19,54,-35,1186
39175,4591,A05,0,A00,A0,A0,E0,0,0,2012,1,,,0,0,,687
39,4591,A05,0,A00,A0,A0,E0,0,0,2012,1,18495,17011,1727,3210,-1483,1618
39001,4591,A05,0,A00,A0,A0,E0,0,0,2012,2,,,,0,,1282
39003,4591,A05,0,A00,A0,A0,E0,0,0,2012,2,178,176,25,28,-2,1414
39005,4591,A05,0,A00,A0,A0,E0,0,0,2012,2,85,88,7,4,3,1702
39007,4591,A05,0,A00,A0,A0,E0,0,0,2012,2,54,55,9,8,0,1165
39009,4591,A05,0,A00,A0,A0,E0,0,0,2012,2,102,111,21,12,9,2372
39011,4591,A05,0,A00,A0,A0,E0,0,0,2012,2,63,64,4,4,0,1306
39013,4591,A05,0,A00,A0,A0,E0,0,0,2012,2,90,87,15,17,-2,1450
39015,4591,A05,0,A00,A0,A0,E0,0,0,2012,2,,,0,,,1377
39017,4591,A05,0,A00,A0,A0,E0,0,0,2012,2,277,284,50,42,8,1418
39019,4591,A05,0,A00,A0,A0,E0,0,0,2012,2,,,0,0,,1031
39021,4591,A05,0,A00,A0,A0,E0,0,0,2012,2,,,0,,,662
39023,4591,A05,0,A00,A0,A0,E0,0,0,2012,2,108,115,21,14,7,1573
39025,4591,A05,0,A00,A0,A0,E0,0,0,2012,2,283,286,44,42,2,1556
39027,4591,A05,0,A00,A0,A0,E0,0,0,2012,2,,,,,,1219
39029,4591,A05,0,A00,A0,A0,E0,0,0,2012,2,66,65,17,17,0,1256
39031,4591,A05,0,A00,A0,A0,E0,0,0,2012,2,,,,,,1037
39033,4591,A05,0,A00,A0,A0,E0,0,0,2012,2,,,,,,913
39035,4591,A05,0,A00,A0,A0,E0,0,0,2012,2,1835,1849,329,315,14,1479
39037,4591,A05,0,A00,A0,A0,E0,0,0,2012,2,16,33,22,4,17,1183
39039,4591,A05,0,A00,A0,A0,E0,0,0,2012,2,72,78,16,10,6,3367
39041,4591,A05,0,A00,A0,A0,E0,0,0,2012,2,431,437,73,67,6,1313
39043,4591,A05,0,A00,A0,A0,E0,0,0,2012,2,125,141,42,26,15,1438
39045,4591,A05,0,A00,A0,A0,E0,0,0,2012,2,244,242,33,35,-2,1248
39047,4591,A05,0,A00,A0,A0,E0,0,0,2012,2,71,93,41,19,22,823
39049,4591,A05,0,A00,A0,A0,E0,0,0,2012,2,2153,2195,388,347,41,1416
39051,4591,A05,0,A00,A0,A0,E0,0,0,2012,2,32,31,6,7,-1,1188
39053,4591,A05,0,A00,A0,A0,E0,0,0,2012,2,17,17,4,4,0,1164
39055,4591,A05,0,A00,A0,A0,E0,0,0,2012,2,218,224,33,28,6,1845
39057,4591,A05,0,A00,A0,A0,E0,0,0,2012,2,263,271,47,40,8,1188
39059,4591,A05,0,A00,A0,A0,E0,0,0,2012,2,13,14,5,3,2,1481
39061,4591,A05,0,A00,A0,A0,E0,0,0,2012,2,1555,1569,254,240,14,1529
39063,4591,A05,0,A00,A0,A0,E0,0,0,2012,2,103,143,69,29,40,1574
39065,4591,A05,0,A00,A0,A0,E0,0,0,2012,2,,,,,,1022
39067,4591,A05,0,A00,A0,A0,E0,0,0,2012,2,,,0,0,,1195
39069,4591,A05,0,A00,A0,A0,E0,0,0,2012,2,,,0,,,1118
39071,4591,A05,0,A00,A0,A0,E0,0,0,2012,2,27,26,2,3,-1,1380
39073,4591,A05,0,A00,A0,A0,E0,0,0,2012,2,7,6,0,,-1,953
39075,4591,A05,0,A00,A0,A0,E0,0,0,2012,2,84,86,14,12,2,1400
39077,4591,A05,0,A00,A0,A0,E0,0,0,2012,2,15,16,,,1,528
39079,4591,A05,0,A00,A0,A0,E0,0,0,2012,2,,,0,0,,901
39081,4591,A05,0,A00,A0,A0,E0,0,0,2012,2,77,76,9,10,-1,1180
39083,4591,A05,0,A00,A0,A0,E0,0,0,2012,2,53,57,12,9,4,1369
39085,4591,A05,0,A00,A0,A0,E0,0,0,2012,2,394,397,72,69,4,1389
39087,4591,A05,0,A00,A0,A0,E0,0,0,2012,2,21,20,,3,-1,1155
39089,4591,A05,0,A00,A0,A0,E0,0,0,2012,2,339,340,42,41,1,1877
39091,4591,A05,0,A00,A0,A0,E0,0,0,2012,2,18,20,6,3,2,776
39093,4591,A05,0,A00,A0,A0,E0,0,0,2012,2,308,307,49,50,-1,1496
39095,4591,A05,0,A00,A0,A0,E0,0,0,2012,2,775,765,125,134,-9,1512
39097,4591,A05,0,A00,A0,A0,E0,0,0,2012,2,15,21,5,0,5,3054
39099,4591,A05,0,A00,A0,A0,E0,0,0,2012,2,654,671,104,86,18,2036
39101,4591,A05,0,A00,A0,A0,E0,0,0,2012,2,80,82,17,15,2,1378
39103,4591,A05,0,A00,A0,A0,E0,0,0,2012,2,173,207,62,28,34,1589
39105,4591,A05,0,A00,A0,A0,E0,0,0,2012,2,11,9,4,6,-1,958
39107,4591,A05,0,A00,A0,A0,E0,0,0,2012,2,23,42,21,,19,1484
39109,4591,A05,0,A00,A0,A0,E0,0,0,2012,2,141,146,22,17,6,2004
39111,4591,A05,0,A00,A0,A0,E0,0,0,2012,2,,,,,,3252
39113,4591,A05,0,A00,A0,A0,E0,0,0,2012,2,742,767,133,108,25,1587
39117,4591,A05,0,A00,A0,A0,E0,0,0,2012,2,,,,0,,1535
39119,4591,A05,0,A00,A0,A0,E0,0,0,2012,2,111,115,17,12,4,1669
39123,4591,A05,0,A00,A0,A0,E0,0,0,2012,2,8,20,12,0,12,1877
39127,4591,A05,0,A00,A0,A0,E0,0,0,2012,2,,,,0,,1257
39129,4591,A05,0,A00,A0,A0,E0,0,0,2012,2,13,13,,,0,1311
39131,4591,A05,0,A00,A0,A0,E0,0,0,2012,2,,,0,0,,1148
39133,4591,A05,0,A00,A0,A0,E0,0,0,2012,2,132,143,34,23,10,2064
39135,4591,A05,0,A00,A0,A0,E0,0,0,2012,2,,,0,0,,2179
39137,4591,A05,0,A00,A0,A0,E0,0,0,2012,2,,,0,0,,2324
39139,4591,A05,0,A00,A0,A0,E0,0,0,2012,2,209,205,22,26,-4,1458
39141,4591,A05,0,A00,A0,A0,E0,0,0,2012,2,70,70,7,8,-1,1205
39143,4591,A05,0,A00,A0,A0,E0,0,0,2012,2,38,35,9,12,-3,1096
39145,4591,A05,0,A00,A0,A0,E0,0,0,2012,2,19,17,,4,-1,1417
39147,4591,A05,0,A00,A0,A0,E0,0,0,2012,2,14,14,3,3,0,1453
39149,4591,A05,0,A00,A0,A0,E0,0,0,2012,2,13,12,3,4,0,938
39151,4591,A05,0,A00,A0,A0,E0,0,0,2012,2,696,706,136,126,10,1323
39153,4591,A05,0,A00,A0,A0,E0,0,0,2012,2,1790,1830,240,199,41,2784
39155,4591,A05,0,A00,A0,A0,E0,0,0,2012,2,324,316,36,44,-8,1267
39157,4591,A05,0,A00,A0,A0,E0,0,0,2012,2,78,76,8,10,-2,1377
39159,4591,A05,0,A00,A0,A0,E0,0,0,2012,2,37,37,12,11,1,1338
39161,4591,A05,0,A00,A0,A0,E0,0,0,2012,2,,,0,,,1250
39165,4591,A05,0,A00,A0,A0,E0,0,0,2012,2,359,356,55,58,-2,1263
39167,4591,A05,0,A00,A0,A0,E0,0,0,2012,2,71,74,13,9,4,1551
39169,4591,A05,0,A00,A0,A0,E0,0,0,2012,2,147,140,24,31,-7,1239
39171,4591,A05,0,A00,A0,A0,E0,0,0,2012,2,13,14,,0,1,1009
39173,4591,A05,0,A00,A0,A0,E0,0,0,2012,2,300,304,58,53,4,1304
39175,4591,A05,0,A00,A0,A0,E0,0,0,2012,2,,,,,,854
39,4591,A05,0,A00,A0,A0,E0,0,0,2012,2,17006,17380,2990,2616,374,1634
39001,4591,A05,0,A00,A0,A0,E0,0,0,2012,3,,,0,0,,1310
39003,4591,A05,0,A00,A0,A0,E0,0,0,2012,3,176,182,27,21,7,1419
39005,4591,A05,0,A00,A0,A0,E0,0,0,2012,3,88,93,16,11,5,2053
39007,4591,A05,0,A00,A0,A0,E0,0,0,2012,3,55,56,13,12,1,1152
39009,4591,A05,0,A00,A0,A0,E0,0,0,2012,3,111,108,14,16,-2,2302
39011,4591,A05,0,A00,A0,A0,E0,0,0,2012,3,64,59,9,14,-5,1249
39013,4591,A05,0,A00,A0,A0,E0,0,0,2012,3,80,74,18,23,-6,1436
39015,4591,A05,0,A00,A0,A0,E0,0,0,2012,3,,,0,0,,2803
39017,4591,A05,0,A00,A0,A0,E0,0,0,2012,3,284,281,61,63,-2,1285
39019,4591,A05,0,A00,A0,A0,E0,0,0,2012,3,,,0,0,,1031
39021,4591,A05,0,A00,A0,A0,E0,0,0,2012,3,,,,,,417
39023,4591,A05,0,A00,A0,A0,E0,0,0,2012,3,115,118,23,20,3,1466
39025,4591,A05,0,A00,A0,A0,E0,0,0,2012,3,284,288,55,52,3,1480
39027,4591,A05,0,A00,A0,A0,E0,0,0,2012,3,,,,0,,1507
39029,4591,A05,0,A00,A0,A0,E0,0,0,2012,3,65,69,18,14,4,1223
39031,4591,A05,0,A00,A0,A0,E0,0,0,2012,3,,,,,,1468
39033,4591,A05,0,A00,A0,A0,E0,0,0,2012,3,,,,,,977
39035,4591,A05,0,A00,A0,A0,E0,0,0,2012,3,1822,1823,310,309,1,1476
39037,4591,A05,0,A00,A0,A0,E0,0,0,2012,3,33,33,6,6,0,1285
39039,4591,A05,0,A00,A0,A0,E0,0,0,2012,3,78,76,16,18,-2,1628
39041,4591,A05,0,A00,A0,A0,E0,0,0,2012,3,437,451,112,98,13,1406
39043,4591,A05,0,A00,A0,A0,E0,0,0,2012,3,140,136,22,26,-4,1349
39045,4591,A05,0,A00,A0,A0,E0,0,0,2012,3,241,253,58,47,11,1390
39047,4591,A05,0,A00,A0,A0,E0,0,0,2012,3,93,100,34,27,7,862
39049,4591,A05,0,A00,A0,A0,E0,0,0,2012,3,2196,2227,451,420,31,1424
39051,4591,A05,0,A00,A0,A0,E0,0,0,2012,3,31,36,7,,5,1270
39053,4591,A05,0,A00,A0,A0,E0,0,0,2012,3,17,17,3,,0,1357
39055,4591,A05,0,A00,A0,A0,E0,0,0,2012,3,224,224,35,35,0,1665
39057,4591,A05,0,A00,A0,A0,E0,0,0,2012,3,269,273,50,46,3,1189
39059,4591,A05,0,A00,A0,A0,E0,0,0,2012,3,14,13,,3,-1,1415
39061,4591,A05,0,A00,A0,A0,E0,0,0,2012,3,1564,1616,333,280,52,1575
39063,4591,A05,0,A00,A0,A0,E0,0,0,2012,3,144,120,24,48,-24,1167
39065,4591,A05,0,A00,A0,A0,E0,0,0,2012,3,,,,,,1270
39067,4591,A05,0,A00,A0,A0,E0,0,0,2012,3,,,,0,,1180
39069,4591,A05,0,A00,A0,A0,E0,0,0,2012,3,,,,,,1116
39071,4591,A05,0,A00,A0,A0,E0,0,0,2012,3,26,25,,3,-1,1430
39073,4591,A05,0,A00,A0,A0,E0,0,0,2012,3,6,6,,0,1,1116
39075,4591,A05,0,A00,A0,A0,E0,0,0,2012,3,86,83,7,11,-4,1299
39077,4591,A05,0,A00,A0,A0,E0,0,0,2012,3,16,16,3,,0,637
39079,4591,A05,0,A00,A0,A0,E0,0,0,2012,3,,,0,0,,950
39081,4591,A05,0,A00,A0,A0,E0,0,0,2012,3,75,78,19,16,3,1305
39083,4591,A05,0,A00,A0,A0,E0,0,0,2012,3,57,54,7,10,-3,1508
39085,4591,A05,0,A00,A0,A0,E0,0,0,2012,3,393,401,67,58,9,1317
39087,4591,A05,0,A00,A0,A0,E0,0,0,2012,3,23,19,3,7,-4,1197
39089,4591,A05,0,A00,A0,A0,E0,0,0,2012,3,338,341,50,47,3,1810
39091,4591,A05,0,A00,A0,A0,E0,0,0,2012,3,20,22,5,4,1,752
39093,4591,A05,0,A00,A0,A0,E0,0,0,2012,3,306,308,56,53,2,1416
39095,4591,A05,0,A00,A0,A0,E0,0,0,2012,3,762,813,210,159,51,1616
39097,4591,A05,0,A00,A0,A0,E0,0,0,2012,3,21,23,3,,2,3495
39099,4591,A05,0,A00,A0,A0,E0,0,0,2012,3,670,629,86,127,-41,2213
39101,4591,A05,0,A00,A0,A0,E0,0,0,2012,3,82,80,14,16,-2,1352
39103,4591,A05,0,A00,A0,A0,E0,0,0,2012,3,207,196,46,56,-11,1517
39105,4591,A05,0,A00,A0,A0,E0,0,0,2012,3,9,12,3,0,3,1092
39107,4591,A05,0,A00,A0,A0,E0,0,0,2012,3,42,37,7,11,-4,1199
39109,4591,A05,0,A00,A0,A0,E0,0,0,2012,3,146,144,22,24,-3,1969
39111,4591,A05,0,A00,A0,A0,E0,0,0,2012,3,,,0,,,3429
39113,4591,A05,0,A00,A0,A0,E0,0,0,2012,3,761,801,172,131,40,1477
39117,4591,A05,0,A00,A0,A0,E0,0,0,2012,3,,,,,,1057
39119,4591,A05,0,A00,A0,A0,E0,0,0,2012,3,115,119,19,15,4,1674
39123,4591,A05,0,A00,A0,A0,E0,0,0,2012,3,20,13,,8,-7,2058
39127,4591,A05,0,A00,A0,A0,E0,0,0,2012,3,,,0,,,1199
39129,4591,A05,0,A00,A0,A0,E0,0,0,2012,3,13,13,0,0,0,1381
39131,4591,A05,0,A00,A0,A0,E0,0,0,2012,3,,,,0,,939
39133,4591,A05,0,A00,A0,A0,E0,0,0,2012,3,152,153,16,16,0,2390
39135,4591,A05,0,A00,A0,A0,E0,0,0,2012,3,,,0,0,,2179
39137,4591,A05,0,A00,A0,A0,E0,0,0,2012,3,,,0,0,,3086
39139,4591,A05,0,A00,A0,A0,E0,0,0,2012,3,204,208,32,28,4,1473
39141,4591,A05,0,A00,A0,A0,E0,0,0,2012,3,69,73,12,9,4,1297
39143,4591,A05,0,A00,A0,A0,E0,0,0,2012,3,35,36,3,3,0,1261
39145,4591,A05,0,A00,A0,A0,E0,0,0,2012,3,17,17,4,4,-1,1691
39147,4591,A05,0,A00,A0,A0,E0,0,0,2012,3,14,14,3,,1,1537
39149,4591,A05,0,A00,A0,A0,E0,0,0,2012,3,12,11,3,4,-2,956
39151,4591,A05,0,A00,A0,A0,E0,0,0,2012,3,727,730,136,133,3,1452
39153,4591,A05,0,A00,A0,A0,E0,0,0,2012,3,1849,1843,246,252,-6,2614
39155,4591,A05,0,A00,A0,A0,E0,0,0,2012,3,316,311,66,71,-5,1257
39157,4591,A05,0,A00,A0,A0,E0,0,0,2012,3,76,80,16,12,4,1430
39159,4591,A05,0,A00,A0,A0,E0,0,0,2012,3,37,37,9,9,0,995
39161,4591,A05,0,A00,A0,A0,E0,0,0,2012,3,,,0,,,1669
39165,4591,A05,0,A00,A0,A0,E0,0,0,2012,3,355,359,66,62,4,1261
39167,4591,A05,0,A00,A0,A0,E0,0,0,2012,3,74,72,10,12,-2,1860
39169,4591,A05,0,A00,A0,A0,E0,0,0,2012,3,140,140,42,42,1,1296
39171,4591,A05,0,A00,A0,A0,E0,0,0,2012,3,14,16,3,,2,1045
39173,4591,A05,0,A00,A0,A0,E0,0,0,2012,3,304,302,52,54,-2,1292
39175,4591,A05,0,A00,A0,A0,E0,0,0,2012,3,,,,0,,639
39,4591,A05,0,A00,A0,A0,E0,0,0,2012,3,17376,17536,3275,3115,160,1627
39001,4591,A05,0,A00,A0,A0,E0,0,0,2012,4,,,0,,,782
39003,4591,A05,0,A00,A0,A0,E0,0,0,2012,4,183,238,102,46,56,1666
39005,4591,A05,0,A00,A0,A0,E0,0,0,2012,4,93,92,5,6,-1,2409
39007,4591,A05,0,A00,A0,A0,E0,0,0,2012,4,56,56,12,12,0,1895
39009,4591,A05,0,A00,A0,A0,E0,0,0,2012,4,108,114,18,13,5,9162
39011,4591,A05,0,A00,A0,A0,E0,0,0,2012,4,59,54,4,9,-5,1399
39013,4591,A05,0,A00,A0,A0,E0,0,0,2012,4,72,89,50,34,17,1541
39015,4591,A05,0,A00,A0,A0,E0,0,0,2012,4,,,,0,,2894
39017,4591,A05,0,A00,A0,A0,E0,0,0,2012,4,283,296,66,54,12,1397
39019,4591,A05,0,A00,A0,A0,E0,0,0,2012,4,,,0,0,,1031
39021,4591,A05,0,A00,A0,A0,E0,0,0,2012,4,,,0,,,338
39023,4591,A05,0,A00,A0,A0,E0,0,0,2012,4,118,129,31,20,11,1658
39025,4591,A05,0,A00,A0,A0,E0,0,0,2012,4,288,320,111,78,33,1608
39027,4591,A05,0,A00,A0,A0,E0,0,0,2012,4,,,,,,1394
39029,4591,A05,0,A00,A0,A0,E0,0,0,2012,4,69,78,21,11,9,1365
39031,4591,A05,0,A00,A0,A0,E0,0,0,2012,4,,,,,,1203
39033,4591,A05,0,A00,A0,A0,E0,0,0,2012,4,,,,,,851
39035,4591,A05,0,A00,A0,A0,E0,0,0,2012,4,1822,2004,586,405,182,1577
39037,4591,A05,0,A00,A0,A0,E0,0,0,2012,4,33,33,3,3,0,1314
39039,4591,A05,0,A00,A0,A0,E0,0,0,2012,4,76,79,12,9,3,1791
39041,4591,A05,0,A00,A0,A0,E0,0,0,2012,4,452,515,144,81,63,1505
39043,4591,A05,0,A00,A0,A0,E0,0,0,2012,4,136,151,65,50,15,1947
39045,4591,A05,0,A00,A0,A0,E0,0,0,2012,4,252,273,62,40,21,1332
39047,4591,A05,0,A00,A0,A0,E0,0,0,2012,4,100,123,44,21,23,780
39049,4591,A05,0,A00,A0,A0,E0,0,0,2012,4,2229,2377,698,550,148,1461
39051,4591,A05,0,A00,A0,A0,E0,0,0,2012,4,36,36,36,36,0,1504
39053,4591,A05,0,A00,A0,A0,E0,0,0,2012,4,18,20,4,,3,1279
39055,4591,A05,0,A00,A0,A0,E0,0,0,2012,4,225,242,48,31,16,1837
39057,4591,A05,0,A00,A0,A0,E0,0,0,2012,4,273,323,134,83,51,1204
39059,4591,A05,0,A00,A0,A0,E0,0,0,2012,4,13,12,,4,-1,1542
39061,4591,A05,0,A00,A0,A0,E0,0,0,2012,4,1614,1817,541,338,204,1686
39063,4591,A05,0,A00,A0,A0,E0,0,0,2012,4,120,116,31,35,-4,1569
39065,4591,A05,0,A00,A0,A0,E0,0,0,2012,4,,,,,,1301
39067,4591,A05,0,A00,A0,A0,E0,0,0,2012,4,,,0,0,,1118
39069,4591,A05,0,A00,A0,A0,E0,0,0,2012,4,,,,0,,1596
39071,4591,A05,0,A00,A0,A0,E0,0,0,2012,4,25,26,3,,1,1667
39073,4591,A05,0,A00,A0,A0,E0,0,0,2012,4,6,8,,,1,1093
39075,4591,A05,0,A00,A0,A0,E0,0,0,2012,4,83,76,4,11,-7,1401
39077,4591,A05,0,A00,A0,A0,E0,0,0,2012,4,16,15,4,5,-1,666
39079,4591,A05,0,A00,A0,A0,E0,0,0,2012,4,,,0,0,,1040
39081,4591,A05,0,A00,A0,A0,E0,0,0,2012,4,79,81,13,10,3,1205
39083,4591,A05,0,A00,A0,A0,E0,0,0,2012,4,54,56,13,11,2,1652
39085,4591,A05,0,A00,A0,A0,E0,0,0,2012,4,402,459,137,79,58,1577
39087,4591,A05,0,A00,A0,A0,E0,0,0,2012,4,19,19,4,3,0,1084
39089,4591,A05,0,A00,A0,A0,E0,0,0,2012,4,341,367,88,62,26,2072
39091,4591,A05,0,A00,A0,A0,E0,0,0,2012,4,22,47,34,9,26,805
39093,4591,A05,0,A00,A0,A0,E0,0,0,2012,4,309,347,116,78,38,2012
39095,4591,A05,0,A00,A0,A0,E0,0,0,2012,4,714,800,297,211,85,1656
39097,4591,A05,0,A00,A0,A0,E0,0,0,2012,4,23,25,3,,2,3355
39099,4591,A05,0,A00,A0,A0,E0,0,0,2012,4,629,678,157,108,49,2155
39101,4591,A05,0,A00,A0,A0,E0,0,0,2012,4,80,90,23,13,10,1545
39103,4591,A05,0,A00,A0,A0,E0,0,0,2012,4,196,196,37,36,0,1681
39105,4591,A05,0,A00,A0,A0,E0,0,0,2012,4,12,12,,,0,1158
39107,4591,A05,0,A00,A0,A0,E0,0,0,2012,4,37,44,13,7,7,1335
39109,4591,A05,0,A00,A0,A0,E0,0,0,2012,4,144,146,26,23,2,2581
39111,4591,A05,0,A00,A0,A0,E0,0,0,2012,4,,,0,0,,5636
39113,4591,A05,0,A00,A0,A0,E0,0,0,2012,4,795,854,233,174,59,1565
39117,4591,A05,0,A00,A0,A0,E0,0,0,2012,4,,,0,,,1054
39119,4591,A05,0,A00,A0,A0,E0,0,0,2012,4,119,130,26,16,10,1817
39123,4591,A05,0,A00,A0,A0,E0,0,0,2012,4,13,7,0,5,-5,1284
39127,4591,A05,0,A00,A0,A0,E0,0,0,2012,4,,,0,0,,1365
39129,4591,A05,0,A00,A0,A0,E0,0,0,2012,4,13,11,,4,-3,1085
39131,4591,A05,0,A00,A0,A0,E0,0,0,2012,4,,,0,,,974
39133,4591,A05,0,A00,A0,A0,E0,0,0,2012,4,153,148,40,45,-5,2650
39135,4591,A05,0,A00,A0,A0,E0,0,0,2012,4,,,0,0,,2179
39137,4591,A05,0,A00,A0,A0,E0,0,0,2012,4,,,0,0,,2857
39139,4591,A05,0,A00,A0,A0,E0,0,0,2012,4,210,255,91,46,45,1676
39141,4591,A05,0,A00,A0,A0,E0,0,0,2012,4,73,84,23,12,11,1425
39143,4591,A05,0,A00,A0,A0,E0,0,0,2012,4,36,31,6,11,-4,1092
39145,4591,A05,0,A00,A0,A0,E0,0,0,2012,4,17,17,,,0,1573
39147,4591,A05,0,A00,A0,A0,E0,0,0,2012,4,14,14,3,3,0,1299
39149,4591,A05,0,A00,A0,A0,E0,0,0,2012,4,,,,,,956
39151,4591,A05,0,A00,A0,A0,E0,0,0,2012,4,728,823,237,143,95,1470
39153,4591,A05,0,A00,A0,A0,E0,0,0,2012,4,1845,1971,397,271,126,3172
39155,4591,A05,0,A00,A0,A0,E0,0,0,2012,4,310,344,111,77,34,1337
39157,4591,A05,0,A00,A0,A0,E0,0,0,2012,4,80,86,17,11,6,1482
39159,4591,A05,0,A00,A0,A0,E0,0,0,2012,4,37,43,14,9,5,1127
39161,4591,A05,0,A00,A0,A0,E0,0,0,2012,4,,,,,,1503
39165,4591,A05,0,A00,A0,A0,E0,0,0,2012,4,360,382,81,60,21,1290
39167,4591,A05,0,A00,A0,A0,E0,0,0,2012,4,72,65,5,12,-7,1566
39169,4591,A05,0,A00,A0,A0,E0,0,0,2012,4,141,147,43,37,6,1319
39171,4591,A05,0,A00,A0,A0,E0,0,0,2012,4,16,20,5,,4,944
39173,4591,A05,0,A00,A0,A0,E0,0,0,2012,4,302,342,90,50,40,1346
39175,4591,A05,0,A00,A0,A0,E0,0,0,2012,4,,,0,,,717
39,4591,A05,0,A00,A0,A0,E0,0,0,2012,4,17440,19037,5246,3649,1597,1823
39001,4591,A05,0,A00,A0,A0,E0,0,0,2013,1,,,,,,748
39003,4591,A05,0,A00,A0,A0,E0,0,0,2013,1,238,195,16,60,-43,1158
39005,4591,A05,0,A00,A0,A0,E0,0,0,2013,1,92,90,8,9,-2,2396
39007,4591,A05,0,A00,A0,A0,E0,0,0,2013,1,53,51,8,10,-2,1220
39009,4591,A05,0,A00,A0,A0,E0,0,0,2013,1,101,98,9,12,-3,2305
39011,4591,A05,0,A00,A0,A0,E0,0,0,2013,1,54,51,4,6,-3,1277
39013,4591,A05,0,A00,A0,A0,E0,0,0,2013,1,88,71,11,28,-17,1172
39015,4591,A05,0,A00,A0,A0,E0,0,0,2013,1,,,,,,2684
39017,4591,A05,0,A00,A0,A0,E0,0,0,2013,1,295,281,44,58,-14,1270
39019,4591,A05,0,A00,A0,A0,E0,0,0,2013,1,,,0,0,,1031
39021,4591,A05,0,A00,A0,A0,E0,0,0,2013,1,,0,0,,0,870
39023,4591,A05,0,A00,A0,A0,E0,0,0,2013,1,129,127,20,21,-1,1368
39025,4591,A05,0,A00,A0,A0,E0,0,0,2013,1,322,290,36,68,-32,1295
39027,4591,A05,0,A00,A0,A0,E0,0,0,2013,1,,,,,,1015
39029,4591,A05,0,A00,A0,A0,E0,0,0,2013,1,78,71,12,19,-7,1138
39031,4591,A05,0,A00,A0,A0,E0,0,0,2013,1,,,,,,1407
39033,4591,A05,0,A00,A0,A0,E0,0,0,2013,1,,,,,,904
39035,4591,A05,0,A00,A0,A0,E0,0,0,2013,1,1983,1811,237,409,-172,1362
39037,4591,A05,0,A00,A0,A0,E0,0,0,2013,1,33,17,5,21,-16,1261
39039,4591,A05,0,A00,A0,A0,E0,0,0,2013,1,79,75,10,13,-3,1680
39041,4591,A05,0,A00,A0,A0,E0,0,0,2013,1,516,689,322,149,173,1441
39043,4591,A05,0,A00,A0,A0,E0,0,0,2013,1,149,130,16,35,-19,1270
39045,4591,A05,0,A00,A0,A0,E0,0,0,2013,1,273,260,35,49,-13,1392
39047,4591,A05,0,A00,A0,A0,E0,0,0,2013,1,123,110,17,30,-12,673
39049,4591,A05,0,A00,A0,A0,E0,0,0,2013,1,2401,2155,276,522,-246,1295
39051,4591,A05,0,A00,A0,A0,E0,0,0,2013,1,36,31,,7,-5,1196
39053,4591,A05,0,A00,A0,A0,E0,0,0,2013,1,20,19,,3,-1,1414
39055,4591,A05,0,A00,A0,A0,E0,0,0,2013,1,243,243,43,43,0,3824
39057,4591,A05,0,A00,A0,A0,E0,0,0,2013,1,326,297,42,71,-28,1066
39059,4591,A05,0,A00,A0,A0,E0,0,0,2013,1,12,12,3,2,0,1588
39061,4591,A05,0,A00,A0,A0,E0,0,0,2013,1,1547,1432,193,308,-115,1461
39063,4591,A05,0,A00,A0,A0,E0,0,0,2013,1,116,107,13,21,-8,1438
39065,4591,A05,0,A00,A0,A0,E0,0,0,2013,1,,,,,,1469
39067,4591,A05,0,A00,A0,A0,E0,0,0,2013,1,,,0,,,1092
39069,4591,A05,0,A00,A0,A0,E0,0,0,2013,1,,,,,,1196
39071,4591,A05,0,A00,A0,A0,E0,0,0,2013,1,26,25,4,5,-1,1476
39073,4591,A05,0,A00,A0,A0,E0,0,0,2013,1,8,8,,,0,1106
39075,4591,A05,0,A00,A0,A0,E0,0,0,2013,1,75,72,,5,-3,1358
39077,4591,A05,0,A00,A0,A0,E0,0,0,2013,1,15,15,,,-1,698
39079,4591,A05,0,A00,A0,A0,E0,0,0,2013,1,,,0,0,,775
39081,4591,A05,0,A00,A0,A0,E0,0,0,2013,1,82,74,8,17,-8,1268
39083,4591,A05,0,A00,A0,A0,E0,0,0,2013,1,61,63,14,12,3,1427
39085,4591,A05,0,A00,A0,A0,E0,0,0,2013,1,459,418,60,101,-41,1207
39087,4591,A05,0,A00,A0,A0,E0,0,0,2013,1,19,20,3,2,0,1225
39089,4591,A05,0,A00,A0,A0,E0,0,0,2013,1,363,357,44,51,-6,1934
39091,4591,A05,0,A00,A0,A0,E0,0,0,2013,1,47,22,16,41,-25,496
39093,4591,A05,0,A00,A0,A0,E0,0,0,2013,1,347,316,44,74,-31,1245
39095,4591,A05,0,A00,A0,A0,E0,0,0,2013,1,804,732,107,179,-72,1302
39097,4591,A05,0,A00,A0,A0,E0,0,0,2013,1,25,23,0,,-2,2965
39099,4591,A05,0,A00,A0,A0,E0,0,0,2013,1,682,631,54,105,-51,2030
39101,4591,A05,0,A00,A0,A0,E0,0,0,2013,1,90,84,9,16,-7,1326
39103,4591,A05,0,A00,A0,A0,E0,0,0,2013,1,204,194,25,35,-11,1532
39105,4591,A05,0,A00,A0,A0,E0,0,0,2013,1,12,12,0,0,0,1096
39107,4591,A05,0,A00,A0,A0,E0,0,0,2013,1,44,40,4,7,-3,1105
39109,4591,A05,0,A00,A0,A0,E0,0,0,2013,1,145,135,14,24,-10,1735
39111,4591,A05,0,A00,A0,A0,E0,0,0,2013,1,,,,,,2926
39113,4591,A05,0,A00,A0,A0,E0,0,0,2013,1,854,791,96,159,-63,1386
39117,4591,A05,0,A00,A0,A0,E0,0,0,2013,1,,,0,0,,1830
39119,4591,A05,0,A00,A0,A0,E0,0,0,2013,1,130,122,8,16,-8,1579
39123,4591,A05,0,A00,A0,A0,E0,0,0,2013,1,,,,,,772
39127,4591,A05,0,A00,A0,A0,E0,0,0,2013,1,,,0,0,,1319
39129,4591,A05,0,A00,A0,A0,E0,0,0,2013,1,11,11,,,1,1419
39131,4591,A05,0,A00,A0,A0,E0,0,0,2013,1,,,0,0,,1535
39133,4591,A05,0,A00,A0,A0,E0,0,0,2013,1,126,135,29,20,9,1915
39135,4591,A05,0,A00,A0,A0,E0,0,0,2013,1,,,0,0,,2179
39137,4591,A05,0,A00,A0,A0,E0,0,0,2013,1,,,0,0,,3097
39139,4591,A05,0,A00,A0,A0,E0,0,0,2013,1,254,222,22,54,-32,1281
39141,4591,A05,0,A00,A0,A0,E0,0,0,2013,1,84,76,7,15,-8,1199
39143,4591,A05,0,A00,A0,A0,E0,0,0,2013,1,31,32,4,3,1,1285
39145,4591,A05,0,A00,A0,A0,E0,0,0,2013,1,17,19,6,4,2,1764
39147,4591,A05,0,A00,A0,A0,E0,0,0,2013,1,14,15,5,4,1,1260
39149,4591,A05,0,A00,A0,A0,E0,0,0,2013,1,11,11,4,4,-1,1096
39151,4591,A05,0,A00,A0,A0,E0,0,0,2013,1,834,752,93,175,-82,1301
39153,4591,A05,0,A00,A0,A0,E0,0,0,2013,1,1387,1253,166,300,-134,2032
39155,4591,A05,0,A00,A0,A0,E0,0,0,2013,1,345,302,35,79,-44,1165
39157,4591,A05,0,A00,A0,A0,E0,0,0,2013,1,86,83,9,11,-3,1262
39159,4591,A05,0,A00,A0,A0,E0,0,0,2013,1,43,46,12,8,3,922
39161,4591,A05,0,A00,A0,A0,E0,0,0,2013,1,,,,,,1753
39165,4591,A05,0,A00,A0,A0,E0,0,0,2013,1,426,417,64,72,-9,1438
39167,4591,A05,0,A00,A0,A0,E0,0,0,2013,1,65,64,6,8,-2,1891
39169,4591,A05,0,A00,A0,A0,E0,0,0,2013,1,147,141,18,25,-7,1197
39171,4591,A05,0,A00,A0,A0,E0,0,0,2013,1,20,18,,4,-2,867
39173,4591,A05,0,A00,A0,A0,E0,0,0,2013,1,545,502,30,73,-43,1345
39175,4591,A05,0,A00,A0,A0,E0,0,0,2013,1,,,0,0,,793
39,4591,A05,0,A00,A0,A0,E0,0,0,2013,1,18426,17146,2446,3726,-1279,1471
39001,4591,A05,0,A00,A0,A0,E0,0,0,2013,2,,,,0,,1736
39003,4591,A05,0,A00,A0,A0,E0,0,0,2013,2,195,192,23,27,-4,1416
39005,4591,A05,0,A00,A0,A0,E0,0,0,2013,2,90,90,9,10,0,1995
39007,4591,A05,0,A00,A0,A0,E0,0,0,2013,2,51,49,6,8,-2,1277
39009,4591,A05,0,A00,A0,A0,E0,0,0,2013,2,98,101,15,12,3,2370
39011,4591,A05,0,A00,A0,A0,E0,0,0,2013,2,51,50,4,6,-1,1436
39013,4591,A05,0,A00,A0,A0,E0,0,0,2013,2,71,72,11,10,1,1661
39015,4591,A05,0,A00,A0,A0,E0,0,0,2013,2,,,0,,,2148
39017,4591,A05,0,A00,A0,A0,E0,0,0,2013,2,279,299,57,38,20,1552
39019,4591,A05,0,A00,A0,A0,E0,0,0,2013,2,,,0,0,,1031
39023,4591,A05,0,A00,A0,A0,E0,0,0,2013,2,128,129,22,21,1,1461
39025,4591,A05,0,A00,A0,A0,E0,0,0,2013,2,286,289,49,47,2,1602
39027,4591,A05,0,A00,A0,A0,E0,0,0,2013,2,,,0,,,928
39029,4591,A05,0,A00,A0,A0,E0,0,0,2013,2,71,74,31,28,3,1199
39031,4591,A05,0,A00,A0,A0,E0,0,0,2013,2,,,,,,1159
39033,4591,A05,0,A00,A0,A0,E0,0,0,2013,2,,,,,,745
39035,4591,A05,0,A00,A0,A0,E0,0,0,2013,2,1826,1832,273,267,6,1525
39037,4591,A05,0,A00,A0,A0,E0,0,0,2013,2,17,17,3,3,0,1200
39039,4591,A05,0,A00,A0,A0,E0,0,0,2013,2,75,78,14,11,3,3599
39041,4591,A05,0,A00,A0,A0,E0,0,0,2013,2,689,671,126,145,-18,1484
39043,4591,A05,0,A00,A0,A0,E0,0,0,2013,2,129,140,34,23,11,1479
39045,4591,A05,0,A00,A0,A0,E0,0,0,2013,2,258,247,31,42,-10,1256
39047,4591,A05,0,A00,A0,A0,E0,0,0,2013,2,110,112,34,32,1,614
39049,4591,A05,0,A00,A0,A0,E0,0,0,2013,2,2179,2267,412,323,88,1464
39051,4591,A05,0,A00,A0,A0,E0,0,0,2013,2,31,30,6,7,-1,1285
39053,4591,A05,0,A00,A0,A0,E0,0,0,2013,2,19,18,,4,-1,1189
39055,4591,A05,0,A00,A0,A0,E0,0,0,2013,2,239,271,67,35,32,1786
39057,4591,A05,0,A00,A0,A0,E0,0,0,2013,2,295,300,53,49,4,1213
39059,4591,A05,0,A00,A0,A0,E0,0,0,2013,2,12,12,,,0,1693
39061,4591,A05,0,A00,A0,A0,E0,0,0,2013,2,1423,1478,269,214,55,1554
39063,4591,A05,0,A00,A0,A0,E0,0,0,2013,2,107,140,64,31,33,1529
39065,4591,A05,0,A00,A0,A0,E0,0,0,2013,2,,,0,,,938
39067,4591,A05,0,A00,A0,A0,E0,0,0,2013,2,,,,,,1253
39069,4591,A05,0,A00,A0,A0,E0,0,0,2013,2,,,,,,1143
39071,4591,A05,0,A00,A0,A0,E0,0,0,2013,2,25,26,,,1,1585
39073,4591,A05,0,A00,A0,A0,E0,0,0,2013,2,8,7,0,,-1,936
39075,4591,A05,0,A00,A0,A0,E0,0,0,2013,2,73,73,4,4,0,1693
39077,4591,A05,0,A00,A0,A0,E0,0,0,2013,2,15,11,0,4,-4,721
39079,4591,A05,0,A00,A0,A0,E0,0,0,2013,2,,,0,0,,818
39081,4591,A05,0,A00,A0,A0,E0,0,0,2013,2,72,73,12,12,0,1228
39083,4591,A05,0,A00,A0,A0,E0,0,0,2013,2,63,70,15,9,6,1587
39085,4591,A05,0,A00,A0,A0,E0,0,0,2013,2,450,447,65,67,-2,1396
39087,4591,A05,0,A00,A0,A0,E0,0,0,2013,2,20,21,3,,2,1102
39089,4591,A05,0,A00,A0,A0,E0,0,0,2013,2,356,360,43,40,4,1992
39091,4591,A05,0,A00,A0,A0,E0,0,0,2013,2,22,26,10,6,4,778
39093,4591,A05,0,A00,A0,A0,E0,0,0,2013,2,316,322,57,52,5,1420
39095,4591,A05,0,A00,A0,A0,E0,0,0,2013,2,727,720,111,117,-6,1488
39097,4591,A05,0,A00,A0,A0,E0,0,0,2013,2,23,25,5,3,2,3027
39099,4591,A05,0,A00,A0,A0,E0,0,0,2013,2,630,643,105,92,13,1990
39101,4591,A05,0,A00,A0,A0,E0,0,0,2013,2,83,85,17,16,1,1422
39103,4591,A05,0,A00,A0,A0,E0,0,0,2013,2,194,228,62,28,34,1640
39105,4591,A05,0,A00,A0,A0,E0,0,0,2013,2,12,10,,3,-2,932
39107,4591,A05,0,A00,A0,A0,E0,0,0,2013,2,40,43,8,5,3,1266
39109,4591,A05,0,A00,A0,A0,E0,0,0,2013,2,134,140,24,19,5,1756
39111,4591,A05,0,A00,A0,A0,E0,0,0,2013,2,,,,0,,3724
39113,4591,A05,0,A00,A0,A0,E0,0,0,2013,2,788,808,138,119,19,1439
39117,4591,A05,0,A00,A0,A0,E0,0,0,2013,2,,,,,,1693
39119,4591,A05,0,A00,A0,A0,E0,0,0,2013,2,121,128,20,13,6,1717
39123,4591,A05,0,A00,A0,A0,E0,0,0,2013,2,6,22,18,,16,1366
39127,4591,A05,0,A00,A0,A0,E0,0,0,2013,2,,,0,0,,1376
39129,4591,A05,0,A00,A0,A0,E0,0,0,2013,2,11,14,4,,3,1350
39131,4591,A05,0,A00,A0,A0,E0,0,0,2013,2,,,0,0,,1417
39133,4591,A05,0,A00,A0,A0,E0,0,0,2013,2,135,144,36,27,9,1860
39135,4591,A05,0,A00,A0,A0,E0,0,0,2013,2,,,,0,,2179
39137,4591,A05,0,A00,A0,A0,E0,0,0,2013,2,,,,0,,2903
39139,4591,A05,0,A00,A0,A0,E0,0,0,2013,2,222,213,20,29,-8,1475
39141,4591,A05,0,A00,A0,A0,E0,0,0,2013,2,76,77,8,7,1,1244
39143,4591,A05,0,A00,A0,A0,E0,0,0,2013,2,32,44,19,7,12,1322
39145,4591,A05,0,A00,A0,A0,E0,0,0,2013,2,19,18,3,4,-1,1254
39147,4591,A05,0,A00,A0,A0,E0,0,0,2013,2,15,16,3,,1,1225
39149,4591,A05,0,A00,A0,A0,E0,0,0,2013,2,11,12,3,,1,956
39151,4591,A05,0,A00,A0,A0,E0,0,0,2013,2,749,727,94,116,-22,1373
39153,4591,A05,0,A00,A0,A0,E0,0,0,2013,2,1222,1228,186,180,6,1721
39155,4591,A05,0,A00,A0,A0,E0,0,0,2013,2,298,318,63,44,20,1367
39157,4591,A05,0,A00,A0,A0,E0,0,0,2013,2,83,82,10,11,-2,1378
39159,4591,A05,0,A00,A0,A0,E0,0,0,2013,2,46,44,7,8,-2,1129
39161,4591,A05,0,A00,A0,A0,E0,0,0,2013,2,,,0,,,1508
39165,4591,A05,0,A00,A0,A0,E0,0,0,2013,2,415,417,62,60,2,1413
39167,4591,A05,0,A00,A0,A0,E0,0,0,2013,2,64,72,15,7,9,1774
39169,4591,A05,0,A00,A0,A0,E0,0,0,2013,2,140,134,18,24,-6,1320
39171,4591,A05,0,A00,A0,A0,E0,0,0,2013,2,18,19,,,0,977
39173,4591,A05,0,A00,A0,A0,E0,0,0,2013,2,503,520,88,70,18,1370
39175,4591,A05,0,A00,A0,A0,E0,0,0,2013,2,,,,,,858
39,4591,A05,0,A00,A0,A0,E0,0,0,2013,2,17144,17520,3002,2626,376,1532
39001,4591,A05,0,A00,A0,A0,E0,0,0,2013,3,,,0,,,1535
39003,4591,A05,0,A00,A0,A0,E0,0,0,2013,3,192,198,42,37,6,1442
39005,4591,A05,0,A00,A0,A0,E0,0,0,2013,3,93,99,17,11,7,2284
39007,4591,A05,0,A00,A0,A0,E0,0,0,2013,3,49,52,13,10,3,1305
39009,4591,A05,0,A00,A0,A0,E0,0,0,2013,3,101,107,38,32,6,2316
39011,4591,A05,0,A00,A0,A0,E0,0,0,2013,3,50,42,3,11,-7,1331
39013,4591,A05,0,A00,A0,A0,E0,0,0,2013,3,72,80,24,16,8,1406
39015,4591,A05,0,A00,A0,A0,E0,0,0,2013,3,,,0,0,,2763
39017,4591,A05,0,A00,A0,A0,E0,0,0,2013,3,299,297,62,65,-2,1359
39019,4591,A05,0,A00,A0,A0,E0,0,0,2013,3,,,0,0,,1031
39023,4591,A05,0,A00,A0,A0,E0,0,0,2013,3,129,133,27,23,4,1407
39025,4591,A05,0,A00,A0,A0,E0,0,0,2013,3,293,294,46,45,1,1497
39027,4591,A05,0,A00,A0,A0,E0,0,0,2013,3,,,,,,1303
39029,4591,A05,0,A00,A0,A0,E0,0,0,2013,3,74,85,31,20,11,1401
39031,4591,A05,0,A00,A0,A0,E0,0,0,2013,3,,,,,,1511
39033,4591,A05,0,A00,A0,A0,E0,0,0,2013,3,,,,,,744
39035,4591,A05,0,A00,A0,A0,E0,0,0,2013,3,1824,1873,353,303,50,1530
39037,4591,A05,0,A00,A0,A0,E0,0,0,2013,3,17,18,6,5,1,1286
39039,4591,A05,0,A00,A0,A0,E0,0,0,2013,3,78,80,19,17,1,1829
39041,4591,A05,0,A00,A0,A0,E0,0,0,2013,3,670,714,200,156,43,1457
39043,4591,A05,0,A00,A0,A0,E0,0,0,2013,3,139,133,31,37,-6,1470
39045,4591,A05,0,A00,A0,A0,E0,0,0,2013,3,248,250,50,48,2,1353
39047,4591,A05,0,A00,A0,A0,E0,0,0,2013,3,112,126,54,41,14,805
39049,4591,A05,0,A00,A0,A0,E0,0,0,2013,3,2314,2279,418,453,-35,1461
39051,4591,A05,0,A00,A0,A0,E0,0,0,2013,3,30,40,11,0,11,872
39053,4591,A05,0,A00,A0,A0,E0,0,0,2013,3,18,17,3,4,-1,1319
39055,4591,A05,0,A00,A0,A0,E0,0,0,2013,3,272,263,47,55,-8,1571
39057,4591,A05,0,A00,A0,A0,E0,0,0,2013,3,298,312,75,60,14,1190
39059,4591,A05,0,A00,A0,A0,E0,0,0,2013,3,12,11,,,-1,1623
39061,4591,A05,0,A00,A0,A0,E0,0,0,2013,3,1489,1459,299,330,-30,1540
39063,4591,A05,0,A00,A0,A0,E0,0,0,2013,3,140,112,21,50,-28,1264
39065,4591,A05,0,A00,A0,A0,E0,0,0,2013,3,,,,,,1316
39067,4591,A05,0,A00,A0,A0,E0,0,0,2013,3,,,,0,,1317
39069,4591,A05,0,A00,A0,A0,E0,0,0,2013,3,,,,,,1829
39071,4591,A05,0,A00,A0,A0,E0,0,0,2013,3,26,27,4,4,1,1448
39073,4591,A05,0,A00,A0,A0,E0,0,0,2013,3,7,5,,3,-2,841
39075,4591,A05,0,A00,A0,A0,E0,0,0,2013,3,73,85,16,4,12,1427
39077,4591,A05,0,A00,A0,A0,E0,0,0,2013,3,11,13,,,2,767
39079,4591,A05,0,A00,A0,A0,E0,0,0,2013,3,,,0,0,,857
39081,4591,A05,0,A00,A0,A0,E0,0,0,2013,3,72,70,13,15,-2,1301
39083,4591,A05,0,A00,A0,A0,E0,0,0,2013,3,70,73,14,11,4,1479
39085,4591,A05,0,A00,A0,A0,E0,0,0,2013,3,447,452,84,80,5,1337
39087,4591,A05,0,A00,A0,A0,E0,0,0,2013,3,21,20,2,4,-2,1119
39089,4591,A05,0,A00,A0,A0,E0,0,0,2013,3,340,344,53,49,4,1855
39091,4591,A05,0,A00,A0,A0,E0,0,0,2013,3,26,26,8,8,0,719
39093,4591,A05,0,A00,A0,A0,E0,0,0,2013,3,321,326,62,57,5,1461
39095,4591,A05,0,A00,A0,A0,E0,0,0,2013,3,719,744,137,112,26,1570
39097,4591,A05,0,A00,A0,A0,E0,0,0,2013,3,25,23,0,,-2,3162
39099,4591,A05,0,A00,A0,A0,E0,0,0,2013,3,644,629,92,107,-15,2159
39101,4591,A05,0,A00,A0,A0,E0,0,0,2013,3,85,88,15,12,3,1491
39103,4591,A05,0,A00,A0,A0,E0,0,0,2013,3,229,220,41,50,-9,1555
39105,4591,A05,0,A00,A0,A0,E0,0,0,2013,3,10,9,0,,-1,1056
39107,4591,A05,0,A00,A0,A0,E0,0,0,2013,3,43,41,10,12,-2,1228
39109,4591,A05,0,A00,A0,A0,E0,0,0,2013,3,140,142,27,24,3,2267
39111,4591,A05,0,A00,A0,A0,E0,0,0,2013,3,,,0,0,,4567
39113,4591,A05,0,A00,A0,A0,E0,0,0,2013,3,805,825,150,131,20,1468
39117,4591,A05,0,A00,A0,A0,E0,0,0,2013,3,,,0,,,1059
39119,4591,A05,0,A00,A0,A0,E0,0,0,2013,3,127,138,38,27,11,1592
39123,4591,A05,0,A00,A0,A0,E0,0,0,2013,3,22,15,,9,-7,1915
39127,4591,A05,0,A00,A0,A0,E0,0,0,2013,3,,,,,,1425
39129,4591,A05,0,A00,A0,A0,E0,0,0,2013,3,14,12,,3,-2,1221
39131,4591,A05,0,A00,A0,A0,E0,0,0,2013,3,,,0,0,,1535
39133,4591,A05,0,A00,A0,A0,E0,0,0,2013,3,144,140,20,24,-4,1932
39135,4591,A05,0,A00,A0,A0,E0,0,0,2013,3,,,,0,,1844
39137,4591,A05,0,A00,A0,A0,E0,0,0,2013,3,,,,,,1412
39139,4591,A05,0,A00,A0,A0,E0,0,0,2013,3,212,230,43,26,17,1541
39141,4591,A05,0,A00,A0,A0,E0,0,0,2013,3,76,82,17,12,6,1265
39143,4591,A05,0,A00,A0,A0,E0,0,0,2013,3,44,39,12,16,-4,1162
39145,4591,A05,0,A00,A0,A0,E0,0,0,2013,3,18,18,5,4,0,1489
39147,4591,A05,0,A00,A0,A0,E0,0,0,2013,3,16,15,,3,-1,1265
39149,4591,A05,0,A00,A0,A0,E0,0,0,2013,3,12,13,6,5,1,1065
39151,4591,A05,0,A00,A0,A0,E0,0,0,2013,3,725,747,139,117,22,1476
39153,4591,A05,0,A00,A0,A0,E0,0,0,2013,3,1207,1171,191,228,-37,1714
39155,4591,A05,0,A00,A0,A0,E0,0,0,2013,3,318,313,56,61,-5,1294
39157,4591,A05,0,A00,A0,A0,E0,0,0,2013,3,82,89,21,13,8,1523
39159,4591,A05,0,A00,A0,A0,E0,0,0,2013,3,44,45,10,10,0,1078
39161,4591,A05,0,A00,A0,A0,E0,0,0,2013,3,,,,,,1690
39165,4591,A05,0,A00,A0,A0,E0,0,0,2013,3,417,416,89,90,-1,1359
39167,4591,A05,0,A00,A0,A0,E0,0,0,2013,3,72,67,12,18,-5,1712
39169,4591,A05,0,A00,A0,A0,E0,0,0,2013,3,135,134,27,28,0,1290
39171,4591,A05,0,A00,A0,A0,E0,0,0,2013,3,19,20,4,,2,1030
39173,4591,A05,0,A00,A0,A0,E0,0,0,2013,3,520,524,87,84,3,1402
39175,4591,A05,0,A00,A0,A0,E0,0,0,2013,3,,,,0,,684
39,4591,A05,0,A00,A0,A0,E0,0,0,2013,3,17529,17690,3488,3326,162,1530
39001,4591,A05,0,A00,A0,A0,E0,0,0,2013,4,,,0,0,,1736
39003,4591,A05,0,A00,A0,A0,E0,0,0,2013,4,197,233,102,66,36,1577
39005,4591,A05,0,A00,A0,A0,E0,0,0,2013,4,101,107,12,5,6,2538
39007,4591,A05,0,A00,A0,A0,E0,0,0,2013,4,52,52,9,9,0,1378
39009,4591,A05,0,A00,A0,A0,E0,0,0,2013,4,107,113,17,11,6,2910
39011,4591,A05,0,A00,A0,A0,E0,0,0,2013,4,42,46,4,0,4,1754
39013,4591,A05,0,A00,A0,A0,E0,0,0,2013,4,80,100,61,42,19,1485
39015,4591,A05,0,A00,A0,A0,E0,0,0,2013,4,,,,0,,2923
39017,4591,A05,0,A00,A0,A0,E0,0,0,2013,4,297,321,93,69,24,1366
39019,4591,A05,0,A00,A0,A0,E0,0,0,2013,4,,,0,0,,1031
39023,4591,A05,0,A00,A0,A0,E0,0,0,2013,4,133,146,38,25,13,1559
39025,4591,A05,0,A00,A0,A0,E0,0,0,2013,4,294,346,134,83,52,1558
39027,4591,A05,0,A00,A0,A0,E0,0,0,2013,4,,,,,,1204
39029,4591,A05,0,A00,A0,A0,E0,0,0,2013,4,85,91,25,20,6,1621
39031,4591,A05,0,A00,A0,A0,E0,0,0,2013,4,,,,,,1170
39033,4591,A05,0,A00,A0,A0,E0,0,0,2013,4,,,,,,775
39035,4591,A05,0,A00,A0,A0,E0,0,0,2013,4,1866,2147,760,479,281,1584
39037,4591,A05,0,A00,A0,A0,E0,0,0,2013,4,18,21,7,5,2,1163
39039,4591,A05,0,A00,A0,A0,E0,0,0,2013,4,80,80,14,14,0,1898
39041,4591,A05,0,A00,A0,A0,E0,0,0,2013,4,712,752,195,155,40,1496
39043,4591,A05,0,A00,A0,A0,E0,0,0,2013,4,134,156,73,52,21,1526
39045,4591,A05,0,A00,A0,A0,E0,0,0,2013,4,250,269,70,51,19,1353
39047,4591,A05,0,A00,A0,A0,E0,0,0,2013,4,126,165,78,38,40,816
39049,4591,A05,0,A00,A0,A0,E0,0,0,2013,4,2281,2516,752,517,235,1494
39051,4591,A05,0,A00,A0,A0,E0,0,0,2013,4,40,60,29,9,20,1082
39053,4591,A05,0,A00,A0,A0,E0,0,0,2013,4,17,19,5,3,2,1258
39055,4591,A05,0,A00,A0,A0,E0,0,0,2013,4,262,281,56,38,19,1869
39057,4591,A05,0,A00,A0,A0,E0,0,0,2013,4,311,369,170,113,58,1131
39059,4591,A05,0,A00,A0,A0,E0,0,0,2013,4,,,,,,1843
39061,4591,A05,0,A00,A0,A0,E0,0,0,2013,4,1457,1637,562,382,180,1704
39063,4591,A05,0,A00,A0,A0,E0,0,0,2013,4,117,146,51,21,30,1744
39065,4591,A05,0,A00,A0,A0,E0,0,0,2013,4,,,,,,1164
39067,4591,A05,0,A00,A0,A0,E0,0,0,2013,4,,,,0,,1273
39069,4591,A05,0,A00,A0,A0,E0,0,0,2013,4,,,,,,609
39071,4591,A05,0,A00,A0,A0,E0,0,0,2013,4,27,28,6,5,1,1511
39073,4591,A05,0,A00,A0,A0,E0,0,0,2013,4,,,,,,970
39075,4591,A05,0,A00,A0,A0,E0,0,0,2013,4,85,81,4,8,-4,1704
39077,4591,A05,0,A00,A0,A0,E0,0,0,2013,4,13,13,3,3,0,699
39079,4591,A05,0,A00,A0,A0,E0,0,0,2013,4,,,0,0,,881
39081,4591,A05,0,A00,A0,A0,E0,0,0,2013,4,69,77,28,20,7,1311
39083,4591,A05,0,A00,A0,A0,E0,0,0,2013,4,73,69,8,12,-4,1596
39085,4591,A05,0,A00,A0,A0,E0,0,0,2013,4,449,498,160,112,49,1453
39087,4591,A05,0,A00,A0,A0,E0,0,0,2013,4,20,23,5,,3,1128
39089,4591,A05,0,A00,A0,A0,E0,0,0,2013,4,345,389,101,57,44,2565
39091,4591,A05,0,A00,A0,A0,E0,0,0,2013,4,26,58,41,9,31,818
39093,4591,A05,0,A00,A0,A0,E0,0,0,2013,4,320,363,136,93,43,1886
39095,4591,A05,0,A00,A0,A0,E0,0,0,2013,4,745,857,325,214,111,1599
39097,4591,A05,0,A00,A0,A0,E0,0,0,2013,4,23,25,7,5,3,5001
39099,4591,A05,0,A00,A0,A0,E0,0,0,2013,4,628,705,188,111,77,2074
39101,4591,A05,0,A00,A0,A0,E0,0,0,2013,4,88,91,21,18,3,1518
39103,4591,A05,0,A00,A0,A0,E0,0,0,2013,4,219,223,55,52,3,1591
39105,4591,A05,0,A00,A0,A0,E0,0,0,2013,4,9,9,0,0,0,1134
39107,4591,A05,0,A00,A0,A0,E0,0,0,2013,4,41,46,10,6,4,1289
39109,4591,A05,0,A00,A0,A0,E0,0,0,2013,4,143,149,36,30,6,2197
39111,4591,A05,0,A00,A0,A0,E0,0,0,2013,4,,,0,,,6785
39113,4591,A05,0,A00,A0,A0,E0,0,0,2013,4,825,892,257,189,68,1544
39117,4591,A05,0,A00,A0,A0,E0,0,0,2013,4,,,0,,,1018
39119,4591,A05,0,A00,A0,A0,E0,0,0,2013,4,138,152,43,29,14,1755
39123,4591,A05,0,A00,A0,A0,E0,0,0,2013,4,15,8,0,7,-7,1084
39127,4591,A05,0,A00,A0,A0,E0,0,0,2013,4,,,0,,,1369
39129,4591,A05,0,A00,A0,A0,E0,0,0,2013,4,12,13,4,4,1,1139
39131,4591,A05,0,A00,A0,A0,E0,0,0,2013,4,,,0,0,,1535
39133,4591,A05,0,A00,A0,A0,E0,0,0,2013,4,140,136,44,49,-4,2813
39135,4591,A05,0,A00,A0,A0,E0,0,0,2013,4,,,0,,,749
39137,4591,A05,0,A00,A0,A0,E0,0,0,2013,4,,,0,,,1855
39139,4591,A05,0,A00,A0,A0,E0,0,0,2013,4,231,278,102,55,47,1652
39141,4591,A05,0,A00,A0,A0,E0,0,0,2013,4,82,92,20,10,10,1401
39143,4591,A05,0,A00,A0,A0,E0,0,0,2013,4,39,45,44,38,5,1145
39145,4591,A05,0,A00,A0,A0,E0,0,0,2013,4,18,22,6,,4,1376
39147,4591,A05,0,A00,A0,A0,E0,0,0,2013,4,15,17,3,,2,1359
39149,4591,A05,0,A00,A0,A0,E0,0,0,2013,4,,,,,,960
39151,4591,A05,0,A00,A0,A0,E0,0,0,2013,4,748,842,263,169,94,1463
39153,4591,A05,0,A00,A0,A0,E0,0,0,2013,4,1174,1295,420,299,121,1788
39155,4591,A05,0,A00,A0,A0,E0,0,0,2013,4,314,367,136,83,53,1344
39157,4591,A05,0,A00,A0,A0,E0,0,0,2013,4,89,95,20,14,6,1538
39159,4591,A05,0,A00,A0,A0,E0,0,0,2013,4,45,50,13,8,5,1178
39161,4591,A05,0,A00,A0,A0,E0,0,0,2013,4,,,,,,1249
39165,4591,A05,0,A00,A0,A0,E0,0,0,2013,4,415,422,88,81,7,1531
39167,4591,A05,0,A00,A0,A0,E0,0,0,2013,4,67,62,9,14,-5,1794
39169,4591,A05,0,A00,A0,A0,E0,0,0,2013,4,134,142,38,30,7,1389
39171,4591,A05,0,A00,A0,A0,E0,0,0,2013,4,20,20,2,,0,1114
39173,4591,A05,0,A00,A0,A0,E0,0,0,2013,4,523,580,167,110,56,1385
39175,4591,A05,0,A00,A0,A0,E0,0,0,2013,4,,,0,,,708
39,4591,A05,0,A00,A0,A0,E0,0,0,2013,4,17684,19659,6168,4193,1975,1623
39001,4591,A05,0,A00,A0,A0,E0,0,0,2014,1,,,0,0,,1736
39003,4591,A05,0,A00,A0,A0,E0,0,0,2014,1,229,191,13,52,-38,1212
39005,4591,A05,0,A00,A0,A0,E0,0,0,2014,1,108,105,8,11,-3,2523
39007,4591,A05,0,A00,A0,A0,E0,0,0,2014,1,53,46,3,10,-7,1072
39009,4591,A05,0,A00,A0,A0,E0,0,0,2014,1,126,124,13,15,-2,2043
39011,4591,A05,0,A00,A0,A0,E0,0,0,2014,1,47,49,5,3,2,1250
39013,4591,A05,0,A00,A0,A0,E0,0,0,2014,1,94,77,11,29,-17,1079
39015,4591,A05,0,A00,A0,A0,E0,0,0,2014,1,,,0,0,,2542
39017,4591,A05,0,A00,A0,A0,E0,0,0,2014,1,321,311,46,56,-10,1293
39019,4591,A05,0,A00,A0,A0,E0,0,0,2014,1,,,0,0,,1031
39023,4591,A05,0,A00,A0,A0,E0,0,0,2014,1,146,141,10,15,-5,1290
39025,4591,A05,0,A00,A0,A0,E0,0,0,2014,1,361,310,37,88,-51,1238
39027,4591,A05,0,A00,A0,A0,E0,0,0,2014,1,,,0,,,1041
39029,4591,A05,0,A00,A0,A0,E0,0,0,2014,1,89,87,13,15,-2,1416
39031,4591,A05,0,A00,A0,A0,E0,0,0,2014,1,136,120,4,20,-16,1208
39033,4591,A05,0,A00,A0,A0,E0,0,0,2014,1,,,,,,929
39035,4591,A05,0,A00,A0,A0,E0,0,0,2014,1,2159,1852,180,487,-307,1291
39037,4591,A05,0,A00,A0,A0,E0,0,0,2014,1,23,20,,5,-3,1264
39039,4591,A05,0,A00,A0,A0,E0,0,0,2014,1,89,88,8,9,-1,1724
39041,4591,A05,0,A00,A0,A0,E0,0,0,2014,1,776,687,80,169,-89,1428
39043,4591,A05,0,A00,A0,A0,E0,0,0,2014,1,163,137,14,40,-27,1212
39045,4591,A05,0,A00,A0,A0,E0,0,0,2014,1,267,241,23,49,-26,1290
39047,4591,A05,0,A00,A0,A0,E0,0,0,2014,1,166,124,11,52,-41,632
39049,4591,A05,0,A00,A0,A0,E0,0,0,2014,1,2510,2303,237,444,-207,1302
39051,4591,A05,0,A00,A0,A0,E0,0,0,2014,1,60,35,,28,-25,437
39053,4591,A05,0,A00,A0,A0,E0,0,0,2014,1,19,18,4,5,-1,1421
39055,4591,A05,0,A00,A0,A0,E0,0,0,2014,1,268,239,27,56,-29,3191
39057,4591,A05,0,A00,A0,A0,E0,0,0,2014,1,366,304,24,85,-62,970
39059,4591,A05,0,A00,A0,A0,E0,0,0,2014,1,,,,,,1617
39061,4591,A05,0,A00,A0,A0,E0,0,0,2014,1,1684,1482,145,348,-202,1353
39063,4591,A05,0,A00,A0,A0,E0,0,0,2014,1,148,135,11,25,-14,1304
39065,4591,A05,0,A00,A0,A0,E0,0,0,2014,1,10,8,,3,-1,986
39067,4591,A05,0,A00,A0,A0,E0,0,0,2014,1,,,0,,,1043
39069,4591,A05,0,A00,A0,A0,E0,0,0,2014,1,,,0,,,406
39071,4591,A05,0,A00,A0,A0,E0,0,0,2014,1,28,24,,5,-4,1321
39073,4591,A05,0,A00,A0,A0,E0,0,0,2014,1,,,0,,,1045
39075,4591,A05,0,A00,A0,A0,E0,0,0,2014,1,81,82,5,3,1,1424
39077,4591,A05,0,A00,A0,A0,E0,0,0,2014,1,13,10,0,3,-3,716
39079,4591,A05,0,A00,A0,A0,E0,0,0,2014,1,3,3,,,0,859
39081,4591,A05,0,A00,A0,A0,E0,0,0,2014,1,86,76,7,17,-10,1374
39083,4591,A05,0,A00,A0,A0,E0,0,0,2014,1,69,66,7,10,-3,1485
39085,4591,A05,0,A00,A0,A0,E0,0,0,2014,1,496,448,41,89,-48,1289
39087,4591,A05,0,A00,A0,A0,E0,0,0,2014,1,23,21,,3,-2,1202
39089,4591,A05,0,A00,A0,A0,E0,0,0,2014,1,385,352,36,69,-33,2628
39091,4591,A05,0,A00,A0,A0,E0,0,0,2014,1,59,27,8,40,-32,524
39093,4591,A05,0,A00,A0,A0,E0,0,0,2014,1,361,309,33,85,-52,1123
39095,4591,A05,0,A00,A0,A0,E0,0,0,2014,1,863,749,75,189,-114,1390
39097,4591,A05,0,A00,A0,A0,E0,0,0,2014,1,25,23,,4,-2,3173
39099,4591,A05,0,A00,A0,A0,E0,0,0,2014,1,692,629,41,104,-64,1909
39101,4591,A05,0,A00,A0,A0,E0,0,0,2014,1,87,78,6,15,-9,1333
39103,4591,A05,0,A00,A0,A0,E0,0,0,2014,1,221,201,14,33,-20,1417
39105,4591,A05,0,A00,A0,A0,E0,0,0,2014,1,9,11,,,1,1031
39107,4591,A05,0,A00,A0,A0,E0,0,0,2014,1,46,39,,7,-7,1070
39109,4591,A05,0,A00,A0,A0,E0,0,0,2014,1,145,132,11,24,-13,1566
39111,4591,A05,0,A00,A0,A0,E0,0,0,2014,1,,,,0,,3233
39113,4591,A05,0,A00,A0,A0,E0,0,0,2014,1,893,795,66,164,-99,1360
39117,4591,A05,0,A00,A0,A0,E0,0,0,2014,1,,,0,0,,1974
39119,4591,A05,0,A00,A0,A0,E0,0,0,2014,1,154,138,7,24,-17,1408
39123,4591,A05,0,A00,A0,A0,E0,0,0,2014,1,8,8,0,0,0,1208
39127,4591,A05,0,A00,A0,A0,E0,0,0,2014,1,,,0,0,,1442
39129,4591,A05,0,A00,A0,A0,E0,0,0,2014,1,13,14,3,,1,1007
39131,4591,A05,0,A00,A0,A0,E0,0,0,2014,1,,,0,0,,1535
39133,4591,A05,0,A00,A0,A0,E0,0,0,2014,1,136,129,19,25,-6,2042
39135,4591,A05,0,A00,A0,A0,E0,0,0,2014,1,,,0,0,,881
39137,4591,A05,0,A00,A0,A0,E0,0,0,2014,1,,,0,0,,2795
39139,4591,A05,0,A00,A0,A0,E0,0,0,2014,1,267,224,14,57,-42,1225
39141,4591,A05,0,A00,A0,A0,E0,0,0,2014,1,108,96,8,19,-11,1073
39143,4591,A05,0,A00,A0,A0,E0,0,0,2014,1,44,41,7,9,-2,885
39145,4591,A05,0,A00,A0,A0,E0,0,0,2014,1,22,23,5,4,0,1387
39147,4591,A05,0,A00,A0,A0,E0,0,0,2014,1,17,20,4,,3,1167
39149,4591,A05,0,A00,A0,A0,E0,0,0,2014,1,16,14,3,5,-2,944
39151,4591,A05,0,A00,A0,A0,E0,0,0,2014,1,837,773,103,168,-64,1294
39153,4591,A05,0,A00,A0,A0,E0,0,0,2014,1,1277,1110,107,274,-168,1410
39155,4591,A05,0,A00,A0,A0,E0,0,0,2014,1,354,295,18,77,-59,1091
39157,4591,A05,0,A00,A0,A0,E0,0,0,2014,1,109,96,4,17,-13,1267
39159,4591,A05,0,A00,A0,A0,E0,0,0,2014,1,50,43,,9,-6,906
39161,4591,A05,0,A00,A0,A0,E0,0,0,2014,1,,,0,,,1122
39165,4591,A05,0,A00,A0,A0,E0,0,0,2014,1,415,398,51,68,-17,1393
39167,4591,A05,0,A00,A0,A0,E0,0,0,2014,1,60,59,7,8,-1,1717
39169,4591,A05,0,A00,A0,A0,E0,0,0,2014,1,146,124,9,31,-22,1234
39171,4591,A05,0,A00,A0,A0,E0,0,0,2014,1,20,20,5,5,0,1029
39173,4591,A05,0,A00,A0,A0,E0,0,0,2014,1,580,509,20,91,-71,1297
39175,4591,A05,0,A00,A0,A0,E0,0,0,2014,1,,,,0,,838
39,4591,A05,0,A00,A0,A0,E0,0,0,2014,1,19727,17529,1692,3890,-2198,1390
39001,4591,A05,0,A00,A0,A0,E0,0,0,2014,2,,,,0,,1736
39003,4591,A05,0,A00,A0,A0,E0,0,0,2014,2,191,191,28,28,0,1454
39005,4591,A05,0,A00,A0,A0,E0,0,0,2014,2,106,103,6,9,-3,2298
39007,4591,A05,0,A00,A0,A0,E0,0,0,2014,2,46,50,10,6,4,1221
39009,4591,A05,0,A00,A0,A0,E0,0,0,2014,2,124,120,14,18,-3,2264
39011,4591,A05,0,A00,A0,A0,E0,0,0,2014,2,49,46,4,8,-4,1517
39013,4591,A05,0,A00,A0,A0,E0,0,0,2014,2,77,74,14,17,-3,1250
39015,4591,A05,0,A00,A0,A0,E0,0,0,2014,2,,,0,,,2156
39017,4591,A05,0,A00,A0,A0,E0,0,0,2014,2,314,313,53,54,-2,1428
39019,4591,A05,0,A00,A0,A0,E0,0,0,2014,2,,,0,0,,1031
39023,4591,A05,0,A00,A0,A0,E0,0,0,2014,2,142,151,35,26,9,1375
39025,4591,A05,0,A00,A0,A0,E0,0,0,2014,2,311,311,45,45,0,1565
39027,4591,A05,0,A00,A0,A0,E0,0,0,2014,2,,,,,,963
39029,4591,A05,0,A00,A0,A0,E0,0,0,2014,2,88,87,17,17,0,1446
39031,4591,A05,0,A00,A0,A0,E0,0,0,2014,2,120,107,9,22,-13,1191
39033,4591,A05,0,A00,A0,A0,E0,0,0,2014,2,,,,,,857
39035,4591,A05,0,A00,A0,A0,E0,0,0,2014,2,1845,1822,282,305,-24,1420
39037,4591,A05,0,A00,A0,A0,E0,0,0,2014,2,20,19,3,4,-1,1286
39039,4591,A05,0,A00,A0,A0,E0,0,0,2014,2,89,88,13,13,-1,2270
39041,4591,A05,0,A00,A0,A0,E0,0,0,2014,2,686,644,84,127,-42,1564
39043,4591,A05,0,A00,A0,A0,E0,0,0,2014,2,136,155,44,25,19,1354
39045,4591,A05,0,A00,A0,A0,E0,0,0,2014,2,243,234,33,41,-8,1194
39047,4591,A05,0,A00,A0,A0,E0,0,0,2014,2,124,128,46,43,3,726
39049,4591,A05,0,A00,A0,A0,E0,0,0,2014,2,2305,2410,474,369,105,1416
39051,4591,A05,0,A00,A0,A0,E0,0,0,2014,2,35,30,3,8,-5,848
39053,4591,A05,0,A00,A0,A0,E0,0,0,2014,2,18,18,3,3,0,1196
39055,4591,A05,0,A00,A0,A0,E0,0,0,2014,2,236,237,39,37,2,1661
39057,4591,A05,0,A00,A0,A0,E0,0,0,2014,2,306,291,41,55,-14,1121
39059,4591,A05,0,A00,A0,A0,E0,0,0,2014,2,,,,,,1832
39061,4591,A05,0,A00,A0,A0,E0,0,0,2014,2,1483,1534,306,254,52,1445
39063,4591,A05,0,A00,A0,A0,E0,0,0,2014,2,134,162,55,27,28,1375
39065,4591,A05,0,A00,A0,A0,E0,0,0,2014,2,8,9,,0,1,1210
39067,4591,A05,0,A00,A0,A0,E0,0,0,2014,2,,,0,0,,1135
39069,4591,A05,0,A00,A0,A0,E0,0,0,2014,2,,0,0,,0,364
39071,4591,A05,0,A00,A0,A0,E0,0,0,2014,2,24,23,,3,-1,1653
39073,4591,A05,0,A00,A0,A0,E0,0,0,2014,2,,,,0,,1009
39075,4591,A05,0,A00,A0,A0,E0,0,0,2014,2,82,89,14,7,7,1531
39077,4591,A05,0,A00,A0,A0,E0,0,0,2014,2,10,10,0,0,0,874
39079,4591,A05,0,A00,A0,A0,E0,0,0,2014,2,3,4,,,1,982
39081,4591,A05,0,A00,A0,A0,E0,0,0,2014,2,77,65,14,26,-12,1149
39083,4591,A05,0,A00,A0,A0,E0,0,0,2014,2,66,68,15,13,2,1596
39085,4591,A05,0,A00,A0,A0,E0,0,0,2014,2,448,464,70,54,17,1398
39087,4591,A05,0,A00,A0,A0,E0,0,0,2014,2,21,21,0,0,0,1061
39089,4591,A05,0,A00,A0,A0,E0,0,0,2014,2,352,345,47,54,-7,1905
39091,4591,A05,0,A00,A0,A0,E0,0,0,2014,2,27,26,8,8,0,765
39093,4591,A05,0,A00,A0,A0,E0,0,0,2014,2,303,303,53,53,0,1354
39095,4591,A05,0,A00,A0,A0,E0,0,0,2014,2,743,741,120,121,-2,1473
39097,4591,A05,0,A00,A0,A0,E0,0,0,2014,2,23,22,,3,-1,3231
39099,4591,A05,0,A00,A0,A0,E0,0,0,2014,2,667,693,112,86,26,1898
39101,4591,A05,0,A00,A0,A0,E0,0,0,2014,2,78,79,16,15,1,1412
39103,4591,A05,0,A00,A0,A0,E0,0,0,2014,2,202,232,62,32,30,1503
39105,4591,A05,0,A00,A0,A0,E0,0,0,2014,2,11,11,,,0,1017
39107,4591,A05,0,A00,A0,A0,E0,0,0,2014,2,39,42,11,7,3,1253
39109,4591,A05,0,A00,A0,A0,E0,0,0,2014,2,132,150,36,18,18,1725
39111,4591,A05,0,A00,A0,A0,E0,0,0,2014,2,,,,,,3723
39113,4591,A05,0,A00,A0,A0,E0,0,0,2014,2,794,808,121,108,14,1414
39117,4591,A05,0,A00,A0,A0,E0,0,0,2014,2,,,,,,1964
39119,4591,A05,0,A00,A0,A0,E0,0,0,2014,2,137,140,22,20,2,1682
39123,4591,A05,0,A00,A0,A0,E0,0,0,2014,2,8,19,13,,11,2183
39127,4591,A05,0,A00,A0,A0,E0,0,0,2014,2,,,0,0,,1486
39129,4591,A05,0,A00,A0,A0,E0,0,0,2014,2,14,15,4,3,1,1044
39131,4591,A05,0,A00,A0,A0,E0,0,0,2014,2,,,0,0,,1535
39133,4591,A05,0,A00,A0,A0,E0,0,0,2014,2,129,142,37,24,13,1917
39135,4591,A05,0,A00,A0,A0,E0,0,0,2014,2,3,4,,,1,917
39137,4591,A05,0,A00,A0,A0,E0,0,0,2014,2,,,,0,,2909
39139,4591,A05,0,A00,A0,A0,E0,0,0,2014,2,224,220,37,41,-4,1430
39141,4591,A05,0,A00,A0,A0,E0,0,0,2014,2,96,96,14,14,0,1184
39143,4591,A05,0,A00,A0,A0,E0,0,0,2014,2,42,71,47,18,29,1193
39145,4591,A05,0,A00,A0,A0,E0,0,0,2014,2,23,22,5,5,-1,1060
39147,4591,A05,0,A00,A0,A0,E0,0,0,2014,2,20,19,3,4,-1,1260
39149,4591,A05,0,A00,A0,A0,E0,0,0,2014,2,14,13,,3,-1,927
39151,4591,A05,0,A00,A0,A0,E0,0,0,2014,2,728,708,85,104,-20,1349
39153,4591,A05,0,A00,A0,A0,E0,0,0,2014,2,1106,1113,164,157,7,1547
39155,4591,A05,0,A00,A0,A0,E0,0,0,2014,2,294,311,71,54,17,1297
39157,4591,A05,0,A00,A0,A0,E0,0,0,2014,2,96,95,14,15,-1,1377
39159,4591,A05,0,A00,A0,A0,E0,0,0,2014,2,43,41,9,11,-2,983
39161,4591,A05,0,A00,A0,A0,E0,0,0,2014,2,,,0,,,1710
39165,4591,A05,0,A00,A0,A0,E0,0,0,2014,2,399,407,72,64,8,1333
39167,4591,A05,0,A00,A0,A0,E0,0,0,2014,2,59,72,22,9,13,1623
39169,4591,A05,0,A00,A0,A0,E0,0,0,2014,2,123,113,25,35,-10,1268
39171,4591,A05,0,A00,A0,A0,E0,0,0,2014,2,20,21,2,,1,1098
39173,4591,A05,0,A00,A0,A0,E0,0,0,2014,2,516,523,64,58,6,1396
39175,4591,A05,0,A00,A0,A0,E0,0,0,2014,2,,,,,,666
39,4591,A05,0,A00,A0,A0,E0,0,0,2014,2,17516,17788,3097,2825,272,1467
39001,4591,A05,0,A00,A0,A0,E0,0,0,2014,3,,,,,,686
39003,4591,A05,0,A00,A0,A0,E0,0,0,2014,3,190,199,38,30,8,1441
39005,4591,A05,0,A00,A0,A0,E0,0,0,2014,3,104,110,11,4,7,2498
39007,4591,A05,0,A00,A0,A0,E0,0,0,2014,3,50,52,6,4,2,1166
39009,4591,A05,0,A00,A0,A0,E0,0,0,2014,3,120,124,17,13,3,2163
39011,4591,A05,0,A00,A0,A0,E0,0,0,2014,3,46,42,4,7,-3,1614
39013,4591,A05,0,A00,A0,A0,E0,0,0,2014,3,82,86,18,14,4,1305
39015,4591,A05,0,A00,A0,A0,E0,0,0,2014,3,,,0,0,,2856
39017,4591,A05,0,A00,A0,A0,E0,0,0,2014,3,357,358,67,66,1,1479
39019,4591,A05,0,A00,A0,A0,E0,0,0,2014,3,,,0,0,,1031
39023,4591,A05,0,A00,A0,A0,E0,0,0,2014,3,151,147,23,26,-3,1302
39025,4591,A05,0,A00,A0,A0,E0,0,0,2014,3,304,312,54,47,7,1497
39027,4591,A05,0,A00,A0,A0,E0,0,0,2014,3,,,,,,1021
39029,4591,A05,0,A00,A0,A0,E0,0,0,2014,3,87,85,18,20,-2,1371
39031,4591,A05,0,A00,A0,A0,E0,0,0,2014,3,107,106,19,20,-1,1388
39033,4591,A05,0,A00,A0,A0,E0,0,0,2014,3,,,,,,1148
39035,4591,A05,0,A00,A0,A0,E0,0,0,2014,3,1798,1789,321,329,-9,1486
39037,4591,A05,0,A00,A0,A0,E0,0,0,2014,3,19,23,7,,4,1661
39039,4591,A05,0,A00,A0,A0,E0,0,0,2014,3,88,88,18,17,1,1884
39041,4591,A05,0,A00,A0,A0,E0,0,0,2014,3,673,706,177,144,33,1525
39043,4591,A05,0,A00,A0,A0,E0,0,0,2014,3,152,144,36,44,-8,1409
39045,4591,A05,0,A00,A0,A0,E0,0,0,2014,3,230,237,57,49,7,1324
39047,4591,A05,0,A00,A0,A0,E0,0,0,2014,3,128,152,72,47,24,821
39049,4591,A05,0,A00,A0,A0,E0,0,0,2014,3,2469,2500,528,496,31,1482
39051,4591,A05,0,A00,A0,A0,E0,0,0,2014,3,30,30,5,6,0,805
39053,4591,A05,0,A00,A0,A0,E0,0,0,2014,3,18,19,5,3,1,1385
39055,4591,A05,0,A00,A0,A0,E0,0,0,2014,3,235,234,46,47,-1,1551
39057,4591,A05,0,A00,A0,A0,E0,0,0,2014,3,284,296,66,54,12,1204
39059,4591,A05,0,A00,A0,A0,E0,0,0,2014,3,,,,,,1758
39061,4591,A05,0,A00,A0,A0,E0,0,0,2014,3,1527,1514,319,332,-13,1535
39063,4591,A05,0,A00,A0,A0,E0,0,0,2014,3,159,140,34,52,-19,1240
39065,4591,A05,0,A00,A0,A0,E0,0,0,2014,3,9,9,2,,0,1358
39067,4591,A05,0,A00,A0,A0,E0,0,0,2014,3,,,0,0,,1109
39071,4591,A05,0,A00,A0,A0,E0,0,0,2014,3,23,22,3,4,-1,1731
39073,4591,A05,0,A00,A0,A0,E0,0,0,2014,3,,,,,,1041
39075,4591,A05,0,A00,A0,A0,E0,0,0,2014,3,89,93,10,7,3,1368
39077,4591,A05,0,A00,A0,A0,E0,0,0,2014,3,10,12,3,,2,945
39079,4591,A05,0,A00,A0,A0,E0,0,0,2014,3,4,9,5,0,5,849
39081,4591,A05,0,A00,A0,A0,E0,0,0,2014,3,62,61,12,13,-1,1344
39083,4591,A05,0,A00,A0,A0,E0,0,0,2014,3,68,69,14,13,1,1458
39085,4591,A05,0,A00,A0,A0,E0,0,0,2014,3,462,451,86,97,-11,1324
39087,4591,A05,0,A00,A0,A0,E0,0,0,2014,3,21,19,,3,-2,1181
39089,4591,A05,0,A00,A0,A0,E0,0,0,2014,3,341,376,82,48,35,1954
39091,4591,A05,0,A00,A0,A0,E0,0,0,2014,3,26,25,5,7,-1,779
39093,4591,A05,0,A00,A0,A0,E0,0,0,2014,3,298,297,56,57,-1,1314
39095,4591,A05,0,A00,A0,A0,E0,0,0,2014,3,728,734,131,125,6,1562
39097,4591,A05,0,A00,A0,A0,E0,0,0,2014,3,22,24,,0,2,3720
39099,4591,A05,0,A00,A0,A0,E0,0,0,2014,3,671,621,78,128,-50,2106
39101,4591,A05,0,A00,A0,A0,E0,0,0,2014,3,80,80,19,19,0,1405
39103,4591,A05,0,A00,A0,A0,E0,0,0,2014,3,232,223,47,56,-8,1439
39105,4591,A05,0,A00,A0,A0,E0,0,0,2014,3,11,11,0,0,0,1014
39107,4591,A05,0,A00,A0,A0,E0,0,0,2014,3,42,41,8,9,-1,1150
39109,4591,A05,0,A00,A0,A0,E0,0,0,2014,3,150,138,17,29,-12,1784
39111,4591,A05,0,A00,A0,A0,E0,0,0,2014,3,,,0,,,4766
39113,4591,A05,0,A00,A0,A0,E0,0,0,2014,3,798,846,181,133,48,1542
39117,4591,A05,0,A00,A0,A0,E0,0,0,2014,3,,,0,,,980
39119,4591,A05,0,A00,A0,A0,E0,0,0,2014,3,139,138,25,26,-1,1576
39123,4591,A05,0,A00,A0,A0,E0,0,0,2014,3,19,15,,6,-5,2170
39127,4591,A05,0,A00,A0,A0,E0,0,0,2014,3,,,0,,,1299
39129,4591,A05,0,A00,A0,A0,E0,0,0,2014,3,15,14,,3,-1,1015
39131,4591,A05,0,A00,A0,A0,E0,0,0,2014,3,,0,,,,1181
39133,4591,A05,0,A00,A0,A0,E0,0,0,2014,3,142,155,31,18,13,2057
39135,4591,A05,0,A00,A0,A0,E0,0,0,2014,3,4,4,0,0,0,830
39137,4591,A05,0,A00,A0,A0,E0,0,0,2014,3,,,0,0,,2054
39139,4591,A05,0,A00,A0,A0,E0,0,0,2014,3,217,219,35,33,2,1441
39141,4591,A05,0,A00,A0,A0,E0,0,0,2014,3,96,97,16,15,1,1194
39143,4591,A05,0,A00,A0,A0,E0,0,0,2014,3,71,91,68,47,21,1063
39145,4591,A05,0,A00,A0,A0,E0,0,0,2014,3,22,26,7,3,4,1224
39147,4591,A05,0,A00,A0,A0,E0,0,0,2014,3,19,23,10,7,3,1360
39149,4591,A05,0,A00,A0,A0,E0,0,0,2014,3,13,16,6,3,3,1155
39151,4591,A05,0,A00,A0,A0,E0,0,0,2014,3,703,713,144,133,10,1481
39153,4591,A05,0,A00,A0,A0,E0,0,0,2014,3,1103,1089,187,200,-13,1662
39155,4591,A05,0,A00,A0,A0,E0,0,0,2014,3,308,299,53,62,-9,1250
39157,4591,A05,0,A00,A0,A0,E0,0,0,2014,3,95,101,18,12,6,1554
39159,4591,A05,0,A00,A0,A0,E0,0,0,2014,3,41,39,7,9,-2,1037
39161,4591,A05,0,A00,A0,A0,E0,0,0,2014,3,,,0,0,,2356
39165,4591,A05,0,A00,A0,A0,E0,0,0,2014,3,403,393,78,88,-9,1277
39167,4591,A05,0,A00,A0,A0,E0,0,0,2014,3,72,69,11,14,-3,1943
39169,4591,A05,0,A00,A0,A0,E0,0,0,2014,3,113,117,19,15,4,1319
39171,4591,A05,0,A00,A0,A0,E0,0,0,2014,3,21,24,7,4,3,1066
39173,4591,A05,0,A00,A0,A0,E0,0,0,2014,3,522,535,78,65,13,1428
39175,4591,A05,0,A00,A0,A0,E0,0,0,2014,3,,,0,0,,529
39,4591,A05,0,A00,A0,A0,E0,0,0,2014,3,17785,17916,3543,3412,130,1521
39001,4591,A05,0,A00,A0,A0,E0,0,0,2014,4,,,0,0,,1736
39003,4591,A05,0,A00,A0,A0,E0,0,0,2014,4,192,226,95,61,33,1561
39005,4591,A05,0,A00,A0,A0,E0,0,0,2014,4,110,103,10,17,-7,2723
39007,4591,A05,0,A00,A0,A0,E0,0,0,2014,4,52,55,10,7,3,1263
39009,4591,A05,0,A00,A0,A0,E0,0,0,2014,4,123,123,22,22,0,2734
39011,4591,A05,0,A00,A0,A0,E0,0,0,2014,4,42,43,4,4,1,1937
39013,4591,A05,0,A00,A0,A0,E0,0,0,2014,4,86,108,53,32,21,1354
39015,4591,A05,0,A00,A0,A0,E0,0,0,2014,4,,,0,0,,3017
39017,4591,A05,0,A00,A0,A0,E0,0,0,2014,4,359,395,87,52,35,1577
39019,4591,A05,0,A00,A0,A0,E0,0,0,2014,4,,,0,0,,1031
39023,4591,A05,0,A00,A0,A0,E0,0,0,2014,4,148,160,41,29,12,1493
39025,4591,A05,0,A00,A0,A0,E0,0,0,2014,4,312,355,124,81,44,1537
39027,4591,A05,0,A00,A0,A0,E0,0,0,2014,4,,,,,,926
39029,4591,A05,0,A00,A0,A0,E0,0,0,2014,4,85,97,30,18,12,1432
39031,4591,A05,0,A00,A0,A0,E0,0,0,2014,4,106,101,11,16,-5,1404
39033,4591,A05,0,A00,A0,A0,E0,0,0,2014,4,,,,,,978
39035,4591,A05,0,A00,A0,A0,E0,0,0,2014,4,1788,2020,642,410,232,1581
39037,4591,A05,0,A00,A0,A0,E0,0,0,2014,4,23,26,10,7,3,1152
39039,4591,A05,0,A00,A0,A0,E0,0,0,2014,4,89,93,17,12,4,1855
39041,4591,A05,0,A00,A0,A0,E0,0,0,2014,4,707,796,220,131,89,1555
39043,4591,A05,0,A00,A0,A0,E0,0,0,2014,4,144,162,75,57,18,1353
39045,4591,A05,0,A00,A0,A0,E0,0,0,2014,4,237,263,70,44,26,1306
39047,4591,A05,0,A00,A0,A0,E0,0,0,2014,4,152,223,137,66,70,638
39049,4591,A05,0,A00,A0,A0,E0,0,0,2014,4,2505,2780,904,629,275,1508
39051,4591,A05,0,A00,A0,A0,E0,0,0,2014,4,30,60,36,5,31,1122
39053,4591,A05,0,A00,A0,A0,E0,0,0,2014,4,19,21,8,6,2,1147
39055,4591,A05,0,A00,A0,A0,E0,0,0,2014,4,234,275,85,44,41,1790
39057,4591,A05,0,A00,A0,A0,E0,0,0,2014,4,297,357,153,93,60,1199
39059,4591,A05,0,A00,A0,A0,E0,0,0,2014,4,,,,,,1842
39061,4591,A05,0,A00,A0,A0,E0,0,0,2014,4,1510,1714,550,346,204,1638
39063,4591,A05,0,A00,A0,A0,E0,0,0,2014,4,140,156,42,26,16,1585
39065,4591,A05,0,A00,A0,A0,E0,0,0,2014,4,,,,,,1053
39067,4591,A05,0,A00,A0,A0,E0,0,0,2014,4,,,,,,1273
39071,4591,A05,0,A00,A0,A0,E0,0,0,2014,4,22,25,8,5,3,2136
39073,4591,A05,0,A00,A0,A0,E0,0,0,2014,4,,,,,,1009
39075,4591,A05,0,A00,A0,A0,E0,0,0,2014,4,92,88,5,8,-3,1605
39077,4591,A05,0,A00,A0,A0,E0,0,0,2014,4,12,14,3,,1,820
39079,4591,A05,0,A00,A0,A0,E0,0,0,2014,4,9,13,6,,4,682
39081,4591,A05,0,A00,A0,A0,E0,0,0,2014,4,61,70,22,12,9,1318
39083,4591,A05,0,A00,A0,A0,E0,0,0,2014,4,69,66,17,21,-3,1657
39085,4591,A05,0,A00,A0,A0,E0,0,0,2014,4,450,515,185,120,65,1460
39087,4591,A05,0,A00,A0,A0,E0,0,0,2014,4,19,22,5,,3,1103
39089,4591,A05,0,A00,A0,A0,E0,0,0,2014,4,373,406,105,72,33,1993
39091,4591,A05,0,A00,A0,A0,E0,0,0,2014,4,25,51,34,8,26,822
39093,4591,A05,0,A00,A0,A0,E0,0,0,2014,4,296,320,112,88,24,1588
39095,4591,A05,0,A00,A0,A0,E0,0,0,2014,4,734,789,238,183,55,1555
39097,4591,A05,0,A00,A0,A0,E0,0,0,2014,4,24,26,7,5,2,3589
39099,4591,A05,0,A00,A0,A0,E0,0,0,2014,4,622,696,181,107,73,2554
39101,4591,A05,0,A00,A0,A0,E0,0,0,2014,4,79,91,26,14,12,1584
39103,4591,A05,0,A00,A0,A0,E0,0,0,2014,4,230,244,80,67,13,1486
39105,4591,A05,0,A00,A0,A0,E0,0,0,2014,4,11,10,0,,-1,1264
39107,4591,A05,0,A00,A0,A0,E0,0,0,2014,4,41,44,10,8,3,1187
39109,4591,A05,0,A00,A0,A0,E0,0,0,2014,4,138,133,30,35,-5,1739
39111,4591,A05,0,A00,A0,A0,E0,0,0,2014,4,,,,,,7770
39113,4591,A05,0,A00,A0,A0,E0,0,0,2014,4,850,914,283,219,64,1513
39117,4591,A05,0,A00,A0,A0,E0,0,0,2014,4,,,0,,,1882
39119,4591,A05,0,A00,A0,A0,E0,0,0,2014,4,138,151,42,28,14,1830
39123,4591,A05,0,A00,A0,A0,E0,0,0,2014,4,15,8,,9,-6,989
39127,4591,A05,0,A00,A0,A0,E0,0,0,2014,4,,,0,0,,1411
39129,4591,A05,0,A00,A0,A0,E0,0,0,2014,4,14,15,5,3,1,1065
39133,4591,A05,0,A00,A0,A0,E0,0,0,2014,4,155,183,61,34,28,2940
39135,4591,A05,0,A00,A0,A0,E0,0,0,2014,4,4,5,,,1,912
39137,4591,A05,0,A00,A0,A0,E0,0,0,2014,4,,,0,,,2104
39139,4591,A05,0,A00,A0,A0,E0,0,0,2014,4,219,266,93,46,47,1587
39141,4591,A05,0,A00,A0,A0,E0,0,0,2014,4,97,104,26,20,7,1330
39143,4591,A05,0,A00,A0,A0,E0,0,0,2014,4,91,116,87,62,24,1115
39145,4591,A05,0,A00,A0,A0,E0,0,0,2014,4,26,28,11,9,2,1063
39147,4591,A05,0,A00,A0,A0,E0,0,0,2014,4,22,24,6,4,2,1309
39149,4591,A05,0,A00,A0,A0,E0,0,0,2014,4,16,19,8,4,4,887
39151,4591,A05,0,A00,A0,A0,E0,0,0,2014,4,712,793,242,160,82,1515
39153,4591,A05,0,A00,A0,A0,E0,0,0,2014,4,1092,1242,383,233,150,1706
39155,4591,A05,0,A00,A0,A0,E0,0,0,2014,4,300,348,117,69,48,1303
39157,4591,A05,0,A00,A0,A0,E0,0,0,2014,4,101,106,33,27,6,1509
39159,4591,A05,0,A00,A0,A0,E0,0,0,2014,4,39,48,18,9,8,1010
39161,4591,A05,0,A00,A0,A0,E0,0,0,2014,4,,,0,0,,2395
39165,4591,A05,0,A00,A0,A0,E0,0,0,2014,4,393,402,101,91,10,1680
39167,4591,A05,0,A00,A0,A0,E0,0,0,2014,4,69,68,15,16,-1,2975
39169,4591,A05,0,A00,A0,A0,E0,0,0,2014,4,117,125,33,25,7,1297
39171,4591,A05,0,A00,A0,A0,E0,0,0,2014,4,24,21,4,6,-2,1036
39173,4591,A05,0,A00,A0,A0,E0,0,0,2014,4,535,557,131,109,22,1422
39175,4591,A05,0,A00,A0,A0,E0,0,0,2014,4,,,,,,962
39,4591,A05,0,A00,A0,A0,E0,0,0,2014,4,17918,19970,6227,4175,2052,1615
39001,4591,A05,0,A00,A0,A0,E0,0,0,2015,1,,,,0,,1736
39003,4591,A05,0,A00,A0,A0,E0,0,0,2015,1,226,190,17,53,-36,1238
39005,4591,A05,0,A00,A0,A0,E0,0,0,2015,1,104,93,4,15,-11,2460
39007,4591,A05,0,A00,A0,A0,E0,0,0,2015,1,55,52,6,9,-3,998
39009,4591,A05,0,A00,A0,A0,E0,0,0,2015,1,124,121,14,16,-2,2120
39011,4591,A05,0,A00,A0,A0,E0,0,0,2015,1,43,44,6,5,0,1518
39013,4591,A05,0,A00,A0,A0,E0,0,0,2015,1,108,94,9,23,-14,1096
39015,4591,A05,0,A00,A0,A0,E0,0,0,2015,1,,,,,,2993
39017,4591,A05,0,A00,A0,A0,E0,0,0,2015,1,396,385,42,54,-11,1428
39019,4591,A05,0,A00,A0,A0,E0,0,0,2015,1,,,0,0,,1031
39023,4591,A05,0,A00,A0,A0,E0,0,0,2015,1,154,140,12,25,-14,1274
39025,4591,A05,0,A00,A0,A0,E0,0,0,2015,1,356,299,28,85,-58,1235
39027,4591,A05,0,A00,A0,A0,E0,0,0,2015,1,,,,,,986
39029,4591,A05,0,A00,A0,A0,E0,0,0,2015,1,97,90,15,21,-7,1343
39031,4591,A05,0,A00,A0,A0,E0,0,0,2015,1,101,93,3,11,-8,1410
39033,4591,A05,0,A00,A0,A0,E0,0,0,2015,1,,,,,,1376
39035,4591,A05,0,A00,A0,A0,E0,0,0,2015,1,2003,1729,148,423,-274,1306
39037,4591,A05,0,A00,A0,A0,E0,0,0,2015,1,37,34,,6,-4,1759
39039,4591,A05,0,A00,A0,A0,E0,0,0,2015,1,92,88,9,14,-5,1616
39041,4591,A05,0,A00,A0,A0,E0,0,0,2015,1,797,717,103,183,-80,1362
39043,4591,A05,0,A00,A0,A0,E0,0,0,2015,1,162,133,17,46,-29,1126
39045,4591,A05,0,A00,A0,A0,E0,0,0,2015,1,262,230,22,54,-33,1243
39047,4591,A05,0,A00,A0,A0,E0,0,0,2015,1,223,188,30,64,-35,487
39049,4591,A05,0,A00,A0,A0,E0,0,0,2015,1,2795,2467,252,581,-328,1336
39051,4591,A05,0,A00,A0,A0,E0,0,0,2015,1,60,22,0,38,-38,414
39053,4591,A05,0,A00,A0,A0,E0,0,0,2015,1,21,21,2,3,0,1436
39055,4591,A05,0,A00,A0,A0,E0,0,0,2015,1,271,236,23,58,-35,3170
39057,4591,A05,0,A00,A0,A0,E0,0,0,2015,1,362,282,24,104,-80,1000
39059,4591,A05,0,A00,A0,A0,E0,0,0,2015,1,,,0,,,1632
39061,4591,A05,0,A00,A0,A0,E0,0,0,2015,1,1716,1487,148,377,-229,1336
39063,4591,A05,0,A00,A0,A0,E0,0,0,2015,1,150,133,18,34,-16,1295
39065,4591,A05,0,A00,A0,A0,E0,0,0,2015,1,,,,,,1157
39067,4591,A05,0,A00,A0,A0,E0,0,0,2015,1,,,0,0,,1273
39071,4591,A05,0,A00,A0,A0,E0,0,0,2015,1,25,23,,4,-2,1493
39073,4591,A05,0,A00,A0,A0,E0,0,0,2015,1,,,0,,,940
39075,4591,A05,0,A00,A0,A0,E0,0,0,2015,1,82,80,,4,-2,1435
39077,4591,A05,0,A00,A0,A0,E0,0,0,2015,1,14,11,0,4,-3,765
39079,4591,A05,0,A00,A0,A0,E0,0,0,2015,1,13,9,,5,-4,648
39081,4591,A05,0,A00,A0,A0,E0,0,0,2015,1,70,62,5,13,-8,1338
39083,4591,A05,0,A00,A0,A0,E0,0,0,2015,1,66,60,8,13,-6,1368
39085,4591,A05,0,A00,A0,A0,E0,0,0,2015,1,501,444,52,108,-56,1273
39087,4591,A05,0,A00,A0,A0,E0,0,0,2015,1,22,20,,4,-2,1124
39089,4591,A05,0,A00,A0,A0,E0,0,0,2015,1,407,373,34,68,-33,1876
39091,4591,A05,0,A00,A0,A0,E0,0,0,2015,1,51,41,9,20,-11,636
39093,4591,A05,0,A00,A0,A0,E0,0,0,2015,1,320,277,27,71,-44,1074
39095,4591,A05,0,A00,A0,A0,E0,0,0,2015,1,790,726,90,154,-64,1416
39097,4591,A05,0,A00,A0,A0,E0,0,0,2015,1,26,21,0,5,-5,3091
39099,4591,A05,0,A00,A0,A0,E0,0,0,2015,1,696,609,49,136,-87,2058
39101,4591,A05,0,A00,A0,A0,E0,0,0,2015,1,91,85,9,15,-6,1347
39103,4591,A05,0,A00,A0,A0,E0,0,0,2015,1,244,215,22,51,-29,1272
39105,4591,A05,0,A00,A0,A0,E0,0,0,2015,1,,,0,,,652
39107,4591,A05,0,A00,A0,A0,E0,0,0,2015,1,44,43,5,7,-1,940
39109,4591,A05,0,A00,A0,A0,E0,0,0,2015,1,133,158,49,24,25,1654
39113,4591,A05,0,A00,A0,A0,E0,0,0,2015,1,911,798,62,174,-112,1332
39117,4591,A05,0,A00,A0,A0,E0,0,0,2015,1,,,,0,,2145
39119,4591,A05,0,A00,A0,A0,E0,0,0,2015,1,152,138,11,25,-14,1496
39123,4591,A05,0,A00,A0,A0,E0,0,0,2015,1,8,7,,,-1,1159
39127,4591,A05,0,A00,A0,A0,E0,0,0,2015,1,,,0,0,,1378
39129,4591,A05,0,A00,A0,A0,E0,0,0,2015,1,15,11,,4,-4,1145
39133,4591,A05,0,A00,A0,A0,E0,0,0,2015,1,183,147,7,43,-36,1493
39135,4591,A05,0,A00,A0,A0,E0,0,0,2015,1,5,5,0,0,0,968
39137,4591,A05,0,A00,A0,A0,E0,0,0,2015,1,,,,0,,3047
39139,4591,A05,0,A00,A0,A0,E0,0,0,2015,1,266,224,12,54,-42,1261
39141,4591,A05,0,A00,A0,A0,E0,0,0,2015,1,104,99,15,20,-5,1142
39143,4591,A05,0,A00,A0,A0,E0,0,0,2015,1,29,27,3,5,-2,1026
39145,4591,A05,0,A00,A0,A0,E0,0,0,2015,1,28,25,,5,-3,1314
39147,4591,A05,0,A00,A0,A0,E0,0,0,2015,1,24,26,8,5,2,1188
39149,4591,A05,0,A00,A0,A0,E0,0,0,2015,1,20,18,,4,-2,987
39151,4591,A05,0,A00,A0,A0,E0,0,0,2015,1,797,707,63,153,-90,1284
39153,4591,A05,0,A00,A0,A0,E0,0,0,2015,1,1254,1108,115,261,-147,1394
39155,4591,A05,0,A00,A0,A0,E0,0,0,2015,1,347,297,30,80,-50,1062
39157,4591,A05,0,A00,A0,A0,E0,0,0,2015,1,106,104,15,17,-2,1361
39159,4591,A05,0,A00,A0,A0,E0,0,0,2015,1,48,44,5,9,-3,853
39161,4591,A05,0,A00,A0,A0,E0,0,0,2015,1,,,0,0,,4755
39165,4591,A05,0,A00,A0,A0,E0,0,0,2015,1,402,379,43,67,-24,1302
39167,4591,A05,0,A00,A0,A0,E0,0,0,2015,1,68,64,6,10,-4,1575
39169,4591,A05,0,A00,A0,A0,E0,0,0,2015,1,125,119,15,21,-5,1256
39171,4591,A05,0,A00,A0,A0,E0,0,0,2015,1,21,16,,7,-5,878
39173,4591,A05,0,A00,A0,A0,E0,0,0,2015,1,558,523,39,73,-35,1384
39175,4591,A05,0,A00,A0,A0,E0,0,0,2015,1,,,,,,746
39,4591,A05,0,A00,A0,A0,E0,0,0,2015,1,19853,17580,1784,4057,-2273,1377
39001,4591,A05,0,A00,A0,A0,E0,0,0,2015,2,,5,4,0,4,1269
39003,4591,A05,0,A00,A0,A0,E0,0,0,2015,2,190,181,26,35,-9,1481
39005,4591,A05,0,A00,A0,A0,E0,0,0,2015,2,94,94,9,9,0,2282
39007,4591,A05,0,A00,A0,A0,E0,0,0,2015,2,52,50,5,6,-1,1227
39009,4591,A05,0,A00,A0,A0,E0,0,0,2015,2,121,123,16,14,3,2095
39011,4591,A05,0,A00,A0,A0,E0,0,0,2015,2,44,45,4,3,1,1667
39013,4591,A05,0,A00,A0,A0,E0,0,0,2015,2,94,90,12,17,-5,1251
39015,4591,A05,0,A00,A0,A0,E0,0,0,2015,2,,,0,,,2336
39017,4591,A05,0,A00,A0,A0,E0,0,0,2015,2,380,394,61,47,14,1591
39019,4591,A05,0,A00,A0,A0,E0,0,0,2015,2,,,0,0,,1031
39023,4591,A05,0,A00,A0,A0,E0,0,0,2015,2,140,149,30,20,9,1427
39025,4591,A05,0,A00,A0,A0,E0,0,0,2015,2,297,298,45,45,0,1560
39027,4591,A05,0,A00,A0,A0,E0,0,0,2015,2,,,,,,924
39029,4591,A05,0,A00,A0,A0,E0,0,0,2015,2,91,88,15,17,-3,1422
39031,4591,A05,0,A00,A0,A0,E0,0,0,2015,2,93,94,9,8,1,1304
39033,4591,A05,0,A00,A0,A0,E0,0,0,2015,2,,,,,,1094
39035,4591,A05,0,A00,A0,A0,E0,0,0,2015,2,1759,1749,272,281,-10,1490
39037,4591,A05,0,A00,A0,A0,E0,0,0,2015,2,34,32,3,4,-2,1953
39039,4591,A05,0,A00,A0,A0,E0,0,0,2015,2,88,86,10,11,-2,3807
39041,4591,A05,0,A00,A0,A0,E0,0,0,2015,2,731,752,142,121,21,1577
39043,4591,A05,0,A00,A0,A0,E0,0,0,2015,2,132,130,32,34,-2,1340
39045,4591,A05,0,A00,A0,A0,E0,0,0,2015,2,230,223,29,35,-6,1219
39047,4591,A05,0,A00,A0,A0,E0,0,0,2015,2,117,105,51,64,-13,526
39049,4591,A05,0,A00,A0,A0,E0,0,0,2015,2,2461,2506,465,419,45,1465
39051,4591,A05,0,A00,A0,A0,E0,0,0,2015,2,22,22,4,4,0,1122
39053,4591,A05,0,A00,A0,A0,E0,0,0,2015,2,21,20,,4,-1,1158
39055,4591,A05,0,A00,A0,A0,E0,0,0,2015,2,235,229,37,44,-7,1724
39057,4591,A05,0,A00,A0,A0,E0,0,0,2015,2,280,269,38,49,-11,1241
39059,4591,A05,0,A00,A0,A0,E0,0,0,2015,2,,,,,,1909
39061,4591,A05,0,A00,A0,A0,E0,0,0,2015,2,1515,1507,270,277,-7,1548
39063,4591,A05,0,A00,A0,A0,E0,0,0,2015,2,134,132,22,24,-2,1391
39065,4591,A05,0,A00,A0,A0,E0,0,0,2015,2,,,,,,1047
39067,4591,A05,0,A00,A0,A0,E0,0,0,2015,2,,,0,0,,1237
39071,4591,A05,0,A00,A0,A0,E0,0,0,2015,2,23,23,4,4,0,1680
39073,4591,A05,0,A00,A0,A0,E0,0,0,2015,2,,,0,,,1023
39075,4591,A05,0,A00,A0,A0,E0,0,0,2015,2,80,72,4,12,-8,1680
39077,4591,A05,0,A00,A0,A0,E0,0,0,2015,2,11,11,,,1,917
39079,4591,A05,0,A00,A0,A0,E0,0,0,2015,2,9,9,,,0,780
39081,4591,A05,0,A00,A0,A0,E0,0,0,2015,2,62,62,9,8,1,1241
39083,4591,A05,0,A00,A0,A0,E0,0,0,2015,2,60,66,17,12,6,1484
39085,4591,A05,0,A00,A0,A0,E0,0,0,2015,2,443,435,72,80,-8,1460
39087,4591,A05,0,A00,A0,A0,E0,0,0,2015,2,20,20,,2,0,1011
39089,4591,A05,0,A00,A0,A0,E0,0,0,2015,2,372,364,37,44,-7,1930
39091,4591,A05,0,A00,A0,A0,E0,0,0,2015,2,41,28,9,22,-12,599
39093,4591,A05,0,A00,A0,A0,E0,0,0,2015,2,277,287,52,42,10,1306
39095,4591,A05,0,A00,A0,A0,E0,0,0,2015,2,731,790,187,128,59,1524
39097,4591,A05,0,A00,A0,A0,E0,0,0,2015,2,21,21,,,0,3890
39099,4591,A05,0,A00,A0,A0,E0,0,0,2015,2,609,618,83,74,9,2097
39101,4591,A05,0,A00,A0,A0,E0,0,0,2015,2,85,84,15,17,-1,1385
39103,4591,A05,0,A00,A0,A0,E0,0,0,2015,2,231,259,70,42,28,1360
39105,4591,A05,0,A00,A0,A0,E0,0,0,2015,2,,,0,0,,992
39107,4591,A05,0,A00,A0,A0,E0,0,0,2015,2,43,41,6,7,-2,1127
39109,4591,A05,0,A00,A0,A0,E0,0,0,2015,2,158,166,29,22,8,1874
39113,4591,A05,0,A00,A0,A0,E0,0,0,2015,2,762,790,145,117,28,1442
39117,4591,A05,0,A00,A0,A0,E0,0,0,2015,2,,,,,,2392
39119,4591,A05,0,A00,A0,A0,E0,0,0,2015,2,138,133,16,21,-5,1760
39123,4591,A05,0,A00,A0,A0,E0,0,0,2015,2,7,21,15,,13,1749
39127,4591,A05,0,A00,A0,A0,E0,0,0,2015,2,,,,0,,1434
39129,4591,A05,0,A00,A0,A0,E0,0,0,2015,2,11,16,6,,5,1396
39131,4591,A05,0,A00,A0,A0,E0,0,0,2015,2,0,0,,,0,
39133,4591,A05,0,A00,A0,A0,E0,0,0,2015,2,162,170,37,29,8,1727
39135,4591,A05,0,A00,A0,A0,E0,0,0,2015,2,5,5,,,0,797
39137,4591,A05,0,A00,A0,A0,E0,0,0,2015,2,,,0,,,1994
39139,4591,A05,0,A00,A0,A0,E0,0,0,2015,2,223,218,27,32,-5,1436
39141,4591,A05,0,A00,A0,A0,E0,0,0,2015,2,99,98,11,13,-2,1177
39143,4591,A05,0,A00,A0,A0,E0,0,0,2015,2,27,29,5,2,3,1307
39145,4591,A05,0,A00,A0,A0,E0,0,0,2015,2,25,23,3,5,-2,1100
39147,4591,A05,0,A00,A0,A0,E0,0,0,2015,2,27,27,,,0,1293
39149,4591,A05,0,A00,A0,A0,E0,0,0,2015,2,18,17,3,4,-1,894
39151,4591,A05,0,A00,A0,A0,E0,0,0,2015,2,712,705,102,108,-6,1406
39153,4591,A05,0,A00,A0,A0,E0,0,0,2015,2,1100,1087,149,163,-14,1606
39155,4591,A05,0,A00,A0,A0,E0,0,0,2015,2,297,302,60,55,5,1247
39157,4591,A05,0,A00,A0,A0,E0,0,0,2015,2,104,103,15,16,-1,1379
39159,4591,A05,0,A00,A0,A0,E0,0,0,2015,2,44,40,11,15,-4,936
39161,4591,A05,0,A00,A0,A0,E0,0,0,2015,2,,,,0,,3409
39165,4591,A05,0,A00,A0,A0,E0,0,0,2015,2,405,405,61,61,0,1314
39167,4591,A05,0,A00,A0,A0,E0,0,0,2015,2,64,78,21,7,14,1890
39169,4591,A05,0,A00,A0,A0,E0,0,0,2015,2,119,116,19,22,-3,1297
39171,4591,A05,0,A00,A0,A0,E0,0,0,2015,2,16,20,6,,4,1169
39173,4591,A05,0,A00,A0,A0,E0,0,0,2015,2,516,520,79,74,5,1425
39175,4591,A05,0,A00,A0,A0,E0,0,0,2015,2,,,0,0,,665
39,4591,A05,0,A00,A0,A0,E0,0,0,2015,2,17579,17722,3025,2881,143,1520
39001,4591,A05,0,A00,A0,A0,E0,0,0,2015,3,5,4,,3,-2,920
39003,4591,A05,0,A00,A0,A0,E0,0,0,2015,3,181,185,36,33,4,1513
39005,4591,A05,0,A00,A0,A0,E0,0,0,2015,3,95,105,18,8,10,2708
39007,4591,A05,0,A00,A0,A0,E0,0,0,2015,3,50,51,7,6,1,1260
39009,4591,A05,0,A00,A0,A0,E0,0,0,2015,3,123,121,14,16,-2,2176
39011,4591,A05,0,A00,A0,A0,E0,0,0,2015,3,45,46,9,8,1,1491
39013,4591,A05,0,A00,A0,A0,E0,0,0,2015,3,90,94,25,20,4,1237
39015,4591,A05,0,A00,A0,A0,E0,0,0,2015,3,,,0,0,,3232
39017,4591,A05,0,A00,A0,A0,E0,0,0,2015,3,395,586,308,116,191,1571
39019,4591,A05,0,A00,A0,A0,E0,0,0,2015,3,,,0,0,,1031
39023,4591,A05,0,A00,A0,A0,E0,0,0,2015,3,149,141,29,38,-8,1359
39025,4591,A05,0,A00,A0,A0,E0,0,0,2015,3,297,318,67,47,21,1526
39027,4591,A05,0,A00,A0,A0,E0,0,0,2015,3,,,,,,1230
39029,4591,A05,0,A00,A0,A0,E0,0,0,2015,3,88,88,18,17,0,1414
39031,4591,A05,0,A00,A0,A0,E0,0,0,2015,3,94,104,28,18,10,1520
39033,4591,A05,0,A00,A0,A0,E0,0,0,2015,3,,,,,,1184
39035,4591,A05,0,A00,A0,A0,E0,0,0,2015,3,1744,1756,324,312,12,1496
39037,4591,A05,0,A00,A0,A0,E0,0,0,2015,3,32,34,7,5,2,2083
39039,4591,A05,0,A00,A0,A0,E0,0,0,2015,3,86,84,15,17,-2,1687
39041,4591,A05,0,A00,A0,A0,E0,0,0,2015,3,750,851,252,151,101,1505
39043,4591,A05,0,A00,A0,A0,E0,0,0,2015,3,130,128,32,34,-2,1450
39045,4591,A05,0,A00,A0,A0,E0,0,0,2015,3,223,236,62,49,13,1436
39047,4591,A05,0,A00,A0,A0,E0,0,0,2015,3,105,82,38,61,-23,663
39049,4591,A05,0,A00,A0,A0,E0,0,0,2015,3,2482,2512,552,522,30,1531
39051,4591,A05,0,A00,A0,A0,E0,0,0,2015,3,22,24,3,,2,1017
39053,4591,A05,0,A00,A0,A0,E0,0,0,2015,3,20,21,5,3,1,1427
39055,4591,A05,0,A00,A0,A0,E0,0,0,2015,3,228,244,55,39,16,1481
39057,4591,A05,0,A00,A0,A0,E0,0,0,2015,3,267,284,65,47,18,1285
39059,4591,A05,0,A00,A0,A0,E0,0,0,2015,3,,,,,,2022
39061,4591,A05,0,A00,A0,A0,E0,0,0,2015,3,1537,1556,347,328,19,1544
39063,4591,A05,0,A00,A0,A0,E0,0,0,2015,3,131,135,28,24,4,1487
39065,4591,A05,0,A00,A0,A0,E0,0,0,2015,3,,,,,,1173
39067,4591,A05,0,A00,A0,A0,E0,0,0,2015,3,,,,,,972
39071,4591,A05,0,A00,A0,A0,E0,0,0,2015,3,23,27,6,,4,1715
39073,4591,A05,0,A00,A0,A0,E0,0,0,2015,3,,,,0,,1302
39075,4591,A05,0,A00,A0,A0,E0,0,0,2015,3,73,84,18,7,12,1342
39077,4591,A05,0,A00,A0,A0,E0,0,0,2015,3,11,11,,,0,872
39079,4591,A05,0,A00,A0,A0,E0,0,0,2015,3,9,12,4,,3,914
39081,4591,A05,0,A00,A0,A0,E0,0,0,2015,3,62,62,15,15,1,1339
39083,4591,A05,0,A00,A0,A0,E0,0,0,2015,3,65,67,17,15,1,1308
39085,4591,A05,0,A00,A0,A0,E0,0,0,2015,3,434,438,83,79,4,1392
39087,4591,A05,0,A00,A0,A0,E0,0,0,2015,3,20,22,3,,2,1153
39089,4591,A05,0,A00,A0,A0,E0,0,0,2015,3,365,358,48,54,-7,1938
39091,4591,A05,0,A00,A0,A0,E0,0,0,2015,3,28,29,7,6,1,811
39093,4591,A05,0,A00,A0,A0,E0,0,0,2015,3,286,285,53,54,-1,1247
39095,4591,A05,0,A00,A0,A0,E0,0,0,2015,3,788,858,239,170,69,1527
39097,4591,A05,0,A00,A0,A0,E0,0,0,2015,3,21,20,3,4,-1,3558
39099,4591,A05,0,A00,A0,A0,E0,0,0,2015,3,617,595,103,125,-22,2399
39101,4591,A05,0,A00,A0,A0,E0,0,0,2015,3,84,80,13,18,-4,1495
39103,4591,A05,0,A00,A0,A0,E0,0,0,2015,3,257,248,49,58,-10,1414
39105,4591,A05,0,A00,A0,A0,E0,0,0,2015,3,,,,0,,1059
39107,4591,A05,0,A00,A0,A0,E0,0,0,2015,3,41,42,11,10,1,1225
39109,4591,A05,0,A00,A0,A0,E0,0,0,2015,3,166,166,28,28,0,2167
39113,4591,A05,0,A00,A0,A0,E0,0,0,2015,3,788,798,161,152,10,1463
39117,4591,A05,0,A00,A0,A0,E0,0,0,2015,3,,0,,,,1112
39119,4591,A05,0,A00,A0,A0,E0,0,0,2015,3,132,137,28,23,5,1841
39123,4591,A05,0,A00,A0,A0,E0,0,0,2015,3,21,12,0,9,-9,1919
39127,4591,A05,0,A00,A0,A0,E0,0,0,2015,3,,,0,0,,1365
39129,4591,A05,0,A00,A0,A0,E0,0,0,2015,3,16,15,4,5,-2,1181
39131,4591,A05,0,A00,A0,A0,E0,0,0,2015,3,0,0,,,0,
39133,4591,A05,0,A00,A0,A0,E0,0,0,2015,3,170,185,32,17,15,1850
39135,4591,A05,0,A00,A0,A0,E0,0,0,2015,3,5,7,,0,2,710
39137,4591,A05,0,A00,A0,A0,E0,0,0,2015,3,,,0,0,,2936
39139,4591,A05,0,A00,A0,A0,E0,0,0,2015,3,219,224,41,35,6,1496
39141,4591,A05,0,A00,A0,A0,E0,0,0,2015,3,97,118,35,15,20,1250
39143,4591,A05,0,A00,A0,A0,E0,0,0,2015,3,29,28,3,4,-2,1290
39145,4591,A05,0,A00,A0,A0,E0,0,0,2015,3,23,21,4,6,-2,1278
39147,4591,A05,0,A00,A0,A0,E0,0,0,2015,3,26,27,5,4,1,1318
39149,4591,A05,0,A00,A0,A0,E0,0,0,2015,3,17,19,6,3,2,1072
39151,4591,A05,0,A00,A0,A0,E0,0,0,2015,3,703,710,128,121,7,1560
39153,4591,A05,0,A00,A0,A0,E0,0,0,2015,3,1084,1093,191,183,8,1765
39155,4591,A05,0,A00,A0,A0,E0,0,0,2015,3,301,299,54,56,-2,1238
39157,4591,A05,0,A00,A0,A0,E0,0,0,2015,3,103,105,13,11,3,1600
39159,4591,A05,0,A00,A0,A0,E0,0,0,2015,3,40,42,10,9,2,972
39161,4591,A05,0,A00,A0,A0,E0,0,0,2015,3,,,0,0,,1731
39165,4591,A05,0,A00,A0,A0,E0,0,0,2015,3,405,412,92,85,7,1316
39167,4591,A05,0,A00,A0,A0,E0,0,0,2015,3,78,70,6,15,-8,1436
39169,4591,A05,0,A00,A0,A0,E0,0,0,2015,3,116,132,36,21,15,1413
39171,4591,A05,0,A00,A0,A0,E0,0,0,2015,3,20,21,4,4,0,1135
39173,4591,A05,0,A00,A0,A0,E0,0,0,2015,3,519,502,67,83,-16,1438
39175,4591,A05,0,A00,A0,A0,E0,0,0,2015,3,,,,0,,880
39,4591,A05,0,A00,A0,A0,E0,0,0,2015,3,17705,18244,3991,3452,539,1554
39001,4591,A05,0,A00,A0,A0,E0,0,0,2015,4,,,,,,915
39003,4591,A05,0,A00,A0,A0,E0,0,0,2015,4,184,213,93,64,29,1776
39005,4591,A05,0,A00,A0,A0,E0,0,0,2015,4,105,103,7,9,-1,2775
39007,4591,A05,0,A00,A0,A0,E0,0,0,2015,4,52,53,11,9,1,1277
39009,4591,A05,0,A00,A0,A0,E0,0,0,2015,4,121,126,25,20,5,4418
39011,4591,A05,0,A00,A0,A0,E0,0,0,2015,4,46,49,8,6,3,1825
39013,4591,A05,0,A00,A0,A0,E0,0,0,2015,4,93,115,56,35,21,1336
39015,4591,A05,0,A00,A0,A0,E0,0,0,2015,4,,,0,0,,3154
39017,4591,A05,0,A00,A0,A0,E0,0,0,2015,4,586,552,141,175,-34,1553
39019,4591,A05,0,A00,A0,A0,E0,0,0,2015,4,,,0,0,,1031
39023,4591,A05,0,A00,A0,A0,E0,0,0,2015,4,141,158,46,28,18,1725
39025,4591,A05,0,A00,A0,A0,E0,0,0,2015,4,316,362,138,93,45,1751
39027,4591,A05,0,A00,A0,A0,E0,0,0,2015,4,,,,,,1194
39029,4591,A05,0,A00,A0,A0,E0,0,0,2015,4,88,91,30,27,3,1447
39031,4591,A05,0,A00,A0,A0,E0,0,0,2015,4,104,98,10,17,-7,1602
39033,4591,A05,0,A00,A0,A0,E0,0,0,2015,4,,,,,,1058
39035,4591,A05,0,A00,A0,A0,E0,0,0,2015,4,1767,1952,636,451,185,1687
39037,4591,A05,0,A00,A0,A0,E0,0,0,2015,4,34,49,23,8,15,2049
39039,4591,A05,0,A00,A0,A0,E0,0,0,2015,4,84,85,22,20,2,1811
39041,4591,A05,0,A00,A0,A0,E0,0,0,2015,4,852,883,255,225,30,1576
39043,4591,A05,0,A00,A0,A0,E0,0,0,2015,4,128,142,58,44,14,1615
39045,4591,A05,0,A00,A0,A0,E0,0,0,2015,4,236,270,102,68,34,1494
39047,4591,A05,0,A00,A0,A0,E0,0,0,2015,4,82,94,102,90,12,628
39049,4591,A05,0,A00,A0,A0,E0,0,0,2015,4,2529,2709,847,667,180,1640
39051,4591,A05,0,A00,A0,A0,E0,0,0,2015,4,24,50,35,9,27,1393
39053,4591,A05,0,A00,A0,A0,E0,0,0,2015,4,21,21,5,5,0,1404
39055,4591,A05,0,A00,A0,A0,E0,0,0,2015,4,244,269,85,60,25,1873
39057,4591,A05,0,A00,A0,A0,E0,0,0,2015,4,286,337,154,103,51,1389
39059,4591,A05,0,A00,A0,A0,E0,0,0,2015,4,,,,,,1406
39061,4591,A05,0,A00,A0,A0,E0,0,0,2015,4,1556,1729,573,400,173,1831
39063,4591,A05,0,A00,A0,A0,E0,0,0,2015,4,134,146,44,32,12,1645
39065,4591,A05,0,A00,A0,A0,E0,0,0,2015,4,,,,,,1198
39067,4591,A05,0,A00,A0,A0,E0,0,0,2015,4,,,,,,817
39071,4591,A05,0,A00,A0,A0,E0,0,0,2015,4,27,26,9,9,-1,1810
39073,4591,A05,0,A00,A0,A0,E0,0,0,2015,4,,,,,,1069
39075,4591,A05,0,A00,A0,A0,E0,0,0,2015,4,84,75,3,12,-9,1921
39077,4591,A05,0,A00,A0,A0,E0,0,0,2015,4,11,15,6,2,4,991
39079,4591,A05,0,A00,A0,A0,E0,0,0,2015,4,12,14,6,4,2,862
39081,4591,A05,0,A00,A0,A0,E0,0,0,2015,4,62,65,21,19,2,1452
39083,4591,A05,0,A00,A0,A0,E0,0,0,2015,4,66,67,19,18,1,1524
39085,4591,A05,0,A00,A0,A0,E0,0,0,2015,4,436,486,143,93,50,1577
39087,4591,A05,0,A00,A0,A0,E0,0,0,2015,4,22,20,5,6,-2,1111
39089,4591,A05,0,A00,A0,A0,E0,0,0,2015,4,358,390,94,63,32,2220
39091,4591,A05,0,A00,A0,A0,E0,0,0,2015,4,29,43,25,11,14,831
39093,4591,A05,0,A00,A0,A0,E0,0,0,2015,4,285,317,112,80,32,1728
39095,4591,A05,0,A00,A0,A0,E0,0,0,2015,4,856,967,338,227,111,1737
39097,4591,A05,0,A00,A0,A0,E0,0,0,2015,4,20,18,5,6,-2,4176
39099,4591,A05,0,A00,A0,A0,E0,0,0,2015,4,594,634,150,110,41,3003
39101,4591,A05,0,A00,A0,A0,E0,0,0,2015,4,79,82,28,25,3,1691
39103,4591,A05,0,A00,A0,A0,E0,0,0,2015,4,248,268,79,58,20,1498
39105,4591,A05,0,A00,A0,A0,E0,0,0,2015,4,,,0,0,,975
39107,4591,A05,0,A00,A0,A0,E0,0,0,2015,4,42,47,13,8,5,1313
39109,4591,A05,0,A00,A0,A0,E0,0,0,2015,4,156,148,41,50,-8,1988
39113,4591,A05,0,A00,A0,A0,E0,0,0,2015,4,795,843,273,225,48,1702
39119,4591,A05,0,A00,A0,A0,E0,0,0,2015,4,137,154,49,32,17,1927
39123,4591,A05,0,A00,A0,A0,E0,0,0,2015,4,12,7,0,5,-5,1346
39127,4591,A05,0,A00,A0,A0,E0,0,0,2015,4,,,0,0,,1303
39129,4591,A05,0,A00,A0,A0,E0,0,0,2015,4,15,15,6,6,0,1213
39133,4591,A05,0,A00,A0,A0,E0,0,0,2015,4,182,209,64,38,26,2582
39135,4591,A05,0,A00,A0,A0,E0,0,0,2015,4,7,8,4,3,1,1023
39137,4591,A05,0,A00,A0,A0,E0,0,0,2015,4,,,0,0,,3152
39139,4591,A05,0,A00,A0,A0,E0,0,0,2015,4,223,265,95,53,42,1758
39141,4591,A05,0,A00,A0,A0,E0,0,0,2015,4,118,127,37,28,9,1403
39143,4591,A05,0,A00,A0,A0,E0,0,0,2015,4,28,29,10,8,2,1150
39145,4591,A05,0,A00,A0,A0,E0,0,0,2015,4,21,22,7,6,1,1393
39147,4591,A05,0,A00,A0,A0,E0,0,0,2015,4,27,28,10,8,1,1502
39149,4591,A05,0,A00,A0,A0,E0,0,0,2015,4,19,20,8,7,1,1025
39151,4591,A05,0,A00,A0,A0,E0,0,0,2015,4,711,739,224,195,29,1612
39153,4591,A05,0,A00,A0,A0,E0,0,0,2015,4,1089,1172,335,252,83,1866
39155,4591,A05,0,A00,A0,A0,E0,0,0,2015,4,298,331,108,76,33,1398
39157,4591,A05,0,A00,A0,A0,E0,0,0,2015,4,105,107,27,25,2,1669
39159,4591,A05,0,A00,A0,A0,E0,0,0,2015,4,42,46,18,14,3,973
39161,4591,A05,0,A00,A0,A0,E0,0,0,2015,4,,,0,0,,1858
39165,4591,A05,0,A00,A0,A0,E0,0,0,2015,4,411,448,130,93,38,1870
39167,4591,A05,0,A00,A0,A0,E0,0,0,2015,4,70,71,14,14,1,2056
39169,4591,A05,0,A00,A0,A0,E0,0,0,2015,4,132,145,49,36,13,1449
39171,4591,A05,0,A00,A0,A0,E0,0,0,2015,4,21,22,9,7,2,1144
39173,4591,A05,0,A00,A0,A0,E0,0,0,2015,4,502,528,124,97,26,1610
39175,4591,A05,0,A00,A0,A0,E0,0,0,2015,4,,,0,,,692
39,4591,A05,0,A00,A0,A0,E0,0,0,2015,4,18241,19745,6231,4727,1504,1755
39001,4591,A05,0,A00,A0,A0,E0,0,0,2016,1,,,,,,857
39003,4591,A05,0,A00,A0,A0,E0,0,0,2016,1,213,191,18,40,-22,1316
39005,4591,A05,0,A00,A0,A0,E0,0,0,2016,1,103,102,9,10,-1,2130
39007,4591,A05,0,A00,A0,A0,E0,0,0,2016,1,53,48,,6,-4,1025
39009,4591,A05,0,A00,A0,A0,E0,0,0,2016,1,126,126,13,13,0,1784
39011,4591,A05,0,A00,A0,A0,E0,0,0,2016,1,49,49,4,3,1,1406
39013,4591,A05,0,A00,A0,A0,E0,0,0,2016,1,114,92,12,35,-23,963
39015,4591,A05,0,A00,A0,A0,E0,0,0,2016,1,,,,,,3262
39017,4591,A05,0,A00,A0,A0,E0,0,0,2016,1,552,528,82,106,-24,1365
39019,4591,A05,0,A00,A0,A0,E0,0,0,2016,1,,,0,0,,1031
39023,4591,A05,0,A00,A0,A0,E0,0,0,2016,1,158,152,21,27,-6,1564
39025,4591,A05,0,A00,A0,A0,E0,0,0,2016,1,362,316,25,71,-46,1269
39027,4591,A05,0,A00,A0,A0,E0,0,0,2016,1,,,,,,731
39029,4591,A05,0,A00,A0,A0,E0,0,0,2016,1,91,79,9,21,-12,1173
39031,4591,A05,0,A00,A0,A0,E0,0,0,2016,1,98,79,3,22,-19,1128
39033,4591,A05,0,A00,A0,A0,E0,0,0,2016,1,,,,,,857
39035,4591,A05,0,A00,A0,A0,E0,0,0,2016,1,1944,1736,136,343,-208,1380
39037,4591,A05,0,A00,A0,A0,E0,0,0,2016,1,49,46,6,9,-3,1629
39039,4591,A05,0,A00,A0,A0,E0,0,0,2016,1,85,79,6,12,-7,1451
39041,4591,A05,0,A00,A0,A0,E0,0,0,2016,1,886,808,108,186,-78,1325
39043,4591,A05,0,A00,A0,A0,E0,0,0,2016,1,140,115,11,36,-26,1273
39045,4591,A05,0,A00,A0,A0,E0,0,0,2016,1,262,231,19,50,-31,1106
39047,4591,A05,0,A00,A0,A0,E0,0,0,2016,1,94,63,15,45,-30,603
39049,4591,A05,0,A00,A0,A0,E0,0,0,2016,1,2704,2480,252,476,-224,1336
39051,4591,A05,0,A00,A0,A0,E0,0,0,2016,1,50,26,,25,-24,468
39053,4591,A05,0,A00,A0,A0,E0,0,0,2016,1,21,18,,4,-2,1308
39055,4591,A05,0,A00,A0,A0,E0,0,0,2016,1,269,255,23,37,-14,3213
39057,4591,A05,0,A00,A0,A0,E0,0,0,2016,1,337,400,136,74,62,1025
39059,4591,A05,0,A00,A0,A0,E0,0,0,2016,1,,,0,,,979
39061,4591,A05,0,A00,A0,A0,E0,0,0,2016,1,1726,1597,188,317,-129,1360
39063,4591,A05,0,A00,A0,A0,E0,0,0,2016,1,146,133,10,23,-13,1245
39065,4591,A05,0,A00,A0,A0,E0,0,0,2016,1,,,0,,,996
39067,4591,A05,0,A00,A0,A0,E0,0,0,2016,1,,,0,,,698
39071,4591,A05,0,A00,A0,A0,E0,0,0,2016,1,26,27,3,3,0,1587
39073,4591,A05,0,A00,A0,A0,E0,0,0,2016,1,,,0,,,830
39075,4591,A05,0,A00,A0,A0,E0,0,0,2016,1,75,76,4,3,1,1631
39077,4591,A05,0,A00,A0,A0,E0,0,0,2016,1,15,17,4,,1,785
39079,4591,A05,0,A00,A0,A0,E0,0,0,2016,1,14,14,,,0,727
39081,4591,A05,0,A00,A0,A0,E0,0,0,2016,1,65,62,5,8,-3,1190
39083,4591,A05,0,A00,A0,A0,E0,0,0,2016,1,67,60,9,16,-7,1415
39085,4591,A05,0,A00,A0,A0,E0,0,0,2016,1,484,433,44,94,-51,1253
39087,4591,A05,0,A00,A0,A0,E0,0,0,2016,1,20,20,,2,0,998
39089,4591,A05,0,A00,A0,A0,E0,0,0,2016,1,391,375,45,61,-16,2208
39091,4591,A05,0,A00,A0,A0,E0,0,0,2016,1,43,27,16,31,-16,618
39093,4591,A05,0,A00,A0,A0,E0,0,0,2016,1,316,287,30,59,-29,1085
39095,4591,A05,0,A00,A0,A0,E0,0,0,2016,1,967,928,140,179,-39,1360
39097,4591,A05,0,A00,A0,A0,E0,0,0,2016,1,,,0,,,4115
39099,4591,A05,0,A00,A0,A0,E0,0,0,2016,1,626,584,36,78,-42,1953
39101,4591,A05,0,A00,A0,A0,E0,0,0,2016,1,82,74,7,15,-8,1240
39103,4591,A05,0,A00,A0,A0,E0,0,0,2016,1,267,245,22,44,-22,1175
39105,4591,A05,0,A00,A0,A0,E0,0,0,2016,1,,,0,,,815
39107,4591,A05,0,A00,A0,A0,E0,0,0,2016,1,47,44,7,10,-2,979
39109,4591,A05,0,A00,A0,A0,E0,0,0,2016,1,119,108,8,19,-10,1108
39113,4591,A05,0,A00,A0,A0,E0,0,0,2016,1,842,793,105,153,-49,1336
39119,4591,A05,0,A00,A0,A0,E0,0,0,2016,1,154,136,8,25,-17,1624
39123,4591,A05,0,A00,A0,A0,E0,0,0,2016,1,7,6,0,,-1,1192
39127,4591,A05,0,A00,A0,A0,E0,0,0,2016,1,,,0,,,1301
39129,4591,A05,0,A00,A0,A0,E0,0,0,2016,1,15,14,,,0,1174
39133,4591,A05,0,A00,A0,A0,E0,0,0,2016,1,208,193,12,27,-15,1476
39135,4591,A05,0,A00,A0,A0,E0,0,0,2016,1,8,7,,,0,780
39137,4591,A05,0,A00,A0,A0,E0,0,0,2016,1,,,,0,,2865
39139,4591,A05,0,A00,A0,A0,E0,0,0,2016,1,262,226,14,50,-36,1256
39141,4591,A05,0,A00,A0,A0,E0,0,0,2016,1,135,123,12,24,-12,1032
39143,4591,A05,0,A00,A0,A0,E0,0,0,2016,1,30,27,,3,-3,973
39145,4591,A05,0,A00,A0,A0,E0,0,0,2016,1,22,42,25,5,20,1257
39147,4591,A05,0,A00,A0,A0,E0,0,0,2016,1,28,32,7,3,3,1213
39149,4591,A05,0,A00,A0,A0,E0,0,0,2016,1,,,,,,899
39151,4591,A05,0,A00,A0,A0,E0,0,0,2016,1,744,708,75,110,-36,1247
39153,4591,A05,0,A00,A0,A0,E0,0,0,2016,1,1190,1092,96,195,-98,1491
39155,4591,A05,0,A00,A0,A0,E0,0,0,2016,1,330,305,44,69,-25,1083
39157,4591,A05,0,A00,A0,A0,E0,0,0,2016,1,107,103,9,13,-4,1306
39159,4591,A05,0,A00,A0,A0,E0,0,0,2016,1,46,39,4,11,-7,810
39161,4591,A05,0,A00,A0,A0,E0,0,0,2016,1,,,0,0,,2382
39165,4591,A05,0,A00,A0,A0,E0,0,0,2016,1,447,438,61,70,-9,1179
39167,4591,A05,0,A00,A0,A0,E0,0,0,2016,1,71,65,4,9,-5,1713
39169,4591,A05,0,A00,A0,A0,E0,0,0,2016,1,145,132,10,24,-13,1109
39171,4591,A05,0,A00,A0,A0,E0,0,0,2016,1,22,20,,3,-2,913
39173,4591,A05,0,A00,A0,A0,E0,0,0,2016,1,527,470,26,83,-57,1110
39175,4591,A05,0,A00,A0,A0,E0,0,0,2016,1,,,0,0,,717
39,4591,A05,0,A00,A0,A0,E0,0,0,2016,1,19706,18205,2019,3519,-1501,1372
39001,4591,A05,0,A00,A0,A0,E0,0,0,2016,2,4,5,,,1,1051
39003,4591,A05,0,A00,A0,A0,E0,0,0,2016,2,191,190,28,30,-1,1528
39005,4591,A05,0,A00,A0,A0,E0,0,0,2016,2,102,103,7,6,1,2551
39007,4591,A05,0,A00,A0,A0,E0,0,0,2016,2,49,47,3,5,-2,1238
39009,4591,A05,0,A00,A0,A0,E0,0,0,2016,2,126,131,21,15,5,2098
39011,4591,A05,0,A00,A0,A0,E0,0,0,2016,2,49,52,9,6,3,1576
39013,4591,A05,0,A00,A0,A0,E0,0,0,2016,2,92,90,13,16,-2,1253
39015,4591,A05,0,A00,A0,A0,E0,0,0,2016,2,,,0,,,2426
39017,4591,A05,0,A00,A0,A0,E0,0,0,2016,2,528,525,99,102,-3,1640
39019,4591,A05,0,A00,A0,A0,E0,0,0,2016,2,,,0,0,,1031
39023,4591,A05,0,A00,A0,A0,E0,0,0,2016,2,152,155,22,19,3,1393
39025,4591,A05,0,A00,A0,A0,E0,0,0,2016,2,316,336,68,47,21,1595
39027,4591,A05,0,A00,A0,A0,E0,0,0,2016,2,,,,,,838
39029,4591,A05,0,A00,A0,A0,E0,0,0,2016,2,78,67,10,22,-12,1329
39031,4591,A05,0,A00,A0,A0,E0,0,0,2016,2,79,80,16,15,1,1183
39033,4591,A05,0,A00,A0,A0,E0,0,0,2016,2,,,,,,943
39035,4591,A05,0,A00,A0,A0,E0,0,0,2016,2,1732,1721,245,256,-11,1517
39037,4591,A05,0,A00,A0,A0,E0,0,0,2016,2,46,46,5,4,0,1745
39039,4591,A05,0,A00,A0,A0,E0,0,0,2016,2,79,85,16,9,6,5586
39041,4591,A05,0,A00,A0,A0,E0,0,0,2016,2,806,807,151,150,1,1545
39043,4591,A05,0,A00,A0,A0,E0,0,0,2016,2,115,139,49,25,24,1460
39045,4591,A05,0,A00,A0,A0,E0,0,0,2016,2,231,224,27,34,-7,1292
39047,4591,A05,0,A00,A0,A0,E0,0,0,2016,2,63,64,16,15,0,948
39049,4591,A05,0,A00,A0,A0,E0,0,0,2016,2,2482,2407,459,534,-75,1485
39051,4591,A05,0,A00,A0,A0,E0,0,0,2016,2,26,19,,10,-8,898
39053,4591,A05,0,A00,A0,A0,E0,0,0,2016,2,18,19,5,4,0,1151
39055,4591,A05,0,A00,A0,A0,E0,0,0,2016,2,255,267,55,43,12,1907
39057,4591,A05,0,A00,A0,A0,E0,0,0,2016,2,400,373,63,90,-27,1283
39059,4591,A05,0,A00,A0,A0,E0,0,0,2016,2,,,,,,1418
39061,4591,A05,0,A00,A0,A0,E0,0,0,2016,2,1598,1549,284,333,-49,1534
39063,4591,A05,0,A00,A0,A0,E0,0,0,2016,2,133,131,22,24,-2,1437
39065,4591,A05,0,A00,A0,A0,E0,0,0,2016,2,,,,,,1236
39067,4591,A05,0,A00,A0,A0,E0,0,0,2016,2,,,,,,799
39071,4591,A05,0,A00,A0,A0,E0,0,0,2016,2,27,25,3,4,-1,1627
39073,4591,A05,0,A00,A0,A0,E0,0,0,2016,2,,,,,,1055
39075,4591,A05,0,A00,A0,A0,E0,0,0,2016,2,75,80,9,5,4,1860
39077,4591,A05,0,A00,A0,A0,E0,0,0,2016,2,17,17,4,3,1,1009
39079,4591,A05,0,A00,A0,A0,E0,0,0,2016,2,14,14,,3,0,732
39081,4591,A05,0,A00,A0,A0,E0,0,0,2016,2,62,61,9,10,-1,1272
39083,4591,A05,0,A00,A0,A0,E0,0,0,2016,2,60,64,16,11,5,1572
39085,4591,A05,0,A00,A0,A0,E0,0,0,2016,2,424,416,53,62,-9,1396
39087,4591,A05,0,A00,A0,A0,E0,0,0,2016,2,20,20,3,3,0,1095
39089,4591,A05,0,A00,A0,A0,E0,0,0,2016,2,374,370,39,43,-4,1902
39091,4591,A05,0,A00,A0,A0,E0,0,0,2016,2,27,31,10,5,4,945
39093,4591,A05,0,A00,A0,A0,E0,0,0,2016,2,295,315,67,47,20,1282
39095,4591,A05,0,A00,A0,A0,E0,0,0,2016,2,927,963,197,162,35,1457
39097,4591,A05,0,A00,A0,A0,E0,0,0,2016,2,17,17,,,0,4398
39099,4591,A05,0,A00,A0,A0,E0,0,0,2016,2,584,607,93,71,23,2386
39101,4591,A05,0,A00,A0,A0,E0,0,0,2016,2,74,70,10,14,-4,1460
39103,4591,A05,0,A00,A0,A0,E0,0,0,2016,2,246,268,64,42,22,1413
39105,4591,A05,0,A00,A0,A0,E0,0,0,2016,2,,,0,0,,1064
39107,4591,A05,0,A00,A0,A0,E0,0,0,2016,2,44,45,8,8,0,1249
39109,4591,A05,0,A00,A0,A0,E0,0,0,2016,2,108,104,16,20,-4,1302
39113,4591,A05,0,A00,A0,A0,E0,0,0,2016,2,793,805,139,127,12,1491
39119,4591,A05,0,A00,A0,A0,E0,0,0,2016,2,136,137,17,16,1,1762
39123,4591,A05,0,A00,A0,A0,E0,0,0,2016,2,6,14,8,0,8,2662
39127,4591,A05,0,A00,A0,A0,E0,0,0,2016,2,,,,0,,1425
39129,4591,A05,0,A00,A0,A0,E0,0,0,2016,2,14,19,8,4,4,1404
39133,4591,A05,0,A00,A0,A0,E0,0,0,2016,2,193,190,33,36,-3,1804
39135,4591,A05,0,A00,A0,A0,E0,0,0,2016,2,7,7,0,0,0,808
39137,4591,A05,0,A00,A0,A0,E0,0,0,2016,2,,,0,0,,2593
39139,4591,A05,0,A00,A0,A0,E0,0,0,2016,2,226,224,30,32,-2,1478
39141,4591,A05,0,A00,A0,A0,E0,0,0,2016,2,123,115,16,24,-8,1155
39143,4591,A05,0,A00,A0,A0,E0,0,0,2016,2,27,28,4,3,1,1141
39145,4591,A05,0,A00,A0,A0,E0,0,0,2016,2,42,41,10,11,-1,1249
39147,4591,A05,0,A00,A0,A0,E0,0,0,2016,2,32,32,3,,1,1984
39149,4591,A05,0,A00,A0,A0,E0,0,0,2016,2,19,19,4,4,0,990
39151,4591,A05,0,A00,A0,A0,E0,0,0,2016,2,710,709,109,110,-1,1461
39153,4591,A05,0,A00,A0,A0,E0,0,0,2016,2,1092,1112,167,147,20,1672
39155,4591,A05,0,A00,A0,A0,E0,0,0,2016,2,305,298,41,48,-7,1251
39157,4591,A05,0,A00,A0,A0,E0,0,0,2016,2,103,105,14,12,2,1469
39159,4591,A05,0,A00,A0,A0,E0,0,0,2016,2,39,36,7,10,-3,1018
39161,4591,A05,0,A00,A0,A0,E0,0,0,2016,2,,,0,0,,1835
39165,4591,A05,0,A00,A0,A0,E0,0,0,2016,2,438,427,71,83,-11,1435
39167,4591,A05,0,A00,A0,A0,E0,0,0,2016,2,65,74,14,6,9,2007
39169,4591,A05,0,A00,A0,A0,E0,0,0,2016,2,132,130,23,25,-2,1245
39171,4591,A05,0,A00,A0,A0,E0,0,0,2016,2,20,20,5,5,0,1050
39173,4591,A05,0,A00,A0,A0,E0,0,0,2016,2,470,454,44,60,-17,1298
39175,4591,A05,0,A00,A0,A0,E0,0,0,2016,2,,,,0,,795
39,4591,A05,0,A00,A0,A0,E0,0,0,2016,2,18202,18184,3083,3101,-18,1551
39001,4591,A05,0,A00,A0,A0,E0,0,0,2016,3,5,6,4,3,1,1195
39003,4591,A05,0,A00,A0,A0,E0,0,0,2016,3,196,195,49,50,0,1635
39005,4591,A05,0,A00,A0,A0,E0,0,0,2016,3,103,104,7,6,1,2273
39007,4591,A05,0,A00,A0,A0,E0,0,0,2016,3,47,45,6,8,-2,1286
39009,4591,A05,0,A00,A0,A0,E0,0,0,2016,3,131,134,23,19,3,2119
39011,4591,A05,0,A00,A0,A0,E0,0,0,2016,3,52,49,11,14,-3,1654
39013,4591,A05,0,A00,A0,A0,E0,0,0,2016,3,90,96,27,21,6,1355
39015,4591,A05,0,A00,A0,A0,E0,0,0,2016,3,,,0,0,,2959
39017,4591,A05,0,A00,A0,A0,E0,0,0,2016,3,524,524,133,134,0,1681
39019,4591,A05,0,A00,A0,A0,E0,0,0,2016,3,,,0,0,,1031
39023,4591,A05,0,A00,A0,A0,E0,0,0,2016,3,155,163,34,27,8,1509
39025,4591,A05,0,A00,A0,A0,E0,0,0,2016,3,336,314,82,105,-23,1558
39027,4591,A05,0,A00,A0,A0,E0,0,0,2016,3,,,,,,999
39029,4591,A05,0,A00,A0,A0,E0,0,0,2016,3,67,65,13,15,-2,1389
39031,4591,A05,0,A00,A0,A0,E0,0,0,2016,3,80,66,13,27,-13,1254
39033,4591,A05,0,A00,A0,A0,E0,0,0,2016,3,,,,,,1551
39035,4591,A05,0,A00,A0,A0,E0,0,0,2016,3,1732,1707,288,314,-25,1639
39037,4591,A05,0,A00,A0,A0,E0,0,0,2016,3,46,47,7,7,1,1724
39039,4591,A05,0,A00,A0,A0,E0,0,0,2016,3,85,84,15,16,-1,2022
39041,4591,A05,0,A00,A0,A0,E0,0,0,2016,3,808,840,261,230,32,1648
39043,4591,A05,0,A00,A0,A0,E0,0,0,2016,3,139,146,43,35,7,1685
39045,4591,A05,0,A00,A0,A0,E0,0,0,2016,3,225,229,56,52,4,1484
39047,4591,A05,0,A00,A0,A0,E0,0,0,2016,3,64,70,31,24,7,1124
39049,4591,A05,0,A00,A0,A0,E0,0,0,2016,3,2386,2247,417,556,-139,1592
39051,4591,A05,0,A00,A0,A0,E0,0,0,2016,3,19,23,6,,4,960
39053,4591,A05,0,A00,A0,A0,E0,0,0,2016,3,19,20,5,4,1,1373
39055,4591,A05,0,A00,A0,A0,E0,0,0,2016,3,267,258,39,48,-9,1644
39057,4591,A05,0,A00,A0,A0,E0,0,0,2016,3,382,380,97,99,-1,1340
39059,4591,A05,0,A00,A0,A0,E0,0,0,2016,3,,,,,,1533
39061,4591,A05,0,A00,A0,A0,E0,0,0,2016,3,1560,1526,357,391,-34,1555
39063,4591,A05,0,A00,A0,A0,E0,0,0,2016,3,131,127,25,28,-3,1589
39065,4591,A05,0,A00,A0,A0,E0,0,0,2016,3,,,,,,1334
39067,4591,A05,0,A00,A0,A0,E0,0,0,2016,3,,,,0,,690
39071,4591,A05,0,A00,A0,A0,E0,0,0,2016,3,25,24,6,7,-1,1664
39073,4591,A05,0,A00,A0,A0,E0,0,0,2016,3,,,,,,1202
39075,4591,A05,0,A00,A0,A0,E0,0,0,2016,3,80,86,11,6,5,1954
39077,4591,A05,0,A00,A0,A0,E0,0,0,2016,3,17,16,3,4,-1,1051
39079,4591,A05,0,A00,A0,A0,E0,0,0,2016,3,14,13,,3,0,899
39081,4591,A05,0,A00,A0,A0,E0,0,0,2016,3,61,58,11,13,-2,1436
39083,4591,A05,0,A00,A0,A0,E0,0,0,2016,3,65,64,11,12,-1,1652
39085,4591,A05,0,A00,A0,A0,E0,0,0,2016,3,416,420,71,68,3,1537
39087,4591,A05,0,A00,A0,A0,E0,0,0,2016,3,20,20,9,8,1,1042
39089,4591,A05,0,A00,A0,A0,E0,0,0,2016,3,370,362,58,67,-8,3505
39091,4591,A05,0,A00,A0,A0,E0,0,0,2016,3,31,28,5,9,-4,865
39093,4591,A05,0,A00,A0,A0,E0,0,0,2016,3,315,417,202,101,102,1424
39095,4591,A05,0,A00,A0,A0,E0,0,0,2016,3,963,938,176,201,-25,1695
39097,4591,A05,0,A00,A0,A0,E0,0,0,2016,3,,,0,,,4235
39099,4591,A05,0,A00,A0,A0,E0,0,0,2016,3,607,579,83,110,-28,2469
39101,4591,A05,0,A00,A0,A0,E0,0,0,2016,3,70,69,14,14,-1,1593
39103,4591,A05,0,A00,A0,A0,E0,0,0,2016,3,273,259,59,72,-14,1458
39105,4591,A05,0,A00,A0,A0,E0,0,0,2016,3,,,0,,,880
39107,4591,A05,0,A00,A0,A0,E0,0,0,2016,3,45,45,10,9,1,1254
39109,4591,A05,0,A00,A0,A0,E0,0,0,2016,3,104,105,25,24,1,1354
39113,4591,A05,0,A00,A0,A0,E0,0,0,2016,3,805,832,199,171,27,1608
39119,4591,A05,0,A00,A0,A0,E0,0,0,2016,3,137,139,27,25,2,1988
39123,4591,A05,0,A00,A0,A0,E0,0,0,2016,3,14,12,0,,-2,2811
39127,4591,A05,0,A00,A0,A0,E0,0,0,2016,3,,,0,0,,1449
39129,4591,A05,0,A00,A0,A0,E0,0,0,2016,3,19,19,5,4,0,1276
39133,4591,A05,0,A00,A0,A0,E0,0,0,2016,3,190,199,52,44,9,1774
39135,4591,A05,0,A00,A0,A0,E0,0,0,2016,3,7,6,0,,-1,767
39137,4591,A05,0,A00,A0,A0,E0,0,0,2016,3,,,0,0,,2544
39139,4591,A05,0,A00,A0,A0,E0,0,0,2016,3,224,223,36,37,-1,1635
39141,4591,A05,0,A00,A0,A0,E0,0,0,2016,3,116,119,27,23,3,1315
39143,4591,A05,0,A00,A0,A0,E0,0,0,2016,3,28,27,,3,-1,1317
39145,4591,A05,0,A00,A0,A0,E0,0,0,2016,3,41,38,5,8,-3,1368
39147,4591,A05,0,A00,A0,A0,E0,0,0,2016,3,32,30,,4,-2,1980
39149,4591,A05,0,A00,A0,A0,E0,0,0,2016,3,19,18,5,6,-1,1096
39151,4591,A05,0,A00,A0,A0,E0,0,0,2016,3,708,708,127,126,0,1610
39153,4591,A05,0,A00,A0,A0,E0,0,0,2016,3,1090,1077,191,204,-13,1839
39155,4591,A05,0,A00,A0,A0,E0,0,0,2016,3,298,281,49,66,-17,1334
39157,4591,A05,0,A00,A0,A0,E0,0,0,2016,3,105,113,22,14,8,1700
39159,4591,A05,0,A00,A0,A0,E0,0,0,2016,3,36,44,21,13,8,1145
39161,4591,A05,0,A00,A0,A0,E0,0,0,2016,3,,,0,0,,2159
39165,4591,A05,0,A00,A0,A0,E0,0,0,2016,3,428,427,113,114,-1,1576
39167,4591,A05,0,A00,A0,A0,E0,0,0,2016,3,74,69,9,14,-5,1649
39169,4591,A05,0,A00,A0,A0,E0,0,0,2016,3,130,127,27,30,-3,1395
39171,4591,A05,0,A00,A0,A0,E0,0,0,2016,3,20,19,2,3,-1,1027
39173,4591,A05,0,A00,A0,A0,E0,0,0,2016,3,454,448,62,68,-5,1456
39175,4591,A05,0,A00,A0,A0,E0,0,0,2016,3,,,,0,,722
39,4591,A05,0,A00,A0,A0,E0,0,0,2016,3,18189,18041,3803,3950,-147,1667
39001,4591,A05,0,A00,A0,A0,E0,0,0,2016,4,6,7,3,,0,808
39003,4591,A05,0,A00,A0,A0,E0,0,0,2016,4,190,219,87,58,29,1640
39005,4591,A05,0,A00,A0,A0,E0,0,0,2016,4,104,100,13,17,-4,2630
39007,4591,A05,0,A00,A0,A0,E0,0,0,2016,4,45,48,11,8,3,1293
39009,4591,A05,0,A00,A0,A0,E0,0,0,2016,4,134,132,21,23,-3,2388
39011,4591,A05,0,A00,A0,A0,E0,0,0,2016,4,49,47,,4,-2,1664
39013,4591,A05,0,A00,A0,A0,E0,0,0,2016,4,96,110,57,43,14,1235
39015,4591,A05,0,A00,A0,A0,E0,0,0,2016,4,,,,0,,3155
39017,4591,A05,0,A00,A0,A0,E0,0,0,2016,4,524,556,152,120,32,1636
39019,4591,A05,0,A00,A0,A0,E0,0,0,2016,4,,,0,0,,1031
39023,4591,A05,0,A00,A0,A0,E0,0,0,2016,4,164,176,57,46,12,1502
39025,4591,A05,0,A00,A0,A0,E0,0,0,2016,4,314,360,129,83,46,1594
39027,4591,A05,0,A00,A0,A0,E0,0,0,2016,4,,,,,,988
39029,4591,A05,0,A00,A0,A0,E0,0,0,2016,4,65,77,31,19,12,1310
39031,4591,A05,0,A00,A0,A0,E0,0,0,2016,4,66,70,17,13,3,1528
39033,4591,A05,0,A00,A0,A0,E0,0,0,2016,4,,,,,,1494
39035,4591,A05,0,A00,A0,A0,E0,0,0,2016,4,1716,1950,667,432,234,1666
39037,4591,A05,0,A00,A0,A0,E0,0,0,2016,4,47,44,8,10,-2,1768
39039,4591,A05,0,A00,A0,A0,E0,0,0,2016,4,84,85,18,18,0,1928
39041,4591,A05,0,A00,A0,A0,E0,0,0,2016,4,838,916,292,214,78,1608
39043,4591,A05,0,A00,A0,A0,E0,0,0,2016,4,146,165,69,51,18,1692
39045,4591,A05,0,A00,A0,A0,E0,0,0,2016,4,228,242,71,58,13,1608
39047,4591,A05,0,A00,A0,A0,E0,0,0,2016,4,70,75,32,27,5,1081
39049,4591,A05,0,A00,A0,A0,E0,0,0,2016,4,2256,2436,759,579,180,1671
39051,4591,A05,0,A00,A0,A0,E0,0,0,2016,4,23,39,20,4,16,974
39053,4591,A05,0,A00,A0,A0,E0,0,0,2016,4,20,18,5,7,-2,1369
39055,4591,A05,0,A00,A0,A0,E0,0,0,2016,4,259,277,59,41,18,1928
39057,4591,A05,0,A00,A0,A0,E0,0,0,2016,4,381,442,183,122,61,1355
39059,4591,A05,0,A00,A0,A0,E0,0,0,2016,4,,,,,,1448
39061,4591,A05,0,A00,A0,A0,E0,0,0,2016,4,1511,1691,574,395,180,1683
39063,4591,A05,0,A00,A0,A0,E0,0,0,2016,4,128,137,41,31,10,1727
39065,4591,A05,0,A00,A0,A0,E0,0,0,2016,4,,,,,,1267
39067,4591,A05,0,A00,A0,A0,E0,0,0,2016,4,,,0,,,777
39071,4591,A05,0,A00,A0,A0,E0,0,0,2016,4,24,27,10,6,3,1943
39073,4591,A05,0,A00,A0,A0,E0,0,0,2016,4,,,,,,1296
39075,4591,A05,0,A00,A0,A0,E0,0,0,2016,4,85,85,4,4,0,1939
39077,4591,A05,0,A00,A0,A0,E0,0,0,2016,4,16,17,5,4,1,1153
39079,4591,A05,0,A00,A0,A0,E0,0,0,2016,4,13,14,7,6,1,936
39081,4591,A05,0,A00,A0,A0,E0,0,0,2016,4,59,67,21,13,8,1546
39083,4591,A05,0,A00,A0,A0,E0,0,0,2016,4,61,72,24,13,11,1394
39085,4591,A05,0,A00,A0,A0,E0,0,0,2016,4,418,491,171,99,73,1550
39087,4591,A05,0,A00,A0,A0,E0,0,0,2016,4,20,24,6,3,3,1186
39089,4591,A05,0,A00,A0,A0,E0,0,0,2016,4,360,386,86,60,26,2193
39091,4591,A05,0,A00,A0,A0,E0,0,0,2016,4,28,41,22,9,14,809
39093,4591,A05,0,A00,A0,A0,E0,0,0,2016,4,417,450,149,116,33,1529
39095,4591,A05,0,A00,A0,A0,E0,0,0,2016,4,938,998,321,261,60,1802
39097,4591,A05,0,A00,A0,A0,E0,0,0,2016,4,,,,,,4625
39099,4591,A05,0,A00,A0,A0,E0,0,0,2016,4,579,634,190,135,55,2434
39101,4591,A05,0,A00,A0,A0,E0,0,0,2016,4,70,76,22,16,6,1669
39103,4591,A05,0,A00,A0,A0,E0,0,0,2016,4,265,261,75,79,-4,1466
39105,4591,A05,0,A00,A0,A0,E0,0,0,2016,4,,,0,0,,694
39107,4591,A05,0,A00,A0,A0,E0,0,0,2016,4,45,46,11,10,1,1125
39109,4591,A05,0,A00,A0,A0,E0,0,0,2016,4,105,105,28,28,0,1506
39113,4591,A05,0,A00,A0,A0,E0,0,0,2016,4,833,902,280,211,69,1660
39119,4591,A05,0,A00,A0,A0,E0,0,0,2016,4,139,156,41,24,16,1925
39123,4591,A05,0,A00,A0,A0,E0,0,0,2016,4,12,7,,6,-5,1433
39127,4591,A05,0,A00,A0,A0,E0,0,0,2016,4,,,,0,,1321
39129,4591,A05,0,A00,A0,A0,E0,0,0,2016,4,19,17,4,6,-2,1187
39133,4591,A05,0,A00,A0,A0,E0,0,0,2016,4,199,223,75,51,24,2135
39135,4591,A05,0,A00,A0,A0,E0,0,0,2016,4,6,7,3,,1,864
39137,4591,A05,0,A00,A0,A0,E0,0,0,2016,4,,,0,,,2344
39139,4591,A05,0,A00,A0,A0,E0,0,0,2016,4,223,261,105,68,38,1689
39141,4591,A05,0,A00,A0,A0,E0,0,0,2016,4,118,128,28,18,10,1465
39143,4591,A05,0,A00,A0,A0,E0,0,0,2016,4,27,30,8,6,3,1173
39145,4591,A05,0,A00,A0,A0,E0,0,0,2016,4,38,39,11,10,1,1320
39147,4591,A05,0,A00,A0,A0,E0,0,0,2016,4,30,31,8,7,0,2658
39149,4591,A05,0,A00,A0,A0,E0,0,0,2016,4,18,16,6,8,-2,1103
39151,4591,A05,0,A00,A0,A0,E0,0,0,2016,4,709,757,227,179,48,1575
39153,4591,A05,0,A00,A0,A0,E0,0,0,2016,4,1077,1165,384,296,87,1876
39155,4591,A05,0,A00,A0,A0,E0,0,0,2016,4,281,316,111,76,35,1388
39157,4591,A05,0,A00,A0,A0,E0,0,0,2016,4,115,134,52,34,19,1657
39159,4591,A05,0,A00,A0,A0,E0,0,0,2016,4,44,43,11,12,-1,1366
39161,4591,A05,0,A00,A0,A0,E0,0,0,2016,4,,,0,0,,2136
39165,4591,A05,0,A00,A0,A0,E0,0,0,2016,4,427,470,142,98,43,1917
39167,4591,A05,0,A00,A0,A0,E0,0,0,2016,4,69,67,13,15,-2,1661
39169,4591,A05,0,A00,A0,A0,E0,0,0,2016,4,127,138,38,27,12,1410
39171,4591,A05,0,A00,A0,A0,E0,0,0,2016,4,19,19,3,3,0,1080
39173,4591,A05,0,A00,A0,A0,E0,0,0,2016,4,448,476,88,61,27,1475
39175,4591,A05,0,A00,A0,A0,E0,0,0,2016,4,,,0,,,601
39,4591,A05,0,A00,A0,A0,E0,0,0,2016,4,18041,19711,6195,4525,1671,1698
39001,4591,A05,0,A00,A0,A0,E0,0,0,2017,1,14,13,3,4,-1,853
39003,4591,A05,0,A00,A0,A0,E0,0,0,2017,1,219,186,25,59,-33,1368
39005,4591,A05,0,A00,A0,A0,E0,0,0,2017,1,100,99,9,10,-1,2130
39007,4591,A05,0,A00,A0,A0,E0,0,0,2017,1,48,45,3,6,-3,1179
39009,4591,A05,0,A00,A0,A0,E0,0,0,2017,1,131,129,14,16,-2,2157
39011,4591,A05,0,A00,A0,A0,E0,0,0,2017,1,47,46,6,7,-1,1734
39013,4591,A05,0,A00,A0,A0,E0,0,0,2017,1,110,86,16,40,-24,1062
39015,4591,A05,0,A00,A0,A0,E0,0,0,2017,1,,,0,0,,3036
39017,4591,A05,0,A00,A0,A0,E0,0,0,2017,1,565,513,72,125,-53,1521
39019,4591,A05,0,A00,A0,A0,E0,0,0,2017,1,,,0,0,,1031
39023,4591,A05,0,A00,A0,A0,E0,0,0,2017,1,175,161,20,34,-14,1379
39025,4591,A05,0,A00,A0,A0,E0,0,0,2017,1,359,322,41,78,-37,1365
39027,4591,A05,0,A00,A0,A0,E0,0,0,2017,1,,,,,,1052
39029,4591,A05,0,A00,A0,A0,E0,0,0,2017,1,77,67,9,19,-10,1133
39031,4591,A05,0,A00,A0,A0,E0,0,0,2017,1,70,53,6,22,-17,1076
39033,4591,A05,0,A00,A0,A0,E0,0,0,2017,1,,,,,,1252
39035,4591,A05,0,A00,A0,A0,E0,0,0,2017,1,1962,1700,155,417,-262,1392
39037,4591,A05,0,A00,A0,A0,E0,0,0,2017,1,45,44,3,3,0,1724
39039,4591,A05,0,A00,A0,A0,E0,0,0,2017,1,84,78,7,13,-7,1604
39041,4591,A05,0,A00,A0,A0,E0,0,0,2017,1,933,800,102,234,-132,1379
39043,4591,A05,0,A00,A0,A0,E0,0,0,2017,1,164,133,11,42,-31,1305
39045,4591,A05,0,A00,A0,A0,E0,0,0,2017,1,242,223,32,50,-18,1240
39047,4591,A05,0,A00,A0,A0,E0,0,0,2017,1,75,61,7,20,-13,883
39049,4591,A05,0,A00,A0,A0,E0,0,0,2017,1,2480,2307,337,509,-172,1379
39051,4591,A05,0,A00,A0,A0,E0,0,0,2017,1,39,21,,19,-18,455
39053,4591,A05,0,A00,A0,A0,E0,0,0,2017,1,18,18,5,5,0,1235
39055,4591,A05,0,A00,A0,A0,E0,0,0,2017,1,277,266,34,46,-11,2761
39057,4591,A05,0,A00,A0,A0,E0,0,0,2017,1,441,370,36,107,-71,1151
39059,4591,A05,0,A00,A0,A0,E0,0,0,2017,1,,,0,,,1062
39061,4591,A05,0,A00,A0,A0,E0,0,0,2017,1,1689,1539,234,383,-150,1321
39063,4591,A05,0,A00,A0,A0,E0,0,0,2017,1,138,124,10,24,-14,1398
39065,4591,A05,0,A00,A0,A0,E0,0,0,2017,1,,,,,,1276
39067,4591,A05,0,A00,A0,A0,E0,0,0,2017,1,,,0,,,574
39071,4591,A05,0,A00,A0,A0,E0,0,0,2017,1,28,24,4,8,-4,1574
39073,4591,A05,0,A00,A0,A0,E0,0,0,2017,1,,,0,,,1066
39075,4591,A05,0,A00,A0,A0,E0,0,0,2017,1,86,76,4,14,-10,1752
39077,4591,A05,0,A00,A0,A0,E0,0,0,2017,1,17,16,,3,-1,1027
39079,4591,A05,0,A00,A0,A0,E0,0,0,2017,1,14,13,,,-1,866
39081,4591,A05,0,A00,A0,A0,E0,0,0,2017,1,67,61,4,10,-6,1202
39083,4591,A05,0,A00,A0,A0,E0,0,0,2017,1,72,75,20,16,4,1352
39085,4591,A05,0,A00,A0,A0,E0,0,0,2017,1,492,418,27,101,-74,1269
39087,4591,A05,0,A00,A0,A0,E0,0,0,2017,1,24,23,,3,-1,970
39089,4591,A05,0,A00,A0,A0,E0,0,0,2017,1,386,365,52,74,-22,1676
39091,4591,A05,0,A00,A0,A0,E0,0,0,2017,1,41,28,8,22,-14,806
39093,4591,A05,0,A00,A0,A0,E0,0,0,2017,1,450,365,35,120,-85,1201
39095,4591,A05,0,A00,A0,A0,E0,0,0,2017,1,997,922,136,211,-75,1460
39097,4591,A05,0,A00,A0,A0,E0,0,0,2017,1,,,,,,4165
39099,4591,A05,0,A00,A0,A0,E0,0,0,2017,1,465,410,29,84,-55,1401
39101,4591,A05,0,A00,A0,A0,E0,0,0,2017,1,76,69,8,15,-7,1497
39103,4591,A05,0,A00,A0,A0,E0,0,0,2017,1,261,230,28,59,-31,1406
39105,4591,A05,0,A00,A0,A0,E0,0,0,2017,1,,,0,,,572
39107,4591,A05,0,A00,A0,A0,E0,0,0,2017,1,46,42,3,8,-5,1019
39109,4591,A05,0,A00,A0,A0,E0,0,0,2017,1,105,92,9,22,-13,1215
39113,4591,A05,0,A00,A0,A0,E0,0,0,2017,1,914,824,74,165,-91,1308
39119,4591,A05,0,A00,A0,A0,E0,0,0,2017,1,156,141,16,31,-15,1716
39123,4591,A05,0,A00,A0,A0,E0,0,0,2017,1,7,7,0,0,0,1185
39127,4591,A05,0,A00,A0,A0,E0,0,0,2017,1,,,0,0,,1151
39129,4591,A05,0,A00,A0,A0,E0,0,0,2017,1,17,14,0,2,-2,1274
39133,4591,A05,0,A00,A0,A0,E0,0,0,2017,1,223,203,17,36,-20,1482
39135,4591,A05,0,A00,A0,A0,E0,0,0,2017,1,,,0,,,654
39137,4591,A05,0,A00,A0,A0,E0,0,0,2017,1,,,0,0,,1926
39139,4591,A05,0,A00,A0,A0,E0,0,0,2017,1,261,221,17,57,-40,1343
39141,4591,A05,0,A00,A0,A0,E0,0,0,2017,1,134,124,10,20,-10,1154
39143,4591,A05,0,A00,A0,A0,E0,0,0,2017,1,30,28,4,6,-2,1056
39145,4591,A05,0,A00,A0,A0,E0,0,0,2017,1,39,35,,7,-5,1257
39147,4591,A05,0,A00,A0,A0,E0,0,0,2017,1,31,27,,4,-3,1990
39149,4591,A05,0,A00,A0,A0,E0,0,0,2017,1,,,,,,910
39151,4591,A05,0,A00,A0,A0,E0,0,0,2017,1,757,669,51,139,-88,1321
39153,4591,A05,0,A00,A0,A0,E0,0,0,2017,1,1165,1012,97,250,-153,1562
39155,4591,A05,0,A00,A0,A0,E0,0,0,2017,1,315,260,17,72,-55,1177
39157,4591,A05,0,A00,A0,A0,E0,0,0,2017,1,133,118,6,21,-15,1264
39159,4591,A05,0,A00,A0,A0,E0,0,0,2017,1,43,23,6,26,-20,1283
39161,4591,A05,0,A00,A0,A0,E0,0,0,2017,1,,,0,0,,2185
39165,4591,A05,0,A00,A0,A0,E0,0,0,2017,1,506,483,71,94,-23,1359
39167,4591,A05,0,A00,A0,A0,E0,0,0,2017,1,75,76,6,6,1,1562
39169,4591,A05,0,A00,A0,A0,E0,0,0,2017,1,138,113,10,34,-25,1186
39171,4591,A05,0,A00,A0,A0,E0,0,0,2017,1,19,18,,3,-1,997
39173,4591,A05,0,A00,A0,A0,E0,0,0,2017,1,476,422,20,73,-53,1356
39175,4591,A05,0,A00,A0,A0,E0,0,0,2017,1,,,,,,785
39,4591,A05,0,A00,A0,A0,E0,0,0,2017,1,19688,17564,2012,4136,-2124,1397
39001,4591,A05,0,A00,A0,A0,E0,0,0,2017,2,13,14,7,6,1,1035
39003,4591,A05,0,A00,A0,A0,E0,0,0,2017,2,190,140,23,73,-50,1454
39005,4591,A05,0,A00,A0,A0,E0,0,0,2017,2,99,92,7,14,-7,2547
39007,4591,A05,0,A00,A0,A0,E0,0,0,2017,2,45,50,12,7,5,1217
39009,4591,A05,0,A00,A0,A0,E0,0,0,2017,2,129,129,18,18,0,2175
39011,4591,A05,0,A00,A0,A0,E0,0,0,2017,2,46,51,8,4,5,1566
39013,4591,A05,0,A00,A0,A0,E0,0,0,2017,2,86,61,8,33,-25,1179
39015,4591,A05,0,A00,A0,A0,E0,0,0,2017,2,,,0,,,1806
39017,4591,A05,0,A00,A0,A0,E0,0,0,2017,2,512,519,115,108,7,1686
39019,4591,A05,0,A00,A0,A0,E0,0,0,2017,2,,,,0,,1031
39023,4591,A05,0,A00,A0,A0,E0,0,0,2017,2,161,143,23,40,-18,1344
39025,4591,A05,0,A00,A0,A0,E0,0,0,2017,2,322,327,57,52,5,1578
39027,4591,A05,0,A00,A0,A0,E0,0,0,2017,2,,,,,,641
39029,4591,A05,0,A00,A0,A0,E0,0,0,2017,2,67,67,11,10,1,1205
39031,4591,A05,0,A00,A0,A0,E0,0,0,2017,2,53,38,6,20,-14,1189
39033,4591,A05,0,A00,A0,A0,E0,0,0,2017,2,,,,,,1180
39035,4591,A05,0,A00,A0,A0,E0,0,0,2017,2,1698,1691,255,262,-7,1542
39037,4591,A05,0,A00,A0,A0,E0,0,0,2017,2,44,44,7,8,-1,1626
39039,4591,A05,0,A00,A0,A0,E0,0,0,2017,2,77,74,10,13,-3,3843
39041,4591,A05,0,A00,A0,A0,E0,0,0,2017,2,799,815,169,154,16,1572
39043,4591,A05,0,A00,A0,A0,E0,0,0,2017,2,133,133,23,23,0,1563
39045,4591,A05,0,A00,A0,A0,E0,0,0,2017,2,223,212,37,47,-11,1491
39047,4591,A05,0,A00,A0,A0,E0,0,0,2017,2,61,66,20,16,4,1062
39049,4591,A05,0,A00,A0,A0,E0,0,0,2017,2,2317,2329,407,394,13,1573
39051,4591,A05,0,A00,A0,A0,E0,0,0,2017,2,21,25,8,4,4,859
39053,4591,A05,0,A00,A0,A0,E0,0,0,2017,2,18,17,,4,-1,1462
39055,4591,A05,0,A00,A0,A0,E0,0,0,2017,2,267,246,38,59,-21,1990
39057,4591,A05,0,A00,A0,A0,E0,0,0,2017,2,371,364,60,67,-6,1331
39059,4591,A05,0,A00,A0,A0,E0,0,0,2017,2,,,,,,1455
39061,4591,A05,0,A00,A0,A0,E0,0,0,2017,2,1538,1549,294,283,12,1494
39063,4591,A05,0,A00,A0,A0,E0,0,0,2017,2,123,124,22,21,1,1641
39065,4591,A05,0,A00,A0,A0,E0,0,0,2017,2,,,,,,1459
39067,4591,A05,0,A00,A0,A0,E0,0,0,2017,2,,,0,0,,700
39071,4591,A05,0,A00,A0,A0,E0,0,0,2017,2,24,25,5,4,1,1481
39073,4591,A05,0,A00,A0,A0,E0,0,0,2017,2,,,,,,1235
39075,4591,A05,0,A00,A0,A0,E0,0,0,2017,2,77,85,10,3,8,1755
39077,4591,A05,0,A00,A0,A0,E0,0,0,2017,2,16,18,4,,3,1012
39079,4591,A05,0,A00,A0,A0,E0,0,0,2017,2,13,14,6,5,1,991
39081,4591,A05,0,A00,A0,A0,E0,0,0,2017,2,61,60,10,11,-1,1386
39083,4591,A05,0,A00,A0,A0,E0,0,0,2017,2,75,58,17,35,-18,1102
39085,4591,A05,0,A00,A0,A0,E0,0,0,2017,2,417,409,51,59,-9,1404
39087,4591,A05,0,A00,A0,A0,E0,0,0,2017,2,23,23,4,4,-1,1054
39089,4591,A05,0,A00,A0,A0,E0,0,0,2017,2,364,376,81,69,12,2230
39091,4591,A05,0,A00,A0,A0,E0,0,0,2017,2,28,28,5,4,1,960
39093,4591,A05,0,A00,A0,A0,E0,0,0,2017,2,364,350,60,74,-14,1277
39095,4591,A05,0,A00,A0,A0,E0,0,0,2017,2,921,952,220,189,31,1647
39097,4591,A05,0,A00,A0,A0,E0,0,0,2017,2,,,,,,5082
39099,4591,A05,0,A00,A0,A0,E0,0,0,2017,2,428,426,50,52,-2,1543
39101,4591,A05,0,A00,A0,A0,E0,0,0,2017,2,69,57,9,20,-12,1435
39103,4591,A05,0,A00,A0,A0,E0,0,0,2017,2,224,235,72,60,11,1504
39105,4591,A05,0,A00,A0,A0,E0,0,0,2017,2,,,0,0,,1050
39107,4591,A05,0,A00,A0,A0,E0,0,0,2017,2,42,38,5,9,-4,1173
39109,4591,A05,0,A00,A0,A0,E0,0,0,2017,2,92,102,23,12,11,1265
39113,4591,A05,0,A00,A0,A0,E0,0,0,2017,2,822,827,163,157,5,1503
39119,4591,A05,0,A00,A0,A0,E0,0,0,2017,2,141,107,15,48,-33,1612
39123,4591,A05,0,A00,A0,A0,E0,0,0,2017,2,7,14,8,,7,2316
39127,4591,A05,0,A00,A0,A0,E0,0,0,2017,2,,,,0,,1216
39129,4591,A05,0,A00,A0,A0,E0,0,0,2017,2,14,16,5,4,1,1447
39133,4591,A05,0,A00,A0,A0,E0,0,0,2017,2,204,200,41,45,-4,1886
39135,4591,A05,0,A00,A0,A0,E0,0,0,2017,2,,,0,0,,481
39137,4591,A05,0,A00,A0,A0,E0,0,0,2017,2,,,0,0,,1992
39139,4591,A05,0,A00,A0,A0,E0,0,0,2017,2,221,214,27,34,-7,1436
39141,4591,A05,0,A00,A0,A0,E0,0,0,2017,2,125,124,22,23,-1,1221
39143,4591,A05,0,A00,A0,A0,E0,0,0,2017,2,28,29,3,,1,1186
39145,4591,A05,0,A00,A0,A0,E0,0,0,2017,2,35,31,3,6,-3,1252
39147,4591,A05,0,A00,A0,A0,E0,0,0,2017,2,27,27,8,8,0,2730
39149,4591,A05,0,A00,A0,A0,E0,0,0,2017,2,15,15,4,5,0,1126
39151,4591,A05,0,A00,A0,A0,E0,0,0,2017,2,668,663,100,104,-4,1513
39153,4591,A05,0,A00,A0,A0,E0,0,0,2017,2,1010,1000,147,157,-9,1741
39155,4591,A05,0,A00,A0,A0,E0,0,0,2017,2,260,251,30,39,-9,1347
39157,4591,A05,0,A00,A0,A0,E0,0,0,2017,2,117,116,21,22,-1,1417
39159,4591,A05,0,A00,A0,A0,E0,0,0,2017,2,23,24,7,6,1,1102
39161,4591,A05,0,A00,A0,A0,E0,0,0,2017,2,,,0,0,,2274
39165,4591,A05,0,A00,A0,A0,E0,0,0,2017,2,482,491,104,95,9,1383
39167,4591,A05,0,A00,A0,A0,E0,0,0,2017,2,76,79,16,13,3,2049
39169,4591,A05,0,A00,A0,A0,E0,0,0,2017,2,112,110,18,21,-3,1392
39171,4591,A05,0,A00,A0,A0,E0,0,0,2017,2,18,19,3,,2,1057
39173,4591,A05,0,A00,A0,A0,E0,0,0,2017,2,423,382,36,77,-41,1354
39175,4591,A05,0,A00,A0,A0,E0,0,0,2017,2,,,0,0,,535
39,4591,A05,0,A00,A0,A0,E0,0,0,2017,2,17576,17394,3070,3252,-182,1562
39001,4591,A05,0,A00,A0,A0,E0,0,0,2017,3,14,10,3,6,-4,1032
39003,4591,A05,0,A00,A0,A0,E0,0,0,2017,3,140,148,34,26,8,1502
39005,4591,A05,0,A00,A0,A0,E0,0,0,2017,3,92,99,11,4,6,2264
39007,4591,A05,0,A00,A0,A0,E0,0,0,2017,3,50,48,7,9,-2,1172
39009,4591,A05,0,A00,A0,A0,E0,0,0,2017,3,129,126,16,19,-3,2157
39011,4591,A05,0,A00,A0,A0,E0,0,0,2017,3,51,51,4,4,0,1625
39013,4591,A05,0,A00,A0,A0,E0,0,0,2017,3,61,63,14,12,2,1350
39015,4591,A05,0,A00,A0,A0,E0,0,0,2017,3,,,0,0,,3110
39017,4591,A05,0,A00,A0,A0,E0,0,0,2017,3,518,501,90,108,-18,1663
39019,4591,A05,0,A00,A0,A0,E0,0,0,2017,3,,,0,,,640
39023,4591,A05,0,A00,A0,A0,E0,0,0,2017,3,143,135,21,29,-8,1490
39025,4591,A05,0,A00,A0,A0,E0,0,0,2017,3,327,329,67,66,1,1601
39027,4591,A05,0,A00,A0,A0,E0,0,0,2017,3,,,,,,931
39029,4591,A05,0,A00,A0,A0,E0,0,0,2017,3,67,67,16,15,0,1256
39031,4591,A05,0,A00,A0,A0,E0,0,0,2017,3,38,45,10,3,7,1346
39033,4591,A05,0,A00,A0,A0,E0,0,0,2017,3,,,,,,1956
39035,4591,A05,0,A00,A0,A0,E0,0,0,2017,3,1692,1667,263,287,-25,1592
39037,4591,A05,0,A00,A0,A0,E0,0,0,2017,3,44,43,6,6,0,1588
39039,4591,A05,0,A00,A0,A0,E0,0,0,2017,3,74,73,15,16,-1,1880
39041,4591,A05,0,A00,A0,A0,E0,0,0,2017,3,887,842,151,197,-45,1568
39043,4591,A05,0,A00,A0,A0,E0,0,0,2017,3,128,134,27,21,6,1643
39045,4591,A05,0,A00,A0,A0,E0,0,0,2017,3,211,182,30,59,-29,1418
39047,4591,A05,0,A00,A0,A0,E0,0,0,2017,3,66,61,11,17,-5,968
39049,4591,A05,0,A00,A0,A0,E0,0,0,2017,3,2250,2172,359,437,-78,1621
39051,4591,A05,0,A00,A0,A0,E0,0,0,2017,3,25,28,6,3,3,821
39053,4591,A05,0,A00,A0,A0,E0,0,0,2017,3,17,18,4,3,1,1374
39055,4591,A05,0,A00,A0,A0,E0,0,0,2017,3,246,240,33,39,-6,1777
39057,4591,A05,0,A00,A0,A0,E0,0,0,2017,3,363,372,80,71,9,1417
39059,4591,A05,0,A00,A0,A0,E0,0,0,2017,3,,,,,,1223
39061,4591,A05,0,A00,A0,A0,E0,0,0,2017,3,1551,1487,294,358,-63,1482
39063,4591,A05,0,A00,A0,A0,E0,0,0,2017,3,124,118,25,32,-6,1549
39065,4591,A05,0,A00,A0,A0,E0,0,0,2017,3,,,,,,1240
39067,4591,A05,0,A00,A0,A0,E0,0,0,2017,3,,,,0,,725
39071,4591,A05,0,A00,A0,A0,E0,0,0,2017,3,25,26,5,3,1,1433
39073,4591,A05,0,A00,A0,A0,E0,0,0,2017,3,,,,,,1227
39075,4591,A05,0,A00,A0,A0,E0,0,0,2017,3,84,99,17,3,15,1845
39077,4591,A05,0,A00,A0,A0,E0,0,0,2017,3,18,17,,3,-2,897
39079,4591,A05,0,A00,A0,A0,E0,0,0,2017,3,14,12,,4,-1,954
39081,4591,A05,0,A00,A0,A0,E0,0,0,2017,3,60,61,9,8,1,1288
39083,4591,A05,0,A00,A0,A0,E0,0,0,2017,3,46,44,7,9,-2,1472
39085,4591,A05,0,A00,A0,A0,E0,0,0,2017,3,409,378,58,89,-30,1412
39087,4591,A05,0,A00,A0,A0,E0,0,0,2017,3,23,20,2,4,-2,856
39089,4591,A05,0,A00,A0,A0,E0,0,0,2017,3,378,365,47,61,-14,1845
39091,4591,A05,0,A00,A0,A0,E0,0,0,2017,3,28,30,10,8,1,951
39093,4591,A05,0,A00,A0,A0,E0,0,0,2017,3,350,326,80,105,-25,1445
39095,4591,A05,0,A00,A0,A0,E0,0,0,2017,3,953,913,165,206,-40,1490
39097,4591,A05,0,A00,A0,A0,E0,0,0,2017,3,,,0,0,,5517
39099,4591,A05,0,A00,A0,A0,E0,0,0,2017,3,427,434,68,61,7,1559
39101,4591,A05,0,A00,A0,A0,E0,0,0,2017,3,57,54,10,13,-3,1570
39103,4591,A05,0,A00,A0,A0,E0,0,0,2017,3,236,217,41,61,-19,1381
39105,4591,A05,0,A00,A0,A0,E0,0,0,2017,3,,,0,0,,1067
39107,4591,A05,0,A00,A0,A0,E0,0,0,2017,3,38,39,9,8,1,1301
39109,4591,A05,0,A00,A0,A0,E0,0,0,2017,3,102,102,20,21,0,1274
39113,4591,A05,0,A00,A0,A0,E0,0,0,2017,3,826,776,142,191,-50,1468
39119,4591,A05,0,A00,A0,A0,E0,0,0,2017,3,107,108,22,21,1,2155
39123,4591,A05,0,A00,A0,A0,E0,0,0,2017,3,14,12,,3,-2,2833
39127,4591,A05,0,A00,A0,A0,E0,0,0,2017,3,,,,,,1141
39129,4591,A05,0,A00,A0,A0,E0,0,0,2017,3,16,12,,5,-3,1387
39133,4591,A05,0,A00,A0,A0,E0,0,0,2017,3,199,202,33,31,3,1744
39135,4591,A05,0,A00,A0,A0,E0,0,0,2017,3,,,0,0,,442
39137,4591,A05,0,A00,A0,A0,E0,0,0,2017,3,,,,0,,1963
39139,4591,A05,0,A00,A0,A0,E0,0,0,2017,3,225,219,34,39,-6,1477
39141,4591,A05,0,A00,A0,A0,E0,0,0,2017,3,123,126,21,18,3,1203
39143,4591,A05,0,A00,A0,A0,E0,0,0,2017,3,29,27,3,5,-2,1184
39145,4591,A05,0,A00,A0,A0,E0,0,0,2017,3,31,34,7,4,3,1245
39147,4591,A05,0,A00,A0,A0,E0,0,0,2017,3,33,31,,4,-2,2476
39149,4591,A05,0,A00,A0,A0,E0,0,0,2017,3,15,13,,3,-1,1097
39151,4591,A05,0,A00,A0,A0,E0,0,0,2017,3,663,623,117,157,-40,1469
39153,4591,A05,0,A00,A0,A0,E0,0,0,2017,3,1001,984,174,191,-18,1806
39155,4591,A05,0,A00,A0,A0,E0,0,0,2017,3,251,208,31,73,-42,1342
39157,4591,A05,0,A00,A0,A0,E0,0,0,2017,3,116,115,21,22,-1,1471
39159,4591,A05,0,A00,A0,A0,E0,0,0,2017,3,24,20,5,9,-4,1076
39161,4591,A05,0,A00,A0,A0,E0,0,0,2017,3,,,0,0,,2297
39165,4591,A05,0,A00,A0,A0,E0,0,0,2017,3,491,471,82,102,-20,1445
39167,4591,A05,0,A00,A0,A0,E0,0,0,2017,3,79,73,14,20,-5,1804
39169,4591,A05,0,A00,A0,A0,E0,0,0,2017,3,109,105,22,25,-3,1354
39171,4591,A05,0,A00,A0,A0,E0,0,0,2017,3,19,19,4,4,0,897
39173,4591,A05,0,A00,A0,A0,E0,0,0,2017,3,382,373,46,55,-9,1377
39175,4591,A05,0,A00,A0,A0,E0,0,0,2017,3,,,,0,,736
39,4591,A05,0,A00,A0,A0,E0,0,0,2017,3,17389,16835,2948,3502,-554,1556
39001,4591,A05,0,A00,A0,A0,E0,0,0,2017,4,10,10,3,4,-1,1378
39003,4591,A05,0,A00,A0,A0,E0,0,0,2017,4,148,180,86,54,32,1694
39005,4591,A05,0,A00,A0,A0,E0,0,0,2017,4,100,101,13,12,1,2868
39007,4591,A05,0,A00,A0,A0,E0,0,0,2017,4,48,50,12,10,2,1264
39009,4591,A05,0,A00,A0,A0,E0,0,0,2017,4,126,131,24,19,5,2334
39011,4591,A05,0,A00,A0,A0,E0,0,0,2017,4,51,49,3,4,-1,1578
39013,4591,A05,0,A00,A0,A0,E0,0,0,2017,4,63,90,51,24,27,1459
39015,4591,A05,0,A00,A0,A0,E0,0,0,2017,4,,,,0,,3328
39017,4591,A05,0,A00,A0,A0,E0,0,0,2017,4,501,603,167,66,102,1707
39019,4591,A05,0,A00,A0,A0,E0,0,0,2017,4,,,0,0,,1031
39023,4591,A05,0,A00,A0,A0,E0,0,0,2017,4,135,154,48,29,19,1661
39025,4591,A05,0,A00,A0,A0,E0,0,0,2017,4,328,379,137,86,51,1722
39027,4591,A05,0,A00,A0,A0,E0,0,0,2017,4,,,,,,1141
39029,4591,A05,0,A00,A0,A0,E0,0,0,2017,4,68,71,23,20,3,1446
39031,4591,A05,0,A00,A0,A0,E0,0,0,2017,4,45,45,11,11,0,1528
39033,4591,A05,0,A00,A0,A0,E0,0,0,2017,4,,,,,,2605
39035,4591,A05,0,A00,A0,A0,E0,0,0,2017,4,1666,1956,716,426,290,1714
39037,4591,A05,0,A00,A0,A0,E0,0,0,2017,4,44,45,8,7,1,1600
39039,4591,A05,0,A00,A0,A0,E0,0,0,2017,4,73,77,17,14,4,2328
39041,4591,A05,0,A00,A0,A0,E0,0,0,2017,4,842,1067,410,185,225,1672
39043,4591,A05,0,A00,A0,A0,E0,0,0,2017,4,134,160,66,40,25,1640
39045,4591,A05,0,A00,A0,A0,E0,0,0,2017,4,183,233,98,48,51,1825
39047,4591,A05,0,A00,A0,A0,E0,0,0,2017,4,61,74,32,19,13,1115
39049,4591,A05,0,A00,A0,A0,E0,0,0,2017,4,2173,2418,737,492,245,1762
39051,4591,A05,0,A00,A0,A0,E0,0,0,2017,4,28,29,15,14,1,876
39053,4591,A05,0,A00,A0,A0,E0,0,0,2017,4,18,22,9,5,4,1582
39055,4591,A05,0,A00,A0,A0,E0,0,0,2017,4,240,253,55,42,13,2184
39057,4591,A05,0,A00,A0,A0,E0,0,0,2017,4,373,474,215,114,101,1435
39059,4591,A05,0,A00,A0,A0,E0,0,0,2017,4,,,,,,1416
39061,4591,A05,0,A00,A0,A0,E0,0,0,2017,4,1488,1687,589,390,199,1685
39063,4591,A05,0,A00,A0,A0,E0,0,0,2017,4,118,129,41,30,12,1827
39065,4591,A05,0,A00,A0,A0,E0,0,0,2017,4,,,,,,1479
39067,4591,A05,0,A00,A0,A0,E0,0,0,2017,4,,,0,0,,804
39071,4591,A05,0,A00,A0,A0,E0,0,0,2017,4,26,28,9,7,2,1490
39073,4591,A05,0,A00,A0,A0,E0,0,0,2017,4,,,,,,1293
39075,4591,A05,0,A00,A0,A0,E0,0,0,2017,4,97,91,,8,-6,1842
39077,4591,A05,0,A00,A0,A0,E0,0,0,2017,4,17,21,8,4,4,1140
39079,4591,A05,0,A00,A0,A0,E0,0,0,2017,4,13,16,5,,3,1247
39081,4591,A05,0,A00,A0,A0,E0,0,0,2017,4,61,73,22,10,12,1505
39083,4591,A05,0,A00,A0,A0,E0,0,0,2017,4,44,50,13,7,5,1494
39085,4591,A05,0,A00,A0,A0,E0,0,0,2017,4,378,478,205,105,100,1544
39087,4591,A05,0,A00,A0,A0,E0,0,0,2017,4,20,20,4,4,0,1106
39089,4591,A05,0,A00,A0,A0,E0,0,0,2017,4,363,384,100,78,22,2216
39091,4591,A05,0,A00,A0,A0,E0,0,0,2017,4,30,33,13,10,3,858
39093,4591,A05,0,A00,A0,A0,E0,0,0,2017,4,326,414,172,83,89,1743
39095,4591,A05,0,A00,A0,A0,E0,0,0,2017,4,913,947,304,270,34,1795
39097,4591,A05,0,A00,A0,A0,E0,0,0,2017,4,,,,,,5256
39099,4591,A05,0,A00,A0,A0,E0,0,0,2017,4,432,513,197,117,80,1712
39101,4591,A05,0,A00,A0,A0,E0,0,0,2017,4,54,64,23,13,10,1868
39103,4591,A05,0,A00,A0,A0,E0,0,0,2017,4,216,215,71,73,-2,1478
39105,4591,A05,0,A00,A0,A0,E0,0,0,2017,4,,,0,0,,1058
39107,4591,A05,0,A00,A0,A0,E0,0,0,2017,4,39,38,10,11,-1,1225
39109,4591,A05,0,A00,A0,A0,E0,0,0,2017,4,102,112,30,20,10,1373
39113,4591,A05,0,A00,A0,A0,E0,0,0,2017,4,776,901,324,199,125,1756
39119,4591,A05,0,A00,A0,A0,E0,0,0,2017,4,108,123,34,19,15,2092
39123,4591,A05,0,A00,A0,A0,E0,0,0,2017,4,12,9,,4,-3,1460
39127,4591,A05,0,A00,A0,A0,E0,0,0,2017,4,,,,,,1029
39129,4591,A05,0,A00,A0,A0,E0,0,0,2017,4,12,17,6,,4,1621
39133,4591,A05,0,A00,A0,A0,E0,0,0,2017,4,202,227,86,60,26,2163
39135,4591,A05,0,A00,A0,A0,E0,0,0,2017,4,,,,,,381
39137,4591,A05,0,A00,A0,A0,E0,0,0,2017,4,,,0,0,,2096
39139,4591,A05,0,A00,A0,A0,E0,0,0,2017,4,219,266,108,61,47,1690
39141,4591,A05,0,A00,A0,A0,E0,0,0,2017,4,126,138,47,35,11,1414
39143,4591,A05,0,A00,A0,A0,E0,0,0,2017,4,27,31,11,6,4,1158
39145,4591,A05,0,A00,A0,A0,E0,0,0,2017,4,34,38,12,9,4,1326
39147,4591,A05,0,A00,A0,A0,E0,0,0,2017,4,31,31,4,4,1,2867
39149,4591,A05,0,A00,A0,A0,E0,0,0,2017,4,13,17,7,3,4,1401
39151,4591,A05,0,A00,A0,A0,E0,0,0,2017,4,624,710,232,146,86,1629
39153,4591,A05,0,A00,A0,A0,E0,0,0,2017,4,983,1095,346,233,113,1965
39155,4591,A05,0,A00,A0,A0,E0,0,0,2017,4,208,259,115,64,51,1554
39157,4591,A05,0,A00,A0,A0,E0,0,0,2017,4,115,130,36,20,15,1715
39159,4591,A05,0,A00,A0,A0,E0,0,0,2017,4,20,24,9,5,3,1378
39161,4591,A05,0,A00,A0,A0,E0,0,0,2017,4,,,0,0,,2228
39165,4591,A05,0,A00,A0,A0,E0,0,0,2017,4,471,528,158,101,57,1866
39167,4591,A05,0,A00,A0,A0,E0,0,0,2017,4,73,71,14,17,-3,2236
39169,4591,A05,0,A00,A0,A0,E0,0,0,2017,4,104,112,36,28,7,1592
39171,4591,A05,0,A00,A0,A0,E0,0,0,2017,4,19,19,7,7,0,958
39173,4591,A05,0,A00,A0,A0,E0,0,0,2017,4,373,401,82,53,28,1512
39175,4591,A05,0,A00,A0,A0,E0,0,0,2017,4,,,0,,,648
39,4591,A05,0,A00,A0,A0,E0,0,0,2017,4,16833,19218,6466,4081,2385,1742
39001,4591,A05,0,A00,A0,A0,E0,0,0,2018,1,9,7,3,6,-2,1218
39003,4591,A05,0,A00,A0,A0,E0,0,0,2018,1,180,149,15,46,-31,1269
39005,4591,A05,0,A00,A0,A0,E0,0,0,2018,1,101,94,4,10,-6,2208
39007,4591,A05,0,A00,A0,A0,E0,0,0,2018,1,50,50,11,10,1,1167
39009,4591,A05,0,A00,A0,A0,E0,0,0,2018,1,131,126,21,26,-5,2313
39011,4591,A05,0,A00,A0,A0,E0,0,0,2018,1,49,49,6,6,0,1645
39013,4591,A05,0,A00,A0,A0,E0,0,0,2018,1,90,65,6,32,-25,1000
39015,4591,A05,0,A00,A0,A0,E0,0,0,2018,1,,,0,0,,2936
39017,4591,A05,0,A00,A0,A0,E0,0,0,2018,1,548,502,97,144,-47,1469
39019,4591,A05,0,A00,A0,A0,E0,0,0,2018,1,,0,0,,,344
39023,4591,A05,0,A00,A0,A0,E0,0,0,2018,1,155,141,16,30,-14,1349
39025,4591,A05,0,A00,A0,A0,E0,0,0,2018,1,379,329,41,91,-50,1414
39027,4591,A05,0,A00,A0,A0,E0,0,0,2018,1,,,,,,908
39029,4591,A05,0,A00,A0,A0,E0,0,0,2018,1,71,67,8,12,-3,1248
39031,4591,A05,0,A00,A0,A0,E0,0,0,2018,1,45,37,,10,-8,1189
39033,4591,A05,0,A00,A0,A0,E0,0,0,2018,1,,,,,,3654
39035,4591,A05,0,A00,A0,A0,E0,0,0,2018,1,1954,1676,179,457,-278,1371
39037,4591,A05,0,A00,A0,A0,E0,0,0,2018,1,44,43,,4,-2,1389
39039,4591,A05,0,A00,A0,A0,E0,0,0,2018,1,77,72,5,10,-5,1744
39041,4591,A05,0,A00,A0,A0,E0,0,0,2018,1,1000,848,119,271,-152,1322
39043,4591,A05,0,A00,A0,A0,E0,0,0,2018,1,160,133,10,36,-26,1249
39045,4591,A05,0,A00,A0,A0,E0,0,0,2018,1,233,174,23,82,-59,1220
39047,4591,A05,0,A00,A0,A0,E0,0,0,2018,1,73,61,7,19,-12,779
39049,4591,A05,0,A00,A0,A0,E0,0,0,2018,1,2404,2193,260,471,-211,1433
39051,4591,A05,0,A00,A0,A0,E0,0,0,2018,1,29,21,3,11,-8,737
39053,4591,A05,0,A00,A0,A0,E0,0,0,2018,1,22,21,,3,-1,1257
39055,4591,A05,0,A00,A0,A0,E0,0,0,2018,1,268,259,26,35,-9,1826
39057,4591,A05,0,A00,A0,A0,E0,0,0,2018,1,484,406,52,129,-77,1212
39059,4591,A05,0,A00,A0,A0,E0,0,0,2018,1,,,,,,1069
39061,4591,A05,0,A00,A0,A0,E0,0,0,2018,1,1685,1490,219,415,-195,1338
39063,4591,A05,0,A00,A0,A0,E0,0,0,2018,1,130,112,11,28,-18,1492
39065,4591,A05,0,A00,A0,A0,E0,0,0,2018,1,,,0,,,1087
39067,4591,A05,0,A00,A0,A0,E0,0,0,2018,1,,,0,0,,698
39071,4591,A05,0,A00,A0,A0,E0,0,0,2018,1,28,29,6,5,2,1259
39073,4591,A05,0,A00,A0,A0,E0,0,0,2018,1,,,,,,1004
39075,4591,A05,0,A00,A0,A0,E0,0,0,2018,1,90,89,7,8,-1,1759
39077,4591,A05,0,A00,A0,A0,E0,0,0,2018,1,21,18,,4,-3,953
39079,4591,A05,0,A00,A0,A0,E0,0,0,2018,1,15,16,4,3,0,1032
39081,4591,A05,0,A00,A0,A0,E0,0,0,2018,1,73,66,7,14,-7,1086
39083,4591,A05,0,A00,A0,A0,E0,0,0,2018,1,50,46,10,14,-4,1326
39085,4591,A05,0,A00,A0,A0,E0,0,0,2018,1,478,399,50,129,-79,1220
39087,4591,A05,0,A00,A0,A0,E0,0,0,2018,1,20,20,2,2,0,1011
39089,4591,A05,0,A00,A0,A0,E0,0,0,2018,1,407,378,44,72,-29,1716
39091,4591,A05,0,A00,A0,A0,E0,0,0,2018,1,33,29,5,9,-3,832
39093,4591,A05,0,A00,A0,A0,E0,0,0,2018,1,400,332,39,107,-68,1341
39095,4591,A05,0,A00,A0,A0,E0,0,0,2018,1,943,923,176,196,-20,1490
39097,4591,A05,0,A00,A0,A0,E0,0,0,2018,1,,,,,,3696
39099,4591,A05,0,A00,A0,A0,E0,0,0,2018,1,514,449,46,111,-65,1337
39101,4591,A05,0,A00,A0,A0,E0,0,0,2018,1,64,55,7,15,-9,1527
39103,4591,A05,0,A00,A0,A0,E0,0,0,2018,1,220,187,16,49,-34,1354
39105,4591,A05,0,A00,A0,A0,E0,0,0,2018,1,,,0,0,,973
39107,4591,A05,0,A00,A0,A0,E0,0,0,2018,1,38,37,4,5,-1,1188
39109,4591,A05,0,A00,A0,A0,E0,0,0,2018,1,112,101,8,20,-11,1265
39113,4591,A05,0,A00,A0,A0,E0,0,0,2018,1,905,814,92,183,-91,1318
39119,4591,A05,0,A00,A0,A0,E0,0,0,2018,1,123,114,12,21,-9,1871
39123,4591,A05,0,A00,A0,A0,E0,0,0,2018,1,10,13,,0,2,1084
39127,4591,A05,0,A00,A0,A0,E0,0,0,2018,1,,,,0,,1066
39129,4591,A05,0,A00,A0,A0,E0,0,0,2018,1,17,15,,3,-2,1339
39133,4591,A05,0,A00,A0,A0,E0,0,0,2018,1,228,202,21,48,-26,1576
39135,4591,A05,0,A00,A0,A0,E0,0,0,2018,1,,,0,,,431
39137,4591,A05,0,A00,A0,A0,E0,0,0,2018,1,,,0,,,1707
39139,4591,A05,0,A00,A0,A0,E0,0,0,2018,1,266,229,23,61,-38,1296
39141,4591,A05,0,A00,A0,A0,E0,0,0,2018,1,138,115,17,40,-23,1108
39143,4591,A05,0,A00,A0,A0,E0,0,0,2018,1,31,28,,6,-4,952
39145,4591,A05,0,A00,A0,A0,E0,0,0,2018,1,38,38,8,8,0,1102
39147,4591,A05,0,A00,A0,A0,E0,0,0,2018,1,31,34,8,5,3,2582
39149,4591,A05,0,A00,A0,A0,E0,0,0,2018,1,17,16,,3,-1,1032
39151,4591,A05,0,A00,A0,A0,E0,0,0,2018,1,708,646,76,138,-62,1303
39153,4591,A05,0,A00,A0,A0,E0,0,0,2018,1,1096,955,98,239,-141,1586
39155,4591,A05,0,A00,A0,A0,E0,0,0,2018,1,259,211,23,71,-48,1232
39157,4591,A05,0,A00,A0,A0,E0,0,0,2018,1,130,117,12,25,-13,1246
39159,4591,A05,0,A00,A0,A0,E0,0,0,2018,1,24,16,,9,-8,1032
39161,4591,A05,0,A00,A0,A0,E0,0,0,2018,1,,,0,0,,2310
39165,4591,A05,0,A00,A0,A0,E0,0,0,2018,1,529,477,55,107,-51,1378
39167,4591,A05,0,A00,A0,A0,E0,0,0,2018,1,70,70,8,8,0,1603
39169,4591,A05,0,A00,A0,A0,E0,0,0,2018,1,112,103,13,21,-9,1300
39171,4591,A05,0,A00,A0,A0,E0,0,0,2018,1,19,16,,4,-2,1016
39173,4591,A05,0,A00,A0,A0,E0,0,0,2018,1,407,383,37,61,-24,1413
39175,4591,A05,0,A00,A0,A0,E0,0,0,2018,1,,,0,0,,699
39,4591,A05,0,A00,A0,A0,E0,0,0,2018,1,19132,16994,2103,4241,-2138,1399
39001,4591,A05,0,A00,A0,A0,E0,0,0,2018,2,7,12,7,3,5,1530
39003,4591,A05,0,A00,A0,A0,E0,0,0,2018,2,149,145,26,31,-5,1458
39005,4591,A05,0,A00,A0,A0,E0,0,0,2018,2,94,85,5,15,-10,2572
39007,4591,A05,0,A00,A0,A0,E0,0,0,2018,2,50,54,10,6,4,1224
39009,4591,A05,0,A00,A0,A0,E0,0,0,2018,2,126,137,32,20,11,2656
39011,4591,A05,0,A00,A0,A0,E0,0,0,2018,2,49,52,5,,3,1445
39013,4591,A05,0,A00,A0,A0,E0,0,0,2018,2,65,59,9,15,-6,1301
39015,4591,A05,0,A00,A0,A0,E0,0,0,2018,2,,,0,,,1802
39017,4591,A05,0,A00,A0,A0,E0,0,0,2018,2,502,512,106,97,10,1616
39023,4591,A05,0,A00,A0,A0,E0,0,0,2018,2,140,132,25,33,-8,1454
39025,4591,A05,0,A00,A0,A0,E0,0,0,2018,2,329,310,50,69,-19,1550
39027,4591,A05,0,A00,A0,A0,E0,0,0,2018,2,,,,,,1056
39029,4591,A05,0,A00,A0,A0,E0,0,0,2018,2,67,65,15,18,-2,1407
39031,4591,A05,0,A00,A0,A0,E0,0,0,2018,2,37,33,3,8,-4,1491
39033,4591,A05,0,A00,A0,A0,E0,0,0,2018,2,,,0,,,5717
39035,4591,A05,0,A00,A0,A0,E0,0,0,2018,2,1675,1683,329,321,8,1589
39037,4591,A05,0,A00,A0,A0,E0,0,0,2018,2,43,41,4,6,-2,1453
39039,4591,A05,0,A00,A0,A0,E0,0,0,2018,2,72,73,12,11,1,4409
39041,4591,A05,0,A00,A0,A0,E0,0,0,2018,2,848,858,199,189,10,1522
39043,4591,A05,0,A00,A0,A0,E0,0,0,2018,2,133,126,23,30,-7,1469
39045,4591,A05,0,A00,A0,A0,E0,0,0,2018,2,175,168,35,42,-7,1564
39047,4591,A05,0,A00,A0,A0,E0,0,0,2018,2,62,61,17,18,-1,998
39049,4591,A05,0,A00,A0,A0,E0,0,0,2018,2,2193,2182,398,409,-11,1607
39051,4591,A05,0,A00,A0,A0,E0,0,0,2018,2,21,19,,3,-1,811
39053,4591,A05,0,A00,A0,A0,E0,0,0,2018,2,21,19,3,5,-2,1335
39055,4591,A05,0,A00,A0,A0,E0,0,0,2018,2,259,257,27,29,-2,2105
39057,4591,A05,0,A00,A0,A0,E0,0,0,2018,2,407,395,83,94,-11,1350
39059,4591,A05,0,A00,A0,A0,E0,0,0,2018,2,,,,,,1581
39061,4591,A05,0,A00,A0,A0,E0,0,0,2018,2,1489,1462,289,317,-27,1539
39063,4591,A05,0,A00,A0,A0,E0,0,0,2018,2,112,109,20,22,-3,1724
39065,4591,A05,0,A00,A0,A0,E0,0,0,2018,2,,,,,,1110
39067,4591,A05,0,A00,A0,A0,E0,0,0,2018,2,,,0,,,800
39071,4591,A05,0,A00,A0,A0,E0,0,0,2018,2,29,27,5,8,-3,1276
39073,4591,A05,0,A00,A0,A0,E0,0,0,2018,2,,,,,,1222
39075,4591,A05,0,A00,A0,A0,E0,0,0,2018,2,88,92,6,,5,1836
39077,4591,A05,0,A00,A0,A0,E0,0,0,2018,2,18,18,2,2,0,1083
39079,4591,A05,0,A00,A0,A0,E0,0,0,2018,2,16,15,3,3,0,1267
39081,4591,A05,0,A00,A0,A0,E0,0,0,2018,2,66,61,10,15,-5,1390
39083,4591,A05,0,A00,A0,A0,E0,0,0,2018,2,46,46,8,8,0,1339
39085,4591,A05,0,A00,A0,A0,E0,0,0,2018,2,399,373,57,82,-26,1452
39087,4591,A05,0,A00,A0,A0,E0,0,0,2018,2,20,21,4,3,1,1048
39089,4591,A05,0,A00,A0,A0,E0,0,0,2018,2,379,375,54,58,-4,2145
39091,4591,A05,0,A00,A0,A0,E0,0,0,2018,2,29,29,9,10,0,873
39093,4591,A05,0,A00,A0,A0,E0,0,0,2018,2,331,337,74,68,5,1386
39095,4591,A05,0,A00,A0,A0,E0,0,0,2018,2,923,921,164,166,-2,1597
39097,4591,A05,0,A00,A0,A0,E0,0,0,2018,2,,,0,0,,4618
39099,4591,A05,0,A00,A0,A0,E0,0,0,2018,2,449,428,66,87,-21,1564
39101,4591,A05,0,A00,A0,A0,E0,0,0,2018,2,55,56,10,9,1,1612
39103,4591,A05,0,A00,A0,A0,E0,0,0,2018,2,187,224,71,34,37,1525
39105,4591,A05,0,A00,A0,A0,E0,0,0,2018,2,,,,0,,1080
39107,4591,A05,0,A00,A0,A0,E0,0,0,2018,2,37,39,9,7,2,1170
39109,4591,A05,0,A00,A0,A0,E0,0,0,2018,2,101,93,18,26,-7,1230
39113,4591,A05,0,A00,A0,A0,E0,0,0,2018,2,820,809,139,150,-11,1505
39119,4591,A05,0,A00,A0,A0,E0,0,0,2018,2,114,115,15,15,1,1837
39123,4591,A05,0,A00,A0,A0,E0,0,0,2018,2,13,22,10,0,10,2213
39127,4591,A05,0,A00,A0,A0,E0,0,0,2018,2,,,0,,,979
39129,4591,A05,0,A00,A0,A0,E0,0,0,2018,2,15,15,9,9,0,1508
39133,4591,A05,0,A00,A0,A0,E0,0,0,2018,2,201,208,52,46,7,1968
39137,4591,A05,0,A00,A0,A0,E0,0,0,2018,2,,,0,0,,1831
39139,4591,A05,0,A00,A0,A0,E0,0,0,2018,2,229,215,33,47,-14,1442
39141,4591,A05,0,A00,A0,A0,E0,0,0,2018,2,115,116,24,23,1,1249
39143,4591,A05,0,A00,A0,A0,E0,0,0,2018,2,28,29,5,3,2,1144
39145,4591,A05,0,A00,A0,A0,E0,0,0,2018,2,38,33,4,9,-5,1270
39147,4591,A05,0,A00,A0,A0,E0,0,0,2018,2,34,34,3,4,-1,2380
39149,4591,A05,0,A00,A0,A0,E0,0,0,2018,2,16,15,3,4,-1,1323
39151,4591,A05,0,A00,A0,A0,E0,0,0,2018,2,646,617,93,122,-29,1457
39153,4591,A05,0,A00,A0,A0,E0,0,0,2018,2,954,936,143,162,-19,1825
39155,4591,A05,0,A00,A0,A0,E0,0,0,2018,2,211,200,30,41,-11,1451
39157,4591,A05,0,A00,A0,A0,E0,0,0,2018,2,117,112,20,25,-5,1391
39159,4591,A05,0,A00,A0,A0,E0,0,0,2018,2,16,17,,,1,1480
39161,4591,A05,0,A00,A0,A0,E0,0,0,2018,2,,,0,0,,2226
39165,4591,A05,0,A00,A0,A0,E0,0,0,2018,2,478,489,87,75,11,1481
39167,4591,A05,0,A00,A0,A0,E0,0,0,2018,2,70,77,17,10,7,1962
39169,4591,A05,0,A00,A0,A0,E0,0,0,2018,2,103,108,22,17,5,1441
39171,4591,A05,0,A00,A0,A0,E0,0,0,2018,2,16,18,3,,2,1207
39173,4591,A05,0,A00,A0,A0,E0,0,0,2018,2,383,389,47,41,6,1565
39175,4591,A05,0,A00,A0,A0,E0,0,0,2018,2,,,0,,,641
39,4591,A05,0,A00,A0,A0,E0,0,0,2018,2,16993,16849,3075,3219,-144,1600
39001,4591,A05,0,A00,A0,A0,E0,0,0,2018,3,12,8,,5,-4,918
39003,4591,A05,0,A00,A0,A0,E0,0,0,2018,3,145,121,20,43,-23,1368
39005,4591,A05,0,A00,A0,A0,E0,0,0,2018,3,85,98,20,6,14,2356
39007,4591,A05,0,A00,A0,A0,E0,0,0,2018,3,54,52,11,14,-3,1235
39009,4591,A05,0,A00,A0,A0,E0,0,0,2018,3,155,150,22,27,-5,2086
39011,4591,A05,0,A00,A0,A0,E0,0,0,2018,3,52,57,12,7,5,1648
39013,4591,A05,0,A00,A0,A0,E0,0,0,2018,3,59,52,9,17,-7,1260
39015,4591,A05,0,A00,A0,A0,E0,0,0,2018,3,,,0,0,,3152
39017,4591,A05,0,A00,A0,A0,E0,0,0,2018,3,510,505,119,124,-5,1588
39023,4591,A05,0,A00,A0,A0,E0,0,0,2018,3,132,132,24,24,0,1585
39025,4591,A05,0,A00,A0,A0,E0,0,0,2018,3,310,284,51,77,-26,1592
39027,4591,A05,0,A00,A0,A0,E0,0,0,2018,3,,,,,,1043
39029,4591,A05,0,A00,A0,A0,E0,0,0,2018,3,65,65,16,16,0,1237
39031,4591,A05,0,A00,A0,A0,E0,0,0,2018,3,33,33,,,0,1437
39033,4591,A05,0,A00,A0,A0,E0,0,0,2018,3,,,0,0,,8148
39035,4591,A05,0,A00,A0,A0,E0,0,0,2018,3,1703,1630,341,414,-73,1575
39037,4591,A05,0,A00,A0,A0,E0,0,0,2018,3,41,40,5,5,-1,1521
39039,4591,A05,0,A00,A0,A0,E0,0,0,2018,3,73,71,14,16,-2,1931
39041,4591,A05,0,A00,A0,A0,E0,0,0,2018,3,857,828,238,267,-29,1426
39043,4591,A05,0,A00,A0,A0,E0,0,0,2018,3,126,112,18,32,-14,1514
39045,4591,A05,0,A00,A0,A0,E0,0,0,2018,3,168,167,35,35,0,1562
39047,4591,A05,0,A00,A0,A0,E0,0,0,2018,3,60,59,20,21,-2,958
39049,4591,A05,0,A00,A0,A0,E0,0,0,2018,3,2162,2124,457,496,-39,1673
39051,4591,A05,0,A00,A0,A0,E0,0,0,2018,3,19,15,,6,-5,856
39053,4591,A05,0,A00,A0,A0,E0,0,0,2018,3,19,19,5,5,0,1264
39055,4591,A05,0,A00,A0,A0,E0,0,0,2018,3,257,250,35,42,-7,1988
39057,4591,A05,0,A00,A0,A0,E0,0,0,2018,3,396,386,92,102,-10,1357
39059,4591,A05,0,A00,A0,A0,E0,0,0,2018,3,,,,,,1311
39061,4591,A05,0,A00,A0,A0,E0,0,0,2018,3,1461,1366,284,379,-95,1463
39063,4591,A05,0,A00,A0,A0,E0,0,0,2018,3,109,109,20,20,0,1652
39065,4591,A05,0,A00,A0,A0,E0,0,0,2018,3,,,,,,1367
39067,4591,A05,0,A00,A0,A0,E0,0,0,2018,3,,,0,0,,1063
39071,4591,A05,0,A00,A0,A0,E0,0,0,2018,3,27,26,4,5,-1,1241
39073,4591,A05,0,A00,A0,A0,E0,0,0,2018,3,,,,,,1457
39075,4591,A05,0,A00,A0,A0,E0,0,0,2018,3,92,96,9,6,4,1912
39077,4591,A05,0,A00,A0,A0,E0,0,0,2018,3,18,19,3,3,0,1187
39079,4591,A05,0,A00,A0,A0,E0,0,0,2018,3,15,16,4,3,0,1016
39081,4591,A05,0,A00,A0,A0,E0,0,0,2018,3,61,61,11,11,0,1272
39083,4591,A05,0,A00,A0,A0,E0,0,0,2018,3,46,49,14,11,3,1423
39085,4591,A05,0,A00,A0,A0,E0,0,0,2018,3,373,325,54,102,-48,1439
39087,4591,A05,0,A00,A0,A0,E0,0,0,2018,3,21,23,3,0,2,945
39089,4591,A05,0,A00,A0,A0,E0,0,0,2018,3,375,364,41,53,-12,1810
39091,4591,A05,0,A00,A0,A0,E0,0,0,2018,3,29,26,7,10,-4,908
39093,4591,A05,0,A00,A0,A0,E0,0,0,2018,3,337,309,67,94,-28,1496
39095,4591,A05,0,A00,A0,A0,E0,0,0,2018,3,922,881,189,230,-41,1600
39097,4591,A05,0,A00,A0,A0,E0,0,0,2018,3,,,0,0,,4628
39099,4591,A05,0,A00,A0,A0,E0,0,0,2018,3,428,365,53,116,-63,1440
39101,4591,A05,0,A00,A0,A0,E0,0,0,2018,3,56,54,10,12,-2,1635
39103,4591,A05,0,A00,A0,A0,E0,0,0,2018,3,224,213,49,60,-11,1438
39105,4591,A05,0,A00,A0,A0,E0,0,0,2018,3,,,0,,,586
39107,4591,A05,0,A00,A0,A0,E0,0,0,2018,3,39,37,6,8,-2,1244
39109,4591,A05,0,A00,A0,A0,E0,0,0,2018,3,93,93,15,15,0,1379
39113,4591,A05,0,A00,A0,A0,E0,0,0,2018,3,809,787,156,178,-22,1469
39119,4591,A05,0,A00,A0,A0,E0,0,0,2018,3,115,114,21,22,-1,2095
39123,4591,A05,0,A00,A0,A0,E0,0,0,2018,3,22,19,0,3,-3,2305
39127,4591,A05,0,A00,A0,A0,E0,0,0,2018,3,,,,,,1120
39129,4591,A05,0,A00,A0,A0,E0,0,0,2018,3,15,15,,,-1,1498
39133,4591,A05,0,A00,A0,A0,E0,0,0,2018,3,208,202,33,39,-6,1809
39137,4591,A05,0,A00,A0,A0,E0,0,0,2018,3,,,,0,,1608
39139,4591,A05,0,A00,A0,A0,E0,0,0,2018,3,214,193,32,53,-21,1450
39141,4591,A05,0,A00,A0,A0,E0,0,0,2018,3,116,112,24,28,-4,1239
39143,4591,A05,0,A00,A0,A0,E0,0,0,2018,3,29,28,,4,-1,1104
39145,4591,A05,0,A00,A0,A0,E0,0,0,2018,3,33,34,11,9,1,1188
39147,4591,A05,0,A00,A0,A0,E0,0,0,2018,3,34,38,7,3,4,2462
39149,4591,A05,0,A00,A0,A0,E0,0,0,2018,3,15,17,5,3,1,1218
39151,4591,A05,0,A00,A0,A0,E0,0,0,2018,3,617,566,96,147,-51,1494
39153,4591,A05,0,A00,A0,A0,E0,0,0,2018,3,936,866,130,200,-70,1807
39155,4591,A05,0,A00,A0,A0,E0,0,0,2018,3,200,187,30,43,-13,1388
39157,4591,A05,0,A00,A0,A0,E0,0,0,2018,3,112,111,18,19,-1,1513
39159,4591,A05,0,A00,A0,A0,E0,0,0,2018,3,17,21,5,,5,1463
39161,4591,A05,0,A00,A0,A0,E0,0,0,2018,3,,,0,0,,2240
39165,4591,A05,0,A00,A0,A0,E0,0,0,2018,3,487,476,82,93,-11,1518
39167,4591,A05,0,A00,A0,A0,E0,0,0,2018,3,77,69,12,20,-8,1637
39169,4591,A05,0,A00,A0,A0,E0,0,0,2018,3,108,111,21,18,3,1372
39171,4591,A05,0,A00,A0,A0,E0,0,0,2018,3,18,19,4,3,1,1020
39173,4591,A05,0,A00,A0,A0,E0,0,0,2018,3,389,403,81,67,14,1469
39175,4591,A05,0,A00,A0,A0,E0,0,0,2018,3,,,,0,,962
39,4591,A05,0,A00,A0,A0,E0,0,0,2018,3,16863,16153,3194,3904,-710,1567
39001,4591,A05,0,A00,A0,A0,E0,0,0,2018,4,8,9,4,3,1,1218
39003,4591,A05,0,A00,A0,A0,E0,0,0,2018,4,121,137,39,22,16,1912
39005,4591,A05,0,A00,A0,A0,E0,0,0,2018,4,98,102,10,6,3,2879
39007,4591,A05,0,A00,A0,A0,E0,0,0,2018,4,52,54,11,9,2,1337
39009,4591,A05,0,A00,A0,A0,E0,0,0,2018,4,160,163,25,23,3,2255
39011,4591,A05,0,A00,A0,A0,E0,0,0,2018,4,57,58,9,8,1,1466
39013,4591,A05,0,A00,A0,A0,E0,0,0,2018,4,52,59,18,10,7,1584
39015,4591,A05,0,A00,A0,A0,E0,0,0,2018,4,,,0,0,,3218
39017,4591,A05,0,A00,A0,A0,E0,0,0,2018,4,505,563,190,133,57,1696
39023,4591,A05,0,A00,A0,A0,E0,0,0,2018,4,132,142,38,29,10,1674
39025,4591,A05,0,A00,A0,A0,E0,0,0,2018,4,284,309,80,56,24,1835
39027,4591,A05,0,A00,A0,A0,E0,0,0,2018,4,,,,,,1241
39029,4591,A05,0,A00,A0,A0,E0,0,0,2018,4,65,76,25,14,11,1267
39031,4591,A05,0,A00,A0,A0,E0,0,0,2018,4,33,26,0,7,-7,1687
39033,4591,A05,0,A00,A0,A0,E0,0,0,2018,4,,0,0,,,1798
39035,4591,A05,0,A00,A0,A0,E0,0,0,2018,4,1610,1766,511,355,156,1772
39037,4591,A05,0,A00,A0,A0,E0,0,0,2018,4,40,43,13,10,3,1693
39039,4591,A05,0,A00,A0,A0,E0,0,0,2018,4,71,75,21,16,4,2487
39041,4591,A05,0,A00,A0,A0,E0,0,0,2018,4,829,908,277,197,80,1643
39043,4591,A05,0,A00,A0,A0,E0,0,0,2018,4,113,118,31,26,5,1799
39045,4591,A05,0,A00,A0,A0,E0,0,0,2018,4,168,192,63,39,25,1760
39047,4591,A05,0,A00,A0,A0,E0,0,0,2018,4,59,63,32,28,4,959
39049,4591,A05,0,A00,A0,A0,E0,0,0,2018,4,2147,2320,626,453,173,1749
39051,4591,A05,0,A00,A0,A0,E0,0,0,2018,4,15,20,7,,5,1494
39053,4591,A05,0,A00,A0,A0,E0,0,0,2018,4,19,20,5,4,1,1496
39055,4591,A05,0,A00,A0,A0,E0,0,0,2018,4,250,289,78,39,39,2456
39057,4591,A05,0,A00,A0,A0,E0,0,0,2018,4,386,433,157,109,48,1522
39059,4591,A05,0,A00,A0,A0,E0,0,0,2018,4,,,,,,1484
39061,4591,A05,0,A00,A0,A0,E0,0,0,2018,4,1382,1498,387,271,115,1797
39063,4591,A05,0,A00,A0,A0,E0,0,0,2018,4,108,124,37,22,16,2001
39065,4591,A05,0,A00,A0,A0,E0,0,0,2018,4,,,,,,1583
39067,4591,A05,0,A00,A0,A0,E0,0,0,2018,4,,,,,,1124
39071,4591,A05,0,A00,A0,A0,E0,0,0,2018,4,26,31,12,6,6,1427
39073,4591,A05,0,A00,A0,A0,E0,0,0,2018,4,,,,,,1499
39075,4591,A05,0,A00,A0,A0,E0,0,0,2018,4,96,90,3,8,-6,2119
39077,4591,A05,0,A00,A0,A0,E0,0,0,2018,4,19,21,6,4,2,1275
39079,4591,A05,0,A00,A0,A0,E0,0,0,2018,4,16,17,6,5,1,1059
39081,4591,A05,0,A00,A0,A0,E0,0,0,2018,4,62,65,20,16,4,1478
39083,4591,A05,0,A00,A0,A0,E0,0,0,2018,4,49,49,18,19,-1,1292
39085,4591,A05,0,A00,A0,A0,E0,0,0,2018,4,326,365,97,58,39,1699
39087,4591,A05,0,A00,A0,A0,E0,0,0,2018,4,23,25,5,3,2,990
39089,4591,A05,0,A00,A0,A0,E0,0,0,2018,4,363,378,72,57,16,2254
39091,4591,A05,0,A00,A0,A0,E0,0,0,2018,4,26,31,13,7,6,994
39093,4591,A05,0,A00,A0,A0,E0,0,0,2018,4,309,335,112,87,26,1867
39095,4591,A05,0,A00,A0,A0,E0,0,0,2018,4,875,858,194,211,-17,1725
39097,4591,A05,0,A00,A0,A0,E0,0,0,2018,4,,,,,,4719
39099,4591,A05,0,A00,A0,A0,E0,0,0,2018,4,364,390,95,69,26,1848
39101,4591,A05,0,A00,A0,A0,E0,0,0,2018,4,54,61,21,15,7,1933
39103,4591,A05,0,A00,A0,A0,E0,0,0,2018,4,213,203,61,71,-10,1539
39105,4591,A05,0,A00,A0,A0,E0,0,0,2018,4,,,0,0,,1049
39107,4591,A05,0,A00,A0,A0,E0,0,0,2018,4,37,39,9,7,2,1317
39109,4591,A05,0,A00,A0,A0,E0,0,0,2018,4,93,100,28,21,7,1390
39113,4591,A05,0,A00,A0,A0,E0,0,0,2018,4,787,834,237,189,48,1710
39119,4591,A05,0,A00,A0,A0,E0,0,0,2018,4,114,125,35,24,11,2084
39121,4591,A05,0,A00,A0,A0,E0,0,0,2018,4,0,,,0,,
39123,4591,A05,0,A00,A0,A0,E0,0,0,2018,4,19,7,0,12,-12,1248
39127,4591,A05,0,A00,A0,A0,E0,0,0,2018,4,,,,,,1199
39129,4591,A05,0,A00,A0,A0,E0,0,0,2018,4,15,10,3,7,-4,1430
39133,4591,A05,0,A00,A0,A0,E0,0,0,2018,4,202,233,73,43,30,2321
39137,4591,A05,0,A00,A0,A0,E0,0,0,2018,4,,,0,,,1596
39139,4591,A05,0,A00,A0,A0,E0,0,0,2018,4,193,211,56,37,19,1769
39141,4591,A05,0,A00,A0,A0,E0,0,0,2018,4,112,135,45,22,23,1459
39143,4591,A05,0,A00,A0,A0,E0,0,0,2018,4,28,24,10,15,-5,1077
39145,4591,A05,0,A00,A0,A0,E0,0,0,2018,4,34,34,8,9,0,1287
39147,4591,A05,0,A00,A0,A0,E0,0,0,2018,4,38,39,6,5,1,2409
39149,4591,A05,0,A00,A0,A0,E0,0,0,2018,4,17,18,6,5,2,1404
39151,4591,A05,0,A00,A0,A0,E0,0,0,2018,4,561,607,148,102,45,1733
39153,4591,A05,0,A00,A0,A0,E0,0,0,2018,4,867,945,226,147,79,2143
39155,4591,A05,0,A00,A0,A0,E0,0,0,2018,4,188,209,66,44,22,1652
39157,4591,A05,0,A00,A0,A0,E0,0,0,2018,4,111,120,34,25,9,1699
39159,4591,A05,0,A00,A0,A0,E0,0,0,2018,4,21,22,5,5,0,1658
39161,4591,A05,0,A00,A0,A0,E0,0,0,2018,4,,,0,0,,2236
39165,4591,A05,0,A00,A0,A0,E0,0,0,2018,4,478,523,141,96,45,1866
39167,4591,A05,0,A00,A0,A0,E0,0,0,2018,4,69,70,11,10,1,2220
39169,4591,A05,0,A00,A0,A0,E0,0,0,2018,4,111,118,28,21,7,1487
39171,4591,A05,0,A00,A0,A0,E0,0,0,2018,4,19,19,3,3,0,1178
39173,4591,A05,0,A00,A0,A0,E0,0,0,2018,4,407,446,97,58,39,1640
39175,4591,A05,0,A00,A0,A0,E0,0,0,2018,4,,,,,,706
39,4591,A05,0,A00,A0,A0,E0,0,0,2018,4,16180,17461,4727,3446,1281,1793
39001,4591,A05,0,A00,A0,A0,E0,0,0,2019,1,9,9,0,0,0,1326
39003,4591,A05,0,A00,A0,A0,E0,0,0,2019,1,138,131,20,27,-7,1462
39005,4591,A05,0,A00,A0,A0,E0,0,0,2019,1,102,91,0,11,-11,1982
39007,4591,A05,0,A00,A0,A0,E0,0,0,2019,1,54,47,4,11,-7,1189
39009,4591,A05,0,A00,A0,A0,E0,0,0,2019,1,166,163,15,17,-2,2476
39011,4591,A05,0,A00,A0,A0,E0,0,0,2019,1,59,57,5,6,-2,1477
39013,4591,A05,0,A00,A0,A0,E0,0,0,2019,1,59,46,4,17,-13,1188
39015,4591,A05,0,A00,A0,A0,E0,0,0,2019,1,,,0,0,,3723
39017,4591,A05,0,A00,A0,A0,E0,0,0,2019,1,569,503,56,122,-66,1372
39023,4591,A05,0,A00,A0,A0,E0,0,0,2019,1,142,124,12,30,-18,1446
39025,4591,A05,0,A00,A0,A0,E0,0,0,2019,1,309,285,27,50,-24,1605
39027,4591,A05,0,A00,A0,A0,E0,0,0,2019,1,,,0,,,780
39029,4591,A05,0,A00,A0,A0,E0,0,0,2019,1,76,69,8,15,-7,1259
39031,4591,A05,0,A00,A0,A0,E0,0,0,2019,1,26,,0,24,-24,1494
39035,4591,A05,0,A00,A0,A0,E0,0,0,2019,1,1719,1524,157,352,-195,1529
39037,4591,A05,0,A00,A0,A0,E0,0,0,2019,1,43,41,9,11,-3,1461
39039,4591,A05,0,A00,A0,A0,E0,0,0,2019,1,75,72,5,8,-3,1838
39041,4591,A05,0,A00,A0,A0,E0,0,0,2019,1,910,816,109,202,-94,1312
39043,4591,A05,0,A00,A0,A0,E0,0,0,2019,1,113,104,8,17,-9,1589
39045,4591,A05,0,A00,A0,A0,E0,0,0,2019,1,193,171,12,34,-22,1342
39047,4591,A05,0,A00,A0,A0,E0,0,0,2019,1,63,52,7,19,-12,778
39049,4591,A05,0,A00,A0,A0,E0,0,0,2019,1,2370,2160,253,464,-211,1567
39051,4591,A05,0,A00,A0,A0,E0,0,0,2019,1,20,16,,5,-4,1013
39053,4591,A05,0,A00,A0,A0,E0,0,0,2019,1,20,17,3,6,-3,1144
39055,4591,A05,0,A00,A0,A0,E0,0,0,2019,1,228,196,19,51,-32,1650
39057,4591,A05,0,A00,A0,A0,E0,0,0,2019,1,419,348,27,99,-71,1203
39059,4591,A05,0,A00,A0,A0,E0,0,0,2019,1,,,,,,945
39061,4591,A05,0,A00,A0,A0,E0,0,0,2019,1,1931,1739,144,337,-192,1929
39063,4591,A05,0,A00,A0,A0,E0,0,0,2019,1,125,111,11,24,-13,1480
39065,4591,A05,0,A00,A0,A0,E0,0,0,2019,1,,,,,,1311
39067,4591,A05,0,A00,A0,A0,E0,0,0,2019,1,,,0,,,893
39071,4591,A05,0,A00,A0,A0,E0,0,0,2019,1,32,25,,9,-7,1149
39073,4591,A05,0,A00,A0,A0,E0,0,0,2019,1,,,0,,,919
39075,4591,A05,0,A00,A0,A0,E0,0,0,2019,1,90,95,9,4,5,1905
39077,4591,A05,0,A00,A0,A0,E0,0,0,2019,1,21,16,,5,-4,1019
39079,4591,A05,0,A00,A0,A0,E0,0,0,2019,1,17,16,3,4,-1,1039
39081,4591,A05,0,A00,A0,A0,E0,0,0,2019,1,65,62,7,10,-3,1199
39083,4591,A05,0,A00,A0,A0,E0,0,0,2019,1,49,45,5,9,-3,1396
39085,4591,A05,0,A00,A0,A0,E0,0,0,2019,1,365,324,41,82,-41,1440
39087,4591,A05,0,A00,A0,A0,E0,0,0,2019,1,25,23,,5,-2,855
39089,4591,A05,0,A00,A0,A0,E0,0,0,2019,1,377,358,23,42,-19,1802
39091,4591,A05,0,A00,A0,A0,E0,0,0,2019,1,31,28,6,10,-3,899
39093,4591,A05,0,A00,A0,A0,E0,0,0,2019,1,335,289,33,79,-46,1334
39095,4591,A05,0,A00,A0,A0,E0,0,0,2019,1,857,797,86,146,-60,1519
39097,4591,A05,0,A00,A0,A0,E0,0,0,2019,1,,,0,0,,1277
39099,4591,A05,0,A00,A0,A0,E0,0,0,2019,1,380,341,26,65,-39,1494
39101,4591,A05,0,A00,A0,A0,E0,0,0,2019,1,61,54,5,12,-7,1554
39103,4591,A05,0,A00,A0,A0,E0,0,0,2019,1,223,205,31,49,-18,1335
39105,4591,A05,0,A00,A0,A0,E0,0,0,2019,1,,,,0,,1113
39107,4591,A05,0,A00,A0,A0,E0,0,0,2019,1,39,39,7,7,0,1192
39109,4591,A05,0,A00,A0,A0,E0,0,0,2019,1,100,89,9,19,-10,1272
39113,4591,A05,0,A00,A0,A0,E0,0,0,2019,1,836,771,86,151,-65,1401
39119,4591,A05,0,A00,A0,A0,E0,0,0,2019,1,126,118,9,17,-8,1921
39121,4591,A05,0,A00,A0,A0,E0,0,0,2019,1,,,0,0,,2262
39123,4591,A05,0,A00,A0,A0,E0,0,0,2019,1,7,7,0,0,0,1000
39127,4591,A05,0,A00,A0,A0,E0,0,0,2019,1,,,,,,1413
39129,4591,A05,0,A00,A0,A0,E0,0,0,2019,1,,,0,,,1690
39133,4591,A05,0,A00,A0,A0,E0,0,0,2019,1,233,209,15,39,-24,1606
39137,4591,A05,0,A00,A0,A0,E0,0,0,2019,1,,,,0,,1718
39139,4591,A05,0,A00,A0,A0,E0,0,0,2019,1,206,191,21,35,-15,1483
39141,4591,A05,0,A00,A0,A0,E0,0,0,2019,1,136,134,21,23,-2,1159
39143,4591,A05,0,A00,A0,A0,E0,0,0,2019,1,24,20,,4,-3,824
39145,4591,A05,0,A00,A0,A0,E0,0,0,2019,1,34,29,4,8,-4,1295
39147,4591,A05,0,A00,A0,A0,E0,0,0,2019,1,39,38,4,4,0,2207
39149,4591,A05,0,A00,A0,A0,E0,0,0,2019,1,,,,,,1115
39151,4591,A05,0,A00,A0,A0,E0,0,0,2019,1,610,566,60,104,-44,1411
39153,4591,A05,0,A00,A0,A0,E0,0,0,2019,1,946,884,84,146,-62,1759
39155,4591,A05,0,A00,A0,A0,E0,0,0,2019,1,203,175,15,43,-29,1366
39157,4591,A05,0,A00,A0,A0,E0,0,0,2019,1,120,117,15,17,-2,1281
39159,4591,A05,0,A00,A0,A0,E0,0,0,2019,1,22,19,0,3,-2,1365
39161,4591,A05,0,A00,A0,A0,E0,0,0,2019,1,,,0,0,,1909
39165,4591,A05,0,A00,A0,A0,E0,0,0,2019,1,520,487,63,96,-33,1459
39167,4591,A05,0,A00,A0,A0,E0,0,0,2019,1,70,66,,6,-4,1628
39169,4591,A05,0,A00,A0,A0,E0,0,0,2019,1,118,108,12,22,-10,1244
39171,4591,A05,0,A00,A0,A0,E0,0,0,2019,1,19,16,0,4,-3,1096
39173,4591,A05,0,A00,A0,A0,E0,0,0,2019,1,335,299,27,62,-35,1309
39175,4591,A05,0,A00,A0,A0,E0,0,0,2019,1,,,0,0,,687
39,4591,A05,0,A00,A0,A0,E0,0,0,2019,1,17706,16047,1662,3322,-1659,1538
39001,4591,A05,0,A00,A0,A0,E0,0,0,2019,2,9,10,5,4,1,1210
39003,4591,A05,0,A00,A0,A0,E0,0,0,2019,2,131,132,24,23,2,1689
39005,4591,A05,0,A00,A0,A0,E0,0,0,2019,2,91,90,7,9,-1,2470
39007,4591,A05,0,A00,A0,A0,E0,0,0,2019,2,47,50,11,8,3,1337
39009,4591,A05,0,A00,A0,A0,E0,0,0,2019,2,163,168,33,28,5,2753
39011,4591,A05,0,A00,A0,A0,E0,0,0,2019,2,57,57,6,6,0,1435
39013,4591,A05,0,A00,A0,A0,E0,0,0,2019,2,46,43,5,8,-4,1448
39015,4591,A05,0,A00,A0,A0,E0,0,0,2019,2,,0,0,,,1112
39017,4591,A05,0,A00,A0,A0,E0,0,0,2019,2,504,488,109,125,-16,1656
39023,4591,A05,0,A00,A0,A0,E0,0,0,2019,2,123,119,17,21,-4,1570
39025,4591,A05,0,A00,A0,A0,E0,0,0,2019,2,286,289,55,51,4,1785
39027,4591,A05,0,A00,A0,A0,E0,0,0,2019,2,,,,,,1055
39029,4591,A05,0,A00,A0,A0,E0,0,0,2019,2,69,62,11,18,-7,1399
39031,4591,A05,0,A00,A0,A0,E0,0,0,2019,2,,,0,,,451
39035,4591,A05,0,A00,A0,A0,E0,0,0,2019,2,1524,1527,263,260,3,1727
39037,4591,A05,0,A00,A0,A0,E0,0,0,2019,2,41,42,7,6,1,1684
39039,4591,A05,0,A00,A0,A0,E0,0,0,2019,2,72,70,10,13,-2,2102
39041,4591,A05,0,A00,A0,A0,E0,0,0,2019,2,817,827,186,176,10,1575
39043,4591,A05,0,A00,A0,A0,E0,0,0,2019,2,104,97,13,19,-6,1695
39045,4591,A05,0,A00,A0,A0,E0,0,0,2019,2,170,167,27,30,-3,1652
39047,4591,A05,0,A00,A0,A0,E0,0,0,2019,2,52,66,32,18,14,1058
39049,4591,A05,0,A00,A0,A0,E0,0,0,2019,2,2158,2197,444,404,39,1752
39051,4591,A05,0,A00,A0,A0,E0,0,0,2019,2,16,21,9,4,5,1236
39053,4591,A05,0,A00,A0,A0,E0,0,0,2019,2,17,17,,3,0,1405
39055,4591,A05,0,A00,A0,A0,E0,0,0,2019,2,197,191,23,29,-6,2049
39057,4591,A05,0,A00,A0,A0,E0,0,0,2019,2,347,328,50,69,-19,1468
39059,4591,A05,0,A00,A0,A0,E0,0,0,2019,2,,,,,,1373
39061,4591,A05,0,A00,A0,A0,E0,0,0,2019,2,1742,1741,280,281,-1,2119
39063,4591,A05,0,A00,A0,A0,E0,0,0,2019,2,111,109,21,23,-2,1766
39065,4591,A05,0,A00,A0,A0,E0,0,0,2019,2,,,,,,1562
39067,4591,A05,0,A00,A0,A0,E0,0,0,2019,2,,,0,0,,929
39071,4591,A05,0,A00,A0,A0,E0,0,0,2019,2,25,24,,3,0,1534
39073,4591,A05,0,A00,A0,A0,E0,0,0,2019,2,,,,,,1204
39075,4591,A05,0,A00,A0,A0,E0,0,0,2019,2,95,96,9,9,1,2006
39077,4591,A05,0,A00,A0,A0,E0,0,0,2019,2,16,18,3,,1,1185
39079,4591,A05,0,A00,A0,A0,E0,0,0,2019,2,16,15,3,4,-2,1232
39081,4591,A05,0,A00,A0,A0,E0,0,0,2019,2,62,58,8,12,-4,1432
39083,4591,A05,0,A00,A0,A0,E0,0,0,2019,2,45,47,11,9,2,1354
39085,4591,A05,0,A00,A0,A0,E0,0,0,2019,2,325,324,59,59,-1,1597
39087,4591,A05,0,A00,A0,A0,E0,0,0,2019,2,23,22,,3,0,921
39089,4591,A05,0,A00,A0,A0,E0,0,0,2019,2,358,356,47,49,-2,2445
39091,4591,A05,0,A00,A0,A0,E0,0,0,2019,2,28,29,8,7,1,995
39093,4591,A05,0,A00,A0,A0,E0,0,0,2019,2,290,287,57,60,-2,1471
39095,4591,A05,0,A00,A0,A0,E0,0,0,2019,2,797,813,181,165,16,1808
39097,4591,A05,0,A00,A0,A0,E0,0,0,2019,2,,,0,0,,1755
39099,4591,A05,0,A00,A0,A0,E0,0,0,2019,2,341,347,49,43,6,1779
39101,4591,A05,0,A00,A0,A0,E0,0,0,2019,2,54,52,11,13,-2,1628
39103,4591,A05,0,A00,A0,A0,E0,0,0,2019,2,205,243,73,36,37,1521
39105,4591,A05,0,A00,A0,A0,E0,0,0,2019,2,,,0,0,,891
39107,4591,A05,0,A00,A0,A0,E0,0,0,2019,2,39,37,7,9,-2,1303
39109,4591,A05,0,A00,A0,A0,E0,0,0,2019,2,89,95,16,11,5,1363
39113,4591,A05,0,A00,A0,A0,E0,0,0,2019,2,771,778,142,135,7,1628
39119,4591,A05,0,A00,A0,A0,E0,0,0,2019,2,118,114,12,17,-4,1941
39121,4591,A05,0,A00,A0,A0,E0,0,0,2019,2,,,0,0,,2375
39123,4591,A05,0,A00,A0,A0,E0,0,0,2019,2,7,19,12,0,12,2021
39127,4591,A05,0,A00,A0,A0,E0,0,0,2019,2,,,0,0,,1485
39129,4591,A05,0,A00,A0,A0,E0,0,0,2019,2,8,18,14,4,10,1997
39133,4591,A05,0,A00,A0,A0,E0,0,0,2019,2,210,222,58,45,13,2014
39137,4591,A05,0,A00,A0,A0,E0,0,0,2019,2,,,0,0,,1568
39139,4591,A05,0,A00,A0,A0,E0,0,0,2019,2,191,179,31,43,-12,1647
39141,4591,A05,0,A00,A0,A0,E0,0,0,2019,2,134,129,25,29,-5,1239
39143,4591,A05,0,A00,A0,A0,E0,0,0,2019,2,20,17,,5,-3,987
39145,4591,A05,0,A00,A0,A0,E0,0,0,2019,2,29,29,4,5,0,1510
39147,4591,A05,0,A00,A0,A0,E0,0,0,2019,2,38,40,5,3,1,2181
39149,4591,A05,0,A00,A0,A0,E0,0,0,2019,2,15,15,5,4,1,1477
39151,4591,A05,0,A00,A0,A0,E0,0,0,2019,2,565,559,88,95,-7,1592
39153,4591,A05,0,A00,A0,A0,E0,0,0,2019,2,884,892,131,123,8,1979
39155,4591,A05,0,A00,A0,A0,E0,0,0,2019,2,175,166,14,23,-8,1690
39157,4591,A05,0,A00,A0,A0,E0,0,0,2019,2,117,113,14,18,-4,1577
39159,4591,A05,0,A00,A0,A0,E0,0,0,2019,2,19,17,,3,-2,1631
39161,4591,A05,0,A00,A0,A0,E0,0,0,2019,2,,,0,0,,2022
39165,4591,A05,0,A00,A0,A0,E0,0,0,2019,2,486,492,96,90,6,1549
39167,4591,A05,0,A00,A0,A0,E0,0,0,2019,2,66,74,19,11,7,2059
39169,4591,A05,0,A00,A0,A0,E0,0,0,2019,2,108,108,23,23,0,1339
39171,4591,A05,0,A00,A0,A0,E0,0,0,2019,2,16,16,3,3,0,1310
39173,4591,A05,0,A00,A0,A0,E0,0,0,2019,2,300,288,35,46,-11,1414
39175,4591,A05,0,A00,A0,A0,E0,0,0,2019,2,,,,,,884
39,4591,A05,0,A00,A0,A0,E0,0,0,2019,2,16048,16121,2934,2861,73,1760
39001,4591,A05,0,A00,A0,A0,E0,0,0,2019,3,10,7,,5,-3,1103
39003,4591,A05,0,A00,A0,A0,E0,0,0,2019,3,132,138,36,30,6,1729
39005,4591,A05,0,A00,A0,A0,E0,0,0,2019,3,90,93,5,,3,2344
39007,4591,A05,0,A00,A0,A0,E0,0,0,2019,3,50,44,7,12,-5,1374
39009,4591,A05,0,A00,A0,A0,E0,0,0,2019,3,168,172,22,18,4,2338
39011,4591,A05,0,A00,A0,A0,E0,0,0,2019,3,57,60,12,8,3,1611
39013,4591,A05,0,A00,A0,A0,E0,0,0,2019,3,53,70,28,11,17,1508
39017,4591,A05,0,A00,A0,A0,E0,0,0,2019,3,484,472,111,123,-12,1544
39023,4591,A05,0,A00,A0,A0,E0,0,0,2019,3,119,123,26,21,5,1728
39025,4591,A05,0,A00,A0,A0,E0,0,0,2019,3,285,275,48,58,-10,1790
39027,4591,A05,0,A00,A0,A0,E0,0,0,2019,3,,,,,,1038
39029,4591,A05,0,A00,A0,A0,E0,0,0,2019,3,62,62,15,16,0,1469
39031,4591,A05,0,A00,A0,A0,E0,0,0,2019,3,,,0,0,,888
39035,4591,A05,0,A00,A0,A0,E0,0,0,2019,3,1538,1537,355,356,-1,1676
39037,4591,A05,0,A00,A0,A0,E0,0,0,2019,3,29,29,,,0,1707
39039,4591,A05,0,A00,A0,A0,E0,0,0,2019,3,70,80,25,14,11,2088
39041,4591,A05,0,A00,A0,A0,E0,0,0,2019,3,830,816,202,216,-13,1495
39043,4591,A05,0,A00,A0,A0,E0,0,0,2019,3,108,115,26,19,7,1675
39045,4591,A05,0,A00,A0,A0,E0,0,0,2019,3,166,172,37,32,5,1598
39047,4591,A05,0,A00,A0,A0,E0,0,0,2019,3,66,61,17,21,-5,906
39049,4591,A05,0,A00,A0,A0,E0,0,0,2019,3,2199,2188,496,506,-10,1634
39051,4591,A05,0,A00,A0,A0,E0,0,0,2019,3,21,21,4,4,0,1087
39053,4591,A05,0,A00,A0,A0,E0,0,0,2019,3,17,13,,6,-4,1235
39055,4591,A05,0,A00,A0,A0,E0,0,0,2019,3,186,187,36,35,1,1882
39057,4591,A05,0,A00,A0,A0,E0,0,0,2019,3,323,320,75,77,-3,1442
39059,4591,A05,0,A00,A0,A0,E0,0,0,2019,3,,,,,,1210
39061,4591,A05,0,A00,A0,A0,E0,0,0,2019,3,1737,1645,262,355,-93,2160
39063,4591,A05,0,A00,A0,A0,E0,0,0,2019,3,110,110,31,31,1,1719
39065,4591,A05,0,A00,A0,A0,E0,0,0,2019,3,,,,,,1452
39067,4591,A05,0,A00,A0,A0,E0,0,0,2019,3,,,0,0,,934
39071,4591,A05,0,A00,A0,A0,E0,0,0,2019,3,24,26,5,3,2,1536
39073,4591,A05,0,A00,A0,A0,E0,0,0,2019,3,,,,0,,1236
39075,4591,A05,0,A00,A0,A0,E0,0,0,2019,3,96,100,8,3,4,2146
39077,4591,A05,0,A00,A0,A0,E0,0,0,2019,3,17,17,3,3,0,1180
39079,4591,A05,0,A00,A0,A0,E0,0,0,2019,3,15,14,3,3,0,1170
39081,4591,A05,0,A00,A0,A0,E0,0,0,2019,3,59,60,14,13,1,1308
39083,4591,A05,0,A00,A0,A0,E0,0,0,2019,3,45,38,10,17,-7,1313
39085,4591,A05,0,A00,A0,A0,E0,0,0,2019,3,319,342,90,67,23,1579
39087,4591,A05,0,A00,A0,A0,E0,0,0,2019,3,22,25,2,0,2,927
39089,4591,A05,0,A00,A0,A0,E0,0,0,2019,3,356,346,47,57,-10,1904
39091,4591,A05,0,A00,A0,A0,E0,0,0,2019,3,29,29,7,7,0,1125
39093,4591,A05,0,A00,A0,A0,E0,0,0,2019,3,301,296,82,87,-5,1507
39095,4591,A05,0,A00,A0,A0,E0,0,0,2019,3,811,779,128,161,-32,1662
39097,4591,A05,0,A00,A0,A0,E0,0,0,2019,3,,,,,,1100
39099,4591,A05,0,A00,A0,A0,E0,0,0,2019,3,357,353,84,88,-4,1671
39101,4591,A05,0,A00,A0,A0,E0,0,0,2019,3,52,56,16,13,3,1785
39103,4591,A05,0,A00,A0,A0,E0,0,0,2019,3,242,227,55,70,-14,1492
39105,4591,A05,0,A00,A0,A0,E0,0,0,2019,3,,,0,0,,876
39107,4591,A05,0,A00,A0,A0,E0,0,0,2019,3,37,36,7,7,-1,1322
39109,4591,A05,0,A00,A0,A0,E0,0,0,2019,3,95,98,23,20,3,1386
39113,4591,A05,0,A00,A0,A0,E0,0,0,2019,3,779,774,177,183,-6,1568
39119,4591,A05,0,A00,A0,A0,E0,0,0,2019,3,114,113,25,26,-1,2321
39121,4591,A05,0,A00,A0,A0,E0,0,0,2019,3,,,,0,,2817
39123,4591,A05,0,A00,A0,A0,E0,0,0,2019,3,19,11,0,8,-8,2511
39127,4591,A05,0,A00,A0,A0,E0,0,0,2019,3,,,,0,,1498
39129,4591,A05,0,A00,A0,A0,E0,0,0,2019,3,18,16,3,5,-2,1638
39133,4591,A05,0,A00,A0,A0,E0,0,0,2019,3,222,212,35,45,-9,1789
39137,4591,A05,0,A00,A0,A0,E0,0,0,2019,3,,,0,,,1492
39139,4591,A05,0,A00,A0,A0,E0,0,0,2019,3,179,188,46,38,8,1741
39141,4591,A05,0,A00,A0,A0,E0,0,0,2019,3,129,123,29,36,-6,1277
39143,4591,A05,0,A00,A0,A0,E0,0,0,2019,3,17,17,3,4,0,1024
39145,4591,A05,0,A00,A0,A0,E0,0,0,2019,3,29,29,5,5,-1,1447
39147,4591,A05,0,A00,A0,A0,E0,0,0,2019,3,39,38,3,4,-1,2294
39149,4591,A05,0,A00,A0,A0,E0,0,0,2019,3,15,15,,,0,1297
39151,4591,A05,0,A00,A0,A0,E0,0,0,2019,3,579,571,120,129,-8,1619
39153,4591,A05,0,A00,A0,A0,E0,0,0,2019,3,881,916,201,165,35,2020
39155,4591,A05,0,A00,A0,A0,E0,0,0,2019,3,161,169,43,34,9,1695
39157,4591,A05,0,A00,A0,A0,E0,0,0,2019,3,113,115,19,17,2,1796
39159,4591,A05,0,A00,A0,A0,E0,0,0,2019,3,17,16,,,-1,1577
39161,4591,A05,0,A00,A0,A0,E0,0,0,2019,3,,,0,0,,1875
39165,4591,A05,0,A00,A0,A0,E0,0,0,2019,3,491,483,111,119,-8,1527
39167,4591,A05,0,A00,A0,A0,E0,0,0,2019,3,74,74,16,16,1,1786
39169,4591,A05,0,A00,A0,A0,E0,0,0,2019,3,122,142,47,27,20,1338
39171,4591,A05,0,A00,A0,A0,E0,0,0,2019,3,16,15,,2,-1,1238
39173,4591,A05,0,A00,A0,A0,E0,0,0,2019,3,284,270,50,65,-15,1407
39175,4591,A05,0,A00,A0,A0,E0,0,0,2019,3,,,0,0,,641
39,4591,A05,0,A00,A0,A0,E0,0,0,2019,3,16149,16027,3415,3536,-121,1709
39001,4591,A05,0,A00,A0,A0,E0,0,0,2019,4,7,7,,,0,1533
39003,4591,A05,0,A00,A0,A0,E0,0,0,2019,4,138,158,51,32,20,1980
39005,4591,A05,0,A00,A0,A0,E0,0,0,2019,4,93,98,12,7,5,3192
39007,4591,A05,0,A00,A0,A0,E0,0,0,2019,4,45,48,14,10,4,1471
39009,4591,A05,0,A00,A0,A0,E0,0,0,2019,4,173,183,36,25,10,2348
39011,4591,A05,0,A00,A0,A0,E0,0,0,2019,4,61,55,4,9,-6,1426
39013,4591,A05,0,A00,A0,A0,E0,0,0,2019,4,70,97,52,25,27,1294
39017,4591,A05,0,A00,A0,A0,E0,0,0,2019,4,472,535,180,116,63,1794
39023,4591,A05,0,A00,A0,A0,E0,0,0,2019,4,113,129,45,29,16,1700
39025,4591,A05,0,A00,A0,A0,E0,0,0,2019,4,274,300,82,56,26,1988
39027,4591,A05,0,A00,A0,A0,E0,0,0,2019,4,,,,,,1107
39029,4591,A05,0,A00,A0,A0,E0,0,0,2019,4,62,68,22,15,6,1622
39031,4591,A05,0,A00,A0,A0,E0,0,0,2019,4,,,0,0,,825
39035,4591,A05,0,A00,A0,A0,E0,0,0,2019,4,1443,1600,482,325,157,1717
39037,4591,A05,0,A00,A0,A0,E0,0,0,2019,4,29,26,10,13,-3,1644
39039,4591,A05,0,A00,A0,A0,E0,0,0,2019,4,80,84,26,23,3,2337
39041,4591,A05,0,A00,A0,A0,E0,0,0,2019,4,804,884,299,218,80,1687
39043,4591,A05,0,A00,A0,A0,E0,0,0,2019,4,112,124,35,22,12,1710
39045,4591,A05,0,A00,A0,A0,E0,0,0,2019,4,171,186,59,44,15,1793
39047,4591,A05,0,A00,A0,A0,E0,0,0,2019,4,55,81,50,24,26,1031
39049,4591,A05,0,A00,A0,A0,E0,0,0,2019,4,2164,2396,738,507,232,1815
39051,4591,A05,0,A00,A0,A0,E0,0,0,2019,4,21,29,16,8,7,1058
39053,4591,A05,0,A00,A0,A0,E0,0,0,2019,4,13,16,5,3,2,1639
39055,4591,A05,0,A00,A0,A0,E0,0,0,2019,4,188,200,56,45,12,2234
39057,4591,A05,0,A00,A0,A0,E0,0,0,2019,4,320,375,154,99,55,1671
39059,4591,A05,0,A00,A0,A0,E0,0,0,2019,4,,,,,,1422
39061,4591,A05,0,A00,A0,A0,E0,0,0,2019,4,1521,1632,381,270,111,1897
39063,4591,A05,0,A00,A0,A0,E0,0,0,2019,4,109,122,42,29,12,2050
39065,4591,A05,0,A00,A0,A0,E0,0,0,2019,4,,,,,,1590
39067,4591,A05,0,A00,A0,A0,E0,0,0,2019,4,,,0,0,,1018
39071,4591,A05,0,A00,A0,A0,E0,0,0,2019,4,26,28,8,6,2,1627
39073,4591,A05,0,A00,A0,A0,E0,0,0,2019,4,,,,,,1500
39075,4591,A05,0,A00,A0,A0,E0,0,0,2019,4,100,100,5,5,0,2377
39077,4591,A05,0,A00,A0,A0,E0,0,0,2019,4,13,14,4,3,1,1134
39079,4591,A05,0,A00,A0,A0,E0,0,0,2019,4,14,18,7,3,3,1413
39081,4591,A05,0,A00,A0,A0,E0,0,0,2019,4,58,62,17,13,4,1474
39083,4591,A05,0,A00,A0,A0,E0,0,0,2019,4,24,24,11,11,0,1335
39085,4591,A05,0,A00,A0,A0,E0,0,0,2019,4,312,346,109,74,35,1626
39087,4591,A05,0,A00,A0,A0,E0,0,0,2019,4,25,25,4,3,1,997
39089,4591,A05,0,A00,A0,A0,E0,0,0,2019,4,346,373,73,45,27,2464
39091,4591,A05,0,A00,A0,A0,E0,0,0,2019,4,29,34,14,9,5,1049
39093,4591,A05,0,A00,A0,A0,E0,0,0,2019,4,283,306,97,73,23,1807
39095,4591,A05,0,A00,A0,A0,E0,0,0,2019,4,768,765,182,185,-3,2026
39097,4591,A05,0,A00,A0,A0,E0,0,0,2019,4,,,0,0,,943
39099,4591,A05,0,A00,A0,A0,E0,0,0,2019,4,346,361,83,68,14,1865
39101,4591,A05,0,A00,A0,A0,E0,0,0,2019,4,56,69,28,15,13,2040
39103,4591,A05,0,A00,A0,A0,E0,0,0,2019,4,228,219,70,79,-9,1662
39105,4591,A05,0,A00,A0,A0,E0,0,0,2019,4,,,0,0,,865
39107,4591,A05,0,A00,A0,A0,E0,0,0,2019,4,36,42,15,8,6,1372
39109,4591,A05,0,A00,A0,A0,E0,0,0,2019,4,98,115,37,20,17,1391
39113,4591,A05,0,A00,A0,A0,E0,0,0,2019,4,772,843,252,181,71,1823
39119,4591,A05,0,A00,A0,A0,E0,0,0,2019,4,113,136,44,22,23,2122
39121,4591,A05,0,A00,A0,A0,E0,0,0,2019,4,,,0,0,,3123
39123,4591,A05,0,A00,A0,A0,E0,0,0,2019,4,11,4,0,7,-7,1459
39127,4591,A05,0,A00,A0,A0,E0,0,0,2019,4,,,0,0,,1253
39129,4591,A05,0,A00,A0,A0,E0,0,0,2019,4,16,15,6,7,-1,1651
39133,4591,A05,0,A00,A0,A0,E0,0,0,2019,4,214,234,80,60,20,2294
39137,4591,A05,0,A00,A0,A0,E0,0,0,2019,4,,,,,,1804
39139,4591,A05,0,A00,A0,A0,E0,0,0,2019,4,187,209,62,40,22,1909
39141,4591,A05,0,A00,A0,A0,E0,0,0,2019,4,122,135,54,41,12,1496
39143,4591,A05,0,A00,A0,A0,E0,0,0,2019,4,17,20,10,7,3,1183
39145,4591,A05,0,A00,A0,A0,E0,0,0,2019,4,22,22,8,8,1,1597
39147,4591,A05,0,A00,A0,A0,E0,0,0,2019,4,33,38,10,5,6,2505
39149,4591,A05,0,A00,A0,A0,E0,0,0,2019,4,15,17,8,6,2,1515
39151,4591,A05,0,A00,A0,A0,E0,0,0,2019,4,612,640,164,136,28,1773
39153,4591,A05,0,A00,A0,A0,E0,0,0,2019,4,879,924,211,166,46,2116
39155,4591,A05,0,A00,A0,A0,E0,0,0,2019,4,161,182,52,31,21,1765
39157,4591,A05,0,A00,A0,A0,E0,0,0,2019,4,114,124,38,28,10,1806
39159,4591,A05,0,A00,A0,A0,E0,0,0,2019,4,17,18,4,3,1,1855
39161,4591,A05,0,A00,A0,A0,E0,0,0,2019,4,,,0,0,,2431
39165,4591,A05,0,A00,A0,A0,E0,0,0,2019,4,483,543,166,105,60,1625
39167,4591,A05,0,A00,A0,A0,E0,0,0,2019,4,74,70,9,14,-5,2335
39169,4591,A05,0,A00,A0,A0,E0,0,0,2019,4,139,152,44,31,13,1332
39171,4591,A05,0,A00,A0,A0,E0,0,0,2019,4,15,17,5,3,2,1403
39173,4591,A05,0,A00,A0,A0,E0,0,0,2019,4,271,301,87,56,30,1634
39175,4591,A05,0,A00,A0,A0,E0,0,0,2019,4,,,0,0,,796
39,4591,A05,0,A00,A0,A0,E0,0,0,2019,4,15654,17051,4942,3545,1397,1844
39001,4591,A05,0,A00,A0,A0,E0,0,0,2020,1,7,8,,,1,1447
39003,4591,A05,0,A00,A0,A0,E0,0,0,2020,1,158,133,14,39,-25,1501
39005,4591,A05,0,A00,A0,A0,E0,0,0,2020,1,98,87,2,13,-11,2237
39007,4591,A05,0,A00,A0,A0,E0,0,0,2020,1,48,46,4,6,-2,1243
39009,4591,A05,0,A00,A0,A0,E0,0,0,2020,1,182,169,16,29,-13,2426
39011,4591,A05,0,A00,A0,A0,E0,0,0,2020,1,58,41,7,23,-16,1533
39013,4591,A05,0,A00,A0,A0,E0,0,0,2020,1,104,76,7,36,-29,952
39017,4591,A05,0,A00,A0,A0,E0,0,0,2020,1,533,479,68,122,-54,1479
39023,4591,A05,0,A00,A0,A0,E0,0,0,2020,1,125,98,7,33,-27,1430
39025,4591,A05,0,A00,A0,A0,E0,0,0,2020,1,295,246,37,86,-49,1730
39027,4591,A05,0,A00,A0,A0,E0,0,0,2020,1,,,,,,761
39029,4591,A05,0,A00,A0,A0,E0,0,0,2020,1,68,52,5,20,-15,1378
39031,4591,A05,0,A00,A0,A0,E0,0,0,2020,1,,0,0,,,645
39035,4591,A05,0,A00,A0,A0,E0,0,0,2020,1,1609,1326,159,442,-283,1474
39037,4591,A05,0,A00,A0,A0,E0,0,0,2020,1,26,22,,7,-4,1705
39039,4591,A05,0,A00,A0,A0,E0,0,0,2020,1,84,75,7,16,-9,1812
39041,4591,A05,0,A00,A0,A0,E0,0,0,2020,1,885,765,126,246,-120,1380
39043,4591,A05,0,A00,A0,A0,E0,0,0,2020,1,124,116,18,26,-8,1449
39045,4591,A05,0,A00,A0,A0,E0,0,0,2020,1,186,160,16,41,-25,1457
39047,4591,A05,0,A00,A0,A0,E0,0,0,2020,1,80,76,13,17,-4,630
39049,4591,A05,0,A00,A0,A0,E0,0,0,2020,1,2483,2108,291,667,-376,1631
39051,4591,A05,0,A00,A0,A0,E0,0,0,2020,1,29,22,3,9,-7,827
39053,4591,A05,0,A00,A0,A0,E0,0,0,2020,1,16,15,,2,-1,1323
39055,4591,A05,0,A00,A0,A0,E0,0,0,2020,1,200,177,24,47,-22,1892
39057,4591,A05,0,A00,A0,A0,E0,0,0,2020,1,388,337,32,83,-51,1304
39059,4591,A05,0,A00,A0,A0,E0,0,0,2020,1,,,,,,1037
39061,4591,A05,0,A00,A0,A0,E0,0,0,2020,1,1552,1295,144,401,-257,1506
39063,4591,A05,0,A00,A0,A0,E0,0,0,2020,1,121,102,9,29,-20,1568
39065,4591,A05,0,A00,A0,A0,E0,0,0,2020,1,,,0,,,1352
39067,4591,A05,0,A00,A0,A0,E0,0,0,2020,1,,,0,0,,977
39071,4591,A05,0,A00,A0,A0,E0,0,0,2020,1,28,25,4,7,-3,1284
39073,4591,A05,0,A00,A0,A0,E0,0,0,2020,1,,,0,,,1474
39075,4591,A05,0,A00,A0,A0,E0,0,0,2020,1,100,97,5,8,-3,1882
39077,4591,A05,0,A00,A0,A0,E0,0,0,2020,1,14,11,0,3,-3,926
39079,4591,A05,0,A00,A0,A0,E0,0,0,2020,1,18,14,,5,-3,1086
39081,4591,A05,0,A00,A0,A0,E0,0,0,2020,1,62,60,11,13,-2,1227
39083,4591,A05,0,A00,A0,A0,E0,0,0,2020,1,24,23,3,4,-1,1388
39085,4591,A05,0,A00,A0,A0,E0,0,0,2020,1,346,287,40,99,-59,1414
39087,4591,A05,0,A00,A0,A0,E0,0,0,2020,1,25,21,,6,-4,919
39089,4591,A05,0,A00,A0,A0,E0,0,0,2020,1,373,350,30,53,-23,2251
39091,4591,A05,0,A00,A0,A0,E0,0,0,2020,1,34,29,5,9,-5,907
39093,4591,A05,0,A00,A0,A0,E0,0,0,2020,1,306,258,33,82,-49,1302
39095,4591,A05,0,A00,A0,A0,E0,0,0,2020,1,792,725,90,157,-67,1724
39097,4591,A05,0,A00,A0,A0,E0,0,0,2020,1,,,0,0,,683
39099,4591,A05,0,A00,A0,A0,E0,0,0,2020,1,360,307,32,84,-53,1566
39101,4591,A05,0,A00,A0,A0,E0,0,0,2020,1,69,59,8,18,-11,1558
39103,4591,A05,0,A00,A0,A0,E0,0,0,2020,1,211,179,23,55,-32,1478
39105,4591,A05,0,A00,A0,A0,E0,0,0,2020,1,,0,0,,,746
39107,4591,A05,0,A00,A0,A0,E0,0,0,2020,1,38,26,,14,-12,1161
39109,4591,A05,0,A00,A0,A0,E0,0,0,2020,1,115,90,8,33,-25,1208
39113,4591,A05,0,A00,A0,A0,E0,0,0,2020,1,841,706,113,248,-135,1456
39119,4591,A05,0,A00,A0,A0,E0,0,0,2020,1,475,387,9,97,-88,2269
39121,4591,A05,0,A00,A0,A0,E0,0,0,2020,1,,,,,,1368
39123,4591,A05,0,A00,A0,A0,E0,0,0,2020,1,,,0,,,774
39127,4591,A05,0,A00,A0,A0,E0,0,0,2020,1,,,0,0,,1299
39129,4591,A05,0,A00,A0,A0,E0,0,0,2020,1,15,13,,2,-1,1502
39133,4591,A05,0,A00,A0,A0,E0,0,0,2020,1,232,196,11,48,-36,1644
39137,4591,A05,0,A00,A0,A0,E0,0,0,2020,1,,,0,0,,1882
39139,4591,A05,0,A00,A0,A0,E0,0,0,2020,1,208,185,15,38,-23,1627
39141,4591,A05,0,A00,A0,A0,E0,0,0,2020,1,135,115,13,33,-20,1203
39143,4591,A05,0,A00,A0,A0,E0,0,0,2020,1,20,15,,6,-5,837
39145,4591,A05,0,A00,A0,A0,E0,0,0,2020,1,22,17,,8,-6,1397
39147,4591,A05,0,A00,A0,A0,E0,0,0,2020,1,38,28,2,12,-10,1818
39149,4591,A05,0,A00,A0,A0,E0,0,0,2020,1,,,,,,1312
39151,4591,A05,0,A00,A0,A0,E0,0,0,2020,1,640,566,65,138,-74,1460
39153,4591,A05,0,A00,A0,A0,E0,0,0,2020,1,923,825,88,186,-98,1849
39155,4591,A05,0,A00,A0,A0,E0,0,0,2020,1,181,147,9,42,-34,1423
39157,4591,A05,0,A00,A0,A0,E0,0,0,2020,1,124,103,8,29,-20,1430
39159,4591,A05,0,A00,A0,A0,E0,0,0,2020,1,18,15,,3,-3,1606
39161,4591,A05,0,A00,A0,A0,E0,0,0,2020,1,,,0,0,,1872
39165,4591,A05,0,A00,A0,A0,E0,0,0,2020,1,543,422,65,186,-121,1384
39167,4591,A05,0,A00,A0,A0,E0,0,0,2020,1,70,61,10,18,-8,1948
39169,4591,A05,0,A00,A0,A0,E0,0,0,2020,1,152,126,12,38,-26,1147
39171,4591,A05,0,A00,A0,A0,E0,0,0,2020,1,17,13,5,9,-4,1142
39173,4591,A05,0,A00,A0,A0,E0,0,0,2020,1,301,259,17,59,-41,1391
39175,4591,A05,0,A00,A0,A0,E0,0,0,2020,1,,,,,,754
39,4591,A05,0,A00,A0,A0,E0,0,0,2020,1,17419,14869,1765,4315,-2550,1564
39001,4591,A05,0,A00,A0,A0,E0,0,0,2020,2,8,9,,0,1,1195
39003,4591,A05,0,A00,A0,A0,E0,0,0,2020,2,133,133,21,21,0,1457
39005,4591,A05,0,A00,A0,A0,E0,0,0,2020,2,87,85,7,9,-2,2706
39007,4591,A05,0,A00,A0,A0,E0,0,0,2020,2,46,44,8,10,-2,1194
39009,4591,A05,0,A00,A0,A0,E0,0,0,2020,2,169,172,29,26,3,2851
39011,4591,A05,0,A00,A0,A0,E0,0,0,2020,2,41,45,8,4,4,862
39013,4591,A05,0,A00,A0,A0,E0,0,0,2020,2,76,74,10,12,-2,1051
39017,4591,A05,0,A00,A0,A0,E0,0,0,2020,2,480,449,47,78,-31,1470
39023,4591,A05,0,A00,A0,A0,E0,0,0,2020,2,98,98,14,14,0,1367
39025,4591,A05,0,A00,A0,A0,E0,0,0,2020,2,245,229,37,53,-17,1694
39027,4591,A05,0,A00,A0,A0,E0,0,0,2020,2,,,0,0,,1225
39029,4591,A05,0,A00,A0,A0,E0,0,0,2020,2,52,54,8,6,2,1493
39035,4591,A05,0,A00,A0,A0,E0,0,0,2020,2,1328,1212,163,278,-115,1354
39037,4591,A05,0,A00,A0,A0,E0,0,0,2020,2,22,22,4,4,0,1390
39039,4591,A05,0,A00,A0,A0,E0,0,0,2020,2,75,73,13,15,-2,1959
39041,4591,A05,0,A00,A0,A0,E0,0,0,2020,2,762,757,134,140,-6,1448
39043,4591,A05,0,A00,A0,A0,E0,0,0,2020,2,116,113,15,18,-3,1456
39045,4591,A05,0,A00,A0,A0,E0,0,0,2020,2,161,152,26,34,-8,1465
39047,4591,A05,0,A00,A0,A0,E0,0,0,2020,2,84,48,17,54,-37,493
39049,4591,A05,0,A00,A0,A0,E0,0,0,2020,2,2111,2082,339,368,-29,1586
39051,4591,A05,0,A00,A0,A0,E0,0,0,2020,2,22,23,3,,1,794
39053,4591,A05,0,A00,A0,A0,E0,0,0,2020,2,15,15,,,0,1228
39055,4591,A05,0,A00,A0,A0,E0,0,0,2020,2,178,166,15,26,-11,2015
39057,4591,A05,0,A00,A0,A0,E0,0,0,2020,2,337,297,37,76,-39,1263
39059,4591,A05,0,A00,A0,A0,E0,0,0,2020,2,,,0,,,919
39061,4591,A05,0,A00,A0,A0,E0,0,0,2020,2,1291,1209,140,222,-83,1509
39063,4591,A05,0,A00,A0,A0,E0,0,0,2020,2,102,111,20,12,8,1589
39065,4591,A05,0,A00,A0,A0,E0,0,0,2020,2,,,0,,,1589
39067,4591,A05,0,A00,A0,A0,E0,0,0,2020,2,,,0,0,,1098
39071,4591,A05,0,A00,A0,A0,E0,0,0,2020,2,25,23,5,7,-2,1390
39073,4591,A05,0,A00,A0,A0,E0,0,0,2020,2,,,0,,,1902
39075,4591,A05,0,A00,A0,A0,E0,0,0,2020,2,97,97,8,7,1,1921
39077,4591,A05,0,A00,A0,A0,E0,0,0,2020,2,11,9,0,,-2,644
39079,4591,A05,0,A00,A0,A0,E0,0,0,2020,2,14,13,,,-2,1055
39081,4591,A05,0,A00,A0,A0,E0,0,0,2020,2,60,55,7,12,-6,1004
39083,4591,A05,0,A00,A0,A0,E0,0,0,2020,2,23,21,0,,-2,1126
39085,4591,A05,0,A00,A0,A0,E0,0,0,2020,2,288,276,44,55,-12,1339
39087,4591,A05,0,A00,A0,A0,E0,0,0,2020,2,21,21,,,0,787
39089,4591,A05,0,A00,A0,A0,E0,0,0,2020,2,350,339,29,40,-11,2061
39091,4591,A05,0,A00,A0,A0,E0,0,0,2020,2,29,31,10,9,2,854
39093,4591,A05,0,A00,A0,A0,E0,0,0,2020,2,257,252,34,39,-5,1366
39095,4591,A05,0,A00,A0,A0,E0,0,0,2020,2,724,686,115,153,-38,1779
39097,4591,A05,0,A00,A0,A0,E0,0,0,2020,2,,,0,0,,537
39099,4591,A05,0,A00,A0,A0,E0,0,0,2020,2,308,299,29,38,-9,1511
39101,4591,A05,0,A00,A0,A0,E0,0,0,2020,2,59,55,8,12,-3,1266
39103,4591,A05,0,A00,A0,A0,E0,0,0,2020,2,178,183,29,24,5,1416
39107,4591,A05,0,A00,A0,A0,E0,0,0,2020,2,27,26,5,5,0,1118
39109,4591,A05,0,A00,A0,A0,E0,0,0,2020,2,90,88,15,17,-2,1234
39113,4591,A05,0,A00,A0,A0,E0,0,0,2020,2,707,709,115,113,2,1361
39119,4591,A05,0,A00,A0,A0,E0,0,0,2020,2,387,383,17,22,-4,2165
39121,4591,A05,0,A00,A0,A0,E0,0,0,2020,2,,,0,0,,2240
39123,4591,A05,0,A00,A0,A0,E0,0,0,2020,2,3,11,9,,8,2622
39127,4591,A05,0,A00,A0,A0,E0,0,0,2020,2,,,0,0,,1182
39129,4591,A05,0,A00,A0,A0,E0,0,0,2020,2,13,16,5,,2,1825
39133,4591,A05,0,A00,A0,A0,E0,0,0,2020,2,195,198,24,20,3,2069
39137,4591,A05,0,A00,A0,A0,E0,0,0,2020,2,,,0,0,,1968
39139,4591,A05,0,A00,A0,A0,E0,0,0,2020,2,186,181,28,34,-6,1442
39141,4591,A05,0,A00,A0,A0,E0,0,0,2020,2,115,109,17,23,-6,980
39143,4591,A05,0,A00,A0,A0,E0,0,0,2020,2,29,32,6,3,4,1859
39145,4591,A05,0,A00,A0,A0,E0,0,0,2020,2,17,15,,,-1,1684
39147,4591,A05,0,A00,A0,A0,E0,0,0,2020,2,28,25,3,6,-3,1861
39149,4591,A05,0,A00,A0,A0,E0,0,0,2020,2,,,,,,1289
39151,4591,A05,0,A00,A0,A0,E0,0,0,2020,2,566,544,70,93,-23,1427
39153,4591,A05,0,A00,A0,A0,E0,0,0,2020,2,825,861,140,104,36,1822
39155,4591,A05,0,A00,A0,A0,E0,0,0,2020,2,148,140,19,27,-8,1249
39157,4591,A05,0,A00,A0,A0,E0,0,0,2020,2,103,110,18,11,7,1446
39159,4591,A05,0,A00,A0,A0,E0,0,0,2020,2,15,14,0,,-1,1040
39161,4591,A05,0,A00,A0,A0,E0,0,0,2020,2,,,0,0,,1282
39165,4591,A05,0,A00,A0,A0,E0,0,0,2020,2,419,435,74,59,15,1404
39167,4591,A05,0,A00,A0,A0,E0,0,0,2020,2,62,64,9,7,2,1432
39169,4591,A05,0,A00,A0,A0,E0,0,0,2020,2,126,125,17,18,-1,1094
39171,4591,A05,0,A00,A0,A0,E0,0,0,2020,2,13,14,,,0,1149
39173,4591,A05,0,A00,A0,A0,E0,0,0,2020,2,246,234,32,44,-12,1308
39175,4591,A05,0,A00,A0,A0,E0,0,0,2020,2,,,0,0,,650
39,4591,A05,0,A00,A0,A0,E0,0,0,2020,2,14875,14430,2062,2507,-445,1543
39001,4591,A05,0,A00,A0,A0,E0,0,0,2020,3,9,4,3,7,-4,895
39003,4591,A05,0,A00,A0,A0,E0,0,0,2020,3,133,147,42,27,14,1804
39005,4591,A05,0,A00,A0,A0,E0,0,0,2020,3,85,95,19,9,10,2447
39007,4591,A05,0,A00,A0,A0,E0,0,0,2020,3,44,46,14,12,2,1571
39009,4591,A05,0,A00,A0,A0,E0,0,0,2020,3,172,167,20,24,-5,4043
39011,4591,A05,0,A00,A0,A0,E0,0,0,2020,3,45,57,20,8,12,1180
39013,4591,A05,0,A00,A0,A0,E0,0,0,2020,3,74,80,19,13,6,1296
39017,4591,A05,0,A00,A0,A0,E0,0,0,2020,3,449,485,144,108,36,1816
39023,4591,A05,0,A00,A0,A0,E0,0,0,2020,3,98,110,36,24,11,1817
39025,4591,A05,0,A00,A0,A0,E0,0,0,2020,3,229,247,62,44,18,2273
39027,4591,A05,0,A00,A0,A0,E0,0,0,2020,3,,,0,0,,1295
39029,4591,A05,0,A00,A0,A0,E0,0,0,2020,3,54,59,17,12,5,1620
39035,4591,A05,0,A00,A0,A0,E0,0,0,2020,3,1212,1387,417,241,175,1786
39037,4591,A05,0,A00,A0,A0,E0,0,0,2020,3,22,24,4,1,3,1727
39039,4591,A05,0,A00,A0,A0,E0,0,0,2020,3,73,84,20,9,11,1985
39041,4591,A05,0,A00,A0,A0,E0,0,0,2020,3,756,826,248,178,70,1715
39043,4591,A05,0,A00,A0,A0,E0,0,0,2020,3,113,124,42,31,11,1690
39045,4591,A05,0,A00,A0,A0,E0,0,0,2020,3,152,169,45,27,17,1903
39047,4591,A05,0,A00,A0,A0,E0,0,0,2020,3,48,60,34,22,12,1055
39049,4591,A05,0,A00,A0,A0,E0,0,0,2020,3,2084,2297,624,411,213,1879
39051,4591,A05,0,A00,A0,A0,E0,0,0,2020,3,23,29,7,2,6,955
39053,4591,A05,0,A00,A0,A0,E0,0,0,2020,3,15,16,5,4,1,1304
39055,4591,A05,0,A00,A0,A0,E0,0,0,2020,3,166,182,48,31,16,2313
39057,4591,A05,0,A00,A0,A0,E0,0,0,2020,3,297,331,91,58,34,1615
39059,4591,A05,0,A00,A0,A0,E0,0,0,2020,3,,,0,,,1369
39061,4591,A05,0,A00,A0,A0,E0,0,0,2020,3,1211,1331,377,257,120,1901
39063,4591,A05,0,A00,A0,A0,E0,0,0,2020,3,110,121,38,27,11,2020
39065,4591,A05,0,A00,A0,A0,E0,0,0,2020,3,,,,,,1583
39067,4591,A05,0,A00,A0,A0,E0,0,0,2020,3,,,,,,974
39071,4591,A05,0,A00,A0,A0,E0,0,0,2020,3,23,26,7,4,3,1557
39073,4591,A05,0,A00,A0,A0,E0,0,0,2020,3,,,0,1,,2153
39075,4591,A05,0,A00,A0,A0,E0,0,0,2020,3,99,108,18,8,9,2254
39077,4591,A05,0,A00,A0,A0,E0,0,0,2020,3,9,9,,,0,1054
39079,4591,A05,0,A00,A0,A0,E0,0,0,2020,3,13,13,,,0,1184
39081,4591,A05,0,A00,A0,A0,E0,0,0,2020,3,54,61,17,11,7,1524
39083,4591,A05,0,A00,A0,A0,E0,0,0,2020,3,21,23,5,,2,1470
39085,4591,A05,0,A00,A0,A0,E0,0,0,2020,3,276,307,92,62,30,1718
39087,4591,A05,0,A00,A0,A0,E0,0,0,2020,3,21,16,0,4,-4,1129
39089,4591,A05,0,A00,A0,A0,E0,0,0,2020,3,339,363,93,69,23,2274
39091,4591,A05,0,A00,A0,A0,E0,0,0,2020,3,31,31,7,7,0,1017
39093,4591,A05,0,A00,A0,A0,E0,0,0,2020,3,252,262,71,61,10,1584
39095,4591,A05,0,A00,A0,A0,E0,0,0,2020,3,687,741,164,110,54,2085
39097,4591,A05,0,A00,A0,A0,E0,0,0,2020,3,,,0,0,,878
39099,4591,A05,0,A00,A0,A0,E0,0,0,2020,3,299,337,86,48,38,1959
39101,4591,A05,0,A00,A0,A0,E0,0,0,2020,3,55,60,23,18,5,1956
39103,4591,A05,0,A00,A0,A0,E0,0,0,2020,3,183,206,66,43,23,1860
39107,4591,A05,0,A00,A0,A0,E0,0,0,2020,3,26,33,12,6,6,1389
39109,4591,A05,0,A00,A0,A0,E0,0,0,2020,3,88,95,23,16,8,1559
39113,4591,A05,0,A00,A0,A0,E0,0,0,2020,3,709,783,223,149,74,1792
39119,4591,A05,0,A00,A0,A0,E0,0,0,2020,3,383,535,195,43,152,2824
39121,4591,A05,0,A00,A0,A0,E0,0,0,2020,3,,,,0,,2187
39123,4591,A05,0,A00,A0,A0,E0,0,0,2020,3,11,9,,4,-2,1941
39127,4591,A05,0,A00,A0,A0,E0,0,0,2020,3,,,0,0,,1317
39129,4591,A05,0,A00,A0,A0,E0,0,0,2020,3,16,15,3,3,-1,1748
39133,4591,A05,0,A00,A0,A0,E0,0,0,2020,3,198,205,43,36,7,2082
39137,4591,A05,0,A00,A0,A0,E0,0,0,2020,3,,,,0,,1951
39139,4591,A05,0,A00,A0,A0,E0,0,0,2020,3,180,205,60,35,25,1977
39141,4591,A05,0,A00,A0,A0,E0,0,0,2020,3,109,131,45,22,23,1506
39143,4591,A05,0,A00,A0,A0,E0,0,0,2020,3,32,32,4,5,0,1999
39145,4591,A05,0,A00,A0,A0,E0,0,0,2020,3,15,17,4,3,1,1754
39147,4591,A05,0,A00,A0,A0,E0,0,0,2020,3,25,31,8,,6,2159
39149,4591,A05,0,A00,A0,A0,E0,0,0,2020,3,,,,,,1550
39151,4591,A05,0,A00,A0,A0,E0,0,0,2020,3,545,586,141,99,42,1860
39153,4591,A05,0,A00,A0,A0,E0,0,0,2020,3,861,935,245,171,74,2142
39155,4591,A05,0,A00,A0,A0,E0,0,0,2020,3,140,156,38,22,16,1831
39157,4591,A05,0,A00,A0,A0,E0,0,0,2020,3,111,130,38,18,19,1794
39159,4591,A05,0,A00,A0,A0,E0,0,0,2020,3,14,12,,2,-2,1244
39161,4591,A05,0,A00,A0,A0,E0,0,0,2020,3,,,0,,,1433
39165,4591,A05,0,A00,A0,A0,E0,0,0,2020,3,435,504,164,95,69,1779
39167,4591,A05,0,A00,A0,A0,E0,0,0,2020,3,64,64,9,9,0,1992
39169,4591,A05,0,A00,A0,A0,E0,0,0,2020,3,125,133,36,27,9,1365
39171,4591,A05,0,A00,A0,A0,E0,0,0,2020,3,14,15,4,,2,1818
39173,4591,A05,0,A00,A0,A0,E0,0,0,2020,3,234,262,68,41,28,1627
39175,4591,A05,0,A00,A0,A0,E0,0,0,2020,3,,,,,,1319
39,4591,A05,0,A00,A0,A0,E0,0,0,2020,3,14436,16004,4427,2860,1567,1915
39001,4591,A05,0,A00,A0,A0,E0,0,0,2020,4,,,,,,1667
39003,4591,A05,0,A00,A0,A0,E0,0,0,2020,4,147,155,41,33,8,1867
39005,4591,A05,0,A00,A0,A0,E0,0,0,2020,4,95,99,8,4,4,3518
39007,4591,A05,0,A00,A0,A0,E0,0,0,2020,4,46,59,17,5,12,1538
39009,4591,A05,0,A00,A0,A0,E0,0,0,2020,4,167,166,22,23,-1,2697
39011,4591,A05,0,A00,A0,A0,E0,0,0,2020,4,57,56,6,7,-1,1851
39013,4591,A05,0,A00,A0,A0,E0,0,0,2020,4,80,87,28,21,7,1338
39015,4591,A05,0,A00,A0,A0,E0,0,0,2020,4,0,0,,,0,
39017,4591,A05,0,A00,A0,A0,E0,0,0,2020,4,485,539,164,110,54,2051
39023,4591,A05,0,A00,A0,A0,E0,0,0,2020,4,110,120,34,24,11,1758
39025,4591,A05,0,A00,A0,A0,E0,0,0,2020,4,247,275,86,58,28,2529
39027,4591,A05,0,A00,A0,A0,E0,0,0,2020,4,,,,,,1764
39029,4591,A05,0,A00,A0,A0,E0,0,0,2020,4,59,61,16,15,1,1784
39035,4591,A05,0,A00,A0,A0,E0,0,0,2020,4,1380,1534,438,284,154,1974
39037,4591,A05,0,A00,A0,A0,E0,0,0,2020,4,24,31,9,3,6,2381
39039,4591,A05,0,A00,A0,A0,E0,0,0,2020,4,84,84,17,17,-1,2156
39041,4591,A05,0,A00,A0,A0,E0,0,0,2020,4,826,901,260,186,74,1890
39043,4591,A05,0,A00,A0,A0,E0,0,0,2020,4,124,138,39,25,14,1944
39045,4591,A05,0,A00,A0,A0,E0,0,0,2020,4,169,191,57,35,22,1842
39047,4591,A05,0,A00,A0,A0,E0,0,0,2020,4,37,45,21,13,8,1418
39049,4591,A05,0,A00,A0,A0,E0,0,0,2020,4,2294,2490,686,491,196,2163
39051,4591,A05,0,A00,A0,A0,E0,0,0,2020,4,29,32,20,17,3,1441
39053,4591,A05,0,A00,A0,A0,E0,0,0,2020,4,16,17,4,3,1,1438
39055,4591,A05,0,A00,A0,A0,E0,0,0,2020,4,182,209,60,32,28,2504
39057,4591,A05,0,A00,A0,A0,E0,0,0,2020,4,331,364,117,84,33,1726
39059,4591,A05,0,A00,A0,A0,E0,0,0,2020,4,,,,,,1792
39061,4591,A05,0,A00,A0,A0,E0,0,0,2020,4,1330,1485,368,213,155,2079
39063,4591,A05,0,A00,A0,A0,E0,0,0,2020,4,122,129,36,29,8,2061
39065,4591,A05,0,A00,A0,A0,E0,0,0,2020,4,,,,,,2138
39067,4591,A05,0,A00,A0,A0,E0,0,0,2020,4,,,,0,,1191
39071,4591,A05,0,A00,A0,A0,E0,0,0,2020,4,26,28,9,7,1,1683
39073,4591,A05,0,A00,A0,A0,E0,0,0,2020,4,,,,,,2008
39075,4591,A05,0,A00,A0,A0,E0,0,0,2020,4,110,102,6,14,-7,2825
39077,4591,A05,0,A00,A0,A0,E0,0,0,2020,4,9,11,4,3,1,1163
39079,4591,A05,0,A00,A0,A0,E0,0,0,2020,4,13,14,,,2,1389
39081,4591,A05,0,A00,A0,A0,E0,0,0,2020,4,61,62,16,15,2,1667
39083,4591,A05,0,A00,A0,A0,E0,0,0,2020,4,23,24,4,4,0,1831
39085,4591,A05,0,A00,A0,A0,E0,0,0,2020,4,307,341,109,75,34,1863
39087,4591,A05,0,A00,A0,A0,E0,0,0,2020,4,16,20,4,1,3,1285
39089,4591,A05,0,A00,A0,A0,E0,0,0,2020,4,362,391,91,62,29,2718
39091,4591,A05,0,A00,A0,A0,E0,0,0,2020,4,31,35,10,7,3,1070
39093,4591,A05,0,A00,A0,A0,E0,0,0,2020,4,285,337,134,81,53,2150
39095,4591,A05,0,A00,A0,A0,E0,0,0,2020,4,741,771,207,176,30,2146
39097,4591,A05,0,A00,A0,A0,E0,0,0,2020,4,,,0,0,,894
39099,4591,A05,0,A00,A0,A0,E0,0,0,2020,4,336,358,88,66,22,2072
39101,4591,A05,0,A00,A0,A0,E0,0,0,2020,4,60,65,24,19,5,1935
39103,4591,A05,0,A00,A0,A0,E0,0,0,2020,4,206,226,68,47,20,2020
39107,4591,A05,0,A00,A0,A0,E0,0,0,2020,4,33,33,8,8,0,1366
39109,4591,A05,0,A00,A0,A0,E0,0,0,2020,4,95,100,22,17,5,1769
39113,4591,A05,0,A00,A0,A0,E0,0,0,2020,4,783,843,238,177,60,2086
39119,4591,A05,0,A00,A0,A0,E0,0,0,2020,4,535,633,477,379,98,3699
39121,4591,A05,0,A00,A0,A0,E0,0,0,2020,4,,,,,,2751
39123,4591,A05,0,A00,A0,A0,E0,0,0,2020,4,9,6,,4,-3,1324
39127,4591,A05,0,A00,A0,A0,E0,0,0,2020,4,,,,,,1579
39129,4591,A05,0,A00,A0,A0,E0,0,0,2020,4,15,13,3,5,-2,1999
39133,4591,A05,0,A00,A0,A0,E0,0,0,2020,4,205,230,65,40,25,2589
39137,4591,A05,0,A00,A0,A0,E0,0,0,2020,4,,,,1,,1966
39139,4591,A05,0,A00,A0,A0,E0,0,0,2020,4,209,228,53,34,19,1954
39141,4591,A05,0,A00,A0,A0,E0,0,0,2020,4,132,149,45,29,17,1513
39143,4591,A05,0,A00,A0,A0,E0,0,0,2020,4,32,31,4,6,-1,2119
39145,4591,A05,0,A00,A0,A0,E0,0,0,2020,4,17,19,8,6,2,1884
39147,4591,A05,0,A00,A0,A0,E0,0,0,2020,4,31,29,4,6,-1,2456
39149,4591,A05,0,A00,A0,A0,E0,0,0,2020,4,,,,,,1862
39151,4591,A05,0,A00,A0,A0,E0,0,0,2020,4,587,646,173,115,58,2000
39153,4591,A05,0,A00,A0,A0,E0,0,0,2020,4,935,1010,258,183,75,2323
39155,4591,A05,0,A00,A0,A0,E0,0,0,2020,4,156,173,54,37,17,1992
39157,4591,A05,0,A00,A0,A0,E0,0,0,2020,4,130,137,35,28,7,1845
39159,4591,A05,0,A00,A0,A0,E0,0,0,2020,4,12,13,3,,1,1670
39161,4591,A05,0,A00,A0,A0,E0,0,0,2020,4,,,0,0,,2127
39165,4591,A05,0,A00,A0,A0,E0,0,0,2020,4,500,586,195,109,86,1999
39167,4591,A05,0,A00,A0,A0,E0,0,0,2020,4,64,61,8,12,-3,2301
39169,4591,A05,0,A00,A0,A0,E0,0,0,2020,4,132,161,55,26,29,1641
39171,4591,A05,0,A00,A0,A0,E0,0,0,2020,4,15,19,4,,3,2171
39173,4591,A05,0,A00,A0,A0,E0,0,0,2020,4,262,298,88,51,36,1655
39175,4591,A05,0,A00,A0,A0,E0,0,0,2020,4,,,0,,,700
39,4591,A05,0,A00,A0,A0,E0,0,0,2020,4,15992,17556,5159,3596,1563,2136
39001,4591,A05,0,A00,A0,A0,E0,0,0,2021,1,,,0,,,1216
39003,4591,A05,0,A00,A0,A0,E0,0,0,2021,1,155,141,14,29,-15,1446
39005,4591,A05,0,A00,A0,A0,E0,0,0,2021,1,99,93,4,10,-7,2263
39007,4591,A05,0,A00,A0,A0,E0,0,0,2021,1,59,53,5,11,-6,1301
39009,4591,A05,0,A00,A0,A0,E0,0,0,2021,1,166,168,20,17,2,2726
39011,4591,A05,0,A00,A0,A0,E0,0,0,2021,1,56,54,0,3,-3,1317
39013,4591,A05,0,A00,A0,A0,E0,0,0,2021,1,87,80,10,17,-7,1116
39017,4591,A05,0,A00,A0,A0,E0,0,0,2021,1,540,486,45,99,-54,1487
39021,4591,A05,0,A00,A0,A0,E0,0,0,2021,1,,,,0,,1627
39023,4591,A05,0,A00,A0,A0,E0,0,0,2021,1,120,106,11,25,-15,1326
39025,4591,A05,0,A00,A0,A0,E0,0,0,2021,1,275,244,23,54,-31,1556
39027,4591,A05,0,A00,A0,A0,E0,0,0,2021,1,,,,,,1109
39029,4591,A05,0,A00,A0,A0,E0,0,0,2021,1,61,55,7,13,-5,1524
39035,4591,A05,0,A00,A0,A0,E0,0,0,2021,1,1538,1400,111,250,-138,1541
39037,4591,A05,0,A00,A0,A0,E0,0,0,2021,1,31,25,,7,-5,1619
39039,4591,A05,0,A00,A0,A0,E0,0,0,2021,1,84,80,8,12,-4,1464
39041,4591,A05,0,A00,A0,A0,E0,0,0,2021,1,885,791,93,187,-94,1548
39043,4591,A05,0,A00,A0,A0,E0,0,0,2021,1,139,127,13,25,-12,1427
39045,4591,A05,0,A00,A0,A0,E0,0,0,2021,1,191,177,19,33,-14,1413
39047,4591,A05,0,A00,A0,A0,E0,0,0,2021,1,45,35,9,20,-10,1031
39049,4591,A05,0,A00,A0,A0,E0,0,0,2021,1,2492,2352,246,387,-141,1674
39051,4591,A05,0,A00,A0,A0,E0,0,0,2021,1,32,27,,8,-5,849
39053,4591,A05,0,A00,A0,A0,E0,0,0,2021,1,17,14,,4,-3,1502
39055,4591,A05,0,A00,A0,A0,E0,0,0,2021,1,211,187,14,38,-24,2774
39057,4591,A05,0,A00,A0,A0,E0,0,0,2021,1,364,322,33,75,-42,1384
39059,4591,A05,0,A00,A0,A0,E0,0,0,2021,1,,,0,,,1243
39061,4591,A05,0,A00,A0,A0,E0,0,0,2021,1,1490,1387,127,231,-103,1565
39063,4591,A05,0,A00,A0,A0,E0,0,0,2021,1,129,118,13,24,-12,1505
39065,4591,A05,0,A00,A0,A0,E0,0,0,2021,1,,,0,,,1828
39067,4591,A05,0,A00,A0,A0,E0,0,0,2021,1,,,0,,,1015
39071,4591,A05,0,A00,A0,A0,E0,0,0,2021,1,28,23,,7,-5,1405
39073,4591,A05,0,A00,A0,A0,E0,0,0,2021,1,,,0,0,,1979
39075,4591,A05,0,A00,A0,A0,E0,0,0,2021,1,110,108,10,11,-2,2116
39077,4591,A05,0,A00,A0,A0,E0,0,0,2021,1,11,10,0,,-1,1003
39079,4591,A05,0,A00,A0,A0,E0,0,0,2021,1,14,13,,,-1,1261
39081,4591,A05,0,A00,A0,A0,E0,0,0,2021,1,62,58,3,7,-4,1393
39083,4591,A05,0,A00,A0,A0,E0,0,0,2021,1,24,26,4,,3,1401
39085,4591,A05,0,A00,A0,A0,E0,0,0,2021,1,336,307,26,56,-30,1469
39087,4591,A05,0,A00,A0,A0,E0,0,0,2021,1,20,18,0,,-1,1013
39089,4591,A05,0,A00,A0,A0,E0,0,0,2021,1,396,375,27,48,-21,2138
39091,4591,A05,0,A00,A0,A0,E0,0,0,2021,1,35,34,7,7,0,985
39093,4591,A05,0,A00,A0,A0,E0,0,0,2021,1,341,318,54,76,-23,1441
39095,4591,A05,0,A00,A0,A0,E0,0,0,2021,1,773,733,83,123,-40,1868
39097,4591,A05,0,A00,A0,A0,E0,0,0,2021,1,,,,0,,494
39099,4591,A05,0,A00,A0,A0,E0,0,0,2021,1,359,338,27,49,-21,1527
39101,4591,A05,0,A00,A0,A0,E0,0,0,2021,1,65,61,11,15,-4,1524
39103,4591,A05,0,A00,A0,A0,E0,0,0,2021,1,226,220,41,47,-6,1648
39107,4591,A05,0,A00,A0,A0,E0,0,0,2021,1,33,29,5,8,-3,1102
39109,4591,A05,0,A00,A0,A0,E0,0,0,2021,1,100,94,11,18,-6,1407
39113,4591,A05,0,A00,A0,A0,E0,0,0,2021,1,839,766,75,148,-72,1487
39119,4591,A05,0,A00,A0,A0,E0,0,0,2021,1,633,475,11,169,-158,2010
39121,4591,A05,0,A00,A0,A0,E0,0,0,2021,1,,,0,0,,1624
39123,4591,A05,0,A00,A0,A0,E0,0,0,2021,1,6,6,0,0,0,951
39127,4591,A05,0,A00,A0,A0,E0,0,0,2021,1,,,,0,,2047
39129,4591,A05,0,A00,A0,A0,E0,0,0,2021,1,13,12,,,-1,1744
39133,4591,A05,0,A00,A0,A0,E0,0,0,2021,1,230,211,28,48,-20,1963
39137,4591,A05,0,A00,A0,A0,E0,0,0,2021,1,,,,0,,1899
39139,4591,A05,0,A00,A0,A0,E0,0,0,2021,1,228,214,16,30,-14,1496
39141,4591,A05,0,A00,A0,A0,E0,0,0,2021,1,148,129,17,36,-19,1111
39143,4591,A05,0,A00,A0,A0,E0,0,0,2021,1,31,30,3,4,-1,1885
39145,4591,A05,0,A00,A0,A0,E0,0,0,2021,1,19,16,,4,-2,1645
39147,4591,A05,0,A00,A0,A0,E0,0,0,2021,1,29,25,0,4,-4,2141
39149,4591,A05,0,A00,A0,A0,E0,0,0,2021,1,,,,,,1551
39151,4591,A05,0,A00,A0,A0,E0,0,0,2021,1,647,600,48,95,-47,1505
39153,4591,A05,0,A00,A0,A0,E0,0,0,2021,1,1012,933,84,164,-79,1752
39155,4591,A05,0,A00,A0,A0,E0,0,0,2021,1,174,155,15,34,-19,1517
39157,4591,A05,0,A00,A0,A0,E0,0,0,2021,1,137,123,6,20,-14,1469
39159,4591,A05,0,A00,A0,A0,E0,0,0,2021,1,13,12,,,-1,1201
39161,4591,A05,0,A00,A0,A0,E0,0,0,2021,1,,,0,0,,2107
39165,4591,A05,0,A00,A0,A0,E0,0,0,2021,1,586,534,86,138,-52,1542
39167,4591,A05,0,A00,A0,A0,E0,0,0,2021,1,61,58,,5,-3,2042
39169,4591,A05,0,A00,A0,A0,E0,0,0,2021,1,156,146,20,30,-10,1248
39171,4591,A05,0,A00,A0,A0,E0,0,0,2021,1,19,18,6,7,-1,1293
39173,4591,A05,0,A00,A0,A0,E0,0,0,2021,1,298,261,14,52,-38,1117
39175,4591,A05,0,A00,A0,A0,E0,0,0,2021,1,,,0,0,,627
39,4591,A05,0,A00,A0,A0,E0,0,0,2021,1,17569,16102,1588,3055,-1467,1620
39001,4591,A05,0,A00,A0,A0,E0,0,0,2021,2,3,6,4,0,4,1862
39003,4591,A05,0,A00,A0,A0,E0,0,0,2021,2,141,143,31,29,2,1682
39005,4591,A05,0,A00,A0,A0,E0,0,0,2021,2,93,91,11,13,-1,2713
39007,4591,A05,0,A00,A0,A0,E0,0,0,2021,2,53,60,19,12,7,1535
39009,4591,A05,0,A00,A0,A0,E0,0,0,2021,2,168,166,22,24,-2,3077
39011,4591,A05,0,A00,A0,A0,E0,0,0,2021,2,54,55,5,4,1,1419
39013,4591,A05,0,A00,A0,A0,E0,0,0,2021,2,80,76,20,23,-4,1190
39017,4591,A05,0,A00,A0,A0,E0,0,0,2021,2,486,493,101,95,7,1907
39021,4591,A05,0,A00,A0,A0,E0,0,0,2021,2,,,0,,,1718
39023,4591,A05,0,A00,A0,A0,E0,0,0,2021,2,106,100,12,18,-6,1538
39025,4591,A05,0,A00,A0,A0,E0,0,0,2021,2,245,245,51,50,1,1968
39027,4591,A05,0,A00,A0,A0,E0,0,0,2021,2,,,0,,,1532
39029,4591,A05,0,A00,A0,A0,E0,0,0,2021,2,55,51,9,14,-4,1717
39035,4591,A05,0,A00,A0,A0,E0,0,0,2021,2,1400,1431,295,264,31,2022
39037,4591,A05,0,A00,A0,A0,E0,0,0,2021,2,25,28,10,7,3,1851
39039,4591,A05,0,A00,A0,A0,E0,0,0,2021,2,80,84,20,16,4,2524
39041,4591,A05,0,A00,A0,A0,E0,0,0,2021,2,791,794,167,164,3,1946
39043,4591,A05,0,A00,A0,A0,E0,0,0,2021,2,127,122,24,29,-5,1792
39045,4591,A05,0,A00,A0,A0,E0,0,0,2021,2,177,167,24,34,-10,1618
39047,4591,A05,0,A00,A0,A0,E0,0,0,2021,2,35,35,12,12,0,1456
39049,4591,A05,0,A00,A0,A0,E0,0,0,2021,2,2347,2376,502,472,29,2080
39051,4591,A05,0,A00,A0,A0,E0,0,0,2021,2,27,25,4,7,-2,1039
39053,4591,A05,0,A00,A0,A0,E0,0,0,2021,2,14,14,4,4,0,1625
39055,4591,A05,0,A00,A0,A0,E0,0,0,2021,2,187,189,32,30,2,2472
39057,4591,A05,0,A00,A0,A0,E0,0,0,2021,2,322,328,69,64,6,1672
39059,4591,A05,0,A00,A0,A0,E0,0,0,2021,2,,,,,,1394
39061,4591,A05,0,A00,A0,A0,E0,0,0,2021,2,1386,1455,310,241,69,1864
39063,4591,A05,0,A00,A0,A0,E0,0,0,2021,2,118,115,20,24,-3,1811
39065,4591,A05,0,A00,A0,A0,E0,0,0,2021,2,,,,,,2139
39067,4591,A05,0,A00,A0,A0,E0,0,0,2021,2,,,0,0,,786
39071,4591,A05,0,A00,A0,A0,E0,0,0,2021,2,23,25,6,4,2,1732
39073,4591,A05,0,A00,A0,A0,E0,0,0,2021,2,,,,0,,1950
39075,4591,A05,0,A00,A0,A0,E0,0,0,2021,2,108,109,9,8,1,2522
39077,4591,A05,0,A00,A0,A0,E0,0,0,2021,2,10,8,,3,-2,1020
39079,4591,A05,0,A00,A0,A0,E0,0,0,2021,2,13,14,5,4,1,1571
39081,4591,A05,0,A00,A0,A0,E0,0,0,2021,2,58,55,11,14,-3,1476
39083,4591,A05,0,A00,A0,A0,E0,0,0,2021,2,26,26,4,4,0,1570
39085,4591,A05,0,A00,A0,A0,E0,0,0,2021,2,305,308,60,57,3,1977
39087,4591,A05,0,A00,A0,A0,E0,0,0,2021,2,18,16,,4,-2,1119
39089,4591,A05,0,A00,A0,A0,E0,0,0,2021,2,376,378,60,58,2,3075
39091,4591,A05,0,A00,A0,A0,E0,0,0,2021,2,34,37,12,10,2,1143
39093,4591,A05,0,A00,A0,A0,E0,0,0,2021,2,318,325,68,61,6,1577
39095,4591,A05,0,A00,A0,A0,E0,0,0,2021,2,731,757,189,163,26,2143
39097,4591,A05,0,A00,A0,A0,E0,0,0,2021,2,,,,0,,1565
39099,4591,A05,0,A00,A0,A0,E0,0,0,2021,2,338,332,54,60,-5,1883
39101,4591,A05,0,A00,A0,A0,E0,0,0,2021,2,61,62,13,13,1,1686
39103,4591,A05,0,A00,A0,A0,E0,0,0,2021,2,220,220,44,44,0,1882
39107,4591,A05,0,A00,A0,A0,E0,0,0,2021,2,29,32,11,8,3,1391
39109,4591,A05,0,A00,A0,A0,E0,0,0,2021,2,94,90,18,22,-4,1353
39113,4591,A05,0,A00,A0,A0,E0,0,0,2021,2,767,786,157,139,19,1848
39119,4591,A05,0,A00,A0,A0,E0,0,0,2021,2,475,463,65,77,-12,2405
39121,4591,A05,0,A00,A0,A0,E0,0,0,2021,2,,,0,0,,1960
39123,4591,A05,0,A00,A0,A0,E0,0,0,2021,2,6,11,6,,5,1222
39127,4591,A05,0,A00,A0,A0,E0,0,0,2021,2,,,0,0,,2335
39129,4591,A05,0,A00,A0,A0,E0,0,0,2021,2,12,17,14,9,5,1551
39133,4591,A05,0,A00,A0,A0,E0,0,0,2021,2,210,229,47,28,19,2464
39137,4591,A05,0,A00,A0,A0,E0,0,0,2021,2,,,0,,,1917
39139,4591,A05,0,A00,A0,A0,E0,0,0,2021,2,214,206,30,37,-7,1759
39141,4591,A05,0,A00,A0,A0,E0,0,0,2021,2,128,130,33,31,2,1359
39143,4591,A05,0,A00,A0,A0,E0,0,0,2021,2,38,44,9,3,7,2493
39145,4591,A05,0,A00,A0,A0,E0,0,0,2021,2,16,23,9,3,6,1971
39147,4591,A05,0,A00,A0,A0,E0,0,0,2021,2,18,16,,3,-1,2365
39149,4591,A05,0,A00,A0,A0,E0,0,0,2021,2,,,,,,1732
39151,4591,A05,0,A00,A0,A0,E0,0,0,2021,2,601,606,108,103,6,1823
39153,4591,A05,0,A00,A0,A0,E0,0,0,2021,2,934,928,147,153,-6,2173
39155,4591,A05,0,A00,A0,A0,E0,0,0,2021,2,155,154,23,24,-1,1945
39157,4591,A05,0,A00,A0,A0,E0,0,0,2021,2,122,111,16,27,-11,1674
39159,4591,A05,0,A00,A0,A0,E0,0,0,2021,2,12,12,,,-1,1559
39161,4591,A05,0,A00,A0,A0,E0,0,0,2021,2,,,0,0,,2313
39165,4591,A05,0,A00,A0,A0,E0,0,0,2021,2,534,534,101,102,0,1795
39167,4591,A05,0,A00,A0,A0,E0,0,0,2021,2,58,62,18,14,4,2085
39169,4591,A05,0,A00,A0,A0,E0,0,0,2021,2,146,143,27,30,-3,1534
39171,4591,A05,0,A00,A0,A0,E0,0,0,2021,2,18,17,,3,-1,1416
39173,4591,A05,0,A00,A0,A0,E0,0,0,2021,2,261,255,46,52,-6,1260
39175,4591,A05,0,A00,A0,A0,E0,0,0,2021,2,,,0,0,,718
39,4591,A05,0,A00,A0,A0,E0,0,0,2021,2,16096,16280,3223,3039,184,1976
39001,4591,A05,0,A00,A0,A0,E0,0,0,2021,3,6,4,0,,-2,1341
39003,4591,A05,0,A00,A0,A0,E0,0,0,2021,3,143,141,37,39,-2,1693
39005,4591,A05,0,A00,A0,A0,E0,0,0,2021,3,91,91,5,6,-1,2437
39007,4591,A05,0,A00,A0,A0,E0,0,0,2021,3,60,55,13,17,-4,1530
39009,4591,A05,0,A00,A0,A0,E0,0,0,2021,3,166,162,23,27,-4,2919
39011,4591,A05,0,A00,A0,A0,E0,0,0,2021,3,55,61,17,11,6,1678
39013,4591,A05,0,A00,A0,A0,E0,0,0,2021,3,76,77,24,23,1,1251
39017,4591,A05,0,A00,A0,A0,E0,0,0,2021,3,493,499,126,120,6,1836
39021,4591,A05,0,A00,A0,A0,E0,0,0,2021,3,,,0,0,,1932
39023,4591,A05,0,A00,A0,A0,E0,0,0,2021,3,100,102,31,29,2,1721
39025,4591,A05,0,A00,A0,A0,E0,0,0,2021,3,245,261,70,54,16,1964
39027,4591,A05,0,A00,A0,A0,E0,0,0,2021,3,,,,,,1884
39029,4591,A05,0,A00,A0,A0,E0,0,0,2021,3,51,50,14,15,-1,1701
39035,4591,A05,0,A00,A0,A0,E0,0,0,2021,3,1430,1503,407,334,73,1788
39037,4591,A05,0,A00,A0,A0,E0,0,0,2021,3,28,32,8,4,4,1920
39039,4591,A05,0,A00,A0,A0,E0,0,0,2021,3,84,83,20,22,-2,1634
39041,4591,A05,0,A00,A0,A0,E0,0,0,2021,3,814,810,211,214,-4,1811
39043,4591,A05,0,A00,A0,A0,E0,0,0,2021,3,122,123,21,20,1,1733
39045,4591,A05,0,A00,A0,A0,E0,0,0,2021,3,168,163,41,46,-5,1676
39047,4591,A05,0,A00,A0,A0,E0,0,0,2021,3,35,32,12,15,-3,1524
39049,4591,A05,0,A00,A0,A0,E0,0,0,2021,3,2371,2313,525,583,-58,1881
39051,4591,A05,0,A00,A0,A0,E0,0,0,2021,3,25,32,11,4,7,1055
39053,4591,A05,0,A00,A0,A0,E0,0,0,2021,3,14,14,,3,0,1750
39055,4591,A05,0,A00,A0,A0,E0,0,0,2021,3,189,200,52,41,11,2373
39057,4591,A05,0,A00,A0,A0,E0,0,0,2021,3,327,332,85,81,5,1584
39059,4591,A05,0,A00,A0,A0,E0,0,0,2021,3,,,,,,1648
39061,4591,A05,0,A00,A0,A0,E0,0,0,2021,3,1453,1434,328,346,-19,1774
39063,4591,A05,0,A00,A0,A0,E0,0,0,2021,3,114,113,28,29,-1,1828
39065,4591,A05,0,A00,A0,A0,E0,0,0,2021,3,,,,,,2263
39067,4591,A05,0,A00,A0,A0,E0,0,0,2021,3,,,0,0,,931
39071,4591,A05,0,A00,A0,A0,E0,0,0,2021,3,25,27,7,5,2,1775
39073,4591,A05,0,A00,A0,A0,E0,0,0,2021,3,,,0,0,,1841
39075,4591,A05,0,A00,A0,A0,E0,0,0,2021,3,109,114,14,9,5,2630
39077,4591,A05,0,A00,A0,A0,E0,0,0,2021,3,8,10,3,,3,1213
39079,4591,A05,0,A00,A0,A0,E0,0,0,2021,3,14,13,3,4,-1,1312
39081,4591,A05,0,A00,A0,A0,E0,0,0,2021,3,55,52,9,12,-3,1374
39083,4591,A05,0,A00,A0,A0,E0,0,0,2021,3,26,28,6,4,2,1435
39085,4591,A05,0,A00,A0,A0,E0,0,0,2021,3,307,295,64,77,-12,1667
39087,4591,A05,0,A00,A0,A0,E0,0,0,2021,3,16,14,,4,-2,1059
39089,4591,A05,0,A00,A0,A0,E0,0,0,2021,3,377,357,53,72,-20,2460
39091,4591,A05,0,A00,A0,A0,E0,0,0,2021,3,37,35,9,10,-2,1156
39093,4591,A05,0,A00,A0,A0,E0,0,0,2021,3,325,335,105,95,10,1620
39095,4591,A05,0,A00,A0,A0,E0,0,0,2021,3,757,744,126,139,-13,2011
39097,4591,A05,0,A00,A0,A0,E0,0,0,2021,3,,,,,,1582
39099,4591,A05,0,A00,A0,A0,E0,0,0,2021,3,332,342,73,64,9,1822
39101,4591,A05,0,A00,A0,A0,E0,0,0,2021,3,62,61,19,20,-1,1726
39103,4591,A05,0,A00,A0,A0,E0,0,0,2021,3,220,219,57,58,-1,1965
39107,4591,A05,0,A00,A0,A0,E0,0,0,2021,3,32,29,10,13,-3,1355
39109,4591,A05,0,A00,A0,A0,E0,0,0,2021,3,90,87,19,23,-4,1471
39113,4591,A05,0,A00,A0,A0,E0,0,0,2021,3,784,789,182,176,5,1681
39119,4591,A05,0,A00,A0,A0,E0,0,0,2021,3,463,650,365,177,187,2884
39121,4591,A05,0,A00,A0,A0,E0,0,0,2021,3,,,0,0,,1993
39123,4591,A05,0,A00,A0,A0,E0,0,0,2021,3,11,11,4,4,-1,1512
39127,4591,A05,0,A00,A0,A0,E0,0,0,2021,3,,,,,,2315
39129,4591,A05,0,A00,A0,A0,E0,0,0,2021,3,17,13,5,9,-4,1435
39133,4591,A05,0,A00,A0,A0,E0,0,0,2021,3,229,224,42,47,-5,2391
39137,4591,A05,0,A00,A0,A0,E0,0,0,2021,3,,,0,0,,1901
39139,4591,A05,0,A00,A0,A0,E0,0,0,2021,3,206,210,38,35,3,1771
39141,4591,A05,0,A00,A0,A0,E0,0,0,2021,3,130,130,26,27,-1,1320
39143,4591,A05,0,A00,A0,A0,E0,0,0,2021,3,44,43,4,5,-1,2431
39145,4591,A05,0,A00,A0,A0,E0,0,0,2021,3,23,26,12,9,4,1483
39147,4591,A05,0,A00,A0,A0,E0,0,0,2021,3,16,19,5,,3,2474
39149,4591,A05,0,A00,A0,A0,E0,0,0,2021,3,,,,,,1804
39151,4591,A05,0,A00,A0,A0,E0,0,0,2021,3,605,619,133,118,14,1842
39153,4591,A05,0,A00,A0,A0,E0,0,0,2021,3,927,907,170,189,-20,2062
39155,4591,A05,0,A00,A0,A0,E0,0,0,2021,3,160,162,31,28,2,1716
39157,4591,A05,0,A00,A0,A0,E0,0,0,2021,3,111,110,22,23,-1,1793
39159,4591,A05,0,A00,A0,A0,E0,0,0,2021,3,13,13,2,,0,1596
39161,4591,A05,0,A00,A0,A0,E0,0,0,2021,3,,,0,0,,2306
39165,4591,A05,0,A00,A0,A0,E0,0,0,2021,3,533,518,122,137,-15,1859
39167,4591,A05,0,A00,A0,A0,E0,0,0,2021,3,62,65,15,12,3,1965
39169,4591,A05,0,A00,A0,A0,E0,0,0,2021,3,143,136,32,38,-7,1556
39171,4591,A05,0,A00,A0,A0,E0,0,0,2021,3,17,19,4,,2,1593
39173,4591,A05,0,A00,A0,A0,E0,0,0,2021,3,255,256,67,65,2,1354
39175,4591,A05,0,A00,A0,A0,E0,0,0,2021,3,,,,0,,851
39,4591,A05,0,A00,A0,A0,E0,0,0,2021,3,16288,16480,4002,3809,193,1880
39001,4591,A05,0,A00,A0,A0,E0,0,0,2021,4,,,,,,1538
39003,4591,A05,0,A00,A0,A0,E0,0,0,2021,4,141,145,40,36,5,2022
39005,4591,A05,0,A00,A0,A0,E0,0,0,2021,4,91,102,17,5,12,4634
39007,4591,A05,0,A00,A0,A0,E0,0,0,2021,4,55,62,16,10,6,1939
39009,4591,A05,0,A00,A0,A0,E0,0,0,2021,4,162,171,34,26,8,2870
39011,4591,A05,0,A00,A0,A0,E0,0,0,2021,4,61,58,7,10,-4,1681
39013,4591,A05,0,A00,A0,A0,E0,0,0,2021,4,77,88,37,27,10,1626
39017,4591,A05,0,A00,A0,A0,E0,0,0,2021,4,498,569,174,104,70,2180
39021,4591,A05,0,A00,A0,A0,E0,0,0,2021,4,,,,0,,2452
39023,4591,A05,0,A00,A0,A0,E0,0,0,2021,4,102,104,35,33,3,1931
39025,4591,A05,0,A00,A0,A0,E0,0,0,2021,4,261,294,90,58,33,2250
39027,4591,A05,0,A00,A0,A0,E0,0,0,2021,4,,,,,,1640
39029,4591,A05,0,A00,A0,A0,E0,0,0,2021,4,50,52,21,20,2,1905
39035,4591,A05,0,A00,A0,A0,E0,0,0,2021,4,1503,1682,583,405,179,2046
39037,4591,A05,0,A00,A0,A0,E0,0,0,2021,4,32,34,8,6,2,2069
39039,4591,A05,0,A00,A0,A0,E0,0,0,2021,4,83,88,22,17,5,2090
39041,4591,A05,0,A00,A0,A0,E0,0,0,2021,4,810,891,269,188,81,2145
39043,4591,A05,0,A00,A0,A0,E0,0,0,2021,4,123,137,43,28,15,2070
39045,4591,A05,0,A00,A0,A0,E0,0,0,2021,4,162,183,58,38,20,1871
39047,4591,A05,0,A00,A0,A0,E0,0,0,2021,4,32,41,19,10,9,1914
39049,4591,A05,0,A00,A0,A0,E0,0,0,2021,4,2315,2533,745,527,218,2227
39051,4591,A05,0,A00,A0,A0,E0,0,0,2021,4,32,32,18,17,1,1441
39053,4591,A05,0,A00,A0,A0,E0,0,0,2021,4,14,15,3,,1,1547
39055,4591,A05,0,A00,A0,A0,E0,0,0,2021,4,199,238,74,35,39,2394
39057,4591,A05,0,A00,A0,A0,E0,0,0,2021,4,332,368,124,87,37,1880
39059,4591,A05,0,A00,A0,A0,E0,0,0,2021,4,,,,,,1969
39061,4591,A05,0,A00,A0,A0,E0,0,0,2021,4,1452,1582,427,296,130,2121
39063,4591,A05,0,A00,A0,A0,E0,0,0,2021,4,113,124,37,26,11,2157
39065,4591,A05,0,A00,A0,A0,E0,0,0,2021,4,,,,,,2689
39067,4591,A05,0,A00,A0,A0,E0,0,0,2021,4,,,,,,1179
39071,4591,A05,0,A00,A0,A0,E0,0,0,2021,4,27,39,23,11,12,1859
39073,4591,A05,0,A00,A0,A0,E0,0,0,2021,4,,,0,0,,1906
39075,4591,A05,0,A00,A0,A0,E0,0,0,2021,4,114,115,10,8,2,3308
39077,4591,A05,0,A00,A0,A0,E0,0,0,2021,4,10,11,4,3,1,1087
39079,4591,A05,0,A00,A0,A0,E0,0,0,2021,4,13,14,4,3,1,1103
39081,4591,A05,0,A00,A0,A0,E0,0,0,2021,4,52,49,13,16,-3,1546
39083,4591,A05,0,A00,A0,A0,E0,0,0,2021,4,28,28,4,5,0,1889
39085,4591,A05,0,A00,A0,A0,E0,0,0,2021,4,296,330,101,67,35,1998
39087,4591,A05,0,A00,A0,A0,E0,0,0,2021,4,14,19,10,5,5,1324
39089,4591,A05,0,A00,A0,A0,E0,0,0,2021,4,357,390,111,78,33,3023
39091,4591,A05,0,A00,A0,A0,E0,0,0,2021,4,35,37,22,20,2,1569
39093,4591,A05,0,A00,A0,A0,E0,0,0,2021,4,335,366,134,103,31,2256
39095,4591,A05,0,A00,A0,A0,E0,0,0,2021,4,747,777,207,177,30,2222
39097,4591,A05,0,A00,A0,A0,E0,0,0,2021,4,,,,,,2029
39099,4591,A05,0,A00,A0,A0,E0,0,0,2021,4,342,368,106,79,27,2098
39101,4591,A05,0,A00,A0,A0,E0,0,0,2021,4,61,64,22,19,4,2044
39103,4591,A05,0,A00,A0,A0,E0,0,0,2021,4,219,229,61,50,11,2071
39107,4591,A05,0,A00,A0,A0,E0,0,0,2021,4,29,32,13,10,3,1634
39109,4591,A05,0,A00,A0,A0,E0,0,0,2021,4,87,97,36,25,11,2200
39113,4591,A05,0,A00,A0,A0,E0,0,0,2021,4,789,853,250,186,64,2118
39119,4591,A05,0,A00,A0,A0,E0,0,0,2021,4,650,647,906,909,-3,3524
39121,4591,A05,0,A00,A0,A0,E0,0,0,2021,4,,,0,0,,3391
39123,4591,A05,0,A00,A0,A0,E0,0,0,2021,4,,,0,,,988
39127,4591,A05,0,A00,A0,A0,E0,0,0,2021,4,,,,0,,2758
39129,4591,A05,0,A00,A0,A0,E0,0,0,2021,4,13,11,,5,-3,2035
39133,4591,A05,0,A00,A0,A0,E0,0,0,2021,4,224,247,62,40,22,2669
39137,4591,A05,0,A00,A0,A0,E0,0,0,2021,4,,,,,,1863
39139,4591,A05,0,A00,A0,A0,E0,0,0,2021,4,209,228,64,46,18,2050
39141,4591,A05,0,A00,A0,A0,E0,0,0,2021,4,130,144,46,31,15,1614
39143,4591,A05,0,A00,A0,A0,E0,0,0,2021,4,43,44,7,6,1,2646
39145,4591,A05,0,A00,A0,A0,E0,0,0,2021,4,26,27,9,8,0,1308
39147,4591,A05,0,A00,A0,A0,E0,0,0,2021,4,19,21,7,6,2,2254
39149,4591,A05,0,A00,A0,A0,E0,0,0,2021,4,,,,,,1557
39151,4591,A05,0,A00,A0,A0,E0,0,0,2021,4,619,662,190,147,43,2055
39153,4591,A05,0,A00,A0,A0,E0,0,0,2021,4,907,977,260,189,71,2428
39155,4591,A05,0,A00,A0,A0,E0,0,0,2021,4,162,188,69,44,26,2148
39157,4591,A05,0,A00,A0,A0,E0,0,0,2021,4,110,118,30,23,8,2039
39159,4591,A05,0,A00,A0,A0,E0,0,0,2021,4,13,16,5,3,3,1814
39161,4591,A05,0,A00,A0,A0,E0,0,0,2021,4,,,0,0,,2490
39165,4591,A05,0,A00,A0,A0,E0,0,0,2021,4,518,589,182,112,70,2101
39167,4591,A05,0,A00,A0,A0,E0,0,0,2021,4,65,57,10,17,-7,2028
39169,4591,A05,0,A00,A0,A0,E0,0,0,2021,4,136,151,52,38,14,1879
39171,4591,A05,0,A00,A0,A0,E0,0,0,2021,4,19,21,8,5,2,1501
39173,4591,A05,0,A00,A0,A0,E0,0,0,2021,4,256,277,84,63,21,1583
39175,4591,A05,0,A00,A0,A0,E0,0,0,2021,4,,,,,,771
39,4591,A05,0,A00,A0,A0,E0,0,0,2021,4,16502,18006,6094,4590,1504,2229
39001,4591,A05,0,A00,A0,A0,E0,0,0,2022,1,,,0,0,,1981
39003,4591,A05,0,A00,A0,A0,E0,0,0,2022,1,145,140,24,29,-5,1582
39005,4591,A05,0,A00,A0,A0,E0,0,0,2022,1,102,90,2,14,-12,2257
39007,4591,A05,0,A00,A0,A0,E0,0,0,2022,1,62,61,10,11,-1,1481
39009,4591,A05,0,A00,A0,A0,E0,0,0,2022,1,176,174,27,29,-2,3410
39011,4591,A05,0,A00,A0,A0,E0,0,0,2022,1,58,53,5,10,-5,1229
39013,4591,A05,0,A00,A0,A0,E0,0,0,2022,1,92,86,16,22,-6,1316
39017,4591,A05,0,A00,A0,A0,E0,0,0,2022,1,556,503,53,107,-54,1556
39023,4591,A05,0,A00,A0,A0,E0,0,0,2022,1,104,104,20,20,0,1529
39025,4591,A05,0,A00,A0,A0,E0,0,0,2022,1,273,268,50,54,-5,1774
39027,4591,A05,0,A00,A0,A0,E0,0,0,2022,1,,,,,,1185
39029,4591,A05,0,A00,A0,A0,E0,0,0,2022,1,52,49,10,13,-3,1388
39035,4591,A05,0,A00,A0,A0,E0,0,0,2022,1,1684,1553,228,358,-130,1672
39037,4591,A05,0,A00,A0,A0,E0,0,0,2022,1,34,33,4,6,-2,1687
39039,4591,A05,0,A00,A0,A0,E0,0,0,2022,1,88,80,17,24,-7,1640
39041,4591,A05,0,A00,A0,A0,E0,0,0,2022,1,877,829,125,173,-48,1822
39043,4591,A05,0,A00,A0,A0,E0,0,0,2022,1,137,127,13,23,-10,1494
39045,4591,A05,0,A00,A0,A0,E0,0,0,2022,1,182,167,22,38,-16,1448
39047,4591,A05,0,A00,A0,A0,E0,0,0,2022,1,38,32,3,10,-6,1351
39049,4591,A05,0,A00,A0,A0,E0,0,0,2022,1,2515,2367,326,474,-148,1924
39051,4591,A05,0,A00,A0,A0,E0,0,0,2022,1,32,29,,4,-3,780
39053,4591,A05,0,A00,A0,A0,E0,0,0,2022,1,15,14,,3,-1,1859
39055,4591,A05,0,A00,A0,A0,E0,0,0,2022,1,238,214,23,47,-24,2557
39057,4591,A05,0,A00,A0,A0,E0,0,0,2022,1,369,340,32,61,-29,1403
39059,4591,A05,0,A00,A0,A0,E0,0,0,2022,1,,,,,,1247
39061,4591,A05,0,A00,A0,A0,E0,0,0,2022,1,1596,1483,173,286,-113,1713
39063,4591,A05,0,A00,A0,A0,E0,0,0,2022,1,124,113,11,22,-11,1696
39065,4591,A05,0,A00,A0,A0,E0,0,0,2022,1,,,,,,2462
39067,4591,A05,0,A00,A0,A0,E0,0,0,2022,1,,,0,0,,1243
39071,4591,A05,0,A00,A0,A0,E0,0,0,2022,1,39,35,12,16,-4,1424
39073,4591,A05,0,A00,A0,A0,E0,0,0,2022,1,,,0,,,1923
39075,4591,A05,0,A00,A0,A0,E0,0,0,2022,1,115,122,12,6,6,2185
39077,4591,A05,0,A00,A0,A0,E0,0,0,2022,1,11,10,,,-1,1491
39079,4591,A05,0,A00,A0,A0,E0,0,0,2022,1,14,14,3,3,0,1123
39081,4591,A05,0,A00,A0,A0,E0,0,0,2022,1,49,50,11,11,0,1169
39083,4591,A05,0,A00,A0,A0,E0,0,0,2022,1,28,31,5,,3,1538
39085,4591,A05,0,A00,A0,A0,E0,0,0,2022,1,329,312,37,54,-17,1746
39087,4591,A05,0,A00,A0,A0,E0,0,0,2022,1,19,17,,3,-2,968
39089,4591,A05,0,A00,A0,A0,E0,0,0,2022,1,391,371,41,62,-20,2212
39091,4591,A05,0,A00,A0,A0,E0,0,0,2022,1,37,40,13,10,3,1008
39093,4591,A05,0,A00,A0,A0,E0,0,0,2022,1,367,332,40,75,-35,1355
39095,4591,A05,0,A00,A0,A0,E0,0,0,2022,1,669,654,95,110,-15,1916
39097,4591,A05,0,A00,A0,A0,E0,0,0,2022,1,,,,,,1404
39099,4591,A05,0,A00,A0,A0,E0,0,0,2022,1,369,342,29,56,-27,1613
39101,4591,A05,0,A00,A0,A0,E0,0,0,2022,1,64,62,10,12,-2,1617
39103,4591,A05,0,A00,A0,A0,E0,0,0,2022,1,225,225,37,37,0,1696
39107,4591,A05,0,A00,A0,A0,E0,0,0,2022,1,32,30,5,7,-2,1389
39109,4591,A05,0,A00,A0,A0,E0,0,0,2022,1,97,90,17,25,-8,1409
39113,4591,A05,0,A00,A0,A0,E0,0,0,2022,1,853,808,106,151,-46,1526
39119,4591,A05,0,A00,A0,A0,E0,0,0,2022,1,647,477,16,186,-170,2278
39121,4591,A05,0,A00,A0,A0,E0,0,0,2022,1,,,,0,,1983
39123,4591,A05,0,A00,A0,A0,E0,0,0,2022,1,,,,0,,876
39127,4591,A05,0,A00,A0,A0,E0,0,0,2022,1,,,,0,,2333
39129,4591,A05,0,A00,A0,A0,E0,0,0,2022,1,11,11,,,0,1636
39133,4591,A05,0,A00,A0,A0,E0,0,0,2022,1,247,235,27,38,-12,2214
39137,4591,A05,0,A00,A0,A0,E0,0,0,2022,1,,,0,0,,1676
39139,4591,A05,0,A00,A0,A0,E0,0,0,2022,1,228,218,32,43,-11,1706
39141,4591,A05,0,A00,A0,A0,E0,0,0,2022,1,145,133,15,27,-12,1268
39143,4591,A05,0,A00,A0,A0,E0,0,0,2022,1,44,43,4,4,0,2130
39145,4591,A05,0,A00,A0,A0,E0,0,0,2022,1,27,31,11,6,5,1187
39147,4591,A05,0,A00,A0,A0,E0,0,0,2022,1,21,19,,3,-2,1772
39149,4591,A05,0,A00,A0,A0,E0,0,0,2022,1,,,,,,1330
39151,4591,A05,0,A00,A0,A0,E0,0,0,2022,1,662,637,77,102,-25,1818
39153,4591,A05,0,A00,A0,A0,E0,0,0,2022,1,977,919,112,170,-58,1917
39155,4591,A05,0,A00,A0,A0,E0,0,0,2022,1,188,176,19,30,-11,1632
39157,4591,A05,0,A00,A0,A0,E0,0,0,2022,1,117,110,11,19,-8,1670
39159,4591,A05,0,A00,A0,A0,E0,0,0,2022,1,15,14,,,-1,1529
39161,4591,A05,0,A00,A0,A0,E0,0,0,2022,1,,,0,0,,2322
39165,4591,A05,0,A00,A0,A0,E0,0,0,2022,1,603,559,75,119,-44,1607
39167,4591,A05,0,A00,A0,A0,E0,0,0,2022,1,57,56,8,9,-1,2090
39169,4591,A05,0,A00,A0,A0,E0,0,0,2022,1,151,138,18,31,-13,1518
39171,4591,A05,0,A00,A0,A0,E0,0,0,2022,1,21,25,6,3,3,1365
39173,4591,A05,0,A00,A0,A0,E0,0,0,2022,1,269,238,18,49,-31,1298
39175,4591,A05,0,A00,A0,A0,E0,0,0,2022,1,,,,,,614
39,4591,A05,0,A00,A0,A0,E0,0,0,2022,1,17853,16669,2174,3358,-1183,1771
39001,4591,A05,0,A00,A0,A0,E0,0,0,2022,2,,,0,0,,2080
39003,4591,A05,0,A00,A0,A0,E0,0,0,2022,2,140,134,25,31,-6,1809
39005,4591,A05,0,A00,A0,A0,E0,0,0,2022,2,90,94,9,5,3,2903
39007,4591,A05,0,A00,A0,A0,E0,0,0,2022,2,61,71,25,15,10,1666
39009,4591,A05,0,A00,A0,A0,E0,0,0,2022,2,174,174,23,23,0,3641
39011,4591,A05,0,A00,A0,A0,E0,0,0,2022,2,53,51,4,6,-2,2222
39013,4591,A05,0,A00,A0,A0,E0,0,0,2022,2,86,82,19,22,-4,1390
39017,4591,A05,0,A00,A0,A0,E0,0,0,2022,2,504,509,101,97,5,1839
39023,4591,A05,0,A00,A0,A0,E0,0,0,2022,2,104,106,23,21,2,1787
39025,4591,A05,0,A00,A0,A0,E0,0,0,2022,2,268,274,63,57,6,2381
39027,4591,A05,0,A00,A0,A0,E0,0,0,2022,2,,,,,,1153
39029,4591,A05,0,A00,A0,A0,E0,0,0,2022,2,49,51,12,10,2,1677
39035,4591,A05,0,A00,A0,A0,E0,0,0,2022,2,1480,1526,399,354,46,2020
39037,4591,A05,0,A00,A0,A0,E0,0,0,2022,2,33,31,5,7,-2,1926
39039,4591,A05,0,A00,A0,A0,E0,0,0,2022,2,80,79,17,18,-1,2662
39041,4591,A05,0,A00,A0,A0,E0,0,0,2022,2,828,830,181,179,2,1975
39043,4591,A05,0,A00,A0,A0,E0,0,0,2022,2,127,128,25,24,1,1879
39045,4591,A05,0,A00,A0,A0,E0,0,0,2022,2,167,164,29,32,-3,1728
39047,4591,A05,0,A00,A0,A0,E0,0,0,2022,2,32,32,9,9,1,1651
39049,4591,A05,0,A00,A0,A0,E0,0,0,2022,2,2445,2493,550,502,48,2261
39051,4591,A05,0,A00,A0,A0,E0,0,0,2022,2,29,28,3,5,-2,1036
39053,4591,A05,0,A00,A0,A0,E0,0,0,2022,2,14,15,4,,1,1894
39055,4591,A05,0,A00,A0,A0,E0,0,0,2022,2,214,200,32,47,-14,2253
39057,4591,A05,0,A00,A0,A0,E0,0,0,2022,2,341,334,59,66,-7,1700
39059,4591,A05,0,A00,A0,A0,E0,0,0,2022,2,,,,,,1455
39061,4591,A05,0,A00,A0,A0,E0,0,0,2022,2,1496,1559,317,254,62,1905
39063,4591,A05,0,A00,A0,A0,E0,0,0,2022,2,113,114,20,19,1,1920
39065,4591,A05,0,A00,A0,A0,E0,0,0,2022,2,,,,0,,3236
39067,4591,A05,0,A00,A0,A0,E0,0,0,2022,2,,,0,,,954
39071,4591,A05,0,A00,A0,A0,E0,0,0,2022,2,35,38,22,19,3,1647
39073,4591,A05,0,A00,A0,A0,E0,0,0,2022,2,,,,,,2455
39075,4591,A05,0,A00,A0,A0,E0,0,0,2022,2,122,121,9,10,-1,2392
39077,4591,A05,0,A00,A0,A0,E0,0,0,2022,2,10,10,,,0,1737
39079,4591,A05,0,A00,A0,A0,E0,0,0,2022,2,14,14,,,0,1542
39081,4591,A05,0,A00,A0,A0,E0,0,0,2022,2,49,48,8,9,-1,1623
39083,4591,A05,0,A00,A0,A0,E0,0,0,2022,2,31,35,8,4,4,1715
39085,4591,A05,0,A00,A0,A0,E0,0,0,2022,2,312,298,57,71,-14,1878
39087,4591,A05,0,A00,A0,A0,E0,0,0,2022,2,17,20,5,,3,1154
39089,4591,A05,0,A00,A0,A0,E0,0,0,2022,2,371,360,61,71,-11,2941
39091,4591,A05,0,A00,A0,A0,E0,0,0,2022,2,40,41,17,16,1,1369
39093,4591,A05,0,A00,A0,A0,E0,0,0,2022,2,332,307,57,82,-25,1431
39095,4591,A05,0,A00,A0,A0,E0,0,0,2022,2,654,653,98,98,-1,2283
39097,4591,A05,0,A00,A0,A0,E0,0,0,2022,2,81,105,54,30,23,1676
39099,4591,A05,0,A00,A0,A0,E0,0,0,2022,2,342,340,56,59,-2,1959
39101,4591,A05,0,A00,A0,A0,E0,0,0,2022,2,62,57,9,14,-6,1760
39103,4591,A05,0,A00,A0,A0,E0,0,0,2022,2,233,229,42,46,-3,1847
39107,4591,A05,0,A00,A0,A0,E0,0,0,2022,2,30,31,11,10,1,1570
39109,4591,A05,0,A00,A0,A0,E0,0,0,2022,2,90,92,21,19,2,1531
39113,4591,A05,0,A00,A0,A0,E0,0,0,2022,2,808,810,143,141,2,1812
39119,4591,A05,0,A00,A0,A0,E0,0,0,2022,2,477,460,48,64,-17,2592
39121,4591,A05,0,A00,A0,A0,E0,0,0,2022,2,,,0,0,,4343
39123,4591,A05,0,A00,A0,A0,E0,0,0,2022,2,,,,,,1202
39127,4591,A05,0,A00,A0,A0,E0,0,0,2022,2,,,0,,,2225
39129,4591,A05,0,A00,A0,A0,E0,0,0,2022,2,11,14,12,9,3,1897
39133,4591,A05,0,A00,A0,A0,E0,0,0,2022,2,235,234,29,30,-1,2279
39137,4591,A05,0,A00,A0,A0,E0,0,0,2022,2,,,,,,1402
39139,4591,A05,0,A00,A0,A0,E0,0,0,2022,2,217,233,57,41,16,1907
39141,4591,A05,0,A00,A0,A0,E0,0,0,2022,2,133,138,37,32,5,1527
39143,4591,A05,0,A00,A0,A0,E0,0,0,2022,2,43,43,3,3,0,2313
39145,4591,A05,0,A00,A0,A0,E0,0,0,2022,2,31,27,5,9,-4,1450
39147,4591,A05,0,A00,A0,A0,E0,0,0,2022,2,19,20,2,,1,2098
39149,4591,A05,0,A00,A0,A0,E0,0,0,2022,2,,,,,,1697
39151,4591,A05,0,A00,A0,A0,E0,0,0,2022,2,637,632,118,122,-5,2002
39153,4591,A05,0,A00,A0,A0,E0,0,0,2022,2,920,922,181,178,2,2216
39155,4591,A05,0,A00,A0,A0,E0,0,0,2022,2,177,175,29,31,-2,1868
39157,4591,A05,0,A00,A0,A0,E0,0,0,2022,2,110,111,19,18,1,1945
39159,4591,A05,0,A00,A0,A0,E0,0,0,2022,2,14,15,,,0,1880
39161,4591,A05,0,A00,A0,A0,E0,0,0,2022,2,,,0,0,,2321
39165,4591,A05,0,A00,A0,A0,E0,0,0,2022,2,558,543,104,120,-15,1880
39167,4591,A05,0,A00,A0,A0,E0,0,0,2022,2,56,73,27,11,17,2256
39169,4591,A05,0,A00,A0,A0,E0,0,0,2022,2,138,136,25,27,-2,1752
39171,4591,A05,0,A00,A0,A0,E0,0,0,2022,2,25,24,,,0,1436
39173,4591,A05,0,A00,A0,A0,E0,0,0,2022,2,237,226,31,41,-10,1441
39175,4591,A05,0,A00,A0,A0,E0,0,0,2022,2,,,,0,,743
39,4591,A05,0,A00,A0,A0,E0,0,0,2022,2,16697,16816,3388,3269,119,2048
39001,4591,A05,0,A00,A0,A0,E0,0,0,2022,3,,,0,0,,2080
39003,4591,A05,0,A00,A0,A0,E0,0,0,2022,3,134,136,29,27,2,2039
39005,4591,A05,0,A00,A0,A0,E0,0,0,2022,3,94,101,19,12,7,2804
39007,4591,A05,0,A00,A0,A0,E0,0,0,2022,3,71,72,15,14,1,1630
39009,4591,A05,0,A00,A0,A0,E0,0,0,2022,3,174,168,14,20,-6,3190
39011,4591,A05,0,A00,A0,A0,E0,0,0,2022,3,51,55,6,,4,2038
39013,4591,A05,0,A00,A0,A0,E0,0,0,2022,3,82,82,21,21,0,1476
39017,4591,A05,0,A00,A0,A0,E0,0,0,2022,3,513,511,118,119,-2,1965
39023,4591,A05,0,A00,A0,A0,E0,0,0,2022,3,106,110,28,24,5,1861
39025,4591,A05,0,A00,A0,A0,E0,0,0,2022,3,278,302,91,67,24,2629
39027,4591,A05,0,A00,A0,A0,E0,0,0,2022,3,,,,,,1348
39029,4591,A05,0,A00,A0,A0,E0,0,0,2022,3,51,47,18,21,-4,1589
39035,4591,A05,0,A00,A0,A0,E0,0,0,2022,3,1585,1617,449,418,31,2003
39037,4591,A05,0,A00,A0,A0,E0,0,0,2022,3,31,33,9,6,2,2012
39039,4591,A05,0,A00,A0,A0,E0,0,0,2022,3,79,81,20,19,1,2237
39041,4591,A05,0,A00,A0,A0,E0,0,0,2022,3,833,777,185,241,-56,2015
39043,4591,A05,0,A00,A0,A0,E0,0,0,2022,3,128,124,24,28,-4,1991
39045,4591,A05,0,A00,A0,A0,E0,0,0,2022,3,164,163,36,37,-1,1856
39047,4591,A05,0,A00,A0,A0,E0,0,0,2022,3,32,29,7,11,-4,1678
39049,4591,A05,0,A00,A0,A0,E0,0,0,2022,3,2434,2384,498,548,-50,2258
39051,4591,A05,0,A00,A0,A0,E0,0,0,2022,3,28,33,6,,5,1084
39053,4591,A05,0,A00,A0,A0,E0,0,0,2022,3,15,14,3,4,-1,1795
39055,4591,A05,0,A00,A0,A0,E0,0,0,2022,3,199,205,47,40,6,2348
39057,4591,A05,0,A00,A0,A0,E0,0,0,2022,3,319,321,74,72,2,1730
39059,4591,A05,0,A00,A0,A0,E0,0,0,2022,3,,,,,,1643
39061,4591,A05,0,A00,A0,A0,E0,0,0,2022,3,1555,1511,337,381,-44,1939
39063,4591,A05,0,A00,A0,A0,E0,0,0,2022,3,114,112,25,27,-2,2071
39065,4591,A05,0,A00,A0,A0,E0,0,0,2022,3,,,0,,,2061
39067,4591,A05,0,A00,A0,A0,E0,0,0,2022,3,,,0,0,,1237
39071,4591,A05,0,A00,A0,A0,E0,0,0,2022,3,38,41,22,20,2,1686
39073,4591,A05,0,A00,A0,A0,E0,0,0,2022,3,,,,,,2168
39075,4591,A05,0,A00,A0,A0,E0,0,0,2022,3,122,124,12,10,2,2575
39077,4591,A05,0,A00,A0,A0,E0,0,0,2022,3,10,10,,,0,1671
39079,4591,A05,0,A00,A0,A0,E0,0,0,2022,3,14,14,4,5,0,1496
39081,4591,A05,0,A00,A0,A0,E0,0,0,2022,3,48,53,15,10,5,1652
39083,4591,A05,0,A00,A0,A0,E0,0,0,2022,3,35,33,8,9,-1,1576
39085,4591,A05,0,A00,A0,A0,E0,0,0,2022,3,299,304,81,76,6,1845
39087,4591,A05,0,A00,A0,A0,E0,0,0,2022,3,20,18,,4,-2,1091
39089,4591,A05,0,A00,A0,A0,E0,0,0,2022,3,360,361,59,58,1,2822
39091,4591,A05,0,A00,A0,A0,E0,0,0,2022,3,41,43,18,16,2,1450
39093,4591,A05,0,A00,A0,A0,E0,0,0,2022,3,307,306,81,83,-1,1675
39095,4591,A05,0,A00,A0,A0,E0,0,0,2022,3,654,670,133,116,16,2267
39097,4591,A05,0,A00,A0,A0,E0,0,0,2022,3,105,109,53,48,4,1767
39099,4591,A05,0,A00,A0,A0,E0,0,0,2022,3,340,333,68,75,-7,1962
39101,4591,A05,0,A00,A0,A0,E0,0,0,2022,3,57,54,13,16,-3,1962
39103,4591,A05,0,A00,A0,A0,E0,0,0,2022,3,229,238,62,54,9,2078
39107,4591,A05,0,A00,A0,A0,E0,0,0,2022,3,31,26,8,14,-5,1575
39109,4591,A05,0,A00,A0,A0,E0,0,0,2022,3,92,92,23,22,0,1777
39113,4591,A05,0,A00,A0,A0,E0,0,0,2022,3,825,827,203,201,2,1890
39119,4591,A05,0,A00,A0,A0,E0,0,0,2022,3,460,708,417,169,247,3398
39121,4591,A05,0,A00,A0,A0,E0,0,0,2022,3,,,0,0,,4498
39123,4591,A05,0,A00,A0,A0,E0,0,0,2022,3,,,,,,1499
39127,4591,A05,0,A00,A0,A0,E0,0,0,2022,3,,,,,,2630
39129,4591,A05,0,A00,A0,A0,E0,0,0,2022,3,14,11,3,6,-3,1840
39133,4591,A05,0,A00,A0,A0,E0,0,0,2022,3,234,232,47,49,-2,2548
39137,4591,A05,0,A00,A0,A0,E0,0,0,2022,3,,,,0,,1627
39139,4591,A05,0,A00,A0,A0,E0,0,0,2022,3,232,222,41,51,-10,1907
39141,4591,A05,0,A00,A0,A0,E0,0,0,2022,3,138,125,31,43,-13,1614
39143,4591,A05,0,A00,A0,A0,E0,0,0,2022,3,43,42,6,7,-1,2640
39145,4591,A05,0,A00,A0,A0,E0,0,0,2022,3,27,30,12,9,3,1647
39147,4591,A05,0,A00,A0,A0,E0,0,0,2022,3,20,21,6,5,1,2137
39149,4591,A05,0,A00,A0,A0,E0,0,0,2022,3,,,,,,1689
39151,4591,A05,0,A00,A0,A0,E0,0,0,2022,3,632,659,171,145,26,2232
39153,4591,A05,0,A00,A0,A0,E0,0,0,2022,3,922,941,215,196,19,2326
39155,4591,A05,0,A00,A0,A0,E0,0,0,2022,3,175,171,33,37,-4,1902
39157,4591,A05,0,A00,A0,A0,E0,0,0,2022,3,111,110,23,24,-1,2292
39159,4591,A05,0,A00,A0,A0,E0,0,0,2022,3,15,14,,,-1,2124
39161,4591,A05,0,A00,A0,A0,E0,0,0,2022,3,,,0,0,,2542
39165,4591,A05,0,A00,A0,A0,E0,0,0,2022,3,543,526,108,125,-17,1928
39167,4591,A05,0,A00,A0,A0,E0,0,0,2022,3,73,67,13,19,-6,1965
39169,4591,A05,0,A00,A0,A0,E0,0,0,2022,3,136,143,34,28,7,1820
39171,4591,A05,0,A00,A0,A0,E0,0,0,2022,3,24,24,3,3,0,1428
39173,4591,A05,0,A00,A0,A0,E0,0,0,2022,3,226,246,65,46,19,1645
39175,4591,A05,0,A00,A0,A0,E0,0,0,2022,3,,,0,,,753
39,4591,A05,0,A00,A0,A0,E0,0,0,2022,3,16822,17025,4184,3981,203,2121
39001,4591,A05,0,A00,A0,A0,E0,0,0,2022,4,,,,,,2605
39003,4591,A05,0,A00,A0,A0,E0,0,0,2022,4,136,140,36,32,4,2102
39005,4591,A05,0,A00,A0,A0,E0,0,0,2022,4,101,96,6,11,-4,3648
39007,4591,A05,0,A00,A0,A0,E0,0,0,2022,4,72,61,10,20,-11,1747
39009,4591,A05,0,A00,A0,A0,E0,0,0,2022,4,168,170,18,16,2,3126
39011,4591,A05,0,A00,A0,A0,E0,0,0,2022,4,55,52,6,9,-3,2204
39013,4591,A05,0,A00,A0,A0,E0,0,0,2022,4,82,85,32,30,2,1706
39017,4591,A05,0,A00,A0,A0,E0,0,0,2022,4,510,561,150,99,51,1948
39021,4591,A05,0,A00,A0,A0,E0,0,0,2022,4,0,0,,,0,
39023,4591,A05,0,A00,A0,A0,E0,0,0,2022,4,110,117,29,22,6,2059
39025,4591,A05,0,A00,A0,A0,E0,0,0,2022,4,301,313,75,63,12,2374
39027,4591,A05,0,A00,A0,A0,E0,0,0,2022,4,,,,,,1163
39029,4591,A05,0,A00,A0,A0,E0,0,0,2022,4,47,49,14,12,2,1768
39035,4591,A05,0,A00,A0,A0,E0,0,0,2022,4,1625,1799,521,346,174,1976
39037,4591,A05,0,A00,A0,A0,E0,0,0,2022,4,33,38,10,5,5,2038
39039,4591,A05,0,A00,A0,A0,E0,0,0,2022,4,81,83,19,17,2,2229
39041,4591,A05,0,A00,A0,A0,E0,0,0,2022,4,774,875,250,148,101,2038
39043,4591,A05,0,A00,A0,A0,E0,0,0,2022,4,124,135,43,32,10,1960
39045,4591,A05,0,A00,A0,A0,E0,0,0,2022,4,163,183,65,45,20,1852
39047,4591,A05,0,A00,A0,A0,E0,0,0,2022,4,29,33,12,7,5,1601
39049,4591,A05,0,A00,A0,A0,E0,0,0,2022,4,2340,2495,586,431,155,2161
39051,4591,A05,0,A00,A0,A0,E0,0,0,2022,4,33,28,11,16,-5,1438
39053,4591,A05,0,A00,A0,A0,E0,0,0,2022,4,14,15,4,3,1,1547
39055,4591,A05,0,A00,A0,A0,E0,0,0,2022,4,205,225,69,49,20,2165
39057,4591,A05,0,A00,A0,A0,E0,0,0,2022,4,321,354,108,76,33,1692
39059,4591,A05,0,A00,A0,A0,E0,0,0,2022,4,,,,,,1752
39061,4591,A05,0,A00,A0,A0,E0,0,0,2022,4,1493,1602,402,293,110,1996
39063,4591,A05,0,A00,A0,A0,E0,0,0,2022,4,112,121,37,29,9,2066
39065,4591,A05,0,A00,A0,A0,E0,0,0,2022,4,,,0,0,,4161
39067,4591,A05,0,A00,A0,A0,E0,0,0,2022,4,,,,,,1703
39071,4591,A05,0,A00,A0,A0,E0,0,0,2022,4,41,40,20,21,-1,1658
39073,4591,A05,0,A00,A0,A0,E0,0,0,2022,4,,,0,0,,1914
39075,4591,A05,0,A00,A0,A0,E0,0,0,2022,4,124,126,11,9,2,2905
39077,4591,A05,0,A00,A0,A0,E0,0,0,2022,4,10,12,3,,1,1644
39079,4591,A05,0,A00,A0,A0,E0,0,0,2022,4,14,15,3,,1,1569
39081,4591,A05,0,A00,A0,A0,E0,0,0,2022,4,54,57,13,9,3,1512
39083,4591,A05,0,A00,A0,A0,E0,0,0,2022,4,33,32,5,6,-1,1714
39085,4591,A05,0,A00,A0,A0,E0,0,0,2022,4,304,332,94,66,28,1859
39087,4591,A05,0,A00,A0,A0,E0,0,0,2022,4,18,17,,3,-1,996
39089,4591,A05,0,A00,A0,A0,E0,0,0,2022,4,361,379,72,54,18,2898
39091,4591,A05,0,A00,A0,A0,E0,0,0,2022,4,43,51,20,11,9,1384
39093,4591,A05,0,A00,A0,A0,E0,0,0,2022,4,306,352,122,77,45,2160
39095,4591,A05,0,A00,A0,A0,E0,0,0,2022,4,670,704,158,124,34,2262
39097,4591,A05,0,A00,A0,A0,E0,0,0,2022,4,109,111,44,42,2,1679
39099,4591,A05,0,A00,A0,A0,E0,0,0,2022,4,332,351,83,64,19,2064
39101,4591,A05,0,A00,A0,A0,E0,0,0,2022,4,54,65,29,17,11,2176
39103,4591,A05,0,A00,A0,A0,E0,0,0,2022,4,238,247,56,47,9,1925
39107,4591,A05,0,A00,A0,A0,E0,0,0,2022,4,26,26,11,11,0,1527
39109,4591,A05,0,A00,A0,A0,E0,0,0,2022,4,92,101,24,15,9,2124
39113,4591,A05,0,A00,A0,A0,E0,0,0,2022,4,796,850,233,180,53,1988
39119,4591,A05,0,A00,A0,A0,E0,0,0,2022,4,708,746,1207,1168,39,2989
39121,4591,A05,0,A00,A0,A0,E0,0,0,2022,4,,,0,0,,5523
39123,4591,A05,0,A00,A0,A0,E0,0,0,2022,4,,,,,,903
39127,4591,A05,0,A00,A0,A0,E0,0,0,2022,4,,,0,,,2472
39129,4591,A05,0,A00,A0,A0,E0,0,0,2022,4,11,9,3,5,-2,1311
39133,4591,A05,0,A00,A0,A0,E0,0,0,2022,4,232,259,77,49,27,2598
39137,4591,A05,0,A00,A0,A0,E0,0,0,2022,4,,,,,,1408
39139,4591,A05,0,A00,A0,A0,E0,0,0,2022,4,223,236,63,50,13,2016
39141,4591,A05,0,A00,A0,A0,E0,0,0,2022,4,125,140,48,33,15,1745
39143,4591,A05,0,A00,A0,A0,E0,0,0,2022,4,42,40,6,8,-2,2606
39145,4591,A05,0,A00,A0,A0,E0,0,0,2022,4,30,29,5,6,-2,1299
39147,4591,A05,0,A00,A0,A0,E0,0,0,2022,4,21,19,6,8,-1,1933
39149,4591,A05,0,A00,A0,A0,E0,0,0,2022,4,,,,,,1696
39151,4591,A05,0,A00,A0,A0,E0,0,0,2022,4,630,650,152,132,20,2040
39153,4591,A05,0,A00,A0,A0,E0,0,0,2022,4,941,995,246,192,54,2263
39155,4591,A05,0,A00,A0,A0,E0,0,0,2022,4,171,189,60,42,18,2010
39157,4591,A05,0,A00,A0,A0,E0,0,0,2022,4,109,115,22,15,6,2235
39159,4591,A05,0,A00,A0,A0,E0,0,0,2022,4,14,15,2,,1,1916
39161,4591,A05,0,A00,A0,A0,E0,0,0,2022,4,,,0,0,,2331
39165,4591,A05,0,A00,A0,A0,E0,0,0,2022,4,525,572,145,99,47,1942
39167,4591,A05,0,A00,A0,A0,E0,0,0,2022,4,67,64,11,14,-4,2161
39169,4591,A05,0,A00,A0,A0,E0,0,0,2022,4,143,159,51,35,16,1761
39171,4591,A05,0,A00,A0,A0,E0,0,0,2022,4,24,24,4,4,0,1521
39173,4591,A05,0,A00,A0,A0,E0,0,0,2022,4,246,282,94,59,36,1613
39175,4591,A05,0,A00,A0,A0,E0,0,0,2022,4,,,0,0,,952
39,4591,A05,0,A00,A0,A0,E0,0,0,2022,4,16909,18133,5736,4512,1225,2127
39001,4591,A05,0,A00,A0,A0,E0,0,0,2023,1,,,0,0,,2166
39003,4591,A05,0,A00,A0,A0,E0,0,0,2023,1,140,138,21,24,-2,1953
39005,4591,A05,0,A00,A0,A0,E0,0,0,2023,1,96,91,6,12,-6,2803
39007,4591,A05,0,A00,A0,A0,E0,0,0,2023,1,61,60,4,5,-1,1643
39009,4591,A05,0,A00,A0,A0,E0,0,0,2023,1,165,151,8,22,-14,3146
39011,4591,A05,0,A00,A0,A0,E0,0,0,2023,1,52,49,,5,-3,1812
39013,4591,A05,0,A00,A0,A0,E0,0,0,2023,1,84,82,12,15,-3,1338
39017,4591,A05,0,A00,A0,A0,E0,0,0,2023,1,568,537,73,104,-31,1875
39023,4591,A05,0,A00,A0,A0,E0,0,0,2023,1,117,106,17,27,-10,1758
39025,4591,A05,0,A00,A0,A0,E0,0,0,2023,1,314,298,38,54,-16,2069
39027,4591,A05,0,A00,A0,A0,E0,0,0,2023,1,,,,,,1213
39029,4591,A05,0,A00,A0,A0,E0,0,0,2023,1,49,45,7,12,-5,1527
39035,4591,A05,0,A00,A0,A0,E0,0,0,2023,1,1807,1626,212,393,-181,1961
39037,4591,A05,0,A00,A0,A0,E0,0,0,2023,1,38,34,3,7,-4,1929
39039,4591,A05,0,A00,A0,A0,E0,0,0,2023,1,83,81,8,11,-2,2078
39041,4591,A05,0,A00,A0,A0,E0,0,0,2023,1,874,787,98,185,-87,1969
39043,4591,A05,0,A00,A0,A0,E0,0,0,2023,1,135,111,9,33,-23,1772
39045,4591,A05,0,A00,A0,A0,E0,0,0,2023,1,183,164,20,39,-19,1693
39047,4591,A05,0,A00,A0,A0,E0,0,0,2023,1,33,28,,7,-5,1316
39049,4591,A05,0,A00,A0,A0,E0,0,0,2023,1,2456,2294,265,427,-162,2223
39051,4591,A05,0,A00,A0,A0,E0,0,0,2023,1,28,25,0,3,-3,899
39053,4591,A05,0,A00,A0,A0,E0,0,0,2023,1,15,15,,,0,1685
39055,4591,A05,0,A00,A0,A0,E0,0,0,2023,1,247,230,41,58,-17,2553
39057,4591,A05,0,A00,A0,A0,E0,0,0,2023,1,352,325,39,66,-27,1741
39059,4591,A05,0,A00,A0,A0,E0,0,0,2023,1,,,0,,,1382
39061,4591,A05,0,A00,A0,A0,E0,0,0,2023,1,1595,1496,202,301,-99,1886
39063,4591,A05,0,A00,A0,A0,E0,0,0,2023,1,121,111,12,22,-10,1986
39065,4591,A05,0,A00,A0,A0,E0,0,0,2023,1,,,0,0,,3882
39067,4591,A05,0,A00,A0,A0,E0,0,0,2023,1,,,0,,,1319
39071,4591,A05,0,A00,A0,A0,E0,0,0,2023,1,40,38,9,10,-2,1609
39073,4591,A05,0,A00,A0,A0,E0,0,0,2023,1,,,,0,,1873
39075,4591,A05,0,A00,A0,A0,E0,0,0,2023,1,126,123,5,7,-3,2367
39077,4591,A05,0,A00,A0,A0,E0,0,0,2023,1,12,9,0,2,-2,1470
39079,4591,A05,0,A00,A0,A0,E0,0,0,2023,1,15,13,,5,-2,1636
39081,4591,A05,0,A00,A0,A0,E0,0,0,2023,1,56,55,10,11,-1,1527
39083,4591,A05,0,A00,A0,A0,E0,0,0,2023,1,32,30,3,6,-2,1458
39085,4591,A05,0,A00,A0,A0,E0,0,0,2023,1,333,309,42,66,-23,1854
39087,4591,A05,0,A00,A0,A0,E0,0,0,2023,1,17,16,,,-1,1343
39089,4591,A05,0,A00,A0,A0,E0,0,0,2023,1,379,358,33,53,-21,4441
39091,4591,A05,0,A00,A0,A0,E0,0,0,2023,1,51,51,12,13,0,1206
39093,4591,A05,0,A00,A0,A0,E0,0,0,2023,1,350,312,34,72,-38,1588
39095,4591,A05,0,A00,A0,A0,E0,0,0,2023,1,703,640,71,133,-63,2235
39097,4591,A05,0,A00,A0,A0,E0,0,0,2023,1,111,101,31,41,-9,1774
39099,4591,A05,0,A00,A0,A0,E0,0,0,2023,1,352,328,36,60,-24,1925
39101,4591,A05,0,A00,A0,A0,E0,0,0,2023,1,65,57,9,17,-8,1677
39103,4591,A05,0,A00,A0,A0,E0,0,0,2023,1,247,230,31,48,-17,1879
39107,4591,A05,0,A00,A0,A0,E0,0,0,2023,1,26,25,4,5,-1,1393
39109,4591,A05,0,A00,A0,A0,E0,0,0,2023,1,101,101,14,13,0,1591
39113,4591,A05,0,A00,A0,A0,E0,0,0,2023,1,834,769,107,172,-64,1813
39119,4591,A05,0,A00,A0,A0,E0,0,0,2023,1,746,449,17,314,-297,1957
39121,4591,A05,0,A00,A0,A0,E0,0,0,2023,1,,,,,,3379
39123,4591,A05,0,A00,A0,A0,E0,0,0,2023,1,,,,,,1024
39127,4591,A05,0,A00,A0,A0,E0,0,0,2023,1,,,,0,,2809
39129,4591,A05,0,A00,A0,A0,E0,0,0,2023,1,9,10,4,4,0,1904
39133,4591,A05,0,A00,A0,A0,E0,0,0,2023,1,238,216,19,41,-21,2457
39137,4591,A05,0,A00,A0,A0,E0,0,0,2023,1,,,0,,,1546
39139,4591,A05,0,A00,A0,A0,E0,0,0,2023,1,236,221,22,37,-15,1862
39141,4591,A05,0,A00,A0,A0,E0,0,0,2023,1,140,130,19,29,-10,1608
39143,4591,A05,0,A00,A0,A0,E0,0,0,2023,1,40,39,3,5,-1,2452
39145,4591,A05,0,A00,A0,A0,E0,0,0,2023,1,29,24,4,8,-5,1510
39147,4591,A05,0,A00,A0,A0,E0,0,0,2023,1,19,18,3,4,-1,1974
39149,4591,A05,0,A00,A0,A0,E0,0,0,2023,1,,,,,,1845
39151,4591,A05,0,A00,A0,A0,E0,0,0,2023,1,634,618,92,108,-16,1995
39153,4591,A05,0,A00,A0,A0,E0,0,0,2023,1,994,943,133,184,-51,2110
39155,4591,A05,0,A00,A0,A0,E0,0,0,2023,1,189,181,23,31,-9,1892
39157,4591,A05,0,A00,A0,A0,E0,0,0,2023,1,115,106,12,21,-9,1998
39159,4591,A05,0,A00,A0,A0,E0,0,0,2023,1,225,149,8,84,-76,3835
39161,4591,A05,0,A00,A0,A0,E0,0,0,2023,1,,,0,0,,2307
39163,4591,A05,0,A00,A0,A0,E0,0,0,2023,1,,,,,,1055
39165,4591,A05,0,A00,A0,A0,E0,0,0,2023,1,572,530,72,115,-43,1803
39167,4591,A05,0,A00,A0,A0,E0,0,0,2023,1,64,66,9,7,2,1986
39169,4591,A05,0,A00,A0,A0,E0,0,0,2023,1,159,151,19,27,-8,1674
39171,4591,A05,0,A00,A0,A0,E0,0,0,2023,1,24,21,,4,-3,1515
39173,4591,A05,0,A00,A0,A0,E0,0,0,2023,1,280,259,28,49,-21,1487
39175,4591,A05,0,A00,A0,A0,E0,0,0,2023,1,,,,,,966
39,4591,A05,0,A00,A0,A0,E0,0,0,2023,1,18276,16683,2062,3655,-1593,2044
39001,4591,A05,0,A00,A0,A0,E0,0,0,2023,2,3,7,4,0,4,2321
39003,4591,A05,0,A00,A0,A0,E0,0,0,2023,2,138,138,22,23,0,1937
39005,4591,A05,0,A00,A0,A0,E0,0,0,2023,2,91,92,4,2,1,2573
39007,4591,A05,0,A00,A0,A0,E0,0,0,2023,2,60,79,31,13,19,1801
39009,4591,A05,0,A00,A0,A0,E0,0,0,2023,2,151,149,24,26,-2,3147
39011,4591,A05,0,A00,A0,A0,E0,0,0,2023,2,49,52,9,5,3,2219
39013,4591,A05,0,A00,A0,A0,E0,0,0,2023,2,82,78,17,21,-4,1351
39017,4591,A05,0,A00,A0,A0,E0,0,0,2023,2,536,537,93,92,0,1863
39023,4591,A05,0,A00,A0,A0,E0,0,0,2023,2,106,102,12,17,-5,1820
39025,4591,A05,0,A00,A0,A0,E0,0,0,2023,2,297,287,44,53,-10,2138
39027,4591,A05,0,A00,A0,A0,E0,0,0,2023,2,,,,0,,9941
39029,4591,A05,0,A00,A0,A0,E0,0,0,2023,2,45,47,13,11,2,1880
39031,4591,A05,0,A00,A0,A0,E0,0,0,2023,2,,,,,,3165
39035,4591,A05,0,A00,A0,A0,E0,0,0,2023,2,1617,1611,279,285,-6,1932
39037,4591,A05,0,A00,A0,A0,E0,0,0,2023,2,34,32,5,7,-2,1967
39039,4591,A05,0,A00,A0,A0,E0,0,0,2023,2,81,80,13,14,-1,2005
39041,4591,A05,0,A00,A0,A0,E0,0,0,2023,2,786,804,154,136,17,1963
39043,4591,A05,0,A00,A0,A0,E0,0,0,2023,2,111,114,22,19,3,1619
39045,4591,A05,0,A00,A0,A0,E0,0,0,2023,2,163,150,14,26,-13,1558
39047,4591,A05,0,A00,A0,A0,E0,0,0,2023,2,28,29,6,6,1,1419
39049,4591,A05,0,A00,A0,A0,E0,0,0,2023,2,2297,2341,386,342,44,2167
39051,4591,A05,0,A00,A0,A0,E0,0,0,2023,2,25,27,,0,2,1056
39053,4591,A05,0,A00,A0,A0,E0,0,0,2023,2,15,14,,4,-2,1538
39055,4591,A05,0,A00,A0,A0,E0,0,0,2023,2,231,239,38,30,8,2049
39057,4591,A05,0,A00,A0,A0,E0,0,0,2023,2,326,335,61,52,9,1591
39059,4591,A05,0,A00,A0,A0,E0,0,0,2023,2,,,,,,1328
39061,4591,A05,0,A00,A0,A0,E0,0,0,2023,2,1494,1505,259,247,11,1846
39063,4591,A05,0,A00,A0,A0,E0,0,0,2023,2,111,110,18,19,-1,1924
39065,4591,A05,0,A00,A0,A0,E0,0,0,2023,2,,,0,0,,3967
39067,4591,A05,0,A00,A0,A0,E0,0,0,2023,2,,,0,0,,1547
39071,4591,A05,0,A00,A0,A0,E0,0,0,2023,2,38,35,12,15,-3,1720
39073,4591,A05,0,A00,A0,A0,E0,0,0,2023,2,,,,,,1545
39075,4591,A05,0,A00,A0,A0,E0,0,0,2023,2,124,122,7,9,-2,2521
39077,4591,A05,0,A00,A0,A0,E0,0,0,2023,2,9,8,,3,-1,1301
39079,4591,A05,0,A00,A0,A0,E0,0,0,2023,2,13,12,,3,-1,1618
39081,4591,A05,0,A00,A0,A0,E0,0,0,2023,2,56,53,9,12,-3,1433
39083,4591,A05,0,A00,A0,A0,E0,0,0,2023,2,30,27,6,9,-2,1631
39085,4591,A05,0,A00,A0,A0,E0,0,0,2023,2,309,299,48,59,-10,1803
39087,4591,A05,0,A00,A0,A0,E0,0,0,2023,2,16,19,4,,3,1288
39089,4591,A05,0,A00,A0,A0,E0,0,0,2023,2,358,354,53,57,-4,2743
39091,4591,A05,0,A00,A0,A0,E0,0,0,2023,2,51,50,10,11,-1,1200
39093,4591,A05,0,A00,A0,A0,E0,0,0,2023,2,312,312,59,59,0,1772
39095,4591,A05,0,A00,A0,A0,E0,0,0,2023,2,641,622,90,109,-19,2125
39097,4591,A05,0,A00,A0,A0,E0,0,0,2023,2,101,84,12,30,-18,1358
39099,4591,A05,0,A00,A0,A0,E0,0,0,2023,2,329,324,48,53,-5,1817
39101,4591,A05,0,A00,A0,A0,E0,0,0,2023,2,57,58,13,12,1,1819
39103,4591,A05,0,A00,A0,A0,E0,0,0,2023,2,230,229,40,41,-1,1900
39107,4591,A05,0,A00,A0,A0,E0,0,0,2023,2,25,26,8,7,2,1697
39109,4591,A05,0,A00,A0,A0,E0,0,0,2023,2,101,97,12,16,-4,1632
39113,4591,A05,0,A00,A0,A0,E0,0,0,2023,2,769,755,126,140,-15,1748
39119,4591,A05,0,A00,A0,A0,E0,0,0,2023,2,426,415,50,60,-10,3138
39121,4591,A05,0,A00,A0,A0,E0,0,0,2023,2,,,,0,,5485
39123,4591,A05,0,A00,A0,A0,E0,0,0,2023,2,,,,,,1484
39127,4591,A05,0,A00,A0,A0,E0,0,0,2023,2,,,0,0,,2804
39129,4591,A05,0,A00,A0,A0,E0,0,0,2023,2,10,18,10,,8,1794
39133,4591,A05,0,A00,A0,A0,E0,0,0,2023,2,216,221,42,37,5,2502
39137,4591,A05,0,A00,A0,A0,E0,0,0,2023,2,,,0,,,1543
39139,4591,A05,0,A00,A0,A0,E0,0,0,2023,2,221,213,29,36,-7,1817
39141,4591,A05,0,A00,A0,A0,E0,0,0,2023,2,130,121,22,30,-9,1540
39143,4591,A05,0,A00,A0,A0,E0,0,0,2023,2,39,39,5,5,0,2651
39145,4591,A05,0,A00,A0,A0,E0,0,0,2023,2,24,26,7,5,2,1502
39147,4591,A05,0,A00,A0,A0,E0,0,0,2023,2,18,18,,,0,2285
39149,4591,A05,0,A00,A0,A0,E0,0,0,2023,2,,,,,,1875
39151,4591,A05,0,A00,A0,A0,E0,0,0,2023,2,618,624,119,114,5,1909
39153,4591,A05,0,A00,A0,A0,E0,0,0,2023,2,945,954,155,146,9,2128
39155,4591,A05,0,A00,A0,A0,E0,0,0,2023,2,181,180,31,32,-1,1771
39157,4591,A05,0,A00,A0,A0,E0,0,0,2023,2,107,112,21,16,5,1957
39159,4591,A05,0,A00,A0,A0,E0,0,0,2023,2,149,148,14,15,-1,5928
39161,4591,A05,0,A00,A0,A0,E0,0,0,2023,2,,,0,0,,2408
39163,4591,A05,0,A00,A0,A0,E0,0,0,2023,2,,,,,,1142
39165,4591,A05,0,A00,A0,A0,E0,0,0,2023,2,530,532,92,89,3,1857
39167,4591,A05,0,A00,A0,A0,E0,0,0,2023,2,66,69,12,9,3,1666
39169,4591,A05,0,A00,A0,A0,E0,0,0,2023,2,151,144,23,29,-7,1546
39171,4591,A05,0,A00,A0,A0,E0,0,0,2023,2,21,19,3,5,-2,1619
39173,4591,A05,0,A00,A0,A0,E0,0,0,2023,2,261,259,53,55,-2,1603
39175,4591,A05,0,A00,A0,A0,E0,0,0,2023,2,,,,0,,863
39,4591,A05,0,A00,A0,A0,E0,0,0,2023,2,16678,16678,2800,2799,0,2029
39001,4591,A05,0,A00,A0,A0,E0,0,0,2023,3,7,6,0,,-1,3935
39003,4591,A05,0,A00,A0,A0,E0,0,0,2023,3,138,142,27,23,4,2099
39005,4591,A05,0,A00,A0,A0,E0,0,0,2023,3,92,97,15,10,5,3067
39007,4591,A05,0,A00,A0,A0,E0,0,0,2023,3,79,64,15,30,-15,1564
39009,4591,A05,0,A00,A0,A0,E0,0,0,2023,3,149,142,17,24,-7,3336
39011,4591,A05,0,A00,A0,A0,E0,0,0,2023,3,52,53,4,4,0,1801
39013,4591,A05,0,A00,A0,A0,E0,0,0,2023,3,78,80,24,21,3,1314
39017,4591,A05,0,A00,A0,A0,E0,0,0,2023,3,536,526,96,106,-10,1961
39023,4591,A05,0,A00,A0,A0,E0,0,0,2023,3,102,106,21,17,4,1839
39025,4591,A05,0,A00,A0,A0,E0,0,0,2023,3,289,280,43,52,-9,2168
39027,4591,A05,0,A00,A0,A0,E0,0,0,2023,3,,,,,,6715
39029,4591,A05,0,A00,A0,A0,E0,0,0,2023,3,47,52,14,8,5,1633
39031,4591,A05,0,A00,A0,A0,E0,0,0,2023,3,,,,,,2976
39035,4591,A05,0,A00,A0,A0,E0,0,0,2023,3,1612,1627,373,357,15,2049
39037,4591,A05,0,A00,A0,A0,E0,0,0,2023,3,32,33,8,6,2,2107
39039,4591,A05,0,A00,A0,A0,E0,0,0,2023,3,80,85,19,14,5,2208
39041,4591,A05,0,A00,A0,A0,E0,0,0,2023,3,804,777,164,190,-26,1977
39043,4591,A05,0,A00,A0,A0,E0,0,0,2023,3,114,155,69,29,41,1997
39045,4591,A05,0,A00,A0,A0,E0,0,0,2023,3,151,148,31,34,-2,1828
39047,4591,A05,0,A00,A0,A0,E0,0,0,2023,3,29,24,5,9,-4,1629
39049,4591,A05,0,A00,A0,A0,E0,0,0,2023,3,2339,2291,430,478,-49,2256
39051,4591,A05,0,A00,A0,A0,E0,0,0,2023,3,27,33,8,,6,1051
39053,4591,A05,0,A00,A0,A0,E0,0,0,2023,3,14,15,6,4,2,1750
39055,4591,A05,0,A00,A0,A0,E0,0,0,2023,3,240,247,57,50,7,2248
39057,4591,A05,0,A00,A0,A0,E0,0,0,2023,3,335,334,68,68,-1,1718
39059,4591,A05,0,A00,A0,A0,E0,0,0,2023,3,,,,,,1661
39061,4591,A05,0,A00,A0,A0,E0,0,0,2023,3,1505,1414,296,387,-91,1931
39063,4591,A05,0,A00,A0,A0,E0,0,0,2023,3,110,111,19,18,1,2143
39065,4591,A05,0,A00,A0,A0,E0,0,0,2023,3,,,0,0,,3859
39067,4591,A05,0,A00,A0,A0,E0,0,0,2023,3,,,0,0,,1846
39071,4591,A05,0,A00,A0,A0,E0,0,0,2023,3,35,35,13,14,-1,1729
39073,4591,A05,0,A00,A0,A0,E0,0,0,2023,3,,,,,,1856
39075,4591,A05,0,A00,A0,A0,E0,0,0,2023,3,123,129,12,6,6,2620
39077,4591,A05,0,A00,A0,A0,E0,0,0,2023,3,8,8,,,0,1265
39079,4591,A05,0,A00,A0,A0,E0,0,0,2023,3,12,12,3,4,0,1710
39081,4591,A05,0,A00,A0,A0,E0,0,0,2023,3,51,73,32,10,22,1525
39083,4591,A05,0,A00,A0,A0,E0,0,0,2023,3,27,28,4,3,1,1453
39085,4591,A05,0,A00,A0,A0,E0,0,0,2023,3,298,291,69,76,-7,1859
39087,4591,A05,0,A00,A0,A0,E0,0,0,2023,3,19,20,,0,1,1215
39089,4591,A05,0,A00,A0,A0,E0,0,0,2023,3,355,348,53,59,-7,2744
39091,4591,A05,0,A00,A0,A0,E0,0,0,2023,3,50,50,11,12,-1,1280
39093,4591,A05,0,A00,A0,A0,E0,0,0,2023,3,312,316,65,61,4,1914
39095,4591,A05,0,A00,A0,A0,E0,0,0,2023,3,621,638,119,102,17,2415
39097,4591,A05,0,A00,A0,A0,E0,0,0,2023,3,84,65,22,41,-19,1737
39099,4591,A05,0,A00,A0,A0,E0,0,0,2023,3,323,316,55,63,-7,1871
39101,4591,A05,0,A00,A0,A0,E0,0,0,2023,3,58,57,12,13,-1,1684
39103,4591,A05,0,A00,A0,A0,E0,0,0,2023,3,229,219,45,55,-10,2087
39107,4591,A05,0,A00,A0,A0,E0,0,0,2023,3,26,23,8,11,-3,1333
39109,4591,A05,0,A00,A0,A0,E0,0,0,2023,3,97,101,26,22,4,1597
39113,4591,A05,0,A00,A0,A0,E0,0,0,2023,3,754,763,174,165,9,1846
39119,4591,A05,0,A00,A0,A0,E0,0,0,2023,3,433,714,466,185,281,3185
39121,4591,A05,0,A00,A0,A0,E0,0,0,2023,3,,,0,0,,3887
39123,4591,A05,0,A00,A0,A0,E0,0,0,2023,3,,,,,,1226
39127,4591,A05,0,A00,A0,A0,E0,0,0,2023,3,,,0,0,,2828
39129,4591,A05,0,A00,A0,A0,E0,0,0,2023,3,18,14,,6,-4,1464
39133,4591,A05,0,A00,A0,A0,E0,0,0,2023,3,221,220,35,37,-2,2687
39137,4591,A05,0,A00,A0,A0,E0,0,0,2023,3,,,0,0,,2012
39139,4591,A05,0,A00,A0,A0,E0,0,0,2023,3,214,213,43,44,-1,1869
39141,4591,A05,0,A00,A0,A0,E0,0,0,2023,3,122,115,29,35,-6,1706
39143,4591,A05,0,A00,A0,A0,E0,0,0,2023,3,39,41,4,,2,2568
39145,4591,A05,0,A00,A0,A0,E0,0,0,2023,3,26,23,6,9,-3,1543
39147,4591,A05,0,A00,A0,A0,E0,0,0,2023,3,18,17,3,4,-2,2172
39149,4591,A05,0,A00,A0,A0,E0,0,0,2023,3,,,,,,2140
39151,4591,A05,0,A00,A0,A0,E0,0,0,2023,3,624,635,143,132,11,2070
39153,4591,A05,0,A00,A0,A0,E0,0,0,2023,3,953,930,164,188,-23,2207
39155,4591,A05,0,A00,A0,A0,E0,0,0,2023,3,180,199,49,30,19,1809
39157,4591,A05,0,A00,A0,A0,E0,0,0,2023,3,111,114,25,22,3,1955
39159,4591,A05,0,A00,A0,A0,E0,0,0,2023,3,148,189,51,10,42,4938
39161,4591,A05,0,A00,A0,A0,E0,0,0,2023,3,,,0,0,,2342
39163,4591,A05,0,A00,A0,A0,E0,0,0,2023,3,,,,,,1211
39165,4591,A05,0,A00,A0,A0,E0,0,0,2023,3,532,509,91,114,-24,1910
39167,4591,A05,0,A00,A0,A0,E0,0,0,2023,3,69,59,5,15,-10,1988
39169,4591,A05,0,A00,A0,A0,E0,0,0,2023,3,144,146,35,33,2,1657
39171,4591,A05,0,A00,A0,A0,E0,0,0,2023,3,19,19,5,4,0,1882
39173,4591,A05,0,A00,A0,A0,E0,0,0,2023,3,259,253,56,62,-6,1560
39175,4591,A05,0,A00,A0,A0,E0,0,0,2023,3,,,,0,,1020
39,4591,A05,0,A00,A0,A0,E0,0,0,2023,3,16683,16859,3792,3616,176,2117
39001,4591,A05,0,A00,A0,A0,E0,0,0,2023,4,,,,,,5310
39003,4591,A05,0,A00,A0,A0,E0,0,0,2023,4,142,151,47,38,9,2135
39005,4591,A05,0,A00,A0,A0,E0,0,0,2023,4,97,102,10,5,5,4052
39007,4591,A05,0,A00,A0,A0,E0,0,0,2023,4,64,63,11,11,0,2031
39009,4591,A05,0,A00,A0,A0,E0,0,0,2023,4,129,132,18,15,4,3067
39011,4591,A05,0,A00,A0,A0,E0,0,0,2023,4,53,54,9,7,1,2185
39013,4591,A05,0,A00,A0,A0,E0,0,0,2023,4,80,89,30,22,9,1497
39017,4591,A05,0,A00,A0,A0,E0,0,0,2023,4,526,580,169,116,54,2035
39023,4591,A05,0,A00,A0,A0,E0,0,0,2023,4,106,122,40,23,17,2058
39025,4591,A05,0,A00,A0,A0,E0,0,0,2023,4,279,309,79,48,30,2405
39027,4591,A05,0,A00,A0,A0,E0,0,0,2023,4,,,,,,11879
39029,4591,A05,0,A00,A0,A0,E0,0,0,2023,4,52,54,15,13,2,1803
39031,4591,A05,0,A00,A0,A0,E0,0,0,2023,4,,,,,,3217
39035,4591,A05,0,A00,A0,A0,E0,0,0,2023,4,1630,1802,458,285,173,2040
39037,4591,A05,0,A00,A0,A0,E0,0,0,2023,4,33,35,6,5,1,2316
39039,4591,A05,0,A00,A0,A0,E0,0,0,2023,4,85,87,17,15,2,2162
39041,4591,A05,0,A00,A0,A0,E0,0,0,2023,4,778,840,214,153,62,1930
39043,4591,A05,0,A00,A0,A0,E0,0,0,2023,4,155,168,48,35,13,2005
39045,4591,A05,0,A00,A0,A0,E0,0,0,2023,4,148,155,47,41,6,1798
39047,4591,A05,0,A00,A0,A0,E0,0,0,2023,4,24,30,13,7,6,1616
39049,4591,A05,0,A00,A0,A0,E0,0,0,2023,4,2292,2426,526,392,135,2224
39051,4591,A05,0,A00,A0,A0,E0,0,0,2023,4,33,31,11,13,-2,1494
39053,4591,A05,0,A00,A0,A0,E0,0,0,2023,4,15,13,4,6,-2,1350
39055,4591,A05,0,A00,A0,A0,E0,0,0,2023,4,246,282,85,49,36,2536
39057,4591,A05,0,A00,A0,A0,E0,0,0,2023,4,334,372,104,67,38,1621
39059,4591,A05,0,A00,A0,A0,E0,0,0,2023,4,,,,,,2156
39061,4591,A05,0,A00,A0,A0,E0,0,0,2023,4,1421,1529,361,253,109,2084
39063,4591,A05,0,A00,A0,A0,E0,0,0,2023,4,112,123,37,25,12,2156
39065,4591,A05,0,A00,A0,A0,E0,0,0,2023,4,,0,0,,,4147
39067,4591,A05,0,A00,A0,A0,E0,0,0,2023,4,,,0,0,,1916
39071,4591,A05,0,A00,A0,A0,E0,0,0,2023,4,35,27,12,20,-7,1960
39073,4591,A05,0,A00,A0,A0,E0,0,0,2023,4,,,0,0,,2279
39075,4591,A05,0,A00,A0,A0,E0,0,0,2023,4,129,125,4,8,-4,3049
39077,4591,A05,0,A00,A0,A0,E0,0,0,2023,4,8,8,,,0,1292
39079,4591,A05,0,A00,A0,A0,E0,0,0,2023,4,12,12,4,5,0,1563
39081,4591,A05,0,A00,A0,A0,E0,0,0,2023,4,73,75,35,33,2,1442
39083,4591,A05,0,A00,A0,A0,E0,0,0,2023,4,28,30,4,3,1,1792
39085,4591,A05,0,A00,A0,A0,E0,0,0,2023,4,292,328,98,61,37,1923
39087,4591,A05,0,A00,A0,A0,E0,0,0,2023,4,20,17,,4,-3,1059
39089,4591,A05,0,A00,A0,A0,E0,0,0,2023,4,347,365,62,44,18,2759
39091,4591,A05,0,A00,A0,A0,E0,0,0,2023,4,50,51,13,11,1,1350
39093,4591,A05,0,A00,A0,A0,E0,0,0,2023,4,316,359,119,77,42,2260
39095,4591,A05,0,A00,A0,A0,E0,0,0,2023,4,638,691,160,107,53,2208
39097,4591,A05,0,A00,A0,A0,E0,0,0,2023,4,65,67,24,22,2,1808
39099,4591,A05,0,A00,A0,A0,E0,0,0,2023,4,315,327,70,59,12,1958
39101,4591,A05,0,A00,A0,A0,E0,0,0,2023,4,57,62,17,11,5,2019
39103,4591,A05,0,A00,A0,A0,E0,0,0,2023,4,219,234,63,48,15,2091
39107,4591,A05,0,A00,A0,A0,E0,0,0,2023,4,23,26,8,5,3,1646
39109,4591,A05,0,A00,A0,A0,E0,0,0,2023,4,102,108,23,18,6,1750
39113,4591,A05,0,A00,A0,A0,E0,0,0,2023,4,764,807,198,154,44,1985
39119,4591,A05,0,A00,A0,A0,E0,0,0,2023,4,714,614,925,1025,-100,3049
39121,4591,A05,0,A00,A0,A0,E0,0,0,2023,4,,,0,0,,4713
39123,4591,A05,0,A00,A0,A0,E0,0,0,2023,4,,,,,,682
39127,4591,A05,0,A00,A0,A0,E0,0,0,2023,4,,,0,0,,2774
39129,4591,A05,0,A00,A0,A0,E0,0,0,2023,4,14,11,3,6,-3,1433
39133,4591,A05,0,A00,A0,A0,E0,0,0,2023,4,220,229,45,36,9,2777
39137,4591,A05,0,A00,A0,A0,E0,0,0,2023,4,,,,0,,2425
39139,4591,A05,0,A00,A0,A0,E0,0,0,2023,4,213,240,69,41,28,2023
39141,4591,A05,0,A00,A0,A0,E0,0,0,2023,4,115,123,39,31,8,1781
39143,4591,A05,0,A00,A0,A0,E0,0,0,2023,4,41,41,6,5,1,2656
39145,4591,A05,0,A00,A0,A0,E0,0,0,2023,4,23,23,8,8,0,1438
39147,4591,A05,0,A00,A0,A0,E0,0,0,2023,4,17,17,4,3,1,2689
39149,4591,A05,0,A00,A0,A0,E0,0,0,2023,4,,,,,,1693
39151,4591,A05,0,A00,A0,A0,E0,0,0,2023,4,635,683,188,140,48,2089
39153,4591,A05,0,A00,A0,A0,E0,0,0,2023,4,929,972,191,149,43,2284
39155,4591,A05,0,A00,A0,A0,E0,0,0,2023,4,201,308,153,46,107,2096
39157,4591,A05,0,A00,A0,A0,E0,0,0,2023,4,115,118,24,21,3,2247
39159,4591,A05,0,A00,A0,A0,E0,0,0,2023,4,189,209,52,32,20,7204
39161,4591,A05,0,A00,A0,A0,E0,0,0,2023,4,,,0,0,,2373
39163,4591,A05,0,A00,A0,A0,E0,0,0,2023,4,,,,,,1106
39165,4591,A05,0,A00,A0,A0,E0,0,0,2023,4,502,550,142,95,48,2033
39167,4591,A05,0,A00,A0,A0,E0,0,0,2023,4,59,56,5,9,-4,2206
39169,4591,A05,0,A00,A0,A0,E0,0,0,2023,4,145,148,35,33,2,1631
39171,4591,A05,0,A00,A0,A0,E0,0,0,2023,4,19,22,6,3,2,1993
39173,4591,A05,0,A00,A0,A0,E0,0,0,2023,4,252,273,79,58,21,1694
39175,4591,A05,0,A00,A0,A0,E0,0,0,2023,4,,,,0,,955
39,4591,A05,0,A00,A0,A0,E0,0,0,2023,4,16850,18024,5291,4117,1174,2222
39001,4591,A05,0,A00,A0,A0,E0,0,0,2024,1,,,0,0,,4456
39003,4591,A05,0,A00,A0,A0,E0,0,0,2024,1,151,153,31,28,3,1963
39005,4591,A05,0,A00,A0,A0,E0,0,0,2024,1,102,91,4,16,-11,2849
39007,4591,A05,0,A00,A0,A0,E0,0,0,2024,1,63,61,9,11,-2,1590
39009,4591,A05,0,A00,A0,A0,E0,0,0,2024,1,132,129,9,13,-4,3174
39011,4591,A05,0,A00,A0,A0,E0,0,0,2024,1,54,55,3,,1,1754
39013,4591,A05,0,A00,A0,A0,E0,0,0,2024,1,89,82,10,17,-7,1264
39017,4591,A05,0,A00,A0,A0,E0,0,0,2024,1,575,533,60,102,-42,1853
39023,4591,A05,0,A00,A0,A0,E0,0,0,2024,1,122,123,26,25,1,1691
39025,4591,A05,0,A00,A0,A0,E0,0,0,2024,1,305,282,30,53,-23,2016
39027,4591,A05,0,A00,A0,A0,E0,0,0,2024,1,,,,,,7649
39029,4591,A05,0,A00,A0,A0,E0,0,0,2024,1,54,49,8,13,-5,1441
39031,4591,A05,0,A00,A0,A0,E0,0,0,2024,1,,,0,,,2192
39035,4591,A05,0,A00,A0,A0,E0,0,0,2024,1,1793,1644,226,376,-149,1829
39037,4591,A05,0,A00,A0,A0,E0,0,0,2024,1,35,32,3,6,-2,2118
39039,4591,A05,0,A00,A0,A0,E0,0,0,2024,1,87,82,8,12,-4,1990
39041,4591,A05,0,A00,A0,A0,E0,0,0,2024,1,852,771,102,183,-81,1803
39043,4591,A05,0,A00,A0,A0,E0,0,0,2024,1,120,109,15,26,-11,1480
39045,4591,A05,0,A00,A0,A0,E0,0,0,2024,1,153,142,20,31,-11,1703
39047,4591,A05,0,A00,A0,A0,E0,0,0,2024,1,30,25,,7,-5,1215
39049,4591,A05,0,A00,A0,A0,E0,0,0,2024,1,2430,2293,287,424,-137,2178
39051,4591,A05,0,A00,A0,A0,E0,0,0,2024,1,31,30,3,3,0,853
39053,4591,A05,0,A00,A0,A0,E0,0,0,2024,1,,,,,,1804
39055,4591,A05,0,A00,A0,A0,E0,0,0,2024,1,280,235,14,58,-45,2259
39057,4591,A05,0,A00,A0,A0,E0,0,0,2024,1,369,352,47,63,-16,1537
39059,4591,A05,0,A00,A0,A0,E0,0,0,2024,1,,,,,,2199
39061,4591,A05,0,A00,A0,A0,E0,0,0,2024,1,1522,1406,180,296,-116,1892
39063,4591,A05,0,A00,A0,A0,E0,0,0,2024,1,121,114,13,20,-8,1960
39067,4591,A05,0,A00,A0,A0,E0,0,0,2024,1,,,0,,,663
39071,4591,A05,0,A00,A0,A0,E0,0,0,2024,1,27,20,3,10,-7,1218
39073,4591,A05,0,A00,A0,A0,E0,0,0,2024,1,,,,0,,2269
39075,4591,A05,0,A00,A0,A0,E0,0,0,2024,1,124,122,6,8,-1,2542
39077,4591,A05,0,A00,A0,A0,E0,0,0,2024,1,8,8,,,0,1165
39079,4591,A05,0,A00,A0,A0,E0,0,0,2024,1,,,,,,1727
39081,4591,A05,0,A00,A0,A0,E0,0,0,2024,1,75,66,11,20,-9,1195
39083,4591,A05,0,A00,A0,A0,E0,0,0,2024,1,30,30,3,3,1,1455
39085,4591,A05,0,A00,A0,A0,E0,0,0,2024,1,326,314,52,63,-12,1737
39087,4591,A05,0,A00,A0,A0,E0,0,0,2024,1,17,15,,4,-3,1143
39089,4591,A05,0,A00,A0,A0,E0,0,0,2024,1,363,365,64,62,2,3240
39091,4591,A05,0,A00,A0,A0,E0,0,0,2024,1,51,42,5,14,-9,1178
39093,4591,A05,0,A00,A0,A0,E0,0,0,2024,1,434,398,39,74,-35,1835
39095,4591,A05,0,A00,A0,A0,E0,0,0,2024,1,674,637,91,128,-37,2341
39097,4591,A05,0,A00,A0,A0,E0,0,0,2024,1,67,69,27,24,3,1789
39099,4591,A05,0,A00,A0,A0,E0,0,0,2024,1,325,300,27,53,-25,1745
39101,4591,A05,0,A00,A0,A0,E0,0,0,2024,1,62,58,5,9,-4,1672
39103,4591,A05,0,A00,A0,A0,E0,0,0,2024,1,234,232,41,43,-2,1920
39107,4591,A05,0,A00,A0,A0,E0,0,0,2024,1,26,25,3,4,-1,1249
39109,4591,A05,0,A00,A0,A0,E0,0,0,2024,1,112,113,13,12,1,1537
39113,4591,A05,0,A00,A0,A0,E0,0,0,2024,1,800,755,78,124,-45,1794
39119,4591,A05,0,A00,A0,A0,E0,0,0,2024,1,614,520,81,174,-94,2461
39121,4591,A05,0,A00,A0,A0,E0,0,0,2024,1,,,0,0,,3480
39123,4591,A05,0,A00,A0,A0,E0,0,0,2024,1,,,,,,443
39127,4591,A05,0,A00,A0,A0,E0,0,0,2024,1,,,,0,,3122
39129,4591,A05,0,A00,A0,A0,E0,0,0,2024,1,11,12,,,0,1706
39133,4591,A05,0,A00,A0,A0,E0,0,0,2024,1,221,205,15,31,-16,2586
39137,4591,A05,0,A00,A0,A0,E0,0,0,2024,1,,,0,,,2023
39139,4591,A05,0,A00,A0,A0,E0,0,0,2024,1,239,216,25,47,-23,1676
39141,4591,A05,0,A00,A0,A0,E0,0,0,2024,1,122,113,20,29,-9,1603
39143,4591,A05,0,A00,A0,A0,E0,0,0,2024,1,41,39,3,6,-2,2281
39145,4591,A05,0,A00,A0,A0,E0,0,0,2024,1,23,22,4,5,-1,1761
39147,4591,A05,0,A00,A0,A0,E0,0,0,2024,1,17,19,4,,2,2274
39149,4591,A05,0,A00,A0,A0,E0,0,0,2024,1,,,,,,1847
39151,4591,A05,0,A00,A0,A0,E0,0,0,2024,1,678,645,91,124,-33,1843
39153,4591,A05,0,A00,A0,A0,E0,0,0,2024,1,1022,990,137,169,-32,2082
39155,4591,A05,0,A00,A0,A0,E0,0,0,2024,1,305,272,16,49,-33,1627
39157,4591,A05,0,A00,A0,A0,E0,0,0,2024,1,117,113,14,18,-4,1831
39159,4591,A05,0,A00,A0,A0,E0,0,0,2024,1,209,166,13,56,-43,4202
39161,4591,A05,0,A00,A0,A0,E0,0,0,2024,1,,,0,0,,2315
39163,4591,A05,0,A00,A0,A0,E0,0,0,2024,1,,,,0,,1379
39165,4591,A05,0,A00,A0,A0,E0,0,0,2024,1,541,515,73,99,-26,1808
39167,4591,A05,0,A00,A0,A0,E0,0,0,2024,1,56,59,13,10,3,2284
39169,4591,A05,0,A00,A0,A0,E0,0,0,2024,1,146,135,19,30,-11,1547
39171,4591,A05,0,A00,A0,A0,E0,0,0,2024,1,22,25,8,4,4,1781
39173,4591,A05,0,A00,A0,A0,E0,0,0,2024,1,275,251,25,49,-24,1512
39175,4591,A05,0,A00,A0,A0,E0,0,0,2024,1,,,,,,808
39,4591,A05,0,A00,A0,A0,E0,0,0,2024,1,18027,16820,2161,3368,-1207,1992
39001,4591,A05,0,A00,A0,A0,E0,0,0,2024,2,,,0,0,,4960
39003,4591,A05,0,A00,A0,A0,E0,0,0,2024,2,153,149,22,27,-5,2175
39005,4591,A05,0,A00,A0,A0,E0,0,0,2024,2,91,99,15,7,8,2739
39007,4591,A05,0,A00,A0,A0,E0,0,0,2024,2,61,76,25,10,15,1892
39009,4591,A05,0,A00,A0,A0,E0,0,0,2024,2,129,131,11,9,2,3778
39011,4591,A05,0,A00,A0,A0,E0,0,0,2024,2,55,56,6,5,1,2003
39013,4591,A05,0,A00,A0,A0,E0,0,0,2024,2,82,81,16,17,-1,1432
39017,4591,A05,0,A00,A0,A0,E0,0,0,2024,2,614,583,90,120,-30,1933
39021,4591,A05,0,A00,A0,A0,E0,0,0,2024,2,0,,,,,
39023,4591,A05,0,A00,A0,A0,E0,0,0,2024,2,123,124,26,26,1,1856
39025,4591,A05,0,A00,A0,A0,E0,0,0,2024,2,282,282,48,48,0,2248
39027,4591,A05,0,A00,A0,A0,E0,0,0,2024,2,7,10,4,,3,9516
39029,4591,A05,0,A00,A0,A0,E0,0,0,2024,2,49,44,10,15,-5,1619
39031,4591,A05,0,A00,A0,A0,E0,0,0,2024,2,,,,,,2457
39035,4591,A05,0,A00,A0,A0,E0,0,0,2024,2,1643,1587,252,308,-57,1951
39037,4591,A05,0,A00,A0,A0,E0,0,0,2024,2,32,32,4,4,-1,2097
39039,4591,A05,0,A00,A0,A0,E0,0,0,2024,2,82,78,10,15,-4,1973
39041,4591,A05,0,A00,A0,A0,E0,0,0,2024,2,783,767,132,148,-16,1932
39043,4591,A05,0,A00,A0,A0,E0,0,0,2024,2,109,112,21,18,3,1500
39045,4591,A05,0,A00,A0,A0,E0,0,0,2024,2,142,138,18,22,-4,1756
39047,4591,A05,0,A00,A0,A0,E0,0,0,2024,2,25,21,6,10,-4,1251
39049,4591,A05,0,A00,A0,A0,E0,0,0,2024,2,2293,2245,328,376,-48,2254
39051,4591,A05,0,A00,A0,A0,E0,0,0,2024,2,190,202,54,42,12,2809
39053,4591,A05,0,A00,A0,A0,E0,0,0,2024,2,,,,,,1643
39055,4591,A05,0,A00,A0,A0,E0,0,0,2024,2,235,223,29,41,-12,2101
39057,4591,A05,0,A00,A0,A0,E0,0,0,2024,2,367,350,53,69,-16,1627
39059,4591,A05,0,A00,A0,A0,E0,0,0,2024,2,,,,,,2343
39061,4591,A05,0,A00,A0,A0,E0,0,0,2024,2,1298,1329,229,198,31,1952
39063,4591,A05,0,A00,A0,A0,E0,0,0,2024,2,114,107,16,22,-7,1913
39065,4591,A05,0,A00,A0,A0,E0,0,0,2024,2,0,,,0,,
39067,4591,A05,0,A00,A0,A0,E0,0,0,2024,2,,,0,0,,1764
39071,4591,A05,0,A00,A0,A0,E0,0,0,2024,2,20,18,7,9,-2,1726
39073,4591,A05,0,A00,A0,A0,E0,0,0,2024,2,,,,0,,1894
39075,4591,A05,0,A00,A0,A0,E0,0,0,2024,2,122,121,10,12,-1,2700
39077,4591,A05,0,A00,A0,A0,E0,0,0,2024,2,8,8,,,0,1173
39079,4591,A05,0,A00,A0,A0,E0,0,0,2024,2,,,,,,1544
39081,4591,A05,0,A00,A0,A0,E0,0,0,2024,2,66,66,16,17,-1,1551
39083,4591,A05,0,A00,A0,A0,E0,0,0,2024,2,30,29,3,5,-1,1559
39085,4591,A05,0,A00,A0,A0,E0,0,0,2024,2,314,300,36,50,-14,1768
39087,4591,A05,0,A00,A0,A0,E0,0,0,2024,2,15,17,5,3,2,1146
39089,4591,A05,0,A00,A0,A0,E0,0,0,2024,2,365,360,45,50,-5,3048
39091,4591,A05,0,A00,A0,A0,E0,0,0,2024,2,42,43,6,5,1,1439
39093,4591,A05,0,A00,A0,A0,E0,0,0,2024,2,387,382,51,56,-5,1894
39095,4591,A05,0,A00,A0,A0,E0,0,0,2024,2,478,471,78,85,-7,1981
39097,4591,A05,0,A00,A0,A0,E0,0,0,2024,2,69,58,20,32,-12,1669
39099,4591,A05,0,A00,A0,A0,E0,0,0,2024,2,300,292,35,43,-8,1877
39101,4591,A05,0,A00,A0,A0,E0,0,0,2024,2,58,55,10,14,-4,1788
39103,4591,A05,0,A00,A0,A0,E0,0,0,2024,2,232,222,41,52,-10,1957
39107,4591,A05,0,A00,A0,A0,E0,0,0,2024,2,25,24,7,8,-2,1497
39109,4591,A05,0,A00,A0,A0,E0,0,0,2024,2,113,105,13,20,-7,1608
39113,4591,A05,0,A00,A0,A0,E0,0,0,2024,2,755,739,116,131,-15,1817
39119,4591,A05,0,A00,A0,A0,E0,0,0,2024,2,520,544,192,168,24,2801
39121,4591,A05,0,A00,A0,A0,E0,0,0,2024,2,,,0,0,,3688
39123,4591,A05,0,A00,A0,A0,E0,0,0,2024,2,,,,,,1188
39127,4591,A05,0,A00,A0,A0,E0,0,0,2024,2,15,11,5,9,-4,2958
39129,4591,A05,0,A00,A0,A0,E0,0,0,2024,2,12,13,10,8,2,1715
39133,4591,A05,0,A00,A0,A0,E0,0,0,2024,2,204,199,23,29,-6,2623
39137,4591,A05,0,A00,A0,A0,E0,0,0,2024,2,,,0,0,,1892
39139,4591,A05,0,A00,A0,A0,E0,0,0,2024,2,216,198,21,39,-18,1869
39141,4591,A05,0,A00,A0,A0,E0,0,0,2024,2,113,110,21,24,-3,1629
39143,4591,A05,0,A00,A0,A0,E0,0,0,2024,2,39,40,3,,1,2778
39145,4591,A05,0,A00,A0,A0,E0,0,0,2024,2,22,19,3,5,-2,1561
39147,4591,A05,0,A00,A0,A0,E0,0,0,2024,2,19,19,4,4,0,2134
39149,4591,A05,0,A00,A0,A0,E0,0,0,2024,2,,,,,,1558
39151,4591,A05,0,A00,A0,A0,E0,0,0,2024,2,645,639,95,101,-6,1952
39153,4591,A05,0,A00,A0,A0,E0,0,0,2024,2,990,993,140,138,3,2230
39155,4591,A05,0,A00,A0,A0,E0,0,0,2024,2,278,265,20,33,-13,1768
39157,4591,A05,0,A00,A0,A0,E0,0,0,2024,2,113,111,13,14,-1,2002
39159,4591,A05,0,A00,A0,A0,E0,0,0,2024,2,166,173,29,23,6,5461
39161,4591,A05,0,A00,A0,A0,E0,0,0,2024,2,,,0,0,,2350
39163,4591,A05,0,A00,A0,A0,E0,0,0,2024,2,,,,0,,1334
39165,4591,A05,0,A00,A0,A0,E0,0,0,2024,2,515,486,77,106,-29,1860
39167,4591,A05,0,A00,A0,A0,E0,0,0,2024,2,59,69,17,7,10,1995
39169,4591,A05,0,A00,A0,A0,E0,0,0,2024,2,135,131,18,22,-4,1744
39171,4591,A05,0,A00,A0,A0,E0,0,0,2024,2,25,28,5,2,3,1606
39173,4591,A05,0,A00,A0,A0,E0,0,0,2024,2,258,242,36,52,-16,1594
39175,4591,A05,0,A00,A0,A0,E0,0,0,2024,2,,,0,0,,703
39,4591,A05,0,A00,A0,A0,E0,0,0,2024,2,16822,16553,2691,2960,-269,2089
39001,4591,A05,0,A00,A0,A0,E0,0,0,2024,3,6,5,,,-1,4403
39003,4591,A05,0,A00,A0,A0,E0,0,0,2024,3,149,157,39,32,8,2259
39005,4591,A05,0,A00,A0,A0,E0,0,0,2024,3,99,100,10,8,1,3126
39007,4591,A05,0,A00,A0,A0,E0,0,0,2024,3,76,62,15,29,-14,1561
39009,4591,A05,0,A00,A0,A0,E0,0,0,2024,3,131,125,13,19,-6,3084
39011,4591,A05,0,A00,A0,A0,E0,0,0,2024,3,56,70,23,10,13,1853
39013,4591,A05,0,A00,A0,A0,E0,0,0,2024,3,81,79,17,20,-3,1464
39017,4591,A05,0,A00,A0,A0,E0,0,0,2024,3,583,563,88,108,-20,2071
39021,4591,A05,0,A00,A0,A0,E0,0,0,2024,3,,,,,,701
39023,4591,A05,0,A00,A0,A0,E0,0,0,2024,3,124,166,61,18,43,2075
39025,4591,A05,0,A00,A0,A0,E0,0,0,2024,3,282,278,40,44,-4,2365
39027,4591,A05,0,A00,A0,A0,E0,0,0,2024,3,10,10,,,-1,6161
39029,4591,A05,0,A00,A0,A0,E0,0,0,2024,3,44,41,7,11,-3,1667
39031,4591,A05,0,A00,A0,A0,E0,0,0,2024,3,,,,,,2381
39035,4591,A05,0,A00,A0,A0,E0,0,0,2024,3,1587,1569,320,338,-18,2092
39037,4591,A05,0,A00,A0,A0,E0,0,0,2024,3,32,30,3,5,-2,2265
39039,4591,A05,0,A00,A0,A0,E0,0,0,2024,3,78,81,19,16,2,2223
39041,4591,A05,0,A00,A0,A0,E0,0,0,2024,3,767,767,147,147,0,2090
39043,4591,A05,0,A00,A0,A0,E0,0,0,2024,3,112,109,23,26,-3,1769
39045,4591,A05,0,A00,A0,A0,E0,0,0,2024,3,138,146,35,27,9,2020
39047,4591,A05,0,A00,A0,A0,E0,0,0,2024,3,21,20,4,5,0,1588
39049,4591,A05,0,A00,A0,A0,E0,0,0,2024,3,2245,2180,348,413,-65,2376
39051,4591,A05,0,A00,A0,A0,E0,0,0,2024,3,202,186,36,51,-16,3539
39053,4591,A05,0,A00,A0,A0,E0,0,0,2024,3,,,,,,2008
39055,4591,A05,0,A00,A0,A0,E0,0,0,2024,3,223,243,55,35,20,2345
39057,4591,A05,0,A00,A0,A0,E0,0,0,2024,3,350,359,72,64,8,1757
39059,4591,A05,0,A00,A0,A0,E0,0,0,2024,3,,,,,,2340
39061,4591,A05,0,A00,A0,A0,E0,0,0,2024,3,1342,1291,239,290,-51,1991
39063,4591,A05,0,A00,A0,A0,E0,0,0,2024,3,107,110,25,22,3,2150
39065,4591,A05,0,A00,A0,A0,E0,0,0,2024,3,,,,0,,2689
39067,4591,A05,0,A00,A0,A0,E0,0,0,2024,3,,,,0,,1720
39071,4591,A05,0,A00,A0,A0,E0,0,0,2024,3,18,18,6,5,0,1789
39073,4591,A05,0,A00,A0,A0,E0,0,0,2024,3,,,0,,,1561
39075,4591,A05,0,A00,A0,A0,E0,0,0,2024,3,121,123,7,5,2,2687
39077,4591,A05,0,A00,A0,A0,E0,0,0,2024,3,8,7,0,,-1,1178
39079,4591,A05,0,A00,A0,A0,E0,0,0,2024,3,,,,,,1792
39081,4591,A05,0,A00,A0,A0,E0,0,0,2024,3,66,64,21,23,-2,1528
39083,4591,A05,0,A00,A0,A0,E0,0,0,2024,3,29,29,4,3,0,1504
39085,4591,A05,0,A00,A0,A0,E0,0,0,2024,3,300,286,50,64,-14,1794
39087,4591,A05,0,A00,A0,A0,E0,0,0,2024,3,17,21,5,,4,1128
39089,4591,A05,0,A00,A0,A0,E0,0,0,2024,3,360,359,53,55,-2,2818
39091,4591,A05,0,A00,A0,A0,E0,0,0,2024,3,43,42,7,8,-1,1410
39093,4591,A05,0,A00,A0,A0,E0,0,0,2024,3,382,394,67,55,12,2168
39095,4591,A05,0,A00,A0,A0,E0,0,0,2024,3,471,477,104,98,6,2118
39097,4591,A05,0,A00,A0,A0,E0,0,0,2024,3,58,28,14,44,-30,1585
39099,4591,A05,0,A00,A0,A0,E0,0,0,2024,3,292,292,45,44,0,1902
39101,4591,A05,0,A00,A0,A0,E0,0,0,2024,3,55,56,13,11,1,1833
39103,4591,A05,0,A00,A0,A0,E0,0,0,2024,3,222,245,62,38,24,2241
39107,4591,A05,0,A00,A0,A0,E0,0,0,2024,3,24,25,9,7,2,1380
39109,4591,A05,0,A00,A0,A0,E0,0,0,2024,3,105,102,13,16,-3,1695
39113,4591,A05,0,A00,A0,A0,E0,0,0,2024,3,739,722,117,134,-17,1948
39119,4591,A05,0,A00,A0,A0,E0,0,0,2024,3,544,608,235,171,64,2635
39121,4591,A05,0,A00,A0,A0,E0,0,0,2024,3,,,0,0,,3608
39123,4591,A05,0,A00,A0,A0,E0,0,0,2024,3,,,,,,1044
39127,4591,A05,0,A00,A0,A0,E0,0,0,2024,3,,,,,,2838
39129,4591,A05,0,A00,A0,A0,E0,0,0,2024,3,13,15,7,5,2,1128
39133,4591,A05,0,A00,A0,A0,E0,0,0,2024,3,211,207,34,38,-4,2826
39137,4591,A05,0,A00,A0,A0,E0,0,0,2024,3,,,0,,,2062
39139,4591,A05,0,A00,A0,A0,E0,0,0,2024,3,198,199,37,36,1,2009
39141,4591,A05,0,A00,A0,A0,E0,0,0,2024,3,110,109,23,24,-1,1796
39143,4591,A05,0,A00,A0,A0,E0,0,0,2024,3,40,44,8,5,3,2737
39145,4591,A05,0,A00,A0,A0,E0,0,0,2024,3,19,19,7,8,0,2081
39147,4591,A05,0,A00,A0,A0,E0,0,0,2024,3,19,22,4,,2,2194
39149,4591,A05,0,A00,A0,A0,E0,0,0,2024,3,,,,,,1951
39151,4591,A05,0,A00,A0,A0,E0,0,0,2024,3,648,645,121,124,-3,2115
39153,4591,A05,0,A00,A0,A0,E0,0,0,2024,3,981,969,158,170,-12,2270
39155,4591,A05,0,A00,A0,A0,E0,0,0,2024,3,265,267,36,34,1,1953
39157,4591,A05,0,A00,A0,A0,E0,0,0,2024,3,111,105,17,23,-6,2268
39159,4591,A05,0,A00,A0,A0,E0,0,0,2024,3,173,196,47,24,23,4908
39161,4591,A05,0,A00,A0,A0,E0,0,0,2024,3,,,0,0,,2400
39163,4591,A05,0,A00,A0,A0,E0,0,0,2024,3,,,,,,1092
39165,4591,A05,0,A00,A0,A0,E0,0,0,2024,3,473,459,88,102,-14,1926
39167,4591,A05,0,A00,A0,A0,E0,0,0,2024,3,69,64,11,16,-5,2122
39169,4591,A05,0,A00,A0,A0,E0,0,0,2024,3,122,130,27,19,8,1751
39171,4591,A05,0,A00,A0,A0,E0,0,0,2024,3,28,26,4,6,-1,1553
39173,4591,A05,0,A00,A0,A0,E0,0,0,2024,3,242,252,54,43,10,1813
39175,4591,A05,0,A00,A0,A0,E0,0,0,2024,3,,,,,,820
39,4591,A05,0,A00,A0,A0,E0,0,0,2024,3,16554,16504,3186,3236,-50,2192
39001,4591,A05,0,A00,A0,A0,E0,0,0,2024,4,,,,,,5733
39003,4591,A05,0,A00,A0,A0,E0,0,0,2024,4,157,168,37,26,12,2387
39005,4591,A05,0,A00,A0,A0,E0,0,0,2024,4,100,98,8,10,-2,3872
39007,4591,A05,0,A00,A0,A0,E0,0,0,2024,4,62,67,14,9,5,2285
39009,4591,A05,0,A00,A0,A0,E0,0,0,2024,4,125,128,15,13,3,3153
39011,4591,A05,0,A00,A0,A0,E0,0,0,2024,4,70,69,15,16,0,1925
39013,4591,A05,0,A00,A0,A0,E0,0,0,2024,4,79,84,22,16,5,1581
39017,4591,A05,0,A00,A0,A0,E0,0,0,2024,4,563,621,161,103,57,2175
39021,4591,A05,0,A00,A0,A0,E0,0,0,2024,4,,,0,0,,1161
39023,4591,A05,0,A00,A0,A0,E0,0,0,2024,4,166,195,50,21,28,1943
39025,4591,A05,0,A00,A0,A0,E0,0,0,2024,4,278,285,57,50,7,2458
39027,4591,A05,0,A00,A0,A0,E0,0,0,2024,4,10,10,,,0,10649
39029,4591,A05,0,A00,A0,A0,E0,0,0,2024,4,41,42,13,12,1,1938
39031,4591,A05,0,A00,A0,A0,E0,0,0,2024,4,,,,,,3523
39035,4591,A05,0,A00,A0,A0,E0,0,0,2024,4,1574,1729,392,237,155,2154
39037,4591,A05,0,A00,A0,A0,E0,0,0,2024,4,30,31,6,4,2,2430
39039,4591,A05,0,A00,A0,A0,E0,0,0,2024,4,81,87,20,14,7,2246
39041,4591,A05,0,A00,A0,A0,E0,0,0,2024,4,767,833,176,110,67,2109
39043,4591,A05,0,A00,A0,A0,E0,0,0,2024,4,109,120,32,22,10,1817
39045,4591,A05,0,A00,A0,A0,E0,0,0,2024,4,146,163,45,28,17,1930
39047,4591,A05,0,A00,A0,A0,E0,0,0,2024,4,,,,,,1695
39049,4591,A05,0,A00,A0,A0,E0,0,0,2024,4,2184,2344,460,301,160,2375
39051,4591,A05,0,A00,A0,A0,E0,0,0,2024,4,186,183,28,31,-3,3012
39053,4591,A05,0,A00,A0,A0,E0,0,0,2024,4,,,,,,1479
39055,4591,A05,0,A00,A0,A0,E0,0,0,2024,4,243,261,57,39,18,2798
39057,4591,A05,0,A00,A0,A0,E0,0,0,2024,4,359,429,139,69,70,1696
39059,4591,A05,0,A00,A0,A0,E0,0,0,2024,4,,,,,,2377
39061,4591,A05,0,A00,A0,A0,E0,0,0,2024,4,1295,1358,274,210,63,2038
39063,4591,A05,0,A00,A0,A0,E0,0,0,2024,4,110,121,33,23,11,2178
39065,4591,A05,0,A00,A0,A0,E0,0,0,2024,4,,,0,0,,2341
39067,4591,A05,0,A00,A0,A0,E0,0,0,2024,4,,,,,,1929
39071,4591,A05,0,A00,A0,A0,E0,0,0,2024,4,18,20,7,5,2,2128
39073,4591,A05,0,A00,A0,A0,E0,0,0,2024,4,,,,,,2270
39075,4591,A05,0,A00,A0,A0,E0,0,0,2024,4,123,124,5,5,0,3121
39077,4591,A05,0,A00,A0,A0,E0,0,0,2024,4,7,7,,,0,1352
39079,4591,A05,0,A00,A0,A0,E0,0,0,2024,4,,,,,,1333
39081,4591,A05,0,A00,A0,A0,E0,0,0,2024,4,64,66,14,13,2,1550
39083,4591,A05,0,A00,A0,A0,E0,0,0,2024,4,29,32,6,3,4,1817
39085,4591,A05,0,A00,A0,A0,E0,0,0,2024,4,286,304,76,58,18,1979
39087,4591,A05,0,A00,A0,A0,E0,0,0,2024,4,21,19,0,3,-3,1170
39089,4591,A05,0,A00,A0,A0,E0,0,0,2024,4,359,371,64,52,13,2842
39091,4591,A05,0,A00,A0,A0,E0,0,0,2024,4,42,45,12,10,2,1265
39093,4591,A05,0,A00,A0,A0,E0,0,0,2024,4,394,438,117,72,44,2425
39095,4591,A05,0,A00,A0,A0,E0,0,0,2024,4,477,513,112,77,35,2004
39097,4591,A05,0,A00,A0,A0,E0,0,0,2024,4,,,,,,1112
39099,4591,A05,0,A00,A0,A0,E0,0,0,2024,4,292,311,63,44,19,1985
39101,4591,A05,0,A00,A0,A0,E0,0,0,2024,4,56,62,16,10,6,2164
39103,4591,A05,0,A00,A0,A0,E0,0,0,2024,4,245,279,80,47,33,2102
39107,4591,A05,0,A00,A0,A0,E0,0,0,2024,4,25,27,8,7,1,1560
39109,4591,A05,0,A00,A0,A0,E0,0,0,2024,4,102,105,23,20,3,1829
39113,4591,A05,0,A00,A0,A0,E0,0,0,2024,4,733,777,162,118,44,2111
39119,4591,A05,0,A00,A0,A0,E0,0,0,2024,4,608,637,761,732,30,3541
39121,4591,A05,0,A00,A0,A0,E0,0,0,2024,4,,,0,0,,4536
39123,4591,A05,0,A00,A0,A0,E0,0,0,2024,4,,,,,,834
39127,4591,A05,0,A00,A0,A0,E0,0,0,2024,4,,,,,,2486
39129,4591,A05,0,A00,A0,A0,E0,0,0,2024,4,15,11,2,6,-4,855
39133,4591,A05,0,A00,A0,A0,E0,0,0,2024,4,207,208,33,31,1,2992
39137,4591,A05,0,A00,A0,A0,E0,0,0,2024,4,,,,0,,2273
39139,4591,A05,0,A00,A0,A0,E0,0,0,2024,4,199,216,53,36,17,2203
39141,4591,A05,0,A00,A0,A0,E0,0,0,2024,4,109,123,37,22,15,1915
39143,4591,A05,0,A00,A0,A0,E0,0,0,2024,4,44,45,6,5,1,2690
39145,4591,A05,0,A00,A0,A0,E0,0,0,2024,4,20,20,3,3,0,1577
39147,4591,A05,0,A00,A0,A0,E0,0,0,2024,4,22,19,4,6,-2,2092
39149,4591,A05,0,A00,A0,A0,E0,0,0,2024,4,,,,,,1491
39151,4591,A05,0,A00,A0,A0,E0,0,0,2024,4,645,689,149,105,44,2155
39153,4591,A05,0,A00,A0,A0,E0,0,0,2024,4,969,1033,200,136,65,2403
39155,4591,A05,0,A00,A0,A0,E0,0,0,2024,4,267,291,73,48,25,2047
39157,4591,A05,0,A00,A0,A0,E0,0,0,2024,4,105,107,19,18,2,2264
39159,4591,A05,0,A00,A0,A0,E0,0,0,2024,4,196,206,79,69,10,5970
39161,4591,A05,0,A00,A0,A0,E0,0,0,2024,4,,,0,0,,2337
39163,4591,A05,0,A00,A0,A0,E0,0,0,2024,4,,,,,,1291
39165,4591,A05,0,A00,A0,A0,E0,0,0,2024,4,464,515,129,79,50,2027
39167,4591,A05,0,A00,A0,A0,E0,0,0,2024,4,64,61,6,9,-3,3097
39169,4591,A05,0,A00,A0,A0,E0,0,0,2024,4,130,138,29,21,8,1925
39171,4591,A05,0,A00,A0,A0,E0,0,0,2024,4,26,26,5,5,0,1621
39173,4591,A05,0,A00,A0,A0,E0,0,0,2024,4,252,275,75,52,23,1911
39175,4591,A05,0,A00,A0,A0,E0,0,0,2024,4,,,0,,,915
39,4591,A05,0,A00,A0,A0,E0,0,0,2024,4,16535,17730,4563,3368,1195,2315
39001,4591,A05,0,A00,A0,A0,E0,0,0,2025,1,,,0,0,,4444
39003,4591,A05,0,A00,A0,A0,E0,0,0,2025,1,176,173,28,31,-3,2263
39005,4591,A05,0,A00,A0,A0,E0,0,0,2025,1,98,98,14,14,0,2986
39007,4591,A05,0,A00,A0,A0,E0,0,0,2025,1,67,60,3,10,-7,1675
39009,4591,A05,0,A00,A0,A0,E0,0,0,2025,1,128,130,15,13,2,3056
39011,4591,A05,0,A00,A0,A0,E0,0,0,2025,1,69,67,6,8,-2,1540
39013,4591,A05,0,A00,A0,A0,E0,0,0,2025,1,84,80,9,13,-4,1380
39017,4591,A05,0,A00,A0,A0,E0,0,0,2025,1,621,623,99,97,2,2006
39021,4591,A05,0,A00,A0,A0,E0,0,0,2025,1,,,0,0,,1100
39023,4591,A05,0,A00,A0,A0,E0,0,0,2025,1,195,177,23,41,-18,1686
39025,4591,A05,0,A00,A0,A0,E0,0,0,2025,1,285,282,45,48,-3,1984
39027,4591,A05,0,A00,A0,A0,E0,0,0,2025,1,,,0,,,7026
39029,4591,A05,0,A00,A0,A0,E0,0,0,2025,1,42,36,3,8,-5,1573
39031,4591,A05,0,A00,A0,A0,E0,0,0,2025,1,,,0,,,2333
39035,4591,A05,0,A00,A0,A0,E0,0,0,2025,1,1722,1675,213,260,-47,1946
39037,4591,A05,0,A00,A0,A0,E0,0,0,2025,1,31,30,,4,-2,2458
39039,4591,A05,0,A00,A0,A0,E0,0,0,2025,1,87,82,8,13,-5,1972
39041,4591,A05,0,A00,A0,A0,E0,0,0,2025,1,833,794,94,133,-40,2040
39043,4591,A05,0,A00,A0,A0,E0,0,0,2025,1,120,113,15,21,-6,1587
39045,4591,A05,0,A00,A0,A0,E0,0,0,2025,1,163,155,24,32,-8,1763
39047,4591,A05,0,A00,A0,A0,E0,0,0,2025,1,,,,,,1429
39049,4591,A05,0,A00,A0,A0,E0,0,0,2025,1,2354,2290,244,307,-64,2316
39051,4591,A05,0,A00,A0,A0,E0,0,0,2025,1,183,161,6,28,-22,3513
39053,4591,A05,0,A00,A0,A0,E0,0,0,2025,1,,,,,,1777
39055,4591,A05,0,A00,A0,A0,E0,0,0,2025,1,261,249,31,43,-12,1951
39057,4591,A05,0,A00,A0,A0,E0,0,0,2025,1,429,412,66,83,-17,1520
39059,4591,A05,0,A00,A0,A0,E0,0,0,2025,1,,,0,,,1990
39061,4591,A05,0,A00,A0,A0,E0,0,0,2025,1,1371,1350,209,230,-21,1954
39063,4591,A05,0,A00,A0,A0,E0,0,0,2025,1,121,115,13,20,-6,1880
39065,4591,A05,0,A00,A0,A0,E0,0,0,2025,1,,,0,0,,2046
39067,4591,A05,0,A00,A0,A0,E0,0,0,2025,1,,,0,,,1526
39071,4591,A05,0,A00,A0,A0,E0,0,0,2025,1,20,17,4,7,-4,1623
39073,4591,A05,0,A00,A0,A0,E0,0,0,2025,1,,,,,,2274
39075,4591,A05,0,A00,A0,A0,E0,0,0,2025,1,124,115,3,11,-9,2501
39077,4591,A05,0,A00,A0,A0,E0,0,0,2025,1,,,0,,,1356
39079,4591,A05,0,A00,A0,A0,E0,0,0,2025,1,,,,,,1837
39081,4591,A05,0,A00,A0,A0,E0,0,0,2025,1,66,60,11,17,-5,1391
39083,4591,A05,0,A00,A0,A0,E0,0,0,2025,1,32,32,4,5,0,1418
39085,4591,A05,0,A00,A0,A0,E0,0,0,2025,1,304,295,38,46,-8,1764
39087,4591,A05,0,A00,A0,A0,E0,0,0,2025,1,19,19,4,4,0,1331
39089,4591,A05,0,A00,A0,A0,E0,0,0,2025,1,371,358,29,42,-13,2824
39091,4591,A05,0,A00,A0,A0,E0,0,0,2025,1,45,40,4,9,-5,1335
39093,4591,A05,0,A00,A0,A0,E0,0,0,2025,1,437,429,55,63,-8,1990
39095,4591,A05,0,A00,A0,A0,E0,0,0,2025,1,513,483,46,76,-30,1860
39097,4591,A05,0,A00,A0,A0,E0,0,0,2025,1,,,0,0,,314
39099,4591,A05,0,A00,A0,A0,E0,0,0,2025,1,311,291,24,44,-20,1775
39101,4591,A05,0,A00,A0,A0,E0,0,0,2025,1,62,55,6,13,-7,1799
39103,4591,A05,0,A00,A0,A0,E0,0,0,2025,1,291,262,37,65,-29,1907
39107,4591,A05,0,A00,A0,A0,E0,0,0,2025,1,27,23,,6,-4,1298
39109,4591,A05,0,A00,A0,A0,E0,0,0,2025,1,105,105,15,16,-1,1616
39113,4591,A05,0,A00,A0,A0,E0,0,0,2025,1,794,767,102,129,-27,1913
39119,4591,A05,0,A00,A0,A0,E0,0,0,2025,1,637,471,19,184,-166,2792
39121,4591,A05,0,A00,A0,A0,E0,0,0,2025,1,,,0,0,,2758
39123,4591,A05,0,A00,A0,A0,E0,0,0,2025,1,,,,0,,774
39127,4591,A05,0,A00,A0,A0,E0,0,0,2025,1,,,,,,2436
39129,4591,A05,0,A00,A0,A0,E0,0,0,2025,1,11,14,5,,3,1202
39133,4591,A05,0,A00,A0,A0,E0,0,0,2025,1,208,196,15,28,-12,2768
39137,4591,A05,0,A00,A0,A0,E0,0,0,2025,1,,,,,,2169
39139,4591,A05,0,A00,A0,A0,E0,0,0,2025,1,216,207,27,36,-9,1888
39141,4591,A05,0,A00,A0,A0,E0,0,0,2025,1,123,113,21,31,-10,1676
39143,4591,A05,0,A00,A0,A0,E0,0,0,2025,1,45,42,4,6,-3,2284
39145,4591,A05,0,A00,A0,A0,E0,0,0,2025,1,20,19,3,4,-1,1688
39147,4591,A05,0,A00,A0,A0,E0,0,0,2025,1,19,27,13,5,7,2091
39149,4591,A05,0,A00,A0,A0,E0,0,0,2025,1,,,,,,1746
39151,4591,A05,0,A00,A0,A0,E0,0,0,2025,1,690,667,80,103,-23,1892
39153,4591,A05,0,A00,A0,A0,E0,0,0,2025,1,1041,998,124,166,-43,2143
39155,4591,A05,0,A00,A0,A0,E0,0,0,2025,1,291,262,15,44,-29,1857
39157,4591,A05,0,A00,A0,A0,E0,0,0,2025,1,107,109,15,12,2,2016
39159,4591,A05,0,A00,A0,A0,E0,0,0,2025,1,25,22,,3,-3,2021
39161,4591,A05,0,A00,A0,A0,E0,0,0,2025,1,,,0,0,,2345
39163,4591,A05,0,A00,A0,A0,E0,0,0,2025,1,,,,0,,1249
39165,4591,A05,0,A00,A0,A0,E0,0,0,2025,1,515,479,65,102,-36,1748
39167,4591,A05,0,A00,A0,A0,E0,0,0,2025,1,61,59,4,6,-2,2015
39169,4591,A05,0,A00,A0,A0,E0,0,0,2025,1,138,130,17,25,-8,1652
39171,4591,A05,0,A00,A0,A0,E0,0,0,2025,1,26,22,3,7,-4,1131
39173,4591,A05,0,A00,A0,A0,E0,0,0,2025,1,275,261,36,50,-14,1838
39175,4591,A05,0,A00,A0,A0,E0,0,0,2025,1,,,0,,,891
39,4591,A05,0,A00,A0,A0,E0,0,0,2025,1,17587,16764,2034,2857,-823,2054
39001,4591,A05,0,A00,A0,A0,E0,0,0,2025,2,,,0,0,,5177
39003,4591,A05,0,A00,A0,A0,E0,0,0,2025,2,173,151,16,38,-22,2314
39005,4591,A05,0,A00,A0,A0,E0,0,0,2025,2,98,103,10,5,5,2762
39007,4591,A05,0,A00,A0,A0,E0,0,0,2025,2,60,79,28,9,20,1909
39009,4591,A05,0,A00,A0,A0,E0,0,0,2025,2,130,116,14,28,-14,3198
39011,4591,A05,0,A00,A0,A0,E0,0,0,2025,2,67,68,10,9,0,1891
39013,4591,A05,0,A00,A0,A0,E0,0,0,2025,2,80,67,17,30,-13,1438
39017,4591,A05,0,A00,A0,A0,E0,0,0,2025,2,623,566,80,137,-57,1975
39021,4591,A05,0,A00,A0,A0,E0,0,0,2025,2,,,,0,,1273
39023,4591,A05,0,A00,A0,A0,E0,0,0,2025,2,177,157,32,52,-20,1730
39025,4591,A05,0,A00,A0,A0,E0,0,0,2025,2,282,248,54,88,-34,2118
39027,4591,A05,0,A00,A0,A0,E0,0,0,2025,2,,,,,,7945
39029,4591,A05,0,A00,A0,A0,E0,0,0,2025,2,36,34,11,13,-2,1771
39031,4591,A05,0,A00,A0,A0,E0,0,0,2025,2,10,10,3,3,-1,2896
39035,4591,A05,0,A00,A0,A0,E0,0,0,2025,2,1568,1478,249,339,-90,2175
39037,4591,A05,0,A00,A0,A0,E0,0,0,2025,2,30,32,7,4,3,2486
39039,4591,A05,0,A00,A0,A0,E0,0,0,2025,2,82,70,13,25,-12,2015
39041,4591,A05,0,A00,A0,A0,E0,0,0,2025,2,794,714,98,178,-80,2066
39043,4591,A05,0,A00,A0,A0,E0,0,0,2025,2,113,108,28,33,-6,1615
39045,4591,A05,0,A00,A0,A0,E0,0,0,2025,2,155,80,28,103,-75,1427
39047,4591,A05,0,A00,A0,A0,E0,0,0,2025,2,,,,,,1450
39049,4591,A05,0,A00,A0,A0,E0,0,0,2025,2,2397,2222,362,537,-175,2240
39051,4591,A05,0,A00,A0,A0,E0,0,0,2025,2,161,175,32,18,15,3014
39053,4591,A05,0,A00,A0,A0,E0,0,0,2025,2,,,,,,1494
39055,4591,A05,0,A00,A0,A0,E0,0,0,2025,2,249,247,43,45,-2,2115
39057,4591,A05,0,A00,A0,A0,E0,0,0,2025,2,412,337,62,136,-74,1492
39059,4591,A05,0,A00,A0,A0,E0,0,0,2025,2,,,,,,1950
39061,4591,A05,0,A00,A0,A0,E0,0,0,2025,2,1350,1340,254,264,-10,1934
39063,4591,A05,0,A00,A0,A0,E0,0,0,2025,2,115,91,19,42,-23,1771
39065,4591,A05,0,A00,A0,A0,E0,0,0,2025,2,,,0,0,,2102
39067,4591,A05,0,A00,A0,A0,E0,0,0,2025,2,,,0,0,,1948
39071,4591,A05,0,A00,A0,A0,E0,0,0,2025,2,,,,,,2312
39073,4591,A05,0,A00,A0,A0,E0,0,0,2025,2,,,0,0,,2185
39075,4591,A05,0,A00,A0,A0,E0,0,0,2025,2,115,122,14,7,7,2783
39077,4591,A05,0,A00,A0,A0,E0,0,0,2025,2,,,,0,,1315
39079,4591,A05,0,A00,A0,A0,E0,0,0,2025,2,,,,,,1623
39081,4591,A05,0,A00,A0,A0,E0,0,0,2025,2,60,52,15,24,-9,1549
39083,4591,A05,0,A00,A0,A0,E0,0,0,2025,2,32,30,8,11,-2,1263
39085,4591,A05,0,A00,A0,A0,E0,0,0,2025,2,295,254,40,82,-42,1855
39087,4591,A05,0,A00,A0,A0,E0,0,0,2025,2,19,20,,,1,1348
39089,4591,A05,0,A00,A0,A0,E0,0,0,2025,2,358,342,48,64,-16,3048
39091,4591,A05,0,A00,A0,A0,E0,0,0,2025,2,40,38,10,12,-1,1488
39093,4591,A05,0,A00,A0,A0,E0,0,0,2025,2,429,376,72,124,-52,1905
39095,4591,A05,0,A00,A0,A0,E0,0,0,2025,2,483,421,74,136,-62,1919
39097,4591,A05,0,A00,A0,A0,E0,0,0,2025,2,,,0,0,,275
39099,4591,A05,0,A00,A0,A0,E0,0,0,2025,2,291,277,47,61,-14,1930
39101,4591,A05,0,A00,A0,A0,E0,0,0,2025,2,55,52,8,12,-4,1938
39103,4591,A05,0,A00,A0,A0,E0,0,0,2025,2,262,269,70,63,7,2064
39107,4591,A05,0,A00,A0,A0,E0,0,0,2025,2,23,24,10,8,2,1715
39109,4591,A05,0,A00,A0,A0,E0,0,0,2025,2,105,80,18,42,-25,1514
39113,4591,A05,0,A00,A0,A0,E0,0,0,2025,2,764,688,131,208,-77,1871
39119,4591,A05,0,A00,A0,A0,E0,0,0,2025,2,471,448,62,86,-24,3087
39121,4591,A05,0,A00,A0,A0,E0,0,0,2025,2,,,,,,2632
39123,4591,A05,0,A00,A0,A0,E0,0,0,2025,2,,,,,,995
39127,4591,A05,0,A00,A0,A0,E0,0,0,2025,2,,,,,,2041
39129,4591,A05,0,A00,A0,A0,E0,0,0,2025,2,14,15,6,5,1,1414
39133,4591,A05,0,A00,A0,A0,E0,0,0,2025,2,196,200,20,16,4,2863
39137,4591,A05,0,A00,A0,A0,E0,0,0,2025,2,,,0,0,,2027
39139,4591,A05,0,A00,A0,A0,E0,0,0,2025,2,207,177,31,61,-30,2011
39141,4591,A05,0,A00,A0,A0,E0,0,0,2025,2,113,87,25,51,-26,1705
39143,4591,A05,0,A00,A0,A0,E0,0,0,2025,2,42,34,6,14,-8,2654
39145,4591,A05,0,A00,A0,A0,E0,0,0,2025,2,19,20,5,4,1,1596
39147,4591,A05,0,A00,A0,A0,E0,0,0,2025,2,27,23,4,7,-3,1782
39149,4591,A05,0,A00,A0,A0,E0,0,0,2025,2,,,,,,1533
39151,4591,A05,0,A00,A0,A0,E0,0,0,2025,2,667,631,103,138,-36,2048
39153,4591,A05,0,A00,A0,A0,E0,0,0,2025,2,998,847,143,293,-151,2344
39155,4591,A05,0,A00,A0,A0,E0,0,0,2025,2,262,248,26,40,-14,1855
39157,4591,A05,0,A00,A0,A0,E0,0,0,2025,2,109,82,16,44,-27,1974
39159,4591,A05,0,A00,A0,A0,E0,0,0,2025,2,22,37,17,2,15,2088
39161,4591,A05,0,A00,A0,A0,E0,0,0,2025,2,,,0,0,,2453
39163,4591,A05,0,A00,A0,A0,E0,0,0,2025,2,,,,,,1295
39165,4591,A05,0,A00,A0,A0,E0,0,0,2025,2,479,435,76,120,-44,1825
39167,4591,A05,0,A00,A0,A0,E0,0,0,2025,2,59,58,11,12,-1,2010
39169,4591,A05,0,A00,A0,A0,E0,0,0,2025,2,130,118,21,33,-11,1782
39171,4591,A05,0,A00,A0,A0,E0,0,0,2025,2,22,22,4,5,0,1333
39173,4591,A05,0,A00,A0,A0,E0,0,0,2025,2,261,243,28,46,-18,1712
39175,4591,A05,0,A00,A0,A0,E0,0,0,2025,2,,,,0,,923
39,4591,A05,0,A00,A0,A0,E0,0,0,2025,2,16760,15441,2684,4003,-1319,2104
39001,4591,A05,0,A00,A0,A0,E0,0,0,2025,3,,,0,0,,4614
39003,4591,A05,0,A00,A0,A0,E0,0,0,2025,3,151,157,38,33,6,2462
39005,4591,A05,0,A00,A0,A0,E0,0,0,2025,3,103,101,9,11,-2,2976
39007,4591,A05,0,A00,A0,A0,E0,0,0,2025,3,79,78,21,23,-2,1722
39009,4591,A05,0,A00,A0,A0,E0,0,0,2025,3,116,115,16,18,-1,3153
39011,4591,A05,0,A00,A0,A0,E0,0,0,2025,3,68,75,17,10,7,1771
39013,4591,A05,0,A00,A0,A0,E0,0,0,2025,3,67,63,11,15,-4,1417
39017,4591,A05,0,A00,A0,A0,E0,0,0,2025,3,566,555,102,112,-10,2086
39021,4591,A05,0,A00,A0,A0,E0,0,0,2025,3,,,,,,931
39023,4591,A05,0,A00,A0,A0,E0,0,0,2025,3,157,172,56,41,15,1933
39025,4591,A05,0,A00,A0,A0,E0,0,0,2025,3,248,264,55,40,15,2379
39027,4591,A05,0,A00,A0,A0,E0,0,0,2025,3,,,,,,6897
39029,4591,A05,0,A00,A0,A0,E0,0,0,2025,3,34,35,9,8,1,1696
39031,4591,A05,0,A00,A0,A0,E0,0,0,2025,3,10,13,8,4,3,2728
39035,4591,A05,0,A00,A0,A0,E0,0,0,2025,3,1478,1514,334,297,37,2251
39037,4591,A05,0,A00,A0,A0,E0,0,0,2025,3,32,30,,4,-2,2557
39039,4591,A05,0,A00,A0,A0,E0,0,0,2025,3,70,75,21,16,5,2379
39041,4591,A05,0,A00,A0,A0,E0,0,0,2025,3,714,752,188,149,39,2142
39043,4591,A05,0,A00,A0,A0,E0,0,0,2025,3,108,108,28,27,0,1832
39045,4591,A05,0,A00,A0,A0,E0,0,0,2025,3,80,88,31,23,8,2145
39047,4591,A05,0,A00,A0,A0,E0,0,0,2025,3,18,18,4,5,-1,1757
39049,4591,A05,0,A00,A0,A0,E0,0,0,2025,3,2211,2248,435,399,37,2405
39051,4591,A05,0,A00,A0,A0,E0,0,0,2025,3,175,169,26,32,-6,3431
39053,4591,A05,0,A00,A0,A0,E0,0,0,2025,3,,,,,,1929
39055,4591,A05,0,A00,A0,A0,E0,0,0,2025,3,247,247,56,56,1,2242
39057,4591,A05,0,A00,A0,A0,E0,0,0,2025,3,337,341,82,79,3,1831
39059,4591,A05,0,A00,A0,A0,E0,0,0,2025,3,6,5,4,4,-1,1264
39061,4591,A05,0,A00,A0,A0,E0,0,0,2025,3,1351,1315,272,308,-36,2106
39063,4591,A05,0,A00,A0,A0,E0,0,0,2025,3,91,99,26,18,8,2268
39065,4591,A05,0,A00,A0,A0,E0,0,0,2025,3,,,0,0,,2075
39067,4591,A05,0,A00,A0,A0,E0,0,0,2025,3,,,,,,1702
39071,4591,A05,0,A00,A0,A0,E0,0,0,2025,3,,,,,,1897
39073,4591,A05,0,A00,A0,A0,E0,0,0,2025,3,,,,,,2154
39075,4591,A05,0,A00,A0,A0,E0,0,0,2025,3,122,121,4,6,-1,2744
39077,4591,A05,0,A00,A0,A0,E0,0,0,2025,3,,,,,,1142
39079,4591,A05,0,A00,A0,A0,E0,0,0,2025,3,,,,,,1999
39081,4591,A05,0,A00,A0,A0,E0,0,0,2025,3,52,51,10,11,-1,1595
39083,4591,A05,0,A00,A0,A0,E0,0,0,2025,3,30,35,11,6,5,1341
39085,4591,A05,0,A00,A0,A0,E0,0,0,2025,3,254,264,63,53,10,1906
39087,4591,A05,0,A00,A0,A0,E0,0,0,2025,3,20,21,,0,1,1375
39089,4591,A05,0,A00,A0,A0,E0,0,0,2025,3,342,335,44,51,-7,3043
39091,4591,A05,0,A00,A0,A0,E0,0,0,2025,3,38,43,11,7,4,1545
39093,4591,A05,0,A00,A0,A0,E0,0,0,2025,3,377,370,93,100,-7,2097
39095,4591,A05,0,A00,A0,A0,E0,0,0,2025,3,421,424,75,72,3,2200
39097,4591,A05,0,A00,A0,A0,E0,0,0,2025,3,,,,0,,854
39099,4591,A05,0,A00,A0,A0,E0,0,0,2025,3,277,332,123,68,55,2044
39101,4591,A05,0,A00,A0,A0,E0,0,0,2025,3,52,57,17,12,5,1970
39103,4591,A05,0,A00,A0,A0,E0,0,0,2025,3,269,274,68,63,5,2102
39107,4591,A05,0,A00,A0,A0,E0,0,0,2025,3,24,24,5,5,0,1533
39109,4591,A05,0,A00,A0,A0,E0,0,0,2025,3,80,85,15,10,5,1562
39113,4591,A05,0,A00,A0,A0,E0,0,0,2025,3,688,719,158,127,32,2102
39119,4591,A05,0,A00,A0,A0,E0,0,0,2025,3,448,571,236,113,123,3023
39121,4591,A05,0,A00,A0,A0,E0,0,0,2025,3,,,0,0,,2802
39123,4591,A05,0,A00,A0,A0,E0,0,0,2025,3,,,,,,1036
39127,4591,A05,0,A00,A0,A0,E0,0,0,2025,3,,,,,,2260
39129,4591,A05,0,A00,A0,A0,E0,0,0,2025,3,15,12,3,7,-3,1361
39133,4591,A05,0,A00,A0,A0,E0,0,0,2025,3,200,198,27,29,-2,3027
39137,4591,A05,0,A00,A0,A0,E0,0,0,2025,3,,,,0,,1916
39139,4591,A05,0,A00,A0,A0,E0,0,0,2025,3,177,189,47,35,12,2075
39141,4591,A05,0,A00,A0,A0,E0,0,0,2025,3,87,98,39,28,11,1999
39143,4591,A05,0,A00,A0,A0,E0,0,0,2025,3,34,35,3,,1,2914
39145,4591,A05,0,A00,A0,A0,E0,0,0,2025,3,20,19,3,4,-1,1686
39147,4591,A05,0,A00,A0,A0,E0,0,0,2025,3,23,26,6,3,3,2040
39149,4591,A05,0,A00,A0,A0,E0,0,0,2025,3,,,,,,1943
39151,4591,A05,0,A00,A0,A0,E0,0,0,2025,3,631,643,135,122,12,2207
39153,4591,A05,0,A00,A0,A0,E0,0,0,2025,3,848,877,173,144,29,2350
39155,4591,A05,0,A00,A0,A0,E0,0,0,2025,3,248,252,40,36,4,2089
39157,4591,A05,0,A00,A0,A0,E0,0,0,2025,3,82,86,18,14,4,2319
39159,4591,A05,0,A00,A0,A0,E0,0,0,2025,3,37,27,4,14,-10,1451
39161,4591,A05,0,A00,A0,A0,E0,0,0,2025,3,,,0,0,,2467
39163,4591,A05,0,A00,A0,A0,E0,0,0,2025,3,,,,,,1299
39165,4591,A05,0,A00,A0,A0,E0,0,0,2025,3,436,440,101,97,5,1973
39167,4591,A05,0,A00,A0,A0,E0,0,0,2025,3,58,48,4,14,-10,2194
39169,4591,A05,0,A00,A0,A0,E0,0,0,2025,3,118,130,39,27,11,1862
39171,4591,A05,0,A00,A0,A0,E0,0,0,2025,3,22,22,3,3,0,1599
39173,4591,A05,0,A00,A0,A0,E0,0,0,2025,3,243,252,55,46,9,1834
39175,4591,A05,0,A00,A0,A0,E0,0,0,2025,3,,,,0,,986
39,4591,A05,0,A00,A0,A0,E0,0,0,2025,3,15443,15871,3523,3095,428,2246
39001,4591,A05,0,A00,A0,A0,E0,0,0,2025,4,,,0,,,5970
39003,4591,A05,0,A00,A0,A0,E0,0,0,2025,4,157,,36,,,2391
39005,4591,A05,0,A00,A0,A0,E0,0,0,2025,4,101,,8,,,3875
39007,4591,A05,0,A00,A0,A0,E0,0,0,2025,4,78,,15,,,2092
39009,4591,A05,0,A00,A0,A0,E0,0,0,2025,4,115,,10,,,3326
39011,4591,A05,0,A00,A0,A0,E0,0,0,2025,4,75,,9,,,2064
39013,4591,A05,0,A00,A0,A0,E0,0,0,2025,4,63,,19,,,1582
39017,4591,A05,0,A00,A0,A0,E0,0,0,2025,4,555,,158,,,2086
39019,4591,A05,0,A00,A0,A0,E0,0,0,2025,4,0,,,,,
39021,4591,A05,0,A00,A0,A0,E0,0,0,2025,4,,,,,,1144
39023,4591,A05,0,A00,A0,A0,E0,0,0,2025,4,172,,41,,,2000
39025,4591,A05,0,A00,A0,A0,E0,0,0,2025,4,264,,62,,,2340
39027,4591,A05,0,A00,A0,A0,E0,0,0,2025,4,,,0,,,9236
39029,4591,A05,0,A00,A0,A0,E0,0,0,2025,4,35,,13,,,1847
39031,4591,A05,0,A00,A0,A0,E0,0,0,2025,4,13,,17,,,3174
39035,4591,A05,0,A00,A0,A0,E0,0,0,2025,4,1604,,406,,,2311
39037,4591,A05,0,A00,A0,A0,E0,0,0,2025,4,30,,3,,,2548
39039,4591,A05,0,A00,A0,A0,E0,0,0,2025,4,75,,16,,,2292
39041,4591,A05,0,A00,A0,A0,E0,0,0,2025,4,752,,225,,,2029
39043,4591,A05,0,A00,A0,A0,E0,0,0,2025,4,108,,34,,,1925
39045,4591,A05,0,A00,A0,A0,E0,0,0,2025,4,88,,36,,,2090
39047,4591,A05,0,A00,A0,A0,E0,0,0,2025,4,18,,11,,,1980
39049,4591,A05,0,A00,A0,A0,E0,0,0,2025,4,2154,,406,,,2414
39051,4591,A05,0,A00,A0,A0,E0,0,0,2025,4,169,,23,,,3090
39053,4591,A05,0,A00,A0,A0,E0,0,0,2025,4,,,,,,1452
39055,4591,A05,0,A00,A0,A0,E0,0,0,2025,4,247,,85,,,2924
39057,4591,A05,0,A00,A0,A0,E0,0,0,2025,4,341,,116,,,1811
39059,4591,A05,0,A00,A0,A0,E0,0,0,2025,4,,,,,,2132
39061,4591,A05,0,A00,A0,A0,E0,0,0,2025,4,1319,,242,,,2132
39063,4591,A05,0,A00,A0,A0,E0,0,0,2025,4,99,,32,,,2300
39065,4591,A05,0,A00,A0,A0,E0,0,0,2025,4,,,,,,2119
39067,4591,A05,0,A00,A0,A0,E0,0,0,2025,4,,,0,,,1715
39071,4591,A05,0,A00,A0,A0,E0,0,0,2025,4,,,,,,2084
39073,4591,A05,0,A00,A0,A0,E0,0,0,2025,4,,,,,,1485
39075,4591,A05,0,A00,A0,A0,E0,0,0,2025,4,121,,5,,,3395
39077,4591,A05,0,A00,A0,A0,E0,0,0,2025,4,,,0,,,1072
39079,4591,A05,0,A00,A0,A0,E0,0,0,2025,4,,,,,,1297
39081,4591,A05,0,A00,A0,A0,E0,0,0,2025,4,51,,10,,,1610
39083,4591,A05,0,A00,A0,A0,E0,0,0,2025,4,35,,5,,,1593
39085,4591,A05,0,A00,A0,A0,E0,0,0,2025,4,264,,70,,,2108
39087,4591,A05,0,A00,A0,A0,E0,0,0,2025,4,21,,,,,1277
39089,4591,A05,0,A00,A0,A0,E0,0,0,2025,4,335,,41,,,3056
39091,4591,A05,0,A00,A0,A0,E0,0,0,2025,4,43,,7,,,1541
39093,4591,A05,0,A00,A0,A0,E0,0,0,2025,4,370,,127,,,2539
39095,4591,A05,0,A00,A0,A0,E0,0,0,2025,4,424,,123,,,2162
39097,4591,A05,0,A00,A0,A0,E0,0,0,2025,4,,,0,,,538
39099,4591,A05,0,A00,A0,A0,E0,0,0,2025,4,332,,82,,,1943
39101,4591,A05,0,A00,A0,A0,E0,0,0,2025,4,57,,17,,,2099
39103,4591,A05,0,A00,A0,A0,E0,0,0,2025,4,274,,81,,,1953
39107,4591,A05,0,A00,A0,A0,E0,0,0,2025,4,24,,8,,,1650
39109,4591,A05,0,A00,A0,A0,E0,0,0,2025,4,85,,18,,,1769
39113,4591,A05,0,A00,A0,A0,E0,0,0,2025,4,719,,167,,,2206
39119,4591,A05,0,A00,A0,A0,E0,0,0,2025,4,571,,762,,,3386
39121,4591,A05,0,A00,A0,A0,E0,0,0,2025,4,,,0,,,3659
39123,4591,A05,0,A00,A0,A0,E0,0,0,2025,4,,,0,,,1491
39127,4591,A05,0,A00,A0,A0,E0,0,0,2025,4,,,,,,2379
39129,4591,A05,0,A00,A0,A0,E0,0,0,2025,4,12,,,,,1135
39133,4591,A05,0,A00,A0,A0,E0,0,0,2025,4,198,,42,,,3623
39137,4591,A05,0,A00,A0,A0,E0,0,0,2025,4,,,0,,,1848
39139,4591,A05,0,A00,A0,A0,E0,0,0,2025,4,189,,51,,,2195
39141,4591,A05,0,A00,A0,A0,E0,0,0,2025,4,98,,30,,,1968
39143,4591,A05,0,A00,A0,A0,E0,0,0,2025,4,35,,,,,2939
39145,4591,A05,0,A00,A0,A0,E0,0,0,2025,4,19,,5,,,1588
39147,4591,A05,0,A00,A0,A0,E0,0,0,2025,4,26,,10,,,1982
39149,4591,A05,0,A00,A0,A0,E0,0,0,2025,4,,,,,,1678
39151,4591,A05,0,A00,A0,A0,E0,0,0,2025,4,643,,163,,,2252
39153,4591,A05,0,A00,A0,A0,E0,0,0,2025,4,877,,187,,,2424
39155,4591,A05,0,A00,A0,A0,E0,0,0,2025,4,252,,69,,,2077
39157,4591,A05,0,A00,A0,A0,E0,0,0,2025,4,86,,19,,,2643
39159,4591,A05,0,A00,A0,A0,E0,0,0,2025,4,27,,2,,,1541
39161,4591,A05,0,A00,A0,A0,E0,0,0,2025,4,,,,,,2476
39163,4591,A05,0,A00,A0,A0,E0,0,0,2025,4,,,,,,1604
39165,4591,A05,0,A00,A0,A0,E0,0,0,2025,4,440,,130,,,2117
39167,4591,A05,0,A00,A0,A0,E0,0,0,2025,4,48,,,,,2772
39169,4591,A05,0,A00,A0,A0,E0,0,0,2025,4,130,,38,,,2012
39171,4591,A05,0,A00,A0,A0,E0,0,0,2025,4,22,,3,,,1655
39173,4591,A05,0,A00,A0,A0,E0,0,0,2025,4,252,,72,,,1915
39175,4591,A05,0,A00,A0,A0,E0,0,0,2025,4,,,0,,,1015
39,4591,A05,0,A00,A0,A0,E0,0,0,2025,4,15870,,4400,,,2332
