geography,industry,ownercode,sex,agegrp,race,ethnicity,education,firmage,firmsize,year,quarter,Emp,EmpEnd,HirA,Sep,FrmJbC,EarnBeg
34001,4591,A05,0,A00,A0,A0,E0,0,0,1996,1,,179,,54,,
34003,4591,A05,0,A00,A0,A0,E0,0,0,1996,1,,1483,,464,,
34005,4591,A05,0,A00,A0,A0,E0,0,0,1996,1,,427,,92,,
34007,4591,A05,0,A00,A0,A0,E0,0,0,1996,1,,437,,166,,
34009,4591,A05,0,A00,A0,A0,E0,0,0,1996,1,,66,,10,,
34011,4591,A05,0,A00,A0,A0,E0,0,0,1996,1,,61,,5,,
34013,4591,A05,0,A00,A0,A0,E0,0,0,1996,1,,611,,147,,
34015,4591,A05,0,A00,A0,A0,E0,0,0,1996,1,,386,,137,,
34017,4591,A05,0,A00,A0,A0,E0,0,0,1996,1,,599,,240,,
34019,4591,A05,0,A00,A0,A0,E0,0,0,1996,1,,183,,80,,
34021,4591,A05,0,A00,A0,A0,E0,0,0,1996,1,,601,,161,,
34023,4591,A05,0,A00,A0,A0,E0,0,0,1996,1,,1168,,320,,
34025,4591,A05,0,A00,A0,A0,E0,0,0,1996,1,,990,,309,,
34027,4591,A05,0,A00,A0,A0,E0,0,0,1996,1,,1046,,247,,
34029,4591,A05,0,A00,A0,A0,E0,0,0,1996,1,,478,,135,,
34031,4591,A05,0,A00,A0,A0,E0,0,0,1996,1,,953,,306,,
34033,4591,A05,0,A00,A0,A0,E0,0,0,1996,1,,,,0,,
34035,4591,A05,0,A00,A0,A0,E0,0,0,1996,1,,1343,,459,,
34037,4591,A05,0,A00,A0,A0,E0,0,0,1996,1,,26,,14,,
34039,4591,A05,0,A00,A0,A0,E0,0,0,1996,1,,713,,134,,
34041,4591,A05,0,A00,A0,A0,E0,0,0,1996,1,,48,,13,,
34,4591,A05,0,A00,A0,A0,E0,0,0,1996,1,,11803,,3494,,
34001,4591,A05,0,A00,A0,A0,E0,0,0,1996,2,179,186,51,43,8,1480
34003,4591,A05,0,A00,A0,A0,E0,0,0,1996,2,1481,1560,419,340,79,1669
34005,4591,A05,0,A00,A0,A0,E0,0,0,1996,2,426,445,141,123,19,1215
34007,4591,A05,0,A00,A0,A0,E0,0,0,1996,2,437,451,106,92,14,1381
34009,4591,A05,0,A00,A0,A0,E0,0,0,1996,2,66,207,166,24,142,1284
34011,4591,A05,0,A00,A0,A0,E0,0,0,1996,2,61,62,5,3,1,1253
34013,4591,A05,0,A00,A0,A0,E0,0,0,1996,2,612,673,181,119,62,1788
34015,4591,A05,0,A00,A0,A0,E0,0,0,1996,2,386,398,118,106,13,1285
34017,4591,A05,0,A00,A0,A0,E0,0,0,1996,2,600,670,272,202,70,1147
34019,4591,A05,0,A00,A0,A0,E0,0,0,1996,2,183,190,56,49,7,1162
34021,4591,A05,0,A00,A0,A0,E0,0,0,1996,2,601,635,186,152,34,1133
34023,4591,A05,0,A00,A0,A0,E0,0,0,1996,2,1169,1218,354,305,49,1155
34025,4591,A05,0,A00,A0,A0,E0,0,0,1996,2,990,1078,343,256,88,1114
34027,4591,A05,0,A00,A0,A0,E0,0,0,1996,2,1046,1127,332,251,81,1256
34029,4591,A05,0,A00,A0,A0,E0,0,0,1996,2,478,558,184,104,80,1156
34031,4591,A05,0,A00,A0,A0,E0,0,0,1996,2,953,1023,335,265,70,1217
34033,4591,A05,0,A00,A0,A0,E0,0,0,1996,2,6,12,6,0,6,823
34035,4591,A05,0,A00,A0,A0,E0,0,0,1996,2,1344,1400,335,279,56,1400
34037,4591,A05,0,A00,A0,A0,E0,0,0,1996,2,26,39,18,5,14,801
34039,4591,A05,0,A00,A0,A0,E0,0,0,1996,2,714,810,212,116,96,1505
34041,4591,A05,0,A00,A0,A0,E0,0,0,1996,2,48,51,17,14,3,2532
34,4591,A05,0,A00,A0,A0,E0,0,0,1996,2,11805,12794,3837,2848,989,1338
34001,4591,A05,0,A00,A0,A0,E0,0,0,1996,3,186,186,51,52,-1,1506
34003,4591,A05,0,A00,A0,A0,E0,0,0,1996,3,1561,1643,508,426,82,1551
34005,4591,A05,0,A00,A0,A0,E0,0,0,1996,3,445,534,236,146,89,1271
34007,4591,A05,0,A00,A0,A0,E0,0,0,1996,3,451,573,237,115,122,1389
34009,4591,A05,0,A00,A0,A0,E0,0,0,1996,3,207,110,76,174,-97,1004
34011,4591,A05,0,A00,A0,A0,E0,0,0,1996,3,62,62,8,8,1,1010
34013,4591,A05,0,A00,A0,A0,E0,0,0,1996,3,674,731,219,162,57,1528
34015,4591,A05,0,A00,A0,A0,E0,0,0,1996,3,398,421,136,113,22,1020
34017,4591,A05,0,A00,A0,A0,E0,0,0,1996,3,670,792,522,401,122,1093
34019,4591,A05,0,A00,A0,A0,E0,0,0,1996,3,190,208,63,45,18,1372
34021,4591,A05,0,A00,A0,A0,E0,0,0,1996,3,636,633,178,181,-3,1159
34023,4591,A05,0,A00,A0,A0,E0,0,0,1996,3,1217,1336,494,376,119,1143
34025,4591,A05,0,A00,A0,A0,E0,0,0,1996,3,1075,1053,283,305,-22,1101
34027,4591,A05,0,A00,A0,A0,E0,0,0,1996,3,1127,1134,319,312,7,1288
34029,4591,A05,0,A00,A0,A0,E0,0,0,1996,3,561,558,173,176,-3,1168
34031,4591,A05,0,A00,A0,A0,E0,0,0,1996,3,1023,1101,350,272,78,1255
34033,4591,A05,0,A00,A0,A0,E0,0,0,1996,3,12,9,0,,-2,912
34035,4591,A05,0,A00,A0,A0,E0,0,0,1996,3,1400,1438,411,373,38,1472
34037,4591,A05,0,A00,A0,A0,E0,0,0,1996,3,39,37,5,7,-2,824
34039,4591,A05,0,A00,A0,A0,E0,0,0,1996,3,809,844,240,204,36,1862
34041,4591,A05,0,A00,A0,A0,E0,0,0,1996,3,51,55,16,12,4,2033
34,4591,A05,0,A00,A0,A0,E0,0,0,1996,3,12795,13459,4526,3861,665,1332
34001,4591,A05,0,A00,A0,A0,E0,0,0,1996,4,186,209,127,104,23,1646
34003,4591,A05,0,A00,A0,A0,E0,0,0,1996,4,1626,1927,962,661,301,1833
34005,4591,A05,0,A00,A0,A0,E0,0,0,1996,4,534,636,278,176,102,1258
34007,4591,A05,0,A00,A0,A0,E0,0,0,1996,4,573,684,392,280,112,1328
34009,4591,A05,0,A00,A0,A0,E0,0,0,1996,4,110,62,9,56,-47,1016
34011,4591,A05,0,A00,A0,A0,E0,0,0,1996,4,63,59,13,17,-3,1002
34013,4591,A05,0,A00,A0,A0,E0,0,0,1996,4,734,840,411,305,106,1751
34015,4591,A05,0,A00,A0,A0,E0,0,0,1996,4,420,507,286,199,87,1096
34017,4591,A05,0,A00,A0,A0,E0,0,0,1996,4,792,975,582,399,183,1194
34019,4591,A05,0,A00,A0,A0,E0,0,0,1996,4,213,238,77,52,25,1268
34021,4591,A05,0,A00,A0,A0,E0,0,0,1996,4,633,719,419,333,87,1340
34023,4591,A05,0,A00,A0,A0,E0,0,0,1996,4,1356,1845,1354,865,489,1178
34025,4591,A05,0,A00,A0,A0,E0,0,0,1996,4,1053,1235,658,476,182,1318
34027,4591,A05,0,A00,A0,A0,E0,0,0,1996,4,1131,1285,543,390,154,1541
34029,4591,A05,0,A00,A0,A0,E0,0,0,1996,4,557,658,333,231,102,1369
34031,4591,A05,0,A00,A0,A0,E0,0,0,1996,4,1104,1326,756,534,222,1316
34033,4591,A05,0,A00,A0,A0,E0,0,0,1996,4,9,4,19,23,-5,591
34035,4591,A05,0,A00,A0,A0,E0,0,0,1996,4,1431,1864,1148,715,434,1480
34037,4591,A05,0,A00,A0,A0,E0,0,0,1996,4,37,42,21,16,5,707
34039,4591,A05,0,A00,A0,A0,E0,0,0,1996,4,845,984,478,339,138,1759
34041,4591,A05,0,A00,A0,A0,E0,0,0,1996,4,51,62,20,9,11,1717
34,4591,A05,0,A00,A0,A0,E0,0,0,1996,4,13455,16161,8885,6179,2706,1441
34001,4591,A05,0,A00,A0,A0,E0,0,0,1997,1,214,194,67,87,-20,1585
34003,4591,A05,0,A00,A0,A0,E0,0,0,1997,1,3651,3403,482,730,-248,2919
34005,4591,A05,0,A00,A0,A0,E0,0,0,1997,1,639,690,250,199,50,1110
34007,4591,A05,0,A00,A0,A0,E0,0,0,1997,1,730,656,187,261,-74,1017
34009,4591,A05,0,A00,A0,A0,E0,0,0,1997,1,67,69,5,3,2,1353
34011,4591,A05,0,A00,A0,A0,E0,0,0,1997,1,59,63,20,16,4,994
34013,4591,A05,0,A00,A0,A0,E0,0,0,1997,1,895,769,164,291,-127,1220
34015,4591,A05,0,A00,A0,A0,E0,0,0,1997,1,484,425,88,146,-58,861
34017,4591,A05,0,A00,A0,A0,E0,0,0,1997,1,706,567,143,282,-139,890
34019,4591,A05,0,A00,A0,A0,E0,0,0,1997,1,179,199,83,63,20,1350
34021,4591,A05,0,A00,A0,A0,E0,0,0,1997,1,714,614,124,225,-101,990
34023,4591,A05,0,A00,A0,A0,E0,0,0,1997,1,1584,1313,325,596,-271,976
34025,4591,A05,0,A00,A0,A0,E0,0,0,1997,1,1198,1058,221,361,-140,961
34027,4591,A05,0,A00,A0,A0,E0,0,0,1997,1,1467,1321,220,366,-146,1597
34029,4591,A05,0,A00,A0,A0,E0,0,0,1997,1,658,595,124,186,-63,1028
34031,4591,A05,0,A00,A0,A0,E0,0,0,1997,1,1294,1033,146,407,-261,947
34033,4591,A05,0,A00,A0,A0,E0,0,0,1997,1,4,6,,0,1,911
34035,4591,A05,0,A00,A0,A0,E0,0,0,1997,1,1089,917,136,308,-172,1306
34037,4591,A05,0,A00,A0,A0,E0,0,0,1997,1,45,31,4,19,-14,857
34039,4591,A05,0,A00,A0,A0,E0,0,0,1997,1,968,786,146,328,-183,1163
34041,4591,A05,0,A00,A0,A0,E0,0,0,1997,1,73,145,126,53,73,1163
34,4591,A05,0,A00,A0,A0,E0,0,0,1997,1,16719,14851,3060,4928,-1868,1514
34001,4591,A05,0,A00,A0,A0,E0,0,0,1997,2,195,200,52,48,5,1519
34003,4591,A05,0,A00,A0,A0,E0,0,0,1997,2,3375,3443,499,431,68,2549
34005,4591,A05,0,A00,A0,A0,E0,0,0,1997,2,689,637,152,204,-52,1100
34007,4591,A05,0,A00,A0,A0,E0,0,0,1997,2,657,625,143,175,-32,1111
34009,4591,A05,0,A00,A0,A0,E0,0,0,1997,2,69,217,162,14,148,1425
34011,4591,A05,0,A00,A0,A0,E0,0,0,1997,2,63,75,24,12,12,1088
34013,4591,A05,0,A00,A0,A0,E0,0,0,1997,2,770,795,200,175,25,1391
34015,4591,A05,0,A00,A0,A0,E0,0,0,1997,2,426,412,94,108,-14,1029
34017,4591,A05,0,A00,A0,A0,E0,0,0,1997,2,597,614,134,117,17,1331
34019,4591,A05,0,A00,A0,A0,E0,0,0,1997,2,199,209,48,37,11,1314
34021,4591,A05,0,A00,A0,A0,E0,0,0,1997,2,612,642,206,176,30,1218
34023,4591,A05,0,A00,A0,A0,E0,0,0,1997,2,1317,1260,257,314,-57,1139
34025,4591,A05,0,A00,A0,A0,E0,0,0,1997,2,1060,1118,285,228,57,1197
34027,4591,A05,0,A00,A0,A0,E0,0,0,1997,2,1319,1361,307,265,42,1722
34029,4591,A05,0,A00,A0,A0,E0,0,0,1997,2,592,666,225,152,74,1097
34031,4591,A05,0,A00,A0,A0,E0,0,0,1997,2,1032,1020,237,248,-11,1199
34033,4591,A05,0,A00,A0,A0,E0,0,0,1997,2,6,19,13,0,13,862
34035,4591,A05,0,A00,A0,A0,E0,0,0,1997,2,917,916,159,160,-2,1612
34037,4591,A05,0,A00,A0,A0,E0,0,0,1997,2,31,44,18,4,13,1092
34039,4591,A05,0,A00,A0,A0,E0,0,0,1997,2,788,794,186,180,6,1483
34041,4591,A05,0,A00,A0,A0,E0,0,0,1997,2,145,148,31,28,3,1379
34,4591,A05,0,A00,A0,A0,E0,0,0,1997,2,14858,15215,3432,3075,356,1591
34001,4591,A05,0,A00,A0,A0,E0,0,0,1997,3,200,219,93,73,19,1521
34003,4591,A05,0,A00,A0,A0,E0,0,0,1997,3,3441,3625,830,645,184,2930
34005,4591,A05,0,A00,A0,A0,E0,0,0,1997,3,637,655,206,189,17,1157
34007,4591,A05,0,A00,A0,A0,E0,0,0,1997,3,625,692,263,196,67,1199
34009,4591,A05,0,A00,A0,A0,E0,0,0,1997,3,217,117,60,159,-99,1038
34011,4591,A05,0,A00,A0,A0,E0,0,0,1997,3,75,76,28,27,1,1144
34013,4591,A05,0,A00,A0,A0,E0,0,0,1997,3,795,791,214,218,-4,1426
34015,4591,A05,0,A00,A0,A0,E0,0,0,1997,3,412,438,162,136,25,1052
34017,4591,A05,0,A00,A0,A0,E0,0,0,1997,3,617,623,202,197,5,1367
34019,4591,A05,0,A00,A0,A0,E0,0,0,1997,3,209,220,64,54,10,1277
34021,4591,A05,0,A00,A0,A0,E0,0,0,1997,3,643,637,194,200,-5,1108
34023,4591,A05,0,A00,A0,A0,E0,0,0,1997,3,1259,1340,472,391,81,1426
34025,4591,A05,0,A00,A0,A0,E0,0,0,1997,3,1118,1089,300,328,-28,1187
34027,4591,A05,0,A00,A0,A0,E0,0,0,1997,3,1366,1385,363,343,20,1726
34029,4591,A05,0,A00,A0,A0,E0,0,0,1997,3,666,668,259,257,2,1064
34031,4591,A05,0,A00,A0,A0,E0,0,0,1997,3,1021,991,294,325,-30,1248
34033,4591,A05,0,A00,A0,A0,E0,0,0,1997,3,19,9,5,14,-9,568
34035,4591,A05,0,A00,A0,A0,E0,0,0,1997,3,915,921,241,235,6,1563
34037,4591,A05,0,A00,A0,A0,E0,0,0,1997,3,44,38,3,9,-6,1090
34039,4591,A05,0,A00,A0,A0,E0,0,0,1997,3,789,804,252,237,15,1562
34041,4591,A05,0,A00,A0,A0,E0,0,0,1997,3,148,148,45,45,0,1372
34,4591,A05,0,A00,A0,A0,E0,0,0,1997,3,15218,15488,4552,4281,270,1701
34001,4591,A05,0,A00,A0,A0,E0,0,0,1997,4,219,281,195,133,62,1463
34003,4591,A05,0,A00,A0,A0,E0,0,0,1997,4,3629,4183,1516,962,554,2989
34005,4591,A05,0,A00,A0,A0,E0,0,0,1997,4,654,735,308,227,81,1232
34007,4591,A05,0,A00,A0,A0,E0,0,0,1997,4,692,849,537,380,157,1223
34009,4591,A05,0,A00,A0,A0,E0,0,0,1997,4,117,65,16,68,-52,977
34011,4591,A05,0,A00,A0,A0,E0,0,0,1997,4,76,69,29,36,-7,1046
34013,4591,A05,0,A00,A0,A0,E0,0,0,1997,4,790,940,496,346,150,1969
34015,4591,A05,0,A00,A0,A0,E0,0,0,1997,4,438,570,344,212,132,1059
34017,4591,A05,0,A00,A0,A0,E0,0,0,1997,4,622,836,577,363,214,1813
34019,4591,A05,0,A00,A0,A0,E0,0,0,1997,4,220,258,118,79,39,1182
34021,4591,A05,0,A00,A0,A0,E0,0,0,1997,4,638,763,388,263,125,1308
34023,4591,A05,0,A00,A0,A0,E0,0,0,1997,4,1340,1677,1015,677,337,1417
34025,4591,A05,0,A00,A0,A0,E0,0,0,1997,4,1088,1364,756,480,276,1396
34027,4591,A05,0,A00,A0,A0,E0,0,0,1997,4,1385,1545,632,472,160,1918
34029,4591,A05,0,A00,A0,A0,E0,0,0,1997,4,668,733,336,271,65,1365
34031,4591,A05,0,A00,A0,A0,E0,0,0,1997,4,990,1294,805,501,304,1444
34033,4591,A05,0,A00,A0,A0,E0,0,0,1997,4,9,5,5,9,-4,702
34035,4591,A05,0,A00,A0,A0,E0,0,0,1997,4,922,1121,531,333,199,1652
34037,4591,A05,0,A00,A0,A0,E0,0,0,1997,4,38,38,15,16,0,965
34039,4591,A05,0,A00,A0,A0,E0,0,0,1997,4,804,1038,591,357,235,1711
34041,4591,A05,0,A00,A0,A0,E0,0,0,1997,4,146,172,79,53,25,1501
34,4591,A05,0,A00,A0,A0,E0,0,0,1997,4,15486,18537,9290,6239,3051,1855
34001,4591,A05,0,A00,A0,A0,E0,0,0,1998,1,286,245,52,94,-42,1344
34003,4591,A05,0,A00,A0,A0,E0,0,0,1998,1,4223,3725,387,884,-498,2939
34005,4591,A05,0,A00,A0,A0,E0,0,0,1998,1,727,617,88,198,-110,1041
34007,4591,A05,0,A00,A0,A0,E0,0,0,1998,1,844,705,152,291,-139,927
34009,4591,A05,0,A00,A0,A0,E0,0,0,1998,1,73,72,4,5,0,1216
34011,4591,A05,0,A00,A0,A0,E0,0,0,1998,1,69,72,17,14,3,1016
34013,4591,A05,0,A00,A0,A0,E0,0,0,1998,1,934,758,92,268,-176,1297
34015,4591,A05,0,A00,A0,A0,E0,0,0,1998,1,575,470,76,182,-106,856
34017,4591,A05,0,A00,A0,A0,E0,0,0,1998,1,825,603,81,302,-221,1136
34019,4591,A05,0,A00,A0,A0,E0,0,0,1998,1,310,257,34,87,-54,1065
34021,4591,A05,0,A00,A0,A0,E0,0,0,1998,1,763,608,79,235,-155,1413
34023,4591,A05,0,A00,A0,A0,E0,0,0,1998,1,1549,1197,167,520,-353,948
34025,4591,A05,0,A00,A0,A0,E0,0,0,1998,1,1326,1074,182,434,-252,976
34027,4591,A05,0,A00,A0,A0,E0,0,0,1998,1,1583,1382,183,384,-201,1659
34029,4591,A05,0,A00,A0,A0,E0,0,0,1998,1,733,617,82,199,-117,984
34031,4591,A05,0,A00,A0,A0,E0,0,0,1998,1,1306,1014,155,447,-292,921
34033,4591,A05,0,A00,A0,A0,E0,0,0,1998,1,5,7,,,1,813
34035,4591,A05,0,A00,A0,A0,E0,0,0,1998,1,1118,919,98,297,-199,1338
34037,4591,A05,0,A00,A0,A0,E0,0,0,1998,1,34,28,9,14,-5,732
34039,4591,A05,0,A00,A0,A0,E0,0,0,1998,1,1033,810,114,337,-223,1044
34041,4591,A05,0,A00,A0,A0,E0,0,0,1998,1,171,156,22,37,-15,1348
34,4591,A05,0,A00,A0,A0,E0,0,0,1998,1,18489,15335,2077,5230,-3154,1549
34001,4591,A05,0,A00,A0,A0,E0,0,0,1998,2,245,261,87,71,16,1339
34003,4591,A05,0,A00,A0,A0,E0,0,0,1998,2,3729,3749,670,650,20,2637
34005,4591,A05,0,A00,A0,A0,E0,0,0,1998,2,617,484,178,311,-132,1220
34007,4591,A05,0,A00,A0,A0,E0,0,0,1998,2,705,689,216,231,-16,1115
34009,4591,A05,0,A00,A0,A0,E0,0,0,1998,2,72,218,169,23,146,1460
34011,4591,A05,0,A00,A0,A0,E0,0,0,1998,2,72,79,26,19,7,1121
34013,4591,A05,0,A00,A0,A0,E0,0,0,1998,2,758,746,163,175,-12,1573
34015,4591,A05,0,A00,A0,A0,E0,0,0,1998,2,470,458,125,137,-12,1077
34017,4591,A05,0,A00,A0,A0,E0,0,0,1998,2,603,613,151,140,10,1546
34019,4591,A05,0,A00,A0,A0,E0,0,0,1998,2,257,259,57,55,3,1197
34021,4591,A05,0,A00,A0,A0,E0,0,0,1998,2,607,581,121,147,-26,1298
34023,4591,A05,0,A00,A0,A0,E0,0,0,1998,2,1196,1163,274,308,-33,1236
34025,4591,A05,0,A00,A0,A0,E0,0,0,1998,2,1074,1146,378,306,72,1281
34027,4591,A05,0,A00,A0,A0,E0,0,0,1998,2,1383,1471,369,281,88,1753
34029,4591,A05,0,A00,A0,A0,E0,0,0,1998,2,616,669,215,162,53,1155
34031,4591,A05,0,A00,A0,A0,E0,0,0,1998,2,1013,1038,302,277,25,1227
34033,4591,A05,0,A00,A0,A0,E0,0,0,1998,2,7,7,,,0,673
34035,4591,A05,0,A00,A0,A0,E0,0,0,1998,2,919,924,155,149,6,1655
34037,4591,A05,0,A00,A0,A0,E0,0,0,1998,2,28,43,20,5,15,895
34039,4591,A05,0,A00,A0,A0,E0,0,0,1998,2,812,895,314,230,83,1548
34041,4591,A05,0,A00,A0,A0,E0,0,0,1998,2,156,150,21,27,-6,1871
34,4591,A05,0,A00,A0,A0,E0,0,0,1998,2,15337,15643,4013,3706,307,1687
34001,4591,A05,0,A00,A0,A0,E0,0,0,1998,3,219,225,84,78,6,1320
34003,4591,A05,0,A00,A0,A0,E0,0,0,1998,3,4660,4499,1041,1202,-161,2582
34005,4591,A05,0,A00,A0,A0,E0,0,0,1998,3,484,492,136,128,8,1392
34007,4591,A05,0,A00,A0,A0,E0,0,0,1998,3,605,567,227,266,-39,1192
34009,4591,A05,0,A00,A0,A0,E0,0,0,1998,3,218,129,71,160,-89,1057
34011,4591,A05,0,A00,A0,A0,E0,0,0,1998,3,79,83,20,16,4,1060
34013,4591,A05,0,A00,A0,A0,E0,0,0,1998,3,666,675,185,176,9,1575
34015,4591,A05,0,A00,A0,A0,E0,0,0,1998,3,367,386,130,110,19,1112
34017,4591,A05,0,A00,A0,A0,E0,0,0,1998,3,501,502,149,148,1,1504
34019,4591,A05,0,A00,A0,A0,E0,0,0,1998,3,259,272,54,42,13,1401
34021,4591,A05,0,A00,A0,A0,E0,0,0,1998,3,497,503,130,125,5,1238
34023,4591,A05,0,A00,A0,A0,E0,0,0,1998,3,1077,1074,311,314,-3,1173
34025,4591,A05,0,A00,A0,A0,E0,0,0,1998,3,1064,1029,333,368,-35,1560
34027,4591,A05,0,A00,A0,A0,E0,0,0,1998,3,1872,1789,468,551,-84,1712
34029,4591,A05,0,A00,A0,A0,E0,0,0,1998,3,628,616,192,204,-12,1205
34031,4591,A05,0,A00,A0,A0,E0,0,0,1998,3,920,890,270,300,-30,1215
34033,4591,A05,0,A00,A0,A0,E0,0,0,1998,3,7,8,4,,2,807
34035,4591,A05,0,A00,A0,A0,E0,0,0,1998,3,1202,1213,264,252,11,1543
34037,4591,A05,0,A00,A0,A0,E0,0,0,1998,3,43,39,9,13,-4,832
34039,4591,A05,0,A00,A0,A0,E0,0,0,1998,3,787,778,230,239,-8,1759
34041,4591,A05,0,A00,A0,A0,E0,0,0,1998,3,150,156,43,36,6,1617
34,4591,A05,0,A00,A0,A0,E0,0,0,1998,3,16306,15925,4350,4731,-382,1754
34001,4591,A05,0,A00,A0,A0,E0,0,0,1998,4,225,231,121,116,5,1428
34003,4591,A05,0,A00,A0,A0,E0,0,0,1998,4,3984,4652,2915,2246,668,2327
34005,4591,A05,0,A00,A0,A0,E0,0,0,1998,4,492,506,193,179,14,1406
34007,4591,A05,0,A00,A0,A0,E0,0,0,1998,4,567,590,336,314,23,1245
34009,4591,A05,0,A00,A0,A0,E0,0,0,1998,4,129,94,13,48,-35,1060
34011,4591,A05,0,A00,A0,A0,E0,0,0,1998,4,83,82,27,28,-1,1220
34013,4591,A05,0,A00,A0,A0,E0,0,0,1998,4,698,765,347,280,67,1768
34015,4591,A05,0,A00,A0,A0,E0,0,0,1998,4,384,420,190,153,37,1311
34017,4591,A05,0,A00,A0,A0,E0,0,0,1998,4,542,627,408,322,85,1919
34019,4591,A05,0,A00,A0,A0,E0,0,0,1998,4,272,311,130,91,40,1355
34021,4591,A05,0,A00,A0,A0,E0,0,0,1998,4,503,590,266,180,86,1443
34023,4591,A05,0,A00,A0,A0,E0,0,0,1998,4,1107,1299,742,551,192,1649
34025,4591,A05,0,A00,A0,A0,E0,0,0,1998,4,1061,1219,721,563,158,1606
34027,4591,A05,0,A00,A0,A0,E0,0,0,1998,4,1838,2108,1221,951,270,2259
34029,4591,A05,0,A00,A0,A0,E0,0,0,1998,4,624,658,304,270,34,1623
34031,4591,A05,0,A00,A0,A0,E0,0,0,1998,4,973,1123,646,496,150,1766
34033,4591,A05,0,A00,A0,A0,E0,0,0,1998,4,8,5,14,16,-3,1414
34035,4591,A05,0,A00,A0,A0,E0,0,0,1998,4,1310,1505,861,665,196,2231
34037,4591,A05,0,A00,A0,A0,E0,0,0,1998,4,39,33,17,23,-6,840
34039,4591,A05,0,A00,A0,A0,E0,0,0,1998,4,791,889,475,377,98,1821
34041,4591,A05,0,A00,A0,A0,E0,0,0,1998,4,156,183,130,103,27,1834
34,4591,A05,0,A00,A0,A0,E0,0,0,1998,4,15786,17891,10076,7972,2105,1905
34001,4591,A05,0,A00,A0,A0,E0,0,0,1999,1,455,419,66,102,-36,1797
34003,4591,A05,0,A00,A0,A0,E0,0,0,1999,1,2695,2515,362,542,-180,1809
34005,4591,A05,0,A00,A0,A0,E0,0,0,1999,1,583,556,125,153,-27,1358
34007,4591,A05,0,A00,A0,A0,E0,0,0,1999,1,643,583,96,156,-60,1041
34009,4591,A05,0,A00,A0,A0,E0,0,0,1999,1,102,126,38,14,24,1187
34011,4591,A05,0,A00,A0,A0,E0,0,0,1999,1,83,78,7,12,-5,1031
34013,4591,A05,0,A00,A0,A0,E0,0,0,1999,1,859,765,104,198,-94,1570
34015,4591,A05,0,A00,A0,A0,E0,0,0,1999,1,530,491,78,117,-39,1136
34017,4591,A05,0,A00,A0,A0,E0,0,0,1999,1,767,698,143,212,-69,1658
34019,4591,A05,0,A00,A0,A0,E0,0,0,1999,1,328,286,35,77,-42,1260
34021,4591,A05,0,A00,A0,A0,E0,0,0,1999,1,684,614,87,157,-70,1137
34023,4591,A05,0,A00,A0,A0,E0,0,0,1999,1,1340,1213,221,349,-128,1295
34025,4591,A05,0,A00,A0,A0,E0,0,0,1999,1,1298,1168,196,327,-131,1319
34027,4591,A05,0,A00,A0,A0,E0,0,0,1999,1,2376,2149,348,575,-228,1758
34029,4591,A05,0,A00,A0,A0,E0,0,0,1999,1,804,740,93,156,-63,1186
34031,4591,A05,0,A00,A0,A0,E0,0,0,1999,1,1344,1214,177,307,-130,1626
34033,4591,A05,0,A00,A0,A0,E0,0,0,1999,1,5,6,,0,1,1591
34035,4591,A05,0,A00,A0,A0,E0,0,0,1999,1,1055,965,102,192,-90,1763
34037,4591,A05,0,A00,A0,A0,E0,0,0,1999,1,32,30,,4,-2,891
34039,4591,A05,0,A00,A0,A0,E0,0,0,1999,1,1223,1110,189,302,-113,1565
34041,4591,A05,0,A00,A0,A0,E0,0,0,1999,1,232,208,19,43,-24,1483
34,4591,A05,0,A00,A0,A0,E0,0,0,1999,1,17440,15933,2488,3995,-1507,1528
34001,4591,A05,0,A00,A0,A0,E0,0,0,1999,2,420,429,99,90,9,2103
34003,4591,A05,0,A00,A0,A0,E0,0,0,1999,2,2451,2546,586,491,95,1991
34005,4591,A05,0,A00,A0,A0,E0,0,0,1999,2,539,800,578,317,260,1442
34007,4591,A05,0,A00,A0,A0,E0,0,0,1999,2,583,622,159,120,39,1212
34009,4591,A05,0,A00,A0,A0,E0,0,0,1999,2,127,311,228,43,185,1068
34011,4591,A05,0,A00,A0,A0,E0,0,0,1999,2,78,90,25,13,12,1371
34013,4591,A05,0,A00,A0,A0,E0,0,0,1999,2,766,825,238,179,59,1825
34015,4591,A05,0,A00,A0,A0,E0,0,0,1999,2,482,493,130,119,11,1231
34017,4591,A05,0,A00,A0,A0,E0,0,0,1999,2,699,715,206,190,16,1866
34019,4591,A05,0,A00,A0,A0,E0,0,0,1999,2,286,286,68,69,0,1533
34021,4591,A05,0,A00,A0,A0,E0,0,0,1999,2,584,595,148,137,11,1513
34023,4591,A05,0,A00,A0,A0,E0,0,0,1999,2,1181,1128,295,348,-53,1394
34025,4591,A05,0,A00,A0,A0,E0,0,0,1999,2,1184,1250,369,303,66,1588
34027,4591,A05,0,A00,A0,A0,E0,0,0,1999,2,2118,2143,527,502,24,1917
34029,4591,A05,0,A00,A0,A0,E0,0,0,1999,2,740,823,293,211,82,1279
34031,4591,A05,0,A00,A0,A0,E0,0,0,1999,2,1305,1325,374,354,19,1712
34033,4591,A05,0,A00,A0,A0,E0,0,0,1999,2,6,10,3,0,3,1668
34035,4591,A05,0,A00,A0,A0,E0,0,0,1999,2,910,899,148,159,-10,1929
34037,4591,A05,0,A00,A0,A0,E0,0,0,1999,2,30,40,15,4,10,919
34039,4591,A05,0,A00,A0,A0,E0,0,0,1999,2,1102,1149,340,293,47,1718
34041,4591,A05,0,A00,A0,A0,E0,0,0,1999,2,209,210,30,29,1,1588
34,4591,A05,0,A00,A0,A0,E0,0,0,1999,2,15799,16686,4858,3971,887,1699
34001,4591,A05,0,A00,A0,A0,E0,0,0,1999,3,429,436,119,112,7,2046
34003,4591,A05,0,A00,A0,A0,E0,0,0,1999,3,2541,2586,679,634,45,2077
34005,4591,A05,0,A00,A0,A0,E0,0,0,1999,3,801,544,258,515,-257,1347
34007,4591,A05,0,A00,A0,A0,E0,0,0,1999,3,623,686,253,189,64,1274
34009,4591,A05,0,A00,A0,A0,E0,0,0,1999,3,311,161,135,286,-150,953
34011,4591,A05,0,A00,A0,A0,E0,0,0,1999,3,90,89,20,21,-1,1109
34013,4591,A05,0,A00,A0,A0,E0,0,0,1999,3,825,811,249,263,-14,1663
34015,4591,A05,0,A00,A0,A0,E0,0,0,1999,3,493,605,262,150,112,1321
34017,4591,A05,0,A00,A0,A0,E0,0,0,1999,3,715,708,209,216,-7,1854
34019,4591,A05,0,A00,A0,A0,E0,0,0,1999,3,286,293,82,75,7,1764
34021,4591,A05,0,A00,A0,A0,E0,0,0,1999,3,595,673,249,170,78,1320
34023,4591,A05,0,A00,A0,A0,E0,0,0,1999,3,1130,1171,396,356,40,1444
34025,4591,A05,0,A00,A0,A0,E0,0,0,1999,3,1251,1248,416,419,-3,1501
34027,4591,A05,0,A00,A0,A0,E0,0,0,1999,3,2144,2163,601,583,19,1953
34029,4591,A05,0,A00,A0,A0,E0,0,0,1999,3,823,789,339,373,-34,1342
34031,4591,A05,0,A00,A0,A0,E0,0,0,1999,3,1325,1303,391,413,-22,1756
34033,4591,A05,0,A00,A0,A0,E0,0,0,1999,3,10,11,,,1,1375
34035,4591,A05,0,A00,A0,A0,E0,0,0,1999,3,888,886,182,183,-1,1971
34037,4591,A05,0,A00,A0,A0,E0,0,0,1999,3,40,37,6,9,-3,877
34039,4591,A05,0,A00,A0,A0,E0,0,0,1999,3,1148,1225,494,417,77,1905
34041,4591,A05,0,A00,A0,A0,E0,0,0,1999,3,210,231,80,59,21,1743
34,4591,A05,0,A00,A0,A0,E0,0,0,1999,3,16676,16654,5423,5445,-22,1709
34001,4591,A05,0,A00,A0,A0,E0,0,0,1999,4,431,458,215,188,27,2558
34003,4591,A05,0,A00,A0,A0,E0,0,0,1999,4,3729,3975,1223,977,246,3396
34005,4591,A05,0,A00,A0,A0,E0,0,0,1999,4,582,628,277,230,46,1620
34007,4591,A05,0,A00,A0,A0,E0,0,0,1999,4,609,655,369,322,47,1299
34009,4591,A05,0,A00,A0,A0,E0,0,0,1999,4,161,100,16,78,-61,1511
34011,4591,A05,0,A00,A0,A0,E0,0,0,1999,4,89,86,20,23,-3,1518
34013,4591,A05,0,A00,A0,A0,E0,0,0,1999,4,751,847,438,342,96,1549
34015,4591,A05,0,A00,A0,A0,E0,0,0,1999,4,588,700,384,273,112,1551
34017,4591,A05,0,A00,A0,A0,E0,0,0,1999,4,628,755,527,399,127,1578
34019,4591,A05,0,A00,A0,A0,E0,0,0,1999,4,293,356,182,119,63,1701
34021,4591,A05,0,A00,A0,A0,E0,0,0,1999,4,695,769,395,321,74,1515
34023,4591,A05,0,A00,A0,A0,E0,0,0,1999,4,1074,1208,717,583,135,1393
34025,4591,A05,0,A00,A0,A0,E0,0,0,1999,4,1174,1306,724,592,132,1461
34027,4591,A05,0,A00,A0,A0,E0,0,0,1999,4,2020,2295,1296,1021,275,1828
34029,4591,A05,0,A00,A0,A0,E0,0,0,1999,4,780,746,281,314,-33,1529
34031,4591,A05,0,A00,A0,A0,E0,0,0,1999,4,1141,1257,733,617,116,1468
34033,4591,A05,0,A00,A0,A0,E0,0,0,1999,4,11,15,21,17,4,1489
34035,4591,A05,0,A00,A0,A0,E0,0,0,1999,4,902,986,515,431,84,1948
34037,4591,A05,0,A00,A0,A0,E0,0,0,1999,4,37,31,14,20,-6,825
34039,4591,A05,0,A00,A0,A0,E0,0,0,1999,4,1138,1221,713,630,83,1733
34041,4591,A05,0,A00,A0,A0,E0,0,0,1999,4,223,249,218,193,26,1706
34,4591,A05,0,A00,A0,A0,E0,0,0,1999,4,17055,18644,9278,7689,1590,2013
34001,4591,A05,0,A00,A0,A0,E0,0,0,2000,1,419,406,86,99,-13,1998
34003,4591,A05,0,A00,A0,A0,E0,0,0,2000,1,3917,3679,442,680,-238,3136
34005,4591,A05,0,A00,A0,A0,E0,0,0,2000,1,649,880,560,329,231,1462
34007,4591,A05,0,A00,A0,A0,E0,0,0,2000,1,595,573,117,139,-22,1115
34009,4591,A05,0,A00,A0,A0,E0,0,0,2000,1,97,94,15,18,-3,1181
34011,4591,A05,0,A00,A0,A0,E0,0,0,2000,1,88,82,16,22,-5,1138
34013,4591,A05,0,A00,A0,A0,E0,0,0,2000,1,838,740,126,224,-98,1242
34015,4591,A05,0,A00,A0,A0,E0,0,0,2000,1,619,601,164,182,-18,1175
34017,4591,A05,0,A00,A0,A0,E0,0,0,2000,1,765,655,117,226,-109,1200
34019,4591,A05,0,A00,A0,A0,E0,0,0,2000,1,356,322,57,91,-34,1412
34021,4591,A05,0,A00,A0,A0,E0,0,0,2000,1,798,748,193,243,-49,1097
34023,4591,A05,0,A00,A0,A0,E0,0,0,2000,1,1123,1481,816,457,359,1115
34025,4591,A05,0,A00,A0,A0,E0,0,0,2000,1,1275,1221,318,372,-54,1554
34027,4591,A05,0,A00,A0,A0,E0,0,0,2000,1,2295,2058,351,588,-236,1412
34029,4591,A05,0,A00,A0,A0,E0,0,0,2000,1,743,718,143,168,-25,1278
34031,4591,A05,0,A00,A0,A0,E0,0,0,2000,1,1330,1160,215,386,-171,1090
34033,4591,A05,0,A00,A0,A0,E0,0,0,2000,1,15,13,,3,-1,1295
34035,4591,A05,0,A00,A0,A0,E0,0,0,2000,1,1020,954,141,207,-66,1533
34037,4591,A05,0,A00,A0,A0,E0,0,0,2000,1,31,21,8,19,-11,6546
34039,4591,A05,0,A00,A0,A0,E0,0,0,2000,1,1106,983,198,322,-123,1416
34041,4591,A05,0,A00,A0,A0,E0,0,0,2000,1,248,221,32,59,-27,1456
34,4591,A05,0,A00,A0,A0,E0,0,0,2000,1,18325,17612,4119,4833,-714,1722
34001,4591,A05,0,A00,A0,A0,E0,0,0,2000,2,406,430,102,77,24,1992
34003,4591,A05,0,A00,A0,A0,E0,0,0,2000,2,3685,3674,582,593,-11,3733
34005,4591,A05,0,A00,A0,A0,E0,0,0,2000,2,880,861,247,266,-18,1249
34007,4591,A05,0,A00,A0,A0,E0,0,0,2000,2,573,566,150,157,-7,1642
34009,4591,A05,0,A00,A0,A0,E0,0,0,2000,2,94,248,196,42,154,1432
34011,4591,A05,0,A00,A0,A0,E0,0,0,2000,2,82,93,24,13,11,1276
34013,4591,A05,0,A00,A0,A0,E0,0,0,2000,2,739,741,203,201,2,1461
34015,4591,A05,0,A00,A0,A0,E0,0,0,2000,2,601,612,154,142,12,1276
34017,4591,A05,0,A00,A0,A0,E0,0,0,2000,2,655,684,230,201,29,1540
34019,4591,A05,0,A00,A0,A0,E0,0,0,2000,2,322,324,74,72,2,1650
34021,4591,A05,0,A00,A0,A0,E0,0,0,2000,2,749,758,177,167,10,1343
34023,4591,A05,0,A00,A0,A0,E0,0,0,2000,2,1481,1516,476,442,34,1253
34025,4591,A05,0,A00,A0,A0,E0,0,0,2000,2,1220,1318,416,318,98,1373
34027,4591,A05,0,A00,A0,A0,E0,0,0,2000,2,2058,2116,550,492,58,1737
34029,4591,A05,0,A00,A0,A0,E0,0,0,2000,2,718,810,278,187,92,1470
34031,4591,A05,0,A00,A0,A0,E0,0,0,2000,2,1157,1141,332,349,-16,1256
34033,4591,A05,0,A00,A0,A0,E0,0,0,2000,2,13,16,3,,2,3537
34035,4591,A05,0,A00,A0,A0,E0,0,0,2000,2,954,998,231,188,43,1705
34037,4591,A05,0,A00,A0,A0,E0,0,0,2000,2,21,28,15,7,8,971
34039,4591,A05,0,A00,A0,A0,E0,0,0,2000,2,963,1018,327,271,55,1541
34041,4591,A05,0,A00,A0,A0,E0,0,0,2000,2,221,214,44,51,-7,1639
34,4591,A05,0,A00,A0,A0,E0,0,0,2000,2,17591,18166,4811,4237,575,1946
34001,4591,A05,0,A00,A0,A0,E0,0,0,2000,3,430,452,128,107,21,1943
34003,4591,A05,0,A00,A0,A0,E0,0,0,2000,3,3673,3812,847,709,138,2978
34005,4591,A05,0,A00,A0,A0,E0,0,0,2000,3,861,817,302,345,-44,1242
34007,4591,A05,0,A00,A0,A0,E0,0,0,2000,3,566,553,191,204,-13,1208
34009,4591,A05,0,A00,A0,A0,E0,0,0,2000,3,248,159,94,183,-89,1107
34011,4591,A05,0,A00,A0,A0,E0,0,0,2000,3,93,83,17,27,-11,1187
34013,4591,A05,0,A00,A0,A0,E0,0,0,2000,3,741,754,234,221,13,1461
34015,4591,A05,0,A00,A0,A0,E0,0,0,2000,3,612,722,324,215,110,1370
34017,4591,A05,0,A00,A0,A0,E0,0,0,2000,3,674,719,261,216,46,1501
34019,4591,A05,0,A00,A0,A0,E0,0,0,2000,3,324,319,81,86,-5,1655
34021,4591,A05,0,A00,A0,A0,E0,0,0,2000,3,757,799,284,243,42,1184
34023,4591,A05,0,A00,A0,A0,E0,0,0,2000,3,1516,1621,731,626,106,1260
34025,4591,A05,0,A00,A0,A0,E0,0,0,2000,3,1320,1265,461,516,-55,1331
34027,4591,A05,0,A00,A0,A0,E0,0,0,2000,3,2116,2163,658,610,47,1546
34029,4591,A05,0,A00,A0,A0,E0,0,0,2000,3,810,754,283,339,-56,1331
34031,4591,A05,0,A00,A0,A0,E0,0,0,2000,3,1142,1189,389,342,48,1315
34033,4591,A05,0,A00,A0,A0,E0,0,0,2000,3,16,14,4,6,-2,1250
34035,4591,A05,0,A00,A0,A0,E0,0,0,2000,3,999,1030,270,238,31,1662
34037,4591,A05,0,A00,A0,A0,E0,0,0,2000,3,28,25,8,12,-4,1189
34039,4591,A05,0,A00,A0,A0,E0,0,0,2000,3,1018,1019,369,368,1,1563
34041,4591,A05,0,A00,A0,A0,E0,0,0,2000,3,214,227,47,34,13,1142
34,4591,A05,0,A00,A0,A0,E0,0,0,2000,3,18158,18496,5984,5646,337,1719
34001,4591,A05,0,A00,A0,A0,E0,0,0,2000,4,451,518,245,178,67,2043
34003,4591,A05,0,A00,A0,A0,E0,0,0,2000,4,3812,4118,1346,1041,305,3661
34005,4591,A05,0,A00,A0,A0,E0,0,0,2000,4,817,872,448,392,56,1316
34007,4591,A05,0,A00,A0,A0,E0,0,0,2000,4,552,627,355,281,75,1337
34009,4591,A05,0,A00,A0,A0,E0,0,0,2000,4,159,106,14,66,-53,1054
34011,4591,A05,0,A00,A0,A0,E0,0,0,2000,4,83,83,30,29,1,1231
34013,4591,A05,0,A00,A0,A0,E0,0,0,2000,4,754,833,437,357,79,1528
34015,4591,A05,0,A00,A0,A0,E0,0,0,2000,4,722,902,545,364,181,1381
34017,4591,A05,0,A00,A0,A0,E0,0,0,2000,4,719,884,545,380,165,1641
34019,4591,A05,0,A00,A0,A0,E0,0,0,2000,4,319,404,242,157,85,1755
34021,4591,A05,0,A00,A0,A0,E0,0,0,2000,4,798,885,377,290,87,1437
34023,4591,A05,0,A00,A0,A0,E0,0,0,2000,4,1622,1856,962,728,234,1456
34025,4591,A05,0,A00,A0,A0,E0,0,0,2000,4,1263,1500,868,632,236,1498
34027,4591,A05,0,A00,A0,A0,E0,0,0,2000,4,2162,2726,1714,1150,564,1881
34029,4591,A05,0,A00,A0,A0,E0,0,0,2000,4,754,810,321,264,57,1490
34031,4591,A05,0,A00,A0,A0,E0,0,0,2000,4,1190,1385,766,571,196,1624
34033,4591,A05,0,A00,A0,A0,E0,0,0,2000,4,14,18,22,19,3,1533
34035,4591,A05,0,A00,A0,A0,E0,0,0,2000,4,1030,1217,564,378,187,1832
34037,4591,A05,0,A00,A0,A0,E0,0,0,2000,4,25,28,13,9,3,1128
34039,4591,A05,0,A00,A0,A0,E0,0,0,2000,4,1020,1282,793,530,263,1750
34041,4591,A05,0,A00,A0,A0,E0,0,0,2000,4,227,154,76,149,-73,1117
34,4591,A05,0,A00,A0,A0,E0,0,0,2000,4,18491,21209,10683,7966,2717,2010
34001,4591,A05,0,A00,A0,A0,E0,0,0,2001,1,508,451,63,120,-57,2081
34003,4591,A05,0,A00,A0,A0,E0,0,0,2001,1,4097,3793,371,676,-304,4327
34005,4591,A05,0,A00,A0,A0,E0,0,0,2001,1,855,746,136,245,-109,1278
34007,4591,A05,0,A00,A0,A0,E0,0,0,2001,1,631,556,99,174,-75,1081
34009,4591,A05,0,A00,A0,A0,E0,0,0,2001,1,106,102,13,17,-4,2726
34011,4591,A05,0,A00,A0,A0,E0,0,0,2001,1,74,81,21,14,7,1311
34013,4591,A05,0,A00,A0,A0,E0,0,0,2001,1,884,703,102,283,-181,1242
34015,4591,A05,0,A00,A0,A0,E0,0,0,2001,1,588,476,76,188,-112,1020
34017,4591,A05,0,A00,A0,A0,E0,0,0,2001,1,902,716,98,284,-186,1253
34019,4591,A05,0,A00,A0,A0,E0,0,0,2001,1,189,182,30,37,-7,1631
34021,4591,A05,0,A00,A0,A0,E0,0,0,2001,1,900,793,126,233,-107,1154
34023,4591,A05,0,A00,A0,A0,E0,0,0,2001,1,1896,1606,318,608,-290,1145
34025,4591,A05,0,A00,A0,A0,E0,0,0,2001,1,1544,1341,242,445,-203,1210
34027,4591,A05,0,A00,A0,A0,E0,0,0,2001,1,1591,1435,223,380,-157,1873
34029,4591,A05,0,A00,A0,A0,E0,0,0,2001,1,809,762,151,197,-47,1220
34031,4591,A05,0,A00,A0,A0,E0,0,0,2001,1,1235,1016,150,369,-219,1077
34033,4591,A05,0,A00,A0,A0,E0,0,0,2001,1,21,22,3,,1,1252
34035,4591,A05,0,A00,A0,A0,E0,0,0,2001,1,1231,1153,265,343,-78,1490
34037,4591,A05,0,A00,A0,A0,E0,0,0,2001,1,32,29,14,17,-3,1611
34039,4591,A05,0,A00,A0,A0,E0,0,0,2001,1,1308,1094,236,451,-214,1361
34041,4591,A05,0,A00,A0,A0,E0,0,0,2001,1,152,129,19,42,-23,2453
34,4591,A05,0,A00,A0,A0,E0,0,0,2001,1,19554,17187,2757,5124,-2367,1960
34001,4591,A05,0,A00,A0,A0,E0,0,0,2001,2,451,466,128,114,15,1797
34003,4591,A05,0,A00,A0,A0,E0,0,0,2001,2,3791,3877,564,478,86,3973
34005,4591,A05,0,A00,A0,A0,E0,0,0,2001,2,748,745,192,195,-3,1355
34007,4591,A05,0,A00,A0,A0,E0,0,0,2001,2,556,560,170,167,4,1298
34009,4591,A05,0,A00,A0,A0,E0,0,0,2001,2,103,270,212,45,167,1354
34011,4591,A05,0,A00,A0,A0,E0,0,0,2001,2,81,90,18,10,8,1328
34013,4591,A05,0,A00,A0,A0,E0,0,0,2001,2,703,723,201,181,20,1555
34015,4591,A05,0,A00,A0,A0,E0,0,0,2001,2,476,475,129,130,-1,1236
34017,4591,A05,0,A00,A0,A0,E0,0,0,2001,2,716,697,161,179,-19,1881
34019,4591,A05,0,A00,A0,A0,E0,0,0,2001,2,182,191,52,44,8,1805
34021,4591,A05,0,A00,A0,A0,E0,0,0,2001,2,787,792,183,178,5,1258
34023,4591,A05,0,A00,A0,A0,E0,0,0,2001,2,1610,1604,471,477,-6,1311
34025,4591,A05,0,A00,A0,A0,E0,0,0,2001,2,1337,1393,423,367,56,1506
34027,4591,A05,0,A00,A0,A0,E0,0,0,2001,2,1434,1480,341,295,46,1891
34029,4591,A05,0,A00,A0,A0,E0,0,0,2001,2,763,852,275,186,90,1352
34031,4591,A05,0,A00,A0,A0,E0,0,0,2001,2,1016,1040,269,245,24,1344
34033,4591,A05,0,A00,A0,A0,E0,0,0,2001,2,22,23,5,4,1,1325
34035,4591,A05,0,A00,A0,A0,E0,0,0,2001,2,1154,1073,183,265,-81,1627
34037,4591,A05,0,A00,A0,A0,E0,0,0,2001,2,29,42,22,9,13,1236
34039,4591,A05,0,A00,A0,A0,E0,0,0,2001,2,1095,1076,292,310,-18,1667
34041,4591,A05,0,A00,A0,A0,E0,0,0,2001,2,129,118,29,40,-11,1456
34,4591,A05,0,A00,A0,A0,E0,0,0,2001,2,17184,17587,4321,3918,403,2046
34001,4591,A05,0,A00,A0,A0,E0,0,0,2001,3,466,485,167,148,20,1882
34003,4591,A05,0,A00,A0,A0,E0,0,0,2001,3,3881,3958,624,547,77,3393
34005,4591,A05,0,A00,A0,A0,E0,0,0,2001,3,743,741,239,241,-3,1348
34007,4591,A05,0,A00,A0,A0,E0,0,0,2001,3,552,583,186,155,31,1261
34009,4591,A05,0,A00,A0,A0,E0,0,0,2001,3,269,140,60,190,-129,1065
34011,4591,A05,0,A00,A0,A0,E0,0,0,2001,3,90,85,15,19,-4,1220
34013,4591,A05,0,A00,A0,A0,E0,0,0,2001,3,723,729,225,219,6,1497
34015,4591,A05,0,A00,A0,A0,E0,0,0,2001,3,474,502,168,141,28,1283
34017,4591,A05,0,A00,A0,A0,E0,0,0,2001,3,697,760,258,195,63,1561
34019,4591,A05,0,A00,A0,A0,E0,0,0,2001,3,191,186,32,37,-5,1732
34021,4591,A05,0,A00,A0,A0,E0,0,0,2001,3,774,738,216,252,-36,1350
34023,4591,A05,0,A00,A0,A0,E0,0,0,2001,3,1607,1523,383,466,-84,1296
34025,4591,A05,0,A00,A0,A0,E0,0,0,2001,3,1395,1458,505,443,62,1464
34027,4591,A05,0,A00,A0,A0,E0,0,0,2001,3,1477,1488,374,363,11,1801
34029,4591,A05,0,A00,A0,A0,E0,0,0,2001,3,854,835,251,270,-19,1353
34031,4591,A05,0,A00,A0,A0,E0,0,0,2001,3,1039,1080,341,300,41,1375
34033,4591,A05,0,A00,A0,A0,E0,0,0,2001,3,23,15,7,15,-8,871
34035,4591,A05,0,A00,A0,A0,E0,0,0,2001,3,1072,1035,229,265,-36,1610
34037,4591,A05,0,A00,A0,A0,E0,0,0,2001,3,42,40,10,13,-2,1270
34039,4591,A05,0,A00,A0,A0,E0,0,0,2001,3,1075,1071,366,371,-5,1481
34041,4591,A05,0,A00,A0,A0,E0,0,0,2001,3,118,126,42,34,8,1563
34,4591,A05,0,A00,A0,A0,E0,0,0,2001,3,17562,17577,4696,4682,15,1881
34001,4591,A05,0,A00,A0,A0,E0,0,0,2001,4,470,504,243,209,34,1845
34003,4591,A05,0,A00,A0,A0,E0,0,0,2001,4,3954,4230,969,693,276,4000
34005,4591,A05,0,A00,A0,A0,E0,0,0,2001,4,734,805,322,250,72,1413
34007,4591,A05,0,A00,A0,A0,E0,0,0,2001,4,582,660,307,230,77,1374
34009,4591,A05,0,A00,A0,A0,E0,0,0,2001,4,140,94,14,61,-46,1167
34011,4591,A05,0,A00,A0,A0,E0,0,0,2001,4,85,83,30,32,-2,1293
34013,4591,A05,0,A00,A0,A0,E0,0,0,2001,4,742,819,392,315,77,1690
34015,4591,A05,0,A00,A0,A0,E0,0,0,2001,4,497,600,302,199,103,1496
34017,4591,A05,0,A00,A0,A0,E0,0,0,2001,4,774,894,454,334,120,1908
34019,4591,A05,0,A00,A0,A0,E0,0,0,2001,4,184,177,53,59,-7,1681
34021,4591,A05,0,A00,A0,A0,E0,0,0,2001,4,737,815,327,249,78,1456
34023,4591,A05,0,A00,A0,A0,E0,0,0,2001,4,1500,1664,638,474,164,1838
34025,4591,A05,0,A00,A0,A0,E0,0,0,2001,4,1490,1674,768,584,184,1650
34027,4591,A05,0,A00,A0,A0,E0,0,0,2001,4,1471,1562,536,445,91,1995
34029,4591,A05,0,A00,A0,A0,E0,0,0,2001,4,812,830,290,273,18,1637
34031,4591,A05,0,A00,A0,A0,E0,0,0,2001,4,1096,1267,565,394,171,1532
34033,4591,A05,0,A00,A0,A0,E0,0,0,2001,4,15,8,14,21,-7,507
34035,4591,A05,0,A00,A0,A0,E0,0,0,2001,4,1082,1229,480,333,147,1911
34037,4591,A05,0,A00,A0,A0,E0,0,0,2001,4,40,41,22,21,1,1190
34039,4591,A05,0,A00,A0,A0,E0,0,0,2001,4,1094,1253,605,445,160,1705
34041,4591,A05,0,A00,A0,A0,E0,0,0,2001,4,126,148,76,53,22,1560
34,4591,A05,0,A00,A0,A0,E0,0,0,2001,4,17626,19358,7406,5675,1731,2199
34001,4591,A05,0,A00,A0,A0,E0,0,0,2002,1,503,447,60,116,-56,1822
34003,4591,A05,0,A00,A0,A0,E0,0,0,2002,1,4191,3865,310,636,-326,4086
34005,4591,A05,0,A00,A0,A0,E0,0,0,2002,1,806,728,142,220,-78,1281
34007,4591,A05,0,A00,A0,A0,E0,0,0,2002,1,641,526,95,211,-116,1092
34009,4591,A05,0,A00,A0,A0,E0,0,0,2002,1,94,104,26,15,10,1332
34011,4591,A05,0,A00,A0,A0,E0,0,0,2002,1,85,93,25,16,8,1148
34013,4591,A05,0,A00,A0,A0,E0,0,0,2002,1,785,639,89,235,-146,1462
34015,4591,A05,0,A00,A0,A0,E0,0,0,2002,1,584,504,84,163,-79,1240
34017,4591,A05,0,A00,A0,A0,E0,0,0,2002,1,897,732,97,262,-165,1827
34019,4591,A05,0,A00,A0,A0,E0,0,0,2002,1,178,173,27,32,-4,1623
34021,4591,A05,0,A00,A0,A0,E0,0,0,2002,1,813,765,201,249,-48,1269
34023,4591,A05,0,A00,A0,A0,E0,0,0,2002,1,1656,1479,269,447,-178,1250
34025,4591,A05,0,A00,A0,A0,E0,0,0,2002,1,1653,1486,296,463,-167,1197
34027,4591,A05,0,A00,A0,A0,E0,0,0,2002,1,1569,1401,196,364,-168,1734
34029,4591,A05,0,A00,A0,A0,E0,0,0,2002,1,828,746,110,192,-82,1321
34031,4591,A05,0,A00,A0,A0,E0,0,0,2002,1,1273,1051,146,369,-222,1145
34033,4591,A05,0,A00,A0,A0,E0,0,0,2002,1,8,6,3,6,-2,554
34035,4591,A05,0,A00,A0,A0,E0,0,0,2002,1,1223,1097,203,329,-126,1500
34037,4591,A05,0,A00,A0,A0,E0,0,0,2002,1,41,31,13,23,-10,1247
34039,4591,A05,0,A00,A0,A0,E0,0,0,2002,1,1289,1104,190,375,-185,1437
34041,4591,A05,0,A00,A0,A0,E0,0,0,2002,1,149,121,18,45,-27,1288
34,4591,A05,0,A00,A0,A0,E0,0,0,2002,1,19265,17098,2600,4766,-2167,1962
34001,4591,A05,0,A00,A0,A0,E0,0,0,2002,2,442,463,95,74,20,2415
34003,4591,A05,0,A00,A0,A0,E0,0,0,2002,2,3863,3898,463,428,35,4690
34005,4591,A05,0,A00,A0,A0,E0,0,0,2002,2,728,732,172,169,3,1435
34007,4591,A05,0,A00,A0,A0,E0,0,0,2002,2,525,497,119,148,-28,1440
34009,4591,A05,0,A00,A0,A0,E0,0,0,2002,2,104,248,190,46,144,1345
34011,4591,A05,0,A00,A0,A0,E0,0,0,2002,2,93,93,15,15,-1,1269
34013,4591,A05,0,A00,A0,A0,E0,0,0,2002,2,639,650,165,154,11,1604
34015,4591,A05,0,A00,A0,A0,E0,0,0,2002,2,504,518,132,118,14,1335
34017,4591,A05,0,A00,A0,A0,E0,0,0,2002,2,732,710,129,150,-21,1784
34019,4591,A05,0,A00,A0,A0,E0,0,0,2002,2,173,162,19,30,-12,1855
34021,4591,A05,0,A00,A0,A0,E0,0,0,2002,2,764,801,204,167,37,1358
34023,4591,A05,0,A00,A0,A0,E0,0,0,2002,2,1473,1510,369,332,37,2099
34025,4591,A05,0,A00,A0,A0,E0,0,0,2002,2,1486,1576,509,419,90,1411
34027,4591,A05,0,A00,A0,A0,E0,0,0,2002,2,1399,1425,351,325,26,2040
34029,4591,A05,0,A00,A0,A0,E0,0,0,2002,2,752,860,293,185,108,1414
34031,4591,A05,0,A00,A0,A0,E0,0,0,2002,2,1051,1046,210,216,-6,1371
34033,4591,A05,0,A00,A0,A0,E0,0,0,2002,2,6,6,,,0,663
34035,4591,A05,0,A00,A0,A0,E0,0,0,2002,2,1097,1046,164,215,-51,1741
34037,4591,A05,0,A00,A0,A0,E0,0,0,2002,2,31,42,20,10,11,1505
34039,4591,A05,0,A00,A0,A0,E0,0,0,2002,2,1103,1085,291,310,-18,1670
34041,4591,A05,0,A00,A0,A0,E0,0,0,2002,2,121,121,25,25,0,1596
34,4591,A05,0,A00,A0,A0,E0,0,0,2002,2,17087,17487,3937,3537,400,2335
34001,4591,A05,0,A00,A0,A0,E0,0,0,2002,3,463,482,136,117,19,2017
34003,4591,A05,0,A00,A0,A0,E0,0,0,2002,3,3897,3940,534,492,43,3606
34005,4591,A05,0,A00,A0,A0,E0,0,0,2002,3,731,728,220,224,-4,1463
34007,4591,A05,0,A00,A0,A0,E0,0,0,2002,3,497,512,160,145,14,1285
34009,4591,A05,0,A00,A0,A0,E0,0,0,2002,3,248,153,78,174,-96,1217
34011,4591,A05,0,A00,A0,A0,E0,0,0,2002,3,93,95,26,23,3,1260
34013,4591,A05,0,A00,A0,A0,E0,0,0,2002,3,653,690,198,161,36,1503
34015,4591,A05,0,A00,A0,A0,E0,0,0,2002,3,518,546,161,133,28,1379
34017,4591,A05,0,A00,A0,A0,E0,0,0,2002,3,710,769,222,163,59,1980
34019,4591,A05,0,A00,A0,A0,E0,0,0,2002,3,162,166,39,35,4,1983
34021,4591,A05,0,A00,A0,A0,E0,0,0,2002,3,801,821,243,223,20,1473
34023,4591,A05,0,A00,A0,A0,E0,0,0,2002,3,1510,1503,401,409,-8,1389
34025,4591,A05,0,A00,A0,A0,E0,0,0,2002,3,1578,1640,551,489,63,1355
34027,4591,A05,0,A00,A0,A0,E0,0,0,2002,3,1426,1451,361,336,25,1826
34029,4591,A05,0,A00,A0,A0,E0,0,0,2002,3,862,854,290,298,-8,1359
34031,4591,A05,0,A00,A0,A0,E0,0,0,2002,3,1046,1077,307,276,31,1520
34033,4591,A05,0,A00,A0,A0,E0,0,0,2002,3,6,6,,,0,706
34035,4591,A05,0,A00,A0,A0,E0,0,0,2002,3,1046,1108,269,207,62,1801
34037,4591,A05,0,A00,A0,A0,E0,0,0,2002,3,42,39,10,13,-2,1289
34039,4591,A05,0,A00,A0,A0,E0,0,0,2002,3,1089,1122,352,319,33,1855
34041,4591,A05,0,A00,A0,A0,E0,0,0,2002,3,121,124,32,29,3,1599
34,4591,A05,0,A00,A0,A0,E0,0,0,2002,3,17498,17822,4591,4267,324,2014
34001,4591,A05,0,A00,A0,A0,E0,0,0,2002,4,491,571,241,160,80,2201
34003,4591,A05,0,A00,A0,A0,E0,0,0,2002,4,3991,4383,1023,632,391,4315
34005,4591,A05,0,A00,A0,A0,E0,0,0,2002,4,725,800,333,258,74,1483
34007,4591,A05,0,A00,A0,A0,E0,0,0,2002,4,532,621,413,324,89,1395
34009,4591,A05,0,A00,A0,A0,E0,0,0,2002,4,153,94,16,75,-59,1463
34011,4591,A05,0,A00,A0,A0,E0,0,0,2002,4,143,148,56,50,6,1158
34013,4591,A05,0,A00,A0,A0,E0,0,0,2002,4,718,826,403,296,108,1634
34015,4591,A05,0,A00,A0,A0,E0,0,0,2002,4,566,659,302,209,93,1406
34017,4591,A05,0,A00,A0,A0,E0,0,0,2002,4,809,1034,539,315,225,2277
34019,4591,A05,0,A00,A0,A0,E0,0,0,2002,4,166,169,41,38,3,1952
34021,4591,A05,0,A00,A0,A0,E0,0,0,2002,4,813,869,355,300,55,1473
34023,4591,A05,0,A00,A0,A0,E0,0,0,2002,4,1513,1678,638,474,165,1924
34025,4591,A05,0,A00,A0,A0,E0,0,0,2002,4,1666,1871,873,668,205,1599
34027,4591,A05,0,A00,A0,A0,E0,0,0,2002,4,1483,1618,607,471,135,2081
34029,4591,A05,0,A00,A0,A0,E0,0,0,2002,4,869,886,319,302,17,1658
34031,4591,A05,0,A00,A0,A0,E0,0,0,2002,4,1095,1327,668,437,232,1573
34033,4591,A05,0,A00,A0,A0,E0,0,0,2002,4,6,4,11,13,-2,967
34035,4591,A05,0,A00,A0,A0,E0,0,0,2002,4,1095,1223,485,357,128,2005
34037,4591,A05,0,A00,A0,A0,E0,0,0,2002,4,39,51,30,19,12,1338
34039,4591,A05,0,A00,A0,A0,E0,0,0,2002,4,1153,1349,654,458,196,1852
34041,4591,A05,0,A00,A0,A0,E0,0,0,2002,4,166,215,134,85,49,1521
34,4591,A05,0,A00,A0,A0,E0,0,0,2002,4,18192,20394,8141,5939,2202,2312
34001,4591,A05,0,A00,A0,A0,E0,0,0,2003,1,571,506,69,134,-65,1932
34003,4591,A05,0,A00,A0,A0,E0,0,0,2003,1,4395,4049,287,633,-346,3440
34005,4591,A05,0,A00,A0,A0,E0,0,0,2003,1,877,799,168,246,-78,1323
34007,4591,A05,0,A00,A0,A0,E0,0,0,2003,1,703,563,84,224,-140,1117
34009,4591,A05,0,A00,A0,A0,E0,0,0,2003,1,92,93,11,10,1,1819
34011,4591,A05,0,A00,A0,A0,E0,0,0,2003,1,173,156,20,37,-17,994
34013,4591,A05,0,A00,A0,A0,E0,0,0,2003,1,918,740,97,275,-178,1474
34015,4591,A05,0,A00,A0,A0,E0,0,0,2003,1,714,603,77,188,-111,1269
34017,4591,A05,0,A00,A0,A0,E0,0,0,2003,1,1199,958,81,321,-240,2397
34019,4591,A05,0,A00,A0,A0,E0,0,0,2003,1,168,165,22,25,-3,1730
34021,4591,A05,0,A00,A0,A0,E0,0,0,2003,1,915,804,162,272,-110,1322
34023,4591,A05,0,A00,A0,A0,E0,0,0,2003,1,1754,1567,288,475,-187,1197
34025,4591,A05,0,A00,A0,A0,E0,0,0,2003,1,1971,1693,315,593,-278,1126
34027,4591,A05,0,A00,A0,A0,E0,0,0,2003,1,1702,1529,188,362,-173,1651
34029,4591,A05,0,A00,A0,A0,E0,0,0,2003,1,884,804,115,194,-79,1232
34031,4591,A05,0,A00,A0,A0,E0,0,0,2003,1,1413,1101,146,458,-312,1115
34033,4591,A05,0,A00,A0,A0,E0,0,0,2003,1,,,0,0,,938
34035,4591,A05,0,A00,A0,A0,E0,0,0,2003,1,1279,1122,126,283,-156,1512
34037,4591,A05,0,A00,A0,A0,E0,0,0,2003,1,46,37,7,16,-9,1232
34039,4591,A05,0,A00,A0,A0,E0,0,0,2003,1,1407,1135,145,417,-272,1458
34041,4591,A05,0,A00,A0,A0,E0,0,0,2003,1,222,177,30,75,-46,1171
34,4591,A05,0,A00,A0,A0,E0,0,0,2003,1,21407,18607,2439,5239,-2800,1823
34001,4591,A05,0,A00,A0,A0,E0,0,0,2003,2,501,516,102,87,16,2500
34003,4591,A05,0,A00,A0,A0,E0,0,0,2003,2,2163,2079,368,453,-84,3316
34005,4591,A05,0,A00,A0,A0,E0,0,0,2003,2,794,905,307,196,111,1435
34007,4591,A05,0,A00,A0,A0,E0,0,0,2003,2,566,582,131,116,16,1341
34009,4591,A05,0,A00,A0,A0,E0,0,0,2003,2,93,192,118,19,99,1584
34011,4591,A05,0,A00,A0,A0,E0,0,0,2003,2,153,160,46,39,7,1209
34013,4591,A05,0,A00,A0,A0,E0,0,0,2003,2,745,761,183,166,16,1567
34015,4591,A05,0,A00,A0,A0,E0,0,0,2003,2,590,605,127,112,15,1409
34017,4591,A05,0,A00,A0,A0,E0,0,0,2003,2,963,948,153,168,-15,2455
34019,4591,A05,0,A00,A0,A0,E0,0,0,2003,2,165,167,26,24,2,1913
34021,4591,A05,0,A00,A0,A0,E0,0,0,2003,2,854,881,216,189,27,1393
34023,4591,A05,0,A00,A0,A0,E0,0,0,2003,2,1586,1596,347,337,10,1360
34025,4591,A05,0,A00,A0,A0,E0,0,0,2003,2,1638,1746,518,410,109,1277
34027,4591,A05,0,A00,A0,A0,E0,0,0,2003,2,1423,1502,362,283,79,1547
34029,4591,A05,0,A00,A0,A0,E0,0,0,2003,2,832,933,266,164,102,1407
34031,4591,A05,0,A00,A0,A0,E0,0,0,2003,2,3147,3119,269,297,-28,6562
34033,4591,A05,0,A00,A0,A0,E0,0,0,2003,2,4,8,4,0,4,940
34035,4591,A05,0,A00,A0,A0,E0,0,0,2003,2,1107,1102,192,197,-5,1769
34037,4591,A05,0,A00,A0,A0,E0,0,0,2003,2,37,37,19,19,0,1012
34039,4591,A05,0,A00,A0,A0,E0,0,0,2003,2,1141,1151,249,239,11,1710
34041,4591,A05,0,A00,A0,A0,E0,0,0,2003,2,166,159,28,35,-7,1624
34,4591,A05,0,A00,A0,A0,E0,0,0,2003,2,18668,19152,4032,3549,483,2587
34001,4591,A05,0,A00,A0,A0,E0,0,0,2003,3,515,508,100,108,-7,2090
34003,4591,A05,0,A00,A0,A0,E0,0,0,2003,3,2085,2074,432,444,-11,2252
34005,4591,A05,0,A00,A0,A0,E0,0,0,2003,3,920,941,293,272,21,1429
34007,4591,A05,0,A00,A0,A0,E0,0,0,2003,3,582,579,183,186,-3,1350
34009,4591,A05,0,A00,A0,A0,E0,0,0,2003,3,193,153,126,166,-40,1336
34011,4591,A05,0,A00,A0,A0,E0,0,0,2003,3,159,147,34,45,-12,1168
34013,4591,A05,0,A00,A0,A0,E0,0,0,2003,3,771,762,178,186,-9,1541
34015,4591,A05,0,A00,A0,A0,E0,0,0,2003,3,608,624,172,156,16,1443
34017,4591,A05,0,A00,A0,A0,E0,0,0,2003,3,943,998,262,207,55,2281
34019,4591,A05,0,A00,A0,A0,E0,0,0,2003,3,167,187,55,35,20,1812
34021,4591,A05,0,A00,A0,A0,E0,0,0,2003,3,882,857,257,282,-24,1410
34023,4591,A05,0,A00,A0,A0,E0,0,0,2003,3,1596,1532,321,385,-64,1364
34025,4591,A05,0,A00,A0,A0,E0,0,0,2003,3,1754,1713,483,524,-41,1345
34027,4591,A05,0,A00,A0,A0,E0,0,0,2003,3,1507,1554,435,388,47,1515
34029,4591,A05,0,A00,A0,A0,E0,0,0,2003,3,918,867,251,302,-51,1285
34031,4591,A05,0,A00,A0,A0,E0,0,0,2003,3,3123,3024,340,438,-98,4051
34033,4591,A05,0,A00,A0,A0,E0,0,0,2003,3,10,10,0,0,0,1356
34035,4591,A05,0,A00,A0,A0,E0,0,0,2003,3,1103,1088,203,218,-15,1748
34037,4591,A05,0,A00,A0,A0,E0,0,0,2003,3,37,38,11,10,1,1318
34039,4591,A05,0,A00,A0,A0,E0,0,0,2003,3,1152,1159,300,292,7,1795
34041,4591,A05,0,A00,A0,A0,E0,0,0,2003,3,159,163,36,32,4,1549
34,4591,A05,0,A00,A0,A0,E0,0,0,2003,3,19185,18981,4472,4676,-204,2015
34001,4591,A05,0,A00,A0,A0,E0,0,0,2003,4,508,559,206,155,51,2333
34003,4591,A05,0,A00,A0,A0,E0,0,0,2003,4,2073,2349,850,574,277,2614
34005,4591,A05,0,A00,A0,A0,E0,0,0,2003,4,941,1063,378,256,122,1542
34007,4591,A05,0,A00,A0,A0,E0,0,0,2003,4,594,734,380,239,141,1459
34009,4591,A05,0,A00,A0,A0,E0,0,0,2003,4,153,107,10,56,-46,1384
34011,4591,A05,0,A00,A0,A0,E0,0,0,2003,4,148,149,62,60,1,1304
34013,4591,A05,0,A00,A0,A0,E0,0,0,2003,4,762,895,394,261,133,1782
34015,4591,A05,0,A00,A0,A0,E0,0,0,2003,4,610,692,308,226,82,1578
34017,4591,A05,0,A00,A0,A0,E0,0,0,2003,4,998,1184,558,372,186,2512
34019,4591,A05,0,A00,A0,A0,E0,0,0,2003,4,187,209,58,36,22,1801
34021,4591,A05,0,A00,A0,A0,E0,0,0,2003,4,856,948,345,254,92,1480
34023,4591,A05,0,A00,A0,A0,E0,0,0,2003,4,1528,1745,629,412,217,1811
34025,4591,A05,0,A00,A0,A0,E0,0,0,2003,4,1750,1983,882,650,232,1440
34027,4591,A05,0,A00,A0,A0,E0,0,0,2003,4,1555,1748,672,478,193,1591
34029,4591,A05,0,A00,A0,A0,E0,0,0,2003,4,867,915,341,292,49,1624
34031,4591,A05,0,A00,A0,A0,E0,0,0,2003,4,3026,3345,816,497,319,3911
34033,4591,A05,0,A00,A0,A0,E0,0,0,2003,4,10,13,10,6,4,1440
34035,4591,A05,0,A00,A0,A0,E0,0,0,2003,4,1087,1212,457,333,125,1990
34037,4591,A05,0,A00,A0,A0,E0,0,0,2003,4,38,50,29,17,11,1169
34039,4591,A05,0,A00,A0,A0,E0,0,0,2003,4,1158,1328,588,419,169,1853
34041,4591,A05,0,A00,A0,A0,E0,0,0,2003,4,134,175,111,70,41,1759
34,4591,A05,0,A00,A0,A0,E0,0,0,2003,4,18982,21402,8085,5665,2420,2164
34001,4591,A05,0,A00,A0,A0,E0,0,0,2004,1,559,493,74,140,-66,2331
34003,4591,A05,0,A00,A0,A0,E0,0,0,2004,1,2261,1940,278,599,-321,1936
34005,4591,A05,0,A00,A0,A0,E0,0,0,2004,1,1063,936,180,307,-127,1406
34007,4591,A05,0,A00,A0,A0,E0,0,0,2004,1,754,672,149,231,-82,1145
34009,4591,A05,0,A00,A0,A0,E0,0,0,2004,1,105,100,13,19,-5,1329
34011,4591,A05,0,A00,A0,A0,E0,0,0,2004,1,147,126,17,38,-21,1178
34013,4591,A05,0,A00,A0,A0,E0,0,0,2004,1,910,774,114,250,-136,1563
34015,4591,A05,0,A00,A0,A0,E0,0,0,2004,1,706,595,84,195,-111,1282
34017,4591,A05,0,A00,A0,A0,E0,0,0,2004,1,1186,962,108,331,-223,1923
34019,4591,A05,0,A00,A0,A0,E0,0,0,2004,1,207,188,25,43,-19,1580
34021,4591,A05,0,A00,A0,A0,E0,0,0,2004,1,940,823,131,247,-116,1276
34023,4591,A05,0,A00,A0,A0,E0,0,0,2004,1,1817,1684,398,532,-134,1288
34025,4591,A05,0,A00,A0,A0,E0,0,0,2004,1,1949,1697,330,581,-252,1112
34027,4591,A05,0,A00,A0,A0,E0,0,0,2004,1,1705,1487,257,474,-217,1290
34029,4591,A05,0,A00,A0,A0,E0,0,0,2004,1,882,829,172,225,-53,1125
34031,4591,A05,0,A00,A0,A0,E0,0,0,2004,1,1455,1060,149,544,-395,1117
34033,4591,A05,0,A00,A0,A0,E0,0,0,2004,1,13,17,4,0,4,1140
34035,4591,A05,0,A00,A0,A0,E0,0,0,2004,1,968,870,137,235,-97,1662
34037,4591,A05,0,A00,A0,A0,E0,0,0,2004,1,49,41,12,20,-8,1218
34039,4591,A05,0,A00,A0,A0,E0,0,0,2004,1,1498,1242,202,458,-256,1485
34041,4591,A05,0,A00,A0,A0,E0,0,0,2004,1,171,129,21,64,-42,1270
34,4591,A05,0,A00,A0,A0,E0,0,0,2004,1,19344,16666,2853,5531,-2678,1447
34001,4591,A05,0,A00,A0,A0,E0,0,0,2004,2,493,487,93,99,-6,2241
34003,4591,A05,0,A00,A0,A0,E0,0,0,2004,2,1943,1969,316,290,26,2470
34005,4591,A05,0,A00,A0,A0,E0,0,0,2004,2,936,940,205,201,4,1605
34007,4591,A05,0,A00,A0,A0,E0,0,0,2004,2,672,656,164,180,-16,1549
34009,4591,A05,0,A00,A0,A0,E0,0,0,2004,2,100,273,218,45,173,1571
34011,4591,A05,0,A00,A0,A0,E0,0,0,2004,2,126,132,28,23,6,1332
34013,4591,A05,0,A00,A0,A0,E0,0,0,2004,2,776,819,169,126,43,1820
34015,4591,A05,0,A00,A0,A0,E0,0,0,2004,2,596,601,132,128,5,1471
34017,4591,A05,0,A00,A0,A0,E0,0,0,2004,2,861,845,142,157,-16,1587
34019,4591,A05,0,A00,A0,A0,E0,0,0,2004,2,188,189,37,35,1,1732
34021,4591,A05,0,A00,A0,A0,E0,0,0,2004,2,824,800,124,149,-24,1430
34023,4591,A05,0,A00,A0,A0,E0,0,0,2004,2,1687,1630,318,375,-57,1426
34025,4591,A05,0,A00,A0,A0,E0,0,0,2004,2,1701,1784,473,390,83,1293
34027,4591,A05,0,A00,A0,A0,E0,0,0,2004,2,1496,1482,304,319,-15,1538
34029,4591,A05,0,A00,A0,A0,E0,0,0,2004,2,829,940,317,207,111,1304
34031,4591,A05,0,A00,A0,A0,E0,0,0,2004,2,1063,1006,220,277,-57,1465
34033,4591,A05,0,A00,A0,A0,E0,0,0,2004,2,17,13,,6,-4,1097
34035,4591,A05,0,A00,A0,A0,E0,0,0,2004,2,862,818,123,168,-44,1922
34037,4591,A05,0,A00,A0,A0,E0,0,0,2004,2,41,41,16,15,1,1245
34039,4591,A05,0,A00,A0,A0,E0,0,0,2004,2,1243,1238,233,239,-6,1722
34041,4591,A05,0,A00,A0,A0,E0,0,0,2004,2,129,126,21,23,-3,1695
34,4591,A05,0,A00,A0,A0,E0,0,0,2004,2,16585,16789,3655,3452,203,1666
34001,4591,A05,0,A00,A0,A0,E0,0,0,2004,3,488,483,106,112,-6,2254
34003,4591,A05,0,A00,A0,A0,E0,0,0,2004,3,1964,1980,451,434,17,2197
34005,4591,A05,0,A00,A0,A0,E0,0,0,2004,3,946,961,269,254,15,1643
34007,4591,A05,0,A00,A0,A0,E0,0,0,2004,3,656,657,188,187,1,1468
34009,4591,A05,0,A00,A0,A0,E0,0,0,2004,3,273,172,150,251,-101,1139
34011,4591,A05,0,A00,A0,A0,E0,0,0,2004,3,132,137,35,30,5,1363
34013,4591,A05,0,A00,A0,A0,E0,0,0,2004,3,822,796,230,256,-26,1668
34015,4591,A05,0,A00,A0,A0,E0,0,0,2004,3,603,599,148,151,-4,1518
34017,4591,A05,0,A00,A0,A0,E0,0,0,2004,3,847,840,222,230,-7,1597
34019,4591,A05,0,A00,A0,A0,E0,0,0,2004,3,189,189,45,45,0,1686
34021,4591,A05,0,A00,A0,A0,E0,0,0,2004,3,799,804,210,205,5,1497
34023,4591,A05,0,A00,A0,A0,E0,0,0,2004,3,1634,1728,606,513,94,1491
34025,4591,A05,0,A00,A0,A0,E0,0,0,2004,3,1786,1721,442,507,-65,1380
34027,4591,A05,0,A00,A0,A0,E0,0,0,2004,3,1471,1418,345,397,-52,1581
34029,4591,A05,0,A00,A0,A0,E0,0,0,2004,3,945,844,231,332,-101,1280
34031,4591,A05,0,A00,A0,A0,E0,0,0,2004,3,1010,991,259,279,-19,1469
34033,4591,A05,0,A00,A0,A0,E0,0,0,2004,3,13,12,0,,-1,1190
34035,4591,A05,0,A00,A0,A0,E0,0,0,2004,3,818,839,182,161,21,1894
34037,4591,A05,0,A00,A0,A0,E0,0,0,2004,3,41,47,18,11,6,1447
34039,4591,A05,0,A00,A0,A0,E0,0,0,2004,3,1240,1244,338,334,4,1820
34041,4591,A05,0,A00,A0,A0,E0,0,0,2004,3,126,124,29,32,-2,1642
34,4591,A05,0,A00,A0,A0,E0,0,0,2004,3,16804,16586,4505,4722,-217,1644
34001,4591,A05,0,A00,A0,A0,E0,0,0,2004,4,483,533,211,161,50,2659
34003,4591,A05,0,A00,A0,A0,E0,0,0,2004,4,1984,2133,767,618,149,2602
34005,4591,A05,0,A00,A0,A0,E0,0,0,2004,4,944,1072,423,295,128,1759
34007,4591,A05,0,A00,A0,A0,E0,0,0,2004,4,652,699,320,273,47,1691
34009,4591,A05,0,A00,A0,A0,E0,0,0,2004,4,172,96,16,93,-76,1150
34011,4591,A05,0,A00,A0,A0,E0,0,0,2004,4,139,154,65,50,15,1361
34013,4591,A05,0,A00,A0,A0,E0,0,0,2004,4,797,810,314,300,14,2037
34015,4591,A05,0,A00,A0,A0,E0,0,0,2004,4,605,643,294,256,38,1661
34017,4591,A05,0,A00,A0,A0,E0,0,0,2004,4,840,927,412,325,87,1895
34019,4591,A05,0,A00,A0,A0,E0,0,0,2004,4,189,202,53,40,13,1833
34021,4591,A05,0,A00,A0,A0,E0,0,0,2004,4,815,859,338,294,44,1649
34023,4591,A05,0,A00,A0,A0,E0,0,0,2004,4,1727,1827,651,551,100,1939
34025,4591,A05,0,A00,A0,A0,E0,0,0,2004,4,1724,1876,838,686,152,1496
34027,4591,A05,0,A00,A0,A0,E0,0,0,2004,4,1418,1545,575,448,127,1678
34029,4591,A05,0,A00,A0,A0,E0,0,0,2004,4,845,857,301,290,12,1423
34031,4591,A05,0,A00,A0,A0,E0,0,0,2004,4,991,1106,543,428,115,1657
34033,4591,A05,0,A00,A0,A0,E0,0,0,2004,4,12,12,5,5,0,1091
34035,4591,A05,0,A00,A0,A0,E0,0,0,2004,4,848,906,299,240,59,2225
34037,4591,A05,0,A00,A0,A0,E0,0,0,2004,4,47,54,26,19,7,1232
34039,4591,A05,0,A00,A0,A0,E0,0,0,2004,4,1244,1350,543,437,106,2142
34041,4591,A05,0,A00,A0,A0,E0,0,0,2004,4,124,139,68,52,15,1882
34,4591,A05,0,A00,A0,A0,E0,0,0,2004,4,16599,17799,7061,5861,1200,1903
34001,4591,A05,0,A00,A0,A0,E0,0,0,2005,1,373,343,68,98,-30,1344
34003,4591,A05,0,A00,A0,A0,E0,0,0,2005,1,2149,1967,285,466,-181,2023
34005,4591,A05,0,A00,A0,A0,E0,0,0,2005,1,1055,927,134,261,-127,1430
34007,4591,A05,0,A00,A0,A0,E0,0,0,2005,1,645,601,138,182,-43,1226
34009,4591,A05,0,A00,A0,A0,E0,0,0,2005,1,96,102,33,27,6,1267
34011,4591,A05,0,A00,A0,A0,E0,0,0,2005,1,154,142,24,36,-12,1147
34013,4591,A05,0,A00,A0,A0,E0,0,0,2005,1,811,734,101,178,-77,1775
34015,4591,A05,0,A00,A0,A0,E0,0,0,2005,1,658,606,94,145,-51,1329
34017,4591,A05,0,A00,A0,A0,E0,0,0,2005,1,929,816,100,212,-112,1380
34019,4591,A05,0,A00,A0,A0,E0,0,0,2005,1,202,195,30,37,-7,1482
34021,4591,A05,0,A00,A0,A0,E0,0,0,2005,1,875,794,124,205,-81,1344
34023,4591,A05,0,A00,A0,A0,E0,0,0,2005,1,1714,1574,248,387,-139,1343
34025,4591,A05,0,A00,A0,A0,E0,0,0,2005,1,1967,1698,260,529,-269,1077
34027,4591,A05,0,A00,A0,A0,E0,0,0,2005,1,1568,1417,184,335,-151,1402
34029,4591,A05,0,A00,A0,A0,E0,0,0,2005,1,808,743,106,171,-65,1256
34031,4591,A05,0,A00,A0,A0,E0,0,0,2005,1,1098,939,113,271,-159,1223
34033,4591,A05,0,A00,A0,A0,E0,0,0,2005,1,12,13,,0,1,1068
34035,4591,A05,0,A00,A0,A0,E0,0,0,2005,1,989,910,142,220,-79,1791
34037,4591,A05,0,A00,A0,A0,E0,0,0,2005,1,54,57,22,19,2,1394
34039,4591,A05,0,A00,A0,A0,E0,0,0,2005,1,1350,1222,179,307,-129,1591
34041,4591,A05,0,A00,A0,A0,E0,0,0,2005,1,146,133,19,31,-13,1385
34,4591,A05,0,A00,A0,A0,E0,0,0,2005,1,17651,15934,2403,4121,-1718,1458
34001,4591,A05,0,A00,A0,A0,E0,0,0,2005,2,343,337,80,86,-6,1531
34003,4591,A05,0,A00,A0,A0,E0,0,0,2005,2,1972,1972,335,335,0,2759
34005,4591,A05,0,A00,A0,A0,E0,0,0,2005,2,927,971,258,214,44,1664
34007,4591,A05,0,A00,A0,A0,E0,0,0,2005,2,601,581,133,153,-20,1414
34009,4591,A05,0,A00,A0,A0,E0,0,0,2005,2,102,225,163,40,123,1463
34011,4591,A05,0,A00,A0,A0,E0,0,0,2005,2,142,148,33,26,6,1218
34013,4591,A05,0,A00,A0,A0,E0,0,0,2005,2,734,770,176,140,35,1847
34015,4591,A05,0,A00,A0,A0,E0,0,0,2005,2,606,604,137,139,-2,1584
34017,4591,A05,0,A00,A0,A0,E0,0,0,2005,2,903,896,178,185,-6,2163
34019,4591,A05,0,A00,A0,A0,E0,0,0,2005,2,195,194,33,35,-1,1576
34021,4591,A05,0,A00,A0,A0,E0,0,0,2005,2,759,772,171,158,13,1486
34023,4591,A05,0,A00,A0,A0,E0,0,0,2005,2,1574,1508,308,374,-66,1536
34025,4591,A05,0,A00,A0,A0,E0,0,0,2005,2,1700,1732,469,437,32,1367
34027,4591,A05,0,A00,A0,A0,E0,0,0,2005,2,1417,1428,277,265,12,1633
34029,4591,A05,0,A00,A0,A0,E0,0,0,2005,2,740,855,269,154,115,1456
34031,4591,A05,0,A00,A0,A0,E0,0,0,2005,2,940,973,235,201,33,1445
34033,4591,A05,0,A00,A0,A0,E0,0,0,2005,2,13,11,,4,-2,991
34035,4591,A05,0,A00,A0,A0,E0,0,0,2005,2,909,928,181,162,19,2062
34037,4591,A05,0,A00,A0,A0,E0,0,0,2005,2,57,62,16,10,5,1186
34039,4591,A05,0,A00,A0,A0,E0,0,0,2005,2,1249,1267,278,260,18,1815
34041,4591,A05,0,A00,A0,A0,E0,0,0,2005,2,134,121,22,35,-13,1856
34,4591,A05,0,A00,A0,A0,E0,0,0,2005,2,16016,16356,3752,3413,340,1772
34001,4591,A05,0,A00,A0,A0,E0,0,0,2005,3,337,332,117,122,-5,1731
34003,4591,A05,0,A00,A0,A0,E0,0,0,2005,3,1967,1994,517,490,27,2879
34005,4591,A05,0,A00,A0,A0,E0,0,0,2005,3,971,971,303,302,1,1774
34007,4591,A05,0,A00,A0,A0,E0,0,0,2005,3,595,599,218,214,4,1587
34009,4591,A05,0,A00,A0,A0,E0,0,0,2005,3,225,189,145,182,-36,1235
34011,4591,A05,0,A00,A0,A0,E0,0,0,2005,3,148,155,47,39,7,1298
34013,4591,A05,0,A00,A0,A0,E0,0,0,2005,3,730,762,247,216,31,1995
34015,4591,A05,0,A00,A0,A0,E0,0,0,2005,3,594,590,175,179,-4,1763
34017,4591,A05,0,A00,A0,A0,E0,0,0,2005,3,809,840,255,224,31,3024
34019,4591,A05,0,A00,A0,A0,E0,0,0,2005,3,194,183,32,43,-11,1537
34021,4591,A05,0,A00,A0,A0,E0,0,0,2005,3,797,795,239,241,-2,1602
34023,4591,A05,0,A00,A0,A0,E0,0,0,2005,3,1546,1546,414,414,0,1750
34025,4591,A05,0,A00,A0,A0,E0,0,0,2005,3,1762,1740,568,590,-22,1418
34027,4591,A05,0,A00,A0,A0,E0,0,0,2005,3,1444,1461,394,377,17,1737
34029,4591,A05,0,A00,A0,A0,E0,0,0,2005,3,894,817,262,339,-77,1485
34031,4591,A05,0,A00,A0,A0,E0,0,0,2005,3,935,946,309,298,10,1569
34033,4591,A05,0,A00,A0,A0,E0,0,0,2005,3,11,11,,,0,1138
34035,4591,A05,0,A00,A0,A0,E0,0,0,2005,3,952,940,227,239,-12,2085
34037,4591,A05,0,A00,A0,A0,E0,0,0,2005,3,81,92,34,22,11,1218
34039,4591,A05,0,A00,A0,A0,E0,0,0,2005,3,1200,1206,365,359,6,2035
34041,4591,A05,0,A00,A0,A0,E0,0,0,2005,3,154,149,32,38,-6,2030
34,4591,A05,0,A00,A0,A0,E0,0,0,2005,3,16346,16316,4901,4931,-30,1913
34001,4591,A05,0,A00,A0,A0,E0,0,0,2005,4,332,359,201,174,27,1891
34003,4591,A05,0,A00,A0,A0,E0,0,0,2005,4,1992,2172,819,639,180,2432
34005,4591,A05,0,A00,A0,A0,E0,0,0,2005,4,970,1026,371,316,55,1754
34007,4591,A05,0,A00,A0,A0,E0,0,0,2005,4,598,670,322,250,71,1544
34009,4591,A05,0,A00,A0,A0,E0,0,0,2005,4,189,135,45,99,-54,1093
34011,4591,A05,0,A00,A0,A0,E0,0,0,2005,4,155,135,53,74,-21,1268
34013,4591,A05,0,A00,A0,A0,E0,0,0,2005,4,762,761,371,371,-1,1931
34015,4591,A05,0,A00,A0,A0,E0,0,0,2005,4,589,610,304,283,21,1665
34017,4591,A05,0,A00,A0,A0,E0,0,0,2005,4,840,890,507,456,50,2649
34019,4591,A05,0,A00,A0,A0,E0,0,0,2005,4,183,196,60,48,12,1606
34021,4591,A05,0,A00,A0,A0,E0,0,0,2005,4,796,872,378,301,76,1614
34023,4591,A05,0,A00,A0,A0,E0,0,0,2005,4,1546,1650,732,628,104,1897
34025,4591,A05,0,A00,A0,A0,E0,0,0,2005,4,1777,1996,957,737,219,1431
34027,4591,A05,0,A00,A0,A0,E0,0,0,2005,4,1460,1600,614,474,140,1659
34029,4591,A05,0,A00,A0,A0,E0,0,0,2005,4,814,814,295,294,1,1393
34031,4591,A05,0,A00,A0,A0,E0,0,0,2005,4,946,1073,659,531,128,1590
34033,4591,A05,0,A00,A0,A0,E0,0,0,2005,4,11,9,5,6,-1,1072
34035,4591,A05,0,A00,A0,A0,E0,0,0,2005,4,940,1028,340,253,88,2139
34037,4591,A05,0,A00,A0,A0,E0,0,0,2005,4,92,93,34,33,0,1300
34039,4591,A05,0,A00,A0,A0,E0,0,0,2005,4,1207,1281,615,542,73,2114
34041,4591,A05,0,A00,A0,A0,E0,0,0,2005,4,112,125,60,47,13,1899
34,4591,A05,0,A00,A0,A0,E0,0,0,2005,4,16312,17495,7742,6558,1183,1853
34001,4591,A05,0,A00,A0,A0,E0,0,0,2006,1,336,304,57,89,-32,1707
34003,4591,A05,0,A00,A0,A0,E0,0,0,2006,1,2079,1833,268,514,-246,1987
34005,4591,A05,0,A00,A0,A0,E0,0,0,2006,1,978,943,190,224,-34,1587
34007,4591,A05,0,A00,A0,A0,E0,0,0,2006,1,643,586,119,176,-57,1376
34009,4591,A05,0,A00,A0,A0,E0,0,0,2006,1,142,122,14,34,-20,1130
34011,4591,A05,0,A00,A0,A0,E0,0,0,2006,1,135,118,18,35,-17,1159
34013,4591,A05,0,A00,A0,A0,E0,0,0,2006,1,730,642,108,196,-88,2095
34015,4591,A05,0,A00,A0,A0,E0,0,0,2006,1,563,533,108,138,-30,1589
34017,4591,A05,0,A00,A0,A0,E0,0,0,2006,1,725,659,111,177,-66,2509
34019,4591,A05,0,A00,A0,A0,E0,0,0,2006,1,195,167,30,58,-28,1453
34021,4591,A05,0,A00,A0,A0,E0,0,0,2006,1,863,767,156,253,-97,1532
34023,4591,A05,0,A00,A0,A0,E0,0,0,2006,1,1606,1573,400,433,-32,1611
34025,4591,A05,0,A00,A0,A0,E0,0,0,2006,1,1971,1778,343,535,-193,1398
34027,4591,A05,0,A00,A0,A0,E0,0,0,2006,1,1579,1480,272,372,-100,1684
34029,4591,A05,0,A00,A0,A0,E0,0,0,2006,1,747,687,97,158,-61,1415
34031,4591,A05,0,A00,A0,A0,E0,0,0,2006,1,1080,916,113,278,-164,1830
34033,4591,A05,0,A00,A0,A0,E0,0,0,2006,1,9,14,6,,4,1127
34035,4591,A05,0,A00,A0,A0,E0,0,0,2006,1,1012,920,167,259,-92,1998
34037,4591,A05,0,A00,A0,A0,E0,0,0,2006,1,93,80,18,31,-13,1356
34039,4591,A05,0,A00,A0,A0,E0,0,0,2006,1,1245,1158,194,281,-87,2185
34041,4591,A05,0,A00,A0,A0,E0,0,0,2006,1,126,121,27,32,-5,2018
34,4591,A05,0,A00,A0,A0,E0,0,0,2006,1,16858,15402,2816,4273,-1457,1749
34001,4591,A05,0,A00,A0,A0,E0,0,0,2006,2,330,354,96,71,25,2033
34003,4591,A05,0,A00,A0,A0,E0,0,0,2006,2,2018,2010,348,357,-9,2321
34005,4591,A05,0,A00,A0,A0,E0,0,0,2006,2,968,1009,282,240,41,1778
34007,4591,A05,0,A00,A0,A0,E0,0,0,2006,2,627,598,164,193,-29,1516
34009,4591,A05,0,A00,A0,A0,E0,0,0,2006,2,124,283,203,44,159,1500
34011,4591,A05,0,A00,A0,A0,E0,0,0,2006,2,119,122,29,26,3,1260
34013,4591,A05,0,A00,A0,A0,E0,0,0,2006,2,653,665,153,140,12,2111
34015,4591,A05,0,A00,A0,A0,E0,0,0,2006,2,550,549,123,123,-1,1799
34017,4591,A05,0,A00,A0,A0,E0,0,0,2006,2,674,695,178,158,20,3535
34019,4591,A05,0,A00,A0,A0,E0,0,0,2006,2,177,170,33,41,-7,1540
34021,4591,A05,0,A00,A0,A0,E0,0,0,2006,2,792,798,189,183,6,1747
34023,4591,A05,0,A00,A0,A0,E0,0,0,2006,2,1620,1536,324,409,-85,1791
34025,4591,A05,0,A00,A0,A0,E0,0,0,2006,2,1793,1800,477,470,7,1683
34027,4591,A05,0,A00,A0,A0,E0,0,0,2006,2,1510,1522,363,351,12,1931
34029,4591,A05,0,A00,A0,A0,E0,0,0,2006,2,694,802,267,158,108,1592
34031,4591,A05,0,A00,A0,A0,E0,0,0,2006,2,932,911,167,188,-21,2469
34033,4591,A05,0,A00,A0,A0,E0,0,0,2006,2,14,15,3,,1,818
34035,4591,A05,0,A00,A0,A0,E0,0,0,2006,2,955,948,170,177,-7,2118
34037,4591,A05,0,A00,A0,A0,E0,0,0,2006,2,80,80,35,34,1,1047
34039,4591,A05,0,A00,A0,A0,E0,0,0,2006,2,1196,1190,249,256,-6,2450
34041,4591,A05,0,A00,A0,A0,E0,0,0,2006,2,127,124,22,25,-3,2529
34,4591,A05,0,A00,A0,A0,E0,0,0,2006,2,15952,16181,3875,3646,228,2029
34001,4591,A05,0,A00,A0,A0,E0,0,0,2006,3,354,359,107,101,5,1816
34003,4591,A05,0,A00,A0,A0,E0,0,0,2006,3,2006,1968,408,446,-38,2229
34005,4591,A05,0,A00,A0,A0,E0,0,0,2006,3,1010,974,242,278,-36,1594
34007,4591,A05,0,A00,A0,A0,E0,0,0,2006,3,598,624,197,170,26,1480
34009,4591,A05,0,A00,A0,A0,E0,0,0,2006,3,283,203,140,220,-80,1290
34011,4591,A05,0,A00,A0,A0,E0,0,0,2006,3,122,128,37,32,5,1292
34013,4591,A05,0,A00,A0,A0,E0,0,0,2006,3,665,667,177,175,2,1997
34015,4591,A05,0,A00,A0,A0,E0,0,0,2006,3,549,558,160,151,9,1692
34017,4591,A05,0,A00,A0,A0,E0,0,0,2006,3,694,708,172,158,14,2904
34019,4591,A05,0,A00,A0,A0,E0,0,0,2006,3,174,189,49,34,15,1650
34021,4591,A05,0,A00,A0,A0,E0,0,0,2006,3,798,822,228,203,24,1550
34023,4591,A05,0,A00,A0,A0,E0,0,0,2006,3,1536,1541,371,366,5,1686
34025,4591,A05,0,A00,A0,A0,E0,0,0,2006,3,1801,1764,532,569,-37,1490
34027,4591,A05,0,A00,A0,A0,E0,0,0,2006,3,1523,1537,425,411,13,1798
34029,4591,A05,0,A00,A0,A0,E0,0,0,2006,3,803,751,260,313,-52,1467
34031,4591,A05,0,A00,A0,A0,E0,0,0,2006,3,911,909,199,202,-2,2078
34033,4591,A05,0,A00,A0,A0,E0,0,0,2006,3,15,18,5,,3,960
34035,4591,A05,0,A00,A0,A0,E0,0,0,2006,3,948,956,210,202,8,2123
34037,4591,A05,0,A00,A0,A0,E0,0,0,2006,3,80,86,34,29,5,1166
34039,4591,A05,0,A00,A0,A0,E0,0,0,2006,3,1189,1207,311,294,18,2633
34041,4591,A05,0,A00,A0,A0,E0,0,0,2006,3,124,133,30,22,9,2055
34,4591,A05,0,A00,A0,A0,E0,0,0,2006,3,16185,16102,4294,4378,-84,1886
34001,4591,A05,0,A00,A0,A0,E0,0,0,2006,4,359,408,223,174,49,1916
34003,4591,A05,0,A00,A0,A0,E0,0,0,2006,4,1972,2216,779,535,244,2597
34005,4591,A05,0,A00,A0,A0,E0,0,0,2006,4,993,1101,406,298,108,1719
34007,4591,A05,0,A00,A0,A0,E0,0,0,2006,4,622,725,330,227,103,1538
34009,4591,A05,0,A00,A0,A0,E0,0,0,2006,4,203,152,43,94,-52,1081
34011,4591,A05,0,A00,A0,A0,E0,0,0,2006,4,128,135,51,43,7,1364
34013,4591,A05,0,A00,A0,A0,E0,0,0,2006,4,642,705,274,211,63,2354
34015,4591,A05,0,A00,A0,A0,E0,0,0,2006,4,560,619,252,193,59,1775
34017,4591,A05,0,A00,A0,A0,E0,0,0,2006,4,716,795,312,233,78,3214
34019,4591,A05,0,A00,A0,A0,E0,0,0,2006,4,189,222,81,48,33,1520
34021,4591,A05,0,A00,A0,A0,E0,0,0,2006,4,823,878,307,252,55,1578
34023,4591,A05,0,A00,A0,A0,E0,0,0,2006,4,1544,1711,561,393,168,1973
34025,4591,A05,0,A00,A0,A0,E0,0,0,2006,4,1791,2030,855,616,239,1650
34027,4591,A05,0,A00,A0,A0,E0,0,0,2006,4,1544,1699,558,403,154,1869
34029,4591,A05,0,A00,A0,A0,E0,0,0,2006,4,729,765,243,208,36,1531
34031,4591,A05,0,A00,A0,A0,E0,0,0,2006,4,925,1097,480,308,171,2159
34033,4591,A05,0,A00,A0,A0,E0,0,0,2006,4,18,17,3,5,-1,744
34035,4591,A05,0,A00,A0,A0,E0,0,0,2006,4,961,1033,292,220,72,2397
34037,4591,A05,0,A00,A0,A0,E0,0,0,2006,4,105,113,51,43,8,1123
34039,4591,A05,0,A00,A0,A0,E0,0,0,2006,4,1207,1344,502,365,137,2367
34041,4591,A05,0,A00,A0,A0,E0,0,0,2006,4,133,147,55,40,14,1968
34,4591,A05,0,A00,A0,A0,E0,0,0,2006,4,16165,17911,6656,4909,1746,2031
34001,4591,A05,0,A00,A0,A0,E0,0,0,2007,1,406,344,51,112,-62,1420
34003,4591,A05,0,A00,A0,A0,E0,0,0,2007,1,2212,1897,227,542,-315,2033
34005,4591,A05,0,A00,A0,A0,E0,0,0,2007,1,1126,1022,129,232,-104,1459
34007,4591,A05,0,A00,A0,A0,E0,0,0,2007,1,731,669,120,183,-63,1300
34009,4591,A05,0,A00,A0,A0,E0,0,0,2007,1,146,136,14,24,-10,1025
34011,4591,A05,0,A00,A0,A0,E0,0,0,2007,1,129,127,25,27,-3,1245
34013,4591,A05,0,A00,A0,A0,E0,0,0,2007,1,704,641,129,192,-63,2079
34015,4591,A05,0,A00,A0,A0,E0,0,0,2007,1,608,544,87,151,-64,1615
34017,4591,A05,0,A00,A0,A0,E0,0,0,2007,1,791,717,89,163,-73,2570
34019,4591,A05,0,A00,A0,A0,E0,0,0,2007,1,236,221,28,42,-14,1516
34021,4591,A05,0,A00,A0,A0,E0,0,0,2007,1,865,819,145,191,-46,1423
34023,4591,A05,0,A00,A0,A0,E0,0,0,2007,1,1711,1573,183,321,-137,1625
34025,4591,A05,0,A00,A0,A0,E0,0,0,2007,1,2023,1821,312,515,-203,1365
34027,4591,A05,0,A00,A0,A0,E0,0,0,2007,1,1693,1522,214,385,-171,1669
34029,4591,A05,0,A00,A0,A0,E0,0,0,2007,1,768,709,105,164,-59,1424
34031,4591,A05,0,A00,A0,A0,E0,0,0,2007,1,1120,910,101,311,-210,1831
34033,4591,A05,0,A00,A0,A0,E0,0,0,2007,1,17,17,,,0,980
34035,4591,A05,0,A00,A0,A0,E0,0,0,2007,1,979,925,162,215,-53,1794
34037,4591,A05,0,A00,A0,A0,E0,0,0,2007,1,114,94,10,29,-19,1307
34039,4591,A05,0,A00,A0,A0,E0,0,0,2007,1,1344,1285,228,287,-59,2219
34041,4591,A05,0,A00,A0,A0,E0,0,0,2007,1,147,139,26,34,-8,1833
34,4591,A05,0,A00,A0,A0,E0,0,0,2007,1,17870,16134,2385,4121,-1736,1721
34001,4591,A05,0,A00,A0,A0,E0,0,0,2007,2,344,356,106,94,12,1892
34003,4591,A05,0,A00,A0,A0,E0,0,0,2007,2,1896,1945,391,342,49,2402
34005,4591,A05,0,A00,A0,A0,E0,0,0,2007,2,1023,1077,287,233,54,1662
34007,4591,A05,0,A00,A0,A0,E0,0,0,2007,2,681,676,195,200,-5,1617
34009,4591,A05,0,A00,A0,A0,E0,0,0,2007,2,136,315,242,63,179,1315
34011,4591,A05,0,A00,A0,A0,E0,0,0,2007,2,123,149,49,23,25,1287
34013,4591,A05,0,A00,A0,A0,E0,0,0,2007,2,641,685,198,154,45,2252
34015,4591,A05,0,A00,A0,A0,E0,0,0,2007,2,544,546,124,122,2,1907
34017,4591,A05,0,A00,A0,A0,E0,0,0,2007,2,604,599,143,148,-5,2451
34019,4591,A05,0,A00,A0,A0,E0,0,0,2007,2,221,216,56,61,-6,1542
34021,4591,A05,0,A00,A0,A0,E0,0,0,2007,2,807,802,169,174,-5,1631
34023,4591,A05,0,A00,A0,A0,E0,0,0,2007,2,1576,1584,342,335,8,2035
34025,4591,A05,0,A00,A0,A0,E0,0,0,2007,2,1820,1848,524,496,29,1752
34027,4591,A05,0,A00,A0,A0,E0,0,0,2007,2,1519,1574,393,338,55,2077
34029,4591,A05,0,A00,A0,A0,E0,0,0,2007,2,709,797,270,181,89,1583
34031,4591,A05,0,A00,A0,A0,E0,0,0,2007,2,910,955,262,216,45,2961
34033,4591,A05,0,A00,A0,A0,E0,0,0,2007,2,17,16,3,4,-1,972
34035,4591,A05,0,A00,A0,A0,E0,0,0,2007,2,925,899,150,176,-26,2013
34037,4591,A05,0,A00,A0,A0,E0,0,0,2007,2,98,91,23,30,-6,1213
34039,4591,A05,0,A00,A0,A0,E0,0,0,2007,2,1260,1273,254,241,13,2620
34041,4591,A05,0,A00,A0,A0,E0,0,0,2007,2,139,139,19,18,0,2469
34,4591,A05,0,A00,A0,A0,E0,0,0,2007,2,15993,16542,4200,3651,549,2063
34001,4591,A05,0,A00,A0,A0,E0,0,0,2007,3,356,384,127,99,28,1689
34003,4591,A05,0,A00,A0,A0,E0,0,0,2007,3,1946,1887,389,448,-59,2143
34005,4591,A05,0,A00,A0,A0,E0,0,0,2007,3,1076,1042,250,285,-35,1483
34007,4591,A05,0,A00,A0,A0,E0,0,0,2007,3,676,682,185,180,6,1545
34009,4591,A05,0,A00,A0,A0,E0,0,0,2007,3,316,190,107,233,-126,1224
34011,4591,A05,0,A00,A0,A0,E0,0,0,2007,3,147,150,47,43,3,1283
34013,4591,A05,0,A00,A0,A0,E0,0,0,2007,3,685,665,187,207,-21,1960
34015,4591,A05,0,A00,A0,A0,E0,0,0,2007,3,546,557,160,149,11,1706
34017,4591,A05,0,A00,A0,A0,E0,0,0,2007,3,599,541,137,195,-58,2094
34019,4591,A05,0,A00,A0,A0,E0,0,0,2007,3,216,229,51,38,13,1558
34021,4591,A05,0,A00,A0,A0,E0,0,0,2007,3,808,829,220,200,21,1523
34023,4591,A05,0,A00,A0,A0,E0,0,0,2007,3,1586,1519,328,395,-67,1774
34025,4591,A05,0,A00,A0,A0,E0,0,0,2007,3,1850,1718,513,644,-132,1518
34027,4591,A05,0,A00,A0,A0,E0,0,0,2007,3,1575,1489,384,470,-86,1812
34029,4591,A05,0,A00,A0,A0,E0,0,0,2007,3,798,716,255,338,-83,1473
34031,4591,A05,0,A00,A0,A0,E0,0,0,2007,3,955,925,270,301,-31,2113
34033,4591,A05,0,A00,A0,A0,E0,0,0,2007,3,16,17,3,,1,1059
34035,4591,A05,0,A00,A0,A0,E0,0,0,2007,3,892,866,195,222,-27,2064
34037,4591,A05,0,A00,A0,A0,E0,0,0,2007,3,91,61,30,60,-30,1057
34039,4591,A05,0,A00,A0,A0,E0,0,0,2007,3,1272,1281,349,340,9,2264
34041,4591,A05,0,A00,A0,A0,E0,0,0,2007,3,140,142,26,24,2,2058
34,4591,A05,0,A00,A0,A0,E0,0,0,2007,3,16548,15888,4213,4873,-660,1807
34001,4591,A05,0,A00,A0,A0,E0,0,0,2007,4,376,442,221,155,66,1892
34003,4591,A05,0,A00,A0,A0,E0,0,0,2007,4,1898,2160,751,489,263,2521
34005,4591,A05,0,A00,A0,A0,E0,0,0,2007,4,1019,1118,358,259,99,1623
34007,4591,A05,0,A00,A0,A0,E0,0,0,2007,4,713,813,312,213,99,1706
34009,4591,A05,0,A00,A0,A0,E0,0,0,2007,4,190,129,26,88,-61,1191
34011,4591,A05,0,A00,A0,A0,E0,0,0,2007,4,150,148,63,64,-2,1129
34013,4591,A05,0,A00,A0,A0,E0,0,0,2007,4,663,712,310,260,49,2069
34015,4591,A05,0,A00,A0,A0,E0,0,0,2007,4,547,641,268,175,93,1752
34017,4591,A05,0,A00,A0,A0,E0,0,0,2007,4,557,659,310,208,102,2293
34019,4591,A05,0,A00,A0,A0,E0,0,0,2007,4,229,246,66,49,17,1546
34021,4591,A05,0,A00,A0,A0,E0,0,0,2007,4,814,904,321,232,89,1564
34023,4591,A05,0,A00,A0,A0,E0,0,0,2007,4,1503,1630,499,372,128,2981
34025,4591,A05,0,A00,A0,A0,E0,0,0,2007,4,1737,1958,846,625,221,1763
34027,4591,A05,0,A00,A0,A0,E0,0,0,2007,4,1446,1583,519,381,137,1898
34029,4591,A05,0,A00,A0,A0,E0,0,0,2007,4,715,768,298,245,53,1452
34031,4591,A05,0,A00,A0,A0,E0,0,0,2007,4,937,1098,509,348,161,2087
34033,4591,A05,0,A00,A0,A0,E0,0,0,2007,4,17,14,,5,-3,1070
34035,4591,A05,0,A00,A0,A0,E0,0,0,2007,4,855,942,281,194,87,2117
34037,4591,A05,0,A00,A0,A0,E0,0,0,2007,4,72,89,48,31,17,1292
34039,4591,A05,0,A00,A0,A0,E0,0,0,2007,4,1264,1398,531,397,134,2447
34041,4591,A05,0,A00,A0,A0,E0,0,0,2007,4,142,155,47,33,14,2098
34,4591,A05,0,A00,A0,A0,E0,0,0,2007,4,15843,17607,6586,4822,1764,2061
34001,4591,A05,0,A00,A0,A0,E0,0,0,2008,1,476,400,58,134,-76,1444
34003,4591,A05,0,A00,A0,A0,E0,0,0,2008,1,2025,1751,209,483,-274,2059
34005,4591,A05,0,A00,A0,A0,E0,0,0,2008,1,1123,1017,132,238,-105,1460
34007,4591,A05,0,A00,A0,A0,E0,0,0,2008,1,813,739,142,216,-74,1486
34009,4591,A05,0,A00,A0,A0,E0,0,0,2008,1,133,138,26,22,4,1351
34011,4591,A05,0,A00,A0,A0,E0,0,0,2008,1,150,129,22,43,-21,987
34013,4591,A05,0,A00,A0,A0,E0,0,0,2008,1,709,577,87,218,-132,1682
34015,4591,A05,0,A00,A0,A0,E0,0,0,2008,1,641,571,94,164,-70,1481
34017,4591,A05,0,A00,A0,A0,E0,0,0,2008,1,660,550,76,185,-110,1776
34019,4591,A05,0,A00,A0,A0,E0,0,0,2008,1,246,220,26,52,-26,1423
34021,4591,A05,0,A00,A0,A0,E0,0,0,2008,1,907,796,110,220,-110,1352
34023,4591,A05,0,A00,A0,A0,E0,0,0,2008,1,1648,1516,199,330,-131,1677
34025,4591,A05,0,A00,A0,A0,E0,0,0,2008,1,1954,1694,292,552,-260,1361
34027,4591,A05,0,A00,A0,A0,E0,0,0,2008,1,1564,1382,201,383,-182,1628
34029,4591,A05,0,A00,A0,A0,E0,0,0,2008,1,786,681,92,198,-106,1323
34031,4591,A05,0,A00,A0,A0,E0,0,0,2008,1,1099,890,118,327,-209,1827
34033,4591,A05,0,A00,A0,A0,E0,0,0,2008,1,14,15,,0,1,1633
34035,4591,A05,0,A00,A0,A0,E0,0,0,2008,1,941,892,143,192,-50,1894
34037,4591,A05,0,A00,A0,A0,E0,0,0,2008,1,86,63,18,40,-22,1377
34039,4591,A05,0,A00,A0,A0,E0,0,0,2008,1,1394,1214,154,334,-180,2101
34041,4591,A05,0,A00,A0,A0,E0,0,0,2008,1,155,138,12,29,-17,1892
34,4591,A05,0,A00,A0,A0,E0,0,0,2008,1,17522,15373,2213,4362,-2149,1661
34001,4591,A05,0,A00,A0,A0,E0,0,0,2008,2,400,397,96,99,-2,1944
34003,4591,A05,0,A00,A0,A0,E0,0,0,2008,2,1748,1762,298,283,15,2346
34005,4591,A05,0,A00,A0,A0,E0,0,0,2008,2,1018,1026,200,192,8,1613
34007,4591,A05,0,A00,A0,A0,E0,0,0,2008,2,743,735,152,160,-8,1704
34009,4591,A05,0,A00,A0,A0,E0,0,0,2008,2,138,317,216,36,180,1506
34011,4591,A05,0,A00,A0,A0,E0,0,0,2008,2,129,141,50,38,12,1219
34013,4591,A05,0,A00,A0,A0,E0,0,0,2008,2,573,604,140,109,31,2027
34015,4591,A05,0,A00,A0,A0,E0,0,0,2008,2,571,574,124,120,3,1807
34017,4591,A05,0,A00,A0,A0,E0,0,0,2008,2,550,599,152,103,49,2497
34019,4591,A05,0,A00,A0,A0,E0,0,0,2008,2,208,201,30,38,-7,1506
34021,4591,A05,0,A00,A0,A0,E0,0,0,2008,2,796,778,130,149,-19,1702
34023,4591,A05,0,A00,A0,A0,E0,0,0,2008,2,1516,1573,344,287,57,2084
34025,4591,A05,0,A00,A0,A0,E0,0,0,2008,2,1695,1750,411,356,56,1808
34027,4591,A05,0,A00,A0,A0,E0,0,0,2008,2,1382,1381,267,268,-1,2031
34029,4591,A05,0,A00,A0,A0,E0,0,0,2008,2,680,812,270,139,131,1641
34031,4591,A05,0,A00,A0,A0,E0,0,0,2008,2,892,957,252,187,65,2834
34033,4591,A05,0,A00,A0,A0,E0,0,0,2008,2,15,17,3,,2,1287
34035,4591,A05,0,A00,A0,A0,E0,0,0,2008,2,895,923,172,144,28,2059
34037,4591,A05,0,A00,A0,A0,E0,0,0,2008,2,63,68,23,18,5,1518
34039,4591,A05,0,A00,A0,A0,E0,0,0,2008,2,1210,1240,262,232,30,2601
34041,4591,A05,0,A00,A0,A0,E0,0,0,2008,2,152,151,24,25,-1,2494
34,4591,A05,0,A00,A0,A0,E0,0,0,2008,2,15375,16008,3616,2983,633,2051
34001,4591,A05,0,A00,A0,A0,E0,0,0,2008,3,397,366,110,141,-31,1735
34003,4591,A05,0,A00,A0,A0,E0,0,0,2008,3,1761,1729,327,359,-32,2211
34005,4591,A05,0,A00,A0,A0,E0,0,0,2008,3,1026,952,198,272,-74,1569
34007,4591,A05,0,A00,A0,A0,E0,0,0,2008,3,742,717,157,182,-26,1663
34009,4591,A05,0,A00,A0,A0,E0,0,0,2008,3,317,183,91,225,-134,1347
34011,4591,A05,0,A00,A0,A0,E0,0,0,2008,3,141,139,37,38,-1,1318
34013,4591,A05,0,A00,A0,A0,E0,0,0,2008,3,610,612,178,175,2,1765
34015,4591,A05,0,A00,A0,A0,E0,0,0,2008,3,573,486,127,213,-86,1669
34017,4591,A05,0,A00,A0,A0,E0,0,0,2008,3,599,555,142,186,-44,2179
34019,4591,A05,0,A00,A0,A0,E0,0,0,2008,3,201,203,39,37,2,1637
34021,4591,A05,0,A00,A0,A0,E0,0,0,2008,3,776,753,178,201,-23,1606
34023,4591,A05,0,A00,A0,A0,E0,0,0,2008,3,1572,1487,285,371,-86,1802
34025,4591,A05,0,A00,A0,A0,E0,0,0,2008,3,1750,1617,452,584,-132,1604
34027,4591,A05,0,A00,A0,A0,E0,0,0,2008,3,1371,1311,306,366,-60,1809
34029,4591,A05,0,A00,A0,A0,E0,0,0,2008,3,811,696,246,362,-116,1528
34031,4591,A05,0,A00,A0,A0,E0,0,0,2008,3,959,908,214,265,-51,2138
34033,4591,A05,0,A00,A0,A0,E0,0,0,2008,3,17,15,0,,-2,1146
34035,4591,A05,0,A00,A0,A0,E0,0,0,2008,3,922,846,160,236,-76,2018
34037,4591,A05,0,A00,A0,A0,E0,0,0,2008,3,68,49,20,39,-19,1563
34039,4591,A05,0,A00,A0,A0,E0,0,0,2008,3,1238,1252,297,283,13,2435
34041,4591,A05,0,A00,A0,A0,E0,0,0,2008,3,150,146,33,37,-5,2073
34,4591,A05,0,A00,A0,A0,E0,0,0,2008,3,16002,15022,3596,4576,-980,1855
34001,4591,A05,0,A00,A0,A0,E0,0,0,2008,4,366,453,212,125,87,1742
34003,4591,A05,0,A00,A0,A0,E0,0,0,2008,4,1728,1924,563,367,196,2399
34005,4591,A05,0,A00,A0,A0,E0,0,0,2008,4,951,1043,309,217,92,1659
34007,4591,A05,0,A00,A0,A0,E0,0,0,2008,4,722,792,286,216,69,1675
34009,4591,A05,0,A00,A0,A0,E0,0,0,2008,4,183,131,22,75,-53,1352
34011,4591,A05,0,A00,A0,A0,E0,0,0,2008,4,139,167,70,41,29,1367
34013,4591,A05,0,A00,A0,A0,E0,0,0,2008,4,612,659,255,208,47,1932
34015,4591,A05,0,A00,A0,A0,E0,0,0,2008,4,486,593,231,124,106,1580
34017,4591,A05,0,A00,A0,A0,E0,0,0,2008,4,556,811,441,186,255,2160
34019,4591,A05,0,A00,A0,A0,E0,0,0,2008,4,203,212,59,50,9,1517
34021,4591,A05,0,A00,A0,A0,E0,0,0,2008,4,754,859,266,160,106,1637
34023,4591,A05,0,A00,A0,A0,E0,0,0,2008,4,1487,1615,417,290,128,1952
34025,4591,A05,0,A00,A0,A0,E0,0,0,2008,4,1617,1804,603,415,187,1696
34027,4591,A05,0,A00,A0,A0,E0,0,0,2008,4,1310,1402,416,324,92,1815
34029,4591,A05,0,A00,A0,A0,E0,0,0,2008,4,696,727,223,191,31,1437
34031,4591,A05,0,A00,A0,A0,E0,0,0,2008,4,907,1040,369,237,132,2157
34033,4591,A05,0,A00,A0,A0,E0,0,0,2008,4,15,11,,5,-3,721
34035,4591,A05,0,A00,A0,A0,E0,0,0,2008,4,846,896,263,213,50,1993
34037,4591,A05,0,A00,A0,A0,E0,0,0,2008,4,49,62,33,20,13,1357
34039,4591,A05,0,A00,A0,A0,E0,0,0,2008,4,1253,1403,435,285,150,2388
34041,4591,A05,0,A00,A0,A0,E0,0,0,2008,4,146,169,58,35,23,2155
34,4591,A05,0,A00,A0,A0,E0,0,0,2008,4,15027,16775,5531,3784,1747,1916
34001,4591,A05,0,A00,A0,A0,E0,0,0,2009,1,444,342,30,133,-103,1398
34003,4591,A05,0,A00,A0,A0,E0,0,0,2009,1,1902,1629,144,417,-273,2179
34005,4591,A05,0,A00,A0,A0,E0,0,0,2009,1,1021,894,63,190,-127,1250
34007,4591,A05,0,A00,A0,A0,E0,0,0,2009,1,808,687,74,195,-122,1438
34009,4591,A05,0,A00,A0,A0,E0,0,0,2009,1,135,131,10,15,-5,1451
34011,4591,A05,0,A00,A0,A0,E0,0,0,2009,1,168,138,10,40,-30,1085
34013,4591,A05,0,A00,A0,A0,E0,0,0,2009,1,646,550,74,170,-96,1568
34015,4591,A05,0,A00,A0,A0,E0,0,0,2009,1,579,483,46,142,-96,1243
34017,4591,A05,0,A00,A0,A0,E0,0,0,2009,1,867,674,83,276,-193,1857
34019,4591,A05,0,A00,A0,A0,E0,0,0,2009,1,211,195,14,31,-17,1448
34021,4591,A05,0,A00,A0,A0,E0,0,0,2009,1,810,703,81,188,-107,1270
34023,4591,A05,0,A00,A0,A0,E0,0,0,2009,1,1627,1373,87,341,-254,1711
34025,4591,A05,0,A00,A0,A0,E0,0,0,2009,1,1715,1461,151,405,-253,1309
34027,4591,A05,0,A00,A0,A0,E0,0,0,2009,1,1287,1136,84,236,-152,1507
34029,4591,A05,0,A00,A0,A0,E0,0,0,2009,1,678,592,50,135,-86,1351
34031,4591,A05,0,A00,A0,A0,E0,0,0,2009,1,918,761,68,226,-157,1790
34033,4591,A05,0,A00,A0,A0,E0,0,0,2009,1,15,15,0,0,0,1041
34035,4591,A05,0,A00,A0,A0,E0,0,0,2009,1,896,780,64,181,-116,1715
34037,4591,A05,0,A00,A0,A0,E0,0,0,2009,1,54,40,11,25,-14,1290
34039,4591,A05,0,A00,A0,A0,E0,0,0,2009,1,1431,1212,111,330,-219,2458
34041,4591,A05,0,A00,A0,A0,E0,0,0,2009,1,169,146,16,39,-23,1923
34,4591,A05,0,A00,A0,A0,E0,0,0,2009,1,16381,13940,1272,3713,-2441,1667
34001,4591,A05,0,A00,A0,A0,E0,0,0,2009,2,341,404,131,68,63,1932
34003,4591,A05,0,A00,A0,A0,E0,0,0,2009,2,1610,1634,234,210,24,2275
34005,4591,A05,0,A00,A0,A0,E0,0,0,2009,2,895,957,192,130,63,1531
34007,4591,A05,0,A00,A0,A0,E0,0,0,2009,2,687,706,137,118,19,1756
34009,4591,A05,0,A00,A0,A0,E0,0,0,2009,2,131,291,182,22,160,1805
34011,4591,A05,0,A00,A0,A0,E0,0,0,2009,2,137,134,18,21,-3,1244
34013,4591,A05,0,A00,A0,A0,E0,0,0,2009,2,553,560,111,104,7,1936
34015,4591,A05,0,A00,A0,A0,E0,0,0,2009,2,483,542,156,97,59,1543
34017,4591,A05,0,A00,A0,A0,E0,0,0,2009,2,673,663,140,151,-11,2485
34019,4591,A05,0,A00,A0,A0,E0,0,0,2009,2,190,188,24,25,-2,1448
34021,4591,A05,0,A00,A0,A0,E0,0,0,2009,2,703,735,140,108,32,1477
34023,4591,A05,0,A00,A0,A0,E0,0,0,2009,2,1377,1434,224,167,57,2026
34025,4591,A05,0,A00,A0,A0,E0,0,0,2009,2,1443,1556,364,251,113,1678
34027,4591,A05,0,A00,A0,A0,E0,0,0,2009,2,1151,1176,200,176,25,1790
34029,4591,A05,0,A00,A0,A0,E0,0,0,2009,2,611,763,250,98,152,1724
34031,4591,A05,0,A00,A0,A0,E0,0,0,2009,2,762,816,172,117,55,2323
34033,4591,A05,0,A00,A0,A0,E0,0,0,2009,2,15,16,,,1,1187
34035,4591,A05,0,A00,A0,A0,E0,0,0,2009,2,780,807,135,108,27,1865
34037,4591,A05,0,A00,A0,A0,E0,0,0,2009,2,40,56,28,12,16,1316
34039,4591,A05,0,A00,A0,A0,E0,0,0,2009,2,1212,1223,180,168,11,2458
34041,4591,A05,0,A00,A0,A0,E0,0,0,2009,2,146,141,13,18,-5,2297
34,4591,A05,0,A00,A0,A0,E0,0,0,2009,2,13940,14802,3032,2170,862,1941
34001,4591,A05,0,A00,A0,A0,E0,0,0,2009,3,435,421,115,129,-14,1907
34003,4591,A05,0,A00,A0,A0,E0,0,0,2009,3,1634,1611,267,290,-23,2215
34005,4591,A05,0,A00,A0,A0,E0,0,0,2009,3,923,908,168,183,-15,1519
34007,4591,A05,0,A00,A0,A0,E0,0,0,2009,3,703,679,102,126,-24,1750
34009,4591,A05,0,A00,A0,A0,E0,0,0,2009,3,265,173,78,169,-92,1287
34011,4591,A05,0,A00,A0,A0,E0,0,0,2009,3,134,133,19,20,-1,1298
34013,4591,A05,0,A00,A0,A0,E0,0,0,2009,3,560,583,140,117,23,1746
34015,4591,A05,0,A00,A0,A0,E0,0,0,2009,3,553,540,82,95,-14,1723
34017,4591,A05,0,A00,A0,A0,E0,0,0,2009,3,662,673,124,113,11,2371
34019,4591,A05,0,A00,A0,A0,E0,0,0,2009,3,188,177,23,35,-11,1573
34021,4591,A05,0,A00,A0,A0,E0,0,0,2009,3,743,731,131,143,-12,1450
34023,4591,A05,0,A00,A0,A0,E0,0,0,2009,3,1445,1441,183,186,-4,1999
34025,4591,A05,0,A00,A0,A0,E0,0,0,2009,3,1563,1489,292,366,-74,1573
34027,4591,A05,0,A00,A0,A0,E0,0,0,2009,3,1203,1157,200,246,-46,1772
34029,4591,A05,0,A00,A0,A0,E0,0,0,2009,3,762,673,181,271,-90,1506
34031,4591,A05,0,A00,A0,A0,E0,0,0,2009,3,816,810,146,151,-5,2100
34033,4591,A05,0,A00,A0,A0,E0,0,0,2009,3,16,16,,,0,1221
34035,4591,A05,0,A00,A0,A0,E0,0,0,2009,3,807,816,121,112,9,1969
34037,4591,A05,0,A00,A0,A0,E0,0,0,2009,3,56,54,10,12,-1,1699
34039,4591,A05,0,A00,A0,A0,E0,0,0,2009,3,1221,1265,270,226,44,2769
34041,4591,A05,0,A00,A0,A0,E0,0,0,2009,3,141,137,17,22,-4,2250
34,4591,A05,0,A00,A0,A0,E0,0,0,2009,3,14830,14488,2670,3011,-341,1904
34001,4591,A05,0,A00,A0,A0,E0,0,0,2009,4,422,391,173,204,-31,2019
34003,4591,A05,0,A00,A0,A0,E0,0,0,2009,4,1604,1804,545,344,200,2502
34005,4591,A05,0,A00,A0,A0,E0,0,0,2009,4,895,1001,296,190,106,1737
34007,4591,A05,0,A00,A0,A0,E0,0,0,2009,4,673,747,231,157,74,1983
34009,4591,A05,0,A00,A0,A0,E0,0,0,2009,4,173,125,18,66,-48,1106
34011,4591,A05,0,A00,A0,A0,E0,0,0,2009,4,134,142,41,33,8,1349
34013,4591,A05,0,A00,A0,A0,E0,0,0,2009,4,581,611,276,245,30,1846
34015,4591,A05,0,A00,A0,A0,E0,0,0,2009,4,541,608,196,130,67,1826
34017,4591,A05,0,A00,A0,A0,E0,0,0,2009,4,673,804,347,216,132,4111
34019,4591,A05,0,A00,A0,A0,E0,0,0,2009,4,177,187,41,31,10,1627
34021,4591,A05,0,A00,A0,A0,E0,0,0,2009,4,735,822,232,146,87,1613
34023,4591,A05,0,A00,A0,A0,E0,0,0,2009,4,1433,1603,474,305,169,2453
34025,4591,A05,0,A00,A0,A0,E0,0,0,2009,4,1498,1649,544,393,151,1698
34027,4591,A05,0,A00,A0,A0,E0,0,0,2009,4,1151,1251,344,244,100,1877
34029,4591,A05,0,A00,A0,A0,E0,0,0,2009,4,671,702,217,186,31,1645
34031,4591,A05,0,A00,A0,A0,E0,0,0,2009,4,810,943,360,227,133,2243
34033,4591,A05,0,A00,A0,A0,E0,0,0,2009,4,16,15,,,-1,1067
34035,4591,A05,0,A00,A0,A0,E0,0,0,2009,4,816,878,250,188,62,1997
34037,4591,A05,0,A00,A0,A0,E0,0,0,2009,4,54,77,42,20,23,1675
34039,4591,A05,0,A00,A0,A0,E0,0,0,2009,4,1268,1379,534,422,111,2475
34041,4591,A05,0,A00,A0,A0,E0,0,0,2009,4,137,159,49,27,22,2443
34,4591,A05,0,A00,A0,A0,E0,0,0,2009,4,14463,15898,5210,3776,1435,2130
34001,4591,A05,0,A00,A0,A0,E0,0,0,2010,1,397,397,106,106,0,2232
34003,4591,A05,0,A00,A0,A0,E0,0,0,2010,1,1778,1567,132,343,-211,2663
34005,4591,A05,0,A00,A0,A0,E0,0,0,2010,1,1011,917,85,179,-94,1407
34007,4591,A05,0,A00,A0,A0,E0,0,0,2010,1,749,682,61,128,-67,1656
34009,4591,A05,0,A00,A0,A0,E0,0,0,2010,1,122,123,11,10,1,1083
34011,4591,A05,0,A00,A0,A0,E0,0,0,2010,1,142,126,5,21,-16,1113
34013,4591,A05,0,A00,A0,A0,E0,0,0,2010,1,573,522,59,110,-52,1792
34015,4591,A05,0,A00,A0,A0,E0,0,0,2010,1,611,548,49,111,-63,1641
34017,4591,A05,0,A00,A0,A0,E0,0,0,2010,1,809,718,91,181,-90,2222
34019,4591,A05,0,A00,A0,A0,E0,0,0,2010,1,187,174,7,19,-12,1440
34021,4591,A05,0,A00,A0,A0,E0,0,0,2010,1,810,745,88,153,-65,1345
34023,4591,A05,0,A00,A0,A0,E0,0,0,2010,1,1557,1437,125,245,-120,1787
34025,4591,A05,0,A00,A0,A0,E0,0,0,2010,1,1650,1489,153,314,-161,1521
34027,4591,A05,0,A00,A0,A0,E0,0,0,2010,1,1257,1144,110,223,-113,1571
34029,4591,A05,0,A00,A0,A0,E0,0,0,2010,1,648,606,74,115,-42,1421
34031,4591,A05,0,A00,A0,A0,E0,0,0,2010,1,943,804,68,207,-140,2005
34033,4591,A05,0,A00,A0,A0,E0,0,0,2010,1,15,16,,,1,1007
34035,4591,A05,0,A00,A0,A0,E0,0,0,2010,1,878,792,63,149,-86,1683
34037,4591,A05,0,A00,A0,A0,E0,0,0,2010,1,78,67,22,34,-11,1480
34039,4591,A05,0,A00,A0,A0,E0,0,0,2010,1,1386,1265,139,260,-121,2385
34041,4591,A05,0,A00,A0,A0,E0,0,0,2010,1,159,148,19,30,-11,2217
34,4591,A05,0,A00,A0,A0,E0,0,0,2010,1,15759,14286,1467,2940,-1473,1849
34001,4591,A05,0,A00,A0,A0,E0,0,0,2010,2,397,438,124,83,41,2415
34003,4591,A05,0,A00,A0,A0,E0,0,0,2010,2,1624,1680,342,286,57,2480
34005,4591,A05,0,A00,A0,A0,E0,0,0,2010,2,866,904,198,160,38,1674
34007,4591,A05,0,A00,A0,A0,E0,0,0,2010,2,697,709,125,113,12,1883
34009,4591,A05,0,A00,A0,A0,E0,0,0,2010,2,123,242,145,27,119,1263
34011,4591,A05,0,A00,A0,A0,E0,0,0,2010,2,126,129,25,22,4,1366
34013,4591,A05,0,A00,A0,A0,E0,0,0,2010,2,522,542,103,83,20,2305
34015,4591,A05,0,A00,A0,A0,E0,0,0,2010,2,530,540,87,77,10,1912
34017,4591,A05,0,A00,A0,A0,E0,0,0,2010,2,719,726,118,111,7,2936
34019,4591,A05,0,A00,A0,A0,E0,0,0,2010,2,174,186,24,13,11,1649
34021,4591,A05,0,A00,A0,A0,E0,0,0,2010,2,742,748,130,123,6,1572
34023,4591,A05,0,A00,A0,A0,E0,0,0,2010,2,1425,1451,216,190,26,2350
34025,4591,A05,0,A00,A0,A0,E0,0,0,2010,2,1462,1518,312,255,56,1870
34027,4591,A05,0,A00,A0,A0,E0,0,0,2010,2,1129,1172,208,164,43,1904
34029,4591,A05,0,A00,A0,A0,E0,0,0,2010,2,663,741,198,120,78,1854
34031,4591,A05,0,A00,A0,A0,E0,0,0,2010,2,803,847,160,116,44,2887
34033,4591,A05,0,A00,A0,A0,E0,0,0,2010,2,16,17,,,1,1132
34035,4591,A05,0,A00,A0,A0,E0,0,0,2010,2,792,781,120,131,-11,2037
34037,4591,A05,0,A00,A0,A0,E0,0,0,2010,2,67,70,25,21,4,1516
34039,4591,A05,0,A00,A0,A0,E0,0,0,2010,2,1245,1250,175,169,5,2872
34041,4591,A05,0,A00,A0,A0,E0,0,0,2010,2,148,146,13,16,-2,2965
34,4591,A05,0,A00,A0,A0,E0,0,0,2010,2,14268,14837,2850,2280,569,2199
34001,4591,A05,0,A00,A0,A0,E0,0,0,2010,3,431,402,85,115,-30,1852
34003,4591,A05,0,A00,A0,A0,E0,0,0,2010,3,1690,1655,285,321,-36,2281
34005,4591,A05,0,A00,A0,A0,E0,0,0,2010,3,906,871,141,175,-35,1465
34007,4591,A05,0,A00,A0,A0,E0,0,0,2010,3,709,695,116,130,-14,1678
34009,4591,A05,0,A00,A0,A0,E0,0,0,2010,3,242,173,82,150,-68,1300
34011,4591,A05,0,A00,A0,A0,E0,0,0,2010,3,130,127,18,21,-3,1281
34013,4591,A05,0,A00,A0,A0,E0,0,0,2010,3,546,586,177,137,40,1927
34015,4591,A05,0,A00,A0,A0,E0,0,0,2010,3,540,540,86,86,0,1673
34017,4591,A05,0,A00,A0,A0,E0,0,0,2010,3,718,715,124,127,-3,2435
34019,4591,A05,0,A00,A0,A0,E0,0,0,2010,3,186,180,17,23,-6,1654
34021,4591,A05,0,A00,A0,A0,E0,0,0,2010,3,742,728,128,142,-14,1462
34023,4591,A05,0,A00,A0,A0,E0,0,0,2010,3,1451,1456,213,208,5,1939
34025,4591,A05,0,A00,A0,A0,E0,0,0,2010,3,1517,1471,296,342,-46,1648
34027,4591,A05,0,A00,A0,A0,E0,0,0,2010,3,1173,1149,214,238,-24,1768
34029,4591,A05,0,A00,A0,A0,E0,0,0,2010,3,740,714,202,228,-25,1432
34031,4591,A05,0,A00,A0,A0,E0,0,0,2010,3,847,843,159,163,-4,2164
34033,4591,A05,0,A00,A0,A0,E0,0,0,2010,3,17,16,0,,-1,1109
34035,4591,A05,0,A00,A0,A0,E0,0,0,2010,3,788,765,111,134,-23,1931
34037,4591,A05,0,A00,A0,A0,E0,0,0,2010,3,70,71,25,25,0,1540
34039,4591,A05,0,A00,A0,A0,E0,0,0,2010,3,1293,1446,367,214,154,2571
34041,4591,A05,0,A00,A0,A0,E0,0,0,2010,3,146,143,20,23,-3,2328
34,4591,A05,0,A00,A0,A0,E0,0,0,2010,3,14881,14746,2867,3002,-135,1905
34001,4591,A05,0,A00,A0,A0,E0,0,0,2010,4,404,422,159,141,18,2070
34003,4591,A05,0,A00,A0,A0,E0,0,0,2010,4,1666,1844,523,345,178,2529
34005,4591,A05,0,A00,A0,A0,E0,0,0,2010,4,870,981,296,185,110,1715
34007,4591,A05,0,A00,A0,A0,E0,0,0,2010,4,695,787,272,181,91,2006
34009,4591,A05,0,A00,A0,A0,E0,0,0,2010,4,173,128,24,70,-46,1082
34011,4591,A05,0,A00,A0,A0,E0,0,0,2010,4,127,139,34,22,12,1416
34013,4591,A05,0,A00,A0,A0,E0,0,0,2010,4,586,596,300,289,11,2085
34015,4591,A05,0,A00,A0,A0,E0,0,0,2010,4,540,610,215,145,70,1876
34017,4591,A05,0,A00,A0,A0,E0,0,0,2010,4,715,815,403,303,100,4076
34019,4591,A05,0,A00,A0,A0,E0,0,0,2010,4,180,195,54,39,15,1685
34021,4591,A05,0,A00,A0,A0,E0,0,0,2010,4,725,782,212,155,57,1638
34023,4591,A05,0,A00,A0,A0,E0,0,0,2010,4,1454,1591,436,300,137,2184
34025,4591,A05,0,A00,A0,A0,E0,0,0,2010,4,1474,1605,532,402,131,1819
34027,4591,A05,0,A00,A0,A0,E0,0,0,2010,4,1151,1251,349,249,99,1896
34029,4591,A05,0,A00,A0,A0,E0,0,0,2010,4,715,767,245,192,52,1577
34031,4591,A05,0,A00,A0,A0,E0,0,0,2010,4,843,940,326,229,97,2334
34033,4591,A05,0,A00,A0,A0,E0,0,0,2010,4,16,16,0,0,0,1175
34035,4591,A05,0,A00,A0,A0,E0,0,0,2010,4,768,844,239,163,76,2066
34037,4591,A05,0,A00,A0,A0,E0,0,0,2010,4,71,73,45,43,2,1540
34039,4591,A05,0,A00,A0,A0,E0,0,0,2010,4,1436,1437,736,736,1,2666
34041,4591,A05,0,A00,A0,A0,E0,0,0,2010,4,143,161,61,43,18,2377
34,4591,A05,0,A00,A0,A0,E0,0,0,2010,4,14751,15982,5462,4231,1230,2167
34001,4591,A05,0,A00,A0,A0,E0,0,0,2011,1,416,373,27,69,-42,1704
34003,4591,A05,0,A00,A0,A0,E0,0,0,2011,1,1826,1697,205,334,-128,2789
34005,4591,A05,0,A00,A0,A0,E0,0,0,2011,1,920,816,73,177,-104,1385
34007,4591,A05,0,A00,A0,A0,E0,0,0,2011,1,783,698,70,155,-84,1591
34009,4591,A05,0,A00,A0,A0,E0,0,0,2011,1,129,128,10,10,0,1056
34011,4591,A05,0,A00,A0,A0,E0,0,0,2011,1,134,125,13,22,-9,1147
34013,4591,A05,0,A00,A0,A0,E0,0,0,2011,1,591,572,103,123,-20,1734
34015,4591,A05,0,A00,A0,A0,E0,0,0,2011,1,611,552,48,108,-60,1514
34017,4591,A05,0,A00,A0,A0,E0,0,0,2011,1,715,623,75,168,-92,2091
34019,4591,A05,0,A00,A0,A0,E0,0,0,2011,1,179,163,10,26,-16,1594
34021,4591,A05,0,A00,A0,A0,E0,0,0,2011,1,762,683,64,143,-79,1250
34023,4591,A05,0,A00,A0,A0,E0,0,0,2011,1,1552,1438,138,252,-114,1652
34025,4591,A05,0,A00,A0,A0,E0,0,0,2011,1,1561,1422,158,297,-139,1421
34027,4591,A05,0,A00,A0,A0,E0,0,0,2011,1,1274,1170,122,225,-103,1518
34029,4591,A05,0,A00,A0,A0,E0,0,0,2011,1,761,696,58,124,-65,1236
34031,4591,A05,0,A00,A0,A0,E0,0,0,2011,1,954,860,87,181,-94,1772
34033,4591,A05,0,A00,A0,A0,E0,0,0,2011,1,16,16,0,0,0,1048
34035,4591,A05,0,A00,A0,A0,E0,0,0,2011,1,931,854,74,151,-77,1599
34037,4591,A05,0,A00,A0,A0,E0,0,0,2011,1,73,53,10,31,-20,1440
34039,4591,A05,0,A00,A0,A0,E0,0,0,2011,1,1412,1282,109,238,-130,2049
34041,4591,A05,0,A00,A0,A0,E0,0,0,2011,1,161,147,15,29,-14,1805
34,4591,A05,0,A00,A0,A0,E0,0,0,2011,1,15757,14367,1471,2862,-1391,1743
34001,4591,A05,0,A00,A0,A0,E0,0,0,2011,2,371,399,91,62,28,2155
34003,4591,A05,0,A00,A0,A0,E0,0,0,2011,2,1687,1728,328,286,41,2402
34005,4591,A05,0,A00,A0,A0,E0,0,0,2011,2,815,860,191,147,44,1786
34007,4591,A05,0,A00,A0,A0,E0,0,0,2011,2,696,664,123,155,-32,1881
34009,4591,A05,0,A00,A0,A0,E0,0,0,2011,2,134,254,137,17,120,1359
34011,4591,A05,0,A00,A0,A0,E0,0,0,2011,2,125,126,22,21,1,1381
34013,4591,A05,0,A00,A0,A0,E0,0,0,2011,2,571,644,180,106,73,2078
34015,4591,A05,0,A00,A0,A0,E0,0,0,2011,2,549,562,105,92,13,1788
34017,4591,A05,0,A00,A0,A0,E0,0,0,2011,2,632,638,130,124,6,2696
34019,4591,A05,0,A00,A0,A0,E0,0,0,2011,2,163,173,35,24,10,1743
34021,4591,A05,0,A00,A0,A0,E0,0,0,2011,2,683,688,129,124,5,1582
34023,4591,A05,0,A00,A0,A0,E0,0,0,2011,2,1436,1462,254,228,26,2016
34025,4591,A05,0,A00,A0,A0,E0,0,0,2011,2,1422,1465,307,264,43,1713
34027,4591,A05,0,A00,A0,A0,E0,0,0,2011,2,1169,1211,269,227,41,1844
34029,4591,A05,0,A00,A0,A0,E0,0,0,2011,2,696,760,191,127,64,1692
34031,4591,A05,0,A00,A0,A0,E0,0,0,2011,2,859,898,185,146,39,2406
34033,4591,A05,0,A00,A0,A0,E0,0,0,2011,2,16,14,0,,-2,1173
34035,4591,A05,0,A00,A0,A0,E0,0,0,2011,2,853,903,185,134,50,1946
34037,4591,A05,0,A00,A0,A0,E0,0,0,2011,2,53,58,14,9,5,1580
34039,4591,A05,0,A00,A0,A0,E0,0,0,2011,2,1273,1299,203,177,26,2489
34041,4591,A05,0,A00,A0,A0,E0,0,0,2011,2,147,145,20,22,-1,2305
34,4591,A05,0,A00,A0,A0,E0,0,0,2011,2,14349,14951,3098,2495,603,2036
34001,4591,A05,0,A00,A0,A0,E0,0,0,2011,3,399,392,91,98,-7,2073
34003,4591,A05,0,A00,A0,A0,E0,0,0,2011,3,1735,1770,401,366,35,2334
34005,4591,A05,0,A00,A0,A0,E0,0,0,2011,3,859,855,190,194,-4,1609
34007,4591,A05,0,A00,A0,A0,E0,0,0,2011,3,665,628,128,165,-37,1866
34009,4591,A05,0,A00,A0,A0,E0,0,0,2011,3,254,188,94,160,-66,1311
34011,4591,A05,0,A00,A0,A0,E0,0,0,2011,3,126,131,25,20,5,1276
34013,4591,A05,0,A00,A0,A0,E0,0,0,2011,3,633,623,146,156,-11,1864
34015,4591,A05,0,A00,A0,A0,E0,0,0,2011,3,562,573,108,97,11,1797
34017,4591,A05,0,A00,A0,A0,E0,0,0,2011,3,637,648,141,131,11,2547
34019,4591,A05,0,A00,A0,A0,E0,0,0,2011,3,173,169,26,29,-4,1594
34021,4591,A05,0,A00,A0,A0,E0,0,0,2011,3,688,696,149,140,8,1497
34023,4591,A05,0,A00,A0,A0,E0,0,0,2011,3,1475,1461,253,267,-14,1982
34025,4591,A05,0,A00,A0,A0,E0,0,0,2011,3,1463,1423,296,337,-40,1680
34027,4591,A05,0,A00,A0,A0,E0,0,0,2011,3,1210,1202,253,262,-9,1746
34029,4591,A05,0,A00,A0,A0,E0,0,0,2011,3,759,713,219,265,-46,1464
34031,4591,A05,0,A00,A0,A0,E0,0,0,2011,3,898,916,202,184,17,2147
34033,4591,A05,0,A00,A0,A0,E0,0,0,2011,3,14,11,,4,-3,1288
34035,4591,A05,0,A00,A0,A0,E0,0,0,2011,3,904,874,169,198,-29,1898
34037,4591,A05,0,A00,A0,A0,E0,0,0,2011,3,58,59,16,16,1,1588
34039,4591,A05,0,A00,A0,A0,E0,0,0,2011,3,1296,1323,258,230,27,2491
34041,4591,A05,0,A00,A0,A0,E0,0,0,2011,3,145,149,25,21,3,2139
34,4591,A05,0,A00,A0,A0,E0,0,0,2011,3,14952,14802,3191,3341,-150,1941
34001,4591,A05,0,A00,A0,A0,E0,0,0,2011,4,392,425,167,134,33,2218
34003,4591,A05,0,A00,A0,A0,E0,0,0,2011,4,1768,1950,586,405,181,2423
34005,4591,A05,0,A00,A0,A0,E0,0,0,2011,4,872,912,251,211,40,1566
34007,4591,A05,0,A00,A0,A0,E0,0,0,2011,4,631,715,228,144,84,2010
34009,4591,A05,0,A00,A0,A0,E0,0,0,2011,4,188,129,19,77,-58,976
34011,4591,A05,0,A00,A0,A0,E0,0,0,2011,4,131,134,33,30,3,1268
34013,4591,A05,0,A00,A0,A0,E0,0,0,2011,4,630,661,328,296,31,2008
34015,4591,A05,0,A00,A0,A0,E0,0,0,2011,4,570,631,199,139,61,1915
34017,4591,A05,0,A00,A0,A0,E0,0,0,2011,4,656,770,398,284,114,2566
34019,4591,A05,0,A00,A0,A0,E0,0,0,2011,4,169,178,39,30,9,1742
34021,4591,A05,0,A00,A0,A0,E0,0,0,2011,4,695,760,199,134,65,1542
34023,4591,A05,0,A00,A0,A0,E0,0,0,2011,4,1470,1612,495,354,142,2025
34025,4591,A05,0,A00,A0,A0,E0,0,0,2011,4,1423,1546,501,377,124,1720
34027,4591,A05,0,A00,A0,A0,E0,0,0,2011,4,1202,1314,365,253,112,1772
34029,4591,A05,0,A00,A0,A0,E0,0,0,2011,4,712,777,256,191,65,1510
34031,4591,A05,0,A00,A0,A0,E0,0,0,2011,4,936,1032,369,272,97,2283
34033,4591,A05,0,A00,A0,A0,E0,0,0,2011,4,11,8,0,,-2,1395
34035,4591,A05,0,A00,A0,A0,E0,0,0,2011,4,810,866,243,188,56,2054
34037,4591,A05,0,A00,A0,A0,E0,0,0,2011,4,59,84,44,18,26,1669
34039,4591,A05,0,A00,A0,A0,E0,0,0,2011,4,1319,1430,547,436,111,2395
34041,4591,A05,0,A00,A0,A0,E0,0,0,2011,4,149,164,62,46,16,2253
34,4591,A05,0,A00,A0,A0,E0,0,0,2011,4,14793,16100,5329,4022,1307,2001
34001,4591,A05,0,A00,A0,A0,E0,0,0,2012,1,416,368,40,87,-47,1924
34003,4591,A05,0,A00,A0,A0,E0,0,0,2012,1,2155,1922,295,527,-233,1962
34005,4591,A05,0,A00,A0,A0,E0,0,0,2012,1,924,829,79,174,-95,1537
34007,4591,A05,0,A00,A0,A0,E0,0,0,2012,1,690,607,61,144,-83,1896
34009,4591,A05,0,A00,A0,A0,E0,0,0,2012,1,131,127,15,20,-4,1059
34011,4591,A05,0,A00,A0,A0,E0,0,0,2012,1,130,156,78,52,26,1248
34013,4591,A05,0,A00,A0,A0,E0,0,0,2012,1,649,588,75,137,-61,1833
34015,4591,A05,0,A00,A0,A0,E0,0,0,2012,1,625,562,55,118,-63,1615
34017,4591,A05,0,A00,A0,A0,E0,0,0,2012,1,707,613,76,171,-95,1968
34019,4591,A05,0,A00,A0,A0,E0,0,0,2012,1,183,165,12,30,-18,1413
34021,4591,A05,0,A00,A0,A0,E0,0,0,2012,1,730,655,63,138,-75,1353
34023,4591,A05,0,A00,A0,A0,E0,0,0,2012,1,1606,1455,138,289,-151,1799
34025,4591,A05,0,A00,A0,A0,E0,0,0,2012,1,1515,1360,135,290,-155,1506
34027,4591,A05,0,A00,A0,A0,E0,0,0,2012,1,1295,1185,128,238,-110,1568
34029,4591,A05,0,A00,A0,A0,E0,0,0,2012,1,764,675,65,154,-89,1327
34031,4591,A05,0,A00,A0,A0,E0,0,0,2012,1,1010,854,69,225,-156,1840
34033,4591,A05,0,A00,A0,A0,E0,0,0,2012,1,8,10,,0,1,1530
34035,4591,A05,0,A00,A0,A0,E0,0,0,2012,1,862,787,102,176,-75,1701
34037,4591,A05,0,A00,A0,A0,E0,0,0,2012,1,79,52,6,33,-27,1255
34039,4591,A05,0,A00,A0,A0,E0,0,0,2012,1,1407,1277,138,269,-131,2131
34041,4591,A05,0,A00,A0,A0,E0,0,0,2012,1,164,141,15,38,-23,1795
34,4591,A05,0,A00,A0,A0,E0,0,0,2012,1,16054,14389,1644,3309,-1665,1736
34001,4591,A05,0,A00,A0,A0,E0,0,0,2012,2,368,381,78,64,14,2428
34003,4591,A05,0,A00,A0,A0,E0,0,0,2012,2,1929,1849,372,452,-80,2188
34005,4591,A05,0,A00,A0,A0,E0,0,0,2012,2,828,844,150,134,16,1691
34007,4591,A05,0,A00,A0,A0,E0,0,0,2012,2,607,596,75,85,-10,1965
34009,4591,A05,0,A00,A0,A0,E0,0,0,2012,2,127,285,182,24,157,1310
34011,4591,A05,0,A00,A0,A0,E0,0,0,2012,2,156,143,29,43,-14,1114
34013,4591,A05,0,A00,A0,A0,E0,0,0,2012,2,587,646,154,95,59,2207
34015,4591,A05,0,A00,A0,A0,E0,0,0,2012,2,567,574,91,84,7,1779
34017,4591,A05,0,A00,A0,A0,E0,0,0,2012,2,613,617,100,96,4,2487
34019,4591,A05,0,A00,A0,A0,E0,0,0,2012,2,165,171,23,17,6,1725
34021,4591,A05,0,A00,A0,A0,E0,0,0,2012,2,653,667,108,93,15,1572
34023,4591,A05,0,A00,A0,A0,E0,0,0,2012,2,1470,1497,245,218,27,2210
34025,4591,A05,0,A00,A0,A0,E0,0,0,2012,2,1363,1436,337,264,73,1779
34027,4591,A05,0,A00,A0,A0,E0,0,0,2012,2,1180,1226,229,182,46,1746
34029,4591,A05,0,A00,A0,A0,E0,0,0,2012,2,674,752,183,105,78,1605
34031,4591,A05,0,A00,A0,A0,E0,0,0,2012,2,855,875,153,133,19,2479
34033,4591,A05,0,A00,A0,A0,E0,0,0,2012,2,10,11,,,1,1427
34035,4591,A05,0,A00,A0,A0,E0,0,0,2012,2,783,794,165,154,11,1925
34037,4591,A05,0,A00,A0,A0,E0,0,0,2012,2,52,57,13,8,5,1519
34039,4591,A05,0,A00,A0,A0,E0,0,0,2012,2,1279,1294,228,214,15,2520
34041,4591,A05,0,A00,A0,A0,E0,0,0,2012,2,141,139,22,24,-2,2608
34,4591,A05,0,A00,A0,A0,E0,0,0,2012,2,14405,14853,2939,2491,448,2036
34001,4591,A05,0,A00,A0,A0,E0,0,0,2012,3,381,376,76,81,-5,2006
34003,4591,A05,0,A00,A0,A0,E0,0,0,2012,3,1847,1771,399,474,-76,2133
34005,4591,A05,0,A00,A0,A0,E0,0,0,2012,3,844,857,167,154,13,1637
34007,4591,A05,0,A00,A0,A0,E0,0,0,2012,3,554,558,104,101,3,1776
34009,4591,A05,0,A00,A0,A0,E0,0,0,2012,3,284,197,75,163,-88,1276
34011,4591,A05,0,A00,A0,A0,E0,0,0,2012,3,143,148,65,61,5,1249
34013,4591,A05,0,A00,A0,A0,E0,0,0,2012,3,646,675,186,157,29,1807
34015,4591,A05,0,A00,A0,A0,E0,0,0,2012,3,573,575,99,97,2,1730
34017,4591,A05,0,A00,A0,A0,E0,0,0,2012,3,626,668,143,101,42,2165
34019,4591,A05,0,A00,A0,A0,E0,0,0,2012,3,171,181,35,25,11,1680
34021,4591,A05,0,A00,A0,A0,E0,0,0,2012,3,669,684,149,134,15,1486
34023,4591,A05,0,A00,A0,A0,E0,0,0,2012,3,1497,1542,295,250,45,2036
34025,4591,A05,0,A00,A0,A0,E0,0,0,2012,3,1434,1457,354,332,22,1600
34027,4591,A05,0,A00,A0,A0,E0,0,0,2012,3,1228,1239,262,252,10,1613
34029,4591,A05,0,A00,A0,A0,E0,0,0,2012,3,753,720,183,216,-33,1514
34031,4591,A05,0,A00,A0,A0,E0,0,0,2012,3,876,903,187,161,26,2033
34033,4591,A05,0,A00,A0,A0,E0,0,0,2012,3,11,11,,,0,1321
34035,4591,A05,0,A00,A0,A0,E0,0,0,2012,3,794,811,180,163,17,1830
34037,4591,A05,0,A00,A0,A0,E0,0,0,2012,3,60,62,13,12,2,1466
34039,4591,A05,0,A00,A0,A0,E0,0,0,2012,3,1295,1369,289,215,74,2348
34041,4591,A05,0,A00,A0,A0,E0,0,0,2012,3,139,146,28,21,7,2106
34,4591,A05,0,A00,A0,A0,E0,0,0,2012,3,14828,14950,3292,3169,122,1859
34001,4591,A05,0,A00,A0,A0,E0,0,0,2012,4,376,426,129,79,50,2035
34003,4591,A05,0,A00,A0,A0,E0,0,0,2012,4,1767,1940,647,474,173,2444
34005,4591,A05,0,A00,A0,A0,E0,0,0,2012,4,857,940,235,152,83,1570
34007,4591,A05,0,A00,A0,A0,E0,0,0,2012,4,604,657,160,108,52,1983
34009,4591,A05,0,A00,A0,A0,E0,0,0,2012,4,197,124,16,89,-73,982
34011,4591,A05,0,A00,A0,A0,E0,0,0,2012,4,147,151,38,34,3,1299
34013,4591,A05,0,A00,A0,A0,E0,0,0,2012,4,675,724,340,291,49,2069
34015,4591,A05,0,A00,A0,A0,E0,0,0,2012,4,575,633,179,122,57,1831
34017,4591,A05,0,A00,A0,A0,E0,0,0,2012,4,662,812,346,197,150,2336
34019,4591,A05,0,A00,A0,A0,E0,0,0,2012,4,181,188,40,34,7,1521
34021,4591,A05,0,A00,A0,A0,E0,0,0,2012,4,683,767,204,119,84,1545
34023,4591,A05,0,A00,A0,A0,E0,0,0,2012,4,1557,1702,435,290,145,2105
34025,4591,A05,0,A00,A0,A0,E0,0,0,2012,4,1433,1556,450,327,123,1583
34027,4591,A05,0,A00,A0,A0,E0,0,0,2012,4,1238,1309,312,241,71,1664
34029,4591,A05,0,A00,A0,A0,E0,0,0,2012,4,725,728,200,197,3,1510
34031,4591,A05,0,A00,A0,A0,E0,0,0,2012,4,902,1028,367,241,126,2215
34033,4591,A05,0,A00,A0,A0,E0,0,0,2012,4,11,10,0,,-1,1231
34035,4591,A05,0,A00,A0,A0,E0,0,0,2012,4,811,874,272,209,63,1935
34037,4591,A05,0,A00,A0,A0,E0,0,0,2012,4,62,85,39,16,23,1507
34039,4591,A05,0,A00,A0,A0,E0,0,0,2012,4,1367,1563,528,332,196,2388
34041,4591,A05,0,A00,A0,A0,E0,0,0,2012,4,146,161,49,35,15,2121
34,4591,A05,0,A00,A0,A0,E0,0,0,2012,4,14975,16375,4987,3586,1400,1958
34001,4591,A05,0,A00,A0,A0,E0,0,0,2013,1,422,370,28,81,-53,1794
34003,4591,A05,0,A00,A0,A0,E0,0,0,2013,1,2047,1813,164,398,-234,2246
34005,4591,A05,0,A00,A0,A0,E0,0,0,2013,1,934,857,101,178,-77,1465
34007,4591,A05,0,A00,A0,A0,E0,0,0,2013,1,649,592,60,117,-57,1804
34009,4591,A05,0,A00,A0,A0,E0,0,0,2013,1,120,121,18,17,1,1147
34011,4591,A05,0,A00,A0,A0,E0,0,0,2013,1,151,144,16,23,-7,1271
34013,4591,A05,0,A00,A0,A0,E0,0,0,2013,1,721,634,63,150,-87,1740
34015,4591,A05,0,A00,A0,A0,E0,0,0,2013,1,625,550,57,132,-75,1522
34017,4591,A05,0,A00,A0,A0,E0,0,0,2013,1,812,663,72,221,-149,1744
34019,4591,A05,0,A00,A0,A0,E0,0,0,2013,1,188,174,13,27,-14,1433
34021,4591,A05,0,A00,A0,A0,E0,0,0,2013,1,765,688,85,161,-77,1326
34023,4591,A05,0,A00,A0,A0,E0,0,0,2013,1,1702,1543,174,333,-159,1868
34025,4591,A05,0,A00,A0,A0,E0,0,0,2013,1,1554,1412,176,318,-142,1433
34027,4591,A05,0,A00,A0,A0,E0,0,0,2013,1,1311,1231,161,241,-80,1559
34029,4591,A05,0,A00,A0,A0,E0,0,0,2013,1,726,652,88,162,-75,1408
34031,4591,A05,0,A00,A0,A0,E0,0,0,2013,1,1030,895,82,216,-134,1758
34033,4591,A05,0,A00,A0,A0,E0,0,0,2013,1,10,10,,,0,1123
34035,4591,A05,0,A00,A0,A0,E0,0,0,2013,1,845,746,63,163,-99,1656
34037,4591,A05,0,A00,A0,A0,E0,0,0,2013,1,84,64,15,35,-20,1344
34039,4591,A05,0,A00,A0,A0,E0,0,0,2013,1,1580,1407,126,299,-174,2024
34041,4591,A05,0,A00,A0,A0,E0,0,0,2013,1,161,134,11,38,-27,1765
34,4591,A05,0,A00,A0,A0,E0,0,0,2013,1,16439,14699,1574,3314,-1740,1732
34001,4591,A05,0,A00,A0,A0,E0,0,0,2013,2,379,418,93,54,39,2276
34003,4591,A05,0,A00,A0,A0,E0,0,0,2013,2,1844,1860,313,297,16,2559
34005,4591,A05,0,A00,A0,A0,E0,0,0,2013,2,860,870,156,146,10,1641
34007,4591,A05,0,A00,A0,A0,E0,0,0,2013,2,610,631,111,90,21,1951
34009,4591,A05,0,A00,A0,A0,E0,0,0,2013,2,121,283,198,36,162,1432
34011,4591,A05,0,A00,A0,A0,E0,0,0,2013,2,143,147,27,24,3,1325
34013,4591,A05,0,A00,A0,A0,E0,0,0,2013,2,635,660,143,119,25,2220
34015,4591,A05,0,A00,A0,A0,E0,0,0,2013,2,549,549,83,83,-1,1770
34017,4591,A05,0,A00,A0,A0,E0,0,0,2013,2,651,645,92,97,-6,2380
34019,4591,A05,0,A00,A0,A0,E0,0,0,2013,2,174,176,24,22,2,1732
34021,4591,A05,0,A00,A0,A0,E0,0,0,2013,2,704,696,107,115,-8,1527
34023,4591,A05,0,A00,A0,A0,E0,0,0,2013,2,1564,1563,219,221,-2,2207
34025,4591,A05,0,A00,A0,A0,E0,0,0,2013,2,1426,1422,244,248,-4,1732
34027,4591,A05,0,A00,A0,A0,E0,0,0,2013,2,1232,1253,206,185,21,1803
34029,4591,A05,0,A00,A0,A0,E0,0,0,2013,2,653,745,207,115,92,1680
34031,4591,A05,0,A00,A0,A0,E0,0,0,2013,2,909,933,167,143,23,2539
34033,4591,A05,0,A00,A0,A0,E0,0,0,2013,2,10,11,,0,1,1210
34035,4591,A05,0,A00,A0,A0,E0,0,0,2013,2,760,792,167,134,32,2018
34037,4591,A05,0,A00,A0,A0,E0,0,0,2013,2,64,61,7,10,-3,1540
34039,4591,A05,0,A00,A0,A0,E0,0,0,2013,2,1263,1270,202,196,7,2418
34041,4591,A05,0,A00,A0,A0,E0,0,0,2013,2,134,131,16,19,-3,2360
34,4591,A05,0,A00,A0,A0,E0,0,0,2013,2,14685,15115,2783,2353,430,2074
34001,4591,A05,0,A00,A0,A0,E0,0,0,2013,3,417,416,96,97,-2,2016
34003,4591,A05,0,A00,A0,A0,E0,0,0,2013,3,1855,1858,368,366,3,2442
34005,4591,A05,0,A00,A0,A0,E0,0,0,2013,3,863,876,188,175,13,1605
34007,4591,A05,0,A00,A0,A0,E0,0,0,2013,3,645,669,134,109,25,1882
34009,4591,A05,0,A00,A0,A0,E0,0,0,2013,3,283,178,91,196,-105,1281
34011,4591,A05,0,A00,A0,A0,E0,0,0,2013,3,147,156,35,26,9,1414
34013,4591,A05,0,A00,A0,A0,E0,0,0,2013,3,659,636,140,164,-23,2080
34015,4591,A05,0,A00,A0,A0,E0,0,0,2013,3,548,594,144,97,46,1711
34017,4591,A05,0,A00,A0,A0,E0,0,0,2013,3,645,651,129,124,5,2141
34019,4591,A05,0,A00,A0,A0,E0,0,0,2013,3,176,175,31,32,-1,1635
34021,4591,A05,0,A00,A0,A0,E0,0,0,2013,3,684,682,145,148,-2,1503
34023,4591,A05,0,A00,A0,A0,E0,0,0,2013,3,1564,1601,328,290,37,2131
34025,4591,A05,0,A00,A0,A0,E0,0,0,2013,3,1423,1413,356,365,-10,1634
34027,4591,A05,0,A00,A0,A0,E0,0,0,2013,3,1253,1297,295,250,44,1675
34029,4591,A05,0,A00,A0,A0,E0,0,0,2013,3,743,742,276,277,-1,1585
34031,4591,A05,0,A00,A0,A0,E0,0,0,2013,3,933,921,159,171,-12,2114
34033,4591,A05,0,A00,A0,A0,E0,0,0,2013,3,11,11,0,0,0,1302
34035,4591,A05,0,A00,A0,A0,E0,0,0,2013,3,792,798,159,153,7,1984
34037,4591,A05,0,A00,A0,A0,E0,0,0,2013,3,61,61,11,10,1,1605
34039,4591,A05,0,A00,A0,A0,E0,0,0,2013,3,1268,1280,257,246,11,2271
34041,4591,A05,0,A00,A0,A0,E0,0,0,2013,3,131,133,27,25,2,2021
34,4591,A05,0,A00,A0,A0,E0,0,0,2013,3,15100,15147,3369,3321,47,1941
34001,4591,A05,0,A00,A0,A0,E0,0,0,2013,4,417,480,164,102,63,2148
34003,4591,A05,0,A00,A0,A0,E0,0,0,2013,4,1863,2136,622,348,274,2627
34005,4591,A05,0,A00,A0,A0,E0,0,0,2013,4,871,943,261,188,72,1554
34007,4591,A05,0,A00,A0,A0,E0,0,0,2013,4,669,750,241,160,81,1949
34009,4591,A05,0,A00,A0,A0,E0,0,0,2013,4,178,119,19,78,-59,1155
34011,4591,A05,0,A00,A0,A0,E0,0,0,2013,4,156,161,50,45,5,1263
34013,4591,A05,0,A00,A0,A0,E0,0,0,2013,4,617,710,342,249,93,2236
34015,4591,A05,0,A00,A0,A0,E0,0,0,2013,4,595,660,209,144,65,1865
34017,4591,A05,0,A00,A0,A0,E0,0,0,2013,4,651,790,327,187,140,2291
34019,4591,A05,0,A00,A0,A0,E0,0,0,2013,4,175,194,51,33,18,1634
34021,4591,A05,0,A00,A0,A0,E0,0,0,2013,4,682,765,257,173,83,1616
34023,4591,A05,0,A00,A0,A0,E0,0,0,2013,4,1600,1795,527,333,195,2196
34025,4591,A05,0,A00,A0,A0,E0,0,0,2013,4,1411,1601,532,342,190,1702
34027,4591,A05,0,A00,A0,A0,E0,0,0,2013,4,1296,1423,397,270,127,1710
34029,4591,A05,0,A00,A0,A0,E0,0,0,2013,4,743,837,315,221,94,1565
34031,4591,A05,0,A00,A0,A0,E0,0,0,2013,4,921,1049,334,206,128,2359
34033,4591,A05,0,A00,A0,A0,E0,0,0,2013,4,11,9,0,,-2,1181
34035,4591,A05,0,A00,A0,A0,E0,0,0,2013,4,799,877,308,230,78,2056
34037,4591,A05,0,A00,A0,A0,E0,0,0,2013,4,61,90,48,19,29,1772
34039,4591,A05,0,A00,A0,A0,E0,0,0,2013,4,1279,1464,532,348,184,2331
34041,4591,A05,0,A00,A0,A0,E0,0,0,2013,4,133,155,60,37,23,2229
34,4591,A05,0,A00,A0,A0,E0,0,0,2013,4,15127,17008,5597,3716,1881,2034
34001,4591,A05,0,A00,A0,A0,E0,0,0,2014,1,480,408,32,104,-72,1848
34003,4591,A05,0,A00,A0,A0,E0,0,0,2014,1,2153,1925,189,417,-228,2216
34005,4591,A05,0,A00,A0,A0,E0,0,0,2014,1,938,850,90,178,-88,1510
34007,4591,A05,0,A00,A0,A0,E0,0,0,2014,1,757,682,75,150,-75,1831
34009,4591,A05,0,A00,A0,A0,E0,0,0,2014,1,119,112,15,21,-7,1097
34011,4591,A05,0,A00,A0,A0,E0,0,0,2014,1,161,141,11,31,-20,1165
34013,4591,A05,0,A00,A0,A0,E0,0,0,2014,1,717,602,59,174,-115,1846
34015,4591,A05,0,A00,A0,A0,E0,0,0,2014,1,667,596,67,138,-71,1577
34017,4591,A05,0,A00,A0,A0,E0,0,0,2014,1,803,669,53,187,-134,1950
34019,4591,A05,0,A00,A0,A0,E0,0,0,2014,1,194,182,23,35,-12,1476
34021,4591,A05,0,A00,A0,A0,E0,0,0,2014,1,757,676,60,140,-81,1400
34023,4591,A05,0,A00,A0,A0,E0,0,0,2014,1,1806,1587,143,362,-219,1931
34025,4591,A05,0,A00,A0,A0,E0,0,0,2014,1,1616,1420,138,334,-196,1494
34027,4591,A05,0,A00,A0,A0,E0,0,0,2014,1,1437,1297,132,271,-139,1537
34029,4591,A05,0,A00,A0,A0,E0,0,0,2014,1,832,729,88,191,-103,1352
34031,4591,A05,0,A00,A0,A0,E0,0,0,2014,1,1046,921,91,216,-126,1899
34033,4591,A05,0,A00,A0,A0,E0,0,0,2014,1,9,10,,0,1,1170
34035,4591,A05,0,A00,A0,A0,E0,0,0,2014,1,877,762,53,169,-116,1690
34037,4591,A05,0,A00,A0,A0,E0,0,0,2014,1,90,72,16,34,-19,1375
34039,4591,A05,0,A00,A0,A0,E0,0,0,2014,1,1466,1232,97,331,-234,2013
34041,4591,A05,0,A00,A0,A0,E0,0,0,2014,1,154,124,7,36,-29,1696
34,4591,A05,0,A00,A0,A0,E0,0,0,2014,1,17078,14997,1439,3520,-2081,1766
34001,4591,A05,0,A00,A0,A0,E0,0,0,2014,2,407,445,118,80,38,2317
34003,4591,A05,0,A00,A0,A0,E0,0,0,2014,2,1926,1919,297,304,-7,2444
34005,4591,A05,0,A00,A0,A0,E0,0,0,2014,2,851,860,158,149,9,1617
34007,4591,A05,0,A00,A0,A0,E0,0,0,2014,2,662,627,90,124,-34,1877
34009,4591,A05,0,A00,A0,A0,E0,0,0,2014,2,112,270,186,29,158,1464
34011,4591,A05,0,A00,A0,A0,E0,0,0,2014,2,141,162,47,26,21,1288
34013,4591,A05,0,A00,A0,A0,E0,0,0,2014,2,603,647,152,108,44,2157
34015,4591,A05,0,A00,A0,A0,E0,0,0,2014,2,595,588,87,94,-7,1720
34017,4591,A05,0,A00,A0,A0,E0,0,0,2014,2,669,660,103,111,-8,2303
34019,4591,A05,0,A00,A0,A0,E0,0,0,2014,2,182,181,27,28,-1,1630
34021,4591,A05,0,A00,A0,A0,E0,0,0,2014,2,676,714,156,118,38,1573
34023,4591,A05,0,A00,A0,A0,E0,0,0,2014,2,1587,1622,271,236,35,2208
34025,4591,A05,0,A00,A0,A0,E0,0,0,2014,2,1440,1532,372,280,92,1680
34027,4591,A05,0,A00,A0,A0,E0,0,0,2014,2,1290,1327,235,198,36,1700
34029,4591,A05,0,A00,A0,A0,E0,0,0,2014,2,728,807,203,124,79,1647
34031,4591,A05,0,A00,A0,A0,E0,0,0,2014,2,921,924,138,135,3,2391
34033,4591,A05,0,A00,A0,A0,E0,0,0,2014,2,10,10,0,0,0,1286
34035,4591,A05,0,A00,A0,A0,E0,0,0,2014,2,767,767,136,137,0,1950
34037,4591,A05,0,A00,A0,A0,E0,0,0,2014,2,72,58,11,25,-14,1365
34039,4591,A05,0,A00,A0,A0,E0,0,0,2014,2,1232,1245,192,179,13,2336
34041,4591,A05,0,A00,A0,A0,E0,0,0,2014,2,124,121,15,18,-3,2096
34,4591,A05,0,A00,A0,A0,E0,0,0,2014,2,14996,15486,2994,2504,490,2010
34001,4591,A05,0,A00,A0,A0,E0,0,0,2014,3,446,426,92,112,-20,2003
34003,4591,A05,0,A00,A0,A0,E0,0,0,2014,3,1890,1915,383,359,25,2404
34005,4591,A05,0,A00,A0,A0,E0,0,0,2014,3,860,869,170,162,8,1645
34007,4591,A05,0,A00,A0,A0,E0,0,0,2014,3,646,668,135,113,22,1966
34009,4591,A05,0,A00,A0,A0,E0,0,0,2014,3,270,182,96,185,-88,1416
34011,4591,A05,0,A00,A0,A0,E0,0,0,2014,3,141,136,28,33,-5,1243
34013,4591,A05,0,A00,A0,A0,E0,0,0,2014,3,666,640,145,171,-26,2106
34015,4591,A05,0,A00,A0,A0,E0,0,0,2014,3,589,610,130,109,21,1728
34017,4591,A05,0,A00,A0,A0,E0,0,0,2014,3,660,664,132,127,4,2189
34019,4591,A05,0,A00,A0,A0,E0,0,0,2014,3,167,151,18,34,-16,1828
34021,4591,A05,0,A00,A0,A0,E0,0,0,2014,3,686,669,145,163,-17,1499
34023,4591,A05,0,A00,A0,A0,E0,0,0,2014,3,1573,1572,301,302,0,2163
34025,4591,A05,0,A00,A0,A0,E0,0,0,2014,3,1524,1464,333,394,-60,1600
34027,4591,A05,0,A00,A0,A0,E0,0,0,2014,3,1326,1335,268,260,9,1647
34029,4591,A05,0,A00,A0,A0,E0,0,0,2014,3,807,764,218,261,-43,1486
34031,4591,A05,0,A00,A0,A0,E0,0,0,2014,3,975,966,178,186,-8,2222
34033,4591,A05,0,A00,A0,A0,E0,0,0,2014,3,10,10,0,0,0,1257
34035,4591,A05,0,A00,A0,A0,E0,0,0,2014,3,779,780,165,165,1,1991
34037,4591,A05,0,A00,A0,A0,E0,0,0,2014,3,58,61,13,10,3,1659
34039,4591,A05,0,A00,A0,A0,E0,0,0,2014,3,1253,1280,242,216,26,2376
34041,4591,A05,0,A00,A0,A0,E0,0,0,2014,3,153,143,21,31,-10,1808
34,4591,A05,0,A00,A0,A0,E0,0,0,2014,3,15480,15304,3217,3392,-176,1952
34001,4591,A05,0,A00,A0,A0,E0,0,0,2014,4,426,493,163,96,68,2014
34003,4591,A05,0,A00,A0,A0,E0,0,0,2014,4,1913,2220,703,396,307,2595
34005,4591,A05,0,A00,A0,A0,E0,0,0,2014,4,869,983,291,176,114,1625
34007,4591,A05,0,A00,A0,A0,E0,0,0,2014,4,646,740,265,171,95,1968
34009,4591,A05,0,A00,A0,A0,E0,0,0,2014,4,182,104,11,88,-77,1072
34011,4591,A05,0,A00,A0,A0,E0,0,0,2014,4,136,142,43,37,6,1245
34013,4591,A05,0,A00,A0,A0,E0,0,0,2014,4,640,729,288,200,89,2326
34015,4591,A05,0,A00,A0,A0,E0,0,0,2014,4,608,692,218,134,84,1930
34017,4591,A05,0,A00,A0,A0,E0,0,0,2014,4,664,820,354,198,156,2420
34019,4591,A05,0,A00,A0,A0,E0,0,0,2014,4,151,157,36,30,6,1965
34021,4591,A05,0,A00,A0,A0,E0,0,0,2014,4,671,752,208,127,81,1613
34023,4591,A05,0,A00,A0,A0,E0,0,0,2014,4,1573,1777,585,381,204,2273
34025,4591,A05,0,A00,A0,A0,E0,0,0,2014,4,1462,1649,546,360,187,1749
34027,4591,A05,0,A00,A0,A0,E0,0,0,2014,4,1331,1485,412,257,155,1722
34029,4591,A05,0,A00,A0,A0,E0,0,0,2014,4,765,852,280,193,87,1534
34031,4591,A05,0,A00,A0,A0,E0,0,0,2014,4,966,1113,393,246,147,2402
34033,4591,A05,0,A00,A0,A0,E0,0,0,2014,4,10,8,0,,-2,1213
34035,4591,A05,0,A00,A0,A0,E0,0,0,2014,4,779,863,289,206,83,2057
34037,4591,A05,0,A00,A0,A0,E0,0,0,2014,4,61,88,47,20,27,1588
34039,4591,A05,0,A00,A0,A0,E0,0,0,2014,4,1304,1531,564,336,228,2450
34041,4591,A05,0,A00,A0,A0,E0,0,0,2014,4,143,171,59,31,28,2167
34,4591,A05,0,A00,A0,A0,E0,0,0,2014,4,15297,17368,5755,3684,2071,2071
34001,4591,A05,0,A00,A0,A0,E0,0,0,2015,1,494,574,198,118,80,1810
34003,4591,A05,0,A00,A0,A0,E0,0,0,2015,1,2249,1995,214,468,-254,2231
34005,4591,A05,0,A00,A0,A0,E0,0,0,2015,1,829,743,85,172,-87,1460
34007,4591,A05,0,A00,A0,A0,E0,0,0,2015,1,741,630,59,170,-111,1883
34009,4591,A05,0,A00,A0,A0,E0,0,0,2015,1,104,106,16,15,2,1084
34011,4591,A05,0,A00,A0,A0,E0,0,0,2015,1,142,122,10,30,-20,1166
34013,4591,A05,0,A00,A0,A0,E0,0,0,2015,1,704,605,69,168,-99,2036
34015,4591,A05,0,A00,A0,A0,E0,0,0,2015,1,693,618,68,142,-74,1533
34017,4591,A05,0,A00,A0,A0,E0,0,0,2015,1,820,672,49,197,-148,1925
34019,4591,A05,0,A00,A0,A0,E0,0,0,2015,1,157,141,6,22,-16,1793
34021,4591,A05,0,A00,A0,A0,E0,0,0,2015,1,756,701,101,155,-54,1368
34023,4591,A05,0,A00,A0,A0,E0,0,0,2015,1,1782,1557,140,364,-224,2120
34025,4591,A05,0,A00,A0,A0,E0,0,0,2015,1,1654,1406,121,369,-248,1538
34027,4591,A05,0,A00,A0,A0,E0,0,0,2015,1,1548,1415,127,260,-133,1545
34029,4591,A05,0,A00,A0,A0,E0,0,0,2015,1,859,733,62,188,-126,1287
34031,4591,A05,0,A00,A0,A0,E0,0,0,2015,1,1113,936,78,255,-177,1991
34033,4591,A05,0,A00,A0,A0,E0,0,0,2015,1,8,8,0,0,0,1253
34035,4591,A05,0,A00,A0,A0,E0,0,0,2015,1,886,770,65,181,-116,1763
34037,4591,A05,0,A00,A0,A0,E0,0,0,2015,1,88,70,10,27,-17,1341
34039,4591,A05,0,A00,A0,A0,E0,0,0,2015,1,1527,1323,121,325,-204,2020
34041,4591,A05,0,A00,A0,A0,E0,0,0,2015,1,171,138,11,43,-32,1597
34,4591,A05,0,A00,A0,A0,E0,0,0,2015,1,17324,15263,1609,3670,-2061,1807
34001,4591,A05,0,A00,A0,A0,E0,0,0,2015,2,575,627,156,104,53,2049
34003,4591,A05,0,A00,A0,A0,E0,0,0,2015,2,2001,1973,299,328,-28,2757
34005,4591,A05,0,A00,A0,A0,E0,0,0,2015,2,743,733,126,136,-10,1637
34007,4591,A05,0,A00,A0,A0,E0,0,0,2015,2,630,621,95,104,-9,2087
34009,4591,A05,0,A00,A0,A0,E0,0,0,2015,2,106,257,182,31,150,1403
34011,4591,A05,0,A00,A0,A0,E0,0,0,2015,2,121,121,23,24,-1,1287
34013,4591,A05,0,A00,A0,A0,E0,0,0,2015,2,605,625,116,96,20,2771
34015,4591,A05,0,A00,A0,A0,E0,0,0,2015,2,618,613,99,103,-5,1896
34017,4591,A05,0,A00,A0,A0,E0,0,0,2015,2,673,648,96,121,-25,2970
34019,4591,A05,0,A00,A0,A0,E0,0,0,2015,2,141,143,25,23,3,1983
34021,4591,A05,0,A00,A0,A0,E0,0,0,2015,2,692,694,114,112,2,1764
34023,4591,A05,0,A00,A0,A0,E0,0,0,2015,2,1552,1528,216,240,-23,2421
34025,4591,A05,0,A00,A0,A0,E0,0,0,2015,2,1406,1417,288,278,10,1970
34027,4591,A05,0,A00,A0,A0,E0,0,0,2015,2,1415,1449,248,214,34,1877
34029,4591,A05,0,A00,A0,A0,E0,0,0,2015,2,732,835,240,137,103,1820
34031,4591,A05,0,A00,A0,A0,E0,0,0,2015,2,936,920,140,156,-16,3462
34033,4591,A05,0,A00,A0,A0,E0,0,0,2015,2,8,9,,,1,1129
34035,4591,A05,0,A00,A0,A0,E0,0,0,2015,2,774,793,145,126,19,2363
34037,4591,A05,0,A00,A0,A0,E0,0,0,2015,2,70,55,10,25,-15,1351
34039,4591,A05,0,A00,A0,A0,E0,0,0,2015,2,1323,1293,204,233,-29,2762
34041,4591,A05,0,A00,A0,A0,E0,0,0,2015,2,138,132,15,22,-7,2585
34,4591,A05,0,A00,A0,A0,E0,0,0,2015,2,15259,15486,2840,2612,228,2331
34001,4591,A05,0,A00,A0,A0,E0,0,0,2015,3,624,579,102,148,-45,1677
34003,4591,A05,0,A00,A0,A0,E0,0,0,2015,3,1970,2002,403,371,32,2469
34005,4591,A05,0,A00,A0,A0,E0,0,0,2015,3,735,740,160,155,5,1577
34007,4591,A05,0,A00,A0,A0,E0,0,0,2015,3,620,650,141,111,30,1959
34009,4591,A05,0,A00,A0,A0,E0,0,0,2015,3,257,172,101,186,-84,1314
34011,4591,A05,0,A00,A0,A0,E0,0,0,2015,3,120,127,34,27,7,1265
34013,4591,A05,0,A00,A0,A0,E0,0,0,2015,3,625,593,116,148,-33,2153
34015,4591,A05,0,A00,A0,A0,E0,0,0,2015,3,613,615,120,118,2,1680
34017,4591,A05,0,A00,A0,A0,E0,0,0,2015,3,648,685,161,125,37,2231
34019,4591,A05,0,A00,A0,A0,E0,0,0,2015,3,143,157,37,24,14,1930
34021,4591,A05,0,A00,A0,A0,E0,0,0,2015,3,692,683,147,156,-9,1522
34023,4591,A05,0,A00,A0,A0,E0,0,0,2015,3,1522,1537,325,310,15,2119
34025,4591,A05,0,A00,A0,A0,E0,0,0,2015,3,1422,1402,337,357,-20,1664
34027,4591,A05,0,A00,A0,A0,E0,0,0,2015,3,1450,1470,307,287,20,1651
34029,4591,A05,0,A00,A0,A0,E0,0,0,2015,3,835,823,263,274,-11,1473
34031,4591,A05,0,A00,A0,A0,E0,0,0,2015,3,915,929,191,177,14,2283
34033,4591,A05,0,A00,A0,A0,E0,0,0,2015,3,9,10,,0,1,1206
34035,4591,A05,0,A00,A0,A0,E0,0,0,2015,3,801,839,224,186,38,1936
34037,4591,A05,0,A00,A0,A0,E0,0,0,2015,3,55,52,13,16,-3,1666
34039,4591,A05,0,A00,A0,A0,E0,0,0,2015,3,1294,1382,357,270,87,2331
34041,4591,A05,0,A00,A0,A0,E0,0,0,2015,3,132,137,26,21,5,1901
34,4591,A05,0,A00,A0,A0,E0,0,0,2015,3,15483,15584,3568,3467,101,1947
34001,4591,A05,0,A00,A0,A0,E0,0,0,2015,4,581,619,177,140,38,1868
34003,4591,A05,0,A00,A0,A0,E0,0,0,2015,4,2004,2233,719,490,229,2739
34005,4591,A05,0,A00,A0,A0,E0,0,0,2015,4,739,817,292,214,78,1709
34007,4591,A05,0,A00,A0,A0,E0,0,0,2015,4,628,688,317,257,60,2149
34009,4591,A05,0,A00,A0,A0,E0,0,0,2015,4,171,110,22,82,-61,1163
34011,4591,A05,0,A00,A0,A0,E0,0,0,2015,4,128,129,45,44,1,1430
34013,4591,A05,0,A00,A0,A0,E0,0,0,2015,4,616,706,355,265,90,2466
34015,4591,A05,0,A00,A0,A0,E0,0,0,2015,4,615,688,257,185,73,2088
34017,4591,A05,0,A00,A0,A0,E0,0,0,2015,4,685,809,375,251,124,2533
34019,4591,A05,0,A00,A0,A0,E0,0,0,2015,4,157,160,38,34,4,1909
34021,4591,A05,0,A00,A0,A0,E0,0,0,2015,4,682,764,257,175,82,1788
34023,4591,A05,0,A00,A0,A0,E0,0,0,2015,4,1535,1721,637,451,186,2445
34025,4591,A05,0,A00,A0,A0,E0,0,0,2015,4,1403,1573,608,438,170,1859
34027,4591,A05,0,A00,A0,A0,E0,0,0,2015,4,1470,1592,440,318,123,1804
34029,4591,A05,0,A00,A0,A0,E0,0,0,2015,4,827,856,324,294,29,1657
34031,4591,A05,0,A00,A0,A0,E0,0,0,2015,4,930,1038,419,311,108,2560
34033,4591,A05,0,A00,A0,A0,E0,0,0,2015,4,10,8,0,,-2,1026
34035,4591,A05,0,A00,A0,A0,E0,0,0,2015,4,839,885,324,278,46,2126
34037,4591,A05,0,A00,A0,A0,E0,0,0,2015,4,52,77,47,23,24,1803
34039,4591,A05,0,A00,A0,A0,E0,0,0,2015,4,1382,1549,653,486,167,2506
34041,4591,A05,0,A00,A0,A0,E0,0,0,2015,4,137,151,60,46,14,2168
34,4591,A05,0,A00,A0,A0,E0,0,0,2015,4,15589,17171,6367,4784,1582,2184
34001,4591,A05,0,A00,A0,A0,E0,0,0,2016,1,611,535,38,114,-76,1613
34003,4591,A05,0,A00,A0,A0,E0,0,0,2016,1,2153,1948,227,432,-205,2496
34005,4591,A05,0,A00,A0,A0,E0,0,0,2016,1,818,745,78,151,-73,1522
34007,4591,A05,0,A00,A0,A0,E0,0,0,2016,1,652,582,79,149,-70,1785
34009,4591,A05,0,A00,A0,A0,E0,0,0,2016,1,110,116,18,12,6,1181
34011,4591,A05,0,A00,A0,A0,E0,0,0,2016,1,122,112,20,30,-10,1203
34013,4591,A05,0,A00,A0,A0,E0,0,0,2016,1,682,605,74,152,-78,2140
34015,4591,A05,0,A00,A0,A0,E0,0,0,2016,1,663,614,88,137,-49,1799
34017,4591,A05,0,A00,A0,A0,E0,0,0,2016,1,811,692,53,172,-119,2644
34019,4591,A05,0,A00,A0,A0,E0,0,0,2016,1,160,151,18,28,-10,1672
34021,4591,A05,0,A00,A0,A0,E0,0,0,2016,1,765,668,67,164,-97,1648
34023,4591,A05,0,A00,A0,A0,E0,0,0,2016,1,1652,1483,153,323,-169,2117
34025,4591,A05,0,A00,A0,A0,E0,0,0,2016,1,1553,1390,174,338,-164,1656
34027,4591,A05,0,A00,A0,A0,E0,0,0,2016,1,1595,1469,161,287,-125,1583
34029,4591,A05,0,A00,A0,A0,E0,0,0,2016,1,872,781,90,181,-91,1338
34031,4591,A05,0,A00,A0,A0,E0,0,0,2016,1,1021,903,99,217,-118,2859
34033,4591,A05,0,A00,A0,A0,E0,0,0,2016,1,8,4,0,3,-3,858
34035,4591,A05,0,A00,A0,A0,E0,0,0,2016,1,877,785,68,161,-92,1788
34037,4591,A05,0,A00,A0,A0,E0,0,0,2016,1,77,49,12,40,-27,1411
34039,4591,A05,0,A00,A0,A0,E0,0,0,2016,1,1465,1296,108,278,-170,2348
34041,4591,A05,0,A00,A0,A0,E0,0,0,2016,1,151,132,19,38,-19,2042
34,4591,A05,0,A00,A0,A0,E0,0,0,2016,1,16819,15059,1644,3405,-1760,1989
34001,4591,A05,0,A00,A0,A0,E0,0,0,2016,2,534,561,116,89,26,1858
34003,4591,A05,0,A00,A0,A0,E0,0,0,2016,2,1949,1926,291,314,-23,2633
34005,4591,A05,0,A00,A0,A0,E0,0,0,2016,2,744,756,131,118,13,1693
34007,4591,A05,0,A00,A0,A0,E0,0,0,2016,2,582,552,73,103,-30,2235
34009,4591,A05,0,A00,A0,A0,E0,0,0,2016,2,116,280,190,26,164,1601
34011,4591,A05,0,A00,A0,A0,E0,0,0,2016,2,112,109,25,28,-3,1289
34013,4591,A05,0,A00,A0,A0,E0,0,0,2016,2,605,607,104,102,2,2448
34015,4591,A05,0,A00,A0,A0,E0,0,0,2016,2,613,590,86,108,-22,1787
34017,4591,A05,0,A00,A0,A0,E0,0,0,2016,2,692,691,107,107,-1,2540
34019,4591,A05,0,A00,A0,A0,E0,0,0,2016,2,151,153,26,23,2,1969
34021,4591,A05,0,A00,A0,A0,E0,0,0,2016,2,653,641,88,100,-12,1591
34023,4591,A05,0,A00,A0,A0,E0,0,0,2016,2,1483,1439,213,256,-44,2328
34025,4591,A05,0,A00,A0,A0,E0,0,0,2016,2,1391,1452,328,267,61,1819
34027,4591,A05,0,A00,A0,A0,E0,0,0,2016,2,1471,1481,238,227,11,1697
34029,4591,A05,0,A00,A0,A0,E0,0,0,2016,2,782,857,205,130,75,1621
34031,4591,A05,0,A00,A0,A0,E0,0,0,2016,2,904,911,186,179,8,2774
34033,4591,A05,0,A00,A0,A0,E0,0,0,2016,2,4,5,,0,1,1335
34035,4591,A05,0,A00,A0,A0,E0,0,0,2016,2,785,775,140,150,-10,2017
34037,4591,A05,0,A00,A0,A0,E0,0,0,2016,2,49,50,7,6,1,1780
34039,4591,A05,0,A00,A0,A0,E0,0,0,2016,2,1295,1304,228,220,9,2554
34041,4591,A05,0,A00,A0,A0,E0,0,0,2016,2,132,127,16,20,-4,2150
34,4591,A05,0,A00,A0,A0,E0,0,0,2016,2,15045,15269,2799,2575,224,2140
34001,4591,A05,0,A00,A0,A0,E0,0,0,2016,3,559,522,126,163,-37,1901
34003,4591,A05,0,A00,A0,A0,E0,0,0,2016,3,1946,1845,381,481,-100,2596
34005,4591,A05,0,A00,A0,A0,E0,0,0,2016,3,757,703,137,192,-54,1703
34007,4591,A05,0,A00,A0,A0,E0,0,0,2016,3,552,549,123,126,-3,2091
34009,4591,A05,0,A00,A0,A0,E0,0,0,2016,3,280,168,91,203,-112,1378
34011,4591,A05,0,A00,A0,A0,E0,0,0,2016,3,109,123,37,23,14,1426
34013,4591,A05,0,A00,A0,A0,E0,0,0,2016,3,607,592,130,146,-15,2479
34015,4591,A05,0,A00,A0,A0,E0,0,0,2016,3,591,564,130,157,-27,1811
34017,4591,A05,0,A00,A0,A0,E0,0,0,2016,3,691,642,134,183,-50,2439
34019,4591,A05,0,A00,A0,A0,E0,0,0,2016,3,153,137,24,40,-16,2048
34021,4591,A05,0,A00,A0,A0,E0,0,0,2016,3,637,630,122,129,-7,1712
34023,4591,A05,0,A00,A0,A0,E0,0,0,2016,3,1440,1379,256,316,-61,2319
34025,4591,A05,0,A00,A0,A0,E0,0,0,2016,3,1454,1307,313,460,-147,1775
34027,4591,A05,0,A00,A0,A0,E0,0,0,2016,3,1481,1326,275,431,-155,1647
34029,4591,A05,0,A00,A0,A0,E0,0,0,2016,3,857,803,224,279,-54,1572
34031,4591,A05,0,A00,A0,A0,E0,0,0,2016,3,912,854,197,254,-58,2496
34033,4591,A05,0,A00,A0,A0,E0,0,0,2016,3,5,5,0,0,0,1366
34035,4591,A05,0,A00,A0,A0,E0,0,0,2016,3,775,750,134,159,-25,2044
34037,4591,A05,0,A00,A0,A0,E0,0,0,2016,3,50,54,12,8,4,2012
34039,4591,A05,0,A00,A0,A0,E0,0,0,2016,3,1283,1223,249,309,-60,2552
34041,4591,A05,0,A00,A0,A0,E0,0,0,2016,3,127,130,23,20,3,2176
34,4591,A05,0,A00,A0,A0,E0,0,0,2016,3,15266,14306,3119,4079,-960,2095
34001,4591,A05,0,A00,A0,A0,E0,0,0,2016,4,523,568,172,127,45,1879
34003,4591,A05,0,A00,A0,A0,E0,0,0,2016,4,1845,2028,563,380,184,2811
34005,4591,A05,0,A00,A0,A0,E0,0,0,2016,4,693,770,251,174,77,1730
34007,4591,A05,0,A00,A0,A0,E0,0,0,2016,4,550,605,232,176,55,2106
34009,4591,A05,0,A00,A0,A0,E0,0,0,2016,4,168,112,18,74,-56,1337
34011,4591,A05,0,A00,A0,A0,E0,0,0,2016,4,126,143,50,33,16,1394
34013,4591,A05,0,A00,A0,A0,E0,0,0,2016,4,592,653,259,197,62,2583
34015,4591,A05,0,A00,A0,A0,E0,0,0,2016,4,565,620,197,142,55,2085
34017,4591,A05,0,A00,A0,A0,E0,0,0,2016,4,642,765,321,198,123,2573
34019,4591,A05,0,A00,A0,A0,E0,0,0,2016,4,137,144,26,19,7,2082
34021,4591,A05,0,A00,A0,A0,E0,0,0,2016,4,640,707,200,134,66,1674
34023,4591,A05,0,A00,A0,A0,E0,0,0,2016,4,1377,1515,470,331,138,2260
34025,4591,A05,0,A00,A0,A0,E0,0,0,2016,4,1307,1455,494,346,148,1821
34027,4591,A05,0,A00,A0,A0,E0,0,0,2016,4,1325,1411,349,263,86,1723
34029,4591,A05,0,A00,A0,A0,E0,0,0,2016,4,799,823,297,273,24,1617
34031,4591,A05,0,A00,A0,A0,E0,0,0,2016,4,854,948,358,263,94,2417
34033,4591,A05,0,A00,A0,A0,E0,0,0,2016,4,5,3,0,,-2,1190
34035,4591,A05,0,A00,A0,A0,E0,0,0,2016,4,751,756,268,264,4,2123
34037,4591,A05,0,A00,A0,A0,E0,0,0,2016,4,54,79,47,22,25,1852
34039,4591,A05,0,A00,A0,A0,E0,0,0,2016,4,1224,1427,570,367,203,2704
34041,4591,A05,0,A00,A0,A0,E0,0,0,2016,4,130,149,57,37,19,2082
34,4591,A05,0,A00,A0,A0,E0,0,0,2016,4,14307,15682,5198,3822,1376,2171
34001,4591,A05,0,A00,A0,A0,E0,0,0,2017,1,556,487,34,103,-69,1803
34003,4591,A05,0,A00,A0,A0,E0,0,0,2017,1,2022,1774,190,437,-248,2642
34005,4591,A05,0,A00,A0,A0,E0,0,0,2017,1,769,649,47,168,-121,1579
34007,4591,A05,0,A00,A0,A0,E0,0,0,2017,1,605,521,49,134,-84,1861
34009,4591,A05,0,A00,A0,A0,E0,0,0,2017,1,115,110,8,13,-5,1201
34011,4591,A05,0,A00,A0,A0,E0,0,0,2017,1,140,124,14,30,-16,1242
34013,4591,A05,0,A00,A0,A0,E0,0,0,2017,1,624,542,62,144,-82,2357
34015,4591,A05,0,A00,A0,A0,E0,0,0,2017,1,617,546,52,123,-71,1732
34017,4591,A05,0,A00,A0,A0,E0,0,0,2017,1,793,653,67,207,-140,2156
34019,4591,A05,0,A00,A0,A0,E0,0,0,2017,1,144,130,6,19,-14,2109
34021,4591,A05,0,A00,A0,A0,E0,0,0,2017,1,724,650,64,138,-74,1475
34023,4591,A05,0,A00,A0,A0,E0,0,0,2017,1,1537,1338,126,325,-199,2113
34025,4591,A05,0,A00,A0,A0,E0,0,0,2017,1,1425,1216,132,340,-209,1602
34027,4591,A05,0,A00,A0,A0,E0,0,0,2017,1,1389,1265,112,236,-124,1636
34029,4591,A05,0,A00,A0,A0,E0,0,0,2017,1,826,744,93,176,-82,1316
34031,4591,A05,0,A00,A0,A0,E0,0,0,2017,1,982,803,70,249,-178,2290
34033,4591,A05,0,A00,A0,A0,E0,0,0,2017,1,3,,,,-1,1158
34035,4591,A05,0,A00,A0,A0,E0,0,0,2017,1,766,666,68,168,-100,1672
34037,4591,A05,0,A00,A0,A0,E0,0,0,2017,1,76,46,10,39,-29,1535
34039,4591,A05,0,A00,A0,A0,E0,0,0,2017,1,1421,1194,117,345,-228,2341
34041,4591,A05,0,A00,A0,A0,E0,0,0,2017,1,147,124,12,36,-23,1764
34,4591,A05,0,A00,A0,A0,E0,0,0,2017,1,15682,13584,1333,3431,-2098,1961
34001,4591,A05,0,A00,A0,A0,E0,0,0,2017,2,477,524,111,64,47,1936
34003,4591,A05,0,A00,A0,A0,E0,0,0,2017,2,1795,1752,247,290,-43,2748
34005,4591,A05,0,A00,A0,A0,E0,0,0,2017,2,649,627,98,119,-22,1792
34007,4591,A05,0,A00,A0,A0,E0,0,0,2017,2,561,555,85,91,-6,2149
34009,4591,A05,0,A00,A0,A0,E0,0,0,2017,2,110,280,194,24,170,1640
34011,4591,A05,0,A00,A0,A0,E0,0,0,2017,2,123,130,28,21,7,1413
34013,4591,A05,0,A00,A0,A0,E0,0,0,2017,2,542,501,70,111,-41,2650
34015,4591,A05,0,A00,A0,A0,E0,0,0,2017,2,546,538,75,83,-8,1875
34017,4591,A05,0,A00,A0,A0,E0,0,0,2017,2,637,619,84,102,-18,2364
34019,4591,A05,0,A00,A0,A0,E0,0,0,2017,2,130,136,18,13,6,2199
34021,4591,A05,0,A00,A0,A0,E0,0,0,2017,2,651,640,96,107,-11,1562
34023,4591,A05,0,A00,A0,A0,E0,0,0,2017,2,1350,1323,188,215,-27,2279
34025,4591,A05,0,A00,A0,A0,E0,0,0,2017,2,1216,1260,279,236,43,1746
34027,4591,A05,0,A00,A0,A0,E0,0,0,2017,2,1265,1226,199,238,-39,1674
34029,4591,A05,0,A00,A0,A0,E0,0,0,2017,2,763,871,251,143,108,1542
34031,4591,A05,0,A00,A0,A0,E0,0,0,2017,2,795,815,149,130,20,2350
34033,4591,A05,0,A00,A0,A0,E0,0,0,2017,2,,,,,,1696
34035,4591,A05,0,A00,A0,A0,E0,0,0,2017,2,656,639,109,126,-17,1863
34037,4591,A05,0,A00,A0,A0,E0,0,0,2017,2,46,47,7,7,1,2186
34039,4591,A05,0,A00,A0,A0,E0,0,0,2017,2,1142,1125,182,200,-17,2697
34041,4591,A05,0,A00,A0,A0,E0,0,0,2017,2,124,119,12,17,-5,1907
34,4591,A05,0,A00,A0,A0,E0,0,0,2017,2,13582,13729,2484,2337,148,2125
34001,4591,A05,0,A00,A0,A0,E0,0,0,2017,3,533,503,87,118,-30,1903
34003,4591,A05,0,A00,A0,A0,E0,0,0,2017,3,1735,1765,323,293,30,2965
34005,4591,A05,0,A00,A0,A0,E0,0,0,2017,3,627,625,107,109,-2,1786
34007,4591,A05,0,A00,A0,A0,E0,0,0,2017,3,574,587,117,104,13,2072
34009,4591,A05,0,A00,A0,A0,E0,0,0,2017,3,280,170,85,194,-109,1287
34011,4591,A05,0,A00,A0,A0,E0,0,0,2017,3,130,135,31,27,4,1339
34013,4591,A05,0,A00,A0,A0,E0,0,0,2017,3,501,523,134,111,23,2621
34015,4591,A05,0,A00,A0,A0,E0,0,0,2017,3,537,538,94,93,1,1948
34017,4591,A05,0,A00,A0,A0,E0,0,0,2017,3,619,658,154,115,39,2655
34019,4591,A05,0,A00,A0,A0,E0,0,0,2017,3,136,132,16,20,-4,2363
34021,4591,A05,0,A00,A0,A0,E0,0,0,2017,3,641,656,133,118,15,1688
34023,4591,A05,0,A00,A0,A0,E0,0,0,2017,3,1321,1325,263,259,4,2440
34025,4591,A05,0,A00,A0,A0,E0,0,0,2017,3,1285,1275,329,339,-10,1806
34027,4591,A05,0,A00,A0,A0,E0,0,0,2017,3,1229,1212,233,250,-17,1793
34029,4591,A05,0,A00,A0,A0,E0,0,0,2017,3,823,735,179,268,-89,1502
34031,4591,A05,0,A00,A0,A0,E0,0,0,2017,3,815,839,201,177,24,2924
34033,4591,A05,0,A00,A0,A0,E0,0,0,2017,3,,,0,0,,1770
34035,4591,A05,0,A00,A0,A0,E0,0,0,2017,3,641,658,145,127,18,1937
34037,4591,A05,0,A00,A0,A0,E0,0,0,2017,3,47,43,10,13,-3,1936
34039,4591,A05,0,A00,A0,A0,E0,0,0,2017,3,1131,1169,214,175,38,2973
34041,4591,A05,0,A00,A0,A0,E0,0,0,2017,3,119,121,24,22,2,2260
34,4591,A05,0,A00,A0,A0,E0,0,0,2017,3,13726,13671,2879,2933,-55,2238
34001,4591,A05,0,A00,A0,A0,E0,0,0,2017,4,502,576,199,125,74,1920
34003,4591,A05,0,A00,A0,A0,E0,0,0,2017,4,1765,1996,591,360,231,3018
34005,4591,A05,0,A00,A0,A0,E0,0,0,2017,4,620,694,229,155,74,1834
34007,4591,A05,0,A00,A0,A0,E0,0,0,2017,4,582,698,268,152,116,2139
34009,4591,A05,0,A00,A0,A0,E0,0,0,2017,4,170,118,15,67,-52,1298
34011,4591,A05,0,A00,A0,A0,E0,0,0,2017,4,135,161,55,29,27,1406
34013,4591,A05,0,A00,A0,A0,E0,0,0,2017,4,526,610,276,193,83,2654
34015,4591,A05,0,A00,A0,A0,E0,0,0,2017,4,542,654,258,146,112,2187
34017,4591,A05,0,A00,A0,A0,E0,0,0,2017,4,658,846,443,255,188,2564
34019,4591,A05,0,A00,A0,A0,E0,0,0,2017,4,132,137,29,23,5,2264
34021,4591,A05,0,A00,A0,A0,E0,0,0,2017,4,664,765,232,131,100,1685
34023,4591,A05,0,A00,A0,A0,E0,0,0,2017,4,1324,1509,504,320,184,2451
34025,4591,A05,0,A00,A0,A0,E0,0,0,2017,4,1258,1416,541,382,158,1801
34027,4591,A05,0,A00,A0,A0,E0,0,0,2017,4,1206,1295,321,233,88,1762
34029,4591,A05,0,A00,A0,A0,E0,0,0,2017,4,735,815,347,268,80,1692
34031,4591,A05,0,A00,A0,A0,E0,0,0,2017,4,839,1016,447,270,177,2464
34033,4591,A05,0,A00,A0,A0,E0,0,0,2017,4,,,0,,,1696
34035,4591,A05,0,A00,A0,A0,E0,0,0,2017,4,658,707,264,214,49,2007
34037,4591,A05,0,A00,A0,A0,E0,0,0,2017,4,43,70,45,18,27,2094
34039,4591,A05,0,A00,A0,A0,E0,0,0,2017,4,1185,1417,591,359,232,2847
34041,4591,A05,0,A00,A0,A0,E0,0,0,2017,4,121,145,55,31,24,2111
34,4591,A05,0,A00,A0,A0,E0,0,0,2017,4,13668,15646,5710,3732,1978,2251
34001,4591,A05,0,A00,A0,A0,E0,0,0,2018,1,578,493,35,120,-85,1631
34003,4591,A05,0,A00,A0,A0,E0,0,0,2018,1,1931,1720,187,399,-211,2702
34005,4591,A05,0,A00,A0,A0,E0,0,0,2018,1,693,622,64,134,-70,1685
34007,4591,A05,0,A00,A0,A0,E0,0,0,2018,1,691,589,58,161,-102,1682
34009,4591,A05,0,A00,A0,A0,E0,0,0,2018,1,118,114,10,14,-4,1251
34011,4591,A05,0,A00,A0,A0,E0,0,0,2018,1,161,144,14,31,-17,1174
34013,4591,A05,0,A00,A0,A0,E0,0,0,2018,1,609,536,77,150,-73,2460
34015,4591,A05,0,A00,A0,A0,E0,0,0,2018,1,629,539,50,140,-90,1758
34017,4591,A05,0,A00,A0,A0,E0,0,0,2018,1,776,632,59,204,-144,2002
34019,4591,A05,0,A00,A0,A0,E0,0,0,2018,1,137,128,13,22,-9,2189
34021,4591,A05,0,A00,A0,A0,E0,0,0,2018,1,769,654,69,185,-115,1469
34023,4591,A05,0,A00,A0,A0,E0,0,0,2018,1,1473,1305,132,301,-168,2100
34025,4591,A05,0,A00,A0,A0,E0,0,0,2018,1,1389,1191,144,342,-198,1572
34027,4591,A05,0,A00,A0,A0,E0,0,0,2018,1,1273,1163,109,219,-110,1653
34029,4591,A05,0,A00,A0,A0,E0,0,0,2018,1,812,695,98,216,-118,1332
34031,4591,A05,0,A00,A0,A0,E0,0,0,2018,1,1015,818,68,266,-198,2116
34033,4591,A05,0,A00,A0,A0,E0,0,0,2018,1,,,,0,,1917
34035,4591,A05,0,A00,A0,A0,E0,0,0,2018,1,703,621,71,153,-82,1744
34037,4591,A05,0,A00,A0,A0,E0,0,0,2018,1,70,52,11,29,-18,1701
34039,4591,A05,0,A00,A0,A0,E0,0,0,2018,1,1395,1207,123,311,-188,2424
34041,4591,A05,0,A00,A0,A0,E0,0,0,2018,1,145,113,6,38,-32,1817
34,4591,A05,0,A00,A0,A0,E0,0,0,2018,1,15371,13340,1403,3433,-2031,1954
34001,4591,A05,0,A00,A0,A0,E0,0,0,2018,2,492,496,123,118,5,1798
34003,4591,A05,0,A00,A0,A0,E0,0,0,2018,2,1714,1609,246,352,-106,2781
34005,4591,A05,0,A00,A0,A0,E0,0,0,2018,2,653,636,105,122,-17,1835
34007,4591,A05,0,A00,A0,A0,E0,0,0,2018,2,588,565,93,116,-23,1864
34009,4591,A05,0,A00,A0,A0,E0,0,0,2018,2,114,295,206,25,181,1679
34011,4591,A05,0,A00,A0,A0,E0,0,0,2018,2,144,143,26,27,-1,1389
34013,4591,A05,0,A00,A0,A0,E0,0,0,2018,2,536,469,89,157,-68,2504
34015,4591,A05,0,A00,A0,A0,E0,0,0,2018,2,538,484,73,127,-54,1888
34017,4591,A05,0,A00,A0,A0,E0,0,0,2018,2,632,526,101,207,-106,1944
34019,4591,A05,0,A00,A0,A0,E0,0,0,2018,2,128,122,17,23,-6,2125
34021,4591,A05,0,A00,A0,A0,E0,0,0,2018,2,623,570,89,142,-53,1588
34023,4591,A05,0,A00,A0,A0,E0,0,0,2018,2,1082,940,171,313,-142,2001
34025,4591,A05,0,A00,A0,A0,E0,0,0,2018,2,1194,1180,258,272,-14,1728
34027,4591,A05,0,A00,A0,A0,E0,0,0,2018,2,1165,1145,194,214,-20,1672
34029,4591,A05,0,A00,A0,A0,E0,0,0,2018,2,694,717,215,192,23,1560
34031,4591,A05,0,A00,A0,A0,E0,0,0,2018,2,817,678,139,278,-139,2043
34033,4591,A05,0,A00,A0,A0,E0,0,0,2018,2,3,29,27,,25,3800
34035,4591,A05,0,A00,A0,A0,E0,0,0,2018,2,621,607,117,131,-13,1958
34037,4591,A05,0,A00,A0,A0,E0,0,0,2018,2,52,44,11,19,-8,1891
34039,4591,A05,0,A00,A0,A0,E0,0,0,2018,2,1075,895,151,332,-181,2378
34041,4591,A05,0,A00,A0,A0,E0,0,0,2018,2,113,94,17,36,-19,1828
34,4591,A05,0,A00,A0,A0,E0,0,0,2018,2,12981,12244,2469,3205,-737,2021
34001,4591,A05,0,A00,A0,A0,E0,0,0,2018,3,461,437,94,119,-24,1766
34003,4591,A05,0,A00,A0,A0,E0,0,0,2018,3,1529,1557,323,295,28,2645
34005,4591,A05,0,A00,A0,A0,E0,0,0,2018,3,623,652,145,116,29,1793
34007,4591,A05,0,A00,A0,A0,E0,0,0,2018,3,535,531,106,109,-4,1795
34009,4591,A05,0,A00,A0,A0,E0,0,0,2018,3,295,172,86,209,-122,1409
34011,4591,A05,0,A00,A0,A0,E0,0,0,2018,3,142,138,26,31,-5,1333
34013,4591,A05,0,A00,A0,A0,E0,0,0,2018,3,434,421,135,149,-14,3094
34015,4591,A05,0,A00,A0,A0,E0,0,0,2018,3,443,440,78,81,-4,1952
34017,4591,A05,0,A00,A0,A0,E0,0,0,2018,3,450,475,112,86,25,1834
34019,4591,A05,0,A00,A0,A0,E0,0,0,2018,3,122,123,20,19,1,2323
34021,4591,A05,0,A00,A0,A0,E0,0,0,2018,3,543,518,95,121,-26,1633
34023,4591,A05,0,A00,A0,A0,E0,0,0,2018,3,848,846,193,195,-2,1826
34025,4591,A05,0,A00,A0,A0,E0,0,0,2018,3,1101,1051,246,297,-50,1608
34027,4591,A05,0,A00,A0,A0,E0,0,0,2018,3,1121,1096,254,279,-25,1563
34029,4591,A05,0,A00,A0,A0,E0,0,0,2018,3,685,621,145,208,-63,1460
34031,4591,A05,0,A00,A0,A0,E0,0,0,2018,3,588,582,145,151,-6,1659
34033,4591,A05,0,A00,A0,A0,E0,0,0,2018,3,29,24,,6,-4,737
34035,4591,A05,0,A00,A0,A0,E0,0,0,2018,3,584,592,123,115,8,1792
34037,4591,A05,0,A00,A0,A0,E0,0,0,2018,3,44,47,16,13,2,2123
34039,4591,A05,0,A00,A0,A0,E0,0,0,2018,3,772,775,178,176,2,2225
34041,4591,A05,0,A00,A0,A0,E0,0,0,2018,3,83,83,11,11,0,1591
34,4591,A05,0,A00,A0,A0,E0,0,0,2018,3,11434,11181,2532,2785,-253,1909
34001,4591,A05,0,A00,A0,A0,E0,0,0,2018,4,437,466,111,82,29,1871
34003,4591,A05,0,A00,A0,A0,E0,0,0,2018,4,1543,1740,465,268,197,2927
34005,4591,A05,0,A00,A0,A0,E0,0,0,2018,4,651,741,240,150,90,1855
34007,4591,A05,0,A00,A0,A0,E0,0,0,2018,4,532,618,201,115,86,1992
34009,4591,A05,0,A00,A0,A0,E0,0,0,2018,4,172,113,12,72,-59,1213
34011,4591,A05,0,A00,A0,A0,E0,0,0,2018,4,139,151,48,36,12,1504
34013,4591,A05,0,A00,A0,A0,E0,0,0,2018,4,426,489,174,111,63,2864
34015,4591,A05,0,A00,A0,A0,E0,0,0,2018,4,438,476,130,92,38,2217
34017,4591,A05,0,A00,A0,A0,E0,0,0,2018,4,549,640,285,193,92,2289
34019,4591,A05,0,A00,A0,A0,E0,0,0,2018,4,123,129,28,22,5,2231
34021,4591,A05,0,A00,A0,A0,E0,0,0,2018,4,519,573,159,104,55,1728
34023,4591,A05,0,A00,A0,A0,E0,0,0,2018,4,845,877,276,245,31,1965
34025,4591,A05,0,A00,A0,A0,E0,0,0,2018,4,1053,1175,389,267,122,1725
34027,4591,A05,0,A00,A0,A0,E0,0,0,2018,4,1091,1177,286,200,86,1691
34029,4591,A05,0,A00,A0,A0,E0,0,0,2018,4,620,654,231,198,33,1646
34031,4591,A05,0,A00,A0,A0,E0,0,0,2018,4,581,686,267,161,106,1723
34033,4591,A05,0,A00,A0,A0,E0,0,0,2018,4,24,24,0,0,0,845
34035,4591,A05,0,A00,A0,A0,E0,0,0,2018,4,593,658,212,147,65,1981
34037,4591,A05,0,A00,A0,A0,E0,0,0,2018,4,47,73,50,24,26,2165
34039,4591,A05,0,A00,A0,A0,E0,0,0,2018,4,706,796,252,161,90,2313
34041,4591,A05,0,A00,A0,A0,E0,0,0,2018,4,83,94,28,17,12,1678
34,4591,A05,0,A00,A0,A0,E0,0,0,2018,4,11173,12354,3845,2664,1181,2067
34001,4591,A05,0,A00,A0,A0,E0,0,0,2019,1,466,435,36,66,-30,1774
34003,4591,A05,0,A00,A0,A0,E0,0,0,2019,1,1721,1501,168,388,-220,2525
34005,4591,A05,0,A00,A0,A0,E0,0,0,2019,1,753,669,77,162,-84,1549
34007,4591,A05,0,A00,A0,A0,E0,0,0,2019,1,621,542,47,126,-79,1632
34009,4591,A05,0,A00,A0,A0,E0,0,0,2019,1,113,112,11,12,-1,1298
34011,4591,A05,0,A00,A0,A0,E0,0,0,2019,1,150,131,12,31,-19,1188
34013,4591,A05,0,A00,A0,A0,E0,0,0,2019,1,489,427,64,126,-62,2608
34015,4591,A05,0,A00,A0,A0,E0,0,0,2019,1,452,401,35,85,-50,1779
34017,4591,A05,0,A00,A0,A0,E0,0,0,2019,1,633,492,58,200,-142,1566
34019,4591,A05,0,A00,A0,A0,E0,0,0,2019,1,129,120,8,17,-9,2304
34021,4591,A05,0,A00,A0,A0,E0,0,0,2019,1,581,516,50,115,-65,1604
34023,4591,A05,0,A00,A0,A0,E0,0,0,2019,1,861,732,75,204,-129,1678
34025,4591,A05,0,A00,A0,A0,E0,0,0,2019,1,1171,1041,113,243,-130,1455
34027,4591,A05,0,A00,A0,A0,E0,0,0,2019,1,1169,1059,112,222,-110,1551
34029,4591,A05,0,A00,A0,A0,E0,0,0,2019,1,655,581,68,143,-75,1317
34031,4591,A05,0,A00,A0,A0,E0,0,0,2019,1,688,549,52,191,-139,1383
34033,4591,A05,0,A00,A0,A0,E0,0,0,2019,1,24,21,,6,-3,978
34035,4591,A05,0,A00,A0,A0,E0,0,0,2019,1,679,591,53,142,-88,1614
34037,4591,A05,0,A00,A0,A0,E0,0,0,2019,1,73,61,12,24,-12,1661
34039,4591,A05,0,A00,A0,A0,E0,0,0,2019,1,804,730,106,179,-73,1858
34041,4591,A05,0,A00,A0,A0,E0,0,0,2019,1,94,85,6,16,-10,1392
34,4591,A05,0,A00,A0,A0,E0,0,0,2019,1,12327,10796,1165,2697,-1532,1757
34001,4591,A05,0,A00,A0,A0,E0,0,0,2019,2,436,483,119,72,47,1956
34003,4591,A05,0,A00,A0,A0,E0,0,0,2019,2,1504,1478,215,241,-25,2681
34005,4591,A05,0,A00,A0,A0,E0,0,0,2019,2,665,663,117,119,-2,1901
34007,4591,A05,0,A00,A0,A0,E0,0,0,2019,2,541,488,85,138,-53,1884
34009,4591,A05,0,A00,A0,A0,E0,0,0,2019,2,113,284,193,21,171,1702
34011,4591,A05,0,A00,A0,A0,E0,0,0,2019,2,131,138,34,27,7,1376
34013,4591,A05,0,A00,A0,A0,E0,0,0,2019,2,427,420,71,78,-7,2841
34015,4591,A05,0,A00,A0,A0,E0,0,0,2019,2,401,396,66,71,-5,1994
34017,4591,A05,0,A00,A0,A0,E0,0,0,2019,2,454,439,61,76,-15,1876
34019,4591,A05,0,A00,A0,A0,E0,0,0,2019,2,120,121,16,15,1,2340
34021,4591,A05,0,A00,A0,A0,E0,0,0,2019,2,516,514,81,83,-2,1821
34023,4591,A05,0,A00,A0,A0,E0,0,0,2019,2,732,726,124,130,-6,2051
34025,4591,A05,0,A00,A0,A0,E0,0,0,2019,2,1040,1070,266,236,30,1691
34027,4591,A05,0,A00,A0,A0,E0,0,0,2019,2,1057,1085,187,160,27,1813
34029,4591,A05,0,A00,A0,A0,E0,0,0,2019,2,580,646,195,129,66,1670
34031,4591,A05,0,A00,A0,A0,E0,0,0,2019,2,547,578,138,108,30,1702
34033,4591,A05,0,A00,A0,A0,E0,0,0,2019,2,21,20,0,,-1,831
34035,4591,A05,0,A00,A0,A0,E0,0,0,2019,2,540,547,107,100,7,1808
34037,4591,A05,0,A00,A0,A0,E0,0,0,2019,2,114,112,27,28,-1,2409
34039,4591,A05,0,A00,A0,A0,E0,0,0,2019,2,719,700,111,130,-19,2079
34041,4591,A05,0,A00,A0,A0,E0,0,0,2019,2,86,83,11,13,-3,1571
34,4591,A05,0,A00,A0,A0,E0,0,0,2019,2,10743,10991,2224,1976,248,2013
34001,4591,A05,0,A00,A0,A0,E0,0,0,2019,3,480,451,99,128,-29,1907
34003,4591,A05,0,A00,A0,A0,E0,0,0,2019,3,1472,1487,299,284,15,2653
34005,4591,A05,0,A00,A0,A0,E0,0,0,2019,3,657,674,140,122,18,1811
34007,4591,A05,0,A00,A0,A0,E0,0,0,2019,3,486,478,95,102,-8,1876
34009,4591,A05,0,A00,A0,A0,E0,0,0,2019,3,284,166,84,202,-118,1842
34011,4591,A05,0,A00,A0,A0,E0,0,0,2019,3,137,146,33,24,9,1402
34013,4591,A05,0,A00,A0,A0,E0,0,0,2019,3,420,426,87,81,6,2739
34015,4591,A05,0,A00,A0,A0,E0,0,0,2019,3,434,428,72,79,-6,2000
34017,4591,A05,0,A00,A0,A0,E0,0,0,2019,3,439,434,83,88,-5,1754
34019,4591,A05,0,A00,A0,A0,E0,0,0,2019,3,121,115,16,22,-5,2417
34021,4591,A05,0,A00,A0,A0,E0,0,0,2019,3,513,512,122,123,-1,1845
34023,4591,A05,0,A00,A0,A0,E0,0,0,2019,3,720,737,172,155,17,1829
34025,4591,A05,0,A00,A0,A0,E0,0,0,2019,3,1067,1023,245,288,-44,1649
34027,4591,A05,0,A00,A0,A0,E0,0,0,2019,3,1064,1046,227,245,-18,1803
34029,4591,A05,0,A00,A0,A0,E0,0,0,2019,3,636,601,181,216,-35,1592
34031,4591,A05,0,A00,A0,A0,E0,0,0,2019,3,575,581,153,146,6,1747
34033,4591,A05,0,A00,A0,A0,E0,0,0,2019,3,20,17,7,10,-3,776
34035,4591,A05,0,A00,A0,A0,E0,0,0,2019,3,551,571,144,124,20,1718
34037,4591,A05,0,A00,A0,A0,E0,0,0,2019,3,112,111,16,17,-1,1981
34039,4591,A05,0,A00,A0,A0,E0,0,0,2019,3,699,693,154,160,-6,2090
34041,4591,A05,0,A00,A0,A0,E0,0,0,2019,3,83,86,14,11,3,1637
34,4591,A05,0,A00,A0,A0,E0,0,0,2019,3,10969,10783,2442,2628,-186,1959
34001,4591,A05,0,A00,A0,A0,E0,0,0,2019,4,450,481,121,90,31,1897
34003,4591,A05,0,A00,A0,A0,E0,0,0,2019,4,1483,1646,457,294,163,2835
34005,4591,A05,0,A00,A0,A0,E0,0,0,2019,4,675,723,203,155,48,1959
34007,4591,A05,0,A00,A0,A0,E0,0,0,2019,4,480,574,221,127,94,2141
34009,4591,A05,0,A00,A0,A0,E0,0,0,2019,4,178,123,12,66,-54,1423
34011,4591,A05,0,A00,A0,A0,E0,0,0,2019,4,145,156,50,40,11,1401
34013,4591,A05,0,A00,A0,A0,E0,0,0,2019,4,426,501,172,98,75,2909
34015,4591,A05,0,A00,A0,A0,E0,0,0,2019,4,428,467,119,80,39,2459
34017,4591,A05,0,A00,A0,A0,E0,0,0,2019,4,438,488,171,121,50,1983
34019,4591,A05,0,A00,A0,A0,E0,0,0,2019,4,115,118,19,17,2,2445
34021,4591,A05,0,A00,A0,A0,E0,0,0,2019,4,512,571,162,104,58,1933
34023,4591,A05,0,A00,A0,A0,E0,0,0,2019,4,736,808,260,189,72,1959
34025,4591,A05,0,A00,A0,A0,E0,0,0,2019,4,1022,1125,359,256,103,1820
34027,4591,A05,0,A00,A0,A0,E0,0,0,2019,4,1047,1142,284,189,95,1856
34029,4591,A05,0,A00,A0,A0,E0,0,0,2019,4,603,650,228,181,47,1796
34031,4591,A05,0,A00,A0,A0,E0,0,0,2019,4,581,669,254,167,87,1902
34033,4591,A05,0,A00,A0,A0,E0,0,0,2019,4,,,,,,973
34035,4591,A05,0,A00,A0,A0,E0,0,0,2019,4,571,612,209,168,41,1895
34037,4591,A05,0,A00,A0,A0,E0,0,0,2019,4,111,138,56,29,27,2521
34039,4591,A05,0,A00,A0,A0,E0,0,0,2019,4,688,770,233,151,82,2216
34041,4591,A05,0,A00,A0,A0,E0,0,0,2019,4,86,90,23,19,4,1707
34,4591,A05,0,A00,A0,A0,E0,0,0,2019,4,10793,11865,3616,2544,1072,2114
34001,4591,A05,0,A00,A0,A0,E0,0,0,2020,1,481,400,32,113,-81,1808
34003,4591,A05,0,A00,A0,A0,E0,0,0,2020,1,1637,1277,193,553,-360,2564
34005,4591,A05,0,A00,A0,A0,E0,0,0,2020,1,722,537,77,263,-186,1780
34007,4591,A05,0,A00,A0,A0,E0,0,0,2020,1,581,393,52,240,-188,1742
34009,4591,A05,0,A00,A0,A0,E0,0,0,2020,1,134,102,12,44,-32,1449
34011,4591,A05,0,A00,A0,A0,E0,0,0,2020,1,155,128,14,41,-27,1225
34013,4591,A05,0,A00,A0,A0,E0,0,0,2020,1,501,313,69,257,-188,2799
34015,4591,A05,0,A00,A0,A0,E0,0,0,2020,1,458,346,44,156,-112,1910
34017,4591,A05,0,A00,A0,A0,E0,0,0,2020,1,488,301,39,226,-187,1583
34019,4591,A05,0,A00,A0,A0,E0,0,0,2020,1,118,102,6,21,-15,2426
34021,4591,A05,0,A00,A0,A0,E0,0,0,2020,1,569,455,62,177,-114,1743
34023,4591,A05,0,A00,A0,A0,E0,0,0,2020,1,829,662,86,253,-167,1741
34025,4591,A05,0,A00,A0,A0,E0,0,0,2020,1,1125,870,149,405,-255,1527
34027,4591,A05,0,A00,A0,A0,E0,0,0,2020,1,1155,971,163,348,-184,1775
34029,4591,A05,0,A00,A0,A0,E0,0,0,2020,1,660,521,100,239,-140,1436
34031,4591,A05,0,A00,A0,A0,E0,0,0,2020,1,669,473,70,266,-196,1501
34033,4591,A05,0,A00,A0,A0,E0,0,0,2020,1,,0,,,,960
34035,4591,A05,0,A00,A0,A0,E0,0,0,2020,1,613,450,61,223,-162,1672
34037,4591,A05,0,A00,A0,A0,E0,0,0,2020,1,138,81,17,74,-57,2120
34039,4591,A05,0,A00,A0,A0,E0,0,0,2020,1,797,511,84,370,-287,1800
34041,4591,A05,0,A00,A0,A0,E0,0,0,2020,1,90,74,8,24,-16,1464
34,4591,A05,0,A00,A0,A0,E0,0,0,2020,1,11936,8967,1340,4309,-2969,1858
34001,4591,A05,0,A00,A0,A0,E0,0,0,2020,2,394,383,64,76,-12,1661
34003,4591,A05,0,A00,A0,A0,E0,0,0,2020,2,1318,1206,169,281,-112,2485
34005,4591,A05,0,A00,A0,A0,E0,0,0,2020,2,526,477,48,97,-49,1359
34007,4591,A05,0,A00,A0,A0,E0,0,0,2020,2,491,351,35,176,-141,1812
34009,4591,A05,0,A00,A0,A0,E0,0,0,2020,2,102,228,144,18,126,1409
34011,4591,A05,0,A00,A0,A0,E0,0,0,2020,2,127,117,4,15,-11,837
34013,4591,A05,0,A00,A0,A0,E0,0,0,2020,2,296,271,42,67,-25,2901
34015,4591,A05,0,A00,A0,A0,E0,0,0,2020,2,327,280,15,62,-47,1566
34017,4591,A05,0,A00,A0,A0,E0,0,0,2020,2,293,283,26,36,-10,1467
34019,4591,A05,0,A00,A0,A0,E0,0,0,2020,2,106,116,30,20,10,2349
34021,4591,A05,0,A00,A0,A0,E0,0,0,2020,2,470,393,26,102,-76,1546
34023,4591,A05,0,A00,A0,A0,E0,0,0,2020,2,638,559,38,117,-79,1598
34025,4591,A05,0,A00,A0,A0,E0,0,0,2020,2,923,791,99,231,-132,1212
34027,4591,A05,0,A00,A0,A0,E0,0,0,2020,2,967,938,125,154,-29,1653
34029,4591,A05,0,A00,A0,A0,E0,0,0,2020,2,527,540,143,130,13,1398
34031,4591,A05,0,A00,A0,A0,E0,0,0,2020,2,464,418,49,95,-46,1128
34033,4591,A05,0,A00,A0,A0,E0,0,0,2020,2,0,,,0,,
34035,4591,A05,0,A00,A0,A0,E0,0,0,2020,2,452,387,24,89,-65,1275
34037,4591,A05,0,A00,A0,A0,E0,0,0,2020,2,99,74,10,35,-25,2551
34039,4591,A05,0,A00,A0,A0,E0,0,0,2020,2,501,458,27,70,-43,1742
34041,4591,A05,0,A00,A0,A0,E0,0,0,2020,2,74,56,,20,-18,795
34,4591,A05,0,A00,A0,A0,E0,0,0,2020,2,9097,8327,1122,1892,-770,1690
34001,4591,A05,0,A00,A0,A0,E0,0,0,2020,3,383,418,169,134,36,2323
34003,4591,A05,0,A00,A0,A0,E0,0,0,2020,3,1206,1313,367,260,107,3121
34005,4591,A05,0,A00,A0,A0,E0,0,0,2020,3,477,595,211,93,118,1905
34007,4591,A05,0,A00,A0,A0,E0,0,0,2020,3,354,434,170,90,80,2263
34009,4591,A05,0,A00,A0,A0,E0,0,0,2020,3,228,196,140,172,-32,1889
34011,4591,A05,0,A00,A0,A0,E0,0,0,2020,3,118,137,45,26,19,1516
34013,4591,A05,0,A00,A0,A0,E0,0,0,2020,3,271,320,115,66,50,4033
34015,4591,A05,0,A00,A0,A0,E0,0,0,2020,3,279,352,124,51,73,2190
34017,4591,A05,0,A00,A0,A0,E0,0,0,2020,3,278,340,107,45,62,2128
34019,4591,A05,0,A00,A0,A0,E0,0,0,2020,3,116,126,25,15,10,2658
34021,4591,A05,0,A00,A0,A0,E0,0,0,2020,3,391,436,140,95,45,2245
34023,4591,A05,0,A00,A0,A0,E0,0,0,2020,3,566,662,221,125,96,2198
34025,4591,A05,0,A00,A0,A0,E0,0,0,2020,3,790,900,328,218,110,1936
34027,4591,A05,0,A00,A0,A0,E0,0,0,2020,3,932,1111,376,197,179,2183
34029,4591,A05,0,A00,A0,A0,E0,0,0,2020,3,543,628,274,189,85,1907
34031,4591,A05,0,A00,A0,A0,E0,0,0,2020,3,420,468,197,150,47,1981
34033,4591,A05,0,A00,A0,A0,E0,0,0,2020,3,,,,0,,544
34035,4591,A05,0,A00,A0,A0,E0,0,0,2020,3,387,378,133,143,-10,2033
34037,4591,A05,0,A00,A0,A0,E0,0,0,2020,3,74,104,36,6,30,3667
34039,4591,A05,0,A00,A0,A0,E0,0,0,2020,3,457,611,269,115,154,2589
34041,4591,A05,0,A00,A0,A0,E0,0,0,2020,3,56,71,23,9,15,1940
34,4591,A05,0,A00,A0,A0,E0,0,0,2020,3,8326,9602,3472,2196,1276,2345
34001,4591,A05,0,A00,A0,A0,E0,0,0,2020,4,419,488,140,70,70,2327
34003,4591,A05,0,A00,A0,A0,E0,0,0,2020,4,1317,1545,463,234,229,3378
34005,4591,A05,0,A00,A0,A0,E0,0,0,2020,4,596,658,206,144,62,2126
34007,4591,A05,0,A00,A0,A0,E0,0,0,2020,4,429,525,183,88,96,2490
34009,4591,A05,0,A00,A0,A0,E0,0,0,2020,4,196,133,19,83,-64,1481
34011,4591,A05,0,A00,A0,A0,E0,0,0,2020,4,136,158,53,31,22,1615
34013,4591,A05,0,A00,A0,A0,E0,0,0,2020,4,321,401,145,65,80,4020
34015,4591,A05,0,A00,A0,A0,E0,0,0,2020,4,352,394,107,66,42,2503
34017,4591,A05,0,A00,A0,A0,E0,0,0,2020,4,340,354,85,72,13,2418
34019,4591,A05,0,A00,A0,A0,E0,0,0,2020,4,126,136,30,20,10,2681
34021,4591,A05,0,A00,A0,A0,E0,0,0,2020,4,437,510,162,89,73,2345
34023,4591,A05,0,A00,A0,A0,E0,0,0,2020,4,661,766,250,146,105,2380
34025,4591,A05,0,A00,A0,A0,E0,0,0,2020,4,901,1045,359,215,144,2148
34027,4591,A05,0,A00,A0,A0,E0,0,0,2020,4,1113,1250,342,205,137,2429
34029,4591,A05,0,A00,A0,A0,E0,0,0,2020,4,627,686,248,189,59,2382
34031,4591,A05,0,A00,A0,A0,E0,0,0,2020,4,465,541,201,125,76,2231
34033,4591,A05,0,A00,A0,A0,E0,0,0,2020,4,,,0,,,292
34035,4591,A05,0,A00,A0,A0,E0,0,0,2020,4,379,441,142,80,62,2659
34037,4591,A05,0,A00,A0,A0,E0,0,0,2020,4,104,113,42,33,9,5049
34039,4591,A05,0,A00,A0,A0,E0,0,0,2020,4,615,706,210,120,91,2404
34041,4591,A05,0,A00,A0,A0,E0,0,0,2020,4,71,81,32,22,11,1939
34,4591,A05,0,A00,A0,A0,E0,0,0,2020,4,9606,10931,3422,2097,1325,2562
34001,4591,A05,0,A00,A0,A0,E0,0,0,2021,1,468,441,54,80,-27,1953
34003,4591,A05,0,A00,A0,A0,E0,0,0,2021,1,1558,1513,207,252,-45,3153
34005,4591,A05,0,A00,A0,A0,E0,0,0,2021,1,659,620,69,107,-39,1664
34007,4591,A05,0,A00,A0,A0,E0,0,0,2021,1,525,502,77,100,-23,2143
34009,4591,A05,0,A00,A0,A0,E0,0,0,2021,1,133,138,19,14,5,1686
34011,4591,A05,0,A00,A0,A0,E0,0,0,2021,1,159,147,16,27,-11,1266
34013,4591,A05,0,A00,A0,A0,E0,0,0,2021,1,401,416,76,61,15,4346
34015,4591,A05,0,A00,A0,A0,E0,0,0,2021,1,407,377,43,74,-30,1733
34017,4591,A05,0,A00,A0,A0,E0,0,0,2021,1,354,336,38,56,-17,1990
34019,4591,A05,0,A00,A0,A0,E0,0,0,2021,1,141,142,17,16,1,2493
34021,4591,A05,0,A00,A0,A0,E0,0,0,2021,1,510,479,47,78,-31,1882
34023,4591,A05,0,A00,A0,A0,E0,0,0,2021,1,759,689,88,158,-70,1893
34025,4591,A05,0,A00,A0,A0,E0,0,0,2021,1,1029,928,121,222,-100,1528
34027,4591,A05,0,A00,A0,A0,E0,0,0,2021,1,1239,1196,165,208,-43,1940
34029,4591,A05,0,A00,A0,A0,E0,0,0,2021,1,675,639,119,155,-36,1654
34031,4591,A05,0,A00,A0,A0,E0,0,0,2021,1,541,502,87,126,-40,1721
34033,4591,A05,0,A00,A0,A0,E0,0,0,2021,1,,,0,0,,337
34035,4591,A05,0,A00,A0,A0,E0,0,0,2021,1,434,398,42,78,-36,2069
34037,4591,A05,0,A00,A0,A0,E0,0,0,2021,1,113,97,12,29,-16,2868
34039,4591,A05,0,A00,A0,A0,E0,0,0,2021,1,703,705,136,135,1,1992
34041,4591,A05,0,A00,A0,A0,E0,0,0,2021,1,81,87,18,13,6,1660
34,4591,A05,0,A00,A0,A0,E0,0,0,2021,1,10890,10355,1452,1987,-535,2138
34001,4591,A05,0,A00,A0,A0,E0,0,0,2021,2,443,502,138,79,59,2454
34003,4591,A05,0,A00,A0,A0,E0,0,0,2021,2,1527,1583,293,238,55,3792
34005,4591,A05,0,A00,A0,A0,E0,0,0,2021,2,617,621,141,137,4,2185
34007,4591,A05,0,A00,A0,A0,E0,0,0,2021,2,492,485,95,102,-7,2767
34009,4591,A05,0,A00,A0,A0,E0,0,0,2021,2,138,287,178,29,149,1744
34011,4591,A05,0,A00,A0,A0,E0,0,0,2021,2,146,150,32,29,3,1498
34013,4591,A05,0,A00,A0,A0,E0,0,0,2021,2,384,414,83,53,31,4632
34015,4591,A05,0,A00,A0,A0,E0,0,0,2021,2,374,385,93,83,10,2120
34017,4591,A05,0,A00,A0,A0,E0,0,0,2021,2,336,329,48,55,-7,2327
34019,4591,A05,0,A00,A0,A0,E0,0,0,2021,2,142,160,42,24,18,2735
34021,4591,A05,0,A00,A0,A0,E0,0,0,2021,2,482,479,93,96,-3,2352
34023,4591,A05,0,A00,A0,A0,E0,0,0,2021,2,690,720,185,155,30,2650
34025,4591,A05,0,A00,A0,A0,E0,0,0,2021,2,928,964,252,216,36,1920
34027,4591,A05,0,A00,A0,A0,E0,0,0,2021,2,1228,1286,279,220,58,2336
34029,4591,A05,0,A00,A0,A0,E0,0,0,2021,2,637,688,223,173,51,2022
34031,4591,A05,0,A00,A0,A0,E0,0,0,2021,2,503,533,138,108,30,2139
34033,4591,A05,0,A00,A0,A0,E0,0,0,2021,2,,,,0,,430
34035,4591,A05,0,A00,A0,A0,E0,0,0,2021,2,399,422,105,81,23,2501
34037,4591,A05,0,A00,A0,A0,E0,0,0,2021,2,97,116,31,12,19,3523
34039,4591,A05,0,A00,A0,A0,E0,0,0,2021,2,711,715,141,138,3,2268
34041,4591,A05,0,A00,A0,A0,E0,0,0,2021,2,87,80,10,17,-7,1763
34,4591,A05,0,A00,A0,A0,E0,0,0,2021,2,10363,10921,2602,2044,557,2607
34001,4591,A05,0,A00,A0,A0,E0,0,0,2021,3,505,468,129,165,-37,2343
34003,4591,A05,0,A00,A0,A0,E0,0,0,2021,3,1579,1607,342,314,28,3819
34005,4591,A05,0,A00,A0,A0,E0,0,0,2021,3,623,610,129,142,-12,1935
34007,4591,A05,0,A00,A0,A0,E0,0,0,2021,3,480,498,154,136,18,2880
34009,4591,A05,0,A00,A0,A0,E0,0,0,2021,3,287,201,100,186,-86,2050
34011,4591,A05,0,A00,A0,A0,E0,0,0,2021,3,149,151,38,36,2,1406
34013,4591,A05,0,A00,A0,A0,E0,0,0,2021,3,414,421,81,74,7,5390
34015,4591,A05,0,A00,A0,A0,E0,0,0,2021,3,385,399,103,90,13,1977
34017,4591,A05,0,A00,A0,A0,E0,0,0,2021,3,329,338,72,63,9,2407
34019,4591,A05,0,A00,A0,A0,E0,0,0,2021,3,160,147,30,43,-13,2417
34021,4591,A05,0,A00,A0,A0,E0,0,0,2021,3,476,471,119,123,-4,2061
34023,4591,A05,0,A00,A0,A0,E0,0,0,2021,3,716,725,197,187,9,2159
34025,4591,A05,0,A00,A0,A0,E0,0,0,2021,3,963,945,259,277,-18,1794
34027,4591,A05,0,A00,A0,A0,E0,0,0,2021,3,1291,1231,259,319,-60,2101
34029,4591,A05,0,A00,A0,A0,E0,0,0,2021,3,689,649,209,249,-40,1847
34031,4591,A05,0,A00,A0,A0,E0,0,0,2021,3,531,555,170,147,24,1878
34033,4591,A05,0,A00,A0,A0,E0,0,0,2021,3,,,0,,,303
34035,4591,A05,0,A00,A0,A0,E0,0,0,2021,3,422,422,104,105,0,2472
34037,4591,A05,0,A00,A0,A0,E0,0,0,2021,3,116,120,14,10,4,2409
34039,4591,A05,0,A00,A0,A0,E0,0,0,2021,3,709,724,180,164,16,2130
34041,4591,A05,0,A00,A0,A0,E0,0,0,2021,3,80,82,16,14,3,1973
34,4591,A05,0,A00,A0,A0,E0,0,0,2021,3,10906,10768,2706,2844,-138,2492
34001,4591,A05,0,A00,A0,A0,E0,0,0,2021,4,469,492,147,124,23,2619
34003,4591,A05,0,A00,A0,A0,E0,0,0,2021,4,1608,1768,461,301,160,4448
34005,4591,A05,0,A00,A0,A0,E0,0,0,2021,4,609,685,204,127,77,2375
34007,4591,A05,0,A00,A0,A0,E0,0,0,2021,4,492,598,214,108,106,3343
34009,4591,A05,0,A00,A0,A0,E0,0,0,2021,4,201,154,28,75,-47,1821
34011,4591,A05,0,A00,A0,A0,E0,0,0,2021,4,153,167,54,39,15,1685
34013,4591,A05,0,A00,A0,A0,E0,0,0,2021,4,421,467,130,84,46,6081
34015,4591,A05,0,A00,A0,A0,E0,0,0,2021,4,417,462,135,90,45,2599
34017,4591,A05,0,A00,A0,A0,E0,0,0,2021,4,338,388,130,81,49,2811
34019,4591,A05,0,A00,A0,A0,E0,0,0,2021,4,147,167,42,22,20,2608
34021,4591,A05,0,A00,A0,A0,E0,0,0,2021,4,473,525,160,108,52,2463
34023,4591,A05,0,A00,A0,A0,E0,0,0,2021,4,728,791,241,178,64,2560
34025,4591,A05,0,A00,A0,A0,E0,0,0,2021,4,945,1051,346,240,106,2280
34027,4591,A05,0,A00,A0,A0,E0,0,0,2021,4,1213,1294,332,251,81,2435
34029,4591,A05,0,A00,A0,A0,E0,0,0,2021,4,648,673,194,168,25,2176
34031,4591,A05,0,A00,A0,A0,E0,0,0,2021,4,556,636,263,182,80,2281
34033,4591,A05,0,A00,A0,A0,E0,0,0,2021,4,,,0,0,,335
34035,4591,A05,0,A00,A0,A0,E0,0,0,2021,4,422,455,139,105,34,2896
34037,4591,A05,0,A00,A0,A0,E0,0,0,2021,4,120,124,40,36,4,4288
34039,4591,A05,0,A00,A0,A0,E0,0,0,2021,4,729,825,257,161,96,2479
34041,4591,A05,0,A00,A0,A0,E0,0,0,2021,4,82,80,32,34,-3,2168
34,4591,A05,0,A00,A0,A0,E0,0,0,2021,4,10772,11805,3550,2516,1034,2956
34001,4591,A05,0,A00,A0,A0,E0,0,0,2022,1,433,383,51,101,-50,1938
34003,4591,A05,0,A00,A0,A0,E0,0,0,2022,1,1754,1636,197,315,-118,4032
34005,4591,A05,0,A00,A0,A0,E0,0,0,2022,1,669,613,69,125,-56,2005
34007,4591,A05,0,A00,A0,A0,E0,0,0,2022,1,611,552,71,130,-59,2810
34009,4591,A05,0,A00,A0,A0,E0,0,0,2022,1,241,233,17,25,-8,2004
34011,4591,A05,0,A00,A0,A0,E0,0,0,2022,1,185,172,17,31,-14,1409
34013,4591,A05,0,A00,A0,A0,E0,0,0,2022,1,474,444,57,86,-30,6140
34015,4591,A05,0,A00,A0,A0,E0,0,0,2022,1,478,469,68,76,-8,1905
34017,4591,A05,0,A00,A0,A0,E0,0,0,2022,1,387,372,46,61,-15,2354
34019,4591,A05,0,A00,A0,A0,E0,0,0,2022,1,167,161,19,25,-6,2330
34021,4591,A05,0,A00,A0,A0,E0,0,0,2022,1,522,491,58,89,-31,2186
34023,4591,A05,0,A00,A0,A0,E0,0,0,2022,1,774,730,96,141,-45,2234
34025,4591,A05,0,A00,A0,A0,E0,0,0,2022,1,1051,973,127,205,-78,1811
34027,4591,A05,0,A00,A0,A0,E0,0,0,2022,1,1277,1251,164,189,-26,2168
34029,4591,A05,0,A00,A0,A0,E0,0,0,2022,1,611,613,114,112,2,1962
34031,4591,A05,0,A00,A0,A0,E0,0,0,2022,1,634,546,70,158,-88,1858
34033,4591,A05,0,A00,A0,A0,E0,0,0,2022,1,,,0,0,,266
34035,4591,A05,0,A00,A0,A0,E0,0,0,2022,1,460,410,35,85,-50,2127
34037,4591,A05,0,A00,A0,A0,E0,0,0,2022,1,124,117,19,27,-8,3022
34039,4591,A05,0,A00,A0,A0,E0,0,0,2022,1,807,757,99,149,-50,2041
34041,4591,A05,0,A00,A0,A0,E0,0,0,2022,1,72,63,3,12,-9,1854
34,4591,A05,0,A00,A0,A0,E0,0,0,2022,1,11733,10986,1396,2143,-746,2569
34001,4591,A05,0,A00,A0,A0,E0,0,0,2022,2,379,397,100,82,17,2130
34003,4591,A05,0,A00,A0,A0,E0,0,0,2022,2,1639,1510,239,368,-129,3916
34005,4591,A05,0,A00,A0,A0,E0,0,0,2022,2,596,535,94,154,-60,2240
34007,4591,A05,0,A00,A0,A0,E0,0,0,2022,2,569,531,95,132,-38,2837
34009,4591,A05,0,A00,A0,A0,E0,0,0,2022,2,235,420,217,32,185,2573
34011,4591,A05,0,A00,A0,A0,E0,0,0,2022,2,172,181,47,38,9,2021
34013,4591,A05,0,A00,A0,A0,E0,0,0,2022,2,446,387,67,126,-59,4820
34015,4591,A05,0,A00,A0,A0,E0,0,0,2022,2,471,455,77,93,-16,2094
34017,4591,A05,0,A00,A0,A0,E0,0,0,2022,2,371,354,54,71,-17,2542
34019,4591,A05,0,A00,A0,A0,E0,0,0,2022,2,161,169,38,30,8,2942
34021,4591,A05,0,A00,A0,A0,E0,0,0,2022,2,492,472,103,123,-20,2687
34023,4591,A05,0,A00,A0,A0,E0,0,0,2022,2,713,681,158,190,-32,3058
34025,4591,A05,0,A00,A0,A0,E0,0,0,2022,2,972,960,230,242,-12,2144
34027,4591,A05,0,A00,A0,A0,E0,0,0,2022,2,1280,1228,264,315,-52,2341
34029,4591,A05,0,A00,A0,A0,E0,0,0,2022,2,614,638,194,169,25,2107
34031,4591,A05,0,A00,A0,A0,E0,0,0,2022,2,546,529,154,171,-17,2208
34033,4591,A05,0,A00,A0,A0,E0,0,0,2022,2,,,,,,260
34035,4591,A05,0,A00,A0,A0,E0,0,0,2022,2,412,402,85,95,-10,2690
34037,4591,A05,0,A00,A0,A0,E0,0,0,2022,2,117,143,54,28,26,3171
34039,4591,A05,0,A00,A0,A0,E0,0,0,2022,2,757,760,155,153,2,2388
34041,4591,A05,0,A00,A0,A0,E0,0,0,2022,2,63,61,11,14,-3,1902
34,4591,A05,0,A00,A0,A0,E0,0,0,2022,2,11005,10814,2437,2628,-191,2756
34001,4591,A05,0,A00,A0,A0,E0,0,0,2022,3,397,385,138,149,-12,2188
34003,4591,A05,0,A00,A0,A0,E0,0,0,2022,3,1487,1427,283,344,-60,3413
34005,4591,A05,0,A00,A0,A0,E0,0,0,2022,3,534,547,108,96,12,2305
34007,4591,A05,0,A00,A0,A0,E0,0,0,2022,3,539,562,161,138,23,2507
34009,4591,A05,0,A00,A0,A0,E0,0,0,2022,3,420,271,95,243,-149,2316
34011,4591,A05,0,A00,A0,A0,E0,0,0,2022,3,210,208,55,58,-3,2273
34013,4591,A05,0,A00,A0,A0,E0,0,0,2022,3,387,334,56,109,-53,4090
34015,4591,A05,0,A00,A0,A0,E0,0,0,2022,3,455,463,96,88,8,2129
34017,4591,A05,0,A00,A0,A0,E0,0,0,2022,3,354,358,53,49,4,2480
34019,4591,A05,0,A00,A0,A0,E0,0,0,2022,3,169,151,31,49,-18,2735
34021,4591,A05,0,A00,A0,A0,E0,0,0,2022,3,469,467,111,112,-2,2381
34023,4591,A05,0,A00,A0,A0,E0,0,0,2022,3,674,667,160,168,-7,2475
34025,4591,A05,0,A00,A0,A0,E0,0,0,2022,3,962,957,255,260,-5,2149
34027,4591,A05,0,A00,A0,A0,E0,0,0,2022,3,1243,1204,211,251,-40,2347
34029,4591,A05,0,A00,A0,A0,E0,0,0,2022,3,602,603,171,171,0,2066
34031,4591,A05,0,A00,A0,A0,E0,0,0,2022,3,528,539,138,126,11,2078
34033,4591,A05,0,A00,A0,A0,E0,0,0,2022,3,,,0,0,,468
34035,4591,A05,0,A00,A0,A0,E0,0,0,2022,3,401,422,117,95,21,2380
34037,4591,A05,0,A00,A0,A0,E0,0,0,2022,3,127,128,16,15,1,2911
34039,4591,A05,0,A00,A0,A0,E0,0,0,2022,3,754,759,163,158,5,2380
34041,4591,A05,0,A00,A0,A0,E0,0,0,2022,3,61,62,10,9,1,1842
34,4591,A05,0,A00,A0,A0,E0,0,0,2022,3,10777,10516,2428,2689,-260,2534
34001,4591,A05,0,A00,A0,A0,E0,0,0,2022,4,387,408,109,87,22,2290
34003,4591,A05,0,A00,A0,A0,E0,0,0,2022,4,1426,1520,369,274,94,3842
34005,4591,A05,0,A00,A0,A0,E0,0,0,2022,4,544,606,159,97,62,2359
34007,4591,A05,0,A00,A0,A0,E0,0,0,2022,4,557,606,182,132,50,2612
34009,4591,A05,0,A00,A0,A0,E0,0,0,2022,4,271,209,26,88,-62,2173
34011,4591,A05,0,A00,A0,A0,E0,0,0,2022,4,208,220,59,48,11,2128
34013,4591,A05,0,A00,A0,A0,E0,0,0,2022,4,334,334,79,79,0,5077
34015,4591,A05,0,A00,A0,A0,E0,0,0,2022,4,464,512,132,84,48,2319
34017,4591,A05,0,A00,A0,A0,E0,0,0,2022,4,359,404,114,69,45,2889
34019,4591,A05,0,A00,A0,A0,E0,0,0,2022,4,151,158,35,27,7,2902
34021,4591,A05,0,A00,A0,A0,E0,0,0,2022,4,472,512,124,84,40,2722
34023,4591,A05,0,A00,A0,A0,E0,0,0,2022,4,689,752,231,167,64,2444
34025,4591,A05,0,A00,A0,A0,E0,0,0,2022,4,955,1016,288,228,61,2266
34027,4591,A05,0,A00,A0,A0,E0,0,0,2022,4,1180,1230,251,201,50,2512
34029,4591,A05,0,A00,A0,A0,E0,0,0,2022,4,604,613,163,154,9,2425
34031,4591,A05,0,A00,A0,A0,E0,0,0,2022,4,534,623,231,142,89,2370
34033,4591,A05,0,A00,A0,A0,E0,0,0,2022,4,,,0,0,,380
34035,4591,A05,0,A00,A0,A0,E0,0,0,2022,4,423,452,132,103,29,2500
34037,4591,A05,0,A00,A0,A0,E0,0,0,2022,4,128,133,40,36,5,3212
34039,4591,A05,0,A00,A0,A0,E0,0,0,2022,4,764,814,223,174,50,2589
34041,4591,A05,0,A00,A0,A0,E0,0,0,2022,4,62,68,22,16,6,2315
34,4591,A05,0,A00,A0,A0,E0,0,0,2022,4,10512,11192,2969,2289,680,2750
34001,4591,A05,0,A00,A0,A0,E0,0,0,2023,1,406,382,48,72,-24,2186
34003,4591,A05,0,A00,A0,A0,E0,0,0,2023,1,1469,1411,239,297,-58,3343
34005,4591,A05,0,A00,A0,A0,E0,0,0,2023,1,583,577,99,105,-6,2480
34007,4591,A05,0,A00,A0,A0,E0,0,0,2023,1,606,563,96,139,-43,2373
34009,4591,A05,0,A00,A0,A0,E0,0,0,2023,1,209,193,12,27,-16,2252
34011,4591,A05,0,A00,A0,A0,E0,0,0,2023,1,183,167,21,36,-16,1589
34013,4591,A05,0,A00,A0,A0,E0,0,0,2023,1,334,315,39,58,-19,4801
34015,4591,A05,0,A00,A0,A0,E0,0,0,2023,1,519,493,64,90,-26,2228
34017,4591,A05,0,A00,A0,A0,E0,0,0,2023,1,296,248,19,66,-47,2183
34019,4591,A05,0,A00,A0,A0,E0,0,0,2023,1,170,168,22,24,-2,2544
34021,4591,A05,0,A00,A0,A0,E0,0,0,2023,1,528,500,81,109,-28,2564
34023,4591,A05,0,A00,A0,A0,E0,0,0,2023,1,723,698,121,146,-25,2573
34025,4591,A05,0,A00,A0,A0,E0,0,0,2023,1,1020,977,169,212,-43,2109
34027,4591,A05,0,A00,A0,A0,E0,0,0,2023,1,1261,1253,211,219,-8,2423
34029,4591,A05,0,A00,A0,A0,E0,0,0,2023,1,611,599,95,107,-12,2251
34031,4591,A05,0,A00,A0,A0,E0,0,0,2023,1,622,527,66,161,-94,1976
34033,4591,A05,0,A00,A0,A0,E0,0,0,2023,1,,,0,0,,183
34035,4591,A05,0,A00,A0,A0,E0,0,0,2023,1,483,421,39,101,-62,2048
34037,4591,A05,0,A00,A0,A0,E0,0,0,2023,1,133,111,12,33,-21,2951
34039,4591,A05,0,A00,A0,A0,E0,0,0,2023,1,814,761,109,161,-53,2354
34041,4591,A05,0,A00,A0,A0,E0,0,0,2023,1,68,51,6,23,-17,1633
34,4591,A05,0,A00,A0,A0,E0,0,0,2023,1,11038,10418,1566,2186,-620,2518
34001,4591,A05,0,A00,A0,A0,E0,0,0,2023,2,384,423,99,59,40,2300
34003,4591,A05,0,A00,A0,A0,E0,0,0,2023,2,1411,1395,173,189,-16,3334
34005,4591,A05,0,A00,A0,A0,E0,0,0,2023,2,576,568,88,96,-8,2340
34007,4591,A05,0,A00,A0,A0,E0,0,0,2023,2,565,567,98,96,2,2245
34009,4591,A05,0,A00,A0,A0,E0,0,0,2023,2,193,372,211,32,179,2950
34011,4591,A05,0,A00,A0,A0,E0,0,0,2023,2,167,172,37,32,6,1940
34013,4591,A05,0,A00,A0,A0,E0,0,0,2023,2,316,337,75,53,22,4369
34015,4591,A05,0,A00,A0,A0,E0,0,0,2023,2,491,486,67,72,-4,1959
34017,4591,A05,0,A00,A0,A0,E0,0,0,2023,2,248,246,34,36,-2,2629
34019,4591,A05,0,A00,A0,A0,E0,0,0,2023,2,168,200,65,33,32,2858
34021,4591,A05,0,A00,A0,A0,E0,0,0,2023,2,500,505,75,70,5,2561
34023,4591,A05,0,A00,A0,A0,E0,0,0,2023,2,681,673,97,105,-8,2266
34025,4591,A05,0,A00,A0,A0,E0,0,0,2023,2,978,1017,213,173,40,2114
34027,4591,A05,0,A00,A0,A0,E0,0,0,2023,2,1252,1246,189,195,-6,2344
34029,4591,A05,0,A00,A0,A0,E0,0,0,2023,2,601,661,157,97,60,2288
34031,4591,A05,0,A00,A0,A0,E0,0,0,2023,2,528,519,78,86,-8,2207
34033,4591,A05,0,A00,A0,A0,E0,0,0,2023,2,,,0,0,,215
34035,4591,A05,0,A00,A0,A0,E0,0,0,2023,2,421,444,107,84,23,2391
34037,4591,A05,0,A00,A0,A0,E0,0,0,2023,2,111,128,39,23,16,2992
34039,4591,A05,0,A00,A0,A0,E0,0,0,2023,2,760,753,110,117,-7,2440
34041,4591,A05,0,A00,A0,A0,E0,0,0,2023,2,51,48,6,10,-3,1927
34,4591,A05,0,A00,A0,A0,E0,0,0,2023,2,10401,10762,2018,1657,361,2527
34001,4591,A05,0,A00,A0,A0,E0,0,0,2023,3,423,395,87,115,-28,2171
34003,4591,A05,0,A00,A0,A0,E0,0,0,2023,3,1438,1455,243,226,17,3296
34005,4591,A05,0,A00,A0,A0,E0,0,0,2023,3,567,574,119,112,7,2356
34007,4591,A05,0,A00,A0,A0,E0,0,0,2023,3,571,590,119,101,19,2253
34009,4591,A05,0,A00,A0,A0,E0,0,0,2023,3,372,240,95,227,-133,2447
34011,4591,A05,0,A00,A0,A0,E0,0,0,2023,3,174,171,36,39,-3,2161
34013,4591,A05,0,A00,A0,A0,E0,0,0,2023,3,338,342,62,58,4,4236
34015,4591,A05,0,A00,A0,A0,E0,0,0,2023,3,491,508,109,93,16,2118
34017,4591,A05,0,A00,A0,A0,E0,0,0,2023,3,246,245,48,49,-1,2657
34019,4591,A05,0,A00,A0,A0,E0,0,0,2023,3,185,158,27,54,-27,2289
34021,4591,A05,0,A00,A0,A0,E0,0,0,2023,3,503,496,101,108,-7,2615
34023,4591,A05,0,A00,A0,A0,E0,0,0,2023,3,681,669,137,149,-12,2296
34025,4591,A05,0,A00,A0,A0,E0,0,0,2023,3,948,915,197,230,-33,2176
34027,4591,A05,0,A00,A0,A0,E0,0,0,2023,3,1252,1245,226,232,-7,2383
34029,4591,A05,0,A00,A0,A0,E0,0,0,2023,3,670,638,127,158,-31,2223
34031,4591,A05,0,A00,A0,A0,E0,0,0,2023,3,523,534,111,100,11,2248
34033,4591,A05,0,A00,A0,A0,E0,0,0,2023,3,,,,0,,273
34035,4591,A05,0,A00,A0,A0,E0,0,0,2023,3,451,455,100,95,5,2255
34037,4591,A05,0,A00,A0,A0,E0,0,0,2023,3,103,99,10,14,-4,3233
34039,4591,A05,0,A00,A0,A0,E0,0,0,2023,3,753,752,138,139,-1,2510
34041,4591,A05,0,A00,A0,A0,E0,0,0,2023,3,48,50,12,10,2,1912
34,4591,A05,0,A00,A0,A0,E0,0,0,2023,3,10737,10533,2103,2308,-204,2523
34001,4591,A05,0,A00,A0,A0,E0,0,0,2023,4,391,422,106,74,31,2269
34003,4591,A05,0,A00,A0,A0,E0,0,0,2023,4,1448,1562,318,204,115,3446
34005,4591,A05,0,A00,A0,A0,E0,0,0,2023,4,565,628,160,97,63,2373
34007,4591,A05,0,A00,A0,A0,E0,0,0,2023,4,582,675,215,122,93,2258
34009,4591,A05,0,A00,A0,A0,E0,0,0,2023,4,240,190,21,70,-49,2442
34011,4591,A05,0,A00,A0,A0,E0,0,0,2023,4,167,178,52,42,11,1911
34013,4591,A05,0,A00,A0,A0,E0,0,0,2023,4,341,364,72,49,23,4229
34015,4591,A05,0,A00,A0,A0,E0,0,0,2023,4,501,565,146,82,64,2397
34017,4591,A05,0,A00,A0,A0,E0,0,0,2023,4,245,267,71,49,22,2989
34019,4591,A05,0,A00,A0,A0,E0,0,0,2023,4,158,157,37,38,-1,2701
34021,4591,A05,0,A00,A0,A0,E0,0,0,2023,4,490,529,125,86,39,2551
34023,4591,A05,0,A00,A0,A0,E0,0,0,2023,4,657,732,206,130,76,2362
34025,4591,A05,0,A00,A0,A0,E0,0,0,2023,4,987,1076,295,205,90,2360
34027,4591,A05,0,A00,A0,A0,E0,0,0,2023,4,1229,1295,233,167,66,2419
34029,4591,A05,0,A00,A0,A0,E0,0,0,2023,4,631,654,154,132,23,2445
34031,4591,A05,0,A00,A0,A0,E0,0,0,2023,4,528,620,190,98,92,2415
34033,4591,A05,0,A00,A0,A0,E0,0,0,2023,4,,,0,0,,318
34035,4591,A05,0,A00,A0,A0,E0,0,0,2023,4,454,454,96,95,1,2391
34037,4591,A05,0,A00,A0,A0,E0,0,0,2023,4,96,101,24,20,5,4968
34039,4591,A05,0,A00,A0,A0,E0,0,0,2023,4,747,806,193,134,59,2557
34041,4591,A05,0,A00,A0,A0,E0,0,0,2023,4,50,57,21,14,7,2154
34,4591,A05,0,A00,A0,A0,E0,0,0,2023,4,10508,11335,2736,1909,827,2645
34001,4591,A05,0,A00,A0,A0,E0,0,0,2024,1,423,382,35,76,-42,2110
34003,4591,A05,0,A00,A0,A0,E0,0,0,2024,1,1564,1425,133,272,-139,3138
34005,4591,A05,0,A00,A0,A0,E0,0,0,2024,1,628,574,51,104,-54,2180
34007,4591,A05,0,A00,A0,A0,E0,0,0,2024,1,675,598,71,148,-77,1894
34009,4591,A05,0,A00,A0,A0,E0,0,0,2024,1,189,190,15,14,1,2352
34011,4591,A05,0,A00,A0,A0,E0,0,0,2024,1,178,161,17,34,-17,1539
34013,4591,A05,0,A00,A0,A0,E0,0,0,2024,1,365,361,34,38,-4,4318
34015,4591,A05,0,A00,A0,A0,E0,0,0,2024,1,555,511,56,100,-44,2130
34017,4591,A05,0,A00,A0,A0,E0,0,0,2024,1,240,213,23,50,-27,2507
34019,4591,A05,0,A00,A0,A0,E0,0,0,2024,1,157,148,12,21,-8,2686
34021,4591,A05,0,A00,A0,A0,E0,0,0,2024,1,528,468,41,100,-60,2360
34023,4591,A05,0,A00,A0,A0,E0,0,0,2024,1,776,712,79,142,-63,2404
34025,4591,A05,0,A00,A0,A0,E0,0,0,2024,1,1112,993,96,215,-119,2189
34027,4591,A05,0,A00,A0,A0,E0,0,0,2024,1,1308,1271,133,170,-37,2293
34029,4591,A05,0,A00,A0,A0,E0,0,0,2024,1,641,592,69,118,-49,2030
34031,4591,A05,0,A00,A0,A0,E0,0,0,2024,1,610,534,59,135,-77,1993
34033,4591,A05,0,A00,A0,A0,E0,0,0,2024,1,,,0,0,,77
34035,4591,A05,0,A00,A0,A0,E0,0,0,2024,1,454,421,39,72,-33,2073
34037,4591,A05,0,A00,A0,A0,E0,0,0,2024,1,84,84,13,13,0,3069
34039,4591,A05,0,A00,A0,A0,E0,0,0,2024,1,769,702,72,139,-67,2191
34041,4591,A05,0,A00,A0,A0,E0,0,0,2024,1,57,49,3,11,-8,1741
34,4591,A05,0,A00,A0,A0,E0,0,0,2024,1,11315,10394,1051,1972,-921,2390
34001,4591,A05,0,A00,A0,A0,E0,0,0,2024,2,382,388,57,51,6,2114
34003,4591,A05,0,A00,A0,A0,E0,0,0,2024,2,1427,1394,166,199,-33,3424
34005,4591,A05,0,A00,A0,A0,E0,0,0,2024,2,574,578,82,79,3,2338
34007,4591,A05,0,A00,A0,A0,E0,0,0,2024,2,598,579,81,100,-19,2115
34009,4591,A05,0,A00,A0,A0,E0,0,0,2024,2,190,336,178,32,146,2839
34011,4591,A05,0,A00,A0,A0,E0,0,0,2024,2,161,157,27,32,-5,1882
34013,4591,A05,0,A00,A0,A0,E0,0,0,2024,2,361,346,42,57,-15,4072
34015,4591,A05,0,A00,A0,A0,E0,0,0,2024,2,506,482,47,71,-24,2020
34017,4591,A05,0,A00,A0,A0,E0,0,0,2024,2,213,216,33,31,2,2642
34019,4591,A05,0,A00,A0,A0,E0,0,0,2024,2,148,193,70,25,45,3294
34021,4591,A05,0,A00,A0,A0,E0,0,0,2024,2,468,458,54,63,-9,2398
34023,4591,A05,0,A00,A0,A0,E0,0,0,2024,2,755,759,103,99,4,2450
34025,4591,A05,0,A00,A0,A0,E0,0,0,2024,2,993,1009,172,156,16,2317
34027,4591,A05,0,A00,A0,A0,E0,0,0,2024,2,1229,1201,137,164,-28,2433
34029,4591,A05,0,A00,A0,A0,E0,0,0,2024,2,595,677,160,79,81,2178
34031,4591,A05,0,A00,A0,A0,E0,0,0,2024,2,534,529,66,71,-5,2148
34033,4591,A05,0,A00,A0,A0,E0,0,0,2024,2,,,0,0,,414
34035,4591,A05,0,A00,A0,A0,E0,0,0,2024,2,421,440,94,75,19,2169
34037,4591,A05,0,A00,A0,A0,E0,0,0,2024,2,84,80,18,22,-4,2657
34039,4591,A05,0,A00,A0,A0,E0,0,0,2024,2,702,689,98,111,-13,2168
34041,4591,A05,0,A00,A0,A0,E0,0,0,2024,2,49,44,4,9,-5,1776
34,4591,A05,0,A00,A0,A0,E0,0,0,2024,2,10392,10556,1690,1527,164,2519
34001,4591,A05,0,A00,A0,A0,E0,0,0,2024,3,388,356,65,96,-31,2282
34003,4591,A05,0,A00,A0,A0,E0,0,0,2024,3,1393,1395,211,209,1,3260
34005,4591,A05,0,A00,A0,A0,E0,0,0,2024,3,578,562,90,105,-15,2319
34007,4591,A05,0,A00,A0,A0,E0,0,0,2024,3,579,608,136,107,29,2202
34009,4591,A05,0,A00,A0,A0,E0,0,0,2024,3,336,233,64,167,-103,2614
34011,4591,A05,0,A00,A0,A0,E0,0,0,2024,3,157,149,28,35,-7,1965
34013,4591,A05,0,A00,A0,A0,E0,0,0,2024,3,346,325,34,55,-21,3836
34015,4591,A05,0,A00,A0,A0,E0,0,0,2024,3,482,467,74,89,-15,2257
34017,4591,A05,0,A00,A0,A0,E0,0,0,2024,3,216,222,32,25,7,2768
34019,4591,A05,0,A00,A0,A0,E0,0,0,2024,3,193,150,19,62,-43,2306
34021,4591,A05,0,A00,A0,A0,E0,0,0,2024,3,458,420,55,93,-38,2684
34023,4591,A05,0,A00,A0,A0,E0,0,0,2024,3,716,704,128,140,-12,2794
34025,4591,A05,0,A00,A0,A0,E0,0,0,2024,3,1009,983,165,191,-26,2453
34027,4591,A05,0,A00,A0,A0,E0,0,0,2024,3,1244,1199,157,202,-45,2397
34029,4591,A05,0,A00,A0,A0,E0,0,0,2024,3,676,633,108,151,-43,2152
34031,4591,A05,0,A00,A0,A0,E0,0,0,2024,3,529,529,106,106,0,2233
34033,4591,A05,0,A00,A0,A0,E0,0,0,2024,3,,,0,,,391
34035,4591,A05,0,A00,A0,A0,E0,0,0,2024,3,440,423,89,106,-17,2235
34037,4591,A05,0,A00,A0,A0,E0,0,0,2024,3,80,86,11,6,5,2660
34039,4591,A05,0,A00,A0,A0,E0,0,0,2024,3,689,667,115,138,-23,2297
34041,4591,A05,0,A00,A0,A0,E0,0,0,2024,3,44,46,8,6,2,1848
34,4591,A05,0,A00,A0,A0,E0,0,0,2024,3,10554,10159,1696,2091,-395,2549
34001,4591,A05,0,A00,A0,A0,E0,0,0,2024,4,367,406,101,61,39,2392
34003,4591,A05,0,A00,A0,A0,E0,0,0,2024,4,1399,1508,309,200,109,3595
34005,4591,A05,0,A00,A0,A0,E0,0,0,2024,4,562,619,155,98,57,2492
34007,4591,A05,0,A00,A0,A0,E0,0,0,2024,4,619,735,238,122,116,2151
34009,4591,A05,0,A00,A0,A0,E0,0,0,2024,4,232,142,10,100,-91,2174
34011,4591,A05,0,A00,A0,A0,E0,0,0,2024,4,149,166,42,26,17,1988
34013,4591,A05,0,A00,A0,A0,E0,0,0,2024,4,325,331,64,58,6,3982
34015,4591,A05,0,A00,A0,A0,E0,0,0,2024,4,467,502,101,66,35,2539
34017,4591,A05,0,A00,A0,A0,E0,0,0,2024,4,222,241,51,31,19,2976
34019,4591,A05,0,A00,A0,A0,E0,0,0,2024,4,150,153,24,21,3,2840
34021,4591,A05,0,A00,A0,A0,E0,0,0,2024,4,420,458,98,60,39,2946
34023,4591,A05,0,A00,A0,A0,E0,0,0,2024,4,748,831,202,119,83,2644
34025,4591,A05,0,A00,A0,A0,E0,0,0,2024,4,994,1101,271,164,107,2626
34027,4591,A05,0,A00,A0,A0,E0,0,0,2024,4,1154,1219,230,165,65,2602
34029,4591,A05,0,A00,A0,A0,E0,0,0,2024,4,645,658,133,119,14,2543
34031,4591,A05,0,A00,A0,A0,E0,0,0,2024,4,529,600,162,91,71,2526
34033,4591,A05,0,A00,A0,A0,E0,0,0,2024,4,,,0,0,,382
34035,4591,A05,0,A00,A0,A0,E0,0,0,2024,4,341,365,82,59,23,2425
34037,4591,A05,0,A00,A0,A0,E0,0,0,2024,4,85,94,41,32,8,5157
34039,4591,A05,0,A00,A0,A0,E0,0,0,2024,4,705,764,166,106,59,2346
34041,4591,A05,0,A00,A0,A0,E0,0,0,2024,4,46,50,16,13,3,2164
34,4591,A05,0,A00,A0,A0,E0,0,0,2024,4,10160,10945,2496,1711,785,2744
34001,4591,A05,0,A00,A0,A0,E0,0,0,2025,1,406,361,25,70,-45,2056
34003,4591,A05,0,A00,A0,A0,E0,0,0,2025,1,1521,1424,159,256,-97,3395
34005,4591,A05,0,A00,A0,A0,E0,0,0,2025,1,636,605,49,80,-32,2389
34007,4591,A05,0,A00,A0,A0,E0,0,0,2025,1,821,718,61,164,-103,1931
34009,4591,A05,0,A00,A0,A0,E0,0,0,2025,1,142,110,3,35,-32,2053
34011,4591,A05,0,A00,A0,A0,E0,0,0,2025,1,171,155,9,25,-17,1654
34013,4591,A05,0,A00,A0,A0,E0,0,0,2025,1,329,320,37,45,-8,4403
34015,4591,A05,0,A00,A0,A0,E0,0,0,2025,1,502,461,39,79,-41,2348
34017,4591,A05,0,A00,A0,A0,E0,0,0,2025,1,241,216,16,41,-25,2825
34019,4591,A05,0,A00,A0,A0,E0,0,0,2025,1,153,148,11,17,-6,2705
34021,4591,A05,0,A00,A0,A0,E0,0,0,2025,1,507,471,41,77,-36,2643
34023,4591,A05,0,A00,A0,A0,E0,0,0,2025,1,736,685,63,114,-51,2456
34025,4591,A05,0,A00,A0,A0,E0,0,0,2025,1,1109,1018,104,195,-91,2291
34027,4591,A05,0,A00,A0,A0,E0,0,0,2025,1,1258,1203,110,165,-55,2420
34029,4591,A05,0,A00,A0,A0,E0,0,0,2025,1,662,622,60,99,-40,2122
34031,4591,A05,0,A00,A0,A0,E0,0,0,2025,1,600,515,45,130,-85,2198
34033,4591,A05,0,A00,A0,A0,E0,0,0,2025,1,,,,0,,280
34035,4591,A05,0,A00,A0,A0,E0,0,0,2025,1,333,281,23,75,-52,1868
34037,4591,A05,0,A00,A0,A0,E0,0,0,2025,1,94,76,7,25,-17,3311
34039,4591,A05,0,A00,A0,A0,E0,0,0,2025,1,768,709,68,126,-58,2146
34041,4591,A05,0,A00,A0,A0,E0,0,0,2025,1,50,41,,11,-9,1854
34,4591,A05,0,A00,A0,A0,E0,0,0,2025,1,11041,10143,934,1831,-898,2497
34001,4591,A05,0,A00,A0,A0,E0,0,0,2025,2,361,358,64,67,-3,2292
34003,4591,A05,0,A00,A0,A0,E0,0,0,2025,2,1419,1424,220,216,4,3322
34005,4591,A05,0,A00,A0,A0,E0,0,0,2025,2,605,577,97,125,-28,2399
34007,4591,A05,0,A00,A0,A0,E0,0,0,2025,2,718,705,129,142,-13,2368
34009,4591,A05,0,A00,A0,A0,E0,0,0,2025,2,111,289,188,9,179,3066
34011,4591,A05,0,A00,A0,A0,E0,0,0,2025,2,155,156,28,27,2,1912
34013,4591,A05,0,A00,A0,A0,E0,0,0,2025,2,313,302,42,53,-11,4286
34015,4591,A05,0,A00,A0,A0,E0,0,0,2025,2,461,437,62,86,-24,2338
34017,4591,A05,0,A00,A0,A0,E0,0,0,2025,2,216,231,69,54,15,2949
34019,4591,A05,0,A00,A0,A0,E0,0,0,2025,2,148,169,40,19,21,3355
34021,4591,A05,0,A00,A0,A0,E0,0,0,2025,2,477,454,46,69,-24,2737
34023,4591,A05,0,A00,A0,A0,E0,0,0,2025,2,683,685,127,125,2,2519
34025,4591,A05,0,A00,A0,A0,E0,0,0,2025,2,1018,1041,204,181,22,2474
34027,4591,A05,0,A00,A0,A0,E0,0,0,2025,2,1197,1104,134,227,-93,2546
34029,4591,A05,0,A00,A0,A0,E0,0,0,2025,2,622,660,141,103,38,2623
34031,4591,A05,0,A00,A0,A0,E0,0,0,2025,2,515,517,80,78,2,2423
34033,4591,A05,0,A00,A0,A0,E0,0,0,2025,2,,,0,0,,352
34035,4591,A05,0,A00,A0,A0,E0,0,0,2025,2,260,274,50,36,14,2406
34037,4591,A05,0,A00,A0,A0,E0,0,0,2025,2,78,85,18,11,7,3917
34039,4591,A05,0,A00,A0,A0,E0,0,0,2025,2,731,737,114,107,7,2247
34041,4591,A05,0,A00,A0,A0,E0,0,0,2025,2,41,40,5,6,-2,2022
34,4591,A05,0,A00,A0,A0,E0,0,0,2025,2,10131,10246,1858,1742,116,2669
34001,4591,A05,0,A00,A0,A0,E0,0,0,2025,3,358,357,82,83,-1,2455
34003,4591,A05,0,A00,A0,A0,E0,0,0,2025,3,1426,1506,286,205,80,3497
34005,4591,A05,0,A00,A0,A0,E0,0,0,2025,3,577,578,101,99,2,2542
34007,4591,A05,0,A00,A0,A0,E0,0,0,2025,3,705,722,144,126,17,2240
34009,4591,A05,0,A00,A0,A0,E0,0,0,2025,3,291,194,56,154,-98,2599
34011,4591,A05,0,A00,A0,A0,E0,0,0,2025,3,156,162,36,30,6,2173
34013,4591,A05,0,A00,A0,A0,E0,0,0,2025,3,303,289,29,43,-14,4507
34015,4591,A05,0,A00,A0,A0,E0,0,0,2025,3,437,446,78,69,9,2501
34017,4591,A05,0,A00,A0,A0,E0,0,0,2025,3,232,275,68,26,43,3204
34019,4591,A05,0,A00,A0,A0,E0,0,0,2025,3,169,147,28,50,-22,2601
34021,4591,A05,0,A00,A0,A0,E0,0,0,2025,3,454,466,86,74,12,2807
34023,4591,A05,0,A00,A0,A0,E0,0,0,2025,3,677,711,163,129,34,2837
34025,4591,A05,0,A00,A0,A0,E0,0,0,2025,3,1039,1115,278,203,75,2559
34027,4591,A05,0,A00,A0,A0,E0,0,0,2025,3,1104,1098,209,215,-6,2600
34029,4591,A05,0,A00,A0,A0,E0,0,0,2025,3,660,661,135,133,1,2336
34031,4591,A05,0,A00,A0,A0,E0,0,0,2025,3,517,540,110,86,24,2509
34033,4591,A05,0,A00,A0,A0,E0,0,0,2025,3,,,0,0,,392
34035,4591,A05,0,A00,A0,A0,E0,0,0,2025,3,291,263,33,61,-28,2212
34037,4591,A05,0,A00,A0,A0,E0,0,0,2025,3,115,129,20,6,14,3152
34039,4591,A05,0,A00,A0,A0,E0,0,0,2025,3,720,743,134,111,23,2321
34041,4591,A05,0,A00,A0,A0,E0,0,0,2025,3,40,42,10,7,3,2163
34,4591,A05,0,A00,A0,A0,E0,0,0,2025,3,10272,10448,2087,1911,176,2726
34001,4591,A05,0,A00,A0,A0,E0,0,0,2025,4,357,,101,,,2539
34003,4591,A05,0,A00,A0,A0,E0,0,0,2025,4,1506,,345,,,4017
34005,4591,A05,0,A00,A0,A0,E0,0,0,2025,4,578,,133,,,2522
34007,4591,A05,0,A00,A0,A0,E0,0,0,2025,4,722,,258,,,2366
34009,4591,A05,0,A00,A0,A0,E0,0,0,2025,4,192,,8,,,2116
34011,4591,A05,0,A00,A0,A0,E0,0,0,2025,4,162,,43,,,1927
34013,4591,A05,0,A00,A0,A0,E0,0,0,2025,4,289,,61,,,4760
34015,4591,A05,0,A00,A0,A0,E0,0,0,2025,4,446,,124,,,2775
34017,4591,A05,0,A00,A0,A0,E0,0,0,2025,4,275,,103,,,3173
34019,4591,A05,0,A00,A0,A0,E0,0,0,2025,4,147,,27,,,3402
34021,4591,A05,0,A00,A0,A0,E0,0,0,2025,4,463,,100,,,2870
34023,4591,A05,0,A00,A0,A0,E0,0,0,2025,4,719,,175,,,3008
34025,4591,A05,0,A00,A0,A0,E0,0,0,2025,4,1170,,330,,,2618
34027,4591,A05,0,A00,A0,A0,E0,0,0,2025,4,1043,,217,,,2775
34029,4591,A05,0,A00,A0,A0,E0,0,0,2025,4,661,,151,,,2641
34031,4591,A05,0,A00,A0,A0,E0,0,0,2025,4,540,,164,,,2631
34033,4591,A05,0,A00,A0,A0,E0,0,0,2025,4,,,,,,281
34035,4591,A05,0,A00,A0,A0,E0,0,0,2025,4,263,,65,,,2624
34037,4591,A05,0,A00,A0,A0,E0,0,0,2025,4,129,,34,,,4579
34039,4591,A05,0,A00,A0,A0,E0,0,0,2025,4,743,,199,,,2351
34041,4591,A05,0,A00,A0,A0,E0,0,0,2025,4,42,,12,,,2382
34,4591,A05,0,A00,A0,A0,E0,0,0,2025,4,10451,,2650,,,2931
