geography,industry,ownercode,sex,agegrp,race,ethnicity,education,firmage,firmsize,year,quarter,Emp,EmpEnd,HirA,Sep,FrmJbC,EarnBeg
48003,4591,A05,0,A00,A0,A0,E0,0,0,1995,1,,,,,,
48005,4591,A05,0,A00,A0,A0,E0,0,0,1995,1,,52,,15,,
48007,4591,A05,0,A00,A0,A0,E0,0,0,1995,1,,15,,0,,
48015,4591,A05,0,A00,A0,A0,E0,0,0,1995,1,,,,,,
48019,4591,A05,0,A00,A0,A0,E0,0,0,1995,1,,,,,,
48021,4591,A05,0,A00,A0,A0,E0,0,0,1995,1,,8,,5,,
48023,4591,A05,0,A00,A0,A0,E0,0,0,1995,1,,,,0,,
48027,4591,A05,0,A00,A0,A0,E0,0,0,1995,1,,176,,63,,
48029,4591,A05,0,A00,A0,A0,E0,0,0,1995,1,,1465,,620,,
48037,4591,A05,0,A00,A0,A0,E0,0,0,1995,1,,68,,16,,
48039,4591,A05,0,A00,A0,A0,E0,0,0,1995,1,,93,,53,,
48041,4591,A05,0,A00,A0,A0,E0,0,0,1995,1,,189,,56,,
48043,4591,A05,0,A00,A0,A0,E0,0,0,1995,1,,,,,,
48049,4591,A05,0,A00,A0,A0,E0,0,0,1995,1,,8,,4,,
48053,4591,A05,0,A00,A0,A0,E0,0,0,1995,1,,14,,3,,
48057,4591,A05,0,A00,A0,A0,E0,0,0,1995,1,,,,0,,
48059,4591,A05,0,A00,A0,A0,E0,0,0,1995,1,,,,0,,
48061,4591,A05,0,A00,A0,A0,E0,0,0,1995,1,,326,,96,,
48067,4591,A05,0,A00,A0,A0,E0,0,0,1995,1,,,,,,
48069,4591,A05,0,A00,A0,A0,E0,0,0,1995,1,,,,0,,
48071,4591,A05,0,A00,A0,A0,E0,0,0,1995,1,,,,,,
48073,4591,A05,0,A00,A0,A0,E0,0,0,1995,1,,,,0,,
48085,4591,A05,0,A00,A0,A0,E0,0,0,1995,1,,556,,249,,
48089,4591,A05,0,A00,A0,A0,E0,0,0,1995,1,,4,,3,,
48091,4591,A05,0,A00,A0,A0,E0,0,0,1995,1,,84,,36,,
48093,4591,A05,0,A00,A0,A0,E0,0,0,1995,1,,9,,,,
48097,4591,A05,0,A00,A0,A0,E0,0,0,1995,1,,11,,,,
48099,4591,A05,0,A00,A0,A0,E0,0,0,1995,1,,,,,,
48113,4591,A05,0,A00,A0,A0,E0,0,0,1995,1,,4107,,1495,,
48115,4591,A05,0,A00,A0,A0,E0,0,0,1995,1,,,,0,,
48117,4591,A05,0,A00,A0,A0,E0,0,0,1995,1,,,,0,,
48121,4591,A05,0,A00,A0,A0,E0,0,0,1995,1,,284,,132,,
48123,4591,A05,0,A00,A0,A0,E0,0,0,1995,1,,,,0,,
48133,4591,A05,0,A00,A0,A0,E0,0,0,1995,1,,,,0,,
48135,4591,A05,0,A00,A0,A0,E0,0,0,1995,1,,180,,67,,
48139,4591,A05,0,A00,A0,A0,E0,0,0,1995,1,,18,,3,,
48141,4591,A05,0,A00,A0,A0,E0,0,0,1995,1,,710,,250,,
48143,4591,A05,0,A00,A0,A0,E0,0,0,1995,1,,6,,,,
48149,4591,A05,0,A00,A0,A0,E0,0,0,1995,1,,,,0,,
48157,4591,A05,0,A00,A0,A0,E0,0,0,1995,1,,173,,66,,
48161,4591,A05,0,A00,A0,A0,E0,0,0,1995,1,,,,0,,
48165,4591,A05,0,A00,A0,A0,E0,0,0,1995,1,,,,,,
48167,4591,A05,0,A00,A0,A0,E0,0,0,1995,1,,91,,20,,
48171,4591,A05,0,A00,A0,A0,E0,0,0,1995,1,,3,,11,,
48179,4591,A05,0,A00,A0,A0,E0,0,0,1995,1,,24,,4,,
48181,4591,A05,0,A00,A0,A0,E0,0,0,1995,1,,48,,14,,
48183,4591,A05,0,A00,A0,A0,E0,0,0,1995,1,,174,,54,,
48187,4591,A05,0,A00,A0,A0,E0,0,0,1995,1,,17,,,,
48189,4591,A05,0,A00,A0,A0,E0,0,0,1995,1,,18,,,,
48191,4591,A05,0,A00,A0,A0,E0,0,0,1995,1,,,,,,
48201,4591,A05,0,A00,A0,A0,E0,0,0,1995,1,,4580,,1725,,
48203,4591,A05,0,A00,A0,A0,E0,0,0,1995,1,,15,,4,,
48209,4591,A05,0,A00,A0,A0,E0,0,0,1995,1,,36,,,,
48213,4591,A05,0,A00,A0,A0,E0,0,0,1995,1,,5,,6,,
48215,4591,A05,0,A00,A0,A0,E0,0,0,1995,1,,413,,111,,
48217,4591,A05,0,A00,A0,A0,E0,0,0,1995,1,,,,0,,
48219,4591,A05,0,A00,A0,A0,E0,0,0,1995,1,,9,,0,,
48221,4591,A05,0,A00,A0,A0,E0,0,0,1995,1,,21,,,,
48223,4591,A05,0,A00,A0,A0,E0,0,0,1995,1,,15,,,,
48227,4591,A05,0,A00,A0,A0,E0,0,0,1995,1,,9,,,,
48231,4591,A05,0,A00,A0,A0,E0,0,0,1995,1,,18,,6,,
48233,4591,A05,0,A00,A0,A0,E0,0,0,1995,1,,,,,,
48237,4591,A05,0,A00,A0,A0,E0,0,0,1995,1,,,,0,,
48241,4591,A05,0,A00,A0,A0,E0,0,0,1995,1,,6,,4,,
48245,4591,A05,0,A00,A0,A0,E0,0,0,1995,1,,264,,130,,
48249,4591,A05,0,A00,A0,A0,E0,0,0,1995,1,,5,,0,,
48251,4591,A05,0,A00,A0,A0,E0,0,0,1995,1,,9,,3,,
48253,4591,A05,0,A00,A0,A0,E0,0,0,1995,1,,,,0,,
48257,4591,A05,0,A00,A0,A0,E0,0,0,1995,1,,,,,,
48259,4591,A05,0,A00,A0,A0,E0,0,0,1995,1,,,,0,,
48265,4591,A05,0,A00,A0,A0,E0,0,0,1995,1,,20,,4,,
48273,4591,A05,0,A00,A0,A0,E0,0,0,1995,1,,,,,,
48277,4591,A05,0,A00,A0,A0,E0,0,0,1995,1,,6,,8,,
48285,4591,A05,0,A00,A0,A0,E0,0,0,1995,1,,,,,,
48287,4591,A05,0,A00,A0,A0,E0,0,0,1995,1,,,,0,,
48289,4591,A05,0,A00,A0,A0,E0,0,0,1995,1,,,,0,,
48293,4591,A05,0,A00,A0,A0,E0,0,0,1995,1,,,,,,
48297,4591,A05,0,A00,A0,A0,E0,0,0,1995,1,,,,,,
48299,4591,A05,0,A00,A0,A0,E0,0,0,1995,1,,,,0,,
48303,4591,A05,0,A00,A0,A0,E0,0,0,1995,1,,433,,138,,
48307,4591,A05,0,A00,A0,A0,E0,0,0,1995,1,,,,0,,
48309,4591,A05,0,A00,A0,A0,E0,0,0,1995,1,,163,,77,,
48321,4591,A05,0,A00,A0,A0,E0,0,0,1995,1,,7,,,,
48323,4591,A05,0,A00,A0,A0,E0,0,0,1995,1,,14,,8,,
48325,4591,A05,0,A00,A0,A0,E0,0,0,1995,1,,,,0,,
48327,4591,A05,0,A00,A0,A0,E0,0,0,1995,1,,,,,,
48329,4591,A05,0,A00,A0,A0,E0,0,0,1995,1,,172,,61,,
48331,4591,A05,0,A00,A0,A0,E0,0,0,1995,1,,,,,,
48337,4591,A05,0,A00,A0,A0,E0,0,0,1995,1,,,,,,
48339,4591,A05,0,A00,A0,A0,E0,0,0,1995,1,,129,,37,,
48341,4591,A05,0,A00,A0,A0,E0,0,0,1995,1,,,,0,,
48347,4591,A05,0,A00,A0,A0,E0,0,0,1995,1,,94,,52,,
48349,4591,A05,0,A00,A0,A0,E0,0,0,1995,1,,14,,3,,
48355,4591,A05,0,A00,A0,A0,E0,0,0,1995,1,,320,,108,,
48357,4591,A05,0,A00,A0,A0,E0,0,0,1995,1,,,,,,
48361,4591,A05,0,A00,A0,A0,E0,0,0,1995,1,,28,,8,,
48363,4591,A05,0,A00,A0,A0,E0,0,0,1995,1,,,,0,,
48367,4591,A05,0,A00,A0,A0,E0,0,0,1995,1,,24,,3,,
48371,4591,A05,0,A00,A0,A0,E0,0,0,1995,1,,12,,,,
48375,4591,A05,0,A00,A0,A0,E0,0,0,1995,1,,261,,95,,
48377,4591,A05,0,A00,A0,A0,E0,0,0,1995,1,,,,0,,
48381,4591,A05,0,A00,A0,A0,E0,0,0,1995,1,,133,,41,,
48389,4591,A05,0,A00,A0,A0,E0,0,0,1995,1,,,,0,,
48397,4591,A05,0,A00,A0,A0,E0,0,0,1995,1,,,,0,,
48401,4591,A05,0,A00,A0,A0,E0,0,0,1995,1,,,,0,,
48405,4591,A05,0,A00,A0,A0,E0,0,0,1995,1,,,,0,,
48407,4591,A05,0,A00,A0,A0,E0,0,0,1995,1,,,,0,,
48409,4591,A05,0,A00,A0,A0,E0,0,0,1995,1,,,,0,,
48415,4591,A05,0,A00,A0,A0,E0,0,0,1995,1,,,,,,
48423,4591,A05,0,A00,A0,A0,E0,0,0,1995,1,,325,,99,,
48425,4591,A05,0,A00,A0,A0,E0,0,0,1995,1,,,,0,,
48427,4591,A05,0,A00,A0,A0,E0,0,0,1995,1,,11,,,,
48429,4591,A05,0,A00,A0,A0,E0,0,0,1995,1,,4,,,,
48435,4591,A05,0,A00,A0,A0,E0,0,0,1995,1,,0,,,,
48437,4591,A05,0,A00,A0,A0,E0,0,0,1995,1,,,,,,
48439,4591,A05,0,A00,A0,A0,E0,0,0,1995,1,,1798,,636,,
48441,4591,A05,0,A00,A0,A0,E0,0,0,1995,1,,226,,87,,
48449,4591,A05,0,A00,A0,A0,E0,0,0,1995,1,,8,,,,
48451,4591,A05,0,A00,A0,A0,E0,0,0,1995,1,,143,,24,,
48453,4591,A05,0,A00,A0,A0,E0,0,0,1995,1,,1230,,437,,
48459,4591,A05,0,A00,A0,A0,E0,0,0,1995,1,,,,0,,
48463,4591,A05,0,A00,A0,A0,E0,0,0,1995,1,,,,0,,
48465,4591,A05,0,A00,A0,A0,E0,0,0,1995,1,,72,,8,,
48467,4591,A05,0,A00,A0,A0,E0,0,0,1995,1,,,,,,
48469,4591,A05,0,A00,A0,A0,E0,0,0,1995,1,,87,,31,,
48471,4591,A05,0,A00,A0,A0,E0,0,0,1995,1,,32,,14,,
48475,4591,A05,0,A00,A0,A0,E0,0,0,1995,1,,,,,,
48477,4591,A05,0,A00,A0,A0,E0,0,0,1995,1,,6,,3,,
48479,4591,A05,0,A00,A0,A0,E0,0,0,1995,1,,222,,88,,
48481,4591,A05,0,A00,A0,A0,E0,0,0,1995,1,,21,,3,,
48485,4591,A05,0,A00,A0,A0,E0,0,0,1995,1,,168,,39,,
48487,4591,A05,0,A00,A0,A0,E0,0,0,1995,1,,,,0,,
48491,4591,A05,0,A00,A0,A0,E0,0,0,1995,1,,268,,87,,
48499,4591,A05,0,A00,A0,A0,E0,0,0,1995,1,,,,,,
48503,4591,A05,0,A00,A0,A0,E0,0,0,1995,1,,9,,,,
48,4591,A05,0,A00,A0,A0,E0,0,0,1995,1,,21035,,7598,,
48003,4591,A05,0,A00,A0,A0,E0,0,0,1995,2,,,,,,584
48005,4591,A05,0,A00,A0,A0,E0,0,0,1995,2,52,48,5,9,-4,1094
48007,4591,A05,0,A00,A0,A0,E0,0,0,1995,2,15,17,,0,2,2305
48015,4591,A05,0,A00,A0,A0,E0,0,0,1995,2,,,0,,,457
48019,4591,A05,0,A00,A0,A0,E0,0,0,1995,2,,,,,,1307
48021,4591,A05,0,A00,A0,A0,E0,0,0,1995,2,8,11,6,3,3,295
48023,4591,A05,0,A00,A0,A0,E0,0,0,1995,2,,,,0,,955
48027,4591,A05,0,A00,A0,A0,E0,0,0,1995,2,176,163,56,70,-14,901
48029,4591,A05,0,A00,A0,A0,E0,0,0,1995,2,1453,1574,583,462,121,1003
48037,4591,A05,0,A00,A0,A0,E0,0,0,1995,2,68,67,21,22,-1,837
48039,4591,A05,0,A00,A0,A0,E0,0,0,1995,2,90,97,42,35,7,1035
48041,4591,A05,0,A00,A0,A0,E0,0,0,1995,2,190,190,63,62,1,835
48043,4591,A05,0,A00,A0,A0,E0,0,0,1995,2,,,,,,423
48049,4591,A05,0,A00,A0,A0,E0,0,0,1995,2,8,8,6,6,0,533
48053,4591,A05,0,A00,A0,A0,E0,0,0,1995,2,14,16,9,7,2,800
48057,4591,A05,0,A00,A0,A0,E0,0,0,1995,2,,,0,0,,779
48059,4591,A05,0,A00,A0,A0,E0,0,0,1995,2,,,,,,105
48061,4591,A05,0,A00,A0,A0,E0,0,0,1995,2,327,312,56,71,-15,810
48067,4591,A05,0,A00,A0,A0,E0,0,0,1995,2,,,,,,622
48069,4591,A05,0,A00,A0,A0,E0,0,0,1995,2,,,0,0,,515
48071,4591,A05,0,A00,A0,A0,E0,0,0,1995,2,,,,,,1303
48073,4591,A05,0,A00,A0,A0,E0,0,0,1995,2,,,0,0,,1007
48085,4591,A05,0,A00,A0,A0,E0,0,0,1995,2,565,611,255,209,46,1028
48089,4591,A05,0,A00,A0,A0,E0,0,0,1995,2,4,4,,,0,912
48091,4591,A05,0,A00,A0,A0,E0,0,0,1995,2,78,93,55,40,15,729
48093,4591,A05,0,A00,A0,A0,E0,0,0,1995,2,9,9,5,5,0,541
48097,4591,A05,0,A00,A0,A0,E0,0,0,1995,2,11,11,,,0,728
48099,4591,A05,0,A00,A0,A0,E0,0,0,1995,2,,,,,,593
48113,4591,A05,0,A00,A0,A0,E0,0,0,1995,2,4112,3994,1380,1499,-118,1376
48115,4591,A05,0,A00,A0,A0,E0,0,0,1995,2,,,0,0,,404
48117,4591,A05,0,A00,A0,A0,E0,0,0,1995,2,,,0,0,,1376
48121,4591,A05,0,A00,A0,A0,E0,0,0,1995,2,282,296,99,84,15,1151
48123,4591,A05,0,A00,A0,A0,E0,0,0,1995,2,,,,0,,279
48129,4591,A05,0,A00,A0,A0,E0,0,0,1995,2,0,,,0,,
48133,4591,A05,0,A00,A0,A0,E0,0,0,1995,2,,,0,0,,1043
48135,4591,A05,0,A00,A0,A0,E0,0,0,1995,2,180,193,64,51,13,1037
48139,4591,A05,0,A00,A0,A0,E0,0,0,1995,2,18,18,7,8,-1,720
48141,4591,A05,0,A00,A0,A0,E0,0,0,1995,2,710,725,229,213,16,1188
48143,4591,A05,0,A00,A0,A0,E0,0,0,1995,2,6,6,4,4,0,495
48149,4591,A05,0,A00,A0,A0,E0,0,0,1995,2,,,0,,,595
48157,4591,A05,0,A00,A0,A0,E0,0,0,1995,2,188,199,68,56,11,1081
48161,4591,A05,0,A00,A0,A0,E0,0,0,1995,2,,,0,0,,624
48165,4591,A05,0,A00,A0,A0,E0,0,0,1995,2,,,,,,559
48167,4591,A05,0,A00,A0,A0,E0,0,0,1995,2,91,108,43,27,17,893
48171,4591,A05,0,A00,A0,A0,E0,0,0,1995,2,3,4,4,3,0,599
48179,4591,A05,0,A00,A0,A0,E0,0,0,1995,2,24,34,17,6,10,622
48181,4591,A05,0,A00,A0,A0,E0,0,0,1995,2,48,50,23,20,3,847
48183,4591,A05,0,A00,A0,A0,E0,0,0,1995,2,174,199,83,58,25,1115
48187,4591,A05,0,A00,A0,A0,E0,0,0,1995,2,19,15,3,6,-3,951
48189,4591,A05,0,A00,A0,A0,E0,0,0,1995,2,18,20,7,5,2,751
48191,4591,A05,0,A00,A0,A0,E0,0,0,1995,2,,,,,,774
48201,4591,A05,0,A00,A0,A0,E0,0,0,1995,2,4569,4695,1337,1211,126,1287
48203,4591,A05,0,A00,A0,A0,E0,0,0,1995,2,15,15,5,5,0,600
48209,4591,A05,0,A00,A0,A0,E0,0,0,1995,2,40,46,12,6,6,828
48213,4591,A05,0,A00,A0,A0,E0,0,0,1995,2,5,8,4,,3,7161
48215,4591,A05,0,A00,A0,A0,E0,0,0,1995,2,411,397,75,88,-13,958
48217,4591,A05,0,A00,A0,A0,E0,0,0,1995,2,,,,,,987
48219,4591,A05,0,A00,A0,A0,E0,0,0,1995,2,9,7,3,6,-2,715
48221,4591,A05,0,A00,A0,A0,E0,0,0,1995,2,21,20,,,0,984
48223,4591,A05,0,A00,A0,A0,E0,0,0,1995,2,15,18,8,5,3,788
48227,4591,A05,0,A00,A0,A0,E0,0,0,1995,2,9,8,,3,-1,920
48231,4591,A05,0,A00,A0,A0,E0,0,0,1995,2,18,16,4,5,-1,1097
48233,4591,A05,0,A00,A0,A0,E0,0,0,1995,2,9,7,4,6,-2,745
48237,4591,A05,0,A00,A0,A0,E0,0,0,1995,2,,,0,0,,249
48241,4591,A05,0,A00,A0,A0,E0,0,0,1995,2,6,9,6,3,3,539
48245,4591,A05,0,A00,A0,A0,E0,0,0,1995,2,263,281,120,102,19,1089
48249,4591,A05,0,A00,A0,A0,E0,0,0,1995,2,5,,0,3,-3,409
48251,4591,A05,0,A00,A0,A0,E0,0,0,1995,2,9,9,3,3,0,683
48253,4591,A05,0,A00,A0,A0,E0,0,0,1995,2,,,0,0,,858
48257,4591,A05,0,A00,A0,A0,E0,0,0,1995,2,,,,,,3077
48259,4591,A05,0,A00,A0,A0,E0,0,0,1995,2,11,10,4,5,-1,554
48265,4591,A05,0,A00,A0,A0,E0,0,0,1995,2,20,26,14,7,7,855
48273,4591,A05,0,A00,A0,A0,E0,0,0,1995,2,,,0,0,,892
48277,4591,A05,0,A00,A0,A0,E0,0,0,1995,2,,,,,,842
48285,4591,A05,0,A00,A0,A0,E0,0,0,1995,2,,,,0,,283
48287,4591,A05,0,A00,A0,A0,E0,0,0,1995,2,,4,5,,3,1547
48289,4591,A05,0,A00,A0,A0,E0,0,0,1995,2,,,,,,1068
48293,4591,A05,0,A00,A0,A0,E0,0,0,1995,2,,,,,,305
48297,4591,A05,0,A00,A0,A0,E0,0,0,1995,2,,,,,,670
48299,4591,A05,0,A00,A0,A0,E0,0,0,1995,2,,,0,0,,312
48303,4591,A05,0,A00,A0,A0,E0,0,0,1995,2,433,449,132,115,17,1021
48307,4591,A05,0,A00,A0,A0,E0,0,0,1995,2,,,,,,582
48309,4591,A05,0,A00,A0,A0,E0,0,0,1995,2,163,166,58,55,3,990
48321,4591,A05,0,A00,A0,A0,E0,0,0,1995,2,7,11,5,,3,1009
48323,4591,A05,0,A00,A0,A0,E0,0,0,1995,2,14,14,,,0,772
48325,4591,A05,0,A00,A0,A0,E0,0,0,1995,2,,,,,,514
48327,4591,A05,0,A00,A0,A0,E0,0,0,1995,2,,,0,0,,1128
48329,4591,A05,0,A00,A0,A0,E0,0,0,1995,2,172,194,85,62,22,773
48331,4591,A05,0,A00,A0,A0,E0,0,0,1995,2,,,0,,,129
48337,4591,A05,0,A00,A0,A0,E0,0,0,1995,2,,0,0,,,610
48339,4591,A05,0,A00,A0,A0,E0,0,0,1995,2,129,130,36,35,2,976
48341,4591,A05,0,A00,A0,A0,E0,0,0,1995,2,,,,0,,457
48347,4591,A05,0,A00,A0,A0,E0,0,0,1995,2,94,94,49,49,0,630
48349,4591,A05,0,A00,A0,A0,E0,0,0,1995,2,14,12,,5,-2,801
48355,4591,A05,0,A00,A0,A0,E0,0,0,1995,2,322,365,128,85,44,1019
48357,4591,A05,0,A00,A0,A0,E0,0,0,1995,2,,,0,0,,753
48361,4591,A05,0,A00,A0,A0,E0,0,0,1995,2,28,28,13,13,0,878
48363,4591,A05,0,A00,A0,A0,E0,0,0,1995,2,,,,0,,968
48367,4591,A05,0,A00,A0,A0,E0,0,0,1995,2,24,21,5,8,-3,1036
48371,4591,A05,0,A00,A0,A0,E0,0,0,1995,2,12,15,6,3,3,1144
48375,4591,A05,0,A00,A0,A0,E0,0,0,1995,2,261,256,92,97,-5,991
48377,4591,A05,0,A00,A0,A0,E0,0,0,1995,2,,0,0,,,1816
48381,4591,A05,0,A00,A0,A0,E0,0,0,1995,2,135,142,62,55,8,835
48389,4591,A05,0,A00,A0,A0,E0,0,0,1995,2,,,0,0,,656
48397,4591,A05,0,A00,A0,A0,E0,0,0,1995,2,,,0,0,,2866
48401,4591,A05,0,A00,A0,A0,E0,0,0,1995,2,,,0,0,,1361
48403,4591,A05,0,A00,A0,A0,E0,0,0,1995,2,,,,0,,748
48405,4591,A05,0,A00,A0,A0,E0,0,0,1995,2,0,,,0,,
48407,4591,A05,0,A00,A0,A0,E0,0,0,1995,2,,,0,0,,736
48409,4591,A05,0,A00,A0,A0,E0,0,0,1995,2,,,,,,1107
48415,4591,A05,0,A00,A0,A0,E0,0,0,1995,2,,,,0,,749
48423,4591,A05,0,A00,A0,A0,E0,0,0,1995,2,322,331,115,106,9,1097
48425,4591,A05,0,A00,A0,A0,E0,0,0,1995,2,,0,0,,,729
48427,4591,A05,0,A00,A0,A0,E0,0,0,1995,2,,,0,0,,610
48429,4591,A05,0,A00,A0,A0,E0,0,0,1995,2,4,,,3,-2,982
48437,4591,A05,0,A00,A0,A0,E0,0,0,1995,2,,,,,,1299
48439,4591,A05,0,A00,A0,A0,E0,0,0,1995,2,1802,1851,591,542,49,1152
48441,4591,A05,0,A00,A0,A0,E0,0,0,1995,2,226,242,89,73,16,1051
48449,4591,A05,0,A00,A0,A0,E0,0,0,1995,2,8,8,0,,-1,739
48451,4591,A05,0,A00,A0,A0,E0,0,0,1995,2,142,148,54,49,5,906
48453,4591,A05,0,A00,A0,A0,E0,0,0,1995,2,1219,1246,350,322,28,1096
48459,4591,A05,0,A00,A0,A0,E0,0,0,1995,2,,,,0,,619
48463,4591,A05,0,A00,A0,A0,E0,0,0,1995,2,,,0,0,,636
48465,4591,A05,0,A00,A0,A0,E0,0,0,1995,2,71,79,14,6,8,1403
48467,4591,A05,0,A00,A0,A0,E0,0,0,1995,2,,,,,,590
48469,4591,A05,0,A00,A0,A0,E0,0,0,1995,2,86,84,22,25,-3,727
48471,4591,A05,0,A00,A0,A0,E0,0,0,1995,2,32,30,6,9,-3,1126
48475,4591,A05,0,A00,A0,A0,E0,0,0,1995,2,,,,,,318
48477,4591,A05,0,A00,A0,A0,E0,0,0,1995,2,6,5,0,,-1,343
48479,4591,A05,0,A00,A0,A0,E0,0,0,1995,2,222,207,40,54,-14,966
48481,4591,A05,0,A00,A0,A0,E0,0,0,1995,2,21,24,10,7,3,1147
48485,4591,A05,0,A00,A0,A0,E0,0,0,1995,2,168,157,46,57,-11,945
48487,4591,A05,0,A00,A0,A0,E0,0,0,1995,2,,,,,,844
48491,4591,A05,0,A00,A0,A0,E0,0,0,1995,2,267,261,86,92,-6,1024
48499,4591,A05,0,A00,A0,A0,E0,0,0,1995,2,,,,,,1345
48503,4591,A05,0,A00,A0,A0,E0,0,0,1995,2,9,9,,,0,547
48,4591,A05,0,A00,A0,A0,E0,0,0,1995,2,21022,21492,6979,6509,470,1154
48003,4591,A05,0,A00,A0,A0,E0,0,0,1995,3,,,,,,615
48005,4591,A05,0,A00,A0,A0,E0,0,0,1995,3,48,44,8,11,-4,1113
48007,4591,A05,0,A00,A0,A0,E0,0,0,1995,3,17,17,,,0,2081
48013,4591,A05,0,A00,A0,A0,E0,0,0,1995,3,0,,,0,,
48015,4591,A05,0,A00,A0,A0,E0,0,0,1995,3,,,,,,699
48019,4591,A05,0,A00,A0,A0,E0,0,0,1995,3,,,,,,1390
48021,4591,A05,0,A00,A0,A0,E0,0,0,1995,3,11,12,5,4,1,431
48023,4591,A05,0,A00,A0,A0,E0,0,0,1995,3,,,0,,,497
48027,4591,A05,0,A00,A0,A0,E0,0,0,1995,3,163,178,80,65,15,978
48029,4591,A05,0,A00,A0,A0,E0,0,0,1995,3,1575,1699,712,588,124,951
48037,4591,A05,0,A00,A0,A0,E0,0,0,1995,3,67,71,25,20,4,872
48039,4591,A05,0,A00,A0,A0,E0,0,0,1995,3,97,91,33,39,-6,1087
48041,4591,A05,0,A00,A0,A0,E0,0,0,1995,3,189,195,84,78,6,773
48043,4591,A05,0,A00,A0,A0,E0,0,0,1995,3,,,,,,418
48049,4591,A05,0,A00,A0,A0,E0,0,0,1995,3,8,12,11,6,4,554
48053,4591,A05,0,A00,A0,A0,E0,0,0,1995,3,16,14,5,8,-2,875
48057,4591,A05,0,A00,A0,A0,E0,0,0,1995,3,,,0,0,,786
48059,4591,A05,0,A00,A0,A0,E0,0,0,1995,3,,,0,0,,491
48061,4591,A05,0,A00,A0,A0,E0,0,0,1995,3,311,299,54,67,-13,879
48067,4591,A05,0,A00,A0,A0,E0,0,0,1995,3,,,,,,710
48069,4591,A05,0,A00,A0,A0,E0,0,0,1995,3,,,0,0,,418
48071,4591,A05,0,A00,A0,A0,E0,0,0,1995,3,,,,,,1359
48073,4591,A05,0,A00,A0,A0,E0,0,0,1995,3,,,0,,,565
48085,4591,A05,0,A00,A0,A0,E0,0,0,1995,3,593,608,283,268,15,1463
48089,4591,A05,0,A00,A0,A0,E0,0,0,1995,3,4,5,,,1,852
48091,4591,A05,0,A00,A0,A0,E0,0,0,1995,3,93,95,95,93,2,715
48093,4591,A05,0,A00,A0,A0,E0,0,0,1995,3,9,11,4,,2,584
48097,4591,A05,0,A00,A0,A0,E0,0,0,1995,3,11,13,4,,2,761
48099,4591,A05,0,A00,A0,A0,E0,0,0,1995,3,,,0,,,716
48113,4591,A05,0,A00,A0,A0,E0,0,0,1995,3,4017,4055,1500,1462,38,1432
48115,4591,A05,0,A00,A0,A0,E0,0,0,1995,3,,,0,0,,404
48117,4591,A05,0,A00,A0,A0,E0,0,0,1995,3,,,0,0,,1438
48121,4591,A05,0,A00,A0,A0,E0,0,0,1995,3,312,314,97,95,2,1116
48123,4591,A05,0,A00,A0,A0,E0,0,0,1995,3,,,0,,,245
48129,4591,A05,0,A00,A0,A0,E0,0,0,1995,3,,,0,0,,885
48133,4591,A05,0,A00,A0,A0,E0,0,0,1995,3,,,0,0,,948
48135,4591,A05,0,A00,A0,A0,E0,0,0,1995,3,194,235,111,69,41,1007
48139,4591,A05,0,A00,A0,A0,E0,0,0,1995,3,18,22,7,3,4,956
48141,4591,A05,0,A00,A0,A0,E0,0,0,1995,3,725,727,274,272,2,1140
48143,4591,A05,0,A00,A0,A0,E0,0,0,1995,3,6,6,3,,1,687
48149,4591,A05,0,A00,A0,A0,E0,0,0,1995,3,,,,,,540
48157,4591,A05,0,A00,A0,A0,E0,0,0,1995,3,192,199,117,109,8,1024
48161,4591,A05,0,A00,A0,A0,E0,0,0,1995,3,,,0,0,,612
48165,4591,A05,0,A00,A0,A0,E0,0,0,1995,3,,,,,,740
48167,4591,A05,0,A00,A0,A0,E0,0,0,1995,3,108,111,44,41,3,808
48171,4591,A05,0,A00,A0,A0,E0,0,0,1995,3,,,0,0,,1603
48175,4591,A05,0,A00,A0,A0,E0,0,0,1995,3,,0,0,,,220
48179,4591,A05,0,A00,A0,A0,E0,0,0,1995,3,34,29,16,21,-5,556
48181,4591,A05,0,A00,A0,A0,E0,0,0,1995,3,50,47,16,19,-4,799
48183,4591,A05,0,A00,A0,A0,E0,0,0,1995,3,200,186,58,72,-14,1154
48187,4591,A05,0,A00,A0,A0,E0,0,0,1995,3,15,19,6,,4,1025
48189,4591,A05,0,A00,A0,A0,E0,0,0,1995,3,20,26,11,5,6,734
48191,4591,A05,0,A00,A0,A0,E0,0,0,1995,3,,,,,,633
48201,4591,A05,0,A00,A0,A0,E0,0,0,1995,3,4686,4762,1598,1522,75,1238
48203,4591,A05,0,A00,A0,A0,E0,0,0,1995,3,15,14,6,7,-1,605
48209,4591,A05,0,A00,A0,A0,E0,0,0,1995,3,46,59,21,8,13,840
48213,4591,A05,0,A00,A0,A0,E0,0,0,1995,3,,,,,,11471
48215,4591,A05,0,A00,A0,A0,E0,0,0,1995,3,397,417,108,88,19,1010
48217,4591,A05,0,A00,A0,A0,E0,0,0,1995,3,17,27,9,0,9,911
48219,4591,A05,0,A00,A0,A0,E0,0,0,1995,3,3,10,9,,7,580
48221,4591,A05,0,A00,A0,A0,E0,0,0,1995,3,20,17,8,11,-3,1001
48223,4591,A05,0,A00,A0,A0,E0,0,0,1995,3,18,17,4,6,-1,701
48227,4591,A05,0,A00,A0,A0,E0,0,0,1995,3,8,7,,,-1,1114
48231,4591,A05,0,A00,A0,A0,E0,0,0,1995,3,16,10,3,9,-6,1026
48233,4591,A05,0,A00,A0,A0,E0,0,0,1995,3,7,6,6,6,-1,920
48237,4591,A05,0,A00,A0,A0,E0,0,0,1995,3,,,0,0,,242
48241,4591,A05,0,A00,A0,A0,E0,0,0,1995,3,9,6,7,10,-3,371
48245,4591,A05,0,A00,A0,A0,E0,0,0,1995,3,277,259,71,88,-18,995
48249,4591,A05,0,A00,A0,A0,E0,0,0,1995,3,,3,,0,1,754
48251,4591,A05,0,A00,A0,A0,E0,0,0,1995,3,9,10,3,,1,721
48253,4591,A05,0,A00,A0,A0,E0,0,0,1995,3,,,0,0,,898
48257,4591,A05,0,A00,A0,A0,E0,0,0,1995,3,,,,,,4273
48259,4591,A05,0,A00,A0,A0,E0,0,0,1995,3,10,10,8,9,-1,579
48265,4591,A05,0,A00,A0,A0,E0,0,0,1995,3,26,30,6,3,3,779
48273,4591,A05,0,A00,A0,A0,E0,0,0,1995,3,,,0,0,,876
48277,4591,A05,0,A00,A0,A0,E0,0,0,1995,3,,,0,,,944
48285,4591,A05,0,A00,A0,A0,E0,0,0,1995,3,,,0,0,,409
48287,4591,A05,0,A00,A0,A0,E0,0,0,1995,3,,,0,,,685
48289,4591,A05,0,A00,A0,A0,E0,0,0,1995,3,,,,,,898
48293,4591,A05,0,A00,A0,A0,E0,0,0,1995,3,,,0,0,,642
48297,4591,A05,0,A00,A0,A0,E0,0,0,1995,3,,,,,,540
48299,4591,A05,0,A00,A0,A0,E0,0,0,1995,3,,,0,0,,282
48303,4591,A05,0,A00,A0,A0,E0,0,0,1995,3,453,471,154,137,18,1057
48307,4591,A05,0,A00,A0,A0,E0,0,0,1995,3,,,,0,,345
48309,4591,A05,0,A00,A0,A0,E0,0,0,1995,3,161,162,60,59,1,1021
48321,4591,A05,0,A00,A0,A0,E0,0,0,1995,3,11,10,11,11,0,787
48323,4591,A05,0,A00,A0,A0,E0,0,0,1995,3,14,16,4,3,1,770
48325,4591,A05,0,A00,A0,A0,E0,0,0,1995,3,,,,,,427
48327,4591,A05,0,A00,A0,A0,E0,0,0,1995,3,,,0,0,,1161
48329,4591,A05,0,A00,A0,A0,E0,0,0,1995,3,193,191,74,76,-2,761
48331,4591,A05,0,A00,A0,A0,E0,0,0,1995,3,,,0,0,,236
48339,4591,A05,0,A00,A0,A0,E0,0,0,1995,3,130,160,69,39,30,979
48341,4591,A05,0,A00,A0,A0,E0,0,0,1995,3,,,,,,406
48347,4591,A05,0,A00,A0,A0,E0,0,0,1995,3,95,148,122,68,54,718
48349,4591,A05,0,A00,A0,A0,E0,0,0,1995,3,16,10,4,10,-6,499
48355,4591,A05,0,A00,A0,A0,E0,0,0,1995,3,363,356,111,118,-7,1141
48357,4591,A05,0,A00,A0,A0,E0,0,0,1995,3,,,0,0,,610
48361,4591,A05,0,A00,A0,A0,E0,0,0,1995,3,28,29,7,5,1,834
48363,4591,A05,0,A00,A0,A0,E0,0,0,1995,3,,,0,,,503
48367,4591,A05,0,A00,A0,A0,E0,0,0,1995,3,21,22,8,7,1,1107
48371,4591,A05,0,A00,A0,A0,E0,0,0,1995,3,15,19,8,4,4,995
48375,4591,A05,0,A00,A0,A0,E0,0,0,1995,3,256,263,113,107,7,866
48381,4591,A05,0,A00,A0,A0,E0,0,0,1995,3,142,144,55,53,1,841
48389,4591,A05,0,A00,A0,A0,E0,0,0,1995,3,,,0,,,575
48397,4591,A05,0,A00,A0,A0,E0,0,0,1995,3,,,,,,2500
48401,4591,A05,0,A00,A0,A0,E0,0,0,1995,3,,,,,,314
48403,4591,A05,0,A00,A0,A0,E0,0,0,1995,3,,,0,0,,487
48405,4591,A05,0,A00,A0,A0,E0,0,0,1995,3,,0,0,,,649
48407,4591,A05,0,A00,A0,A0,E0,0,0,1995,3,,,0,0,,736
48409,4591,A05,0,A00,A0,A0,E0,0,0,1995,3,,,0,,,735
48415,4591,A05,0,A00,A0,A0,E0,0,0,1995,3,,,0,,,698
48423,4591,A05,0,A00,A0,A0,E0,0,0,1995,3,329,340,116,104,11,1062
48427,4591,A05,0,A00,A0,A0,E0,0,0,1995,3,,,0,0,,536
48429,4591,A05,0,A00,A0,A0,E0,0,0,1995,3,,,0,0,,1402
48435,4591,A05,0,A00,A0,A0,E0,0,0,1995,3,0,,,0,,
48437,4591,A05,0,A00,A0,A0,E0,0,0,1995,3,,,,,,1218
48439,4591,A05,0,A00,A0,A0,E0,0,0,1995,3,1843,1829,664,679,-14,1143
48441,4591,A05,0,A00,A0,A0,E0,0,0,1995,3,243,248,83,78,5,965
48449,4591,A05,0,A00,A0,A0,E0,0,0,1995,3,8,7,,,-1,705
48451,4591,A05,0,A00,A0,A0,E0,0,0,1995,3,151,150,56,57,-1,861
48453,4591,A05,0,A00,A0,A0,E0,0,0,1995,3,1245,1366,485,364,120,1084
48459,4591,A05,0,A00,A0,A0,E0,0,0,1995,3,,,,,,619
48463,4591,A05,0,A00,A0,A0,E0,0,0,1995,3,,0,0,,,626
48465,4591,A05,0,A00,A0,A0,E0,0,0,1995,3,79,73,4,10,-6,1401
48467,4591,A05,0,A00,A0,A0,E0,0,0,1995,3,,,,,,893
48469,4591,A05,0,A00,A0,A0,E0,0,0,1995,3,81,94,52,39,13,773
48471,4591,A05,0,A00,A0,A0,E0,0,0,1995,3,30,29,12,12,-1,1280
48475,4591,A05,0,A00,A0,A0,E0,0,0,1995,3,,,,,,295
48477,4591,A05,0,A00,A0,A0,E0,0,0,1995,3,5,4,,,-1,320
48479,4591,A05,0,A00,A0,A0,E0,0,0,1995,3,207,207,42,42,0,1057
48481,4591,A05,0,A00,A0,A0,E0,0,0,1995,3,24,21,7,10,-2,1208
48485,4591,A05,0,A00,A0,A0,E0,0,0,1995,3,157,154,59,62,-3,937
48487,4591,A05,0,A00,A0,A0,E0,0,0,1995,3,,,,,,793
48491,4591,A05,0,A00,A0,A0,E0,0,0,1995,3,261,263,96,94,2,1085
48497,4591,A05,0,A00,A0,A0,E0,0,0,1995,3,0,,,0,,
48499,4591,A05,0,A00,A0,A0,E0,0,0,1995,3,,,,0,,1463
48503,4591,A05,0,A00,A0,A0,E0,0,0,1995,3,9,13,5,,4,663
48,4591,A05,0,A00,A0,A0,E0,0,0,1995,3,21486,22016,8067,7536,530,1157
48003,4591,A05,0,A00,A0,A0,E0,0,0,1995,4,,,,,,663
48005,4591,A05,0,A00,A0,A0,E0,0,0,1995,4,44,47,18,15,3,1129
48007,4591,A05,0,A00,A0,A0,E0,0,0,1995,4,17,16,3,4,-1,5918
48013,4591,A05,0,A00,A0,A0,E0,0,0,1995,4,,,0,0,,568
48015,4591,A05,0,A00,A0,A0,E0,0,0,1995,4,,,0,0,,733
48019,4591,A05,0,A00,A0,A0,E0,0,0,1995,4,,,,,,1309
48021,4591,A05,0,A00,A0,A0,E0,0,0,1995,4,12,6,,8,-6,471
48023,4591,A05,0,A00,A0,A0,E0,0,0,1995,4,,0,0,,,577
48027,4591,A05,0,A00,A0,A0,E0,0,0,1995,4,175,193,123,106,17,1011
48029,4591,A05,0,A00,A0,A0,E0,0,0,1995,4,1664,1857,1022,829,193,1045
48037,4591,A05,0,A00,A0,A0,E0,0,0,1995,4,71,76,45,40,5,844
48039,4591,A05,0,A00,A0,A0,E0,0,0,1995,4,97,106,45,36,9,1255
48041,4591,A05,0,A00,A0,A0,E0,0,0,1995,4,198,200,101,99,2,771
48043,4591,A05,0,A00,A0,A0,E0,0,0,1995,4,,,,,,473
48049,4591,A05,0,A00,A0,A0,E0,0,0,1995,4,12,15,6,3,3,623
48053,4591,A05,0,A00,A0,A0,E0,0,0,1995,4,14,15,3,,1,1507
48057,4591,A05,0,A00,A0,A0,E0,0,0,1995,4,,,0,0,,761
48059,4591,A05,0,A00,A0,A0,E0,0,0,1995,4,,,0,0,,199
48061,4591,A05,0,A00,A0,A0,E0,0,0,1995,4,298,309,64,53,11,907
48067,4591,A05,0,A00,A0,A0,E0,0,0,1995,4,,,,,,736
48069,4591,A05,0,A00,A0,A0,E0,0,0,1995,4,,,0,0,,524
48071,4591,A05,0,A00,A0,A0,E0,0,0,1995,4,,,,,,1035
48073,4591,A05,0,A00,A0,A0,E0,0,0,1995,4,3,9,7,,6,617
48085,4591,A05,0,A00,A0,A0,E0,0,0,1995,4,569,624,370,315,55,1685
48089,4591,A05,0,A00,A0,A0,E0,0,0,1995,4,5,5,,,0,805
48091,4591,A05,0,A00,A0,A0,E0,0,0,1995,4,48,50,24,22,2,867
48093,4591,A05,0,A00,A0,A0,E0,0,0,1995,4,11,11,,,0,532
48097,4591,A05,0,A00,A0,A0,E0,0,0,1995,4,13,18,8,4,4,802
48099,4591,A05,0,A00,A0,A0,E0,0,0,1995,4,,,0,0,,525
48113,4591,A05,0,A00,A0,A0,E0,0,0,1995,4,3957,4425,2447,1980,467,1599
48115,4591,A05,0,A00,A0,A0,E0,0,0,1995,4,,,,,,202
48117,4591,A05,0,A00,A0,A0,E0,0,0,1995,4,,,0,0,,2108
48121,4591,A05,0,A00,A0,A0,E0,0,0,1995,4,317,348,197,166,31,1143
48123,4591,A05,0,A00,A0,A0,E0,0,0,1995,4,,,0,0,,331
48129,4591,A05,0,A00,A0,A0,E0,0,0,1995,4,,0,0,,,178
48133,4591,A05,0,A00,A0,A0,E0,0,0,1995,4,,,0,0,,850
48135,4591,A05,0,A00,A0,A0,E0,0,0,1995,4,184,194,82,72,10,1056
48139,4591,A05,0,A00,A0,A0,E0,0,0,1995,4,22,23,4,3,1,936
48141,4591,A05,0,A00,A0,A0,E0,0,0,1995,4,780,878,483,384,98,1217
48143,4591,A05,0,A00,A0,A0,E0,0,0,1995,4,6,8,,0,1,680
48149,4591,A05,0,A00,A0,A0,E0,0,0,1995,4,,,,0,,876
48157,4591,A05,0,A00,A0,A0,E0,0,0,1995,4,189,209,123,103,20,945
48161,4591,A05,0,A00,A0,A0,E0,0,0,1995,4,,,0,0,,550
48165,4591,A05,0,A00,A0,A0,E0,0,0,1995,4,,,,,,667
48167,4591,A05,0,A00,A0,A0,E0,0,0,1995,4,111,102,58,67,-9,803
48171,4591,A05,0,A00,A0,A0,E0,0,0,1995,4,,,,0,,1685
48179,4591,A05,0,A00,A0,A0,E0,0,0,1995,4,29,22,6,13,-7,572
48181,4591,A05,0,A00,A0,A0,E0,0,0,1995,4,47,48,21,20,2,933
48183,4591,A05,0,A00,A0,A0,E0,0,0,1995,4,186,205,87,68,20,1209
48187,4591,A05,0,A00,A0,A0,E0,0,0,1995,4,19,21,3,,2,980
48189,4591,A05,0,A00,A0,A0,E0,0,0,1995,4,26,28,20,18,2,790
48191,4591,A05,0,A00,A0,A0,E0,0,0,1995,4,,,,,,813
48201,4591,A05,0,A00,A0,A0,E0,0,0,1995,4,5034,5699,3244,2580,664,1327
48203,4591,A05,0,A00,A0,A0,E0,0,0,1995,4,14,11,,5,-2,611
48209,4591,A05,0,A00,A0,A0,E0,0,0,1995,4,59,66,37,30,7,1009
48213,4591,A05,0,A00,A0,A0,E0,0,0,1995,4,,,,,,15996
48215,4591,A05,0,A00,A0,A0,E0,0,0,1995,4,417,436,132,113,19,1007
48217,4591,A05,0,A00,A0,A0,E0,0,0,1995,4,27,28,17,15,2,785
48219,4591,A05,0,A00,A0,A0,E0,0,0,1995,4,10,,0,8,-8,354
48221,4591,A05,0,A00,A0,A0,E0,0,0,1995,4,17,17,7,7,0,1017
48223,4591,A05,0,A00,A0,A0,E0,0,0,1995,4,17,15,5,6,-1,788
48227,4591,A05,0,A00,A0,A0,E0,0,0,1995,4,7,6,,,-1,1141
48231,4591,A05,0,A00,A0,A0,E0,0,0,1995,4,10,11,7,7,0,860
48233,4591,A05,0,A00,A0,A0,E0,0,0,1995,4,6,10,9,6,4,1021
48237,4591,A05,0,A00,A0,A0,E0,0,0,1995,4,,,0,0,,200
48241,4591,A05,0,A00,A0,A0,E0,0,0,1995,4,6,6,0,0,0,719
48245,4591,A05,0,A00,A0,A0,E0,0,0,1995,4,257,291,173,138,34,1078
48249,4591,A05,0,A00,A0,A0,E0,0,0,1995,4,3,,0,,-1,526
48251,4591,A05,0,A00,A0,A0,E0,0,0,1995,4,10,8,,4,-2,541
48253,4591,A05,0,A00,A0,A0,E0,0,0,1995,4,,,0,0,,1069
48257,4591,A05,0,A00,A0,A0,E0,0,0,1995,4,,,,,,3363
48259,4591,A05,0,A00,A0,A0,E0,0,0,1995,4,10,11,4,3,1,732
48265,4591,A05,0,A00,A0,A0,E0,0,0,1995,4,30,29,9,10,-1,843
48273,4591,A05,0,A00,A0,A0,E0,0,0,1995,4,,,0,0,,827
48277,4591,A05,0,A00,A0,A0,E0,0,0,1995,4,,,,0,,989
48285,4591,A05,0,A00,A0,A0,E0,0,0,1995,4,,,0,0,,360
48287,4591,A05,0,A00,A0,A0,E0,0,0,1995,4,,,0,0,,895
48289,4591,A05,0,A00,A0,A0,E0,0,0,1995,4,,,0,0,,1004
48293,4591,A05,0,A00,A0,A0,E0,0,0,1995,4,,0,0,,,554
48297,4591,A05,0,A00,A0,A0,E0,0,0,1995,4,,,,,,590
48299,4591,A05,0,A00,A0,A0,E0,0,0,1995,4,,,0,,,416
48303,4591,A05,0,A00,A0,A0,E0,0,0,1995,4,467,514,252,205,47,1111
48307,4591,A05,0,A00,A0,A0,E0,0,0,1995,4,,,0,0,,322
48309,4591,A05,0,A00,A0,A0,E0,0,0,1995,4,161,184,128,105,23,1093
48321,4591,A05,0,A00,A0,A0,E0,0,0,1995,4,10,8,0,,-2,903
48323,4591,A05,0,A00,A0,A0,E0,0,0,1995,4,16,18,8,6,2,733
48325,4591,A05,0,A00,A0,A0,E0,0,0,1995,4,,,0,,,498
48327,4591,A05,0,A00,A0,A0,E0,0,0,1995,4,,,,0,,1171
48329,4591,A05,0,A00,A0,A0,E0,0,0,1995,4,194,225,138,107,31,824
48331,4591,A05,0,A00,A0,A0,E0,0,0,1995,4,,,0,0,,325
48339,4591,A05,0,A00,A0,A0,E0,0,0,1995,4,205,202,92,94,-3,930
48341,4591,A05,0,A00,A0,A0,E0,0,0,1995,4,,,,,,386
48347,4591,A05,0,A00,A0,A0,E0,0,0,1995,4,74,78,39,36,3,712
48349,4591,A05,0,A00,A0,A0,E0,0,0,1995,4,10,12,,,1,676
48355,4591,A05,0,A00,A0,A0,E0,0,0,1995,4,360,398,176,137,38,1119
48357,4591,A05,0,A00,A0,A0,E0,0,0,1995,4,,0,0,,,258
48361,4591,A05,0,A00,A0,A0,E0,0,0,1995,4,29,27,6,8,-2,866
48363,4591,A05,0,A00,A0,A0,E0,0,0,1995,4,,0,,,,225
48367,4591,A05,0,A00,A0,A0,E0,0,0,1995,4,22,18,6,9,-4,1083
48371,4591,A05,0,A00,A0,A0,E0,0,0,1995,4,19,20,4,3,1,882
48375,4591,A05,0,A00,A0,A0,E0,0,0,1995,4,263,303,207,167,40,836
48381,4591,A05,0,A00,A0,A0,E0,0,0,1995,4,145,163,81,62,19,996
48389,4591,A05,0,A00,A0,A0,E0,0,0,1995,4,,,0,,,646
48397,4591,A05,0,A00,A0,A0,E0,0,0,1995,4,,,0,0,,2503
48401,4591,A05,0,A00,A0,A0,E0,0,0,1995,4,,,0,0,,722
48403,4591,A05,0,A00,A0,A0,E0,0,0,1995,4,,,0,0,,161
48407,4591,A05,0,A00,A0,A0,E0,0,0,1995,4,,,0,,,736
48409,4591,A05,0,A00,A0,A0,E0,0,0,1995,4,,,0,,,808
48415,4591,A05,0,A00,A0,A0,E0,0,0,1995,4,,,0,0,,758
48423,4591,A05,0,A00,A0,A0,E0,0,0,1995,4,340,392,188,136,52,1079
48427,4591,A05,0,A00,A0,A0,E0,0,0,1995,4,,,0,0,,621
48429,4591,A05,0,A00,A0,A0,E0,0,0,1995,4,,,0,0,,1387
48435,4591,A05,0,A00,A0,A0,E0,0,0,1995,4,,,,0,,471
48437,4591,A05,0,A00,A0,A0,E0,0,0,1995,4,,,,,,1755
48439,4591,A05,0,A00,A0,A0,E0,0,0,1995,4,1812,2071,1144,885,259,1186
48441,4591,A05,0,A00,A0,A0,E0,0,0,1995,4,230,225,59,64,-6,1048
48449,4591,A05,0,A00,A0,A0,E0,0,0,1995,4,7,6,,,-1,775
48451,4591,A05,0,A00,A0,A0,E0,0,0,1995,4,151,150,47,48,-2,988
48453,4591,A05,0,A00,A0,A0,E0,0,0,1995,4,1357,1465,744,637,107,1195
48459,4591,A05,0,A00,A0,A0,E0,0,0,1995,4,,,,,,887
48463,4591,A05,0,A00,A0,A0,E0,0,0,1995,4,0,,,,0,
48465,4591,A05,0,A00,A0,A0,E0,0,0,1995,4,73,67,3,9,-6,1355
48467,4591,A05,0,A00,A0,A0,E0,0,0,1995,4,,,,,,457
48469,4591,A05,0,A00,A0,A0,E0,0,0,1995,4,94,102,46,38,8,770
48471,4591,A05,0,A00,A0,A0,E0,0,0,1995,4,29,23,15,21,-6,1131
48475,4591,A05,0,A00,A0,A0,E0,0,0,1995,4,,,,0,,523
48477,4591,A05,0,A00,A0,A0,E0,0,0,1995,4,4,4,0,0,0,424
48479,4591,A05,0,A00,A0,A0,E0,0,0,1995,4,208,240,123,90,33,1063
48481,4591,A05,0,A00,A0,A0,E0,0,0,1995,4,21,21,,,-1,1468
48485,4591,A05,0,A00,A0,A0,E0,0,0,1995,4,154,157,56,53,3,1012
48487,4591,A05,0,A00,A0,A0,E0,0,0,1995,4,,,,0,,932
48491,4591,A05,0,A00,A0,A0,E0,0,0,1995,4,274,300,145,119,25,1005
48497,4591,A05,0,A00,A0,A0,E0,0,0,1995,4,,,,0,,2326
48499,4591,A05,0,A00,A0,A0,E0,0,0,1995,4,,0,0,,,1550
48503,4591,A05,0,A00,A0,A0,E0,0,0,1995,4,13,11,4,6,-2,479
48,4591,A05,0,A00,A0,A0,E0,0,0,1995,4,22017,24325,12793,10485,2307,1246
48003,4591,A05,0,A00,A0,A0,E0,0,0,1996,1,,,0,,,490
48005,4591,A05,0,A00,A0,A0,E0,0,0,1996,1,47,42,8,12,-5,1044
48007,4591,A05,0,A00,A0,A0,E0,0,0,1996,1,16,16,7,7,0,2796
48013,4591,A05,0,A00,A0,A0,E0,0,0,1996,1,,,0,0,,189
48015,4591,A05,0,A00,A0,A0,E0,0,0,1996,1,6,5,3,5,-1,486
48019,4591,A05,0,A00,A0,A0,E0,0,0,1996,1,,,,,,1332
48021,4591,A05,0,A00,A0,A0,E0,0,0,1996,1,,,,,,490
48023,4591,A05,0,A00,A0,A0,E0,0,0,1996,1,0,,,0,,
48025,4591,A05,0,A00,A0,A0,E0,0,0,1996,1,0,,,0,,
48027,4591,A05,0,A00,A0,A0,E0,0,0,1996,1,191,174,39,56,-17,909
48029,4591,A05,0,A00,A0,A0,E0,0,0,1996,1,1861,1609,320,572,-251,870
48037,4591,A05,0,A00,A0,A0,E0,0,0,1996,1,76,70,8,14,-6,737
48039,4591,A05,0,A00,A0,A0,E0,0,0,1996,1,102,97,24,30,-6,1011
48041,4591,A05,0,A00,A0,A0,E0,0,0,1996,1,200,197,69,72,-3,733
48043,4591,A05,0,A00,A0,A0,E0,0,0,1996,1,,,,,,402
48049,4591,A05,0,A00,A0,A0,E0,0,0,1996,1,16,14,,4,-1,574
48053,4591,A05,0,A00,A0,A0,E0,0,0,1996,1,15,18,5,,3,1166
48057,4591,A05,0,A00,A0,A0,E0,0,0,1996,1,,,0,0,,754
48059,4591,A05,0,A00,A0,A0,E0,0,0,1996,1,,,0,0,,176
48061,4591,A05,0,A00,A0,A0,E0,0,0,1996,1,313,289,41,65,-24,846
48067,4591,A05,0,A00,A0,A0,E0,0,0,1996,1,,,,,,482
48069,4591,A05,0,A00,A0,A0,E0,0,0,1996,1,,,0,0,,411
48071,4591,A05,0,A00,A0,A0,E0,0,0,1996,1,14,18,7,3,4,1191
48073,4591,A05,0,A00,A0,A0,E0,0,0,1996,1,,,,,,670
48085,4591,A05,0,A00,A0,A0,E0,0,0,1996,1,609,584,182,207,-25,911
48089,4591,A05,0,A00,A0,A0,E0,0,0,1996,1,5,5,,,0,594
48091,4591,A05,0,A00,A0,A0,E0,0,0,1996,1,51,54,22,19,4,800
48093,4591,A05,0,A00,A0,A0,E0,0,0,1996,1,,,,0,,215
48097,4591,A05,0,A00,A0,A0,E0,0,0,1996,1,18,16,4,5,-1,756
48099,4591,A05,0,A00,A0,A0,E0,0,0,1996,1,,,0,0,,880
48113,4591,A05,0,A00,A0,A0,E0,0,0,1996,1,4443,3984,833,1292,-460,1327
48115,4591,A05,0,A00,A0,A0,E0,0,0,1996,1,,,0,0,,272
48117,4591,A05,0,A00,A0,A0,E0,0,0,1996,1,,,0,0,,1352
48121,4591,A05,0,A00,A0,A0,E0,0,0,1996,1,345,306,65,104,-39,1008
48123,4591,A05,0,A00,A0,A0,E0,0,0,1996,1,,,0,0,,286
48133,4591,A05,0,A00,A0,A0,E0,0,0,1996,1,,,,,,259
48135,4591,A05,0,A00,A0,A0,E0,0,0,1996,1,194,162,34,66,-32,933
48139,4591,A05,0,A00,A0,A0,E0,0,0,1996,1,18,15,,4,-3,958
48141,4591,A05,0,A00,A0,A0,E0,0,0,1996,1,899,693,148,354,-207,880
48143,4591,A05,0,A00,A0,A0,E0,0,0,1996,1,8,9,,,1,519
48149,4591,A05,0,A00,A0,A0,E0,0,0,1996,1,,,,,,530
48157,4591,A05,0,A00,A0,A0,E0,0,0,1996,1,233,224,77,85,-9,845
48165,4591,A05,0,A00,A0,A0,E0,0,0,1996,1,,,,,,405
48167,4591,A05,0,A00,A0,A0,E0,0,0,1996,1,98,79,23,42,-20,686
48171,4591,A05,0,A00,A0,A0,E0,0,0,1996,1,,,,,,481
48179,4591,A05,0,A00,A0,A0,E0,0,0,1996,1,22,24,5,4,1,529
48181,4591,A05,0,A00,A0,A0,E0,0,0,1996,1,48,32,10,27,-16,725
48183,4591,A05,0,A00,A0,A0,E0,0,0,1996,1,205,177,30,58,-29,1053
48187,4591,A05,0,A00,A0,A0,E0,0,0,1996,1,21,26,5,0,5,918
48189,4591,A05,0,A00,A0,A0,E0,0,0,1996,1,28,21,7,13,-7,526
48191,4591,A05,0,A00,A0,A0,E0,0,0,1996,1,,,,,,672
48201,4591,A05,0,A00,A0,A0,E0,0,0,1996,1,5638,4862,962,1737,-776,1010
48203,4591,A05,0,A00,A0,A0,E0,0,0,1996,1,11,13,,,1,664
48207,4591,A05,0,A00,A0,A0,E0,0,0,1996,1,0,,,0,,
48209,4591,A05,0,A00,A0,A0,E0,0,0,1996,1,65,60,14,19,-5,850
48213,4591,A05,0,A00,A0,A0,E0,0,0,1996,1,3,5,,0,2,9003
48215,4591,A05,0,A00,A0,A0,E0,0,0,1996,1,436,372,45,110,-64,886
48217,4591,A05,0,A00,A0,A0,E0,0,0,1996,1,28,23,4,9,-5,686
48219,4591,A05,0,A00,A0,A0,E0,0,0,1996,1,,,,,,770
48221,4591,A05,0,A00,A0,A0,E0,0,0,1996,1,17,21,7,3,3,938
48223,4591,A05,0,A00,A0,A0,E0,0,0,1996,1,15,16,11,9,1,725
48227,4591,A05,0,A00,A0,A0,E0,0,0,1996,1,6,6,,,0,1126
48231,4591,A05,0,A00,A0,A0,E0,0,0,1996,1,11,5,,8,-6,607
48233,4591,A05,0,A00,A0,A0,E0,0,0,1996,1,11,12,,0,1,734
48237,4591,A05,0,A00,A0,A0,E0,0,0,1996,1,,,0,0,,144
48241,4591,A05,0,A00,A0,A0,E0,0,0,1996,1,6,7,3,,1,804
48245,4591,A05,0,A00,A0,A0,E0,0,0,1996,1,295,209,57,143,-86,847
48249,4591,A05,0,A00,A0,A0,E0,0,0,1996,1,,3,,,1,754
48251,4591,A05,0,A00,A0,A0,E0,0,0,1996,1,8,9,6,5,1,506
48257,4591,A05,0,A00,A0,A0,E0,0,0,1996,1,,,,,,3180
48259,4591,A05,0,A00,A0,A0,E0,0,0,1996,1,,,,,,304
48265,4591,A05,0,A00,A0,A0,E0,0,0,1996,1,29,34,10,4,6,752
48273,4591,A05,0,A00,A0,A0,E0,0,0,1996,1,,,,0,,821
48277,4591,A05,0,A00,A0,A0,E0,0,0,1996,1,,,,,,1074
48285,4591,A05,0,A00,A0,A0,E0,0,0,1996,1,,,0,0,,222
48287,4591,A05,0,A00,A0,A0,E0,0,0,1996,1,,,0,,,695
48289,4591,A05,0,A00,A0,A0,E0,0,0,1996,1,,,0,0,,997
48293,4591,A05,0,A00,A0,A0,E0,0,0,1996,1,0,,,0,,
48297,4591,A05,0,A00,A0,A0,E0,0,0,1996,1,0,,,,,
48299,4591,A05,0,A00,A0,A0,E0,0,0,1996,1,,,0,0,,495
48303,4591,A05,0,A00,A0,A0,E0,0,0,1996,1,516,447,102,171,-69,882
48307,4591,A05,0,A00,A0,A0,E0,0,0,1996,1,6,6,,,0,335
48309,4591,A05,0,A00,A0,A0,E0,0,0,1996,1,191,145,48,95,-47,846
48321,4591,A05,0,A00,A0,A0,E0,0,0,1996,1,8,8,6,6,0,864
48323,4591,A05,0,A00,A0,A0,E0,0,0,1996,1,18,15,,5,-3,641
48325,4591,A05,0,A00,A0,A0,E0,0,0,1996,1,,,,,,299
48327,4591,A05,0,A00,A0,A0,E0,0,0,1996,1,,,0,,,705
48329,4591,A05,0,A00,A0,A0,E0,0,0,1996,1,225,208,55,71,-17,688
48331,4591,A05,0,A00,A0,A0,E0,0,0,1996,1,,,0,0,,281
48339,4591,A05,0,A00,A0,A0,E0,0,0,1996,1,210,192,53,71,-18,975
48341,4591,A05,0,A00,A0,A0,E0,0,0,1996,1,,,,0,,516
48347,4591,A05,0,A00,A0,A0,E0,0,0,1996,1,73,78,32,27,5,700
48349,4591,A05,0,A00,A0,A0,E0,0,0,1996,1,12,15,4,,3,634
48355,4591,A05,0,A00,A0,A0,E0,0,0,1996,1,397,411,134,119,15,954
48361,4591,A05,0,A00,A0,A0,E0,0,0,1996,1,27,30,10,7,3,983
48367,4591,A05,0,A00,A0,A0,E0,0,0,1996,1,18,16,7,9,-2,1122
48371,4591,A05,0,A00,A0,A0,E0,0,0,1996,1,20,18,3,5,-2,861
48375,4591,A05,0,A00,A0,A0,E0,0,0,1996,1,302,245,62,118,-57,686
48381,4591,A05,0,A00,A0,A0,E0,0,0,1996,1,165,130,33,68,-35,704
48389,4591,A05,0,A00,A0,A0,E0,0,0,1996,1,,,,,,382
48397,4591,A05,0,A00,A0,A0,E0,0,0,1996,1,,,0,0,,2503
48401,4591,A05,0,A00,A0,A0,E0,0,0,1996,1,,,0,0,,722
48403,4591,A05,0,A00,A0,A0,E0,0,0,1996,1,,,0,0,,152
48407,4591,A05,0,A00,A0,A0,E0,0,0,1996,1,,,,,,1080
48409,4591,A05,0,A00,A0,A0,E0,0,0,1996,1,,,,,,827
48415,4591,A05,0,A00,A0,A0,E0,0,0,1996,1,,,0,0,,910
48423,4591,A05,0,A00,A0,A0,E0,0,0,1996,1,394,319,43,118,-75,933
48427,4591,A05,0,A00,A0,A0,E0,0,0,1996,1,,,0,0,,513
48429,4591,A05,0,A00,A0,A0,E0,0,0,1996,1,,3,,,1,1344
48435,4591,A05,0,A00,A0,A0,E0,0,0,1996,1,,,,,,178
48437,4591,A05,0,A00,A0,A0,E0,0,0,1996,1,,,,,,1529
48439,4591,A05,0,A00,A0,A0,E0,0,0,1996,1,2057,1793,341,605,-264,983
48441,4591,A05,0,A00,A0,A0,E0,0,0,1996,1,238,211,53,80,-27,1110
48449,4591,A05,0,A00,A0,A0,E0,0,0,1996,1,,,,0,,786
48451,4591,A05,0,A00,A0,A0,E0,0,0,1996,1,150,125,27,52,-25,892
48453,4591,A05,0,A00,A0,A0,E0,0,0,1996,1,1440,1297,263,405,-142,940
48459,4591,A05,0,A00,A0,A0,E0,0,0,1996,1,,,,0,,1050
48465,4591,A05,0,A00,A0,A0,E0,0,0,1996,1,69,65,4,8,-4,1539
48467,4591,A05,0,A00,A0,A0,E0,0,0,1996,1,,,0,0,,923
48469,4591,A05,0,A00,A0,A0,E0,0,0,1996,1,99,81,12,31,-19,704
48471,4591,A05,0,A00,A0,A0,E0,0,0,1996,1,4,8,6,,4,215
48475,4591,A05,0,A00,A0,A0,E0,0,0,1996,1,,,,,,445
48477,4591,A05,0,A00,A0,A0,E0,0,0,1996,1,4,5,,,1,421
48479,4591,A05,0,A00,A0,A0,E0,0,0,1996,1,237,176,28,89,-61,819
48481,4591,A05,0,A00,A0,A0,E0,0,0,1996,1,19,20,4,3,1,1301
48485,4591,A05,0,A00,A0,A0,E0,0,0,1996,1,152,141,30,41,-11,978
48487,4591,A05,0,A00,A0,A0,E0,0,0,1996,1,,,0,0,,892
48491,4591,A05,0,A00,A0,A0,E0,0,0,1996,1,253,219,37,71,-34,847
48497,4591,A05,0,A00,A0,A0,E0,0,0,1996,1,,,,0,,743
48499,4591,A05,0,A00,A0,A0,E0,0,0,1996,1,0,,,,,
48503,4591,A05,0,A00,A0,A0,E0,0,0,1996,1,,,0,0,,840
48,4591,A05,0,A00,A0,A0,E0,0,0,1996,1,24193,21259,4581,7515,-2934,1006
48003,4591,A05,0,A00,A0,A0,E0,0,0,1996,2,,,,0,,339
48005,4591,A05,0,A00,A0,A0,E0,0,0,1996,2,43,47,9,6,4,1130
48007,4591,A05,0,A00,A0,A0,E0,0,0,1996,2,17,18,4,3,1,6700
48013,4591,A05,0,A00,A0,A0,E0,0,0,1996,2,,,0,0,,379
48015,4591,A05,0,A00,A0,A0,E0,0,0,1996,2,5,9,6,,4,4279
48019,4591,A05,0,A00,A0,A0,E0,0,0,1996,2,,,,,,1380
48021,4591,A05,0,A00,A0,A0,E0,0,0,1996,2,4,6,6,3,2,412
48023,4591,A05,0,A00,A0,A0,E0,0,0,1996,2,,,,0,,728
48025,4591,A05,0,A00,A0,A0,E0,0,0,1996,2,,,0,0,,908
48027,4591,A05,0,A00,A0,A0,E0,0,0,1996,2,175,166,45,55,-10,939
48029,4591,A05,0,A00,A0,A0,E0,0,0,1996,2,1613,1589,434,458,-24,964
48031,4591,A05,0,A00,A0,A0,E0,0,0,1996,2,,,,,,974
48037,4591,A05,0,A00,A0,A0,E0,0,0,1996,2,64,53,15,26,-11,798
48039,4591,A05,0,A00,A0,A0,E0,0,0,1996,2,84,91,45,37,8,1078
48041,4591,A05,0,A00,A0,A0,E0,0,0,1996,2,189,167,46,69,-22,724
48049,4591,A05,0,A00,A0,A0,E0,0,0,1996,2,14,13,,4,-2,626
48053,4591,A05,0,A00,A0,A0,E0,0,0,1996,2,18,16,,4,-2,1177
48057,4591,A05,0,A00,A0,A0,E0,0,0,1996,2,,,0,0,,790
48059,4591,A05,0,A00,A0,A0,E0,0,0,1996,2,,0,0,,,219
48061,4591,A05,0,A00,A0,A0,E0,0,0,1996,2,284,280,42,47,-5,1044
48067,4591,A05,0,A00,A0,A0,E0,0,0,1996,2,,,,0,,1482
48069,4591,A05,0,A00,A0,A0,E0,0,0,1996,2,,,0,0,,683
48071,4591,A05,0,A00,A0,A0,E0,0,0,1996,2,,,,,,1468
48073,4591,A05,0,A00,A0,A0,E0,0,0,1996,2,10,10,,,0,541
48085,4591,A05,0,A00,A0,A0,E0,0,0,1996,2,529,544,231,216,15,1098
48089,4591,A05,0,A00,A0,A0,E0,0,0,1996,2,5,4,0,,-1,867
48091,4591,A05,0,A00,A0,A0,E0,0,0,1996,2,50,46,12,16,-4,787
48093,4591,A05,0,A00,A0,A0,E0,0,0,1996,2,,,,,,212
48097,4591,A05,0,A00,A0,A0,E0,0,0,1996,2,16,15,5,7,-2,963
48099,4591,A05,0,A00,A0,A0,E0,0,0,1996,2,,,,0,,754
48113,4591,A05,0,A00,A0,A0,E0,0,0,1996,2,4038,4094,1189,1133,56,1493
48115,4591,A05,0,A00,A0,A0,E0,0,0,1996,2,,,,,,199
48117,4591,A05,0,A00,A0,A0,E0,0,0,1996,2,,,0,0,,1411
48121,4591,A05,0,A00,A0,A0,E0,0,0,1996,2,294,306,103,90,13,1185
48123,4591,A05,0,A00,A0,A0,E0,0,0,1996,2,,,0,,,299
48129,4591,A05,0,A00,A0,A0,E0,0,0,1996,2,0,,,0,,
48133,4591,A05,0,A00,A0,A0,E0,0,0,1996,2,3,,,,-1,1083
48135,4591,A05,0,A00,A0,A0,E0,0,0,1996,2,174,202,71,43,29,1032
48139,4591,A05,0,A00,A0,A0,E0,0,0,1996,2,15,18,7,5,2,1045
48141,4591,A05,0,A00,A0,A0,E0,0,0,1996,2,692,673,163,183,-20,1164
48143,4591,A05,0,A00,A0,A0,E0,0,0,1996,2,9,8,0,,-1,549
48149,4591,A05,0,A00,A0,A0,E0,0,0,1996,2,,,0,0,,418
48157,4591,A05,0,A00,A0,A0,E0,0,0,1996,2,191,181,62,71,-10,960
48163,4591,A05,0,A00,A0,A0,E0,0,0,1996,2,,,,,,306
48165,4591,A05,0,A00,A0,A0,E0,0,0,1996,2,,,,0,,569
48167,4591,A05,0,A00,A0,A0,E0,0,0,1996,2,82,92,47,37,10,827
48171,4591,A05,0,A00,A0,A0,E0,0,0,1996,2,,,0,0,,1012
48179,4591,A05,0,A00,A0,A0,E0,0,0,1996,2,24,27,12,9,3,640
48181,4591,A05,0,A00,A0,A0,E0,0,0,1996,2,32,28,6,9,-3,866
48183,4591,A05,0,A00,A0,A0,E0,0,0,1996,2,166,182,61,45,16,1190
48187,4591,A05,0,A00,A0,A0,E0,0,0,1996,2,26,26,4,3,0,834
48189,4591,A05,0,A00,A0,A0,E0,0,0,1996,2,21,17,4,8,-4,637
48201,4591,A05,0,A00,A0,A0,E0,0,0,1996,2,4922,4788,1221,1355,-134,1272
48203,4591,A05,0,A00,A0,A0,E0,0,0,1996,2,13,13,,,0,674
48207,4591,A05,0,A00,A0,A0,E0,0,0,1996,2,,,,0,,891
48209,4591,A05,0,A00,A0,A0,E0,0,0,1996,2,61,56,13,18,-5,936
48213,4591,A05,0,A00,A0,A0,E0,0,0,1996,2,9,12,3,0,3,6962
48215,4591,A05,0,A00,A0,A0,E0,0,0,1996,2,379,367,79,90,-11,981
48217,4591,A05,0,A00,A0,A0,E0,0,0,1996,2,23,25,6,4,2,990
48219,4591,A05,0,A00,A0,A0,E0,0,0,1996,2,3,6,3,,2,674
48221,4591,A05,0,A00,A0,A0,E0,0,0,1996,2,21,18,3,6,-2,1001
48223,4591,A05,0,A00,A0,A0,E0,0,0,1996,2,16,17,7,7,0,679
48225,4591,A05,0,A00,A0,A0,E0,0,0,1996,2,0,,,0,,
48227,4591,A05,0,A00,A0,A0,E0,0,0,1996,2,16,15,,3,-1,1343
48231,4591,A05,0,A00,A0,A0,E0,0,0,1996,2,5,6,,,1,1110
48233,4591,A05,0,A00,A0,A0,E0,0,0,1996,2,12,19,10,3,7,773
48237,4591,A05,0,A00,A0,A0,E0,0,0,1996,2,,,0,0,,196
48241,4591,A05,0,A00,A0,A0,E0,0,0,1996,2,7,8,18,17,1,593
48245,4591,A05,0,A00,A0,A0,E0,0,0,1996,2,209,206,66,68,-3,1173
48249,4591,A05,0,A00,A0,A0,E0,0,0,1996,2,3,3,,,0,613
48251,4591,A05,0,A00,A0,A0,E0,0,0,1996,2,9,10,8,7,0,773
48253,4591,A05,0,A00,A0,A0,E0,0,0,1996,2,,,,0,,1247
48257,4591,A05,0,A00,A0,A0,E0,0,0,1996,2,,,0,,,3027
48259,4591,A05,0,A00,A0,A0,E0,0,0,1996,2,,,,,,375
48265,4591,A05,0,A00,A0,A0,E0,0,0,1996,2,35,44,12,,9,856
48273,4591,A05,0,A00,A0,A0,E0,0,0,1996,2,,,0,0,,826
48277,4591,A05,0,A00,A0,A0,E0,0,0,1996,2,,,0,0,,5168
48285,4591,A05,0,A00,A0,A0,E0,0,0,1996,2,,,0,0,,240
48287,4591,A05,0,A00,A0,A0,E0,0,0,1996,2,,,,0,,774
48289,4591,A05,0,A00,A0,A0,E0,0,0,1996,2,,,0,0,,1081
48293,4591,A05,0,A00,A0,A0,E0,0,0,1996,2,,0,,,,367
48297,4591,A05,0,A00,A0,A0,E0,0,0,1996,2,,,,,,216
48299,4591,A05,0,A00,A0,A0,E0,0,0,1996,2,,,,0,,536
48303,4591,A05,0,A00,A0,A0,E0,0,0,1996,2,458,455,129,132,-4,1025
48307,4591,A05,0,A00,A0,A0,E0,0,0,1996,2,6,5,,3,-1,717
48309,4591,A05,0,A00,A0,A0,E0,0,0,1996,2,146,138,29,37,-9,1064
48321,4591,A05,0,A00,A0,A0,E0,0,0,1996,2,8,14,7,,6,780
48323,4591,A05,0,A00,A0,A0,E0,0,0,1996,2,14,16,5,,3,740
48325,4591,A05,0,A00,A0,A0,E0,0,0,1996,2,0,,,0,,
48327,4591,A05,0,A00,A0,A0,E0,0,0,1996,2,,,0,,,573
48329,4591,A05,0,A00,A0,A0,E0,0,0,1996,2,205,199,49,55,-6,814
48331,4591,A05,0,A00,A0,A0,E0,0,0,1996,2,,,0,0,,236
48339,4591,A05,0,A00,A0,A0,E0,0,0,1996,2,176,170,53,59,-6,1013
48341,4591,A05,0,A00,A0,A0,E0,0,0,1996,2,,,,,,384
48347,4591,A05,0,A00,A0,A0,E0,0,0,1996,2,78,76,24,25,-1,691
48349,4591,A05,0,A00,A0,A0,E0,0,0,1996,2,14,13,,,-1,885
48355,4591,A05,0,A00,A0,A0,E0,0,0,1996,2,411,403,98,106,-8,973
48361,4591,A05,0,A00,A0,A0,E0,0,0,1996,2,30,31,8,7,1,873
48363,4591,A05,0,A00,A0,A0,E0,0,0,1996,2,0,,,,,
48367,4591,A05,0,A00,A0,A0,E0,0,0,1996,2,8,8,,,0,1102
48371,4591,A05,0,A00,A0,A0,E0,0,0,1996,2,18,19,,0,1,1060
48375,4591,A05,0,A00,A0,A0,E0,0,0,1996,2,276,274,87,89,-2,1061
48381,4591,A05,0,A00,A0,A0,E0,0,0,1996,2,89,84,22,27,-5,739
48389,4591,A05,0,A00,A0,A0,E0,0,0,1996,2,,,,0,,414
48397,4591,A05,0,A00,A0,A0,E0,0,0,1996,2,,0,0,,,1531
48401,4591,A05,0,A00,A0,A0,E0,0,0,1996,2,,,0,,,831
48405,4591,A05,0,A00,A0,A0,E0,0,0,1996,2,,,,,,191
48407,4591,A05,0,A00,A0,A0,E0,0,0,1996,2,,,,0,,1080
48409,4591,A05,0,A00,A0,A0,E0,0,0,1996,2,,,,,,1056
48415,4591,A05,0,A00,A0,A0,E0,0,0,1996,2,,,0,0,,910
48423,4591,A05,0,A00,A0,A0,E0,0,0,1996,2,328,308,87,107,-20,1103
48427,4591,A05,0,A00,A0,A0,E0,0,0,1996,2,,,,,,661
48429,4591,A05,0,A00,A0,A0,E0,0,0,1996,2,,,,,,460
48435,4591,A05,0,A00,A0,A0,E0,0,0,1996,2,,,0,,,279
48437,4591,A05,0,A00,A0,A0,E0,0,0,1996,2,,,,,,1545
48439,4591,A05,0,A00,A0,A0,E0,0,0,1996,2,1805,1816,566,555,11,1196
48441,4591,A05,0,A00,A0,A0,E0,0,0,1996,2,211,217,54,47,7,1100
48449,4591,A05,0,A00,A0,A0,E0,0,0,1996,2,,,0,0,,833
48451,4591,A05,0,A00,A0,A0,E0,0,0,1996,2,128,132,36,31,5,1001
48453,4591,A05,0,A00,A0,A0,E0,0,0,1996,2,1306,1276,350,380,-29,1054
48459,4591,A05,0,A00,A0,A0,E0,0,0,1996,2,,,,,,895
48465,4591,A05,0,A00,A0,A0,E0,0,0,1996,2,66,68,9,7,2,1361
48467,4591,A05,0,A00,A0,A0,E0,0,0,1996,2,,,0,0,,923
48469,4591,A05,0,A00,A0,A0,E0,0,0,1996,2,83,80,17,19,-2,784
48471,4591,A05,0,A00,A0,A0,E0,0,0,1996,2,,,,,,514
48473,4591,A05,0,A00,A0,A0,E0,0,0,1996,2,,,,,,120
48475,4591,A05,0,A00,A0,A0,E0,0,0,1996,2,,,,,,353
48477,4591,A05,0,A00,A0,A0,E0,0,0,1996,2,5,5,,,0,361
48479,4591,A05,0,A00,A0,A0,E0,0,0,1996,2,176,193,49,32,17,1033
48481,4591,A05,0,A00,A0,A0,E0,0,0,1996,2,20,21,3,,1,1255
48485,4591,A05,0,A00,A0,A0,E0,0,0,1996,2,140,143,37,34,3,1124
48487,4591,A05,0,A00,A0,A0,E0,0,0,1996,2,,,0,0,,926
48491,4591,A05,0,A00,A0,A0,E0,0,0,1996,2,209,219,72,62,10,946
48497,4591,A05,0,A00,A0,A0,E0,0,0,1996,2,,,0,,,728
48499,4591,A05,0,A00,A0,A0,E0,0,0,1996,2,,,,0,,2790
48503,4591,A05,0,A00,A0,A0,E0,0,0,1996,2,,,0,,,787
48,4591,A05,0,A00,A0,A0,E0,0,0,1996,2,21260,21170,5977,6067,-90,1190
48001,4591,A05,0,A00,A0,A0,E0,0,0,1996,3,0,,,,,
48003,4591,A05,0,A00,A0,A0,E0,0,0,1996,3,,,,,,479
48005,4591,A05,0,A00,A0,A0,E0,0,0,1996,3,45,44,8,9,-1,1093
48007,4591,A05,0,A00,A0,A0,E0,0,0,1996,3,18,19,6,4,1,2550
48013,4591,A05,0,A00,A0,A0,E0,0,0,1996,3,,,0,0,,189
48015,4591,A05,0,A00,A0,A0,E0,0,0,1996,3,,,0,,,630
48019,4591,A05,0,A00,A0,A0,E0,0,0,1996,3,,,,0,,1662
48021,4591,A05,0,A00,A0,A0,E0,0,0,1996,3,6,5,,3,-1,503
48023,4591,A05,0,A00,A0,A0,E0,0,0,1996,3,,,,,,430
48025,4591,A05,0,A00,A0,A0,E0,0,0,1996,3,,,0,0,,1006
48027,4591,A05,0,A00,A0,A0,E0,0,0,1996,3,166,166,72,73,0,921
48029,4591,A05,0,A00,A0,A0,E0,0,0,1996,3,1604,1661,566,510,56,1029
48031,4591,A05,0,A00,A0,A0,E0,0,0,1996,3,,,0,,,1116
48037,4591,A05,0,A00,A0,A0,E0,0,0,1996,3,52,54,18,16,1,872
48039,4591,A05,0,A00,A0,A0,E0,0,0,1996,3,91,91,46,45,0,989
48041,4591,A05,0,A00,A0,A0,E0,0,0,1996,3,166,188,86,64,22,762
48049,4591,A05,0,A00,A0,A0,E0,0,0,1996,3,13,12,,,-1,664
48053,4591,A05,0,A00,A0,A0,E0,0,0,1996,3,16,17,6,4,2,1380
48057,4591,A05,0,A00,A0,A0,E0,0,0,1996,3,,,0,0,,793
48059,4591,A05,0,A00,A0,A0,E0,0,0,1996,3,0,,,0,,
48061,4591,A05,0,A00,A0,A0,E0,0,0,1996,3,280,278,48,50,-1,1051
48067,4591,A05,0,A00,A0,A0,E0,0,0,1996,3,,,0,,,840
48069,4591,A05,0,A00,A0,A0,E0,0,0,1996,3,,,0,0,,836
48071,4591,A05,0,A00,A0,A0,E0,0,0,1996,3,20,18,7,9,-2,1026
48073,4591,A05,0,A00,A0,A0,E0,0,0,1996,3,10,10,,,0,524
48085,4591,A05,0,A00,A0,A0,E0,0,0,1996,3,551,546,242,247,-5,1101
48089,4591,A05,0,A00,A0,A0,E0,0,0,1996,3,4,4,,,0,1055
48091,4591,A05,0,A00,A0,A0,E0,0,0,1996,3,45,52,21,14,7,831
48093,4591,A05,0,A00,A0,A0,E0,0,0,1996,3,,,0,0,,173
48097,4591,A05,0,A00,A0,A0,E0,0,0,1996,3,15,16,9,8,1,780
48099,4591,A05,0,A00,A0,A0,E0,0,0,1996,3,,,,,,350
48113,4591,A05,0,A00,A0,A0,E0,0,0,1996,3,4094,4098,1213,1209,4,1566
48115,4591,A05,0,A00,A0,A0,E0,0,0,1996,3,,,,,,222
48117,4591,A05,0,A00,A0,A0,E0,0,0,1996,3,,,0,0,,1606
48121,4591,A05,0,A00,A0,A0,E0,0,0,1996,3,306,303,109,112,-4,1180
48123,4591,A05,0,A00,A0,A0,E0,0,0,1996,3,,,0,0,,455
48129,4591,A05,0,A00,A0,A0,E0,0,0,1996,3,,0,0,,,594
48133,4591,A05,0,A00,A0,A0,E0,0,0,1996,3,,3,,0,1,1481
48135,4591,A05,0,A00,A0,A0,E0,0,0,1996,3,202,194,50,57,-8,987
48139,4591,A05,0,A00,A0,A0,E0,0,0,1996,3,18,12,3,9,-6,907
48141,4591,A05,0,A00,A0,A0,E0,0,0,1996,3,677,714,255,219,37,1216
48143,4591,A05,0,A00,A0,A0,E0,0,0,1996,3,8,8,,,0,562
48145,4591,A05,0,A00,A0,A0,E0,0,0,1996,3,0,,,0,,
48149,4591,A05,0,A00,A0,A0,E0,0,0,1996,3,,,,,,465
48157,4591,A05,0,A00,A0,A0,E0,0,0,1996,3,180,178,74,76,-2,1009
48163,4591,A05,0,A00,A0,A0,E0,0,0,1996,3,,,0,0,,476
48165,4591,A05,0,A00,A0,A0,E0,0,0,1996,3,,,,,,578
48167,4591,A05,0,A00,A0,A0,E0,0,0,1996,3,93,100,54,47,6,831
48171,4591,A05,0,A00,A0,A0,E0,0,0,1996,3,,,,,,960
48179,4591,A05,0,A00,A0,A0,E0,0,0,1996,3,27,31,21,17,4,610
48181,4591,A05,0,A00,A0,A0,E0,0,0,1996,3,28,39,16,6,10,798
48183,4591,A05,0,A00,A0,A0,E0,0,0,1996,3,191,196,56,52,4,1129
48187,4591,A05,0,A00,A0,A0,E0,0,0,1996,3,27,25,,3,-2,938
48189,4591,A05,0,A00,A0,A0,E0,0,0,1996,3,17,16,,,-1,646
48201,4591,A05,0,A00,A0,A0,E0,0,0,1996,3,4785,4853,1517,1448,69,1306
48203,4591,A05,0,A00,A0,A0,E0,0,0,1996,3,13,11,,,-1,785
48207,4591,A05,0,A00,A0,A0,E0,0,0,1996,3,,,,,,864
48209,4591,A05,0,A00,A0,A0,E0,0,0,1996,3,57,76,41,22,19,981
48213,4591,A05,0,A00,A0,A0,E0,0,0,1996,3,12,11,4,5,-1,3747
48215,4591,A05,0,A00,A0,A0,E0,0,0,1996,3,367,364,92,96,-4,1009
48217,4591,A05,0,A00,A0,A0,E0,0,0,1996,3,25,21,5,9,-4,611
48219,4591,A05,0,A00,A0,A0,E0,0,0,1996,3,6,5,5,6,-1,610
48221,4591,A05,0,A00,A0,A0,E0,0,0,1996,3,18,16,8,10,-2,1001
48223,4591,A05,0,A00,A0,A0,E0,0,0,1996,3,17,19,10,7,2,782
48225,4591,A05,0,A00,A0,A0,E0,0,0,1996,3,,,0,0,,895
48227,4591,A05,0,A00,A0,A0,E0,0,0,1996,3,15,16,9,8,1,1205
48231,4591,A05,0,A00,A0,A0,E0,0,0,1996,3,6,5,0,,-1,1045
48233,4591,A05,0,A00,A0,A0,E0,0,0,1996,3,19,11,,10,-8,601
48237,4591,A05,0,A00,A0,A0,E0,0,0,1996,3,,,0,0,,158
48241,4591,A05,0,A00,A0,A0,E0,0,0,1996,3,8,5,7,11,-4,667
48245,4591,A05,0,A00,A0,A0,E0,0,0,1996,3,208,234,100,74,26,1354
48249,4591,A05,0,A00,A0,A0,E0,0,0,1996,3,3,4,,0,1,668
48251,4591,A05,0,A00,A0,A0,E0,0,0,1996,3,10,15,6,,5,980
48253,4591,A05,0,A00,A0,A0,E0,0,0,1996,3,,,0,0,,775
48257,4591,A05,0,A00,A0,A0,E0,0,0,1996,3,,,,,,1800
48259,4591,A05,0,A00,A0,A0,E0,0,0,1996,3,8,12,10,6,4,375
48265,4591,A05,0,A00,A0,A0,E0,0,0,1996,3,44,52,33,25,8,1692
48273,4591,A05,0,A00,A0,A0,E0,0,0,1996,3,,,0,0,,802
48277,4591,A05,0,A00,A0,A0,E0,0,0,1996,3,,,,,,2348
48285,4591,A05,0,A00,A0,A0,E0,0,0,1996,3,,,,,,125
48287,4591,A05,0,A00,A0,A0,E0,0,0,1996,3,,,0,0,,573
48289,4591,A05,0,A00,A0,A0,E0,0,0,1996,3,,,0,0,,1031
48293,4591,A05,0,A00,A0,A0,E0,0,0,1996,3,0,0,,,0,
48297,4591,A05,0,A00,A0,A0,E0,0,0,1996,3,,0,,,,381
48299,4591,A05,0,A00,A0,A0,E0,0,0,1996,3,,,0,,,308
48303,4591,A05,0,A00,A0,A0,E0,0,0,1996,3,454,459,145,139,5,1049
48307,4591,A05,0,A00,A0,A0,E0,0,0,1996,3,,,0,,,473
48309,4591,A05,0,A00,A0,A0,E0,0,0,1996,3,137,158,58,37,21,1201
48321,4591,A05,0,A00,A0,A0,E0,0,0,1996,3,14,13,4,5,-1,993
48323,4591,A05,0,A00,A0,A0,E0,0,0,1996,3,16,17,5,4,1,763
48325,4591,A05,0,A00,A0,A0,E0,0,0,1996,3,,,,,,445
48327,4591,A05,0,A00,A0,A0,E0,0,0,1996,3,,,0,0,,1021
48329,4591,A05,0,A00,A0,A0,E0,0,0,1996,3,199,195,56,61,-5,828
48331,4591,A05,0,A00,A0,A0,E0,0,0,1996,3,,,0,0,,229
48339,4591,A05,0,A00,A0,A0,E0,0,0,1996,3,163,164,76,76,0,1242
48341,4591,A05,0,A00,A0,A0,E0,0,0,1996,3,,,,,,435
48347,4591,A05,0,A00,A0,A0,E0,0,0,1996,3,76,79,28,26,2,741
48349,4591,A05,0,A00,A0,A0,E0,0,0,1996,3,13,10,0,,-2,954
48355,4591,A05,0,A00,A0,A0,E0,0,0,1996,3,402,411,117,108,9,1169
48361,4591,A05,0,A00,A0,A0,E0,0,0,1996,3,31,26,4,9,-5,837
48363,4591,A05,0,A00,A0,A0,E0,0,0,1996,3,,,,,,453
48367,4591,A05,0,A00,A0,A0,E0,0,0,1996,3,8,10,3,,3,1092
48371,4591,A05,0,A00,A0,A0,E0,0,0,1996,3,19,21,6,5,2,1092
48375,4591,A05,0,A00,A0,A0,E0,0,0,1996,3,275,263,73,85,-12,1045
48381,4591,A05,0,A00,A0,A0,E0,0,0,1996,3,85,102,57,39,18,710
48389,4591,A05,0,A00,A0,A0,E0,0,0,1996,3,,,0,0,,767
48401,4591,A05,0,A00,A0,A0,E0,0,0,1996,3,,,,,,640
48405,4591,A05,0,A00,A0,A0,E0,0,0,1996,3,,0,0,,,107
48407,4591,A05,0,A00,A0,A0,E0,0,0,1996,3,,,0,0,,703
48409,4591,A05,0,A00,A0,A0,E0,0,0,1996,3,,,,,,543
48415,4591,A05,0,A00,A0,A0,E0,0,0,1996,3,,0,0,,,166
48423,4591,A05,0,A00,A0,A0,E0,0,0,1996,3,299,303,90,85,5,1182
48427,4591,A05,0,A00,A0,A0,E0,0,0,1996,3,,,0,0,,669
48429,4591,A05,0,A00,A0,A0,E0,0,0,1996,3,,,0,0,,385
48435,4591,A05,0,A00,A0,A0,E0,0,0,1996,3,,,0,0,,359
48437,4591,A05,0,A00,A0,A0,E0,0,0,1996,3,,,,,,1354
48439,4591,A05,0,A00,A0,A0,E0,0,0,1996,3,1838,1905,615,547,68,1226
48441,4591,A05,0,A00,A0,A0,E0,0,0,1996,3,217,243,91,65,26,1127
48449,4591,A05,0,A00,A0,A0,E0,0,0,1996,3,7,6,,3,-1,863
48451,4591,A05,0,A00,A0,A0,E0,0,0,1996,3,133,157,68,44,24,1035
48453,4591,A05,0,A00,A0,A0,E0,0,0,1996,3,1290,1335,427,382,45,1084
48459,4591,A05,0,A00,A0,A0,E0,0,0,1996,3,,,,,,1097
48465,4591,A05,0,A00,A0,A0,E0,0,0,1996,3,68,66,6,7,-2,1604
48467,4591,A05,0,A00,A0,A0,E0,0,0,1996,3,,,0,0,,923
48469,4591,A05,0,A00,A0,A0,E0,0,0,1996,3,81,94,34,21,14,808
48471,4591,A05,0,A00,A0,A0,E0,0,0,1996,3,,,,,,437
48473,4591,A05,0,A00,A0,A0,E0,0,0,1996,3,,,,0,,202
48475,4591,A05,0,A00,A0,A0,E0,0,0,1996,3,,,,,,294
48477,4591,A05,0,A00,A0,A0,E0,0,0,1996,3,5,6,,,0,425
48479,4591,A05,0,A00,A0,A0,E0,0,0,1996,3,192,193,42,42,0,1098
48481,4591,A05,0,A00,A0,A0,E0,0,0,1996,3,21,19,3,5,-2,1429
48485,4591,A05,0,A00,A0,A0,E0,0,0,1996,3,143,148,57,51,5,1076
48487,4591,A05,0,A00,A0,A0,E0,0,0,1996,3,,,,,,861
48491,4591,A05,0,A00,A0,A0,E0,0,0,1996,3,203,218,85,70,15,1003
48497,4591,A05,0,A00,A0,A0,E0,0,0,1996,3,,,0,,,1020
48499,4591,A05,0,A00,A0,A0,E0,0,0,1996,3,,,0,,,1337
48503,4591,A05,0,A00,A0,A0,E0,0,0,1996,3,,,,,,974
48,4591,A05,0,A00,A0,A0,E0,0,0,1996,3,21197,21632,7050,6614,435,1231
48001,4591,A05,0,A00,A0,A0,E0,0,0,1996,4,,,,,,886
48003,4591,A05,0,A00,A0,A0,E0,0,0,1996,4,,,,,,287
48005,4591,A05,0,A00,A0,A0,E0,0,0,1996,4,45,51,19,13,7,1203
48007,4591,A05,0,A00,A0,A0,E0,0,0,1996,4,19,19,,,0,6074
48013,4591,A05,0,A00,A0,A0,E0,0,0,1996,4,,,0,0,,1515
48015,4591,A05,0,A00,A0,A0,E0,0,0,1996,4,,,,,,561
48019,4591,A05,0,A00,A0,A0,E0,0,0,1996,4,,,,0,,1082
48021,4591,A05,0,A00,A0,A0,E0,0,0,1996,4,5,4,3,5,-1,480
48023,4591,A05,0,A00,A0,A0,E0,0,0,1996,4,,,0,,,356
48025,4591,A05,0,A00,A0,A0,E0,0,0,1996,4,,,0,0,,960
48027,4591,A05,0,A00,A0,A0,E0,0,0,1996,4,160,186,91,65,26,924
48029,4591,A05,0,A00,A0,A0,E0,0,0,1996,4,1661,1966,1024,720,304,1073
48031,4591,A05,0,A00,A0,A0,E0,0,0,1996,4,,,0,,,1418
48037,4591,A05,0,A00,A0,A0,E0,0,0,1996,4,54,63,30,21,10,918
48039,4591,A05,0,A00,A0,A0,E0,0,0,1996,4,93,98,41,36,5,961
48041,4591,A05,0,A00,A0,A0,E0,0,0,1996,4,186,199,93,80,13,749
48049,4591,A05,0,A00,A0,A0,E0,0,0,1996,4,12,11,3,4,-1,708
48053,4591,A05,0,A00,A0,A0,E0,0,0,1996,4,17,19,8,6,2,1242
48057,4591,A05,0,A00,A0,A0,E0,0,0,1996,4,,,0,0,,793
48059,4591,A05,0,A00,A0,A0,E0,0,0,1996,4,,,0,0,,263
48061,4591,A05,0,A00,A0,A0,E0,0,0,1996,4,271,292,72,52,20,969
48067,4591,A05,0,A00,A0,A0,E0,0,0,1996,4,,,,0,,1159
48069,4591,A05,0,A00,A0,A0,E0,0,0,1996,4,,0,0,,,321
48071,4591,A05,0,A00,A0,A0,E0,0,0,1996,4,,,,,,1230
48073,4591,A05,0,A00,A0,A0,E0,0,0,1996,4,10,8,,3,-2,489
48085,4591,A05,0,A00,A0,A0,E0,0,0,1996,4,543,631,378,289,88,1157
48089,4591,A05,0,A00,A0,A0,E0,0,0,1996,4,,,,0,,1073
48091,4591,A05,0,A00,A0,A0,E0,0,0,1996,4,53,58,28,22,6,982
48093,4591,A05,0,A00,A0,A0,E0,0,0,1996,4,,,,,,41
48097,4591,A05,0,A00,A0,A0,E0,0,0,1996,4,16,15,19,19,-1,864
48099,4591,A05,0,A00,A0,A0,E0,0,0,1996,4,,,,,,974
48113,4591,A05,0,A00,A0,A0,E0,0,0,1996,4,4124,4728,2412,1809,603,1892
48115,4591,A05,0,A00,A0,A0,E0,0,0,1996,4,,,0,,,381
48117,4591,A05,0,A00,A0,A0,E0,0,0,1996,4,,,0,0,,1650
48121,4591,A05,0,A00,A0,A0,E0,0,0,1996,4,300,358,187,129,58,1371
48123,4591,A05,0,A00,A0,A0,E0,0,0,1996,4,,,0,0,,393
48133,4591,A05,0,A00,A0,A0,E0,0,0,1996,4,3,3,0,0,0,903
48135,4591,A05,0,A00,A0,A0,E0,0,0,1996,4,194,210,74,58,16,1269
48139,4591,A05,0,A00,A0,A0,E0,0,0,1996,4,12,18,7,,7,1216
48141,4591,A05,0,A00,A0,A0,E0,0,0,1996,4,699,872,457,283,173,1353
48143,4591,A05,0,A00,A0,A0,E0,0,0,1996,4,8,9,3,,1,603
48145,4591,A05,0,A00,A0,A0,E0,0,0,1996,4,,0,0,,,503
48149,4591,A05,0,A00,A0,A0,E0,0,0,1996,4,,,0,,,461
48157,4591,A05,0,A00,A0,A0,E0,0,0,1996,4,174,210,110,75,36,993
48163,4591,A05,0,A00,A0,A0,E0,0,0,1996,4,,,,0,,504
48165,4591,A05,0,A00,A0,A0,E0,0,0,1996,4,,,,,,449
48167,4591,A05,0,A00,A0,A0,E0,0,0,1996,4,100,79,40,60,-20,806
48171,4591,A05,0,A00,A0,A0,E0,0,0,1996,4,,,,,,777
48179,4591,A05,0,A00,A0,A0,E0,0,0,1996,4,31,26,5,11,-5,429
48181,4591,A05,0,A00,A0,A0,E0,0,0,1996,4,38,48,21,12,9,956
48183,4591,A05,0,A00,A0,A0,E0,0,0,1996,4,195,182,77,90,-13,1214
48187,4591,A05,0,A00,A0,A0,E0,0,0,1996,4,25,20,,6,-5,944
48189,4591,A05,0,A00,A0,A0,E0,0,0,1996,4,16,16,8,8,0,855
48191,4591,A05,0,A00,A0,A0,E0,0,0,1996,4,0,,,,,
48201,4591,A05,0,A00,A0,A0,E0,0,0,1996,4,4843,5625,3007,2224,783,1354
48203,4591,A05,0,A00,A0,A0,E0,0,0,1996,4,11,8,,4,-3,757
48207,4591,A05,0,A00,A0,A0,E0,0,0,1996,4,,,0,,,1259
48209,4591,A05,0,A00,A0,A0,E0,0,0,1996,4,76,84,53,45,8,1056
48213,4591,A05,0,A00,A0,A0,E0,0,0,1996,4,11,11,3,3,0,6517
48215,4591,A05,0,A00,A0,A0,E0,0,0,1996,4,365,438,183,109,73,1145
48217,4591,A05,0,A00,A0,A0,E0,0,0,1996,4,21,9,15,26,-12,728
48219,4591,A05,0,A00,A0,A0,E0,0,0,1996,4,5,3,5,6,-1,483
48221,4591,A05,0,A00,A0,A0,E0,0,0,1996,4,16,16,,,0,1269
48223,4591,A05,0,A00,A0,A0,E0,0,0,1996,4,19,20,3,,1,825
48225,4591,A05,0,A00,A0,A0,E0,0,0,1996,4,,,0,0,,1044
48227,4591,A05,0,A00,A0,A0,E0,0,0,1996,4,16,17,9,7,1,1417
48231,4591,A05,0,A00,A0,A0,E0,0,0,1996,4,5,7,3,,2,937
48233,4591,A05,0,A00,A0,A0,E0,0,0,1996,4,11,9,,3,-2,653
48237,4591,A05,0,A00,A0,A0,E0,0,0,1996,4,,0,0,,,117
48241,4591,A05,0,A00,A0,A0,E0,0,0,1996,4,5,8,4,,3,736
48245,4591,A05,0,A00,A0,A0,E0,0,0,1996,4,234,282,158,110,48,1217
48249,4591,A05,0,A00,A0,A0,E0,0,0,1996,4,4,6,,0,1,610
48251,4591,A05,0,A00,A0,A0,E0,0,0,1996,4,15,12,,6,-3,783
48253,4591,A05,0,A00,A0,A0,E0,0,0,1996,4,,,,,,479
48257,4591,A05,0,A00,A0,A0,E0,0,0,1996,4,5,5,,,0,1966
48259,4591,A05,0,A00,A0,A0,E0,0,0,1996,4,12,13,3,,1,442
48265,4591,A05,0,A00,A0,A0,E0,0,0,1996,4,52,21,,32,-31,1029
48273,4591,A05,0,A00,A0,A0,E0,0,0,1996,4,,,0,0,,763
48277,4591,A05,0,A00,A0,A0,E0,0,0,1996,4,,,0,0,,3970
48285,4591,A05,0,A00,A0,A0,E0,0,0,1996,4,,,0,0,,174
48287,4591,A05,0,A00,A0,A0,E0,0,0,1996,4,,,0,0,,574
48289,4591,A05,0,A00,A0,A0,E0,0,0,1996,4,,,0,0,,885
48293,4591,A05,0,A00,A0,A0,E0,0,0,1996,4,0,,,0,,
48297,4591,A05,0,A00,A0,A0,E0,0,0,1996,4,0,0,,,0,
48299,4591,A05,0,A00,A0,A0,E0,0,0,1996,4,,,0,0,,543
48303,4591,A05,0,A00,A0,A0,E0,0,0,1996,4,458,519,225,164,61,1164
48307,4591,A05,0,A00,A0,A0,E0,0,0,1996,4,,,,0,,867
48309,4591,A05,0,A00,A0,A0,E0,0,0,1996,4,158,199,114,74,40,1117
48321,4591,A05,0,A00,A0,A0,E0,0,0,1996,4,13,12,,3,-1,750
48323,4591,A05,0,A00,A0,A0,E0,0,0,1996,4,16,22,12,6,6,769
48325,4591,A05,0,A00,A0,A0,E0,0,0,1996,4,,,0,0,,1486
48327,4591,A05,0,A00,A0,A0,E0,0,0,1996,4,,,,0,,1107
48329,4591,A05,0,A00,A0,A0,E0,0,0,1996,4,195,250,151,97,54,959
48331,4591,A05,0,A00,A0,A0,E0,0,0,1996,4,,,0,0,,303
48339,4591,A05,0,A00,A0,A0,E0,0,0,1996,4,163,168,96,91,5,1112
48341,4591,A05,0,A00,A0,A0,E0,0,0,1996,4,,,0,,,385
48347,4591,A05,0,A00,A0,A0,E0,0,0,1996,4,79,75,29,33,-4,764
48349,4591,A05,0,A00,A0,A0,E0,0,0,1996,4,10,8,,3,-2,1212
48355,4591,A05,0,A00,A0,A0,E0,0,0,1996,4,412,493,226,146,81,1170
48361,4591,A05,0,A00,A0,A0,E0,0,0,1996,4,26,27,7,6,1,951
48363,4591,A05,0,A00,A0,A0,E0,0,0,1996,4,5,5,3,4,0,351
48367,4591,A05,0,A00,A0,A0,E0,0,0,1996,4,10,8,3,5,-2,958
48371,4591,A05,0,A00,A0,A0,E0,0,0,1996,4,21,18,3,6,-3,1097
48375,4591,A05,0,A00,A0,A0,E0,0,0,1996,4,265,305,193,153,40,1247
48381,4591,A05,0,A00,A0,A0,E0,0,0,1996,4,101,102,71,70,1,639
48389,4591,A05,0,A00,A0,A0,E0,0,0,1996,4,,,0,0,,662
48401,4591,A05,0,A00,A0,A0,E0,0,0,1996,4,,,,0,,676
48407,4591,A05,0,A00,A0,A0,E0,0,0,1996,4,,,0,,,565
48409,4591,A05,0,A00,A0,A0,E0,0,0,1996,4,,,0,0,,908
48415,4591,A05,0,A00,A0,A0,E0,0,0,1996,4,0,,,0,,
48423,4591,A05,0,A00,A0,A0,E0,0,0,1996,4,304,338,164,130,35,1225
48427,4591,A05,0,A00,A0,A0,E0,0,0,1996,4,,,0,0,,639
48429,4591,A05,0,A00,A0,A0,E0,0,0,1996,4,,,0,0,,394
48435,4591,A05,0,A00,A0,A0,E0,0,0,1996,4,,,,,,71
48437,4591,A05,0,A00,A0,A0,E0,0,0,1996,4,,,0,,,1985
48439,4591,A05,0,A00,A0,A0,E0,0,0,1996,4,1903,2143,1049,810,240,1252
48441,4591,A05,0,A00,A0,A0,E0,0,0,1996,4,243,240,65,68,-3,1084
48449,4591,A05,0,A00,A0,A0,E0,0,0,1996,4,,,,0,,783
48451,4591,A05,0,A00,A0,A0,E0,0,0,1996,4,157,161,50,46,4,1163
48453,4591,A05,0,A00,A0,A0,E0,0,0,1996,4,1330,1475,678,534,144,1228
48459,4591,A05,0,A00,A0,A0,E0,0,0,1996,4,,,,0,,1105
48465,4591,A05,0,A00,A0,A0,E0,0,0,1996,4,66,66,6,6,0,2175
48467,4591,A05,0,A00,A0,A0,E0,0,0,1996,4,,,0,0,,923
48469,4591,A05,0,A00,A0,A0,E0,0,0,1996,4,94,113,50,31,19,836
48471,4591,A05,0,A00,A0,A0,E0,0,0,1996,4,,,0,0,,608
48473,4591,A05,0,A00,A0,A0,E0,0,0,1996,4,,,0,0,,342
48475,4591,A05,0,A00,A0,A0,E0,0,0,1996,4,,,0,,,273
48477,4591,A05,0,A00,A0,A0,E0,0,0,1996,4,6,6,,,0,541
48479,4591,A05,0,A00,A0,A0,E0,0,0,1996,4,200,241,129,88,41,1273
48481,4591,A05,0,A00,A0,A0,E0,0,0,1996,4,19,20,,,1,1537
48485,4591,A05,0,A00,A0,A0,E0,0,0,1996,4,148,173,86,61,25,1142
48487,4591,A05,0,A00,A0,A0,E0,0,0,1996,4,8,8,6,6,0,898
48491,4591,A05,0,A00,A0,A0,E0,0,0,1996,4,218,232,111,96,15,982
48497,4591,A05,0,A00,A0,A0,E0,0,0,1996,4,,,0,,,1220
48499,4591,A05,0,A00,A0,A0,E0,0,0,1996,4,,,,0,,1696
48503,4591,A05,0,A00,A0,A0,E0,0,0,1996,4,,,,0,,974
48,4591,A05,0,A00,A0,A0,E0,0,0,1996,4,21613,24623,12264,9254,3010,1344
48001,4591,A05,0,A00,A0,A0,E0,0,0,1997,1,,,0,,,595
48003,4591,A05,0,A00,A0,A0,E0,0,0,1997,1,,,,,,268
48005,4591,A05,0,A00,A0,A0,E0,0,0,1997,1,43,39,4,8,-3,1061
48007,4591,A05,0,A00,A0,A0,E0,0,0,1997,1,19,16,6,10,-3,1262
48013,4591,A05,0,A00,A0,A0,E0,0,0,1997,1,,,0,0,,189
48015,4591,A05,0,A00,A0,A0,E0,0,0,1997,1,,,,,,442
48019,4591,A05,0,A00,A0,A0,E0,0,0,1997,1,,,,,,665
48021,4591,A05,0,A00,A0,A0,E0,0,0,1997,1,4,5,,,1,371
48023,4591,A05,0,A00,A0,A0,E0,0,0,1997,1,,0,0,,,516
48025,4591,A05,0,A00,A0,A0,E0,0,0,1997,1,,,,0,,924
48027,4591,A05,0,A00,A0,A0,E0,0,0,1997,1,165,135,31,62,-31,810
48029,4591,A05,0,A00,A0,A0,E0,0,0,1997,1,1979,1635,354,698,-344,849
48031,4591,A05,0,A00,A0,A0,E0,0,0,1997,1,,,,,,1519
48037,4591,A05,0,A00,A0,A0,E0,0,0,1997,1,54,50,10,15,-5,713
48039,4591,A05,0,A00,A0,A0,E0,0,0,1997,1,91,87,28,31,-4,843
48041,4591,A05,0,A00,A0,A0,E0,0,0,1997,1,185,174,48,59,-11,675
48043,4591,A05,0,A00,A0,A0,E0,0,0,1997,1,0,,,,,
48049,4591,A05,0,A00,A0,A0,E0,0,0,1997,1,11,10,3,4,-1,684
48053,4591,A05,0,A00,A0,A0,E0,0,0,1997,1,16,15,5,6,-1,962
48057,4591,A05,0,A00,A0,A0,E0,0,0,1997,1,,,0,0,,789
48059,4591,A05,0,A00,A0,A0,E0,0,0,1997,1,,,0,0,,263
48061,4591,A05,0,A00,A0,A0,E0,0,0,1997,1,298,261,55,91,-36,788
48067,4591,A05,0,A00,A0,A0,E0,0,0,1997,1,,,0,0,,871
48071,4591,A05,0,A00,A0,A0,E0,0,0,1997,1,,,,,,1389
48073,4591,A05,0,A00,A0,A0,E0,0,0,1997,1,,,0,0,,581
48085,4591,A05,0,A00,A0,A0,E0,0,0,1997,1,618,514,99,203,-104,905
48089,4591,A05,0,A00,A0,A0,E0,0,0,1997,1,,,0,,,720
48091,4591,A05,0,A00,A0,A0,E0,0,0,1997,1,58,46,8,20,-12,738
48093,4591,A05,0,A00,A0,A0,E0,0,0,1997,1,,,,,,84
48097,4591,A05,0,A00,A0,A0,E0,0,0,1997,1,16,11,,7,-5,717
48099,4591,A05,0,A00,A0,A0,E0,0,0,1997,1,,,,0,,802
48113,4591,A05,0,A00,A0,A0,E0,0,0,1997,1,4667,4173,1042,1535,-493,1311
48115,4591,A05,0,A00,A0,A0,E0,0,0,1997,1,,,0,0,,401
48117,4591,A05,0,A00,A0,A0,E0,0,0,1997,1,,,0,0,,1557
48121,4591,A05,0,A00,A0,A0,E0,0,0,1997,1,339,301,71,110,-38,1126
48123,4591,A05,0,A00,A0,A0,E0,0,0,1997,1,,0,0,,,330
48133,4591,A05,0,A00,A0,A0,E0,0,0,1997,1,,,0,0,,219
48135,4591,A05,0,A00,A0,A0,E0,0,0,1997,1,198,186,31,43,-12,1021
48139,4591,A05,0,A00,A0,A0,E0,0,0,1997,1,18,19,4,3,1,1160
48141,4591,A05,0,A00,A0,A0,E0,0,0,1997,1,901,687,132,346,-214,930
48143,4591,A05,0,A00,A0,A0,E0,0,0,1997,1,9,10,3,,1,566
48149,4591,A05,0,A00,A0,A0,E0,0,0,1997,1,,,,,,274
48157,4591,A05,0,A00,A0,A0,E0,0,0,1997,1,198,185,46,59,-13,829
48163,4591,A05,0,A00,A0,A0,E0,0,0,1997,1,,,0,,,350
48165,4591,A05,0,A00,A0,A0,E0,0,0,1997,1,,,,0,,207
48167,4591,A05,0,A00,A0,A0,E0,0,0,1997,1,101,82,20,39,-20,595
48171,4591,A05,0,A00,A0,A0,E0,0,0,1997,1,,,0,0,,1703
48179,4591,A05,0,A00,A0,A0,E0,0,0,1997,1,25,27,6,5,1,470
48181,4591,A05,0,A00,A0,A0,E0,0,0,1997,1,42,33,6,14,-8,785
48183,4591,A05,0,A00,A0,A0,E0,0,0,1997,1,172,154,39,57,-19,1145
48187,4591,A05,0,A00,A0,A0,E0,0,0,1997,1,20,20,5,5,0,976
48189,4591,A05,0,A00,A0,A0,E0,0,0,1997,1,20,19,,,-1,669
48191,4591,A05,0,A00,A0,A0,E0,0,0,1997,1,,,0,0,,475
48201,4591,A05,0,A00,A0,A0,E0,0,0,1997,1,5412,4630,944,1726,-782,1057
48203,4591,A05,0,A00,A0,A0,E0,0,0,1997,1,,,,,,930
48207,4591,A05,0,A00,A0,A0,E0,0,0,1997,1,,,,0,,1282
48209,4591,A05,0,A00,A0,A0,E0,0,0,1997,1,94,87,17,24,-7,821
48213,4591,A05,0,A00,A0,A0,E0,0,0,1997,1,11,11,,,1,3591
48215,4591,A05,0,A00,A0,A0,E0,0,0,1997,1,421,353,49,118,-69,905
48217,4591,A05,0,A00,A0,A0,E0,0,0,1997,1,18,15,3,6,-3,529
48219,4591,A05,0,A00,A0,A0,E0,0,0,1997,1,,,,,,665
48221,4591,A05,0,A00,A0,A0,E0,0,0,1997,1,16,17,7,6,1,1298
48223,4591,A05,0,A00,A0,A0,E0,0,0,1997,1,20,20,5,5,0,623
48225,4591,A05,0,A00,A0,A0,E0,0,0,1997,1,,0,0,,,895
48227,4591,A05,0,A00,A0,A0,E0,0,0,1997,1,17,18,8,7,0,1167
48231,4591,A05,0,A00,A0,A0,E0,0,0,1997,1,9,9,0,0,0,970
48233,4591,A05,0,A00,A0,A0,E0,0,0,1997,1,9,9,7,6,0,529
48241,4591,A05,0,A00,A0,A0,E0,0,0,1997,1,8,6,,3,-2,459
48245,4591,A05,0,A00,A0,A0,E0,0,0,1997,1,271,226,44,89,-45,938
48249,4591,A05,0,A00,A0,A0,E0,0,0,1997,1,6,6,,,0,442
48251,4591,A05,0,A00,A0,A0,E0,0,0,1997,1,12,7,5,10,-5,521
48257,4591,A05,0,A00,A0,A0,E0,0,0,1997,1,,,,,,4573
48259,4591,A05,0,A00,A0,A0,E0,0,0,1997,1,,,,,,244
48265,4591,A05,0,A00,A0,A0,E0,0,0,1997,1,18,16,,3,-2,736
48273,4591,A05,0,A00,A0,A0,E0,0,0,1997,1,,,0,0,,980
48277,4591,A05,0,A00,A0,A0,E0,0,0,1997,1,,,,,,455
48285,4591,A05,0,A00,A0,A0,E0,0,0,1997,1,,,0,0,,113
48287,4591,A05,0,A00,A0,A0,E0,0,0,1997,1,,,,0,,722
48289,4591,A05,0,A00,A0,A0,E0,0,0,1997,1,,,0,0,,972
48293,4591,A05,0,A00,A0,A0,E0,0,0,1997,1,,0,0,,,541
48297,4591,A05,0,A00,A0,A0,E0,0,0,1997,1,0,,,,,
48299,4591,A05,0,A00,A0,A0,E0,0,0,1997,1,,,0,0,,485
48303,4591,A05,0,A00,A0,A0,E0,0,0,1997,1,485,420,65,129,-64,891
48307,4591,A05,0,A00,A0,A0,E0,0,0,1997,1,,,0,,,937
48309,4591,A05,0,A00,A0,A0,E0,0,0,1997,1,224,175,41,89,-49,821
48321,4591,A05,0,A00,A0,A0,E0,0,0,1997,1,12,16,6,,5,948
48323,4591,A05,0,A00,A0,A0,E0,0,0,1997,1,15,12,0,3,-3,818
48325,4591,A05,0,A00,A0,A0,E0,0,0,1997,1,,,0,0,,1114
48327,4591,A05,0,A00,A0,A0,E0,0,0,1997,1,,,0,,,744
48329,4591,A05,0,A00,A0,A0,E0,0,0,1997,1,237,199,26,64,-37,651
48331,4591,A05,0,A00,A0,A0,E0,0,0,1997,1,,,0,0,,266
48339,4591,A05,0,A00,A0,A0,E0,0,0,1997,1,177,159,53,71,-17,1127
48341,4591,A05,0,A00,A0,A0,E0,0,0,1997,1,,,,,,589
48347,4591,A05,0,A00,A0,A0,E0,0,0,1997,1,74,68,17,23,-6,693
48349,4591,A05,0,A00,A0,A0,E0,0,0,1997,1,8,8,3,3,0,721
48355,4591,A05,0,A00,A0,A0,E0,0,0,1997,1,501,477,103,128,-25,1017
48361,4591,A05,0,A00,A0,A0,E0,0,0,1997,1,24,27,13,11,3,870
48363,4591,A05,0,A00,A0,A0,E0,0,0,1997,1,,,,,,922
48367,4591,A05,0,A00,A0,A0,E0,0,0,1997,1,8,8,5,5,0,863
48371,4591,A05,0,A00,A0,A0,E0,0,0,1997,1,18,19,3,,1,1222
48375,4591,A05,0,A00,A0,A0,E0,0,0,1997,1,324,262,43,104,-62,1011
48381,4591,A05,0,A00,A0,A0,E0,0,0,1997,1,104,102,30,32,-2,631
48389,4591,A05,0,A00,A0,A0,E0,0,0,1997,1,,,0,0,,529
48401,4591,A05,0,A00,A0,A0,E0,0,0,1997,1,,,,0,,779
48407,4591,A05,0,A00,A0,A0,E0,0,0,1997,1,,,,,,1080
48409,4591,A05,0,A00,A0,A0,E0,0,0,1997,1,,,,0,,967
48415,4591,A05,0,A00,A0,A0,E0,0,0,1997,1,,,0,0,,892
48423,4591,A05,0,A00,A0,A0,E0,0,0,1997,1,337,317,72,91,-20,1094
48425,4591,A05,0,A00,A0,A0,E0,0,0,1997,1,0,,,,,
48427,4591,A05,0,A00,A0,A0,E0,0,0,1997,1,,,,0,,614
48435,4591,A05,0,A00,A0,A0,E0,0,0,1997,1,,0,,,,347
48437,4591,A05,0,A00,A0,A0,E0,0,0,1997,1,,,,,,1760
48439,4591,A05,0,A00,A0,A0,E0,0,0,1997,1,2136,1894,415,657,-242,1043
48441,4591,A05,0,A00,A0,A0,E0,0,0,1997,1,246,235,43,55,-12,1056
48449,4591,A05,0,A00,A0,A0,E0,0,0,1997,1,,,0,,,633
48451,4591,A05,0,A00,A0,A0,E0,0,0,1997,1,143,134,35,44,-9,928
48453,4591,A05,0,A00,A0,A0,E0,0,0,1997,1,1423,1283,301,441,-140,995
48459,4591,A05,0,A00,A0,A0,E0,0,0,1997,1,,,0,0,,1006
48465,4591,A05,0,A00,A0,A0,E0,0,0,1997,1,66,74,22,14,8,1975
48467,4591,A05,0,A00,A0,A0,E0,0,0,1997,1,,,0,0,,923
48469,4591,A05,0,A00,A0,A0,E0,0,0,1997,1,104,91,17,30,-13,706
48471,4591,A05,0,A00,A0,A0,E0,0,0,1997,1,6,7,3,,1,402
48475,4591,A05,0,A00,A0,A0,E0,0,0,1997,1,,,0,0,,628
48477,4591,A05,0,A00,A0,A0,E0,0,0,1997,1,6,6,,,0,554
48479,4591,A05,0,A00,A0,A0,E0,0,0,1997,1,230,192,30,69,-39,857
48481,4591,A05,0,A00,A0,A0,E0,0,0,1997,1,20,23,3,0,3,1338
48485,4591,A05,0,A00,A0,A0,E0,0,0,1997,1,156,141,21,37,-15,988
48487,4591,A05,0,A00,A0,A0,E0,0,0,1997,1,8,9,3,,1,811
48491,4591,A05,0,A00,A0,A0,E0,0,0,1997,1,221,197,75,98,-23,906
48497,4591,A05,0,A00,A0,A0,E0,0,0,1997,1,,,,,,560
48499,4591,A05,0,A00,A0,A0,E0,0,0,1997,1,,,,,,974
48503,4591,A05,0,A00,A0,A0,E0,0,0,1997,1,,,0,,,754
48,4591,A05,0,A00,A0,A0,E0,0,0,1997,1,24155,21135,4670,7690,-3020,1038
48001,4591,A05,0,A00,A0,A0,E0,0,0,1997,2,,,,,,179
48003,4591,A05,0,A00,A0,A0,E0,0,0,1997,2,,,,,,466
48005,4591,A05,0,A00,A0,A0,E0,0,0,1997,2,40,43,11,7,4,1183
48007,4591,A05,0,A00,A0,A0,E0,0,0,1997,2,16,17,8,7,1,817
48013,4591,A05,0,A00,A0,A0,E0,0,0,1997,2,,,0,0,,189
48015,4591,A05,0,A00,A0,A0,E0,0,0,1997,2,,,,,,613
48019,4591,A05,0,A00,A0,A0,E0,0,0,1997,2,,,0,0,,815
48021,4591,A05,0,A00,A0,A0,E0,0,0,1997,2,5,,5,9,-4,161
48023,4591,A05,0,A00,A0,A0,E0,0,0,1997,2,0,,,0,,
48025,4591,A05,0,A00,A0,A0,E0,0,0,1997,2,,,0,0,,1385
48027,4591,A05,0,A00,A0,A0,E0,0,0,1997,2,134,136,51,49,2,904
48029,4591,A05,0,A00,A0,A0,E0,0,0,1997,2,1606,1619,510,498,12,1044
48031,4591,A05,0,A00,A0,A0,E0,0,0,1997,2,,,,0,,1543
48037,4591,A05,0,A00,A0,A0,E0,0,0,1997,2,50,52,15,12,2,824
48039,4591,A05,0,A00,A0,A0,E0,0,0,1997,2,87,101,55,41,14,961
48041,4591,A05,0,A00,A0,A0,E0,0,0,1997,2,175,163,63,75,-12,722
48043,4591,A05,0,A00,A0,A0,E0,0,0,1997,2,,0,,,,710
48049,4591,A05,0,A00,A0,A0,E0,0,0,1997,2,10,8,,4,-2,706
48053,4591,A05,0,A00,A0,A0,E0,0,0,1997,2,15,16,6,6,1,1068
48057,4591,A05,0,A00,A0,A0,E0,0,0,1997,2,,,0,0,,684
48059,4591,A05,0,A00,A0,A0,E0,0,0,1997,2,,,0,0,,263
48061,4591,A05,0,A00,A0,A0,E0,0,0,1997,2,262,274,56,43,12,902
48067,4591,A05,0,A00,A0,A0,E0,0,0,1997,2,,,0,0,,1233
48071,4591,A05,0,A00,A0,A0,E0,0,0,1997,2,,,,,,2076
48073,4591,A05,0,A00,A0,A0,E0,0,0,1997,2,,,,,,792
48085,4591,A05,0,A00,A0,A0,E0,0,0,1997,2,499,557,218,159,59,1200
48089,4591,A05,0,A00,A0,A0,E0,0,0,1997,2,,,0,0,,839
48091,4591,A05,0,A00,A0,A0,E0,0,0,1997,2,45,47,13,12,2,942
48093,4591,A05,0,A00,A0,A0,E0,0,0,1997,2,,0,,,,164
48097,4591,A05,0,A00,A0,A0,E0,0,0,1997,2,11,11,3,4,0,908
48099,4591,A05,0,A00,A0,A0,E0,0,0,1997,2,,,0,0,,910
48113,4591,A05,0,A00,A0,A0,E0,0,0,1997,2,4161,4122,1217,1256,-39,1611
48115,4591,A05,0,A00,A0,A0,E0,0,0,1997,2,,,,,,412
48117,4591,A05,0,A00,A0,A0,E0,0,0,1997,2,,,0,0,,1460
48121,4591,A05,0,A00,A0,A0,E0,0,0,1997,2,299,292,75,82,-7,1345
48129,4591,A05,0,A00,A0,A0,E0,0,0,1997,2,0,,,,,
48133,4591,A05,0,A00,A0,A0,E0,0,0,1997,2,,,0,0,,292
48135,4591,A05,0,A00,A0,A0,E0,0,0,1997,2,186,195,61,53,8,1289
48139,4591,A05,0,A00,A0,A0,E0,0,0,1997,2,19,20,,,1,1322
48141,4591,A05,0,A00,A0,A0,E0,0,0,1997,2,688,697,225,216,9,1431
48143,4591,A05,0,A00,A0,A0,E0,0,0,1997,2,10,11,5,4,1,489
48149,4591,A05,0,A00,A0,A0,E0,0,0,1997,2,,,,,,138
48157,4591,A05,0,A00,A0,A0,E0,0,0,1997,2,195,208,78,64,14,996
48161,4591,A05,0,A00,A0,A0,E0,0,0,1997,2,0,,,0,,
48163,4591,A05,0,A00,A0,A0,E0,0,0,1997,2,,,,,,455
48165,4591,A05,0,A00,A0,A0,E0,0,0,1997,2,,,,0,,515
48167,4591,A05,0,A00,A0,A0,E0,0,0,1997,2,82,92,44,34,10,792
48171,4591,A05,0,A00,A0,A0,E0,0,0,1997,2,,,0,0,,1500
48179,4591,A05,0,A00,A0,A0,E0,0,0,1997,2,27,34,15,8,7,530
48181,4591,A05,0,A00,A0,A0,E0,0,0,1997,2,33,29,10,15,-5,930
48183,4591,A05,0,A00,A0,A0,E0,0,0,1997,2,155,184,72,42,29,1307
48187,4591,A05,0,A00,A0,A0,E0,0,0,1997,2,20,19,4,5,-1,1020
48189,4591,A05,0,A00,A0,A0,E0,0,0,1997,2,19,20,,,1,787
48191,4591,A05,0,A00,A0,A0,E0,0,0,1997,2,,,,0,,717
48201,4591,A05,0,A00,A0,A0,E0,0,0,1997,2,4624,4548,1256,1332,-76,1332
48203,4591,A05,0,A00,A0,A0,E0,0,0,1997,2,,,,,,774
48207,4591,A05,0,A00,A0,A0,E0,0,0,1997,2,,,0,0,,1173
48209,4591,A05,0,A00,A0,A0,E0,0,0,1997,2,87,87,32,32,0,991
48213,4591,A05,0,A00,A0,A0,E0,0,0,1997,2,11,12,3,,1,7207
48215,4591,A05,0,A00,A0,A0,E0,0,0,1997,2,340,340,68,68,0,1137
48217,4591,A05,0,A00,A0,A0,E0,0,0,1997,2,15,15,6,6,0,704
48219,4591,A05,0,A00,A0,A0,E0,0,0,1997,2,3,10,7,0,7,835
48221,4591,A05,0,A00,A0,A0,E0,0,0,1997,2,17,18,5,4,1,1330
48223,4591,A05,0,A00,A0,A0,E0,0,0,1997,2,20,19,4,5,-1,733
48225,4591,A05,0,A00,A0,A0,E0,0,0,1997,2,0,,,,,
48227,4591,A05,0,A00,A0,A0,E0,0,0,1997,2,18,16,9,11,-2,1158
48231,4591,A05,0,A00,A0,A0,E0,0,0,1997,2,9,9,3,3,0,1145
48233,4591,A05,0,A00,A0,A0,E0,0,0,1997,2,9,12,8,5,3,702
48241,4591,A05,0,A00,A0,A0,E0,0,0,1997,2,6,7,,,1,656
48245,4591,A05,0,A00,A0,A0,E0,0,0,1997,2,226,202,53,77,-24,1308
48249,4591,A05,0,A00,A0,A0,E0,0,0,1997,2,6,6,0,0,0,450
48251,4591,A05,0,A00,A0,A0,E0,0,0,1997,2,7,5,,3,-2,759
48257,4591,A05,0,A00,A0,A0,E0,0,0,1997,2,,,,,,4158
48259,4591,A05,0,A00,A0,A0,E0,0,0,1997,2,,,,,,397
48265,4591,A05,0,A00,A0,A0,E0,0,0,1997,2,16,13,,5,-3,756
48273,4591,A05,0,A00,A0,A0,E0,0,0,1997,2,,,0,0,,850
48277,4591,A05,0,A00,A0,A0,E0,0,0,1997,2,,,0,,,1234
48285,4591,A05,0,A00,A0,A0,E0,0,0,1997,2,,,0,0,,168
48287,4591,A05,0,A00,A0,A0,E0,0,0,1997,2,,,0,0,,856
48289,4591,A05,0,A00,A0,A0,E0,0,0,1997,2,,,,,,1111
48293,4591,A05,0,A00,A0,A0,E0,0,0,1997,2,0,0,,,0,
48297,4591,A05,0,A00,A0,A0,E0,0,0,1997,2,,,,,,907
48299,4591,A05,0,A00,A0,A0,E0,0,0,1997,2,,,,,,313
48303,4591,A05,0,A00,A0,A0,E0,0,0,1997,2,418,424,105,99,6,1047
48307,4591,A05,0,A00,A0,A0,E0,0,0,1997,2,,,0,0,,923
48309,4591,A05,0,A00,A0,A0,E0,0,0,1997,2,175,153,52,74,-22,1066
48321,4591,A05,0,A00,A0,A0,E0,0,0,1997,2,16,15,5,6,-1,645
48323,4591,A05,0,A00,A0,A0,E0,0,0,1997,2,12,12,4,5,0,974
48325,4591,A05,0,A00,A0,A0,E0,0,0,1997,2,,,,,,451
48327,4591,A05,0,A00,A0,A0,E0,0,0,1997,2,,,0,,,640
48329,4591,A05,0,A00,A0,A0,E0,0,0,1997,2,199,195,45,49,-4,824
48331,4591,A05,0,A00,A0,A0,E0,0,0,1997,2,,,,,,83
48339,4591,A05,0,A00,A0,A0,E0,0,0,1997,2,160,168,59,51,8,1287
48341,4591,A05,0,A00,A0,A0,E0,0,0,1997,2,,,,,,560
48347,4591,A05,0,A00,A0,A0,E0,0,0,1997,2,68,64,23,27,-4,744
48349,4591,A05,0,A00,A0,A0,E0,0,0,1997,2,8,10,3,,2,1115
48355,4591,A05,0,A00,A0,A0,E0,0,0,1997,2,476,460,110,125,-15,1170
48361,4591,A05,0,A00,A0,A0,E0,0,0,1997,2,27,22,9,14,-5,759
48363,4591,A05,0,A00,A0,A0,E0,0,0,1997,2,5,6,3,,1,752
48367,4591,A05,0,A00,A0,A0,E0,0,0,1997,2,8,8,3,3,0,928
48371,4591,A05,0,A00,A0,A0,E0,0,0,1997,2,19,18,3,4,-1,1173
48375,4591,A05,0,A00,A0,A0,E0,0,0,1997,2,263,269,76,71,6,1240
48381,4591,A05,0,A00,A0,A0,E0,0,0,1997,2,102,94,22,31,-8,703
48389,4591,A05,0,A00,A0,A0,E0,0,0,1997,2,,,,,,485
48401,4591,A05,0,A00,A0,A0,E0,0,0,1997,2,,,0,,,813
48407,4591,A05,0,A00,A0,A0,E0,0,0,1997,2,,,,,,1080
48409,4591,A05,0,A00,A0,A0,E0,0,0,1997,2,,,,0,,815
48415,4591,A05,0,A00,A0,A0,E0,0,0,1997,2,,,,,,594
48423,4591,A05,0,A00,A0,A0,E0,0,0,1997,2,315,306,71,81,-9,1164
48425,4591,A05,0,A00,A0,A0,E0,0,0,1997,2,,,0,0,,576
48427,4591,A05,0,A00,A0,A0,E0,0,0,1997,2,,,0,0,,693
48437,4591,A05,0,A00,A0,A0,E0,0,0,1997,2,,,,,,2235
48439,4591,A05,0,A00,A0,A0,E0,0,0,1997,2,1875,1890,527,511,16,1308
48441,4591,A05,0,A00,A0,A0,E0,0,0,1997,2,235,240,64,59,5,1175
48449,4591,A05,0,A00,A0,A0,E0,0,0,1997,2,,,0,,,691
48451,4591,A05,0,A00,A0,A0,E0,0,0,1997,2,134,132,36,38,-3,1068
48453,4591,A05,0,A00,A0,A0,E0,0,0,1997,2,1282,1266,416,433,-16,1120
48459,4591,A05,0,A00,A0,A0,E0,0,0,1997,2,,,,0,,974
48465,4591,A05,0,A00,A0,A0,E0,0,0,1997,2,74,23,5,56,-52,1802
48467,4591,A05,0,A00,A0,A0,E0,0,0,1997,2,,,0,,,923
48469,4591,A05,0,A00,A0,A0,E0,0,0,1997,2,91,91,23,24,-1,786
48471,4591,A05,0,A00,A0,A0,E0,0,0,1997,2,7,8,,0,1,376
48475,4591,A05,0,A00,A0,A0,E0,0,0,1997,2,,,,,,695
48477,4591,A05,0,A00,A0,A0,E0,0,0,1997,2,6,9,4,0,4,631
48479,4591,A05,0,A00,A0,A0,E0,0,0,1997,2,192,193,43,42,1,1250
48481,4591,A05,0,A00,A0,A0,E0,0,0,1997,2,23,23,,,0,1197
48485,4591,A05,0,A00,A0,A0,E0,0,0,1997,2,140,144,42,38,4,1099
48487,4591,A05,0,A00,A0,A0,E0,0,0,1997,2,9,7,0,,-2,868
48491,4591,A05,0,A00,A0,A0,E0,0,0,1997,2,198,183,57,72,-15,1046
48497,4591,A05,0,A00,A0,A0,E0,0,0,1997,2,,,0,,,1860
48499,4591,A05,0,A00,A0,A0,E0,0,0,1997,2,,,0,,,801
48503,4591,A05,0,A00,A0,A0,E0,0,0,1997,2,,,0,0,,848
48,4591,A05,0,A00,A0,A0,E0,0,0,1997,2,21045,20977,6172,6240,-68,1280
48001,4591,A05,0,A00,A0,A0,E0,0,0,1997,3,,,0,0,,1110
48003,4591,A05,0,A00,A0,A0,E0,0,0,1997,3,,,,0,,553
48005,4591,A05,0,A00,A0,A0,E0,0,0,1997,3,43,44,10,9,1,1099
48007,4591,A05,0,A00,A0,A0,E0,0,0,1997,3,17,17,,,0,769
48013,4591,A05,0,A00,A0,A0,E0,0,0,1997,3,,,0,0,,379
48015,4591,A05,0,A00,A0,A0,E0,0,0,1997,3,,,,,,630
48019,4591,A05,0,A00,A0,A0,E0,0,0,1997,3,,,0,0,,866
48021,4591,A05,0,A00,A0,A0,E0,0,0,1997,3,,,,,,466
48023,4591,A05,0,A00,A0,A0,E0,0,0,1997,3,,0,0,,,537
48025,4591,A05,0,A00,A0,A0,E0,0,0,1997,3,,,0,,,823
48027,4591,A05,0,A00,A0,A0,E0,0,0,1997,3,138,147,73,63,9,950
48029,4591,A05,0,A00,A0,A0,E0,0,0,1997,3,1617,1662,537,493,44,1035
48031,4591,A05,0,A00,A0,A0,E0,0,0,1997,3,,,0,,,913
48037,4591,A05,0,A00,A0,A0,E0,0,0,1997,3,52,51,15,16,0,864
48039,4591,A05,0,A00,A0,A0,E0,0,0,1997,3,101,92,39,48,-9,954
48041,4591,A05,0,A00,A0,A0,E0,0,0,1997,3,160,171,63,53,11,764
48049,4591,A05,0,A00,A0,A0,E0,0,0,1997,3,8,11,7,4,3,689
48053,4591,A05,0,A00,A0,A0,E0,0,0,1997,3,16,18,9,6,3,1137
48057,4591,A05,0,A00,A0,A0,E0,0,0,1997,3,,,,0,,365
48059,4591,A05,0,A00,A0,A0,E0,0,0,1997,3,,,0,0,,263
48061,4591,A05,0,A00,A0,A0,E0,0,0,1997,3,274,271,38,41,-3,1029
48067,4591,A05,0,A00,A0,A0,E0,0,0,1997,3,,,0,0,,1037
48069,4591,A05,0,A00,A0,A0,E0,0,0,1997,3,0,,,,,
48071,4591,A05,0,A00,A0,A0,E0,0,0,1997,3,,,,,,1409
48073,4591,A05,0,A00,A0,A0,E0,0,0,1997,3,,,0,,,619
48085,4591,A05,0,A00,A0,A0,E0,0,0,1997,3,558,550,210,217,-8,1146
48089,4591,A05,0,A00,A0,A0,E0,0,0,1997,3,,,0,0,,829
48091,4591,A05,0,A00,A0,A0,E0,0,0,1997,3,47,53,22,17,6,1034
48097,4591,A05,0,A00,A0,A0,E0,0,0,1997,3,11,11,4,5,-1,836
48099,4591,A05,0,A00,A0,A0,E0,0,0,1997,3,,,0,,,815
48113,4591,A05,0,A00,A0,A0,E0,0,0,1997,3,4135,4071,1222,1286,-64,2347
48115,4591,A05,0,A00,A0,A0,E0,0,0,1997,3,,,0,0,,440
48117,4591,A05,0,A00,A0,A0,E0,0,0,1997,3,,,0,0,,1630
48121,4591,A05,0,A00,A0,A0,E0,0,0,1997,3,289,304,89,75,15,1290
48129,4591,A05,0,A00,A0,A0,E0,0,0,1997,3,,0,,,,467
48133,4591,A05,0,A00,A0,A0,E0,0,0,1997,3,,,0,0,,261
48135,4591,A05,0,A00,A0,A0,E0,0,0,1997,3,195,192,67,70,-3,1178
48139,4591,A05,0,A00,A0,A0,E0,0,0,1997,3,20,22,11,9,2,1165
48141,4591,A05,0,A00,A0,A0,E0,0,0,1997,3,696,666,216,245,-30,1364
48143,4591,A05,0,A00,A0,A0,E0,0,0,1997,3,11,10,3,4,-1,506
48149,4591,A05,0,A00,A0,A0,E0,0,0,1997,3,,,,,,373
48157,4591,A05,0,A00,A0,A0,E0,0,0,1997,3,210,210,84,83,1,968
48161,4591,A05,0,A00,A0,A0,E0,0,0,1997,3,,0,0,,,240
48163,4591,A05,0,A00,A0,A0,E0,0,0,1997,3,,,,0,,477
48165,4591,A05,0,A00,A0,A0,E0,0,0,1997,3,,,0,0,,647
48167,4591,A05,0,A00,A0,A0,E0,0,0,1997,3,92,94,39,37,2,778
48171,4591,A05,0,A00,A0,A0,E0,0,0,1997,3,,,0,0,,1519
48179,4591,A05,0,A00,A0,A0,E0,0,0,1997,3,34,37,27,24,3,572
48181,4591,A05,0,A00,A0,A0,E0,0,0,1997,3,29,33,15,10,5,892
48183,4591,A05,0,A00,A0,A0,E0,0,0,1997,3,184,162,70,91,-21,1187
48185,4591,A05,0,A00,A0,A0,E0,0,0,1997,3,0,,,0,,
48187,4591,A05,0,A00,A0,A0,E0,0,0,1997,3,19,18,,3,-1,1116
48189,4591,A05,0,A00,A0,A0,E0,0,0,1997,3,20,18,,4,-2,750
48191,4591,A05,0,A00,A0,A0,E0,0,0,1997,3,,,,,,441
48201,4591,A05,0,A00,A0,A0,E0,0,0,1997,3,4547,4732,1598,1413,185,1296
48203,4591,A05,0,A00,A0,A0,E0,0,0,1997,3,,,,,,796
48207,4591,A05,0,A00,A0,A0,E0,0,0,1997,3,,,0,0,,1204
48209,4591,A05,0,A00,A0,A0,E0,0,0,1997,3,86,88,38,36,2,917
48213,4591,A05,0,A00,A0,A0,E0,0,0,1997,3,12,10,4,7,-3,3494
48215,4591,A05,0,A00,A0,A0,E0,0,0,1997,3,341,341,107,107,0,1089
48217,4591,A05,0,A00,A0,A0,E0,0,0,1997,3,15,15,5,6,0,678
48219,4591,A05,0,A00,A0,A0,E0,0,0,1997,3,10,8,,5,-2,521
48221,4591,A05,0,A00,A0,A0,E0,0,0,1997,3,18,17,5,6,-1,1279
48223,4591,A05,0,A00,A0,A0,E0,0,0,1997,3,19,18,7,8,-1,705
48225,4591,A05,0,A00,A0,A0,E0,0,0,1997,3,,,,,,238
48227,4591,A05,0,A00,A0,A0,E0,0,0,1997,3,16,19,15,11,4,1058
48231,4591,A05,0,A00,A0,A0,E0,0,0,1997,3,9,8,,3,-1,1141
48233,4591,A05,0,A00,A0,A0,E0,0,0,1997,3,12,7,8,13,-5,590
48241,4591,A05,0,A00,A0,A0,E0,0,0,1997,3,7,6,,,-1,675
48245,4591,A05,0,A00,A0,A0,E0,0,0,1997,3,202,206,53,49,4,1250
48249,4591,A05,0,A00,A0,A0,E0,0,0,1997,3,6,5,0,,-1,439
48251,4591,A05,0,A00,A0,A0,E0,0,0,1997,3,,,,,,870
48257,4591,A05,0,A00,A0,A0,E0,0,0,1997,3,,,,,,3506
48259,4591,A05,0,A00,A0,A0,E0,0,0,1997,3,,,,,,553
48265,4591,A05,0,A00,A0,A0,E0,0,0,1997,3,13,15,3,,2,668
48273,4591,A05,0,A00,A0,A0,E0,0,0,1997,3,,,,,,928
48277,4591,A05,0,A00,A0,A0,E0,0,0,1997,3,,,0,,,1397
48285,4591,A05,0,A00,A0,A0,E0,0,0,1997,3,,,,,,55
48287,4591,A05,0,A00,A0,A0,E0,0,0,1997,3,,,0,0,,1092
48289,4591,A05,0,A00,A0,A0,E0,0,0,1997,3,,,0,0,,1109
48293,4591,A05,0,A00,A0,A0,E0,0,0,1997,3,0,,,0,,
48297,4591,A05,0,A00,A0,A0,E0,0,0,1997,3,,,,,,858
48299,4591,A05,0,A00,A0,A0,E0,0,0,1997,3,,0,0,,,260
48303,4591,A05,0,A00,A0,A0,E0,0,0,1997,3,425,452,124,96,27,1085
48307,4591,A05,0,A00,A0,A0,E0,0,0,1997,3,,,0,0,,977
48309,4591,A05,0,A00,A0,A0,E0,0,0,1997,3,153,156,55,52,3,1155
48321,4591,A05,0,A00,A0,A0,E0,0,0,1997,3,15,15,4,5,0,756
48323,4591,A05,0,A00,A0,A0,E0,0,0,1997,3,12,15,4,,3,1034
48325,4591,A05,0,A00,A0,A0,E0,0,0,1997,3,,,0,0,,1055
48327,4591,A05,0,A00,A0,A0,E0,0,0,1997,3,,,0,0,,1101
48329,4591,A05,0,A00,A0,A0,E0,0,0,1997,3,194,188,60,67,-6,844
48331,4591,A05,0,A00,A0,A0,E0,0,0,1997,3,,,0,0,,331
48339,4591,A05,0,A00,A0,A0,E0,0,0,1997,3,168,188,103,82,20,1318
48341,4591,A05,0,A00,A0,A0,E0,0,0,1997,3,,,,,,508
48347,4591,A05,0,A00,A0,A0,E0,0,0,1997,3,64,68,34,30,4,774
48349,4591,A05,0,A00,A0,A0,E0,0,0,1997,3,10,8,3,6,-2,768
48355,4591,A05,0,A00,A0,A0,E0,0,0,1997,3,461,468,105,98,8,1302
48361,4591,A05,0,A00,A0,A0,E0,0,0,1997,3,22,26,12,8,4,835
48363,4591,A05,0,A00,A0,A0,E0,0,0,1997,3,6,4,5,7,-2,892
48367,4591,A05,0,A00,A0,A0,E0,0,0,1997,3,8,11,3,,2,974
48371,4591,A05,0,A00,A0,A0,E0,0,0,1997,3,19,20,4,3,1,1233
48375,4591,A05,0,A00,A0,A0,E0,0,0,1997,3,272,275,92,89,3,1215
48379,4591,A05,0,A00,A0,A0,E0,0,0,1997,3,0,,,0,,
48381,4591,A05,0,A00,A0,A0,E0,0,0,1997,3,93,106,42,29,13,740
48389,4591,A05,0,A00,A0,A0,E0,0,0,1997,3,,,,,,687
48401,4591,A05,0,A00,A0,A0,E0,0,0,1997,3,,,,,,1106
48405,4591,A05,0,A00,A0,A0,E0,0,0,1997,3,0,,,0,,
48407,4591,A05,0,A00,A0,A0,E0,0,0,1997,3,,,,0,,1080
48409,4591,A05,0,A00,A0,A0,E0,0,0,1997,3,,,,,,633
48415,4591,A05,0,A00,A0,A0,E0,0,0,1997,3,,,0,0,,892
48423,4591,A05,0,A00,A0,A0,E0,0,0,1997,3,305,310,89,84,5,1539
48425,4591,A05,0,A00,A0,A0,E0,0,0,1997,3,,,,,,532
48427,4591,A05,0,A00,A0,A0,E0,0,0,1997,3,,,,,,572
48437,4591,A05,0,A00,A0,A0,E0,0,0,1997,3,,,,,,1487
48439,4591,A05,0,A00,A0,A0,E0,0,0,1997,3,1896,1904,534,526,8,1318
48441,4591,A05,0,A00,A0,A0,E0,0,0,1997,3,240,265,83,57,25,1086
48449,4591,A05,0,A00,A0,A0,E0,0,0,1997,3,,,,,,784
48451,4591,A05,0,A00,A0,A0,E0,0,0,1997,3,132,141,46,38,8,1007
48453,4591,A05,0,A00,A0,A0,E0,0,0,1997,3,1261,1266,440,435,5,1118
48459,4591,A05,0,A00,A0,A0,E0,0,0,1997,3,,,,,,819
48465,4591,A05,0,A00,A0,A0,E0,0,0,1997,3,23,21,6,7,-1,719
48467,4591,A05,0,A00,A0,A0,E0,0,0,1997,3,,,,,,886
48469,4591,A05,0,A00,A0,A0,E0,0,0,1997,3,91,94,25,23,3,841
48471,4591,A05,0,A00,A0,A0,E0,0,0,1997,3,8,7,0,,-1,363
48475,4591,A05,0,A00,A0,A0,E0,0,0,1997,3,,,,,,606
48477,4591,A05,0,A00,A0,A0,E0,0,0,1997,3,9,9,,,0,444
48479,4591,A05,0,A00,A0,A0,E0,0,0,1997,3,194,193,45,46,-1,1085
48481,4591,A05,0,A00,A0,A0,E0,0,0,1997,3,23,21,5,6,-2,1421
48485,4591,A05,0,A00,A0,A0,E0,0,0,1997,3,145,148,61,57,4,943
48487,4591,A05,0,A00,A0,A0,E0,0,0,1997,3,,,0,0,,1097
48491,4591,A05,0,A00,A0,A0,E0,0,0,1997,3,185,204,93,74,18,1145
48497,4591,A05,0,A00,A0,A0,E0,0,0,1997,3,,6,5,,4,1784
48499,4591,A05,0,A00,A0,A0,E0,0,0,1997,3,,,0,0,,1119
48503,4591,A05,0,A00,A0,A0,E0,0,0,1997,3,,,0,0,,790
48,4591,A05,0,A00,A0,A0,E0,0,0,1997,3,20993,21288,6890,6595,295,1413
48001,4591,A05,0,A00,A0,A0,E0,0,0,1997,4,,,0,0,,1195
48003,4591,A05,0,A00,A0,A0,E0,0,0,1997,4,,,0,,,423
48005,4591,A05,0,A00,A0,A0,E0,0,0,1997,4,44,44,11,11,0,1149
48007,4591,A05,0,A00,A0,A0,E0,0,0,1997,4,17,16,,3,-1,594
48013,4591,A05,0,A00,A0,A0,E0,0,0,1997,4,,,0,0,,1515
48015,4591,A05,0,A00,A0,A0,E0,0,0,1997,4,,,,,,463
48019,4591,A05,0,A00,A0,A0,E0,0,0,1997,4,,,0,,,794
48021,4591,A05,0,A00,A0,A0,E0,0,0,1997,4,,,,,,450
48025,4591,A05,0,A00,A0,A0,E0,0,0,1997,4,,,0,0,,984
48027,4591,A05,0,A00,A0,A0,E0,0,0,1997,4,147,156,87,78,9,956
48029,4591,A05,0,A00,A0,A0,E0,0,0,1997,4,1657,2135,1451,974,477,1069
48031,4591,A05,0,A00,A0,A0,E0,0,0,1997,4,,,,,,1519
48037,4591,A05,0,A00,A0,A0,E0,0,0,1997,4,51,56,27,22,4,1435
48039,4591,A05,0,A00,A0,A0,E0,0,0,1997,4,93,95,40,38,2,1158
48041,4591,A05,0,A00,A0,A0,E0,0,0,1997,4,171,183,70,58,12,749
48049,4591,A05,0,A00,A0,A0,E0,0,0,1997,4,11,10,,4,-2,642
48053,4591,A05,0,A00,A0,A0,E0,0,0,1997,4,18,16,4,6,-2,967
48057,4591,A05,0,A00,A0,A0,E0,0,0,1997,4,,,,,,507
48059,4591,A05,0,A00,A0,A0,E0,0,0,1997,4,,,,,,88
48061,4591,A05,0,A00,A0,A0,E0,0,0,1997,4,270,276,68,63,6,1102
48067,4591,A05,0,A00,A0,A0,E0,0,0,1997,4,,,,,,1103
48069,4591,A05,0,A00,A0,A0,E0,0,0,1997,4,,,,,,1952
48071,4591,A05,0,A00,A0,A0,E0,0,0,1997,4,,,,,,1435
48073,4591,A05,0,A00,A0,A0,E0,0,0,1997,4,,5,3,,2,574
48085,4591,A05,0,A00,A0,A0,E0,0,0,1997,4,548,689,423,283,140,1245
48089,4591,A05,0,A00,A0,A0,E0,0,0,1997,4,,,,0,,965
48091,4591,A05,0,A00,A0,A0,E0,0,0,1997,4,53,58,21,17,5,1082
48093,4591,A05,0,A00,A0,A0,E0,0,0,1997,4,0,,,,,
48097,4591,A05,0,A00,A0,A0,E0,0,0,1997,4,11,13,11,8,2,999
48099,4591,A05,0,A00,A0,A0,E0,0,0,1997,4,,,,0,,75
48113,4591,A05,0,A00,A0,A0,E0,0,0,1997,4,4000,4703,2578,1875,703,1949
48115,4591,A05,0,A00,A0,A0,E0,0,0,1997,4,,,0,0,,431
48117,4591,A05,0,A00,A0,A0,E0,0,0,1997,4,,,0,0,,1931
48121,4591,A05,0,A00,A0,A0,E0,0,0,1997,4,302,373,211,139,71,1336
48133,4591,A05,0,A00,A0,A0,E0,0,0,1997,4,,,0,0,,166
48135,4591,A05,0,A00,A0,A0,E0,0,0,1997,4,191,201,73,63,10,1496
48139,4591,A05,0,A00,A0,A0,E0,0,0,1997,4,22,20,6,7,-2,1058
48141,4591,A05,0,A00,A0,A0,E0,0,0,1997,4,666,837,515,344,171,1595
48143,4591,A05,0,A00,A0,A0,E0,0,0,1997,4,10,13,6,3,2,678
48149,4591,A05,0,A00,A0,A0,E0,0,0,1997,4,,,0,,,505
48157,4591,A05,0,A00,A0,A0,E0,0,0,1997,4,211,253,138,96,42,944
48161,4591,A05,0,A00,A0,A0,E0,0,0,1997,4,0,,,0,,
48163,4591,A05,0,A00,A0,A0,E0,0,0,1997,4,,,,,,320
48165,4591,A05,0,A00,A0,A0,E0,0,0,1997,4,,,,,,413
48167,4591,A05,0,A00,A0,A0,E0,0,0,1997,4,94,85,30,39,-9,773
48171,4591,A05,0,A00,A0,A0,E0,0,0,1997,4,,,,0,,1459
48179,4591,A05,0,A00,A0,A0,E0,0,0,1997,4,37,26,5,16,-11,405
48181,4591,A05,0,A00,A0,A0,E0,0,0,1997,4,33,41,18,11,7,995
48183,4591,A05,0,A00,A0,A0,E0,0,0,1997,4,162,158,61,65,-4,1300
48185,4591,A05,0,A00,A0,A0,E0,0,0,1997,4,,,0,,,739
48187,4591,A05,0,A00,A0,A0,E0,0,0,1997,4,18,16,3,4,-1,1114
48189,4591,A05,0,A00,A0,A0,E0,0,0,1997,4,18,19,5,5,0,869
48191,4591,A05,0,A00,A0,A0,E0,0,0,1997,4,,,,,,409
48201,4591,A05,0,A00,A0,A0,E0,0,0,1997,4,4711,5730,3162,2143,1019,1425
48203,4591,A05,0,A00,A0,A0,E0,0,0,1997,4,,,,,,771
48207,4591,A05,0,A00,A0,A0,E0,0,0,1997,4,,,0,0,,1787
48209,4591,A05,0,A00,A0,A0,E0,0,0,1997,4,89,108,57,38,19,1026
48213,4591,A05,0,A00,A0,A0,E0,0,0,1997,4,10,7,,3,-2,5816
48215,4591,A05,0,A00,A0,A0,E0,0,0,1997,4,340,402,188,126,62,1204
48217,4591,A05,0,A00,A0,A0,E0,0,0,1997,4,15,21,13,7,6,790
48219,4591,A05,0,A00,A0,A0,E0,0,0,1997,4,8,7,5,6,-1,555
48221,4591,A05,0,A00,A0,A0,E0,0,0,1997,4,17,17,4,3,0,1270
48223,4591,A05,0,A00,A0,A0,E0,0,0,1997,4,18,13,9,15,-5,698
48225,4591,A05,0,A00,A0,A0,E0,0,0,1997,4,,,,,,242
48227,4591,A05,0,A00,A0,A0,E0,0,0,1997,4,19,19,7,8,-1,1022
48231,4591,A05,0,A00,A0,A0,E0,0,0,1997,4,8,9,,,1,1717
48233,4591,A05,0,A00,A0,A0,E0,0,0,1997,4,7,4,3,6,-3,712
48241,4591,A05,0,A00,A0,A0,E0,0,0,1997,4,6,4,0,,-2,583
48245,4591,A05,0,A00,A0,A0,E0,0,0,1997,4,205,241,130,94,36,1310
48249,4591,A05,0,A00,A0,A0,E0,0,0,1997,4,,,0,0,,504
48251,4591,A05,0,A00,A0,A0,E0,0,0,1997,4,,3,4,3,1,1466
48257,4591,A05,0,A00,A0,A0,E0,0,0,1997,4,,,,,,4402
48259,4591,A05,0,A00,A0,A0,E0,0,0,1997,4,,,,,,514
48265,4591,A05,0,A00,A0,A0,E0,0,0,1997,4,15,16,,0,1,1013
48273,4591,A05,0,A00,A0,A0,E0,0,0,1997,4,,,,0,,806
48277,4591,A05,0,A00,A0,A0,E0,0,0,1997,4,,,,,,1377
48285,4591,A05,0,A00,A0,A0,E0,0,0,1997,4,,,0,,,140
48287,4591,A05,0,A00,A0,A0,E0,0,0,1997,4,,,0,,,856
48289,4591,A05,0,A00,A0,A0,E0,0,0,1997,4,,,0,,,838
48293,4591,A05,0,A00,A0,A0,E0,0,0,1997,4,,,0,0,,740
48297,4591,A05,0,A00,A0,A0,E0,0,0,1997,4,,,,,,1238
48303,4591,A05,0,A00,A0,A0,E0,0,0,1997,4,450,517,243,177,67,1126
48307,4591,A05,0,A00,A0,A0,E0,0,0,1997,4,,,0,0,,977
48309,4591,A05,0,A00,A0,A0,E0,0,0,1997,4,155,207,160,109,51,1201
48321,4591,A05,0,A00,A0,A0,E0,0,0,1997,4,15,14,,,-1,782
48323,4591,A05,0,A00,A0,A0,E0,0,0,1997,4,15,15,7,7,0,1017
48325,4591,A05,0,A00,A0,A0,E0,0,0,1997,4,,,,,,312
48327,4591,A05,0,A00,A0,A0,E0,0,0,1997,4,,,,0,,1141
48329,4591,A05,0,A00,A0,A0,E0,0,0,1997,4,187,215,132,105,28,971
48331,4591,A05,0,A00,A0,A0,E0,0,0,1997,4,,,0,0,,313
48339,4591,A05,0,A00,A0,A0,E0,0,0,1997,4,188,222,127,93,34,1003
48341,4591,A05,0,A00,A0,A0,E0,0,0,1997,4,,,0,,,339
48347,4591,A05,0,A00,A0,A0,E0,0,0,1997,4,68,89,63,42,21,756
48349,4591,A05,0,A00,A0,A0,E0,0,0,1997,4,8,7,,,-1,1015
48355,4591,A05,0,A00,A0,A0,E0,0,0,1997,4,466,517,237,186,50,1383
48361,4591,A05,0,A00,A0,A0,E0,0,0,1997,4,26,26,8,8,0,868
48363,4591,A05,0,A00,A0,A0,E0,0,0,1997,4,,,,,,1007
48367,4591,A05,0,A00,A0,A0,E0,0,0,1997,4,11,14,9,6,3,829
48371,4591,A05,0,A00,A0,A0,E0,0,0,1997,4,20,23,7,4,4,1102
48375,4591,A05,0,A00,A0,A0,E0,0,0,1997,4,275,339,171,107,64,1333
48379,4591,A05,0,A00,A0,A0,E0,0,0,1997,4,,,0,0,,1120
48381,4591,A05,0,A00,A0,A0,E0,0,0,1997,4,107,115,52,45,8,806
48387,4591,A05,0,A00,A0,A0,E0,0,0,1997,4,0,,,0,,
48389,4591,A05,0,A00,A0,A0,E0,0,0,1997,4,,,0,0,,547
48401,4591,A05,0,A00,A0,A0,E0,0,0,1997,4,,,,0,,1271
48405,4591,A05,0,A00,A0,A0,E0,0,0,1997,4,,,0,0,,493
48407,4591,A05,0,A00,A0,A0,E0,0,0,1997,4,,,0,0,,810
48409,4591,A05,0,A00,A0,A0,E0,0,0,1997,4,,,0,,,713
48415,4591,A05,0,A00,A0,A0,E0,0,0,1997,4,,,0,0,,892
48423,4591,A05,0,A00,A0,A0,E0,0,0,1997,4,307,341,175,141,34,1383
48425,4591,A05,0,A00,A0,A0,E0,0,0,1997,4,,,0,0,,239
48427,4591,A05,0,A00,A0,A0,E0,0,0,1997,4,,,,0,,760
48437,4591,A05,0,A00,A0,A0,E0,0,0,1997,4,,,0,,,1771
48439,4591,A05,0,A00,A0,A0,E0,0,0,1997,4,1889,2258,1153,783,369,1412
48441,4591,A05,0,A00,A0,A0,E0,0,0,1997,4,265,274,77,68,9,1135
48449,4591,A05,0,A00,A0,A0,E0,0,0,1997,4,,,0,0,,790
48451,4591,A05,0,A00,A0,A0,E0,0,0,1997,4,140,139,43,44,-1,1202
48453,4591,A05,0,A00,A0,A0,E0,0,0,1997,4,1258,1407,743,594,149,1289
48459,4591,A05,0,A00,A0,A0,E0,0,0,1997,4,,,,,,691
48465,4591,A05,0,A00,A0,A0,E0,0,0,1997,4,21,23,4,3,1,702
48467,4591,A05,0,A00,A0,A0,E0,0,0,1997,4,,,,0,,886
48469,4591,A05,0,A00,A0,A0,E0,0,0,1997,4,93,104,47,36,11,935
48471,4591,A05,0,A00,A0,A0,E0,0,0,1997,4,7,5,,4,-2,384
48475,4591,A05,0,A00,A0,A0,E0,0,0,1997,4,,,,,,373
48477,4591,A05,0,A00,A0,A0,E0,0,0,1997,4,9,8,0,,-1,366
48479,4591,A05,0,A00,A0,A0,E0,0,0,1997,4,193,254,134,74,61,1226
48481,4591,A05,0,A00,A0,A0,E0,0,0,1997,4,21,21,3,3,0,1521
48485,4591,A05,0,A00,A0,A0,E0,0,0,1997,4,148,162,59,46,13,1022
48487,4591,A05,0,A00,A0,A0,E0,0,0,1997,4,,,0,0,,1284
48491,4591,A05,0,A00,A0,A0,E0,0,0,1997,4,253,272,117,97,20,1061
48497,4591,A05,0,A00,A0,A0,E0,0,0,1997,4,6,5,,3,-1,964
48499,4591,A05,0,A00,A0,A0,E0,0,0,1997,4,,,,0,,1102
48503,4591,A05,0,A00,A0,A0,E0,0,0,1997,4,,,0,0,,905
48,4591,A05,0,A00,A0,A0,E0,0,0,1997,4,21201,24954,13297,9545,3752,1403
48001,4591,A05,0,A00,A0,A0,E0,0,0,1998,1,,,0,0,,1025
48003,4591,A05,0,A00,A0,A0,E0,0,0,1998,1,,,0,0,,694
48005,4591,A05,0,A00,A0,A0,E0,0,0,1998,1,44,43,7,7,-1,1064
48007,4591,A05,0,A00,A0,A0,E0,0,0,1998,1,12,11,,,-1,448
48013,4591,A05,0,A00,A0,A0,E0,0,0,1998,1,,0,0,,,379
48015,4591,A05,0,A00,A0,A0,E0,0,0,1998,1,,,0,,,461
48019,4591,A05,0,A00,A0,A0,E0,0,0,1998,1,,,,,,819
48025,4591,A05,0,A00,A0,A0,E0,0,0,1998,1,,,0,0,,984
48027,4591,A05,0,A00,A0,A0,E0,0,0,1998,1,145,146,48,48,0,869
48029,4591,A05,0,A00,A0,A0,E0,0,0,1998,1,2140,1815,448,773,-324,875
48031,4591,A05,0,A00,A0,A0,E0,0,0,1998,1,,,,0,,2747
48035,4591,A05,0,A00,A0,A0,E0,0,0,1998,1,0,,,,,
48037,4591,A05,0,A00,A0,A0,E0,0,0,1998,1,56,55,10,11,-1,2067
48039,4591,A05,0,A00,A0,A0,E0,0,0,1998,1,95,87,26,34,-8,1029
48041,4591,A05,0,A00,A0,A0,E0,0,0,1998,1,189,171,50,68,-18,680
48043,4591,A05,0,A00,A0,A0,E0,0,0,1998,1,,,0,0,,1484
48049,4591,A05,0,A00,A0,A0,E0,0,0,1998,1,10,11,3,,1,1217
48053,4591,A05,0,A00,A0,A0,E0,0,0,1998,1,16,15,4,6,-2,1088
48057,4591,A05,0,A00,A0,A0,E0,0,0,1998,1,,,0,,,704
48059,4591,A05,0,A00,A0,A0,E0,0,0,1998,1,,,0,0,,266
48061,4591,A05,0,A00,A0,A0,E0,0,0,1998,1,276,260,49,65,-16,979
48067,4591,A05,0,A00,A0,A0,E0,0,0,1998,1,,,,,,774
48069,4591,A05,0,A00,A0,A0,E0,0,0,1998,1,,,,,,2022
48071,4591,A05,0,A00,A0,A0,E0,0,0,1998,1,,,,,,636
48073,4591,A05,0,A00,A0,A0,E0,0,0,1998,1,5,7,3,,2,747
48085,4591,A05,0,A00,A0,A0,E0,0,0,1998,1,1013,851,181,344,-162,924
48089,4591,A05,0,A00,A0,A0,E0,0,0,1998,1,,,0,,,596
48091,4591,A05,0,A00,A0,A0,E0,0,0,1998,1,58,56,13,15,-2,924
48093,4591,A05,0,A00,A0,A0,E0,0,0,1998,1,,,,0,,120
48097,4591,A05,0,A00,A0,A0,E0,0,0,1998,1,13,9,,6,-4,709
48099,4591,A05,0,A00,A0,A0,E0,0,0,1998,1,,,0,0,,1187
48113,4591,A05,0,A00,A0,A0,E0,0,0,1998,1,5821,5090,967,1699,-731,1610
48115,4591,A05,0,A00,A0,A0,E0,0,0,1998,1,,,,,,354
48117,4591,A05,0,A00,A0,A0,E0,0,0,1998,1,,,0,0,,1489
48121,4591,A05,0,A00,A0,A0,E0,0,0,1998,1,637,538,100,199,-99,934
48129,4591,A05,0,A00,A0,A0,E0,0,0,1998,1,0,,,0,,
48133,4591,A05,0,A00,A0,A0,E0,0,0,1998,1,,0,0,,,93
48135,4591,A05,0,A00,A0,A0,E0,0,0,1998,1,201,174,70,97,-27,1074
48139,4591,A05,0,A00,A0,A0,E0,0,0,1998,1,22,18,10,15,-4,820
48141,4591,A05,0,A00,A0,A0,E0,0,0,1998,1,808,628,141,320,-179,984
48143,4591,A05,0,A00,A0,A0,E0,0,0,1998,1,13,15,4,,2,589
48149,4591,A05,0,A00,A0,A0,E0,0,0,1998,1,,,,,,1021
48157,4591,A05,0,A00,A0,A0,E0,0,0,1998,1,346,279,63,130,-67,832
48161,4591,A05,0,A00,A0,A0,E0,0,0,1998,1,,,0,0,,1246
48163,4591,A05,0,A00,A0,A0,E0,0,0,1998,1,,,,,,376
48165,4591,A05,0,A00,A0,A0,E0,0,0,1998,1,,,,,,270
48167,4591,A05,0,A00,A0,A0,E0,0,0,1998,1,84,76,14,22,-8,741
48171,4591,A05,0,A00,A0,A0,E0,0,0,1998,1,,,0,,,1372
48179,4591,A05,0,A00,A0,A0,E0,0,0,1998,1,27,32,12,7,5,486
48181,4591,A05,0,A00,A0,A0,E0,0,0,1998,1,58,46,9,21,-12,684
48183,4591,A05,0,A00,A0,A0,E0,0,0,1998,1,157,149,43,51,-8,1149
48185,4591,A05,0,A00,A0,A0,E0,0,0,1998,1,,,0,0,,1308
48187,4591,A05,0,A00,A0,A0,E0,0,0,1998,1,17,20,4,,3,1048
48189,4591,A05,0,A00,A0,A0,E0,0,0,1998,1,19,17,,3,-2,748
48191,4591,A05,0,A00,A0,A0,E0,0,0,1998,1,,0,0,,,1358
48201,4591,A05,0,A00,A0,A0,E0,0,0,1998,1,5765,4729,1075,2110,-1035,1048
48203,4591,A05,0,A00,A0,A0,E0,0,0,1998,1,,,,0,,1054
48207,4591,A05,0,A00,A0,A0,E0,0,0,1998,1,,,0,0,,876
48209,4591,A05,0,A00,A0,A0,E0,0,0,1998,1,107,90,32,50,-18,857
48213,4591,A05,0,A00,A0,A0,E0,0,0,1998,1,7,12,6,,4,11830
48215,4591,A05,0,A00,A0,A0,E0,0,0,1998,1,402,330,60,132,-72,892
48217,4591,A05,0,A00,A0,A0,E0,0,0,1998,1,21,15,,7,-6,588
48219,4591,A05,0,A00,A0,A0,E0,0,0,1998,1,7,8,6,5,1,367
48221,4591,A05,0,A00,A0,A0,E0,0,0,1998,1,,,,,,1137
48223,4591,A05,0,A00,A0,A0,E0,0,0,1998,1,13,19,7,,6,955
48225,4591,A05,0,A00,A0,A0,E0,0,0,1998,1,,0,,,,126
48227,4591,A05,0,A00,A0,A0,E0,0,0,1998,1,19,15,4,8,-4,1021
48231,4591,A05,0,A00,A0,A0,E0,0,0,1998,1,9,13,8,4,4,1680
48233,4591,A05,0,A00,A0,A0,E0,0,0,1998,1,4,6,,0,2,778
48241,4591,A05,0,A00,A0,A0,E0,0,0,1998,1,4,6,4,,2,715
48245,4591,A05,0,A00,A0,A0,E0,0,0,1998,1,246,212,46,80,-34,948
48249,4591,A05,0,A00,A0,A0,E0,0,0,1998,1,,,,0,,497
48251,4591,A05,0,A00,A0,A0,E0,0,0,1998,1,3,6,5,,3,891
48257,4591,A05,0,A00,A0,A0,E0,0,0,1998,1,,,,0,,4082
48259,4591,A05,0,A00,A0,A0,E0,0,0,1998,1,,,,0,,918
48265,4591,A05,0,A00,A0,A0,E0,0,0,1998,1,16,15,4,6,-2,1034
48273,4591,A05,0,A00,A0,A0,E0,0,0,1998,1,,,0,0,,852
48277,4591,A05,0,A00,A0,A0,E0,0,0,1998,1,,,,,,1167
48285,4591,A05,0,A00,A0,A0,E0,0,0,1998,1,,,0,0,,270
48287,4591,A05,0,A00,A0,A0,E0,0,0,1998,1,,,0,0,,797
48289,4591,A05,0,A00,A0,A0,E0,0,0,1998,1,,,,,,1063
48293,4591,A05,0,A00,A0,A0,E0,0,0,1998,1,,,0,0,,756
48297,4591,A05,0,A00,A0,A0,E0,0,0,1998,1,,,,0,,909
48303,4591,A05,0,A00,A0,A0,E0,0,0,1998,1,520,433,62,150,-88,843
48307,4591,A05,0,A00,A0,A0,E0,0,0,1998,1,,,0,0,,939
48309,4591,A05,0,A00,A0,A0,E0,0,0,1998,1,239,179,30,90,-60,781
48313,4591,A05,0,A00,A0,A0,E0,0,0,1998,1,,,,,,1729
48321,4591,A05,0,A00,A0,A0,E0,0,0,1998,1,14,11,0,,-2,837
48323,4591,A05,0,A00,A0,A0,E0,0,0,1998,1,15,15,,3,-1,881
48325,4591,A05,0,A00,A0,A0,E0,0,0,1998,1,,,0,0,,636
48327,4591,A05,0,A00,A0,A0,E0,0,0,1998,1,,,0,,,748
48329,4591,A05,0,A00,A0,A0,E0,0,0,1998,1,215,176,42,82,-39,696
48331,4591,A05,0,A00,A0,A0,E0,0,0,1998,1,,,0,,,260
48339,4591,A05,0,A00,A0,A0,E0,0,0,1998,1,221,187,63,97,-34,880
48341,4591,A05,0,A00,A0,A0,E0,0,0,1998,1,,,,,,413
48347,4591,A05,0,A00,A0,A0,E0,0,0,1998,1,89,88,49,51,-2,690
48349,4591,A05,0,A00,A0,A0,E0,0,0,1998,1,,,,,,761
48355,4591,A05,0,A00,A0,A0,E0,0,0,1998,1,519,465,82,136,-54,1151
48361,4591,A05,0,A00,A0,A0,E0,0,0,1998,1,14,20,6,0,6,760
48363,4591,A05,0,A00,A0,A0,E0,0,0,1998,1,,,,,,383
48367,4591,A05,0,A00,A0,A0,E0,0,0,1998,1,14,12,,4,-2,724
48371,4591,A05,0,A00,A0,A0,E0,0,0,1998,1,23,21,,5,-3,1039
48375,4591,A05,0,A00,A0,A0,E0,0,0,1998,1,372,308,74,138,-64,1064
48379,4591,A05,0,A00,A0,A0,E0,0,0,1998,1,,,,,,1220
48381,4591,A05,0,A00,A0,A0,E0,0,0,1998,1,116,100,14,30,-16,708
48387,4591,A05,0,A00,A0,A0,E0,0,0,1998,1,,,0,0,,1750
48389,4591,A05,0,A00,A0,A0,E0,0,0,1998,1,,,,0,,452
48401,4591,A05,0,A00,A0,A0,E0,0,0,1998,1,,,,,,1343
48405,4591,A05,0,A00,A0,A0,E0,0,0,1998,1,,0,0,,,38
48409,4591,A05,0,A00,A0,A0,E0,0,0,1998,1,,,,,,814
48415,4591,A05,0,A00,A0,A0,E0,0,0,1998,1,,,0,0,,1040
48423,4591,A05,0,A00,A0,A0,E0,0,0,1998,1,317,274,63,106,-43,1293
48425,4591,A05,0,A00,A0,A0,E0,0,0,1998,1,,,0,0,,168
48427,4591,A05,0,A00,A0,A0,E0,0,0,1998,1,,,,,,689
48437,4591,A05,0,A00,A0,A0,E0,0,0,1998,1,,,,,,1862
48439,4591,A05,0,A00,A0,A0,E0,0,0,1998,1,2719,2342,382,759,-377,1069
48441,4591,A05,0,A00,A0,A0,E0,0,0,1998,1,277,266,63,74,-11,1103
48449,4591,A05,0,A00,A0,A0,E0,0,0,1998,1,,,,0,,727
48451,4591,A05,0,A00,A0,A0,E0,0,0,1998,1,137,147,48,37,10,948
48453,4591,A05,0,A00,A0,A0,E0,0,0,1998,1,1364,1233,287,418,-131,1085
48459,4591,A05,0,A00,A0,A0,E0,0,0,1998,1,,,,,,1254
48465,4591,A05,0,A00,A0,A0,E0,0,0,1998,1,21,20,45,45,0,714
48467,4591,A05,0,A00,A0,A0,E0,0,0,1998,1,,,0,0,,923
48469,4591,A05,0,A00,A0,A0,E0,0,0,1998,1,105,98,18,25,-7,783
48471,4591,A05,0,A00,A0,A0,E0,0,0,1998,1,5,6,,,1,501
48475,4591,A05,0,A00,A0,A0,E0,0,0,1998,1,,,,0,,688
48477,4591,A05,0,A00,A0,A0,E0,0,0,1998,1,8,11,3,0,3,330
48479,4591,A05,0,A00,A0,A0,E0,0,0,1998,1,254,209,45,90,-45,876
48481,4591,A05,0,A00,A0,A0,E0,0,0,1998,1,21,21,3,3,0,1295
48485,4591,A05,0,A00,A0,A0,E0,0,0,1998,1,157,157,33,33,0,1010
48487,4591,A05,0,A00,A0,A0,E0,0,0,1998,1,,,,,,1177
48491,4591,A05,0,A00,A0,A0,E0,0,0,1998,1,260,244,58,74,-16,944
48497,4591,A05,0,A00,A0,A0,E0,0,0,1998,1,5,4,0,,-1,1058
48499,4591,A05,0,A00,A0,A0,E0,0,0,1998,1,,,,,,805
48503,4591,A05,0,A00,A0,A0,E0,0,0,1998,1,,,0,0,,853
48,4591,A05,0,A00,A0,A0,E0,0,0,1998,1,27220,23459,5109,8870,-3761,1125
48001,4591,A05,0,A00,A0,A0,E0,0,0,1998,2,,,0,0,,1110
48003,4591,A05,0,A00,A0,A0,E0,0,0,1998,2,,,,0,,976
48005,4591,A05,0,A00,A0,A0,E0,0,0,1998,2,43,43,10,10,0,1095
48007,4591,A05,0,A00,A0,A0,E0,0,0,1998,2,11,14,5,,2,442
48015,4591,A05,0,A00,A0,A0,E0,0,0,1998,2,,,,0,,583
48019,4591,A05,0,A00,A0,A0,E0,0,0,1998,2,,,0,0,,1050
48021,4591,A05,0,A00,A0,A0,E0,0,0,1998,2,0,0,,,0,
48025,4591,A05,0,A00,A0,A0,E0,0,0,1998,2,,,0,0,,984
48027,4591,A05,0,A00,A0,A0,E0,0,0,1998,2,149,147,59,61,-2,890
48029,4591,A05,0,A00,A0,A0,E0,0,0,1998,2,1791,1769,618,640,-22,1017
48031,4591,A05,0,A00,A0,A0,E0,0,0,1998,2,,,,0,,1254
48035,4591,A05,0,A00,A0,A0,E0,0,0,1998,2,,,,,,1195
48037,4591,A05,0,A00,A0,A0,E0,0,0,1998,2,55,61,18,13,5,1762
48039,4591,A05,0,A00,A0,A0,E0,0,0,1998,2,85,88,40,37,3,1059
48041,4591,A05,0,A00,A0,A0,E0,0,0,1998,2,175,176,62,61,1,787
48043,4591,A05,0,A00,A0,A0,E0,0,0,1998,2,,,,,,1705
48049,4591,A05,0,A00,A0,A0,E0,0,0,1998,2,11,9,,2,-1,684
48053,4591,A05,0,A00,A0,A0,E0,0,0,1998,2,15,13,5,7,-2,1087
48057,4591,A05,0,A00,A0,A0,E0,0,0,1998,2,,,0,0,,771
48059,4591,A05,0,A00,A0,A0,E0,0,0,1998,2,,,,,,44
48061,4591,A05,0,A00,A0,A0,E0,0,0,1998,2,260,245,44,59,-15,1066
48067,4591,A05,0,A00,A0,A0,E0,0,0,1998,2,,,0,,,824
48069,4591,A05,0,A00,A0,A0,E0,0,0,1998,2,,,,,,2075
48071,4591,A05,0,A00,A0,A0,E0,0,0,1998,2,,,,,,771
48073,4591,A05,0,A00,A0,A0,E0,0,0,1998,2,7,7,,,0,698
48075,4591,A05,0,A00,A0,A0,E0,0,0,1998,2,0,,,0,,
48085,4591,A05,0,A00,A0,A0,E0,0,0,1998,2,873,861,285,297,-12,1224
48089,4591,A05,0,A00,A0,A0,E0,0,0,1998,2,,,0,,,698
48091,4591,A05,0,A00,A0,A0,E0,0,0,1998,2,53,54,15,15,0,1061
48093,4591,A05,0,A00,A0,A0,E0,0,0,1998,2,,,,0,,101
48097,4591,A05,0,A00,A0,A0,E0,0,0,1998,2,9,9,3,3,0,965
48099,4591,A05,0,A00,A0,A0,E0,0,0,1998,2,,,0,,,782
48113,4591,A05,0,A00,A0,A0,E0,0,0,1998,2,5094,5310,1733,1517,216,1839
48115,4591,A05,0,A00,A0,A0,E0,0,0,1998,2,,,0,0,,674
48117,4591,A05,0,A00,A0,A0,E0,0,0,1998,2,,,0,0,,1130
48121,4591,A05,0,A00,A0,A0,E0,0,0,1998,2,606,600,201,207,-6,1131
48129,4591,A05,0,A00,A0,A0,E0,0,0,1998,2,,,,0,,1362
48133,4591,A05,0,A00,A0,A0,E0,0,0,1998,2,0,0,,,0,
48135,4591,A05,0,A00,A0,A0,E0,0,0,1998,2,159,168,48,39,9,1451
48139,4591,A05,0,A00,A0,A0,E0,0,0,1998,2,18,20,6,5,2,984
48141,4591,A05,0,A00,A0,A0,E0,0,0,1998,2,628,647,220,201,19,1180
48143,4591,A05,0,A00,A0,A0,E0,0,0,1998,2,15,15,,,0,569
48145,4591,A05,0,A00,A0,A0,E0,0,0,1998,2,0,,,0,,
48149,4591,A05,0,A00,A0,A0,E0,0,0,1998,2,,,,,,564
48157,4591,A05,0,A00,A0,A0,E0,0,0,1998,2,256,252,85,89,-4,965
48161,4591,A05,0,A00,A0,A0,E0,0,0,1998,2,,,0,0,,1453
48163,4591,A05,0,A00,A0,A0,E0,0,0,1998,2,,,,,,422
48165,4591,A05,0,A00,A0,A0,E0,0,0,1998,2,,,,,,462
48167,4591,A05,0,A00,A0,A0,E0,0,0,1998,2,99,113,50,36,14,830
48171,4591,A05,0,A00,A0,A0,E0,0,0,1998,2,,,,0,,1661
48177,4591,A05,0,A00,A0,A0,E0,0,0,1998,2,0,,,0,,
48179,4591,A05,0,A00,A0,A0,E0,0,0,1998,2,32,36,24,20,4,597
48181,4591,A05,0,A00,A0,A0,E0,0,0,1998,2,68,65,24,27,-3,779
48183,4591,A05,0,A00,A0,A0,E0,0,0,1998,2,150,193,89,46,43,1143
48185,4591,A05,0,A00,A0,A0,E0,0,0,1998,2,,,,,,1289
48187,4591,A05,0,A00,A0,A0,E0,0,0,1998,2,19,19,3,4,-1,1276
48189,4591,A05,0,A00,A0,A0,E0,0,0,1998,2,17,19,5,3,2,672
48201,4591,A05,0,A00,A0,A0,E0,0,0,1998,2,4611,4617,1362,1356,5,1326
48203,4591,A05,0,A00,A0,A0,E0,0,0,1998,2,,,,0,,994
48207,4591,A05,0,A00,A0,A0,E0,0,0,1998,2,,,0,0,,805
48209,4591,A05,0,A00,A0,A0,E0,0,0,1998,2,76,91,48,32,15,1130
48213,4591,A05,0,A00,A0,A0,E0,0,0,1998,2,12,9,0,3,-3,7637
48215,4591,A05,0,A00,A0,A0,E0,0,0,1998,2,330,331,66,65,0,1130
48217,4591,A05,0,A00,A0,A0,E0,0,0,1998,2,15,18,6,3,3,746
48219,4591,A05,0,A00,A0,A0,E0,0,0,1998,2,8,13,6,,5,602
48221,4591,A05,0,A00,A0,A0,E0,0,0,1998,2,19,22,11,8,3,1123
48223,4591,A05,0,A00,A0,A0,E0,0,0,1998,2,19,22,,0,2,759
48225,4591,A05,0,A00,A0,A0,E0,0,0,1998,2,0,,,0,,
48227,4591,A05,0,A00,A0,A0,E0,0,0,1998,2,15,11,4,7,-4,1118
48231,4591,A05,0,A00,A0,A0,E0,0,0,1998,2,13,14,6,5,1,1457
48233,4591,A05,0,A00,A0,A0,E0,0,0,1998,2,7,10,7,3,3,861
48241,4591,A05,0,A00,A0,A0,E0,0,0,1998,2,6,6,3,3,0,640
48245,4591,A05,0,A00,A0,A0,E0,0,0,1998,2,212,216,48,44,4,1477
48249,4591,A05,0,A00,A0,A0,E0,0,0,1998,2,,,,,,574
48251,4591,A05,0,A00,A0,A0,E0,0,0,1998,2,25,71,47,,45,1056
48257,4591,A05,0,A00,A0,A0,E0,0,0,1998,2,,,0,,,3336
48259,4591,A05,0,A00,A0,A0,E0,0,0,1998,2,,,,,,548
48265,4591,A05,0,A00,A0,A0,E0,0,0,1998,2,15,16,,,1,693
48273,4591,A05,0,A00,A0,A0,E0,0,0,1998,2,,,0,0,,851
48277,4591,A05,0,A00,A0,A0,E0,0,0,1998,2,,,,,,1187
48285,4591,A05,0,A00,A0,A0,E0,0,0,1998,2,,,0,0,,247
48287,4591,A05,0,A00,A0,A0,E0,0,0,1998,2,,,0,0,,872
48289,4591,A05,0,A00,A0,A0,E0,0,0,1998,2,,,,0,,1202
48293,4591,A05,0,A00,A0,A0,E0,0,0,1998,2,,,0,0,,940
48297,4591,A05,0,A00,A0,A0,E0,0,0,1998,2,,0,0,,,692
48303,4591,A05,0,A00,A0,A0,E0,0,0,1998,2,431,436,110,105,5,1053
48307,4591,A05,0,A00,A0,A0,E0,0,0,1998,2,,,0,0,,902
48309,4591,A05,0,A00,A0,A0,E0,0,0,1998,2,206,212,76,69,6,1009
48313,4591,A05,0,A00,A0,A0,E0,0,0,1998,2,,,,,,1322
48321,4591,A05,0,A00,A0,A0,E0,0,0,1998,2,12,12,,,1,808
48323,4591,A05,0,A00,A0,A0,E0,0,0,1998,2,15,15,4,4,1,870
48325,4591,A05,0,A00,A0,A0,E0,0,0,1998,2,,,0,0,,394
48327,4591,A05,0,A00,A0,A0,E0,0,0,1998,2,,,0,0,,624
48329,4591,A05,0,A00,A0,A0,E0,0,0,1998,2,186,193,59,52,7,947
48331,4591,A05,0,A00,A0,A0,E0,0,0,1998,2,,,0,,,186
48339,4591,A05,0,A00,A0,A0,E0,0,0,1998,2,172,174,60,58,1,974
48341,4591,A05,0,A00,A0,A0,E0,0,0,1998,2,,,,,,662
48347,4591,A05,0,A00,A0,A0,E0,0,0,1998,2,53,57,25,21,4,709
48349,4591,A05,0,A00,A0,A0,E0,0,0,1998,2,,,,,,831
48353,4591,A05,0,A00,A0,A0,E0,0,0,1998,2,0,,,0,,
48355,4591,A05,0,A00,A0,A0,E0,0,0,1998,2,461,467,100,94,6,1353
48361,4591,A05,0,A00,A0,A0,E0,0,0,1998,2,20,23,11,8,3,820
48363,4591,A05,0,A00,A0,A0,E0,0,0,1998,2,,,,,,417
48365,4591,A05,0,A00,A0,A0,E0,0,0,1998,2,0,,,0,,
48367,4591,A05,0,A00,A0,A0,E0,0,0,1998,2,12,13,3,,1,873
48371,4591,A05,0,A00,A0,A0,E0,0,0,1998,2,21,19,,4,-2,1102
48375,4591,A05,0,A00,A0,A0,E0,0,0,1998,2,306,306,80,80,0,1349
48379,4591,A05,0,A00,A0,A0,E0,0,0,1998,2,,,0,,,1084
48381,4591,A05,0,A00,A0,A0,E0,0,0,1998,2,103,111,43,35,8,813
48387,4591,A05,0,A00,A0,A0,E0,0,0,1998,2,,0,0,,,1226
48389,4591,A05,0,A00,A0,A0,E0,0,0,1998,2,,,0,0,,668
48399,4591,A05,0,A00,A0,A0,E0,0,0,1998,2,0,,,0,,
48401,4591,A05,0,A00,A0,A0,E0,0,0,1998,2,8,8,,,0,741
48409,4591,A05,0,A00,A0,A0,E0,0,0,1998,2,,,,,,1027
48415,4591,A05,0,A00,A0,A0,E0,0,0,1998,2,,,0,0,,892
48423,4591,A05,0,A00,A0,A0,E0,0,0,1998,2,273,278,85,80,5,1391
48425,4591,A05,0,A00,A0,A0,E0,0,0,1998,2,,,0,0,,181
48427,4591,A05,0,A00,A0,A0,E0,0,0,1998,2,,,0,,,644
48437,4591,A05,0,A00,A0,A0,E0,0,0,1998,2,,,,0,,1903
48439,4591,A05,0,A00,A0,A0,E0,0,0,1998,2,2393,2392,653,653,-1,1345
48441,4591,A05,0,A00,A0,A0,E0,0,0,1998,2,223,226,54,52,2,1218
48449,4591,A05,0,A00,A0,A0,E0,0,0,1998,2,,,0,0,,882
48451,4591,A05,0,A00,A0,A0,E0,0,0,1998,2,135,131,34,38,-4,1098
48453,4591,A05,0,A00,A0,A0,E0,0,0,1998,2,1251,1224,378,406,-28,1177
48459,4591,A05,0,A00,A0,A0,E0,0,0,1998,2,,,,,,1513
48465,4591,A05,0,A00,A0,A0,E0,0,0,1998,2,20,20,0,0,0,794
48467,4591,A05,0,A00,A0,A0,E0,0,0,1998,2,,,0,0,,923
48469,4591,A05,0,A00,A0,A0,E0,0,0,1998,2,97,106,33,24,9,875
48471,4591,A05,0,A00,A0,A0,E0,0,0,1998,2,6,8,3,,2,454
48475,4591,A05,0,A00,A0,A0,E0,0,0,1998,2,,,,0,,608
48477,4591,A05,0,A00,A0,A0,E0,0,0,1998,2,11,8,0,3,-3,342
48479,4591,A05,0,A00,A0,A0,E0,0,0,1998,2,209,204,36,42,-6,1251
48481,4591,A05,0,A00,A0,A0,E0,0,0,1998,2,21,24,4,,3,1318
48485,4591,A05,0,A00,A0,A0,E0,0,0,1998,2,160,157,49,52,-3,981
48487,4591,A05,0,A00,A0,A0,E0,0,0,1998,2,,,,,,916
48491,4591,A05,0,A00,A0,A0,E0,0,0,1998,2,256,280,94,69,24,986
48497,4591,A05,0,A00,A0,A0,E0,0,0,1998,2,4,3,0,,-1,1066
48499,4591,A05,0,A00,A0,A0,E0,0,0,1998,2,,,0,0,,900
48503,4591,A05,0,A00,A0,A0,E0,0,0,1998,2,,,,,,808
48,4591,A05,0,A00,A0,A0,E0,0,0,1998,2,23440,23819,7338,6959,379,1338
48001,4591,A05,0,A00,A0,A0,E0,0,0,1998,3,,,,0,,1258
48003,4591,A05,0,A00,A0,A0,E0,0,0,1998,3,,,,,,757
48005,4591,A05,0,A00,A0,A0,E0,0,0,1998,3,58,60,16,14,2,1116
48007,4591,A05,0,A00,A0,A0,E0,0,0,1998,3,14,12,,3,-1,567
48013,4591,A05,0,A00,A0,A0,E0,0,0,1998,3,0,,,0,,
48015,4591,A05,0,A00,A0,A0,E0,0,0,1998,3,8,12,7,4,4,457
48019,4591,A05,0,A00,A0,A0,E0,0,0,1998,3,,,0,0,,1183
48021,4591,A05,0,A00,A0,A0,E0,0,0,1998,3,0,0,,,0,
48025,4591,A05,0,A00,A0,A0,E0,0,0,1998,3,,,,,,984
48027,4591,A05,0,A00,A0,A0,E0,0,0,1998,3,167,153,62,76,-14,934
48029,4591,A05,0,A00,A0,A0,E0,0,0,1998,3,1754,1752,659,661,-1,1031
48031,4591,A05,0,A00,A0,A0,E0,0,0,1998,3,,,,,,983
48035,4591,A05,0,A00,A0,A0,E0,0,0,1998,3,,,,0,,1111
48037,4591,A05,0,A00,A0,A0,E0,0,0,1998,3,84,72,17,29,-12,1618
48039,4591,A05,0,A00,A0,A0,E0,0,0,1998,3,88,85,50,53,-3,1054
48041,4591,A05,0,A00,A0,A0,E0,0,0,1998,3,195,229,105,70,35,807
48043,4591,A05,0,A00,A0,A0,E0,0,0,1998,3,,,,,,997
48049,4591,A05,0,A00,A0,A0,E0,0,0,1998,3,9,4,,8,-6,860
48053,4591,A05,0,A00,A0,A0,E0,0,0,1998,3,13,15,12,9,3,1012
48057,4591,A05,0,A00,A0,A0,E0,0,0,1998,3,,,,0,,803
48059,4591,A05,0,A00,A0,A0,E0,0,0,1998,3,,0,,,,256
48061,4591,A05,0,A00,A0,A0,E0,0,0,1998,3,265,290,94,69,25,933
48067,4591,A05,0,A00,A0,A0,E0,0,0,1998,3,,,0,,,800
48069,4591,A05,0,A00,A0,A0,E0,0,0,1998,3,,,,0,,1868
48071,4591,A05,0,A00,A0,A0,E0,0,0,1998,3,,,,,,729
48073,4591,A05,0,A00,A0,A0,E0,0,0,1998,3,7,8,4,4,1,490
48075,4591,A05,0,A00,A0,A0,E0,0,0,1998,3,,,,,,53
48085,4591,A05,0,A00,A0,A0,E0,0,0,1998,3,848,849,275,275,0,1148
48089,4591,A05,0,A00,A0,A0,E0,0,0,1998,3,,,,0,,776
48091,4591,A05,0,A00,A0,A0,E0,0,0,1998,3,53,51,14,16,-2,1207
48093,4591,A05,0,A00,A0,A0,E0,0,0,1998,3,,,,,,91
48097,4591,A05,0,A00,A0,A0,E0,0,0,1998,3,9,9,,,0,909
48099,4591,A05,0,A00,A0,A0,E0,0,0,1998,3,,0,0,,,1335
48113,4591,A05,0,A00,A0,A0,E0,0,0,1998,3,5214,5162,1624,1676,-52,1640
48115,4591,A05,0,A00,A0,A0,E0,0,0,1998,3,,0,0,,,678
48117,4591,A05,0,A00,A0,A0,E0,0,0,1998,3,,,0,0,,1089
48121,4591,A05,0,A00,A0,A0,E0,0,0,1998,3,605,619,217,204,14,1101
48129,4591,A05,0,A00,A0,A0,E0,0,0,1998,3,,,0,,,875
48133,4591,A05,0,A00,A0,A0,E0,0,0,1998,3,0,,,0,,
48135,4591,A05,0,A00,A0,A0,E0,0,0,1998,3,168,184,83,67,16,1249
48139,4591,A05,0,A00,A0,A0,E0,0,0,1998,3,20,18,11,13,-2,971
48141,4591,A05,0,A00,A0,A0,E0,0,0,1998,3,648,653,257,252,5,1275
48143,4591,A05,0,A00,A0,A0,E0,0,0,1998,3,15,12,0,,-2,584
48149,4591,A05,0,A00,A0,A0,E0,0,0,1998,3,,,,,,475
48157,4591,A05,0,A00,A0,A0,E0,0,0,1998,3,262,290,109,81,28,973
48161,4591,A05,0,A00,A0,A0,E0,0,0,1998,3,,,0,0,,1246
48163,4591,A05,0,A00,A0,A0,E0,0,0,1998,3,,,,,,362
48165,4591,A05,0,A00,A0,A0,E0,0,0,1998,3,,,,,,529
48167,4591,A05,0,A00,A0,A0,E0,0,0,1998,3,113,128,64,49,15,760
48171,4591,A05,0,A00,A0,A0,E0,0,0,1998,3,,,,0,,1331
48177,4591,A05,0,A00,A0,A0,E0,0,0,1998,3,,0,0,,,916
48179,4591,A05,0,A00,A0,A0,E0,0,0,1998,3,36,34,20,22,-2,601
48181,4591,A05,0,A00,A0,A0,E0,0,0,1998,3,85,86,36,34,1,928
48183,4591,A05,0,A00,A0,A0,E0,0,0,1998,3,213,187,80,107,-27,1030
48185,4591,A05,0,A00,A0,A0,E0,0,0,1998,3,,0,0,,,1461
48187,4591,A05,0,A00,A0,A0,E0,0,0,1998,3,19,20,7,6,1,1167
48189,4591,A05,0,A00,A0,A0,E0,0,0,1998,3,19,14,4,8,-5,640
48201,4591,A05,0,A00,A0,A0,E0,0,0,1998,3,4567,4700,1470,1336,134,1292
48203,4591,A05,0,A00,A0,A0,E0,0,0,1998,3,13,12,,,-1,854
48207,4591,A05,0,A00,A0,A0,E0,0,0,1998,3,4,11,12,5,7,829
48209,4591,A05,0,A00,A0,A0,E0,0,0,1998,3,89,101,50,38,12,1166
48213,4591,A05,0,A00,A0,A0,E0,0,0,1998,3,9,12,6,3,4,5705
48215,4591,A05,0,A00,A0,A0,E0,0,0,1998,3,314,328,84,69,14,1139
48217,4591,A05,0,A00,A0,A0,E0,0,0,1998,3,18,19,6,6,1,656
48219,4591,A05,0,A00,A0,A0,E0,0,0,1998,3,13,12,3,5,-1,584
48221,4591,A05,0,A00,A0,A0,E0,0,0,1998,3,22,16,8,14,-6,1065
48223,4591,A05,0,A00,A0,A0,E0,0,0,1998,3,22,22,6,6,0,679
48225,4591,A05,0,A00,A0,A0,E0,0,0,1998,3,,,,,,179
48227,4591,A05,0,A00,A0,A0,E0,0,0,1998,3,11,12,9,8,1,1048
48231,4591,A05,0,A00,A0,A0,E0,0,0,1998,3,14,13,,3,-1,1593
48233,4591,A05,0,A00,A0,A0,E0,0,0,1998,3,10,3,,9,-7,816
48241,4591,A05,0,A00,A0,A0,E0,0,0,1998,3,6,3,0,3,-3,483
48245,4591,A05,0,A00,A0,A0,E0,0,0,1998,3,220,230,68,58,10,1228
48249,4591,A05,0,A00,A0,A0,E0,0,0,1998,3,,,0,,,627
48251,4591,A05,0,A00,A0,A0,E0,0,0,1998,3,71,74,66,62,3,596
48257,4591,A05,0,A00,A0,A0,E0,0,0,1998,3,,,,,,4634
48259,4591,A05,0,A00,A0,A0,E0,0,0,1998,3,,,,,,552
48265,4591,A05,0,A00,A0,A0,E0,0,0,1998,3,16,17,7,6,2,689
48273,4591,A05,0,A00,A0,A0,E0,0,0,1998,3,,,0,0,,1047
48277,4591,A05,0,A00,A0,A0,E0,0,0,1998,3,,,,,,895
48285,4591,A05,0,A00,A0,A0,E0,0,0,1998,3,,,0,0,,211
48287,4591,A05,0,A00,A0,A0,E0,0,0,1998,3,,,0,0,,926
48289,4591,A05,0,A00,A0,A0,E0,0,0,1998,3,,,0,,,1012
48293,4591,A05,0,A00,A0,A0,E0,0,0,1998,3,,,0,0,,1145
48297,4591,A05,0,A00,A0,A0,E0,0,0,1998,3,0,0,,,0,
48303,4591,A05,0,A00,A0,A0,E0,0,0,1998,3,432,434,108,106,2,1086
48307,4591,A05,0,A00,A0,A0,E0,0,0,1998,3,,,0,0,,977
48309,4591,A05,0,A00,A0,A0,E0,0,0,1998,3,207,206,78,79,-1,1025
48313,4591,A05,0,A00,A0,A0,E0,0,0,1998,3,,,,,,1233
48321,4591,A05,0,A00,A0,A0,E0,0,0,1998,3,12,15,3,,2,802
48323,4591,A05,0,A00,A0,A0,E0,0,0,1998,3,15,14,,3,-1,964
48325,4591,A05,0,A00,A0,A0,E0,0,0,1998,3,,,,,,464
48327,4591,A05,0,A00,A0,A0,E0,0,0,1998,3,,,,0,,689
48329,4591,A05,0,A00,A0,A0,E0,0,0,1998,3,187,176,49,60,-11,832
48331,4591,A05,0,A00,A0,A0,E0,0,0,1998,3,,,,0,,337
48339,4591,A05,0,A00,A0,A0,E0,0,0,1998,3,201,221,106,86,21,1090
48341,4591,A05,0,A00,A0,A0,E0,0,0,1998,3,,,,,,660
48347,4591,A05,0,A00,A0,A0,E0,0,0,1998,3,57,53,19,24,-5,679
48349,4591,A05,0,A00,A0,A0,E0,0,0,1998,3,,,,,,942
48353,4591,A05,0,A00,A0,A0,E0,0,0,1998,3,,0,0,,,542
48355,4591,A05,0,A00,A0,A0,E0,0,0,1998,3,461,469,111,103,8,1421
48361,4591,A05,0,A00,A0,A0,E0,0,0,1998,3,23,14,4,12,-9,658
48363,4591,A05,0,A00,A0,A0,E0,0,0,1998,3,,,,,,327
48365,4591,A05,0,A00,A0,A0,E0,0,0,1998,3,,,,,,800
48367,4591,A05,0,A00,A0,A0,E0,0,0,1998,3,13,14,8,6,1,715
48371,4591,A05,0,A00,A0,A0,E0,0,0,1998,3,19,23,7,4,4,1267
48373,4591,A05,0,A00,A0,A0,E0,0,0,1998,3,0,,,0,,
48375,4591,A05,0,A00,A0,A0,E0,0,0,1998,3,307,334,94,66,28,1394
48379,4591,A05,0,A00,A0,A0,E0,0,0,1998,3,,,0,0,,1155
48381,4591,A05,0,A00,A0,A0,E0,0,0,1998,3,109,114,46,41,5,751
48389,4591,A05,0,A00,A0,A0,E0,0,0,1998,3,,,0,,,601
48399,4591,A05,0,A00,A0,A0,E0,0,0,1998,3,,0,0,,,132
48401,4591,A05,0,A00,A0,A0,E0,0,0,1998,3,8,7,0,,-1,707
48409,4591,A05,0,A00,A0,A0,E0,0,0,1998,3,,,,,,650
48415,4591,A05,0,A00,A0,A0,E0,0,0,1998,3,,,,,,446
48423,4591,A05,0,A00,A0,A0,E0,0,0,1998,3,276,287,108,96,11,1131
48425,4591,A05,0,A00,A0,A0,E0,0,0,1998,3,,,0,,,108
48427,4591,A05,0,A00,A0,A0,E0,0,0,1998,3,,,0,0,,809
48437,4591,A05,0,A00,A0,A0,E0,0,0,1998,3,,,,,,1640
48439,4591,A05,0,A00,A0,A0,E0,0,0,1998,3,2387,2453,736,670,66,1299
48441,4591,A05,0,A00,A0,A0,E0,0,0,1998,3,245,190,66,121,-55,1202
48449,4591,A05,0,A00,A0,A0,E0,0,0,1998,3,,,0,0,,817
48451,4591,A05,0,A00,A0,A0,E0,0,0,1998,3,144,147,55,51,3,1053
48453,4591,A05,0,A00,A0,A0,E0,0,0,1998,3,1211,1258,448,401,47,1182
48459,4591,A05,0,A00,A0,A0,E0,0,0,1998,3,,,,,,998
48465,4591,A05,0,A00,A0,A0,E0,0,0,1998,3,20,20,,,0,760
48467,4591,A05,0,A00,A0,A0,E0,0,0,1998,3,,,0,,,923
48469,4591,A05,0,A00,A0,A0,E0,0,0,1998,3,126,127,28,27,1,936
48471,4591,A05,0,A00,A0,A0,E0,0,0,1998,3,8,4,0,5,-5,337
48475,4591,A05,0,A00,A0,A0,E0,0,0,1998,3,,,,,,323
48477,4591,A05,0,A00,A0,A0,E0,0,0,1998,3,8,7,0,,-1,482
48479,4591,A05,0,A00,A0,A0,E0,0,0,1998,3,199,204,48,43,5,1237
48481,4591,A05,0,A00,A0,A0,E0,0,0,1998,3,24,22,4,6,-2,1339
48485,4591,A05,0,A00,A0,A0,E0,0,0,1998,3,171,177,64,57,6,1094
48487,4591,A05,0,A00,A0,A0,E0,0,0,1998,3,,,,,,1066
48491,4591,A05,0,A00,A0,A0,E0,0,0,1998,3,281,299,104,85,19,1029
48497,4591,A05,0,A00,A0,A0,E0,0,0,1998,3,,,,0,,527
48499,4591,A05,0,A00,A0,A0,E0,0,0,1998,3,,,,0,,898
48503,4591,A05,0,A00,A0,A0,E0,0,0,1998,3,,,,,,708
48,4591,A05,0,A00,A0,A0,E0,0,0,1998,3,23830,24145,8006,7691,315,1273
48001,4591,A05,0,A00,A0,A0,E0,0,0,1998,4,,,0,0,,820
48003,4591,A05,0,A00,A0,A0,E0,0,0,1998,4,,,0,0,,849
48005,4591,A05,0,A00,A0,A0,E0,0,0,1998,4,67,73,57,50,7,1194
48007,4591,A05,0,A00,A0,A0,E0,0,0,1998,4,12,11,,3,-1,720
48013,4591,A05,0,A00,A0,A0,E0,0,0,1998,4,,,0,0,,1136
48015,4591,A05,0,A00,A0,A0,E0,0,0,1998,4,12,14,4,,2,2258
48019,4591,A05,0,A00,A0,A0,E0,0,0,1998,4,,,,,,1119
48021,4591,A05,0,A00,A0,A0,E0,0,0,1998,4,0,,,0,,
48025,4591,A05,0,A00,A0,A0,E0,0,0,1998,4,,,,0,,871
48027,4591,A05,0,A00,A0,A0,E0,0,0,1998,4,153,172,120,101,19,1233
48029,4591,A05,0,A00,A0,A0,E0,0,0,1998,4,1755,2024,1347,1078,268,1116
48031,4591,A05,0,A00,A0,A0,E0,0,0,1998,4,,,0,,,1157
48035,4591,A05,0,A00,A0,A0,E0,0,0,1998,4,,,0,0,,1517
48037,4591,A05,0,A00,A0,A0,E0,0,0,1998,4,69,84,91,76,15,1883
48039,4591,A05,0,A00,A0,A0,E0,0,0,1998,4,86,91,47,41,5,998
48041,4591,A05,0,A00,A0,A0,E0,0,0,1998,4,232,239,130,124,7,796
48043,4591,A05,0,A00,A0,A0,E0,0,0,1998,4,8,8,5,5,0,1165
48049,4591,A05,0,A00,A0,A0,E0,0,0,1998,4,4,6,,0,2,577
48053,4591,A05,0,A00,A0,A0,E0,0,0,1998,4,15,15,5,6,0,729
48057,4591,A05,0,A00,A0,A0,E0,0,0,1998,4,,,0,0,,762
48059,4591,A05,0,A00,A0,A0,E0,0,0,1998,4,0,,,,,
48061,4591,A05,0,A00,A0,A0,E0,0,0,1998,4,293,299,128,123,5,974
48067,4591,A05,0,A00,A0,A0,E0,0,0,1998,4,,,0,,,961
48069,4591,A05,0,A00,A0,A0,E0,0,0,1998,4,,,,,,1736
48073,4591,A05,0,A00,A0,A0,E0,0,0,1998,4,8,9,,0,1,789
48075,4591,A05,0,A00,A0,A0,E0,0,0,1998,4,,,,,,82
48085,4591,A05,0,A00,A0,A0,E0,0,0,1998,4,854,860,470,464,6,1338
48089,4591,A05,0,A00,A0,A0,E0,0,0,1998,4,,,,,,619
48091,4591,A05,0,A00,A0,A0,E0,0,0,1998,4,51,53,26,25,2,1125
48093,4591,A05,0,A00,A0,A0,E0,0,0,1998,4,,0,0,,,235
48097,4591,A05,0,A00,A0,A0,E0,0,0,1998,4,9,14,17,12,5,864
48099,4591,A05,0,A00,A0,A0,E0,0,0,1998,4,0,,,0,,
48113,4591,A05,0,A00,A0,A0,E0,0,0,1998,4,5171,5333,2834,2673,161,1808
48115,4591,A05,0,A00,A0,A0,E0,0,0,1998,4,0,,,,,
48117,4591,A05,0,A00,A0,A0,E0,0,0,1998,4,,0,0,,,507
48121,4591,A05,0,A00,A0,A0,E0,0,0,1998,4,632,646,404,389,14,1224
48129,4591,A05,0,A00,A0,A0,E0,0,0,1998,4,,,0,,,675
48133,4591,A05,0,A00,A0,A0,E0,0,0,1998,4,,,0,0,,244
48135,4591,A05,0,A00,A0,A0,E0,0,0,1998,4,184,186,103,101,2,1374
48139,4591,A05,0,A00,A0,A0,E0,0,0,1998,4,18,15,,5,-3,1041
48141,4591,A05,0,A00,A0,A0,E0,0,0,1998,4,655,769,548,434,114,1622
48143,4591,A05,0,A00,A0,A0,E0,0,0,1998,4,12,14,4,,1,618
48149,4591,A05,0,A00,A0,A0,E0,0,0,1998,4,,0,,,,505
48157,4591,A05,0,A00,A0,A0,E0,0,0,1998,4,288,335,216,168,48,1028
48161,4591,A05,0,A00,A0,A0,E0,0,0,1998,4,,0,0,,,208
48163,4591,A05,0,A00,A0,A0,E0,0,0,1998,4,,,,,,326
48165,4591,A05,0,A00,A0,A0,E0,0,0,1998,4,,,0,,,323
48167,4591,A05,0,A00,A0,A0,E0,0,0,1998,4,128,135,64,57,7,820
48171,4591,A05,0,A00,A0,A0,E0,0,0,1998,4,,,,0,,1282
48177,4591,A05,0,A00,A0,A0,E0,0,0,1998,4,0,0,,,0,
48179,4591,A05,0,A00,A0,A0,E0,0,0,1998,4,34,30,6,10,-4,480
48181,4591,A05,0,A00,A0,A0,E0,0,0,1998,4,88,97,85,76,9,1045
48183,4591,A05,0,A00,A0,A0,E0,0,0,1998,4,188,198,118,108,10,1337
48185,4591,A05,0,A00,A0,A0,E0,0,0,1998,4,0,0,,,0,
48187,4591,A05,0,A00,A0,A0,E0,0,0,1998,4,20,23,3,0,3,1218
48189,4591,A05,0,A00,A0,A0,E0,0,0,1998,4,14,13,4,5,-1,799
48191,4591,A05,0,A00,A0,A0,E0,0,0,1998,4,0,0,,,0,
48201,4591,A05,0,A00,A0,A0,E0,0,0,1998,4,4739,5145,3390,2984,406,1559
48203,4591,A05,0,A00,A0,A0,E0,0,0,1998,4,,,,,,851
48207,4591,A05,0,A00,A0,A0,E0,0,0,1998,4,11,11,3,3,0,757
48209,4591,A05,0,A00,A0,A0,E0,0,0,1998,4,101,104,49,46,2,1249
48213,4591,A05,0,A00,A0,A0,E0,0,0,1998,4,12,11,3,4,-2,2946
48215,4591,A05,0,A00,A0,A0,E0,0,0,1998,4,345,383,179,141,39,1260
48217,4591,A05,0,A00,A0,A0,E0,0,0,1998,4,19,20,16,15,1,660
48219,4591,A05,0,A00,A0,A0,E0,0,0,1998,4,12,12,7,7,0,595
48221,4591,A05,0,A00,A0,A0,E0,0,0,1998,4,16,18,7,4,2,1654
48223,4591,A05,0,A00,A0,A0,E0,0,0,1998,4,42,39,4,8,-3,962
48225,4591,A05,0,A00,A0,A0,E0,0,0,1998,4,,,,0,,277
48227,4591,A05,0,A00,A0,A0,E0,0,0,1998,4,12,16,8,4,4,946
48231,4591,A05,0,A00,A0,A0,E0,0,0,1998,4,13,19,7,,6,1567
48233,4591,A05,0,A00,A0,A0,E0,0,0,1998,4,,,,0,,558
48241,4591,A05,0,A00,A0,A0,E0,0,0,1998,4,3,3,,,0,781
48245,4591,A05,0,A00,A0,A0,E0,0,0,1998,4,235,253,131,113,19,1468
48249,4591,A05,0,A00,A0,A0,E0,0,0,1998,4,,,,,,571
48251,4591,A05,0,A00,A0,A0,E0,0,0,1998,4,78,84,62,56,6,739
48257,4591,A05,0,A00,A0,A0,E0,0,0,1998,4,,,,,,3461
48259,4591,A05,0,A00,A0,A0,E0,0,0,1998,4,,,,,,688
48265,4591,A05,0,A00,A0,A0,E0,0,0,1998,4,17,20,4,,2,826
48273,4591,A05,0,A00,A0,A0,E0,0,0,1998,4,,,,0,,806
48277,4591,A05,0,A00,A0,A0,E0,0,0,1998,4,,,,0,,953
48285,4591,A05,0,A00,A0,A0,E0,0,0,1998,4,,,0,0,,130
48287,4591,A05,0,A00,A0,A0,E0,0,0,1998,4,,,0,,,963
48289,4591,A05,0,A00,A0,A0,E0,0,0,1998,4,,,0,,,770
48293,4591,A05,0,A00,A0,A0,E0,0,0,1998,4,,,,,,1200
48297,4591,A05,0,A00,A0,A0,E0,0,0,1998,4,0,0,,,0,
48303,4591,A05,0,A00,A0,A0,E0,0,0,1998,4,429,448,206,187,19,1280
48307,4591,A05,0,A00,A0,A0,E0,0,0,1998,4,,,0,0,,1052
48309,4591,A05,0,A00,A0,A0,E0,0,0,1998,4,206,215,133,124,9,1085
48313,4591,A05,0,A00,A0,A0,E0,0,0,1998,4,,,,,,2496
48321,4591,A05,0,A00,A0,A0,E0,0,0,1998,4,15,15,4,3,1,846
48323,4591,A05,0,A00,A0,A0,E0,0,0,1998,4,14,16,7,5,2,1216
48325,4591,A05,0,A00,A0,A0,E0,0,0,1998,4,,,0,0,,684
48327,4591,A05,0,A00,A0,A0,E0,0,0,1998,4,,,0,0,,630
48329,4591,A05,0,A00,A0,A0,E0,0,0,1998,4,176,191,140,126,14,987
48331,4591,A05,0,A00,A0,A0,E0,0,0,1998,4,,,,,,396
48339,4591,A05,0,A00,A0,A0,E0,0,0,1998,4,220,275,218,163,55,1081
48341,4591,A05,0,A00,A0,A0,E0,0,0,1998,4,,,0,,,239
48347,4591,A05,0,A00,A0,A0,E0,0,0,1998,4,53,67,51,37,15,810
48349,4591,A05,0,A00,A0,A0,E0,0,0,1998,4,,,,,,1339
48355,4591,A05,0,A00,A0,A0,E0,0,0,1998,4,471,502,215,185,31,1517
48361,4591,A05,0,A00,A0,A0,E0,0,0,1998,4,14,9,,7,-6,976
48363,4591,A05,0,A00,A0,A0,E0,0,0,1998,4,,,,,,288
48365,4591,A05,0,A00,A0,A0,E0,0,0,1998,4,,,0,,,446
48367,4591,A05,0,A00,A0,A0,E0,0,0,1998,4,14,10,,6,-4,686
48371,4591,A05,0,A00,A0,A0,E0,0,0,1998,4,23,21,3,4,-1,911
48373,4591,A05,0,A00,A0,A0,E0,0,0,1998,4,,0,0,,,557
48375,4591,A05,0,A00,A0,A0,E0,0,0,1998,4,336,345,161,151,9,1479
48379,4591,A05,0,A00,A0,A0,E0,0,0,1998,4,,,0,0,,1135
48381,4591,A05,0,A00,A0,A0,E0,0,0,1998,4,114,119,53,48,5,793
48387,4591,A05,0,A00,A0,A0,E0,0,0,1998,4,0,,,0,,
48389,4591,A05,0,A00,A0,A0,E0,0,0,1998,4,,,,,,676
48399,4591,A05,0,A00,A0,A0,E0,0,0,1998,4,0,0,,,0,
48401,4591,A05,0,A00,A0,A0,E0,0,0,1998,4,7,7,0,0,0,616
48409,4591,A05,0,A00,A0,A0,E0,0,0,1998,4,,,,,,799
48415,4591,A05,0,A00,A0,A0,E0,0,0,1998,4,,,0,0,,1040
48423,4591,A05,0,A00,A0,A0,E0,0,0,1998,4,288,308,164,143,20,1270
48425,4591,A05,0,A00,A0,A0,E0,0,0,1998,4,,,0,0,,320
48427,4591,A05,0,A00,A0,A0,E0,0,0,1998,4,,,0,0,,717
48437,4591,A05,0,A00,A0,A0,E0,0,0,1998,4,,,0,0,,1849
48439,4591,A05,0,A00,A0,A0,E0,0,0,1998,4,2473,2640,1403,1236,167,1416
48441,4591,A05,0,A00,A0,A0,E0,0,0,1998,4,195,200,102,97,5,1195
48449,4591,A05,0,A00,A0,A0,E0,0,0,1998,4,,,0,0,,615
48451,4591,A05,0,A00,A0,A0,E0,0,0,1998,4,147,154,65,57,7,1127
48453,4591,A05,0,A00,A0,A0,E0,0,0,1998,4,1269,1392,754,631,123,1300
48459,4591,A05,0,A00,A0,A0,E0,0,0,1998,4,,,,,,1079
48465,4591,A05,0,A00,A0,A0,E0,0,0,1998,4,20,18,9,10,-1,799
48467,4591,A05,0,A00,A0,A0,E0,0,0,1998,4,,,,0,,886
48469,4591,A05,0,A00,A0,A0,E0,0,0,1998,4,130,152,72,50,22,999
48471,4591,A05,0,A00,A0,A0,E0,0,0,1998,4,,,0,0,,416
48475,4591,A05,0,A00,A0,A0,E0,0,0,1998,4,,,0,,,324
48477,4591,A05,0,A00,A0,A0,E0,0,0,1998,4,7,8,3,,1,392
48479,4591,A05,0,A00,A0,A0,E0,0,0,1998,4,206,227,113,92,21,1406
48481,4591,A05,0,A00,A0,A0,E0,0,0,1998,4,22,26,13,9,4,1456
48485,4591,A05,0,A00,A0,A0,E0,0,0,1998,4,173,181,103,94,8,1183
48487,4591,A05,0,A00,A0,A0,E0,0,0,1998,4,,,,,,1106
48491,4591,A05,0,A00,A0,A0,E0,0,0,1998,4,323,351,218,190,28,1102
48497,4591,A05,0,A00,A0,A0,E0,0,0,1998,4,,,,,,427
48499,4591,A05,0,A00,A0,A0,E0,0,0,1998,4,,,,,,889
48503,4591,A05,0,A00,A0,A0,E0,0,0,1998,4,,,0,,,746
48,4591,A05,0,A00,A0,A0,E0,0,0,1998,4,24333,26048,14975,13260,1716,1430
48001,4591,A05,0,A00,A0,A0,E0,0,0,1999,1,,,0,0,,879
48003,4591,A05,0,A00,A0,A0,E0,0,0,1999,1,,,0,0,,792
48005,4591,A05,0,A00,A0,A0,E0,0,0,1999,1,69,77,35,27,7,904
48007,4591,A05,0,A00,A0,A0,E0,0,0,1999,1,11,11,4,3,0,511
48013,4591,A05,0,A00,A0,A0,E0,0,0,1999,1,,0,0,,,189
48015,4591,A05,0,A00,A0,A0,E0,0,0,1999,1,14,16,4,,2,2404
48019,4591,A05,0,A00,A0,A0,E0,0,0,1999,1,,0,0,,,592
48021,4591,A05,0,A00,A0,A0,E0,0,0,1999,1,,,0,0,,749
48025,4591,A05,0,A00,A0,A0,E0,0,0,1999,1,,,0,,,731
48027,4591,A05,0,A00,A0,A0,E0,0,0,1999,1,171,160,40,52,-12,860
48029,4591,A05,0,A00,A0,A0,E0,0,0,1999,1,2385,2115,621,891,-270,1165
48031,4591,A05,0,A00,A0,A0,E0,0,0,1999,1,,,,0,,1476
48035,4591,A05,0,A00,A0,A0,E0,0,0,1999,1,,,,0,,916
48037,4591,A05,0,A00,A0,A0,E0,0,0,1999,1,86,70,10,26,-16,1202
48039,4591,A05,0,A00,A0,A0,E0,0,0,1999,1,91,82,29,38,-9,891
48041,4591,A05,0,A00,A0,A0,E0,0,0,1999,1,310,273,66,102,-36,796
48049,4591,A05,0,A00,A0,A0,E0,0,0,1999,1,6,5,,,-1,441
48053,4591,A05,0,A00,A0,A0,E0,0,0,1999,1,15,16,5,4,1,783
48057,4591,A05,0,A00,A0,A0,E0,0,0,1999,1,,,,0,,754
48059,4591,A05,0,A00,A0,A0,E0,0,0,1999,1,,,0,0,,256
48061,4591,A05,0,A00,A0,A0,E0,0,0,1999,1,341,352,374,363,11,894
48067,4591,A05,0,A00,A0,A0,E0,0,0,1999,1,,,,,,1055
48069,4591,A05,0,A00,A0,A0,E0,0,0,1999,1,,,,,,1626
48073,4591,A05,0,A00,A0,A0,E0,0,0,1999,1,9,9,0,0,0,565
48075,4591,A05,0,A00,A0,A0,E0,0,0,1999,1,,,,0,,158
48085,4591,A05,0,A00,A0,A0,E0,0,0,1999,1,901,856,289,334,-45,1074
48089,4591,A05,0,A00,A0,A0,E0,0,0,1999,1,,,0,0,,527
48091,4591,A05,0,A00,A0,A0,E0,0,0,1999,1,54,43,14,25,-11,946
48093,4591,A05,0,A00,A0,A0,E0,0,0,1999,1,0,0,,,0,
48097,4591,A05,0,A00,A0,A0,E0,0,0,1999,1,14,10,0,5,-4,576
48099,4591,A05,0,A00,A0,A0,E0,0,0,1999,1,,,0,0,,1023
48113,4591,A05,0,A00,A0,A0,E0,0,0,1999,1,5431,4914,1088,1605,-517,1683
48115,4591,A05,0,A00,A0,A0,E0,0,0,1999,1,,,0,0,,638
48121,4591,A05,0,A00,A0,A0,E0,0,0,1999,1,652,598,173,227,-54,1048
48129,4591,A05,0,A00,A0,A0,E0,0,0,1999,1,,,,0,,1212
48133,4591,A05,0,A00,A0,A0,E0,0,0,1999,1,,,0,0,,325
48135,4591,A05,0,A00,A0,A0,E0,0,0,1999,1,186,174,35,47,-12,1213
48139,4591,A05,0,A00,A0,A0,E0,0,0,1999,1,15,16,5,4,1,850
48141,4591,A05,0,A00,A0,A0,E0,0,0,1999,1,816,734,171,253,-82,965
48143,4591,A05,0,A00,A0,A0,E0,0,0,1999,1,14,9,,5,-4,485
48157,4591,A05,0,A00,A0,A0,E0,0,0,1999,1,321,284,71,108,-37,818
48163,4591,A05,0,A00,A0,A0,E0,0,0,1999,1,,,,,,374
48165,4591,A05,0,A00,A0,A0,E0,0,0,1999,1,,,,,,268
48167,4591,A05,0,A00,A0,A0,E0,0,0,1999,1,236,205,74,105,-31,784
48171,4591,A05,0,A00,A0,A0,E0,0,0,1999,1,,,,0,,972
48179,4591,A05,0,A00,A0,A0,E0,0,0,1999,1,30,29,5,6,-1,477
48181,4591,A05,0,A00,A0,A0,E0,0,0,1999,1,100,88,27,38,-11,829
48183,4591,A05,0,A00,A0,A0,E0,0,0,1999,1,200,191,42,52,-10,980
48185,4591,A05,0,A00,A0,A0,E0,0,0,1999,1,0,,,0,,
48187,4591,A05,0,A00,A0,A0,E0,0,0,1999,1,23,21,4,6,-2,1087
48189,4591,A05,0,A00,A0,A0,E0,0,0,1999,1,13,15,5,,2,760
48201,4591,A05,0,A00,A0,A0,E0,0,0,1999,1,5199,4687,1002,1514,-512,1181
48203,4591,A05,0,A00,A0,A0,E0,0,0,1999,1,9,9,4,4,0,822
48207,4591,A05,0,A00,A0,A0,E0,0,0,1999,1,11,11,3,3,0,778
48209,4591,A05,0,A00,A0,A0,E0,0,0,1999,1,99,100,38,36,1,1040
48213,4591,A05,0,A00,A0,A0,E0,0,0,1999,1,11,14,5,,3,7156
48215,4591,A05,0,A00,A0,A0,E0,0,0,1999,1,433,403,77,106,-30,963
48217,4591,A05,0,A00,A0,A0,E0,0,0,1999,1,20,14,,7,-6,581
48219,4591,A05,0,A00,A0,A0,E0,0,0,1999,1,12,10,,,-1,489
48221,4591,A05,0,A00,A0,A0,E0,0,0,1999,1,18,16,9,11,-2,1182
48223,4591,A05,0,A00,A0,A0,E0,0,0,1999,1,39,43,9,5,4,941
48225,4591,A05,0,A00,A0,A0,E0,0,0,1999,1,,,0,,,156
48227,4591,A05,0,A00,A0,A0,E0,0,0,1999,1,16,15,,,-1,1284
48231,4591,A05,0,A00,A0,A0,E0,0,0,1999,1,19,23,8,4,4,2277
48233,4591,A05,0,A00,A0,A0,E0,0,0,1999,1,,,,,,526
48241,4591,A05,0,A00,A0,A0,E0,0,0,1999,1,3,6,4,0,4,761
48245,4591,A05,0,A00,A0,A0,E0,0,0,1999,1,277,264,62,76,-14,1013
48249,4591,A05,0,A00,A0,A0,E0,0,0,1999,1,,,,0,,687
48251,4591,A05,0,A00,A0,A0,E0,0,0,1999,1,84,82,43,44,-2,707
48257,4591,A05,0,A00,A0,A0,E0,0,0,1999,1,,,0,0,,3210
48259,4591,A05,0,A00,A0,A0,E0,0,0,1999,1,,,,0,,746
48265,4591,A05,0,A00,A0,A0,E0,0,0,1999,1,20,24,8,3,4,744
48273,4591,A05,0,A00,A0,A0,E0,0,0,1999,1,,,,,,552
48277,4591,A05,0,A00,A0,A0,E0,0,0,1999,1,7,9,4,3,1,1163
48285,4591,A05,0,A00,A0,A0,E0,0,0,1999,1,,,,0,,125
48287,4591,A05,0,A00,A0,A0,E0,0,0,1999,1,,,0,0,,1479
48289,4591,A05,0,A00,A0,A0,E0,0,0,1999,1,,,,0,,1442
48293,4591,A05,0,A00,A0,A0,E0,0,0,1999,1,,,,,,1203
48297,4591,A05,0,A00,A0,A0,E0,0,0,1999,1,0,,,,,
48303,4591,A05,0,A00,A0,A0,E0,0,0,1999,1,450,431,77,95,-18,1009
48307,4591,A05,0,A00,A0,A0,E0,0,0,1999,1,,,0,,,714
48309,4591,A05,0,A00,A0,A0,E0,0,0,1999,1,227,208,59,77,-19,947
48313,4591,A05,0,A00,A0,A0,E0,0,0,1999,1,,,,,,1714
48321,4591,A05,0,A00,A0,A0,E0,0,0,1999,1,15,12,0,3,-3,773
48323,4591,A05,0,A00,A0,A0,E0,0,0,1999,1,16,12,,6,-4,775
48325,4591,A05,0,A00,A0,A0,E0,0,0,1999,1,,0,0,,,254
48327,4591,A05,0,A00,A0,A0,E0,0,0,1999,1,,,0,0,,735
48329,4591,A05,0,A00,A0,A0,E0,0,0,1999,1,191,167,28,51,-23,828
48331,4591,A05,0,A00,A0,A0,E0,0,0,1999,1,,,,,,437
48339,4591,A05,0,A00,A0,A0,E0,0,0,1999,1,280,247,61,94,-33,900
48341,4591,A05,0,A00,A0,A0,E0,0,0,1999,1,,,0,0,,372
48347,4591,A05,0,A00,A0,A0,E0,0,0,1999,1,67,68,15,14,0,678
48349,4591,A05,0,A00,A0,A0,E0,0,0,1999,1,,,,,,708
48355,4591,A05,0,A00,A0,A0,E0,0,0,1999,1,499,459,76,116,-40,1307
48361,4591,A05,0,A00,A0,A0,E0,0,0,1999,1,,,,0,,1063
48363,4591,A05,0,A00,A0,A0,E0,0,0,1999,1,4,6,4,,2,536
48365,4591,A05,0,A00,A0,A0,E0,0,0,1999,1,,,,,,647
48367,4591,A05,0,A00,A0,A0,E0,0,0,1999,1,10,15,9,5,5,619
48371,4591,A05,0,A00,A0,A0,E0,0,0,1999,1,21,25,8,4,4,1249
48375,4591,A05,0,A00,A0,A0,E0,0,0,1999,1,355,330,52,78,-25,1193
48379,4591,A05,0,A00,A0,A0,E0,0,0,1999,1,,,0,0,,998
48381,4591,A05,0,A00,A0,A0,E0,0,0,1999,1,119,107,26,38,-12,732
48387,4591,A05,0,A00,A0,A0,E0,0,0,1999,1,,,,,,529
48389,4591,A05,0,A00,A0,A0,E0,0,0,1999,1,,,,,,1219
48397,4591,A05,0,A00,A0,A0,E0,0,0,1999,1,,,,,,674
48399,4591,A05,0,A00,A0,A0,E0,0,0,1999,1,0,,,,,
48401,4591,A05,0,A00,A0,A0,E0,0,0,1999,1,7,7,,,0,511
48409,4591,A05,0,A00,A0,A0,E0,0,0,1999,1,,,,,,971
48415,4591,A05,0,A00,A0,A0,E0,0,0,1999,1,,,0,0,,892
48423,4591,A05,0,A00,A0,A0,E0,0,0,1999,1,303,287,63,79,-16,1199
48425,4591,A05,0,A00,A0,A0,E0,0,0,1999,1,,,0,0,,284
48427,4591,A05,0,A00,A0,A0,E0,0,0,1999,1,13,15,3,,2,816
48437,4591,A05,0,A00,A0,A0,E0,0,0,1999,1,,,0,0,,1797
48439,4591,A05,0,A00,A0,A0,E0,0,0,1999,1,2635,2322,464,778,-314,1127
48441,4591,A05,0,A00,A0,A0,E0,0,0,1999,1,203,211,50,42,8,1081
48449,4591,A05,0,A00,A0,A0,E0,0,0,1999,1,,,0,0,,702
48451,4591,A05,0,A00,A0,A0,E0,0,0,1999,1,152,137,26,40,-15,1016
48453,4591,A05,0,A00,A0,A0,E0,0,0,1999,1,1376,1316,293,353,-60,1097
48459,4591,A05,0,A00,A0,A0,E0,0,0,1999,1,,,,0,,881
48465,4591,A05,0,A00,A0,A0,E0,0,0,1999,1,18,18,4,4,-1,703
48467,4591,A05,0,A00,A0,A0,E0,0,0,1999,1,,,,,,790
48469,4591,A05,0,A00,A0,A0,E0,0,0,1999,1,152,123,21,50,-28,750
48471,4591,A05,0,A00,A0,A0,E0,0,0,1999,1,4,6,4,,3,305
48475,4591,A05,0,A00,A0,A0,E0,0,0,1999,1,,,,,,302
48477,4591,A05,0,A00,A0,A0,E0,0,0,1999,1,8,8,0,0,0,395
48479,4591,A05,0,A00,A0,A0,E0,0,0,1999,1,229,202,40,67,-27,972
48481,4591,A05,0,A00,A0,A0,E0,0,0,1999,1,26,26,4,5,-1,1472
48485,4591,A05,0,A00,A0,A0,E0,0,0,1999,1,183,169,31,44,-14,992
48487,4591,A05,0,A00,A0,A0,E0,0,0,1999,1,,,,0,,1299
48491,4591,A05,0,A00,A0,A0,E0,0,0,1999,1,343,317,73,99,-26,906
48497,4591,A05,0,A00,A0,A0,E0,0,0,1999,1,,,,,,374
48499,4591,A05,0,A00,A0,A0,E0,0,0,1999,1,,,,,,856
48503,4591,A05,0,A00,A0,A0,E0,0,0,1999,1,,,,,,1152
48,4591,A05,0,A00,A0,A0,E0,0,0,1999,1,26932,24619,6040,8352,-2313,1202
48001,4591,A05,0,A00,A0,A0,E0,0,0,1999,2,,,0,,,944
48003,4591,A05,0,A00,A0,A0,E0,0,0,1999,2,,0,0,,,448
48005,4591,A05,0,A00,A0,A0,E0,0,0,1999,2,77,82,41,37,5,986
48007,4591,A05,0,A00,A0,A0,E0,0,0,1999,2,11,11,7,7,0,612
48015,4591,A05,0,A00,A0,A0,E0,0,0,1999,2,16,23,7,0,7,2502
48021,4591,A05,0,A00,A0,A0,E0,0,0,1999,2,,,0,0,,909
48025,4591,A05,0,A00,A0,A0,E0,0,0,1999,2,,,0,0,,984
48027,4591,A05,0,A00,A0,A0,E0,0,0,1999,2,161,170,56,47,9,956
48029,4591,A05,0,A00,A0,A0,E0,0,0,1999,2,2119,2045,652,725,-73,1238
48031,4591,A05,0,A00,A0,A0,E0,0,0,1999,2,,,,,,1304
48035,4591,A05,0,A00,A0,A0,E0,0,0,1999,2,,,0,0,,938
48037,4591,A05,0,A00,A0,A0,E0,0,0,1999,2,69,74,42,36,6,1481
48039,4591,A05,0,A00,A0,A0,E0,0,0,1999,2,82,98,70,54,16,1033
48041,4591,A05,0,A00,A0,A0,E0,0,0,1999,2,278,279,85,84,1,862
48043,4591,A05,0,A00,A0,A0,E0,0,0,1999,2,0,,,0,,
48049,4591,A05,0,A00,A0,A0,E0,0,0,1999,2,5,4,0,,-1,494
48053,4591,A05,0,A00,A0,A0,E0,0,0,1999,2,16,19,6,3,3,888
48057,4591,A05,0,A00,A0,A0,E0,0,0,1999,2,,,,,,642
48059,4591,A05,0,A00,A0,A0,E0,0,0,1999,2,,,0,0,,307
48061,4591,A05,0,A00,A0,A0,E0,0,0,1999,2,349,337,201,213,-12,1031
48067,4591,A05,0,A00,A0,A0,E0,0,0,1999,2,,,,,,1270
48069,4591,A05,0,A00,A0,A0,E0,0,0,1999,2,,,,,,1701
48073,4591,A05,0,A00,A0,A0,E0,0,0,1999,2,9,8,0,,-1,524
48075,4591,A05,0,A00,A0,A0,E0,0,0,1999,2,,,0,0,,347
48085,4591,A05,0,A00,A0,A0,E0,0,0,1999,2,858,808,364,414,-50,1179
48089,4591,A05,0,A00,A0,A0,E0,0,0,1999,2,,,0,,,517
48091,4591,A05,0,A00,A0,A0,E0,0,0,1999,2,44,37,11,17,-6,947
48093,4591,A05,0,A00,A0,A0,E0,0,0,1999,2,0,,,,,
48097,4591,A05,0,A00,A0,A0,E0,0,0,1999,2,10,10,3,3,0,844
48099,4591,A05,0,A00,A0,A0,E0,0,0,1999,2,,,,,,707
48113,4591,A05,0,A00,A0,A0,E0,0,0,1999,2,4929,4914,1572,1586,-15,1727
48115,4591,A05,0,A00,A0,A0,E0,0,0,1999,2,,,,0,,600
48121,4591,A05,0,A00,A0,A0,E0,0,0,1999,2,603,580,205,228,-23,1211
48123,4591,A05,0,A00,A0,A0,E0,0,0,1999,2,0,0,,,0,
48129,4591,A05,0,A00,A0,A0,E0,0,0,1999,2,,5,4,,3,759
48133,4591,A05,0,A00,A0,A0,E0,0,0,1999,2,,,0,,,639
48135,4591,A05,0,A00,A0,A0,E0,0,0,1999,2,181,182,64,63,1,1347
48139,4591,A05,0,A00,A0,A0,E0,0,0,1999,2,16,17,5,4,1,864
48141,4591,A05,0,A00,A0,A0,E0,0,0,1999,2,731,752,253,232,21,1145
48143,4591,A05,0,A00,A0,A0,E0,0,0,1999,2,9,10,4,3,1,724
48153,4591,A05,0,A00,A0,A0,E0,0,0,1999,2,0,,,,,
48157,4591,A05,0,A00,A0,A0,E0,0,0,1999,2,285,308,128,105,23,1012
48163,4591,A05,0,A00,A0,A0,E0,0,0,1999,2,,,,,,407
48165,4591,A05,0,A00,A0,A0,E0,0,0,1999,2,,,,,,276
48167,4591,A05,0,A00,A0,A0,E0,0,0,1999,2,205,245,109,69,40,1102
48171,4591,A05,0,A00,A0,A0,E0,0,0,1999,2,,,,,,1032
48179,4591,A05,0,A00,A0,A0,E0,0,0,1999,2,29,44,21,6,15,544
48181,4591,A05,0,A00,A0,A0,E0,0,0,1999,2,87,95,42,34,8,1030
48183,4591,A05,0,A00,A0,A0,E0,0,0,1999,2,186,212,84,58,26,1124
48185,4591,A05,0,A00,A0,A0,E0,0,0,1999,2,,,0,0,,1230
48187,4591,A05,0,A00,A0,A0,E0,0,0,1999,2,21,25,6,,4,1242
48189,4591,A05,0,A00,A0,A0,E0,0,0,1999,2,15,14,,4,-1,690
48201,4591,A05,0,A00,A0,A0,E0,0,0,1999,2,4671,4740,1549,1479,69,1446
48203,4591,A05,0,A00,A0,A0,E0,0,0,1999,2,,,,,,857
48207,4591,A05,0,A00,A0,A0,E0,0,0,1999,2,11,11,,,0,715
48209,4591,A05,0,A00,A0,A0,E0,0,0,1999,2,99,95,29,32,-4,1144
48213,4591,A05,0,A00,A0,A0,E0,0,0,1999,2,14,13,3,4,-1,5877
48215,4591,A05,0,A00,A0,A0,E0,0,0,1999,2,407,407,104,104,0,1148
48217,4591,A05,0,A00,A0,A0,E0,0,0,1999,2,14,15,5,4,1,749
48219,4591,A05,0,A00,A0,A0,E0,0,0,1999,2,10,10,5,5,0,491
48221,4591,A05,0,A00,A0,A0,E0,0,0,1999,2,16,20,9,5,4,1296
48223,4591,A05,0,A00,A0,A0,E0,0,0,1999,2,43,30,3,17,-14,1015
48225,4591,A05,0,A00,A0,A0,E0,0,0,1999,2,,,,,,247
48227,4591,A05,0,A00,A0,A0,E0,0,0,1999,2,15,16,,,1,1226
48231,4591,A05,0,A00,A0,A0,E0,0,0,1999,2,23,24,8,6,1,1497
48233,4591,A05,0,A00,A0,A0,E0,0,0,1999,2,,,,,,545
48241,4591,A05,0,A00,A0,A0,E0,0,0,1999,2,6,9,5,3,2,701
48245,4591,A05,0,A00,A0,A0,E0,0,0,1999,2,263,284,112,92,20,1343
48249,4591,A05,0,A00,A0,A0,E0,0,0,1999,2,,,0,0,,605
48251,4591,A05,0,A00,A0,A0,E0,0,0,1999,2,83,71,34,46,-12,705
48257,4591,A05,0,A00,A0,A0,E0,0,0,1999,2,,,,,,4667
48259,4591,A05,0,A00,A0,A0,E0,0,0,1999,2,,,,,,743
48265,4591,A05,0,A00,A0,A0,E0,0,0,1999,2,24,25,6,4,1,764
48273,4591,A05,0,A00,A0,A0,E0,0,0,1999,2,,,,0,,631
48277,4591,A05,0,A00,A0,A0,E0,0,0,1999,2,,,,,,1190
48285,4591,A05,0,A00,A0,A0,E0,0,0,1999,2,,,0,0,,130
48287,4591,A05,0,A00,A0,A0,E0,0,0,1999,2,,,0,0,,1663
48289,4591,A05,0,A00,A0,A0,E0,0,0,1999,2,,,,0,,2053
48293,4591,A05,0,A00,A0,A0,E0,0,0,1999,2,,,0,,,1031
48297,4591,A05,0,A00,A0,A0,E0,0,0,1999,2,,,,,,990
48303,4591,A05,0,A00,A0,A0,E0,0,0,1999,2,455,467,112,100,12,1264
48307,4591,A05,0,A00,A0,A0,E0,0,0,1999,2,,,0,0,,751
48309,4591,A05,0,A00,A0,A0,E0,0,0,1999,2,210,222,75,64,12,1077
48313,4591,A05,0,A00,A0,A0,E0,0,0,1999,2,,,,,,1933
48321,4591,A05,0,A00,A0,A0,E0,0,0,1999,2,12,14,,0,2,909
48323,4591,A05,0,A00,A0,A0,E0,0,0,1999,2,12,12,4,5,-1,1151
48327,4591,A05,0,A00,A0,A0,E0,0,0,1999,2,,,0,,,396
48329,4591,A05,0,A00,A0,A0,E0,0,0,1999,2,188,199,68,56,11,989
48331,4591,A05,0,A00,A0,A0,E0,0,0,1999,2,,,,,,478
48335,4591,A05,0,A00,A0,A0,E0,0,0,1999,2,0,,,0,,
48339,4591,A05,0,A00,A0,A0,E0,0,0,1999,2,248,251,79,76,3,1131
48341,4591,A05,0,A00,A0,A0,E0,0,0,1999,2,,,,0,,583
48347,4591,A05,0,A00,A0,A0,E0,0,0,1999,2,68,65,22,26,-3,764
48349,4591,A05,0,A00,A0,A0,E0,0,0,1999,2,,,,,,763
48355,4591,A05,0,A00,A0,A0,E0,0,0,1999,2,466,466,103,102,0,1379
48361,4591,A05,0,A00,A0,A0,E0,0,0,1999,2,,,,,,813
48363,4591,A05,0,A00,A0,A0,E0,0,0,1999,2,6,6,,,0,664
48365,4591,A05,0,A00,A0,A0,E0,0,0,1999,2,,,,,,923
48367,4591,A05,0,A00,A0,A0,E0,0,0,1999,2,15,15,0,0,0,1027
48371,4591,A05,0,A00,A0,A0,E0,0,0,1999,2,25,25,3,3,0,1159
48375,4591,A05,0,A00,A0,A0,E0,0,0,1999,2,267,267,89,88,0,1211
48379,4591,A05,0,A00,A0,A0,E0,0,0,1999,2,,,0,0,,846
48381,4591,A05,0,A00,A0,A0,E0,0,0,1999,2,104,101,47,50,-3,791
48387,4591,A05,0,A00,A0,A0,E0,0,0,1999,2,,,,,,1149
48389,4591,A05,0,A00,A0,A0,E0,0,0,1999,2,,0,,,,1441
48397,4591,A05,0,A00,A0,A0,E0,0,0,1999,2,,,,,,682
48399,4591,A05,0,A00,A0,A0,E0,0,0,1999,2,,,,,,182
48401,4591,A05,0,A00,A0,A0,E0,0,0,1999,2,,,0,,,748
48409,4591,A05,0,A00,A0,A0,E0,0,0,1999,2,,,,,,1802
48415,4591,A05,0,A00,A0,A0,E0,0,0,1999,2,,0,0,,,892
48423,4591,A05,0,A00,A0,A0,E0,0,0,1999,2,286,291,86,81,5,1181
48425,4591,A05,0,A00,A0,A0,E0,0,0,1999,2,,,0,0,,426
48427,4591,A05,0,A00,A0,A0,E0,0,0,1999,2,15,14,,,-1,702
48437,4591,A05,0,A00,A0,A0,E0,0,0,1999,2,,,,,,1796
48439,4591,A05,0,A00,A0,A0,E0,0,0,1999,2,2296,2229,665,733,-68,1305
48441,4591,A05,0,A00,A0,A0,E0,0,0,1999,2,214,217,53,49,4,1278
48449,4591,A05,0,A00,A0,A0,E0,0,0,1999,2,,,0,0,,621
48451,4591,A05,0,A00,A0,A0,E0,0,0,1999,2,144,145,33,32,2,1158
48453,4591,A05,0,A00,A0,A0,E0,0,0,1999,2,1327,1349,412,390,22,1179
48459,4591,A05,0,A00,A0,A0,E0,0,0,1999,2,,,,,,640
48465,4591,A05,0,A00,A0,A0,E0,0,0,1999,2,18,20,7,4,2,734
48467,4591,A05,0,A00,A0,A0,E0,0,0,1999,2,4,8,7,3,4,873
48469,4591,A05,0,A00,A0,A0,E0,0,0,1999,2,124,121,36,40,-4,919
48471,4591,A05,0,A00,A0,A0,E0,0,0,1999,2,6,3,0,3,-3,295
48475,4591,A05,0,A00,A0,A0,E0,0,0,1999,2,,,,,,954
48477,4591,A05,0,A00,A0,A0,E0,0,0,1999,2,8,8,,,0,429
48479,4591,A05,0,A00,A0,A0,E0,0,0,1999,2,202,208,41,35,6,1205
48481,4591,A05,0,A00,A0,A0,E0,0,0,1999,2,27,35,14,5,9,1425
48485,4591,A05,0,A00,A0,A0,E0,0,0,1999,2,166,169,55,52,3,1051
48487,4591,A05,0,A00,A0,A0,E0,0,0,1999,2,,,0,0,,1068
48491,4591,A05,0,A00,A0,A0,E0,0,0,1999,2,318,318,95,95,0,999
48497,4591,A05,0,A00,A0,A0,E0,0,0,1999,2,,,,0,,445
48499,4591,A05,0,A00,A0,A0,E0,0,0,1999,2,,,,0,,1097
48503,4591,A05,0,A00,A0,A0,E0,0,0,1999,2,,,,,,1152
48,4591,A05,0,A00,A0,A0,E0,0,0,1999,2,24613,24722,8142,8033,109,1341
48001,4591,A05,0,A00,A0,A0,E0,0,0,1999,3,,,,,,1231
48003,4591,A05,0,A00,A0,A0,E0,0,0,1999,3,0,,,,,
48005,4591,A05,0,A00,A0,A0,E0,0,0,1999,3,85,84,21,22,-1,1104
48007,4591,A05,0,A00,A0,A0,E0,0,0,1999,3,11,13,10,9,1,384
48013,4591,A05,0,A00,A0,A0,E0,0,0,1999,3,0,,,0,,
48015,4591,A05,0,A00,A0,A0,E0,0,0,1999,3,23,29,10,4,7,2522
48021,4591,A05,0,A00,A0,A0,E0,0,0,1999,3,,,,,,1162
48025,4591,A05,0,A00,A0,A0,E0,0,0,1999,3,,,0,0,,984
48027,4591,A05,0,A00,A0,A0,E0,0,0,1999,3,171,173,72,70,3,968
48029,4591,A05,0,A00,A0,A0,E0,0,0,1999,3,2073,2077,709,705,4,1400
48031,4591,A05,0,A00,A0,A0,E0,0,0,1999,3,,,,,,1445
48035,4591,A05,0,A00,A0,A0,E0,0,0,1999,3,,,0,0,,1004
48037,4591,A05,0,A00,A0,A0,E0,0,0,1999,3,75,72,26,29,-3,1678
48039,4591,A05,0,A00,A0,A0,E0,0,0,1999,3,108,88,46,66,-20,1168
48041,4591,A05,0,A00,A0,A0,E0,0,0,1999,3,271,282,98,88,11,937
48043,4591,A05,0,A00,A0,A0,E0,0,0,1999,3,,,,0,,1082
48049,4591,A05,0,A00,A0,A0,E0,0,0,1999,3,4,6,,0,2,592
48053,4591,A05,0,A00,A0,A0,E0,0,0,1999,3,19,15,,6,-4,929
48057,4591,A05,0,A00,A0,A0,E0,0,0,1999,3,,,,0,,454
48059,4591,A05,0,A00,A0,A0,E0,0,0,1999,3,,,0,0,,307
48061,4591,A05,0,A00,A0,A0,E0,0,0,1999,3,340,356,378,362,16,1012
48067,4591,A05,0,A00,A0,A0,E0,0,0,1999,3,,,0,,,1127
48069,4591,A05,0,A00,A0,A0,E0,0,0,1999,3,,,,,,1757
48073,4591,A05,0,A00,A0,A0,E0,0,0,1999,3,8,5,0,3,-3,446
48075,4591,A05,0,A00,A0,A0,E0,0,0,1999,3,,,,,,170
48085,4591,A05,0,A00,A0,A0,E0,0,0,1999,3,804,780,327,351,-24,995
48089,4591,A05,0,A00,A0,A0,E0,0,0,1999,3,,,,0,,698
48091,4591,A05,0,A00,A0,A0,E0,0,0,1999,3,38,47,28,20,9,1207
48093,4591,A05,0,A00,A0,A0,E0,0,0,1999,3,,,0,0,,320
48097,4591,A05,0,A00,A0,A0,E0,0,0,1999,3,10,10,2,3,0,887
48099,4591,A05,0,A00,A0,A0,E0,0,0,1999,3,,,,0,,1283
48113,4591,A05,0,A00,A0,A0,E0,0,0,1999,3,4763,4847,1929,1844,84,2111
48115,4591,A05,0,A00,A0,A0,E0,0,0,1999,3,,,0,0,,554
48121,4591,A05,0,A00,A0,A0,E0,0,0,1999,3,575,628,295,241,54,1182
48123,4591,A05,0,A00,A0,A0,E0,0,0,1999,3,0,,,,,
48129,4591,A05,0,A00,A0,A0,E0,0,0,1999,3,5,3,,3,-2,849
48133,4591,A05,0,A00,A0,A0,E0,0,0,1999,3,,,,,,242
48135,4591,A05,0,A00,A0,A0,E0,0,0,1999,3,184,190,60,53,7,1226
48139,4591,A05,0,A00,A0,A0,E0,0,0,1999,3,17,16,5,6,-1,833
48141,4591,A05,0,A00,A0,A0,E0,0,0,1999,3,744,776,323,291,32,1154
48143,4591,A05,0,A00,A0,A0,E0,0,0,1999,3,10,12,8,6,2,585
48153,4591,A05,0,A00,A0,A0,E0,0,0,1999,3,,,,0,,541
48157,4591,A05,0,A00,A0,A0,E0,0,0,1999,3,312,337,140,116,24,1068
48163,4591,A05,0,A00,A0,A0,E0,0,0,1999,3,,,0,,,389
48165,4591,A05,0,A00,A0,A0,E0,0,0,1999,3,12,16,15,11,4,297
48167,4591,A05,0,A00,A0,A0,E0,0,0,1999,3,235,238,100,97,3,1023
48171,4591,A05,0,A00,A0,A0,E0,0,0,1999,3,,,,,,943
48179,4591,A05,0,A00,A0,A0,E0,0,0,1999,3,44,33,18,29,-11,607
48181,4591,A05,0,A00,A0,A0,E0,0,0,1999,3,97,107,56,46,10,971
48183,4591,A05,0,A00,A0,A0,E0,0,0,1999,3,215,204,84,95,-11,1091
48185,4591,A05,0,A00,A0,A0,E0,0,0,1999,3,,,0,0,,1427
48187,4591,A05,0,A00,A0,A0,E0,0,0,1999,3,25,24,4,5,-1,1253
48189,4591,A05,0,A00,A0,A0,E0,0,0,1999,3,14,22,10,,8,714
48201,4591,A05,0,A00,A0,A0,E0,0,0,1999,3,4791,4964,1801,1629,172,1362
48203,4591,A05,0,A00,A0,A0,E0,0,0,1999,3,,,,,,728
48207,4591,A05,0,A00,A0,A0,E0,0,0,1999,3,11,10,,3,-1,680
48209,4591,A05,0,A00,A0,A0,E0,0,0,1999,3,94,98,41,37,4,1223
48213,4591,A05,0,A00,A0,A0,E0,0,0,1999,3,13,7,5,11,-6,1010
48215,4591,A05,0,A00,A0,A0,E0,0,0,1999,3,403,421,125,106,18,1156
48217,4591,A05,0,A00,A0,A0,E0,0,0,1999,3,15,16,6,5,1,761
48219,4591,A05,0,A00,A0,A0,E0,0,0,1999,3,11,9,,,-1,569
48221,4591,A05,0,A00,A0,A0,E0,0,0,1999,3,20,23,16,13,3,938
48223,4591,A05,0,A00,A0,A0,E0,0,0,1999,3,30,40,16,6,11,1001
48225,4591,A05,0,A00,A0,A0,E0,0,0,1999,3,,,,,,269
48227,4591,A05,0,A00,A0,A0,E0,0,0,1999,3,16,15,10,10,0,1009
48231,4591,A05,0,A00,A0,A0,E0,0,0,1999,3,24,11,4,17,-14,1575
48233,4591,A05,0,A00,A0,A0,E0,0,0,1999,3,,0,,,,325
48241,4591,A05,0,A00,A0,A0,E0,0,0,1999,3,9,6,,4,-3,416
48245,4591,A05,0,A00,A0,A0,E0,0,0,1999,3,282,284,103,101,2,1239
48249,4591,A05,0,A00,A0,A0,E0,0,0,1999,3,,,0,,,605
48251,4591,A05,0,A00,A0,A0,E0,0,0,1999,3,72,110,82,43,39,891
48257,4591,A05,0,A00,A0,A0,E0,0,0,1999,3,5,5,,,0,4003
48259,4591,A05,0,A00,A0,A0,E0,0,0,1999,3,,,,,,633
48265,4591,A05,0,A00,A0,A0,E0,0,0,1999,3,25,24,7,8,-1,767
48273,4591,A05,0,A00,A0,A0,E0,0,0,1999,3,,,,,,448
48277,4591,A05,0,A00,A0,A0,E0,0,0,1999,3,,,,,,1046
48285,4591,A05,0,A00,A0,A0,E0,0,0,1999,3,,,0,0,,93
48287,4591,A05,0,A00,A0,A0,E0,0,0,1999,3,,,0,0,,1295
48289,4591,A05,0,A00,A0,A0,E0,0,0,1999,3,,,0,,,1305
48293,4591,A05,0,A00,A0,A0,E0,0,0,1999,3,,,,,,1453
48297,4591,A05,0,A00,A0,A0,E0,0,0,1999,3,,,,0,,828
48303,4591,A05,0,A00,A0,A0,E0,0,0,1999,3,456,456,110,109,0,1267
48305,4591,A05,0,A00,A0,A0,E0,0,0,1999,3,,,,,,553
48307,4591,A05,0,A00,A0,A0,E0,0,0,1999,3,,,,0,,827
48309,4591,A05,0,A00,A0,A0,E0,0,0,1999,3,216,229,93,80,13,1156
48313,4591,A05,0,A00,A0,A0,E0,0,0,1999,3,,,0,,,1078
48321,4591,A05,0,A00,A0,A0,E0,0,0,1999,3,14,13,,,-1,881
48323,4591,A05,0,A00,A0,A0,E0,0,0,1999,3,12,10,4,5,-2,1179
48325,4591,A05,0,A00,A0,A0,E0,0,0,1999,3,0,,,0,,
48327,4591,A05,0,A00,A0,A0,E0,0,0,1999,3,,,0,0,,1293
48329,4591,A05,0,A00,A0,A0,E0,0,0,1999,3,203,211,74,67,8,918
48331,4591,A05,0,A00,A0,A0,E0,0,0,1999,3,,,,,,321
48335,4591,A05,0,A00,A0,A0,E0,0,0,1999,3,,,0,0,,544
48339,4591,A05,0,A00,A0,A0,E0,0,0,1999,3,250,282,130,98,32,1167
48341,4591,A05,0,A00,A0,A0,E0,0,0,1999,3,,,,0,,638
48347,4591,A05,0,A00,A0,A0,E0,0,0,1999,3,65,78,34,22,13,736
48349,4591,A05,0,A00,A0,A0,E0,0,0,1999,3,,,0,0,,977
48353,4591,A05,0,A00,A0,A0,E0,0,0,1999,3,,,,,,765
48355,4591,A05,0,A00,A0,A0,E0,0,0,1999,3,461,500,145,106,39,1430
48361,4591,A05,0,A00,A0,A0,E0,0,0,1999,3,,,0,,,1541
48363,4591,A05,0,A00,A0,A0,E0,0,0,1999,3,6,6,0,0,0,795
48365,4591,A05,0,A00,A0,A0,E0,0,0,1999,3,,,,,,426
48367,4591,A05,0,A00,A0,A0,E0,0,0,1999,3,15,12,7,10,-3,953
48371,4591,A05,0,A00,A0,A0,E0,0,0,1999,3,25,22,,5,-3,1353
48375,4591,A05,0,A00,A0,A0,E0,0,0,1999,3,261,264,88,85,3,1211
48379,4591,A05,0,A00,A0,A0,E0,0,0,1999,3,,,0,,,705
48381,4591,A05,0,A00,A0,A0,E0,0,0,1999,3,97,103,35,28,6,835
48387,4591,A05,0,A00,A0,A0,E0,0,0,1999,3,,,,,,738
48397,4591,A05,0,A00,A0,A0,E0,0,0,1999,3,,,0,0,,761
48399,4591,A05,0,A00,A0,A0,E0,0,0,1999,3,,,,0,,114
48401,4591,A05,0,A00,A0,A0,E0,0,0,1999,3,,,,,,1169
48409,4591,A05,0,A00,A0,A0,E0,0,0,1999,3,,,,,,939
48415,4591,A05,0,A00,A0,A0,E0,0,0,1999,3,0,,,0,,
48423,4591,A05,0,A00,A0,A0,E0,0,0,1999,3,296,312,106,89,17,1370
48425,4591,A05,0,A00,A0,A0,E0,0,0,1999,3,,,0,0,,426
48427,4591,A05,0,A00,A0,A0,E0,0,0,1999,3,14,13,,,-1,752
48431,4591,A05,0,A00,A0,A0,E0,0,0,1999,3,0,,,0,,
48437,4591,A05,0,A00,A0,A0,E0,0,0,1999,3,,,0,,,1457
48439,4591,A05,0,A00,A0,A0,E0,0,0,1999,3,2160,2024,721,858,-136,1385
48441,4591,A05,0,A00,A0,A0,E0,0,0,1999,3,220,222,68,66,2,1117
48449,4591,A05,0,A00,A0,A0,E0,0,0,1999,3,,,0,0,,725
48451,4591,A05,0,A00,A0,A0,E0,0,0,1999,3,146,156,46,36,10,1174
48453,4591,A05,0,A00,A0,A0,E0,0,0,1999,3,1334,1352,439,421,18,1221
48459,4591,A05,0,A00,A0,A0,E0,0,0,1999,3,,,,,,833
48465,4591,A05,0,A00,A0,A0,E0,0,0,1999,3,20,21,5,4,1,798
48467,4591,A05,0,A00,A0,A0,E0,0,0,1999,3,8,9,,,0,560
48469,4591,A05,0,A00,A0,A0,E0,0,0,1999,3,118,131,55,42,13,915
48471,4591,A05,0,A00,A0,A0,E0,0,0,1999,3,3,3,3,3,0,331
48475,4591,A05,0,A00,A0,A0,E0,0,0,1999,3,,,,,,720
48477,4591,A05,0,A00,A0,A0,E0,0,0,1999,3,8,6,,3,-1,494
48479,4591,A05,0,A00,A0,A0,E0,0,0,1999,3,212,216,56,53,4,1356
48481,4591,A05,0,A00,A0,A0,E0,0,0,1999,3,35,34,8,9,-1,1481
48485,4591,A05,0,A00,A0,A0,E0,0,0,1999,3,167,158,55,64,-9,1033
48487,4591,A05,0,A00,A0,A0,E0,0,0,1999,3,,,,,,880
48491,4591,A05,0,A00,A0,A0,E0,0,0,1999,3,317,335,117,99,18,1055
48497,4591,A05,0,A00,A0,A0,E0,0,0,1999,3,,,,,,417
48499,4591,A05,0,A00,A0,A0,E0,0,0,1999,3,,,0,0,,966
48503,4591,A05,0,A00,A0,A0,E0,0,0,1999,3,,,,,,1270
48,4591,A05,0,A00,A0,A0,E0,0,0,1999,3,24548,25007,9502,9044,459,1415
48001,4591,A05,0,A00,A0,A0,E0,0,0,1999,4,,,,,,850
48003,4591,A05,0,A00,A0,A0,E0,0,0,1999,4,,,,,,534
48005,4591,A05,0,A00,A0,A0,E0,0,0,1999,4,80,88,66,58,8,1171
48007,4591,A05,0,A00,A0,A0,E0,0,0,1999,4,13,15,6,5,1,467
48013,4591,A05,0,A00,A0,A0,E0,0,0,1999,4,,,,,,1894
48015,4591,A05,0,A00,A0,A0,E0,0,0,1999,4,29,36,8,,7,3803
48019,4591,A05,0,A00,A0,A0,E0,0,0,1999,4,,,,,,17
48021,4591,A05,0,A00,A0,A0,E0,0,0,1999,4,,,,,,894
48025,4591,A05,0,A00,A0,A0,E0,0,0,1999,4,,,0,0,,984
48027,4591,A05,0,A00,A0,A0,E0,0,0,1999,4,186,188,118,116,2,1068
48029,4591,A05,0,A00,A0,A0,E0,0,0,1999,4,2079,2257,1237,1059,178,1372
48031,4591,A05,0,A00,A0,A0,E0,0,0,1999,4,,,,,,2180
48035,4591,A05,0,A00,A0,A0,E0,0,0,1999,4,,,0,0,,1002
48037,4591,A05,0,A00,A0,A0,E0,0,0,1999,4,70,84,108,93,15,1750
48039,4591,A05,0,A00,A0,A0,E0,0,0,1999,4,81,77,40,43,-3,1392
48041,4591,A05,0,A00,A0,A0,E0,0,0,1999,4,278,276,128,130,-2,975
48043,4591,A05,0,A00,A0,A0,E0,0,0,1999,4,,0,0,,,799
48049,4591,A05,0,A00,A0,A0,E0,0,0,1999,4,6,5,0,,-1,494
48053,4591,A05,0,A00,A0,A0,E0,0,0,1999,4,15,15,,,0,1076
48057,4591,A05,0,A00,A0,A0,E0,0,0,1999,4,,,,,,577
48059,4591,A05,0,A00,A0,A0,E0,0,0,1999,4,,,0,0,,307
48061,4591,A05,0,A00,A0,A0,E0,0,0,1999,4,360,394,209,175,34,1077
48067,4591,A05,0,A00,A0,A0,E0,0,0,1999,4,,,,,,1493
48069,4591,A05,0,A00,A0,A0,E0,0,0,1999,4,,,,,,1263
48073,4591,A05,0,A00,A0,A0,E0,0,0,1999,4,,,,,,587
48075,4591,A05,0,A00,A0,A0,E0,0,0,1999,4,,,0,0,,286
48085,4591,A05,0,A00,A0,A0,E0,0,0,1999,4,848,985,579,442,137,1232
48089,4591,A05,0,A00,A0,A0,E0,0,0,1999,4,,,0,,,607
48091,4591,A05,0,A00,A0,A0,E0,0,0,1999,4,42,44,20,18,2,1288
48093,4591,A05,0,A00,A0,A0,E0,0,0,1999,4,,0,0,,,92
48097,4591,A05,0,A00,A0,A0,E0,0,0,1999,4,10,12,14,11,3,1173
48099,4591,A05,0,A00,A0,A0,E0,0,0,1999,4,,,0,,,1233
48113,4591,A05,0,A00,A0,A0,E0,0,0,1999,4,4801,5354,2976,2423,553,2598
48115,4591,A05,0,A00,A0,A0,E0,0,0,1999,4,,,0,0,,582
48121,4591,A05,0,A00,A0,A0,E0,0,0,1999,4,575,631,402,346,56,1384
48123,4591,A05,0,A00,A0,A0,E0,0,0,1999,4,,,,,,887
48129,4591,A05,0,A00,A0,A0,E0,0,0,1999,4,3,,0,,-1,641
48133,4591,A05,0,A00,A0,A0,E0,0,0,1999,4,,,,,,1449
48135,4591,A05,0,A00,A0,A0,E0,0,0,1999,4,179,193,93,79,14,1630
48139,4591,A05,0,A00,A0,A0,E0,0,0,1999,4,16,17,4,3,1,889
48141,4591,A05,0,A00,A0,A0,E0,0,0,1999,4,774,948,745,571,174,1527
48143,4591,A05,0,A00,A0,A0,E0,0,0,1999,4,12,12,4,4,0,913
48153,4591,A05,0,A00,A0,A0,E0,0,0,1999,4,,,0,0,,413
48157,4591,A05,0,A00,A0,A0,E0,0,0,1999,4,351,426,270,195,75,1240
48163,4591,A05,0,A00,A0,A0,E0,0,0,1999,4,,,,,,424
48165,4591,A05,0,A00,A0,A0,E0,0,0,1999,4,,,0,,,224
48167,4591,A05,0,A00,A0,A0,E0,0,0,1999,4,224,244,206,186,19,1120
48171,4591,A05,0,A00,A0,A0,E0,0,0,1999,4,,,,,,2013
48179,4591,A05,0,A00,A0,A0,E0,0,0,1999,4,33,34,8,8,0,455
48181,4591,A05,0,A00,A0,A0,E0,0,0,1999,4,101,123,103,81,23,1123
48183,4591,A05,0,A00,A0,A0,E0,0,0,1999,4,194,196,115,113,2,1279
48185,4591,A05,0,A00,A0,A0,E0,0,0,1999,4,,,0,0,,1538
48187,4591,A05,0,A00,A0,A0,E0,0,0,1999,4,24,25,4,3,1,1493
48189,4591,A05,0,A00,A0,A0,E0,0,0,1999,4,22,18,,6,-4,507
48201,4591,A05,0,A00,A0,A0,E0,0,0,1999,4,4966,5463,3067,2570,497,1531
48203,4591,A05,0,A00,A0,A0,E0,0,0,1999,4,,,,,,1064
48207,4591,A05,0,A00,A0,A0,E0,0,0,1999,4,10,5,4,9,-6,665
48209,4591,A05,0,A00,A0,A0,E0,0,0,1999,4,97,105,55,47,8,1242
48213,4591,A05,0,A00,A0,A0,E0,0,0,1999,4,7,6,4,5,-1,10347
48215,4591,A05,0,A00,A0,A0,E0,0,0,1999,4,433,488,261,206,55,1222
48217,4591,A05,0,A00,A0,A0,E0,0,0,1999,4,16,13,16,20,-3,801
48219,4591,A05,0,A00,A0,A0,E0,0,0,1999,4,9,9,4,4,0,632
48221,4591,A05,0,A00,A0,A0,E0,0,0,1999,4,23,16,4,11,-7,1182
48223,4591,A05,0,A00,A0,A0,E0,0,0,1999,4,40,38,5,7,-2,1157
48225,4591,A05,0,A00,A0,A0,E0,0,0,1999,4,,,,,,241
48227,4591,A05,0,A00,A0,A0,E0,0,0,1999,4,15,15,7,7,0,883
48231,4591,A05,0,A00,A0,A0,E0,0,0,1999,4,11,12,,,1,1679
48233,4591,A05,0,A00,A0,A0,E0,0,0,1999,4,0,0,,,0,
48241,4591,A05,0,A00,A0,A0,E0,0,0,1999,4,6,8,,0,2,432
48245,4591,A05,0,A00,A0,A0,E0,0,0,1999,4,283,295,169,158,11,1344
48249,4591,A05,0,A00,A0,A0,E0,0,0,1999,4,,,,,,513
48251,4591,A05,0,A00,A0,A0,E0,0,0,1999,4,44,45,26,25,1,834
48257,4591,A05,0,A00,A0,A0,E0,0,0,1999,4,5,6,,0,1,4145
48265,4591,A05,0,A00,A0,A0,E0,0,0,1999,4,24,23,5,7,-1,843
48273,4591,A05,0,A00,A0,A0,E0,0,0,1999,4,,,0,,,444
48277,4591,A05,0,A00,A0,A0,E0,0,0,1999,4,,,,,,1097
48281,4591,A05,0,A00,A0,A0,E0,0,0,1999,4,0,0,,,0,
48285,4591,A05,0,A00,A0,A0,E0,0,0,1999,4,,,0,0,,97
48287,4591,A05,0,A00,A0,A0,E0,0,0,1999,4,,,0,0,,1111
48289,4591,A05,0,A00,A0,A0,E0,0,0,1999,4,,,,,,1539
48293,4591,A05,0,A00,A0,A0,E0,0,0,1999,4,,0,,,,1542
48297,4591,A05,0,A00,A0,A0,E0,0,0,1999,4,,,,,,939
48303,4591,A05,0,A00,A0,A0,E0,0,0,1999,4,470,500,268,238,30,1406
48305,4591,A05,0,A00,A0,A0,E0,0,0,1999,4,,,,,,632
48307,4591,A05,0,A00,A0,A0,E0,0,0,1999,4,,,0,0,,1052
48309,4591,A05,0,A00,A0,A0,E0,0,0,1999,4,214,241,122,95,27,1468
48313,4591,A05,0,A00,A0,A0,E0,0,0,1999,4,,,,,,1710
48321,4591,A05,0,A00,A0,A0,E0,0,0,1999,4,13,16,4,,3,930
48323,4591,A05,0,A00,A0,A0,E0,0,0,1999,4,10,15,12,7,5,1445
48325,4591,A05,0,A00,A0,A0,E0,0,0,1999,4,,0,,,,455
48327,4591,A05,0,A00,A0,A0,E0,0,0,1999,4,,,,,,1263
48329,4591,A05,0,A00,A0,A0,E0,0,0,1999,4,173,189,134,117,16,1009
48331,4591,A05,0,A00,A0,A0,E0,0,0,1999,4,,,0,,,489
48335,4591,A05,0,A00,A0,A0,E0,0,0,1999,4,,,0,0,,308
48339,4591,A05,0,A00,A0,A0,E0,0,0,1999,4,316,339,233,210,23,1182
48341,4591,A05,0,A00,A0,A0,E0,0,0,1999,4,,,0,,,354
48347,4591,A05,0,A00,A0,A0,E0,0,0,1999,4,70,65,22,27,-5,813
48349,4591,A05,0,A00,A0,A0,E0,0,0,1999,4,,,0,0,,1132
48353,4591,A05,0,A00,A0,A0,E0,0,0,1999,4,,,,,,567
48355,4591,A05,0,A00,A0,A0,E0,0,0,1999,4,501,499,192,194,-2,1519
48361,4591,A05,0,A00,A0,A0,E0,0,0,1999,4,,,,,,1488
48363,4591,A05,0,A00,A0,A0,E0,0,0,1999,4,6,4,0,,-2,596
48365,4591,A05,0,A00,A0,A0,E0,0,0,1999,4,,,0,,,499
48367,4591,A05,0,A00,A0,A0,E0,0,0,1999,4,12,11,6,7,-1,1156
48371,4591,A05,0,A00,A0,A0,E0,0,0,1999,4,22,24,6,4,2,1422
48375,4591,A05,0,A00,A0,A0,E0,0,0,1999,4,261,292,183,152,31,1385
48379,4591,A05,0,A00,A0,A0,E0,0,0,1999,4,,,,,,832
48381,4591,A05,0,A00,A0,A0,E0,0,0,1999,4,103,116,52,38,13,974
48387,4591,A05,0,A00,A0,A0,E0,0,0,1999,4,,,0,0,,1078
48397,4591,A05,0,A00,A0,A0,E0,0,0,1999,4,,,,,,926
48399,4591,A05,0,A00,A0,A0,E0,0,0,1999,4,,,0,0,,87
48401,4591,A05,0,A00,A0,A0,E0,0,0,1999,4,8,7,,3,-1,937
48409,4591,A05,0,A00,A0,A0,E0,0,0,1999,4,,,,0,,1030
48415,4591,A05,0,A00,A0,A0,E0,0,0,1999,4,,,0,0,,1092
48423,4591,A05,0,A00,A0,A0,E0,0,0,1999,4,303,296,160,167,-8,1827
48425,4591,A05,0,A00,A0,A0,E0,0,0,1999,4,,,0,,,426
48427,4591,A05,0,A00,A0,A0,E0,0,0,1999,4,13,13,,,0,757
48431,4591,A05,0,A00,A0,A0,E0,0,0,1999,4,,,0,0,,13354
48437,4591,A05,0,A00,A0,A0,E0,0,0,1999,4,,,,,,1770
48439,4591,A05,0,A00,A0,A0,E0,0,0,1999,4,2134,2465,1602,1271,331,1404
48441,4591,A05,0,A00,A0,A0,E0,0,0,1999,4,200,218,90,72,18,1218
48449,4591,A05,0,A00,A0,A0,E0,0,0,1999,4,,,0,,,617
48451,4591,A05,0,A00,A0,A0,E0,0,0,1999,4,146,149,68,65,3,1289
48453,4591,A05,0,A00,A0,A0,E0,0,0,1999,4,1343,1428,680,596,85,1305
48459,4591,A05,0,A00,A0,A0,E0,0,0,1999,4,,,,0,,836
48465,4591,A05,0,A00,A0,A0,E0,0,0,1999,4,21,18,8,12,-3,649
48467,4591,A05,0,A00,A0,A0,E0,0,0,1999,4,12,12,6,6,0,401
48469,4591,A05,0,A00,A0,A0,E0,0,0,1999,4,110,127,77,59,17,1011
48471,4591,A05,0,A00,A0,A0,E0,0,0,1999,4,3,,,,-1,889
48473,4591,A05,0,A00,A0,A0,E0,0,0,1999,4,0,,,,,
48475,4591,A05,0,A00,A0,A0,E0,0,0,1999,4,,,,,,799
48477,4591,A05,0,A00,A0,A0,E0,0,0,1999,4,6,9,,0,2,537
48479,4591,A05,0,A00,A0,A0,E0,0,0,1999,4,215,257,143,101,42,1960
48481,4591,A05,0,A00,A0,A0,E0,0,0,1999,4,34,34,3,3,0,1653
48485,4591,A05,0,A00,A0,A0,E0,0,0,1999,4,164,166,106,104,2,1251
48487,4591,A05,0,A00,A0,A0,E0,0,0,1999,4,,,,,,1125
48491,4591,A05,0,A00,A0,A0,E0,0,0,1999,4,340,397,224,167,58,1423
48497,4591,A05,0,A00,A0,A0,E0,0,0,1999,4,,,,,,817
48499,4591,A05,0,A00,A0,A0,E0,0,0,1999,4,,,,,,1028
48503,4591,A05,0,A00,A0,A0,E0,0,0,1999,4,,,0,,,857
48,4591,A05,0,A00,A0,A0,E0,0,0,1999,4,24952,27494,15651,13108,2542,1622
48001,4591,A05,0,A00,A0,A0,E0,0,0,2000,1,,,,,,1125
48003,4591,A05,0,A00,A0,A0,E0,0,0,2000,1,,,0,,,485
48005,4591,A05,0,A00,A0,A0,E0,0,0,2000,1,87,77,25,34,-10,923
48007,4591,A05,0,A00,A0,A0,E0,0,0,2000,1,31,27,,7,-5,611
48013,4591,A05,0,A00,A0,A0,E0,0,0,2000,1,,,,,,662
48015,4591,A05,0,A00,A0,A0,E0,0,0,2000,1,36,9,,27,-26,5474
48019,4591,A05,0,A00,A0,A0,E0,0,0,2000,1,,,,,,41
48021,4591,A05,0,A00,A0,A0,E0,0,0,2000,1,,6,5,0,5,954
48025,4591,A05,0,A00,A0,A0,E0,0,0,2000,1,,,0,0,,984
48027,4591,A05,0,A00,A0,A0,E0,0,0,2000,1,193,163,31,61,-30,857
48029,4591,A05,0,A00,A0,A0,E0,0,0,2000,1,2062,1813,412,662,-250,1009
48031,4591,A05,0,A00,A0,A0,E0,0,0,2000,1,,,,0,,2060
48035,4591,A05,0,A00,A0,A0,E0,0,0,2000,1,,,0,0,,936
48037,4591,A05,0,A00,A0,A0,E0,0,0,2000,1,90,73,19,35,-16,856
48039,4591,A05,0,A00,A0,A0,E0,0,0,2000,1,83,79,23,28,-5,1202
48041,4591,A05,0,A00,A0,A0,E0,0,0,2000,1,193,182,48,60,-12,756
48049,4591,A05,0,A00,A0,A0,E0,0,0,2000,1,5,6,,,1,244
48053,4591,A05,0,A00,A0,A0,E0,0,0,2000,1,15,13,,,-1,956
48057,4591,A05,0,A00,A0,A0,E0,0,0,2000,1,,,,,,814
48059,4591,A05,0,A00,A0,A0,E0,0,0,2000,1,,,0,0,,307
48061,4591,A05,0,A00,A0,A0,E0,0,0,2000,1,389,340,375,425,-49,882
48067,4591,A05,0,A00,A0,A0,E0,0,0,2000,1,,,,0,,1175
48069,4591,A05,0,A00,A0,A0,E0,0,0,2000,1,,,,0,,1301
48073,4591,A05,0,A00,A0,A0,E0,0,0,2000,1,,,,,,722
48075,4591,A05,0,A00,A0,A0,E0,0,0,2000,1,,,0,0,,256
48085,4591,A05,0,A00,A0,A0,E0,0,0,2000,1,936,772,191,355,-164,1052
48089,4591,A05,0,A00,A0,A0,E0,0,0,2000,1,,,0,,,480
48091,4591,A05,0,A00,A0,A0,E0,0,0,2000,1,45,49,18,14,4,1028
48097,4591,A05,0,A00,A0,A0,E0,0,0,2000,1,13,10,0,3,-3,714
48099,4591,A05,0,A00,A0,A0,E0,0,0,2000,1,,,,,,1036
48113,4591,A05,0,A00,A0,A0,E0,0,0,2000,1,5592,5133,1286,1744,-458,2052
48115,4591,A05,0,A00,A0,A0,E0,0,0,2000,1,,,0,0,,385
48121,4591,A05,0,A00,A0,A0,E0,0,0,2000,1,612,518,125,219,-93,1083
48123,4591,A05,0,A00,A0,A0,E0,0,0,2000,1,,,0,,,729
48129,4591,A05,0,A00,A0,A0,E0,0,0,2000,1,,,0,0,,1212
48133,4591,A05,0,A00,A0,A0,E0,0,0,2000,1,,,,,,100
48135,4591,A05,0,A00,A0,A0,E0,0,0,2000,1,194,182,43,55,-12,1286
48139,4591,A05,0,A00,A0,A0,E0,0,0,2000,1,30,30,7,7,0,1821
48141,4591,A05,0,A00,A0,A0,E0,0,0,2000,1,963,813,187,337,-150,1132
48143,4591,A05,0,A00,A0,A0,E0,0,0,2000,1,12,12,,,0,654
48153,4591,A05,0,A00,A0,A0,E0,0,0,2000,1,,,0,0,,357
48157,4591,A05,0,A00,A0,A0,E0,0,0,2000,1,435,383,97,148,-52,968
48163,4591,A05,0,A00,A0,A0,E0,0,0,2000,1,,,0,0,,456
48165,4591,A05,0,A00,A0,A0,E0,0,0,2000,1,,,,,,178
48167,4591,A05,0,A00,A0,A0,E0,0,0,2000,1,226,189,74,110,-36,694
48171,4591,A05,0,A00,A0,A0,E0,0,0,2000,1,5,6,3,,2,1518
48179,4591,A05,0,A00,A0,A0,E0,0,0,2000,1,34,38,9,5,4,623
48181,4591,A05,0,A00,A0,A0,E0,0,0,2000,1,126,107,26,45,-19,928
48183,4591,A05,0,A00,A0,A0,E0,0,0,2000,1,196,170,32,57,-26,1111
48185,4591,A05,0,A00,A0,A0,E0,0,0,2000,1,,0,0,,,1381
48187,4591,A05,0,A00,A0,A0,E0,0,0,2000,1,25,27,5,,3,1249
48189,4591,A05,0,A00,A0,A0,E0,0,0,2000,1,18,15,,4,-3,664
48201,4591,A05,0,A00,A0,A0,E0,0,0,2000,1,5578,4862,1118,1834,-716,1332
48203,4591,A05,0,A00,A0,A0,E0,0,0,2000,1,60,64,19,14,5,1273
48207,4591,A05,0,A00,A0,A0,E0,0,0,2000,1,,,0,,,675
48209,4591,A05,0,A00,A0,A0,E0,0,0,2000,1,134,133,38,39,-1,2677
48213,4591,A05,0,A00,A0,A0,E0,0,0,2000,1,6,12,7,,6,5223
48215,4591,A05,0,A00,A0,A0,E0,0,0,2000,1,491,432,81,140,-59,1000
48217,4591,A05,0,A00,A0,A0,E0,0,0,2000,1,28,25,8,11,-3,687
48219,4591,A05,0,A00,A0,A0,E0,0,0,2000,1,9,9,,,0,543
48221,4591,A05,0,A00,A0,A0,E0,0,0,2000,1,16,12,11,14,-4,806
48223,4591,A05,0,A00,A0,A0,E0,0,0,2000,1,38,43,15,11,5,1097
48225,4591,A05,0,A00,A0,A0,E0,0,0,2000,1,,0,0,,,65
48227,4591,A05,0,A00,A0,A0,E0,0,0,2000,1,15,11,5,9,-4,836
48231,4591,A05,0,A00,A0,A0,E0,0,0,2000,1,12,25,18,4,13,1370
48233,4591,A05,0,A00,A0,A0,E0,0,0,2000,1,0,,,0,,
48241,4591,A05,0,A00,A0,A0,E0,0,0,2000,1,8,6,0,,-1,588
48245,4591,A05,0,A00,A0,A0,E0,0,0,2000,1,300,270,68,98,-30,1000
48249,4591,A05,0,A00,A0,A0,E0,0,0,2000,1,,,0,0,,513
48251,4591,A05,0,A00,A0,A0,E0,0,0,2000,1,46,48,20,18,2,760
48257,4591,A05,0,A00,A0,A0,E0,0,0,2000,1,6,5,,,0,4419
48265,4591,A05,0,A00,A0,A0,E0,0,0,2000,1,23,26,9,6,4,750
48273,4591,A05,0,A00,A0,A0,E0,0,0,2000,1,,,0,,,571
48277,4591,A05,0,A00,A0,A0,E0,0,0,2000,1,26,27,12,11,1,1371
48279,4591,A05,0,A00,A0,A0,E0,0,0,2000,1,0,,,0,,
48285,4591,A05,0,A00,A0,A0,E0,0,0,2000,1,,,0,,,233
48287,4591,A05,0,A00,A0,A0,E0,0,0,2000,1,,,0,0,,2211
48289,4591,A05,0,A00,A0,A0,E0,0,0,2000,1,,,0,,,2140
48293,4591,A05,0,A00,A0,A0,E0,0,0,2000,1,0,0,,,0,
48297,4591,A05,0,A00,A0,A0,E0,0,0,2000,1,,,,,,613
48303,4591,A05,0,A00,A0,A0,E0,0,0,2000,1,495,456,81,120,-39,1221
48305,4591,A05,0,A00,A0,A0,E0,0,0,2000,1,,,,,,485
48307,4591,A05,0,A00,A0,A0,E0,0,0,2000,1,,,0,0,,827
48309,4591,A05,0,A00,A0,A0,E0,0,0,2000,1,249,230,56,74,-19,1177
48313,4591,A05,0,A00,A0,A0,E0,0,0,2000,1,,,0,0,,1755
48321,4591,A05,0,A00,A0,A0,E0,0,0,2000,1,16,14,,3,-2,808
48323,4591,A05,0,A00,A0,A0,E0,0,0,2000,1,15,15,3,3,0,891
48327,4591,A05,0,A00,A0,A0,E0,0,0,2000,1,,,,,,759
48329,4591,A05,0,A00,A0,A0,E0,0,0,2000,1,199,186,47,60,-13,833
48331,4591,A05,0,A00,A0,A0,E0,0,0,2000,1,,,,0,,278
48335,4591,A05,0,A00,A0,A0,E0,0,0,2000,1,,,0,0,,89
48339,4591,A05,0,A00,A0,A0,E0,0,0,2000,1,338,274,79,144,-65,972
48341,4591,A05,0,A00,A0,A0,E0,0,0,2000,1,,,0,,,472
48347,4591,A05,0,A00,A0,A0,E0,0,0,2000,1,66,67,25,24,1,771
48349,4591,A05,0,A00,A0,A0,E0,0,0,2000,1,,,0,,,846
48355,4591,A05,0,A00,A0,A0,E0,0,0,2000,1,439,423,88,103,-15,1337
48361,4591,A05,0,A00,A0,A0,E0,0,0,2000,1,23,31,12,3,8,1047
48363,4591,A05,0,A00,A0,A0,E0,0,0,2000,1,,,,,,345
48365,4591,A05,0,A00,A0,A0,E0,0,0,2000,1,,,0,0,,236
48367,4591,A05,0,A00,A0,A0,E0,0,0,2000,1,11,14,7,4,3,1135
48371,4591,A05,0,A00,A0,A0,E0,0,0,2000,1,24,25,7,6,1,1129
48375,4591,A05,0,A00,A0,A0,E0,0,0,2000,1,286,264,62,84,-22,1100
48379,4591,A05,0,A00,A0,A0,E0,0,0,2000,1,,,,,,830
48381,4591,A05,0,A00,A0,A0,E0,0,0,2000,1,124,121,31,33,-3,778
48387,4591,A05,0,A00,A0,A0,E0,0,0,2000,1,,,,,,1621
48397,4591,A05,0,A00,A0,A0,E0,0,0,2000,1,,,,,,732
48399,4591,A05,0,A00,A0,A0,E0,0,0,2000,1,,,0,0,,24
48401,4591,A05,0,A00,A0,A0,E0,0,0,2000,1,7,8,,,1,1377
48409,4591,A05,0,A00,A0,A0,E0,0,0,2000,1,12,11,,,0,1051
48411,4591,A05,0,A00,A0,A0,E0,0,0,2000,1,0,,,0,,
48415,4591,A05,0,A00,A0,A0,E0,0,0,2000,1,,,,,,783
48423,4591,A05,0,A00,A0,A0,E0,0,0,2000,1,302,274,59,87,-28,1553
48425,4591,A05,0,A00,A0,A0,E0,0,0,2000,1,,,,,,437
48427,4591,A05,0,A00,A0,A0,E0,0,0,2000,1,13,15,4,,2,801
48431,4591,A05,0,A00,A0,A0,E0,0,0,2000,1,,0,,,,4871
48437,4591,A05,0,A00,A0,A0,E0,0,0,2000,1,,,,,,1641
48439,4591,A05,0,A00,A0,A0,E0,0,0,2000,1,2523,2125,537,935,-398,1151
48441,4591,A05,0,A00,A0,A0,E0,0,0,2000,1,205,193,26,38,-12,1163
48449,4591,A05,0,A00,A0,A0,E0,0,0,2000,1,,,0,0,,582
48451,4591,A05,0,A00,A0,A0,E0,0,0,2000,1,149,143,33,39,-6,1148
48453,4591,A05,0,A00,A0,A0,E0,0,0,2000,1,1426,1385,392,432,-40,1244
48459,4591,A05,0,A00,A0,A0,E0,0,0,2000,1,,,0,,,628
48465,4591,A05,0,A00,A0,A0,E0,0,0,2000,1,18,17,0,0,0,692
48467,4591,A05,0,A00,A0,A0,E0,0,0,2000,1,4,4,,,0,471
48469,4591,A05,0,A00,A0,A0,E0,0,0,2000,1,125,111,27,40,-13,809
48471,4591,A05,0,A00,A0,A0,E0,0,0,2000,1,,3,,,1,876
48473,4591,A05,0,A00,A0,A0,E0,0,0,2000,1,,,0,,,506
48475,4591,A05,0,A00,A0,A0,E0,0,0,2000,1,,,,0,,969
48477,4591,A05,0,A00,A0,A0,E0,0,0,2000,1,9,9,,,0,411
48479,4591,A05,0,A00,A0,A0,E0,0,0,2000,1,247,219,35,63,-28,1188
48481,4591,A05,0,A00,A0,A0,E0,0,0,2000,1,34,38,6,,4,1406
48485,4591,A05,0,A00,A0,A0,E0,0,0,2000,1,150,146,33,37,-4,1076
48487,4591,A05,0,A00,A0,A0,E0,0,0,2000,1,,,,,,880
48491,4591,A05,0,A00,A0,A0,E0,0,0,2000,1,391,356,76,111,-35,1065
48497,4591,A05,0,A00,A0,A0,E0,0,0,2000,1,,,0,0,,543
48499,4591,A05,0,A00,A0,A0,E0,0,0,2000,1,15,17,6,3,2,1481
48503,4591,A05,0,A00,A0,A0,E0,0,0,2000,1,,,,,,1329
48,4591,A05,0,A00,A0,A0,E0,0,0,2000,1,27652,24722,6286,9216,-2929,1347
48001,4591,A05,0,A00,A0,A0,E0,0,0,2000,2,,,,0,,1547
48003,4591,A05,0,A00,A0,A0,E0,0,0,2000,2,,,,,,311
48005,4591,A05,0,A00,A0,A0,E0,0,0,2000,2,78,80,35,34,1,1097
48007,4591,A05,0,A00,A0,A0,E0,0,0,2000,2,27,28,11,10,1,733
48013,4591,A05,0,A00,A0,A0,E0,0,0,2000,2,,,,,,696
48015,4591,A05,0,A00,A0,A0,E0,0,0,2000,2,9,29,24,5,20,10991
48019,4591,A05,0,A00,A0,A0,E0,0,0,2000,2,,,0,0,,945
48021,4591,A05,0,A00,A0,A0,E0,0,0,2000,2,6,5,,,-1,625
48025,4591,A05,0,A00,A0,A0,E0,0,0,2000,2,,,0,0,,984
48027,4591,A05,0,A00,A0,A0,E0,0,0,2000,2,156,157,56,56,0,991
48029,4591,A05,0,A00,A0,A0,E0,0,0,2000,2,1813,1773,599,638,-40,1158
48031,4591,A05,0,A00,A0,A0,E0,0,0,2000,2,,,0,0,,1942
48035,4591,A05,0,A00,A0,A0,E0,0,0,2000,2,,,,0,,912
48037,4591,A05,0,A00,A0,A0,E0,0,0,2000,2,73,67,21,28,-6,1019
48039,4591,A05,0,A00,A0,A0,E0,0,0,2000,2,79,93,48,34,14,1383
48041,4591,A05,0,A00,A0,A0,E0,0,0,2000,2,181,171,64,74,-10,785
48049,4591,A05,0,A00,A0,A0,E0,0,0,2000,2,6,6,3,3,0,450
48053,4591,A05,0,A00,A0,A0,E0,0,0,2000,2,13,12,3,4,-1,1020
48057,4591,A05,0,A00,A0,A0,E0,0,0,2000,2,,,,,,499
48059,4591,A05,0,A00,A0,A0,E0,0,0,2000,2,,,0,0,,307
48061,4591,A05,0,A00,A0,A0,E0,0,0,2000,2,341,334,103,110,-7,1026
48067,4591,A05,0,A00,A0,A0,E0,0,0,2000,2,,,,,,1216
48069,4591,A05,0,A00,A0,A0,E0,0,0,2000,2,,,,,,1309
48073,4591,A05,0,A00,A0,A0,E0,0,0,2000,2,,,,0,,740
48075,4591,A05,0,A00,A0,A0,E0,0,0,2000,2,,,,0,,382
48085,4591,A05,0,A00,A0,A0,E0,0,0,2000,2,760,749,227,238,-11,1225
48089,4591,A05,0,A00,A0,A0,E0,0,0,2000,2,,,0,0,,692
48091,4591,A05,0,A00,A0,A0,E0,0,0,2000,2,56,53,21,23,-2,1319
48093,4591,A05,0,A00,A0,A0,E0,0,0,2000,2,0,0,,,0,
48097,4591,A05,0,A00,A0,A0,E0,0,0,2000,2,10,8,,3,-1,940
48099,4591,A05,0,A00,A0,A0,E0,0,0,2000,2,4,6,,,1,1329
48113,4591,A05,0,A00,A0,A0,E0,0,0,2000,2,5361,5360,2092,2093,-1,2671
48115,4591,A05,0,A00,A0,A0,E0,0,0,2000,2,,,0,0,,546
48121,4591,A05,0,A00,A0,A0,E0,0,0,2000,2,503,499,155,160,-5,1151
48123,4591,A05,0,A00,A0,A0,E0,0,0,2000,2,,,,,,326
48129,4591,A05,0,A00,A0,A0,E0,0,0,2000,2,,,,0,,1212
48133,4591,A05,0,A00,A0,A0,E0,0,0,2000,2,,,0,0,,916
48135,4591,A05,0,A00,A0,A0,E0,0,0,2000,2,182,217,112,77,35,1303
48139,4591,A05,0,A00,A0,A0,E0,0,0,2000,2,30,28,4,7,-3,1950
48141,4591,A05,0,A00,A0,A0,E0,0,0,2000,2,791,788,307,310,-4,1280
48143,4591,A05,0,A00,A0,A0,E0,0,0,2000,2,12,9,,4,-3,601
48153,4591,A05,0,A00,A0,A0,E0,0,0,2000,2,,,,,,372
48157,4591,A05,0,A00,A0,A0,E0,0,0,2000,2,378,377,135,136,-1,1111
48163,4591,A05,0,A00,A0,A0,E0,0,0,2000,2,,,,,,495
48165,4591,A05,0,A00,A0,A0,E0,0,0,2000,2,,,,,,247
48167,4591,A05,0,A00,A0,A0,E0,0,0,2000,2,189,192,102,99,3,893
48171,4591,A05,0,A00,A0,A0,E0,0,0,2000,2,6,4,,4,-3,723
48179,4591,A05,0,A00,A0,A0,E0,0,0,2000,2,38,49,26,14,11,617
48181,4591,A05,0,A00,A0,A0,E0,0,0,2000,2,108,111,36,32,3,1176
48183,4591,A05,0,A00,A0,A0,E0,0,0,2000,2,168,204,91,55,36,1296
48187,4591,A05,0,A00,A0,A0,E0,0,0,2000,2,27,25,,5,-2,1238
48189,4591,A05,0,A00,A0,A0,E0,0,0,2000,2,15,12,8,11,-3,598
48191,4591,A05,0,A00,A0,A0,E0,0,0,2000,2,0,,,0,,
48201,4591,A05,0,A00,A0,A0,E0,0,0,2000,2,4798,4763,1417,1451,-34,1412
48203,4591,A05,0,A00,A0,A0,E0,0,0,2000,2,64,60,10,14,-4,1266
48207,4591,A05,0,A00,A0,A0,E0,0,0,2000,2,,,0,0,,776
48209,4591,A05,0,A00,A0,A0,E0,0,0,2000,2,138,155,63,46,17,2506
48213,4591,A05,0,A00,A0,A0,E0,0,0,2000,2,12,11,,3,-1,7453
48215,4591,A05,0,A00,A0,A0,E0,0,0,2000,2,425,440,134,119,15,1240
48217,4591,A05,0,A00,A0,A0,E0,0,0,2000,2,25,25,6,6,0,767
48219,4591,A05,0,A00,A0,A0,E0,0,0,2000,2,9,10,5,4,1,546
48221,4591,A05,0,A00,A0,A0,E0,0,0,2000,2,12,12,5,6,-1,735
48223,4591,A05,0,A00,A0,A0,E0,0,0,2000,2,40,31,,11,-9,890
48227,4591,A05,0,A00,A0,A0,E0,0,0,2000,2,11,13,6,4,2,536
48231,4591,A05,0,A00,A0,A0,E0,0,0,2000,2,25,26,7,6,1,1572
48233,4591,A05,0,A00,A0,A0,E0,0,0,2000,2,,,0,0,,1146
48241,4591,A05,0,A00,A0,A0,E0,0,0,2000,2,6,8,4,3,1,690
48245,4591,A05,0,A00,A0,A0,E0,0,0,2000,2,262,270,102,94,8,1304
48249,4591,A05,0,A00,A0,A0,E0,0,0,2000,2,,,0,0,,513
48251,4591,A05,0,A00,A0,A0,E0,0,0,2000,2,48,49,22,21,1,907
48257,4591,A05,0,A00,A0,A0,E0,0,0,2000,2,5,6,,0,1,3636
48265,4591,A05,0,A00,A0,A0,E0,0,0,2000,2,26,26,6,6,0,819
48273,4591,A05,0,A00,A0,A0,E0,0,0,2000,2,,,0,,,585
48277,4591,A05,0,A00,A0,A0,E0,0,0,2000,2,27,24,8,11,-3,1324
48279,4591,A05,0,A00,A0,A0,E0,0,0,2000,2,,,,0,,1064
48285,4591,A05,0,A00,A0,A0,E0,0,0,2000,2,,,0,0,,293
48287,4591,A05,0,A00,A0,A0,E0,0,0,2000,2,,,0,0,,2211
48289,4591,A05,0,A00,A0,A0,E0,0,0,2000,2,,,,,,3868
48297,4591,A05,0,A00,A0,A0,E0,0,0,2000,2,,,,,,958
48299,4591,A05,0,A00,A0,A0,E0,0,0,2000,2,0,0,,,0,
48303,4591,A05,0,A00,A0,A0,E0,0,0,2000,2,455,477,125,103,22,1272
48305,4591,A05,0,A00,A0,A0,E0,0,0,2000,2,,,,,,600
48307,4591,A05,0,A00,A0,A0,E0,0,0,2000,2,,,0,0,,864
48309,4591,A05,0,A00,A0,A0,E0,0,0,2000,2,230,220,55,64,-9,1355
48313,4591,A05,0,A00,A0,A0,E0,0,0,2000,2,,,0,0,,1429
48321,4591,A05,0,A00,A0,A0,E0,0,0,2000,2,14,15,3,,1,901
48323,4591,A05,0,A00,A0,A0,E0,0,0,2000,2,15,15,,,-1,1125
48327,4591,A05,0,A00,A0,A0,E0,0,0,2000,2,,,,0,,704
48329,4591,A05,0,A00,A0,A0,E0,0,0,2000,2,182,178,70,73,-4,885
48331,4591,A05,0,A00,A0,A0,E0,0,0,2000,2,,,0,,,412
48335,4591,A05,0,A00,A0,A0,E0,0,0,2000,2,,0,0,,,113
48339,4591,A05,0,A00,A0,A0,E0,0,0,2000,2,278,242,78,114,-36,1205
48341,4591,A05,0,A00,A0,A0,E0,0,0,2000,2,,,,,,495
48347,4591,A05,0,A00,A0,A0,E0,0,0,2000,2,67,59,13,21,-7,833
48349,4591,A05,0,A00,A0,A0,E0,0,0,2000,2,,,,,,305
48355,4591,A05,0,A00,A0,A0,E0,0,0,2000,2,418,428,113,104,9,1496
48361,4591,A05,0,A00,A0,A0,E0,0,0,2000,2,31,26,14,19,-6,1030
48363,4591,A05,0,A00,A0,A0,E0,0,0,2000,2,,,,0,,948
48365,4591,A05,0,A00,A0,A0,E0,0,0,2000,2,,,0,,,247
48367,4591,A05,0,A00,A0,A0,E0,0,0,2000,2,14,13,,3,-1,1258
48371,4591,A05,0,A00,A0,A0,E0,0,0,2000,2,25,25,7,7,1,1386
48375,4591,A05,0,A00,A0,A0,E0,0,0,2000,2,261,271,95,85,10,1229
48379,4591,A05,0,A00,A0,A0,E0,0,0,2000,2,,,,,,821
48381,4591,A05,0,A00,A0,A0,E0,0,0,2000,2,128,121,37,44,-8,850
48387,4591,A05,0,A00,A0,A0,E0,0,0,2000,2,,,,,,1865
48397,4591,A05,0,A00,A0,A0,E0,0,0,2000,2,,,,,,778
48399,4591,A05,0,A00,A0,A0,E0,0,0,2000,2,,,0,0,,75
48401,4591,A05,0,A00,A0,A0,E0,0,0,2000,2,8,7,0,,-1,1363
48409,4591,A05,0,A00,A0,A0,E0,0,0,2000,2,11,12,5,4,0,883
48411,4591,A05,0,A00,A0,A0,E0,0,0,2000,2,,,,,,289
48415,4591,A05,0,A00,A0,A0,E0,0,0,2000,2,,,0,0,,1109
48423,4591,A05,0,A00,A0,A0,E0,0,0,2000,2,273,270,70,73,-3,1740
48425,4591,A05,0,A00,A0,A0,E0,0,0,2000,2,,,,0,,437
48427,4591,A05,0,A00,A0,A0,E0,0,0,2000,2,15,15,0,0,0,663
48437,4591,A05,0,A00,A0,A0,E0,0,0,2000,2,,,,,,1538
48439,4591,A05,0,A00,A0,A0,E0,0,0,2000,2,2109,2182,732,659,73,1375
48441,4591,A05,0,A00,A0,A0,E0,0,0,2000,2,192,199,54,47,7,1154
48449,4591,A05,0,A00,A0,A0,E0,0,0,2000,2,,,0,0,,635
48451,4591,A05,0,A00,A0,A0,E0,0,0,2000,2,149,157,42,34,8,1244
48453,4591,A05,0,A00,A0,A0,E0,0,0,2000,2,1400,1439,470,431,39,1463
48459,4591,A05,0,A00,A0,A0,E0,0,0,2000,2,,,,,,544
48461,4591,A05,0,A00,A0,A0,E0,0,0,2000,2,0,,,0,,
48465,4591,A05,0,A00,A0,A0,E0,0,0,2000,2,17,17,,,0,741
48467,4591,A05,0,A00,A0,A0,E0,0,0,2000,2,4,4,,,0,608
48469,4591,A05,0,A00,A0,A0,E0,0,0,2000,2,119,124,49,44,5,932
48471,4591,A05,0,A00,A0,A0,E0,0,0,2000,2,3,3,,,0,901
48473,4591,A05,0,A00,A0,A0,E0,0,0,2000,2,,,0,0,,390
48475,4591,A05,0,A00,A0,A0,E0,0,0,2000,2,,,,,,1139
48477,4591,A05,0,A00,A0,A0,E0,0,0,2000,2,9,9,0,0,0,428
48479,4591,A05,0,A00,A0,A0,E0,0,0,2000,2,214,226,51,39,12,1733
48481,4591,A05,0,A00,A0,A0,E0,0,0,2000,2,38,42,10,6,4,1518
48485,4591,A05,0,A00,A0,A0,E0,0,0,2000,2,146,154,57,49,7,1213
48487,4591,A05,0,A00,A0,A0,E0,0,0,2000,2,,,,,,841
48491,4591,A05,0,A00,A0,A0,E0,0,0,2000,2,347,333,122,136,-15,1081
48497,4591,A05,0,A00,A0,A0,E0,0,0,2000,2,,,,,,652
48499,4591,A05,0,A00,A0,A0,E0,0,0,2000,2,17,19,5,,2,1607
48503,4591,A05,0,A00,A0,A0,E0,0,0,2000,2,,,,0,,1329
48,4591,A05,0,A00,A0,A0,E0,0,0,2000,2,24809,24970,8494,8332,162,1603
48001,4591,A05,0,A00,A0,A0,E0,0,0,2000,3,,,,,,1230
48003,4591,A05,0,A00,A0,A0,E0,0,0,2000,3,,,0,,,571
48005,4591,A05,0,A00,A0,A0,E0,0,0,2000,3,59,50,18,27,-9,1146
48007,4591,A05,0,A00,A0,A0,E0,0,0,2000,3,27,27,8,8,0,599
48013,4591,A05,0,A00,A0,A0,E0,0,0,2000,3,,,,,,830
48015,4591,A05,0,A00,A0,A0,E0,0,0,2000,3,29,26,7,10,-3,3025
48019,4591,A05,0,A00,A0,A0,E0,0,0,2000,3,,,0,0,,910
48021,4591,A05,0,A00,A0,A0,E0,0,0,2000,3,5,5,,,0,508
48025,4591,A05,0,A00,A0,A0,E0,0,0,2000,3,,,0,0,,984
48027,4591,A05,0,A00,A0,A0,E0,0,0,2000,3,136,148,57,45,12,1011
48029,4591,A05,0,A00,A0,A0,E0,0,0,2000,3,1592,1673,592,511,81,1200
48031,4591,A05,0,A00,A0,A0,E0,0,0,2000,3,,,0,,,1784
48035,4591,A05,0,A00,A0,A0,E0,0,0,2000,3,,,0,,,951
48037,4591,A05,0,A00,A0,A0,E0,0,0,2000,3,41,40,18,19,-1,984
48039,4591,A05,0,A00,A0,A0,E0,0,0,2000,3,93,84,38,46,-8,1215
48041,4591,A05,0,A00,A0,A0,E0,0,0,2000,3,147,154,67,60,7,844
48043,4591,A05,0,A00,A0,A0,E0,0,0,2000,3,0,0,,,0,
48049,4591,A05,0,A00,A0,A0,E0,0,0,2000,3,6,7,,0,1,477
48053,4591,A05,0,A00,A0,A0,E0,0,0,2000,3,12,17,4,0,4,1033
48057,4591,A05,0,A00,A0,A0,E0,0,0,2000,3,,,,,,719
48059,4591,A05,0,A00,A0,A0,E0,0,0,2000,3,,,0,0,,307
48061,4591,A05,0,A00,A0,A0,E0,0,0,2000,3,304,338,470,437,33,1089
48067,4591,A05,0,A00,A0,A0,E0,0,0,2000,3,,,,,,729
48069,4591,A05,0,A00,A0,A0,E0,0,0,2000,3,,,,,,975
48073,4591,A05,0,A00,A0,A0,E0,0,0,2000,3,,,,,,497
48075,4591,A05,0,A00,A0,A0,E0,0,0,2000,3,,,,,,217
48083,4591,A05,0,A00,A0,A0,E0,0,0,2000,3,0,,,0,,
48085,4591,A05,0,A00,A0,A0,E0,0,0,2000,3,692,726,295,261,34,1309
48089,4591,A05,0,A00,A0,A0,E0,0,0,2000,3,,,,0,,835
48091,4591,A05,0,A00,A0,A0,E0,0,0,2000,3,51,57,20,14,6,1452
48093,4591,A05,0,A00,A0,A0,E0,0,0,2000,3,0,0,,,0,
48097,4591,A05,0,A00,A0,A0,E0,0,0,2000,3,8,10,6,5,1,840
48099,4591,A05,0,A00,A0,A0,E0,0,0,2000,3,7,6,,4,-1,1180
48113,4591,A05,0,A00,A0,A0,E0,0,0,2000,3,4939,5245,1906,1601,305,2293
48115,4591,A05,0,A00,A0,A0,E0,0,0,2000,3,,,,,,246
48121,4591,A05,0,A00,A0,A0,E0,0,0,2000,3,457,492,189,155,35,1265
48123,4591,A05,0,A00,A0,A0,E0,0,0,2000,3,,,,,,296
48129,4591,A05,0,A00,A0,A0,E0,0,0,2000,3,,,0,,,959
48133,4591,A05,0,A00,A0,A0,E0,0,0,2000,3,,,0,0,,1239
48135,4591,A05,0,A00,A0,A0,E0,0,0,2000,3,217,225,67,59,8,1240
48139,4591,A05,0,A00,A0,A0,E0,0,0,2000,3,28,34,13,7,6,1839
48141,4591,A05,0,A00,A0,A0,E0,0,0,2000,3,1365,1440,607,533,74,1131
48143,4591,A05,0,A00,A0,A0,E0,0,0,2000,3,9,9,0,0,0,836
48153,4591,A05,0,A00,A0,A0,E0,0,0,2000,3,,,,0,,607
48157,4591,A05,0,A00,A0,A0,E0,0,0,2000,3,348,360,118,107,11,1159
48163,4591,A05,0,A00,A0,A0,E0,0,0,2000,3,,,,0,,489
48165,4591,A05,0,A00,A0,A0,E0,0,0,2000,3,,,,,,442
48167,4591,A05,0,A00,A0,A0,E0,0,0,2000,3,192,188,100,104,-4,928
48171,4591,A05,0,A00,A0,A0,E0,0,0,2000,3,4,5,,0,1,1215
48179,4591,A05,0,A00,A0,A0,E0,0,0,2000,3,49,38,27,38,-11,643
48181,4591,A05,0,A00,A0,A0,E0,0,0,2000,3,86,90,33,30,3,1529
48183,4591,A05,0,A00,A0,A0,E0,0,0,2000,3,225,194,92,124,-31,1101
48187,4591,A05,0,A00,A0,A0,E0,0,0,2000,3,39,36,,5,-3,1618
48189,4591,A05,0,A00,A0,A0,E0,0,0,2000,3,12,18,9,3,6,649
48191,4591,A05,0,A00,A0,A0,E0,0,0,2000,3,,,0,0,,717
48201,4591,A05,0,A00,A0,A0,E0,0,0,2000,3,4181,4474,1592,1299,293,1592
48203,4591,A05,0,A00,A0,A0,E0,0,0,2000,3,60,57,14,18,-4,1253
48207,4591,A05,0,A00,A0,A0,E0,0,0,2000,3,,,,,,783
48209,4591,A05,0,A00,A0,A0,E0,0,0,2000,3,147,154,42,34,7,2768
48213,4591,A05,0,A00,A0,A0,E0,0,0,2000,3,11,9,0,,-2,3083
48215,4591,A05,0,A00,A0,A0,E0,0,0,2000,3,1027,1134,453,347,106,1109
48217,4591,A05,0,A00,A0,A0,E0,0,0,2000,3,25,24,10,11,-1,888
48219,4591,A05,0,A00,A0,A0,E0,0,0,2000,3,10,8,6,8,-2,528
48221,4591,A05,0,A00,A0,A0,E0,0,0,2000,3,12,10,3,4,-1,764
48223,4591,A05,0,A00,A0,A0,E0,0,0,2000,3,30,31,7,6,1,903
48227,4591,A05,0,A00,A0,A0,E0,0,0,2000,3,13,15,6,4,1,1590
48231,4591,A05,0,A00,A0,A0,E0,0,0,2000,3,26,29,,0,2,1502
48233,4591,A05,0,A00,A0,A0,E0,0,0,2000,3,,0,0,,,512
48241,4591,A05,0,A00,A0,A0,E0,0,0,2000,3,8,6,5,6,-1,453
48245,4591,A05,0,A00,A0,A0,E0,0,0,2000,3,235,242,92,85,6,1174
48249,4591,A05,0,A00,A0,A0,E0,0,0,2000,3,,,0,0,,513
48251,4591,A05,0,A00,A0,A0,E0,0,0,2000,3,49,50,17,16,1,927
48257,4591,A05,0,A00,A0,A0,E0,0,0,2000,3,6,7,3,,1,3356
48265,4591,A05,0,A00,A0,A0,E0,0,0,2000,3,26,26,4,4,0,1009
48273,4591,A05,0,A00,A0,A0,E0,0,0,2000,3,,,,,,866
48277,4591,A05,0,A00,A0,A0,E0,0,0,2000,3,24,24,15,15,0,1316
48279,4591,A05,0,A00,A0,A0,E0,0,0,2000,3,,,0,,,591
48285,4591,A05,0,A00,A0,A0,E0,0,0,2000,3,,,0,0,,122
48287,4591,A05,0,A00,A0,A0,E0,0,0,2000,3,,,0,0,,2211
48289,4591,A05,0,A00,A0,A0,E0,0,0,2000,3,,,,0,,3464
48297,4591,A05,0,A00,A0,A0,E0,0,0,2000,3,,,0,0,,414
48303,4591,A05,0,A00,A0,A0,E0,0,0,2000,3,1050,1119,434,365,69,1154
48305,4591,A05,0,A00,A0,A0,E0,0,0,2000,3,,,,,,605
48307,4591,A05,0,A00,A0,A0,E0,0,0,2000,3,,,0,0,,864
48309,4591,A05,0,A00,A0,A0,E0,0,0,2000,3,192,192,61,62,0,1483
48321,4591,A05,0,A00,A0,A0,E0,0,0,2000,3,15,14,,3,-1,917
48323,4591,A05,0,A00,A0,A0,E0,0,0,2000,3,15,16,4,,2,1186
48327,4591,A05,0,A00,A0,A0,E0,0,0,2000,3,,,0,,,440
48329,4591,A05,0,A00,A0,A0,E0,0,0,2000,3,148,151,60,58,3,884
48331,4591,A05,0,A00,A0,A0,E0,0,0,2000,3,,,0,0,,598
48337,4591,A05,0,A00,A0,A0,E0,0,0,2000,3,0,,,0,,
48339,4591,A05,0,A00,A0,A0,E0,0,0,2000,3,197,194,82,85,-3,1198
48341,4591,A05,0,A00,A0,A0,E0,0,0,2000,3,,,,,,746
48347,4591,A05,0,A00,A0,A0,E0,0,0,2000,3,59,63,26,22,4,910
48349,4591,A05,0,A00,A0,A0,E0,0,0,2000,3,,,,,,492
48355,4591,A05,0,A00,A0,A0,E0,0,0,2000,3,395,393,107,108,-2,1484
48361,4591,A05,0,A00,A0,A0,E0,0,0,2000,3,26,25,6,7,-1,1255
48363,4591,A05,0,A00,A0,A0,E0,0,0,2000,3,,,,,,832
48365,4591,A05,0,A00,A0,A0,E0,0,0,2000,3,,,,,,137
48367,4591,A05,0,A00,A0,A0,E0,0,0,2000,3,13,16,7,4,3,1543
48371,4591,A05,0,A00,A0,A0,E0,0,0,2000,3,25,26,3,,1,1094
48375,4591,A05,0,A00,A0,A0,E0,0,0,2000,3,852,922,411,341,70,1102
48379,4591,A05,0,A00,A0,A0,E0,0,0,2000,3,,,,,,588
48381,4591,A05,0,A00,A0,A0,E0,0,0,2000,3,121,128,32,25,7,909
48387,4591,A05,0,A00,A0,A0,E0,0,0,2000,3,,,,,,1075
48397,4591,A05,0,A00,A0,A0,E0,0,0,2000,3,,,,,,829
48399,4591,A05,0,A00,A0,A0,E0,0,0,2000,3,,,0,0,,30
48401,4591,A05,0,A00,A0,A0,E0,0,0,2000,3,7,8,,,1,1462
48409,4591,A05,0,A00,A0,A0,E0,0,0,2000,3,13,13,,,1,977
48411,4591,A05,0,A00,A0,A0,E0,0,0,2000,3,,,,,,162
48415,4591,A05,0,A00,A0,A0,E0,0,0,2000,3,,,0,0,,929
48423,4591,A05,0,A00,A0,A0,E0,0,0,2000,3,245,248,75,72,2,1939
48425,4591,A05,0,A00,A0,A0,E0,0,0,2000,3,,,0,0,,426
48427,4591,A05,0,A00,A0,A0,E0,0,0,2000,3,15,16,,0,1,760
48437,4591,A05,0,A00,A0,A0,E0,0,0,2000,3,,,0,,,1434
48439,4591,A05,0,A00,A0,A0,E0,0,0,2000,3,2008,2013,729,724,5,1333
48441,4591,A05,0,A00,A0,A0,E0,0,0,2000,3,170,160,46,56,-10,1101
48449,4591,A05,0,A00,A0,A0,E0,0,0,2000,3,,,0,,,595
48451,4591,A05,0,A00,A0,A0,E0,0,0,2000,3,136,144,36,28,8,1179
48453,4591,A05,0,A00,A0,A0,E0,0,0,2000,3,1344,1411,468,401,66,1662
48459,4591,A05,0,A00,A0,A0,E0,0,0,2000,3,,,,,,595
48461,4591,A05,0,A00,A0,A0,E0,0,0,2000,3,,,0,0,,658
48465,4591,A05,0,A00,A0,A0,E0,0,0,2000,3,17,15,5,8,-3,682
48467,4591,A05,0,A00,A0,A0,E0,0,0,2000,3,4,4,,,0,686
48469,4591,A05,0,A00,A0,A0,E0,0,0,2000,3,93,94,32,31,1,883
48471,4591,A05,0,A00,A0,A0,E0,0,0,2000,3,,,,,,158
48473,4591,A05,0,A00,A0,A0,E0,0,0,2000,3,,,,,,451
48475,4591,A05,0,A00,A0,A0,E0,0,0,2000,3,,,,,,808
48477,4591,A05,0,A00,A0,A0,E0,0,0,2000,3,9,10,,0,1,410
48479,4591,A05,0,A00,A0,A0,E0,0,0,2000,3,187,196,36,28,9,1581
48481,4591,A05,0,A00,A0,A0,E0,0,0,2000,3,42,36,6,12,-6,1489
48485,4591,A05,0,A00,A0,A0,E0,0,0,2000,3,130,135,57,52,5,1073
48487,4591,A05,0,A00,A0,A0,E0,0,0,2000,3,,,,,,1006
48491,4591,A05,0,A00,A0,A0,E0,0,0,2000,3,309,326,136,119,17,1150
48497,4591,A05,0,A00,A0,A0,E0,0,0,2000,3,,,,,,541
48499,4591,A05,0,A00,A0,A0,E0,0,0,2000,3,19,20,4,,1,1330
48503,4591,A05,0,A00,A0,A0,E0,0,0,2000,3,,,,,,790
48,4591,A05,0,A00,A0,A0,E0,0,0,2000,3,25223,26443,10016,8796,1220,1516
48001,4591,A05,0,A00,A0,A0,E0,0,0,2000,4,,,,,,1257
48003,4591,A05,0,A00,A0,A0,E0,0,0,2000,4,,,0,,,775
48005,4591,A05,0,A00,A0,A0,E0,0,0,2000,4,50,53,14,11,3,1280
48007,4591,A05,0,A00,A0,A0,E0,0,0,2000,4,27,25,,5,-2,733
48013,4591,A05,0,A00,A0,A0,E0,0,0,2000,4,,,,,,498
48015,4591,A05,0,A00,A0,A0,E0,0,0,2000,4,26,25,4,5,-1,2521
48019,4591,A05,0,A00,A0,A0,E0,0,0,2000,4,,,0,0,,923
48021,4591,A05,0,A00,A0,A0,E0,0,0,2000,4,,,,,,912
48025,4591,A05,0,A00,A0,A0,E0,0,0,2000,4,,,0,0,,984
48027,4591,A05,0,A00,A0,A0,E0,0,0,2000,4,170,191,122,100,22,1067
48029,4591,A05,0,A00,A0,A0,E0,0,0,2000,4,1901,2139,1161,923,238,1298
48031,4591,A05,0,A00,A0,A0,E0,0,0,2000,4,,,,0,,2168
48035,4591,A05,0,A00,A0,A0,E0,0,0,2000,4,,,0,0,,1111
48037,4591,A05,0,A00,A0,A0,E0,0,0,2000,4,80,102,149,128,22,1019
48039,4591,A05,0,A00,A0,A0,E0,0,0,2000,4,84,74,21,31,-10,1357
48041,4591,A05,0,A00,A0,A0,E0,0,0,2000,4,178,192,114,99,15,845
48049,4591,A05,0,A00,A0,A0,E0,0,0,2000,4,7,7,0,0,0,516
48053,4591,A05,0,A00,A0,A0,E0,0,0,2000,4,17,15,,,-1,1257
48057,4591,A05,0,A00,A0,A0,E0,0,0,2000,4,,,0,0,,659
48059,4591,A05,0,A00,A0,A0,E0,0,0,2000,4,,,,,,307
48061,4591,A05,0,A00,A0,A0,E0,0,0,2000,4,383,441,253,194,58,1118
48067,4591,A05,0,A00,A0,A0,E0,0,0,2000,4,,,0,,,814
48069,4591,A05,0,A00,A0,A0,E0,0,0,2000,4,,,,,,981
48073,4591,A05,0,A00,A0,A0,E0,0,0,2000,4,,,0,,,557
48075,4591,A05,0,A00,A0,A0,E0,0,0,2000,4,,,,,,207
48083,4591,A05,0,A00,A0,A0,E0,0,0,2000,4,,0,,,,872
48085,4591,A05,0,A00,A0,A0,E0,0,0,2000,4,846,1039,636,444,192,1284
48089,4591,A05,0,A00,A0,A0,E0,0,0,2000,4,,,0,0,,849
48091,4591,A05,0,A00,A0,A0,E0,0,0,2000,4,55,59,21,18,4,1443
48093,4591,A05,0,A00,A0,A0,E0,0,0,2000,4,0,,,0,,
48097,4591,A05,0,A00,A0,A0,E0,0,0,2000,4,10,12,12,9,3,897
48099,4591,A05,0,A00,A0,A0,E0,0,0,2000,4,6,6,3,,1,1132
48113,4591,A05,0,A00,A0,A0,E0,0,0,2000,4,5732,6500,3501,2733,768,2369
48115,4591,A05,0,A00,A0,A0,E0,0,0,2000,4,,,,,,259
48121,4591,A05,0,A00,A0,A0,E0,0,0,2000,4,582,675,425,332,93,1267
48123,4591,A05,0,A00,A0,A0,E0,0,0,2000,4,,,0,,,741
48129,4591,A05,0,A00,A0,A0,E0,0,0,2000,4,,,0,0,,1212
48133,4591,A05,0,A00,A0,A0,E0,0,0,2000,4,,,0,0,,707
48135,4591,A05,0,A00,A0,A0,E0,0,0,2000,4,225,230,80,74,5,1509
48139,4591,A05,0,A00,A0,A0,E0,0,0,2000,4,152,200,71,23,48,1871
48141,4591,A05,0,A00,A0,A0,E0,0,0,2000,4,911,1111,883,683,200,1346
48143,4591,A05,0,A00,A0,A0,E0,0,0,2000,4,9,9,,,0,627
48153,4591,A05,0,A00,A0,A0,E0,0,0,2000,4,,,,,,554
48157,4591,A05,0,A00,A0,A0,E0,0,0,2000,4,411,464,246,193,53,1219
48163,4591,A05,0,A00,A0,A0,E0,0,0,2000,4,,,0,,,417
48165,4591,A05,0,A00,A0,A0,E0,0,0,2000,4,,,,0,,252
48167,4591,A05,0,A00,A0,A0,E0,0,0,2000,4,188,228,176,136,40,997
48171,4591,A05,0,A00,A0,A0,E0,0,0,2000,4,5,8,4,0,4,1397
48179,4591,A05,0,A00,A0,A0,E0,0,0,2000,4,38,32,3,10,-7,591
48181,4591,A05,0,A00,A0,A0,E0,0,0,2000,4,112,128,108,92,16,1375
48183,4591,A05,0,A00,A0,A0,E0,0,0,2000,4,224,242,158,140,17,1336
48187,4591,A05,0,A00,A0,A0,E0,0,0,2000,4,36,35,4,5,-1,1738
48189,4591,A05,0,A00,A0,A0,E0,0,0,2000,4,18,19,5,4,1,572
48191,4591,A05,0,A00,A0,A0,E0,0,0,2000,4,,,0,0,,512
48201,4591,A05,0,A00,A0,A0,E0,0,0,2000,4,5286,6141,3684,2830,855,1647
48203,4591,A05,0,A00,A0,A0,E0,0,0,2000,4,57,58,19,18,1,1551
48207,4591,A05,0,A00,A0,A0,E0,0,0,2000,4,,,,,,402
48209,4591,A05,0,A00,A0,A0,E0,0,0,2000,4,157,167,53,43,10,3806
48213,4591,A05,0,A00,A0,A0,E0,0,0,2000,4,9,9,,,0,7299
48215,4591,A05,0,A00,A0,A0,E0,0,0,2000,4,501,595,346,252,94,1232
48217,4591,A05,0,A00,A0,A0,E0,0,0,2000,4,24,27,20,18,2,825
48219,4591,A05,0,A00,A0,A0,E0,0,0,2000,4,8,9,6,5,1,540
48221,4591,A05,0,A00,A0,A0,E0,0,0,2000,4,10,9,,,-1,816
48223,4591,A05,0,A00,A0,A0,E0,0,0,2000,4,31,33,10,8,2,907
48225,4591,A05,0,A00,A0,A0,E0,0,0,2000,4,0,,,0,,
48227,4591,A05,0,A00,A0,A0,E0,0,0,2000,4,15,12,0,,-2,1431
48231,4591,A05,0,A00,A0,A0,E0,0,0,2000,4,29,24,0,4,-4,1542
48233,4591,A05,0,A00,A0,A0,E0,0,0,2000,4,0,0,,,0,
48241,4591,A05,0,A00,A0,A0,E0,0,0,2000,4,6,6,5,5,0,389
48245,4591,A05,0,A00,A0,A0,E0,0,0,2000,4,288,316,188,160,28,1286
48249,4591,A05,0,A00,A0,A0,E0,0,0,2000,4,,,0,,,513
48251,4591,A05,0,A00,A0,A0,E0,0,0,2000,4,50,55,21,16,5,1085
48257,4591,A05,0,A00,A0,A0,E0,0,0,2000,4,7,9,4,,2,2412
48265,4591,A05,0,A00,A0,A0,E0,0,0,2000,4,26,23,5,8,-3,1263
48273,4591,A05,0,A00,A0,A0,E0,0,0,2000,4,,,,,,604
48277,4591,A05,0,A00,A0,A0,E0,0,0,2000,4,24,25,7,6,1,2145
48279,4591,A05,0,A00,A0,A0,E0,0,0,2000,4,,,,,,730
48285,4591,A05,0,A00,A0,A0,E0,0,0,2000,4,,0,,,,27
48287,4591,A05,0,A00,A0,A0,E0,0,0,2000,4,,,0,0,,2211
48289,4591,A05,0,A00,A0,A0,E0,0,0,2000,4,,,0,0,,1471
48293,4591,A05,0,A00,A0,A0,E0,0,0,2000,4,0,,,0,,
48297,4591,A05,0,A00,A0,A0,E0,0,0,2000,4,,,0,0,,1299
48299,4591,A05,0,A00,A0,A0,E0,0,0,2000,4,0,,,0,,
48303,4591,A05,0,A00,A0,A0,E0,0,0,2000,4,492,529,287,250,37,1379
48305,4591,A05,0,A00,A0,A0,E0,0,0,2000,4,,,0,,,808
48307,4591,A05,0,A00,A0,A0,E0,0,0,2000,4,,,0,0,,939
48309,4591,A05,0,A00,A0,A0,E0,0,0,2000,4,228,234,125,119,6,1593
48321,4591,A05,0,A00,A0,A0,E0,0,0,2000,4,14,14,,,0,984
48323,4591,A05,0,A00,A0,A0,E0,0,0,2000,4,16,18,13,11,2,1084
48327,4591,A05,0,A00,A0,A0,E0,0,0,2000,4,,,,,,965
48329,4591,A05,0,A00,A0,A0,E0,0,0,2000,4,199,216,121,104,17,947
48331,4591,A05,0,A00,A0,A0,E0,0,0,2000,4,,,0,0,,560
48337,4591,A05,0,A00,A0,A0,E0,0,0,2000,4,,,0,0,,842
48339,4591,A05,0,A00,A0,A0,E0,0,0,2000,4,261,300,217,178,39,1251
48341,4591,A05,0,A00,A0,A0,E0,0,0,2000,4,,,0,,,337
48347,4591,A05,0,A00,A0,A0,E0,0,0,2000,4,63,71,23,15,8,968
48349,4591,A05,0,A00,A0,A0,E0,0,0,2000,4,,,,,,980
48355,4591,A05,0,A00,A0,A0,E0,0,0,2000,4,434,520,238,153,85,1723
48357,4591,A05,0,A00,A0,A0,E0,0,0,2000,4,0,,,,,
48361,4591,A05,0,A00,A0,A0,E0,0,0,2000,4,25,26,8,7,1,1805
48363,4591,A05,0,A00,A0,A0,E0,0,0,2000,4,,,,,,604
48365,4591,A05,0,A00,A0,A0,E0,0,0,2000,4,,,0,,,280
48367,4591,A05,0,A00,A0,A0,E0,0,0,2000,4,16,15,,,-1,1325
48371,4591,A05,0,A00,A0,A0,E0,0,0,2000,4,26,24,0,3,-3,1240
48375,4591,A05,0,A00,A0,A0,E0,0,0,2000,4,308,341,255,222,32,1198
48379,4591,A05,0,A00,A0,A0,E0,0,0,2000,4,,,0,0,,505
48381,4591,A05,0,A00,A0,A0,E0,0,0,2000,4,129,116,34,46,-12,942
48387,4591,A05,0,A00,A0,A0,E0,0,0,2000,4,,,0,,,1447
48397,4591,A05,0,A00,A0,A0,E0,0,0,2000,4,,,,,,840
48399,4591,A05,0,A00,A0,A0,E0,0,0,2000,4,,,0,0,,75
48401,4591,A05,0,A00,A0,A0,E0,0,0,2000,4,8,8,0,0,0,1222
48409,4591,A05,0,A00,A0,A0,E0,0,0,2000,4,13,13,,,-1,918
48411,4591,A05,0,A00,A0,A0,E0,0,0,2000,4,,,,,,51
48415,4591,A05,0,A00,A0,A0,E0,0,0,2000,4,,0,0,,,675
48423,4591,A05,0,A00,A0,A0,E0,0,0,2000,4,282,288,155,148,6,1395
48425,4591,A05,0,A00,A0,A0,E0,0,0,2000,4,,,0,0,,426
48427,4591,A05,0,A00,A0,A0,E0,0,0,2000,4,16,15,0,,-1,662
48437,4591,A05,0,A00,A0,A0,E0,0,0,2000,4,,,0,,,1628
48439,4591,A05,0,A00,A0,A0,E0,0,0,2000,4,2304,2616,1743,1431,312,1420
48441,4591,A05,0,A00,A0,A0,E0,0,0,2000,4,191,218,102,75,27,1271
48449,4591,A05,0,A00,A0,A0,E0,0,0,2000,4,,,0,0,,969
48451,4591,A05,0,A00,A0,A0,E0,0,0,2000,4,159,169,71,61,9,1295
48453,4591,A05,0,A00,A0,A0,E0,0,0,2000,4,1519,1661,806,664,142,1786
48459,4591,A05,0,A00,A0,A0,E0,0,0,2000,4,,,0,,,529
48461,4591,A05,0,A00,A0,A0,E0,0,0,2000,4,,,0,0,,564
48465,4591,A05,0,A00,A0,A0,E0,0,0,2000,4,15,15,9,9,0,659
48467,4591,A05,0,A00,A0,A0,E0,0,0,2000,4,4,5,,,1,627
48469,4591,A05,0,A00,A0,A0,E0,0,0,2000,4,116,141,86,62,24,967
48471,4591,A05,0,A00,A0,A0,E0,0,0,2000,4,,,,,,176
48473,4591,A05,0,A00,A0,A0,E0,0,0,2000,4,,,,,,322
48475,4591,A05,0,A00,A0,A0,E0,0,0,2000,4,,,0,,,1121
48477,4591,A05,0,A00,A0,A0,E0,0,0,2000,4,10,10,,,0,354
48479,4591,A05,0,A00,A0,A0,E0,0,0,2000,4,253,298,173,128,45,1787
48481,4591,A05,0,A00,A0,A0,E0,0,0,2000,4,36,36,4,4,0,1771
48485,4591,A05,0,A00,A0,A0,E0,0,0,2000,4,152,167,96,81,15,1341
48487,4591,A05,0,A00,A0,A0,E0,0,0,2000,4,,,0,,,1115
48491,4591,A05,0,A00,A0,A0,E0,0,0,2000,4,367,418,252,201,51,1338
48497,4591,A05,0,A00,A0,A0,E0,0,0,2000,4,,,0,0,,914
48499,4591,A05,0,A00,A0,A0,E0,0,0,2000,4,20,21,6,6,0,1425
48503,4591,A05,0,A00,A0,A0,E0,0,0,2000,4,,,,,,888
48,4591,A05,0,A00,A0,A0,E0,0,0,2000,4,26988,30569,17450,13870,3581,1651
48001,4591,A05,0,A00,A0,A0,E0,0,0,2001,1,,,,0,,1517
48003,4591,A05,0,A00,A0,A0,E0,0,0,2001,1,,,,0,,1106
48005,4591,A05,0,A00,A0,A0,E0,0,0,2001,1,53,53,16,16,0,1257
48007,4591,A05,0,A00,A0,A0,E0,0,0,2001,1,25,22,6,8,-2,622
48013,4591,A05,0,A00,A0,A0,E0,0,0,2001,1,,,0,0,,757
48015,4591,A05,0,A00,A0,A0,E0,0,0,2001,1,25,6,0,20,-20,1486
48019,4591,A05,0,A00,A0,A0,E0,0,0,2001,1,,,0,0,,925
48021,4591,A05,0,A00,A0,A0,E0,0,0,2001,1,,,0,,,799
48025,4591,A05,0,A00,A0,A0,E0,0,0,2001,1,,,0,0,,984
48027,4591,A05,0,A00,A0,A0,E0,0,0,2001,1,183,159,49,73,-24,834
48029,4591,A05,0,A00,A0,A0,E0,0,0,2001,1,2141,1801,341,681,-340,1047
48031,4591,A05,0,A00,A0,A0,E0,0,0,2001,1,,,0,,,1797
48035,4591,A05,0,A00,A0,A0,E0,0,0,2001,1,,,0,,,969
48037,4591,A05,0,A00,A0,A0,E0,0,0,2001,1,108,73,14,50,-36,673
48039,4591,A05,0,A00,A0,A0,E0,0,0,2001,1,71,63,22,31,-9,1162
48041,4591,A05,0,A00,A0,A0,E0,0,0,2001,1,192,172,37,57,-20,742
48049,4591,A05,0,A00,A0,A0,E0,0,0,2001,1,7,8,,0,2,441
48053,4591,A05,0,A00,A0,A0,E0,0,0,2001,1,15,15,,,-1,1021
48057,4591,A05,0,A00,A0,A0,E0,0,0,2001,1,,,0,0,,613
48059,4591,A05,0,A00,A0,A0,E0,0,0,2001,1,,,0,0,,307
48061,4591,A05,0,A00,A0,A0,E0,0,0,2001,1,441,379,437,499,-62,974
48067,4591,A05,0,A00,A0,A0,E0,0,0,2001,1,,,,,,826
48069,4591,A05,0,A00,A0,A0,E0,0,0,2001,1,,,,,,1056
48073,4591,A05,0,A00,A0,A0,E0,0,0,2001,1,,,0,,,393
48075,4591,A05,0,A00,A0,A0,E0,0,0,2001,1,,,0,,,414
48085,4591,A05,0,A00,A0,A0,E0,0,0,2001,1,1042,882,218,378,-160,1172
48089,4591,A05,0,A00,A0,A0,E0,0,0,2001,1,,,0,,,621
48091,4591,A05,0,A00,A0,A0,E0,0,0,2001,1,63,60,12,15,-3,1427
48093,4591,A05,0,A00,A0,A0,E0,0,0,2001,1,,,0,0,,1354
48097,4591,A05,0,A00,A0,A0,E0,0,0,2001,1,12,12,5,5,0,702
48099,4591,A05,0,A00,A0,A0,E0,0,0,2001,1,6,6,,,0,1392
48107,4591,A05,0,A00,A0,A0,E0,0,0,2001,1,0,,,0,,
48113,4591,A05,0,A00,A0,A0,E0,0,0,2001,1,6510,5654,1107,1962,-856,1998
48115,4591,A05,0,A00,A0,A0,E0,0,0,2001,1,,,,0,,239
48121,4591,A05,0,A00,A0,A0,E0,0,0,2001,1,678,560,155,273,-118,1133
48123,4591,A05,0,A00,A0,A0,E0,0,0,2001,1,,,,0,,868
48129,4591,A05,0,A00,A0,A0,E0,0,0,2001,1,,,0,0,,1212
48133,4591,A05,0,A00,A0,A0,E0,0,0,2001,1,,0,0,,,1025
48135,4591,A05,0,A00,A0,A0,E0,0,0,2001,1,212,189,41,64,-23,1205
48139,4591,A05,0,A00,A0,A0,E0,0,0,2001,1,200,184,12,29,-16,1208
48141,4591,A05,0,A00,A0,A0,E0,0,0,2001,1,1111,893,239,457,-218,1073
48143,4591,A05,0,A00,A0,A0,E0,0,0,2001,1,9,9,5,5,0,591
48153,4591,A05,0,A00,A0,A0,E0,0,0,2001,1,,,0,,,594
48157,4591,A05,0,A00,A0,A0,E0,0,0,2001,1,464,372,72,164,-93,947
48163,4591,A05,0,A00,A0,A0,E0,0,0,2001,1,,,,0,,406
48165,4591,A05,0,A00,A0,A0,E0,0,0,2001,1,,,,0,,148
48167,4591,A05,0,A00,A0,A0,E0,0,0,2001,1,228,177,35,86,-51,783
48171,4591,A05,0,A00,A0,A0,E0,0,0,2001,1,8,8,0,0,0,988
48177,4591,A05,0,A00,A0,A0,E0,0,0,2001,1,0,,,0,,
48179,4591,A05,0,A00,A0,A0,E0,0,0,2001,1,32,33,6,5,1,678
48181,4591,A05,0,A00,A0,A0,E0,0,0,2001,1,127,110,29,46,-17,1112
48183,4591,A05,0,A00,A0,A0,E0,0,0,2001,1,242,210,51,83,-31,1082
48187,4591,A05,0,A00,A0,A0,E0,0,0,2001,1,36,35,4,5,-1,1600
48189,4591,A05,0,A00,A0,A0,E0,0,0,2001,1,19,14,4,8,-4,558
48191,4591,A05,0,A00,A0,A0,E0,0,0,2001,1,,,0,0,,380
48201,4591,A05,0,A00,A0,A0,E0,0,0,2001,1,6129,5117,992,2004,-1012,1311
48203,4591,A05,0,A00,A0,A0,E0,0,0,2001,1,58,59,14,13,1,1332
48207,4591,A05,0,A00,A0,A0,E0,0,0,2001,1,,,,0,,465
48209,4591,A05,0,A00,A0,A0,E0,0,0,2001,1,179,169,30,40,-9,5491
48213,4591,A05,0,A00,A0,A0,E0,0,0,2001,1,9,9,3,3,0,4934
48215,4591,A05,0,A00,A0,A0,E0,0,0,2001,1,595,477,73,191,-118,983
48217,4591,A05,0,A00,A0,A0,E0,0,0,2001,1,27,23,4,8,-4,895
48219,4591,A05,0,A00,A0,A0,E0,0,0,2001,1,9,6,,5,-4,797
48221,4591,A05,0,A00,A0,A0,E0,0,0,2001,1,9,7,,3,-2,829
48223,4591,A05,0,A00,A0,A0,E0,0,0,2001,1,33,34,5,4,1,895
48225,4591,A05,0,A00,A0,A0,E0,0,0,2001,1,,,,,,5180
48227,4591,A05,0,A00,A0,A0,E0,0,0,2001,1,12,15,7,5,3,468
48231,4591,A05,0,A00,A0,A0,E0,0,0,2001,1,25,28,10,7,3,1614
48233,4591,A05,0,A00,A0,A0,E0,0,0,2001,1,0,0,,,0,
48241,4591,A05,0,A00,A0,A0,E0,0,0,2001,1,6,8,6,5,1,290
48245,4591,A05,0,A00,A0,A0,E0,0,0,2001,1,316,258,64,122,-58,1011
48249,4591,A05,0,A00,A0,A0,E0,0,0,2001,1,,,,,,358
48251,4591,A05,0,A00,A0,A0,E0,0,0,2001,1,55,52,14,17,-3,968
48257,4591,A05,0,A00,A0,A0,E0,0,0,2001,1,9,8,,3,-1,1382
48259,4591,A05,0,A00,A0,A0,E0,0,0,2001,1,0,,,,,
48265,4591,A05,0,A00,A0,A0,E0,0,0,2001,1,23,29,11,4,6,1027
48273,4591,A05,0,A00,A0,A0,E0,0,0,2001,1,,,,,,332
48277,4591,A05,0,A00,A0,A0,E0,0,0,2001,1,25,27,9,7,2,1458
48279,4591,A05,0,A00,A0,A0,E0,0,0,2001,1,,,,,,539
48287,4591,A05,0,A00,A0,A0,E0,0,0,2001,1,,,,0,,2211
48289,4591,A05,0,A00,A0,A0,E0,0,0,2001,1,,,0,,,617
48293,4591,A05,0,A00,A0,A0,E0,0,0,2001,1,,,0,0,,1216
48297,4591,A05,0,A00,A0,A0,E0,0,0,2001,1,,,,0,,1129
48299,4591,A05,0,A00,A0,A0,E0,0,0,2001,1,,,,,,561
48303,4591,A05,0,A00,A0,A0,E0,0,0,2001,1,529,462,70,137,-68,1231
48305,4591,A05,0,A00,A0,A0,E0,0,0,2001,1,,,,,,814
48307,4591,A05,0,A00,A0,A0,E0,0,0,2001,1,,,0,,,601
48309,4591,A05,0,A00,A0,A0,E0,0,0,2001,1,234,213,46,66,-21,1107
48321,4591,A05,0,A00,A0,A0,E0,0,0,2001,1,14,14,,,0,1024
48323,4591,A05,0,A00,A0,A0,E0,0,0,2001,1,18,16,5,7,-3,894
48327,4591,A05,0,A00,A0,A0,E0,0,0,2001,1,,,,,,831
48329,4591,A05,0,A00,A0,A0,E0,0,0,2001,1,205,172,40,72,-32,707
48331,4591,A05,0,A00,A0,A0,E0,0,0,2001,1,,,,,,462
48337,4591,A05,0,A00,A0,A0,E0,0,0,2001,1,,0,0,,,894
48339,4591,A05,0,A00,A0,A0,E0,0,0,2001,1,300,244,57,112,-55,938
48341,4591,A05,0,A00,A0,A0,E0,0,0,2001,1,,,,0,,172
48347,4591,A05,0,A00,A0,A0,E0,0,0,2001,1,71,67,9,13,-3,958
48349,4591,A05,0,A00,A0,A0,E0,0,0,2001,1,,,0,,,833
48355,4591,A05,0,A00,A0,A0,E0,0,0,2001,1,520,464,106,162,-56,1372
48357,4591,A05,0,A00,A0,A0,E0,0,0,2001,1,,,0,,,83
48361,4591,A05,0,A00,A0,A0,E0,0,0,2001,1,26,26,8,8,0,1271
48363,4591,A05,0,A00,A0,A0,E0,0,0,2001,1,,,0,,,892
48365,4591,A05,0,A00,A0,A0,E0,0,0,2001,1,,,0,0,,354
48367,4591,A05,0,A00,A0,A0,E0,0,0,2001,1,15,14,,3,-1,1555
48371,4591,A05,0,A00,A0,A0,E0,0,0,2001,1,24,31,13,6,7,1125
48375,4591,A05,0,A00,A0,A0,E0,0,0,2001,1,341,268,43,116,-73,974
48379,4591,A05,0,A00,A0,A0,E0,0,0,2001,1,,,,0,,574
48381,4591,A05,0,A00,A0,A0,E0,0,0,2001,1,116,117,29,29,1,871
48387,4591,A05,0,A00,A0,A0,E0,0,0,2001,1,,,,,,1488
48397,4591,A05,0,A00,A0,A0,E0,0,0,2001,1,,,,,,877
48399,4591,A05,0,A00,A0,A0,E0,0,0,2001,1,,,0,0,,34
48401,4591,A05,0,A00,A0,A0,E0,0,0,2001,1,8,5,,5,-3,1439
48409,4591,A05,0,A00,A0,A0,E0,0,0,2001,1,13,12,,,0,986
48411,4591,A05,0,A00,A0,A0,E0,0,0,2001,1,,,,,,1153
48415,4591,A05,0,A00,A0,A0,E0,0,0,2001,1,0,,,0,,
48423,4591,A05,0,A00,A0,A0,E0,0,0,2001,1,283,245,59,97,-38,1246
48425,4591,A05,0,A00,A0,A0,E0,0,0,2001,1,,,0,0,,426
48427,4591,A05,0,A00,A0,A0,E0,0,0,2001,1,15,15,,,0,674
48437,4591,A05,0,A00,A0,A0,E0,0,0,2001,1,,,0,,,1492
48439,4591,A05,0,A00,A0,A0,E0,0,0,2001,1,2648,2217,532,964,-432,1279
48441,4591,A05,0,A00,A0,A0,E0,0,0,2001,1,188,173,28,43,-15,1093
48449,4591,A05,0,A00,A0,A0,E0,0,0,2001,1,,,0,0,,442
48451,4591,A05,0,A00,A0,A0,E0,0,0,2001,1,150,124,25,51,-26,968
48453,4591,A05,0,A00,A0,A0,E0,0,0,2001,1,1645,1468,304,481,-178,1662
48459,4591,A05,0,A00,A0,A0,E0,0,0,2001,1,,,0,,,389
48461,4591,A05,0,A00,A0,A0,E0,0,0,2001,1,,,0,0,,658
48465,4591,A05,0,A00,A0,A0,E0,0,0,2001,1,15,16,4,3,2,690
48467,4591,A05,0,A00,A0,A0,E0,0,0,2001,1,5,5,0,0,0,655
48469,4591,A05,0,A00,A0,A0,E0,0,0,2001,1,141,116,25,50,-25,775
48471,4591,A05,0,A00,A0,A0,E0,0,0,2001,1,,,,,,184
48473,4591,A05,0,A00,A0,A0,E0,0,0,2001,1,,,,,,314
48475,4591,A05,0,A00,A0,A0,E0,0,0,2001,1,,,,,,1038
48477,4591,A05,0,A00,A0,A0,E0,0,0,2001,1,10,10,0,0,0,357
48479,4591,A05,0,A00,A0,A0,E0,0,0,2001,1,298,236,18,81,-62,1188
48481,4591,A05,0,A00,A0,A0,E0,0,0,2001,1,36,37,4,3,1,1425
48485,4591,A05,0,A00,A0,A0,E0,0,0,2001,1,167,150,39,56,-17,947
48487,4591,A05,0,A00,A0,A0,E0,0,0,2001,1,,,0,0,,1258
48491,4591,A05,0,A00,A0,A0,E0,0,0,2001,1,420,371,88,137,-49,1091
48497,4591,A05,0,A00,A0,A0,E0,0,0,2001,1,,,0,,,607
48499,4591,A05,0,A00,A0,A0,E0,0,0,2001,1,21,20,5,6,0,1230
48503,4591,A05,0,A00,A0,A0,E0,0,0,2001,1,,,,,,409
48,4591,A05,0,A00,A0,A0,E0,0,0,2001,1,30523,26075,5801,10249,-4448,1396
48001,4591,A05,0,A00,A0,A0,E0,0,0,2001,2,,,,,,1000
48003,4591,A05,0,A00,A0,A0,E0,0,0,2001,2,,,,,,847
48005,4591,A05,0,A00,A0,A0,E0,0,0,2001,2,53,65,24,12,12,1511
48007,4591,A05,0,A00,A0,A0,E0,0,0,2001,2,22,25,10,8,2,867
48013,4591,A05,0,A00,A0,A0,E0,0,0,2001,2,,,,,,757
48015,4591,A05,0,A00,A0,A0,E0,0,0,2001,2,,,0,0,,610
48019,4591,A05,0,A00,A0,A0,E0,0,0,2001,2,,,0,0,,937
48021,4591,A05,0,A00,A0,A0,E0,0,0,2001,2,,,,,,602
48025,4591,A05,0,A00,A0,A0,E0,0,0,2001,2,,,0,0,,984
48027,4591,A05,0,A00,A0,A0,E0,0,0,2001,2,159,170,61,51,11,928
48029,4591,A05,0,A00,A0,A0,E0,0,0,2001,2,1798,1784,502,515,-14,1223
48031,4591,A05,0,A00,A0,A0,E0,0,0,2001,2,,,,,,758
48035,4591,A05,0,A00,A0,A0,E0,0,0,2001,2,,,,,,1087
48037,4591,A05,0,A00,A0,A0,E0,0,0,2001,2,74,73,27,28,-1,992
48039,4591,A05,0,A00,A0,A0,E0,0,0,2001,2,58,69,28,18,10,1341
48041,4591,A05,0,A00,A0,A0,E0,0,0,2001,2,172,180,54,47,7,847
48049,4591,A05,0,A00,A0,A0,E0,0,0,2001,2,8,10,3,,2,573
48053,4591,A05,0,A00,A0,A0,E0,0,0,2001,2,15,15,19,19,0,629
48057,4591,A05,0,A00,A0,A0,E0,0,0,2001,2,,,0,0,,749
48059,4591,A05,0,A00,A0,A0,E0,0,0,2001,2,,,0,0,,307
48061,4591,A05,0,A00,A0,A0,E0,0,0,2001,2,380,388,108,100,8,1066
48067,4591,A05,0,A00,A0,A0,E0,0,0,2001,2,,,,0,,1055
48069,4591,A05,0,A00,A0,A0,E0,0,0,2001,2,,,,,,1535
48073,4591,A05,0,A00,A0,A0,E0,0,0,2001,2,,,,0,,539
48075,4591,A05,0,A00,A0,A0,E0,0,0,2001,2,,,,,,566
48085,4591,A05,0,A00,A0,A0,E0,0,0,2001,2,873,980,383,276,107,1307
48089,4591,A05,0,A00,A0,A0,E0,0,0,2001,2,,,0,0,,800
48091,4591,A05,0,A00,A0,A0,E0,0,0,2001,2,59,57,13,15,-2,1456
48093,4591,A05,0,A00,A0,A0,E0,0,0,2001,2,,,0,0,,1354
48097,4591,A05,0,A00,A0,A0,E0,0,0,2001,2,12,10,2,4,-2,773
48099,4591,A05,0,A00,A0,A0,E0,0,0,2001,2,6,6,0,,0,1237
48107,4591,A05,0,A00,A0,A0,E0,0,0,2001,2,,,0,0,,531
48113,4591,A05,0,A00,A0,A0,E0,0,0,2001,2,5661,5799,1475,1336,138,2161
48115,4591,A05,0,A00,A0,A0,E0,0,0,2001,2,,,0,,,429
48121,4591,A05,0,A00,A0,A0,E0,0,0,2001,2,557,516,127,168,-41,1229
48123,4591,A05,0,A00,A0,A0,E0,0,0,2001,2,,,,,,592
48129,4591,A05,0,A00,A0,A0,E0,0,0,2001,2,,,,,,1212
48133,4591,A05,0,A00,A0,A0,E0,0,0,2001,2,0,,,,,
48135,4591,A05,0,A00,A0,A0,E0,0,0,2001,2,191,179,48,60,-12,1211
48139,4591,A05,0,A00,A0,A0,E0,0,0,2001,2,183,253,79,9,69,1610
48141,4591,A05,0,A00,A0,A0,E0,0,0,2001,2,893,840,261,315,-54,1474
48143,4591,A05,0,A00,A0,A0,E0,0,0,2001,2,9,10,,0,1,746
48153,4591,A05,0,A00,A0,A0,E0,0,0,2001,2,,,0,0,,825
48157,4591,A05,0,A00,A0,A0,E0,0,0,2001,2,376,386,108,97,10,1270
48163,4591,A05,0,A00,A0,A0,E0,0,0,2001,2,,,,,,446
48165,4591,A05,0,A00,A0,A0,E0,0,0,2001,2,,,0,,,237
48167,4591,A05,0,A00,A0,A0,E0,0,0,2001,2,177,104,61,134,-73,865
48171,4591,A05,0,A00,A0,A0,E0,0,0,2001,2,8,7,4,5,-1,846
48177,4591,A05,0,A00,A0,A0,E0,0,0,2001,2,,0,0,,,312
48179,4591,A05,0,A00,A0,A0,E0,0,0,2001,2,33,45,19,6,13,688
48181,4591,A05,0,A00,A0,A0,E0,0,0,2001,2,94,93,35,36,-1,1059
48183,4591,A05,0,A00,A0,A0,E0,0,0,2001,2,210,241,95,64,31,1190
48187,4591,A05,0,A00,A0,A0,E0,0,0,2001,2,35,32,3,5,-2,1715
48189,4591,A05,0,A00,A0,A0,E0,0,0,2001,2,14,15,5,4,1,674
48191,4591,A05,0,A00,A0,A0,E0,0,0,2001,2,,,0,0,,468
48201,4591,A05,0,A00,A0,A0,E0,0,0,2001,2,4999,4808,1240,1431,-191,2274
48203,4591,A05,0,A00,A0,A0,E0,0,0,2001,2,59,59,9,9,0,1321
48207,4591,A05,0,A00,A0,A0,E0,0,0,2001,2,,,0,0,,640
48209,4591,A05,0,A00,A0,A0,E0,0,0,2001,2,168,162,21,27,-7,4463
48213,4591,A05,0,A00,A0,A0,E0,0,0,2001,2,9,9,5,5,0,1963
48215,4591,A05,0,A00,A0,A0,E0,0,0,2001,2,478,440,96,134,-38,1228
48217,4591,A05,0,A00,A0,A0,E0,0,0,2001,2,23,22,10,11,-1,812
48219,4591,A05,0,A00,A0,A0,E0,0,0,2001,2,6,7,,,1,708
48221,4591,A05,0,A00,A0,A0,E0,0,0,2001,2,7,10,8,5,3,730
48223,4591,A05,0,A00,A0,A0,E0,0,0,2001,2,34,33,4,5,-1,886
48225,4591,A05,0,A00,A0,A0,E0,0,0,2001,2,,,,,,2268
48227,4591,A05,0,A00,A0,A0,E0,0,0,2001,2,15,14,11,12,-1,792
48231,4591,A05,0,A00,A0,A0,E0,0,0,2001,2,28,25,6,9,-3,1476
48233,4591,A05,0,A00,A0,A0,E0,0,0,2001,2,0,,,0,,
48241,4591,A05,0,A00,A0,A0,E0,0,0,2001,2,8,7,5,6,-1,348
48245,4591,A05,0,A00,A0,A0,E0,0,0,2001,2,258,260,83,81,2,1391
48249,4591,A05,0,A00,A0,A0,E0,0,0,2001,2,,,,,,358
48251,4591,A05,0,A00,A0,A0,E0,0,0,2001,2,52,54,16,13,2,999
48257,4591,A05,0,A00,A0,A0,E0,0,0,2001,2,8,9,5,4,1,3437
48259,4591,A05,0,A00,A0,A0,E0,0,0,2001,2,,,,,,2071
48265,4591,A05,0,A00,A0,A0,E0,0,0,2001,2,29,33,13,10,4,1024
48273,4591,A05,0,A00,A0,A0,E0,0,0,2001,2,,,,,,597
48277,4591,A05,0,A00,A0,A0,E0,0,0,2001,2,27,27,5,5,0,1255
48279,4591,A05,0,A00,A0,A0,E0,0,0,2001,2,,,,,,775
48287,4591,A05,0,A00,A0,A0,E0,0,0,2001,2,,,0,,,2669
48289,4591,A05,0,A00,A0,A0,E0,0,0,2001,2,,,0,0,,3428
48293,4591,A05,0,A00,A0,A0,E0,0,0,2001,2,,,0,0,,1491
48297,4591,A05,0,A00,A0,A0,E0,0,0,2001,2,,,0,,,759
48299,4591,A05,0,A00,A0,A0,E0,0,0,2001,2,,,,,,420
48303,4591,A05,0,A00,A0,A0,E0,0,0,2001,2,462,464,108,106,2,1341
48305,4591,A05,0,A00,A0,A0,E0,0,0,2001,2,,,,,,817
48307,4591,A05,0,A00,A0,A0,E0,0,0,2001,2,,,,0,,688
48309,4591,A05,0,A00,A0,A0,E0,0,0,2001,2,213,205,50,58,-8,1274
48321,4591,A05,0,A00,A0,A0,E0,0,0,2001,2,14,15,,0,1,1001
48323,4591,A05,0,A00,A0,A0,E0,0,0,2001,2,16,16,3,3,0,1113
48327,4591,A05,0,A00,A0,A0,E0,0,0,2001,2,,,0,,,707
48329,4591,A05,0,A00,A0,A0,E0,0,0,2001,2,174,168,55,61,-6,779
48331,4591,A05,0,A00,A0,A0,E0,0,0,2001,2,,,0,,,450
48339,4591,A05,0,A00,A0,A0,E0,0,0,2001,2,244,252,87,79,8,1217
48341,4591,A05,0,A00,A0,A0,E0,0,0,2001,2,,,,,,525
48347,4591,A05,0,A00,A0,A0,E0,0,0,2001,2,67,62,9,14,-5,910
48349,4591,A05,0,A00,A0,A0,E0,0,0,2001,2,,,,,,1003
48355,4591,A05,0,A00,A0,A0,E0,0,0,2001,2,464,491,109,82,27,1567
48357,4591,A05,0,A00,A0,A0,E0,0,0,2001,2,,0,0,,,330
48361,4591,A05,0,A00,A0,A0,E0,0,0,2001,2,26,32,14,8,6,1456
48363,4591,A05,0,A00,A0,A0,E0,0,0,2001,2,,6,7,3,3,1227
48365,4591,A05,0,A00,A0,A0,E0,0,0,2001,2,,,,0,,452
48367,4591,A05,0,A00,A0,A0,E0,0,0,2001,2,14,19,13,8,5,1445
48371,4591,A05,0,A00,A0,A0,E0,0,0,2001,2,31,31,15,15,0,1415
48375,4591,A05,0,A00,A0,A0,E0,0,0,2001,2,268,272,80,76,4,1336
48379,4591,A05,0,A00,A0,A0,E0,0,0,2001,2,,,,0,,622
48381,4591,A05,0,A00,A0,A0,E0,0,0,2001,2,117,113,43,47,-4,941
48387,4591,A05,0,A00,A0,A0,E0,0,0,2001,2,,,,,,2074
48397,4591,A05,0,A00,A0,A0,E0,0,0,2001,2,,,,,,890
48399,4591,A05,0,A00,A0,A0,E0,0,0,2001,2,,,0,0,,90
48401,4591,A05,0,A00,A0,A0,E0,0,0,2001,2,,,,,,2398
48409,4591,A05,0,A00,A0,A0,E0,0,0,2001,2,12,16,8,4,4,954
48411,4591,A05,0,A00,A0,A0,E0,0,0,2001,2,,,,,,584
48415,4591,A05,0,A00,A0,A0,E0,0,0,2001,2,,,0,0,,1204
48423,4591,A05,0,A00,A0,A0,E0,0,0,2001,2,251,253,76,74,1,1303
48425,4591,A05,0,A00,A0,A0,E0,0,0,2001,2,,,0,0,,426
48427,4591,A05,0,A00,A0,A0,E0,0,0,2001,2,15,16,3,,1,550
48437,4591,A05,0,A00,A0,A0,E0,0,0,2001,2,,,,0,,1629
48439,4591,A05,0,A00,A0,A0,E0,0,0,2001,2,2230,2201,550,579,-29,1498
48441,4591,A05,0,A00,A0,A0,E0,0,0,2001,2,173,168,37,42,-5,1020
48449,4591,A05,0,A00,A0,A0,E0,0,0,2001,2,,,,0,,670
48451,4591,A05,0,A00,A0,A0,E0,0,0,2001,2,124,121,34,37,-3,1071
48453,4591,A05,0,A00,A0,A0,E0,0,0,2001,2,1461,1414,386,433,-47,1596
48459,4591,A05,0,A00,A0,A0,E0,0,0,2001,2,,,,,,235
48461,4591,A05,0,A00,A0,A0,E0,0,0,2001,2,,,0,0,,564
48465,4591,A05,0,A00,A0,A0,E0,0,0,2001,2,16,14,3,5,-2,678
48467,4591,A05,0,A00,A0,A0,E0,0,0,2001,2,5,5,,,0,655
48469,4591,A05,0,A00,A0,A0,E0,0,0,2001,2,116,123,43,35,8,951
48471,4591,A05,0,A00,A0,A0,E0,0,0,2001,2,,,,,,351
48473,4591,A05,0,A00,A0,A0,E0,0,0,2001,2,,,,,,331
48475,4591,A05,0,A00,A0,A0,E0,0,0,2001,2,,,,,,1062
48477,4591,A05,0,A00,A0,A0,E0,0,0,2001,2,10,13,4,,3,358
48479,4591,A05,0,A00,A0,A0,E0,0,0,2001,2,236,247,48,37,11,1763
48481,4591,A05,0,A00,A0,A0,E0,0,0,2001,2,37,37,8,8,0,1634
48485,4591,A05,0,A00,A0,A0,E0,0,0,2001,2,150,159,45,36,9,1162
48487,4591,A05,0,A00,A0,A0,E0,0,0,2001,2,,,,0,,1254
48491,4591,A05,0,A00,A0,A0,E0,0,0,2001,2,372,370,115,117,-2,1131
48497,4591,A05,0,A00,A0,A0,E0,0,0,2001,2,,,,,,645
48499,4591,A05,0,A00,A0,A0,E0,0,0,2001,2,20,20,,,0,1358
48503,4591,A05,0,A00,A0,A0,E0,0,0,2001,2,,,,0,,519
48,4591,A05,0,A00,A0,A0,E0,0,0,2001,2,25949,25952,7157,7155,2,1707
48001,4591,A05,0,A00,A0,A0,E0,0,0,2001,3,,,,,,1146
48003,4591,A05,0,A00,A0,A0,E0,0,0,2001,3,,,,,,628
48005,4591,A05,0,A00,A0,A0,E0,0,0,2001,3,65,58,14,21,-7,1217
48007,4591,A05,0,A00,A0,A0,E0,0,0,2001,3,25,26,5,4,1,786
48013,4591,A05,0,A00,A0,A0,E0,0,0,2001,3,4,6,3,,2,960
48015,4591,A05,0,A00,A0,A0,E0,0,0,2001,3,,,,,,602
48019,4591,A05,0,A00,A0,A0,E0,0,0,2001,3,,0,0,,,736
48021,4591,A05,0,A00,A0,A0,E0,0,0,2001,3,,,,,,883
48025,4591,A05,0,A00,A0,A0,E0,0,0,2001,3,,,0,0,,984
48027,4591,A05,0,A00,A0,A0,E0,0,0,2001,3,170,179,70,62,9,932
48029,4591,A05,0,A00,A0,A0,E0,0,0,2001,3,1784,1799,492,477,15,1188
48031,4591,A05,0,A00,A0,A0,E0,0,0,2001,3,,,,,,655
48035,4591,A05,0,A00,A0,A0,E0,0,0,2001,3,,,,,,1046
48037,4591,A05,0,A00,A0,A0,E0,0,0,2001,3,73,82,37,28,9,1041
48039,4591,A05,0,A00,A0,A0,E0,0,0,2001,3,69,67,23,25,-2,1351
48041,4591,A05,0,A00,A0,A0,E0,0,0,2001,3,180,174,61,66,-5,862
48049,4591,A05,0,A00,A0,A0,E0,0,0,2001,3,10,6,0,5,-5,491
48053,4591,A05,0,A00,A0,A0,E0,0,0,2001,3,15,12,,4,-2,1124
48057,4591,A05,0,A00,A0,A0,E0,0,0,2001,3,,,0,,,857
48059,4591,A05,0,A00,A0,A0,E0,0,0,2001,3,,,0,0,,363
48061,4591,A05,0,A00,A0,A0,E0,0,0,2001,3,387,373,472,486,-14,1176
48067,4591,A05,0,A00,A0,A0,E0,0,0,2001,3,,,0,,,756
48069,4591,A05,0,A00,A0,A0,E0,0,0,2001,3,,,0,,,1573
48073,4591,A05,0,A00,A0,A0,E0,0,0,2001,3,,,0,0,,436
48075,4591,A05,0,A00,A0,A0,E0,0,0,2001,3,,,,,,505
48085,4591,A05,0,A00,A0,A0,E0,0,0,2001,3,980,1012,342,309,32,1258
48089,4591,A05,0,A00,A0,A0,E0,0,0,2001,3,,,0,0,,834
48091,4591,A05,0,A00,A0,A0,E0,0,0,2001,3,55,56,13,12,2,1537
48093,4591,A05,0,A00,A0,A0,E0,0,0,2001,3,,,0,0,,1354
48097,4591,A05,0,A00,A0,A0,E0,0,0,2001,3,10,10,4,4,0,875
48099,4591,A05,0,A00,A0,A0,E0,0,0,2001,3,6,10,7,,4,1371
48107,4591,A05,0,A00,A0,A0,E0,0,0,2001,3,,,0,0,,614
48113,4591,A05,0,A00,A0,A0,E0,0,0,2001,3,5159,5154,1450,1454,-5,2039
48115,4591,A05,0,A00,A0,A0,E0,0,0,2001,3,,,0,0,,398
48121,4591,A05,0,A00,A0,A0,E0,0,0,2001,3,516,517,160,159,1,1337
48123,4591,A05,0,A00,A0,A0,E0,0,0,2001,3,,,,,,562
48129,4591,A05,0,A00,A0,A0,E0,0,0,2001,3,,,0,,,517
48133,4591,A05,0,A00,A0,A0,E0,0,0,2001,3,,,,0,,996
48135,4591,A05,0,A00,A0,A0,E0,0,0,2001,3,179,179,52,53,-1,1264
48139,4591,A05,0,A00,A0,A0,E0,0,0,2001,3,252,289,133,95,37,1344
48141,4591,A05,0,A00,A0,A0,E0,0,0,2001,3,839,842,272,269,3,2469
48143,4591,A05,0,A00,A0,A0,E0,0,0,2001,3,10,11,,,1,677
48153,4591,A05,0,A00,A0,A0,E0,0,0,2001,3,,,,,,784
48157,4591,A05,0,A00,A0,A0,E0,0,0,2001,3,386,389,123,120,3,1219
48163,4591,A05,0,A00,A0,A0,E0,0,0,2001,3,,,,,,432
48165,4591,A05,0,A00,A0,A0,E0,0,0,2001,3,,,,,,314
48167,4591,A05,0,A00,A0,A0,E0,0,0,2001,3,104,95,40,49,-10,1053
48171,4591,A05,0,A00,A0,A0,E0,0,0,2001,3,8,7,3,4,-1,864
48177,4591,A05,0,A00,A0,A0,E0,0,0,2001,3,0,0,,,0,
48179,4591,A05,0,A00,A0,A0,E0,0,0,2001,3,45,41,14,19,-4,586
48181,4591,A05,0,A00,A0,A0,E0,0,0,2001,3,93,95,30,29,2,1027
48183,4591,A05,0,A00,A0,A0,E0,0,0,2001,3,241,214,104,130,-27,1136
48187,4591,A05,0,A00,A0,A0,E0,0,0,2001,3,34,31,4,6,-2,1495
48189,4591,A05,0,A00,A0,A0,E0,0,0,2001,3,15,15,5,5,0,529
48191,4591,A05,0,A00,A0,A0,E0,0,0,2001,3,,,,,,351
48201,4591,A05,0,A00,A0,A0,E0,0,0,2001,3,4805,4737,1463,1531,-68,1660
48203,4591,A05,0,A00,A0,A0,E0,0,0,2001,3,59,58,10,12,-1,1394
48207,4591,A05,0,A00,A0,A0,E0,0,0,2001,3,,,,,,647
48209,4591,A05,0,A00,A0,A0,E0,0,0,2001,3,160,177,46,30,16,6528
48213,4591,A05,0,A00,A0,A0,E0,0,0,2001,3,9,,5,11,-7,687
48215,4591,A05,0,A00,A0,A0,E0,0,0,2001,3,439,458,133,114,19,1232
48217,4591,A05,0,A00,A0,A0,E0,0,0,2001,3,22,18,5,9,-4,962
48219,4591,A05,0,A00,A0,A0,E0,0,0,2001,3,7,6,,4,-1,958
48221,4591,A05,0,A00,A0,A0,E0,0,0,2001,3,10,14,8,4,4,593
48223,4591,A05,0,A00,A0,A0,E0,0,0,2001,3,33,35,10,8,2,978
48225,4591,A05,0,A00,A0,A0,E0,0,0,2001,3,,,,,,3440
48227,4591,A05,0,A00,A0,A0,E0,0,0,2001,3,14,23,23,14,9,717
48231,4591,A05,0,A00,A0,A0,E0,0,0,2001,3,25,23,5,6,-2,1289
48233,4591,A05,0,A00,A0,A0,E0,0,0,2001,3,,,0,0,,731
48241,4591,A05,0,A00,A0,A0,E0,0,0,2001,3,7,5,5,6,-1,388
48245,4591,A05,0,A00,A0,A0,E0,0,0,2001,3,260,279,92,73,19,1326
48249,4591,A05,0,A00,A0,A0,E0,0,0,2001,3,,,0,0,,730
48251,4591,A05,0,A00,A0,A0,E0,0,0,2001,3,55,57,15,13,3,1036
48257,4591,A05,0,A00,A0,A0,E0,0,0,2001,3,9,11,4,,2,2739
48259,4591,A05,0,A00,A0,A0,E0,0,0,2001,3,,,,,,1391
48265,4591,A05,0,A00,A0,A0,E0,0,0,2001,3,33,34,8,7,1,1037
48273,4591,A05,0,A00,A0,A0,E0,0,0,2001,3,,,,,,660
48277,4591,A05,0,A00,A0,A0,E0,0,0,2001,3,27,21,4,9,-6,1378
48279,4591,A05,0,A00,A0,A0,E0,0,0,2001,3,,,,,,698
48281,4591,A05,0,A00,A0,A0,E0,0,0,2001,3,0,0,,,0,
48287,4591,A05,0,A00,A0,A0,E0,0,0,2001,3,,,,0,,2653
48289,4591,A05,0,A00,A0,A0,E0,0,0,2001,3,,,0,,,2872
48293,4591,A05,0,A00,A0,A0,E0,0,0,2001,3,,,0,0,,1927
48297,4591,A05,0,A00,A0,A0,E0,0,0,2001,3,,,0,,,303
48299,4591,A05,0,A00,A0,A0,E0,0,0,2001,3,,,,,,579
48303,4591,A05,0,A00,A0,A0,E0,0,0,2001,3,464,472,134,125,9,1529
48305,4591,A05,0,A00,A0,A0,E0,0,0,2001,3,,,0,,,924
48307,4591,A05,0,A00,A0,A0,E0,0,0,2001,3,,,0,0,,546
48309,4591,A05,0,A00,A0,A0,E0,0,0,2001,3,205,214,55,47,8,1353
48313,4591,A05,0,A00,A0,A0,E0,0,0,2001,3,0,,,0,,
48321,4591,A05,0,A00,A0,A0,E0,0,0,2001,3,15,14,0,,-1,1024
48323,4591,A05,0,A00,A0,A0,E0,0,0,2001,3,16,16,,,0,1205
48327,4591,A05,0,A00,A0,A0,E0,0,0,2001,3,,,0,0,,1247
48329,4591,A05,0,A00,A0,A0,E0,0,0,2001,3,168,153,59,75,-16,775
48331,4591,A05,0,A00,A0,A0,E0,0,0,2001,3,,,,0,,708
48339,4591,A05,0,A00,A0,A0,E0,0,0,2001,3,252,256,87,84,4,1138
48341,4591,A05,0,A00,A0,A0,E0,0,0,2001,3,,,,,,465
48347,4591,A05,0,A00,A0,A0,E0,0,0,2001,3,62,63,16,15,1,980
48349,4591,A05,0,A00,A0,A0,E0,0,0,2001,3,,,,,,297
48355,4591,A05,0,A00,A0,A0,E0,0,0,2001,3,491,498,124,116,8,1454
48357,4591,A05,0,A00,A0,A0,E0,0,0,2001,3,0,,,,,
48361,4591,A05,0,A00,A0,A0,E0,0,0,2001,3,32,29,9,11,-3,1267
48363,4591,A05,0,A00,A0,A0,E0,0,0,2001,3,6,6,,,0,1081
48365,4591,A05,0,A00,A0,A0,E0,0,0,2001,3,,,,,,339
48367,4591,A05,0,A00,A0,A0,E0,0,0,2001,3,19,26,9,,7,1635
48371,4591,A05,0,A00,A0,A0,E0,0,0,2001,3,31,31,13,13,0,1263
48375,4591,A05,0,A00,A0,A0,E0,0,0,2001,3,272,274,76,74,2,1226
48379,4591,A05,0,A00,A0,A0,E0,0,0,2001,3,,,0,,,430
48381,4591,A05,0,A00,A0,A0,E0,0,0,2001,3,113,119,59,52,7,931
48387,4591,A05,0,A00,A0,A0,E0,0,0,2001,3,,,,,,791
48397,4591,A05,0,A00,A0,A0,E0,0,0,2001,3,,,,,,906
48399,4591,A05,0,A00,A0,A0,E0,0,0,2001,3,,,0,0,,34
48401,4591,A05,0,A00,A0,A0,E0,0,0,2001,3,,,,0,,1869
48409,4591,A05,0,A00,A0,A0,E0,0,0,2001,3,16,13,5,9,-3,717
48411,4591,A05,0,A00,A0,A0,E0,0,0,2001,3,,,,0,,569
48415,4591,A05,0,A00,A0,A0,E0,0,0,2001,3,,0,0,,,688
48423,4591,A05,0,A00,A0,A0,E0,0,0,2001,3,253,260,78,71,8,1323
48425,4591,A05,0,A00,A0,A0,E0,0,0,2001,3,,,0,0,,426
48427,4591,A05,0,A00,A0,A0,E0,0,0,2001,3,16,15,0,,-1,730
48437,4591,A05,0,A00,A0,A0,E0,0,0,2001,3,,,0,,,1203
48439,4591,A05,0,A00,A0,A0,E0,0,0,2001,3,2233,2311,762,684,77,1558
48441,4591,A05,0,A00,A0,A0,E0,0,0,2001,3,168,174,48,42,6,1061
48449,4591,A05,0,A00,A0,A0,E0,0,0,2001,3,,,0,,,756
48451,4591,A05,0,A00,A0,A0,E0,0,0,2001,3,121,123,39,37,2,1042
48453,4591,A05,0,A00,A0,A0,E0,0,0,2001,3,1414,1371,383,426,-43,1612
48459,4591,A05,0,A00,A0,A0,E0,0,0,2001,3,,0,,,,108
48461,4591,A05,0,A00,A0,A0,E0,0,0,2001,3,,,0,0,,658
48465,4591,A05,0,A00,A0,A0,E0,0,0,2001,3,14,15,5,4,1,745
48467,4591,A05,0,A00,A0,A0,E0,0,0,2001,3,5,7,,0,2,572
48469,4591,A05,0,A00,A0,A0,E0,0,0,2001,3,123,115,38,46,-9,918
48471,4591,A05,0,A00,A0,A0,E0,0,0,2001,3,,,,,,451
48473,4591,A05,0,A00,A0,A0,E0,0,0,2001,3,,,,,,324
48475,4591,A05,0,A00,A0,A0,E0,0,0,2001,3,,,,,,888
48477,4591,A05,0,A00,A0,A0,E0,0,0,2001,3,13,12,,3,-1,280
48479,4591,A05,0,A00,A0,A0,E0,0,0,2001,3,248,252,55,50,5,1442
48481,4591,A05,0,A00,A0,A0,E0,0,0,2001,3,37,37,10,10,0,1778
48485,4591,A05,0,A00,A0,A0,E0,0,0,2001,3,159,166,40,33,7,1026
48487,4591,A05,0,A00,A0,A0,E0,0,0,2001,3,,,,,,913
48491,4591,A05,0,A00,A0,A0,E0,0,0,2001,3,369,383,126,111,14,1185
48497,4591,A05,0,A00,A0,A0,E0,0,0,2001,3,,,0,0,,483
48499,4591,A05,0,A00,A0,A0,E0,0,0,2001,3,20,17,,6,-4,1217
48503,4591,A05,0,A00,A0,A0,E0,0,0,2001,3,,,,0,,947
48,4591,A05,0,A00,A0,A0,E0,0,0,2001,3,25339,25421,8130,8048,82,1595
48001,4591,A05,0,A00,A0,A0,E0,0,0,2001,4,,,,,,1214
48003,4591,A05,0,A00,A0,A0,E0,0,0,2001,4,,,0,0,,824
48005,4591,A05,0,A00,A0,A0,E0,0,0,2001,4,58,57,6,7,-1,1329
48007,4591,A05,0,A00,A0,A0,E0,0,0,2001,4,26,23,,4,-2,736
48013,4591,A05,0,A00,A0,A0,E0,0,0,2001,4,,,0,0,,1263
48015,4591,A05,0,A00,A0,A0,E0,0,0,2001,4,,,0,,,631
48021,4591,A05,0,A00,A0,A0,E0,0,0,2001,4,,,,,,916
48025,4591,A05,0,A00,A0,A0,E0,0,0,2001,4,,,0,0,,1136
48027,4591,A05,0,A00,A0,A0,E0,0,0,2001,4,184,208,102,78,24,1316
48029,4591,A05,0,A00,A0,A0,E0,0,0,2001,4,1803,2040,1027,790,237,1348
48031,4591,A05,0,A00,A0,A0,E0,0,0,2001,4,,,,,,1597
48037,4591,A05,0,A00,A0,A0,E0,0,0,2001,4,82,103,89,68,21,999
48039,4591,A05,0,A00,A0,A0,E0,0,0,2001,4,67,64,21,24,-3,1422
48041,4591,A05,0,A00,A0,A0,E0,0,0,2001,4,177,188,82,70,11,931
48049,4591,A05,0,A00,A0,A0,E0,0,0,2001,4,6,6,,,0,567
48053,4591,A05,0,A00,A0,A0,E0,0,0,2001,4,12,7,,8,-5,870
48057,4591,A05,0,A00,A0,A0,E0,0,0,2001,4,,,,,,600
48059,4591,A05,0,A00,A0,A0,E0,0,0,2001,4,,,0,0,,439
48061,4591,A05,0,A00,A0,A0,E0,0,0,2001,4,375,434,207,147,60,1178
48067,4591,A05,0,A00,A0,A0,E0,0,0,2001,4,,,,0,,1242
48069,4591,A05,0,A00,A0,A0,E0,0,0,2001,4,,,0,0,,2403
48073,4591,A05,0,A00,A0,A0,E0,0,0,2001,4,,,0,,,398
48075,4591,A05,0,A00,A0,A0,E0,0,0,2001,4,,,,,,1058
48085,4591,A05,0,A00,A0,A0,E0,0,0,2001,4,1018,1181,632,469,163,1311
48089,4591,A05,0,A00,A0,A0,E0,0,0,2001,4,,,,,,1160
48091,4591,A05,0,A00,A0,A0,E0,0,0,2001,4,55,53,15,17,-2,1690
48093,4591,A05,0,A00,A0,A0,E0,0,0,2001,4,,,0,0,,1354
48097,4591,A05,0,A00,A0,A0,E0,0,0,2001,4,10,11,6,5,1,861
48099,4591,A05,0,A00,A0,A0,E0,0,0,2001,4,10,15,9,3,6,1127
48107,4591,A05,0,A00,A0,A0,E0,0,0,2001,4,,0,,,,309
48113,4591,A05,0,A00,A0,A0,E0,0,0,2001,4,5023,5328,2024,1720,305,2409
48115,4591,A05,0,A00,A0,A0,E0,0,0,2001,4,,0,0,,,121
48121,4591,A05,0,A00,A0,A0,E0,0,0,2001,4,517,605,324,236,87,1356
48123,4591,A05,0,A00,A0,A0,E0,0,0,2001,4,,,0,0,,754
48129,4591,A05,0,A00,A0,A0,E0,0,0,2001,4,,,0,,,625
48133,4591,A05,0,A00,A0,A0,E0,0,0,2001,4,,,0,0,,980
48135,4591,A05,0,A00,A0,A0,E0,0,0,2001,4,179,191,77,65,12,1562
48139,4591,A05,0,A00,A0,A0,E0,0,0,2001,4,288,351,354,291,63,1455
48141,4591,A05,0,A00,A0,A0,E0,0,0,2001,4,842,1022,694,514,180,1390
48143,4591,A05,0,A00,A0,A0,E0,0,0,2001,4,11,11,5,4,0,805
48153,4591,A05,0,A00,A0,A0,E0,0,0,2001,4,,,,,,1084
48157,4591,A05,0,A00,A0,A0,E0,0,0,2001,4,385,448,224,162,62,1359
48161,4591,A05,0,A00,A0,A0,E0,0,0,2001,4,0,,,0,,
48163,4591,A05,0,A00,A0,A0,E0,0,0,2001,4,,,0,0,,425
48165,4591,A05,0,A00,A0,A0,E0,0,0,2001,4,,,,,,240
48167,4591,A05,0,A00,A0,A0,E0,0,0,2001,4,95,83,42,54,-12,1124
48171,4591,A05,0,A00,A0,A0,E0,0,0,2001,4,7,11,6,3,4,946
48177,4591,A05,0,A00,A0,A0,E0,0,0,2001,4,0,,,0,,
48179,4591,A05,0,A00,A0,A0,E0,0,0,2001,4,41,31,4,14,-10,589
48181,4591,A05,0,A00,A0,A0,E0,0,0,2001,4,95,105,61,51,10,1195
48183,4591,A05,0,A00,A0,A0,E0,0,0,2001,4,214,246,118,86,32,1440
48187,4591,A05,0,A00,A0,A0,E0,0,0,2001,4,22,21,4,4,-1,2036
48189,4591,A05,0,A00,A0,A0,E0,0,0,2001,4,15,12,,6,-3,587
48191,4591,A05,0,A00,A0,A0,E0,0,0,2001,4,,0,0,,,67
48201,4591,A05,0,A00,A0,A0,E0,0,0,2001,4,4726,5133,2563,2155,408,1675
48203,4591,A05,0,A00,A0,A0,E0,0,0,2001,4,58,59,13,12,1,1715
48207,4591,A05,0,A00,A0,A0,E0,0,0,2001,4,,,,,,780
48209,4591,A05,0,A00,A0,A0,E0,0,0,2001,4,188,174,42,56,-14,12255
48213,4591,A05,0,A00,A0,A0,E0,0,0,2001,4,,,0,0,,1508
48215,4591,A05,0,A00,A0,A0,E0,0,0,2001,4,458,541,333,250,83,1314
48217,4591,A05,0,A00,A0,A0,E0,0,0,2001,4,18,21,14,11,3,881
48219,4591,A05,0,A00,A0,A0,E0,0,0,2001,4,6,7,6,5,1,609
48221,4591,A05,0,A00,A0,A0,E0,0,0,2001,4,14,10,3,7,-4,500
48223,4591,A05,0,A00,A0,A0,E0,0,0,2001,4,35,33,6,7,-1,890
48227,4591,A05,0,A00,A0,A0,E0,0,0,2001,4,18,24,22,16,6,561
48231,4591,A05,0,A00,A0,A0,E0,0,0,2001,4,23,17,,8,-6,1177
48233,4591,A05,0,A00,A0,A0,E0,0,0,2001,4,,,0,0,,565
48241,4591,A05,0,A00,A0,A0,E0,0,0,2001,4,5,5,3,3,0,396
48245,4591,A05,0,A00,A0,A0,E0,0,0,2001,4,279,314,158,123,35,1293
48249,4591,A05,0,A00,A0,A0,E0,0,0,2001,4,,,0,0,,730
48251,4591,A05,0,A00,A0,A0,E0,0,0,2001,4,57,65,29,21,8,1139
48257,4591,A05,0,A00,A0,A0,E0,0,0,2001,4,11,17,11,5,6,2713
48259,4591,A05,0,A00,A0,A0,E0,0,0,2001,4,,,,,,1869
48265,4591,A05,0,A00,A0,A0,E0,0,0,2001,4,34,37,17,13,3,1070
48273,4591,A05,0,A00,A0,A0,E0,0,0,2001,4,,0,0,,,731
48277,4591,A05,0,A00,A0,A0,E0,0,0,2001,4,24,30,11,6,6,2027
48287,4591,A05,0,A00,A0,A0,E0,0,0,2001,4,,,0,0,,1566
48289,4591,A05,0,A00,A0,A0,E0,0,0,2001,4,,,0,0,,2038
48293,4591,A05,0,A00,A0,A0,E0,0,0,2001,4,,,0,0,,1645
48297,4591,A05,0,A00,A0,A0,E0,0,0,2001,4,,,,,,657
48299,4591,A05,0,A00,A0,A0,E0,0,0,2001,4,,,,,,769
48303,4591,A05,0,A00,A0,A0,E0,0,0,2001,4,472,490,192,175,17,1400
48305,4591,A05,0,A00,A0,A0,E0,0,0,2001,4,,,,0,,1061
48307,4591,A05,0,A00,A0,A0,E0,0,0,2001,4,,,0,0,,481
48309,4591,A05,0,A00,A0,A0,E0,0,0,2001,4,205,227,89,67,22,1392
48313,4591,A05,0,A00,A0,A0,E0,0,0,2001,4,,,0,0,,617
48321,4591,A05,0,A00,A0,A0,E0,0,0,2001,4,14,14,0,0,0,1069
48323,4591,A05,0,A00,A0,A0,E0,0,0,2001,4,16,22,11,5,6,1221
48327,4591,A05,0,A00,A0,A0,E0,0,0,2001,4,,,,,,1348
48329,4591,A05,0,A00,A0,A0,E0,0,0,2001,4,154,178,100,75,25,951
48331,4591,A05,0,A00,A0,A0,E0,0,0,2001,4,,,,,,344
48339,4591,A05,0,A00,A0,A0,E0,0,0,2001,4,265,314,164,115,49,1370
48341,4591,A05,0,A00,A0,A0,E0,0,0,2001,4,,,,,,473
48347,4591,A05,0,A00,A0,A0,E0,0,0,2001,4,63,63,18,19,0,980
48349,4591,A05,0,A00,A0,A0,E0,0,0,2001,4,,,,,,1588
48355,4591,A05,0,A00,A0,A0,E0,0,0,2001,4,521,551,167,137,30,1635
48357,4591,A05,0,A00,A0,A0,E0,0,0,2001,4,,,,,,521
48361,4591,A05,0,A00,A0,A0,E0,0,0,2001,4,29,34,19,14,4,1633
48363,4591,A05,0,A00,A0,A0,E0,0,0,2001,4,6,,,5,-4,798
48365,4591,A05,0,A00,A0,A0,E0,0,0,2001,4,,,,,,432
48367,4591,A05,0,A00,A0,A0,E0,0,0,2001,4,23,22,8,9,-1,1346
48369,4591,A05,0,A00,A0,A0,E0,0,0,2001,4,0,,,0,,
48371,4591,A05,0,A00,A0,A0,E0,0,0,2001,4,31,32,10,10,1,1391
48375,4591,A05,0,A00,A0,A0,E0,0,0,2001,4,277,299,183,161,22,1335
48379,4591,A05,0,A00,A0,A0,E0,0,0,2001,4,,,0,0,,950
48381,4591,A05,0,A00,A0,A0,E0,0,0,2001,4,117,113,44,48,-4,962
48387,4591,A05,0,A00,A0,A0,E0,0,0,2001,4,,,0,,,747
48397,4591,A05,0,A00,A0,A0,E0,0,0,2001,4,,,,,,1050
48399,4591,A05,0,A00,A0,A0,E0,0,0,2001,4,,,0,0,,87
48401,4591,A05,0,A00,A0,A0,E0,0,0,2001,4,,,0,0,,1251
48409,4591,A05,0,A00,A0,A0,E0,0,0,2001,4,13,10,,3,-3,1084
48411,4591,A05,0,A00,A0,A0,E0,0,0,2001,4,,,0,,,547
48423,4591,A05,0,A00,A0,A0,E0,0,0,2001,4,260,277,114,97,17,1468
48425,4591,A05,0,A00,A0,A0,E0,0,0,2001,4,,,0,0,,426
48427,4591,A05,0,A00,A0,A0,E0,0,0,2001,4,15,13,0,,-2,684
48437,4591,A05,0,A00,A0,A0,E0,0,0,2001,4,,,0,0,,1602
48439,4591,A05,0,A00,A0,A0,E0,0,0,2001,4,2425,2756,1329,998,331,1735
48441,4591,A05,0,A00,A0,A0,E0,0,0,2001,4,174,182,66,58,8,1120
48449,4591,A05,0,A00,A0,A0,E0,0,0,2001,4,,,0,0,,1002
48451,4591,A05,0,A00,A0,A0,E0,0,0,2001,4,123,138,72,58,15,1259
48453,4591,A05,0,A00,A0,A0,E0,0,0,2001,4,1379,1445,562,496,66,1452
48461,4591,A05,0,A00,A0,A0,E0,0,0,2001,4,,,0,0,,564
48465,4591,A05,0,A00,A0,A0,E0,0,0,2001,4,15,14,4,5,-1,797
48467,4591,A05,0,A00,A0,A0,E0,0,0,2001,4,7,7,,,0,597
48469,4591,A05,0,A00,A0,A0,E0,0,0,2001,4,109,127,70,53,17,980
48471,4591,A05,0,A00,A0,A0,E0,0,0,2001,4,3,5,5,4,2,335
48473,4591,A05,0,A00,A0,A0,E0,0,0,2001,4,,,,,,271
48475,4591,A05,0,A00,A0,A0,E0,0,0,2001,4,,,,0,,1107
48477,4591,A05,0,A00,A0,A0,E0,0,0,2001,4,12,15,3,0,3,311
48479,4591,A05,0,A00,A0,A0,E0,0,0,2001,4,252,294,132,90,41,1941
48481,4591,A05,0,A00,A0,A0,E0,0,0,2001,4,42,43,6,5,1,1780
48485,4591,A05,0,A00,A0,A0,E0,0,0,2001,4,166,169,64,61,3,1209
48487,4591,A05,0,A00,A0,A0,E0,0,0,2001,4,,,,,,1406
48491,4591,A05,0,A00,A0,A0,E0,0,0,2001,4,385,447,231,168,63,1323
48497,4591,A05,0,A00,A0,A0,E0,0,0,2001,4,,,0,,,634
48499,4591,A05,0,A00,A0,A0,E0,0,0,2001,4,17,19,6,4,2,1389
48503,4591,A05,0,A00,A0,A0,E0,0,0,2001,4,,,0,,,729
48,4591,A05,0,A00,A0,A0,E0,0,0,2001,4,25406,27899,13114,10621,2493,1747
48001,4591,A05,0,A00,A0,A0,E0,0,0,2002,1,,,0,0,,1075
48003,4591,A05,0,A00,A0,A0,E0,0,0,2002,1,,,,0,,791
48005,4591,A05,0,A00,A0,A0,E0,0,0,2002,1,57,60,30,27,2,1357
48007,4591,A05,0,A00,A0,A0,E0,0,0,2002,1,23,17,6,12,-6,582
48013,4591,A05,0,A00,A0,A0,E0,0,0,2002,1,,,0,0,,1340
48015,4591,A05,0,A00,A0,A0,E0,0,0,2002,1,,,0,0,,606
48021,4591,A05,0,A00,A0,A0,E0,0,0,2002,1,,,,,,680
48025,4591,A05,0,A00,A0,A0,E0,0,0,2002,1,,,0,0,,1136
48027,4591,A05,0,A00,A0,A0,E0,0,0,2002,1,224,196,54,81,-28,864
48029,4591,A05,0,A00,A0,A0,E0,0,0,2002,1,2043,1643,307,707,-400,1015
48031,4591,A05,0,A00,A0,A0,E0,0,0,2002,1,,,,,,1749
48037,4591,A05,0,A00,A0,A0,E0,0,0,2002,1,103,72,13,43,-31,813
48039,4591,A05,0,A00,A0,A0,E0,0,0,2002,1,71,73,17,15,2,1229
48041,4591,A05,0,A00,A0,A0,E0,0,0,2002,1,189,167,35,57,-22,804
48043,4591,A05,0,A00,A0,A0,E0,0,0,2002,1,0,,,0,,
48049,4591,A05,0,A00,A0,A0,E0,0,0,2002,1,6,6,,0,1,589
48053,4591,A05,0,A00,A0,A0,E0,0,0,2002,1,5,7,4,,2,2091
48057,4591,A05,0,A00,A0,A0,E0,0,0,2002,1,,,,,,525
48059,4591,A05,0,A00,A0,A0,E0,0,0,2002,1,,,0,0,,381
48061,4591,A05,0,A00,A0,A0,E0,0,0,2002,1,440,373,424,492,-68,924
48067,4591,A05,0,A00,A0,A0,E0,0,0,2002,1,,,,,,1162
48069,4591,A05,0,A00,A0,A0,E0,0,0,2002,1,,,0,,,1082
48073,4591,A05,0,A00,A0,A0,E0,0,0,2002,1,10,10,0,0,0,1542
48075,4591,A05,0,A00,A0,A0,E0,0,0,2002,1,,,,0,,977
48085,4591,A05,0,A00,A0,A0,E0,0,0,2002,1,1173,977,169,364,-195,1114
48089,4591,A05,0,A00,A0,A0,E0,0,0,2002,1,,,,,,750
48091,4591,A05,0,A00,A0,A0,E0,0,0,2002,1,56,58,13,10,3,1473
48093,4591,A05,0,A00,A0,A0,E0,0,0,2002,1,,,0,0,,1354
48097,4591,A05,0,A00,A0,A0,E0,0,0,2002,1,11,10,,,-2,829
48099,4591,A05,0,A00,A0,A0,E0,0,0,2002,1,9,7,0,,-2,613
48113,4591,A05,0,A00,A0,A0,E0,0,0,2002,1,5571,5064,832,1339,-507,2154
48121,4591,A05,0,A00,A0,A0,E0,0,0,2002,1,608,523,100,185,-85,1132
48123,4591,A05,0,A00,A0,A0,E0,0,0,2002,1,,,,,,633
48129,4591,A05,0,A00,A0,A0,E0,0,0,2002,1,,,0,0,,1212
48133,4591,A05,0,A00,A0,A0,E0,0,0,2002,1,,,0,0,,589
48135,4591,A05,0,A00,A0,A0,E0,0,0,2002,1,190,177,36,49,-13,1428
48139,4591,A05,0,A00,A0,A0,E0,0,0,2002,1,347,223,13,137,-125,964
48141,4591,A05,0,A00,A0,A0,E0,0,0,2002,1,1020,832,161,349,-188,971
48143,4591,A05,0,A00,A0,A0,E0,0,0,2002,1,11,11,3,3,0,631
48149,4591,A05,0,A00,A0,A0,E0,0,0,2002,1,0,,,,,
48153,4591,A05,0,A00,A0,A0,E0,0,0,2002,1,,,,,,669
48157,4591,A05,0,A00,A0,A0,E0,0,0,2002,1,464,407,82,138,-57,1013
48161,4591,A05,0,A00,A0,A0,E0,0,0,2002,1,,,0,0,,342
48163,4591,A05,0,A00,A0,A0,E0,0,0,2002,1,,,0,0,,430
48165,4591,A05,0,A00,A0,A0,E0,0,0,2002,1,,,,,,112
48167,4591,A05,0,A00,A0,A0,E0,0,0,2002,1,83,100,48,31,17,1280
48171,4591,A05,0,A00,A0,A0,E0,0,0,2002,1,7,7,,,0,437
48177,4591,A05,0,A00,A0,A0,E0,0,0,2002,1,,,0,0,,308
48179,4591,A05,0,A00,A0,A0,E0,0,0,2002,1,31,36,8,,5,653
48181,4591,A05,0,A00,A0,A0,E0,0,0,2002,1,102,87,20,35,-15,939
48183,4591,A05,0,A00,A0,A0,E0,0,0,2002,1,245,213,40,73,-32,1120
48187,4591,A05,0,A00,A0,A0,E0,0,0,2002,1,20,20,,,0,1676
48189,4591,A05,0,A00,A0,A0,E0,0,0,2002,1,12,12,,,0,669
48201,4591,A05,0,A00,A0,A0,E0,0,0,2002,1,5096,4297,878,1677,-800,1242
48203,4591,A05,0,A00,A0,A0,E0,0,0,2002,1,59,61,13,10,3,1366
48207,4591,A05,0,A00,A0,A0,E0,0,0,2002,1,,,,,,441
48209,4591,A05,0,A00,A0,A0,E0,0,0,2002,1,101,98,28,31,-3,1431
48213,4591,A05,0,A00,A0,A0,E0,0,0,2002,1,,4,,0,2,1187
48215,4591,A05,0,A00,A0,A0,E0,0,0,2002,1,542,449,61,154,-93,1021
48217,4591,A05,0,A00,A0,A0,E0,0,0,2002,1,21,11,,11,-10,799
48219,4591,A05,0,A00,A0,A0,E0,0,0,2002,1,7,7,6,6,0,766
48221,4591,A05,0,A00,A0,A0,E0,0,0,2002,1,10,10,,,0,676
48223,4591,A05,0,A00,A0,A0,E0,0,0,2002,1,33,34,5,5,0,927
48227,4591,A05,0,A00,A0,A0,E0,0,0,2002,1,24,22,13,15,-2,482
48231,4591,A05,0,A00,A0,A0,E0,0,0,2002,1,17,15,,4,-2,1219
48233,4591,A05,0,A00,A0,A0,E0,0,0,2002,1,,,0,,,527
48241,4591,A05,0,A00,A0,A0,E0,0,0,2002,1,5,8,,0,2,560
48245,4591,A05,0,A00,A0,A0,E0,0,0,2002,1,348,290,59,117,-58,988
48249,4591,A05,0,A00,A0,A0,E0,0,0,2002,1,,,,,,730
48251,4591,A05,0,A00,A0,A0,E0,0,0,2002,1,65,59,12,18,-7,897
48257,4591,A05,0,A00,A0,A0,E0,0,0,2002,1,17,14,,5,-3,1690
48259,4591,A05,0,A00,A0,A0,E0,0,0,2002,1,,,,,,2083
48265,4591,A05,0,A00,A0,A0,E0,0,0,2002,1,37,32,4,9,-5,1070
48273,4591,A05,0,A00,A0,A0,E0,0,0,2002,1,0,,,,,
48277,4591,A05,0,A00,A0,A0,E0,0,0,2002,1,31,33,8,7,2,1372
48287,4591,A05,0,A00,A0,A0,E0,0,0,2002,1,,,,0,,1491
48289,4591,A05,0,A00,A0,A0,E0,0,0,2002,1,,,0,0,,2123
48293,4591,A05,0,A00,A0,A0,E0,0,0,2002,1,,,0,0,,1313
48297,4591,A05,0,A00,A0,A0,E0,0,0,2002,1,,,,,,1047
48299,4591,A05,0,A00,A0,A0,E0,0,0,2002,1,,,,,,961
48303,4591,A05,0,A00,A0,A0,E0,0,0,2002,1,484,455,77,106,-29,1262
48305,4591,A05,0,A00,A0,A0,E0,0,0,2002,1,,,0,0,,851
48307,4591,A05,0,A00,A0,A0,E0,0,0,2002,1,,,0,0,,425
48309,4591,A05,0,A00,A0,A0,E0,0,0,2002,1,227,195,30,63,-33,1192
48313,4591,A05,0,A00,A0,A0,E0,0,0,2002,1,,,0,0,,418
48321,4591,A05,0,A00,A0,A0,E0,0,0,2002,1,14,10,0,4,-4,792
48323,4591,A05,0,A00,A0,A0,E0,0,0,2002,1,22,14,,9,-8,906
48327,4591,A05,0,A00,A0,A0,E0,0,0,2002,1,,,0,,,784
48329,4591,A05,0,A00,A0,A0,E0,0,0,2002,1,183,159,35,59,-24,869
48331,4591,A05,0,A00,A0,A0,E0,0,0,2002,1,,,0,0,,612
48339,4591,A05,0,A00,A0,A0,E0,0,0,2002,1,321,287,70,104,-34,926
48341,4591,A05,0,A00,A0,A0,E0,0,0,2002,1,,,0,0,,272
48347,4591,A05,0,A00,A0,A0,E0,0,0,2002,1,63,60,14,18,-3,897
48349,4591,A05,0,A00,A0,A0,E0,0,0,2002,1,,,,,,1353
48355,4591,A05,0,A00,A0,A0,E0,0,0,2002,1,560,517,71,114,-43,1444
48357,4591,A05,0,A00,A0,A0,E0,0,0,2002,1,,,,,,212
48361,4591,A05,0,A00,A0,A0,E0,0,0,2002,1,34,38,15,11,5,1252
48363,4591,A05,0,A00,A0,A0,E0,0,0,2002,1,,,,0,,1049
48365,4591,A05,0,A00,A0,A0,E0,0,0,2002,1,,,0,0,,359
48367,4591,A05,0,A00,A0,A0,E0,0,0,2002,1,22,26,6,3,3,1234
48369,4591,A05,0,A00,A0,A0,E0,0,0,2002,1,,,,,,864
48371,4591,A05,0,A00,A0,A0,E0,0,0,2002,1,32,32,4,4,0,1317
48375,4591,A05,0,A00,A0,A0,E0,0,0,2002,1,296,217,28,106,-78,1001
48379,4591,A05,0,A00,A0,A0,E0,0,0,2002,1,,,0,0,,840
48381,4591,A05,0,A00,A0,A0,E0,0,0,2002,1,127,117,33,43,-10,1000
48387,4591,A05,0,A00,A0,A0,E0,0,0,2002,1,,,,,,817
48395,4591,A05,0,A00,A0,A0,E0,0,0,2002,1,0,0,,,0,
48397,4591,A05,0,A00,A0,A0,E0,0,0,2002,1,39,34,8,13,-5,825
48399,4591,A05,0,A00,A0,A0,E0,0,0,2002,1,,,0,0,,29
48401,4591,A05,0,A00,A0,A0,E0,0,0,2002,1,,0,0,,,583
48409,4591,A05,0,A00,A0,A0,E0,0,0,2002,1,10,14,5,,4,1000
48411,4591,A05,0,A00,A0,A0,E0,0,0,2002,1,,,,,,149
48423,4591,A05,0,A00,A0,A0,E0,0,0,2002,1,281,269,68,79,-11,1241
48425,4591,A05,0,A00,A0,A0,E0,0,0,2002,1,,,0,0,,766
48427,4591,A05,0,A00,A0,A0,E0,0,0,2002,1,13,14,,0,1,760
48437,4591,A05,0,A00,A0,A0,E0,0,0,2002,1,,,0,0,,1594
48439,4591,A05,0,A00,A0,A0,E0,0,0,2002,1,2717,2320,445,842,-397,1365
48441,4591,A05,0,A00,A0,A0,E0,0,0,2002,1,165,154,21,31,-10,1159
48449,4591,A05,0,A00,A0,A0,E0,0,0,2002,1,,,,,,984
48451,4591,A05,0,A00,A0,A0,E0,0,0,2002,1,133,136,46,43,3,1100
48453,4591,A05,0,A00,A0,A0,E0,0,0,2002,1,1438,1322,281,397,-117,1264
48461,4591,A05,0,A00,A0,A0,E0,0,0,2002,1,,,0,0,,658
48465,4591,A05,0,A00,A0,A0,E0,0,0,2002,1,14,9,,6,-5,803
48467,4591,A05,0,A00,A0,A0,E0,0,0,2002,1,7,6,0,,-1,574
48469,4591,A05,0,A00,A0,A0,E0,0,0,2002,1,127,107,14,34,-20,794
48471,4591,A05,0,A00,A0,A0,E0,0,0,2002,1,5,4,0,,-1,321
48473,4591,A05,0,A00,A0,A0,E0,0,0,2002,1,,,,,,212
48475,4591,A05,0,A00,A0,A0,E0,0,0,2002,1,,,,,,781
48477,4591,A05,0,A00,A0,A0,E0,0,0,2002,1,15,16,,,1,243
48479,4591,A05,0,A00,A0,A0,E0,0,0,2002,1,297,246,23,75,-52,1242
48481,4591,A05,0,A00,A0,A0,E0,0,0,2002,1,32,31,,,-1,1728
48485,4591,A05,0,A00,A0,A0,E0,0,0,2002,1,168,160,26,33,-8,1013
48487,4591,A05,0,A00,A0,A0,E0,0,0,2002,1,,,,0,,1382
48491,4591,A05,0,A00,A0,A0,E0,0,0,2002,1,444,376,59,127,-68,1084
48497,4591,A05,0,A00,A0,A0,E0,0,0,2002,1,,,,,,510
48499,4591,A05,0,A00,A0,A0,E0,0,0,2002,1,24,28,8,4,4,1403
48503,4591,A05,0,A00,A0,A0,E0,0,0,2002,1,,,,,,295
48,4591,A05,0,A00,A0,A0,E0,0,0,2002,1,28071,24429,4982,8624,-3642,1354
48001,4591,A05,0,A00,A0,A0,E0,0,0,2002,2,,,0,0,,1069
48003,4591,A05,0,A00,A0,A0,E0,0,0,2002,2,,,0,0,,703
48005,4591,A05,0,A00,A0,A0,E0,0,0,2002,2,62,66,21,16,5,1310
48007,4591,A05,0,A00,A0,A0,E0,0,0,2002,2,,,,,,523
48013,4591,A05,0,A00,A0,A0,E0,0,0,2002,2,,,0,0,,1279
48015,4591,A05,0,A00,A0,A0,E0,0,0,2002,2,,,,,,600
48021,4591,A05,0,A00,A0,A0,E0,0,0,2002,2,,,,,,852
48025,4591,A05,0,A00,A0,A0,E0,0,0,2002,2,,,0,0,,1230
48027,4591,A05,0,A00,A0,A0,E0,0,0,2002,2,184,175,52,61,-8,1050
48029,4591,A05,0,A00,A0,A0,E0,0,0,2002,2,1634,1617,593,609,-16,1316
48031,4591,A05,0,A00,A0,A0,E0,0,0,2002,2,,,,,,1665
48037,4591,A05,0,A00,A0,A0,E0,0,0,2002,2,79,73,37,43,-6,1262
48039,4591,A05,0,A00,A0,A0,E0,0,0,2002,2,61,67,26,20,6,1369
48041,4591,A05,0,A00,A0,A0,E0,0,0,2002,2,165,165,60,60,0,1002
48043,4591,A05,0,A00,A0,A0,E0,0,0,2002,2,,,0,0,,1444
48049,4591,A05,0,A00,A0,A0,E0,0,0,2002,2,6,7,,,1,530
48053,4591,A05,0,A00,A0,A0,E0,0,0,2002,2,7,15,12,3,9,1040
48057,4591,A05,0,A00,A0,A0,E0,0,0,2002,2,,,,,,494
48059,4591,A05,0,A00,A0,A0,E0,0,0,2002,2,,,,0,,381
48061,4591,A05,0,A00,A0,A0,E0,0,0,2002,2,368,366,156,158,-2,1165
48067,4591,A05,0,A00,A0,A0,E0,0,0,2002,2,,,,,,657
48069,4591,A05,0,A00,A0,A0,E0,0,0,2002,2,,,0,0,,1563
48073,4591,A05,0,A00,A0,A0,E0,0,0,2002,2,10,12,,0,1,1609
48075,4591,A05,0,A00,A0,A0,E0,0,0,2002,2,,,0,0,,923
48085,4591,A05,0,A00,A0,A0,E0,0,0,2002,2,964,940,287,311,-24,1305
48089,4591,A05,0,A00,A0,A0,E0,0,0,2002,2,,,0,0,,717
48091,4591,A05,0,A00,A0,A0,E0,0,0,2002,2,58,61,17,14,3,1409
48093,4591,A05,0,A00,A0,A0,E0,0,0,2002,2,,,0,0,,1354
48097,4591,A05,0,A00,A0,A0,E0,0,0,2002,2,10,9,,,-1,918
48099,4591,A05,0,A00,A0,A0,E0,0,0,2002,2,7,8,,,1,684
48107,4591,A05,0,A00,A0,A0,E0,0,0,2002,2,0,0,,,0,
48113,4591,A05,0,A00,A0,A0,E0,0,0,2002,2,5068,5154,1387,1301,86,2888
48121,4591,A05,0,A00,A0,A0,E0,0,0,2002,2,519,482,124,161,-37,1386
48123,4591,A05,0,A00,A0,A0,E0,0,0,2002,2,,,,,,760
48129,4591,A05,0,A00,A0,A0,E0,0,0,2002,2,,,0,0,,1212
48133,4591,A05,0,A00,A0,A0,E0,0,0,2002,2,,,,,,685
48135,4591,A05,0,A00,A0,A0,E0,0,0,2002,2,177,175,44,45,-1,1316
48139,4591,A05,0,A00,A0,A0,E0,0,0,2002,2,182,63,35,155,-120,1850
48141,4591,A05,0,A00,A0,A0,E0,0,0,2002,2,827,803,300,324,-25,1397
48143,4591,A05,0,A00,A0,A0,E0,0,0,2002,2,11,8,,5,-3,714
48149,4591,A05,0,A00,A0,A0,E0,0,0,2002,2,,,,0,,1892
48153,4591,A05,0,A00,A0,A0,E0,0,0,2002,2,,,,0,,904
48157,4591,A05,0,A00,A0,A0,E0,0,0,2002,2,409,383,98,124,-26,1333
48161,4591,A05,0,A00,A0,A0,E0,0,0,2002,2,,,0,0,,379
48163,4591,A05,0,A00,A0,A0,E0,0,0,2002,2,,,,,,465
48165,4591,A05,0,A00,A0,A0,E0,0,0,2002,2,,,,,,274
48167,4591,A05,0,A00,A0,A0,E0,0,0,2002,2,100,133,82,49,33,1007
48171,4591,A05,0,A00,A0,A0,E0,0,0,2002,2,7,8,,,1,692
48177,4591,A05,0,A00,A0,A0,E0,0,0,2002,2,,,0,0,,320
48179,4591,A05,0,A00,A0,A0,E0,0,0,2002,2,43,47,20,16,4,516
48181,4591,A05,0,A00,A0,A0,E0,0,0,2002,2,87,79,31,39,-7,1202
48183,4591,A05,0,A00,A0,A0,E0,0,0,2002,2,212,247,107,73,35,1304
48187,4591,A05,0,A00,A0,A0,E0,0,0,2002,2,20,19,,4,-1,1718
48189,4591,A05,0,A00,A0,A0,E0,0,0,2002,2,12,10,,3,-1,704
48191,4591,A05,0,A00,A0,A0,E0,0,0,2002,2,0,,,,,
48201,4591,A05,0,A00,A0,A0,E0,0,0,2002,2,4243,4110,1329,1462,-133,1552
48203,4591,A05,0,A00,A0,A0,E0,0,0,2002,2,61,59,16,18,-2,1285
48207,4591,A05,0,A00,A0,A0,E0,0,0,2002,2,,,,,,451
48209,4591,A05,0,A00,A0,A0,E0,0,0,2002,2,97,94,21,24,-3,1597
48213,4591,A05,0,A00,A0,A0,E0,0,0,2002,2,4,4,0,0,0,25876
48215,4591,A05,0,A00,A0,A0,E0,0,0,2002,2,443,463,173,153,20,1333
48217,4591,A05,0,A00,A0,A0,E0,0,0,2002,2,11,10,,3,-1,1130
48219,4591,A05,0,A00,A0,A0,E0,0,0,2002,2,7,7,,,0,822
48221,4591,A05,0,A00,A0,A0,E0,0,0,2002,2,10,15,8,3,5,670
48223,4591,A05,0,A00,A0,A0,E0,0,0,2002,2,34,25,10,19,-9,869
48227,4591,A05,0,A00,A0,A0,E0,0,0,2002,2,22,10,6,17,-12,424
48231,4591,A05,0,A00,A0,A0,E0,0,0,2002,2,15,15,4,4,0,1401
48233,4591,A05,0,A00,A0,A0,E0,0,0,2002,2,,,,0,,1021
48241,4591,A05,0,A00,A0,A0,E0,0,0,2002,2,8,7,3,3,0,448
48245,4591,A05,0,A00,A0,A0,E0,0,0,2002,2,286,263,79,102,-23,1491
48249,4591,A05,0,A00,A0,A0,E0,0,0,2002,2,,,,0,,840
48251,4591,A05,0,A00,A0,A0,E0,0,0,2002,2,59,60,13,11,1,963
48257,4591,A05,0,A00,A0,A0,E0,0,0,2002,2,14,15,2,,1,2206
48259,4591,A05,0,A00,A0,A0,E0,0,0,2002,2,,,,,,1983
48265,4591,A05,0,A00,A0,A0,E0,0,0,2002,2,32,37,11,6,5,1018
48273,4591,A05,0,A00,A0,A0,E0,0,0,2002,2,,,0,,,932
48277,4591,A05,0,A00,A0,A0,E0,0,0,2002,2,33,30,8,11,-3,1452
48287,4591,A05,0,A00,A0,A0,E0,0,0,2002,2,,,0,0,,2135
48289,4591,A05,0,A00,A0,A0,E0,0,0,2002,2,,,0,0,,2078
48291,4591,A05,0,A00,A0,A0,E0,0,0,2002,2,0,,,0,,
48293,4591,A05,0,A00,A0,A0,E0,0,0,2002,2,,,,0,,1322
48297,4591,A05,0,A00,A0,A0,E0,0,0,2002,2,,,0,,,720
48299,4591,A05,0,A00,A0,A0,E0,0,0,2002,2,,,,,,788
48303,4591,A05,0,A00,A0,A0,E0,0,0,2002,2,448,459,130,119,11,1388
48305,4591,A05,0,A00,A0,A0,E0,0,0,2002,2,,,,,,893
48307,4591,A05,0,A00,A0,A0,E0,0,0,2002,2,,,0,0,,309
48309,4591,A05,0,A00,A0,A0,E0,0,0,2002,2,193,182,53,64,-11,1392
48313,4591,A05,0,A00,A0,A0,E0,0,0,2002,2,,,0,0,,382
48319,4591,A05,0,A00,A0,A0,E0,0,0,2002,2,0,,,,,
48321,4591,A05,0,A00,A0,A0,E0,0,0,2002,2,10,10,,,0,804
48323,4591,A05,0,A00,A0,A0,E0,0,0,2002,2,14,15,,,0,1184
48325,4591,A05,0,A00,A0,A0,E0,0,0,2002,2,0,,,0,,
48327,4591,A05,0,A00,A0,A0,E0,0,0,2002,2,,,0,,,678
48329,4591,A05,0,A00,A0,A0,E0,0,0,2002,2,157,148,70,79,-9,982
48331,4591,A05,0,A00,A0,A0,E0,0,0,2002,2,,,,,,449
48339,4591,A05,0,A00,A0,A0,E0,0,0,2002,2,286,277,93,102,-9,1253
48341,4591,A05,0,A00,A0,A0,E0,0,0,2002,2,,,,,,398
48347,4591,A05,0,A00,A0,A0,E0,0,0,2002,2,59,54,11,16,-6,914
48349,4591,A05,0,A00,A0,A0,E0,0,0,2002,2,,,,,,985
48355,4591,A05,0,A00,A0,A0,E0,0,0,2002,2,515,499,113,129,-16,1619
48357,4591,A05,0,A00,A0,A0,E0,0,0,2002,2,,,,0,,328
48361,4591,A05,0,A00,A0,A0,E0,0,0,2002,2,38,44,26,20,6,1535
48363,4591,A05,0,A00,A0,A0,E0,0,0,2002,2,,,,,,840
48365,4591,A05,0,A00,A0,A0,E0,0,0,2002,2,,,0,0,,384
48367,4591,A05,0,A00,A0,A0,E0,0,0,2002,2,26,28,7,5,2,1344
48369,4591,A05,0,A00,A0,A0,E0,0,0,2002,2,,,0,0,,845
48371,4591,A05,0,A00,A0,A0,E0,0,0,2002,2,32,30,7,9,-2,1621
48375,4591,A05,0,A00,A0,A0,E0,0,0,2002,2,215,228,108,95,13,1524
48379,4591,A05,0,A00,A0,A0,E0,0,0,2002,2,,,0,0,,1023
48381,4591,A05,0,A00,A0,A0,E0,0,0,2002,2,110,102,26,34,-8,1077
48387,4591,A05,0,A00,A0,A0,E0,0,0,2002,2,,,,,,1245
48395,4591,A05,0,A00,A0,A0,E0,0,0,2002,2,0,,,0,,
48397,4591,A05,0,A00,A0,A0,E0,0,0,2002,2,34,37,9,5,3,886
48399,4591,A05,0,A00,A0,A0,E0,0,0,2002,2,,,0,,,84
48401,4591,A05,0,A00,A0,A0,E0,0,0,2002,2,0,,,0,,
48409,4591,A05,0,A00,A0,A0,E0,0,0,2002,2,14,14,6,7,-1,1016
48411,4591,A05,0,A00,A0,A0,E0,0,0,2002,2,,,0,0,,1125
48423,4591,A05,0,A00,A0,A0,E0,0,0,2002,2,267,259,63,71,-8,1366
48425,4591,A05,0,A00,A0,A0,E0,0,0,2002,2,,,,,,865
48427,4591,A05,0,A00,A0,A0,E0,0,0,2002,2,14,13,,,-1,587
48437,4591,A05,0,A00,A0,A0,E0,0,0,2002,2,,,,0,,1563
48439,4591,A05,0,A00,A0,A0,E0,0,0,2002,2,2310,2258,630,682,-52,1668
48441,4591,A05,0,A00,A0,A0,E0,0,0,2002,2,152,138,39,54,-15,1146
48449,4591,A05,0,A00,A0,A0,E0,0,0,2002,2,,,0,0,,869
48451,4591,A05,0,A00,A0,A0,E0,0,0,2002,2,136,132,51,55,-4,1189
48453,4591,A05,0,A00,A0,A0,E0,0,0,2002,2,1319,1303,393,409,-16,1338
48461,4591,A05,0,A00,A0,A0,E0,0,0,2002,2,,,0,0,,638
48465,4591,A05,0,A00,A0,A0,E0,0,0,2002,2,9,10,6,5,1,925
48467,4591,A05,0,A00,A0,A0,E0,0,0,2002,2,6,7,3,,1,609
48469,4591,A05,0,A00,A0,A0,E0,0,0,2002,2,106,96,34,43,-10,1061
48471,4591,A05,0,A00,A0,A0,E0,0,0,2002,2,4,3,,,-1,539
48473,4591,A05,0,A00,A0,A0,E0,0,0,2002,2,,,,,,282
48475,4591,A05,0,A00,A0,A0,E0,0,0,2002,2,,,,,,1011
48477,4591,A05,0,A00,A0,A0,E0,0,0,2002,2,16,17,,,1,301
48479,4591,A05,0,A00,A0,A0,E0,0,0,2002,2,244,229,56,72,-16,1847
48481,4591,A05,0,A00,A0,A0,E0,0,0,2002,2,31,30,,3,-1,1735
48485,4591,A05,0,A00,A0,A0,E0,0,0,2002,2,161,150,37,48,-11,1182
48487,4591,A05,0,A00,A0,A0,E0,0,0,2002,2,,,,0,,1534
48491,4591,A05,0,A00,A0,A0,E0,0,0,2002,2,368,328,91,132,-41,1231
48497,4591,A05,0,A00,A0,A0,E0,0,0,2002,2,6,8,3,,2,526
48499,4591,A05,0,A00,A0,A0,E0,0,0,2002,2,30,32,6,5,1,1360
48503,4591,A05,0,A00,A0,A0,E0,0,0,2002,2,,,,,,295
48,4591,A05,0,A00,A0,A0,E0,0,0,2002,2,24232,23849,7403,7786,-383,1724
48001,4591,A05,0,A00,A0,A0,E0,0,0,2002,3,,,0,,,1154
48003,4591,A05,0,A00,A0,A0,E0,0,0,2002,3,,0,0,,,211
48005,4591,A05,0,A00,A0,A0,E0,0,0,2002,3,68,60,32,40,-8,1106
48007,4591,A05,0,A00,A0,A0,E0,0,0,2002,3,,,,,,518
48013,4591,A05,0,A00,A0,A0,E0,0,0,2002,3,,,0,,,1253
48015,4591,A05,0,A00,A0,A0,E0,0,0,2002,3,,,,,,576
48021,4591,A05,0,A00,A0,A0,E0,0,0,2002,3,,,,,,991
48023,4591,A05,0,A00,A0,A0,E0,0,0,2002,3,0,,,0,,
48025,4591,A05,0,A00,A0,A0,E0,0,0,2002,3,,,0,0,,1325
48027,4591,A05,0,A00,A0,A0,E0,0,0,2002,3,175,175,54,53,1,1102
48029,4591,A05,0,A00,A0,A0,E0,0,0,2002,3,1617,1560,487,544,-57,1274
48037,4591,A05,0,A00,A0,A0,E0,0,0,2002,3,72,54,37,55,-18,1132
48039,4591,A05,0,A00,A0,A0,E0,0,0,2002,3,67,63,25,29,-5,1282
48041,4591,A05,0,A00,A0,A0,E0,0,0,2002,3,163,143,48,68,-20,894
48043,4591,A05,0,A00,A0,A0,E0,0,0,2002,3,,0,,,,222
48049,4591,A05,0,A00,A0,A0,E0,0,0,2002,3,7,7,4,4,0,533
48053,4591,A05,0,A00,A0,A0,E0,0,0,2002,3,15,12,5,8,-3,872
48057,4591,A05,0,A00,A0,A0,E0,0,0,2002,3,,,,,,750
48059,4591,A05,0,A00,A0,A0,E0,0,0,2002,3,4,7,7,4,3,167
48061,4591,A05,0,A00,A0,A0,E0,0,0,2002,3,364,346,401,419,-18,1220
48067,4591,A05,0,A00,A0,A0,E0,0,0,2002,3,,,,,,832
48069,4591,A05,0,A00,A0,A0,E0,0,0,2002,3,,0,0,,,525
48073,4591,A05,0,A00,A0,A0,E0,0,0,2002,3,12,13,5,3,1,1322
48075,4591,A05,0,A00,A0,A0,E0,0,0,2002,3,,,0,0,,952
48085,4591,A05,0,A00,A0,A0,E0,0,0,2002,3,931,979,413,364,48,1267
48089,4591,A05,0,A00,A0,A0,E0,0,0,2002,3,,,0,0,,795
48091,4591,A05,0,A00,A0,A0,E0,0,0,2002,3,60,88,58,31,27,1601
48093,4591,A05,0,A00,A0,A0,E0,0,0,2002,3,,,0,0,,1354
48097,4591,A05,0,A00,A0,A0,E0,0,0,2002,3,9,9,,,0,957
48099,4591,A05,0,A00,A0,A0,E0,0,0,2002,3,8,6,0,,-2,725
48107,4591,A05,0,A00,A0,A0,E0,0,0,2002,3,0,,,,,
48113,4591,A05,0,A00,A0,A0,E0,0,0,2002,3,5175,5083,1367,1459,-92,3061
48121,4591,A05,0,A00,A0,A0,E0,0,0,2002,3,476,457,126,145,-19,1355
48123,4591,A05,0,A00,A0,A0,E0,0,0,2002,3,,,,,,1068
48129,4591,A05,0,A00,A0,A0,E0,0,0,2002,3,,,0,0,,1212
48135,4591,A05,0,A00,A0,A0,E0,0,0,2002,3,175,175,41,41,0,1395
48139,4591,A05,0,A00,A0,A0,E0,0,0,2002,3,23,25,7,5,2,2165
48141,4591,A05,0,A00,A0,A0,E0,0,0,2002,3,800,762,294,332,-38,1207
48143,4591,A05,0,A00,A0,A0,E0,0,0,2002,3,8,11,5,,3,903
48149,4591,A05,0,A00,A0,A0,E0,0,0,2002,3,,,,0,,2097
48153,4591,A05,0,A00,A0,A0,E0,0,0,2002,3,,,,,,882
48157,4591,A05,0,A00,A0,A0,E0,0,0,2002,3,380,366,104,118,-14,1253
48161,4591,A05,0,A00,A0,A0,E0,0,0,2002,3,,0,0,,,409
48163,4591,A05,0,A00,A0,A0,E0,0,0,2002,3,,,,,,555
48165,4591,A05,0,A00,A0,A0,E0,0,0,2002,3,,,,,,473
48167,4591,A05,0,A00,A0,A0,E0,0,0,2002,3,133,137,45,41,4,902
48171,4591,A05,0,A00,A0,A0,E0,0,0,2002,3,8,8,4,4,0,581
48177,4591,A05,0,A00,A0,A0,E0,0,0,2002,3,,,0,0,,297
48179,4591,A05,0,A00,A0,A0,E0,0,0,2002,3,51,54,29,26,3,624
48181,4591,A05,0,A00,A0,A0,E0,0,0,2002,3,79,81,33,30,2,1131
48183,4591,A05,0,A00,A0,A0,E0,0,0,2002,3,246,204,68,110,-41,1181
48187,4591,A05,0,A00,A0,A0,E0,0,0,2002,3,19,15,3,7,-4,1506
48189,4591,A05,0,A00,A0,A0,E0,0,0,2002,3,10,9,,3,-1,733
48191,4591,A05,0,A00,A0,A0,E0,0,0,2002,3,,,,,,146
48201,4591,A05,0,A00,A0,A0,E0,0,0,2002,3,4092,4065,1433,1460,-27,1452
48203,4591,A05,0,A00,A0,A0,E0,0,0,2002,3,59,61,14,12,2,1458
48207,4591,A05,0,A00,A0,A0,E0,0,0,2002,3,,,,,,827
48209,4591,A05,0,A00,A0,A0,E0,0,0,2002,3,94,97,28,24,3,1631
48213,4591,A05,0,A00,A0,A0,E0,0,0,2002,3,4,4,0,0,0,4412
48215,4591,A05,0,A00,A0,A0,E0,0,0,2002,3,462,426,95,131,-36,1140
48217,4591,A05,0,A00,A0,A0,E0,0,0,2002,3,10,19,13,4,8,1134
48219,4591,A05,0,A00,A0,A0,E0,0,0,2002,3,7,6,,,-1,975
48221,4591,A05,0,A00,A0,A0,E0,0,0,2002,3,15,14,,,-1,842
48223,4591,A05,0,A00,A0,A0,E0,0,0,2002,3,,,,,,1024
48227,4591,A05,0,A00,A0,A0,E0,0,0,2002,3,10,5,4,10,-5,495
48231,4591,A05,0,A00,A0,A0,E0,0,0,2002,3,15,15,,,0,1469
48233,4591,A05,0,A00,A0,A0,E0,0,0,2002,3,,,0,,,780
48241,4591,A05,0,A00,A0,A0,E0,0,0,2002,3,7,6,,3,-1,560
48245,4591,A05,0,A00,A0,A0,E0,0,0,2002,3,260,265,100,95,5,1315
48249,4591,A05,0,A00,A0,A0,E0,0,0,2002,3,,,0,0,,1001
48251,4591,A05,0,A00,A0,A0,E0,0,0,2002,3,60,56,11,14,-3,934
48257,4591,A05,0,A00,A0,A0,E0,0,0,2002,3,15,16,3,,1,1886
48259,4591,A05,0,A00,A0,A0,E0,0,0,2002,3,,,,,,1402
48265,4591,A05,0,A00,A0,A0,E0,0,0,2002,3,39,39,4,5,0,991
48273,4591,A05,0,A00,A0,A0,E0,0,0,2002,3,,,,,,1146
48277,4591,A05,0,A00,A0,A0,E0,0,0,2002,3,30,29,5,6,-1,1632
48285,4591,A05,0,A00,A0,A0,E0,0,0,2002,3,0,,,0,,
48287,4591,A05,0,A00,A0,A0,E0,0,0,2002,3,,,0,,,2184
48289,4591,A05,0,A00,A0,A0,E0,0,0,2002,3,,0,0,,,1385
48291,4591,A05,0,A00,A0,A0,E0,0,0,2002,3,,0,0,,,164
48293,4591,A05,0,A00,A0,A0,E0,0,0,2002,3,,,,,,1288
48297,4591,A05,0,A00,A0,A0,E0,0,0,2002,3,,,0,0,,891
48299,4591,A05,0,A00,A0,A0,E0,0,0,2002,3,,,,,,877
48303,4591,A05,0,A00,A0,A0,E0,0,0,2002,3,458,451,120,126,-6,1439
48305,4591,A05,0,A00,A0,A0,E0,0,0,2002,3,,,0,,,959
48307,4591,A05,0,A00,A0,A0,E0,0,0,2002,3,,,0,0,,343
48309,4591,A05,0,A00,A0,A0,E0,0,0,2002,3,179,166,39,52,-14,1375
48313,4591,A05,0,A00,A0,A0,E0,0,0,2002,3,,0,0,,,190
48319,4591,A05,0,A00,A0,A0,E0,0,0,2002,3,,,,,,672
48321,4591,A05,0,A00,A0,A0,E0,0,0,2002,3,10,12,4,,2,678
48323,4591,A05,0,A00,A0,A0,E0,0,0,2002,3,15,14,,3,-1,1193
48325,4591,A05,0,A00,A0,A0,E0,0,0,2002,3,,,0,0,,963
48327,4591,A05,0,A00,A0,A0,E0,0,0,2002,3,,,0,0,,1210
48329,4591,A05,0,A00,A0,A0,E0,0,0,2002,3,146,130,70,86,-16,918
48331,4591,A05,0,A00,A0,A0,E0,0,0,2002,3,,,,0,,470
48339,4591,A05,0,A00,A0,A0,E0,0,0,2002,3,275,261,71,85,-13,1131
48341,4591,A05,0,A00,A0,A0,E0,0,0,2002,3,,,0,0,,704
48347,4591,A05,0,A00,A0,A0,E0,0,0,2002,3,54,58,21,17,4,998
48349,4591,A05,0,A00,A0,A0,E0,0,0,2002,3,,,,,,2030
48355,4591,A05,0,A00,A0,A0,E0,0,0,2002,3,453,429,124,147,-23,1498
48357,4591,A05,0,A00,A0,A0,E0,0,0,2002,3,,,,,,328
48361,4591,A05,0,A00,A0,A0,E0,0,0,2002,3,44,42,10,12,-2,1234
48363,4591,A05,0,A00,A0,A0,E0,0,0,2002,3,,,,,,748
48365,4591,A05,0,A00,A0,A0,E0,0,0,2002,3,,,,,,231
48367,4591,A05,0,A00,A0,A0,E0,0,0,2002,3,19,21,13,11,2,1317
48369,4591,A05,0,A00,A0,A0,E0,0,0,2002,3,,,0,0,,778
48371,4591,A05,0,A00,A0,A0,E0,0,0,2002,3,30,33,9,7,2,1473
48375,4591,A05,0,A00,A0,A0,E0,0,0,2002,3,201,170,67,99,-32,1183
48379,4591,A05,0,A00,A0,A0,E0,0,0,2002,3,,,,0,,914
48381,4591,A05,0,A00,A0,A0,E0,0,0,2002,3,126,139,45,32,13,1275
48387,4591,A05,0,A00,A0,A0,E0,0,0,2002,3,,,,,,1167
48395,4591,A05,0,A00,A0,A0,E0,0,0,2002,3,,,,,,207
48397,4591,A05,0,A00,A0,A0,E0,0,0,2002,3,44,44,11,12,-1,742
48399,4591,A05,0,A00,A0,A0,E0,0,0,2002,3,,,,,,4
48401,4591,A05,0,A00,A0,A0,E0,0,0,2002,3,,,0,,,1155
48409,4591,A05,0,A00,A0,A0,E0,0,0,2002,3,8,11,5,,3,1166
48411,4591,A05,0,A00,A0,A0,E0,0,0,2002,3,,0,0,,,420
48423,4591,A05,0,A00,A0,A0,E0,0,0,2002,3,260,257,68,72,-4,1282
48425,4591,A05,0,A00,A0,A0,E0,0,0,2002,3,,,,,,1024
48427,4591,A05,0,A00,A0,A0,E0,0,0,2002,3,13,14,,0,1,748
48437,4591,A05,0,A00,A0,A0,E0,0,0,2002,3,,,0,,,1467
48439,4591,A05,0,A00,A0,A0,E0,0,0,2002,3,2250,2175,660,735,-74,1688
48441,4591,A05,0,A00,A0,A0,E0,0,0,2002,3,137,130,72,79,-7,1143
48449,4591,A05,0,A00,A0,A0,E0,0,0,2002,3,,,,,,802
48451,4591,A05,0,A00,A0,A0,E0,0,0,2002,3,132,129,51,54,-3,1134
48453,4591,A05,0,A00,A0,A0,E0,0,0,2002,3,1290,1217,300,373,-73,1308
48461,4591,A05,0,A00,A0,A0,E0,0,0,2002,3,,,0,0,,283
48465,4591,A05,0,A00,A0,A0,E0,0,0,2002,3,10,11,7,7,0,889
48467,4591,A05,0,A00,A0,A0,E0,0,0,2002,3,,,0,,,593
48469,4591,A05,0,A00,A0,A0,E0,0,0,2002,3,95,82,31,43,-13,979
48471,4591,A05,0,A00,A0,A0,E0,0,0,2002,3,3,5,5,3,2,43
48473,4591,A05,0,A00,A0,A0,E0,0,0,2002,3,,,,,,248
48475,4591,A05,0,A00,A0,A0,E0,0,0,2002,3,,,,,,1120
48477,4591,A05,0,A00,A0,A0,E0,0,0,2002,3,17,14,4,7,-3,330
48479,4591,A05,0,A00,A0,A0,E0,0,0,2002,3,226,210,44,60,-16,1420
48481,4591,A05,0,A00,A0,A0,E0,0,0,2002,3,30,27,6,8,-3,1926
48485,4591,A05,0,A00,A0,A0,E0,0,0,2002,3,150,149,49,50,-1,1151
48487,4591,A05,0,A00,A0,A0,E0,0,0,2002,3,,,,,,1494
48491,4591,A05,0,A00,A0,A0,E0,0,0,2002,3,322,333,92,81,11,1223
48497,4591,A05,0,A00,A0,A0,E0,0,0,2002,3,8,8,,,0,631
48499,4591,A05,0,A00,A0,A0,E0,0,0,2002,3,32,29,,3,-2,1239
48503,4591,A05,0,A00,A0,A0,E0,0,0,2002,3,,,,,,947
48,4591,A05,0,A00,A0,A0,E0,0,0,2002,3,23689,23114,7535,8110,-575,1718
48001,4591,A05,0,A00,A0,A0,E0,0,0,2002,4,,,,0,,1325
48005,4591,A05,0,A00,A0,A0,E0,0,0,2002,4,57,57,27,27,0,1271
48007,4591,A05,0,A00,A0,A0,E0,0,0,2002,4,,,,,,521
48013,4591,A05,0,A00,A0,A0,E0,0,0,2002,4,,,,,,1371
48015,4591,A05,0,A00,A0,A0,E0,0,0,2002,4,,,,,,508
48019,4591,A05,0,A00,A0,A0,E0,0,0,2002,4,0,,,0,,
48021,4591,A05,0,A00,A0,A0,E0,0,0,2002,4,9,11,4,,2,878
48023,4591,A05,0,A00,A0,A0,E0,0,0,2002,4,,,0,0,,1336
48025,4591,A05,0,A00,A0,A0,E0,0,0,2002,4,,,0,0,,1230
48027,4591,A05,0,A00,A0,A0,E0,0,0,2002,4,177,183,112,106,6,1079
48029,4591,A05,0,A00,A0,A0,E0,0,0,2002,4,1587,1566,943,964,-21,1408
48031,4591,A05,0,A00,A0,A0,E0,0,0,2002,4,,,,,,1937
48037,4591,A05,0,A00,A0,A0,E0,0,0,2002,4,59,55,118,122,-4,1410
48039,4591,A05,0,A00,A0,A0,E0,0,0,2002,4,63,67,30,27,4,1335
48041,4591,A05,0,A00,A0,A0,E0,0,0,2002,4,147,147,84,84,0,1025
48043,4591,A05,0,A00,A0,A0,E0,0,0,2002,4,0,,,,,
48049,4591,A05,0,A00,A0,A0,E0,0,0,2002,4,7,8,3,,1,435
48053,4591,A05,0,A00,A0,A0,E0,0,0,2002,4,12,16,7,3,3,970
48057,4591,A05,0,A00,A0,A0,E0,0,0,2002,4,,,,0,,655
48059,4591,A05,0,A00,A0,A0,E0,0,0,2002,4,7,4,0,,-2,426
48061,4591,A05,0,A00,A0,A0,E0,0,0,2002,4,349,358,268,259,8,1160
48067,4591,A05,0,A00,A0,A0,E0,0,0,2002,4,,,0,,,887
48073,4591,A05,0,A00,A0,A0,E0,0,0,2002,4,13,9,,5,-3,1292
48075,4591,A05,0,A00,A0,A0,E0,0,0,2002,4,,,0,0,,911
48085,4591,A05,0,A00,A0,A0,E0,0,0,2002,4,1004,1096,688,597,92,1366
48089,4591,A05,0,A00,A0,A0,E0,0,0,2002,4,,,,,,1119
48091,4591,A05,0,A00,A0,A0,E0,0,0,2002,4,87,67,21,41,-19,1100
48093,4591,A05,0,A00,A0,A0,E0,0,0,2002,4,,,0,0,,1354
48097,4591,A05,0,A00,A0,A0,E0,0,0,2002,4,9,11,8,6,2,927
48099,4591,A05,0,A00,A0,A0,E0,0,0,2002,4,10,9,,,-1,1038
48107,4591,A05,0,A00,A0,A0,E0,0,0,2002,4,,,0,0,,606
48113,4591,A05,0,A00,A0,A0,E0,0,0,2002,4,5010,4967,1843,1886,-43,2994
48121,4591,A05,0,A00,A0,A0,E0,0,0,2002,4,464,476,281,269,12,1384
48123,4591,A05,0,A00,A0,A0,E0,0,0,2002,4,,,0,,,707
48129,4591,A05,0,A00,A0,A0,E0,0,0,2002,4,,,0,0,,1212
48133,4591,A05,0,A00,A0,A0,E0,0,0,2002,4,,,0,0,,1122
48135,4591,A05,0,A00,A0,A0,E0,0,0,2002,4,175,189,59,45,13,1647
48139,4591,A05,0,A00,A0,A0,E0,0,0,2002,4,131,87,416,459,-43,1725
48141,4591,A05,0,A00,A0,A0,E0,0,0,2002,4,768,821,747,694,53,1268
48143,4591,A05,0,A00,A0,A0,E0,0,0,2002,4,11,13,7,4,3,776
48149,4591,A05,0,A00,A0,A0,E0,0,0,2002,4,,,0,0,,1839
48153,4591,A05,0,A00,A0,A0,E0,0,0,2002,4,,,,,,1528
48157,4591,A05,0,A00,A0,A0,E0,0,0,2002,4,356,350,215,220,-6,1311
48163,4591,A05,0,A00,A0,A0,E0,0,0,2002,4,,,,0,,623
48165,4591,A05,0,A00,A0,A0,E0,0,0,2002,4,,,,,,360
48167,4591,A05,0,A00,A0,A0,E0,0,0,2002,4,137,120,30,47,-17,861
48171,4591,A05,0,A00,A0,A0,E0,0,0,2002,4,8,9,3,,1,1163
48177,4591,A05,0,A00,A0,A0,E0,0,0,2002,4,,,0,0,,320
48179,4591,A05,0,A00,A0,A0,E0,0,0,2002,4,54,43,15,26,-11,439
48181,4591,A05,0,A00,A0,A0,E0,0,0,2002,4,86,92,79,73,6,1192
48183,4591,A05,0,A00,A0,A0,E0,0,0,2002,4,207,221,115,102,13,1503
48187,4591,A05,0,A00,A0,A0,E0,0,0,2002,4,15,15,4,4,0,1543
48189,4591,A05,0,A00,A0,A0,E0,0,0,2002,4,9,9,,,0,829
48191,4591,A05,0,A00,A0,A0,E0,0,0,2002,4,,,0,0,,123
48201,4591,A05,0,A00,A0,A0,E0,0,0,2002,4,4141,4182,2404,2363,41,1714
48203,4591,A05,0,A00,A0,A0,E0,0,0,2002,4,61,60,10,11,-1,1518
48207,4591,A05,0,A00,A0,A0,E0,0,0,2002,4,,,,,,530
48209,4591,A05,0,A00,A0,A0,E0,0,0,2002,4,106,115,54,45,9,1620
48213,4591,A05,0,A00,A0,A0,E0,0,0,2002,4,4,4,0,0,0,4605
48215,4591,A05,0,A00,A0,A0,E0,0,0,2002,4,430,439,314,306,9,1300
48217,4591,A05,0,A00,A0,A0,E0,0,0,2002,4,19,24,13,7,6,1156
48219,4591,A05,0,A00,A0,A0,E0,0,0,2002,4,6,8,5,,2,1310
48221,4591,A05,0,A00,A0,A0,E0,0,0,2002,4,14,8,,8,-6,766
48223,4591,A05,0,A00,A0,A0,E0,0,0,2002,4,,,,,,1090
48227,4591,A05,0,A00,A0,A0,E0,0,0,2002,4,5,5,,,-1,565
48231,4591,A05,0,A00,A0,A0,E0,0,0,2002,4,15,17,,0,2,1515
48233,4591,A05,0,A00,A0,A0,E0,0,0,2002,4,,,0,0,,567
48241,4591,A05,0,A00,A0,A0,E0,0,0,2002,4,6,6,3,3,0,497
48245,4591,A05,0,A00,A0,A0,E0,0,0,2002,4,266,295,160,131,28,1245
48249,4591,A05,0,A00,A0,A0,E0,0,0,2002,4,,,0,0,,1001
48251,4591,A05,0,A00,A0,A0,E0,0,0,2002,4,56,57,16,15,1,1026
48257,4591,A05,0,A00,A0,A0,E0,0,0,2002,4,16,21,15,10,5,1293
48259,4591,A05,0,A00,A0,A0,E0,0,0,2002,4,,,,,,1547
48265,4591,A05,0,A00,A0,A0,E0,0,0,2002,4,38,31,8,15,-7,1203
48273,4591,A05,0,A00,A0,A0,E0,0,0,2002,4,,,,,,190
48277,4591,A05,0,A00,A0,A0,E0,0,0,2002,4,29,25,3,7,-4,1900
48285,4591,A05,0,A00,A0,A0,E0,0,0,2002,4,,,,0,,3145
48287,4591,A05,0,A00,A0,A0,E0,0,0,2002,4,,,0,,,1767
48293,4591,A05,0,A00,A0,A0,E0,0,0,2002,4,,,0,,,2089
48297,4591,A05,0,A00,A0,A0,E0,0,0,2002,4,,,,,,1413
48299,4591,A05,0,A00,A0,A0,E0,0,0,2002,4,,,,,,774
48303,4591,A05,0,A00,A0,A0,E0,0,0,2002,4,425,439,249,235,14,1362
48305,4591,A05,0,A00,A0,A0,E0,0,0,2002,4,,,0,,,1298
48307,4591,A05,0,A00,A0,A0,E0,0,0,2002,4,,,0,,,261
48309,4591,A05,0,A00,A0,A0,E0,0,0,2002,4,171,169,89,92,-3,1534
48319,4591,A05,0,A00,A0,A0,E0,0,0,2002,4,,,0,0,,1129
48321,4591,A05,0,A00,A0,A0,E0,0,0,2002,4,12,6,0,6,-6,552
48323,4591,A05,0,A00,A0,A0,E0,0,0,2002,4,14,18,9,5,4,1383
48325,4591,A05,0,A00,A0,A0,E0,0,0,2002,4,,,0,0,,631
48327,4591,A05,0,A00,A0,A0,E0,0,0,2002,4,,,,,,1434
48329,4591,A05,0,A00,A0,A0,E0,0,0,2002,4,133,134,133,132,1,993
48331,4591,A05,0,A00,A0,A0,E0,0,0,2002,4,,,,,,438
48339,4591,A05,0,A00,A0,A0,E0,0,0,2002,4,280,278,162,164,-2,1431
48341,4591,A05,0,A00,A0,A0,E0,0,0,2002,4,,,0,,,413
48347,4591,A05,0,A00,A0,A0,E0,0,0,2002,4,58,60,13,12,1,1117
48349,4591,A05,0,A00,A0,A0,E0,0,0,2002,4,,,,0,,2186
48355,4591,A05,0,A00,A0,A0,E0,0,0,2002,4,432,453,256,235,21,1716
48357,4591,A05,0,A00,A0,A0,E0,0,0,2002,4,,,,0,,334
48361,4591,A05,0,A00,A0,A0,E0,0,0,2002,4,42,37,10,15,-5,1273
48363,4591,A05,0,A00,A0,A0,E0,0,0,2002,4,,,,,,498
48365,4591,A05,0,A00,A0,A0,E0,0,0,2002,4,,,,,,369
48367,4591,A05,0,A00,A0,A0,E0,0,0,2002,4,21,19,,3,-2,1551
48369,4591,A05,0,A00,A0,A0,E0,0,0,2002,4,,,,,,841
48371,4591,A05,0,A00,A0,A0,E0,0,0,2002,4,33,33,4,4,0,1767
48375,4591,A05,0,A00,A0,A0,E0,0,0,2002,4,188,188,216,216,0,1347
48379,4591,A05,0,A00,A0,A0,E0,0,0,2002,4,,,0,0,,543
48381,4591,A05,0,A00,A0,A0,E0,0,0,2002,4,140,140,40,40,0,1240
48387,4591,A05,0,A00,A0,A0,E0,0,0,2002,4,,,,,,1237
48395,4591,A05,0,A00,A0,A0,E0,0,0,2002,4,,,,,,337
48397,4591,A05,0,A00,A0,A0,E0,0,0,2002,4,37,41,17,13,4,1069
48399,4591,A05,0,A00,A0,A0,E0,0,0,2002,4,,0,,,,5
48401,4591,A05,0,A00,A0,A0,E0,0,0,2002,4,,,0,0,,440
48409,4591,A05,0,A00,A0,A0,E0,0,0,2002,4,11,10,,3,-1,977
48423,4591,A05,0,A00,A0,A0,E0,0,0,2002,4,263,261,127,129,-2,1438
48425,4591,A05,0,A00,A0,A0,E0,0,0,2002,4,,,,,,914
48427,4591,A05,0,A00,A0,A0,E0,0,0,2002,4,14,14,0,0,0,641
48437,4591,A05,0,A00,A0,A0,E0,0,0,2002,4,,,0,0,,1626
48439,4591,A05,0,A00,A0,A0,E0,0,0,2002,4,2171,2234,1175,1112,63,1727
48441,4591,A05,0,A00,A0,A0,E0,0,0,2002,4,134,129,136,141,-5,1152
48449,4591,A05,0,A00,A0,A0,E0,0,0,2002,4,,,,0,,1463
48451,4591,A05,0,A00,A0,A0,E0,0,0,2002,4,129,123,69,76,-7,1212
48453,4591,A05,0,A00,A0,A0,E0,0,0,2002,4,1215,1192,547,570,-23,1399
48461,4591,A05,0,A00,A0,A0,E0,0,0,2002,4,,,,,,121
48465,4591,A05,0,A00,A0,A0,E0,0,0,2002,4,11,7,6,9,-3,661
48467,4591,A05,0,A00,A0,A0,E0,0,0,2002,4,6,5,,,-1,725
48469,4591,A05,0,A00,A0,A0,E0,0,0,2002,4,85,87,77,75,2,1169
48471,4591,A05,0,A00,A0,A0,E0,0,0,2002,4,,,,,,919
48473,4591,A05,0,A00,A0,A0,E0,0,0,2002,4,,,0,,,180
48475,4591,A05,0,A00,A0,A0,E0,0,0,2002,4,,,0,,,834
48477,4591,A05,0,A00,A0,A0,E0,0,0,2002,4,14,15,4,3,1,398
48479,4591,A05,0,A00,A0,A0,E0,0,0,2002,4,214,228,211,197,13,1927
48481,4591,A05,0,A00,A0,A0,E0,0,0,2002,4,27,26,,3,-1,2303
48485,4591,A05,0,A00,A0,A0,E0,0,0,2002,4,151,142,73,82,-9,1234
48487,4591,A05,0,A00,A0,A0,E0,0,0,2002,4,,,0,,,1345
48491,4591,A05,0,A00,A0,A0,E0,0,0,2002,4,351,364,202,189,13,1273
48497,4591,A05,0,A00,A0,A0,E0,0,0,2002,4,8,6,,3,-2,735
48499,4591,A05,0,A00,A0,A0,E0,0,0,2002,4,29,32,6,3,2,1300
48503,4591,A05,0,A00,A0,A0,E0,0,0,2002,4,,,,,,961
48,4591,A05,0,A00,A0,A0,E0,0,0,2002,4,23361,23560,13076,12877,199,1799
48001,4591,A05,0,A00,A0,A0,E0,0,0,2003,1,,,0,0,,1491
48005,4591,A05,0,A00,A0,A0,E0,0,0,2003,1,60,68,34,27,7,1470
48007,4591,A05,0,A00,A0,A0,E0,0,0,2003,1,16,20,6,,3,477
48013,4591,A05,0,A00,A0,A0,E0,0,0,2003,1,,,,,,1496
48015,4591,A05,0,A00,A0,A0,E0,0,0,2003,1,,,0,,,667
48019,4591,A05,0,A00,A0,A0,E0,0,0,2003,1,,,,0,,2230
48021,4591,A05,0,A00,A0,A0,E0,0,0,2003,1,11,13,3,,2,960
48023,4591,A05,0,A00,A0,A0,E0,0,0,2003,1,,,0,0,,935
48025,4591,A05,0,A00,A0,A0,E0,0,0,2003,1,,,0,0,,1230
48027,4591,A05,0,A00,A0,A0,E0,0,0,2003,1,178,171,74,81,-8,997
48029,4591,A05,0,A00,A0,A0,E0,0,0,2003,1,1573,1420,582,735,-153,1185
48031,4591,A05,0,A00,A0,A0,E0,0,0,2003,1,,,,0,,1497
48037,4591,A05,0,A00,A0,A0,E0,0,0,2003,1,55,52,58,61,-3,1202
48039,4591,A05,0,A00,A0,A0,E0,0,0,2003,1,63,65,16,14,2,1195
48041,4591,A05,0,A00,A0,A0,E0,0,0,2003,1,143,144,71,69,2,933
48049,4591,A05,0,A00,A0,A0,E0,0,0,2003,1,8,10,5,3,2,515
48053,4591,A05,0,A00,A0,A0,E0,0,0,2003,1,16,13,,4,-2,1234
48057,4591,A05,0,A00,A0,A0,E0,0,0,2003,1,,,0,0,,527
48059,4591,A05,0,A00,A0,A0,E0,0,0,2003,1,4,3,0,,-1,454
48061,4591,A05,0,A00,A0,A0,E0,0,0,2003,1,320,301,488,507,-19,1015
48067,4591,A05,0,A00,A0,A0,E0,0,0,2003,1,,,,,,778
48073,4591,A05,0,A00,A0,A0,E0,0,0,2003,1,,,,,,1470
48075,4591,A05,0,A00,A0,A0,E0,0,0,2003,1,,,,,,885
48085,4591,A05,0,A00,A0,A0,E0,0,0,2003,1,1117,934,312,495,-183,1106
48089,4591,A05,0,A00,A0,A0,E0,0,0,2003,1,,,,,,598
48091,4591,A05,0,A00,A0,A0,E0,0,0,2003,1,67,73,26,20,6,1215
48093,4591,A05,0,A00,A0,A0,E0,0,0,2003,1,,,0,0,,1354
48097,4591,A05,0,A00,A0,A0,E0,0,0,2003,1,,,0,,,598
48099,4591,A05,0,A00,A0,A0,E0,0,0,2003,1,5,5,,,0,839
48103,4591,A05,0,A00,A0,A0,E0,0,0,2003,1,0,,,0,,
48107,4591,A05,0,A00,A0,A0,E0,0,0,2003,1,,0,0,,,113
48113,4591,A05,0,A00,A0,A0,E0,0,0,2003,1,4867,4604,1459,1723,-263,2435
48121,4591,A05,0,A00,A0,A0,E0,0,0,2003,1,477,433,148,192,-44,1266
48123,4591,A05,0,A00,A0,A0,E0,0,0,2003,1,,,0,,,633
48133,4591,A05,0,A00,A0,A0,E0,0,0,2003,1,,,0,0,,1122
48135,4591,A05,0,A00,A0,A0,E0,0,0,2003,1,183,161,31,52,-22,1339
48139,4591,A05,0,A00,A0,A0,E0,0,0,2003,1,28,17,7,18,-11,1356
48141,4591,A05,0,A00,A0,A0,E0,0,0,2003,1,824,763,421,482,-61,1100
48143,4591,A05,0,A00,A0,A0,E0,0,0,2003,1,13,13,,,0,654
48149,4591,A05,0,A00,A0,A0,E0,0,0,2003,1,,,0,0,,2150
48153,4591,A05,0,A00,A0,A0,E0,0,0,2003,1,,,0,0,,987
48157,4591,A05,0,A00,A0,A0,E0,0,0,2003,1,298,254,78,121,-44,1063
48161,4591,A05,0,A00,A0,A0,E0,0,0,2003,1,0,0,,,0,
48163,4591,A05,0,A00,A0,A0,E0,0,0,2003,1,,,0,0,,399
48165,4591,A05,0,A00,A0,A0,E0,0,0,2003,1,,,0,,,261
48167,4591,A05,0,A00,A0,A0,E0,0,0,2003,1,132,125,25,32,-7,824
48171,4591,A05,0,A00,A0,A0,E0,0,0,2003,1,9,11,3,,2,906
48177,4591,A05,0,A00,A0,A0,E0,0,0,2003,1,,,0,0,,308
48179,4591,A05,0,A00,A0,A0,E0,0,0,2003,1,32,34,13,11,2,550
48181,4591,A05,0,A00,A0,A0,E0,0,0,2003,1,90,90,42,42,0,1056
48183,4591,A05,0,A00,A0,A0,E0,0,0,2003,1,220,211,88,96,-9,1262
48187,4591,A05,0,A00,A0,A0,E0,0,0,2003,1,15,16,,0,1,1242
48189,4591,A05,0,A00,A0,A0,E0,0,0,2003,1,9,11,,0,2,811
48191,4591,A05,0,A00,A0,A0,E0,0,0,2003,1,,,,,,92
48201,4591,A05,0,A00,A0,A0,E0,0,0,2003,1,4068,3722,1700,2047,-346,1343
48203,4591,A05,0,A00,A0,A0,E0,0,0,2003,1,60,62,9,7,2,1439
48207,4591,A05,0,A00,A0,A0,E0,0,0,2003,1,,,,,,648
48209,4591,A05,0,A00,A0,A0,E0,0,0,2003,1,132,123,30,39,-9,1603
48213,4591,A05,0,A00,A0,A0,E0,0,0,2003,1,4,4,0,0,0,33685
48215,4591,A05,0,A00,A0,A0,E0,0,0,2003,1,433,401,171,202,-32,1174
48217,4591,A05,0,A00,A0,A0,E0,0,0,2003,1,24,18,3,9,-6,981
48219,4591,A05,0,A00,A0,A0,E0,0,0,2003,1,3,7,3,0,3,882
48221,4591,A05,0,A00,A0,A0,E0,0,0,2003,1,7,7,,,0,1354
48223,4591,A05,0,A00,A0,A0,E0,0,0,2003,1,24,22,7,9,-1,987
48227,4591,A05,0,A00,A0,A0,E0,0,0,2003,1,4,7,4,,3,421
48231,4591,A05,0,A00,A0,A0,E0,0,0,2003,1,17,16,,,-1,1376
48233,4591,A05,0,A00,A0,A0,E0,0,0,2003,1,,,0,0,,684
48241,4591,A05,0,A00,A0,A0,E0,0,0,2003,1,6,5,,3,-1,688
48245,4591,A05,0,A00,A0,A0,E0,0,0,2003,1,283,259,79,102,-23,1094
48249,4591,A05,0,A00,A0,A0,E0,0,0,2003,1,,,0,0,,1001
48251,4591,A05,0,A00,A0,A0,E0,0,0,2003,1,57,61,21,17,3,979
48257,4591,A05,0,A00,A0,A0,E0,0,0,2003,1,21,15,3,9,-6,868
48259,4591,A05,0,A00,A0,A0,E0,0,0,2003,1,,,,,,1513
48265,4591,A05,0,A00,A0,A0,E0,0,0,2003,1,31,31,5,5,0,977
48273,4591,A05,0,A00,A0,A0,E0,0,0,2003,1,,,,,,454
48277,4591,A05,0,A00,A0,A0,E0,0,0,2003,1,25,24,6,7,-1,1720
48285,4591,A05,0,A00,A0,A0,E0,0,0,2003,1,,,,,,2010
48291,4591,A05,0,A00,A0,A0,E0,0,0,2003,1,0,,,,,
48293,4591,A05,0,A00,A0,A0,E0,0,0,2003,1,,,0,0,,1716
48297,4591,A05,0,A00,A0,A0,E0,0,0,2003,1,,,,,,363
48299,4591,A05,0,A00,A0,A0,E0,0,0,2003,1,,,,,,801
48303,4591,A05,0,A00,A0,A0,E0,0,0,2003,1,425,404,127,148,-21,1339
48305,4591,A05,0,A00,A0,A0,E0,0,0,2003,1,,,,,,1469
48307,4591,A05,0,A00,A0,A0,E0,0,0,2003,1,,,,,,506
48309,4591,A05,0,A00,A0,A0,E0,0,0,2003,1,176,177,65,64,2,1310
48319,4591,A05,0,A00,A0,A0,E0,0,0,2003,1,,,0,0,,735
48321,4591,A05,0,A00,A0,A0,E0,0,0,2003,1,,,0,0,,739
48323,4591,A05,0,A00,A0,A0,E0,0,0,2003,1,18,13,,6,-4,927
48325,4591,A05,0,A00,A0,A0,E0,0,0,2003,1,,,0,0,,749
48327,4591,A05,0,A00,A0,A0,E0,0,0,2003,1,,,0,,,696
48329,4591,A05,0,A00,A0,A0,E0,0,0,2003,1,131,127,62,66,-4,1011
48331,4591,A05,0,A00,A0,A0,E0,0,0,2003,1,,,0,,,461
48339,4591,A05,0,A00,A0,A0,E0,0,0,2003,1,275,267,100,108,-8,1052
48341,4591,A05,0,A00,A0,A0,E0,0,0,2003,1,,,,,,493
48347,4591,A05,0,A00,A0,A0,E0,0,0,2003,1,60,66,22,15,6,1049
48349,4591,A05,0,A00,A0,A0,E0,0,0,2003,1,,,0,0,,1740
48355,4591,A05,0,A00,A0,A0,E0,0,0,2003,1,451,468,164,146,17,1610
48357,4591,A05,0,A00,A0,A0,E0,0,0,2003,1,,,,0,,479
48361,4591,A05,0,A00,A0,A0,E0,0,0,2003,1,37,33,11,16,-4,1165
48363,4591,A05,0,A00,A0,A0,E0,0,0,2003,1,,,,,,1134
48367,4591,A05,0,A00,A0,A0,E0,0,0,2003,1,19,19,6,5,0,1449
48369,4591,A05,0,A00,A0,A0,E0,0,0,2003,1,,,,0,,933
48371,4591,A05,0,A00,A0,A0,E0,0,0,2003,1,33,33,3,3,0,1533
48375,4591,A05,0,A00,A0,A0,E0,0,0,2003,1,185,179,107,112,-6,1280
48379,4591,A05,0,A00,A0,A0,E0,0,0,2003,1,,,,,,542
48381,4591,A05,0,A00,A0,A0,E0,0,0,2003,1,124,115,18,27,-9,1086
48387,4591,A05,0,A00,A0,A0,E0,0,0,2003,1,,,,,,793
48395,4591,A05,0,A00,A0,A0,E0,0,0,2003,1,,,,,,518
48397,4591,A05,0,A00,A0,A0,E0,0,0,2003,1,41,45,17,14,3,919
48399,4591,A05,0,A00,A0,A0,E0,0,0,2003,1,0,,,0,,
48401,4591,A05,0,A00,A0,A0,E0,0,0,2003,1,,,0,0,,397
48409,4591,A05,0,A00,A0,A0,E0,0,0,2003,1,10,8,,4,-2,898
48423,4591,A05,0,A00,A0,A0,E0,0,0,2003,1,255,250,75,80,-5,1395
48425,4591,A05,0,A00,A0,A0,E0,0,0,2003,1,,,,,,652
48427,4591,A05,0,A00,A0,A0,E0,0,0,2003,1,14,12,0,,-2,665
48439,4591,A05,0,A00,A0,A0,E0,0,0,2003,1,2300,2028,688,961,-272,1487
48441,4591,A05,0,A00,A0,A0,E0,0,0,2003,1,123,127,61,57,4,1257
48449,4591,A05,0,A00,A0,A0,E0,0,0,2003,1,,,0,,,1250
48451,4591,A05,0,A00,A0,A0,E0,0,0,2003,1,123,122,44,45,-1,1191
48453,4591,A05,0,A00,A0,A0,E0,0,0,2003,1,1208,1154,382,436,-54,1286
48459,4591,A05,0,A00,A0,A0,E0,0,0,2003,1,0,,,,,
48461,4591,A05,0,A00,A0,A0,E0,0,0,2003,1,,,,0,,90
48465,4591,A05,0,A00,A0,A0,E0,0,0,2003,1,7,6,,3,-2,797
48467,4591,A05,0,A00,A0,A0,E0,0,0,2003,1,5,7,3,,2,917
48469,4591,A05,0,A00,A0,A0,E0,0,0,2003,1,87,83,55,60,-5,1064
48471,4591,A05,0,A00,A0,A0,E0,0,0,2003,1,,,0,0,,642
48473,4591,A05,0,A00,A0,A0,E0,0,0,2003,1,,,0,0,,133
48475,4591,A05,0,A00,A0,A0,E0,0,0,2003,1,,,0,,,1088
48477,4591,A05,0,A00,A0,A0,E0,0,0,2003,1,15,13,,3,-2,306
48479,4591,A05,0,A00,A0,A0,E0,0,0,2003,1,224,208,90,105,-15,1349
48481,4591,A05,0,A00,A0,A0,E0,0,0,2003,1,26,29,6,4,3,2078
48485,4591,A05,0,A00,A0,A0,E0,0,0,2003,1,142,151,56,46,9,1121
48487,4591,A05,0,A00,A0,A0,E0,0,0,2003,1,,,,,,1106
48491,4591,A05,0,A00,A0,A0,E0,0,0,2003,1,366,352,61,74,-14,1205
48497,4591,A05,0,A00,A0,A0,E0,0,0,2003,1,7,5,,4,-2,662
48499,4591,A05,0,A00,A0,A0,E0,0,0,2003,1,32,35,7,3,3,1302
48503,4591,A05,0,A00,A0,A0,E0,0,0,2003,1,,,,0,,379
48,4591,A05,0,A00,A0,A0,E0,0,0,2003,1,23221,21631,8360,9950,-1590,1511
48001,4591,A05,0,A00,A0,A0,E0,0,0,2003,2,,,0,,,1470
48005,4591,A05,0,A00,A0,A0,E0,0,0,2003,2,65,67,23,21,2,1291
48007,4591,A05,0,A00,A0,A0,E0,0,0,2003,2,20,20,7,6,1,572
48013,4591,A05,0,A00,A0,A0,E0,0,0,2003,2,,,,,,1139
48015,4591,A05,0,A00,A0,A0,E0,0,0,2003,2,,,0,0,,896
48019,4591,A05,0,A00,A0,A0,E0,0,0,2003,2,,,,,,1858
48021,4591,A05,0,A00,A0,A0,E0,0,0,2003,2,13,10,,4,-3,771
48023,4591,A05,0,A00,A0,A0,E0,0,0,2003,2,,,0,0,,888
48025,4591,A05,0,A00,A0,A0,E0,0,0,2003,2,,,0,0,,1230
48027,4591,A05,0,A00,A0,A0,E0,0,0,2003,2,173,189,61,45,16,994
48029,4591,A05,0,A00,A0,A0,E0,0,0,2003,2,1420,1552,491,359,132,1330
48037,4591,A05,0,A00,A0,A0,E0,0,0,2003,2,51,70,42,23,19,1170
48039,4591,A05,0,A00,A0,A0,E0,0,0,2003,2,62,67,22,17,5,1230
48041,4591,A05,0,A00,A0,A0,E0,0,0,2003,2,145,144,53,54,-1,937
48049,4591,A05,0,A00,A0,A0,E0,0,0,2003,2,10,11,5,4,1,561
48053,4591,A05,0,A00,A0,A0,E0,0,0,2003,2,13,12,,,-1,1162
48057,4591,A05,0,A00,A0,A0,E0,0,0,2003,2,,,,,,684
48059,4591,A05,0,A00,A0,A0,E0,0,0,2003,2,,,0,,,485
48061,4591,A05,0,A00,A0,A0,E0,0,0,2003,2,314,357,164,121,43,1057
48067,4591,A05,0,A00,A0,A0,E0,0,0,2003,2,,,,,,733
48073,4591,A05,0,A00,A0,A0,E0,0,0,2003,2,12,16,7,,4,1011
48075,4591,A05,0,A00,A0,A0,E0,0,0,2003,2,,,,,,749
48085,4591,A05,0,A00,A0,A0,E0,0,0,2003,2,948,958,313,303,10,1226
48089,4591,A05,0,A00,A0,A0,E0,0,0,2003,2,,,,,,990
48091,4591,A05,0,A00,A0,A0,E0,0,0,2003,2,73,102,55,25,29,1173
48093,4591,A05,0,A00,A0,A0,E0,0,0,2003,2,,,0,0,,1354
48097,4591,A05,0,A00,A0,A0,E0,0,0,2003,2,,,,,,826
48099,4591,A05,0,A00,A0,A0,E0,0,0,2003,2,5,6,,,1,981
48103,4591,A05,0,A00,A0,A0,E0,0,0,2003,2,,,0,0,,1972
48113,4591,A05,0,A00,A0,A0,E0,0,0,2003,2,4520,4716,1287,1092,195,2566
48121,4591,A05,0,A00,A0,A0,E0,0,0,2003,2,428,460,171,139,32,1198
48123,4591,A05,0,A00,A0,A0,E0,0,0,2003,2,,,,,,882
48135,4591,A05,0,A00,A0,A0,E0,0,0,2003,2,161,156,33,38,-5,1406
48139,4591,A05,0,A00,A0,A0,E0,0,0,2003,2,68,240,234,63,171,1997
48141,4591,A05,0,A00,A0,A0,E0,0,0,2003,2,758,826,295,227,68,1293
48143,4591,A05,0,A00,A0,A0,E0,0,0,2003,2,13,11,,5,-2,613
48149,4591,A05,0,A00,A0,A0,E0,0,0,2003,2,,,,0,,1919
48153,4591,A05,0,A00,A0,A0,E0,0,0,2003,2,,,0,0,,1182
48157,4591,A05,0,A00,A0,A0,E0,0,0,2003,2,277,300,92,68,24,1274
48163,4591,A05,0,A00,A0,A0,E0,0,0,2003,2,,,,,,471
48165,4591,A05,0,A00,A0,A0,E0,0,0,2003,2,,,,,,362
48167,4591,A05,0,A00,A0,A0,E0,0,0,2003,2,108,117,37,27,10,960
48171,4591,A05,0,A00,A0,A0,E0,0,0,2003,2,11,9,,3,-2,799
48177,4591,A05,0,A00,A0,A0,E0,0,0,2003,2,,,0,0,,308
48179,4591,A05,0,A00,A0,A0,E0,0,0,2003,2,34,38,16,12,4,563
48181,4591,A05,0,A00,A0,A0,E0,0,0,2003,2,91,102,37,27,10,1007
48183,4591,A05,0,A00,A0,A0,E0,0,0,2003,2,212,270,124,65,59,1301
48187,4591,A05,0,A00,A0,A0,E0,0,0,2003,2,16,12,0,4,-4,1230
48189,4591,A05,0,A00,A0,A0,E0,0,0,2003,2,11,11,,,0,728
48191,4591,A05,0,A00,A0,A0,E0,0,0,2003,2,,,0,0,,307
48201,4591,A05,0,A00,A0,A0,E0,0,0,2003,2,3762,4025,1171,908,263,1458
48203,4591,A05,0,A00,A0,A0,E0,0,0,2003,2,62,57,6,10,-5,1449
48207,4591,A05,0,A00,A0,A0,E0,0,0,2003,2,,,,,,442
48209,4591,A05,0,A00,A0,A0,E0,0,0,2003,2,110,108,30,32,-2,1808
48213,4591,A05,0,A00,A0,A0,E0,0,0,2003,2,4,4,,,0,17445
48215,4591,A05,0,A00,A0,A0,E0,0,0,2003,2,411,467,152,96,56,1277
48217,4591,A05,0,A00,A0,A0,E0,0,0,2003,2,18,17,6,8,-1,1271
48219,4591,A05,0,A00,A0,A0,E0,0,0,2003,2,7,7,0,0,0,856
48221,4591,A05,0,A00,A0,A0,E0,0,0,2003,2,7,6,0,,-1,820
48223,4591,A05,0,A00,A0,A0,E0,0,0,2003,2,,,,,,1329
48227,4591,A05,0,A00,A0,A0,E0,0,0,2003,2,7,8,,,1,485
48231,4591,A05,0,A00,A0,A0,E0,0,0,2003,2,16,11,,7,-5,1436
48233,4591,A05,0,A00,A0,A0,E0,0,0,2003,2,,,,0,,909
48241,4591,A05,0,A00,A0,A0,E0,0,0,2003,2,5,5,4,5,-1,609
48245,4591,A05,0,A00,A0,A0,E0,0,0,2003,2,217,216,59,59,-1,1626
48249,4591,A05,0,A00,A0,A0,E0,0,0,2003,2,,,0,0,,1001
48251,4591,A05,0,A00,A0,A0,E0,0,0,2003,2,61,57,11,15,-4,929
48257,4591,A05,0,A00,A0,A0,E0,0,0,2003,2,15,17,4,,2,1227
48259,4591,A05,0,A00,A0,A0,E0,0,0,2003,2,,,,,,1401
48265,4591,A05,0,A00,A0,A0,E0,0,0,2003,2,32,34,6,4,2,1031
48273,4591,A05,0,A00,A0,A0,E0,0,0,2003,2,,,,,,767
48277,4591,A05,0,A00,A0,A0,E0,0,0,2003,2,24,27,10,7,3,1712
48285,4591,A05,0,A00,A0,A0,E0,0,0,2003,2,,,,0,,1976
48291,4591,A05,0,A00,A0,A0,E0,0,0,2003,2,,,,,,206
48293,4591,A05,0,A00,A0,A0,E0,0,0,2003,2,,,,0,,1432
48297,4591,A05,0,A00,A0,A0,E0,0,0,2003,2,,,,,,855
48299,4591,A05,0,A00,A0,A0,E0,0,0,2003,2,,,,0,,1093
48303,4591,A05,0,A00,A0,A0,E0,0,0,2003,2,409,449,124,84,40,1303
48305,4591,A05,0,A00,A0,A0,E0,0,0,2003,2,,,,,,1496
48307,4591,A05,0,A00,A0,A0,E0,0,0,2003,2,,,,0,,623
48309,4591,A05,0,A00,A0,A0,E0,0,0,2003,2,179,208,57,29,29,1323
48319,4591,A05,0,A00,A0,A0,E0,0,0,2003,2,,0,0,,,499
48321,4591,A05,0,A00,A0,A0,E0,0,0,2003,2,,,0,,,722
48323,4591,A05,0,A00,A0,A0,E0,0,0,2003,2,13,13,,3,0,1221
48325,4591,A05,0,A00,A0,A0,E0,0,0,2003,2,,,0,0,,995
48327,4591,A05,0,A00,A0,A0,E0,0,0,2003,2,,,0,0,,968
48329,4591,A05,0,A00,A0,A0,E0,0,0,2003,2,130,160,75,45,30,1175
48331,4591,A05,0,A00,A0,A0,E0,0,0,2003,2,,,0,,,614
48339,4591,A05,0,A00,A0,A0,E0,0,0,2003,2,265,285,97,77,20,1183
48341,4591,A05,0,A00,A0,A0,E0,0,0,2003,2,,,,,,728
48347,4591,A05,0,A00,A0,A0,E0,0,0,2003,2,66,60,9,15,-6,1021
48349,4591,A05,0,A00,A0,A0,E0,0,0,2003,2,,,0,0,,1740
48355,4591,A05,0,A00,A0,A0,E0,0,0,2003,2,472,484,125,112,13,1649
48357,4591,A05,0,A00,A0,A0,E0,0,0,2003,2,,,0,,,404
48361,4591,A05,0,A00,A0,A0,E0,0,0,2003,2,33,39,17,11,6,1330
48363,4591,A05,0,A00,A0,A0,E0,0,0,2003,2,,,,,,574
48367,4591,A05,0,A00,A0,A0,E0,0,0,2003,2,19,16,,5,-3,1262
48369,4591,A05,0,A00,A0,A0,E0,0,0,2003,2,,,0,,,506
48371,4591,A05,0,A00,A0,A0,E0,0,0,2003,2,33,32,,,0,1873
48375,4591,A05,0,A00,A0,A0,E0,0,0,2003,2,148,187,71,32,39,1378
48379,4591,A05,0,A00,A0,A0,E0,0,0,2003,2,,,,,,678
48381,4591,A05,0,A00,A0,A0,E0,0,0,2003,2,149,159,49,39,10,1278
48395,4591,A05,0,A00,A0,A0,E0,0,0,2003,2,,,,,,476
48397,4591,A05,0,A00,A0,A0,E0,0,0,2003,2,45,45,16,16,0,870
48399,4591,A05,0,A00,A0,A0,E0,0,0,2003,2,,,0,0,,163
48401,4591,A05,0,A00,A0,A0,E0,0,0,2003,2,,0,0,,,332
48407,4591,A05,0,A00,A0,A0,E0,0,0,2003,2,0,0,,,0,
48409,4591,A05,0,A00,A0,A0,E0,0,0,2003,2,,,,,,1749
48423,4591,A05,0,A00,A0,A0,E0,0,0,2003,2,254,259,65,60,5,1475
48425,4591,A05,0,A00,A0,A0,E0,0,0,2003,2,,,,,,1009
48427,4591,A05,0,A00,A0,A0,E0,0,0,2003,2,12,11,0,,-1,662
48439,4591,A05,0,A00,A0,A0,E0,0,0,2003,2,2037,2071,638,604,34,1567
48441,4591,A05,0,A00,A0,A0,E0,0,0,2003,2,129,157,61,32,29,1135
48449,4591,A05,0,A00,A0,A0,E0,0,0,2003,2,,,,0,,1550
48451,4591,A05,0,A00,A0,A0,E0,0,0,2003,2,122,137,42,27,15,1159
48453,4591,A05,0,A00,A0,A0,E0,0,0,2003,2,1168,1241,333,260,73,1351
48459,4591,A05,0,A00,A0,A0,E0,0,0,2003,2,,,,,,265
48461,4591,A05,0,A00,A0,A0,E0,0,0,2003,2,,,0,0,,545
48465,4591,A05,0,A00,A0,A0,E0,0,0,2003,2,6,8,5,3,2,775
48467,4591,A05,0,A00,A0,A0,E0,0,0,2003,2,7,4,,4,-3,737
48469,4591,A05,0,A00,A0,A0,E0,0,0,2003,2,83,98,43,28,15,1154
48471,4591,A05,0,A00,A0,A0,E0,0,0,2003,2,,,,,,702
48473,4591,A05,0,A00,A0,A0,E0,0,0,2003,2,,,,,,211
48475,4591,A05,0,A00,A0,A0,E0,0,0,2003,2,,,,,,1113
48477,4591,A05,0,A00,A0,A0,E0,0,0,2003,2,13,14,3,,0,322
48479,4591,A05,0,A00,A0,A0,E0,0,0,2003,2,208,236,68,39,28,1579
48481,4591,A05,0,A00,A0,A0,E0,0,0,2003,2,29,31,5,3,2,1664
48485,4591,A05,0,A00,A0,A0,E0,0,0,2003,2,151,160,50,42,9,1234
48487,4591,A05,0,A00,A0,A0,E0,0,0,2003,2,,,,,,1257
48491,4591,A05,0,A00,A0,A0,E0,0,0,2003,2,358,372,97,82,15,1212
48497,4591,A05,0,A00,A0,A0,E0,0,0,2003,2,5,6,,0,1,963
48499,4591,A05,0,A00,A0,A0,E0,0,0,2003,2,35,37,7,5,2,1174
48503,4591,A05,0,A00,A0,A0,E0,0,0,2003,2,,,0,,,734
48,4591,A05,0,A00,A0,A0,E0,0,0,2003,2,21640,23172,7196,5664,1532,1611
48001,4591,A05,0,A00,A0,A0,E0,0,0,2003,3,,,0,0,,1606
48005,4591,A05,0,A00,A0,A0,E0,0,0,2003,3,67,59,16,24,-8,1279
48007,4591,A05,0,A00,A0,A0,E0,0,0,2003,3,20,19,7,8,-1,552
48013,4591,A05,0,A00,A0,A0,E0,0,0,2003,3,,,,0,,1265
48015,4591,A05,0,A00,A0,A0,E0,0,0,2003,3,,,0,0,,864
48019,4591,A05,0,A00,A0,A0,E0,0,0,2003,3,,,,,,1476
48021,4591,A05,0,A00,A0,A0,E0,0,0,2003,3,10,10,,,0,671
48023,4591,A05,0,A00,A0,A0,E0,0,0,2003,3,,,,0,,942
48025,4591,A05,0,A00,A0,A0,E0,0,0,2003,3,,,0,0,,1230
48027,4591,A05,0,A00,A0,A0,E0,0,0,2003,3,189,199,69,58,10,1018
48029,4591,A05,0,A00,A0,A0,E0,0,0,2003,3,1590,1624,445,411,34,1339
48037,4591,A05,0,A00,A0,A0,E0,0,0,2003,3,70,70,31,30,1,1080
48039,4591,A05,0,A00,A0,A0,E0,0,0,2003,3,86,77,21,30,-9,1132
48041,4591,A05,0,A00,A0,A0,E0,0,0,2003,3,144,156,57,45,12,978
48049,4591,A05,0,A00,A0,A0,E0,0,0,2003,3,11,9,0,,-2,465
48053,4591,A05,0,A00,A0,A0,E0,0,0,2003,3,12,14,13,11,1,1456
48057,4591,A05,0,A00,A0,A0,E0,0,0,2003,3,,,0,,,575
48059,4591,A05,0,A00,A0,A0,E0,0,0,2003,3,,,,,,923
48061,4591,A05,0,A00,A0,A0,E0,0,0,2003,3,347,363,495,479,16,1210
48067,4591,A05,0,A00,A0,A0,E0,0,0,2003,3,,,,,,850
48073,4591,A05,0,A00,A0,A0,E0,0,0,2003,3,16,19,7,5,3,1882
48075,4591,A05,0,A00,A0,A0,E0,0,0,2003,3,,,,,,351
48085,4591,A05,0,A00,A0,A0,E0,0,0,2003,3,959,1041,369,287,82,1286
48089,4591,A05,0,A00,A0,A0,E0,0,0,2003,3,,,,0,,812
48091,4591,A05,0,A00,A0,A0,E0,0,0,2003,3,102,83,35,54,-19,1007
48093,4591,A05,0,A00,A0,A0,E0,0,0,2003,3,,,0,0,,1354
48097,4591,A05,0,A00,A0,A0,E0,0,0,2003,3,,,,,,728
48099,4591,A05,0,A00,A0,A0,E0,0,0,2003,3,6,5,0,,-1,815
48103,4591,A05,0,A00,A0,A0,E0,0,0,2003,3,,,0,0,,1878
48113,4591,A05,0,A00,A0,A0,E0,0,0,2003,3,4709,4764,1059,1004,55,3179
48121,4591,A05,0,A00,A0,A0,E0,0,0,2003,3,459,467,130,122,8,1388
48123,4591,A05,0,A00,A0,A0,E0,0,0,2003,3,,,,0,,916
48135,4591,A05,0,A00,A0,A0,E0,0,0,2003,3,156,159,43,39,3,1401
48139,4591,A05,0,A00,A0,A0,E0,0,0,2003,3,239,244,69,65,4,1363
48141,4591,A05,0,A00,A0,A0,E0,0,0,2003,3,826,837,233,223,11,1216
48143,4591,A05,0,A00,A0,A0,E0,0,0,2003,3,11,11,4,4,0,578
48149,4591,A05,0,A00,A0,A0,E0,0,0,2003,3,,,0,0,,2088
48153,4591,A05,0,A00,A0,A0,E0,0,0,2003,3,,,0,,,852
48157,4591,A05,0,A00,A0,A0,E0,0,0,2003,3,299,307,83,75,8,1201
48163,4591,A05,0,A00,A0,A0,E0,0,0,2003,3,,,0,,,479
48165,4591,A05,0,A00,A0,A0,E0,0,0,2003,3,,,,,,416
48167,4591,A05,0,A00,A0,A0,E0,0,0,2003,3,117,120,43,41,3,1048
48171,4591,A05,0,A00,A0,A0,E0,0,0,2003,3,9,8,,3,-1,779
48177,4591,A05,0,A00,A0,A0,E0,0,0,2003,3,,,0,0,,308
48179,4591,A05,0,A00,A0,A0,E0,0,0,2003,3,38,37,12,13,-1,448
48181,4591,A05,0,A00,A0,A0,E0,0,0,2003,3,102,110,39,31,8,1048
48183,4591,A05,0,A00,A0,A0,E0,0,0,2003,3,271,243,87,115,-28,1328
48187,4591,A05,0,A00,A0,A0,E0,0,0,2003,3,12,12,3,,0,1098
48189,4591,A05,0,A00,A0,A0,E0,0,0,2003,3,11,8,3,5,-2,743
48191,4591,A05,0,A00,A0,A0,E0,0,0,2003,3,,,0,,,358
48201,4591,A05,0,A00,A0,A0,E0,0,0,2003,3,4069,4151,1147,1066,81,1430
48203,4591,A05,0,A00,A0,A0,E0,0,0,2003,3,57,60,19,17,2,1467
48207,4591,A05,0,A00,A0,A0,E0,0,0,2003,3,,,,,,408
48209,4591,A05,0,A00,A0,A0,E0,0,0,2003,3,108,118,37,27,10,1827
48213,4591,A05,0,A00,A0,A0,E0,0,0,2003,3,,,0,,,925
48215,4591,A05,0,A00,A0,A0,E0,0,0,2003,3,473,476,114,111,3,1234
48217,4591,A05,0,A00,A0,A0,E0,0,0,2003,3,17,26,15,6,9,1442
48219,4591,A05,0,A00,A0,A0,E0,0,0,2003,3,7,7,,,0,850
48221,4591,A05,0,A00,A0,A0,E0,0,0,2003,3,6,4,0,,-1,1772
48223,4591,A05,0,A00,A0,A0,E0,0,0,2003,3,,,,,,1343
48227,4591,A05,0,A00,A0,A0,E0,0,0,2003,3,8,6,,3,-2,470
48231,4591,A05,0,A00,A0,A0,E0,0,0,2003,3,11,13,5,3,1,1949
48233,4591,A05,0,A00,A0,A0,E0,0,0,2003,3,,,,,,460
48241,4591,A05,0,A00,A0,A0,E0,0,0,2003,3,5,6,9,7,2,355
48245,4591,A05,0,A00,A0,A0,E0,0,0,2003,3,216,230,68,54,15,1443
48249,4591,A05,0,A00,A0,A0,E0,0,0,2003,3,,,0,,,814
48251,4591,A05,0,A00,A0,A0,E0,0,0,2003,3,57,62,16,11,6,996
48257,4591,A05,0,A00,A0,A0,E0,0,0,2003,3,17,19,4,,2,1131
48259,4591,A05,0,A00,A0,A0,E0,0,0,2003,3,,,,,,1634
48265,4591,A05,0,A00,A0,A0,E0,0,0,2003,3,34,38,6,,4,985
48273,4591,A05,0,A00,A0,A0,E0,0,0,2003,3,,,,,,751
48277,4591,A05,0,A00,A0,A0,E0,0,0,2003,3,27,24,6,8,-3,1657
48285,4591,A05,0,A00,A0,A0,E0,0,0,2003,3,,,,0,,2032
48291,4591,A05,0,A00,A0,A0,E0,0,0,2003,3,,,,0,,661
48293,4591,A05,0,A00,A0,A0,E0,0,0,2003,3,,,0,,,478
48297,4591,A05,0,A00,A0,A0,E0,0,0,2003,3,,,,0,,849
48299,4591,A05,0,A00,A0,A0,E0,0,0,2003,3,,,,,,848
48303,4591,A05,0,A00,A0,A0,E0,0,0,2003,3,448,433,105,120,-15,1328
48305,4591,A05,0,A00,A0,A0,E0,0,0,2003,3,,,0,,,1141
48307,4591,A05,0,A00,A0,A0,E0,0,0,2003,3,,,0,0,,235
48309,4591,A05,0,A00,A0,A0,E0,0,0,2003,3,208,204,38,41,-4,1343
48321,4591,A05,0,A00,A0,A0,E0,0,0,2003,3,5,7,4,,2,1005
48323,4591,A05,0,A00,A0,A0,E0,0,0,2003,3,13,13,5,5,0,1191
48325,4591,A05,0,A00,A0,A0,E0,0,0,2003,3,,,,0,,600
48327,4591,A05,0,A00,A0,A0,E0,0,0,2003,3,,,0,0,,1500
48329,4591,A05,0,A00,A0,A0,E0,0,0,2003,3,160,168,73,65,8,1250
48331,4591,A05,0,A00,A0,A0,E0,0,0,2003,3,,,,,,700
48339,4591,A05,0,A00,A0,A0,E0,0,0,2003,3,285,307,97,75,22,1166
48341,4591,A05,0,A00,A0,A0,E0,0,0,2003,3,,,,,,622
48347,4591,A05,0,A00,A0,A0,E0,0,0,2003,3,60,59,18,19,-1,1057
48349,4591,A05,0,A00,A0,A0,E0,0,0,2003,3,,,0,0,,1740
48355,4591,A05,0,A00,A0,A0,E0,0,0,2003,3,400,437,133,96,37,1415
48357,4591,A05,0,A00,A0,A0,E0,0,0,2003,3,,,0,0,,519
48361,4591,A05,0,A00,A0,A0,E0,0,0,2003,3,39,38,12,13,-1,1180
48363,4591,A05,0,A00,A0,A0,E0,0,0,2003,3,,,,,,603
48367,4591,A05,0,A00,A0,A0,E0,0,0,2003,3,16,16,3,3,0,1488
48369,4591,A05,0,A00,A0,A0,E0,0,0,2003,3,,,0,0,,817
48371,4591,A05,0,A00,A0,A0,E0,0,0,2003,3,32,32,8,8,0,1597
48375,4591,A05,0,A00,A0,A0,E0,0,0,2003,3,214,229,69,54,15,1433
48379,4591,A05,0,A00,A0,A0,E0,0,0,2003,3,,,0,0,,701
48381,4591,A05,0,A00,A0,A0,E0,0,0,2003,3,132,133,33,32,2,1108
48395,4591,A05,0,A00,A0,A0,E0,0,0,2003,3,,,,0,,909
48397,4591,A05,0,A00,A0,A0,E0,0,0,2003,3,45,49,22,18,4,901
48399,4591,A05,0,A00,A0,A0,E0,0,0,2003,3,,,0,0,,39
48407,4591,A05,0,A00,A0,A0,E0,0,0,2003,3,0,0,,,0,
48409,4591,A05,0,A00,A0,A0,E0,0,0,2003,3,9,12,6,,4,1108
48423,4591,A05,0,A00,A0,A0,E0,0,0,2003,3,259,270,72,61,11,1437
48425,4591,A05,0,A00,A0,A0,E0,0,0,2003,3,,,,,,1050
48427,4591,A05,0,A00,A0,A0,E0,0,0,2003,3,11,12,,,1,811
48439,4591,A05,0,A00,A0,A0,E0,0,0,2003,3,2036,2019,508,526,-17,1754
48441,4591,A05,0,A00,A0,A0,E0,0,0,2003,3,157,160,48,46,2,1103
48449,4591,A05,0,A00,A0,A0,E0,0,0,2003,3,,,0,0,,1302
48451,4591,A05,0,A00,A0,A0,E0,0,0,2003,3,137,138,47,46,1,1178
48453,4591,A05,0,A00,A0,A0,E0,0,0,2003,3,1249,1337,393,305,88,1387
48459,4591,A05,0,A00,A0,A0,E0,0,0,2003,3,,,,,,479
48461,4591,A05,0,A00,A0,A0,E0,0,0,2003,3,,,0,0,,470
48463,4591,A05,0,A00,A0,A0,E0,0,0,2003,3,0,,,0,,
48465,4591,A05,0,A00,A0,A0,E0,0,0,2003,3,8,12,6,,5,742
48467,4591,A05,0,A00,A0,A0,E0,0,0,2003,3,4,6,3,,2,797
48469,4591,A05,0,A00,A0,A0,E0,0,0,2003,3,98,101,33,30,3,1065
48471,4591,A05,0,A00,A0,A0,E0,0,0,2003,3,,,,,,685
48473,4591,A05,0,A00,A0,A0,E0,0,0,2003,3,,,,,,195
48475,4591,A05,0,A00,A0,A0,E0,0,0,2003,3,,,,,,1013
48477,4591,A05,0,A00,A0,A0,E0,0,0,2003,3,14,15,6,5,1,327
48479,4591,A05,0,A00,A0,A0,E0,0,0,2003,3,236,245,59,50,9,1414
48481,4591,A05,0,A00,A0,A0,E0,0,0,2003,3,31,26,6,10,-5,1826
48485,4591,A05,0,A00,A0,A0,E0,0,0,2003,3,160,159,34,34,-1,1162
48487,4591,A05,0,A00,A0,A0,E0,0,0,2003,3,,,,,,1558
48491,4591,A05,0,A00,A0,A0,E0,0,0,2003,3,372,411,137,98,40,1308
48497,4591,A05,0,A00,A0,A0,E0,0,0,2003,3,6,5,,3,-1,692
48499,4591,A05,0,A00,A0,A0,E0,0,0,2003,3,37,29,,9,-8,1172
48503,4591,A05,0,A00,A0,A0,E0,0,0,2003,3,,,,,,431
48,4591,A05,0,A00,A0,A0,E0,0,0,2003,3,23163,23688,6882,6357,525,1735
48001,4591,A05,0,A00,A0,A0,E0,0,0,2003,4,,,0,0,,1858
48005,4591,A05,0,A00,A0,A0,E0,0,0,2003,4,59,50,13,22,-9,1335
48007,4591,A05,0,A00,A0,A0,E0,0,0,2003,4,19,20,9,8,0,496
48013,4591,A05,0,A00,A0,A0,E0,0,0,2003,4,,,0,0,,1399
48015,4591,A05,0,A00,A0,A0,E0,0,0,2003,4,,,0,0,,944
48019,4591,A05,0,A00,A0,A0,E0,0,0,2003,4,,,,,,1368
48021,4591,A05,0,A00,A0,A0,E0,0,0,2003,4,10,10,,,0,629
48023,4591,A05,0,A00,A0,A0,E0,0,0,2003,4,,,,,,826
48025,4591,A05,0,A00,A0,A0,E0,0,0,2003,4,,,0,0,,1230
48027,4591,A05,0,A00,A0,A0,E0,0,0,2003,4,199,231,94,61,32,1060
48029,4591,A05,0,A00,A0,A0,E0,0,0,2003,4,1624,1826,722,520,202,1428
48037,4591,A05,0,A00,A0,A0,E0,0,0,2003,4,70,96,90,65,25,1206
48039,4591,A05,0,A00,A0,A0,E0,0,0,2003,4,77,70,13,20,-7,1079
48041,4591,A05,0,A00,A0,A0,E0,0,0,2003,4,156,164,55,47,7,954
48049,4591,A05,0,A00,A0,A0,E0,0,0,2003,4,9,8,0,,-1,478
48053,4591,A05,0,A00,A0,A0,E0,0,0,2003,4,14,15,4,3,1,1349
48057,4591,A05,0,A00,A0,A0,E0,0,0,2003,4,,,0,0,,617
48059,4591,A05,0,A00,A0,A0,E0,0,0,2003,4,,,0,,,893
48061,4591,A05,0,A00,A0,A0,E0,0,0,2003,4,364,416,199,147,52,1263
48067,4591,A05,0,A00,A0,A0,E0,0,0,2003,4,,,,0,,901
48073,4591,A05,0,A00,A0,A0,E0,0,0,2003,4,19,12,3,10,-7,1337
48075,4591,A05,0,A00,A0,A0,E0,0,0,2003,4,,,0,0,,531
48085,4591,A05,0,A00,A0,A0,E0,0,0,2003,4,1042,1300,689,431,258,1338
48089,4591,A05,0,A00,A0,A0,E0,0,0,2003,4,,,0,0,,1127
48091,4591,A05,0,A00,A0,A0,E0,0,0,2003,4,83,85,28,26,2,1179
48093,4591,A05,0,A00,A0,A0,E0,0,0,2003,4,,,0,0,,1354
48097,4591,A05,0,A00,A0,A0,E0,0,0,2003,4,8,7,8,9,-1,694
48099,4591,A05,0,A00,A0,A0,E0,0,0,2003,4,5,6,,0,1,1082
48103,4591,A05,0,A00,A0,A0,E0,0,0,2003,4,,,0,,,1878
48113,4591,A05,0,A00,A0,A0,E0,0,0,2003,4,4764,4681,1575,1658,-82,2966
48121,4591,A05,0,A00,A0,A0,E0,0,0,2003,4,468,531,199,135,64,1399
48123,4591,A05,0,A00,A0,A0,E0,0,0,2003,4,,,0,0,,863
48135,4591,A05,0,A00,A0,A0,E0,0,0,2003,4,159,172,45,32,13,1572
48139,4591,A05,0,A00,A0,A0,E0,0,0,2003,4,244,363,229,110,119,1585
48141,4591,A05,0,A00,A0,A0,E0,0,0,2003,4,837,1020,548,365,184,1286
48143,4591,A05,0,A00,A0,A0,E0,0,0,2003,4,11,8,4,7,-4,821
48149,4591,A05,0,A00,A0,A0,E0,0,0,2003,4,,,0,0,,1816
48153,4591,A05,0,A00,A0,A0,E0,0,0,2003,4,,,0,,,893
48157,4591,A05,0,A00,A0,A0,E0,0,0,2003,4,307,361,181,127,54,1303
48163,4591,A05,0,A00,A0,A0,E0,0,0,2003,4,,,0,,,429
48165,4591,A05,0,A00,A0,A0,E0,0,0,2003,4,,,,,,293
48167,4591,A05,0,A00,A0,A0,E0,0,0,2003,4,120,112,34,42,-9,1177
48171,4591,A05,0,A00,A0,A0,E0,0,0,2003,4,8,6,,4,-2,738
48177,4591,A05,0,A00,A0,A0,E0,0,0,2003,4,,,0,0,,251
48179,4591,A05,0,A00,A0,A0,E0,0,0,2003,4,37,33,,6,-5,391
48181,4591,A05,0,A00,A0,A0,E0,0,0,2003,4,110,128,56,38,18,1072
48183,4591,A05,0,A00,A0,A0,E0,0,0,2003,4,243,274,141,109,32,1444
48187,4591,A05,0,A00,A0,A0,E0,0,0,2003,4,12,11,,,-1,1058
48189,4591,A05,0,A00,A0,A0,E0,0,0,2003,4,8,8,,,0,870
48191,4591,A05,0,A00,A0,A0,E0,0,0,2003,4,,,0,0,,439
48201,4591,A05,0,A00,A0,A0,E0,0,0,2003,4,4148,4591,1934,1491,443,1651
48203,4591,A05,0,A00,A0,A0,E0,0,0,2003,4,60,50,8,17,-9,1525
48207,4591,A05,0,A00,A0,A0,E0,0,0,2003,4,,,,,,389
48209,4591,A05,0,A00,A0,A0,E0,0,0,2003,4,117,153,78,42,35,1793
48213,4591,A05,0,A00,A0,A0,E0,0,0,2003,4,,,0,0,,963
48215,4591,A05,0,A00,A0,A0,E0,0,0,2003,4,477,581,311,207,104,1328
48217,4591,A05,0,A00,A0,A0,E0,0,0,2003,4,26,32,18,12,6,1274
48219,4591,A05,0,A00,A0,A0,E0,0,0,2003,4,7,6,0,,-1,907
48221,4591,A05,0,A00,A0,A0,E0,0,0,2003,4,4,,,5,-3,1381
48223,4591,A05,0,A00,A0,A0,E0,0,0,2003,4,,,,,,1273
48227,4591,A05,0,A00,A0,A0,E0,0,0,2003,4,6,7,3,3,1,244
48231,4591,A05,0,A00,A0,A0,E0,0,0,2003,4,13,14,,,1,1909
48233,4591,A05,0,A00,A0,A0,E0,0,0,2003,4,,,0,0,,775
48241,4591,A05,0,A00,A0,A0,E0,0,0,2003,4,6,5,3,5,-2,506
48245,4591,A05,0,A00,A0,A0,E0,0,0,2003,4,230,266,114,79,35,1592
48249,4591,A05,0,A00,A0,A0,E0,0,0,2003,4,,,0,0,,1322
48251,4591,A05,0,A00,A0,A0,E0,0,0,2003,4,62,68,16,10,6,1151
48257,4591,A05,0,A00,A0,A0,E0,0,0,2003,4,19,25,18,13,6,1099
48259,4591,A05,0,A00,A0,A0,E0,0,0,2003,4,,,,,,2149
48265,4591,A05,0,A00,A0,A0,E0,0,0,2003,4,38,35,4,7,-3,959
48273,4591,A05,0,A00,A0,A0,E0,0,0,2003,4,,,0,,,548
48277,4591,A05,0,A00,A0,A0,E0,0,0,2003,4,24,25,3,,1,4152
48285,4591,A05,0,A00,A0,A0,E0,0,0,2003,4,,,0,0,,2196
48291,4591,A05,0,A00,A0,A0,E0,0,0,2003,4,,0,0,,,116
48293,4591,A05,0,A00,A0,A0,E0,0,0,2003,4,,,0,0,,1732
48297,4591,A05,0,A00,A0,A0,E0,0,0,2003,4,,,,,,703
48299,4591,A05,0,A00,A0,A0,E0,0,0,2003,4,,,,,,1343
48303,4591,A05,0,A00,A0,A0,E0,0,0,2003,4,433,491,208,150,58,1491
48305,4591,A05,0,A00,A0,A0,E0,0,0,2003,4,,,0,,,1275
48307,4591,A05,0,A00,A0,A0,E0,0,0,2003,4,,,0,0,,401
48309,4591,A05,0,A00,A0,A0,E0,0,0,2003,4,204,229,72,47,25,1426
48321,4591,A05,0,A00,A0,A0,E0,0,0,2003,4,7,7,0,0,0,798
48323,4591,A05,0,A00,A0,A0,E0,0,0,2003,4,13,13,12,12,0,966
48325,4591,A05,0,A00,A0,A0,E0,0,0,2003,4,,,,,,286
48327,4591,A05,0,A00,A0,A0,E0,0,0,2003,4,,,,,,1381
48329,4591,A05,0,A00,A0,A0,E0,0,0,2003,4,172,204,107,75,32,1223
48331,4591,A05,0,A00,A0,A0,E0,0,0,2003,4,,,0,0,,689
48339,4591,A05,0,A00,A0,A0,E0,0,0,2003,4,307,346,146,107,39,1399
48341,4591,A05,0,A00,A0,A0,E0,0,0,2003,4,,,0,0,,436
48347,4591,A05,0,A00,A0,A0,E0,0,0,2003,4,59,64,13,9,4,1173
48349,4591,A05,0,A00,A0,A0,E0,0,0,2003,4,,,0,0,,1874
48355,4591,A05,0,A00,A0,A0,E0,0,0,2003,4,436,476,191,151,40,1517
48357,4591,A05,0,A00,A0,A0,E0,0,0,2003,4,,,,0,,569
48361,4591,A05,0,A00,A0,A0,E0,0,0,2003,4,38,37,7,8,-1,1491
48363,4591,A05,0,A00,A0,A0,E0,0,0,2003,4,,,0,,,677
48367,4591,A05,0,A00,A0,A0,E0,0,0,2003,4,16,13,,5,-3,1505
48369,4591,A05,0,A00,A0,A0,E0,0,0,2003,4,,,0,0,,859
48371,4591,A05,0,A00,A0,A0,E0,0,0,2003,4,17,17,7,8,-1,1383
48375,4591,A05,0,A00,A0,A0,E0,0,0,2003,4,229,264,142,108,34,1374
48379,4591,A05,0,A00,A0,A0,E0,0,0,2003,4,,,0,0,,537
48381,4591,A05,0,A00,A0,A0,E0,0,0,2003,4,133,136,35,32,3,1181
48395,4591,A05,0,A00,A0,A0,E0,0,0,2003,4,,,0,0,,1068
48397,4591,A05,0,A00,A0,A0,E0,0,0,2003,4,49,53,23,19,4,858
48399,4591,A05,0,A00,A0,A0,E0,0,0,2003,4,,,0,0,,171
48409,4591,A05,0,A00,A0,A0,E0,0,0,2003,4,12,13,6,5,1,1424
48415,4591,A05,0,A00,A0,A0,E0,0,0,2003,4,0,,,0,,
48423,4591,A05,0,A00,A0,A0,E0,0,0,2003,4,275,300,133,108,25,1478
48425,4591,A05,0,A00,A0,A0,E0,0,0,2003,4,,,,,,802
48427,4591,A05,0,A00,A0,A0,E0,0,0,2003,4,12,11,,,0,810
48439,4591,A05,0,A00,A0,A0,E0,0,0,2003,4,2015,2295,866,585,280,1884
48441,4591,A05,0,A00,A0,A0,E0,0,0,2003,4,160,169,60,51,10,1195
48449,4591,A05,0,A00,A0,A0,E0,0,0,2003,4,,0,0,,,2399
48451,4591,A05,0,A00,A0,A0,E0,0,0,2003,4,149,164,53,38,15,1284
48453,4591,A05,0,A00,A0,A0,E0,0,0,2003,4,1338,1459,472,351,122,1481
48459,4591,A05,0,A00,A0,A0,E0,0,0,2003,4,,,,0,,655
48461,4591,A05,0,A00,A0,A0,E0,0,0,2003,4,,0,0,,,441
48463,4591,A05,0,A00,A0,A0,E0,0,0,2003,4,,,0,,,620
48465,4591,A05,0,A00,A0,A0,E0,0,0,2003,4,12,9,5,8,-3,948
48467,4591,A05,0,A00,A0,A0,E0,0,0,2003,4,6,6,,,0,792
48469,4591,A05,0,A00,A0,A0,E0,0,0,2003,4,101,116,61,46,15,1170
48471,4591,A05,0,A00,A0,A0,E0,0,0,2003,4,,,,0,,728
48473,4591,A05,0,A00,A0,A0,E0,0,0,2003,4,,,0,,,195
48475,4591,A05,0,A00,A0,A0,E0,0,0,2003,4,,,0,,,1047
48477,4591,A05,0,A00,A0,A0,E0,0,0,2003,4,15,13,5,7,-2,385
48479,4591,A05,0,A00,A0,A0,E0,0,0,2003,4,245,301,173,117,56,1586
48481,4591,A05,0,A00,A0,A0,E0,0,0,2003,4,26,25,4,5,-1,2322
48485,4591,A05,0,A00,A0,A0,E0,0,0,2003,4,159,164,51,47,5,1246
48487,4591,A05,0,A00,A0,A0,E0,0,0,2003,4,,,,,,875
48489,4591,A05,0,A00,A0,A0,E0,0,0,2003,4,0,,,0,,
48491,4591,A05,0,A00,A0,A0,E0,0,0,2003,4,411,472,170,109,61,1410
48497,4591,A05,0,A00,A0,A0,E0,0,0,2003,4,5,6,,0,1,833
48499,4591,A05,0,A00,A0,A0,E0,0,0,2003,4,27,29,25,23,2,1203
48503,4591,A05,0,A00,A0,A0,E0,0,0,2003,4,,,0,,,812
48,4591,A05,0,A00,A0,A0,E0,0,0,2003,4,23690,26050,10555,8196,2359,1785
48001,4591,A05,0,A00,A0,A0,E0,0,0,2004,1,,,0,0,,1956
48005,4591,A05,0,A00,A0,A0,E0,0,0,2004,1,50,56,21,15,5,1340
48007,4591,A05,0,A00,A0,A0,E0,0,0,2004,1,20,23,4,,3,606
48013,4591,A05,0,A00,A0,A0,E0,0,0,2004,1,,,0,0,,1375
48015,4591,A05,0,A00,A0,A0,E0,0,0,2004,1,,,0,0,,911
48019,4591,A05,0,A00,A0,A0,E0,0,0,2004,1,,,0,0,,1135
48021,4591,A05,0,A00,A0,A0,E0,0,0,2004,1,10,8,0,,-1,668
48023,4591,A05,0,A00,A0,A0,E0,0,0,2004,1,,,0,0,,548
48025,4591,A05,0,A00,A0,A0,E0,0,0,2004,1,,,0,0,,379
48027,4591,A05,0,A00,A0,A0,E0,0,0,2004,1,224,184,39,79,-40,895
48029,4591,A05,0,A00,A0,A0,E0,0,0,2004,1,1819,1556,233,497,-264,1161
48037,4591,A05,0,A00,A0,A0,E0,0,0,2004,1,96,67,17,46,-29,786
48039,4591,A05,0,A00,A0,A0,E0,0,0,2004,1,66,65,14,15,-1,1104
48041,4591,A05,0,A00,A0,A0,E0,0,0,2004,1,167,166,35,36,-1,915
48049,4591,A05,0,A00,A0,A0,E0,0,0,2004,1,8,8,,,0,469
48053,4591,A05,0,A00,A0,A0,E0,0,0,2004,1,,,,,,1068
48057,4591,A05,0,A00,A0,A0,E0,0,0,2004,1,,,0,,,436
48059,4591,A05,0,A00,A0,A0,E0,0,0,2004,1,,,0,,,707
48061,4591,A05,0,A00,A0,A0,E0,0,0,2004,1,419,357,488,550,-62,993
48067,4591,A05,0,A00,A0,A0,E0,0,0,2004,1,,,0,,,617
48073,4591,A05,0,A00,A0,A0,E0,0,0,2004,1,12,17,7,,5,1467
48075,4591,A05,0,A00,A0,A0,E0,0,0,2004,1,,,0,,,548
48085,4591,A05,0,A00,A0,A0,E0,0,0,2004,1,1331,1089,252,494,-242,1075
48089,4591,A05,0,A00,A0,A0,E0,0,0,2004,1,,,0,0,,815
48091,4591,A05,0,A00,A0,A0,E0,0,0,2004,1,85,90,38,34,4,1124
48093,4591,A05,0,A00,A0,A0,E0,0,0,2004,1,,,0,0,,1354
48097,4591,A05,0,A00,A0,A0,E0,0,0,2004,1,,,,,,563
48099,4591,A05,0,A00,A0,A0,E0,0,0,2004,1,6,,0,3,-3,859
48103,4591,A05,0,A00,A0,A0,E0,0,0,2004,1,,,,,,1314
48113,4591,A05,0,A00,A0,A0,E0,0,0,2004,1,3471,3126,629,975,-345,1529
48121,4591,A05,0,A00,A0,A0,E0,0,0,2004,1,577,514,114,177,-63,1226
48123,4591,A05,0,A00,A0,A0,E0,0,0,2004,1,,,,,,689
48135,4591,A05,0,A00,A0,A0,E0,0,0,2004,1,172,160,29,41,-12,1382
48139,4591,A05,0,A00,A0,A0,E0,0,0,2004,1,359,263,49,145,-95,908
48141,4591,A05,0,A00,A0,A0,E0,0,0,2004,1,1017,825,138,330,-192,1639
48143,4591,A05,0,A00,A0,A0,E0,0,0,2004,1,8,13,9,4,5,852
48149,4591,A05,0,A00,A0,A0,E0,0,0,2004,1,,,0,0,,2143
48153,4591,A05,0,A00,A0,A0,E0,0,0,2004,1,,,,0,,1398
48157,4591,A05,0,A00,A0,A0,E0,0,0,2004,1,368,303,60,125,-65,986
48161,4591,A05,0,A00,A0,A0,E0,0,0,2004,1,0,,,,,
48163,4591,A05,0,A00,A0,A0,E0,0,0,2004,1,,,0,0,,528
48165,4591,A05,0,A00,A0,A0,E0,0,0,2004,1,,,,,,369
48167,4591,A05,0,A00,A0,A0,E0,0,0,2004,1,96,91,17,22,-5,1007
48171,4591,A05,0,A00,A0,A0,E0,0,0,2004,1,10,8,0,,-2,773
48177,4591,A05,0,A00,A0,A0,E0,0,0,2004,1,,,0,0,,285
48179,4591,A05,0,A00,A0,A0,E0,0,0,2004,1,32,36,10,7,3,388
48181,4591,A05,0,A00,A0,A0,E0,0,0,2004,1,128,111,25,42,-17,1235
48183,4591,A05,0,A00,A0,A0,E0,0,0,2004,1,274,235,71,110,-39,1268
48187,4591,A05,0,A00,A0,A0,E0,0,0,2004,1,11,11,,3,0,831
48189,4591,A05,0,A00,A0,A0,E0,0,0,2004,1,8,8,,,0,794
48191,4591,A05,0,A00,A0,A0,E0,0,0,2004,1,,,0,0,,512
48201,4591,A05,0,A00,A0,A0,E0,0,0,2004,1,4653,4065,684,1273,-589,1280
48203,4591,A05,0,A00,A0,A0,E0,0,0,2004,1,50,64,22,8,14,1402
48207,4591,A05,0,A00,A0,A0,E0,0,0,2004,1,,,,,,287
48209,4591,A05,0,A00,A0,A0,E0,0,0,2004,1,155,115,18,58,-40,1296
48213,4591,A05,0,A00,A0,A0,E0,0,0,2004,1,,,0,0,,825
48215,4591,A05,0,A00,A0,A0,E0,0,0,2004,1,580,474,62,168,-106,1077
48217,4591,A05,0,A00,A0,A0,E0,0,0,2004,1,32,20,,15,-12,898
48219,4591,A05,0,A00,A0,A0,E0,0,0,2004,1,6,7,,,1,712
48221,4591,A05,0,A00,A0,A0,E0,0,0,2004,1,,,,0,,644
48223,4591,A05,0,A00,A0,A0,E0,0,0,2004,1,,,,,,1298
48227,4591,A05,0,A00,A0,A0,E0,0,0,2004,1,,,,,,269
48231,4591,A05,0,A00,A0,A0,E0,0,0,2004,1,14,14,5,5,0,1511
48233,4591,A05,0,A00,A0,A0,E0,0,0,2004,1,,,,0,,430
48241,4591,A05,0,A00,A0,A0,E0,0,0,2004,1,5,4,3,4,-1,684
48245,4591,A05,0,A00,A0,A0,E0,0,0,2004,1,265,215,40,91,-51,1120
48249,4591,A05,0,A00,A0,A0,E0,0,0,2004,1,,,0,0,,1322
48251,4591,A05,0,A00,A0,A0,E0,0,0,2004,1,62,58,6,11,-5,1060
48257,4591,A05,0,A00,A0,A0,E0,0,0,2004,1,25,25,13,13,0,732
48265,4591,A05,0,A00,A0,A0,E0,0,0,2004,1,35,30,4,10,-5,844
48273,4591,A05,0,A00,A0,A0,E0,0,0,2004,1,,,,,,397
48277,4591,A05,0,A00,A0,A0,E0,0,0,2004,1,10,8,,,-1,1245
48285,4591,A05,0,A00,A0,A0,E0,0,0,2004,1,,,,0,,1940
48293,4591,A05,0,A00,A0,A0,E0,0,0,2004,1,,,0,0,,1732
48299,4591,A05,0,A00,A0,A0,E0,0,0,2004,1,,,,,,629
48303,4591,A05,0,A00,A0,A0,E0,0,0,2004,1,483,420,65,128,-63,1388
48305,4591,A05,0,A00,A0,A0,E0,0,0,2004,1,,,0,0,,1750
48307,4591,A05,0,A00,A0,A0,E0,0,0,2004,1,,,0,0,,234
48309,4591,A05,0,A00,A0,A0,E0,0,0,2004,1,224,196,29,57,-28,1156
48321,4591,A05,0,A00,A0,A0,E0,0,0,2004,1,7,7,0,0,0,769
48323,4591,A05,0,A00,A0,A0,E0,0,0,2004,1,13,6,,9,-7,919
48325,4591,A05,0,A00,A0,A0,E0,0,0,2004,1,,,0,,,341
48327,4591,A05,0,A00,A0,A0,E0,0,0,2004,1,,,,0,,955
48329,4591,A05,0,A00,A0,A0,E0,0,0,2004,1,201,157,35,79,-44,939
48331,4591,A05,0,A00,A0,A0,E0,0,0,2004,1,,,,,,497
48339,4591,A05,0,A00,A0,A0,E0,0,0,2004,1,355,312,82,125,-44,980
48341,4591,A05,0,A00,A0,A0,E0,0,0,2004,1,,,,,,390
48347,4591,A05,0,A00,A0,A0,E0,0,0,2004,1,63,55,11,19,-8,1052
48349,4591,A05,0,A00,A0,A0,E0,0,0,2004,1,,,0,0,,1740
48355,4591,A05,0,A00,A0,A0,E0,0,0,2004,1,474,399,67,143,-75,1327
48357,4591,A05,0,A00,A0,A0,E0,0,0,2004,1,,,0,,,419
48361,4591,A05,0,A00,A0,A0,E0,0,0,2004,1,37,37,10,10,0,1246
48363,4591,A05,0,A00,A0,A0,E0,0,0,2004,1,,,0,,,752
48367,4591,A05,0,A00,A0,A0,E0,0,0,2004,1,13,14,,0,1,1886
48369,4591,A05,0,A00,A0,A0,E0,0,0,2004,1,,,0,,,892
48371,4591,A05,0,A00,A0,A0,E0,0,0,2004,1,17,14,5,8,-3,1920
48373,4591,A05,0,A00,A0,A0,E0,0,0,2004,1,,,0,0,,1461
48375,4591,A05,0,A00,A0,A0,E0,0,0,2004,1,263,209,24,78,-54,3044
48379,4591,A05,0,A00,A0,A0,E0,0,0,2004,1,,,0,0,,737
48381,4591,A05,0,A00,A0,A0,E0,0,0,2004,1,138,135,22,24,-3,1068
48395,4591,A05,0,A00,A0,A0,E0,0,0,2004,1,,,,0,,1033
48397,4591,A05,0,A00,A0,A0,E0,0,0,2004,1,53,49,10,14,-4,871
48399,4591,A05,0,A00,A0,A0,E0,0,0,2004,1,,,0,0,,56
48407,4591,A05,0,A00,A0,A0,E0,0,0,2004,1,0,0,,,0,
48409,4591,A05,0,A00,A0,A0,E0,0,0,2004,1,13,19,9,4,6,1109
48415,4591,A05,0,A00,A0,A0,E0,0,0,2004,1,,,,0,,1088
48423,4591,A05,0,A00,A0,A0,E0,0,0,2004,1,299,278,62,83,-21,1295
48425,4591,A05,0,A00,A0,A0,E0,0,0,2004,1,,,,,,513
48427,4591,A05,0,A00,A0,A0,E0,0,0,2004,1,,,0,0,,697
48439,4591,A05,0,A00,A0,A0,E0,0,0,2004,1,2419,2106,498,811,-313,1468
48441,4591,A05,0,A00,A0,A0,E0,0,0,2004,1,167,138,16,45,-30,1078
48449,4591,A05,0,A00,A0,A0,E0,0,0,2004,1,0,,,0,,
48451,4591,A05,0,A00,A0,A0,E0,0,0,2004,1,163,147,20,37,-17,1170
48453,4591,A05,0,A00,A0,A0,E0,0,0,2004,1,1467,1342,217,342,-125,1302
48459,4591,A05,0,A00,A0,A0,E0,0,0,2004,1,,,0,0,,686
48461,4591,A05,0,A00,A0,A0,E0,0,0,2004,1,0,,,0,,
48463,4591,A05,0,A00,A0,A0,E0,0,0,2004,1,,0,0,,,359
48465,4591,A05,0,A00,A0,A0,E0,0,0,2004,1,9,6,,5,-3,777
48467,4591,A05,0,A00,A0,A0,E0,0,0,2004,1,6,7,,,1,608
48469,4591,A05,0,A00,A0,A0,E0,0,0,2004,1,116,94,20,41,-21,902
48471,4591,A05,0,A00,A0,A0,E0,0,0,2004,1,,,,,,622
48473,4591,A05,0,A00,A0,A0,E0,0,0,2004,1,,,0,,,126
48475,4591,A05,0,A00,A0,A0,E0,0,0,2004,1,,,,,,1268
48477,4591,A05,0,A00,A0,A0,E0,0,0,2004,1,13,14,6,4,1,333
48479,4591,A05,0,A00,A0,A0,E0,0,0,2004,1,299,225,16,91,-75,1178
48481,4591,A05,0,A00,A0,A0,E0,0,0,2004,1,25,30,8,4,5,2133
48485,4591,A05,0,A00,A0,A0,E0,0,0,2004,1,165,154,31,41,-11,1069
48487,4591,A05,0,A00,A0,A0,E0,0,0,2004,1,,,0,0,,1274
48489,4591,A05,0,A00,A0,A0,E0,0,0,2004,1,,,0,,,887
48491,4591,A05,0,A00,A0,A0,E0,0,0,2004,1,499,433,65,131,-66,1142
48497,4591,A05,0,A00,A0,A0,E0,0,0,2004,1,6,6,3,3,0,776
48499,4591,A05,0,A00,A0,A0,E0,0,0,2004,1,29,42,13,,12,1072
48503,4591,A05,0,A00,A0,A0,E0,0,0,2004,1,,,,,,295
48,4591,A05,0,A00,A0,A0,E0,0,0,2004,1,25050,21815,4575,7809,-3235,1289
48001,4591,A05,0,A00,A0,A0,E0,0,0,2004,2,,,0,0,,2036
48005,4591,A05,0,A00,A0,A0,E0,0,0,2004,2,56,60,24,20,4,1330
48007,4591,A05,0,A00,A0,A0,E0,0,0,2004,2,23,27,15,10,5,427
48013,4591,A05,0,A00,A0,A0,E0,0,0,2004,2,,,0,,,1038
48015,4591,A05,0,A00,A0,A0,E0,0,0,2004,2,,,0,0,,1029
48019,4591,A05,0,A00,A0,A0,E0,0,0,2004,2,,0,,,,312
48021,4591,A05,0,A00,A0,A0,E0,0,0,2004,2,,,0,0,,802
48023,4591,A05,0,A00,A0,A0,E0,0,0,2004,2,,,,,,504
48025,4591,A05,0,A00,A0,A0,E0,0,0,2004,2,,,0,0,,662
48027,4591,A05,0,A00,A0,A0,E0,0,0,2004,2,181,178,39,41,-2,1016
48029,4591,A05,0,A00,A0,A0,E0,0,0,2004,2,1549,1568,339,320,19,1356
48037,4591,A05,0,A00,A0,A0,E0,0,0,2004,2,65,72,33,26,7,1086
48039,4591,A05,0,A00,A0,A0,E0,0,0,2004,2,65,71,26,21,6,1073
48041,4591,A05,0,A00,A0,A0,E0,0,0,2004,2,166,157,33,42,-9,943
48049,4591,A05,0,A00,A0,A0,E0,0,0,2004,2,8,9,,,1,468
48053,4591,A05,0,A00,A0,A0,E0,0,0,2004,2,,,,,,1049
48057,4591,A05,0,A00,A0,A0,E0,0,0,2004,2,,,,,,499
48059,4591,A05,0,A00,A0,A0,E0,0,0,2004,2,,,0,0,,1012
48061,4591,A05,0,A00,A0,A0,E0,0,0,2004,2,359,381,122,101,21,1262
48067,4591,A05,0,A00,A0,A0,E0,0,0,2004,2,,,,,,807
48073,4591,A05,0,A00,A0,A0,E0,0,0,2004,2,17,21,4,0,4,1838
48075,4591,A05,0,A00,A0,A0,E0,0,0,2004,2,,,,,,904
48085,4591,A05,0,A00,A0,A0,E0,0,0,2004,2,1106,1049,244,301,-57,1327
48089,4591,A05,0,A00,A0,A0,E0,0,0,2004,2,,,0,0,,710
48091,4591,A05,0,A00,A0,A0,E0,0,0,2004,2,92,113,48,28,20,1244
48093,4591,A05,0,A00,A0,A0,E0,0,0,2004,2,,,0,0,,1354
48097,4591,A05,0,A00,A0,A0,E0,0,0,2004,2,,,0,,,572
48099,4591,A05,0,A00,A0,A0,E0,0,0,2004,2,,3,,,1,1052
48103,4591,A05,0,A00,A0,A0,E0,0,0,2004,2,,,0,0,,2929
48113,4591,A05,0,A00,A0,A0,E0,0,0,2004,2,3130,3138,808,800,8,1726
48121,4591,A05,0,A00,A0,A0,E0,0,0,2004,2,504,521,166,149,17,1372
48123,4591,A05,0,A00,A0,A0,E0,0,0,2004,2,,,,,,676
48135,4591,A05,0,A00,A0,A0,E0,0,0,2004,2,157,150,25,32,-7,1440
48139,4591,A05,0,A00,A0,A0,E0,0,0,2004,2,263,235,37,66,-28,1373
48141,4591,A05,0,A00,A0,A0,E0,0,0,2004,2,815,812,209,212,-3,2285
48143,4591,A05,0,A00,A0,A0,E0,0,0,2004,2,13,13,4,4,0,673
48149,4591,A05,0,A00,A0,A0,E0,0,0,2004,2,,,0,0,,1853
48153,4591,A05,0,A00,A0,A0,E0,0,0,2004,2,,,,0,,1521
48157,4591,A05,0,A00,A0,A0,E0,0,0,2004,2,323,327,80,75,4,1136
48161,4591,A05,0,A00,A0,A0,E0,0,0,2004,2,,,,,,1637
48163,4591,A05,0,A00,A0,A0,E0,0,0,2004,2,,,,,,512
48165,4591,A05,0,A00,A0,A0,E0,0,0,2004,2,,,,,,460
48167,4591,A05,0,A00,A0,A0,E0,0,0,2004,2,94,98,33,29,5,1032
48171,4591,A05,0,A00,A0,A0,E0,0,0,2004,2,8,7,,,-1,906
48177,4591,A05,0,A00,A0,A0,E0,0,0,2004,2,,,0,0,,274
48179,4591,A05,0,A00,A0,A0,E0,0,0,2004,2,36,44,17,9,8,493
48181,4591,A05,0,A00,A0,A0,E0,0,0,2004,2,110,108,27,29,-2,1062
48183,4591,A05,0,A00,A0,A0,E0,0,0,2004,2,234,249,100,85,16,1375
48187,4591,A05,0,A00,A0,A0,E0,0,0,2004,2,11,11,,,0,817
48189,4591,A05,0,A00,A0,A0,E0,0,0,2004,2,8,10,,,1,787
48191,4591,A05,0,A00,A0,A0,E0,0,0,2004,2,,,0,0,,439
48201,4591,A05,0,A00,A0,A0,E0,0,0,2004,2,4076,4051,835,860,-26,1448
48203,4591,A05,0,A00,A0,A0,E0,0,0,2004,2,64,64,5,5,0,1426
48207,4591,A05,0,A00,A0,A0,E0,0,0,2004,2,,,,,,277
48209,4591,A05,0,A00,A0,A0,E0,0,0,2004,2,135,128,21,28,-7,1720
48213,4591,A05,0,A00,A0,A0,E0,0,0,2004,2,,,,0,,1271
48215,4591,A05,0,A00,A0,A0,E0,0,0,2004,2,476,470,90,96,-6,1311
48217,4591,A05,0,A00,A0,A0,E0,0,0,2004,2,21,24,16,13,3,1072
48219,4591,A05,0,A00,A0,A0,E0,0,0,2004,2,7,7,,,0,590
48221,4591,A05,0,A00,A0,A0,E0,0,0,2004,2,,,0,0,,704
48223,4591,A05,0,A00,A0,A0,E0,0,0,2004,2,,,0,,,1296
48227,4591,A05,0,A00,A0,A0,E0,0,0,2004,2,,,,,,237
48231,4591,A05,0,A00,A0,A0,E0,0,0,2004,2,14,14,5,5,0,1901
48233,4591,A05,0,A00,A0,A0,E0,0,0,2004,2,,,,0,,575
48241,4591,A05,0,A00,A0,A0,E0,0,0,2004,2,4,5,,0,2,1074
48245,4591,A05,0,A00,A0,A0,E0,0,0,2004,2,212,207,58,62,-4,1647
48249,4591,A05,0,A00,A0,A0,E0,0,0,2004,2,,,0,0,,2130
48251,4591,A05,0,A00,A0,A0,E0,0,0,2004,2,58,52,9,15,-6,1147
48257,4591,A05,0,A00,A0,A0,E0,0,0,2004,2,27,20,,9,-7,954
48265,4591,A05,0,A00,A0,A0,E0,0,0,2004,2,30,28,3,5,-1,898
48273,4591,A05,0,A00,A0,A0,E0,0,0,2004,2,,,,,,231
48277,4591,A05,0,A00,A0,A0,E0,0,0,2004,2,8,7,,,-1,1535
48285,4591,A05,0,A00,A0,A0,E0,0,0,2004,2,,,,0,,2013
48293,4591,A05,0,A00,A0,A0,E0,0,0,2004,2,,,0,0,,433
48299,4591,A05,0,A00,A0,A0,E0,0,0,2004,2,,,0,,,430
48303,4591,A05,0,A00,A0,A0,E0,0,0,2004,2,418,415,91,94,-3,1625
48305,4591,A05,0,A00,A0,A0,E0,0,0,2004,2,,,,,,1621
48307,4591,A05,0,A00,A0,A0,E0,0,0,2004,2,,,0,0,,283
48309,4591,A05,0,A00,A0,A0,E0,0,0,2004,2,196,180,30,46,-16,1261
48321,4591,A05,0,A00,A0,A0,E0,0,0,2004,2,7,7,0,0,0,769
48323,4591,A05,0,A00,A0,A0,E0,0,0,2004,2,5,5,,,0,1351
48325,4591,A05,0,A00,A0,A0,E0,0,0,2004,2,,,,,,346
48327,4591,A05,0,A00,A0,A0,E0,0,0,2004,2,,,0,,,419
48329,4591,A05,0,A00,A0,A0,E0,0,0,2004,2,157,152,36,40,-5,1124
48331,4591,A05,0,A00,A0,A0,E0,0,0,2004,2,,,,,,585
48339,4591,A05,0,A00,A0,A0,E0,0,0,2004,2,298,291,72,79,-7,1247
48341,4591,A05,0,A00,A0,A0,E0,0,0,2004,2,,,,,,389
48347,4591,A05,0,A00,A0,A0,E0,0,0,2004,2,55,58,15,12,3,1048
48349,4591,A05,0,A00,A0,A0,E0,0,0,2004,2,,,0,0,,1740
48355,4591,A05,0,A00,A0,A0,E0,0,0,2004,2,395,380,73,87,-15,1515
48357,4591,A05,0,A00,A0,A0,E0,0,0,2004,2,,,,,,645
48361,4591,A05,0,A00,A0,A0,E0,0,0,2004,2,37,28,7,15,-9,1470
48363,4591,A05,0,A00,A0,A0,E0,0,0,2004,2,,,,,,1678
48367,4591,A05,0,A00,A0,A0,E0,0,0,2004,2,15,15,,,0,1716
48369,4591,A05,0,A00,A0,A0,E0,0,0,2004,2,,,,,,1137
48371,4591,A05,0,A00,A0,A0,E0,0,0,2004,2,14,6,0,8,-8,6882
48373,4591,A05,0,A00,A0,A0,E0,0,0,2004,2,,,0,0,,1363
48375,4591,A05,0,A00,A0,A0,E0,0,0,2004,2,209,225,58,43,16,4332
48379,4591,A05,0,A00,A0,A0,E0,0,0,2004,2,,,0,0,,789
48381,4591,A05,0,A00,A0,A0,E0,0,0,2004,2,135,145,49,39,10,1122
48395,4591,A05,0,A00,A0,A0,E0,0,0,2004,2,,,,,,871
48397,4591,A05,0,A00,A0,A0,E0,0,0,2004,2,49,41,8,15,-7,874
48399,4591,A05,0,A00,A0,A0,E0,0,0,2004,2,,,0,0,,126
48407,4591,A05,0,A00,A0,A0,E0,0,0,2004,2,0,,,0,,
48409,4591,A05,0,A00,A0,A0,E0,0,0,2004,2,19,20,3,,1,1176
48415,4591,A05,0,A00,A0,A0,E0,0,0,2004,2,,,,,,884
48423,4591,A05,0,A00,A0,A0,E0,0,0,2004,2,269,251,52,70,-18,1338
48425,4591,A05,0,A00,A0,A0,E0,0,0,2004,2,,,,,,797
48427,4591,A05,0,A00,A0,A0,E0,0,0,2004,2,,,0,,,724
48439,4591,A05,0,A00,A0,A0,E0,0,0,2004,2,2109,2053,468,524,-56,1771
48441,4591,A05,0,A00,A0,A0,E0,0,0,2004,2,138,141,38,35,3,1618
48449,4591,A05,0,A00,A0,A0,E0,0,0,2004,2,,0,0,,,1331
48451,4591,A05,0,A00,A0,A0,E0,0,0,2004,2,146,144,21,23,-2,1374
48453,4591,A05,0,A00,A0,A0,E0,0,0,2004,2,1341,1337,300,303,-4,1415
48457,4591,A05,0,A00,A0,A0,E0,0,0,2004,2,0,0,,,0,
48459,4591,A05,0,A00,A0,A0,E0,0,0,2004,2,,,,,,689
48461,4591,A05,0,A00,A0,A0,E0,0,0,2004,2,,,0,0,,648
48465,4591,A05,0,A00,A0,A0,E0,0,0,2004,2,6,7,5,3,1,661
48467,4591,A05,0,A00,A0,A0,E0,0,0,2004,2,7,5,0,,-2,558
48469,4591,A05,0,A00,A0,A0,E0,0,0,2004,2,93,92,18,18,0,1122
48471,4591,A05,0,A00,A0,A0,E0,0,0,2004,2,,,,,,440
48473,4591,A05,0,A00,A0,A0,E0,0,0,2004,2,,,,,,203
48475,4591,A05,0,A00,A0,A0,E0,0,0,2004,2,,,,,,1059
48477,4591,A05,0,A00,A0,A0,E0,0,0,2004,2,14,13,3,5,-2,564
48479,4591,A05,0,A00,A0,A0,E0,0,0,2004,2,224,229,42,38,4,1595
48481,4591,A05,0,A00,A0,A0,E0,0,0,2004,2,30,33,8,6,3,1753
48485,4591,A05,0,A00,A0,A0,E0,0,0,2004,2,154,149,32,37,-5,1237
48487,4591,A05,0,A00,A0,A0,E0,0,0,2004,2,,,,0,,1433
48489,4591,A05,0,A00,A0,A0,E0,0,0,2004,2,,,0,,,1026
48491,4591,A05,0,A00,A0,A0,E0,0,0,2004,2,432,438,112,106,6,1244
48497,4591,A05,0,A00,A0,A0,E0,0,0,2004,2,6,5,,3,-1,492
48499,4591,A05,0,A00,A0,A0,E0,0,0,2004,2,42,43,10,9,1,1332
48503,4591,A05,0,A00,A0,A0,E0,0,0,2004,2,,,,0,,321
48,4591,A05,0,A00,A0,A0,E0,0,0,2004,2,21826,21711,5124,5239,-115,1512
48001,4591,A05,0,A00,A0,A0,E0,0,0,2004,3,,,0,0,,2192
48005,4591,A05,0,A00,A0,A0,E0,0,0,2004,3,60,57,20,23,-3,1277
48007,4591,A05,0,A00,A0,A0,E0,0,0,2004,3,27,21,3,10,-6,721
48013,4591,A05,0,A00,A0,A0,E0,0,0,2004,3,,,,,,1272
48015,4591,A05,0,A00,A0,A0,E0,0,0,2004,3,,,0,0,,936
48021,4591,A05,0,A00,A0,A0,E0,0,0,2004,3,,,,,,565
48023,4591,A05,0,A00,A0,A0,E0,0,0,2004,3,,,,,,938
48025,4591,A05,0,A00,A0,A0,E0,0,0,2004,3,,,0,0,,1022
48027,4591,A05,0,A00,A0,A0,E0,0,0,2004,3,178,181,57,54,3,1045
48029,4591,A05,0,A00,A0,A0,E0,0,0,2004,3,1570,1598,376,348,28,1396
48037,4591,A05,0,A00,A0,A0,E0,0,0,2004,3,70,73,34,30,3,908
48039,4591,A05,0,A00,A0,A0,E0,0,0,2004,3,71,67,27,31,-4,1198
48041,4591,A05,0,A00,A0,A0,E0,0,0,2004,3,157,158,48,46,1,956
48049,4591,A05,0,A00,A0,A0,E0,0,0,2004,3,9,8,,3,-1,534
48053,4591,A05,0,A00,A0,A0,E0,0,0,2004,3,7,6,8,9,-1,776
48057,4591,A05,0,A00,A0,A0,E0,0,0,2004,3,,,,,,667
48059,4591,A05,0,A00,A0,A0,E0,0,0,2004,3,,,,,,1127
48061,4591,A05,0,A00,A0,A0,E0,0,0,2004,3,381,396,502,486,16,1428
48067,4591,A05,0,A00,A0,A0,E0,0,0,2004,3,,,,,,630
48073,4591,A05,0,A00,A0,A0,E0,0,0,2004,3,21,17,,6,-4,1188
48075,4591,A05,0,A00,A0,A0,E0,0,0,2004,3,,0,0,,,1302
48085,4591,A05,0,A00,A0,A0,E0,0,0,2004,3,1057,1042,307,322,-15,1326
48089,4591,A05,0,A00,A0,A0,E0,0,0,2004,3,,,0,0,,781
48091,4591,A05,0,A00,A0,A0,E0,0,0,2004,3,113,93,32,53,-20,1006
48093,4591,A05,0,A00,A0,A0,E0,0,0,2004,3,,0,0,,,1391
48097,4591,A05,0,A00,A0,A0,E0,0,0,2004,3,,,0,0,,575
48099,4591,A05,0,A00,A0,A0,E0,0,0,2004,3,3,6,5,,2,866
48103,4591,A05,0,A00,A0,A0,E0,0,0,2004,3,,,0,0,,2929
48113,4591,A05,0,A00,A0,A0,E0,0,0,2004,3,3193,3186,887,894,-7,1640
48121,4591,A05,0,A00,A0,A0,E0,0,0,2004,3,520,507,131,145,-13,1414
48123,4591,A05,0,A00,A0,A0,E0,0,0,2004,3,,,,,,654
48135,4591,A05,0,A00,A0,A0,E0,0,0,2004,3,150,157,33,26,7,1646
48139,4591,A05,0,A00,A0,A0,E0,0,0,2004,3,235,242,60,54,6,1310
48141,4591,A05,0,A00,A0,A0,E0,0,0,2004,3,806,826,318,298,19,1349
48143,4591,A05,0,A00,A0,A0,E0,0,0,2004,3,13,8,5,9,-4,610
48149,4591,A05,0,A00,A0,A0,E0,0,0,2004,3,,,0,0,,2239
48153,4591,A05,0,A00,A0,A0,E0,0,0,2004,3,,,0,,,1242
48157,4591,A05,0,A00,A0,A0,E0,0,0,2004,3,327,325,91,93,-2,1098
48161,4591,A05,0,A00,A0,A0,E0,0,0,2004,3,,,,,,812
48163,4591,A05,0,A00,A0,A0,E0,0,0,2004,3,,,,,,516
48165,4591,A05,0,A00,A0,A0,E0,0,0,2004,3,,,,,,425
48167,4591,A05,0,A00,A0,A0,E0,0,0,2004,3,102,101,26,27,-1,1079
48171,4591,A05,0,A00,A0,A0,E0,0,0,2004,3,7,8,4,3,1,805
48177,4591,A05,0,A00,A0,A0,E0,0,0,2004,3,,0,0,,,308
48179,4591,A05,0,A00,A0,A0,E0,0,0,2004,3,44,42,16,18,-2,455
48181,4591,A05,0,A00,A0,A0,E0,0,0,2004,3,107,108,36,36,1,1163
48183,4591,A05,0,A00,A0,A0,E0,0,0,2004,3,249,264,114,100,14,1404
48187,4591,A05,0,A00,A0,A0,E0,0,0,2004,3,11,9,,,-1,1013
48189,4591,A05,0,A00,A0,A0,E0,0,0,2004,3,10,8,3,5,-2,673
48191,4591,A05,0,A00,A0,A0,E0,0,0,2004,3,,,,,,512
48201,4591,A05,0,A00,A0,A0,E0,0,0,2004,3,4034,4073,1040,1001,39,1464
48203,4591,A05,0,A00,A0,A0,E0,0,0,2004,3,64,58,7,13,-6,1466
48207,4591,A05,0,A00,A0,A0,E0,0,0,2004,3,,,,,,510
48209,4591,A05,0,A00,A0,A0,E0,0,0,2004,3,127,132,32,27,5,1790
48213,4591,A05,0,A00,A0,A0,E0,0,0,2004,3,,,,,,857
48215,4591,A05,0,A00,A0,A0,E0,0,0,2004,3,470,465,122,127,-5,1315
48217,4591,A05,0,A00,A0,A0,E0,0,0,2004,3,24,26,17,15,2,908
48219,4591,A05,0,A00,A0,A0,E0,0,0,2004,3,7,5,,3,-2,714
48221,4591,A05,0,A00,A0,A0,E0,0,0,2004,3,4,4,,,0,560
48223,4591,A05,0,A00,A0,A0,E0,0,0,2004,3,25,27,5,4,2,1372
48227,4591,A05,0,A00,A0,A0,E0,0,0,2004,3,,,,,,333
48231,4591,A05,0,A00,A0,A0,E0,0,0,2004,3,14,13,,,-1,1899
48233,4591,A05,0,A00,A0,A0,E0,0,0,2004,3,,,0,,,522
48241,4591,A05,0,A00,A0,A0,E0,0,0,2004,3,5,5,0,,-1,922
48245,4591,A05,0,A00,A0,A0,E0,0,0,2004,3,207,215,74,66,8,1389
48249,4591,A05,0,A00,A0,A0,E0,0,0,2004,3,,,,,,1322
48251,4591,A05,0,A00,A0,A0,E0,0,0,2004,3,49,52,12,9,3,1066
48257,4591,A05,0,A00,A0,A0,E0,0,0,2004,3,20,16,3,7,-3,1149
48265,4591,A05,0,A00,A0,A0,E0,0,0,2004,3,28,29,4,4,0,957
48273,4591,A05,0,A00,A0,A0,E0,0,0,2004,3,,,,,,484
48277,4591,A05,0,A00,A0,A0,E0,0,0,2004,3,7,7,,,0,1215
48285,4591,A05,0,A00,A0,A0,E0,0,0,2004,3,,,,,,1986
48293,4591,A05,0,A00,A0,A0,E0,0,0,2004,3,,,0,0,,433
48299,4591,A05,0,A00,A0,A0,E0,0,0,2004,3,,,,,,444
48303,4591,A05,0,A00,A0,A0,E0,0,0,2004,3,414,422,132,124,7,1391
48305,4591,A05,0,A00,A0,A0,E0,0,0,2004,3,,,,,,1744
48307,4591,A05,0,A00,A0,A0,E0,0,0,2004,3,,,0,0,,316
48309,4591,A05,0,A00,A0,A0,E0,0,0,2004,3,180,166,32,46,-14,1421
48313,4591,A05,0,A00,A0,A0,E0,0,0,2004,3,0,,,0,,
48321,4591,A05,0,A00,A0,A0,E0,0,0,2004,3,7,7,,,0,695
48323,4591,A05,0,A00,A0,A0,E0,0,0,2004,3,5,6,,0,1,1363
48325,4591,A05,0,A00,A0,A0,E0,0,0,2004,3,,,,,,185
48327,4591,A05,0,A00,A0,A0,E0,0,0,2004,3,,,,,,756
48329,4591,A05,0,A00,A0,A0,E0,0,0,2004,3,152,154,49,47,2,1227
48331,4591,A05,0,A00,A0,A0,E0,0,0,2004,3,,,,,,621
48339,4591,A05,0,A00,A0,A0,E0,0,0,2004,3,291,298,73,67,6,1273
48341,4591,A05,0,A00,A0,A0,E0,0,0,2004,3,,,,,,621
48347,4591,A05,0,A00,A0,A0,E0,0,0,2004,3,58,52,14,20,-6,1065
48349,4591,A05,0,A00,A0,A0,E0,0,0,2004,3,,,,,,1740
48355,4591,A05,0,A00,A0,A0,E0,0,0,2004,3,391,419,121,94,28,1558
48357,4591,A05,0,A00,A0,A0,E0,0,0,2004,3,,,,,,577
48361,4591,A05,0,A00,A0,A0,E0,0,0,2004,3,28,35,11,5,6,1536
48363,4591,A05,0,A00,A0,A0,E0,0,0,2004,3,,,,,,1121
48367,4591,A05,0,A00,A0,A0,E0,0,0,2004,3,15,18,5,,2,1688
48369,4591,A05,0,A00,A0,A0,E0,0,0,2004,3,,,,0,,1021
48371,4591,A05,0,A00,A0,A0,E0,0,0,2004,3,6,6,9,8,0,1284
48373,4591,A05,0,A00,A0,A0,E0,0,0,2004,3,,,,,,1041
48375,4591,A05,0,A00,A0,A0,E0,0,0,2004,3,225,273,125,77,48,1594
48379,4591,A05,0,A00,A0,A0,E0,0,0,2004,3,,,0,0,,744
48381,4591,A05,0,A00,A0,A0,E0,0,0,2004,3,147,160,42,29,13,1353
48395,4591,A05,0,A00,A0,A0,E0,0,0,2004,3,,0,,,,721
48397,4591,A05,0,A00,A0,A0,E0,0,0,2004,3,41,47,21,15,6,930
48399,4591,A05,0,A00,A0,A0,E0,0,0,2004,3,,,0,0,,54
48401,4591,A05,0,A00,A0,A0,E0,0,0,2004,3,0,,,,,
48407,4591,A05,0,A00,A0,A0,E0,0,0,2004,3,,,0,0,,1848
48409,4591,A05,0,A00,A0,A0,E0,0,0,2004,3,20,18,6,7,-1,848
48415,4591,A05,0,A00,A0,A0,E0,0,0,2004,3,,,0,,,967
48423,4591,A05,0,A00,A0,A0,E0,0,0,2004,3,250,244,58,65,-6,1430
48425,4591,A05,0,A00,A0,A0,E0,0,0,2004,3,,,,,,894
48427,4591,A05,0,A00,A0,A0,E0,0,0,2004,3,,,0,,,705
48439,4591,A05,0,A00,A0,A0,E0,0,0,2004,3,2060,2027,536,569,-33,1820
48441,4591,A05,0,A00,A0,A0,E0,0,0,2004,3,141,134,27,34,-7,1258
48449,4591,A05,0,A00,A0,A0,E0,0,0,2004,3,0,0,,,0,
48451,4591,A05,0,A00,A0,A0,E0,0,0,2004,3,144,165,43,22,21,1356
48453,4591,A05,0,A00,A0,A0,E0,0,0,2004,3,1332,1349,356,339,17,1395
48459,4591,A05,0,A00,A0,A0,E0,0,0,2004,3,,,,,,774
48461,4591,A05,0,A00,A0,A0,E0,0,0,2004,3,,,,,,192
48463,4591,A05,0,A00,A0,A0,E0,0,0,2004,3,0,,,0,,
48465,4591,A05,0,A00,A0,A0,E0,0,0,2004,3,7,7,,,0,845
48467,4591,A05,0,A00,A0,A0,E0,0,0,2004,3,5,5,,,0,677
48469,4591,A05,0,A00,A0,A0,E0,0,0,2004,3,92,96,32,29,4,1115
48471,4591,A05,0,A00,A0,A0,E0,0,0,2004,3,,,,,,551
48473,4591,A05,0,A00,A0,A0,E0,0,0,2004,3,,,0,0,,277
48475,4591,A05,0,A00,A0,A0,E0,0,0,2004,3,,,,,,1094
48477,4591,A05,0,A00,A0,A0,E0,0,0,2004,3,13,14,3,,1,441
48479,4591,A05,0,A00,A0,A0,E0,0,0,2004,3,229,227,37,38,-1,1544
48481,4591,A05,0,A00,A0,A0,E0,0,0,2004,3,33,29,6,9,-4,1975
48485,4591,A05,0,A00,A0,A0,E0,0,0,2004,3,149,145,32,36,-4,1210
48487,4591,A05,0,A00,A0,A0,E0,0,0,2004,3,,,0,0,,1423
48489,4591,A05,0,A00,A0,A0,E0,0,0,2004,3,,,0,0,,1788
48491,4591,A05,0,A00,A0,A0,E0,0,0,2004,3,438,454,117,101,16,1315
48497,4591,A05,0,A00,A0,A0,E0,0,0,2004,3,5,6,,,1,887
48499,4591,A05,0,A00,A0,A0,E0,0,0,2004,3,43,42,8,9,-1,1449
48503,4591,A05,0,A00,A0,A0,E0,0,0,2004,3,,,0,0,,722
48,4591,A05,0,A00,A0,A0,E0,0,0,2004,3,21764,22016,6559,6307,252,1447
48001,4591,A05,0,A00,A0,A0,E0,0,0,2004,4,,,0,,,1776
48005,4591,A05,0,A00,A0,A0,E0,0,0,2004,4,57,53,3,7,-4,1500
48007,4591,A05,0,A00,A0,A0,E0,0,0,2004,4,21,20,3,4,-1,890
48013,4591,A05,0,A00,A0,A0,E0,0,0,2004,4,,,,0,,1367
48015,4591,A05,0,A00,A0,A0,E0,0,0,2004,4,,,0,0,,999
48021,4591,A05,0,A00,A0,A0,E0,0,0,2004,4,,,0,,,530
48023,4591,A05,0,A00,A0,A0,E0,0,0,2004,4,,,,,,871
48025,4591,A05,0,A00,A0,A0,E0,0,0,2004,4,,,0,0,,1126
48027,4591,A05,0,A00,A0,A0,E0,0,0,2004,4,181,190,72,63,9,1134
48029,4591,A05,0,A00,A0,A0,E0,0,0,2004,4,1618,1784,761,596,166,1490
48037,4591,A05,0,A00,A0,A0,E0,0,0,2004,4,73,81,89,82,8,947
48039,4591,A05,0,A00,A0,A0,E0,0,0,2004,4,67,67,19,19,0,1133
48041,4591,A05,0,A00,A0,A0,E0,0,0,2004,4,158,162,66,62,4,1020
48049,4591,A05,0,A00,A0,A0,E0,0,0,2004,4,8,9,,,1,547
48053,4591,A05,0,A00,A0,A0,E0,0,0,2004,4,,0,,,,797
48057,4591,A05,0,A00,A0,A0,E0,0,0,2004,4,,,,,,420
48059,4591,A05,0,A00,A0,A0,E0,0,0,2004,4,,,0,0,,1785
48061,4591,A05,0,A00,A0,A0,E0,0,0,2004,4,396,445,189,140,48,1422
48067,4591,A05,0,A00,A0,A0,E0,0,0,2004,4,,,,,,976
48073,4591,A05,0,A00,A0,A0,E0,0,0,2004,4,17,6,3,15,-11,1264
48075,4591,A05,0,A00,A0,A0,E0,0,0,2004,4,0,,,0,,
48085,4591,A05,0,A00,A0,A0,E0,0,0,2004,4,1042,1153,580,469,111,1473
48089,4591,A05,0,A00,A0,A0,E0,0,0,2004,4,,,0,,,939
48091,4591,A05,0,A00,A0,A0,E0,0,0,2004,4,92,92,32,32,0,1324
48097,4591,A05,0,A00,A0,A0,E0,0,0,2004,4,,,,,,303
48099,4591,A05,0,A00,A0,A0,E0,0,0,2004,4,6,6,,,0,563
48103,4591,A05,0,A00,A0,A0,E0,0,0,2004,4,,0,0,,,976
48113,4591,A05,0,A00,A0,A0,E0,0,0,2004,4,3185,3345,1172,1011,160,1826
48121,4591,A05,0,A00,A0,A0,E0,0,0,2004,4,505,609,286,182,104,1573
48123,4591,A05,0,A00,A0,A0,E0,0,0,2004,4,,,,,,967
48135,4591,A05,0,A00,A0,A0,E0,0,0,2004,4,157,161,42,38,4,1767
48139,4591,A05,0,A00,A0,A0,E0,0,0,2004,4,242,281,238,199,39,1546
48141,4591,A05,0,A00,A0,A0,E0,0,0,2004,4,826,907,462,381,81,1398
48143,4591,A05,0,A00,A0,A0,E0,0,0,2004,4,24,32,14,6,9,1123
48149,4591,A05,0,A00,A0,A0,E0,0,0,2004,4,,,0,,,2198
48153,4591,A05,0,A00,A0,A0,E0,0,0,2004,4,,,,0,,1783
48157,4591,A05,0,A00,A0,A0,E0,0,0,2004,4,325,369,194,149,45,1238
48161,4591,A05,0,A00,A0,A0,E0,0,0,2004,4,,,0,0,,74
48163,4591,A05,0,A00,A0,A0,E0,0,0,2004,4,,,,,,565
48165,4591,A05,0,A00,A0,A0,E0,0,0,2004,4,,,0,,,519
48167,4591,A05,0,A00,A0,A0,E0,0,0,2004,4,101,112,46,35,11,1235
48171,4591,A05,0,A00,A0,A0,E0,0,0,2004,4,8,8,,,0,1037
48179,4591,A05,0,A00,A0,A0,E0,0,0,2004,4,42,36,7,13,-6,442
48181,4591,A05,0,A00,A0,A0,E0,0,0,2004,4,108,116,70,62,8,1265
48183,4591,A05,0,A00,A0,A0,E0,0,0,2004,4,264,320,186,129,57,1643
48187,4591,A05,0,A00,A0,A0,E0,0,0,2004,4,9,9,,,0,1558
48189,4591,A05,0,A00,A0,A0,E0,0,0,2004,4,8,7,3,4,-1,939
48191,4591,A05,0,A00,A0,A0,E0,0,0,2004,4,,,,,,512
48201,4591,A05,0,A00,A0,A0,E0,0,0,2004,4,4126,4575,1990,1541,449,1663
48203,4591,A05,0,A00,A0,A0,E0,0,0,2004,4,58,55,7,10,-3,1731
48207,4591,A05,0,A00,A0,A0,E0,0,0,2004,4,,,,,,722
48209,4591,A05,0,A00,A0,A0,E0,0,0,2004,4,138,148,77,68,10,1879
48213,4591,A05,0,A00,A0,A0,E0,0,0,2004,4,,,0,0,,876
48215,4591,A05,0,A00,A0,A0,E0,0,0,2004,4,465,504,269,230,39,1340
48217,4591,A05,0,A00,A0,A0,E0,0,0,2004,4,11,12,15,13,1,920
48219,4591,A05,0,A00,A0,A0,E0,0,0,2004,4,,,0,0,,879
48221,4591,A05,0,A00,A0,A0,E0,0,0,2004,4,4,4,0,0,0,785
48223,4591,A05,0,A00,A0,A0,E0,0,0,2004,4,27,23,,6,-3,1343
48227,4591,A05,0,A00,A0,A0,E0,0,0,2004,4,,,0,,,297
48231,4591,A05,0,A00,A0,A0,E0,0,0,2004,4,13,11,0,,-1,1681
48233,4591,A05,0,A00,A0,A0,E0,0,0,2004,4,,,0,0,,776
48241,4591,A05,0,A00,A0,A0,E0,0,0,2004,4,5,4,0,,-1,1045
48245,4591,A05,0,A00,A0,A0,E0,0,0,2004,4,215,234,102,83,19,1550
48249,4591,A05,0,A00,A0,A0,E0,0,0,2004,4,,,0,0,,1141
48251,4591,A05,0,A00,A0,A0,E0,0,0,2004,4,52,53,18,18,1,1199
48257,4591,A05,0,A00,A0,A0,E0,0,0,2004,4,16,20,13,9,4,1353
48265,4591,A05,0,A00,A0,A0,E0,0,0,2004,4,29,25,,6,-3,1400
48273,4591,A05,0,A00,A0,A0,E0,0,0,2004,4,,,,,,561
48277,4591,A05,0,A00,A0,A0,E0,0,0,2004,4,7,7,,,0,1291
48285,4591,A05,0,A00,A0,A0,E0,0,0,2004,4,,,0,0,,1807
48293,4591,A05,0,A00,A0,A0,E0,0,0,2004,4,,,0,0,,7102
48299,4591,A05,0,A00,A0,A0,E0,0,0,2004,4,,,,0,,497
48303,4591,A05,0,A00,A0,A0,E0,0,0,2004,4,422,438,179,163,16,1582
48305,4591,A05,0,A00,A0,A0,E0,0,0,2004,4,,,0,,,1451
48307,4591,A05,0,A00,A0,A0,E0,0,0,2004,4,,,0,0,,311
48309,4591,A05,0,A00,A0,A0,E0,0,0,2004,4,166,185,67,48,20,1657
48313,4591,A05,0,A00,A0,A0,E0,0,0,2004,4,,0,0,,,349
48321,4591,A05,0,A00,A0,A0,E0,0,0,2004,4,7,6,0,,-1,699
48323,4591,A05,0,A00,A0,A0,E0,0,0,2004,4,6,6,0,,-1,1394
48325,4591,A05,0,A00,A0,A0,E0,0,0,2004,4,,,,,,640
48327,4591,A05,0,A00,A0,A0,E0,0,0,2004,4,,,,0,,1038
48329,4591,A05,0,A00,A0,A0,E0,0,0,2004,4,154,170,87,70,16,1229
48331,4591,A05,0,A00,A0,A0,E0,0,0,2004,4,,,,,,469
48339,4591,A05,0,A00,A0,A0,E0,0,0,2004,4,298,335,153,116,37,1474
48341,4591,A05,0,A00,A0,A0,E0,0,0,2004,4,,,0,0,,311
48347,4591,A05,0,A00,A0,A0,E0,0,0,2004,4,52,55,17,13,4,1272
48349,4591,A05,0,A00,A0,A0,E0,0,0,2004,4,,,,,,1007
48355,4591,A05,0,A00,A0,A0,E0,0,0,2004,4,424,437,168,155,13,1747
48357,4591,A05,0,A00,A0,A0,E0,0,0,2004,4,,,,,,802
48361,4591,A05,0,A00,A0,A0,E0,0,0,2004,4,35,38,7,3,4,1475
48363,4591,A05,0,A00,A0,A0,E0,0,0,2004,4,,,,,,1364
48367,4591,A05,0,A00,A0,A0,E0,0,0,2004,4,18,18,,,0,1869
48369,4591,A05,0,A00,A0,A0,E0,0,0,2004,4,,,0,0,,695
48371,4591,A05,0,A00,A0,A0,E0,0,0,2004,4,6,6,,,0,1406
48373,4591,A05,0,A00,A0,A0,E0,0,0,2004,4,,,,,,1003
48375,4591,A05,0,A00,A0,A0,E0,0,0,2004,4,273,284,147,136,11,1606
48379,4591,A05,0,A00,A0,A0,E0,0,0,2004,4,,,0,0,,538
48381,4591,A05,0,A00,A0,A0,E0,0,0,2004,4,177,163,31,45,-14,1422
48397,4591,A05,0,A00,A0,A0,E0,0,0,2004,4,47,47,23,23,0,949
48399,4591,A05,0,A00,A0,A0,E0,0,0,2004,4,,,0,0,,111
48401,4591,A05,0,A00,A0,A0,E0,0,0,2004,4,,,,,,111
48407,4591,A05,0,A00,A0,A0,E0,0,0,2004,4,,,0,0,,1767
48409,4591,A05,0,A00,A0,A0,E0,0,0,2004,4,18,7,3,14,-11,712
48415,4591,A05,0,A00,A0,A0,E0,0,0,2004,4,,0,0,,,1383
48423,4591,A05,0,A00,A0,A0,E0,0,0,2004,4,244,266,113,91,22,1601
48425,4591,A05,0,A00,A0,A0,E0,0,0,2004,4,,,,,,914
48427,4591,A05,0,A00,A0,A0,E0,0,0,2004,4,,,0,0,,882
48439,4591,A05,0,A00,A0,A0,E0,0,0,2004,4,2027,2270,1051,808,243,2021
48441,4591,A05,0,A00,A0,A0,E0,0,0,2004,4,134,150,66,50,16,1377
48449,4591,A05,0,A00,A0,A0,E0,0,0,2004,4,0,,,0,,
48451,4591,A05,0,A00,A0,A0,E0,0,0,2004,4,143,141,31,34,-3,1280
48453,4591,A05,0,A00,A0,A0,E0,0,0,2004,4,1352,1436,471,386,84,1486
48459,4591,A05,0,A00,A0,A0,E0,0,0,2004,4,,,,,,557
48461,4591,A05,0,A00,A0,A0,E0,0,0,2004,4,,,,,,71
48463,4591,A05,0,A00,A0,A0,E0,0,0,2004,4,,,,,,1283
48465,4591,A05,0,A00,A0,A0,E0,0,0,2004,4,7,8,,0,1,1102
48467,4591,A05,0,A00,A0,A0,E0,0,0,2004,4,5,8,4,,3,741
48469,4591,A05,0,A00,A0,A0,E0,0,0,2004,4,96,103,53,45,7,1145
48471,4591,A05,0,A00,A0,A0,E0,0,0,2004,4,,,,,,438
48473,4591,A05,0,A00,A0,A0,E0,0,0,2004,4,,,0,,,252
48475,4591,A05,0,A00,A0,A0,E0,0,0,2004,4,,,0,0,,1046
48477,4591,A05,0,A00,A0,A0,E0,0,0,2004,4,14,16,6,4,2,637
48479,4591,A05,0,A00,A0,A0,E0,0,0,2004,4,227,254,147,120,26,1865
48481,4591,A05,0,A00,A0,A0,E0,0,0,2004,4,29,25,4,7,-4,2177
48485,4591,A05,0,A00,A0,A0,E0,0,0,2004,4,145,153,47,39,9,1504
48487,4591,A05,0,A00,A0,A0,E0,0,0,2004,4,,,0,,,1846
48489,4591,A05,0,A00,A0,A0,E0,0,0,2004,4,,,0,0,,1443
48491,4591,A05,0,A00,A0,A0,E0,0,0,2004,4,453,477,159,135,24,1420
48497,4591,A05,0,A00,A0,A0,E0,0,0,2004,4,6,4,0,,-2,392
48499,4591,A05,0,A00,A0,A0,E0,0,0,2004,4,42,39,4,7,-3,1393
48503,4591,A05,0,A00,A0,A0,E0,0,0,2004,4,,,,,,572
48,4591,A05,0,A00,A0,A0,E0,0,0,2004,4,22097,23917,10148,8327,1821,1594
48001,4591,A05,0,A00,A0,A0,E0,0,0,2005,1,,,,,,2849
48005,4591,A05,0,A00,A0,A0,E0,0,0,2005,1,49,50,11,9,2,1378
48007,4591,A05,0,A00,A0,A0,E0,0,0,2005,1,23,17,6,11,-5,960
48013,4591,A05,0,A00,A0,A0,E0,0,0,2005,1,,,0,0,,1167
48015,4591,A05,0,A00,A0,A0,E0,0,0,2005,1,,,0,0,,934
48019,4591,A05,0,A00,A0,A0,E0,0,0,2005,1,0,,,0,,
48021,4591,A05,0,A00,A0,A0,E0,0,0,2005,1,,,0,,,514
48023,4591,A05,0,A00,A0,A0,E0,0,0,2005,1,,,0,,,728
48025,4591,A05,0,A00,A0,A0,E0,0,0,2005,1,,,0,0,,1022
48027,4591,A05,0,A00,A0,A0,E0,0,0,2005,1,187,175,35,46,-11,930
48029,4591,A05,0,A00,A0,A0,E0,0,0,2005,1,1781,1651,301,431,-130,1240
48037,4591,A05,0,A00,A0,A0,E0,0,0,2005,1,81,70,13,24,-11,772
48039,4591,A05,0,A00,A0,A0,E0,0,0,2005,1,67,66,7,8,-1,1068
48041,4591,A05,0,A00,A0,A0,E0,0,0,2005,1,162,155,31,38,-7,922
48049,4591,A05,0,A00,A0,A0,E0,0,0,2005,1,9,6,3,6,-4,439
48053,4591,A05,0,A00,A0,A0,E0,0,0,2005,1,0,,,,,
48057,4591,A05,0,A00,A0,A0,E0,0,0,2005,1,,,0,,,504
48059,4591,A05,0,A00,A0,A0,E0,0,0,2005,1,,,0,0,,1321
48061,4591,A05,0,A00,A0,A0,E0,0,0,2005,1,401,352,458,507,-49,1048
48067,4591,A05,0,A00,A0,A0,E0,0,0,2005,1,,,,0,,798
48073,4591,A05,0,A00,A0,A0,E0,0,0,2005,1,,,0,,,1211
48075,4591,A05,0,A00,A0,A0,E0,0,0,2005,1,,,,0,,698
48085,4591,A05,0,A00,A0,A0,E0,0,0,2005,1,1154,1036,237,354,-117,1173
48089,4591,A05,0,A00,A0,A0,E0,0,0,2005,1,,,0,0,,1084
48091,4591,A05,0,A00,A0,A0,E0,0,0,2005,1,88,98,32,21,10,1574
48097,4591,A05,0,A00,A0,A0,E0,0,0,2005,1,,,0,0,,506
48099,4591,A05,0,A00,A0,A0,E0,0,0,2005,1,6,7,5,3,1,465
48103,4591,A05,0,A00,A0,A0,E0,0,0,2005,1,0,,,0,,
48113,4591,A05,0,A00,A0,A0,E0,0,0,2005,1,3054,2839,513,727,-214,1569
48121,4591,A05,0,A00,A0,A0,E0,0,0,2005,1,609,573,111,147,-36,1386
48123,4591,A05,0,A00,A0,A0,E0,0,0,2005,1,,,,0,,696
48135,4591,A05,0,A00,A0,A0,E0,0,0,2005,1,161,164,24,22,3,1542
48139,4591,A05,0,A00,A0,A0,E0,0,0,2005,1,281,230,38,89,-51,961
48141,4591,A05,0,A00,A0,A0,E0,0,0,2005,1,914,822,161,253,-92,2864
48143,4591,A05,0,A00,A0,A0,E0,0,0,2005,1,32,25,3,11,-8,963
48149,4591,A05,0,A00,A0,A0,E0,0,0,2005,1,,,,,,1696
48157,4591,A05,0,A00,A0,A0,E0,0,0,2005,1,368,326,51,93,-42,997
48161,4591,A05,0,A00,A0,A0,E0,0,0,2005,1,,0,0,,,148
48163,4591,A05,0,A00,A0,A0,E0,0,0,2005,1,,,,,,618
48165,4591,A05,0,A00,A0,A0,E0,0,0,2005,1,,,,,,455
48167,4591,A05,0,A00,A0,A0,E0,0,0,2005,1,123,131,34,27,8,1047
48171,4591,A05,0,A00,A0,A0,E0,0,0,2005,1,8,10,5,3,2,1024
48179,4591,A05,0,A00,A0,A0,E0,0,0,2005,1,37,36,7,9,-1,375
48181,4591,A05,0,A00,A0,A0,E0,0,0,2005,1,115,99,18,34,-16,799
48183,4591,A05,0,A00,A0,A0,E0,0,0,2005,1,320,317,86,89,-3,1204
48187,4591,A05,0,A00,A0,A0,E0,0,0,2005,1,9,7,,3,-2,1487
48189,4591,A05,0,A00,A0,A0,E0,0,0,2005,1,7,8,,,0,558
48191,4591,A05,0,A00,A0,A0,E0,0,0,2005,1,,0,0,,,293
48201,4591,A05,0,A00,A0,A0,E0,0,0,2005,1,4607,4194,701,1114,-413,1355
48203,4591,A05,0,A00,A0,A0,E0,0,0,2005,1,55,65,15,5,10,1352
48207,4591,A05,0,A00,A0,A0,E0,0,0,2005,1,,,,,,827
48209,4591,A05,0,A00,A0,A0,E0,0,0,2005,1,152,146,32,38,-6,1413
48213,4591,A05,0,A00,A0,A0,E0,0,0,2005,1,8,9,,0,1,4596
48215,4591,A05,0,A00,A0,A0,E0,0,0,2005,1,504,464,75,115,-40,1208
48217,4591,A05,0,A00,A0,A0,E0,0,0,2005,1,12,9,3,6,-4,687
48219,4591,A05,0,A00,A0,A0,E0,0,0,2005,1,,,0,,,857
48221,4591,A05,0,A00,A0,A0,E0,0,0,2005,1,4,3,,,-1,594
48223,4591,A05,0,A00,A0,A0,E0,0,0,2005,1,23,28,6,,4,1516
48227,4591,A05,0,A00,A0,A0,E0,0,0,2005,1,,,,0,,408
48231,4591,A05,0,A00,A0,A0,E0,0,0,2005,1,14,12,0,,-2,1282
48233,4591,A05,0,A00,A0,A0,E0,0,0,2005,1,,,0,0,,702
48241,4591,A05,0,A00,A0,A0,E0,0,0,2005,1,4,4,,,0,1077
48245,4591,A05,0,A00,A0,A0,E0,0,0,2005,1,234,224,64,74,-10,1167
48249,4591,A05,0,A00,A0,A0,E0,0,0,2005,1,,,0,0,,1141
48251,4591,A05,0,A00,A0,A0,E0,0,0,2005,1,53,49,7,11,-3,974
48257,4591,A05,0,A00,A0,A0,E0,0,0,2005,1,22,20,6,8,-2,1150
48259,4591,A05,0,A00,A0,A0,E0,0,0,2005,1,,,,,,2073
48265,4591,A05,0,A00,A0,A0,E0,0,0,2005,1,25,24,,,-1,1009
48273,4591,A05,0,A00,A0,A0,E0,0,0,2005,1,,,0,0,,900
48277,4591,A05,0,A00,A0,A0,E0,0,0,2005,1,14,15,,0,1,955
48285,4591,A05,0,A00,A0,A0,E0,0,0,2005,1,,,,,,932
48293,4591,A05,0,A00,A0,A0,E0,0,0,2005,1,,0,0,,,1443
48299,4591,A05,0,A00,A0,A0,E0,0,0,2005,1,,,,,,560
48303,4591,A05,0,A00,A0,A0,E0,0,0,2005,1,438,415,72,94,-22,1704
48305,4591,A05,0,A00,A0,A0,E0,0,0,2005,1,,,,,,2179
48307,4591,A05,0,A00,A0,A0,E0,0,0,2005,1,,,0,0,,383
48309,4591,A05,0,A00,A0,A0,E0,0,0,2005,1,178,172,24,30,-6,1186
48321,4591,A05,0,A00,A0,A0,E0,0,0,2005,1,,,0,0,,758
48323,4591,A05,0,A00,A0,A0,E0,0,0,2005,1,6,6,,,0,1214
48325,4591,A05,0,A00,A0,A0,E0,0,0,2005,1,,,0,0,,544
48327,4591,A05,0,A00,A0,A0,E0,0,0,2005,1,,,0,0,,582
48329,4591,A05,0,A00,A0,A0,E0,0,0,2005,1,167,138,20,49,-29,1055
48331,4591,A05,0,A00,A0,A0,E0,0,0,2005,1,,,,,,723
48339,4591,A05,0,A00,A0,A0,E0,0,0,2005,1,349,314,59,94,-35,1100
48341,4591,A05,0,A00,A0,A0,E0,0,0,2005,1,,,0,0,,219
48347,4591,A05,0,A00,A0,A0,E0,0,0,2005,1,55,52,10,13,-3,1167
48349,4591,A05,0,A00,A0,A0,E0,0,0,2005,1,,,,,,1121
48355,4591,A05,0,A00,A0,A0,E0,0,0,2005,1,437,426,85,96,-11,1589
48357,4591,A05,0,A00,A0,A0,E0,0,0,2005,1,,,0,0,,573
48361,4591,A05,0,A00,A0,A0,E0,0,0,2005,1,38,39,7,6,1,1224
48363,4591,A05,0,A00,A0,A0,E0,0,0,2005,1,,,0,,,679
48367,4591,A05,0,A00,A0,A0,E0,0,0,2005,1,33,39,16,10,6,1576
48369,4591,A05,0,A00,A0,A0,E0,0,0,2005,1,,,0,0,,739
48371,4591,A05,0,A00,A0,A0,E0,0,0,2005,1,6,8,5,,2,1243
48373,4591,A05,0,A00,A0,A0,E0,0,0,2005,1,,,,0,,1438
48375,4591,A05,0,A00,A0,A0,E0,0,0,2005,1,287,255,39,70,-32,4412
48379,4591,A05,0,A00,A0,A0,E0,0,0,2005,1,,,0,0,,756
48381,4591,A05,0,A00,A0,A0,E0,0,0,2005,1,140,134,15,21,-7,1154
48397,4591,A05,0,A00,A0,A0,E0,0,0,2005,1,45,42,9,12,-3,790
48399,4591,A05,0,A00,A0,A0,E0,0,0,2005,1,,,0,0,,42
48401,4591,A05,0,A00,A0,A0,E0,0,0,2005,1,,,,,,638
48407,4591,A05,0,A00,A0,A0,E0,0,0,2005,1,,,0,0,,1767
48409,4591,A05,0,A00,A0,A0,E0,0,0,2005,1,7,13,19,14,6,528
48419,4591,A05,0,A00,A0,A0,E0,0,0,2005,1,19,18,5,6,0,1445
48423,4591,A05,0,A00,A0,A0,E0,0,0,2005,1,266,244,34,56,-22,1524
48425,4591,A05,0,A00,A0,A0,E0,0,0,2005,1,,,,,,551
48427,4591,A05,0,A00,A0,A0,E0,0,0,2005,1,,,0,0,,784
48439,4591,A05,0,A00,A0,A0,E0,0,0,2005,1,2243,2060,438,621,-183,1577
48441,4591,A05,0,A00,A0,A0,E0,0,0,2005,1,150,129,14,36,-22,1418
48449,4591,A05,0,A00,A0,A0,E0,0,0,2005,1,,,0,0,,1214
48451,4591,A05,0,A00,A0,A0,E0,0,0,2005,1,141,126,16,31,-15,1066
48453,4591,A05,0,A00,A0,A0,E0,0,0,2005,1,1426,1392,264,298,-34,1330
48459,4591,A05,0,A00,A0,A0,E0,0,0,2005,1,,,,,,649
48461,4591,A05,0,A00,A0,A0,E0,0,0,2005,1,,,,0,,239
48463,4591,A05,0,A00,A0,A0,E0,0,0,2005,1,,,0,0,,1658
48465,4591,A05,0,A00,A0,A0,E0,0,0,2005,1,8,5,0,3,-3,676
48467,4591,A05,0,A00,A0,A0,E0,0,0,2005,1,8,8,5,4,1,858
48469,4591,A05,0,A00,A0,A0,E0,0,0,2005,1,103,99,27,31,-4,898
48471,4591,A05,0,A00,A0,A0,E0,0,0,2005,1,,,,,,452
48473,4591,A05,0,A00,A0,A0,E0,0,0,2005,1,,0,0,,,84
48475,4591,A05,0,A00,A0,A0,E0,0,0,2005,1,,,0,,,981
48477,4591,A05,0,A00,A0,A0,E0,0,0,2005,1,16,15,,,-1,485
48479,4591,A05,0,A00,A0,A0,E0,0,0,2005,1,250,208,20,63,-42,1342
48481,4591,A05,0,A00,A0,A0,E0,0,0,2005,1,25,29,6,,4,1790
48485,4591,A05,0,A00,A0,A0,E0,0,0,2005,1,181,161,24,44,-20,1492
48487,4591,A05,0,A00,A0,A0,E0,0,0,2005,1,,,,,,1421
48489,4591,A05,0,A00,A0,A0,E0,0,0,2005,1,,,0,0,,1161
48491,4591,A05,0,A00,A0,A0,E0,0,0,2005,1,481,436,55,100,-45,1197
48497,4591,A05,0,A00,A0,A0,E0,0,0,2005,1,4,4,0,0,0,614
48499,4591,A05,0,A00,A0,A0,E0,0,0,2005,1,30,36,11,4,6,1700
48503,4591,A05,0,A00,A0,A0,E0,0,0,2005,1,,,,,,940
48,4591,A05,0,A00,A0,A0,E0,0,0,2005,1,23616,21862,4469,6224,-1755,1432
48001,4591,A05,0,A00,A0,A0,E0,0,0,2005,2,,,,0,,2769
48005,4591,A05,0,A00,A0,A0,E0,0,0,2005,2,50,51,16,15,1,1455
48007,4591,A05,0,A00,A0,A0,E0,0,0,2005,2,17,20,7,4,2,1257
48013,4591,A05,0,A00,A0,A0,E0,0,0,2005,2,,,0,0,,1371
48015,4591,A05,0,A00,A0,A0,E0,0,0,2005,2,,,0,0,,981
48019,4591,A05,0,A00,A0,A0,E0,0,0,2005,2,,,0,0,,1040
48021,4591,A05,0,A00,A0,A0,E0,0,0,2005,2,,,,,,560
48023,4591,A05,0,A00,A0,A0,E0,0,0,2005,2,,,,,,823
48025,4591,A05,0,A00,A0,A0,E0,0,0,2005,2,,,0,0,,1107
48027,4591,A05,0,A00,A0,A0,E0,0,0,2005,2,175,167,33,41,-8,1069
48029,4591,A05,0,A00,A0,A0,E0,0,0,2005,2,1657,1699,419,377,42,1376
48037,4591,A05,0,A00,A0,A0,E0,0,0,2005,2,76,79,30,27,3,1084
48039,4591,A05,0,A00,A0,A0,E0,0,0,2005,2,66,77,28,17,11,1183
48041,4591,A05,0,A00,A0,A0,E0,0,0,2005,2,155,153,35,37,-2,1021
48049,4591,A05,0,A00,A0,A0,E0,0,0,2005,2,6,10,7,3,5,595
48053,4591,A05,0,A00,A0,A0,E0,0,0,2005,2,,,,,,353
48057,4591,A05,0,A00,A0,A0,E0,0,0,2005,2,,,,,,457
48059,4591,A05,0,A00,A0,A0,E0,0,0,2005,2,,0,0,,,1325
48061,4591,A05,0,A00,A0,A0,E0,0,0,2005,2,352,348,80,84,-4,1083
48067,4591,A05,0,A00,A0,A0,E0,0,0,2005,2,,,0,0,,1364
48073,4591,A05,0,A00,A0,A0,E0,0,0,2005,2,,,,,,1685
48075,4591,A05,0,A00,A0,A0,E0,0,0,2005,2,,0,0,,,571
48085,4591,A05,0,A00,A0,A0,E0,0,0,2005,2,1059,1069,315,305,10,1369
48089,4591,A05,0,A00,A0,A0,E0,0,0,2005,2,,,0,0,,1196
48091,4591,A05,0,A00,A0,A0,E0,0,0,2005,2,101,118,42,25,16,1609
48097,4591,A05,0,A00,A0,A0,E0,0,0,2005,2,,,,,,459
48099,4591,A05,0,A00,A0,A0,E0,0,0,2005,2,7,8,,,1,1061
48103,4591,A05,0,A00,A0,A0,E0,0,0,2005,2,,0,0,,,1408
48113,4591,A05,0,A00,A0,A0,E0,0,0,2005,2,2872,2925,737,684,52,1678
48121,4591,A05,0,A00,A0,A0,E0,0,0,2005,2,560,574,142,128,14,1468
48123,4591,A05,0,A00,A0,A0,E0,0,0,2005,2,,,,0,,796
48135,4591,A05,0,A00,A0,A0,E0,0,0,2005,2,164,156,20,28,-7,1607
48139,4591,A05,0,A00,A0,A0,E0,0,0,2005,2,230,222,54,62,-8,1444
48141,4591,A05,0,A00,A0,A0,E0,0,0,2005,2,835,831,206,210,-4,2761
48143,4591,A05,0,A00,A0,A0,E0,0,0,2005,2,25,27,8,5,2,1120
48149,4591,A05,0,A00,A0,A0,E0,0,0,2005,2,,,0,0,,1831
48157,4591,A05,0,A00,A0,A0,E0,0,0,2005,2,338,384,149,102,46,1154
48163,4591,A05,0,A00,A0,A0,E0,0,0,2005,2,,,,,,651
48165,4591,A05,0,A00,A0,A0,E0,0,0,2005,2,,,,,,446
48167,4591,A05,0,A00,A0,A0,E0,0,0,2005,2,131,133,39,36,2,1078
48171,4591,A05,0,A00,A0,A0,E0,0,0,2005,2,10,11,,,1,841
48179,4591,A05,0,A00,A0,A0,E0,0,0,2005,2,36,35,15,15,-1,431
48181,4591,A05,0,A00,A0,A0,E0,0,0,2005,2,106,121,54,39,15,1048
48183,4591,A05,0,A00,A0,A0,E0,0,0,2005,2,326,347,129,109,20,1358
48187,4591,A05,0,A00,A0,A0,E0,0,0,2005,2,7,5,0,,-2,1783
48189,4591,A05,0,A00,A0,A0,E0,0,0,2005,2,8,8,2,,0,469
48201,4591,A05,0,A00,A0,A0,E0,0,0,2005,2,4206,4306,1076,977,100,1500
48203,4591,A05,0,A00,A0,A0,E0,0,0,2005,2,65,68,8,6,2,1453
48207,4591,A05,0,A00,A0,A0,E0,0,0,2005,2,,,0,,,912
48209,4591,A05,0,A00,A0,A0,E0,0,0,2005,2,143,719,610,34,576,1768
48213,4591,A05,0,A00,A0,A0,E0,0,0,2005,2,9,8,0,,-1,2082
48215,4591,A05,0,A00,A0,A0,E0,0,0,2005,2,464,455,72,81,-9,1295
48217,4591,A05,0,A00,A0,A0,E0,0,0,2005,2,12,12,4,5,0,1325
48219,4591,A05,0,A00,A0,A0,E0,0,0,2005,2,,,0,0,,944
48221,4591,A05,0,A00,A0,A0,E0,0,0,2005,2,3,,0,,-1,741
48223,4591,A05,0,A00,A0,A0,E0,0,0,2005,2,28,27,,4,-1,1425
48227,4591,A05,0,A00,A0,A0,E0,0,0,2005,2,,,,,,467
48231,4591,A05,0,A00,A0,A0,E0,0,0,2005,2,12,13,,,1,1712
48233,4591,A05,0,A00,A0,A0,E0,0,0,2005,2,,,,0,,902
48241,4591,A05,0,A00,A0,A0,E0,0,0,2005,2,4,6,5,3,3,1084
48245,4591,A05,0,A00,A0,A0,E0,0,0,2005,2,232,277,125,80,45,1636
48249,4591,A05,0,A00,A0,A0,E0,0,0,2005,2,,,0,0,,1112
48251,4591,A05,0,A00,A0,A0,E0,0,0,2005,2,49,54,18,14,5,1063
48257,4591,A05,0,A00,A0,A0,E0,0,0,2005,2,20,18,5,7,-2,1215
48259,4591,A05,0,A00,A0,A0,E0,0,0,2005,2,,,,,,1816
48265,4591,A05,0,A00,A0,A0,E0,0,0,2005,2,24,23,5,6,-1,1007
48273,4591,A05,0,A00,A0,A0,E0,0,0,2005,2,,,0,,,893
48277,4591,A05,0,A00,A0,A0,E0,0,0,2005,2,15,15,,,0,1029
48285,4591,A05,0,A00,A0,A0,E0,0,0,2005,2,,,0,0,,1363
48299,4591,A05,0,A00,A0,A0,E0,0,0,2005,2,,,0,0,,287
48303,4591,A05,0,A00,A0,A0,E0,0,0,2005,2,418,401,112,129,-17,1685
48305,4591,A05,0,A00,A0,A0,E0,0,0,2005,2,,,,0,,1842
48307,4591,A05,0,A00,A0,A0,E0,0,0,2005,2,,,0,0,,303
48309,4591,A05,0,A00,A0,A0,E0,0,0,2005,2,200,195,44,48,-4,1348
48321,4591,A05,0,A00,A0,A0,E0,0,0,2005,2,,,0,0,,733
48323,4591,A05,0,A00,A0,A0,E0,0,0,2005,2,6,6,,0,1,1523
48325,4591,A05,0,A00,A0,A0,E0,0,0,2005,2,,,,,,580
48327,4591,A05,0,A00,A0,A0,E0,0,0,2005,2,,,0,,,485
48329,4591,A05,0,A00,A0,A0,E0,0,0,2005,2,138,130,39,46,-8,1247
48331,4591,A05,0,A00,A0,A0,E0,0,0,2005,2,,,,0,,620
48339,4591,A05,0,A00,A0,A0,E0,0,0,2005,2,314,328,93,80,14,1335
48341,4591,A05,0,A00,A0,A0,E0,0,0,2005,2,,,,0,,518
48347,4591,A05,0,A00,A0,A0,E0,0,0,2005,2,52,55,15,13,2,1105
48349,4591,A05,0,A00,A0,A0,E0,0,0,2005,2,,,,,,1366
48355,4591,A05,0,A00,A0,A0,E0,0,0,2005,2,426,431,106,102,4,1672
48357,4591,A05,0,A00,A0,A0,E0,0,0,2005,2,,,,,,627
48361,4591,A05,0,A00,A0,A0,E0,0,0,2005,2,39,46,19,12,7,1275
48363,4591,A05,0,A00,A0,A0,E0,0,0,2005,2,,,,,,1858
48367,4591,A05,0,A00,A0,A0,E0,0,0,2005,2,39,42,10,7,3,1477
48369,4591,A05,0,A00,A0,A0,E0,0,0,2005,2,,,0,0,,674
48371,4591,A05,0,A00,A0,A0,E0,0,0,2005,2,8,5,,5,-4,1111
48373,4591,A05,0,A00,A0,A0,E0,0,0,2005,2,,,0,,,1228
48375,4591,A05,0,A00,A0,A0,E0,0,0,2005,2,255,266,76,65,11,4713
48379,4591,A05,0,A00,A0,A0,E0,0,0,2005,2,,,0,0,,933
48381,4591,A05,0,A00,A0,A0,E0,0,0,2005,2,134,137,32,28,3,1244
48397,4591,A05,0,A00,A0,A0,E0,0,0,2005,2,42,48,21,15,6,878
48399,4591,A05,0,A00,A0,A0,E0,0,0,2005,2,,0,0,,,98
48401,4591,A05,0,A00,A0,A0,E0,0,0,2005,2,,0,0,,,93
48407,4591,A05,0,A00,A0,A0,E0,0,0,2005,2,,,0,0,,1767
48409,4591,A05,0,A00,A0,A0,E0,0,0,2005,2,13,22,14,4,9,1331
48419,4591,A05,0,A00,A0,A0,E0,0,0,2005,2,18,20,4,3,1,2163
48423,4591,A05,0,A00,A0,A0,E0,0,0,2005,2,244,254,79,69,10,1471
48425,4591,A05,0,A00,A0,A0,E0,0,0,2005,2,,,,,,804
48427,4591,A05,0,A00,A0,A0,E0,0,0,2005,2,,0,,,,598
48439,4591,A05,0,A00,A0,A0,E0,0,0,2005,2,1944,2720,1446,671,776,1883
48441,4591,A05,0,A00,A0,A0,E0,0,0,2005,2,129,129,29,29,1,1495
48449,4591,A05,0,A00,A0,A0,E0,0,0,2005,2,,,0,0,,1347
48451,4591,A05,0,A00,A0,A0,E0,0,0,2005,2,126,126,31,32,0,1260
48453,4591,A05,0,A00,A0,A0,E0,0,0,2005,2,1347,1377,355,325,30,1372
48459,4591,A05,0,A00,A0,A0,E0,0,0,2005,2,,,,,,796
48461,4591,A05,0,A00,A0,A0,E0,0,0,2005,2,,,0,,,97
48463,4591,A05,0,A00,A0,A0,E0,0,0,2005,2,,,0,0,,1659
48465,4591,A05,0,A00,A0,A0,E0,0,0,2005,2,5,6,,,1,1030
48467,4591,A05,0,A00,A0,A0,E0,0,0,2005,2,8,8,4,4,0,940
48469,4591,A05,0,A00,A0,A0,E0,0,0,2005,2,99,106,30,24,6,1029
48471,4591,A05,0,A00,A0,A0,E0,0,0,2005,2,,,,,,402
48475,4591,A05,0,A00,A0,A0,E0,0,0,2005,2,,,,,,1201
48477,4591,A05,0,A00,A0,A0,E0,0,0,2005,2,15,14,3,3,0,558
48479,4591,A05,0,A00,A0,A0,E0,0,0,2005,2,208,208,33,33,0,1555
48481,4591,A05,0,A00,A0,A0,E0,0,0,2005,2,29,37,14,6,8,1831
48485,4591,A05,0,A00,A0,A0,E0,0,0,2005,2,161,153,38,46,-8,1356
48487,4591,A05,0,A00,A0,A0,E0,0,0,2005,2,,,,,,1354
48489,4591,A05,0,A00,A0,A0,E0,0,0,2005,2,,0,0,,,1820
48491,4591,A05,0,A00,A0,A0,E0,0,0,2005,2,428,423,88,93,-5,1303
48497,4591,A05,0,A00,A0,A0,E0,0,0,2005,2,4,3,,3,-1,524
48499,4591,A05,0,A00,A0,A0,E0,0,0,2005,2,36,35,11,12,-1,1613
48503,4591,A05,0,A00,A0,A0,E0,0,0,2005,2,,,0,0,,985
48,4591,A05,0,A00,A0,A0,E0,0,0,2005,2,21825,23608,7348,5565,1783,1565
48001,4591,A05,0,A00,A0,A0,E0,0,0,2005,3,,,0,0,,2376
48005,4591,A05,0,A00,A0,A0,E0,0,0,2005,3,51,49,9,11,-2,1540
48007,4591,A05,0,A00,A0,A0,E0,0,0,2005,3,20,19,,3,-1,1523
48013,4591,A05,0,A00,A0,A0,E0,0,0,2005,3,,,0,0,,1324
48015,4591,A05,0,A00,A0,A0,E0,0,0,2005,3,,,0,0,,936
48019,4591,A05,0,A00,A0,A0,E0,0,0,2005,3,,,0,0,,1040
48021,4591,A05,0,A00,A0,A0,E0,0,0,2005,3,,,,,,578
48023,4591,A05,0,A00,A0,A0,E0,0,0,2005,3,,,,,,1057
48025,4591,A05,0,A00,A0,A0,E0,0,0,2005,3,,,0,0,,1107
48027,4591,A05,0,A00,A0,A0,E0,0,0,2005,3,169,175,55,48,7,1822
48029,4591,A05,0,A00,A0,A0,E0,0,0,2005,3,1702,1737,448,413,35,1581
48037,4591,A05,0,A00,A0,A0,E0,0,0,2005,3,80,159,123,44,79,1182
48039,4591,A05,0,A00,A0,A0,E0,0,0,2005,3,77,66,15,26,-11,1167
48041,4591,A05,0,A00,A0,A0,E0,0,0,2005,3,153,162,55,46,9,1089
48049,4591,A05,0,A00,A0,A0,E0,0,0,2005,3,10,10,5,5,0,1073
48053,4591,A05,0,A00,A0,A0,E0,0,0,2005,3,,,,,,809
48057,4591,A05,0,A00,A0,A0,E0,0,0,2005,3,,,,,,621
48061,4591,A05,0,A00,A0,A0,E0,0,0,2005,3,347,347,442,443,-1,1223
48067,4591,A05,0,A00,A0,A0,E0,0,0,2005,3,,,0,0,,1567
48073,4591,A05,0,A00,A0,A0,E0,0,0,2005,3,,,0,0,,1602
48075,4591,A05,0,A00,A0,A0,E0,0,0,2005,3,0,,,0,,
48085,4591,A05,0,A00,A0,A0,E0,0,0,2005,3,1079,1057,340,362,-22,1485
48089,4591,A05,0,A00,A0,A0,E0,0,0,2005,3,,,,0,,1209
48091,4591,A05,0,A00,A0,A0,E0,0,0,2005,3,118,114,32,36,-4,1455
48097,4591,A05,0,A00,A0,A0,E0,0,0,2005,3,,,0,,,449
48099,4591,A05,0,A00,A0,A0,E0,0,0,2005,3,8,6,,4,-2,817
48113,4591,A05,0,A00,A0,A0,E0,0,0,2005,3,2900,2940,858,818,40,1779
48121,4591,A05,0,A00,A0,A0,E0,0,0,2005,3,569,668,255,155,99,1501
48123,4591,A05,0,A00,A0,A0,E0,0,0,2005,3,,,0,,,745
48135,4591,A05,0,A00,A0,A0,E0,0,0,2005,3,156,153,44,47,-3,1647
48139,4591,A05,0,A00,A0,A0,E0,0,0,2005,3,235,231,69,73,-4,1698
48141,4591,A05,0,A00,A0,A0,E0,0,0,2005,3,830,865,296,261,35,2072
48143,4591,A05,0,A00,A0,A0,E0,0,0,2005,3,27,31,12,9,4,1048
48149,4591,A05,0,A00,A0,A0,E0,0,0,2005,3,,,0,,,1834
48157,4591,A05,0,A00,A0,A0,E0,0,0,2005,3,389,380,109,118,-10,1163
48163,4591,A05,0,A00,A0,A0,E0,0,0,2005,3,,,,,,831
48165,4591,A05,0,A00,A0,A0,E0,0,0,2005,3,,,,,,488
48167,4591,A05,0,A00,A0,A0,E0,0,0,2005,3,135,134,43,45,-1,1037
48171,4591,A05,0,A00,A0,A0,E0,0,0,2005,3,11,12,3,,1,843
48179,4591,A05,0,A00,A0,A0,E0,0,0,2005,3,35,38,16,13,3,516
48181,4591,A05,0,A00,A0,A0,E0,0,0,2005,3,117,182,151,85,65,1116
48183,4591,A05,0,A00,A0,A0,E0,0,0,2005,3,347,360,165,153,12,1402
48187,4591,A05,0,A00,A0,A0,E0,0,0,2005,3,,,,,,2014
48189,4591,A05,0,A00,A0,A0,E0,0,0,2005,3,8,7,,,0,468
48191,4591,A05,0,A00,A0,A0,E0,0,0,2005,3,0,0,,,0,
48201,4591,A05,0,A00,A0,A0,E0,0,0,2005,3,4277,4326,1117,1068,49,1558
48203,4591,A05,0,A00,A0,A0,E0,0,0,2005,3,68,61,5,12,-7,1489
48207,4591,A05,0,A00,A0,A0,E0,0,0,2005,3,,0,0,,,1636
48209,4591,A05,0,A00,A0,A0,E0,0,0,2005,3,711,671,97,137,-40,1742
48213,4591,A05,0,A00,A0,A0,E0,0,0,2005,3,10,8,0,,-2,3408
48215,4591,A05,0,A00,A0,A0,E0,0,0,2005,3,460,475,116,100,15,1433
48217,4591,A05,0,A00,A0,A0,E0,0,0,2005,3,,,,,,963
48219,4591,A05,0,A00,A0,A0,E0,0,0,2005,3,,,,,,767
48221,4591,A05,0,A00,A0,A0,E0,0,0,2005,3,,,0,,,846
48223,4591,A05,0,A00,A0,A0,E0,0,0,2005,3,27,29,7,5,2,1454
48227,4591,A05,0,A00,A0,A0,E0,0,0,2005,3,,,,,,313
48231,4591,A05,0,A00,A0,A0,E0,0,0,2005,3,13,7,0,6,-6,1577
48233,4591,A05,0,A00,A0,A0,E0,0,0,2005,3,,,,,,393
48241,4591,A05,0,A00,A0,A0,E0,0,0,2005,3,6,3,,5,-4,702
48245,4591,A05,0,A00,A0,A0,E0,0,0,2005,3,281,259,81,102,-21,1293
48249,4591,A05,0,A00,A0,A0,E0,0,0,2005,3,,,0,0,,1141
48251,4591,A05,0,A00,A0,A0,E0,0,0,2005,3,54,55,20,19,1,1012
48257,4591,A05,0,A00,A0,A0,E0,0,0,2005,3,22,21,8,8,0,1065
48259,4591,A05,0,A00,A0,A0,E0,0,0,2005,3,,,,,,1994
48265,4591,A05,0,A00,A0,A0,E0,0,0,2005,3,23,23,4,4,0,1007
48273,4591,A05,0,A00,A0,A0,E0,0,0,2005,3,,,,0,,1185
48277,4591,A05,0,A00,A0,A0,E0,0,0,2005,3,15,15,,,0,955
48285,4591,A05,0,A00,A0,A0,E0,0,0,2005,3,,,0,,,1304
48299,4591,A05,0,A00,A0,A0,E0,0,0,2005,3,,,,0,,379
48303,4591,A05,0,A00,A0,A0,E0,0,0,2005,3,393,382,99,110,-11,1505
48305,4591,A05,0,A00,A0,A0,E0,0,0,2005,3,,,,,,1601
48307,4591,A05,0,A00,A0,A0,E0,0,0,2005,3,,,0,0,,295
48309,4591,A05,0,A00,A0,A0,E0,0,0,2005,3,198,201,45,43,2,1452
48321,4591,A05,0,A00,A0,A0,E0,0,0,2005,3,,,,,,668
48323,4591,A05,0,A00,A0,A0,E0,0,0,2005,3,6,6,0,0,0,1537
48325,4591,A05,0,A00,A0,A0,E0,0,0,2005,3,,,,,,222
48327,4591,A05,0,A00,A0,A0,E0,0,0,2005,3,,,0,0,,1266
48329,4591,A05,0,A00,A0,A0,E0,0,0,2005,3,137,154,60,42,18,1297
48331,4591,A05,0,A00,A0,A0,E0,0,0,2005,3,,,,,,466
48339,4591,A05,0,A00,A0,A0,E0,0,0,2005,3,326,328,107,105,1,1345
48341,4591,A05,0,A00,A0,A0,E0,0,0,2005,3,,,,,,514
48347,4591,A05,0,A00,A0,A0,E0,0,0,2005,3,55,59,13,9,4,1216
48349,4591,A05,0,A00,A0,A0,E0,0,0,2005,3,,,,,,1470
48355,4591,A05,0,A00,A0,A0,E0,0,0,2005,3,425,438,115,101,14,1783
48357,4591,A05,0,A00,A0,A0,E0,0,0,2005,3,,,,,,720
48361,4591,A05,0,A00,A0,A0,E0,0,0,2005,3,46,37,8,17,-9,1138
48363,4591,A05,0,A00,A0,A0,E0,0,0,2005,3,,,,0,,2251
48367,4591,A05,0,A00,A0,A0,E0,0,0,2005,3,42,45,18,14,4,1685
48369,4591,A05,0,A00,A0,A0,E0,0,0,2005,3,,,0,0,,651
48371,4591,A05,0,A00,A0,A0,E0,0,0,2005,3,5,3,,,-1,1781
48373,4591,A05,0,A00,A0,A0,E0,0,0,2005,3,,,0,0,,1783
48375,4591,A05,0,A00,A0,A0,E0,0,0,2005,3,264,286,92,71,21,3048
48379,4591,A05,0,A00,A0,A0,E0,0,0,2005,3,,,0,0,,756
48381,4591,A05,0,A00,A0,A0,E0,0,0,2005,3,139,134,30,36,-5,1349
48397,4591,A05,0,A00,A0,A0,E0,0,0,2005,3,48,50,19,17,2,860
48407,4591,A05,0,A00,A0,A0,E0,0,0,2005,3,,,0,0,,2056
48409,4591,A05,0,A00,A0,A0,E0,0,0,2005,3,22,20,5,7,-2,962
48419,4591,A05,0,A00,A0,A0,E0,0,0,2005,3,18,28,12,,10,1927
48423,4591,A05,0,A00,A0,A0,E0,0,0,2005,3,249,252,75,72,3,1551
48425,4591,A05,0,A00,A0,A0,E0,0,0,2005,3,,,,,,923
48439,4591,A05,0,A00,A0,A0,E0,0,0,2005,3,2730,2627,769,872,-103,1777
48441,4591,A05,0,A00,A0,A0,E0,0,0,2005,3,128,131,40,37,2,1351
48449,4591,A05,0,A00,A0,A0,E0,0,0,2005,3,,,0,0,,1377
48451,4591,A05,0,A00,A0,A0,E0,0,0,2005,3,125,141,50,34,16,1310
48453,4591,A05,0,A00,A0,A0,E0,0,0,2005,3,1383,1430,397,350,47,1645
48459,4591,A05,0,A00,A0,A0,E0,0,0,2005,3,,,,,,1293
48461,4591,A05,0,A00,A0,A0,E0,0,0,2005,3,,,0,0,,64
48463,4591,A05,0,A00,A0,A0,E0,0,0,2005,3,,,,,,1976
48465,4591,A05,0,A00,A0,A0,E0,0,0,2005,3,6,6,0,0,0,1259
48467,4591,A05,0,A00,A0,A0,E0,0,0,2005,3,8,10,4,,2,905
48469,4591,A05,0,A00,A0,A0,E0,0,0,2005,3,109,106,36,39,-3,971
48471,4591,A05,0,A00,A0,A0,E0,0,0,2005,3,,,,0,,577
48475,4591,A05,0,A00,A0,A0,E0,0,0,2005,3,,,,,,1146
48477,4591,A05,0,A00,A0,A0,E0,0,0,2005,3,14,16,6,5,1,638
48479,4591,A05,0,A00,A0,A0,E0,0,0,2005,3,207,220,52,39,13,1619
48481,4591,A05,0,A00,A0,A0,E0,0,0,2005,3,37,35,9,10,-2,2127
48485,4591,A05,0,A00,A0,A0,E0,0,0,2005,3,154,132,52,75,-23,1267
48487,4591,A05,0,A00,A0,A0,E0,0,0,2005,3,,,,,,1023
48491,4591,A05,0,A00,A0,A0,E0,0,0,2005,3,425,433,130,121,8,1626
48497,4591,A05,0,A00,A0,A0,E0,0,0,2005,3,3,3,0,0,0,982
48499,4591,A05,0,A00,A0,A0,E0,0,0,2005,3,35,33,10,12,-2,1584
48503,4591,A05,0,A00,A0,A0,E0,0,0,2005,3,,,0,0,,916
48,4591,A05,0,A00,A0,A0,E0,0,0,2005,3,23597,23958,7411,7049,362,1600
48001,4591,A05,0,A00,A0,A0,E0,0,0,2005,4,,,0,0,,2382
48005,4591,A05,0,A00,A0,A0,E0,0,0,2005,4,49,45,9,13,-4,1540
48007,4591,A05,0,A00,A0,A0,E0,0,0,2005,4,19,19,,,0,1171
48013,4591,A05,0,A00,A0,A0,E0,0,0,2005,4,,,0,0,,1386
48015,4591,A05,0,A00,A0,A0,E0,0,0,2005,4,,,0,0,,1028
48019,4591,A05,0,A00,A0,A0,E0,0,0,2005,4,,,0,0,,1561
48021,4591,A05,0,A00,A0,A0,E0,0,0,2005,4,,,,,,432
48023,4591,A05,0,A00,A0,A0,E0,0,0,2005,4,,,,,,568
48025,4591,A05,0,A00,A0,A0,E0,0,0,2005,4,,,0,0,,1107
48027,4591,A05,0,A00,A0,A0,E0,0,0,2005,4,175,195,86,66,20,1126
48029,4591,A05,0,A00,A0,A0,E0,0,0,2005,4,1737,1885,726,577,149,1421
48037,4591,A05,0,A00,A0,A0,E0,0,0,2005,4,159,145,99,113,-14,916
48039,4591,A05,0,A00,A0,A0,E0,0,0,2005,4,66,68,18,16,2,1162
48041,4591,A05,0,A00,A0,A0,E0,0,0,2005,4,162,176,64,51,13,1005
48049,4591,A05,0,A00,A0,A0,E0,0,0,2005,4,10,8,,4,-2,1005
48053,4591,A05,0,A00,A0,A0,E0,0,0,2005,4,,,,0,,841
48057,4591,A05,0,A00,A0,A0,E0,0,0,2005,4,,,0,,,456
48059,4591,A05,0,A00,A0,A0,E0,0,0,2005,4,,,,,,1307
48061,4591,A05,0,A00,A0,A0,E0,0,0,2005,4,346,397,198,148,51,1146
48067,4591,A05,0,A00,A0,A0,E0,0,0,2005,4,,,,,,1206
48073,4591,A05,0,A00,A0,A0,E0,0,0,2005,4,,,,,,1365
48075,4591,A05,0,A00,A0,A0,E0,0,0,2005,4,,0,0,,,1397
48083,4591,A05,0,A00,A0,A0,E0,0,0,2005,4,0,,,0,,
48085,4591,A05,0,A00,A0,A0,E0,0,0,2005,4,1058,1175,543,426,117,1522
48089,4591,A05,0,A00,A0,A0,E0,0,0,2005,4,,,0,0,,997
48091,4591,A05,0,A00,A0,A0,E0,0,0,2005,4,107,104,31,34,-3,1452
48097,4591,A05,0,A00,A0,A0,E0,0,0,2005,4,,,,,,721
48099,4591,A05,0,A00,A0,A0,E0,0,0,2005,4,6,5,0,,-1,806
48113,4591,A05,0,A00,A0,A0,E0,0,0,2005,4,2932,3059,1061,935,126,1819
48121,4591,A05,0,A00,A0,A0,E0,0,0,2005,4,667,686,223,204,19,1470
48123,4591,A05,0,A00,A0,A0,E0,0,0,2005,4,,,,,,875
48135,4591,A05,0,A00,A0,A0,E0,0,0,2005,4,153,158,44,39,5,1839
48139,4591,A05,0,A00,A0,A0,E0,0,0,2005,4,231,289,232,175,57,1529
48141,4591,A05,0,A00,A0,A0,E0,0,0,2005,4,864,935,526,455,71,1318
48143,4591,A05,0,A00,A0,A0,E0,0,0,2005,4,31,33,11,9,2,1212
48149,4591,A05,0,A00,A0,A0,E0,0,0,2005,4,,,,0,,2708
48157,4591,A05,0,A00,A0,A0,E0,0,0,2005,4,380,407,173,146,27,1180
48163,4591,A05,0,A00,A0,A0,E0,0,0,2005,4,,,,,,1053
48165,4591,A05,0,A00,A0,A0,E0,0,0,2005,4,,,,,,452
48167,4591,A05,0,A00,A0,A0,E0,0,0,2005,4,134,125,42,52,-9,992
48171,4591,A05,0,A00,A0,A0,E0,0,0,2005,4,12,10,3,5,-2,831
48179,4591,A05,0,A00,A0,A0,E0,0,0,2005,4,37,25,7,19,-12,390
48181,4591,A05,0,A00,A0,A0,E0,0,0,2005,4,187,175,58,70,-12,926
48183,4591,A05,0,A00,A0,A0,E0,0,0,2005,4,360,401,190,148,42,1595
48187,4591,A05,0,A00,A0,A0,E0,0,0,2005,4,5,5,,,0,2028
48189,4591,A05,0,A00,A0,A0,E0,0,0,2005,4,7,8,,,1,442
48201,4591,A05,0,A00,A0,A0,E0,0,0,2005,4,4337,4664,1913,1586,328,1569
48203,4591,A05,0,A00,A0,A0,E0,0,0,2005,4,61,61,9,9,0,1842
48207,4591,A05,0,A00,A0,A0,E0,0,0,2005,4,0,0,,,0,
48209,4591,A05,0,A00,A0,A0,E0,0,0,2005,4,674,574,79,179,-100,1431
48213,4591,A05,0,A00,A0,A0,E0,0,0,2005,4,8,8,3,3,0,3403
48215,4591,A05,0,A00,A0,A0,E0,0,0,2005,4,475,512,282,245,37,1341
48217,4591,A05,0,A00,A0,A0,E0,0,0,2005,4,14,19,15,10,5,1008
48219,4591,A05,0,A00,A0,A0,E0,0,0,2005,4,,,0,0,,611
48221,4591,A05,0,A00,A0,A0,E0,0,0,2005,4,,,,0,,1311
48223,4591,A05,0,A00,A0,A0,E0,0,0,2005,4,29,26,4,7,-3,1249
48227,4591,A05,0,A00,A0,A0,E0,0,0,2005,4,,,0,,,402
48231,4591,A05,0,A00,A0,A0,E0,0,0,2005,4,7,7,7,7,0,2231
48233,4591,A05,0,A00,A0,A0,E0,0,0,2005,4,,0,0,,,1144
48241,4591,A05,0,A00,A0,A0,E0,0,0,2005,4,3,,,,-1,900
48245,4591,A05,0,A00,A0,A0,E0,0,0,2005,4,259,259,152,152,0,1315
48249,4591,A05,0,A00,A0,A0,E0,0,0,2005,4,,0,0,,,1195
48251,4591,A05,0,A00,A0,A0,E0,0,0,2005,4,55,57,18,15,2,1031
48257,4591,A05,0,A00,A0,A0,E0,0,0,2005,4,21,19,13,15,-2,992
48259,4591,A05,0,A00,A0,A0,E0,0,0,2005,4,,,,,,1889
48265,4591,A05,0,A00,A0,A0,E0,0,0,2005,4,23,25,7,6,2,1614
48273,4591,A05,0,A00,A0,A0,E0,0,0,2005,4,,,,,,447
48277,4591,A05,0,A00,A0,A0,E0,0,0,2005,4,15,16,5,3,1,935
48285,4591,A05,0,A00,A0,A0,E0,0,0,2005,4,,,,0,,1028
48289,4591,A05,0,A00,A0,A0,E0,0,0,2005,4,0,,,0,,
48299,4591,A05,0,A00,A0,A0,E0,0,0,2005,4,,,0,,,235
48303,4591,A05,0,A00,A0,A0,E0,0,0,2005,4,380,415,204,169,35,1300
48305,4591,A05,0,A00,A0,A0,E0,0,0,2005,4,,,0,0,,2219
48307,4591,A05,0,A00,A0,A0,E0,0,0,2005,4,,0,0,,,322
48309,4591,A05,0,A00,A0,A0,E0,0,0,2005,4,201,227,85,59,27,1412
48313,4591,A05,0,A00,A0,A0,E0,0,0,2005,4,0,,,0,,
48321,4591,A05,0,A00,A0,A0,E0,0,0,2005,4,6,9,6,,3,783
48323,4591,A05,0,A00,A0,A0,E0,0,0,2005,4,6,11,5,0,5,1528
48325,4591,A05,0,A00,A0,A0,E0,0,0,2005,4,,,,,,670
48327,4591,A05,0,A00,A0,A0,E0,0,0,2005,4,,,,0,,1694
48329,4591,A05,0,A00,A0,A0,E0,0,0,2005,4,156,170,116,102,14,1273
48331,4591,A05,0,A00,A0,A0,E0,0,0,2005,4,,,,,,306
48339,4591,A05,0,A00,A0,A0,E0,0,0,2005,4,327,363,161,126,35,1444
48341,4591,A05,0,A00,A0,A0,E0,0,0,2005,4,,,0,0,,344
48347,4591,A05,0,A00,A0,A0,E0,0,0,2005,4,59,60,15,15,1,1219
48349,4591,A05,0,A00,A0,A0,E0,0,0,2005,4,,,,,,1365
48355,4591,A05,0,A00,A0,A0,E0,0,0,2005,4,438,479,196,155,41,1823
48357,4591,A05,0,A00,A0,A0,E0,0,0,2005,4,,,,,,786
48361,4591,A05,0,A00,A0,A0,E0,0,0,2005,4,37,35,6,8,-2,1203
48363,4591,A05,0,A00,A0,A0,E0,0,0,2005,4,,,0,,,1827
48367,4591,A05,0,A00,A0,A0,E0,0,0,2005,4,45,44,11,12,-1,1674
48369,4591,A05,0,A00,A0,A0,E0,0,0,2005,4,,,0,0,,683
48371,4591,A05,0,A00,A0,A0,E0,0,0,2005,4,3,6,5,3,2,1667
48373,4591,A05,0,A00,A0,A0,E0,0,0,2005,4,,,0,0,,1592
48375,4591,A05,0,A00,A0,A0,E0,0,0,2005,4,282,297,147,132,15,1400
48379,4591,A05,0,A00,A0,A0,E0,0,0,2005,4,,,0,0,,734
48381,4591,A05,0,A00,A0,A0,E0,0,0,2005,4,138,141,38,35,3,1437
48395,4591,A05,0,A00,A0,A0,E0,0,0,2005,4,0,,,0,,
48397,4591,A05,0,A00,A0,A0,E0,0,0,2005,4,50,52,24,22,2,861
48399,4591,A05,0,A00,A0,A0,E0,0,0,2005,4,0,,,0,,
48407,4591,A05,0,A00,A0,A0,E0,0,0,2005,4,,,,0,,2091
48409,4591,A05,0,A00,A0,A0,E0,0,0,2005,4,20,17,0,3,-3,1182
48419,4591,A05,0,A00,A0,A0,E0,0,0,2005,4,28,26,14,16,-1,1655
48423,4591,A05,0,A00,A0,A0,E0,0,0,2005,4,252,263,105,95,10,1710
48425,4591,A05,0,A00,A0,A0,E0,0,0,2005,4,,,,,,852
48439,4591,A05,0,A00,A0,A0,E0,0,0,2005,4,2617,2873,1305,1049,256,1701
48441,4591,A05,0,A00,A0,A0,E0,0,0,2005,4,130,151,66,45,21,1346
48449,4591,A05,0,A00,A0,A0,E0,0,0,2005,4,,0,0,,,118
48451,4591,A05,0,A00,A0,A0,E0,0,0,2005,4,141,139,42,44,-2,1267
48453,4591,A05,0,A00,A0,A0,E0,0,0,2005,4,1437,1522,545,460,85,1483
48459,4591,A05,0,A00,A0,A0,E0,0,0,2005,4,,,,,,1153
48461,4591,A05,0,A00,A0,A0,E0,0,0,2005,4,,,,0,,114
48463,4591,A05,0,A00,A0,A0,E0,0,0,2005,4,,,,,,1085
48465,4591,A05,0,A00,A0,A0,E0,0,0,2005,4,6,5,0,,-1,950
48467,4591,A05,0,A00,A0,A0,E0,0,0,2005,4,10,12,4,,2,1195
48469,4591,A05,0,A00,A0,A0,E0,0,0,2005,4,106,114,54,46,8,1069
48471,4591,A05,0,A00,A0,A0,E0,0,0,2005,4,,,0,,,521
48475,4591,A05,0,A00,A0,A0,E0,0,0,2005,4,,,0,,,1162
48477,4591,A05,0,A00,A0,A0,E0,0,0,2005,4,16,17,6,5,1,617
48479,4591,A05,0,A00,A0,A0,E0,0,0,2005,4,220,237,104,87,17,1954
48481,4591,A05,0,A00,A0,A0,E0,0,0,2005,4,35,35,,,0,2425
48485,4591,A05,0,A00,A0,A0,E0,0,0,2005,4,131,129,48,50,-2,1355
48487,4591,A05,0,A00,A0,A0,E0,0,0,2005,4,,,0,0,,1777
48489,4591,A05,0,A00,A0,A0,E0,0,0,2005,4,0,,,0,,
48491,4591,A05,0,A00,A0,A0,E0,0,0,2005,4,425,454,181,152,29,1505
48497,4591,A05,0,A00,A0,A0,E0,0,0,2005,4,3,6,,0,2,954
48499,4591,A05,0,A00,A0,A0,E0,0,0,2005,4,33,38,12,8,4,1666
48503,4591,A05,0,A00,A0,A0,E0,0,0,2005,4,,,0,,,750
48,4591,A05,0,A00,A0,A0,E0,0,0,2005,4,23952,25441,10435,8946,1489,1516
48001,4591,A05,0,A00,A0,A0,E0,0,0,2006,1,,,0,0,,2405
48005,4591,A05,0,A00,A0,A0,E0,0,0,2006,1,40,37,5,8,-3,1376
48007,4591,A05,0,A00,A0,A0,E0,0,0,2006,1,18,13,,7,-6,1150
48013,4591,A05,0,A00,A0,A0,E0,0,0,2006,1,,,0,0,,1452
48015,4591,A05,0,A00,A0,A0,E0,0,0,2006,1,,,0,0,,906
48019,4591,A05,0,A00,A0,A0,E0,0,0,2006,1,,0,0,,,780
48021,4591,A05,0,A00,A0,A0,E0,0,0,2006,1,,,,,,559
48023,4591,A05,0,A00,A0,A0,E0,0,0,2006,1,,,0,,,608
48025,4591,A05,0,A00,A0,A0,E0,0,0,2006,1,,,0,0,,1107
48027,4591,A05,0,A00,A0,A0,E0,0,0,2006,1,202,176,28,54,-26,1003
48029,4591,A05,0,A00,A0,A0,E0,0,0,2006,1,1826,1641,341,526,-185,1309
48037,4591,A05,0,A00,A0,A0,E0,0,0,2006,1,145,115,30,60,-30,872
48039,4591,A05,0,A00,A0,A0,E0,0,0,2006,1,68,67,16,17,-1,1152
48041,4591,A05,0,A00,A0,A0,E0,0,0,2006,1,167,155,27,39,-12,931
48049,4591,A05,0,A00,A0,A0,E0,0,0,2006,1,8,6,,4,-3,960
48053,4591,A05,0,A00,A0,A0,E0,0,0,2006,1,,,,,,446
48057,4591,A05,0,A00,A0,A0,E0,0,0,2006,1,,,0,0,,629
48061,4591,A05,0,A00,A0,A0,E0,0,0,2006,1,399,324,392,467,-75,1106
48067,4591,A05,0,A00,A0,A0,E0,0,0,2006,1,,,,0,,819
48069,4591,A05,0,A00,A0,A0,E0,0,0,2006,1,0,0,,,0,
48073,4591,A05,0,A00,A0,A0,E0,0,0,2006,1,,,,,,718
48083,4591,A05,0,A00,A0,A0,E0,0,0,2006,1,,,0,0,,888
48085,4591,A05,0,A00,A0,A0,E0,0,0,2006,1,1175,1051,185,309,-124,1331
48089,4591,A05,0,A00,A0,A0,E0,0,0,2006,1,,,0,,,820
48091,4591,A05,0,A00,A0,A0,E0,0,0,2006,1,104,116,39,27,12,1565
48097,4591,A05,0,A00,A0,A0,E0,0,0,2006,1,,,,,,880
48099,4591,A05,0,A00,A0,A0,E0,0,0,2006,1,5,,,6,-3,705
48113,4591,A05,0,A00,A0,A0,E0,0,0,2006,1,3056,2790,536,802,-266,1556
48121,4591,A05,0,A00,A0,A0,E0,0,0,2006,1,691,645,126,173,-46,1418
48123,4591,A05,0,A00,A0,A0,E0,0,0,2006,1,,,,,,703
48135,4591,A05,0,A00,A0,A0,E0,0,0,2006,1,159,156,30,33,-3,1648
48139,4591,A05,0,A00,A0,A0,E0,0,0,2006,1,288,231,32,89,-58,1108
48141,4591,A05,0,A00,A0,A0,E0,0,0,2006,1,934,805,156,285,-129,1412
48143,4591,A05,0,A00,A0,A0,E0,0,0,2006,1,33,35,13,10,3,1037
48149,4591,A05,0,A00,A0,A0,E0,0,0,2006,1,,0,0,,,1357
48157,4591,A05,0,A00,A0,A0,E0,0,0,2006,1,450,414,85,121,-36,1287
48163,4591,A05,0,A00,A0,A0,E0,0,0,2006,1,,,,,,1289
48165,4591,A05,0,A00,A0,A0,E0,0,0,2006,1,,,,0,,359
48167,4591,A05,0,A00,A0,A0,E0,0,0,2006,1,125,126,32,31,2,1096
48171,4591,A05,0,A00,A0,A0,E0,0,0,2006,1,10,14,5,,4,839
48179,4591,A05,0,A00,A0,A0,E0,0,0,2006,1,23,23,4,5,0,445
48181,4591,A05,0,A00,A0,A0,E0,0,0,2006,1,183,175,31,38,-7,946
48183,4591,A05,0,A00,A0,A0,E0,0,0,2006,1,401,420,149,130,19,1333
48187,4591,A05,0,A00,A0,A0,E0,0,0,2006,1,,,0,0,,2252
48189,4591,A05,0,A00,A0,A0,E0,0,0,2006,1,8,8,,,0,427
48201,4591,A05,0,A00,A0,A0,E0,0,0,2006,1,4810,4509,957,1258,-301,1407
48203,4591,A05,0,A00,A0,A0,E0,0,0,2006,1,61,69,9,,8,1433
48207,4591,A05,0,A00,A0,A0,E0,0,0,2006,1,0,,,0,,
48209,4591,A05,0,A00,A0,A0,E0,0,0,2006,1,574,516,59,116,-58,1766
48213,4591,A05,0,A00,A0,A0,E0,0,0,2006,1,8,8,,,0,4170
48215,4591,A05,0,A00,A0,A0,E0,0,0,2006,1,514,438,63,138,-75,1268
48217,4591,A05,0,A00,A0,A0,E0,0,0,2006,1,19,14,3,8,-5,1077
48219,4591,A05,0,A00,A0,A0,E0,0,0,2006,1,3,5,,0,1,618
48221,4591,A05,0,A00,A0,A0,E0,0,0,2006,1,,,,0,,1147
48223,4591,A05,0,A00,A0,A0,E0,0,0,2006,1,26,27,5,4,2,1330
48227,4591,A05,0,A00,A0,A0,E0,0,0,2006,1,,,,,,326
48231,4591,A05,0,A00,A0,A0,E0,0,0,2006,1,7,10,7,3,3,2361
48233,4591,A05,0,A00,A0,A0,E0,0,0,2006,1,0,,,0,,
48241,4591,A05,0,A00,A0,A0,E0,0,0,2006,1,,3,4,3,1,1292
48245,4591,A05,0,A00,A0,A0,E0,0,0,2006,1,260,256,90,93,-3,1146
48251,4591,A05,0,A00,A0,A0,E0,0,0,2006,1,49,46,10,12,-3,1001
48257,4591,A05,0,A00,A0,A0,E0,0,0,2006,1,19,15,4,8,-4,851
48259,4591,A05,0,A00,A0,A0,E0,0,0,2006,1,,,0,0,,1469
48265,4591,A05,0,A00,A0,A0,E0,0,0,2006,1,25,23,9,11,-1,889
48273,4591,A05,0,A00,A0,A0,E0,0,0,2006,1,,,0,,,775
48277,4591,A05,0,A00,A0,A0,E0,0,0,2006,1,16,15,,,-1,817
48285,4591,A05,0,A00,A0,A0,E0,0,0,2006,1,,,0,0,,1460
48289,4591,A05,0,A00,A0,A0,E0,0,0,2006,1,,,0,0,,571
48293,4591,A05,0,A00,A0,A0,E0,0,0,2006,1,0,,,0,,
48299,4591,A05,0,A00,A0,A0,E0,0,0,2006,1,,,0,0,,211
48303,4591,A05,0,A00,A0,A0,E0,0,0,2006,1,415,404,106,117,-11,1227
48305,4591,A05,0,A00,A0,A0,E0,0,0,2006,1,,,,0,,2166
48309,4591,A05,0,A00,A0,A0,E0,0,0,2006,1,227,209,27,45,-18,1375
48313,4591,A05,0,A00,A0,A0,E0,0,0,2006,1,,,0,0,,268
48321,4591,A05,0,A00,A0,A0,E0,0,0,2006,1,9,11,,,1,814
48323,4591,A05,0,A00,A0,A0,E0,0,0,2006,1,11,26,17,,15,1061
48325,4591,A05,0,A00,A0,A0,E0,0,0,2006,1,0,,,0,,
48327,4591,A05,0,A00,A0,A0,E0,0,0,2006,1,,,0,,,555
48329,4591,A05,0,A00,A0,A0,E0,0,0,2006,1,170,158,39,51,-12,1134
48331,4591,A05,0,A00,A0,A0,E0,0,0,2006,1,,,,,,414
48339,4591,A05,0,A00,A0,A0,E0,0,0,2006,1,369,335,66,100,-35,1185
48341,4591,A05,0,A00,A0,A0,E0,0,0,2006,1,,,0,0,,270
48347,4591,A05,0,A00,A0,A0,E0,0,0,2006,1,60,60,15,14,1,1208
48349,4591,A05,0,A00,A0,A0,E0,0,0,2006,1,,,,,,1600
48355,4591,A05,0,A00,A0,A0,E0,0,0,2006,1,456,425,89,120,-31,1674
48357,4591,A05,0,A00,A0,A0,E0,0,0,2006,1,,,,,,738
48361,4591,A05,0,A00,A0,A0,E0,0,0,2006,1,35,30,7,11,-4,1333
48363,4591,A05,0,A00,A0,A0,E0,0,0,2006,1,,,0,0,,1512
48367,4591,A05,0,A00,A0,A0,E0,0,0,2006,1,44,47,13,10,3,1575
48369,4591,A05,0,A00,A0,A0,E0,0,0,2006,1,,,0,0,,673
48371,4591,A05,0,A00,A0,A0,E0,0,0,2006,1,6,12,7,,6,1365
48373,4591,A05,0,A00,A0,A0,E0,0,0,2006,1,,,,,,1285
48375,4591,A05,0,A00,A0,A0,E0,0,0,2006,1,297,250,48,96,-48,1733
48379,4591,A05,0,A00,A0,A0,E0,0,0,2006,1,,,0,0,,845
48381,4591,A05,0,A00,A0,A0,E0,0,0,2006,1,147,153,45,39,6,1398
48395,4591,A05,0,A00,A0,A0,E0,0,0,2006,1,,,0,0,,4795
48397,4591,A05,0,A00,A0,A0,E0,0,0,2006,1,52,52,16,16,0,831
48399,4591,A05,0,A00,A0,A0,E0,0,0,2006,1,,0,0,,,21
48407,4591,A05,0,A00,A0,A0,E0,0,0,2006,1,,,0,0,,1524
48409,4591,A05,0,A00,A0,A0,E0,0,0,2006,1,17,18,,0,1,1239
48419,4591,A05,0,A00,A0,A0,E0,0,0,2006,1,26,27,12,10,1,1844
48423,4591,A05,0,A00,A0,A0,E0,0,0,2006,1,262,253,58,67,-9,1495
48425,4591,A05,0,A00,A0,A0,E0,0,0,2006,1,,,,,,642
48439,4591,A05,0,A00,A0,A0,E0,0,0,2006,1,3168,2666,605,1106,-501,1500
48441,4591,A05,0,A00,A0,A0,E0,0,0,2006,1,151,115,17,53,-36,1234
48451,4591,A05,0,A00,A0,A0,E0,0,0,2006,1,140,132,24,32,-8,1265
48453,4591,A05,0,A00,A0,A0,E0,0,0,2006,1,1555,1488,356,424,-68,1320
48459,4591,A05,0,A00,A0,A0,E0,0,0,2006,1,,,0,0,,877
48461,4591,A05,0,A00,A0,A0,E0,0,0,2006,1,,,0,0,,292
48463,4591,A05,0,A00,A0,A0,E0,0,0,2006,1,,,,,,1023
48465,4591,A05,0,A00,A0,A0,E0,0,0,2006,1,,,0,0,,1106
48467,4591,A05,0,A00,A0,A0,E0,0,0,2006,1,12,15,3,0,3,1353
48469,4591,A05,0,A00,A0,A0,E0,0,0,2006,1,123,117,32,38,-6,871
48471,4591,A05,0,A00,A0,A0,E0,0,0,2006,1,,,,,,646
48475,4591,A05,0,A00,A0,A0,E0,0,0,2006,1,,,,,,1235
48477,4591,A05,0,A00,A0,A0,E0,0,0,2006,1,15,17,4,,2,615
48479,4591,A05,0,A00,A0,A0,E0,0,0,2006,1,237,198,26,65,-39,1461
48481,4591,A05,0,A00,A0,A0,E0,0,0,2006,1,35,32,,5,-3,2089
48485,4591,A05,0,A00,A0,A0,E0,0,0,2006,1,129,120,27,36,-9,1454
48487,4591,A05,0,A00,A0,A0,E0,0,0,2006,1,,,,0,,1575
48489,4591,A05,0,A00,A0,A0,E0,0,0,2006,1,,,,0,,934
48491,4591,A05,0,A00,A0,A0,E0,0,0,2006,1,445,409,83,119,-35,1299
48497,4591,A05,0,A00,A0,A0,E0,0,0,2006,1,6,,0,3,-3,742
48499,4591,A05,0,A00,A0,A0,E0,0,0,2006,1,24,21,10,12,-3,890
48503,4591,A05,0,A00,A0,A0,E0,0,0,2006,1,,,0,0,,1329
48,4591,A05,0,A00,A0,A0,E0,0,0,2006,1,25855,23616,5327,7565,-2238,1385
48001,4591,A05,0,A00,A0,A0,E0,0,0,2006,2,,,0,0,,2387
48005,4591,A05,0,A00,A0,A0,E0,0,0,2006,2,37,43,10,3,7,1522
48007,4591,A05,0,A00,A0,A0,E0,0,0,2006,2,13,16,8,5,3,1660
48013,4591,A05,0,A00,A0,A0,E0,0,0,2006,2,,,0,0,,1452
48015,4591,A05,0,A00,A0,A0,E0,0,0,2006,2,,,0,0,,1030
48017,4591,A05,0,A00,A0,A0,E0,0,0,2006,2,0,,,0,,
48021,4591,A05,0,A00,A0,A0,E0,0,0,2006,2,,,,,,445
48023,4591,A05,0,A00,A0,A0,E0,0,0,2006,2,,,0,,,869
48025,4591,A05,0,A00,A0,A0,E0,0,0,2006,2,,,0,0,,1107
48027,4591,A05,0,A00,A0,A0,E0,0,0,2006,2,176,174,55,58,-2,1044
48029,4591,A05,0,A00,A0,A0,E0,0,0,2006,2,1632,1617,422,437,-15,1374
48037,4591,A05,0,A00,A0,A0,E0,0,0,2006,2,116,99,32,49,-17,1069
48039,4591,A05,0,A00,A0,A0,E0,0,0,2006,2,70,82,37,24,12,1215
48041,4591,A05,0,A00,A0,A0,E0,0,0,2006,2,155,141,48,62,-14,976
48049,4591,A05,0,A00,A0,A0,E0,0,0,2006,2,6,8,5,,3,1406
48053,4591,A05,0,A00,A0,A0,E0,0,0,2006,2,,,,,,909
48057,4591,A05,0,A00,A0,A0,E0,0,0,2006,2,,,,,,665
48061,4591,A05,0,A00,A0,A0,E0,0,0,2006,2,315,293,80,102,-22,1180
48067,4591,A05,0,A00,A0,A0,E0,0,0,2006,2,,,0,,,713
48073,4591,A05,0,A00,A0,A0,E0,0,0,2006,2,,,,,,756
48083,4591,A05,0,A00,A0,A0,E0,0,0,2006,2,,0,0,,,301
48085,4591,A05,0,A00,A0,A0,E0,0,0,2006,2,1051,1047,275,279,-3,1483
48089,4591,A05,0,A00,A0,A0,E0,0,0,2006,2,,,,,,1174
48091,4591,A05,0,A00,A0,A0,E0,0,0,2006,2,115,137,62,39,22,1482
48097,4591,A05,0,A00,A0,A0,E0,0,0,2006,2,,,,,,447
48099,4591,A05,0,A00,A0,A0,E0,0,0,2006,2,,,,,,346
48113,4591,A05,0,A00,A0,A0,E0,0,0,2006,2,2802,2893,824,733,91,1710
48121,4591,A05,0,A00,A0,A0,E0,0,0,2006,2,644,649,175,169,5,1425
48123,4591,A05,0,A00,A0,A0,E0,0,0,2006,2,,,,,,596
48135,4591,A05,0,A00,A0,A0,E0,0,0,2006,2,157,165,44,37,7,1602
48139,4591,A05,0,A00,A0,A0,E0,0,0,2006,2,231,233,61,58,3,1457
48141,4591,A05,0,A00,A0,A0,E0,0,0,2006,2,797,813,237,221,15,2727
48143,4591,A05,0,A00,A0,A0,E0,0,0,2006,2,35,35,9,10,-1,895
48157,4591,A05,0,A00,A0,A0,E0,0,0,2006,2,414,408,94,100,-6,1399
48163,4591,A05,0,A00,A0,A0,E0,0,0,2006,2,,,,,,1030
48165,4591,A05,0,A00,A0,A0,E0,0,0,2006,2,,,,,,494
48167,4591,A05,0,A00,A0,A0,E0,0,0,2006,2,126,149,66,43,22,1144
48171,4591,A05,0,A00,A0,A0,E0,0,0,2006,2,14,10,,5,-3,745
48179,4591,A05,0,A00,A0,A0,E0,0,0,2006,2,20,20,9,10,-1,566
48181,4591,A05,0,A00,A0,A0,E0,0,0,2006,2,175,176,42,42,1,1008
48183,4591,A05,0,A00,A0,A0,E0,0,0,2006,2,420,438,176,157,18,1330
48187,4591,A05,0,A00,A0,A0,E0,0,0,2006,2,,,,,,2034
48189,4591,A05,0,A00,A0,A0,E0,0,0,2006,2,8,5,,4,-2,421
48193,4591,A05,0,A00,A0,A0,E0,0,0,2006,2,0,,,0,,
48201,4591,A05,0,A00,A0,A0,E0,0,0,2006,2,4519,4532,1127,1113,14,1475
48203,4591,A05,0,A00,A0,A0,E0,0,0,2006,2,69,70,6,5,1,1619
48207,4591,A05,0,A00,A0,A0,E0,0,0,2006,2,,,0,0,,1732
48209,4591,A05,0,A00,A0,A0,E0,0,0,2006,2,516,479,47,85,-37,1425
48213,4591,A05,0,A00,A0,A0,E0,0,0,2006,2,8,16,8,0,7,4470
48215,4591,A05,0,A00,A0,A0,E0,0,0,2006,2,435,410,109,134,-25,1391
48217,4591,A05,0,A00,A0,A0,E0,0,0,2006,2,14,15,6,5,1,1294
48219,4591,A05,0,A00,A0,A0,E0,0,0,2006,2,5,7,5,,2,593
48221,4591,A05,0,A00,A0,A0,E0,0,0,2006,2,,,0,,,808
48223,4591,A05,0,A00,A0,A0,E0,0,0,2006,2,27,25,3,6,-2,1327
48227,4591,A05,0,A00,A0,A0,E0,0,0,2006,2,,,,,,512
48231,4591,A05,0,A00,A0,A0,E0,0,0,2006,2,10,9,7,8,-1,1130
48233,4591,A05,0,A00,A0,A0,E0,0,0,2006,2,,,,,,1186
48241,4591,A05,0,A00,A0,A0,E0,0,0,2006,2,3,3,4,4,0,822
48245,4591,A05,0,A00,A0,A0,E0,0,0,2006,2,253,252,71,72,-1,1658
48251,4591,A05,0,A00,A0,A0,E0,0,0,2006,2,46,47,12,11,1,979
48257,4591,A05,0,A00,A0,A0,E0,0,0,2006,2,15,15,5,5,0,877
48259,4591,A05,0,A00,A0,A0,E0,0,0,2006,2,,,,,,800
48265,4591,A05,0,A00,A0,A0,E0,0,0,2006,2,16,20,7,4,3,1016
48273,4591,A05,0,A00,A0,A0,E0,0,0,2006,2,,,0,0,,1087
48277,4591,A05,0,A00,A0,A0,E0,0,0,2006,2,15,15,,,0,881
48285,4591,A05,0,A00,A0,A0,E0,0,0,2006,2,,,,0,,1172
48289,4591,A05,0,A00,A0,A0,E0,0,0,2006,2,,,,,,323
48293,4591,A05,0,A00,A0,A0,E0,0,0,2006,2,,,,0,,519
48299,4591,A05,0,A00,A0,A0,E0,0,0,2006,2,,,,0,,150
48303,4591,A05,0,A00,A0,A0,E0,0,0,2006,2,400,396,121,126,-4,1803
48305,4591,A05,0,A00,A0,A0,E0,0,0,2006,2,,,,0,,1781
48309,4591,A05,0,A00,A0,A0,E0,0,0,2006,2,209,216,47,40,7,1419
48313,4591,A05,0,A00,A0,A0,E0,0,0,2006,2,,,0,0,,278
48321,4591,A05,0,A00,A0,A0,E0,0,0,2006,2,11,11,,,0,932
48323,4591,A05,0,A00,A0,A0,E0,0,0,2006,2,26,39,22,9,13,754
48325,4591,A05,0,A00,A0,A0,E0,0,0,2006,2,,,0,0,,190
48327,4591,A05,0,A00,A0,A0,E0,0,0,2006,2,,,0,,,814
48329,4591,A05,0,A00,A0,A0,E0,0,0,2006,2,158,168,58,49,10,1252
48331,4591,A05,0,A00,A0,A0,E0,0,0,2006,2,,,,,,123
48339,4591,A05,0,A00,A0,A0,E0,0,0,2006,2,335,332,83,86,-3,1339
48341,4591,A05,0,A00,A0,A0,E0,0,0,2006,2,,,,,,410
48347,4591,A05,0,A00,A0,A0,E0,0,0,2006,2,60,53,12,20,-8,1134
48349,4591,A05,0,A00,A0,A0,E0,0,0,2006,2,,,,,,1194
48355,4591,A05,0,A00,A0,A0,E0,0,0,2006,2,425,436,107,97,11,1639
48357,4591,A05,0,A00,A0,A0,E0,0,0,2006,2,,,,0,,991
48361,4591,A05,0,A00,A0,A0,E0,0,0,2006,2,30,36,20,14,5,1765
48363,4591,A05,0,A00,A0,A0,E0,0,0,2006,2,,,,,,1874
48367,4591,A05,0,A00,A0,A0,E0,0,0,2006,2,47,54,21,14,7,1699
48369,4591,A05,0,A00,A0,A0,E0,0,0,2006,2,,,0,0,,669
48371,4591,A05,0,A00,A0,A0,E0,0,0,2006,2,12,7,3,8,-5,1397
48373,4591,A05,0,A00,A0,A0,E0,0,0,2006,2,,,,,,1420
48375,4591,A05,0,A00,A0,A0,E0,0,0,2006,2,249,253,64,60,4,4937
48379,4591,A05,0,A00,A0,A0,E0,0,0,2006,2,,,0,0,,852
48381,4591,A05,0,A00,A0,A0,E0,0,0,2006,2,153,155,40,38,1,1674
48395,4591,A05,0,A00,A0,A0,E0,0,0,2006,2,,,0,0,,4795
48397,4591,A05,0,A00,A0,A0,E0,0,0,2006,2,52,56,15,12,3,833
48407,4591,A05,0,A00,A0,A0,E0,0,0,2006,2,,,0,0,,1145
48409,4591,A05,0,A00,A0,A0,E0,0,0,2006,2,18,16,,4,-2,1112
48419,4591,A05,0,A00,A0,A0,E0,0,0,2006,2,27,28,8,8,1,1885
48423,4591,A05,0,A00,A0,A0,E0,0,0,2006,2,253,249,56,61,-5,1382
48425,4591,A05,0,A00,A0,A0,E0,0,0,2006,2,,,,,,903
48439,4591,A05,0,A00,A0,A0,E0,0,0,2006,2,2681,2696,684,669,15,1609
48441,4591,A05,0,A00,A0,A0,E0,0,0,2006,2,115,109,30,36,-6,1232
48451,4591,A05,0,A00,A0,A0,E0,0,0,2006,2,132,128,32,36,-5,1143
48453,4591,A05,0,A00,A0,A0,E0,0,0,2006,2,1488,1519,411,381,30,1368
48459,4591,A05,0,A00,A0,A0,E0,0,0,2006,2,,,,,,859
48461,4591,A05,0,A00,A0,A0,E0,0,0,2006,2,,,0,0,,136
48463,4591,A05,0,A00,A0,A0,E0,0,0,2006,2,,,,,,1237
48465,4591,A05,0,A00,A0,A0,E0,0,0,2006,2,5,7,3,,2,1025
48467,4591,A05,0,A00,A0,A0,E0,0,0,2006,2,15,17,4,,2,1482
48469,4591,A05,0,A00,A0,A0,E0,0,0,2006,2,118,103,40,56,-15,843
48471,4591,A05,0,A00,A0,A0,E0,0,0,2006,2,,,,,,489
48475,4591,A05,0,A00,A0,A0,E0,0,0,2006,2,,,,0,,1600
48477,4591,A05,0,A00,A0,A0,E0,0,0,2006,2,20,22,10,9,2,667
48479,4591,A05,0,A00,A0,A0,E0,0,0,2006,2,198,196,35,37,-2,1658
48481,4591,A05,0,A00,A0,A0,E0,0,0,2006,2,32,32,7,7,0,1781
48485,4591,A05,0,A00,A0,A0,E0,0,0,2006,2,120,119,31,32,-1,1350
48487,4591,A05,0,A00,A0,A0,E0,0,0,2006,2,,,,,,435
48489,4591,A05,0,A00,A0,A0,E0,0,0,2006,2,,,0,,,877
48491,4591,A05,0,A00,A0,A0,E0,0,0,2006,2,409,408,120,122,-1,1267
48497,4591,A05,0,A00,A0,A0,E0,0,0,2006,2,,5,3,0,3,959
48499,4591,A05,0,A00,A0,A0,E0,0,0,2006,2,21,20,,,-1,1095
48503,4591,A05,0,A00,A0,A0,E0,0,0,2006,2,,,0,0,,1329
48,4591,A05,0,A00,A0,A0,E0,0,0,2006,2,23619,23779,6391,6231,160,1540
48001,4591,A05,0,A00,A0,A0,E0,0,0,2006,3,,,0,0,,2388
48005,4591,A05,0,A00,A0,A0,E0,0,0,2006,3,43,39,4,8,-4,1442
48007,4591,A05,0,A00,A0,A0,E0,0,0,2006,3,16,14,5,7,-2,1793
48013,4591,A05,0,A00,A0,A0,E0,0,0,2006,3,,,0,,,1372
48015,4591,A05,0,A00,A0,A0,E0,0,0,2006,3,,,,0,,1012
48017,4591,A05,0,A00,A0,A0,E0,0,0,2006,3,,,,,,400
48021,4591,A05,0,A00,A0,A0,E0,0,0,2006,3,,,,,,614
48023,4591,A05,0,A00,A0,A0,E0,0,0,2006,3,,,,0,,906
48025,4591,A05,0,A00,A0,A0,E0,0,0,2006,3,,,0,0,,1107
48027,4591,A05,0,A00,A0,A0,E0,0,0,2006,3,174,187,60,47,13,1122
48029,4591,A05,0,A00,A0,A0,E0,0,0,2006,3,1584,1563,445,467,-21,1433
48037,4591,A05,0,A00,A0,A0,E0,0,0,2006,3,99,121,60,38,22,1082
48039,4591,A05,0,A00,A0,A0,E0,0,0,2006,3,85,69,31,48,-16,1087
48041,4591,A05,0,A00,A0,A0,E0,0,0,2006,3,141,146,50,45,5,1114
48049,4591,A05,0,A00,A0,A0,E0,0,0,2006,3,8,7,4,5,-1,1041
48053,4591,A05,0,A00,A0,A0,E0,0,0,2006,3,,,,0,,1220
48057,4591,A05,0,A00,A0,A0,E0,0,0,2006,3,,,0,,,692
48061,4591,A05,0,A00,A0,A0,E0,0,0,2006,3,275,293,442,424,18,1370
48067,4591,A05,0,A00,A0,A0,E0,0,0,2006,3,,,0,,,874
48073,4591,A05,0,A00,A0,A0,E0,0,0,2006,3,,,0,,,1318
48085,4591,A05,0,A00,A0,A0,E0,0,0,2006,3,1052,1071,352,333,18,1467
48089,4591,A05,0,A00,A0,A0,E0,0,0,2006,3,,,,0,,1102
48091,4591,A05,0,A00,A0,A0,E0,0,0,2006,3,136,123,30,44,-13,1396
48097,4591,A05,0,A00,A0,A0,E0,0,0,2006,3,,,0,0,,608
48099,4591,A05,0,A00,A0,A0,E0,0,0,2006,3,,,0,,,1054
48113,4591,A05,0,A00,A0,A0,E0,0,0,2006,3,2964,3117,985,832,153,1759
48121,4591,A05,0,A00,A0,A0,E0,0,0,2006,3,649,653,178,175,4,1468
48123,4591,A05,0,A00,A0,A0,E0,0,0,2006,3,,,,,,680
48135,4591,A05,0,A00,A0,A0,E0,0,0,2006,3,159,163,46,42,4,1664
48139,4591,A05,0,A00,A0,A0,E0,0,0,2006,3,233,253,79,60,20,1408
48141,4591,A05,0,A00,A0,A0,E0,0,0,2006,3,831,879,338,290,48,1465
48143,4591,A05,0,A00,A0,A0,E0,0,0,2006,3,35,53,24,7,18,1231
48157,4591,A05,0,A00,A0,A0,E0,0,0,2006,3,408,436,139,110,29,1425
48163,4591,A05,0,A00,A0,A0,E0,0,0,2006,3,,,,,,1412
48165,4591,A05,0,A00,A0,A0,E0,0,0,2006,3,,,,,,458
48167,4591,A05,0,A00,A0,A0,E0,0,0,2006,3,149,134,60,75,-15,1058
48171,4591,A05,0,A00,A0,A0,E0,0,0,2006,3,10,11,3,,1,810
48179,4591,A05,0,A00,A0,A0,E0,0,0,2006,3,20,15,4,9,-5,404
48181,4591,A05,0,A00,A0,A0,E0,0,0,2006,3,176,174,49,52,-3,1022
48183,4591,A05,0,A00,A0,A0,E0,0,0,2006,3,438,441,168,166,2,1308
48187,4591,A05,0,A00,A0,A0,E0,0,0,2006,3,,,,,,1833
48189,4591,A05,0,A00,A0,A0,E0,0,0,2006,3,5,4,4,5,-1,517
48191,4591,A05,0,A00,A0,A0,E0,0,0,2006,3,0,0,,,0,
48193,4591,A05,0,A00,A0,A0,E0,0,0,2006,3,,0,0,,,600
48201,4591,A05,0,A00,A0,A0,E0,0,0,2006,3,4545,4820,1513,1238,275,1536
48203,4591,A05,0,A00,A0,A0,E0,0,0,2006,3,70,61,8,16,-8,1421
48207,4591,A05,0,A00,A0,A0,E0,0,0,2006,3,,,0,0,,1732
48209,4591,A05,0,A00,A0,A0,E0,0,0,2006,3,471,465,82,88,-6,1679
48213,4591,A05,0,A00,A0,A0,E0,0,0,2006,3,17,36,27,8,19,3724
48215,4591,A05,0,A00,A0,A0,E0,0,0,2006,3,376,390,126,112,14,1370
48217,4591,A05,0,A00,A0,A0,E0,0,0,2006,3,15,14,6,6,-1,1282
48219,4591,A05,0,A00,A0,A0,E0,0,0,2006,3,7,5,3,6,-2,655
48221,4591,A05,0,A00,A0,A0,E0,0,0,2006,3,,,0,0,,1073
48223,4591,A05,0,A00,A0,A0,E0,0,0,2006,3,25,26,7,6,1,1407
48225,4591,A05,0,A00,A0,A0,E0,0,0,2006,3,0,,,0,,
48227,4591,A05,0,A00,A0,A0,E0,0,0,2006,3,,,,,,385
48231,4591,A05,0,A00,A0,A0,E0,0,0,2006,3,9,8,,,-1,1524
48233,4591,A05,0,A00,A0,A0,E0,0,0,2006,3,,,,,,570
48241,4591,A05,0,A00,A0,A0,E0,0,0,2006,3,3,4,3,,1,691
48245,4591,A05,0,A00,A0,A0,E0,0,0,2006,3,251,252,83,82,1,1499
48251,4591,A05,0,A00,A0,A0,E0,0,0,2006,3,47,47,13,14,-1,1066
48257,4591,A05,0,A00,A0,A0,E0,0,0,2006,3,15,16,6,5,1,1033
48259,4591,A05,0,A00,A0,A0,E0,0,0,2006,3,,,,,,636
48265,4591,A05,0,A00,A0,A0,E0,0,0,2006,3,20,24,5,,4,1072
48273,4591,A05,0,A00,A0,A0,E0,0,0,2006,3,,,,,,873
48277,4591,A05,0,A00,A0,A0,E0,0,0,2006,3,15,14,0,,-1,878
48285,4591,A05,0,A00,A0,A0,E0,0,0,2006,3,,,,,,1335
48289,4591,A05,0,A00,A0,A0,E0,0,0,2006,3,,,0,0,,808
48293,4591,A05,0,A00,A0,A0,E0,0,0,2006,3,,,,,,982
48297,4591,A05,0,A00,A0,A0,E0,0,0,2006,3,0,,,0,,
48299,4591,A05,0,A00,A0,A0,E0,0,0,2006,3,,,0,0,,263
48303,4591,A05,0,A00,A0,A0,E0,0,0,2006,3,396,385,123,134,-10,1287
48305,4591,A05,0,A00,A0,A0,E0,0,0,2006,3,,,,,,1486
48309,4591,A05,0,A00,A0,A0,E0,0,0,2006,3,216,214,56,58,-2,1454
48313,4591,A05,0,A00,A0,A0,E0,0,0,2006,3,,,0,0,,357
48321,4591,A05,0,A00,A0,A0,E0,0,0,2006,3,11,9,,,-1,971
48323,4591,A05,0,A00,A0,A0,E0,0,0,2006,3,39,44,15,9,6,735
48325,4591,A05,0,A00,A0,A0,E0,0,0,2006,3,7,9,3,,2,588
48327,4591,A05,0,A00,A0,A0,E0,0,0,2006,3,,,0,0,,1223
48329,4591,A05,0,A00,A0,A0,E0,0,0,2006,3,168,164,66,69,-4,1113
48331,4591,A05,0,A00,A0,A0,E0,0,0,2006,3,,,0,0,,648
48339,4591,A05,0,A00,A0,A0,E0,0,0,2006,3,338,356,94,76,18,1369
48341,4591,A05,0,A00,A0,A0,E0,0,0,2006,3,,,,,,491
48347,4591,A05,0,A00,A0,A0,E0,0,0,2006,3,53,66,26,13,13,1369
48349,4591,A05,0,A00,A0,A0,E0,0,0,2006,3,,,,,,1060
48355,4591,A05,0,A00,A0,A0,E0,0,0,2006,3,444,450,117,111,6,1708
48357,4591,A05,0,A00,A0,A0,E0,0,0,2006,3,,,,0,,559
48361,4591,A05,0,A00,A0,A0,E0,0,0,2006,3,36,34,14,15,-1,1339
48363,4591,A05,0,A00,A0,A0,E0,0,0,2006,3,,0,,,,927
48367,4591,A05,0,A00,A0,A0,E0,0,0,2006,3,54,57,15,12,4,1743
48369,4591,A05,0,A00,A0,A0,E0,0,0,2006,3,,,0,0,,703
48371,4591,A05,0,A00,A0,A0,E0,0,0,2006,3,7,8,,,1,1071
48373,4591,A05,0,A00,A0,A0,E0,0,0,2006,3,,,,,,1101
48375,4591,A05,0,A00,A0,A0,E0,0,0,2006,3,248,239,76,85,-9,1780
48379,4591,A05,0,A00,A0,A0,E0,0,0,2006,3,,,0,0,,829
48381,4591,A05,0,A00,A0,A0,E0,0,0,2006,3,160,175,65,50,15,1446
48395,4591,A05,0,A00,A0,A0,E0,0,0,2006,3,,,0,0,,4843
48397,4591,A05,0,A00,A0,A0,E0,0,0,2006,3,56,54,22,24,-1,844
48407,4591,A05,0,A00,A0,A0,E0,0,0,2006,3,,,,,,279
48409,4591,A05,0,A00,A0,A0,E0,0,0,2006,3,,,,,,1543
48419,4591,A05,0,A00,A0,A0,E0,0,0,2006,3,,,,,,2529
48423,4591,A05,0,A00,A0,A0,E0,0,0,2006,3,249,260,101,90,11,1501
48425,4591,A05,0,A00,A0,A0,E0,0,0,2006,3,,,,,,960
48439,4591,A05,0,A00,A0,A0,E0,0,0,2006,3,2683,2848,1046,880,165,1762
48441,4591,A05,0,A00,A0,A0,E0,0,0,2006,3,114,116,43,41,2,1637
48451,4591,A05,0,A00,A0,A0,E0,0,0,2006,3,119,122,36,33,3,1225
48453,4591,A05,0,A00,A0,A0,E0,0,0,2006,3,1524,1499,429,455,-26,1409
48459,4591,A05,0,A00,A0,A0,E0,0,0,2006,3,,,,,,770
48461,4591,A05,0,A00,A0,A0,E0,0,0,2006,3,,,0,0,,90
48463,4591,A05,0,A00,A0,A0,E0,0,0,2006,3,,,,,,1162
48465,4591,A05,0,A00,A0,A0,E0,0,0,2006,3,7,8,5,3,1,767
48467,4591,A05,0,A00,A0,A0,E0,0,0,2006,3,17,11,3,8,-6,1587
48469,4591,A05,0,A00,A0,A0,E0,0,0,2006,3,103,105,40,37,2,975
48471,4591,A05,0,A00,A0,A0,E0,0,0,2006,3,,,,,,588
48475,4591,A05,0,A00,A0,A0,E0,0,0,2006,3,,,,,,1406
48477,4591,A05,0,A00,A0,A0,E0,0,0,2006,3,22,20,10,12,-2,536
48479,4591,A05,0,A00,A0,A0,E0,0,0,2006,3,183,187,51,48,3,1777
48481,4591,A05,0,A00,A0,A0,E0,0,0,2006,3,32,30,6,8,-2,1458
48485,4591,A05,0,A00,A0,A0,E0,0,0,2006,3,119,124,38,33,5,1379
48487,4591,A05,0,A00,A0,A0,E0,0,0,2006,3,,,0,0,,1241
48489,4591,A05,0,A00,A0,A0,E0,0,0,2006,3,,,0,0,,1251
48491,4591,A05,0,A00,A0,A0,E0,0,0,2006,3,415,410,152,158,-5,1345
48497,4591,A05,0,A00,A0,A0,E0,0,0,2006,3,5,5,,,0,1020
48499,4591,A05,0,A00,A0,A0,E0,0,0,2006,3,20,18,4,6,-2,1254
48503,4591,A05,0,A00,A0,A0,E0,0,0,2006,3,,,0,0,,1329
48,4591,A05,0,A00,A0,A0,E0,0,0,2006,3,23796,24545,8215,7466,749,1513
48001,4591,A05,0,A00,A0,A0,E0,0,0,2006,4,,,0,0,,2390
48005,4591,A05,0,A00,A0,A0,E0,0,0,2006,4,39,39,7,8,-1,1684
48007,4591,A05,0,A00,A0,A0,E0,0,0,2006,4,14,17,6,,3,1731
48013,4591,A05,0,A00,A0,A0,E0,0,0,2006,4,,,,,,1611
48015,4591,A05,0,A00,A0,A0,E0,0,0,2006,4,,,0,,,1060
48017,4591,A05,0,A00,A0,A0,E0,0,0,2006,4,,,,,,273
48021,4591,A05,0,A00,A0,A0,E0,0,0,2006,4,,,,,,766
48023,4591,A05,0,A00,A0,A0,E0,0,0,2006,4,,,,,,691
48025,4591,A05,0,A00,A0,A0,E0,0,0,2006,4,,,,0,,1107
48027,4591,A05,0,A00,A0,A0,E0,0,0,2006,4,187,225,92,54,38,1100
48029,4591,A05,0,A00,A0,A0,E0,0,0,2006,4,1808,2245,1106,669,437,1485
48037,4591,A05,0,A00,A0,A0,E0,0,0,2006,4,122,120,69,71,-2,1120
48039,4591,A05,0,A00,A0,A0,E0,0,0,2006,4,69,83,40,26,14,1145
48041,4591,A05,0,A00,A0,A0,E0,0,0,2006,4,147,178,76,45,32,1100
48049,4591,A05,0,A00,A0,A0,E0,0,0,2006,4,7,7,,,0,1843
48053,4591,A05,0,A00,A0,A0,E0,0,0,2006,4,3,3,,,0,851
48057,4591,A05,0,A00,A0,A0,E0,0,0,2006,4,,,0,0,,605
48061,4591,A05,0,A00,A0,A0,E0,0,0,2006,4,293,307,147,133,14,1241
48067,4591,A05,0,A00,A0,A0,E0,0,0,2006,4,,,0,0,,1329
48069,4591,A05,0,A00,A0,A0,E0,0,0,2006,4,0,,,,,
48073,4591,A05,0,A00,A0,A0,E0,0,0,2006,4,,,0,,,1608
48085,4591,A05,0,A00,A0,A0,E0,0,0,2006,4,1060,1217,524,367,157,1527
48089,4591,A05,0,A00,A0,A0,E0,0,0,2006,4,,,,,,743
48091,4591,A05,0,A00,A0,A0,E0,0,0,2006,4,122,129,41,34,7,1528
48097,4591,A05,0,A00,A0,A0,E0,0,0,2006,4,,,,,,612
48099,4591,A05,0,A00,A0,A0,E0,0,0,2006,4,,,,,,1068
48113,4591,A05,0,A00,A0,A0,E0,0,0,2006,4,3108,3265,1113,957,156,1893
48121,4591,A05,0,A00,A0,A0,E0,0,0,2006,4,659,720,228,167,61,1488
48123,4591,A05,0,A00,A0,A0,E0,0,0,2006,4,,,,0,,1119
48135,4591,A05,0,A00,A0,A0,E0,0,0,2006,4,163,178,58,44,14,1880
48139,4591,A05,0,A00,A0,A0,E0,0,0,2006,4,253,301,202,155,48,1503
48141,4591,A05,0,A00,A0,A0,E0,0,0,2006,4,879,1021,500,358,142,5848
48143,4591,A05,0,A00,A0,A0,E0,0,0,2006,4,53,49,10,14,-3,1125
48157,4591,A05,0,A00,A0,A0,E0,0,0,2006,4,438,515,203,126,77,1588
48163,4591,A05,0,A00,A0,A0,E0,0,0,2006,4,,,,,,1233
48165,4591,A05,0,A00,A0,A0,E0,0,0,2006,4,,,,,,350
48167,4591,A05,0,A00,A0,A0,E0,0,0,2006,4,134,143,47,38,8,1078
48171,4591,A05,0,A00,A0,A0,E0,0,0,2006,4,11,13,5,3,2,928
48179,4591,A05,0,A00,A0,A0,E0,0,0,2006,4,15,17,,0,2,528
48181,4591,A05,0,A00,A0,A0,E0,0,0,2006,4,174,194,78,57,21,1087
48183,4591,A05,0,A00,A0,A0,E0,0,0,2006,4,441,502,251,189,62,1822
48187,4591,A05,0,A00,A0,A0,E0,0,0,2006,4,,,,0,,2478
48189,4591,A05,0,A00,A0,A0,E0,0,0,2006,4,4,,,4,-2,320
48201,4591,A05,0,A00,A0,A0,E0,0,0,2006,4,4614,5165,1997,1446,551,1822
48203,4591,A05,0,A00,A0,A0,E0,0,0,2006,4,61,61,6,6,0,1899
48207,4591,A05,0,A00,A0,A0,E0,0,0,2006,4,,,0,0,,1732
48209,4591,A05,0,A00,A0,A0,E0,0,0,2006,4,462,490,124,96,28,1502
48213,4591,A05,0,A00,A0,A0,E0,0,0,2006,4,36,37,11,10,1,2551
48215,4591,A05,0,A00,A0,A0,E0,0,0,2006,4,390,485,293,198,95,1386
48217,4591,A05,0,A00,A0,A0,E0,0,0,2006,4,14,21,20,14,6,1462
48219,4591,A05,0,A00,A0,A0,E0,0,0,2006,4,5,6,,,1,507
48221,4591,A05,0,A00,A0,A0,E0,0,0,2006,4,,,0,0,,1218
48223,4591,A05,0,A00,A0,A0,E0,0,0,2006,4,26,27,5,4,1,1401
48225,4591,A05,0,A00,A0,A0,E0,0,0,2006,4,,,0,0,,1938
48227,4591,A05,0,A00,A0,A0,E0,0,0,2006,4,,,,,,272
48231,4591,A05,0,A00,A0,A0,E0,0,0,2006,4,8,11,6,,3,1803
48233,4591,A05,0,A00,A0,A0,E0,0,0,2006,4,,,0,0,,497
48241,4591,A05,0,A00,A0,A0,E0,0,0,2006,4,4,,,4,-2,748
48245,4591,A05,0,A00,A0,A0,E0,0,0,2006,4,252,291,138,99,39,1468
48251,4591,A05,0,A00,A0,A0,E0,0,0,2006,4,47,59,19,7,12,1171
48257,4591,A05,0,A00,A0,A0,E0,0,0,2006,4,16,19,13,10,3,1066
48259,4591,A05,0,A00,A0,A0,E0,0,0,2006,4,6,8,,,1,458
48265,4591,A05,0,A00,A0,A0,E0,0,0,2006,4,24,23,,3,-1,1321
48273,4591,A05,0,A00,A0,A0,E0,0,0,2006,4,,,,0,,1199
48277,4591,A05,0,A00,A0,A0,E0,0,0,2006,4,14,11,0,3,-3,805
48285,4591,A05,0,A00,A0,A0,E0,0,0,2006,4,,,,,,1210
48289,4591,A05,0,A00,A0,A0,E0,0,0,2006,4,,,0,,,1068
48293,4591,A05,0,A00,A0,A0,E0,0,0,2006,4,,0,0,,,169
48297,4591,A05,0,A00,A0,A0,E0,0,0,2006,4,,0,0,,,592
48299,4591,A05,0,A00,A0,A0,E0,0,0,2006,4,,,,,,190
48303,4591,A05,0,A00,A0,A0,E0,0,0,2006,4,385,434,191,142,49,2248
48305,4591,A05,0,A00,A0,A0,E0,0,0,2006,4,,,0,0,,1789
48309,4591,A05,0,A00,A0,A0,E0,0,0,2006,4,214,240,78,52,26,1436
48313,4591,A05,0,A00,A0,A0,E0,0,0,2006,4,,,0,0,,527
48321,4591,A05,0,A00,A0,A0,E0,0,0,2006,4,9,9,,,0,904
48323,4591,A05,0,A00,A0,A0,E0,0,0,2006,4,44,49,16,11,4,679
48325,4591,A05,0,A00,A0,A0,E0,0,0,2006,4,9,8,0,,-1,607
48327,4591,A05,0,A00,A0,A0,E0,0,0,2006,4,,,,0,,1697
48329,4591,A05,0,A00,A0,A0,E0,0,0,2006,4,164,203,122,83,39,1313
48331,4591,A05,0,A00,A0,A0,E0,0,0,2006,4,,,0,0,,539
48339,4591,A05,0,A00,A0,A0,E0,0,0,2006,4,358,401,149,105,44,1717
48341,4591,A05,0,A00,A0,A0,E0,0,0,2006,4,,,0,0,,227
48347,4591,A05,0,A00,A0,A0,E0,0,0,2006,4,66,80,20,6,14,1295
48349,4591,A05,0,A00,A0,A0,E0,0,0,2006,4,,,,,,1231
48355,4591,A05,0,A00,A0,A0,E0,0,0,2006,4,450,504,175,121,54,1786
48357,4591,A05,0,A00,A0,A0,E0,0,0,2006,4,,,,,,702
48361,4591,A05,0,A00,A0,A0,E0,0,0,2006,4,34,36,10,8,2,1757
48367,4591,A05,0,A00,A0,A0,E0,0,0,2006,4,59,68,26,17,9,1661
48369,4591,A05,0,A00,A0,A0,E0,0,0,2006,4,,,,,,545
48371,4591,A05,0,A00,A0,A0,E0,0,0,2006,4,8,7,,4,-1,823
48373,4591,A05,0,A00,A0,A0,E0,0,0,2006,4,,,0,0,,1495
48375,4591,A05,0,A00,A0,A0,E0,0,0,2006,4,239,277,164,125,38,8040
48379,4591,A05,0,A00,A0,A0,E0,0,0,2006,4,,,0,0,,855
48381,4591,A05,0,A00,A0,A0,E0,0,0,2006,4,195,233,68,30,38,1502
48395,4591,A05,0,A00,A0,A0,E0,0,0,2006,4,,,0,0,,6270
48397,4591,A05,0,A00,A0,A0,E0,0,0,2006,4,54,68,23,9,13,929
48399,4591,A05,0,A00,A0,A0,E0,0,0,2006,4,0,,,,,
48407,4591,A05,0,A00,A0,A0,E0,0,0,2006,4,,,,0,,649
48409,4591,A05,0,A00,A0,A0,E0,0,0,2006,4,,,,,,1690
48419,4591,A05,0,A00,A0,A0,E0,0,0,2006,4,,,,,,2242
48423,4591,A05,0,A00,A0,A0,E0,0,0,2006,4,260,285,99,74,24,2222
48425,4591,A05,0,A00,A0,A0,E0,0,0,2006,4,,,,,,826
48439,4591,A05,0,A00,A0,A0,E0,0,0,2006,4,2872,3857,2246,1261,985,2067
48441,4591,A05,0,A00,A0,A0,E0,0,0,2006,4,116,127,46,35,11,2133
48451,4591,A05,0,A00,A0,A0,E0,0,0,2006,4,123,129,41,34,6,1239
48453,4591,A05,0,A00,A0,A0,E0,0,0,2006,4,1500,1618,559,440,118,1742
48459,4591,A05,0,A00,A0,A0,E0,0,0,2006,4,,,0,0,,1267
48461,4591,A05,0,A00,A0,A0,E0,0,0,2006,4,,,0,,,104
48463,4591,A05,0,A00,A0,A0,E0,0,0,2006,4,,,,,,1223
48465,4591,A05,0,A00,A0,A0,E0,0,0,2006,4,8,10,11,9,2,631
48467,4591,A05,0,A00,A0,A0,E0,0,0,2006,4,11,10,,,-1,1854
48469,4591,A05,0,A00,A0,A0,E0,0,0,2006,4,105,124,46,27,19,1012
48471,4591,A05,0,A00,A0,A0,E0,0,0,2006,4,,,,,,601
48475,4591,A05,0,A00,A0,A0,E0,0,0,2006,4,,,,,,1362
48477,4591,A05,0,A00,A0,A0,E0,0,0,2006,4,20,21,5,4,1,763
48479,4591,A05,0,A00,A0,A0,E0,0,0,2006,4,187,231,127,83,44,2206
48481,4591,A05,0,A00,A0,A0,E0,0,0,2006,4,30,30,3,3,0,1760
48485,4591,A05,0,A00,A0,A0,E0,0,0,2006,4,124,138,47,33,15,2992
48487,4591,A05,0,A00,A0,A0,E0,0,0,2006,4,,,0,0,,1080
48489,4591,A05,0,A00,A0,A0,E0,0,0,2006,4,,,,,,670
48491,4591,A05,0,A00,A0,A0,E0,0,0,2006,4,412,485,203,131,73,1544
48497,4591,A05,0,A00,A0,A0,E0,0,0,2006,4,5,5,0,0,0,1262
48499,4591,A05,0,A00,A0,A0,E0,0,0,2006,4,18,18,5,5,0,1372
48503,4591,A05,0,A00,A0,A0,E0,0,0,2006,4,,,,,,1329
48,4591,A05,0,A00,A0,A0,E0,0,0,2006,4,24622,28275,12048,8395,3653,1926
48001,4591,A05,0,A00,A0,A0,E0,0,0,2007,1,,,0,0,,2387
48005,4591,A05,0,A00,A0,A0,E0,0,0,2007,1,39,36,5,7,-2,1606
48007,4591,A05,0,A00,A0,A0,E0,0,0,2007,1,17,17,8,8,0,1248
48013,4591,A05,0,A00,A0,A0,E0,0,0,2007,1,,,,0,,1393
48015,4591,A05,0,A00,A0,A0,E0,0,0,2007,1,,,0,0,,1115
48017,4591,A05,0,A00,A0,A0,E0,0,0,2007,1,,,0,0,,1302
48021,4591,A05,0,A00,A0,A0,E0,0,0,2007,1,,,,,,795
48023,4591,A05,0,A00,A0,A0,E0,0,0,2007,1,,,0,0,,925
48025,4591,A05,0,A00,A0,A0,E0,0,0,2007,1,,,0,0,,706
48027,4591,A05,0,A00,A0,A0,E0,0,0,2007,1,212,202,38,48,-10,1029
48029,4591,A05,0,A00,A0,A0,E0,0,0,2007,1,2143,1956,403,590,-187,1295
48037,4591,A05,0,A00,A0,A0,E0,0,0,2007,1,120,114,28,34,-6,906
48039,4591,A05,0,A00,A0,A0,E0,0,0,2007,1,76,62,20,34,-14,962
48041,4591,A05,0,A00,A0,A0,E0,0,0,2007,1,171,166,36,40,-5,969
48049,4591,A05,0,A00,A0,A0,E0,0,0,2007,1,7,10,6,3,3,1429
48053,4591,A05,0,A00,A0,A0,E0,0,0,2007,1,,,0,,,966
48057,4591,A05,0,A00,A0,A0,E0,0,0,2007,1,,,0,0,,657
48059,4591,A05,0,A00,A0,A0,E0,0,0,2007,1,,,0,0,,1082
48061,4591,A05,0,A00,A0,A0,E0,0,0,2007,1,240,207,456,490,-33,1153
48067,4591,A05,0,A00,A0,A0,E0,0,0,2007,1,,,,0,,1166
48069,4591,A05,0,A00,A0,A0,E0,0,0,2007,1,,0,0,,,100
48073,4591,A05,0,A00,A0,A0,E0,0,0,2007,1,,0,,,,1975
48083,4591,A05,0,A00,A0,A0,E0,0,0,2007,1,0,0,,,0,
48085,4591,A05,0,A00,A0,A0,E0,0,0,2007,1,1192,1191,368,368,0,1339
48089,4591,A05,0,A00,A0,A0,E0,0,0,2007,1,8,6,4,6,-2,485
48091,4591,A05,0,A00,A0,A0,E0,0,0,2007,1,126,130,36,32,4,1483
48097,4591,A05,0,A00,A0,A0,E0,0,0,2007,1,,,0,,,534
48099,4591,A05,0,A00,A0,A0,E0,0,0,2007,1,,0,0,,,266
48113,4591,A05,0,A00,A0,A0,E0,0,0,2007,1,3669,3436,733,967,-233,1590
48121,4591,A05,0,A00,A0,A0,E0,0,0,2007,1,696,641,128,182,-55,1414
48123,4591,A05,0,A00,A0,A0,E0,0,0,2007,1,,,,,,890
48135,4591,A05,0,A00,A0,A0,E0,0,0,2007,1,174,158,40,56,-16,1601
48139,4591,A05,0,A00,A0,A0,E0,0,0,2007,1,301,242,50,109,-59,1105
48141,4591,A05,0,A00,A0,A0,E0,0,0,2007,1,916,793,157,279,-122,1454
48143,4591,A05,0,A00,A0,A0,E0,0,0,2007,1,55,48,13,21,-7,981
48157,4591,A05,0,A00,A0,A0,E0,0,0,2007,1,493,455,93,131,-38,1309
48163,4591,A05,0,A00,A0,A0,E0,0,0,2007,1,,,,,,1378
48165,4591,A05,0,A00,A0,A0,E0,0,0,2007,1,,,,,,316
48167,4591,A05,0,A00,A0,A0,E0,0,0,2007,1,136,136,27,27,0,1210
48171,4591,A05,0,A00,A0,A0,E0,0,0,2007,1,13,9,,5,-4,748
48179,4591,A05,0,A00,A0,A0,E0,0,0,2007,1,17,19,7,5,2,540
48181,4591,A05,0,A00,A0,A0,E0,0,0,2007,1,177,163,30,45,-14,984
48183,4591,A05,0,A00,A0,A0,E0,0,0,2007,1,491,479,164,175,-12,1249
48187,4591,A05,0,A00,A0,A0,E0,0,0,2007,1,5,5,,,0,2320
48189,4591,A05,0,A00,A0,A0,E0,0,0,2007,1,,,,,,548
48201,4591,A05,0,A00,A0,A0,E0,0,0,2007,1,4987,4622,823,1187,-365,1507
48203,4591,A05,0,A00,A0,A0,E0,0,0,2007,1,61,63,14,13,1,1455
48207,4591,A05,0,A00,A0,A0,E0,0,0,2007,1,,,0,0,,1792
48209,4591,A05,0,A00,A0,A0,E0,0,0,2007,1,482,438,64,108,-44,1750
48211,4591,A05,0,A00,A0,A0,E0,0,0,2007,1,0,0,,,0,
48213,4591,A05,0,A00,A0,A0,E0,0,0,2007,1,37,37,8,8,0,2375
48215,4591,A05,0,A00,A0,A0,E0,0,0,2007,1,457,381,71,146,-75,1159
48217,4591,A05,0,A00,A0,A0,E0,0,0,2007,1,21,15,4,9,-5,990
48219,4591,A05,0,A00,A0,A0,E0,0,0,2007,1,6,6,,,0,366
48221,4591,A05,0,A00,A0,A0,E0,0,0,2007,1,,,0,0,,1168
48223,4591,A05,0,A00,A0,A0,E0,0,0,2007,1,27,32,9,4,4,1331
48225,4591,A05,0,A00,A0,A0,E0,0,0,2007,1,,,0,0,,1842
48227,4591,A05,0,A00,A0,A0,E0,0,0,2007,1,,,,,,200
48231,4591,A05,0,A00,A0,A0,E0,0,0,2007,1,21,28,11,4,8,1168
48233,4591,A05,0,A00,A0,A0,E0,0,0,2007,1,,,0,,,362
48241,4591,A05,0,A00,A0,A0,E0,0,0,2007,1,,,,,,1056
48245,4591,A05,0,A00,A0,A0,E0,0,0,2007,1,255,223,51,83,-32,1241
48251,4591,A05,0,A00,A0,A0,E0,0,0,2007,1,43,39,9,13,-4,1010
48257,4591,A05,0,A00,A0,A0,E0,0,0,2007,1,19,20,7,6,1,921
48259,4591,A05,0,A00,A0,A0,E0,0,0,2007,1,8,8,,,0,664
48265,4591,A05,0,A00,A0,A0,E0,0,0,2007,1,23,22,0,,-1,960
48273,4591,A05,0,A00,A0,A0,E0,0,0,2007,1,,,0,0,,1056
48277,4591,A05,0,A00,A0,A0,E0,0,0,2007,1,,,0,,,1147
48285,4591,A05,0,A00,A0,A0,E0,0,0,2007,1,,,,,,1127
48289,4591,A05,0,A00,A0,A0,E0,0,0,2007,1,,,,,,505
48291,4591,A05,0,A00,A0,A0,E0,0,0,2007,1,0,,,0,,
48293,4591,A05,0,A00,A0,A0,E0,0,0,2007,1,0,0,,,0,
48297,4591,A05,0,A00,A0,A0,E0,0,0,2007,1,0,,,0,,
48299,4591,A05,0,A00,A0,A0,E0,0,0,2007,1,,,0,,,193
48303,4591,A05,0,A00,A0,A0,E0,0,0,2007,1,416,381,109,145,-35,1163
48309,4591,A05,0,A00,A0,A0,E0,0,0,2007,1,232,210,38,59,-21,1367
48313,4591,A05,0,A00,A0,A0,E0,0,0,2007,1,,,0,0,,622
48321,4591,A05,0,A00,A0,A0,E0,0,0,2007,1,9,10,,0,1,992
48323,4591,A05,0,A00,A0,A0,E0,0,0,2007,1,49,51,11,9,2,706
48325,4591,A05,0,A00,A0,A0,E0,0,0,2007,1,,,,0,,830
48327,4591,A05,0,A00,A0,A0,E0,0,0,2007,1,,,0,,,605
48329,4591,A05,0,A00,A0,A0,E0,0,0,2007,1,194,174,34,54,-21,1190
48331,4591,A05,0,A00,A0,A0,E0,0,0,2007,1,,,0,0,,422
48339,4591,A05,0,A00,A0,A0,E0,0,0,2007,1,388,353,74,110,-36,1198
48341,4591,A05,0,A00,A0,A0,E0,0,0,2007,1,,,,,,147
48347,4591,A05,0,A00,A0,A0,E0,0,0,2007,1,65,60,9,13,-5,1221
48349,4591,A05,0,A00,A0,A0,E0,0,0,2007,1,,,,,,1080
48355,4591,A05,0,A00,A0,A0,E0,0,0,2007,1,473,436,75,112,-37,1844
48361,4591,A05,0,A00,A0,A0,E0,0,0,2007,1,36,27,7,16,-10,1343
48363,4591,A05,0,A00,A0,A0,E0,0,0,2007,1,0,0,,,0,
48367,4591,A05,0,A00,A0,A0,E0,0,0,2007,1,68,68,13,13,1,1409
48369,4591,A05,0,A00,A0,A0,E0,0,0,2007,1,,,0,0,,666
48371,4591,A05,0,A00,A0,A0,E0,0,0,2007,1,7,7,,,0,845
48373,4591,A05,0,A00,A0,A0,E0,0,0,2007,1,,,0,0,,1656
48375,4591,A05,0,A00,A0,A0,E0,0,0,2007,1,277,229,39,87,-48,1485
48379,4591,A05,0,A00,A0,A0,E0,0,0,2007,1,,,,0,,927
48381,4591,A05,0,A00,A0,A0,E0,0,0,2007,1,204,200,58,62,-4,1356
48395,4591,A05,0,A00,A0,A0,E0,0,0,2007,1,,,0,0,,4795
48397,4591,A05,0,A00,A0,A0,E0,0,0,2007,1,56,60,16,12,5,894
48399,4591,A05,0,A00,A0,A0,E0,0,0,2007,1,,,,0,,149
48407,4591,A05,0,A00,A0,A0,E0,0,0,2007,1,,,,0,,619
48409,4591,A05,0,A00,A0,A0,E0,0,0,2007,1,,,,,,1274
48419,4591,A05,0,A00,A0,A0,E0,0,0,2007,1,,,,,,1908
48423,4591,A05,0,A00,A0,A0,E0,0,0,2007,1,273,271,63,65,-2,1600
48425,4591,A05,0,A00,A0,A0,E0,0,0,2007,1,,,,,,659
48439,4591,A05,0,A00,A0,A0,E0,0,0,2007,1,2702,2524,445,623,-178,1687
48441,4591,A05,0,A00,A0,A0,E0,0,0,2007,1,113,114,32,31,1,1305
48451,4591,A05,0,A00,A0,A0,E0,0,0,2007,1,115,111,22,26,-4,1158
48453,4591,A05,0,A00,A0,A0,E0,0,0,2007,1,1605,1604,388,389,-1,1419
48459,4591,A05,0,A00,A0,A0,E0,0,0,2007,1,,,0,0,,1372
48461,4591,A05,0,A00,A0,A0,E0,0,0,2007,1,,,0,0,,150
48463,4591,A05,0,A00,A0,A0,E0,0,0,2007,1,,,,,,1319
48465,4591,A05,0,A00,A0,A0,E0,0,0,2007,1,10,10,8,8,0,493
48467,4591,A05,0,A00,A0,A0,E0,0,0,2007,1,10,12,,0,2,2257
48469,4591,A05,0,A00,A0,A0,E0,0,0,2007,1,111,106,26,31,-5,987
48471,4591,A05,0,A00,A0,A0,E0,0,0,2007,1,,,,,,488
48475,4591,A05,0,A00,A0,A0,E0,0,0,2007,1,,,,0,,1479
48477,4591,A05,0,A00,A0,A0,E0,0,0,2007,1,21,21,4,4,0,703
48479,4591,A05,0,A00,A0,A0,E0,0,0,2007,1,214,184,23,53,-30,1335
48481,4591,A05,0,A00,A0,A0,E0,0,0,2007,1,30,35,5,0,5,1606
48485,4591,A05,0,A00,A0,A0,E0,0,0,2007,1,132,129,26,29,-3,1587
48487,4591,A05,0,A00,A0,A0,E0,0,0,2007,1,,,0,0,,1235
48489,4591,A05,0,A00,A0,A0,E0,0,0,2007,1,,,0,,,514
48491,4591,A05,0,A00,A0,A0,E0,0,0,2007,1,455,423,99,130,-32,1226
48497,4591,A05,0,A00,A0,A0,E0,0,0,2007,1,5,5,3,4,0,1514
48499,4591,A05,0,A00,A0,A0,E0,0,0,2007,1,18,22,9,5,4,1295
48503,4591,A05,0,A00,A0,A0,E0,0,0,2007,1,,,0,0,,1329
48,4591,A05,0,A00,A0,A0,E0,0,0,2007,1,26579,24800,5643,7422,-1779,1430
48001,4591,A05,0,A00,A0,A0,E0,0,0,2007,2,,,0,0,,2386
48005,4591,A05,0,A00,A0,A0,E0,0,0,2007,2,36,39,8,4,3,1742
48007,4591,A05,0,A00,A0,A0,E0,0,0,2007,2,17,21,9,5,4,1483
48013,4591,A05,0,A00,A0,A0,E0,0,0,2007,2,,,0,0,,1395
48015,4591,A05,0,A00,A0,A0,E0,0,0,2007,2,,,0,0,,1272
48017,4591,A05,0,A00,A0,A0,E0,0,0,2007,2,,,0,0,,1442
48021,4591,A05,0,A00,A0,A0,E0,0,0,2007,2,,,0,0,,884
48023,4591,A05,0,A00,A0,A0,E0,0,0,2007,2,,,0,0,,890
48025,4591,A05,0,A00,A0,A0,E0,0,0,2007,2,,,0,0,,931
48027,4591,A05,0,A00,A0,A0,E0,0,0,2007,2,202,187,45,59,-14,1060
48029,4591,A05,0,A00,A0,A0,E0,0,0,2007,2,1963,1937,442,469,-26,1400
48037,4591,A05,0,A00,A0,A0,E0,0,0,2007,2,114,113,34,34,0,1106
48039,4591,A05,0,A00,A0,A0,E0,0,0,2007,2,71,69,19,22,-3,1296
48041,4591,A05,0,A00,A0,A0,E0,0,0,2007,2,166,148,46,64,-18,987
48049,4591,A05,0,A00,A0,A0,E0,0,0,2007,2,10,9,,3,-1,1096
48053,4591,A05,0,A00,A0,A0,E0,0,0,2007,2,,,,,,1395
48057,4591,A05,0,A00,A0,A0,E0,0,0,2007,2,,,,,,527
48059,4591,A05,0,A00,A0,A0,E0,0,0,2007,2,,,0,0,,1081
48061,4591,A05,0,A00,A0,A0,E0,0,0,2007,2,207,211,69,64,4,1224
48067,4591,A05,0,A00,A0,A0,E0,0,0,2007,2,,,0,0,,938
48085,4591,A05,0,A00,A0,A0,E0,0,0,2007,2,1190,1279,446,356,89,1580
48089,4591,A05,0,A00,A0,A0,E0,0,0,2007,2,,,,,,737
48091,4591,A05,0,A00,A0,A0,E0,0,0,2007,2,130,147,79,62,17,1177
48097,4591,A05,0,A00,A0,A0,E0,0,0,2007,2,,,,0,,644
48113,4591,A05,0,A00,A0,A0,E0,0,0,2007,2,3433,3527,956,862,94,1711
48121,4591,A05,0,A00,A0,A0,E0,0,0,2007,2,639,638,125,126,-1,1474
48123,4591,A05,0,A00,A0,A0,E0,0,0,2007,2,,,,,,823
48135,4591,A05,0,A00,A0,A0,E0,0,0,2007,2,158,157,36,36,0,1647
48139,4591,A05,0,A00,A0,A0,E0,0,0,2007,2,242,239,65,67,-3,1483
48141,4591,A05,0,A00,A0,A0,E0,0,0,2007,2,793,830,234,197,37,1380
48143,4591,A05,0,A00,A0,A0,E0,0,0,2007,2,48,44,15,19,-4,985
48157,4591,A05,0,A00,A0,A0,E0,0,0,2007,2,453,463,127,117,10,1512
48163,4591,A05,0,A00,A0,A0,E0,0,0,2007,2,,,,,,1230
48165,4591,A05,0,A00,A0,A0,E0,0,0,2007,2,,,,,,535
48167,4591,A05,0,A00,A0,A0,E0,0,0,2007,2,136,151,51,35,15,1231
48171,4591,A05,0,A00,A0,A0,E0,0,0,2007,2,9,9,,,0,830
48179,4591,A05,0,A00,A0,A0,E0,0,0,2007,2,19,21,6,4,2,877
48181,4591,A05,0,A00,A0,A0,E0,0,0,2007,2,163,169,49,43,6,1094
48183,4591,A05,0,A00,A0,A0,E0,0,0,2007,2,479,480,192,191,1,1339
48187,4591,A05,0,A00,A0,A0,E0,0,0,2007,2,5,7,4,,2,1950
48189,4591,A05,0,A00,A0,A0,E0,0,0,2007,2,3,5,3,,2,612
48201,4591,A05,0,A00,A0,A0,E0,0,0,2007,2,4628,4664,1137,1101,36,1574
48203,4591,A05,0,A00,A0,A0,E0,0,0,2007,2,63,67,20,15,5,1541
48207,4591,A05,0,A00,A0,A0,E0,0,0,2007,2,,,0,0,,1829
48209,4591,A05,0,A00,A0,A0,E0,0,0,2007,2,438,418,61,81,-20,1463
48211,4591,A05,0,A00,A0,A0,E0,0,0,2007,2,0,,,0,,
48213,4591,A05,0,A00,A0,A0,E0,0,0,2007,2,37,32,17,23,-5,1982
48215,4591,A05,0,A00,A0,A0,E0,0,0,2007,2,383,385,111,109,2,1358
48217,4591,A05,0,A00,A0,A0,E0,0,0,2007,2,15,14,6,8,-2,1114
48219,4591,A05,0,A00,A0,A0,E0,0,0,2007,2,6,5,3,5,-1,391
48221,4591,A05,0,A00,A0,A0,E0,0,0,2007,2,,,,0,,1237
48223,4591,A05,0,A00,A0,A0,E0,0,0,2007,2,32,30,8,9,-1,1448
48225,4591,A05,0,A00,A0,A0,E0,0,0,2007,2,,,0,0,,1842
48227,4591,A05,0,A00,A0,A0,E0,0,0,2007,2,,,,,,318
48231,4591,A05,0,A00,A0,A0,E0,0,0,2007,2,28,27,3,4,-1,1414
48233,4591,A05,0,A00,A0,A0,E0,0,0,2007,2,,,,,,747
48241,4591,A05,0,A00,A0,A0,E0,0,0,2007,2,,,,,,1558
48245,4591,A05,0,A00,A0,A0,E0,0,0,2007,2,223,234,71,59,11,1556
48251,4591,A05,0,A00,A0,A0,E0,0,0,2007,2,39,39,10,10,1,987
48257,4591,A05,0,A00,A0,A0,E0,0,0,2007,2,20,18,5,7,-2,1012
48259,4591,A05,0,A00,A0,A0,E0,0,0,2007,2,8,6,,,-1,742
48265,4591,A05,0,A00,A0,A0,E0,0,0,2007,2,22,21,,,0,1015
48273,4591,A05,0,A00,A0,A0,E0,0,0,2007,2,,,0,0,,1184
48277,4591,A05,0,A00,A0,A0,E0,0,0,2007,2,,,,,,1473
48285,4591,A05,0,A00,A0,A0,E0,0,0,2007,2,,,,,,1280
48289,4591,A05,0,A00,A0,A0,E0,0,0,2007,2,,,,0,,175
48291,4591,A05,0,A00,A0,A0,E0,0,0,2007,2,,,0,0,,1525
48293,4591,A05,0,A00,A0,A0,E0,0,0,2007,2,0,0,,,0,
48297,4591,A05,0,A00,A0,A0,E0,0,0,2007,2,,,0,,,924
48299,4591,A05,0,A00,A0,A0,E0,0,0,2007,2,,,,,,148
48303,4591,A05,0,A00,A0,A0,E0,0,0,2007,2,381,392,134,123,11,1249
48309,4591,A05,0,A00,A0,A0,E0,0,0,2007,2,210,215,53,49,5,1455
48313,4591,A05,0,A00,A0,A0,E0,0,0,2007,2,,,0,0,,306
48321,4591,A05,0,A00,A0,A0,E0,0,0,2007,2,10,8,0,,-2,1003
48323,4591,A05,0,A00,A0,A0,E0,0,0,2007,2,51,60,17,8,9,741
48325,4591,A05,0,A00,A0,A0,E0,0,0,2007,2,,,,,,1023
48327,4591,A05,0,A00,A0,A0,E0,0,0,2007,2,,,0,0,,1071
48329,4591,A05,0,A00,A0,A0,E0,0,0,2007,2,174,174,54,54,0,1347
48331,4591,A05,0,A00,A0,A0,E0,0,0,2007,2,,,,0,,566
48339,4591,A05,0,A00,A0,A0,E0,0,0,2007,2,354,351,79,83,-3,1443
48341,4591,A05,0,A00,A0,A0,E0,0,0,2007,2,,,,0,,504
48343,4591,A05,0,A00,A0,A0,E0,0,0,2007,2,0,,,0,,
48347,4591,A05,0,A00,A0,A0,E0,0,0,2007,2,60,55,12,17,-5,1207
48349,4591,A05,0,A00,A0,A0,E0,0,0,2007,2,,,,,,1396
48355,4591,A05,0,A00,A0,A0,E0,0,0,2007,2,439,434,83,88,-4,1622
48361,4591,A05,0,A00,A0,A0,E0,0,0,2007,2,27,28,31,30,1,1744
48363,4591,A05,0,A00,A0,A0,E0,0,0,2007,2,0,,,,,
48367,4591,A05,0,A00,A0,A0,E0,0,0,2007,2,68,60,16,24,-8,1485
48369,4591,A05,0,A00,A0,A0,E0,0,0,2007,2,,,,,,754
48371,4591,A05,0,A00,A0,A0,E0,0,0,2007,2,7,8,3,3,1,831
48373,4591,A05,0,A00,A0,A0,E0,0,0,2007,2,,,0,0,,1686
48375,4591,A05,0,A00,A0,A0,E0,0,0,2007,2,229,238,75,66,9,1739
48379,4591,A05,0,A00,A0,A0,E0,0,0,2007,2,,,0,,,893
48381,4591,A05,0,A00,A0,A0,E0,0,0,2007,2,201,219,74,56,18,1492
48395,4591,A05,0,A00,A0,A0,E0,0,0,2007,2,,,,0,,5409
48397,4591,A05,0,A00,A0,A0,E0,0,0,2007,2,60,57,19,22,-3,828
48399,4591,A05,0,A00,A0,A0,E0,0,0,2007,2,,,,,,94
48407,4591,A05,0,A00,A0,A0,E0,0,0,2007,2,,,0,,,345
48409,4591,A05,0,A00,A0,A0,E0,0,0,2007,2,,,,,,1502
48419,4591,A05,0,A00,A0,A0,E0,0,0,2007,2,,,,,,2177
48423,4591,A05,0,A00,A0,A0,E0,0,0,2007,2,271,264,62,69,-8,1346
48425,4591,A05,0,A00,A0,A0,E0,0,0,2007,2,,,,,,1113
48439,4591,A05,0,A00,A0,A0,E0,0,0,2007,2,2561,2514,540,587,-47,1744
48441,4591,A05,0,A00,A0,A0,E0,0,0,2007,2,114,115,32,30,1,1156
48451,4591,A05,0,A00,A0,A0,E0,0,0,2007,2,111,120,44,34,10,1090
48453,4591,A05,0,A00,A0,A0,E0,0,0,2007,2,1595,1617,460,438,23,1421
48459,4591,A05,0,A00,A0,A0,E0,0,0,2007,2,,,0,,,1266
48461,4591,A05,0,A00,A0,A0,E0,0,0,2007,2,,,,,,105
48463,4591,A05,0,A00,A0,A0,E0,0,0,2007,2,,,,,,1400
48465,4591,A05,0,A00,A0,A0,E0,0,0,2007,2,10,7,3,7,-3,566
48467,4591,A05,0,A00,A0,A0,E0,0,0,2007,2,12,13,3,,1,1853
48469,4591,A05,0,A00,A0,A0,E0,0,0,2007,2,106,101,29,34,-5,953
48471,4591,A05,0,A00,A0,A0,E0,0,0,2007,2,,,,,,525
48475,4591,A05,0,A00,A0,A0,E0,0,0,2007,2,,,,,,1293
48477,4591,A05,0,A00,A0,A0,E0,0,0,2007,2,21,23,4,,2,784
48479,4591,A05,0,A00,A0,A0,E0,0,0,2007,2,184,196,63,51,12,1527
48481,4591,A05,0,A00,A0,A0,E0,0,0,2007,2,35,39,8,5,4,1454
48485,4591,A05,0,A00,A0,A0,E0,0,0,2007,2,129,127,32,34,-2,1308
48487,4591,A05,0,A00,A0,A0,E0,0,0,2007,2,,,0,0,,1322
48489,4591,A05,0,A00,A0,A0,E0,0,0,2007,2,,,,0,,962
48491,4591,A05,0,A00,A0,A0,E0,0,0,2007,2,435,412,103,125,-23,1310
48497,4591,A05,0,A00,A0,A0,E0,0,0,2007,2,5,7,,0,2,1956
48499,4591,A05,0,A00,A0,A0,E0,0,0,2007,2,22,20,6,8,-2,1394
48503,4591,A05,0,A00,A0,A0,E0,0,0,2007,2,,,0,0,,1329
48,4591,A05,0,A00,A0,A0,E0,0,0,2007,2,24857,25150,6719,6426,293,1504
48001,4591,A05,0,A00,A0,A0,E0,0,0,2007,3,,,0,0,,2428
48005,4591,A05,0,A00,A0,A0,E0,0,0,2007,3,36,36,5,5,0,1778
48007,4591,A05,0,A00,A0,A0,E0,0,0,2007,3,21,17,5,9,-5,1266
48013,4591,A05,0,A00,A0,A0,E0,0,0,2007,3,,,,,,1253
48015,4591,A05,0,A00,A0,A0,E0,0,0,2007,3,,,0,0,,1279
48017,4591,A05,0,A00,A0,A0,E0,0,0,2007,3,,,0,0,,1471
48021,4591,A05,0,A00,A0,A0,E0,0,0,2007,3,,,,,,709
48023,4591,A05,0,A00,A0,A0,E0,0,0,2007,3,,,,0,,928
48025,4591,A05,0,A00,A0,A0,E0,0,0,2007,3,,,,,,828
48027,4591,A05,0,A00,A0,A0,E0,0,0,2007,3,191,189,67,69,-2,1132
48029,4591,A05,0,A00,A0,A0,E0,0,0,2007,3,1949,1989,573,532,41,1490
48037,4591,A05,0,A00,A0,A0,E0,0,0,2007,3,113,116,38,36,2,1092
48039,4591,A05,0,A00,A0,A0,E0,0,0,2007,3,69,77,34,26,8,1421
48041,4591,A05,0,A00,A0,A0,E0,0,0,2007,3,143,159,66,50,16,1086
48049,4591,A05,0,A00,A0,A0,E0,0,0,2007,3,9,11,4,,2,1047
48053,4591,A05,0,A00,A0,A0,E0,0,0,2007,3,,,,,,959
48057,4591,A05,0,A00,A0,A0,E0,0,0,2007,3,,,0,,,1052
48059,4591,A05,0,A00,A0,A0,E0,0,0,2007,3,,,0,0,,1422
48061,4591,A05,0,A00,A0,A0,E0,0,0,2007,3,211,216,378,373,5,1470
48067,4591,A05,0,A00,A0,A0,E0,0,0,2007,3,,,0,,,987
48069,4591,A05,0,A00,A0,A0,E0,0,0,2007,3,0,,,,,
48085,4591,A05,0,A00,A0,A0,E0,0,0,2007,3,1269,1253,460,475,-16,1489
48089,4591,A05,0,A00,A0,A0,E0,0,0,2007,3,,,0,,,825
48091,4591,A05,0,A00,A0,A0,E0,0,0,2007,3,146,121,42,67,-25,1014
48097,4591,A05,0,A00,A0,A0,E0,0,0,2007,3,,,,,,584
48113,4591,A05,0,A00,A0,A0,E0,0,0,2007,3,3522,3613,1146,1055,90,1824
48121,4591,A05,0,A00,A0,A0,E0,0,0,2007,3,640,657,197,180,17,1514
48123,4591,A05,0,A00,A0,A0,E0,0,0,2007,3,,,,0,,772
48135,4591,A05,0,A00,A0,A0,E0,0,0,2007,3,153,155,43,41,2,1694
48139,4591,A05,0,A00,A0,A0,E0,0,0,2007,3,252,276,99,74,25,1563
48141,4591,A05,0,A00,A0,A0,E0,0,0,2007,3,819,831,282,269,12,1445
48143,4591,A05,0,A00,A0,A0,E0,0,0,2007,3,44,47,20,18,3,1150
48157,4591,A05,0,A00,A0,A0,E0,0,0,2007,3,458,474,139,123,16,1550
48163,4591,A05,0,A00,A0,A0,E0,0,0,2007,3,,,,,,1130
48165,4591,A05,0,A00,A0,A0,E0,0,0,2007,3,,,,,,544
48167,4591,A05,0,A00,A0,A0,E0,0,0,2007,3,151,137,51,65,-15,1169
48171,4591,A05,0,A00,A0,A0,E0,0,0,2007,3,9,13,4,0,4,839
48179,4591,A05,0,A00,A0,A0,E0,0,0,2007,3,21,20,,3,-1,1136
48181,4591,A05,0,A00,A0,A0,E0,0,0,2007,3,169,182,59,45,13,1073
48183,4591,A05,0,A00,A0,A0,E0,0,0,2007,3,481,524,267,223,43,1768
48187,4591,A05,0,A00,A0,A0,E0,0,0,2007,3,7,7,,,0,2025
48189,4591,A05,0,A00,A0,A0,E0,0,0,2007,3,5,4,,,-1,625
48201,4591,A05,0,A00,A0,A0,E0,0,0,2007,3,4665,4897,1533,1301,232,1741
48203,4591,A05,0,A00,A0,A0,E0,0,0,2007,3,67,66,15,16,-1,1413
48207,4591,A05,0,A00,A0,A0,E0,0,0,2007,3,,,0,0,,1829
48209,4591,A05,0,A00,A0,A0,E0,0,0,2007,3,415,412,111,113,-2,1741
48211,4591,A05,0,A00,A0,A0,E0,0,0,2007,3,,,0,0,,202
48213,4591,A05,0,A00,A0,A0,E0,0,0,2007,3,31,40,22,14,9,2088
48215,4591,A05,0,A00,A0,A0,E0,0,0,2007,3,384,411,134,107,27,1385
48217,4591,A05,0,A00,A0,A0,E0,0,0,2007,3,14,15,9,8,1,946
48219,4591,A05,0,A00,A0,A0,E0,0,0,2007,3,5,6,,0,1,830
48221,4591,A05,0,A00,A0,A0,E0,0,0,2007,3,,,0,0,,1721
48223,4591,A05,0,A00,A0,A0,E0,0,0,2007,3,30,28,5,7,-2,1716
48225,4591,A05,0,A00,A0,A0,E0,0,0,2007,3,,,0,0,,2132
48227,4591,A05,0,A00,A0,A0,E0,0,0,2007,3,,,,,,306
48231,4591,A05,0,A00,A0,A0,E0,0,0,2007,3,27,26,,,-1,1362
48233,4591,A05,0,A00,A0,A0,E0,0,0,2007,3,,,,,,793
48241,4591,A05,0,A00,A0,A0,E0,0,0,2007,3,4,4,3,3,0,951
48245,4591,A05,0,A00,A0,A0,E0,0,0,2007,3,233,238,73,67,6,1566
48251,4591,A05,0,A00,A0,A0,E0,0,0,2007,3,39,47,21,14,7,1076
48257,4591,A05,0,A00,A0,A0,E0,0,0,2007,3,18,18,6,5,0,1116
48259,4591,A05,0,A00,A0,A0,E0,0,0,2007,3,6,10,7,3,3,733
48265,4591,A05,0,A00,A0,A0,E0,0,0,2007,3,21,21,,,0,1064
48273,4591,A05,0,A00,A0,A0,E0,0,0,2007,3,,,,,,649
48277,4591,A05,0,A00,A0,A0,E0,0,0,2007,3,,,0,0,,1363
48285,4591,A05,0,A00,A0,A0,E0,0,0,2007,3,,,,,,1332
48289,4591,A05,0,A00,A0,A0,E0,0,0,2007,3,,,0,,,432
48291,4591,A05,0,A00,A0,A0,E0,0,0,2007,3,,,,0,,1437
48293,4591,A05,0,A00,A0,A0,E0,0,0,2007,3,0,,,0,,
48297,4591,A05,0,A00,A0,A0,E0,0,0,2007,3,,,0,0,,1342
48299,4591,A05,0,A00,A0,A0,E0,0,0,2007,3,,,0,0,,200
48303,4591,A05,0,A00,A0,A0,E0,0,0,2007,3,392,397,148,143,5,1260
48309,4591,A05,0,A00,A0,A0,E0,0,0,2007,3,209,217,56,48,8,1611
48313,4591,A05,0,A00,A0,A0,E0,0,0,2007,3,,,,,,54
48321,4591,A05,0,A00,A0,A0,E0,0,0,2007,3,8,12,5,,4,1262
48323,4591,A05,0,A00,A0,A0,E0,0,0,2007,3,60,63,15,11,3,704
48325,4591,A05,0,A00,A0,A0,E0,0,0,2007,3,,,0,,,991
48327,4591,A05,0,A00,A0,A0,E0,0,0,2007,3,,,0,0,,1435
48329,4591,A05,0,A00,A0,A0,E0,0,0,2007,3,176,190,69,54,14,1344
48331,4591,A05,0,A00,A0,A0,E0,0,0,2007,3,,,0,0,,394
48339,4591,A05,0,A00,A0,A0,E0,0,0,2007,3,355,355,98,98,0,1344
48341,4591,A05,0,A00,A0,A0,E0,0,0,2007,3,,,0,,,565
48343,4591,A05,0,A00,A0,A0,E0,0,0,2007,3,,,0,0,,673
48347,4591,A05,0,A00,A0,A0,E0,0,0,2007,3,55,65,18,9,10,1340
48349,4591,A05,0,A00,A0,A0,E0,0,0,2007,3,,,,,,1142
48355,4591,A05,0,A00,A0,A0,E0,0,0,2007,3,441,457,122,106,16,1664
48361,4591,A05,0,A00,A0,A0,E0,0,0,2007,3,28,36,25,16,8,1593
48363,4591,A05,0,A00,A0,A0,E0,0,0,2007,3,,0,0,,,567
48367,4591,A05,0,A00,A0,A0,E0,0,0,2007,3,60,71,29,18,11,1615
48369,4591,A05,0,A00,A0,A0,E0,0,0,2007,3,,,0,,,606
48371,4591,A05,0,A00,A0,A0,E0,0,0,2007,3,,,,,,1014
48373,4591,A05,0,A00,A0,A0,E0,0,0,2007,3,,,,0,,1731
48375,4591,A05,0,A00,A0,A0,E0,0,0,2007,3,238,293,148,93,56,1720
48379,4591,A05,0,A00,A0,A0,E0,0,0,2007,3,,,0,0,,1007
48381,4591,A05,0,A00,A0,A0,E0,0,0,2007,3,216,216,88,88,0,1506
48395,4591,A05,0,A00,A0,A0,E0,0,0,2007,3,,,0,0,,2917
48397,4591,A05,0,A00,A0,A0,E0,0,0,2007,3,57,71,41,26,14,1012
48399,4591,A05,0,A00,A0,A0,E0,0,0,2007,3,,0,0,,,7
48407,4591,A05,0,A00,A0,A0,E0,0,0,2007,3,,,0,,,779
48409,4591,A05,0,A00,A0,A0,E0,0,0,2007,3,,,,,,626
48419,4591,A05,0,A00,A0,A0,E0,0,0,2007,3,,,,,,2119
48423,4591,A05,0,A00,A0,A0,E0,0,0,2007,3,263,273,98,89,9,2475
48425,4591,A05,0,A00,A0,A0,E0,0,0,2007,3,,,,,,868
48439,4591,A05,0,A00,A0,A0,E0,0,0,2007,3,2530,2619,743,654,90,1892
48441,4591,A05,0,A00,A0,A0,E0,0,0,2007,3,114,127,52,38,14,1228
48451,4591,A05,0,A00,A0,A0,E0,0,0,2007,3,120,127,56,49,7,1181
48453,4591,A05,0,A00,A0,A0,E0,0,0,2007,3,1618,1635,547,530,18,1498
48459,4591,A05,0,A00,A0,A0,E0,0,0,2007,3,,,,,,1494
48461,4591,A05,0,A00,A0,A0,E0,0,0,2007,3,,0,0,,,64
48463,4591,A05,0,A00,A0,A0,E0,0,0,2007,3,,,,,,964
48465,4591,A05,0,A00,A0,A0,E0,0,0,2007,3,7,4,,3,-3,639
48467,4591,A05,0,A00,A0,A0,E0,0,0,2007,3,13,14,4,3,1,1521
48469,4591,A05,0,A00,A0,A0,E0,0,0,2007,3,114,109,37,41,-5,989
48471,4591,A05,0,A00,A0,A0,E0,0,0,2007,3,,,,,,617
48475,4591,A05,0,A00,A0,A0,E0,0,0,2007,3,,,,,,1307
48477,4591,A05,0,A00,A0,A0,E0,0,0,2007,3,23,18,5,10,-5,687
48479,4591,A05,0,A00,A0,A0,E0,0,0,2007,3,196,216,73,53,20,1515
48481,4591,A05,0,A00,A0,A0,E0,0,0,2007,3,39,32,,8,-6,1396
48485,4591,A05,0,A00,A0,A0,E0,0,0,2007,3,129,135,46,40,6,1379
48487,4591,A05,0,A00,A0,A0,E0,0,0,2007,3,,,0,0,,1322
48489,4591,A05,0,A00,A0,A0,E0,0,0,2007,3,,,,,,607
48491,4591,A05,0,A00,A0,A0,E0,0,0,2007,3,408,409,130,129,1,1376
48497,4591,A05,0,A00,A0,A0,E0,0,0,2007,3,7,7,,,0,1992
48499,4591,A05,0,A00,A0,A0,E0,0,0,2007,3,20,19,6,6,0,1216
48503,4591,A05,0,A00,A0,A0,E0,0,0,2007,3,,,0,0,,3986
48,4591,A05,0,A00,A0,A0,E0,0,0,2007,3,25158,25977,8736,7917,818,1607
48001,4591,A05,0,A00,A0,A0,E0,0,0,2007,4,,,0,0,,2386
48005,4591,A05,0,A00,A0,A0,E0,0,0,2007,4,36,35,,,-1,1785
48007,4591,A05,0,A00,A0,A0,E0,0,0,2007,4,17,18,5,3,1,1538
48013,4591,A05,0,A00,A0,A0,E0,0,0,2007,4,,,0,0,,1365
48015,4591,A05,0,A00,A0,A0,E0,0,0,2007,4,,,0,0,,1168
48017,4591,A05,0,A00,A0,A0,E0,0,0,2007,4,,,,0,,1628
48021,4591,A05,0,A00,A0,A0,E0,0,0,2007,4,,,,,,764
48023,4591,A05,0,A00,A0,A0,E0,0,0,2007,4,,,0,,,680
48025,4591,A05,0,A00,A0,A0,E0,0,0,2007,4,,,0,0,,970
48027,4591,A05,0,A00,A0,A0,E0,0,0,2007,4,189,215,106,80,26,1245
48029,4591,A05,0,A00,A0,A0,E0,0,0,2007,4,1985,2178,781,588,193,1549
48037,4591,A05,0,A00,A0,A0,E0,0,0,2007,4,116,130,70,55,15,1263
48039,4591,A05,0,A00,A0,A0,E0,0,0,2007,4,77,76,30,32,-1,1362
48041,4591,A05,0,A00,A0,A0,E0,0,0,2007,4,159,159,65,65,0,1058
48049,4591,A05,0,A00,A0,A0,E0,0,0,2007,4,11,7,0,4,-4,1110
48053,4591,A05,0,A00,A0,A0,E0,0,0,2007,4,,,,,,925
48057,4591,A05,0,A00,A0,A0,E0,0,0,2007,4,,,0,0,,848
48059,4591,A05,0,A00,A0,A0,E0,0,0,2007,4,,,0,0,,2051
48061,4591,A05,0,A00,A0,A0,E0,0,0,2007,4,216,236,95,75,20,1373
48067,4591,A05,0,A00,A0,A0,E0,0,0,2007,4,,,,0,,1203
48069,4591,A05,0,A00,A0,A0,E0,0,0,2007,4,,,0,0,,580
48085,4591,A05,0,A00,A0,A0,E0,0,0,2007,4,1175,1374,749,550,199,1606
48089,4591,A05,0,A00,A0,A0,E0,0,0,2007,4,4,5,3,,1,1236
48091,4591,A05,0,A00,A0,A0,E0,0,0,2007,4,119,111,39,47,-8,1264
48097,4591,A05,0,A00,A0,A0,E0,0,0,2007,4,,,,,,919
48113,4591,A05,0,A00,A0,A0,E0,0,0,2007,4,3673,3925,1331,1079,251,1853
48121,4591,A05,0,A00,A0,A0,E0,0,0,2007,4,674,743,285,216,69,1583
48123,4591,A05,0,A00,A0,A0,E0,0,0,2007,4,,,,,,701
48135,4591,A05,0,A00,A0,A0,E0,0,0,2007,4,155,163,60,52,8,2169
48139,4591,A05,0,A00,A0,A0,E0,0,0,2007,4,278,354,258,182,77,1710
48141,4591,A05,0,A00,A0,A0,E0,0,0,2007,4,831,912,465,384,81,1547
48143,4591,A05,0,A00,A0,A0,E0,0,0,2007,4,47,40,12,19,-7,1182
48157,4591,A05,0,A00,A0,A0,E0,0,0,2007,4,474,511,203,166,37,1703
48163,4591,A05,0,A00,A0,A0,E0,0,0,2007,4,,,,,,1183
48165,4591,A05,0,A00,A0,A0,E0,0,0,2007,4,,,0,,,484
48167,4591,A05,0,A00,A0,A0,E0,0,0,2007,4,137,140,60,57,3,1344
48171,4591,A05,0,A00,A0,A0,E0,0,0,2007,4,13,13,,,0,927
48179,4591,A05,0,A00,A0,A0,E0,0,0,2007,4,20,19,,,-1,1168
48181,4591,A05,0,A00,A0,A0,E0,0,0,2007,4,182,178,65,69,-4,1141
48183,4591,A05,0,A00,A0,A0,E0,0,0,2007,4,524,624,344,243,100,1601
48187,4591,A05,0,A00,A0,A0,E0,0,0,2007,4,7,7,,,0,1888
48189,4591,A05,0,A00,A0,A0,E0,0,0,2007,4,4,4,,,0,649
48201,4591,A05,0,A00,A0,A0,E0,0,0,2007,4,4890,5381,2140,1650,490,1714
48203,4591,A05,0,A00,A0,A0,E0,0,0,2007,4,66,62,8,12,-4,1856
48207,4591,A05,0,A00,A0,A0,E0,0,0,2007,4,,,0,0,,1829
48209,4591,A05,0,A00,A0,A0,E0,0,0,2007,4,410,432,126,104,22,1676
48211,4591,A05,0,A00,A0,A0,E0,0,0,2007,4,,0,0,,,75
48213,4591,A05,0,A00,A0,A0,E0,0,0,2007,4,40,35,8,13,-4,2044
48215,4591,A05,0,A00,A0,A0,E0,0,0,2007,4,411,550,385,247,139,1461
48217,4591,A05,0,A00,A0,A0,E0,0,0,2007,4,15,20,20,15,6,1426
48219,4591,A05,0,A00,A0,A0,E0,0,0,2007,4,6,6,0,0,0,692
48221,4591,A05,0,A00,A0,A0,E0,0,0,2007,4,,,0,0,,1601
48223,4591,A05,0,A00,A0,A0,E0,0,0,2007,4,28,32,3,0,3,1792
48225,4591,A05,0,A00,A0,A0,E0,0,0,2007,4,,,0,0,,2088
48227,4591,A05,0,A00,A0,A0,E0,0,0,2007,4,,,0,,,324
48231,4591,A05,0,A00,A0,A0,E0,0,0,2007,4,26,23,3,6,-3,1282
48233,4591,A05,0,A00,A0,A0,E0,0,0,2007,4,,,0,0,,599
48241,4591,A05,0,A00,A0,A0,E0,0,0,2007,4,4,4,,,0,882
48245,4591,A05,0,A00,A0,A0,E0,0,0,2007,4,238,267,118,89,29,1645
48251,4591,A05,0,A00,A0,A0,E0,0,0,2007,4,47,47,21,20,1,1053
48257,4591,A05,0,A00,A0,A0,E0,0,0,2007,4,18,29,24,13,11,1157
48259,4591,A05,0,A00,A0,A0,E0,0,0,2007,4,10,9,,3,-1,814
48265,4591,A05,0,A00,A0,A0,E0,0,0,2007,4,21,23,,0,1,1577
48273,4591,A05,0,A00,A0,A0,E0,0,0,2007,4,,,0,0,,771
48277,4591,A05,0,A00,A0,A0,E0,0,0,2007,4,,,0,0,,1300
48285,4591,A05,0,A00,A0,A0,E0,0,0,2007,4,,,,,,1416
48289,4591,A05,0,A00,A0,A0,E0,0,0,2007,4,,,0,0,,492
48291,4591,A05,0,A00,A0,A0,E0,0,0,2007,4,,,0,0,,1054
48293,4591,A05,0,A00,A0,A0,E0,0,0,2007,4,,,,0,,391
48297,4591,A05,0,A00,A0,A0,E0,0,0,2007,4,,,0,0,,664
48299,4591,A05,0,A00,A0,A0,E0,0,0,2007,4,,,,,,163
48303,4591,A05,0,A00,A0,A0,E0,0,0,2007,4,397,412,207,193,15,1329
48309,4591,A05,0,A00,A0,A0,E0,0,0,2007,4,217,234,87,70,17,1686
48313,4591,A05,0,A00,A0,A0,E0,0,0,2007,4,,0,0,,,639
48321,4591,A05,0,A00,A0,A0,E0,0,0,2007,4,12,10,,,-1,879
48323,4591,A05,0,A00,A0,A0,E0,0,0,2007,4,63,75,25,14,11,719
48325,4591,A05,0,A00,A0,A0,E0,0,0,2007,4,,,0,0,,650
48327,4591,A05,0,A00,A0,A0,E0,0,0,2007,4,,,,,,1658
48329,4591,A05,0,A00,A0,A0,E0,0,0,2007,4,190,210,94,74,20,1357
48331,4591,A05,0,A00,A0,A0,E0,0,0,2007,4,,,,,,316
48339,4591,A05,0,A00,A0,A0,E0,0,0,2007,4,355,410,182,126,56,1775
48341,4591,A05,0,A00,A0,A0,E0,0,0,2007,4,,,0,0,,339
48343,4591,A05,0,A00,A0,A0,E0,0,0,2007,4,,,0,0,,594
48347,4591,A05,0,A00,A0,A0,E0,0,0,2007,4,65,75,35,25,10,1305
48349,4591,A05,0,A00,A0,A0,E0,0,0,2007,4,,,,,,1315
48355,4591,A05,0,A00,A0,A0,E0,0,0,2007,4,457,486,213,183,29,1715
48361,4591,A05,0,A00,A0,A0,E0,0,0,2007,4,36,33,13,17,-3,1482
48367,4591,A05,0,A00,A0,A0,E0,0,0,2007,4,71,71,17,17,0,1618
48369,4591,A05,0,A00,A0,A0,E0,0,0,2007,4,,,0,0,,1083
48371,4591,A05,0,A00,A0,A0,E0,0,0,2007,4,,,,,,669
48373,4591,A05,0,A00,A0,A0,E0,0,0,2007,4,,,0,0,,2143
48375,4591,A05,0,A00,A0,A0,E0,0,0,2007,4,293,344,188,137,51,1598
48379,4591,A05,0,A00,A0,A0,E0,0,0,2007,4,,,,,,1000
48381,4591,A05,0,A00,A0,A0,E0,0,0,2007,4,216,198,56,73,-18,1565
48395,4591,A05,0,A00,A0,A0,E0,0,0,2007,4,,,0,0,,3416
48397,4591,A05,0,A00,A0,A0,E0,0,0,2007,4,76,79,41,38,3,1089
48399,4591,A05,0,A00,A0,A0,E0,0,0,2007,4,0,,,0,,
48407,4591,A05,0,A00,A0,A0,E0,0,0,2007,4,,,0,0,,396
48409,4591,A05,0,A00,A0,A0,E0,0,0,2007,4,,,0,0,,628
48419,4591,A05,0,A00,A0,A0,E0,0,0,2007,4,,,,,,2298
48423,4591,A05,0,A00,A0,A0,E0,0,0,2007,4,273,287,124,110,14,1609
48425,4591,A05,0,A00,A0,A0,E0,0,0,2007,4,,,,,,634
48439,4591,A05,0,A00,A0,A0,E0,0,0,2007,4,2639,2817,917,739,178,2294
48441,4591,A05,0,A00,A0,A0,E0,0,0,2007,4,127,127,49,49,0,1225
48451,4591,A05,0,A00,A0,A0,E0,0,0,2007,4,127,116,33,44,-10,1167
48453,4591,A05,0,A00,A0,A0,E0,0,0,2007,4,1623,1665,534,492,42,1646
48459,4591,A05,0,A00,A0,A0,E0,0,0,2007,4,,,0,,,1214
48463,4591,A05,0,A00,A0,A0,E0,0,0,2007,4,,,,,,967
48465,4591,A05,0,A00,A0,A0,E0,0,0,2007,4,4,3,,,-1,924
48467,4591,A05,0,A00,A0,A0,E0,0,0,2007,4,14,10,5,8,-4,872
48469,4591,A05,0,A00,A0,A0,E0,0,0,2007,4,109,122,62,49,12,1052
48471,4591,A05,0,A00,A0,A0,E0,0,0,2007,4,,,,,,727
48475,4591,A05,0,A00,A0,A0,E0,0,0,2007,4,,,0,,,1609
48477,4591,A05,0,A00,A0,A0,E0,0,0,2007,4,18,19,3,,1,948
48479,4591,A05,0,A00,A0,A0,E0,0,0,2007,4,216,245,112,82,30,1847
48481,4591,A05,0,A00,A0,A0,E0,0,0,2007,4,32,30,4,6,-2,2212
48485,4591,A05,0,A00,A0,A0,E0,0,0,2007,4,135,146,49,39,10,1725
48487,4591,A05,0,A00,A0,A0,E0,0,0,2007,4,,,,0,,1220
48489,4591,A05,0,A00,A0,A0,E0,0,0,2007,4,,,,0,,758
48491,4591,A05,0,A00,A0,A0,E0,0,0,2007,4,409,448,207,168,39,1556
48497,4591,A05,0,A00,A0,A0,E0,0,0,2007,4,7,,0,5,-5,850
48499,4591,A05,0,A00,A0,A0,E0,0,0,2007,4,19,21,6,4,1,1530
48503,4591,A05,0,A00,A0,A0,E0,0,0,2007,4,,,0,0,,1329
48,4591,A05,0,A00,A0,A0,E0,0,0,2007,4,25973,28184,11234,9024,2210,1691
48001,4591,A05,0,A00,A0,A0,E0,0,0,2008,1,,,0,0,,2194
48005,4591,A05,0,A00,A0,A0,E0,0,0,2008,1,34,35,,,1,1783
48007,4591,A05,0,A00,A0,A0,E0,0,0,2008,1,18,22,8,3,5,1154
48013,4591,A05,0,A00,A0,A0,E0,0,0,2008,1,4,5,,,1,1277
48015,4591,A05,0,A00,A0,A0,E0,0,0,2008,1,,,0,0,,1301
48021,4591,A05,0,A00,A0,A0,E0,0,0,2008,1,,,0,,,1181
48023,4591,A05,0,A00,A0,A0,E0,0,0,2008,1,,,0,0,,1108
48025,4591,A05,0,A00,A0,A0,E0,0,0,2008,1,,,0,0,,927
48027,4591,A05,0,A00,A0,A0,E0,0,0,2008,1,214,188,36,61,-26,1099
48029,4591,A05,0,A00,A0,A0,E0,0,0,2008,1,2187,1947,357,597,-240,1420
48037,4591,A05,0,A00,A0,A0,E0,0,0,2008,1,129,101,13,41,-28,990
48039,4591,A05,0,A00,A0,A0,E0,0,0,2008,1,82,71,22,33,-12,1249
48041,4591,A05,0,A00,A0,A0,E0,0,0,2008,1,159,152,38,46,-8,1055
48049,4591,A05,0,A00,A0,A0,E0,0,0,2008,1,,,,,,1163
48053,4591,A05,0,A00,A0,A0,E0,0,0,2008,1,,,,0,,1028
48057,4591,A05,0,A00,A0,A0,E0,0,0,2008,1,,,0,0,,964
48059,4591,A05,0,A00,A0,A0,E0,0,0,2008,1,,,0,0,,1427
48061,4591,A05,0,A00,A0,A0,E0,0,0,2008,1,229,201,25,53,-27,1224
48067,4591,A05,0,A00,A0,A0,E0,0,0,2008,1,,,0,0,,971
48069,4591,A05,0,A00,A0,A0,E0,0,0,2008,1,,,0,0,,777
48075,4591,A05,0,A00,A0,A0,E0,0,0,2008,1,0,,,0,,
48085,4591,A05,0,A00,A0,A0,E0,0,0,2008,1,1373,1173,265,465,-200,1392
48089,4591,A05,0,A00,A0,A0,E0,0,0,2008,1,5,5,,,0,1119
48091,4591,A05,0,A00,A0,A0,E0,0,0,2008,1,121,117,34,37,-4,1181
48097,4591,A05,0,A00,A0,A0,E0,0,0,2008,1,,,,0,,625
48113,4591,A05,0,A00,A0,A0,E0,0,0,2008,1,3902,3483,589,1007,-418,1730
48121,4591,A05,0,A00,A0,A0,E0,0,0,2008,1,742,611,118,250,-131,1414
48123,4591,A05,0,A00,A0,A0,E0,0,0,2008,1,,,0,,,606
48135,4591,A05,0,A00,A0,A0,E0,0,0,2008,1,163,142,31,53,-22,1903
48139,4591,A05,0,A00,A0,A0,E0,0,0,2008,1,354,270,51,136,-85,1177
48141,4591,A05,0,A00,A0,A0,E0,0,0,2008,1,921,800,140,261,-121,1247
48143,4591,A05,0,A00,A0,A0,E0,0,0,2008,1,40,44,15,10,5,1110
48157,4591,A05,0,A00,A0,A0,E0,0,0,2008,1,509,435,73,147,-74,1458
48163,4591,A05,0,A00,A0,A0,E0,0,0,2008,1,,,,,,2012
48165,4591,A05,0,A00,A0,A0,E0,0,0,2008,1,,,,0,,365
48167,4591,A05,0,A00,A0,A0,E0,0,0,2008,1,138,132,30,35,-6,1165
48171,4591,A05,0,A00,A0,A0,E0,0,0,2008,1,13,17,4,,4,825
48179,4591,A05,0,A00,A0,A0,E0,0,0,2008,1,19,19,,,0,1139
48181,4591,A05,0,A00,A0,A0,E0,0,0,2008,1,178,167,30,41,-11,1076
48183,4591,A05,0,A00,A0,A0,E0,0,0,2008,1,624,575,196,246,-49,1134
48187,4591,A05,0,A00,A0,A0,E0,0,0,2008,1,7,8,,0,1,2047
48189,4591,A05,0,A00,A0,A0,E0,0,0,2008,1,4,6,3,,2,727
48201,4591,A05,0,A00,A0,A0,E0,0,0,2008,1,5407,4775,774,1405,-632,1498
48203,4591,A05,0,A00,A0,A0,E0,0,0,2008,1,62,67,9,5,4,1423
48207,4591,A05,0,A00,A0,A0,E0,0,0,2008,1,,0,0,,,1880
48209,4591,A05,0,A00,A0,A0,E0,0,0,2008,1,407,336,25,95,-71,1864
48213,4591,A05,0,A00,A0,A0,E0,0,0,2008,1,36,34,13,15,-2,1839
48215,4591,A05,0,A00,A0,A0,E0,0,0,2008,1,542,468,89,164,-75,1161
48217,4591,A05,0,A00,A0,A0,E0,0,0,2008,1,,,,,,636
48219,4591,A05,0,A00,A0,A0,E0,0,0,2008,1,6,7,,,1,613
48221,4591,A05,0,A00,A0,A0,E0,0,0,2008,1,,,0,,,1498
48223,4591,A05,0,A00,A0,A0,E0,0,0,2008,1,32,34,7,5,2,1627
48225,4591,A05,0,A00,A0,A0,E0,0,0,2008,1,,,0,0,,2596
48227,4591,A05,0,A00,A0,A0,E0,0,0,2008,1,,,,,,250
48231,4591,A05,0,A00,A0,A0,E0,0,0,2008,1,49,46,5,7,-2,1295
48233,4591,A05,0,A00,A0,A0,E0,0,0,2008,1,,,0,0,,588
48241,4591,A05,0,A00,A0,A0,E0,0,0,2008,1,4,5,,0,1,1626
48245,4591,A05,0,A00,A0,A0,E0,0,0,2008,1,267,221,32,78,-46,1300
48251,4591,A05,0,A00,A0,A0,E0,0,0,2008,1,47,45,12,15,-2,1070
48257,4591,A05,0,A00,A0,A0,E0,0,0,2008,1,29,23,5,11,-6,897
48259,4591,A05,0,A00,A0,A0,E0,0,0,2008,1,9,12,7,3,3,739
48265,4591,A05,0,A00,A0,A0,E0,0,0,2008,1,23,22,,,-1,1107
48273,4591,A05,0,A00,A0,A0,E0,0,0,2008,1,,,,,,791
48277,4591,A05,0,A00,A0,A0,E0,0,0,2008,1,11,12,,,1,1570
48285,4591,A05,0,A00,A0,A0,E0,0,0,2008,1,,,,0,,1447
48289,4591,A05,0,A00,A0,A0,E0,0,0,2008,1,,,0,,,451
48293,4591,A05,0,A00,A0,A0,E0,0,0,2008,1,,,,0,,263
48297,4591,A05,0,A00,A0,A0,E0,0,0,2008,1,,0,0,,,295
48299,4591,A05,0,A00,A0,A0,E0,0,0,2008,1,,,,,,173
48303,4591,A05,0,A00,A0,A0,E0,0,0,2008,1,412,395,82,99,-17,1211
48309,4591,A05,0,A00,A0,A0,E0,0,0,2008,1,234,211,40,63,-23,1594
48321,4591,A05,0,A00,A0,A0,E0,0,0,2008,1,10,12,3,,1,863
48323,4591,A05,0,A00,A0,A0,E0,0,0,2008,1,75,83,23,15,8,661
48325,4591,A05,0,A00,A0,A0,E0,0,0,2008,1,,,0,0,,893
48327,4591,A05,0,A00,A0,A0,E0,0,0,2008,1,,,0,0,,764
48329,4591,A05,0,A00,A0,A0,E0,0,0,2008,1,210,184,31,57,-26,1195
48331,4591,A05,0,A00,A0,A0,E0,0,0,2008,1,,,,0,,625
48339,4591,A05,0,A00,A0,A0,E0,0,0,2008,1,411,363,69,117,-48,1155
48341,4591,A05,0,A00,A0,A0,E0,0,0,2008,1,,,0,,,292
48343,4591,A05,0,A00,A0,A0,E0,0,0,2008,1,,0,0,,,229
48347,4591,A05,0,A00,A0,A0,E0,0,0,2008,1,75,67,10,18,-7,1126
48349,4591,A05,0,A00,A0,A0,E0,0,0,2008,1,,,,,,1236
48355,4591,A05,0,A00,A0,A0,E0,0,0,2008,1,486,440,81,127,-46,1760
48361,4591,A05,0,A00,A0,A0,E0,0,0,2008,1,33,35,13,11,2,1515
48367,4591,A05,0,A00,A0,A0,E0,0,0,2008,1,71,71,18,18,0,1607
48369,4591,A05,0,A00,A0,A0,E0,0,0,2008,1,,,0,0,,1177
48371,4591,A05,0,A00,A0,A0,E0,0,0,2008,1,,,,,,1010
48373,4591,A05,0,A00,A0,A0,E0,0,0,2008,1,,,0,0,,2170
48375,4591,A05,0,A00,A0,A0,E0,0,0,2008,1,347,275,28,100,-72,1268
48379,4591,A05,0,A00,A0,A0,E0,0,0,2008,1,,,,,,770
48381,4591,A05,0,A00,A0,A0,E0,0,0,2008,1,194,181,44,58,-14,1342
48395,4591,A05,0,A00,A0,A0,E0,0,0,2008,1,,,0,0,,2974
48397,4591,A05,0,A00,A0,A0,E0,0,0,2008,1,79,77,21,23,-1,1171
48399,4591,A05,0,A00,A0,A0,E0,0,0,2008,1,,,0,0,,12
48407,4591,A05,0,A00,A0,A0,E0,0,0,2008,1,,,,,,438
48409,4591,A05,0,A00,A0,A0,E0,0,0,2008,1,,,,,,453
48419,4591,A05,0,A00,A0,A0,E0,0,0,2008,1,,,,,,1854
48423,4591,A05,0,A00,A0,A0,E0,0,0,2008,1,299,286,72,84,-13,1386
48425,4591,A05,0,A00,A0,A0,E0,0,0,2008,1,,,,,,549
48439,4591,A05,0,A00,A0,A0,E0,0,0,2008,1,2828,2629,453,653,-199,1794
48441,4591,A05,0,A00,A0,A0,E0,0,0,2008,1,127,122,30,35,-5,1072
48449,4591,A05,0,A00,A0,A0,E0,0,0,2008,1,0,,,0,,
48451,4591,A05,0,A00,A0,A0,E0,0,0,2008,1,116,112,16,21,-4,1196
48453,4591,A05,0,A00,A0,A0,E0,0,0,2008,1,1676,1587,300,389,-89,1543
48459,4591,A05,0,A00,A0,A0,E0,0,0,2008,1,,,,,,1335
48463,4591,A05,0,A00,A0,A0,E0,0,0,2008,1,,,,,,918
48465,4591,A05,0,A00,A0,A0,E0,0,0,2008,1,,,,0,,1234
48467,4591,A05,0,A00,A0,A0,E0,0,0,2008,1,10,10,,,0,1764
48469,4591,A05,0,A00,A0,A0,E0,0,0,2008,1,122,106,25,41,-15,958
48471,4591,A05,0,A00,A0,A0,E0,0,0,2008,1,,,,,,696
48475,4591,A05,0,A00,A0,A0,E0,0,0,2008,1,,,,0,,1580
48477,4591,A05,0,A00,A0,A0,E0,0,0,2008,1,19,19,5,5,0,731
48479,4591,A05,0,A00,A0,A0,E0,0,0,2008,1,227,176,17,69,-52,1151
48481,4591,A05,0,A00,A0,A0,E0,0,0,2008,1,30,29,,3,-1,1659
48485,4591,A05,0,A00,A0,A0,E0,0,0,2008,1,141,129,24,37,-12,1528
48487,4591,A05,0,A00,A0,A0,E0,0,0,2008,1,,,0,0,,841
48489,4591,A05,0,A00,A0,A0,E0,0,0,2008,1,,,0,0,,534
48491,4591,A05,0,A00,A0,A0,E0,0,0,2008,1,448,382,77,143,-66,1326
48497,4591,A05,0,A00,A0,A0,E0,0,0,2008,1,,,,,,1991
48499,4591,A05,0,A00,A0,A0,E0,0,0,2008,1,,,,,,1378
48503,4591,A05,0,A00,A0,A0,E0,0,0,2008,1,,,0,0,,1329
48,4591,A05,0,A00,A0,A0,E0,0,0,2008,1,28205,25218,4634,7622,-2988,1472
48001,4591,A05,0,A00,A0,A0,E0,0,0,2008,2,,,0,0,,1548
48005,4591,A05,0,A00,A0,A0,E0,0,0,2008,2,35,36,3,,1,1910
48007,4591,A05,0,A00,A0,A0,E0,0,0,2008,2,22,20,5,7,-2,1358
48013,4591,A05,0,A00,A0,A0,E0,0,0,2008,2,,,0,0,,1109
48015,4591,A05,0,A00,A0,A0,E0,0,0,2008,2,,0,0,,,1378
48019,4591,A05,0,A00,A0,A0,E0,0,0,2008,2,0,,,0,,
48021,4591,A05,0,A00,A0,A0,E0,0,0,2008,2,,,0,0,,1281
48023,4591,A05,0,A00,A0,A0,E0,0,0,2008,2,,,0,0,,940
48025,4591,A05,0,A00,A0,A0,E0,0,0,2008,2,,,0,0,,942
48027,4591,A05,0,A00,A0,A0,E0,0,0,2008,2,188,184,45,49,-4,1112
48029,4591,A05,0,A00,A0,A0,E0,0,0,2008,2,1950,1983,443,410,33,1574
48037,4591,A05,0,A00,A0,A0,E0,0,0,2008,2,101,97,27,31,-5,1234
48039,4591,A05,0,A00,A0,A0,E0,0,0,2008,2,71,71,27,27,0,1203
48041,4591,A05,0,A00,A0,A0,E0,0,0,2008,2,151,142,45,55,-10,937
48049,4591,A05,0,A00,A0,A0,E0,0,0,2008,2,,,,,,943
48053,4591,A05,0,A00,A0,A0,E0,0,0,2008,2,,,,,,837
48057,4591,A05,0,A00,A0,A0,E0,0,0,2008,2,,,,0,,1052
48059,4591,A05,0,A00,A0,A0,E0,0,0,2008,2,,,0,0,,1356
48061,4591,A05,0,A00,A0,A0,E0,0,0,2008,2,201,196,35,40,-5,1384
48067,4591,A05,0,A00,A0,A0,E0,0,0,2008,2,,,,,,874
48069,4591,A05,0,A00,A0,A0,E0,0,0,2008,2,,,0,0,,887
48075,4591,A05,0,A00,A0,A0,E0,0,0,2008,2,,,,,,161
48085,4591,A05,0,A00,A0,A0,E0,0,0,2008,2,1175,1295,577,457,120,1563
48089,4591,A05,0,A00,A0,A0,E0,0,0,2008,2,5,5,,,0,1172
48091,4591,A05,0,A00,A0,A0,E0,0,0,2008,2,119,146,65,38,27,1121
48097,4591,A05,0,A00,A0,A0,E0,0,0,2008,2,,,0,0,,583
48099,4591,A05,0,A00,A0,A0,E0,0,0,2008,2,0,,,0,,
48113,4591,A05,0,A00,A0,A0,E0,0,0,2008,2,3474,3648,999,825,174,1778
48121,4591,A05,0,A00,A0,A0,E0,0,0,2008,2,610,608,146,147,-1,1523
48123,4591,A05,0,A00,A0,A0,E0,0,0,2008,2,,,0,,,762
48135,4591,A05,0,A00,A0,A0,E0,0,0,2008,2,142,165,61,38,23,2002
48139,4591,A05,0,A00,A0,A0,E0,0,0,2008,2,270,253,47,64,-17,1580
48141,4591,A05,0,A00,A0,A0,E0,0,0,2008,2,799,793,191,198,-6,4055
48143,4591,A05,0,A00,A0,A0,E0,0,0,2008,2,44,40,10,14,-4,1162
48157,4591,A05,0,A00,A0,A0,E0,0,0,2008,2,434,431,96,98,-2,1602
48163,4591,A05,0,A00,A0,A0,E0,0,0,2008,2,,,,,,1665
48165,4591,A05,0,A00,A0,A0,E0,0,0,2008,2,,,,,,613
48167,4591,A05,0,A00,A0,A0,E0,0,0,2008,2,133,146,59,46,13,1211
48171,4591,A05,0,A00,A0,A0,E0,0,0,2008,2,17,15,,3,-2,653
48179,4591,A05,0,A00,A0,A0,E0,0,0,2008,2,19,18,6,7,-1,1199
48181,4591,A05,0,A00,A0,A0,E0,0,0,2008,2,167,149,29,47,-18,1208
48183,4591,A05,0,A00,A0,A0,E0,0,0,2008,2,575,527,255,303,-48,1423
48187,4591,A05,0,A00,A0,A0,E0,0,0,2008,2,8,8,0,0,0,1897
48189,4591,A05,0,A00,A0,A0,E0,0,0,2008,2,6,4,,3,-1,627
48201,4591,A05,0,A00,A0,A0,E0,0,0,2008,2,4778,4707,1021,1092,-71,1604
48203,4591,A05,0,A00,A0,A0,E0,0,0,2008,2,67,67,10,10,0,1441
48207,4591,A05,0,A00,A0,A0,E0,0,0,2008,2,0,0,,,0,
48209,4591,A05,0,A00,A0,A0,E0,0,0,2008,2,336,337,67,66,1,1577
48213,4591,A05,0,A00,A0,A0,E0,0,0,2008,2,33,38,17,12,5,1984
48215,4591,A05,0,A00,A0,A0,E0,0,0,2008,2,468,450,95,112,-18,1303
48217,4591,A05,0,A00,A0,A0,E0,0,0,2008,2,,,,,,1038
48219,4591,A05,0,A00,A0,A0,E0,0,0,2008,2,7,7,,,0,569
48221,4591,A05,0,A00,A0,A0,E0,0,0,2008,2,3,14,11,0,11,2071
48223,4591,A05,0,A00,A0,A0,E0,0,0,2008,2,34,32,8,9,-1,1353
48225,4591,A05,0,A00,A0,A0,E0,0,0,2008,2,,0,0,,,2351
48227,4591,A05,0,A00,A0,A0,E0,0,0,2008,2,,,,,,354
48231,4591,A05,0,A00,A0,A0,E0,0,0,2008,2,46,44,,5,-3,1624
48233,4591,A05,0,A00,A0,A0,E0,0,0,2008,2,,,,,,554
48241,4591,A05,0,A00,A0,A0,E0,0,0,2008,2,5,10,11,6,5,946
48245,4591,A05,0,A00,A0,A0,E0,0,0,2008,2,221,234,63,50,13,1677
48251,4591,A05,0,A00,A0,A0,E0,0,0,2008,2,45,45,11,10,0,1006
48257,4591,A05,0,A00,A0,A0,E0,0,0,2008,2,23,19,3,7,-4,1076
48259,4591,A05,0,A00,A0,A0,E0,0,0,2008,2,12,17,6,,5,1354
48265,4591,A05,0,A00,A0,A0,E0,0,0,2008,2,22,23,3,,2,1118
48273,4591,A05,0,A00,A0,A0,E0,0,0,2008,2,,,0,0,,936
48277,4591,A05,0,A00,A0,A0,E0,0,0,2008,2,12,12,,,0,1441
48285,4591,A05,0,A00,A0,A0,E0,0,0,2008,2,,,,,,1324
48289,4591,A05,0,A00,A0,A0,E0,0,0,2008,2,,,0,0,,738
48293,4591,A05,0,A00,A0,A0,E0,0,0,2008,2,,,0,,,293
48299,4591,A05,0,A00,A0,A0,E0,0,0,2008,2,,,0,,,153
48303,4591,A05,0,A00,A0,A0,E0,0,0,2008,2,395,395,101,101,0,1428
48309,4591,A05,0,A00,A0,A0,E0,0,0,2008,2,211,164,40,86,-46,1031
48321,4591,A05,0,A00,A0,A0,E0,0,0,2008,2,12,10,6,7,-1,859
48323,4591,A05,0,A00,A0,A0,E0,0,0,2008,2,83,90,24,18,7,672
48325,4591,A05,0,A00,A0,A0,E0,0,0,2008,2,,,,0,,877
48327,4591,A05,0,A00,A0,A0,E0,0,0,2008,2,,,0,,,761
48329,4591,A05,0,A00,A0,A0,E0,0,0,2008,2,184,193,73,64,9,1369
48331,4591,A05,0,A00,A0,A0,E0,0,0,2008,2,,,0,,,603
48339,4591,A05,0,A00,A0,A0,E0,0,0,2008,2,369,365,88,91,-4,1147
48341,4591,A05,0,A00,A0,A0,E0,0,0,2008,2,,,,,,503
48347,4591,A05,0,A00,A0,A0,E0,0,0,2008,2,67,68,15,14,1,1279
48349,4591,A05,0,A00,A0,A0,E0,0,0,2008,2,,,,,,1516
48355,4591,A05,0,A00,A0,A0,E0,0,0,2008,2,440,450,104,94,10,1594
48361,4591,A05,0,A00,A0,A0,E0,0,0,2008,2,35,42,16,9,7,1685
48365,4591,A05,0,A00,A0,A0,E0,0,0,2008,2,0,,,,,
48367,4591,A05,0,A00,A0,A0,E0,0,0,2008,2,71,73,19,17,2,1623
48369,4591,A05,0,A00,A0,A0,E0,0,0,2008,2,,,0,0,,1167
48371,4591,A05,0,A00,A0,A0,E0,0,0,2008,2,,,,,,938
48373,4591,A05,0,A00,A0,A0,E0,0,0,2008,2,,,0,,,2193
48375,4591,A05,0,A00,A0,A0,E0,0,0,2008,2,275,261,56,70,-13,1406
48379,4591,A05,0,A00,A0,A0,E0,0,0,2008,2,,,0,0,,1210
48381,4591,A05,0,A00,A0,A0,E0,0,0,2008,2,181,193,70,57,13,1486
48395,4591,A05,0,A00,A0,A0,E0,0,0,2008,2,,,0,0,,3007
48397,4591,A05,0,A00,A0,A0,E0,0,0,2008,2,77,90,37,24,13,1232
48399,4591,A05,0,A00,A0,A0,E0,0,0,2008,2,,,0,,,23
48407,4591,A05,0,A00,A0,A0,E0,0,0,2008,2,,,0,,,436
48409,4591,A05,0,A00,A0,A0,E0,0,0,2008,2,,,,,,777
48419,4591,A05,0,A00,A0,A0,E0,0,0,2008,2,,,,,,2112
48423,4591,A05,0,A00,A0,A0,E0,0,0,2008,2,293,300,69,62,7,1586
48425,4591,A05,0,A00,A0,A0,E0,0,0,2008,2,,,,,,566
48439,4591,A05,0,A00,A0,A0,E0,0,0,2008,2,2638,2642,541,537,4,1877
48441,4591,A05,0,A00,A0,A0,E0,0,0,2008,2,122,125,42,39,2,1167
48449,4591,A05,0,A00,A0,A0,E0,0,0,2008,2,,,0,0,,1394
48451,4591,A05,0,A00,A0,A0,E0,0,0,2008,2,112,109,28,31,-3,1209
48453,4591,A05,0,A00,A0,A0,E0,0,0,2008,2,1589,1674,465,380,85,1612
48459,4591,A05,0,A00,A0,A0,E0,0,0,2008,2,,,,,,1073
48463,4591,A05,0,A00,A0,A0,E0,0,0,2008,2,,,,,,1098
48465,4591,A05,0,A00,A0,A0,E0,0,0,2008,2,,,0,,,1143
48467,4591,A05,0,A00,A0,A0,E0,0,0,2008,2,10,12,,0,2,1763
48469,4591,A05,0,A00,A0,A0,E0,0,0,2008,2,106,109,35,33,2,1028
48471,4591,A05,0,A00,A0,A0,E0,0,0,2008,2,,,,,,616
48475,4591,A05,0,A00,A0,A0,E0,0,0,2008,2,,,,,,1360
48477,4591,A05,0,A00,A0,A0,E0,0,0,2008,2,19,15,4,7,-4,623
48479,4591,A05,0,A00,A0,A0,E0,0,0,2008,2,172,166,31,37,-7,1379
48481,4591,A05,0,A00,A0,A0,E0,0,0,2008,2,29,29,5,5,0,1634
48485,4591,A05,0,A00,A0,A0,E0,0,0,2008,2,128,128,43,43,0,1490
48487,4591,A05,0,A00,A0,A0,E0,0,0,2008,2,,,0,0,,661
48489,4591,A05,0,A00,A0,A0,E0,0,0,2008,2,,,,,,463
48491,4591,A05,0,A00,A0,A0,E0,0,0,2008,2,378,368,96,107,-11,1371
48497,4591,A05,0,A00,A0,A0,E0,0,0,2008,2,,,,,,1434
48499,4591,A05,0,A00,A0,A0,E0,0,0,2008,2,19,20,9,7,1,1521
48503,4591,A05,0,A00,A0,A0,E0,0,0,2008,2,,,0,0,,1329
48,4591,A05,0,A00,A0,A0,E0,0,0,2008,2,25231,25522,6642,6351,291,1650
48001,4591,A05,0,A00,A0,A0,E0,0,0,2008,3,,,0,,,1464
48005,4591,A05,0,A00,A0,A0,E0,0,0,2008,3,36,34,,4,-2,1889
48007,4591,A05,0,A00,A0,A0,E0,0,0,2008,3,20,20,3,3,0,1546
48013,4591,A05,0,A00,A0,A0,E0,0,0,2008,3,,,0,0,,1272
48015,4591,A05,0,A00,A0,A0,E0,0,0,2008,3,0,,,0,,
48019,4591,A05,0,A00,A0,A0,E0,0,0,2008,3,,,0,0,,1388
48021,4591,A05,0,A00,A0,A0,E0,0,0,2008,3,,,0,0,,1258
48023,4591,A05,0,A00,A0,A0,E0,0,0,2008,3,,,,0,,1063
48025,4591,A05,0,A00,A0,A0,E0,0,0,2008,3,,,0,0,,928
48027,4591,A05,0,A00,A0,A0,E0,0,0,2008,3,184,215,69,38,31,1152
48029,4591,A05,0,A00,A0,A0,E0,0,0,2008,3,1972,2099,593,466,127,1646
48037,4591,A05,0,A00,A0,A0,E0,0,0,2008,3,97,104,42,35,7,1416
48039,4591,A05,0,A00,A0,A0,E0,0,0,2008,3,71,66,26,31,-5,1369
48041,4591,A05,0,A00,A0,A0,E0,0,0,2008,3,142,150,65,57,8,974
48049,4591,A05,0,A00,A0,A0,E0,0,0,2008,3,,,,,,1151
48053,4591,A05,0,A00,A0,A0,E0,0,0,2008,3,,,,,,974
48057,4591,A05,0,A00,A0,A0,E0,0,0,2008,3,,,,,,912
48059,4591,A05,0,A00,A0,A0,E0,0,0,2008,3,,,,,,1187
48061,4591,A05,0,A00,A0,A0,E0,0,0,2008,3,196,199,47,44,3,1384
48067,4591,A05,0,A00,A0,A0,E0,0,0,2008,3,,,0,0,,605
48069,4591,A05,0,A00,A0,A0,E0,0,0,2008,3,,,,0,,762
48075,4591,A05,0,A00,A0,A0,E0,0,0,2008,3,,,,,,141
48083,4591,A05,0,A00,A0,A0,E0,0,0,2008,3,0,,,,,
48085,4591,A05,0,A00,A0,A0,E0,0,0,2008,3,1293,1179,470,584,-114,1439
48089,4591,A05,0,A00,A0,A0,E0,0,0,2008,3,5,5,,,0,818
48091,4591,A05,0,A00,A0,A0,E0,0,0,2008,3,145,117,23,50,-28,1103
48097,4591,A05,0,A00,A0,A0,E0,0,0,2008,3,,,0,,,491
48099,4591,A05,0,A00,A0,A0,E0,0,0,2008,3,,,0,0,,444
48113,4591,A05,0,A00,A0,A0,E0,0,0,2008,3,3643,3776,1050,916,133,1764
48121,4591,A05,0,A00,A0,A0,E0,0,0,2008,3,608,644,205,169,36,1539
48123,4591,A05,0,A00,A0,A0,E0,0,0,2008,3,,,,,,941
48135,4591,A05,0,A00,A0,A0,E0,0,0,2008,3,165,177,61,50,12,1829
48139,4591,A05,0,A00,A0,A0,E0,0,0,2008,3,252,271,90,72,18,1612
48141,4591,A05,0,A00,A0,A0,E0,0,0,2008,3,787,807,256,236,20,1388
48143,4591,A05,0,A00,A0,A0,E0,0,0,2008,3,40,48,21,13,8,1566
48157,4591,A05,0,A00,A0,A0,E0,0,0,2008,3,431,442,138,128,11,1565
48163,4591,A05,0,A00,A0,A0,E0,0,0,2008,3,,,,,,1298
48165,4591,A05,0,A00,A0,A0,E0,0,0,2008,3,,,,,,903
48167,4591,A05,0,A00,A0,A0,E0,0,0,2008,3,146,108,54,91,-38,1071
48171,4591,A05,0,A00,A0,A0,E0,0,0,2008,3,15,15,,,1,756
48179,4591,A05,0,A00,A0,A0,E0,0,0,2008,3,18,18,5,5,0,1120
48181,4591,A05,0,A00,A0,A0,E0,0,0,2008,3,149,156,41,34,8,1220
48183,4591,A05,0,A00,A0,A0,E0,0,0,2008,3,527,566,320,281,39,965
48187,4591,A05,0,A00,A0,A0,E0,0,0,2008,3,8,7,0,,-1,1679
48189,4591,A05,0,A00,A0,A0,E0,0,0,2008,3,4,,0,,-2,589
48201,4591,A05,0,A00,A0,A0,E0,0,0,2008,3,4731,4826,1334,1239,95,1640
48203,4591,A05,0,A00,A0,A0,E0,0,0,2008,3,67,69,17,15,2,1252
48207,4591,A05,0,A00,A0,A0,E0,0,0,2008,3,0,,,0,,
48209,4591,A05,0,A00,A0,A0,E0,0,0,2008,3,376,389,96,83,13,1826
48213,4591,A05,0,A00,A0,A0,E0,0,0,2008,3,38,38,14,13,1,2075
48215,4591,A05,0,A00,A0,A0,E0,0,0,2008,3,450,460,120,110,10,1349
48217,4591,A05,0,A00,A0,A0,E0,0,0,2008,3,,,,,,1033
48219,4591,A05,0,A00,A0,A0,E0,0,0,2008,3,7,6,,3,-1,713
48221,4591,A05,0,A00,A0,A0,E0,0,0,2008,3,14,22,10,,8,1475
48223,4591,A05,0,A00,A0,A0,E0,0,0,2008,3,32,30,3,6,-2,1676
48227,4591,A05,0,A00,A0,A0,E0,0,0,2008,3,,,,,,321
48231,4591,A05,0,A00,A0,A0,E0,0,0,2008,3,45,48,9,7,3,1540
48233,4591,A05,0,A00,A0,A0,E0,0,0,2008,3,,0,0,,,570
48241,4591,A05,0,A00,A0,A0,E0,0,0,2008,3,10,10,5,5,1,1139
48245,4591,A05,0,A00,A0,A0,E0,0,0,2008,3,234,211,60,83,-23,1576
48251,4591,A05,0,A00,A0,A0,E0,0,0,2008,3,45,47,17,15,2,1066
48257,4591,A05,0,A00,A0,A0,E0,0,0,2008,3,19,23,8,5,4,1142
48259,4591,A05,0,A00,A0,A0,E0,0,0,2008,3,17,14,3,6,-3,1173
48265,4591,A05,0,A00,A0,A0,E0,0,0,2008,3,23,22,,3,-1,1055
48273,4591,A05,0,A00,A0,A0,E0,0,0,2008,3,,,0,0,,977
48277,4591,A05,0,A00,A0,A0,E0,0,0,2008,3,12,11,,,-1,1362
48285,4591,A05,0,A00,A0,A0,E0,0,0,2008,3,,,,,,1211
48289,4591,A05,0,A00,A0,A0,E0,0,0,2008,3,,,,,,305
48293,4591,A05,0,A00,A0,A0,E0,0,0,2008,3,,,0,,,372
48299,4591,A05,0,A00,A0,A0,E0,0,0,2008,3,,,0,,,21
48303,4591,A05,0,A00,A0,A0,E0,0,0,2008,3,395,403,122,114,8,1410
48309,4591,A05,0,A00,A0,A0,E0,0,0,2008,3,166,169,54,51,3,1198
48321,4591,A05,0,A00,A0,A0,E0,0,0,2008,3,10,13,5,,2,683
48323,4591,A05,0,A00,A0,A0,E0,0,0,2008,3,90,86,20,24,-4,676
48325,4591,A05,0,A00,A0,A0,E0,0,0,2008,3,,,0,,,599
48327,4591,A05,0,A00,A0,A0,E0,0,0,2008,3,,,0,0,,1310
48329,4591,A05,0,A00,A0,A0,E0,0,0,2008,3,193,172,59,80,-21,1318
48331,4591,A05,0,A00,A0,A0,E0,0,0,2008,3,,,,,,430
48339,4591,A05,0,A00,A0,A0,E0,0,0,2008,3,367,375,105,97,8,1252
48341,4591,A05,0,A00,A0,A0,E0,0,0,2008,3,,,,,,226
48347,4591,A05,0,A00,A0,A0,E0,0,0,2008,3,68,64,16,19,-3,1354
48349,4591,A05,0,A00,A0,A0,E0,0,0,2008,3,,,,,,1344
48355,4591,A05,0,A00,A0,A0,E0,0,0,2008,3,450,451,116,115,1,1620
48361,4591,A05,0,A00,A0,A0,E0,0,0,2008,3,42,30,5,16,-11,1310
48365,4591,A05,0,A00,A0,A0,E0,0,0,2008,3,,,,,,1417
48367,4591,A05,0,A00,A0,A0,E0,0,0,2008,3,73,71,18,20,-2,1640
48369,4591,A05,0,A00,A0,A0,E0,0,0,2008,3,,,0,0,,1166
48371,4591,A05,0,A00,A0,A0,E0,0,0,2008,3,,,0,,,1011
48373,4591,A05,0,A00,A0,A0,E0,0,0,2008,3,,,,0,,1038
48375,4591,A05,0,A00,A0,A0,E0,0,0,2008,3,261,264,74,71,3,1442
48379,4591,A05,0,A00,A0,A0,E0,0,0,2008,3,,,0,0,,971
48381,4591,A05,0,A00,A0,A0,E0,0,0,2008,3,192,199,73,66,6,1527
48395,4591,A05,0,A00,A0,A0,E0,0,0,2008,3,,,0,0,,2901
48397,4591,A05,0,A00,A0,A0,E0,0,0,2008,3,90,110,57,37,20,1176
48399,4591,A05,0,A00,A0,A0,E0,0,0,2008,3,,,0,0,,15
48407,4591,A05,0,A00,A0,A0,E0,0,0,2008,3,,,0,0,,905
48409,4591,A05,0,A00,A0,A0,E0,0,0,2008,3,,,,,,678
48419,4591,A05,0,A00,A0,A0,E0,0,0,2008,3,,,,,,2265
48423,4591,A05,0,A00,A0,A0,E0,0,0,2008,3,300,302,87,84,3,1770
48425,4591,A05,0,A00,A0,A0,E0,0,0,2008,3,,,,,,932
48439,4591,A05,0,A00,A0,A0,E0,0,0,2008,3,2643,2795,735,583,152,1937
48441,4591,A05,0,A00,A0,A0,E0,0,0,2008,3,125,137,65,53,12,1124
48449,4591,A05,0,A00,A0,A0,E0,0,0,2008,3,,,0,0,,2175
48451,4591,A05,0,A00,A0,A0,E0,0,0,2008,3,109,108,44,45,-1,1265
48453,4591,A05,0,A00,A0,A0,E0,0,0,2008,3,1634,1706,479,406,73,1630
48459,4591,A05,0,A00,A0,A0,E0,0,0,2008,3,,,,,,1081
48463,4591,A05,0,A00,A0,A0,E0,0,0,2008,3,,,,,,1072
48465,4591,A05,0,A00,A0,A0,E0,0,0,2008,3,,,0,0,,1019
48467,4591,A05,0,A00,A0,A0,E0,0,0,2008,3,12,12,,,0,1729
48469,4591,A05,0,A00,A0,A0,E0,0,0,2008,3,109,114,31,26,6,1043
48471,4591,A05,0,A00,A0,A0,E0,0,0,2008,3,,,,0,,629
48475,4591,A05,0,A00,A0,A0,E0,0,0,2008,3,,,,,,884
48477,4591,A05,0,A00,A0,A0,E0,0,0,2008,3,15,16,,,1,781
48479,4591,A05,0,A00,A0,A0,E0,0,0,2008,3,166,179,51,38,13,1477
48481,4591,A05,0,A00,A0,A0,E0,0,0,2008,3,29,27,5,8,-2,1921
48485,4591,A05,0,A00,A0,A0,E0,0,0,2008,3,129,128,34,35,-1,1462
48487,4591,A05,0,A00,A0,A0,E0,0,0,2008,3,,,0,0,,829
48489,4591,A05,0,A00,A0,A0,E0,0,0,2008,3,,0,0,,,304
48491,4591,A05,0,A00,A0,A0,E0,0,0,2008,3,366,410,138,94,44,1473
48497,4591,A05,0,A00,A0,A0,E0,0,0,2008,3,,,,,,42
48499,4591,A05,0,A00,A0,A0,E0,0,0,2008,3,,,,,,1650
48503,4591,A05,0,A00,A0,A0,E0,0,0,2008,3,,,0,0,,3986
48,4591,A05,0,A00,A0,A0,E0,0,0,2008,3,25524,26216,7825,7133,692,1581
48001,4591,A05,0,A00,A0,A0,E0,0,0,2008,4,,,,0,,1873
48003,4591,A05,0,A00,A0,A0,E0,0,0,2008,4,0,,,0,,
48005,4591,A05,0,A00,A0,A0,E0,0,0,2008,4,35,35,4,4,0,2003
48007,4591,A05,0,A00,A0,A0,E0,0,0,2008,4,20,18,,3,-2,1483
48013,4591,A05,0,A00,A0,A0,E0,0,0,2008,4,,,0,,,1177
48015,4591,A05,0,A00,A0,A0,E0,0,0,2008,4,,,0,,,2776
48017,4591,A05,0,A00,A0,A0,E0,0,0,2008,4,0,,,0,,
48019,4591,A05,0,A00,A0,A0,E0,0,0,2008,4,,,0,0,,1446
48021,4591,A05,0,A00,A0,A0,E0,0,0,2008,4,,,0,0,,1233
48023,4591,A05,0,A00,A0,A0,E0,0,0,2008,4,,,0,0,,548
48025,4591,A05,0,A00,A0,A0,E0,0,0,2008,4,5,7,3,0,2,912
48027,4591,A05,0,A00,A0,A0,E0,0,0,2008,4,219,239,92,72,20,1309
48029,4591,A05,0,A00,A0,A0,E0,0,0,2008,4,2064,2256,771,579,192,1640
48037,4591,A05,0,A00,A0,A0,E0,0,0,2008,4,106,132,69,43,26,1408
48039,4591,A05,0,A00,A0,A0,E0,0,0,2008,4,67,64,28,31,-4,1446
48041,4591,A05,0,A00,A0,A0,E0,0,0,2008,4,150,161,68,57,11,1107
48049,4591,A05,0,A00,A0,A0,E0,0,0,2008,4,11,11,3,,1,1100
48053,4591,A05,0,A00,A0,A0,E0,0,0,2008,4,,,,,,979
48057,4591,A05,0,A00,A0,A0,E0,0,0,2008,4,,,0,0,,714
48059,4591,A05,0,A00,A0,A0,E0,0,0,2008,4,,,,0,,3196
48061,4591,A05,0,A00,A0,A0,E0,0,0,2008,4,200,230,73,44,29,1393
48067,4591,A05,0,A00,A0,A0,E0,0,0,2008,4,,,0,0,,722
48069,4591,A05,0,A00,A0,A0,E0,0,0,2008,4,,,0,,,682
48075,4591,A05,0,A00,A0,A0,E0,0,0,2008,4,,,,0,,497
48083,4591,A05,0,A00,A0,A0,E0,0,0,2008,4,,,,,,18
48085,4591,A05,0,A00,A0,A0,E0,0,0,2008,4,1182,1303,514,393,121,1667
48089,4591,A05,0,A00,A0,A0,E0,0,0,2008,4,5,5,,,0,1050
48091,4591,A05,0,A00,A0,A0,E0,0,0,2008,4,117,115,30,32,-2,1215
48097,4591,A05,0,A00,A0,A0,E0,0,0,2008,4,,,,0,,797
48099,4591,A05,0,A00,A0,A0,E0,0,0,2008,4,5,7,,0,2,826
48113,4591,A05,0,A00,A0,A0,E0,0,0,2008,4,3767,3927,1237,1077,160,1895
48117,4591,A05,0,A00,A0,A0,E0,0,0,2008,4,0,,,0,0,
48121,4591,A05,0,A00,A0,A0,E0,0,0,2008,4,652,702,231,180,51,1609
48123,4591,A05,0,A00,A0,A0,E0,0,0,2008,4,,,,,,1185
48135,4591,A05,0,A00,A0,A0,E0,0,0,2008,4,177,169,50,58,-8,2118
48139,4591,A05,0,A00,A0,A0,E0,0,0,2008,4,276,374,219,120,98,1683
48141,4591,A05,0,A00,A0,A0,E0,0,0,2008,4,807,981,488,314,174,1413
48143,4591,A05,0,A00,A0,A0,E0,0,0,2008,4,50,46,10,14,-4,1556
48157,4591,A05,0,A00,A0,A0,E0,0,0,2008,4,442,510,208,140,68,1760
48163,4591,A05,0,A00,A0,A0,E0,0,0,2008,4,,,,,,1553
48165,4591,A05,0,A00,A0,A0,E0,0,0,2008,4,,,0,,,656
48167,4591,A05,0,A00,A0,A0,E0,0,0,2008,4,108,116,46,39,7,1327
48171,4591,A05,0,A00,A0,A0,E0,0,0,2008,4,17,17,3,4,0,740
48179,4591,A05,0,A00,A0,A0,E0,0,0,2008,4,19,18,4,5,-1,1208
48181,4591,A05,0,A00,A0,A0,E0,0,0,2008,4,157,159,64,61,2,1267
48183,4591,A05,0,A00,A0,A0,E0,0,0,2008,4,426,451,277,252,25,1198
48187,4591,A05,0,A00,A0,A0,E0,0,0,2008,4,10,11,3,,1,1455
48189,4591,A05,0,A00,A0,A0,E0,0,0,2008,4,4,3,,,-1,755
48201,4591,A05,0,A00,A0,A0,E0,0,0,2008,4,4842,5301,1833,1374,459,1723
48203,4591,A05,0,A00,A0,A0,E0,0,0,2008,4,70,62,4,12,-8,1705
48207,4591,A05,0,A00,A0,A0,E0,0,0,2008,4,,,0,0,,1925
48209,4591,A05,0,A00,A0,A0,E0,0,0,2008,4,389,432,143,100,43,1763
48213,4591,A05,0,A00,A0,A0,E0,0,0,2008,4,45,45,13,13,0,2008
48215,4591,A05,0,A00,A0,A0,E0,0,0,2008,4,462,534,249,177,73,1325
48217,4591,A05,0,A00,A0,A0,E0,0,0,2008,4,,,,,,1090
48219,4591,A05,0,A00,A0,A0,E0,0,0,2008,4,6,8,,0,2,854
48221,4591,A05,0,A00,A0,A0,E0,0,0,2008,4,22,14,9,17,-8,1249
48223,4591,A05,0,A00,A0,A0,E0,0,0,2008,4,32,35,,0,2,1669
48225,4591,A05,0,A00,A0,A0,E0,0,0,2008,4,,,,0,,1420
48227,4591,A05,0,A00,A0,A0,E0,0,0,2008,4,,,,0,,336
48231,4591,A05,0,A00,A0,A0,E0,0,0,2008,4,50,49,5,6,0,1584
48233,4591,A05,0,A00,A0,A0,E0,0,0,2008,4,,,,0,,1631
48241,4591,A05,0,A00,A0,A0,E0,0,0,2008,4,10,9,,3,-1,1139
48245,4591,A05,0,A00,A0,A0,E0,0,0,2008,4,211,235,90,66,25,1897
48249,4591,A05,0,A00,A0,A0,E0,0,0,2008,4,,,,0,,813
48251,4591,A05,0,A00,A0,A0,E0,0,0,2008,4,49,58,23,14,9,1391
48257,4591,A05,0,A00,A0,A0,E0,0,0,2008,4,23,31,19,12,8,1083
48259,4591,A05,0,A00,A0,A0,E0,0,0,2008,4,52,52,10,9,1,2176
48265,4591,A05,0,A00,A0,A0,E0,0,0,2008,4,24,26,,0,1,1461
48273,4591,A05,0,A00,A0,A0,E0,0,0,2008,4,,,,,,1094
48277,4591,A05,0,A00,A0,A0,E0,0,0,2008,4,15,20,7,,5,1336
48285,4591,A05,0,A00,A0,A0,E0,0,0,2008,4,,,0,,,1327
48289,4591,A05,0,A00,A0,A0,E0,0,0,2008,4,,,,0,,1653
48291,4591,A05,0,A00,A0,A0,E0,0,0,2008,4,,,,0,,777
48293,4591,A05,0,A00,A0,A0,E0,0,0,2008,4,,,,0,,833
48299,4591,A05,0,A00,A0,A0,E0,0,0,2008,4,,,0,0,,28
48303,4591,A05,0,A00,A0,A0,E0,0,0,2008,4,405,453,179,132,47,1737
48309,4591,A05,0,A00,A0,A0,E0,0,0,2008,4,172,197,76,51,25,1400
48321,4591,A05,0,A00,A0,A0,E0,0,0,2008,4,14,15,,,1,922
48323,4591,A05,0,A00,A0,A0,E0,0,0,2008,4,87,99,38,27,11,789
48325,4591,A05,0,A00,A0,A0,E0,0,0,2008,4,,,,,,697
48327,4591,A05,0,A00,A0,A0,E0,0,0,2008,4,,,,,,899
48329,4591,A05,0,A00,A0,A0,E0,0,0,2008,4,173,213,117,77,40,1602
48331,4591,A05,0,A00,A0,A0,E0,0,0,2008,4,,,0,0,,763
48339,4591,A05,0,A00,A0,A0,E0,0,0,2008,4,375,424,182,133,49,1703
48341,4591,A05,0,A00,A0,A0,E0,0,0,2008,4,,,,,,596
48347,4591,A05,0,A00,A0,A0,E0,0,0,2008,4,67,75,22,13,9,1552
48349,4591,A05,0,A00,A0,A0,E0,0,0,2008,4,76,79,19,16,3,1603
48353,4591,A05,0,A00,A0,A0,E0,0,0,2008,4,,,0,,,820
48355,4591,A05,0,A00,A0,A0,E0,0,0,2008,4,452,507,206,150,55,1692
48361,4591,A05,0,A00,A0,A0,E0,0,0,2008,4,30,30,8,8,0,1666
48365,4591,A05,0,A00,A0,A0,E0,0,0,2008,4,,,,0,,1431
48367,4591,A05,0,A00,A0,A0,E0,0,0,2008,4,74,80,13,7,5,1652
48369,4591,A05,0,A00,A0,A0,E0,0,0,2008,4,,,0,0,,854
48371,4591,A05,0,A00,A0,A0,E0,0,0,2008,4,,,0,0,,1197
48373,4591,A05,0,A00,A0,A0,E0,0,0,2008,4,,,,0,,1575
48375,4591,A05,0,A00,A0,A0,E0,0,0,2008,4,266,349,185,102,83,1480
48379,4591,A05,0,A00,A0,A0,E0,0,0,2008,4,,,0,0,,932
48381,4591,A05,0,A00,A0,A0,E0,0,0,2008,4,165,189,79,56,24,1640
48395,4591,A05,0,A00,A0,A0,E0,0,0,2008,4,,,0,0,,3457
48397,4591,A05,0,A00,A0,A0,E0,0,0,2008,4,110,125,55,41,14,1249
48399,4591,A05,0,A00,A0,A0,E0,0,0,2008,4,,,,,,112
48401,4591,A05,0,A00,A0,A0,E0,0,0,2008,4,,,,0,,871
48407,4591,A05,0,A00,A0,A0,E0,0,0,2008,4,,0,0,,,715
48409,4591,A05,0,A00,A0,A0,E0,0,0,2008,4,,,,0,,645
48419,4591,A05,0,A00,A0,A0,E0,0,0,2008,4,,,,,,2253
48423,4591,A05,0,A00,A0,A0,E0,0,0,2008,4,258,283,105,80,25,1587
48425,4591,A05,0,A00,A0,A0,E0,0,0,2008,4,,,,,,633
48439,4591,A05,0,A00,A0,A0,E0,0,0,2008,4,2798,3058,973,714,260,2283
48441,4591,A05,0,A00,A0,A0,E0,0,0,2008,4,184,205,71,50,22,1818
48449,4591,A05,0,A00,A0,A0,E0,0,0,2008,4,,,,0,,1033
48451,4591,A05,0,A00,A0,A0,E0,0,0,2008,4,110,114,43,39,4,1360
48453,4591,A05,0,A00,A0,A0,E0,0,0,2008,4,1708,1759,450,399,51,1686
48459,4591,A05,0,A00,A0,A0,E0,0,0,2008,4,,,,,,1137
48463,4591,A05,0,A00,A0,A0,E0,0,0,2008,4,62,60,21,23,-2,1062
48465,4591,A05,0,A00,A0,A0,E0,0,0,2008,4,,,,0,,831
48467,4591,A05,0,A00,A0,A0,E0,0,0,2008,4,14,11,,5,-3,1648
48469,4591,A05,0,A00,A0,A0,E0,0,0,2008,4,116,124,54,46,8,1107
48471,4591,A05,0,A00,A0,A0,E0,0,0,2008,4,,,,,,578
48475,4591,A05,0,A00,A0,A0,E0,0,0,2008,4,,,0,,,1441
48477,4591,A05,0,A00,A0,A0,E0,0,0,2008,4,16,15,3,5,-2,816
48479,4591,A05,0,A00,A0,A0,E0,0,0,2008,4,179,248,126,58,68,1539
48481,4591,A05,0,A00,A0,A0,E0,0,0,2008,4,28,27,3,4,-1,2707
48485,4591,A05,0,A00,A0,A0,E0,0,0,2008,4,130,146,55,39,16,1585
48487,4591,A05,0,A00,A0,A0,E0,0,0,2008,4,4,3,0,,-1,860
48491,4591,A05,0,A00,A0,A0,E0,0,0,2008,4,412,480,195,127,68,1600
48497,4591,A05,0,A00,A0,A0,E0,0,0,2008,4,,,,0,,855
48499,4591,A05,0,A00,A0,A0,E0,0,0,2008,4,,,,,,1961
48503,4591,A05,0,A00,A0,A0,E0,0,0,2008,4,,,,,,663
48505,4591,A05,0,A00,A0,A0,E0,0,0,2008,4,0,,,0,,
48,4591,A05,0,A00,A0,A0,E0,0,0,2008,4,26193,28683,10297,7807,2490,1718
48001,4591,A05,0,A00,A0,A0,E0,0,0,2009,1,12,12,,,0,1520
48003,4591,A05,0,A00,A0,A0,E0,0,0,2009,1,,,0,0,,6102
48005,4591,A05,0,A00,A0,A0,E0,0,0,2009,1,41,39,4,6,-2,1687
48007,4591,A05,0,A00,A0,A0,E0,0,0,2009,1,22,20,0,,-2,1233
48013,4591,A05,0,A00,A0,A0,E0,0,0,2009,1,,,0,0,,1228
48015,4591,A05,0,A00,A0,A0,E0,0,0,2009,1,,,,0,,3070
48017,4591,A05,0,A00,A0,A0,E0,0,0,2009,1,,,,,,200
48019,4591,A05,0,A00,A0,A0,E0,0,0,2009,1,,,0,0,,1560
48021,4591,A05,0,A00,A0,A0,E0,0,0,2009,1,,,,0,,1210
48023,4591,A05,0,A00,A0,A0,E0,0,0,2009,1,,,0,,,365
48025,4591,A05,0,A00,A0,A0,E0,0,0,2009,1,7,6,,2,-1,1118
48027,4591,A05,0,A00,A0,A0,E0,0,0,2009,1,305,258,38,84,-47,1028
48029,4591,A05,0,A00,A0,A0,E0,0,0,2009,1,2643,2319,343,668,-325,1315
48035,4591,A05,0,A00,A0,A0,E0,0,0,2009,1,0,,,0,,
48037,4591,A05,0,A00,A0,A0,E0,0,0,2009,1,150,118,16,48,-32,1251
48039,4591,A05,0,A00,A0,A0,E0,0,0,2009,1,142,141,32,32,-1,2392
48041,4591,A05,0,A00,A0,A0,E0,0,0,2009,1,207,203,45,49,-4,867
48049,4591,A05,0,A00,A0,A0,E0,0,0,2009,1,11,12,,0,0,1162
48053,4591,A05,0,A00,A0,A0,E0,0,0,2009,1,,,,,,731
48057,4591,A05,0,A00,A0,A0,E0,0,0,2009,1,,,0,,,677
48059,4591,A05,0,A00,A0,A0,E0,0,0,2009,1,,,0,0,,851
48061,4591,A05,0,A00,A0,A0,E0,0,0,2009,1,260,198,23,85,-62,1135
48067,4591,A05,0,A00,A0,A0,E0,0,0,2009,1,,,0,0,,492
48069,4591,A05,0,A00,A0,A0,E0,0,0,2009,1,,,,,,51
48075,4591,A05,0,A00,A0,A0,E0,0,0,2009,1,,,,0,,575
48083,4591,A05,0,A00,A0,A0,E0,0,0,2009,1,,,0,0,,217
48085,4591,A05,0,A00,A0,A0,E0,0,0,2009,1,1503,1319,214,398,-184,1419
48089,4591,A05,0,A00,A0,A0,E0,0,0,2009,1,,,0,0,,814
48091,4591,A05,0,A00,A0,A0,E0,0,0,2009,1,111,115,25,21,4,1040
48097,4591,A05,0,A00,A0,A0,E0,0,0,2009,1,10,10,0,,0,1124
48099,4591,A05,0,A00,A0,A0,E0,0,0,2009,1,7,7,,,0,1117
48113,4591,A05,0,A00,A0,A0,E0,0,0,2009,1,4496,3930,573,1139,-567,1627
48117,4591,A05,0,A00,A0,A0,E0,0,0,2009,1,,,0,0,,2050
48121,4591,A05,0,A00,A0,A0,E0,0,0,2009,1,842,720,94,216,-122,1529
48123,4591,A05,0,A00,A0,A0,E0,0,0,2009,1,,,,,,880
48135,4591,A05,0,A00,A0,A0,E0,0,0,2009,1,206,201,30,35,-5,1733
48139,4591,A05,0,A00,A0,A0,E0,0,0,2009,1,393,275,40,158,-118,1239
48141,4591,A05,0,A00,A0,A0,E0,0,0,2009,1,1095,862,126,359,-233,1110
48143,4591,A05,0,A00,A0,A0,E0,0,0,2009,1,26,26,,,0,1026
48157,4591,A05,0,A00,A0,A0,E0,0,0,2009,1,614,556,95,152,-58,1483
48163,4591,A05,0,A00,A0,A0,E0,0,0,2009,1,,,,,,1556
48165,4591,A05,0,A00,A0,A0,E0,0,0,2009,1,,,,,,609
48167,4591,A05,0,A00,A0,A0,E0,0,0,2009,1,157,168,53,42,12,1111
48171,4591,A05,0,A00,A0,A0,E0,0,0,2009,1,23,22,4,4,0,772
48179,4591,A05,0,A00,A0,A0,E0,0,0,2009,1,18,19,,,1,1176
48181,4591,A05,0,A00,A0,A0,E0,0,0,2009,1,178,166,40,53,-12,1199
48183,4591,A05,0,A00,A0,A0,E0,0,0,2009,1,474,393,135,217,-82,1058
48187,4591,A05,0,A00,A0,A0,E0,0,0,2009,1,36,30,,7,-6,1471
48189,4591,A05,0,A00,A0,A0,E0,0,0,2009,1,7,7,,,0,1026
48199,4591,A05,0,A00,A0,A0,E0,0,0,2009,1,,,,,,2177
48201,4591,A05,0,A00,A0,A0,E0,0,0,2009,1,6085,5327,779,1536,-758,1401
48203,4591,A05,0,A00,A0,A0,E0,0,0,2009,1,62,67,12,7,5,1407
48207,4591,A05,0,A00,A0,A0,E0,0,0,2009,1,,,0,0,,1829
48209,4591,A05,0,A00,A0,A0,E0,0,0,2009,1,461,399,52,114,-62,1711
48213,4591,A05,0,A00,A0,A0,E0,0,0,2009,1,44,47,10,7,2,1994
48215,4591,A05,0,A00,A0,A0,E0,0,0,2009,1,670,507,71,234,-163,992
48217,4591,A05,0,A00,A0,A0,E0,0,0,2009,1,,,,,,510
48219,4591,A05,0,A00,A0,A0,E0,0,0,2009,1,12,12,,,0,893
48221,4591,A05,0,A00,A0,A0,E0,0,0,2009,1,22,30,12,4,8,1404
48223,4591,A05,0,A00,A0,A0,E0,0,0,2009,1,37,38,6,6,0,1486
48225,4591,A05,0,A00,A0,A0,E0,0,0,2009,1,,,,0,,1081
48227,4591,A05,0,A00,A0,A0,E0,0,0,2009,1,,,,,,459
48231,4591,A05,0,A00,A0,A0,E0,0,0,2009,1,54,56,9,6,3,1399
48233,4591,A05,0,A00,A0,A0,E0,0,0,2009,1,,,0,0,,2306
48241,4591,A05,0,A00,A0,A0,E0,0,0,2009,1,6,6,3,3,0,1362
48245,4591,A05,0,A00,A0,A0,E0,0,0,2009,1,260,232,44,73,-28,1444
48249,4591,A05,0,A00,A0,A0,E0,0,0,2009,1,,,,,,1063
48251,4591,A05,0,A00,A0,A0,E0,0,0,2009,1,84,78,8,15,-6,1190
48257,4591,A05,0,A00,A0,A0,E0,0,0,2009,1,43,36,12,19,-7,870
48259,4591,A05,0,A00,A0,A0,E0,0,0,2009,1,59,57,7,10,-3,1579
48265,4591,A05,0,A00,A0,A0,E0,0,0,2009,1,30,28,,4,-2,1105
48273,4591,A05,0,A00,A0,A0,E0,0,0,2009,1,9,9,,,0,887
48277,4591,A05,0,A00,A0,A0,E0,0,0,2009,1,24,24,4,3,0,1506
48281,4591,A05,0,A00,A0,A0,E0,0,0,2009,1,0,,,0,,
48285,4591,A05,0,A00,A0,A0,E0,0,0,2009,1,,,,0,,1145
48289,4591,A05,0,A00,A0,A0,E0,0,0,2009,1,,,0,0,,1229
48291,4591,A05,0,A00,A0,A0,E0,0,0,2009,1,,,,0,,1964
48293,4591,A05,0,A00,A0,A0,E0,0,0,2009,1,,,,,,1291
48299,4591,A05,0,A00,A0,A0,E0,0,0,2009,1,,,0,0,,111
48303,4591,A05,0,A00,A0,A0,E0,0,0,2009,1,509,433,60,136,-76,1269
48309,4591,A05,0,A00,A0,A0,E0,0,0,2009,1,227,209,41,59,-18,1130
48321,4591,A05,0,A00,A0,A0,E0,0,0,2009,1,15,14,,,-1,933
48323,4591,A05,0,A00,A0,A0,E0,0,0,2009,1,101,104,22,18,4,789
48325,4591,A05,0,A00,A0,A0,E0,0,0,2009,1,,,,0,,990
48329,4591,A05,0,A00,A0,A0,E0,0,0,2009,1,241,201,41,82,-40,1216
48331,4591,A05,0,A00,A0,A0,E0,0,0,2009,1,,,0,0,,746
48333,4591,A05,0,A00,A0,A0,E0,0,0,2009,1,0,0,,,0,
48339,4591,A05,0,A00,A0,A0,E0,0,0,2009,1,501,415,71,158,-86,1124
48341,4591,A05,0,A00,A0,A0,E0,0,0,2009,1,11,9,3,5,-2,841
48347,4591,A05,0,A00,A0,A0,E0,0,0,2009,1,79,73,11,17,-6,1389
48349,4591,A05,0,A00,A0,A0,E0,0,0,2009,1,84,80,10,14,-4,1297
48353,4591,A05,0,A00,A0,A0,E0,0,0,2009,1,,,,0,,1305
48355,4591,A05,0,A00,A0,A0,E0,0,0,2009,1,575,495,84,163,-79,1320
48361,4591,A05,0,A00,A0,A0,E0,0,0,2009,1,34,34,4,4,0,1429
48365,4591,A05,0,A00,A0,A0,E0,0,0,2009,1,,,,,,1017
48367,4591,A05,0,A00,A0,A0,E0,0,0,2009,1,87,81,11,17,-6,1791
48369,4591,A05,0,A00,A0,A0,E0,0,0,2009,1,,,0,0,,828
48371,4591,A05,0,A00,A0,A0,E0,0,0,2009,1,,,,,,1101
48373,4591,A05,0,A00,A0,A0,E0,0,0,2009,1,9,7,,3,-2,1310
48375,4591,A05,0,A00,A0,A0,E0,0,0,2009,1,368,291,62,139,-77,1125
48379,4591,A05,0,A00,A0,A0,E0,0,0,2009,1,,,0,,,959
48381,4591,A05,0,A00,A0,A0,E0,0,0,2009,1,210,206,31,35,-4,1294
48395,4591,A05,0,A00,A0,A0,E0,0,0,2009,1,,,0,0,,3004
48397,4591,A05,0,A00,A0,A0,E0,0,0,2009,1,151,140,27,38,-11,1129
48399,4591,A05,0,A00,A0,A0,E0,0,0,2009,1,,,0,0,,33
48401,4591,A05,0,A00,A0,A0,E0,0,0,2009,1,,,0,0,,1074
48407,4591,A05,0,A00,A0,A0,E0,0,0,2009,1,0,,,0,,
48409,4591,A05,0,A00,A0,A0,E0,0,0,2009,1,23,21,,4,-2,919
48419,4591,A05,0,A00,A0,A0,E0,0,0,2009,1,,,,,,1840
48423,4591,A05,0,A00,A0,A0,E0,0,0,2009,1,313,278,46,82,-35,1326
48425,4591,A05,0,A00,A0,A0,E0,0,0,2009,1,,,,,,606
48427,4591,A05,0,A00,A0,A0,E0,0,0,2009,1,,,,,,985
48439,4591,A05,0,A00,A0,A0,E0,0,0,2009,1,3598,3102,367,862,-495,1779
48441,4591,A05,0,A00,A0,A0,E0,0,0,2009,1,173,152,28,49,-21,993
48449,4591,A05,0,A00,A0,A0,E0,0,0,2009,1,,,0,,,1610
48451,4591,A05,0,A00,A0,A0,E0,0,0,2009,1,128,120,22,30,-8,1206
48453,4591,A05,0,A00,A0,A0,E0,0,0,2009,1,1859,1699,230,390,-160,1494
48459,4591,A05,0,A00,A0,A0,E0,0,0,2009,1,,,,0,,1310
48463,4591,A05,0,A00,A0,A0,E0,0,0,2009,1,61,51,3,13,-10,1031
48465,4591,A05,0,A00,A0,A0,E0,0,0,2009,1,12,11,,,-1,2391
48467,4591,A05,0,A00,A0,A0,E0,0,0,2009,1,11,13,,0,2,1682
48469,4591,A05,0,A00,A0,A0,E0,0,0,2009,1,145,137,32,40,-9,1008
48471,4591,A05,0,A00,A0,A0,E0,0,0,2009,1,17,14,,5,-3,800
48475,4591,A05,0,A00,A0,A0,E0,0,0,2009,1,,,,,,1433
48477,4591,A05,0,A00,A0,A0,E0,0,0,2009,1,17,19,6,4,2,648
48479,4591,A05,0,A00,A0,A0,E0,0,0,2009,1,282,209,21,93,-72,1001
48481,4591,A05,0,A00,A0,A0,E0,0,0,2009,1,27,27,4,3,1,2122
48485,4591,A05,0,A00,A0,A0,E0,0,0,2009,1,168,144,16,39,-24,1308
48487,4591,A05,0,A00,A0,A0,E0,0,0,2009,1,,,,,,934
48491,4591,A05,0,A00,A0,A0,E0,0,0,2009,1,616,527,73,163,-89,1205
48497,4591,A05,0,A00,A0,A0,E0,0,0,2009,1,,,,,,791
48499,4591,A05,0,A00,A0,A0,E0,0,0,2009,1,,,,,,1900
48503,4591,A05,0,A00,A0,A0,E0,0,0,2009,1,,,,0,,834
48505,4591,A05,0,A00,A0,A0,E0,0,0,2009,1,,0,0,,,578
48,4591,A05,0,A00,A0,A0,E0,0,0,2009,1,32924,28726,4377,8575,-4198,1415
48001,4591,A05,0,A00,A0,A0,E0,0,0,2009,2,12,13,2,,1,1582
48003,4591,A05,0,A00,A0,A0,E0,0,0,2009,2,,,0,0,,3943
48005,4591,A05,0,A00,A0,A0,E0,0,0,2009,2,39,43,4,,4,1982
48007,4591,A05,0,A00,A0,A0,E0,0,0,2009,2,20,21,5,4,1,1610
48013,4591,A05,0,A00,A0,A0,E0,0,0,2009,2,,,0,0,,1384
48015,4591,A05,0,A00,A0,A0,E0,0,0,2009,2,,,,0,,2636
48017,4591,A05,0,A00,A0,A0,E0,0,0,2009,2,,,0,,,122
48019,4591,A05,0,A00,A0,A0,E0,0,0,2009,2,,,0,0,,1764
48021,4591,A05,0,A00,A0,A0,E0,0,0,2009,2,,,0,0,,1057
48023,4591,A05,0,A00,A0,A0,E0,0,0,2009,2,,0,0,,,909
48025,4591,A05,0,A00,A0,A0,E0,0,0,2009,2,,,0,0,,1323
48027,4591,A05,0,A00,A0,A0,E0,0,0,2009,2,258,263,54,49,5,1229
48029,4591,A05,0,A00,A0,A0,E0,0,0,2009,2,2321,2249,360,431,-72,1475
48035,4591,A05,0,A00,A0,A0,E0,0,0,2009,2,,,0,0,,899
48037,4591,A05,0,A00,A0,A0,E0,0,0,2009,2,118,127,29,20,9,1341
48039,4591,A05,0,A00,A0,A0,E0,0,0,2009,2,141,134,23,31,-7,2757
48041,4591,A05,0,A00,A0,A0,E0,0,0,2009,2,203,200,50,53,-3,939
48049,4591,A05,0,A00,A0,A0,E0,0,0,2009,2,12,11,,,0,1185
48053,4591,A05,0,A00,A0,A0,E0,0,0,2009,2,,,,,,1895
48057,4591,A05,0,A00,A0,A0,E0,0,0,2009,2,,,,,,634
48059,4591,A05,0,A00,A0,A0,E0,0,0,2009,2,,,0,0,,905
48061,4591,A05,0,A00,A0,A0,E0,0,0,2009,2,198,207,43,35,9,1403
48067,4591,A05,0,A00,A0,A0,E0,0,0,2009,2,,,0,,,606
48069,4591,A05,0,A00,A0,A0,E0,0,0,2009,2,,,,0,,440
48075,4591,A05,0,A00,A0,A0,E0,0,0,2009,2,,,0,,,271
48083,4591,A05,0,A00,A0,A0,E0,0,0,2009,2,,,0,0,,217
48085,4591,A05,0,A00,A0,A0,E0,0,0,2009,2,1319,1306,216,229,-13,1603
48089,4591,A05,0,A00,A0,A0,E0,0,0,2009,2,,,0,0,,726
48091,4591,A05,0,A00,A0,A0,E0,0,0,2009,2,110,131,46,25,21,1091
48097,4591,A05,0,A00,A0,A0,E0,0,0,2009,2,10,11,,,1,1100
48099,4591,A05,0,A00,A0,A0,E0,0,0,2009,2,7,8,,0,1,1391
48113,4591,A05,0,A00,A0,A0,E0,0,0,2009,2,3951,4031,786,707,80,1790
48115,4591,A05,0,A00,A0,A0,E0,0,0,2009,2,0,,,0,,
48117,4591,A05,0,A00,A0,A0,E0,0,0,2009,2,,,,0,,1987
48121,4591,A05,0,A00,A0,A0,E0,0,0,2009,2,720,618,121,223,-102,1563
48123,4591,A05,0,A00,A0,A0,E0,0,0,2009,2,,,0,0,,1192
48135,4591,A05,0,A00,A0,A0,E0,0,0,2009,2,201,190,29,39,-11,1764
48139,4591,A05,0,A00,A0,A0,E0,0,0,2009,2,275,272,44,48,-4,1702
48141,4591,A05,0,A00,A0,A0,E0,0,0,2009,2,862,844,166,185,-19,1311
48143,4591,A05,0,A00,A0,A0,E0,0,0,2009,2,26,28,6,4,3,1030
48157,4591,A05,0,A00,A0,A0,E0,0,0,2009,2,558,541,81,98,-17,1691
48163,4591,A05,0,A00,A0,A0,E0,0,0,2009,2,,,0,,,1461
48165,4591,A05,0,A00,A0,A0,E0,0,0,2009,2,,,,,,554
48167,4591,A05,0,A00,A0,A0,E0,0,0,2009,2,168,191,55,32,23,1275
48171,4591,A05,0,A00,A0,A0,E0,0,0,2009,2,22,21,3,4,-1,867
48179,4591,A05,0,A00,A0,A0,E0,0,0,2009,2,19,24,8,3,5,1241
48181,4591,A05,0,A00,A0,A0,E0,0,0,2009,2,166,180,48,33,14,1333
48183,4591,A05,0,A00,A0,A0,E0,0,0,2009,2,393,320,138,210,-73,1108
48187,4591,A05,0,A00,A0,A0,E0,0,0,2009,2,30,30,,3,0,1386
48189,4591,A05,0,A00,A0,A0,E0,0,0,2009,2,7,9,3,,2,1318
48199,4591,A05,0,A00,A0,A0,E0,0,0,2009,2,,,,,,1357
48201,4591,A05,0,A00,A0,A0,E0,0,0,2009,2,5321,5274,922,969,-47,1565
48203,4591,A05,0,A00,A0,A0,E0,0,0,2009,2,67,66,7,9,-2,1531
48207,4591,A05,0,A00,A0,A0,E0,0,0,2009,2,,,0,0,,2021
48209,4591,A05,0,A00,A0,A0,E0,0,0,2009,2,400,367,31,64,-33,1665
48213,4591,A05,0,A00,A0,A0,E0,0,0,2009,2,46,51,12,8,5,1914
48215,4591,A05,0,A00,A0,A0,E0,0,0,2009,2,500,509,108,99,9,1299
48217,4591,A05,0,A00,A0,A0,E0,0,0,2009,2,,,,,,1091
48219,4591,A05,0,A00,A0,A0,E0,0,0,2009,2,12,15,5,,4,955
48221,4591,A05,0,A00,A0,A0,E0,0,0,2009,2,30,32,5,3,2,1133
48223,4591,A05,0,A00,A0,A0,E0,0,0,2009,2,38,36,4,5,-1,1550
48225,4591,A05,0,A00,A0,A0,E0,0,0,2009,2,,,,0,,1378
48227,4591,A05,0,A00,A0,A0,E0,0,0,2009,2,,,,,,682
48231,4591,A05,0,A00,A0,A0,E0,0,0,2009,2,56,50,3,9,-6,1495
48233,4591,A05,0,A00,A0,A0,E0,0,0,2009,2,,,,0,,2419
48241,4591,A05,0,A00,A0,A0,E0,0,0,2009,2,6,6,4,4,0,1021
48245,4591,A05,0,A00,A0,A0,E0,0,0,2009,2,232,246,48,33,14,1887
48249,4591,A05,0,A00,A0,A0,E0,0,0,2009,2,,,,,,1261
48251,4591,A05,0,A00,A0,A0,E0,0,0,2009,2,78,79,14,13,1,1308
48257,4591,A05,0,A00,A0,A0,E0,0,0,2009,2,36,37,18,17,1,980
48259,4591,A05,0,A00,A0,A0,E0,0,0,2009,2,35,35,8,9,-1,1536
48265,4591,A05,0,A00,A0,A0,E0,0,0,2009,2,28,28,,,0,1209
48273,4591,A05,0,A00,A0,A0,E0,0,0,2009,2,9,10,,,1,1126
48277,4591,A05,0,A00,A0,A0,E0,0,0,2009,2,24,26,5,3,2,1620
48281,4591,A05,0,A00,A0,A0,E0,0,0,2009,2,,,,,,232
48285,4591,A05,0,A00,A0,A0,E0,0,0,2009,2,,,0,,,1251
48289,4591,A05,0,A00,A0,A0,E0,0,0,2009,2,,,0,,,1367
48291,4591,A05,0,A00,A0,A0,E0,0,0,2009,2,,,,,,1608
48293,4591,A05,0,A00,A0,A0,E0,0,0,2009,2,,,,0,,1516
48299,4591,A05,0,A00,A0,A0,E0,0,0,2009,2,,,,0,,145
48303,4591,A05,0,A00,A0,A0,E0,0,0,2009,2,433,450,103,86,17,1433
48307,4591,A05,0,A00,A0,A0,E0,0,0,2009,2,0,,,0,,
48309,4591,A05,0,A00,A0,A0,E0,0,0,2009,2,209,212,43,41,3,1276
48321,4591,A05,0,A00,A0,A0,E0,0,0,2009,2,14,16,,0,2,1022
48323,4591,A05,0,A00,A0,A0,E0,0,0,2009,2,104,103,16,17,-1,799
48325,4591,A05,0,A00,A0,A0,E0,0,0,2009,2,,,,,,619
48329,4591,A05,0,A00,A0,A0,E0,0,0,2009,2,201,214,68,54,14,1447
48331,4591,A05,0,A00,A0,A0,E0,0,0,2009,2,,,0,0,,889
48339,4591,A05,0,A00,A0,A0,E0,0,0,2009,2,415,415,90,90,0,1478
48341,4591,A05,0,A00,A0,A0,E0,0,0,2009,2,9,14,5,,5,1259
48347,4591,A05,0,A00,A0,A0,E0,0,0,2009,2,73,72,11,11,-1,1405
48349,4591,A05,0,A00,A0,A0,E0,0,0,2009,2,80,78,9,11,-3,1545
48353,4591,A05,0,A00,A0,A0,E0,0,0,2009,2,,,,0,,1316
48355,4591,A05,0,A00,A0,A0,E0,0,0,2009,2,497,486,73,84,-11,1522
48361,4591,A05,0,A00,A0,A0,E0,0,0,2009,2,34,43,17,7,10,1713
48365,4591,A05,0,A00,A0,A0,E0,0,0,2009,2,,,,,,1024
48367,4591,A05,0,A00,A0,A0,E0,0,0,2009,2,81,83,14,12,2,1878
48369,4591,A05,0,A00,A0,A0,E0,0,0,2009,2,,,0,0,,977
48371,4591,A05,0,A00,A0,A0,E0,0,0,2009,2,,,,,,647
48373,4591,A05,0,A00,A0,A0,E0,0,0,2009,2,7,9,2,,2,1489
48375,4591,A05,0,A00,A0,A0,E0,0,0,2009,2,305,297,68,76,-8,1292
48379,4591,A05,0,A00,A0,A0,E0,0,0,2009,2,,,0,0,,1313
48381,4591,A05,0,A00,A0,A0,E0,0,0,2009,2,206,205,51,52,-1,1349
48395,4591,A05,0,A00,A0,A0,E0,0,0,2009,2,,,0,0,,3032
48397,4591,A05,0,A00,A0,A0,E0,0,0,2009,2,140,128,29,41,-12,1209
48399,4591,A05,0,A00,A0,A0,E0,0,0,2009,2,,0,0,,,19
48401,4591,A05,0,A00,A0,A0,E0,0,0,2009,2,,,,0,,1302
48407,4591,A05,0,A00,A0,A0,E0,0,0,2009,2,,,,0,,559
48409,4591,A05,0,A00,A0,A0,E0,0,0,2009,2,21,21,,,0,1121
48419,4591,A05,0,A00,A0,A0,E0,0,0,2009,2,,,,,,1918
48423,4591,A05,0,A00,A0,A0,E0,0,0,2009,2,278,270,42,50,-8,1444
48425,4591,A05,0,A00,A0,A0,E0,0,0,2009,2,,,,,,666
48427,4591,A05,0,A00,A0,A0,E0,0,0,2009,2,,,,,,1169
48439,4591,A05,0,A00,A0,A0,E0,0,0,2009,2,3098,3050,495,543,-48,1857
48441,4591,A05,0,A00,A0,A0,E0,0,0,2009,2,132,128,30,33,-3,1210
48449,4591,A05,0,A00,A0,A0,E0,0,0,2009,2,6,6,33,33,0,1698
48451,4591,A05,0,A00,A0,A0,E0,0,0,2009,2,120,120,27,27,0,1310
48453,4591,A05,0,A00,A0,A0,E0,0,0,2009,2,1698,1713,286,271,15,1601
48459,4591,A05,0,A00,A0,A0,E0,0,0,2009,2,,,,,,1224
48463,4591,A05,0,A00,A0,A0,E0,0,0,2009,2,51,53,8,6,2,1035
48465,4591,A05,0,A00,A0,A0,E0,0,0,2009,2,11,12,,,1,1215
48467,4591,A05,0,A00,A0,A0,E0,0,0,2009,2,13,13,,0,0,1882
48469,4591,A05,0,A00,A0,A0,E0,0,0,2009,2,137,135,28,30,-2,1046
48471,4591,A05,0,A00,A0,A0,E0,0,0,2009,2,14,16,4,2,2,1023
48475,4591,A05,0,A00,A0,A0,E0,0,0,2009,2,,,,,,1599
48477,4591,A05,0,A00,A0,A0,E0,0,0,2009,2,19,21,6,3,2,641
48479,4591,A05,0,A00,A0,A0,E0,0,0,2009,2,209,204,23,28,-6,1161
48481,4591,A05,0,A00,A0,A0,E0,0,0,2009,2,27,26,4,5,-1,2129
48485,4591,A05,0,A00,A0,A0,E0,0,0,2009,2,144,145,26,26,1,1462
48487,4591,A05,0,A00,A0,A0,E0,0,0,2009,2,,,,0,,1125
48491,4591,A05,0,A00,A0,A0,E0,0,0,2009,2,535,507,61,88,-27,1325
48497,4591,A05,0,A00,A0,A0,E0,0,0,2009,2,,,,,,1102
48499,4591,A05,0,A00,A0,A0,E0,0,0,2009,2,,,,,,2048
48503,4591,A05,0,A00,A0,A0,E0,0,0,2009,2,,,,0,,935
48,4591,A05,0,A00,A0,A0,E0,0,0,2009,2,28709,28467,5277,5519,-242,1567
48001,4591,A05,0,A00,A0,A0,E0,0,0,2009,3,13,15,3,,2,1360
48003,4591,A05,0,A00,A0,A0,E0,0,0,2009,3,,,0,0,,3943
48005,4591,A05,0,A00,A0,A0,E0,0,0,2009,3,43,42,4,5,-1,1834
48007,4591,A05,0,A00,A0,A0,E0,0,0,2009,3,21,22,,,0,1646
48013,4591,A05,0,A00,A0,A0,E0,0,0,2009,3,,,0,0,,1393
48015,4591,A05,0,A00,A0,A0,E0,0,0,2009,3,,,0,0,,1748
48017,4591,A05,0,A00,A0,A0,E0,0,0,2009,3,,0,0,,,389
48019,4591,A05,0,A00,A0,A0,E0,0,0,2009,3,,,0,0,,1804
48021,4591,A05,0,A00,A0,A0,E0,0,0,2009,3,4,11,8,,7,956
48025,4591,A05,0,A00,A0,A0,E0,0,0,2009,3,,,,,,1167
48027,4591,A05,0,A00,A0,A0,E0,0,0,2009,3,264,261,53,56,-3,1182
48029,4591,A05,0,A00,A0,A0,E0,0,0,2009,3,2248,2196,394,446,-52,1507
48035,4591,A05,0,A00,A0,A0,E0,0,0,2009,3,,0,0,,,899
48037,4591,A05,0,A00,A0,A0,E0,0,0,2009,3,127,124,27,31,-4,1151
48039,4591,A05,0,A00,A0,A0,E0,0,0,2009,3,134,147,45,31,13,2731
48041,4591,A05,0,A00,A0,A0,E0,0,0,2009,3,200,199,47,47,0,985
48049,4591,A05,0,A00,A0,A0,E0,0,0,2009,3,11,14,4,,2,1006
48053,4591,A05,0,A00,A0,A0,E0,0,0,2009,3,,,,0,,906
48057,4591,A05,0,A00,A0,A0,E0,0,0,2009,3,,,,0,,995
48059,4591,A05,0,A00,A0,A0,E0,0,0,2009,3,,,0,,,1193
48061,4591,A05,0,A00,A0,A0,E0,0,0,2009,3,207,227,61,41,20,1883
48067,4591,A05,0,A00,A0,A0,E0,0,0,2009,3,,,0,,,562
48069,4591,A05,0,A00,A0,A0,E0,0,0,2009,3,,,,0,,522
48075,4591,A05,0,A00,A0,A0,E0,0,0,2009,3,,,0,,,340
48083,4591,A05,0,A00,A0,A0,E0,0,0,2009,3,,,0,0,,217
48085,4591,A05,0,A00,A0,A0,E0,0,0,2009,3,1300,1324,297,274,24,1550
48089,4591,A05,0,A00,A0,A0,E0,0,0,2009,3,,,0,0,,1007
48091,4591,A05,0,A00,A0,A0,E0,0,0,2009,3,131,117,27,41,-14,1057
48097,4591,A05,0,A00,A0,A0,E0,0,0,2009,3,11,11,,,1,971
48099,4591,A05,0,A00,A0,A0,E0,0,0,2009,3,8,11,3,0,3,1090
48113,4591,A05,0,A00,A0,A0,E0,0,0,2009,3,4038,4075,888,851,37,1766
48115,4591,A05,0,A00,A0,A0,E0,0,0,2009,3,,,,,,352
48117,4591,A05,0,A00,A0,A0,E0,0,0,2009,3,,,,0,,1786
48121,4591,A05,0,A00,A0,A0,E0,0,0,2009,3,620,628,144,136,9,1487
48123,4591,A05,0,A00,A0,A0,E0,0,0,2009,3,,,0,0,,1231
48135,4591,A05,0,A00,A0,A0,E0,0,0,2009,3,191,197,32,27,5,1786
48139,4591,A05,0,A00,A0,A0,E0,0,0,2009,3,272,302,91,60,30,1711
48141,4591,A05,0,A00,A0,A0,E0,0,0,2009,3,844,842,209,211,-2,1348
48143,4591,A05,0,A00,A0,A0,E0,0,0,2009,3,28,35,13,7,6,877
48157,4591,A05,0,A00,A0,A0,E0,0,0,2009,3,537,536,108,109,-1,1688
48163,4591,A05,0,A00,A0,A0,E0,0,0,2009,3,,,,0,,2006
48165,4591,A05,0,A00,A0,A0,E0,0,0,2009,3,,,,,,631
48167,4591,A05,0,A00,A0,A0,E0,0,0,2009,3,190,187,71,73,-2,1168
48171,4591,A05,0,A00,A0,A0,E0,0,0,2009,3,21,25,6,3,4,880
48179,4591,A05,0,A00,A0,A0,E0,0,0,2009,3,24,23,5,5,0,1212
48181,4591,A05,0,A00,A0,A0,E0,0,0,2009,3,180,187,48,40,7,1267
48183,4591,A05,0,A00,A0,A0,E0,0,0,2009,3,320,204,104,220,-117,1173
48187,4591,A05,0,A00,A0,A0,E0,0,0,2009,3,30,32,6,4,2,1235
48189,4591,A05,0,A00,A0,A0,E0,0,0,2009,3,9,11,2,,2,1144
48199,4591,A05,0,A00,A0,A0,E0,0,0,2009,3,,,,,,1276
48201,4591,A05,0,A00,A0,A0,E0,0,0,2009,3,5274,5311,1143,1105,38,1565
48203,4591,A05,0,A00,A0,A0,E0,0,0,2009,3,66,64,8,9,-1,1368
48207,4591,A05,0,A00,A0,A0,E0,0,0,2009,3,,,0,0,,2177
48209,4591,A05,0,A00,A0,A0,E0,0,0,2009,3,365,393,75,47,28,1984
48213,4591,A05,0,A00,A0,A0,E0,0,0,2009,3,50,50,12,12,0,1943
48215,4591,A05,0,A00,A0,A0,E0,0,0,2009,3,508,508,104,105,0,1316
48217,4591,A05,0,A00,A0,A0,E0,0,0,2009,3,,,,,,867
48219,4591,A05,0,A00,A0,A0,E0,0,0,2009,3,15,15,4,5,0,886
48221,4591,A05,0,A00,A0,A0,E0,0,0,2009,3,32,23,4,13,-9,997
48223,4591,A05,0,A00,A0,A0,E0,0,0,2009,3,36,39,7,4,3,1673
48225,4591,A05,0,A00,A0,A0,E0,0,0,2009,3,,,,0,,1104
48227,4591,A05,0,A00,A0,A0,E0,0,0,2009,3,,,,,,665
48231,4591,A05,0,A00,A0,A0,E0,0,0,2009,3,50,55,9,4,5,1513
48233,4591,A05,0,A00,A0,A0,E0,0,0,2009,3,,,,,,1930
48241,4591,A05,0,A00,A0,A0,E0,0,0,2009,3,6,6,4,5,0,1247
48245,4591,A05,0,A00,A0,A0,E0,0,0,2009,3,245,242,42,46,-4,1634
48249,4591,A05,0,A00,A0,A0,E0,0,0,2009,3,,,,0,,1167
48251,4591,A05,0,A00,A0,A0,E0,0,0,2009,3,79,83,15,10,5,1342
48257,4591,A05,0,A00,A0,A0,E0,0,0,2009,3,37,42,16,11,5,1123
48259,4591,A05,0,A00,A0,A0,E0,0,0,2009,3,35,37,14,12,3,1285
48265,4591,A05,0,A00,A0,A0,E0,0,0,2009,3,28,29,2,,1,1122
48267,4591,A05,0,A00,A0,A0,E0,0,0,2009,3,0,,,0,,
48273,4591,A05,0,A00,A0,A0,E0,0,0,2009,3,10,11,3,,2,974
48277,4591,A05,0,A00,A0,A0,E0,0,0,2009,3,26,27,5,4,1,1358
48281,4591,A05,0,A00,A0,A0,E0,0,0,2009,3,,,0,0,,1103
48285,4591,A05,0,A00,A0,A0,E0,0,0,2009,3,,,,,,1471
48289,4591,A05,0,A00,A0,A0,E0,0,0,2009,3,,,0,0,,1610
48291,4591,A05,0,A00,A0,A0,E0,0,0,2009,3,,,,0,,1300
48293,4591,A05,0,A00,A0,A0,E0,0,0,2009,3,,,,,,1221
48299,4591,A05,0,A00,A0,A0,E0,0,0,2009,3,,,0,,,114
48303,4591,A05,0,A00,A0,A0,E0,0,0,2009,3,449,434,107,121,-14,1440
48307,4591,A05,0,A00,A0,A0,E0,0,0,2009,3,,,,,,1105
48309,4591,A05,0,A00,A0,A0,E0,0,0,2009,3,211,213,56,54,2,1232
48321,4591,A05,0,A00,A0,A0,E0,0,0,2009,3,16,17,3,,1,930
48323,4591,A05,0,A00,A0,A0,E0,0,0,2009,3,103,107,18,14,4,801
48325,4591,A05,0,A00,A0,A0,E0,0,0,2009,3,,,0,,,590
48329,4591,A05,0,A00,A0,A0,E0,0,0,2009,3,214,224,68,59,9,1499
48331,4591,A05,0,A00,A0,A0,E0,0,0,2009,3,,,0,0,,692
48339,4591,A05,0,A00,A0,A0,E0,0,0,2009,3,416,403,89,102,-13,1421
48341,4591,A05,0,A00,A0,A0,E0,0,0,2009,3,14,15,4,2,2,828
48347,4591,A05,0,A00,A0,A0,E0,0,0,2009,3,72,76,9,5,4,1481
48349,4591,A05,0,A00,A0,A0,E0,0,0,2009,3,78,76,12,14,-2,1342
48353,4591,A05,0,A00,A0,A0,E0,0,0,2009,3,,,,0,,1106
48355,4591,A05,0,A00,A0,A0,E0,0,0,2009,3,485,494,90,82,9,1585
48361,4591,A05,0,A00,A0,A0,E0,0,0,2009,3,43,39,3,7,-4,1453
48365,4591,A05,0,A00,A0,A0,E0,0,0,2009,3,,,,,,719
48367,4591,A05,0,A00,A0,A0,E0,0,0,2009,3,83,89,22,15,6,1683
48369,4591,A05,0,A00,A0,A0,E0,0,0,2009,3,,,0,0,,1257
48371,4591,A05,0,A00,A0,A0,E0,0,0,2009,3,,,0,0,,1087
48373,4591,A05,0,A00,A0,A0,E0,0,0,2009,3,9,13,4,0,4,1171
48375,4591,A05,0,A00,A0,A0,E0,0,0,2009,3,296,297,56,55,0,1370
48379,4591,A05,0,A00,A0,A0,E0,0,0,2009,3,,,0,0,,1175
48381,4591,A05,0,A00,A0,A0,E0,0,0,2009,3,207,203,32,37,-4,1469
48395,4591,A05,0,A00,A0,A0,E0,0,0,2009,3,,,0,0,,3159
48397,4591,A05,0,A00,A0,A0,E0,0,0,2009,3,128,123,33,37,-5,1199
48401,4591,A05,0,A00,A0,A0,E0,0,0,2009,3,,,,0,,1103
48407,4591,A05,0,A00,A0,A0,E0,0,0,2009,3,,,0,,,319
48409,4591,A05,0,A00,A0,A0,E0,0,0,2009,3,21,23,3,,2,1039
48419,4591,A05,0,A00,A0,A0,E0,0,0,2009,3,,,,,,2261
48423,4591,A05,0,A00,A0,A0,E0,0,0,2009,3,270,269,56,56,-1,1523
48425,4591,A05,0,A00,A0,A0,E0,0,0,2009,3,,,,,,812
48427,4591,A05,0,A00,A0,A0,E0,0,0,2009,3,,,,,,1011
48439,4591,A05,0,A00,A0,A0,E0,0,0,2009,3,3040,3029,580,591,-11,1840
48441,4591,A05,0,A00,A0,A0,E0,0,0,2009,3,128,134,37,32,5,1210
48449,4591,A05,0,A00,A0,A0,E0,0,0,2009,3,,,,0,,1561
48451,4591,A05,0,A00,A0,A0,E0,0,0,2009,3,121,124,35,33,2,1393
48453,4591,A05,0,A00,A0,A0,E0,0,0,2009,3,1719,1736,343,327,16,1617
48459,4591,A05,0,A00,A0,A0,E0,0,0,2009,3,,,,,,1224
48463,4591,A05,0,A00,A0,A0,E0,0,0,2009,3,53,53,15,15,0,1037
48465,4591,A05,0,A00,A0,A0,E0,0,0,2009,3,12,13,4,4,1,967
48467,4591,A05,0,A00,A0,A0,E0,0,0,2009,3,13,17,5,,4,1715
48469,4591,A05,0,A00,A0,A0,E0,0,0,2009,3,135,138,32,28,3,1116
48471,4591,A05,0,A00,A0,A0,E0,0,0,2009,3,16,15,6,7,-1,1100
48475,4591,A05,0,A00,A0,A0,E0,0,0,2009,3,,,,,,983
48477,4591,A05,0,A00,A0,A0,E0,0,0,2009,3,21,20,2,4,-1,782
48479,4591,A05,0,A00,A0,A0,E0,0,0,2009,3,204,192,27,38,-11,1244
48481,4591,A05,0,A00,A0,A0,E0,0,0,2009,3,26,32,8,,5,2429
48485,4591,A05,0,A00,A0,A0,E0,0,0,2009,3,145,144,27,27,0,1760
48487,4591,A05,0,A00,A0,A0,E0,0,0,2009,3,,,,0,,888
48491,4591,A05,0,A00,A0,A0,E0,0,0,2009,3,508,517,93,84,8,1336
48497,4591,A05,0,A00,A0,A0,E0,0,0,2009,3,,,,,,929
48499,4591,A05,0,A00,A0,A0,E0,0,0,2009,3,,,,,,1879
48503,4591,A05,0,A00,A0,A0,E0,0,0,2009,3,,,,0,,859
48,4591,A05,0,A00,A0,A0,E0,0,0,2009,3,28459,28548,6138,6049,89,1569
48001,4591,A05,0,A00,A0,A0,E0,0,0,2009,4,15,17,6,4,2,1458
48003,4591,A05,0,A00,A0,A0,E0,0,0,2009,4,,,0,0,,5070
48005,4591,A05,0,A00,A0,A0,E0,0,0,2009,4,41,40,7,8,-1,2011
48007,4591,A05,0,A00,A0,A0,E0,0,0,2009,4,22,23,3,,1,1378
48013,4591,A05,0,A00,A0,A0,E0,0,0,2009,4,,,0,0,,1097
48015,4591,A05,0,A00,A0,A0,E0,0,0,2009,4,,,0,0,,2234
48019,4591,A05,0,A00,A0,A0,E0,0,0,2009,4,,,0,0,,1684
48021,4591,A05,0,A00,A0,A0,E0,0,0,2009,4,11,9,0,,-1,1218
48025,4591,A05,0,A00,A0,A0,E0,0,0,2009,4,,,,,,1154
48027,4591,A05,0,A00,A0,A0,E0,0,0,2009,4,261,294,111,78,33,1487
48029,4591,A05,0,A00,A0,A0,E0,0,0,2009,4,2197,2377,811,631,180,1722
48037,4591,A05,0,A00,A0,A0,E0,0,0,2009,4,124,134,96,85,11,1465
48039,4591,A05,0,A00,A0,A0,E0,0,0,2009,4,147,155,49,41,8,3068
48041,4591,A05,0,A00,A0,A0,E0,0,0,2009,4,199,202,80,77,3,1126
48049,4591,A05,0,A00,A0,A0,E0,0,0,2009,4,14,14,2,,0,1175
48053,4591,A05,0,A00,A0,A0,E0,0,0,2009,4,,,,,,558
48057,4591,A05,0,A00,A0,A0,E0,0,0,2009,4,,,0,0,,824
48059,4591,A05,0,A00,A0,A0,E0,0,0,2009,4,,,,0,,2885
48061,4591,A05,0,A00,A0,A0,E0,0,0,2009,4,223,238,71,56,15,1291
48067,4591,A05,0,A00,A0,A0,E0,0,0,2009,4,,,,0,,1024
48069,4591,A05,0,A00,A0,A0,E0,0,0,2009,4,,,,,,562
48075,4591,A05,0,A00,A0,A0,E0,0,0,2009,4,,0,0,,,130
48083,4591,A05,0,A00,A0,A0,E0,0,0,2009,4,,,0,0,,217
48085,4591,A05,0,A00,A0,A0,E0,0,0,2009,4,1330,1465,619,485,135,1792
48089,4591,A05,0,A00,A0,A0,E0,0,0,2009,4,4,4,,3,-1,1060
48091,4591,A05,0,A00,A0,A0,E0,0,0,2009,4,117,112,23,28,-6,1180
48097,4591,A05,0,A00,A0,A0,E0,0,0,2009,4,11,13,4,2,1,1038
48099,4591,A05,0,A00,A0,A0,E0,0,0,2009,4,13,12,3,3,0,936
48113,4591,A05,0,A00,A0,A0,E0,0,0,2009,4,4071,4339,1357,1089,268,2011
48115,4591,A05,0,A00,A0,A0,E0,0,0,2009,4,,0,0,,,1011
48117,4591,A05,0,A00,A0,A0,E0,0,0,2009,4,,,,0,,1662
48121,4591,A05,0,A00,A0,A0,E0,0,0,2009,4,629,697,253,185,68,1739
48123,4591,A05,0,A00,A0,A0,E0,0,0,2009,4,,,0,0,,1268
48135,4591,A05,0,A00,A0,A0,E0,0,0,2009,4,196,209,55,42,13,2181
48139,4591,A05,0,A00,A0,A0,E0,0,0,2009,4,302,339,291,254,37,1787
48141,4591,A05,0,A00,A0,A0,E0,0,0,2009,4,831,893,419,357,61,1517
48143,4591,A05,0,A00,A0,A0,E0,0,0,2009,4,35,34,11,12,-1,1040
48157,4591,A05,0,A00,A0,A0,E0,0,0,2009,4,534,610,260,184,76,1893
48163,4591,A05,0,A00,A0,A0,E0,0,0,2009,4,,,,,,1795
48165,4591,A05,0,A00,A0,A0,E0,0,0,2009,4,,,,,,836
48167,4591,A05,0,A00,A0,A0,E0,0,0,2009,4,187,185,45,47,-2,1405
48171,4591,A05,0,A00,A0,A0,E0,0,0,2009,4,25,27,7,5,2,922
48179,4591,A05,0,A00,A0,A0,E0,0,0,2009,4,23,23,,,-1,1195
48181,4591,A05,0,A00,A0,A0,E0,0,0,2009,4,187,206,89,69,19,1458
48183,4591,A05,0,A00,A0,A0,E0,0,0,2009,4,204,217,97,84,13,2139
48187,4591,A05,0,A00,A0,A0,E0,0,0,2009,4,32,38,15,9,6,1386
48189,4591,A05,0,A00,A0,A0,E0,0,0,2009,4,11,12,5,4,1,1214
48199,4591,A05,0,A00,A0,A0,E0,0,0,2009,4,,,,,,1611
48201,4591,A05,0,A00,A0,A0,E0,0,0,2009,4,5305,5743,2124,1687,437,1767
48203,4591,A05,0,A00,A0,A0,E0,0,0,2009,4,64,66,6,4,2,1800
48207,4591,A05,0,A00,A0,A0,E0,0,0,2009,4,,,0,0,,2021
48209,4591,A05,0,A00,A0,A0,E0,0,0,2009,4,390,412,76,53,22,2082
48213,4591,A05,0,A00,A0,A0,E0,0,0,2009,4,50,53,15,13,2,1824
48215,4591,A05,0,A00,A0,A0,E0,0,0,2009,4,512,622,377,268,110,1456
48217,4591,A05,0,A00,A0,A0,E0,0,0,2009,4,,,,,,1094
48219,4591,A05,0,A00,A0,A0,E0,0,0,2009,4,15,16,4,3,1,952
48221,4591,A05,0,A00,A0,A0,E0,0,0,2009,4,23,27,10,6,4,1738
48223,4591,A05,0,A00,A0,A0,E0,0,0,2009,4,39,39,8,8,0,1610
48225,4591,A05,0,A00,A0,A0,E0,0,0,2009,4,,,,,,952
48227,4591,A05,0,A00,A0,A0,E0,0,0,2009,4,,,,,,737
48231,4591,A05,0,A00,A0,A0,E0,0,0,2009,4,55,59,13,8,4,1612
48233,4591,A05,0,A00,A0,A0,E0,0,0,2009,4,,,,,,1889
48241,4591,A05,0,A00,A0,A0,E0,0,0,2009,4,6,8,,0,2,812
48245,4591,A05,0,A00,A0,A0,E0,0,0,2009,4,242,250,111,102,9,1789
48249,4591,A05,0,A00,A0,A0,E0,0,0,2009,4,,,,,,1152
48251,4591,A05,0,A00,A0,A0,E0,0,0,2009,4,83,91,28,20,8,1505
48257,4591,A05,0,A00,A0,A0,E0,0,0,2009,4,42,41,11,12,-2,1326
48259,4591,A05,0,A00,A0,A0,E0,0,0,2009,4,37,31,5,12,-7,1411
48265,4591,A05,0,A00,A0,A0,E0,0,0,2009,4,29,29,3,3,0,1155
48267,4591,A05,0,A00,A0,A0,E0,0,0,2009,4,,,0,0,,3426
48273,4591,A05,0,A00,A0,A0,E0,0,0,2009,4,11,13,5,3,2,987
48277,4591,A05,0,A00,A0,A0,E0,0,0,2009,4,27,27,6,5,0,1510
48281,4591,A05,0,A00,A0,A0,E0,0,0,2009,4,,,0,0,,1232
48285,4591,A05,0,A00,A0,A0,E0,0,0,2009,4,,,,,,1519
48289,4591,A05,0,A00,A0,A0,E0,0,0,2009,4,,,0,0,,1954
48291,4591,A05,0,A00,A0,A0,E0,0,0,2009,4,,,,,,1127
48293,4591,A05,0,A00,A0,A0,E0,0,0,2009,4,,,,,,1087
48295,4591,A05,0,A00,A0,A0,E0,0,0,2009,4,0,,,0,,
48299,4591,A05,0,A00,A0,A0,E0,0,0,2009,4,,,0,0,,28
48303,4591,A05,0,A00,A0,A0,E0,0,0,2009,4,434,459,192,167,25,1724
48307,4591,A05,0,A00,A0,A0,E0,0,0,2009,4,,,,,,5952
48309,4591,A05,0,A00,A0,A0,E0,0,0,2009,4,213,232,91,73,19,1476
48321,4591,A05,0,A00,A0,A0,E0,0,0,2009,4,17,20,4,,3,1052
48323,4591,A05,0,A00,A0,A0,E0,0,0,2009,4,107,111,17,13,4,822
48325,4591,A05,0,A00,A0,A0,E0,0,0,2009,4,,,,0,,762
48329,4591,A05,0,A00,A0,A0,E0,0,0,2009,4,224,235,145,134,11,1609
48331,4591,A05,0,A00,A0,A0,E0,0,0,2009,4,,,0,,,762
48339,4591,A05,0,A00,A0,A0,E0,0,0,2009,4,403,446,185,142,43,1752
48341,4591,A05,0,A00,A0,A0,E0,0,0,2009,4,16,16,6,6,0,963
48347,4591,A05,0,A00,A0,A0,E0,0,0,2009,4,76,83,26,19,7,1689
48349,4591,A05,0,A00,A0,A0,E0,0,0,2009,4,76,84,27,19,8,1530
48353,4591,A05,0,A00,A0,A0,E0,0,0,2009,4,,,,,,812
48355,4591,A05,0,A00,A0,A0,E0,0,0,2009,4,494,494,191,191,0,1740
48361,4591,A05,0,A00,A0,A0,E0,0,0,2009,4,39,37,3,5,-2,1699
48365,4591,A05,0,A00,A0,A0,E0,0,0,2009,4,,,0,,,1348
48367,4591,A05,0,A00,A0,A0,E0,0,0,2009,4,89,97,19,11,8,1678
48369,4591,A05,0,A00,A0,A0,E0,0,0,2009,4,,,0,0,,1249
48371,4591,A05,0,A00,A0,A0,E0,0,0,2009,4,,0,0,,,884
48373,4591,A05,0,A00,A0,A0,E0,0,0,2009,4,13,13,6,5,1,993
48375,4591,A05,0,A00,A0,A0,E0,0,0,2009,4,297,326,193,164,29,1464
48379,4591,A05,0,A00,A0,A0,E0,0,0,2009,4,,,0,0,,1258
48381,4591,A05,0,A00,A0,A0,E0,0,0,2009,4,210,213,52,49,3,1628
48395,4591,A05,0,A00,A0,A0,E0,0,0,2009,4,,,0,0,,3970
48397,4591,A05,0,A00,A0,A0,E0,0,0,2009,4,123,136,50,37,13,1535
48401,4591,A05,0,A00,A0,A0,E0,0,0,2009,4,,,,,,787
48407,4591,A05,0,A00,A0,A0,E0,0,0,2009,4,,,,0,,650
48409,4591,A05,0,A00,A0,A0,E0,0,0,2009,4,23,26,8,5,3,1056
48419,4591,A05,0,A00,A0,A0,E0,0,0,2009,4,,,,,,2172
48423,4591,A05,0,A00,A0,A0,E0,0,0,2009,4,269,295,124,98,26,1672
48425,4591,A05,0,A00,A0,A0,E0,0,0,2009,4,,,,,,608
48427,4591,A05,0,A00,A0,A0,E0,0,0,2009,4,,,,,,1085
48439,4591,A05,0,A00,A0,A0,E0,0,0,2009,4,3035,3288,1019,767,253,2185
48441,4591,A05,0,A00,A0,A0,E0,0,0,2009,4,138,150,75,63,13,1303
48449,4591,A05,0,A00,A0,A0,E0,0,0,2009,4,,,,,,1311
48451,4591,A05,0,A00,A0,A0,E0,0,0,2009,4,124,126,56,54,2,1494
48453,4591,A05,0,A00,A0,A0,E0,0,0,2009,4,1732,1848,546,430,116,1777
48459,4591,A05,0,A00,A0,A0,E0,0,0,2009,4,,,,,,1662
48463,4591,A05,0,A00,A0,A0,E0,0,0,2009,4,53,55,12,10,2,1123
48465,4591,A05,0,A00,A0,A0,E0,0,0,2009,4,13,14,4,2,1,1197
48467,4591,A05,0,A00,A0,A0,E0,0,0,2009,4,17,18,3,,1,1309
48469,4591,A05,0,A00,A0,A0,E0,0,0,2009,4,138,140,48,46,2,1272
48471,4591,A05,0,A00,A0,A0,E0,0,0,2009,4,15,17,7,6,1,1021
48475,4591,A05,0,A00,A0,A0,E0,0,0,2009,4,,,,,,1490
48477,4591,A05,0,A00,A0,A0,E0,0,0,2009,4,20,26,15,9,5,920
48479,4591,A05,0,A00,A0,A0,E0,0,0,2009,4,192,217,122,97,25,1492
48481,4591,A05,0,A00,A0,A0,E0,0,0,2009,4,32,32,5,5,1,2289
48485,4591,A05,0,A00,A0,A0,E0,0,0,2009,4,144,159,62,47,15,1718
48487,4591,A05,0,A00,A0,A0,E0,0,0,2009,4,,,,,,826
48491,4591,A05,0,A00,A0,A0,E0,0,0,2009,4,517,554,181,143,38,1509
48497,4591,A05,0,A00,A0,A0,E0,0,0,2009,4,,,,,,960
48499,4591,A05,0,A00,A0,A0,E0,0,0,2009,4,,,0,,,1727
48503,4591,A05,0,A00,A0,A0,E0,0,0,2009,4,,,,,,876
48,4591,A05,0,A00,A0,A0,E0,0,0,2009,4,28546,30754,11182,8974,2208,1785
48001,4591,A05,0,A00,A0,A0,E0,0,0,2010,1,17,17,2,3,0,1243
48005,4591,A05,0,A00,A0,A0,E0,0,0,2010,1,40,41,4,3,1,1803
48007,4591,A05,0,A00,A0,A0,E0,0,0,2010,1,23,26,4,,3,1179
48013,4591,A05,0,A00,A0,A0,E0,0,0,2010,1,,,0,,,1049
48015,4591,A05,0,A00,A0,A0,E0,0,0,2010,1,,,0,0,,1745
48019,4591,A05,0,A00,A0,A0,E0,0,0,2010,1,,,0,0,,1760
48021,4591,A05,0,A00,A0,A0,E0,0,0,2010,1,9,8,0,,-1,1446
48025,4591,A05,0,A00,A0,A0,E0,0,0,2010,1,,,,,,1159
48027,4591,A05,0,A00,A0,A0,E0,0,0,2010,1,299,294,46,50,-5,1154
48029,4591,A05,0,A00,A0,A0,E0,0,0,2010,1,2411,2305,275,381,-106,1398
48037,4591,A05,0,A00,A0,A0,E0,0,0,2010,1,134,122,16,28,-12,1332
48039,4591,A05,0,A00,A0,A0,E0,0,0,2010,1,160,155,27,32,-5,2393
48041,4591,A05,0,A00,A0,A0,E0,0,0,2010,1,203,196,32,39,-7,923
48049,4591,A05,0,A00,A0,A0,E0,0,0,2010,1,,,,,,1127
48053,4591,A05,0,A00,A0,A0,E0,0,0,2010,1,,,,0,,585
48057,4591,A05,0,A00,A0,A0,E0,0,0,2010,1,,,0,,,584
48059,4591,A05,0,A00,A0,A0,E0,0,0,2010,1,,,0,0,,1082
48061,4591,A05,0,A00,A0,A0,E0,0,0,2010,1,244,224,34,54,-20,1151
48067,4591,A05,0,A00,A0,A0,E0,0,0,2010,1,,,,,,692
48069,4591,A05,0,A00,A0,A0,E0,0,0,2010,1,,,0,0,,400
48083,4591,A05,0,A00,A0,A0,E0,0,0,2010,1,,,0,0,,217
48085,4591,A05,0,A00,A0,A0,E0,0,0,2010,1,1458,1314,140,284,-145,1460
48089,4591,A05,0,A00,A0,A0,E0,0,0,2010,1,4,4,,,0,1041
48091,4591,A05,0,A00,A0,A0,E0,0,0,2010,1,113,127,32,17,15,1107
48097,4591,A05,0,A00,A0,A0,E0,0,0,2010,1,13,17,9,4,5,953
48099,4591,A05,0,A00,A0,A0,E0,0,0,2010,1,12,11,4,5,-1,821
48113,4591,A05,0,A00,A0,A0,E0,0,0,2010,1,4292,3885,372,779,-407,1645
48117,4591,A05,0,A00,A0,A0,E0,0,0,2010,1,,,,,,967
48121,4591,A05,0,A00,A0,A0,E0,0,0,2010,1,698,642,67,124,-57,1549
48123,4591,A05,0,A00,A0,A0,E0,0,0,2010,1,,,0,0,,1054
48131,4591,A05,0,A00,A0,A0,E0,0,0,2010,1,,,0,0,,2074
48135,4591,A05,0,A00,A0,A0,E0,0,0,2010,1,229,218,24,35,-10,1825
48139,4591,A05,0,A00,A0,A0,E0,0,0,2010,1,339,291,22,70,-48,1326
48141,4591,A05,0,A00,A0,A0,E0,0,0,2010,1,889,829,110,171,-60,1209
48143,4591,A05,0,A00,A0,A0,E0,0,0,2010,1,34,34,5,5,0,905
48157,4591,A05,0,A00,A0,A0,E0,0,0,2010,1,623,563,70,129,-59,1409
48163,4591,A05,0,A00,A0,A0,E0,0,0,2010,1,,,,,,1787
48165,4591,A05,0,A00,A0,A0,E0,0,0,2010,1,,,,0,,416
48167,4591,A05,0,A00,A0,A0,E0,0,0,2010,1,185,170,22,38,-16,1106
48171,4591,A05,0,A00,A0,A0,E0,0,0,2010,1,27,23,3,7,-4,786
48179,4591,A05,0,A00,A0,A0,E0,0,0,2010,1,23,22,,2,-1,1046
48181,4591,A05,0,A00,A0,A0,E0,0,0,2010,1,206,189,26,43,-17,1186
48183,4591,A05,0,A00,A0,A0,E0,0,0,2010,1,206,191,26,41,-16,1570
48187,4591,A05,0,A00,A0,A0,E0,0,0,2010,1,38,35,3,6,-3,1626
48189,4591,A05,0,A00,A0,A0,E0,0,0,2010,1,12,11,2,3,-1,1052
48199,4591,A05,0,A00,A0,A0,E0,0,0,2010,1,,,,,,2365
48201,4591,A05,0,A00,A0,A0,E0,0,0,2010,1,5998,5574,652,1076,-424,1390
48203,4591,A05,0,A00,A0,A0,E0,0,0,2010,1,66,68,7,5,2,1344
48207,4591,A05,0,A00,A0,A0,E0,0,0,2010,1,,,0,0,,2058
48209,4591,A05,0,A00,A0,A0,E0,0,0,2010,1,481,482,89,88,1,1689
48213,4591,A05,0,A00,A0,A0,E0,0,0,2010,1,53,51,7,9,-2,1719
48215,4591,A05,0,A00,A0,A0,E0,0,0,2010,1,622,554,76,144,-68,1068
48217,4591,A05,0,A00,A0,A0,E0,0,0,2010,1,,,,,,864
48219,4591,A05,0,A00,A0,A0,E0,0,0,2010,1,16,17,3,2,1,880
48221,4591,A05,0,A00,A0,A0,E0,0,0,2010,1,27,22,,8,-5,1635
48223,4591,A05,0,A00,A0,A0,E0,0,0,2010,1,39,41,7,5,2,1352
48225,4591,A05,0,A00,A0,A0,E0,0,0,2010,1,,,,,,841
48227,4591,A05,0,A00,A0,A0,E0,0,0,2010,1,,,,,,563
48231,4591,A05,0,A00,A0,A0,E0,0,0,2010,1,59,53,4,11,-6,1276
48233,4591,A05,0,A00,A0,A0,E0,0,0,2010,1,,,,,,1793
48241,4591,A05,0,A00,A0,A0,E0,0,0,2010,1,8,7,,,-1,725
48245,4591,A05,0,A00,A0,A0,E0,0,0,2010,1,250,229,28,50,-22,1414
48249,4591,A05,0,A00,A0,A0,E0,0,0,2010,1,,,,,,1192
48251,4591,A05,0,A00,A0,A0,E0,0,0,2010,1,92,84,12,19,-7,1307
48257,4591,A05,0,A00,A0,A0,E0,0,0,2010,1,41,34,3,9,-6,1085
48259,4591,A05,0,A00,A0,A0,E0,0,0,2010,1,28,26,5,8,-3,1514
48265,4591,A05,0,A00,A0,A0,E0,0,0,2010,1,29,29,4,4,0,1070
48267,4591,A05,0,A00,A0,A0,E0,0,0,2010,1,,,0,0,,3426
48273,4591,A05,0,A00,A0,A0,E0,0,0,2010,1,13,10,,4,-3,811
48277,4591,A05,0,A00,A0,A0,E0,0,0,2010,1,27,30,6,3,3,1409
48281,4591,A05,0,A00,A0,A0,E0,0,0,2010,1,,,0,0,,1029
48285,4591,A05,0,A00,A0,A0,E0,0,0,2010,1,,,0,0,,1437
48289,4591,A05,0,A00,A0,A0,E0,0,0,2010,1,,,0,,,1881
48291,4591,A05,0,A00,A0,A0,E0,0,0,2010,1,,,,,,1202
48293,4591,A05,0,A00,A0,A0,E0,0,0,2010,1,,,,,,951
48295,4591,A05,0,A00,A0,A0,E0,0,0,2010,1,,0,0,,,647
48299,4591,A05,0,A00,A0,A0,E0,0,0,2010,1,,,0,0,,160
48303,4591,A05,0,A00,A0,A0,E0,0,0,2010,1,459,420,49,88,-39,1342
48307,4591,A05,0,A00,A0,A0,E0,0,0,2010,1,,,0,0,,2237
48309,4591,A05,0,A00,A0,A0,E0,0,0,2010,1,228,205,20,42,-23,1133
48321,4591,A05,0,A00,A0,A0,E0,0,0,2010,1,20,16,3,7,-4,795
48323,4591,A05,0,A00,A0,A0,E0,0,0,2010,1,111,111,14,14,0,775
48325,4591,A05,0,A00,A0,A0,E0,0,0,2010,1,14,9,5,9,-5,405
48329,4591,A05,0,A00,A0,A0,E0,0,0,2010,1,202,181,33,54,-21,1105
48331,4591,A05,0,A00,A0,A0,E0,0,0,2010,1,,,0,0,,350
48339,4591,A05,0,A00,A0,A0,E0,0,0,2010,1,451,415,55,91,-36,1211
48341,4591,A05,0,A00,A0,A0,E0,0,0,2010,1,15,15,4,5,-1,839
48347,4591,A05,0,A00,A0,A0,E0,0,0,2010,1,83,80,10,13,-3,1334
48349,4591,A05,0,A00,A0,A0,E0,0,0,2010,1,84,75,6,16,-9,1226
48353,4591,A05,0,A00,A0,A0,E0,0,0,2010,1,,,,,,733
48355,4591,A05,0,A00,A0,A0,E0,0,0,2010,1,493,479,44,58,-14,1462
48361,4591,A05,0,A00,A0,A0,E0,0,0,2010,1,37,42,8,4,4,1378
48365,4591,A05,0,A00,A0,A0,E0,0,0,2010,1,,,,,,1245
48367,4591,A05,0,A00,A0,A0,E0,0,0,2010,1,99,95,17,21,-4,1513
48369,4591,A05,0,A00,A0,A0,E0,0,0,2010,1,,,0,0,,1177
48373,4591,A05,0,A00,A0,A0,E0,0,0,2010,1,13,12,,2,-1,1016
48375,4591,A05,0,A00,A0,A0,E0,0,0,2010,1,326,302,27,51,-24,1154
48379,4591,A05,0,A00,A0,A0,E0,0,0,2010,1,,,0,0,,1142
48381,4591,A05,0,A00,A0,A0,E0,0,0,2010,1,213,208,27,31,-4,1303
48395,4591,A05,0,A00,A0,A0,E0,0,0,2010,1,,,0,0,,3548
48397,4591,A05,0,A00,A0,A0,E0,0,0,2010,1,136,126,19,30,-10,1189
48401,4591,A05,0,A00,A0,A0,E0,0,0,2010,1,,,,,,771
48407,4591,A05,0,A00,A0,A0,E0,0,0,2010,1,,,0,,,610
48409,4591,A05,0,A00,A0,A0,E0,0,0,2010,1,26,23,,5,-4,882
48419,4591,A05,0,A00,A0,A0,E0,0,0,2010,1,,,,,,2102
48423,4591,A05,0,A00,A0,A0,E0,0,0,2010,1,296,265,37,69,-31,1231
48425,4591,A05,0,A00,A0,A0,E0,0,0,2010,1,,,,,,488
48427,4591,A05,0,A00,A0,A0,E0,0,0,2010,1,,,0,,,1045
48439,4591,A05,0,A00,A0,A0,E0,0,0,2010,1,3285,3022,287,550,-263,1787
48441,4591,A05,0,A00,A0,A0,E0,0,0,2010,1,157,148,24,33,-9,1060
48449,4591,A05,0,A00,A0,A0,E0,0,0,2010,1,,,,,,1226
48451,4591,A05,0,A00,A0,A0,E0,0,0,2010,1,126,117,16,25,-9,1237
48453,4591,A05,0,A00,A0,A0,E0,0,0,2010,1,1876,1822,251,305,-54,1678
48459,4591,A05,0,A00,A0,A0,E0,0,0,2010,1,,,,,,1495
48463,4591,A05,0,A00,A0,A0,E0,0,0,2010,1,50,48,11,12,-2,1006
48465,4591,A05,0,A00,A0,A0,E0,0,0,2010,1,14,13,,3,-1,962
48467,4591,A05,0,A00,A0,A0,E0,0,0,2010,1,18,19,4,3,1,1111
48469,4591,A05,0,A00,A0,A0,E0,0,0,2010,1,140,129,16,28,-11,1076
48471,4591,A05,0,A00,A0,A0,E0,0,0,2010,1,37,36,3,4,-1,1729
48475,4591,A05,0,A00,A0,A0,E0,0,0,2010,1,,,,,,1239
48477,4591,A05,0,A00,A0,A0,E0,0,0,2010,1,26,24,7,9,-2,1011
48479,4591,A05,0,A00,A0,A0,E0,0,0,2010,1,217,193,9,33,-24,1086
48481,4591,A05,0,A00,A0,A0,E0,0,0,2010,1,32,34,5,4,1,1827
48485,4591,A05,0,A00,A0,A0,E0,0,0,2010,1,159,145,19,33,-14,1270
48487,4591,A05,0,A00,A0,A0,E0,0,0,2010,1,,,,,,762
48491,4591,A05,0,A00,A0,A0,E0,0,0,2010,1,561,524,49,86,-37,1267
48497,4591,A05,0,A00,A0,A0,E0,0,0,2010,1,14,11,,4,-3,1189
48499,4591,A05,0,A00,A0,A0,E0,0,0,2010,1,,,,,,1826
48503,4591,A05,0,A00,A0,A0,E0,0,0,2010,1,,,,,,790
48,4591,A05,0,A00,A0,A0,E0,0,0,2010,1,31126,28935,3414,5605,-2191,1454
48001,4591,A05,0,A00,A0,A0,E0,0,0,2010,2,17,16,,2,-1,1450
48005,4591,A05,0,A00,A0,A0,E0,0,0,2010,2,41,42,7,6,0,2061
48007,4591,A05,0,A00,A0,A0,E0,0,0,2010,2,26,22,5,9,-4,1311
48013,4591,A05,0,A00,A0,A0,E0,0,0,2010,2,,,,0,,1249
48015,4591,A05,0,A00,A0,A0,E0,0,0,2010,2,,,0,0,,1558
48019,4591,A05,0,A00,A0,A0,E0,0,0,2010,2,,,0,0,,1852
48021,4591,A05,0,A00,A0,A0,E0,0,0,2010,2,8,8,,,0,1432
48025,4591,A05,0,A00,A0,A0,E0,0,0,2010,2,,,,,,1455
48027,4591,A05,0,A00,A0,A0,E0,0,0,2010,2,294,291,54,57,-3,1331
48029,4591,A05,0,A00,A0,A0,E0,0,0,2010,2,2306,2272,411,445,-34,1544
48037,4591,A05,0,A00,A0,A0,E0,0,0,2010,2,122,118,24,28,-4,1325
48039,4591,A05,0,A00,A0,A0,E0,0,0,2010,2,155,180,74,49,25,2872
48041,4591,A05,0,A00,A0,A0,E0,0,0,2010,2,195,199,45,41,3,1050
48049,4591,A05,0,A00,A0,A0,E0,0,0,2010,2,13,15,4,3,2,1240
48053,4591,A05,0,A00,A0,A0,E0,0,0,2010,2,,,0,0,,919
48057,4591,A05,0,A00,A0,A0,E0,0,0,2010,2,,,,0,,1064
48059,4591,A05,0,A00,A0,A0,E0,0,0,2010,2,,,0,,,913
48061,4591,A05,0,A00,A0,A0,E0,0,0,2010,2,224,229,46,41,5,1307
48067,4591,A05,0,A00,A0,A0,E0,0,0,2010,2,,,0,0,,794
48069,4591,A05,0,A00,A0,A0,E0,0,0,2010,2,,,0,0,,400
48083,4591,A05,0,A00,A0,A0,E0,0,0,2010,2,,,,0,,59
48085,4591,A05,0,A00,A0,A0,E0,0,0,2010,2,1312,1371,301,241,60,1686
48089,4591,A05,0,A00,A0,A0,E0,0,0,2010,2,4,5,,0,1,1109
48091,4591,A05,0,A00,A0,A0,E0,0,0,2010,2,138,157,49,30,19,1368
48097,4591,A05,0,A00,A0,A0,E0,0,0,2010,2,17,17,3,3,-1,1384
48099,4591,A05,0,A00,A0,A0,E0,0,0,2010,2,11,12,4,3,0,1063
48113,4591,A05,0,A00,A0,A0,E0,0,0,2010,2,3890,3980,749,658,90,1945
48117,4591,A05,0,A00,A0,A0,E0,0,0,2010,2,,,,,,1098
48121,4591,A05,0,A00,A0,A0,E0,0,0,2010,2,642,676,148,114,34,1732
48123,4591,A05,0,A00,A0,A0,E0,0,0,2010,2,,,0,0,,1233
48131,4591,A05,0,A00,A0,A0,E0,0,0,2010,2,,,0,0,,2191
48135,4591,A05,0,A00,A0,A0,E0,0,0,2010,2,219,220,24,23,1,2061
48139,4591,A05,0,A00,A0,A0,E0,0,0,2010,2,291,302,56,45,11,1679
48141,4591,A05,0,A00,A0,A0,E0,0,0,2010,2,829,835,162,156,6,1432
48143,4591,A05,0,A00,A0,A0,E0,0,0,2010,2,34,34,5,4,0,961
48157,4591,A05,0,A00,A0,A0,E0,0,0,2010,2,564,566,110,108,2,1689
48163,4591,A05,0,A00,A0,A0,E0,0,0,2010,2,,,0,,,1705
48165,4591,A05,0,A00,A0,A0,E0,0,0,2010,2,,,,,,691
48167,4591,A05,0,A00,A0,A0,E0,0,0,2010,2,170,191,58,37,21,1300
48171,4591,A05,0,A00,A0,A0,E0,0,0,2010,2,23,23,4,4,0,1026
48179,4591,A05,0,A00,A0,A0,E0,0,0,2010,2,22,26,5,,4,1376
48181,4591,A05,0,A00,A0,A0,E0,0,0,2010,2,189,182,35,41,-6,1369
48183,4591,A05,0,A00,A0,A0,E0,0,0,2010,2,190,203,47,34,13,1711
48187,4591,A05,0,A00,A0,A0,E0,0,0,2010,2,35,36,8,8,1,1482
48189,4591,A05,0,A00,A0,A0,E0,0,0,2010,2,11,11,2,3,-1,1216
48199,4591,A05,0,A00,A0,A0,E0,0,0,2010,2,,,,,,1401
48201,4591,A05,0,A00,A0,A0,E0,0,0,2010,2,5544,5578,1035,1001,33,1645
48203,4591,A05,0,A00,A0,A0,E0,0,0,2010,2,68,64,9,12,-3,1477
48207,4591,A05,0,A00,A0,A0,E0,0,0,2010,2,,,0,0,,2117
48209,4591,A05,0,A00,A0,A0,E0,0,0,2010,2,482,455,45,72,-27,1607
48213,4591,A05,0,A00,A0,A0,E0,0,0,2010,2,73,73,12,12,0,1663
48215,4591,A05,0,A00,A0,A0,E0,0,0,2010,2,554,564,111,100,10,1375
48217,4591,A05,0,A00,A0,A0,E0,0,0,2010,2,,,,,,1317
48219,4591,A05,0,A00,A0,A0,E0,0,0,2010,2,17,17,2,,0,1045
48221,4591,A05,0,A00,A0,A0,E0,0,0,2010,2,22,19,0,4,-3,1833
48223,4591,A05,0,A00,A0,A0,E0,0,0,2010,2,41,41,10,10,0,1404
48225,4591,A05,0,A00,A0,A0,E0,0,0,2010,2,,,,,,1071
48227,4591,A05,0,A00,A0,A0,E0,0,0,2010,2,13,15,4,,2,847
48231,4591,A05,0,A00,A0,A0,E0,0,0,2010,2,53,50,8,11,-2,1582
48233,4591,A05,0,A00,A0,A0,E0,0,0,2010,2,,,,,,2046
48241,4591,A05,0,A00,A0,A0,E0,0,0,2010,2,7,5,,3,-2,1015
48245,4591,A05,0,A00,A0,A0,E0,0,0,2010,2,229,237,47,40,8,1874
48249,4591,A05,0,A00,A0,A0,E0,0,0,2010,2,,,,,,1389
48251,4591,A05,0,A00,A0,A0,E0,0,0,2010,2,84,83,13,14,-1,1458
48253,4591,A05,0,A00,A0,A0,E0,0,0,2010,2,0,,,,,
48257,4591,A05,0,A00,A0,A0,E0,0,0,2010,2,12,11,,2,-1,1227
48259,4591,A05,0,A00,A0,A0,E0,0,0,2010,2,26,24,5,6,-1,1864
48265,4591,A05,0,A00,A0,A0,E0,0,0,2010,2,29,31,5,3,2,1250
48267,4591,A05,0,A00,A0,A0,E0,0,0,2010,2,,,0,0,,3426
48273,4591,A05,0,A00,A0,A0,E0,0,0,2010,2,10,11,3,,1,1044
48277,4591,A05,0,A00,A0,A0,E0,0,0,2010,2,30,31,6,5,1,1520
48281,4591,A05,0,A00,A0,A0,E0,0,0,2010,2,,,0,0,,970
48285,4591,A05,0,A00,A0,A0,E0,0,0,2010,2,,,,0,,1497
48289,4591,A05,0,A00,A0,A0,E0,0,0,2010,2,,,,0,,2418
48291,4591,A05,0,A00,A0,A0,E0,0,0,2010,2,,,,,,1226
48293,4591,A05,0,A00,A0,A0,E0,0,0,2010,2,,,,,,956
48299,4591,A05,0,A00,A0,A0,E0,0,0,2010,2,,,0,0,,207
48303,4591,A05,0,A00,A0,A0,E0,0,0,2010,2,418,423,66,61,5,1536
48307,4591,A05,0,A00,A0,A0,E0,0,0,2010,2,,,0,0,,1812
48309,4591,A05,0,A00,A0,A0,E0,0,0,2010,2,205,209,40,37,3,1285
48321,4591,A05,0,A00,A0,A0,E0,0,0,2010,2,16,13,3,5,-2,1061
48323,4591,A05,0,A00,A0,A0,E0,0,0,2010,2,111,110,23,24,-1,823
48325,4591,A05,0,A00,A0,A0,E0,0,0,2010,2,,,,,,655
48329,4591,A05,0,A00,A0,A0,E0,0,0,2010,2,181,182,36,36,0,1372
48331,4591,A05,0,A00,A0,A0,E0,0,0,2010,2,,,0,0,,548
48339,4591,A05,0,A00,A0,A0,E0,0,0,2010,2,409,424,104,88,16,1724
48341,4591,A05,0,A00,A0,A0,E0,0,0,2010,2,15,15,6,6,0,1134
48347,4591,A05,0,A00,A0,A0,E0,0,0,2010,2,80,74,8,14,-6,1395
48349,4591,A05,0,A00,A0,A0,E0,0,0,2010,2,75,76,16,15,1,1530
48353,4591,A05,0,A00,A0,A0,E0,0,0,2010,2,,,,,,852
48355,4591,A05,0,A00,A0,A0,E0,0,0,2010,2,479,474,74,80,-6,1594
48361,4591,A05,0,A00,A0,A0,E0,0,0,2010,2,42,44,8,6,2,1581
48365,4591,A05,0,A00,A0,A0,E0,0,0,2010,2,,,,,,1712
48367,4591,A05,0,A00,A0,A0,E0,0,0,2010,2,95,97,19,17,2,1762
48369,4591,A05,0,A00,A0,A0,E0,0,0,2010,2,,,0,0,,1071
48373,4591,A05,0,A00,A0,A0,E0,0,0,2010,2,12,12,4,3,0,1202
48375,4591,A05,0,A00,A0,A0,E0,0,0,2010,2,302,287,60,75,-15,1292
48379,4591,A05,0,A00,A0,A0,E0,0,0,2010,2,,,0,0,,1307
48381,4591,A05,0,A00,A0,A0,E0,0,0,2010,2,208,214,48,42,5,1457
48395,4591,A05,0,A00,A0,A0,E0,0,0,2010,2,,,0,0,,3571
48397,4591,A05,0,A00,A0,A0,E0,0,0,2010,2,126,126,34,33,0,1510
48401,4591,A05,0,A00,A0,A0,E0,0,0,2010,2,,,,,,1010
48407,4591,A05,0,A00,A0,A0,E0,0,0,2010,2,,,,,,913
48409,4591,A05,0,A00,A0,A0,E0,0,0,2010,2,23,23,5,4,1,1103
48419,4591,A05,0,A00,A0,A0,E0,0,0,2010,2,,,,,,2522
48423,4591,A05,0,A00,A0,A0,E0,0,0,2010,2,265,265,52,52,0,1514
48425,4591,A05,0,A00,A0,A0,E0,0,0,2010,2,,,,,,868
48427,4591,A05,0,A00,A0,A0,E0,0,0,2010,2,,,,,,1272
48439,4591,A05,0,A00,A0,A0,E0,0,0,2010,2,3032,3000,465,496,-31,1943
48441,4591,A05,0,A00,A0,A0,E0,0,0,2010,2,148,147,30,31,-1,1362
48449,4591,A05,0,A00,A0,A0,E0,0,0,2010,2,,,,,,1403
48451,4591,A05,0,A00,A0,A0,E0,0,0,2010,2,119,119,16,16,0,1396
48453,4591,A05,0,A00,A0,A0,E0,0,0,2010,2,1822,1925,413,310,103,1799
48459,4591,A05,0,A00,A0,A0,E0,0,0,2010,2,,,,,,1082
48463,4591,A05,0,A00,A0,A0,E0,0,0,2010,2,28,33,15,9,6,1170
48465,4591,A05,0,A00,A0,A0,E0,0,0,2010,2,13,11,,5,-2,1160
48467,4591,A05,0,A00,A0,A0,E0,0,0,2010,2,19,22,7,3,4,1189
48469,4591,A05,0,A00,A0,A0,E0,0,0,2010,2,129,132,29,26,3,1163
48471,4591,A05,0,A00,A0,A0,E0,0,0,2010,2,36,33,6,8,-2,2476
48475,4591,A05,0,A00,A0,A0,E0,0,0,2010,2,,,,,,1475
48477,4591,A05,0,A00,A0,A0,E0,0,0,2010,2,24,25,5,4,1,1157
48479,4591,A05,0,A00,A0,A0,E0,0,0,2010,2,193,193,28,28,0,1207
48481,4591,A05,0,A00,A0,A0,E0,0,0,2010,2,34,34,7,6,1,1869
48485,4591,A05,0,A00,A0,A0,E0,0,0,2010,2,145,147,31,29,2,1597
48487,4591,A05,0,A00,A0,A0,E0,0,0,2010,2,,,,,,770
48491,4591,A05,0,A00,A0,A0,E0,0,0,2010,2,526,521,80,85,-4,1441
48497,4591,A05,0,A00,A0,A0,E0,0,0,2010,2,11,12,2,,1,1556
48499,4591,A05,0,A00,A0,A0,E0,0,0,2010,2,,,,,,2054
48501,4591,A05,0,A00,A0,A0,E0,0,0,2010,2,0,,,0,,
48503,4591,A05,0,A00,A0,A0,E0,0,0,2010,2,,,,,,1029
48,4591,A05,0,A00,A0,A0,E0,0,0,2010,2,28910,29270,5573,5213,360,1670
48001,4591,A05,0,A00,A0,A0,E0,0,0,2010,3,16,16,3,3,0,1394
48005,4591,A05,0,A00,A0,A0,E0,0,0,2010,3,42,41,10,11,-1,1860
48007,4591,A05,0,A00,A0,A0,E0,0,0,2010,3,22,17,4,9,-5,1561
48009,4591,A05,0,A00,A0,A0,E0,0,0,2010,3,,,0,0,,639
48013,4591,A05,0,A00,A0,A0,E0,0,0,2010,3,,,0,0,,1155
48015,4591,A05,0,A00,A0,A0,E0,0,0,2010,3,,,0,0,,2075
48019,4591,A05,0,A00,A0,A0,E0,0,0,2010,3,,0,0,,,1412
48021,4591,A05,0,A00,A0,A0,E0,0,0,2010,3,8,7,,,-1,1367
48025,4591,A05,0,A00,A0,A0,E0,0,0,2010,3,,,,,,1145
48027,4591,A05,0,A00,A0,A0,E0,0,0,2010,3,291,293,64,62,2,1243
48029,4591,A05,0,A00,A0,A0,E0,0,0,2010,3,2272,2296,436,412,24,1553
48037,4591,A05,0,A00,A0,A0,E0,0,0,2010,3,118,119,33,32,1,1289
48039,4591,A05,0,A00,A0,A0,E0,0,0,2010,3,180,174,54,61,-6,2526
48041,4591,A05,0,A00,A0,A0,E0,0,0,2010,3,199,210,57,46,12,1060
48049,4591,A05,0,A00,A0,A0,E0,0,0,2010,3,15,17,4,,3,1123
48053,4591,A05,0,A00,A0,A0,E0,0,0,2010,3,5,4,,,-1,828
48055,4591,A05,0,A00,A0,A0,E0,0,0,2010,3,,,0,0,,1055
48057,4591,A05,0,A00,A0,A0,E0,0,0,2010,3,,,0,,,1148
48059,4591,A05,0,A00,A0,A0,E0,0,0,2010,3,,,0,0,,2268
48061,4591,A05,0,A00,A0,A0,E0,0,0,2010,3,229,223,38,44,-6,1466
48067,4591,A05,0,A00,A0,A0,E0,0,0,2010,3,,,0,,,667
48069,4591,A05,0,A00,A0,A0,E0,0,0,2010,3,,,0,0,,625
48071,4591,A05,0,A00,A0,A0,E0,0,0,2010,3,0,,,0,,
48083,4591,A05,0,A00,A0,A0,E0,0,0,2010,3,,0,0,,,86
48085,4591,A05,0,A00,A0,A0,E0,0,0,2010,3,1364,1376,347,335,12,1632
48089,4591,A05,0,A00,A0,A0,E0,0,0,2010,3,5,5,3,3,0,982
48091,4591,A05,0,A00,A0,A0,E0,0,0,2010,3,156,147,29,39,-10,1322
48097,4591,A05,0,A00,A0,A0,E0,0,0,2010,3,17,16,2,3,-1,1219
48099,4591,A05,0,A00,A0,A0,E0,0,0,2010,3,12,14,7,4,2,1019
48111,4591,A05,0,A00,A0,A0,E0,0,0,2010,3,0,,,0,,
48113,4591,A05,0,A00,A0,A0,E0,0,0,2010,3,3980,4059,916,837,79,1839
48117,4591,A05,0,A00,A0,A0,E0,0,0,2010,3,,,,,,993
48121,4591,A05,0,A00,A0,A0,E0,0,0,2010,3,676,681,171,165,5,1553
48123,4591,A05,0,A00,A0,A0,E0,0,0,2010,3,,,,0,,1210
48131,4591,A05,0,A00,A0,A0,E0,0,0,2010,3,,,0,0,,1165
48135,4591,A05,0,A00,A0,A0,E0,0,0,2010,3,220,222,40,38,2,1975
48139,4591,A05,0,A00,A0,A0,E0,0,0,2010,3,302,314,78,67,11,1920
48141,4591,A05,0,A00,A0,A0,E0,0,0,2010,3,835,852,200,183,18,1439
48143,4591,A05,0,A00,A0,A0,E0,0,0,2010,3,35,33,7,9,-2,920
48157,4591,A05,0,A00,A0,A0,E0,0,0,2010,3,574,574,125,125,0,1693
48163,4591,A05,0,A00,A0,A0,E0,0,0,2010,3,,,0,,,1861
48165,4591,A05,0,A00,A0,A0,E0,0,0,2010,3,,,,,,710
48167,4591,A05,0,A00,A0,A0,E0,0,0,2010,3,191,182,47,56,-9,1234
48171,4591,A05,0,A00,A0,A0,E0,0,0,2010,3,23,22,6,7,-1,1008
48179,4591,A05,0,A00,A0,A0,E0,0,0,2010,3,26,25,4,5,-1,1173
48181,4591,A05,0,A00,A0,A0,E0,0,0,2010,3,183,184,48,46,1,1365
48183,4591,A05,0,A00,A0,A0,E0,0,0,2010,3,203,199,47,51,-4,1689
48187,4591,A05,0,A00,A0,A0,E0,0,0,2010,3,36,36,6,6,1,1288
48189,4591,A05,0,A00,A0,A0,E0,0,0,2010,3,11,10,4,4,0,962
48199,4591,A05,0,A00,A0,A0,E0,0,0,2010,3,,,,,,1554
48201,4591,A05,0,A00,A0,A0,E0,0,0,2010,3,5581,5664,1159,1076,84,1589
48203,4591,A05,0,A00,A0,A0,E0,0,0,2010,3,64,64,6,7,0,1444
48207,4591,A05,0,A00,A0,A0,E0,0,0,2010,3,,,0,0,,2117
48209,4591,A05,0,A00,A0,A0,E0,0,0,2010,3,455,542,166,78,87,1924
48213,4591,A05,0,A00,A0,A0,E0,0,0,2010,3,73,71,17,19,-2,1679
48215,4591,A05,0,A00,A0,A0,E0,0,0,2010,3,565,567,132,129,3,1428
48217,4591,A05,0,A00,A0,A0,E0,0,0,2010,3,,,,,,1205
48219,4591,A05,0,A00,A0,A0,E0,0,0,2010,3,17,16,6,8,-2,913
48221,4591,A05,0,A00,A0,A0,E0,0,0,2010,3,19,20,5,4,1,2252
48223,4591,A05,0,A00,A0,A0,E0,0,0,2010,3,41,41,7,7,0,1702
48225,4591,A05,0,A00,A0,A0,E0,0,0,2010,3,,,,,,877
48227,4591,A05,0,A00,A0,A0,E0,0,0,2010,3,15,18,5,,3,700
48231,4591,A05,0,A00,A0,A0,E0,0,0,2010,3,50,51,5,5,0,1604
48233,4591,A05,0,A00,A0,A0,E0,0,0,2010,3,,,,,,1854
48241,4591,A05,0,A00,A0,A0,E0,0,0,2010,3,5,6,3,,1,1001
48245,4591,A05,0,A00,A0,A0,E0,0,0,2010,3,237,238,46,45,1,1651
48249,4591,A05,0,A00,A0,A0,E0,0,0,2010,3,,,,,,1189
48251,4591,A05,0,A00,A0,A0,E0,0,0,2010,3,83,84,21,19,1,1434
48253,4591,A05,0,A00,A0,A0,E0,0,0,2010,3,,,0,0,,2316
48257,4591,A05,0,A00,A0,A0,E0,0,0,2010,3,11,13,4,3,1,1300
48259,4591,A05,0,A00,A0,A0,E0,0,0,2010,3,24,27,5,3,2,1701
48265,4591,A05,0,A00,A0,A0,E0,0,0,2010,3,31,33,4,,1,1165
48267,4591,A05,0,A00,A0,A0,E0,0,0,2010,3,,,0,0,,2855
48273,4591,A05,0,A00,A0,A0,E0,0,0,2010,3,11,11,4,5,0,820
48277,4591,A05,0,A00,A0,A0,E0,0,0,2010,3,31,31,5,5,0,1476
48281,4591,A05,0,A00,A0,A0,E0,0,0,2010,3,,,0,0,,473
48285,4591,A05,0,A00,A0,A0,E0,0,0,2010,3,,,,,,1285
48289,4591,A05,0,A00,A0,A0,E0,0,0,2010,3,,,0,,,1643
48291,4591,A05,0,A00,A0,A0,E0,0,0,2010,3,,,,,,1341
48293,4591,A05,0,A00,A0,A0,E0,0,0,2010,3,,,,,,812
48299,4591,A05,0,A00,A0,A0,E0,0,0,2010,3,,,,0,,254
48303,4591,A05,0,A00,A0,A0,E0,0,0,2010,3,423,435,99,87,12,1520
48307,4591,A05,0,A00,A0,A0,E0,0,0,2010,3,,,0,0,,1165
48309,4591,A05,0,A00,A0,A0,E0,0,0,2010,3,209,197,43,55,-12,1262
48321,4591,A05,0,A00,A0,A0,E0,0,0,2010,3,13,12,3,4,-2,981
48323,4591,A05,0,A00,A0,A0,E0,0,0,2010,3,110,110,20,20,0,834
48325,4591,A05,0,A00,A0,A0,E0,0,0,2010,3,,,0,,,747
48329,4591,A05,0,A00,A0,A0,E0,0,0,2010,3,182,178,48,51,-3,1362
48331,4591,A05,0,A00,A0,A0,E0,0,0,2010,3,,,0,0,,483
48339,4591,A05,0,A00,A0,A0,E0,0,0,2010,3,425,410,75,91,-15,1706
48341,4591,A05,0,A00,A0,A0,E0,0,0,2010,3,15,16,7,6,1,1032
48347,4591,A05,0,A00,A0,A0,E0,0,0,2010,3,74,72,12,14,-2,1482
48349,4591,A05,0,A00,A0,A0,E0,0,0,2010,3,76,85,25,17,8,1314
48353,4591,A05,0,A00,A0,A0,E0,0,0,2010,3,,,,,,733
48355,4591,A05,0,A00,A0,A0,E0,0,0,2010,3,474,480,90,84,6,1611
48361,4591,A05,0,A00,A0,A0,E0,0,0,2010,3,44,41,,5,-3,1728
48365,4591,A05,0,A00,A0,A0,E0,0,0,2010,3,,,0,0,,1763
48367,4591,A05,0,A00,A0,A0,E0,0,0,2010,3,97,121,60,36,25,1694
48369,4591,A05,0,A00,A0,A0,E0,0,0,2010,3,,,0,0,,651
48373,4591,A05,0,A00,A0,A0,E0,0,0,2010,3,12,11,4,5,-1,1132
48375,4591,A05,0,A00,A0,A0,E0,0,0,2010,3,287,292,66,61,5,1336
48379,4591,A05,0,A00,A0,A0,E0,0,0,2010,3,,,,0,,1026
48381,4591,A05,0,A00,A0,A0,E0,0,0,2010,3,214,211,49,52,-3,1549
48395,4591,A05,0,A00,A0,A0,E0,0,0,2010,3,,,0,0,,3504
48397,4591,A05,0,A00,A0,A0,E0,0,0,2010,3,126,133,45,38,7,1414
48401,4591,A05,0,A00,A0,A0,E0,0,0,2010,3,,,,,,876
48407,4591,A05,0,A00,A0,A0,E0,0,0,2010,3,,,,0,,1110
48409,4591,A05,0,A00,A0,A0,E0,0,0,2010,3,23,20,3,6,-3,956
48419,4591,A05,0,A00,A0,A0,E0,0,0,2010,3,,,,,,2325
48423,4591,A05,0,A00,A0,A0,E0,0,0,2010,3,265,270,63,58,5,1518
48425,4591,A05,0,A00,A0,A0,E0,0,0,2010,3,,,,,,741
48427,4591,A05,0,A00,A0,A0,E0,0,0,2010,3,,,,,,1124
48439,4591,A05,0,A00,A0,A0,E0,0,0,2010,3,3000,3064,612,549,64,1928
48441,4591,A05,0,A00,A0,A0,E0,0,0,2010,3,147,142,35,40,-5,1280
48449,4591,A05,0,A00,A0,A0,E0,0,0,2010,3,,,,,,1433
48451,4591,A05,0,A00,A0,A0,E0,0,0,2010,3,119,130,34,22,11,1435
48453,4591,A05,0,A00,A0,A0,E0,0,0,2010,3,1922,1914,364,373,-8,1757
48459,4591,A05,0,A00,A0,A0,E0,0,0,2010,3,,,,,,1232
48463,4591,A05,0,A00,A0,A0,E0,0,0,2010,3,34,39,15,10,5,1269
48465,4591,A05,0,A00,A0,A0,E0,0,0,2010,3,11,10,,3,-1,1167
48467,4591,A05,0,A00,A0,A0,E0,0,0,2010,3,22,16,5,11,-6,1058
48469,4591,A05,0,A00,A0,A0,E0,0,0,2010,3,141,135,25,31,-6,1186
48471,4591,A05,0,A00,A0,A0,E0,0,0,2010,3,33,33,8,9,-1,2256
48475,4591,A05,0,A00,A0,A0,E0,0,0,2010,3,,,,,,937
48477,4591,A05,0,A00,A0,A0,E0,0,0,2010,3,25,38,20,7,13,1064
48479,4591,A05,0,A00,A0,A0,E0,0,0,2010,3,193,202,39,30,9,1224
48481,4591,A05,0,A00,A0,A0,E0,0,0,2010,3,25,25,4,4,0,2180
48485,4591,A05,0,A00,A0,A0,E0,0,0,2010,3,144,147,35,33,2,1475
48487,4591,A05,0,A00,A0,A0,E0,0,0,2010,3,,,,,,964
48491,4591,A05,0,A00,A0,A0,E0,0,0,2010,3,521,511,86,96,-10,1429
48497,4591,A05,0,A00,A0,A0,E0,0,0,2010,3,12,12,3,3,0,1347
48499,4591,A05,0,A00,A0,A0,E0,0,0,2010,3,,,,,,1835
48501,4591,A05,0,A00,A0,A0,E0,0,0,2010,3,,,,,,1016
48503,4591,A05,0,A00,A0,A0,E0,0,0,2010,3,,,,,,914
48,4591,A05,0,A00,A0,A0,E0,0,0,2010,3,29274,29660,6468,6082,385,1635
48001,4591,A05,0,A00,A0,A0,E0,0,0,2010,4,16,18,6,4,2,1645
48005,4591,A05,0,A00,A0,A0,E0,0,0,2010,4,41,41,7,7,0,2010
48007,4591,A05,0,A00,A0,A0,E0,0,0,2010,4,17,19,6,4,2,1603
48009,4591,A05,0,A00,A0,A0,E0,0,0,2010,4,,,0,0,,384
48013,4591,A05,0,A00,A0,A0,E0,0,0,2010,4,,,0,,,1153
48015,4591,A05,0,A00,A0,A0,E0,0,0,2010,4,,,0,,,2007
48019,4591,A05,0,A00,A0,A0,E0,0,0,2010,4,0,,,0,,
48021,4591,A05,0,A00,A0,A0,E0,0,0,2010,4,7,6,,4,-2,1617
48025,4591,A05,0,A00,A0,A0,E0,0,0,2010,4,,,,,,1234
48027,4591,A05,0,A00,A0,A0,E0,0,0,2010,4,293,312,108,89,20,1437
48029,4591,A05,0,A00,A0,A0,E0,0,0,2010,4,2296,2469,854,681,173,1717
48037,4591,A05,0,A00,A0,A0,E0,0,0,2010,4,119,134,92,77,15,1385
48039,4591,A05,0,A00,A0,A0,E0,0,0,2010,4,174,194,64,43,21,3723
48041,4591,A05,0,A00,A0,A0,E0,0,0,2010,4,210,213,74,71,3,1199
48049,4591,A05,0,A00,A0,A0,E0,0,0,2010,4,17,16,5,6,-1,1245
48053,4591,A05,0,A00,A0,A0,E0,0,0,2010,4,4,5,,,1,796
48055,4591,A05,0,A00,A0,A0,E0,0,0,2010,4,,,0,0,,981
48057,4591,A05,0,A00,A0,A0,E0,0,0,2010,4,,,0,0,,1146
48059,4591,A05,0,A00,A0,A0,E0,0,0,2010,4,,,0,0,,2710
48061,4591,A05,0,A00,A0,A0,E0,0,0,2010,4,222,247,65,40,25,1399
48067,4591,A05,0,A00,A0,A0,E0,0,0,2010,4,,,,0,,1319
48069,4591,A05,0,A00,A0,A0,E0,0,0,2010,4,,,0,0,,844
48071,4591,A05,0,A00,A0,A0,E0,0,0,2010,4,,,0,0,,304
48073,4591,A05,0,A00,A0,A0,E0,0,0,2010,4,0,,,0,,
48085,4591,A05,0,A00,A0,A0,E0,0,0,2010,4,1373,1492,599,479,120,1820
48089,4591,A05,0,A00,A0,A0,E0,0,0,2010,4,5,5,,,0,1787
48091,4591,A05,0,A00,A0,A0,E0,0,0,2010,4,147,145,35,36,-2,1418
48097,4591,A05,0,A00,A0,A0,E0,0,0,2010,4,16,17,4,4,0,1266
48099,4591,A05,0,A00,A0,A0,E0,0,0,2010,4,14,12,3,5,-2,920
48111,4591,A05,0,A00,A0,A0,E0,0,0,2010,4,,,0,0,,1254
48113,4591,A05,0,A00,A0,A0,E0,0,0,2010,4,4045,4261,1322,1107,215,2052
48117,4591,A05,0,A00,A0,A0,E0,0,0,2010,4,,,,,,1106
48121,4591,A05,0,A00,A0,A0,E0,0,0,2010,4,686,747,262,202,60,1826
48123,4591,A05,0,A00,A0,A0,E0,0,0,2010,4,,,0,,,1321
48131,4591,A05,0,A00,A0,A0,E0,0,0,2010,4,,,0,0,,2457
48135,4591,A05,0,A00,A0,A0,E0,0,0,2010,4,220,226,53,47,6,2406
48139,4591,A05,0,A00,A0,A0,E0,0,0,2010,4,314,379,312,247,65,2034
48141,4591,A05,0,A00,A0,A0,E0,0,0,2010,4,851,961,490,380,111,1583
48143,4591,A05,0,A00,A0,A0,E0,0,0,2010,4,33,34,9,8,1,1279
48157,4591,A05,0,A00,A0,A0,E0,0,0,2010,4,565,639,247,173,74,1969
48163,4591,A05,0,A00,A0,A0,E0,0,0,2010,4,,,,,,2337
48165,4591,A05,0,A00,A0,A0,E0,0,0,2010,4,,,,,,870
48167,4591,A05,0,A00,A0,A0,E0,0,0,2010,4,182,202,61,40,21,1533
48171,4591,A05,0,A00,A0,A0,E0,0,0,2010,4,22,22,4,3,1,1219
48179,4591,A05,0,A00,A0,A0,E0,0,0,2010,4,25,24,,3,-1,1251
48181,4591,A05,0,A00,A0,A0,E0,0,0,2010,4,184,198,67,53,14,1593
48183,4591,A05,0,A00,A0,A0,E0,0,0,2010,4,199,214,94,79,15,2092
48187,4591,A05,0,A00,A0,A0,E0,0,0,2010,4,36,43,17,10,7,1516
48189,4591,A05,0,A00,A0,A0,E0,0,0,2010,4,10,13,5,2,3,1263
48199,4591,A05,0,A00,A0,A0,E0,0,0,2010,4,,,,,,1798
48201,4591,A05,0,A00,A0,A0,E0,0,0,2010,4,5660,6140,2155,1674,480,1809
48203,4591,A05,0,A00,A0,A0,E0,0,0,2010,4,64,63,4,5,-1,1864
48207,4591,A05,0,A00,A0,A0,E0,0,0,2010,4,,0,0,,,814
48209,4591,A05,0,A00,A0,A0,E0,0,0,2010,4,541,544,116,113,3,1882
48213,4591,A05,0,A00,A0,A0,E0,0,0,2010,4,70,66,13,17,-3,1673
48215,4591,A05,0,A00,A0,A0,E0,0,0,2010,4,567,656,334,245,89,1511
48217,4591,A05,0,A00,A0,A0,E0,0,0,2010,4,,,,,,1637
48219,4591,A05,0,A00,A0,A0,E0,0,0,2010,4,16,15,4,5,-1,1039
48221,4591,A05,0,A00,A0,A0,E0,0,0,2010,4,20,24,8,4,4,2229
48223,4591,A05,0,A00,A0,A0,E0,0,0,2010,4,41,39,8,9,-1,1771
48225,4591,A05,0,A00,A0,A0,E0,0,0,2010,4,,,,,,1274
48227,4591,A05,0,A00,A0,A0,E0,0,0,2010,4,18,21,8,4,3,873
48231,4591,A05,0,A00,A0,A0,E0,0,0,2010,4,51,54,9,6,3,1700
48233,4591,A05,0,A00,A0,A0,E0,0,0,2010,4,,,,,,1874
48241,4591,A05,0,A00,A0,A0,E0,0,0,2010,4,6,8,,0,2,900
48245,4591,A05,0,A00,A0,A0,E0,0,0,2010,4,238,256,104,86,19,1942
48249,4591,A05,0,A00,A0,A0,E0,0,0,2010,4,,,,,,1301
48251,4591,A05,0,A00,A0,A0,E0,0,0,2010,4,84,89,29,24,5,1661
48253,4591,A05,0,A00,A0,A0,E0,0,0,2010,4,,0,0,,,2316
48257,4591,A05,0,A00,A0,A0,E0,0,0,2010,4,13,16,9,5,3,1365
48259,4591,A05,0,A00,A0,A0,E0,0,0,2010,4,27,25,4,6,-2,1883
48265,4591,A05,0,A00,A0,A0,E0,0,0,2010,4,33,33,5,5,1,1262
48267,4591,A05,0,A00,A0,A0,E0,0,0,2010,4,,,0,0,,3426
48273,4591,A05,0,A00,A0,A0,E0,0,0,2010,4,11,12,6,4,2,997
48277,4591,A05,0,A00,A0,A0,E0,0,0,2010,4,31,34,9,5,3,1532
48281,4591,A05,0,A00,A0,A0,E0,0,0,2010,4,,,,,,1230
48285,4591,A05,0,A00,A0,A0,E0,0,0,2010,4,,,0,0,,1742
48289,4591,A05,0,A00,A0,A0,E0,0,0,2010,4,,,,0,,2632
48291,4591,A05,0,A00,A0,A0,E0,0,0,2010,4,,,,,,1300
48293,4591,A05,0,A00,A0,A0,E0,0,0,2010,4,,,,,,1263
48295,4591,A05,0,A00,A0,A0,E0,0,0,2010,4,0,,,0,,
48299,4591,A05,0,A00,A0,A0,E0,0,0,2010,4,,,0,0,,57
48303,4591,A05,0,A00,A0,A0,E0,0,0,2010,4,435,452,172,156,17,1676
48307,4591,A05,0,A00,A0,A0,E0,0,0,2010,4,,,,,,1266
48309,4591,A05,0,A00,A0,A0,E0,0,0,2010,4,196,213,87,71,16,1539
48321,4591,A05,0,A00,A0,A0,E0,0,0,2010,4,12,12,3,3,0,1103
48323,4591,A05,0,A00,A0,A0,E0,0,0,2010,4,110,111,13,12,1,912
48325,4591,A05,0,A00,A0,A0,E0,0,0,2010,4,8,9,,,1,865
48329,4591,A05,0,A00,A0,A0,E0,0,0,2010,4,178,219,150,109,41,1654
48331,4591,A05,0,A00,A0,A0,E0,0,0,2010,4,,,0,0,,404
48339,4591,A05,0,A00,A0,A0,E0,0,0,2010,4,410,454,177,132,45,2012
48341,4591,A05,0,A00,A0,A0,E0,0,0,2010,4,16,17,8,7,1,1103
48347,4591,A05,0,A00,A0,A0,E0,0,0,2010,4,72,82,23,13,10,1912
48349,4591,A05,0,A00,A0,A0,E0,0,0,2010,4,85,88,29,26,3,1421
48353,4591,A05,0,A00,A0,A0,E0,0,0,2010,4,,,,,,936
48355,4591,A05,0,A00,A0,A0,E0,0,0,2010,4,481,523,185,142,43,1832
48361,4591,A05,0,A00,A0,A0,E0,0,0,2010,4,41,43,5,3,2,1626
48365,4591,A05,0,A00,A0,A0,E0,0,0,2010,4,,,,,,1498
48367,4591,A05,0,A00,A0,A0,E0,0,0,2010,4,121,119,25,28,-3,1690
48369,4591,A05,0,A00,A0,A0,E0,0,0,2010,4,,,0,0,,1155
48373,4591,A05,0,A00,A0,A0,E0,0,0,2010,4,11,15,9,5,4,1439
48375,4591,A05,0,A00,A0,A0,E0,0,0,2010,4,292,323,202,171,31,1431
48379,4591,A05,0,A00,A0,A0,E0,0,0,2010,4,,,0,,,1014
48381,4591,A05,0,A00,A0,A0,E0,0,0,2010,4,208,215,54,47,7,1751
48395,4591,A05,0,A00,A0,A0,E0,0,0,2010,4,,,0,0,,3600
48397,4591,A05,0,A00,A0,A0,E0,0,0,2010,4,133,143,48,37,10,1674
48401,4591,A05,0,A00,A0,A0,E0,0,0,2010,4,,,,,,1083
48407,4591,A05,0,A00,A0,A0,E0,0,0,2010,4,,,0,0,,1400
48409,4591,A05,0,A00,A0,A0,E0,0,0,2010,4,20,30,15,5,10,1929
48419,4591,A05,0,A00,A0,A0,E0,0,0,2010,4,,,,,,2537
48423,4591,A05,0,A00,A0,A0,E0,0,0,2010,4,269,285,114,99,15,1753
48425,4591,A05,0,A00,A0,A0,E0,0,0,2010,4,,,,,,663
48427,4591,A05,0,A00,A0,A0,E0,0,0,2010,4,,,,,,1172
48439,4591,A05,0,A00,A0,A0,E0,0,0,2010,4,3066,3305,1078,839,239,2213
48441,4591,A05,0,A00,A0,A0,E0,0,0,2010,4,142,147,62,56,5,1529
48449,4591,A05,0,A00,A0,A0,E0,0,0,2010,4,,,,,,1535
48451,4591,A05,0,A00,A0,A0,E0,0,0,2010,4,130,148,57,39,18,1505
48453,4591,A05,0,A00,A0,A0,E0,0,0,2010,4,1878,1991,568,455,113,1857
48459,4591,A05,0,A00,A0,A0,E0,0,0,2010,4,,,,,,1511
48463,4591,A05,0,A00,A0,A0,E0,0,0,2010,4,40,42,16,13,3,1456
48465,4591,A05,0,A00,A0,A0,E0,0,0,2010,4,10,11,4,3,1,1432
48467,4591,A05,0,A00,A0,A0,E0,0,0,2010,4,16,16,3,4,0,1308
48469,4591,A05,0,A00,A0,A0,E0,0,0,2010,4,135,145,52,42,10,1401
48471,4591,A05,0,A00,A0,A0,E0,0,0,2010,4,33,35,7,5,2,2952
48475,4591,A05,0,A00,A0,A0,E0,0,0,2010,4,,,,,,1620
48477,4591,A05,0,A00,A0,A0,E0,0,0,2010,4,38,54,26,10,16,1414
48479,4591,A05,0,A00,A0,A0,E0,0,0,2010,4,202,229,145,118,27,1432
48481,4591,A05,0,A00,A0,A0,E0,0,0,2010,4,25,23,4,5,-2,2349
48485,4591,A05,0,A00,A0,A0,E0,0,0,2010,4,147,160,64,51,14,1722
48487,4591,A05,0,A00,A0,A0,E0,0,0,2010,4,,,,,,1196
48491,4591,A05,0,A00,A0,A0,E0,0,0,2010,4,511,569,200,142,58,1720
48497,4591,A05,0,A00,A0,A0,E0,0,0,2010,4,12,13,5,4,1,1501
48499,4591,A05,0,A00,A0,A0,E0,0,0,2010,4,,,,0,,2252
48501,4591,A05,0,A00,A0,A0,E0,0,0,2010,4,,,0,,,1019
48503,4591,A05,0,A00,A0,A0,E0,0,0,2010,4,,,,,,1062
48,4591,A05,0,A00,A0,A0,E0,0,0,2010,4,29594,31957,11407,9044,2363,1844
48001,4591,A05,0,A00,A0,A0,E0,0,0,2011,1,18,16,,4,-2,1408
48005,4591,A05,0,A00,A0,A0,E0,0,0,2011,1,36,34,3,5,-2,1654
48007,4591,A05,0,A00,A0,A0,E0,0,0,2011,1,19,17,,3,-2,1626
48009,4591,A05,0,A00,A0,A0,E0,0,0,2011,1,,,,,,383
48013,4591,A05,0,A00,A0,A0,E0,0,0,2011,1,7,8,,,0,1928
48015,4591,A05,0,A00,A0,A0,E0,0,0,2011,1,,,0,0,,2492
48019,4591,A05,0,A00,A0,A0,E0,0,0,2011,1,,,0,0,,1473
48021,4591,A05,0,A00,A0,A0,E0,0,0,2011,1,6,6,,,0,1666
48025,4591,A05,0,A00,A0,A0,E0,0,0,2011,1,,,,,,1161
48027,4591,A05,0,A00,A0,A0,E0,0,0,2011,1,312,269,31,74,-43,1111
48029,4591,A05,0,A00,A0,A0,E0,0,0,2011,1,2468,2247,244,464,-221,1380
48037,4591,A05,0,A00,A0,A0,E0,0,0,2011,1,134,114,20,40,-20,1359
48039,4591,A05,0,A00,A0,A0,E0,0,0,2011,1,180,171,30,39,-9,2459
48041,4591,A05,0,A00,A0,A0,E0,0,0,2011,1,217,202,25,39,-15,1022
48049,4591,A05,0,A00,A0,A0,E0,0,0,2011,1,16,14,,4,-2,1031
48053,4591,A05,0,A00,A0,A0,E0,0,0,2011,1,5,4,0,,-1,701
48055,4591,A05,0,A00,A0,A0,E0,0,0,2011,1,,,0,0,,869
48057,4591,A05,0,A00,A0,A0,E0,0,0,2011,1,,,0,0,,848
48059,4591,A05,0,A00,A0,A0,E0,0,0,2011,1,,,0,0,,1793
48061,4591,A05,0,A00,A0,A0,E0,0,0,2011,1,247,237,30,41,-11,1225
48067,4591,A05,0,A00,A0,A0,E0,0,0,2011,1,,,0,0,,852
48069,4591,A05,0,A00,A0,A0,E0,0,0,2011,1,,,0,0,,683
48071,4591,A05,0,A00,A0,A0,E0,0,0,2011,1,,,,0,,350
48073,4591,A05,0,A00,A0,A0,E0,0,0,2011,1,,,,,,733
48085,4591,A05,0,A00,A0,A0,E0,0,0,2011,1,1491,1355,165,302,-136,1517
48089,4591,A05,0,A00,A0,A0,E0,0,0,2011,1,,,0,0,,911
48091,4591,A05,0,A00,A0,A0,E0,0,0,2011,1,149,143,21,27,-6,1293
48097,4591,A05,0,A00,A0,A0,E0,0,0,2011,1,11,9,,4,-2,891
48099,4591,A05,0,A00,A0,A0,E0,0,0,2011,1,13,11,,4,-2,819
48111,4591,A05,0,A00,A0,A0,E0,0,0,2011,1,,,,,,712
48113,4591,A05,0,A00,A0,A0,E0,0,0,2011,1,4210,3852,388,746,-358,1756
48117,4591,A05,0,A00,A0,A0,E0,0,0,2011,1,,,,,,1205
48121,4591,A05,0,A00,A0,A0,E0,0,0,2011,1,747,668,77,155,-78,1726
48123,4591,A05,0,A00,A0,A0,E0,0,0,2011,1,,,,,,834
48131,4591,A05,0,A00,A0,A0,E0,0,0,2011,1,,,0,0,,2532
48135,4591,A05,0,A00,A0,A0,E0,0,0,2011,1,221,211,20,31,-11,1984
48139,4591,A05,0,A00,A0,A0,E0,0,0,2011,1,371,298,22,95,-73,1311
48141,4591,A05,0,A00,A0,A0,E0,0,0,2011,1,961,824,102,239,-137,1223
48143,4591,A05,0,A00,A0,A0,E0,0,0,2011,1,25,25,5,6,0,961
48157,4591,A05,0,A00,A0,A0,E0,0,0,2011,1,644,578,85,151,-66,1490
48163,4591,A05,0,A00,A0,A0,E0,0,0,2011,1,,,,,,1510
48165,4591,A05,0,A00,A0,A0,E0,0,0,2011,1,,,,,,672
48167,4591,A05,0,A00,A0,A0,E0,0,0,2011,1,202,205,39,37,2,1187
48171,4591,A05,0,A00,A0,A0,E0,0,0,2011,1,22,23,5,5,0,1034
48179,4591,A05,0,A00,A0,A0,E0,0,0,2011,1,24,22,2,4,-2,1118
48181,4591,A05,0,A00,A0,A0,E0,0,0,2011,1,198,189,25,35,-9,1306
48183,4591,A05,0,A00,A0,A0,E0,0,0,2011,1,211,202,32,42,-10,1505
48187,4591,A05,0,A00,A0,A0,E0,0,0,2011,1,43,35,3,11,-8,1573
48189,4591,A05,0,A00,A0,A0,E0,0,0,2011,1,13,11,,3,-2,962
48199,4591,A05,0,A00,A0,A0,E0,0,0,2011,1,,,,,,1336
48201,4591,A05,0,A00,A0,A0,E0,0,0,2011,1,6140,5622,750,1268,-518,1434
48203,4591,A05,0,A00,A0,A0,E0,0,0,2011,1,63,67,9,5,4,1529
48207,4591,A05,0,A00,A0,A0,E0,0,0,2011,1,0,0,,,0,
48209,4591,A05,0,A00,A0,A0,E0,0,0,2011,1,538,522,50,67,-17,1506
48213,4591,A05,0,A00,A0,A0,E0,0,0,2011,1,39,42,12,9,4,1659
48215,4591,A05,0,A00,A0,A0,E0,0,0,2011,1,661,573,68,156,-88,1200
48217,4591,A05,0,A00,A0,A0,E0,0,0,2011,1,,,,,,736
48219,4591,A05,0,A00,A0,A0,E0,0,0,2011,1,15,14,4,5,-1,951
48221,4591,A05,0,A00,A0,A0,E0,0,0,2011,1,24,21,,4,-2,1984
48223,4591,A05,0,A00,A0,A0,E0,0,0,2011,1,39,40,6,5,1,1563
48225,4591,A05,0,A00,A0,A0,E0,0,0,2011,1,,,,,,1028
48227,4591,A05,0,A00,A0,A0,E0,0,0,2011,1,21,19,6,7,-2,656
48231,4591,A05,0,A00,A0,A0,E0,0,0,2011,1,43,40,6,10,-4,1449
48233,4591,A05,0,A00,A0,A0,E0,0,0,2011,1,,,,,,1650
48241,4591,A05,0,A00,A0,A0,E0,0,0,2011,1,8,11,7,4,3,1076
48245,4591,A05,0,A00,A0,A0,E0,0,0,2011,1,256,233,31,55,-24,1393
48249,4591,A05,0,A00,A0,A0,E0,0,0,2011,1,,,,,,1100
48251,4591,A05,0,A00,A0,A0,E0,0,0,2011,1,89,85,10,14,-4,1329
48253,4591,A05,0,A00,A0,A0,E0,0,0,2011,1,0,,,,,
48257,4591,A05,0,A00,A0,A0,E0,0,0,2011,1,16,11,,5,-5,994
48259,4591,A05,0,A00,A0,A0,E0,0,0,2011,1,25,24,3,3,-1,1783
48265,4591,A05,0,A00,A0,A0,E0,0,0,2011,1,33,34,4,4,0,1174
48267,4591,A05,0,A00,A0,A0,E0,0,0,2011,1,,,0,0,,3426
48273,4591,A05,0,A00,A0,A0,E0,0,0,2011,1,12,11,,,-1,877
48277,4591,A05,0,A00,A0,A0,E0,0,0,2011,1,47,48,8,7,0,1771
48281,4591,A05,0,A00,A0,A0,E0,0,0,2011,1,,,,,,1318
48285,4591,A05,0,A00,A0,A0,E0,0,0,2011,1,,,0,,,1299
48289,4591,A05,0,A00,A0,A0,E0,0,0,2011,1,,0,0,,,1280
48291,4591,A05,0,A00,A0,A0,E0,0,0,2011,1,,,,,,1144
48293,4591,A05,0,A00,A0,A0,E0,0,0,2011,1,,,,,,965
48295,4591,A05,0,A00,A0,A0,E0,0,0,2011,1,,,,,,482
48299,4591,A05,0,A00,A0,A0,E0,0,0,2011,1,,,,0,,107
48303,4591,A05,0,A00,A0,A0,E0,0,0,2011,1,452,421,52,82,-31,1408
48307,4591,A05,0,A00,A0,A0,E0,0,0,2011,1,,,0,0,,1736
48309,4591,A05,0,A00,A0,A0,E0,0,0,2011,1,213,198,19,34,-15,1186
48321,4591,A05,0,A00,A0,A0,E0,0,0,2011,1,12,11,3,3,-1,1125
48323,4591,A05,0,A00,A0,A0,E0,0,0,2011,1,111,113,19,18,1,879
48325,4591,A05,0,A00,A0,A0,E0,0,0,2011,1,,,0,,,1017
48329,4591,A05,0,A00,A0,A0,E0,0,0,2011,1,219,187,18,49,-31,1162
48331,4591,A05,0,A00,A0,A0,E0,0,0,2011,1,,,0,0,,354
48339,4591,A05,0,A00,A0,A0,E0,0,0,2011,1,455,410,51,96,-45,1332
48341,4591,A05,0,A00,A0,A0,E0,0,0,2011,1,17,14,4,7,-2,895
48347,4591,A05,0,A00,A0,A0,E0,0,0,2011,1,82,87,17,11,5,1515
48349,4591,A05,0,A00,A0,A0,E0,0,0,2011,1,88,73,7,21,-14,1141
48353,4591,A05,0,A00,A0,A0,E0,0,0,2011,1,,,,,,935
48355,4591,A05,0,A00,A0,A0,E0,0,0,2011,1,526,501,51,77,-25,1479
48361,4591,A05,0,A00,A0,A0,E0,0,0,2011,1,49,45,10,14,-4,1366
48363,4591,A05,0,A00,A0,A0,E0,0,0,2011,1,,,0,0,,811
48365,4591,A05,0,A00,A0,A0,E0,0,0,2011,1,,,,,,1325
48367,4591,A05,0,A00,A0,A0,E0,0,0,2011,1,118,119,32,31,1,1650
48369,4591,A05,0,A00,A0,A0,E0,0,0,2011,1,,,0,0,,1126
48373,4591,A05,0,A00,A0,A0,E0,0,0,2011,1,15,14,3,5,-2,1046
48375,4591,A05,0,A00,A0,A0,E0,0,0,2011,1,321,282,28,67,-39,1139
48379,4591,A05,0,A00,A0,A0,E0,0,0,2011,1,,,0,,,763
48381,4591,A05,0,A00,A0,A0,E0,0,0,2011,1,216,203,26,40,-13,1298
48395,4591,A05,0,A00,A0,A0,E0,0,0,2011,1,,,,,,1518
48397,4591,A05,0,A00,A0,A0,E0,0,0,2011,1,144,132,16,28,-12,1273
48401,4591,A05,0,A00,A0,A0,E0,0,0,2011,1,,,,,,1074
48407,4591,A05,0,A00,A0,A0,E0,0,0,2011,1,,,0,0,,1595
48409,4591,A05,0,A00,A0,A0,E0,0,0,2011,1,30,27,4,7,-2,890
48415,4591,A05,0,A00,A0,A0,E0,0,0,2011,1,0,,,0,,
48419,4591,A05,0,A00,A0,A0,E0,0,0,2011,1,,,,,,2078
48423,4591,A05,0,A00,A0,A0,E0,0,0,2011,1,289,271,41,58,-18,1422
48425,4591,A05,0,A00,A0,A0,E0,0,0,2011,1,,,,,,445
48427,4591,A05,0,A00,A0,A0,E0,0,0,2011,1,10,10,3,3,0,955
48439,4591,A05,0,A00,A0,A0,E0,0,0,2011,1,3272,3334,639,576,62,1874
48441,4591,A05,0,A00,A0,A0,E0,0,0,2011,1,146,137,20,29,-9,1253
48449,4591,A05,0,A00,A0,A0,E0,0,0,2011,1,,,,,,1367
48451,4591,A05,0,A00,A0,A0,E0,0,0,2011,1,143,133,14,24,-10,1168
48453,4591,A05,0,A00,A0,A0,E0,0,0,2011,1,2022,1971,267,318,-51,1719
48459,4591,A05,0,A00,A0,A0,E0,0,0,2011,1,,,,,,1250
48463,4591,A05,0,A00,A0,A0,E0,0,0,2011,1,52,48,12,16,-4,1387
48465,4591,A05,0,A00,A0,A0,E0,0,0,2011,1,11,12,,,1,1184
48467,4591,A05,0,A00,A0,A0,E0,0,0,2011,1,12,14,4,3,2,1024
48469,4591,A05,0,A00,A0,A0,E0,0,0,2011,1,145,132,16,29,-13,1148
48471,4591,A05,0,A00,A0,A0,E0,0,0,2011,1,35,38,11,8,3,2357
48475,4591,A05,0,A00,A0,A0,E0,0,0,2011,1,,,,,,1230
48477,4591,A05,0,A00,A0,A0,E0,0,0,2011,1,56,57,17,16,0,1447
48479,4591,A05,0,A00,A0,A0,E0,0,0,2011,1,229,190,13,52,-39,1050
48481,4591,A05,0,A00,A0,A0,E0,0,0,2011,1,23,23,5,5,-1,2080
48485,4591,A05,0,A00,A0,A0,E0,0,0,2011,1,160,150,17,28,-11,1264
48487,4591,A05,0,A00,A0,A0,E0,0,0,2011,1,,,,,,1117
48491,4591,A05,0,A00,A0,A0,E0,0,0,2011,1,576,525,48,98,-50,1359
48497,4591,A05,0,A00,A0,A0,E0,0,0,2011,1,13,10,3,6,-3,1198
48499,4591,A05,0,A00,A0,A0,E0,0,0,2011,1,,,,,,1997
48501,4591,A05,0,A00,A0,A0,E0,0,0,2011,1,,,0,0,,2085
48503,4591,A05,0,A00,A0,A0,E0,0,0,2011,1,,,,,,836
48505,4591,A05,0,A00,A0,A0,E0,0,0,2011,1,0,,,0,,
48,4591,A05,0,A00,A0,A0,E0,0,0,2011,1,31893,29634,3918,6176,-2259,1511
48001,4591,A05,0,A00,A0,A0,E0,0,0,2011,2,16,16,5,4,1,1691
48005,4591,A05,0,A00,A0,A0,E0,0,0,2011,2,34,36,7,5,2,2107
48007,4591,A05,0,A00,A0,A0,E0,0,0,2011,2,18,17,3,4,0,1789
48009,4591,A05,0,A00,A0,A0,E0,0,0,2011,2,,,,0,,582
48013,4591,A05,0,A00,A0,A0,E0,0,0,2011,2,8,8,,0,1,4281
48015,4591,A05,0,A00,A0,A0,E0,0,0,2011,2,,,0,0,,2908
48019,4591,A05,0,A00,A0,A0,E0,0,0,2011,2,,,0,0,,1552
48021,4591,A05,0,A00,A0,A0,E0,0,0,2011,2,6,6,,,0,1866
48025,4591,A05,0,A00,A0,A0,E0,0,0,2011,2,,,,,,1269
48027,4591,A05,0,A00,A0,A0,E0,0,0,2011,2,268,266,41,42,-2,1362
48029,4591,A05,0,A00,A0,A0,E0,0,0,2011,2,2250,2313,455,392,62,1642
48037,4591,A05,0,A00,A0,A0,E0,0,0,2011,2,102,107,28,23,5,1472
48039,4591,A05,0,A00,A0,A0,E0,0,0,2011,2,171,175,35,32,4,3310
48041,4591,A05,0,A00,A0,A0,E0,0,0,2011,2,224,226,47,45,2,1178
48049,4591,A05,0,A00,A0,A0,E0,0,0,2011,2,,,,,,1306
48053,4591,A05,0,A00,A0,A0,E0,0,0,2011,2,4,4,0,0,0,1071
48055,4591,A05,0,A00,A0,A0,E0,0,0,2011,2,,,,0,,1334
48057,4591,A05,0,A00,A0,A0,E0,0,0,2011,2,,,0,,,1190
48059,4591,A05,0,A00,A0,A0,E0,0,0,2011,2,,,0,0,,1441
48061,4591,A05,0,A00,A0,A0,E0,0,0,2011,2,237,236,48,49,-1,1469
48067,4591,A05,0,A00,A0,A0,E0,0,0,2011,2,,,0,,,827
48069,4591,A05,0,A00,A0,A0,E0,0,0,2011,2,,,0,0,,806
48071,4591,A05,0,A00,A0,A0,E0,0,0,2011,2,,,,,,279
48073,4591,A05,0,A00,A0,A0,E0,0,0,2011,2,,,,,,864
48085,4591,A05,0,A00,A0,A0,E0,0,0,2011,2,1668,1730,373,311,62,1726
48089,4591,A05,0,A00,A0,A0,E0,0,0,2011,2,,,,,,738
48091,4591,A05,0,A00,A0,A0,E0,0,0,2011,2,143,167,62,38,24,1615
48097,4591,A05,0,A00,A0,A0,E0,0,0,2011,2,9,9,,2,-1,1135
48099,4591,A05,0,A00,A0,A0,E0,0,0,2011,2,12,10,,,-2,1045
48111,4591,A05,0,A00,A0,A0,E0,0,0,2011,2,,,0,,,1081
48113,4591,A05,0,A00,A0,A0,E0,0,0,2011,2,3848,3988,735,595,140,1937
48117,4591,A05,0,A00,A0,A0,E0,0,0,2011,2,,,,,,1602
48121,4591,A05,0,A00,A0,A0,E0,0,0,2011,2,669,652,121,138,-17,1872
48123,4591,A05,0,A00,A0,A0,E0,0,0,2011,2,,,,,,1118
48131,4591,A05,0,A00,A0,A0,E0,0,0,2011,2,,,0,0,,2448
48135,4591,A05,0,A00,A0,A0,E0,0,0,2011,2,211,220,43,34,9,2101
48139,4591,A05,0,A00,A0,A0,E0,0,0,2011,2,298,286,38,51,-13,1637
48141,4591,A05,0,A00,A0,A0,E0,0,0,2011,2,824,849,186,161,25,1549
48143,4591,A05,0,A00,A0,A0,E0,0,0,2011,2,24,23,3,5,-2,1056
48157,4591,A05,0,A00,A0,A0,E0,0,0,2011,2,565,552,105,118,-13,1796
48159,4591,A05,0,A00,A0,A0,E0,0,0,2011,2,0,,,0,,
48163,4591,A05,0,A00,A0,A0,E0,0,0,2011,2,,,0,,,1650
48165,4591,A05,0,A00,A0,A0,E0,0,0,2011,2,,,,,,893
48167,4591,A05,0,A00,A0,A0,E0,0,0,2011,2,205,214,59,50,9,1442
48171,4591,A05,0,A00,A0,A0,E0,0,0,2011,2,23,21,6,8,-2,1142
48179,4591,A05,0,A00,A0,A0,E0,0,0,2011,2,22,25,7,5,3,1406
48181,4591,A05,0,A00,A0,A0,E0,0,0,2011,2,186,185,47,48,-1,1475
48183,4591,A05,0,A00,A0,A0,E0,0,0,2011,2,201,214,48,35,13,1779
48187,4591,A05,0,A00,A0,A0,E0,0,0,2011,2,35,38,9,5,3,1561
48189,4591,A05,0,A00,A0,A0,E0,0,0,2011,2,11,11,3,4,0,1235
48199,4591,A05,0,A00,A0,A0,E0,0,0,2011,2,15,15,3,3,0,1051
48201,4591,A05,0,A00,A0,A0,E0,0,0,2011,2,5756,5817,1086,1026,60,1739
48203,4591,A05,0,A00,A0,A0,E0,0,0,2011,2,67,70,8,5,3,1553
48207,4591,A05,0,A00,A0,A0,E0,0,0,2011,2,0,,,0,,
48209,4591,A05,0,A00,A0,A0,E0,0,0,2011,2,514,539,122,97,26,1612
48213,4591,A05,0,A00,A0,A0,E0,0,0,2011,2,42,40,10,12,-2,1699
48215,4591,A05,0,A00,A0,A0,E0,0,0,2011,2,573,565,136,143,-7,1440
48217,4591,A05,0,A00,A0,A0,E0,0,0,2011,2,,,,,,1049
48219,4591,A05,0,A00,A0,A0,E0,0,0,2011,2,14,13,5,5,-1,1235
48221,4591,A05,0,A00,A0,A0,E0,0,0,2011,2,21,25,4,,3,2128
48223,4591,A05,0,A00,A0,A0,E0,0,0,2011,2,40,39,3,5,-2,1718
48225,4591,A05,0,A00,A0,A0,E0,0,0,2011,2,,,,,,1247
48227,4591,A05,0,A00,A0,A0,E0,0,0,2011,2,19,23,8,4,4,792
48231,4591,A05,0,A00,A0,A0,E0,0,0,2011,2,35,36,10,8,2,1800
48233,4591,A05,0,A00,A0,A0,E0,0,0,2011,2,,,,,,1987
48241,4591,A05,0,A00,A0,A0,E0,0,0,2011,2,11,14,4,,3,1145
48245,4591,A05,0,A00,A0,A0,E0,0,0,2011,2,223,223,42,42,0,1927
48249,4591,A05,0,A00,A0,A0,E0,0,0,2011,2,,,,,,1308
48251,4591,A05,0,A00,A0,A0,E0,0,0,2011,2,85,85,13,13,0,1590
48253,4591,A05,0,A00,A0,A0,E0,0,0,2011,2,,,0,0,,918
48257,4591,A05,0,A00,A0,A0,E0,0,0,2011,2,11,12,4,4,0,1542
48259,4591,A05,0,A00,A0,A0,E0,0,0,2011,2,24,19,4,9,-5,1962
48265,4591,A05,0,A00,A0,A0,E0,0,0,2011,2,34,33,4,5,-1,1306
48267,4591,A05,0,A00,A0,A0,E0,0,0,2011,2,,,0,0,,3426
48273,4591,A05,0,A00,A0,A0,E0,0,0,2011,2,11,11,,3,-1,1125
48277,4591,A05,0,A00,A0,A0,E0,0,0,2011,2,47,51,13,10,4,1925
48281,4591,A05,0,A00,A0,A0,E0,0,0,2011,2,,,0,0,,1248
48285,4591,A05,0,A00,A0,A0,E0,0,0,2011,2,,,0,0,,1498
48291,4591,A05,0,A00,A0,A0,E0,0,0,2011,2,,,,,,1331
48293,4591,A05,0,A00,A0,A0,E0,0,0,2011,2,,,,,,1167
48295,4591,A05,0,A00,A0,A0,E0,0,0,2011,2,,,0,0,,234
48299,4591,A05,0,A00,A0,A0,E0,0,0,2011,2,,,0,,,140
48303,4591,A05,0,A00,A0,A0,E0,0,0,2011,2,453,496,129,86,43,1540
48307,4591,A05,0,A00,A0,A0,E0,0,0,2011,2,,,,,,670
48309,4591,A05,0,A00,A0,A0,E0,0,0,2011,2,198,196,33,35,-1,1334
48321,4591,A05,0,A00,A0,A0,E0,0,0,2011,2,11,13,5,3,2,1336
48323,4591,A05,0,A00,A0,A0,E0,0,0,2011,2,113,105,15,22,-7,913
48325,4591,A05,0,A00,A0,A0,E0,0,0,2011,2,,,0,0,,949
48329,4591,A05,0,A00,A0,A0,E0,0,0,2011,2,187,190,55,52,3,1440
48331,4591,A05,0,A00,A0,A0,E0,0,0,2011,2,,,0,0,,413
48339,4591,A05,0,A00,A0,A0,E0,0,0,2011,2,410,427,108,90,17,2052
48341,4591,A05,0,A00,A0,A0,E0,0,0,2011,2,14,14,8,8,0,1199
48347,4591,A05,0,A00,A0,A0,E0,0,0,2011,2,87,86,13,14,-1,1633
48349,4591,A05,0,A00,A0,A0,E0,0,0,2011,2,46,50,18,13,4,1422
48353,4591,A05,0,A00,A0,A0,E0,0,0,2011,2,,,,,,1141
48355,4591,A05,0,A00,A0,A0,E0,0,0,2011,2,502,504,79,77,2,1671
48361,4591,A05,0,A00,A0,A0,E0,0,0,2011,2,45,52,17,10,7,1550
48363,4591,A05,0,A00,A0,A0,E0,0,0,2011,2,,,0,0,,541
48365,4591,A05,0,A00,A0,A0,E0,0,0,2011,2,,,,,,1283
48367,4591,A05,0,A00,A0,A0,E0,0,0,2011,2,119,119,25,24,0,1737
48369,4591,A05,0,A00,A0,A0,E0,0,0,2011,2,,,0,0,,1224
48373,4591,A05,0,A00,A0,A0,E0,0,0,2011,2,14,15,4,3,1,1360
48375,4591,A05,0,A00,A0,A0,E0,0,0,2011,2,252,251,56,57,-1,1378
48379,4591,A05,0,A00,A0,A0,E0,0,0,2011,2,,,0,0,,1260
48381,4591,A05,0,A00,A0,A0,E0,0,0,2011,2,203,201,45,48,-3,1441
48395,4591,A05,0,A00,A0,A0,E0,0,0,2011,2,,,,,,1543
48397,4591,A05,0,A00,A0,A0,E0,0,0,2011,2,132,134,30,28,2,1662
48401,4591,A05,0,A00,A0,A0,E0,0,0,2011,2,,,,,,1348
48407,4591,A05,0,A00,A0,A0,E0,0,0,2011,2,,,0,0,,1290
48409,4591,A05,0,A00,A0,A0,E0,0,0,2011,2,27,33,15,9,5,1034
48415,4591,A05,0,A00,A0,A0,E0,0,0,2011,2,,,,,,2013
48419,4591,A05,0,A00,A0,A0,E0,0,0,2011,2,,,,,,2668
48423,4591,A05,0,A00,A0,A0,E0,0,0,2011,2,303,314,79,67,12,1662
48425,4591,A05,0,A00,A0,A0,E0,0,0,2011,2,,,,,,701
48427,4591,A05,0,A00,A0,A0,E0,0,0,2011,2,10,10,4,4,0,1308
48439,4591,A05,0,A00,A0,A0,E0,0,0,2011,2,3032,3026,456,462,-6,2035
48441,4591,A05,0,A00,A0,A0,E0,0,0,2011,2,137,140,39,36,3,1588
48449,4591,A05,0,A00,A0,A0,E0,0,0,2011,2,,,,,,1428
48451,4591,A05,0,A00,A0,A0,E0,0,0,2011,2,133,126,23,30,-7,1251
48453,4591,A05,0,A00,A0,A0,E0,0,0,2011,2,1974,2050,407,331,76,1959
48459,4591,A05,0,A00,A0,A0,E0,0,0,2011,2,,,0,,,1404
48463,4591,A05,0,A00,A0,A0,E0,0,0,2011,2,48,50,17,15,2,1743
48465,4591,A05,0,A00,A0,A0,E0,0,0,2011,2,12,11,,2,-1,1278
48467,4591,A05,0,A00,A0,A0,E0,0,0,2011,2,14,12,4,6,-2,1104
48469,4591,A05,0,A00,A0,A0,E0,0,0,2011,2,132,136,20,17,4,1284
48471,4591,A05,0,A00,A0,A0,E0,0,0,2011,2,38,37,8,9,-1,2596
48475,4591,A05,0,A00,A0,A0,E0,0,0,2011,2,,,,,,1291
48477,4591,A05,0,A00,A0,A0,E0,0,0,2011,2,57,57,15,14,0,1458
48479,4591,A05,0,A00,A0,A0,E0,0,0,2011,2,190,187,27,29,-3,1266
48481,4591,A05,0,A00,A0,A0,E0,0,0,2011,2,23,21,3,5,-2,2494
48485,4591,A05,0,A00,A0,A0,E0,0,0,2011,2,150,157,35,28,7,1642
48487,4591,A05,0,A00,A0,A0,E0,0,0,2011,2,,,,,,1010
48491,4591,A05,0,A00,A0,A0,E0,0,0,2011,2,526,531,82,77,5,1551
48497,4591,A05,0,A00,A0,A0,E0,0,0,2011,2,10,14,6,3,3,1662
48499,4591,A05,0,A00,A0,A0,E0,0,0,2011,2,,,,,,2253
48501,4591,A05,0,A00,A0,A0,E0,0,0,2011,2,,,,,,2013
48503,4591,A05,0,A00,A0,A0,E0,0,0,2011,2,,,,,,1111
48505,4591,A05,0,A00,A0,A0,E0,0,0,2011,2,,,0,0,,967
48,4591,A05,0,A00,A0,A0,E0,0,0,2011,2,29763,30339,5974,5398,576,1755
48001,4591,A05,0,A00,A0,A0,E0,0,0,2011,3,16,17,6,5,1,1567
48005,4591,A05,0,A00,A0,A0,E0,0,0,2011,3,36,39,10,7,3,2170
48007,4591,A05,0,A00,A0,A0,E0,0,0,2011,3,17,14,,4,-3,2165
48009,4591,A05,0,A00,A0,A0,E0,0,0,2011,3,,,0,,,417
48013,4591,A05,0,A00,A0,A0,E0,0,0,2011,3,8,10,,0,2,4099
48015,4591,A05,0,A00,A0,A0,E0,0,0,2011,3,,,0,0,,2492
48019,4591,A05,0,A00,A0,A0,E0,0,0,2011,3,,,,0,,1530
48021,4591,A05,0,A00,A0,A0,E0,0,0,2011,3,,,0,,,474
48025,4591,A05,0,A00,A0,A0,E0,0,0,2011,3,,,,,,1149
48027,4591,A05,0,A00,A0,A0,E0,0,0,2011,3,267,273,55,49,6,1447
48029,4591,A05,0,A00,A0,A0,E0,0,0,2011,3,2313,2530,679,462,217,1612
48037,4591,A05,0,A00,A0,A0,E0,0,0,2011,3,107,119,46,34,12,1414
48039,4591,A05,0,A00,A0,A0,E0,0,0,2011,3,113,103,23,32,-9,1544
48041,4591,A05,0,A00,A0,A0,E0,0,0,2011,3,226,233,73,66,7,1278
48049,4591,A05,0,A00,A0,A0,E0,0,0,2011,3,12,22,14,4,9,1501
48053,4591,A05,0,A00,A0,A0,E0,0,0,2011,3,4,5,,,0,928
48055,4591,A05,0,A00,A0,A0,E0,0,0,2011,3,,,,,,849
48057,4591,A05,0,A00,A0,A0,E0,0,0,2011,3,,,,0,,1064
48059,4591,A05,0,A00,A0,A0,E0,0,0,2011,3,,,0,0,,2269
48061,4591,A05,0,A00,A0,A0,E0,0,0,2011,3,236,221,43,58,-15,1530
48067,4591,A05,0,A00,A0,A0,E0,0,0,2011,3,,,,,,1324
48069,4591,A05,0,A00,A0,A0,E0,0,0,2011,3,,,,,,900
48071,4591,A05,0,A00,A0,A0,E0,0,0,2011,3,,,,,,323
48073,4591,A05,0,A00,A0,A0,E0,0,0,2011,3,,,,,,846
48085,4591,A05,0,A00,A0,A0,E0,0,0,2011,3,1728,1710,360,379,-19,1775
48089,4591,A05,0,A00,A0,A0,E0,0,0,2011,3,,,,0,,1003
48091,4591,A05,0,A00,A0,A0,E0,0,0,2011,3,166,156,35,46,-11,1523
48097,4591,A05,0,A00,A0,A0,E0,0,0,2011,3,9,8,3,3,-1,1184
48099,4591,A05,0,A00,A0,A0,E0,0,0,2011,3,9,10,,,1,1062
48111,4591,A05,0,A00,A0,A0,E0,0,0,2011,3,,,,,,780
48113,4591,A05,0,A00,A0,A0,E0,0,0,2011,3,3562,3615,725,672,53,1972
48117,4591,A05,0,A00,A0,A0,E0,0,0,2011,3,,,,,,1490
48121,4591,A05,0,A00,A0,A0,E0,0,0,2011,3,652,654,153,151,2,1882
48123,4591,A05,0,A00,A0,A0,E0,0,0,2011,3,,,,,,1039
48131,4591,A05,0,A00,A0,A0,E0,0,0,2011,3,,,0,0,,2424
48135,4591,A05,0,A00,A0,A0,E0,0,0,2011,3,220,218,46,49,-2,2045
48139,4591,A05,0,A00,A0,A0,E0,0,0,2011,3,272,289,69,51,18,1730
48141,4591,A05,0,A00,A0,A0,E0,0,0,2011,3,849,904,250,196,55,1530
48143,4591,A05,0,A00,A0,A0,E0,0,0,2011,3,23,23,6,5,1,1142
48157,4591,A05,0,A00,A0,A0,E0,0,0,2011,3,552,564,136,124,12,1886
48159,4591,A05,0,A00,A0,A0,E0,0,0,2011,3,,,0,0,,10468
48163,4591,A05,0,A00,A0,A0,E0,0,0,2011,3,,,,,,1686
48165,4591,A05,0,A00,A0,A0,E0,0,0,2011,3,,,,,,785
48167,4591,A05,0,A00,A0,A0,E0,0,0,2011,3,214,192,53,75,-22,1448
48171,4591,A05,0,A00,A0,A0,E0,0,0,2011,3,21,20,5,6,-1,1069
48179,4591,A05,0,A00,A0,A0,E0,0,0,2011,3,24,22,,5,-3,1417
48181,4591,A05,0,A00,A0,A0,E0,0,0,2011,3,185,184,46,47,-1,1556
48183,4591,A05,0,A00,A0,A0,E0,0,0,2011,3,214,208,56,62,-6,1675
48187,4591,A05,0,A00,A0,A0,E0,0,0,2011,3,39,40,8,6,2,1533
48189,4591,A05,0,A00,A0,A0,E0,0,0,2011,3,11,13,5,2,2,1324
48199,4591,A05,0,A00,A0,A0,E0,0,0,2011,3,15,14,2,3,-1,1258
48201,4591,A05,0,A00,A0,A0,E0,0,0,2011,3,5882,6159,1503,1226,277,1788
48203,4591,A05,0,A00,A0,A0,E0,0,0,2011,3,70,66,9,12,-3,1472
48207,4591,A05,0,A00,A0,A0,E0,0,0,2011,3,,,0,0,,2117
48209,4591,A05,0,A00,A0,A0,E0,0,0,2011,3,537,572,142,108,35,1798
48213,4591,A05,0,A00,A0,A0,E0,0,0,2011,3,41,40,10,11,-1,1732
48215,4591,A05,0,A00,A0,A0,E0,0,0,2011,3,565,569,141,138,4,1478
48217,4591,A05,0,A00,A0,A0,E0,0,0,2011,3,,,,,,1033
48219,4591,A05,0,A00,A0,A0,E0,0,0,2011,3,13,14,5,4,1,1253
48221,4591,A05,0,A00,A0,A0,E0,0,0,2011,3,25,22,,3,-2,1727
48223,4591,A05,0,A00,A0,A0,E0,0,0,2011,3,39,38,6,6,-1,1984
48225,4591,A05,0,A00,A0,A0,E0,0,0,2011,3,,,,,,1289
48227,4591,A05,0,A00,A0,A0,E0,0,0,2011,3,23,21,7,9,-2,682
48231,4591,A05,0,A00,A0,A0,E0,0,0,2011,3,36,39,10,7,3,1603
48233,4591,A05,0,A00,A0,A0,E0,0,0,2011,3,,,,,,1844
48241,4591,A05,0,A00,A0,A0,E0,0,0,2011,3,14,11,,4,-3,889
48245,4591,A05,0,A00,A0,A0,E0,0,0,2011,3,223,230,59,52,7,1812
48249,4591,A05,0,A00,A0,A0,E0,0,0,2011,3,,,,,,1348
48251,4591,A05,0,A00,A0,A0,E0,0,0,2011,3,85,90,19,15,5,1619
48253,4591,A05,0,A00,A0,A0,E0,0,0,2011,3,,,,0,,881
48257,4591,A05,0,A00,A0,A0,E0,0,0,2011,3,12,11,6,7,-1,1369
48259,4591,A05,0,A00,A0,A0,E0,0,0,2011,3,19,20,6,5,1,2100
48265,4591,A05,0,A00,A0,A0,E0,0,0,2011,3,37,34,3,6,-2,1158
48267,4591,A05,0,A00,A0,A0,E0,0,0,2011,3,,,0,0,,3426
48273,4591,A05,0,A00,A0,A0,E0,0,0,2011,3,10,10,3,4,0,1214
48277,4591,A05,0,A00,A0,A0,E0,0,0,2011,3,51,52,16,14,2,1806
48281,4591,A05,0,A00,A0,A0,E0,0,0,2011,3,,,0,0,,1307
48285,4591,A05,0,A00,A0,A0,E0,0,0,2011,3,,,,,,1619
48289,4591,A05,0,A00,A0,A0,E0,0,0,2011,3,0,,,0,,
48291,4591,A05,0,A00,A0,A0,E0,0,0,2011,3,10,11,7,6,1,1398
48293,4591,A05,0,A00,A0,A0,E0,0,0,2011,3,,,,,,1029
48295,4591,A05,0,A00,A0,A0,E0,0,0,2011,3,,,0,0,,92
48299,4591,A05,0,A00,A0,A0,E0,0,0,2011,3,,,,0,,279
48303,4591,A05,0,A00,A0,A0,E0,0,0,2011,3,496,534,154,116,38,1468
48307,4591,A05,0,A00,A0,A0,E0,0,0,2011,3,,,0,0,,3278
48309,4591,A05,0,A00,A0,A0,E0,0,0,2011,3,196,199,45,42,3,1483
48321,4591,A05,0,A00,A0,A0,E0,0,0,2011,3,13,13,7,7,0,1102
48323,4591,A05,0,A00,A0,A0,E0,0,0,2011,3,106,112,17,11,7,965
48325,4591,A05,0,A00,A0,A0,E0,0,0,2011,3,,,0,0,,910
48329,4591,A05,0,A00,A0,A0,E0,0,0,2011,3,190,190,58,58,0,1506
48331,4591,A05,0,A00,A0,A0,E0,0,0,2011,3,,,0,0,,401
48339,4591,A05,0,A00,A0,A0,E0,0,0,2011,3,426,425,85,86,-2,1769
48341,4591,A05,0,A00,A0,A0,E0,0,0,2011,3,14,15,9,7,1,1340
48345,4591,A05,0,A00,A0,A0,E0,0,0,2011,3,0,,,0,,
48347,4591,A05,0,A00,A0,A0,E0,0,0,2011,3,86,90,19,15,4,1895
48349,4591,A05,0,A00,A0,A0,E0,0,0,2011,3,50,55,17,12,5,1420
48353,4591,A05,0,A00,A0,A0,E0,0,0,2011,3,,,,,,1131
48355,4591,A05,0,A00,A0,A0,E0,0,0,2011,3,503,499,91,94,-4,1721
48361,4591,A05,0,A00,A0,A0,E0,0,0,2011,3,52,46,5,11,-6,1319
48363,4591,A05,0,A00,A0,A0,E0,0,0,2011,3,,,0,0,,811
48365,4591,A05,0,A00,A0,A0,E0,0,0,2011,3,,,,,,1279
48367,4591,A05,0,A00,A0,A0,E0,0,0,2011,3,119,115,30,34,-4,1858
48369,4591,A05,0,A00,A0,A0,E0,0,0,2011,3,,,0,0,,1009
48373,4591,A05,0,A00,A0,A0,E0,0,0,2011,3,15,13,3,5,-2,1271
48375,4591,A05,0,A00,A0,A0,E0,0,0,2011,3,251,253,63,61,2,1434
48379,4591,A05,0,A00,A0,A0,E0,0,0,2011,3,,,0,0,,1188
48381,4591,A05,0,A00,A0,A0,E0,0,0,2011,3,201,207,50,43,7,1685
48395,4591,A05,0,A00,A0,A0,E0,0,0,2011,3,,,,,,1615
48397,4591,A05,0,A00,A0,A0,E0,0,0,2011,3,134,134,37,38,-1,1656
48401,4591,A05,0,A00,A0,A0,E0,0,0,2011,3,,,,,,1267
48407,4591,A05,0,A00,A0,A0,E0,0,0,2011,3,,,0,0,,1283
48409,4591,A05,0,A00,A0,A0,E0,0,0,2011,3,33,29,8,12,-3,989
48415,4591,A05,0,A00,A0,A0,E0,0,0,2011,3,,,,,,1391
48419,4591,A05,0,A00,A0,A0,E0,0,0,2011,3,,,,,,2621
48423,4591,A05,0,A00,A0,A0,E0,0,0,2011,3,315,327,90,78,12,1721
48425,4591,A05,0,A00,A0,A0,E0,0,0,2011,3,,,,,,577
48427,4591,A05,0,A00,A0,A0,E0,0,0,2011,3,10,11,3,,1,1341
48439,4591,A05,0,A00,A0,A0,E0,0,0,2011,3,3455,3526,789,718,71,2025
48441,4591,A05,0,A00,A0,A0,E0,0,0,2011,3,140,147,46,39,7,1471
48449,4591,A05,0,A00,A0,A0,E0,0,0,2011,3,,,,,,1052
48451,4591,A05,0,A00,A0,A0,E0,0,0,2011,3,126,136,38,27,10,1504
48453,4591,A05,0,A00,A0,A0,E0,0,0,2011,3,2050,2111,496,435,61,1962
48459,4591,A05,0,A00,A0,A0,E0,0,0,2011,3,,,,,,815
48463,4591,A05,0,A00,A0,A0,E0,0,0,2011,3,51,52,13,12,1,1756
48465,4591,A05,0,A00,A0,A0,E0,0,0,2011,3,11,11,4,4,0,1195
48467,4591,A05,0,A00,A0,A0,E0,0,0,2011,3,12,10,3,5,-2,1150
48469,4591,A05,0,A00,A0,A0,E0,0,0,2011,3,136,140,34,29,5,1354
48471,4591,A05,0,A00,A0,A0,E0,0,0,2011,3,37,39,10,8,3,2747
48473,4591,A05,0,A00,A0,A0,E0,0,0,2011,3,0,,,0,,
48475,4591,A05,0,A00,A0,A0,E0,0,0,2011,3,,,,,,1052
48477,4591,A05,0,A00,A0,A0,E0,0,0,2011,3,57,62,19,14,5,1575
48479,4591,A05,0,A00,A0,A0,E0,0,0,2011,3,187,181,25,31,-5,1322
48481,4591,A05,0,A00,A0,A0,E0,0,0,2011,3,21,23,6,5,2,2747
48485,4591,A05,0,A00,A0,A0,E0,0,0,2011,3,157,161,28,23,4,1578
48487,4591,A05,0,A00,A0,A0,E0,0,0,2011,3,,,,,,1354
48491,4591,A05,0,A00,A0,A0,E0,0,0,2011,3,531,534,103,99,4,1592
48497,4591,A05,0,A00,A0,A0,E0,0,0,2011,3,14,12,4,6,-2,1435
48499,4591,A05,0,A00,A0,A0,E0,0,0,2011,3,,,,,,2309
48501,4591,A05,0,A00,A0,A0,E0,0,0,2011,3,,,,,,1047
48503,4591,A05,0,A00,A0,A0,E0,0,0,2011,3,,,,,,1148
48505,4591,A05,0,A00,A0,A0,E0,0,0,2011,3,,0,0,,,441
48,4591,A05,0,A00,A0,A0,E0,0,0,2011,3,30329,31180,7383,6532,851,1767
48001,4591,A05,0,A00,A0,A0,E0,0,0,2011,4,17,22,7,3,4,1562
48005,4591,A05,0,A00,A0,A0,E0,0,0,2011,4,39,43,7,3,4,1901
48007,4591,A05,0,A00,A0,A0,E0,0,0,2011,4,14,17,4,,2,2399
48009,4591,A05,0,A00,A0,A0,E0,0,0,2011,4,,,0,0,,305
48013,4591,A05,0,A00,A0,A0,E0,0,0,2011,4,10,9,0,,-1,3834
48015,4591,A05,0,A00,A0,A0,E0,0,0,2011,4,,,0,0,,3082
48019,4591,A05,0,A00,A0,A0,E0,0,0,2011,4,,,,,,1029
48021,4591,A05,0,A00,A0,A0,E0,0,0,2011,4,,,0,0,,797
48025,4591,A05,0,A00,A0,A0,E0,0,0,2011,4,,,,,,1021
48027,4591,A05,0,A00,A0,A0,E0,0,0,2011,4,273,313,105,65,40,1471
48029,4591,A05,0,A00,A0,A0,E0,0,0,2011,4,2528,2824,1049,753,295,1636
48037,4591,A05,0,A00,A0,A0,E0,0,0,2011,4,119,122,97,94,3,1196
48039,4591,A05,0,A00,A0,A0,E0,0,0,2011,4,103,134,59,29,30,1565
48041,4591,A05,0,A00,A0,A0,E0,0,0,2011,4,233,250,83,66,18,1303
48049,4591,A05,0,A00,A0,A0,E0,0,0,2011,4,22,24,7,4,2,1022
48053,4591,A05,0,A00,A0,A0,E0,0,0,2011,4,5,6,4,3,2,702
48055,4591,A05,0,A00,A0,A0,E0,0,0,2011,4,,,0,,,1104
48057,4591,A05,0,A00,A0,A0,E0,0,0,2011,4,,,0,,,751
48059,4591,A05,0,A00,A0,A0,E0,0,0,2011,4,,,0,0,,2729
48061,4591,A05,0,A00,A0,A0,E0,0,0,2011,4,220,245,73,48,25,1441
48067,4591,A05,0,A00,A0,A0,E0,0,0,2011,4,,,,,,849
48069,4591,A05,0,A00,A0,A0,E0,0,0,2011,4,,,0,,,770
48071,4591,A05,0,A00,A0,A0,E0,0,0,2011,4,,,0,0,,271
48073,4591,A05,0,A00,A0,A0,E0,0,0,2011,4,,,,,,971
48085,4591,A05,0,A00,A0,A0,E0,0,0,2011,4,1712,1848,664,528,136,1867
48089,4591,A05,0,A00,A0,A0,E0,0,0,2011,4,5,5,3,,1,1062
48091,4591,A05,0,A00,A0,A0,E0,0,0,2011,4,155,161,27,20,6,1417
48097,4591,A05,0,A00,A0,A0,E0,0,0,2011,4,8,9,3,,1,1132
48099,4591,A05,0,A00,A0,A0,E0,0,0,2011,4,10,11,,,1,1141
48111,4591,A05,0,A00,A0,A0,E0,0,0,2011,4,,0,0,,,594
48113,4591,A05,0,A00,A0,A0,E0,0,0,2011,4,3603,3872,1237,969,269,2018
48117,4591,A05,0,A00,A0,A0,E0,0,0,2011,4,,,,,,1174
48121,4591,A05,0,A00,A0,A0,E0,0,0,2011,4,662,729,277,210,67,1898
48123,4591,A05,0,A00,A0,A0,E0,0,0,2011,4,,,,,,752
48131,4591,A05,0,A00,A0,A0,E0,0,0,2011,4,,,0,0,,2306
48135,4591,A05,0,A00,A0,A0,E0,0,0,2011,4,217,215,56,58,-2,2382
48139,4591,A05,0,A00,A0,A0,E0,0,0,2011,4,290,343,296,243,53,1788
48141,4591,A05,0,A00,A0,A0,E0,0,0,2011,4,904,980,466,390,76,1524
48143,4591,A05,0,A00,A0,A0,E0,0,0,2011,4,23,27,7,4,3,1137
48157,4591,A05,0,A00,A0,A0,E0,0,0,2011,4,563,640,250,173,76,1915
48159,4591,A05,0,A00,A0,A0,E0,0,0,2011,4,,,0,0,,24425
48163,4591,A05,0,A00,A0,A0,E0,0,0,2011,4,,,,0,,1875
48165,4591,A05,0,A00,A0,A0,E0,0,0,2011,4,,,,,,957
48167,4591,A05,0,A00,A0,A0,E0,0,0,2011,4,192,205,54,41,13,1419
48171,4591,A05,0,A00,A0,A0,E0,0,0,2011,4,20,21,8,7,1,966
48179,4591,A05,0,A00,A0,A0,E0,0,0,2011,4,22,20,,3,-2,1228
48181,4591,A05,0,A00,A0,A0,E0,0,0,2011,4,184,199,69,54,15,1569
48183,4591,A05,0,A00,A0,A0,E0,0,0,2011,4,208,237,102,73,29,1929
48187,4591,A05,0,A00,A0,A0,E0,0,0,2011,4,40,44,20,16,4,1349
48189,4591,A05,0,A00,A0,A0,E0,0,0,2011,4,13,15,3,,1,1074
48199,4591,A05,0,A00,A0,A0,E0,0,0,2011,4,14,16,7,5,2,1301
48201,4591,A05,0,A00,A0,A0,E0,0,0,2011,4,6150,6792,2353,1712,642,1814
48203,4591,A05,0,A00,A0,A0,E0,0,0,2011,4,66,61,,8,-6,1696
48207,4591,A05,0,A00,A0,A0,E0,0,0,2011,4,,,0,0,,2117
48209,4591,A05,0,A00,A0,A0,E0,0,0,2011,4,570,649,201,122,79,1815
48213,4591,A05,0,A00,A0,A0,E0,0,0,2011,4,40,40,7,7,0,1778
48215,4591,A05,0,A00,A0,A0,E0,0,0,2011,4,569,663,339,245,93,1525
48217,4591,A05,0,A00,A0,A0,E0,0,0,2011,4,,,,,,705
48219,4591,A05,0,A00,A0,A0,E0,0,0,2011,4,14,13,4,5,-1,1007
48221,4591,A05,0,A00,A0,A0,E0,0,0,2011,4,22,25,7,4,3,1852
48223,4591,A05,0,A00,A0,A0,E0,0,0,2011,4,38,38,6,7,0,1762
48225,4591,A05,0,A00,A0,A0,E0,0,0,2011,4,,,,,,1042
48227,4591,A05,0,A00,A0,A0,E0,0,0,2011,4,21,20,8,9,-1,601
48231,4591,A05,0,A00,A0,A0,E0,0,0,2011,4,39,39,10,11,-1,1574
48233,4591,A05,0,A00,A0,A0,E0,0,0,2011,4,,,,,,1562
48241,4591,A05,0,A00,A0,A0,E0,0,0,2011,4,11,10,,,-1,1148
48245,4591,A05,0,A00,A0,A0,E0,0,0,2011,4,230,237,102,95,7,1852
48249,4591,A05,0,A00,A0,A0,E0,0,0,2011,4,,,,,,1226
48251,4591,A05,0,A00,A0,A0,E0,0,0,2011,4,90,98,26,18,8,1760
48253,4591,A05,0,A00,A0,A0,E0,0,0,2011,4,,,0,0,,590
48257,4591,A05,0,A00,A0,A0,E0,0,0,2011,4,11,15,8,4,4,1383
48259,4591,A05,0,A00,A0,A0,E0,0,0,2011,4,20,22,4,,2,1950
48265,4591,A05,0,A00,A0,A0,E0,0,0,2011,4,34,37,7,4,3,1205
48267,4591,A05,0,A00,A0,A0,E0,0,0,2011,4,,,0,0,,3426
48273,4591,A05,0,A00,A0,A0,E0,0,0,2011,4,10,13,5,3,2,1156
48277,4591,A05,0,A00,A0,A0,E0,0,0,2011,4,54,56,9,6,2,2299
48281,4591,A05,0,A00,A0,A0,E0,0,0,2011,4,,,,,,1307
48285,4591,A05,0,A00,A0,A0,E0,0,0,2011,4,,,0,0,,1569
48289,4591,A05,0,A00,A0,A0,E0,0,0,2011,4,,,0,0,,1521
48291,4591,A05,0,A00,A0,A0,E0,0,0,2011,4,11,16,9,4,5,1168
48293,4591,A05,0,A00,A0,A0,E0,0,0,2011,4,,,,,,943
48295,4591,A05,0,A00,A0,A0,E0,0,0,2011,4,,,,0,,277
48299,4591,A05,0,A00,A0,A0,E0,0,0,2011,4,,,,,,328
48303,4591,A05,0,A00,A0,A0,E0,0,0,2011,4,534,553,175,156,19,1431
48307,4591,A05,0,A00,A0,A0,E0,0,0,2011,4,,,0,0,,3293
48309,4591,A05,0,A00,A0,A0,E0,0,0,2011,4,199,220,87,66,21,1551
48321,4591,A05,0,A00,A0,A0,E0,0,0,2011,4,13,14,2,,1,1103
48323,4591,A05,0,A00,A0,A0,E0,0,0,2011,4,112,114,13,11,2,874
48325,4591,A05,0,A00,A0,A0,E0,0,0,2011,4,,,0,0,,996
48329,4591,A05,0,A00,A0,A0,E0,0,0,2011,4,190,221,135,105,31,1598
48331,4591,A05,0,A00,A0,A0,E0,0,0,2011,4,,,0,0,,563
48339,4591,A05,0,A00,A0,A0,E0,0,0,2011,4,425,496,220,149,71,2022
48341,4591,A05,0,A00,A0,A0,E0,0,0,2011,4,15,18,9,6,3,1166
48345,4591,A05,0,A00,A0,A0,E0,0,0,2011,4,,,0,0,,411
48347,4591,A05,0,A00,A0,A0,E0,0,0,2011,4,90,95,19,14,5,1820
48349,4591,A05,0,A00,A0,A0,E0,0,0,2011,4,55,62,18,12,6,1303
48353,4591,A05,0,A00,A0,A0,E0,0,0,2011,4,,,,,,1053
48355,4591,A05,0,A00,A0,A0,E0,0,0,2011,4,499,548,186,136,50,1915
48361,4591,A05,0,A00,A0,A0,E0,0,0,2011,4,46,45,5,5,-1,1605
48363,4591,A05,0,A00,A0,A0,E0,0,0,2011,4,,0,0,,,811
48365,4591,A05,0,A00,A0,A0,E0,0,0,2011,4,,,,,,1343
48367,4591,A05,0,A00,A0,A0,E0,0,0,2011,4,115,124,39,30,9,1827
48369,4591,A05,0,A00,A0,A0,E0,0,0,2011,4,,,0,0,,1513
48373,4591,A05,0,A00,A0,A0,E0,0,0,2011,4,13,16,7,4,3,1223
48375,4591,A05,0,A00,A0,A0,E0,0,0,2011,4,253,296,179,136,43,1455
48379,4591,A05,0,A00,A0,A0,E0,0,0,2011,4,,,0,0,,875
48381,4591,A05,0,A00,A0,A0,E0,0,0,2011,4,207,214,45,38,7,1885
48395,4591,A05,0,A00,A0,A0,E0,0,0,2011,4,,,,,,1732
48397,4591,A05,0,A00,A0,A0,E0,0,0,2011,4,134,147,51,37,13,1699
48401,4591,A05,0,A00,A0,A0,E0,0,0,2011,4,,,,,,1145
48407,4591,A05,0,A00,A0,A0,E0,0,0,2011,4,,,0,0,,1364
48409,4591,A05,0,A00,A0,A0,E0,0,0,2011,4,29,37,15,8,8,920
48415,4591,A05,0,A00,A0,A0,E0,0,0,2011,4,,,,,,1043
48419,4591,A05,0,A00,A0,A0,E0,0,0,2011,4,,,,,,2273
48423,4591,A05,0,A00,A0,A0,E0,0,0,2011,4,327,350,129,106,22,1700
48425,4591,A05,0,A00,A0,A0,E0,0,0,2011,4,,,,,,648
48427,4591,A05,0,A00,A0,A0,E0,0,0,2011,4,11,12,5,4,1,975
48439,4591,A05,0,A00,A0,A0,E0,0,0,2011,4,3527,3753,1119,894,226,2063
48441,4591,A05,0,A00,A0,A0,E0,0,0,2011,4,147,153,65,59,6,1447
48449,4591,A05,0,A00,A0,A0,E0,0,0,2011,4,,,,,,1115
48451,4591,A05,0,A00,A0,A0,E0,0,0,2011,4,136,128,42,50,-8,1667
48453,4591,A05,0,A00,A0,A0,E0,0,0,2011,4,2109,2231,577,456,121,1937
48459,4591,A05,0,A00,A0,A0,E0,0,0,2011,4,,,0,,,924
48463,4591,A05,0,A00,A0,A0,E0,0,0,2011,4,54,55,12,11,1,2075
48465,4591,A05,0,A00,A0,A0,E0,0,0,2011,4,11,12,3,,2,1124
48467,4591,A05,0,A00,A0,A0,E0,0,0,2011,4,10,10,3,3,0,1065
48469,4591,A05,0,A00,A0,A0,E0,0,0,2011,4,140,156,57,41,16,1389
48471,4591,A05,0,A00,A0,A0,E0,0,0,2011,4,39,40,6,5,1,2669
48473,4591,A05,0,A00,A0,A0,E0,0,0,2011,4,,,,,,1717
48475,4591,A05,0,A00,A0,A0,E0,0,0,2011,4,,,,,,1612
48477,4591,A05,0,A00,A0,A0,E0,0,0,2011,4,62,64,11,8,3,1700
48479,4591,A05,0,A00,A0,A0,E0,0,0,2011,4,182,221,134,95,39,1436
48481,4591,A05,0,A00,A0,A0,E0,0,0,2011,4,23,25,5,3,2,2767
48485,4591,A05,0,A00,A0,A0,E0,0,0,2011,4,161,172,62,51,11,1849
48487,4591,A05,0,A00,A0,A0,E0,0,0,2011,4,,,,,,1152
48491,4591,A05,0,A00,A0,A0,E0,0,0,2011,4,534,583,174,125,49,1639
48497,4591,A05,0,A00,A0,A0,E0,0,0,2011,4,12,15,9,6,4,1490
48499,4591,A05,0,A00,A0,A0,E0,0,0,2011,4,,,0,,,1940
48501,4591,A05,0,A00,A0,A0,E0,0,0,2011,4,,0,0,,,869
48503,4591,A05,0,A00,A0,A0,E0,0,0,2011,4,,,,,,965
48,4591,A05,0,A00,A0,A0,E0,0,0,2011,4,31166,33974,11850,9042,2808,1803
48001,4591,A05,0,A00,A0,A0,E0,0,0,2012,1,22,20,3,5,-2,1549
48005,4591,A05,0,A00,A0,A0,E0,0,0,2012,1,43,44,7,5,2,1829
48007,4591,A05,0,A00,A0,A0,E0,0,0,2012,1,17,19,3,,2,2183
48009,4591,A05,0,A00,A0,A0,E0,0,0,2012,1,,,,,,346
48013,4591,A05,0,A00,A0,A0,E0,0,0,2012,1,9,11,4,,1,2714
48015,4591,A05,0,A00,A0,A0,E0,0,0,2012,1,,,,0,,3039
48019,4591,A05,0,A00,A0,A0,E0,0,0,2012,1,,,0,0,,1011
48021,4591,A05,0,A00,A0,A0,E0,0,0,2012,1,,,0,0,,945
48025,4591,A05,0,A00,A0,A0,E0,0,0,2012,1,,,,,,1065
48027,4591,A05,0,A00,A0,A0,E0,0,0,2012,1,310,283,40,67,-27,1306
48029,4591,A05,0,A00,A0,A0,E0,0,0,2012,1,2529,2328,349,550,-201,1480
48037,4591,A05,0,A00,A0,A0,E0,0,0,2012,1,141,130,28,39,-11,1431
48039,4591,A05,0,A00,A0,A0,E0,0,0,2012,1,133,109,11,36,-24,1195
48041,4591,A05,0,A00,A0,A0,E0,0,0,2012,1,250,241,39,48,-10,1220
48049,4591,A05,0,A00,A0,A0,E0,0,0,2012,1,24,21,4,7,-3,1105
48053,4591,A05,0,A00,A0,A0,E0,0,0,2012,1,6,6,0,,-1,585
48055,4591,A05,0,A00,A0,A0,E0,0,0,2012,1,,,,,,687
48057,4591,A05,0,A00,A0,A0,E0,0,0,2012,1,,,0,0,,642
48059,4591,A05,0,A00,A0,A0,E0,0,0,2012,1,,,0,0,,1853
48061,4591,A05,0,A00,A0,A0,E0,0,0,2012,1,619,516,37,141,-103,1089
48067,4591,A05,0,A00,A0,A0,E0,0,0,2012,1,6,7,,,1,1365
48069,4591,A05,0,A00,A0,A0,E0,0,0,2012,1,,,,0,,799
48071,4591,A05,0,A00,A0,A0,E0,0,0,2012,1,,,,0,,441
48073,4591,A05,0,A00,A0,A0,E0,0,0,2012,1,,,,,,770
48085,4591,A05,0,A00,A0,A0,E0,0,0,2012,1,1805,1625,186,366,-180,1676
48089,4591,A05,0,A00,A0,A0,E0,0,0,2012,1,,,,0,,888
48091,4591,A05,0,A00,A0,A0,E0,0,0,2012,1,178,188,37,27,10,1545
48097,4591,A05,0,A00,A0,A0,E0,0,0,2012,1,11,10,3,3,0,1269
48099,4591,A05,0,A00,A0,A0,E0,0,0,2012,1,11,10,,,-1,918
48113,4591,A05,0,A00,A0,A0,E0,0,0,2012,1,3936,3671,451,716,-264,1897
48117,4591,A05,0,A00,A0,A0,E0,0,0,2012,1,,,,,,1047
48121,4591,A05,0,A00,A0,A0,E0,0,0,2012,1,730,659,95,166,-71,2013
48123,4591,A05,0,A00,A0,A0,E0,0,0,2012,1,,,,0,,891
48131,4591,A05,0,A00,A0,A0,E0,0,0,2012,1,,,0,,,2428
48135,4591,A05,0,A00,A0,A0,E0,0,0,2012,1,215,195,38,58,-20,2025
48139,4591,A05,0,A00,A0,A0,E0,0,0,2012,1,342,271,17,88,-71,1330
48141,4591,A05,0,A00,A0,A0,E0,0,0,2012,1,972,886,129,215,-86,1309
48143,4591,A05,0,A00,A0,A0,E0,0,0,2012,1,27,25,4,6,-2,1120
48157,4591,A05,0,A00,A0,A0,E0,0,0,2012,1,675,613,86,147,-62,1697
48163,4591,A05,0,A00,A0,A0,E0,0,0,2012,1,,,0,,,1701
48165,4591,A05,0,A00,A0,A0,E0,0,0,2012,1,,,,0,,756
48167,4591,A05,0,A00,A0,A0,E0,0,0,2012,1,193,185,38,46,-8,1478
48171,4591,A05,0,A00,A0,A0,E0,0,0,2012,1,21,18,5,8,-3,1090
48179,4591,A05,0,A00,A0,A0,E0,0,0,2012,1,20,20,3,,1,1468
48181,4591,A05,0,A00,A0,A0,E0,0,0,2012,1,202,189,19,32,-13,1502
48183,4591,A05,0,A00,A0,A0,E0,0,0,2012,1,230,219,42,53,-11,1521
48187,4591,A05,0,A00,A0,A0,E0,0,0,2012,1,42,36,5,11,-6,1935
48189,4591,A05,0,A00,A0,A0,E0,0,0,2012,1,15,13,2,4,-2,1216
48199,4591,A05,0,A00,A0,A0,E0,0,0,2012,1,16,14,,3,-2,1730
48201,4591,A05,0,A00,A0,A0,E0,0,0,2012,1,6441,5963,868,1347,-478,1549
48203,4591,A05,0,A00,A0,A0,E0,0,0,2012,1,61,64,7,3,4,1546
48207,4591,A05,0,A00,A0,A0,E0,0,0,2012,1,,,0,0,,2135
48209,4591,A05,0,A00,A0,A0,E0,0,0,2012,1,650,556,48,142,-94,1398
48211,4591,A05,0,A00,A0,A0,E0,0,0,2012,1,0,,,0,,
48213,4591,A05,0,A00,A0,A0,E0,0,0,2012,1,40,41,11,9,2,1921
48215,4591,A05,0,A00,A0,A0,E0,0,0,2012,1,663,605,93,151,-58,1325
48217,4591,A05,0,A00,A0,A0,E0,0,0,2012,1,,,0,,,459
48219,4591,A05,0,A00,A0,A0,E0,0,0,2012,1,13,15,6,3,2,1069
48221,4591,A05,0,A00,A0,A0,E0,0,0,2012,1,25,21,0,4,-4,4261
48223,4591,A05,0,A00,A0,A0,E0,0,0,2012,1,38,37,,4,-1,1870
48225,4591,A05,0,A00,A0,A0,E0,0,0,2012,1,,,,,,1102
48227,4591,A05,0,A00,A0,A0,E0,0,0,2012,1,20,18,7,9,-1,659
48231,4591,A05,0,A00,A0,A0,E0,0,0,2012,1,39,38,7,8,-1,1621
48233,4591,A05,0,A00,A0,A0,E0,0,0,2012,1,,,,,,1594
48241,4591,A05,0,A00,A0,A0,E0,0,0,2012,1,10,10,,,0,1071
48245,4591,A05,0,A00,A0,A0,E0,0,0,2012,1,237,215,23,45,-22,1595
48249,4591,A05,0,A00,A0,A0,E0,0,0,2012,1,,,,,,1227
48251,4591,A05,0,A00,A0,A0,E0,0,0,2012,1,100,95,11,16,-5,1564
48253,4591,A05,0,A00,A0,A0,E0,0,0,2012,1,,,0,0,,727
48257,4591,A05,0,A00,A0,A0,E0,0,0,2012,1,15,11,3,7,-4,1287
48259,4591,A05,0,A00,A0,A0,E0,0,0,2012,1,46,41,7,12,-5,1879
48265,4591,A05,0,A00,A0,A0,E0,0,0,2012,1,37,39,10,8,2,1391
48267,4591,A05,0,A00,A0,A0,E0,0,0,2012,1,,,0,0,,3426
48273,4591,A05,0,A00,A0,A0,E0,0,0,2012,1,13,9,,6,-4,1196
48277,4591,A05,0,A00,A0,A0,E0,0,0,2012,1,56,51,5,10,-5,1728
48281,4591,A05,0,A00,A0,A0,E0,0,0,2012,1,,,0,0,,1356
48285,4591,A05,0,A00,A0,A0,E0,0,0,2012,1,,,,,,1548
48289,4591,A05,0,A00,A0,A0,E0,0,0,2012,1,,0,0,,,396
48291,4591,A05,0,A00,A0,A0,E0,0,0,2012,1,16,13,3,6,-4,1174
48293,4591,A05,0,A00,A0,A0,E0,0,0,2012,1,,,,,,1254
48295,4591,A05,0,A00,A0,A0,E0,0,0,2012,1,,,0,0,,250
48299,4591,A05,0,A00,A0,A0,E0,0,0,2012,1,,,,,,391
48303,4591,A05,0,A00,A0,A0,E0,0,0,2012,1,559,531,74,102,-28,1375
48307,4591,A05,0,A00,A0,A0,E0,0,0,2012,1,,,0,0,,3473
48309,4591,A05,0,A00,A0,A0,E0,0,0,2012,1,220,208,23,35,-12,1322
48321,4591,A05,0,A00,A0,A0,E0,0,0,2012,1,14,12,,4,-3,1306
48323,4591,A05,0,A00,A0,A0,E0,0,0,2012,1,114,105,10,19,-8,859
48325,4591,A05,0,A00,A0,A0,E0,0,0,2012,1,,,0,,,828
48329,4591,A05,0,A00,A0,A0,E0,0,0,2012,1,221,182,33,73,-39,1279
48331,4591,A05,0,A00,A0,A0,E0,0,0,2012,1,,,0,0,,409
48339,4591,A05,0,A00,A0,A0,E0,0,0,2012,1,534,478,68,124,-56,1442
48341,4591,A05,0,A00,A0,A0,E0,0,0,2012,1,18,16,5,7,-2,1287
48345,4591,A05,0,A00,A0,A0,E0,0,0,2012,1,,0,0,,,368
48347,4591,A05,0,A00,A0,A0,E0,0,0,2012,1,95,89,8,15,-6,1703
48349,4591,A05,0,A00,A0,A0,E0,0,0,2012,1,62,53,9,18,-9,1410
48353,4591,A05,0,A00,A0,A0,E0,0,0,2012,1,,,,,,1117
48355,4591,A05,0,A00,A0,A0,E0,0,0,2012,1,542,512,65,96,-31,1546
48361,4591,A05,0,A00,A0,A0,E0,0,0,2012,1,45,49,8,4,4,1595
48365,4591,A05,0,A00,A0,A0,E0,0,0,2012,1,,,,,,999
48367,4591,A05,0,A00,A0,A0,E0,0,0,2012,1,124,127,30,27,3,1842
48369,4591,A05,0,A00,A0,A0,E0,0,0,2012,1,,,0,0,,1428
48373,4591,A05,0,A00,A0,A0,E0,0,0,2012,1,16,14,,4,-2,1315
48375,4591,A05,0,A00,A0,A0,E0,0,0,2012,1,280,232,55,103,-48,1178
48379,4591,A05,0,A00,A0,A0,E0,0,0,2012,1,,,0,0,,909
48381,4591,A05,0,A00,A0,A0,E0,0,0,2012,1,214,215,41,40,1,1456
48395,4591,A05,0,A00,A0,A0,E0,0,0,2012,1,,,,,,1706
48397,4591,A05,0,A00,A0,A0,E0,0,0,2012,1,149,142,27,34,-7,1495
48401,4591,A05,0,A00,A0,A0,E0,0,0,2012,1,,,,,,1269
48407,4591,A05,0,A00,A0,A0,E0,0,0,2012,1,,,0,0,,1194
48409,4591,A05,0,A00,A0,A0,E0,0,0,2012,1,37,30,7,14,-7,892
48415,4591,A05,0,A00,A0,A0,E0,0,0,2012,1,,,,,,1143
48419,4591,A05,0,A00,A0,A0,E0,0,0,2012,1,,,,,,2423
48423,4591,A05,0,A00,A0,A0,E0,0,0,2012,1,357,329,53,81,-28,1478
48425,4591,A05,0,A00,A0,A0,E0,0,0,2012,1,,,,,,470
48427,4591,A05,0,A00,A0,A0,E0,0,0,2012,1,12,8,,5,-4,922
48439,4591,A05,0,A00,A0,A0,E0,0,0,2012,1,3746,3361,309,693,-384,2032
48441,4591,A05,0,A00,A0,A0,E0,0,0,2012,1,172,161,33,45,-12,1180
48449,4591,A05,0,A00,A0,A0,E0,0,0,2012,1,,,,,,1066
48451,4591,A05,0,A00,A0,A0,E0,0,0,2012,1,130,130,21,22,0,1464
48453,4591,A05,0,A00,A0,A0,E0,0,0,2012,1,2217,2184,369,403,-34,1833
48459,4591,A05,0,A00,A0,A0,E0,0,0,2012,1,,,,,,1520
48463,4591,A05,0,A00,A0,A0,E0,0,0,2012,1,55,55,13,14,0,1914
48465,4591,A05,0,A00,A0,A0,E0,0,0,2012,1,12,11,3,5,-2,1300
48467,4591,A05,0,A00,A0,A0,E0,0,0,2012,1,10,10,3,3,0,1217
48469,4591,A05,0,A00,A0,A0,E0,0,0,2012,1,156,146,20,30,-10,1253
48471,4591,A05,0,A00,A0,A0,E0,0,0,2012,1,40,48,20,12,8,2672
48473,4591,A05,0,A00,A0,A0,E0,0,0,2012,1,,,,0,,3501
48475,4591,A05,0,A00,A0,A0,E0,0,0,2012,1,,,,,,1084
48477,4591,A05,0,A00,A0,A0,E0,0,0,2012,1,64,60,20,24,-5,1550
48479,4591,A05,0,A00,A0,A0,E0,0,0,2012,1,215,176,10,48,-39,1068
48481,4591,A05,0,A00,A0,A0,E0,0,0,2012,1,25,24,3,3,0,2087
48485,4591,A05,0,A00,A0,A0,E0,0,0,2012,1,173,158,15,29,-14,1398
48487,4591,A05,0,A00,A0,A0,E0,0,0,2012,1,,,,,,947
48491,4591,A05,0,A00,A0,A0,E0,0,0,2012,1,594,544,56,106,-50,1474
48497,4591,A05,0,A00,A0,A0,E0,0,0,2012,1,15,15,6,6,0,1392
48499,4591,A05,0,A00,A0,A0,E0,0,0,2012,1,,,0,,,2211
48503,4591,A05,0,A00,A0,A0,E0,0,0,2012,1,,,,,,1136
48,4591,A05,0,A00,A0,A0,E0,0,0,2012,1,33830,31142,4283,6970,-2688,1626
48001,4591,A05,0,A00,A0,A0,E0,0,0,2012,2,20,20,,2,0,1336
48005,4591,A05,0,A00,A0,A0,E0,0,0,2012,2,44,39,4,9,-6,1610
48007,4591,A05,0,A00,A0,A0,E0,0,0,2012,2,19,21,,,2,1903
48009,4591,A05,0,A00,A0,A0,E0,0,0,2012,2,,,,,,961
48013,4591,A05,0,A00,A0,A0,E0,0,0,2012,2,,,,,,1760
48015,4591,A05,0,A00,A0,A0,E0,0,0,2012,2,,,,0,,1976
48019,4591,A05,0,A00,A0,A0,E0,0,0,2012,2,,,0,0,,936
48021,4591,A05,0,A00,A0,A0,E0,0,0,2012,2,,,,0,,977
48025,4591,A05,0,A00,A0,A0,E0,0,0,2012,2,,,,,,1103
48027,4591,A05,0,A00,A0,A0,E0,0,0,2012,2,281,277,49,53,-4,1356
48029,4591,A05,0,A00,A0,A0,E0,0,0,2012,2,2326,2334,445,437,8,2481
48037,4591,A05,0,A00,A0,A0,E0,0,0,2012,2,130,133,36,33,2,1239
48039,4591,A05,0,A00,A0,A0,E0,0,0,2012,2,109,115,32,26,6,1395
48041,4591,A05,0,A00,A0,A0,E0,0,0,2012,2,241,246,52,47,5,1215
48049,4591,A05,0,A00,A0,A0,E0,0,0,2012,2,21,24,7,4,3,1047
48053,4591,A05,0,A00,A0,A0,E0,0,0,2012,2,6,4,3,5,-1,609
48055,4591,A05,0,A00,A0,A0,E0,0,0,2012,2,,,0,,,654
48057,4591,A05,0,A00,A0,A0,E0,0,0,2012,2,,,,,,681
48059,4591,A05,0,A00,A0,A0,E0,0,0,2012,2,,,0,0,,1668
48061,4591,A05,0,A00,A0,A0,E0,0,0,2012,2,516,503,88,100,-13,1179
48067,4591,A05,0,A00,A0,A0,E0,0,0,2012,2,7,4,5,7,-2,1211
48069,4591,A05,0,A00,A0,A0,E0,0,0,2012,2,,,0,0,,841
48071,4591,A05,0,A00,A0,A0,E0,0,0,2012,2,,,,,,366
48073,4591,A05,0,A00,A0,A0,E0,0,0,2012,2,,,,,,720
48085,4591,A05,0,A00,A0,A0,E0,0,0,2012,2,1624,1688,349,286,63,1793
48089,4591,A05,0,A00,A0,A0,E0,0,0,2012,2,,,0,,,670
48091,4591,A05,0,A00,A0,A0,E0,0,0,2012,2,188,217,69,41,28,1583
48097,4591,A05,0,A00,A0,A0,E0,0,0,2012,2,10,11,4,3,1,1146
48099,4591,A05,0,A00,A0,A0,E0,0,0,2012,2,11,10,,,-1,1169
48113,4591,A05,0,A00,A0,A0,E0,0,0,2012,2,3677,3694,640,624,17,1894
48117,4591,A05,0,A00,A0,A0,E0,0,0,2012,2,,,,,,1152
48121,4591,A05,0,A00,A0,A0,E0,0,0,2012,2,663,660,114,117,-3,2186
48123,4591,A05,0,A00,A0,A0,E0,0,0,2012,2,,,,,,895
48131,4591,A05,0,A00,A0,A0,E0,0,0,2012,2,,,0,0,,2878
48135,4591,A05,0,A00,A0,A0,E0,0,0,2012,2,195,204,50,41,9,2131
48139,4591,A05,0,A00,A0,A0,E0,0,0,2012,2,271,246,32,57,-24,1618
48141,4591,A05,0,A00,A0,A0,E0,0,0,2012,2,886,847,146,185,-39,1519
48143,4591,A05,0,A00,A0,A0,E0,0,0,2012,2,25,24,4,6,-2,1150
48157,4591,A05,0,A00,A0,A0,E0,0,0,2012,2,633,635,128,126,2,1791
48163,4591,A05,0,A00,A0,A0,E0,0,0,2012,2,,,,,,1632
48165,4591,A05,0,A00,A0,A0,E0,0,0,2012,2,,,,0,,893
48167,4591,A05,0,A00,A0,A0,E0,0,0,2012,2,185,195,44,34,10,1466
48171,4591,A05,0,A00,A0,A0,E0,0,0,2012,2,18,20,3,,2,993
48179,4591,A05,0,A00,A0,A0,E0,0,0,2012,2,20,26,7,,5,1406
48181,4591,A05,0,A00,A0,A0,E0,0,0,2012,2,188,188,40,40,0,1432
48183,4591,A05,0,A00,A0,A0,E0,0,0,2012,2,220,231,51,40,11,1681
48187,4591,A05,0,A00,A0,A0,E0,0,0,2012,2,36,40,12,8,4,1360
48189,4591,A05,0,A00,A0,A0,E0,0,0,2012,2,13,10,,4,-3,1076
48199,4591,A05,0,A00,A0,A0,E0,0,0,2012,2,14,16,6,4,2,1172
48201,4591,A05,0,A00,A0,A0,E0,0,0,2012,2,5941,6042,1192,1091,101,1726
48203,4591,A05,0,A00,A0,A0,E0,0,0,2012,2,64,67,7,4,3,1386
48207,4591,A05,0,A00,A0,A0,E0,0,0,2012,2,,0,0,,,2175
48209,4591,A05,0,A00,A0,A0,E0,0,0,2012,2,567,617,153,103,50,1806
48211,4591,A05,0,A00,A0,A0,E0,0,0,2012,2,,,0,0,,1273
48213,4591,A05,0,A00,A0,A0,E0,0,0,2012,2,41,39,7,9,-2,1821
48215,4591,A05,0,A00,A0,A0,E0,0,0,2012,2,617,622,107,102,5,1455
48217,4591,A05,0,A00,A0,A0,E0,0,0,2012,2,,0,,,,270
48219,4591,A05,0,A00,A0,A0,E0,0,0,2012,2,15,16,,,0,1014
48221,4591,A05,0,A00,A0,A0,E0,0,0,2012,2,21,21,0,,0,4143
48223,4591,A05,0,A00,A0,A0,E0,0,0,2012,2,37,35,2,5,-2,1835
48225,4591,A05,0,A00,A0,A0,E0,0,0,2012,2,,,,,,1109
48227,4591,A05,0,A00,A0,A0,E0,0,0,2012,2,18,17,4,5,-1,685
48231,4591,A05,0,A00,A0,A0,E0,0,0,2012,2,38,38,10,9,1,1786
48233,4591,A05,0,A00,A0,A0,E0,0,0,2012,2,,,,,,1680
48241,4591,A05,0,A00,A0,A0,E0,0,0,2012,2,10,9,3,4,-1,1080
48245,4591,A05,0,A00,A0,A0,E0,0,0,2012,2,215,213,37,39,-2,1874
48249,4591,A05,0,A00,A0,A0,E0,0,0,2012,2,,,,,,1316
48251,4591,A05,0,A00,A0,A0,E0,0,0,2012,2,95,93,14,16,-2,1584
48253,4591,A05,0,A00,A0,A0,E0,0,0,2012,2,,,0,,,648
48257,4591,A05,0,A00,A0,A0,E0,0,0,2012,2,14,16,5,3,2,1045
48259,4591,A05,0,A00,A0,A0,E0,0,0,2012,2,41,46,9,5,4,1958
48265,4591,A05,0,A00,A0,A0,E0,0,0,2012,2,39,40,3,,0,1235
48267,4591,A05,0,A00,A0,A0,E0,0,0,2012,2,,,0,0,,3540
48273,4591,A05,0,A00,A0,A0,E0,0,0,2012,2,,,,,,1307
48277,4591,A05,0,A00,A0,A0,E0,0,0,2012,2,51,50,8,8,-1,1752
48281,4591,A05,0,A00,A0,A0,E0,0,0,2012,2,,0,0,,,402
48285,4591,A05,0,A00,A0,A0,E0,0,0,2012,2,,,,,,1483
48289,4591,A05,0,A00,A0,A0,E0,0,0,2012,2,0,,,0,,
48291,4591,A05,0,A00,A0,A0,E0,0,0,2012,2,13,12,3,4,-1,1072
48293,4591,A05,0,A00,A0,A0,E0,0,0,2012,2,,,,,,1111
48295,4591,A05,0,A00,A0,A0,E0,0,0,2012,2,,,0,,,109
48299,4591,A05,0,A00,A0,A0,E0,0,0,2012,2,,,,,,361
48303,4591,A05,0,A00,A0,A0,E0,0,0,2012,2,531,517,83,97,-14,1341
48307,4591,A05,0,A00,A0,A0,E0,0,0,2012,2,,,0,0,,3236
48309,4591,A05,0,A00,A0,A0,E0,0,0,2012,2,208,239,67,36,30,1478
48321,4591,A05,0,A00,A0,A0,E0,0,0,2012,2,12,14,4,,3,1306
48323,4591,A05,0,A00,A0,A0,E0,0,0,2012,2,105,77,9,38,-28,748
48325,4591,A05,0,A00,A0,A0,E0,0,0,2012,2,,,0,0,,1042
48329,4591,A05,0,A00,A0,A0,E0,0,0,2012,2,182,175,55,61,-7,1470
48331,4591,A05,0,A00,A0,A0,E0,0,0,2012,2,,,0,0,,552
48339,4591,A05,0,A00,A0,A0,E0,0,0,2012,2,479,490,116,104,12,1939
48341,4591,A05,0,A00,A0,A0,E0,0,0,2012,2,16,16,7,7,0,1187
48347,4591,A05,0,A00,A0,A0,E0,0,0,2012,2,89,83,10,16,-5,1668
48349,4591,A05,0,A00,A0,A0,E0,0,0,2012,2,53,53,13,12,0,1328
48353,4591,A05,0,A00,A0,A0,E0,0,0,2012,2,,,,,,845
48355,4591,A05,0,A00,A0,A0,E0,0,0,2012,2,501,494,78,85,-7,1672
48361,4591,A05,0,A00,A0,A0,E0,0,0,2012,2,49,53,12,8,4,1646
48365,4591,A05,0,A00,A0,A0,E0,0,0,2012,2,,,,,,974
48367,4591,A05,0,A00,A0,A0,E0,0,0,2012,2,127,117,21,32,-11,1735
48369,4591,A05,0,A00,A0,A0,E0,0,0,2012,2,,,0,0,,1255
48373,4591,A05,0,A00,A0,A0,E0,0,0,2012,2,14,15,3,2,1,1268
48375,4591,A05,0,A00,A0,A0,E0,0,0,2012,2,240,235,49,53,-5,1330
48379,4591,A05,0,A00,A0,A0,E0,0,0,2012,2,,,,0,,973
48381,4591,A05,0,A00,A0,A0,E0,0,0,2012,2,208,207,43,44,-2,1545
48395,4591,A05,0,A00,A0,A0,E0,0,0,2012,2,,,,,,1788
48397,4591,A05,0,A00,A0,A0,E0,0,0,2012,2,143,148,35,30,4,1791
48401,4591,A05,0,A00,A0,A0,E0,0,0,2012,2,,,,,,1121
48407,4591,A05,0,A00,A0,A0,E0,0,0,2012,2,,,0,0,,1320
48409,4591,A05,0,A00,A0,A0,E0,0,0,2012,2,30,36,12,6,6,1017
48415,4591,A05,0,A00,A0,A0,E0,0,0,2012,2,,,,,,1456
48419,4591,A05,0,A00,A0,A0,E0,0,0,2012,2,,,,,,2258
48423,4591,A05,0,A00,A0,A0,E0,0,0,2012,2,328,345,74,57,17,1908
48425,4591,A05,0,A00,A0,A0,E0,0,0,2012,2,,,,,,800
48427,4591,A05,0,A00,A0,A0,E0,0,0,2012,2,8,8,,,0,1064
48439,4591,A05,0,A00,A0,A0,E0,0,0,2012,2,3357,3376,537,517,20,2097
48441,4591,A05,0,A00,A0,A0,E0,0,0,2012,2,161,186,78,53,26,1379
48449,4591,A05,0,A00,A0,A0,E0,0,0,2012,2,,,,,,1085
48451,4591,A05,0,A00,A0,A0,E0,0,0,2012,2,130,123,21,27,-7,1562
48453,4591,A05,0,A00,A0,A0,E0,0,0,2012,2,2196,2285,480,391,89,1969
48459,4591,A05,0,A00,A0,A0,E0,0,0,2012,2,,,0,,,1884
48463,4591,A05,0,A00,A0,A0,E0,0,0,2012,2,55,58,14,11,3,2225
48465,4591,A05,0,A00,A0,A0,E0,0,0,2012,2,11,15,8,3,5,1141
48467,4591,A05,0,A00,A0,A0,E0,0,0,2012,2,10,9,3,4,0,1238
48469,4591,A05,0,A00,A0,A0,E0,0,0,2012,2,146,144,21,23,-2,1260
48471,4591,A05,0,A00,A0,A0,E0,0,0,2012,2,48,54,19,13,6,2322
48473,4591,A05,0,A00,A0,A0,E0,0,0,2012,2,,,0,0,,2992
48475,4591,A05,0,A00,A0,A0,E0,0,0,2012,2,,,,,,1604
48477,4591,A05,0,A00,A0,A0,E0,0,0,2012,2,60,59,7,8,-1,1754
48479,4591,A05,0,A00,A0,A0,E0,0,0,2012,2,176,174,27,29,-2,1275
48481,4591,A05,0,A00,A0,A0,E0,0,0,2012,2,24,25,2,,1,2285
48485,4591,A05,0,A00,A0,A0,E0,0,0,2012,2,158,168,26,17,10,1714
48487,4591,A05,0,A00,A0,A0,E0,0,0,2012,2,,,,,,1157
48491,4591,A05,0,A00,A0,A0,E0,0,0,2012,2,534,531,84,88,-3,1525
48497,4591,A05,0,A00,A0,A0,E0,0,0,2012,2,15,17,4,2,2,1366
48499,4591,A05,0,A00,A0,A0,E0,0,0,2012,2,,,,,,2253
48503,4591,A05,0,A00,A0,A0,E0,0,0,2012,2,,,,,,1012
48,4591,A05,0,A00,A0,A0,E0,0,0,2012,2,31161,31542,6097,5717,381,1811
48001,4591,A05,0,A00,A0,A0,E0,0,0,2012,3,20,19,6,6,0,1531
48005,4591,A05,0,A00,A0,A0,E0,0,0,2012,3,39,37,5,7,-2,1899
48007,4591,A05,0,A00,A0,A0,E0,0,0,2012,3,21,18,3,6,-3,2181
48009,4591,A05,0,A00,A0,A0,E0,0,0,2012,3,,,,,,702
48013,4591,A05,0,A00,A0,A0,E0,0,0,2012,3,,,,,,2158
48015,4591,A05,0,A00,A0,A0,E0,0,0,2012,3,,,0,0,,1641
48019,4591,A05,0,A00,A0,A0,E0,0,0,2012,3,,,0,0,,1024
48021,4591,A05,0,A00,A0,A0,E0,0,0,2012,3,,,0,0,,1860
48025,4591,A05,0,A00,A0,A0,E0,0,0,2012,3,,,,,,1070
48027,4591,A05,0,A00,A0,A0,E0,0,0,2012,3,282,289,61,54,7,1429
48029,4591,A05,0,A00,A0,A0,E0,0,0,2012,3,2322,2364,534,492,42,1559
48037,4591,A05,0,A00,A0,A0,E0,0,0,2012,3,133,131,44,45,-1,1296
48039,4591,A05,0,A00,A0,A0,E0,0,0,2012,3,115,113,26,28,-1,1392
48041,4591,A05,0,A00,A0,A0,E0,0,0,2012,3,246,279,86,53,33,1352
48049,4591,A05,0,A00,A0,A0,E0,0,0,2012,3,24,23,8,9,-1,1148
48051,4591,A05,0,A00,A0,A0,E0,0,0,2012,3,0,,,0,,
48053,4591,A05,0,A00,A0,A0,E0,0,0,2012,3,4,6,,0,2,1059
48055,4591,A05,0,A00,A0,A0,E0,0,0,2012,3,,,,,,1049
48057,4591,A05,0,A00,A0,A0,E0,0,0,2012,3,,,,,,1336
48059,4591,A05,0,A00,A0,A0,E0,0,0,2012,3,,,0,0,,2234
48061,4591,A05,0,A00,A0,A0,E0,0,0,2012,3,503,488,81,96,-15,1241
48067,4591,A05,0,A00,A0,A0,E0,0,0,2012,3,4,6,5,4,1,1643
48069,4591,A05,0,A00,A0,A0,E0,0,0,2012,3,,,,,,554
48071,4591,A05,0,A00,A0,A0,E0,0,0,2012,3,,,,,,379
48073,4591,A05,0,A00,A0,A0,E0,0,0,2012,3,,,,,,928
48085,4591,A05,0,A00,A0,A0,E0,0,0,2012,3,1689,1668,363,384,-21,1765
48089,4591,A05,0,A00,A0,A0,E0,0,0,2012,3,,,,0,,900
48091,4591,A05,0,A00,A0,A0,E0,0,0,2012,3,217,195,31,54,-22,1555
48097,4591,A05,0,A00,A0,A0,E0,0,0,2012,3,11,14,5,3,3,1340
48099,4591,A05,0,A00,A0,A0,E0,0,0,2012,3,9,9,,,0,1215
48113,4591,A05,0,A00,A0,A0,E0,0,0,2012,3,3702,3753,841,790,52,1947
48117,4591,A05,0,A00,A0,A0,E0,0,0,2012,3,,,,,,1026
48121,4591,A05,0,A00,A0,A0,E0,0,0,2012,3,666,680,151,137,14,1857
48123,4591,A05,0,A00,A0,A0,E0,0,0,2012,3,,,0,,,870
48131,4591,A05,0,A00,A0,A0,E0,0,0,2012,3,,,,0,,2760
48135,4591,A05,0,A00,A0,A0,E0,0,0,2012,3,204,215,61,49,12,2158
48139,4591,A05,0,A00,A0,A0,E0,0,0,2012,3,246,256,60,50,10,1445
48141,4591,A05,0,A00,A0,A0,E0,0,0,2012,3,847,879,219,187,32,1496
48143,4591,A05,0,A00,A0,A0,E0,0,0,2012,3,24,19,6,10,-4,1318
48157,4591,A05,0,A00,A0,A0,E0,0,0,2012,3,636,623,155,168,-13,1764
48163,4591,A05,0,A00,A0,A0,E0,0,0,2012,3,,,,,,2184
48165,4591,A05,0,A00,A0,A0,E0,0,0,2012,3,,,,,,1019
48167,4591,A05,0,A00,A0,A0,E0,0,0,2012,3,195,181,46,60,-14,1441
48171,4591,A05,0,A00,A0,A0,E0,0,0,2012,3,20,17,,4,-3,966
48179,4591,A05,0,A00,A0,A0,E0,0,0,2012,3,26,22,3,6,-4,1413
48181,4591,A05,0,A00,A0,A0,E0,0,0,2012,3,188,196,52,44,8,1514
48183,4591,A05,0,A00,A0,A0,E0,0,0,2012,3,232,234,61,59,1,1571
48187,4591,A05,0,A00,A0,A0,E0,0,0,2012,3,40,40,9,9,0,1490
48189,4591,A05,0,A00,A0,A0,E0,0,0,2012,3,,,,,,1306
48199,4591,A05,0,A00,A0,A0,E0,0,0,2012,3,16,16,4,4,0,1268
48201,4591,A05,0,A00,A0,A0,E0,0,0,2012,3,6052,6260,1428,1220,208,1703
48203,4591,A05,0,A00,A0,A0,E0,0,0,2012,3,67,61,8,14,-6,1425
48207,4591,A05,0,A00,A0,A0,E0,0,0,2012,3,0,0,,,0,
48209,4591,A05,0,A00,A0,A0,E0,0,0,2012,3,621,685,187,122,65,1573
48211,4591,A05,0,A00,A0,A0,E0,0,0,2012,3,,,0,0,,1118
48213,4591,A05,0,A00,A0,A0,E0,0,0,2012,3,39,36,11,14,-3,1824
48215,4591,A05,0,A00,A0,A0,E0,0,0,2012,3,622,635,143,130,13,1498
48219,4591,A05,0,A00,A0,A0,E0,0,0,2012,3,16,17,5,4,1,1140
48221,4591,A05,0,A00,A0,A0,E0,0,0,2012,3,21,21,4,4,0,4214
48223,4591,A05,0,A00,A0,A0,E0,0,0,2012,3,35,38,8,5,3,2107
48225,4591,A05,0,A00,A0,A0,E0,0,0,2012,3,,,,,,1187
48227,4591,A05,0,A00,A0,A0,E0,0,0,2012,3,17,16,6,7,-1,770
48231,4591,A05,0,A00,A0,A0,E0,0,0,2012,3,38,39,6,6,0,1816
48233,4591,A05,0,A00,A0,A0,E0,0,0,2012,3,,,,,,1523
48241,4591,A05,0,A00,A0,A0,E0,0,0,2012,3,,,0,,,776
48245,4591,A05,0,A00,A0,A0,E0,0,0,2012,3,213,209,46,49,-4,1787
48249,4591,A05,0,A00,A0,A0,E0,0,0,2012,3,,,,,,1242
48251,4591,A05,0,A00,A0,A0,E0,0,0,2012,3,93,96,18,15,4,1713
48253,4591,A05,0,A00,A0,A0,E0,0,0,2012,3,,,0,0,,720
48257,4591,A05,0,A00,A0,A0,E0,0,0,2012,3,16,17,5,4,1,1086
48259,4591,A05,0,A00,A0,A0,E0,0,0,2012,3,46,51,21,16,5,2147
48265,4591,A05,0,A00,A0,A0,E0,0,0,2012,3,40,42,5,3,2,1394
48267,4591,A05,0,A00,A0,A0,E0,0,0,2012,3,,,0,0,,3426
48273,4591,A05,0,A00,A0,A0,E0,0,0,2012,3,8,9,6,6,1,1324
48277,4591,A05,0,A00,A0,A0,E0,0,0,2012,3,50,53,14,11,3,1844
48285,4591,A05,0,A00,A0,A0,E0,0,0,2012,3,,,,0,,1714
48289,4591,A05,0,A00,A0,A0,E0,0,0,2012,3,,,0,0,,2400
48291,4591,A05,0,A00,A0,A0,E0,0,0,2012,3,12,12,5,5,0,1311
48293,4591,A05,0,A00,A0,A0,E0,0,0,2012,3,,,,,,1282
48295,4591,A05,0,A00,A0,A0,E0,0,0,2012,3,,,0,0,,107
48299,4591,A05,0,A00,A0,A0,E0,0,0,2012,3,,,,,,377
48303,4591,A05,0,A00,A0,A0,E0,0,0,2012,3,517,522,110,106,4,1491
48307,4591,A05,0,A00,A0,A0,E0,0,0,2012,3,,,0,0,,3679
48309,4591,A05,0,A00,A0,A0,E0,0,0,2012,3,239,220,35,54,-19,1332
48321,4591,A05,0,A00,A0,A0,E0,0,0,2012,3,14,13,4,5,-2,1221
48323,4591,A05,0,A00,A0,A0,E0,0,0,2012,3,77,20,9,66,-57,713
48325,4591,A05,0,A00,A0,A0,E0,0,0,2012,3,,,0,,,1042
48329,4591,A05,0,A00,A0,A0,E0,0,0,2012,3,175,188,64,51,13,1631
48331,4591,A05,0,A00,A0,A0,E0,0,0,2012,3,,,0,0,,460
48339,4591,A05,0,A00,A0,A0,E0,0,0,2012,3,491,504,101,88,13,1782
48341,4591,A05,0,A00,A0,A0,E0,0,0,2012,3,16,18,7,5,2,1330
48347,4591,A05,0,A00,A0,A0,E0,0,0,2012,3,83,88,25,20,5,1755
48349,4591,A05,0,A00,A0,A0,E0,0,0,2012,3,53,58,21,16,5,1510
48353,4591,A05,0,A00,A0,A0,E0,0,0,2012,3,,,,,,1097
48355,4591,A05,0,A00,A0,A0,E0,0,0,2012,3,493,510,105,88,17,1803
48361,4591,A05,0,A00,A0,A0,E0,0,0,2012,3,52,54,15,12,3,1634
48365,4591,A05,0,A00,A0,A0,E0,0,0,2012,3,,,,,,1449
48367,4591,A05,0,A00,A0,A0,E0,0,0,2012,3,117,131,40,25,14,1922
48369,4591,A05,0,A00,A0,A0,E0,0,0,2012,3,,,0,0,,1593
48373,4591,A05,0,A00,A0,A0,E0,0,0,2012,3,15,14,4,4,-1,1327
48375,4591,A05,0,A00,A0,A0,E0,0,0,2012,3,245,247,69,67,2,1344
48379,4591,A05,0,A00,A0,A0,E0,0,0,2012,3,,,0,0,,708
48381,4591,A05,0,A00,A0,A0,E0,0,0,2012,3,196,190,34,41,-6,1600
48387,4591,A05,0,A00,A0,A0,E0,0,0,2012,3,0,,,0,,
48395,4591,A05,0,A00,A0,A0,E0,0,0,2012,3,,,,,,1493
48397,4591,A05,0,A00,A0,A0,E0,0,0,2012,3,148,149,38,37,1,1702
48401,4591,A05,0,A00,A0,A0,E0,0,0,2012,3,,,,,,1296
48407,4591,A05,0,A00,A0,A0,E0,0,0,2012,3,,,0,0,,1431
48409,4591,A05,0,A00,A0,A0,E0,0,0,2012,3,36,37,10,9,1,1146
48415,4591,A05,0,A00,A0,A0,E0,0,0,2012,3,,,,,,1609
48419,4591,A05,0,A00,A0,A0,E0,0,0,2012,3,,,,,,2660
48423,4591,A05,0,A00,A0,A0,E0,0,0,2012,3,344,350,97,91,6,1697
48425,4591,A05,0,A00,A0,A0,E0,0,0,2012,3,,,,,,562
48427,4591,A05,0,A00,A0,A0,E0,0,0,2012,3,8,9,4,4,1,1228
48439,4591,A05,0,A00,A0,A0,E0,0,0,2012,3,3371,3489,744,625,119,2022
48441,4591,A05,0,A00,A0,A0,E0,0,0,2012,3,186,178,57,66,-8,1226
48449,4591,A05,0,A00,A0,A0,E0,0,0,2012,3,,,,,,1210
48451,4591,A05,0,A00,A0,A0,E0,0,0,2012,3,123,140,36,20,16,1598
48453,4591,A05,0,A00,A0,A0,E0,0,0,2012,3,2282,2278,470,474,-4,1891
48459,4591,A05,0,A00,A0,A0,E0,0,0,2012,3,,,0,0,,2789
48463,4591,A05,0,A00,A0,A0,E0,0,0,2012,3,58,59,14,13,1,2274
48465,4591,A05,0,A00,A0,A0,E0,0,0,2012,3,15,15,4,5,-1,1213
48467,4591,A05,0,A00,A0,A0,E0,0,0,2012,3,9,12,6,3,3,1438
48469,4591,A05,0,A00,A0,A0,E0,0,0,2012,3,144,147,30,27,4,1312
48471,4591,A05,0,A00,A0,A0,E0,0,0,2012,3,54,50,10,14,-4,2591
48473,4591,A05,0,A00,A0,A0,E0,0,0,2012,3,,,0,,,2338
48475,4591,A05,0,A00,A0,A0,E0,0,0,2012,3,,,,,,1228
48477,4591,A05,0,A00,A0,A0,E0,0,0,2012,3,59,59,13,13,0,1773
48479,4591,A05,0,A00,A0,A0,E0,0,0,2012,3,174,172,32,35,-3,1266
48481,4591,A05,0,A00,A0,A0,E0,0,0,2012,3,25,23,3,5,-2,2499
48485,4591,A05,0,A00,A0,A0,E0,0,0,2012,3,168,170,32,30,2,1535
48487,4591,A05,0,A00,A0,A0,E0,0,0,2012,3,,,,,,1172
48491,4591,A05,0,A00,A0,A0,E0,0,0,2012,3,531,538,103,96,7,1482
48497,4591,A05,0,A00,A0,A0,E0,0,0,2012,3,17,19,7,5,2,1865
48499,4591,A05,0,A00,A0,A0,E0,0,0,2012,3,,,,,,2275
48503,4591,A05,0,A00,A0,A0,E0,0,0,2012,3,,,,,,1019
48,4591,A05,0,A00,A0,A0,E0,0,0,2012,3,31553,32087,7305,6771,534,1722
48001,4591,A05,0,A00,A0,A0,E0,0,0,2012,4,19,18,5,6,-1,1351
48005,4591,A05,0,A00,A0,A0,E0,0,0,2012,4,37,37,6,6,0,1886
48007,4591,A05,0,A00,A0,A0,E0,0,0,2012,4,18,20,3,,2,2198
48009,4591,A05,0,A00,A0,A0,E0,0,0,2012,4,,,0,0,,752
48013,4591,A05,0,A00,A0,A0,E0,0,0,2012,4,,,,,,2236
48015,4591,A05,0,A00,A0,A0,E0,0,0,2012,4,5,6,,,1,1801
48019,4591,A05,0,A00,A0,A0,E0,0,0,2012,4,,,0,0,,1069
48021,4591,A05,0,A00,A0,A0,E0,0,0,2012,4,,,0,,,1522
48025,4591,A05,0,A00,A0,A0,E0,0,0,2012,4,,,,,,970
48027,4591,A05,0,A00,A0,A0,E0,0,0,2012,4,289,308,102,84,18,1481
48029,4591,A05,0,A00,A0,A0,E0,0,0,2012,4,2384,2630,830,584,247,1710
48037,4591,A05,0,A00,A0,A0,E0,0,0,2012,4,131,144,95,82,13,1215
48039,4591,A05,0,A00,A0,A0,E0,0,0,2012,4,113,130,42,26,16,1669
48041,4591,A05,0,A00,A0,A0,E0,0,0,2012,4,279,291,83,72,12,1319
48049,4591,A05,0,A00,A0,A0,E0,0,0,2012,4,23,19,5,9,-4,985
48051,4591,A05,0,A00,A0,A0,E0,0,0,2012,4,,,0,0,,8377
48053,4591,A05,0,A00,A0,A0,E0,0,0,2012,4,6,7,3,3,1,841
48055,4591,A05,0,A00,A0,A0,E0,0,0,2012,4,,,0,0,,625
48057,4591,A05,0,A00,A0,A0,E0,0,0,2012,4,,,,,,1072
48059,4591,A05,0,A00,A0,A0,E0,0,0,2012,4,,,0,0,,2589
48061,4591,A05,0,A00,A0,A0,E0,0,0,2012,4,488,515,144,116,27,1231
48067,4591,A05,0,A00,A0,A0,E0,0,0,2012,4,6,8,3,,3,1416
48069,4591,A05,0,A00,A0,A0,E0,0,0,2012,4,,,,0,,698
48071,4591,A05,0,A00,A0,A0,E0,0,0,2012,4,,,,,,353
48073,4591,A05,0,A00,A0,A0,E0,0,0,2012,4,,,,,,782
48077,4591,A05,0,A00,A0,A0,E0,0,0,2012,4,0,,,0,,
48085,4591,A05,0,A00,A0,A0,E0,0,0,2012,4,1662,1891,651,421,229,2037
48089,4591,A05,0,A00,A0,A0,E0,0,0,2012,4,6,8,,0,2,929
48091,4591,A05,0,A00,A0,A0,E0,0,0,2012,4,194,197,45,42,3,1567
48097,4591,A05,0,A00,A0,A0,E0,0,0,2012,4,14,16,6,4,2,1182
48099,4591,A05,0,A00,A0,A0,E0,0,0,2012,4,8,10,,,2,1379
48113,4591,A05,0,A00,A0,A0,E0,0,0,2012,4,3746,4085,1218,878,340,2079
48117,4591,A05,0,A00,A0,A0,E0,0,0,2012,4,,,,,,911
48121,4591,A05,0,A00,A0,A0,E0,0,0,2012,4,696,777,264,183,82,2043
48123,4591,A05,0,A00,A0,A0,E0,0,0,2012,4,,0,0,,,1124
48131,4591,A05,0,A00,A0,A0,E0,0,0,2012,4,,,0,0,,2093
48135,4591,A05,0,A00,A0,A0,E0,0,0,2012,4,215,232,67,50,17,2546
48139,4591,A05,0,A00,A0,A0,E0,0,0,2012,4,256,370,285,171,114,1691
48141,4591,A05,0,A00,A0,A0,E0,0,0,2012,4,890,1102,549,338,212,1767
48143,4591,A05,0,A00,A0,A0,E0,0,0,2012,4,19,24,8,4,4,1583
48157,4591,A05,0,A00,A0,A0,E0,0,0,2012,4,621,674,257,205,53,1954
48163,4591,A05,0,A00,A0,A0,E0,0,0,2012,4,,,,,,1928
48165,4591,A05,0,A00,A0,A0,E0,0,0,2012,4,,,0,0,,1107
48167,4591,A05,0,A00,A0,A0,E0,0,0,2012,4,181,181,54,54,0,1545
48171,4591,A05,0,A00,A0,A0,E0,0,0,2012,4,17,16,3,3,0,927
48179,4591,A05,0,A00,A0,A0,E0,0,0,2012,4,22,23,,,1,1268
48181,4591,A05,0,A00,A0,A0,E0,0,0,2012,4,196,219,70,47,23,1604
48183,4591,A05,0,A00,A0,A0,E0,0,0,2012,4,230,248,98,81,17,1781
48187,4591,A05,0,A00,A0,A0,E0,0,0,2012,4,40,51,18,7,11,1526
48189,4591,A05,0,A00,A0,A0,E0,0,0,2012,4,,,,,,1303
48199,4591,A05,0,A00,A0,A0,E0,0,0,2012,4,16,17,5,5,0,1136
48201,4591,A05,0,A00,A0,A0,E0,0,0,2012,4,6231,6857,2220,1594,626,1786
48203,4591,A05,0,A00,A0,A0,E0,0,0,2012,4,61,61,6,6,0,1661
48207,4591,A05,0,A00,A0,A0,E0,0,0,2012,4,0,,,0,,
48209,4591,A05,0,A00,A0,A0,E0,0,0,2012,4,685,805,285,166,119,1749
48211,4591,A05,0,A00,A0,A0,E0,0,0,2012,4,,,0,0,,1261
48213,4591,A05,0,A00,A0,A0,E0,0,0,2012,4,35,37,7,6,1,1808
48215,4591,A05,0,A00,A0,A0,E0,0,0,2012,4,635,775,349,210,139,1526
48219,4591,A05,0,A00,A0,A0,E0,0,0,2012,4,17,19,5,3,2,1094
48221,4591,A05,0,A00,A0,A0,E0,0,0,2012,4,21,20,3,4,-1,7298
48223,4591,A05,0,A00,A0,A0,E0,0,0,2012,4,38,40,4,,2,1910
48225,4591,A05,0,A00,A0,A0,E0,0,0,2012,4,,,,,,1069
48227,4591,A05,0,A00,A0,A0,E0,0,0,2012,4,16,17,6,5,1,803
48231,4591,A05,0,A00,A0,A0,E0,0,0,2012,4,39,45,12,6,6,1759
48233,4591,A05,0,A00,A0,A0,E0,0,0,2012,4,,,,,,1671
48241,4591,A05,0,A00,A0,A0,E0,0,0,2012,4,,,0,,,834
48245,4591,A05,0,A00,A0,A0,E0,0,0,2012,4,209,237,100,72,28,1838
48249,4591,A05,0,A00,A0,A0,E0,0,0,2012,4,,,,,,1160
48251,4591,A05,0,A00,A0,A0,E0,0,0,2012,4,96,106,26,16,10,1923
48253,4591,A05,0,A00,A0,A0,E0,0,0,2012,4,,,0,,,711
48257,4591,A05,0,A00,A0,A0,E0,0,0,2012,4,17,23,11,5,6,939
48259,4591,A05,0,A00,A0,A0,E0,0,0,2012,4,51,51,5,5,0,1973
48265,4591,A05,0,A00,A0,A0,E0,0,0,2012,4,42,45,11,8,3,1359
48267,4591,A05,0,A00,A0,A0,E0,0,0,2012,4,,,0,0,,3426
48273,4591,A05,0,A00,A0,A0,E0,0,0,2012,4,9,10,6,6,1,1199
48277,4591,A05,0,A00,A0,A0,E0,0,0,2012,4,53,54,10,10,1,2010
48285,4591,A05,0,A00,A0,A0,E0,0,0,2012,4,,,,,,1561
48289,4591,A05,0,A00,A0,A0,E0,0,0,2012,4,,,0,0,,2553
48291,4591,A05,0,A00,A0,A0,E0,0,0,2012,4,12,13,6,4,1,1097
48293,4591,A05,0,A00,A0,A0,E0,0,0,2012,4,,,,,,1194
48295,4591,A05,0,A00,A0,A0,E0,0,0,2012,4,,0,,,,152
48299,4591,A05,0,A00,A0,A0,E0,0,0,2012,4,,,0,0,,538
48303,4591,A05,0,A00,A0,A0,E0,0,0,2012,4,535,606,210,138,72,1633
48307,4591,A05,0,A00,A0,A0,E0,0,0,2012,4,,,0,0,,3657
48309,4591,A05,0,A00,A0,A0,E0,0,0,2012,4,220,248,101,72,28,1642
48321,4591,A05,0,A00,A0,A0,E0,0,0,2012,4,13,9,3,6,-3,1175
48323,4591,A05,0,A00,A0,A0,E0,0,0,2012,4,20,19,3,4,-1,1507
48325,4591,A05,0,A00,A0,A0,E0,0,0,2012,4,,,,,,1251
48329,4591,A05,0,A00,A0,A0,E0,0,0,2012,4,188,231,180,138,43,1780
48331,4591,A05,0,A00,A0,A0,E0,0,0,2012,4,,,0,0,,417
48339,4591,A05,0,A00,A0,A0,E0,0,0,2012,4,503,575,210,138,72,2132
48341,4591,A05,0,A00,A0,A0,E0,0,0,2012,4,18,22,10,6,4,3675
48347,4591,A05,0,A00,A0,A0,E0,0,0,2012,4,88,106,30,12,18,1979
48349,4591,A05,0,A00,A0,A0,E0,0,0,2012,4,58,61,17,14,3,1305
48353,4591,A05,0,A00,A0,A0,E0,0,0,2012,4,,,,,,801
48355,4591,A05,0,A00,A0,A0,E0,0,0,2012,4,507,559,180,128,52,2011
48361,4591,A05,0,A00,A0,A0,E0,0,0,2012,4,50,51,15,13,1,1496
48365,4591,A05,0,A00,A0,A0,E0,0,0,2012,4,,,,,,1130
48367,4591,A05,0,A00,A0,A0,E0,0,0,2012,4,131,131,26,26,-1,1873
48369,4591,A05,0,A00,A0,A0,E0,0,0,2012,4,,,0,0,,1309
48373,4591,A05,0,A00,A0,A0,E0,0,0,2012,4,14,17,6,3,3,1183
48375,4591,A05,0,A00,A0,A0,E0,0,0,2012,4,246,299,180,128,53,1383
48379,4591,A05,0,A00,A0,A0,E0,0,0,2012,4,,,,,,774
48381,4591,A05,0,A00,A0,A0,E0,0,0,2012,4,190,190,37,37,0,2262
48387,4591,A05,0,A00,A0,A0,E0,0,0,2012,4,,,0,0,,3656
48395,4591,A05,0,A00,A0,A0,E0,0,0,2012,4,,,,,,1758
48397,4591,A05,0,A00,A0,A0,E0,0,0,2012,4,148,157,45,36,9,1906
48401,4591,A05,0,A00,A0,A0,E0,0,0,2012,4,,,,,,1132
48407,4591,A05,0,A00,A0,A0,E0,0,0,2012,4,,,0,0,,1393
48409,4591,A05,0,A00,A0,A0,E0,0,0,2012,4,37,44,13,6,8,1025
48415,4591,A05,0,A00,A0,A0,E0,0,0,2012,4,,,,,,1124
48417,4591,A05,0,A00,A0,A0,E0,0,0,2012,4,0,,,0,,
48419,4591,A05,0,A00,A0,A0,E0,0,0,2012,4,,,,,,2555
48423,4591,A05,0,A00,A0,A0,E0,0,0,2012,4,353,381,124,97,28,2701
48425,4591,A05,0,A00,A0,A0,E0,0,0,2012,4,,,,,,634
48427,4591,A05,0,A00,A0,A0,E0,0,0,2012,4,9,14,7,2,5,1072
48439,4591,A05,0,A00,A0,A0,E0,0,0,2012,4,3500,3828,1110,783,327,2574
48441,4591,A05,0,A00,A0,A0,E0,0,0,2012,4,178,198,91,70,20,1373
48449,4591,A05,0,A00,A0,A0,E0,0,0,2012,4,,,,,,971
48451,4591,A05,0,A00,A0,A0,E0,0,0,2012,4,140,148,42,33,9,1926
48453,4591,A05,0,A00,A0,A0,E0,0,0,2012,4,2232,2322,505,415,90,1970
48459,4591,A05,0,A00,A0,A0,E0,0,0,2012,4,,,0,0,,1716
48463,4591,A05,0,A00,A0,A0,E0,0,0,2012,4,60,61,11,10,1,2417
48465,4591,A05,0,A00,A0,A0,E0,0,0,2012,4,15,15,,,0,1243
48467,4591,A05,0,A00,A0,A0,E0,0,0,2012,4,12,13,,,0,1297
48469,4591,A05,0,A00,A0,A0,E0,0,0,2012,4,147,160,55,42,13,1461
48471,4591,A05,0,A00,A0,A0,E0,0,0,2012,4,50,58,27,19,8,2818
48473,4591,A05,0,A00,A0,A0,E0,0,0,2012,4,,,0,0,,4445
48475,4591,A05,0,A00,A0,A0,E0,0,0,2012,4,,,0,,,1544
48477,4591,A05,0,A00,A0,A0,E0,0,0,2012,4,59,64,19,14,5,1770
48479,4591,A05,0,A00,A0,A0,E0,0,0,2012,4,172,224,131,78,52,1440
48481,4591,A05,0,A00,A0,A0,E0,0,0,2012,4,23,23,2,,0,3106
48485,4591,A05,0,A00,A0,A0,E0,0,0,2012,4,170,183,74,62,13,1713
48487,4591,A05,0,A00,A0,A0,E0,0,0,2012,4,,,,,,991
48491,4591,A05,0,A00,A0,A0,E0,0,0,2012,4,538,591,175,122,53,1631
48497,4591,A05,0,A00,A0,A0,E0,0,0,2012,4,19,22,8,6,3,2060
48499,4591,A05,0,A00,A0,A0,E0,0,0,2012,4,,,,0,,1871
48503,4591,A05,0,A00,A0,A0,E0,0,0,2012,4,,,,,,979
48,4591,A05,0,A00,A0,A0,E0,0,0,2012,4,32058,35452,11734,8341,3394,1915
48001,4591,A05,0,A00,A0,A0,E0,0,0,2013,1,18,18,4,5,0,1820
48005,4591,A05,0,A00,A0,A0,E0,0,0,2013,1,41,41,8,7,1,1956
48007,4591,A05,0,A00,A0,A0,E0,0,0,2013,1,23,23,4,4,-1,2318
48009,4591,A05,0,A00,A0,A0,E0,0,0,2013,1,,0,0,,,802
48013,4591,A05,0,A00,A0,A0,E0,0,0,2013,1,10,11,,0,1,2059
48015,4591,A05,0,A00,A0,A0,E0,0,0,2013,1,6,5,0,,-1,1390
48019,4591,A05,0,A00,A0,A0,E0,0,0,2013,1,,,,0,,1199
48021,4591,A05,0,A00,A0,A0,E0,0,0,2013,1,,,0,0,,2710
48025,4591,A05,0,A00,A0,A0,E0,0,0,2013,1,,,,,,854
48027,4591,A05,0,A00,A0,A0,E0,0,0,2013,1,307,293,43,58,-14,1385
48029,4591,A05,0,A00,A0,A0,E0,0,0,2013,1,2648,2376,315,586,-271,1491
48037,4591,A05,0,A00,A0,A0,E0,0,0,2013,1,144,134,33,44,-10,1468
48039,4591,A05,0,A00,A0,A0,E0,0,0,2013,1,130,113,11,27,-16,1368
48041,4591,A05,0,A00,A0,A0,E0,0,0,2013,1,291,286,47,52,-5,1209
48045,4591,A05,0,A00,A0,A0,E0,0,0,2013,1,0,,,0,,
48049,4591,A05,0,A00,A0,A0,E0,0,0,2013,1,19,21,9,8,1,1113
48051,4591,A05,0,A00,A0,A0,E0,0,0,2013,1,,,,,,6874
48053,4591,A05,0,A00,A0,A0,E0,0,0,2013,1,7,7,,,0,703
48055,4591,A05,0,A00,A0,A0,E0,0,0,2013,1,,,,0,,47
48057,4591,A05,0,A00,A0,A0,E0,0,0,2013,1,,,0,0,,691
48059,4591,A05,0,A00,A0,A0,E0,0,0,2013,1,,,0,0,,2009
48061,4591,A05,0,A00,A0,A0,E0,0,0,2013,1,515,448,53,119,-66,1175
48067,4591,A05,0,A00,A0,A0,E0,0,0,2013,1,8,10,4,3,1,1194
48069,4591,A05,0,A00,A0,A0,E0,0,0,2013,1,,,0,,,634
48071,4591,A05,0,A00,A0,A0,E0,0,0,2013,1,,,,,,972
48073,4591,A05,0,A00,A0,A0,E0,0,0,2013,1,,,,,,947
48077,4591,A05,0,A00,A0,A0,E0,0,0,2013,1,,,,0,,1124
48085,4591,A05,0,A00,A0,A0,E0,0,0,2013,1,1903,1731,219,392,-172,1817
48089,4591,A05,0,A00,A0,A0,E0,0,0,2013,1,8,7,0,,-1,888
48091,4591,A05,0,A00,A0,A0,E0,0,0,2013,1,199,206,47,40,7,1545
48097,4591,A05,0,A00,A0,A0,E0,0,0,2013,1,16,14,5,6,-2,1195
48099,4591,A05,0,A00,A0,A0,E0,0,0,2013,1,11,11,,,1,1116
48111,4591,A05,0,A00,A0,A0,E0,0,0,2013,1,0,,,0,,
48113,4591,A05,0,A00,A0,A0,E0,0,0,2013,1,4092,3755,502,839,-337,1955
48117,4591,A05,0,A00,A0,A0,E0,0,0,2013,1,,,,,,676
48121,4591,A05,0,A00,A0,A0,E0,0,0,2013,1,771,695,94,171,-76,2056
48131,4591,A05,0,A00,A0,A0,E0,0,0,2013,1,,,,,,1923
48135,4591,A05,0,A00,A0,A0,E0,0,0,2013,1,235,226,37,46,-9,2024
48139,4591,A05,0,A00,A0,A0,E0,0,0,2013,1,370,254,17,133,-116,1102
48141,4591,A05,0,A00,A0,A0,E0,0,0,2013,1,1102,931,103,274,-171,1231
48143,4591,A05,0,A00,A0,A0,E0,0,0,2013,1,24,23,4,5,-1,1703
48157,4591,A05,0,A00,A0,A0,E0,0,0,2013,1,686,617,95,165,-69,1777
48163,4591,A05,0,A00,A0,A0,E0,0,0,2013,1,,,0,,,1559
48165,4591,A05,0,A00,A0,A0,E0,0,0,2013,1,,,,,,555
48167,4591,A05,0,A00,A0,A0,E0,0,0,2013,1,181,177,29,33,-4,1635
48171,4591,A05,0,A00,A0,A0,E0,0,0,2013,1,17,18,7,5,1,1100
48179,4591,A05,0,A00,A0,A0,E0,0,0,2013,1,23,24,3,,1,1323
48181,4591,A05,0,A00,A0,A0,E0,0,0,2013,1,205,186,24,43,-19,1563
48183,4591,A05,0,A00,A0,A0,E0,0,0,2013,1,246,230,31,47,-16,1503
48187,4591,A05,0,A00,A0,A0,E0,0,0,2013,1,51,43,6,14,-7,1761
48189,4591,A05,0,A00,A0,A0,E0,0,0,2013,1,,,,,,1133
48199,4591,A05,0,A00,A0,A0,E0,0,0,2013,1,17,18,4,3,1,1990
48201,4591,A05,0,A00,A0,A0,E0,0,0,2013,1,6878,6257,854,1474,-620,1580
48203,4591,A05,0,A00,A0,A0,E0,0,0,2013,1,61,60,7,8,-1,1522
48207,4591,A05,0,A00,A0,A0,E0,0,0,2013,1,,,0,0,,2175
48209,4591,A05,0,A00,A0,A0,E0,0,0,2013,1,805,710,60,155,-95,1582
48211,4591,A05,0,A00,A0,A0,E0,0,0,2013,1,,,,0,,947
48213,4591,A05,0,A00,A0,A0,E0,0,0,2013,1,38,44,14,8,6,1981
48215,4591,A05,0,A00,A0,A0,E0,0,0,2013,1,771,641,79,209,-130,1163
48219,4591,A05,0,A00,A0,A0,E0,0,0,2013,1,19,17,,3,-2,1105
48221,4591,A05,0,A00,A0,A0,E0,0,0,2013,1,20,16,0,4,-4,6410
48223,4591,A05,0,A00,A0,A0,E0,0,0,2013,1,40,37,3,6,-3,1795
48225,4591,A05,0,A00,A0,A0,E0,0,0,2013,1,,,,,,1115
48227,4591,A05,0,A00,A0,A0,E0,0,0,2013,1,17,16,6,7,-1,910
48231,4591,A05,0,A00,A0,A0,E0,0,0,2013,1,46,46,11,10,0,1773
48233,4591,A05,0,A00,A0,A0,E0,0,0,2013,1,,,,,,1773
48241,4591,A05,0,A00,A0,A0,E0,0,0,2013,1,,,,,,842
48245,4591,A05,0,A00,A0,A0,E0,0,0,2013,1,238,214,33,56,-23,1540
48249,4591,A05,0,A00,A0,A0,E0,0,0,2013,1,,,,,,1269
48251,4591,A05,0,A00,A0,A0,E0,0,0,2013,1,106,99,13,20,-7,1661
48253,4591,A05,0,A00,A0,A0,E0,0,0,2013,1,,,0,0,,1042
48257,4591,A05,0,A00,A0,A0,E0,0,0,2013,1,22,21,6,7,-1,1064
48259,4591,A05,0,A00,A0,A0,E0,0,0,2013,1,51,52,13,12,2,1868
48265,4591,A05,0,A00,A0,A0,E0,0,0,2013,1,45,45,6,5,1,1379
48267,4591,A05,0,A00,A0,A0,E0,0,0,2013,1,,,0,0,,3654
48273,4591,A05,0,A00,A0,A0,E0,0,0,2013,1,10,9,3,3,0,1236
48277,4591,A05,0,A00,A0,A0,E0,0,0,2013,1,53,55,9,8,1,1978
48285,4591,A05,0,A00,A0,A0,E0,0,0,2013,1,,,,0,,1536
48287,4591,A05,0,A00,A0,A0,E0,0,0,2013,1,,,0,0,,1012
48289,4591,A05,0,A00,A0,A0,E0,0,0,2013,1,,,,,,1702
48291,4591,A05,0,A00,A0,A0,E0,0,0,2013,1,13,10,3,6,-3,1341
48293,4591,A05,0,A00,A0,A0,E0,0,0,2013,1,,,,,,1383
48299,4591,A05,0,A00,A0,A0,E0,0,0,2013,1,,,,0,,504
48303,4591,A05,0,A00,A0,A0,E0,0,0,2013,1,607,557,79,129,-49,1341
48307,4591,A05,0,A00,A0,A0,E0,0,0,2013,1,,,0,0,,3685
48309,4591,A05,0,A00,A0,A0,E0,0,0,2013,1,248,220,29,57,-27,1307
48321,4591,A05,0,A00,A0,A0,E0,0,0,2013,1,,,,,,1511
48323,4591,A05,0,A00,A0,A0,E0,0,0,2013,1,19,17,3,5,-2,1550
48325,4591,A05,0,A00,A0,A0,E0,0,0,2013,1,,,,0,,1255
48329,4591,A05,0,A00,A0,A0,E0,0,0,2013,1,237,194,51,95,-44,1372
48331,4591,A05,0,A00,A0,A0,E0,0,0,2013,1,,,0,0,,690
48339,4591,A05,0,A00,A0,A0,E0,0,0,2013,1,576,521,72,127,-55,1541
48341,4591,A05,0,A00,A0,A0,E0,0,0,2013,1,22,20,4,6,-2,1506
48347,4591,A05,0,A00,A0,A0,E0,0,0,2013,1,106,102,12,15,-4,1722
48349,4591,A05,0,A00,A0,A0,E0,0,0,2013,1,61,65,17,13,4,1511
48353,4591,A05,0,A00,A0,A0,E0,0,0,2013,1,,,,,,1118
48355,4591,A05,0,A00,A0,A0,E0,0,0,2013,1,556,511,76,120,-45,1667
48361,4591,A05,0,A00,A0,A0,E0,0,0,2013,1,51,51,5,5,0,1404
48365,4591,A05,0,A00,A0,A0,E0,0,0,2013,1,,,,,,1253
48367,4591,A05,0,A00,A0,A0,E0,0,0,2013,1,131,136,28,23,5,1881
48369,4591,A05,0,A00,A0,A0,E0,0,0,2013,1,,,0,0,,1468
48373,4591,A05,0,A00,A0,A0,E0,0,0,2013,1,17,16,2,4,-2,1258
48375,4591,A05,0,A00,A0,A0,E0,0,0,2013,1,293,239,40,93,-53,1128
48379,4591,A05,0,A00,A0,A0,E0,0,0,2013,1,,,0,0,,734
48381,4591,A05,0,A00,A0,A0,E0,0,0,2013,1,190,181,15,24,-9,1681
48387,4591,A05,0,A00,A0,A0,E0,0,0,2013,1,,,,0,,4404
48395,4591,A05,0,A00,A0,A0,E0,0,0,2013,1,,,,,,2879
48397,4591,A05,0,A00,A0,A0,E0,0,0,2013,1,157,157,35,35,0,1725
48401,4591,A05,0,A00,A0,A0,E0,0,0,2013,1,,,,,,1190
48407,4591,A05,0,A00,A0,A0,E0,0,0,2013,1,,,0,0,,1425
48409,4591,A05,0,A00,A0,A0,E0,0,0,2013,1,44,40,6,10,-4,923
48415,4591,A05,0,A00,A0,A0,E0,0,0,2013,1,,,,,,1528
48417,4591,A05,0,A00,A0,A0,E0,0,0,2013,1,,0,0,,,798
48419,4591,A05,0,A00,A0,A0,E0,0,0,2013,1,,,,,,2513
48423,4591,A05,0,A00,A0,A0,E0,0,0,2013,1,322,294,44,72,-28,1476
48425,4591,A05,0,A00,A0,A0,E0,0,0,2013,1,,,,,,485
48427,4591,A05,0,A00,A0,A0,E0,0,0,2013,1,14,12,,3,-3,1156
48439,4591,A05,0,A00,A0,A0,E0,0,0,2013,1,3809,3374,382,817,-435,2161
48441,4591,A05,0,A00,A0,A0,E0,0,0,2013,1,198,177,43,64,-20,1145
48449,4591,A05,0,A00,A0,A0,E0,0,0,2013,1,,,,,,1195
48451,4591,A05,0,A00,A0,A0,E0,0,0,2013,1,148,130,17,35,-18,1521
48453,4591,A05,0,A00,A0,A0,E0,0,0,2013,1,2204,2082,289,412,-122,2062
48459,4591,A05,0,A00,A0,A0,E0,0,0,2013,1,,0,0,,,1535
48463,4591,A05,0,A00,A0,A0,E0,0,0,2013,1,63,64,12,11,1,2065
48465,4591,A05,0,A00,A0,A0,E0,0,0,2013,1,15,14,3,4,-1,1530
48467,4591,A05,0,A00,A0,A0,E0,0,0,2013,1,22,23,4,3,1,1833
48469,4591,A05,0,A00,A0,A0,E0,0,0,2013,1,160,148,20,32,-13,1256
48471,4591,A05,0,A00,A0,A0,E0,0,0,2013,1,57,63,15,9,6,2576
48473,4591,A05,0,A00,A0,A0,E0,0,0,2013,1,,,0,0,,3917
48475,4591,A05,0,A00,A0,A0,E0,0,0,2013,1,,,,,,1537
48477,4591,A05,0,A00,A0,A0,E0,0,0,2013,1,64,78,38,24,14,1764
48479,4591,A05,0,A00,A0,A0,E0,0,0,2013,1,224,174,14,64,-50,992
48481,4591,A05,0,A00,A0,A0,E0,0,0,2013,1,25,24,,3,-1,2545
48485,4591,A05,0,A00,A0,A0,E0,0,0,2013,1,183,159,19,42,-24,1411
48487,4591,A05,0,A00,A0,A0,E0,0,0,2013,1,,,,,,1309
48491,4591,A05,0,A00,A0,A0,E0,0,0,2013,1,591,533,52,111,-59,1410
48497,4591,A05,0,A00,A0,A0,E0,0,0,2013,1,22,19,3,6,-3,1890
48499,4591,A05,0,A00,A0,A0,E0,0,0,2013,1,22,23,4,,2,1771
48501,4591,A05,0,A00,A0,A0,E0,0,0,2013,1,0,,,0,,
48503,4591,A05,0,A00,A0,A0,E0,0,0,2013,1,,,,,,1334
48505,4591,A05,0,A00,A0,A0,E0,0,0,2013,1,0,,,,,
48,4591,A05,0,A00,A0,A0,E0,0,0,2013,1,35324,32032,4399,7691,-3292,1686
48001,4591,A05,0,A00,A0,A0,E0,0,0,2013,2,18,16,3,5,-2,1328
48005,4591,A05,0,A00,A0,A0,E0,0,0,2013,2,41,42,7,6,1,2058
48007,4591,A05,0,A00,A0,A0,E0,0,0,2013,2,23,23,,,0,2133
48009,4591,A05,0,A00,A0,A0,E0,0,0,2013,2,0,,,,,
48013,4591,A05,0,A00,A0,A0,E0,0,0,2013,2,11,11,,,0,1869
48015,4591,A05,0,A00,A0,A0,E0,0,0,2013,2,,,0,0,,1878
48019,4591,A05,0,A00,A0,A0,E0,0,0,2013,2,,,,0,,1040
48021,4591,A05,0,A00,A0,A0,E0,0,0,2013,2,,,0,0,,1807
48025,4591,A05,0,A00,A0,A0,E0,0,0,2013,2,8,10,5,3,2,645
48027,4591,A05,0,A00,A0,A0,E0,0,0,2013,2,294,290,48,51,-3,1423
48029,4591,A05,0,A00,A0,A0,E0,0,0,2013,2,2377,2452,511,435,76,1647
48037,4591,A05,0,A00,A0,A0,E0,0,0,2013,2,134,124,25,35,-10,1282
48039,4591,A05,0,A00,A0,A0,E0,0,0,2013,2,113,108,16,22,-5,1584
48041,4591,A05,0,A00,A0,A0,E0,0,0,2013,2,287,280,54,61,-7,1257
48045,4591,A05,0,A00,A0,A0,E0,0,0,2013,2,,,0,,,470
48049,4591,A05,0,A00,A0,A0,E0,0,0,2013,2,21,22,6,4,1,945
48051,4591,A05,0,A00,A0,A0,E0,0,0,2013,2,,,0,,,8476
48053,4591,A05,0,A00,A0,A0,E0,0,0,2013,2,7,7,,,0,857
48055,4591,A05,0,A00,A0,A0,E0,0,0,2013,2,,,,,,811
48057,4591,A05,0,A00,A0,A0,E0,0,0,2013,2,,,,,,1469
48059,4591,A05,0,A00,A0,A0,E0,0,0,2013,2,,,0,0,,2276
48061,4591,A05,0,A00,A0,A0,E0,0,0,2013,2,448,469,95,74,21,1324
48067,4591,A05,0,A00,A0,A0,E0,0,0,2013,2,10,9,,,0,1500
48069,4591,A05,0,A00,A0,A0,E0,0,0,2013,2,,,,,,698
48071,4591,A05,0,A00,A0,A0,E0,0,0,2013,2,,,0,0,,1024
48073,4591,A05,0,A00,A0,A0,E0,0,0,2013,2,,,,,,900
48077,4591,A05,0,A00,A0,A0,E0,0,0,2013,2,,,,0,,943
48085,4591,A05,0,A00,A0,A0,E0,0,0,2013,2,1732,1903,456,285,171,1934
48089,4591,A05,0,A00,A0,A0,E0,0,0,2013,2,,,,0,,848
48091,4591,A05,0,A00,A0,A0,E0,0,0,2013,2,207,234,64,37,27,1633
48097,4591,A05,0,A00,A0,A0,E0,0,0,2013,2,14,20,10,5,6,1186
48099,4591,A05,0,A00,A0,A0,E0,0,0,2013,2,11,11,,,0,1001
48111,4591,A05,0,A00,A0,A0,E0,0,0,2013,2,,,,,,803
48113,4591,A05,0,A00,A0,A0,E0,0,0,2013,2,3752,3802,685,634,50,2066
48117,4591,A05,0,A00,A0,A0,E0,0,0,2013,2,,,,,,776
48121,4591,A05,0,A00,A0,A0,E0,0,0,2013,2,697,713,159,144,16,2085
48131,4591,A05,0,A00,A0,A0,E0,0,0,2013,2,,,,0,,3139
48135,4591,A05,0,A00,A0,A0,E0,0,0,2013,2,226,235,70,61,9,2057
48139,4591,A05,0,A00,A0,A0,E0,0,0,2013,2,254,247,30,38,-7,1544
48141,4591,A05,0,A00,A0,A0,E0,0,0,2013,2,931,930,169,171,-1,1775
48143,4591,A05,0,A00,A0,A0,E0,0,0,2013,2,23,20,3,5,-3,1359
48157,4591,A05,0,A00,A0,A0,E0,0,0,2013,2,615,616,123,123,0,1922
48163,4591,A05,0,A00,A0,A0,E0,0,0,2013,2,,,0,,,1846
48165,4591,A05,0,A00,A0,A0,E0,0,0,2013,2,,,,,,565
48167,4591,A05,0,A00,A0,A0,E0,0,0,2013,2,177,209,79,47,31,1577
48171,4591,A05,0,A00,A0,A0,E0,0,0,2013,2,18,21,4,,3,1094
48179,4591,A05,0,A00,A0,A0,E0,0,0,2013,2,24,24,4,4,-1,1404
48181,4591,A05,0,A00,A0,A0,E0,0,0,2013,2,186,188,44,42,2,1514
48183,4591,A05,0,A00,A0,A0,E0,0,0,2013,2,230,232,49,47,3,1591
48187,4591,A05,0,A00,A0,A0,E0,0,0,2013,2,43,46,14,12,3,1355
48189,4591,A05,0,A00,A0,A0,E0,0,0,2013,2,,,,,,1143
48199,4591,A05,0,A00,A0,A0,E0,0,0,2013,2,18,19,5,4,1,1301
48201,4591,A05,0,A00,A0,A0,E0,0,0,2013,2,6259,6313,1219,1165,53,1785
48203,4591,A05,0,A00,A0,A0,E0,0,0,2013,2,60,68,16,8,8,1499
48207,4591,A05,0,A00,A0,A0,E0,0,0,2013,2,,,0,0,,2175
48209,4591,A05,0,A00,A0,A0,E0,0,0,2013,2,710,760,177,127,50,1695
48211,4591,A05,0,A00,A0,A0,E0,0,0,2013,2,,,0,,,788
48213,4591,A05,0,A00,A0,A0,E0,0,0,2013,2,43,40,6,9,-3,1732
48215,4591,A05,0,A00,A0,A0,E0,0,0,2013,2,642,664,128,105,22,1430
48219,4591,A05,0,A00,A0,A0,E0,0,0,2013,2,17,17,4,3,1,1048
48221,4591,A05,0,A00,A0,A0,E0,0,0,2013,2,16,15,,2,-2,4273
48223,4591,A05,0,A00,A0,A0,E0,0,0,2013,2,37,36,3,4,-1,1866
48225,4591,A05,0,A00,A0,A0,E0,0,0,2013,2,,,,,,947
48227,4591,A05,0,A00,A0,A0,E0,0,0,2013,2,16,17,4,3,1,924
48231,4591,A05,0,A00,A0,A0,E0,0,0,2013,2,46,46,4,4,0,1989
48233,4591,A05,0,A00,A0,A0,E0,0,0,2013,2,,,,,,1358
48241,4591,A05,0,A00,A0,A0,E0,0,0,2013,2,8,10,,0,2,1008
48245,4591,A05,0,A00,A0,A0,E0,0,0,2013,2,214,206,31,39,-9,1843
48249,4591,A05,0,A00,A0,A0,E0,0,0,2013,2,,,,,,1082
48251,4591,A05,0,A00,A0,A0,E0,0,0,2013,2,99,100,16,15,1,1789
48253,4591,A05,0,A00,A0,A0,E0,0,0,2013,2,,,0,0,,1051
48257,4591,A05,0,A00,A0,A0,E0,0,0,2013,2,21,18,5,8,-3,1000
48259,4591,A05,0,A00,A0,A0,E0,0,0,2013,2,52,51,9,11,-1,1859
48265,4591,A05,0,A00,A0,A0,E0,0,0,2013,2,45,43,8,9,-2,1341
48267,4591,A05,0,A00,A0,A0,E0,0,0,2013,2,,,0,0,,4111
48273,4591,A05,0,A00,A0,A0,E0,0,0,2013,2,9,12,6,3,3,1230
48277,4591,A05,0,A00,A0,A0,E0,0,0,2013,2,55,51,7,11,-4,1646
48285,4591,A05,0,A00,A0,A0,E0,0,0,2013,2,,,,,,1518
48287,4591,A05,0,A00,A0,A0,E0,0,0,2013,2,,,0,0,,1002
48289,4591,A05,0,A00,A0,A0,E0,0,0,2013,2,,,0,0,,1725
48291,4591,A05,0,A00,A0,A0,E0,0,0,2013,2,10,11,3,3,0,1213
48293,4591,A05,0,A00,A0,A0,E0,0,0,2013,2,,,,,,1238
48299,4591,A05,0,A00,A0,A0,E0,0,0,2013,2,,,,,,400
48303,4591,A05,0,A00,A0,A0,E0,0,0,2013,2,557,563,114,108,5,1337
48307,4591,A05,0,A00,A0,A0,E0,0,0,2013,2,,,0,0,,3829
48309,4591,A05,0,A00,A0,A0,E0,0,0,2013,2,220,233,50,37,13,1511
48321,4591,A05,0,A00,A0,A0,E0,0,0,2013,2,,,,,,1376
48323,4591,A05,0,A00,A0,A0,E0,0,0,2013,2,17,17,4,4,0,1516
48325,4591,A05,0,A00,A0,A0,E0,0,0,2013,2,,,,,,757
48329,4591,A05,0,A00,A0,A0,E0,0,0,2013,2,194,197,76,73,3,1598
48331,4591,A05,0,A00,A0,A0,E0,0,0,2013,2,,,0,0,,333
48339,4591,A05,0,A00,A0,A0,E0,0,0,2013,2,521,521,100,100,0,2043
48341,4591,A05,0,A00,A0,A0,E0,0,0,2013,2,20,19,6,7,-1,1296
48347,4591,A05,0,A00,A0,A0,E0,0,0,2013,2,102,103,15,15,0,1791
48349,4591,A05,0,A00,A0,A0,E0,0,0,2013,2,65,61,12,16,-3,1302
48353,4591,A05,0,A00,A0,A0,E0,0,0,2013,2,,,,,,935
48355,4591,A05,0,A00,A0,A0,E0,0,0,2013,2,511,522,94,83,11,1871
48361,4591,A05,0,A00,A0,A0,E0,0,0,2013,2,51,54,12,9,3,1667
48365,4591,A05,0,A00,A0,A0,E0,0,0,2013,2,,,,,,1278
48367,4591,A05,0,A00,A0,A0,E0,0,0,2013,2,136,140,28,24,4,1861
48369,4591,A05,0,A00,A0,A0,E0,0,0,2013,2,,,0,0,,1388
48373,4591,A05,0,A00,A0,A0,E0,0,0,2013,2,16,14,3,5,-2,1233
48375,4591,A05,0,A00,A0,A0,E0,0,0,2013,2,240,235,63,68,-5,1365
48379,4591,A05,0,A00,A0,A0,E0,0,0,2013,2,,,0,,,945
48381,4591,A05,0,A00,A0,A0,E0,0,0,2013,2,181,191,37,26,11,1796
48387,4591,A05,0,A00,A0,A0,E0,0,0,2013,2,,,0,0,,9577
48395,4591,A05,0,A00,A0,A0,E0,0,0,2013,2,,,,,,2696
48397,4591,A05,0,A00,A0,A0,E0,0,0,2013,2,157,170,45,32,13,1986
48401,4591,A05,0,A00,A0,A0,E0,0,0,2013,2,,,,,,1021
48407,4591,A05,0,A00,A0,A0,E0,0,0,2013,2,,,0,0,,1450
48409,4591,A05,0,A00,A0,A0,E0,0,0,2013,2,40,33,12,19,-7,811
48415,4591,A05,0,A00,A0,A0,E0,0,0,2013,2,,,,,,1466
48419,4591,A05,0,A00,A0,A0,E0,0,0,2013,2,,,,,,2723
48423,4591,A05,0,A00,A0,A0,E0,0,0,2013,2,295,293,54,57,-2,1692
48425,4591,A05,0,A00,A0,A0,E0,0,0,2013,2,,,,,,792
48427,4591,A05,0,A00,A0,A0,E0,0,0,2013,2,12,13,4,3,1,1144
48439,4591,A05,0,A00,A0,A0,E0,0,0,2013,2,3371,3464,685,592,93,2320
48441,4591,A05,0,A00,A0,A0,E0,0,0,2013,2,177,185,48,41,7,1331
48449,4591,A05,0,A00,A0,A0,E0,0,0,2013,2,,,,,,984
48451,4591,A05,0,A00,A0,A0,E0,0,0,2013,2,130,134,27,23,4,1728
48453,4591,A05,0,A00,A0,A0,E0,0,0,2013,2,2077,2122,382,337,45,2098
48463,4591,A05,0,A00,A0,A0,E0,0,0,2013,2,64,67,14,11,3,2191
48465,4591,A05,0,A00,A0,A0,E0,0,0,2013,2,14,15,3,,1,1501
48467,4591,A05,0,A00,A0,A0,E0,0,0,2013,2,23,22,2,3,-1,2149
48469,4591,A05,0,A00,A0,A0,E0,0,0,2013,2,148,155,29,22,7,1368
48471,4591,A05,0,A00,A0,A0,E0,0,0,2013,2,63,54,7,16,-9,2180
48473,4591,A05,0,A00,A0,A0,E0,0,0,2013,2,,,,0,,4266
48475,4591,A05,0,A00,A0,A0,E0,0,0,2013,2,,,,,,1355
48477,4591,A05,0,A00,A0,A0,E0,0,0,2013,2,78,68,14,24,-10,1685
48479,4591,A05,0,A00,A0,A0,E0,0,0,2013,2,174,172,25,28,-2,1277
48481,4591,A05,0,A00,A0,A0,E0,0,0,2013,2,24,23,3,5,-1,2381
48485,4591,A05,0,A00,A0,A0,E0,0,0,2013,2,159,159,32,33,-1,1746
48487,4591,A05,0,A00,A0,A0,E0,0,0,2013,2,,,,,,1198
48491,4591,A05,0,A00,A0,A0,E0,0,0,2013,2,533,520,93,105,-12,1619
48497,4591,A05,0,A00,A0,A0,E0,0,0,2013,2,19,18,4,5,-1,1747
48499,4591,A05,0,A00,A0,A0,E0,0,0,2013,2,,,0,,,1611
48501,4591,A05,0,A00,A0,A0,E0,0,0,2013,2,,,,,,249
48503,4591,A05,0,A00,A0,A0,E0,0,0,2013,2,,,,,,1116
48505,4591,A05,0,A00,A0,A0,E0,0,0,2013,2,,,0,,,498
48,4591,A05,0,A00,A0,A0,E0,0,0,2013,2,32030,32718,6602,5914,688,1840
48001,4591,A05,0,A00,A0,A0,E0,0,0,2013,3,16,16,5,5,0,1719
48005,4591,A05,0,A00,A0,A0,E0,0,0,2013,3,42,42,9,9,0,2019
48007,4591,A05,0,A00,A0,A0,E0,0,0,2013,3,23,22,,,-1,2528
48009,4591,A05,0,A00,A0,A0,E0,0,0,2013,3,,0,0,,,146
48013,4591,A05,0,A00,A0,A0,E0,0,0,2013,3,11,12,3,,2,2203
48015,4591,A05,0,A00,A0,A0,E0,0,0,2013,3,,,,0,,1840
48019,4591,A05,0,A00,A0,A0,E0,0,0,2013,3,,,,,,776
48021,4591,A05,0,A00,A0,A0,E0,0,0,2013,3,,,0,0,,2710
48025,4591,A05,0,A00,A0,A0,E0,0,0,2013,3,10,8,4,7,-2,1214
48027,4591,A05,0,A00,A0,A0,E0,0,0,2013,3,290,307,77,59,18,1519
48029,4591,A05,0,A00,A0,A0,E0,0,0,2013,3,2455,2479,467,443,24,1640
48037,4591,A05,0,A00,A0,A0,E0,0,0,2013,3,124,132,52,44,8,1479
48039,4591,A05,0,A00,A0,A0,E0,0,0,2013,3,108,115,31,24,7,1627
48041,4591,A05,0,A00,A0,A0,E0,0,0,2013,3,280,330,124,74,51,1380
48045,4591,A05,0,A00,A0,A0,E0,0,0,2013,3,,,,,,640
48049,4591,A05,0,A00,A0,A0,E0,0,0,2013,3,22,27,16,11,5,1152
48051,4591,A05,0,A00,A0,A0,E0,0,0,2013,3,,,,0,,8086
48053,4591,A05,0,A00,A0,A0,E0,0,0,2013,3,7,7,,,0,875
48055,4591,A05,0,A00,A0,A0,E0,0,0,2013,3,,,,0,,685
48057,4591,A05,0,A00,A0,A0,E0,0,0,2013,3,,,,,,1043
48059,4591,A05,0,A00,A0,A0,E0,0,0,2013,3,,,0,0,,2616
48061,4591,A05,0,A00,A0,A0,E0,0,0,2013,3,469,473,89,86,3,1438
48067,4591,A05,0,A00,A0,A0,E0,0,0,2013,3,9,9,,,0,1589
48069,4591,A05,0,A00,A0,A0,E0,0,0,2013,3,,,,0,,1117
48071,4591,A05,0,A00,A0,A0,E0,0,0,2013,3,,,0,0,,1198
48073,4591,A05,0,A00,A0,A0,E0,0,0,2013,3,,,,,,1058
48077,4591,A05,0,A00,A0,A0,E0,0,0,2013,3,,,0,,,1033
48085,4591,A05,0,A00,A0,A0,E0,0,0,2013,3,1900,1889,512,524,-11,1792
48089,4591,A05,0,A00,A0,A0,E0,0,0,2013,3,,,0,0,,950
48091,4591,A05,0,A00,A0,A0,E0,0,0,2013,3,234,211,41,64,-23,1744
48097,4591,A05,0,A00,A0,A0,E0,0,0,2013,3,20,22,10,8,2,1165
48099,4591,A05,0,A00,A0,A0,E0,0,0,2013,3,11,11,,,0,1048
48111,4591,A05,0,A00,A0,A0,E0,0,0,2013,3,,0,,,,208
48113,4591,A05,0,A00,A0,A0,E0,0,0,2013,3,3796,3893,865,768,97,2048
48117,4591,A05,0,A00,A0,A0,E0,0,0,2013,3,,,,,,1286
48121,4591,A05,0,A00,A0,A0,E0,0,0,2013,3,713,750,199,163,37,1887
48131,4591,A05,0,A00,A0,A0,E0,0,0,2013,3,,,0,0,,2931
48135,4591,A05,0,A00,A0,A0,E0,0,0,2013,3,235,232,56,59,-3,2227
48139,4591,A05,0,A00,A0,A0,E0,0,0,2013,3,247,287,89,49,40,1537
48141,4591,A05,0,A00,A0,A0,E0,0,0,2013,3,930,999,254,185,69,1409
48143,4591,A05,0,A00,A0,A0,E0,0,0,2013,3,20,20,9,9,0,1460
48157,4591,A05,0,A00,A0,A0,E0,0,0,2013,3,616,652,186,149,36,1941
48163,4591,A05,0,A00,A0,A0,E0,0,0,2013,3,,,,,,2164
48165,4591,A05,0,A00,A0,A0,E0,0,0,2013,3,,,,,,630
48167,4591,A05,0,A00,A0,A0,E0,0,0,2013,3,209,178,68,98,-30,1463
48171,4591,A05,0,A00,A0,A0,E0,0,0,2013,3,21,20,7,9,-1,1054
48179,4591,A05,0,A00,A0,A0,E0,0,0,2013,3,24,23,7,7,0,1359
48181,4591,A05,0,A00,A0,A0,E0,0,0,2013,3,187,236,108,59,48,1650
48183,4591,A05,0,A00,A0,A0,E0,0,0,2013,3,233,234,54,53,1,1635
48187,4591,A05,0,A00,A0,A0,E0,0,0,2013,3,42,41,8,9,-1,1540
48189,4591,A05,0,A00,A0,A0,E0,0,0,2013,3,,,,,,1289
48199,4591,A05,0,A00,A0,A0,E0,0,0,2013,3,19,16,5,8,-3,1406
48201,4591,A05,0,A00,A0,A0,E0,0,0,2013,3,6310,6540,1509,1279,230,1743
48203,4591,A05,0,A00,A0,A0,E0,0,0,2013,3,68,64,10,13,-3,1588
48207,4591,A05,0,A00,A0,A0,E0,0,0,2013,3,,,0,0,,2175
48209,4591,A05,0,A00,A0,A0,E0,0,0,2013,3,760,771,221,210,11,1480
48211,4591,A05,0,A00,A0,A0,E0,0,0,2013,3,,,0,0,,1104
48213,4591,A05,0,A00,A0,A0,E0,0,0,2013,3,41,36,8,13,-5,1666
48215,4591,A05,0,A00,A0,A0,E0,0,0,2013,3,666,705,166,127,40,1469
48219,4591,A05,0,A00,A0,A0,E0,0,0,2013,3,17,14,7,10,-3,1241
48221,4591,A05,0,A00,A0,A0,E0,0,0,2013,3,15,14,5,5,0,2557
48223,4591,A05,0,A00,A0,A0,E0,0,0,2013,3,36,39,8,6,3,2198
48225,4591,A05,0,A00,A0,A0,E0,0,0,2013,3,,,,,,1247
48227,4591,A05,0,A00,A0,A0,E0,0,0,2013,3,17,18,12,11,1,958
48231,4591,A05,0,A00,A0,A0,E0,0,0,2013,3,46,46,7,7,0,1916
48233,4591,A05,0,A00,A0,A0,E0,0,0,2013,3,,,,,,1658
48241,4591,A05,0,A00,A0,A0,E0,0,0,2013,3,10,6,,5,-4,617
48245,4591,A05,0,A00,A0,A0,E0,0,0,2013,3,206,226,76,56,20,1742
48249,4591,A05,0,A00,A0,A0,E0,0,0,2013,3,,,,,,1149
48251,4591,A05,0,A00,A0,A0,E0,0,0,2013,3,100,101,21,20,1,1814
48253,4591,A05,0,A00,A0,A0,E0,0,0,2013,3,,,0,,,899
48257,4591,A05,0,A00,A0,A0,E0,0,0,2013,3,18,18,5,5,0,1113
48259,4591,A05,0,A00,A0,A0,E0,0,0,2013,3,51,54,12,9,3,2236
48265,4591,A05,0,A00,A0,A0,E0,0,0,2013,3,43,41,5,7,-2,1353
48267,4591,A05,0,A00,A0,A0,E0,0,0,2013,3,,,0,0,,4111
48273,4591,A05,0,A00,A0,A0,E0,0,0,2013,3,12,12,6,6,0,1158
48277,4591,A05,0,A00,A0,A0,E0,0,0,2013,3,51,53,12,10,3,1823
48287,4591,A05,0,A00,A0,A0,E0,0,0,2013,3,,,,0,,1004
48289,4591,A05,0,A00,A0,A0,E0,0,0,2013,3,,,,,,1597
48291,4591,A05,0,A00,A0,A0,E0,0,0,2013,3,11,12,5,4,2,1509
48293,4591,A05,0,A00,A0,A0,E0,0,0,2013,3,,,,,,1269
48299,4591,A05,0,A00,A0,A0,E0,0,0,2013,3,,,0,0,,624
48303,4591,A05,0,A00,A0,A0,E0,0,0,2013,3,562,585,155,133,23,1446
48307,4591,A05,0,A00,A0,A0,E0,0,0,2013,3,,,0,0,,3680
48309,4591,A05,0,A00,A0,A0,E0,0,0,2013,3,233,237,60,56,4,1446
48321,4591,A05,0,A00,A0,A0,E0,0,0,2013,3,,,,,,1612
48323,4591,A05,0,A00,A0,A0,E0,0,0,2013,3,17,17,5,4,1,1663
48325,4591,A05,0,A00,A0,A0,E0,0,0,2013,3,,,0,0,,995
48329,4591,A05,0,A00,A0,A0,E0,0,0,2013,3,197,198,84,83,1,1696
48331,4591,A05,0,A00,A0,A0,E0,0,0,2013,3,,,0,0,,553
48339,4591,A05,0,A00,A0,A0,E0,0,0,2013,3,501,527,119,93,26,1769
48341,4591,A05,0,A00,A0,A0,E0,0,0,2013,3,19,27,15,7,8,1669
48347,4591,A05,0,A00,A0,A0,E0,0,0,2013,3,103,101,19,21,-2,1840
48349,4591,A05,0,A00,A0,A0,E0,0,0,2013,3,61,118,89,32,57,1481
48353,4591,A05,0,A00,A0,A0,E0,0,0,2013,3,,,,,,918
48355,4591,A05,0,A00,A0,A0,E0,0,0,2013,3,522,524,101,99,2,1990
48361,4591,A05,0,A00,A0,A0,E0,0,0,2013,3,54,62,25,17,8,1482
48365,4591,A05,0,A00,A0,A0,E0,0,0,2013,3,,,,,,1263
48367,4591,A05,0,A00,A0,A0,E0,0,0,2013,3,140,143,33,30,3,1842
48369,4591,A05,0,A00,A0,A0,E0,0,0,2013,3,,,0,0,,1359
48373,4591,A05,0,A00,A0,A0,E0,0,0,2013,3,14,14,5,5,0,1348
48375,4591,A05,0,A00,A0,A0,E0,0,0,2013,3,234,267,96,63,33,1425
48379,4591,A05,0,A00,A0,A0,E0,0,0,2013,3,,,,,,862
48381,4591,A05,0,A00,A0,A0,E0,0,0,2013,3,191,195,39,35,4,1695
48387,4591,A05,0,A00,A0,A0,E0,0,0,2013,3,,,0,0,,13968
48395,4591,A05,0,A00,A0,A0,E0,0,0,2013,3,,,,,,1598
48397,4591,A05,0,A00,A0,A0,E0,0,0,2013,3,168,166,50,52,-2,1830
48401,4591,A05,0,A00,A0,A0,E0,0,0,2013,3,,,,,,1248
48407,4591,A05,0,A00,A0,A0,E0,0,0,2013,3,,,0,0,,1458
48409,4591,A05,0,A00,A0,A0,E0,0,0,2013,3,33,35,16,15,1,1147
48415,4591,A05,0,A00,A0,A0,E0,0,0,2013,3,,,,,,1181
48419,4591,A05,0,A00,A0,A0,E0,0,0,2013,3,,,,,,2983
48423,4591,A05,0,A00,A0,A0,E0,0,0,2013,3,292,322,94,65,30,1789
48425,4591,A05,0,A00,A0,A0,E0,0,0,2013,3,,,0,,,493
48427,4591,A05,0,A00,A0,A0,E0,0,0,2013,3,13,11,3,4,-1,1027
48439,4591,A05,0,A00,A0,A0,E0,0,0,2013,3,3466,3583,824,706,117,2121
48441,4591,A05,0,A00,A0,A0,E0,0,0,2013,3,185,179,53,58,-6,1250
48449,4591,A05,0,A00,A0,A0,E0,0,0,2013,3,,,,,,1123
48451,4591,A05,0,A00,A0,A0,E0,0,0,2013,3,143,151,38,29,8,1706
48453,4591,A05,0,A00,A0,A0,E0,0,0,2013,3,2119,2142,424,401,23,2136
48463,4591,A05,0,A00,A0,A0,E0,0,0,2013,3,67,67,15,14,0,2208
48465,4591,A05,0,A00,A0,A0,E0,0,0,2013,3,15,16,6,6,0,1411
48467,4591,A05,0,A00,A0,A0,E0,0,0,2013,3,22,26,7,3,4,2339
48469,4591,A05,0,A00,A0,A0,E0,0,0,2013,3,155,159,35,31,4,1360
48471,4591,A05,0,A00,A0,A0,E0,0,0,2013,3,54,70,30,14,15,2952
48473,4591,A05,0,A00,A0,A0,E0,0,0,2013,3,,,,0,,2884
48475,4591,A05,0,A00,A0,A0,E0,0,0,2013,3,,,,,,1159
48477,4591,A05,0,A00,A0,A0,E0,0,0,2013,3,68,63,12,16,-5,1684
48479,4591,A05,0,A00,A0,A0,E0,0,0,2013,3,172,168,29,33,-3,1317
48481,4591,A05,0,A00,A0,A0,E0,0,0,2013,3,23,26,6,3,3,2738
48485,4591,A05,0,A00,A0,A0,E0,0,0,2013,3,159,169,36,26,10,1820
48487,4591,A05,0,A00,A0,A0,E0,0,0,2013,3,,,,,,1462
48491,4591,A05,0,A00,A0,A0,E0,0,0,2013,3,520,531,102,91,11,1666
48497,4591,A05,0,A00,A0,A0,E0,0,0,2013,3,18,20,7,5,2,1952
48499,4591,A05,0,A00,A0,A0,E0,0,0,2013,3,,,,,,1811
48501,4591,A05,0,A00,A0,A0,E0,0,0,2013,3,,,,,,455
48503,4591,A05,0,A00,A0,A0,E0,0,0,2013,3,,,,,,1375
48505,4591,A05,0,A00,A0,A0,E0,0,0,2013,3,,,0,0,,1249
48,4591,A05,0,A00,A0,A0,E0,0,0,2013,3,32680,33704,8186,7162,1024,1797
48001,4591,A05,0,A00,A0,A0,E0,0,0,2013,4,16,19,7,4,3,1705
48005,4591,A05,0,A00,A0,A0,E0,0,0,2013,4,42,45,7,5,3,2006
48007,4591,A05,0,A00,A0,A0,E0,0,0,2013,4,22,27,10,5,5,2327
48013,4591,A05,0,A00,A0,A0,E0,0,0,2013,4,12,14,4,2,1,2031
48015,4591,A05,0,A00,A0,A0,E0,0,0,2013,4,,,0,,,1033
48019,4591,A05,0,A00,A0,A0,E0,0,0,2013,4,,,0,,,847
48021,4591,A05,0,A00,A0,A0,E0,0,0,2013,4,,,0,0,,2710
48025,4591,A05,0,A00,A0,A0,E0,0,0,2013,4,8,7,3,3,0,1391
48027,4591,A05,0,A00,A0,A0,E0,0,0,2013,4,307,345,112,74,38,1524
48029,4591,A05,0,A00,A0,A0,E0,0,0,2013,4,2617,2961,1044,699,344,1748
48037,4591,A05,0,A00,A0,A0,E0,0,0,2013,4,116,148,89,57,32,1422
48039,4591,A05,0,A00,A0,A0,E0,0,0,2013,4,115,144,59,30,29,1594
48041,4591,A05,0,A00,A0,A0,E0,0,0,2013,4,297,313,100,84,16,1370
48045,4591,A05,0,A00,A0,A0,E0,0,0,2013,4,,0,0,,,744
48049,4591,A05,0,A00,A0,A0,E0,0,0,2013,4,27,31,7,3,4,1511
48051,4591,A05,0,A00,A0,A0,E0,0,0,2013,4,,,0,0,,5639
48053,4591,A05,0,A00,A0,A0,E0,0,0,2013,4,7,9,4,2,2,794
48055,4591,A05,0,A00,A0,A0,E0,0,0,2013,4,,,,,,627
48057,4591,A05,0,A00,A0,A0,E0,0,0,2013,4,,,,,,1515
48059,4591,A05,0,A00,A0,A0,E0,0,0,2013,4,,,0,0,,3113
48061,4591,A05,0,A00,A0,A0,E0,0,0,2013,4,473,536,141,78,63,1355
48067,4591,A05,0,A00,A0,A0,E0,0,0,2013,4,9,8,,3,-2,1405
48069,4591,A05,0,A00,A0,A0,E0,0,0,2013,4,,,,,,1130
48071,4591,A05,0,A00,A0,A0,E0,0,0,2013,4,,,0,,,830
48073,4591,A05,0,A00,A0,A0,E0,0,0,2013,4,,,,,,850
48075,4591,A05,0,A00,A0,A0,E0,0,0,2013,4,0,,,0,,
48077,4591,A05,0,A00,A0,A0,E0,0,0,2013,4,,0,0,,,1005
48085,4591,A05,0,A00,A0,A0,E0,0,0,2013,4,1885,2167,742,460,282,1989
48089,4591,A05,0,A00,A0,A0,E0,0,0,2013,4,8,11,3,0,3,1234
48091,4591,A05,0,A00,A0,A0,E0,0,0,2013,4,210,215,48,44,4,1602
48097,4591,A05,0,A00,A0,A0,E0,0,0,2013,4,22,23,10,8,2,969
48099,4591,A05,0,A00,A0,A0,E0,0,0,2013,4,11,13,4,,3,1183
48111,4591,A05,0,A00,A0,A0,E0,0,0,2013,4,0,0,,,0,
48113,4591,A05,0,A00,A0,A0,E0,0,0,2013,4,3961,4387,1319,892,426,2100
48117,4591,A05,0,A00,A0,A0,E0,0,0,2013,4,,,,,,1030
48121,4591,A05,0,A00,A0,A0,E0,0,0,2013,4,804,897,298,206,92,1889
48131,4591,A05,0,A00,A0,A0,E0,0,0,2013,4,,,0,0,,2631
48135,4591,A05,0,A00,A0,A0,E0,0,0,2013,4,232,258,81,56,26,2599
48139,4591,A05,0,A00,A0,A0,E0,0,0,2013,4,287,412,294,168,125,1697
48141,4591,A05,0,A00,A0,A0,E0,0,0,2013,4,1000,1206,501,294,206,1480
48143,4591,A05,0,A00,A0,A0,E0,0,0,2013,4,20,22,6,3,3,1493
48157,4591,A05,0,A00,A0,A0,E0,0,0,2013,4,624,724,269,169,100,2126
48163,4591,A05,0,A00,A0,A0,E0,0,0,2013,4,,,,,,1650
48165,4591,A05,0,A00,A0,A0,E0,0,0,2013,4,,,,,,550
48167,4591,A05,0,A00,A0,A0,E0,0,0,2013,4,178,190,62,50,12,1682
48171,4591,A05,0,A00,A0,A0,E0,0,0,2013,4,20,18,7,8,-1,954
48179,4591,A05,0,A00,A0,A0,E0,0,0,2013,4,23,20,,4,-3,1129
48181,4591,A05,0,A00,A0,A0,E0,0,0,2013,4,194,215,67,47,20,1679
48183,4591,A05,0,A00,A0,A0,E0,0,0,2013,4,234,272,105,67,38,1963
48187,4591,A05,0,A00,A0,A0,E0,0,0,2013,4,41,57,23,7,16,1521
48189,4591,A05,0,A00,A0,A0,E0,0,0,2013,4,,,,,,1110
48199,4591,A05,0,A00,A0,A0,E0,0,0,2013,4,16,19,7,4,3,1272
48201,4591,A05,0,A00,A0,A0,E0,0,0,2013,4,6502,7338,2429,1592,836,1875
48203,4591,A05,0,A00,A0,A0,E0,0,0,2013,4,64,66,9,7,2,1698
48207,4591,A05,0,A00,A0,A0,E0,0,0,2013,4,,,0,0,,2175
48209,4591,A05,0,A00,A0,A0,E0,0,0,2013,4,771,953,362,180,182,1651
48211,4591,A05,0,A00,A0,A0,E0,0,0,2013,4,,,0,0,,848
48213,4591,A05,0,A00,A0,A0,E0,0,0,2013,4,27,31,11,8,3,1057
48215,4591,A05,0,A00,A0,A0,E0,0,0,2013,4,705,853,352,204,147,1523
48219,4591,A05,0,A00,A0,A0,E0,0,0,2013,4,14,18,6,,4,1203
48221,4591,A05,0,A00,A0,A0,E0,0,0,2013,4,14,18,7,3,4,2353
48223,4591,A05,0,A00,A0,A0,E0,0,0,2013,4,39,41,6,4,2,1923
48225,4591,A05,0,A00,A0,A0,E0,0,0,2013,4,,,,,,1012
48227,4591,A05,0,A00,A0,A0,E0,0,0,2013,4,18,22,8,4,4,757
48231,4591,A05,0,A00,A0,A0,E0,0,0,2013,4,46,47,13,13,1,1753
48233,4591,A05,0,A00,A0,A0,E0,0,0,2013,4,,,,,,1423
48241,4591,A05,0,A00,A0,A0,E0,0,0,2013,4,,,0,0,,1008
48245,4591,A05,0,A00,A0,A0,E0,0,0,2013,4,219,245,104,78,27,1639
48249,4591,A05,0,A00,A0,A0,E0,0,0,2013,4,,,,,,1051
48251,4591,A05,0,A00,A0,A0,E0,0,0,2013,4,101,116,29,14,15,1933
48253,4591,A05,0,A00,A0,A0,E0,0,0,2013,4,,,0,0,,2364
48257,4591,A05,0,A00,A0,A0,E0,0,0,2013,4,18,26,16,8,8,1009
48259,4591,A05,0,A00,A0,A0,E0,0,0,2013,4,60,60,11,10,1,1879
48265,4591,A05,0,A00,A0,A0,E0,0,0,2013,4,41,44,10,7,3,1311
48267,4591,A05,0,A00,A0,A0,E0,0,0,2013,4,,,0,0,,4111
48273,4591,A05,0,A00,A0,A0,E0,0,0,2013,4,12,13,5,4,1,998
48277,4591,A05,0,A00,A0,A0,E0,0,0,2013,4,53,53,9,9,0,2561
48287,4591,A05,0,A00,A0,A0,E0,0,0,2013,4,,,0,,,669
48289,4591,A05,0,A00,A0,A0,E0,0,0,2013,4,,,,0,,1720
48291,4591,A05,0,A00,A0,A0,E0,0,0,2013,4,12,13,6,4,1,1147
48293,4591,A05,0,A00,A0,A0,E0,0,0,2013,4,,,,,,989
48299,4591,A05,0,A00,A0,A0,E0,0,0,2013,4,,,0,0,,596
48303,4591,A05,0,A00,A0,A0,E0,0,0,2013,4,583,623,199,159,40,1634
48307,4591,A05,0,A00,A0,A0,E0,0,0,2013,4,,,0,0,,3481
48309,4591,A05,0,A00,A0,A0,E0,0,0,2013,4,237,348,204,93,111,1798
48321,4591,A05,0,A00,A0,A0,E0,0,0,2013,4,,,,,,1251
48323,4591,A05,0,A00,A0,A0,E0,0,0,2013,4,17,18,6,5,1,1626
48325,4591,A05,0,A00,A0,A0,E0,0,0,2013,4,,,,,,785
48329,4591,A05,0,A00,A0,A0,E0,0,0,2013,4,198,254,185,129,57,1982
48331,4591,A05,0,A00,A0,A0,E0,0,0,2013,4,,,0,0,,679
48339,4591,A05,0,A00,A0,A0,E0,0,0,2013,4,527,595,201,133,68,2447
48341,4591,A05,0,A00,A0,A0,E0,0,0,2013,4,27,28,6,5,1,1121
48347,4591,A05,0,A00,A0,A0,E0,0,0,2013,4,101,114,29,17,13,2040
48349,4591,A05,0,A00,A0,A0,E0,0,0,2013,4,54,47,14,21,-7,1150
48353,4591,A05,0,A00,A0,A0,E0,0,0,2013,4,,,,,,871
48355,4591,A05,0,A00,A0,A0,E0,0,0,2013,4,524,661,290,154,136,1995
48361,4591,A05,0,A00,A0,A0,E0,0,0,2013,4,62,55,14,21,-7,1422
48365,4591,A05,0,A00,A0,A0,E0,0,0,2013,4,7,10,5,3,2,1049
48367,4591,A05,0,A00,A0,A0,E0,0,0,2013,4,143,144,24,23,1,1977
48369,4591,A05,0,A00,A0,A0,E0,0,0,2013,4,,,0,0,,926
48373,4591,A05,0,A00,A0,A0,E0,0,0,2013,4,14,17,6,3,3,1229
48375,4591,A05,0,A00,A0,A0,E0,0,0,2013,4,266,323,195,139,56,1476
48379,4591,A05,0,A00,A0,A0,E0,0,0,2013,4,,,0,,,744
48381,4591,A05,0,A00,A0,A0,E0,0,0,2013,4,195,202,39,33,6,1996
48387,4591,A05,0,A00,A0,A0,E0,0,0,2013,4,,,,,,12642
48395,4591,A05,0,A00,A0,A0,E0,0,0,2013,4,,,,,,1655
48397,4591,A05,0,A00,A0,A0,E0,0,0,2013,4,162,178,65,48,16,1848
48401,4591,A05,0,A00,A0,A0,E0,0,0,2013,4,,,,,,1411
48407,4591,A05,0,A00,A0,A0,E0,0,0,2013,4,,,0,0,,1539
48409,4591,A05,0,A00,A0,A0,E0,0,0,2013,4,35,43,16,8,8,1015
48415,4591,A05,0,A00,A0,A0,E0,0,0,2013,4,,,,,,1208
48419,4591,A05,0,A00,A0,A0,E0,0,0,2013,4,,,,,,1425
48423,4591,A05,0,A00,A0,A0,E0,0,0,2013,4,318,365,137,90,47,1827
48425,4591,A05,0,A00,A0,A0,E0,0,0,2013,4,,,0,,,284
48427,4591,A05,0,A00,A0,A0,E0,0,0,2013,4,11,14,5,,3,1019
48439,4591,A05,0,A00,A0,A0,E0,0,0,2013,4,3589,3994,1203,797,406,2384
48441,4591,A05,0,A00,A0,A0,E0,0,0,2013,4,190,206,73,56,16,1418
48449,4591,A05,0,A00,A0,A0,E0,0,0,2013,4,,,,,,1312
48451,4591,A05,0,A00,A0,A0,E0,0,0,2013,4,151,162,44,33,11,1903
48453,4591,A05,0,A00,A0,A0,E0,0,0,2013,4,2193,2313,563,443,120,2059
48463,4591,A05,0,A00,A0,A0,E0,0,0,2013,4,67,71,14,9,5,2355
48465,4591,A05,0,A00,A0,A0,E0,0,0,2013,4,16,20,6,,4,1358
48467,4591,A05,0,A00,A0,A0,E0,0,0,2013,4,26,26,2,,1,2839
48469,4591,A05,0,A00,A0,A0,E0,0,0,2013,4,159,182,62,39,23,1597
48471,4591,A05,0,A00,A0,A0,E0,0,0,2013,4,70,64,12,17,-5,2882
48473,4591,A05,0,A00,A0,A0,E0,0,0,2013,4,,0,0,,,3455
48475,4591,A05,0,A00,A0,A0,E0,0,0,2013,4,,,,0,,1685
48477,4591,A05,0,A00,A0,A0,E0,0,0,2013,4,63,63,14,14,0,2659
48479,4591,A05,0,A00,A0,A0,E0,0,0,2013,4,168,232,121,57,64,1408
48481,4591,A05,0,A00,A0,A0,E0,0,0,2013,4,26,27,4,3,1,2920
48485,4591,A05,0,A00,A0,A0,E0,0,0,2013,4,169,196,76,49,27,1797
48487,4591,A05,0,A00,A0,A0,E0,0,0,2013,4,,,,,,1344
48491,4591,A05,0,A00,A0,A0,E0,0,0,2013,4,531,604,204,132,72,2181
48497,4591,A05,0,A00,A0,A0,E0,0,0,2013,4,20,23,11,7,4,1570
48499,4591,A05,0,A00,A0,A0,E0,0,0,2013,4,,,0,,,1635
48501,4591,A05,0,A00,A0,A0,E0,0,0,2013,4,,,,,,552
48503,4591,A05,0,A00,A0,A0,E0,0,0,2013,4,,,,,,1024
48505,4591,A05,0,A00,A0,A0,E0,0,0,2013,4,,,0,0,,1027
48,4591,A05,0,A00,A0,A0,E0,0,0,2013,4,33786,38200,12944,8530,4415,1918
48001,4591,A05,0,A00,A0,A0,E0,0,0,2014,1,19,18,4,6,-1,1964
48005,4591,A05,0,A00,A0,A0,E0,0,0,2014,1,45,44,6,7,0,1894
48007,4591,A05,0,A00,A0,A0,E0,0,0,2014,1,27,23,3,7,-3,1875
48013,4591,A05,0,A00,A0,A0,E0,0,0,2014,1,14,12,,4,-2,1569
48015,4591,A05,0,A00,A0,A0,E0,0,0,2014,1,5,6,,0,1,1226
48019,4591,A05,0,A00,A0,A0,E0,0,0,2014,1,,,,,,1010
48021,4591,A05,0,A00,A0,A0,E0,0,0,2014,1,,0,0,,,2649
48025,4591,A05,0,A00,A0,A0,E0,0,0,2014,1,7,10,5,,3,1498
48027,4591,A05,0,A00,A0,A0,E0,0,0,2014,1,346,290,30,86,-56,1296
48029,4591,A05,0,A00,A0,A0,E0,0,0,2014,1,2957,2640,340,656,-316,1513
48037,4591,A05,0,A00,A0,A0,E0,0,0,2014,1,148,104,19,63,-44,1041
48039,4591,A05,0,A00,A0,A0,E0,0,0,2014,1,144,110,16,49,-34,1219
48041,4591,A05,0,A00,A0,A0,E0,0,0,2014,1,313,282,54,86,-32,1262
48049,4591,A05,0,A00,A0,A0,E0,0,0,2014,1,31,30,8,9,-1,1303
48051,4591,A05,0,A00,A0,A0,E0,0,0,2014,1,,,0,0,,6365
48053,4591,A05,0,A00,A0,A0,E0,0,0,2014,1,9,7,0,3,-2,697
48055,4591,A05,0,A00,A0,A0,E0,0,0,2014,1,,,,,,668
48057,4591,A05,0,A00,A0,A0,E0,0,0,2014,1,,,0,,,810
48059,4591,A05,0,A00,A0,A0,E0,0,0,2014,1,,,0,0,,2233
48061,4591,A05,0,A00,A0,A0,E0,0,0,2014,1,536,476,66,126,-60,1203
48067,4591,A05,0,A00,A0,A0,E0,0,0,2014,1,8,11,3,,3,1885
48069,4591,A05,0,A00,A0,A0,E0,0,0,2014,1,,,0,,,806
48071,4591,A05,0,A00,A0,A0,E0,0,0,2014,1,,,0,0,,912
48073,4591,A05,0,A00,A0,A0,E0,0,0,2014,1,,,,,,1094
48075,4591,A05,0,A00,A0,A0,E0,0,0,2014,1,,,0,0,,1047
48085,4591,A05,0,A00,A0,A0,E0,0,0,2014,1,2156,1855,246,547,-301,1802
48089,4591,A05,0,A00,A0,A0,E0,0,0,2014,1,11,11,,,0,1072
48091,4591,A05,0,A00,A0,A0,E0,0,0,2014,1,213,194,24,42,-18,1610
48097,4591,A05,0,A00,A0,A0,E0,0,0,2014,1,23,22,8,9,-1,1025
48099,4591,A05,0,A00,A0,A0,E0,0,0,2014,1,17,12,,6,-4,982
48113,4591,A05,0,A00,A0,A0,E0,0,0,2014,1,4406,3879,485,1012,-528,1964
48117,4591,A05,0,A00,A0,A0,E0,0,0,2014,1,,,,,,1090
48121,4591,A05,0,A00,A0,A0,E0,0,0,2014,1,898,781,111,228,-117,2053
48135,4591,A05,0,A00,A0,A0,E0,0,0,2014,1,258,233,38,63,-25,2007
48139,4591,A05,0,A00,A0,A0,E0,0,0,2014,1,412,271,26,168,-142,1135
48141,4591,A05,0,A00,A0,A0,E0,0,0,2014,1,1205,952,74,326,-253,1197
48143,4591,A05,0,A00,A0,A0,E0,0,0,2014,1,22,21,5,7,-2,1445
48157,4591,A05,0,A00,A0,A0,E0,0,0,2014,1,755,657,86,184,-98,1963
48163,4591,A05,0,A00,A0,A0,E0,0,0,2014,1,,,0,,,1646
48165,4591,A05,0,A00,A0,A0,E0,0,0,2014,1,,,,,,190
48167,4591,A05,0,A00,A0,A0,E0,0,0,2014,1,190,172,36,54,-19,1412
48171,4591,A05,0,A00,A0,A0,E0,0,0,2014,1,18,23,8,4,4,1187
48179,4591,A05,0,A00,A0,A0,E0,0,0,2014,1,20,23,4,,2,1233
48181,4591,A05,0,A00,A0,A0,E0,0,0,2014,1,215,190,34,59,-25,1540
48183,4591,A05,0,A00,A0,A0,E0,0,0,2014,1,271,230,22,63,-41,1429
48187,4591,A05,0,A00,A0,A0,E0,0,0,2014,1,56,44,6,18,-12,1797
48189,4591,A05,0,A00,A0,A0,E0,0,0,2014,1,,,,,,1158
48199,4591,A05,0,A00,A0,A0,E0,0,0,2014,1,19,17,3,5,-2,1168
48201,4591,A05,0,A00,A0,A0,E0,0,0,2014,1,7353,6508,803,1648,-845,1614
48203,4591,A05,0,A00,A0,A0,E0,0,0,2014,1,66,64,10,12,-2,1560
48207,4591,A05,0,A00,A0,A0,E0,0,0,2014,1,,,0,0,,2211
48209,4591,A05,0,A00,A0,A0,E0,0,0,2014,1,953,755,36,234,-198,1378
48211,4591,A05,0,A00,A0,A0,E0,0,0,2014,1,,,0,0,,822
48213,4591,A05,0,A00,A0,A0,E0,0,0,2014,1,31,30,7,8,-1,1044
48215,4591,A05,0,A00,A0,A0,E0,0,0,2014,1,852,691,73,234,-161,1190
48219,4591,A05,0,A00,A0,A0,E0,0,0,2014,1,18,16,4,6,-2,1153
48221,4591,A05,0,A00,A0,A0,E0,0,0,2014,1,18,22,11,7,3,13285
48223,4591,A05,0,A00,A0,A0,E0,0,0,2014,1,41,39,3,5,-2,1898
48225,4591,A05,0,A00,A0,A0,E0,0,0,2014,1,,,,,,1280
48227,4591,A05,0,A00,A0,A0,E0,0,0,2014,1,22,21,9,10,-1,862
48231,4591,A05,0,A00,A0,A0,E0,0,0,2014,1,47,44,7,10,-3,1765
48233,4591,A05,0,A00,A0,A0,E0,0,0,2014,1,,,,,,1626
48241,4591,A05,0,A00,A0,A0,E0,0,0,2014,1,,,,0,,1259
48245,4591,A05,0,A00,A0,A0,E0,0,0,2014,1,249,201,42,90,-48,1265
48249,4591,A05,0,A00,A0,A0,E0,0,0,2014,1,,,,,,1246
48251,4591,A05,0,A00,A0,A0,E0,0,0,2014,1,120,109,13,25,-12,1679
48253,4591,A05,0,A00,A0,A0,E0,0,0,2014,1,,,0,0,,1556
48257,4591,A05,0,A00,A0,A0,E0,0,0,2014,1,26,18,2,11,-8,1057
48259,4591,A05,0,A00,A0,A0,E0,0,0,2014,1,60,58,5,7,-2,1828
48265,4591,A05,0,A00,A0,A0,E0,0,0,2014,1,44,39,5,10,-5,1325
48267,4591,A05,0,A00,A0,A0,E0,0,0,2014,1,,,0,0,,4268
48273,4591,A05,0,A00,A0,A0,E0,0,0,2014,1,13,12,3,4,-1,1138
48277,4591,A05,0,A00,A0,A0,E0,0,0,2014,1,53,53,13,13,0,1799
48287,4591,A05,0,A00,A0,A0,E0,0,0,2014,1,,,,0,,940
48289,4591,A05,0,A00,A0,A0,E0,0,0,2014,1,,,0,0,,1267
48291,4591,A05,0,A00,A0,A0,E0,0,0,2014,1,13,12,4,5,-1,1325
48293,4591,A05,0,A00,A0,A0,E0,0,0,2014,1,,,,,,1282
48299,4591,A05,0,A00,A0,A0,E0,0,0,2014,1,,,0,0,,532
48303,4591,A05,0,A00,A0,A0,E0,0,0,2014,1,623,568,75,130,-55,1395
48307,4591,A05,0,A00,A0,A0,E0,0,0,2014,1,,,0,0,,3653
48309,4591,A05,0,A00,A0,A0,E0,0,0,2014,1,382,316,36,101,-66,1243
48321,4591,A05,0,A00,A0,A0,E0,0,0,2014,1,14,14,3,3,0,1398
48323,4591,A05,0,A00,A0,A0,E0,0,0,2014,1,18,17,3,4,-1,1557
48325,4591,A05,0,A00,A0,A0,E0,0,0,2014,1,,,0,0,,759
48329,4591,A05,0,A00,A0,A0,E0,0,0,2014,1,254,205,45,94,-49,1461
48331,4591,A05,0,A00,A0,A0,E0,0,0,2014,1,,0,0,,,553
48339,4591,A05,0,A00,A0,A0,E0,0,0,2014,1,595,513,52,135,-82,1539
48341,4591,A05,0,A00,A0,A0,E0,0,0,2014,1,28,19,,11,-9,1202
48347,4591,A05,0,A00,A0,A0,E0,0,0,2014,1,114,105,12,20,-8,1760
48349,4591,A05,0,A00,A0,A0,E0,0,0,2014,1,47,43,11,15,-5,1506
48353,4591,A05,0,A00,A0,A0,E0,0,0,2014,1,,,,,,1004
48355,4591,A05,0,A00,A0,A0,E0,0,0,2014,1,662,566,64,160,-96,1611
48361,4591,A05,0,A00,A0,A0,E0,0,0,2014,1,52,47,5,10,-5,1124
48365,4591,A05,0,A00,A0,A0,E0,0,0,2014,1,10,12,4,,2,1300
48367,4591,A05,0,A00,A0,A0,E0,0,0,2014,1,144,146,32,29,3,1967
48369,4591,A05,0,A00,A0,A0,E0,0,0,2014,1,,,0,0,,1340
48373,4591,A05,0,A00,A0,A0,E0,0,0,2014,1,17,13,2,7,-5,1210
48375,4591,A05,0,A00,A0,A0,E0,0,0,2014,1,323,269,53,108,-54,1123
48379,4591,A05,0,A00,A0,A0,E0,0,0,2014,1,,,0,0,,882
48381,4591,A05,0,A00,A0,A0,E0,0,0,2014,1,201,176,16,41,-25,1539
48395,4591,A05,0,A00,A0,A0,E0,0,0,2014,1,,,0,0,,3980
48397,4591,A05,0,A00,A0,A0,E0,0,0,2014,1,179,168,32,44,-11,1802
48401,4591,A05,0,A00,A0,A0,E0,0,0,2014,1,,,,,,1498
48407,4591,A05,0,A00,A0,A0,E0,0,0,2014,1,,,0,0,,1439
48409,4591,A05,0,A00,A0,A0,E0,0,0,2014,1,43,35,8,15,-7,1001
48415,4591,A05,0,A00,A0,A0,E0,0,0,2014,1,,,,,,864
48419,4591,A05,0,A00,A0,A0,E0,0,0,2014,1,,,,,,1602
48423,4591,A05,0,A00,A0,A0,E0,0,0,2014,1,368,325,58,101,-44,1477
48425,4591,A05,0,A00,A0,A0,E0,0,0,2014,1,,,0,0,,331
48427,4591,A05,0,A00,A0,A0,E0,0,0,2014,1,14,11,,5,-3,1023
48439,4591,A05,0,A00,A0,A0,E0,0,0,2014,1,4021,3426,376,971,-595,2183
48441,4591,A05,0,A00,A0,A0,E0,0,0,2014,1,206,188,45,63,-18,1184
48449,4591,A05,0,A00,A0,A0,E0,0,0,2014,1,,,,,,1479
48451,4591,A05,0,A00,A0,A0,E0,0,0,2014,1,162,149,15,29,-13,1613
48453,4591,A05,0,A00,A0,A0,E0,0,0,2014,1,2320,2208,280,393,-113,2104
48457,4591,A05,0,A00,A0,A0,E0,0,0,2014,1,0,,,,,
48463,4591,A05,0,A00,A0,A0,E0,0,0,2014,1,69,70,14,13,1,1820
48465,4591,A05,0,A00,A0,A0,E0,0,0,2014,1,20,19,2,3,0,1537
48467,4591,A05,0,A00,A0,A0,E0,0,0,2014,1,26,26,2,2,0,2529
48469,4591,A05,0,A00,A0,A0,E0,0,0,2014,1,182,165,19,35,-17,1282
48471,4591,A05,0,A00,A0,A0,E0,0,0,2014,1,64,65,19,18,1,2564
48475,4591,A05,0,A00,A0,A0,E0,0,0,2014,1,,,,0,,1524
48477,4591,A05,0,A00,A0,A0,E0,0,0,2014,1,63,61,8,10,-2,1650
48479,4591,A05,0,A00,A0,A0,E0,0,0,2014,1,234,167,10,77,-67,997
48481,4591,A05,0,A00,A0,A0,E0,0,0,2014,1,27,26,4,5,-1,2331
48485,4591,A05,0,A00,A0,A0,E0,0,0,2014,1,196,164,20,52,-31,1446
48487,4591,A05,0,A00,A0,A0,E0,0,0,2014,1,,,,,,1460
48491,4591,A05,0,A00,A0,A0,E0,0,0,2014,1,603,507,42,138,-96,1514
48497,4591,A05,0,A00,A0,A0,E0,0,0,2014,1,34,29,8,12,-4,1826
48499,4591,A05,0,A00,A0,A0,E0,0,0,2014,1,,,,,,2011
48501,4591,A05,0,A00,A0,A0,E0,0,0,2014,1,,,,,,338
48503,4591,A05,0,A00,A0,A0,E0,0,0,2014,1,,,,,,1231
48505,4591,A05,0,A00,A0,A0,E0,0,0,2014,1,,,,0,,1252
48,4591,A05,0,A00,A0,A0,E0,0,0,2014,1,38311,33421,4261,9151,-4890,1692
48001,4591,A05,0,A00,A0,A0,E0,0,0,2014,2,18,17,3,4,-1,1317
48005,4591,A05,0,A00,A0,A0,E0,0,0,2014,2,44,48,9,5,4,1785
48007,4591,A05,0,A00,A0,A0,E0,0,0,2014,2,23,29,8,2,5,2179
48013,4591,A05,0,A00,A0,A0,E0,0,0,2014,2,12,13,,,2,1765
48015,4591,A05,0,A00,A0,A0,E0,0,0,2014,2,6,15,9,0,9,1289
48019,4591,A05,0,A00,A0,A0,E0,0,0,2014,2,,,0,0,,1312
48025,4591,A05,0,A00,A0,A0,E0,0,0,2014,2,10,9,3,4,-1,1280
48027,4591,A05,0,A00,A0,A0,E0,0,0,2014,2,304,296,43,51,-9,1432
48029,4591,A05,0,A00,A0,A0,E0,0,0,2014,2,2653,2617,444,480,-36,1676
48037,4591,A05,0,A00,A0,A0,E0,0,0,2014,2,104,104,27,26,0,1253
48039,4591,A05,0,A00,A0,A0,E0,0,0,2014,2,115,115,19,19,0,1557
48041,4591,A05,0,A00,A0,A0,E0,0,0,2014,2,303,290,43,57,-13,1333
48049,4591,A05,0,A00,A0,A0,E0,0,0,2014,2,30,30,9,8,0,1481
48051,4591,A05,0,A00,A0,A0,E0,0,0,2014,2,,,0,0,,5822
48053,4591,A05,0,A00,A0,A0,E0,0,0,2014,2,7,9,7,4,2,900
48055,4591,A05,0,A00,A0,A0,E0,0,0,2014,2,,,,0,,725
48057,4591,A05,0,A00,A0,A0,E0,0,0,2014,2,,,,,,1825
48059,4591,A05,0,A00,A0,A0,E0,0,0,2014,2,,,0,0,,2494
48061,4591,A05,0,A00,A0,A0,E0,0,0,2014,2,495,485,75,86,-10,1342
48067,4591,A05,0,A00,A0,A0,E0,0,0,2014,2,11,8,,4,-3,1348
48069,4591,A05,0,A00,A0,A0,E0,0,0,2014,2,,,0,0,,1245
48071,4591,A05,0,A00,A0,A0,E0,0,0,2014,2,,,0,,,769
48073,4591,A05,0,A00,A0,A0,E0,0,0,2014,2,,,,,,917
48075,4591,A05,0,A00,A0,A0,E0,0,0,2014,2,,,0,0,,2003
48077,4591,A05,0,A00,A0,A0,E0,0,0,2014,2,0,0,,,0,
48085,4591,A05,0,A00,A0,A0,E0,0,0,2014,2,1838,1901,416,353,63,1847
48089,4591,A05,0,A00,A0,A0,E0,0,0,2014,2,11,10,0,,-1,898
48091,4591,A05,0,A00,A0,A0,E0,0,0,2014,2,195,201,59,53,7,1737
48097,4591,A05,0,A00,A0,A0,E0,0,0,2014,2,22,16,6,12,-6,865
48099,4591,A05,0,A00,A0,A0,E0,0,0,2014,2,12,15,5,,3,1098
48113,4591,A05,0,A00,A0,A0,E0,0,0,2014,2,3643,3613,600,630,-30,2003
48117,4591,A05,0,A00,A0,A0,E0,0,0,2014,2,,,,,,1077
48121,4591,A05,0,A00,A0,A0,E0,0,0,2014,2,791,786,139,144,-5,1881
48135,4591,A05,0,A00,A0,A0,E0,0,0,2014,2,233,235,48,46,2,2202
48139,4591,A05,0,A00,A0,A0,E0,0,0,2014,2,271,255,44,60,-16,1493
48141,4591,A05,0,A00,A0,A0,E0,0,0,2014,2,973,980,166,159,7,1502
48143,4591,A05,0,A00,A0,A0,E0,0,0,2014,2,21,22,5,5,1,1259
48157,4591,A05,0,A00,A0,A0,E0,0,0,2014,2,722,729,125,118,7,2121
48163,4591,A05,0,A00,A0,A0,E0,0,0,2014,2,,,,,,1563
48165,4591,A05,0,A00,A0,A0,E0,0,0,2014,2,,,,,,647
48167,4591,A05,0,A00,A0,A0,E0,0,0,2014,2,171,208,76,39,37,1559
48171,4591,A05,0,A00,A0,A0,E0,0,0,2014,2,23,23,8,8,0,1130
48175,4591,A05,0,A00,A0,A0,E0,0,0,2014,2,0,,,0,,
48177,4591,A05,0,A00,A0,A0,E0,0,0,2014,2,0,,,0,,
48179,4591,A05,0,A00,A0,A0,E0,0,0,2014,2,23,25,4,,3,1163
48181,4591,A05,0,A00,A0,A0,E0,0,0,2014,2,190,199,43,34,9,1580
48183,4591,A05,0,A00,A0,A0,E0,0,0,2014,2,231,234,55,52,3,1659
48187,4591,A05,0,A00,A0,A0,E0,0,0,2014,2,44,45,8,6,1,1377
48189,4591,A05,0,A00,A0,A0,E0,0,0,2014,2,,,,,,1040
48199,4591,A05,0,A00,A0,A0,E0,0,0,2014,2,17,16,3,3,-1,1130
48201,4591,A05,0,A00,A0,A0,E0,0,0,2014,2,6401,6321,1100,1180,-80,1761
48203,4591,A05,0,A00,A0,A0,E0,0,0,2014,2,59,46,8,20,-13,1390
48207,4591,A05,0,A00,A0,A0,E0,0,0,2014,2,,,0,0,,2233
48209,4591,A05,0,A00,A0,A0,E0,0,0,2014,2,755,722,108,141,-33,1565
48211,4591,A05,0,A00,A0,A0,E0,0,0,2014,2,,,,0,,918
48213,4591,A05,0,A00,A0,A0,E0,0,0,2014,2,30,26,5,9,-3,965
48215,4591,A05,0,A00,A0,A0,E0,0,0,2014,2,715,698,86,103,-17,1473
48219,4591,A05,0,A00,A0,A0,E0,0,0,2014,2,16,16,5,6,-1,1176
48221,4591,A05,0,A00,A0,A0,E0,0,0,2014,2,22,19,,3,-3,2986
48223,4591,A05,0,A00,A0,A0,E0,0,0,2014,2,39,39,,,0,1984
48225,4591,A05,0,A00,A0,A0,E0,0,0,2014,2,,,,,,1060
48227,4591,A05,0,A00,A0,A0,E0,0,0,2014,2,21,20,4,5,-1,918
48231,4591,A05,0,A00,A0,A0,E0,0,0,2014,2,44,38,6,12,-6,1719
48233,4591,A05,0,A00,A0,A0,E0,0,0,2014,2,,,,,,1501
48241,4591,A05,0,A00,A0,A0,E0,0,0,2014,2,,,,,,1261
48245,4591,A05,0,A00,A0,A0,E0,0,0,2014,2,214,211,62,66,-3,1638
48249,4591,A05,0,A00,A0,A0,E0,0,0,2014,2,,,,,,1073
48251,4591,A05,0,A00,A0,A0,E0,0,0,2014,2,109,114,20,14,6,1751
48253,4591,A05,0,A00,A0,A0,E0,0,0,2014,2,,0,0,,,1282
48257,4591,A05,0,A00,A0,A0,E0,0,0,2014,2,18,15,0,3,-3,1043
48259,4591,A05,0,A00,A0,A0,E0,0,0,2014,2,58,61,14,12,2,1815
48265,4591,A05,0,A00,A0,A0,E0,0,0,2014,2,39,41,6,4,2,1353
48267,4591,A05,0,A00,A0,A0,E0,0,0,2014,2,,,0,0,,4346
48273,4591,A05,0,A00,A0,A0,E0,0,0,2014,2,12,11,3,4,-1,908
48277,4591,A05,0,A00,A0,A0,E0,0,0,2014,2,53,52,9,10,-1,1772
48287,4591,A05,0,A00,A0,A0,E0,0,0,2014,2,,,0,0,,702
48289,4591,A05,0,A00,A0,A0,E0,0,0,2014,2,,3,,0,1,1317
48291,4591,A05,0,A00,A0,A0,E0,0,0,2014,2,12,11,3,4,-1,1203
48293,4591,A05,0,A00,A0,A0,E0,0,0,2014,2,,,,,,1172
48299,4591,A05,0,A00,A0,A0,E0,0,0,2014,2,,,0,0,,514
48303,4591,A05,0,A00,A0,A0,E0,0,0,2014,2,579,702,235,113,123,1395
48307,4591,A05,0,A00,A0,A0,E0,0,0,2014,2,,,,0,,3828
48309,4591,A05,0,A00,A0,A0,E0,0,0,2014,2,338,349,64,54,11,1506
48321,4591,A05,0,A00,A0,A0,E0,0,0,2014,2,14,16,4,2,1,1297
48323,4591,A05,0,A00,A0,A0,E0,0,0,2014,2,17,16,6,7,-1,1383
48325,4591,A05,0,A00,A0,A0,E0,0,0,2014,2,,,0,,,888
48329,4591,A05,0,A00,A0,A0,E0,0,0,2014,2,205,193,58,70,-12,1748
48339,4591,A05,0,A00,A0,A0,E0,0,0,2014,2,526,512,85,99,-14,1987
48341,4591,A05,0,A00,A0,A0,E0,0,0,2014,2,19,14,5,9,-5,933
48347,4591,A05,0,A00,A0,A0,E0,0,0,2014,2,105,106,12,11,1,1832
48349,4591,A05,0,A00,A0,A0,E0,0,0,2014,2,43,46,18,16,3,1335
48353,4591,A05,0,A00,A0,A0,E0,0,0,2014,2,,,,,,907
48355,4591,A05,0,A00,A0,A0,E0,0,0,2014,2,558,557,90,91,-1,1789
48361,4591,A05,0,A00,A0,A0,E0,0,0,2014,2,47,44,13,17,-3,1364
48365,4591,A05,0,A00,A0,A0,E0,0,0,2014,2,12,14,4,,2,1420
48367,4591,A05,0,A00,A0,A0,E0,0,0,2014,2,146,141,18,24,-6,1913
48369,4591,A05,0,A00,A0,A0,E0,0,0,2014,2,,,0,0,,1311
48373,4591,A05,0,A00,A0,A0,E0,0,0,2014,2,13,13,4,4,0,1339
48375,4591,A05,0,A00,A0,A0,E0,0,0,2014,2,270,264,53,59,-7,1388
48379,4591,A05,0,A00,A0,A0,E0,0,0,2014,2,,,,0,,904
48381,4591,A05,0,A00,A0,A0,E0,0,0,2014,2,207,210,27,25,2,1726
48395,4591,A05,0,A00,A0,A0,E0,0,0,2014,2,,,0,0,,3916
48397,4591,A05,0,A00,A0,A0,E0,0,0,2014,2,169,174,34,29,5,1945
48401,4591,A05,0,A00,A0,A0,E0,0,0,2014,2,,,,,,1280
48407,4591,A05,0,A00,A0,A0,E0,0,0,2014,2,,,0,0,,1446
48409,4591,A05,0,A00,A0,A0,E0,0,0,2014,2,35,38,14,11,3,1072
48415,4591,A05,0,A00,A0,A0,E0,0,0,2014,2,,,,,,687
48419,4591,A05,0,A00,A0,A0,E0,0,0,2014,2,,,,,,1116
48423,4591,A05,0,A00,A0,A0,E0,0,0,2014,2,325,321,59,63,-4,1739
48425,4591,A05,0,A00,A0,A0,E0,0,0,2014,2,,0,0,,,148
48427,4591,A05,0,A00,A0,A0,E0,0,0,2014,2,11,10,3,3,-1,954
48439,4591,A05,0,A00,A0,A0,E0,0,0,2014,2,3421,3425,621,618,3,2124
48441,4591,A05,0,A00,A0,A0,E0,0,0,2014,2,188,201,59,46,13,1407
48449,4591,A05,0,A00,A0,A0,E0,0,0,2014,2,,,,,,1136
48451,4591,A05,0,A00,A0,A0,E0,0,0,2014,2,149,162,35,22,13,1807
48453,4591,A05,0,A00,A0,A0,E0,0,0,2014,2,2141,2138,385,388,-3,2794
48457,4591,A05,0,A00,A0,A0,E0,0,0,2014,2,,,,0,,1124
48463,4591,A05,0,A00,A0,A0,E0,0,0,2014,2,58,63,18,13,4,1799
48465,4591,A05,0,A00,A0,A0,E0,0,0,2014,2,19,20,3,3,0,1206
48467,4591,A05,0,A00,A0,A0,E0,0,0,2014,2,26,25,4,5,-1,2753
48469,4591,A05,0,A00,A0,A0,E0,0,0,2014,2,165,164,27,28,-1,1353
48471,4591,A05,0,A00,A0,A0,E0,0,0,2014,2,65,58,14,21,-7,2144
48475,4591,A05,0,A00,A0,A0,E0,0,0,2014,2,,,,,,1133
48477,4591,A05,0,A00,A0,A0,E0,0,0,2014,2,61,51,6,15,-9,1802
48479,4591,A05,0,A00,A0,A0,E0,0,0,2014,2,186,184,29,31,-2,1395
48481,4591,A05,0,A00,A0,A0,E0,0,0,2014,2,26,26,4,3,1,2481
48485,4591,A05,0,A00,A0,A0,E0,0,0,2014,2,164,169,31,27,5,1875
48487,4591,A05,0,A00,A0,A0,E0,0,0,2014,2,,,,,,1229
48491,4591,A05,0,A00,A0,A0,E0,0,0,2014,2,554,557,84,81,3,1737
48497,4591,A05,0,A00,A0,A0,E0,0,0,2014,2,29,31,9,7,2,2344
48499,4591,A05,0,A00,A0,A0,E0,0,0,2014,2,21,24,5,,3,1655
48501,4591,A05,0,A00,A0,A0,E0,0,0,2014,2,,,,,,130
48503,4591,A05,0,A00,A0,A0,E0,0,0,2014,2,,,,,,1048
48505,4591,A05,0,A00,A0,A0,E0,0,0,2014,2,,,0,,,807
48,4591,A05,0,A00,A0,A0,E0,0,0,2014,2,33318,33324,6152,6146,5,1839
48001,4591,A05,0,A00,A0,A0,E0,0,0,2014,3,17,19,6,4,2,1512
48005,4591,A05,0,A00,A0,A0,E0,0,0,2014,3,48,50,11,9,2,1879
48007,4591,A05,0,A00,A0,A0,E0,0,0,2014,3,29,26,6,8,-2,2282
48013,4591,A05,0,A00,A0,A0,E0,0,0,2014,3,13,16,5,2,3,2088
48015,4591,A05,0,A00,A0,A0,E0,0,0,2014,3,15,30,22,7,15,1413
48019,4591,A05,0,A00,A0,A0,E0,0,0,2014,3,,,,,,1382
48025,4591,A05,0,A00,A0,A0,E0,0,0,2014,3,9,9,5,5,0,1329
48027,4591,A05,0,A00,A0,A0,E0,0,0,2014,3,295,312,64,48,17,1541
48029,4591,A05,0,A00,A0,A0,E0,0,0,2014,3,2617,2773,701,545,156,1708
48037,4591,A05,0,A00,A0,A0,E0,0,0,2014,3,104,114,47,37,10,1327
48039,4591,A05,0,A00,A0,A0,E0,0,0,2014,3,115,123,31,23,8,1638
48041,4591,A05,0,A00,A0,A0,E0,0,0,2014,3,292,305,86,73,13,1477
48049,4591,A05,0,A00,A0,A0,E0,0,0,2014,3,30,32,10,8,2,1504
48051,4591,A05,0,A00,A0,A0,E0,0,0,2014,3,,0,0,,,1166
48053,4591,A05,0,A00,A0,A0,E0,0,0,2014,3,9,9,,,0,755
48055,4591,A05,0,A00,A0,A0,E0,0,0,2014,3,,,,,,729
48057,4591,A05,0,A00,A0,A0,E0,0,0,2014,3,,,,,,1801
48059,4591,A05,0,A00,A0,A0,E0,0,0,2014,3,,,0,0,,3516
48061,4591,A05,0,A00,A0,A0,E0,0,0,2014,3,484,474,64,74,-10,1449
48067,4591,A05,0,A00,A0,A0,E0,0,0,2014,3,8,11,4,,3,1701
48069,4591,A05,0,A00,A0,A0,E0,0,0,2014,3,,,,,,618
48071,4591,A05,0,A00,A0,A0,E0,0,0,2014,3,,,0,0,,570
48073,4591,A05,0,A00,A0,A0,E0,0,0,2014,3,,,,,,1264
48075,4591,A05,0,A00,A0,A0,E0,0,0,2014,3,,,0,0,,3636
48085,4591,A05,0,A00,A0,A0,E0,0,0,2014,3,1891,1785,419,526,-106,1806
48089,4591,A05,0,A00,A0,A0,E0,0,0,2014,3,10,9,0,,-1,1051
48091,4591,A05,0,A00,A0,A0,E0,0,0,2014,3,200,198,67,69,-2,1493
48097,4591,A05,0,A00,A0,A0,E0,0,0,2014,3,16,18,7,5,2,1103
48099,4591,A05,0,A00,A0,A0,E0,0,0,2014,3,15,16,,,1,1452
48111,4591,A05,0,A00,A0,A0,E0,0,0,2014,3,0,,,0,,
48113,4591,A05,0,A00,A0,A0,E0,0,0,2014,3,3607,3680,835,763,73,2041
48117,4591,A05,0,A00,A0,A0,E0,0,0,2014,3,,,,,,1288
48121,4591,A05,0,A00,A0,A0,E0,0,0,2014,3,801,784,180,196,-16,1892
48135,4591,A05,0,A00,A0,A0,E0,0,0,2014,3,236,245,80,71,9,2185
48139,4591,A05,0,A00,A0,A0,E0,0,0,2014,3,255,270,71,55,15,1493
48141,4591,A05,0,A00,A0,A0,E0,0,0,2014,3,980,980,215,216,-1,1464
48143,4591,A05,0,A00,A0,A0,E0,0,0,2014,3,22,24,9,7,2,1375
48157,4591,A05,0,A00,A0,A0,E0,0,0,2014,3,729,752,165,141,24,2173
48163,4591,A05,0,A00,A0,A0,E0,0,0,2014,3,,,,,,1670
48165,4591,A05,0,A00,A0,A0,E0,0,0,2014,3,,,,,,728
48167,4591,A05,0,A00,A0,A0,E0,0,0,2014,3,208,190,48,66,-18,1430
48171,4591,A05,0,A00,A0,A0,E0,0,0,2014,3,23,24,7,6,1,1080
48175,4591,A05,0,A00,A0,A0,E0,0,0,2014,3,,,,,,291
48177,4591,A05,0,A00,A0,A0,E0,0,0,2014,3,,,0,0,,2975
48179,4591,A05,0,A00,A0,A0,E0,0,0,2014,3,25,23,,4,-2,1289
48181,4591,A05,0,A00,A0,A0,E0,0,0,2014,3,199,194,43,48,-5,1632
48183,4591,A05,0,A00,A0,A0,E0,0,0,2014,3,235,238,60,57,3,1586
48187,4591,A05,0,A00,A0,A0,E0,0,0,2014,3,45,48,12,9,3,1462
48189,4591,A05,0,A00,A0,A0,E0,0,0,2014,3,,,,,,1253
48199,4591,A05,0,A00,A0,A0,E0,0,0,2014,3,16,18,6,5,2,1615
48201,4591,A05,0,A00,A0,A0,E0,0,0,2014,3,6219,6191,1279,1307,-28,1728
48203,4591,A05,0,A00,A0,A0,E0,0,0,2014,3,44,36,3,11,-8,1707
48207,4591,A05,0,A00,A0,A0,E0,0,0,2014,3,,,0,0,,2233
48209,4591,A05,0,A00,A0,A0,E0,0,0,2014,3,722,789,233,165,67,1549
48211,4591,A05,0,A00,A0,A0,E0,0,0,2014,3,,,,0,,1067
48213,4591,A05,0,A00,A0,A0,E0,0,0,2014,3,26,31,12,7,5,1133
48215,4591,A05,0,A00,A0,A0,E0,0,0,2014,3,698,702,140,137,4,1452
48219,4591,A05,0,A00,A0,A0,E0,0,0,2014,3,16,14,5,7,-1,1282
48221,4591,A05,0,A00,A0,A0,E0,0,0,2014,3,19,21,8,6,2,4669
48223,4591,A05,0,A00,A0,A0,E0,0,0,2014,3,39,41,6,4,2,2405
48225,4591,A05,0,A00,A0,A0,E0,0,0,2014,3,,,,,,1320
48227,4591,A05,0,A00,A0,A0,E0,0,0,2014,3,20,21,11,10,1,1002
48231,4591,A05,0,A00,A0,A0,E0,0,0,2014,3,38,42,12,8,4,1714
48233,4591,A05,0,A00,A0,A0,E0,0,0,2014,3,,,,,,1740
48241,4591,A05,0,A00,A0,A0,E0,0,0,2014,3,,,0,,,1035
48245,4591,A05,0,A00,A0,A0,E0,0,0,2014,3,211,204,56,63,-7,1653
48249,4591,A05,0,A00,A0,A0,E0,0,0,2014,3,,,,,,1225
48251,4591,A05,0,A00,A0,A0,E0,0,0,2014,3,114,118,24,19,4,1763
48257,4591,A05,0,A00,A0,A0,E0,0,0,2014,3,15,18,5,,3,1487
48259,4591,A05,0,A00,A0,A0,E0,0,0,2014,3,61,57,14,18,-4,2015
48265,4591,A05,0,A00,A0,A0,E0,0,0,2014,3,41,40,6,7,-1,1324
48267,4591,A05,0,A00,A0,A0,E0,0,0,2014,3,,,0,0,,4346
48273,4591,A05,0,A00,A0,A0,E0,0,0,2014,3,,,,,,1001
48277,4591,A05,0,A00,A0,A0,E0,0,0,2014,3,52,50,11,14,-2,1739
48287,4591,A05,0,A00,A0,A0,E0,0,0,2014,3,,,0,0,,758
48289,4591,A05,0,A00,A0,A0,E0,0,0,2014,3,3,3,,,0,933
48291,4591,A05,0,A00,A0,A0,E0,0,0,2014,3,11,13,6,4,2,1498
48293,4591,A05,0,A00,A0,A0,E0,0,0,2014,3,,,,,,1286
48299,4591,A05,0,A00,A0,A0,E0,0,0,2014,3,,,0,0,,573
48303,4591,A05,0,A00,A0,A0,E0,0,0,2014,3,702,692,132,142,-10,1469
48307,4591,A05,0,A00,A0,A0,E0,0,0,2014,3,,,,0,,3077
48309,4591,A05,0,A00,A0,A0,E0,0,0,2014,3,349,343,59,66,-7,1444
48321,4591,A05,0,A00,A0,A0,E0,0,0,2014,3,16,17,7,6,1,1236
48323,4591,A05,0,A00,A0,A0,E0,0,0,2014,3,16,16,5,5,0,1508
48325,4591,A05,0,A00,A0,A0,E0,0,0,2014,3,,,0,0,,1091
48329,4591,A05,0,A00,A0,A0,E0,0,0,2014,3,193,198,74,69,5,1867
48339,4591,A05,0,A00,A0,A0,E0,0,0,2014,3,512,501,91,102,-11,1914
48341,4591,A05,0,A00,A0,A0,E0,0,0,2014,3,,,,,,1353
48347,4591,A05,0,A00,A0,A0,E0,0,0,2014,3,106,107,15,14,1,1917
48349,4591,A05,0,A00,A0,A0,E0,0,0,2014,3,45,54,21,12,8,1498
48353,4591,A05,0,A00,A0,A0,E0,0,0,2014,3,,,,,,1028
48355,4591,A05,0,A00,A0,A0,E0,0,0,2014,3,556,551,99,105,-6,1882
48361,4591,A05,0,A00,A0,A0,E0,0,0,2014,3,44,35,6,15,-9,1565
48365,4591,A05,0,A00,A0,A0,E0,0,0,2014,3,14,19,8,3,5,1299
48367,4591,A05,0,A00,A0,A0,E0,0,0,2014,3,141,142,35,34,1,1951
48369,4591,A05,0,A00,A0,A0,E0,0,0,2014,3,,,,0,,1468
48373,4591,A05,0,A00,A0,A0,E0,0,0,2014,3,13,15,5,4,2,1493
48375,4591,A05,0,A00,A0,A0,E0,0,0,2014,3,264,257,61,68,-7,1551
48379,4591,A05,0,A00,A0,A0,E0,0,0,2014,3,,,0,,,778
48381,4591,A05,0,A00,A0,A0,E0,0,0,2014,3,210,204,34,40,-6,1714
48395,4591,A05,0,A00,A0,A0,E0,0,0,2014,3,,,0,0,,3876
48397,4591,A05,0,A00,A0,A0,E0,0,0,2014,3,174,172,36,38,-2,1857
48401,4591,A05,0,A00,A0,A0,E0,0,0,2014,3,,,,,,1440
48407,4591,A05,0,A00,A0,A0,E0,0,0,2014,3,,,0,0,,1462
48409,4591,A05,0,A00,A0,A0,E0,0,0,2014,3,38,35,12,16,-3,1070
48415,4591,A05,0,A00,A0,A0,E0,0,0,2014,3,,,,,,1365
48419,4591,A05,0,A00,A0,A0,E0,0,0,2014,3,,,,,,1520
48423,4591,A05,0,A00,A0,A0,E0,0,0,2014,3,320,340,86,65,21,1678
48427,4591,A05,0,A00,A0,A0,E0,0,0,2014,3,10,11,4,3,1,1179
48439,4591,A05,0,A00,A0,A0,E0,0,0,2014,3,3415,3468,740,687,53,2106
48441,4591,A05,0,A00,A0,A0,E0,0,0,2014,3,201,189,61,72,-11,1270
48449,4591,A05,0,A00,A0,A0,E0,0,0,2014,3,,,,,,1346
48451,4591,A05,0,A00,A0,A0,E0,0,0,2014,3,162,167,43,38,5,1724
48453,4591,A05,0,A00,A0,A0,E0,0,0,2014,3,2135,2181,435,390,45,2105
48457,4591,A05,0,A00,A0,A0,E0,0,0,2014,3,,,0,,,1183
48463,4591,A05,0,A00,A0,A0,E0,0,0,2014,3,62,69,24,16,8,1882
48465,4591,A05,0,A00,A0,A0,E0,0,0,2014,3,20,19,4,4,-1,1416
48467,4591,A05,0,A00,A0,A0,E0,0,0,2014,3,25,28,9,5,3,2672
48469,4591,A05,0,A00,A0,A0,E0,0,0,2014,3,164,162,36,38,-2,1377
48471,4591,A05,0,A00,A0,A0,E0,0,0,2014,3,59,61,22,20,2,2789
48475,4591,A05,0,A00,A0,A0,E0,0,0,2014,3,,,,,,1252
48477,4591,A05,0,A00,A0,A0,E0,0,0,2014,3,51,54,9,7,2,1919
48479,4591,A05,0,A00,A0,A0,E0,0,0,2014,3,184,189,36,31,5,1371
48481,4591,A05,0,A00,A0,A0,E0,0,0,2014,3,26,28,6,4,2,2781
48485,4591,A05,0,A00,A0,A0,E0,0,0,2014,3,169,173,42,38,4,1685
48487,4591,A05,0,A00,A0,A0,E0,0,0,2014,3,,,,,,1432
48491,4591,A05,0,A00,A0,A0,E0,0,0,2014,3,557,576,118,98,20,1828
48497,4591,A05,0,A00,A0,A0,E0,0,0,2014,3,31,34,10,7,3,2323
48499,4591,A05,0,A00,A0,A0,E0,0,0,2014,3,24,27,6,4,3,2194
48501,4591,A05,0,A00,A0,A0,E0,0,0,2014,3,,,,,,555
48503,4591,A05,0,A00,A0,A0,E0,0,0,2014,3,,,,,,1207
48505,4591,A05,0,A00,A0,A0,E0,0,0,2014,3,,,0,0,,1421
48,4591,A05,0,A00,A0,A0,E0,0,0,2014,3,33207,33581,7606,7232,374,1802
48001,4591,A05,0,A00,A0,A0,E0,0,0,2014,4,19,19,6,6,0,1222
48005,4591,A05,0,A00,A0,A0,E0,0,0,2014,4,50,50,10,10,0,1734
48007,4591,A05,0,A00,A0,A0,E0,0,0,2014,4,26,24,6,8,-2,2401
48013,4591,A05,0,A00,A0,A0,E0,0,0,2014,4,16,17,4,3,1,2220
48015,4591,A05,0,A00,A0,A0,E0,0,0,2014,4,30,18,,14,-12,1208
48019,4591,A05,0,A00,A0,A0,E0,0,0,2014,4,5,3,3,5,-2,330
48025,4591,A05,0,A00,A0,A0,E0,0,0,2014,4,9,9,3,3,0,1286
48027,4591,A05,0,A00,A0,A0,E0,0,0,2014,4,312,348,111,75,36,1564
48029,4591,A05,0,A00,A0,A0,E0,0,0,2014,4,2773,3108,1026,691,336,1801
48037,4591,A05,0,A00,A0,A0,E0,0,0,2014,4,114,130,82,66,16,1290
48039,4591,A05,0,A00,A0,A0,E0,0,0,2014,4,123,141,53,35,18,1679
48041,4591,A05,0,A00,A0,A0,E0,0,0,2014,4,305,334,119,89,30,1520
48049,4591,A05,0,A00,A0,A0,E0,0,0,2014,4,32,39,15,8,6,1538
48053,4591,A05,0,A00,A0,A0,E0,0,0,2014,4,9,10,4,3,1,699
48055,4591,A05,0,A00,A0,A0,E0,0,0,2014,4,,,0,0,,632
48057,4591,A05,0,A00,A0,A0,E0,0,0,2014,4,,,,0,,1730
48059,4591,A05,0,A00,A0,A0,E0,0,0,2014,4,,,0,0,,3864
48061,4591,A05,0,A00,A0,A0,E0,0,0,2014,4,474,550,181,105,76,1438
48067,4591,A05,0,A00,A0,A0,E0,0,0,2014,4,11,10,,3,-1,1377
48069,4591,A05,0,A00,A0,A0,E0,0,0,2014,4,,,0,0,,1316
48071,4591,A05,0,A00,A0,A0,E0,0,0,2014,4,,0,0,,,242
48073,4591,A05,0,A00,A0,A0,E0,0,0,2014,4,,,,,,977
48075,4591,A05,0,A00,A0,A0,E0,0,0,2014,4,,,0,0,,5084
48085,4591,A05,0,A00,A0,A0,E0,0,0,2014,4,1785,2046,710,449,261,2093
48089,4591,A05,0,A00,A0,A0,E0,0,0,2014,4,9,9,0,0,0,1552
48091,4591,A05,0,A00,A0,A0,E0,0,0,2014,4,199,195,55,59,-4,1495
48097,4591,A05,0,A00,A0,A0,E0,0,0,2014,4,18,17,7,8,-1,946
48099,4591,A05,0,A00,A0,A0,E0,0,0,2014,4,16,14,,,-1,1374
48111,4591,A05,0,A00,A0,A0,E0,0,0,2014,4,,,0,0,,2116
48113,4591,A05,0,A00,A0,A0,E0,0,0,2014,4,3678,4171,1353,861,493,2171
48117,4591,A05,0,A00,A0,A0,E0,0,0,2014,4,,,,,,1057
48121,4591,A05,0,A00,A0,A0,E0,0,0,2014,4,785,894,296,187,109,2029
48135,4591,A05,0,A00,A0,A0,E0,0,0,2014,4,247,256,101,93,9,2491
48139,4591,A05,0,A00,A0,A0,E0,0,0,2014,4,270,435,304,139,165,1696
48141,4591,A05,0,A00,A0,A0,E0,0,0,2014,4,980,1201,531,309,222,1520
48143,4591,A05,0,A00,A0,A0,E0,0,0,2014,4,24,28,11,7,4,1322
48157,4591,A05,0,A00,A0,A0,E0,0,0,2014,4,751,871,327,207,119,2416
48163,4591,A05,0,A00,A0,A0,E0,0,0,2014,4,,,0,0,,1737
48165,4591,A05,0,A00,A0,A0,E0,0,0,2014,4,,,,,,483
48167,4591,A05,0,A00,A0,A0,E0,0,0,2014,4,190,196,67,61,6,1509
48171,4591,A05,0,A00,A0,A0,E0,0,0,2014,4,24,31,12,5,7,984
48175,4591,A05,0,A00,A0,A0,E0,0,0,2014,4,,,,,,1588
48177,4591,A05,0,A00,A0,A0,E0,0,0,2014,4,,,0,0,,2550
48179,4591,A05,0,A00,A0,A0,E0,0,0,2014,4,23,22,3,4,-1,1030
48181,4591,A05,0,A00,A0,A0,E0,0,0,2014,4,193,227,96,62,33,1691
48183,4591,A05,0,A00,A0,A0,E0,0,0,2014,4,237,269,93,61,32,1893
48185,4591,A05,0,A00,A0,A0,E0,0,0,2014,4,0,,,0,,
48187,4591,A05,0,A00,A0,A0,E0,0,0,2014,4,48,56,24,15,8,1254
48189,4591,A05,0,A00,A0,A0,E0,0,0,2014,4,,,,,,896
48199,4591,A05,0,A00,A0,A0,E0,0,0,2014,4,18,20,4,2,2,1256
48201,4591,A05,0,A00,A0,A0,E0,0,0,2014,4,6208,7107,2596,1697,899,1877
48203,4591,A05,0,A00,A0,A0,E0,0,0,2014,4,36,37,3,,0,1799
48207,4591,A05,0,A00,A0,A0,E0,0,0,2014,4,,,0,0,,2233
48209,4591,A05,0,A00,A0,A0,E0,0,0,2014,4,789,945,327,171,156,1665
48211,4591,A05,0,A00,A0,A0,E0,0,0,2014,4,,,0,,,1498
48213,4591,A05,0,A00,A0,A0,E0,0,0,2014,4,31,28,8,12,-4,902
48215,4591,A05,0,A00,A0,A0,E0,0,0,2014,4,702,855,348,195,153,1554
48219,4591,A05,0,A00,A0,A0,E0,0,0,2014,4,14,16,6,4,2,1110
48221,4591,A05,0,A00,A0,A0,E0,0,0,2014,4,21,24,8,4,3,5735
48223,4591,A05,0,A00,A0,A0,E0,0,0,2014,4,41,42,5,3,1,1962
48225,4591,A05,0,A00,A0,A0,E0,0,0,2014,4,,,,,,1123
48227,4591,A05,0,A00,A0,A0,E0,0,0,2014,4,21,21,14,14,0,1052
48231,4591,A05,0,A00,A0,A0,E0,0,0,2014,4,42,48,16,10,6,1797
48233,4591,A05,0,A00,A0,A0,E0,0,0,2014,4,,,,,,1364
48241,4591,A05,0,A00,A0,A0,E0,0,0,2014,4,,,0,0,,1419
48245,4591,A05,0,A00,A0,A0,E0,0,0,2014,4,204,229,105,80,25,1706
48249,4591,A05,0,A00,A0,A0,E0,0,0,2014,4,,,,,,1065
48251,4591,A05,0,A00,A0,A0,E0,0,0,2014,4,119,130,36,24,12,1973
48257,4591,A05,0,A00,A0,A0,E0,0,0,2014,4,18,20,7,5,2,1212
48259,4591,A05,0,A00,A0,A0,E0,0,0,2014,4,57,58,13,12,1,1964
48265,4591,A05,0,A00,A0,A0,E0,0,0,2014,4,40,42,12,11,1,1415
48267,4591,A05,0,A00,A0,A0,E0,0,0,2014,4,,,0,0,,4346
48273,4591,A05,0,A00,A0,A0,E0,0,0,2014,4,,,,,,924
48277,4591,A05,0,A00,A0,A0,E0,0,0,2014,4,50,51,10,9,1,3056
48287,4591,A05,0,A00,A0,A0,E0,0,0,2014,4,,,,,,723
48289,4591,A05,0,A00,A0,A0,E0,0,0,2014,4,3,5,3,,2,1405
48291,4591,A05,0,A00,A0,A0,E0,0,0,2014,4,13,15,8,7,2,1222
48293,4591,A05,0,A00,A0,A0,E0,0,0,2014,4,,,,,,1121
48299,4591,A05,0,A00,A0,A0,E0,0,0,2014,4,,,0,0,,647
48303,4591,A05,0,A00,A0,A0,E0,0,0,2014,4,692,780,250,162,88,1714
48307,4591,A05,0,A00,A0,A0,E0,0,0,2014,4,,,0,0,,2532
48309,4591,A05,0,A00,A0,A0,E0,0,0,2014,4,325,357,142,110,31,1806
48321,4591,A05,0,A00,A0,A0,E0,0,0,2014,4,17,17,4,3,0,1149
48323,4591,A05,0,A00,A0,A0,E0,0,0,2014,4,16,16,6,5,1,1510
48325,4591,A05,0,A00,A0,A0,E0,0,0,2014,4,,,0,0,,939
48329,4591,A05,0,A00,A0,A0,E0,0,0,2014,4,198,280,177,95,82,1963
48339,4591,A05,0,A00,A0,A0,E0,0,0,2014,4,502,575,205,132,73,2230
48341,4591,A05,0,A00,A0,A0,E0,0,0,2014,4,,,,,,1111
48347,4591,A05,0,A00,A0,A0,E0,0,0,2014,4,107,126,30,11,19,2146
48349,4591,A05,0,A00,A0,A0,E0,0,0,2014,4,54,62,34,26,8,1251
48353,4591,A05,0,A00,A0,A0,E0,0,0,2014,4,,,,,,886
48355,4591,A05,0,A00,A0,A0,E0,0,0,2014,4,551,660,245,136,109,1968
48361,4591,A05,0,A00,A0,A0,E0,0,0,2014,4,35,35,11,12,0,1825
48365,4591,A05,0,A00,A0,A0,E0,0,0,2014,4,19,20,3,,1,1389
48367,4591,A05,0,A00,A0,A0,E0,0,0,2014,4,142,150,39,31,8,1980
48369,4591,A05,0,A00,A0,A0,E0,0,0,2014,4,,,0,0,,1272
48373,4591,A05,0,A00,A0,A0,E0,0,0,2014,4,15,16,7,6,1,1262
48375,4591,A05,0,A00,A0,A0,E0,0,0,2014,4,258,313,157,101,56,1581
48379,4591,A05,0,A00,A0,A0,E0,0,0,2014,4,,,0,0,,775
48381,4591,A05,0,A00,A0,A0,E0,0,0,2014,4,204,208,43,39,4,2064
48395,4591,A05,0,A00,A0,A0,E0,0,0,2014,4,,,0,0,,4184
48397,4591,A05,0,A00,A0,A0,E0,0,0,2014,4,172,187,56,41,16,1872
48401,4591,A05,0,A00,A0,A0,E0,0,0,2014,4,,,,,,1174
48403,4591,A05,0,A00,A0,A0,E0,0,0,2014,4,0,,,0,,
48407,4591,A05,0,A00,A0,A0,E0,0,0,2014,4,,,0,0,,1394
48409,4591,A05,0,A00,A0,A0,E0,0,0,2014,4,35,40,16,12,4,1055
48415,4591,A05,0,A00,A0,A0,E0,0,0,2014,4,,,,,,1014
48419,4591,A05,0,A00,A0,A0,E0,0,0,2014,4,,,,,,1193
48423,4591,A05,0,A00,A0,A0,E0,0,0,2014,4,341,383,143,101,42,1891
48425,4591,A05,0,A00,A0,A0,E0,0,0,2014,4,0,0,,,0,
48427,4591,A05,0,A00,A0,A0,E0,0,0,2014,4,11,12,6,5,1,971
48439,4591,A05,0,A00,A0,A0,E0,0,0,2014,4,3467,3978,1316,806,510,2230
48441,4591,A05,0,A00,A0,A0,E0,0,0,2014,4,190,195,78,72,6,1469
48449,4591,A05,0,A00,A0,A0,E0,0,0,2014,4,,,,,,1171
48451,4591,A05,0,A00,A0,A0,E0,0,0,2014,4,167,186,56,37,19,1977
48453,4591,A05,0,A00,A0,A0,E0,0,0,2014,4,2182,2284,554,452,102,2139
48457,4591,A05,0,A00,A0,A0,E0,0,0,2014,4,,,,,,1333
48463,4591,A05,0,A00,A0,A0,E0,0,0,2014,4,69,66,17,21,-4,1788
48465,4591,A05,0,A00,A0,A0,E0,0,0,2014,4,19,22,6,4,2,1228
48467,4591,A05,0,A00,A0,A0,E0,0,0,2014,4,28,26,,3,-2,2616
48469,4591,A05,0,A00,A0,A0,E0,0,0,2014,4,162,186,68,45,23,1543
48471,4591,A05,0,A00,A0,A0,E0,0,0,2014,4,62,61,16,17,0,2603
48475,4591,A05,0,A00,A0,A0,E0,0,0,2014,4,,,,,,1578
48477,4591,A05,0,A00,A0,A0,E0,0,0,2014,4,54,45,9,18,-9,2678
48479,4591,A05,0,A00,A0,A0,E0,0,0,2014,4,189,254,142,77,65,1498
48481,4591,A05,0,A00,A0,A0,E0,0,0,2014,4,28,29,4,3,1,3178
48485,4591,A05,0,A00,A0,A0,E0,0,0,2014,4,173,205,88,57,31,1907
48487,4591,A05,0,A00,A0,A0,E0,0,0,2014,4,,,,,,1100
48491,4591,A05,0,A00,A0,A0,E0,0,0,2014,4,576,688,234,123,111,2214
48497,4591,A05,0,A00,A0,A0,E0,0,0,2014,4,34,34,13,13,0,1714
48499,4591,A05,0,A00,A0,A0,E0,0,0,2014,4,27,28,5,3,2,2040
48501,4591,A05,0,A00,A0,A0,E0,0,0,2014,4,,,,0,,1395
48503,4591,A05,0,A00,A0,A0,E0,0,0,2014,4,,,,,,998
48505,4591,A05,0,A00,A0,A0,E0,0,0,2014,4,,,0,0,,1494
48,4591,A05,0,A00,A0,A0,E0,0,0,2014,4,33583,38218,13419,8784,4635,1938
48001,4591,A05,0,A00,A0,A0,E0,0,0,2015,1,27,24,4,8,-3,2202
48005,4591,A05,0,A00,A0,A0,E0,0,0,2015,1,102,97,11,16,-5,2159
48007,4591,A05,0,A00,A0,A0,E0,0,0,2015,1,24,24,5,5,0,2115
48013,4591,A05,0,A00,A0,A0,E0,0,0,2015,1,22,21,,,-1,1598
48015,4591,A05,0,A00,A0,A0,E0,0,0,2015,1,18,18,4,4,0,1281
48019,4591,A05,0,A00,A0,A0,E0,0,0,2015,1,,,,0,,581
48021,4591,A05,0,A00,A0,A0,E0,0,0,2015,1,,,,,,1949
48025,4591,A05,0,A00,A0,A0,E0,0,0,2015,1,9,8,4,5,-2,1535
48027,4591,A05,0,A00,A0,A0,E0,0,0,2015,1,455,410,54,98,-44,1454
48029,4591,A05,0,A00,A0,A0,E0,0,0,2015,1,3901,3503,570,967,-398,1554
48037,4591,A05,0,A00,A0,A0,E0,0,0,2015,1,222,187,28,63,-35,1934
48039,4591,A05,0,A00,A0,A0,E0,0,0,2015,1,272,251,44,64,-21,1868
48041,4591,A05,0,A00,A0,A0,E0,0,0,2015,1,397,368,67,97,-29,1506
48049,4591,A05,0,A00,A0,A0,E0,0,0,2015,1,39,36,6,9,-3,1362
48051,4591,A05,0,A00,A0,A0,E0,0,0,2015,1,,,0,,,2598
48053,4591,A05,0,A00,A0,A0,E0,0,0,2015,1,10,10,4,5,0,691
48055,4591,A05,0,A00,A0,A0,E0,0,0,2015,1,,,,,,619
48057,4591,A05,0,A00,A0,A0,E0,0,0,2015,1,,,0,,,769
48059,4591,A05,0,A00,A0,A0,E0,0,0,2015,1,,,0,0,,2244
48061,4591,A05,0,A00,A0,A0,E0,0,0,2015,1,633,561,53,124,-71,1278
48067,4591,A05,0,A00,A0,A0,E0,0,0,2015,1,10,10,,,0,1434
48069,4591,A05,0,A00,A0,A0,E0,0,0,2015,1,,,0,0,,872
48073,4591,A05,0,A00,A0,A0,E0,0,0,2015,1,,,,,,1139
48075,4591,A05,0,A00,A0,A0,E0,0,0,2015,1,,,0,0,,3153
48085,4591,A05,0,A00,A0,A0,E0,0,0,2015,1,2337,2101,338,573,-235,1827
48089,4591,A05,0,A00,A0,A0,E0,0,0,2015,1,9,9,,,0,1358
48091,4591,A05,0,A00,A0,A0,E0,0,0,2015,1,194,196,59,57,2,1484
48097,4591,A05,0,A00,A0,A0,E0,0,0,2015,1,17,16,5,6,-1,1079
48099,4591,A05,0,A00,A0,A0,E0,0,0,2015,1,14,18,6,,4,1576
48111,4591,A05,0,A00,A0,A0,E0,0,0,2015,1,,0,0,,,641
48113,4591,A05,0,A00,A0,A0,E0,0,0,2015,1,4459,3869,519,1108,-590,1891
48117,4591,A05,0,A00,A0,A0,E0,0,0,2015,1,,,,,,1117
48121,4591,A05,0,A00,A0,A0,E0,0,0,2015,1,1139,996,156,298,-143,1937
48135,4591,A05,0,A00,A0,A0,E0,0,0,2015,1,350,309,60,102,-42,1970
48139,4591,A05,0,A00,A0,A0,E0,0,0,2015,1,436,269,34,201,-167,986
48141,4591,A05,0,A00,A0,A0,E0,0,0,2015,1,1443,1204,185,424,-239,1304
48143,4591,A05,0,A00,A0,A0,E0,0,0,2015,1,28,25,3,7,-3,1538
48157,4591,A05,0,A00,A0,A0,E0,0,0,2015,1,1137,1021,149,264,-116,2174
48163,4591,A05,0,A00,A0,A0,E0,0,0,2015,1,,,,,,1573
48165,4591,A05,0,A00,A0,A0,E0,0,0,2015,1,,,,0,,895
48167,4591,A05,0,A00,A0,A0,E0,0,0,2015,1,237,234,58,61,-3,1551
48171,4591,A05,0,A00,A0,A0,E0,0,0,2015,1,31,32,8,7,0,838
48175,4591,A05,0,A00,A0,A0,E0,0,0,2015,1,,,,,,1513
48177,4591,A05,0,A00,A0,A0,E0,0,0,2015,1,,,0,0,,2975
48179,4591,A05,0,A00,A0,A0,E0,0,0,2015,1,22,25,5,,3,1167
48181,4591,A05,0,A00,A0,A0,E0,0,0,2015,1,291,241,31,81,-50,1539
48183,4591,A05,0,A00,A0,A0,E0,0,0,2015,1,341,296,31,76,-45,1617
48185,4591,A05,0,A00,A0,A0,E0,0,0,2015,1,,,0,0,,2249
48187,4591,A05,0,A00,A0,A0,E0,0,0,2015,1,56,46,8,19,-11,2120
48189,4591,A05,0,A00,A0,A0,E0,0,0,2015,1,,,,,,1064
48199,4591,A05,0,A00,A0,A0,E0,0,0,2015,1,20,16,,5,-3,1438
48201,4591,A05,0,A00,A0,A0,E0,0,0,2015,1,8622,7550,964,2036,-1072,1723
48203,4591,A05,0,A00,A0,A0,E0,0,0,2015,1,37,36,3,4,-1,1927
48207,4591,A05,0,A00,A0,A0,E0,0,0,2015,1,,,0,0,,2211
48209,4591,A05,0,A00,A0,A0,E0,0,0,2015,1,1017,869,79,227,-147,1358
48211,4591,A05,0,A00,A0,A0,E0,0,0,2015,1,,,0,0,,1903
48213,4591,A05,0,A00,A0,A0,E0,0,0,2015,1,28,28,8,7,0,1093
48215,4591,A05,0,A00,A0,A0,E0,0,0,2015,1,1302,1111,124,315,-190,1261
48219,4591,A05,0,A00,A0,A0,E0,0,0,2015,1,16,14,,3,-2,1236
48221,4591,A05,0,A00,A0,A0,E0,0,0,2015,1,24,22,,4,-3,2835
48223,4591,A05,0,A00,A0,A0,E0,0,0,2015,1,42,39,3,7,-3,1856
48225,4591,A05,0,A00,A0,A0,E0,0,0,2015,1,,,,,,1213
48227,4591,A05,0,A00,A0,A0,E0,0,0,2015,1,21,19,5,7,-2,1375
48231,4591,A05,0,A00,A0,A0,E0,0,0,2015,1,48,49,8,8,1,1594
48233,4591,A05,0,A00,A0,A0,E0,0,0,2015,1,,,,,,1858
48241,4591,A05,0,A00,A0,A0,E0,0,0,2015,1,,,,,,884
48245,4591,A05,0,A00,A0,A0,E0,0,0,2015,1,352,299,47,101,-54,1709
48249,4591,A05,0,A00,A0,A0,E0,0,0,2015,1,,,,,,1243
48251,4591,A05,0,A00,A0,A0,E0,0,0,2015,1,130,117,9,22,-13,1702
48257,4591,A05,0,A00,A0,A0,E0,0,0,2015,1,20,14,,7,-6,1288
48259,4591,A05,0,A00,A0,A0,E0,0,0,2015,1,58,57,7,8,-1,1931
48265,4591,A05,0,A00,A0,A0,E0,0,0,2015,1,42,38,6,9,-4,1355
48267,4591,A05,0,A00,A0,A0,E0,0,0,2015,1,,,0,0,,4346
48273,4591,A05,0,A00,A0,A0,E0,0,0,2015,1,,,,,,995
48277,4591,A05,0,A00,A0,A0,E0,0,0,2015,1,51,49,5,7,-2,1736
48285,4591,A05,0,A00,A0,A0,E0,0,0,2015,1,0,0,,,0,
48287,4591,A05,0,A00,A0,A0,E0,0,0,2015,1,,,0,0,,819
48289,4591,A05,0,A00,A0,A0,E0,0,0,2015,1,5,7,3,0,3,1288
48291,4591,A05,0,A00,A0,A0,E0,0,0,2015,1,15,14,3,4,-1,1615
48293,4591,A05,0,A00,A0,A0,E0,0,0,2015,1,,,,,,1275
48299,4591,A05,0,A00,A0,A0,E0,0,0,2015,1,,,0,0,,596
48303,4591,A05,0,A00,A0,A0,E0,0,0,2015,1,891,788,104,207,-103,1425
48307,4591,A05,0,A00,A0,A0,E0,0,0,2015,1,,,0,0,,2508
48309,4591,A05,0,A00,A0,A0,E0,0,0,2015,1,432,390,61,102,-42,1426
48313,4591,A05,0,A00,A0,A0,E0,0,0,2015,1,0,,,0,,
48321,4591,A05,0,A00,A0,A0,E0,0,0,2015,1,17,16,3,4,-1,1257
48323,4591,A05,0,A00,A0,A0,E0,0,0,2015,1,101,78,8,32,-23,1054
48325,4591,A05,0,A00,A0,A0,E0,0,0,2015,1,,,0,,,830
48329,4591,A05,0,A00,A0,A0,E0,0,0,2015,1,381,290,72,164,-91,1532
48339,4591,A05,0,A00,A0,A0,E0,0,0,2015,1,781,683,87,184,-98,1776
48341,4591,A05,0,A00,A0,A0,E0,0,0,2015,1,,,,,,1291
48347,4591,A05,0,A00,A0,A0,E0,0,0,2015,1,114,99,3,17,-14,1761
48349,4591,A05,0,A00,A0,A0,E0,0,0,2015,1,62,59,18,20,-2,1343
48353,4591,A05,0,A00,A0,A0,E0,0,0,2015,1,,,,,,1188
48355,4591,A05,0,A00,A0,A0,E0,0,0,2015,1,780,667,80,194,-114,1565
48361,4591,A05,0,A00,A0,A0,E0,0,0,2015,1,35,37,8,6,2,1555
48365,4591,A05,0,A00,A0,A0,E0,0,0,2015,1,20,19,4,4,0,1355
48367,4591,A05,0,A00,A0,A0,E0,0,0,2015,1,150,144,23,29,-6,1952
48369,4591,A05,0,A00,A0,A0,E0,0,0,2015,1,,,0,0,,1326
48373,4591,A05,0,A00,A0,A0,E0,0,0,2015,1,16,16,4,4,0,1402
48375,4591,A05,0,A00,A0,A0,E0,0,0,2015,1,314,262,46,97,-52,1344
48379,4591,A05,0,A00,A0,A0,E0,0,0,2015,1,,,0,0,,918
48381,4591,A05,0,A00,A0,A0,E0,0,0,2015,1,319,289,27,57,-30,1735
48395,4591,A05,0,A00,A0,A0,E0,0,0,2015,1,,,0,0,,4100
48397,4591,A05,0,A00,A0,A0,E0,0,0,2015,1,189,167,23,45,-22,1655
48401,4591,A05,0,A00,A0,A0,E0,0,0,2015,1,,,,,,1405
48407,4591,A05,0,A00,A0,A0,E0,0,0,2015,1,,,0,0,,1448
48409,4591,A05,0,A00,A0,A0,E0,0,0,2015,1,98,88,18,28,-10,1325
48415,4591,A05,0,A00,A0,A0,E0,0,0,2015,1,,,,,,978
48419,4591,A05,0,A00,A0,A0,E0,0,0,2015,1,,,,,,1880
48423,4591,A05,0,A00,A0,A0,E0,0,0,2015,1,469,420,74,122,-48,1592
48427,4591,A05,0,A00,A0,A0,E0,0,0,2015,1,12,12,3,3,0,1088
48439,4591,A05,0,A00,A0,A0,E0,0,0,2015,1,4817,4197,523,1144,-621,2165
48441,4591,A05,0,A00,A0,A0,E0,0,0,2015,1,280,249,60,91,-31,1314
48449,4591,A05,0,A00,A0,A0,E0,0,0,2015,1,,,,,,1761
48451,4591,A05,0,A00,A0,A0,E0,0,0,2015,1,267,228,28,67,-40,1638
48453,4591,A05,0,A00,A0,A0,E0,0,0,2015,1,2600,2424,364,540,-176,2142
48457,4591,A05,0,A00,A0,A0,E0,0,0,2015,1,,,,0,,1425
48463,4591,A05,0,A00,A0,A0,E0,0,0,2015,1,65,68,13,11,2,1607
48465,4591,A05,0,A00,A0,A0,E0,0,0,2015,1,22,20,4,6,-2,1453
48467,4591,A05,0,A00,A0,A0,E0,0,0,2015,1,26,26,,3,-1,2693
48469,4591,A05,0,A00,A0,A0,E0,0,0,2015,1,250,213,33,70,-37,1379
48471,4591,A05,0,A00,A0,A0,E0,0,0,2015,1,127,117,21,31,-10,2150
48475,4591,A05,0,A00,A0,A0,E0,0,0,2015,1,,,,,,1447
48477,4591,A05,0,A00,A0,A0,E0,0,0,2015,1,38,35,6,9,-3,1666
48479,4591,A05,0,A00,A0,A0,E0,0,0,2015,1,429,336,25,119,-94,1130
48481,4591,A05,0,A00,A0,A0,E0,0,0,2015,1,29,29,4,3,0,2574
48485,4591,A05,0,A00,A0,A0,E0,0,0,2015,1,259,218,30,70,-41,2493
48487,4591,A05,0,A00,A0,A0,E0,0,0,2015,1,,,,,,1158
48491,4591,A05,0,A00,A0,A0,E0,0,0,2015,1,847,739,85,193,-107,1758
48497,4591,A05,0,A00,A0,A0,E0,0,0,2015,1,34,36,11,9,2,1976
48499,4591,A05,0,A00,A0,A0,E0,0,0,2015,1,28,27,3,4,-1,2119
48501,4591,A05,0,A00,A0,A0,E0,0,0,2015,1,,,0,0,,659
48503,4591,A05,0,A00,A0,A0,E0,0,0,2015,1,,,,,,1261
48505,4591,A05,0,A00,A0,A0,E0,0,0,2015,1,,,0,0,,1290
48,4591,A05,0,A00,A0,A0,E0,0,0,2015,1,46149,40570,5746,11325,-5579,1740
48001,4591,A05,0,A00,A0,A0,E0,0,0,2015,2,24,25,5,4,1,2148
48005,4591,A05,0,A00,A0,A0,E0,0,0,2015,2,97,102,19,14,5,2154
48007,4591,A05,0,A00,A0,A0,E0,0,0,2015,2,24,25,3,,0,2301
48013,4591,A05,0,A00,A0,A0,E0,0,0,2015,2,21,20,,,-1,1619
48015,4591,A05,0,A00,A0,A0,E0,0,0,2015,2,18,22,10,6,5,1790
48019,4591,A05,0,A00,A0,A0,E0,0,0,2015,2,,,0,,,481
48021,4591,A05,0,A00,A0,A0,E0,0,0,2015,2,,,,,,2328
48025,4591,A05,0,A00,A0,A0,E0,0,0,2015,2,,,,,,1066
48027,4591,A05,0,A00,A0,A0,E0,0,0,2015,2,410,406,73,77,-5,1564
48029,4591,A05,0,A00,A0,A0,E0,0,0,2015,2,3510,3441,664,733,-69,1655
48031,4591,A05,0,A00,A0,A0,E0,0,0,2015,2,0,,,0,,
48037,4591,A05,0,A00,A0,A0,E0,0,0,2015,2,187,181,37,43,-6,2195
48039,4591,A05,0,A00,A0,A0,E0,0,0,2015,2,251,253,44,41,3,1969
48041,4591,A05,0,A00,A0,A0,E0,0,0,2015,2,368,358,64,74,-10,1573
48049,4591,A05,0,A00,A0,A0,E0,0,0,2015,2,36,37,11,9,2,1512
48051,4591,A05,0,A00,A0,A0,E0,0,0,2015,2,,,0,0,,2809
48053,4591,A05,0,A00,A0,A0,E0,0,0,2015,2,10,7,,3,-3,636
48055,4591,A05,0,A00,A0,A0,E0,0,0,2015,2,,,,,,710
48057,4591,A05,0,A00,A0,A0,E0,0,0,2015,2,,,,,,1070
48059,4591,A05,0,A00,A0,A0,E0,0,0,2015,2,,,0,0,,2470
48061,4591,A05,0,A00,A0,A0,E0,0,0,2015,2,561,568,84,78,7,1356
48067,4591,A05,0,A00,A0,A0,E0,0,0,2015,2,10,8,,3,-2,1355
48069,4591,A05,0,A00,A0,A0,E0,0,0,2015,2,,,0,0,,1017
48073,4591,A05,0,A00,A0,A0,E0,0,0,2015,2,,,,,,961
48075,4591,A05,0,A00,A0,A0,E0,0,0,2015,2,,,0,0,,3149
48085,4591,A05,0,A00,A0,A0,E0,0,0,2015,2,2112,2228,528,413,115,1919
48089,4591,A05,0,A00,A0,A0,E0,0,0,2015,2,9,10,,,1,1029
48091,4591,A05,0,A00,A0,A0,E0,0,0,2015,2,195,212,53,36,17,1607
48097,4591,A05,0,A00,A0,A0,E0,0,0,2015,2,16,17,7,6,1,1027
48099,4591,A05,0,A00,A0,A0,E0,0,0,2015,2,18,18,,,0,1293
48113,4591,A05,0,A00,A0,A0,E0,0,0,2015,2,3889,3938,783,734,49,2028
48117,4591,A05,0,A00,A0,A0,E0,0,0,2015,2,,,0,0,,1015
48121,4591,A05,0,A00,A0,A0,E0,0,0,2015,2,996,1027,220,188,31,1882
48135,4591,A05,0,A00,A0,A0,E0,0,0,2015,2,309,332,89,66,24,2144
48139,4591,A05,0,A00,A0,A0,E0,0,0,2015,2,269,250,35,54,-19,1686
48141,4591,A05,0,A00,A0,A0,E0,0,0,2015,2,1203,1201,203,204,-2,1553
48143,4591,A05,0,A00,A0,A0,E0,0,0,2015,2,25,25,4,4,0,1352
48147,4591,A05,0,A00,A0,A0,E0,0,0,2015,2,0,,,0,,
48157,4591,A05,0,A00,A0,A0,E0,0,0,2015,2,1020,1043,178,155,22,2471
48163,4591,A05,0,A00,A0,A0,E0,0,0,2015,2,,,,,,1788
48165,4591,A05,0,A00,A0,A0,E0,0,0,2015,2,,,,,,902
48167,4591,A05,0,A00,A0,A0,E0,0,0,2015,2,234,250,64,48,16,1601
48171,4591,A05,0,A00,A0,A0,E0,0,0,2015,2,30,27,6,9,-3,787
48175,4591,A05,0,A00,A0,A0,E0,0,0,2015,2,,,,,,588
48177,4591,A05,0,A00,A0,A0,E0,0,0,2015,2,,,0,,,1636
48179,4591,A05,0,A00,A0,A0,E0,0,0,2015,2,25,30,6,,5,1120
48181,4591,A05,0,A00,A0,A0,E0,0,0,2015,2,241,238,50,54,-4,1722
48183,4591,A05,0,A00,A0,A0,E0,0,0,2015,2,296,300,58,54,4,1838
48185,4591,A05,0,A00,A0,A0,E0,0,0,2015,2,,,0,0,,2249
48187,4591,A05,0,A00,A0,A0,E0,0,0,2015,2,46,43,14,17,-3,1271
48189,4591,A05,0,A00,A0,A0,E0,0,0,2015,2,,,,,,983
48199,4591,A05,0,A00,A0,A0,E0,0,0,2015,2,16,14,3,5,-2,1342
48201,4591,A05,0,A00,A0,A0,E0,0,0,2015,2,7555,7563,1385,1376,8,1925
48203,4591,A05,0,A00,A0,A0,E0,0,0,2015,2,36,36,5,4,1,1714
48207,4591,A05,0,A00,A0,A0,E0,0,0,2015,2,,,0,0,,2233
48209,4591,A05,0,A00,A0,A0,E0,0,0,2015,2,874,890,170,154,16,1582
48211,4591,A05,0,A00,A0,A0,E0,0,0,2015,2,,,0,,,1363
48213,4591,A05,0,A00,A0,A0,E0,0,0,2015,2,28,31,11,8,3,861
48215,4591,A05,0,A00,A0,A0,E0,0,0,2015,2,1111,1074,140,176,-36,1414
48219,4591,A05,0,A00,A0,A0,E0,0,0,2015,2,14,12,4,6,-2,966
48221,4591,A05,0,A00,A0,A0,E0,0,0,2015,2,22,35,15,,13,2601
48223,4591,A05,0,A00,A0,A0,E0,0,0,2015,2,39,37,,4,-3,1959
48225,4591,A05,0,A00,A0,A0,E0,0,0,2015,2,,,,,,1078
48227,4591,A05,0,A00,A0,A0,E0,0,0,2015,2,19,17,7,9,-1,1151
48231,4591,A05,0,A00,A0,A0,E0,0,0,2015,2,49,46,14,17,-3,1549
48233,4591,A05,0,A00,A0,A0,E0,0,0,2015,2,,,,,,1269
48241,4591,A05,0,A00,A0,A0,E0,0,0,2015,2,,,0,0,,1560
48245,4591,A05,0,A00,A0,A0,E0,0,0,2015,2,299,301,67,64,2,2049
48249,4591,A05,0,A00,A0,A0,E0,0,0,2015,2,,,,,,1002
48251,4591,A05,0,A00,A0,A0,E0,0,0,2015,2,117,113,15,19,-4,1778
48257,4591,A05,0,A00,A0,A0,E0,0,0,2015,2,14,15,3,,1,1271
48259,4591,A05,0,A00,A0,A0,E0,0,0,2015,2,48,49,14,13,1,1975
48265,4591,A05,0,A00,A0,A0,E0,0,0,2015,2,38,38,5,5,0,1395
48267,4591,A05,0,A00,A0,A0,E0,0,0,2015,2,,,0,0,,4346
48273,4591,A05,0,A00,A0,A0,E0,0,0,2015,2,,,,,,795
48277,4591,A05,0,A00,A0,A0,E0,0,0,2015,2,49,55,13,6,6,1894
48285,4591,A05,0,A00,A0,A0,E0,0,0,2015,2,0,,,0,,
48287,4591,A05,0,A00,A0,A0,E0,0,0,2015,2,,,0,0,,768
48289,4591,A05,0,A00,A0,A0,E0,0,0,2015,2,7,5,,3,-2,1415
48291,4591,A05,0,A00,A0,A0,E0,0,0,2015,2,14,14,4,4,0,1125
48293,4591,A05,0,A00,A0,A0,E0,0,0,2015,2,,,,,,904
48299,4591,A05,0,A00,A0,A0,E0,0,0,2015,2,,,0,0,,574
48303,4591,A05,0,A00,A0,A0,E0,0,0,2015,2,788,843,211,155,55,1468
48307,4591,A05,0,A00,A0,A0,E0,0,0,2015,2,,,0,0,,2409
48309,4591,A05,0,A00,A0,A0,E0,0,0,2015,2,390,387,81,84,-3,1549
48313,4591,A05,0,A00,A0,A0,E0,0,0,2015,2,,,,0,,2007
48321,4591,A05,0,A00,A0,A0,E0,0,0,2015,2,16,15,4,4,-1,1151
48323,4591,A05,0,A00,A0,A0,E0,0,0,2015,2,77,70,7,15,-8,1135
48325,4591,A05,0,A00,A0,A0,E0,0,0,2015,2,,,0,0,,1550
48329,4591,A05,0,A00,A0,A0,E0,0,0,2015,2,290,302,86,73,13,1935
48339,4591,A05,0,A00,A0,A0,E0,0,0,2015,2,683,680,130,133,-3,2115
48341,4591,A05,0,A00,A0,A0,E0,0,0,2015,2,,,,,,1188
48347,4591,A05,0,A00,A0,A0,E0,0,0,2015,2,99,95,10,15,-4,1757
48349,4591,A05,0,A00,A0,A0,E0,0,0,2015,2,59,53,11,18,-7,1135
48353,4591,A05,0,A00,A0,A0,E0,0,0,2015,2,,,,,,1216
48355,4591,A05,0,A00,A0,A0,E0,0,0,2015,2,667,658,109,118,-9,1743
48361,4591,A05,0,A00,A0,A0,E0,0,0,2015,2,37,37,17,17,0,1606
48365,4591,A05,0,A00,A0,A0,E0,0,0,2015,2,19,18,3,4,-1,1292
48367,4591,A05,0,A00,A0,A0,E0,0,0,2015,2,144,143,26,26,0,1981
48369,4591,A05,0,A00,A0,A0,E0,0,0,2015,2,,,0,0,,1220
48373,4591,A05,0,A00,A0,A0,E0,0,0,2015,2,16,14,3,5,-1,1182
48375,4591,A05,0,A00,A0,A0,E0,0,0,2015,2,262,269,60,52,7,1698
48379,4591,A05,0,A00,A0,A0,E0,0,0,2015,2,,,,0,,790
48381,4591,A05,0,A00,A0,A0,E0,0,0,2015,2,289,273,40,56,-17,1814
48395,4591,A05,0,A00,A0,A0,E0,0,0,2015,2,,,,,,4074
48397,4591,A05,0,A00,A0,A0,E0,0,0,2015,2,167,170,33,30,3,1900
48401,4591,A05,0,A00,A0,A0,E0,0,0,2015,2,,,,,,1111
48407,4591,A05,0,A00,A0,A0,E0,0,0,2015,2,,,,0,,1458
48409,4591,A05,0,A00,A0,A0,E0,0,0,2015,2,88,90,19,17,2,1324
48415,4591,A05,0,A00,A0,A0,E0,0,0,2015,2,,,,,,976
48419,4591,A05,0,A00,A0,A0,E0,0,0,2015,2,,,,,,1486
48423,4591,A05,0,A00,A0,A0,E0,0,0,2015,2,420,414,71,77,-6,1828
48427,4591,A05,0,A00,A0,A0,E0,0,0,2015,2,12,11,,,-1,1388
48439,4591,A05,0,A00,A0,A0,E0,0,0,2015,2,4207,4270,869,805,63,2099
48441,4591,A05,0,A00,A0,A0,E0,0,0,2015,2,249,263,80,66,14,1504
48449,4591,A05,0,A00,A0,A0,E0,0,0,2015,2,,,,,,1114
48451,4591,A05,0,A00,A0,A0,E0,0,0,2015,2,228,226,42,43,-1,1841
48453,4591,A05,0,A00,A0,A0,E0,0,0,2015,2,2417,2409,439,447,-8,2031
48457,4591,A05,0,A00,A0,A0,E0,0,0,2015,2,,,0,0,,1537
48463,4591,A05,0,A00,A0,A0,E0,0,0,2015,2,66,64,14,16,-2,1630
48465,4591,A05,0,A00,A0,A0,E0,0,0,2015,2,20,20,3,3,0,1287
48467,4591,A05,0,A00,A0,A0,E0,0,0,2015,2,26,25,,,-1,3036
48469,4591,A05,0,A00,A0,A0,E0,0,0,2015,2,213,209,36,40,-4,1507
48471,4591,A05,0,A00,A0,A0,E0,0,0,2015,2,117,120,28,24,4,2158
48475,4591,A05,0,A00,A0,A0,E0,0,0,2015,2,,,,,,1791
48477,4591,A05,0,A00,A0,A0,E0,0,0,2015,2,35,32,10,12,-2,1979
48479,4591,A05,0,A00,A0,A0,E0,0,0,2015,2,335,325,35,45,-10,1343
48481,4591,A05,0,A00,A0,A0,E0,0,0,2015,2,29,29,4,5,0,2320
48485,4591,A05,0,A00,A0,A0,E0,0,0,2015,2,218,211,38,45,-7,2145
48487,4591,A05,0,A00,A0,A0,E0,0,0,2015,2,,,,,,1169
48491,4591,A05,0,A00,A0,A0,E0,0,0,2015,2,742,956,360,146,214,1952
48497,4591,A05,0,A00,A0,A0,E0,0,0,2015,2,36,36,8,7,1,2750
48499,4591,A05,0,A00,A0,A0,E0,0,0,2015,2,,,,,,2039
48501,4591,A05,0,A00,A0,A0,E0,0,0,2015,2,,,,,,1077
48503,4591,A05,0,A00,A0,A0,E0,0,0,2015,2,,,,,,1062
48505,4591,A05,0,A00,A0,A0,E0,0,0,2015,2,,,0,0,,1277
48,4591,A05,0,A00,A0,A0,E0,0,0,2015,2,40605,41084,8175,7696,479,1859
48001,4591,A05,0,A00,A0,A0,E0,0,0,2015,3,25,26,8,7,2,2307
48005,4591,A05,0,A00,A0,A0,E0,0,0,2015,3,102,111,29,20,9,2503
48007,4591,A05,0,A00,A0,A0,E0,0,0,2015,3,25,24,5,6,-1,2633
48013,4591,A05,0,A00,A0,A0,E0,0,0,2015,3,20,22,5,3,2,2120
48015,4591,A05,0,A00,A0,A0,E0,0,0,2015,3,22,31,23,14,9,1863
48019,4591,A05,0,A00,A0,A0,E0,0,0,2015,3,,,0,0,,466
48021,4591,A05,0,A00,A0,A0,E0,0,0,2015,3,,,,,,2659
48025,4591,A05,0,A00,A0,A0,E0,0,0,2015,3,,,,,,1034
48027,4591,A05,0,A00,A0,A0,E0,0,0,2015,3,405,415,109,100,9,1738
48029,4591,A05,0,A00,A0,A0,E0,0,0,2015,3,3444,3475,826,795,31,1772
48031,4591,A05,0,A00,A0,A0,E0,0,0,2015,3,,,0,0,,2214
48037,4591,A05,0,A00,A0,A0,E0,0,0,2015,3,178,188,80,70,11,2889
48039,4591,A05,0,A00,A0,A0,E0,0,0,2015,3,253,269,80,64,16,2259
48041,4591,A05,0,A00,A0,A0,E0,0,0,2015,3,358,391,113,80,33,1808
48049,4591,A05,0,A00,A0,A0,E0,0,0,2015,3,37,42,16,12,4,1537
48051,4591,A05,0,A00,A0,A0,E0,0,0,2015,3,,,0,,,2462
48053,4591,A05,0,A00,A0,A0,E0,0,0,2015,3,7,8,,,1,952
48055,4591,A05,0,A00,A0,A0,E0,0,0,2015,3,,,,,,685
48057,4591,A05,0,A00,A0,A0,E0,0,0,2015,3,,,,,,931
48059,4591,A05,0,A00,A0,A0,E0,0,0,2015,3,,,0,0,,3005
48061,4591,A05,0,A00,A0,A0,E0,0,0,2015,3,568,539,105,133,-28,1487
48067,4591,A05,0,A00,A0,A0,E0,0,0,2015,3,8,8,3,3,0,1774
48069,4591,A05,0,A00,A0,A0,E0,0,0,2015,3,,,,,,606
48073,4591,A05,0,A00,A0,A0,E0,0,0,2015,3,,,,,,1308
48075,4591,A05,0,A00,A0,A0,E0,0,0,2015,3,,,0,,,2671
48085,4591,A05,0,A00,A0,A0,E0,0,0,2015,3,2251,2207,576,620,-44,1949
48089,4591,A05,0,A00,A0,A0,E0,0,0,2015,3,10,10,0,0,0,1044
48091,4591,A05,0,A00,A0,A0,E0,0,0,2015,3,213,192,41,62,-21,1629
48097,4591,A05,0,A00,A0,A0,E0,0,0,2015,3,17,17,7,7,0,1099
48099,4591,A05,0,A00,A0,A0,E0,0,0,2015,3,18,15,0,3,-3,1286
48113,4591,A05,0,A00,A0,A0,E0,0,0,2015,3,3952,4026,974,900,75,2085
48117,4591,A05,0,A00,A0,A0,E0,0,0,2015,3,,,,,,1038
48121,4591,A05,0,A00,A0,A0,E0,0,0,2015,3,1028,1045,291,275,16,1950
48135,4591,A05,0,A00,A0,A0,E0,0,0,2015,3,332,350,105,88,17,2200
48139,4591,A05,0,A00,A0,A0,E0,0,0,2015,3,251,259,70,61,9,1536
48141,4591,A05,0,A00,A0,A0,E0,0,0,2015,3,1207,1210,248,245,3,1558
48143,4591,A05,0,A00,A0,A0,E0,0,0,2015,3,25,31,10,4,6,1535
48147,4591,A05,0,A00,A0,A0,E0,0,0,2015,3,,,0,0,,2079
48157,4591,A05,0,A00,A0,A0,E0,0,0,2015,3,1015,1054,252,213,39,2584
48163,4591,A05,0,A00,A0,A0,E0,0,0,2015,3,,,,0,,1703
48165,4591,A05,0,A00,A0,A0,E0,0,0,2015,3,,,,,,694
48167,4591,A05,0,A00,A0,A0,E0,0,0,2015,3,261,258,74,78,-3,1640
48171,4591,A05,0,A00,A0,A0,E0,0,0,2015,3,23,20,6,9,-3,981
48175,4591,A05,0,A00,A0,A0,E0,0,0,2015,3,,,0,0,,1022
48177,4591,A05,0,A00,A0,A0,E0,0,0,2015,3,,,0,0,,3488
48179,4591,A05,0,A00,A0,A0,E0,0,0,2015,3,30,28,3,5,-2,1251
48181,4591,A05,0,A00,A0,A0,E0,0,0,2015,3,237,247,70,61,9,2036
48183,4591,A05,0,A00,A0,A0,E0,0,0,2015,3,299,306,74,67,7,1974
48185,4591,A05,0,A00,A0,A0,E0,0,0,2015,3,,,0,0,,2249
48187,4591,A05,0,A00,A0,A0,E0,0,0,2015,3,43,46,15,11,3,1841
48189,4591,A05,0,A00,A0,A0,E0,0,0,2015,3,,,,,,1074
48199,4591,A05,0,A00,A0,A0,E0,0,0,2015,3,14,15,4,3,1,1726
48201,4591,A05,0,A00,A0,A0,E0,0,0,2015,3,7635,7686,1785,1734,51,2092
48203,4591,A05,0,A00,A0,A0,E0,0,0,2015,3,40,38,6,8,-2,1783
48207,4591,A05,0,A00,A0,A0,E0,0,0,2015,3,,,0,0,,2224
48209,4591,A05,0,A00,A0,A0,E0,0,0,2015,3,763,731,188,219,-32,1614
48211,4591,A05,0,A00,A0,A0,E0,0,0,2015,3,,0,0,,,824
48213,4591,A05,0,A00,A0,A0,E0,0,0,2015,3,31,36,11,6,5,952
48215,4591,A05,0,A00,A0,A0,E0,0,0,2015,3,1086,1144,305,246,59,1542
48217,4591,A05,0,A00,A0,A0,E0,0,0,2015,3,,,,,,1013
48219,4591,A05,0,A00,A0,A0,E0,0,0,2015,3,12,13,4,4,0,1392
48221,4591,A05,0,A00,A0,A0,E0,0,0,2015,3,35,37,8,6,2,4470
48223,4591,A05,0,A00,A0,A0,E0,0,0,2015,3,37,38,7,6,1,2450
48225,4591,A05,0,A00,A0,A0,E0,0,0,2015,3,,,,,,1291
48227,4591,A05,0,A00,A0,A0,E0,0,0,2015,3,17,29,19,7,11,1486
48231,4591,A05,0,A00,A0,A0,E0,0,0,2015,3,46,47,12,11,1,1652
48233,4591,A05,0,A00,A0,A0,E0,0,0,2015,3,,,,,,1328
48241,4591,A05,0,A00,A0,A0,E0,0,0,2015,3,,,,,,1404
48245,4591,A05,0,A00,A0,A0,E0,0,0,2015,3,301,305,95,91,4,2386
48249,4591,A05,0,A00,A0,A0,E0,0,0,2015,3,,,,,,1120
48251,4591,A05,0,A00,A0,A0,E0,0,0,2015,3,113,119,28,21,7,1822
48257,4591,A05,0,A00,A0,A0,E0,0,0,2015,3,15,15,2,3,0,1532
48259,4591,A05,0,A00,A0,A0,E0,0,0,2015,3,49,55,22,16,7,2252
48265,4591,A05,0,A00,A0,A0,E0,0,0,2015,3,38,42,9,6,4,1479
48267,4591,A05,0,A00,A0,A0,E0,0,0,2015,3,,,0,0,,4346
48273,4591,A05,0,A00,A0,A0,E0,0,0,2015,3,,,,,,984
48277,4591,A05,0,A00,A0,A0,E0,0,0,2015,3,55,55,8,9,0,1892
48285,4591,A05,0,A00,A0,A0,E0,0,0,2015,3,,4,4,0,4,3182
48287,4591,A05,0,A00,A0,A0,E0,0,0,2015,3,,,,0,,942
48289,4591,A05,0,A00,A0,A0,E0,0,0,2015,3,5,5,,,-1,1532
48291,4591,A05,0,A00,A0,A0,E0,0,0,2015,3,14,15,7,5,1,1355
48293,4591,A05,0,A00,A0,A0,E0,0,0,2015,3,,,,,,1155
48299,4591,A05,0,A00,A0,A0,E0,0,0,2015,3,,,0,0,,550
48303,4591,A05,0,A00,A0,A0,E0,0,0,2015,3,843,825,174,192,-18,1565
48307,4591,A05,0,A00,A0,A0,E0,0,0,2015,3,,,0,0,,2550
48309,4591,A05,0,A00,A0,A0,E0,0,0,2015,3,387,396,102,93,9,1597
48313,4591,A05,0,A00,A0,A0,E0,0,0,2015,3,,,0,,,1940
48321,4591,A05,0,A00,A0,A0,E0,0,0,2015,3,15,17,7,5,2,1336
48323,4591,A05,0,A00,A0,A0,E0,0,0,2015,3,70,69,21,22,-1,1296
48325,4591,A05,0,A00,A0,A0,E0,0,0,2015,3,,,,0,,1530
48329,4591,A05,0,A00,A0,A0,E0,0,0,2015,3,302,306,102,98,4,2034
48339,4591,A05,0,A00,A0,A0,E0,0,0,2015,3,680,697,199,183,16,2204
48341,4591,A05,0,A00,A0,A0,E0,0,0,2015,3,,,,,,1293
48347,4591,A05,0,A00,A0,A0,E0,0,0,2015,3,95,99,19,15,4,1836
48349,4591,A05,0,A00,A0,A0,E0,0,0,2015,3,53,55,20,17,2,1474
48353,4591,A05,0,A00,A0,A0,E0,0,0,2015,3,,,,,,1356
48355,4591,A05,0,A00,A0,A0,E0,0,0,2015,3,658,664,153,146,6,1935
48361,4591,A05,0,A00,A0,A0,E0,0,0,2015,3,37,35,10,12,-2,1700
48365,4591,A05,0,A00,A0,A0,E0,0,0,2015,3,18,18,5,5,-1,1438
48367,4591,A05,0,A00,A0,A0,E0,0,0,2015,3,143,155,42,30,12,2068
48369,4591,A05,0,A00,A0,A0,E0,0,0,2015,3,,,0,0,,1342
48373,4591,A05,0,A00,A0,A0,E0,0,0,2015,3,14,16,5,3,2,1411
48375,4591,A05,0,A00,A0,A0,E0,0,0,2015,3,269,263,64,70,-6,1582
48379,4591,A05,0,A00,A0,A0,E0,0,0,2015,3,,,0,,,765
48381,4591,A05,0,A00,A0,A0,E0,0,0,2015,3,273,299,94,68,26,2124
48395,4591,A05,0,A00,A0,A0,E0,0,0,2015,3,,,0,,,4120
48397,4591,A05,0,A00,A0,A0,E0,0,0,2015,3,170,176,50,43,7,1862
48401,4591,A05,0,A00,A0,A0,E0,0,0,2015,3,,,,,,1326
48407,4591,A05,0,A00,A0,A0,E0,0,0,2015,3,,,0,,,1111
48409,4591,A05,0,A00,A0,A0,E0,0,0,2015,3,90,99,37,28,9,1633
48415,4591,A05,0,A00,A0,A0,E0,0,0,2015,3,,,,,,1322
48419,4591,A05,0,A00,A0,A0,E0,0,0,2015,3,,,,,,1643
48423,4591,A05,0,A00,A0,A0,E0,0,0,2015,3,415,444,142,113,29,2070
48427,4591,A05,0,A00,A0,A0,E0,0,0,2015,3,11,13,5,3,2,1519
48439,4591,A05,0,A00,A0,A0,E0,0,0,2015,3,4278,4388,1173,1063,110,2131
48441,4591,A05,0,A00,A0,A0,E0,0,0,2015,3,263,258,77,82,-5,1473
48449,4591,A05,0,A00,A0,A0,E0,0,0,2015,3,,,,,,1403
48451,4591,A05,0,A00,A0,A0,E0,0,0,2015,3,226,234,55,47,8,1921
48453,4591,A05,0,A00,A0,A0,E0,0,0,2015,3,2413,2419,495,488,7,2102
48457,4591,A05,0,A00,A0,A0,E0,0,0,2015,3,,,0,,,1375
48463,4591,A05,0,A00,A0,A0,E0,0,0,2015,3,63,67,28,24,4,1699
48465,4591,A05,0,A00,A0,A0,E0,0,0,2015,3,20,20,7,7,-1,1265
48467,4591,A05,0,A00,A0,A0,E0,0,0,2015,3,25,26,3,,1,3272
48469,4591,A05,0,A00,A0,A0,E0,0,0,2015,3,209,220,58,48,11,1671
48471,4591,A05,0,A00,A0,A0,E0,0,0,2015,3,120,120,37,37,-1,2510
48475,4591,A05,0,A00,A0,A0,E0,0,0,2015,3,,,,,,1060
48477,4591,A05,0,A00,A0,A0,E0,0,0,2015,3,32,35,12,9,3,2018
48479,4591,A05,0,A00,A0,A0,E0,0,0,2015,3,325,338,78,65,13,1414
48481,4591,A05,0,A00,A0,A0,E0,0,0,2015,3,29,27,6,8,-2,2339
48485,4591,A05,0,A00,A0,A0,E0,0,0,2015,3,211,241,73,43,30,1801
48487,4591,A05,0,A00,A0,A0,E0,0,0,2015,3,,,,,,1040
48491,4591,A05,0,A00,A0,A0,E0,0,0,2015,3,961,958,244,247,-3,1813
48497,4591,A05,0,A00,A0,A0,E0,0,0,2015,3,36,36,6,6,0,2743
48499,4591,A05,0,A00,A0,A0,E0,0,0,2015,3,,,,,,2011
48501,4591,A05,0,A00,A0,A0,E0,0,0,2015,3,,,,,,777
48503,4591,A05,0,A00,A0,A0,E0,0,0,2015,3,,,,,,1324
48505,4591,A05,0,A00,A0,A0,E0,0,0,2015,3,,,0,0,,1207
48,4591,A05,0,A00,A0,A0,E0,0,0,2015,3,41094,41713,10473,9855,619,1960
48001,4591,A05,0,A00,A0,A0,E0,0,0,2015,4,26,27,10,10,1,2467
48005,4591,A05,0,A00,A0,A0,E0,0,0,2015,4,111,106,23,28,-5,2287
48007,4591,A05,0,A00,A0,A0,E0,0,0,2015,4,24,22,4,6,-1,4243
48013,4591,A05,0,A00,A0,A0,E0,0,0,2015,4,22,21,,3,-1,1991
48015,4591,A05,0,A00,A0,A0,E0,0,0,2015,4,31,21,3,13,-10,4828
48019,4591,A05,0,A00,A0,A0,E0,0,0,2015,4,,,,,,536
48021,4591,A05,0,A00,A0,A0,E0,0,0,2015,4,,,,,,2436
48025,4591,A05,0,A00,A0,A0,E0,0,0,2015,4,10,8,7,10,-2,877
48027,4591,A05,0,A00,A0,A0,E0,0,0,2015,4,415,459,161,117,44,1798
48029,4591,A05,0,A00,A0,A0,E0,0,0,2015,4,3475,3830,1307,952,355,1894
48031,4591,A05,0,A00,A0,A0,E0,0,0,2015,4,,,0,0,,1962
48037,4591,A05,0,A00,A0,A0,E0,0,0,2015,4,188,199,99,88,11,2416
48039,4591,A05,0,A00,A0,A0,E0,0,0,2015,4,269,288,94,76,18,2253
48041,4591,A05,0,A00,A0,A0,E0,0,0,2015,4,390,406,129,113,16,1810
48049,4591,A05,0,A00,A0,A0,E0,0,0,2015,4,42,38,16,20,-3,1309
48051,4591,A05,0,A00,A0,A0,E0,0,0,2015,4,,,,,,2770
48053,4591,A05,0,A00,A0,A0,E0,0,0,2015,4,8,8,3,3,0,957
48055,4591,A05,0,A00,A0,A0,E0,0,0,2015,4,,,0,,,464
48057,4591,A05,0,A00,A0,A0,E0,0,0,2015,4,,,,,,1105
48059,4591,A05,0,A00,A0,A0,E0,0,0,2015,4,,,0,0,,3709
48061,4591,A05,0,A00,A0,A0,E0,0,0,2015,4,540,602,224,163,62,1562
48067,4591,A05,0,A00,A0,A0,E0,0,0,2015,4,8,8,2,,0,1528
48069,4591,A05,0,A00,A0,A0,E0,0,0,2015,4,,,0,0,,1341
48073,4591,A05,0,A00,A0,A0,E0,0,0,2015,4,,,,,,1101
48075,4591,A05,0,A00,A0,A0,E0,0,0,2015,4,,,0,0,,5888
48085,4591,A05,0,A00,A0,A0,E0,0,0,2015,4,2218,2505,867,580,287,2197
48089,4591,A05,0,A00,A0,A0,E0,0,0,2015,4,10,9,,,-1,1520
48091,4591,A05,0,A00,A0,A0,E0,0,0,2015,4,193,197,55,51,4,1758
48097,4591,A05,0,A00,A0,A0,E0,0,0,2015,4,17,19,12,10,2,1080
48099,4591,A05,0,A00,A0,A0,E0,0,0,2015,4,15,16,3,,1,1181
48113,4591,A05,0,A00,A0,A0,E0,0,0,2015,4,4013,4403,1539,1149,390,2236
48117,4591,A05,0,A00,A0,A0,E0,0,0,2015,4,,,,,,1135
48121,4591,A05,0,A00,A0,A0,E0,0,0,2015,4,1045,1142,428,332,96,2070
48135,4591,A05,0,A00,A0,A0,E0,0,0,2015,4,350,362,138,125,12,2516
48139,4591,A05,0,A00,A0,A0,E0,0,0,2015,4,259,393,257,123,134,1853
48141,4591,A05,0,A00,A0,A0,E0,0,0,2015,4,1209,1373,517,353,164,1692
48143,4591,A05,0,A00,A0,A0,E0,0,0,2015,4,31,33,10,8,2,1453
48147,4591,A05,0,A00,A0,A0,E0,0,0,2015,4,,,0,,,1988
48157,4591,A05,0,A00,A0,A0,E0,0,0,2015,4,1054,1148,353,259,94,2784
48163,4591,A05,0,A00,A0,A0,E0,0,0,2015,4,,,,,,1485
48165,4591,A05,0,A00,A0,A0,E0,0,0,2015,4,,,,,,621
48167,4591,A05,0,A00,A0,A0,E0,0,0,2015,4,258,264,88,82,6,1719
48171,4591,A05,0,A00,A0,A0,E0,0,0,2015,4,20,21,11,10,1,1115
48175,4591,A05,0,A00,A0,A0,E0,0,0,2015,4,,,0,0,,1254
48177,4591,A05,0,A00,A0,A0,E0,0,0,2015,4,,,,,,2990
48179,4591,A05,0,A00,A0,A0,E0,0,0,2015,4,28,23,5,10,-5,1035
48181,4591,A05,0,A00,A0,A0,E0,0,0,2015,4,247,270,95,71,24,1966
48183,4591,A05,0,A00,A0,A0,E0,0,0,2015,4,309,338,123,94,29,2197
48185,4591,A05,0,A00,A0,A0,E0,0,0,2015,4,,,0,0,,15744
48187,4591,A05,0,A00,A0,A0,E0,0,0,2015,4,46,49,26,23,3,1482
48189,4591,A05,0,A00,A0,A0,E0,0,0,2015,4,,,,,,1242
48199,4591,A05,0,A00,A0,A0,E0,0,0,2015,4,15,18,8,5,3,1434
48201,4591,A05,0,A00,A0,A0,E0,0,0,2015,4,7682,8464,2864,2082,782,2232
48203,4591,A05,0,A00,A0,A0,E0,0,0,2015,4,38,29,10,19,-9,1677
48207,4591,A05,0,A00,A0,A0,E0,0,0,2015,4,,,0,0,,2233
48209,4591,A05,0,A00,A0,A0,E0,0,0,2015,4,745,782,299,261,38,1824
48213,4591,A05,0,A00,A0,A0,E0,0,0,2015,4,36,29,7,14,-7,815
48215,4591,A05,0,A00,A0,A0,E0,0,0,2015,4,1145,1265,437,317,120,1580
48217,4591,A05,0,A00,A0,A0,E0,0,0,2015,4,,,,0,,844
48219,4591,A05,0,A00,A0,A0,E0,0,0,2015,4,13,16,8,5,3,1341
48221,4591,A05,0,A00,A0,A0,E0,0,0,2015,4,37,34,8,10,-2,5159
48223,4591,A05,0,A00,A0,A0,E0,0,0,2015,4,38,39,7,6,1,2085
48225,4591,A05,0,A00,A0,A0,E0,0,0,2015,4,,,,,,1323
48227,4591,A05,0,A00,A0,A0,E0,0,0,2015,4,29,30,14,13,1,1395
48231,4591,A05,0,A00,A0,A0,E0,0,0,2015,4,47,46,11,12,-1,1620
48233,4591,A05,0,A00,A0,A0,E0,0,0,2015,4,,,,,,1450
48241,4591,A05,0,A00,A0,A0,E0,0,0,2015,4,,,,,,1121
48245,4591,A05,0,A00,A0,A0,E0,0,0,2015,4,305,336,147,115,31,2215
48249,4591,A05,0,A00,A0,A0,E0,0,0,2015,4,,,,,,1107
48251,4591,A05,0,A00,A0,A0,E0,0,0,2015,4,119,130,47,36,11,2012
48257,4591,A05,0,A00,A0,A0,E0,0,0,2015,4,15,18,8,6,3,1487
48259,4591,A05,0,A00,A0,A0,E0,0,0,2015,4,55,62,12,6,7,2101
48265,4591,A05,0,A00,A0,A0,E0,0,0,2015,4,42,42,9,8,0,1416
48267,4591,A05,0,A00,A0,A0,E0,0,0,2015,4,,,0,0,,4346
48273,4591,A05,0,A00,A0,A0,E0,0,0,2015,4,,,,,,978
48277,4591,A05,0,A00,A0,A0,E0,0,0,2015,4,55,50,11,16,-5,3188
48285,4591,A05,0,A00,A0,A0,E0,0,0,2015,4,4,4,0,0,0,2323
48287,4591,A05,0,A00,A0,A0,E0,0,0,2015,4,,,,,,1102
48289,4591,A05,0,A00,A0,A0,E0,0,0,2015,4,5,5,,,1,1891
48291,4591,A05,0,A00,A0,A0,E0,0,0,2015,4,15,17,9,8,1,1298
48293,4591,A05,0,A00,A0,A0,E0,0,0,2015,4,,,,,,1106
48299,4591,A05,0,A00,A0,A0,E0,0,0,2015,4,,,0,,,525
48303,4591,A05,0,A00,A0,A0,E0,0,0,2015,4,825,881,300,244,56,1938
48307,4591,A05,0,A00,A0,A0,E0,0,0,2015,4,,,0,0,,2542
48309,4591,A05,0,A00,A0,A0,E0,0,0,2015,4,396,451,168,113,55,1807
48313,4591,A05,0,A00,A0,A0,E0,0,0,2015,4,,,0,,,2072
48321,4591,A05,0,A00,A0,A0,E0,0,0,2015,4,17,18,6,4,2,1199
48323,4591,A05,0,A00,A0,A0,E0,0,0,2015,4,69,63,18,24,-6,1334
48325,4591,A05,0,A00,A0,A0,E0,0,0,2015,4,3,7,4,0,4,1981
48329,4591,A05,0,A00,A0,A0,E0,0,0,2015,4,313,400,210,122,87,2314
48339,4591,A05,0,A00,A0,A0,E0,0,0,2015,4,690,760,262,191,70,2460
48341,4591,A05,0,A00,A0,A0,E0,0,0,2015,4,,,,,,1382
48347,4591,A05,0,A00,A0,A0,E0,0,0,2015,4,99,107,28,20,8,2119
48349,4591,A05,0,A00,A0,A0,E0,0,0,2015,4,55,50,23,27,-4,1354
48353,4591,A05,0,A00,A0,A0,E0,0,0,2015,4,,,,,,1358
48355,4591,A05,0,A00,A0,A0,E0,0,0,2015,4,665,730,252,186,66,2095
48361,4591,A05,0,A00,A0,A0,E0,0,0,2015,4,35,30,7,13,-6,1728
48365,4591,A05,0,A00,A0,A0,E0,0,0,2015,4,18,17,6,7,0,1375
48367,4591,A05,0,A00,A0,A0,E0,0,0,2015,4,155,154,29,30,-1,2045
48369,4591,A05,0,A00,A0,A0,E0,0,0,2015,4,,,0,0,,1297
48373,4591,A05,0,A00,A0,A0,E0,0,0,2015,4,16,17,8,8,0,1288
48375,4591,A05,0,A00,A0,A0,E0,0,0,2015,4,263,327,162,99,63,1727
48379,4591,A05,0,A00,A0,A0,E0,0,0,2015,4,,,0,,,799
48381,4591,A05,0,A00,A0,A0,E0,0,0,2015,4,299,321,106,84,22,2077
48395,4591,A05,0,A00,A0,A0,E0,0,0,2015,4,,,,0,,4197
48397,4591,A05,0,A00,A0,A0,E0,0,0,2015,4,176,184,65,57,8,2066
48401,4591,A05,0,A00,A0,A0,E0,0,0,2015,4,,,,,,1243
48407,4591,A05,0,A00,A0,A0,E0,0,0,2015,4,,,0,0,,1503
48409,4591,A05,0,A00,A0,A0,E0,0,0,2015,4,99,95,38,42,-4,1552
48411,4591,A05,0,A00,A0,A0,E0,0,0,2015,4,0,,,0,,
48415,4591,A05,0,A00,A0,A0,E0,0,0,2015,4,,,,,,1235
48419,4591,A05,0,A00,A0,A0,E0,0,0,2015,4,,,,,,1368
48423,4591,A05,0,A00,A0,A0,E0,0,0,2015,4,442,474,159,127,32,1973
48427,4591,A05,0,A00,A0,A0,E0,0,0,2015,4,13,13,7,8,-1,1333
48439,4591,A05,0,A00,A0,A0,E0,0,0,2015,4,4460,4874,1675,1261,414,2353
48441,4591,A05,0,A00,A0,A0,E0,0,0,2015,4,258,288,121,91,30,1635
48449,4591,A05,0,A00,A0,A0,E0,0,0,2015,4,16,16,9,8,1,1171
48451,4591,A05,0,A00,A0,A0,E0,0,0,2015,4,234,256,84,62,22,2109
48453,4591,A05,0,A00,A0,A0,E0,0,0,2015,4,2423,2625,724,522,202,2227
48457,4591,A05,0,A00,A0,A0,E0,0,0,2015,4,,,,0,,1665
48463,4591,A05,0,A00,A0,A0,E0,0,0,2015,4,78,78,19,19,0,1999
48465,4591,A05,0,A00,A0,A0,E0,0,0,2015,4,20,21,10,8,2,1223
48467,4591,A05,0,A00,A0,A0,E0,0,0,2015,4,26,24,3,5,-2,2797
48469,4591,A05,0,A00,A0,A0,E0,0,0,2015,4,219,247,89,61,28,1871
48471,4591,A05,0,A00,A0,A0,E0,0,0,2015,4,120,122,37,34,2,2705
48475,4591,A05,0,A00,A0,A0,E0,0,0,2015,4,,,,,,1145
48477,4591,A05,0,A00,A0,A0,E0,0,0,2015,4,35,36,7,6,1,2274
48479,4591,A05,0,A00,A0,A0,E0,0,0,2015,4,338,399,168,108,61,1505
48481,4591,A05,0,A00,A0,A0,E0,0,0,2015,4,27,27,4,4,0,3052
48485,4591,A05,0,A00,A0,A0,E0,0,0,2015,4,241,272,104,73,31,1926
48487,4591,A05,0,A00,A0,A0,E0,0,0,2015,4,,,,,,1185
48491,4591,A05,0,A00,A0,A0,E0,0,0,2015,4,958,1030,325,252,73,1969
48497,4591,A05,0,A00,A0,A0,E0,0,0,2015,4,36,34,12,13,-2,2405
48499,4591,A05,0,A00,A0,A0,E0,0,0,2015,4,,,0,,,1964
48501,4591,A05,0,A00,A0,A0,E0,0,0,2015,4,,,0,,,542
48503,4591,A05,0,A00,A0,A0,E0,0,0,2015,4,,,,,,951
48505,4591,A05,0,A00,A0,A0,E0,0,0,2015,4,,0,0,,,331
48,4591,A05,0,A00,A0,A0,E0,0,0,2015,4,41792,45795,15888,11885,4003,2109
48001,4591,A05,0,A00,A0,A0,E0,0,0,2016,1,27,29,7,5,2,2569
48005,4591,A05,0,A00,A0,A0,E0,0,0,2016,1,106,102,14,19,-4,1975
48007,4591,A05,0,A00,A0,A0,E0,0,0,2016,1,22,23,4,4,1,2811
48013,4591,A05,0,A00,A0,A0,E0,0,0,2016,1,21,22,4,3,1,1814
48015,4591,A05,0,A00,A0,A0,E0,0,0,2016,1,7,7,,,0,1723
48019,4591,A05,0,A00,A0,A0,E0,0,0,2016,1,,,0,0,,668
48021,4591,A05,0,A00,A0,A0,E0,0,0,2016,1,57,51,9,15,-6,1961
48025,4591,A05,0,A00,A0,A0,E0,0,0,2016,1,,,,,,955
48027,4591,A05,0,A00,A0,A0,E0,0,0,2016,1,466,411,53,107,-55,1398
48029,4591,A05,0,A00,A0,A0,E0,0,0,2016,1,3833,3425,424,832,-408,1475
48031,4591,A05,0,A00,A0,A0,E0,0,0,2016,1,,,0,0,,1788
48037,4591,A05,0,A00,A0,A0,E0,0,0,2016,1,200,181,41,59,-18,2027
48039,4591,A05,0,A00,A0,A0,E0,0,0,2016,1,299,265,31,65,-34,1718
48041,4591,A05,0,A00,A0,A0,E0,0,0,2016,1,406,366,66,107,-41,1433
48049,4591,A05,0,A00,A0,A0,E0,0,0,2016,1,38,37,8,9,-2,1440
48051,4591,A05,0,A00,A0,A0,E0,0,0,2016,1,,,0,0,,2061
48053,4591,A05,0,A00,A0,A0,E0,0,0,2016,1,8,10,3,,2,651
48055,4591,A05,0,A00,A0,A0,E0,0,0,2016,1,,,,0,,575
48057,4591,A05,0,A00,A0,A0,E0,0,0,2016,1,,,,,,1234
48059,4591,A05,0,A00,A0,A0,E0,0,0,2016,1,,,0,0,,2402
48061,4591,A05,0,A00,A0,A0,E0,0,0,2016,1,601,540,57,118,-61,1215
48067,4591,A05,0,A00,A0,A0,E0,0,0,2016,1,8,6,,5,-2,960
48069,4591,A05,0,A00,A0,A0,E0,0,0,2016,1,,,0,0,,1117
48073,4591,A05,0,A00,A0,A0,E0,0,0,2016,1,,,,,,1063
48075,4591,A05,0,A00,A0,A0,E0,0,0,2016,1,,,,0,,3716
48085,4591,A05,0,A00,A0,A0,E0,0,0,2016,1,2517,2264,342,596,-253,1958
48089,4591,A05,0,A00,A0,A0,E0,0,0,2016,1,,,0,0,,1143
48091,4591,A05,0,A00,A0,A0,E0,0,0,2016,1,198,193,46,51,-4,1556
48097,4591,A05,0,A00,A0,A0,E0,0,0,2016,1,19,18,8,9,-1,865
48099,4591,A05,0,A00,A0,A0,E0,0,0,2016,1,16,18,4,,2,1381
48113,4591,A05,0,A00,A0,A0,E0,0,0,2016,1,4302,3820,443,925,-482,1916
48117,4591,A05,0,A00,A0,A0,E0,0,0,2016,1,,,,,,889
48121,4591,A05,0,A00,A0,A0,E0,0,0,2016,1,1161,1053,156,264,-108,1910
48135,4591,A05,0,A00,A0,A0,E0,0,0,2016,1,362,339,37,60,-23,2012
48139,4591,A05,0,A00,A0,A0,E0,0,0,2016,1,393,268,47,172,-125,1170
48141,4591,A05,0,A00,A0,A0,E0,0,0,2016,1,1403,1235,231,399,-168,1326
48143,4591,A05,0,A00,A0,A0,E0,0,0,2016,1,33,31,5,7,-2,1379
48147,4591,A05,0,A00,A0,A0,E0,0,0,2016,1,,,,,,2593
48157,4591,A05,0,A00,A0,A0,E0,0,0,2016,1,1160,1016,117,262,-145,2105
48163,4591,A05,0,A00,A0,A0,E0,0,0,2016,1,,,0,,,1740
48165,4591,A05,0,A00,A0,A0,E0,0,0,2016,1,,,,,,623
48167,4591,A05,0,A00,A0,A0,E0,0,0,2016,1,274,258,36,52,-16,1413
48171,4591,A05,0,A00,A0,A0,E0,0,0,2016,1,21,20,5,5,0,1088
48175,4591,A05,0,A00,A0,A0,E0,0,0,2016,1,,,0,0,,940
48177,4591,A05,0,A00,A0,A0,E0,0,0,2016,1,,,0,0,,3488
48179,4591,A05,0,A00,A0,A0,E0,0,0,2016,1,23,24,3,,1,1043
48181,4591,A05,0,A00,A0,A0,E0,0,0,2016,1,270,240,28,58,-30,1552
48183,4591,A05,0,A00,A0,A0,E0,0,0,2016,1,336,293,37,80,-44,1546
48185,4591,A05,0,A00,A0,A0,E0,0,0,2016,1,,,0,0,,5623
48187,4591,A05,0,A00,A0,A0,E0,0,0,2016,1,49,44,4,9,-5,1211
48189,4591,A05,0,A00,A0,A0,E0,0,0,2016,1,,,,,,988
48199,4591,A05,0,A00,A0,A0,E0,0,0,2016,1,18,17,,4,-1,1158
48201,4591,A05,0,A00,A0,A0,E0,0,0,2016,1,8452,7473,858,1837,-979,1734
48203,4591,A05,0,A00,A0,A0,E0,0,0,2016,1,29,28,3,4,-1,1802
48207,4591,A05,0,A00,A0,A0,E0,0,0,2016,1,,,0,0,,2259
48209,4591,A05,0,A00,A0,A0,E0,0,0,2016,1,788,839,270,219,51,1615
48213,4591,A05,0,A00,A0,A0,E0,0,0,2016,1,29,35,13,7,6,960
48215,4591,A05,0,A00,A0,A0,E0,0,0,2016,1,1239,1109,142,272,-130,1288
48217,4591,A05,0,A00,A0,A0,E0,0,0,2016,1,,,,0,,697
48219,4591,A05,0,A00,A0,A0,E0,0,0,2016,1,16,15,3,3,0,945
48221,4591,A05,0,A00,A0,A0,E0,0,0,2016,1,32,32,8,8,0,1318
48223,4591,A05,0,A00,A0,A0,E0,0,0,2016,1,39,38,,3,-1,1937
48225,4591,A05,0,A00,A0,A0,E0,0,0,2016,1,,,,,,1055
48227,4591,A05,0,A00,A0,A0,E0,0,0,2016,1,30,19,,13,-11,1172
48231,4591,A05,0,A00,A0,A0,E0,0,0,2016,1,46,42,4,8,-4,1711
48233,4591,A05,0,A00,A0,A0,E0,0,0,2016,1,,,,,,1351
48241,4591,A05,0,A00,A0,A0,E0,0,0,2016,1,7,7,0,,0,1637
48245,4591,A05,0,A00,A0,A0,E0,0,0,2016,1,337,285,43,94,-51,1696
48249,4591,A05,0,A00,A0,A0,E0,0,0,2016,1,,,,,,1024
48251,4591,A05,0,A00,A0,A0,E0,0,0,2016,1,130,117,11,25,-14,1655
48257,4591,A05,0,A00,A0,A0,E0,0,0,2016,1,18,17,3,3,0,1194
48259,4591,A05,0,A00,A0,A0,E0,0,0,2016,1,62,51,4,15,-11,1811
48265,4591,A05,0,A00,A0,A0,E0,0,0,2016,1,42,41,3,4,-1,1363
48267,4591,A05,0,A00,A0,A0,E0,0,0,2016,1,,,0,0,,4346
48273,4591,A05,0,A00,A0,A0,E0,0,0,2016,1,,,,,,875
48277,4591,A05,0,A00,A0,A0,E0,0,0,2016,1,50,51,10,9,1,1705
48285,4591,A05,0,A00,A0,A0,E0,0,0,2016,1,4,5,,,1,2258
48287,4591,A05,0,A00,A0,A0,E0,0,0,2016,1,,,0,0,,400
48289,4591,A05,0,A00,A0,A0,E0,0,0,2016,1,5,6,,,1,1560
48291,4591,A05,0,A00,A0,A0,E0,0,0,2016,1,17,15,3,5,-2,1127
48293,4591,A05,0,A00,A0,A0,E0,0,0,2016,1,,,,,,1017
48299,4591,A05,0,A00,A0,A0,E0,0,0,2016,1,,,0,0,,640
48303,4591,A05,0,A00,A0,A0,E0,0,0,2016,1,883,799,87,172,-85,1456
48307,4591,A05,0,A00,A0,A0,E0,0,0,2016,1,,,0,0,,2541
48309,4591,A05,0,A00,A0,A0,E0,0,0,2016,1,451,427,93,117,-24,1512
48313,4591,A05,0,A00,A0,A0,E0,0,0,2016,1,,,0,0,,1882
48321,4591,A05,0,A00,A0,A0,E0,0,0,2016,1,18,17,5,6,-1,1011
48323,4591,A05,0,A00,A0,A0,E0,0,0,2016,1,63,62,8,9,0,1258
48325,4591,A05,0,A00,A0,A0,E0,0,0,2016,1,7,7,,,0,1145
48329,4591,A05,0,A00,A0,A0,E0,0,0,2016,1,401,311,32,122,-91,1574
48339,4591,A05,0,A00,A0,A0,E0,0,0,2016,1,777,683,88,183,-94,1724
48341,4591,A05,0,A00,A0,A0,E0,0,0,2016,1,,,,,,1149
48347,4591,A05,0,A00,A0,A0,E0,0,0,2016,1,107,90,6,24,-18,1675
48349,4591,A05,0,A00,A0,A0,E0,0,0,2016,1,50,46,9,13,-5,1223
48353,4591,A05,0,A00,A0,A0,E0,0,0,2016,1,,,,,,1270
48355,4591,A05,0,A00,A0,A0,E0,0,0,2016,1,731,653,80,158,-78,1631
48361,4591,A05,0,A00,A0,A0,E0,0,0,2016,1,30,33,10,7,4,1709
48365,4591,A05,0,A00,A0,A0,E0,0,0,2016,1,17,17,7,7,0,1202
48367,4591,A05,0,A00,A0,A0,E0,0,0,2016,1,154,149,29,34,-5,1952
48369,4591,A05,0,A00,A0,A0,E0,0,0,2016,1,,,0,0,,1307
48373,4591,A05,0,A00,A0,A0,E0,0,0,2016,1,17,16,4,5,-1,1091
48375,4591,A05,0,A00,A0,A0,E0,0,0,2016,1,326,267,41,100,-59,1231
48379,4591,A05,0,A00,A0,A0,E0,0,0,2016,1,,,,,,969
48381,4591,A05,0,A00,A0,A0,E0,0,0,2016,1,321,289,27,58,-32,1638
48395,4591,A05,0,A00,A0,A0,E0,0,0,2016,1,,,,0,,3612
48397,4591,A05,0,A00,A0,A0,E0,0,0,2016,1,187,173,30,44,-14,1717
48401,4591,A05,0,A00,A0,A0,E0,0,0,2016,1,,,,,,1348
48407,4591,A05,0,A00,A0,A0,E0,0,0,2016,1,,,0,0,,449
48409,4591,A05,0,A00,A0,A0,E0,0,0,2016,1,95,93,20,22,-2,1322
48411,4591,A05,0,A00,A0,A0,E0,0,0,2016,1,,,0,0,,1074
48415,4591,A05,0,A00,A0,A0,E0,0,0,2016,1,,,,,,1026
48419,4591,A05,0,A00,A0,A0,E0,0,0,2016,1,,,,,,1264
48423,4591,A05,0,A00,A0,A0,E0,0,0,2016,1,484,430,66,119,-53,1584
48427,4591,A05,0,A00,A0,A0,E0,0,0,2016,1,13,12,,,0,1283
48439,4591,A05,0,A00,A0,A0,E0,0,0,2016,1,4904,4382,534,1055,-522,2194
48441,4591,A05,0,A00,A0,A0,E0,0,0,2016,1,279,249,41,72,-31,1264
48449,4591,A05,0,A00,A0,A0,E0,0,0,2016,1,16,16,3,3,0,1292
48451,4591,A05,0,A00,A0,A0,E0,0,0,2016,1,258,230,21,49,-28,1631
48453,4591,A05,0,A00,A0,A0,E0,0,0,2016,1,2633,2456,316,493,-178,1892
48457,4591,A05,0,A00,A0,A0,E0,0,0,2016,1,,,,,,1451
48463,4591,A05,0,A00,A0,A0,E0,0,0,2016,1,78,77,18,19,-1,1684
48465,4591,A05,0,A00,A0,A0,E0,0,0,2016,1,21,19,3,6,-3,1136
48467,4591,A05,0,A00,A0,A0,E0,0,0,2016,1,24,23,,2,-1,3253
48469,4591,A05,0,A00,A0,A0,E0,0,0,2016,1,247,211,23,60,-37,1345
48471,4591,A05,0,A00,A0,A0,E0,0,0,2016,1,122,119,15,18,-3,2167
48475,4591,A05,0,A00,A0,A0,E0,0,0,2016,1,,,,,,1229
48477,4591,A05,0,A00,A0,A0,E0,0,0,2016,1,36,31,4,9,-5,1803
48479,4591,A05,0,A00,A0,A0,E0,0,0,2016,1,399,345,30,83,-53,1128
48481,4591,A05,0,A00,A0,A0,E0,0,0,2016,1,27,28,4,3,1,2304
48485,4591,A05,0,A00,A0,A0,E0,0,0,2016,1,272,238,25,59,-34,1467
48487,4591,A05,0,A00,A0,A0,E0,0,0,2016,1,,,,,,1162
48491,4591,A05,0,A00,A0,A0,E0,0,0,2016,1,1046,923,97,220,-123,1461
48497,4591,A05,0,A00,A0,A0,E0,0,0,2016,1,34,33,6,7,-1,1796
48499,4591,A05,0,A00,A0,A0,E0,0,0,2016,1,,,,,,1778
48501,4591,A05,0,A00,A0,A0,E0,0,0,2016,1,,,0,0,,632
48503,4591,A05,0,A00,A0,A0,E0,0,0,2016,1,,,,,,1060
48505,4591,A05,0,A00,A0,A0,E0,0,0,2016,1,0,,,0,,
48,4591,A05,0,A00,A0,A0,E0,0,0,2016,1,45837,41094,5513,10256,-4743,1724
48001,4591,A05,0,A00,A0,A0,E0,0,0,2016,2,29,28,7,8,-1,2290
48005,4591,A05,0,A00,A0,A0,E0,0,0,2016,2,102,103,18,17,1,2271
48007,4591,A05,0,A00,A0,A0,E0,0,0,2016,2,23,26,6,3,3,3231
48013,4591,A05,0,A00,A0,A0,E0,0,0,2016,2,22,19,,4,-3,1740
48015,4591,A05,0,A00,A0,A0,E0,0,0,2016,2,7,5,0,,-2,1673
48019,4591,A05,0,A00,A0,A0,E0,0,0,2016,2,,,,0,,713
48021,4591,A05,0,A00,A0,A0,E0,0,0,2016,2,,,,,,2218
48025,4591,A05,0,A00,A0,A0,E0,0,0,2016,2,,,,,,941
48027,4591,A05,0,A00,A0,A0,E0,0,0,2016,2,406,397,70,79,-9,1612
48029,4591,A05,0,A00,A0,A0,E0,0,0,2016,2,3427,3348,587,666,-79,1703
48031,4591,A05,0,A00,A0,A0,E0,0,0,2016,2,,,0,0,,1815
48037,4591,A05,0,A00,A0,A0,E0,0,0,2016,2,178,173,40,44,-5,2670
48039,4591,A05,0,A00,A0,A0,E0,0,0,2016,2,260,246,39,54,-14,1986
48041,4591,A05,0,A00,A0,A0,E0,0,0,2016,2,370,359,60,72,-12,1648
48049,4591,A05,0,A00,A0,A0,E0,0,0,2016,2,37,36,10,11,-1,1326
48051,4591,A05,0,A00,A0,A0,E0,0,0,2016,2,,,0,0,,2239
48053,4591,A05,0,A00,A0,A0,E0,0,0,2016,2,10,8,,2,-2,698
48055,4591,A05,0,A00,A0,A0,E0,0,0,2016,2,,,,,,407
48057,4591,A05,0,A00,A0,A0,E0,0,0,2016,2,,,0,,,1458
48059,4591,A05,0,A00,A0,A0,E0,0,0,2016,2,,,,0,,2531
48061,4591,A05,0,A00,A0,A0,E0,0,0,2016,2,540,526,72,87,-15,1336
48067,4591,A05,0,A00,A0,A0,E0,0,0,2016,2,6,6,3,3,0,1117
48069,4591,A05,0,A00,A0,A0,E0,0,0,2016,2,,,0,0,,1584
48073,4591,A05,0,A00,A0,A0,E0,0,0,2016,2,,,,,,1106
48075,4591,A05,0,A00,A0,A0,E0,0,0,2016,2,,,0,0,,2671
48085,4591,A05,0,A00,A0,A0,E0,0,0,2016,2,2313,2353,521,480,41,2032
48089,4591,A05,0,A00,A0,A0,E0,0,0,2016,2,,,,,,1162
48091,4591,A05,0,A00,A0,A0,E0,0,0,2016,2,203,216,63,50,13,1690
48097,4591,A05,0,A00,A0,A0,E0,0,0,2016,2,18,19,9,8,1,1075
48099,4591,A05,0,A00,A0,A0,E0,0,0,2016,2,18,15,4,7,-4,1235
48113,4591,A05,0,A00,A0,A0,E0,0,0,2016,2,3694,3732,721,682,38,2166
48117,4591,A05,0,A00,A0,A0,E0,0,0,2016,2,,,,,,988
48121,4591,A05,0,A00,A0,A0,E0,0,0,2016,2,1059,1049,203,213,-9,2064
48135,4591,A05,0,A00,A0,A0,E0,0,0,2016,2,344,344,48,48,0,2032
48139,4591,A05,0,A00,A0,A0,E0,0,0,2016,2,268,261,42,49,-7,1663
48141,4591,A05,0,A00,A0,A0,E0,0,0,2016,2,1235,1158,148,225,-78,1735
48143,4591,A05,0,A00,A0,A0,E0,0,0,2016,2,31,32,6,4,1,1456
48147,4591,A05,0,A00,A0,A0,E0,0,0,2016,2,,,,0,,3172
48157,4591,A05,0,A00,A0,A0,E0,0,0,2016,2,1014,963,147,199,-51,2547
48163,4591,A05,0,A00,A0,A0,E0,0,0,2016,2,,,0,0,,2107
48165,4591,A05,0,A00,A0,A0,E0,0,0,2016,2,,,,,,653
48167,4591,A05,0,A00,A0,A0,E0,0,0,2016,2,251,254,60,57,3,1621
48171,4591,A05,0,A00,A0,A0,E0,0,0,2016,2,20,20,4,4,0,987
48175,4591,A05,0,A00,A0,A0,E0,0,0,2016,2,,,0,0,,1021
48177,4591,A05,0,A00,A0,A0,E0,0,0,2016,2,,,0,0,,2990
48179,4591,A05,0,A00,A0,A0,E0,0,0,2016,2,24,29,6,,4,1192
48181,4591,A05,0,A00,A0,A0,E0,0,0,2016,2,249,256,50,43,8,1796
48183,4591,A05,0,A00,A0,A0,E0,0,0,2016,2,303,317,76,62,14,1956
48185,4591,A05,0,A00,A0,A0,E0,0,0,2016,2,,0,0,,,5623
48187,4591,A05,0,A00,A0,A0,E0,0,0,2016,2,44,43,6,7,-1,1522
48189,4591,A05,0,A00,A0,A0,E0,0,0,2016,2,,,,,,1178
48199,4591,A05,0,A00,A0,A0,E0,0,0,2016,2,17,18,4,3,1,1296
48201,4591,A05,0,A00,A0,A0,E0,0,0,2016,2,7443,7132,1128,1439,-311,1993
48203,4591,A05,0,A00,A0,A0,E0,0,0,2016,2,28,31,7,4,3,1790
48207,4591,A05,0,A00,A0,A0,E0,0,0,2016,2,,,0,0,,2123
48209,4591,A05,0,A00,A0,A0,E0,0,0,2016,2,840,730,133,242,-109,1718
48213,4591,A05,0,A00,A0,A0,E0,0,0,2016,2,35,37,10,8,2,900
48215,4591,A05,0,A00,A0,A0,E0,0,0,2016,2,1109,1062,132,179,-47,1385
48217,4591,A05,0,A00,A0,A0,E0,0,0,2016,2,,,,0,,718
48219,4591,A05,0,A00,A0,A0,E0,0,0,2016,2,15,15,4,5,-1,1026
48221,4591,A05,0,A00,A0,A0,E0,0,0,2016,2,32,32,4,4,0,1314
48223,4591,A05,0,A00,A0,A0,E0,0,0,2016,2,38,37,,3,-1,2029
48225,4591,A05,0,A00,A0,A0,E0,0,0,2016,2,,,,,,1054
48227,4591,A05,0,A00,A0,A0,E0,0,0,2016,2,19,16,4,7,-3,1294
48231,4591,A05,0,A00,A0,A0,E0,0,0,2016,2,42,42,6,6,0,1788
48233,4591,A05,0,A00,A0,A0,E0,0,0,2016,2,,,,,,1372
48241,4591,A05,0,A00,A0,A0,E0,0,0,2016,2,7,8,,,1,1777
48245,4591,A05,0,A00,A0,A0,E0,0,0,2016,2,293,294,50,49,1,2213
48249,4591,A05,0,A00,A0,A0,E0,0,0,2016,2,,,,,,1201
48251,4591,A05,0,A00,A0,A0,E0,0,0,2016,2,117,116,15,16,-1,1879
48257,4591,A05,0,A00,A0,A0,E0,0,0,2016,2,18,16,3,5,-2,1306
48259,4591,A05,0,A00,A0,A0,E0,0,0,2016,2,51,46,6,11,-5,2137
48265,4591,A05,0,A00,A0,A0,E0,0,0,2016,2,41,39,6,8,-2,1310
48267,4591,A05,0,A00,A0,A0,E0,0,0,2016,2,,,0,0,,4346
48273,4591,A05,0,A00,A0,A0,E0,0,0,2016,2,,,,,,1092
48277,4591,A05,0,A00,A0,A0,E0,0,0,2016,2,51,54,13,10,3,1720
48285,4591,A05,0,A00,A0,A0,E0,0,0,2016,2,5,5,0,0,0,2227
48287,4591,A05,0,A00,A0,A0,E0,0,0,2016,2,,,,0,,363
48289,4591,A05,0,A00,A0,A0,E0,0,0,2016,2,6,8,3,,2,1278
48291,4591,A05,0,A00,A0,A0,E0,0,0,2016,2,15,15,4,4,0,1206
48293,4591,A05,0,A00,A0,A0,E0,0,0,2016,2,,,,,,887
48299,4591,A05,0,A00,A0,A0,E0,0,0,2016,2,,,0,0,,676
48303,4591,A05,0,A00,A0,A0,E0,0,0,2016,2,798,799,165,164,1,1651
48307,4591,A05,0,A00,A0,A0,E0,0,0,2016,2,,,0,0,,2495
48309,4591,A05,0,A00,A0,A0,E0,0,0,2016,2,435,420,69,83,-14,1644
48313,4591,A05,0,A00,A0,A0,E0,0,0,2016,2,,,0,0,,1877
48321,4591,A05,0,A00,A0,A0,E0,0,0,2016,2,17,18,5,5,0,1095
48323,4591,A05,0,A00,A0,A0,E0,0,0,2016,2,62,62,10,10,0,1227
48325,4591,A05,0,A00,A0,A0,E0,0,0,2016,2,7,6,,3,-1,1065
48329,4591,A05,0,A00,A0,A0,E0,0,0,2016,2,308,313,45,40,5,1961
48339,4591,A05,0,A00,A0,A0,E0,0,0,2016,2,684,659,106,131,-25,2194
48341,4591,A05,0,A00,A0,A0,E0,0,0,2016,2,,,,,,1217
48347,4591,A05,0,A00,A0,A0,E0,0,0,2016,2,90,86,6,10,-4,1994
48349,4591,A05,0,A00,A0,A0,E0,0,0,2016,2,46,44,9,11,-2,1329
48353,4591,A05,0,A00,A0,A0,E0,0,0,2016,2,,,,,,1019
48355,4591,A05,0,A00,A0,A0,E0,0,0,2016,2,659,652,96,102,-7,1868
48361,4591,A05,0,A00,A0,A0,E0,0,0,2016,2,33,37,18,14,4,1622
48365,4591,A05,0,A00,A0,A0,E0,0,0,2016,2,17,18,4,3,1,1226
48367,4591,A05,0,A00,A0,A0,E0,0,0,2016,2,149,145,20,24,-4,2063
48369,4591,A05,0,A00,A0,A0,E0,0,0,2016,2,,,0,0,,1304
48373,4591,A05,0,A00,A0,A0,E0,0,0,2016,2,16,27,15,4,11,1243
48375,4591,A05,0,A00,A0,A0,E0,0,0,2016,2,258,253,42,48,-5,1652
48379,4591,A05,0,A00,A0,A0,E0,0,0,2016,2,,0,,,,1181
48381,4591,A05,0,A00,A0,A0,E0,0,0,2016,2,305,305,51,51,0,1895
48395,4591,A05,0,A00,A0,A0,E0,0,0,2016,2,,,0,,,3074
48397,4591,A05,0,A00,A0,A0,E0,0,0,2016,2,184,176,39,48,-8,1934
48401,4591,A05,0,A00,A0,A0,E0,0,0,2016,2,,,,,,1286
48407,4591,A05,0,A00,A0,A0,E0,0,0,2016,2,,,0,0,,1172
48409,4591,A05,0,A00,A0,A0,E0,0,0,2016,2,93,90,13,16,-3,1378
48411,4591,A05,0,A00,A0,A0,E0,0,0,2016,2,,,0,0,,1218
48415,4591,A05,0,A00,A0,A0,E0,0,0,2016,2,,,,,,1129
48419,4591,A05,0,A00,A0,A0,E0,0,0,2016,2,,,,,,1297
48423,4591,A05,0,A00,A0,A0,E0,0,0,2016,2,427,413,82,95,-14,1916
48427,4591,A05,0,A00,A0,A0,E0,0,0,2016,2,13,12,,,0,1516
48439,4591,A05,0,A00,A0,A0,E0,0,0,2016,2,4457,4429,863,891,-28,2321
48441,4591,A05,0,A00,A0,A0,E0,0,0,2016,2,248,239,51,60,-9,1465
48449,4591,A05,0,A00,A0,A0,E0,0,0,2016,2,16,16,5,5,0,1203
48451,4591,A05,0,A00,A0,A0,E0,0,0,2016,2,228,225,26,29,-3,1907
48453,4591,A05,0,A00,A0,A0,E0,0,0,2016,2,2456,2467,436,425,11,2139
48457,4591,A05,0,A00,A0,A0,E0,0,0,2016,2,,,,,,1843
48463,4591,A05,0,A00,A0,A0,E0,0,0,2016,2,76,81,20,15,4,1818
48465,4591,A05,0,A00,A0,A0,E0,0,0,2016,2,19,15,4,8,-4,1294
48467,4591,A05,0,A00,A0,A0,E0,0,0,2016,2,23,23,2,,0,3094
48469,4591,A05,0,A00,A0,A0,E0,0,0,2016,2,205,199,31,37,-6,1596
48471,4591,A05,0,A00,A0,A0,E0,0,0,2016,2,119,105,19,33,-14,2252
48475,4591,A05,0,A00,A0,A0,E0,0,0,2016,2,,,,,,1234
48477,4591,A05,0,A00,A0,A0,E0,0,0,2016,2,31,29,6,9,-3,2017
48479,4591,A05,0,A00,A0,A0,E0,0,0,2016,2,345,334,37,49,-11,1343
48481,4591,A05,0,A00,A0,A0,E0,0,0,2016,2,28,29,4,4,0,2270
48485,4591,A05,0,A00,A0,A0,E0,0,0,2016,2,235,231,39,43,-4,1836
48487,4591,A05,0,A00,A0,A0,E0,0,0,2016,2,,,,,,1079
48491,4591,A05,0,A00,A0,A0,E0,0,0,2016,2,934,951,177,160,17,1817
48497,4591,A05,0,A00,A0,A0,E0,0,0,2016,2,33,35,8,7,2,2839
48499,4591,A05,0,A00,A0,A0,E0,0,0,2016,2,,,,0,,1860
48501,4591,A05,0,A00,A0,A0,E0,0,0,2016,2,,,,,,918
48503,4591,A05,0,A00,A0,A0,E0,0,0,2016,2,,,,,,1193
48505,4591,A05,0,A00,A0,A0,E0,0,0,2016,2,,,0,0,,162
48,4591,A05,0,A00,A0,A0,E0,0,0,2016,2,41118,40399,7192,7911,-719,1953
48001,4591,A05,0,A00,A0,A0,E0,0,0,2016,3,28,29,7,6,1,2237
48005,4591,A05,0,A00,A0,A0,E0,0,0,2016,3,103,107,24,20,4,2497
48007,4591,A05,0,A00,A0,A0,E0,0,0,2016,3,26,21,4,9,-5,2621
48013,4591,A05,0,A00,A0,A0,E0,0,0,2016,3,19,20,,,0,1877
48015,4591,A05,0,A00,A0,A0,E0,0,0,2016,3,5,5,3,3,0,1373
48019,4591,A05,0,A00,A0,A0,E0,0,0,2016,3,,,,,,459
48021,4591,A05,0,A00,A0,A0,E0,0,0,2016,3,52,56,24,20,4,2460
48025,4591,A05,0,A00,A0,A0,E0,0,0,2016,3,,,,,,1110
48027,4591,A05,0,A00,A0,A0,E0,0,0,2016,3,397,402,108,103,4,1810
48029,4591,A05,0,A00,A0,A0,E0,0,0,2016,3,3386,3386,811,811,0,1880
48031,4591,A05,0,A00,A0,A0,E0,0,0,2016,3,,,,,,598
48037,4591,A05,0,A00,A0,A0,E0,0,0,2016,3,173,189,62,46,16,2956
48039,4591,A05,0,A00,A0,A0,E0,0,0,2016,3,246,255,78,68,10,2205
48041,4591,A05,0,A00,A0,A0,E0,0,0,2016,3,358,381,113,91,23,1842
48049,4591,A05,0,A00,A0,A0,E0,0,0,2016,3,36,36,13,12,0,1535
48051,4591,A05,0,A00,A0,A0,E0,0,0,2016,3,,0,,,,1106
48053,4591,A05,0,A00,A0,A0,E0,0,0,2016,3,8,8,,2,-1,896
48055,4591,A05,0,A00,A0,A0,E0,0,0,2016,3,,,0,,,612
48057,4591,A05,0,A00,A0,A0,E0,0,0,2016,3,,,,0,,2444
48059,4591,A05,0,A00,A0,A0,E0,0,0,2016,3,,,0,0,,2220
48061,4591,A05,0,A00,A0,A0,E0,0,0,2016,3,525,535,104,94,10,1609
48067,4591,A05,0,A00,A0,A0,E0,0,0,2016,3,6,7,3,,1,917
48069,4591,A05,0,A00,A0,A0,E0,0,0,2016,3,,,0,0,,1468
48073,4591,A05,0,A00,A0,A0,E0,0,0,2016,3,,,,,,1203
48075,4591,A05,0,A00,A0,A0,E0,0,0,2016,3,,,0,0,,2671
48085,4591,A05,0,A00,A0,A0,E0,0,0,2016,3,2355,2374,704,685,19,2078
48089,4591,A05,0,A00,A0,A0,E0,0,0,2016,3,,,0,0,,1249
48091,4591,A05,0,A00,A0,A0,E0,0,0,2016,3,246,242,61,65,-4,1742
48097,4591,A05,0,A00,A0,A0,E0,0,0,2016,3,19,17,8,10,-2,1142
48099,4591,A05,0,A00,A0,A0,E0,0,0,2016,3,15,16,5,3,1,1721
48113,4591,A05,0,A00,A0,A0,E0,0,0,2016,3,3731,3732,965,964,1,2231
48117,4591,A05,0,A00,A0,A0,E0,0,0,2016,3,,,,,,1199
48121,4591,A05,0,A00,A0,A0,E0,0,0,2016,3,1050,1089,351,312,39,2109
48135,4591,A05,0,A00,A0,A0,E0,0,0,2016,3,344,340,80,84,-5,2293
48139,4591,A05,0,A00,A0,A0,E0,0,0,2016,3,261,278,88,72,16,1738
48141,4591,A05,0,A00,A0,A0,E0,0,0,2016,3,1157,1107,268,318,-50,1780
48143,4591,A05,0,A00,A0,A0,E0,0,0,2016,3,32,34,9,7,2,1420
48147,4591,A05,0,A00,A0,A0,E0,0,0,2016,3,,,,,,2674
48157,4591,A05,0,A00,A0,A0,E0,0,0,2016,3,958,1006,254,206,48,2793
48159,4591,A05,0,A00,A0,A0,E0,0,0,2016,3,,,0,,,5944
48163,4591,A05,0,A00,A0,A0,E0,0,0,2016,3,,,,,,2118
48165,4591,A05,0,A00,A0,A0,E0,0,0,2016,3,,,,,,810
48167,4591,A05,0,A00,A0,A0,E0,0,0,2016,3,254,290,125,90,35,1724
48171,4591,A05,0,A00,A0,A0,E0,0,0,2016,3,20,21,4,3,1,1086
48175,4591,A05,0,A00,A0,A0,E0,0,0,2016,3,,,,0,,1017
48177,4591,A05,0,A00,A0,A0,E0,0,0,2016,3,,,0,0,,3488
48179,4591,A05,0,A00,A0,A0,E0,0,0,2016,3,29,26,6,8,-3,1246
48181,4591,A05,0,A00,A0,A0,E0,0,0,2016,3,256,284,96,69,27,2030
48183,4591,A05,0,A00,A0,A0,E0,0,0,2016,3,317,345,110,81,28,2024
48187,4591,A05,0,A00,A0,A0,E0,0,0,2016,3,43,43,10,10,0,1764
48189,4591,A05,0,A00,A0,A0,E0,0,0,2016,3,,,,,,1097
48199,4591,A05,0,A00,A0,A0,E0,0,0,2016,3,18,18,4,4,-1,1380
48201,4591,A05,0,A00,A0,A0,E0,0,0,2016,3,7138,7310,1902,1730,172,2166
48203,4591,A05,0,A00,A0,A0,E0,0,0,2016,3,31,32,6,4,2,2025
48207,4591,A05,0,A00,A0,A0,E0,0,0,2016,3,,,0,0,,2271
48209,4591,A05,0,A00,A0,A0,E0,0,0,2016,3,730,714,162,178,-16,1974
48213,4591,A05,0,A00,A0,A0,E0,0,0,2016,3,37,45,20,11,8,912
48215,4591,A05,0,A00,A0,A0,E0,0,0,2016,3,1062,1074,276,265,11,1595
48217,4591,A05,0,A00,A0,A0,E0,0,0,2016,3,,,,,,858
48219,4591,A05,0,A00,A0,A0,E0,0,0,2016,3,15,16,5,4,1,1148
48221,4591,A05,0,A00,A0,A0,E0,0,0,2016,3,32,31,3,5,-1,1396
48223,4591,A05,0,A00,A0,A0,E0,0,0,2016,3,37,38,7,7,0,2330
48225,4591,A05,0,A00,A0,A0,E0,0,0,2016,3,,,,,,1209
48227,4591,A05,0,A00,A0,A0,E0,0,0,2016,3,16,20,9,6,4,1535
48231,4591,A05,0,A00,A0,A0,E0,0,0,2016,3,42,43,14,13,1,1611
48233,4591,A05,0,A00,A0,A0,E0,0,0,2016,3,,,,,,1565
48241,4591,A05,0,A00,A0,A0,E0,0,0,2016,3,8,9,,,1,1407
48245,4591,A05,0,A00,A0,A0,E0,0,0,2016,3,294,313,95,76,19,2433
48249,4591,A05,0,A00,A0,A0,E0,0,0,2016,3,,,,,,1243
48251,4591,A05,0,A00,A0,A0,E0,0,0,2016,3,116,117,28,27,1,2070
48257,4591,A05,0,A00,A0,A0,E0,0,0,2016,3,17,15,4,5,-2,1072
48259,4591,A05,0,A00,A0,A0,E0,0,0,2016,3,46,49,8,6,2,2448
48265,4591,A05,0,A00,A0,A0,E0,0,0,2016,3,39,42,5,2,3,1523
48267,4591,A05,0,A00,A0,A0,E0,0,0,2016,3,,0,0,,,1449
48273,4591,A05,0,A00,A0,A0,E0,0,0,2016,3,,,,,,1165
48277,4591,A05,0,A00,A0,A0,E0,0,0,2016,3,54,55,14,13,1,1851
48285,4591,A05,0,A00,A0,A0,E0,0,0,2016,3,5,4,0,,-1,2546
48287,4591,A05,0,A00,A0,A0,E0,0,0,2016,3,,,0,0,,751
48289,4591,A05,0,A00,A0,A0,E0,0,0,2016,3,8,5,,4,-4,1156
48291,4591,A05,0,A00,A0,A0,E0,0,0,2016,3,15,17,9,6,2,1313
48293,4591,A05,0,A00,A0,A0,E0,0,0,2016,3,,,,,,1056
48297,4591,A05,0,A00,A0,A0,E0,0,0,2016,3,0,,,0,,
48299,4591,A05,0,A00,A0,A0,E0,0,0,2016,3,,,0,0,,745
48303,4591,A05,0,A00,A0,A0,E0,0,0,2016,3,799,876,289,211,77,1774
48307,4591,A05,0,A00,A0,A0,E0,0,0,2016,3,,,0,0,,2715
48309,4591,A05,0,A00,A0,A0,E0,0,0,2016,3,420,413,122,130,-8,1785
48313,4591,A05,0,A00,A0,A0,E0,0,0,2016,3,,,0,0,,2068
48321,4591,A05,0,A00,A0,A0,E0,0,0,2016,3,18,18,5,4,1,1294
48323,4591,A05,0,A00,A0,A0,E0,0,0,2016,3,62,63,11,10,1,1450
48325,4591,A05,0,A00,A0,A0,E0,0,0,2016,3,6,7,,0,1,1224
48329,4591,A05,0,A00,A0,A0,E0,0,0,2016,3,313,311,90,92,-2,2125
48339,4591,A05,0,A00,A0,A0,E0,0,0,2016,3,660,700,197,157,40,2304
48341,4591,A05,0,A00,A0,A0,E0,0,0,2016,3,,,,,,1461
48347,4591,A05,0,A00,A0,A0,E0,0,0,2016,3,86,90,20,16,4,2118
48349,4591,A05,0,A00,A0,A0,E0,0,0,2016,3,44,54,21,11,10,1595
48353,4591,A05,0,A00,A0,A0,E0,0,0,2016,3,,,,,,1336
48355,4591,A05,0,A00,A0,A0,E0,0,0,2016,3,651,673,144,123,21,2076
48361,4591,A05,0,A00,A0,A0,E0,0,0,2016,3,37,36,9,9,-1,1635
48365,4591,A05,0,A00,A0,A0,E0,0,0,2016,3,18,19,6,5,1,1420
48367,4591,A05,0,A00,A0,A0,E0,0,0,2016,3,145,141,34,39,-4,2004
48369,4591,A05,0,A00,A0,A0,E0,0,0,2016,3,,,0,,,818
48373,4591,A05,0,A00,A0,A0,E0,0,0,2016,3,27,30,10,7,3,1601
48375,4591,A05,0,A00,A0,A0,E0,0,0,2016,3,252,259,54,47,7,1742
48381,4591,A05,0,A00,A0,A0,E0,0,0,2016,3,305,323,91,73,18,2030
48395,4591,A05,0,A00,A0,A0,E0,0,0,2016,3,,,0,0,,3856
48397,4591,A05,0,A00,A0,A0,E0,0,0,2016,3,176,184,68,60,8,2009
48401,4591,A05,0,A00,A0,A0,E0,0,0,2016,3,,,,,,1308
48407,4591,A05,0,A00,A0,A0,E0,0,0,2016,3,,0,0,,,652
48409,4591,A05,0,A00,A0,A0,E0,0,0,2016,3,90,91,24,23,1,1651
48411,4591,A05,0,A00,A0,A0,E0,0,0,2016,3,,,0,0,,1218
48415,4591,A05,0,A00,A0,A0,E0,0,0,2016,3,,,,,,1231
48419,4591,A05,0,A00,A0,A0,E0,0,0,2016,3,,,,,,1558
48423,4591,A05,0,A00,A0,A0,E0,0,0,2016,3,413,431,134,117,18,1981
48427,4591,A05,0,A00,A0,A0,E0,0,0,2016,3,12,13,,,1,1799
48439,4591,A05,0,A00,A0,A0,E0,0,0,2016,3,4432,4612,1368,1189,180,2335
48441,4591,A05,0,A00,A0,A0,E0,0,0,2016,3,239,254,81,67,14,1653
48449,4591,A05,0,A00,A0,A0,E0,0,0,2016,3,16,15,5,6,-1,1289
48451,4591,A05,0,A00,A0,A0,E0,0,0,2016,3,225,235,63,53,10,2058
48453,4591,A05,0,A00,A0,A0,E0,0,0,2016,3,2443,2488,558,513,45,2214
48457,4591,A05,0,A00,A0,A0,E0,0,0,2016,3,,,,,,2059
48463,4591,A05,0,A00,A0,A0,E0,0,0,2016,3,81,82,21,20,1,1925
48465,4591,A05,0,A00,A0,A0,E0,0,0,2016,3,15,21,10,5,6,1354
48467,4591,A05,0,A00,A0,A0,E0,0,0,2016,3,23,23,2,,1,3543
48469,4591,A05,0,A00,A0,A0,E0,0,0,2016,3,199,189,51,61,-10,1729
48471,4591,A05,0,A00,A0,A0,E0,0,0,2016,3,105,116,47,36,10,2785
48475,4591,A05,0,A00,A0,A0,E0,0,0,2016,3,,,,,,1068
48477,4591,A05,0,A00,A0,A0,E0,0,0,2016,3,28,35,14,7,6,2636
48479,4591,A05,0,A00,A0,A0,E0,0,0,2016,3,334,333,71,72,-1,1534
48481,4591,A05,0,A00,A0,A0,E0,0,0,2016,3,29,29,5,5,0,2574
48485,4591,A05,0,A00,A0,A0,E0,0,0,2016,3,231,232,66,65,1,1892
48487,4591,A05,0,A00,A0,A0,E0,0,0,2016,3,,,,,,1180
48491,4591,A05,0,A00,A0,A0,E0,0,0,2016,3,949,946,252,254,-3,1861
48497,4591,A05,0,A00,A0,A0,E0,0,0,2016,3,24,23,5,7,-1,1945
48499,4591,A05,0,A00,A0,A0,E0,0,0,2016,3,,,,,,1934
48501,4591,A05,0,A00,A0,A0,E0,0,0,2016,3,,,,,,1098
48503,4591,A05,0,A00,A0,A0,E0,0,0,2016,3,,,,,,1362
48505,4591,A05,0,A00,A0,A0,E0,0,0,2016,3,,0,0,,,177
48,4591,A05,0,A00,A0,A0,E0,0,0,2016,3,40447,41304,11102,10245,857,2076
48001,4591,A05,0,A00,A0,A0,E0,0,0,2016,4,29,28,7,7,0,2245
48005,4591,A05,0,A00,A0,A0,E0,0,0,2016,4,107,105,24,26,-2,2313
48007,4591,A05,0,A00,A0,A0,E0,0,0,2016,4,21,23,6,4,2,3693
48013,4591,A05,0,A00,A0,A0,E0,0,0,2016,4,20,18,,3,-1,1836
48015,4591,A05,0,A00,A0,A0,E0,0,0,2016,4,5,7,4,,2,2250
48019,4591,A05,0,A00,A0,A0,E0,0,0,2016,4,,,0,0,,444
48021,4591,A05,0,A00,A0,A0,E0,0,0,2016,4,56,54,15,17,-2,2756
48023,4591,A05,0,A00,A0,A0,E0,0,0,2016,4,0,,,0,,
48025,4591,A05,0,A00,A0,A0,E0,0,0,2016,4,,,,,,1131
48027,4591,A05,0,A00,A0,A0,E0,0,0,2016,4,401,431,135,105,30,1845
48029,4591,A05,0,A00,A0,A0,E0,0,0,2016,4,3377,3575,1065,867,198,1910
48031,4591,A05,0,A00,A0,A0,E0,0,0,2016,4,,,0,,,1090
48037,4591,A05,0,A00,A0,A0,E0,0,0,2016,4,193,211,95,77,18,2934
48039,4591,A05,0,A00,A0,A0,E0,0,0,2016,4,256,260,71,66,5,2279
48041,4591,A05,0,A00,A0,A0,E0,0,0,2016,4,381,395,125,111,14,1776
48049,4591,A05,0,A00,A0,A0,E0,0,0,2016,4,36,38,9,7,2,1436
48053,4591,A05,0,A00,A0,A0,E0,0,0,2016,4,8,8,3,3,0,854
48055,4591,A05,0,A00,A0,A0,E0,0,0,2016,4,,,0,0,,763
48057,4591,A05,0,A00,A0,A0,E0,0,0,2016,4,,,0,0,,2063
48059,4591,A05,0,A00,A0,A0,E0,0,0,2016,4,,,0,0,,2744
48061,4591,A05,0,A00,A0,A0,E0,0,0,2016,4,535,546,116,105,11,1521
48067,4591,A05,0,A00,A0,A0,E0,0,0,2016,4,7,8,3,,1,1357
48069,4591,A05,0,A00,A0,A0,E0,0,0,2016,4,,,,,,1762
48073,4591,A05,0,A00,A0,A0,E0,0,0,2016,4,,,,,,1310
48075,4591,A05,0,A00,A0,A0,E0,0,0,2016,4,,,0,0,,3829
48085,4591,A05,0,A00,A0,A0,E0,0,0,2016,4,2372,2600,826,598,228,2083
48089,4591,A05,0,A00,A0,A0,E0,0,0,2016,4,9,11,3,,2,1308
48091,4591,A05,0,A00,A0,A0,E0,0,0,2016,4,242,240,62,64,-2,1706
48097,4591,A05,0,A00,A0,A0,E0,0,0,2016,4,17,20,10,7,2,1250
48099,4591,A05,0,A00,A0,A0,E0,0,0,2016,4,16,14,,3,-2,1567
48113,4591,A05,0,A00,A0,A0,E0,0,0,2016,4,3732,4119,1416,1029,387,2376
48117,4591,A05,0,A00,A0,A0,E0,0,0,2016,4,,,,,,1013
48121,4591,A05,0,A00,A0,A0,E0,0,0,2016,4,1089,1161,358,287,72,2082
48135,4591,A05,0,A00,A0,A0,E0,0,0,2016,4,340,328,67,79,-12,2706
48139,4591,A05,0,A00,A0,A0,E0,0,0,2016,4,278,462,328,144,184,1762
48141,4591,A05,0,A00,A0,A0,E0,0,0,2016,4,1108,1379,581,310,271,1717
48143,4591,A05,0,A00,A0,A0,E0,0,0,2016,4,34,33,7,8,-1,1540
48147,4591,A05,0,A00,A0,A0,E0,0,0,2016,4,,,,,,2277
48157,4591,A05,0,A00,A0,A0,E0,0,0,2016,4,1067,1208,423,282,141,2722
48159,4591,A05,0,A00,A0,A0,E0,0,0,2016,4,,,,,,7140
48163,4591,A05,0,A00,A0,A0,E0,0,0,2016,4,,,,,,2053
48165,4591,A05,0,A00,A0,A0,E0,0,0,2016,4,,,0,0,,929
48167,4591,A05,0,A00,A0,A0,E0,0,0,2016,4,290,349,181,121,60,1703
48171,4591,A05,0,A00,A0,A0,E0,0,0,2016,4,21,22,6,5,1,1067
48175,4591,A05,0,A00,A0,A0,E0,0,0,2016,4,,,0,,,830
48177,4591,A05,0,A00,A0,A0,E0,0,0,2016,4,,0,0,,,3488
48179,4591,A05,0,A00,A0,A0,E0,0,0,2016,4,26,26,3,3,0,1144
48181,4591,A05,0,A00,A0,A0,E0,0,0,2016,4,284,298,107,93,14,1899
48183,4591,A05,0,A00,A0,A0,E0,0,0,2016,4,339,366,126,99,27,2174
48185,4591,A05,0,A00,A0,A0,E0,0,0,2016,4,0,0,,,0,
48187,4591,A05,0,A00,A0,A0,E0,0,0,2016,4,43,47,23,19,3,1454
48189,4591,A05,0,A00,A0,A0,E0,0,0,2016,4,,,,,,1487
48199,4591,A05,0,A00,A0,A0,E0,0,0,2016,4,18,16,5,6,-1,1544
48201,4591,A05,0,A00,A0,A0,E0,0,0,2016,4,7258,8326,3099,2031,1068,2203
48203,4591,A05,0,A00,A0,A0,E0,0,0,2016,4,32,30,6,9,-2,1758
48207,4591,A05,0,A00,A0,A0,E0,0,0,2016,4,,,0,0,,2271
48209,4591,A05,0,A00,A0,A0,E0,0,0,2016,4,714,741,188,161,27,1819
48213,4591,A05,0,A00,A0,A0,E0,0,0,2016,4,45,42,11,15,-4,772
48215,4591,A05,0,A00,A0,A0,E0,0,0,2016,4,1073,1163,349,259,90,1522
48217,4591,A05,0,A00,A0,A0,E0,0,0,2016,4,,,,,,841
48219,4591,A05,0,A00,A0,A0,E0,0,0,2016,4,16,15,5,6,-1,988
48221,4591,A05,0,A00,A0,A0,E0,0,0,2016,4,31,31,9,9,0,1486
48223,4591,A05,0,A00,A0,A0,E0,0,0,2016,4,38,39,8,7,1,2063
48225,4591,A05,0,A00,A0,A0,E0,0,0,2016,4,,,,,,1406
48227,4591,A05,0,A00,A0,A0,E0,0,0,2016,4,20,21,8,7,1,1455
48231,4591,A05,0,A00,A0,A0,E0,0,0,2016,4,43,49,13,7,6,1754
48233,4591,A05,0,A00,A0,A0,E0,0,0,2016,4,,,,,,1591
48239,4591,A05,0,A00,A0,A0,E0,0,0,2016,4,0,,,0,,
48241,4591,A05,0,A00,A0,A0,E0,0,0,2016,4,9,9,,,0,1246
48245,4591,A05,0,A00,A0,A0,E0,0,0,2016,4,313,337,118,94,24,2364
48249,4591,A05,0,A00,A0,A0,E0,0,0,2016,4,,,,,,1338
48251,4591,A05,0,A00,A0,A0,E0,0,0,2016,4,117,125,36,27,9,2106
48257,4591,A05,0,A00,A0,A0,E0,0,0,2016,4,15,15,8,8,0,1492
48259,4591,A05,0,A00,A0,A0,E0,0,0,2016,4,49,49,9,8,1,2246
48265,4591,A05,0,A00,A0,A0,E0,0,0,2016,4,42,42,8,8,0,1510
48273,4591,A05,0,A00,A0,A0,E0,0,0,2016,4,,,,,,1441
48277,4591,A05,0,A00,A0,A0,E0,0,0,2016,4,55,50,15,20,-5,3300
48285,4591,A05,0,A00,A0,A0,E0,0,0,2016,4,4,5,,0,1,3017
48287,4591,A05,0,A00,A0,A0,E0,0,0,2016,4,,0,0,,,584
48289,4591,A05,0,A00,A0,A0,E0,0,0,2016,4,,,,,,1440
48291,4591,A05,0,A00,A0,A0,E0,0,0,2016,4,17,20,10,7,3,1295
48293,4591,A05,0,A00,A0,A0,E0,0,0,2016,4,,,,,,913
48297,4591,A05,0,A00,A0,A0,E0,0,0,2016,4,,,0,0,,618
48299,4591,A05,0,A00,A0,A0,E0,0,0,2016,4,,,,0,,678
48303,4591,A05,0,A00,A0,A0,E0,0,0,2016,4,876,926,263,213,49,2002
48307,4591,A05,0,A00,A0,A0,E0,0,0,2016,4,,,0,0,,2747
48309,4591,A05,0,A00,A0,A0,E0,0,0,2016,4,413,441,152,124,28,1714
48313,4591,A05,0,A00,A0,A0,E0,0,0,2016,4,,,0,0,,1905
48321,4591,A05,0,A00,A0,A0,E0,0,0,2016,4,18,20,7,6,1,1273
48323,4591,A05,0,A00,A0,A0,E0,0,0,2016,4,63,63,12,12,0,1321
48325,4591,A05,0,A00,A0,A0,E0,0,0,2016,4,7,7,0,0,0,1166
48329,4591,A05,0,A00,A0,A0,E0,0,0,2016,4,311,364,166,112,54,2016
48339,4591,A05,0,A00,A0,A0,E0,0,0,2016,4,704,849,363,217,145,2342
48341,4591,A05,0,A00,A0,A0,E0,0,0,2016,4,,,,,,1496
48347,4591,A05,0,A00,A0,A0,E0,0,0,2016,4,90,100,36,26,10,2132
48349,4591,A05,0,A00,A0,A0,E0,0,0,2016,4,54,51,18,21,-2,1456
48353,4591,A05,0,A00,A0,A0,E0,0,0,2016,4,,,,,,1309
48355,4591,A05,0,A00,A0,A0,E0,0,0,2016,4,672,735,234,171,63,2053
48361,4591,A05,0,A00,A0,A0,E0,0,0,2016,4,36,32,4,9,-5,1455
48365,4591,A05,0,A00,A0,A0,E0,0,0,2016,4,19,17,6,8,-2,1372
48367,4591,A05,0,A00,A0,A0,E0,0,0,2016,4,141,140,29,30,-1,2056
48369,4591,A05,0,A00,A0,A0,E0,0,0,2016,4,,,0,0,,1356
48373,4591,A05,0,A00,A0,A0,E0,0,0,2016,4,30,34,13,9,4,1474
48375,4591,A05,0,A00,A0,A0,E0,0,0,2016,4,259,329,148,79,70,1751
48377,4591,A05,0,A00,A0,A0,E0,0,0,2016,4,0,,,,,
48381,4591,A05,0,A00,A0,A0,E0,0,0,2016,4,323,331,96,88,8,1874
48395,4591,A05,0,A00,A0,A0,E0,0,0,2016,4,,,,,,3779
48397,4591,A05,0,A00,A0,A0,E0,0,0,2016,4,184,200,63,47,16,2169
48401,4591,A05,0,A00,A0,A0,E0,0,0,2016,4,,,,,,1319
48409,4591,A05,0,A00,A0,A0,E0,0,0,2016,4,91,85,21,27,-6,1575
48411,4591,A05,0,A00,A0,A0,E0,0,0,2016,4,,,0,0,,1218
48415,4591,A05,0,A00,A0,A0,E0,0,0,2016,4,,,,,,1210
48419,4591,A05,0,A00,A0,A0,E0,0,0,2016,4,,,,,,1448
48423,4591,A05,0,A00,A0,A0,E0,0,0,2016,4,431,465,159,124,35,1895
48427,4591,A05,0,A00,A0,A0,E0,0,0,2016,4,13,11,4,6,-1,1161
48439,4591,A05,0,A00,A0,A0,E0,0,0,2016,4,4626,5057,1664,1233,431,2430
48441,4591,A05,0,A00,A0,A0,E0,0,0,2016,4,255,267,86,73,12,1523
48449,4591,A05,0,A00,A0,A0,E0,0,0,2016,4,15,17,8,6,1,1270
48451,4591,A05,0,A00,A0,A0,E0,0,0,2016,4,235,236,53,53,1,1886
48453,4591,A05,0,A00,A0,A0,E0,0,0,2016,4,2459,2606,652,505,147,2173
48457,4591,A05,0,A00,A0,A0,E0,0,0,2016,4,,,0,0,,1991
48463,4591,A05,0,A00,A0,A0,E0,0,0,2016,4,82,79,13,16,-3,2008
48465,4591,A05,0,A00,A0,A0,E0,0,0,2016,4,21,18,7,9,-3,1249
48467,4591,A05,0,A00,A0,A0,E0,0,0,2016,4,23,22,,3,-2,3166
48469,4591,A05,0,A00,A0,A0,E0,0,0,2016,4,189,208,66,46,19,1863
48471,4591,A05,0,A00,A0,A0,E0,0,0,2016,4,116,111,23,27,-4,2918
48475,4591,A05,0,A00,A0,A0,E0,0,0,2016,4,,,,,,1381
48477,4591,A05,0,A00,A0,A0,E0,0,0,2016,4,35,40,12,8,5,2444
48479,4591,A05,0,A00,A0,A0,E0,0,0,2016,4,333,392,136,77,59,1491
48481,4591,A05,0,A00,A0,A0,E0,0,0,2016,4,29,28,5,6,-1,2523
48485,4591,A05,0,A00,A0,A0,E0,0,0,2016,4,232,263,81,50,31,1777
48487,4591,A05,0,A00,A0,A0,E0,0,0,2016,4,,,,,,1035
48491,4591,A05,0,A00,A0,A0,E0,0,0,2016,4,942,1046,323,219,104,2047
48497,4591,A05,0,A00,A0,A0,E0,0,0,2016,4,23,24,8,6,1,1765
48499,4591,A05,0,A00,A0,A0,E0,0,0,2016,4,,,,,,2227
48501,4591,A05,0,A00,A0,A0,E0,0,0,2016,4,,,0,0,,780
48503,4591,A05,0,A00,A0,A0,E0,0,0,2016,4,,,,,,1201
48,4591,A05,0,A00,A0,A0,E0,0,0,2016,4,41283,45436,15169,11016,4152,2109
48001,4591,A05,0,A00,A0,A0,E0,0,0,2017,1,28,30,7,5,1,2354
48005,4591,A05,0,A00,A0,A0,E0,0,0,2017,1,105,93,11,22,-11,2168
48007,4591,A05,0,A00,A0,A0,E0,0,0,2017,1,23,20,0,3,-3,2858
48013,4591,A05,0,A00,A0,A0,E0,0,0,2017,1,18,13,,6,-5,1663
48015,4591,A05,0,A00,A0,A0,E0,0,0,2017,1,7,7,,,0,1163
48019,4591,A05,0,A00,A0,A0,E0,0,0,2017,1,,,,0,,581
48021,4591,A05,0,A00,A0,A0,E0,0,0,2017,1,54,56,16,15,1,1788
48023,4591,A05,0,A00,A0,A0,E0,0,0,2017,1,,,0,0,,6087
48025,4591,A05,0,A00,A0,A0,E0,0,0,2017,1,,,,,,975
48027,4591,A05,0,A00,A0,A0,E0,0,0,2017,1,430,379,52,103,-51,1532
48029,4591,A05,0,A00,A0,A0,E0,0,0,2017,1,3546,3138,396,804,-408,1618
48031,4591,A05,0,A00,A0,A0,E0,0,0,2017,1,,,,,,2049
48037,4591,A05,0,A00,A0,A0,E0,0,0,2017,1,228,202,34,61,-26,2264
48039,4591,A05,0,A00,A0,A0,E0,0,0,2017,1,288,263,30,55,-25,1763
48041,4591,A05,0,A00,A0,A0,E0,0,0,2017,1,415,354,52,113,-61,1487
48049,4591,A05,0,A00,A0,A0,E0,0,0,2017,1,38,35,9,11,-2,1285
48053,4591,A05,0,A00,A0,A0,E0,0,0,2017,1,8,6,,2,-1,850
48055,4591,A05,0,A00,A0,A0,E0,0,0,2017,1,5,5,,,0,934
48057,4591,A05,0,A00,A0,A0,E0,0,0,2017,1,,,0,,,1895
48059,4591,A05,0,A00,A0,A0,E0,0,0,2017,1,,,0,0,,2142
48061,4591,A05,0,A00,A0,A0,E0,0,0,2017,1,547,493,50,104,-54,1338
48067,4591,A05,0,A00,A0,A0,E0,0,0,2017,1,8,8,5,4,0,1086
48069,4591,A05,0,A00,A0,A0,E0,0,0,2017,1,,,0,0,,1353
48073,4591,A05,0,A00,A0,A0,E0,0,0,2017,1,,,,,,1114
48075,4591,A05,0,A00,A0,A0,E0,0,0,2017,1,,,0,0,,2721
48085,4591,A05,0,A00,A0,A0,E0,0,0,2017,1,2809,2473,305,641,-336,2276
48089,4591,A05,0,A00,A0,A0,E0,0,0,2017,1,11,11,,,0,1129
48091,4591,A05,0,A00,A0,A0,E0,0,0,2017,1,241,240,59,61,-1,1588
48097,4591,A05,0,A00,A0,A0,E0,0,0,2017,1,20,20,6,5,1,1309
48099,4591,A05,0,A00,A0,A0,E0,0,0,2017,1,14,15,4,3,1,1792
48113,4591,A05,0,A00,A0,A0,E0,0,0,2017,1,4238,3663,478,1053,-575,2095
48117,4591,A05,0,A00,A0,A0,E0,0,0,2017,1,,,0,,,983
48121,4591,A05,0,A00,A0,A0,E0,0,0,2017,1,1230,1098,162,293,-131,2231
48135,4591,A05,0,A00,A0,A0,E0,0,0,2017,1,297,283,37,51,-14,2492
48139,4591,A05,0,A00,A0,A0,E0,0,0,2017,1,462,272,39,228,-190,1051
48141,4591,A05,0,A00,A0,A0,E0,0,0,2017,1,1387,1074,111,424,-313,1317
48143,4591,A05,0,A00,A0,A0,E0,0,0,2017,1,33,35,9,8,2,1495
48147,4591,A05,0,A00,A0,A0,E0,0,0,2017,1,,,0,,,3199
48157,4591,A05,0,A00,A0,A0,E0,0,0,2017,1,1195,1033,110,272,-162,2265
48159,4591,A05,0,A00,A0,A0,E0,0,0,2017,1,,,,,,3054
48163,4591,A05,0,A00,A0,A0,E0,0,0,2017,1,,,,,,2083
48165,4591,A05,0,A00,A0,A0,E0,0,0,2017,1,,,,,,1075
48167,4591,A05,0,A00,A0,A0,E0,0,0,2017,1,376,325,40,91,-51,1490
48171,4591,A05,0,A00,A0,A0,E0,0,0,2017,1,22,23,5,4,1,905
48175,4591,A05,0,A00,A0,A0,E0,0,0,2017,1,,,0,0,,1177
48179,4591,A05,0,A00,A0,A0,E0,0,0,2017,1,26,26,,,0,939
48181,4591,A05,0,A00,A0,A0,E0,0,0,2017,1,298,244,19,74,-54,1650
48183,4591,A05,0,A00,A0,A0,E0,0,0,2017,1,362,307,41,95,-54,1698
48187,4591,A05,0,A00,A0,A0,E0,0,0,2017,1,47,41,4,10,-6,1478
48189,4591,A05,0,A00,A0,A0,E0,0,0,2017,1,,,,,,1077
48199,4591,A05,0,A00,A0,A0,E0,0,0,2017,1,16,17,5,5,0,1461
48201,4591,A05,0,A00,A0,A0,E0,0,0,2017,1,8207,7007,812,2012,-1200,1765
48203,4591,A05,0,A00,A0,A0,E0,0,0,2017,1,30,30,7,6,0,2148
48207,4591,A05,0,A00,A0,A0,E0,0,0,2017,1,,,0,0,,2271
48209,4591,A05,0,A00,A0,A0,E0,0,0,2017,1,741,713,107,135,-28,1856
48213,4591,A05,0,A00,A0,A0,E0,0,0,2017,1,42,41,11,11,0,789
48215,4591,A05,0,A00,A0,A0,E0,0,0,2017,1,1161,981,92,273,-180,1317
48217,4591,A05,0,A00,A0,A0,E0,0,0,2017,1,,,,,,604
48219,4591,A05,0,A00,A0,A0,E0,0,0,2017,1,15,14,,3,-1,928
48221,4591,A05,0,A00,A0,A0,E0,0,0,2017,1,45,47,10,8,2,2128
48223,4591,A05,0,A00,A0,A0,E0,0,0,2017,1,39,37,5,7,-2,1886
48225,4591,A05,0,A00,A0,A0,E0,0,0,2017,1,,,,,,1149
48227,4591,A05,0,A00,A0,A0,E0,0,0,2017,1,21,15,3,9,-5,1198
48231,4591,A05,0,A00,A0,A0,E0,0,0,2017,1,49,52,9,6,3,1747
48233,4591,A05,0,A00,A0,A0,E0,0,0,2017,1,,,,,,1393
48239,4591,A05,0,A00,A0,A0,E0,0,0,2017,1,,,,,,923
48241,4591,A05,0,A00,A0,A0,E0,0,0,2017,1,9,9,0,0,0,1588
48245,4591,A05,0,A00,A0,A0,E0,0,0,2017,1,352,299,35,87,-52,2097
48249,4591,A05,0,A00,A0,A0,E0,0,0,2017,1,,,,,,1115
48251,4591,A05,0,A00,A0,A0,E0,0,0,2017,1,125,117,15,24,-8,1874
48257,4591,A05,0,A00,A0,A0,E0,0,0,2017,1,15,11,,4,-4,1234
48259,4591,A05,0,A00,A0,A0,E0,0,0,2017,1,49,47,7,9,-2,2079
48265,4591,A05,0,A00,A0,A0,E0,0,0,2017,1,42,40,5,6,-2,1380
48273,4591,A05,0,A00,A0,A0,E0,0,0,2017,1,,,,,,1163
48277,4591,A05,0,A00,A0,A0,E0,0,0,2017,1,50,53,16,13,3,1785
48285,4591,A05,0,A00,A0,A0,E0,0,0,2017,1,5,6,,,1,2365
48289,4591,A05,0,A00,A0,A0,E0,0,0,2017,1,,,,0,,2074
48291,4591,A05,0,A00,A0,A0,E0,0,0,2017,1,20,18,4,6,-2,1104
48293,4591,A05,0,A00,A0,A0,E0,0,0,2017,1,,,,,,797
48297,4591,A05,0,A00,A0,A0,E0,0,0,2017,1,,,0,0,,765
48299,4591,A05,0,A00,A0,A0,E0,0,0,2017,1,,,0,0,,617
48303,4591,A05,0,A00,A0,A0,E0,0,0,2017,1,920,797,79,203,-124,1571
48307,4591,A05,0,A00,A0,A0,E0,0,0,2017,1,,,0,,,2580
48309,4591,A05,0,A00,A0,A0,E0,0,0,2017,1,492,412,41,122,-81,1649
48313,4591,A05,0,A00,A0,A0,E0,0,0,2017,1,,,0,0,,1928
48317,4591,A05,0,A00,A0,A0,E0,0,0,2017,1,0,,,0,,
48321,4591,A05,0,A00,A0,A0,E0,0,0,2017,1,20,19,4,4,-1,1096
48323,4591,A05,0,A00,A0,A0,E0,0,0,2017,1,63,58,5,11,-5,1155
48325,4591,A05,0,A00,A0,A0,E0,0,0,2017,1,7,7,0,0,0,1079
48329,4591,A05,0,A00,A0,A0,E0,0,0,2017,1,393,313,37,117,-80,1579
48339,4591,A05,0,A00,A0,A0,E0,0,0,2017,1,868,761,102,209,-108,1797
48341,4591,A05,0,A00,A0,A0,E0,0,0,2017,1,,,,,,1257
48347,4591,A05,0,A00,A0,A0,E0,0,0,2017,1,100,89,8,19,-11,1896
48349,4591,A05,0,A00,A0,A0,E0,0,0,2017,1,51,41,5,16,-10,1189
48353,4591,A05,0,A00,A0,A0,E0,0,0,2017,1,,,,,,1151
48355,4591,A05,0,A00,A0,A0,E0,0,0,2017,1,749,631,54,172,-118,1778
48361,4591,A05,0,A00,A0,A0,E0,0,0,2017,1,22,28,19,13,6,1153
48365,4591,A05,0,A00,A0,A0,E0,0,0,2017,1,17,21,6,,4,1247
48367,4591,A05,0,A00,A0,A0,E0,0,0,2017,1,158,150,24,32,-8,2075
48369,4591,A05,0,A00,A0,A0,E0,0,0,2017,1,,,0,0,,1358
48373,4591,A05,0,A00,A0,A0,E0,0,0,2017,1,34,31,6,8,-2,1387
48375,4591,A05,0,A00,A0,A0,E0,0,0,2017,1,325,250,13,88,-74,1267
48377,4591,A05,0,A00,A0,A0,E0,0,0,2017,1,,,0,0,,557
48381,4591,A05,0,A00,A0,A0,E0,0,0,2017,1,331,281,17,67,-50,1654
48395,4591,A05,0,A00,A0,A0,E0,0,0,2017,1,,,0,0,,4171
48397,4591,A05,0,A00,A0,A0,E0,0,0,2017,1,223,202,24,44,-21,1990
48401,4591,A05,0,A00,A0,A0,E0,0,0,2017,1,,,,,,1288
48409,4591,A05,0,A00,A0,A0,E0,0,0,2017,1,86,80,13,19,-6,1402
48411,4591,A05,0,A00,A0,A0,E0,0,0,2017,1,,0,0,,,1161
48415,4591,A05,0,A00,A0,A0,E0,0,0,2017,1,,,,,,1137
48419,4591,A05,0,A00,A0,A0,E0,0,0,2017,1,,,,,,1293
48423,4591,A05,0,A00,A0,A0,E0,0,0,2017,1,452,371,37,117,-81,1566
48427,4591,A05,0,A00,A0,A0,E0,0,0,2017,1,11,9,,3,-2,1321
48439,4591,A05,0,A00,A0,A0,E0,0,0,2017,1,5349,4760,637,1226,-589,2297
48441,4591,A05,0,A00,A0,A0,E0,0,0,2017,1,255,210,23,67,-45,1369
48449,4591,A05,0,A00,A0,A0,E0,0,0,2017,1,17,17,4,4,0,1418
48451,4591,A05,0,A00,A0,A0,E0,0,0,2017,1,262,230,28,60,-32,1716
48453,4591,A05,0,A00,A0,A0,E0,0,0,2017,1,2912,2508,419,822,-403,1999
48457,4591,A05,0,A00,A0,A0,E0,0,0,2017,1,,,,,,1781
48463,4591,A05,0,A00,A0,A0,E0,0,0,2017,1,79,76,15,17,-3,1735
48465,4591,A05,0,A00,A0,A0,E0,0,0,2017,1,18,16,3,5,-2,1388
48467,4591,A05,0,A00,A0,A0,E0,0,0,2017,1,22,22,,,0,3528
48469,4591,A05,0,A00,A0,A0,E0,0,0,2017,1,208,181,20,48,-27,1481
48471,4591,A05,0,A00,A0,A0,E0,0,0,2017,1,111,107,15,19,-4,2331
48475,4591,A05,0,A00,A0,A0,E0,0,0,2017,1,,,0,,,1225
48477,4591,A05,0,A00,A0,A0,E0,0,0,2017,1,40,46,14,7,6,2023
48479,4591,A05,0,A00,A0,A0,E0,0,0,2017,1,387,315,25,98,-73,1203
48481,4591,A05,0,A00,A0,A0,E0,0,0,2017,1,28,26,3,5,-2,2207
48485,4591,A05,0,A00,A0,A0,E0,0,0,2017,1,255,212,30,73,-43,1480
48487,4591,A05,0,A00,A0,A0,E0,0,0,2017,1,,,,,,1105
48489,4591,A05,0,A00,A0,A0,E0,0,0,2017,1,0,,,0,,
48491,4591,A05,0,A00,A0,A0,E0,0,0,2017,1,1100,1091,209,218,-9,1574
48497,4591,A05,0,A00,A0,A0,E0,0,0,2017,1,17,14,4,6,-2,1052
48499,4591,A05,0,A00,A0,A0,E0,0,0,2017,1,,,0,,,1897
48501,4591,A05,0,A00,A0,A0,E0,0,0,2017,1,,,,,,470
48503,4591,A05,0,A00,A0,A0,E0,0,0,2017,1,,,,,,1081
48,4591,A05,0,A00,A0,A0,E0,0,0,2017,1,46546,40532,5255,11269,-6014,1851
48001,4591,A05,0,A00,A0,A0,E0,0,0,2017,2,30,67,52,15,37,2373
48005,4591,A05,0,A00,A0,A0,E0,0,0,2017,2,93,89,17,21,-4,2439
48007,4591,A05,0,A00,A0,A0,E0,0,0,2017,2,20,20,3,3,0,3619
48013,4591,A05,0,A00,A0,A0,E0,0,0,2017,2,13,13,,,0,2243
48015,4591,A05,0,A00,A0,A0,E0,0,0,2017,2,7,5,,4,-2,868
48019,4591,A05,0,A00,A0,A0,E0,0,0,2017,2,,,0,0,,1229
48021,4591,A05,0,A00,A0,A0,E0,0,0,2017,2,56,58,12,10,2,2140
48023,4591,A05,0,A00,A0,A0,E0,0,0,2017,2,,0,0,,,4285
48025,4591,A05,0,A00,A0,A0,E0,0,0,2017,2,,,,,,1179
48027,4591,A05,0,A00,A0,A0,E0,0,0,2017,2,386,377,67,75,-8,1752
48029,4591,A05,0,A00,A0,A0,E0,0,0,2017,2,3151,3141,588,598,-10,1847
48031,4591,A05,0,A00,A0,A0,E0,0,0,2017,2,,,,,,2014
48037,4591,A05,0,A00,A0,A0,E0,0,0,2017,2,193,197,55,51,4,2787
48039,4591,A05,0,A00,A0,A0,E0,0,0,2017,2,270,275,67,62,5,1994
48041,4591,A05,0,A00,A0,A0,E0,0,0,2017,2,363,350,69,82,-13,1667
48049,4591,A05,0,A00,A0,A0,E0,0,0,2017,2,35,31,8,13,-5,1210
48053,4591,A05,0,A00,A0,A0,E0,0,0,2017,2,6,6,,,0,1080
48055,4591,A05,0,A00,A0,A0,E0,0,0,2017,2,5,6,,0,1,997
48057,4591,A05,0,A00,A0,A0,E0,0,0,2017,2,,,,0,,2655
48059,4591,A05,0,A00,A0,A0,E0,0,0,2017,2,,,0,0,,2116
48061,4591,A05,0,A00,A0,A0,E0,0,0,2017,2,493,482,80,91,-11,1496
48067,4591,A05,0,A00,A0,A0,E0,0,0,2017,2,8,7,,,-1,1196
48069,4591,A05,0,A00,A0,A0,E0,0,0,2017,2,,,,,,1533
48073,4591,A05,0,A00,A0,A0,E0,0,0,2017,2,,,,,,1193
48075,4591,A05,0,A00,A0,A0,E0,0,0,2017,2,,,0,0,,2721
48085,4591,A05,0,A00,A0,A0,E0,0,0,2017,2,2473,2549,520,444,77,2237
48089,4591,A05,0,A00,A0,A0,E0,0,0,2017,2,11,11,,,0,1138
48091,4591,A05,0,A00,A0,A0,E0,0,0,2017,2,239,268,78,49,29,1874
48097,4591,A05,0,A00,A0,A0,E0,0,0,2017,2,20,19,6,8,-1,1287
48099,4591,A05,0,A00,A0,A0,E0,0,0,2017,2,15,16,6,6,1,1672
48113,4591,A05,0,A00,A0,A0,E0,0,0,2017,2,3785,3837,751,700,51,2195
48117,4591,A05,0,A00,A0,A0,E0,0,0,2017,2,,,0,,,1115
48121,4591,A05,0,A00,A0,A0,E0,0,0,2017,2,1102,1116,252,238,14,2185
48135,4591,A05,0,A00,A0,A0,E0,0,0,2017,2,284,309,76,51,25,2569
48139,4591,A05,0,A00,A0,A0,E0,0,0,2017,2,225,213,43,54,-12,1473
48141,4591,A05,0,A00,A0,A0,E0,0,0,2017,2,1099,1078,206,227,-21,1710
48143,4591,A05,0,A00,A0,A0,E0,0,0,2017,2,35,33,5,6,-2,1503
48147,4591,A05,0,A00,A0,A0,E0,0,0,2017,2,,,,,,4183
48157,4591,A05,0,A00,A0,A0,E0,0,0,2017,2,1039,1027,165,177,-12,2480
48159,4591,A05,0,A00,A0,A0,E0,0,0,2017,2,,,,,,3419
48163,4591,A05,0,A00,A0,A0,E0,0,0,2017,2,,,,,,2221
48165,4591,A05,0,A00,A0,A0,E0,0,0,2017,2,,,,,,1015
48167,4591,A05,0,A00,A0,A0,E0,0,0,2017,2,327,341,97,83,14,1583
48171,4591,A05,0,A00,A0,A0,E0,0,0,2017,2,23,23,4,4,0,884
48175,4591,A05,0,A00,A0,A0,E0,0,0,2017,2,,,,,,866
48179,4591,A05,0,A00,A0,A0,E0,0,0,2017,2,26,26,6,5,1,1174
48181,4591,A05,0,A00,A0,A0,E0,0,0,2017,2,230,239,67,58,8,1983
48183,4591,A05,0,A00,A0,A0,E0,0,0,2017,2,309,314,68,63,5,2074
48185,4591,A05,0,A00,A0,A0,E0,0,0,2017,2,0,,,0,,
48187,4591,A05,0,A00,A0,A0,E0,0,0,2017,2,41,41,8,7,1,1510
48189,4591,A05,0,A00,A0,A0,E0,0,0,2017,2,,,,,,1383
48199,4591,A05,0,A00,A0,A0,E0,0,0,2017,2,17,17,7,7,0,1455
48201,4591,A05,0,A00,A0,A0,E0,0,0,2017,2,7084,6990,1282,1376,-93,2033
48203,4591,A05,0,A00,A0,A0,E0,0,0,2017,2,30,30,5,5,0,2035
48207,4591,A05,0,A00,A0,A0,E0,0,0,2017,2,,,0,0,,2271
48209,4591,A05,0,A00,A0,A0,E0,0,0,2017,2,717,725,122,114,8,1719
48213,4591,A05,0,A00,A0,A0,E0,0,0,2017,2,33,33,8,8,0,942
48215,4591,A05,0,A00,A0,A0,E0,0,0,2017,2,979,955,141,165,-24,1545
48217,4591,A05,0,A00,A0,A0,E0,0,0,2017,2,,,,,,759
48219,4591,A05,0,A00,A0,A0,E0,0,0,2017,2,14,14,8,8,0,1074
48221,4591,A05,0,A00,A0,A0,E0,0,0,2017,2,47,44,10,13,-3,1990
48223,4591,A05,0,A00,A0,A0,E0,0,0,2017,2,37,35,4,6,-2,2031
48225,4591,A05,0,A00,A0,A0,E0,0,0,2017,2,,,,,,1332
48227,4591,A05,0,A00,A0,A0,E0,0,0,2017,2,15,20,12,7,5,1557
48231,4591,A05,0,A00,A0,A0,E0,0,0,2017,2,52,50,11,13,-2,1804
48233,4591,A05,0,A00,A0,A0,E0,0,0,2017,2,,,,,,1589
48239,4591,A05,0,A00,A0,A0,E0,0,0,2017,2,,,0,0,,1314
48241,4591,A05,0,A00,A0,A0,E0,0,0,2017,2,9,8,,,-1,1229
48245,4591,A05,0,A00,A0,A0,E0,0,0,2017,2,306,307,68,67,1,2315
48249,4591,A05,0,A00,A0,A0,E0,0,0,2017,2,,,,,,1167
48251,4591,A05,0,A00,A0,A0,E0,0,0,2017,2,117,124,26,20,6,1956
48257,4591,A05,0,A00,A0,A0,E0,0,0,2017,2,11,11,,2,-1,1503
48259,4591,A05,0,A00,A0,A0,E0,0,0,2017,2,47,50,8,6,3,2408
48265,4591,A05,0,A00,A0,A0,E0,0,0,2017,2,40,37,6,9,-3,1418
48273,4591,A05,0,A00,A0,A0,E0,0,0,2017,2,,,,,,1297
48277,4591,A05,0,A00,A0,A0,E0,0,0,2017,2,53,49,10,14,-4,1920
48285,4591,A05,0,A00,A0,A0,E0,0,0,2017,2,6,6,,,0,2460
48287,4591,A05,0,A00,A0,A0,E0,0,0,2017,2,0,,,0,,
48289,4591,A05,0,A00,A0,A0,E0,0,0,2017,2,,,0,0,,1781
48291,4591,A05,0,A00,A0,A0,E0,0,0,2017,2,18,19,7,6,1,1244
48293,4591,A05,0,A00,A0,A0,E0,0,0,2017,2,,,,,,954
48297,4591,A05,0,A00,A0,A0,E0,0,0,2017,2,,0,0,,,584
48299,4591,A05,0,A00,A0,A0,E0,0,0,2017,2,,,0,0,,624
48303,4591,A05,0,A00,A0,A0,E0,0,0,2017,2,799,785,147,160,-14,1747
48307,4591,A05,0,A00,A0,A0,E0,0,0,2017,2,,,,,,1311
48309,4591,A05,0,A00,A0,A0,E0,0,0,2017,2,427,411,76,92,-16,1752
48313,4591,A05,0,A00,A0,A0,E0,0,0,2017,2,,,0,,,961
48317,4591,A05,0,A00,A0,A0,E0,0,0,2017,2,,0,0,,,3466
48321,4591,A05,0,A00,A0,A0,E0,0,0,2017,2,19,17,4,6,-2,1230
48323,4591,A05,0,A00,A0,A0,E0,0,0,2017,2,58,56,5,6,-2,1430
48325,4591,A05,0,A00,A0,A0,E0,0,0,2017,2,7,6,0,,-1,1022
48329,4591,A05,0,A00,A0,A0,E0,0,0,2017,2,314,313,61,62,0,1936
48339,4591,A05,0,A00,A0,A0,E0,0,0,2017,2,778,796,169,150,19,2161
48341,4591,A05,0,A00,A0,A0,E0,0,0,2017,2,,,,,,1493
48347,4591,A05,0,A00,A0,A0,E0,0,0,2017,2,89,87,12,14,-2,1957
48349,4591,A05,0,A00,A0,A0,E0,0,0,2017,2,41,41,15,15,1,1557
48353,4591,A05,0,A00,A0,A0,E0,0,0,2017,2,,,,,,1310
48355,4591,A05,0,A00,A0,A0,E0,0,0,2017,2,649,655,143,137,6,2026
48361,4591,A05,0,A00,A0,A0,E0,0,0,2017,2,28,26,3,5,-2,1735
48365,4591,A05,0,A00,A0,A0,E0,0,0,2017,2,21,21,6,7,0,1342
48367,4591,A05,0,A00,A0,A0,E0,0,0,2017,2,150,146,39,43,-4,2017
48369,4591,A05,0,A00,A0,A0,E0,0,0,2017,2,,,0,0,,1588
48373,4591,A05,0,A00,A0,A0,E0,0,0,2017,2,31,31,10,10,-1,1566
48375,4591,A05,0,A00,A0,A0,E0,0,0,2017,2,252,252,41,41,0,1603
48377,4591,A05,0,A00,A0,A0,E0,0,0,2017,2,,0,0,,,526
48381,4591,A05,0,A00,A0,A0,E0,0,0,2017,2,281,300,62,42,19,1873
48395,4591,A05,0,A00,A0,A0,E0,0,0,2017,2,,,0,,,4181
48397,4591,A05,0,A00,A0,A0,E0,0,0,2017,2,201,208,44,37,6,2286
48401,4591,A05,0,A00,A0,A0,E0,0,0,2017,2,,,,,,1242
48409,4591,A05,0,A00,A0,A0,E0,0,0,2017,2,80,80,19,18,0,1629
48415,4591,A05,0,A00,A0,A0,E0,0,0,2017,2,,,,,,1287
48419,4591,A05,0,A00,A0,A0,E0,0,0,2017,2,,,,,,1527
48423,4591,A05,0,A00,A0,A0,E0,0,0,2017,2,386,394,85,78,8,1892
48427,4591,A05,0,A00,A0,A0,E0,0,0,2017,2,9,8,,,-1,1306
48439,4591,A05,0,A00,A0,A0,E0,0,0,2017,2,4844,4927,967,885,82,2299
48441,4591,A05,0,A00,A0,A0,E0,0,0,2017,2,204,215,49,38,11,1645
48449,4591,A05,0,A00,A0,A0,E0,0,0,2017,2,17,17,5,5,0,1240
48451,4591,A05,0,A00,A0,A0,E0,0,0,2017,2,222,219,42,45,-3,1791
48453,4591,A05,0,A00,A0,A0,E0,0,0,2017,2,2505,2472,477,510,-33,2180
48457,4591,A05,0,A00,A0,A0,E0,0,0,2017,2,,,0,,,1746
48463,4591,A05,0,A00,A0,A0,E0,0,0,2017,2,76,78,18,16,2,1981
48465,4591,A05,0,A00,A0,A0,E0,0,0,2017,2,16,16,,,0,1696
48467,4591,A05,0,A00,A0,A0,E0,0,0,2017,2,22,22,,2,-1,3757
48469,4591,A05,0,A00,A0,A0,E0,0,0,2017,2,168,167,29,31,-2,1849
48471,4591,A05,0,A00,A0,A0,E0,0,0,2017,2,107,106,17,18,-2,2704
48475,4591,A05,0,A00,A0,A0,E0,0,0,2017,2,,,,,,1934
48477,4591,A05,0,A00,A0,A0,E0,0,0,2017,2,46,50,13,9,4,2393
48479,4591,A05,0,A00,A0,A0,E0,0,0,2017,2,328,323,38,43,-5,1463
48481,4591,A05,0,A00,A0,A0,E0,0,0,2017,2,26,28,5,3,1,2460
48485,4591,A05,0,A00,A0,A0,E0,0,0,2017,2,214,207,55,62,-7,1683
48487,4591,A05,0,A00,A0,A0,E0,0,0,2017,2,,,,,,1530
48489,4591,A05,0,A00,A0,A0,E0,0,0,2017,2,,,,,,1134
48491,4591,A05,0,A00,A0,A0,E0,0,0,2017,2,1119,1091,236,264,-28,1588
48497,4591,A05,0,A00,A0,A0,E0,0,0,2017,2,14,14,4,5,-1,1320
48499,4591,A05,0,A00,A0,A0,E0,0,0,2017,2,,,,,,2189
48501,4591,A05,0,A00,A0,A0,E0,0,0,2017,2,,,,,,814
48503,4591,A05,0,A00,A0,A0,E0,0,0,2017,2,,,,,,1476
48,4591,A05,0,A00,A0,A0,E0,0,0,2017,2,40900,41001,8108,8007,101,2021
48001,4591,A05,0,A00,A0,A0,E0,0,0,2017,3,55,46,18,27,-9,1490
48005,4591,A05,0,A00,A0,A0,E0,0,0,2017,3,89,88,20,22,-2,2323
48007,4591,A05,0,A00,A0,A0,E0,0,0,2017,3,20,15,,6,-5,3098
48013,4591,A05,0,A00,A0,A0,E0,0,0,2017,3,13,13,,,0,2321
48015,4591,A05,0,A00,A0,A0,E0,0,0,2017,3,5,5,0,0,0,1214
48019,4591,A05,0,A00,A0,A0,E0,0,0,2017,3,,,0,0,,1151
48021,4591,A05,0,A00,A0,A0,E0,0,0,2017,3,57,61,17,14,4,1811
48025,4591,A05,0,A00,A0,A0,E0,0,0,2017,3,,,,,,960
48027,4591,A05,0,A00,A0,A0,E0,0,0,2017,3,380,379,87,87,-1,1680
48029,4591,A05,0,A00,A0,A0,E0,0,0,2017,3,3146,3087,626,684,-59,1789
48031,4591,A05,0,A00,A0,A0,E0,0,0,2017,3,,,,,,2737
48037,4591,A05,0,A00,A0,A0,E0,0,0,2017,3,200,170,41,71,-30,2602
48039,4591,A05,0,A00,A0,A0,E0,0,0,2017,3,276,285,74,64,9,1817
48041,4591,A05,0,A00,A0,A0,E0,0,0,2017,3,354,330,79,103,-24,1652
48049,4591,A05,0,A00,A0,A0,E0,0,0,2017,3,31,31,9,9,0,1395
48053,4591,A05,0,A00,A0,A0,E0,0,0,2017,3,6,6,,,0,1089
48055,4591,A05,0,A00,A0,A0,E0,0,0,2017,3,7,5,,,-1,1205
48057,4591,A05,0,A00,A0,A0,E0,0,0,2017,3,,,,0,,2987
48059,4591,A05,0,A00,A0,A0,E0,0,0,2017,3,,,,,,1951
48061,4591,A05,0,A00,A0,A0,E0,0,0,2017,3,482,468,80,95,-15,1565
48067,4591,A05,0,A00,A0,A0,E0,0,0,2017,3,,,,,,1158
48069,4591,A05,0,A00,A0,A0,E0,0,0,2017,3,,,,,,1498
48073,4591,A05,0,A00,A0,A0,E0,0,0,2017,3,,,,,,1032
48075,4591,A05,0,A00,A0,A0,E0,0,0,2017,3,,,0,0,,2721
48085,4591,A05,0,A00,A0,A0,E0,0,0,2017,3,2544,2565,638,616,22,2267
48089,4591,A05,0,A00,A0,A0,E0,0,0,2017,3,11,13,3,,2,1101
48091,4591,A05,0,A00,A0,A0,E0,0,0,2017,3,268,249,41,60,-18,1653
48097,4591,A05,0,A00,A0,A0,E0,0,0,2017,3,19,19,7,8,0,1285
48099,4591,A05,0,A00,A0,A0,E0,0,0,2017,3,16,19,6,,3,1527
48113,4591,A05,0,A00,A0,A0,E0,0,0,2017,3,3817,3796,946,966,-20,2165
48117,4591,A05,0,A00,A0,A0,E0,0,0,2017,3,,,,,,1275
48121,4591,A05,0,A00,A0,A0,E0,0,0,2017,3,1120,1068,277,329,-52,2104
48135,4591,A05,0,A00,A0,A0,E0,0,0,2017,3,310,301,58,68,-9,2477
48139,4591,A05,0,A00,A0,A0,E0,0,0,2017,3,213,208,68,73,-5,1677
48141,4591,A05,0,A00,A0,A0,E0,0,0,2017,3,1080,1290,457,247,210,1821
48143,4591,A05,0,A00,A0,A0,E0,0,0,2017,3,33,29,5,9,-4,1483
48147,4591,A05,0,A00,A0,A0,E0,0,0,2017,3,,,0,,,3917
48157,4591,A05,0,A00,A0,A0,E0,0,0,2017,3,998,971,186,214,-28,2373
48159,4591,A05,0,A00,A0,A0,E0,0,0,2017,3,,,,,,2317
48163,4591,A05,0,A00,A0,A0,E0,0,0,2017,3,,,,,,1473
48165,4591,A05,0,A00,A0,A0,E0,0,0,2017,3,,,,,,750
48167,4591,A05,0,A00,A0,A0,E0,0,0,2017,3,342,326,83,99,-17,1554
48171,4591,A05,0,A00,A0,A0,E0,0,0,2017,3,23,21,5,6,-1,856
48175,4591,A05,0,A00,A0,A0,E0,0,0,2017,3,,,,0,,1456
48179,4591,A05,0,A00,A0,A0,E0,0,0,2017,3,26,29,5,,2,1125
48181,4591,A05,0,A00,A0,A0,E0,0,0,2017,3,239,206,52,85,-33,1854
48183,4591,A05,0,A00,A0,A0,E0,0,0,2017,3,318,298,70,90,-20,2049
48185,4591,A05,0,A00,A0,A0,E0,0,0,2017,3,,,0,0,,3374
48187,4591,A05,0,A00,A0,A0,E0,0,0,2017,3,42,45,11,8,3,1669
48189,4591,A05,0,A00,A0,A0,E0,0,0,2017,3,,,,,,1259
48199,4591,A05,0,A00,A0,A0,E0,0,0,2017,3,17,12,,7,-4,1254
48201,4591,A05,0,A00,A0,A0,E0,0,0,2017,3,7005,7007,1534,1533,1,1973
48203,4591,A05,0,A00,A0,A0,E0,0,0,2017,3,30,31,6,5,1,2001
48207,4591,A05,0,A00,A0,A0,E0,0,0,2017,3,,,0,0,,2271
48209,4591,A05,0,A00,A0,A0,E0,0,0,2017,3,747,757,143,133,10,1961
48213,4591,A05,0,A00,A0,A0,E0,0,0,2017,3,33,34,7,6,1,858
48215,4591,A05,0,A00,A0,A0,E0,0,0,2017,3,952,959,193,186,7,1550
48217,4591,A05,0,A00,A0,A0,E0,0,0,2017,3,,,,,,640
48219,4591,A05,0,A00,A0,A0,E0,0,0,2017,3,14,14,4,4,0,1108
48221,4591,A05,0,A00,A0,A0,E0,0,0,2017,3,47,46,6,6,0,2547
48223,4591,A05,0,A00,A0,A0,E0,0,0,2017,3,35,36,4,3,1,2319
48225,4591,A05,0,A00,A0,A0,E0,0,0,2017,3,,,,,,1117
48227,4591,A05,0,A00,A0,A0,E0,0,0,2017,3,20,19,9,10,-2,1143
48231,4591,A05,0,A00,A0,A0,E0,0,0,2017,3,50,53,17,14,2,1794
48233,4591,A05,0,A00,A0,A0,E0,0,0,2017,3,,,,,,1451
48239,4591,A05,0,A00,A0,A0,E0,0,0,2017,3,,,,,,1442
48241,4591,A05,0,A00,A0,A0,E0,0,0,2017,3,8,8,,,0,1440
48245,4591,A05,0,A00,A0,A0,E0,0,0,2017,3,304,271,64,98,-34,2109
48249,4591,A05,0,A00,A0,A0,E0,0,0,2017,3,,,,,,959
48251,4591,A05,0,A00,A0,A0,E0,0,0,2017,3,124,127,28,25,4,1949
48257,4591,A05,0,A00,A0,A0,E0,0,0,2017,3,11,12,2,,1,1474
48259,4591,A05,0,A00,A0,A0,E0,0,0,2017,3,50,50,19,19,0,2112
48265,4591,A05,0,A00,A0,A0,E0,0,0,2017,3,37,36,7,7,-1,1423
48273,4591,A05,0,A00,A0,A0,E0,0,0,2017,3,,,,,,1145
48277,4591,A05,0,A00,A0,A0,E0,0,0,2017,3,49,51,9,7,2,1936
48285,4591,A05,0,A00,A0,A0,E0,0,0,2017,3,6,5,0,,-1,2168
48287,4591,A05,0,A00,A0,A0,E0,0,0,2017,3,,,0,,,316
48289,4591,A05,0,A00,A0,A0,E0,0,0,2017,3,,,,,,1857
48291,4591,A05,0,A00,A0,A0,E0,0,0,2017,3,19,19,6,6,0,1116
48293,4591,A05,0,A00,A0,A0,E0,0,0,2017,3,,,,,,879
48297,4591,A05,0,A00,A0,A0,E0,0,0,2017,3,0,,,0,,
48299,4591,A05,0,A00,A0,A0,E0,0,0,2017,3,,,0,0,,654
48303,4591,A05,0,A00,A0,A0,E0,0,0,2017,3,786,758,175,204,-29,1701
48307,4591,A05,0,A00,A0,A0,E0,0,0,2017,3,,,,0,,3552
48309,4591,A05,0,A00,A0,A0,E0,0,0,2017,3,411,444,117,84,33,1985
48313,4591,A05,0,A00,A0,A0,E0,0,0,2017,3,,0,0,,,251
48321,4591,A05,0,A00,A0,A0,E0,0,0,2017,3,17,17,6,5,1,1168
48323,4591,A05,0,A00,A0,A0,E0,0,0,2017,3,56,55,10,11,-2,1315
48325,4591,A05,0,A00,A0,A0,E0,0,0,2017,3,6,3,0,3,-3,887
48329,4591,A05,0,A00,A0,A0,E0,0,0,2017,3,311,303,94,102,-8,1841
48339,4591,A05,0,A00,A0,A0,E0,0,0,2017,3,794,806,185,174,12,2014
48341,4591,A05,0,A00,A0,A0,E0,0,0,2017,3,,,,,,1378
48347,4591,A05,0,A00,A0,A0,E0,0,0,2017,3,87,92,19,15,5,2172
48349,4591,A05,0,A00,A0,A0,E0,0,0,2017,3,41,16,8,34,-26,1102
48353,4591,A05,0,A00,A0,A0,E0,0,0,2017,3,,,,,,1145
48355,4591,A05,0,A00,A0,A0,E0,0,0,2017,3,653,629,92,116,-24,1960
48361,4591,A05,0,A00,A0,A0,E0,0,0,2017,3,26,25,5,7,-1,1893
48365,4591,A05,0,A00,A0,A0,E0,0,0,2017,3,21,20,3,4,-1,1386
48367,4591,A05,0,A00,A0,A0,E0,0,0,2017,3,146,145,32,33,0,2160
48369,4591,A05,0,A00,A0,A0,E0,0,0,2017,3,,,0,0,,1599
48373,4591,A05,0,A00,A0,A0,E0,0,0,2017,3,31,29,7,8,-1,1669
48375,4591,A05,0,A00,A0,A0,E0,0,0,2017,3,256,210,37,84,-46,1571
48379,4591,A05,0,A00,A0,A0,E0,0,0,2017,3,0,,,0,,
48381,4591,A05,0,A00,A0,A0,E0,0,0,2017,3,299,298,68,69,-1,1791
48395,4591,A05,0,A00,A0,A0,E0,0,0,2017,3,,,0,0,,4760
48397,4591,A05,0,A00,A0,A0,E0,0,0,2017,3,206,206,48,48,0,2030
48401,4591,A05,0,A00,A0,A0,E0,0,0,2017,3,,,,,,1053
48409,4591,A05,0,A00,A0,A0,E0,0,0,2017,3,80,79,17,18,-1,1410
48415,4591,A05,0,A00,A0,A0,E0,0,0,2017,3,,,,,,1094
48419,4591,A05,0,A00,A0,A0,E0,0,0,2017,3,,,,,,1322
48423,4591,A05,0,A00,A0,A0,E0,0,0,2017,3,395,350,81,126,-45,1765
48425,4591,A05,0,A00,A0,A0,E0,0,0,2017,3,0,,,,,
48427,4591,A05,0,A00,A0,A0,E0,0,0,2017,3,,,,,,1305
48439,4591,A05,0,A00,A0,A0,E0,0,0,2017,3,4924,4954,1196,1165,30,2245
48441,4591,A05,0,A00,A0,A0,E0,0,0,2017,3,217,210,42,49,-7,1556
48449,4591,A05,0,A00,A0,A0,E0,0,0,2017,3,17,17,6,5,0,1110
48451,4591,A05,0,A00,A0,A0,E0,0,0,2017,3,210,209,54,55,-1,1668
48453,4591,A05,0,A00,A0,A0,E0,0,0,2017,3,2446,2568,691,569,121,2201
48457,4591,A05,0,A00,A0,A0,E0,0,0,2017,3,,,0,,,1927
48463,4591,A05,0,A00,A0,A0,E0,0,0,2017,3,79,76,14,16,-2,1829
48465,4591,A05,0,A00,A0,A0,E0,0,0,2017,3,16,15,,3,-1,1437
48467,4591,A05,0,A00,A0,A0,E0,0,0,2017,3,22,21,,3,-1,3549
48469,4591,A05,0,A00,A0,A0,E0,0,0,2017,3,167,174,43,36,7,1711
48471,4591,A05,0,A00,A0,A0,E0,0,0,2017,3,106,102,20,23,-3,2504
48475,4591,A05,0,A00,A0,A0,E0,0,0,2017,3,,,,,,1242
48477,4591,A05,0,A00,A0,A0,E0,0,0,2017,3,50,51,18,17,1,1952
48479,4591,A05,0,A00,A0,A0,E0,0,0,2017,3,321,331,56,46,11,1472
48481,4591,A05,0,A00,A0,A0,E0,0,0,2017,3,28,28,4,4,0,2661
48485,4591,A05,0,A00,A0,A0,E0,0,0,2017,3,207,205,53,55,-2,1717
48487,4591,A05,0,A00,A0,A0,E0,0,0,2017,3,,,,,,1533
48489,4591,A05,0,A00,A0,A0,E0,0,0,2017,3,,,,0,,929
48491,4591,A05,0,A00,A0,A0,E0,0,0,2017,3,1083,1034,239,288,-49,1600
48497,4591,A05,0,A00,A0,A0,E0,0,0,2017,3,14,14,6,6,1,1227
48499,4591,A05,0,A00,A0,A0,E0,0,0,2017,3,,,,,,1742
48501,4591,A05,0,A00,A0,A0,E0,0,0,2017,3,,,,,,1076
48503,4591,A05,0,A00,A0,A0,E0,0,0,2017,3,,,,,,1401
48,4591,A05,0,A00,A0,A0,E0,0,0,2017,3,40948,40799,9574,9724,-150,1986
48001,4591,A05,0,A00,A0,A0,E0,0,0,2017,4,46,50,17,13,4,1561
48005,4591,A05,0,A00,A0,A0,E0,0,0,2017,4,88,94,30,24,6,2474
48007,4591,A05,0,A00,A0,A0,E0,0,0,2017,4,15,18,5,,3,4512
48013,4591,A05,0,A00,A0,A0,E0,0,0,2017,4,13,13,,2,0,2176
48015,4591,A05,0,A00,A0,A0,E0,0,0,2017,4,5,7,,,1,1191
48019,4591,A05,0,A00,A0,A0,E0,0,0,2017,4,,,0,0,,1076
48021,4591,A05,0,A00,A0,A0,E0,0,0,2017,4,61,237,231,55,176,1984
48025,4591,A05,0,A00,A0,A0,E0,0,0,2017,4,,,,,,1143
48027,4591,A05,0,A00,A0,A0,E0,0,0,2017,4,379,419,154,114,40,1903
48029,4591,A05,0,A00,A0,A0,E0,0,0,2017,4,3087,3416,1093,764,329,1964
48031,4591,A05,0,A00,A0,A0,E0,0,0,2017,4,,,,,,3296
48037,4591,A05,0,A00,A0,A0,E0,0,0,2017,4,170,177,60,54,6,2978
48039,4591,A05,0,A00,A0,A0,E0,0,0,2017,4,285,326,120,80,41,2027
48041,4591,A05,0,A00,A0,A0,E0,0,0,2017,4,330,394,148,84,64,1973
48049,4591,A05,0,A00,A0,A0,E0,0,0,2017,4,31,28,11,14,-2,1368
48053,4591,A05,0,A00,A0,A0,E0,0,0,2017,4,6,8,5,4,1,1254
48055,4591,A05,0,A00,A0,A0,E0,0,0,2017,4,5,3,0,,-2,1169
48057,4591,A05,0,A00,A0,A0,E0,0,0,2017,4,,,0,,,2453
48059,4591,A05,0,A00,A0,A0,E0,0,0,2017,4,,,0,0,,2577
48061,4591,A05,0,A00,A0,A0,E0,0,0,2017,4,468,502,138,104,34,1572
48067,4591,A05,0,A00,A0,A0,E0,0,0,2017,4,,,,,,1013
48069,4591,A05,0,A00,A0,A0,E0,0,0,2017,4,,,0,0,,1566
48073,4591,A05,0,A00,A0,A0,E0,0,0,2017,4,,,,,,1252
48075,4591,A05,0,A00,A0,A0,E0,0,0,2017,4,,,0,0,,2721
48083,4591,A05,0,A00,A0,A0,E0,0,0,2017,4,0,,,0,,
48085,4591,A05,0,A00,A0,A0,E0,0,0,2017,4,2566,2864,904,606,298,2362
48089,4591,A05,0,A00,A0,A0,E0,0,0,2017,4,13,11,,3,-2,1256
48091,4591,A05,0,A00,A0,A0,E0,0,0,2017,4,250,260,79,69,10,1864
48097,4591,A05,0,A00,A0,A0,E0,0,0,2017,4,19,20,8,8,1,1317
48099,4591,A05,0,A00,A0,A0,E0,0,0,2017,4,19,14,,7,-5,1433
48113,4591,A05,0,A00,A0,A0,E0,0,0,2017,4,3782,4434,1724,1072,652,2340
48117,4591,A05,0,A00,A0,A0,E0,0,0,2017,4,,,,,,1435
48121,4591,A05,0,A00,A0,A0,E0,0,0,2017,4,1069,1211,424,282,141,2292
48135,4591,A05,0,A00,A0,A0,E0,0,0,2017,4,301,307,90,85,5,3034
48139,4591,A05,0,A00,A0,A0,E0,0,0,2017,4,208,314,261,156,105,1750
48141,4591,A05,0,A00,A0,A0,E0,0,0,2017,4,1290,1571,630,349,281,1908
48143,4591,A05,0,A00,A0,A0,E0,0,0,2017,4,29,31,12,10,2,1787
48147,4591,A05,0,A00,A0,A0,E0,0,0,2017,4,,,0,0,,5703
48157,4591,A05,0,A00,A0,A0,E0,0,0,2017,4,970,1072,334,232,102,2799
48159,4591,A05,0,A00,A0,A0,E0,0,0,2017,4,,,,,,4091
48163,4591,A05,0,A00,A0,A0,E0,0,0,2017,4,,,,,,2558
48165,4591,A05,0,A00,A0,A0,E0,0,0,2017,4,,,,,,1032
48167,4591,A05,0,A00,A0,A0,E0,0,0,2017,4,325,381,155,100,55,1733
48171,4591,A05,0,A00,A0,A0,E0,0,0,2017,4,21,23,7,5,2,914
48175,4591,A05,0,A00,A0,A0,E0,0,0,2017,4,,,,,,972
48179,4591,A05,0,A00,A0,A0,E0,0,0,2017,4,29,26,,5,-3,1100
48181,4591,A05,0,A00,A0,A0,E0,0,0,2017,4,206,214,63,55,8,2171
48183,4591,A05,0,A00,A0,A0,E0,0,0,2017,4,298,340,132,90,42,2461
48185,4591,A05,0,A00,A0,A0,E0,0,0,2017,4,,0,0,,,2249
48187,4591,A05,0,A00,A0,A0,E0,0,0,2017,4,45,56,24,12,11,1604
48189,4591,A05,0,A00,A0,A0,E0,0,0,2017,4,,,,,,1439
48199,4591,A05,0,A00,A0,A0,E0,0,0,2017,4,15,15,8,7,0,1336
48201,4591,A05,0,A00,A0,A0,E0,0,0,2017,4,7011,7988,2783,1805,977,2241
48203,4591,A05,0,A00,A0,A0,E0,0,0,2017,4,31,33,7,5,2,2106
48207,4591,A05,0,A00,A0,A0,E0,0,0,2017,4,,,0,0,,2271
48209,4591,A05,0,A00,A0,A0,E0,0,0,2017,4,772,831,235,175,60,1929
48213,4591,A05,0,A00,A0,A0,E0,0,0,2017,4,34,32,8,10,-1,920
48215,4591,A05,0,A00,A0,A0,E0,0,0,2017,4,959,1098,363,224,140,1574
48217,4591,A05,0,A00,A0,A0,E0,0,0,2017,4,,,,,,775
48219,4591,A05,0,A00,A0,A0,E0,0,0,2017,4,14,14,6,5,1,1195
48221,4591,A05,0,A00,A0,A0,E0,0,0,2017,4,46,47,8,7,1,2469
48223,4591,A05,0,A00,A0,A0,E0,0,0,2017,4,36,37,5,5,1,2184
48225,4591,A05,0,A00,A0,A0,E0,0,0,2017,4,,,,,,1372
48227,4591,A05,0,A00,A0,A0,E0,0,0,2017,4,19,22,10,7,3,1665
48231,4591,A05,0,A00,A0,A0,E0,0,0,2017,4,53,55,10,7,2,1695
48233,4591,A05,0,A00,A0,A0,E0,0,0,2017,4,,,,,,1758
48239,4591,A05,0,A00,A0,A0,E0,0,0,2017,4,,,0,0,,1331
48241,4591,A05,0,A00,A0,A0,E0,0,0,2017,4,8,10,4,3,1,1256
48245,4591,A05,0,A00,A0,A0,E0,0,0,2017,4,271,316,144,98,45,2463
48249,4591,A05,0,A00,A0,A0,E0,0,0,2017,4,,,,,,1133
48251,4591,A05,0,A00,A0,A0,E0,0,0,2017,4,127,141,42,29,13,2148
48257,4591,A05,0,A00,A0,A0,E0,0,0,2017,4,12,14,7,4,3,1538
48259,4591,A05,0,A00,A0,A0,E0,0,0,2017,4,50,52,9,8,2,2164
48265,4591,A05,0,A00,A0,A0,E0,0,0,2017,4,36,35,6,8,-2,1578
48273,4591,A05,0,A00,A0,A0,E0,0,0,2017,4,,,,,,1525
48277,4591,A05,0,A00,A0,A0,E0,0,0,2017,4,51,51,11,12,0,3265
48281,4591,A05,0,A00,A0,A0,E0,0,0,2017,4,0,,,0,,
48285,4591,A05,0,A00,A0,A0,E0,0,0,2017,4,5,5,0,0,0,2537
48287,4591,A05,0,A00,A0,A0,E0,0,0,2017,4,,0,0,,,71
48289,4591,A05,0,A00,A0,A0,E0,0,0,2017,4,,,0,,,2050
48291,4591,A05,0,A00,A0,A0,E0,0,0,2017,4,19,23,14,9,4,1431
48293,4591,A05,0,A00,A0,A0,E0,0,0,2017,4,,,,,,1018
48297,4591,A05,0,A00,A0,A0,E0,0,0,2017,4,,,,,,1498
48299,4591,A05,0,A00,A0,A0,E0,0,0,2017,4,,,0,,,592
48303,4591,A05,0,A00,A0,A0,E0,0,0,2017,4,757,828,270,199,70,2155
48307,4591,A05,0,A00,A0,A0,E0,0,0,2017,4,,,0,0,,3417
48309,4591,A05,0,A00,A0,A0,E0,0,0,2017,4,444,513,215,145,70,1954
48321,4591,A05,0,A00,A0,A0,E0,0,0,2017,4,17,16,7,8,-1,1394
48323,4591,A05,0,A00,A0,A0,E0,0,0,2017,4,55,58,13,9,4,1520
48325,4591,A05,0,A00,A0,A0,E0,0,0,2017,4,,,0,0,,1084
48329,4591,A05,0,A00,A0,A0,E0,0,0,2017,4,303,386,233,151,83,2196
48339,4591,A05,0,A00,A0,A0,E0,0,0,2017,4,805,915,340,230,110,2256
48341,4591,A05,0,A00,A0,A0,E0,0,0,2017,4,,,,,,1524
48347,4591,A05,0,A00,A0,A0,E0,0,0,2017,4,91,99,23,16,7,2340
48349,4591,A05,0,A00,A0,A0,E0,0,0,2017,4,16,18,9,6,3,1564
48353,4591,A05,0,A00,A0,A0,E0,0,0,2017,4,,,,,,1514
48355,4591,A05,0,A00,A0,A0,E0,0,0,2017,4,629,710,252,171,81,2145
48361,4591,A05,0,A00,A0,A0,E0,0,0,2017,4,25,24,7,8,-1,1755
48365,4591,A05,0,A00,A0,A0,E0,0,0,2017,4,20,23,5,,3,1577
48367,4591,A05,0,A00,A0,A0,E0,0,0,2017,4,145,148,37,35,3,2153
48369,4591,A05,0,A00,A0,A0,E0,0,0,2017,4,,,0,0,,1311
48373,4591,A05,0,A00,A0,A0,E0,0,0,2017,4,29,35,14,9,5,1801
48375,4591,A05,0,A00,A0,A0,E0,0,0,2017,4,210,253,136,93,43,1712
48379,4591,A05,0,A00,A0,A0,E0,0,0,2017,4,,,0,0,,686
48381,4591,A05,0,A00,A0,A0,E0,0,0,2017,4,298,297,78,79,-1,1871
48395,4591,A05,0,A00,A0,A0,E0,0,0,2017,4,,,0,0,,4917
48397,4591,A05,0,A00,A0,A0,E0,0,0,2017,4,206,225,74,55,19,2351
48401,4591,A05,0,A00,A0,A0,E0,0,0,2017,4,,,,,,1280
48409,4591,A05,0,A00,A0,A0,E0,0,0,2017,4,79,82,26,23,3,1603
48415,4591,A05,0,A00,A0,A0,E0,0,0,2017,4,,,,,,1556
48419,4591,A05,0,A00,A0,A0,E0,0,0,2017,4,,,,,,1532
48423,4591,A05,0,A00,A0,A0,E0,0,0,2017,4,349,414,172,107,65,2118
48425,4591,A05,0,A00,A0,A0,E0,0,0,2017,4,,,0,0,,2191
48427,4591,A05,0,A00,A0,A0,E0,0,0,2017,4,,,,,,1732
48439,4591,A05,0,A00,A0,A0,E0,0,0,2017,4,4957,5574,1942,1325,617,2629
48441,4591,A05,0,A00,A0,A0,E0,0,0,2017,4,210,219,67,58,9,1732
48449,4591,A05,0,A00,A0,A0,E0,0,0,2017,4,17,21,10,7,3,1285
48451,4591,A05,0,A00,A0,A0,E0,0,0,2017,4,209,213,55,52,4,1778
48453,4591,A05,0,A00,A0,A0,E0,0,0,2017,4,2546,2711,935,771,165,2333
48457,4591,A05,0,A00,A0,A0,E0,0,0,2017,4,,,0,0,,1468
48463,4591,A05,0,A00,A0,A0,E0,0,0,2017,4,76,76,13,13,0,2095
48465,4591,A05,0,A00,A0,A0,E0,0,0,2017,4,15,18,7,4,3,1697
48467,4591,A05,0,A00,A0,A0,E0,0,0,2017,4,21,24,6,,4,3590
48469,4591,A05,0,A00,A0,A0,E0,0,0,2017,4,174,187,51,38,13,1925
48471,4591,A05,0,A00,A0,A0,E0,0,0,2017,4,102,102,22,22,0,3280
48475,4591,A05,0,A00,A0,A0,E0,0,0,2017,4,,0,,,,1708
48477,4591,A05,0,A00,A0,A0,E0,0,0,2017,4,51,59,16,7,8,2483
48479,4591,A05,0,A00,A0,A0,E0,0,0,2017,4,331,387,137,82,56,1581
48481,4591,A05,0,A00,A0,A0,E0,0,0,2017,4,28,30,7,5,2,2657
48485,4591,A05,0,A00,A0,A0,E0,0,0,2017,4,205,238,101,67,34,1864
48487,4591,A05,0,A00,A0,A0,E0,0,0,2017,4,,,,,,1781
48489,4591,A05,0,A00,A0,A0,E0,0,0,2017,4,,,,,,929
48491,4591,A05,0,A00,A0,A0,E0,0,0,2017,4,1034,1144,379,269,110,2043
48497,4591,A05,0,A00,A0,A0,E0,0,0,2017,4,14,17,8,6,3,1492
48499,4591,A05,0,A00,A0,A0,E0,0,0,2017,4,,,,,,2080
48501,4591,A05,0,A00,A0,A0,E0,0,0,2017,4,,,,,,1403
48503,4591,A05,0,A00,A0,A0,E0,0,0,2017,4,,,,,,1601
48,4591,A05,0,A00,A0,A0,E0,0,0,2017,4,40785,46035,16307,11058,5249,2215
48001,4591,A05,0,A00,A0,A0,E0,0,0,2018,1,50,47,7,10,-3,1377
48005,4591,A05,0,A00,A0,A0,E0,0,0,2018,1,94,85,8,17,-9,2045
48007,4591,A05,0,A00,A0,A0,E0,0,0,2018,1,18,16,,3,-1,3170
48013,4591,A05,0,A00,A0,A0,E0,0,0,2018,1,13,13,,,1,2013
48015,4591,A05,0,A00,A0,A0,E0,0,0,2018,1,7,3,0,3,-3,1021
48019,4591,A05,0,A00,A0,A0,E0,0,0,2018,1,,,,0,,1081
48021,4591,A05,0,A00,A0,A0,E0,0,0,2018,1,64,52,5,18,-12,1703
48025,4591,A05,0,A00,A0,A0,E0,0,0,2018,1,15,12,,4,-3,910
48027,4591,A05,0,A00,A0,A0,E0,0,0,2018,1,419,355,50,114,-64,1486
48029,4591,A05,0,A00,A0,A0,E0,0,0,2018,1,3415,3059,393,748,-355,1638
48031,4591,A05,0,A00,A0,A0,E0,0,0,2018,1,,,,,,2601
48037,4591,A05,0,A00,A0,A0,E0,0,0,2018,1,177,162,23,37,-15,2616
48039,4591,A05,0,A00,A0,A0,E0,0,0,2018,1,339,296,39,82,-42,1554
48041,4591,A05,0,A00,A0,A0,E0,0,0,2018,1,394,350,67,110,-43,1558
48049,4591,A05,0,A00,A0,A0,E0,0,0,2018,1,28,21,2,10,-8,1279
48053,4591,A05,0,A00,A0,A0,E0,0,0,2018,1,8,5,0,3,-3,914
48055,4591,A05,0,A00,A0,A0,E0,0,0,2018,1,,,,0,,1612
48057,4591,A05,0,A00,A0,A0,E0,0,0,2018,1,,,,0,,3138
48059,4591,A05,0,A00,A0,A0,E0,0,0,2018,1,,,,0,,1980
48061,4591,A05,0,A00,A0,A0,E0,0,0,2018,1,503,462,44,85,-40,1402
48067,4591,A05,0,A00,A0,A0,E0,0,0,2018,1,,,,,,1062
48069,4591,A05,0,A00,A0,A0,E0,0,0,2018,1,,,0,0,,1461
48073,4591,A05,0,A00,A0,A0,E0,0,0,2018,1,,,,,,1090
48075,4591,A05,0,A00,A0,A0,E0,0,0,2018,1,,,0,0,,2721
48083,4591,A05,0,A00,A0,A0,E0,0,0,2018,1,,,0,0,,3240
48085,4591,A05,0,A00,A0,A0,E0,0,0,2018,1,2885,2576,353,662,-309,2228
48089,4591,A05,0,A00,A0,A0,E0,0,0,2018,1,11,8,5,7,-3,1029
48091,4591,A05,0,A00,A0,A0,E0,0,0,2018,1,283,291,53,44,9,1595
48097,4591,A05,0,A00,A0,A0,E0,0,0,2018,1,20,18,8,10,-2,1343
48099,4591,A05,0,A00,A0,A0,E0,0,0,2018,1,14,17,5,,3,1663
48113,4591,A05,0,A00,A0,A0,E0,0,0,2018,1,4386,3681,565,1270,-705,2018
48117,4591,A05,0,A00,A0,A0,E0,0,0,2018,1,,,,,,1275
48121,4591,A05,0,A00,A0,A0,E0,0,0,2018,1,1211,1031,134,314,-180,2042
48135,4591,A05,0,A00,A0,A0,E0,0,0,2018,1,301,269,37,69,-32,2549
48139,4591,A05,0,A00,A0,A0,E0,0,0,2018,1,325,216,42,152,-110,1052
48141,4591,A05,0,A00,A0,A0,E0,0,0,2018,1,1509,1166,129,472,-342,1424
48143,4591,A05,0,A00,A0,A0,E0,0,0,2018,1,31,28,3,6,-3,1663
48147,4591,A05,0,A00,A0,A0,E0,0,0,2018,1,,,0,,,4789
48157,4591,A05,0,A00,A0,A0,E0,0,0,2018,1,1090,972,124,243,-118,2248
48159,4591,A05,0,A00,A0,A0,E0,0,0,2018,1,,,0,,,3006
48163,4591,A05,0,A00,A0,A0,E0,0,0,2018,1,,,,,,2521
48165,4591,A05,0,A00,A0,A0,E0,0,0,2018,1,,,0,0,,1014
48167,4591,A05,0,A00,A0,A0,E0,0,0,2018,1,381,348,44,77,-33,1515
48171,4591,A05,0,A00,A0,A0,E0,0,0,2018,1,23,21,3,5,-2,870
48175,4591,A05,0,A00,A0,A0,E0,0,0,2018,1,,,0,0,,1126
48179,4591,A05,0,A00,A0,A0,E0,0,0,2018,1,26,25,,,0,1029
48181,4591,A05,0,A00,A0,A0,E0,0,0,2018,1,214,188,20,45,-26,1990
48183,4591,A05,0,A00,A0,A0,E0,0,0,2018,1,340,289,37,88,-51,1724
48187,4591,A05,0,A00,A0,A0,E0,0,0,2018,1,56,47,6,16,-9,1568
48189,4591,A05,0,A00,A0,A0,E0,0,0,2018,1,,,,,,1168
48199,4591,A05,0,A00,A0,A0,E0,0,0,2018,1,14,13,2,4,-1,1602
48201,4591,A05,0,A00,A0,A0,E0,0,0,2018,1,7991,6904,897,1984,-1087,1761
48203,4591,A05,0,A00,A0,A0,E0,0,0,2018,1,33,31,5,7,-2,1984
48207,4591,A05,0,A00,A0,A0,E0,0,0,2018,1,,,0,0,,2271
48209,4591,A05,0,A00,A0,A0,E0,0,0,2018,1,825,742,79,162,-83,1762
48213,4591,A05,0,A00,A0,A0,E0,0,0,2018,1,32,31,5,5,0,926
48215,4591,A05,0,A00,A0,A0,E0,0,0,2018,1,1099,925,86,260,-174,1313
48217,4591,A05,0,A00,A0,A0,E0,0,0,2018,1,,,,,,624
48219,4591,A05,0,A00,A0,A0,E0,0,0,2018,1,14,14,3,3,0,1101
48221,4591,A05,0,A00,A0,A0,E0,0,0,2018,1,47,44,4,7,-3,2489
48223,4591,A05,0,A00,A0,A0,E0,0,0,2018,1,37,34,,4,-2,1993
48225,4591,A05,0,A00,A0,A0,E0,0,0,2018,1,,,,,,984
48227,4591,A05,0,A00,A0,A0,E0,0,0,2018,1,22,17,3,8,-5,1358
48231,4591,A05,0,A00,A0,A0,E0,0,0,2018,1,41,39,11,14,-2,956
48233,4591,A05,0,A00,A0,A0,E0,0,0,2018,1,,,,,,1464
48239,4591,A05,0,A00,A0,A0,E0,0,0,2018,1,,,0,0,,1445
48241,4591,A05,0,A00,A0,A0,E0,0,0,2018,1,10,10,,,1,1536
48245,4591,A05,0,A00,A0,A0,E0,0,0,2018,1,316,267,47,95,-49,1840
48249,4591,A05,0,A00,A0,A0,E0,0,0,2018,1,,,,,,1013
48251,4591,A05,0,A00,A0,A0,E0,0,0,2018,1,141,118,14,36,-22,1926
48257,4591,A05,0,A00,A0,A0,E0,0,0,2018,1,14,12,,3,-2,1370
48259,4591,A05,0,A00,A0,A0,E0,0,0,2018,1,75,75,16,17,0,2144
48265,4591,A05,0,A00,A0,A0,E0,0,0,2018,1,35,36,5,4,1,1483
48273,4591,A05,0,A00,A0,A0,E0,0,0,2018,1,,,,,,1236
48277,4591,A05,0,A00,A0,A0,E0,0,0,2018,1,51,52,8,7,1,1897
48281,4591,A05,0,A00,A0,A0,E0,0,0,2018,1,,,0,0,,2688
48285,4591,A05,0,A00,A0,A0,E0,0,0,2018,1,5,6,,0,1,2247
48289,4591,A05,0,A00,A0,A0,E0,0,0,2018,1,,,0,0,,1785
48291,4591,A05,0,A00,A0,A0,E0,0,0,2018,1,23,19,4,8,-4,1093
48293,4591,A05,0,A00,A0,A0,E0,0,0,2018,1,,,,,,1010
48297,4591,A05,0,A00,A0,A0,E0,0,0,2018,1,,,,0,,1641
48299,4591,A05,0,A00,A0,A0,E0,0,0,2018,1,,0,0,,,844
48303,4591,A05,0,A00,A0,A0,E0,0,0,2018,1,841,781,115,175,-60,1718
48307,4591,A05,0,A00,A0,A0,E0,0,0,2018,1,,,,0,,3580
48309,4591,A05,0,A00,A0,A0,E0,0,0,2018,1,514,431,79,161,-83,1601
48321,4591,A05,0,A00,A0,A0,E0,0,0,2018,1,,,,,,1181
48323,4591,A05,0,A00,A0,A0,E0,0,0,2018,1,58,57,6,7,-1,1253
48325,4591,A05,0,A00,A0,A0,E0,0,0,2018,1,,,0,,,1727
48329,4591,A05,0,A00,A0,A0,E0,0,0,2018,1,386,314,65,137,-72,1737
48339,4591,A05,0,A00,A0,A0,E0,0,0,2018,1,930,809,111,231,-121,1723
48341,4591,A05,0,A00,A0,A0,E0,0,0,2018,1,,,,,,1332
48347,4591,A05,0,A00,A0,A0,E0,0,0,2018,1,99,87,7,20,-12,1902
48349,4591,A05,0,A00,A0,A0,E0,0,0,2018,1,18,15,4,7,-3,1268
48353,4591,A05,0,A00,A0,A0,E0,0,0,2018,1,,,,,,1308
48355,4591,A05,0,A00,A0,A0,E0,0,0,2018,1,718,638,69,149,-79,1778
48361,4591,A05,0,A00,A0,A0,E0,0,0,2018,1,23,23,6,6,0,1619
48365,4591,A05,0,A00,A0,A0,E0,0,0,2018,1,23,22,,3,-1,1349
48367,4591,A05,0,A00,A0,A0,E0,0,0,2018,1,161,168,35,29,6,2017
48369,4591,A05,0,A00,A0,A0,E0,0,0,2018,1,,,0,0,,1541
48373,4591,A05,0,A00,A0,A0,E0,0,0,2018,1,35,30,7,12,-5,1472
48375,4591,A05,0,A00,A0,A0,E0,0,0,2018,1,253,245,67,75,-8,1369
48379,4591,A05,0,A00,A0,A0,E0,0,0,2018,1,,,0,0,,984
48381,4591,A05,0,A00,A0,A0,E0,0,0,2018,1,297,269,31,59,-28,1730
48397,4591,A05,0,A00,A0,A0,E0,0,0,2018,1,241,225,31,47,-16,1876
48401,4591,A05,0,A00,A0,A0,E0,0,0,2018,1,,,,,,1031
48409,4591,A05,0,A00,A0,A0,E0,0,0,2018,1,82,75,9,16,-7,1372
48415,4591,A05,0,A00,A0,A0,E0,0,0,2018,1,,,,,,1275
48419,4591,A05,0,A00,A0,A0,E0,0,0,2018,1,,,,,,1544
48423,4591,A05,0,A00,A0,A0,E0,0,0,2018,1,410,353,45,102,-58,1662
48425,4591,A05,0,A00,A0,A0,E0,0,0,2018,1,,0,0,,,320
48427,4591,A05,0,A00,A0,A0,E0,0,0,2018,1,,,0,,,1298
48439,4591,A05,0,A00,A0,A0,E0,0,0,2018,1,5513,4652,531,1392,-861,2045
48441,4591,A05,0,A00,A0,A0,E0,0,0,2018,1,218,196,25,46,-22,1532
48449,4591,A05,0,A00,A0,A0,E0,0,0,2018,1,21,21,5,4,1,1405
48451,4591,A05,0,A00,A0,A0,E0,0,0,2018,1,203,179,19,44,-24,1588
48453,4591,A05,0,A00,A0,A0,E0,0,0,2018,1,2712,2472,376,615,-239,2334
48457,4591,A05,0,A00,A0,A0,E0,0,0,2018,1,,,,,,1557
48463,4591,A05,0,A00,A0,A0,E0,0,0,2018,1,76,77,14,13,1,1869
48465,4591,A05,0,A00,A0,A0,E0,0,0,2018,1,18,18,3,3,0,1551
48467,4591,A05,0,A00,A0,A0,E0,0,0,2018,1,24,25,6,6,1,3299
48469,4591,A05,0,A00,A0,A0,E0,0,0,2018,1,187,173,18,31,-14,1596
48471,4591,A05,0,A00,A0,A0,E0,0,0,2018,1,102,102,15,15,0,2608
48477,4591,A05,0,A00,A0,A0,E0,0,0,2018,1,59,56,4,7,-3,1967
48479,4591,A05,0,A00,A0,A0,E0,0,0,2018,1,387,318,23,92,-69,1228
48481,4591,A05,0,A00,A0,A0,E0,0,0,2018,1,30,29,5,5,0,2160
48485,4591,A05,0,A00,A0,A0,E0,0,0,2018,1,238,208,36,67,-31,1591
48487,4591,A05,0,A00,A0,A0,E0,0,0,2018,1,,,,,,1613
48489,4591,A05,0,A00,A0,A0,E0,0,0,2018,1,,,,,,624
48491,4591,A05,0,A00,A0,A0,E0,0,0,2018,1,1143,1012,123,255,-132,1536
48497,4591,A05,0,A00,A0,A0,E0,0,0,2018,1,17,16,4,5,-1,1089
48499,4591,A05,0,A00,A0,A0,E0,0,0,2018,1,,,,,,2053
48501,4591,A05,0,A00,A0,A0,E0,0,0,2018,1,,,,0,,2413
48503,4591,A05,0,A00,A0,A0,E0,0,0,2018,1,,,,,,1273
48,4591,A05,0,A00,A0,A0,E0,0,0,2018,1,45828,39920,5354,11262,-5907,1841
48001,4591,A05,0,A00,A0,A0,E0,0,0,2018,2,47,53,17,10,6,1558
48005,4591,A05,0,A00,A0,A0,E0,0,0,2018,2,85,86,20,18,2,2640
48007,4591,A05,0,A00,A0,A0,E0,0,0,2018,2,16,19,5,,3,3784
48013,4591,A05,0,A00,A0,A0,E0,0,0,2018,2,13,12,,2,-1,2073
48015,4591,A05,0,A00,A0,A0,E0,0,0,2018,2,3,3,,,0,1499
48019,4591,A05,0,A00,A0,A0,E0,0,0,2018,2,,,,,,1070
48021,4591,A05,0,A00,A0,A0,E0,0,0,2018,2,52,53,15,14,1,2433
48025,4591,A05,0,A00,A0,A0,E0,0,0,2018,2,12,13,2,,0,1436
48027,4591,A05,0,A00,A0,A0,E0,0,0,2018,2,355,362,89,82,7,1820
48029,4591,A05,0,A00,A0,A0,E0,0,0,2018,2,3059,3011,593,641,-48,1900
48031,4591,A05,0,A00,A0,A0,E0,0,0,2018,2,,,,,,2109
48037,4591,A05,0,A00,A0,A0,E0,0,0,2018,2,162,173,56,45,11,3960
48039,4591,A05,0,A00,A0,A0,E0,0,0,2018,2,296,308,77,65,12,1996
48041,4591,A05,0,A00,A0,A0,E0,0,0,2018,2,350,344,89,95,-6,1844
48049,4591,A05,0,A00,A0,A0,E0,0,0,2018,2,21,20,6,7,-1,1572
48053,4591,A05,0,A00,A0,A0,E0,0,0,2018,2,5,8,5,,3,1308
48055,4591,A05,0,A00,A0,A0,E0,0,0,2018,2,,,0,,,1404
48057,4591,A05,0,A00,A0,A0,E0,0,0,2018,2,,,,0,,2526
48059,4591,A05,0,A00,A0,A0,E0,0,0,2018,2,,,0,,,1422
48061,4591,A05,0,A00,A0,A0,E0,0,0,2018,2,462,470,90,81,8,1608
48067,4591,A05,0,A00,A0,A0,E0,0,0,2018,2,,,,,,1133
48069,4591,A05,0,A00,A0,A0,E0,0,0,2018,2,,,0,0,,1672
48073,4591,A05,0,A00,A0,A0,E0,0,0,2018,2,,,,,,1087
48075,4591,A05,0,A00,A0,A0,E0,0,0,2018,2,,,0,0,,2721
48083,4591,A05,0,A00,A0,A0,E0,0,0,2018,2,,,0,0,,3722
48085,4591,A05,0,A00,A0,A0,E0,0,0,2018,2,2584,2571,549,562,-13,2481
48089,4591,A05,0,A00,A0,A0,E0,0,0,2018,2,8,8,,,-1,1189
48091,4591,A05,0,A00,A0,A0,E0,0,0,2018,2,292,316,83,59,24,2065
48097,4591,A05,0,A00,A0,A0,E0,0,0,2018,2,18,17,11,11,0,1409
48099,4591,A05,0,A00,A0,A0,E0,0,0,2018,2,17,18,,,2,2042
48113,4591,A05,0,A00,A0,A0,E0,0,0,2018,2,3667,3607,861,921,-60,2345
48115,4591,A05,0,A00,A0,A0,E0,0,0,2018,2,0,,,0,,
48117,4591,A05,0,A00,A0,A0,E0,0,0,2018,2,,,,,,1249
48121,4591,A05,0,A00,A0,A0,E0,0,0,2018,2,1035,1048,246,234,12,2523
48135,4591,A05,0,A00,A0,A0,E0,0,0,2018,2,269,264,83,88,-5,2823
48139,4591,A05,0,A00,A0,A0,E0,0,0,2018,2,216,166,61,111,-50,1315
48141,4591,A05,0,A00,A0,A0,E0,0,0,2018,2,1166,1080,188,274,-86,2352
48143,4591,A05,0,A00,A0,A0,E0,0,0,2018,2,28,29,6,5,1,1754
48147,4591,A05,0,A00,A0,A0,E0,0,0,2018,2,,,,0,,6656
48157,4591,A05,0,A00,A0,A0,E0,0,0,2018,2,970,958,193,205,-12,2764
48159,4591,A05,0,A00,A0,A0,E0,0,0,2018,2,,,,,,4296
48163,4591,A05,0,A00,A0,A0,E0,0,0,2018,2,,,0,,,3560
48165,4591,A05,0,A00,A0,A0,E0,0,0,2018,2,,,,,,1050
48167,4591,A05,0,A00,A0,A0,E0,0,0,2018,2,348,382,123,90,33,1760
48171,4591,A05,0,A00,A0,A0,E0,0,0,2018,2,21,20,,,-1,1085
48175,4591,A05,0,A00,A0,A0,E0,0,0,2018,2,,,,0,,1048
48179,4591,A05,0,A00,A0,A0,E0,0,0,2018,2,25,24,,4,-1,1259
48181,4591,A05,0,A00,A0,A0,E0,0,0,2018,2,188,189,51,49,1,2306
48183,4591,A05,0,A00,A0,A0,E0,0,0,2018,2,290,297,73,66,7,2459
48187,4591,A05,0,A00,A0,A0,E0,0,0,2018,2,47,45,9,11,-2,1610
48189,4591,A05,0,A00,A0,A0,E0,0,0,2018,2,,,,,,1252
48199,4591,A05,0,A00,A0,A0,E0,0,0,2018,2,13,19,7,,6,2034
48201,4591,A05,0,A00,A0,A0,E0,0,0,2018,2,6931,6914,1492,1509,-17,2127
48203,4591,A05,0,A00,A0,A0,E0,0,0,2018,2,31,31,5,5,0,2028
48207,4591,A05,0,A00,A0,A0,E0,0,0,2018,2,,,0,0,,2271
48209,4591,A05,0,A00,A0,A0,E0,0,0,2018,2,742,727,119,133,-14,1702
48213,4591,A05,0,A00,A0,A0,E0,0,0,2018,2,31,29,10,12,-2,1017
48215,4591,A05,0,A00,A0,A0,E0,0,0,2018,2,935,913,163,185,-22,1589
48217,4591,A05,0,A00,A0,A0,E0,0,0,2018,2,,,,,,719
48219,4591,A05,0,A00,A0,A0,E0,0,0,2018,2,14,16,5,3,2,1300
48221,4591,A05,0,A00,A0,A0,E0,0,0,2018,2,44,41,7,10,-3,2737
48223,4591,A05,0,A00,A0,A0,E0,0,0,2018,2,34,35,4,3,1,2232
48225,4591,A05,0,A00,A0,A0,E0,0,0,2018,2,,,,,,1337
48227,4591,A05,0,A00,A0,A0,E0,0,0,2018,2,17,18,7,6,1,1749
48231,4591,A05,0,A00,A0,A0,E0,0,0,2018,2,39,46,25,19,7,1173
48233,4591,A05,0,A00,A0,A0,E0,0,0,2018,2,,,,,,1518
48239,4591,A05,0,A00,A0,A0,E0,0,0,2018,2,,,,,,1500
48241,4591,A05,0,A00,A0,A0,E0,0,0,2018,2,10,9,,2,-2,1192
48245,4591,A05,0,A00,A0,A0,E0,0,0,2018,2,267,263,72,76,-5,2889
48249,4591,A05,0,A00,A0,A0,E0,0,0,2018,2,,,,,,1207
48251,4591,A05,0,A00,A0,A0,E0,0,0,2018,2,118,125,29,22,7,2045
48257,4591,A05,0,A00,A0,A0,E0,0,0,2018,2,12,12,,2,0,1522
48259,4591,A05,0,A00,A0,A0,E0,0,0,2018,2,75,79,18,14,4,2574
48265,4591,A05,0,A00,A0,A0,E0,0,0,2018,2,36,34,3,4,-1,1468
48273,4591,A05,0,A00,A0,A0,E0,0,0,2018,2,,,,,,1511
48277,4591,A05,0,A00,A0,A0,E0,0,0,2018,2,52,50,6,8,-2,2496
48281,4591,A05,0,A00,A0,A0,E0,0,0,2018,2,,,0,0,,2895
48285,4591,A05,0,A00,A0,A0,E0,0,0,2018,2,6,10,4,0,4,3079
48289,4591,A05,0,A00,A0,A0,E0,0,0,2018,2,,,0,0,,2030
48291,4591,A05,0,A00,A0,A0,E0,0,0,2018,2,19,20,10,10,1,1287
48293,4591,A05,0,A00,A0,A0,E0,0,0,2018,2,,,,,,1496
48297,4591,A05,0,A00,A0,A0,E0,0,0,2018,2,,,,0,,1239
48299,4591,A05,0,A00,A0,A0,E0,0,0,2018,2,0,,,0,,
48303,4591,A05,0,A00,A0,A0,E0,0,0,2018,2,781,793,196,184,12,1806
48307,4591,A05,0,A00,A0,A0,E0,0,0,2018,2,,,0,0,,2516
48309,4591,A05,0,A00,A0,A0,E0,0,0,2018,2,435,457,127,104,23,1855
48321,4591,A05,0,A00,A0,A0,E0,0,0,2018,2,,,,,,1522
48323,4591,A05,0,A00,A0,A0,E0,0,0,2018,2,57,58,11,10,1,1610
48325,4591,A05,0,A00,A0,A0,E0,0,0,2018,2,,,0,0,,2713
48329,4591,A05,0,A00,A0,A0,E0,0,0,2018,2,314,306,98,106,-7,2364
48339,4591,A05,0,A00,A0,A0,E0,0,0,2018,2,808,786,181,204,-23,2184
48341,4591,A05,0,A00,A0,A0,E0,0,0,2018,2,,,,,,1522
48347,4591,A05,0,A00,A0,A0,E0,0,0,2018,2,87,91,18,13,5,1957
48349,4591,A05,0,A00,A0,A0,E0,0,0,2018,2,15,14,4,5,-1,1490
48353,4591,A05,0,A00,A0,A0,E0,0,0,2018,2,,,,,,1486
48355,4591,A05,0,A00,A0,A0,E0,0,0,2018,2,638,636,152,154,-2,2039
48361,4591,A05,0,A00,A0,A0,E0,0,0,2018,2,23,26,8,5,3,1948
48365,4591,A05,0,A00,A0,A0,E0,0,0,2018,2,22,21,3,4,-1,1494
48367,4591,A05,0,A00,A0,A0,E0,0,0,2018,2,168,172,56,51,4,2129
48369,4591,A05,0,A00,A0,A0,E0,0,0,2018,2,,,0,0,,1724
48373,4591,A05,0,A00,A0,A0,E0,0,0,2018,2,30,29,9,10,-1,1760
48375,4591,A05,0,A00,A0,A0,E0,0,0,2018,2,245,224,56,77,-21,1480
48379,4591,A05,0,A00,A0,A0,E0,0,0,2018,2,,,0,0,,920
48381,4591,A05,0,A00,A0,A0,E0,0,0,2018,2,269,258,45,56,-11,2114
48397,4591,A05,0,A00,A0,A0,E0,0,0,2018,2,226,233,64,57,7,2248
48401,4591,A05,0,A00,A0,A0,E0,0,0,2018,2,,,,,,1172
48409,4591,A05,0,A00,A0,A0,E0,0,0,2018,2,75,79,21,18,4,1825
48415,4591,A05,0,A00,A0,A0,E0,0,0,2018,2,,,,,,1624
48419,4591,A05,0,A00,A0,A0,E0,0,0,2018,2,,,,,,1652
48423,4591,A05,0,A00,A0,A0,E0,0,0,2018,2,353,359,90,83,7,1977
48427,4591,A05,0,A00,A0,A0,E0,0,0,2018,2,,,,,,1422
48439,4591,A05,0,A00,A0,A0,E0,0,0,2018,2,4677,4617,1010,1071,-60,2496
48441,4591,A05,0,A00,A0,A0,E0,0,0,2018,2,196,199,47,44,2,1735
48449,4591,A05,0,A00,A0,A0,E0,0,0,2018,2,21,21,4,5,-1,1379
48451,4591,A05,0,A00,A0,A0,E0,0,0,2018,2,179,183,46,42,5,1870
48453,4591,A05,0,A00,A0,A0,E0,0,0,2018,2,2472,2461,465,475,-10,2321
48457,4591,A05,0,A00,A0,A0,E0,0,0,2018,2,,,,0,,2261
48463,4591,A05,0,A00,A0,A0,E0,0,0,2018,2,77,77,15,16,-1,1843
48465,4591,A05,0,A00,A0,A0,E0,0,0,2018,2,18,18,,,0,1704
48467,4591,A05,0,A00,A0,A0,E0,0,0,2018,2,25,27,6,3,2,3127
48469,4591,A05,0,A00,A0,A0,E0,0,0,2018,2,173,170,29,33,-4,1779
48471,4591,A05,0,A00,A0,A0,E0,0,0,2018,2,104,107,22,18,4,3261
48477,4591,A05,0,A00,A0,A0,E0,0,0,2018,2,56,61,15,10,5,2344
48479,4591,A05,0,A00,A0,A0,E0,0,0,2018,2,318,299,50,69,-19,1532
48481,4591,A05,0,A00,A0,A0,E0,0,0,2018,2,29,29,3,3,0,2262
48485,4591,A05,0,A00,A0,A0,E0,0,0,2018,2,208,205,52,55,-3,1822
48487,4591,A05,0,A00,A0,A0,E0,0,0,2018,2,,,,,,1104
48489,4591,A05,0,A00,A0,A0,E0,0,0,2018,2,,,,,,831
48491,4591,A05,0,A00,A0,A0,E0,0,0,2018,2,1012,1039,243,216,27,1806
48497,4591,A05,0,A00,A0,A0,E0,0,0,2018,2,16,15,3,4,-1,1496
48499,4591,A05,0,A00,A0,A0,E0,0,0,2018,2,,,,,,2347
48501,4591,A05,0,A00,A0,A0,E0,0,0,2018,2,,,,,,483
48503,4591,A05,0,A00,A0,A0,E0,0,0,2018,2,,,,,,1555
48,4591,A05,0,A00,A0,A0,E0,0,0,2018,2,39982,39760,8852,9074,-222,2182
48001,4591,A05,0,A00,A0,A0,E0,0,0,2018,3,53,46,12,19,-7,1317
48005,4591,A05,0,A00,A0,A0,E0,0,0,2018,3,86,84,20,22,-2,2357
48007,4591,A05,0,A00,A0,A0,E0,0,0,2018,3,19,16,4,7,-3,3325
48013,4591,A05,0,A00,A0,A0,E0,0,0,2018,3,12,12,,,-1,2276
48015,4591,A05,0,A00,A0,A0,E0,0,0,2018,3,,,,,,1775
48019,4591,A05,0,A00,A0,A0,E0,0,0,2018,3,,,0,,,895
48021,4591,A05,0,A00,A0,A0,E0,0,0,2018,3,53,51,15,17,-1,1916
48025,4591,A05,0,A00,A0,A0,E0,0,0,2018,3,13,13,,,0,1440
48027,4591,A05,0,A00,A0,A0,E0,0,0,2018,3,362,350,87,99,-11,1660
48029,4591,A05,0,A00,A0,A0,E0,0,0,2018,3,3012,2922,722,812,-90,1809
48031,4591,A05,0,A00,A0,A0,E0,0,0,2018,3,,,,,,2236
48037,4591,A05,0,A00,A0,A0,E0,0,0,2018,3,174,168,69,74,-5,2632
48039,4591,A05,0,A00,A0,A0,E0,0,0,2018,3,308,319,93,83,10,1772
48041,4591,A05,0,A00,A0,A0,E0,0,0,2018,3,344,328,79,96,-17,1761
48049,4591,A05,0,A00,A0,A0,E0,0,0,2018,3,20,20,5,5,0,1649
48053,4591,A05,0,A00,A0,A0,E0,0,0,2018,3,8,8,,,0,1048
48055,4591,A05,0,A00,A0,A0,E0,0,0,2018,3,,,0,0,,1666
48057,4591,A05,0,A00,A0,A0,E0,0,0,2018,3,,,,0,,2446
48059,4591,A05,0,A00,A0,A0,E0,0,0,2018,3,,,0,0,,2273
48061,4591,A05,0,A00,A0,A0,E0,0,0,2018,3,470,462,90,98,-8,1603
48067,4591,A05,0,A00,A0,A0,E0,0,0,2018,3,,,,,,1265
48069,4591,A05,0,A00,A0,A0,E0,0,0,2018,3,,,0,,,1138
48073,4591,A05,0,A00,A0,A0,E0,0,0,2018,3,,,,,,999
48075,4591,A05,0,A00,A0,A0,E0,0,0,2018,3,,,0,0,,2721
48083,4591,A05,0,A00,A0,A0,E0,0,0,2018,3,,,0,0,,3233
48085,4591,A05,0,A00,A0,A0,E0,0,0,2018,3,2580,2505,602,677,-75,2227
48089,4591,A05,0,A00,A0,A0,E0,0,0,2018,3,8,7,0,,-1,1066
48091,4591,A05,0,A00,A0,A0,E0,0,0,2018,3,315,304,72,83,-11,1811
48097,4591,A05,0,A00,A0,A0,E0,0,0,2018,3,17,20,14,11,3,1272
48099,4591,A05,0,A00,A0,A0,E0,0,0,2018,3,18,19,,,1,2065
48113,4591,A05,0,A00,A0,A0,E0,0,0,2018,3,3569,3496,1061,1134,-73,2242
48115,4591,A05,0,A00,A0,A0,E0,0,0,2018,3,,0,0,,,317
48117,4591,A05,0,A00,A0,A0,E0,0,0,2018,3,,,,,,1193
48121,4591,A05,0,A00,A0,A0,E0,0,0,2018,3,1056,1061,285,279,5,2191
48135,4591,A05,0,A00,A0,A0,E0,0,0,2018,3,264,270,90,84,6,2755
48139,4591,A05,0,A00,A0,A0,E0,0,0,2018,3,166,116,41,91,-50,1155
48141,4591,A05,0,A00,A0,A0,E0,0,0,2018,3,1079,1036,215,259,-44,1731
48143,4591,A05,0,A00,A0,A0,E0,0,0,2018,3,29,32,7,4,2,1609
48147,4591,A05,0,A00,A0,A0,E0,0,0,2018,3,,,,,,4575
48157,4591,A05,0,A00,A0,A0,E0,0,0,2018,3,957,923,192,226,-34,2493
48159,4591,A05,0,A00,A0,A0,E0,0,0,2018,3,,,,0,,3831
48163,4591,A05,0,A00,A0,A0,E0,0,0,2018,3,,,,,,3089
48165,4591,A05,0,A00,A0,A0,E0,0,0,2018,3,,,,,,825
48167,4591,A05,0,A00,A0,A0,E0,0,0,2018,3,384,376,110,119,-9,1574
48171,4591,A05,0,A00,A0,A0,E0,0,0,2018,3,20,20,,2,-1,912
48175,4591,A05,0,A00,A0,A0,E0,0,0,2018,3,,,0,,,621
48179,4591,A05,0,A00,A0,A0,E0,0,0,2018,3,24,24,3,3,0,1140
48181,4591,A05,0,A00,A0,A0,E0,0,0,2018,3,189,202,65,53,12,2113
48183,4591,A05,0,A00,A0,A0,E0,0,0,2018,3,298,286,90,102,-13,1911
48187,4591,A05,0,A00,A0,A0,E0,0,0,2018,3,44,44,11,12,-1,1857
48189,4591,A05,0,A00,A0,A0,E0,0,0,2018,3,,,,,,1375
48197,4591,A05,0,A00,A0,A0,E0,0,0,2018,3,0,0,,,0,
48199,4591,A05,0,A00,A0,A0,E0,0,0,2018,3,19,18,5,5,0,1631
48201,4591,A05,0,A00,A0,A0,E0,0,0,2018,3,6901,6526,1553,1928,-375,1913
48203,4591,A05,0,A00,A0,A0,E0,0,0,2018,3,31,26,5,10,-4,4164
48207,4591,A05,0,A00,A0,A0,E0,0,0,2018,3,,,0,0,,2271
48209,4591,A05,0,A00,A0,A0,E0,0,0,2018,3,727,748,179,159,20,1916
48213,4591,A05,0,A00,A0,A0,E0,0,0,2018,3,29,35,13,8,6,997
48215,4591,A05,0,A00,A0,A0,E0,0,0,2018,3,914,846,205,274,-68,1515
48217,4591,A05,0,A00,A0,A0,E0,0,0,2018,3,,,,,,653
48219,4591,A05,0,A00,A0,A0,E0,0,0,2018,3,16,13,3,6,-3,1122
48221,4591,A05,0,A00,A0,A0,E0,0,0,2018,3,41,43,9,7,2,2509
48223,4591,A05,0,A00,A0,A0,E0,0,0,2018,3,35,38,6,4,2,2521
48225,4591,A05,0,A00,A0,A0,E0,0,0,2018,3,,,,,,1234
48227,4591,A05,0,A00,A0,A0,E0,0,0,2018,3,18,21,9,6,3,1587
48231,4591,A05,0,A00,A0,A0,E0,0,0,2018,3,46,55,30,20,10,1188
48233,4591,A05,0,A00,A0,A0,E0,0,0,2018,3,,,,,,1355
48239,4591,A05,0,A00,A0,A0,E0,0,0,2018,3,,,,0,,1509
48241,4591,A05,0,A00,A0,A0,E0,0,0,2018,3,9,10,3,,1,1398
48245,4591,A05,0,A00,A0,A0,E0,0,0,2018,3,263,237,71,97,-26,2195
48249,4591,A05,0,A00,A0,A0,E0,0,0,2018,3,,,,,,1121
48251,4591,A05,0,A00,A0,A0,E0,0,0,2018,3,125,127,28,26,2,2013
48257,4591,A05,0,A00,A0,A0,E0,0,0,2018,3,12,14,4,,2,1409
48259,4591,A05,0,A00,A0,A0,E0,0,0,2018,3,79,82,17,14,3,2443
48265,4591,A05,0,A00,A0,A0,E0,0,0,2018,3,34,34,3,4,0,1477
48273,4591,A05,0,A00,A0,A0,E0,0,0,2018,3,,,,,,1112
48277,4591,A05,0,A00,A0,A0,E0,0,0,2018,3,50,52,15,13,2,1977
48281,4591,A05,0,A00,A0,A0,E0,0,0,2018,3,,,0,0,,3377
48285,4591,A05,0,A00,A0,A0,E0,0,0,2018,3,10,10,,,0,2334
48289,4591,A05,0,A00,A0,A0,E0,0,0,2018,3,,,,0,,1732
48291,4591,A05,0,A00,A0,A0,E0,0,0,2018,3,20,19,7,8,-1,1198
48293,4591,A05,0,A00,A0,A0,E0,0,0,2018,3,,,,,,1129
48297,4591,A05,0,A00,A0,A0,E0,0,0,2018,3,,,0,,,401
48299,4591,A05,0,A00,A0,A0,E0,0,0,2018,3,,,,0,,611
48303,4591,A05,0,A00,A0,A0,E0,0,0,2018,3,784,758,215,242,-26,1775
48307,4591,A05,0,A00,A0,A0,E0,0,0,2018,3,,,,,,2536
48309,4591,A05,0,A00,A0,A0,E0,0,0,2018,3,456,454,121,124,-3,1749
48321,4591,A05,0,A00,A0,A0,E0,0,0,2018,3,,,,,,1439
48323,4591,A05,0,A00,A0,A0,E0,0,0,2018,3,58,59,17,16,1,1338
48325,4591,A05,0,A00,A0,A0,E0,0,0,2018,3,,,0,0,,2683
48329,4591,A05,0,A00,A0,A0,E0,0,0,2018,3,306,302,119,123,-4,2403
48339,4591,A05,0,A00,A0,A0,E0,0,0,2018,3,785,748,184,222,-38,1915
48341,4591,A05,0,A00,A0,A0,E0,0,0,2018,3,,,,,,1220
48343,4591,A05,0,A00,A0,A0,E0,0,0,2018,3,0,,,0,,
48347,4591,A05,0,A00,A0,A0,E0,0,0,2018,3,91,98,27,20,7,2092
48349,4591,A05,0,A00,A0,A0,E0,0,0,2018,3,14,13,4,5,-1,1451
48353,4591,A05,0,A00,A0,A0,E0,0,0,2018,3,,,,,,1291
48355,4591,A05,0,A00,A0,A0,E0,0,0,2018,3,636,586,103,153,-50,1984
48361,4591,A05,0,A00,A0,A0,E0,0,0,2018,3,26,24,5,8,-3,2000
48365,4591,A05,0,A00,A0,A0,E0,0,0,2018,3,21,19,5,7,-3,1512
48367,4591,A05,0,A00,A0,A0,E0,0,0,2018,3,173,182,54,44,9,2128
48369,4591,A05,0,A00,A0,A0,E0,0,0,2018,3,,,0,0,,1603
48373,4591,A05,0,A00,A0,A0,E0,0,0,2018,3,29,29,9,8,1,1870
48375,4591,A05,0,A00,A0,A0,E0,0,0,2018,3,224,178,31,78,-47,1653
48379,4591,A05,0,A00,A0,A0,E0,0,0,2018,3,,,0,0,,1201
48381,4591,A05,0,A00,A0,A0,E0,0,0,2018,3,260,325,143,78,65,1918
48397,4591,A05,0,A00,A0,A0,E0,0,0,2018,3,234,249,85,70,15,2154
48401,4591,A05,0,A00,A0,A0,E0,0,0,2018,3,,,,,,1081
48409,4591,A05,0,A00,A0,A0,E0,0,0,2018,3,79,76,16,19,-2,1582
48415,4591,A05,0,A00,A0,A0,E0,0,0,2018,3,,,,,,1336
48419,4591,A05,0,A00,A0,A0,E0,0,0,2018,3,,,,,,1464
48423,4591,A05,0,A00,A0,A0,E0,0,0,2018,3,359,346,91,105,-14,1817
48427,4591,A05,0,A00,A0,A0,E0,0,0,2018,3,,,,,,1331
48439,4591,A05,0,A00,A0,A0,E0,0,0,2018,3,4640,4671,1211,1180,30,2311
48441,4591,A05,0,A00,A0,A0,E0,0,0,2018,3,199,199,54,53,0,1647
48449,4591,A05,0,A00,A0,A0,E0,0,0,2018,3,21,19,7,8,-2,1217
48451,4591,A05,0,A00,A0,A0,E0,0,0,2018,3,183,190,57,50,7,1757
48453,4591,A05,0,A00,A0,A0,E0,0,0,2018,3,2461,2524,647,584,63,2336
48457,4591,A05,0,A00,A0,A0,E0,0,0,2018,3,,,,,,1532
48463,4591,A05,0,A00,A0,A0,E0,0,0,2018,3,76,78,18,17,1,1811
48465,4591,A05,0,A00,A0,A0,E0,0,0,2018,3,18,19,3,2,1,1518
48467,4591,A05,0,A00,A0,A0,E0,0,0,2018,3,27,32,8,4,4,3471
48469,4591,A05,0,A00,A0,A0,E0,0,0,2018,3,170,168,40,42,-2,1672
48471,4591,A05,0,A00,A0,A0,E0,0,0,2018,3,107,108,18,17,1,2652
48477,4591,A05,0,A00,A0,A0,E0,0,0,2018,3,61,58,7,11,-4,2024
48479,4591,A05,0,A00,A0,A0,E0,0,0,2018,3,299,260,46,85,-39,1417
48481,4591,A05,0,A00,A0,A0,E0,0,0,2018,3,29,28,5,7,-1,2465
48485,4591,A05,0,A00,A0,A0,E0,0,0,2018,3,205,192,66,79,-13,1752
48487,4591,A05,0,A00,A0,A0,E0,0,0,2018,3,,,,,,1045
48489,4591,A05,0,A00,A0,A0,E0,0,0,2018,3,,,0,0,,1230
48491,4591,A05,0,A00,A0,A0,E0,0,0,2018,3,1040,1001,247,285,-39,1638
48497,4591,A05,0,A00,A0,A0,E0,0,0,2018,3,15,17,7,5,2,1330
48499,4591,A05,0,A00,A0,A0,E0,0,0,2018,3,,,,0,,2052
48501,4591,A05,0,A00,A0,A0,E0,0,0,2018,3,,,,,,517
48503,4591,A05,0,A00,A0,A0,E0,0,0,2018,3,,,,,,1564
48,4591,A05,0,A00,A0,A0,E0,0,0,2018,3,39749,38826,9988,10912,-923,2013
48001,4591,A05,0,A00,A0,A0,E0,0,0,2018,4,46,45,10,11,0,1549
48005,4591,A05,0,A00,A0,A0,E0,0,0,2018,4,84,91,26,20,7,2406
48007,4591,A05,0,A00,A0,A0,E0,0,0,2018,4,16,18,4,,3,4558
48013,4591,A05,0,A00,A0,A0,E0,0,0,2018,4,12,15,4,,3,2288
48015,4591,A05,0,A00,A0,A0,E0,0,0,2018,4,,,0,0,,1254
48019,4591,A05,0,A00,A0,A0,E0,0,0,2018,4,,,0,,,997
48021,4591,A05,0,A00,A0,A0,E0,0,0,2018,4,51,56,19,14,5,2296
48025,4591,A05,0,A00,A0,A0,E0,0,0,2018,4,13,14,5,3,1,1431
48027,4591,A05,0,A00,A0,A0,E0,0,0,2018,4,350,387,128,92,37,1872
48029,4591,A05,0,A00,A0,A0,E0,0,0,2018,4,2933,3209,997,721,276,1986
48031,4591,A05,0,A00,A0,A0,E0,0,0,2018,4,,,,,,1457
48037,4591,A05,0,A00,A0,A0,E0,0,0,2018,4,168,184,73,57,15,2624
48039,4591,A05,0,A00,A0,A0,E0,0,0,2018,4,318,360,124,82,42,1937
48041,4591,A05,0,A00,A0,A0,E0,0,0,2018,4,328,351,95,71,24,2016
48049,4591,A05,0,A00,A0,A0,E0,0,0,2018,4,20,24,9,5,4,1699
48053,4591,A05,0,A00,A0,A0,E0,0,0,2018,4,8,12,5,,4,1144
48055,4591,A05,0,A00,A0,A0,E0,0,0,2018,4,,,,0,,1684
48057,4591,A05,0,A00,A0,A0,E0,0,0,2018,4,,,,,,1391
48059,4591,A05,0,A00,A0,A0,E0,0,0,2018,4,,,0,0,,2643
48061,4591,A05,0,A00,A0,A0,E0,0,0,2018,4,462,546,168,83,85,1637
48067,4591,A05,0,A00,A0,A0,E0,0,0,2018,4,,,,,,1192
48069,4591,A05,0,A00,A0,A0,E0,0,0,2018,4,,,,0,,1946
48071,4591,A05,0,A00,A0,A0,E0,0,0,2018,4,0,,,0,,
48073,4591,A05,0,A00,A0,A0,E0,0,0,2018,4,,,,,,1208
48075,4591,A05,0,A00,A0,A0,E0,0,0,2018,4,,,0,0,,2721
48083,4591,A05,0,A00,A0,A0,E0,0,0,2018,4,,,0,0,,3965
48085,4591,A05,0,A00,A0,A0,E0,0,0,2018,4,2490,2649,720,562,159,2378
48089,4591,A05,0,A00,A0,A0,E0,0,0,2018,4,7,6,,,0,1137
48091,4591,A05,0,A00,A0,A0,E0,0,0,2018,4,303,320,70,54,16,2032
48097,4591,A05,0,A00,A0,A0,E0,0,0,2018,4,20,25,16,11,5,1280
48099,4591,A05,0,A00,A0,A0,E0,0,0,2018,4,19,19,3,3,0,1484
48113,4591,A05,0,A00,A0,A0,E0,0,0,2018,4,3536,3973,1323,887,437,2522
48117,4591,A05,0,A00,A0,A0,E0,0,0,2018,4,,,,,,1407
48121,4591,A05,0,A00,A0,A0,E0,0,0,2018,4,1065,1139,337,264,74,2332
48135,4591,A05,0,A00,A0,A0,E0,0,0,2018,4,270,260,81,91,-11,2841
48139,4591,A05,0,A00,A0,A0,E0,0,0,2018,4,116,132,54,38,16,1604
48141,4591,A05,0,A00,A0,A0,E0,0,0,2018,4,1035,1164,409,280,129,1855
48143,4591,A05,0,A00,A0,A0,E0,0,0,2018,4,32,32,6,6,0,1729
48147,4591,A05,0,A00,A0,A0,E0,0,0,2018,4,,,0,0,,6733
48157,4591,A05,0,A00,A0,A0,E0,0,0,2018,4,922,1026,291,186,104,2799
48159,4591,A05,0,A00,A0,A0,E0,0,0,2018,4,,,,,,3953
48163,4591,A05,0,A00,A0,A0,E0,0,0,2018,4,,,,,,3713
48165,4591,A05,0,A00,A0,A0,E0,0,0,2018,4,,,,,,826
48167,4591,A05,0,A00,A0,A0,E0,0,0,2018,4,377,415,150,112,38,1712
48171,4591,A05,0,A00,A0,A0,E0,0,0,2018,4,20,21,4,3,1,995
48175,4591,A05,0,A00,A0,A0,E0,0,0,2018,4,,,0,0,,1114
48179,4591,A05,0,A00,A0,A0,E0,0,0,2018,4,24,22,4,6,-1,1150
48181,4591,A05,0,A00,A0,A0,E0,0,0,2018,4,202,222,70,50,20,2282
48183,4591,A05,0,A00,A0,A0,E0,0,0,2018,4,285,299,83,69,14,2463
48185,4591,A05,0,A00,A0,A0,E0,0,0,2018,4,0,,,,,
48187,4591,A05,0,A00,A0,A0,E0,0,0,2018,4,44,55,26,14,12,1662
48189,4591,A05,0,A00,A0,A0,E0,0,0,2018,4,,,,,,1534
48199,4591,A05,0,A00,A0,A0,E0,0,0,2018,4,18,21,7,4,3,1950
48201,4591,A05,0,A00,A0,A0,E0,0,0,2018,4,6517,7247,2276,1545,731,2246
48203,4591,A05,0,A00,A0,A0,E0,0,0,2018,4,26,25,6,7,-1,2037
48207,4591,A05,0,A00,A0,A0,E0,0,0,2018,4,,,0,0,,2271
48209,4591,A05,0,A00,A0,A0,E0,0,0,2018,4,748,821,219,146,73,1921
48213,4591,A05,0,A00,A0,A0,E0,0,0,2018,4,35,33,6,8,-2,1091
48215,4591,A05,0,A00,A0,A0,E0,0,0,2018,4,845,980,331,196,135,1698
48217,4591,A05,0,A00,A0,A0,E0,0,0,2018,4,,,,,,851
48219,4591,A05,0,A00,A0,A0,E0,0,0,2018,4,13,13,3,4,-1,1322
48221,4591,A05,0,A00,A0,A0,E0,0,0,2018,4,43,41,12,14,-2,2459
48223,4591,A05,0,A00,A0,A0,E0,0,0,2018,4,38,39,7,6,1,2236
48225,4591,A05,0,A00,A0,A0,E0,0,0,2018,4,,,,,,1486
48227,4591,A05,0,A00,A0,A0,E0,0,0,2018,4,21,19,7,9,-2,1669
48231,4591,A05,0,A00,A0,A0,E0,0,0,2018,4,55,70,40,25,15,1341
48233,4591,A05,0,A00,A0,A0,E0,0,0,2018,4,,,,,,1559
48239,4591,A05,0,A00,A0,A0,E0,0,0,2018,4,,,,,,1261
48241,4591,A05,0,A00,A0,A0,E0,0,0,2018,4,10,10,2,,0,1082
48245,4591,A05,0,A00,A0,A0,E0,0,0,2018,4,237,264,98,71,27,2422
48249,4591,A05,0,A00,A0,A0,E0,0,0,2018,4,,,,,,1169
48251,4591,A05,0,A00,A0,A0,E0,0,0,2018,4,127,144,53,35,17,2269
48257,4591,A05,0,A00,A0,A0,E0,0,0,2018,4,14,19,8,4,5,1660
48259,4591,A05,0,A00,A0,A0,E0,0,0,2018,4,82,91,24,16,8,2487
48265,4591,A05,0,A00,A0,A0,E0,0,0,2018,4,34,35,8,7,1,1521
48273,4591,A05,0,A00,A0,A0,E0,0,0,2018,4,,,,,,1339
48277,4591,A05,0,A00,A0,A0,E0,0,0,2018,4,52,53,9,8,1,2260
48281,4591,A05,0,A00,A0,A0,E0,0,0,2018,4,,,0,0,,3136
48285,4591,A05,0,A00,A0,A0,E0,0,0,2018,4,10,10,,,0,2452
48289,4591,A05,0,A00,A0,A0,E0,0,0,2018,4,,,0,,,1576
48291,4591,A05,0,A00,A0,A0,E0,0,0,2018,4,19,25,12,6,6,1309
48293,4591,A05,0,A00,A0,A0,E0,0,0,2018,4,,,,,,1353
48297,4591,A05,0,A00,A0,A0,E0,0,0,2018,4,,,,,,1218
48299,4591,A05,0,A00,A0,A0,E0,0,0,2018,4,,,0,0,,453
48303,4591,A05,0,A00,A0,A0,E0,0,0,2018,4,762,798,214,178,36,1923
48307,4591,A05,0,A00,A0,A0,E0,0,0,2018,4,,,0,0,,3019
48309,4591,A05,0,A00,A0,A0,E0,0,0,2018,4,450,490,142,101,41,1881
48321,4591,A05,0,A00,A0,A0,E0,0,0,2018,4,,,,,,1431
48323,4591,A05,0,A00,A0,A0,E0,0,0,2018,4,59,68,19,10,9,1613
48325,4591,A05,0,A00,A0,A0,E0,0,0,2018,4,,,0,0,,2705
48329,4591,A05,0,A00,A0,A0,E0,0,0,2018,4,302,305,118,115,2,2792
48339,4591,A05,0,A00,A0,A0,E0,0,0,2018,4,747,810,249,186,63,2180
48341,4591,A05,0,A00,A0,A0,E0,0,0,2018,4,,,,,,1435
48343,4591,A05,0,A00,A0,A0,E0,0,0,2018,4,,,,,,1330
48347,4591,A05,0,A00,A0,A0,E0,0,0,2018,4,98,98,25,25,0,2240
48349,4591,A05,0,A00,A0,A0,E0,0,0,2018,4,13,18,9,5,4,1748
48353,4591,A05,0,A00,A0,A0,E0,0,0,2018,4,,,,,,1592
48355,4591,A05,0,A00,A0,A0,E0,0,0,2018,4,582,617,157,122,35,2260
48361,4591,A05,0,A00,A0,A0,E0,0,0,2018,4,24,23,9,9,0,1567
48365,4591,A05,0,A00,A0,A0,E0,0,0,2018,4,19,21,5,3,3,1736
48367,4591,A05,0,A00,A0,A0,E0,0,0,2018,4,182,196,49,35,14,2197
48369,4591,A05,0,A00,A0,A0,E0,0,0,2018,4,,,0,0,,1644
48373,4591,A05,0,A00,A0,A0,E0,0,0,2018,4,29,34,9,4,5,1749
48375,4591,A05,0,A00,A0,A0,E0,0,0,2018,4,177,200,62,39,22,2097
48379,4591,A05,0,A00,A0,A0,E0,0,0,2018,4,,,0,0,,1068
48381,4591,A05,0,A00,A0,A0,E0,0,0,2018,4,325,320,93,99,-6,1788
48397,4591,A05,0,A00,A0,A0,E0,0,0,2018,4,248,271,85,62,23,2322
48401,4591,A05,0,A00,A0,A0,E0,0,0,2018,4,,,,,,1271
48409,4591,A05,0,A00,A0,A0,E0,0,0,2018,4,76,83,25,19,7,1773
48415,4591,A05,0,A00,A0,A0,E0,0,0,2018,4,,,,,,1840
48419,4591,A05,0,A00,A0,A0,E0,0,0,2018,4,,,,,,1519
48423,4591,A05,0,A00,A0,A0,E0,0,0,2018,4,346,367,106,84,22,2064
48427,4591,A05,0,A00,A0,A0,E0,0,0,2018,4,,,,,,1476
48439,4591,A05,0,A00,A0,A0,E0,0,0,2018,4,4654,5053,1509,1109,399,2516
48441,4591,A05,0,A00,A0,A0,E0,0,0,2018,4,199,219,78,57,20,1719
48449,4591,A05,0,A00,A0,A0,E0,0,0,2018,4,19,22,9,5,3,1496
48451,4591,A05,0,A00,A0,A0,E0,0,0,2018,4,190,203,61,48,13,1948
48453,4591,A05,0,A00,A0,A0,E0,0,0,2018,4,2526,2802,990,714,276,2790
48457,4591,A05,0,A00,A0,A0,E0,0,0,2018,4,,,0,0,,1920
48463,4591,A05,0,A00,A0,A0,E0,0,0,2018,4,78,72,18,23,-5,2067
48465,4591,A05,0,A00,A0,A0,E0,0,0,2018,4,19,22,7,3,3,1543
48467,4591,A05,0,A00,A0,A0,E0,0,0,2018,4,32,30,3,4,-2,3329
48469,4591,A05,0,A00,A0,A0,E0,0,0,2018,4,168,177,51,42,9,1859
48471,4591,A05,0,A00,A0,A0,E0,0,0,2018,4,108,96,17,29,-12,3086
48477,4591,A05,0,A00,A0,A0,E0,0,0,2018,4,58,58,14,14,0,2192
48479,4591,A05,0,A00,A0,A0,E0,0,0,2018,4,260,300,89,49,39,1714
48481,4591,A05,0,A00,A0,A0,E0,0,0,2018,4,28,27,4,5,0,2565
48485,4591,A05,0,A00,A0,A0,E0,0,0,2018,4,192,200,69,60,8,1957
48487,4591,A05,0,A00,A0,A0,E0,0,0,2018,4,,,,0,,1376
48489,4591,A05,0,A00,A0,A0,E0,0,0,2018,4,,,0,0,,740
48491,4591,A05,0,A00,A0,A0,E0,0,0,2018,4,994,1103,377,268,109,1845
48497,4591,A05,0,A00,A0,A0,E0,0,0,2018,4,17,20,8,5,3,1441
48499,4591,A05,0,A00,A0,A0,E0,0,0,2018,4,,,,,,2161
48501,4591,A05,0,A00,A0,A0,E0,0,0,2018,4,,,,,,1251
48503,4591,A05,0,A00,A0,A0,E0,0,0,2018,4,,,,,,1854
48,4591,A05,0,A00,A0,A0,E0,0,0,2018,4,38831,42534,13241,9539,3702,2249
48001,4591,A05,0,A00,A0,A0,E0,0,0,2019,1,45,43,4,6,-2,1614
48005,4591,A05,0,A00,A0,A0,E0,0,0,2019,1,91,81,8,17,-10,2079
48007,4591,A05,0,A00,A0,A0,E0,0,0,2019,1,18,14,0,4,-4,3079
48013,4591,A05,0,A00,A0,A0,E0,0,0,2019,1,15,13,,4,-2,1825
48015,4591,A05,0,A00,A0,A0,E0,0,0,2019,1,,,0,0,,1213
48019,4591,A05,0,A00,A0,A0,E0,0,0,2019,1,,,,0,,1246
48021,4591,A05,0,A00,A0,A0,E0,0,0,2019,1,56,51,8,14,-5,1770
48025,4591,A05,0,A00,A0,A0,E0,0,0,2019,1,14,12,,3,-2,1328
48027,4591,A05,0,A00,A0,A0,E0,0,0,2019,1,387,338,34,83,-49,1544
48029,4591,A05,0,A00,A0,A0,E0,0,0,2019,1,3172,2847,383,709,-325,1693
48031,4591,A05,0,A00,A0,A0,E0,0,0,2019,1,,,,,,2690
48037,4591,A05,0,A00,A0,A0,E0,0,0,2019,1,184,166,26,44,-18,2191
48039,4591,A05,0,A00,A0,A0,E0,0,0,2019,1,360,307,33,86,-53,1473
48041,4591,A05,0,A00,A0,A0,E0,0,0,2019,1,346,328,52,70,-18,1706
48049,4591,A05,0,A00,A0,A0,E0,0,0,2019,1,24,21,4,7,-3,1726
48053,4591,A05,0,A00,A0,A0,E0,0,0,2019,1,12,10,0,2,-2,932
48055,4591,A05,0,A00,A0,A0,E0,0,0,2019,1,,,,,,1540
48057,4591,A05,0,A00,A0,A0,E0,0,0,2019,1,,,0,0,,1656
48059,4591,A05,0,A00,A0,A0,E0,0,0,2019,1,,,0,0,,2079
48061,4591,A05,0,A00,A0,A0,E0,0,0,2019,1,546,483,54,116,-63,1380
48065,4591,A05,0,A00,A0,A0,E0,0,0,2019,1,0,,,0,,
48067,4591,A05,0,A00,A0,A0,E0,0,0,2019,1,,,,,,1053
48069,4591,A05,0,A00,A0,A0,E0,0,0,2019,1,,,0,,,627
48071,4591,A05,0,A00,A0,A0,E0,0,0,2019,1,,,,0,,313
48073,4591,A05,0,A00,A0,A0,E0,0,0,2019,1,,,,,,999
48075,4591,A05,0,A00,A0,A0,E0,0,0,2019,1,,,0,0,,2721
48083,4591,A05,0,A00,A0,A0,E0,0,0,2019,1,,,0,0,,3317
48085,4591,A05,0,A00,A0,A0,E0,0,0,2019,1,2641,2415,325,551,-226,2091
48089,4591,A05,0,A00,A0,A0,E0,0,0,2019,1,6,7,,,1,1191
48091,4591,A05,0,A00,A0,A0,E0,0,0,2019,1,319,293,48,74,-26,1741
48097,4591,A05,0,A00,A0,A0,E0,0,0,2019,1,25,20,7,12,-5,1720
48099,4591,A05,0,A00,A0,A0,E0,0,0,2019,1,19,19,3,3,0,1725
48113,4591,A05,0,A00,A0,A0,E0,0,0,2019,1,4031,3588,530,972,-443,2323
48117,4591,A05,0,A00,A0,A0,E0,0,0,2019,1,,,,,,985
48121,4591,A05,0,A00,A0,A0,E0,0,0,2019,1,1164,1062,129,232,-102,2115
48135,4591,A05,0,A00,A0,A0,E0,0,0,2019,1,260,252,46,54,-8,2796
48139,4591,A05,0,A00,A0,A0,E0,0,0,2019,1,132,114,16,34,-19,1380
48141,4591,A05,0,A00,A0,A0,E0,0,0,2019,1,1158,1019,109,249,-139,1554
48143,4591,A05,0,A00,A0,A0,E0,0,0,2019,1,32,29,3,6,-3,1619
48147,4591,A05,0,A00,A0,A0,E0,0,0,2019,1,,,0,0,,6267
48157,4591,A05,0,A00,A0,A0,E0,0,0,2019,1,1028,916,82,194,-112,2344
48159,4591,A05,0,A00,A0,A0,E0,0,0,2019,1,,,,,,2569
48163,4591,A05,0,A00,A0,A0,E0,0,0,2019,1,,,0,,,4267
48165,4591,A05,0,A00,A0,A0,E0,0,0,2019,1,,,,,,614
48167,4591,A05,0,A00,A0,A0,E0,0,0,2019,1,415,383,57,89,-32,1540
48171,4591,A05,0,A00,A0,A0,E0,0,0,2019,1,21,19,,3,-2,876
48175,4591,A05,0,A00,A0,A0,E0,0,0,2019,1,,,0,0,,1074
48179,4591,A05,0,A00,A0,A0,E0,0,0,2019,1,22,21,,,-1,966
48181,4591,A05,0,A00,A0,A0,E0,0,0,2019,1,222,190,19,51,-32,1818
48183,4591,A05,0,A00,A0,A0,E0,0,0,2019,1,299,269,29,58,-30,1842
48185,4591,A05,0,A00,A0,A0,E0,0,0,2019,1,,,0,,,2440
48187,4591,A05,0,A00,A0,A0,E0,0,0,2019,1,55,46,5,14,-9,1255
48189,4591,A05,0,A00,A0,A0,E0,0,0,2019,1,,,,,,988
48199,4591,A05,0,A00,A0,A0,E0,0,0,2019,1,21,22,6,5,1,1637
48201,4591,A05,0,A00,A0,A0,E0,0,0,2019,1,7261,6410,649,1499,-850,1831
48203,4591,A05,0,A00,A0,A0,E0,0,0,2019,1,25,22,3,6,-3,2561
48207,4591,A05,0,A00,A0,A0,E0,0,0,2019,1,,,0,0,,2271
48209,4591,A05,0,A00,A0,A0,E0,0,0,2019,1,821,766,83,138,-55,1686
48213,4591,A05,0,A00,A0,A0,E0,0,0,2019,1,33,32,8,8,-1,1097
48215,4591,A05,0,A00,A0,A0,E0,0,0,2019,1,979,874,111,216,-105,1350
48217,4591,A05,0,A00,A0,A0,E0,0,0,2019,1,,,,,,589
48219,4591,A05,0,A00,A0,A0,E0,0,0,2019,1,13,12,3,3,0,1291
48221,4591,A05,0,A00,A0,A0,E0,0,0,2019,1,41,34,3,10,-7,2502
48223,4591,A05,0,A00,A0,A0,E0,0,0,2019,1,39,37,,3,-1,2075
48225,4591,A05,0,A00,A0,A0,E0,0,0,2019,1,,,,,,1205
48227,4591,A05,0,A00,A0,A0,E0,0,0,2019,1,19,18,6,7,-1,1668
48231,4591,A05,0,A00,A0,A0,E0,0,0,2019,1,70,59,15,26,-11,1197
48233,4591,A05,0,A00,A0,A0,E0,0,0,2019,1,,,,,,1264
48239,4591,A05,0,A00,A0,A0,E0,0,0,2019,1,,,0,0,,1194
48241,4591,A05,0,A00,A0,A0,E0,0,0,2019,1,10,10,,,0,1219
48245,4591,A05,0,A00,A0,A0,E0,0,0,2019,1,264,232,31,63,-32,2081
48249,4591,A05,0,A00,A0,A0,E0,0,0,2019,1,,,,,,995
48251,4591,A05,0,A00,A0,A0,E0,0,0,2019,1,144,122,22,44,-21,1781
48257,4591,A05,0,A00,A0,A0,E0,0,0,2019,1,19,16,,5,-3,1206
48259,4591,A05,0,A00,A0,A0,E0,0,0,2019,1,91,94,28,24,4,2108
48265,4591,A05,0,A00,A0,A0,E0,0,0,2019,1,35,33,5,7,-2,1385
48273,4591,A05,0,A00,A0,A0,E0,0,0,2019,1,,,,,,1079
48277,4591,A05,0,A00,A0,A0,E0,0,0,2019,1,53,51,8,9,-2,1938
48281,4591,A05,0,A00,A0,A0,E0,0,0,2019,1,,,0,0,,2895
48285,4591,A05,0,A00,A0,A0,E0,0,0,2019,1,10,10,,,0,2297
48289,4591,A05,0,A00,A0,A0,E0,0,0,2019,1,,,0,,,1599
48291,4591,A05,0,A00,A0,A0,E0,0,0,2019,1,25,22,3,6,-3,1107
48293,4591,A05,0,A00,A0,A0,E0,0,0,2019,1,,,,,,1083
48297,4591,A05,0,A00,A0,A0,E0,0,0,2019,1,,,0,0,,1293
48299,4591,A05,0,A00,A0,A0,E0,0,0,2019,1,,,0,0,,567
48303,4591,A05,0,A00,A0,A0,E0,0,0,2019,1,798,749,97,147,-49,1784
48307,4591,A05,0,A00,A0,A0,E0,0,0,2019,1,,,0,,,2176
48309,4591,A05,0,A00,A0,A0,E0,0,0,2019,1,485,413,48,119,-71,1624
48321,4591,A05,0,A00,A0,A0,E0,0,0,2019,1,,,,,,1214
48323,4591,A05,0,A00,A0,A0,E0,0,0,2019,1,68,61,5,12,-7,1269
48325,4591,A05,0,A00,A0,A0,E0,0,0,2019,1,,,0,0,,2439
48329,4591,A05,0,A00,A0,A0,E0,0,0,2019,1,286,264,70,92,-22,2071
48337,4591,A05,0,A00,A0,A0,E0,0,0,2019,1,,0,0,,,482
48339,4591,A05,0,A00,A0,A0,E0,0,0,2019,1,810,714,100,195,-95,1893
48341,4591,A05,0,A00,A0,A0,E0,0,0,2019,1,,,,,,962
48343,4591,A05,0,A00,A0,A0,E0,0,0,2019,1,,0,,,,169
48347,4591,A05,0,A00,A0,A0,E0,0,0,2019,1,98,82,4,20,-16,1924
48349,4591,A05,0,A00,A0,A0,E0,0,0,2019,1,18,13,2,7,-4,1242
48353,4591,A05,0,A00,A0,A0,E0,0,0,2019,1,,,,,,1358
48355,4591,A05,0,A00,A0,A0,E0,0,0,2019,1,617,567,68,118,-50,1961
48361,4591,A05,0,A00,A0,A0,E0,0,0,2019,1,23,21,,4,-2,1690
48365,4591,A05,0,A00,A0,A0,E0,0,0,2019,1,21,21,3,4,-1,1585
48367,4591,A05,0,A00,A0,A0,E0,0,0,2019,1,196,181,27,41,-14,2071
48369,4591,A05,0,A00,A0,A0,E0,0,0,2019,1,,,0,0,,2033
48373,4591,A05,0,A00,A0,A0,E0,0,0,2019,1,34,32,5,8,-2,1514
48375,4591,A05,0,A00,A0,A0,E0,0,0,2019,1,200,171,16,44,-29,1643
48379,4591,A05,0,A00,A0,A0,E0,0,0,2019,1,,,0,0,,853
48381,4591,A05,0,A00,A0,A0,E0,0,0,2019,1,320,271,19,68,-49,1602
48397,4591,A05,0,A00,A0,A0,E0,0,0,2019,1,271,236,40,75,-35,1910
48401,4591,A05,0,A00,A0,A0,E0,0,0,2019,1,,,,,,1077
48409,4591,A05,0,A00,A0,A0,E0,0,0,2019,1,83,76,10,17,-7,1439
48415,4591,A05,0,A00,A0,A0,E0,0,0,2019,1,,,,,,1640
48419,4591,A05,0,A00,A0,A0,E0,0,0,2019,1,,,,,,1170
48423,4591,A05,0,A00,A0,A0,E0,0,0,2019,1,367,328,35,74,-39,1795
48427,4591,A05,0,A00,A0,A0,E0,0,0,2019,1,,,,,,1306
48439,4591,A05,0,A00,A0,A0,E0,0,0,2019,1,5088,4482,507,1114,-607,2120
48441,4591,A05,0,A00,A0,A0,E0,0,0,2019,1,219,196,26,49,-23,1476
48449,4591,A05,0,A00,A0,A0,E0,0,0,2019,1,22,19,5,8,-3,1425
48451,4591,A05,0,A00,A0,A0,E0,0,0,2019,1,203,175,18,46,-28,1634
48453,4591,A05,0,A00,A0,A0,E0,0,0,2019,1,2846,2498,301,649,-348,2280
48457,4591,A05,0,A00,A0,A0,E0,0,0,2019,1,,,,0,,2176
48463,4591,A05,0,A00,A0,A0,E0,0,0,2019,1,75,41,12,46,-34,1695
48465,4591,A05,0,A00,A0,A0,E0,0,0,2019,1,22,20,,4,-2,1347
48467,4591,A05,0,A00,A0,A0,E0,0,0,2019,1,30,26,,6,-4,3212
48469,4591,A05,0,A00,A0,A0,E0,0,0,2019,1,177,154,16,39,-23,1514
48471,4591,A05,0,A00,A0,A0,E0,0,0,2019,1,96,92,13,17,-4,2599
48477,4591,A05,0,A00,A0,A0,E0,0,0,2019,1,58,49,9,18,-9,1826
48479,4591,A05,0,A00,A0,A0,E0,0,0,2019,1,312,276,23,59,-36,1302
48481,4591,A05,0,A00,A0,A0,E0,0,0,2019,1,27,26,2,4,-1,2232
48485,4591,A05,0,A00,A0,A0,E0,0,0,2019,1,200,168,14,46,-32,1838
48487,4591,A05,0,A00,A0,A0,E0,0,0,2019,1,,,,,,966
48489,4591,A05,0,A00,A0,A0,E0,0,0,2019,1,,,,0,,322
48491,4591,A05,0,A00,A0,A0,E0,0,0,2019,1,1092,974,118,236,-118,1581
48497,4591,A05,0,A00,A0,A0,E0,0,0,2019,1,20,14,3,9,-6,1085
48499,4591,A05,0,A00,A0,A0,E0,0,0,2019,1,,,,,,1948
48501,4591,A05,0,A00,A0,A0,E0,0,0,2019,1,,,,,,206
48503,4591,A05,0,A00,A0,A0,E0,0,0,2019,1,,,,,,943
48,4591,A05,0,A00,A0,A0,E0,0,0,2019,1,42640,38004,4697,9333,-4636,1916
48001,4591,A05,0,A00,A0,A0,E0,0,0,2019,2,43,50,17,10,7,1539
48005,4591,A05,0,A00,A0,A0,E0,0,0,2019,2,81,82,18,18,0,2600
48007,4591,A05,0,A00,A0,A0,E0,0,0,2019,2,,,,,,4516
48013,4591,A05,0,A00,A0,A0,E0,0,0,2019,2,13,12,,,-1,2352
48015,4591,A05,0,A00,A0,A0,E0,0,0,2019,2,,,0,0,,1283
48019,4591,A05,0,A00,A0,A0,E0,0,0,2019,2,,,0,0,,999
48021,4591,A05,0,A00,A0,A0,E0,0,0,2019,2,51,50,8,9,-1,2492
48025,4591,A05,0,A00,A0,A0,E0,0,0,2019,2,12,14,4,,2,1596
48027,4591,A05,0,A00,A0,A0,E0,0,0,2019,2,338,327,65,76,-11,1860
48029,4591,A05,0,A00,A0,A0,E0,0,0,2019,2,2829,2814,558,573,-15,1949
48031,4591,A05,0,A00,A0,A0,E0,0,0,2019,2,,,,,,1201
48037,4591,A05,0,A00,A0,A0,E0,0,0,2019,2,166,158,34,41,-7,3433
48039,4591,A05,0,A00,A0,A0,E0,0,0,2019,2,307,304,58,62,-3,1931
48041,4591,A05,0,A00,A0,A0,E0,0,0,2019,2,328,316,56,69,-12,1942
48049,4591,A05,0,A00,A0,A0,E0,0,0,2019,2,21,20,5,6,-1,1669
48053,4591,A05,0,A00,A0,A0,E0,0,0,2019,2,10,9,,,-1,1082
48055,4591,A05,0,A00,A0,A0,E0,0,0,2019,2,,,0,0,,1593
48057,4591,A05,0,A00,A0,A0,E0,0,0,2019,2,,,,,,1762
48059,4591,A05,0,A00,A0,A0,E0,0,0,2019,2,,,,0,,2317
48061,4591,A05,0,A00,A0,A0,E0,0,0,2019,2,483,476,70,77,-7,1611
48065,4591,A05,0,A00,A0,A0,E0,0,0,2019,2,,,0,0,,6970
48067,4591,A05,0,A00,A0,A0,E0,0,0,2019,2,,,,,,1175
48069,4591,A05,0,A00,A0,A0,E0,0,0,2019,2,,0,0,,,263
48071,4591,A05,0,A00,A0,A0,E0,0,0,2019,2,,,0,,,836
48073,4591,A05,0,A00,A0,A0,E0,0,0,2019,2,,,,,,1030
48075,4591,A05,0,A00,A0,A0,E0,0,0,2019,2,,,0,0,,2721
48083,4591,A05,0,A00,A0,A0,E0,0,0,2019,2,,,0,0,,3513
48085,4591,A05,0,A00,A0,A0,E0,0,0,2019,2,2413,2437,486,462,24,2478
48089,4591,A05,0,A00,A0,A0,E0,0,0,2019,2,7,9,,0,1,1407
48091,4591,A05,0,A00,A0,A0,E0,0,0,2019,2,294,312,93,75,18,1866
48097,4591,A05,0,A00,A0,A0,E0,0,0,2019,2,20,18,6,8,-2,2013
48099,4591,A05,0,A00,A0,A0,E0,0,0,2019,2,19,18,6,8,-1,1830
48113,4591,A05,0,A00,A0,A0,E0,0,0,2019,2,3573,3631,708,650,59,2747
48117,4591,A05,0,A00,A0,A0,E0,0,0,2019,2,,,,,,1157
48121,4591,A05,0,A00,A0,A0,E0,0,0,2019,2,1062,1040,178,200,-22,2626
48135,4591,A05,0,A00,A0,A0,E0,0,0,2019,2,252,268,71,55,16,3138
48139,4591,A05,0,A00,A0,A0,E0,0,0,2019,2,114,96,26,44,-17,1810
48141,4591,A05,0,A00,A0,A0,E0,0,0,2019,2,1019,1001,175,194,-19,2026
48143,4591,A05,0,A00,A0,A0,E0,0,0,2019,2,29,26,5,8,-3,1784
48147,4591,A05,0,A00,A0,A0,E0,0,0,2019,2,,,0,0,,6917
48157,4591,A05,0,A00,A0,A0,E0,0,0,2019,2,915,909,151,156,-6,2840
48159,4591,A05,0,A00,A0,A0,E0,0,0,2019,2,,,,,,3627
48163,4591,A05,0,A00,A0,A0,E0,0,0,2019,2,,,,,,4039
48165,4591,A05,0,A00,A0,A0,E0,0,0,2019,2,,,,,,660
48167,4591,A05,0,A00,A0,A0,E0,0,0,2019,2,383,380,84,87,-3,1709
48171,4591,A05,0,A00,A0,A0,E0,0,0,2019,2,19,17,,3,-2,955
48175,4591,A05,0,A00,A0,A0,E0,0,0,2019,2,,,0,0,,999
48179,4591,A05,0,A00,A0,A0,E0,0,0,2019,2,21,23,6,4,2,1328
48181,4591,A05,0,A00,A0,A0,E0,0,0,2019,2,190,188,37,39,-2,2187
48183,4591,A05,0,A00,A0,A0,E0,0,0,2019,2,269,275,56,51,6,2427
48185,4591,A05,0,A00,A0,A0,E0,0,0,2019,2,,,,0,,10220
48187,4591,A05,0,A00,A0,A0,E0,0,0,2019,2,46,48,11,9,2,1669
48189,4591,A05,0,A00,A0,A0,E0,0,0,2019,2,,,,,,1208
48199,4591,A05,0,A00,A0,A0,E0,0,0,2019,2,22,17,,7,-5,1862
48201,4591,A05,0,A00,A0,A0,E0,0,0,2019,2,6442,6448,1219,1214,6,2199
48203,4591,A05,0,A00,A0,A0,E0,0,0,2019,2,22,24,5,4,1,2281
48207,4591,A05,0,A00,A0,A0,E0,0,0,2019,2,,,0,0,,2271
48209,4591,A05,0,A00,A0,A0,E0,0,0,2019,2,766,743,100,123,-23,1778
48213,4591,A05,0,A00,A0,A0,E0,0,0,2019,2,32,33,6,6,1,1172
48215,4591,A05,0,A00,A0,A0,E0,0,0,2019,2,874,849,127,152,-25,1597
48217,4591,A05,0,A00,A0,A0,E0,0,0,2019,2,,,,,,579
48219,4591,A05,0,A00,A0,A0,E0,0,0,2019,2,12,15,5,3,2,1441
48221,4591,A05,0,A00,A0,A0,E0,0,0,2019,2,34,32,3,5,-2,3399
48223,4591,A05,0,A00,A0,A0,E0,0,0,2019,2,37,34,3,6,-3,2181
48225,4591,A05,0,A00,A0,A0,E0,0,0,2019,2,,,,,,1462
48227,4591,A05,0,A00,A0,A0,E0,0,0,2019,2,18,17,4,5,-2,1817
48231,4591,A05,0,A00,A0,A0,E0,0,0,2019,2,59,64,29,24,4,1543
48233,4591,A05,0,A00,A0,A0,E0,0,0,2019,2,,,,,,1596
48239,4591,A05,0,A00,A0,A0,E0,0,0,2019,2,,,,0,,1155
48241,4591,A05,0,A00,A0,A0,E0,0,0,2019,2,10,11,3,,1,1833
48245,4591,A05,0,A00,A0,A0,E0,0,0,2019,2,232,249,65,47,17,2866
48249,4591,A05,0,A00,A0,A0,E0,0,0,2019,2,16,17,8,7,1,1324
48251,4591,A05,0,A00,A0,A0,E0,0,0,2019,2,122,123,28,28,1,2032
48257,4591,A05,0,A00,A0,A0,E0,0,0,2019,2,16,21,6,,5,1563
48259,4591,A05,0,A00,A0,A0,E0,0,0,2019,2,94,98,20,15,4,2428
48265,4591,A05,0,A00,A0,A0,E0,0,0,2019,2,33,32,6,6,0,1580
48273,4591,A05,0,A00,A0,A0,E0,0,0,2019,2,,,,,,1337
48277,4591,A05,0,A00,A0,A0,E0,0,0,2019,2,51,50,5,7,-2,2183
48281,4591,A05,0,A00,A0,A0,E0,0,0,2019,2,,0,0,,,965
48285,4591,A05,0,A00,A0,A0,E0,0,0,2019,2,10,12,4,3,2,2570
48289,4591,A05,0,A00,A0,A0,E0,0,0,2019,2,,,0,,,1221
48291,4591,A05,0,A00,A0,A0,E0,0,0,2019,2,22,23,6,6,0,1301
48293,4591,A05,0,A00,A0,A0,E0,0,0,2019,2,,,,,,1263
48297,4591,A05,0,A00,A0,A0,E0,0,0,2019,2,,,,,,934
48299,4591,A05,0,A00,A0,A0,E0,0,0,2019,2,,,0,0,,439
48303,4591,A05,0,A00,A0,A0,E0,0,0,2019,2,749,756,150,143,7,1820
48307,4591,A05,0,A00,A0,A0,E0,0,0,2019,2,,,,0,,2750
48309,4591,A05,0,A00,A0,A0,E0,0,0,2019,2,413,414,76,75,1,1850
48311,4591,A05,0,A00,A0,A0,E0,0,0,2019,2,0,,,0,,
48321,4591,A05,0,A00,A0,A0,E0,0,0,2019,2,,,,,,1463
48323,4591,A05,0,A00,A0,A0,E0,0,0,2019,2,61,59,7,9,-2,1588
48325,4591,A05,0,A00,A0,A0,E0,0,0,2019,2,,,0,0,,1797
48329,4591,A05,0,A00,A0,A0,E0,0,0,2019,2,264,275,90,79,11,2444
48339,4591,A05,0,A00,A0,A0,E0,0,0,2019,2,725,745,166,146,20,2401
48341,4591,A05,0,A00,A0,A0,E0,0,0,2019,2,,,,,,1396
48347,4591,A05,0,A00,A0,A0,E0,0,0,2019,2,82,82,11,11,0,2272
48349,4591,A05,0,A00,A0,A0,E0,0,0,2019,2,13,13,3,3,0,1624
48353,4591,A05,0,A00,A0,A0,E0,0,0,2019,2,,,,,,1469
48355,4591,A05,0,A00,A0,A0,E0,0,0,2019,2,567,576,96,87,10,2200
48361,4591,A05,0,A00,A0,A0,E0,0,0,2019,2,21,27,8,,6,2035
48365,4591,A05,0,A00,A0,A0,E0,0,0,2019,2,21,21,4,3,0,1679
48367,4591,A05,0,A00,A0,A0,E0,0,0,2019,2,181,178,35,38,-3,2322
48369,4591,A05,0,A00,A0,A0,E0,0,0,2019,2,,,,,,1578
48373,4591,A05,0,A00,A0,A0,E0,0,0,2019,2,32,28,5,9,-4,1612
48375,4591,A05,0,A00,A0,A0,E0,0,0,2019,2,171,182,40,30,10,1888
48379,4591,A05,0,A00,A0,A0,E0,0,0,2019,2,,,0,0,,731
48381,4591,A05,0,A00,A0,A0,E0,0,0,2019,2,271,269,49,51,-2,2049
48397,4591,A05,0,A00,A0,A0,E0,0,0,2019,2,237,232,52,57,-5,2294
48401,4591,A05,0,A00,A0,A0,E0,0,0,2019,2,,,,,,1310
48409,4591,A05,0,A00,A0,A0,E0,0,0,2019,2,76,73,20,24,-3,1844
48415,4591,A05,0,A00,A0,A0,E0,0,0,2019,2,,,,,,1562
48419,4591,A05,0,A00,A0,A0,E0,0,0,2019,2,,,,,,1406
48423,4591,A05,0,A00,A0,A0,E0,0,0,2019,2,328,325,49,52,-3,2118
48427,4591,A05,0,A00,A0,A0,E0,0,0,2019,2,,,,,,1551
48439,4591,A05,0,A00,A0,A0,E0,0,0,2019,2,4521,4473,741,790,-49,2663
48441,4591,A05,0,A00,A0,A0,E0,0,0,2019,2,196,194,38,39,-2,1740
48449,4591,A05,0,A00,A0,A0,E0,0,0,2019,2,19,17,5,7,-2,1475
48451,4591,A05,0,A00,A0,A0,E0,0,0,2019,2,175,178,35,33,3,1921
48453,4591,A05,0,A00,A0,A0,E0,0,0,2019,2,2493,2447,428,474,-46,2430
48457,4591,A05,0,A00,A0,A0,E0,0,0,2019,2,,,0,,,1676
48463,4591,A05,0,A00,A0,A0,E0,0,0,2019,2,43,55,31,18,13,2137
48465,4591,A05,0,A00,A0,A0,E0,0,0,2019,2,20,19,,,-1,1448
48467,4591,A05,0,A00,A0,A0,E0,0,0,2019,2,27,26,2,3,-1,3185
48469,4591,A05,0,A00,A0,A0,E0,0,0,2019,2,154,150,25,29,-4,1774
48471,4591,A05,0,A00,A0,A0,E0,0,0,2019,2,92,94,13,12,1,3245
48477,4591,A05,0,A00,A0,A0,E0,0,0,2019,2,49,53,17,13,5,2144
48479,4591,A05,0,A00,A0,A0,E0,0,0,2019,2,276,271,33,38,-5,1637
48481,4591,A05,0,A00,A0,A0,E0,0,0,2019,2,26,29,4,,3,2355
48485,4591,A05,0,A00,A0,A0,E0,0,0,2019,2,168,174,38,32,6,2212
48487,4591,A05,0,A00,A0,A0,E0,0,0,2019,2,,,,,,1107
48489,4591,A05,0,A00,A0,A0,E0,0,0,2019,2,,,0,,,617
48491,4591,A05,0,A00,A0,A0,E0,0,0,2019,2,979,972,200,206,-6,1847
48497,4591,A05,0,A00,A0,A0,E0,0,0,2019,2,14,13,4,5,-1,1547
48499,4591,A05,0,A00,A0,A0,E0,0,0,2019,2,,,,,,2467
48501,4591,A05,0,A00,A0,A0,E0,0,0,2019,2,,,,,,652
48503,4591,A05,0,A00,A0,A0,E0,0,0,2019,2,,,,,,1430
48,4591,A05,0,A00,A0,A0,E0,0,0,2019,2,38053,37988,7236,7300,-64,2277
48001,4591,A05,0,A00,A0,A0,E0,0,0,2019,3,50,45,10,14,-4,1346
48005,4591,A05,0,A00,A0,A0,E0,0,0,2019,3,82,82,20,20,1,2245
48007,4591,A05,0,A00,A0,A0,E0,0,0,2019,3,,,,,,3986
48013,4591,A05,0,A00,A0,A0,E0,0,0,2019,3,12,12,,,0,2470
48015,4591,A05,0,A00,A0,A0,E0,0,0,2019,3,,,,,,976
48019,4591,A05,0,A00,A0,A0,E0,0,0,2019,3,,,0,0,,309
48021,4591,A05,0,A00,A0,A0,E0,0,0,2019,3,50,54,14,10,4,2139
48025,4591,A05,0,A00,A0,A0,E0,0,0,2019,3,14,14,3,3,0,1385
48027,4591,A05,0,A00,A0,A0,E0,0,0,2019,3,327,328,80,79,1,1849
48029,4591,A05,0,A00,A0,A0,E0,0,0,2019,3,2821,2810,596,607,-11,1917
48031,4591,A05,0,A00,A0,A0,E0,0,0,2019,3,,,,,,1486
48037,4591,A05,0,A00,A0,A0,E0,0,0,2019,3,170,177,48,41,8,2703
48039,4591,A05,0,A00,A0,A0,E0,0,0,2019,3,303,310,80,74,6,1789
48041,4591,A05,0,A00,A0,A0,E0,0,0,2019,3,316,329,85,71,14,1887
48049,4591,A05,0,A00,A0,A0,E0,0,0,2019,3,20,13,7,15,-7,1483
48053,4591,A05,0,A00,A0,A0,E0,0,0,2019,3,9,11,6,4,2,1533
48055,4591,A05,0,A00,A0,A0,E0,0,0,2019,3,,,,,,1331
48057,4591,A05,0,A00,A0,A0,E0,0,0,2019,3,,,,,,1768
48059,4591,A05,0,A00,A0,A0,E0,0,0,2019,3,,,,,,1965
48061,4591,A05,0,A00,A0,A0,E0,0,0,2019,3,476,472,78,82,-4,1554
48065,4591,A05,0,A00,A0,A0,E0,0,0,2019,3,,,0,0,,6057
48067,4591,A05,0,A00,A0,A0,E0,0,0,2019,3,,,,,,1490
48071,4591,A05,0,A00,A0,A0,E0,0,0,2019,3,,,0,0,,1507
48073,4591,A05,0,A00,A0,A0,E0,0,0,2019,3,,,,,,1157
48075,4591,A05,0,A00,A0,A0,E0,0,0,2019,3,,,0,0,,2721
48083,4591,A05,0,A00,A0,A0,E0,0,0,2019,3,,,0,0,,2412
48085,4591,A05,0,A00,A0,A0,E0,0,0,2019,3,2436,2443,622,615,6,2272
48089,4591,A05,0,A00,A0,A0,E0,0,0,2019,3,9,8,3,3,0,1118
48091,4591,A05,0,A00,A0,A0,E0,0,0,2019,3,311,287,62,86,-25,1737
48097,4591,A05,0,A00,A0,A0,E0,0,0,2019,3,18,14,8,12,-4,1978
48099,4591,A05,0,A00,A0,A0,E0,0,0,2019,3,18,20,5,,3,1274
48113,4591,A05,0,A00,A0,A0,E0,0,0,2019,3,3642,3753,1014,903,111,2618
48117,4591,A05,0,A00,A0,A0,E0,0,0,2019,3,,,,,,1160
48121,4591,A05,0,A00,A0,A0,E0,0,0,2019,3,1039,1038,257,258,-1,2343
48135,4591,A05,0,A00,A0,A0,E0,0,0,2019,3,268,274,59,54,6,2837
48139,4591,A05,0,A00,A0,A0,E0,0,0,2019,3,96,99,33,30,3,1796
48141,4591,A05,0,A00,A0,A0,E0,0,0,2019,3,1000,1026,230,204,26,1853
48143,4591,A05,0,A00,A0,A0,E0,0,0,2019,3,26,27,7,6,1,1762
48147,4591,A05,0,A00,A0,A0,E0,0,0,2019,3,,,0,0,,5869
48157,4591,A05,0,A00,A0,A0,E0,0,0,2019,3,920,941,203,183,21,2788
48159,4591,A05,0,A00,A0,A0,E0,0,0,2019,3,,,,,,2553
48163,4591,A05,0,A00,A0,A0,E0,0,0,2019,3,,,,0,,4869
48165,4591,A05,0,A00,A0,A0,E0,0,0,2019,3,,,,,,781
48167,4591,A05,0,A00,A0,A0,E0,0,0,2019,3,380,397,115,98,17,1600
48171,4591,A05,0,A00,A0,A0,E0,0,0,2019,3,17,19,6,4,2,865
48175,4591,A05,0,A00,A0,A0,E0,0,0,2019,3,,,0,0,,987
48179,4591,A05,0,A00,A0,A0,E0,0,0,2019,3,23,21,,4,-3,1135
48181,4591,A05,0,A00,A0,A0,E0,0,0,2019,3,188,192,51,47,5,2012
48183,4591,A05,0,A00,A0,A0,E0,0,0,2019,3,275,276,67,65,2,2151
48185,4591,A05,0,A00,A0,A0,E0,0,0,2019,3,,,0,0,,3129
48187,4591,A05,0,A00,A0,A0,E0,0,0,2019,3,48,48,9,9,0,1365
48189,4591,A05,0,A00,A0,A0,E0,0,0,2019,3,,,,,,1275
48199,4591,A05,0,A00,A0,A0,E0,0,0,2019,3,17,16,3,4,-1,1519
48201,4591,A05,0,A00,A0,A0,E0,0,0,2019,3,6463,6536,1480,1406,74,2114
48203,4591,A05,0,A00,A0,A0,E0,0,0,2019,3,23,22,5,6,-1,1971
48207,4591,A05,0,A00,A0,A0,E0,0,0,2019,3,,,,,,2271
48209,4591,A05,0,A00,A0,A0,E0,0,0,2019,3,743,739,148,152,-4,1889
48213,4591,A05,0,A00,A0,A0,E0,0,0,2019,3,33,29,7,11,-5,1081
48215,4591,A05,0,A00,A0,A0,E0,0,0,2019,3,850,862,200,188,12,1558
48217,4591,A05,0,A00,A0,A0,E0,0,0,2019,3,,,,,,598
48219,4591,A05,0,A00,A0,A0,E0,0,0,2019,3,15,12,5,7,-2,1099
48221,4591,A05,0,A00,A0,A0,E0,0,0,2019,3,32,33,5,4,1,3046
48223,4591,A05,0,A00,A0,A0,E0,0,0,2019,3,22,22,4,4,1,3383
48225,4591,A05,0,A00,A0,A0,E0,0,0,2019,3,,,,,,1245
48227,4591,A05,0,A00,A0,A0,E0,0,0,2019,3,17,19,7,4,2,1807
48231,4591,A05,0,A00,A0,A0,E0,0,0,2019,3,64,68,32,28,5,1371
48233,4591,A05,0,A00,A0,A0,E0,0,0,2019,3,,,,,,1387
48239,4591,A05,0,A00,A0,A0,E0,0,0,2019,3,,,,,,1165
48241,4591,A05,0,A00,A0,A0,E0,0,0,2019,3,11,10,,,-1,1730
48245,4591,A05,0,A00,A0,A0,E0,0,0,2019,3,250,243,60,67,-7,2570
48249,4591,A05,0,A00,A0,A0,E0,0,0,2019,3,17,17,5,5,0,1085
48251,4591,A05,0,A00,A0,A0,E0,0,0,2019,3,123,127,33,30,3,1931
48257,4591,A05,0,A00,A0,A0,E0,0,0,2019,3,21,33,18,5,13,1299
48259,4591,A05,0,A00,A0,A0,E0,0,0,2019,3,98,95,25,29,-4,2153
48265,4591,A05,0,A00,A0,A0,E0,0,0,2019,3,32,35,10,7,3,1503
48273,4591,A05,0,A00,A0,A0,E0,0,0,2019,3,16,18,7,5,2,2109
48277,4591,A05,0,A00,A0,A0,E0,0,0,2019,3,50,49,8,8,-1,2287
48285,4591,A05,0,A00,A0,A0,E0,0,0,2019,3,12,11,,,-1,2288
48289,4591,A05,0,A00,A0,A0,E0,0,0,2019,3,,,,,,2638
48291,4591,A05,0,A00,A0,A0,E0,0,0,2019,3,23,26,8,5,4,1231
48293,4591,A05,0,A00,A0,A0,E0,0,0,2019,3,,,,,,1132
48297,4591,A05,0,A00,A0,A0,E0,0,0,2019,3,,,0,,,1427
48299,4591,A05,0,A00,A0,A0,E0,0,0,2019,3,,,0,0,,528
48303,4591,A05,0,A00,A0,A0,E0,0,0,2019,3,755,760,152,147,5,1795
48307,4591,A05,0,A00,A0,A0,E0,0,0,2019,3,,,0,0,,2734
48309,4591,A05,0,A00,A0,A0,E0,0,0,2019,3,413,423,118,108,10,1802
48311,4591,A05,0,A00,A0,A0,E0,0,0,2019,3,,,0,0,,1432
48321,4591,A05,0,A00,A0,A0,E0,0,0,2019,3,,,,,,1310
48323,4591,A05,0,A00,A0,A0,E0,0,0,2019,3,59,61,13,11,2,1509
48325,4591,A05,0,A00,A0,A0,E0,0,0,2019,3,,,0,0,,2829
48329,4591,A05,0,A00,A0,A0,E0,0,0,2019,3,275,279,72,67,5,2210
48337,4591,A05,0,A00,A0,A0,E0,0,0,2019,3,0,,,0,,
48339,4591,A05,0,A00,A0,A0,E0,0,0,2019,3,743,751,185,177,8,2133
48341,4591,A05,0,A00,A0,A0,E0,0,0,2019,3,,,,,,1754
48343,4591,A05,0,A00,A0,A0,E0,0,0,2019,3,0,,,0,,
48347,4591,A05,0,A00,A0,A0,E0,0,0,2019,3,82,85,22,19,3,2413
48349,4591,A05,0,A00,A0,A0,E0,0,0,2019,3,13,14,5,5,0,1452
48353,4591,A05,0,A00,A0,A0,E0,0,0,2019,3,,,,,,1083
48355,4591,A05,0,A00,A0,A0,E0,0,0,2019,3,576,583,117,109,7,2191
48361,4591,A05,0,A00,A0,A0,E0,0,0,2019,3,26,24,,4,-2,1888
48365,4591,A05,0,A00,A0,A0,E0,0,0,2019,3,21,20,4,4,-1,1659
48367,4591,A05,0,A00,A0,A0,E0,0,0,2019,3,178,176,46,49,-2,2229
48369,4591,A05,0,A00,A0,A0,E0,0,0,2019,3,,,,0,,1213
48373,4591,A05,0,A00,A0,A0,E0,0,0,2019,3,28,32,10,6,4,1938
48375,4591,A05,0,A00,A0,A0,E0,0,0,2019,3,182,188,40,34,6,1841
48379,4591,A05,0,A00,A0,A0,E0,0,0,2019,3,,,0,0,,930
48381,4591,A05,0,A00,A0,A0,E0,0,0,2019,3,269,275,65,59,6,1870
48397,4591,A05,0,A00,A0,A0,E0,0,0,2019,3,232,256,89,65,24,2196
48401,4591,A05,0,A00,A0,A0,E0,0,0,2019,3,,,,,,1108
48409,4591,A05,0,A00,A0,A0,E0,0,0,2019,3,73,73,19,19,0,1628
48415,4591,A05,0,A00,A0,A0,E0,0,0,2019,3,,,,,,1372
48419,4591,A05,0,A00,A0,A0,E0,0,0,2019,3,,,,,,1223
48423,4591,A05,0,A00,A0,A0,E0,0,0,2019,3,325,336,88,77,11,1986
48427,4591,A05,0,A00,A0,A0,E0,0,0,2019,3,,,,,,1414
48435,4591,A05,0,A00,A0,A0,E0,0,0,2019,3,0,,,0,,
48439,4591,A05,0,A00,A0,A0,E0,0,0,2019,3,4475,4556,1062,982,81,3131
48441,4591,A05,0,A00,A0,A0,E0,0,0,2019,3,194,199,42,37,5,1685
48449,4591,A05,0,A00,A0,A0,E0,0,0,2019,3,,,,,,1785
48451,4591,A05,0,A00,A0,A0,E0,0,0,2019,3,178,179,41,39,2,1811
48453,4591,A05,0,A00,A0,A0,E0,0,0,2019,3,2450,2524,650,576,74,2514
48457,4591,A05,0,A00,A0,A0,E0,0,0,2019,3,,,,0,,2118
48463,4591,A05,0,A00,A0,A0,E0,0,0,2019,3,56,55,24,25,-1,2478
48465,4591,A05,0,A00,A0,A0,E0,0,0,2019,3,19,20,4,3,1,1385
48467,4591,A05,0,A00,A0,A0,E0,0,0,2019,3,26,26,6,5,1,3482
48469,4591,A05,0,A00,A0,A0,E0,0,0,2019,3,150,153,36,32,4,1756
48471,4591,A05,0,A00,A0,A0,E0,0,0,2019,3,94,110,36,19,17,2864
48473,4591,A05,0,A00,A0,A0,E0,0,0,2019,3,0,,,0,,
48477,4591,A05,0,A00,A0,A0,E0,0,0,2019,3,53,62,17,8,9,1944
48479,4591,A05,0,A00,A0,A0,E0,0,0,2019,3,271,265,31,37,-6,1530
48481,4591,A05,0,A00,A0,A0,E0,0,0,2019,3,29,25,5,9,-4,2482
48485,4591,A05,0,A00,A0,A0,E0,0,0,2019,3,174,170,32,36,-4,2069
48487,4591,A05,0,A00,A0,A0,E0,0,0,2019,3,,,,0,,1413
48489,4591,A05,0,A00,A0,A0,E0,0,0,2019,3,,,,0,,1833
48491,4591,A05,0,A00,A0,A0,E0,0,0,2019,3,972,998,266,240,26,1760
48497,4591,A05,0,A00,A0,A0,E0,0,0,2019,3,13,13,4,5,-1,2246
48499,4591,A05,0,A00,A0,A0,E0,0,0,2019,3,,,,,,2219
48501,4591,A05,0,A00,A0,A0,E0,0,0,2019,3,,,,,,715
48503,4591,A05,0,A00,A0,A0,E0,0,0,2019,3,,,,,,1320
48,4591,A05,0,A00,A0,A0,E0,0,0,2019,3,38030,38597,9270,8703,567,2248
48001,4591,A05,0,A00,A0,A0,E0,0,0,2019,4,45,44,14,16,-1,1450
48005,4591,A05,0,A00,A0,A0,E0,0,0,2019,4,82,84,23,22,1,2665
48007,4591,A05,0,A00,A0,A0,E0,0,0,2019,4,,,,0,,4911
48013,4591,A05,0,A00,A0,A0,E0,0,0,2019,4,12,13,3,,1,2309
48015,4591,A05,0,A00,A0,A0,E0,0,0,2019,4,,,0,,,1312
48019,4591,A05,0,A00,A0,A0,E0,0,0,2019,4,,,,0,,928
48021,4591,A05,0,A00,A0,A0,E0,0,0,2019,4,54,58,17,13,4,2378
48025,4591,A05,0,A00,A0,A0,E0,0,0,2019,4,14,15,3,,1,1711
48027,4591,A05,0,A00,A0,A0,E0,0,0,2019,4,328,340,106,94,12,2040
48029,4591,A05,0,A00,A0,A0,E0,0,0,2019,4,2810,3003,880,687,193,2075
48031,4591,A05,0,A00,A0,A0,E0,0,0,2019,4,,,,,,1875
48037,4591,A05,0,A00,A0,A0,E0,0,0,2019,4,177,174,47,50,-3,2898
48039,4591,A05,0,A00,A0,A0,E0,0,0,2019,4,310,340,116,85,31,2031
48041,4591,A05,0,A00,A0,A0,E0,0,0,2019,4,329,353,125,101,24,2062
48049,4591,A05,0,A00,A0,A0,E0,0,0,2019,4,13,13,4,5,0,1684
48053,4591,A05,0,A00,A0,A0,E0,0,0,2019,4,11,14,4,,2,1353
48055,4591,A05,0,A00,A0,A0,E0,0,0,2019,4,,,0,,,1301
48057,4591,A05,0,A00,A0,A0,E0,0,0,2019,4,,,,0,,2140
48059,4591,A05,0,A00,A0,A0,E0,0,0,2019,4,,,0,0,,2076
48061,4591,A05,0,A00,A0,A0,E0,0,0,2019,4,472,516,152,108,43,1604
48065,4591,A05,0,A00,A0,A0,E0,0,0,2019,4,,0,0,,,936
48067,4591,A05,0,A00,A0,A0,E0,0,0,2019,4,,,,,,1374
48071,4591,A05,0,A00,A0,A0,E0,0,0,2019,4,,,0,0,,1417
48073,4591,A05,0,A00,A0,A0,E0,0,0,2019,4,,,,,,1297
48075,4591,A05,0,A00,A0,A0,E0,0,0,2019,4,,,,,,10130
48083,4591,A05,0,A00,A0,A0,E0,0,0,2019,4,,,0,0,,2544
48085,4591,A05,0,A00,A0,A0,E0,0,0,2019,4,2444,2667,801,578,224,2424
48089,4591,A05,0,A00,A0,A0,E0,0,0,2019,4,8,9,,,1,1299
48091,4591,A05,0,A00,A0,A0,E0,0,0,2019,4,287,291,78,74,4,1977
48097,4591,A05,0,A00,A0,A0,E0,0,0,2019,4,14,15,8,7,2,1311
48099,4591,A05,0,A00,A0,A0,E0,0,0,2019,4,20,25,9,4,5,1526
48113,4591,A05,0,A00,A0,A0,E0,0,0,2019,4,3743,4149,1367,961,406,2761
48117,4591,A05,0,A00,A0,A0,E0,0,0,2019,4,,,,,,1573
48121,4591,A05,0,A00,A0,A0,E0,0,0,2019,4,1038,1131,361,268,93,2472
48135,4591,A05,0,A00,A0,A0,E0,0,0,2019,4,274,279,96,91,5,2993
48139,4591,A05,0,A00,A0,A0,E0,0,0,2019,4,99,113,44,30,14,2057
48141,4591,A05,0,A00,A0,A0,E0,0,0,2019,4,1026,1128,353,251,102,1894
48143,4591,A05,0,A00,A0,A0,E0,0,0,2019,4,27,26,8,9,-1,1678
48147,4591,A05,0,A00,A0,A0,E0,0,0,2019,4,,,0,0,,6864
48157,4591,A05,0,A00,A0,A0,E0,0,0,2019,4,941,996,268,213,55,2978
48159,4591,A05,0,A00,A0,A0,E0,0,0,2019,4,,,,0,,4524
48163,4591,A05,0,A00,A0,A0,E0,0,0,2019,4,,,,,,4289
48165,4591,A05,0,A00,A0,A0,E0,0,0,2019,4,10,6,5,10,-4,366
48167,4591,A05,0,A00,A0,A0,E0,0,0,2019,4,397,418,140,119,21,1771
48171,4591,A05,0,A00,A0,A0,E0,0,0,2019,4,19,18,4,4,-1,953
48175,4591,A05,0,A00,A0,A0,E0,0,0,2019,4,,,0,0,,824
48179,4591,A05,0,A00,A0,A0,E0,0,0,2019,4,20,20,,,0,1214
48181,4591,A05,0,A00,A0,A0,E0,0,0,2019,4,192,208,62,46,16,2236
48183,4591,A05,0,A00,A0,A0,E0,0,0,2019,4,278,290,84,72,11,2542
48185,4591,A05,0,A00,A0,A0,E0,0,0,2019,4,,,,,,3229
48187,4591,A05,0,A00,A0,A0,E0,0,0,2019,4,48,55,22,15,7,1521
48189,4591,A05,0,A00,A0,A0,E0,0,0,2019,4,,,,,,1478
48199,4591,A05,0,A00,A0,A0,E0,0,0,2019,4,16,17,6,4,2,1809
48201,4591,A05,0,A00,A0,A0,E0,0,0,2019,4,6540,7072,2076,1543,533,2379
48203,4591,A05,0,A00,A0,A0,E0,0,0,2019,4,22,22,6,5,0,2217
48207,4591,A05,0,A00,A0,A0,E0,0,0,2019,4,,,0,0,,1311
48209,4591,A05,0,A00,A0,A0,E0,0,0,2019,4,739,806,209,142,67,1945
48213,4591,A05,0,A00,A0,A0,E0,0,0,2019,4,29,31,14,11,3,1205
48215,4591,A05,0,A00,A0,A0,E0,0,0,2019,4,861,914,258,205,53,1642
48217,4591,A05,0,A00,A0,A0,E0,0,0,2019,4,,,,,,656
48219,4591,A05,0,A00,A0,A0,E0,0,0,2019,4,12,12,,,0,1604
48221,4591,A05,0,A00,A0,A0,E0,0,0,2019,4,33,35,7,5,2,2811
48223,4591,A05,0,A00,A0,A0,E0,0,0,2019,4,22,21,6,7,-1,1638
48225,4591,A05,0,A00,A0,A0,E0,0,0,2019,4,,,,,,1496
48227,4591,A05,0,A00,A0,A0,E0,0,0,2019,4,19,18,5,6,-1,2090
48231,4591,A05,0,A00,A0,A0,E0,0,0,2019,4,69,72,32,28,4,2052
48233,4591,A05,0,A00,A0,A0,E0,0,0,2019,4,,,,,,1711
48239,4591,A05,0,A00,A0,A0,E0,0,0,2019,4,,,0,0,,1588
48241,4591,A05,0,A00,A0,A0,E0,0,0,2019,4,10,12,3,,2,1599
48245,4591,A05,0,A00,A0,A0,E0,0,0,2019,4,243,329,182,97,85,2908
48249,4591,A05,0,A00,A0,A0,E0,0,0,2019,4,17,17,6,6,0,1322
48251,4591,A05,0,A00,A0,A0,E0,0,0,2019,4,127,142,49,34,15,2088
48257,4591,A05,0,A00,A0,A0,E0,0,0,2019,4,33,40,25,18,7,1545
48259,4591,A05,0,A00,A0,A0,E0,0,0,2019,4,95,99,24,20,5,2537
48265,4591,A05,0,A00,A0,A0,E0,0,0,2019,4,35,35,8,8,0,1532
48273,4591,A05,0,A00,A0,A0,E0,0,0,2019,4,17,19,8,5,3,1635
48277,4591,A05,0,A00,A0,A0,E0,0,0,2019,4,49,50,8,7,1,2700
48285,4591,A05,0,A00,A0,A0,E0,0,0,2019,4,11,12,,,1,2948
48289,4591,A05,0,A00,A0,A0,E0,0,0,2019,4,,,,,,2023
48291,4591,A05,0,A00,A0,A0,E0,0,0,2019,4,26,28,9,7,2,1225
48293,4591,A05,0,A00,A0,A0,E0,0,0,2019,4,,,,,,1266
48297,4591,A05,0,A00,A0,A0,E0,0,0,2019,4,,,,0,,2077
48299,4591,A05,0,A00,A0,A0,E0,0,0,2019,4,,,0,0,,473
48303,4591,A05,0,A00,A0,A0,E0,0,0,2019,4,760,785,183,157,26,1971
48307,4591,A05,0,A00,A0,A0,E0,0,0,2019,4,,,,,,3299
48309,4591,A05,0,A00,A0,A0,E0,0,0,2019,4,424,423,144,145,-1,1884
48311,4591,A05,0,A00,A0,A0,E0,0,0,2019,4,,,0,0,,1432
48321,4591,A05,0,A00,A0,A0,E0,0,0,2019,4,,,,,,1525
48323,4591,A05,0,A00,A0,A0,E0,0,0,2019,4,61,62,12,11,1,1649
48325,4591,A05,0,A00,A0,A0,E0,0,0,2019,4,,,0,0,,2533
48329,4591,A05,0,A00,A0,A0,E0,0,0,2019,4,279,290,96,85,11,2521
48337,4591,A05,0,A00,A0,A0,E0,0,0,2019,4,,,0,0,,2593
48339,4591,A05,0,A00,A0,A0,E0,0,0,2019,4,751,822,262,191,71,2722
48341,4591,A05,0,A00,A0,A0,E0,0,0,2019,4,,,,,,2391
48343,4591,A05,0,A00,A0,A0,E0,0,0,2019,4,,0,0,,,48
48347,4591,A05,0,A00,A0,A0,E0,0,0,2019,4,85,90,26,21,5,2551
48349,4591,A05,0,A00,A0,A0,E0,0,0,2019,4,14,15,5,4,1,1689
48353,4591,A05,0,A00,A0,A0,E0,0,0,2019,4,,,,,,1625
48355,4591,A05,0,A00,A0,A0,E0,0,0,2019,4,583,614,151,120,31,2588
48361,4591,A05,0,A00,A0,A0,E0,0,0,2019,4,24,25,4,3,1,1891
48365,4591,A05,0,A00,A0,A0,E0,0,0,2019,4,20,18,5,7,-3,1794
48367,4591,A05,0,A00,A0,A0,E0,0,0,2019,4,176,185,46,37,8,2342
48369,4591,A05,0,A00,A0,A0,E0,0,0,2019,4,,,0,0,,1448
48373,4591,A05,0,A00,A0,A0,E0,0,0,2019,4,32,34,8,6,2,1661
48375,4591,A05,0,A00,A0,A0,E0,0,0,2019,4,187,188,43,41,2,1993
48379,4591,A05,0,A00,A0,A0,E0,0,0,2019,4,,,0,,,798
48381,4591,A05,0,A00,A0,A0,E0,0,0,2019,4,275,277,75,73,2,1947
48397,4591,A05,0,A00,A0,A0,E0,0,0,2019,4,256,275,83,63,19,2486
48401,4591,A05,0,A00,A0,A0,E0,0,0,2019,4,,,,,,1338
48409,4591,A05,0,A00,A0,A0,E0,0,0,2019,4,73,72,22,22,0,1836
48415,4591,A05,0,A00,A0,A0,E0,0,0,2019,4,,,,,,1712
48419,4591,A05,0,A00,A0,A0,E0,0,0,2019,4,,,,,,1400
48423,4591,A05,0,A00,A0,A0,E0,0,0,2019,4,336,350,84,70,15,2136
48427,4591,A05,0,A00,A0,A0,E0,0,0,2019,4,,,,,,1683
48435,4591,A05,0,A00,A0,A0,E0,0,0,2019,4,,,0,0,,1255
48439,4591,A05,0,A00,A0,A0,E0,0,0,2019,4,4580,4959,1505,1126,379,2604
48441,4591,A05,0,A00,A0,A0,E0,0,0,2019,4,199,208,57,48,9,1902
48449,4591,A05,0,A00,A0,A0,E0,0,0,2019,4,,,,,,2226
48451,4591,A05,0,A00,A0,A0,E0,0,0,2019,4,179,189,50,41,9,1994
48453,4591,A05,0,A00,A0,A0,E0,0,0,2019,4,2531,2775,1072,827,245,2564
48457,4591,A05,0,A00,A0,A0,E0,0,0,2019,4,,,0,0,,1702
48463,4591,A05,0,A00,A0,A0,E0,0,0,2019,4,56,57,15,14,1,2379
48465,4591,A05,0,A00,A0,A0,E0,0,0,2019,4,20,21,4,3,1,1508
48467,4591,A05,0,A00,A0,A0,E0,0,0,2019,4,26,25,3,4,-2,3031
48469,4591,A05,0,A00,A0,A0,E0,0,0,2019,4,153,161,45,37,7,1906
48471,4591,A05,0,A00,A0,A0,E0,0,0,2019,4,110,91,15,34,-19,3293
48473,4591,A05,0,A00,A0,A0,E0,0,0,2019,4,,0,0,,,2807
48477,4591,A05,0,A00,A0,A0,E0,0,0,2019,4,62,65,15,11,4,2065
48479,4591,A05,0,A00,A0,A0,E0,0,0,2019,4,265,287,80,59,22,1667
48481,4591,A05,0,A00,A0,A0,E0,0,0,2019,4,25,23,2,4,-2,2107
48485,4591,A05,0,A00,A0,A0,E0,0,0,2019,4,170,182,57,44,12,2144
48487,4591,A05,0,A00,A0,A0,E0,0,0,2019,4,,,,,,1202
48489,4591,A05,0,A00,A0,A0,E0,0,0,2019,4,,,,,,1220
48491,4591,A05,0,A00,A0,A0,E0,0,0,2019,4,998,1086,341,253,88,1977
48497,4591,A05,0,A00,A0,A0,E0,0,0,2019,4,13,14,7,7,1,2830
48499,4591,A05,0,A00,A0,A0,E0,0,0,2019,4,,,,,,2848
48501,4591,A05,0,A00,A0,A0,E0,0,0,2019,4,,,,,,399
48503,4591,A05,0,A00,A0,A0,E0,0,0,2019,4,,,,,,1961
48,4591,A05,0,A00,A0,A0,E0,0,0,2019,4,38622,41651,12790,9760,3029,2351
48001,4591,A05,0,A00,A0,A0,E0,0,0,2020,1,44,40,18,21,-4,1398
48005,4591,A05,0,A00,A0,A0,E0,0,0,2020,1,84,76,13,21,-8,2186
48007,4591,A05,0,A00,A0,A0,E0,0,0,2020,1,,,0,0,,4316
48013,4591,A05,0,A00,A0,A0,E0,0,0,2020,1,13,12,,,-1,1950
48015,4591,A05,0,A00,A0,A0,E0,0,0,2020,1,,,0,0,,1921
48019,4591,A05,0,A00,A0,A0,E0,0,0,2020,1,,,0,,,1156
48021,4591,A05,0,A00,A0,A0,E0,0,0,2020,1,58,56,8,11,-2,1995
48025,4591,A05,0,A00,A0,A0,E0,0,0,2020,1,15,14,3,3,-1,1191
48027,4591,A05,0,A00,A0,A0,E0,0,0,2020,1,340,308,38,70,-32,1727
48029,4591,A05,0,A00,A0,A0,E0,0,0,2020,1,3022,2621,367,768,-401,1784
48031,4591,A05,0,A00,A0,A0,E0,0,0,2020,1,,,,,,1580
48037,4591,A05,0,A00,A0,A0,E0,0,0,2020,1,175,154,31,52,-21,2457
48039,4591,A05,0,A00,A0,A0,E0,0,0,2020,1,340,298,42,85,-43,1634
48041,4591,A05,0,A00,A0,A0,E0,0,0,2020,1,353,311,68,110,-43,1753
48049,4591,A05,0,A00,A0,A0,E0,0,0,2020,1,13,13,4,4,0,1694
48053,4591,A05,0,A00,A0,A0,E0,0,0,2020,1,14,8,0,6,-5,1208
48055,4591,A05,0,A00,A0,A0,E0,0,0,2020,1,,,,,,1553
48057,4591,A05,0,A00,A0,A0,E0,0,0,2020,1,,,0,0,,1817
48059,4591,A05,0,A00,A0,A0,E0,0,0,2020,1,,,0,0,,2041
48061,4591,A05,0,A00,A0,A0,E0,0,0,2020,1,515,429,45,131,-86,1419
48065,4591,A05,0,A00,A0,A0,E0,0,0,2020,1,0,,,0,,
48067,4591,A05,0,A00,A0,A0,E0,0,0,2020,1,,,,,,1419
48071,4591,A05,0,A00,A0,A0,E0,0,0,2020,1,,,0,0,,1345
48073,4591,A05,0,A00,A0,A0,E0,0,0,2020,1,,,,,,985
48075,4591,A05,0,A00,A0,A0,E0,0,0,2020,1,,,0,0,,2084
48083,4591,A05,0,A00,A0,A0,E0,0,0,2020,1,,,0,0,,3562
48085,4591,A05,0,A00,A0,A0,E0,0,0,2020,1,2671,2542,508,636,-129,2279
48089,4591,A05,0,A00,A0,A0,E0,0,0,2020,1,9,9,,,0,1268
48091,4591,A05,0,A00,A0,A0,E0,0,0,2020,1,291,257,61,95,-34,1772
48097,4591,A05,0,A00,A0,A0,E0,0,0,2020,1,15,14,7,9,-2,1106
48099,4591,A05,0,A00,A0,A0,E0,0,0,2020,1,25,26,6,5,1,1241
48113,4591,A05,0,A00,A0,A0,E0,0,0,2020,1,4166,3595,464,1035,-571,2570
48117,4591,A05,0,A00,A0,A0,E0,0,0,2020,1,,,,,,1407
48121,4591,A05,0,A00,A0,A0,E0,0,0,2020,1,1130,993,134,271,-137,2274
48133,4591,A05,0,A00,A0,A0,E0,0,0,2020,1,,,,,,476
48135,4591,A05,0,A00,A0,A0,E0,0,0,2020,1,230,205,30,55,-25,1870
48139,4591,A05,0,A00,A0,A0,E0,0,0,2020,1,113,103,24,34,-10,1699
48141,4591,A05,0,A00,A0,A0,E0,0,0,2020,1,1128,961,95,262,-167,1582
48143,4591,A05,0,A00,A0,A0,E0,0,0,2020,1,26,25,2,4,-2,1609
48147,4591,A05,0,A00,A0,A0,E0,0,0,2020,1,,,0,0,,5868
48157,4591,A05,0,A00,A0,A0,E0,0,0,2020,1,995,900,108,203,-94,2548
48159,4591,A05,0,A00,A0,A0,E0,0,0,2020,1,,,,0,,4193
48163,4591,A05,0,A00,A0,A0,E0,0,0,2020,1,,,,,,3659
48165,4591,A05,0,A00,A0,A0,E0,0,0,2020,1,,,0,0,,1317
48167,4591,A05,0,A00,A0,A0,E0,0,0,2020,1,415,343,41,113,-72,1397
48171,4591,A05,0,A00,A0,A0,E0,0,0,2020,1,18,20,5,3,2,904
48175,4591,A05,0,A00,A0,A0,E0,0,0,2020,1,,,,,,923
48179,4591,A05,0,A00,A0,A0,E0,0,0,2020,1,9,7,0,,-1,1037
48181,4591,A05,0,A00,A0,A0,E0,0,0,2020,1,211,181,22,52,-30,1869
48183,4591,A05,0,A00,A0,A0,E0,0,0,2020,1,307,278,51,80,-28,2058
48185,4591,A05,0,A00,A0,A0,E0,0,0,2020,1,,,,0,,3255
48187,4591,A05,0,A00,A0,A0,E0,0,0,2020,1,55,44,6,16,-11,1180
48189,4591,A05,0,A00,A0,A0,E0,0,0,2020,1,,,,,,1134
48197,4591,A05,0,A00,A0,A0,E0,0,0,2020,1,0,,,,,
48199,4591,A05,0,A00,A0,A0,E0,0,0,2020,1,17,17,8,9,-1,1667
48201,4591,A05,0,A00,A0,A0,E0,0,0,2020,1,7068,6221,748,1595,-847,1934
48203,4591,A05,0,A00,A0,A0,E0,0,0,2020,1,22,20,,4,-2,2079
48207,4591,A05,0,A00,A0,A0,E0,0,0,2020,1,,,0,0,,2678
48209,4591,A05,0,A00,A0,A0,E0,0,0,2020,1,806,718,60,148,-88,1731
48213,4591,A05,0,A00,A0,A0,E0,0,0,2020,1,31,30,6,7,-1,943
48215,4591,A05,0,A00,A0,A0,E0,0,0,2020,1,914,821,82,175,-93,1406
48217,4591,A05,0,A00,A0,A0,E0,0,0,2020,1,,,,,,410
48219,4591,A05,0,A00,A0,A0,E0,0,0,2020,1,12,12,3,3,-1,1421
48221,4591,A05,0,A00,A0,A0,E0,0,0,2020,1,35,35,5,5,0,2872
48223,4591,A05,0,A00,A0,A0,E0,0,0,2020,1,21,18,,5,-3,1511
48225,4591,A05,0,A00,A0,A0,E0,0,0,2020,1,,,,,,1246
48227,4591,A05,0,A00,A0,A0,E0,0,0,2020,1,18,19,4,4,1,1953
48231,4591,A05,0,A00,A0,A0,E0,0,0,2020,1,63,57,24,30,-6,1719
48233,4591,A05,0,A00,A0,A0,E0,0,0,2020,1,,,,,,1439
48239,4591,A05,0,A00,A0,A0,E0,0,0,2020,1,,,0,0,,1357
48241,4591,A05,0,A00,A0,A0,E0,0,0,2020,1,12,12,,,0,1416
48245,4591,A05,0,A00,A0,A0,E0,0,0,2020,1,328,281,64,111,-47,1815
48249,4591,A05,0,A00,A0,A0,E0,0,0,2020,1,17,16,4,5,-1,1145
48251,4591,A05,0,A00,A0,A0,E0,0,0,2020,1,150,120,15,44,-29,1725
48257,4591,A05,0,A00,A0,A0,E0,0,0,2020,1,40,35,9,13,-5,1199
48259,4591,A05,0,A00,A0,A0,E0,0,0,2020,1,99,90,22,31,-9,2114
48265,4591,A05,0,A00,A0,A0,E0,0,0,2020,1,35,33,3,4,-2,1614
48273,4591,A05,0,A00,A0,A0,E0,0,0,2020,1,18,17,3,4,-1,1283
48277,4591,A05,0,A00,A0,A0,E0,0,0,2020,1,36,35,7,8,-1,1510
48285,4591,A05,0,A00,A0,A0,E0,0,0,2020,1,12,11,0,,-1,2462
48289,4591,A05,0,A00,A0,A0,E0,0,0,2020,1,,,0,0,,2032
48291,4591,A05,0,A00,A0,A0,E0,0,0,2020,1,28,24,4,7,-4,1084
48293,4591,A05,0,A00,A0,A0,E0,0,0,2020,1,,,,,,1141
48297,4591,A05,0,A00,A0,A0,E0,0,0,2020,1,,,0,,,1480
48299,4591,A05,0,A00,A0,A0,E0,0,0,2020,1,,,0,0,,716
48303,4591,A05,0,A00,A0,A0,E0,0,0,2020,1,732,648,61,145,-85,1560
48307,4591,A05,0,A00,A0,A0,E0,0,0,2020,1,,,,,,772
48309,4591,A05,0,A00,A0,A0,E0,0,0,2020,1,439,381,37,95,-58,1615
48311,4591,A05,0,A00,A0,A0,E0,0,0,2020,1,,,0,0,,1432
48321,4591,A05,0,A00,A0,A0,E0,0,0,2020,1,,,,,,1290
48323,4591,A05,0,A00,A0,A0,E0,0,0,2020,1,62,57,7,12,-5,1393
48325,4591,A05,0,A00,A0,A0,E0,0,0,2020,1,,,0,0,,2401
48329,4591,A05,0,A00,A0,A0,E0,0,0,2020,1,290,255,40,75,-35,2058
48337,4591,A05,0,A00,A0,A0,E0,0,0,2020,1,,,,,,2341
48339,4591,A05,0,A00,A0,A0,E0,0,0,2020,1,830,724,93,199,-106,1935
48341,4591,A05,0,A00,A0,A0,E0,0,0,2020,1,,,,,,1307
48343,4591,A05,0,A00,A0,A0,E0,0,0,2020,1,0,,,0,,
48347,4591,A05,0,A00,A0,A0,E0,0,0,2020,1,90,81,8,17,-10,2233
48349,4591,A05,0,A00,A0,A0,E0,0,0,2020,1,15,14,3,5,-1,1493
48353,4591,A05,0,A00,A0,A0,E0,0,0,2020,1,,,,,,1530
48355,4591,A05,0,A00,A0,A0,E0,0,0,2020,1,614,562,53,105,-52,2015
48361,4591,A05,0,A00,A0,A0,E0,0,0,2020,1,31,31,,2,0,1592
48365,4591,A05,0,A00,A0,A0,E0,0,0,2020,1,18,18,3,,0,1920
48367,4591,A05,0,A00,A0,A0,E0,0,0,2020,1,185,176,29,38,-9,2250
48369,4591,A05,0,A00,A0,A0,E0,0,0,2020,1,,,0,0,,1598
48373,4591,A05,0,A00,A0,A0,E0,0,0,2020,1,34,31,5,9,-4,1486
48375,4591,A05,0,A00,A0,A0,E0,0,0,2020,1,196,174,20,42,-21,1862
48379,4591,A05,0,A00,A0,A0,E0,0,0,2020,1,,,0,0,,1349
48381,4591,A05,0,A00,A0,A0,E0,0,0,2020,1,276,252,23,47,-24,1744
48397,4591,A05,0,A00,A0,A0,E0,0,0,2020,1,275,236,33,72,-39,2060
48401,4591,A05,0,A00,A0,A0,E0,0,0,2020,1,,,,,,1166
48409,4591,A05,0,A00,A0,A0,E0,0,0,2020,1,72,68,13,17,-4,1597
48415,4591,A05,0,A00,A0,A0,E0,0,0,2020,1,,,,,,1478
48419,4591,A05,0,A00,A0,A0,E0,0,0,2020,1,,,,,,1162
48423,4591,A05,0,A00,A0,A0,E0,0,0,2020,1,358,334,55,79,-24,1861
48427,4591,A05,0,A00,A0,A0,E0,0,0,2020,1,9,9,3,3,0,1331
48435,4591,A05,0,A00,A0,A0,E0,0,0,2020,1,,,0,0,,1040
48439,4591,A05,0,A00,A0,A0,E0,0,0,2020,1,4935,4351,521,1104,-584,2388
48441,4591,A05,0,A00,A0,A0,E0,0,0,2020,1,206,184,26,47,-21,1577
48449,4591,A05,0,A00,A0,A0,E0,0,0,2020,1,18,17,4,4,-1,1207
48451,4591,A05,0,A00,A0,A0,E0,0,0,2020,1,189,175,31,44,-13,1703
48453,4591,A05,0,A00,A0,A0,E0,0,0,2020,1,2788,2384,353,758,-405,2391
48457,4591,A05,0,A00,A0,A0,E0,0,0,2020,1,,,0,0,,1736
48463,4591,A05,0,A00,A0,A0,E0,0,0,2020,1,58,56,12,14,-2,2148
48465,4591,A05,0,A00,A0,A0,E0,0,0,2020,1,21,18,,5,-3,1297
48467,4591,A05,0,A00,A0,A0,E0,0,0,2020,1,26,27,5,4,1,3070
48469,4591,A05,0,A00,A0,A0,E0,0,0,2020,1,161,140,16,36,-21,1617
48471,4591,A05,0,A00,A0,A0,E0,0,0,2020,1,91,88,14,17,-3,2852
48473,4591,A05,0,A00,A0,A0,E0,0,0,2020,1,0,,,0,,
48477,4591,A05,0,A00,A0,A0,E0,0,0,2020,1,65,52,9,22,-13,1711
48479,4591,A05,0,A00,A0,A0,E0,0,0,2020,1,285,240,17,62,-46,1397
48481,4591,A05,0,A00,A0,A0,E0,0,0,2020,1,23,18,3,8,-5,1535
48485,4591,A05,0,A00,A0,A0,E0,0,0,2020,1,182,162,24,44,-20,1844
48487,4591,A05,0,A00,A0,A0,E0,0,0,2020,1,,,0,0,,1116
48489,4591,A05,0,A00,A0,A0,E0,0,0,2020,1,,,0,0,,1042
48491,4591,A05,0,A00,A0,A0,E0,0,0,2020,1,1090,926,113,277,-165,1658
48497,4591,A05,0,A00,A0,A0,E0,0,0,2020,1,14,12,,4,-1,1860
48499,4591,A05,0,A00,A0,A0,E0,0,0,2020,1,,,,,,2256
48501,4591,A05,0,A00,A0,A0,E0,0,0,2020,1,,,,,,250
48503,4591,A05,0,A00,A0,A0,E0,0,0,2020,1,,,,,,925
48,4591,A05,0,A00,A0,A0,E0,0,0,2020,1,41610,36710,4986,9886,-4901,2042
48001,4591,A05,0,A00,A0,A0,E0,0,0,2020,2,39,28,3,14,-11,1025
48003,4591,A05,0,A00,A0,A0,E0,0,0,2020,2,,,,,,674
48005,4591,A05,0,A00,A0,A0,E0,0,0,2020,2,75,77,16,13,3,2937
48007,4591,A05,0,A00,A0,A0,E0,0,0,2020,2,15,20,9,5,4,5188
48013,4591,A05,0,A00,A0,A0,E0,0,0,2020,2,17,23,8,,6,2020
48015,4591,A05,0,A00,A0,A0,E0,0,0,2020,2,5,4,,,0,1244
48019,4591,A05,0,A00,A0,A0,E0,0,0,2020,2,,,0,0,,1395
48021,4591,A05,0,A00,A0,A0,E0,0,0,2020,2,56,53,9,12,-3,2450
48025,4591,A05,0,A00,A0,A0,E0,0,0,2020,2,,,,,,1782
48027,4591,A05,0,A00,A0,A0,E0,0,0,2020,2,300,283,51,67,-16,1769
48029,4591,A05,0,A00,A0,A0,E0,0,0,2020,2,2633,2544,423,512,-89,1846
48031,4591,A05,0,A00,A0,A0,E0,0,0,2020,2,,,,,,1691
48037,4591,A05,0,A00,A0,A0,E0,0,0,2020,2,154,145,22,31,-9,3133
48039,4591,A05,0,A00,A0,A0,E0,0,0,2020,2,295,279,34,50,-16,2102
48041,4591,A05,0,A00,A0,A0,E0,0,0,2020,2,327,313,54,68,-14,1970
48049,4591,A05,0,A00,A0,A0,E0,0,0,2020,2,8,6,,,-1,1674
48053,4591,A05,0,A00,A0,A0,E0,0,0,2020,2,14,13,,3,-2,1702
48055,4591,A05,0,A00,A0,A0,E0,0,0,2020,2,,,,0,,1099
48057,4591,A05,0,A00,A0,A0,E0,0,0,2020,2,14,14,,,0,1556
48059,4591,A05,0,A00,A0,A0,E0,0,0,2020,2,,,0,0,,2042
48061,4591,A05,0,A00,A0,A0,E0,0,0,2020,2,429,432,69,67,2,1385
48065,4591,A05,0,A00,A0,A0,E0,0,0,2020,2,,0,0,,,75
48067,4591,A05,0,A00,A0,A0,E0,0,0,2020,2,,,0,,,901
48071,4591,A05,0,A00,A0,A0,E0,0,0,2020,2,,,,,,1420
48073,4591,A05,0,A00,A0,A0,E0,0,0,2020,2,,,,,,1180
48075,4591,A05,0,A00,A0,A0,E0,0,0,2020,2,,,0,0,,2084
48083,4591,A05,0,A00,A0,A0,E0,0,0,2020,2,,,0,0,,3506
48085,4591,A05,0,A00,A0,A0,E0,0,0,2020,2,2529,2419,415,525,-110,2187
48089,4591,A05,0,A00,A0,A0,E0,0,0,2020,2,9,9,0,0,0,1348
48091,4591,A05,0,A00,A0,A0,E0,0,0,2020,2,257,288,93,62,31,2137
48097,4591,A05,0,A00,A0,A0,E0,0,0,2020,2,13,12,5,6,-1,1422
48099,4591,A05,0,A00,A0,A0,E0,0,0,2020,2,26,25,,,-1,865
48113,4591,A05,0,A00,A0,A0,E0,0,0,2020,2,3497,3407,564,654,-91,2777
48117,4591,A05,0,A00,A0,A0,E0,0,0,2020,2,,,,0,,1725
48121,4591,A05,0,A00,A0,A0,E0,0,0,2020,2,994,962,160,192,-32,2397
48133,4591,A05,0,A00,A0,A0,E0,0,0,2020,2,,,0,0,,316
48135,4591,A05,0,A00,A0,A0,E0,0,0,2020,2,205,203,50,52,-1,2075
48139,4591,A05,0,A00,A0,A0,E0,0,0,2020,2,99,93,15,21,-6,2075
48141,4591,A05,0,A00,A0,A0,E0,0,0,2020,2,961,924,119,157,-37,1634
48143,4591,A05,0,A00,A0,A0,E0,0,0,2020,2,25,26,7,6,1,1759
48147,4591,A05,0,A00,A0,A0,E0,0,0,2020,2,,,0,0,,6836
48157,4591,A05,0,A00,A0,A0,E0,0,0,2020,2,900,861,100,139,-39,2893
48159,4591,A05,0,A00,A0,A0,E0,0,0,2020,2,,,,,,5704
48163,4591,A05,0,A00,A0,A0,E0,0,0,2020,2,,,,,,4057
48165,4591,A05,0,A00,A0,A0,E0,0,0,2020,2,12,14,4,3,1,1508
48167,4591,A05,0,A00,A0,A0,E0,0,0,2020,2,343,352,70,62,9,1590
48171,4591,A05,0,A00,A0,A0,E0,0,0,2020,2,21,21,5,5,0,1082
48175,4591,A05,0,A00,A0,A0,E0,0,0,2020,2,,0,0,,,270
48177,4591,A05,0,A00,A0,A0,E0,0,0,2020,2,,,,,,1491
48179,4591,A05,0,A00,A0,A0,E0,0,0,2020,2,7,7,,,0,1558
48181,4591,A05,0,A00,A0,A0,E0,0,0,2020,2,181,180,44,45,0,2189
48183,4591,A05,0,A00,A0,A0,E0,0,0,2020,2,272,283,64,54,11,2186
48185,4591,A05,0,A00,A0,A0,E0,0,0,2020,2,,,,,,3395
48187,4591,A05,0,A00,A0,A0,E0,0,0,2020,2,38,32,2,8,-6,1266
48189,4591,A05,0,A00,A0,A0,E0,0,0,2020,2,,,,,,1315
48197,4591,A05,0,A00,A0,A0,E0,0,0,2020,2,,,0,0,,1106
48199,4591,A05,0,A00,A0,A0,E0,0,0,2020,2,17,14,4,6,-2,1621
48201,4591,A05,0,A00,A0,A0,E0,0,0,2020,2,6216,5938,826,1104,-277,2247
48203,4591,A05,0,A00,A0,A0,E0,0,0,2020,2,23,21,,4,-2,1841
48207,4591,A05,0,A00,A0,A0,E0,0,0,2020,2,,0,0,,,1124
48209,4591,A05,0,A00,A0,A0,E0,0,0,2020,2,718,700,76,94,-18,1766
48213,4591,A05,0,A00,A0,A0,E0,0,0,2020,2,30,34,8,4,3,1129
48215,4591,A05,0,A00,A0,A0,E0,0,0,2020,2,821,742,90,168,-79,1479
48217,4591,A05,0,A00,A0,A0,E0,0,0,2020,2,,,,0,,674
48219,4591,A05,0,A00,A0,A0,E0,0,0,2020,2,8,8,,,-1,1368
48221,4591,A05,0,A00,A0,A0,E0,0,0,2020,2,35,33,,4,-2,2721
48223,4591,A05,0,A00,A0,A0,E0,0,0,2020,2,20,20,,,0,1710
48225,4591,A05,0,A00,A0,A0,E0,0,0,2020,2,,,,,,1390
48227,4591,A05,0,A00,A0,A0,E0,0,0,2020,2,20,19,5,6,-1,1852
48231,4591,A05,0,A00,A0,A0,E0,0,0,2020,2,59,55,15,19,-4,2066
48233,4591,A05,0,A00,A0,A0,E0,0,0,2020,2,,,,,,1525
48239,4591,A05,0,A00,A0,A0,E0,0,0,2020,2,,,,,,1266
48241,4591,A05,0,A00,A0,A0,E0,0,0,2020,2,17,16,2,3,0,1266
48245,4591,A05,0,A00,A0,A0,E0,0,0,2020,2,295,338,125,81,43,2193
48249,4591,A05,0,A00,A0,A0,E0,0,0,2020,2,13,15,3,,2,1032
48251,4591,A05,0,A00,A0,A0,E0,0,0,2020,2,119,117,22,24,-2,1675
48255,4591,A05,0,A00,A0,A0,E0,0,0,2020,2,,,,,,1400
48257,4591,A05,0,A00,A0,A0,E0,0,0,2020,2,35,31,6,11,-5,1373
48259,4591,A05,0,A00,A0,A0,E0,0,0,2020,2,90,86,30,34,-4,2131
48265,4591,A05,0,A00,A0,A0,E0,0,0,2020,2,30,30,2,,0,1547
48273,4591,A05,0,A00,A0,A0,E0,0,0,2020,2,13,12,,,0,1461
48277,4591,A05,0,A00,A0,A0,E0,0,0,2020,2,29,25,4,8,-4,1549
48285,4591,A05,0,A00,A0,A0,E0,0,0,2020,2,11,8,,4,-3,2998
48289,4591,A05,0,A00,A0,A0,E0,0,0,2020,2,,,0,0,,1490
48291,4591,A05,0,A00,A0,A0,E0,0,0,2020,2,13,11,,4,-3,1021
48293,4591,A05,0,A00,A0,A0,E0,0,0,2020,2,,,,,,1403
48297,4591,A05,0,A00,A0,A0,E0,0,0,2020,2,,,0,0,,2077
48299,4591,A05,0,A00,A0,A0,E0,0,0,2020,2,,,0,0,,320
48303,4591,A05,0,A00,A0,A0,E0,0,0,2020,2,648,624,93,117,-24,1687
48307,4591,A05,0,A00,A0,A0,E0,0,0,2020,2,,,,,,1399
48309,4591,A05,0,A00,A0,A0,E0,0,0,2020,2,381,374,67,73,-6,1677
48311,4591,A05,0,A00,A0,A0,E0,0,0,2020,2,,0,0,,,1432
48321,4591,A05,0,A00,A0,A0,E0,0,0,2020,2,,,,,,1345
48323,4591,A05,0,A00,A0,A0,E0,0,0,2020,2,55,55,5,5,0,1562
48325,4591,A05,0,A00,A0,A0,E0,0,0,2020,2,,,,,,773
48329,4591,A05,0,A00,A0,A0,E0,0,0,2020,2,250,234,46,62,-16,2197
48337,4591,A05,0,A00,A0,A0,E0,0,0,2020,2,,,,,,662
48339,4591,A05,0,A00,A0,A0,E0,0,0,2020,2,724,724,117,117,0,2564
48341,4591,A05,0,A00,A0,A0,E0,0,0,2020,2,,,,,,1249
48343,4591,A05,0,A00,A0,A0,E0,0,0,2020,2,,,0,0,,2040
48347,4591,A05,0,A00,A0,A0,E0,0,0,2020,2,81,77,14,19,-4,2121
48349,4591,A05,0,A00,A0,A0,E0,0,0,2020,2,13,12,3,3,0,1127
48353,4591,A05,0,A00,A0,A0,E0,0,0,2020,2,,0,0,,,587
48355,4591,A05,0,A00,A0,A0,E0,0,0,2020,2,564,607,141,98,44,2157
48361,4591,A05,0,A00,A0,A0,E0,0,0,2020,2,37,40,15,12,3,2360
48363,4591,A05,0,A00,A0,A0,E0,0,0,2020,2,,,,,,1451
48365,4591,A05,0,A00,A0,A0,E0,0,0,2020,2,19,19,,3,0,1827
48367,4591,A05,0,A00,A0,A0,E0,0,0,2020,2,173,168,28,33,-5,2326
48369,4591,A05,0,A00,A0,A0,E0,0,0,2020,2,,,0,0,,1913
48371,4591,A05,0,A00,A0,A0,E0,0,0,2020,2,,,,,,1501
48373,4591,A05,0,A00,A0,A0,E0,0,0,2020,2,24,22,,4,-2,1620
48375,4591,A05,0,A00,A0,A0,E0,0,0,2020,2,171,162,14,23,-9,1902
48379,4591,A05,0,A00,A0,A0,E0,0,0,2020,2,,,,,,1489
48381,4591,A05,0,A00,A0,A0,E0,0,0,2020,2,252,255,61,58,3,2261
48397,4591,A05,0,A00,A0,A0,E0,0,0,2020,2,236,237,51,51,1,2137
48401,4591,A05,0,A00,A0,A0,E0,0,0,2020,2,,,,,,1493
48409,4591,A05,0,A00,A0,A0,E0,0,0,2020,2,62,56,8,14,-6,2037
48415,4591,A05,0,A00,A0,A0,E0,0,0,2020,2,,,,,,1180
48419,4591,A05,0,A00,A0,A0,E0,0,0,2020,2,,,,,,1487
48423,4591,A05,0,A00,A0,A0,E0,0,0,2020,2,340,325,60,74,-15,1745
48427,4591,A05,0,A00,A0,A0,E0,0,0,2020,2,9,9,,,-1,1492
48435,4591,A05,0,A00,A0,A0,E0,0,0,2020,2,,,0,0,,1441
48439,4591,A05,0,A00,A0,A0,E0,0,0,2020,2,4357,4080,537,815,-278,2421
48441,4591,A05,0,A00,A0,A0,E0,0,0,2020,2,183,177,27,34,-7,1790
48449,4591,A05,0,A00,A0,A0,E0,0,0,2020,2,14,22,11,3,8,1356
48451,4591,A05,0,A00,A0,A0,E0,0,0,2020,2,172,163,19,28,-9,1924
48453,4591,A05,0,A00,A0,A0,E0,0,0,2020,2,2386,2310,321,397,-76,2504
48457,4591,A05,0,A00,A0,A0,E0,0,0,2020,2,,,0,0,,2182
48463,4591,A05,0,A00,A0,A0,E0,0,0,2020,2,52,50,9,10,-2,2241
48465,4591,A05,0,A00,A0,A0,E0,0,0,2020,2,15,16,,,1,1637
48467,4591,A05,0,A00,A0,A0,E0,0,0,2020,2,29,29,3,3,0,3025
48469,4591,A05,0,A00,A0,A0,E0,0,0,2020,2,133,133,21,21,0,1784
48471,4591,A05,0,A00,A0,A0,E0,0,0,2020,2,88,92,17,13,4,3595
48473,4591,A05,0,A00,A0,A0,E0,0,0,2020,2,,,0,0,,12040
48477,4591,A05,0,A00,A0,A0,E0,0,0,2020,2,53,53,8,8,0,2223
48479,4591,A05,0,A00,A0,A0,E0,0,0,2020,2,240,226,16,30,-14,1509
48481,4591,A05,0,A00,A0,A0,E0,0,0,2020,2,20,22,4,,2,1825
48485,4591,A05,0,A00,A0,A0,E0,0,0,2020,2,160,160,29,29,0,2252
48487,4591,A05,0,A00,A0,A0,E0,0,0,2020,2,0,0,0,0,0,
48489,4591,A05,0,A00,A0,A0,E0,0,0,2020,2,,,,,,825
48491,4591,A05,0,A00,A0,A0,E0,0,0,2020,2,924,902,163,185,-22,1767
48493,4591,A05,0,A00,A0,A0,E0,0,0,2020,2,,,0,,,1794
48497,4591,A05,0,A00,A0,A0,E0,0,0,2020,2,11,10,,,-1,2307
48499,4591,A05,0,A00,A0,A0,E0,0,0,2020,2,47,52,13,8,5,2302
48501,4591,A05,0,A00,A0,A0,E0,0,0,2020,2,,,,,,350
48503,4591,A05,0,A00,A0,A0,E0,0,0,2020,2,,,,,,1342
48,4591,A05,0,A00,A0,A0,E0,0,0,2020,2,36605,35417,5654,6843,-1188,2201
48001,4591,A05,0,A00,A0,A0,E0,0,0,2020,3,28,27,5,6,-1,1525
48003,4591,A05,0,A00,A0,A0,E0,0,0,2020,3,,,,,,859
48005,4591,A05,0,A00,A0,A0,E0,0,0,2020,3,77,79,24,22,2,2613
48007,4591,A05,0,A00,A0,A0,E0,0,0,2020,3,20,17,,4,-2,4696
48013,4591,A05,0,A00,A0,A0,E0,0,0,2020,3,23,23,3,3,0,2601
48015,4591,A05,0,A00,A0,A0,E0,0,0,2020,3,4,3,,3,-1,1069
48019,4591,A05,0,A00,A0,A0,E0,0,0,2020,3,,,,0,,1111
48021,4591,A05,0,A00,A0,A0,E0,0,0,2020,3,53,59,22,16,6,2360
48025,4591,A05,0,A00,A0,A0,E0,0,0,2020,3,,,,,,1960
48027,4591,A05,0,A00,A0,A0,E0,0,0,2020,3,284,326,106,63,43,2070
48029,4591,A05,0,A00,A0,A0,E0,0,0,2020,3,2548,2946,874,476,398,2099
48031,4591,A05,0,A00,A0,A0,E0,0,0,2020,3,,,,,,2224
48037,4591,A05,0,A00,A0,A0,E0,0,0,2020,3,145,175,75,45,30,3290
48039,4591,A05,0,A00,A0,A0,E0,0,0,2020,3,279,321,94,52,42,2187
48041,4591,A05,0,A00,A0,A0,E0,0,0,2020,3,313,353,105,65,40,2306
48049,4591,A05,0,A00,A0,A0,E0,0,0,2020,3,6,11,7,2,5,1772
48053,4591,A05,0,A00,A0,A0,E0,0,0,2020,3,13,12,5,5,-1,1986
48055,4591,A05,0,A00,A0,A0,E0,0,0,2020,3,,,,0,,1091
48057,4591,A05,0,A00,A0,A0,E0,0,0,2020,3,14,13,,,0,1585
48059,4591,A05,0,A00,A0,A0,E0,0,0,2020,3,,,,,,2276
48061,4591,A05,0,A00,A0,A0,E0,0,0,2020,3,432,452,88,69,20,1690
48067,4591,A05,0,A00,A0,A0,E0,0,0,2020,3,,,0,,,1085
48071,4591,A05,0,A00,A0,A0,E0,0,0,2020,3,,,,,,807
48073,4591,A05,0,A00,A0,A0,E0,0,0,2020,3,,,,,,1029
48075,4591,A05,0,A00,A0,A0,E0,0,0,2020,3,,,0,0,,2138
48083,4591,A05,0,A00,A0,A0,E0,0,0,2020,3,,,0,0,,3555
48085,4591,A05,0,A00,A0,A0,E0,0,0,2020,3,2420,2689,776,508,269,2573
48089,4591,A05,0,A00,A0,A0,E0,0,0,2020,3,9,11,,0,2,1671
48091,4591,A05,0,A00,A0,A0,E0,0,0,2020,3,288,295,82,75,8,2013
48097,4591,A05,0,A00,A0,A0,E0,0,0,2020,3,12,15,12,9,2,1467
48099,4591,A05,0,A00,A0,A0,E0,0,0,2020,3,25,23,8,10,-1,1193
48113,4591,A05,0,A00,A0,A0,E0,0,0,2020,3,3403,4174,1170,399,771,3487
48117,4591,A05,0,A00,A0,A0,E0,0,0,2020,3,,,,,,1477
48121,4591,A05,0,A00,A0,A0,E0,0,0,2020,3,962,1046,298,214,84,2729
48133,4591,A05,0,A00,A0,A0,E0,0,0,2020,3,,,,0,,478
48135,4591,A05,0,A00,A0,A0,E0,0,0,2020,3,203,231,80,52,28,2178
48139,4591,A05,0,A00,A0,A0,E0,0,0,2020,3,93,106,38,25,13,2258
48141,4591,A05,0,A00,A0,A0,E0,0,0,2020,3,924,1075,339,188,151,1900
48143,4591,A05,0,A00,A0,A0,E0,0,0,2020,3,26,28,6,4,2,1818
48147,4591,A05,0,A00,A0,A0,E0,0,0,2020,3,,,0,0,,5873
48157,4591,A05,0,A00,A0,A0,E0,0,0,2020,3,862,967,240,134,105,3014
48159,4591,A05,0,A00,A0,A0,E0,0,0,2020,3,,,,2,,5505
48163,4591,A05,0,A00,A0,A0,E0,0,0,2020,3,,,,,,4756
48165,4591,A05,0,A00,A0,A0,E0,0,0,2020,3,14,15,6,5,2,1489
48167,4591,A05,0,A00,A0,A0,E0,0,0,2020,3,352,373,123,102,21,1723
48171,4591,A05,0,A00,A0,A0,E0,0,0,2020,3,21,22,7,5,1,1171
48177,4591,A05,0,A00,A0,A0,E0,0,0,2020,3,,,,,,1383
48179,4591,A05,0,A00,A0,A0,E0,0,0,2020,3,,,,,,1402
48181,4591,A05,0,A00,A0,A0,E0,0,0,2020,3,180,200,74,54,20,2657
48183,4591,A05,0,A00,A0,A0,E0,0,0,2020,3,283,311,88,60,28,2403
48185,4591,A05,0,A00,A0,A0,E0,0,0,2020,3,,,,,,1864
48187,4591,A05,0,A00,A0,A0,E0,0,0,2020,3,32,35,5,2,3,1378
48189,4591,A05,0,A00,A0,A0,E0,0,0,2020,3,,,,,,1243
48197,4591,A05,0,A00,A0,A0,E0,0,0,2020,3,,,0,,,738
48199,4591,A05,0,A00,A0,A0,E0,0,0,2020,3,14,16,6,4,2,2092
48201,4591,A05,0,A00,A0,A0,E0,0,0,2020,3,5936,6515,1713,1134,578,2412
48203,4591,A05,0,A00,A0,A0,E0,0,0,2020,3,21,23,7,5,2,2002
48209,4591,A05,0,A00,A0,A0,E0,0,0,2020,3,700,718,220,202,17,2166
48213,4591,A05,0,A00,A0,A0,E0,0,0,2020,3,34,34,10,9,1,1081
48215,4591,A05,0,A00,A0,A0,E0,0,0,2020,3,742,814,198,127,71,1718
48217,4591,A05,0,A00,A0,A0,E0,0,0,2020,3,,,,,,870
48219,4591,A05,0,A00,A0,A0,E0,0,0,2020,3,8,9,,,1,1366
48221,4591,A05,0,A00,A0,A0,E0,0,0,2020,3,33,34,6,5,1,3016
48223,4591,A05,0,A00,A0,A0,E0,0,0,2020,3,20,21,3,2,1,1677
48225,4591,A05,0,A00,A0,A0,E0,0,0,2020,3,,,,,,1354
48227,4591,A05,0,A00,A0,A0,E0,0,0,2020,3,19,20,5,4,1,1902
48231,4591,A05,0,A00,A0,A0,E0,0,0,2020,3,55,64,26,17,9,2261
48233,4591,A05,0,A00,A0,A0,E0,0,0,2020,3,,,,,,1472
48239,4591,A05,0,A00,A0,A0,E0,0,0,2020,3,,,,0,,1666
48241,4591,A05,0,A00,A0,A0,E0,0,0,2020,3,16,17,4,3,1,1295
48245,4591,A05,0,A00,A0,A0,E0,0,0,2020,3,338,345,141,135,6,2191
48249,4591,A05,0,A00,A0,A0,E0,0,0,2020,3,15,14,3,4,-1,905
48251,4591,A05,0,A00,A0,A0,E0,0,0,2020,3,117,129,39,27,13,2158
48255,4591,A05,0,A00,A0,A0,E0,0,0,2020,3,,,,,,1574
48257,4591,A05,0,A00,A0,A0,E0,0,0,2020,3,31,37,21,14,7,1784
48259,4591,A05,0,A00,A0,A0,E0,0,0,2020,3,86,82,33,38,-4,2252
48265,4591,A05,0,A00,A0,A0,E0,0,0,2020,3,30,30,,1,0,1667
48273,4591,A05,0,A00,A0,A0,E0,0,0,2020,3,14,15,4,3,1,1604
48277,4591,A05,0,A00,A0,A0,E0,0,0,2020,3,25,27,6,4,2,1902
48285,4591,A05,0,A00,A0,A0,E0,0,0,2020,3,8,9,,0,1,3108
48289,4591,A05,0,A00,A0,A0,E0,0,0,2020,3,,,,,,2111
48291,4591,A05,0,A00,A0,A0,E0,0,0,2020,3,11,12,4,3,1,1201
48293,4591,A05,0,A00,A0,A0,E0,0,0,2020,3,,,,,,1139
48297,4591,A05,0,A00,A0,A0,E0,0,0,2020,3,,,0,0,,2510
48299,4591,A05,0,A00,A0,A0,E0,0,0,2020,3,,,0,,,591
48303,4591,A05,0,A00,A0,A0,E0,0,0,2020,3,624,670,189,143,46,1798
48307,4591,A05,0,A00,A0,A0,E0,0,0,2020,3,,,,,,3909
48309,4591,A05,0,A00,A0,A0,E0,0,0,2020,3,375,398,106,83,23,1920
48321,4591,A05,0,A00,A0,A0,E0,0,0,2020,3,,,,,,1317
48323,4591,A05,0,A00,A0,A0,E0,0,0,2020,3,55,59,15,10,4,1437
48325,4591,A05,0,A00,A0,A0,E0,0,0,2020,3,,,,,,462
48329,4591,A05,0,A00,A0,A0,E0,0,0,2020,3,234,326,138,45,92,2455
48337,4591,A05,0,A00,A0,A0,E0,0,0,2020,3,,,,,,861
48339,4591,A05,0,A00,A0,A0,E0,0,0,2020,3,724,795,201,130,71,2497
48341,4591,A05,0,A00,A0,A0,E0,0,0,2020,3,,,,,,1272
48343,4591,A05,0,A00,A0,A0,E0,0,0,2020,3,,,,,,693
48347,4591,A05,0,A00,A0,A0,E0,0,0,2020,3,77,88,23,12,11,2717
48349,4591,A05,0,A00,A0,A0,E0,0,0,2020,3,,,,,,1146
48353,4591,A05,0,A00,A0,A0,E0,0,0,2020,3,0,,,,,
48355,4591,A05,0,A00,A0,A0,E0,0,0,2020,3,607,643,153,116,36,2515
48361,4591,A05,0,A00,A0,A0,E0,0,0,2020,3,40,38,8,10,-1,1689
48363,4591,A05,0,A00,A0,A0,E0,0,0,2020,3,,,,,,1515
48365,4591,A05,0,A00,A0,A0,E0,0,0,2020,3,19,20,5,3,2,1941
48367,4591,A05,0,A00,A0,A0,E0,0,0,2020,3,168,179,58,47,11,2358
48369,4591,A05,0,A00,A0,A0,E0,0,0,2020,3,,,,0,,2014
48371,4591,A05,0,A00,A0,A0,E0,0,0,2020,3,,,,,,1424
48373,4591,A05,0,A00,A0,A0,E0,0,0,2020,3,22,24,7,5,2,1972
48375,4591,A05,0,A00,A0,A0,E0,0,0,2020,3,162,154,26,35,-8,1961
48379,4591,A05,0,A00,A0,A0,E0,0,0,2020,3,,,,0,,1267
48381,4591,A05,0,A00,A0,A0,E0,0,0,2020,3,255,271,90,73,16,2201
48397,4591,A05,0,A00,A0,A0,E0,0,0,2020,3,237,276,96,56,40,2457
48401,4591,A05,0,A00,A0,A0,E0,0,0,2020,3,,,,,,1444
48409,4591,A05,0,A00,A0,A0,E0,0,0,2020,3,56,65,21,12,9,1997
48415,4591,A05,0,A00,A0,A0,E0,0,0,2020,3,,,,,,1193
48419,4591,A05,0,A00,A0,A0,E0,0,0,2020,3,,,,,,1443
48423,4591,A05,0,A00,A0,A0,E0,0,0,2020,3,325,351,86,60,25,2100
48427,4591,A05,0,A00,A0,A0,E0,0,0,2020,3,9,7,,,-2,1445
48435,4591,A05,0,A00,A0,A0,E0,0,0,2020,3,,,0,0,,1215
48439,4591,A05,0,A00,A0,A0,E0,0,0,2020,3,4078,4376,1102,803,298,2765
48441,4591,A05,0,A00,A0,A0,E0,0,0,2020,3,177,194,57,40,17,2000
48449,4591,A05,0,A00,A0,A0,E0,0,0,2020,3,22,21,4,5,-1,1329
48451,4591,A05,0,A00,A0,A0,E0,0,0,2020,3,162,181,53,34,19,2062
48453,4591,A05,0,A00,A0,A0,E0,0,0,2020,3,2309,2542,674,442,232,3168
48457,4591,A05,0,A00,A0,A0,E0,0,0,2020,3,,,0,0,,2152
48463,4591,A05,0,A00,A0,A0,E0,0,0,2020,3,51,50,10,11,-1,2369
48465,4591,A05,0,A00,A0,A0,E0,0,0,2020,3,16,16,,,0,1621
48467,4591,A05,0,A00,A0,A0,E0,0,0,2020,3,29,34,5,,5,3440
48469,4591,A05,0,A00,A0,A0,E0,0,0,2020,3,133,144,41,30,11,1966
48471,4591,A05,0,A00,A0,A0,E0,0,0,2020,3,92,90,22,24,-2,3161
48473,4591,A05,0,A00,A0,A0,E0,0,0,2020,3,,,0,0,,14046
48477,4591,A05,0,A00,A0,A0,E0,0,0,2020,3,53,61,17,10,8,2123
48479,4591,A05,0,A00,A0,A0,E0,0,0,2020,3,226,243,52,34,18,1626
48481,4591,A05,0,A00,A0,A0,E0,0,0,2020,3,22,22,3,3,0,1864
48485,4591,A05,0,A00,A0,A0,E0,0,0,2020,3,160,168,47,39,8,2280
48489,4591,A05,0,A00,A0,A0,E0,0,0,2020,3,,,,,,652
48491,4591,A05,0,A00,A0,A0,E0,0,0,2020,3,903,1018,307,192,115,1993
48493,4591,A05,0,A00,A0,A0,E0,0,0,2020,3,,,,,,1745
48497,4591,A05,0,A00,A0,A0,E0,0,0,2020,3,10,10,3,3,0,2234
48499,4591,A05,0,A00,A0,A0,E0,0,0,2020,3,52,56,12,8,4,2276
48501,4591,A05,0,A00,A0,A0,E0,0,0,2020,3,,,,,,629
48503,4591,A05,0,A00,A0,A0,E0,0,0,2020,3,,,,,,1397
48,4591,A05,0,A00,A0,A0,E0,0,0,2020,3,35419,39351,10970,7037,3933,2502
48001,4591,A05,0,A00,A0,A0,E0,0,0,2020,4,27,31,4,0,4,1669
48003,4591,A05,0,A00,A0,A0,E0,0,0,2020,4,,,,,,1041
48005,4591,A05,0,A00,A0,A0,E0,0,0,2020,4,79,86,28,21,7,2718
48007,4591,A05,0,A00,A0,A0,E0,0,0,2020,4,17,17,0,,-1,4983
48013,4591,A05,0,A00,A0,A0,E0,0,0,2020,4,23,26,3,0,3,2304
48015,4591,A05,0,A00,A0,A0,E0,0,0,2020,4,3,5,3,,2,1932
48019,4591,A05,0,A00,A0,A0,E0,0,0,2020,4,,,,,,1332
48021,4591,A05,0,A00,A0,A0,E0,0,0,2020,4,59,63,17,13,4,2470
48025,4591,A05,0,A00,A0,A0,E0,0,0,2020,4,,,,,,2348
48027,4591,A05,0,A00,A0,A0,E0,0,0,2020,4,326,383,141,85,56,2300
48029,4591,A05,0,A00,A0,A0,E0,0,0,2020,4,2949,3179,890,660,230,2244
48031,4591,A05,0,A00,A0,A0,E0,0,0,2020,4,,,,0,,3366
48037,4591,A05,0,A00,A0,A0,E0,0,0,2020,4,175,186,57,46,11,3400
48039,4591,A05,0,A00,A0,A0,E0,0,0,2020,4,320,360,125,85,40,2325
48041,4591,A05,0,A00,A0,A0,E0,0,0,2020,4,353,406,130,77,53,2624
48049,4591,A05,0,A00,A0,A0,E0,0,0,2020,4,11,13,,,2,2032
48053,4591,A05,0,A00,A0,A0,E0,0,0,2020,4,12,17,8,3,5,2249
48055,4591,A05,0,A00,A0,A0,E0,0,0,2020,4,,,,0,,1243
48057,4591,A05,0,A00,A0,A0,E0,0,0,2020,4,13,14,2,2,1,1822
48059,4591,A05,0,A00,A0,A0,E0,0,0,2020,4,,,0,,,1815
48061,4591,A05,0,A00,A0,A0,E0,0,0,2020,4,451,499,137,89,48,1834
48067,4591,A05,0,A00,A0,A0,E0,0,0,2020,4,,,0,0,,1560
48071,4591,A05,0,A00,A0,A0,E0,0,0,2020,4,,,,,,762
48073,4591,A05,0,A00,A0,A0,E0,0,0,2020,4,,,,,,1138
48075,4591,A05,0,A00,A0,A0,E0,0,0,2020,4,,,0,0,,3050
48083,4591,A05,0,A00,A0,A0,E0,0,0,2020,4,,,0,0,,3310
48085,4591,A05,0,A00,A0,A0,E0,0,0,2020,4,2717,2974,936,679,257,2866
48089,4591,A05,0,A00,A0,A0,E0,0,0,2020,4,11,11,,2,0,1847
48091,4591,A05,0,A00,A0,A0,E0,0,0,2020,4,296,296,78,77,1,2564
48097,4591,A05,0,A00,A0,A0,E0,0,0,2020,4,15,19,7,3,4,1418
48099,4591,A05,0,A00,A0,A0,E0,0,0,2020,4,23,25,8,7,1,1390
48113,4591,A05,0,A00,A0,A0,E0,0,0,2020,4,4141,4894,1641,888,753,4034
48117,4591,A05,0,A00,A0,A0,E0,0,0,2020,4,,,,,,1605
48121,4591,A05,0,A00,A0,A0,E0,0,0,2020,4,1046,1183,386,249,137,2923
48133,4591,A05,0,A00,A0,A0,E0,0,0,2020,4,,,0,0,,508
48135,4591,A05,0,A00,A0,A0,E0,0,0,2020,4,231,244,75,63,13,2302
48139,4591,A05,0,A00,A0,A0,E0,0,0,2020,4,106,128,46,24,22,2187
48141,4591,A05,0,A00,A0,A0,E0,0,0,2020,4,1075,1121,349,302,46,3370
48143,4591,A05,0,A00,A0,A0,E0,0,0,2020,4,28,26,6,8,-2,1454
48147,4591,A05,0,A00,A0,A0,E0,0,0,2020,4,,0,0,,,3361
48157,4591,A05,0,A00,A0,A0,E0,0,0,2020,4,966,1076,317,208,110,3786
48159,4591,A05,0,A00,A0,A0,E0,0,0,2020,4,,,0,0,,5579
48163,4591,A05,0,A00,A0,A0,E0,0,0,2020,4,,,,,,3878
48165,4591,A05,0,A00,A0,A0,E0,0,0,2020,4,15,14,,3,-2,1464
48167,4591,A05,0,A00,A0,A0,E0,0,0,2020,4,373,393,185,164,20,2379
48171,4591,A05,0,A00,A0,A0,E0,0,0,2020,4,22,27,14,10,5,1242
48175,4591,A05,0,A00,A0,A0,E0,0,0,2020,4,0,0,,,0,
48177,4591,A05,0,A00,A0,A0,E0,0,0,2020,4,,,,,,1480
48179,4591,A05,0,A00,A0,A0,E0,0,0,2020,4,7,10,4,,3,1626
48181,4591,A05,0,A00,A0,A0,E0,0,0,2020,4,200,224,85,62,23,2537
48183,4591,A05,0,A00,A0,A0,E0,0,0,2020,4,311,334,97,74,23,2806
48185,4591,A05,0,A00,A0,A0,E0,0,0,2020,4,,,,,,2145
48187,4591,A05,0,A00,A0,A0,E0,0,0,2020,4,35,44,9,1,9,1530
48189,4591,A05,0,A00,A0,A0,E0,0,0,2020,4,,,,,,1492
48197,4591,A05,0,A00,A0,A0,E0,0,0,2020,4,,,,0,,1564
48199,4591,A05,0,A00,A0,A0,E0,0,0,2020,4,16,17,8,7,1,1825
48201,4591,A05,0,A00,A0,A0,E0,0,0,2020,4,6517,7443,2415,1489,926,2795
48203,4591,A05,0,A00,A0,A0,E0,0,0,2020,4,23,26,8,5,3,1819
48207,4591,A05,0,A00,A0,A0,E0,0,0,2020,4,0,,,0,,
48209,4591,A05,0,A00,A0,A0,E0,0,0,2020,4,719,731,227,214,13,2222
48213,4591,A05,0,A00,A0,A0,E0,0,0,2020,4,34,45,11,0,11,1084
48215,4591,A05,0,A00,A0,A0,E0,0,0,2020,4,817,919,233,131,102,1908
48217,4591,A05,0,A00,A0,A0,E0,0,0,2020,4,,,,,,997
48219,4591,A05,0,A00,A0,A0,E0,0,0,2020,4,9,10,,,1,1370
48221,4591,A05,0,A00,A0,A0,E0,0,0,2020,4,34,37,7,5,2,3154
48223,4591,A05,0,A00,A0,A0,E0,0,0,2020,4,21,25,5,1,4,1778
48225,4591,A05,0,A00,A0,A0,E0,0,0,2020,4,,,,,,1360
48227,4591,A05,0,A00,A0,A0,E0,0,0,2020,4,20,23,4,1,3,2201
48231,4591,A05,0,A00,A0,A0,E0,0,0,2020,4,64,74,30,20,10,2655
48233,4591,A05,0,A00,A0,A0,E0,0,0,2020,4,,,,,,1607
48241,4591,A05,0,A00,A0,A0,E0,0,0,2020,4,17,16,,4,-1,1397
48245,4591,A05,0,A00,A0,A0,E0,0,0,2020,4,344,351,134,127,7,3261
48249,4591,A05,0,A00,A0,A0,E0,0,0,2020,4,14,18,4,0,4,1343
48251,4591,A05,0,A00,A0,A0,E0,0,0,2020,4,129,147,51,34,17,2445
48255,4591,A05,0,A00,A0,A0,E0,0,0,2020,4,,,,,,1844
48257,4591,A05,0,A00,A0,A0,E0,0,0,2020,4,37,50,22,10,13,2038
48259,4591,A05,0,A00,A0,A0,E0,0,0,2020,4,82,86,21,17,4,2964
48265,4591,A05,0,A00,A0,A0,E0,0,0,2020,4,30,33,4,,3,2074
48273,4591,A05,0,A00,A0,A0,E0,0,0,2020,4,16,19,4,1,3,2205
48277,4591,A05,0,A00,A0,A0,E0,0,0,2020,4,27,32,7,2,5,2246
48285,4591,A05,0,A00,A0,A0,E0,0,0,2020,4,9,12,4,,3,3419
48289,4591,A05,0,A00,A0,A0,E0,0,0,2020,4,,,0,0,,1839
48291,4591,A05,0,A00,A0,A0,E0,0,0,2020,4,12,15,4,1,3,1869
48293,4591,A05,0,A00,A0,A0,E0,0,0,2020,4,,,,,,1480
48297,4591,A05,0,A00,A0,A0,E0,0,0,2020,4,,,0,0,,2164
48299,4591,A05,0,A00,A0,A0,E0,0,0,2020,4,,,0,0,,540
48303,4591,A05,0,A00,A0,A0,E0,0,0,2020,4,671,666,193,198,-4,1951
48307,4591,A05,0,A00,A0,A0,E0,0,0,2020,4,,,,,,2386
48309,4591,A05,0,A00,A0,A0,E0,0,0,2020,4,398,423,141,116,25,2133
48317,4591,A05,0,A00,A0,A0,E0,0,0,2020,4,0,0,,,0,
48321,4591,A05,0,A00,A0,A0,E0,0,0,2020,4,,,,,,1436
48323,4591,A05,0,A00,A0,A0,E0,0,0,2020,4,59,66,14,8,6,1612
48325,4591,A05,0,A00,A0,A0,E0,0,0,2020,4,,,,,,352
48329,4591,A05,0,A00,A0,A0,E0,0,0,2020,4,327,349,121,99,21,2423
48337,4591,A05,0,A00,A0,A0,E0,0,0,2020,4,,,,,,699
48339,4591,A05,0,A00,A0,A0,E0,0,0,2020,4,795,882,278,192,86,3136
48341,4591,A05,0,A00,A0,A0,E0,0,0,2020,4,,,,,,1556
48343,4591,A05,0,A00,A0,A0,E0,0,0,2020,4,,,0,0,,1525
48347,4591,A05,0,A00,A0,A0,E0,0,0,2020,4,88,96,28,19,9,2795
48349,4591,A05,0,A00,A0,A0,E0,0,0,2020,4,,,,,,1731
48353,4591,A05,0,A00,A0,A0,E0,0,0,2020,4,,,,,,3891
48355,4591,A05,0,A00,A0,A0,E0,0,0,2020,4,644,693,148,99,49,2771
48361,4591,A05,0,A00,A0,A0,E0,0,0,2020,4,38,41,3,0,3,1824
48363,4591,A05,0,A00,A0,A0,E0,0,0,2020,4,,,,,,1600
48365,4591,A05,0,A00,A0,A0,E0,0,0,2020,4,20,25,9,4,5,2285
48367,4591,A05,0,A00,A0,A0,E0,0,0,2020,4,179,206,65,38,27,2410
48369,4591,A05,0,A00,A0,A0,E0,0,0,2020,4,,,0,0,,1707
48371,4591,A05,0,A00,A0,A0,E0,0,0,2020,4,,,,,,1496
48373,4591,A05,0,A00,A0,A0,E0,0,0,2020,4,24,26,8,6,2,1881
48375,4591,A05,0,A00,A0,A0,E0,0,0,2020,4,154,181,58,31,27,2220
48379,4591,A05,0,A00,A0,A0,E0,0,0,2020,4,,,0,0,,874
48381,4591,A05,0,A00,A0,A0,E0,0,0,2020,4,271,286,100,86,15,2194
48397,4591,A05,0,A00,A0,A0,E0,0,0,2020,4,276,315,109,70,38,2723
48401,4591,A05,0,A00,A0,A0,E0,0,0,2020,4,,,,,,1606
48409,4591,A05,0,A00,A0,A0,E0,0,0,2020,4,65,69,22,19,4,2129
48415,4591,A05,0,A00,A0,A0,E0,0,0,2020,4,,,,,,1349
48419,4591,A05,0,A00,A0,A0,E0,0,0,2020,4,,,,,,1415
48423,4591,A05,0,A00,A0,A0,E0,0,0,2020,4,351,386,123,89,35,2811
48427,4591,A05,0,A00,A0,A0,E0,0,0,2020,4,7,8,,1,1,1809
48435,4591,A05,0,A00,A0,A0,E0,0,0,2020,4,,,0,0,,882
48439,4591,A05,0,A00,A0,A0,E0,0,0,2020,4,4372,4712,1534,1194,340,6628
48441,4591,A05,0,A00,A0,A0,E0,0,0,2020,4,194,214,70,49,20,2160
48449,4591,A05,0,A00,A0,A0,E0,0,0,2020,4,21,24,7,4,3,1302
48451,4591,A05,0,A00,A0,A0,E0,0,0,2020,4,181,193,57,45,12,2331
48453,4591,A05,0,A00,A0,A0,E0,0,0,2020,4,2541,2824,1166,884,283,3473
48457,4591,A05,0,A00,A0,A0,E0,0,0,2020,4,,,0,0,,2493
48463,4591,A05,0,A00,A0,A0,E0,0,0,2020,4,49,51,11,10,1,2804
48465,4591,A05,0,A00,A0,A0,E0,0,0,2020,4,16,19,3,0,3,1920
48467,4591,A05,0,A00,A0,A0,E0,0,0,2020,4,34,35,5,4,1,4661
48469,4591,A05,0,A00,A0,A0,E0,0,0,2020,4,144,165,56,35,21,2322
48471,4591,A05,0,A00,A0,A0,E0,0,0,2020,4,90,90,17,17,0,5941
48473,4591,A05,0,A00,A0,A0,E0,0,0,2020,4,,,0,0,,14046
48477,4591,A05,0,A00,A0,A0,E0,0,0,2020,4,61,71,27,17,10,2087
48479,4591,A05,0,A00,A0,A0,E0,0,0,2020,4,243,287,71,27,44,1821
48481,4591,A05,0,A00,A0,A0,E0,0,0,2020,4,22,24,3,1,2,1906
48485,4591,A05,0,A00,A0,A0,E0,0,0,2020,4,168,185,69,52,17,2362
48489,4591,A05,0,A00,A0,A0,E0,0,0,2020,4,,0,0,,,349
48491,4591,A05,0,A00,A0,A0,E0,0,0,2020,4,1017,1119,394,292,102,2354
48493,4591,A05,0,A00,A0,A0,E0,0,0,2020,4,,,,,,2167
48497,4591,A05,0,A00,A0,A0,E0,0,0,2020,4,10,12,5,3,2,1925
48499,4591,A05,0,A00,A0,A0,E0,0,0,2020,4,56,55,13,13,-1,2750
48501,4591,A05,0,A00,A0,A0,E0,0,0,2020,4,,,,,,624
48503,4591,A05,0,A00,A0,A0,E0,0,0,2020,4,,,,,,1760
48,4591,A05,0,A00,A0,A0,E0,0,0,2020,4,39343,43649,14046,9741,4306,3261
48001,4591,A05,0,A00,A0,A0,E0,0,0,2021,1,31,30,5,5,-1,1367
48003,4591,A05,0,A00,A0,A0,E0,0,0,2021,1,,,,,,1061
48005,4591,A05,0,A00,A0,A0,E0,0,0,2021,1,86,78,8,16,-8,2729
48007,4591,A05,0,A00,A0,A0,E0,0,0,2021,1,17,19,5,,2,5381
48013,4591,A05,0,A00,A0,A0,E0,0,0,2021,1,26,24,,3,-2,1940
48015,4591,A05,0,A00,A0,A0,E0,0,0,2021,1,5,7,5,3,2,2932
48019,4591,A05,0,A00,A0,A0,E0,0,0,2021,1,,,0,0,,1012
48021,4591,A05,0,A00,A0,A0,E0,0,0,2021,1,63,61,9,12,-2,2006
48025,4591,A05,0,A00,A0,A0,E0,0,0,2021,1,,,,,,1308
48027,4591,A05,0,A00,A0,A0,E0,0,0,2021,1,383,341,28,70,-42,1650
48029,4591,A05,0,A00,A0,A0,E0,0,0,2021,1,3193,2970,307,530,-223,1831
48031,4591,A05,0,A00,A0,A0,E0,0,0,2021,1,,,,,,1894
48037,4591,A05,0,A00,A0,A0,E0,0,0,2021,1,186,171,21,36,-15,3414
48039,4591,A05,0,A00,A0,A0,E0,0,0,2021,1,357,321,31,67,-36,1839
48041,4591,A05,0,A00,A0,A0,E0,0,0,2021,1,406,382,50,74,-24,1995
48049,4591,A05,0,A00,A0,A0,E0,0,0,2021,1,13,14,,,1,1982
48053,4591,A05,0,A00,A0,A0,E0,0,0,2021,1,17,14,,5,-3,2028
48055,4591,A05,0,A00,A0,A0,E0,0,0,2021,1,,,,,,1138
48057,4591,A05,0,A00,A0,A0,E0,0,0,2021,1,14,14,3,3,0,1371
48059,4591,A05,0,A00,A0,A0,E0,0,0,2021,1,,,,,,1811
48061,4591,A05,0,A00,A0,A0,E0,0,0,2021,1,499,454,31,76,-45,1468
48067,4591,A05,0,A00,A0,A0,E0,0,0,2021,1,,,,0,,1381
48071,4591,A05,0,A00,A0,A0,E0,0,0,2021,1,,,,,,632
48073,4591,A05,0,A00,A0,A0,E0,0,0,2021,1,,,,,,1147
48075,4591,A05,0,A00,A0,A0,E0,0,0,2021,1,,,0,0,,2391
48083,4591,A05,0,A00,A0,A0,E0,0,0,2021,1,,,,0,,4169
48085,4591,A05,0,A00,A0,A0,E0,0,0,2021,1,2972,2776,337,534,-197,2769
48089,4591,A05,0,A00,A0,A0,E0,0,0,2021,1,11,8,,4,-3,1801
48091,4591,A05,0,A00,A0,A0,E0,0,0,2021,1,284,294,50,40,10,1728
48097,4591,A05,0,A00,A0,A0,E0,0,0,2021,1,19,16,4,6,-2,1238
48099,4591,A05,0,A00,A0,A0,E0,0,0,2021,1,25,23,6,8,-1,1172
48113,4591,A05,0,A00,A0,A0,E0,0,0,2021,1,4923,4766,591,748,-157,3988
48117,4591,A05,0,A00,A0,A0,E0,0,0,2021,1,,,0,,,1396
48121,4591,A05,0,A00,A0,A0,E0,0,0,2021,1,1206,1125,145,226,-80,3095
48133,4591,A05,0,A00,A0,A0,E0,0,0,2021,1,,,,0,,396
48135,4591,A05,0,A00,A0,A0,E0,0,0,2021,1,244,231,36,49,-13,1848
48139,4591,A05,0,A00,A0,A0,E0,0,0,2021,1,128,119,22,31,-9,1785
48141,4591,A05,0,A00,A0,A0,E0,0,0,2021,1,1123,1014,95,204,-109,1974
48143,4591,A05,0,A00,A0,A0,E0,0,0,2021,1,26,44,22,5,17,1377
48145,4591,A05,0,A00,A0,A0,E0,0,0,2021,1,0,,,,,
48157,4591,A05,0,A00,A0,A0,E0,0,0,2021,1,1079,1028,124,174,-51,3041
48159,4591,A05,0,A00,A0,A0,E0,0,0,2021,1,,,,0,,4684
48163,4591,A05,0,A00,A0,A0,E0,0,0,2021,1,,,,,,3895
48165,4591,A05,0,A00,A0,A0,E0,0,0,2021,1,,,,,,1391
48167,4591,A05,0,A00,A0,A0,E0,0,0,2021,1,393,353,43,83,-40,1507
48171,4591,A05,0,A00,A0,A0,E0,0,0,2021,1,27,23,4,7,-3,773
48177,4591,A05,0,A00,A0,A0,E0,0,0,2021,1,,,,,,1412
48179,4591,A05,0,A00,A0,A0,E0,0,0,2021,1,10,11,3,,0,2355
48181,4591,A05,0,A00,A0,A0,E0,0,0,2021,1,224,204,25,45,-20,1839
48183,4591,A05,0,A00,A0,A0,E0,0,0,2021,1,335,314,36,56,-21,2428
48185,4591,A05,0,A00,A0,A0,E0,0,0,2021,1,,,,0,,1615
48187,4591,A05,0,A00,A0,A0,E0,0,0,2021,1,44,43,6,8,-1,1230
48189,4591,A05,0,A00,A0,A0,E0,0,0,2021,1,,,,,,1380
48197,4591,A05,0,A00,A0,A0,E0,0,0,2021,1,,,,,,1148
48199,4591,A05,0,A00,A0,A0,E0,0,0,2021,1,14,14,,,0,1859
48201,4591,A05,0,A00,A0,A0,E0,0,0,2021,1,7496,6942,780,1333,-553,2128
48203,4591,A05,0,A00,A0,A0,E0,0,0,2021,1,26,24,3,6,-2,2193
48207,4591,A05,0,A00,A0,A0,E0,0,0,2021,1,,,0,0,,1048
48209,4591,A05,0,A00,A0,A0,E0,0,0,2021,1,730,686,63,108,-45,1788
48213,4591,A05,0,A00,A0,A0,E0,0,0,2021,1,45,52,16,10,6,998
48215,4591,A05,0,A00,A0,A0,E0,0,0,2021,1,910,805,47,152,-105,1461
48217,4591,A05,0,A00,A0,A0,E0,0,0,2021,1,,,,,,758
48219,4591,A05,0,A00,A0,A0,E0,0,0,2021,1,10,11,,,1,1345
48221,4591,A05,0,A00,A0,A0,E0,0,0,2021,1,37,34,3,6,-3,4448
48223,4591,A05,0,A00,A0,A0,E0,0,0,2021,1,25,23,3,5,-2,1649
48225,4591,A05,0,A00,A0,A0,E0,0,0,2021,1,,,,,,1115
48227,4591,A05,0,A00,A0,A0,E0,0,0,2021,1,23,22,6,7,-1,1900
48231,4591,A05,0,A00,A0,A0,E0,0,0,2021,1,74,74,21,22,0,2269
48233,4591,A05,0,A00,A0,A0,E0,0,0,2021,1,,,,,,1210
48241,4591,A05,0,A00,A0,A0,E0,0,0,2021,1,16,15,4,5,-1,1336
48245,4591,A05,0,A00,A0,A0,E0,0,0,2021,1,355,333,56,79,-23,1951
48249,4591,A05,0,A00,A0,A0,E0,0,0,2021,1,18,17,4,4,-1,1122
48251,4591,A05,0,A00,A0,A0,E0,0,0,2021,1,147,144,22,24,-2,1886
48255,4591,A05,0,A00,A0,A0,E0,0,0,2021,1,,,,,,1773
48257,4591,A05,0,A00,A0,A0,E0,0,0,2021,1,50,42,8,16,-8,1549
48259,4591,A05,0,A00,A0,A0,E0,0,0,2021,1,86,82,12,16,-5,2345
48265,4591,A05,0,A00,A0,A0,E0,0,0,2021,1,33,33,,3,0,1706
48273,4591,A05,0,A00,A0,A0,E0,0,0,2021,1,20,19,3,4,-1,1799
48277,4591,A05,0,A00,A0,A0,E0,0,0,2021,1,32,30,6,7,-2,2183
48285,4591,A05,0,A00,A0,A0,E0,0,0,2021,1,12,12,3,,1,2911
48289,4591,A05,0,A00,A0,A0,E0,0,0,2021,1,,,,,,1114
48291,4591,A05,0,A00,A0,A0,E0,0,0,2021,1,15,13,,4,-2,1280
48293,4591,A05,0,A00,A0,A0,E0,0,0,2021,1,,,,,,1279
48297,4591,A05,0,A00,A0,A0,E0,0,0,2021,1,,,0,0,,1803
48299,4591,A05,0,A00,A0,A0,E0,0,0,2021,1,,,0,0,,586
48303,4591,A05,0,A00,A0,A0,E0,0,0,2021,1,666,613,68,120,-52,1663
48307,4591,A05,0,A00,A0,A0,E0,0,0,2021,1,,,,,,1036
48309,4591,A05,0,A00,A0,A0,E0,0,0,2021,1,429,402,46,73,-27,2426
48321,4591,A05,0,A00,A0,A0,E0,0,0,2021,1,,,,,,1374
48323,4591,A05,0,A00,A0,A0,E0,0,0,2021,1,66,58,,9,-7,1213
48325,4591,A05,0,A00,A0,A0,E0,0,0,2021,1,,,,,,173
48329,4591,A05,0,A00,A0,A0,E0,0,0,2021,1,348,328,67,88,-20,1856
48337,4591,A05,0,A00,A0,A0,E0,0,0,2021,1,,,,,,645
48339,4591,A05,0,A00,A0,A0,E0,0,0,2021,1,881,825,90,146,-56,2128
48341,4591,A05,0,A00,A0,A0,E0,0,0,2021,1,,,,,,1186
48343,4591,A05,0,A00,A0,A0,E0,0,0,2021,1,,,0,0,,1525
48347,4591,A05,0,A00,A0,A0,E0,0,0,2021,1,96,84,5,17,-12,2114
48349,4591,A05,0,A00,A0,A0,E0,0,0,2021,1,14,14,3,4,0,1526
48353,4591,A05,0,A00,A0,A0,E0,0,0,2021,1,,,,0,,1436
48355,4591,A05,0,A00,A0,A0,E0,0,0,2021,1,693,642,55,106,-51,2227
48361,4591,A05,0,A00,A0,A0,E0,0,0,2021,1,41,46,8,4,5,1625
48363,4591,A05,0,A00,A0,A0,E0,0,0,2021,1,,,,,,1787
48365,4591,A05,0,A00,A0,A0,E0,0,0,2021,1,25,26,5,5,0,1878
48367,4591,A05,0,A00,A0,A0,E0,0,0,2021,1,206,192,22,36,-14,3031
48369,4591,A05,0,A00,A0,A0,E0,0,0,2021,1,,,0,0,,1649
48371,4591,A05,0,A00,A0,A0,E0,0,0,2021,1,,,0,,,1433
48373,4591,A05,0,A00,A0,A0,E0,0,0,2021,1,26,24,4,5,-2,1635
48375,4591,A05,0,A00,A0,A0,E0,0,0,2021,1,181,168,15,28,-13,2305
48379,4591,A05,0,A00,A0,A0,E0,0,0,2021,1,,,0,0,,795
48381,4591,A05,0,A00,A0,A0,E0,0,0,2021,1,286,255,19,50,-31,1699
48397,4591,A05,0,A00,A0,A0,E0,0,0,2021,1,315,281,29,63,-34,2254
48401,4591,A05,0,A00,A0,A0,E0,0,0,2021,1,,,,,,1315
48409,4591,A05,0,A00,A0,A0,E0,0,0,2021,1,69,60,7,16,-9,1665
48415,4591,A05,0,A00,A0,A0,E0,0,0,2021,1,,,,,,1199
48419,4591,A05,0,A00,A0,A0,E0,0,0,2021,1,,,,,,1513
48423,4591,A05,0,A00,A0,A0,E0,0,0,2021,1,386,346,39,79,-40,2340
48427,4591,A05,0,A00,A0,A0,E0,0,0,2021,1,,,,,,1083
48435,4591,A05,0,A00,A0,A0,E0,0,0,2021,1,,0,0,,,718
48439,4591,A05,0,A00,A0,A0,E0,0,0,2021,1,4722,4343,499,877,-378,2793
48441,4591,A05,0,A00,A0,A0,E0,0,0,2021,1,214,191,29,51,-22,1600
48449,4591,A05,0,A00,A0,A0,E0,0,0,2021,1,24,24,5,5,0,1409
48451,4591,A05,0,A00,A0,A0,E0,0,0,2021,1,200,188,12,23,-11,1816
48453,4591,A05,0,A00,A0,A0,E0,0,0,2021,1,2740,2353,255,641,-386,2694
48457,4591,A05,0,A00,A0,A0,E0,0,0,2021,1,,,,0,,2430
48463,4591,A05,0,A00,A0,A0,E0,0,0,2021,1,51,52,10,9,1,2255
48465,4591,A05,0,A00,A0,A0,E0,0,0,2021,1,19,18,0,,-1,1538
48467,4591,A05,0,A00,A0,A0,E0,0,0,2021,1,35,35,5,4,0,3869
48469,4591,A05,0,A00,A0,A0,E0,0,0,2021,1,165,152,13,26,-13,1675
48471,4591,A05,0,A00,A0,A0,E0,0,0,2021,1,90,79,6,16,-11,3156
48473,4591,A05,0,A00,A0,A0,E0,0,0,2021,1,,,0,0,,41796
48477,4591,A05,0,A00,A0,A0,E0,0,0,2021,1,29,24,5,10,-5,1738
48479,4591,A05,0,A00,A0,A0,E0,0,0,2021,1,287,258,22,52,-30,1387
48481,4591,A05,0,A00,A0,A0,E0,0,0,2021,1,24,24,4,4,1,1557
48485,4591,A05,0,A00,A0,A0,E0,0,0,2021,1,185,158,14,41,-27,1950
48491,4591,A05,0,A00,A0,A0,E0,0,0,2021,1,1113,1000,115,228,-113,1692
48493,4591,A05,0,A00,A0,A0,E0,0,0,2021,1,,,,,,1703
48497,4591,A05,0,A00,A0,A0,E0,0,0,2021,1,,,,,,1752
48499,4591,A05,0,A00,A0,A0,E0,0,0,2021,1,55,58,12,9,3,2478
48501,4591,A05,0,A00,A0,A0,E0,0,0,2021,1,,,0,,,379
48503,4591,A05,0,A00,A0,A0,E0,0,0,2021,1,,,,,,884
48,4591,A05,0,A00,A0,A0,E0,0,0,2021,1,43635,40439,4709,7905,-3196,2437
48001,4591,A05,0,A00,A0,A0,E0,0,0,2021,2,30,28,7,8,-2,1559
48003,4591,A05,0,A00,A0,A0,E0,0,0,2021,2,,,,,,1237
48005,4591,A05,0,A00,A0,A0,E0,0,0,2021,2,78,80,23,21,2,6319
48007,4591,A05,0,A00,A0,A0,E0,0,0,2021,2,19,21,5,,2,5296
48013,4591,A05,0,A00,A0,A0,E0,0,0,2021,2,24,28,5,,3,2084
48015,4591,A05,0,A00,A0,A0,E0,0,0,2021,2,7,4,,4,-3,2786
48019,4591,A05,0,A00,A0,A0,E0,0,0,2021,2,,,,,,1257
48021,4591,A05,0,A00,A0,A0,E0,0,0,2021,2,61,62,25,24,1,4191
48025,4591,A05,0,A00,A0,A0,E0,0,0,2021,2,,,,,,1849
48027,4591,A05,0,A00,A0,A0,E0,0,0,2021,2,341,337,86,89,-3,2182
48029,4591,A05,0,A00,A0,A0,E0,0,0,2021,2,2970,3046,756,680,77,2548
48031,4591,A05,0,A00,A0,A0,E0,0,0,2021,2,,,0,,,2055
48037,4591,A05,0,A00,A0,A0,E0,0,0,2021,2,171,181,57,47,10,12943
48039,4591,A05,0,A00,A0,A0,E0,0,0,2021,2,320,337,88,71,17,3616
48041,4591,A05,0,A00,A0,A0,E0,0,0,2021,2,382,378,88,92,-4,4464
48049,4591,A05,0,A00,A0,A0,E0,0,0,2021,2,14,15,5,3,2,2045
48053,4591,A05,0,A00,A0,A0,E0,0,0,2021,2,14,18,7,3,4,2414
48055,4591,A05,0,A00,A0,A0,E0,0,0,2021,2,,,,,,1377
48057,4591,A05,0,A00,A0,A0,E0,0,0,2021,2,14,15,9,8,1,1512
48059,4591,A05,0,A00,A0,A0,E0,0,0,2021,2,,,,0,,2903
48061,4591,A05,0,A00,A0,A0,E0,0,0,2021,2,454,493,122,83,39,1968
48067,4591,A05,0,A00,A0,A0,E0,0,0,2021,2,,,0,,,864
48071,4591,A05,0,A00,A0,A0,E0,0,0,2021,2,,,,0,,738
48073,4591,A05,0,A00,A0,A0,E0,0,0,2021,2,,,,,,1347
48075,4591,A05,0,A00,A0,A0,E0,0,0,2021,2,,,0,0,,2479
48083,4591,A05,0,A00,A0,A0,E0,0,0,2021,2,,,0,0,,2636
48085,4591,A05,0,A00,A0,A0,E0,0,0,2021,2,2759,2950,809,618,191,4049
48089,4591,A05,0,A00,A0,A0,E0,0,0,2021,2,,,0,,,2374
48091,4591,A05,0,A00,A0,A0,E0,0,0,2021,2,294,305,83,72,11,2323
48097,4591,A05,0,A00,A0,A0,E0,0,0,2021,2,,,,,,1192
48099,4591,A05,0,A00,A0,A0,E0,0,0,2021,2,23,23,5,5,0,1594
48101,4591,A05,0,A00,A0,A0,E0,0,0,2021,2,0,,,0,,
48113,4591,A05,0,A00,A0,A0,E0,0,0,2021,2,4709,4838,936,808,128,5149
48117,4591,A05,0,A00,A0,A0,E0,0,0,2021,2,,,,,,1782
48121,4591,A05,0,A00,A0,A0,E0,0,0,2021,2,1098,1169,334,263,71,5089
48133,4591,A05,0,A00,A0,A0,E0,0,0,2021,2,,,0,0,,562
48135,4591,A05,0,A00,A0,A0,E0,0,0,2021,2,231,219,63,75,-12,2141
48139,4591,A05,0,A00,A0,A0,E0,0,0,2021,2,119,123,53,48,5,2458
48141,4591,A05,0,A00,A0,A0,E0,0,0,2021,2,1015,1017,217,216,1,2634
48143,4591,A05,0,A00,A0,A0,E0,0,0,2021,2,44,41,6,9,-3,1782
48145,4591,A05,0,A00,A0,A0,E0,0,0,2021,2,,,0,0,,1957
48157,4591,A05,0,A00,A0,A0,E0,0,0,2021,2,1027,1041,222,208,15,5397
48159,4591,A05,0,A00,A0,A0,E0,0,0,2021,2,,,,,,4703
48163,4591,A05,0,A00,A0,A0,E0,0,0,2021,2,,,,,,3119
48165,4591,A05,0,A00,A0,A0,E0,0,0,2021,2,,,,,,1555
48167,4591,A05,0,A00,A0,A0,E0,0,0,2021,2,355,373,110,92,18,2863
48171,4591,A05,0,A00,A0,A0,E0,0,0,2021,2,23,22,6,7,-2,877
48177,4591,A05,0,A00,A0,A0,E0,0,0,2021,2,,,,,,1560
48179,4591,A05,0,A00,A0,A0,E0,0,0,2021,2,11,10,,3,-1,2542
48181,4591,A05,0,A00,A0,A0,E0,0,0,2021,2,204,201,52,55,-2,4444
48183,4591,A05,0,A00,A0,A0,E0,0,0,2021,2,313,330,80,63,17,3650
48185,4591,A05,0,A00,A0,A0,E0,0,0,2021,2,,,,0,,2229
48187,4591,A05,0,A00,A0,A0,E0,0,0,2021,2,43,42,9,10,-1,1459
48189,4591,A05,0,A00,A0,A0,E0,0,0,2021,2,,,,,,1605
48197,4591,A05,0,A00,A0,A0,E0,0,0,2021,2,,,0,,,1425
48199,4591,A05,0,A00,A0,A0,E0,0,0,2021,2,14,14,2,,0,2436
48201,4591,A05,0,A00,A0,A0,E0,0,0,2021,2,6931,7116,1653,1468,185,4091
48203,4591,A05,0,A00,A0,A0,E0,0,0,2021,2,24,21,5,8,-3,2460
48207,4591,A05,0,A00,A0,A0,E0,0,0,2021,2,,,0,0,,1048
48209,4591,A05,0,A00,A0,A0,E0,0,0,2021,2,685,711,169,143,26,2093
48213,4591,A05,0,A00,A0,A0,E0,0,0,2021,2,52,46,16,21,-6,974
48215,4591,A05,0,A00,A0,A0,E0,0,0,2021,2,805,842,211,174,37,1990
48217,4591,A05,0,A00,A0,A0,E0,0,0,2021,2,,,,,,913
48219,4591,A05,0,A00,A0,A0,E0,0,0,2021,2,11,11,,,1,1317
48221,4591,A05,0,A00,A0,A0,E0,0,0,2021,2,34,33,4,5,-1,8220
48223,4591,A05,0,A00,A0,A0,E0,0,0,2021,2,23,22,6,7,-1,2004
48225,4591,A05,0,A00,A0,A0,E0,0,0,2021,2,,,,,,1398
48227,4591,A05,0,A00,A0,A0,E0,0,0,2021,2,22,19,5,8,-3,2102
48231,4591,A05,0,A00,A0,A0,E0,0,0,2021,2,74,80,34,28,6,3405
48233,4591,A05,0,A00,A0,A0,E0,0,0,2021,2,,,,,,1552
48241,4591,A05,0,A00,A0,A0,E0,0,0,2021,2,15,13,5,6,-2,1408
48245,4591,A05,0,A00,A0,A0,E0,0,0,2021,2,332,362,145,115,30,3326
48249,4591,A05,0,A00,A0,A0,E0,0,0,2021,2,17,19,7,5,2,1258
48251,4591,A05,0,A00,A0,A0,E0,0,0,2021,2,144,143,22,24,-1,2367
48255,4591,A05,0,A00,A0,A0,E0,0,0,2021,2,,,,,,1823
48257,4591,A05,0,A00,A0,A0,E0,0,0,2021,2,42,50,29,20,8,2517
48259,4591,A05,0,A00,A0,A0,E0,0,0,2021,2,82,87,28,23,5,2862
48265,4591,A05,0,A00,A0,A0,E0,0,0,2021,2,33,32,5,6,0,1902
48273,4591,A05,0,A00,A0,A0,E0,0,0,2021,2,19,19,4,,1,2275
48277,4591,A05,0,A00,A0,A0,E0,0,0,2021,2,30,30,7,7,0,2549
48285,4591,A05,0,A00,A0,A0,E0,0,0,2021,2,12,19,11,4,7,3058
48289,4591,A05,0,A00,A0,A0,E0,0,0,2021,2,,,0,,,944
48291,4591,A05,0,A00,A0,A0,E0,0,0,2021,2,13,14,4,4,1,1819
48293,4591,A05,0,A00,A0,A0,E0,0,0,2021,2,,,,,,1303
48297,4591,A05,0,A00,A0,A0,E0,0,0,2021,2,,,,0,,2164
48299,4591,A05,0,A00,A0,A0,E0,0,0,2021,2,,,,0,,604
48303,4591,A05,0,A00,A0,A0,E0,0,0,2021,2,613,631,176,158,18,2021
48307,4591,A05,0,A00,A0,A0,E0,0,0,2021,2,,,0,,,1414
48309,4591,A05,0,A00,A0,A0,E0,0,0,2021,2,402,408,90,83,6,4316
48321,4591,A05,0,A00,A0,A0,E0,0,0,2021,2,,,,,,1043
48323,4591,A05,0,A00,A0,A0,E0,0,0,2021,2,58,65,17,11,6,1776
48325,4591,A05,0,A00,A0,A0,E0,0,0,2021,2,,,,,,304
48329,4591,A05,0,A00,A0,A0,E0,0,0,2021,2,328,336,94,87,7,2215
48337,4591,A05,0,A00,A0,A0,E0,0,0,2021,2,,,,,,627
48339,4591,A05,0,A00,A0,A0,E0,0,0,2021,2,823,856,203,169,34,4539
48341,4591,A05,0,A00,A0,A0,E0,0,0,2021,2,,,,,,1441
48343,4591,A05,0,A00,A0,A0,E0,0,0,2021,2,,0,0,,,64
48347,4591,A05,0,A00,A0,A0,E0,0,0,2021,2,84,86,14,12,2,2413
48349,4591,A05,0,A00,A0,A0,E0,0,0,2021,2,14,13,4,5,-1,2537
48353,4591,A05,0,A00,A0,A0,E0,0,0,2021,2,,,,,,1633
48355,4591,A05,0,A00,A0,A0,E0,0,0,2021,2,640,672,149,118,31,2494
48361,4591,A05,0,A00,A0,A0,E0,0,0,2021,2,46,47,14,13,1,1896
48363,4591,A05,0,A00,A0,A0,E0,0,0,2021,2,,,,,,1856
48365,4591,A05,0,A00,A0,A0,E0,0,0,2021,2,26,29,9,6,3,2039
48367,4591,A05,0,A00,A0,A0,E0,0,0,2021,2,192,210,63,46,18,4300
48369,4591,A05,0,A00,A0,A0,E0,0,0,2021,2,,,0,0,,1750
48371,4591,A05,0,A00,A0,A0,E0,0,0,2021,2,,,,,,1714
48373,4591,A05,0,A00,A0,A0,E0,0,0,2021,2,24,27,8,5,3,2010
48375,4591,A05,0,A00,A0,A0,E0,0,0,2021,2,168,172,34,29,5,2625
48379,4591,A05,0,A00,A0,A0,E0,0,0,2021,2,,,,,,1075
48381,4591,A05,0,A00,A0,A0,E0,0,0,2021,2,255,267,81,70,12,4155
48397,4591,A05,0,A00,A0,A0,E0,0,0,2021,2,282,291,73,64,9,3390
48401,4591,A05,0,A00,A0,A0,E0,0,0,2021,2,,,,,,1419
48409,4591,A05,0,A00,A0,A0,E0,0,0,2021,2,60,69,23,15,9,2466
48415,4591,A05,0,A00,A0,A0,E0,0,0,2021,2,,,,,,1482
48419,4591,A05,0,A00,A0,A0,E0,0,0,2021,2,,,,,,1889
48423,4591,A05,0,A00,A0,A0,E0,0,0,2021,2,354,363,96,87,9,5201
48427,4591,A05,0,A00,A0,A0,E0,0,0,2021,2,,,,,,1523
48439,4591,A05,0,A00,A0,A0,E0,0,0,2021,2,4379,4511,1133,1001,132,5127
48441,4591,A05,0,A00,A0,A0,E0,0,0,2021,2,191,197,59,53,6,2029
48449,4591,A05,0,A00,A0,A0,E0,0,0,2021,2,24,18,6,12,-6,1592
48451,4591,A05,0,A00,A0,A0,E0,0,0,2021,2,188,187,40,41,-1,2164
48453,4591,A05,0,A00,A0,A0,E0,0,0,2021,2,2409,2510,594,492,101,3697
48457,4591,A05,0,A00,A0,A0,E0,0,0,2021,2,,,0,,,2419
48463,4591,A05,0,A00,A0,A0,E0,0,0,2021,2,53,52,15,16,-1,2527
48465,4591,A05,0,A00,A0,A0,E0,0,0,2021,2,18,18,,,0,1993
48467,4591,A05,0,A00,A0,A0,E0,0,0,2021,2,35,35,4,4,0,4200
48469,4591,A05,0,A00,A0,A0,E0,0,0,2021,2,152,158,37,31,6,2314
48471,4591,A05,0,A00,A0,A0,E0,0,0,2021,2,79,98,34,15,18,5405
48473,4591,A05,0,A00,A0,A0,E0,0,0,2021,2,,,0,0,,23979
48477,4591,A05,0,A00,A0,A0,E0,0,0,2021,2,24,23,9,10,-1,2028
48479,4591,A05,0,A00,A0,A0,E0,0,0,2021,2,258,269,67,56,11,1811
48481,4591,A05,0,A00,A0,A0,E0,0,0,2021,2,24,24,5,5,0,1817
48485,4591,A05,0,A00,A0,A0,E0,0,0,2021,2,158,172,54,41,14,2737
48491,4591,A05,0,A00,A0,A0,E0,0,0,2021,2,1013,1033,259,239,20,2492
48493,4591,A05,0,A00,A0,A0,E0,0,0,2021,2,,,,,,1571
48497,4591,A05,0,A00,A0,A0,E0,0,0,2021,2,,,,,,35305
48499,4591,A05,0,A00,A0,A0,E0,0,0,2021,2,,,,,,3113
48501,4591,A05,0,A00,A0,A0,E0,0,0,2021,2,,,,,,636
48503,4591,A05,0,A00,A0,A0,E0,0,0,2021,2,,,,,,1541
48,4591,A05,0,A00,A0,A0,E0,0,0,2021,2,40437,41772,10244,8909,1335,3868
48001,4591,A05,0,A00,A0,A0,E0,0,0,2021,3,28,25,10,14,-4,1486
48003,4591,A05,0,A00,A0,A0,E0,0,0,2021,3,10,11,6,5,1,1144
48005,4591,A05,0,A00,A0,A0,E0,0,0,2021,3,80,82,28,26,2,3016
48007,4591,A05,0,A00,A0,A0,E0,0,0,2021,3,21,22,10,9,1,5459
48013,4591,A05,0,A00,A0,A0,E0,0,0,2021,3,28,25,5,9,-3,2351
48015,4591,A05,0,A00,A0,A0,E0,0,0,2021,3,,,,,,3678
48019,4591,A05,0,A00,A0,A0,E0,0,0,2021,3,,,0,,,967
48021,4591,A05,0,A00,A0,A0,E0,0,0,2021,3,62,61,17,18,-1,2141
48025,4591,A05,0,A00,A0,A0,E0,0,0,2021,3,,,,,,1703
48027,4591,A05,0,A00,A0,A0,E0,0,0,2021,3,337,347,113,103,10,2102
48029,4591,A05,0,A00,A0,A0,E0,0,0,2021,3,3038,3036,822,823,-1,2096
48031,4591,A05,0,A00,A0,A0,E0,0,0,2021,3,,,,0,,2694
48037,4591,A05,0,A00,A0,A0,E0,0,0,2021,3,180,192,77,66,11,3456
48039,4591,A05,0,A00,A0,A0,E0,0,0,2021,3,336,346,104,95,9,2154
48041,4591,A05,0,A00,A0,A0,E0,0,0,2021,3,378,378,100,101,0,3486
48049,4591,A05,0,A00,A0,A0,E0,0,0,2021,3,15,17,7,5,2,2049
48053,4591,A05,0,A00,A0,A0,E0,0,0,2021,3,18,17,5,6,-1,2435
48055,4591,A05,0,A00,A0,A0,E0,0,0,2021,3,,,,0,,1362
48057,4591,A05,0,A00,A0,A0,E0,0,0,2021,3,15,14,6,7,-2,1434
48059,4591,A05,0,A00,A0,A0,E0,0,0,2021,3,,,,,,1409
48061,4591,A05,0,A00,A0,A0,E0,0,0,2021,3,493,493,129,128,1,1723
48067,4591,A05,0,A00,A0,A0,E0,0,0,2021,3,,0,0,,,407
48071,4591,A05,0,A00,A0,A0,E0,0,0,2021,3,,,,,,473
48073,4591,A05,0,A00,A0,A0,E0,0,0,2021,3,,,,,,1458
48075,4591,A05,0,A00,A0,A0,E0,0,0,2021,3,,,0,0,,2468
48083,4591,A05,0,A00,A0,A0,E0,0,0,2021,3,,,0,0,,2628
48085,4591,A05,0,A00,A0,A0,E0,0,0,2021,3,2952,2963,835,823,12,2586
48089,4591,A05,0,A00,A0,A0,E0,0,0,2021,3,7,8,,,1,2535
48091,4591,A05,0,A00,A0,A0,E0,0,0,2021,3,305,291,74,87,-14,2186
48097,4591,A05,0,A00,A0,A0,E0,0,0,2021,3,,,,,,1428
48099,4591,A05,0,A00,A0,A0,E0,0,0,2021,3,23,32,17,8,9,1350
48101,4591,A05,0,A00,A0,A0,E0,0,0,2021,3,,,,,,3078
48111,4591,A05,0,A00,A0,A0,E0,0,0,2021,3,0,,,,,
48113,4591,A05,0,A00,A0,A0,E0,0,0,2021,3,4839,5037,1276,1078,198,5085
48117,4591,A05,0,A00,A0,A0,E0,0,0,2021,3,,,,,,1449
48121,4591,A05,0,A00,A0,A0,E0,0,0,2021,3,1171,1197,405,378,26,2656
48123,4591,A05,0,A00,A0,A0,E0,0,0,2021,3,0,,,,,
48133,4591,A05,0,A00,A0,A0,E0,0,0,2021,3,,,0,,,515
48135,4591,A05,0,A00,A0,A0,E0,0,0,2021,3,219,230,73,63,11,2172
48139,4591,A05,0,A00,A0,A0,E0,0,0,2021,3,123,125,55,54,2,1987
48141,4591,A05,0,A00,A0,A0,E0,0,0,2021,3,1016,1074,319,262,57,2155
48143,4591,A05,0,A00,A0,A0,E0,0,0,2021,3,41,41,11,11,0,1690
48145,4591,A05,0,A00,A0,A0,E0,0,0,2021,3,,0,,,,392
48157,4591,A05,0,A00,A0,A0,E0,0,0,2021,3,1046,1066,263,242,20,3473
48163,4591,A05,0,A00,A0,A0,E0,0,0,2021,3,,,,,,7640
48165,4591,A05,0,A00,A0,A0,E0,0,0,2021,3,,,,,,1497
48167,4591,A05,0,A00,A0,A0,E0,0,0,2021,3,372,350,99,121,-22,1758
48171,4591,A05,0,A00,A0,A0,E0,0,0,2021,3,22,23,5,4,1,893
48177,4591,A05,0,A00,A0,A0,E0,0,0,2021,3,,,,,,1539
48179,4591,A05,0,A00,A0,A0,E0,0,0,2021,3,10,9,5,6,-1,2679
48181,4591,A05,0,A00,A0,A0,E0,0,0,2021,3,201,203,59,57,2,2414
48183,4591,A05,0,A00,A0,A0,E0,0,0,2021,3,332,327,106,111,-5,2525
48185,4591,A05,0,A00,A0,A0,E0,0,0,2021,3,,,0,,,2037
48187,4591,A05,0,A00,A0,A0,E0,0,0,2021,3,42,44,16,13,3,1434
48189,4591,A05,0,A00,A0,A0,E0,0,0,2021,3,,,,,,1428
48197,4591,A05,0,A00,A0,A0,E0,0,0,2021,3,,,0,,,1296
48199,4591,A05,0,A00,A0,A0,E0,0,0,2021,3,14,14,,2,0,2070
48201,4591,A05,0,A00,A0,A0,E0,0,0,2021,3,7111,7215,1918,1814,104,2535
48203,4591,A05,0,A00,A0,A0,E0,0,0,2021,3,21,22,9,8,0,2538
48207,4591,A05,0,A00,A0,A0,E0,0,0,2021,3,,,0,0,,1048
48209,4591,A05,0,A00,A0,A0,E0,0,0,2021,3,710,724,180,166,14,2292
48213,4591,A05,0,A00,A0,A0,E0,0,0,2021,3,46,45,20,21,-1,973
48215,4591,A05,0,A00,A0,A0,E0,0,0,2021,3,842,909,240,172,68,1799
48217,4591,A05,0,A00,A0,A0,E0,0,0,2021,3,,,0,0,,1528
48219,4591,A05,0,A00,A0,A0,E0,0,0,2021,3,11,10,3,4,-1,1338
48221,4591,A05,0,A00,A0,A0,E0,0,0,2021,3,33,30,6,8,-2,3246
48223,4591,A05,0,A00,A0,A0,E0,0,0,2021,3,22,22,7,7,0,2018
48225,4591,A05,0,A00,A0,A0,E0,0,0,2021,3,,,,,,1429
48227,4591,A05,0,A00,A0,A0,E0,0,0,2021,3,19,18,5,6,-1,2084
48231,4591,A05,0,A00,A0,A0,E0,0,0,2021,3,80,88,41,32,8,2869
48233,4591,A05,0,A00,A0,A0,E0,0,0,2021,3,,,,,,1803
48241,4591,A05,0,A00,A0,A0,E0,0,0,2021,3,13,16,7,4,3,1581
48245,4591,A05,0,A00,A0,A0,E0,0,0,2021,3,361,344,106,124,-18,2293
48249,4591,A05,0,A00,A0,A0,E0,0,0,2021,3,19,16,7,10,-3,1059
48251,4591,A05,0,A00,A0,A0,E0,0,0,2021,3,143,154,43,32,11,2120
48255,4591,A05,0,A00,A0,A0,E0,0,0,2021,3,,,,,,1587
48257,4591,A05,0,A00,A0,A0,E0,0,0,2021,3,50,54,28,24,4,1693
48259,4591,A05,0,A00,A0,A0,E0,0,0,2021,3,87,90,25,22,3,2638
48265,4591,A05,0,A00,A0,A0,E0,0,0,2021,3,32,28,4,8,-4,1948
48273,4591,A05,0,A00,A0,A0,E0,0,0,2021,3,19,17,3,6,-3,2116
48277,4591,A05,0,A00,A0,A0,E0,0,0,2021,3,30,31,7,6,1,2541
48285,4591,A05,0,A00,A0,A0,E0,0,0,2021,3,19,20,3,,1,2714
48289,4591,A05,0,A00,A0,A0,E0,0,0,2021,3,,,,,,977
48291,4591,A05,0,A00,A0,A0,E0,0,0,2021,3,14,14,6,6,0,1660
48293,4591,A05,0,A00,A0,A0,E0,0,0,2021,3,,,,,,1493
48297,4591,A05,0,A00,A0,A0,E0,0,0,2021,3,,,0,,,953
48299,4591,A05,0,A00,A0,A0,E0,0,0,2021,3,,,0,,,637
48303,4591,A05,0,A00,A0,A0,E0,0,0,2021,3,631,621,168,178,-10,1876
48307,4591,A05,0,A00,A0,A0,E0,0,0,2021,3,,,0,0,,1358
48309,4591,A05,0,A00,A0,A0,E0,0,0,2021,3,408,418,123,113,10,1973
48317,4591,A05,0,A00,A0,A0,E0,0,0,2021,3,0,,,0,,
48321,4591,A05,0,A00,A0,A0,E0,0,0,2021,3,,,,,,1472
48323,4591,A05,0,A00,A0,A0,E0,0,0,2021,3,65,57,12,20,-8,1367
48325,4591,A05,0,A00,A0,A0,E0,0,0,2021,3,,,,,,844
48329,4591,A05,0,A00,A0,A0,E0,0,0,2021,3,336,338,103,101,3,2049
48337,4591,A05,0,A00,A0,A0,E0,0,0,2021,3,,,,,,3433
48339,4591,A05,0,A00,A0,A0,E0,0,0,2021,3,857,890,233,200,34,2460
48341,4591,A05,0,A00,A0,A0,E0,0,0,2021,3,,,,,,1543
48347,4591,A05,0,A00,A0,A0,E0,0,0,2021,3,86,92,23,17,6,2585
48349,4591,A05,0,A00,A0,A0,E0,0,0,2021,3,13,17,9,6,4,1587
48353,4591,A05,0,A00,A0,A0,E0,0,0,2021,3,,,,0,,1739
48355,4591,A05,0,A00,A0,A0,E0,0,0,2021,3,670,658,139,151,-12,2737
48361,4591,A05,0,A00,A0,A0,E0,0,0,2021,3,47,46,12,13,-1,1639
48363,4591,A05,0,A00,A0,A0,E0,0,0,2021,3,,,,,,1691
48365,4591,A05,0,A00,A0,A0,E0,0,0,2021,3,29,24,4,9,-4,2053
48367,4591,A05,0,A00,A0,A0,E0,0,0,2021,3,210,211,66,65,1,3124
48369,4591,A05,0,A00,A0,A0,E0,0,0,2021,3,,,0,0,,1887
48371,4591,A05,0,A00,A0,A0,E0,0,0,2021,3,,,,,,1696
48373,4591,A05,0,A00,A0,A0,E0,0,0,2021,3,27,29,15,12,3,1992
48375,4591,A05,0,A00,A0,A0,E0,0,0,2021,3,172,165,42,49,-7,2540
48379,4591,A05,0,A00,A0,A0,E0,0,0,2021,3,,,,,,1787
48381,4591,A05,0,A00,A0,A0,E0,0,0,2021,3,267,270,85,82,3,2048
48397,4591,A05,0,A00,A0,A0,E0,0,0,2021,3,291,296,98,93,5,2378
48401,4591,A05,0,A00,A0,A0,E0,0,0,2021,3,,,,,,1554
48409,4591,A05,0,A00,A0,A0,E0,0,0,2021,3,69,65,13,17,-4,1879
48415,4591,A05,0,A00,A0,A0,E0,0,0,2021,3,,,,,,1316
48419,4591,A05,0,A00,A0,A0,E0,0,0,2021,3,,,,,,1621
48423,4591,A05,0,A00,A0,A0,E0,0,0,2021,3,363,364,108,107,2,2047
48427,4591,A05,0,A00,A0,A0,E0,0,0,2021,3,,,,,,1414
48435,4591,A05,0,A00,A0,A0,E0,0,0,2021,3,0,,,0,,
48439,4591,A05,0,A00,A0,A0,E0,0,0,2021,3,4509,4586,1315,1238,77,2877
48441,4591,A05,0,A00,A0,A0,E0,0,0,2021,3,197,189,57,65,-9,1857
48449,4591,A05,0,A00,A0,A0,E0,0,0,2021,3,28,28,12,12,0,3010
48451,4591,A05,0,A00,A0,A0,E0,0,0,2021,3,187,189,46,44,1,2039
48453,4591,A05,0,A00,A0,A0,E0,0,0,2021,3,2503,2601,703,605,99,3518
48457,4591,A05,0,A00,A0,A0,E0,0,0,2021,3,,,0,0,,2326
48463,4591,A05,0,A00,A0,A0,E0,0,0,2021,3,51,50,15,16,-1,2647
48465,4591,A05,0,A00,A0,A0,E0,0,0,2021,3,18,18,7,7,0,1652
48467,4591,A05,0,A00,A0,A0,E0,0,0,2021,3,35,35,5,5,0,4548
48469,4591,A05,0,A00,A0,A0,E0,0,0,2021,3,158,155,35,38,-3,2195
48471,4591,A05,0,A00,A0,A0,E0,0,0,2021,3,98,98,21,21,0,3538
48473,4591,A05,0,A00,A0,A0,E0,0,0,2021,3,,,0,0,,37971
48477,4591,A05,0,A00,A0,A0,E0,0,0,2021,3,23,26,14,10,3,2237
48479,4591,A05,0,A00,A0,A0,E0,0,0,2021,3,269,275,51,45,6,1635
48481,4591,A05,0,A00,A0,A0,E0,0,0,2021,3,24,27,9,6,3,1785
48485,4591,A05,0,A00,A0,A0,E0,0,0,2021,3,172,172,53,53,0,2194
48491,4591,A05,0,A00,A0,A0,E0,0,0,2021,3,1039,1034,329,335,-6,2038
48493,4591,A05,0,A00,A0,A0,E0,0,0,2021,3,,,,,,1449
48497,4591,A05,0,A00,A0,A0,E0,0,0,2021,3,,,,,,1423
48499,4591,A05,0,A00,A0,A0,E0,0,0,2021,3,,,,,,2468
48501,4591,A05,0,A00,A0,A0,E0,0,0,2021,3,,,,,,868
48503,4591,A05,0,A00,A0,A0,E0,0,0,2021,3,,,,,,1670
48,4591,A05,0,A00,A0,A0,E0,0,0,2021,3,41760,42455,11815,11120,695,2806
48001,4591,A05,0,A00,A0,A0,E0,0,0,2021,4,25,30,13,8,5,1646
48003,4591,A05,0,A00,A0,A0,E0,0,0,2021,4,11,9,,4,-2,1656
48005,4591,A05,0,A00,A0,A0,E0,0,0,2021,4,82,87,32,27,5,2666
48007,4591,A05,0,A00,A0,A0,E0,0,0,2021,4,22,21,,3,-2,5012
48013,4591,A05,0,A00,A0,A0,E0,0,0,2021,4,25,28,7,4,3,2496
48015,4591,A05,0,A00,A0,A0,E0,0,0,2021,4,,,,,,3599
48019,4591,A05,0,A00,A0,A0,E0,0,0,2021,4,,,,0,,2154
48021,4591,A05,0,A00,A0,A0,E0,0,0,2021,4,61,65,27,22,4,2333
48025,4591,A05,0,A00,A0,A0,E0,0,0,2021,4,,,,,,2147
48027,4591,A05,0,A00,A0,A0,E0,0,0,2021,4,347,394,160,113,47,2342
48029,4591,A05,0,A00,A0,A0,E0,0,0,2021,4,3038,3269,1128,898,230,2421
48031,4591,A05,0,A00,A0,A0,E0,0,0,2021,4,,,,,,3153
48037,4591,A05,0,A00,A0,A0,E0,0,0,2021,4,192,190,74,76,-2,2537
48039,4591,A05,0,A00,A0,A0,E0,0,0,2021,4,348,408,157,98,60,2406
48041,4591,A05,0,A00,A0,A0,E0,0,0,2021,4,378,401,130,107,23,2637
48049,4591,A05,0,A00,A0,A0,E0,0,0,2021,4,17,17,3,,0,1865
48053,4591,A05,0,A00,A0,A0,E0,0,0,2021,4,17,19,9,7,3,2505
48055,4591,A05,0,A00,A0,A0,E0,0,0,2021,4,,,0,0,,1278
48057,4591,A05,0,A00,A0,A0,E0,0,0,2021,4,12,17,8,3,4,2196
48059,4591,A05,0,A00,A0,A0,E0,0,0,2021,4,,,,,,1859
48061,4591,A05,0,A00,A0,A0,E0,0,0,2021,4,493,561,188,120,68,1953
48065,4591,A05,0,A00,A0,A0,E0,0,0,2021,4,0,,,0,,
48071,4591,A05,0,A00,A0,A0,E0,0,0,2021,4,,,,,,1046
48073,4591,A05,0,A00,A0,A0,E0,0,0,2021,4,,,,,,1216
48075,4591,A05,0,A00,A0,A0,E0,0,0,2021,4,,,,,,2592
48083,4591,A05,0,A00,A0,A0,E0,0,0,2021,4,,,0,0,,2748
48085,4591,A05,0,A00,A0,A0,E0,0,0,2021,4,2958,3231,1021,747,274,2890
48089,4591,A05,0,A00,A0,A0,E0,0,0,2021,4,,,0,0,,2501
48091,4591,A05,0,A00,A0,A0,E0,0,0,2021,4,292,312,91,71,20,2574
48097,4591,A05,0,A00,A0,A0,E0,0,0,2021,4,,,,,,1617
48099,4591,A05,0,A00,A0,A0,E0,0,0,2021,4,32,35,11,8,3,1443
48101,4591,A05,0,A00,A0,A0,E0,0,0,2021,4,,,,,,3450
48111,4591,A05,0,A00,A0,A0,E0,0,0,2021,4,,0,0,,,351
48113,4591,A05,0,A00,A0,A0,E0,0,0,2021,4,5047,5366,1356,1037,319,4095
48117,4591,A05,0,A00,A0,A0,E0,0,0,2021,4,,,,,,1057
48121,4591,A05,0,A00,A0,A0,E0,0,0,2021,4,1184,1286,450,349,101,2965
48123,4591,A05,0,A00,A0,A0,E0,0,0,2021,4,,0,0,,,1540
48133,4591,A05,0,A00,A0,A0,E0,0,0,2021,4,,,0,,,535
48135,4591,A05,0,A00,A0,A0,E0,0,0,2021,4,230,249,89,70,19,2433
48139,4591,A05,0,A00,A0,A0,E0,0,0,2021,4,125,145,65,45,20,2243
48141,4591,A05,0,A00,A0,A0,E0,0,0,2021,4,1073,1155,409,327,82,2220
48143,4591,A05,0,A00,A0,A0,E0,0,0,2021,4,41,43,10,8,3,2205
48145,4591,A05,0,A00,A0,A0,E0,0,0,2021,4,0,,,0,,
48157,4591,A05,0,A00,A0,A0,E0,0,0,2021,4,1066,1148,355,273,82,3472
48163,4591,A05,0,A00,A0,A0,E0,0,0,2021,4,,,,,,5066
48165,4591,A05,0,A00,A0,A0,E0,0,0,2021,4,,,,,,1460
48167,4591,A05,0,A00,A0,A0,E0,0,0,2021,4,351,379,154,126,28,2087
48171,4591,A05,0,A00,A0,A0,E0,0,0,2021,4,23,20,3,6,-3,809
48177,4591,A05,0,A00,A0,A0,E0,0,0,2021,4,,,,,,1358
48179,4591,A05,0,A00,A0,A0,E0,0,0,2021,4,9,10,4,,1,2974
48181,4591,A05,0,A00,A0,A0,E0,0,0,2021,4,203,222,94,75,19,2556
48183,4591,A05,0,A00,A0,A0,E0,0,0,2021,4,326,331,114,109,5,2698
48185,4591,A05,0,A00,A0,A0,E0,0,0,2021,4,,,,,,3309
48187,4591,A05,0,A00,A0,A0,E0,0,0,2021,4,44,52,22,15,8,1434
48189,4591,A05,0,A00,A0,A0,E0,0,0,2021,4,,,,,,1138
48197,4591,A05,0,A00,A0,A0,E0,0,0,2021,4,,,0,0,,2294
48199,4591,A05,0,A00,A0,A0,E0,0,0,2021,4,14,14,3,,0,1994
48201,4591,A05,0,A00,A0,A0,E0,0,0,2021,4,7201,7813,2711,2099,612,3006
48203,4591,A05,0,A00,A0,A0,E0,0,0,2021,4,22,26,11,7,4,2319
48207,4591,A05,0,A00,A0,A0,E0,0,0,2021,4,,,0,0,,1048
48209,4591,A05,0,A00,A0,A0,E0,0,0,2021,4,727,768,202,160,41,2540
48213,4591,A05,0,A00,A0,A0,E0,0,0,2021,4,45,48,13,10,3,1027
48215,4591,A05,0,A00,A0,A0,E0,0,0,2021,4,910,998,315,227,88,2010
48217,4591,A05,0,A00,A0,A0,E0,0,0,2021,4,,,,,,1647
48219,4591,A05,0,A00,A0,A0,E0,0,0,2021,4,10,10,,,0,1242
48221,4591,A05,0,A00,A0,A0,E0,0,0,2021,4,30,34,11,7,3,3571
48223,4591,A05,0,A00,A0,A0,E0,0,0,2021,4,22,25,10,6,3,2021
48225,4591,A05,0,A00,A0,A0,E0,0,0,2021,4,,,,,,1382
48227,4591,A05,0,A00,A0,A0,E0,0,0,2021,4,18,23,12,7,5,2502
48231,4591,A05,0,A00,A0,A0,E0,0,0,2021,4,88,97,41,31,9,2863
48233,4591,A05,0,A00,A0,A0,E0,0,0,2021,4,,,,,,1563
48241,4591,A05,0,A00,A0,A0,E0,0,0,2021,4,16,17,7,6,0,1361
48245,4591,A05,0,A00,A0,A0,E0,0,0,2021,4,344,361,156,139,18,2332
48249,4591,A05,0,A00,A0,A0,E0,0,0,2021,4,16,18,8,6,2,1088
48251,4591,A05,0,A00,A0,A0,E0,0,0,2021,4,154,160,53,47,6,2422
48255,4591,A05,0,A00,A0,A0,E0,0,0,2021,4,,,,,,1582
48257,4591,A05,0,A00,A0,A0,E0,0,0,2021,4,54,67,40,28,13,2102
48259,4591,A05,0,A00,A0,A0,E0,0,0,2021,4,90,102,32,20,12,3591
48265,4591,A05,0,A00,A0,A0,E0,0,0,2021,4,28,30,5,3,2,2271
48273,4591,A05,0,A00,A0,A0,E0,0,0,2021,4,17,20,8,5,3,2503
48277,4591,A05,0,A00,A0,A0,E0,0,0,2021,4,31,30,8,9,-2,2385
48285,4591,A05,0,A00,A0,A0,E0,0,0,2021,4,20,20,3,3,0,3475
48289,4591,A05,0,A00,A0,A0,E0,0,0,2021,4,,,,,,951
48291,4591,A05,0,A00,A0,A0,E0,0,0,2021,4,14,18,9,5,4,1565
48293,4591,A05,0,A00,A0,A0,E0,0,0,2021,4,,,,,,1304
48297,4591,A05,0,A00,A0,A0,E0,0,0,2021,4,,,0,0,,2178
48299,4591,A05,0,A00,A0,A0,E0,0,0,2021,4,,,,,,548
48303,4591,A05,0,A00,A0,A0,E0,0,0,2021,4,622,669,264,217,48,2358
48307,4591,A05,0,A00,A0,A0,E0,0,0,2021,4,,,,0,,1464
48309,4591,A05,0,A00,A0,A0,E0,0,0,2021,4,418,445,158,132,27,2173
48317,4591,A05,0,A00,A0,A0,E0,0,0,2021,4,,,0,0,,11060
48321,4591,A05,0,A00,A0,A0,E0,0,0,2021,4,,,,,,1407
48323,4591,A05,0,A00,A0,A0,E0,0,0,2021,4,57,64,21,14,7,1769
48325,4591,A05,0,A00,A0,A0,E0,0,0,2021,4,,,0,0,,1718
48329,4591,A05,0,A00,A0,A0,E0,0,0,2021,4,338,350,121,109,13,2514
48337,4591,A05,0,A00,A0,A0,E0,0,0,2021,4,,,,0,,7510
48339,4591,A05,0,A00,A0,A0,E0,0,0,2021,4,889,954,322,257,65,3130
48341,4591,A05,0,A00,A0,A0,E0,0,0,2021,4,,,,,,1325
48347,4591,A05,0,A00,A0,A0,E0,0,0,2021,4,92,101,37,28,9,2951
48349,4591,A05,0,A00,A0,A0,E0,0,0,2021,4,17,21,9,5,4,1409
48353,4591,A05,0,A00,A0,A0,E0,0,0,2021,4,,,0,0,,1983
48355,4591,A05,0,A00,A0,A0,E0,0,0,2021,4,659,683,172,148,25,2631
48361,4591,A05,0,A00,A0,A0,E0,0,0,2021,4,46,53,14,7,7,1543
48363,4591,A05,0,A00,A0,A0,E0,0,0,2021,4,,,,,,1414
48365,4591,A05,0,A00,A0,A0,E0,0,0,2021,4,24,25,5,5,0,2633
48367,4591,A05,0,A00,A0,A0,E0,0,0,2021,4,211,227,72,55,17,3748
48369,4591,A05,0,A00,A0,A0,E0,0,0,2021,4,,,0,0,,1893
48371,4591,A05,0,A00,A0,A0,E0,0,0,2021,4,,,,,,1580
48373,4591,A05,0,A00,A0,A0,E0,0,0,2021,4,29,27,7,9,-2,1995
48375,4591,A05,0,A00,A0,A0,E0,0,0,2021,4,125,131,58,52,6,2550
48379,4591,A05,0,A00,A0,A0,E0,0,0,2021,4,,,0,,,1046
48381,4591,A05,0,A00,A0,A0,E0,0,0,2021,4,310,338,125,97,28,2434
48397,4591,A05,0,A00,A0,A0,E0,0,0,2021,4,295,313,118,99,18,2767
48401,4591,A05,0,A00,A0,A0,E0,0,0,2021,4,,,,,,1462
48409,4591,A05,0,A00,A0,A0,E0,0,0,2021,4,65,68,21,18,3,2207
48415,4591,A05,0,A00,A0,A0,E0,0,0,2021,4,,,,,,1406
48419,4591,A05,0,A00,A0,A0,E0,0,0,2021,4,,,,,,1496
48423,4591,A05,0,A00,A0,A0,E0,0,0,2021,4,365,394,139,110,29,2334
48427,4591,A05,0,A00,A0,A0,E0,0,0,2021,4,,,,,,1582
48435,4591,A05,0,A00,A0,A0,E0,0,0,2021,4,,0,0,,,353
48439,4591,A05,0,A00,A0,A0,E0,0,0,2021,4,4582,5060,1703,1225,478,3206
48441,4591,A05,0,A00,A0,A0,E0,0,0,2021,4,189,209,95,74,20,2134
48449,4591,A05,0,A00,A0,A0,E0,0,0,2021,4,28,32,13,9,4,2789
48451,4591,A05,0,A00,A0,A0,E0,0,0,2021,4,189,196,67,60,7,2323
48453,4591,A05,0,A00,A0,A0,E0,0,0,2021,4,2577,2767,881,691,190,3682
48457,4591,A05,0,A00,A0,A0,E0,0,0,2021,4,,,0,0,,2556
48463,4591,A05,0,A00,A0,A0,E0,0,0,2021,4,51,49,10,12,-2,3233
48465,4591,A05,0,A00,A0,A0,E0,0,0,2021,4,18,17,4,4,-1,1807
48467,4591,A05,0,A00,A0,A0,E0,0,0,2021,4,35,34,4,5,-1,4692
48469,4591,A05,0,A00,A0,A0,E0,0,0,2021,4,155,177,69,47,22,2372
48471,4591,A05,0,A00,A0,A0,E0,0,0,2021,4,98,97,25,26,-1,7910
48473,4591,A05,0,A00,A0,A0,E0,0,0,2021,4,,0,0,,,21689
48477,4591,A05,0,A00,A0,A0,E0,0,0,2021,4,26,28,14,12,2,1788
48479,4591,A05,0,A00,A0,A0,E0,0,0,2021,4,275,319,98,54,44,1900
48481,4591,A05,0,A00,A0,A0,E0,0,0,2021,4,27,28,10,9,1,1653
48485,4591,A05,0,A00,A0,A0,E0,0,0,2021,4,172,190,71,53,18,2363
48491,4591,A05,0,A00,A0,A0,E0,0,0,2021,4,1057,1153,440,343,97,2438
48493,4591,A05,0,A00,A0,A0,E0,0,0,2021,4,,,,,,1328
48497,4591,A05,0,A00,A0,A0,E0,0,0,2021,4,,,,,,1370
48499,4591,A05,0,A00,A0,A0,E0,0,0,2021,4,,,,,,3189
48501,4591,A05,0,A00,A0,A0,E0,0,0,2021,4,,,0,,,774
48503,4591,A05,0,A00,A0,A0,E0,0,0,2021,4,,,,,,1654
48,4591,A05,0,A00,A0,A0,E0,0,0,2021,4,42432,45904,15158,11686,3472,2966
48001,4591,A05,0,A00,A0,A0,E0,0,0,2022,1,30,27,5,8,-3,1338
48003,4591,A05,0,A00,A0,A0,E0,0,0,2022,1,,,,,,1484
48005,4591,A05,0,A00,A0,A0,E0,0,0,2022,1,87,80,12,18,-7,2340
48007,4591,A05,0,A00,A0,A0,E0,0,0,2022,1,,,,,,5225
48013,4591,A05,0,A00,A0,A0,E0,0,0,2022,1,28,26,4,6,-2,2212
48015,4591,A05,0,A00,A0,A0,E0,0,0,2022,1,,,0,,,3498
48019,4591,A05,0,A00,A0,A0,E0,0,0,2022,1,,,,,,1121
48021,4591,A05,0,A00,A0,A0,E0,0,0,2022,1,60,56,12,17,-5,2099
48025,4591,A05,0,A00,A0,A0,E0,0,0,2022,1,,,,,,1788
48027,4591,A05,0,A00,A0,A0,E0,0,0,2022,1,400,348,48,100,-52,1833
48029,4591,A05,0,A00,A0,A0,E0,0,0,2022,1,3238,2934,404,708,-304,1965
48031,4591,A05,0,A00,A0,A0,E0,0,0,2022,1,,,,0,,2143
48037,4591,A05,0,A00,A0,A0,E0,0,0,2022,1,190,175,33,48,-15,2667
48039,4591,A05,0,A00,A0,A0,E0,0,0,2022,1,408,358,43,93,-50,2205
48041,4591,A05,0,A00,A0,A0,E0,0,0,2022,1,404,401,88,90,-2,2132
48049,4591,A05,0,A00,A0,A0,E0,0,0,2022,1,17,17,8,8,0,1673
48053,4591,A05,0,A00,A0,A0,E0,0,0,2022,1,19,17,4,7,-2,2229
48055,4591,A05,0,A00,A0,A0,E0,0,0,2022,1,,,0,0,,1179
48057,4591,A05,0,A00,A0,A0,E0,0,0,2022,1,17,10,3,9,-6,986
48059,4591,A05,0,A00,A0,A0,E0,0,0,2022,1,,,0,0,,2026
48061,4591,A05,0,A00,A0,A0,E0,0,0,2022,1,563,486,34,111,-77,1584
48065,4591,A05,0,A00,A0,A0,E0,0,0,2022,1,,0,0,,,682
48071,4591,A05,0,A00,A0,A0,E0,0,0,2022,1,,,0,0,,730
48073,4591,A05,0,A00,A0,A0,E0,0,0,2022,1,,,,,,1401
48075,4591,A05,0,A00,A0,A0,E0,0,0,2022,1,,,,,,2148
48083,4591,A05,0,A00,A0,A0,E0,0,0,2022,1,,,0,,,2060
48085,4591,A05,0,A00,A0,A0,E0,0,0,2022,1,3223,3013,411,620,-210,2999
48089,4591,A05,0,A00,A0,A0,E0,0,0,2022,1,,,,0,,2467
48091,4591,A05,0,A00,A0,A0,E0,0,0,2022,1,311,302,41,51,-9,2124
48097,4591,A05,0,A00,A0,A0,E0,0,0,2022,1,,,,,,1829
48099,4591,A05,0,A00,A0,A0,E0,0,0,2022,1,35,37,6,4,1,1405
48101,4591,A05,0,A00,A0,A0,E0,0,0,2022,1,,,,0,,3008
48113,4591,A05,0,A00,A0,A0,E0,0,0,2022,1,5365,4746,489,1108,-619,3850
48117,4591,A05,0,A00,A0,A0,E0,0,0,2022,1,,,,,,1131
48121,4591,A05,0,A00,A0,A0,E0,0,0,2022,1,1337,1232,192,297,-105,2737
48123,4591,A05,0,A00,A0,A0,E0,0,0,2022,1,0,,,0,,
48133,4591,A05,0,A00,A0,A0,E0,0,0,2022,1,,,0,0,,374
48135,4591,A05,0,A00,A0,A0,E0,0,0,2022,1,249,216,22,55,-33,1876
48139,4591,A05,0,A00,A0,A0,E0,0,0,2022,1,144,130,26,41,-15,1810
48141,4591,A05,0,A00,A0,A0,E0,0,0,2022,1,1182,1066,141,257,-115,1948
48143,4591,A05,0,A00,A0,A0,E0,0,0,2022,1,42,38,7,10,-4,1732
48145,4591,A05,0,A00,A0,A0,E0,0,0,2022,1,,,0,0,,2386
48157,4591,A05,0,A00,A0,A0,E0,0,0,2022,1,1141,1042,113,213,-100,2705
48159,4591,A05,0,A00,A0,A0,E0,0,0,2022,1,,,,0,,247
48163,4591,A05,0,A00,A0,A0,E0,0,0,2022,1,,,,,,3550
48165,4591,A05,0,A00,A0,A0,E0,0,0,2022,1,,,,,,1366
48167,4591,A05,0,A00,A0,A0,E0,0,0,2022,1,417,387,56,86,-29,1653
48171,4591,A05,0,A00,A0,A0,E0,0,0,2022,1,20,20,5,5,0,710
48177,4591,A05,0,A00,A0,A0,E0,0,0,2022,1,,,,,,1443
48179,4591,A05,0,A00,A0,A0,E0,0,0,2022,1,10,10,,,0,2487
48181,4591,A05,0,A00,A0,A0,E0,0,0,2022,1,222,208,35,50,-15,1984
48183,4591,A05,0,A00,A0,A0,E0,0,0,2022,1,332,318,55,68,-14,2270
48185,4591,A05,0,A00,A0,A0,E0,0,0,2022,1,,,0,0,,2702
48187,4591,A05,0,A00,A0,A0,E0,0,0,2022,1,53,46,6,13,-7,1302
48189,4591,A05,0,A00,A0,A0,E0,0,0,2022,1,,,,,,1197
48197,4591,A05,0,A00,A0,A0,E0,0,0,2022,1,,,0,0,,1584
48199,4591,A05,0,A00,A0,A0,E0,0,0,2022,1,14,16,3,,1,1907
48201,4591,A05,0,A00,A0,A0,E0,0,0,2022,1,7876,7237,981,1621,-639,2311
48203,4591,A05,0,A00,A0,A0,E0,0,0,2022,1,26,26,7,7,0,2422
48207,4591,A05,0,A00,A0,A0,E0,0,0,2022,1,,,0,0,,1048
48209,4591,A05,0,A00,A0,A0,E0,0,0,2022,1,792,750,107,149,-42,1998
48213,4591,A05,0,A00,A0,A0,E0,0,0,2022,1,40,38,10,12,-2,977
48215,4591,A05,0,A00,A0,A0,E0,0,0,2022,1,982,868,91,205,-114,1646
48217,4591,A05,0,A00,A0,A0,E0,0,0,2022,1,,,,,,2686
48219,4591,A05,0,A00,A0,A0,E0,0,0,2022,1,10,10,,,0,1317
48221,4591,A05,0,A00,A0,A0,E0,0,0,2022,1,34,31,4,7,-3,4758
48223,4591,A05,0,A00,A0,A0,E0,0,0,2022,1,25,24,6,8,-2,1766
48225,4591,A05,0,A00,A0,A0,E0,0,0,2022,1,13,15,5,4,2,1327
48227,4591,A05,0,A00,A0,A0,E0,0,0,2022,1,23,25,7,6,2,1928
48231,4591,A05,0,A00,A0,A0,E0,0,0,2022,1,97,89,23,32,-8,3397
48233,4591,A05,0,A00,A0,A0,E0,0,0,2022,1,,,,,,1315
48241,4591,A05,0,A00,A0,A0,E0,0,0,2022,1,9,8,,3,-1,1814
48245,4591,A05,0,A00,A0,A0,E0,0,0,2022,1,356,338,81,99,-18,1950
48249,4591,A05,0,A00,A0,A0,E0,0,0,2022,1,18,14,,7,-4,1209
48251,4591,A05,0,A00,A0,A0,E0,0,0,2022,1,160,148,21,33,-12,1773
48255,4591,A05,0,A00,A0,A0,E0,0,0,2022,1,,,,,,1504
48257,4591,A05,0,A00,A0,A0,E0,0,0,2022,1,66,52,15,29,-15,1513
48259,4591,A05,0,A00,A0,A0,E0,0,0,2022,1,102,105,17,14,3,2552
48265,4591,A05,0,A00,A0,A0,E0,0,0,2022,1,30,30,7,7,0,2072
48273,4591,A05,0,A00,A0,A0,E0,0,0,2022,1,19,15,,7,-5,2067
48277,4591,A05,0,A00,A0,A0,E0,0,0,2022,1,29,29,4,4,0,2274
48285,4591,A05,0,A00,A0,A0,E0,0,0,2022,1,20,21,4,3,1,3023
48289,4591,A05,0,A00,A0,A0,E0,0,0,2022,1,,,0,0,,897
48291,4591,A05,0,A00,A0,A0,E0,0,0,2022,1,18,14,3,7,-4,1359
48293,4591,A05,0,A00,A0,A0,E0,0,0,2022,1,,,,,,1249
48297,4591,A05,0,A00,A0,A0,E0,0,0,2022,1,,0,0,,,2541
48299,4591,A05,0,A00,A0,A0,E0,0,0,2022,1,,,0,0,,775
48303,4591,A05,0,A00,A0,A0,E0,0,0,2022,1,690,656,114,148,-34,1783
48307,4591,A05,0,A00,A0,A0,E0,0,0,2022,1,,,,0,,1508
48309,4591,A05,0,A00,A0,A0,E0,0,0,2022,1,467,427,63,102,-39,2104
48317,4591,A05,0,A00,A0,A0,E0,0,0,2022,1,,,0,0,,11060
48321,4591,A05,0,A00,A0,A0,E0,0,0,2022,1,,,,,,1275
48323,4591,A05,0,A00,A0,A0,E0,0,0,2022,1,64,59,8,13,-5,1512
48325,4591,A05,0,A00,A0,A0,E0,0,0,2022,1,,,,,,1965
48329,4591,A05,0,A00,A0,A0,E0,0,0,2022,1,318,284,40,74,-34,1911
48331,4591,A05,0,A00,A0,A0,E0,0,0,2022,1,0,,,0,,
48337,4591,A05,0,A00,A0,A0,E0,0,0,2022,1,,,,,,4041
48339,4591,A05,0,A00,A0,A0,E0,0,0,2022,1,956,850,109,214,-106,2217
48341,4591,A05,0,A00,A0,A0,E0,0,0,2022,1,,,,,,1174
48347,4591,A05,0,A00,A0,A0,E0,0,0,2022,1,101,91,7,18,-10,2605
48349,4591,A05,0,A00,A0,A0,E0,0,0,2022,1,21,20,6,6,0,1195
48353,4591,A05,0,A00,A0,A0,E0,0,0,2022,1,,,0,,,1574
48355,4591,A05,0,A00,A0,A0,E0,0,0,2022,1,686,640,87,134,-47,2255
48361,4591,A05,0,A00,A0,A0,E0,0,0,2022,1,52,49,7,10,-3,1386
48363,4591,A05,0,A00,A0,A0,E0,0,0,2022,1,,,,,,1743
48365,4591,A05,0,A00,A0,A0,E0,0,0,2022,1,25,22,5,8,-2,1829
48367,4591,A05,0,A00,A0,A0,E0,0,0,2022,1,227,219,38,46,-8,3046
48369,4591,A05,0,A00,A0,A0,E0,0,0,2022,1,,,0,0,,1839
48371,4591,A05,0,A00,A0,A0,E0,0,0,2022,1,,,,,,1447
48373,4591,A05,0,A00,A0,A0,E0,0,0,2022,1,27,24,6,9,-3,1483
48375,4591,A05,0,A00,A0,A0,E0,0,0,2022,1,131,112,17,35,-19,2391
48379,4591,A05,0,A00,A0,A0,E0,0,0,2022,1,,,0,0,,1804
48381,4591,A05,0,A00,A0,A0,E0,0,0,2022,1,337,311,22,48,-26,1939
48397,4591,A05,0,A00,A0,A0,E0,0,0,2022,1,314,289,38,63,-25,2370
48401,4591,A05,0,A00,A0,A0,E0,0,0,2022,1,,,,,,1170
48409,4591,A05,0,A00,A0,A0,E0,0,0,2022,1,68,57,6,17,-11,1811
48415,4591,A05,0,A00,A0,A0,E0,0,0,2022,1,,,,,,1196
48419,4591,A05,0,A00,A0,A0,E0,0,0,2022,1,,,,,,1405
48423,4591,A05,0,A00,A0,A0,E0,0,0,2022,1,388,341,46,94,-48,2027
48427,4591,A05,0,A00,A0,A0,E0,0,0,2022,1,,,,,,1454
48435,4591,A05,0,A00,A0,A0,E0,0,0,2022,1,0,,,,,
48439,4591,A05,0,A00,A0,A0,E0,0,0,2022,1,5087,4644,619,1062,-443,2827
48441,4591,A05,0,A00,A0,A0,E0,0,0,2022,1,209,193,34,50,-17,1715
48449,4591,A05,0,A00,A0,A0,E0,0,0,2022,1,32,38,13,7,6,3233
48451,4591,A05,0,A00,A0,A0,E0,0,0,2022,1,196,192,21,26,-5,1929
48453,4591,A05,0,A00,A0,A0,E0,0,0,2022,1,2747,2482,343,608,-265,3370
48457,4591,A05,0,A00,A0,A0,E0,0,0,2022,1,,,0,0,,2537
48463,4591,A05,0,A00,A0,A0,E0,0,0,2022,1,50,45,8,13,-5,2623
48465,4591,A05,0,A00,A0,A0,E0,0,0,2022,1,17,15,0,,-2,1641
48467,4591,A05,0,A00,A0,A0,E0,0,0,2022,1,34,35,4,3,1,4115
48469,4591,A05,0,A00,A0,A0,E0,0,0,2022,1,177,162,25,41,-15,1819
48471,4591,A05,0,A00,A0,A0,E0,0,0,2022,1,97,98,17,17,1,3178
48477,4591,A05,0,A00,A0,A0,E0,0,0,2022,1,28,24,10,14,-4,1591
48479,4591,A05,0,A00,A0,A0,E0,0,0,2022,1,319,292,28,55,-28,1644
48481,4591,A05,0,A00,A0,A0,E0,0,0,2022,1,28,23,4,9,-5,1437
48485,4591,A05,0,A00,A0,A0,E0,0,0,2022,1,190,174,26,42,-16,1924
48487,4591,A05,0,A00,A0,A0,E0,0,0,2022,1,0,,,0,,
48491,4591,A05,0,A00,A0,A0,E0,0,0,2022,1,1164,1055,167,276,-109,1957
48493,4591,A05,0,A00,A0,A0,E0,0,0,2022,1,,,,,,1468
48495,4591,A05,0,A00,A0,A0,E0,0,0,2022,1,0,,,0,,
48497,4591,A05,0,A00,A0,A0,E0,0,0,2022,1,,,,,,1269
48499,4591,A05,0,A00,A0,A0,E0,0,0,2022,1,,,,,,2559
48501,4591,A05,0,A00,A0,A0,E0,0,0,2022,1,,,,,,822
48503,4591,A05,0,A00,A0,A0,E0,0,0,2022,1,,,,,,1428
48,4591,A05,0,A00,A0,A0,E0,0,0,2022,1,46058,42083,5776,9750,-3974,2547
48001,4591,A05,0,A00,A0,A0,E0,0,0,2022,2,27,27,11,10,1,1634
48003,4591,A05,0,A00,A0,A0,E0,0,0,2022,2,,,,,,1880
48005,4591,A05,0,A00,A0,A0,E0,0,0,2022,2,80,93,39,27,12,3693
48007,4591,A05,0,A00,A0,A0,E0,0,0,2022,2,21,21,3,,1,4570
48013,4591,A05,0,A00,A0,A0,E0,0,0,2022,2,26,24,,4,-2,2789
48015,4591,A05,0,A00,A0,A0,E0,0,0,2022,2,3,4,,0,1,4391
48019,4591,A05,0,A00,A0,A0,E0,0,0,2022,2,,,0,0,,1394
48021,4591,A05,0,A00,A0,A0,E0,0,0,2022,2,56,52,16,19,-3,2915
48025,4591,A05,0,A00,A0,A0,E0,0,0,2022,2,,,,,,1363
48027,4591,A05,0,A00,A0,A0,E0,0,0,2022,2,347,347,74,73,0,2261
48029,4591,A05,0,A00,A0,A0,E0,0,0,2022,2,2906,2898,657,665,-8,2388
48031,4591,A05,0,A00,A0,A0,E0,0,0,2022,2,,,,,,2124
48037,4591,A05,0,A00,A0,A0,E0,0,0,2022,2,175,167,40,48,-7,3742
48039,4591,A05,0,A00,A0,A0,E0,0,0,2022,2,356,357,78,77,1,3058
48041,4591,A05,0,A00,A0,A0,E0,0,0,2022,2,401,375,74,100,-26,2547
48049,4591,A05,0,A00,A0,A0,E0,0,0,2022,2,17,21,8,4,3,1975
48053,4591,A05,0,A00,A0,A0,E0,0,0,2022,2,17,18,5,4,1,2695
48055,4591,A05,0,A00,A0,A0,E0,0,0,2022,2,,,,0,,1305
48057,4591,A05,0,A00,A0,A0,E0,0,0,2022,2,,,,,,1690
48059,4591,A05,0,A00,A0,A0,E0,0,0,2022,2,,,,,,2001
48061,4591,A05,0,A00,A0,A0,E0,0,0,2022,2,486,472,68,82,-14,1896
48065,4591,A05,0,A00,A0,A0,E0,0,0,2022,2,0,,,0,,
48071,4591,A05,0,A00,A0,A0,E0,0,0,2022,2,,,,0,,1031
48073,4591,A05,0,A00,A0,A0,E0,0,0,2022,2,,,,,,1638
48075,4591,A05,0,A00,A0,A0,E0,0,0,2022,2,,,0,0,,2466
48081,4591,A05,0,A00,A0,A0,E0,0,0,2022,2,0,,,,,
48083,4591,A05,0,A00,A0,A0,E0,0,0,2022,2,,,0,0,,1668
48085,4591,A05,0,A00,A0,A0,E0,0,0,2022,2,3003,3047,653,609,44,2925
48089,4591,A05,0,A00,A0,A0,E0,0,0,2022,2,,,0,,,2001
48091,4591,A05,0,A00,A0,A0,E0,0,0,2022,2,307,329,107,85,22,2413
48097,4591,A05,0,A00,A0,A0,E0,0,0,2022,2,,,,,,1543
48099,4591,A05,0,A00,A0,A0,E0,0,0,2022,2,37,36,7,8,-1,1446
48101,4591,A05,0,A00,A0,A0,E0,0,0,2022,2,,,,0,,13086
48113,4591,A05,0,A00,A0,A0,E0,0,0,2022,2,4809,4644,793,958,-165,3628
48117,4591,A05,0,A00,A0,A0,E0,0,0,2022,2,,,,,,1175
48121,4591,A05,0,A00,A0,A0,E0,0,0,2022,2,1229,1258,314,285,29,2823
48123,4591,A05,0,A00,A0,A0,E0,0,0,2022,2,,,0,0,,970
48133,4591,A05,0,A00,A0,A0,E0,0,0,2022,2,,,,,,312
48135,4591,A05,0,A00,A0,A0,E0,0,0,2022,2,216,215,59,60,-1,2377
48139,4591,A05,0,A00,A0,A0,E0,0,0,2022,2,130,135,54,49,5,2248
48141,4591,A05,0,A00,A0,A0,E0,0,0,2022,2,1062,1055,218,226,-7,2135
48143,4591,A05,0,A00,A0,A0,E0,0,0,2022,2,38,40,8,6,2,2300
48145,4591,A05,0,A00,A0,A0,E0,0,0,2022,2,,,0,0,,2825
48157,4591,A05,0,A00,A0,A0,E0,0,0,2022,2,1041,1040,194,194,-1,3763
48159,4591,A05,0,A00,A0,A0,E0,0,0,2022,2,,,0,0,,352
48163,4591,A05,0,A00,A0,A0,E0,0,0,2022,2,,,,,,3910
48165,4591,A05,0,A00,A0,A0,E0,0,0,2022,2,,,,,,1863
48167,4591,A05,0,A00,A0,A0,E0,0,0,2022,2,387,381,81,87,-7,2140
48171,4591,A05,0,A00,A0,A0,E0,0,0,2022,2,20,20,3,,0,745
48177,4591,A05,0,A00,A0,A0,E0,0,0,2022,2,,,,,,1612
48179,4591,A05,0,A00,A0,A0,E0,0,0,2022,2,10,12,8,6,2,2652
48181,4591,A05,0,A00,A0,A0,E0,0,0,2022,2,208,203,39,43,-5,2617
48183,4591,A05,0,A00,A0,A0,E0,0,0,2022,2,317,320,70,67,3,2542
48185,4591,A05,0,A00,A0,A0,E0,0,0,2022,2,,,0,,,2937
48187,4591,A05,0,A00,A0,A0,E0,0,0,2022,2,46,49,12,9,3,1560
48189,4591,A05,0,A00,A0,A0,E0,0,0,2022,2,,,,,,1319
48197,4591,A05,0,A00,A0,A0,E0,0,0,2022,2,,,0,0,,2051
48199,4591,A05,0,A00,A0,A0,E0,0,0,2022,2,16,15,,,0,1841
48201,4591,A05,0,A00,A0,A0,E0,0,0,2022,2,7301,7394,1592,1500,92,3101
48203,4591,A05,0,A00,A0,A0,E0,0,0,2022,2,26,29,9,6,3,2378
48207,4591,A05,0,A00,A0,A0,E0,0,0,2022,2,,,0,0,,1048
48209,4591,A05,0,A00,A0,A0,E0,0,0,2022,2,750,770,179,159,20,2261
48213,4591,A05,0,A00,A0,A0,E0,0,0,2022,2,38,43,20,15,5,1205
48215,4591,A05,0,A00,A0,A0,E0,0,0,2022,2,866,845,136,157,-21,2037
48217,4591,A05,0,A00,A0,A0,E0,0,0,2022,2,,,0,0,,3390
48219,4591,A05,0,A00,A0,A0,E0,0,0,2022,2,10,14,8,3,4,1436
48221,4591,A05,0,A00,A0,A0,E0,0,0,2022,2,31,28,3,6,-3,3477
48223,4591,A05,0,A00,A0,A0,E0,0,0,2022,2,24,24,9,9,0,2074
48225,4591,A05,0,A00,A0,A0,E0,0,0,2022,2,15,13,4,6,-2,1799
48227,4591,A05,0,A00,A0,A0,E0,0,0,2022,2,25,25,11,11,0,2093
48231,4591,A05,0,A00,A0,A0,E0,0,0,2022,2,89,88,31,32,-1,3210
48233,4591,A05,0,A00,A0,A0,E0,0,0,2022,2,,,,,,1422
48241,4591,A05,0,A00,A0,A0,E0,0,0,2022,2,8,8,,,0,1735
48245,4591,A05,0,A00,A0,A0,E0,0,0,2022,2,336,333,110,113,-3,2737
48249,4591,A05,0,A00,A0,A0,E0,0,0,2022,2,14,14,3,4,0,1449
48251,4591,A05,0,A00,A0,A0,E0,0,0,2022,2,148,153,31,26,5,2050
48255,4591,A05,0,A00,A0,A0,E0,0,0,2022,2,,,,,,1803
48257,4591,A05,0,A00,A0,A0,E0,0,0,2022,2,52,57,28,23,5,2025
48259,4591,A05,0,A00,A0,A0,E0,0,0,2022,2,105,102,21,23,-3,2568
48265,4591,A05,0,A00,A0,A0,E0,0,0,2022,2,30,33,7,4,3,2133
48273,4591,A05,0,A00,A0,A0,E0,0,0,2022,2,15,15,4,4,0,2435
48277,4591,A05,0,A00,A0,A0,E0,0,0,2022,2,29,32,8,6,3,2607
48285,4591,A05,0,A00,A0,A0,E0,0,0,2022,2,21,29,13,4,9,3760
48289,4591,A05,0,A00,A0,A0,E0,0,0,2022,2,,,0,,,940
48291,4591,A05,0,A00,A0,A0,E0,0,0,2022,2,14,14,4,4,0,1696
48293,4591,A05,0,A00,A0,A0,E0,0,0,2022,2,,,,,,1534
48299,4591,A05,0,A00,A0,A0,E0,0,0,2022,2,,,,,,615
48303,4591,A05,0,A00,A0,A0,E0,0,0,2022,2,656,663,174,167,6,1982
48307,4591,A05,0,A00,A0,A0,E0,0,0,2022,2,,,0,0,,1915
48309,4591,A05,0,A00,A0,A0,E0,0,0,2022,2,426,434,98,90,8,2153
48317,4591,A05,0,A00,A0,A0,E0,0,0,2022,2,,,,0,,11060
48321,4591,A05,0,A00,A0,A0,E0,0,0,2022,2,,,,,,1565
48323,4591,A05,0,A00,A0,A0,E0,0,0,2022,2,59,65,19,12,7,1965
48325,4591,A05,0,A00,A0,A0,E0,0,0,2022,2,,,0,0,,1456
48329,4591,A05,0,A00,A0,A0,E0,0,0,2022,2,283,268,68,83,-15,2327
48331,4591,A05,0,A00,A0,A0,E0,0,0,2022,2,,,,,,1136
48337,4591,A05,0,A00,A0,A0,E0,0,0,2022,2,,,,,,2510
48339,4591,A05,0,A00,A0,A0,E0,0,0,2022,2,847,830,155,172,-17,3118
48341,4591,A05,0,A00,A0,A0,E0,0,0,2022,2,,,,,,1167
48347,4591,A05,0,A00,A0,A0,E0,0,0,2022,2,91,84,9,15,-7,2710
48349,4591,A05,0,A00,A0,A0,E0,0,0,2022,2,20,21,9,8,1,1413
48353,4591,A05,0,A00,A0,A0,E0,0,0,2022,2,,,0,,,1892
48355,4591,A05,0,A00,A0,A0,E0,0,0,2022,2,638,674,155,119,36,2684
48361,4591,A05,0,A00,A0,A0,E0,0,0,2022,2,49,50,7,7,0,1658
48363,4591,A05,0,A00,A0,A0,E0,0,0,2022,2,,,,,,1426
48365,4591,A05,0,A00,A0,A0,E0,0,0,2022,2,22,20,4,6,-2,2192
48367,4591,A05,0,A00,A0,A0,E0,0,0,2022,2,219,217,51,53,-2,3382
48369,4591,A05,0,A00,A0,A0,E0,0,0,2022,2,,,0,0,,2019
48371,4591,A05,0,A00,A0,A0,E0,0,0,2022,2,,,,,,1756
48373,4591,A05,0,A00,A0,A0,E0,0,0,2022,2,24,28,10,6,4,1838
48375,4591,A05,0,A00,A0,A0,E0,0,0,2022,2,112,107,30,34,-4,2497
48379,4591,A05,0,A00,A0,A0,E0,0,0,2022,2,,0,,,,2094
48381,4591,A05,0,A00,A0,A0,E0,0,0,2022,2,311,304,56,62,-7,2354
48397,4591,A05,0,A00,A0,A0,E0,0,0,2022,2,288,286,70,71,-2,2674
48401,4591,A05,0,A00,A0,A0,E0,0,0,2022,2,,,,,,1402
48409,4591,A05,0,A00,A0,A0,E0,0,0,2022,2,57,57,13,13,0,2307
48415,4591,A05,0,A00,A0,A0,E0,0,0,2022,2,,,,,,1472
48419,4591,A05,0,A00,A0,A0,E0,0,0,2022,2,,,,,,1616
48423,4591,A05,0,A00,A0,A0,E0,0,0,2022,2,339,339,66,66,0,2312
48427,4591,A05,0,A00,A0,A0,E0,0,0,2022,2,,,,,,1923
48435,4591,A05,0,A00,A0,A0,E0,0,0,2022,2,,,0,0,,3302
48439,4591,A05,0,A00,A0,A0,E0,0,0,2022,2,4637,4718,1014,934,81,2959
48441,4591,A05,0,A00,A0,A0,E0,0,0,2022,2,193,191,37,38,-2,2019
48449,4591,A05,0,A00,A0,A0,E0,0,0,2022,2,38,48,20,10,10,3538
48451,4591,A05,0,A00,A0,A0,E0,0,0,2022,2,192,187,34,39,-5,2149
48453,4591,A05,0,A00,A0,A0,E0,0,0,2022,2,2487,2500,513,501,12,3732
48457,4591,A05,0,A00,A0,A0,E0,0,0,2022,2,,,0,0,,2673
48463,4591,A05,0,A00,A0,A0,E0,0,0,2022,2,45,47,14,12,1,3231
48465,4591,A05,0,A00,A0,A0,E0,0,0,2022,2,15,13,,3,-2,1794
48467,4591,A05,0,A00,A0,A0,E0,0,0,2022,2,35,39,9,5,4,4436
48469,4591,A05,0,A00,A0,A0,E0,0,0,2022,2,162,155,20,27,-7,2304
48471,4591,A05,0,A00,A0,A0,E0,0,0,2022,2,97,100,28,26,2,4118
48473,4591,A05,0,A00,A0,A0,E0,0,0,2022,2,0,,,0,,
48477,4591,A05,0,A00,A0,A0,E0,0,0,2022,2,24,24,6,7,-1,1917
48479,4591,A05,0,A00,A0,A0,E0,0,0,2022,2,292,276,32,48,-16,1924
48481,4591,A05,0,A00,A0,A0,E0,0,0,2022,2,22,21,6,7,-1,1789
48485,4591,A05,0,A00,A0,A0,E0,0,0,2022,2,174,164,38,48,-10,2330
48487,4591,A05,0,A00,A0,A0,E0,0,0,2022,2,,,0,0,,2387
48491,4591,A05,0,A00,A0,A0,E0,0,0,2022,2,1053,1092,271,232,39,2365
48493,4591,A05,0,A00,A0,A0,E0,0,0,2022,2,,,,,,1660
48495,4591,A05,0,A00,A0,A0,E0,0,0,2022,2,,,0,,,562
48497,4591,A05,0,A00,A0,A0,E0,0,0,2022,2,,,,,,1428
48499,4591,A05,0,A00,A0,A0,E0,0,0,2022,2,,,,,,2984
48501,4591,A05,0,A00,A0,A0,E0,0,0,2022,2,,,,,,809
48503,4591,A05,0,A00,A0,A0,E0,0,0,2022,2,,,,,,1795
48,4591,A05,0,A00,A0,A0,E0,0,0,2022,2,42142,42280,9155,9016,139,2885
48001,4591,A05,0,A00,A0,A0,E0,0,0,2022,3,27,26,15,17,-1,1717
48003,4591,A05,0,A00,A0,A0,E0,0,0,2022,3,,,,,,1730
48005,4591,A05,0,A00,A0,A0,E0,0,0,2022,3,93,91,25,27,-2,2663
48007,4591,A05,0,A00,A0,A0,E0,0,0,2022,3,21,20,7,8,-1,5002
48013,4591,A05,0,A00,A0,A0,E0,0,0,2022,3,24,23,4,5,-1,2771
48015,4591,A05,0,A00,A0,A0,E0,0,0,2022,3,4,3,0,,-1,3785
48019,4591,A05,0,A00,A0,A0,E0,0,0,2022,3,,,0,0,,1177
48021,4591,A05,0,A00,A0,A0,E0,0,0,2022,3,52,47,13,18,-5,2384
48025,4591,A05,0,A00,A0,A0,E0,0,0,2022,3,,,,,,2554
48027,4591,A05,0,A00,A0,A0,E0,0,0,2022,3,347,343,88,92,-4,2271
48029,4591,A05,0,A00,A0,A0,E0,0,0,2022,3,2881,2883,757,755,2,2312
48031,4591,A05,0,A00,A0,A0,E0,0,0,2022,3,,,,,,2595
48037,4591,A05,0,A00,A0,A0,E0,0,0,2022,3,167,165,59,61,-3,2774
48039,4591,A05,0,A00,A0,A0,E0,0,0,2022,3,357,347,91,102,-11,2527
48041,4591,A05,0,A00,A0,A0,E0,0,0,2022,3,388,378,104,114,-10,2395
48049,4591,A05,0,A00,A0,A0,E0,0,0,2022,3,21,22,9,7,1,1738
48053,4591,A05,0,A00,A0,A0,E0,0,0,2022,3,18,21,9,5,4,2850
48055,4591,A05,0,A00,A0,A0,E0,0,0,2022,3,,,0,,,1303
48057,4591,A05,0,A00,A0,A0,E0,0,0,2022,3,,,,,,1577
48059,4591,A05,0,A00,A0,A0,E0,0,0,2022,3,,,,,,2326
48061,4591,A05,0,A00,A0,A0,E0,0,0,2022,3,471,472,89,88,1,2039
48065,4591,A05,0,A00,A0,A0,E0,0,0,2022,3,,,0,0,,4512
48071,4591,A05,0,A00,A0,A0,E0,0,0,2022,3,,,,,,802
48073,4591,A05,0,A00,A0,A0,E0,0,0,2022,3,,,,,,1174
48075,4591,A05,0,A00,A0,A0,E0,0,0,2022,3,,,0,0,,5545
48081,4591,A05,0,A00,A0,A0,E0,0,0,2022,3,,,,,,566
48083,4591,A05,0,A00,A0,A0,E0,0,0,2022,3,,,,0,,1668
48085,4591,A05,0,A00,A0,A0,E0,0,0,2022,3,3063,3080,802,785,17,2868
48089,4591,A05,0,A00,A0,A0,E0,0,0,2022,3,,,,,,2318
48091,4591,A05,0,A00,A0,A0,E0,0,0,2022,3,329,314,91,105,-15,2316
48097,4591,A05,0,A00,A0,A0,E0,0,0,2022,3,,,,,,1530
48099,4591,A05,0,A00,A0,A0,E0,0,0,2022,3,36,34,8,9,-1,1582
48101,4591,A05,0,A00,A0,A0,E0,0,0,2022,3,,,,0,,16115
48113,4591,A05,0,A00,A0,A0,E0,0,0,2022,3,4618,4637,1043,1025,19,3599
48117,4591,A05,0,A00,A0,A0,E0,0,0,2022,3,,,,,,1158
48121,4591,A05,0,A00,A0,A0,E0,0,0,2022,3,1254,1255,354,352,2,2779
48123,4591,A05,0,A00,A0,A0,E0,0,0,2022,3,,,,0,,779
48133,4591,A05,0,A00,A0,A0,E0,0,0,2022,3,,,,,,390
48135,4591,A05,0,A00,A0,A0,E0,0,0,2022,3,215,211,61,64,-3,2361
48139,4591,A05,0,A00,A0,A0,E0,0,0,2022,3,135,124,47,58,-11,2090
48141,4591,A05,0,A00,A0,A0,E0,0,0,2022,3,1055,1076,259,238,21,2133
48143,4591,A05,0,A00,A0,A0,E0,0,0,2022,3,40,41,10,10,1,2317
48145,4591,A05,0,A00,A0,A0,E0,0,0,2022,3,,,0,0,,2145
48157,4591,A05,0,A00,A0,A0,E0,0,0,2022,3,1040,1043,241,238,4,3297
48159,4591,A05,0,A00,A0,A0,E0,0,0,2022,3,,,,0,,368
48163,4591,A05,0,A00,A0,A0,E0,0,0,2022,3,,,,,,4689
48165,4591,A05,0,A00,A0,A0,E0,0,0,2022,3,,,,,,1807
48167,4591,A05,0,A00,A0,A0,E0,0,0,2022,3,381,368,100,113,-12,2056
48171,4591,A05,0,A00,A0,A0,E0,0,0,2022,3,20,19,5,6,-1,776
48177,4591,A05,0,A00,A0,A0,E0,0,0,2022,3,,,,,,1523
48179,4591,A05,0,A00,A0,A0,E0,0,0,2022,3,12,12,7,7,0,2290
48181,4591,A05,0,A00,A0,A0,E0,0,0,2022,3,203,204,54,53,1,2610
48183,4591,A05,0,A00,A0,A0,E0,0,0,2022,3,320,314,97,102,-5,2487
48185,4591,A05,0,A00,A0,A0,E0,0,0,2022,3,,,,0,,3726
48187,4591,A05,0,A00,A0,A0,E0,0,0,2022,3,49,48,11,13,-2,1581
48189,4591,A05,0,A00,A0,A0,E0,0,0,2022,3,,,,,,1361
48197,4591,A05,0,A00,A0,A0,E0,0,0,2022,3,,,0,0,,2396
48199,4591,A05,0,A00,A0,A0,E0,0,0,2022,3,15,15,,,0,1902
48201,4591,A05,0,A00,A0,A0,E0,0,0,2022,3,7379,7597,2013,1795,218,2848
48203,4591,A05,0,A00,A0,A0,E0,0,0,2022,3,29,27,11,13,-2,2056
48207,4591,A05,0,A00,A0,A0,E0,0,0,2022,3,,0,0,,,484
48209,4591,A05,0,A00,A0,A0,E0,0,0,2022,3,770,765,188,193,-5,2425
48213,4591,A05,0,A00,A0,A0,E0,0,0,2022,3,43,44,17,16,1,1117
48215,4591,A05,0,A00,A0,A0,E0,0,0,2022,3,904,894,232,242,-9,1965
48217,4591,A05,0,A00,A0,A0,E0,0,0,2022,3,,,,0,,3329
48219,4591,A05,0,A00,A0,A0,E0,0,0,2022,3,14,12,5,7,-2,1125
48221,4591,A05,0,A00,A0,A0,E0,0,0,2022,3,28,31,8,5,3,3659
48223,4591,A05,0,A00,A0,A0,E0,0,0,2022,3,24,23,8,9,-1,1893
48225,4591,A05,0,A00,A0,A0,E0,0,0,2022,3,,,,,,2298
48227,4591,A05,0,A00,A0,A0,E0,0,0,2022,3,25,25,12,12,0,2103
48231,4591,A05,0,A00,A0,A0,E0,0,0,2022,3,88,87,35,36,-1,3491
48233,4591,A05,0,A00,A0,A0,E0,0,0,2022,3,,,,,,1243
48237,4591,A05,0,A00,A0,A0,E0,0,0,2022,3,0,,,0,,
48241,4591,A05,0,A00,A0,A0,E0,0,0,2022,3,,,,,,1854
48245,4591,A05,0,A00,A0,A0,E0,0,0,2022,3,335,324,107,118,-11,2557
48249,4591,A05,0,A00,A0,A0,E0,0,0,2022,3,14,12,7,9,-2,1355
48251,4591,A05,0,A00,A0,A0,E0,0,0,2022,3,153,162,42,32,10,2226
48255,4591,A05,0,A00,A0,A0,E0,0,0,2022,3,,,,,,1552
48257,4591,A05,0,A00,A0,A0,E0,0,0,2022,3,57,54,21,23,-2,1902
48259,4591,A05,0,A00,A0,A0,E0,0,0,2022,3,102,103,40,38,2,2755
48265,4591,A05,0,A00,A0,A0,E0,0,0,2022,3,33,36,7,4,3,2160
48273,4591,A05,0,A00,A0,A0,E0,0,0,2022,3,15,14,5,6,-1,2217
48277,4591,A05,0,A00,A0,A0,E0,0,0,2022,3,32,30,8,9,-2,2625
48285,4591,A05,0,A00,A0,A0,E0,0,0,2022,3,20,33,20,7,13,3953
48289,4591,A05,0,A00,A0,A0,E0,0,0,2022,3,,,0,,,1080
48291,4591,A05,0,A00,A0,A0,E0,0,0,2022,3,9,9,6,6,0,1365
48293,4591,A05,0,A00,A0,A0,E0,0,0,2022,3,,,,,,1472
48299,4591,A05,0,A00,A0,A0,E0,0,0,2022,3,,,,0,,606
48303,4591,A05,0,A00,A0,A0,E0,0,0,2022,3,663,668,168,163,5,2054
48307,4591,A05,0,A00,A0,A0,E0,0,0,2022,3,,,0,0,,2235
48309,4591,A05,0,A00,A0,A0,E0,0,0,2022,3,434,439,121,116,5,2067
48317,4591,A05,0,A00,A0,A0,E0,0,0,2022,3,,,0,0,,7055
48319,4591,A05,0,A00,A0,A0,E0,0,0,2022,3,0,,,0,,
48321,4591,A05,0,A00,A0,A0,E0,0,0,2022,3,,,,,,1433
48323,4591,A05,0,A00,A0,A0,E0,0,0,2022,3,65,59,9,16,-7,1626
48325,4591,A05,0,A00,A0,A0,E0,0,0,2022,3,,,0,0,,1422
48329,4591,A05,0,A00,A0,A0,E0,0,0,2022,3,268,256,92,103,-11,2457
48331,4591,A05,0,A00,A0,A0,E0,0,0,2022,3,,,0,0,,2206
48337,4591,A05,0,A00,A0,A0,E0,0,0,2022,3,,,,,,3825
48339,4591,A05,0,A00,A0,A0,E0,0,0,2022,3,834,846,184,172,12,3122
48341,4591,A05,0,A00,A0,A0,E0,0,0,2022,3,,,,,,1196
48347,4591,A05,0,A00,A0,A0,E0,0,0,2022,3,84,85,23,23,0,3132
48349,4591,A05,0,A00,A0,A0,E0,0,0,2022,3,21,23,8,7,1,1516
48353,4591,A05,0,A00,A0,A0,E0,0,0,2022,3,,,,,,555
48355,4591,A05,0,A00,A0,A0,E0,0,0,2022,3,674,662,140,153,-12,2786
48361,4591,A05,0,A00,A0,A0,E0,0,0,2022,3,47,41,6,12,-6,1577
48363,4591,A05,0,A00,A0,A0,E0,0,0,2022,3,,,,,,1387
48365,4591,A05,0,A00,A0,A0,E0,0,0,2022,3,20,25,10,4,5,2724
48367,4591,A05,0,A00,A0,A0,E0,0,0,2022,3,217,222,65,61,5,3409
48369,4591,A05,0,A00,A0,A0,E0,0,0,2022,3,,,0,0,,1847
48371,4591,A05,0,A00,A0,A0,E0,0,0,2022,3,,,,,,1530
48373,4591,A05,0,A00,A0,A0,E0,0,0,2022,3,28,29,10,10,1,1948
48375,4591,A05,0,A00,A0,A0,E0,0,0,2022,3,107,104,31,34,-4,2478
48381,4591,A05,0,A00,A0,A0,E0,0,0,2022,3,304,312,73,65,8,2361
48397,4591,A05,0,A00,A0,A0,E0,0,0,2022,3,286,295,91,82,9,2676
48401,4591,A05,0,A00,A0,A0,E0,0,0,2022,3,,,,,,2083
48403,4591,A05,0,A00,A0,A0,E0,0,0,2022,3,,,0,0,,3102
48409,4591,A05,0,A00,A0,A0,E0,0,0,2022,3,57,54,12,15,-3,2148
48415,4591,A05,0,A00,A0,A0,E0,0,0,2022,3,,,,,,1507
48419,4591,A05,0,A00,A0,A0,E0,0,0,2022,3,,,,,,1623
48423,4591,A05,0,A00,A0,A0,E0,0,0,2022,3,339,354,100,84,16,2355
48427,4591,A05,0,A00,A0,A0,E0,0,0,2022,3,,,,,,4133
48435,4591,A05,0,A00,A0,A0,E0,0,0,2022,3,,,0,0,,3126
48439,4591,A05,0,A00,A0,A0,E0,0,0,2022,3,4651,4772,1282,1161,120,3028
48441,4591,A05,0,A00,A0,A0,E0,0,0,2022,3,191,185,50,56,-6,2215
48449,4591,A05,0,A00,A0,A0,E0,0,0,2022,3,48,46,17,19,-1,3122
48451,4591,A05,0,A00,A0,A0,E0,0,0,2022,3,187,195,43,35,8,2196
48453,4591,A05,0,A00,A0,A0,E0,0,0,2022,3,2506,2629,723,600,123,3787
48457,4591,A05,0,A00,A0,A0,E0,0,0,2022,3,,,,,,2642
48463,4591,A05,0,A00,A0,A0,E0,0,0,2022,3,44,43,12,12,0,2957
48465,4591,A05,0,A00,A0,A0,E0,0,0,2022,3,13,14,4,3,1,2050
48467,4591,A05,0,A00,A0,A0,E0,0,0,2022,3,39,39,10,10,0,3843
48469,4591,A05,0,A00,A0,A0,E0,0,0,2022,3,155,163,40,32,8,2308
48471,4591,A05,0,A00,A0,A0,E0,0,0,2022,3,100,93,20,26,-6,3902
48473,4591,A05,0,A00,A0,A0,E0,0,0,2022,3,,,,0,,3690
48477,4591,A05,0,A00,A0,A0,E0,0,0,2022,3,24,25,13,12,1,1918
48479,4591,A05,0,A00,A0,A0,E0,0,0,2022,3,276,277,60,59,1,1893
48481,4591,A05,0,A00,A0,A0,E0,0,0,2022,3,21,24,8,6,3,2005
48485,4591,A05,0,A00,A0,A0,E0,0,0,2022,3,164,163,42,43,-1,2471
48487,4591,A05,0,A00,A0,A0,E0,0,0,2022,3,,,0,0,,2387
48491,4591,A05,0,A00,A0,A0,E0,0,0,2022,3,1093,1092,317,318,-1,2403
48493,4591,A05,0,A00,A0,A0,E0,0,0,2022,3,,,,,,1738
48495,4591,A05,0,A00,A0,A0,E0,0,0,2022,3,,,,0,,852
48497,4591,A05,0,A00,A0,A0,E0,0,0,2022,3,,,,,,1367
48499,4591,A05,0,A00,A0,A0,E0,0,0,2022,3,63,79,25,9,16,3230
48501,4591,A05,0,A00,A0,A0,E0,0,0,2022,3,,,,,,761
48503,4591,A05,0,A00,A0,A0,E0,0,0,2022,3,,,,,,1835
48,4591,A05,0,A00,A0,A0,E0,0,0,2022,3,42233,42726,11245,10752,493,2818
48001,4591,A05,0,A00,A0,A0,E0,0,0,2022,4,26,32,16,10,6,1481
48003,4591,A05,0,A00,A0,A0,E0,0,0,2022,4,10,11,4,,1,1589
48005,4591,A05,0,A00,A0,A0,E0,0,0,2022,4,91,87,32,36,-4,3721
48007,4591,A05,0,A00,A0,A0,E0,0,0,2022,4,20,22,,0,2,5826
48013,4591,A05,0,A00,A0,A0,E0,0,0,2022,4,23,24,6,6,0,2584
48015,4591,A05,0,A00,A0,A0,E0,0,0,2022,4,3,3,,,0,2389
48019,4591,A05,0,A00,A0,A0,E0,0,0,2022,4,,,,,,1306
48021,4591,A05,0,A00,A0,A0,E0,0,0,2022,4,47,54,20,13,7,2340
48025,4591,A05,0,A00,A0,A0,E0,0,0,2022,4,,,,,,1892
48027,4591,A05,0,A00,A0,A0,E0,0,0,2022,4,343,373,136,106,31,2280
48029,4591,A05,0,A00,A0,A0,E0,0,0,2022,4,2923,3084,901,740,161,2374
48031,4591,A05,0,A00,A0,A0,E0,0,0,2022,4,,,,,,3321
48037,4591,A05,0,A00,A0,A0,E0,0,0,2022,4,165,177,56,43,12,5556
48039,4591,A05,0,A00,A0,A0,E0,0,0,2022,4,347,373,131,105,26,2723
48041,4591,A05,0,A00,A0,A0,E0,0,0,2022,4,379,386,114,107,8,2656
48049,4591,A05,0,A00,A0,A0,E0,0,0,2022,4,22,23,7,6,1,1605
48053,4591,A05,0,A00,A0,A0,E0,0,0,2022,4,21,23,8,7,1,2505
48055,4591,A05,0,A00,A0,A0,E0,0,0,2022,4,,,0,0,,1686
48057,4591,A05,0,A00,A0,A0,E0,0,0,2022,4,,,,,,1341
48059,4591,A05,0,A00,A0,A0,E0,0,0,2022,4,,,,,,1817
48061,4591,A05,0,A00,A0,A0,E0,0,0,2022,4,472,498,141,115,26,1929
48065,4591,A05,0,A00,A0,A0,E0,0,0,2022,4,,,0,0,,3867
48071,4591,A05,0,A00,A0,A0,E0,0,0,2022,4,,,0,,,701
48073,4591,A05,0,A00,A0,A0,E0,0,0,2022,4,,,,,,1117
48075,4591,A05,0,A00,A0,A0,E0,0,0,2022,4,,,0,0,,4259
48081,4591,A05,0,A00,A0,A0,E0,0,0,2022,4,,,0,0,,1014
48083,4591,A05,0,A00,A0,A0,E0,0,0,2022,4,,,0,0,,2511
48085,4591,A05,0,A00,A0,A0,E0,0,0,2022,4,3005,3226,886,665,221,2908
48089,4591,A05,0,A00,A0,A0,E0,0,0,2022,4,,,0,0,,2464
48091,4591,A05,0,A00,A0,A0,E0,0,0,2022,4,314,329,96,80,16,2276
48097,4591,A05,0,A00,A0,A0,E0,0,0,2022,4,,,,,,1283
48099,4591,A05,0,A00,A0,A0,E0,0,0,2022,4,34,35,8,8,1,1723
48101,4591,A05,0,A00,A0,A0,E0,0,0,2022,4,,,0,0,,19506
48113,4591,A05,0,A00,A0,A0,E0,0,0,2022,4,4637,4420,1187,1404,-217,3581
48117,4591,A05,0,A00,A0,A0,E0,0,0,2022,4,,,,,,1081
48121,4591,A05,0,A00,A0,A0,E0,0,0,2022,4,1277,1381,455,350,104,2775
48123,4591,A05,0,A00,A0,A0,E0,0,0,2022,4,,,0,,,371
48133,4591,A05,0,A00,A0,A0,E0,0,0,2022,4,,,,,,468
48135,4591,A05,0,A00,A0,A0,E0,0,0,2022,4,211,229,79,62,18,2386
48139,4591,A05,0,A00,A0,A0,E0,0,0,2022,4,131,150,58,39,19,2119
48141,4591,A05,0,A00,A0,A0,E0,0,0,2022,4,1073,1145,342,271,71,2092
48143,4591,A05,0,A00,A0,A0,E0,0,0,2022,4,41,36,10,14,-4,1998
48145,4591,A05,0,A00,A0,A0,E0,0,0,2022,4,,,0,0,,2308
48157,4591,A05,0,A00,A0,A0,E0,0,0,2022,4,1044,1111,293,226,67,3310
48159,4591,A05,0,A00,A0,A0,E0,0,0,2022,4,,,0,,,288
48163,4591,A05,0,A00,A0,A0,E0,0,0,2022,4,,,,,,5046
48165,4591,A05,0,A00,A0,A0,E0,0,0,2022,4,,,,,,1727
48167,4591,A05,0,A00,A0,A0,E0,0,0,2022,4,368,399,128,98,30,2292
48171,4591,A05,0,A00,A0,A0,E0,0,0,2022,4,19,20,,,1,723
48177,4591,A05,0,A00,A0,A0,E0,0,0,2022,4,,,,,,1456
48179,4591,A05,0,A00,A0,A0,E0,0,0,2022,4,12,13,8,6,2,2071
48181,4591,A05,0,A00,A0,A0,E0,0,0,2022,4,203,214,78,67,11,2543
48183,4591,A05,0,A00,A0,A0,E0,0,0,2022,4,314,335,94,73,20,2879
48185,4591,A05,0,A00,A0,A0,E0,0,0,2022,4,,,0,,,4721
48187,4591,A05,0,A00,A0,A0,E0,0,0,2022,4,48,48,20,20,0,1234
48189,4591,A05,0,A00,A0,A0,E0,0,0,2022,4,,,,,,1070
48197,4591,A05,0,A00,A0,A0,E0,0,0,2022,4,,0,0,,,1624
48199,4591,A05,0,A00,A0,A0,E0,0,0,2022,4,15,17,4,,2,1854
48201,4591,A05,0,A00,A0,A0,E0,0,0,2022,4,7619,8206,2467,1880,587,2936
48203,4591,A05,0,A00,A0,A0,E0,0,0,2022,4,27,25,7,9,-2,1959
48209,4591,A05,0,A00,A0,A0,E0,0,0,2022,4,765,814,195,146,49,2435
48213,4591,A05,0,A00,A0,A0,E0,0,0,2022,4,44,48,15,10,5,1331
48215,4591,A05,0,A00,A0,A0,E0,0,0,2022,4,901,978,252,175,77,1925
48217,4591,A05,0,A00,A0,A0,E0,0,0,2022,4,,,0,0,,1761
48219,4591,A05,0,A00,A0,A0,E0,0,0,2022,4,12,12,3,3,0,1081
48221,4591,A05,0,A00,A0,A0,E0,0,0,2022,4,31,34,10,8,2,3899
48223,4591,A05,0,A00,A0,A0,E0,0,0,2022,4,23,25,6,4,2,1870
48225,4591,A05,0,A00,A0,A0,E0,0,0,2022,4,,,,,,1597
48227,4591,A05,0,A00,A0,A0,E0,0,0,2022,4,25,29,10,6,4,1937
48231,4591,A05,0,A00,A0,A0,E0,0,0,2022,4,87,92,30,25,5,3419
48233,4591,A05,0,A00,A0,A0,E0,0,0,2022,4,,,,,,1279
48237,4591,A05,0,A00,A0,A0,E0,0,0,2022,4,,,0,0,,924
48241,4591,A05,0,A00,A0,A0,E0,0,0,2022,4,,,,,,1589
48245,4591,A05,0,A00,A0,A0,E0,0,0,2022,4,323,339,119,103,15,2310
48249,4591,A05,0,A00,A0,A0,E0,0,0,2022,4,12,15,6,3,3,1458
48251,4591,A05,0,A00,A0,A0,E0,0,0,2022,4,162,174,60,48,11,2248
48255,4591,A05,0,A00,A0,A0,E0,0,0,2022,4,,,,,,1504
48257,4591,A05,0,A00,A0,A0,E0,0,0,2022,4,54,60,26,21,5,1843
48259,4591,A05,0,A00,A0,A0,E0,0,0,2022,4,103,71,11,43,-32,3056
48265,4591,A05,0,A00,A0,A0,E0,0,0,2022,4,36,36,7,7,0,1994
48273,4591,A05,0,A00,A0,A0,E0,0,0,2022,4,14,15,5,4,1,2219
48277,4591,A05,0,A00,A0,A0,E0,0,0,2022,4,30,32,8,6,2,2285
48285,4591,A05,0,A00,A0,A0,E0,0,0,2022,4,33,18,3,18,-15,3474
48289,4591,A05,0,A00,A0,A0,E0,0,0,2022,4,,,,0,,1492
48291,4591,A05,0,A00,A0,A0,E0,0,0,2022,4,9,11,5,4,1,1095
48293,4591,A05,0,A00,A0,A0,E0,0,0,2022,4,,,,,,1258
48299,4591,A05,0,A00,A0,A0,E0,0,0,2022,4,,,,0,,656
48303,4591,A05,0,A00,A0,A0,E0,0,0,2022,4,668,685,192,175,17,2148
48307,4591,A05,0,A00,A0,A0,E0,0,0,2022,4,,,0,0,,2126
48309,4591,A05,0,A00,A0,A0,E0,0,0,2022,4,439,459,146,126,20,2082
48315,4591,A05,0,A00,A0,A0,E0,0,0,2022,4,0,,,,,
48317,4591,A05,0,A00,A0,A0,E0,0,0,2022,4,,,0,0,,1961
48319,4591,A05,0,A00,A0,A0,E0,0,0,2022,4,,,0,0,,2340
48321,4591,A05,0,A00,A0,A0,E0,0,0,2022,4,,,,,,1323
48323,4591,A05,0,A00,A0,A0,E0,0,0,2022,4,59,63,15,11,4,1632
48325,4591,A05,0,A00,A0,A0,E0,0,0,2022,4,,,0,,,943
48329,4591,A05,0,A00,A0,A0,E0,0,0,2022,4,256,286,108,79,30,2535
48331,4591,A05,0,A00,A0,A0,E0,0,0,2022,4,,,,0,,2003
48337,4591,A05,0,A00,A0,A0,E0,0,0,2022,4,,,,0,,4819
48339,4591,A05,0,A00,A0,A0,E0,0,0,2022,4,835,895,242,182,60,2939
48341,4591,A05,0,A00,A0,A0,E0,0,0,2022,4,,,,,,1126
48347,4591,A05,0,A00,A0,A0,E0,0,0,2022,4,85,93,35,27,8,3459
48349,4591,A05,0,A00,A0,A0,E0,0,0,2022,4,23,25,8,6,2,1439
48353,4591,A05,0,A00,A0,A0,E0,0,0,2022,4,,,,0,,1413
48355,4591,A05,0,A00,A0,A0,E0,0,0,2022,4,655,677,145,124,21,2575
48361,4591,A05,0,A00,A0,A0,E0,0,0,2022,4,41,39,10,12,-2,1346
48363,4591,A05,0,A00,A0,A0,E0,0,0,2022,4,,,,,,1341
48365,4591,A05,0,A00,A0,A0,E0,0,0,2022,4,25,26,5,5,1,2449
48367,4591,A05,0,A00,A0,A0,E0,0,0,2022,4,222,241,65,45,20,3077
48369,4591,A05,0,A00,A0,A0,E0,0,0,2022,4,,,0,0,,2050
48371,4591,A05,0,A00,A0,A0,E0,0,0,2022,4,,,,,,1491
48373,4591,A05,0,A00,A0,A0,E0,0,0,2022,4,29,26,8,11,-3,1768
48375,4591,A05,0,A00,A0,A0,E0,0,0,2022,4,104,124,58,39,20,2833
48381,4591,A05,0,A00,A0,A0,E0,0,0,2022,4,313,324,95,83,11,2397
48397,4591,A05,0,A00,A0,A0,E0,0,0,2022,4,297,319,105,83,22,2766
48401,4591,A05,0,A00,A0,A0,E0,0,0,2022,4,10,20,16,6,10,1814
48403,4591,A05,0,A00,A0,A0,E0,0,0,2022,4,,,0,0,,3102
48409,4591,A05,0,A00,A0,A0,E0,0,0,2022,4,54,58,16,12,4,2072
48415,4591,A05,0,A00,A0,A0,E0,0,0,2022,4,,,,,,1383
48419,4591,A05,0,A00,A0,A0,E0,0,0,2022,4,,,,,,1362
48423,4591,A05,0,A00,A0,A0,E0,0,0,2022,4,366,383,136,119,16,2305
48427,4591,A05,0,A00,A0,A0,E0,0,0,2022,4,,,,,,3145
48435,4591,A05,0,A00,A0,A0,E0,0,0,2022,4,,,,,,2469
48439,4591,A05,0,A00,A0,A0,E0,0,0,2022,4,4767,5077,1462,1152,310,2929
48441,4591,A05,0,A00,A0,A0,E0,0,0,2022,4,187,205,69,50,18,2330
48449,4591,A05,0,A00,A0,A0,E0,0,0,2022,4,46,45,10,11,-1,3076
48451,4591,A05,0,A00,A0,A0,E0,0,0,2022,4,195,196,53,52,1,2303
48453,4591,A05,0,A00,A0,A0,E0,0,0,2022,4,2698,2852,778,624,154,3881
48457,4591,A05,0,A00,A0,A0,E0,0,0,2022,4,,,0,0,,2596
48463,4591,A05,0,A00,A0,A0,E0,0,0,2022,4,43,41,10,13,-3,4044
48465,4591,A05,0,A00,A0,A0,E0,0,0,2022,4,14,17,4,,3,1777
48467,4591,A05,0,A00,A0,A0,E0,0,0,2022,4,39,37,3,5,-1,4344
48469,4591,A05,0,A00,A0,A0,E0,0,0,2022,4,163,166,46,43,4,2696
48471,4591,A05,0,A00,A0,A0,E0,0,0,2022,4,93,95,18,16,2,4506
48473,4591,A05,0,A00,A0,A0,E0,0,0,2022,4,,,0,0,,3479
48477,4591,A05,0,A00,A0,A0,E0,0,0,2022,4,25,27,8,6,2,1721
48479,4591,A05,0,A00,A0,A0,E0,0,0,2022,4,277,288,60,49,11,1678
48481,4591,A05,0,A00,A0,A0,E0,0,0,2022,4,24,28,10,5,4,1639
48485,4591,A05,0,A00,A0,A0,E0,0,0,2022,4,163,170,53,46,6,2423
48487,4591,A05,0,A00,A0,A0,E0,0,0,2022,4,,,0,0,,2387
48491,4591,A05,0,A00,A0,A0,E0,0,0,2022,4,1071,1154,360,277,83,2358
48493,4591,A05,0,A00,A0,A0,E0,0,0,2022,4,,,,,,2780
48495,4591,A05,0,A00,A0,A0,E0,0,0,2022,4,,,0,,,626
48497,4591,A05,0,A00,A0,A0,E0,0,0,2022,4,13,16,10,7,3,1165
48499,4591,A05,0,A00,A0,A0,E0,0,0,2022,4,79,80,14,13,1,2903
48501,4591,A05,0,A00,A0,A0,E0,0,0,2022,4,,,0,,,675
48503,4591,A05,0,A00,A0,A0,E0,0,0,2022,4,,,,,,1652
48,4591,A05,0,A00,A0,A0,E0,0,0,2022,4,42783,45020,13072,10836,2237,2854
48001,4591,A05,0,A00,A0,A0,E0,0,0,2023,1,32,33,5,5,0,1551
48003,4591,A05,0,A00,A0,A0,E0,0,0,2023,1,11,9,,,-1,2232
48005,4591,A05,0,A00,A0,A0,E0,0,0,2023,1,87,80,14,21,-6,3108
48007,4591,A05,0,A00,A0,A0,E0,0,0,2023,1,22,22,3,3,0,5375
48013,4591,A05,0,A00,A0,A0,E0,0,0,2023,1,24,22,,3,-1,2647
48015,4591,A05,0,A00,A0,A0,E0,0,0,2023,1,,,0,0,,2980
48019,4591,A05,0,A00,A0,A0,E0,0,0,2023,1,,,0,0,,1442
48021,4591,A05,0,A00,A0,A0,E0,0,0,2023,1,54,45,8,17,-9,2579
48025,4591,A05,0,A00,A0,A0,E0,0,0,2023,1,,,,,,1916
48027,4591,A05,0,A00,A0,A0,E0,0,0,2023,1,373,333,40,81,-41,2136
48029,4591,A05,0,A00,A0,A0,E0,0,0,2023,1,3097,2811,391,677,-287,2267
48031,4591,A05,0,A00,A0,A0,E0,0,0,2023,1,,,,,,2156
48037,4591,A05,0,A00,A0,A0,E0,0,0,2023,1,167,156,33,44,-11,3544
48039,4591,A05,0,A00,A0,A0,E0,0,0,2023,1,370,335,53,88,-35,2703
48041,4591,A05,0,A00,A0,A0,E0,0,0,2023,1,351,337,61,75,-14,2528
48049,4591,A05,0,A00,A0,A0,E0,0,0,2023,1,23,23,6,7,0,1574
48053,4591,A05,0,A00,A0,A0,E0,0,0,2023,1,23,23,7,6,1,2095
48055,4591,A05,0,A00,A0,A0,E0,0,0,2023,1,8,11,3,0,3,1684
48057,4591,A05,0,A00,A0,A0,E0,0,0,2023,1,,,,,,1249
48059,4591,A05,0,A00,A0,A0,E0,0,0,2023,1,,,,0,,1990
48061,4591,A05,0,A00,A0,A0,E0,0,0,2023,1,498,449,36,86,-49,1990
48065,4591,A05,0,A00,A0,A0,E0,0,0,2023,1,,,0,0,,4958
48071,4591,A05,0,A00,A0,A0,E0,0,0,2023,1,,,0,,,726
48073,4591,A05,0,A00,A0,A0,E0,0,0,2023,1,,,,,,1038
48075,4591,A05,0,A00,A0,A0,E0,0,0,2023,1,,,0,0,,2776
48081,4591,A05,0,A00,A0,A0,E0,0,0,2023,1,,,,0,,892
48083,4591,A05,0,A00,A0,A0,E0,0,0,2023,1,,,0,,,2133
48085,4591,A05,0,A00,A0,A0,E0,0,0,2023,1,3250,2973,379,657,-277,2908
48089,4591,A05,0,A00,A0,A0,E0,0,0,2023,1,,,,0,,2469
48091,4591,A05,0,A00,A0,A0,E0,0,0,2023,1,329,310,47,66,-19,2330
48097,4591,A05,0,A00,A0,A0,E0,0,0,2023,1,,,,,,1698
48099,4591,A05,0,A00,A0,A0,E0,0,0,2023,1,27,27,3,3,-1,1567
48101,4591,A05,0,A00,A0,A0,E0,0,0,2023,1,,,,0,,14125
48113,4591,A05,0,A00,A0,A0,E0,0,0,2023,1,4306,3931,485,860,-375,3717
48117,4591,A05,0,A00,A0,A0,E0,0,0,2023,1,,,,,,1454
48121,4591,A05,0,A00,A0,A0,E0,0,0,2023,1,1359,1280,235,313,-79,2705
48123,4591,A05,0,A00,A0,A0,E0,0,0,2023,1,,,0,0,,428
48133,4591,A05,0,A00,A0,A0,E0,0,0,2023,1,,,,0,,421
48135,4591,A05,0,A00,A0,A0,E0,0,0,2023,1,229,198,30,61,-31,2204
48139,4591,A05,0,A00,A0,A0,E0,0,0,2023,1,150,137,29,42,-12,2089
48141,4591,A05,0,A00,A0,A0,E0,0,0,2023,1,1136,1018,112,231,-119,2145
48143,4591,A05,0,A00,A0,A0,E0,0,0,2023,1,36,29,6,13,-7,2295
48145,4591,A05,0,A00,A0,A0,E0,0,0,2023,1,,,,,,1450
48157,4591,A05,0,A00,A0,A0,E0,0,0,2023,1,1094,1021,132,204,-73,3463
48159,4591,A05,0,A00,A0,A0,E0,0,0,2023,1,,,,,,135
48163,4591,A05,0,A00,A0,A0,E0,0,0,2023,1,,,,,,3747
48165,4591,A05,0,A00,A0,A0,E0,0,0,2023,1,,,,,,1751
48167,4591,A05,0,A00,A0,A0,E0,0,0,2023,1,399,366,55,89,-33,2010
48171,4591,A05,0,A00,A0,A0,E0,0,0,2023,1,20,20,,3,0,782
48177,4591,A05,0,A00,A0,A0,E0,0,0,2023,1,,,,,,1456
48179,4591,A05,0,A00,A0,A0,E0,0,0,2023,1,13,13,3,4,-1,2011
48181,4591,A05,0,A00,A0,A0,E0,0,0,2023,1,214,190,27,51,-23,2394
48183,4591,A05,0,A00,A0,A0,E0,0,0,2023,1,335,315,53,73,-20,2414
48185,4591,A05,0,A00,A0,A0,E0,0,0,2023,1,,,,0,,5116
48187,4591,A05,0,A00,A0,A0,E0,0,0,2023,1,51,50,16,17,-1,1291
48189,4591,A05,0,A00,A0,A0,E0,0,0,2023,1,,,,,,992
48197,4591,A05,0,A00,A0,A0,E0,0,0,2023,1,0,,,0,,
48199,4591,A05,0,A00,A0,A0,E0,0,0,2023,1,17,13,0,5,-5,1708
48201,4591,A05,0,A00,A0,A0,E0,0,0,2023,1,8219,7443,1013,1789,-776,2931
48203,4591,A05,0,A00,A0,A0,E0,0,0,2023,1,25,24,4,5,-1,2271
48209,4591,A05,0,A00,A0,A0,E0,0,0,2023,1,814,734,76,156,-80,2176
48213,4591,A05,0,A00,A0,A0,E0,0,0,2023,1,48,34,9,24,-14,1174
48215,4591,A05,0,A00,A0,A0,E0,0,0,2023,1,978,868,105,216,-111,1923
48217,4591,A05,0,A00,A0,A0,E0,0,0,2023,1,,,0,0,,1382
48219,4591,A05,0,A00,A0,A0,E0,0,0,2023,1,12,14,4,,2,1224
48221,4591,A05,0,A00,A0,A0,E0,0,0,2023,1,34,31,4,7,-3,2853
48223,4591,A05,0,A00,A0,A0,E0,0,0,2023,1,25,22,4,6,-3,1760
48225,4591,A05,0,A00,A0,A0,E0,0,0,2023,1,,,,,,1703
48227,4591,A05,0,A00,A0,A0,E0,0,0,2023,1,29,22,,8,-6,2007
48231,4591,A05,0,A00,A0,A0,E0,0,0,2023,1,90,82,16,24,-8,4314
48233,4591,A05,0,A00,A0,A0,E0,0,0,2023,1,,,,,,1254
48237,4591,A05,0,A00,A0,A0,E0,0,0,2023,1,,,0,0,,931
48241,4591,A05,0,A00,A0,A0,E0,0,0,2023,1,,,,,,1857
48245,4591,A05,0,A00,A0,A0,E0,0,0,2023,1,339,313,72,98,-26,2594
48249,4591,A05,0,A00,A0,A0,E0,0,0,2023,1,15,13,3,5,-2,1349
48251,4591,A05,0,A00,A0,A0,E0,0,0,2023,1,179,166,23,36,-13,1905
48255,4591,A05,0,A00,A0,A0,E0,0,0,2023,1,,,,,,1422
48257,4591,A05,0,A00,A0,A0,E0,0,0,2023,1,60,52,14,21,-8,1849
48259,4591,A05,0,A00,A0,A0,E0,0,0,2023,1,77,80,18,14,3,2459
48265,4591,A05,0,A00,A0,A0,E0,0,0,2023,1,36,38,9,7,2,1931
48273,4591,A05,0,A00,A0,A0,E0,0,0,2023,1,15,13,3,5,-2,2237
48277,4591,A05,0,A00,A0,A0,E0,0,0,2023,1,32,30,,4,-2,2278
48285,4591,A05,0,A00,A0,A0,E0,0,0,2023,1,18,16,,3,-1,3976
48289,4591,A05,0,A00,A0,A0,E0,0,0,2023,1,,,,0,,1100
48291,4591,A05,0,A00,A0,A0,E0,0,0,2023,1,11,11,3,3,0,1667
48293,4591,A05,0,A00,A0,A0,E0,0,0,2023,1,,,,,,1525
48299,4591,A05,0,A00,A0,A0,E0,0,0,2023,1,,,0,0,,569
48303,4591,A05,0,A00,A0,A0,E0,0,0,2023,1,679,642,99,137,-37,1973
48307,4591,A05,0,A00,A0,A0,E0,0,0,2023,1,,,0,0,,1819
48309,4591,A05,0,A00,A0,A0,E0,0,0,2023,1,452,418,57,92,-34,2013
48315,4591,A05,0,A00,A0,A0,E0,0,0,2023,1,,,0,0,,702
48317,4591,A05,0,A00,A0,A0,E0,0,0,2023,1,,,,0,,6067
48319,4591,A05,0,A00,A0,A0,E0,0,0,2023,1,,,,0,,2227
48321,4591,A05,0,A00,A0,A0,E0,0,0,2023,1,,,,,,1222
48323,4591,A05,0,A00,A0,A0,E0,0,0,2023,1,63,57,10,15,-5,1767
48325,4591,A05,0,A00,A0,A0,E0,0,0,2023,1,,,,0,,1469
48329,4591,A05,0,A00,A0,A0,E0,0,0,2023,1,276,239,39,77,-37,2409
48331,4591,A05,0,A00,A0,A0,E0,0,0,2023,1,,,,,,1112
48337,4591,A05,0,A00,A0,A0,E0,0,0,2023,1,,,,,,3119
48339,4591,A05,0,A00,A0,A0,E0,0,0,2023,1,893,807,97,183,-86,2847
48341,4591,A05,0,A00,A0,A0,E0,0,0,2023,1,,,,,,1305
48347,4591,A05,0,A00,A0,A0,E0,0,0,2023,1,93,81,8,19,-12,2580
48349,4591,A05,0,A00,A0,A0,E0,0,0,2023,1,25,24,5,6,-1,1648
48353,4591,A05,0,A00,A0,A0,E0,0,0,2023,1,,,0,,,1608
48355,4591,A05,0,A00,A0,A0,E0,0,0,2023,1,677,630,63,109,-47,2553
48361,4591,A05,0,A00,A0,A0,E0,0,0,2023,1,39,42,11,8,3,1372
48363,4591,A05,0,A00,A0,A0,E0,0,0,2023,1,,,,,,1748
48365,4591,A05,0,A00,A0,A0,E0,0,0,2023,1,26,27,4,3,1,2115
48367,4591,A05,0,A00,A0,A0,E0,0,0,2023,1,241,228,41,54,-13,2557
48369,4591,A05,0,A00,A0,A0,E0,0,0,2023,1,,,0,0,,1878
48371,4591,A05,0,A00,A0,A0,E0,0,0,2023,1,,,,,,1514
48373,4591,A05,0,A00,A0,A0,E0,0,0,2023,1,26,25,6,7,-1,1819
48375,4591,A05,0,A00,A0,A0,E0,0,0,2023,1,124,104,19,39,-19,2160
48381,4591,A05,0,A00,A0,A0,E0,0,0,2023,1,336,307,44,73,-29,2237
48397,4591,A05,0,A00,A0,A0,E0,0,0,2023,1,311,281,46,76,-30,2467
48401,4591,A05,0,A00,A0,A0,E0,0,0,2023,1,20,16,3,7,-4,1402
48409,4591,A05,0,A00,A0,A0,E0,0,0,2023,1,58,53,7,11,-4,2404
48415,4591,A05,0,A00,A0,A0,E0,0,0,2023,1,,,,,,1633
48419,4591,A05,0,A00,A0,A0,E0,0,0,2023,1,,,,,,1462
48423,4591,A05,0,A00,A0,A0,E0,0,0,2023,1,383,349,51,84,-33,2101
48427,4591,A05,0,A00,A0,A0,E0,0,0,2023,1,,,,,,3273
48435,4591,A05,0,A00,A0,A0,E0,0,0,2023,1,,,0,,,2027
48439,4591,A05,0,A00,A0,A0,E0,0,0,2023,1,5079,4612,572,1039,-467,2867
48441,4591,A05,0,A00,A0,A0,E0,0,0,2023,1,205,189,32,48,-16,2012
48449,4591,A05,0,A00,A0,A0,E0,0,0,2023,1,45,37,4,12,-8,2969
48451,4591,A05,0,A00,A0,A0,E0,0,0,2023,1,189,179,22,32,-11,2099
48453,4591,A05,0,A00,A0,A0,E0,0,0,2023,1,2852,2515,319,656,-337,3798
48457,4591,A05,0,A00,A0,A0,E0,0,0,2023,1,,,,0,,2626
48463,4591,A05,0,A00,A0,A0,E0,0,0,2023,1,40,32,7,14,-7,2443
48465,4591,A05,0,A00,A0,A0,E0,0,0,2023,1,17,14,0,4,-3,1459
48467,4591,A05,0,A00,A0,A0,E0,0,0,2023,1,36,35,4,5,-1,3906
48469,4591,A05,0,A00,A0,A0,E0,0,0,2023,1,166,155,17,29,-12,2181
48471,4591,A05,0,A00,A0,A0,E0,0,0,2023,1,95,88,8,16,-8,4085
48473,4591,A05,0,A00,A0,A0,E0,0,0,2023,1,11,12,,0,1,3720
48477,4591,A05,0,A00,A0,A0,E0,0,0,2023,1,27,24,4,7,-3,1753
48479,4591,A05,0,A00,A0,A0,E0,0,0,2023,1,288,257,15,46,-31,1744
48481,4591,A05,0,A00,A0,A0,E0,0,0,2023,1,38,36,5,7,-2,2240
48485,4591,A05,0,A00,A0,A0,E0,0,0,2023,1,170,157,22,35,-13,2454
48487,4591,A05,0,A00,A0,A0,E0,0,0,2023,1,,,0,0,,2387
48491,4591,A05,0,A00,A0,A0,E0,0,0,2023,1,1146,1033,140,253,-113,2237
48493,4591,A05,0,A00,A0,A0,E0,0,0,2023,1,,,,,,2820
48495,4591,A05,0,A00,A0,A0,E0,0,0,2023,1,,,0,0,,433
48497,4591,A05,0,A00,A0,A0,E0,0,0,2023,1,16,20,10,6,4,1114
48499,4591,A05,0,A00,A0,A0,E0,0,0,2023,1,80,80,10,11,0,2968
48501,4591,A05,0,A00,A0,A0,E0,0,0,2023,1,,,,,,634
48503,4591,A05,0,A00,A0,A0,E0,0,0,2023,1,,,,,,1795
48,4591,A05,0,A00,A0,A0,E0,0,0,2023,1,44839,40856,5577,9559,-3982,2787
48001,4591,A05,0,A00,A0,A0,E0,0,0,2023,2,33,30,7,11,-3,1365
48003,4591,A05,0,A00,A0,A0,E0,0,0,2023,2,,,,,,1970
48005,4591,A05,0,A00,A0,A0,E0,0,0,2023,2,80,73,14,22,-7,3129
48007,4591,A05,0,A00,A0,A0,E0,0,0,2023,2,22,22,7,7,0,3987
48013,4591,A05,0,A00,A0,A0,E0,0,0,2023,2,22,23,4,3,0,2323
48015,4591,A05,0,A00,A0,A0,E0,0,0,2023,2,,,0,0,,2970
48019,4591,A05,0,A00,A0,A0,E0,0,0,2023,2,,,,,,1350
48021,4591,A05,0,A00,A0,A0,E0,0,0,2023,2,45,48,13,9,4,2435
48025,4591,A05,0,A00,A0,A0,E0,0,0,2023,2,,,,,,2345
48027,4591,A05,0,A00,A0,A0,E0,0,0,2023,2,333,320,61,74,-13,2113
48029,4591,A05,0,A00,A0,A0,E0,0,0,2023,2,2808,2822,615,601,14,2263
48031,4591,A05,0,A00,A0,A0,E0,0,0,2023,2,,,,,,2343
48037,4591,A05,0,A00,A0,A0,E0,0,0,2023,2,156,163,49,43,7,3619
48039,4591,A05,0,A00,A0,A0,E0,0,0,2023,2,321,330,69,60,9,2387
48041,4591,A05,0,A00,A0,A0,E0,0,0,2023,2,337,336,65,66,-1,2254
48049,4591,A05,0,A00,A0,A0,E0,0,0,2023,2,23,18,4,8,-4,1503
48053,4591,A05,0,A00,A0,A0,E0,0,0,2023,2,23,26,10,7,3,2034
48055,4591,A05,0,A00,A0,A0,E0,0,0,2023,2,11,11,,,0,1298
48057,4591,A05,0,A00,A0,A0,E0,0,0,2023,2,,,,,,1391
48059,4591,A05,0,A00,A0,A0,E0,0,0,2023,2,,,,,,1578
48061,4591,A05,0,A00,A0,A0,E0,0,0,2023,2,449,464,92,78,15,1923
48065,4591,A05,0,A00,A0,A0,E0,0,0,2023,2,,,0,0,,4005
48071,4591,A05,0,A00,A0,A0,E0,0,0,2023,2,,,0,0,,1004
48073,4591,A05,0,A00,A0,A0,E0,0,0,2023,2,,,,,,982
48075,4591,A05,0,A00,A0,A0,E0,0,0,2023,2,,,,,,3291
48081,4591,A05,0,A00,A0,A0,E0,0,0,2023,2,,,,,,1086
48083,4591,A05,0,A00,A0,A0,E0,0,0,2023,2,,,0,0,,3698
48085,4591,A05,0,A00,A0,A0,E0,0,0,2023,2,2974,3021,609,562,47,2863
48089,4591,A05,0,A00,A0,A0,E0,0,0,2023,2,,,0,0,,2534
48091,4591,A05,0,A00,A0,A0,E0,0,0,2023,2,307,323,70,54,16,2137
48097,4591,A05,0,A00,A0,A0,E0,0,0,2023,2,,,,,,1340
48099,4591,A05,0,A00,A0,A0,E0,0,0,2023,2,26,25,3,3,0,1579
48101,4591,A05,0,A00,A0,A0,E0,0,0,2023,2,,,,0,,13810
48113,4591,A05,0,A00,A0,A0,E0,0,0,2023,2,3933,3973,778,738,40,3709
48117,4591,A05,0,A00,A0,A0,E0,0,0,2023,2,,,,,,1033
48121,4591,A05,0,A00,A0,A0,E0,0,0,2023,2,1280,1274,249,255,-6,2761
48123,4591,A05,0,A00,A0,A0,E0,0,0,2023,2,,,0,0,,952
48133,4591,A05,0,A00,A0,A0,E0,0,0,2023,2,,,0,0,,451
48135,4591,A05,0,A00,A0,A0,E0,0,0,2023,2,198,199,53,52,1,2196
48139,4591,A05,0,A00,A0,A0,E0,0,0,2023,2,137,130,31,38,-7,1936
48141,4591,A05,0,A00,A0,A0,E0,0,0,2023,2,1017,1063,222,176,46,2304
48143,4591,A05,0,A00,A0,A0,E0,0,0,2023,2,29,28,8,9,-1,2311
48145,4591,A05,0,A00,A0,A0,E0,0,0,2023,2,,,0,0,,1130
48157,4591,A05,0,A00,A0,A0,E0,0,0,2023,2,1021,1012,149,158,-9,3457
48159,4591,A05,0,A00,A0,A0,E0,0,0,2023,2,,,,,,368
48163,4591,A05,0,A00,A0,A0,E0,0,0,2023,2,,,,,,4615
48165,4591,A05,0,A00,A0,A0,E0,0,0,2023,2,,,,,,1839
48167,4591,A05,0,A00,A0,A0,E0,0,0,2023,2,366,380,92,78,14,2205
48171,4591,A05,0,A00,A0,A0,E0,0,0,2023,2,,,,,,779
48177,4591,A05,0,A00,A0,A0,E0,0,0,2023,2,,,,,,1052
48179,4591,A05,0,A00,A0,A0,E0,0,0,2023,2,13,9,4,7,-3,1830
48181,4591,A05,0,A00,A0,A0,E0,0,0,2023,2,190,185,45,51,-5,2364
48183,4591,A05,0,A00,A0,A0,E0,0,0,2023,2,294,323,91,62,29,2453
48185,4591,A05,0,A00,A0,A0,E0,0,0,2023,2,,,,,,4192
48187,4591,A05,0,A00,A0,A0,E0,0,0,2023,2,50,46,12,16,-4,1141
48189,4591,A05,0,A00,A0,A0,E0,0,0,2023,2,,,,,,908
48197,4591,A05,0,A00,A0,A0,E0,0,0,2023,2,,,0,0,,1125
48199,4591,A05,0,A00,A0,A0,E0,0,0,2023,2,13,10,3,5,-2,1940
48201,4591,A05,0,A00,A0,A0,E0,0,0,2023,2,7446,7759,1642,1330,313,2769
48203,4591,A05,0,A00,A0,A0,E0,0,0,2023,2,24,24,5,6,0,2318
48209,4591,A05,0,A00,A0,A0,E0,0,0,2023,2,734,750,144,128,16,2403
48213,4591,A05,0,A00,A0,A0,E0,0,0,2023,2,34,35,12,10,2,1456
48215,4591,A05,0,A00,A0,A0,E0,0,0,2023,2,820,812,152,160,-8,1909
48217,4591,A05,0,A00,A0,A0,E0,0,0,2023,2,,,,,,1412
48219,4591,A05,0,A00,A0,A0,E0,0,0,2023,2,14,16,4,,1,1033
48221,4591,A05,0,A00,A0,A0,E0,0,0,2023,2,31,29,8,10,-2,3574
48223,4591,A05,0,A00,A0,A0,E0,0,0,2023,2,22,23,4,4,0,1685
48225,4591,A05,0,A00,A0,A0,E0,0,0,2023,2,,,,,,1629
48227,4591,A05,0,A00,A0,A0,E0,0,0,2023,2,18,18,5,5,0,1751
48231,4591,A05,0,A00,A0,A0,E0,0,0,2023,2,82,91,30,21,9,3613
48233,4591,A05,0,A00,A0,A0,E0,0,0,2023,2,,,,,,1206
48237,4591,A05,0,A00,A0,A0,E0,0,0,2023,2,,,0,0,,881
48241,4591,A05,0,A00,A0,A0,E0,0,0,2023,2,,,,,,1641
48245,4591,A05,0,A00,A0,A0,E0,0,0,2023,2,313,329,78,62,16,2534
48249,4591,A05,0,A00,A0,A0,E0,0,0,2023,2,13,11,,4,-2,1156
48251,4591,A05,0,A00,A0,A0,E0,0,0,2023,2,166,160,30,37,-7,1922
48253,4591,A05,0,A00,A0,A0,E0,0,0,2023,2,0,,,0,,
48255,4591,A05,0,A00,A0,A0,E0,0,0,2023,2,,,,,,1429
48257,4591,A05,0,A00,A0,A0,E0,0,0,2023,2,55,51,14,19,-4,1704
48259,4591,A05,0,A00,A0,A0,E0,0,0,2023,2,80,85,18,13,5,2532
48265,4591,A05,0,A00,A0,A0,E0,0,0,2023,2,38,40,5,4,1,2042
48267,4591,A05,0,A00,A0,A0,E0,0,0,2023,2,0,,,0,,
48273,4591,A05,0,A00,A0,A0,E0,0,0,2023,2,13,13,,,0,2426
48277,4591,A05,0,A00,A0,A0,E0,0,0,2023,2,30,32,8,6,2,2188
48285,4591,A05,0,A00,A0,A0,E0,0,0,2023,2,16,15,7,9,-1,3360
48289,4591,A05,0,A00,A0,A0,E0,0,0,2023,2,,,0,,,1022
48291,4591,A05,0,A00,A0,A0,E0,0,0,2023,2,11,10,,4,-1,1517
48293,4591,A05,0,A00,A0,A0,E0,0,0,2023,2,,,,,,1500
48299,4591,A05,0,A00,A0,A0,E0,0,0,2023,2,,,0,0,,505
48303,4591,A05,0,A00,A0,A0,E0,0,0,2023,2,642,654,129,117,12,1962
48307,4591,A05,0,A00,A0,A0,E0,0,0,2023,2,,,0,0,,1911
48309,4591,A05,0,A00,A0,A0,E0,0,0,2023,2,418,422,84,80,4,2114
48315,4591,A05,0,A00,A0,A0,E0,0,0,2023,2,,0,,,,353
48317,4591,A05,0,A00,A0,A0,E0,0,0,2023,2,,,0,0,,4581
48319,4591,A05,0,A00,A0,A0,E0,0,0,2023,2,,,0,0,,1876
48321,4591,A05,0,A00,A0,A0,E0,0,0,2023,2,,,,,,1129
48323,4591,A05,0,A00,A0,A0,E0,0,0,2023,2,57,55,9,11,-2,1565
48325,4591,A05,0,A00,A0,A0,E0,0,0,2023,2,,,,0,,1892
48329,4591,A05,0,A00,A0,A0,E0,0,0,2023,2,235,231,68,73,-4,2335
48331,4591,A05,0,A00,A0,A0,E0,0,0,2023,2,,,,,,1257
48337,4591,A05,0,A00,A0,A0,E0,0,0,2023,2,,,,,,3336
48339,4591,A05,0,A00,A0,A0,E0,0,0,2023,2,807,845,172,134,38,2539
48341,4591,A05,0,A00,A0,A0,E0,0,0,2023,2,,,,,,1262
48347,4591,A05,0,A00,A0,A0,E0,0,0,2023,2,81,81,9,9,0,3251
48349,4591,A05,0,A00,A0,A0,E0,0,0,2023,2,24,20,5,9,-4,1366
48353,4591,A05,0,A00,A0,A0,E0,0,0,2023,2,,,0,0,,2385
48355,4591,A05,0,A00,A0,A0,E0,0,0,2023,2,631,626,113,118,-5,2461
48361,4591,A05,0,A00,A0,A0,E0,0,0,2023,2,42,43,13,11,1,1476
48363,4591,A05,0,A00,A0,A0,E0,0,0,2023,2,,,,,,1276
48365,4591,A05,0,A00,A0,A0,E0,0,0,2023,2,27,28,7,7,1,2141
48367,4591,A05,0,A00,A0,A0,E0,0,0,2023,2,228,223,48,53,-5,3854
48369,4591,A05,0,A00,A0,A0,E0,0,0,2023,2,,,,0,,1816
48371,4591,A05,0,A00,A0,A0,E0,0,0,2023,2,,,,,,1367
48373,4591,A05,0,A00,A0,A0,E0,0,0,2023,2,25,25,6,6,-1,1856
48375,4591,A05,0,A00,A0,A0,E0,0,0,2023,2,104,97,20,28,-7,2755
48381,4591,A05,0,A00,A0,A0,E0,0,0,2023,2,307,298,51,60,-9,2334
48397,4591,A05,0,A00,A0,A0,E0,0,0,2023,2,281,287,60,55,5,2385
48401,4591,A05,0,A00,A0,A0,E0,0,0,2023,2,16,15,,3,-1,1602
48409,4591,A05,0,A00,A0,A0,E0,0,0,2023,2,53,53,10,10,0,1971
48415,4591,A05,0,A00,A0,A0,E0,0,0,2023,2,,,,,,1352
48419,4591,A05,0,A00,A0,A0,E0,0,0,2023,2,,,,,,1114
48423,4591,A05,0,A00,A0,A0,E0,0,0,2023,2,367,391,80,56,24,2300
48427,4591,A05,0,A00,A0,A0,E0,0,0,2023,2,,,,,,3067
48435,4591,A05,0,A00,A0,A0,E0,0,0,2023,2,,,0,0,,3939
48439,4591,A05,0,A00,A0,A0,E0,0,0,2023,2,4660,4643,862,879,-17,2875
48441,4591,A05,0,A00,A0,A0,E0,0,0,2023,2,189,191,39,36,2,2112
48445,4591,A05,0,A00,A0,A0,E0,0,0,2023,2,,,0,0,,3922
48449,4591,A05,0,A00,A0,A0,E0,0,0,2023,2,37,35,6,8,-1,3143
48451,4591,A05,0,A00,A0,A0,E0,0,0,2023,2,179,169,28,38,-10,2183
48453,4591,A05,0,A00,A0,A0,E0,0,0,2023,2,2515,2552,411,375,36,3844
48457,4591,A05,0,A00,A0,A0,E0,0,0,2023,2,,,0,0,,2563
48463,4591,A05,0,A00,A0,A0,E0,0,0,2023,2,31,30,10,11,-1,2432
48465,4591,A05,0,A00,A0,A0,E0,0,0,2023,2,14,14,4,4,0,1520
48467,4591,A05,0,A00,A0,A0,E0,0,0,2023,2,35,33,4,7,-3,3893
48469,4591,A05,0,A00,A0,A0,E0,0,0,2023,2,155,154,25,26,-1,2116
48471,4591,A05,0,A00,A0,A0,E0,0,0,2023,2,88,92,22,18,4,3473
48473,4591,A05,0,A00,A0,A0,E0,0,0,2023,2,12,10,0,,-2,3744
48477,4591,A05,0,A00,A0,A0,E0,0,0,2023,2,24,24,7,7,1,1778
48479,4591,A05,0,A00,A0,A0,E0,0,0,2023,2,257,238,27,45,-19,1651
48481,4591,A05,0,A00,A0,A0,E0,0,0,2023,2,36,35,4,5,-1,1913
48485,4591,A05,0,A00,A0,A0,E0,0,0,2023,2,157,156,35,36,-1,2446
48487,4591,A05,0,A00,A0,A0,E0,0,0,2023,2,,,,0,,2387
48491,4591,A05,0,A00,A0,A0,E0,0,0,2023,2,1033,1069,233,197,36,2252
48493,4591,A05,0,A00,A0,A0,E0,0,0,2023,2,,,,,,2554
48495,4591,A05,0,A00,A0,A0,E0,0,0,2023,2,,,0,0,,1021
48497,4591,A05,0,A00,A0,A0,E0,0,0,2023,2,20,18,5,7,-1,1436
48499,4591,A05,0,A00,A0,A0,E0,0,0,2023,2,80,80,14,14,0,2553
48501,4591,A05,0,A00,A0,A0,E0,0,0,2023,2,,,,0,,1114
48503,4591,A05,0,A00,A0,A0,E0,0,0,2023,2,,,,,,1405
48,4591,A05,0,A00,A0,A0,E0,0,0,2023,2,40840,41424,8358,7774,584,2760
48001,4591,A05,0,A00,A0,A0,E0,0,0,2023,3,30,29,14,15,-1,1527
48003,4591,A05,0,A00,A0,A0,E0,0,0,2023,3,9,11,7,6,1,1561
48005,4591,A05,0,A00,A0,A0,E0,0,0,2023,3,73,71,15,17,-2,3145
48007,4591,A05,0,A00,A0,A0,E0,0,0,2023,3,22,21,,3,-1,4658
48013,4591,A05,0,A00,A0,A0,E0,0,0,2023,3,23,22,5,6,-1,2640
48015,4591,A05,0,A00,A0,A0,E0,0,0,2023,3,,,0,0,,2940
48019,4591,A05,0,A00,A0,A0,E0,0,0,2023,3,,,,0,,1451
48021,4591,A05,0,A00,A0,A0,E0,0,0,2023,3,48,46,14,17,-2,2584
48025,4591,A05,0,A00,A0,A0,E0,0,0,2023,3,,,,,,2498
48027,4591,A05,0,A00,A0,A0,E0,0,0,2023,3,320,334,91,77,14,2312
48029,4591,A05,0,A00,A0,A0,E0,0,0,2023,3,2810,2782,677,704,-28,2308
48031,4591,A05,0,A00,A0,A0,E0,0,0,2023,3,,,,,,1638
48037,4591,A05,0,A00,A0,A0,E0,0,0,2023,3,163,149,44,58,-14,3102
48039,4591,A05,0,A00,A0,A0,E0,0,0,2023,3,330,332,78,76,2,2611
48041,4591,A05,0,A00,A0,A0,E0,0,0,2023,3,336,345,92,83,9,2513
48049,4591,A05,0,A00,A0,A0,E0,0,0,2023,3,18,18,4,4,0,1838
48053,4591,A05,0,A00,A0,A0,E0,0,0,2023,3,26,22,6,11,-4,2021
48055,4591,A05,0,A00,A0,A0,E0,0,0,2023,3,11,11,,,0,1228
48057,4591,A05,0,A00,A0,A0,E0,0,0,2023,3,,,,,,1596
48059,4591,A05,0,A00,A0,A0,E0,0,0,2023,3,,,,,,1526
48061,4591,A05,0,A00,A0,A0,E0,0,0,2023,3,464,499,113,78,36,2049
48065,4591,A05,0,A00,A0,A0,E0,0,0,2023,3,,,0,0,,4672
48071,4591,A05,0,A00,A0,A0,E0,0,0,2023,3,6,4,3,5,-2,481
48073,4591,A05,0,A00,A0,A0,E0,0,0,2023,3,9,8,5,5,-1,1135
48075,4591,A05,0,A00,A0,A0,E0,0,0,2023,3,,,0,0,,4799
48081,4591,A05,0,A00,A0,A0,E0,0,0,2023,3,,,0,,,860
48083,4591,A05,0,A00,A0,A0,E0,0,0,2023,3,,,0,0,,3122
48085,4591,A05,0,A00,A0,A0,E0,0,0,2023,3,3018,2986,681,713,-32,2828
48089,4591,A05,0,A00,A0,A0,E0,0,0,2023,3,,,0,,,2512
48091,4591,A05,0,A00,A0,A0,E0,0,0,2023,3,322,330,78,69,8,2319
48097,4591,A05,0,A00,A0,A0,E0,0,0,2023,3,,,,,,1625
48099,4591,A05,0,A00,A0,A0,E0,0,0,2023,3,25,21,,5,-5,1513
48101,4591,A05,0,A00,A0,A0,E0,0,0,2023,3,,,0,,,12800
48113,4591,A05,0,A00,A0,A0,E0,0,0,2023,3,3961,3791,912,1081,-169,3418
48117,4591,A05,0,A00,A0,A0,E0,0,0,2023,3,,,,,,1196
48121,4591,A05,0,A00,A0,A0,E0,0,0,2023,3,1275,1259,301,316,-16,2716
48123,4591,A05,0,A00,A0,A0,E0,0,0,2023,3,,,0,0,,701
48133,4591,A05,0,A00,A0,A0,E0,0,0,2023,3,,,,,,364
48135,4591,A05,0,A00,A0,A0,E0,0,0,2023,3,199,193,74,80,-6,2357
48139,4591,A05,0,A00,A0,A0,E0,0,0,2023,3,130,126,38,42,-4,2196
48141,4591,A05,0,A00,A0,A0,E0,0,0,2023,3,1063,1063,250,250,0,2199
48143,4591,A05,0,A00,A0,A0,E0,0,0,2023,3,28,32,7,4,3,2514
48145,4591,A05,0,A00,A0,A0,E0,0,0,2023,3,,,,,,129
48157,4591,A05,0,A00,A0,A0,E0,0,0,2023,3,1012,1030,199,181,18,3381
48159,4591,A05,0,A00,A0,A0,E0,0,0,2023,3,,,,,,505
48161,4591,A05,0,A00,A0,A0,E0,0,0,2023,3,0,,,0,,
48163,4591,A05,0,A00,A0,A0,E0,0,0,2023,3,,,,,,4430
48165,4591,A05,0,A00,A0,A0,E0,0,0,2023,3,,,,,,1476
48167,4591,A05,0,A00,A0,A0,E0,0,0,2023,3,612,565,147,195,-47,1964
48171,4591,A05,0,A00,A0,A0,E0,0,0,2023,3,,,,,,922
48177,4591,A05,0,A00,A0,A0,E0,0,0,2023,3,,,,,,1190
48179,4591,A05,0,A00,A0,A0,E0,0,0,2023,3,9,14,9,5,4,2622
48181,4591,A05,0,A00,A0,A0,E0,0,0,2023,3,185,185,49,49,0,2268
48183,4591,A05,0,A00,A0,A0,E0,0,0,2023,3,323,320,100,102,-2,2236
48185,4591,A05,0,A00,A0,A0,E0,0,0,2023,3,,,0,,,4455
48187,4591,A05,0,A00,A0,A0,E0,0,0,2023,3,46,48,17,15,2,1365
48189,4591,A05,0,A00,A0,A0,E0,0,0,2023,3,,,,,,1294
48197,4591,A05,0,A00,A0,A0,E0,0,0,2023,3,,,0,0,,2813
48199,4591,A05,0,A00,A0,A0,E0,0,0,2023,3,10,9,,3,-1,2567
48201,4591,A05,0,A00,A0,A0,E0,0,0,2023,3,7529,7575,1660,1613,46,2812
48203,4591,A05,0,A00,A0,A0,E0,0,0,2023,3,24,23,7,8,-1,2095
48209,4591,A05,0,A00,A0,A0,E0,0,0,2023,3,750,784,200,166,34,2306
48213,4591,A05,0,A00,A0,A0,E0,0,0,2023,3,35,34,10,11,-2,1563
48215,4591,A05,0,A00,A0,A0,E0,0,0,2023,3,812,855,235,192,43,2148
48217,4591,A05,0,A00,A0,A0,E0,0,0,2023,3,,,,,,580
48219,4591,A05,0,A00,A0,A0,E0,0,0,2023,3,16,16,4,4,0,1127
48221,4591,A05,0,A00,A0,A0,E0,0,0,2023,3,29,27,6,8,-2,3029
48223,4591,A05,0,A00,A0,A0,E0,0,0,2023,3,23,21,7,8,-2,1790
48225,4591,A05,0,A00,A0,A0,E0,0,0,2023,3,,,,,,1883
48227,4591,A05,0,A00,A0,A0,E0,0,0,2023,3,18,18,6,5,0,2053
48231,4591,A05,0,A00,A0,A0,E0,0,0,2023,3,91,92,31,30,1,3819
48233,4591,A05,0,A00,A0,A0,E0,0,0,2023,3,,,,,,1624
48237,4591,A05,0,A00,A0,A0,E0,0,0,2023,3,,,0,0,,729
48241,4591,A05,0,A00,A0,A0,E0,0,0,2023,3,,,,,,1742
48245,4591,A05,0,A00,A0,A0,E0,0,0,2023,3,329,308,70,92,-21,2636
48249,4591,A05,0,A00,A0,A0,E0,0,0,2023,3,11,11,5,4,0,1418
48251,4591,A05,0,A00,A0,A0,E0,0,0,2023,3,159,165,41,36,5,2109
48253,4591,A05,0,A00,A0,A0,E0,0,0,2023,3,,,,0,,998
48255,4591,A05,0,A00,A0,A0,E0,0,0,2023,3,,,,,,1692
48257,4591,A05,0,A00,A0,A0,E0,0,0,2023,3,61,60,26,26,-1,2133
48259,4591,A05,0,A00,A0,A0,E0,0,0,2023,3,88,88,16,16,0,2675
48265,4591,A05,0,A00,A0,A0,E0,0,0,2023,3,39,26,7,21,-13,1745
48267,4591,A05,0,A00,A0,A0,E0,0,0,2023,3,,,0,0,,4532
48273,4591,A05,0,A00,A0,A0,E0,0,0,2023,3,10,11,6,6,0,2147
48277,4591,A05,0,A00,A0,A0,E0,0,0,2023,3,32,31,8,9,-1,2274
48285,4591,A05,0,A00,A0,A0,E0,0,0,2023,3,15,14,,4,-1,4041
48289,4591,A05,0,A00,A0,A0,E0,0,0,2023,3,,,,,,951
48291,4591,A05,0,A00,A0,A0,E0,0,0,2023,3,10,11,5,4,1,1846
48293,4591,A05,0,A00,A0,A0,E0,0,0,2023,3,,,,,,1776
48299,4591,A05,0,A00,A0,A0,E0,0,0,2023,3,,,,0,,596
48303,4591,A05,0,A00,A0,A0,E0,0,0,2023,3,654,662,158,150,7,2084
48307,4591,A05,0,A00,A0,A0,E0,0,0,2023,3,,,,0,,1428
48309,4591,A05,0,A00,A0,A0,E0,0,0,2023,3,422,428,103,97,6,2082
48317,4591,A05,0,A00,A0,A0,E0,0,0,2023,3,,,,0,,8145
48319,4591,A05,0,A00,A0,A0,E0,0,0,2023,3,,,0,0,,2036
48321,4591,A05,0,A00,A0,A0,E0,0,0,2023,3,,,,,,1442
48323,4591,A05,0,A00,A0,A0,E0,0,0,2023,3,55,57,12,11,1,1858
48325,4591,A05,0,A00,A0,A0,E0,0,0,2023,3,,,,,,1579
48329,4591,A05,0,A00,A0,A0,E0,0,0,2023,3,231,242,71,60,12,2720
48331,4591,A05,0,A00,A0,A0,E0,0,0,2023,3,,,,,,702
48337,4591,A05,0,A00,A0,A0,E0,0,0,2023,3,,,,0,,3697
48339,4591,A05,0,A00,A0,A0,E0,0,0,2023,3,845,846,164,163,1,2890
48341,4591,A05,0,A00,A0,A0,E0,0,0,2023,3,,,,,,1992
48347,4591,A05,0,A00,A0,A0,E0,0,0,2023,3,81,85,19,15,4,3216
48349,4591,A05,0,A00,A0,A0,E0,0,0,2023,3,20,19,8,8,0,1737
48353,4591,A05,0,A00,A0,A0,E0,0,0,2023,3,,,0,0,,2436
48355,4591,A05,0,A00,A0,A0,E0,0,0,2023,3,626,623,126,129,-3,2614
48361,4591,A05,0,A00,A0,A0,E0,0,0,2023,3,43,44,11,10,1,1440
48363,4591,A05,0,A00,A0,A0,E0,0,0,2023,3,,,,,,1793
48365,4591,A05,0,A00,A0,A0,E0,0,0,2023,3,28,28,4,4,1,2429
48367,4591,A05,0,A00,A0,A0,E0,0,0,2023,3,223,229,52,46,6,2691
48369,4591,A05,0,A00,A0,A0,E0,0,0,2023,3,,,0,0,,2170
48371,4591,A05,0,A00,A0,A0,E0,0,0,2023,3,,,,,,1591
48373,4591,A05,0,A00,A0,A0,E0,0,0,2023,3,25,27,10,8,2,1845
48375,4591,A05,0,A00,A0,A0,E0,0,0,2023,3,96,104,27,19,8,2502
48381,4591,A05,0,A00,A0,A0,E0,0,0,2023,3,298,312,84,69,14,2458
48397,4591,A05,0,A00,A0,A0,E0,0,0,2023,3,286,288,82,80,2,2519
48401,4591,A05,0,A00,A0,A0,E0,0,0,2023,3,15,14,4,5,-1,1676
48409,4591,A05,0,A00,A0,A0,E0,0,0,2023,3,53,51,12,14,-2,2228
48415,4591,A05,0,A00,A0,A0,E0,0,0,2023,3,,,,,,1400
48419,4591,A05,0,A00,A0,A0,E0,0,0,2023,3,,,,,,1565
48423,4591,A05,0,A00,A0,A0,E0,0,0,2023,3,391,384,84,92,-7,2285
48427,4591,A05,0,A00,A0,A0,E0,0,0,2023,3,,,,,,3315
48435,4591,A05,0,A00,A0,A0,E0,0,0,2023,3,,,,0,,4552
48439,4591,A05,0,A00,A0,A0,E0,0,0,2023,3,4635,4696,1111,1050,61,2764
48441,4591,A05,0,A00,A0,A0,E0,0,0,2023,3,191,202,60,49,11,2253
48445,4591,A05,0,A00,A0,A0,E0,0,0,2023,3,,,0,0,,3949
48449,4591,A05,0,A00,A0,A0,E0,0,0,2023,3,35,34,11,12,-1,3304
48451,4591,A05,0,A00,A0,A0,E0,0,0,2023,3,169,173,34,30,4,2245
48453,4591,A05,0,A00,A0,A0,E0,0,0,2023,3,2552,2674,621,499,122,4076
48457,4591,A05,0,A00,A0,A0,E0,0,0,2023,3,,,0,0,,2398
48463,4591,A05,0,A00,A0,A0,E0,0,0,2023,3,29,27,6,8,-2,2602
48465,4591,A05,0,A00,A0,A0,E0,0,0,2023,3,14,15,4,3,1,1591
48467,4591,A05,0,A00,A0,A0,E0,0,0,2023,3,33,29,5,8,-3,2915
48469,4591,A05,0,A00,A0,A0,E0,0,0,2023,3,154,159,31,25,6,2315
48471,4591,A05,0,A00,A0,A0,E0,0,0,2023,3,92,94,28,27,2,3834
48473,4591,A05,0,A00,A0,A0,E0,0,0,2023,3,10,10,0,0,0,3414
48477,4591,A05,0,A00,A0,A0,E0,0,0,2023,3,24,41,25,8,17,2119
48479,4591,A05,0,A00,A0,A0,E0,0,0,2023,3,238,242,40,36,3,1925
48481,4591,A05,0,A00,A0,A0,E0,0,0,2023,3,35,34,10,12,-2,2385
48485,4591,A05,0,A00,A0,A0,E0,0,0,2023,3,156,161,42,36,6,2207
48487,4591,A05,0,A00,A0,A0,E0,0,0,2023,3,,,0,0,,1421
48491,4591,A05,0,A00,A0,A0,E0,0,0,2023,3,1069,1136,327,260,67,2375
48493,4591,A05,0,A00,A0,A0,E0,0,0,2023,3,,,,,,2248
48495,4591,A05,0,A00,A0,A0,E0,0,0,2023,3,,,,,,1266
48497,4591,A05,0,A00,A0,A0,E0,0,0,2023,3,18,17,5,6,-2,1560
48499,4591,A05,0,A00,A0,A0,E0,0,0,2023,3,80,73,13,20,-7,2874
48501,4591,A05,0,A00,A0,A0,E0,0,0,2023,3,,,,,,959
48503,4591,A05,0,A00,A0,A0,E0,0,0,2023,3,,,,,,1738
48,4591,A05,0,A00,A0,A0,E0,0,0,2023,3,41396,41565,9925,9756,169,2762
48001,4591,A05,0,A00,A0,A0,E0,0,0,2023,4,29,29,12,12,0,1362
48003,4591,A05,0,A00,A0,A0,E0,0,0,2023,4,11,8,4,7,-3,1704
48005,4591,A05,0,A00,A0,A0,E0,0,0,2023,4,71,73,16,15,1,2940
48007,4591,A05,0,A00,A0,A0,E0,0,0,2023,4,21,21,,,0,4198
48013,4591,A05,0,A00,A0,A0,E0,0,0,2023,4,22,20,4,6,-2,2547
48015,4591,A05,0,A00,A0,A0,E0,0,0,2023,4,3,3,,,0,3049
48019,4591,A05,0,A00,A0,A0,E0,0,0,2023,4,,,,,,1826
48021,4591,A05,0,A00,A0,A0,E0,0,0,2023,4,46,51,15,11,5,2555
48025,4591,A05,0,A00,A0,A0,E0,0,0,2023,4,,,,,,2590
48027,4591,A05,0,A00,A0,A0,E0,0,0,2023,4,334,360,118,92,26,2320
48029,4591,A05,0,A00,A0,A0,E0,0,0,2023,4,2787,2964,810,633,178,2419
48031,4591,A05,0,A00,A0,A0,E0,0,0,2023,4,,,,,,2776
48037,4591,A05,0,A00,A0,A0,E0,0,0,2023,4,149,167,54,36,18,3039
48039,4591,A05,0,A00,A0,A0,E0,0,0,2023,4,332,348,91,75,16,2402
48041,4591,A05,0,A00,A0,A0,E0,0,0,2023,4,344,357,100,88,12,2607
48049,4591,A05,0,A00,A0,A0,E0,0,0,2023,4,18,18,3,3,0,1645
48053,4591,A05,0,A00,A0,A0,E0,0,0,2023,4,22,22,8,7,0,2154
48055,4591,A05,0,A00,A0,A0,E0,0,0,2023,4,11,10,,3,-1,1426
48057,4591,A05,0,A00,A0,A0,E0,0,0,2023,4,,,,,,1618
48059,4591,A05,0,A00,A0,A0,E0,0,0,2023,4,,,,,,1859
48061,4591,A05,0,A00,A0,A0,E0,0,0,2023,4,499,590,190,99,90,1947
48065,4591,A05,0,A00,A0,A0,E0,0,0,2023,4,,,0,0,,4821
48071,4591,A05,0,A00,A0,A0,E0,0,0,2023,4,,,0,,,385
48073,4591,A05,0,A00,A0,A0,E0,0,0,2023,4,8,7,3,4,-1,914
48075,4591,A05,0,A00,A0,A0,E0,0,0,2023,4,,,0,0,,3011
48081,4591,A05,0,A00,A0,A0,E0,0,0,2023,4,,,0,0,,1210
48083,4591,A05,0,A00,A0,A0,E0,0,0,2023,4,,,0,0,,3172
48085,4591,A05,0,A00,A0,A0,E0,0,0,2023,4,2987,3238,862,610,251,3010
48089,4591,A05,0,A00,A0,A0,E0,0,0,2023,4,,,0,0,,2185
48091,4591,A05,0,A00,A0,A0,E0,0,0,2023,4,330,340,89,79,10,2356
48097,4591,A05,0,A00,A0,A0,E0,0,0,2023,4,,,,,,1503
48099,4591,A05,0,A00,A0,A0,E0,0,0,2023,4,21,21,3,3,0,1971
48101,4591,A05,0,A00,A0,A0,E0,0,0,2023,4,,,0,0,,29626
48113,4591,A05,0,A00,A0,A0,E0,0,0,2023,4,3791,4059,1132,864,268,3453
48117,4591,A05,0,A00,A0,A0,E0,0,0,2023,4,,,,,,1139
48121,4591,A05,0,A00,A0,A0,E0,0,0,2023,4,1259,1329,394,324,70,2905
48123,4591,A05,0,A00,A0,A0,E0,0,0,2023,4,,0,,,,429
48133,4591,A05,0,A00,A0,A0,E0,0,0,2023,4,,,0,0,,495
48135,4591,A05,0,A00,A0,A0,E0,0,0,2023,4,193,196,60,57,3,2367
48139,4591,A05,0,A00,A0,A0,E0,0,0,2023,4,126,131,38,33,5,2202
48141,4591,A05,0,A00,A0,A0,E0,0,0,2023,4,1063,1161,372,274,98,2142
48143,4591,A05,0,A00,A0,A0,E0,0,0,2023,4,32,32,8,8,0,1963
48145,4591,A05,0,A00,A0,A0,E0,0,0,2023,4,,,0,0,,967
48157,4591,A05,0,A00,A0,A0,E0,0,0,2023,4,1030,1073,243,200,43,3266
48159,4591,A05,0,A00,A0,A0,E0,0,0,2023,4,,,0,0,,620
48161,4591,A05,0,A00,A0,A0,E0,0,0,2023,4,,,0,0,,552
48163,4591,A05,0,A00,A0,A0,E0,0,0,2023,4,,,,,,5117
48165,4591,A05,0,A00,A0,A0,E0,0,0,2023,4,,,,,,1954
48167,4591,A05,0,A00,A0,A0,E0,0,0,2023,4,565,593,148,120,28,2006
48171,4591,A05,0,A00,A0,A0,E0,0,0,2023,4,,,,,,825
48177,4591,A05,0,A00,A0,A0,E0,0,0,2023,4,,,,,,1341
48179,4591,A05,0,A00,A0,A0,E0,0,0,2023,4,14,15,5,3,2,1866
48181,4591,A05,0,A00,A0,A0,E0,0,0,2023,4,185,204,74,56,18,2436
48183,4591,A05,0,A00,A0,A0,E0,0,0,2023,4,320,339,93,74,19,2643
48185,4591,A05,0,A00,A0,A0,E0,0,0,2023,4,,,0,0,,4894
48187,4591,A05,0,A00,A0,A0,E0,0,0,2023,4,48,49,16,15,1,1240
48189,4591,A05,0,A00,A0,A0,E0,0,0,2023,4,,,,,,955
48197,4591,A05,0,A00,A0,A0,E0,0,0,2023,4,,,0,0,,2250
48199,4591,A05,0,A00,A0,A0,E0,0,0,2023,4,9,10,3,3,1,2317
48201,4591,A05,0,A00,A0,A0,E0,0,0,2023,4,7573,7974,1992,1591,401,2906
48203,4591,A05,0,A00,A0,A0,E0,0,0,2023,4,23,23,8,8,0,2123
48209,4591,A05,0,A00,A0,A0,E0,0,0,2023,4,784,852,231,163,68,2477
48213,4591,A05,0,A00,A0,A0,E0,0,0,2023,4,34,37,8,5,3,1563
48215,4591,A05,0,A00,A0,A0,E0,0,0,2023,4,855,971,282,166,116,2087
48217,4591,A05,0,A00,A0,A0,E0,0,0,2023,4,,,,,,1607
48219,4591,A05,0,A00,A0,A0,E0,0,0,2023,4,16,17,3,,1,982
48221,4591,A05,0,A00,A0,A0,E0,0,0,2023,4,27,27,10,10,1,3616
48223,4591,A05,0,A00,A0,A0,E0,0,0,2023,4,21,24,8,5,3,1691
48225,4591,A05,0,A00,A0,A0,E0,0,0,2023,4,,,,,,1494
48227,4591,A05,0,A00,A0,A0,E0,0,0,2023,4,18,20,7,5,1,2025
48231,4591,A05,0,A00,A0,A0,E0,0,0,2023,4,92,92,27,26,1,3872
48233,4591,A05,0,A00,A0,A0,E0,0,0,2023,4,,,,,,1352
48237,4591,A05,0,A00,A0,A0,E0,0,0,2023,4,,,0,0,,817
48241,4591,A05,0,A00,A0,A0,E0,0,0,2023,4,,,,,,1640
48245,4591,A05,0,A00,A0,A0,E0,0,0,2023,4,308,313,76,70,6,2446
48249,4591,A05,0,A00,A0,A0,E0,0,0,2023,4,11,12,4,3,1,1269
48251,4591,A05,0,A00,A0,A0,E0,0,0,2023,4,165,180,61,46,15,2280
48253,4591,A05,0,A00,A0,A0,E0,0,0,2023,4,,,,0,,765
48255,4591,A05,0,A00,A0,A0,E0,0,0,2023,4,,,,,,1578
48257,4591,A05,0,A00,A0,A0,E0,0,0,2023,4,60,67,29,22,7,2215
48259,4591,A05,0,A00,A0,A0,E0,0,0,2023,4,90,93,16,14,3,3348
48265,4591,A05,0,A00,A0,A0,E0,0,0,2023,4,26,28,8,6,2,2245
48267,4591,A05,0,A00,A0,A0,E0,0,0,2023,4,,,0,0,,5179
48273,4591,A05,0,A00,A0,A0,E0,0,0,2023,4,11,13,4,,2,2195
48277,4591,A05,0,A00,A0,A0,E0,0,0,2023,4,31,34,10,7,3,2129
48285,4591,A05,0,A00,A0,A0,E0,0,0,2023,4,14,19,6,,5,4076
48289,4591,A05,0,A00,A0,A0,E0,0,0,2023,4,,,,,,1317
48291,4591,A05,0,A00,A0,A0,E0,0,0,2023,4,11,11,3,3,0,1584
48293,4591,A05,0,A00,A0,A0,E0,0,0,2023,4,,,,,,1639
48299,4591,A05,0,A00,A0,A0,E0,0,0,2023,4,,,0,0,,620
48303,4591,A05,0,A00,A0,A0,E0,0,0,2023,4,662,717,190,135,55,2227
48307,4591,A05,0,A00,A0,A0,E0,0,0,2023,4,,,0,,,1594
48309,4591,A05,0,A00,A0,A0,E0,0,0,2023,4,428,461,131,97,34,2123
48317,4591,A05,0,A00,A0,A0,E0,0,0,2023,4,,,,,,3898
48319,4591,A05,0,A00,A0,A0,E0,0,0,2023,4,,,0,0,,2344
48321,4591,A05,0,A00,A0,A0,E0,0,0,2023,4,,,,,,1309
48323,4591,A05,0,A00,A0,A0,E0,0,0,2023,4,57,53,14,17,-3,1493
48325,4591,A05,0,A00,A0,A0,E0,0,0,2023,4,,,0,,,1569
48329,4591,A05,0,A00,A0,A0,E0,0,0,2023,4,242,259,81,64,17,2622
48331,4591,A05,0,A00,A0,A0,E0,0,0,2023,4,,,,,,988
48337,4591,A05,0,A00,A0,A0,E0,0,0,2023,4,,,0,,,2436
48339,4591,A05,0,A00,A0,A0,E0,0,0,2023,4,846,889,214,171,43,2811
48341,4591,A05,0,A00,A0,A0,E0,0,0,2023,4,,,,,,1444
48347,4591,A05,0,A00,A0,A0,E0,0,0,2023,4,85,87,25,23,2,4014
48349,4591,A05,0,A00,A0,A0,E0,0,0,2023,4,19,20,6,5,1,1616
48353,4591,A05,0,A00,A0,A0,E0,0,0,2023,4,,,0,0,,2625
48355,4591,A05,0,A00,A0,A0,E0,0,0,2023,4,623,659,164,128,37,2743
48361,4591,A05,0,A00,A0,A0,E0,0,0,2023,4,44,41,5,8,-3,1411
48363,4591,A05,0,A00,A0,A0,E0,0,0,2023,4,,,,,,1628
48365,4591,A05,0,A00,A0,A0,E0,0,0,2023,4,28,30,7,6,1,2663
48367,4591,A05,0,A00,A0,A0,E0,0,0,2023,4,229,256,68,42,26,2916
48369,4591,A05,0,A00,A0,A0,E0,0,0,2023,4,,,0,0,,2127
48371,4591,A05,0,A00,A0,A0,E0,0,0,2023,4,,,,,,1130
48373,4591,A05,0,A00,A0,A0,E0,0,0,2023,4,27,29,10,8,2,1969
48375,4591,A05,0,A00,A0,A0,E0,0,0,2023,4,104,116,42,30,12,2451
48381,4591,A05,0,A00,A0,A0,E0,0,0,2023,4,312,311,70,70,0,2399
48397,4591,A05,0,A00,A0,A0,E0,0,0,2023,4,288,306,99,81,18,2668
48401,4591,A05,0,A00,A0,A0,E0,0,0,2023,4,14,14,4,5,0,1476
48409,4591,A05,0,A00,A0,A0,E0,0,0,2023,4,50,57,18,11,6,2366
48415,4591,A05,0,A00,A0,A0,E0,0,0,2023,4,,,,,,1374
48419,4591,A05,0,A00,A0,A0,E0,0,0,2023,4,,,,,,1351
48423,4591,A05,0,A00,A0,A0,E0,0,0,2023,4,384,415,115,85,31,2394
48427,4591,A05,0,A00,A0,A0,E0,0,0,2023,4,,,,,,3258
48435,4591,A05,0,A00,A0,A0,E0,0,0,2023,4,,,0,0,,2801
48439,4591,A05,0,A00,A0,A0,E0,0,0,2023,4,4694,5005,1351,1041,310,2965
48441,4591,A05,0,A00,A0,A0,E0,0,0,2023,4,202,196,57,64,-6,2307
48445,4591,A05,0,A00,A0,A0,E0,0,0,2023,4,,,0,0,,4047
48449,4591,A05,0,A00,A0,A0,E0,0,0,2023,4,34,32,8,10,-2,3151
48451,4591,A05,0,A00,A0,A0,E0,0,0,2023,4,173,185,48,37,12,2485
48453,4591,A05,0,A00,A0,A0,E0,0,0,2023,4,2669,2772,681,579,102,3992
48457,4591,A05,0,A00,A0,A0,E0,0,0,2023,4,,,,,,2298
48459,4591,A05,0,A00,A0,A0,E0,0,0,2023,4,0,,,0,,
48463,4591,A05,0,A00,A0,A0,E0,0,0,2023,4,27,27,5,5,1,2805
48465,4591,A05,0,A00,A0,A0,E0,0,0,2023,4,15,9,3,9,-6,1313
48467,4591,A05,0,A00,A0,A0,E0,0,0,2023,4,29,29,3,4,0,3506
48469,4591,A05,0,A00,A0,A0,E0,0,0,2023,4,159,167,46,38,8,2254
48471,4591,A05,0,A00,A0,A0,E0,0,0,2023,4,94,97,25,21,4,3705
48473,4591,A05,0,A00,A0,A0,E0,0,0,2023,4,10,10,0,0,0,3690
48477,4591,A05,0,A00,A0,A0,E0,0,0,2023,4,41,45,21,16,4,1436
48479,4591,A05,0,A00,A0,A0,E0,0,0,2023,4,242,260,49,30,19,1878
48481,4591,A05,0,A00,A0,A0,E0,0,0,2023,4,34,33,6,6,0,2542
48485,4591,A05,0,A00,A0,A0,E0,0,0,2023,4,161,173,58,46,12,2331
48487,4591,A05,0,A00,A0,A0,E0,0,0,2023,4,,,0,0,,1419
48491,4591,A05,0,A00,A0,A0,E0,0,0,2023,4,1146,1223,351,274,77,2331
48493,4591,A05,0,A00,A0,A0,E0,0,0,2023,4,,,,,,1330
48495,4591,A05,0,A00,A0,A0,E0,0,0,2023,4,,,0,0,,646
48497,4591,A05,0,A00,A0,A0,E0,0,0,2023,4,17,18,8,7,1,1397
48499,4591,A05,0,A00,A0,A0,E0,0,0,2023,4,73,75,10,8,2,3327
48501,4591,A05,0,A00,A0,A0,E0,0,0,2023,4,,,0,,,955
48503,4591,A05,0,A00,A0,A0,E0,0,0,2023,4,,,,,,1959
48,4591,A05,0,A00,A0,A0,E0,0,0,2023,4,41570,44205,11878,9243,2635,2834
48001,4591,A05,0,A00,A0,A0,E0,0,0,2024,1,29,31,13,11,2,1542
48003,4591,A05,0,A00,A0,A0,E0,0,0,2024,1,,,,,,1836
48005,4591,A05,0,A00,A0,A0,E0,0,0,2024,1,73,70,13,16,-2,3138
48007,4591,A05,0,A00,A0,A0,E0,0,0,2024,1,21,21,,,0,4598
48013,4591,A05,0,A00,A0,A0,E0,0,0,2024,1,20,18,,3,-2,2470
48015,4591,A05,0,A00,A0,A0,E0,0,0,2024,1,,,0,0,,2980
48019,4591,A05,0,A00,A0,A0,E0,0,0,2024,1,,,0,,,1841
48021,4591,A05,0,A00,A0,A0,E0,0,0,2024,1,51,53,13,10,2,2665
48025,4591,A05,0,A00,A0,A0,E0,0,0,2024,1,,,,,,1953
48027,4591,A05,0,A00,A0,A0,E0,0,0,2024,1,360,328,46,79,-33,2212
48029,4591,A05,0,A00,A0,A0,E0,0,0,2024,1,2925,2728,406,603,-197,2269
48031,4591,A05,0,A00,A0,A0,E0,0,0,2024,1,,,,,,1954
48037,4591,A05,0,A00,A0,A0,E0,0,0,2024,1,167,157,38,47,-9,2992
48039,4591,A05,0,A00,A0,A0,E0,0,0,2024,1,348,318,36,67,-30,2469
48041,4591,A05,0,A00,A0,A0,E0,0,0,2024,1,356,343,52,66,-13,2455
48049,4591,A05,0,A00,A0,A0,E0,0,0,2024,1,18,19,4,3,1,1871
48053,4591,A05,0,A00,A0,A0,E0,0,0,2024,1,22,23,4,3,1,2239
48055,4591,A05,0,A00,A0,A0,E0,0,0,2024,1,10,9,,,-1,1271
48057,4591,A05,0,A00,A0,A0,E0,0,0,2024,1,,,,,,1386
48059,4591,A05,0,A00,A0,A0,E0,0,0,2024,1,,,,0,,2785
48061,4591,A05,0,A00,A0,A0,E0,0,0,2024,1,590,525,43,108,-65,1780
48065,4591,A05,0,A00,A0,A0,E0,0,0,2024,1,,,0,0,,4764
48071,4591,A05,0,A00,A0,A0,E0,0,0,2024,1,,,0,0,,273
48073,4591,A05,0,A00,A0,A0,E0,0,0,2024,1,,,,,,1056
48075,4591,A05,0,A00,A0,A0,E0,0,0,2024,1,,,0,0,,2477
48081,4591,A05,0,A00,A0,A0,E0,0,0,2024,1,,,0,0,,860
48083,4591,A05,0,A00,A0,A0,E0,0,0,2024,1,,,0,0,,3457
48085,4591,A05,0,A00,A0,A0,E0,0,0,2024,1,3242,2993,408,658,-249,3012
48089,4591,A05,0,A00,A0,A0,E0,0,0,2024,1,,,0,0,,1924
48091,4591,A05,0,A00,A0,A0,E0,0,0,2024,1,346,318,41,69,-28,2287
48097,4591,A05,0,A00,A0,A0,E0,0,0,2024,1,,,,,,1520
48099,4591,A05,0,A00,A0,A0,E0,0,0,2024,1,21,19,5,7,-2,1389
48101,4591,A05,0,A00,A0,A0,E0,0,0,2024,1,,,,,,13302
48113,4591,A05,0,A00,A0,A0,E0,0,0,2024,1,4060,3847,562,775,-213,3299
48117,4591,A05,0,A00,A0,A0,E0,0,0,2024,1,,,,,,1475
48121,4591,A05,0,A00,A0,A0,E0,0,0,2024,1,1339,1265,173,248,-75,2855
48133,4591,A05,0,A00,A0,A0,E0,0,0,2024,1,,,,0,,449
48135,4591,A05,0,A00,A0,A0,E0,0,0,2024,1,196,187,38,47,-9,2361
48139,4591,A05,0,A00,A0,A0,E0,0,0,2024,1,131,118,21,34,-13,2279
48141,4591,A05,0,A00,A0,A0,E0,0,0,2024,1,1158,1062,164,260,-96,2047
48143,4591,A05,0,A00,A0,A0,E0,0,0,2024,1,32,29,,5,-3,2069
48145,4591,A05,0,A00,A0,A0,E0,0,0,2024,1,,,0,0,,718
48149,4591,A05,0,A00,A0,A0,E0,0,0,2024,1,0,,,0,,
48157,4591,A05,0,A00,A0,A0,E0,0,0,2024,1,1079,1004,93,168,-75,3405
48159,4591,A05,0,A00,A0,A0,E0,0,0,2024,1,,,,,,527
48161,4591,A05,0,A00,A0,A0,E0,0,0,2024,1,,0,0,,,552
48163,4591,A05,0,A00,A0,A0,E0,0,0,2024,1,,,,,,3705
48165,4591,A05,0,A00,A0,A0,E0,0,0,2024,1,15,19,7,4,4,1958
48167,4591,A05,0,A00,A0,A0,E0,0,0,2024,1,596,530,57,124,-66,1838
48171,4591,A05,0,A00,A0,A0,E0,0,0,2024,1,,,,,,820
48177,4591,A05,0,A00,A0,A0,E0,0,0,2024,1,,,,,,1476
48179,4591,A05,0,A00,A0,A0,E0,0,0,2024,1,15,14,4,5,-1,4919
48181,4591,A05,0,A00,A0,A0,E0,0,0,2024,1,224,206,37,54,-17,2320
48183,4591,A05,0,A00,A0,A0,E0,0,0,2024,1,338,304,51,86,-34,2210
48185,4591,A05,0,A00,A0,A0,E0,0,0,2024,1,,,,,,3797
48187,4591,A05,0,A00,A0,A0,E0,0,0,2024,1,49,44,13,18,-5,1165
48189,4591,A05,0,A00,A0,A0,E0,0,0,2024,1,,,,,,1130
48197,4591,A05,0,A00,A0,A0,E0,0,0,2024,1,,,0,0,,1125
48199,4591,A05,0,A00,A0,A0,E0,0,0,2024,1,10,9,,,-1,2148
48201,4591,A05,0,A00,A0,A0,E0,0,0,2024,1,7912,7362,928,1479,-551,2762
48203,4591,A05,0,A00,A0,A0,E0,0,0,2024,1,24,22,4,6,-2,2053
48209,4591,A05,0,A00,A0,A0,E0,0,0,2024,1,852,800,84,136,-52,2129
48213,4591,A05,0,A00,A0,A0,E0,0,0,2024,1,37,37,7,8,-1,1754
48215,4591,A05,0,A00,A0,A0,E0,0,0,2024,1,971,901,93,163,-70,2001
48217,4591,A05,0,A00,A0,A0,E0,0,0,2024,1,,,,,,1820
48219,4591,A05,0,A00,A0,A0,E0,0,0,2024,1,17,18,4,,1,979
48221,4591,A05,0,A00,A0,A0,E0,0,0,2024,1,27,22,,7,-5,3395
48223,4591,A05,0,A00,A0,A0,E0,0,0,2024,1,24,24,5,5,0,1740
48225,4591,A05,0,A00,A0,A0,E0,0,0,2024,1,,,,,,1657
48227,4591,A05,0,A00,A0,A0,E0,0,0,2024,1,20,18,5,6,-1,2088
48231,4591,A05,0,A00,A0,A0,E0,0,0,2024,1,92,85,22,30,-8,4219
48233,4591,A05,0,A00,A0,A0,E0,0,0,2024,1,,,,,,1645
48237,4591,A05,0,A00,A0,A0,E0,0,0,2024,1,,,0,0,,1045
48241,4591,A05,0,A00,A0,A0,E0,0,0,2024,1,,,,,,1986
48245,4591,A05,0,A00,A0,A0,E0,0,0,2024,1,313,303,47,57,-10,2485
48249,4591,A05,0,A00,A0,A0,E0,0,0,2024,1,12,11,3,4,-2,1548
48251,4591,A05,0,A00,A0,A0,E0,0,0,2024,1,180,166,18,32,-14,1930
48253,4591,A05,0,A00,A0,A0,E0,0,0,2024,1,,,0,,,489
48255,4591,A05,0,A00,A0,A0,E0,0,0,2024,1,,,,,,1709
48257,4591,A05,0,A00,A0,A0,E0,0,0,2024,1,67,64,17,20,-3,2139
48259,4591,A05,0,A00,A0,A0,E0,0,0,2024,1,100,103,18,15,3,3050
48265,4591,A05,0,A00,A0,A0,E0,0,0,2024,1,28,26,4,7,-2,2426
48267,4591,A05,0,A00,A0,A0,E0,0,0,2024,1,,,0,0,,3237
48273,4591,A05,0,A00,A0,A0,E0,0,0,2024,1,17,15,,4,-2,2489
48277,4591,A05,0,A00,A0,A0,E0,0,0,2024,1,34,32,9,11,-2,2101
48285,4591,A05,0,A00,A0,A0,E0,0,0,2024,1,19,19,,,0,4159
48289,4591,A05,0,A00,A0,A0,E0,0,0,2024,1,,,0,0,,2218
48291,4591,A05,0,A00,A0,A0,E0,0,0,2024,1,11,10,3,4,-1,1937
48293,4591,A05,0,A00,A0,A0,E0,0,0,2024,1,,,,,,1969
48299,4591,A05,0,A00,A0,A0,E0,0,0,2024,1,,,0,0,,583
48303,4591,A05,0,A00,A0,A0,E0,0,0,2024,1,712,661,69,120,-51,1961
48307,4591,A05,0,A00,A0,A0,E0,0,0,2024,1,,,0,0,,1493
48309,4591,A05,0,A00,A0,A0,E0,0,0,2024,1,462,418,62,105,-43,2032
48317,4591,A05,0,A00,A0,A0,E0,0,0,2024,1,5,6,,,0,4224
48319,4591,A05,0,A00,A0,A0,E0,0,0,2024,1,,0,0,,,2335
48321,4591,A05,0,A00,A0,A0,E0,0,0,2024,1,,,,,,1496
48323,4591,A05,0,A00,A0,A0,E0,0,0,2024,1,53,47,9,14,-6,1790
48325,4591,A05,0,A00,A0,A0,E0,0,0,2024,1,8,7,0,,-1,2778
48329,4591,A05,0,A00,A0,A0,E0,0,0,2024,1,267,234,36,70,-33,2446
48331,4591,A05,0,A00,A0,A0,E0,0,0,2024,1,,,,,,867
48337,4591,A05,0,A00,A0,A0,E0,0,0,2024,1,,,,0,,2423
48339,4591,A05,0,A00,A0,A0,E0,0,0,2024,1,885,827,91,149,-58,2628
48341,4591,A05,0,A00,A0,A0,E0,0,0,2024,1,,,,,,1686
48347,4591,A05,0,A00,A0,A0,E0,0,0,2024,1,87,81,5,10,-6,3386
48349,4591,A05,0,A00,A0,A0,E0,0,0,2024,1,20,21,5,4,1,1803
48353,4591,A05,0,A00,A0,A0,E0,0,0,2024,1,,,0,0,,2682
48355,4591,A05,0,A00,A0,A0,E0,0,0,2024,1,651,588,57,120,-63,2466
48361,4591,A05,0,A00,A0,A0,E0,0,0,2024,1,41,36,5,10,-5,1533
48363,4591,A05,0,A00,A0,A0,E0,0,0,2024,1,,,,,,1841
48365,4591,A05,0,A00,A0,A0,E0,0,0,2024,1,30,26,,6,-4,2362
48367,4591,A05,0,A00,A0,A0,E0,0,0,2024,1,256,250,28,34,-6,2437
48369,4591,A05,0,A00,A0,A0,E0,0,0,2024,1,,,0,0,,2028
48371,4591,A05,0,A00,A0,A0,E0,0,0,2024,1,,,,,,1415
48373,4591,A05,0,A00,A0,A0,E0,0,0,2024,1,29,24,5,10,-4,1756
48375,4591,A05,0,A00,A0,A0,E0,0,0,2024,1,116,94,22,43,-22,2055
48381,4591,A05,0,A00,A0,A0,E0,0,0,2024,1,312,291,32,53,-21,2166
48397,4591,A05,0,A00,A0,A0,E0,0,0,2024,1,307,275,47,79,-32,2428
48401,4591,A05,0,A00,A0,A0,E0,0,0,2024,1,14,18,9,5,5,1963
48409,4591,A05,0,A00,A0,A0,E0,0,0,2024,1,57,55,8,10,-2,2579
48415,4591,A05,0,A00,A0,A0,E0,0,0,2024,1,,,,,,1583
48419,4591,A05,0,A00,A0,A0,E0,0,0,2024,1,,,,,,1549
48423,4591,A05,0,A00,A0,A0,E0,0,0,2024,1,415,384,45,75,-31,2215
48427,4591,A05,0,A00,A0,A0,E0,0,0,2024,1,,,,,,3455
48435,4591,A05,0,A00,A0,A0,E0,0,0,2024,1,,,0,0,,3122
48439,4591,A05,0,A00,A0,A0,E0,0,0,2024,1,5027,4610,604,1021,-417,2833
48441,4591,A05,0,A00,A0,A0,E0,0,0,2024,1,196,180,41,57,-16,2084
48445,4591,A05,0,A00,A0,A0,E0,0,0,2024,1,,,,0,,4672
48449,4591,A05,0,A00,A0,A0,E0,0,0,2024,1,32,32,7,7,0,3260
48451,4591,A05,0,A00,A0,A0,E0,0,0,2024,1,184,176,20,28,-8,2137
48453,4591,A05,0,A00,A0,A0,E0,0,0,2024,1,2776,2531,350,596,-245,3757
48457,4591,A05,0,A00,A0,A0,E0,0,0,2024,1,,,0,,,2361
48459,4591,A05,0,A00,A0,A0,E0,0,0,2024,1,,,0,0,,2549
48463,4591,A05,0,A00,A0,A0,E0,0,0,2024,1,26,26,4,3,1,2641
48465,4591,A05,0,A00,A0,A0,E0,0,0,2024,1,,,,,,2022
48467,4591,A05,0,A00,A0,A0,E0,0,0,2024,1,29,31,7,5,2,3414
48469,4591,A05,0,A00,A0,A0,E0,0,0,2024,1,167,153,10,24,-14,2133
48471,4591,A05,0,A00,A0,A0,E0,0,0,2024,1,97,92,13,19,-6,4085
48473,4591,A05,0,A00,A0,A0,E0,0,0,2024,1,10,10,0,0,0,3766
48477,4591,A05,0,A00,A0,A0,E0,0,0,2024,1,50,46,14,17,-3,1529
48479,4591,A05,0,A00,A0,A0,E0,0,0,2024,1,260,242,20,39,-19,1830
48481,4591,A05,0,A00,A0,A0,E0,0,0,2024,1,33,33,5,5,0,2485
48485,4591,A05,0,A00,A0,A0,E0,0,0,2024,1,173,151,16,39,-23,2211
48487,4591,A05,0,A00,A0,A0,E0,0,0,2024,1,,,0,0,,1459
48491,4591,A05,0,A00,A0,A0,E0,0,0,2024,1,1231,1126,185,290,-105,2220
48493,4591,A05,0,A00,A0,A0,E0,0,0,2024,1,15,17,6,3,2,3096
48495,4591,A05,0,A00,A0,A0,E0,0,0,2024,1,,,,,,687
48497,4591,A05,0,A00,A0,A0,E0,0,0,2024,1,18,15,,6,-3,1435
48499,4591,A05,0,A00,A0,A0,E0,0,0,2024,1,75,73,7,9,-2,3221
48501,4591,A05,0,A00,A0,A0,E0,0,0,2024,1,,,,,,619
48503,4591,A05,0,A00,A0,A0,E0,0,0,2024,1,,,,,,1533
48,4591,A05,0,A00,A0,A0,E0,0,0,2024,1,44206,41032,5598,8771,-3173,2700
48001,4591,A05,0,A00,A0,A0,E0,0,0,2024,2,31,35,12,8,4,1697
48003,4591,A05,0,A00,A0,A0,E0,0,0,2024,2,,,,,,2101
48005,4591,A05,0,A00,A0,A0,E0,0,0,2024,2,70,78,22,13,8,2981
48007,4591,A05,0,A00,A0,A0,E0,0,0,2024,2,21,25,5,,3,4017
48013,4591,A05,0,A00,A0,A0,E0,0,0,2024,2,18,16,,5,-2,2317
48015,4591,A05,0,A00,A0,A0,E0,0,0,2024,2,,,0,0,,2900
48019,4591,A05,0,A00,A0,A0,E0,0,0,2024,2,,,0,0,,1908
48021,4591,A05,0,A00,A0,A0,E0,0,0,2024,2,53,48,7,12,-5,2515
48025,4591,A05,0,A00,A0,A0,E0,0,0,2024,2,,,,,,2673
48027,4591,A05,0,A00,A0,A0,E0,0,0,2024,2,327,317,47,58,-11,2250
48029,4591,A05,0,A00,A0,A0,E0,0,0,2024,2,2726,2647,436,516,-79,2379
48031,4591,A05,0,A00,A0,A0,E0,0,0,2024,2,,,,,,2204
48037,4591,A05,0,A00,A0,A0,E0,0,0,2024,2,157,157,43,44,0,2184
48039,4591,A05,0,A00,A0,A0,E0,0,0,2024,2,317,302,44,59,-16,2483
48041,4591,A05,0,A00,A0,A0,E0,0,0,2024,2,342,322,59,79,-20,2430
48049,4591,A05,0,A00,A0,A0,E0,0,0,2024,2,19,17,6,8,-2,1631
48053,4591,A05,0,A00,A0,A0,E0,0,0,2024,2,23,21,6,8,-2,2185
48055,4591,A05,0,A00,A0,A0,E0,0,0,2024,2,9,9,,,0,798
48057,4591,A05,0,A00,A0,A0,E0,0,0,2024,2,,,,,,1345
48059,4591,A05,0,A00,A0,A0,E0,0,0,2024,2,,,,,,2215
48061,4591,A05,0,A00,A0,A0,E0,0,0,2024,2,525,514,57,67,-11,2000
48065,4591,A05,0,A00,A0,A0,E0,0,0,2024,2,,,0,0,,4486
48071,4591,A05,0,A00,A0,A0,E0,0,0,2024,2,,,,0,,291
48073,4591,A05,0,A00,A0,A0,E0,0,0,2024,2,7,6,3,4,-1,624
48075,4591,A05,0,A00,A0,A0,E0,0,0,2024,2,,,0,0,,2996
48081,4591,A05,0,A00,A0,A0,E0,0,0,2024,2,,,0,,,881
48083,4591,A05,0,A00,A0,A0,E0,0,0,2024,2,,,0,0,,3843
48085,4591,A05,0,A00,A0,A0,E0,0,0,2024,2,2993,3059,587,521,66,3013
48089,4591,A05,0,A00,A0,A0,E0,0,0,2024,2,,,,,,2540
48091,4591,A05,0,A00,A0,A0,E0,0,0,2024,2,318,328,78,68,11,2046
48097,4591,A05,0,A00,A0,A0,E0,0,0,2024,2,,,,,,1803
48099,4591,A05,0,A00,A0,A0,E0,0,0,2024,2,19,22,6,4,3,1575
48101,4591,A05,0,A00,A0,A0,E0,0,0,2024,2,,,0,0,,16961
48113,4591,A05,0,A00,A0,A0,E0,0,0,2024,2,3847,3817,659,689,-30,3508
48117,4591,A05,0,A00,A0,A0,E0,0,0,2024,2,,,,,,1204
48121,4591,A05,0,A00,A0,A0,E0,0,0,2024,2,1264,1272,236,228,8,2940
48123,4591,A05,0,A00,A0,A0,E0,0,0,2024,2,0,,,0,,
48133,4591,A05,0,A00,A0,A0,E0,0,0,2024,2,,,0,0,,499
48135,4591,A05,0,A00,A0,A0,E0,0,0,2024,2,187,189,54,52,2,2340
48139,4591,A05,0,A00,A0,A0,E0,0,0,2024,2,118,118,25,25,0,2241
48141,4591,A05,0,A00,A0,A0,E0,0,0,2024,2,1061,1036,177,203,-26,2135
48143,4591,A05,0,A00,A0,A0,E0,0,0,2024,2,29,25,6,10,-4,1784
48145,4591,A05,0,A00,A0,A0,E0,0,0,2024,2,,,0,0,,356
48149,4591,A05,0,A00,A0,A0,E0,0,0,2024,2,,,0,,,1135
48157,4591,A05,0,A00,A0,A0,E0,0,0,2024,2,1003,992,130,141,-11,3350
48159,4591,A05,0,A00,A0,A0,E0,0,0,2024,2,,,,,,180
48163,4591,A05,0,A00,A0,A0,E0,0,0,2024,2,,,,,,4261
48165,4591,A05,0,A00,A0,A0,E0,0,0,2024,2,19,20,11,10,1,1583
48167,4591,A05,0,A00,A0,A0,E0,0,0,2024,2,530,540,111,101,10,1941
48171,4591,A05,0,A00,A0,A0,E0,0,0,2024,2,,,,,,714
48177,4591,A05,0,A00,A0,A0,E0,0,0,2024,2,,,,,,1259
48179,4591,A05,0,A00,A0,A0,E0,0,0,2024,2,14,14,,,0,5256
48181,4591,A05,0,A00,A0,A0,E0,0,0,2024,2,206,196,28,38,-10,2376
48183,4591,A05,0,A00,A0,A0,E0,0,0,2024,2,304,306,61,59,2,2151
48185,4591,A05,0,A00,A0,A0,E0,0,0,2024,2,,,0,,,3835
48187,4591,A05,0,A00,A0,A0,E0,0,0,2024,2,44,41,7,10,-3,1154
48189,4591,A05,0,A00,A0,A0,E0,0,0,2024,2,,,,,,1104
48197,4591,A05,0,A00,A0,A0,E0,0,0,2024,2,,,0,0,,1594
48199,4591,A05,0,A00,A0,A0,E0,0,0,2024,2,9,7,,3,-2,1920
48201,4591,A05,0,A00,A0,A0,E0,0,0,2024,2,7361,7279,1118,1201,-82,2793
48203,4591,A05,0,A00,A0,A0,E0,0,0,2024,2,22,21,5,7,-1,2193
48209,4591,A05,0,A00,A0,A0,E0,0,0,2024,2,800,789,128,139,-11,2379
48213,4591,A05,0,A00,A0,A0,E0,0,0,2024,2,37,37,9,9,0,1589
48215,4591,A05,0,A00,A0,A0,E0,0,0,2024,2,900,877,116,140,-24,2101
48217,4591,A05,0,A00,A0,A0,E0,0,0,2024,2,,,0,0,,2573
48219,4591,A05,0,A00,A0,A0,E0,0,0,2024,2,18,12,4,11,-7,730
48221,4591,A05,0,A00,A0,A0,E0,0,0,2024,2,22,24,5,4,2,3790
48223,4591,A05,0,A00,A0,A0,E0,0,0,2024,2,24,22,6,7,-2,1570
48225,4591,A05,0,A00,A0,A0,E0,0,0,2024,2,,,,,,1346
48227,4591,A05,0,A00,A0,A0,E0,0,0,2024,2,18,17,4,5,-1,1876
48231,4591,A05,0,A00,A0,A0,E0,0,0,2024,2,85,87,19,17,2,4115
48233,4591,A05,0,A00,A0,A0,E0,0,0,2024,2,,,,,,1433
48237,4591,A05,0,A00,A0,A0,E0,0,0,2024,2,,,0,0,,907
48241,4591,A05,0,A00,A0,A0,E0,0,0,2024,2,,,,,,1731
48245,4591,A05,0,A00,A0,A0,E0,0,0,2024,2,303,310,63,56,7,2647
48249,4591,A05,0,A00,A0,A0,E0,0,0,2024,2,11,11,,,1,1323
48251,4591,A05,0,A00,A0,A0,E0,0,0,2024,2,166,164,29,31,-2,2151
48253,4591,A05,0,A00,A0,A0,E0,0,0,2024,2,,,0,0,,790
48255,4591,A05,0,A00,A0,A0,E0,0,0,2024,2,,,,,,1458
48257,4591,A05,0,A00,A0,A0,E0,0,0,2024,2,64,67,21,18,3,2235
48259,4591,A05,0,A00,A0,A0,E0,0,0,2024,2,104,104,13,14,-1,3212
48265,4591,A05,0,A00,A0,A0,E0,0,0,2024,2,26,23,5,7,-3,2359
48267,4591,A05,0,A00,A0,A0,E0,0,0,2024,2,,0,0,,,1295
48273,4591,A05,0,A00,A0,A0,E0,0,0,2024,2,15,16,4,3,1,2372
48277,4591,A05,0,A00,A0,A0,E0,0,0,2024,2,32,34,7,5,2,2199
48285,4591,A05,0,A00,A0,A0,E0,0,0,2024,2,19,19,3,,0,3710
48289,4591,A05,0,A00,A0,A0,E0,0,0,2024,2,,,0,0,,2166
48291,4591,A05,0,A00,A0,A0,E0,0,0,2024,2,10,9,,3,-1,1789
48293,4591,A05,0,A00,A0,A0,E0,0,0,2024,2,,,,,,1719
48299,4591,A05,0,A00,A0,A0,E0,0,0,2024,2,,,0,0,,592
48303,4591,A05,0,A00,A0,A0,E0,0,0,2024,2,661,656,137,142,-5,1949
48307,4591,A05,0,A00,A0,A0,E0,0,0,2024,2,,,0,,,1255
48309,4591,A05,0,A00,A0,A0,E0,0,0,2024,2,418,425,77,70,7,2101
48317,4591,A05,0,A00,A0,A0,E0,0,0,2024,2,6,5,,,0,2942
48321,4591,A05,0,A00,A0,A0,E0,0,0,2024,2,,,,,,1348
48323,4591,A05,0,A00,A0,A0,E0,0,0,2024,2,47,49,11,10,1,1523
48325,4591,A05,0,A00,A0,A0,E0,0,0,2024,2,7,8,,0,1,3144
48329,4591,A05,0,A00,A0,A0,E0,0,0,2024,2,234,238,58,54,4,2568
48331,4591,A05,0,A00,A0,A0,E0,0,0,2024,2,,,,,,871
48337,4591,A05,0,A00,A0,A0,E0,0,0,2024,2,,,0,0,,2954
48339,4591,A05,0,A00,A0,A0,E0,0,0,2024,2,827,803,99,123,-24,2771
48341,4591,A05,0,A00,A0,A0,E0,0,0,2024,2,,,,,,1422
48347,4591,A05,0,A00,A0,A0,E0,0,0,2024,2,81,80,6,7,-1,3394
48349,4591,A05,0,A00,A0,A0,E0,0,0,2024,2,21,27,10,5,5,1539
48353,4591,A05,0,A00,A0,A0,E0,0,0,2024,2,,,0,0,,2705
48355,4591,A05,0,A00,A0,A0,E0,0,0,2024,2,588,594,102,96,6,2630
48361,4591,A05,0,A00,A0,A0,E0,0,0,2024,2,36,32,8,12,-4,1577
48363,4591,A05,0,A00,A0,A0,E0,0,0,2024,2,,,,,,1929
48365,4591,A05,0,A00,A0,A0,E0,0,0,2024,2,26,26,6,5,1,2467
48367,4591,A05,0,A00,A0,A0,E0,0,0,2024,2,250,247,42,44,-2,2650
48369,4591,A05,0,A00,A0,A0,E0,0,0,2024,2,,,0,0,,2016
48371,4591,A05,0,A00,A0,A0,E0,0,0,2024,2,,,,,,1282
48373,4591,A05,0,A00,A0,A0,E0,0,0,2024,2,24,25,6,5,1,1961
48375,4591,A05,0,A00,A0,A0,E0,0,0,2024,2,94,99,24,19,5,2229
48381,4591,A05,0,A00,A0,A0,E0,0,0,2024,2,291,289,33,35,-2,2421
48397,4591,A05,0,A00,A0,A0,E0,0,0,2024,2,276,266,42,51,-10,2555
48401,4591,A05,0,A00,A0,A0,E0,0,0,2024,2,18,20,6,4,2,2051
48409,4591,A05,0,A00,A0,A0,E0,0,0,2024,2,55,56,10,9,1,2072
48415,4591,A05,0,A00,A0,A0,E0,0,0,2024,2,,,,,,1273
48419,4591,A05,0,A00,A0,A0,E0,0,0,2024,2,,,,,,1410
48423,4591,A05,0,A00,A0,A0,E0,0,0,2024,2,384,382,69,71,-2,2334
48427,4591,A05,0,A00,A0,A0,E0,0,0,2024,2,,,,,,3511
48435,4591,A05,0,A00,A0,A0,E0,0,0,2024,2,,,0,0,,2745
48439,4591,A05,0,A00,A0,A0,E0,0,0,2024,2,4609,4763,969,815,153,2982
48441,4591,A05,0,A00,A0,A0,E0,0,0,2024,2,180,176,39,42,-3,2233
48445,4591,A05,0,A00,A0,A0,E0,0,0,2024,2,,,0,0,,3570
48449,4591,A05,0,A00,A0,A0,E0,0,0,2024,2,32,33,8,6,1,3216
48451,4591,A05,0,A00,A0,A0,E0,0,0,2024,2,176,179,30,27,3,2253
48453,4591,A05,0,A00,A0,A0,E0,0,0,2024,2,2530,2489,379,420,-41,3871
48457,4591,A05,0,A00,A0,A0,E0,0,0,2024,2,,,0,0,,3478
48459,4591,A05,0,A00,A0,A0,E0,0,0,2024,2,,,0,0,,2336
48463,4591,A05,0,A00,A0,A0,E0,0,0,2024,2,26,28,8,6,2,2526
48465,4591,A05,0,A00,A0,A0,E0,0,0,2024,2,12,15,5,,3,1526
48467,4591,A05,0,A00,A0,A0,E0,0,0,2024,2,31,37,10,5,5,3822
48469,4591,A05,0,A00,A0,A0,E0,0,0,2024,2,153,141,17,29,-12,2135
48471,4591,A05,0,A00,A0,A0,E0,0,0,2024,2,92,99,18,10,8,3747
48473,4591,A05,0,A00,A0,A0,E0,0,0,2024,2,10,10,,,0,3952
48477,4591,A05,0,A00,A0,A0,E0,0,0,2024,2,46,45,12,13,-2,1474
48479,4591,A05,0,A00,A0,A0,E0,0,0,2024,2,241,243,33,31,1,1921
48481,4591,A05,0,A00,A0,A0,E0,0,0,2024,2,33,31,5,7,-2,2306
48485,4591,A05,0,A00,A0,A0,E0,0,0,2024,2,151,154,33,30,3,2344
48487,4591,A05,0,A00,A0,A0,E0,0,0,2024,2,,,0,0,,1463
48491,4591,A05,0,A00,A0,A0,E0,0,0,2024,2,1126,1095,177,208,-31,2282
48493,4591,A05,0,A00,A0,A0,E0,0,0,2024,2,17,14,,4,-3,2077
48495,4591,A05,0,A00,A0,A0,E0,0,0,2024,2,,,0,,,731
48497,4591,A05,0,A00,A0,A0,E0,0,0,2024,2,15,14,4,4,-1,1500
48499,4591,A05,0,A00,A0,A0,E0,0,0,2024,2,73,76,8,4,4,3113
48501,4591,A05,0,A00,A0,A0,E0,0,0,2024,2,,,,,,899
48503,4591,A05,0,A00,A0,A0,E0,0,0,2024,2,,,,,,1670
48,4591,A05,0,A00,A0,A0,E0,0,0,2024,2,41025,40836,7086,7275,-189,2782
48001,4591,A05,0,A00,A0,A0,E0,0,0,2024,3,35,31,11,15,-4,1628
48003,4591,A05,0,A00,A0,A0,E0,0,0,2024,3,,,,,,2625
48005,4591,A05,0,A00,A0,A0,E0,0,0,2024,3,78,83,24,20,4,2663
48007,4591,A05,0,A00,A0,A0,E0,0,0,2024,3,25,21,4,8,-4,4304
48013,4591,A05,0,A00,A0,A0,E0,0,0,2024,3,16,14,,4,-2,2864
48015,4591,A05,0,A00,A0,A0,E0,0,0,2024,3,,,0,0,,2980
48019,4591,A05,0,A00,A0,A0,E0,0,0,2024,3,,,0,,,2024
48021,4591,A05,0,A00,A0,A0,E0,0,0,2024,3,48,47,12,13,-1,2876
48025,4591,A05,0,A00,A0,A0,E0,0,0,2024,3,,,,,,2950
48027,4591,A05,0,A00,A0,A0,E0,0,0,2024,3,317,324,76,68,7,2436
48029,4591,A05,0,A00,A0,A0,E0,0,0,2024,3,2647,2660,621,608,13,2454
48031,4591,A05,0,A00,A0,A0,E0,0,0,2024,3,,,,,,1966
48037,4591,A05,0,A00,A0,A0,E0,0,0,2024,3,157,163,51,45,6,2262
48039,4591,A05,0,A00,A0,A0,E0,0,0,2024,3,302,307,63,58,5,2668
48041,4591,A05,0,A00,A0,A0,E0,0,0,2024,3,323,328,66,61,5,2697
48049,4591,A05,0,A00,A0,A0,E0,0,0,2024,3,17,16,5,6,-1,1711
48053,4591,A05,0,A00,A0,A0,E0,0,0,2024,3,21,19,4,6,-2,2608
48055,4591,A05,0,A00,A0,A0,E0,0,0,2024,3,9,9,0,0,0,1464
48057,4591,A05,0,A00,A0,A0,E0,0,0,2024,3,,,,,,1653
48059,4591,A05,0,A00,A0,A0,E0,0,0,2024,3,,,,,,2140
48061,4591,A05,0,A00,A0,A0,E0,0,0,2024,3,514,493,62,83,-21,2066
48065,4591,A05,0,A00,A0,A0,E0,0,0,2024,3,,,0,0,,5487
48071,4591,A05,0,A00,A0,A0,E0,0,0,2024,3,,,0,0,,538
48073,4591,A05,0,A00,A0,A0,E0,0,0,2024,3,6,4,,4,-2,506
48075,4591,A05,0,A00,A0,A0,E0,0,0,2024,3,,,,,,2764
48081,4591,A05,0,A00,A0,A0,E0,0,0,2024,3,,,0,0,,888
48083,4591,A05,0,A00,A0,A0,E0,0,0,2024,3,,,0,0,,3769
48085,4591,A05,0,A00,A0,A0,E0,0,0,2024,3,3059,3043,668,685,-17,2944
48089,4591,A05,0,A00,A0,A0,E0,0,0,2024,3,,,0,,,2473
48091,4591,A05,0,A00,A0,A0,E0,0,0,2024,3,325,319,74,80,-6,2198
48097,4591,A05,0,A00,A0,A0,E0,0,0,2024,3,,,,,,1756
48099,4591,A05,0,A00,A0,A0,E0,0,0,2024,3,22,24,4,,3,2369
48101,4591,A05,0,A00,A0,A0,E0,0,0,2024,3,,,0,,,17493
48113,4591,A05,0,A00,A0,A0,E0,0,0,2024,3,3812,3871,796,736,59,3326
48117,4591,A05,0,A00,A0,A0,E0,0,0,2024,3,,,,,,1812
48121,4591,A05,0,A00,A0,A0,E0,0,0,2024,3,1271,1263,294,302,-8,2901
48123,4591,A05,0,A00,A0,A0,E0,0,0,2024,3,,,0,0,,700
48133,4591,A05,0,A00,A0,A0,E0,0,0,2024,3,,,,0,,461
48135,4591,A05,0,A00,A0,A0,E0,0,0,2024,3,189,197,58,50,8,2504
48139,4591,A05,0,A00,A0,A0,E0,0,0,2024,3,118,117,29,30,-1,2392
48141,4591,A05,0,A00,A0,A0,E0,0,0,2024,3,1035,1066,255,225,31,2327
48143,4591,A05,0,A00,A0,A0,E0,0,0,2024,3,25,26,5,5,1,2238
48145,4591,A05,0,A00,A0,A0,E0,0,0,2024,3,,,0,0,,605
48149,4591,A05,0,A00,A0,A0,E0,0,0,2024,3,,0,0,,,113
48157,4591,A05,0,A00,A0,A0,E0,0,0,2024,3,992,1008,179,162,16,3462
48159,4591,A05,0,A00,A0,A0,E0,0,0,2024,3,,,,0,,499
48163,4591,A05,0,A00,A0,A0,E0,0,0,2024,3,,,,,,3911
48165,4591,A05,0,A00,A0,A0,E0,0,0,2024,3,20,20,5,5,1,1654
48167,4591,A05,0,A00,A0,A0,E0,0,0,2024,3,540,539,131,132,-1,2031
48171,4591,A05,0,A00,A0,A0,E0,0,0,2024,3,,,,,,761
48177,4591,A05,0,A00,A0,A0,E0,0,0,2024,3,,,,,,1600
48179,4591,A05,0,A00,A0,A0,E0,0,0,2024,3,14,14,4,4,0,5876
48181,4591,A05,0,A00,A0,A0,E0,0,0,2024,3,196,213,54,37,17,2575
48183,4591,A05,0,A00,A0,A0,E0,0,0,2024,3,306,306,86,85,1,2280
48185,4591,A05,0,A00,A0,A0,E0,0,0,2024,3,,,,0,,3612
48187,4591,A05,0,A00,A0,A0,E0,0,0,2024,3,45,42,10,12,-2,1194
48189,4591,A05,0,A00,A0,A0,E0,0,0,2024,3,,,,,,1287
48197,4591,A05,0,A00,A0,A0,E0,0,0,2024,3,,,0,0,,2063
48199,4591,A05,0,A00,A0,A0,E0,0,0,2024,3,7,8,,,1,2553
48201,4591,A05,0,A00,A0,A0,E0,0,0,2024,3,7278,7384,1512,1406,106,2862
48203,4591,A05,0,A00,A0,A0,E0,0,0,2024,3,21,22,8,7,1,3273
48209,4591,A05,0,A00,A0,A0,E0,0,0,2024,3,786,787,146,145,1,2320
48213,4591,A05,0,A00,A0,A0,E0,0,0,2024,3,37,35,8,10,-2,1646
48215,4591,A05,0,A00,A0,A0,E0,0,0,2024,3,876,882,202,197,5,2199
48217,4591,A05,0,A00,A0,A0,E0,0,0,2024,3,,,,,,2079
48219,4591,A05,0,A00,A0,A0,E0,0,0,2024,3,12,15,6,3,3,1201
48221,4591,A05,0,A00,A0,A0,E0,0,0,2024,3,24,28,7,4,4,3293
48223,4591,A05,0,A00,A0,A0,E0,0,0,2024,3,22,21,6,7,-1,1654
48225,4591,A05,0,A00,A0,A0,E0,0,0,2024,3,,,,,,1787
48227,4591,A05,0,A00,A0,A0,E0,0,0,2024,3,17,17,9,10,-1,2149
48231,4591,A05,0,A00,A0,A0,E0,0,0,2024,3,87,88,22,21,1,4238
48233,4591,A05,0,A00,A0,A0,E0,0,0,2024,3,,,,,,1867
48237,4591,A05,0,A00,A0,A0,E0,0,0,2024,3,,0,0,,,1159
48241,4591,A05,0,A00,A0,A0,E0,0,0,2024,3,,,,,,2607
48245,4591,A05,0,A00,A0,A0,E0,0,0,2024,3,310,312,67,65,2,2671
48249,4591,A05,0,A00,A0,A0,E0,0,0,2024,3,11,12,3,,0,1722
48251,4591,A05,0,A00,A0,A0,E0,0,0,2024,3,164,163,32,33,-1,2187
48253,4591,A05,0,A00,A0,A0,E0,0,0,2024,3,,,0,,,577
48255,4591,A05,0,A00,A0,A0,E0,0,0,2024,3,,,,,,1467
48257,4591,A05,0,A00,A0,A0,E0,0,0,2024,3,67,65,15,17,-2,2284
48259,4591,A05,0,A00,A0,A0,E0,0,0,2024,3,103,106,16,14,2,3372
48265,4591,A05,0,A00,A0,A0,E0,0,0,2024,3,23,23,8,8,0,2510
48273,4591,A05,0,A00,A0,A0,E0,0,0,2024,3,16,17,4,3,1,2460
48277,4591,A05,0,A00,A0,A0,E0,0,0,2024,3,34,34,9,8,0,2372
48285,4591,A05,0,A00,A0,A0,E0,0,0,2024,3,19,18,,,-1,4200
48289,4591,A05,0,A00,A0,A0,E0,0,0,2024,3,,,,,,1790
48291,4591,A05,0,A00,A0,A0,E0,0,0,2024,3,9,8,,4,-1,2485
48293,4591,A05,0,A00,A0,A0,E0,0,0,2024,3,,,,,,2016
48299,4591,A05,0,A00,A0,A0,E0,0,0,2024,3,,,,0,,550
48303,4591,A05,0,A00,A0,A0,E0,0,0,2024,3,657,644,143,156,-13,2176
48307,4591,A05,0,A00,A0,A0,E0,0,0,2024,3,,,0,0,,2378
48309,4591,A05,0,A00,A0,A0,E0,0,0,2024,3,425,437,95,83,12,2121
48317,4591,A05,0,A00,A0,A0,E0,0,0,2024,3,,,,0,,2808
48321,4591,A05,0,A00,A0,A0,E0,0,0,2024,3,,,,,,1762
48323,4591,A05,0,A00,A0,A0,E0,0,0,2024,3,49,47,9,11,-2,1736
48325,4591,A05,0,A00,A0,A0,E0,0,0,2024,3,8,5,0,3,-3,2548
48329,4591,A05,0,A00,A0,A0,E0,0,0,2024,3,238,237,62,62,-1,2530
48331,4591,A05,0,A00,A0,A0,E0,0,0,2024,3,,,,,,986
48337,4591,A05,0,A00,A0,A0,E0,0,0,2024,3,,,0,0,,2172
48339,4591,A05,0,A00,A0,A0,E0,0,0,2024,3,803,808,152,146,5,2879
48341,4591,A05,0,A00,A0,A0,E0,0,0,2024,3,,,,,,2047
48347,4591,A05,0,A00,A0,A0,E0,0,0,2024,3,80,84,17,13,4,3220
48349,4591,A05,0,A00,A0,A0,E0,0,0,2024,3,27,34,17,10,7,1657
48353,4591,A05,0,A00,A0,A0,E0,0,0,2024,3,,,0,0,,3049
48355,4591,A05,0,A00,A0,A0,E0,0,0,2024,3,594,579,92,107,-15,2708
48361,4591,A05,0,A00,A0,A0,E0,0,0,2024,3,32,31,5,6,-1,1982
48363,4591,A05,0,A00,A0,A0,E0,0,0,2024,3,,,,,,2064
48365,4591,A05,0,A00,A0,A0,E0,0,0,2024,3,26,25,6,8,-1,2534
48367,4591,A05,0,A00,A0,A0,E0,0,0,2024,3,247,244,43,46,-3,2939
48369,4591,A05,0,A00,A0,A0,E0,0,0,2024,3,,,0,0,,2189
48371,4591,A05,0,A00,A0,A0,E0,0,0,2024,3,,,,,,1489
48373,4591,A05,0,A00,A0,A0,E0,0,0,2024,3,25,27,9,6,2,1842
48375,4591,A05,0,A00,A0,A0,E0,0,0,2024,3,99,111,35,22,12,2243
48381,4591,A05,0,A00,A0,A0,E0,0,0,2024,3,289,300,77,66,11,2488
48397,4591,A05,0,A00,A0,A0,E0,0,0,2024,3,267,280,72,59,13,2729
48401,4591,A05,0,A00,A0,A0,E0,0,0,2024,3,20,20,7,7,0,1821
48409,4591,A05,0,A00,A0,A0,E0,0,0,2024,3,56,50,10,16,-5,2209
48415,4591,A05,0,A00,A0,A0,E0,0,0,2024,3,,,,,,1483
48419,4591,A05,0,A00,A0,A0,E0,0,0,2024,3,,,,,,1463
48423,4591,A05,0,A00,A0,A0,E0,0,0,2024,3,382,403,99,78,21,2417
48427,4591,A05,0,A00,A0,A0,E0,0,0,2024,3,,,,,,3346
48435,4591,A05,0,A00,A0,A0,E0,0,0,2024,3,,,0,0,,2914
48439,4591,A05,0,A00,A0,A0,E0,0,0,2024,3,4767,4814,983,936,47,2846
48441,4591,A05,0,A00,A0,A0,E0,0,0,2024,3,176,187,56,45,11,2398
48445,4591,A05,0,A00,A0,A0,E0,0,0,2024,3,,,0,,,4007
48449,4591,A05,0,A00,A0,A0,E0,0,0,2024,3,33,32,8,10,-2,3341
48451,4591,A05,0,A00,A0,A0,E0,0,0,2024,3,179,178,37,39,-1,2280
48453,4591,A05,0,A00,A0,A0,E0,0,0,2024,3,2485,2569,600,515,85,3921
48457,4591,A05,0,A00,A0,A0,E0,0,0,2024,3,,,0,,,3053
48459,4591,A05,0,A00,A0,A0,E0,0,0,2024,3,,,0,0,,637
48463,4591,A05,0,A00,A0,A0,E0,0,0,2024,3,28,27,6,7,-2,2531
48465,4591,A05,0,A00,A0,A0,E0,0,0,2024,3,15,18,5,,3,1795
48467,4591,A05,0,A00,A0,A0,E0,0,0,2024,3,37,38,9,8,1,3589
48469,4591,A05,0,A00,A0,A0,E0,0,0,2024,3,141,151,35,24,10,2456
48471,4591,A05,0,A00,A0,A0,E0,0,0,2024,3,99,87,16,28,-12,3817
48473,4591,A05,0,A00,A0,A0,E0,0,0,2024,3,10,10,,,0,3537
48477,4591,A05,0,A00,A0,A0,E0,0,0,2024,3,45,51,21,15,7,1801
48479,4591,A05,0,A00,A0,A0,E0,0,0,2024,3,243,233,29,39,-10,1989
48481,4591,A05,0,A00,A0,A0,E0,0,0,2024,3,31,28,5,8,-3,2657
48485,4591,A05,0,A00,A0,A0,E0,0,0,2024,3,154,156,36,34,2,2314
48487,4591,A05,0,A00,A0,A0,E0,0,0,2024,3,,,0,0,,1437
48491,4591,A05,0,A00,A0,A0,E0,0,0,2024,3,1095,1104,267,257,10,2430
48493,4591,A05,0,A00,A0,A0,E0,0,0,2024,3,14,14,5,5,0,2160
48495,4591,A05,0,A00,A0,A0,E0,0,0,2024,3,,,0,0,,1256
48497,4591,A05,0,A00,A0,A0,E0,0,0,2024,3,14,12,8,11,-2,1611
48499,4591,A05,0,A00,A0,A0,E0,0,0,2024,3,76,69,,8,-7,3397
48501,4591,A05,0,A00,A0,A0,E0,0,0,2024,3,,,,,,888
48503,4591,A05,0,A00,A0,A0,E0,0,0,2024,3,,,,,,2215
48,4591,A05,0,A00,A0,A0,E0,0,0,2024,3,40825,41226,8927,8526,401,2811
48001,4591,A05,0,A00,A0,A0,E0,0,0,2024,4,31,30,10,10,0,1672
48003,4591,A05,0,A00,A0,A0,E0,0,0,2024,4,,,,,,2219
48005,4591,A05,0,A00,A0,A0,E0,0,0,2024,4,83,89,27,21,6,2318
48007,4591,A05,0,A00,A0,A0,E0,0,0,2024,4,21,21,0,0,0,4461
48013,4591,A05,0,A00,A0,A0,E0,0,0,2024,4,14,16,5,3,2,2824
48015,4591,A05,0,A00,A0,A0,E0,0,0,2024,4,3,3,,,0,3009
48019,4591,A05,0,A00,A0,A0,E0,0,0,2024,4,,,0,0,,2233
48021,4591,A05,0,A00,A0,A0,E0,0,0,2024,4,47,47,9,9,0,2829
48025,4591,A05,0,A00,A0,A0,E0,0,0,2024,4,,,,,,3618
48027,4591,A05,0,A00,A0,A0,E0,0,0,2024,4,324,350,109,83,27,2511
48029,4591,A05,0,A00,A0,A0,E0,0,0,2024,4,2656,2850,687,493,194,2505
48031,4591,A05,0,A00,A0,A0,E0,0,0,2024,4,,,,,,3010
48037,4591,A05,0,A00,A0,A0,E0,0,0,2024,4,163,165,49,47,2,2253
48039,4591,A05,0,A00,A0,A0,E0,0,0,2024,4,307,342,90,55,36,2590
48041,4591,A05,0,A00,A0,A0,E0,0,0,2024,4,328,360,103,71,32,2790
48043,4591,A05,0,A00,A0,A0,E0,0,0,2024,4,0,,,0,,
48049,4591,A05,0,A00,A0,A0,E0,0,0,2024,4,16,17,3,,1,1858
48053,4591,A05,0,A00,A0,A0,E0,0,0,2024,4,19,19,4,4,0,3091
48055,4591,A05,0,A00,A0,A0,E0,0,0,2024,4,9,8,,,-1,1339
48057,4591,A05,0,A00,A0,A0,E0,0,0,2024,4,,,,,,1573
48059,4591,A05,0,A00,A0,A0,E0,0,0,2024,4,,,,,,2344
48061,4591,A05,0,A00,A0,A0,E0,0,0,2024,4,484,530,136,90,46,2069
48065,4591,A05,0,A00,A0,A0,E0,0,0,2024,4,,,0,0,,5713
48071,4591,A05,0,A00,A0,A0,E0,0,0,2024,4,,,0,,,613
48073,4591,A05,0,A00,A0,A0,E0,0,0,2024,4,,,0,0,,549
48075,4591,A05,0,A00,A0,A0,E0,0,0,2024,4,,,0,,,3270
48081,4591,A05,0,A00,A0,A0,E0,0,0,2024,4,,,,,,81
48083,4591,A05,0,A00,A0,A0,E0,0,0,2024,4,,0,0,,,2419
48085,4591,A05,0,A00,A0,A0,E0,0,0,2024,4,2973,3163,777,587,191,3129
48089,4591,A05,0,A00,A0,A0,E0,0,0,2024,4,,,0,,,2666
48091,4591,A05,0,A00,A0,A0,E0,0,0,2024,4,319,348,103,74,29,2271
48097,4591,A05,0,A00,A0,A0,E0,0,0,2024,4,,,,,,1649
48099,4591,A05,0,A00,A0,A0,E0,0,0,2024,4,24,19,,7,-6,2690
48101,4591,A05,0,A00,A0,A0,E0,0,0,2024,4,,,0,0,,19325
48113,4591,A05,0,A00,A0,A0,E0,0,0,2024,4,3843,3958,1049,933,116,3686
48117,4591,A05,0,A00,A0,A0,E0,0,0,2024,4,,,,,,1508
48121,4591,A05,0,A00,A0,A0,E0,0,0,2024,4,1257,1342,383,298,85,3159
48123,4591,A05,0,A00,A0,A0,E0,0,0,2024,4,,,0,0,,1167
48133,4591,A05,0,A00,A0,A0,E0,0,0,2024,4,,,,,,436
48135,4591,A05,0,A00,A0,A0,E0,0,0,2024,4,197,198,58,56,1,2387
48139,4591,A05,0,A00,A0,A0,E0,0,0,2024,4,117,126,31,22,9,2159
48141,4591,A05,0,A00,A0,A0,E0,0,0,2024,4,1066,1231,391,226,165,2284
48143,4591,A05,0,A00,A0,A0,E0,0,0,2024,4,23,23,6,6,0,2334
48145,4591,A05,0,A00,A0,A0,E0,0,0,2024,4,,,,0,,320
48157,4591,A05,0,A00,A0,A0,E0,0,0,2024,4,955,1018,233,170,63,3204
48159,4591,A05,0,A00,A0,A0,E0,0,0,2024,4,,0,0,,,353
48163,4591,A05,0,A00,A0,A0,E0,0,0,2024,4,,,,,,4019
48165,4591,A05,0,A00,A0,A0,E0,0,0,2024,4,21,24,5,3,2,1488
48167,4591,A05,0,A00,A0,A0,E0,0,0,2024,4,539,607,174,107,68,2015
48171,4591,A05,0,A00,A0,A0,E0,0,0,2024,4,,,,,,648
48177,4591,A05,0,A00,A0,A0,E0,0,0,2024,4,,,,,,1531
48179,4591,A05,0,A00,A0,A0,E0,0,0,2024,4,14,13,,,-1,5892
48181,4591,A05,0,A00,A0,A0,E0,0,0,2024,4,213,223,73,62,10,2632
48183,4591,A05,0,A00,A0,A0,E0,0,0,2024,4,306,335,109,80,29,2805
48185,4591,A05,0,A00,A0,A0,E0,0,0,2024,4,,,,,,4087
48187,4591,A05,0,A00,A0,A0,E0,0,0,2024,4,42,42,12,12,0,1182
48189,4591,A05,0,A00,A0,A0,E0,0,0,2024,4,,,,,,1274
48197,4591,A05,0,A00,A0,A0,E0,0,0,2024,4,,,0,0,,2625
48199,4591,A05,0,A00,A0,A0,E0,0,0,2024,4,8,7,,,-1,2293
48201,4591,A05,0,A00,A0,A0,E0,0,0,2024,4,7430,8119,2062,1374,688,3000
48203,4591,A05,0,A00,A0,A0,E0,0,0,2024,4,22,22,5,4,1,1930
48209,4591,A05,0,A00,A0,A0,E0,0,0,2024,4,784,828,182,138,44,2581
48213,4591,A05,0,A00,A0,A0,E0,0,0,2024,4,35,35,5,5,0,1652
48215,4591,A05,0,A00,A0,A0,E0,0,0,2024,4,891,965,242,168,74,2178
48217,4591,A05,0,A00,A0,A0,E0,0,0,2024,4,,,0,0,,2063
48219,4591,A05,0,A00,A0,A0,E0,0,0,2024,4,15,16,,,1,886
48221,4591,A05,0,A00,A0,A0,E0,0,0,2024,4,28,31,12,9,3,3610
48223,4591,A05,0,A00,A0,A0,E0,0,0,2024,4,21,22,8,7,1,1259
48225,4591,A05,0,A00,A0,A0,E0,0,0,2024,4,,,,,,1459
48227,4591,A05,0,A00,A0,A0,E0,0,0,2024,4,17,19,5,3,2,2084
48231,4591,A05,0,A00,A0,A0,E0,0,0,2024,4,105,106,22,21,2,4980
48233,4591,A05,0,A00,A0,A0,E0,0,0,2024,4,,,,,,1557
48241,4591,A05,0,A00,A0,A0,E0,0,0,2024,4,,,,,,1952
48245,4591,A05,0,A00,A0,A0,E0,0,0,2024,4,312,330,70,52,18,2529
48249,4591,A05,0,A00,A0,A0,E0,0,0,2024,4,12,12,3,3,0,1175
48251,4591,A05,0,A00,A0,A0,E0,0,0,2024,4,163,174,57,46,11,2383
48253,4591,A05,0,A00,A0,A0,E0,0,0,2024,4,,,0,,,1182
48255,4591,A05,0,A00,A0,A0,E0,0,0,2024,4,,,,,,1472
48257,4591,A05,0,A00,A0,A0,E0,0,0,2024,4,65,61,17,20,-4,2172
48259,4591,A05,0,A00,A0,A0,E0,0,0,2024,4,106,105,17,18,-1,3465
48265,4591,A05,0,A00,A0,A0,E0,0,0,2024,4,23,24,5,5,1,2501
48273,4591,A05,0,A00,A0,A0,E0,0,0,2024,4,11,17,8,3,5,1458
48277,4591,A05,0,A00,A0,A0,E0,0,0,2024,4,34,35,6,5,1,2182
48285,4591,A05,0,A00,A0,A0,E0,0,0,2024,4,18,19,,,1,3883
48289,4591,A05,0,A00,A0,A0,E0,0,0,2024,4,,,,,,896
48291,4591,A05,0,A00,A0,A0,E0,0,0,2024,4,8,7,,3,-1,1893
48293,4591,A05,0,A00,A0,A0,E0,0,0,2024,4,,,,,,1638
48299,4591,A05,0,A00,A0,A0,E0,0,0,2024,4,,,0,0,,1408
48303,4591,A05,0,A00,A0,A0,E0,0,0,2024,4,645,678,164,131,33,2339
48307,4591,A05,0,A00,A0,A0,E0,0,0,2024,4,,,0,0,,2807
48309,4591,A05,0,A00,A0,A0,E0,0,0,2024,4,437,468,122,91,31,2225
48317,4591,A05,0,A00,A0,A0,E0,0,0,2024,4,,,0,,,2701
48321,4591,A05,0,A00,A0,A0,E0,0,0,2024,4,,,,,,1422
48323,4591,A05,0,A00,A0,A0,E0,0,0,2024,4,47,51,11,7,3,1796
48325,4591,A05,0,A00,A0,A0,E0,0,0,2024,4,5,6,,0,1,3516
48329,4591,A05,0,A00,A0,A0,E0,0,0,2024,4,237,253,86,69,17,2645
48331,4591,A05,0,A00,A0,A0,E0,0,0,2024,4,,,,,,1353
48337,4591,A05,0,A00,A0,A0,E0,0,0,2024,4,,,0,0,,2407
48339,4591,A05,0,A00,A0,A0,E0,0,0,2024,4,810,915,243,138,105,2933
48341,4591,A05,0,A00,A0,A0,E0,0,0,2024,4,,,,,,1742
48347,4591,A05,0,A00,A0,A0,E0,0,0,2024,4,84,94,28,19,10,4303
48349,4591,A05,0,A00,A0,A0,E0,0,0,2024,4,34,40,16,10,7,1469
48353,4591,A05,0,A00,A0,A0,E0,0,0,2024,4,,,0,0,,2717
48355,4591,A05,0,A00,A0,A0,E0,0,0,2024,4,578,620,146,104,42,2956
48361,4591,A05,0,A00,A0,A0,E0,0,0,2024,4,31,32,6,6,0,1734
48363,4591,A05,0,A00,A0,A0,E0,0,0,2024,4,14,16,5,4,1,1480
48365,4591,A05,0,A00,A0,A0,E0,0,0,2024,4,25,28,5,,4,3334
48367,4591,A05,0,A00,A0,A0,E0,0,0,2024,4,244,251,38,31,7,3002
48369,4591,A05,0,A00,A0,A0,E0,0,0,2024,4,,,0,0,,2241
48371,4591,A05,0,A00,A0,A0,E0,0,0,2024,4,,,,,,1328
48373,4591,A05,0,A00,A0,A0,E0,0,0,2024,4,27,24,5,8,-3,1982
48375,4591,A05,0,A00,A0,A0,E0,0,0,2024,4,111,116,31,26,5,1964
48381,4591,A05,0,A00,A0,A0,E0,0,0,2024,4,300,335,87,52,35,2665
48397,4591,A05,0,A00,A0,A0,E0,0,0,2024,4,280,293,86,73,13,2976
48401,4591,A05,0,A00,A0,A0,E0,0,0,2024,4,20,19,3,5,-1,1879
48409,4591,A05,0,A00,A0,A0,E0,0,0,2024,4,50,55,15,11,4,2268
48415,4591,A05,0,A00,A0,A0,E0,0,0,2024,4,,,,,,1739
48419,4591,A05,0,A00,A0,A0,E0,0,0,2024,4,14,14,4,4,0,1238
48423,4591,A05,0,A00,A0,A0,E0,0,0,2024,4,403,443,127,87,40,2501
48425,4591,A05,0,A00,A0,A0,E0,0,0,2024,4,0,,,0,,
48427,4591,A05,0,A00,A0,A0,E0,0,0,2024,4,7,7,,,0,3667
48435,4591,A05,0,A00,A0,A0,E0,0,0,2024,4,,,0,0,,2809
48439,4591,A05,0,A00,A0,A0,E0,0,0,2024,4,4700,4940,1179,938,241,3299
48441,4591,A05,0,A00,A0,A0,E0,0,0,2024,4,187,194,57,50,7,2430
48445,4591,A05,0,A00,A0,A0,E0,0,0,2024,4,,,0,,,4453
48449,4591,A05,0,A00,A0,A0,E0,0,0,2024,4,32,31,7,8,-1,3358
48451,4591,A05,0,A00,A0,A0,E0,0,0,2024,4,178,187,46,37,9,2446
48453,4591,A05,0,A00,A0,A0,E0,0,0,2024,4,2568,2766,737,539,198,4163
48457,4591,A05,0,A00,A0,A0,E0,0,0,2024,4,,,,,,2489
48459,4591,A05,0,A00,A0,A0,E0,0,0,2024,4,,0,0,,,1911
48463,4591,A05,0,A00,A0,A0,E0,0,0,2024,4,27,26,4,5,-1,2634
48465,4591,A05,0,A00,A0,A0,E0,0,0,2024,4,18,18,5,6,0,1366
48467,4591,A05,0,A00,A0,A0,E0,0,0,2024,4,38,36,3,4,-2,4357
48469,4591,A05,0,A00,A0,A0,E0,0,0,2024,4,151,164,47,34,13,2390
48471,4591,A05,0,A00,A0,A0,E0,0,0,2024,4,87,95,16,9,8,3965
48473,4591,A05,0,A00,A0,A0,E0,0,0,2024,4,10,9,0,,-1,4300
48477,4591,A05,0,A00,A0,A0,E0,0,0,2024,4,51,58,19,12,7,1529
48479,4591,A05,0,A00,A0,A0,E0,0,0,2024,4,233,248,46,31,15,1951
48481,4591,A05,0,A00,A0,A0,E0,0,0,2024,4,28,34,11,5,6,2601
48485,4591,A05,0,A00,A0,A0,E0,0,0,2024,4,156,162,49,43,6,2519
48487,4591,A05,0,A00,A0,A0,E0,0,0,2024,4,,,,,,789
48491,4591,A05,0,A00,A0,A0,E0,0,0,2024,4,1103,1206,345,242,103,2498
48493,4591,A05,0,A00,A0,A0,E0,0,0,2024,4,,,,,,1870
48495,4591,A05,0,A00,A0,A0,E0,0,0,2024,4,,,0,0,,1032
48497,4591,A05,0,A00,A0,A0,E0,0,0,2024,4,12,13,7,5,2,4412
48499,4591,A05,0,A00,A0,A0,E0,0,0,2024,4,69,71,7,4,2,3381
48501,4591,A05,0,A00,A0,A0,E0,0,0,2024,4,,0,,,,475
48503,4591,A05,0,A00,A0,A0,E0,0,0,2024,4,,,,,,2446
48,4591,A05,0,A00,A0,A0,E0,0,0,2024,4,41007,43893,11264,8378,2886,2983
48001,4591,A05,0,A00,A0,A0,E0,0,0,2025,1,30,35,11,6,5,2046
48003,4591,A05,0,A00,A0,A0,E0,0,0,2025,1,,,,,,2227
48005,4591,A05,0,A00,A0,A0,E0,0,0,2025,1,89,84,11,16,-5,2446
48007,4591,A05,0,A00,A0,A0,E0,0,0,2025,1,21,22,,0,1,5119
48013,4591,A05,0,A00,A0,A0,E0,0,0,2025,1,16,15,,3,-1,2830
48015,4591,A05,0,A00,A0,A0,E0,0,0,2025,1,,,0,0,,2980
48019,4591,A05,0,A00,A0,A0,E0,0,0,2025,1,,,,,,2261
48021,4591,A05,0,A00,A0,A0,E0,0,0,2025,1,47,47,7,7,0,3055
48025,4591,A05,0,A00,A0,A0,E0,0,0,2025,1,,,,,,3126
48027,4591,A05,0,A00,A0,A0,E0,0,0,2025,1,350,318,36,68,-32,2266
48029,4591,A05,0,A00,A0,A0,E0,0,0,2025,1,2884,2695,306,494,-189,2364
48031,4591,A05,0,A00,A0,A0,E0,0,0,2025,1,,,,,,2095
48037,4591,A05,0,A00,A0,A0,E0,0,0,2025,1,161,153,31,40,-8,2215
48039,4591,A05,0,A00,A0,A0,E0,0,0,2025,1,342,334,42,50,-8,2617
48041,4591,A05,0,A00,A0,A0,E0,0,0,2025,1,360,348,44,55,-12,2602
48043,4591,A05,0,A00,A0,A0,E0,0,0,2025,1,,,0,0,,2383
48049,4591,A05,0,A00,A0,A0,E0,0,0,2025,1,17,15,,4,-2,1835
48053,4591,A05,0,A00,A0,A0,E0,0,0,2025,1,19,19,3,3,0,2765
48055,4591,A05,0,A00,A0,A0,E0,0,0,2025,1,8,8,,,0,1223
48057,4591,A05,0,A00,A0,A0,E0,0,0,2025,1,17,17,,,1,2035
48059,4591,A05,0,A00,A0,A0,E0,0,0,2025,1,,,0,,,1725
48061,4591,A05,0,A00,A0,A0,E0,0,0,2025,1,530,498,49,81,-32,1995
48065,4591,A05,0,A00,A0,A0,E0,0,0,2025,1,,,0,0,,5083
48071,4591,A05,0,A00,A0,A0,E0,0,0,2025,1,,,0,0,,877
48073,4591,A05,0,A00,A0,A0,E0,0,0,2025,1,,,,,,547
48075,4591,A05,0,A00,A0,A0,E0,0,0,2025,1,,,,0,,2977
48081,4591,A05,0,A00,A0,A0,E0,0,0,2025,1,,,0,0,,691
48085,4591,A05,0,A00,A0,A0,E0,0,0,2025,1,3163,3015,401,549,-148,2981
48089,4591,A05,0,A00,A0,A0,E0,0,0,2025,1,,,,0,,2908
48091,4591,A05,0,A00,A0,A0,E0,0,0,2025,1,348,368,78,59,19,2163
48097,4591,A05,0,A00,A0,A0,E0,0,0,2025,1,,,,,,1996
48099,4591,A05,0,A00,A0,A0,E0,0,0,2025,1,19,17,3,4,-1,2694
48101,4591,A05,0,A00,A0,A0,E0,0,0,2025,1,,,0,,,16391
48113,4591,A05,0,A00,A0,A0,E0,0,0,2025,1,3987,3837,492,642,-150,3410
48117,4591,A05,0,A00,A0,A0,E0,0,0,2025,1,,,,,,1774
48121,4591,A05,0,A00,A0,A0,E0,0,0,2025,1,1341,1324,216,234,-17,3219
48123,4591,A05,0,A00,A0,A0,E0,0,0,2025,1,,,,,,871
48133,4591,A05,0,A00,A0,A0,E0,0,0,2025,1,,,0,0,,359
48135,4591,A05,0,A00,A0,A0,E0,0,0,2025,1,198,181,50,67,-17,2440
48139,4591,A05,0,A00,A0,A0,E0,0,0,2025,1,126,123,19,22,-3,2286
48141,4591,A05,0,A00,A0,A0,E0,0,0,2025,1,1230,1178,163,214,-52,2125
48143,4591,A05,0,A00,A0,A0,E0,0,0,2025,1,23,21,,4,-2,2266
48145,4591,A05,0,A00,A0,A0,E0,0,0,2025,1,,,0,0,,1366
48157,4591,A05,0,A00,A0,A0,E0,0,0,2025,1,1029,971,94,151,-57,3264
48163,4591,A05,0,A00,A0,A0,E0,0,0,2025,1,,,,,,3632
48165,4591,A05,0,A00,A0,A0,E0,0,0,2025,1,24,23,5,6,-1,1577
48167,4591,A05,0,A00,A0,A0,E0,0,0,2025,1,603,572,59,91,-32,1883
48171,4591,A05,0,A00,A0,A0,E0,0,0,2025,1,,,,,,1220
48177,4591,A05,0,A00,A0,A0,E0,0,0,2025,1,,,,,,1835
48179,4591,A05,0,A00,A0,A0,E0,0,0,2025,1,13,13,,,0,5099
48181,4591,A05,0,A00,A0,A0,E0,0,0,2025,1,225,206,26,46,-19,2412
48183,4591,A05,0,A00,A0,A0,E0,0,0,2025,1,335,318,41,58,-17,2225
48185,4591,A05,0,A00,A0,A0,E0,0,0,2025,1,,,,,,4148
48187,4591,A05,0,A00,A0,A0,E0,0,0,2025,1,40,37,7,10,-3,1331
48189,4591,A05,0,A00,A0,A0,E0,0,0,2025,1,,,,,,1447
48197,4591,A05,0,A00,A0,A0,E0,0,0,2025,1,,,0,0,,2438
48199,4591,A05,0,A00,A0,A0,E0,0,0,2025,1,7,7,,,0,2252
48201,4591,A05,0,A00,A0,A0,E0,0,0,2025,1,8125,7690,800,1235,-435,2843
48203,4591,A05,0,A00,A0,A0,E0,0,0,2025,1,22,24,6,4,2,2027
48209,4591,A05,0,A00,A0,A0,E0,0,0,2025,1,828,739,55,144,-89,2234
48213,4591,A05,0,A00,A0,A0,E0,0,0,2025,1,36,35,6,7,-1,1573
48215,4591,A05,0,A00,A0,A0,E0,0,0,2025,1,965,887,79,157,-78,2106
48217,4591,A05,0,A00,A0,A0,E0,0,0,2025,1,,,0,0,,1980
48219,4591,A05,0,A00,A0,A0,E0,0,0,2025,1,16,16,,,0,1089
48221,4591,A05,0,A00,A0,A0,E0,0,0,2025,1,31,27,,5,-4,2763
48223,4591,A05,0,A00,A0,A0,E0,0,0,2025,1,22,21,4,5,-1,1550
48225,4591,A05,0,A00,A0,A0,E0,0,0,2025,1,,,,,,2004
48227,4591,A05,0,A00,A0,A0,E0,0,0,2025,1,19,17,4,6,-3,2126
48231,4591,A05,0,A00,A0,A0,E0,0,0,2025,1,94,92,16,17,-2,4404
48233,4591,A05,0,A00,A0,A0,E0,0,0,2025,1,,,,,,1891
48241,4591,A05,0,A00,A0,A0,E0,0,0,2025,1,,,,,,2252
48245,4591,A05,0,A00,A0,A0,E0,0,0,2025,1,330,326,51,55,-4,2265
48249,4591,A05,0,A00,A0,A0,E0,0,0,2025,1,12,12,3,,0,1452
48251,4591,A05,0,A00,A0,A0,E0,0,0,2025,1,174,158,21,38,-16,2041
48253,4591,A05,0,A00,A0,A0,E0,0,0,2025,1,,,0,0,,1653
48255,4591,A05,0,A00,A0,A0,E0,0,0,2025,1,10,16,7,,6,1915
48257,4591,A05,0,A00,A0,A0,E0,0,0,2025,1,61,58,11,14,-3,2249
48259,4591,A05,0,A00,A0,A0,E0,0,0,2025,1,102,105,17,14,3,3366
48265,4591,A05,0,A00,A0,A0,E0,0,0,2025,1,24,25,5,5,1,2617
48273,4591,A05,0,A00,A0,A0,E0,0,0,2025,1,17,17,3,,1,2198
48277,4591,A05,0,A00,A0,A0,E0,0,0,2025,1,35,33,4,5,-2,2367
48285,4591,A05,0,A00,A0,A0,E0,0,0,2025,1,19,20,,,1,4365
48289,4591,A05,0,A00,A0,A0,E0,0,0,2025,1,,,,0,,841
48291,4591,A05,0,A00,A0,A0,E0,0,0,2025,1,7,7,,,0,2066
48293,4591,A05,0,A00,A0,A0,E0,0,0,2025,1,,,,,,1965
48299,4591,A05,0,A00,A0,A0,E0,0,0,2025,1,,,0,0,,1318
48303,4591,A05,0,A00,A0,A0,E0,0,0,2025,1,680,635,67,112,-45,2167
48307,4591,A05,0,A00,A0,A0,E0,0,0,2025,1,,,0,0,,2867
48309,4591,A05,0,A00,A0,A0,E0,0,0,2025,1,469,455,57,70,-13,2050
48317,4591,A05,0,A00,A0,A0,E0,0,0,2025,1,,,,,,2965
48321,4591,A05,0,A00,A0,A0,E0,0,0,2025,1,,,,,,1843
48323,4591,A05,0,A00,A0,A0,E0,0,0,2025,1,59,54,5,9,-5,2231
48325,4591,A05,0,A00,A0,A0,E0,0,0,2025,1,6,5,,,-1,2800
48329,4591,A05,0,A00,A0,A0,E0,0,0,2025,1,253,243,42,53,-10,2523
48331,4591,A05,0,A00,A0,A0,E0,0,0,2025,1,,,0,,,1039
48337,4591,A05,0,A00,A0,A0,E0,0,0,2025,1,,,,,,2215
48339,4591,A05,0,A00,A0,A0,E0,0,0,2025,1,914,905,136,144,-8,2812
48341,4591,A05,0,A00,A0,A0,E0,0,0,2025,1,,,,,,2248
48347,4591,A05,0,A00,A0,A0,E0,0,0,2025,1,94,87,6,13,-7,3247
48349,4591,A05,0,A00,A0,A0,E0,0,0,2025,1,40,33,8,14,-7,1432
48353,4591,A05,0,A00,A0,A0,E0,0,0,2025,1,,,,0,,2648
48355,4591,A05,0,A00,A0,A0,E0,0,0,2025,1,620,608,71,83,-12,2561
48361,4591,A05,0,A00,A0,A0,E0,0,0,2025,1,32,33,6,5,1,1650
48363,4591,A05,0,A00,A0,A0,E0,0,0,2025,1,16,14,,3,-1,1833
48365,4591,A05,0,A00,A0,A0,E0,0,0,2025,1,28,28,,,0,2714
48367,4591,A05,0,A00,A0,A0,E0,0,0,2025,1,236,227,26,35,-9,2567
48369,4591,A05,0,A00,A0,A0,E0,0,0,2025,1,,,0,0,,2379
48371,4591,A05,0,A00,A0,A0,E0,0,0,2025,1,,,,,,1409
48373,4591,A05,0,A00,A0,A0,E0,0,0,2025,1,23,25,13,11,1,1605
48375,4591,A05,0,A00,A0,A0,E0,0,0,2025,1,116,100,15,31,-16,1860
48381,4591,A05,0,A00,A0,A0,E0,0,0,2025,1,335,309,30,55,-26,2320
48397,4591,A05,0,A00,A0,A0,E0,0,0,2025,1,294,281,34,47,-12,2575
48401,4591,A05,0,A00,A0,A0,E0,0,0,2025,1,19,18,,4,-1,1899
48409,4591,A05,0,A00,A0,A0,E0,0,0,2025,1,55,50,6,11,-5,2408
48415,4591,A05,0,A00,A0,A0,E0,0,0,2025,1,,,,,,2238
48419,4591,A05,0,A00,A0,A0,E0,0,0,2025,1,,,,,,1545
48423,4591,A05,0,A00,A0,A0,E0,0,0,2025,1,443,471,104,76,28,2314
48425,4591,A05,0,A00,A0,A0,E0,0,0,2025,1,,,0,0,,3794
48427,4591,A05,0,A00,A0,A0,E0,0,0,2025,1,,,,,,2079
48435,4591,A05,0,A00,A0,A0,E0,0,0,2025,1,,,0,,,2934
48439,4591,A05,0,A00,A0,A0,E0,0,0,2025,1,4935,4598,502,840,-337,2811
48441,4591,A05,0,A00,A0,A0,E0,0,0,2025,1,194,179,20,35,-15,2342
48445,4591,A05,0,A00,A0,A0,E0,0,0,2025,1,,,0,0,,5749
48449,4591,A05,0,A00,A0,A0,E0,0,0,2025,1,31,34,10,7,3,2927
48451,4591,A05,0,A00,A0,A0,E0,0,0,2025,1,187,176,13,24,-11,2272
48453,4591,A05,0,A00,A0,A0,E0,0,0,2025,1,2769,2482,308,595,-287,3858
48457,4591,A05,0,A00,A0,A0,E0,0,0,2025,1,,,0,0,,2626
48463,4591,A05,0,A00,A0,A0,E0,0,0,2025,1,111,109,16,18,-2,2487
48465,4591,A05,0,A00,A0,A0,E0,0,0,2025,1,18,15,4,6,-2,1761
48467,4591,A05,0,A00,A0,A0,E0,0,0,2025,1,36,37,4,3,1,3817
48469,4591,A05,0,A00,A0,A0,E0,0,0,2025,1,164,148,13,29,-16,2200
48471,4591,A05,0,A00,A0,A0,E0,0,0,2025,1,95,86,7,16,-9,4197
48473,4591,A05,0,A00,A0,A0,E0,0,0,2025,1,9,11,,0,2,4075
48477,4591,A05,0,A00,A0,A0,E0,0,0,2025,1,64,58,9,15,-6,1691
48479,4591,A05,0,A00,A0,A0,E0,0,0,2025,1,248,239,26,35,-9,1967
48481,4591,A05,0,A00,A0,A0,E0,0,0,2025,1,34,39,10,5,5,2386
48485,4591,A05,0,A00,A0,A0,E0,0,0,2025,1,162,152,15,26,-11,2364
48487,4591,A05,0,A00,A0,A0,E0,0,0,2025,1,,,0,0,,1154
48491,4591,A05,0,A00,A0,A0,E0,0,0,2025,1,1243,1144,158,257,-99,2394
48493,4591,A05,0,A00,A0,A0,E0,0,0,2025,1,,,,,,2192
48495,4591,A05,0,A00,A0,A0,E0,0,0,2025,1,,,0,0,,1036
48497,4591,A05,0,A00,A0,A0,E0,0,0,2025,1,13,12,4,6,-1,3744
48499,4591,A05,0,A00,A0,A0,E0,0,0,2025,1,71,64,6,14,-8,3314
48503,4591,A05,0,A00,A0,A0,E0,0,0,2025,1,,,,,,2121
48,4591,A05,0,A00,A0,A0,E0,0,0,2025,1,44070,41715,5135,7490,-2356,2774
48001,4591,A05,0,A00,A0,A0,E0,0,0,2025,2,35,33,4,5,-1,1818
48003,4591,A05,0,A00,A0,A0,E0,0,0,2025,2,,,,,,2069
48005,4591,A05,0,A00,A0,A0,E0,0,0,2025,2,84,85,17,16,1,3387
48007,4591,A05,0,A00,A0,A0,E0,0,0,2025,2,22,22,,,0,4473
48013,4591,A05,0,A00,A0,A0,E0,0,0,2025,2,15,11,,6,-4,2328
48015,4591,A05,0,A00,A0,A0,E0,0,0,2025,2,,,0,0,,3021
48019,4591,A05,0,A00,A0,A0,E0,0,0,2025,2,,,0,,,1781
48021,4591,A05,0,A00,A0,A0,E0,0,0,2025,2,47,45,10,12,-2,3121
48025,4591,A05,0,A00,A0,A0,E0,0,0,2025,2,,,0,,,2117
48027,4591,A05,0,A00,A0,A0,E0,0,0,2025,2,318,311,45,52,-7,2384
48029,4591,A05,0,A00,A0,A0,E0,0,0,2025,2,2686,2624,425,487,-62,2456
48031,4591,A05,0,A00,A0,A0,E0,0,0,2025,2,,,,,,2534
48037,4591,A05,0,A00,A0,A0,E0,0,0,2025,2,153,158,49,44,5,2635
48039,4591,A05,0,A00,A0,A0,E0,0,0,2025,2,334,325,53,62,-9,2731
48041,4591,A05,0,A00,A0,A0,E0,0,0,2025,2,348,329,63,82,-19,2748
48043,4591,A05,0,A00,A0,A0,E0,0,0,2025,2,,,0,0,,2383
48049,4591,A05,0,A00,A0,A0,E0,0,0,2025,2,15,15,,,0,2013
48053,4591,A05,0,A00,A0,A0,E0,0,0,2025,2,19,19,4,3,0,2816
48055,4591,A05,0,A00,A0,A0,E0,0,0,2025,2,,,,,,1581
48057,4591,A05,0,A00,A0,A0,E0,0,0,2025,2,17,17,3,3,0,2007
48059,4591,A05,0,A00,A0,A0,E0,0,0,2025,2,,,0,0,,2245
48061,4591,A05,0,A00,A0,A0,E0,0,0,2025,2,498,483,69,83,-15,2065
48065,4591,A05,0,A00,A0,A0,E0,0,0,2025,2,,,0,0,,2790
48071,4591,A05,0,A00,A0,A0,E0,0,0,2025,2,,,0,0,,821
48073,4591,A05,0,A00,A0,A0,E0,0,0,2025,2,5,7,,0,2,341
48075,4591,A05,0,A00,A0,A0,E0,0,0,2025,2,,,0,0,,2603
48081,4591,A05,0,A00,A0,A0,E0,0,0,2025,2,,0,0,,,314
48085,4591,A05,0,A00,A0,A0,E0,0,0,2025,2,3002,2882,471,591,-120,3069
48089,4591,A05,0,A00,A0,A0,E0,0,0,2025,2,,,,,,2681
48091,4591,A05,0,A00,A0,A0,E0,0,0,2025,2,367,391,99,75,24,2207
48097,4591,A05,0,A00,A0,A0,E0,0,0,2025,2,,,,,,1838
48099,4591,A05,0,A00,A0,A0,E0,0,0,2025,2,17,11,5,12,-6,3276
48101,4591,A05,0,A00,A0,A0,E0,0,0,2025,2,,,0,0,,6176
48113,4591,A05,0,A00,A0,A0,E0,0,0,2025,2,3816,3755,594,656,-62,3573
48117,4591,A05,0,A00,A0,A0,E0,0,0,2025,2,,,,,,1486
48121,4591,A05,0,A00,A0,A0,E0,0,0,2025,2,1324,1297,251,278,-26,3202
48123,4591,A05,0,A00,A0,A0,E0,0,0,2025,2,,,0,0,,1093
48133,4591,A05,0,A00,A0,A0,E0,0,0,2025,2,,,0,,,413
48135,4591,A05,0,A00,A0,A0,E0,0,0,2025,2,181,176,43,48,-5,2379
48139,4591,A05,0,A00,A0,A0,E0,0,0,2025,2,123,109,24,38,-14,2248
48141,4591,A05,0,A00,A0,A0,E0,0,0,2025,2,1178,1183,269,263,6,2287
48143,4591,A05,0,A00,A0,A0,E0,0,0,2025,2,21,22,4,3,1,1919
48145,4591,A05,0,A00,A0,A0,E0,0,0,2025,2,,,0,,,1269
48149,4591,A05,0,A00,A0,A0,E0,0,0,2025,2,0,,,0,,
48157,4591,A05,0,A00,A0,A0,E0,0,0,2025,2,984,990,171,165,6,3545
48161,4591,A05,0,A00,A0,A0,E0,0,0,2025,2,0,,,0,,
48163,4591,A05,0,A00,A0,A0,E0,0,0,2025,2,,,,,,4372
48165,4591,A05,0,A00,A0,A0,E0,0,0,2025,2,23,19,,6,-4,1538
48167,4591,A05,0,A00,A0,A0,E0,0,0,2025,2,571,549,94,117,-23,2186
48171,4591,A05,0,A00,A0,A0,E0,0,0,2025,2,,,,,,1381
48177,4591,A05,0,A00,A0,A0,E0,0,0,2025,2,,,,,,1255
48179,4591,A05,0,A00,A0,A0,E0,0,0,2025,2,13,11,,,-2,4762
48181,4591,A05,0,A00,A0,A0,E0,0,0,2025,2,206,205,46,47,-1,2523
48183,4591,A05,0,A00,A0,A0,E0,0,0,2025,2,318,310,56,63,-8,2324
48185,4591,A05,0,A00,A0,A0,E0,0,0,2025,2,,,0,,,4059
48187,4591,A05,0,A00,A0,A0,E0,0,0,2025,2,37,40,8,5,3,1475
48189,4591,A05,0,A00,A0,A0,E0,0,0,2025,2,,,,,,1233
48197,4591,A05,0,A00,A0,A0,E0,0,0,2025,2,,,0,0,,1125
48199,4591,A05,0,A00,A0,A0,E0,0,0,2025,2,8,7,,,-1,2587
48201,4591,A05,0,A00,A0,A0,E0,0,0,2025,2,7707,7461,1181,1427,-246,2988
48203,4591,A05,0,A00,A0,A0,E0,0,0,2025,2,24,23,5,6,-1,2275
48209,4591,A05,0,A00,A0,A0,E0,0,0,2025,2,739,727,80,93,-13,2561
48213,4591,A05,0,A00,A0,A0,E0,0,0,2025,2,35,34,4,6,-2,1529
48215,4591,A05,0,A00,A0,A0,E0,0,0,2025,2,887,874,151,164,-12,2219
48217,4591,A05,0,A00,A0,A0,E0,0,0,2025,2,,,,,,2629
48219,4591,A05,0,A00,A0,A0,E0,0,0,2025,2,16,16,5,5,0,925
48221,4591,A05,0,A00,A0,A0,E0,0,0,2025,2,27,26,4,6,-2,3424
48223,4591,A05,0,A00,A0,A0,E0,0,0,2025,2,21,26,14,9,5,1388
48225,4591,A05,0,A00,A0,A0,E0,0,0,2025,2,,,,,,1650
48227,4591,A05,0,A00,A0,A0,E0,0,0,2025,2,17,15,5,7,-1,2120
48231,4591,A05,0,A00,A0,A0,E0,0,0,2025,2,92,97,20,16,5,4210
48233,4591,A05,0,A00,A0,A0,E0,0,0,2025,2,,,,,,1591
48241,4591,A05,0,A00,A0,A0,E0,0,0,2025,2,,,,,,2254
48245,4591,A05,0,A00,A0,A0,E0,0,0,2025,2,326,307,56,75,-19,2537
48249,4591,A05,0,A00,A0,A0,E0,0,0,2025,2,12,11,3,4,-1,1309
48251,4591,A05,0,A00,A0,A0,E0,0,0,2025,2,158,160,26,24,3,2182
48253,4591,A05,0,A00,A0,A0,E0,0,0,2025,2,,0,0,,,437
48255,4591,A05,0,A00,A0,A0,E0,0,0,2025,2,16,17,,,1,3709
48257,4591,A05,0,A00,A0,A0,E0,0,0,2025,2,58,62,18,14,4,2472
48259,4591,A05,0,A00,A0,A0,E0,0,0,2025,2,105,104,18,18,-1,3241
48265,4591,A05,0,A00,A0,A0,E0,0,0,2025,2,25,24,4,5,-1,2311
48273,4591,A05,0,A00,A0,A0,E0,0,0,2025,2,17,15,,4,-2,1954
48277,4591,A05,0,A00,A0,A0,E0,0,0,2025,2,33,33,5,5,0,2140
48285,4591,A05,0,A00,A0,A0,E0,0,0,2025,2,20,20,,,0,3659
48289,4591,A05,0,A00,A0,A0,E0,0,0,2025,2,,,,0,,852
48291,4591,A05,0,A00,A0,A0,E0,0,0,2025,2,7,6,,,0,2158
48293,4591,A05,0,A00,A0,A0,E0,0,0,2025,2,,,,,,1683
48299,4591,A05,0,A00,A0,A0,E0,0,0,2025,2,,,,,,1319
48303,4591,A05,0,A00,A0,A0,E0,0,0,2025,2,635,613,123,145,-22,2180
48307,4591,A05,0,A00,A0,A0,E0,0,0,2025,2,,,0,0,,2504
48309,4591,A05,0,A00,A0,A0,E0,0,0,2025,2,457,421,73,108,-35,2245
48317,4591,A05,0,A00,A0,A0,E0,0,0,2025,2,,,,,,2178
48321,4591,A05,0,A00,A0,A0,E0,0,0,2025,2,,,,,,1547
48323,4591,A05,0,A00,A0,A0,E0,0,0,2025,2,54,55,13,12,1,1913
48325,4591,A05,0,A00,A0,A0,E0,0,0,2025,2,5,3,0,,-2,2964
48329,4591,A05,0,A00,A0,A0,E0,0,0,2025,2,243,234,55,64,-9,2546
48331,4591,A05,0,A00,A0,A0,E0,0,0,2025,2,,,,,,1299
48337,4591,A05,0,A00,A0,A0,E0,0,0,2025,2,,,0,0,,2675
48339,4591,A05,0,A00,A0,A0,E0,0,0,2025,2,887,872,157,172,-15,2955
48341,4591,A05,0,A00,A0,A0,E0,0,0,2025,2,,,,,,1821
48347,4591,A05,0,A00,A0,A0,E0,0,0,2025,2,87,86,8,9,-1,3475
48349,4591,A05,0,A00,A0,A0,E0,0,0,2025,2,33,36,13,10,3,1459
48353,4591,A05,0,A00,A0,A0,E0,0,0,2025,2,,,0,,,1047
48355,4591,A05,0,A00,A0,A0,E0,0,0,2025,2,608,595,115,129,-13,2588
48361,4591,A05,0,A00,A0,A0,E0,0,0,2025,2,34,31,8,12,-3,1844
48363,4591,A05,0,A00,A0,A0,E0,0,0,2025,2,14,11,,5,-4,1735
48365,4591,A05,0,A00,A0,A0,E0,0,0,2025,2,28,27,4,6,-1,2397
48367,4591,A05,0,A00,A0,A0,E0,0,0,2025,2,227,236,42,33,9,2876
48369,4591,A05,0,A00,A0,A0,E0,0,0,2025,2,,,0,0,,2365
48371,4591,A05,0,A00,A0,A0,E0,0,0,2025,2,,,0,,,1031
48373,4591,A05,0,A00,A0,A0,E0,0,0,2025,2,25,21,4,7,-4,2195
48375,4591,A05,0,A00,A0,A0,E0,0,0,2025,2,100,101,25,24,0,2045
48381,4591,A05,0,A00,A0,A0,E0,0,0,2025,2,309,296,60,74,-13,2439
48397,4591,A05,0,A00,A0,A0,E0,0,0,2025,2,281,268,51,64,-13,2832
48401,4591,A05,0,A00,A0,A0,E0,0,0,2025,2,18,17,6,6,0,1502
48409,4591,A05,0,A00,A0,A0,E0,0,0,2025,2,50,51,11,10,1,2366
48415,4591,A05,0,A00,A0,A0,E0,0,0,2025,2,,,,,,1697
48419,4591,A05,0,A00,A0,A0,E0,0,0,2025,2,14,15,3,,1,1325
48423,4591,A05,0,A00,A0,A0,E0,0,0,2025,2,471,454,77,95,-17,2378
48425,4591,A05,0,A00,A0,A0,E0,0,0,2025,2,,,0,0,,2971
48427,4591,A05,0,A00,A0,A0,E0,0,0,2025,2,,,,0,,1653
48435,4591,A05,0,A00,A0,A0,E0,0,0,2025,2,,,0,0,,3877
48439,4591,A05,0,A00,A0,A0,E0,0,0,2025,2,4594,4503,817,907,-90,3217
48441,4591,A05,0,A00,A0,A0,E0,0,0,2025,2,179,179,45,45,0,2517
48445,4591,A05,0,A00,A0,A0,E0,0,0,2025,2,,,0,0,,4899
48449,4591,A05,0,A00,A0,A0,E0,0,0,2025,2,34,33,7,9,-2,2837
48451,4591,A05,0,A00,A0,A0,E0,0,0,2025,2,176,176,28,28,0,2370
48453,4591,A05,0,A00,A0,A0,E0,0,0,2025,2,2501,2388,338,450,-112,4032
48457,4591,A05,0,A00,A0,A0,E0,0,0,2025,2,,,,0,,2874
48463,4591,A05,0,A00,A0,A0,E0,0,0,2025,2,109,104,25,30,-5,2210
48465,4591,A05,0,A00,A0,A0,E0,0,0,2025,2,15,14,5,6,-2,1693
48467,4591,A05,0,A00,A0,A0,E0,0,0,2025,2,37,36,4,6,-1,3856
48469,4591,A05,0,A00,A0,A0,E0,0,0,2025,2,148,143,19,23,-4,2270
48471,4591,A05,0,A00,A0,A0,E0,0,0,2025,2,86,93,25,18,7,4175
48473,4591,A05,0,A00,A0,A0,E0,0,0,2025,2,11,13,,0,2,4870
48477,4591,A05,0,A00,A0,A0,E0,0,0,2025,2,58,52,12,17,-6,1773
48479,4591,A05,0,A00,A0,A0,E0,0,0,2025,2,239,239,36,36,0,2048
48481,4591,A05,0,A00,A0,A0,E0,0,0,2025,2,39,38,6,8,-1,1867
48485,4591,A05,0,A00,A0,A0,E0,0,0,2025,2,151,144,29,36,-7,2438
48487,4591,A05,0,A00,A0,A0,E0,0,0,2025,2,,,,0,,1318
48491,4591,A05,0,A00,A0,A0,E0,0,0,2025,2,1142,1103,186,225,-39,2439
48493,4591,A05,0,A00,A0,A0,E0,0,0,2025,2,,,,,,1955
48495,4591,A05,0,A00,A0,A0,E0,0,0,2025,2,,,,0,,1007
48497,4591,A05,0,A00,A0,A0,E0,0,0,2025,2,12,9,,5,-3,4477
48499,4591,A05,0,A00,A0,A0,E0,0,0,2025,2,64,64,11,11,0,3078
48503,4591,A05,0,A00,A0,A0,E0,0,0,2025,2,,,,,,1904
48,4591,A05,0,A00,A0,A0,E0,0,0,2025,2,41692,40650,7005,8047,-1042,2927
48001,4591,A05,0,A00,A0,A0,E0,0,0,2025,3,33,48,27,13,15,1911
48003,4591,A05,0,A00,A0,A0,E0,0,0,2025,3,,,,,,2408
48005,4591,A05,0,A00,A0,A0,E0,0,0,2025,3,85,89,28,23,4,2759
48007,4591,A05,0,A00,A0,A0,E0,0,0,2025,3,22,20,0,,-2,5564
48013,4591,A05,0,A00,A0,A0,E0,0,0,2025,3,,,,,,2529
48015,4591,A05,0,A00,A0,A0,E0,0,0,2025,3,,,0,0,,2980
48019,4591,A05,0,A00,A0,A0,E0,0,0,2025,3,,,0,0,,2199
48021,4591,A05,0,A00,A0,A0,E0,0,0,2025,3,45,47,15,13,2,3593
48025,4591,A05,0,A00,A0,A0,E0,0,0,2025,3,,,,,,3422
48027,4591,A05,0,A00,A0,A0,E0,0,0,2025,3,311,342,99,67,32,2528
48029,4591,A05,0,A00,A0,A0,E0,0,0,2025,3,2631,2849,717,499,218,2630
48031,4591,A05,0,A00,A0,A0,E0,0,0,2025,3,,,,,,2190
48037,4591,A05,0,A00,A0,A0,E0,0,0,2025,3,158,161,55,52,4,2757
48039,4591,A05,0,A00,A0,A0,E0,0,0,2025,3,325,329,76,72,4,2719
48041,4591,A05,0,A00,A0,A0,E0,0,0,2025,3,327,348,86,66,21,2898
48043,4591,A05,0,A00,A0,A0,E0,0,0,2025,3,,,0,0,,2383
48049,4591,A05,0,A00,A0,A0,E0,0,0,2025,3,15,15,,,0,2230
48053,4591,A05,0,A00,A0,A0,E0,0,0,2025,3,19,16,3,6,-4,2502
48055,4591,A05,0,A00,A0,A0,E0,0,0,2025,3,,,,,,1055
48057,4591,A05,0,A00,A0,A0,E0,0,0,2025,3,17,17,,,0,2377
48059,4591,A05,0,A00,A0,A0,E0,0,0,2025,3,,,0,,,2257
48061,4591,A05,0,A00,A0,A0,E0,0,0,2025,3,483,505,107,85,23,2256
48065,4591,A05,0,A00,A0,A0,E0,0,0,2025,3,,0,0,,,134
48071,4591,A05,0,A00,A0,A0,E0,0,0,2025,3,4,13,11,3,8,264
48073,4591,A05,0,A00,A0,A0,E0,0,0,2025,3,7,6,0,,-1,752
48075,4591,A05,0,A00,A0,A0,E0,0,0,2025,3,,,0,0,,3458
48085,4591,A05,0,A00,A0,A0,E0,0,0,2025,3,3134,3152,705,687,18,3514
48089,4591,A05,0,A00,A0,A0,E0,0,0,2025,3,,,0,,,2619
48091,4591,A05,0,A00,A0,A0,E0,0,0,2025,3,391,408,125,108,17,2293
48097,4591,A05,0,A00,A0,A0,E0,0,0,2025,3,,,,,,1705
48099,4591,A05,0,A00,A0,A0,E0,0,0,2025,3,11,11,3,3,0,5756
48101,4591,A05,0,A00,A0,A0,E0,0,0,2025,3,,,0,0,,7526
48113,4591,A05,0,A00,A0,A0,E0,0,0,2025,3,3498,3701,888,685,204,3251
48117,4591,A05,0,A00,A0,A0,E0,0,0,2025,3,,,,,,1732
48121,4591,A05,0,A00,A0,A0,E0,0,0,2025,3,1303,1355,348,295,53,3146
48123,4591,A05,0,A00,A0,A0,E0,0,0,2025,3,,,,,,871
48133,4591,A05,0,A00,A0,A0,E0,0,0,2025,3,,,,0,,428
48135,4591,A05,0,A00,A0,A0,E0,0,0,2025,3,176,306,184,53,130,2778
48139,4591,A05,0,A00,A0,A0,E0,0,0,2025,3,109,104,22,27,-5,2511
48141,4591,A05,0,A00,A0,A0,E0,0,0,2025,3,1183,1275,321,229,92,2451
48143,4591,A05,0,A00,A0,A0,E0,0,0,2025,3,22,19,5,8,-3,2021
48145,4591,A05,0,A00,A0,A0,E0,0,0,2025,3,,,,0,,2681
48149,4591,A05,0,A00,A0,A0,E0,0,0,2025,3,,,0,0,,19
48157,4591,A05,0,A00,A0,A0,E0,0,0,2025,3,1007,1061,224,171,54,3309
48161,4591,A05,0,A00,A0,A0,E0,0,0,2025,3,,,0,0,,1486
48163,4591,A05,0,A00,A0,A0,E0,0,0,2025,3,,,,,,3783
48165,4591,A05,0,A00,A0,A0,E0,0,0,2025,3,19,18,8,8,0,1916
48167,4591,A05,0,A00,A0,A0,E0,0,0,2025,3,548,544,122,126,-4,2192
48171,4591,A05,0,A00,A0,A0,E0,0,0,2025,3,,,,,,1223
48173,4591,A05,0,A00,A0,A0,E0,0,0,2025,3,0,,,0,,
48177,4591,A05,0,A00,A0,A0,E0,0,0,2025,3,,,,,,1638
48179,4591,A05,0,A00,A0,A0,E0,0,0,2025,3,11,11,,,0,5778
48181,4591,A05,0,A00,A0,A0,E0,0,0,2025,3,205,227,79,56,22,2672
48183,4591,A05,0,A00,A0,A0,E0,0,0,2025,3,310,335,108,82,26,2539
48185,4591,A05,0,A00,A0,A0,E0,0,0,2025,3,,,,0,,4262
48187,4591,A05,0,A00,A0,A0,E0,0,0,2025,3,40,46,14,7,7,1454
48189,4591,A05,0,A00,A0,A0,E0,0,0,2025,3,,,,,,1044
48197,4591,A05,0,A00,A0,A0,E0,0,0,2025,3,,,0,0,,1313
48199,4591,A05,0,A00,A0,A0,E0,0,0,2025,3,9,12,3,0,2,2944
48201,4591,A05,0,A00,A0,A0,E0,0,0,2025,3,7461,7588,1588,1461,127,2954
48203,4591,A05,0,A00,A0,A0,E0,0,0,2025,3,23,24,5,4,1,2094
48209,4591,A05,0,A00,A0,A0,E0,0,0,2025,3,727,738,136,125,11,2496
48213,4591,A05,0,A00,A0,A0,E0,0,0,2025,3,34,31,7,9,-3,1568
48215,4591,A05,0,A00,A0,A0,E0,0,0,2025,3,874,936,255,193,62,2339
48217,4591,A05,0,A00,A0,A0,E0,0,0,2025,3,,,0,0,,2329
48219,4591,A05,0,A00,A0,A0,E0,0,0,2025,3,16,18,5,,2,1079
48221,4591,A05,0,A00,A0,A0,E0,0,0,2025,3,26,27,6,5,1,3394
48223,4591,A05,0,A00,A0,A0,E0,0,0,2025,3,26,29,13,10,4,1687
48225,4591,A05,0,A00,A0,A0,E0,0,0,2025,3,,,,,,2159
48227,4591,A05,0,A00,A0,A0,E0,0,0,2025,3,15,16,5,5,0,2304
48231,4591,A05,0,A00,A0,A0,E0,0,0,2025,3,97,96,19,20,-1,4265
48233,4591,A05,0,A00,A0,A0,E0,0,0,2025,3,,,,,,2359
48241,4591,A05,0,A00,A0,A0,E0,0,0,2025,3,,,,,,1765
48245,4591,A05,0,A00,A0,A0,E0,0,0,2025,3,307,308,66,65,1,2761
48249,4591,A05,0,A00,A0,A0,E0,0,0,2025,3,,,,,,1416
48251,4591,A05,0,A00,A0,A0,E0,0,0,2025,3,160,184,54,31,23,2302
48253,4591,A05,0,A00,A0,A0,E0,0,0,2025,3,0,,,0,,
48255,4591,A05,0,A00,A0,A0,E0,0,0,2025,3,17,16,,,0,4081
48257,4591,A05,0,A00,A0,A0,E0,0,0,2025,3,62,58,12,16,-4,2503
48259,4591,A05,0,A00,A0,A0,E0,0,0,2025,3,105,112,19,11,8,3490
48265,4591,A05,0,A00,A0,A0,E0,0,0,2025,3,24,25,5,3,2,2571
48273,4591,A05,0,A00,A0,A0,E0,0,0,2025,3,15,12,,4,-3,2323
48277,4591,A05,0,A00,A0,A0,E0,0,0,2025,3,33,30,9,13,-3,2181
48285,4591,A05,0,A00,A0,A0,E0,0,0,2025,3,20,19,0,,0,4621
48289,4591,A05,0,A00,A0,A0,E0,0,0,2025,3,,,0,0,,1251
48291,4591,A05,0,A00,A0,A0,E0,0,0,2025,3,6,7,,,0,2305
48293,4591,A05,0,A00,A0,A0,E0,0,0,2025,3,,,,,,1828
48299,4591,A05,0,A00,A0,A0,E0,0,0,2025,3,,,,0,,1389
48303,4591,A05,0,A00,A0,A0,E0,0,0,2025,3,613,659,172,126,46,2422
48307,4591,A05,0,A00,A0,A0,E0,0,0,2025,3,,,0,0,,1993
48309,4591,A05,0,A00,A0,A0,E0,0,0,2025,3,421,453,118,87,32,2258
48317,4591,A05,0,A00,A0,A0,E0,0,0,2025,3,,,,,,2868
48321,4591,A05,0,A00,A0,A0,E0,0,0,2025,3,,,,,,1857
48323,4591,A05,0,A00,A0,A0,E0,0,0,2025,3,55,51,11,15,-4,2132
48325,4591,A05,0,A00,A0,A0,E0,0,0,2025,3,,,0,0,,5150
48329,4591,A05,0,A00,A0,A0,E0,0,0,2025,3,234,239,84,78,5,2711
48331,4591,A05,0,A00,A0,A0,E0,0,0,2025,3,,,,,,981
48337,4591,A05,0,A00,A0,A0,E0,0,0,2025,3,,,0,0,,2050
48339,4591,A05,0,A00,A0,A0,E0,0,0,2025,3,888,912,206,182,23,2901
48341,4591,A05,0,A00,A0,A0,E0,0,0,2025,3,,,,,,1900
48347,4591,A05,0,A00,A0,A0,E0,0,0,2025,3,86,98,29,16,12,3544
48349,4591,A05,0,A00,A0,A0,E0,0,0,2025,3,36,42,17,11,5,1707
48353,4591,A05,0,A00,A0,A0,E0,0,0,2025,3,,,0,0,,1341
48355,4591,A05,0,A00,A0,A0,E0,0,0,2025,3,595,613,141,122,19,2856
48361,4591,A05,0,A00,A0,A0,E0,0,0,2025,3,29,36,15,8,7,1959
48363,4591,A05,0,A00,A0,A0,E0,0,0,2025,3,11,12,3,,1,2165
48365,4591,A05,0,A00,A0,A0,E0,0,0,2025,3,27,26,,4,-1,2569
48367,4591,A05,0,A00,A0,A0,E0,0,0,2025,3,236,235,41,42,-1,2692
48369,4591,A05,0,A00,A0,A0,E0,0,0,2025,3,,,0,,,2500
48371,4591,A05,0,A00,A0,A0,E0,0,0,2025,3,,,,,,1243
48373,4591,A05,0,A00,A0,A0,E0,0,0,2025,3,21,18,4,7,-3,2113
48375,4591,A05,0,A00,A0,A0,E0,0,0,2025,3,105,115,31,21,10,2371
48381,4591,A05,0,A00,A0,A0,E0,0,0,2025,3,292,307,76,61,15,2705
48385,4591,A05,0,A00,A0,A0,E0,0,0,2025,3,0,,,0,,
48397,4591,A05,0,A00,A0,A0,E0,0,0,2025,3,268,291,87,64,23,2891
48401,4591,A05,0,A00,A0,A0,E0,0,0,2025,3,17,19,7,5,2,1466
48409,4591,A05,0,A00,A0,A0,E0,0,0,2025,3,51,51,10,9,0,2535
48415,4591,A05,0,A00,A0,A0,E0,0,0,2025,3,,,,,,2045
48417,4591,A05,0,A00,A0,A0,E0,0,0,2025,3,0,,,0,,
48419,4591,A05,0,A00,A0,A0,E0,0,0,2025,3,15,15,5,5,0,1504
48421,4591,A05,0,A00,A0,A0,E0,0,0,2025,3,0,,,0,,
48423,4591,A05,0,A00,A0,A0,E0,0,0,2025,3,454,481,118,91,27,2463
48425,4591,A05,0,A00,A0,A0,E0,0,0,2025,3,,,0,0,,4457
48427,4591,A05,0,A00,A0,A0,E0,0,0,2025,3,,,,,,1662
48435,4591,A05,0,A00,A0,A0,E0,0,0,2025,3,,,0,0,,4452
48439,4591,A05,0,A00,A0,A0,E0,0,0,2025,3,4498,4545,1004,957,46,2931
48441,4591,A05,0,A00,A0,A0,E0,0,0,2025,3,179,191,51,38,13,2574
48445,4591,A05,0,A00,A0,A0,E0,0,0,2025,3,,,,0,,5776
48449,4591,A05,0,A00,A0,A0,E0,0,0,2025,3,32,31,6,8,-1,3083
48451,4591,A05,0,A00,A0,A0,E0,0,0,2025,3,176,180,43,39,4,2413
48453,4591,A05,0,A00,A0,A0,E0,0,0,2025,3,2429,2568,627,487,140,4234
48457,4591,A05,0,A00,A0,A0,E0,0,0,2025,3,,,0,,,2081
48459,4591,A05,0,A00,A0,A0,E0,0,0,2025,3,0,,,0,,
48463,4591,A05,0,A00,A0,A0,E0,0,0,2025,3,,,,,,2312
48465,4591,A05,0,A00,A0,A0,E0,0,0,2025,3,14,14,6,6,0,1514
48467,4591,A05,0,A00,A0,A0,E0,0,0,2025,3,37,36,6,7,-1,4294
48469,4591,A05,0,A00,A0,A0,E0,0,0,2025,3,143,158,42,27,14,2520
48471,4591,A05,0,A00,A0,A0,E0,0,0,2025,3,93,93,23,23,0,3951
48473,4591,A05,0,A00,A0,A0,E0,0,0,2025,3,13,3,,12,-10,2848
48477,4591,A05,0,A00,A0,A0,E0,0,0,2025,3,52,52,13,14,-1,1965
48479,4591,A05,0,A00,A0,A0,E0,0,0,2025,3,239,240,32,30,2,2173
48481,4591,A05,0,A00,A0,A0,E0,0,0,2025,3,38,33,7,12,-5,2268
48485,4591,A05,0,A00,A0,A0,E0,0,0,2025,3,144,157,48,35,13,2508
48487,4591,A05,0,A00,A0,A0,E0,0,0,2025,3,,,0,0,,916
48491,4591,A05,0,A00,A0,A0,E0,0,0,2025,3,1088,1152,310,246,64,2538
48493,4591,A05,0,A00,A0,A0,E0,0,0,2025,3,,,,,,2725
48495,4591,A05,0,A00,A0,A0,E0,0,0,2025,3,,,,0,,1705
48497,4591,A05,0,A00,A0,A0,E0,0,0,2025,3,9,12,5,,3,3264
48499,4591,A05,0,A00,A0,A0,E0,0,0,2025,3,64,63,8,8,0,3592
48503,4591,A05,0,A00,A0,A0,E0,0,0,2025,3,,,,,,2336
48,4591,A05,0,A00,A0,A0,E0,0,0,2025,3,40699,42388,10127,8439,1689,2953
48001,4591,A05,0,A00,A0,A0,E0,0,0,2025,4,48,,13,,,1575
48003,4591,A05,0,A00,A0,A0,E0,0,0,2025,4,,,,,,2261
48005,4591,A05,0,A00,A0,A0,E0,0,0,2025,4,89,,20,,,2757
48007,4591,A05,0,A00,A0,A0,E0,0,0,2025,4,,,,,,5773
48009,4591,A05,0,A00,A0,A0,E0,0,0,2025,4,0,,,,,
48013,4591,A05,0,A00,A0,A0,E0,0,0,2025,4,,,,,,2689
48015,4591,A05,0,A00,A0,A0,E0,0,0,2025,4,3,,,,,2980
48019,4591,A05,0,A00,A0,A0,E0,0,0,2025,4,,,,,,1891
48021,4591,A05,0,A00,A0,A0,E0,0,0,2025,4,47,,12,,,3181
48025,4591,A05,0,A00,A0,A0,E0,0,0,2025,4,,,,,,4065
48027,4591,A05,0,A00,A0,A0,E0,0,0,2025,4,342,,88,,,2509
48029,4591,A05,0,A00,A0,A0,E0,0,0,2025,4,2849,,687,,,2471
48031,4591,A05,0,A00,A0,A0,E0,0,0,2025,4,,,,,,3321
48037,4591,A05,0,A00,A0,A0,E0,0,0,2025,4,161,,50,,,2580
48039,4591,A05,0,A00,A0,A0,E0,0,0,2025,4,329,,92,,,2596
48041,4591,A05,0,A00,A0,A0,E0,0,0,2025,4,348,,92,,,2898
48043,4591,A05,0,A00,A0,A0,E0,0,0,2025,4,,,0,,,4766
48049,4591,A05,0,A00,A0,A0,E0,0,0,2025,4,15,,,,,2061
48053,4591,A05,0,A00,A0,A0,E0,0,0,2025,4,16,,5,,,3581
48055,4591,A05,0,A00,A0,A0,E0,0,0,2025,4,,,,,,995
48057,4591,A05,0,A00,A0,A0,E0,0,0,2025,4,17,,3,,,2278
48059,4591,A05,0,A00,A0,A0,E0,0,0,2025,4,,,,,,2932
48061,4591,A05,0,A00,A0,A0,E0,0,0,2025,4,505,,124,,,2129
48071,4591,A05,0,A00,A0,A0,E0,0,0,2025,4,13,,9,,,692
48073,4591,A05,0,A00,A0,A0,E0,0,0,2025,4,6,,0,,,754
48075,4591,A05,0,A00,A0,A0,E0,0,0,2025,4,,,0,,,3393
48085,4591,A05,0,A00,A0,A0,E0,0,0,2025,4,3152,,774,,,3553
48089,4591,A05,0,A00,A0,A0,E0,0,0,2025,4,,,,,,3267
48091,4591,A05,0,A00,A0,A0,E0,0,0,2025,4,408,,93,,,2334
48097,4591,A05,0,A00,A0,A0,E0,0,0,2025,4,,,,,,1779
48099,4591,A05,0,A00,A0,A0,E0,0,0,2025,4,11,,5,,,5552
48101,4591,A05,0,A00,A0,A0,E0,0,0,2025,4,,,0,,,6439
48113,4591,A05,0,A00,A0,A0,E0,0,0,2025,4,3701,,916,,,3374
48117,4591,A05,0,A00,A0,A0,E0,0,0,2025,4,,,,,,1667
48121,4591,A05,0,A00,A0,A0,E0,0,0,2025,4,1361,,332,,,3429
48123,4591,A05,0,A00,A0,A0,E0,0,0,2025,4,,,0,,,1155
48133,4591,A05,0,A00,A0,A0,E0,0,0,2025,4,,,0,,,496
48135,4591,A05,0,A00,A0,A0,E0,0,0,2025,4,306,,128,,,2452
48139,4591,A05,0,A00,A0,A0,E0,0,0,2025,4,104,,22,,,2284
48141,4591,A05,0,A00,A0,A0,E0,0,0,2025,4,1275,,511,,,2469
48143,4591,A05,0,A00,A0,A0,E0,0,0,2025,4,19,,3,,,2103
48145,4591,A05,0,A00,A0,A0,E0,0,0,2025,4,,,0,,,1702
48149,4591,A05,0,A00,A0,A0,E0,0,0,2025,4,,,0,,,56
48157,4591,A05,0,A00,A0,A0,E0,0,0,2025,4,1060,,243,,,3193
48161,4591,A05,0,A00,A0,A0,E0,0,0,2025,4,,,0,,,1486
48163,4591,A05,0,A00,A0,A0,E0,0,0,2025,4,,,,,,4638
48165,4591,A05,0,A00,A0,A0,E0,0,0,2025,4,18,,5,,,1857
48167,4591,A05,0,A00,A0,A0,E0,0,0,2025,4,544,,195,,,2141
48171,4591,A05,0,A00,A0,A0,E0,0,0,2025,4,,,,,,907
48173,4591,A05,0,A00,A0,A0,E0,0,0,2025,4,,,0,,,1123
48177,4591,A05,0,A00,A0,A0,E0,0,0,2025,4,,,,,,1297
48179,4591,A05,0,A00,A0,A0,E0,0,0,2025,4,11,,3,,,5942
48181,4591,A05,0,A00,A0,A0,E0,0,0,2025,4,227,,58,,,2821
48183,4591,A05,0,A00,A0,A0,E0,0,0,2025,4,335,,86,,,2632
48185,4591,A05,0,A00,A0,A0,E0,0,0,2025,4,,,,,,4929
48187,4591,A05,0,A00,A0,A0,E0,0,0,2025,4,46,,16,,,1376
48189,4591,A05,0,A00,A0,A0,E0,0,0,2025,4,,,,,,1159
48197,4591,A05,0,A00,A0,A0,E0,0,0,2025,4,,,0,,,1500
48199,4591,A05,0,A00,A0,A0,E0,0,0,2025,4,12,,,,,2755
48201,4591,A05,0,A00,A0,A0,E0,0,0,2025,4,7586,,1917,,,2989
48203,4591,A05,0,A00,A0,A0,E0,0,0,2025,4,24,,3,,,2007
48209,4591,A05,0,A00,A0,A0,E0,0,0,2025,4,738,,225,,,2664
48213,4591,A05,0,A00,A0,A0,E0,0,0,2025,4,31,,5,,,1566
48215,4591,A05,0,A00,A0,A0,E0,0,0,2025,4,936,,238,,,2143
48217,4591,A05,0,A00,A0,A0,E0,0,0,2025,4,,,0,,,2235
48219,4591,A05,0,A00,A0,A0,E0,0,0,2025,4,18,,,,,941
48221,4591,A05,0,A00,A0,A0,E0,0,0,2025,4,27,,6,,,3691
48223,4591,A05,0,A00,A0,A0,E0,0,0,2025,4,29,,9,,,1581
48225,4591,A05,0,A00,A0,A0,E0,0,0,2025,4,,,,,,1397
48227,4591,A05,0,A00,A0,A0,E0,0,0,2025,4,16,,5,,,1873
48231,4591,A05,0,A00,A0,A0,E0,0,0,2025,4,96,,20,,,3981
48233,4591,A05,0,A00,A0,A0,E0,0,0,2025,4,,,,,,2247
48241,4591,A05,0,A00,A0,A0,E0,0,0,2025,4,,,,,,1486
48245,4591,A05,0,A00,A0,A0,E0,0,0,2025,4,308,,79,,,2605
48249,4591,A05,0,A00,A0,A0,E0,0,0,2025,4,,,,,,1105
48251,4591,A05,0,A00,A0,A0,E0,0,0,2025,4,184,,44,,,2398
48253,4591,A05,0,A00,A0,A0,E0,0,0,2025,4,,,,,,1374
48255,4591,A05,0,A00,A0,A0,E0,0,0,2025,4,16,,,,,3272
48257,4591,A05,0,A00,A0,A0,E0,0,0,2025,4,58,,17,,,2439
48259,4591,A05,0,A00,A0,A0,E0,0,0,2025,4,113,,26,,,3194
48265,4591,A05,0,A00,A0,A0,E0,0,0,2025,4,25,,4,,,2349
48273,4591,A05,0,A00,A0,A0,E0,0,0,2025,4,12,,3,,,2421
48277,4591,A05,0,A00,A0,A0,E0,0,0,2025,4,30,,5,,,2075
48285,4591,A05,0,A00,A0,A0,E0,0,0,2025,4,19,,0,,,3985
48289,4591,A05,0,A00,A0,A0,E0,0,0,2025,4,,,0,,,1403
48291,4591,A05,0,A00,A0,A0,E0,0,0,2025,4,7,,,,,2003
48293,4591,A05,0,A00,A0,A0,E0,0,0,2025,4,,,,,,1596
48299,4591,A05,0,A00,A0,A0,E0,0,0,2025,4,,,0,,,1412
48303,4591,A05,0,A00,A0,A0,E0,0,0,2025,4,658,,151,,,2456
48307,4591,A05,0,A00,A0,A0,E0,0,0,2025,4,,,,,,2732
48309,4591,A05,0,A00,A0,A0,E0,0,0,2025,4,453,,111,,,2243
48317,4591,A05,0,A00,A0,A0,E0,0,0,2025,4,,,0,,,3319
48321,4591,A05,0,A00,A0,A0,E0,0,0,2025,4,,,,,,1436
48323,4591,A05,0,A00,A0,A0,E0,0,0,2025,4,51,,11,,,2076
48325,4591,A05,0,A00,A0,A0,E0,0,0,2025,4,,,,,,5391
48329,4591,A05,0,A00,A0,A0,E0,0,0,2025,4,239,,109,,,2535
48331,4591,A05,0,A00,A0,A0,E0,0,0,2025,4,,,0,,,931
48337,4591,A05,0,A00,A0,A0,E0,0,0,2025,4,,,,,,2853
48339,4591,A05,0,A00,A0,A0,E0,0,0,2025,4,911,,236,,,2897
48341,4591,A05,0,A00,A0,A0,E0,0,0,2025,4,,,,,,1995
48347,4591,A05,0,A00,A0,A0,E0,0,0,2025,4,98,,19,,,4253
48349,4591,A05,0,A00,A0,A0,E0,0,0,2025,4,42,,16,,,1494
48353,4591,A05,0,A00,A0,A0,E0,0,0,2025,4,,,0,,,1341
48355,4591,A05,0,A00,A0,A0,E0,0,0,2025,4,613,,118,,,2929
48361,4591,A05,0,A00,A0,A0,E0,0,0,2025,4,36,,,,,2173
48363,4591,A05,0,A00,A0,A0,E0,0,0,2025,4,12,,,,,1802
48365,4591,A05,0,A00,A0,A0,E0,0,0,2025,4,26,,5,,,3147
48367,4591,A05,0,A00,A0,A0,E0,0,0,2025,4,235,,32,,,3074
48369,4591,A05,0,A00,A0,A0,E0,0,0,2025,4,,,0,,,2650
48371,4591,A05,0,A00,A0,A0,E0,0,0,2025,4,,,,,,1050
48373,4591,A05,0,A00,A0,A0,E0,0,0,2025,4,18,,8,,,2057
48375,4591,A05,0,A00,A0,A0,E0,0,0,2025,4,115,,34,,,2194
48381,4591,A05,0,A00,A0,A0,E0,0,0,2025,4,307,,69,,,2789
48385,4591,A05,0,A00,A0,A0,E0,0,0,2025,4,,,0,,,792
48397,4591,A05,0,A00,A0,A0,E0,0,0,2025,4,291,,84,,,3021
48401,4591,A05,0,A00,A0,A0,E0,0,0,2025,4,19,,6,,,1286
48409,4591,A05,0,A00,A0,A0,E0,0,0,2025,4,51,,12,,,2403
48415,4591,A05,0,A00,A0,A0,E0,0,0,2025,4,,,,,,1682
48417,4591,A05,0,A00,A0,A0,E0,0,0,2025,4,,,0,,,4438
48419,4591,A05,0,A00,A0,A0,E0,0,0,2025,4,15,,3,,,1374
48421,4591,A05,0,A00,A0,A0,E0,0,0,2025,4,,,0,,,5285
48423,4591,A05,0,A00,A0,A0,E0,0,0,2025,4,481,,125,,,2574
48425,4591,A05,0,A00,A0,A0,E0,0,0,2025,4,,,0,,,2971
48427,4591,A05,0,A00,A0,A0,E0,0,0,2025,4,,,,,,1467
48435,4591,A05,0,A00,A0,A0,E0,0,0,2025,4,,,0,,,3908
48439,4591,A05,0,A00,A0,A0,E0,0,0,2025,4,4538,,1094,,,3088
48441,4591,A05,0,A00,A0,A0,E0,0,0,2025,4,191,,44,,,2594
48445,4591,A05,0,A00,A0,A0,E0,0,0,2025,4,,,0,,,5801
48449,4591,A05,0,A00,A0,A0,E0,0,0,2025,4,31,,7,,,3196
48451,4591,A05,0,A00,A0,A0,E0,0,0,2025,4,180,,33,,,2564
48453,4591,A05,0,A00,A0,A0,E0,0,0,2025,4,2566,,682,,,4093
48455,4591,A05,0,A00,A0,A0,E0,0,0,2025,4,0,,,,,
48457,4591,A05,0,A00,A0,A0,E0,0,0,2025,4,,,0,,,2502
48459,4591,A05,0,A00,A0,A0,E0,0,0,2025,4,,,0,,,2973
48463,4591,A05,0,A00,A0,A0,E0,0,0,2025,4,,,,,,2436
48465,4591,A05,0,A00,A0,A0,E0,0,0,2025,4,14,,3,,,1498
48467,4591,A05,0,A00,A0,A0,E0,0,0,2025,4,36,,,,,4820
48469,4591,A05,0,A00,A0,A0,E0,0,0,2025,4,158,,31,,,2428
48471,4591,A05,0,A00,A0,A0,E0,0,0,2025,4,93,,15,,,3936
48473,4591,A05,0,A00,A0,A0,E0,0,0,2025,4,,,0,,,2481
48477,4591,A05,0,A00,A0,A0,E0,0,0,2025,4,52,,11,,,1923
48479,4591,A05,0,A00,A0,A0,E0,0,0,2025,4,240,,37,,,2082
48481,4591,A05,0,A00,A0,A0,E0,0,0,2025,4,33,,6,,,2669
48485,4591,A05,0,A00,A0,A0,E0,0,0,2025,4,157,,51,,,2423
48487,4591,A05,0,A00,A0,A0,E0,0,0,2025,4,,,0,,,1005
48491,4591,A05,0,A00,A0,A0,E0,0,0,2025,4,1146,,297,,,2676
48493,4591,A05,0,A00,A0,A0,E0,0,0,2025,4,10,,3,,,1968
48495,4591,A05,0,A00,A0,A0,E0,0,0,2025,4,,,0,,,749
48497,4591,A05,0,A00,A0,A0,E0,0,0,2025,4,12,,3,,,4532
48499,4591,A05,0,A00,A0,A0,E0,0,0,2025,4,63,,6,,,2913
48503,4591,A05,0,A00,A0,A0,E0,0,0,2025,4,,,,,,2561
48,4591,A05,0,A00,A0,A0,E0,0,0,2025,4,42412,,10779,,,2975
