geography,industry,ownercode,sex,agegrp,race,ethnicity,education,firmage,firmsize,year,quarter,Emp,EmpEnd,HirA,Sep,FrmJbC,EarnBeg
20001,4591,A05,0,A00,A0,A0,E0,0,0,1993,1,,,,,,
20003,4591,A05,0,A00,A0,A0,E0,0,0,1993,1,,,,,,
20007,4591,A05,0,A00,A0,A0,E0,0,0,1993,1,,,,0,,
20009,4591,A05,0,A00,A0,A0,E0,0,0,1993,1,,15,,10,,
20011,4591,A05,0,A00,A0,A0,E0,0,0,1993,1,,,,0,,
20015,4591,A05,0,A00,A0,A0,E0,0,0,1993,1,,8,,5,,
20027,4591,A05,0,A00,A0,A0,E0,0,0,1993,1,,,,,,
20029,4591,A05,0,A00,A0,A0,E0,0,0,1993,1,,,,,,
20031,4591,A05,0,A00,A0,A0,E0,0,0,1993,1,,,,0,,
20035,4591,A05,0,A00,A0,A0,E0,0,0,1993,1,,24,,5,,
20037,4591,A05,0,A00,A0,A0,E0,0,0,1993,1,,48,,9,,
20041,4591,A05,0,A00,A0,A0,E0,0,0,1993,1,,,,,,
20045,4591,A05,0,A00,A0,A0,E0,0,0,1993,1,,207,,41,,
20051,4591,A05,0,A00,A0,A0,E0,0,0,1993,1,,32,,10,,
20055,4591,A05,0,A00,A0,A0,E0,0,0,1993,1,,23,,9,,
20057,4591,A05,0,A00,A0,A0,E0,0,0,1993,1,,14,,6,,
20059,4591,A05,0,A00,A0,A0,E0,0,0,1993,1,,8,,,,
20061,4591,A05,0,A00,A0,A0,E0,0,0,1993,1,,15,,15,,
20067,4591,A05,0,A00,A0,A0,E0,0,0,1993,1,,,,0,,
20069,4591,A05,0,A00,A0,A0,E0,0,0,1993,1,,,,0,,
20071,4591,A05,0,A00,A0,A0,E0,0,0,1993,1,,,,0,,
20073,4591,A05,0,A00,A0,A0,E0,0,0,1993,1,,,,0,,
20077,4591,A05,0,A00,A0,A0,E0,0,0,1993,1,,,,,,
20079,4591,A05,0,A00,A0,A0,E0,0,0,1993,1,,32,,7,,
20089,4591,A05,0,A00,A0,A0,E0,0,0,1993,1,,,,0,,
20091,4591,A05,0,A00,A0,A0,E0,0,0,1993,1,,1046,,340,,
20099,4591,A05,0,A00,A0,A0,E0,0,0,1993,1,,16,,7,,
20101,4591,A05,0,A00,A0,A0,E0,0,0,1993,1,,,,0,,
20103,4591,A05,0,A00,A0,A0,E0,0,0,1993,1,,17,,4,,
20111,4591,A05,0,A00,A0,A0,E0,0,0,1993,1,,32,,5,,
20113,4591,A05,0,A00,A0,A0,E0,0,0,1993,1,,27,,3,,
20117,4591,A05,0,A00,A0,A0,E0,0,0,1993,1,,,,,,
20121,4591,A05,0,A00,A0,A0,E0,0,0,1993,1,,15,,4,,
20123,4591,A05,0,A00,A0,A0,E0,0,0,1993,1,,,,0,,
20125,4591,A05,0,A00,A0,A0,E0,0,0,1993,1,,16,,3,,
20131,4591,A05,0,A00,A0,A0,E0,0,0,1993,1,,,,,,
20133,4591,A05,0,A00,A0,A0,E0,0,0,1993,1,,,,,,
20139,4591,A05,0,A00,A0,A0,E0,0,0,1993,1,,18,,,,
20141,4591,A05,0,A00,A0,A0,E0,0,0,1993,1,,,,,,
20147,4591,A05,0,A00,A0,A0,E0,0,0,1993,1,,,,0,,
20151,4591,A05,0,A00,A0,A0,E0,0,0,1993,1,,,,0,,
20153,4591,A05,0,A00,A0,A0,E0,0,0,1993,1,,,,0,,
20155,4591,A05,0,A00,A0,A0,E0,0,0,1993,1,,98,,19,,
20157,4591,A05,0,A00,A0,A0,E0,0,0,1993,1,,,,0,,
20161,4591,A05,0,A00,A0,A0,E0,0,0,1993,1,,133,,45,,
20163,4591,A05,0,A00,A0,A0,E0,0,0,1993,1,,,,0,,
20169,4591,A05,0,A00,A0,A0,E0,0,0,1993,1,,127,,35,,
20171,4591,A05,0,A00,A0,A0,E0,0,0,1993,1,,,,0,,
20173,4591,A05,0,A00,A0,A0,E0,0,0,1993,1,,741,,240,,
20175,4591,A05,0,A00,A0,A0,E0,0,0,1993,1,,35,,6,,
20177,4591,A05,0,A00,A0,A0,E0,0,0,1993,1,,251,,87,,
20191,4591,A05,0,A00,A0,A0,E0,0,0,1993,1,,,,0,,
20193,4591,A05,0,A00,A0,A0,E0,0,0,1993,1,,,,,,
20197,4591,A05,0,A00,A0,A0,E0,0,0,1993,1,,,,0,,
20205,4591,A05,0,A00,A0,A0,E0,0,0,1993,1,,,,0,,
20209,4591,A05,0,A00,A0,A0,E0,0,0,1993,1,,65,,15,,
20,4591,A05,0,A00,A0,A0,E0,0,0,1993,1,,3170,,952,,
20001,4591,A05,0,A00,A0,A0,E0,0,0,1993,2,,,,,,627
20003,4591,A05,0,A00,A0,A0,E0,0,0,1993,2,,,,,,564
20007,4591,A05,0,A00,A0,A0,E0,0,0,1993,2,,,0,0,,600
20009,4591,A05,0,A00,A0,A0,E0,0,0,1993,2,15,16,7,6,1,655
20011,4591,A05,0,A00,A0,A0,E0,0,0,1993,2,,,,0,,1041
20015,4591,A05,0,A00,A0,A0,E0,0,0,1993,2,7,14,10,3,7,571
20027,4591,A05,0,A00,A0,A0,E0,0,0,1993,2,,,,0,,240
20029,4591,A05,0,A00,A0,A0,E0,0,0,1993,2,,,,,,804
20031,4591,A05,0,A00,A0,A0,E0,0,0,1993,2,,,,,,523
20035,4591,A05,0,A00,A0,A0,E0,0,0,1993,2,24,31,18,11,7,565
20037,4591,A05,0,A00,A0,A0,E0,0,0,1993,2,48,52,11,7,4,1100
20041,4591,A05,0,A00,A0,A0,E0,0,0,1993,2,,,,,,786
20045,4591,A05,0,A00,A0,A0,E0,0,0,1993,2,207,221,78,64,14,681
20051,4591,A05,0,A00,A0,A0,E0,0,0,1993,2,33,36,17,13,4,611
20055,4591,A05,0,A00,A0,A0,E0,0,0,1993,2,23,32,16,7,9,863
20057,4591,A05,0,A00,A0,A0,E0,0,0,1993,2,14,16,8,6,2,410
20059,4591,A05,0,A00,A0,A0,E0,0,0,1993,2,8,8,0,0,0,655
20061,4591,A05,0,A00,A0,A0,E0,0,0,1993,2,15,14,4,4,0,645
20067,4591,A05,0,A00,A0,A0,E0,0,0,1993,2,,,0,0,,422
20069,4591,A05,0,A00,A0,A0,E0,0,0,1993,2,,,0,0,,236
20071,4591,A05,0,A00,A0,A0,E0,0,0,1993,2,,0,0,,,194
20073,4591,A05,0,A00,A0,A0,E0,0,0,1993,2,,,0,0,,485
20077,4591,A05,0,A00,A0,A0,E0,0,0,1993,2,,0,0,,,106
20079,4591,A05,0,A00,A0,A0,E0,0,0,1993,2,32,33,6,5,2,784
20089,4591,A05,0,A00,A0,A0,E0,0,0,1993,2,,,,0,,1360
20091,4591,A05,0,A00,A0,A0,E0,0,0,1993,2,1047,1039,392,400,-8,829
20099,4591,A05,0,A00,A0,A0,E0,0,0,1993,2,16,18,5,4,1,549
20101,4591,A05,0,A00,A0,A0,E0,0,0,1993,2,,,,0,,12
20103,4591,A05,0,A00,A0,A0,E0,0,0,1993,2,17,13,,6,-4,507
20107,4591,A05,0,A00,A0,A0,E0,0,0,1993,2,0,,,0,,
20111,4591,A05,0,A00,A0,A0,E0,0,0,1993,2,32,36,10,6,4,1037
20113,4591,A05,0,A00,A0,A0,E0,0,0,1993,2,27,25,5,7,-2,852
20117,4591,A05,0,A00,A0,A0,E0,0,0,1993,2,,,0,0,,942
20121,4591,A05,0,A00,A0,A0,E0,0,0,1993,2,15,21,8,,6,1834
20123,4591,A05,0,A00,A0,A0,E0,0,0,1993,2,,,0,0,,717
20125,4591,A05,0,A00,A0,A0,E0,0,0,1993,2,16,23,12,4,7,590
20131,4591,A05,0,A00,A0,A0,E0,0,0,1993,2,,,,,,178
20133,4591,A05,0,A00,A0,A0,E0,0,0,1993,2,,,,,,551
20139,4591,A05,0,A00,A0,A0,E0,0,0,1993,2,18,18,,,0,1017
20141,4591,A05,0,A00,A0,A0,E0,0,0,1993,2,,,,,,493
20147,4591,A05,0,A00,A0,A0,E0,0,0,1993,2,,,,0,,221
20151,4591,A05,0,A00,A0,A0,E0,0,0,1993,2,,,0,0,,341
20153,4591,A05,0,A00,A0,A0,E0,0,0,1993,2,,,0,0,,185
20155,4591,A05,0,A00,A0,A0,E0,0,0,1993,2,98,97,25,27,-1,835
20157,4591,A05,0,A00,A0,A0,E0,0,0,1993,2,,,0,,,249
20161,4591,A05,0,A00,A0,A0,E0,0,0,1993,2,133,139,55,49,5,573
20163,4591,A05,0,A00,A0,A0,E0,0,0,1993,2,,,,0,,853
20169,4591,A05,0,A00,A0,A0,E0,0,0,1993,2,126,122,33,37,-4,929
20171,4591,A05,0,A00,A0,A0,E0,0,0,1993,2,,,0,0,,349
20173,4591,A05,0,A00,A0,A0,E0,0,0,1993,2,739,750,246,235,11,906
20175,4591,A05,0,A00,A0,A0,E0,0,0,1993,2,36,38,4,,3,898
20177,4591,A05,0,A00,A0,A0,E0,0,0,1993,2,250,246,86,90,-4,748
20191,4591,A05,0,A00,A0,A0,E0,0,0,1993,2,,,0,,,411
20193,4591,A05,0,A00,A0,A0,E0,0,0,1993,2,,,,,,483
20197,4591,A05,0,A00,A0,A0,E0,0,0,1993,2,,,0,0,,107
20205,4591,A05,0,A00,A0,A0,E0,0,0,1993,2,,0,0,,,445
20209,4591,A05,0,A00,A0,A0,E0,0,0,1993,2,64,54,15,25,-10,1065
20,4591,A05,0,A00,A0,A0,E0,0,0,1993,2,3168,3228,1105,1045,60,816
20001,4591,A05,0,A00,A0,A0,E0,0,0,1993,3,,,,,,462
20003,4591,A05,0,A00,A0,A0,E0,0,0,1993,3,,,,,,505
20007,4591,A05,0,A00,A0,A0,E0,0,0,1993,3,,,0,,,459
20009,4591,A05,0,A00,A0,A0,E0,0,0,1993,3,16,22,11,6,6,567
20011,4591,A05,0,A00,A0,A0,E0,0,0,1993,3,,,0,0,,799
20015,4591,A05,0,A00,A0,A0,E0,0,0,1993,3,14,8,0,6,-6,611
20027,4591,A05,0,A00,A0,A0,E0,0,0,1993,3,,,0,,,325
20029,4591,A05,0,A00,A0,A0,E0,0,0,1993,3,,,,,,1133
20031,4591,A05,0,A00,A0,A0,E0,0,0,1993,3,,,,,,680
20035,4591,A05,0,A00,A0,A0,E0,0,0,1993,3,31,31,14,14,0,574
20037,4591,A05,0,A00,A0,A0,E0,0,0,1993,3,52,47,10,15,-5,1079
20041,4591,A05,0,A00,A0,A0,E0,0,0,1993,3,3,4,3,,1,579
20045,4591,A05,0,A00,A0,A0,E0,0,0,1993,3,222,216,81,86,-5,823
20051,4591,A05,0,A00,A0,A0,E0,0,0,1993,3,36,32,12,16,-4,573
20055,4591,A05,0,A00,A0,A0,E0,0,0,1993,3,32,26,8,14,-6,782
20057,4591,A05,0,A00,A0,A0,E0,0,0,1993,3,16,17,3,,1,439
20059,4591,A05,0,A00,A0,A0,E0,0,0,1993,3,8,9,,0,1,563
20061,4591,A05,0,A00,A0,A0,E0,0,0,1993,3,14,12,4,7,-2,598
20067,4591,A05,0,A00,A0,A0,E0,0,0,1993,3,,,0,,,289
20069,4591,A05,0,A00,A0,A0,E0,0,0,1993,3,,,,0,,219
20073,4591,A05,0,A00,A0,A0,E0,0,0,1993,3,,,0,0,,448
20079,4591,A05,0,A00,A0,A0,E0,0,0,1993,3,33,30,6,9,-3,657
20089,4591,A05,0,A00,A0,A0,E0,0,0,1993,3,,,0,,,529
20091,4591,A05,0,A00,A0,A0,E0,0,0,1993,3,1040,981,368,426,-59,852
20099,4591,A05,0,A00,A0,A0,E0,0,0,1993,3,18,19,9,7,1,481
20101,4591,A05,0,A00,A0,A0,E0,0,0,1993,3,,,0,,,28
20103,4591,A05,0,A00,A0,A0,E0,0,0,1993,3,13,18,6,,5,668
20107,4591,A05,0,A00,A0,A0,E0,0,0,1993,3,,,0,0,,723
20111,4591,A05,0,A00,A0,A0,E0,0,0,1993,3,36,34,4,6,-2,860
20113,4591,A05,0,A00,A0,A0,E0,0,0,1993,3,25,23,4,6,-2,1122
20117,4591,A05,0,A00,A0,A0,E0,0,0,1993,3,,,0,0,,939
20121,4591,A05,0,A00,A0,A0,E0,0,0,1993,3,21,18,4,7,-3,1439
20123,4591,A05,0,A00,A0,A0,E0,0,0,1993,3,,,0,0,,722
20125,4591,A05,0,A00,A0,A0,E0,0,0,1993,3,23,17,,9,-7,644
20131,4591,A05,0,A00,A0,A0,E0,0,0,1993,3,,,,0,,177
20133,4591,A05,0,A00,A0,A0,E0,0,0,1993,3,,,,,,671
20139,4591,A05,0,A00,A0,A0,E0,0,0,1993,3,18,18,0,0,0,1050
20141,4591,A05,0,A00,A0,A0,E0,0,0,1993,3,,,,,,557
20147,4591,A05,0,A00,A0,A0,E0,0,0,1993,3,,,0,0,,172
20151,4591,A05,0,A00,A0,A0,E0,0,0,1993,3,,,0,0,,463
20153,4591,A05,0,A00,A0,A0,E0,0,0,1993,3,,0,0,,,48
20155,4591,A05,0,A00,A0,A0,E0,0,0,1993,3,116,113,28,31,-3,758
20157,4591,A05,0,A00,A0,A0,E0,0,0,1993,3,,,0,0,,486
20161,4591,A05,0,A00,A0,A0,E0,0,0,1993,3,138,135,46,49,-3,568
20163,4591,A05,0,A00,A0,A0,E0,0,0,1993,3,,,0,,,766
20169,4591,A05,0,A00,A0,A0,E0,0,0,1993,3,123,134,40,30,10,938
20171,4591,A05,0,A00,A0,A0,E0,0,0,1993,3,,,0,0,,379
20173,4591,A05,0,A00,A0,A0,E0,0,0,1993,3,737,758,262,241,22,895
20175,4591,A05,0,A00,A0,A0,E0,0,0,1993,3,38,38,9,10,-1,850
20177,4591,A05,0,A00,A0,A0,E0,0,0,1993,3,246,278,120,88,32,750
20191,4591,A05,0,A00,A0,A0,E0,0,0,1993,3,,,,,,495
20193,4591,A05,0,A00,A0,A0,E0,0,0,1993,3,,,,,,468
20197,4591,A05,0,A00,A0,A0,E0,0,0,1993,3,,,0,,,105
20209,4591,A05,0,A00,A0,A0,E0,0,0,1993,3,53,71,36,17,19,1212
20,4591,A05,0,A00,A0,A0,E0,0,0,1993,3,3234,3218,1114,1130,-16,825
20001,4591,A05,0,A00,A0,A0,E0,0,0,1993,4,,,0,,,549
20003,4591,A05,0,A00,A0,A0,E0,0,0,1993,4,,,0,,,528
20007,4591,A05,0,A00,A0,A0,E0,0,0,1993,4,,0,0,,,800
20009,4591,A05,0,A00,A0,A0,E0,0,0,1993,4,22,24,3,,2,559
20011,4591,A05,0,A00,A0,A0,E0,0,0,1993,4,,,,,,1452
20015,4591,A05,0,A00,A0,A0,E0,0,0,1993,4,9,7,3,5,-2,811
20027,4591,A05,0,A00,A0,A0,E0,0,0,1993,4,,,0,,,400
20029,4591,A05,0,A00,A0,A0,E0,0,0,1993,4,,,,,,985
20031,4591,A05,0,A00,A0,A0,E0,0,0,1993,4,,,0,,,457
20035,4591,A05,0,A00,A0,A0,E0,0,0,1993,4,31,26,5,9,-5,511
20037,4591,A05,0,A00,A0,A0,E0,0,0,1993,4,47,42,9,15,-6,1330
20041,4591,A05,0,A00,A0,A0,E0,0,0,1993,4,,,,,,569
20045,4591,A05,0,A00,A0,A0,E0,0,0,1993,4,216,210,85,91,-6,712
20051,4591,A05,0,A00,A0,A0,E0,0,0,1993,4,33,29,5,8,-3,882
20055,4591,A05,0,A00,A0,A0,E0,0,0,1993,4,26,23,3,6,-3,824
20057,4591,A05,0,A00,A0,A0,E0,0,0,1993,4,17,14,4,6,-3,469
20059,4591,A05,0,A00,A0,A0,E0,0,0,1993,4,9,7,0,,-2,630
20061,4591,A05,0,A00,A0,A0,E0,0,0,1993,4,12,12,8,8,0,871
20067,4591,A05,0,A00,A0,A0,E0,0,0,1993,4,,,,,,390
20069,4591,A05,0,A00,A0,A0,E0,0,0,1993,4,,,0,0,,136
20073,4591,A05,0,A00,A0,A0,E0,0,0,1993,4,,,0,0,,506
20079,4591,A05,0,A00,A0,A0,E0,0,0,1993,4,30,18,3,15,-12,1011
20089,4591,A05,0,A00,A0,A0,E0,0,0,1993,4,,,0,0,,378
20091,4591,A05,0,A00,A0,A0,E0,0,0,1993,4,981,1068,464,377,87,1025
20099,4591,A05,0,A00,A0,A0,E0,0,0,1993,4,19,13,5,12,-6,414
20101,4591,A05,0,A00,A0,A0,E0,0,0,1993,4,,,,,,21
20103,4591,A05,0,A00,A0,A0,E0,0,0,1993,4,18,14,3,7,-4,551
20107,4591,A05,0,A00,A0,A0,E0,0,0,1993,4,,,0,0,,294
20111,4591,A05,0,A00,A0,A0,E0,0,0,1993,4,34,32,6,8,-3,1060
20113,4591,A05,0,A00,A0,A0,E0,0,0,1993,4,23,24,6,6,0,910
20117,4591,A05,0,A00,A0,A0,E0,0,0,1993,4,,,0,,,954
20121,4591,A05,0,A00,A0,A0,E0,0,0,1993,4,18,15,,4,-2,1403
20123,4591,A05,0,A00,A0,A0,E0,0,0,1993,4,,,0,0,,824
20125,4591,A05,0,A00,A0,A0,E0,0,0,1993,4,17,16,3,4,-1,707
20131,4591,A05,0,A00,A0,A0,E0,0,0,1993,4,,,0,0,,266
20133,4591,A05,0,A00,A0,A0,E0,0,0,1993,4,,,,,,530
20139,4591,A05,0,A00,A0,A0,E0,0,0,1993,4,18,16,,,-1,899
20141,4591,A05,0,A00,A0,A0,E0,0,0,1993,4,,,0,0,,488
20143,4591,A05,0,A00,A0,A0,E0,0,0,1993,4,0,,,,,
20147,4591,A05,0,A00,A0,A0,E0,0,0,1993,4,,,0,0,,144
20151,4591,A05,0,A00,A0,A0,E0,0,0,1993,4,,,0,0,,412
20153,4591,A05,0,A00,A0,A0,E0,0,0,1993,4,0,,,0,,
20155,4591,A05,0,A00,A0,A0,E0,0,0,1993,4,113,122,35,25,10,850
20157,4591,A05,0,A00,A0,A0,E0,0,0,1993,4,,,,0,,140
20161,4591,A05,0,A00,A0,A0,E0,0,0,1993,4,135,140,44,39,5,586
20163,4591,A05,0,A00,A0,A0,E0,0,0,1993,4,,,0,,,572
20169,4591,A05,0,A00,A0,A0,E0,0,0,1993,4,132,149,68,51,18,1272
20171,4591,A05,0,A00,A0,A0,E0,0,0,1993,4,,,,,,463
20173,4591,A05,0,A00,A0,A0,E0,0,0,1993,4,755,787,314,282,33,1003
20175,4591,A05,0,A00,A0,A0,E0,0,0,1993,4,37,36,,3,-1,904
20177,4591,A05,0,A00,A0,A0,E0,0,0,1993,4,278,306,121,94,27,881
20191,4591,A05,0,A00,A0,A0,E0,0,0,1993,4,,,,,,244
20193,4591,A05,0,A00,A0,A0,E0,0,0,1993,4,,,,,,394
20197,4591,A05,0,A00,A0,A0,E0,0,0,1993,4,,,0,0,,297
20209,4591,A05,0,A00,A0,A0,E0,0,0,1993,4,71,72,30,30,0,1094
20,4591,A05,0,A00,A0,A0,E0,0,0,1993,4,3214,3328,1257,1143,114,933
20001,4591,A05,0,A00,A0,A0,E0,0,0,1994,1,,,,,,624
20003,4591,A05,0,A00,A0,A0,E0,0,0,1994,1,,,0,0,,503
20007,4591,A05,0,A00,A0,A0,E0,0,0,1994,1,0,,,0,,
20009,4591,A05,0,A00,A0,A0,E0,0,0,1994,1,24,20,3,7,-3,423
20011,4591,A05,0,A00,A0,A0,E0,0,0,1994,1,5,7,,0,2,929
20015,4591,A05,0,A00,A0,A0,E0,0,0,1994,1,7,14,8,,6,948
20027,4591,A05,0,A00,A0,A0,E0,0,0,1994,1,,,0,0,,407
20029,4591,A05,0,A00,A0,A0,E0,0,0,1994,1,,,,0,,892
20031,4591,A05,0,A00,A0,A0,E0,0,0,1994,1,,,,,,438
20035,4591,A05,0,A00,A0,A0,E0,0,0,1994,1,26,35,15,7,8,529
20037,4591,A05,0,A00,A0,A0,E0,0,0,1994,1,40,40,10,10,0,1214
20041,4591,A05,0,A00,A0,A0,E0,0,0,1994,1,,,0,,,842
20045,4591,A05,0,A00,A0,A0,E0,0,0,1994,1,213,224,50,40,11,687
20051,4591,A05,0,A00,A0,A0,E0,0,0,1994,1,29,33,8,5,3,743
20055,4591,A05,0,A00,A0,A0,E0,0,0,1994,1,22,23,6,5,1,809
20057,4591,A05,0,A00,A0,A0,E0,0,0,1994,1,14,13,0,,-1,523
20059,4591,A05,0,A00,A0,A0,E0,0,0,1994,1,7,7,,,0,730
20061,4591,A05,0,A00,A0,A0,E0,0,0,1994,1,12,11,6,7,-1,645
20067,4591,A05,0,A00,A0,A0,E0,0,0,1994,1,,,,0,,381
20069,4591,A05,0,A00,A0,A0,E0,0,0,1994,1,,,0,0,,131
20073,4591,A05,0,A00,A0,A0,E0,0,0,1994,1,,0,0,,,477
20079,4591,A05,0,A00,A0,A0,E0,0,0,1994,1,18,18,5,5,0,543
20089,4591,A05,0,A00,A0,A0,E0,0,0,1994,1,,,0,0,,302
20091,4591,A05,0,A00,A0,A0,E0,0,0,1994,1,1129,1136,415,408,7,799
20099,4591,A05,0,A00,A0,A0,E0,0,0,1994,1,12,13,5,3,2,448
20101,4591,A05,0,A00,A0,A0,E0,0,0,1994,1,,,,,,100
20103,4591,A05,0,A00,A0,A0,E0,0,0,1994,1,14,13,0,,-1,605
20107,4591,A05,0,A00,A0,A0,E0,0,0,1994,1,,,0,0,,59
20111,4591,A05,0,A00,A0,A0,E0,0,0,1994,1,32,31,3,4,-1,969
20113,4591,A05,0,A00,A0,A0,E0,0,0,1994,1,24,28,8,3,5,900
20117,4591,A05,0,A00,A0,A0,E0,0,0,1994,1,,,,,,1033
20121,4591,A05,0,A00,A0,A0,E0,0,0,1994,1,16,21,8,,6,1260
20123,4591,A05,0,A00,A0,A0,E0,0,0,1994,1,,,0,0,,688
20125,4591,A05,0,A00,A0,A0,E0,0,0,1994,1,16,14,,3,-2,606
20131,4591,A05,0,A00,A0,A0,E0,0,0,1994,1,,,0,0,,259
20133,4591,A05,0,A00,A0,A0,E0,0,0,1994,1,,,,0,,648
20139,4591,A05,0,A00,A0,A0,E0,0,0,1994,1,16,15,,,-2,615
20141,4591,A05,0,A00,A0,A0,E0,0,0,1994,1,,,0,,,522
20143,4591,A05,0,A00,A0,A0,E0,0,0,1994,1,,0,0,,,149
20147,4591,A05,0,A00,A0,A0,E0,0,0,1994,1,,,0,0,,116
20151,4591,A05,0,A00,A0,A0,E0,0,0,1994,1,,,0,,,312
20153,4591,A05,0,A00,A0,A0,E0,0,0,1994,1,,,0,0,,525
20155,4591,A05,0,A00,A0,A0,E0,0,0,1994,1,123,118,21,26,-5,742
20157,4591,A05,0,A00,A0,A0,E0,0,0,1994,1,,,0,0,,152
20161,4591,A05,0,A00,A0,A0,E0,0,0,1994,1,140,136,24,27,-3,534
20163,4591,A05,0,A00,A0,A0,E0,0,0,1994,1,,,0,0,,841
20169,4591,A05,0,A00,A0,A0,E0,0,0,1994,1,150,134,29,45,-15,827
20171,4591,A05,0,A00,A0,A0,E0,0,0,1994,1,,,0,0,,323
20173,4591,A05,0,A00,A0,A0,E0,0,0,1994,1,797,772,213,239,-26,849
20175,4591,A05,0,A00,A0,A0,E0,0,0,1994,1,37,35,,4,-2,831
20177,4591,A05,0,A00,A0,A0,E0,0,0,1994,1,299,282,74,90,-16,697
20191,4591,A05,0,A00,A0,A0,E0,0,0,1994,1,,,,0,,189
20193,4591,A05,0,A00,A0,A0,E0,0,0,1994,1,,,,,,405
20197,4591,A05,0,A00,A0,A0,E0,0,0,1994,1,,,0,0,,336
20209,4591,A05,0,A00,A0,A0,E0,0,0,1994,1,72,71,13,14,-1,951
20,4591,A05,0,A00,A0,A0,E0,0,0,1994,1,3394,3363,947,978,-31,774
20001,4591,A05,0,A00,A0,A0,E0,0,0,1994,2,,,,0,,943
20003,4591,A05,0,A00,A0,A0,E0,0,0,1994,2,,,0,0,,593
20007,4591,A05,0,A00,A0,A0,E0,0,0,1994,2,,0,0,,,800
20009,4591,A05,0,A00,A0,A0,E0,0,0,1994,2,20,23,6,4,2,504
20011,4591,A05,0,A00,A0,A0,E0,0,0,1994,2,7,7,,,0,663
20015,4591,A05,0,A00,A0,A0,E0,0,0,1994,2,14,16,6,4,2,787
20027,4591,A05,0,A00,A0,A0,E0,0,0,1994,2,,,,,,407
20029,4591,A05,0,A00,A0,A0,E0,0,0,1994,2,,,,,,828
20031,4591,A05,0,A00,A0,A0,E0,0,0,1994,2,,,,,,651
20035,4591,A05,0,A00,A0,A0,E0,0,0,1994,2,35,30,4,9,-5,492
20037,4591,A05,0,A00,A0,A0,E0,0,0,1994,2,40,52,20,7,12,1215
20041,4591,A05,0,A00,A0,A0,E0,0,0,1994,2,,,,,,988
20045,4591,A05,0,A00,A0,A0,E0,0,0,1994,2,230,230,79,79,0,667
20051,4591,A05,0,A00,A0,A0,E0,0,0,1994,2,32,37,9,5,4,818
20055,4591,A05,0,A00,A0,A0,E0,0,0,1994,2,23,33,20,10,10,837
20057,4591,A05,0,A00,A0,A0,E0,0,0,1994,2,13,15,4,3,2,611
20059,4591,A05,0,A00,A0,A0,E0,0,0,1994,2,7,7,,,0,781
20061,4591,A05,0,A00,A0,A0,E0,0,0,1994,2,11,12,9,8,1,624
20067,4591,A05,0,A00,A0,A0,E0,0,0,1994,2,,,,,,360
20069,4591,A05,0,A00,A0,A0,E0,0,0,1994,2,,,0,0,,111
20073,4591,A05,0,A00,A0,A0,E0,0,0,1994,2,0,0,,,0,
20079,4591,A05,0,A00,A0,A0,E0,0,0,1994,2,18,34,22,6,16,495
20089,4591,A05,0,A00,A0,A0,E0,0,0,1994,2,,,,,,567
20091,4591,A05,0,A00,A0,A0,E0,0,0,1994,2,1133,1131,363,365,-2,871
20099,4591,A05,0,A00,A0,A0,E0,0,0,1994,2,10,17,9,3,6,372
20101,4591,A05,0,A00,A0,A0,E0,0,0,1994,2,,,,,,97
20103,4591,A05,0,A00,A0,A0,E0,0,0,1994,2,13,15,5,3,2,649
20107,4591,A05,0,A00,A0,A0,E0,0,0,1994,2,,,0,0,,754
20111,4591,A05,0,A00,A0,A0,E0,0,0,1994,2,30,38,11,4,8,1129
20113,4591,A05,0,A00,A0,A0,E0,0,0,1994,2,28,32,10,7,4,1004
20117,4591,A05,0,A00,A0,A0,E0,0,0,1994,2,,,,0,,1039
20121,4591,A05,0,A00,A0,A0,E0,0,0,1994,2,22,23,6,4,2,1494
20123,4591,A05,0,A00,A0,A0,E0,0,0,1994,2,,,0,0,,755
20125,4591,A05,0,A00,A0,A0,E0,0,0,1994,2,13,17,5,,3,708
20131,4591,A05,0,A00,A0,A0,E0,0,0,1994,2,,,0,,,213
20133,4591,A05,0,A00,A0,A0,E0,0,0,1994,2,,,,,,601
20139,4591,A05,0,A00,A0,A0,E0,0,0,1994,2,15,11,,6,-4,624
20141,4591,A05,0,A00,A0,A0,E0,0,0,1994,2,,,,,,805
20143,4591,A05,0,A00,A0,A0,E0,0,0,1994,2,0,0,,,0,
20147,4591,A05,0,A00,A0,A0,E0,0,0,1994,2,,,,,,118
20151,4591,A05,0,A00,A0,A0,E0,0,0,1994,2,,,,,,236
20153,4591,A05,0,A00,A0,A0,E0,0,0,1994,2,,,,,,390
20155,4591,A05,0,A00,A0,A0,E0,0,0,1994,2,118,121,27,23,3,844
20157,4591,A05,0,A00,A0,A0,E0,0,0,1994,2,,,0,0,,153
20161,4591,A05,0,A00,A0,A0,E0,0,0,1994,2,137,136,39,40,-1,651
20163,4591,A05,0,A00,A0,A0,E0,0,0,1994,2,,,0,0,,1057
20169,4591,A05,0,A00,A0,A0,E0,0,0,1994,2,134,141,35,28,8,949
20171,4591,A05,0,A00,A0,A0,E0,0,0,1994,2,,,0,,,428
20173,4591,A05,0,A00,A0,A0,E0,0,0,1994,2,772,773,222,221,2,926
20175,4591,A05,0,A00,A0,A0,E0,0,0,1994,2,35,34,7,8,0,821
20177,4591,A05,0,A00,A0,A0,E0,0,0,1994,2,283,320,124,86,38,811
20191,4591,A05,0,A00,A0,A0,E0,0,0,1994,2,,,,,,457
20193,4591,A05,0,A00,A0,A0,E0,0,0,1994,2,,,,,,513
20197,4591,A05,0,A00,A0,A0,E0,0,0,1994,2,,,0,0,,265
20209,4591,A05,0,A00,A0,A0,E0,0,0,1994,2,71,68,13,17,-3,1036
20,4591,A05,0,A00,A0,A0,E0,0,0,1994,2,3363,3473,1099,989,110,846
20001,4591,A05,0,A00,A0,A0,E0,0,0,1994,3,,,,,,718
20003,4591,A05,0,A00,A0,A0,E0,0,0,1994,3,,,0,,,552
20007,4591,A05,0,A00,A0,A0,E0,0,0,1994,3,0,0,,,0,
20009,4591,A05,0,A00,A0,A0,E0,0,0,1994,3,23,19,,5,-3,492
20011,4591,A05,0,A00,A0,A0,E0,0,0,1994,3,7,6,0,,-1,618
20015,4591,A05,0,A00,A0,A0,E0,0,0,1994,3,16,16,3,3,0,631
20027,4591,A05,0,A00,A0,A0,E0,0,0,1994,3,,,0,,,399
20029,4591,A05,0,A00,A0,A0,E0,0,0,1994,3,,,,0,,840
20031,4591,A05,0,A00,A0,A0,E0,0,0,1994,3,,,,,,575
20035,4591,A05,0,A00,A0,A0,E0,0,0,1994,3,30,27,10,13,-3,587
20037,4591,A05,0,A00,A0,A0,E0,0,0,1994,3,53,53,13,13,1,1082
20041,4591,A05,0,A00,A0,A0,E0,0,0,1994,3,,,,,,1029
20045,4591,A05,0,A00,A0,A0,E0,0,0,1994,3,229,226,69,72,-4,743
20051,4591,A05,0,A00,A0,A0,E0,0,0,1994,3,37,29,8,15,-7,720
20055,4591,A05,0,A00,A0,A0,E0,0,0,1994,3,33,29,7,12,-5,792
20057,4591,A05,0,A00,A0,A0,E0,0,0,1994,3,15,14,3,5,-1,675
20059,4591,A05,0,A00,A0,A0,E0,0,0,1994,3,7,7,,,0,807
20061,4591,A05,0,A00,A0,A0,E0,0,0,1994,3,12,9,6,8,-2,660
20067,4591,A05,0,A00,A0,A0,E0,0,0,1994,3,,,0,0,,372
20069,4591,A05,0,A00,A0,A0,E0,0,0,1994,3,,,0,0,,175
20073,4591,A05,0,A00,A0,A0,E0,0,0,1994,3,0,0,,,0,
20079,4591,A05,0,A00,A0,A0,E0,0,0,1994,3,34,37,16,13,3,780
20089,4591,A05,0,A00,A0,A0,E0,0,0,1994,3,,0,,,,944
20091,4591,A05,0,A00,A0,A0,E0,0,0,1994,3,1138,1086,410,462,-53,899
20099,4591,A05,0,A00,A0,A0,E0,0,0,1994,3,17,11,3,9,-6,354
20101,4591,A05,0,A00,A0,A0,E0,0,0,1994,3,,,0,,,166
20103,4591,A05,0,A00,A0,A0,E0,0,0,1994,3,15,15,4,4,0,588
20107,4591,A05,0,A00,A0,A0,E0,0,0,1994,3,,0,0,,,787
20111,4591,A05,0,A00,A0,A0,E0,0,0,1994,3,38,36,9,12,-2,844
20113,4591,A05,0,A00,A0,A0,E0,0,0,1994,3,33,34,7,7,0,968
20117,4591,A05,0,A00,A0,A0,E0,0,0,1994,3,,,0,0,,942
20121,4591,A05,0,A00,A0,A0,E0,0,0,1994,3,24,23,9,10,-1,1223
20123,4591,A05,0,A00,A0,A0,E0,0,0,1994,3,,,0,0,,792
20125,4591,A05,0,A00,A0,A0,E0,0,0,1994,3,17,17,6,6,0,705
20131,4591,A05,0,A00,A0,A0,E0,0,0,1994,3,,,,,,393
20133,4591,A05,0,A00,A0,A0,E0,0,0,1994,3,,,,,,540
20139,4591,A05,0,A00,A0,A0,E0,0,0,1994,3,11,10,0,,-1,926
20141,4591,A05,0,A00,A0,A0,E0,0,0,1994,3,,,,,,524
20143,4591,A05,0,A00,A0,A0,E0,0,0,1994,3,0,,,0,,
20147,4591,A05,0,A00,A0,A0,E0,0,0,1994,3,,,0,0,,255
20151,4591,A05,0,A00,A0,A0,E0,0,0,1994,3,,,0,0,,1138
20153,4591,A05,0,A00,A0,A0,E0,0,0,1994,3,,,0,0,,915
20155,4591,A05,0,A00,A0,A0,E0,0,0,1994,3,121,127,35,29,6,858
20157,4591,A05,0,A00,A0,A0,E0,0,0,1994,3,,,0,,,152
20161,4591,A05,0,A00,A0,A0,E0,0,0,1994,3,136,140,43,39,4,665
20163,4591,A05,0,A00,A0,A0,E0,0,0,1994,3,,,0,,,846
20169,4591,A05,0,A00,A0,A0,E0,0,0,1994,3,142,141,39,40,-1,951
20171,4591,A05,0,A00,A0,A0,E0,0,0,1994,3,,,,,,414
20173,4591,A05,0,A00,A0,A0,E0,0,0,1994,3,772,837,311,246,65,945
20175,4591,A05,0,A00,A0,A0,E0,0,0,1994,3,34,35,8,7,1,869
20177,4591,A05,0,A00,A0,A0,E0,0,0,1994,3,320,329,124,116,8,769
20191,4591,A05,0,A00,A0,A0,E0,0,0,1994,3,,,0,,,520
20193,4591,A05,0,A00,A0,A0,E0,0,0,1994,3,,,0,,,755
20197,4591,A05,0,A00,A0,A0,E0,0,0,1994,3,,,0,0,,346
20205,4591,A05,0,A00,A0,A0,E0,0,0,1994,3,0,,,0,,
20209,4591,A05,0,A00,A0,A0,E0,0,0,1994,3,65,67,20,18,2,1065
20,4591,A05,0,A00,A0,A0,E0,0,0,1994,3,3477,3468,1194,1203,-9,860
20001,4591,A05,0,A00,A0,A0,E0,0,0,1994,4,,,,0,,808
20003,4591,A05,0,A00,A0,A0,E0,0,0,1994,4,,,,,,800
20007,4591,A05,0,A00,A0,A0,E0,0,0,1994,4,0,,,0,,
20009,4591,A05,0,A00,A0,A0,E0,0,0,1994,4,19,19,6,7,-1,484
20011,4591,A05,0,A00,A0,A0,E0,0,0,1994,4,6,4,0,,-1,1191
20015,4591,A05,0,A00,A0,A0,E0,0,0,1994,4,16,14,6,7,-2,492
20027,4591,A05,0,A00,A0,A0,E0,0,0,1994,4,,,,,,577
20029,4591,A05,0,A00,A0,A0,E0,0,0,1994,4,,,,,,1070
20031,4591,A05,0,A00,A0,A0,E0,0,0,1994,4,,,,,,355
20035,4591,A05,0,A00,A0,A0,E0,0,0,1994,4,27,28,5,4,1,596
20037,4591,A05,0,A00,A0,A0,E0,0,0,1994,4,53,49,13,17,-4,1143
20041,4591,A05,0,A00,A0,A0,E0,0,0,1994,4,,,0,0,,871
20045,4591,A05,0,A00,A0,A0,E0,0,0,1994,4,224,229,77,73,4,734
20051,4591,A05,0,A00,A0,A0,E0,0,0,1994,4,28,29,15,14,0,828
20055,4591,A05,0,A00,A0,A0,E0,0,0,1994,4,29,28,5,5,-1,914
20057,4591,A05,0,A00,A0,A0,E0,0,0,1994,4,13,10,4,7,-3,558
20059,4591,A05,0,A00,A0,A0,E0,0,0,1994,4,7,7,0,0,0,753
20061,4591,A05,0,A00,A0,A0,E0,0,0,1994,4,9,9,9,9,0,568
20067,4591,A05,0,A00,A0,A0,E0,0,0,1994,4,,,,,,386
20069,4591,A05,0,A00,A0,A0,E0,0,0,1994,4,,0,0,,,145
20073,4591,A05,0,A00,A0,A0,E0,0,0,1994,4,0,0,,,0,
20079,4591,A05,0,A00,A0,A0,E0,0,0,1994,4,37,35,6,9,-3,803
20091,4591,A05,0,A00,A0,A0,E0,0,0,1994,4,1154,1369,859,644,215,1007
20099,4591,A05,0,A00,A0,A0,E0,0,0,1994,4,11,7,,5,-4,414
20101,4591,A05,0,A00,A0,A0,E0,0,0,1994,4,,,,,,159
20103,4591,A05,0,A00,A0,A0,E0,0,0,1994,4,15,13,4,6,-2,566
20111,4591,A05,0,A00,A0,A0,E0,0,0,1994,4,37,35,5,6,-1,1024
20113,4591,A05,0,A00,A0,A0,E0,0,0,1994,4,34,27,4,10,-6,764
20117,4591,A05,0,A00,A0,A0,E0,0,0,1994,4,,,0,,,954
20121,4591,A05,0,A00,A0,A0,E0,0,0,1994,4,19,11,4,11,-8,842
20123,4591,A05,0,A00,A0,A0,E0,0,0,1994,4,,0,0,,,741
20125,4591,A05,0,A00,A0,A0,E0,0,0,1994,4,18,19,5,3,2,653
20131,4591,A05,0,A00,A0,A0,E0,0,0,1994,4,,,,0,,405
20133,4591,A05,0,A00,A0,A0,E0,0,0,1994,4,,,,,,527
20139,4591,A05,0,A00,A0,A0,E0,0,0,1994,4,10,9,,,-1,892
20141,4591,A05,0,A00,A0,A0,E0,0,0,1994,4,,,,0,,596
20143,4591,A05,0,A00,A0,A0,E0,0,0,1994,4,,0,,,,149
20147,4591,A05,0,A00,A0,A0,E0,0,0,1994,4,,,0,0,,398
20151,4591,A05,0,A00,A0,A0,E0,0,0,1994,4,,,,,,917
20153,4591,A05,0,A00,A0,A0,E0,0,0,1994,4,,,0,0,,1262
20155,4591,A05,0,A00,A0,A0,E0,0,0,1994,4,128,118,25,35,-9,915
20157,4591,A05,0,A00,A0,A0,E0,0,0,1994,4,,,0,0,,279
20161,4591,A05,0,A00,A0,A0,E0,0,0,1994,4,141,139,35,37,-2,649
20163,4591,A05,0,A00,A0,A0,E0,0,0,1994,4,,,0,,,1170
20169,4591,A05,0,A00,A0,A0,E0,0,0,1994,4,145,159,55,40,14,995
20171,4591,A05,0,A00,A0,A0,E0,0,0,1994,4,,0,,,,238
20173,4591,A05,0,A00,A0,A0,E0,0,0,1994,4,833,971,584,447,137,1020
20175,4591,A05,0,A00,A0,A0,E0,0,0,1994,4,36,37,5,4,1,890
20177,4591,A05,0,A00,A0,A0,E0,0,0,1994,4,328,332,163,159,4,783
20191,4591,A05,0,A00,A0,A0,E0,0,0,1994,4,,,0,,,280
20193,4591,A05,0,A00,A0,A0,E0,0,0,1994,4,,,,,,637
20197,4591,A05,0,A00,A0,A0,E0,0,0,1994,4,,,0,0,,351
20205,4591,A05,0,A00,A0,A0,E0,0,0,1994,4,,,,,,2239
20209,4591,A05,0,A00,A0,A0,E0,0,0,1994,4,60,64,23,18,4,1131
20,4591,A05,0,A00,A0,A0,E0,0,0,1994,4,3527,3859,1949,1618,331,922
20001,4591,A05,0,A00,A0,A0,E0,0,0,1995,1,,,0,,,491
20003,4591,A05,0,A00,A0,A0,E0,0,0,1995,1,,,0,0,,495
20007,4591,A05,0,A00,A0,A0,E0,0,0,1995,1,,,0,0,,800
20009,4591,A05,0,A00,A0,A0,E0,0,0,1995,1,19,22,4,,3,499
20011,4591,A05,0,A00,A0,A0,E0,0,0,1995,1,4,8,4,0,4,909
20015,4591,A05,0,A00,A0,A0,E0,0,0,1995,1,14,14,5,5,0,641
20027,4591,A05,0,A00,A0,A0,E0,0,0,1995,1,,,,,,478
20029,4591,A05,0,A00,A0,A0,E0,0,0,1995,1,,,,0,,773
20031,4591,A05,0,A00,A0,A0,E0,0,0,1995,1,,,,,,197
20035,4591,A05,0,A00,A0,A0,E0,0,0,1995,1,28,29,10,9,1,525
20037,4591,A05,0,A00,A0,A0,E0,0,0,1995,1,49,52,34,31,3,1143
20041,4591,A05,0,A00,A0,A0,E0,0,0,1995,1,,,,,,814
20045,4591,A05,0,A00,A0,A0,E0,0,0,1995,1,228,196,52,84,-32,653
20051,4591,A05,0,A00,A0,A0,E0,0,0,1995,1,29,41,21,8,13,689
20055,4591,A05,0,A00,A0,A0,E0,0,0,1995,1,28,33,12,8,4,901
20057,4591,A05,0,A00,A0,A0,E0,0,0,1995,1,10,12,,,1,515
20059,4591,A05,0,A00,A0,A0,E0,0,0,1995,1,7,7,0,0,0,795
20061,4591,A05,0,A00,A0,A0,E0,0,0,1995,1,9,10,9,8,1,678
20067,4591,A05,0,A00,A0,A0,E0,0,0,1995,1,,,,,,353
20069,4591,A05,0,A00,A0,A0,E0,0,0,1995,1,0,,,0,,
20073,4591,A05,0,A00,A0,A0,E0,0,0,1995,1,0,,,0,,
20079,4591,A05,0,A00,A0,A0,E0,0,0,1995,1,35,32,6,8,-3,622
20091,4591,A05,0,A00,A0,A0,E0,0,0,1995,1,1408,1268,349,489,-140,801
20099,4591,A05,0,A00,A0,A0,E0,0,0,1995,1,7,7,,,1,490
20101,4591,A05,0,A00,A0,A0,E0,0,0,1995,1,,0,0,,,178
20103,4591,A05,0,A00,A0,A0,E0,0,0,1995,1,13,17,5,,4,694
20111,4591,A05,0,A00,A0,A0,E0,0,0,1995,1,34,33,3,5,-2,993
20113,4591,A05,0,A00,A0,A0,E0,0,0,1995,1,27,32,11,7,4,972
20117,4591,A05,0,A00,A0,A0,E0,0,0,1995,1,,,,,,290
20121,4591,A05,0,A00,A0,A0,E0,0,0,1995,1,,,,,,949
20123,4591,A05,0,A00,A0,A0,E0,0,0,1995,1,0,0,,,0,
20125,4591,A05,0,A00,A0,A0,E0,0,0,1995,1,19,17,5,7,-2,613
20131,4591,A05,0,A00,A0,A0,E0,0,0,1995,1,,,0,0,,327
20133,4591,A05,0,A00,A0,A0,E0,0,0,1995,1,,,,0,,613
20139,4591,A05,0,A00,A0,A0,E0,0,0,1995,1,9,8,,3,-1,962
20141,4591,A05,0,A00,A0,A0,E0,0,0,1995,1,,,,0,,705
20145,4591,A05,0,A00,A0,A0,E0,0,0,1995,1,0,,,0,,
20147,4591,A05,0,A00,A0,A0,E0,0,0,1995,1,,,0,0,,326
20149,4591,A05,0,A00,A0,A0,E0,0,0,1995,1,0,0,,,0,
20151,4591,A05,0,A00,A0,A0,E0,0,0,1995,1,,,0,0,,1445
20153,4591,A05,0,A00,A0,A0,E0,0,0,1995,1,,,0,0,,522
20155,4591,A05,0,A00,A0,A0,E0,0,0,1995,1,119,108,29,40,-11,797
20157,4591,A05,0,A00,A0,A0,E0,0,0,1995,1,,,0,0,,212
20161,4591,A05,0,A00,A0,A0,E0,0,0,1995,1,139,139,27,27,0,610
20163,4591,A05,0,A00,A0,A0,E0,0,0,1995,1,,,,0,,637
20169,4591,A05,0,A00,A0,A0,E0,0,0,1995,1,161,151,30,40,-11,917
20173,4591,A05,0,A00,A0,A0,E0,0,0,1995,1,959,874,248,334,-85,824
20175,4591,A05,0,A00,A0,A0,E0,0,0,1995,1,37,36,3,4,-1,837
20177,4591,A05,0,A00,A0,A0,E0,0,0,1995,1,334,310,81,105,-24,682
20191,4591,A05,0,A00,A0,A0,E0,0,0,1995,1,,,,,,221
20193,4591,A05,0,A00,A0,A0,E0,0,0,1995,1,,,,,,457
20197,4591,A05,0,A00,A0,A0,E0,0,0,1995,1,,,0,0,,327
20205,4591,A05,0,A00,A0,A0,E0,0,0,1995,1,,,0,0,,1714
20209,4591,A05,0,A00,A0,A0,E0,0,0,1995,1,61,56,13,18,-4,947
20,4591,A05,0,A00,A0,A0,E0,0,0,1995,1,3884,3619,998,1263,-265,780
20001,4591,A05,0,A00,A0,A0,E0,0,0,1995,2,,,,,,549
20003,4591,A05,0,A00,A0,A0,E0,0,0,1995,2,,,0,0,,719
20007,4591,A05,0,A00,A0,A0,E0,0,0,1995,2,,,0,0,,800
20009,4591,A05,0,A00,A0,A0,E0,0,0,1995,2,22,18,0,3,-3,525
20011,4591,A05,0,A00,A0,A0,E0,0,0,1995,2,8,7,0,,-1,595
20015,4591,A05,0,A00,A0,A0,E0,0,0,1995,2,14,12,5,7,-2,550
20027,4591,A05,0,A00,A0,A0,E0,0,0,1995,2,,,,0,,477
20029,4591,A05,0,A00,A0,A0,E0,0,0,1995,2,,,,,,703
20031,4591,A05,0,A00,A0,A0,E0,0,0,1995,2,,,,,,351
20035,4591,A05,0,A00,A0,A0,E0,0,0,1995,2,29,34,9,4,5,503
20037,4591,A05,0,A00,A0,A0,E0,0,0,1995,2,52,54,11,9,2,1049
20041,4591,A05,0,A00,A0,A0,E0,0,0,1995,2,,,,0,,725
20045,4591,A05,0,A00,A0,A0,E0,0,0,1995,2,195,207,69,57,12,766
20051,4591,A05,0,A00,A0,A0,E0,0,0,1995,2,42,43,10,9,1,643
20055,4591,A05,0,A00,A0,A0,E0,0,0,1995,2,32,38,14,9,6,901
20057,4591,A05,0,A00,A0,A0,E0,0,0,1995,2,12,14,3,,2,503
20059,4591,A05,0,A00,A0,A0,E0,0,0,1995,2,7,7,0,0,0,757
20061,4591,A05,0,A00,A0,A0,E0,0,0,1995,2,10,9,6,7,-1,701
20067,4591,A05,0,A00,A0,A0,E0,0,0,1995,2,,,,,,420
20069,4591,A05,0,A00,A0,A0,E0,0,0,1995,2,,,0,0,,135
20073,4591,A05,0,A00,A0,A0,E0,0,0,1995,2,,,0,0,,552
20079,4591,A05,0,A00,A0,A0,E0,0,0,1995,2,32,35,10,7,3,703
20089,4591,A05,0,A00,A0,A0,E0,0,0,1995,2,0,,,,,
20091,4591,A05,0,A00,A0,A0,E0,0,0,1995,2,1271,1261,408,418,-10,929
20099,4591,A05,0,A00,A0,A0,E0,0,0,1995,2,7,5,3,5,-2,529
20101,4591,A05,0,A00,A0,A0,E0,0,0,1995,2,0,0,,,0,
20103,4591,A05,0,A00,A0,A0,E0,0,0,1995,2,17,19,8,5,2,635
20111,4591,A05,0,A00,A0,A0,E0,0,0,1995,2,33,34,9,8,1,1050
20113,4591,A05,0,A00,A0,A0,E0,0,0,1995,2,32,36,13,9,4,1064
20117,4591,A05,0,A00,A0,A0,E0,0,0,1995,2,,,,0,,310
20121,4591,A05,0,A00,A0,A0,E0,0,0,1995,2,,,,,,1160
20123,4591,A05,0,A00,A0,A0,E0,0,0,1995,2,0,,,0,,
20125,4591,A05,0,A00,A0,A0,E0,0,0,1995,2,17,18,8,8,1,537
20131,4591,A05,0,A00,A0,A0,E0,0,0,1995,2,,,0,0,,347
20133,4591,A05,0,A00,A0,A0,E0,0,0,1995,2,,,0,,,600
20139,4591,A05,0,A00,A0,A0,E0,0,0,1995,2,8,8,5,5,0,1105
20141,4591,A05,0,A00,A0,A0,E0,0,0,1995,2,,,,,,660
20145,4591,A05,0,A00,A0,A0,E0,0,0,1995,2,,0,0,,,83
20147,4591,A05,0,A00,A0,A0,E0,0,0,1995,2,,0,0,,,97
20149,4591,A05,0,A00,A0,A0,E0,0,0,1995,2,0,,,0,0,
20151,4591,A05,0,A00,A0,A0,E0,0,0,1995,2,,,,,,1379
20153,4591,A05,0,A00,A0,A0,E0,0,0,1995,2,,,0,0,,390
20155,4591,A05,0,A00,A0,A0,E0,0,0,1995,2,105,108,33,30,3,918
20157,4591,A05,0,A00,A0,A0,E0,0,0,1995,2,,,0,0,,231
20161,4591,A05,0,A00,A0,A0,E0,0,0,1995,2,140,140,38,38,0,655
20163,4591,A05,0,A00,A0,A0,E0,0,0,1995,2,,,,,,773
20169,4591,A05,0,A00,A0,A0,E0,0,0,1995,2,149,141,41,49,-8,976
20173,4591,A05,0,A00,A0,A0,E0,0,0,1995,2,877,897,330,310,20,954
20175,4591,A05,0,A00,A0,A0,E0,0,0,1995,2,36,28,5,13,-7,778
20177,4591,A05,0,A00,A0,A0,E0,0,0,1995,2,311,322,137,125,11,793
20191,4591,A05,0,A00,A0,A0,E0,0,0,1995,2,,,,0,,463
20193,4591,A05,0,A00,A0,A0,E0,0,0,1995,2,,,0,0,,649
20197,4591,A05,0,A00,A0,A0,E0,0,0,1995,2,,,0,0,,316
20205,4591,A05,0,A00,A0,A0,E0,0,0,1995,2,,,0,0,,1878
20209,4591,A05,0,A00,A0,A0,E0,0,0,1995,2,54,57,10,8,3,1055
20,4591,A05,0,A00,A0,A0,E0,0,0,1995,2,3618,3659,1212,1171,41,880
20001,4591,A05,0,A00,A0,A0,E0,0,0,1995,3,,,,,,570
20003,4591,A05,0,A00,A0,A0,E0,0,0,1995,3,,,0,0,,686
20007,4591,A05,0,A00,A0,A0,E0,0,0,1995,3,,,0,0,,800
20009,4591,A05,0,A00,A0,A0,E0,0,0,1995,3,18,18,7,7,0,438
20011,4591,A05,0,A00,A0,A0,E0,0,0,1995,3,7,3,0,4,-4,737
20015,4591,A05,0,A00,A0,A0,E0,0,0,1995,3,12,13,4,3,1,529
20027,4591,A05,0,A00,A0,A0,E0,0,0,1995,3,,,,,,524
20029,4591,A05,0,A00,A0,A0,E0,0,0,1995,3,,,,,,984
20031,4591,A05,0,A00,A0,A0,E0,0,0,1995,3,,,,,,252
20035,4591,A05,0,A00,A0,A0,E0,0,0,1995,3,34,31,4,7,-3,618
20037,4591,A05,0,A00,A0,A0,E0,0,0,1995,3,54,59,30,25,5,1014
20041,4591,A05,0,A00,A0,A0,E0,0,0,1995,3,,,,,,671
20045,4591,A05,0,A00,A0,A0,E0,0,0,1995,3,207,216,69,60,9,725
20051,4591,A05,0,A00,A0,A0,E0,0,0,1995,3,43,34,8,16,-8,677
20055,4591,A05,0,A00,A0,A0,E0,0,0,1995,3,38,37,16,18,-1,848
20057,4591,A05,0,A00,A0,A0,E0,0,0,1995,3,14,15,7,7,1,594
20059,4591,A05,0,A00,A0,A0,E0,0,0,1995,3,7,7,0,0,0,801
20061,4591,A05,0,A00,A0,A0,E0,0,0,1995,3,9,8,5,7,-1,641
20067,4591,A05,0,A00,A0,A0,E0,0,0,1995,3,,,0,0,,591
20069,4591,A05,0,A00,A0,A0,E0,0,0,1995,3,,,,0,,137
20073,4591,A05,0,A00,A0,A0,E0,0,0,1995,3,,,0,0,,582
20079,4591,A05,0,A00,A0,A0,E0,0,0,1995,3,39,26,13,26,-14,615
20089,4591,A05,0,A00,A0,A0,E0,0,0,1995,3,,0,,,,333
20091,4591,A05,0,A00,A0,A0,E0,0,0,1995,3,1264,1304,624,585,40,1014
20099,4591,A05,0,A00,A0,A0,E0,0,0,1995,3,5,6,,,1,584
20103,4591,A05,0,A00,A0,A0,E0,0,0,1995,3,19,22,9,6,3,603
20111,4591,A05,0,A00,A0,A0,E0,0,0,1995,3,35,31,10,13,-3,959
20113,4591,A05,0,A00,A0,A0,E0,0,0,1995,3,31,31,6,6,0,1083
20117,4591,A05,0,A00,A0,A0,E0,0,0,1995,3,,,0,0,,1058
20121,4591,A05,0,A00,A0,A0,E0,0,0,1995,3,,,,,,824
20123,4591,A05,0,A00,A0,A0,E0,0,0,1995,3,,,0,0,,755
20125,4591,A05,0,A00,A0,A0,E0,0,0,1995,3,18,16,4,6,-3,566
20131,4591,A05,0,A00,A0,A0,E0,0,0,1995,3,,,0,,,151
20133,4591,A05,0,A00,A0,A0,E0,0,0,1995,3,,,,,,586
20139,4591,A05,0,A00,A0,A0,E0,0,0,1995,3,9,6,4,6,-2,739
20141,4591,A05,0,A00,A0,A0,E0,0,0,1995,3,,,,,,862
20149,4591,A05,0,A00,A0,A0,E0,0,0,1995,3,,,0,0,,534
20151,4591,A05,0,A00,A0,A0,E0,0,0,1995,3,,,,,,1752
20153,4591,A05,0,A00,A0,A0,E0,0,0,1995,3,,,0,0,,518
20155,4591,A05,0,A00,A0,A0,E0,0,0,1995,3,109,111,31,29,2,905
20157,4591,A05,0,A00,A0,A0,E0,0,0,1995,3,,,0,0,,221
20161,4591,A05,0,A00,A0,A0,E0,0,0,1995,3,139,152,46,33,13,670
20163,4591,A05,0,A00,A0,A0,E0,0,0,1995,3,,,,,,720
20169,4591,A05,0,A00,A0,A0,E0,0,0,1995,3,142,146,55,51,5,947
20173,4591,A05,0,A00,A0,A0,E0,0,0,1995,3,899,896,325,327,-3,924
20175,4591,A05,0,A00,A0,A0,E0,0,0,1995,3,28,30,7,5,2,949
20177,4591,A05,0,A00,A0,A0,E0,0,0,1995,3,321,321,128,128,0,767
20191,4591,A05,0,A00,A0,A0,E0,0,0,1995,3,,,0,,,445
20193,4591,A05,0,A00,A0,A0,E0,0,0,1995,3,,,,,,639
20197,4591,A05,0,A00,A0,A0,E0,0,0,1995,3,,,0,0,,328
20205,4591,A05,0,A00,A0,A0,E0,0,0,1995,3,,,0,0,,1871
20209,4591,A05,0,A00,A0,A0,E0,0,0,1995,3,55,53,19,21,-2,1101
20,4591,A05,0,A00,A0,A0,E0,0,0,1995,3,3663,3693,1461,1431,30,897
20001,4591,A05,0,A00,A0,A0,E0,0,0,1995,4,,,,,,475
20003,4591,A05,0,A00,A0,A0,E0,0,0,1995,4,,,0,0,,776
20007,4591,A05,0,A00,A0,A0,E0,0,0,1995,4,,,0,0,,800
20009,4591,A05,0,A00,A0,A0,E0,0,0,1995,4,18,17,7,9,-2,697
20011,4591,A05,0,A00,A0,A0,E0,0,0,1995,4,,,0,,,1738
20015,4591,A05,0,A00,A0,A0,E0,0,0,1995,4,13,10,0,3,-3,526
20027,4591,A05,0,A00,A0,A0,E0,0,0,1995,4,,,,,,233
20029,4591,A05,0,A00,A0,A0,E0,0,0,1995,4,,,,,,1120
20031,4591,A05,0,A00,A0,A0,E0,0,0,1995,4,,,0,,,105
20035,4591,A05,0,A00,A0,A0,E0,0,0,1995,4,31,27,6,10,-4,532
20037,4591,A05,0,A00,A0,A0,E0,0,0,1995,4,59,81,59,37,22,1119
20041,4591,A05,0,A00,A0,A0,E0,0,0,1995,4,,,,,,1053
20045,4591,A05,0,A00,A0,A0,E0,0,0,1995,4,216,214,86,89,-2,769
20051,4591,A05,0,A00,A0,A0,E0,0,0,1995,4,34,32,14,16,-2,721
20055,4591,A05,0,A00,A0,A0,E0,0,0,1995,4,37,31,10,16,-6,873
20057,4591,A05,0,A00,A0,A0,E0,0,0,1995,4,14,13,2,4,-1,580
20059,4591,A05,0,A00,A0,A0,E0,0,0,1995,4,7,4,0,3,-3,748
20061,4591,A05,0,A00,A0,A0,E0,0,0,1995,4,8,7,5,6,-1,464
20067,4591,A05,0,A00,A0,A0,E0,0,0,1995,4,,,,0,,589
20069,4591,A05,0,A00,A0,A0,E0,0,0,1995,4,,,0,,,191
20073,4591,A05,0,A00,A0,A0,E0,0,0,1995,4,,0,0,,,171
20079,4591,A05,0,A00,A0,A0,E0,0,0,1995,4,26,24,11,14,-2,727
20091,4591,A05,0,A00,A0,A0,E0,0,0,1995,4,1304,1451,850,703,147,1083
20099,4591,A05,0,A00,A0,A0,E0,0,0,1995,4,6,9,4,,3,625
20103,4591,A05,0,A00,A0,A0,E0,0,0,1995,4,22,18,,6,-4,522
20111,4591,A05,0,A00,A0,A0,E0,0,0,1995,4,31,30,6,7,-1,1095
20113,4591,A05,0,A00,A0,A0,E0,0,0,1995,4,31,29,11,13,-2,822
20117,4591,A05,0,A00,A0,A0,E0,0,0,1995,4,,,0,0,,833
20121,4591,A05,0,A00,A0,A0,E0,0,0,1995,4,,,0,,,761
20123,4591,A05,0,A00,A0,A0,E0,0,0,1995,4,,,0,0,,810
20125,4591,A05,0,A00,A0,A0,E0,0,0,1995,4,16,18,5,3,2,579
20131,4591,A05,0,A00,A0,A0,E0,0,0,1995,4,,,0,0,,90
20133,4591,A05,0,A00,A0,A0,E0,0,0,1995,4,,,,,,668
20139,4591,A05,0,A00,A0,A0,E0,0,0,1995,4,6,6,,,0,864
20141,4591,A05,0,A00,A0,A0,E0,0,0,1995,4,,,,0,,567
20145,4591,A05,0,A00,A0,A0,E0,0,0,1995,4,0,0,,,0,
20149,4591,A05,0,A00,A0,A0,E0,0,0,1995,4,,0,0,,,391
20151,4591,A05,0,A00,A0,A0,E0,0,0,1995,4,,,,,,1631
20153,4591,A05,0,A00,A0,A0,E0,0,0,1995,4,,,,,,426
20155,4591,A05,0,A00,A0,A0,E0,0,0,1995,4,113,111,37,39,-2,906
20157,4591,A05,0,A00,A0,A0,E0,0,0,1995,4,,,0,0,,203
20161,4591,A05,0,A00,A0,A0,E0,0,0,1995,4,152,146,37,43,-6,568
20163,4591,A05,0,A00,A0,A0,E0,0,0,1995,4,,0,0,,,537
20169,4591,A05,0,A00,A0,A0,E0,0,0,1995,4,147,161,61,47,14,1098
20173,4591,A05,0,A00,A0,A0,E0,0,0,1995,4,895,1072,613,435,178,1014
20175,4591,A05,0,A00,A0,A0,E0,0,0,1995,4,31,26,4,9,-5,786
20177,4591,A05,0,A00,A0,A0,E0,0,0,1995,4,321,342,197,177,20,785
20191,4591,A05,0,A00,A0,A0,E0,0,0,1995,4,,,,,,360
20193,4591,A05,0,A00,A0,A0,E0,0,0,1995,4,,,0,,,629
20197,4591,A05,0,A00,A0,A0,E0,0,0,1995,4,,,0,0,,290
20205,4591,A05,0,A00,A0,A0,E0,0,0,1995,4,,,0,0,,1874
20209,4591,A05,0,A00,A0,A0,E0,0,0,1995,4,53,57,14,10,4,1236
20,4591,A05,0,A00,A0,A0,E0,0,0,1995,4,3694,4032,2060,1722,338,954
20001,4591,A05,0,A00,A0,A0,E0,0,0,1996,1,,,0,0,,533
20003,4591,A05,0,A00,A0,A0,E0,0,0,1996,1,,,0,0,,635
20007,4591,A05,0,A00,A0,A0,E0,0,0,1996,1,,,0,0,,800
20009,4591,A05,0,A00,A0,A0,E0,0,0,1996,1,17,18,5,3,2,693
20011,4591,A05,0,A00,A0,A0,E0,0,0,1996,1,,3,,,1,1805
20015,4591,A05,0,A00,A0,A0,E0,0,0,1996,1,10,10,,,0,782
20027,4591,A05,0,A00,A0,A0,E0,0,0,1996,1,,,,,,227
20029,4591,A05,0,A00,A0,A0,E0,0,0,1996,1,,,,,,810
20031,4591,A05,0,A00,A0,A0,E0,0,0,1996,1,,,0,0,,161
20035,4591,A05,0,A00,A0,A0,E0,0,0,1996,1,27,27,5,4,1,529
20037,4591,A05,0,A00,A0,A0,E0,0,0,1996,1,81,69,12,24,-12,856
20041,4591,A05,0,A00,A0,A0,E0,0,0,1996,1,,,,,,734
20045,4591,A05,0,A00,A0,A0,E0,0,0,1996,1,214,203,37,49,-11,707
20051,4591,A05,0,A00,A0,A0,E0,0,0,1996,1,32,33,8,7,1,725
20055,4591,A05,0,A00,A0,A0,E0,0,0,1996,1,27,26,7,8,-1,966
20057,4591,A05,0,A00,A0,A0,E0,0,0,1996,1,13,13,,,0,507
20059,4591,A05,0,A00,A0,A0,E0,0,0,1996,1,4,5,3,,1,486
20061,4591,A05,0,A00,A0,A0,E0,0,0,1996,1,,,,,,538
20067,4591,A05,0,A00,A0,A0,E0,0,0,1996,1,,,0,,,376
20069,4591,A05,0,A00,A0,A0,E0,0,0,1996,1,,,0,0,,401
20079,4591,A05,0,A00,A0,A0,E0,0,0,1996,1,24,28,5,,5,524
20085,4591,A05,0,A00,A0,A0,E0,0,0,1996,1,0,0,,,0,
20089,4591,A05,0,A00,A0,A0,E0,0,0,1996,1,0,,,0,,
20091,4591,A05,0,A00,A0,A0,E0,0,0,1996,1,1444,1326,383,502,-118,856
20095,4591,A05,0,A00,A0,A0,E0,0,0,1996,1,,,0,0,,443
20097,4591,A05,0,A00,A0,A0,E0,0,0,1996,1,0,,,0,,
20099,4591,A05,0,A00,A0,A0,E0,0,0,1996,1,9,9,,3,0,444
20103,4591,A05,0,A00,A0,A0,E0,0,0,1996,1,21,21,,,0,529
20111,4591,A05,0,A00,A0,A0,E0,0,0,1996,1,30,28,6,7,-2,1046
20113,4591,A05,0,A00,A0,A0,E0,0,0,1996,1,29,25,,7,-5,858
20117,4591,A05,0,A00,A0,A0,E0,0,0,1996,1,,,0,0,,484
20121,4591,A05,0,A00,A0,A0,E0,0,0,1996,1,,,,,,769
20123,4591,A05,0,A00,A0,A0,E0,0,0,1996,1,,,,,,739
20125,4591,A05,0,A00,A0,A0,E0,0,0,1996,1,18,15,4,7,-3,566
20131,4591,A05,0,A00,A0,A0,E0,0,0,1996,1,,,,,,43
20133,4591,A05,0,A00,A0,A0,E0,0,0,1996,1,,,,,,565
20139,4591,A05,0,A00,A0,A0,E0,0,0,1996,1,6,10,4,0,4,775
20141,4591,A05,0,A00,A0,A0,E0,0,0,1996,1,,,0,,,575
20151,4591,A05,0,A00,A0,A0,E0,0,0,1996,1,,,0,0,,1441
20153,4591,A05,0,A00,A0,A0,E0,0,0,1996,1,,,0,,,57
20155,4591,A05,0,A00,A0,A0,E0,0,0,1996,1,111,100,16,27,-11,851
20157,4591,A05,0,A00,A0,A0,E0,0,0,1996,1,,,0,0,,207
20161,4591,A05,0,A00,A0,A0,E0,0,0,1996,1,145,144,20,20,-1,587
20163,4591,A05,0,A00,A0,A0,E0,0,0,1996,1,0,,,,,
20169,4591,A05,0,A00,A0,A0,E0,0,0,1996,1,164,164,34,34,-1,936
20173,4591,A05,0,A00,A0,A0,E0,0,0,1996,1,1070,888,214,396,-182,815
20175,4591,A05,0,A00,A0,A0,E0,0,0,1996,1,,,,,,910
20177,4591,A05,0,A00,A0,A0,E0,0,0,1996,1,333,303,64,94,-30,701
20191,4591,A05,0,A00,A0,A0,E0,0,0,1996,1,,,,0,,179
20193,4591,A05,0,A00,A0,A0,E0,0,0,1996,1,,,,,,608
20197,4591,A05,0,A00,A0,A0,E0,0,0,1996,1,,,0,0,,331
20205,4591,A05,0,A00,A0,A0,E0,0,0,1996,1,,,0,0,,1950
20209,4591,A05,0,A00,A0,A0,E0,0,0,1996,1,51,47,4,8,-4,1330
20,4591,A05,0,A00,A0,A0,E0,0,0,1996,1,4010,3652,881,1239,-358,806
20001,4591,A05,0,A00,A0,A0,E0,0,0,1996,2,,,,,,473
20003,4591,A05,0,A00,A0,A0,E0,0,0,1996,2,,,0,0,,732
20007,4591,A05,0,A00,A0,A0,E0,0,0,1996,2,,,0,0,,800
20009,4591,A05,0,A00,A0,A0,E0,0,0,1996,2,18,12,3,9,-6,648
20011,4591,A05,0,A00,A0,A0,E0,0,0,1996,2,3,3,,,0,1173
20015,4591,A05,0,A00,A0,A0,E0,0,0,1996,2,10,15,6,,5,672
20027,4591,A05,0,A00,A0,A0,E0,0,0,1996,2,,,0,,,233
20029,4591,A05,0,A00,A0,A0,E0,0,0,1996,2,,,0,,,846
20031,4591,A05,0,A00,A0,A0,E0,0,0,1996,2,,,0,0,,218
20035,4591,A05,0,A00,A0,A0,E0,0,0,1996,2,27,30,6,4,2,576
20037,4591,A05,0,A00,A0,A0,E0,0,0,1996,2,68,74,38,32,6,870
20041,4591,A05,0,A00,A0,A0,E0,0,0,1996,2,,,,0,,641
20045,4591,A05,0,A00,A0,A0,E0,0,0,1996,2,204,207,59,55,4,777
20051,4591,A05,0,A00,A0,A0,E0,0,0,1996,2,33,46,26,13,13,859
20055,4591,A05,0,A00,A0,A0,E0,0,0,1996,2,26,28,11,9,3,1023
20057,4591,A05,0,A00,A0,A0,E0,0,0,1996,2,13,18,8,3,5,593
20059,4591,A05,0,A00,A0,A0,E0,0,0,1996,2,5,5,,,-1,499
20061,4591,A05,0,A00,A0,A0,E0,0,0,1996,2,,,,,,425
20067,4591,A05,0,A00,A0,A0,E0,0,0,1996,2,,,,,,322
20069,4591,A05,0,A00,A0,A0,E0,0,0,1996,2,,,0,0,,342
20079,4591,A05,0,A00,A0,A0,E0,0,0,1996,2,28,35,12,5,7,654
20087,4591,A05,0,A00,A0,A0,E0,0,0,1996,2,0,,,0,,
20089,4591,A05,0,A00,A0,A0,E0,0,0,1996,2,,,,,,302
20091,4591,A05,0,A00,A0,A0,E0,0,0,1996,2,1325,1301,415,438,-24,1103
20095,4591,A05,0,A00,A0,A0,E0,0,0,1996,2,,,0,0,,443
20097,4591,A05,0,A00,A0,A0,E0,0,0,1996,2,,,0,,,54
20099,4591,A05,0,A00,A0,A0,E0,0,0,1996,2,9,7,4,6,-2,570
20103,4591,A05,0,A00,A0,A0,E0,0,0,1996,2,21,22,4,,1,577
20111,4591,A05,0,A00,A0,A0,E0,0,0,1996,2,28,28,7,7,0,1110
20113,4591,A05,0,A00,A0,A0,E0,0,0,1996,2,25,25,10,9,0,1204
20117,4591,A05,0,A00,A0,A0,E0,0,0,1996,2,,,,,,347
20121,4591,A05,0,A00,A0,A0,E0,0,0,1996,2,,,,,,1177
20123,4591,A05,0,A00,A0,A0,E0,0,0,1996,2,,0,0,,,291
20125,4591,A05,0,A00,A0,A0,E0,0,0,1996,2,15,14,8,9,-1,638
20131,4591,A05,0,A00,A0,A0,E0,0,0,1996,2,,,0,0,,131
20133,4591,A05,0,A00,A0,A0,E0,0,0,1996,2,,,,,,523
20139,4591,A05,0,A00,A0,A0,E0,0,0,1996,2,10,11,4,3,1,751
20141,4591,A05,0,A00,A0,A0,E0,0,0,1996,2,,,,,,605
20151,4591,A05,0,A00,A0,A0,E0,0,0,1996,2,,,,,,1723
20153,4591,A05,0,A00,A0,A0,E0,0,0,1996,2,,,0,0,,120
20155,4591,A05,0,A00,A0,A0,E0,0,0,1996,2,100,99,27,28,-1,934
20157,4591,A05,0,A00,A0,A0,E0,0,0,1996,2,,0,0,,,317
20161,4591,A05,0,A00,A0,A0,E0,0,0,1996,2,145,142,27,31,-4,675
20163,4591,A05,0,A00,A0,A0,E0,0,0,1996,2,,,0,0,,1168
20169,4591,A05,0,A00,A0,A0,E0,0,0,1996,2,164,160,32,36,-4,952
20173,4591,A05,0,A00,A0,A0,E0,0,0,1996,2,887,856,216,248,-32,995
20175,4591,A05,0,A00,A0,A0,E0,0,0,1996,2,,,,,,787
20177,4591,A05,0,A00,A0,A0,E0,0,0,1996,2,303,318,105,90,15,854
20191,4591,A05,0,A00,A0,A0,E0,0,0,1996,2,,,0,,,354
20193,4591,A05,0,A00,A0,A0,E0,0,0,1996,2,,,0,,,723
20197,4591,A05,0,A00,A0,A0,E0,0,0,1996,2,,,0,0,,295
20205,4591,A05,0,A00,A0,A0,E0,0,0,1996,2,,,,,,2258
20209,4591,A05,0,A00,A0,A0,E0,0,0,1996,2,47,46,6,7,-1,1598
20,4591,A05,0,A00,A0,A0,E0,0,0,1996,2,3652,3636,1078,1094,-16,970
20001,4591,A05,0,A00,A0,A0,E0,0,0,1996,3,,,,,,564
20003,4591,A05,0,A00,A0,A0,E0,0,0,1996,3,4,6,5,3,2,404
20007,4591,A05,0,A00,A0,A0,E0,0,0,1996,3,,,0,0,,800
20009,4591,A05,0,A00,A0,A0,E0,0,0,1996,3,12,14,3,,2,826
20011,4591,A05,0,A00,A0,A0,E0,0,0,1996,3,3,4,,0,1,1281
20015,4591,A05,0,A00,A0,A0,E0,0,0,1996,3,15,12,,4,-3,529
20027,4591,A05,0,A00,A0,A0,E0,0,0,1996,3,,,,,,232
20029,4591,A05,0,A00,A0,A0,E0,0,0,1996,3,,,,,,899
20031,4591,A05,0,A00,A0,A0,E0,0,0,1996,3,,,,0,,339
20035,4591,A05,0,A00,A0,A0,E0,0,0,1996,3,30,31,14,13,1,603
20037,4591,A05,0,A00,A0,A0,E0,0,0,1996,3,74,76,28,26,2,922
20041,4591,A05,0,A00,A0,A0,E0,0,0,1996,3,,,0,,,617
20045,4591,A05,0,A00,A0,A0,E0,0,0,1996,3,207,208,59,58,1,806
20051,4591,A05,0,A00,A0,A0,E0,0,0,1996,3,46,42,16,20,-4,693
20055,4591,A05,0,A00,A0,A0,E0,0,0,1996,3,29,26,13,15,-2,943
20057,4591,A05,0,A00,A0,A0,E0,0,0,1996,3,19,12,,8,-7,569
20059,4591,A05,0,A00,A0,A0,E0,0,0,1996,3,,,0,0,,831
20061,4591,A05,0,A00,A0,A0,E0,0,0,1996,3,,,,,,961
20067,4591,A05,0,A00,A0,A0,E0,0,0,1996,3,,,,,,376
20069,4591,A05,0,A00,A0,A0,E0,0,0,1996,3,,,0,0,,720
20079,4591,A05,0,A00,A0,A0,E0,0,0,1996,3,35,29,4,10,-6,698
20089,4591,A05,0,A00,A0,A0,E0,0,0,1996,3,,,,,,909
20091,4591,A05,0,A00,A0,A0,E0,0,0,1996,3,1305,1523,724,506,218,960
20095,4591,A05,0,A00,A0,A0,E0,0,0,1996,3,,,0,0,,443
20097,4591,A05,0,A00,A0,A0,E0,0,0,1996,3,,0,0,,,114
20099,4591,A05,0,A00,A0,A0,E0,0,0,1996,3,,,,,,681
20103,4591,A05,0,A00,A0,A0,E0,0,0,1996,3,22,19,,4,-2,604
20111,4591,A05,0,A00,A0,A0,E0,0,0,1996,3,28,31,13,11,3,1032
20113,4591,A05,0,A00,A0,A0,E0,0,0,1996,3,25,29,10,6,4,972
20117,4591,A05,0,A00,A0,A0,E0,0,0,1996,3,,,,,,267
20121,4591,A05,0,A00,A0,A0,E0,0,0,1996,3,,,,,,1015
20125,4591,A05,0,A00,A0,A0,E0,0,0,1996,3,14,21,14,8,7,704
20131,4591,A05,0,A00,A0,A0,E0,0,0,1996,3,,,0,0,,119
20133,4591,A05,0,A00,A0,A0,E0,0,0,1996,3,,,,,,525
20139,4591,A05,0,A00,A0,A0,E0,0,0,1996,3,11,9,0,3,-3,699
20141,4591,A05,0,A00,A0,A0,E0,0,0,1996,3,,,,,,555
20151,4591,A05,0,A00,A0,A0,E0,0,0,1996,3,,,0,0,,1173
20153,4591,A05,0,A00,A0,A0,E0,0,0,1996,3,,,0,0,,385
20155,4591,A05,0,A00,A0,A0,E0,0,0,1996,3,101,101,28,28,0,916
20157,4591,A05,0,A00,A0,A0,E0,0,0,1996,3,0,0,,,0,
20161,4591,A05,0,A00,A0,A0,E0,0,0,1996,3,145,159,47,33,14,776
20163,4591,A05,0,A00,A0,A0,E0,0,0,1996,3,,,,,,1375
20169,4591,A05,0,A00,A0,A0,E0,0,0,1996,3,159,161,52,49,2,1004
20173,4591,A05,0,A00,A0,A0,E0,0,0,1996,3,855,852,302,305,-3,993
20175,4591,A05,0,A00,A0,A0,E0,0,0,1996,3,,,,,,1382
20177,4591,A05,0,A00,A0,A0,E0,0,0,1996,3,322,313,105,114,-9,809
20191,4591,A05,0,A00,A0,A0,E0,0,0,1996,3,,,,,,401
20193,4591,A05,0,A00,A0,A0,E0,0,0,1996,3,,,,,,749
20197,4591,A05,0,A00,A0,A0,E0,0,0,1996,3,,,0,0,,342
20205,4591,A05,0,A00,A0,A0,E0,0,0,1996,3,,,,0,,267
20209,4591,A05,0,A00,A0,A0,E0,0,0,1996,3,46,44,5,6,-1,1978
20,4591,A05,0,A00,A0,A0,E0,0,0,1996,3,3649,3869,1493,1273,220,924
20001,4591,A05,0,A00,A0,A0,E0,0,0,1996,4,,,,,,433
20003,4591,A05,0,A00,A0,A0,E0,0,0,1996,4,6,6,0,0,0,355
20007,4591,A05,0,A00,A0,A0,E0,0,0,1996,4,,,0,0,,800
20009,4591,A05,0,A00,A0,A0,E0,0,0,1996,4,14,11,,4,-3,606
20011,4591,A05,0,A00,A0,A0,E0,0,0,1996,4,4,6,,0,1,1501
20015,4591,A05,0,A00,A0,A0,E0,0,0,1996,4,12,10,,3,-2,761
20027,4591,A05,0,A00,A0,A0,E0,0,0,1996,4,,,,0,,217
20029,4591,A05,0,A00,A0,A0,E0,0,0,1996,4,,,,,,884
20031,4591,A05,0,A00,A0,A0,E0,0,0,1996,4,,,0,0,,370
20035,4591,A05,0,A00,A0,A0,E0,0,0,1996,4,31,28,4,7,-3,527
20037,4591,A05,0,A00,A0,A0,E0,0,0,1996,4,76,88,28,17,12,997
20041,4591,A05,0,A00,A0,A0,E0,0,0,1996,4,,,0,0,,717
20045,4591,A05,0,A00,A0,A0,E0,0,0,1996,4,208,220,73,61,12,868
20051,4591,A05,0,A00,A0,A0,E0,0,0,1996,4,42,35,11,18,-7,748
20055,4591,A05,0,A00,A0,A0,E0,0,0,1996,4,26,24,6,9,-3,948
20057,4591,A05,0,A00,A0,A0,E0,0,0,1996,4,11,12,6,5,1,699
20059,4591,A05,0,A00,A0,A0,E0,0,0,1996,4,,,,,,537
20061,4591,A05,0,A00,A0,A0,E0,0,0,1996,4,,,,,,447
20067,4591,A05,0,A00,A0,A0,E0,0,0,1996,4,,,,,,761
20069,4591,A05,0,A00,A0,A0,E0,0,0,1996,4,,,0,0,,713
20079,4591,A05,0,A00,A0,A0,E0,0,0,1996,4,29,23,9,15,-6,850
20089,4591,A05,0,A00,A0,A0,E0,0,0,1996,4,,0,0,,,1322
20091,4591,A05,0,A00,A0,A0,E0,0,0,1996,4,1522,1776,989,735,254,1091
20095,4591,A05,0,A00,A0,A0,E0,0,0,1996,4,,,0,0,,443
20097,4591,A05,0,A00,A0,A0,E0,0,0,1996,4,0,0,,,0,
20099,4591,A05,0,A00,A0,A0,E0,0,0,1996,4,10,9,3,4,-1,469
20103,4591,A05,0,A00,A0,A0,E0,0,0,1996,4,19,25,6,0,6,572
20111,4591,A05,0,A00,A0,A0,E0,0,0,1996,4,31,32,5,5,0,1165
20113,4591,A05,0,A00,A0,A0,E0,0,0,1996,4,29,26,9,12,-3,914
20117,4591,A05,0,A00,A0,A0,E0,0,0,1996,4,,,,,,395
20121,4591,A05,0,A00,A0,A0,E0,0,0,1996,4,,,,0,,1042
20125,4591,A05,0,A00,A0,A0,E0,0,0,1996,4,21,21,8,8,0,482
20131,4591,A05,0,A00,A0,A0,E0,0,0,1996,4,,,0,0,,167
20133,4591,A05,0,A00,A0,A0,E0,0,0,1996,4,,,,,,575
20139,4591,A05,0,A00,A0,A0,E0,0,0,1996,4,9,8,4,5,0,511
20141,4591,A05,0,A00,A0,A0,E0,0,0,1996,4,,,,0,,695
20151,4591,A05,0,A00,A0,A0,E0,0,0,1996,4,,,,,,1287
20153,4591,A05,0,A00,A0,A0,E0,0,0,1996,4,,0,0,,,752
20155,4591,A05,0,A00,A0,A0,E0,0,0,1996,4,101,114,41,29,13,927
20157,4591,A05,0,A00,A0,A0,E0,0,0,1996,4,0,0,,,0,
20161,4591,A05,0,A00,A0,A0,E0,0,0,1996,4,175,155,38,57,-20,614
20163,4591,A05,0,A00,A0,A0,E0,0,0,1996,4,,,0,,,1176
20169,4591,A05,0,A00,A0,A0,E0,0,0,1996,4,163,172,55,46,9,1094
20173,4591,A05,0,A00,A0,A0,E0,0,0,1996,4,850,1018,551,383,168,1052
20175,4591,A05,0,A00,A0,A0,E0,0,0,1996,4,,,,,,1347
20177,4591,A05,0,A00,A0,A0,E0,0,0,1996,4,316,341,172,147,24,846
20191,4591,A05,0,A00,A0,A0,E0,0,0,1996,4,,,,,,136
20193,4591,A05,0,A00,A0,A0,E0,0,0,1996,4,,,,,,1043
20197,4591,A05,0,A00,A0,A0,E0,0,0,1996,4,,,0,0,,362
20205,4591,A05,0,A00,A0,A0,E0,0,0,1996,4,,,,,,422
20209,4591,A05,0,A00,A0,A0,E0,0,0,1996,4,44,55,19,8,11,1698
20,4591,A05,0,A00,A0,A0,E0,0,0,1996,4,3888,4334,2069,1622,446,990
20001,4591,A05,0,A00,A0,A0,E0,0,0,1997,1,,,,,,669
20003,4591,A05,0,A00,A0,A0,E0,0,0,1997,1,6,8,,0,2,333
20007,4591,A05,0,A00,A0,A0,E0,0,0,1997,1,,,0,0,,800
20009,4591,A05,0,A00,A0,A0,E0,0,0,1997,1,11,12,,,0,711
20011,4591,A05,0,A00,A0,A0,E0,0,0,1997,1,6,4,,,-1,819
20015,4591,A05,0,A00,A0,A0,E0,0,0,1997,1,10,12,4,,2,836
20027,4591,A05,0,A00,A0,A0,E0,0,0,1997,1,,,0,0,,210
20029,4591,A05,0,A00,A0,A0,E0,0,0,1997,1,,,,,,686
20031,4591,A05,0,A00,A0,A0,E0,0,0,1997,1,,,,,,320
20035,4591,A05,0,A00,A0,A0,E0,0,0,1997,1,28,28,5,5,0,520
20037,4591,A05,0,A00,A0,A0,E0,0,0,1997,1,41,35,0,6,-6,1233
20041,4591,A05,0,A00,A0,A0,E0,0,0,1997,1,,,0,,,733
20045,4591,A05,0,A00,A0,A0,E0,0,0,1997,1,207,211,43,38,4,773
20051,4591,A05,0,A00,A0,A0,E0,0,0,1997,1,24,28,8,3,5,539
20055,4591,A05,0,A00,A0,A0,E0,0,0,1997,1,21,23,6,4,2,1050
20057,4591,A05,0,A00,A0,A0,E0,0,0,1997,1,12,13,3,,1,587
20059,4591,A05,0,A00,A0,A0,E0,0,0,1997,1,,,0,,,562
20061,4591,A05,0,A00,A0,A0,E0,0,0,1997,1,,,,,,357
20067,4591,A05,0,A00,A0,A0,E0,0,0,1997,1,,,,,,686
20069,4591,A05,0,A00,A0,A0,E0,0,0,1997,1,,,,,,918
20079,4591,A05,0,A00,A0,A0,E0,0,0,1997,1,23,27,8,4,4,831
20091,4591,A05,0,A00,A0,A0,E0,0,0,1997,1,1795,1450,421,767,-345,858
20095,4591,A05,0,A00,A0,A0,E0,0,0,1997,1,,,0,,,443
20097,4591,A05,0,A00,A0,A0,E0,0,0,1997,1,0,0,,,0,
20099,4591,A05,0,A00,A0,A0,E0,0,0,1997,1,,,,,,533
20103,4591,A05,0,A00,A0,A0,E0,0,0,1997,1,31,39,10,,7,586
20111,4591,A05,0,A00,A0,A0,E0,0,0,1997,1,30,31,7,6,1,990
20113,4591,A05,0,A00,A0,A0,E0,0,0,1997,1,26,33,11,4,7,946
20117,4591,A05,0,A00,A0,A0,E0,0,0,1997,1,,,0,0,,356
20121,4591,A05,0,A00,A0,A0,E0,0,0,1997,1,,,,,,875
20125,4591,A05,0,A00,A0,A0,E0,0,0,1997,1,21,22,6,5,1,468
20131,4591,A05,0,A00,A0,A0,E0,0,0,1997,1,,0,0,,,143
20133,4591,A05,0,A00,A0,A0,E0,0,0,1997,1,,,0,0,,421
20139,4591,A05,0,A00,A0,A0,E0,0,0,1997,1,8,8,,,0,564
20141,4591,A05,0,A00,A0,A0,E0,0,0,1997,1,,,0,,,545
20151,4591,A05,0,A00,A0,A0,E0,0,0,1997,1,,,,0,,1631
20153,4591,A05,0,A00,A0,A0,E0,0,0,1997,1,0,0,,,0,
20155,4591,A05,0,A00,A0,A0,E0,0,0,1997,1,105,103,15,18,-3,932
20157,4591,A05,0,A00,A0,A0,E0,0,0,1997,1,0,0,,,0,
20161,4591,A05,0,A00,A0,A0,E0,0,0,1997,1,166,165,23,25,-2,714
20163,4591,A05,0,A00,A0,A0,E0,0,0,1997,1,,,,,,1343
20169,4591,A05,0,A00,A0,A0,E0,0,0,1997,1,162,156,30,36,-6,954
20173,4591,A05,0,A00,A0,A0,E0,0,0,1997,1,926,793,173,307,-133,860
20175,4591,A05,0,A00,A0,A0,E0,0,0,1997,1,,,,0,,1374
20177,4591,A05,0,A00,A0,A0,E0,0,0,1997,1,337,297,61,101,-40,708
20191,4591,A05,0,A00,A0,A0,E0,0,0,1997,1,,,,,,266
20193,4591,A05,0,A00,A0,A0,E0,0,0,1997,1,10,10,,,0,753
20197,4591,A05,0,A00,A0,A0,E0,0,0,1997,1,,,,0,,367
20205,4591,A05,0,A00,A0,A0,E0,0,0,1997,1,,,,0,,219
20209,4591,A05,0,A00,A0,A0,E0,0,0,1997,1,55,59,12,9,4,1608
20,4591,A05,0,A00,A0,A0,E0,0,0,1997,1,4183,3693,893,1382,-489,840
20001,4591,A05,0,A00,A0,A0,E0,0,0,1997,2,,,,0,,664
20003,4591,A05,0,A00,A0,A0,E0,0,0,1997,2,8,7,,3,-1,269
20007,4591,A05,0,A00,A0,A0,E0,0,0,1997,2,,,0,0,,800
20009,4591,A05,0,A00,A0,A0,E0,0,0,1997,2,12,13,,,1,459
20011,4591,A05,0,A00,A0,A0,E0,0,0,1997,2,,,0,0,,1245
20015,4591,A05,0,A00,A0,A0,E0,0,0,1997,2,11,17,7,0,7,655
20027,4591,A05,0,A00,A0,A0,E0,0,0,1997,2,,,0,0,,216
20029,4591,A05,0,A00,A0,A0,E0,0,0,1997,2,,,,,,715
20031,4591,A05,0,A00,A0,A0,E0,0,0,1997,2,,,,,,200
20035,4591,A05,0,A00,A0,A0,E0,0,0,1997,2,28,38,13,3,10,806
20037,4591,A05,0,A00,A0,A0,E0,0,0,1997,2,35,37,13,11,3,1225
20041,4591,A05,0,A00,A0,A0,E0,0,0,1997,2,,,0,0,,896
20045,4591,A05,0,A00,A0,A0,E0,0,0,1997,2,211,218,66,59,6,805
20051,4591,A05,0,A00,A0,A0,E0,0,0,1997,2,28,35,20,13,7,643
20055,4591,A05,0,A00,A0,A0,E0,0,0,1997,2,23,31,18,10,8,910
20057,4591,A05,0,A00,A0,A0,E0,0,0,1997,2,13,14,6,4,1,579
20059,4591,A05,0,A00,A0,A0,E0,0,0,1997,2,,,,,,462
20061,4591,A05,0,A00,A0,A0,E0,0,0,1997,2,,,,0,,642
20067,4591,A05,0,A00,A0,A0,E0,0,0,1997,2,,,,,,937
20069,4591,A05,0,A00,A0,A0,E0,0,0,1997,2,,,,,,363
20079,4591,A05,0,A00,A0,A0,E0,0,0,1997,2,27,32,9,3,6,728
20091,4591,A05,0,A00,A0,A0,E0,0,0,1997,2,1451,1469,498,480,18,1264
20095,4591,A05,0,A00,A0,A0,E0,0,0,1997,2,,,,,,355
20097,4591,A05,0,A00,A0,A0,E0,0,0,1997,2,0,,,0,,
20099,4591,A05,0,A00,A0,A0,E0,0,0,1997,2,9,8,4,5,-1,589
20103,4591,A05,0,A00,A0,A0,E0,0,0,1997,2,39,38,8,9,-1,542
20107,4591,A05,0,A00,A0,A0,E0,0,0,1997,2,,,0,0,,312
20111,4591,A05,0,A00,A0,A0,E0,0,0,1997,2,31,33,9,8,1,1076
20113,4591,A05,0,A00,A0,A0,E0,0,0,1997,2,33,35,11,9,2,1084
20117,4591,A05,0,A00,A0,A0,E0,0,0,1997,2,,,0,0,,360
20121,4591,A05,0,A00,A0,A0,E0,0,0,1997,2,,,,,,941
20125,4591,A05,0,A00,A0,A0,E0,0,0,1997,2,22,20,6,9,-2,453
20133,4591,A05,0,A00,A0,A0,E0,0,0,1997,2,,,0,0,,559
20139,4591,A05,0,A00,A0,A0,E0,0,0,1997,2,8,9,5,4,1,720
20141,4591,A05,0,A00,A0,A0,E0,0,0,1997,2,,,,,,468
20151,4591,A05,0,A00,A0,A0,E0,0,0,1997,2,,0,0,,,622
20153,4591,A05,0,A00,A0,A0,E0,0,0,1997,2,0,,,0,,
20155,4591,A05,0,A00,A0,A0,E0,0,0,1997,2,102,96,16,23,-7,963
20157,4591,A05,0,A00,A0,A0,E0,0,0,1997,2,0,,,0,,
20161,4591,A05,0,A00,A0,A0,E0,0,0,1997,2,165,166,35,34,1,631
20163,4591,A05,0,A00,A0,A0,E0,0,0,1997,2,,,,,,1238
20169,4591,A05,0,A00,A0,A0,E0,0,0,1997,2,156,164,38,30,8,1089
20173,4591,A05,0,A00,A0,A0,E0,0,0,1997,2,795,830,277,241,35,961
20175,4591,A05,0,A00,A0,A0,E0,0,0,1997,2,,,,0,,1318
20177,4591,A05,0,A00,A0,A0,E0,0,0,1997,2,297,328,115,84,31,844
20191,4591,A05,0,A00,A0,A0,E0,0,0,1997,2,,,,,,372
20193,4591,A05,0,A00,A0,A0,E0,0,0,1997,2,10,12,,0,2,747
20197,4591,A05,0,A00,A0,A0,E0,0,0,1997,2,,,0,0,,225
20205,4591,A05,0,A00,A0,A0,E0,0,0,1997,2,,,0,,,177
20209,4591,A05,0,A00,A0,A0,E0,0,0,1997,2,59,56,18,21,-2,1699
20,4591,A05,0,A00,A0,A0,E0,0,0,1997,2,3695,3844,1238,1089,149,1036
20001,4591,A05,0,A00,A0,A0,E0,0,0,1997,3,,,,,,610
20003,4591,A05,0,A00,A0,A0,E0,0,0,1997,3,7,6,0,,-1,362
20007,4591,A05,0,A00,A0,A0,E0,0,0,1997,3,,,0,0,,800
20009,4591,A05,0,A00,A0,A0,E0,0,0,1997,3,13,12,,,-1,554
20011,4591,A05,0,A00,A0,A0,E0,0,0,1997,3,,,0,0,,1214
20015,4591,A05,0,A00,A0,A0,E0,0,0,1997,3,18,13,,7,-5,479
20027,4591,A05,0,A00,A0,A0,E0,0,0,1997,3,,,,0,,190
20029,4591,A05,0,A00,A0,A0,E0,0,0,1997,3,,,,0,,936
20031,4591,A05,0,A00,A0,A0,E0,0,0,1997,3,,,0,,,449
20035,4591,A05,0,A00,A0,A0,E0,0,0,1997,3,38,27,6,17,-11,661
20037,4591,A05,0,A00,A0,A0,E0,0,0,1997,3,37,39,11,10,1,1240
20041,4591,A05,0,A00,A0,A0,E0,0,0,1997,3,,,0,0,,1111
20045,4591,A05,0,A00,A0,A0,E0,0,0,1997,3,217,220,68,65,3,792
20051,4591,A05,0,A00,A0,A0,E0,0,0,1997,3,34,31,18,21,-3,459
20055,4591,A05,0,A00,A0,A0,E0,0,0,1997,3,31,27,13,17,-4,867
20057,4591,A05,0,A00,A0,A0,E0,0,0,1997,3,14,14,,,1,614
20059,4591,A05,0,A00,A0,A0,E0,0,0,1997,3,,,,,,712
20061,4591,A05,0,A00,A0,A0,E0,0,0,1997,3,,,0,0,,669
20067,4591,A05,0,A00,A0,A0,E0,0,0,1997,3,,,,,,718
20069,4591,A05,0,A00,A0,A0,E0,0,0,1997,3,,,,0,,368
20079,4591,A05,0,A00,A0,A0,E0,0,0,1997,3,32,19,5,18,-13,739
20087,4591,A05,0,A00,A0,A0,E0,0,0,1997,3,0,,,0,,
20091,4591,A05,0,A00,A0,A0,E0,0,0,1997,3,1469,1755,906,620,286,1055
20095,4591,A05,0,A00,A0,A0,E0,0,0,1997,3,,,,0,,355
20097,4591,A05,0,A00,A0,A0,E0,0,0,1997,3,,,0,0,,221
20099,4591,A05,0,A00,A0,A0,E0,0,0,1997,3,,,,,,687
20103,4591,A05,0,A00,A0,A0,E0,0,0,1997,3,38,36,10,12,-2,528
20107,4591,A05,0,A00,A0,A0,E0,0,0,1997,3,,0,0,,,185
20111,4591,A05,0,A00,A0,A0,E0,0,0,1997,3,33,38,16,11,5,890
20113,4591,A05,0,A00,A0,A0,E0,0,0,1997,3,35,38,19,16,3,1073
20117,4591,A05,0,A00,A0,A0,E0,0,0,1997,3,,,0,,,361
20121,4591,A05,0,A00,A0,A0,E0,0,0,1997,3,,,,,,961
20125,4591,A05,0,A00,A0,A0,E0,0,0,1997,3,20,19,5,6,-1,549
20133,4591,A05,0,A00,A0,A0,E0,0,0,1997,3,,,,0,,767
20139,4591,A05,0,A00,A0,A0,E0,0,0,1997,3,9,11,4,,2,828
20141,4591,A05,0,A00,A0,A0,E0,0,0,1997,3,,,,,,578
20153,4591,A05,0,A00,A0,A0,E0,0,0,1997,3,,,,0,,395
20155,4591,A05,0,A00,A0,A0,E0,0,0,1997,3,96,96,22,22,0,969
20157,4591,A05,0,A00,A0,A0,E0,0,0,1997,3,,,0,0,,241
20161,4591,A05,0,A00,A0,A0,E0,0,0,1997,3,167,172,55,50,5,743
20163,4591,A05,0,A00,A0,A0,E0,0,0,1997,3,,,0,,,900
20169,4591,A05,0,A00,A0,A0,E0,0,0,1997,3,164,186,61,39,22,1001
20173,4591,A05,0,A00,A0,A0,E0,0,0,1997,3,829,914,366,281,85,1003
20175,4591,A05,0,A00,A0,A0,E0,0,0,1997,3,,,,,,1128
20177,4591,A05,0,A00,A0,A0,E0,0,0,1997,3,328,342,134,120,14,789
20191,4591,A05,0,A00,A0,A0,E0,0,0,1997,3,,,,,,391
20193,4591,A05,0,A00,A0,A0,E0,0,0,1997,3,12,11,,,-1,621
20197,4591,A05,0,A00,A0,A0,E0,0,0,1997,3,,,0,0,,220
20205,4591,A05,0,A00,A0,A0,E0,0,0,1997,3,,,,,,193
20209,4591,A05,0,A00,A0,A0,E0,0,0,1997,3,56,59,22,19,3,1729
20,4591,A05,0,A00,A0,A0,E0,0,0,1997,3,3843,4226,1770,1388,382,952
20001,4591,A05,0,A00,A0,A0,E0,0,0,1997,4,,,,,,722
20003,4591,A05,0,A00,A0,A0,E0,0,0,1997,4,6,4,,3,-2,215
20007,4591,A05,0,A00,A0,A0,E0,0,0,1997,4,,,0,0,,703
20009,4591,A05,0,A00,A0,A0,E0,0,0,1997,4,12,10,,3,-1,463
20011,4591,A05,0,A00,A0,A0,E0,0,0,1997,4,,,,,,2927
20015,4591,A05,0,A00,A0,A0,E0,0,0,1997,4,7,6,,4,-1,544
20027,4591,A05,0,A00,A0,A0,E0,0,0,1997,4,,,0,0,,242
20029,4591,A05,0,A00,A0,A0,E0,0,0,1997,4,,,,,,1027
20031,4591,A05,0,A00,A0,A0,E0,0,0,1997,4,,,,,,497
20035,4591,A05,0,A00,A0,A0,E0,0,0,1997,4,28,24,4,8,-5,727
20037,4591,A05,0,A00,A0,A0,E0,0,0,1997,4,39,35,,5,-4,1539
20041,4591,A05,0,A00,A0,A0,E0,0,0,1997,4,,,0,0,,1212
20045,4591,A05,0,A00,A0,A0,E0,0,0,1997,4,221,209,64,76,-13,862
20051,4591,A05,0,A00,A0,A0,E0,0,0,1997,4,31,26,5,10,-5,666
20055,4591,A05,0,A00,A0,A0,E0,0,0,1997,4,27,28,11,10,1,1045
20057,4591,A05,0,A00,A0,A0,E0,0,0,1997,4,15,14,,,0,559
20059,4591,A05,0,A00,A0,A0,E0,0,0,1997,4,,,0,0,,614
20061,4591,A05,0,A00,A0,A0,E0,0,0,1997,4,,,0,0,,709
20067,4591,A05,0,A00,A0,A0,E0,0,0,1997,4,,,,,,892
20069,4591,A05,0,A00,A0,A0,E0,0,0,1997,4,,,,,,405
20079,4591,A05,0,A00,A0,A0,E0,0,0,1997,4,19,33,18,5,14,1185
20085,4591,A05,0,A00,A0,A0,E0,0,0,1997,4,0,0,,,0,
20087,4591,A05,0,A00,A0,A0,E0,0,0,1997,4,,,0,0,,479
20091,4591,A05,0,A00,A0,A0,E0,0,0,1997,4,1747,1990,1076,834,243,1025
20095,4591,A05,0,A00,A0,A0,E0,0,0,1997,4,,,0,0,,443
20097,4591,A05,0,A00,A0,A0,E0,0,0,1997,4,,0,0,,,288
20099,4591,A05,0,A00,A0,A0,E0,0,0,1997,4,7,9,5,3,2,668
20103,4591,A05,0,A00,A0,A0,E0,0,0,1997,4,36,37,7,6,1,499
20111,4591,A05,0,A00,A0,A0,E0,0,0,1997,4,38,34,6,10,-4,1117
20113,4591,A05,0,A00,A0,A0,E0,0,0,1997,4,38,33,6,11,-5,1077
20117,4591,A05,0,A00,A0,A0,E0,0,0,1997,4,,,0,0,,319
20121,4591,A05,0,A00,A0,A0,E0,0,0,1997,4,,,,,,979
20125,4591,A05,0,A00,A0,A0,E0,0,0,1997,4,19,18,4,5,-1,545
20133,4591,A05,0,A00,A0,A0,E0,0,0,1997,4,,,,,,555
20139,4591,A05,0,A00,A0,A0,E0,0,0,1997,4,11,11,4,4,0,673
20141,4591,A05,0,A00,A0,A0,E0,0,0,1997,4,,,,,,334
20151,4591,A05,0,A00,A0,A0,E0,0,0,1997,4,0,0,,,0,
20153,4591,A05,0,A00,A0,A0,E0,0,0,1997,4,,,0,0,,546
20155,4591,A05,0,A00,A0,A0,E0,0,0,1997,4,96,108,40,28,11,1070
20157,4591,A05,0,A00,A0,A0,E0,0,0,1997,4,,,,,,45
20161,4591,A05,0,A00,A0,A0,E0,0,0,1997,4,171,176,44,39,5,711
20163,4591,A05,0,A00,A0,A0,E0,0,0,1997,4,,,,,,1349
20169,4591,A05,0,A00,A0,A0,E0,0,0,1997,4,186,197,72,62,11,1014
20173,4591,A05,0,A00,A0,A0,E0,0,0,1997,4,927,1003,577,501,75,1014
20175,4591,A05,0,A00,A0,A0,E0,0,0,1997,4,,,,,,1334
20177,4591,A05,0,A00,A0,A0,E0,0,0,1997,4,342,348,168,163,6,782
20191,4591,A05,0,A00,A0,A0,E0,0,0,1997,4,,,0,,,357
20193,4591,A05,0,A00,A0,A0,E0,0,0,1997,4,11,12,,,1,692
20197,4591,A05,0,A00,A0,A0,E0,0,0,1997,4,,,0,0,,228
20205,4591,A05,0,A00,A0,A0,E0,0,0,1997,4,,,,0,,233
20209,4591,A05,0,A00,A0,A0,E0,0,0,1997,4,59,53,16,23,-7,1415
20,4591,A05,0,A00,A0,A0,E0,0,0,1997,4,4228,4558,2179,1848,330,967
20001,4591,A05,0,A00,A0,A0,E0,0,0,1998,1,,,,,,673
20003,4591,A05,0,A00,A0,A0,E0,0,0,1998,1,4,5,,,1,261
20007,4591,A05,0,A00,A0,A0,E0,0,0,1998,1,,,0,0,,771
20009,4591,A05,0,A00,A0,A0,E0,0,0,1998,1,,,,,,478
20011,4591,A05,0,A00,A0,A0,E0,0,0,1998,1,,,,0,,1222
20015,4591,A05,0,A00,A0,A0,E0,0,0,1998,1,5,8,4,,3,371
20027,4591,A05,0,A00,A0,A0,E0,0,0,1998,1,,,0,0,,214
20029,4591,A05,0,A00,A0,A0,E0,0,0,1998,1,,,,,,1165
20031,4591,A05,0,A00,A0,A0,E0,0,0,1998,1,,,,,,299
20035,4591,A05,0,A00,A0,A0,E0,0,0,1998,1,24,26,7,5,2,506
20037,4591,A05,0,A00,A0,A0,E0,0,0,1998,1,35,33,3,4,-1,1438
20041,4591,A05,0,A00,A0,A0,E0,0,0,1998,1,,,0,0,,1388
20045,4591,A05,0,A00,A0,A0,E0,0,0,1998,1,208,203,51,56,-5,764
20051,4591,A05,0,A00,A0,A0,E0,0,0,1998,1,24,29,9,4,5,646
20055,4591,A05,0,A00,A0,A0,E0,0,0,1998,1,28,26,5,7,-2,945
20057,4591,A05,0,A00,A0,A0,E0,0,0,1998,1,14,16,,0,2,553
20059,4591,A05,0,A00,A0,A0,E0,0,0,1998,1,,,,,,685
20061,4591,A05,0,A00,A0,A0,E0,0,0,1998,1,,0,,,,659
20067,4591,A05,0,A00,A0,A0,E0,0,0,1998,1,,,,,,689
20079,4591,A05,0,A00,A0,A0,E0,0,0,1998,1,33,29,10,14,-4,688
20087,4591,A05,0,A00,A0,A0,E0,0,0,1998,1,,,0,0,,519
20091,4591,A05,0,A00,A0,A0,E0,0,0,1998,1,1966,1602,386,750,-364,862
20095,4591,A05,0,A00,A0,A0,E0,0,0,1998,1,,,0,0,,443
20097,4591,A05,0,A00,A0,A0,E0,0,0,1998,1,0,,,0,,
20099,4591,A05,0,A00,A0,A0,E0,0,0,1998,1,,,,,,508
20103,4591,A05,0,A00,A0,A0,E0,0,0,1998,1,37,36,4,5,-1,504
20111,4591,A05,0,A00,A0,A0,E0,0,0,1998,1,29,29,6,6,0,951
20113,4591,A05,0,A00,A0,A0,E0,0,0,1998,1,26,29,7,4,3,873
20115,4591,A05,0,A00,A0,A0,E0,0,0,1998,1,,,,,,375
20117,4591,A05,0,A00,A0,A0,E0,0,0,1998,1,,0,0,,,292
20121,4591,A05,0,A00,A0,A0,E0,0,0,1998,1,,,,,,724
20125,4591,A05,0,A00,A0,A0,E0,0,0,1998,1,18,12,3,8,-6,609
20133,4591,A05,0,A00,A0,A0,E0,0,0,1998,1,,,0,0,,489
20139,4591,A05,0,A00,A0,A0,E0,0,0,1998,1,16,13,0,,-2,545
20141,4591,A05,0,A00,A0,A0,E0,0,0,1998,1,,,,,,298
20153,4591,A05,0,A00,A0,A0,E0,0,0,1998,1,,,0,0,,644
20155,4591,A05,0,A00,A0,A0,E0,0,0,1998,1,108,93,11,25,-15,1084
20157,4591,A05,0,A00,A0,A0,E0,0,0,1998,1,,,0,0,,345
20159,4591,A05,0,A00,A0,A0,E0,0,0,1998,1,,,0,0,,333
20161,4591,A05,0,A00,A0,A0,E0,0,0,1998,1,175,159,30,46,-16,694
20163,4591,A05,0,A00,A0,A0,E0,0,0,1998,1,,,,,,632
20169,4591,A05,0,A00,A0,A0,E0,0,0,1998,1,195,175,30,51,-21,839
20173,4591,A05,0,A00,A0,A0,E0,0,0,1998,1,1008,881,235,362,-127,883
20175,4591,A05,0,A00,A0,A0,E0,0,0,1998,1,,,0,,,1338
20177,4591,A05,0,A00,A0,A0,E0,0,0,1998,1,346,293,66,119,-54,706
20191,4591,A05,0,A00,A0,A0,E0,0,0,1998,1,,,,,,305
20193,4591,A05,0,A00,A0,A0,E0,0,0,1998,1,12,11,0,,-1,612
20197,4591,A05,0,A00,A0,A0,E0,0,0,1998,1,,,0,0,,301
20205,4591,A05,0,A00,A0,A0,E0,0,0,1998,1,,,0,,,224
20209,4591,A05,0,A00,A0,A0,E0,0,0,1998,1,52,56,26,23,3,1508
20,4591,A05,0,A00,A0,A0,E0,0,0,1998,1,4527,3931,943,1539,-595,839
20001,4591,A05,0,A00,A0,A0,E0,0,0,1998,2,,,,,,654
20003,4591,A05,0,A00,A0,A0,E0,0,0,1998,2,5,7,,0,1,406
20007,4591,A05,0,A00,A0,A0,E0,0,0,1998,2,,,0,0,,759
20009,4591,A05,0,A00,A0,A0,E0,0,0,1998,2,10,12,5,3,2,457
20011,4591,A05,0,A00,A0,A0,E0,0,0,1998,2,,,0,,,975
20015,4591,A05,0,A00,A0,A0,E0,0,0,1998,2,8,8,4,4,0,506
20027,4591,A05,0,A00,A0,A0,E0,0,0,1998,2,,,0,,,242
20029,4591,A05,0,A00,A0,A0,E0,0,0,1998,2,,,,,,1180
20031,4591,A05,0,A00,A0,A0,E0,0,0,1998,2,,,,,,282
20035,4591,A05,0,A00,A0,A0,E0,0,0,1998,2,26,30,12,8,4,697
20037,4591,A05,0,A00,A0,A0,E0,0,0,1998,2,34,36,7,6,2,1465
20041,4591,A05,0,A00,A0,A0,E0,0,0,1998,2,,,0,0,,955
20045,4591,A05,0,A00,A0,A0,E0,0,0,1998,2,203,224,75,54,21,795
20051,4591,A05,0,A00,A0,A0,E0,0,0,1998,2,30,40,16,5,11,735
20055,4591,A05,0,A00,A0,A0,E0,0,0,1998,2,26,32,15,9,6,1046
20057,4591,A05,0,A00,A0,A0,E0,0,0,1998,2,16,17,5,4,1,571
20059,4591,A05,0,A00,A0,A0,E0,0,0,1998,2,,,,,,627
20061,4591,A05,0,A00,A0,A0,E0,0,0,1998,2,0,,,0,,
20067,4591,A05,0,A00,A0,A0,E0,0,0,1998,2,,,,,,883
20069,4591,A05,0,A00,A0,A0,E0,0,0,1998,2,0,,,0,,
20079,4591,A05,0,A00,A0,A0,E0,0,0,1998,2,29,38,12,3,9,830
20085,4591,A05,0,A00,A0,A0,E0,0,0,1998,2,0,0,,,0,
20087,4591,A05,0,A00,A0,A0,E0,0,0,1998,2,,,0,0,,519
20091,4591,A05,0,A00,A0,A0,E0,0,0,1998,2,1600,1626,502,476,26,1027
20095,4591,A05,0,A00,A0,A0,E0,0,0,1998,2,,,0,0,,443
20097,4591,A05,0,A00,A0,A0,E0,0,0,1998,2,,,0,0,,248
20099,4591,A05,0,A00,A0,A0,E0,0,0,1998,2,,,,,,522
20103,4591,A05,0,A00,A0,A0,E0,0,0,1998,2,36,38,9,7,2,567
20111,4591,A05,0,A00,A0,A0,E0,0,0,1998,2,30,33,7,3,4,1233
20113,4591,A05,0,A00,A0,A0,E0,0,0,1998,2,29,37,13,6,8,928
20115,4591,A05,0,A00,A0,A0,E0,0,0,1998,2,,,,,,385
20121,4591,A05,0,A00,A0,A0,E0,0,0,1998,2,,,0,,,938
20125,4591,A05,0,A00,A0,A0,E0,0,0,1998,2,12,15,6,3,3,559
20133,4591,A05,0,A00,A0,A0,E0,0,0,1998,2,,,,,,529
20139,4591,A05,0,A00,A0,A0,E0,0,0,1998,2,13,14,5,4,1,813
20141,4591,A05,0,A00,A0,A0,E0,0,0,1998,2,,,0,,,241
20153,4591,A05,0,A00,A0,A0,E0,0,0,1998,2,,,0,0,,543
20155,4591,A05,0,A00,A0,A0,E0,0,0,1998,2,93,90,18,20,-3,1117
20157,4591,A05,0,A00,A0,A0,E0,0,0,1998,2,,,0,0,,48
20159,4591,A05,0,A00,A0,A0,E0,0,0,1998,2,,,0,0,,377
20161,4591,A05,0,A00,A0,A0,E0,0,0,1998,2,154,157,52,49,3,725
20163,4591,A05,0,A00,A0,A0,E0,0,0,1998,2,,,0,,,862
20169,4591,A05,0,A00,A0,A0,E0,0,0,1998,2,177,172,46,51,-5,981
20173,4591,A05,0,A00,A0,A0,E0,0,0,1998,2,881,795,240,327,-87,994
20175,4591,A05,0,A00,A0,A0,E0,0,0,1998,2,,,,,,1319
20177,4591,A05,0,A00,A0,A0,E0,0,0,1998,2,293,342,125,76,49,836
20191,4591,A05,0,A00,A0,A0,E0,0,0,1998,2,,,,,,404
20193,4591,A05,0,A00,A0,A0,E0,0,0,1998,2,11,13,3,,2,693
20197,4591,A05,0,A00,A0,A0,E0,0,0,1998,2,,,,,,187
20205,4591,A05,0,A00,A0,A0,E0,0,0,1998,2,,,,,,233
20209,4591,A05,0,A00,A0,A0,E0,0,0,1998,2,56,61,25,20,5,1642
20,4591,A05,0,A00,A0,A0,E0,0,0,1998,2,3929,3989,1240,1180,60,960
20001,4591,A05,0,A00,A0,A0,E0,0,0,1998,3,,,,,,695
20003,4591,A05,0,A00,A0,A0,E0,0,0,1998,3,7,7,,,1,285
20007,4591,A05,0,A00,A0,A0,E0,0,0,1998,3,,,0,0,,779
20009,4591,A05,0,A00,A0,A0,E0,0,0,1998,3,12,10,3,6,-3,522
20011,4591,A05,0,A00,A0,A0,E0,0,0,1998,3,,,,0,,1224
20015,4591,A05,0,A00,A0,A0,E0,0,0,1998,3,8,9,4,4,0,484
20027,4591,A05,0,A00,A0,A0,E0,0,0,1998,3,,,0,0,,262
20029,4591,A05,0,A00,A0,A0,E0,0,0,1998,3,,,,,,1269
20031,4591,A05,0,A00,A0,A0,E0,0,0,1998,3,,,,,,553
20035,4591,A05,0,A00,A0,A0,E0,0,0,1998,3,30,26,12,15,-4,739
20037,4591,A05,0,A00,A0,A0,E0,0,0,1998,3,36,34,4,6,-2,1351
20039,4591,A05,0,A00,A0,A0,E0,0,0,1998,3,0,,,,,
20041,4591,A05,0,A00,A0,A0,E0,0,0,1998,3,,,0,0,,954
20045,4591,A05,0,A00,A0,A0,E0,0,0,1998,3,227,231,62,58,4,858
20051,4591,A05,0,A00,A0,A0,E0,0,0,1998,3,40,33,13,20,-7,575
20055,4591,A05,0,A00,A0,A0,E0,0,0,1998,3,32,23,6,16,-9,934
20057,4591,A05,0,A00,A0,A0,E0,0,0,1998,3,17,14,6,9,-3,544
20059,4591,A05,0,A00,A0,A0,E0,0,0,1998,3,,,,,,632
20061,4591,A05,0,A00,A0,A0,E0,0,0,1998,3,,,0,,,603
20067,4591,A05,0,A00,A0,A0,E0,0,0,1998,3,,,,,,919
20069,4591,A05,0,A00,A0,A0,E0,0,0,1998,3,,0,0,,,496
20079,4591,A05,0,A00,A0,A0,E0,0,0,1998,3,38,38,9,9,0,775
20087,4591,A05,0,A00,A0,A0,E0,0,0,1998,3,,0,0,,,479
20091,4591,A05,0,A00,A0,A0,E0,0,0,1998,3,1629,1728,710,612,99,994
20095,4591,A05,0,A00,A0,A0,E0,0,0,1998,3,,,0,0,,443
20097,4591,A05,0,A00,A0,A0,E0,0,0,1998,3,,,0,0,,200
20099,4591,A05,0,A00,A0,A0,E0,0,0,1998,3,,,,,,432
20103,4591,A05,0,A00,A0,A0,E0,0,0,1998,3,38,32,8,14,-6,738
20111,4591,A05,0,A00,A0,A0,E0,0,0,1998,3,33,32,6,7,-1,1108
20113,4591,A05,0,A00,A0,A0,E0,0,0,1998,3,37,36,7,8,-1,884
20115,4591,A05,0,A00,A0,A0,E0,0,0,1998,3,,,,,,542
20121,4591,A05,0,A00,A0,A0,E0,0,0,1998,3,,,,,,1202
20125,4591,A05,0,A00,A0,A0,E0,0,0,1998,3,15,21,12,7,5,614
20133,4591,A05,0,A00,A0,A0,E0,0,0,1998,3,,,0,,,548
20139,4591,A05,0,A00,A0,A0,E0,0,0,1998,3,14,16,4,3,1,836
20141,4591,A05,0,A00,A0,A0,E0,0,0,1998,3,,,,,,262
20153,4591,A05,0,A00,A0,A0,E0,0,0,1998,3,,,0,,,570
20155,4591,A05,0,A00,A0,A0,E0,0,0,1998,3,89,81,21,29,-9,1097
20157,4591,A05,0,A00,A0,A0,E0,0,0,1998,3,,,,,,64
20159,4591,A05,0,A00,A0,A0,E0,0,0,1998,3,,,,0,,353
20161,4591,A05,0,A00,A0,A0,E0,0,0,1998,3,157,171,65,51,13,813
20163,4591,A05,0,A00,A0,A0,E0,0,0,1998,3,,,0,0,,1046
20169,4591,A05,0,A00,A0,A0,E0,0,0,1998,3,175,161,56,69,-14,1005
20173,4591,A05,0,A00,A0,A0,E0,0,0,1998,3,796,781,231,247,-15,1077
20175,4591,A05,0,A00,A0,A0,E0,0,0,1998,3,,,,,,1281
20177,4591,A05,0,A00,A0,A0,E0,0,0,1998,3,342,314,89,117,-28,805
20191,4591,A05,0,A00,A0,A0,E0,0,0,1998,3,,,,,,449
20193,4591,A05,0,A00,A0,A0,E0,0,0,1998,3,13,12,,,-1,593
20197,4591,A05,0,A00,A0,A0,E0,0,0,1998,3,,,0,0,,270
20201,4591,A05,0,A00,A0,A0,E0,0,0,1998,3,0,,,0,,
20205,4591,A05,0,A00,A0,A0,E0,0,0,1998,3,,,,,,205
20209,4591,A05,0,A00,A0,A0,E0,0,0,1998,3,60,46,7,21,-14,1639
20,4591,A05,0,A00,A0,A0,E0,0,0,1998,3,3996,4002,1392,1386,6,963
20001,4591,A05,0,A00,A0,A0,E0,0,0,1998,4,,,,,,488
20003,4591,A05,0,A00,A0,A0,E0,0,0,1998,4,7,7,,,0,258
20007,4591,A05,0,A00,A0,A0,E0,0,0,1998,4,,,0,0,,759
20009,4591,A05,0,A00,A0,A0,E0,0,0,1998,4,10,8,,4,-2,445
20011,4591,A05,0,A00,A0,A0,E0,0,0,1998,4,,,0,0,,3651
20015,4591,A05,0,A00,A0,A0,E0,0,0,1998,4,9,10,4,2,1,362
20027,4591,A05,0,A00,A0,A0,E0,0,0,1998,4,,,,,,303
20029,4591,A05,0,A00,A0,A0,E0,0,0,1998,4,,,,,,1158
20031,4591,A05,0,A00,A0,A0,E0,0,0,1998,4,,,0,0,,447
20035,4591,A05,0,A00,A0,A0,E0,0,0,1998,4,,,,,,840
20037,4591,A05,0,A00,A0,A0,E0,0,0,1998,4,33,35,4,,2,1790
20039,4591,A05,0,A00,A0,A0,E0,0,0,1998,4,,,0,0,,519
20041,4591,A05,0,A00,A0,A0,E0,0,0,1998,4,,,0,0,,910
20045,4591,A05,0,A00,A0,A0,E0,0,0,1998,4,226,206,48,68,-20,810
20051,4591,A05,0,A00,A0,A0,E0,0,0,1998,4,33,42,20,11,9,653
20055,4591,A05,0,A00,A0,A0,E0,0,0,1998,4,23,21,4,6,-2,1073
20057,4591,A05,0,A00,A0,A0,E0,0,0,1998,4,14,15,7,6,1,575
20059,4591,A05,0,A00,A0,A0,E0,0,0,1998,4,,,,,,638
20061,4591,A05,0,A00,A0,A0,E0,0,0,1998,4,,,,,,835
20067,4591,A05,0,A00,A0,A0,E0,0,0,1998,4,,,,,,1054
20079,4591,A05,0,A00,A0,A0,E0,0,0,1998,4,46,41,19,24,-5,802
20091,4591,A05,0,A00,A0,A0,E0,0,0,1998,4,1743,2064,1364,1044,320,1115
20095,4591,A05,0,A00,A0,A0,E0,0,0,1998,4,,,0,0,,443
20097,4591,A05,0,A00,A0,A0,E0,0,0,1998,4,,,0,0,,276
20099,4591,A05,0,A00,A0,A0,E0,0,0,1998,4,,,,,,361
20103,4591,A05,0,A00,A0,A0,E0,0,0,1998,4,33,33,8,8,-1,756
20111,4591,A05,0,A00,A0,A0,E0,0,0,1998,4,32,29,3,5,-3,1258
20113,4591,A05,0,A00,A0,A0,E0,0,0,1998,4,36,37,11,10,1,928
20115,4591,A05,0,A00,A0,A0,E0,0,0,1998,4,,,,,,375
20121,4591,A05,0,A00,A0,A0,E0,0,0,1998,4,4,8,6,,4,726
20125,4591,A05,0,A00,A0,A0,E0,0,0,1998,4,22,20,7,8,-1,562
20133,4591,A05,0,A00,A0,A0,E0,0,0,1998,4,,,,,,588
20139,4591,A05,0,A00,A0,A0,E0,0,0,1998,4,16,14,,3,-2,580
20141,4591,A05,0,A00,A0,A0,E0,0,0,1998,4,,0,0,,,142
20151,4591,A05,0,A00,A0,A0,E0,0,0,1998,4,0,,,0,,
20153,4591,A05,0,A00,A0,A0,E0,0,0,1998,4,,,,,,658
20155,4591,A05,0,A00,A0,A0,E0,0,0,1998,4,82,91,35,25,9,1160
20157,4591,A05,0,A00,A0,A0,E0,0,0,1998,4,,,0,0,,336
20159,4591,A05,0,A00,A0,A0,E0,0,0,1998,4,,,0,0,,305
20161,4591,A05,0,A00,A0,A0,E0,0,0,1998,4,171,173,62,59,2,762
20163,4591,A05,0,A00,A0,A0,E0,0,0,1998,4,,,0,,,1083
20169,4591,A05,0,A00,A0,A0,E0,0,0,1998,4,161,172,63,52,11,1092
20173,4591,A05,0,A00,A0,A0,E0,0,0,1998,4,779,868,585,496,90,1163
20175,4591,A05,0,A00,A0,A0,E0,0,0,1998,4,,,0,,,1325
20177,4591,A05,0,A00,A0,A0,E0,0,0,1998,4,314,321,177,170,7,856
20191,4591,A05,0,A00,A0,A0,E0,0,0,1998,4,,,0,0,,345
20193,4591,A05,0,A00,A0,A0,E0,0,0,1998,4,12,10,,3,-2,609
20197,4591,A05,0,A00,A0,A0,E0,0,0,1998,4,,,0,,,313
20201,4591,A05,0,A00,A0,A0,E0,0,0,1998,4,,,,,,710
20205,4591,A05,0,A00,A0,A0,E0,0,0,1998,4,,,,0,,93
20209,4591,A05,0,A00,A0,A0,E0,0,0,1998,4,41,45,14,10,4,2110
20,4591,A05,0,A00,A0,A0,E0,0,0,1998,4,4000,4415,2484,2069,415,1048
20001,4591,A05,0,A00,A0,A0,E0,0,0,1999,1,,,,,,456
20003,4591,A05,0,A00,A0,A0,E0,0,0,1999,1,7,10,,0,2,228
20007,4591,A05,0,A00,A0,A0,E0,0,0,1999,1,,,0,0,,779
20009,4591,A05,0,A00,A0,A0,E0,0,0,1999,1,8,8,3,3,0,434
20011,4591,A05,0,A00,A0,A0,E0,0,0,1999,1,,,0,0,,1000
20015,4591,A05,0,A00,A0,A0,E0,0,0,1999,1,10,8,4,6,-2,419
20027,4591,A05,0,A00,A0,A0,E0,0,0,1999,1,,,,0,,272
20029,4591,A05,0,A00,A0,A0,E0,0,0,1999,1,,,,,,824
20031,4591,A05,0,A00,A0,A0,E0,0,0,1999,1,,,0,0,,214
20035,4591,A05,0,A00,A0,A0,E0,0,0,1999,1,,,,,,820
20037,4591,A05,0,A00,A0,A0,E0,0,0,1999,1,35,34,,,-1,1447
20039,4591,A05,0,A00,A0,A0,E0,0,0,1999,1,,,0,0,,1472
20041,4591,A05,0,A00,A0,A0,E0,0,0,1999,1,,,0,0,,1241
20045,4591,A05,0,A00,A0,A0,E0,0,0,1999,1,212,220,49,41,7,772
20051,4591,A05,0,A00,A0,A0,E0,0,0,1999,1,49,53,14,9,4,733
20055,4591,A05,0,A00,A0,A0,E0,0,0,1999,1,21,21,4,4,0,1007
20057,4591,A05,0,A00,A0,A0,E0,0,0,1999,1,20,19,,,-1,736
20059,4591,A05,0,A00,A0,A0,E0,0,0,1999,1,12,7,,7,-5,1187
20061,4591,A05,0,A00,A0,A0,E0,0,0,1999,1,,,,,,948
20067,4591,A05,0,A00,A0,A0,E0,0,0,1999,1,,,,,,830
20079,4591,A05,0,A00,A0,A0,E0,0,0,1999,1,40,36,4,8,-4,693
20091,4591,A05,0,A00,A0,A0,E0,0,0,1999,1,2191,1948,579,822,-242,885
20095,4591,A05,0,A00,A0,A0,E0,0,0,1999,1,,,0,0,,443
20097,4591,A05,0,A00,A0,A0,E0,0,0,1999,1,,,0,0,,159
20099,4591,A05,0,A00,A0,A0,E0,0,0,1999,1,,,,0,,400
20103,4591,A05,0,A00,A0,A0,E0,0,0,1999,1,33,31,,4,-1,795
20111,4591,A05,0,A00,A0,A0,E0,0,0,1999,1,29,31,6,3,3,1281
20113,4591,A05,0,A00,A0,A0,E0,0,0,1999,1,37,39,10,9,1,782
20115,4591,A05,0,A00,A0,A0,E0,0,0,1999,1,,,,,,346
20121,4591,A05,0,A00,A0,A0,E0,0,0,1999,1,7,5,,4,-3,504
20125,4591,A05,0,A00,A0,A0,E0,0,0,1999,1,20,18,3,5,-2,575
20133,4591,A05,0,A00,A0,A0,E0,0,0,1999,1,,,0,0,,570
20139,4591,A05,0,A00,A0,A0,E0,0,0,1999,1,14,13,,,0,659
20151,4591,A05,0,A00,A0,A0,E0,0,0,1999,1,,,0,0,,297
20153,4591,A05,0,A00,A0,A0,E0,0,0,1999,1,,,,,,550
20155,4591,A05,0,A00,A0,A0,E0,0,0,1999,1,99,97,13,15,-2,1036
20157,4591,A05,0,A00,A0,A0,E0,0,0,1999,1,,,0,0,,223
20159,4591,A05,0,A00,A0,A0,E0,0,0,1999,1,,,0,,,324
20161,4591,A05,0,A00,A0,A0,E0,0,0,1999,1,173,166,27,35,-8,715
20163,4591,A05,0,A00,A0,A0,E0,0,0,1999,1,,,,0,,1085
20169,4591,A05,0,A00,A0,A0,E0,0,0,1999,1,171,152,28,47,-19,1013
20173,4591,A05,0,A00,A0,A0,E0,0,0,1999,1,1004,958,194,241,-46,964
20175,4591,A05,0,A00,A0,A0,E0,0,0,1999,1,,,,,,1290
20177,4591,A05,0,A00,A0,A0,E0,0,0,1999,1,334,306,52,80,-28,775
20191,4591,A05,0,A00,A0,A0,E0,0,0,1999,1,,,,,,317
20193,4591,A05,0,A00,A0,A0,E0,0,0,1999,1,10,10,,,0,555
20197,4591,A05,0,A00,A0,A0,E0,0,0,1999,1,,,0,0,,438
20201,4591,A05,0,A00,A0,A0,E0,0,0,1999,1,,,0,0,,1520
20205,4591,A05,0,A00,A0,A0,E0,0,0,1999,1,,,0,0,,159
20209,4591,A05,0,A00,A0,A0,E0,0,0,1999,1,42,41,6,7,-1,1836
20,4591,A05,0,A00,A0,A0,E0,0,0,1999,1,4724,4381,1035,1379,-343,889
20001,4591,A05,0,A00,A0,A0,E0,0,0,1999,2,,,,,,236
20003,4591,A05,0,A00,A0,A0,E0,0,0,1999,2,10,7,0,,-2,225
20007,4591,A05,0,A00,A0,A0,E0,0,0,1999,2,,,0,0,,730
20009,4591,A05,0,A00,A0,A0,E0,0,0,1999,2,,,,,,603
20011,4591,A05,0,A00,A0,A0,E0,0,0,1999,2,,,0,0,,1031
20015,4591,A05,0,A00,A0,A0,E0,0,0,1999,2,8,4,,5,-4,285
20019,4591,A05,0,A00,A0,A0,E0,0,0,1999,2,0,,,,,
20027,4591,A05,0,A00,A0,A0,E0,0,0,1999,2,,,0,0,,272
20029,4591,A05,0,A00,A0,A0,E0,0,0,1999,2,,,,,,781
20031,4591,A05,0,A00,A0,A0,E0,0,0,1999,2,,,,,,130
20035,4591,A05,0,A00,A0,A0,E0,0,0,1999,2,10,12,3,,2,1094
20037,4591,A05,0,A00,A0,A0,E0,0,0,1999,2,35,36,7,5,1,1417
20039,4591,A05,0,A00,A0,A0,E0,0,0,1999,2,,,0,0,,1717
20041,4591,A05,0,A00,A0,A0,E0,0,0,1999,2,,,0,,,1022
20045,4591,A05,0,A00,A0,A0,E0,0,0,1999,2,219,219,54,54,0,761
20051,4591,A05,0,A00,A0,A0,E0,0,0,1999,2,53,54,19,19,1,756
20055,4591,A05,0,A00,A0,A0,E0,0,0,1999,2,18,27,16,6,9,1311
20057,4591,A05,0,A00,A0,A0,E0,0,0,1999,2,19,22,4,,3,919
20059,4591,A05,0,A00,A0,A0,E0,0,0,1999,2,,,,0,,755
20061,4591,A05,0,A00,A0,A0,E0,0,0,1999,2,,,0,,,604
20067,4591,A05,0,A00,A0,A0,E0,0,0,1999,2,,,,,,1215
20079,4591,A05,0,A00,A0,A0,E0,0,0,1999,2,34,39,14,8,6,779
20087,4591,A05,0,A00,A0,A0,E0,0,0,1999,2,0,,,0,,
20091,4591,A05,0,A00,A0,A0,E0,0,0,1999,2,1928,1917,684,695,-11,1070
20095,4591,A05,0,A00,A0,A0,E0,0,0,1999,2,,,0,0,,443
20097,4591,A05,0,A00,A0,A0,E0,0,0,1999,2,,,0,0,,245
20099,4591,A05,0,A00,A0,A0,E0,0,0,1999,2,,,,,,351
20103,4591,A05,0,A00,A0,A0,E0,0,0,1999,2,30,31,15,13,1,871
20111,4591,A05,0,A00,A0,A0,E0,0,0,1999,2,31,33,9,7,2,1421
20113,4591,A05,0,A00,A0,A0,E0,0,0,1999,2,39,47,21,13,8,877
20115,4591,A05,0,A00,A0,A0,E0,0,0,1999,2,,,,,,428
20121,4591,A05,0,A00,A0,A0,E0,0,0,1999,2,,,,0,,611
20125,4591,A05,0,A00,A0,A0,E0,0,0,1999,2,18,19,9,8,1,627
20133,4591,A05,0,A00,A0,A0,E0,0,0,1999,2,,,,,,523
20139,4591,A05,0,A00,A0,A0,E0,0,0,1999,2,13,12,5,6,-2,984
20151,4591,A05,0,A00,A0,A0,E0,0,0,1999,2,,,0,0,,279
20153,4591,A05,0,A00,A0,A0,E0,0,0,1999,2,,,0,,,517
20155,4591,A05,0,A00,A0,A0,E0,0,0,1999,2,97,109,28,16,12,1097
20157,4591,A05,0,A00,A0,A0,E0,0,0,1999,2,,,0,0,,163
20159,4591,A05,0,A00,A0,A0,E0,0,0,1999,2,,,,0,,368
20161,4591,A05,0,A00,A0,A0,E0,0,0,1999,2,171,161,45,56,-10,739
20163,4591,A05,0,A00,A0,A0,E0,0,0,1999,2,,,,,,1384
20169,4591,A05,0,A00,A0,A0,E0,0,0,1999,2,131,134,38,36,2,1121
20173,4591,A05,0,A00,A0,A0,E0,0,0,1999,2,970,925,250,295,-45,1004
20175,4591,A05,0,A00,A0,A0,E0,0,0,1999,2,,,,,,1217
20177,4591,A05,0,A00,A0,A0,E0,0,0,1999,2,307,314,94,87,7,833
20191,4591,A05,0,A00,A0,A0,E0,0,0,1999,2,,,,,,457
20193,4591,A05,0,A00,A0,A0,E0,0,0,1999,2,10,13,5,,3,473
20197,4591,A05,0,A00,A0,A0,E0,0,0,1999,2,,,0,0,,464
20201,4591,A05,0,A00,A0,A0,E0,0,0,1999,2,,,0,0,,1213
20205,4591,A05,0,A00,A0,A0,E0,0,0,1999,2,,,,,,309
20209,4591,A05,0,A00,A0,A0,E0,0,0,1999,2,41,43,11,8,2,1973
20,4591,A05,0,A00,A0,A0,E0,0,0,1999,2,4351,4347,1389,1393,-4,996
20001,4591,A05,0,A00,A0,A0,E0,0,0,1999,3,,,,,,383
20003,4591,A05,0,A00,A0,A0,E0,0,0,1999,3,7,7,,,0,206
20007,4591,A05,0,A00,A0,A0,E0,0,0,1999,3,,,0,0,,779
20009,4591,A05,0,A00,A0,A0,E0,0,0,1999,3,,,,,,540
20011,4591,A05,0,A00,A0,A0,E0,0,0,1999,3,,,0,0,,1090
20015,4591,A05,0,A00,A0,A0,E0,0,0,1999,3,4,4,,,1,361
20019,4591,A05,0,A00,A0,A0,E0,0,0,1999,3,,,,,,1325
20023,4591,A05,0,A00,A0,A0,E0,0,0,1999,3,0,,,,,
20027,4591,A05,0,A00,A0,A0,E0,0,0,1999,3,,,0,0,,265
20029,4591,A05,0,A00,A0,A0,E0,0,0,1999,3,,,,,,721
20031,4591,A05,0,A00,A0,A0,E0,0,0,1999,3,,,0,0,,205
20035,4591,A05,0,A00,A0,A0,E0,0,0,1999,3,12,12,0,,-1,1063
20037,4591,A05,0,A00,A0,A0,E0,0,0,1999,3,36,33,4,6,-3,1343
20039,4591,A05,0,A00,A0,A0,E0,0,0,1999,3,,,0,0,,1450
20041,4591,A05,0,A00,A0,A0,E0,0,0,1999,3,,,,,,622
20045,4591,A05,0,A00,A0,A0,E0,0,0,1999,3,212,208,58,62,-4,854
20051,4591,A05,0,A00,A0,A0,E0,0,0,1999,3,54,54,18,18,0,638
20055,4591,A05,0,A00,A0,A0,E0,0,0,1999,3,25,22,11,14,-3,1123
20057,4591,A05,0,A00,A0,A0,E0,0,0,1999,3,22,17,7,11,-4,794
20059,4591,A05,0,A00,A0,A0,E0,0,0,1999,3,,,,,,862
20061,4591,A05,0,A00,A0,A0,E0,0,0,1999,3,,,,,,861
20067,4591,A05,0,A00,A0,A0,E0,0,0,1999,3,,,,,,1099
20073,4591,A05,0,A00,A0,A0,E0,0,0,1999,3,0,,,0,,
20079,4591,A05,0,A00,A0,A0,E0,0,0,1999,3,39,39,9,10,0,692
20087,4591,A05,0,A00,A0,A0,E0,0,0,1999,3,,0,0,,,148
20091,4591,A05,0,A00,A0,A0,E0,0,0,1999,3,1943,1942,701,702,-1,1089
20095,4591,A05,0,A00,A0,A0,E0,0,0,1999,3,,0,0,,,443
20097,4591,A05,0,A00,A0,A0,E0,0,0,1999,3,,,0,0,,100
20099,4591,A05,0,A00,A0,A0,E0,0,0,1999,3,,,,,,387
20103,4591,A05,0,A00,A0,A0,E0,0,0,1999,3,31,29,7,8,-2,929
20111,4591,A05,0,A00,A0,A0,E0,0,0,1999,3,34,34,4,5,0,1171
20113,4591,A05,0,A00,A0,A0,E0,0,0,1999,3,47,44,13,15,-3,937
20115,4591,A05,0,A00,A0,A0,E0,0,0,1999,3,,,,,,496
20121,4591,A05,0,A00,A0,A0,E0,0,0,1999,3,,,0,,,801
20125,4591,A05,0,A00,A0,A0,E0,0,0,1999,3,19,14,5,10,-5,627
20133,4591,A05,0,A00,A0,A0,E0,0,0,1999,3,,,,,,715
20139,4591,A05,0,A00,A0,A0,E0,0,0,1999,3,12,11,6,7,-1,852
20151,4591,A05,0,A00,A0,A0,E0,0,0,1999,3,,,,,,1249
20153,4591,A05,0,A00,A0,A0,E0,0,0,1999,3,,,0,0,,706
20155,4591,A05,0,A00,A0,A0,E0,0,0,1999,3,111,111,19,20,-1,1017
20157,4591,A05,0,A00,A0,A0,E0,0,0,1999,3,,,0,0,,376
20159,4591,A05,0,A00,A0,A0,E0,0,0,1999,3,,,0,0,,329
20161,4591,A05,0,A00,A0,A0,E0,0,0,1999,3,148,144,38,42,-3,693
20163,4591,A05,0,A00,A0,A0,E0,0,0,1999,3,,,0,,,1063
20169,4591,A05,0,A00,A0,A0,E0,0,0,1999,3,131,139,44,36,8,1212
20173,4591,A05,0,A00,A0,A0,E0,0,0,1999,3,910,966,338,283,56,1104
20175,4591,A05,0,A00,A0,A0,E0,0,0,1999,3,,,,,,247
20177,4591,A05,0,A00,A0,A0,E0,0,0,1999,3,306,323,108,91,17,951
20191,4591,A05,0,A00,A0,A0,E0,0,0,1999,3,,,,,,363
20193,4591,A05,0,A00,A0,A0,E0,0,0,1999,3,13,15,4,,2,412
20197,4591,A05,0,A00,A0,A0,E0,0,0,1999,3,,,,,,243
20201,4591,A05,0,A00,A0,A0,E0,0,0,1999,3,,,,0,,1663
20205,4591,A05,0,A00,A0,A0,E0,0,0,1999,3,,,,,,239
20209,4591,A05,0,A00,A0,A0,E0,0,0,1999,3,43,40,9,12,-3,2403
20,4591,A05,0,A00,A0,A0,E0,0,0,1999,3,4328,4381,1472,1418,54,1038
20001,4591,A05,0,A00,A0,A0,E0,0,0,1999,4,,,,,,280
20003,4591,A05,0,A00,A0,A0,E0,0,0,1999,4,7,8,,,1,241
20007,4591,A05,0,A00,A0,A0,E0,0,0,1999,4,,,0,0,,646
20009,4591,A05,0,A00,A0,A0,E0,0,0,1999,4,9,15,8,3,5,533
20011,4591,A05,0,A00,A0,A0,E0,0,0,1999,4,,,,0,,4135
20015,4591,A05,0,A00,A0,A0,E0,0,0,1999,4,4,12,10,3,7,284
20019,4591,A05,0,A00,A0,A0,E0,0,0,1999,4,,,,,,1373
20023,4591,A05,0,A00,A0,A0,E0,0,0,1999,4,,,,,,52
20027,4591,A05,0,A00,A0,A0,E0,0,0,1999,4,,,,0,,259
20029,4591,A05,0,A00,A0,A0,E0,0,0,1999,4,,,,,,943
20031,4591,A05,0,A00,A0,A0,E0,0,0,1999,4,,,0,0,,279
20035,4591,A05,0,A00,A0,A0,E0,0,0,1999,4,12,11,,,0,1147
20037,4591,A05,0,A00,A0,A0,E0,0,0,1999,4,33,37,6,,3,1811
20039,4591,A05,0,A00,A0,A0,E0,0,0,1999,4,,,0,0,,1567
20041,4591,A05,0,A00,A0,A0,E0,0,0,1999,4,,,,,,617
20045,4591,A05,0,A00,A0,A0,E0,0,0,1999,4,203,214,61,50,11,1003
20051,4591,A05,0,A00,A0,A0,E0,0,0,1999,4,54,46,12,20,-8,796
20055,4591,A05,0,A00,A0,A0,E0,0,0,1999,4,22,19,3,6,-3,1370
20057,4591,A05,0,A00,A0,A0,E0,0,0,1999,4,17,21,5,,3,934
20059,4591,A05,0,A00,A0,A0,E0,0,0,1999,4,,,,0,,1039
20061,4591,A05,0,A00,A0,A0,E0,0,0,1999,4,,,,,,648
20067,4591,A05,0,A00,A0,A0,E0,0,0,1999,4,,,,,,1087
20073,4591,A05,0,A00,A0,A0,E0,0,0,1999,4,,,,,,438
20079,4591,A05,0,A00,A0,A0,E0,0,0,1999,4,39,37,14,16,-2,680
20087,4591,A05,0,A00,A0,A0,E0,0,0,1999,4,0,,,0,,
20091,4591,A05,0,A00,A0,A0,E0,0,0,1999,4,1965,2265,1381,1081,300,1228
20097,4591,A05,0,A00,A0,A0,E0,0,0,1999,4,,,0,0,,229
20099,4591,A05,0,A00,A0,A0,E0,0,0,1999,4,,,0,,,339
20103,4591,A05,0,A00,A0,A0,E0,0,0,1999,4,29,20,4,14,-10,929
20107,4591,A05,0,A00,A0,A0,E0,0,0,1999,4,,,,,,687
20111,4591,A05,0,A00,A0,A0,E0,0,0,1999,4,33,32,10,12,-2,1201
20113,4591,A05,0,A00,A0,A0,E0,0,0,1999,4,44,37,12,19,-7,909
20115,4591,A05,0,A00,A0,A0,E0,0,0,1999,4,,,,,,390
20121,4591,A05,0,A00,A0,A0,E0,0,0,1999,4,,,0,0,,1108
20125,4591,A05,0,A00,A0,A0,E0,0,0,1999,4,14,14,4,4,0,897
20133,4591,A05,0,A00,A0,A0,E0,0,0,1999,4,,,,,,749
20139,4591,A05,0,A00,A0,A0,E0,0,0,1999,4,11,13,7,4,3,673
20151,4591,A05,0,A00,A0,A0,E0,0,0,1999,4,,,,,,1349
20153,4591,A05,0,A00,A0,A0,E0,0,0,1999,4,,,0,0,,708
20155,4591,A05,0,A00,A0,A0,E0,0,0,1999,4,119,134,37,22,15,1209
20157,4591,A05,0,A00,A0,A0,E0,0,0,1999,4,,,0,0,,464
20159,4591,A05,0,A00,A0,A0,E0,0,0,1999,4,,,0,0,,307
20161,4591,A05,0,A00,A0,A0,E0,0,0,1999,4,144,135,41,50,-9,711
20163,4591,A05,0,A00,A0,A0,E0,0,0,1999,4,,,0,,,1289
20169,4591,A05,0,A00,A0,A0,E0,0,0,1999,4,126,144,40,23,17,1300
20173,4591,A05,0,A00,A0,A0,E0,0,0,1999,4,929,956,547,520,27,1193
20175,4591,A05,0,A00,A0,A0,E0,0,0,1999,4,,,,,,170
20177,4591,A05,0,A00,A0,A0,E0,0,0,1999,4,340,356,173,156,16,976
20191,4591,A05,0,A00,A0,A0,E0,0,0,1999,4,,,,,,163
20193,4591,A05,0,A00,A0,A0,E0,0,0,1999,4,15,11,0,4,-4,409
20197,4591,A05,0,A00,A0,A0,E0,0,0,1999,4,,,0,0,,403
20201,4591,A05,0,A00,A0,A0,E0,0,0,1999,4,,,0,,,1399
20205,4591,A05,0,A00,A0,A0,E0,0,0,1999,4,,,0,,,284
20209,4591,A05,0,A00,A0,A0,E0,0,0,1999,4,40,35,5,10,-5,2451
20,4591,A05,0,A00,A0,A0,E0,0,0,1999,4,4386,4739,2438,2085,353,1146
20001,4591,A05,0,A00,A0,A0,E0,0,0,2000,1,,,0,,,264
20003,4591,A05,0,A00,A0,A0,E0,0,0,2000,1,8,8,0,0,0,231
20007,4591,A05,0,A00,A0,A0,E0,0,0,2000,1,,,0,0,,624
20009,4591,A05,0,A00,A0,A0,E0,0,0,2000,1,15,12,3,6,-3,353
20011,4591,A05,0,A00,A0,A0,E0,0,0,2000,1,,,0,,,979
20015,4591,A05,0,A00,A0,A0,E0,0,0,2000,1,12,11,3,4,-1,840
20019,4591,A05,0,A00,A0,A0,E0,0,0,2000,1,,,0,0,,1267
20023,4591,A05,0,A00,A0,A0,E0,0,0,2000,1,,,,,,276
20027,4591,A05,0,A00,A0,A0,E0,0,0,2000,1,,,0,,,213
20029,4591,A05,0,A00,A0,A0,E0,0,0,2000,1,,,,,,867
20031,4591,A05,0,A00,A0,A0,E0,0,0,2000,1,,,0,0,,233
20035,4591,A05,0,A00,A0,A0,E0,0,0,2000,1,18,17,3,4,-1,905
20037,4591,A05,0,A00,A0,A0,E0,0,0,2000,1,36,37,6,6,0,1430
20039,4591,A05,0,A00,A0,A0,E0,0,0,2000,1,,,0,0,,1466
20041,4591,A05,0,A00,A0,A0,E0,0,0,2000,1,,,,,,854
20045,4591,A05,0,A00,A0,A0,E0,0,0,2000,1,213,224,63,52,11,836
20051,4591,A05,0,A00,A0,A0,E0,0,0,2000,1,46,47,5,4,1,837
20055,4591,A05,0,A00,A0,A0,E0,0,0,2000,1,19,21,4,,3,1491
20057,4591,A05,0,A00,A0,A0,E0,0,0,2000,1,20,20,,,0,794
20059,4591,A05,0,A00,A0,A0,E0,0,0,2000,1,,,,,,1131
20061,4591,A05,0,A00,A0,A0,E0,0,0,2000,1,,,,,,278
20067,4591,A05,0,A00,A0,A0,E0,0,0,2000,1,,,,,,1230
20073,4591,A05,0,A00,A0,A0,E0,0,0,2000,1,,,,,,217
20079,4591,A05,0,A00,A0,A0,E0,0,0,2000,1,37,37,7,7,0,629
20087,4591,A05,0,A00,A0,A0,E0,0,0,2000,1,,0,0,,,976
20091,4591,A05,0,A00,A0,A0,E0,0,0,2000,1,2203,1874,439,768,-329,923
20097,4591,A05,0,A00,A0,A0,E0,0,0,2000,1,,,0,0,,255
20099,4591,A05,0,A00,A0,A0,E0,0,0,2000,1,,,,,,442
20103,4591,A05,0,A00,A0,A0,E0,0,0,2000,1,16,17,,,1,1729
20107,4591,A05,0,A00,A0,A0,E0,0,0,2000,1,,,,,,424
20111,4591,A05,0,A00,A0,A0,E0,0,0,2000,1,32,32,7,7,0,1461
20113,4591,A05,0,A00,A0,A0,E0,0,0,2000,1,37,38,7,7,0,939
20115,4591,A05,0,A00,A0,A0,E0,0,0,2000,1,,,,,,353
20121,4591,A05,0,A00,A0,A0,E0,0,0,2000,1,,,0,0,,720
20125,4591,A05,0,A00,A0,A0,E0,0,0,2000,1,14,15,4,3,1,840
20133,4591,A05,0,A00,A0,A0,E0,0,0,2000,1,,,0,,,653
20139,4591,A05,0,A00,A0,A0,E0,0,0,2000,1,13,15,3,,2,446
20149,4591,A05,0,A00,A0,A0,E0,0,0,2000,1,,,,,,1259
20151,4591,A05,0,A00,A0,A0,E0,0,0,2000,1,,,,,,1006
20153,4591,A05,0,A00,A0,A0,E0,0,0,2000,1,,,,,,438
20155,4591,A05,0,A00,A0,A0,E0,0,0,2000,1,125,109,17,33,-16,966
20157,4591,A05,0,A00,A0,A0,E0,0,0,2000,1,,,0,,,1598
20159,4591,A05,0,A00,A0,A0,E0,0,0,2000,1,,,0,,,293
20161,4591,A05,0,A00,A0,A0,E0,0,0,2000,1,133,133,22,22,0,708
20163,4591,A05,0,A00,A0,A0,E0,0,0,2000,1,,,,,,1077
20169,4591,A05,0,A00,A0,A0,E0,0,0,2000,1,155,148,24,32,-7,1179
20173,4591,A05,0,A00,A0,A0,E0,0,0,2000,1,1033,941,225,316,-91,957
20175,4591,A05,0,A00,A0,A0,E0,0,0,2000,1,,,,,,144
20177,4591,A05,0,A00,A0,A0,E0,0,0,2000,1,384,356,65,94,-28,850
20191,4591,A05,0,A00,A0,A0,E0,0,0,2000,1,,,,,,114
20193,4591,A05,0,A00,A0,A0,E0,0,0,2000,1,11,13,,0,2,457
20197,4591,A05,0,A00,A0,A0,E0,0,0,2000,1,,,0,0,,347
20201,4591,A05,0,A00,A0,A0,E0,0,0,2000,1,,,0,0,,1789
20205,4591,A05,0,A00,A0,A0,E0,0,0,2000,1,,,0,0,,352
20209,4591,A05,0,A00,A0,A0,E0,0,0,2000,1,35,44,15,5,9,2168
20,4591,A05,0,A00,A0,A0,E0,0,0,2000,1,4790,4329,961,1422,-461,927
20001,4591,A05,0,A00,A0,A0,E0,0,0,2000,2,,,,,,357
20003,4591,A05,0,A00,A0,A0,E0,0,0,2000,2,8,8,0,0,0,265
20007,4591,A05,0,A00,A0,A0,E0,0,0,2000,2,,,0,0,,624
20009,4591,A05,0,A00,A0,A0,E0,0,0,2000,2,12,12,,,0,438
20011,4591,A05,0,A00,A0,A0,E0,0,0,2000,2,,,0,0,,1102
20015,4591,A05,0,A00,A0,A0,E0,0,0,2000,2,,,,,,207
20019,4591,A05,0,A00,A0,A0,E0,0,0,2000,2,,,0,0,,1231
20023,4591,A05,0,A00,A0,A0,E0,0,0,2000,2,,,,,,113
20027,4591,A05,0,A00,A0,A0,E0,0,0,2000,2,,,,,,288
20029,4591,A05,0,A00,A0,A0,E0,0,0,2000,2,,,,,,886
20031,4591,A05,0,A00,A0,A0,E0,0,0,2000,2,,,0,0,,255
20035,4591,A05,0,A00,A0,A0,E0,0,0,2000,2,17,18,7,6,1,899
20037,4591,A05,0,A00,A0,A0,E0,0,0,2000,2,37,39,9,7,2,1504
20039,4591,A05,0,A00,A0,A0,E0,0,0,2000,2,,,,0,,1544
20041,4591,A05,0,A00,A0,A0,E0,0,0,2000,2,,,0,0,,847
20045,4591,A05,0,A00,A0,A0,E0,0,0,2000,2,224,217,45,52,-7,835
20051,4591,A05,0,A00,A0,A0,E0,0,0,2000,2,48,54,13,6,6,974
20055,4591,A05,0,A00,A0,A0,E0,0,0,2000,2,22,31,12,,10,1552
20057,4591,A05,0,A00,A0,A0,E0,0,0,2000,2,20,25,7,,5,922
20059,4591,A05,0,A00,A0,A0,E0,0,0,2000,2,,,,,,896
20061,4591,A05,0,A00,A0,A0,E0,0,0,2000,2,,,,0,,792
20067,4591,A05,0,A00,A0,A0,E0,0,0,2000,2,,,,,,1527
20073,4591,A05,0,A00,A0,A0,E0,0,0,2000,2,,,,,,351
20079,4591,A05,0,A00,A0,A0,E0,0,0,2000,2,37,36,10,11,-1,751
20091,4591,A05,0,A00,A0,A0,E0,0,0,2000,2,1884,1901,578,560,18,1105
20097,4591,A05,0,A00,A0,A0,E0,0,0,2000,2,,,0,0,,140
20099,4591,A05,0,A00,A0,A0,E0,0,0,2000,2,,,,,,510
20103,4591,A05,0,A00,A0,A0,E0,0,0,2000,2,17,23,9,,7,944
20107,4591,A05,0,A00,A0,A0,E0,0,0,2000,2,,,,,,565
20111,4591,A05,0,A00,A0,A0,E0,0,0,2000,2,31,35,7,3,4,1483
20113,4591,A05,0,A00,A0,A0,E0,0,0,2000,2,38,46,18,10,8,842
20115,4591,A05,0,A00,A0,A0,E0,0,0,2000,2,,,,,,301
20121,4591,A05,0,A00,A0,A0,E0,0,0,2000,2,,,,,,1191
20125,4591,A05,0,A00,A0,A0,E0,0,0,2000,2,15,16,3,,1,868
20133,4591,A05,0,A00,A0,A0,E0,0,0,2000,2,,,0,0,,777
20139,4591,A05,0,A00,A0,A0,E0,0,0,2000,2,15,15,,,0,616
20149,4591,A05,0,A00,A0,A0,E0,0,0,2000,2,,,0,,,851
20151,4591,A05,0,A00,A0,A0,E0,0,0,2000,2,,,0,0,,1132
20153,4591,A05,0,A00,A0,A0,E0,0,0,2000,2,,,,,,240
20155,4591,A05,0,A00,A0,A0,E0,0,0,2000,2,109,112,25,22,3,1068
20157,4591,A05,0,A00,A0,A0,E0,0,0,2000,2,,,0,0,,902
20159,4591,A05,0,A00,A0,A0,E0,0,0,2000,2,,,,,,333
20161,4591,A05,0,A00,A0,A0,E0,0,0,2000,2,133,134,37,36,1,735
20163,4591,A05,0,A00,A0,A0,E0,0,0,2000,2,,,,,,1692
20169,4591,A05,0,A00,A0,A0,E0,0,0,2000,2,148,143,25,30,-5,1244
20173,4591,A05,0,A00,A0,A0,E0,0,0,2000,2,940,997,306,249,57,1117
20175,4591,A05,0,A00,A0,A0,E0,0,0,2000,2,,,,,,75
20177,4591,A05,0,A00,A0,A0,E0,0,0,2000,2,356,372,106,90,16,971
20191,4591,A05,0,A00,A0,A0,E0,0,0,2000,2,,,,,,241
20193,4591,A05,0,A00,A0,A0,E0,0,0,2000,2,13,11,,4,-2,400
20197,4591,A05,0,A00,A0,A0,E0,0,0,2000,2,,,0,0,,414
20201,4591,A05,0,A00,A0,A0,E0,0,0,2000,2,,,0,,,1577
20205,4591,A05,0,A00,A0,A0,E0,0,0,2000,2,,,,0,,284
20209,4591,A05,0,A00,A0,A0,E0,0,0,2000,2,44,54,14,4,10,2159
20,4591,A05,0,A00,A0,A0,E0,0,0,2000,2,4329,4452,1273,1150,123,1061
20001,4591,A05,0,A00,A0,A0,E0,0,0,2000,3,,,,,,667
20003,4591,A05,0,A00,A0,A0,E0,0,0,2000,3,8,4,0,5,-5,208
20007,4591,A05,0,A00,A0,A0,E0,0,0,2000,3,,,,0,,1323
20009,4591,A05,0,A00,A0,A0,E0,0,0,2000,3,12,12,,,0,525
20011,4591,A05,0,A00,A0,A0,E0,0,0,2000,3,,,0,0,,1080
20015,4591,A05,0,A00,A0,A0,E0,0,0,2000,3,,,0,0,,775
20019,4591,A05,0,A00,A0,A0,E0,0,0,2000,3,,,0,0,,890
20023,4591,A05,0,A00,A0,A0,E0,0,0,2000,3,,,,,,520
20027,4591,A05,0,A00,A0,A0,E0,0,0,2000,3,,,,0,,254
20029,4591,A05,0,A00,A0,A0,E0,0,0,2000,3,,,,,,772
20031,4591,A05,0,A00,A0,A0,E0,0,0,2000,3,,,0,0,,234
20035,4591,A05,0,A00,A0,A0,E0,0,0,2000,3,18,21,7,4,3,1043
20037,4591,A05,0,A00,A0,A0,E0,0,0,2000,3,39,35,6,10,-4,1266
20039,4591,A05,0,A00,A0,A0,E0,0,0,2000,3,,,0,0,,1363
20041,4591,A05,0,A00,A0,A0,E0,0,0,2000,3,,,0,0,,937
20045,4591,A05,0,A00,A0,A0,E0,0,0,2000,3,217,223,59,52,6,913
20051,4591,A05,0,A00,A0,A0,E0,0,0,2000,3,53,49,10,14,-4,877
20055,4591,A05,0,A00,A0,A0,E0,0,0,2000,3,31,22,8,17,-10,1170
20057,4591,A05,0,A00,A0,A0,E0,0,0,2000,3,25,22,3,6,-3,851
20059,4591,A05,0,A00,A0,A0,E0,0,0,2000,3,,,,,,754
20061,4591,A05,0,A00,A0,A0,E0,0,0,2000,3,,,,,,290
20067,4591,A05,0,A00,A0,A0,E0,0,0,2000,3,,,,,,1116
20073,4591,A05,0,A00,A0,A0,E0,0,0,2000,3,,,,,,424
20079,4591,A05,0,A00,A0,A0,E0,0,0,2000,3,36,43,12,6,6,787
20091,4591,A05,0,A00,A0,A0,E0,0,0,2000,3,1933,2137,895,691,204,1104
20097,4591,A05,0,A00,A0,A0,E0,0,0,2000,3,,,0,0,,238
20099,4591,A05,0,A00,A0,A0,E0,0,0,2000,3,,,,,,577
20103,4591,A05,0,A00,A0,A0,E0,0,0,2000,3,23,17,4,10,-6,1066
20107,4591,A05,0,A00,A0,A0,E0,0,0,2000,3,,,,,,680
20111,4591,A05,0,A00,A0,A0,E0,0,0,2000,3,36,44,16,7,9,1116
20113,4591,A05,0,A00,A0,A0,E0,0,0,2000,3,46,51,20,15,5,843
20115,4591,A05,0,A00,A0,A0,E0,0,0,2000,3,,,,,,347
20121,4591,A05,0,A00,A0,A0,E0,0,0,2000,3,,,,,,1249
20125,4591,A05,0,A00,A0,A0,E0,0,0,2000,3,16,15,7,8,-1,745
20133,4591,A05,0,A00,A0,A0,E0,0,0,2000,3,,,,0,,768
20139,4591,A05,0,A00,A0,A0,E0,0,0,2000,3,15,17,4,,2,728
20149,4591,A05,0,A00,A0,A0,E0,0,0,2000,3,,,,,,494
20151,4591,A05,0,A00,A0,A0,E0,0,0,2000,3,13,18,6,0,6,1164
20153,4591,A05,0,A00,A0,A0,E0,0,0,2000,3,,,,,,713
20155,4591,A05,0,A00,A0,A0,E0,0,0,2000,3,111,132,57,36,22,1055
20157,4591,A05,0,A00,A0,A0,E0,0,0,2000,3,,,,,,1165
20159,4591,A05,0,A00,A0,A0,E0,0,0,2000,3,,,,,,324
20161,4591,A05,0,A00,A0,A0,E0,0,0,2000,3,134,139,44,39,5,762
20163,4591,A05,0,A00,A0,A0,E0,0,0,2000,3,,,,,,1355
20169,4591,A05,0,A00,A0,A0,E0,0,0,2000,3,142,135,30,37,-8,1205
20173,4591,A05,0,A00,A0,A0,E0,0,0,2000,3,970,951,251,270,-18,1094
20175,4591,A05,0,A00,A0,A0,E0,0,0,2000,3,,,,,,982
20177,4591,A05,0,A00,A0,A0,E0,0,0,2000,3,373,373,124,124,0,907
20191,4591,A05,0,A00,A0,A0,E0,0,0,2000,3,,,,,,348
20193,4591,A05,0,A00,A0,A0,E0,0,0,2000,3,11,14,4,,3,547
20197,4591,A05,0,A00,A0,A0,E0,0,0,2000,3,,,0,0,,315
20201,4591,A05,0,A00,A0,A0,E0,0,0,2000,3,,,0,0,,1610
20205,4591,A05,0,A00,A0,A0,E0,0,0,2000,3,,,,0,,339
20209,4591,A05,0,A00,A0,A0,E0,0,0,2000,3,54,45,4,13,-10,2390
20,4591,A05,0,A00,A0,A0,E0,0,0,2000,3,4457,4662,1623,1418,205,1056
20001,4591,A05,0,A00,A0,A0,E0,0,0,2000,4,,,,0,,1262
20003,4591,A05,0,A00,A0,A0,E0,0,0,2000,4,,,0,,,328
20007,4591,A05,0,A00,A0,A0,E0,0,0,2000,4,,,0,0,,1172
20009,4591,A05,0,A00,A0,A0,E0,0,0,2000,4,12,15,5,,3,488
20011,4591,A05,0,A00,A0,A0,E0,0,0,2000,4,,,0,0,,3691
20015,4591,A05,0,A00,A0,A0,E0,0,0,2000,4,,0,0,0,0,898
20019,4591,A05,0,A00,A0,A0,E0,0,0,2000,4,,,0,0,,833
20023,4591,A05,0,A00,A0,A0,E0,0,0,2000,4,,,,,,197
20027,4591,A05,0,A00,A0,A0,E0,0,0,2000,4,,,0,,,310
20029,4591,A05,0,A00,A0,A0,E0,0,0,2000,4,,,,,,1136
20031,4591,A05,0,A00,A0,A0,E0,0,0,2000,4,,,0,0,,257
20035,4591,A05,0,A00,A0,A0,E0,0,0,2000,4,21,18,6,8,-3,869
20037,4591,A05,0,A00,A0,A0,E0,0,0,2000,4,35,36,3,,2,1614
20039,4591,A05,0,A00,A0,A0,E0,0,0,2000,4,,,0,0,,1218
20041,4591,A05,0,A00,A0,A0,E0,0,0,2000,4,,,0,0,,864
20045,4591,A05,0,A00,A0,A0,E0,0,0,2000,4,223,204,44,63,-19,928
20051,4591,A05,0,A00,A0,A0,E0,0,0,2000,4,49,50,15,14,1,922
20055,4591,A05,0,A00,A0,A0,E0,0,0,2000,4,21,20,3,5,-1,1414
20057,4591,A05,0,A00,A0,A0,E0,0,0,2000,4,22,20,,4,-2,723
20059,4591,A05,0,A00,A0,A0,E0,0,0,2000,4,,,,0,,1034
20061,4591,A05,0,A00,A0,A0,E0,0,0,2000,4,,,,,,155
20067,4591,A05,0,A00,A0,A0,E0,0,0,2000,4,,,,,,1111
20073,4591,A05,0,A00,A0,A0,E0,0,0,2000,4,,,,,,272
20079,4591,A05,0,A00,A0,A0,E0,0,0,2000,4,43,34,22,31,-9,711
20091,4591,A05,0,A00,A0,A0,E0,0,0,2000,4,2166,2533,1367,999,368,1234
20097,4591,A05,0,A00,A0,A0,E0,0,0,2000,4,,,0,0,,259
20099,4591,A05,0,A00,A0,A0,E0,0,0,2000,4,,,,,,560
20103,4591,A05,0,A00,A0,A0,E0,0,0,2000,4,17,16,,3,-1,1392
20107,4591,A05,0,A00,A0,A0,E0,0,0,2000,4,,,,,,957
20111,4591,A05,0,A00,A0,A0,E0,0,0,2000,4,44,37,6,14,-8,1107
20113,4591,A05,0,A00,A0,A0,E0,0,0,2000,4,51,41,15,25,-10,885
20115,4591,A05,0,A00,A0,A0,E0,0,0,2000,4,,,,,,428
20117,4591,A05,0,A00,A0,A0,E0,0,0,2000,4,0,0,,,0,
20121,4591,A05,0,A00,A0,A0,E0,0,0,2000,4,,,,,,1448
20125,4591,A05,0,A00,A0,A0,E0,0,0,2000,4,15,16,8,7,1,904
20133,4591,A05,0,A00,A0,A0,E0,0,0,2000,4,,,,,,716
20139,4591,A05,0,A00,A0,A0,E0,0,0,2000,4,17,15,4,6,-2,695
20149,4591,A05,0,A00,A0,A0,E0,0,0,2000,4,,,,,,564
20151,4591,A05,0,A00,A0,A0,E0,0,0,2000,4,18,16,,4,-2,1048
20153,4591,A05,0,A00,A0,A0,E0,0,0,2000,4,,,0,0,,1445
20155,4591,A05,0,A00,A0,A0,E0,0,0,2000,4,132,138,52,46,6,1046
20157,4591,A05,0,A00,A0,A0,E0,0,0,2000,4,,,,,,3256
20159,4591,A05,0,A00,A0,A0,E0,0,0,2000,4,,,,,,215
20161,4591,A05,0,A00,A0,A0,E0,0,0,2000,4,150,140,36,46,-10,762
20163,4591,A05,0,A00,A0,A0,E0,0,0,2000,4,,,0,0,,1578
20169,4591,A05,0,A00,A0,A0,E0,0,0,2000,4,134,156,60,38,22,1372
20173,4591,A05,0,A00,A0,A0,E0,0,0,2000,4,938,1056,513,395,119,1248
20175,4591,A05,0,A00,A0,A0,E0,0,0,2000,4,,0,0,,,939
20177,4591,A05,0,A00,A0,A0,E0,0,0,2000,4,373,391,184,166,18,974
20191,4591,A05,0,A00,A0,A0,E0,0,0,2000,4,,,,,,233
20193,4591,A05,0,A00,A0,A0,E0,0,0,2000,4,14,15,,,1,489
20197,4591,A05,0,A00,A0,A0,E0,0,0,2000,4,,0,0,,,244
20201,4591,A05,0,A00,A0,A0,E0,0,0,2000,4,,,0,,,1693
20205,4591,A05,0,A00,A0,A0,E0,0,0,2000,4,,,0,0,,543
20209,4591,A05,0,A00,A0,A0,E0,0,0,2000,4,45,39,8,14,-6,2240
20,4591,A05,0,A00,A0,A0,E0,0,0,2000,4,4687,5144,2407,1949,458,1159
20001,4591,A05,0,A00,A0,A0,E0,0,0,2001,1,,,0,0,,944
20003,4591,A05,0,A00,A0,A0,E0,0,0,2001,1,,,,,,37
20007,4591,A05,0,A00,A0,A0,E0,0,0,2001,1,,,0,0,,1281
20009,4591,A05,0,A00,A0,A0,E0,0,0,2001,1,15,12,0,3,-3,515
20011,4591,A05,0,A00,A0,A0,E0,0,0,2001,1,,,0,0,,1122
20015,4591,A05,0,A00,A0,A0,E0,0,0,2001,1,,,0,0,,1708
20019,4591,A05,0,A00,A0,A0,E0,0,0,2001,1,,,0,0,,815
20027,4591,A05,0,A00,A0,A0,E0,0,0,2001,1,,,0,0,,243
20029,4591,A05,0,A00,A0,A0,E0,0,0,2001,1,,,,,,832
20031,4591,A05,0,A00,A0,A0,E0,0,0,2001,1,,,0,0,,278
20035,4591,A05,0,A00,A0,A0,E0,0,0,2001,1,18,19,,,1,1082
20037,4591,A05,0,A00,A0,A0,E0,0,0,2001,1,41,38,3,7,-3,1549
20039,4591,A05,0,A00,A0,A0,E0,0,0,2001,1,,,0,0,,1098
20041,4591,A05,0,A00,A0,A0,E0,0,0,2001,1,,,0,0,,877
20045,4591,A05,0,A00,A0,A0,E0,0,0,2001,1,205,205,36,36,0,897
20051,4591,A05,0,A00,A0,A0,E0,0,0,2001,1,50,63,19,6,13,753
20055,4591,A05,0,A00,A0,A0,E0,0,0,2001,1,20,22,4,,2,1473
20057,4591,A05,0,A00,A0,A0,E0,0,0,2001,1,20,20,0,0,0,985
20059,4591,A05,0,A00,A0,A0,E0,0,0,2001,1,,,0,0,,38
20061,4591,A05,0,A00,A0,A0,E0,0,0,2001,1,,,,,,120
20067,4591,A05,0,A00,A0,A0,E0,0,0,2001,1,,,,,,643
20073,4591,A05,0,A00,A0,A0,E0,0,0,2001,1,,,,,,379
20079,4591,A05,0,A00,A0,A0,E0,0,0,2001,1,34,36,11,9,2,580
20091,4591,A05,0,A00,A0,A0,E0,0,0,2001,1,2555,2126,627,1056,-429,997
20097,4591,A05,0,A00,A0,A0,E0,0,0,2001,1,,,0,0,,182
20099,4591,A05,0,A00,A0,A0,E0,0,0,2001,1,,,,,,552
20103,4591,A05,0,A00,A0,A0,E0,0,0,2001,1,18,17,3,4,-2,1502
20107,4591,A05,0,A00,A0,A0,E0,0,0,2001,1,,,,,,491
20111,4591,A05,0,A00,A0,A0,E0,0,0,2001,1,36,37,5,5,1,1384
20113,4591,A05,0,A00,A0,A0,E0,0,0,2001,1,47,72,34,9,25,784
20115,4591,A05,0,A00,A0,A0,E0,0,0,2001,1,,,,,,425
20121,4591,A05,0,A00,A0,A0,E0,0,0,2001,1,,,0,0,,2283
20125,4591,A05,0,A00,A0,A0,E0,0,0,2001,1,16,15,4,5,-1,803
20133,4591,A05,0,A00,A0,A0,E0,0,0,2001,1,,,0,0,,612
20137,4591,A05,0,A00,A0,A0,E0,0,0,2001,1,,,,,,1505
20139,4591,A05,0,A00,A0,A0,E0,0,0,2001,1,15,17,,0,2,910
20149,4591,A05,0,A00,A0,A0,E0,0,0,2001,1,,0,,,,1074
20151,4591,A05,0,A00,A0,A0,E0,0,0,2001,1,16,19,3,0,3,978
20153,4591,A05,0,A00,A0,A0,E0,0,0,2001,1,,,0,0,,1651
20155,4591,A05,0,A00,A0,A0,E0,0,0,2001,1,133,128,22,27,-5,960
20157,4591,A05,0,A00,A0,A0,E0,0,0,2001,1,,,,0,,2478
20159,4591,A05,0,A00,A0,A0,E0,0,0,2001,1,,,,,,262
20161,4591,A05,0,A00,A0,A0,E0,0,0,2001,1,140,137,21,24,-3,788
20163,4591,A05,0,A00,A0,A0,E0,0,0,2001,1,,,0,0,,1349
20169,4591,A05,0,A00,A0,A0,E0,0,0,2001,1,157,151,20,26,-6,1208
20173,4591,A05,0,A00,A0,A0,E0,0,0,2001,1,1051,933,152,270,-118,1000
20175,4591,A05,0,A00,A0,A0,E0,0,0,2001,1,0,,,0,,
20177,4591,A05,0,A00,A0,A0,E0,0,0,2001,1,388,345,55,98,-43,911
20191,4591,A05,0,A00,A0,A0,E0,0,0,2001,1,,,,,,116
20193,4591,A05,0,A00,A0,A0,E0,0,0,2001,1,15,17,4,,2,439
20201,4591,A05,0,A00,A0,A0,E0,0,0,2001,1,,,0,0,,2689
20205,4591,A05,0,A00,A0,A0,E0,0,0,2001,1,,,0,0,,444
20209,4591,A05,0,A00,A0,A0,E0,0,0,2001,1,39,50,12,,11,2069
20,4591,A05,0,A00,A0,A0,E0,0,0,2001,1,5164,4609,1065,1620,-555,987
20001,4591,A05,0,A00,A0,A0,E0,0,0,2001,2,,,,,,713
20003,4591,A05,0,A00,A0,A0,E0,0,0,2001,2,,,,0,,147
20005,4591,A05,0,A00,A0,A0,E0,0,0,2001,2,,,,,,503
20007,4591,A05,0,A00,A0,A0,E0,0,0,2001,2,,,0,0,,1356
20009,4591,A05,0,A00,A0,A0,E0,0,0,2001,2,11,12,5,4,1,473
20011,4591,A05,0,A00,A0,A0,E0,0,0,2001,2,30,29,,3,-1,1000
20015,4591,A05,0,A00,A0,A0,E0,0,0,2001,2,,,0,0,,1798
20019,4591,A05,0,A00,A0,A0,E0,0,0,2001,2,,,0,0,,894
20021,4591,A05,0,A00,A0,A0,E0,0,0,2001,2,,,,0,,1255
20027,4591,A05,0,A00,A0,A0,E0,0,0,2001,2,,,,,,254
20029,4591,A05,0,A00,A0,A0,E0,0,0,2001,2,,,,,,895
20035,4591,A05,0,A00,A0,A0,E0,0,0,2001,2,9,14,6,,5,811
20037,4591,A05,0,A00,A0,A0,E0,0,0,2001,2,39,39,13,13,0,1487
20039,4591,A05,0,A00,A0,A0,E0,0,0,2001,2,,,,,,1241
20041,4591,A05,0,A00,A0,A0,E0,0,0,2001,2,,,,,,935
20045,4591,A05,0,A00,A0,A0,E0,0,0,2001,2,216,234,64,46,18,1094
20051,4591,A05,0,A00,A0,A0,E0,0,0,2001,2,64,67,10,7,3,893
20055,4591,A05,0,A00,A0,A0,E0,0,0,2001,2,14,23,13,5,8,1001
20057,4591,A05,0,A00,A0,A0,E0,0,0,2001,2,15,22,10,3,7,784
20061,4591,A05,0,A00,A0,A0,E0,0,0,2001,2,,,0,0,,480
20067,4591,A05,0,A00,A0,A0,E0,0,0,2001,2,,,,,,1455
20069,4591,A05,0,A00,A0,A0,E0,0,0,2001,2,,,0,0,,823
20073,4591,A05,0,A00,A0,A0,E0,0,0,2001,2,,,,,,410
20079,4591,A05,0,A00,A0,A0,E0,0,0,2001,2,38,46,17,9,8,1064
20091,4591,A05,0,A00,A0,A0,E0,0,0,2001,2,2041,2028,647,660,-13,1069
20097,4591,A05,0,A00,A0,A0,E0,0,0,2001,2,,,0,0,,225
20099,4591,A05,0,A00,A0,A0,E0,0,0,2001,2,,,,,,535
20103,4591,A05,0,A00,A0,A0,E0,0,0,2001,2,8,11,8,5,3,1850
20107,4591,A05,0,A00,A0,A0,E0,0,0,2001,2,,,,,,682
20111,4591,A05,0,A00,A0,A0,E0,0,0,2001,2,27,27,7,7,0,1576
20113,4591,A05,0,A00,A0,A0,E0,0,0,2001,2,64,76,24,11,13,1058
20115,4591,A05,0,A00,A0,A0,E0,0,0,2001,2,,,,,,868
20121,4591,A05,0,A00,A0,A0,E0,0,0,2001,2,,,0,0,,2977
20125,4591,A05,0,A00,A0,A0,E0,0,0,2001,2,15,16,8,6,2,857
20133,4591,A05,0,A00,A0,A0,E0,0,0,2001,2,,,,,,595
20137,4591,A05,0,A00,A0,A0,E0,0,0,2001,2,,,0,0,,1623
20139,4591,A05,0,A00,A0,A0,E0,0,0,2001,2,26,26,6,6,-1,1374
20143,4591,A05,0,A00,A0,A0,E0,0,0,2001,2,0,,,,,
20149,4591,A05,0,A00,A0,A0,E0,0,0,2001,2,0,,,,,
20151,4591,A05,0,A00,A0,A0,E0,0,0,2001,2,,,,,,1118
20153,4591,A05,0,A00,A0,A0,E0,0,0,2001,2,,,0,0,,1220
20155,4591,A05,0,A00,A0,A0,E0,0,0,2001,2,146,143,32,35,-2,1023
20157,4591,A05,0,A00,A0,A0,E0,0,0,2001,2,,,0,,,946
20159,4591,A05,0,A00,A0,A0,E0,0,0,2001,2,,,,,,256
20161,4591,A05,0,A00,A0,A0,E0,0,0,2001,2,91,77,24,38,-14,716
20163,4591,A05,0,A00,A0,A0,E0,0,0,2001,2,,,0,0,,1680
20169,4591,A05,0,A00,A0,A0,E0,0,0,2001,2,147,141,20,25,-5,1250
20173,4591,A05,0,A00,A0,A0,E0,0,0,2001,2,946,908,193,231,-38,1189
20175,4591,A05,0,A00,A0,A0,E0,0,0,2001,2,,0,0,,,155
20177,4591,A05,0,A00,A0,A0,E0,0,0,2001,2,356,421,176,111,66,978
20191,4591,A05,0,A00,A0,A0,E0,0,0,2001,2,,,,,,340
20193,4591,A05,0,A00,A0,A0,E0,0,0,2001,2,17,14,4,7,-3,324
20195,4591,A05,0,A00,A0,A0,E0,0,0,2001,2,,,,,,855
20197,4591,A05,0,A00,A0,A0,E0,0,0,2001,2,,,0,0,,2409
20201,4591,A05,0,A00,A0,A0,E0,0,0,2001,2,,,0,0,,2689
20205,4591,A05,0,A00,A0,A0,E0,0,0,2001,2,,,0,,,313
20209,4591,A05,0,A00,A0,A0,E0,0,0,2001,2,56,58,13,11,2,1895
20,4591,A05,0,A00,A0,A0,E0,0,0,2001,2,4619,4675,1362,1306,56,1081
20001,4591,A05,0,A00,A0,A0,E0,0,0,2001,3,,,,,,844
20003,4591,A05,0,A00,A0,A0,E0,0,0,2001,3,6,6,,,0,433
20005,4591,A05,0,A00,A0,A0,E0,0,0,2001,3,,,,,,670
20007,4591,A05,0,A00,A0,A0,E0,0,0,2001,3,,,0,0,,532
20009,4591,A05,0,A00,A0,A0,E0,0,0,2001,3,12,11,3,4,-1,416
20011,4591,A05,0,A00,A0,A0,E0,0,0,2001,3,29,25,9,13,-4,895
20013,4591,A05,0,A00,A0,A0,E0,0,0,2001,3,,,,0,,461
20015,4591,A05,0,A00,A0,A0,E0,0,0,2001,3,17,16,6,7,-1,951
20019,4591,A05,0,A00,A0,A0,E0,0,0,2001,3,,,0,0,,906
20021,4591,A05,0,A00,A0,A0,E0,0,0,2001,3,14,11,,4,-3,1050
20027,4591,A05,0,A00,A0,A0,E0,0,0,2001,3,,,0,0,,233
20029,4591,A05,0,A00,A0,A0,E0,0,0,2001,3,,,,,,1028
20035,4591,A05,0,A00,A0,A0,E0,0,0,2001,3,33,30,10,13,-2,637
20037,4591,A05,0,A00,A0,A0,E0,0,0,2001,3,42,39,7,10,-3,1338
20039,4591,A05,0,A00,A0,A0,E0,0,0,2001,3,,,,,,1141
20041,4591,A05,0,A00,A0,A0,E0,0,0,2001,3,,,,,,1009
20045,4591,A05,0,A00,A0,A0,E0,0,0,2001,3,258,255,65,69,-4,1088
20051,4591,A05,0,A00,A0,A0,E0,0,0,2001,3,67,64,14,17,-3,720
20055,4591,A05,0,A00,A0,A0,E0,0,0,2001,3,29,22,10,17,-6,733
20057,4591,A05,0,A00,A0,A0,E0,0,0,2001,3,20,19,5,7,-1,483
20061,4591,A05,0,A00,A0,A0,E0,0,0,2001,3,,,,,,565
20067,4591,A05,0,A00,A0,A0,E0,0,0,2001,3,,,,,,493
20069,4591,A05,0,A00,A0,A0,E0,0,0,2001,3,,,0,0,,921
20073,4591,A05,0,A00,A0,A0,E0,0,0,2001,3,,,,,,313
20079,4591,A05,0,A00,A0,A0,E0,0,0,2001,3,31,25,8,15,-6,635
20091,4591,A05,0,A00,A0,A0,E0,0,0,2001,3,2048,2022,842,868,-26,1121
20097,4591,A05,0,A00,A0,A0,E0,0,0,2001,3,,,0,0,,169
20099,4591,A05,0,A00,A0,A0,E0,0,0,2001,3,,,,,,414
20103,4591,A05,0,A00,A0,A0,E0,0,0,2001,3,15,10,3,7,-5,684
20111,4591,A05,0,A00,A0,A0,E0,0,0,2001,3,27,26,4,6,-1,1050
20113,4591,A05,0,A00,A0,A0,E0,0,0,2001,3,64,69,18,13,5,1137
20115,4591,A05,0,A00,A0,A0,E0,0,0,2001,3,,,,,,487
20117,4591,A05,0,A00,A0,A0,E0,0,0,2001,3,0,,,0,,
20121,4591,A05,0,A00,A0,A0,E0,0,0,2001,3,,,0,0,,1833
20125,4591,A05,0,A00,A0,A0,E0,0,0,2001,3,17,32,22,8,14,855
20133,4591,A05,0,A00,A0,A0,E0,0,0,2001,3,,,,,,470
20137,4591,A05,0,A00,A0,A0,E0,0,0,2001,3,,,0,,,1279
20139,4591,A05,0,A00,A0,A0,E0,0,0,2001,3,16,16,,,0,490
20141,4591,A05,0,A00,A0,A0,E0,0,0,2001,3,,,,,,484
20143,4591,A05,0,A00,A0,A0,E0,0,0,2001,3,,0,0,,,815
20149,4591,A05,0,A00,A0,A0,E0,0,0,2001,3,,,,,,451
20151,4591,A05,0,A00,A0,A0,E0,0,0,2001,3,,,0,0,,763
20153,4591,A05,0,A00,A0,A0,E0,0,0,2001,3,,,,0,,1537
20155,4591,A05,0,A00,A0,A0,E0,0,0,2001,3,145,126,24,44,-20,1104
20157,4591,A05,0,A00,A0,A0,E0,0,0,2001,3,,,0,0,,355
20159,4591,A05,0,A00,A0,A0,E0,0,0,2001,3,,,,,,360
20161,4591,A05,0,A00,A0,A0,E0,0,0,2001,3,79,78,41,42,0,845
20163,4591,A05,0,A00,A0,A0,E0,0,0,2001,3,,,0,0,,1381
20169,4591,A05,0,A00,A0,A0,E0,0,0,2001,3,147,143,22,26,-4,1206
20173,4591,A05,0,A00,A0,A0,E0,0,0,2001,3,908,954,268,222,46,1158
20177,4591,A05,0,A00,A0,A0,E0,0,0,2001,3,416,433,151,133,18,979
20191,4591,A05,0,A00,A0,A0,E0,0,0,2001,3,,,,,,389
20193,4591,A05,0,A00,A0,A0,E0,0,0,2001,3,14,15,6,5,1,363
20197,4591,A05,0,A00,A0,A0,E0,0,0,2001,3,,,0,0,,2409
20205,4591,A05,0,A00,A0,A0,E0,0,0,2001,3,,,0,0,,451
20209,4591,A05,0,A00,A0,A0,E0,0,0,2001,3,44,44,4,4,0,2387
20,4591,A05,0,A00,A0,A0,E0,0,0,2001,3,4684,4670,1593,1607,-14,1077
20003,4591,A05,0,A00,A0,A0,E0,0,0,2001,4,6,6,0,0,0,557
20007,4591,A05,0,A00,A0,A0,E0,0,0,2001,4,,,0,0,,267
20009,4591,A05,0,A00,A0,A0,E0,0,0,2001,4,12,9,3,6,-3,363
20011,4591,A05,0,A00,A0,A0,E0,0,0,2001,4,,,0,0,,1803
20013,4591,A05,0,A00,A0,A0,E0,0,0,2001,4,,,0,0,,405
20015,4591,A05,0,A00,A0,A0,E0,0,0,2001,4,16,15,5,6,-1,1042
20019,4591,A05,0,A00,A0,A0,E0,0,0,2001,4,,0,0,,,818
20021,4591,A05,0,A00,A0,A0,E0,0,0,2001,4,,0,0,,,874
20027,4591,A05,0,A00,A0,A0,E0,0,0,2001,4,,,0,,,286
20029,4591,A05,0,A00,A0,A0,E0,0,0,2001,4,,,,,,868
20031,4591,A05,0,A00,A0,A0,E0,0,0,2001,4,,,,,,19
20035,4591,A05,0,A00,A0,A0,E0,0,0,2001,4,39,35,0,3,-3,830
20037,4591,A05,0,A00,A0,A0,E0,0,0,2001,4,38,39,7,6,1,1651
20039,4591,A05,0,A00,A0,A0,E0,0,0,2001,4,,,,,,1613
20041,4591,A05,0,A00,A0,A0,E0,0,0,2001,4,,,0,,,874
20045,4591,A05,0,A00,A0,A0,E0,0,0,2001,4,221,227,46,39,6,1035
20051,4591,A05,0,A00,A0,A0,E0,0,0,2001,4,65,55,8,18,-10,841
20055,4591,A05,0,A00,A0,A0,E0,0,0,2001,4,27,22,4,9,-5,1237
20057,4591,A05,0,A00,A0,A0,E0,0,0,2001,4,21,20,3,3,0,844
20059,4591,A05,0,A00,A0,A0,E0,0,0,2001,4,,,0,0,,56
20061,4591,A05,0,A00,A0,A0,E0,0,0,2001,4,,,,,,460
20067,4591,A05,0,A00,A0,A0,E0,0,0,2001,4,,,0,,,893
20073,4591,A05,0,A00,A0,A0,E0,0,0,2001,4,,,,,,263
20079,4591,A05,0,A00,A0,A0,E0,0,0,2001,4,32,32,18,17,0,663
20091,4591,A05,0,A00,A0,A0,E0,0,0,2001,4,2096,2321,1026,801,225,1331
20097,4591,A05,0,A00,A0,A0,E0,0,0,2001,4,,,0,0,,264
20099,4591,A05,0,A00,A0,A0,E0,0,0,2001,4,,,,,,330
20103,4591,A05,0,A00,A0,A0,E0,0,0,2001,4,20,23,8,5,3,893
20111,4591,A05,0,A00,A0,A0,E0,0,0,2001,4,34,38,9,6,4,1223
20113,4591,A05,0,A00,A0,A0,E0,0,0,2001,4,77,88,27,16,11,1172
20115,4591,A05,0,A00,A0,A0,E0,0,0,2001,4,,,,,,646
20117,4591,A05,0,A00,A0,A0,E0,0,0,2001,4,,0,0,,,271
20121,4591,A05,0,A00,A0,A0,E0,0,0,2001,4,,,0,0,,1833
20125,4591,A05,0,A00,A0,A0,E0,0,0,2001,4,32,32,11,10,1,700
20133,4591,A05,0,A00,A0,A0,E0,0,0,2001,4,,,,,,302
20137,4591,A05,0,A00,A0,A0,E0,0,0,2001,4,,,,0,,2811
20139,4591,A05,0,A00,A0,A0,E0,0,0,2001,4,16,14,3,5,-2,382
20141,4591,A05,0,A00,A0,A0,E0,0,0,2001,4,,,,,,429
20143,4591,A05,0,A00,A0,A0,E0,0,0,2001,4,0,,,,,
20145,4591,A05,0,A00,A0,A0,E0,0,0,2001,4,0,0,,,0,
20149,4591,A05,0,A00,A0,A0,E0,0,0,2001,4,,,,,,509
20151,4591,A05,0,A00,A0,A0,E0,0,0,2001,4,,,,,,744
20153,4591,A05,0,A00,A0,A0,E0,0,0,2001,4,,,0,0,,1202
20155,4591,A05,0,A00,A0,A0,E0,0,0,2001,4,115,115,28,28,0,1163
20157,4591,A05,0,A00,A0,A0,E0,0,0,2001,4,,,0,0,,436
20159,4591,A05,0,A00,A0,A0,E0,0,0,2001,4,,,,,,310
20161,4591,A05,0,A00,A0,A0,E0,0,0,2001,4,117,127,52,43,9,917
20163,4591,A05,0,A00,A0,A0,E0,0,0,2001,4,,,0,,,1479
20169,4591,A05,0,A00,A0,A0,E0,0,0,2001,4,147,159,48,36,13,1282
20173,4591,A05,0,A00,A0,A0,E0,0,0,2001,4,951,984,337,303,33,1291
20177,4591,A05,0,A00,A0,A0,E0,0,0,2001,4,425,441,151,135,16,994
20191,4591,A05,0,A00,A0,A0,E0,0,0,2001,4,,,,,,319
20193,4591,A05,0,A00,A0,A0,E0,0,0,2001,4,15,14,,,-1,477
20205,4591,A05,0,A00,A0,A0,E0,0,0,2001,4,,,0,,,537
20209,4591,A05,0,A00,A0,A0,E0,0,0,2001,4,42,41,,3,-1,3116
20,4591,A05,0,A00,A0,A0,E0,0,0,2001,4,4689,4981,1831,1540,292,1225
20003,4591,A05,0,A00,A0,A0,E0,0,0,2002,1,6,6,0,0,0,519
20007,4591,A05,0,A00,A0,A0,E0,0,0,2002,1,,0,0,,,457
20009,4591,A05,0,A00,A0,A0,E0,0,0,2002,1,9,6,,4,-3,524
20011,4591,A05,0,A00,A0,A0,E0,0,0,2002,1,,,0,,,1144
20013,4591,A05,0,A00,A0,A0,E0,0,0,2002,1,,,0,0,,469
20015,4591,A05,0,A00,A0,A0,E0,0,0,2002,1,15,9,0,6,-6,957
20027,4591,A05,0,A00,A0,A0,E0,0,0,2002,1,,,0,,,152
20029,4591,A05,0,A00,A0,A0,E0,0,0,2002,1,,,,,,806
20031,4591,A05,0,A00,A0,A0,E0,0,0,2002,1,,,,0,,19
20035,4591,A05,0,A00,A0,A0,E0,0,0,2002,1,35,35,5,5,0,694
20037,4591,A05,0,A00,A0,A0,E0,0,0,2002,1,39,33,5,12,-7,1572
20039,4591,A05,0,A00,A0,A0,E0,0,0,2002,1,,,,0,,1542
20041,4591,A05,0,A00,A0,A0,E0,0,0,2002,1,,,0,0,,850
20045,4591,A05,0,A00,A0,A0,E0,0,0,2002,1,227,225,34,35,-2,932
20051,4591,A05,0,A00,A0,A0,E0,0,0,2002,1,54,56,14,11,2,725
20055,4591,A05,0,A00,A0,A0,E0,0,0,2002,1,23,26,8,5,3,1002
20057,4591,A05,0,A00,A0,A0,E0,0,0,2002,1,20,20,0,0,0,846
20059,4591,A05,0,A00,A0,A0,E0,0,0,2002,1,,,0,0,,59
20061,4591,A05,0,A00,A0,A0,E0,0,0,2002,1,,,,,,378
20067,4591,A05,0,A00,A0,A0,E0,0,0,2002,1,,0,,,,367
20073,4591,A05,0,A00,A0,A0,E0,0,0,2002,1,,,0,,,235
20079,4591,A05,0,A00,A0,A0,E0,0,0,2002,1,32,31,7,8,-1,580
20091,4591,A05,0,A00,A0,A0,E0,0,0,2002,1,2343,2056,559,846,-287,1076
20097,4591,A05,0,A00,A0,A0,E0,0,0,2002,1,,,0,0,,225
20099,4591,A05,0,A00,A0,A0,E0,0,0,2002,1,,,,,,381
20103,4591,A05,0,A00,A0,A0,E0,0,0,2002,1,22,25,3,,2,1180
20111,4591,A05,0,A00,A0,A0,E0,0,0,2002,1,37,38,7,5,2,1285
20113,4591,A05,0,A00,A0,A0,E0,0,0,2002,1,88,90,18,16,2,915
20115,4591,A05,0,A00,A0,A0,E0,0,0,2002,1,,,,,,466
20121,4591,A05,0,A00,A0,A0,E0,0,0,2002,1,,,,0,,1833
20125,4591,A05,0,A00,A0,A0,E0,0,0,2002,1,32,41,22,14,8,860
20133,4591,A05,0,A00,A0,A0,E0,0,0,2002,1,,,0,0,,277
20137,4591,A05,0,A00,A0,A0,E0,0,0,2002,1,,,0,,,1300
20139,4591,A05,0,A00,A0,A0,E0,0,0,2002,1,14,14,0,0,0,442
20141,4591,A05,0,A00,A0,A0,E0,0,0,2002,1,,,,,,432
20143,4591,A05,0,A00,A0,A0,E0,0,0,2002,1,,,,,,79
20149,4591,A05,0,A00,A0,A0,E0,0,0,2002,1,,,0,0,,444
20151,4591,A05,0,A00,A0,A0,E0,0,0,2002,1,,,0,0,,525
20153,4591,A05,0,A00,A0,A0,E0,0,0,2002,1,,,0,0,,1407
20155,4591,A05,0,A00,A0,A0,E0,0,0,2002,1,115,114,19,20,-1,1144
20157,4591,A05,0,A00,A0,A0,E0,0,0,2002,1,,,0,0,,430
20159,4591,A05,0,A00,A0,A0,E0,0,0,2002,1,,,,,,273
20161,4591,A05,0,A00,A0,A0,E0,0,0,2002,1,126,128,22,20,1,812
20163,4591,A05,0,A00,A0,A0,E0,0,0,2002,1,,,,,,1376
20169,4591,A05,0,A00,A0,A0,E0,0,0,2002,1,161,151,24,33,-10,1182
20173,4591,A05,0,A00,A0,A0,E0,0,0,2002,1,988,906,135,217,-82,1093
20177,4591,A05,0,A00,A0,A0,E0,0,0,2002,1,439,377,56,119,-62,921
20191,4591,A05,0,A00,A0,A0,E0,0,0,2002,1,,,0,,,249
20193,4591,A05,0,A00,A0,A0,E0,0,0,2002,1,14,11,,4,-3,391
20205,4591,A05,0,A00,A0,A0,E0,0,0,2002,1,,,0,0,,450
20209,4591,A05,0,A00,A0,A0,E0,0,0,2002,1,41,43,6,4,2,2420
20,4591,A05,0,A00,A0,A0,E0,0,0,2002,1,5005,4557,975,1424,-449,1041
20003,4591,A05,0,A00,A0,A0,E0,0,0,2002,2,6,6,0,0,0,623
20007,4591,A05,0,A00,A0,A0,E0,0,0,2002,2,0,0,,,0,
20009,4591,A05,0,A00,A0,A0,E0,0,0,2002,2,,,,0,,435
20011,4591,A05,0,A00,A0,A0,E0,0,0,2002,2,,,,,,381
20013,4591,A05,0,A00,A0,A0,E0,0,0,2002,2,,,0,0,,369
20015,4591,A05,0,A00,A0,A0,E0,0,0,2002,2,,,,,,1090
20027,4591,A05,0,A00,A0,A0,E0,0,0,2002,2,,,0,0,,275
20029,4591,A05,0,A00,A0,A0,E0,0,0,2002,2,,,,,,916
20031,4591,A05,0,A00,A0,A0,E0,0,0,2002,2,,,0,0,,247
20035,4591,A05,0,A00,A0,A0,E0,0,0,2002,2,35,37,12,10,2,839
20037,4591,A05,0,A00,A0,A0,E0,0,0,2002,2,31,36,8,4,4,1386
20039,4591,A05,0,A00,A0,A0,E0,0,0,2002,2,,,0,,,1395
20041,4591,A05,0,A00,A0,A0,E0,0,0,2002,2,,,,,,873
20045,4591,A05,0,A00,A0,A0,E0,0,0,2002,2,225,229,48,45,3,946
20051,4591,A05,0,A00,A0,A0,E0,0,0,2002,2,57,64,23,16,7,848
20055,4591,A05,0,A00,A0,A0,E0,0,0,2002,2,25,36,17,7,11,1296
20057,4591,A05,0,A00,A0,A0,E0,0,0,2002,2,20,22,5,3,2,897
20059,4591,A05,0,A00,A0,A0,E0,0,0,2002,2,,,0,0,,63
20061,4591,A05,0,A00,A0,A0,E0,0,0,2002,2,,,0,,,409
20073,4591,A05,0,A00,A0,A0,E0,0,0,2002,2,,,,,,331
20079,4591,A05,0,A00,A0,A0,E0,0,0,2002,2,32,37,14,8,6,755
20091,4591,A05,0,A00,A0,A0,E0,0,0,2002,2,2057,2065,687,679,9,1171
20097,4591,A05,0,A00,A0,A0,E0,0,0,2002,2,,,0,0,,219
20099,4591,A05,0,A00,A0,A0,E0,0,0,2002,2,,,,,,359
20103,4591,A05,0,A00,A0,A0,E0,0,0,2002,2,25,33,14,5,9,1163
20111,4591,A05,0,A00,A0,A0,E0,0,0,2002,2,39,37,6,8,-2,1354
20113,4591,A05,0,A00,A0,A0,E0,0,0,2002,2,90,90,18,18,0,1023
20115,4591,A05,0,A00,A0,A0,E0,0,0,2002,2,,,,,,356
20121,4591,A05,0,A00,A0,A0,E0,0,0,2002,2,,,0,0,,1906
20125,4591,A05,0,A00,A0,A0,E0,0,0,2002,2,41,43,23,20,3,799
20133,4591,A05,0,A00,A0,A0,E0,0,0,2002,2,,,,,,292
20137,4591,A05,0,A00,A0,A0,E0,0,0,2002,2,,,,0,,2045
20139,4591,A05,0,A00,A0,A0,E0,0,0,2002,2,14,15,,,1,524
20141,4591,A05,0,A00,A0,A0,E0,0,0,2002,2,,,,,,378
20143,4591,A05,0,A00,A0,A0,E0,0,0,2002,2,,,,,,1271
20149,4591,A05,0,A00,A0,A0,E0,0,0,2002,2,,0,,,,479
20151,4591,A05,0,A00,A0,A0,E0,0,0,2002,2,,,0,0,,633
20153,4591,A05,0,A00,A0,A0,E0,0,0,2002,2,,,,0,,1038
20155,4591,A05,0,A00,A0,A0,E0,0,0,2002,2,114,109,25,31,-5,1156
20157,4591,A05,0,A00,A0,A0,E0,0,0,2002,2,,0,0,,,121
20159,4591,A05,0,A00,A0,A0,E0,0,0,2002,2,,,,,,224
20161,4591,A05,0,A00,A0,A0,E0,0,0,2002,2,127,114,29,42,-13,944
20163,4591,A05,0,A00,A0,A0,E0,0,0,2002,2,,,,0,,1801
20169,4591,A05,0,A00,A0,A0,E0,0,0,2002,2,149,150,29,28,0,1239
20173,4591,A05,0,A00,A0,A0,E0,0,0,2002,2,906,885,205,226,-21,1239
20177,4591,A05,0,A00,A0,A0,E0,0,0,2002,2,378,379,92,91,2,1062
20191,4591,A05,0,A00,A0,A0,E0,0,0,2002,2,,,,,,275
20193,4591,A05,0,A00,A0,A0,E0,0,0,2002,2,,,0,,,370
20205,4591,A05,0,A00,A0,A0,E0,0,0,2002,2,,,0,0,,457
20209,4591,A05,0,A00,A0,A0,E0,0,0,2002,2,43,190,158,11,147,2368
20,4591,A05,0,A00,A0,A0,E0,0,0,2002,2,4555,4712,1457,1300,156,1138
20003,4591,A05,0,A00,A0,A0,E0,0,0,2002,3,6,6,0,0,0,645
20007,4591,A05,0,A00,A0,A0,E0,0,0,2002,3,0,,,0,,
20009,4591,A05,0,A00,A0,A0,E0,0,0,2002,3,10,5,,6,-5,308
20011,4591,A05,0,A00,A0,A0,E0,0,0,2002,3,,,,,,286
20013,4591,A05,0,A00,A0,A0,E0,0,0,2002,3,,,0,0,,801
20015,4591,A05,0,A00,A0,A0,E0,0,0,2002,3,7,11,6,,5,1595
20027,4591,A05,0,A00,A0,A0,E0,0,0,2002,3,,,0,0,,402
20029,4591,A05,0,A00,A0,A0,E0,0,0,2002,3,,,,,,946
20031,4591,A05,0,A00,A0,A0,E0,0,0,2002,3,,,0,0,,284
20035,4591,A05,0,A00,A0,A0,E0,0,0,2002,3,37,34,8,11,-3,856
20037,4591,A05,0,A00,A0,A0,E0,0,0,2002,3,37,36,7,8,-1,1285
20039,4591,A05,0,A00,A0,A0,E0,0,0,2002,3,,,,,,1401
20041,4591,A05,0,A00,A0,A0,E0,0,0,2002,3,,,,,,1064
20045,4591,A05,0,A00,A0,A0,E0,0,0,2002,3,229,234,53,48,5,931
20051,4591,A05,0,A00,A0,A0,E0,0,0,2002,3,64,62,22,24,-2,774
20055,4591,A05,0,A00,A0,A0,E0,0,0,2002,3,36,28,5,13,-8,1142
20057,4591,A05,0,A00,A0,A0,E0,0,0,2002,3,22,29,23,15,8,956
20059,4591,A05,0,A00,A0,A0,E0,0,0,2002,3,,,0,0,,73
20061,4591,A05,0,A00,A0,A0,E0,0,0,2002,3,,0,0,,,860
20073,4591,A05,0,A00,A0,A0,E0,0,0,2002,3,,,0,0,,511
20079,4591,A05,0,A00,A0,A0,E0,0,0,2002,3,37,35,5,8,-2,687
20091,4591,A05,0,A00,A0,A0,E0,0,0,2002,3,2065,2157,974,882,92,1200
20097,4591,A05,0,A00,A0,A0,E0,0,0,2002,3,,,0,0,,219
20099,4591,A05,0,A00,A0,A0,E0,0,0,2002,3,,,,,,345
20103,4591,A05,0,A00,A0,A0,E0,0,0,2002,3,33,28,10,15,-5,933
20111,4591,A05,0,A00,A0,A0,E0,0,0,2002,3,37,37,7,7,0,1239
20113,4591,A05,0,A00,A0,A0,E0,0,0,2002,3,90,89,25,26,-1,942
20115,4591,A05,0,A00,A0,A0,E0,0,0,2002,3,,,,,,353
20121,4591,A05,0,A00,A0,A0,E0,0,0,2002,3,,,0,0,,2176
20125,4591,A05,0,A00,A0,A0,E0,0,0,2002,3,43,45,26,25,2,871
20133,4591,A05,0,A00,A0,A0,E0,0,0,2002,3,,,,,,344
20137,4591,A05,0,A00,A0,A0,E0,0,0,2002,3,,,,,,1262
20139,4591,A05,0,A00,A0,A0,E0,0,0,2002,3,15,14,,3,-1,498
20141,4591,A05,0,A00,A0,A0,E0,0,0,2002,3,,,,,,517
20143,4591,A05,0,A00,A0,A0,E0,0,0,2002,3,,,,,,1362
20149,4591,A05,0,A00,A0,A0,E0,0,0,2002,3,0,0,,,0,
20151,4591,A05,0,A00,A0,A0,E0,0,0,2002,3,,,0,0,,609
20153,4591,A05,0,A00,A0,A0,E0,0,0,2002,3,,,0,,,907
20155,4591,A05,0,A00,A0,A0,E0,0,0,2002,3,109,102,22,29,-7,1194
20157,4591,A05,0,A00,A0,A0,E0,0,0,2002,3,0,,,0,,
20159,4591,A05,0,A00,A0,A0,E0,0,0,2002,3,,,,,,258
20161,4591,A05,0,A00,A0,A0,E0,0,0,2002,3,114,117,25,21,3,919
20163,4591,A05,0,A00,A0,A0,E0,0,0,2002,3,,,,,,1169
20169,4591,A05,0,A00,A0,A0,E0,0,0,2002,3,151,151,33,32,1,1142
20173,4591,A05,0,A00,A0,A0,E0,0,0,2002,3,886,906,210,190,20,1216
20177,4591,A05,0,A00,A0,A0,E0,0,0,2002,3,379,363,113,130,-16,1044
20191,4591,A05,0,A00,A0,A0,E0,0,0,2002,3,,,0,,,302
20193,4591,A05,0,A00,A0,A0,E0,0,0,2002,3,,,,0,,540
20205,4591,A05,0,A00,A0,A0,E0,0,0,2002,3,,,0,0,,414
20209,4591,A05,0,A00,A0,A0,E0,0,0,2002,3,190,577,437,50,387,2023
20,4591,A05,0,A00,A0,A0,E0,0,0,2002,3,4716,5181,2049,1584,465,1163
20003,4591,A05,0,A00,A0,A0,E0,0,0,2002,4,6,6,0,0,0,687
20007,4591,A05,0,A00,A0,A0,E0,0,0,2002,4,,,0,0,,267
20009,4591,A05,0,A00,A0,A0,E0,0,0,2002,4,5,5,,,0,436
20011,4591,A05,0,A00,A0,A0,E0,0,0,2002,4,,,0,,,1871
20013,4591,A05,0,A00,A0,A0,E0,0,0,2002,4,,,0,0,,385
20015,4591,A05,0,A00,A0,A0,E0,0,0,2002,4,11,11,3,3,0,2111
20027,4591,A05,0,A00,A0,A0,E0,0,0,2002,4,,,0,0,,308
20029,4591,A05,0,A00,A0,A0,E0,0,0,2002,4,,,,,,974
20031,4591,A05,0,A00,A0,A0,E0,0,0,2002,4,,,0,0,,288
20035,4591,A05,0,A00,A0,A0,E0,0,0,2002,4,34,28,4,10,-6,884
20037,4591,A05,0,A00,A0,A0,E0,0,0,2002,4,35,34,3,4,-1,1440
20039,4591,A05,0,A00,A0,A0,E0,0,0,2002,4,,,0,,,1401
20041,4591,A05,0,A00,A0,A0,E0,0,0,2002,4,,,,,,965
20045,4591,A05,0,A00,A0,A0,E0,0,0,2002,4,234,226,48,56,-8,983
20051,4591,A05,0,A00,A0,A0,E0,0,0,2002,4,61,48,13,26,-13,738
20055,4591,A05,0,A00,A0,A0,E0,0,0,2002,4,28,25,5,8,-3,1079
20057,4591,A05,0,A00,A0,A0,E0,0,0,2002,4,30,24,7,13,-6,734
20059,4591,A05,0,A00,A0,A0,E0,0,0,2002,4,,,0,0,,23
20061,4591,A05,0,A00,A0,A0,E0,0,0,2002,4,0,,,,,
20073,4591,A05,0,A00,A0,A0,E0,0,0,2002,4,,,,,,468
20079,4591,A05,0,A00,A0,A0,E0,0,0,2002,4,35,36,17,16,1,752
20091,4591,A05,0,A00,A0,A0,E0,0,0,2002,4,2212,2556,1212,868,344,1343
20097,4591,A05,0,A00,A0,A0,E0,0,0,2002,4,,,0,0,,248
20099,4591,A05,0,A00,A0,A0,E0,0,0,2002,4,,,,,,339
20103,4591,A05,0,A00,A0,A0,E0,0,0,2002,4,30,28,4,6,-1,953
20111,4591,A05,0,A00,A0,A0,E0,0,0,2002,4,37,33,7,10,-3,1299
20113,4591,A05,0,A00,A0,A0,E0,0,0,2002,4,89,72,17,34,-17,922
20115,4591,A05,0,A00,A0,A0,E0,0,0,2002,4,,,,,,823
20121,4591,A05,0,A00,A0,A0,E0,0,0,2002,4,,,0,0,,2031
20125,4591,A05,0,A00,A0,A0,E0,0,0,2002,4,45,51,19,13,6,768
20133,4591,A05,0,A00,A0,A0,E0,0,0,2002,4,,,,,,456
20137,4591,A05,0,A00,A0,A0,E0,0,0,2002,4,,,,,,1531
20139,4591,A05,0,A00,A0,A0,E0,0,0,2002,4,14,12,0,3,-3,491
20141,4591,A05,0,A00,A0,A0,E0,0,0,2002,4,,,,,,482
20143,4591,A05,0,A00,A0,A0,E0,0,0,2002,4,,,,,,798
20149,4591,A05,0,A00,A0,A0,E0,0,0,2002,4,0,,,,,
20151,4591,A05,0,A00,A0,A0,E0,0,0,2002,4,,,,0,,780
20153,4591,A05,0,A00,A0,A0,E0,0,0,2002,4,,,0,0,,1429
20155,4591,A05,0,A00,A0,A0,E0,0,0,2002,4,102,94,27,35,-8,1293
20157,4591,A05,0,A00,A0,A0,E0,0,0,2002,4,,,0,0,,281
20159,4591,A05,0,A00,A0,A0,E0,0,0,2002,4,,,,,,229
20161,4591,A05,0,A00,A0,A0,E0,0,0,2002,4,118,135,46,29,17,937
20163,4591,A05,0,A00,A0,A0,E0,0,0,2002,4,,,0,0,,1502
20167,4591,A05,0,A00,A0,A0,E0,0,0,2002,4,0,,,0,,
20169,4591,A05,0,A00,A0,A0,E0,0,0,2002,4,152,166,47,32,15,1208
20173,4591,A05,0,A00,A0,A0,E0,0,0,2002,4,922,1113,507,316,191,1412
20177,4591,A05,0,A00,A0,A0,E0,0,0,2002,4,370,416,177,131,46,1042
20191,4591,A05,0,A00,A0,A0,E0,0,0,2002,4,,,,,,227
20193,4591,A05,0,A00,A0,A0,E0,0,0,2002,4,,,,,,542
20201,4591,A05,0,A00,A0,A0,E0,0,0,2002,4,0,,,0,,
20205,4591,A05,0,A00,A0,A0,E0,0,0,2002,4,,,0,0,,336
20209,4591,A05,0,A00,A0,A0,E0,0,0,2002,4,577,537,78,119,-40,1388
20,4591,A05,0,A00,A0,A0,E0,0,0,2002,4,5259,5780,2289,1768,521,1260
20003,4591,A05,0,A00,A0,A0,E0,0,0,2003,1,6,4,0,,-2,580
20007,4591,A05,0,A00,A0,A0,E0,0,0,2003,1,,,0,0,,103
20009,4591,A05,0,A00,A0,A0,E0,0,0,2003,1,,,0,0,,464
20011,4591,A05,0,A00,A0,A0,E0,0,0,2003,1,,,0,0,,1225
20015,4591,A05,0,A00,A0,A0,E0,0,0,2003,1,11,4,,8,-7,1346
20027,4591,A05,0,A00,A0,A0,E0,0,0,2003,1,,,0,0,,192
20029,4591,A05,0,A00,A0,A0,E0,0,0,2003,1,,,,0,,906
20031,4591,A05,0,A00,A0,A0,E0,0,0,2003,1,,,,,,411
20035,4591,A05,0,A00,A0,A0,E0,0,0,2003,1,28,32,9,5,4,909
20037,4591,A05,0,A00,A0,A0,E0,0,0,2003,1,34,35,2,2,0,1495
20039,4591,A05,0,A00,A0,A0,E0,0,0,2003,1,,,,,,1540
20041,4591,A05,0,A00,A0,A0,E0,0,0,2003,1,,,0,0,,425
20045,4591,A05,0,A00,A0,A0,E0,0,0,2003,1,226,231,38,32,6,945
20051,4591,A05,0,A00,A0,A0,E0,0,0,2003,1,46,44,7,8,-1,863
20055,4591,A05,0,A00,A0,A0,E0,0,0,2003,1,25,26,4,3,1,902
20057,4591,A05,0,A00,A0,A0,E0,0,0,2003,1,23,25,5,3,2,915
20059,4591,A05,0,A00,A0,A0,E0,0,0,2003,1,,,,,,62
20061,4591,A05,0,A00,A0,A0,E0,0,0,2003,1,,,,,,292
20073,4591,A05,0,A00,A0,A0,E0,0,0,2003,1,,,0,0,,416
20079,4591,A05,0,A00,A0,A0,E0,0,0,2003,1,36,31,,7,-5,519
20091,4591,A05,0,A00,A0,A0,E0,0,0,2003,1,2543,2163,560,940,-380,1017
20097,4591,A05,0,A00,A0,A0,E0,0,0,2003,1,,,0,0,,220
20099,4591,A05,0,A00,A0,A0,E0,0,0,2003,1,,,,,,395
20103,4591,A05,0,A00,A0,A0,E0,0,0,2003,1,14,17,5,,3,907
20111,4591,A05,0,A00,A0,A0,E0,0,0,2003,1,33,35,7,5,2,1343
20113,4591,A05,0,A00,A0,A0,E0,0,0,2003,1,71,76,14,9,5,929
20115,4591,A05,0,A00,A0,A0,E0,0,0,2003,1,,,,,,474
20121,4591,A05,0,A00,A0,A0,E0,0,0,2003,1,,,0,0,,2580
20125,4591,A05,0,A00,A0,A0,E0,0,0,2003,1,51,54,15,12,3,819
20133,4591,A05,0,A00,A0,A0,E0,0,0,2003,1,,,0,0,,434
20137,4591,A05,0,A00,A0,A0,E0,0,0,2003,1,,,0,0,,1345
20139,4591,A05,0,A00,A0,A0,E0,0,0,2003,1,,,,,,377
20141,4591,A05,0,A00,A0,A0,E0,0,0,2003,1,,,,,,534
20143,4591,A05,0,A00,A0,A0,E0,0,0,2003,1,,,,,,407
20149,4591,A05,0,A00,A0,A0,E0,0,0,2003,1,,,0,,,631
20151,4591,A05,0,A00,A0,A0,E0,0,0,2003,1,,,0,0,,518
20153,4591,A05,0,A00,A0,A0,E0,0,0,2003,1,,,0,0,,1341
20155,4591,A05,0,A00,A0,A0,E0,0,0,2003,1,94,94,14,13,0,1349
20157,4591,A05,0,A00,A0,A0,E0,0,0,2003,1,,,0,0,,272
20159,4591,A05,0,A00,A0,A0,E0,0,0,2003,1,,,0,,,291
20161,4591,A05,0,A00,A0,A0,E0,0,0,2003,1,134,124,17,27,-10,880
20163,4591,A05,0,A00,A0,A0,E0,0,0,2003,1,,,0,,,1630
20167,4591,A05,0,A00,A0,A0,E0,0,0,2003,1,,,0,0,,1106
20169,4591,A05,0,A00,A0,A0,E0,0,0,2003,1,162,126,16,52,-36,1087
20173,4591,A05,0,A00,A0,A0,E0,0,0,2003,1,1114,1021,185,277,-93,1067
20175,4591,A05,0,A00,A0,A0,E0,0,0,2003,1,0,,,0,,
20177,4591,A05,0,A00,A0,A0,E0,0,0,2003,1,415,355,47,107,-60,979
20191,4591,A05,0,A00,A0,A0,E0,0,0,2003,1,,,,0,,83
20193,4591,A05,0,A00,A0,A0,E0,0,0,2003,1,,,0,,,448
20201,4591,A05,0,A00,A0,A0,E0,0,0,2003,1,,,,,,206
20205,4591,A05,0,A00,A0,A0,E0,0,0,2003,1,,,0,0,,331
20209,4591,A05,0,A00,A0,A0,E0,0,0,2003,1,530,473,6,63,-58,1172
20,4591,A05,0,A00,A0,A0,E0,0,0,2003,1,5732,5110,973,1595,-622,1029
20003,4591,A05,0,A00,A0,A0,E0,0,0,2003,2,,,0,0,,387
20007,4591,A05,0,A00,A0,A0,E0,0,0,2003,2,,,0,0,,264
20009,4591,A05,0,A00,A0,A0,E0,0,0,2003,2,5,5,,,0,606
20011,4591,A05,0,A00,A0,A0,E0,0,0,2003,2,,,0,0,,725
20015,4591,A05,0,A00,A0,A0,E0,0,0,2003,2,4,3,,,-1,2026
20027,4591,A05,0,A00,A0,A0,E0,0,0,2003,2,,,0,0,,368
20029,4591,A05,0,A00,A0,A0,E0,0,0,2003,2,,,,,,940
20031,4591,A05,0,A00,A0,A0,E0,0,0,2003,2,,,0,0,,292
20035,4591,A05,0,A00,A0,A0,E0,0,0,2003,2,32,38,16,9,7,971
20037,4591,A05,0,A00,A0,A0,E0,0,0,2003,2,31,28,4,7,-4,1437
20039,4591,A05,0,A00,A0,A0,E0,0,0,2003,2,,,,,,1492
20041,4591,A05,0,A00,A0,A0,E0,0,0,2003,2,,,,,,117
20045,4591,A05,0,A00,A0,A0,E0,0,0,2003,2,231,234,42,39,3,956
20051,4591,A05,0,A00,A0,A0,E0,0,0,2003,2,45,46,14,13,1,928
20055,4591,A05,0,A00,A0,A0,E0,0,0,2003,2,26,33,17,10,7,1148
20057,4591,A05,0,A00,A0,A0,E0,0,0,2003,2,25,24,6,7,-1,823
20059,4591,A05,0,A00,A0,A0,E0,0,0,2003,2,,,0,0,,59
20061,4591,A05,0,A00,A0,A0,E0,0,0,2003,2,,,,,,459
20073,4591,A05,0,A00,A0,A0,E0,0,0,2003,2,,,0,0,,454
20079,4591,A05,0,A00,A0,A0,E0,0,0,2003,2,32,33,5,4,1,749
20091,4591,A05,0,A00,A0,A0,E0,0,0,2003,2,2160,2111,561,610,-49,1094
20097,4591,A05,0,A00,A0,A0,E0,0,0,2003,2,,,0,0,,195
20099,4591,A05,0,A00,A0,A0,E0,0,0,2003,2,,,,,,502
20103,4591,A05,0,A00,A0,A0,E0,0,0,2003,2,17,18,8,7,1,733
20111,4591,A05,0,A00,A0,A0,E0,0,0,2003,2,36,35,6,7,-1,1406
20113,4591,A05,0,A00,A0,A0,E0,0,0,2003,2,76,77,16,15,1,1005
20115,4591,A05,0,A00,A0,A0,E0,0,0,2003,2,,,,,,522
20121,4591,A05,0,A00,A0,A0,E0,0,0,2003,2,,,0,0,,2289
20125,4591,A05,0,A00,A0,A0,E0,0,0,2003,2,54,52,18,20,-2,774
20133,4591,A05,0,A00,A0,A0,E0,0,0,2003,2,,,0,,,410
20137,4591,A05,0,A00,A0,A0,E0,0,0,2003,2,,,0,0,,1379
20139,4591,A05,0,A00,A0,A0,E0,0,0,2003,2,13,12,,,0,497
20141,4591,A05,0,A00,A0,A0,E0,0,0,2003,2,,,,,,338
20143,4591,A05,0,A00,A0,A0,E0,0,0,2003,2,,,,,,609
20149,4591,A05,0,A00,A0,A0,E0,0,0,2003,2,,,,0,,341
20151,4591,A05,0,A00,A0,A0,E0,0,0,2003,2,,,0,,,503
20153,4591,A05,0,A00,A0,A0,E0,0,0,2003,2,,,0,,,1142
20155,4591,A05,0,A00,A0,A0,E0,0,0,2003,2,94,90,11,15,-4,1382
20157,4591,A05,0,A00,A0,A0,E0,0,0,2003,2,,,0,0,,348
20159,4591,A05,0,A00,A0,A0,E0,0,0,2003,2,,,,,,289
20161,4591,A05,0,A00,A0,A0,E0,0,0,2003,2,124,126,32,30,2,916
20163,4591,A05,0,A00,A0,A0,E0,0,0,2003,2,,,,,,1056
20167,4591,A05,0,A00,A0,A0,E0,0,0,2003,2,,,0,0,,1106
20169,4591,A05,0,A00,A0,A0,E0,0,0,2003,2,125,123,16,18,-2,1287
20173,4591,A05,0,A00,A0,A0,E0,0,0,2003,2,1024,972,189,240,-51,1059
20175,4591,A05,0,A00,A0,A0,E0,0,0,2003,2,,,0,0,,1343
20177,4591,A05,0,A00,A0,A0,E0,0,0,2003,2,354,355,76,75,1,1026
20191,4591,A05,0,A00,A0,A0,E0,0,0,2003,2,,,,,,345
20193,4591,A05,0,A00,A0,A0,E0,0,0,2003,2,,,,,,480
20201,4591,A05,0,A00,A0,A0,E0,0,0,2003,2,,,0,0,,151
20205,4591,A05,0,A00,A0,A0,E0,0,0,2003,2,,,0,0,,460
20209,4591,A05,0,A00,A0,A0,E0,0,0,2003,2,473,428,17,61,-45,1262
20,4591,A05,0,A00,A0,A0,E0,0,0,2003,2,5110,4966,1090,1234,-144,1079
20003,4591,A05,0,A00,A0,A0,E0,0,0,2003,3,,,0,0,,423
20007,4591,A05,0,A00,A0,A0,E0,0,0,2003,3,,,0,0,,59
20009,4591,A05,0,A00,A0,A0,E0,0,0,2003,3,5,6,3,,2,490
20011,4591,A05,0,A00,A0,A0,E0,0,0,2003,3,,,0,0,,810
20015,4591,A05,0,A00,A0,A0,E0,0,0,2003,3,3,11,7,0,7,2583
20027,4591,A05,0,A00,A0,A0,E0,0,0,2003,3,,,0,0,,360
20029,4591,A05,0,A00,A0,A0,E0,0,0,2003,3,,,,0,,847
20031,4591,A05,0,A00,A0,A0,E0,0,0,2003,3,,0,0,,,207
20035,4591,A05,0,A00,A0,A0,E0,0,0,2003,3,38,31,13,20,-7,746
20037,4591,A05,0,A00,A0,A0,E0,0,0,2003,3,28,29,5,4,1,1519
20039,4591,A05,0,A00,A0,A0,E0,0,0,2003,3,,,,,,1116
20041,4591,A05,0,A00,A0,A0,E0,0,0,2003,3,,,,,,123
20045,4591,A05,0,A00,A0,A0,E0,0,0,2003,3,235,229,45,51,-5,960
20051,4591,A05,0,A00,A0,A0,E0,0,0,2003,3,75,80,17,13,4,1271
20055,4591,A05,0,A00,A0,A0,E0,0,0,2003,3,33,33,10,10,0,923
20057,4591,A05,0,A00,A0,A0,E0,0,0,2003,3,24,22,7,8,-1,875
20059,4591,A05,0,A00,A0,A0,E0,0,0,2003,3,,,0,0,,68
20061,4591,A05,0,A00,A0,A0,E0,0,0,2003,3,,,0,,,512
20073,4591,A05,0,A00,A0,A0,E0,0,0,2003,3,,,,,,480
20079,4591,A05,0,A00,A0,A0,E0,0,0,2003,3,33,28,5,9,-4,768
20091,4591,A05,0,A00,A0,A0,E0,0,0,2003,3,2050,2028,766,789,-22,1140
20097,4591,A05,0,A00,A0,A0,E0,0,0,2003,3,,,0,0,,160
20099,4591,A05,0,A00,A0,A0,E0,0,0,2003,3,,,,,,548
20103,4591,A05,0,A00,A0,A0,E0,0,0,2003,3,18,19,5,4,1,884
20111,4591,A05,0,A00,A0,A0,E0,0,0,2003,3,35,35,10,10,1,1288
20113,4591,A05,0,A00,A0,A0,E0,0,0,2003,3,77,84,17,11,7,1110
20115,4591,A05,0,A00,A0,A0,E0,0,0,2003,3,,,,,,550
20121,4591,A05,0,A00,A0,A0,E0,0,0,2003,3,6,7,,0,1,1659
20125,4591,A05,0,A00,A0,A0,E0,0,0,2003,3,52,61,26,17,9,833
20133,4591,A05,0,A00,A0,A0,E0,0,0,2003,3,,,0,0,,491
20137,4591,A05,0,A00,A0,A0,E0,0,0,2003,3,,0,0,,,341
20139,4591,A05,0,A00,A0,A0,E0,0,0,2003,3,,,,,,471
20141,4591,A05,0,A00,A0,A0,E0,0,0,2003,3,,,,,,556
20143,4591,A05,0,A00,A0,A0,E0,0,0,2003,3,,,,0,,1126
20149,4591,A05,0,A00,A0,A0,E0,0,0,2003,3,,0,0,,,95
20151,4591,A05,0,A00,A0,A0,E0,0,0,2003,3,,,,,,455
20153,4591,A05,0,A00,A0,A0,E0,0,0,2003,3,,,,0,,1753
20155,4591,A05,0,A00,A0,A0,E0,0,0,2003,3,90,91,14,13,1,1421
20157,4591,A05,0,A00,A0,A0,E0,0,0,2003,3,,,,0,,328
20159,4591,A05,0,A00,A0,A0,E0,0,0,2003,3,,,0,0,,297
20161,4591,A05,0,A00,A0,A0,E0,0,0,2003,3,125,132,30,24,7,932
20163,4591,A05,0,A00,A0,A0,E0,0,0,2003,3,,,,,,1694
20167,4591,A05,0,A00,A0,A0,E0,0,0,2003,3,,,0,0,,1106
20169,4591,A05,0,A00,A0,A0,E0,0,0,2003,3,121,119,23,25,-2,1246
20173,4591,A05,0,A00,A0,A0,E0,0,0,2003,3,1033,1085,277,225,52,1279
20175,4591,A05,0,A00,A0,A0,E0,0,0,2003,3,,,0,0,,1361
20177,4591,A05,0,A00,A0,A0,E0,0,0,2003,3,355,362,95,88,7,1065
20191,4591,A05,0,A00,A0,A0,E0,0,0,2003,3,,,0,,,382
20193,4591,A05,0,A00,A0,A0,E0,0,0,2003,3,,,,,,524
20201,4591,A05,0,A00,A0,A0,E0,0,0,2003,3,,,0,,,315
20205,4591,A05,0,A00,A0,A0,E0,0,0,2003,3,,,0,,,286
20209,4591,A05,0,A00,A0,A0,E0,0,0,2003,3,428,549,192,72,121,1284
20,4591,A05,0,A00,A0,A0,E0,0,0,2003,3,4992,5163,1605,1433,172,1150
20003,4591,A05,0,A00,A0,A0,E0,0,0,2003,4,4,3,4,4,0,441
20007,4591,A05,0,A00,A0,A0,E0,0,0,2003,4,,,0,0,,220
20009,4591,A05,0,A00,A0,A0,E0,0,0,2003,4,6,5,,4,-2,464
20011,4591,A05,0,A00,A0,A0,E0,0,0,2003,4,,,,,,842
20015,4591,A05,0,A00,A0,A0,E0,0,0,2003,4,11,10,,,0,2433
20027,4591,A05,0,A00,A0,A0,E0,0,0,2003,4,,,0,0,,296
20029,4591,A05,0,A00,A0,A0,E0,0,0,2003,4,,,,,,819
20031,4591,A05,0,A00,A0,A0,E0,0,0,2003,4,0,0,,,0,
20035,4591,A05,0,A00,A0,A0,E0,0,0,2003,4,31,28,,4,-3,929
20037,4591,A05,0,A00,A0,A0,E0,0,0,2003,4,30,27,2,5,-3,1646
20039,4591,A05,0,A00,A0,A0,E0,0,0,2003,4,,,,0,,1740
20041,4591,A05,0,A00,A0,A0,E0,0,0,2003,4,,,0,0,,262
20045,4591,A05,0,A00,A0,A0,E0,0,0,2003,4,230,220,37,47,-10,1074
20051,4591,A05,0,A00,A0,A0,E0,0,0,2003,4,85,88,13,11,2,1185
20055,4591,A05,0,A00,A0,A0,E0,0,0,2003,4,33,22,4,15,-11,892
20057,4591,A05,0,A00,A0,A0,E0,0,0,2003,4,23,22,4,5,-1,837
20059,4591,A05,0,A00,A0,A0,E0,0,0,2003,4,,,0,0,,45
20061,4591,A05,0,A00,A0,A0,E0,0,0,2003,4,,,,,,607
20073,4591,A05,0,A00,A0,A0,E0,0,0,2003,4,,,,,,492
20079,4591,A05,0,A00,A0,A0,E0,0,0,2003,4,28,33,11,7,4,834
20091,4591,A05,0,A00,A0,A0,E0,0,0,2003,4,2026,2291,956,691,265,1263
20097,4591,A05,0,A00,A0,A0,E0,0,0,2003,4,,,0,0,,221
20099,4591,A05,0,A00,A0,A0,E0,0,0,2003,4,,,,,,522
20103,4591,A05,0,A00,A0,A0,E0,0,0,2003,4,19,18,5,6,-1,732
20111,4591,A05,0,A00,A0,A0,E0,0,0,2003,4,35,36,6,5,1,1372
20113,4591,A05,0,A00,A0,A0,E0,0,0,2003,4,83,82,8,10,-2,1016
20115,4591,A05,0,A00,A0,A0,E0,0,0,2003,4,,,,,,558
20121,4591,A05,0,A00,A0,A0,E0,0,0,2003,4,7,7,0,0,0,1472
20125,4591,A05,0,A00,A0,A0,E0,0,0,2003,4,61,74,32,19,13,759
20133,4591,A05,0,A00,A0,A0,E0,0,0,2003,4,,,,,,542
20139,4591,A05,0,A00,A0,A0,E0,0,0,2003,4,,,,,,459
20141,4591,A05,0,A00,A0,A0,E0,0,0,2003,4,,,,,,399
20143,4591,A05,0,A00,A0,A0,E0,0,0,2003,4,,,0,,,793
20151,4591,A05,0,A00,A0,A0,E0,0,0,2003,4,,,,,,756
20153,4591,A05,0,A00,A0,A0,E0,0,0,2003,4,,,,0,,2001
20155,4591,A05,0,A00,A0,A0,E0,0,0,2003,4,91,91,14,14,0,1592
20157,4591,A05,0,A00,A0,A0,E0,0,0,2003,4,,,0,0,,435
20159,4591,A05,0,A00,A0,A0,E0,0,0,2003,4,,,,,,271
20161,4591,A05,0,A00,A0,A0,E0,0,0,2003,4,132,130,35,37,-2,840
20163,4591,A05,0,A00,A0,A0,E0,0,0,2003,4,,0,,,,685
20167,4591,A05,0,A00,A0,A0,E0,0,0,2003,4,,,0,0,,1106
20169,4591,A05,0,A00,A0,A0,E0,0,0,2003,4,119,130,39,28,10,1317
20173,4591,A05,0,A00,A0,A0,E0,0,0,2003,4,1084,1256,483,312,172,1263
20175,4591,A05,0,A00,A0,A0,E0,0,0,2003,4,,,0,0,,1440
20177,4591,A05,0,A00,A0,A0,E0,0,0,2003,4,362,359,125,128,-3,1073
20191,4591,A05,0,A00,A0,A0,E0,0,0,2003,4,,,0,0,,320
20193,4591,A05,0,A00,A0,A0,E0,0,0,2003,4,,,,,,496
20201,4591,A05,0,A00,A0,A0,E0,0,0,2003,4,,,0,0,,577
20205,4591,A05,0,A00,A0,A0,E0,0,0,2003,4,,,0,0,,579
20209,4591,A05,0,A00,A0,A0,E0,0,0,2003,4,548,594,156,110,45,1348
20,4591,A05,0,A00,A0,A0,E0,0,0,2003,4,5167,5639,1972,1500,472,1214
20003,4591,A05,0,A00,A0,A0,E0,0,0,2004,1,,,0,0,,914
20007,4591,A05,0,A00,A0,A0,E0,0,0,2004,1,,,0,0,,117
20009,4591,A05,0,A00,A0,A0,E0,0,0,2004,1,5,6,,0,1,343
20011,4591,A05,0,A00,A0,A0,E0,0,0,2004,1,,,0,,,684
20015,4591,A05,0,A00,A0,A0,E0,0,0,2004,1,9,10,,,0,1215
20029,4591,A05,0,A00,A0,A0,E0,0,0,2004,1,,,,,,897
20031,4591,A05,0,A00,A0,A0,E0,0,0,2004,1,0,,,0,,
20035,4591,A05,0,A00,A0,A0,E0,0,0,2004,1,28,29,7,6,1,763
20037,4591,A05,0,A00,A0,A0,E0,0,0,2004,1,27,29,5,3,2,1593
20039,4591,A05,0,A00,A0,A0,E0,0,0,2004,1,,,0,,,1209
20041,4591,A05,0,A00,A0,A0,E0,0,0,2004,1,,,0,0,,269
20043,4591,A05,0,A00,A0,A0,E0,0,0,2004,1,0,,,0,,
20045,4591,A05,0,A00,A0,A0,E0,0,0,2004,1,220,237,52,34,18,1031
20051,4591,A05,0,A00,A0,A0,E0,0,0,2004,1,90,89,11,12,-1,1165
20055,4591,A05,0,A00,A0,A0,E0,0,0,2004,1,22,23,4,3,1,1340
20057,4591,A05,0,A00,A0,A0,E0,0,0,2004,1,21,21,4,4,0,932
20059,4591,A05,0,A00,A0,A0,E0,0,0,2004,1,,,0,0,,67
20061,4591,A05,0,A00,A0,A0,E0,0,0,2004,1,,,,,,1905
20073,4591,A05,0,A00,A0,A0,E0,0,0,2004,1,,,0,0,,398
20079,4591,A05,0,A00,A0,A0,E0,0,0,2004,1,33,31,11,14,-2,646
20087,4591,A05,0,A00,A0,A0,E0,0,0,2004,1,0,,,,,
20091,4591,A05,0,A00,A0,A0,E0,0,0,2004,1,1948,1714,317,551,-234,1151
20097,4591,A05,0,A00,A0,A0,E0,0,0,2004,1,,0,0,,,165
20099,4591,A05,0,A00,A0,A0,E0,0,0,2004,1,10,12,6,4,2,381
20103,4591,A05,0,A00,A0,A0,E0,0,0,2004,1,18,19,7,7,1,686
20111,4591,A05,0,A00,A0,A0,E0,0,0,2004,1,36,40,9,5,4,1280
20113,4591,A05,0,A00,A0,A0,E0,0,0,2004,1,78,85,15,8,7,946
20115,4591,A05,0,A00,A0,A0,E0,0,0,2004,1,,,,,,406
20121,4591,A05,0,A00,A0,A0,E0,0,0,2004,1,7,9,5,,2,1536
20125,4591,A05,0,A00,A0,A0,E0,0,0,2004,1,75,81,42,36,6,967
20133,4591,A05,0,A00,A0,A0,E0,0,0,2004,1,,,0,,,384
20139,4591,A05,0,A00,A0,A0,E0,0,0,2004,1,,,,,,377
20141,4591,A05,0,A00,A0,A0,E0,0,0,2004,1,,,,,,324
20143,4591,A05,0,A00,A0,A0,E0,0,0,2004,1,,,,,,563
20151,4591,A05,0,A00,A0,A0,E0,0,0,2004,1,,,,,,446
20153,4591,A05,0,A00,A0,A0,E0,0,0,2004,1,,,,,,1323
20155,4591,A05,0,A00,A0,A0,E0,0,0,2004,1,92,89,8,11,-3,1499
20157,4591,A05,0,A00,A0,A0,E0,0,0,2004,1,,,0,0,,521
20159,4591,A05,0,A00,A0,A0,E0,0,0,2004,1,,,,,,244
20161,4591,A05,0,A00,A0,A0,E0,0,0,2004,1,129,110,20,39,-19,776
20167,4591,A05,0,A00,A0,A0,E0,0,0,2004,1,,,0,0,,1106
20169,4591,A05,0,A00,A0,A0,E0,0,0,2004,1,130,111,16,35,-19,1220
20173,4591,A05,0,A00,A0,A0,E0,0,0,2004,1,1169,1036,183,315,-132,1114
20175,4591,A05,0,A00,A0,A0,E0,0,0,2004,1,,,0,0,,1359
20177,4591,A05,0,A00,A0,A0,E0,0,0,2004,1,359,326,53,87,-33,1023
20191,4591,A05,0,A00,A0,A0,E0,0,0,2004,1,,,0,,,62
20193,4591,A05,0,A00,A0,A0,E0,0,0,2004,1,,,,0,,415
20201,4591,A05,0,A00,A0,A0,E0,0,0,2004,1,,,0,0,,641
20205,4591,A05,0,A00,A0,A0,E0,0,0,2004,1,,,0,0,,493
20209,4591,A05,0,A00,A0,A0,E0,0,0,2004,1,604,436,10,178,-168,1060
20,4591,A05,0,A00,A0,A0,E0,0,0,2004,1,5226,4656,815,1385,-570,1092
20003,4591,A05,0,A00,A0,A0,E0,0,0,2004,2,,0,0,,,858
20005,4591,A05,0,A00,A0,A0,E0,0,0,2004,2,0,,,0,,
20007,4591,A05,0,A00,A0,A0,E0,0,0,2004,2,,,0,0,,117
20009,4591,A05,0,A00,A0,A0,E0,0,0,2004,2,6,6,0,0,0,476
20011,4591,A05,0,A00,A0,A0,E0,0,0,2004,2,,,0,,,413
20015,4591,A05,0,A00,A0,A0,E0,0,0,2004,2,10,11,4,,1,1340
20029,4591,A05,0,A00,A0,A0,E0,0,0,2004,2,,,,,,1016
20031,4591,A05,0,A00,A0,A0,E0,0,0,2004,2,,,0,0,,266
20035,4591,A05,0,A00,A0,A0,E0,0,0,2004,2,29,40,18,8,10,838
20037,4591,A05,0,A00,A0,A0,E0,0,0,2004,2,28,28,0,0,0,1738
20039,4591,A05,0,A00,A0,A0,E0,0,0,2004,2,,,,,,882
20041,4591,A05,0,A00,A0,A0,E0,0,0,2004,2,,,0,0,,235
20043,4591,A05,0,A00,A0,A0,E0,0,0,2004,2,,,0,0,,4077
20045,4591,A05,0,A00,A0,A0,E0,0,0,2004,2,232,212,44,64,-20,982
20051,4591,A05,0,A00,A0,A0,E0,0,0,2004,2,89,80,12,21,-9,967
20055,4591,A05,0,A00,A0,A0,E0,0,0,2004,2,23,22,3,4,-1,1262
20057,4591,A05,0,A00,A0,A0,E0,0,0,2004,2,21,22,7,7,0,902
20059,4591,A05,0,A00,A0,A0,E0,0,0,2004,2,,,0,0,,38
20061,4591,A05,0,A00,A0,A0,E0,0,0,2004,2,,,0,0,,2394
20073,4591,A05,0,A00,A0,A0,E0,0,0,2004,2,,,0,0,,448
20079,4591,A05,0,A00,A0,A0,E0,0,0,2004,2,53,36,7,23,-16,520
20087,4591,A05,0,A00,A0,A0,E0,0,0,2004,2,,,0,,,909
20091,4591,A05,0,A00,A0,A0,E0,0,0,2004,2,1637,1663,428,402,25,1315
20097,4591,A05,0,A00,A0,A0,E0,0,0,2004,2,0,0,,,0,
20099,4591,A05,0,A00,A0,A0,E0,0,0,2004,2,12,13,6,6,1,491
20103,4591,A05,0,A00,A0,A0,E0,0,0,2004,2,19,17,8,10,-2,633
20111,4591,A05,0,A00,A0,A0,E0,0,0,2004,2,40,44,10,6,4,1313
20113,4591,A05,0,A00,A0,A0,E0,0,0,2004,2,85,87,9,7,2,1043
20115,4591,A05,0,A00,A0,A0,E0,0,0,2004,2,,,,,,640
20117,4591,A05,0,A00,A0,A0,E0,0,0,2004,2,0,,,0,,
20121,4591,A05,0,A00,A0,A0,E0,0,0,2004,2,9,8,,3,-1,1607
20125,4591,A05,0,A00,A0,A0,E0,0,0,2004,2,81,81,38,38,0,817
20133,4591,A05,0,A00,A0,A0,E0,0,0,2004,2,,,,,,307
20139,4591,A05,0,A00,A0,A0,E0,0,0,2004,2,,,,0,,499
20141,4591,A05,0,A00,A0,A0,E0,0,0,2004,2,,,,,,370
20143,4591,A05,0,A00,A0,A0,E0,0,0,2004,2,,,,,,725
20151,4591,A05,0,A00,A0,A0,E0,0,0,2004,2,,,0,,,650
20153,4591,A05,0,A00,A0,A0,E0,0,0,2004,2,,,0,0,,1948
20155,4591,A05,0,A00,A0,A0,E0,0,0,2004,2,89,90,16,16,1,1495
20157,4591,A05,0,A00,A0,A0,E0,0,0,2004,2,,,,0,,594
20159,4591,A05,0,A00,A0,A0,E0,0,0,2004,2,,,,,,302
20161,4591,A05,0,A00,A0,A0,E0,0,0,2004,2,106,114,28,20,8,905
20167,4591,A05,0,A00,A0,A0,E0,0,0,2004,2,,,,0,,1106
20169,4591,A05,0,A00,A0,A0,E0,0,0,2004,2,106,111,21,16,5,1329
20173,4591,A05,0,A00,A0,A0,E0,0,0,2004,2,1101,1047,163,217,-54,1211
20175,4591,A05,0,A00,A0,A0,E0,0,0,2004,2,,,0,0,,1338
20177,4591,A05,0,A00,A0,A0,E0,0,0,2004,2,325,329,53,49,4,1115
20191,4591,A05,0,A00,A0,A0,E0,0,0,2004,2,,,,,,335
20193,4591,A05,0,A00,A0,A0,E0,0,0,2004,2,,,,,,426
20201,4591,A05,0,A00,A0,A0,E0,0,0,2004,2,,,0,0,,765
20205,4591,A05,0,A00,A0,A0,E0,0,0,2004,2,,,0,0,,625
20209,4591,A05,0,A00,A0,A0,E0,0,0,2004,2,436,458,116,94,23,1301
20,4591,A05,0,A00,A0,A0,E0,0,0,2004,2,4647,4636,1032,1043,-11,1200
20003,4591,A05,0,A00,A0,A0,E0,0,0,2004,3,0,0,,,0,
20005,4591,A05,0,A00,A0,A0,E0,0,0,2004,3,,0,0,,,256
20007,4591,A05,0,A00,A0,A0,E0,0,0,2004,3,,,0,0,,293
20009,4591,A05,0,A00,A0,A0,E0,0,0,2004,3,6,6,0,0,0,475
20011,4591,A05,0,A00,A0,A0,E0,0,0,2004,3,,,0,0,,411
20015,4591,A05,0,A00,A0,A0,E0,0,0,2004,3,11,14,6,,4,1340
20029,4591,A05,0,A00,A0,A0,E0,0,0,2004,3,,,,,,1127
20031,4591,A05,0,A00,A0,A0,E0,0,0,2004,3,,,0,0,,220
20035,4591,A05,0,A00,A0,A0,E0,0,0,2004,3,40,35,8,13,-5,803
20037,4591,A05,0,A00,A0,A0,E0,0,0,2004,3,28,27,0,,-2,1588
20039,4591,A05,0,A00,A0,A0,E0,0,0,2004,3,,,,0,,1217
20041,4591,A05,0,A00,A0,A0,E0,0,0,2004,3,,,,,,345
20043,4591,A05,0,A00,A0,A0,E0,0,0,2004,3,,,0,0,,5065
20045,4591,A05,0,A00,A0,A0,E0,0,0,2004,3,212,219,61,54,7,1066
20051,4591,A05,0,A00,A0,A0,E0,0,0,2004,3,81,86,15,9,5,1223
20055,4591,A05,0,A00,A0,A0,E0,0,0,2004,3,22,20,2,5,-2,1336
20057,4591,A05,0,A00,A0,A0,E0,0,0,2004,3,21,21,7,8,-1,845
20059,4591,A05,0,A00,A0,A0,E0,0,0,2004,3,,,0,0,,30
20061,4591,A05,0,A00,A0,A0,E0,0,0,2004,3,,,0,,,2069
20073,4591,A05,0,A00,A0,A0,E0,0,0,2004,3,,,0,,,445
20079,4591,A05,0,A00,A0,A0,E0,0,0,2004,3,36,35,8,9,-1,711
20087,4591,A05,0,A00,A0,A0,E0,0,0,2004,3,,,0,0,,1335
20091,4591,A05,0,A00,A0,A0,E0,0,0,2004,3,1670,1703,491,458,33,1309
20097,4591,A05,0,A00,A0,A0,E0,0,0,2004,3,0,,,0,,
20099,4591,A05,0,A00,A0,A0,E0,0,0,2004,3,13,13,4,4,1,451
20103,4591,A05,0,A00,A0,A0,E0,0,0,2004,3,17,17,4,4,0,942
20111,4591,A05,0,A00,A0,A0,E0,0,0,2004,3,45,39,6,12,-6,1036
20113,4591,A05,0,A00,A0,A0,E0,0,0,2004,3,87,82,11,16,-6,1050
20115,4591,A05,0,A00,A0,A0,E0,0,0,2004,3,,,,,,476
20117,4591,A05,0,A00,A0,A0,E0,0,0,2004,3,,,,0,,623
20121,4591,A05,0,A00,A0,A0,E0,0,0,2004,3,8,8,0,0,0,1678
20125,4591,A05,0,A00,A0,A0,E0,0,0,2004,3,81,78,38,40,-3,858
20133,4591,A05,0,A00,A0,A0,E0,0,0,2004,3,,,,,,392
20139,4591,A05,0,A00,A0,A0,E0,0,0,2004,3,,,,,,445
20141,4591,A05,0,A00,A0,A0,E0,0,0,2004,3,,0,0,,,218
20143,4591,A05,0,A00,A0,A0,E0,0,0,2004,3,,,0,0,,1241
20151,4591,A05,0,A00,A0,A0,E0,0,0,2004,3,,,,0,,691
20153,4591,A05,0,A00,A0,A0,E0,0,0,2004,3,,,0,0,,1692
20155,4591,A05,0,A00,A0,A0,E0,0,0,2004,3,90,109,38,19,19,1467
20157,4591,A05,0,A00,A0,A0,E0,0,0,2004,3,,,0,0,,366
20159,4591,A05,0,A00,A0,A0,E0,0,0,2004,3,,,0,,,333
20161,4591,A05,0,A00,A0,A0,E0,0,0,2004,3,114,114,22,22,-1,900
20167,4591,A05,0,A00,A0,A0,E0,0,0,2004,3,,,0,0,,681
20169,4591,A05,0,A00,A0,A0,E0,0,0,2004,3,111,113,28,27,1,1238
20173,4591,A05,0,A00,A0,A0,E0,0,0,2004,3,1045,1051,229,223,6,1267
20175,4591,A05,0,A00,A0,A0,E0,0,0,2004,3,,,0,0,,1386
20177,4591,A05,0,A00,A0,A0,E0,0,0,2004,3,329,330,90,90,0,1092
20183,4591,A05,0,A00,A0,A0,E0,0,0,2004,3,0,,,0,,
20191,4591,A05,0,A00,A0,A0,E0,0,0,2004,3,,,,,,364
20193,4591,A05,0,A00,A0,A0,E0,0,0,2004,3,,,,,,496
20201,4591,A05,0,A00,A0,A0,E0,0,0,2004,3,,,0,0,,669
20205,4591,A05,0,A00,A0,A0,E0,0,0,2004,3,,,0,0,,570
20209,4591,A05,0,A00,A0,A0,E0,0,0,2004,3,458,518,148,87,60,1340
20,4591,A05,0,A00,A0,A0,E0,0,0,2004,3,4643,4747,1242,1139,104,1221
20003,4591,A05,0,A00,A0,A0,E0,0,0,2004,4,0,,,0,,
20005,4591,A05,0,A00,A0,A0,E0,0,0,2004,4,0,0,,,0,
20007,4591,A05,0,A00,A0,A0,E0,0,0,2004,4,,0,0,,,176
20009,4591,A05,0,A00,A0,A0,E0,0,0,2004,4,6,5,3,4,-1,337
20011,4591,A05,0,A00,A0,A0,E0,0,0,2004,4,,,0,0,,344
20015,4591,A05,0,A00,A0,A0,E0,0,0,2004,4,14,14,,,0,1991
20029,4591,A05,0,A00,A0,A0,E0,0,0,2004,4,,,,,,1148
20031,4591,A05,0,A00,A0,A0,E0,0,0,2004,4,,,0,0,,286
20035,4591,A05,0,A00,A0,A0,E0,0,0,2004,4,35,28,3,9,-6,841
20037,4591,A05,0,A00,A0,A0,E0,0,0,2004,4,26,26,,,0,1761
20039,4591,A05,0,A00,A0,A0,E0,0,0,2004,4,,,0,0,,1269
20041,4591,A05,0,A00,A0,A0,E0,0,0,2004,4,,,,,,152
20043,4591,A05,0,A00,A0,A0,E0,0,0,2004,4,,,0,0,,3849
20045,4591,A05,0,A00,A0,A0,E0,0,0,2004,4,219,229,55,45,10,1160
20051,4591,A05,0,A00,A0,A0,E0,0,0,2004,4,86,85,16,17,-1,1026
20055,4591,A05,0,A00,A0,A0,E0,0,0,2004,4,20,19,,,-1,1407
20057,4591,A05,0,A00,A0,A0,E0,0,0,2004,4,21,18,9,11,-2,783
20059,4591,A05,0,A00,A0,A0,E0,0,0,2004,4,,,0,0,,15
20061,4591,A05,0,A00,A0,A0,E0,0,0,2004,4,,,,,,3031
20073,4591,A05,0,A00,A0,A0,E0,0,0,2004,4,,,,0,,492
20079,4591,A05,0,A00,A0,A0,E0,0,0,2004,4,35,36,7,6,1,667
20087,4591,A05,0,A00,A0,A0,E0,0,0,2004,4,,0,0,,,702
20091,4591,A05,0,A00,A0,A0,E0,0,0,2004,4,1706,1835,626,496,129,1451
20097,4591,A05,0,A00,A0,A0,E0,0,0,2004,4,,,0,0,,234
20099,4591,A05,0,A00,A0,A0,E0,0,0,2004,4,13,15,4,,2,550
20103,4591,A05,0,A00,A0,A0,E0,0,0,2004,4,17,15,3,5,-2,963
20111,4591,A05,0,A00,A0,A0,E0,0,0,2004,4,38,37,6,7,-2,1252
20113,4591,A05,0,A00,A0,A0,E0,0,0,2004,4,82,79,3,6,-3,1067
20115,4591,A05,0,A00,A0,A0,E0,0,0,2004,4,,,,,,530
20117,4591,A05,0,A00,A0,A0,E0,0,0,2004,4,,,,0,,430
20121,4591,A05,0,A00,A0,A0,E0,0,0,2004,4,8,6,0,,-2,1587
20125,4591,A05,0,A00,A0,A0,E0,0,0,2004,4,78,84,39,34,6,899
20133,4591,A05,0,A00,A0,A0,E0,0,0,2004,4,,,,,,435
20139,4591,A05,0,A00,A0,A0,E0,0,0,2004,4,,,0,,,347
20143,4591,A05,0,A00,A0,A0,E0,0,0,2004,4,,,0,0,,947
20151,4591,A05,0,A00,A0,A0,E0,0,0,2004,4,,,,,,780
20153,4591,A05,0,A00,A0,A0,E0,0,0,2004,4,,,0,0,,2006
20155,4591,A05,0,A00,A0,A0,E0,0,0,2004,4,109,108,24,25,-1,1568
20157,4591,A05,0,A00,A0,A0,E0,0,0,2004,4,,,0,0,,333
20159,4591,A05,0,A00,A0,A0,E0,0,0,2004,4,,,,,,402
20161,4591,A05,0,A00,A0,A0,E0,0,0,2004,4,114,103,12,22,-10,887
20167,4591,A05,0,A00,A0,A0,E0,0,0,2004,4,,,0,,,598
20169,4591,A05,0,A00,A0,A0,E0,0,0,2004,4,113,115,18,16,2,1347
20171,4591,A05,0,A00,A0,A0,E0,0,0,2004,4,0,0,,,0,
20173,4591,A05,0,A00,A0,A0,E0,0,0,2004,4,1052,1142,435,345,91,1298
20175,4591,A05,0,A00,A0,A0,E0,0,0,2004,4,,0,0,,,961
20177,4591,A05,0,A00,A0,A0,E0,0,0,2004,4,330,327,111,115,-3,1145
20183,4591,A05,0,A00,A0,A0,E0,0,0,2004,4,,,,,,283
20191,4591,A05,0,A00,A0,A0,E0,0,0,2004,4,,,0,,,334
20193,4591,A05,0,A00,A0,A0,E0,0,0,2004,4,,,,0,,538
20201,4591,A05,0,A00,A0,A0,E0,0,0,2004,4,,,0,0,,544
20205,4591,A05,0,A00,A0,A0,E0,0,0,2004,4,,,0,0,,581
20209,4591,A05,0,A00,A0,A0,E0,0,0,2004,4,519,534,110,94,16,1194
20,4591,A05,0,A00,A0,A0,E0,0,0,2004,4,4750,4973,1521,1298,223,1280
20003,4591,A05,0,A00,A0,A0,E0,0,0,2005,1,,,0,0,,679
20005,4591,A05,0,A00,A0,A0,E0,0,0,2005,1,0,,,0,,
20007,4591,A05,0,A00,A0,A0,E0,0,0,2005,1,0,0,,,0,
20009,4591,A05,0,A00,A0,A0,E0,0,0,2005,1,10,8,,4,-2,460
20011,4591,A05,0,A00,A0,A0,E0,0,0,2005,1,,,0,,,364
20015,4591,A05,0,A00,A0,A0,E0,0,0,2005,1,19,20,3,,1,1313
20029,4591,A05,0,A00,A0,A0,E0,0,0,2005,1,,,,,,933
20031,4591,A05,0,A00,A0,A0,E0,0,0,2005,1,,,0,0,,244
20035,4591,A05,0,A00,A0,A0,E0,0,0,2005,1,28,32,6,3,3,700
20037,4591,A05,0,A00,A0,A0,E0,0,0,2005,1,26,25,0,,-2,1538
20039,4591,A05,0,A00,A0,A0,E0,0,0,2005,1,,,0,,,1093
20041,4591,A05,0,A00,A0,A0,E0,0,0,2005,1,,0,0,,,42
20043,4591,A05,0,A00,A0,A0,E0,0,0,2005,1,,,0,0,,4492
20045,4591,A05,0,A00,A0,A0,E0,0,0,2005,1,276,276,41,40,0,1040
20051,4591,A05,0,A00,A0,A0,E0,0,0,2005,1,84,82,14,16,-2,1082
20055,4591,A05,0,A00,A0,A0,E0,0,0,2005,1,19,21,4,,2,1341
20057,4591,A05,0,A00,A0,A0,E0,0,0,2005,1,18,20,4,3,1,968
20059,4591,A05,0,A00,A0,A0,E0,0,0,2005,1,,,0,0,,69
20061,4591,A05,0,A00,A0,A0,E0,0,0,2005,1,,,0,,,2160
20073,4591,A05,0,A00,A0,A0,E0,0,0,2005,1,,,0,,,345
20079,4591,A05,0,A00,A0,A0,E0,0,0,2005,1,36,33,7,10,-4,485
20091,4591,A05,0,A00,A0,A0,E0,0,0,2005,1,1798,1700,324,423,-99,1168
20097,4591,A05,0,A00,A0,A0,E0,0,0,2005,1,,,0,0,,209
20099,4591,A05,0,A00,A0,A0,E0,0,0,2005,1,,,,,,465
20103,4591,A05,0,A00,A0,A0,E0,0,0,2005,1,15,18,3,0,3,1014
20111,4591,A05,0,A00,A0,A0,E0,0,0,2005,1,37,35,4,6,-2,1363
20113,4591,A05,0,A00,A0,A0,E0,0,0,2005,1,79,75,9,13,-4,979
20115,4591,A05,0,A00,A0,A0,E0,0,0,2005,1,,,0,0,,246
20117,4591,A05,0,A00,A0,A0,E0,0,0,2005,1,,,0,,,399
20121,4591,A05,0,A00,A0,A0,E0,0,0,2005,1,5,5,0,0,0,1666
20125,4591,A05,0,A00,A0,A0,E0,0,0,2005,1,84,95,43,32,11,836
20133,4591,A05,0,A00,A0,A0,E0,0,0,2005,1,5,3,,4,-3,265
20139,4591,A05,0,A00,A0,A0,E0,0,0,2005,1,,,0,,,427
20143,4591,A05,0,A00,A0,A0,E0,0,0,2005,1,,,0,0,,1042
20149,4591,A05,0,A00,A0,A0,E0,0,0,2005,1,0,,,,,
20151,4591,A05,0,A00,A0,A0,E0,0,0,2005,1,,,,0,,569
20153,4591,A05,0,A00,A0,A0,E0,0,0,2005,1,,,,0,,1764
20155,4591,A05,0,A00,A0,A0,E0,0,0,2005,1,116,112,15,19,-4,1408
20157,4591,A05,0,A00,A0,A0,E0,0,0,2005,1,,,0,0,,357
20159,4591,A05,0,A00,A0,A0,E0,0,0,2005,1,,,,,,337
20161,4591,A05,0,A00,A0,A0,E0,0,0,2005,1,98,90,8,16,-8,873
20167,4591,A05,0,A00,A0,A0,E0,0,0,2005,1,,,0,0,,1106
20169,4591,A05,0,A00,A0,A0,E0,0,0,2005,1,115,110,12,17,-5,1217
20173,4591,A05,0,A00,A0,A0,E0,0,0,2005,1,1141,1070,174,246,-71,1227
20177,4591,A05,0,A00,A0,A0,E0,0,0,2005,1,315,297,50,69,-19,949
20183,4591,A05,0,A00,A0,A0,E0,0,0,2005,1,,,0,0,,456
20191,4591,A05,0,A00,A0,A0,E0,0,0,2005,1,,,,0,,162
20193,4591,A05,0,A00,A0,A0,E0,0,0,2005,1,,,,,,431
20201,4591,A05,0,A00,A0,A0,E0,0,0,2005,1,,,0,0,,616
20205,4591,A05,0,A00,A0,A0,E0,0,0,2005,1,,,0,0,,462
20209,4591,A05,0,A00,A0,A0,E0,0,0,2005,1,521,447,14,88,-74,1237
20,4591,A05,0,A00,A0,A0,E0,0,0,2005,1,4968,4694,759,1032,-273,1140
20003,4591,A05,0,A00,A0,A0,E0,0,0,2005,2,,,0,0,,810
20005,4591,A05,0,A00,A0,A0,E0,0,0,2005,2,,,0,0,,491
20007,4591,A05,0,A00,A0,A0,E0,0,0,2005,2,0,,,0,,
20009,4591,A05,0,A00,A0,A0,E0,0,0,2005,2,8,9,4,3,1,458
20011,4591,A05,0,A00,A0,A0,E0,0,0,2005,2,,,0,0,,453
20015,4591,A05,0,A00,A0,A0,E0,0,0,2005,2,20,21,5,4,1,1131
20029,4591,A05,0,A00,A0,A0,E0,0,0,2005,2,,,,,,998
20031,4591,A05,0,A00,A0,A0,E0,0,0,2005,2,,,0,0,,274
20035,4591,A05,0,A00,A0,A0,E0,0,0,2005,2,32,41,14,5,9,842
20037,4591,A05,0,A00,A0,A0,E0,0,0,2005,2,24,30,9,3,6,1564
20039,4591,A05,0,A00,A0,A0,E0,0,0,2005,2,,,,0,,1216
20043,4591,A05,0,A00,A0,A0,E0,0,0,2005,2,,0,0,,,1610
20045,4591,A05,0,A00,A0,A0,E0,0,0,2005,2,276,321,91,46,45,1133
20051,4591,A05,0,A00,A0,A0,E0,0,0,2005,2,82,85,18,15,3,1086
20055,4591,A05,0,A00,A0,A0,E0,0,0,2005,2,21,21,,3,0,1375
20057,4591,A05,0,A00,A0,A0,E0,0,0,2005,2,20,24,8,4,4,979
20059,4591,A05,0,A00,A0,A0,E0,0,0,2005,2,,,0,0,,72
20061,4591,A05,0,A00,A0,A0,E0,0,0,2005,2,3,5,3,,2,3128
20073,4591,A05,0,A00,A0,A0,E0,0,0,2005,2,,,,0,,486
20079,4591,A05,0,A00,A0,A0,E0,0,0,2005,2,33,37,6,,4,646
20091,4591,A05,0,A00,A0,A0,E0,0,0,2005,2,1700,1696,391,395,-4,1303
20097,4591,A05,0,A00,A0,A0,E0,0,0,2005,2,,,0,0,,215
20099,4591,A05,0,A00,A0,A0,E0,0,0,2005,2,,,,,,550
20103,4591,A05,0,A00,A0,A0,E0,0,0,2005,2,18,19,,,1,1018
20111,4591,A05,0,A00,A0,A0,E0,0,0,2005,2,35,36,7,6,1,1618
20113,4591,A05,0,A00,A0,A0,E0,0,0,2005,2,75,72,5,8,-3,1162
20115,4591,A05,0,A00,A0,A0,E0,0,0,2005,2,,,,,,307
20117,4591,A05,0,A00,A0,A0,E0,0,0,2005,2,,,,,,447
20121,4591,A05,0,A00,A0,A0,E0,0,0,2005,2,5,5,,,0,1705
20125,4591,A05,0,A00,A0,A0,E0,0,0,2005,2,95,92,26,30,-4,800
20133,4591,A05,0,A00,A0,A0,E0,0,0,2005,2,,,,0,,398
20139,4591,A05,0,A00,A0,A0,E0,0,0,2005,2,,,,,,464
20143,4591,A05,0,A00,A0,A0,E0,0,0,2005,2,,,,,,1304
20149,4591,A05,0,A00,A0,A0,E0,0,0,2005,2,,,,,,505
20151,4591,A05,0,A00,A0,A0,E0,0,0,2005,2,,,0,0,,581
20153,4591,A05,0,A00,A0,A0,E0,0,0,2005,2,,,0,,,1615
20155,4591,A05,0,A00,A0,A0,E0,0,0,2005,2,112,115,15,12,3,1477
20157,4591,A05,0,A00,A0,A0,E0,0,0,2005,2,,,,,,420
20159,4591,A05,0,A00,A0,A0,E0,0,0,2005,2,,,,,,242
20161,4591,A05,0,A00,A0,A0,E0,0,0,2005,2,90,90,17,16,0,962
20167,4591,A05,0,A00,A0,A0,E0,0,0,2005,2,,,,0,,1106
20169,4591,A05,0,A00,A0,A0,E0,0,0,2005,2,111,107,17,21,-4,1306
20173,4591,A05,0,A00,A0,A0,E0,0,0,2005,2,1070,1033,183,219,-37,1280
20177,4591,A05,0,A00,A0,A0,E0,0,0,2005,2,300,286,66,80,-13,1091
20183,4591,A05,0,A00,A0,A0,E0,0,0,2005,2,,,0,0,,331
20191,4591,A05,0,A00,A0,A0,E0,0,0,2005,2,,,,,,422
20193,4591,A05,0,A00,A0,A0,E0,0,0,2005,2,,,,,,465
20201,4591,A05,0,A00,A0,A0,E0,0,0,2005,2,,,0,0,,616
20205,4591,A05,0,A00,A0,A0,E0,0,0,2005,2,,,0,0,,613
20209,4591,A05,0,A00,A0,A0,E0,0,0,2005,2,447,432,53,68,-15,1125
20,4591,A05,0,A00,A0,A0,E0,0,0,2005,2,4698,4704,974,968,6,1211
20003,4591,A05,0,A00,A0,A0,E0,0,0,2005,3,,,0,0,,910
20005,4591,A05,0,A00,A0,A0,E0,0,0,2005,3,,0,0,,,235
20007,4591,A05,0,A00,A0,A0,E0,0,0,2005,3,,,0,0,,176
20009,4591,A05,0,A00,A0,A0,E0,0,0,2005,3,9,10,3,,1,417
20011,4591,A05,0,A00,A0,A0,E0,0,0,2005,3,,,0,0,,523
20015,4591,A05,0,A00,A0,A0,E0,0,0,2005,3,16,13,4,6,-3,1166
20029,4591,A05,0,A00,A0,A0,E0,0,0,2005,3,,,,,,1186
20031,4591,A05,0,A00,A0,A0,E0,0,0,2005,3,,,0,0,,223
20035,4591,A05,0,A00,A0,A0,E0,0,0,2005,3,41,36,10,16,-5,786
20037,4591,A05,0,A00,A0,A0,E0,0,0,2005,3,35,33,3,5,-2,1540
20039,4591,A05,0,A00,A0,A0,E0,0,0,2005,3,,,0,0,,1219
20045,4591,A05,0,A00,A0,A0,E0,0,0,2005,3,321,301,70,90,-20,1136
20051,4591,A05,0,A00,A0,A0,E0,0,0,2005,3,93,86,15,21,-6,1148
20055,4591,A05,0,A00,A0,A0,E0,0,0,2005,3,21,19,3,5,-2,1408
20057,4591,A05,0,A00,A0,A0,E0,0,0,2005,3,24,23,7,8,-1,917
20059,4591,A05,0,A00,A0,A0,E0,0,0,2005,3,,,0,0,,15
20061,4591,A05,0,A00,A0,A0,E0,0,0,2005,3,5,5,,,0,2840
20073,4591,A05,0,A00,A0,A0,E0,0,0,2005,3,,,,,,418
20079,4591,A05,0,A00,A0,A0,E0,0,0,2005,3,42,43,11,10,1,649
20091,4591,A05,0,A00,A0,A0,E0,0,0,2005,3,1758,1768,474,464,10,1333
20097,4591,A05,0,A00,A0,A0,E0,0,0,2005,3,,,0,0,,226
20099,4591,A05,0,A00,A0,A0,E0,0,0,2005,3,,,,,,532
20103,4591,A05,0,A00,A0,A0,E0,0,0,2005,3,19,16,5,8,-3,881
20111,4591,A05,0,A00,A0,A0,E0,0,0,2005,3,36,31,5,10,-5,1156
20113,4591,A05,0,A00,A0,A0,E0,0,0,2005,3,72,69,11,14,-3,1238
20115,4591,A05,0,A00,A0,A0,E0,0,0,2005,3,,,0,,,476
20117,4591,A05,0,A00,A0,A0,E0,0,0,2005,3,,,,,,417
20121,4591,A05,0,A00,A0,A0,E0,0,0,2005,3,,,0,0,,1328
20125,4591,A05,0,A00,A0,A0,E0,0,0,2005,3,92,92,40,40,1,952
20133,4591,A05,0,A00,A0,A0,E0,0,0,2005,3,,,,,,483
20139,4591,A05,0,A00,A0,A0,E0,0,0,2005,3,,,,,,536
20143,4591,A05,0,A00,A0,A0,E0,0,0,2005,3,,,,,,1054
20149,4591,A05,0,A00,A0,A0,E0,0,0,2005,3,,,,,,524
20151,4591,A05,0,A00,A0,A0,E0,0,0,2005,3,,,,,,658
20153,4591,A05,0,A00,A0,A0,E0,0,0,2005,3,,,,,,1782
20155,4591,A05,0,A00,A0,A0,E0,0,0,2005,3,115,111,18,23,-4,1441
20157,4591,A05,0,A00,A0,A0,E0,0,0,2005,3,,,,0,,319
20159,4591,A05,0,A00,A0,A0,E0,0,0,2005,3,,,,0,,245
20161,4591,A05,0,A00,A0,A0,E0,0,0,2005,3,100,102,27,25,2,963
20167,4591,A05,0,A00,A0,A0,E0,0,0,2005,3,,,,,,835
20169,4591,A05,0,A00,A0,A0,E0,0,0,2005,3,120,122,25,23,2,1274
20173,4591,A05,0,A00,A0,A0,E0,0,0,2005,3,1060,1218,437,279,158,1298
20175,4591,A05,0,A00,A0,A0,E0,0,0,2005,3,,,,,,895
20177,4591,A05,0,A00,A0,A0,E0,0,0,2005,3,299,291,81,89,-8,1194
20183,4591,A05,0,A00,A0,A0,E0,0,0,2005,3,,,,0,,364
20191,4591,A05,0,A00,A0,A0,E0,0,0,2005,3,,,,,,464
20193,4591,A05,0,A00,A0,A0,E0,0,0,2005,3,,,,,,453
20201,4591,A05,0,A00,A0,A0,E0,0,0,2005,3,,,0,0,,574
20205,4591,A05,0,A00,A0,A0,E0,0,0,2005,3,,0,0,,,477
20209,4591,A05,0,A00,A0,A0,E0,0,0,2005,3,432,478,137,91,46,1352
20,4591,A05,0,A00,A0,A0,E0,0,0,2005,3,4851,5016,1433,1268,165,1252
20003,4591,A05,0,A00,A0,A0,E0,0,0,2005,4,,,0,0,,934
20007,4591,A05,0,A00,A0,A0,E0,0,0,2005,4,,,0,0,,176
20009,4591,A05,0,A00,A0,A0,E0,0,0,2005,4,10,13,14,11,3,276
20011,4591,A05,0,A00,A0,A0,E0,0,0,2005,4,,,0,0,,435
20015,4591,A05,0,A00,A0,A0,E0,0,0,2005,4,13,17,12,8,4,1322
20029,4591,A05,0,A00,A0,A0,E0,0,0,2005,4,,,,,,976
20031,4591,A05,0,A00,A0,A0,E0,0,0,2005,4,,,0,,,300
20035,4591,A05,0,A00,A0,A0,E0,0,0,2005,4,36,31,,7,-5,819
20037,4591,A05,0,A00,A0,A0,E0,0,0,2005,4,28,28,5,6,-1,1469
20039,4591,A05,0,A00,A0,A0,E0,0,0,2005,4,,,0,0,,1159
20045,4591,A05,0,A00,A0,A0,E0,0,0,2005,4,301,288,69,82,-13,1135
20051,4591,A05,0,A00,A0,A0,E0,0,0,2005,4,87,81,18,23,-5,1136
20055,4591,A05,0,A00,A0,A0,E0,0,0,2005,4,19,19,4,3,1,1486
20057,4591,A05,0,A00,A0,A0,E0,0,0,2005,4,23,23,7,7,-1,884
20059,4591,A05,0,A00,A0,A0,E0,0,0,2005,4,,,0,0,,20
20061,4591,A05,0,A00,A0,A0,E0,0,0,2005,4,5,7,,0,2,1921
20073,4591,A05,0,A00,A0,A0,E0,0,0,2005,4,,,,0,,520
20079,4591,A05,0,A00,A0,A0,E0,0,0,2005,4,43,42,15,15,-1,566
20091,4591,A05,0,A00,A0,A0,E0,0,0,2005,4,1768,1905,737,600,137,1499
20097,4591,A05,0,A00,A0,A0,E0,0,0,2005,4,,,0,0,,237
20099,4591,A05,0,A00,A0,A0,E0,0,0,2005,4,,,,,,451
20103,4591,A05,0,A00,A0,A0,E0,0,0,2005,4,16,16,5,5,0,900
20111,4591,A05,0,A00,A0,A0,E0,0,0,2005,4,31,31,5,5,0,1427
20113,4591,A05,0,A00,A0,A0,E0,0,0,2005,4,69,73,17,12,4,1280
20115,4591,A05,0,A00,A0,A0,E0,0,0,2005,4,,,,0,,507
20117,4591,A05,0,A00,A0,A0,E0,0,0,2005,4,,,0,0,,385
20121,4591,A05,0,A00,A0,A0,E0,0,0,2005,4,,,0,,,1513
20125,4591,A05,0,A00,A0,A0,E0,0,0,2005,4,92,96,30,27,3,918
20133,4591,A05,0,A00,A0,A0,E0,0,0,2005,4,4,4,,,0,531
20139,4591,A05,0,A00,A0,A0,E0,0,0,2005,4,,,0,,,523
20143,4591,A05,0,A00,A0,A0,E0,0,0,2005,4,,,,,,634
20149,4591,A05,0,A00,A0,A0,E0,0,0,2005,4,,,,,,485
20151,4591,A05,0,A00,A0,A0,E0,0,0,2005,4,,,,0,,730
20153,4591,A05,0,A00,A0,A0,E0,0,0,2005,4,,,,0,,2349
20155,4591,A05,0,A00,A0,A0,E0,0,0,2005,4,111,107,22,26,-4,1564
20157,4591,A05,0,A00,A0,A0,E0,0,0,2005,4,,,,,,341
20159,4591,A05,0,A00,A0,A0,E0,0,0,2005,4,,,,,,240
20161,4591,A05,0,A00,A0,A0,E0,0,0,2005,4,102,104,35,34,2,926
20167,4591,A05,0,A00,A0,A0,E0,0,0,2005,4,,,0,,,862
20169,4591,A05,0,A00,A0,A0,E0,0,0,2005,4,122,121,34,34,0,1263
20173,4591,A05,0,A00,A0,A0,E0,0,0,2005,4,1218,1330,485,373,112,1274
20175,4591,A05,0,A00,A0,A0,E0,0,0,2005,4,,,,,,850
20177,4591,A05,0,A00,A0,A0,E0,0,0,2005,4,291,314,135,111,24,1221
20183,4591,A05,0,A00,A0,A0,E0,0,0,2005,4,,,0,,,283
20191,4591,A05,0,A00,A0,A0,E0,0,0,2005,4,,,,,,437
20193,4591,A05,0,A00,A0,A0,E0,0,0,2005,4,,,,,,441
20201,4591,A05,0,A00,A0,A0,E0,0,0,2005,4,,0,0,,,455
20209,4591,A05,0,A00,A0,A0,E0,0,0,2005,4,478,501,106,83,23,1203
20,4591,A05,0,A00,A0,A0,E0,0,0,2005,4,5012,5299,1797,1510,287,1292
20003,4591,A05,0,A00,A0,A0,E0,0,0,2006,1,,,0,0,,820
20005,4591,A05,0,A00,A0,A0,E0,0,0,2006,1,,,0,0,,252
20007,4591,A05,0,A00,A0,A0,E0,0,0,2006,1,,0,0,,,176
20009,4591,A05,0,A00,A0,A0,E0,0,0,2006,1,8,8,3,3,0,301
20011,4591,A05,0,A00,A0,A0,E0,0,0,2006,1,,,0,,,166
20013,4591,A05,0,A00,A0,A0,E0,0,0,2006,1,0,,,0,,
20015,4591,A05,0,A00,A0,A0,E0,0,0,2006,1,15,13,,,-1,1191
20029,4591,A05,0,A00,A0,A0,E0,0,0,2006,1,,,,,,1046
20031,4591,A05,0,A00,A0,A0,E0,0,0,2006,1,,,0,0,,447
20035,4591,A05,0,A00,A0,A0,E0,0,0,2006,1,31,31,5,5,0,766
20037,4591,A05,0,A00,A0,A0,E0,0,0,2006,1,28,28,,,1,1244
20039,4591,A05,0,A00,A0,A0,E0,0,0,2006,1,,,0,0,,1157
20045,4591,A05,0,A00,A0,A0,E0,0,0,2006,1,297,301,49,44,5,1051
20051,4591,A05,0,A00,A0,A0,E0,0,0,2006,1,81,78,6,9,-2,1143
20055,4591,A05,0,A00,A0,A0,E0,0,0,2006,1,19,19,2,3,0,1412
20057,4591,A05,0,A00,A0,A0,E0,0,0,2006,1,23,21,4,6,-2,882
20059,4591,A05,0,A00,A0,A0,E0,0,0,2006,1,,,0,0,,61
20061,4591,A05,0,A00,A0,A0,E0,0,0,2006,1,7,4,,4,-3,1955
20073,4591,A05,0,A00,A0,A0,E0,0,0,2006,1,,,0,0,,377
20079,4591,A05,0,A00,A0,A0,E0,0,0,2006,1,42,40,10,13,-3,501
20091,4591,A05,0,A00,A0,A0,E0,0,0,2006,1,1947,1790,307,464,-157,1251
20097,4591,A05,0,A00,A0,A0,E0,0,0,2006,1,,,0,0,,181
20099,4591,A05,0,A00,A0,A0,E0,0,0,2006,1,,,,,,557
20103,4591,A05,0,A00,A0,A0,E0,0,0,2006,1,16,20,6,3,3,790
20111,4591,A05,0,A00,A0,A0,E0,0,0,2006,1,32,25,3,9,-6,1597
20113,4591,A05,0,A00,A0,A0,E0,0,0,2006,1,73,77,9,5,4,1149
20115,4591,A05,0,A00,A0,A0,E0,0,0,2006,1,,,,0,,343
20117,4591,A05,0,A00,A0,A0,E0,0,0,2006,1,,,0,0,,384
20121,4591,A05,0,A00,A0,A0,E0,0,0,2006,1,5,5,,,0,1552
20123,4591,A05,0,A00,A0,A0,E0,0,0,2006,1,,,0,,,479
20125,4591,A05,0,A00,A0,A0,E0,0,0,2006,1,96,98,23,21,2,827
20133,4591,A05,0,A00,A0,A0,E0,0,0,2006,1,4,4,,,0,440
20139,4591,A05,0,A00,A0,A0,E0,0,0,2006,1,,,,0,,586
20143,4591,A05,0,A00,A0,A0,E0,0,0,2006,1,,,0,,,886
20149,4591,A05,0,A00,A0,A0,E0,0,0,2006,1,,,,,,407
20151,4591,A05,0,A00,A0,A0,E0,0,0,2006,1,,,,,,651
20153,4591,A05,0,A00,A0,A0,E0,0,0,2006,1,,,,,,1430
20155,4591,A05,0,A00,A0,A0,E0,0,0,2006,1,93,97,19,14,5,1445
20157,4591,A05,0,A00,A0,A0,E0,0,0,2006,1,,,0,0,,414
20159,4591,A05,0,A00,A0,A0,E0,0,0,2006,1,,,,,,293
20161,4591,A05,0,A00,A0,A0,E0,0,0,2006,1,117,118,18,16,2,947
20169,4591,A05,0,A00,A0,A0,E0,0,0,2006,1,121,115,16,23,-6,1255
20171,4591,A05,0,A00,A0,A0,E0,0,0,2006,1,0,,,0,,
20173,4591,A05,0,A00,A0,A0,E0,0,0,2006,1,1331,1205,194,320,-126,1474
20175,4591,A05,0,A00,A0,A0,E0,0,0,2006,1,,,,,,784
20177,4591,A05,0,A00,A0,A0,E0,0,0,2006,1,314,285,55,84,-29,1047
20183,4591,A05,0,A00,A0,A0,E0,0,0,2006,1,,,,,,378
20191,4591,A05,0,A00,A0,A0,E0,0,0,2006,1,,,,,,585
20193,4591,A05,0,A00,A0,A0,E0,0,0,2006,1,,,,,,366
20209,4591,A05,0,A00,A0,A0,E0,0,0,2006,1,503,440,14,78,-63,1383
20,4591,A05,0,A00,A0,A0,E0,0,0,2006,1,5349,4962,775,1162,-387,1255
20003,4591,A05,0,A00,A0,A0,E0,0,0,2006,2,,,0,0,,820
20005,4591,A05,0,A00,A0,A0,E0,0,0,2006,2,,0,0,,,286
20009,4591,A05,0,A00,A0,A0,E0,0,0,2006,2,8,10,8,7,2,397
20011,4591,A05,0,A00,A0,A0,E0,0,0,2006,2,,,0,0,,251
20013,4591,A05,0,A00,A0,A0,E0,0,0,2006,2,,,0,0,,3529
20015,4591,A05,0,A00,A0,A0,E0,0,0,2006,2,13,18,7,,5,1326
20029,4591,A05,0,A00,A0,A0,E0,0,0,2006,2,,,,,,1335
20031,4591,A05,0,A00,A0,A0,E0,0,0,2006,2,,,,0,,606
20035,4591,A05,0,A00,A0,A0,E0,0,0,2006,2,22,23,7,6,2,1011
20037,4591,A05,0,A00,A0,A0,E0,0,0,2006,2,29,31,7,5,2,1259
20039,4591,A05,0,A00,A0,A0,E0,0,0,2006,2,,,,0,,1168
20045,4591,A05,0,A00,A0,A0,E0,0,0,2006,2,304,333,97,69,28,1089
20051,4591,A05,0,A00,A0,A0,E0,0,0,2006,2,78,83,18,14,4,1103
20055,4591,A05,0,A00,A0,A0,E0,0,0,2006,2,19,19,8,8,0,1454
20057,4591,A05,0,A00,A0,A0,E0,0,0,2006,2,21,21,5,5,0,867
20059,4591,A05,0,A00,A0,A0,E0,0,0,2006,2,,,0,0,,32
20061,4591,A05,0,A00,A0,A0,E0,0,0,2006,2,,,,0,,2559
20073,4591,A05,0,A00,A0,A0,E0,0,0,2006,2,,,,,,403
20079,4591,A05,0,A00,A0,A0,E0,0,0,2006,2,40,48,22,13,9,723
20091,4591,A05,0,A00,A0,A0,E0,0,0,2006,2,1792,1799,487,480,7,1348
20097,4591,A05,0,A00,A0,A0,E0,0,0,2006,2,,,0,0,,172
20099,4591,A05,0,A00,A0,A0,E0,0,0,2006,2,,,,,,507
20103,4591,A05,0,A00,A0,A0,E0,0,0,2006,2,20,20,9,8,1,758
20111,4591,A05,0,A00,A0,A0,E0,0,0,2006,2,25,33,13,5,8,1855
20113,4591,A05,0,A00,A0,A0,E0,0,0,2006,2,77,79,13,11,2,1179
20115,4591,A05,0,A00,A0,A0,E0,0,0,2006,2,,,,,,263
20117,4591,A05,0,A00,A0,A0,E0,0,0,2006,2,,,0,,,390
20121,4591,A05,0,A00,A0,A0,E0,0,0,2006,2,5,6,,0,1,1320
20123,4591,A05,0,A00,A0,A0,E0,0,0,2006,2,,,,,,733
20125,4591,A05,0,A00,A0,A0,E0,0,0,2006,2,98,101,42,39,3,892
20133,4591,A05,0,A00,A0,A0,E0,0,0,2006,2,4,5,3,,1,382
20139,4591,A05,0,A00,A0,A0,E0,0,0,2006,2,,,,,,564
20143,4591,A05,0,A00,A0,A0,E0,0,0,2006,2,,,0,0,,1653
20149,4591,A05,0,A00,A0,A0,E0,0,0,2006,2,,,,,,522
20151,4591,A05,0,A00,A0,A0,E0,0,0,2006,2,,,,0,,698
20153,4591,A05,0,A00,A0,A0,E0,0,0,2006,2,,,0,0,,1648
20155,4591,A05,0,A00,A0,A0,E0,0,0,2006,2,97,95,17,19,-2,1317
20157,4591,A05,0,A00,A0,A0,E0,0,0,2006,2,,,,,,410
20159,4591,A05,0,A00,A0,A0,E0,0,0,2006,2,,,,,,224
20161,4591,A05,0,A00,A0,A0,E0,0,0,2006,2,118,206,126,38,87,887
20163,4591,A05,0,A00,A0,A0,E0,0,0,2006,2,0,,,0,,
20169,4591,A05,0,A00,A0,A0,E0,0,0,2006,2,115,112,20,23,-3,1293
20171,4591,A05,0,A00,A0,A0,E0,0,0,2006,2,,0,0,,,19
20173,4591,A05,0,A00,A0,A0,E0,0,0,2006,2,1204,1268,361,297,64,1777
20175,4591,A05,0,A00,A0,A0,E0,0,0,2006,2,,,,,,985
20177,4591,A05,0,A00,A0,A0,E0,0,0,2006,2,285,284,80,81,-1,1181
20183,4591,A05,0,A00,A0,A0,E0,0,0,2006,2,,,,0,,385
20191,4591,A05,0,A00,A0,A0,E0,0,0,2006,2,,,,,,502
20193,4591,A05,0,A00,A0,A0,E0,0,0,2006,2,,,,,,330
20209,4591,A05,0,A00,A0,A0,E0,0,0,2006,2,440,440,46,46,0,1212
20,4591,A05,0,A00,A0,A0,E0,0,0,2006,2,4957,5173,1442,1227,216,1355
20003,4591,A05,0,A00,A0,A0,E0,0,0,2006,3,,,0,0,,1000
20005,4591,A05,0,A00,A0,A0,E0,0,0,2006,3,0,0,,,0,
20009,4591,A05,0,A00,A0,A0,E0,0,0,2006,3,10,8,3,5,-2,518
20011,4591,A05,0,A00,A0,A0,E0,0,0,2006,3,,,0,0,,132
20013,4591,A05,0,A00,A0,A0,E0,0,0,2006,3,,,0,0,,3529
20015,4591,A05,0,A00,A0,A0,E0,0,0,2006,3,18,16,7,10,-3,1064
20029,4591,A05,0,A00,A0,A0,E0,0,0,2006,3,,,,,,1629
20031,4591,A05,0,A00,A0,A0,E0,0,0,2006,3,,,,,,95
20035,4591,A05,0,A00,A0,A0,E0,0,0,2006,3,21,16,6,12,-5,981
20037,4591,A05,0,A00,A0,A0,E0,0,0,2006,3,31,32,4,3,1,1369
20039,4591,A05,0,A00,A0,A0,E0,0,0,2006,3,,,0,,,957
20045,4591,A05,0,A00,A0,A0,E0,0,0,2006,3,333,353,111,91,20,1067
20051,4591,A05,0,A00,A0,A0,E0,0,0,2006,3,82,86,16,12,4,1272
20055,4591,A05,0,A00,A0,A0,E0,0,0,2006,3,19,19,6,6,0,1410
20057,4591,A05,0,A00,A0,A0,E0,0,0,2006,3,21,24,11,8,3,1049
20059,4591,A05,0,A00,A0,A0,E0,0,0,2006,3,,,,,,56
20061,4591,A05,0,A00,A0,A0,E0,0,0,2006,3,,,,,,1932
20073,4591,A05,0,A00,A0,A0,E0,0,0,2006,3,,,,0,,622
20079,4591,A05,0,A00,A0,A0,E0,0,0,2006,3,48,45,13,16,-4,952
20091,4591,A05,0,A00,A0,A0,E0,0,0,2006,3,1799,1813,494,480,15,1294
20097,4591,A05,0,A00,A0,A0,E0,0,0,2006,3,,,0,0,,179
20099,4591,A05,0,A00,A0,A0,E0,0,0,2006,3,,,,,,608
20103,4591,A05,0,A00,A0,A0,E0,0,0,2006,3,20,19,3,4,-1,902
20111,4591,A05,0,A00,A0,A0,E0,0,0,2006,3,33,30,5,8,-3,1306
20113,4591,A05,0,A00,A0,A0,E0,0,0,2006,3,79,68,15,25,-10,1101
20115,4591,A05,0,A00,A0,A0,E0,0,0,2006,3,,,,,,743
20117,4591,A05,0,A00,A0,A0,E0,0,0,2006,3,,,,,,178
20121,4591,A05,0,A00,A0,A0,E0,0,0,2006,3,6,6,0,0,0,1597
20123,4591,A05,0,A00,A0,A0,E0,0,0,2006,3,,,,,,581
20125,4591,A05,0,A00,A0,A0,E0,0,0,2006,3,101,106,45,40,5,851
20133,4591,A05,0,A00,A0,A0,E0,0,0,2006,3,,,0,,,360
20139,4591,A05,0,A00,A0,A0,E0,0,0,2006,3,,,0,,,603
20143,4591,A05,0,A00,A0,A0,E0,0,0,2006,3,,,0,0,,1569
20149,4591,A05,0,A00,A0,A0,E0,0,0,2006,3,,,,,,712
20151,4591,A05,0,A00,A0,A0,E0,0,0,2006,3,,,,,,710
20153,4591,A05,0,A00,A0,A0,E0,0,0,2006,3,,,,,,1417
20155,4591,A05,0,A00,A0,A0,E0,0,0,2006,3,95,99,20,16,4,1396
20157,4591,A05,0,A00,A0,A0,E0,0,0,2006,3,,,0,,,497
20159,4591,A05,0,A00,A0,A0,E0,0,0,2006,3,,,,,,240
20161,4591,A05,0,A00,A0,A0,E0,0,0,2006,3,206,183,40,63,-23,934
20163,4591,A05,0,A00,A0,A0,E0,0,0,2006,3,,,0,0,,2156
20169,4591,A05,0,A00,A0,A0,E0,0,0,2006,3,113,120,35,27,7,1288
20173,4591,A05,0,A00,A0,A0,E0,0,0,2006,3,1268,1233,334,370,-35,2075
20175,4591,A05,0,A00,A0,A0,E0,0,0,2006,3,,,,,,818
20177,4591,A05,0,A00,A0,A0,E0,0,0,2006,3,285,325,140,100,40,1191
20183,4591,A05,0,A00,A0,A0,E0,0,0,2006,3,,,0,,,372
20191,4591,A05,0,A00,A0,A0,E0,0,0,2006,3,,,,,,690
20193,4591,A05,0,A00,A0,A0,E0,0,0,2006,3,,,,,,484
20209,4591,A05,0,A00,A0,A0,E0,0,0,2006,3,440,505,157,92,65,1416
20,4591,A05,0,A00,A0,A0,E0,0,0,2006,3,5171,5267,1531,1435,96,1432
20003,4591,A05,0,A00,A0,A0,E0,0,0,2006,4,,,,0,,870
20005,4591,A05,0,A00,A0,A0,E0,0,0,2006,4,0,,,0,,
20009,4591,A05,0,A00,A0,A0,E0,0,0,2006,4,,,,,,890
20011,4591,A05,0,A00,A0,A0,E0,0,0,2006,4,,,0,0,,78
20013,4591,A05,0,A00,A0,A0,E0,0,0,2006,4,,,0,,,3529
20015,4591,A05,0,A00,A0,A0,E0,0,0,2006,4,21,19,7,10,-2,1057
20029,4591,A05,0,A00,A0,A0,E0,0,0,2006,4,,,,,,1618
20031,4591,A05,0,A00,A0,A0,E0,0,0,2006,4,,,,,,162
20035,4591,A05,0,A00,A0,A0,E0,0,0,2006,4,16,19,9,5,4,1358
20037,4591,A05,0,A00,A0,A0,E0,0,0,2006,4,32,35,5,,3,1674
20039,4591,A05,0,A00,A0,A0,E0,0,0,2006,4,,,0,0,,1155
20045,4591,A05,0,A00,A0,A0,E0,0,0,2006,4,377,364,86,99,-13,1140
20051,4591,A05,0,A00,A0,A0,E0,0,0,2006,4,86,78,16,24,-7,1151
20055,4591,A05,0,A00,A0,A0,E0,0,0,2006,4,19,19,8,8,0,1491
20057,4591,A05,0,A00,A0,A0,E0,0,0,2006,4,24,25,9,8,1,951
20059,4591,A05,0,A00,A0,A0,E0,0,0,2006,4,,,,,,521
20061,4591,A05,0,A00,A0,A0,E0,0,0,2006,4,,,,,,2843
20065,4591,A05,0,A00,A0,A0,E0,0,0,2006,4,0,0,,,0,
20073,4591,A05,0,A00,A0,A0,E0,0,0,2006,4,,,0,0,,481
20079,4591,A05,0,A00,A0,A0,E0,0,0,2006,4,45,49,16,12,4,1062
20091,4591,A05,0,A00,A0,A0,E0,0,0,2006,4,1786,2022,770,534,236,1615
20097,4591,A05,0,A00,A0,A0,E0,0,0,2006,4,,,0,0,,199
20099,4591,A05,0,A00,A0,A0,E0,0,0,2006,4,,,,,,640
20103,4591,A05,0,A00,A0,A0,E0,0,0,2006,4,19,19,4,4,0,932
20111,4591,A05,0,A00,A0,A0,E0,0,0,2006,4,23,21,4,6,-2,1545
20113,4591,A05,0,A00,A0,A0,E0,0,0,2006,4,68,72,17,13,3,1338
20115,4591,A05,0,A00,A0,A0,E0,0,0,2006,4,,,,,,539
20117,4591,A05,0,A00,A0,A0,E0,0,0,2006,4,,,,0,,117
20121,4591,A05,0,A00,A0,A0,E0,0,0,2006,4,6,6,0,0,0,2156
20123,4591,A05,0,A00,A0,A0,E0,0,0,2006,4,,,,0,,532
20125,4591,A05,0,A00,A0,A0,E0,0,0,2006,4,106,102,36,40,-4,912
20133,4591,A05,0,A00,A0,A0,E0,0,0,2006,4,,,,,,400
20139,4591,A05,0,A00,A0,A0,E0,0,0,2006,4,,,,,,690
20143,4591,A05,0,A00,A0,A0,E0,0,0,2006,4,,,,0,,1717
20149,4591,A05,0,A00,A0,A0,E0,0,0,2006,4,,,,,,633
20151,4591,A05,0,A00,A0,A0,E0,0,0,2006,4,,,,,,855
20153,4591,A05,0,A00,A0,A0,E0,0,0,2006,4,,,0,0,,2134
20155,4591,A05,0,A00,A0,A0,E0,0,0,2006,4,99,105,27,21,6,1358
20157,4591,A05,0,A00,A0,A0,E0,0,0,2006,4,,,,,,474
20159,4591,A05,0,A00,A0,A0,E0,0,0,2006,4,,,0,,,269
20161,4591,A05,0,A00,A0,A0,E0,0,0,2006,4,183,152,35,66,-31,862
20167,4591,A05,0,A00,A0,A0,E0,0,0,2006,4,0,0,,,0,
20169,4591,A05,0,A00,A0,A0,E0,0,0,2006,4,119,118,31,32,-2,1267
20173,4591,A05,0,A00,A0,A0,E0,0,0,2006,4,1227,1307,488,408,81,1360
20175,4591,A05,0,A00,A0,A0,E0,0,0,2006,4,,,,,,882
20177,4591,A05,0,A00,A0,A0,E0,0,0,2006,4,332,372,152,112,40,1204
20183,4591,A05,0,A00,A0,A0,E0,0,0,2006,4,,,0,0,,452
20191,4591,A05,0,A00,A0,A0,E0,0,0,2006,4,,,,,,597
20193,4591,A05,0,A00,A0,A0,E0,0,0,2006,4,,,0,,,469
20209,4591,A05,0,A00,A0,A0,E0,0,0,2006,4,505,496,100,108,-8,1217
20,4591,A05,0,A00,A0,A0,E0,0,0,2006,4,5259,5571,1880,1568,312,1351
20003,4591,A05,0,A00,A0,A0,E0,0,0,2007,1,,,0,0,,658
20005,4591,A05,0,A00,A0,A0,E0,0,0,2007,1,,,0,0,,211
20009,4591,A05,0,A00,A0,A0,E0,0,0,2007,1,12,12,,,1,908
20011,4591,A05,0,A00,A0,A0,E0,0,0,2007,1,,,0,0,,58
20013,4591,A05,0,A00,A0,A0,E0,0,0,2007,1,,,0,0,,1720
20015,4591,A05,0,A00,A0,A0,E0,0,0,2007,1,22,22,4,4,0,1030
20029,4591,A05,0,A00,A0,A0,E0,0,0,2007,1,,,,,,1261
20031,4591,A05,0,A00,A0,A0,E0,0,0,2007,1,,,0,0,,241
20035,4591,A05,0,A00,A0,A0,E0,0,0,2007,1,19,19,3,3,0,1034
20037,4591,A05,0,A00,A0,A0,E0,0,0,2007,1,36,35,3,4,-1,1258
20039,4591,A05,0,A00,A0,A0,E0,0,0,2007,1,,,,0,,1775
20045,4591,A05,0,A00,A0,A0,E0,0,0,2007,1,354,347,60,67,-7,1018
20051,4591,A05,0,A00,A0,A0,E0,0,0,2007,1,88,92,11,6,4,1177
20055,4591,A05,0,A00,A0,A0,E0,0,0,2007,1,20,23,11,9,3,1364
20057,4591,A05,0,A00,A0,A0,E0,0,0,2007,1,27,28,9,8,1,861
20059,4591,A05,0,A00,A0,A0,E0,0,0,2007,1,,,0,,,566
20061,4591,A05,0,A00,A0,A0,E0,0,0,2007,1,6,6,,0,1,2515
20073,4591,A05,0,A00,A0,A0,E0,0,0,2007,1,,,,,,432
20079,4591,A05,0,A00,A0,A0,E0,0,0,2007,1,49,48,14,15,-1,1330
20085,4591,A05,0,A00,A0,A0,E0,0,0,2007,1,0,,,,,
20091,4591,A05,0,A00,A0,A0,E0,0,0,2007,1,2002,1986,505,520,-16,1221
20097,4591,A05,0,A00,A0,A0,E0,0,0,2007,1,,,0,0,,181
20099,4591,A05,0,A00,A0,A0,E0,0,0,2007,1,,,,,,606
20103,4591,A05,0,A00,A0,A0,E0,0,0,2007,1,22,26,10,6,4,1015
20111,4591,A05,0,A00,A0,A0,E0,0,0,2007,1,21,22,3,,1,1838
20113,4591,A05,0,A00,A0,A0,E0,0,0,2007,1,72,75,12,8,3,1123
20115,4591,A05,0,A00,A0,A0,E0,0,0,2007,1,,,,,,969
20117,4591,A05,0,A00,A0,A0,E0,0,0,2007,1,,,,,,453
20121,4591,A05,0,A00,A0,A0,E0,0,0,2007,1,6,5,0,,-1,1861
20123,4591,A05,0,A00,A0,A0,E0,0,0,2007,1,,,0,0,,429
20125,4591,A05,0,A00,A0,A0,E0,0,0,2007,1,75,74,37,37,0,612
20133,4591,A05,0,A00,A0,A0,E0,0,0,2007,1,,,,,,413
20139,4591,A05,0,A00,A0,A0,E0,0,0,2007,1,,,,,,536
20143,4591,A05,0,A00,A0,A0,E0,0,0,2007,1,,,0,0,,1367
20149,4591,A05,0,A00,A0,A0,E0,0,0,2007,1,,,,,,987
20151,4591,A05,0,A00,A0,A0,E0,0,0,2007,1,,,,,,704
20153,4591,A05,0,A00,A0,A0,E0,0,0,2007,1,,,,,,1575
20155,4591,A05,0,A00,A0,A0,E0,0,0,2007,1,106,105,14,16,-2,1311
20157,4591,A05,0,A00,A0,A0,E0,0,0,2007,1,,,,0,,556
20159,4591,A05,0,A00,A0,A0,E0,0,0,2007,1,,,,,,296
20161,4591,A05,0,A00,A0,A0,E0,0,0,2007,1,172,161,21,32,-11,922
20169,4591,A05,0,A00,A0,A0,E0,0,0,2007,1,121,114,16,22,-6,1248
20173,4591,A05,0,A00,A0,A0,E0,0,0,2007,1,1303,1268,265,300,-35,1577
20175,4591,A05,0,A00,A0,A0,E0,0,0,2007,1,,,,,,844
20177,4591,A05,0,A00,A0,A0,E0,0,0,2007,1,361,316,47,91,-44,975
20183,4591,A05,0,A00,A0,A0,E0,0,0,2007,1,,,0,0,,353
20191,4591,A05,0,A00,A0,A0,E0,0,0,2007,1,,,,,,464
20193,4591,A05,0,A00,A0,A0,E0,0,0,2007,1,,,,,,428
20209,4591,A05,0,A00,A0,A0,E0,0,0,2007,1,494,434,41,102,-60,1434
20,4591,A05,0,A00,A0,A0,E0,0,0,2007,1,5528,5368,1123,1283,-160,1268
20003,4591,A05,0,A00,A0,A0,E0,0,0,2007,2,,,0,0,,769
20005,4591,A05,0,A00,A0,A0,E0,0,0,2007,2,,0,0,,,303
20009,4591,A05,0,A00,A0,A0,E0,0,0,2007,2,12,14,4,,1,902
20011,4591,A05,0,A00,A0,A0,E0,0,0,2007,2,,,0,0,,220
20013,4591,A05,0,A00,A0,A0,E0,0,0,2007,2,,0,0,,,1715
20015,4591,A05,0,A00,A0,A0,E0,0,0,2007,2,22,23,6,5,1,1128
20029,4591,A05,0,A00,A0,A0,E0,0,0,2007,2,13,16,9,6,4,1170
20031,4591,A05,0,A00,A0,A0,E0,0,0,2007,2,,,,0,,252
20035,4591,A05,0,A00,A0,A0,E0,0,0,2007,2,19,21,7,5,2,1139
20037,4591,A05,0,A00,A0,A0,E0,0,0,2007,2,34,30,4,8,-4,1369
20039,4591,A05,0,A00,A0,A0,E0,0,0,2007,2,,,0,0,,1118
20045,4591,A05,0,A00,A0,A0,E0,0,0,2007,2,339,388,122,73,49,1121
20051,4591,A05,0,A00,A0,A0,E0,0,0,2007,2,92,95,17,14,3,1056
20055,4591,A05,0,A00,A0,A0,E0,0,0,2007,2,23,27,12,8,4,1610
20057,4591,A05,0,A00,A0,A0,E0,0,0,2007,2,34,35,7,6,1,1235
20059,4591,A05,0,A00,A0,A0,E0,0,0,2007,2,,,,,,611
20061,4591,A05,0,A00,A0,A0,E0,0,0,2007,2,6,13,8,,7,2130
20073,4591,A05,0,A00,A0,A0,E0,0,0,2007,2,,,,,,574
20079,4591,A05,0,A00,A0,A0,E0,0,0,2007,2,48,56,11,,8,1182
20085,4591,A05,0,A00,A0,A0,E0,0,0,2007,2,,,,,,730
20091,4591,A05,0,A00,A0,A0,E0,0,0,2007,2,1989,1970,469,488,-19,1386
20097,4591,A05,0,A00,A0,A0,E0,0,0,2007,2,,0,0,,,57
20099,4591,A05,0,A00,A0,A0,E0,0,0,2007,2,,,,,,590
20103,4591,A05,0,A00,A0,A0,E0,0,0,2007,2,26,27,5,4,1,989
20111,4591,A05,0,A00,A0,A0,E0,0,0,2007,2,23,32,11,3,8,2129
20113,4591,A05,0,A00,A0,A0,E0,0,0,2007,2,75,73,5,8,-3,1249
20115,4591,A05,0,A00,A0,A0,E0,0,0,2007,2,,,,,,571
20117,4591,A05,0,A00,A0,A0,E0,0,0,2007,2,,,,,,531
20121,4591,A05,0,A00,A0,A0,E0,0,0,2007,2,,,,,,1410
20123,4591,A05,0,A00,A0,A0,E0,0,0,2007,2,,,0,,,464
20125,4591,A05,0,A00,A0,A0,E0,0,0,2007,2,74,65,33,42,-9,759
20133,4591,A05,0,A00,A0,A0,E0,0,0,2007,2,,,,,,457
20139,4591,A05,0,A00,A0,A0,E0,0,0,2007,2,,,,,,574
20143,4591,A05,0,A00,A0,A0,E0,0,0,2007,2,,,0,0,,901
20149,4591,A05,0,A00,A0,A0,E0,0,0,2007,2,,,,,,1338
20151,4591,A05,0,A00,A0,A0,E0,0,0,2007,2,,,,,,570
20153,4591,A05,0,A00,A0,A0,E0,0,0,2007,2,,,0,,,2084
20155,4591,A05,0,A00,A0,A0,E0,0,0,2007,2,104,100,15,20,-5,1494
20157,4591,A05,0,A00,A0,A0,E0,0,0,2007,2,,,0,,,553
20159,4591,A05,0,A00,A0,A0,E0,0,0,2007,2,,,,0,,306
20161,4591,A05,0,A00,A0,A0,E0,0,0,2007,2,148,186,80,41,39,1052
20169,4591,A05,0,A00,A0,A0,E0,0,0,2007,2,109,110,18,17,1,1383
20173,4591,A05,0,A00,A0,A0,E0,0,0,2007,2,1272,1231,299,340,-41,1328
20175,4591,A05,0,A00,A0,A0,E0,0,0,2007,2,,,,,,922
20177,4591,A05,0,A00,A0,A0,E0,0,0,2007,2,316,332,82,65,16,1165
20183,4591,A05,0,A00,A0,A0,E0,0,0,2007,2,,,0,,,446
20191,4591,A05,0,A00,A0,A0,E0,0,0,2007,2,,,,,,411
20193,4591,A05,0,A00,A0,A0,E0,0,0,2007,2,,,,,,454
20209,4591,A05,0,A00,A0,A0,E0,0,0,2007,2,434,400,49,83,-34,1278
20,4591,A05,0,A00,A0,A0,E0,0,0,2007,2,5374,5399,1314,1288,25,1289
20003,4591,A05,0,A00,A0,A0,E0,0,0,2007,3,,,0,0,,777
20005,4591,A05,0,A00,A0,A0,E0,0,0,2007,3,0,0,,,0,
20009,4591,A05,0,A00,A0,A0,E0,0,0,2007,3,14,15,3,,1,822
20011,4591,A05,0,A00,A0,A0,E0,0,0,2007,3,,,0,0,,58
20015,4591,A05,0,A00,A0,A0,E0,0,0,2007,3,23,23,6,5,0,1055
20029,4591,A05,0,A00,A0,A0,E0,0,0,2007,3,16,16,,,0,1149
20031,4591,A05,0,A00,A0,A0,E0,0,0,2007,3,,,0,0,,179
20035,4591,A05,0,A00,A0,A0,E0,0,0,2007,3,21,23,6,5,2,1099
20037,4591,A05,0,A00,A0,A0,E0,0,0,2007,3,30,32,5,,2,1587
20039,4591,A05,0,A00,A0,A0,E0,0,0,2007,3,,,0,0,,1121
20045,4591,A05,0,A00,A0,A0,E0,0,0,2007,3,388,372,88,103,-15,1022
20051,4591,A05,0,A00,A0,A0,E0,0,0,2007,3,94,90,18,22,-4,1188
20055,4591,A05,0,A00,A0,A0,E0,0,0,2007,3,27,34,16,9,7,1321
20057,4591,A05,0,A00,A0,A0,E0,0,0,2007,3,35,40,15,11,5,1206
20059,4591,A05,0,A00,A0,A0,E0,0,0,2007,3,,,,,,522
20061,4591,A05,0,A00,A0,A0,E0,0,0,2007,3,13,16,4,,2,2066
20073,4591,A05,0,A00,A0,A0,E0,0,0,2007,3,,,,,,534
20079,4591,A05,0,A00,A0,A0,E0,0,0,2007,3,56,49,11,18,-7,962
20085,4591,A05,0,A00,A0,A0,E0,0,0,2007,3,,,,0,,464
20091,4591,A05,0,A00,A0,A0,E0,0,0,2007,3,1971,1968,544,547,-2,1362
20099,4591,A05,0,A00,A0,A0,E0,0,0,2007,3,,,,,,624
20103,4591,A05,0,A00,A0,A0,E0,0,0,2007,3,27,21,3,9,-6,865
20111,4591,A05,0,A00,A0,A0,E0,0,0,2007,3,32,34,14,12,2,1486
20113,4591,A05,0,A00,A0,A0,E0,0,0,2007,3,73,69,14,18,-4,1258
20115,4591,A05,0,A00,A0,A0,E0,0,0,2007,3,,,,,,385
20117,4591,A05,0,A00,A0,A0,E0,0,0,2007,3,,,,,,75
20121,4591,A05,0,A00,A0,A0,E0,0,0,2007,3,6,5,,3,-1,2160
20123,4591,A05,0,A00,A0,A0,E0,0,0,2007,3,,,0,0,,596
20125,4591,A05,0,A00,A0,A0,E0,0,0,2007,3,65,49,30,46,-16,622
20133,4591,A05,0,A00,A0,A0,E0,0,0,2007,3,,,0,,,433
20139,4591,A05,0,A00,A0,A0,E0,0,0,2007,3,,,,,,598
20143,4591,A05,0,A00,A0,A0,E0,0,0,2007,3,,,0,0,,1096
20149,4591,A05,0,A00,A0,A0,E0,0,0,2007,3,,,,,,1509
20151,4591,A05,0,A00,A0,A0,E0,0,0,2007,3,,,,,,774
20153,4591,A05,0,A00,A0,A0,E0,0,0,2007,3,,,,,,2286
20155,4591,A05,0,A00,A0,A0,E0,0,0,2007,3,93,94,22,21,1,1390
20157,4591,A05,0,A00,A0,A0,E0,0,0,2007,3,,,0,0,,590
20159,4591,A05,0,A00,A0,A0,E0,0,0,2007,3,,,,0,,309
20161,4591,A05,0,A00,A0,A0,E0,0,0,2007,3,177,171,37,43,-6,1056
20169,4591,A05,0,A00,A0,A0,E0,0,0,2007,3,109,107,23,25,-2,1312
20173,4591,A05,0,A00,A0,A0,E0,0,0,2007,3,1232,1243,367,356,11,1369
20175,4591,A05,0,A00,A0,A0,E0,0,0,2007,3,,,,,,1091
20177,4591,A05,0,A00,A0,A0,E0,0,0,2007,3,332,334,98,97,1,1091
20183,4591,A05,0,A00,A0,A0,E0,0,0,2007,3,,0,0,,,489
20191,4591,A05,0,A00,A0,A0,E0,0,0,2007,3,,,,,,459
20193,4591,A05,0,A00,A0,A0,E0,0,0,2007,3,,,,,,548
20209,4591,A05,0,A00,A0,A0,E0,0,0,2007,3,400,416,113,97,16,1543
20,4591,A05,0,A00,A0,A0,E0,0,0,2007,3,5384,5384,1497,1497,0,1292
20003,4591,A05,0,A00,A0,A0,E0,0,0,2007,4,,,,0,,761
20009,4591,A05,0,A00,A0,A0,E0,0,0,2007,4,15,17,5,3,2,868
20011,4591,A05,0,A00,A0,A0,E0,0,0,2007,4,,,0,0,,58
20015,4591,A05,0,A00,A0,A0,E0,0,0,2007,4,23,25,7,5,2,1030
20029,4591,A05,0,A00,A0,A0,E0,0,0,2007,4,17,16,6,7,-1,1108
20031,4591,A05,0,A00,A0,A0,E0,0,0,2007,4,,,0,,,217
20035,4591,A05,0,A00,A0,A0,E0,0,0,2007,4,23,21,3,5,-2,2031
20037,4591,A05,0,A00,A0,A0,E0,0,0,2007,4,32,37,7,,5,1728
20039,4591,A05,0,A00,A0,A0,E0,0,0,2007,4,,,0,0,,1131
20045,4591,A05,0,A00,A0,A0,E0,0,0,2007,4,373,357,89,105,-15,1134
20051,4591,A05,0,A00,A0,A0,E0,0,0,2007,4,90,92,15,14,2,1270
20055,4591,A05,0,A00,A0,A0,E0,0,0,2007,4,34,39,14,8,5,1202
20057,4591,A05,0,A00,A0,A0,E0,0,0,2007,4,40,44,13,9,4,1284
20059,4591,A05,0,A00,A0,A0,E0,0,0,2007,4,,,0,0,,572
20061,4591,A05,0,A00,A0,A0,E0,0,0,2007,4,16,17,3,,1,1854
20073,4591,A05,0,A00,A0,A0,E0,0,0,2007,4,,,,,,417
20079,4591,A05,0,A00,A0,A0,E0,0,0,2007,4,49,50,12,12,1,1038
20085,4591,A05,0,A00,A0,A0,E0,0,0,2007,4,,,0,0,,462
20087,4591,A05,0,A00,A0,A0,E0,0,0,2007,4,0,0,,,0,
20091,4591,A05,0,A00,A0,A0,E0,0,0,2007,4,1970,2181,752,541,211,1557
20097,4591,A05,0,A00,A0,A0,E0,0,0,2007,4,0,,,0,,
20099,4591,A05,0,A00,A0,A0,E0,0,0,2007,4,,,,,,584
20103,4591,A05,0,A00,A0,A0,E0,0,0,2007,4,21,21,6,6,0,1269
20111,4591,A05,0,A00,A0,A0,E0,0,0,2007,4,34,41,10,4,6,1487
20113,4591,A05,0,A00,A0,A0,E0,0,0,2007,4,69,66,11,14,-3,1403
20115,4591,A05,0,A00,A0,A0,E0,0,0,2007,4,,,,,,553
20117,4591,A05,0,A00,A0,A0,E0,0,0,2007,4,,,,,,140
20121,4591,A05,0,A00,A0,A0,E0,0,0,2007,4,5,9,7,,4,1844
20123,4591,A05,0,A00,A0,A0,E0,0,0,2007,4,,,0,0,,632
20125,4591,A05,0,A00,A0,A0,E0,0,0,2007,4,49,22,19,46,-27,645
20133,4591,A05,0,A00,A0,A0,E0,0,0,2007,4,,,0,0,,935
20139,4591,A05,0,A00,A0,A0,E0,0,0,2007,4,,,0,0,,587
20143,4591,A05,0,A00,A0,A0,E0,0,0,2007,4,,,0,0,,1405
20149,4591,A05,0,A00,A0,A0,E0,0,0,2007,4,39,44,21,16,5,1560
20151,4591,A05,0,A00,A0,A0,E0,0,0,2007,4,,,,,,803
20153,4591,A05,0,A00,A0,A0,E0,0,0,2007,4,,,,,,1952
20155,4591,A05,0,A00,A0,A0,E0,0,0,2007,4,94,92,32,34,-2,1376
20157,4591,A05,0,A00,A0,A0,E0,0,0,2007,4,,,,,,621
20159,4591,A05,0,A00,A0,A0,E0,0,0,2007,4,,,,,,237
20161,4591,A05,0,A00,A0,A0,E0,0,0,2007,4,168,133,27,62,-35,975
20169,4591,A05,0,A00,A0,A0,E0,0,0,2007,4,108,116,31,23,8,1443
20173,4591,A05,0,A00,A0,A0,E0,0,0,2007,4,1242,1389,506,360,147,1457
20175,4591,A05,0,A00,A0,A0,E0,0,0,2007,4,,,,,,1117
20177,4591,A05,0,A00,A0,A0,E0,0,0,2007,4,334,373,153,114,39,1168
20191,4591,A05,0,A00,A0,A0,E0,0,0,2007,4,,,,,,483
20193,4591,A05,0,A00,A0,A0,E0,0,0,2007,4,,,,0,,677
20209,4591,A05,0,A00,A0,A0,E0,0,0,2007,4,416,393,71,94,-23,1368
20,4591,A05,0,A00,A0,A0,E0,0,0,2007,4,5387,5722,1844,1508,336,1395
20003,4591,A05,0,A00,A0,A0,E0,0,0,2008,1,,,,0,,506
20005,4591,A05,0,A00,A0,A0,E0,0,0,2008,1,0,,,0,,
20009,4591,A05,0,A00,A0,A0,E0,0,0,2008,1,17,16,,2,-1,828
20011,4591,A05,0,A00,A0,A0,E0,0,0,2008,1,,0,0,,,19
20015,4591,A05,0,A00,A0,A0,E0,0,0,2008,1,29,26,3,6,-3,1240
20029,4591,A05,0,A00,A0,A0,E0,0,0,2008,1,16,15,,,-1,1126
20031,4591,A05,0,A00,A0,A0,E0,0,0,2008,1,,,0,0,,232
20035,4591,A05,0,A00,A0,A0,E0,0,0,2008,1,21,24,5,3,3,1292
20037,4591,A05,0,A00,A0,A0,E0,0,0,2008,1,37,35,,3,-2,1340
20039,4591,A05,0,A00,A0,A0,E0,0,0,2008,1,,,0,0,,1083
20045,4591,A05,0,A00,A0,A0,E0,0,0,2008,1,357,336,53,74,-21,1030
20051,4591,A05,0,A00,A0,A0,E0,0,0,2008,1,92,83,3,12,-9,1067
20055,4591,A05,0,A00,A0,A0,E0,0,0,2008,1,39,37,6,8,-2,1024
20057,4591,A05,0,A00,A0,A0,E0,0,0,2008,1,44,42,5,7,-2,1125
20059,4591,A05,0,A00,A0,A0,E0,0,0,2008,1,,,,,,514
20061,4591,A05,0,A00,A0,A0,E0,0,0,2008,1,17,18,4,3,1,1663
20073,4591,A05,0,A00,A0,A0,E0,0,0,2008,1,,,,0,,404
20079,4591,A05,0,A00,A0,A0,E0,0,0,2008,1,50,44,5,11,-6,1414
20081,4591,A05,0,A00,A0,A0,E0,0,0,2008,1,0,,,0,,
20085,4591,A05,0,A00,A0,A0,E0,0,0,2008,1,,,0,0,,437
20091,4591,A05,0,A00,A0,A0,E0,0,0,2008,1,2176,1991,348,533,-185,1251
20097,4591,A05,0,A00,A0,A0,E0,0,0,2008,1,,,0,0,,447
20099,4591,A05,0,A00,A0,A0,E0,0,0,2008,1,,,,,,549
20103,4591,A05,0,A00,A0,A0,E0,0,0,2008,1,17,20,4,,3,838
20111,4591,A05,0,A00,A0,A0,E0,0,0,2008,1,40,35,4,9,-5,1215
20113,4591,A05,0,A00,A0,A0,E0,0,0,2008,1,66,70,15,10,5,1274
20115,4591,A05,0,A00,A0,A0,E0,0,0,2008,1,,,,,,1188
20117,4591,A05,0,A00,A0,A0,E0,0,0,2008,1,,,,,,682
20121,4591,A05,0,A00,A0,A0,E0,0,0,2008,1,7,6,0,,-1,272
20123,4591,A05,0,A00,A0,A0,E0,0,0,2008,1,,,0,0,,525
20125,4591,A05,0,A00,A0,A0,E0,0,0,2008,1,22,22,,,-1,463
20133,4591,A05,0,A00,A0,A0,E0,0,0,2008,1,,,0,0,,662
20137,4591,A05,0,A00,A0,A0,E0,0,0,2008,1,,,0,0,,595
20139,4591,A05,0,A00,A0,A0,E0,0,0,2008,1,,,,,,288
20143,4591,A05,0,A00,A0,A0,E0,0,0,2008,1,,,0,,,1240
20149,4591,A05,0,A00,A0,A0,E0,0,0,2008,1,44,40,8,13,-4,1240
20151,4591,A05,0,A00,A0,A0,E0,0,0,2008,1,,,,,,609
20153,4591,A05,0,A00,A0,A0,E0,0,0,2008,1,,,,0,,2275
20155,4591,A05,0,A00,A0,A0,E0,0,0,2008,1,92,97,14,10,4,1415
20157,4591,A05,0,A00,A0,A0,E0,0,0,2008,1,,,,0,,484
20159,4591,A05,0,A00,A0,A0,E0,0,0,2008,1,,,,,,339
20161,4591,A05,0,A00,A0,A0,E0,0,0,2008,1,133,132,19,20,-1,1110
20169,4591,A05,0,A00,A0,A0,E0,0,0,2008,1,116,107,14,23,-9,1285
20173,4591,A05,0,A00,A0,A0,E0,0,0,2008,1,1406,1346,341,401,-60,1416
20175,4591,A05,0,A00,A0,A0,E0,0,0,2008,1,,,,,,982
20177,4591,A05,0,A00,A0,A0,E0,0,0,2008,1,373,352,71,93,-21,974
20191,4591,A05,0,A00,A0,A0,E0,0,0,2008,1,,,,,,537
20193,4591,A05,0,A00,A0,A0,E0,0,0,2008,1,,,,,,474
20209,4591,A05,0,A00,A0,A0,E0,0,0,2008,1,393,340,9,62,-53,1540
20,4591,A05,0,A00,A0,A0,E0,0,0,2008,1,5736,5367,968,1337,-369,1259
20003,4591,A05,0,A00,A0,A0,E0,0,0,2008,2,,,,,,452
20005,4591,A05,0,A00,A0,A0,E0,0,0,2008,2,,,0,0,,258
20009,4591,A05,0,A00,A0,A0,E0,0,0,2008,2,16,15,3,4,-1,1087
20015,4591,A05,0,A00,A0,A0,E0,0,0,2008,2,26,26,6,5,0,1500
20029,4591,A05,0,A00,A0,A0,E0,0,0,2008,2,15,14,3,5,-1,1073
20031,4591,A05,0,A00,A0,A0,E0,0,0,2008,2,,,0,0,,203
20035,4591,A05,0,A00,A0,A0,E0,0,0,2008,2,25,26,6,5,1,1287
20037,4591,A05,0,A00,A0,A0,E0,0,0,2008,2,35,35,5,5,1,1532
20039,4591,A05,0,A00,A0,A0,E0,0,0,2008,2,,,0,0,,1153
20045,4591,A05,0,A00,A0,A0,E0,0,0,2008,2,336,377,116,74,41,1229
20051,4591,A05,0,A00,A0,A0,E0,0,0,2008,2,83,90,26,19,7,1311
20055,4591,A05,0,A00,A0,A0,E0,0,0,2008,2,37,31,7,13,-6,1255
20057,4591,A05,0,A00,A0,A0,E0,0,0,2008,2,42,44,13,11,2,1145
20059,4591,A05,0,A00,A0,A0,E0,0,0,2008,2,,,,,,511
20061,4591,A05,0,A00,A0,A0,E0,0,0,2008,2,18,12,7,13,-6,1649
20073,4591,A05,0,A00,A0,A0,E0,0,0,2008,2,,,0,0,,440
20079,4591,A05,0,A00,A0,A0,E0,0,0,2008,2,44,47,10,7,3,1034
20081,4591,A05,0,A00,A0,A0,E0,0,0,2008,2,,,0,0,,1296
20085,4591,A05,0,A00,A0,A0,E0,0,0,2008,2,,,0,0,,598
20087,4591,A05,0,A00,A0,A0,E0,0,0,2008,2,0,,,0,,
20091,4591,A05,0,A00,A0,A0,E0,0,0,2008,2,1989,1934,403,458,-55,1353
20097,4591,A05,0,A00,A0,A0,E0,0,0,2008,2,,,0,0,,310
20099,4591,A05,0,A00,A0,A0,E0,0,0,2008,2,,,,,,581
20103,4591,A05,0,A00,A0,A0,E0,0,0,2008,2,20,21,7,5,1,691
20111,4591,A05,0,A00,A0,A0,E0,0,0,2008,2,35,39,12,9,4,1598
20113,4591,A05,0,A00,A0,A0,E0,0,0,2008,2,70,65,4,9,-5,1284
20115,4591,A05,0,A00,A0,A0,E0,0,0,2008,2,,,,,,195
20117,4591,A05,0,A00,A0,A0,E0,0,0,2008,2,,,,,,854
20121,4591,A05,0,A00,A0,A0,E0,0,0,2008,2,,,0,0,,507
20123,4591,A05,0,A00,A0,A0,E0,0,0,2008,2,,,0,0,,545
20125,4591,A05,0,A00,A0,A0,E0,0,0,2008,2,22,20,5,7,-2,549
20133,4591,A05,0,A00,A0,A0,E0,0,0,2008,2,,,0,0,,662
20137,4591,A05,0,A00,A0,A0,E0,0,0,2008,2,,,,,,653
20139,4591,A05,0,A00,A0,A0,E0,0,0,2008,2,,,0,0,,685
20143,4591,A05,0,A00,A0,A0,E0,0,0,2008,2,,,0,0,,1836
20149,4591,A05,0,A00,A0,A0,E0,0,0,2008,2,40,39,10,10,0,1435
20151,4591,A05,0,A00,A0,A0,E0,0,0,2008,2,,,,,,581
20153,4591,A05,0,A00,A0,A0,E0,0,0,2008,2,,,0,0,,1982
20155,4591,A05,0,A00,A0,A0,E0,0,0,2008,2,97,92,15,20,-5,1365
20157,4591,A05,0,A00,A0,A0,E0,0,0,2008,2,,,0,0,,637
20159,4591,A05,0,A00,A0,A0,E0,0,0,2008,2,,,,,,328
20161,4591,A05,0,A00,A0,A0,E0,0,0,2008,2,132,164,64,33,31,1181
20169,4591,A05,0,A00,A0,A0,E0,0,0,2008,2,107,109,24,21,2,1395
20173,4591,A05,0,A00,A0,A0,E0,0,0,2008,2,1342,1303,339,378,-39,1404
20175,4591,A05,0,A00,A0,A0,E0,0,0,2008,2,,,,,,1140
20177,4591,A05,0,A00,A0,A0,E0,0,0,2008,2,352,357,107,101,6,1074
20191,4591,A05,0,A00,A0,A0,E0,0,0,2008,2,,,,,,392
20193,4591,A05,0,A00,A0,A0,E0,0,0,2008,2,,,,,,624
20209,4591,A05,0,A00,A0,A0,E0,0,0,2008,2,350,318,25,58,-32,1395
20,4591,A05,0,A00,A0,A0,E0,0,0,2008,2,5373,5319,1243,1297,-54,1314
20003,4591,A05,0,A00,A0,A0,E0,0,0,2008,3,,,,,,680
20005,4591,A05,0,A00,A0,A0,E0,0,0,2008,3,,0,0,,,330
20009,4591,A05,0,A00,A0,A0,E0,0,0,2008,3,15,17,9,7,2,597
20015,4591,A05,0,A00,A0,A0,E0,0,0,2008,3,26,27,5,4,0,1316
20029,4591,A05,0,A00,A0,A0,E0,0,0,2008,3,14,17,7,4,3,1290
20031,4591,A05,0,A00,A0,A0,E0,0,0,2008,3,,,0,0,,260
20035,4591,A05,0,A00,A0,A0,E0,0,0,2008,3,26,24,3,5,-2,1315
20037,4591,A05,0,A00,A0,A0,E0,0,0,2008,3,35,33,5,8,-3,1330
20039,4591,A05,0,A00,A0,A0,E0,0,0,2008,3,,,,0,,1151
20045,4591,A05,0,A00,A0,A0,E0,0,0,2008,3,377,371,95,102,-7,1093
20051,4591,A05,0,A00,A0,A0,E0,0,0,2008,3,90,87,19,22,-3,1137
20055,4591,A05,0,A00,A0,A0,E0,0,0,2008,3,31,30,8,8,-1,1266
20057,4591,A05,0,A00,A0,A0,E0,0,0,2008,3,44,42,13,16,-3,1047
20059,4591,A05,0,A00,A0,A0,E0,0,0,2008,3,,,0,,,445
20061,4591,A05,0,A00,A0,A0,E0,0,0,2008,3,12,16,10,6,3,1384
20073,4591,A05,0,A00,A0,A0,E0,0,0,2008,3,,,0,,,324
20079,4591,A05,0,A00,A0,A0,E0,0,0,2008,3,47,44,3,7,-4,912
20081,4591,A05,0,A00,A0,A0,E0,0,0,2008,3,,,0,0,,1105
20085,4591,A05,0,A00,A0,A0,E0,0,0,2008,3,,,0,0,,490
20087,4591,A05,0,A00,A0,A0,E0,0,0,2008,3,,,0,0,,582
20091,4591,A05,0,A00,A0,A0,E0,0,0,2008,3,1947,1904,442,484,-42,1391
20097,4591,A05,0,A00,A0,A0,E0,0,0,2008,3,,,0,0,,290
20099,4591,A05,0,A00,A0,A0,E0,0,0,2008,3,,,,,,656
20103,4591,A05,0,A00,A0,A0,E0,0,0,2008,3,21,21,4,4,-1,1073
20111,4591,A05,0,A00,A0,A0,E0,0,0,2008,3,38,37,9,10,-1,1142
20113,4591,A05,0,A00,A0,A0,E0,0,0,2008,3,65,68,10,7,3,1387
20115,4591,A05,0,A00,A0,A0,E0,0,0,2008,3,,,,,,445
20117,4591,A05,0,A00,A0,A0,E0,0,0,2008,3,,0,0,,,183
20121,4591,A05,0,A00,A0,A0,E0,0,0,2008,3,,,0,,,324
20123,4591,A05,0,A00,A0,A0,E0,0,0,2008,3,,,0,0,,525
20125,4591,A05,0,A00,A0,A0,E0,0,0,2008,3,20,19,7,8,-1,355
20133,4591,A05,0,A00,A0,A0,E0,0,0,2008,3,,,0,0,,662
20137,4591,A05,0,A00,A0,A0,E0,0,0,2008,3,,,0,,,608
20139,4591,A05,0,A00,A0,A0,E0,0,0,2008,3,,,,0,,735
20143,4591,A05,0,A00,A0,A0,E0,0,0,2008,3,,,0,,,1371
20149,4591,A05,0,A00,A0,A0,E0,0,0,2008,3,39,41,12,10,2,1384
20151,4591,A05,0,A00,A0,A0,E0,0,0,2008,3,,,,,,743
20153,4591,A05,0,A00,A0,A0,E0,0,0,2008,3,,,,,,2119
20155,4591,A05,0,A00,A0,A0,E0,0,0,2008,3,92,92,19,19,0,1484
20157,4591,A05,0,A00,A0,A0,E0,0,0,2008,3,,,0,0,,488
20159,4591,A05,0,A00,A0,A0,E0,0,0,2008,3,,,,,,306
20161,4591,A05,0,A00,A0,A0,E0,0,0,2008,3,164,157,44,51,-7,1168
20169,4591,A05,0,A00,A0,A0,E0,0,0,2008,3,107,109,19,17,1,1330
20173,4591,A05,0,A00,A0,A0,E0,0,0,2008,3,1290,1276,326,340,-14,1374
20175,4591,A05,0,A00,A0,A0,E0,0,0,2008,3,,,,,,922
20177,4591,A05,0,A00,A0,A0,E0,0,0,2008,3,358,364,101,95,6,1076
20183,4591,A05,0,A00,A0,A0,E0,0,0,2008,3,0,,,0,,
20191,4591,A05,0,A00,A0,A0,E0,0,0,2008,3,,,0,,,477
20193,4591,A05,0,A00,A0,A0,E0,0,0,2008,3,,,,,,389
20209,4591,A05,0,A00,A0,A0,E0,0,0,2008,3,318,328,97,87,10,1697
20,4591,A05,0,A00,A0,A0,E0,0,0,2008,3,5318,5252,1292,1358,-66,1317
20003,4591,A05,0,A00,A0,A0,E0,0,0,2008,4,,,0,0,,757
20005,4591,A05,0,A00,A0,A0,E0,0,0,2008,4,0,,,0,,
20009,4591,A05,0,A00,A0,A0,E0,0,0,2008,4,17,19,8,6,2,779
20015,4591,A05,0,A00,A0,A0,E0,0,0,2008,4,27,33,11,4,7,1470
20029,4591,A05,0,A00,A0,A0,E0,0,0,2008,4,17,15,,5,-2,1132
20031,4591,A05,0,A00,A0,A0,E0,0,0,2008,4,,,0,,,247
20035,4591,A05,0,A00,A0,A0,E0,0,0,2008,4,24,32,15,7,8,1643
20037,4591,A05,0,A00,A0,A0,E0,0,0,2008,4,33,34,6,5,1,1643
20039,4591,A05,0,A00,A0,A0,E0,0,0,2008,4,,,0,,,1165
20045,4591,A05,0,A00,A0,A0,E0,0,0,2008,4,371,352,69,88,-19,1167
20051,4591,A05,0,A00,A0,A0,E0,0,0,2008,4,87,85,12,14,-2,1368
20055,4591,A05,0,A00,A0,A0,E0,0,0,2008,4,30,35,14,9,6,1276
20057,4591,A05,0,A00,A0,A0,E0,0,0,2008,4,41,44,15,13,3,1340
20059,4591,A05,0,A00,A0,A0,E0,0,0,2008,4,,,0,0,,509
20061,4591,A05,0,A00,A0,A0,E0,0,0,2008,4,16,17,6,5,1,1650
20073,4591,A05,0,A00,A0,A0,E0,0,0,2008,4,,,0,0,,401
20079,4591,A05,0,A00,A0,A0,E0,0,0,2008,4,44,44,7,6,1,1078
20081,4591,A05,0,A00,A0,A0,E0,0,0,2008,4,,,0,0,,1326
20085,4591,A05,0,A00,A0,A0,E0,0,0,2008,4,,,,0,,423
20087,4591,A05,0,A00,A0,A0,E0,0,0,2008,4,,,0,0,,872
20091,4591,A05,0,A00,A0,A0,E0,0,0,2008,4,1905,2090,687,502,185,1473
20097,4591,A05,0,A00,A0,A0,E0,0,0,2008,4,,,0,0,,253
20099,4591,A05,0,A00,A0,A0,E0,0,0,2008,4,,,,,,660
20103,4591,A05,0,A00,A0,A0,E0,0,0,2008,4,21,21,3,3,1,942
20111,4591,A05,0,A00,A0,A0,E0,0,0,2008,4,37,36,9,10,-2,1397
20113,4591,A05,0,A00,A0,A0,E0,0,0,2008,4,68,70,12,10,2,1463
20115,4591,A05,0,A00,A0,A0,E0,0,0,2008,4,,,,,,581
20121,4591,A05,0,A00,A0,A0,E0,0,0,2008,4,,,,,,351
20123,4591,A05,0,A00,A0,A0,E0,0,0,2008,4,,,,0,,602
20125,4591,A05,0,A00,A0,A0,E0,0,0,2008,4,19,19,3,3,0,442
20133,4591,A05,0,A00,A0,A0,E0,0,0,2008,4,,0,0,,,662
20137,4591,A05,0,A00,A0,A0,E0,0,0,2008,4,,,0,0,,865
20139,4591,A05,0,A00,A0,A0,E0,0,0,2008,4,,,0,,,599
20143,4591,A05,0,A00,A0,A0,E0,0,0,2008,4,,,0,0,,1541
20149,4591,A05,0,A00,A0,A0,E0,0,0,2008,4,41,46,16,11,5,1627
20151,4591,A05,0,A00,A0,A0,E0,0,0,2008,4,,,,,,838
20153,4591,A05,0,A00,A0,A0,E0,0,0,2008,4,,,0,0,,2365
20155,4591,A05,0,A00,A0,A0,E0,0,0,2008,4,92,95,27,24,3,1617
20157,4591,A05,0,A00,A0,A0,E0,0,0,2008,4,,,0,0,,486
20159,4591,A05,0,A00,A0,A0,E0,0,0,2008,4,,,,,,442
20161,4591,A05,0,A00,A0,A0,E0,0,0,2008,4,157,140,23,39,-16,1068
20169,4591,A05,0,A00,A0,A0,E0,0,0,2008,4,111,117,27,21,6,1483
20173,4591,A05,0,A00,A0,A0,E0,0,0,2008,4,1277,1386,431,321,110,1503
20175,4591,A05,0,A00,A0,A0,E0,0,0,2008,4,,,,,,1071
20177,4591,A05,0,A00,A0,A0,E0,0,0,2008,4,363,401,135,98,37,1180
20183,4591,A05,0,A00,A0,A0,E0,0,0,2008,4,,,0,0,,1059
20191,4591,A05,0,A00,A0,A0,E0,0,0,2008,4,,,0,,,300
20193,4591,A05,0,A00,A0,A0,E0,0,0,2008,4,,,,,,752
20209,4591,A05,0,A00,A0,A0,E0,0,0,2008,4,328,391,116,53,63,1607
20,4591,A05,0,A00,A0,A0,E0,0,0,2008,4,5255,5654,1680,1281,399,1409
20003,4591,A05,0,A00,A0,A0,E0,0,0,2009,1,,,0,0,,693
20005,4591,A05,0,A00,A0,A0,E0,0,0,2009,1,,,0,0,,172
20009,4591,A05,0,A00,A0,A0,E0,0,0,2009,1,19,17,4,6,-2,1038
20015,4591,A05,0,A00,A0,A0,E0,0,0,2009,1,33,31,4,6,-2,1161
20029,4591,A05,0,A00,A0,A0,E0,0,0,2009,1,15,13,6,8,-2,1052
20031,4591,A05,0,A00,A0,A0,E0,0,0,2009,1,,,0,,,337
20035,4591,A05,0,A00,A0,A0,E0,0,0,2009,1,32,32,6,6,0,1028
20037,4591,A05,0,A00,A0,A0,E0,0,0,2009,1,34,33,7,8,-1,1667
20039,4591,A05,0,A00,A0,A0,E0,0,0,2009,1,,,,0,,1095
20045,4591,A05,0,A00,A0,A0,E0,0,0,2009,1,351,337,31,45,-14,1192
20051,4591,A05,0,A00,A0,A0,E0,0,0,2009,1,80,76,8,12,-4,1264
20055,4591,A05,0,A00,A0,A0,E0,0,0,2009,1,35,32,6,9,-3,1176
20057,4591,A05,0,A00,A0,A0,E0,0,0,2009,1,39,38,6,7,-1,1853
20059,4591,A05,0,A00,A0,A0,E0,0,0,2009,1,,,,,,537
20061,4591,A05,0,A00,A0,A0,E0,0,0,2009,1,17,21,7,3,4,2272
20065,4591,A05,0,A00,A0,A0,E0,0,0,2009,1,0,,,0,,
20073,4591,A05,0,A00,A0,A0,E0,0,0,2009,1,,,0,0,,398
20079,4591,A05,0,A00,A0,A0,E0,0,0,2009,1,44,44,3,3,0,1343
20081,4591,A05,0,A00,A0,A0,E0,0,0,2009,1,,,0,0,,1326
20085,4591,A05,0,A00,A0,A0,E0,0,0,2009,1,,,0,0,,464
20087,4591,A05,0,A00,A0,A0,E0,0,0,2009,1,,,0,0,,582
20089,4591,A05,0,A00,A0,A0,E0,0,0,2009,1,0,,,0,,
20091,4591,A05,0,A00,A0,A0,E0,0,0,2009,1,2119,1893,256,483,-226,1392
20097,4591,A05,0,A00,A0,A0,E0,0,0,2009,1,,,,0,,182
20099,4591,A05,0,A00,A0,A0,E0,0,0,2009,1,,,0,0,,697
20103,4591,A05,0,A00,A0,A0,E0,0,0,2009,1,21,27,7,,5,1100
20111,4591,A05,0,A00,A0,A0,E0,0,0,2009,1,36,35,6,7,-1,1085
20113,4591,A05,0,A00,A0,A0,E0,0,0,2009,1,70,59,14,24,-11,1245
20115,4591,A05,0,A00,A0,A0,E0,0,0,2009,1,,,,,,592
20121,4591,A05,0,A00,A0,A0,E0,0,0,2009,1,,,0,0,,382
20123,4591,A05,0,A00,A0,A0,E0,0,0,2009,1,,,0,,,425
20125,4591,A05,0,A00,A0,A0,E0,0,0,2009,1,19,16,4,6,-2,465
20137,4591,A05,0,A00,A0,A0,E0,0,0,2009,1,,,0,0,,770
20139,4591,A05,0,A00,A0,A0,E0,0,0,2009,1,,,0,,,596
20143,4591,A05,0,A00,A0,A0,E0,0,0,2009,1,,,0,0,,1709
20149,4591,A05,0,A00,A0,A0,E0,0,0,2009,1,31,33,7,5,2,1844
20151,4591,A05,0,A00,A0,A0,E0,0,0,2009,1,,,,,,808
20153,4591,A05,0,A00,A0,A0,E0,0,0,2009,1,,,,,,2276
20155,4591,A05,0,A00,A0,A0,E0,0,0,2009,1,92,89,11,14,-3,1880
20157,4591,A05,0,A00,A0,A0,E0,0,0,2009,1,,,,0,,428
20159,4591,A05,0,A00,A0,A0,E0,0,0,2009,1,,,0,,,436
20161,4591,A05,0,A00,A0,A0,E0,0,0,2009,1,138,139,22,21,0,1237
20169,4591,A05,0,A00,A0,A0,E0,0,0,2009,1,114,102,9,21,-12,1650
20173,4591,A05,0,A00,A0,A0,E0,0,0,2009,1,1210,1126,188,272,-84,1273
20175,4591,A05,0,A00,A0,A0,E0,0,0,2009,1,,,,,,982
20177,4591,A05,0,A00,A0,A0,E0,0,0,2009,1,399,338,45,106,-61,1130
20183,4591,A05,0,A00,A0,A0,E0,0,0,2009,1,,,0,0,,897
20191,4591,A05,0,A00,A0,A0,E0,0,0,2009,1,,,,,,160
20193,4591,A05,0,A00,A0,A0,E0,0,0,2009,1,,,,,,451
20203,4591,A05,0,A00,A0,A0,E0,0,0,2009,1,0,,,0,,
20209,4591,A05,0,A00,A0,A0,E0,0,0,2009,1,391,361,35,66,-30,1553
20,4591,A05,0,A00,A0,A0,E0,0,0,2009,1,5475,5030,717,1161,-444,1335
20003,4591,A05,0,A00,A0,A0,E0,0,0,2009,2,,,0,0,,770
20005,4591,A05,0,A00,A0,A0,E0,0,0,2009,2,,,0,0,,279
20009,4591,A05,0,A00,A0,A0,E0,0,0,2009,2,17,17,6,6,0,1019
20015,4591,A05,0,A00,A0,A0,E0,0,0,2009,2,31,27,4,7,-4,1343
20029,4591,A05,0,A00,A0,A0,E0,0,0,2009,2,13,16,3,0,3,1188
20031,4591,A05,0,A00,A0,A0,E0,0,0,2009,2,,,0,0,,491
20035,4591,A05,0,A00,A0,A0,E0,0,0,2009,2,32,31,9,10,-1,1296
20037,4591,A05,0,A00,A0,A0,E0,0,0,2009,2,33,33,6,6,0,1441
20039,4591,A05,0,A00,A0,A0,E0,0,0,2009,2,,,0,,,1008
20045,4591,A05,0,A00,A0,A0,E0,0,0,2009,2,337,391,109,55,54,1287
20051,4591,A05,0,A00,A0,A0,E0,0,0,2009,2,76,81,21,16,5,1310
20055,4591,A05,0,A00,A0,A0,E0,0,0,2009,2,32,29,6,10,-3,1337
20057,4591,A05,0,A00,A0,A0,E0,0,0,2009,2,34,32,4,6,-2,1234
20059,4591,A05,0,A00,A0,A0,E0,0,0,2009,2,,,,0,,502
20061,4591,A05,0,A00,A0,A0,E0,0,0,2009,2,21,18,3,6,-3,1808
20073,4591,A05,0,A00,A0,A0,E0,0,0,2009,2,,,,0,,431
20079,4591,A05,0,A00,A0,A0,E0,0,0,2009,2,44,49,10,5,5,1178
20081,4591,A05,0,A00,A0,A0,E0,0,0,2009,2,,,0,0,,442
20085,4591,A05,0,A00,A0,A0,E0,0,0,2009,2,,,0,0,,653
20087,4591,A05,0,A00,A0,A0,E0,0,0,2009,2,,,0,0,,582
20089,4591,A05,0,A00,A0,A0,E0,0,0,2009,2,,,0,0,,598
20091,4591,A05,0,A00,A0,A0,E0,0,0,2009,2,1894,1879,275,290,-15,1434
20097,4591,A05,0,A00,A0,A0,E0,0,0,2009,2,,,0,0,,279
20099,4591,A05,0,A00,A0,A0,E0,0,0,2009,2,,,,,,645
20103,4591,A05,0,A00,A0,A0,E0,0,0,2009,2,27,28,7,6,1,1116
20111,4591,A05,0,A00,A0,A0,E0,0,0,2009,2,35,33,8,9,-1,1249
20113,4591,A05,0,A00,A0,A0,E0,0,0,2009,2,59,50,11,19,-9,1414
20115,4591,A05,0,A00,A0,A0,E0,0,0,2009,2,,,,,,603
20121,4591,A05,0,A00,A0,A0,E0,0,0,2009,2,,,0,0,,465
20123,4591,A05,0,A00,A0,A0,E0,0,0,2009,2,,,,,,210
20125,4591,A05,0,A00,A0,A0,E0,0,0,2009,2,16,15,4,6,-1,545
20127,4591,A05,0,A00,A0,A0,E0,0,0,2009,2,0,,,0,,
20137,4591,A05,0,A00,A0,A0,E0,0,0,2009,2,,,0,0,,871
20139,4591,A05,0,A00,A0,A0,E0,0,0,2009,2,,,0,,,452
20143,4591,A05,0,A00,A0,A0,E0,0,0,2009,2,,,0,0,,1892
20149,4591,A05,0,A00,A0,A0,E0,0,0,2009,2,46,43,6,10,-4,1505
20151,4591,A05,0,A00,A0,A0,E0,0,0,2009,2,,,,0,,724
20153,4591,A05,0,A00,A0,A0,E0,0,0,2009,2,,,0,,,1892
20155,4591,A05,0,A00,A0,A0,E0,0,0,2009,2,87,90,14,11,3,1595
20157,4591,A05,0,A00,A0,A0,E0,0,0,2009,2,,,0,0,,472
20159,4591,A05,0,A00,A0,A0,E0,0,0,2009,2,,,,,,486
20161,4591,A05,0,A00,A0,A0,E0,0,0,2009,2,126,145,49,30,19,1149
20169,4591,A05,0,A00,A0,A0,E0,0,0,2009,2,101,101,17,17,0,1424
20173,4591,A05,0,A00,A0,A0,E0,0,0,2009,2,1131,1081,211,261,-51,1274
20175,4591,A05,0,A00,A0,A0,E0,0,0,2009,2,,,,,,1073
20177,4591,A05,0,A00,A0,A0,E0,0,0,2009,2,336,338,68,66,2,1140
20183,4591,A05,0,A00,A0,A0,E0,0,0,2009,2,,,0,0,,897
20191,4591,A05,0,A00,A0,A0,E0,0,0,2009,2,,,,,,453
20193,4591,A05,0,A00,A0,A0,E0,0,0,2009,2,,,,,,523
20203,4591,A05,0,A00,A0,A0,E0,0,0,2009,2,,,0,0,,344
20209,4591,A05,0,A00,A0,A0,E0,0,0,2009,2,361,328,16,49,-33,1332
20,4591,A05,0,A00,A0,A0,E0,0,0,2009,2,5024,4992,897,928,-32,1325
20003,4591,A05,0,A00,A0,A0,E0,0,0,2009,3,,,0,0,,853
20005,4591,A05,0,A00,A0,A0,E0,0,0,2009,3,,,0,0,,227
20009,4591,A05,0,A00,A0,A0,E0,0,0,2009,3,17,16,4,5,-1,946
20015,4591,A05,0,A00,A0,A0,E0,0,0,2009,3,27,26,,4,-2,1273
20029,4591,A05,0,A00,A0,A0,E0,0,0,2009,3,16,16,,,0,1087
20031,4591,A05,0,A00,A0,A0,E0,0,0,2009,3,,,0,0,,538
20035,4591,A05,0,A00,A0,A0,E0,0,0,2009,3,31,28,5,9,-3,1300
20037,4591,A05,0,A00,A0,A0,E0,0,0,2009,3,33,33,3,4,0,1497
20039,4591,A05,0,A00,A0,A0,E0,0,0,2009,3,,,,0,,1196
20045,4591,A05,0,A00,A0,A0,E0,0,0,2009,3,390,381,75,85,-9,1101
20051,4591,A05,0,A00,A0,A0,E0,0,0,2009,3,81,82,12,11,1,1252
20055,4591,A05,0,A00,A0,A0,E0,0,0,2009,3,29,28,8,9,-1,1549
20057,4591,A05,0,A00,A0,A0,E0,0,0,2009,3,32,31,7,7,0,1302
20059,4591,A05,0,A00,A0,A0,E0,0,0,2009,3,,,0,,,548
20061,4591,A05,0,A00,A0,A0,E0,0,0,2009,3,18,22,9,4,5,1544
20073,4591,A05,0,A00,A0,A0,E0,0,0,2009,3,,,,,,355
20079,4591,A05,0,A00,A0,A0,E0,0,0,2009,3,49,46,,6,-3,1021
20081,4591,A05,0,A00,A0,A0,E0,0,0,2009,3,,0,0,,,1105
20085,4591,A05,0,A00,A0,A0,E0,0,0,2009,3,,,0,0,,438
20087,4591,A05,0,A00,A0,A0,E0,0,0,2009,3,,,0,0,,582
20089,4591,A05,0,A00,A0,A0,E0,0,0,2009,3,,,0,0,,571
20091,4591,A05,0,A00,A0,A0,E0,0,0,2009,3,1904,1886,369,388,-18,1397
20097,4591,A05,0,A00,A0,A0,E0,0,0,2009,3,,,0,0,,298
20099,4591,A05,0,A00,A0,A0,E0,0,0,2009,3,,,,,,687
20103,4591,A05,0,A00,A0,A0,E0,0,0,2009,3,28,29,10,9,1,1179
20111,4591,A05,0,A00,A0,A0,E0,0,0,2009,3,34,39,14,9,5,1189
20113,4591,A05,0,A00,A0,A0,E0,0,0,2009,3,50,50,8,9,0,1334
20115,4591,A05,0,A00,A0,A0,E0,0,0,2009,3,,,,,,717
20121,4591,A05,0,A00,A0,A0,E0,0,0,2009,3,,,0,0,,426
20123,4591,A05,0,A00,A0,A0,E0,0,0,2009,3,,,,0,,347
20125,4591,A05,0,A00,A0,A0,E0,0,0,2009,3,15,17,6,3,2,633
20127,4591,A05,0,A00,A0,A0,E0,0,0,2009,3,,,0,0,,480
20137,4591,A05,0,A00,A0,A0,E0,0,0,2009,3,,,0,0,,902
20139,4591,A05,0,A00,A0,A0,E0,0,0,2009,3,,,,,,362
20143,4591,A05,0,A00,A0,A0,E0,0,0,2009,3,,,0,0,,2075
20149,4591,A05,0,A00,A0,A0,E0,0,0,2009,3,43,41,7,8,-1,1626
20151,4591,A05,0,A00,A0,A0,E0,0,0,2009,3,,,,,,752
20153,4591,A05,0,A00,A0,A0,E0,0,0,2009,3,,,0,0,,2636
20155,4591,A05,0,A00,A0,A0,E0,0,0,2009,3,90,82,11,19,-8,1515
20157,4591,A05,0,A00,A0,A0,E0,0,0,2009,3,,,0,0,,552
20159,4591,A05,0,A00,A0,A0,E0,0,0,2009,3,,,,,,532
20161,4591,A05,0,A00,A0,A0,E0,0,0,2009,3,143,140,38,41,-3,1170
20169,4591,A05,0,A00,A0,A0,E0,0,0,2009,3,99,103,20,16,4,1354
20173,4591,A05,0,A00,A0,A0,E0,0,0,2009,3,1067,1082,236,220,16,1316
20175,4591,A05,0,A00,A0,A0,E0,0,0,2009,3,,,,,,1125
20177,4591,A05,0,A00,A0,A0,E0,0,0,2009,3,333,338,81,76,5,1119
20183,4591,A05,0,A00,A0,A0,E0,0,0,2009,3,,0,0,,,897
20191,4591,A05,0,A00,A0,A0,E0,0,0,2009,3,,,,,,346
20193,4591,A05,0,A00,A0,A0,E0,0,0,2009,3,,,,,,518
20203,4591,A05,0,A00,A0,A0,E0,0,0,2009,3,,,0,0,,406
20209,4591,A05,0,A00,A0,A0,E0,0,0,2009,3,328,324,38,42,-5,1742
20,4591,A05,0,A00,A0,A0,E0,0,0,2009,3,4993,4981,996,1009,-13,1330
20003,4591,A05,0,A00,A0,A0,E0,0,0,2009,4,,,0,0,,773
20005,4591,A05,0,A00,A0,A0,E0,0,0,2009,4,,,0,0,,252
20009,4591,A05,0,A00,A0,A0,E0,0,0,2009,4,16,16,5,5,0,1193
20015,4591,A05,0,A00,A0,A0,E0,0,0,2009,4,26,28,7,5,2,1581
20029,4591,A05,0,A00,A0,A0,E0,0,0,2009,4,16,15,,,-1,1227
20031,4591,A05,0,A00,A0,A0,E0,0,0,2009,4,,,0,0,,555
20035,4591,A05,0,A00,A0,A0,E0,0,0,2009,4,28,29,5,4,1,4422
20037,4591,A05,0,A00,A0,A0,E0,0,0,2009,4,33,33,4,4,0,1673
20039,4591,A05,0,A00,A0,A0,E0,0,0,2009,4,,,0,,,1070
20045,4591,A05,0,A00,A0,A0,E0,0,0,2009,4,381,358,71,94,-23,1225
20051,4591,A05,0,A00,A0,A0,E0,0,0,2009,4,82,79,10,13,-3,1440
20055,4591,A05,0,A00,A0,A0,E0,0,0,2009,4,28,31,14,10,4,1430
20057,4591,A05,0,A00,A0,A0,E0,0,0,2009,4,32,37,12,7,5,1587
20059,4591,A05,0,A00,A0,A0,E0,0,0,2009,4,,,0,0,,588
20061,4591,A05,0,A00,A0,A0,E0,0,0,2009,4,22,25,8,5,3,1569
20073,4591,A05,0,A00,A0,A0,E0,0,0,2009,4,,,0,,,414
20079,4591,A05,0,A00,A0,A0,E0,0,0,2009,4,46,39,6,14,-7,1199
20081,4591,A05,0,A00,A0,A0,E0,0,0,2009,4,0,0,,,0,
20085,4591,A05,0,A00,A0,A0,E0,0,0,2009,4,,,,,,393
20087,4591,A05,0,A00,A0,A0,E0,0,0,2009,4,,,0,0,,582
20089,4591,A05,0,A00,A0,A0,E0,0,0,2009,4,,,0,0,,434
20091,4591,A05,0,A00,A0,A0,E0,0,0,2009,4,1878,1985,612,505,106,1562
20097,4591,A05,0,A00,A0,A0,E0,0,0,2009,4,,,0,0,,165
20099,4591,A05,0,A00,A0,A0,E0,0,0,2009,4,,,,,,703
20103,4591,A05,0,A00,A0,A0,E0,0,0,2009,4,29,31,4,,2,1370
20111,4591,A05,0,A00,A0,A0,E0,0,0,2009,4,39,38,10,10,0,1355
20113,4591,A05,0,A00,A0,A0,E0,0,0,2009,4,50,53,10,7,3,1366
20115,4591,A05,0,A00,A0,A0,E0,0,0,2009,4,,,,,,457
20121,4591,A05,0,A00,A0,A0,E0,0,0,2009,4,,,,0,,336
20123,4591,A05,0,A00,A0,A0,E0,0,0,2009,4,,,,,,515
20125,4591,A05,0,A00,A0,A0,E0,0,0,2009,4,17,17,5,5,0,564
20127,4591,A05,0,A00,A0,A0,E0,0,0,2009,4,,,0,0,,480
20137,4591,A05,0,A00,A0,A0,E0,0,0,2009,4,,,0,,,842
20139,4591,A05,0,A00,A0,A0,E0,0,0,2009,4,,,0,,,205
20143,4591,A05,0,A00,A0,A0,E0,0,0,2009,4,,,0,0,,1944
20149,4591,A05,0,A00,A0,A0,E0,0,0,2009,4,41,51,17,7,10,2061
20151,4591,A05,0,A00,A0,A0,E0,0,0,2009,4,,,,,,776
20153,4591,A05,0,A00,A0,A0,E0,0,0,2009,4,,,,,,2836
20155,4591,A05,0,A00,A0,A0,E0,0,0,2009,4,82,86,16,11,4,1826
20157,4591,A05,0,A00,A0,A0,E0,0,0,2009,4,,,0,,,567
20159,4591,A05,0,A00,A0,A0,E0,0,0,2009,4,,,,,,505
20161,4591,A05,0,A00,A0,A0,E0,0,0,2009,4,141,128,33,46,-13,1117
20169,4591,A05,0,A00,A0,A0,E0,0,0,2009,4,105,111,26,20,7,1550
20173,4591,A05,0,A00,A0,A0,E0,0,0,2009,4,1087,1184,410,314,97,1507
20175,4591,A05,0,A00,A0,A0,E0,0,0,2009,4,,,,,,1263
20177,4591,A05,0,A00,A0,A0,E0,0,0,2009,4,353,375,150,127,23,1251
20191,4591,A05,0,A00,A0,A0,E0,0,0,2009,4,,,0,,,254
20193,4591,A05,0,A00,A0,A0,E0,0,0,2009,4,,,,,,574
20203,4591,A05,0,A00,A0,A0,E0,0,0,2009,4,,,0,0,,402
20209,4591,A05,0,A00,A0,A0,E0,0,0,2009,4,324,365,91,50,42,1895
20,4591,A05,0,A00,A0,A0,E0,0,0,2009,4,4997,5250,1548,1295,253,1503
20003,4591,A05,0,A00,A0,A0,E0,0,0,2010,1,,,,0,,622
20005,4591,A05,0,A00,A0,A0,E0,0,0,2010,1,,0,0,,,174
20009,4591,A05,0,A00,A0,A0,E0,0,0,2010,1,16,15,,3,-1,1080
20015,4591,A05,0,A00,A0,A0,E0,0,0,2010,1,28,29,4,3,1,1337
20029,4591,A05,0,A00,A0,A0,E0,0,0,2010,1,15,15,,,0,1219
20031,4591,A05,0,A00,A0,A0,E0,0,0,2010,1,,,,0,,496
20035,4591,A05,0,A00,A0,A0,E0,0,0,2010,1,29,29,4,4,0,1327
20037,4591,A05,0,A00,A0,A0,E0,0,0,2010,1,33,32,,3,-1,1590
20039,4591,A05,0,A00,A0,A0,E0,0,0,2010,1,,,,,,1129
20041,4591,A05,0,A00,A0,A0,E0,0,0,2010,1,,,0,0,,356
20045,4591,A05,0,A00,A0,A0,E0,0,0,2010,1,357,340,33,50,-17,1101
20051,4591,A05,0,A00,A0,A0,E0,0,0,2010,1,79,81,12,10,2,1214
20055,4591,A05,0,A00,A0,A0,E0,0,0,2010,1,31,29,6,8,-2,1305
20057,4591,A05,0,A00,A0,A0,E0,0,0,2010,1,36,31,5,10,-6,1230
20059,4591,A05,0,A00,A0,A0,E0,0,0,2010,1,,,,0,,524
20061,4591,A05,0,A00,A0,A0,E0,0,0,2010,1,27,25,5,7,-2,1235
20073,4591,A05,0,A00,A0,A0,E0,0,0,2010,1,,,,,,437
20079,4591,A05,0,A00,A0,A0,E0,0,0,2010,1,39,41,5,,2,1309
20081,4591,A05,0,A00,A0,A0,E0,0,0,2010,1,0,,,0,,
20085,4591,A05,0,A00,A0,A0,E0,0,0,2010,1,,0,,,,455
20087,4591,A05,0,A00,A0,A0,E0,0,0,2010,1,,,0,0,,582
20089,4591,A05,0,A00,A0,A0,E0,0,0,2010,1,,,0,0,,533
20091,4591,A05,0,A00,A0,A0,E0,0,0,2010,1,2020,1867,205,358,-153,1315
20097,4591,A05,0,A00,A0,A0,E0,0,0,2010,1,,,0,0,,209
20099,4591,A05,0,A00,A0,A0,E0,0,0,2010,1,12,12,,,0,638
20103,4591,A05,0,A00,A0,A0,E0,0,0,2010,1,33,34,7,6,2,937
20111,4591,A05,0,A00,A0,A0,E0,0,0,2010,1,39,39,4,4,0,1306
20113,4591,A05,0,A00,A0,A0,E0,0,0,2010,1,41,40,4,5,-1,1287
20115,4591,A05,0,A00,A0,A0,E0,0,0,2010,1,,,,,,321
20121,4591,A05,0,A00,A0,A0,E0,0,0,2010,1,,,0,0,,889
20123,4591,A05,0,A00,A0,A0,E0,0,0,2010,1,,,0,,,258
20125,4591,A05,0,A00,A0,A0,E0,0,0,2010,1,17,19,3,,2,646
20127,4591,A05,0,A00,A0,A0,E0,0,0,2010,1,,,0,0,,480
20137,4591,A05,0,A00,A0,A0,E0,0,0,2010,1,,,0,0,,1501
20139,4591,A05,0,A00,A0,A0,E0,0,0,2010,1,,,,0,,334
20143,4591,A05,0,A00,A0,A0,E0,0,0,2010,1,,,0,0,,2002
20149,4591,A05,0,A00,A0,A0,E0,0,0,2010,1,52,51,4,5,-1,1219
20151,4591,A05,0,A00,A0,A0,E0,0,0,2010,1,,,,,,777
20153,4591,A05,0,A00,A0,A0,E0,0,0,2010,1,,,,0,,2678
20155,4591,A05,0,A00,A0,A0,E0,0,0,2010,1,86,83,5,7,-2,1681
20157,4591,A05,0,A00,A0,A0,E0,0,0,2010,1,,,0,,,596
20159,4591,A05,0,A00,A0,A0,E0,0,0,2010,1,,,,,,317
20161,4591,A05,0,A00,A0,A0,E0,0,0,2010,1,127,127,14,13,1,1140
20163,4591,A05,0,A00,A0,A0,E0,0,0,2010,1,0,,,0,,
20169,4591,A05,0,A00,A0,A0,E0,0,0,2010,1,111,104,13,19,-6,1220
20171,4591,A05,0,A00,A0,A0,E0,0,0,2010,1,0,,,0,,
20173,4591,A05,0,A00,A0,A0,E0,0,0,2010,1,1403,1322,192,273,-81,1361
20175,4591,A05,0,A00,A0,A0,E0,0,0,2010,1,,,,,,1071
20177,4591,A05,0,A00,A0,A0,E0,0,0,2010,1,381,349,46,78,-32,1044
20191,4591,A05,0,A00,A0,A0,E0,0,0,2010,1,,,0,0,,121
20193,4591,A05,0,A00,A0,A0,E0,0,0,2010,1,9,12,5,3,3,459
20203,4591,A05,0,A00,A0,A0,E0,0,0,2010,1,,,0,0,,433
20209,4591,A05,0,A00,A0,A0,E0,0,0,2010,1,388,354,5,40,-35,1515
20,4591,A05,0,A00,A0,A0,E0,0,0,2010,1,5525,5197,616,943,-327,1287
20003,4591,A05,0,A00,A0,A0,E0,0,0,2010,2,,,0,0,,684
20009,4591,A05,0,A00,A0,A0,E0,0,0,2010,2,15,17,5,3,2,1299
20015,4591,A05,0,A00,A0,A0,E0,0,0,2010,2,29,28,4,5,-1,1379
20029,4591,A05,0,A00,A0,A0,E0,0,0,2010,2,15,15,,,0,1097
20031,4591,A05,0,A00,A0,A0,E0,0,0,2010,2,,,,,,354
20035,4591,A05,0,A00,A0,A0,E0,0,0,2010,2,29,29,4,4,0,1447
20037,4591,A05,0,A00,A0,A0,E0,0,0,2010,2,32,31,3,3,0,1671
20039,4591,A05,0,A00,A0,A0,E0,0,0,2010,2,,,,,,1011
20041,4591,A05,0,A00,A0,A0,E0,0,0,2010,2,,,0,,,320
20045,4591,A05,0,A00,A0,A0,E0,0,0,2010,2,340,408,116,48,68,1310
20051,4591,A05,0,A00,A0,A0,E0,0,0,2010,2,81,77,6,10,-4,1411
20055,4591,A05,0,A00,A0,A0,E0,0,0,2010,2,29,29,8,8,0,1533
20057,4591,A05,0,A00,A0,A0,E0,0,0,2010,2,30,30,7,7,0,1546
20059,4591,A05,0,A00,A0,A0,E0,0,0,2010,2,,,,,,365
20061,4591,A05,0,A00,A0,A0,E0,0,0,2010,2,25,24,3,4,-2,1563
20073,4591,A05,0,A00,A0,A0,E0,0,0,2010,2,,,,,,437
20079,4591,A05,0,A00,A0,A0,E0,0,0,2010,2,41,36,13,18,-5,1350
20081,4591,A05,0,A00,A0,A0,E0,0,0,2010,2,,,0,0,,1105
20087,4591,A05,0,A00,A0,A0,E0,0,0,2010,2,,,0,0,,582
20089,4591,A05,0,A00,A0,A0,E0,0,0,2010,2,,,0,0,,530
20091,4591,A05,0,A00,A0,A0,E0,0,0,2010,2,1857,1839,351,369,-18,1484
20097,4591,A05,0,A00,A0,A0,E0,0,0,2010,2,,,0,0,,180
20099,4591,A05,0,A00,A0,A0,E0,0,0,2010,2,12,13,3,2,1,635
20103,4591,A05,0,A00,A0,A0,E0,0,0,2010,2,34,33,6,6,0,1055
20111,4591,A05,0,A00,A0,A0,E0,0,0,2010,2,38,42,13,8,5,1345
20113,4591,A05,0,A00,A0,A0,E0,0,0,2010,2,40,38,6,8,-2,1428
20115,4591,A05,0,A00,A0,A0,E0,0,0,2010,2,,,,,,427
20121,4591,A05,0,A00,A0,A0,E0,0,0,2010,2,,,,,,932
20123,4591,A05,0,A00,A0,A0,E0,0,0,2010,2,,,0,0,,345
20125,4591,A05,0,A00,A0,A0,E0,0,0,2010,2,19,22,6,3,3,696
20127,4591,A05,0,A00,A0,A0,E0,0,0,2010,2,,,0,0,,480
20137,4591,A05,0,A00,A0,A0,E0,0,0,2010,2,,,0,0,,1469
20139,4591,A05,0,A00,A0,A0,E0,0,0,2010,2,,,,,,317
20143,4591,A05,0,A00,A0,A0,E0,0,0,2010,2,,,0,0,,1871
20149,4591,A05,0,A00,A0,A0,E0,0,0,2010,2,51,56,11,6,5,1744
20151,4591,A05,0,A00,A0,A0,E0,0,0,2010,2,,,0,0,,719
20153,4591,A05,0,A00,A0,A0,E0,0,0,2010,2,,,0,0,,2115
20155,4591,A05,0,A00,A0,A0,E0,0,0,2010,2,83,79,11,15,-4,1680
20157,4591,A05,0,A00,A0,A0,E0,0,0,2010,2,,,,,,475
20159,4591,A05,0,A00,A0,A0,E0,0,0,2010,2,,,,0,,367
20161,4591,A05,0,A00,A0,A0,E0,0,0,2010,2,127,176,88,39,49,1268
20163,4591,A05,0,A00,A0,A0,E0,0,0,2010,2,,,0,0,,965
20169,4591,A05,0,A00,A0,A0,E0,0,0,2010,2,105,101,13,16,-4,1351
20171,4591,A05,0,A00,A0,A0,E0,0,0,2010,2,,,0,0,,869
20173,4591,A05,0,A00,A0,A0,E0,0,0,2010,2,1313,1282,207,238,-30,1219
20175,4591,A05,0,A00,A0,A0,E0,0,0,2010,2,,,,,,1373
20177,4591,A05,0,A00,A0,A0,E0,0,0,2010,2,348,365,82,65,16,1169
20191,4591,A05,0,A00,A0,A0,E0,0,0,2010,2,,,,,,378
20193,4591,A05,0,A00,A0,A0,E0,0,0,2010,2,12,10,4,5,-2,373
20203,4591,A05,0,A00,A0,A0,E0,0,0,2010,2,,,0,0,,382
20209,4591,A05,0,A00,A0,A0,E0,0,0,2010,2,353,347,39,46,-7,1509
20,4591,A05,0,A00,A0,A0,E0,0,0,2010,2,5176,5243,1028,961,67,1356
20003,4591,A05,0,A00,A0,A0,E0,0,0,2010,3,,,0,0,,769
20005,4591,A05,0,A00,A0,A0,E0,0,0,2010,3,0,0,,,0,
20009,4591,A05,0,A00,A0,A0,E0,0,0,2010,3,17,16,4,5,-1,1051
20015,4591,A05,0,A00,A0,A0,E0,0,0,2010,3,28,32,9,5,4,1380
20029,4591,A05,0,A00,A0,A0,E0,0,0,2010,3,15,14,,3,-1,1127
20031,4591,A05,0,A00,A0,A0,E0,0,0,2010,3,,,0,0,,420
20035,4591,A05,0,A00,A0,A0,E0,0,0,2010,3,29,29,4,4,0,1388
20037,4591,A05,0,A00,A0,A0,E0,0,0,2010,3,31,32,5,4,1,1648
20039,4591,A05,0,A00,A0,A0,E0,0,0,2010,3,,,0,0,,1160
20041,4591,A05,0,A00,A0,A0,E0,0,0,2010,3,,,0,0,,1004
20045,4591,A05,0,A00,A0,A0,E0,0,0,2010,3,409,370,68,107,-39,1097
20051,4591,A05,0,A00,A0,A0,E0,0,0,2010,3,77,74,17,20,-3,1289
20055,4591,A05,0,A00,A0,A0,E0,0,0,2010,3,29,33,11,7,4,1469
20057,4591,A05,0,A00,A0,A0,E0,0,0,2010,3,31,31,9,9,0,1465
20059,4591,A05,0,A00,A0,A0,E0,0,0,2010,3,,,0,0,,424
20061,4591,A05,0,A00,A0,A0,E0,0,0,2010,3,24,26,7,5,2,1398
20073,4591,A05,0,A00,A0,A0,E0,0,0,2010,3,,,,0,,370
20079,4591,A05,0,A00,A0,A0,E0,0,0,2010,3,36,35,,,-1,1270
20081,4591,A05,0,A00,A0,A0,E0,0,0,2010,3,,,0,0,,442
20085,4591,A05,0,A00,A0,A0,E0,0,0,2010,3,0,,,0,,
20087,4591,A05,0,A00,A0,A0,E0,0,0,2010,3,,,0,0,,582
20089,4591,A05,0,A00,A0,A0,E0,0,0,2010,3,,,0,0,,553
20091,4591,A05,0,A00,A0,A0,E0,0,0,2010,3,1838,1848,323,313,9,1457
20097,4591,A05,0,A00,A0,A0,E0,0,0,2010,3,,,,,,164
20099,4591,A05,0,A00,A0,A0,E0,0,0,2010,3,13,13,3,3,0,650
20103,4591,A05,0,A00,A0,A0,E0,0,0,2010,3,33,30,,5,-3,1127
20111,4591,A05,0,A00,A0,A0,E0,0,0,2010,3,43,43,5,5,0,1312
20113,4591,A05,0,A00,A0,A0,E0,0,0,2010,3,38,33,4,8,-4,1444
20115,4591,A05,0,A00,A0,A0,E0,0,0,2010,3,,,,,,224
20121,4591,A05,0,A00,A0,A0,E0,0,0,2010,3,,,,,,799
20123,4591,A05,0,A00,A0,A0,E0,0,0,2010,3,,,0,0,,445
20125,4591,A05,0,A00,A0,A0,E0,0,0,2010,3,22,21,7,8,-1,659
20127,4591,A05,0,A00,A0,A0,E0,0,0,2010,3,,,0,0,,480
20137,4591,A05,0,A00,A0,A0,E0,0,0,2010,3,,,0,0,,1583
20139,4591,A05,0,A00,A0,A0,E0,0,0,2010,3,,,,,,854
20143,4591,A05,0,A00,A0,A0,E0,0,0,2010,3,,,0,0,,1445
20149,4591,A05,0,A00,A0,A0,E0,0,0,2010,3,56,59,11,8,3,1695
20151,4591,A05,0,A00,A0,A0,E0,0,0,2010,3,,,,,,840
20153,4591,A05,0,A00,A0,A0,E0,0,0,2010,3,,,,,,2227
20155,4591,A05,0,A00,A0,A0,E0,0,0,2010,3,79,89,25,16,9,1788
20157,4591,A05,0,A00,A0,A0,E0,0,0,2010,3,,,,0,,406
20159,4591,A05,0,A00,A0,A0,E0,0,0,2010,3,,,,,,360
20161,4591,A05,0,A00,A0,A0,E0,0,0,2010,3,176,168,30,38,-8,1186
20163,4591,A05,0,A00,A0,A0,E0,0,0,2010,3,,0,,,,709
20169,4591,A05,0,A00,A0,A0,E0,0,0,2010,3,100,100,15,16,-1,1355
20171,4591,A05,0,A00,A0,A0,E0,0,0,2010,3,,,0,0,,903
20173,4591,A05,0,A00,A0,A0,E0,0,0,2010,3,1281,1291,241,231,10,1490
20175,4591,A05,0,A00,A0,A0,E0,0,0,2010,3,,,,,,1152
20177,4591,A05,0,A00,A0,A0,E0,0,0,2010,3,364,373,81,72,9,1066
20191,4591,A05,0,A00,A0,A0,E0,0,0,2010,3,,,,,,547
20193,4591,A05,0,A00,A0,A0,E0,0,0,2010,3,10,8,3,4,-2,510
20203,4591,A05,0,A00,A0,A0,E0,0,0,2010,3,,,0,0,,350
20205,4591,A05,0,A00,A0,A0,E0,0,0,2010,3,0,0,,,0,
20209,4591,A05,0,A00,A0,A0,E0,0,0,2010,3,347,346,36,36,0,1811
20,4591,A05,0,A00,A0,A0,E0,0,0,2010,3,5240,5233,959,967,-8,1402
20003,4591,A05,0,A00,A0,A0,E0,0,0,2010,4,,,,0,,778
20009,4591,A05,0,A00,A0,A0,E0,0,0,2010,4,16,16,7,6,1,1240
20011,4591,A05,0,A00,A0,A0,E0,0,0,2010,4,0,,,0,,
20015,4591,A05,0,A00,A0,A0,E0,0,0,2010,4,32,28,8,12,-4,1271
20029,4591,A05,0,A00,A0,A0,E0,0,0,2010,4,14,15,3,,1,1226
20031,4591,A05,0,A00,A0,A0,E0,0,0,2010,4,,,0,0,,382
20035,4591,A05,0,A00,A0,A0,E0,0,0,2010,4,29,28,5,6,-1,2796
20037,4591,A05,0,A00,A0,A0,E0,0,0,2010,4,32,33,8,8,0,1762
20039,4591,A05,0,A00,A0,A0,E0,0,0,2010,4,,,,,,1118
20041,4591,A05,0,A00,A0,A0,E0,0,0,2010,4,,,,,,860
20045,4591,A05,0,A00,A0,A0,E0,0,0,2010,4,356,333,68,91,-23,1258
20051,4591,A05,0,A00,A0,A0,E0,0,0,2010,4,75,69,9,15,-6,1538
20055,4591,A05,0,A00,A0,A0,E0,0,0,2010,4,33,34,10,9,1,1371
20057,4591,A05,0,A00,A0,A0,E0,0,0,2010,4,30,34,12,8,3,1615
20059,4591,A05,0,A00,A0,A0,E0,0,0,2010,4,,,,,,486
20061,4591,A05,0,A00,A0,A0,E0,0,0,2010,4,26,27,12,11,1,1571
20073,4591,A05,0,A00,A0,A0,E0,0,0,2010,4,,,0,0,,346
20079,4591,A05,0,A00,A0,A0,E0,0,0,2010,4,35,33,5,7,-1,1506
20081,4591,A05,0,A00,A0,A0,E0,0,0,2010,4,,,0,0,,1326
20085,4591,A05,0,A00,A0,A0,E0,0,0,2010,4,,,0,0,,425
20087,4591,A05,0,A00,A0,A0,E0,0,0,2010,4,,,0,0,,582
20089,4591,A05,0,A00,A0,A0,E0,0,0,2010,4,,0,0,,,368
20091,4591,A05,0,A00,A0,A0,E0,0,0,2010,4,1847,1983,701,565,136,1575
20097,4591,A05,0,A00,A0,A0,E0,0,0,2010,4,,,0,0,,681
20099,4591,A05,0,A00,A0,A0,E0,0,0,2010,4,13,11,4,6,-2,646
20103,4591,A05,0,A00,A0,A0,E0,0,0,2010,4,30,37,12,5,7,1254
20111,4591,A05,0,A00,A0,A0,E0,0,0,2010,4,42,45,10,7,3,1399
20113,4591,A05,0,A00,A0,A0,E0,0,0,2010,4,33,39,11,5,5,1554
20115,4591,A05,0,A00,A0,A0,E0,0,0,2010,4,,,,,,73
20121,4591,A05,0,A00,A0,A0,E0,0,0,2010,4,,,,0,,674
20123,4591,A05,0,A00,A0,A0,E0,0,0,2010,4,,,,0,,501
20125,4591,A05,0,A00,A0,A0,E0,0,0,2010,4,21,17,2,6,-4,827
20127,4591,A05,0,A00,A0,A0,E0,0,0,2010,4,,,0,0,,480
20135,4591,A05,0,A00,A0,A0,E0,0,0,2010,4,0,,,,,
20137,4591,A05,0,A00,A0,A0,E0,0,0,2010,4,,,0,0,,1704
20139,4591,A05,0,A00,A0,A0,E0,0,0,2010,4,,,0,0,,320
20143,4591,A05,0,A00,A0,A0,E0,0,0,2010,4,,,0,0,,2014
20149,4591,A05,0,A00,A0,A0,E0,0,0,2010,4,59,58,13,14,-1,1878
20151,4591,A05,0,A00,A0,A0,E0,0,0,2010,4,,,,,,1003
20153,4591,A05,0,A00,A0,A0,E0,0,0,2010,4,,,,,,2417
20155,4591,A05,0,A00,A0,A0,E0,0,0,2010,4,89,78,18,29,-10,1801
20157,4591,A05,0,A00,A0,A0,E0,0,0,2010,4,,,,0,,513
20159,4591,A05,0,A00,A0,A0,E0,0,0,2010,4,,,,0,,312
20161,4591,A05,0,A00,A0,A0,E0,0,0,2010,4,168,130,28,67,-39,1255
20169,4591,A05,0,A00,A0,A0,E0,0,0,2010,4,101,112,26,15,11,1591
20171,4591,A05,0,A00,A0,A0,E0,0,0,2010,4,,,0,0,,681
20173,4591,A05,0,A00,A0,A0,E0,0,0,2010,4,1290,1424,460,326,134,1668
20175,4591,A05,0,A00,A0,A0,E0,0,0,2010,4,,,,,,1402
20177,4591,A05,0,A00,A0,A0,E0,0,0,2010,4,373,396,177,153,23,1201
20191,4591,A05,0,A00,A0,A0,E0,0,0,2010,4,,,0,,,378
20193,4591,A05,0,A00,A0,A0,E0,0,0,2010,4,,,,,,664
20203,4591,A05,0,A00,A0,A0,E0,0,0,2010,4,,,0,0,,482
20209,4591,A05,0,A00,A0,A0,E0,0,0,2010,4,346,394,107,59,48,1890
20,4591,A05,0,A00,A0,A0,E0,0,0,2010,4,5217,5522,1776,1472,304,1547
20003,4591,A05,0,A00,A0,A0,E0,0,0,2011,1,,,,,,884
20009,4591,A05,0,A00,A0,A0,E0,0,0,2011,1,16,15,,,-1,1056
20011,4591,A05,0,A00,A0,A0,E0,0,0,2011,1,,,,0,,1047
20015,4591,A05,0,A00,A0,A0,E0,0,0,2011,1,25,24,3,5,-2,1400
20029,4591,A05,0,A00,A0,A0,E0,0,0,2011,1,15,14,0,,-1,1173
20031,4591,A05,0,A00,A0,A0,E0,0,0,2011,1,,,0,0,,395
20035,4591,A05,0,A00,A0,A0,E0,0,0,2011,1,28,29,4,4,0,1418
20037,4591,A05,0,A00,A0,A0,E0,0,0,2011,1,33,33,5,5,0,1592
20039,4591,A05,0,A00,A0,A0,E0,0,0,2011,1,,,,0,,1157
20041,4591,A05,0,A00,A0,A0,E0,0,0,2011,1,,,0,,,510
20045,4591,A05,0,A00,A0,A0,E0,0,0,2011,1,329,317,33,44,-11,1098
20051,4591,A05,0,A00,A0,A0,E0,0,0,2011,1,69,71,12,11,2,1266
20055,4591,A05,0,A00,A0,A0,E0,0,0,2011,1,34,31,5,8,-3,1356
20057,4591,A05,0,A00,A0,A0,E0,0,0,2011,1,34,30,4,8,-4,1260
20059,4591,A05,0,A00,A0,A0,E0,0,0,2011,1,,,,0,,389
20061,4591,A05,0,A00,A0,A0,E0,0,0,2011,1,26,22,,6,-4,1098
20069,4591,A05,0,A00,A0,A0,E0,0,0,2011,1,0,,,0,,
20073,4591,A05,0,A00,A0,A0,E0,0,0,2011,1,,,0,0,,300
20079,4591,A05,0,A00,A0,A0,E0,0,0,2011,1,33,32,,,-1,1665
20081,4591,A05,0,A00,A0,A0,E0,0,0,2011,1,,,0,0,,1326
20085,4591,A05,0,A00,A0,A0,E0,0,0,2011,1,,,0,0,,349
20087,4591,A05,0,A00,A0,A0,E0,0,0,2011,1,,,0,0,,582
20089,4591,A05,0,A00,A0,A0,E0,0,0,2011,1,0,,,0,,
20091,4591,A05,0,A00,A0,A0,E0,0,0,2011,1,2013,1873,208,349,-140,1332
20097,4591,A05,0,A00,A0,A0,E0,0,0,2011,1,,,0,0,,591
20099,4591,A05,0,A00,A0,A0,E0,0,0,2011,1,,,,,,559
20103,4591,A05,0,A00,A0,A0,E0,0,0,2011,1,37,34,6,9,-3,906
20111,4591,A05,0,A00,A0,A0,E0,0,0,2011,1,46,47,7,6,1,1089
20113,4591,A05,0,A00,A0,A0,E0,0,0,2011,1,39,35,3,7,-4,1230
20115,4591,A05,0,A00,A0,A0,E0,0,0,2011,1,,,,,,622
20121,4591,A05,0,A00,A0,A0,E0,0,0,2011,1,,,,,,431
20123,4591,A05,0,A00,A0,A0,E0,0,0,2011,1,,,0,0,,206
20125,4591,A05,0,A00,A0,A0,E0,0,0,2011,1,17,18,4,4,0,690
20127,4591,A05,0,A00,A0,A0,E0,0,0,2011,1,,,0,0,,470
20133,4591,A05,0,A00,A0,A0,E0,0,0,2011,1,0,,,0,,
20135,4591,A05,0,A00,A0,A0,E0,0,0,2011,1,,0,0,,,212
20137,4591,A05,0,A00,A0,A0,E0,0,0,2011,1,,,0,0,,1576
20139,4591,A05,0,A00,A0,A0,E0,0,0,2011,1,,,,0,,280
20143,4591,A05,0,A00,A0,A0,E0,0,0,2011,1,,,0,0,,882
20149,4591,A05,0,A00,A0,A0,E0,0,0,2011,1,58,56,5,7,-2,1642
20151,4591,A05,0,A00,A0,A0,E0,0,0,2011,1,,,0,0,,1011
20153,4591,A05,0,A00,A0,A0,E0,0,0,2011,1,,,,,,2620
20155,4591,A05,0,A00,A0,A0,E0,0,0,2011,1,78,76,4,7,-3,1854
20157,4591,A05,0,A00,A0,A0,E0,0,0,2011,1,,,0,0,,377
20159,4591,A05,0,A00,A0,A0,E0,0,0,2011,1,,,,,,434
20161,4591,A05,0,A00,A0,A0,E0,0,0,2011,1,125,130,24,19,5,1291
20163,4591,A05,0,A00,A0,A0,E0,0,0,2011,1,0,,,0,,
20169,4591,A05,0,A00,A0,A0,E0,0,0,2011,1,111,107,10,13,-3,1220
20171,4591,A05,0,A00,A0,A0,E0,0,0,2011,1,,,0,0,,650
20173,4591,A05,0,A00,A0,A0,E0,0,0,2011,1,1380,1330,184,234,-50,1343
20175,4591,A05,0,A00,A0,A0,E0,0,0,2011,1,,,,,,1096
20177,4591,A05,0,A00,A0,A0,E0,0,0,2011,1,395,352,23,66,-43,976
20191,4591,A05,0,A00,A0,A0,E0,0,0,2011,1,,,0,0,,150
20193,4591,A05,0,A00,A0,A0,E0,0,0,2011,1,,,0,0,,497
20203,4591,A05,0,A00,A0,A0,E0,0,0,2011,1,,,,,,308
20209,4591,A05,0,A00,A0,A0,E0,0,0,2011,1,394,351,12,55,-43,1393
20,4591,A05,0,A00,A0,A0,E0,0,0,2011,1,5494,5184,585,896,-310,1283
20003,4591,A05,0,A00,A0,A0,E0,0,0,2011,2,,,0,0,,943
20009,4591,A05,0,A00,A0,A0,E0,0,0,2011,2,15,17,6,4,2,1085
20011,4591,A05,0,A00,A0,A0,E0,0,0,2011,2,,,,,,1091
20015,4591,A05,0,A00,A0,A0,E0,0,0,2011,2,24,22,3,4,-2,1542
20029,4591,A05,0,A00,A0,A0,E0,0,0,2011,2,14,17,6,,3,1196
20031,4591,A05,0,A00,A0,A0,E0,0,0,2011,2,,,0,0,,357
20035,4591,A05,0,A00,A0,A0,E0,0,0,2011,2,29,25,6,9,-4,1456
20037,4591,A05,0,A00,A0,A0,E0,0,0,2011,2,33,31,5,6,-1,1582
20039,4591,A05,0,A00,A0,A0,E0,0,0,2011,2,,,0,0,,1213
20041,4591,A05,0,A00,A0,A0,E0,0,0,2011,2,,,0,0,,860
20045,4591,A05,0,A00,A0,A0,E0,0,0,2011,2,309,379,125,54,70,1360
20051,4591,A05,0,A00,A0,A0,E0,0,0,2011,2,71,71,23,22,0,1495
20055,4591,A05,0,A00,A0,A0,E0,0,0,2011,2,31,33,8,6,1,1552
20057,4591,A05,0,A00,A0,A0,E0,0,0,2011,2,30,31,6,5,0,1593
20059,4591,A05,0,A00,A0,A0,E0,0,0,2011,2,,,,,,434
20061,4591,A05,0,A00,A0,A0,E0,0,0,2011,2,23,25,8,6,2,1145
20069,4591,A05,0,A00,A0,A0,E0,0,0,2011,2,,,0,0,,521
20073,4591,A05,0,A00,A0,A0,E0,0,0,2011,2,,,0,0,,290
20079,4591,A05,0,A00,A0,A0,E0,0,0,2011,2,32,33,3,,1,1580
20081,4591,A05,0,A00,A0,A0,E0,0,0,2011,2,,,0,0,,1326
20083,4591,A05,0,A00,A0,A0,E0,0,0,2011,2,0,0,,,0,
20085,4591,A05,0,A00,A0,A0,E0,0,0,2011,2,,,0,0,,456
20087,4591,A05,0,A00,A0,A0,E0,0,0,2011,2,,,0,0,,582
20089,4591,A05,0,A00,A0,A0,E0,0,0,2011,2,,,0,0,,243
20091,4591,A05,0,A00,A0,A0,E0,0,0,2011,2,1870,1844,326,352,-26,1478
20097,4591,A05,0,A00,A0,A0,E0,0,0,2011,2,,,,0,,252
20099,4591,A05,0,A00,A0,A0,E0,0,0,2011,2,9,13,5,,4,905
20103,4591,A05,0,A00,A0,A0,E0,0,0,2011,2,34,36,8,6,2,1278
20111,4591,A05,0,A00,A0,A0,E0,0,0,2011,2,46,45,11,12,-1,1199
20113,4591,A05,0,A00,A0,A0,E0,0,0,2011,2,35,34,6,7,-1,1611
20115,4591,A05,0,A00,A0,A0,E0,0,0,2011,2,,,,,,653
20121,4591,A05,0,A00,A0,A0,E0,0,0,2011,2,,,0,,,697
20123,4591,A05,0,A00,A0,A0,E0,0,0,2011,2,,,0,,,93
20125,4591,A05,0,A00,A0,A0,E0,0,0,2011,2,18,16,6,8,-2,807
20127,4591,A05,0,A00,A0,A0,E0,0,0,2011,2,,,0,0,,470
20133,4591,A05,0,A00,A0,A0,E0,0,0,2011,2,,,0,0,,814
20137,4591,A05,0,A00,A0,A0,E0,0,0,2011,2,,,0,0,,1590
20139,4591,A05,0,A00,A0,A0,E0,0,0,2011,2,,,,,,350
20143,4591,A05,0,A00,A0,A0,E0,0,0,2011,2,,,0,0,,658
20149,4591,A05,0,A00,A0,A0,E0,0,0,2011,2,56,58,9,6,3,1987
20151,4591,A05,0,A00,A0,A0,E0,0,0,2011,2,,,,,,932
20153,4591,A05,0,A00,A0,A0,E0,0,0,2011,2,,,0,0,,2028
20155,4591,A05,0,A00,A0,A0,E0,0,0,2011,2,76,80,14,10,4,1958
20157,4591,A05,0,A00,A0,A0,E0,0,0,2011,2,,,0,,,561
20159,4591,A05,0,A00,A0,A0,E0,0,0,2011,2,,,,,,415
20161,4591,A05,0,A00,A0,A0,E0,0,0,2011,2,130,189,90,32,59,1496
20163,4591,A05,0,A00,A0,A0,E0,0,0,2011,2,,,0,0,,977
20169,4591,A05,0,A00,A0,A0,E0,0,0,2011,2,108,108,17,17,0,1403
20171,4591,A05,0,A00,A0,A0,E0,0,0,2011,2,,,0,0,,898
20173,4591,A05,0,A00,A0,A0,E0,0,0,2011,2,1329,1314,243,258,-15,1517
20175,4591,A05,0,A00,A0,A0,E0,0,0,2011,2,,,,,,1230
20177,4591,A05,0,A00,A0,A0,E0,0,0,2011,2,352,351,62,63,-1,1141
20191,4591,A05,0,A00,A0,A0,E0,0,0,2011,2,,,,,,501
20193,4591,A05,0,A00,A0,A0,E0,0,0,2011,2,,,,,,474
20203,4591,A05,0,A00,A0,A0,E0,0,0,2011,2,,,0,0,,401
20205,4591,A05,0,A00,A0,A0,E0,0,0,2011,2,0,,,0,,
20209,4591,A05,0,A00,A0,A0,E0,0,0,2011,2,351,348,26,28,-3,1715
20,4591,A05,0,A00,A0,A0,E0,0,0,2011,2,5171,5270,1050,951,99,1460
20003,4591,A05,0,A00,A0,A0,E0,0,0,2011,3,,,,,,922
20009,4591,A05,0,A00,A0,A0,E0,0,0,2011,3,17,14,4,7,-3,948
20011,4591,A05,0,A00,A0,A0,E0,0,0,2011,3,,,,,,1247
20015,4591,A05,0,A00,A0,A0,E0,0,0,2011,3,22,23,5,4,1,1578
20029,4591,A05,0,A00,A0,A0,E0,0,0,2011,3,17,21,6,,3,1275
20031,4591,A05,0,A00,A0,A0,E0,0,0,2011,3,,,0,0,,422
20035,4591,A05,0,A00,A0,A0,E0,0,0,2011,3,25,26,4,3,1,1616
20037,4591,A05,0,A00,A0,A0,E0,0,0,2011,3,31,32,4,3,1,1722
20039,4591,A05,0,A00,A0,A0,E0,0,0,2011,3,,,0,,,1231
20041,4591,A05,0,A00,A0,A0,E0,0,0,2011,3,,,0,0,,1004
20045,4591,A05,0,A00,A0,A0,E0,0,0,2011,3,410,365,80,124,-45,1130
20051,4591,A05,0,A00,A0,A0,E0,0,0,2011,3,70,71,15,15,0,1206
20055,4591,A05,0,A00,A0,A0,E0,0,0,2011,3,33,33,7,7,0,1553
20057,4591,A05,0,A00,A0,A0,E0,0,0,2011,3,30,32,8,6,1,1552
20059,4591,A05,0,A00,A0,A0,E0,0,0,2011,3,,,,,,394
20061,4591,A05,0,A00,A0,A0,E0,0,0,2011,3,25,22,5,8,-3,1258
20069,4591,A05,0,A00,A0,A0,E0,0,0,2011,3,,,,0,,514
20073,4591,A05,0,A00,A0,A0,E0,0,0,2011,3,,,0,0,,305
20079,4591,A05,0,A00,A0,A0,E0,0,0,2011,3,33,30,,4,-3,1531
20081,4591,A05,0,A00,A0,A0,E0,0,0,2011,3,,,0,0,,1326
20083,4591,A05,0,A00,A0,A0,E0,0,0,2011,3,0,,,0,,
20085,4591,A05,0,A00,A0,A0,E0,0,0,2011,3,,,0,0,,597
20087,4591,A05,0,A00,A0,A0,E0,0,0,2011,3,,,0,0,,582
20089,4591,A05,0,A00,A0,A0,E0,0,0,2011,3,,,0,0,,198
20091,4591,A05,0,A00,A0,A0,E0,0,0,2011,3,1849,1874,389,364,25,1499
20097,4591,A05,0,A00,A0,A0,E0,0,0,2011,3,,,0,0,,371
20099,4591,A05,0,A00,A0,A0,E0,0,0,2011,3,13,12,,3,-1,622
20103,4591,A05,0,A00,A0,A0,E0,0,0,2011,3,35,33,10,12,-3,1097
20111,4591,A05,0,A00,A0,A0,E0,0,0,2011,3,45,46,7,6,1,1227
20113,4591,A05,0,A00,A0,A0,E0,0,0,2011,3,34,31,6,8,-2,1581
20115,4591,A05,0,A00,A0,A0,E0,0,0,2011,3,,,,,,252
20121,4591,A05,0,A00,A0,A0,E0,0,0,2011,3,,,,,,880
20123,4591,A05,0,A00,A0,A0,E0,0,0,2011,3,,,0,0,,549
20125,4591,A05,0,A00,A0,A0,E0,0,0,2011,3,16,14,5,6,-2,920
20127,4591,A05,0,A00,A0,A0,E0,0,0,2011,3,,,0,0,,470
20133,4591,A05,0,A00,A0,A0,E0,0,0,2011,3,,,0,0,,719
20137,4591,A05,0,A00,A0,A0,E0,0,0,2011,3,,,,0,,1619
20139,4591,A05,0,A00,A0,A0,E0,0,0,2011,3,,,0,,,349
20143,4591,A05,0,A00,A0,A0,E0,0,0,2011,3,,,0,0,,840
20149,4591,A05,0,A00,A0,A0,E0,0,0,2011,3,58,56,6,8,-2,1945
20151,4591,A05,0,A00,A0,A0,E0,0,0,2011,3,,,,,,976
20153,4591,A05,0,A00,A0,A0,E0,0,0,2011,3,,,,,,2210
20155,4591,A05,0,A00,A0,A0,E0,0,0,2011,3,80,75,13,18,-5,1865
20157,4591,A05,0,A00,A0,A0,E0,0,0,2011,3,,,,,,494
20159,4591,A05,0,A00,A0,A0,E0,0,0,2011,3,,,,,,439
20161,4591,A05,0,A00,A0,A0,E0,0,0,2011,3,189,185,68,72,-4,1183
20163,4591,A05,0,A00,A0,A0,E0,0,0,2011,3,,,,,,337
20169,4591,A05,0,A00,A0,A0,E0,0,0,2011,3,108,99,10,20,-10,1431
20171,4591,A05,0,A00,A0,A0,E0,0,0,2011,3,,,0,0,,855
20173,4591,A05,0,A00,A0,A0,E0,0,0,2011,3,1312,1325,278,266,12,1582
20175,4591,A05,0,A00,A0,A0,E0,0,0,2011,3,,,,,,1197
20177,4591,A05,0,A00,A0,A0,E0,0,0,2011,3,351,352,70,69,1,1186
20191,4591,A05,0,A00,A0,A0,E0,0,0,2011,3,,,,,,562
20193,4591,A05,0,A00,A0,A0,E0,0,0,2011,3,,,,,,697
20203,4591,A05,0,A00,A0,A0,E0,0,0,2011,3,,,0,0,,453
20205,4591,A05,0,A00,A0,A0,E0,0,0,2011,3,,,,0,,2264
20209,4591,A05,0,A00,A0,A0,E0,0,0,2011,3,348,388,109,69,40,1829
20,4591,A05,0,A00,A0,A0,E0,0,0,2011,3,5300,5307,1144,1137,7,1461
20003,4591,A05,0,A00,A0,A0,E0,0,0,2011,4,,,0,0,,922
20009,4591,A05,0,A00,A0,A0,E0,0,0,2011,4,14,14,4,4,0,1016
20011,4591,A05,0,A00,A0,A0,E0,0,0,2011,4,,,,0,,1294
20015,4591,A05,0,A00,A0,A0,E0,0,0,2011,4,23,23,8,7,1,1887
20029,4591,A05,0,A00,A0,A0,E0,0,0,2011,4,21,22,,0,1,1143
20031,4591,A05,0,A00,A0,A0,E0,0,0,2011,4,,,,,,351
20035,4591,A05,0,A00,A0,A0,E0,0,0,2011,4,26,23,,5,-3,3006
20037,4591,A05,0,A00,A0,A0,E0,0,0,2011,4,32,38,10,4,6,1739
20039,4591,A05,0,A00,A0,A0,E0,0,0,2011,4,,,,0,,1214
20041,4591,A05,0,A00,A0,A0,E0,0,0,2011,4,,,0,0,,1004
20045,4591,A05,0,A00,A0,A0,E0,0,0,2011,4,363,315,48,95,-47,1133
20051,4591,A05,0,A00,A0,A0,E0,0,0,2011,4,71,68,13,15,-2,1251
20055,4591,A05,0,A00,A0,A0,E0,0,0,2011,4,33,32,10,10,-1,1473
20057,4591,A05,0,A00,A0,A0,E0,0,0,2011,4,31,33,7,6,1,1637
20059,4591,A05,0,A00,A0,A0,E0,0,0,2011,4,,,0,,,428
20061,4591,A05,0,A00,A0,A0,E0,0,0,2011,4,21,26,8,4,4,1231
20069,4591,A05,0,A00,A0,A0,E0,0,0,2011,4,,,0,0,,753
20073,4591,A05,0,A00,A0,A0,E0,0,0,2011,4,,,0,0,,309
20079,4591,A05,0,A00,A0,A0,E0,0,0,2011,4,30,31,8,7,2,1637
20081,4591,A05,0,A00,A0,A0,E0,0,0,2011,4,,,0,0,,1326
20083,4591,A05,0,A00,A0,A0,E0,0,0,2011,4,,,,,,36
20085,4591,A05,0,A00,A0,A0,E0,0,0,2011,4,,,0,0,,439
20087,4591,A05,0,A00,A0,A0,E0,0,0,2011,4,,,0,0,,582
20089,4591,A05,0,A00,A0,A0,E0,0,0,2011,4,,,0,0,,166
20091,4591,A05,0,A00,A0,A0,E0,0,0,2011,4,1881,2028,628,480,148,1526
20097,4591,A05,0,A00,A0,A0,E0,0,0,2011,4,,,,,,224
20099,4591,A05,0,A00,A0,A0,E0,0,0,2011,4,12,8,0,4,-4,683
20103,4591,A05,0,A00,A0,A0,E0,0,0,2011,4,34,35,10,9,1,1200
20111,4591,A05,0,A00,A0,A0,E0,0,0,2011,4,46,49,13,11,3,1157
20113,4591,A05,0,A00,A0,A0,E0,0,0,2011,4,31,30,6,7,-1,1697
20115,4591,A05,0,A00,A0,A0,E0,0,0,2011,4,,,,,,834
20121,4591,A05,0,A00,A0,A0,E0,0,0,2011,4,,,,,,745
20123,4591,A05,0,A00,A0,A0,E0,0,0,2011,4,,,0,0,,750
20125,4591,A05,0,A00,A0,A0,E0,0,0,2011,4,14,16,3,,2,1103
20127,4591,A05,0,A00,A0,A0,E0,0,0,2011,4,,,0,0,,470
20133,4591,A05,0,A00,A0,A0,E0,0,0,2011,4,,,0,0,,267
20137,4591,A05,0,A00,A0,A0,E0,0,0,2011,4,,,0,0,,1331
20139,4591,A05,0,A00,A0,A0,E0,0,0,2011,4,,,0,0,,360
20143,4591,A05,0,A00,A0,A0,E0,0,0,2011,4,,,0,0,,943
20149,4591,A05,0,A00,A0,A0,E0,0,0,2011,4,56,59,14,11,3,2219
20151,4591,A05,0,A00,A0,A0,E0,0,0,2011,4,,,,0,,1281
20155,4591,A05,0,A00,A0,A0,E0,0,0,2011,4,75,84,22,14,8,2151
20157,4591,A05,0,A00,A0,A0,E0,0,0,2011,4,,,,0,,515
20159,4591,A05,0,A00,A0,A0,E0,0,0,2011,4,,,,,,496
20161,4591,A05,0,A00,A0,A0,E0,0,0,2011,4,185,162,48,71,-23,1137
20163,4591,A05,0,A00,A0,A0,E0,0,0,2011,4,,,,,,219
20169,4591,A05,0,A00,A0,A0,E0,0,0,2011,4,99,105,23,16,7,1524
20171,4591,A05,0,A00,A0,A0,E0,0,0,2011,4,,,0,0,,802
20173,4591,A05,0,A00,A0,A0,E0,0,0,2011,4,1323,1472,443,294,149,1685
20175,4591,A05,0,A00,A0,A0,E0,0,0,2011,4,,,,,,1036
20177,4591,A05,0,A00,A0,A0,E0,0,0,2011,4,352,390,152,114,38,1212
20191,4591,A05,0,A00,A0,A0,E0,0,0,2011,4,,,0,0,,451
20193,4591,A05,0,A00,A0,A0,E0,0,0,2011,4,,,,,,565
20203,4591,A05,0,A00,A0,A0,E0,0,0,2011,4,,,0,0,,425
20205,4591,A05,0,A00,A0,A0,E0,0,0,2011,4,,,0,,,1821
20209,4591,A05,0,A00,A0,A0,E0,0,0,2011,4,388,422,93,60,33,1780
20,4591,A05,0,A00,A0,A0,E0,0,0,2011,4,5304,5634,1603,1273,330,1518
20003,4591,A05,0,A00,A0,A0,E0,0,0,2012,1,,,0,0,,900
20009,4591,A05,0,A00,A0,A0,E0,0,0,2012,1,,,,,,1147
20011,4591,A05,0,A00,A0,A0,E0,0,0,2012,1,,,,,,1329
20015,4591,A05,0,A00,A0,A0,E0,0,0,2012,1,23,22,5,7,-2,1419
20029,4591,A05,0,A00,A0,A0,E0,0,0,2012,1,22,18,0,3,-3,926
20031,4591,A05,0,A00,A0,A0,E0,0,0,2012,1,,,,,,362
20035,4591,A05,0,A00,A0,A0,E0,0,0,2012,1,23,25,5,3,2,1730
20037,4591,A05,0,A00,A0,A0,E0,0,0,2012,1,38,35,4,7,-3,1507
20039,4591,A05,0,A00,A0,A0,E0,0,0,2012,1,,,0,0,,189
20041,4591,A05,0,A00,A0,A0,E0,0,0,2012,1,,,0,0,,860
20045,4591,A05,0,A00,A0,A0,E0,0,0,2012,1,260,256,28,32,-4,1153
20051,4591,A05,0,A00,A0,A0,E0,0,0,2012,1,68,72,20,16,3,1138
20055,4591,A05,0,A00,A0,A0,E0,0,0,2012,1,32,31,9,10,-1,1486
20057,4591,A05,0,A00,A0,A0,E0,0,0,2012,1,33,32,7,8,-1,1441
20059,4591,A05,0,A00,A0,A0,E0,0,0,2012,1,,,,,,432
20061,4591,A05,0,A00,A0,A0,E0,0,0,2012,1,26,24,4,6,-2,1304
20069,4591,A05,0,A00,A0,A0,E0,0,0,2012,1,,,,0,,775
20073,4591,A05,0,A00,A0,A0,E0,0,0,2012,1,,,0,,,317
20079,4591,A05,0,A00,A0,A0,E0,0,0,2012,1,31,29,,4,-3,2203
20081,4591,A05,0,A00,A0,A0,E0,0,0,2012,1,,,0,0,,1326
20083,4591,A05,0,A00,A0,A0,E0,0,0,2012,1,,0,,,,57
20085,4591,A05,0,A00,A0,A0,E0,0,0,2012,1,,,0,0,,509
20087,4591,A05,0,A00,A0,A0,E0,0,0,2012,1,,,0,0,,582
20089,4591,A05,0,A00,A0,A0,E0,0,0,2012,1,,,0,0,,163
20091,4591,A05,0,A00,A0,A0,E0,0,0,2012,1,2038,1851,232,419,-187,1396
20097,4591,A05,0,A00,A0,A0,E0,0,0,2012,1,0,,,0,,
20099,4591,A05,0,A00,A0,A0,E0,0,0,2012,1,,,,0,,867
20103,4591,A05,0,A00,A0,A0,E0,0,0,2012,1,35,37,8,5,3,1187
20111,4591,A05,0,A00,A0,A0,E0,0,0,2012,1,48,50,9,7,1,1080
20113,4591,A05,0,A00,A0,A0,E0,0,0,2012,1,30,33,8,5,3,1502
20115,4591,A05,0,A00,A0,A0,E0,0,0,2012,1,,,,,,962
20121,4591,A05,0,A00,A0,A0,E0,0,0,2012,1,,,,,,811
20123,4591,A05,0,A00,A0,A0,E0,0,0,2012,1,,,0,0,,819
20125,4591,A05,0,A00,A0,A0,E0,0,0,2012,1,16,20,7,3,4,1127
20127,4591,A05,0,A00,A0,A0,E0,0,0,2012,1,,,0,0,,470
20133,4591,A05,0,A00,A0,A0,E0,0,0,2012,1,,,0,0,,156
20137,4591,A05,0,A00,A0,A0,E0,0,0,2012,1,,,0,0,,1277
20139,4591,A05,0,A00,A0,A0,E0,0,0,2012,1,,,,,,223
20143,4591,A05,0,A00,A0,A0,E0,0,0,2012,1,,,0,0,,999
20149,4591,A05,0,A00,A0,A0,E0,0,0,2012,1,59,62,13,10,3,1979
20151,4591,A05,0,A00,A0,A0,E0,0,0,2012,1,,,,,,795
20155,4591,A05,0,A00,A0,A0,E0,0,0,2012,1,84,82,9,11,-2,1950
20157,4591,A05,0,A00,A0,A0,E0,0,0,2012,1,,,,,,494
20159,4591,A05,0,A00,A0,A0,E0,0,0,2012,1,,,0,,,546
20161,4591,A05,0,A00,A0,A0,E0,0,0,2012,1,130,115,18,33,-15,1178
20163,4591,A05,0,A00,A0,A0,E0,0,0,2012,1,,,,0,,206
20169,4591,A05,0,A00,A0,A0,E0,0,0,2012,1,106,101,11,15,-5,1400
20171,4591,A05,0,A00,A0,A0,E0,0,0,2012,1,,,0,0,,1101
20173,4591,A05,0,A00,A0,A0,E0,0,0,2012,1,1465,1372,182,276,-94,1424
20175,4591,A05,0,A00,A0,A0,E0,0,0,2012,1,,,,,,1190
20177,4591,A05,0,A00,A0,A0,E0,0,0,2012,1,385,359,51,77,-26,1040
20191,4591,A05,0,A00,A0,A0,E0,0,0,2012,1,,,0,0,,245
20193,4591,A05,0,A00,A0,A0,E0,0,0,2012,1,,,0,,,554
20203,4591,A05,0,A00,A0,A0,E0,0,0,2012,1,,,0,0,,363
20205,4591,A05,0,A00,A0,A0,E0,0,0,2012,1,,,0,0,,1360
20209,4591,A05,0,A00,A0,A0,E0,0,0,2012,1,428,591,263,100,163,1410
20,4591,A05,0,A00,A0,A0,E0,0,0,2012,1,5539,5376,927,1090,-163,1358
20003,4591,A05,0,A00,A0,A0,E0,0,0,2012,2,,,,0,,966
20009,4591,A05,0,A00,A0,A0,E0,0,0,2012,2,14,14,5,4,1,909
20011,4591,A05,0,A00,A0,A0,E0,0,0,2012,2,,,,,,1265
20015,4591,A05,0,A00,A0,A0,E0,0,0,2012,2,22,25,9,6,3,1596
20029,4591,A05,0,A00,A0,A0,E0,0,0,2012,2,18,16,0,,-2,1118
20031,4591,A05,0,A00,A0,A0,E0,0,0,2012,2,,,0,0,,336
20035,4591,A05,0,A00,A0,A0,E0,0,0,2012,2,25,26,2,,1,1595
20037,4591,A05,0,A00,A0,A0,E0,0,0,2012,2,35,36,5,3,1,1535
20039,4591,A05,0,A00,A0,A0,E0,0,0,2012,2,,,0,0,,459
20041,4591,A05,0,A00,A0,A0,E0,0,0,2012,2,,,0,0,,1004
20045,4591,A05,0,A00,A0,A0,E0,0,0,2012,2,258,251,31,38,-7,1220
20051,4591,A05,0,A00,A0,A0,E0,0,0,2012,2,72,82,26,16,9,1321
20055,4591,A05,0,A00,A0,A0,E0,0,0,2012,2,31,32,7,6,1,1555
20057,4591,A05,0,A00,A0,A0,E0,0,0,2012,2,32,32,4,4,0,1457
20059,4591,A05,0,A00,A0,A0,E0,0,0,2012,2,,,0,,,428
20061,4591,A05,0,A00,A0,A0,E0,0,0,2012,2,25,24,2,4,-1,1215
20069,4591,A05,0,A00,A0,A0,E0,0,0,2012,2,,,0,0,,716
20073,4591,A05,0,A00,A0,A0,E0,0,0,2012,2,,,0,0,,307
20079,4591,A05,0,A00,A0,A0,E0,0,0,2012,2,29,29,,,0,1938
20081,4591,A05,0,A00,A0,A0,E0,0,0,2012,2,,,0,0,,1326
20083,4591,A05,0,A00,A0,A0,E0,0,0,2012,2,0,,,0,,
20085,4591,A05,0,A00,A0,A0,E0,0,0,2012,2,,,0,0,,500
20087,4591,A05,0,A00,A0,A0,E0,0,0,2012,2,,,0,0,,582
20089,4591,A05,0,A00,A0,A0,E0,0,0,2012,2,,,0,0,,218
20091,4591,A05,0,A00,A0,A0,E0,0,0,2012,2,1859,1837,357,378,-22,1498
20097,4591,A05,0,A00,A0,A0,E0,0,0,2012,2,,,0,0,,269
20099,4591,A05,0,A00,A0,A0,E0,0,0,2012,2,,,,,,875
20103,4591,A05,0,A00,A0,A0,E0,0,0,2012,2,36,40,9,5,4,1324
20111,4591,A05,0,A00,A0,A0,E0,0,0,2012,2,49,50,13,12,1,1061
20113,4591,A05,0,A00,A0,A0,E0,0,0,2012,2,33,38,8,3,5,1712
20115,4591,A05,0,A00,A0,A0,E0,0,0,2012,2,,,0,0,,765
20121,4591,A05,0,A00,A0,A0,E0,0,0,2012,2,,,,,,835
20123,4591,A05,0,A00,A0,A0,E0,0,0,2012,2,,,0,0,,708
20125,4591,A05,0,A00,A0,A0,E0,0,0,2012,2,20,22,8,6,2,961
20127,4591,A05,0,A00,A0,A0,E0,0,0,2012,2,,,0,0,,470
20133,4591,A05,0,A00,A0,A0,E0,0,0,2012,2,,,0,0,,48
20137,4591,A05,0,A00,A0,A0,E0,0,0,2012,2,,,0,0,,1296
20139,4591,A05,0,A00,A0,A0,E0,0,0,2012,2,,,,0,,422
20141,4591,A05,0,A00,A0,A0,E0,0,0,2012,2,0,,,0,,
20143,4591,A05,0,A00,A0,A0,E0,0,0,2012,2,,,0,0,,1045
20149,4591,A05,0,A00,A0,A0,E0,0,0,2012,2,62,64,11,9,2,2360
20151,4591,A05,0,A00,A0,A0,E0,0,0,2012,2,,,,0,,1093
20155,4591,A05,0,A00,A0,A0,E0,0,0,2012,2,82,88,17,11,6,1999
20157,4591,A05,0,A00,A0,A0,E0,0,0,2012,2,,,,,,332
20159,4591,A05,0,A00,A0,A0,E0,0,0,2012,2,,,,0,,611
20161,4591,A05,0,A00,A0,A0,E0,0,0,2012,2,115,122,34,27,7,1162
20163,4591,A05,0,A00,A0,A0,E0,0,0,2012,2,,,,,,352
20169,4591,A05,0,A00,A0,A0,E0,0,0,2012,2,101,97,11,14,-4,1451
20171,4591,A05,0,A00,A0,A0,E0,0,0,2012,2,,0,0,,,969
20173,4591,A05,0,A00,A0,A0,E0,0,0,2012,2,1372,1377,267,262,5,1590
20175,4591,A05,0,A00,A0,A0,E0,0,0,2012,2,,,,,,1051
20177,4591,A05,0,A00,A0,A0,E0,0,0,2012,2,359,369,73,63,10,1164
20191,4591,A05,0,A00,A0,A0,E0,0,0,2012,2,,,,,,488
20193,4591,A05,0,A00,A0,A0,E0,0,0,2012,2,,,0,,,599
20203,4591,A05,0,A00,A0,A0,E0,0,0,2012,2,,,,0,,392
20205,4591,A05,0,A00,A0,A0,E0,0,0,2012,2,,,0,0,,1423
20209,4591,A05,0,A00,A0,A0,E0,0,0,2012,2,592,548,52,96,-44,1546
20,4591,A05,0,A00,A0,A0,E0,0,0,2012,2,5388,5378,984,995,-11,1472
20003,4591,A05,0,A00,A0,A0,E0,0,0,2012,3,,,0,0,,949
20009,4591,A05,0,A00,A0,A0,E0,0,0,2012,3,14,14,5,5,0,1085
20011,4591,A05,0,A00,A0,A0,E0,0,0,2012,3,,,,,,1331
20015,4591,A05,0,A00,A0,A0,E0,0,0,2012,3,25,24,6,7,-1,1399
20029,4591,A05,0,A00,A0,A0,E0,0,0,2012,3,16,14,3,6,-2,1136
20031,4591,A05,0,A00,A0,A0,E0,0,0,2012,3,,,,0,,388
20035,4591,A05,0,A00,A0,A0,E0,0,0,2012,3,26,26,,2,0,1637
20037,4591,A05,0,A00,A0,A0,E0,0,0,2012,3,36,34,4,6,-2,1538
20039,4591,A05,0,A00,A0,A0,E0,0,0,2012,3,,0,0,,,353
20041,4591,A05,0,A00,A0,A0,E0,0,0,2012,3,,,0,0,,860
20045,4591,A05,0,A00,A0,A0,E0,0,0,2012,3,251,247,35,40,-4,1217
20051,4591,A05,0,A00,A0,A0,E0,0,0,2012,3,81,84,14,11,3,1147
20055,4591,A05,0,A00,A0,A0,E0,0,0,2012,3,32,34,7,5,2,1658
20057,4591,A05,0,A00,A0,A0,E0,0,0,2012,3,32,30,5,6,-2,1510
20059,4591,A05,0,A00,A0,A0,E0,0,0,2012,3,,,,0,,436
20061,4591,A05,0,A00,A0,A0,E0,0,0,2012,3,23,22,3,5,-1,1371
20069,4591,A05,0,A00,A0,A0,E0,0,0,2012,3,,,0,,,770
20073,4591,A05,0,A00,A0,A0,E0,0,0,2012,3,,,0,,,323
20079,4591,A05,0,A00,A0,A0,E0,0,0,2012,3,29,27,,5,-2,1631
20081,4591,A05,0,A00,A0,A0,E0,0,0,2012,3,,,0,0,,1326
20083,4591,A05,0,A00,A0,A0,E0,0,0,2012,3,,,0,0,,247
20085,4591,A05,0,A00,A0,A0,E0,0,0,2012,3,,,,0,,512
20087,4591,A05,0,A00,A0,A0,E0,0,0,2012,3,,,0,0,,582
20089,4591,A05,0,A00,A0,A0,E0,0,0,2012,3,,,0,0,,212
20091,4591,A05,0,A00,A0,A0,E0,0,0,2012,3,1894,1916,374,352,22,1543
20097,4591,A05,0,A00,A0,A0,E0,0,0,2012,3,,,0,,,188
20099,4591,A05,0,A00,A0,A0,E0,0,0,2012,3,,,,,,771
20103,4591,A05,0,A00,A0,A0,E0,0,0,2012,3,41,45,8,4,4,1257
20111,4591,A05,0,A00,A0,A0,E0,0,0,2012,3,50,47,10,13,-3,1095
20113,4591,A05,0,A00,A0,A0,E0,0,0,2012,3,38,35,4,7,-3,1455
20115,4591,A05,0,A00,A0,A0,E0,0,0,2012,3,,,0,0,,36
20121,4591,A05,0,A00,A0,A0,E0,0,0,2012,3,,,,,,829
20123,4591,A05,0,A00,A0,A0,E0,0,0,2012,3,,,0,0,,668
20125,4591,A05,0,A00,A0,A0,E0,0,0,2012,3,22,25,10,7,3,975
20127,4591,A05,0,A00,A0,A0,E0,0,0,2012,3,,,0,0,,470
20133,4591,A05,0,A00,A0,A0,E0,0,0,2012,3,,,0,0,,192
20137,4591,A05,0,A00,A0,A0,E0,0,0,2012,3,,,,,,1039
20139,4591,A05,0,A00,A0,A0,E0,0,0,2012,3,,,0,,,625
20141,4591,A05,0,A00,A0,A0,E0,0,0,2012,3,,,0,0,,2851
20143,4591,A05,0,A00,A0,A0,E0,0,0,2012,3,,,0,0,,874
20149,4591,A05,0,A00,A0,A0,E0,0,0,2012,3,73,75,7,5,2,2595
20151,4591,A05,0,A00,A0,A0,E0,0,0,2012,3,14,20,8,,7,829
20155,4591,A05,0,A00,A0,A0,E0,0,0,2012,3,88,85,18,22,-3,1827
20157,4591,A05,0,A00,A0,A0,E0,0,0,2012,3,,,,0,,348
20159,4591,A05,0,A00,A0,A0,E0,0,0,2012,3,,,,,,686
20161,4591,A05,0,A00,A0,A0,E0,0,0,2012,3,113,106,23,30,-7,1205
20163,4591,A05,0,A00,A0,A0,E0,0,0,2012,3,,,,,,307
20169,4591,A05,0,A00,A0,A0,E0,0,0,2012,3,98,98,14,13,1,1518
20173,4591,A05,0,A00,A0,A0,E0,0,0,2012,3,1377,1382,236,230,5,1723
20175,4591,A05,0,A00,A0,A0,E0,0,0,2012,3,,,,,,1104
20177,4591,A05,0,A00,A0,A0,E0,0,0,2012,3,369,362,78,85,-7,1153
20191,4591,A05,0,A00,A0,A0,E0,0,0,2012,3,,,0,0,,576
20193,4591,A05,0,A00,A0,A0,E0,0,0,2012,3,,,,,,657
20203,4591,A05,0,A00,A0,A0,E0,0,0,2012,3,,,,,,59
20205,4591,A05,0,A00,A0,A0,E0,0,0,2012,3,,,,0,,1233
20209,4591,A05,0,A00,A0,A0,E0,0,0,2012,3,548,608,151,90,61,1509
20,4591,A05,0,A00,A0,A0,E0,0,0,2012,3,5431,5498,1052,986,66,1513
20003,4591,A05,0,A00,A0,A0,E0,0,0,2012,4,,,,,,948
20009,4591,A05,0,A00,A0,A0,E0,0,0,2012,4,14,17,7,5,2,911
20011,4591,A05,0,A00,A0,A0,E0,0,0,2012,4,,,,,,881
20015,4591,A05,0,A00,A0,A0,E0,0,0,2012,4,24,27,10,7,3,1665
20029,4591,A05,0,A00,A0,A0,E0,0,0,2012,4,14,16,3,,2,1523
20031,4591,A05,0,A00,A0,A0,E0,0,0,2012,4,,,0,0,,308
20035,4591,A05,0,A00,A0,A0,E0,0,0,2012,4,26,26,4,3,1,3286
20037,4591,A05,0,A00,A0,A0,E0,0,0,2012,4,34,37,8,5,3,1641
20041,4591,A05,0,A00,A0,A0,E0,0,0,2012,4,,,0,0,,1004
20045,4591,A05,0,A00,A0,A0,E0,0,0,2012,4,247,256,53,43,10,1294
20051,4591,A05,0,A00,A0,A0,E0,0,0,2012,4,84,79,6,11,-5,1281
20055,4591,A05,0,A00,A0,A0,E0,0,0,2012,4,34,40,14,9,5,1545
20057,4591,A05,0,A00,A0,A0,E0,0,0,2012,4,30,30,7,7,0,1678
20059,4591,A05,0,A00,A0,A0,E0,0,0,2012,4,,,,,,228
20061,4591,A05,0,A00,A0,A0,E0,0,0,2012,4,22,25,7,4,3,1361
20069,4591,A05,0,A00,A0,A0,E0,0,0,2012,4,,,0,0,,924
20073,4591,A05,0,A00,A0,A0,E0,0,0,2012,4,,,,,,355
20079,4591,A05,0,A00,A0,A0,E0,0,0,2012,4,27,30,7,4,3,1125
20081,4591,A05,0,A00,A0,A0,E0,0,0,2012,4,,,0,0,,1326
20083,4591,A05,0,A00,A0,A0,E0,0,0,2012,4,,0,0,,,52
20085,4591,A05,0,A00,A0,A0,E0,0,0,2012,4,,,0,,,469
20087,4591,A05,0,A00,A0,A0,E0,0,0,2012,4,,,0,0,,582
20089,4591,A05,0,A00,A0,A0,E0,0,0,2012,4,,,0,,,204
20091,4591,A05,0,A00,A0,A0,E0,0,0,2012,4,1915,2151,714,477,236,1665
20097,4591,A05,0,A00,A0,A0,E0,0,0,2012,4,,0,0,,,176
20099,4591,A05,0,A00,A0,A0,E0,0,0,2012,4,,,,,,857
20103,4591,A05,0,A00,A0,A0,E0,0,0,2012,4,44,44,8,8,0,1309
20111,4591,A05,0,A00,A0,A0,E0,0,0,2012,4,48,47,7,7,0,1201
20113,4591,A05,0,A00,A0,A0,E0,0,0,2012,4,35,34,3,5,-1,1510
20115,4591,A05,0,A00,A0,A0,E0,0,0,2012,4,,0,0,,,174
20121,4591,A05,0,A00,A0,A0,E0,0,0,2012,4,,,,,,844
20123,4591,A05,0,A00,A0,A0,E0,0,0,2012,4,,,0,0,,780
20125,4591,A05,0,A00,A0,A0,E0,0,0,2012,4,25,28,8,5,3,1163
20127,4591,A05,0,A00,A0,A0,E0,0,0,2012,4,,,0,0,,470
20133,4591,A05,0,A00,A0,A0,E0,0,0,2012,4,,0,0,,,48
20137,4591,A05,0,A00,A0,A0,E0,0,0,2012,4,,,0,0,,1319
20139,4591,A05,0,A00,A0,A0,E0,0,0,2012,4,,,0,,,232
20141,4591,A05,0,A00,A0,A0,E0,0,0,2012,4,,,0,0,,2826
20143,4591,A05,0,A00,A0,A0,E0,0,0,2012,4,,,0,0,,865
20149,4591,A05,0,A00,A0,A0,E0,0,0,2012,4,75,80,19,14,5,3102
20151,4591,A05,0,A00,A0,A0,E0,0,0,2012,4,20,20,2,3,0,950
20155,4591,A05,0,A00,A0,A0,E0,0,0,2012,4,85,94,20,11,9,2040
20157,4591,A05,0,A00,A0,A0,E0,0,0,2012,4,,,0,,,337
20159,4591,A05,0,A00,A0,A0,E0,0,0,2012,4,,,,,,537
20161,4591,A05,0,A00,A0,A0,E0,0,0,2012,4,106,109,21,19,2,1133
20163,4591,A05,0,A00,A0,A0,E0,0,0,2012,4,,,0,,,343
20169,4591,A05,0,A00,A0,A0,E0,0,0,2012,4,99,110,21,10,11,1682
20173,4591,A05,0,A00,A0,A0,E0,0,0,2012,4,1383,1655,583,311,272,1682
20175,4591,A05,0,A00,A0,A0,E0,0,0,2012,4,,,,,,1115
20177,4591,A05,0,A00,A0,A0,E0,0,0,2012,4,362,415,159,105,53,1189
20191,4591,A05,0,A00,A0,A0,E0,0,0,2012,4,,,,,,375
20193,4591,A05,0,A00,A0,A0,E0,0,0,2012,4,,,,,,655
20203,4591,A05,0,A00,A0,A0,E0,0,0,2012,4,,,0,0,,225
20205,4591,A05,0,A00,A0,A0,E0,0,0,2012,4,,,0,0,,2273
20209,4591,A05,0,A00,A0,A0,E0,0,0,2012,4,608,620,112,101,12,1623
20,4591,A05,0,A00,A0,A0,E0,0,0,2012,4,5498,6121,1833,1210,623,1592
20003,4591,A05,0,A00,A0,A0,E0,0,0,2013,1,,,,,,909
20009,4591,A05,0,A00,A0,A0,E0,0,0,2013,1,22,20,4,6,-2,1255
20011,4591,A05,0,A00,A0,A0,E0,0,0,2013,1,,,,,,802
20015,4591,A05,0,A00,A0,A0,E0,0,0,2013,1,27,25,3,5,-2,1296
20029,4591,A05,0,A00,A0,A0,E0,0,0,2013,1,16,16,0,0,0,1370
20031,4591,A05,0,A00,A0,A0,E0,0,0,2013,1,,,0,0,,246
20035,4591,A05,0,A00,A0,A0,E0,0,0,2013,1,26,28,9,7,2,1681
20037,4591,A05,0,A00,A0,A0,E0,0,0,2013,1,37,33,3,7,-4,1382
20041,4591,A05,0,A00,A0,A0,E0,0,0,2013,1,,,0,0,,860
20045,4591,A05,0,A00,A0,A0,E0,0,0,2013,1,265,249,16,32,-16,1152
20051,4591,A05,0,A00,A0,A0,E0,0,0,2013,1,79,79,12,12,0,1076
20055,4591,A05,0,A00,A0,A0,E0,0,0,2013,1,40,38,6,7,-2,1378
20057,4591,A05,0,A00,A0,A0,E0,0,0,2013,1,30,28,3,6,-2,1560
20059,4591,A05,0,A00,A0,A0,E0,0,0,2013,1,,,,,,433
20061,4591,A05,0,A00,A0,A0,E0,0,0,2013,1,22,20,4,6,-2,1259
20069,4591,A05,0,A00,A0,A0,E0,0,0,2013,1,,,,,,840
20073,4591,A05,0,A00,A0,A0,E0,0,0,2013,1,,,,0,,402
20079,4591,A05,0,A00,A0,A0,E0,0,0,2013,1,30,26,,5,-4,1155
20081,4591,A05,0,A00,A0,A0,E0,0,0,2013,1,,0,0,,,442
20085,4591,A05,0,A00,A0,A0,E0,0,0,2013,1,,,,0,,487
20087,4591,A05,0,A00,A0,A0,E0,0,0,2013,1,,,,,,582
20089,4591,A05,0,A00,A0,A0,E0,0,0,2013,1,,,0,0,,395
20091,4591,A05,0,A00,A0,A0,E0,0,0,2013,1,2158,1962,217,413,-196,1422
20097,4591,A05,0,A00,A0,A0,E0,0,0,2013,1,0,0,,,0,
20099,4591,A05,0,A00,A0,A0,E0,0,0,2013,1,,,,,,836
20103,4591,A05,0,A00,A0,A0,E0,0,0,2013,1,49,42,7,14,-7,1109
20111,4591,A05,0,A00,A0,A0,E0,0,0,2013,1,48,46,6,8,-2,1139
20113,4591,A05,0,A00,A0,A0,E0,0,0,2013,1,34,35,4,3,1,1393
20115,4591,A05,0,A00,A0,A0,E0,0,0,2013,1,0,,,0,,
20121,4591,A05,0,A00,A0,A0,E0,0,0,2013,1,,,,,,1103
20123,4591,A05,0,A00,A0,A0,E0,0,0,2013,1,,,0,0,,852
20125,4591,A05,0,A00,A0,A0,E0,0,0,2013,1,28,24,4,8,-4,1157
20127,4591,A05,0,A00,A0,A0,E0,0,0,2013,1,,,0,0,,480
20137,4591,A05,0,A00,A0,A0,E0,0,0,2013,1,,,0,0,,1289
20139,4591,A05,0,A00,A0,A0,E0,0,0,2013,1,,,0,0,,106
20141,4591,A05,0,A00,A0,A0,E0,0,0,2013,1,,,0,0,,2814
20143,4591,A05,0,A00,A0,A0,E0,0,0,2013,1,,,,0,,1071
20149,4591,A05,0,A00,A0,A0,E0,0,0,2013,1,80,76,6,10,-4,2720
20151,4591,A05,0,A00,A0,A0,E0,0,0,2013,1,20,21,4,3,1,777
20155,4591,A05,0,A00,A0,A0,E0,0,0,2013,1,94,94,17,17,0,1727
20157,4591,A05,0,A00,A0,A0,E0,0,0,2013,1,,,,0,,382
20159,4591,A05,0,A00,A0,A0,E0,0,0,2013,1,,,0,,,840
20161,4591,A05,0,A00,A0,A0,E0,0,0,2013,1,106,108,19,17,2,1115
20163,4591,A05,0,A00,A0,A0,E0,0,0,2013,1,,,,0,,210
20169,4591,A05,0,A00,A0,A0,E0,0,0,2013,1,110,103,6,13,-7,1445
20173,4591,A05,0,A00,A0,A0,E0,0,0,2013,1,1735,1559,183,360,-177,1594
20175,4591,A05,0,A00,A0,A0,E0,0,0,2013,1,,,,,,1164
20177,4591,A05,0,A00,A0,A0,E0,0,0,2013,1,415,372,37,80,-43,1005
20181,4591,A05,0,A00,A0,A0,E0,0,0,2013,1,,,0,0,,723
20191,4591,A05,0,A00,A0,A0,E0,0,0,2013,1,,,,0,,227
20193,4591,A05,0,A00,A0,A0,E0,0,0,2013,1,,,,,,566
20203,4591,A05,0,A00,A0,A0,E0,0,0,2013,1,,,0,,,214
20205,4591,A05,0,A00,A0,A0,E0,0,0,2013,1,,,0,0,,2034
20209,4591,A05,0,A00,A0,A0,E0,0,0,2013,1,620,564,25,81,-56,1576
20,4591,A05,0,A00,A0,A0,E0,0,0,2013,1,6226,5708,625,1142,-518,1435
20003,4591,A05,0,A00,A0,A0,E0,0,0,2013,2,,,,,,1093
20009,4591,A05,0,A00,A0,A0,E0,0,0,2013,2,20,24,6,3,4,1390
20011,4591,A05,0,A00,A0,A0,E0,0,0,2013,2,,,,,,839
20015,4591,A05,0,A00,A0,A0,E0,0,0,2013,2,25,24,7,8,-1,1275
20029,4591,A05,0,A00,A0,A0,E0,0,0,2013,2,16,14,0,,-2,1292
20031,4591,A05,0,A00,A0,A0,E0,0,0,2013,2,,,0,0,,252
20035,4591,A05,0,A00,A0,A0,E0,0,0,2013,2,28,30,5,3,2,1497
20037,4591,A05,0,A00,A0,A0,E0,0,0,2013,2,33,34,5,5,0,1287
20039,4591,A05,0,A00,A0,A0,E0,0,0,2013,2,0,,,0,,
20041,4591,A05,0,A00,A0,A0,E0,0,0,2013,2,,,0,0,,1004
20045,4591,A05,0,A00,A0,A0,E0,0,0,2013,2,250,249,44,45,-1,1211
20051,4591,A05,0,A00,A0,A0,E0,0,0,2013,2,79,85,14,8,6,1276
20055,4591,A05,0,A00,A0,A0,E0,0,0,2013,2,38,40,12,10,2,1353
20057,4591,A05,0,A00,A0,A0,E0,0,0,2013,2,28,29,5,5,0,1509
20059,4591,A05,0,A00,A0,A0,E0,0,0,2013,2,,,,,,395
20061,4591,A05,0,A00,A0,A0,E0,0,0,2013,2,,,,,,987
20069,4591,A05,0,A00,A0,A0,E0,0,0,2013,2,,,,,,1147
20073,4591,A05,0,A00,A0,A0,E0,0,0,2013,2,,,0,0,,402
20079,4591,A05,0,A00,A0,A0,E0,0,0,2013,2,26,25,3,3,0,964
20083,4591,A05,0,A00,A0,A0,E0,0,0,2013,2,0,,,0,,
20085,4591,A05,0,A00,A0,A0,E0,0,0,2013,2,,,,0,,688
20087,4591,A05,0,A00,A0,A0,E0,0,0,2013,2,,,,,,772
20089,4591,A05,0,A00,A0,A0,E0,0,0,2013,2,,,0,0,,350
20091,4591,A05,0,A00,A0,A0,E0,0,0,2013,2,1962,1989,357,330,27,1567
20097,4591,A05,0,A00,A0,A0,E0,0,0,2013,2,0,,,0,,
20099,4591,A05,0,A00,A0,A0,E0,0,0,2013,2,,,,,,932
20103,4591,A05,0,A00,A0,A0,E0,0,0,2013,2,37,39,7,5,2,1424
20111,4591,A05,0,A00,A0,A0,E0,0,0,2013,2,45,53,13,6,8,1331
20113,4591,A05,0,A00,A0,A0,E0,0,0,2013,2,35,37,7,5,2,1586
20115,4591,A05,0,A00,A0,A0,E0,0,0,2013,2,,,,0,,282
20121,4591,A05,0,A00,A0,A0,E0,0,0,2013,2,9,13,7,,4,1063
20123,4591,A05,0,A00,A0,A0,E0,0,0,2013,2,,,0,0,,853
20125,4591,A05,0,A00,A0,A0,E0,0,0,2013,2,24,26,8,6,2,1230
20127,4591,A05,0,A00,A0,A0,E0,0,0,2013,2,,,0,0,,480
20137,4591,A05,0,A00,A0,A0,E0,0,0,2013,2,,,,0,,1188
20139,4591,A05,0,A00,A0,A0,E0,0,0,2013,2,,,,0,,331
20141,4591,A05,0,A00,A0,A0,E0,0,0,2013,2,,,0,0,,2925
20143,4591,A05,0,A00,A0,A0,E0,0,0,2013,2,,,,,,874
20149,4591,A05,0,A00,A0,A0,E0,0,0,2013,2,76,84,13,6,7,2837
20151,4591,A05,0,A00,A0,A0,E0,0,0,2013,2,21,22,6,5,1,794
20155,4591,A05,0,A00,A0,A0,E0,0,0,2013,2,94,94,17,16,1,1898
20157,4591,A05,0,A00,A0,A0,E0,0,0,2013,2,,,,,,375
20159,4591,A05,0,A00,A0,A0,E0,0,0,2013,2,,0,,,,765
20161,4591,A05,0,A00,A0,A0,E0,0,0,2013,2,108,108,22,21,1,1138
20163,4591,A05,0,A00,A0,A0,E0,0,0,2013,2,,,,,,339
20167,4591,A05,0,A00,A0,A0,E0,0,0,2013,2,0,,,0,,
20169,4591,A05,0,A00,A0,A0,E0,0,0,2013,2,103,104,10,9,1,1570
20173,4591,A05,0,A00,A0,A0,E0,0,0,2013,2,1621,1608,250,263,-13,1724
20175,4591,A05,0,A00,A0,A0,E0,0,0,2013,2,,,,,,1077
20177,4591,A05,0,A00,A0,A0,E0,0,0,2013,2,373,385,79,67,13,1163
20181,4591,A05,0,A00,A0,A0,E0,0,0,2013,2,,,,,,419
20191,4591,A05,0,A00,A0,A0,E0,0,0,2013,2,,,,,,701
20193,4591,A05,0,A00,A0,A0,E0,0,0,2013,2,,,0,,,591
20203,4591,A05,0,A00,A0,A0,E0,0,0,2013,2,,,0,0,,472
20205,4591,A05,0,A00,A0,A0,E0,0,0,2013,2,,,0,0,,2301
20209,4591,A05,0,A00,A0,A0,E0,0,0,2013,2,564,564,86,86,0,1568
20,4591,A05,0,A00,A0,A0,E0,0,0,2013,2,5761,5832,1030,960,71,1542
20003,4591,A05,0,A00,A0,A0,E0,0,0,2013,3,,,0,0,,1080
20009,4591,A05,0,A00,A0,A0,E0,0,0,2013,3,24,23,6,7,-1,1331
20011,4591,A05,0,A00,A0,A0,E0,0,0,2013,3,,,,,,851
20015,4591,A05,0,A00,A0,A0,E0,0,0,2013,3,24,25,6,4,2,1397
20029,4591,A05,0,A00,A0,A0,E0,0,0,2013,3,14,11,3,6,-2,1222
20031,4591,A05,0,A00,A0,A0,E0,0,0,2013,3,,,0,,,298
20035,4591,A05,0,A00,A0,A0,E0,0,0,2013,3,30,30,7,6,0,1611
20037,4591,A05,0,A00,A0,A0,E0,0,0,2013,3,34,34,7,7,0,1400
20039,4591,A05,0,A00,A0,A0,E0,0,0,2013,3,,0,0,,,78
20041,4591,A05,0,A00,A0,A0,E0,0,0,2013,3,,,0,0,,860
20045,4591,A05,0,A00,A0,A0,E0,0,0,2013,3,248,244,46,51,-5,1200
20051,4591,A05,0,A00,A0,A0,E0,0,0,2013,3,85,81,16,20,-4,1507
20055,4591,A05,0,A00,A0,A0,E0,0,0,2013,3,40,37,9,12,-3,1420
20057,4591,A05,0,A00,A0,A0,E0,0,0,2013,3,29,31,7,5,3,1644
20059,4591,A05,0,A00,A0,A0,E0,0,0,2013,3,,,,,,501
20061,4591,A05,0,A00,A0,A0,E0,0,0,2013,3,,,,,,1185
20069,4591,A05,0,A00,A0,A0,E0,0,0,2013,3,,,0,0,,1325
20073,4591,A05,0,A00,A0,A0,E0,0,0,2013,3,,,0,0,,424
20079,4591,A05,0,A00,A0,A0,E0,0,0,2013,3,25,23,,3,-2,955
20083,4591,A05,0,A00,A0,A0,E0,0,0,2013,3,,0,0,,,752
20085,4591,A05,0,A00,A0,A0,E0,0,0,2013,3,,,0,0,,706
20087,4591,A05,0,A00,A0,A0,E0,0,0,2013,3,4,,,4,-2,865
20089,4591,A05,0,A00,A0,A0,E0,0,0,2013,3,,,0,0,,530
20091,4591,A05,0,A00,A0,A0,E0,0,0,2013,3,1987,2049,472,410,62,1550
20097,4591,A05,0,A00,A0,A0,E0,0,0,2013,3,,,0,0,,157
20099,4591,A05,0,A00,A0,A0,E0,0,0,2013,3,,,,,,903
20103,4591,A05,0,A00,A0,A0,E0,0,0,2013,3,39,37,6,8,-2,1470
20111,4591,A05,0,A00,A0,A0,E0,0,0,2013,3,53,50,11,14,-3,1349
20113,4591,A05,0,A00,A0,A0,E0,0,0,2013,3,37,40,7,5,3,1513
20115,4591,A05,0,A00,A0,A0,E0,0,0,2013,3,,,0,0,,789
20121,4591,A05,0,A00,A0,A0,E0,0,0,2013,3,13,12,3,5,-2,936
20123,4591,A05,0,A00,A0,A0,E0,0,0,2013,3,,,0,0,,961
20125,4591,A05,0,A00,A0,A0,E0,0,0,2013,3,26,24,7,10,-3,1164
20127,4591,A05,0,A00,A0,A0,E0,0,0,2013,3,,,0,0,,480
20137,4591,A05,0,A00,A0,A0,E0,0,0,2013,3,,,0,0,,893
20139,4591,A05,0,A00,A0,A0,E0,0,0,2013,3,,,0,0,,310
20141,4591,A05,0,A00,A0,A0,E0,0,0,2013,3,,,,,,2943
20143,4591,A05,0,A00,A0,A0,E0,0,0,2013,3,,,,0,,958
20149,4591,A05,0,A00,A0,A0,E0,0,0,2013,3,84,86,14,11,3,2860
20151,4591,A05,0,A00,A0,A0,E0,0,0,2013,3,22,26,8,4,4,803
20155,4591,A05,0,A00,A0,A0,E0,0,0,2013,3,94,92,13,15,-3,1876
20157,4591,A05,0,A00,A0,A0,E0,0,0,2013,3,,,0,0,,467
20159,4591,A05,0,A00,A0,A0,E0,0,0,2013,3,0,,,,,
20161,4591,A05,0,A00,A0,A0,E0,0,0,2013,3,108,109,32,30,1,1197
20163,4591,A05,0,A00,A0,A0,E0,0,0,2013,3,,,0,,,494
20167,4591,A05,0,A00,A0,A0,E0,0,0,2013,3,,,0,0,,602
20169,4591,A05,0,A00,A0,A0,E0,0,0,2013,3,104,117,27,15,13,1584
20173,4591,A05,0,A00,A0,A0,E0,0,0,2013,3,1609,1855,606,360,246,1637
20175,4591,A05,0,A00,A0,A0,E0,0,0,2013,3,,,,,,1344
20177,4591,A05,0,A00,A0,A0,E0,0,0,2013,3,385,382,86,89,-3,1137
20181,4591,A05,0,A00,A0,A0,E0,0,0,2013,3,,,,,,315
20191,4591,A05,0,A00,A0,A0,E0,0,0,2013,3,,,,,,491
20193,4591,A05,0,A00,A0,A0,E0,0,0,2013,3,,,,,,706
20203,4591,A05,0,A00,A0,A0,E0,0,0,2013,3,,,,0,,498
20205,4591,A05,0,A00,A0,A0,E0,0,0,2013,3,,,0,,,1975
20209,4591,A05,0,A00,A0,A0,E0,0,0,2013,3,564,584,121,102,20,1401
20,4591,A05,0,A00,A0,A0,E0,0,0,2013,3,5830,6150,1561,1241,320,1501
20001,4591,A05,0,A00,A0,A0,E0,0,0,2013,4,0,,,0,,
20003,4591,A05,0,A00,A0,A0,E0,0,0,2013,4,,,0,,,1065
20009,4591,A05,0,A00,A0,A0,E0,0,0,2013,4,23,25,8,6,2,1167
20011,4591,A05,0,A00,A0,A0,E0,0,0,2013,4,,,,,,744
20015,4591,A05,0,A00,A0,A0,E0,0,0,2013,4,25,30,11,6,5,1477
20029,4591,A05,0,A00,A0,A0,E0,0,0,2013,4,11,13,,0,1,1410
20031,4591,A05,0,A00,A0,A0,E0,0,0,2013,4,,,0,,,412
20035,4591,A05,0,A00,A0,A0,E0,0,0,2013,4,30,33,8,5,3,2781
20037,4591,A05,0,A00,A0,A0,E0,0,0,2013,4,34,37,9,6,3,1428
20041,4591,A05,0,A00,A0,A0,E0,0,0,2013,4,,,0,0,,1004
20045,4591,A05,0,A00,A0,A0,E0,0,0,2013,4,244,253,45,37,9,1294
20051,4591,A05,0,A00,A0,A0,E0,0,0,2013,4,81,78,14,17,-3,1325
20055,4591,A05,0,A00,A0,A0,E0,0,0,2013,4,37,41,11,6,4,1427
20057,4591,A05,0,A00,A0,A0,E0,0,0,2013,4,32,38,12,6,6,1580
20059,4591,A05,0,A00,A0,A0,E0,0,0,2013,4,,,,0,,546
20061,4591,A05,0,A00,A0,A0,E0,0,0,2013,4,,,,,,999
20069,4591,A05,0,A00,A0,A0,E0,0,0,2013,4,,,0,0,,1315
20073,4591,A05,0,A00,A0,A0,E0,0,0,2013,4,,,0,0,,403
20079,4591,A05,0,A00,A0,A0,E0,0,0,2013,4,23,28,7,3,4,847
20085,4591,A05,0,A00,A0,A0,E0,0,0,2013,4,,,0,,,812
20087,4591,A05,0,A00,A0,A0,E0,0,0,2013,4,,0,,,,740
20089,4591,A05,0,A00,A0,A0,E0,0,0,2013,4,,,,,,334
20091,4591,A05,0,A00,A0,A0,E0,0,0,2013,4,2050,2278,787,559,228,1619
20097,4591,A05,0,A00,A0,A0,E0,0,0,2013,4,,0,0,,,161
20099,4591,A05,0,A00,A0,A0,E0,0,0,2013,4,,,,,,915
20103,4591,A05,0,A00,A0,A0,E0,0,0,2013,4,37,38,9,7,1,1445
20111,4591,A05,0,A00,A0,A0,E0,0,0,2013,4,49,44,10,15,-5,1297
20113,4591,A05,0,A00,A0,A0,E0,0,0,2013,4,40,39,5,6,-1,1673
20115,4591,A05,0,A00,A0,A0,E0,0,0,2013,4,,,0,0,,904
20121,4591,A05,0,A00,A0,A0,E0,0,0,2013,4,12,9,6,9,-3,481
20123,4591,A05,0,A00,A0,A0,E0,0,0,2013,4,,,0,0,,1032
20125,4591,A05,0,A00,A0,A0,E0,0,0,2013,4,24,25,5,4,1,1197
20127,4591,A05,0,A00,A0,A0,E0,0,0,2013,4,,,0,0,,480
20137,4591,A05,0,A00,A0,A0,E0,0,0,2013,4,,,0,0,,989
20139,4591,A05,0,A00,A0,A0,E0,0,0,2013,4,,,0,,,233
20141,4591,A05,0,A00,A0,A0,E0,0,0,2013,4,,,0,0,,3025
20143,4591,A05,0,A00,A0,A0,E0,0,0,2013,4,,,,0,,945
20149,4591,A05,0,A00,A0,A0,E0,0,0,2013,4,86,95,19,10,9,2603
20151,4591,A05,0,A00,A0,A0,E0,0,0,2013,4,26,23,4,7,-3,856
20155,4591,A05,0,A00,A0,A0,E0,0,0,2013,4,92,106,27,12,15,2048
20157,4591,A05,0,A00,A0,A0,E0,0,0,2013,4,,,0,,,392
20159,4591,A05,0,A00,A0,A0,E0,0,0,2013,4,,,0,,,408
20161,4591,A05,0,A00,A0,A0,E0,0,0,2013,4,109,121,62,50,12,1059
20163,4591,A05,0,A00,A0,A0,E0,0,0,2013,4,,,0,0,,158
20167,4591,A05,0,A00,A0,A0,E0,0,0,2013,4,,,0,0,,713
20169,4591,A05,0,A00,A0,A0,E0,0,0,2013,4,117,143,60,34,26,1676
20173,4591,A05,0,A00,A0,A0,E0,0,0,2013,4,1854,1975,576,456,121,1681
20175,4591,A05,0,A00,A0,A0,E0,0,0,2013,4,,,,,,1211
20177,4591,A05,0,A00,A0,A0,E0,0,0,2013,4,382,418,169,132,37,1181
20181,4591,A05,0,A00,A0,A0,E0,0,0,2013,4,,,,,,12
20191,4591,A05,0,A00,A0,A0,E0,0,0,2013,4,,,,,,326
20193,4591,A05,0,A00,A0,A0,E0,0,0,2013,4,,,,,,871
20203,4591,A05,0,A00,A0,A0,E0,0,0,2013,4,,,,,,232
20205,4591,A05,0,A00,A0,A0,E0,0,0,2013,4,,,0,0,,3202
20209,4591,A05,0,A00,A0,A0,E0,0,0,2013,4,584,599,138,123,15,1516
20,4591,A05,0,A00,A0,A0,E0,0,0,2013,4,6150,6632,2035,1552,483,1563
20001,4591,A05,0,A00,A0,A0,E0,0,0,2014,1,,,,0,,1048
20003,4591,A05,0,A00,A0,A0,E0,0,0,2014,1,,,,0,,1023
20009,4591,A05,0,A00,A0,A0,E0,0,0,2014,1,25,22,3,7,-3,1169
20011,4591,A05,0,A00,A0,A0,E0,0,0,2014,1,,,,,,824
20015,4591,A05,0,A00,A0,A0,E0,0,0,2014,1,30,27,4,7,-3,1221
20029,4591,A05,0,A00,A0,A0,E0,0,0,2014,1,13,14,,0,1,1180
20031,4591,A05,0,A00,A0,A0,E0,0,0,2014,1,,,0,0,,491
20035,4591,A05,0,A00,A0,A0,E0,0,0,2014,1,33,36,6,3,3,1399
20037,4591,A05,0,A00,A0,A0,E0,0,0,2014,1,37,37,4,4,0,1358
20041,4591,A05,0,A00,A0,A0,E0,0,0,2014,1,,,0,0,,860
20045,4591,A05,0,A00,A0,A0,E0,0,0,2014,1,252,244,35,44,-9,1178
20051,4591,A05,0,A00,A0,A0,E0,0,0,2014,1,78,75,11,13,-2,1225
20055,4591,A05,0,A00,A0,A0,E0,0,0,2014,1,41,39,4,6,-2,1371
20057,4591,A05,0,A00,A0,A0,E0,0,0,2014,1,37,32,3,8,-5,1245
20059,4591,A05,0,A00,A0,A0,E0,0,0,2014,1,,,0,0,,384
20061,4591,A05,0,A00,A0,A0,E0,0,0,2014,1,,,,,,1233
20069,4591,A05,0,A00,A0,A0,E0,0,0,2014,1,,,,0,,1266
20073,4591,A05,0,A00,A0,A0,E0,0,0,2014,1,,,,0,,396
20079,4591,A05,0,A00,A0,A0,E0,0,0,2014,1,28,26,,4,-1,742
20083,4591,A05,0,A00,A0,A0,E0,0,0,2014,1,0,,,0,,
20085,4591,A05,0,A00,A0,A0,E0,0,0,2014,1,,,,0,,728
20087,4591,A05,0,A00,A0,A0,E0,0,0,2014,1,0,,,0,,
20089,4591,A05,0,A00,A0,A0,E0,0,0,2014,1,,,0,0,,364
20091,4591,A05,0,A00,A0,A0,E0,0,0,2014,1,2316,2047,213,483,-269,1427
20097,4591,A05,0,A00,A0,A0,E0,0,0,2014,1,0,,,0,,
20099,4591,A05,0,A00,A0,A0,E0,0,0,2014,1,9,11,4,,3,959
20103,4591,A05,0,A00,A0,A0,E0,0,0,2014,1,38,34,5,9,-4,1285
20111,4591,A05,0,A00,A0,A0,E0,0,0,2014,1,45,48,12,9,3,1417
20113,4591,A05,0,A00,A0,A0,E0,0,0,2014,1,39,41,5,3,2,1570
20115,4591,A05,0,A00,A0,A0,E0,0,0,2014,1,,,,0,,597
20121,4591,A05,0,A00,A0,A0,E0,0,0,2014,1,9,11,4,,2,941
20123,4591,A05,0,A00,A0,A0,E0,0,0,2014,1,,,0,0,,938
20125,4591,A05,0,A00,A0,A0,E0,0,0,2014,1,25,23,4,5,-2,1153
20127,4591,A05,0,A00,A0,A0,E0,0,0,2014,1,,,0,0,,480
20137,4591,A05,0,A00,A0,A0,E0,0,0,2014,1,,,0,0,,951
20139,4591,A05,0,A00,A0,A0,E0,0,0,2014,1,,,0,0,,224
20141,4591,A05,0,A00,A0,A0,E0,0,0,2014,1,,,0,0,,3006
20143,4591,A05,0,A00,A0,A0,E0,0,0,2014,1,,,,,,1120
20149,4591,A05,0,A00,A0,A0,E0,0,0,2014,1,95,94,9,11,-2,2506
20151,4591,A05,0,A00,A0,A0,E0,0,0,2014,1,23,22,3,4,-1,780
20155,4591,A05,0,A00,A0,A0,E0,0,0,2014,1,106,96,5,15,-11,1688
20157,4591,A05,0,A00,A0,A0,E0,0,0,2014,1,,,,0,,1298
20159,4591,A05,0,A00,A0,A0,E0,0,0,2014,1,,,,,,726
20161,4591,A05,0,A00,A0,A0,E0,0,0,2014,1,113,108,19,23,-4,1182
20163,4591,A05,0,A00,A0,A0,E0,0,0,2014,1,,,0,0,,183
20167,4591,A05,0,A00,A0,A0,E0,0,0,2014,1,,,0,0,,635
20169,4591,A05,0,A00,A0,A0,E0,0,0,2014,1,144,129,13,28,-15,1339
20173,4591,A05,0,A00,A0,A0,E0,0,0,2014,1,1937,1743,208,402,-194,1515
20175,4591,A05,0,A00,A0,A0,E0,0,0,2014,1,,,,,,1279
20177,4591,A05,0,A00,A0,A0,E0,0,0,2014,1,423,372,48,99,-51,1021
20181,4591,A05,0,A00,A0,A0,E0,0,0,2014,1,,,,,,644
20191,4591,A05,0,A00,A0,A0,E0,0,0,2014,1,,,0,,,417
20193,4591,A05,0,A00,A0,A0,E0,0,0,2014,1,14,12,3,4,-2,463
20203,4591,A05,0,A00,A0,A0,E0,0,0,2014,1,,,0,0,,493
20205,4591,A05,0,A00,A0,A0,E0,0,0,2014,1,,,0,0,,2745
20209,4591,A05,0,A00,A0,A0,E0,0,0,2014,1,599,479,19,139,-120,1338
20,4591,A05,0,A00,A0,A0,E0,0,0,2014,1,6634,5962,676,1348,-672,1396
20001,4591,A05,0,A00,A0,A0,E0,0,0,2014,2,,,,,,853
20003,4591,A05,0,A00,A0,A0,E0,0,0,2014,2,,,,,,1001
20009,4591,A05,0,A00,A0,A0,E0,0,0,2014,2,22,19,4,6,-2,1134
20011,4591,A05,0,A00,A0,A0,E0,0,0,2014,2,,,,,,697
20015,4591,A05,0,A00,A0,A0,E0,0,0,2014,2,27,24,4,6,-3,1287
20021,4591,A05,0,A00,A0,A0,E0,0,0,2014,2,0,,,0,,
20029,4591,A05,0,A00,A0,A0,E0,0,0,2014,2,14,11,0,,-2,1191
20031,4591,A05,0,A00,A0,A0,E0,0,0,2014,2,,,,,,557
20035,4591,A05,0,A00,A0,A0,E0,0,0,2014,2,36,30,,8,-6,1255
20037,4591,A05,0,A00,A0,A0,E0,0,0,2014,2,37,39,7,5,2,1222
20039,4591,A05,0,A00,A0,A0,E0,0,0,2014,2,0,0,,,0,
20041,4591,A05,0,A00,A0,A0,E0,0,0,2014,2,,,0,0,,1004
20045,4591,A05,0,A00,A0,A0,E0,0,0,2014,2,244,272,72,43,29,1258
20049,4591,A05,0,A00,A0,A0,E0,0,0,2014,2,0,,,0,,
20051,4591,A05,0,A00,A0,A0,E0,0,0,2014,2,54,66,27,15,12,1125
20055,4591,A05,0,A00,A0,A0,E0,0,0,2014,2,39,39,9,9,0,1394
20057,4591,A05,0,A00,A0,A0,E0,0,0,2014,2,32,32,7,6,0,1407
20059,4591,A05,0,A00,A0,A0,E0,0,0,2014,2,,,0,,,475
20061,4591,A05,0,A00,A0,A0,E0,0,0,2014,2,,,,,,868
20069,4591,A05,0,A00,A0,A0,E0,0,0,2014,2,,,0,0,,1107
20073,4591,A05,0,A00,A0,A0,E0,0,0,2014,2,10,12,8,6,2,521
20079,4591,A05,0,A00,A0,A0,E0,0,0,2014,2,26,26,4,5,0,626
20083,4591,A05,0,A00,A0,A0,E0,0,0,2014,2,,,,,,313
20085,4591,A05,0,A00,A0,A0,E0,0,0,2014,2,,,0,0,,752
20087,4591,A05,0,A00,A0,A0,E0,0,0,2014,2,,,,0,,1748
20089,4591,A05,0,A00,A0,A0,E0,0,0,2014,2,,,0,0,,359
20091,4591,A05,0,A00,A0,A0,E0,0,0,2014,2,2076,2119,426,383,42,1639
20097,4591,A05,0,A00,A0,A0,E0,0,0,2014,2,,0,0,,,18
20099,4591,A05,0,A00,A0,A0,E0,0,0,2014,2,11,10,,3,-1,864
20103,4591,A05,0,A00,A0,A0,E0,0,0,2014,2,34,27,6,12,-7,1325
20111,4591,A05,0,A00,A0,A0,E0,0,0,2014,2,48,50,12,10,2,1455
20113,4591,A05,0,A00,A0,A0,E0,0,0,2014,2,41,38,3,6,-3,1663
20115,4591,A05,0,A00,A0,A0,E0,0,0,2014,2,,,0,,,799
20121,4591,A05,0,A00,A0,A0,E0,0,0,2014,2,11,11,4,4,0,811
20123,4591,A05,0,A00,A0,A0,E0,0,0,2014,2,,,0,0,,1013
20125,4591,A05,0,A00,A0,A0,E0,0,0,2014,2,23,20,4,8,-3,1137
20127,4591,A05,0,A00,A0,A0,E0,0,0,2014,2,,,0,0,,480
20137,4591,A05,0,A00,A0,A0,E0,0,0,2014,2,,,,,,1121
20139,4591,A05,0,A00,A0,A0,E0,0,0,2014,2,,,0,0,,252
20141,4591,A05,0,A00,A0,A0,E0,0,0,2014,2,,,0,,,2873
20143,4591,A05,0,A00,A0,A0,E0,0,0,2014,2,,,,0,,856
20149,4591,A05,0,A00,A0,A0,E0,0,0,2014,2,94,98,12,7,5,2421
20151,4591,A05,0,A00,A0,A0,E0,0,0,2014,2,22,22,4,4,0,891
20155,4591,A05,0,A00,A0,A0,E0,0,0,2014,2,96,98,18,16,2,1740
20157,4591,A05,0,A00,A0,A0,E0,0,0,2014,2,,,,0,,560
20159,4591,A05,0,A00,A0,A0,E0,0,0,2014,2,,,0,0,,497
20161,4591,A05,0,A00,A0,A0,E0,0,0,2014,2,108,117,30,22,8,1210
20163,4591,A05,0,A00,A0,A0,E0,0,0,2014,2,,,0,0,,141
20167,4591,A05,0,A00,A0,A0,E0,0,0,2014,2,,,0,0,,658
20169,4591,A05,0,A00,A0,A0,E0,0,0,2014,2,130,137,30,23,7,1408
20173,4591,A05,0,A00,A0,A0,E0,0,0,2014,2,1743,1762,376,357,19,1695
20175,4591,A05,0,A00,A0,A0,E0,0,0,2014,2,,,,,,1082
20177,4591,A05,0,A00,A0,A0,E0,0,0,2014,2,372,395,94,71,23,1161
20181,4591,A05,0,A00,A0,A0,E0,0,0,2014,2,,0,0,,,260
20191,4591,A05,0,A00,A0,A0,E0,0,0,2014,2,,,,,,688
20193,4591,A05,0,A00,A0,A0,E0,0,0,2014,2,12,12,3,4,-1,566
20203,4591,A05,0,A00,A0,A0,E0,0,0,2014,2,,,0,0,,566
20205,4591,A05,0,A00,A0,A0,E0,0,0,2014,2,,0,0,,,3202
20209,4591,A05,0,A00,A0,A0,E0,0,0,2014,2,479,432,46,93,-47,1439
20,4591,A05,0,A00,A0,A0,E0,0,0,2014,2,5969,6049,1240,1161,80,1538
20001,4591,A05,0,A00,A0,A0,E0,0,0,2014,3,,,,,,806
20003,4591,A05,0,A00,A0,A0,E0,0,0,2014,3,,,,,,923
20009,4591,A05,0,A00,A0,A0,E0,0,0,2014,3,19,22,9,6,3,1367
20011,4591,A05,0,A00,A0,A0,E0,0,0,2014,3,,,,,,801
20015,4591,A05,0,A00,A0,A0,E0,0,0,2014,3,24,23,6,7,-1,1308
20021,4591,A05,0,A00,A0,A0,E0,0,0,2014,3,,,0,,,749
20029,4591,A05,0,A00,A0,A0,E0,0,0,2014,3,11,14,3,,2,1364
20031,4591,A05,0,A00,A0,A0,E0,0,0,2014,3,,,,,,338
20035,4591,A05,0,A00,A0,A0,E0,0,0,2014,3,30,31,3,2,1,1518
20037,4591,A05,0,A00,A0,A0,E0,0,0,2014,3,39,41,10,8,2,1233
20041,4591,A05,0,A00,A0,A0,E0,0,0,2014,3,,,0,0,,860
20045,4591,A05,0,A00,A0,A0,E0,0,0,2014,3,273,276,64,61,3,1195
20049,4591,A05,0,A00,A0,A0,E0,0,0,2014,3,,,,,,410
20051,4591,A05,0,A00,A0,A0,E0,0,0,2014,3,66,60,19,25,-6,1082
20055,4591,A05,0,A00,A0,A0,E0,0,0,2014,3,39,83,56,13,44,1484
20057,4591,A05,0,A00,A0,A0,E0,0,0,2014,3,33,35,12,10,2,1503
20059,4591,A05,0,A00,A0,A0,E0,0,0,2014,3,,,,,,475
20061,4591,A05,0,A00,A0,A0,E0,0,0,2014,3,,,,,,1100
20069,4591,A05,0,A00,A0,A0,E0,0,0,2014,3,,,0,0,,1150
20073,4591,A05,0,A00,A0,A0,E0,0,0,2014,3,12,12,0,0,0,481
20079,4591,A05,0,A00,A0,A0,E0,0,0,2014,3,26,28,9,7,2,580
20083,4591,A05,0,A00,A0,A0,E0,0,0,2014,3,,,,,,343
20085,4591,A05,0,A00,A0,A0,E0,0,0,2014,3,,,0,0,,688
20087,4591,A05,0,A00,A0,A0,E0,0,0,2014,3,,,0,0,,1587
20089,4591,A05,0,A00,A0,A0,E0,0,0,2014,3,,,0,0,,380
20091,4591,A05,0,A00,A0,A0,E0,0,0,2014,3,2117,2081,438,474,-36,1580
20099,4591,A05,0,A00,A0,A0,E0,0,0,2014,3,10,10,,,0,965
20103,4591,A05,0,A00,A0,A0,E0,0,0,2014,3,27,34,15,9,7,1378
20111,4591,A05,0,A00,A0,A0,E0,0,0,2014,3,50,49,11,13,-1,1494
20113,4591,A05,0,A00,A0,A0,E0,0,0,2014,3,38,43,10,4,5,1760
20115,4591,A05,0,A00,A0,A0,E0,0,0,2014,3,,,,,,831
20121,4591,A05,0,A00,A0,A0,E0,0,0,2014,3,11,12,4,3,0,803
20123,4591,A05,0,A00,A0,A0,E0,0,0,2014,3,,,0,0,,966
20125,4591,A05,0,A00,A0,A0,E0,0,0,2014,3,20,20,7,7,0,1337
20127,4591,A05,0,A00,A0,A0,E0,0,0,2014,3,,,0,0,,480
20133,4591,A05,0,A00,A0,A0,E0,0,0,2014,3,0,,,0,,
20137,4591,A05,0,A00,A0,A0,E0,0,0,2014,3,,,0,0,,1093
20139,4591,A05,0,A00,A0,A0,E0,0,0,2014,3,,0,,,,341
20141,4591,A05,0,A00,A0,A0,E0,0,0,2014,3,,0,0,,,3573
20143,4591,A05,0,A00,A0,A0,E0,0,0,2014,3,,,0,0,,949
20149,4591,A05,0,A00,A0,A0,E0,0,0,2014,3,98,99,17,16,1,2553
20151,4591,A05,0,A00,A0,A0,E0,0,0,2014,3,22,23,6,5,1,817
20155,4591,A05,0,A00,A0,A0,E0,0,0,2014,3,98,94,20,24,-4,1711
20157,4591,A05,0,A00,A0,A0,E0,0,0,2014,3,,,0,0,,459
20159,4591,A05,0,A00,A0,A0,E0,0,0,2014,3,,,,0,,559
20161,4591,A05,0,A00,A0,A0,E0,0,0,2014,3,117,119,29,28,2,1361
20163,4591,A05,0,A00,A0,A0,E0,0,0,2014,3,,,,,,203
20167,4591,A05,0,A00,A0,A0,E0,0,0,2014,3,,,0,0,,651
20169,4591,A05,0,A00,A0,A0,E0,0,0,2014,3,136,138,29,27,2,1482
20173,4591,A05,0,A00,A0,A0,E0,0,0,2014,3,1763,1786,421,397,23,1641
20175,4591,A05,0,A00,A0,A0,E0,0,0,2014,3,,,,,,1234
20177,4591,A05,0,A00,A0,A0,E0,0,0,2014,3,395,375,87,108,-21,1123
20191,4591,A05,0,A00,A0,A0,E0,0,0,2014,3,,,,,,597
20193,4591,A05,0,A00,A0,A0,E0,0,0,2014,3,12,11,,,-1,679
20203,4591,A05,0,A00,A0,A0,E0,0,0,2014,3,,,0,0,,622
20209,4591,A05,0,A00,A0,A0,E0,0,0,2014,3,432,456,98,73,25,1462
20,4591,A05,0,A00,A0,A0,E0,0,0,2014,3,6049,6114,1429,1364,65,1511
20001,4591,A05,0,A00,A0,A0,E0,0,0,2014,4,,,,,,731
20003,4591,A05,0,A00,A0,A0,E0,0,0,2014,4,,,,,,1006
20009,4591,A05,0,A00,A0,A0,E0,0,0,2014,4,22,24,7,6,2,1093
20011,4591,A05,0,A00,A0,A0,E0,0,0,2014,4,,,,,,802
20015,4591,A05,0,A00,A0,A0,E0,0,0,2014,4,23,23,9,9,0,1701
20021,4591,A05,0,A00,A0,A0,E0,0,0,2014,4,,,0,0,,1113
20029,4591,A05,0,A00,A0,A0,E0,0,0,2014,4,14,12,0,,-1,1245
20031,4591,A05,0,A00,A0,A0,E0,0,0,2014,4,,,0,0,,611
20035,4591,A05,0,A00,A0,A0,E0,0,0,2014,4,30,31,6,6,0,2576
20037,4591,A05,0,A00,A0,A0,E0,0,0,2014,4,41,39,11,13,-2,1221
20041,4591,A05,0,A00,A0,A0,E0,0,0,2014,4,,,0,0,,1004
20045,4591,A05,0,A00,A0,A0,E0,0,0,2014,4,276,284,66,59,7,1282
20049,4591,A05,0,A00,A0,A0,E0,0,0,2014,4,,,0,0,,1174
20051,4591,A05,0,A00,A0,A0,E0,0,0,2014,4,60,60,15,15,0,1197
20055,4591,A05,0,A00,A0,A0,E0,0,0,2014,4,83,84,37,36,1,1257
20057,4591,A05,0,A00,A0,A0,E0,0,0,2014,4,34,34,8,8,0,1545
20059,4591,A05,0,A00,A0,A0,E0,0,0,2014,4,,,,,,464
20061,4591,A05,0,A00,A0,A0,E0,0,0,2014,4,,,,,,837
20069,4591,A05,0,A00,A0,A0,E0,0,0,2014,4,,,0,,,1166
20073,4591,A05,0,A00,A0,A0,E0,0,0,2014,4,12,10,0,,-2,433
20079,4591,A05,0,A00,A0,A0,E0,0,0,2014,4,28,24,6,9,-4,673
20083,4591,A05,0,A00,A0,A0,E0,0,0,2014,4,,,,0,,143
20085,4591,A05,0,A00,A0,A0,E0,0,0,2014,4,,,0,0,,780
20087,4591,A05,0,A00,A0,A0,E0,0,0,2014,4,,,0,0,,1557
20089,4591,A05,0,A00,A0,A0,E0,0,0,2014,4,,,,,,419
20091,4591,A05,0,A00,A0,A0,E0,0,0,2014,4,2078,2316,698,460,238,1794
20099,4591,A05,0,A00,A0,A0,E0,0,0,2014,4,10,10,,,1,937
20103,4591,A05,0,A00,A0,A0,E0,0,0,2014,4,34,40,12,6,6,1118
20111,4591,A05,0,A00,A0,A0,E0,0,0,2014,4,49,52,13,10,3,1569
20113,4591,A05,0,A00,A0,A0,E0,0,0,2014,4,43,45,7,5,1,1658
20115,4591,A05,0,A00,A0,A0,E0,0,0,2014,4,,,0,0,,903
20117,4591,A05,0,A00,A0,A0,E0,0,0,2014,4,0,,,0,,
20121,4591,A05,0,A00,A0,A0,E0,0,0,2014,4,11,8,2,5,-3,802
20123,4591,A05,0,A00,A0,A0,E0,0,0,2014,4,,,0,0,,1085
20125,4591,A05,0,A00,A0,A0,E0,0,0,2014,4,20,22,8,6,2,1272
20127,4591,A05,0,A00,A0,A0,E0,0,0,2014,4,,,0,0,,480
20133,4591,A05,0,A00,A0,A0,E0,0,0,2014,4,,,0,0,,108
20137,4591,A05,0,A00,A0,A0,E0,0,0,2014,4,,,,0,,1126
20139,4591,A05,0,A00,A0,A0,E0,0,0,2014,4,0,,,0,,
20141,4591,A05,0,A00,A0,A0,E0,0,0,2014,4,0,,,0,,
20143,4591,A05,0,A00,A0,A0,E0,0,0,2014,4,,,0,,,974
20149,4591,A05,0,A00,A0,A0,E0,0,0,2014,4,99,106,20,13,7,2397
20151,4591,A05,0,A00,A0,A0,E0,0,0,2014,4,23,19,5,9,-4,931
20155,4591,A05,0,A00,A0,A0,E0,0,0,2014,4,94,96,25,23,2,1899
20157,4591,A05,0,A00,A0,A0,E0,0,0,2014,4,,,,,,394
20159,4591,A05,0,A00,A0,A0,E0,0,0,2014,4,,,,,,367
20161,4591,A05,0,A00,A0,A0,E0,0,0,2014,4,118,136,47,30,17,1184
20163,4591,A05,0,A00,A0,A0,E0,0,0,2014,4,,,0,,,224
20167,4591,A05,0,A00,A0,A0,E0,0,0,2014,4,,,0,0,,594
20169,4591,A05,0,A00,A0,A0,E0,0,0,2014,4,137,138,32,32,0,1542
20173,4591,A05,0,A00,A0,A0,E0,0,0,2014,4,1786,1990,666,461,205,1808
20175,4591,A05,0,A00,A0,A0,E0,0,0,2014,4,,,,,,987
20177,4591,A05,0,A00,A0,A0,E0,0,0,2014,4,375,410,139,104,34,1204
20191,4591,A05,0,A00,A0,A0,E0,0,0,2014,4,,,,,,302
20193,4591,A05,0,A00,A0,A0,E0,0,0,2014,4,11,10,0,,-1,626
20203,4591,A05,0,A00,A0,A0,E0,0,0,2014,4,,,0,0,,522
20209,4591,A05,0,A00,A0,A0,E0,0,0,2014,4,456,543,188,101,87,1734
20,4591,A05,0,A00,A0,A0,E0,0,0,2014,4,6109,6715,2068,1462,606,1661
20001,4591,A05,0,A00,A0,A0,E0,0,0,2015,1,,,,,,791
20003,4591,A05,0,A00,A0,A0,E0,0,0,2015,1,,,0,0,,862
20009,4591,A05,0,A00,A0,A0,E0,0,0,2015,1,24,20,3,7,-4,1306
20011,4591,A05,0,A00,A0,A0,E0,0,0,2015,1,,,,,,960
20015,4591,A05,0,A00,A0,A0,E0,0,0,2015,1,23,21,5,7,-2,1244
20021,4591,A05,0,A00,A0,A0,E0,0,0,2015,1,,,0,0,,620
20029,4591,A05,0,A00,A0,A0,E0,0,0,2015,1,12,12,0,0,0,1290
20031,4591,A05,0,A00,A0,A0,E0,0,0,2015,1,,,0,0,,505
20035,4591,A05,0,A00,A0,A0,E0,0,0,2015,1,31,29,,3,-2,1563
20037,4591,A05,0,A00,A0,A0,E0,0,0,2015,1,39,35,3,7,-4,1342
20041,4591,A05,0,A00,A0,A0,E0,0,0,2015,1,,,0,0,,860
20045,4591,A05,0,A00,A0,A0,E0,0,0,2015,1,283,258,36,61,-24,1138
20049,4591,A05,0,A00,A0,A0,E0,0,0,2015,1,,,,0,,1228
20051,4591,A05,0,A00,A0,A0,E0,0,0,2015,1,60,61,8,7,1,1116
20055,4591,A05,0,A00,A0,A0,E0,0,0,2015,1,84,77,14,21,-7,1214
20057,4591,A05,0,A00,A0,A0,E0,0,0,2015,1,34,32,4,6,-3,1427
20059,4591,A05,0,A00,A0,A0,E0,0,0,2015,1,,,,,,419
20061,4591,A05,0,A00,A0,A0,E0,0,0,2015,1,,,,,,1069
20069,4591,A05,0,A00,A0,A0,E0,0,0,2015,1,,,,,,1183
20073,4591,A05,0,A00,A0,A0,E0,0,0,2015,1,10,8,0,,-2,317
20079,4591,A05,0,A00,A0,A0,E0,0,0,2015,1,24,23,,4,-2,743
20083,4591,A05,0,A00,A0,A0,E0,0,0,2015,1,,,0,,,145
20085,4591,A05,0,A00,A0,A0,E0,0,0,2015,1,,,0,0,,662
20087,4591,A05,0,A00,A0,A0,E0,0,0,2015,1,,,0,0,,1477
20089,4591,A05,0,A00,A0,A0,E0,0,0,2015,1,,,0,0,,401
20091,4591,A05,0,A00,A0,A0,E0,0,0,2015,1,2308,2130,326,503,-178,1667
20099,4591,A05,0,A00,A0,A0,E0,0,0,2015,1,10,8,,3,-2,797
20103,4591,A05,0,A00,A0,A0,E0,0,0,2015,1,40,37,3,5,-3,1154
20111,4591,A05,0,A00,A0,A0,E0,0,0,2015,1,53,54,10,9,2,1354
20113,4591,A05,0,A00,A0,A0,E0,0,0,2015,1,45,43,5,6,-2,1544
20115,4591,A05,0,A00,A0,A0,E0,0,0,2015,1,,,0,0,,642
20117,4591,A05,0,A00,A0,A0,E0,0,0,2015,1,,,0,,,805
20121,4591,A05,0,A00,A0,A0,E0,0,0,2015,1,8,8,,2,-1,1184
20123,4591,A05,0,A00,A0,A0,E0,0,0,2015,1,,,0,0,,838
20125,4591,A05,0,A00,A0,A0,E0,0,0,2015,1,22,22,3,3,0,1223
20127,4591,A05,0,A00,A0,A0,E0,0,0,2015,1,,,0,0,,480
20133,4591,A05,0,A00,A0,A0,E0,0,0,2015,1,,,0,0,,120
20137,4591,A05,0,A00,A0,A0,E0,0,0,2015,1,,,0,0,,840
20139,4591,A05,0,A00,A0,A0,E0,0,0,2015,1,,,0,0,,40
20141,4591,A05,0,A00,A0,A0,E0,0,0,2015,1,,,0,0,,1293
20143,4591,A05,0,A00,A0,A0,E0,0,0,2015,1,,,,0,,1116
20149,4591,A05,0,A00,A0,A0,E0,0,0,2015,1,106,95,7,18,-11,2354
20151,4591,A05,0,A00,A0,A0,E0,0,0,2015,1,19,18,4,5,-1,897
20155,4591,A05,0,A00,A0,A0,E0,0,0,2015,1,96,84,5,17,-12,1772
20157,4591,A05,0,A00,A0,A0,E0,0,0,2015,1,,,0,0,,481
20159,4591,A05,0,A00,A0,A0,E0,0,0,2015,1,,,0,,,552
20161,4591,A05,0,A00,A0,A0,E0,0,0,2015,1,136,128,24,31,-7,1207
20163,4591,A05,0,A00,A0,A0,E0,0,0,2015,1,,,0,0,,422
20167,4591,A05,0,A00,A0,A0,E0,0,0,2015,1,,,0,0,,532
20169,4591,A05,0,A00,A0,A0,E0,0,0,2015,1,137,120,13,30,-17,1372
20173,4591,A05,0,A00,A0,A0,E0,0,0,2015,1,1986,1794,226,419,-193,1582
20175,4591,A05,0,A00,A0,A0,E0,0,0,2015,1,,,,,,1084
20177,4591,A05,0,A00,A0,A0,E0,0,0,2015,1,405,346,65,124,-59,1050
20191,4591,A05,0,A00,A0,A0,E0,0,0,2015,1,,,,,,141
20193,4591,A05,0,A00,A0,A0,E0,0,0,2015,1,10,11,4,3,1,583
20203,4591,A05,0,A00,A0,A0,E0,0,0,2015,1,,,0,0,,616
20209,4591,A05,0,A00,A0,A0,E0,0,0,2015,1,544,496,34,81,-48,1482
20,4591,A05,0,A00,A0,A0,E0,0,0,2015,1,6698,6114,829,1413,-584,1508
20001,4591,A05,0,A00,A0,A0,E0,0,0,2015,2,,,,,,495
20003,4591,A05,0,A00,A0,A0,E0,0,0,2015,2,,,0,,,840
20009,4591,A05,0,A00,A0,A0,E0,0,0,2015,2,20,23,7,3,4,1432
20011,4591,A05,0,A00,A0,A0,E0,0,0,2015,2,,,,,,748
20015,4591,A05,0,A00,A0,A0,E0,0,0,2015,2,21,20,5,6,0,1508
20021,4591,A05,0,A00,A0,A0,E0,0,0,2015,2,,,0,0,,966
20029,4591,A05,0,A00,A0,A0,E0,0,0,2015,2,12,11,0,,-1,1039
20031,4591,A05,0,A00,A0,A0,E0,0,0,2015,2,,,,0,,553
20035,4591,A05,0,A00,A0,A0,E0,0,0,2015,2,29,28,4,5,-1,1640
20037,4591,A05,0,A00,A0,A0,E0,0,0,2015,2,35,38,10,8,2,1278
20041,4591,A05,0,A00,A0,A0,E0,0,0,2015,2,,,,0,,1004
20045,4591,A05,0,A00,A0,A0,E0,0,0,2015,2,258,259,54,53,1,1217
20049,4591,A05,0,A00,A0,A0,E0,0,0,2015,2,,,0,0,,1646
20051,4591,A05,0,A00,A0,A0,E0,0,0,2015,2,61,66,25,20,5,1136
20055,4591,A05,0,A00,A0,A0,E0,0,0,2015,2,77,72,18,23,-5,1254
20057,4591,A05,0,A00,A0,A0,E0,0,0,2015,2,32,28,7,12,-5,1379
20059,4591,A05,0,A00,A0,A0,E0,0,0,2015,2,,,0,,,414
20061,4591,A05,0,A00,A0,A0,E0,0,0,2015,2,,,,,,984
20069,4591,A05,0,A00,A0,A0,E0,0,0,2015,2,,,0,0,,1208
20073,4591,A05,0,A00,A0,A0,E0,0,0,2015,2,,,,,,364
20079,4591,A05,0,A00,A0,A0,E0,0,0,2015,2,23,24,5,4,1,744
20083,4591,A05,0,A00,A0,A0,E0,0,0,2015,2,,0,0,,,477
20085,4591,A05,0,A00,A0,A0,E0,0,0,2015,2,,,,,,826
20087,4591,A05,0,A00,A0,A0,E0,0,0,2015,2,,,0,,,1326
20089,4591,A05,0,A00,A0,A0,E0,0,0,2015,2,,,0,0,,374
20091,4591,A05,0,A00,A0,A0,E0,0,0,2015,2,2132,2474,700,359,341,1760
20099,4591,A05,0,A00,A0,A0,E0,0,0,2015,2,,,,,,975
20103,4591,A05,0,A00,A0,A0,E0,0,0,2015,2,37,35,9,11,-3,1121
20111,4591,A05,0,A00,A0,A0,E0,0,0,2015,2,54,53,13,14,-1,1397
20113,4591,A05,0,A00,A0,A0,E0,0,0,2015,2,43,44,7,6,1,1675
20115,4591,A05,0,A00,A0,A0,E0,0,0,2015,2,,,0,0,,888
20117,4591,A05,0,A00,A0,A0,E0,0,0,2015,2,,0,0,,,874
20121,4591,A05,0,A00,A0,A0,E0,0,0,2015,2,8,8,,2,0,1190
20123,4591,A05,0,A00,A0,A0,E0,0,0,2015,2,,0,0,,,499
20125,4591,A05,0,A00,A0,A0,E0,0,0,2015,2,22,20,8,11,-3,1062
20127,4591,A05,0,A00,A0,A0,E0,0,0,2015,2,,,0,0,,480
20133,4591,A05,0,A00,A0,A0,E0,0,0,2015,2,,,,0,,48
20137,4591,A05,0,A00,A0,A0,E0,0,0,2015,2,,,0,,,907
20139,4591,A05,0,A00,A0,A0,E0,0,0,2015,2,,,0,0,,61
20141,4591,A05,0,A00,A0,A0,E0,0,0,2015,2,,,0,0,,1293
20143,4591,A05,0,A00,A0,A0,E0,0,0,2015,2,,,0,0,,1037
20149,4591,A05,0,A00,A0,A0,E0,0,0,2015,2,96,97,14,13,1,2244
20151,4591,A05,0,A00,A0,A0,E0,0,0,2015,2,18,20,4,3,2,933
20155,4591,A05,0,A00,A0,A0,E0,0,0,2015,2,84,81,12,14,-3,1869
20157,4591,A05,0,A00,A0,A0,E0,0,0,2015,2,,,,,,352
20159,4591,A05,0,A00,A0,A0,E0,0,0,2015,2,,,0,0,,585
20161,4591,A05,0,A00,A0,A0,E0,0,0,2015,2,128,129,28,28,0,1144
20163,4591,A05,0,A00,A0,A0,E0,0,0,2015,2,,,,,,352
20167,4591,A05,0,A00,A0,A0,E0,0,0,2015,2,,,0,0,,658
20169,4591,A05,0,A00,A0,A0,E0,0,0,2015,2,120,123,27,24,3,1517
20173,4591,A05,0,A00,A0,A0,E0,0,0,2015,2,1793,1875,485,403,82,1712
20175,4591,A05,0,A00,A0,A0,E0,0,0,2015,2,,,,,,862
20177,4591,A05,0,A00,A0,A0,E0,0,0,2015,2,347,357,67,57,10,1217
20191,4591,A05,0,A00,A0,A0,E0,0,0,2015,2,,,,,,531
20193,4591,A05,0,A00,A0,A0,E0,0,0,2015,2,,,,,,583
20203,4591,A05,0,A00,A0,A0,E0,0,0,2015,2,,,0,0,,744
20209,4591,A05,0,A00,A0,A0,E0,0,0,2015,2,496,474,72,94,-22,1540
20,4591,A05,0,A00,A0,A0,E0,0,0,2015,2,6119,6516,1622,1225,397,1597
20001,4591,A05,0,A00,A0,A0,E0,0,0,2015,3,,,,,,709
20003,4591,A05,0,A00,A0,A0,E0,0,0,2015,3,,,,,,1084
20009,4591,A05,0,A00,A0,A0,E0,0,0,2015,3,23,25,6,5,1,1469
20011,4591,A05,0,A00,A0,A0,E0,0,0,2015,3,,,,,,944
20015,4591,A05,0,A00,A0,A0,E0,0,0,2015,3,20,23,5,2,3,1526
20021,4591,A05,0,A00,A0,A0,E0,0,0,2015,3,,0,0,,,304
20029,4591,A05,0,A00,A0,A0,E0,0,0,2015,3,11,11,,,0,1320
20031,4591,A05,0,A00,A0,A0,E0,0,0,2015,3,,,0,0,,334
20035,4591,A05,0,A00,A0,A0,E0,0,0,2015,3,28,28,3,3,-1,1808
20037,4591,A05,0,A00,A0,A0,E0,0,0,2015,3,38,42,9,4,5,1299
20041,4591,A05,0,A00,A0,A0,E0,0,0,2015,3,,,,,,508
20045,4591,A05,0,A00,A0,A0,E0,0,0,2015,3,260,253,60,67,-7,1201
20049,4591,A05,0,A00,A0,A0,E0,0,0,2015,3,,,,0,,1656
20051,4591,A05,0,A00,A0,A0,E0,0,0,2015,3,66,72,15,10,6,1158
20055,4591,A05,0,A00,A0,A0,E0,0,0,2015,3,72,78,28,22,6,1349
20057,4591,A05,0,A00,A0,A0,E0,0,0,2015,3,28,29,9,7,2,1657
20059,4591,A05,0,A00,A0,A0,E0,0,0,2015,3,,,0,,,506
20061,4591,A05,0,A00,A0,A0,E0,0,0,2015,3,,,,,,1203
20069,4591,A05,0,A00,A0,A0,E0,0,0,2015,3,,,0,,,908
20073,4591,A05,0,A00,A0,A0,E0,0,0,2015,3,,,0,0,,404
20079,4591,A05,0,A00,A0,A0,E0,0,0,2015,3,24,22,3,5,-2,827
20085,4591,A05,0,A00,A0,A0,E0,0,0,2015,3,,,0,0,,659
20087,4591,A05,0,A00,A0,A0,E0,0,0,2015,3,,,0,0,,1771
20089,4591,A05,0,A00,A0,A0,E0,0,0,2015,3,,,0,0,,495
20091,4591,A05,0,A00,A0,A0,E0,0,0,2015,3,2474,2453,472,494,-22,1614
20099,4591,A05,0,A00,A0,A0,E0,0,0,2015,3,,,,,,1135
20103,4591,A05,0,A00,A0,A0,E0,0,0,2015,3,35,36,5,4,1,1197
20111,4591,A05,0,A00,A0,A0,E0,0,0,2015,3,52,51,10,11,-1,1569
20113,4591,A05,0,A00,A0,A0,E0,0,0,2015,3,44,44,4,3,0,1755
20115,4591,A05,0,A00,A0,A0,E0,0,0,2015,3,,,0,0,,656
20121,4591,A05,0,A00,A0,A0,E0,0,0,2015,3,8,8,6,6,0,1218
20125,4591,A05,0,A00,A0,A0,E0,0,0,2015,3,20,22,8,6,3,1286
20127,4591,A05,0,A00,A0,A0,E0,0,0,2015,3,,,0,0,,480
20133,4591,A05,0,A00,A0,A0,E0,0,0,2015,3,,,0,0,,78
20137,4591,A05,0,A00,A0,A0,E0,0,0,2015,3,,,,,,861
20139,4591,A05,0,A00,A0,A0,E0,0,0,2015,3,,,0,0,,98
20141,4591,A05,0,A00,A0,A0,E0,0,0,2015,3,,,0,0,,1293
20143,4591,A05,0,A00,A0,A0,E0,0,0,2015,3,,,0,,,908
20149,4591,A05,0,A00,A0,A0,E0,0,0,2015,3,97,96,15,16,-1,2526
20151,4591,A05,0,A00,A0,A0,E0,0,0,2015,3,20,24,7,3,4,833
20155,4591,A05,0,A00,A0,A0,E0,0,0,2015,3,81,87,22,17,5,1837
20157,4591,A05,0,A00,A0,A0,E0,0,0,2015,3,,,,,,250
20159,4591,A05,0,A00,A0,A0,E0,0,0,2015,3,,,,0,,1205
20161,4591,A05,0,A00,A0,A0,E0,0,0,2015,3,129,125,30,33,-4,1231
20163,4591,A05,0,A00,A0,A0,E0,0,0,2015,3,,,0,0,,384
20167,4591,A05,0,A00,A0,A0,E0,0,0,2015,3,,,0,0,,631
20169,4591,A05,0,A00,A0,A0,E0,0,0,2015,3,124,126,30,28,2,1559
20173,4591,A05,0,A00,A0,A0,E0,0,0,2015,3,1877,1882,449,444,5,1642
20175,4591,A05,0,A00,A0,A0,E0,0,0,2015,3,,,,,,1043
20177,4591,A05,0,A00,A0,A0,E0,0,0,2015,3,356,345,76,87,-11,1212
20191,4591,A05,0,A00,A0,A0,E0,0,0,2015,3,,,,,,679
20193,4591,A05,0,A00,A0,A0,E0,0,0,2015,3,,,,0,,767
20203,4591,A05,0,A00,A0,A0,E0,0,0,2015,3,,,0,0,,507
20209,4591,A05,0,A00,A0,A0,E0,0,0,2015,3,474,472,77,79,-2,1358
20,4591,A05,0,A00,A0,A0,E0,0,0,2015,3,6518,6521,1386,1383,3,1534
20001,4591,A05,0,A00,A0,A0,E0,0,0,2015,4,,,,,,528
20003,4591,A05,0,A00,A0,A0,E0,0,0,2015,4,,,,,,615
20009,4591,A05,0,A00,A0,A0,E0,0,0,2015,4,25,23,10,12,-2,1256
20011,4591,A05,0,A00,A0,A0,E0,0,0,2015,4,,,,,,849
20015,4591,A05,0,A00,A0,A0,E0,0,0,2015,4,29,28,6,7,-1,1521
20029,4591,A05,0,A00,A0,A0,E0,0,0,2015,4,11,11,0,0,0,1616
20031,4591,A05,0,A00,A0,A0,E0,0,0,2015,4,,,0,0,,411
20035,4591,A05,0,A00,A0,A0,E0,0,0,2015,4,28,27,6,8,-1,2240
20037,4591,A05,0,A00,A0,A0,E0,0,0,2015,4,42,38,11,16,-5,1337
20039,4591,A05,0,A00,A0,A0,E0,0,0,2015,4,,,0,0,,928
20041,4591,A05,0,A00,A0,A0,E0,0,0,2015,4,,,0,0,,510
20045,4591,A05,0,A00,A0,A0,E0,0,0,2015,4,253,269,83,67,16,1344
20049,4591,A05,0,A00,A0,A0,E0,0,0,2015,4,,,0,0,,1507
20051,4591,A05,0,A00,A0,A0,E0,0,0,2015,4,72,66,16,22,-6,1073
20055,4591,A05,0,A00,A0,A0,E0,0,0,2015,4,78,84,37,31,6,1430
20057,4591,A05,0,A00,A0,A0,E0,0,0,2015,4,29,31,11,9,2,1696
20059,4591,A05,0,A00,A0,A0,E0,0,0,2015,4,,,,,,640
20061,4591,A05,0,A00,A0,A0,E0,0,0,2015,4,15,19,9,5,4,1222
20069,4591,A05,0,A00,A0,A0,E0,0,0,2015,4,,,0,0,,1829
20073,4591,A05,0,A00,A0,A0,E0,0,0,2015,4,,,0,0,,383
20079,4591,A05,0,A00,A0,A0,E0,0,0,2015,4,22,22,7,8,0,1080
20085,4591,A05,0,A00,A0,A0,E0,0,0,2015,4,,,0,0,,775
20087,4591,A05,0,A00,A0,A0,E0,0,0,2015,4,,,,0,,1929
20089,4591,A05,0,A00,A0,A0,E0,0,0,2015,4,,,,,,319
20091,4591,A05,0,A00,A0,A0,E0,0,0,2015,4,2452,2567,707,592,115,1753
20095,4591,A05,0,A00,A0,A0,E0,0,0,2015,4,0,,,0,,
20099,4591,A05,0,A00,A0,A0,E0,0,0,2015,4,,,,,,1133
20103,4591,A05,0,A00,A0,A0,E0,0,0,2015,4,36,36,11,11,1,1073
20111,4591,A05,0,A00,A0,A0,E0,0,0,2015,4,51,45,8,15,-7,1508
20113,4591,A05,0,A00,A0,A0,E0,0,0,2015,4,44,39,5,10,-5,1752
20115,4591,A05,0,A00,A0,A0,E0,0,0,2015,4,,,0,0,,982
20121,4591,A05,0,A00,A0,A0,E0,0,0,2015,4,8,9,4,3,1,1220
20125,4591,A05,0,A00,A0,A0,E0,0,0,2015,4,22,20,7,9,-3,1354
20127,4591,A05,0,A00,A0,A0,E0,0,0,2015,4,,,0,0,,480
20133,4591,A05,0,A00,A0,A0,E0,0,0,2015,4,,,0,0,,72
20137,4591,A05,0,A00,A0,A0,E0,0,0,2015,4,,,,,,761
20139,4591,A05,0,A00,A0,A0,E0,0,0,2015,4,,,0,0,,137
20141,4591,A05,0,A00,A0,A0,E0,0,0,2015,4,,,0,0,,1293
20143,4591,A05,0,A00,A0,A0,E0,0,0,2015,4,,,0,0,,1080
20149,4591,A05,0,A00,A0,A0,E0,0,0,2015,4,96,90,20,26,-6,2435
20151,4591,A05,0,A00,A0,A0,E0,0,0,2015,4,24,21,4,7,-3,893
20155,4591,A05,0,A00,A0,A0,E0,0,0,2015,4,87,88,28,27,1,2002
20157,4591,A05,0,A00,A0,A0,E0,0,0,2015,4,,,,,,262
20159,4591,A05,0,A00,A0,A0,E0,0,0,2015,4,,,,,,315
20161,4591,A05,0,A00,A0,A0,E0,0,0,2015,4,125,100,35,60,-25,1307
20163,4591,A05,0,A00,A0,A0,E0,0,0,2015,4,,,,,,392
20167,4591,A05,0,A00,A0,A0,E0,0,0,2015,4,,,0,0,,534
20169,4591,A05,0,A00,A0,A0,E0,0,0,2015,4,125,129,45,41,4,1753
20173,4591,A05,0,A00,A0,A0,E0,0,0,2015,4,1877,1943,612,546,66,1818
20175,4591,A05,0,A00,A0,A0,E0,0,0,2015,4,,,,,,1150
20177,4591,A05,0,A00,A0,A0,E0,0,0,2015,4,345,356,114,103,11,1309
20191,4591,A05,0,A00,A0,A0,E0,0,0,2015,4,,,,,,326
20193,4591,A05,0,A00,A0,A0,E0,0,0,2015,4,,,,0,,715
20203,4591,A05,0,A00,A0,A0,E0,0,0,2015,4,,,0,0,,506
20209,4591,A05,0,A00,A0,A0,E0,0,0,2015,4,472,487,116,101,15,1597
20,4591,A05,0,A00,A0,A0,E0,0,0,2015,4,6522,6692,1951,1781,170,1670
20001,4591,A05,0,A00,A0,A0,E0,0,0,2016,1,,,,,,530
20003,4591,A05,0,A00,A0,A0,E0,0,0,2016,1,,,0,0,,317
20009,4591,A05,0,A00,A0,A0,E0,0,0,2016,1,23,20,2,5,-3,1360
20011,4591,A05,0,A00,A0,A0,E0,0,0,2016,1,,,,,,713
20013,4591,A05,0,A00,A0,A0,E0,0,0,2016,1,0,,,0,,
20015,4591,A05,0,A00,A0,A0,E0,0,0,2016,1,28,27,3,3,0,1378
20029,4591,A05,0,A00,A0,A0,E0,0,0,2016,1,11,11,,,0,1299
20031,4591,A05,0,A00,A0,A0,E0,0,0,2016,1,,,,0,,327
20035,4591,A05,0,A00,A0,A0,E0,0,0,2016,1,27,27,3,3,0,1836
20037,4591,A05,0,A00,A0,A0,E0,0,0,2016,1,38,39,4,3,1,1359
20039,4591,A05,0,A00,A0,A0,E0,0,0,2016,1,,,0,0,,1083
20041,4591,A05,0,A00,A0,A0,E0,0,0,2016,1,,,,,,421
20045,4591,A05,0,A00,A0,A0,E0,0,0,2016,1,269,256,21,34,-13,1132
20049,4591,A05,0,A00,A0,A0,E0,0,0,2016,1,,,0,0,,1317
20051,4591,A05,0,A00,A0,A0,E0,0,0,2016,1,66,73,15,8,7,1101
20055,4591,A05,0,A00,A0,A0,E0,0,0,2016,1,76,70,13,19,-6,1009
20057,4591,A05,0,A00,A0,A0,E0,0,0,2016,1,30,25,3,8,-5,1442
20059,4591,A05,0,A00,A0,A0,E0,0,0,2016,1,,,,,,561
20061,4591,A05,0,A00,A0,A0,E0,0,0,2016,1,19,19,5,5,0,1075
20069,4591,A05,0,A00,A0,A0,E0,0,0,2016,1,,,,,,1112
20073,4591,A05,0,A00,A0,A0,E0,0,0,2016,1,,,,,,360
20079,4591,A05,0,A00,A0,A0,E0,0,0,2016,1,22,20,0,,-2,772
20085,4591,A05,0,A00,A0,A0,E0,0,0,2016,1,,,0,0,,693
20087,4591,A05,0,A00,A0,A0,E0,0,0,2016,1,,,,0,,1734
20089,4591,A05,0,A00,A0,A0,E0,0,0,2016,1,,,0,0,,342
20091,4591,A05,0,A00,A0,A0,E0,0,0,2016,1,2615,2400,262,477,-215,1620
20095,4591,A05,0,A00,A0,A0,E0,0,0,2016,1,,,0,0,,2594
20099,4591,A05,0,A00,A0,A0,E0,0,0,2016,1,,,,,,1126
20103,4591,A05,0,A00,A0,A0,E0,0,0,2016,1,36,36,3,4,-1,1092
20111,4591,A05,0,A00,A0,A0,E0,0,0,2016,1,44,47,7,4,3,1213
20113,4591,A05,0,A00,A0,A0,E0,0,0,2016,1,39,40,5,4,1,1472
20115,4591,A05,0,A00,A0,A0,E0,0,0,2016,1,,,,0,,729
20121,4591,A05,0,A00,A0,A0,E0,0,0,2016,1,9,11,4,3,1,1242
20125,4591,A05,0,A00,A0,A0,E0,0,0,2016,1,20,19,4,5,-1,1194
20127,4591,A05,0,A00,A0,A0,E0,0,0,2016,1,,0,0,,,480
20133,4591,A05,0,A00,A0,A0,E0,0,0,2016,1,,,0,,,30
20137,4591,A05,0,A00,A0,A0,E0,0,0,2016,1,,,,,,1298
20139,4591,A05,0,A00,A0,A0,E0,0,0,2016,1,,,0,0,,75
20141,4591,A05,0,A00,A0,A0,E0,0,0,2016,1,,,0,0,,1293
20143,4591,A05,0,A00,A0,A0,E0,0,0,2016,1,,,0,0,,1142
20149,4591,A05,0,A00,A0,A0,E0,0,0,2016,1,90,82,,9,-8,2170
20151,4591,A05,0,A00,A0,A0,E0,0,0,2016,1,21,21,2,3,0,772
20155,4591,A05,0,A00,A0,A0,E0,0,0,2016,1,88,81,9,16,-7,1789
20157,4591,A05,0,A00,A0,A0,E0,0,0,2016,1,,,0,0,,574
20159,4591,A05,0,A00,A0,A0,E0,0,0,2016,1,,,0,,,517
20161,4591,A05,0,A00,A0,A0,E0,0,0,2016,1,106,108,20,19,2,1221
20163,4591,A05,0,A00,A0,A0,E0,0,0,2016,1,,,,,,196
20167,4591,A05,0,A00,A0,A0,E0,0,0,2016,1,,,0,0,,508
20169,4591,A05,0,A00,A0,A0,E0,0,0,2016,1,129,122,15,22,-7,1408
20173,4591,A05,0,A00,A0,A0,E0,0,0,2016,1,1914,1786,272,400,-128,1514
20175,4591,A05,0,A00,A0,A0,E0,0,0,2016,1,20,19,5,5,-1,1064
20177,4591,A05,0,A00,A0,A0,E0,0,0,2016,1,357,335,48,69,-21,1133
20191,4591,A05,0,A00,A0,A0,E0,0,0,2016,1,,,,,,287
20193,4591,A05,0,A00,A0,A0,E0,0,0,2016,1,,,,,,570
20203,4591,A05,0,A00,A0,A0,E0,0,0,2016,1,,,0,0,,363
20209,4591,A05,0,A00,A0,A0,E0,0,0,2016,1,487,471,51,67,-17,1575
20,4591,A05,0,A00,A0,A0,E0,0,0,2016,1,6714,6300,802,1217,-415,1491
20001,4591,A05,0,A00,A0,A0,E0,0,0,2016,2,,,,,,617
20003,4591,A05,0,A00,A0,A0,E0,0,0,2016,2,,,0,0,,384
20005,4591,A05,0,A00,A0,A0,E0,0,0,2016,2,0,,,0,,
20009,4591,A05,0,A00,A0,A0,E0,0,0,2016,2,20,23,8,5,3,1292
20011,4591,A05,0,A00,A0,A0,E0,0,0,2016,2,,,,,,730
20013,4591,A05,0,A00,A0,A0,E0,0,0,2016,2,,,0,0,,925
20015,4591,A05,0,A00,A0,A0,E0,0,0,2016,2,27,27,5,5,0,1399
20029,4591,A05,0,A00,A0,A0,E0,0,0,2016,2,11,10,,,-1,957
20031,4591,A05,0,A00,A0,A0,E0,0,0,2016,2,,,,,,318
20035,4591,A05,0,A00,A0,A0,E0,0,0,2016,2,27,31,6,,4,2119
20037,4591,A05,0,A00,A0,A0,E0,0,0,2016,2,39,39,6,6,0,1332
20039,4591,A05,0,A00,A0,A0,E0,0,0,2016,2,,,,0,,1231
20041,4591,A05,0,A00,A0,A0,E0,0,0,2016,2,,,0,,,488
20045,4591,A05,0,A00,A0,A0,E0,0,0,2016,2,255,264,61,52,9,1217
20049,4591,A05,0,A00,A0,A0,E0,0,0,2016,2,,,,,,1463
20051,4591,A05,0,A00,A0,A0,E0,0,0,2016,2,73,75,15,13,2,1141
20055,4591,A05,0,A00,A0,A0,E0,0,0,2016,2,70,73,20,17,3,1193
20057,4591,A05,0,A00,A0,A0,E0,0,0,2016,2,25,27,8,6,2,1634
20059,4591,A05,0,A00,A0,A0,E0,0,0,2016,2,,,,,,656
20061,4591,A05,0,A00,A0,A0,E0,0,0,2016,2,19,19,7,6,0,890
20069,4591,A05,0,A00,A0,A0,E0,0,0,2016,2,,,0,,,1942
20073,4591,A05,0,A00,A0,A0,E0,0,0,2016,2,,,0,0,,374
20079,4591,A05,0,A00,A0,A0,E0,0,0,2016,2,20,17,,5,-3,822
20085,4591,A05,0,A00,A0,A0,E0,0,0,2016,2,,,0,0,,776
20087,4591,A05,0,A00,A0,A0,E0,0,0,2016,2,,,0,,,1272
20089,4591,A05,0,A00,A0,A0,E0,0,0,2016,2,,,0,0,,420
20091,4591,A05,0,A00,A0,A0,E0,0,0,2016,2,2401,2359,372,414,-42,1694
20095,4591,A05,0,A00,A0,A0,E0,0,0,2016,2,,0,0,,,1833
20099,4591,A05,0,A00,A0,A0,E0,0,0,2016,2,,,,,,1047
20103,4591,A05,0,A00,A0,A0,E0,0,0,2016,2,36,36,6,6,0,1089
20111,4591,A05,0,A00,A0,A0,E0,0,0,2016,2,48,49,10,9,1,1305
20113,4591,A05,0,A00,A0,A0,E0,0,0,2016,2,40,38,4,6,-2,1513
20115,4591,A05,0,A00,A0,A0,E0,0,0,2016,2,,,0,0,,663
20121,4591,A05,0,A00,A0,A0,E0,0,0,2016,2,11,7,3,6,-3,1011
20125,4591,A05,0,A00,A0,A0,E0,0,0,2016,2,19,21,6,4,2,1239
20133,4591,A05,0,A00,A0,A0,E0,0,0,2016,2,,0,0,,,30
20137,4591,A05,0,A00,A0,A0,E0,0,0,2016,2,,,,,,1243
20139,4591,A05,0,A00,A0,A0,E0,0,0,2016,2,,,0,0,,147
20141,4591,A05,0,A00,A0,A0,E0,0,0,2016,2,,,0,0,,1293
20143,4591,A05,0,A00,A0,A0,E0,0,0,2016,2,,,0,0,,1185
20149,4591,A05,0,A00,A0,A0,E0,0,0,2016,2,82,82,8,9,0,2402
20151,4591,A05,0,A00,A0,A0,E0,0,0,2016,2,21,19,,2,-1,833
20155,4591,A05,0,A00,A0,A0,E0,0,0,2016,2,81,79,12,13,-1,1799
20157,4591,A05,0,A00,A0,A0,E0,0,0,2016,2,,,,0,,488
20159,4591,A05,0,A00,A0,A0,E0,0,0,2016,2,,,,,,699
20161,4591,A05,0,A00,A0,A0,E0,0,0,2016,2,108,112,31,27,4,1280
20163,4591,A05,0,A00,A0,A0,E0,0,0,2016,2,,,,0,,273
20167,4591,A05,0,A00,A0,A0,E0,0,0,2016,2,,,0,0,,341
20169,4591,A05,0,A00,A0,A0,E0,0,0,2016,2,122,122,24,24,0,1580
20173,4591,A05,0,A00,A0,A0,E0,0,0,2016,2,1786,1746,369,409,-40,1704
20175,4591,A05,0,A00,A0,A0,E0,0,0,2016,2,19,19,4,5,-1,1095
20177,4591,A05,0,A00,A0,A0,E0,0,0,2016,2,335,352,72,55,17,1255
20191,4591,A05,0,A00,A0,A0,E0,0,0,2016,2,,,,,,510
20193,4591,A05,0,A00,A0,A0,E0,0,0,2016,2,,,,,,559
20203,4591,A05,0,A00,A0,A0,E0,0,0,2016,2,,0,0,,,430
20209,4591,A05,0,A00,A0,A0,E0,0,0,2016,2,471,441,48,78,-30,1591
20,4591,A05,0,A00,A0,A0,E0,0,0,2016,2,6302,6226,1134,1209,-75,1591
20001,4591,A05,0,A00,A0,A0,E0,0,0,2016,3,,,,,,794
20003,4591,A05,0,A00,A0,A0,E0,0,0,2016,3,,,,,,364
20005,4591,A05,0,A00,A0,A0,E0,0,0,2016,3,,,,0,,567
20009,4591,A05,0,A00,A0,A0,E0,0,0,2016,3,23,23,5,5,-1,1295
20011,4591,A05,0,A00,A0,A0,E0,0,0,2016,3,,,,,,924
20013,4591,A05,0,A00,A0,A0,E0,0,0,2016,3,,,,,,763
20015,4591,A05,0,A00,A0,A0,E0,0,0,2016,3,27,27,5,5,0,1635
20029,4591,A05,0,A00,A0,A0,E0,0,0,2016,3,10,6,,6,-4,1021
20031,4591,A05,0,A00,A0,A0,E0,0,0,2016,3,,,0,0,,335
20035,4591,A05,0,A00,A0,A0,E0,0,0,2016,3,31,30,3,4,-1,1888
20037,4591,A05,0,A00,A0,A0,E0,0,0,2016,3,39,40,9,7,2,1456
20039,4591,A05,0,A00,A0,A0,E0,0,0,2016,3,,,0,0,,1217
20041,4591,A05,0,A00,A0,A0,E0,0,0,2016,3,,,0,0,,1057
20045,4591,A05,0,A00,A0,A0,E0,0,0,2016,3,265,248,62,78,-16,1172
20049,4591,A05,0,A00,A0,A0,E0,0,0,2016,3,,,0,,,1682
20051,4591,A05,0,A00,A0,A0,E0,0,0,2016,3,75,79,19,15,4,1240
20055,4591,A05,0,A00,A0,A0,E0,0,0,2016,3,73,79,30,23,7,1195
20057,4591,A05,0,A00,A0,A0,E0,0,0,2016,3,27,25,7,9,-2,1769
20059,4591,A05,0,A00,A0,A0,E0,0,0,2016,3,,,0,,,661
20061,4591,A05,0,A00,A0,A0,E0,0,0,2016,3,19,21,8,7,2,1180
20069,4591,A05,0,A00,A0,A0,E0,0,0,2016,3,,,,0,,1555
20073,4591,A05,0,A00,A0,A0,E0,0,0,2016,3,,,0,0,,349
20079,4591,A05,0,A00,A0,A0,E0,0,0,2016,3,,,,,,989
20085,4591,A05,0,A00,A0,A0,E0,0,0,2016,3,,,0,0,,644
20087,4591,A05,0,A00,A0,A0,E0,0,0,2016,3,,,0,,,1839
20089,4591,A05,0,A00,A0,A0,E0,0,0,2016,3,,,0,0,,539
20091,4591,A05,0,A00,A0,A0,E0,0,0,2016,3,2359,2243,428,544,-116,1710
20099,4591,A05,0,A00,A0,A0,E0,0,0,2016,3,,,,,,1119
20103,4591,A05,0,A00,A0,A0,E0,0,0,2016,3,36,34,5,7,-2,1233
20111,4591,A05,0,A00,A0,A0,E0,0,0,2016,3,49,48,15,15,0,1347
20113,4591,A05,0,A00,A0,A0,E0,0,0,2016,3,38,34,4,8,-4,1541
20115,4591,A05,0,A00,A0,A0,E0,0,0,2016,3,,,0,0,,619
20121,4591,A05,0,A00,A0,A0,E0,0,0,2016,3,7,5,,4,-2,1172
20125,4591,A05,0,A00,A0,A0,E0,0,0,2016,3,21,20,8,9,-1,1341
20127,4591,A05,0,A00,A0,A0,E0,0,0,2016,3,0,,,0,,
20133,4591,A05,0,A00,A0,A0,E0,0,0,2016,3,0,,,0,,
20137,4591,A05,0,A00,A0,A0,E0,0,0,2016,3,,,0,0,,1575
20139,4591,A05,0,A00,A0,A0,E0,0,0,2016,3,,,,0,,75
20141,4591,A05,0,A00,A0,A0,E0,0,0,2016,3,,,0,0,,1293
20143,4591,A05,0,A00,A0,A0,E0,0,0,2016,3,,,,0,,1162
20149,4591,A05,0,A00,A0,A0,E0,0,0,2016,3,82,81,8,9,-1,2797
20151,4591,A05,0,A00,A0,A0,E0,0,0,2016,3,19,20,6,5,1,857
20155,4591,A05,0,A00,A0,A0,E0,0,0,2016,3,79,99,46,26,20,1900
20157,4591,A05,0,A00,A0,A0,E0,0,0,2016,3,,,0,0,,450
20159,4591,A05,0,A00,A0,A0,E0,0,0,2016,3,,,,,,661
20161,4591,A05,0,A00,A0,A0,E0,0,0,2016,3,112,111,32,32,-1,1328
20163,4591,A05,0,A00,A0,A0,E0,0,0,2016,3,,,,,,239
20167,4591,A05,0,A00,A0,A0,E0,0,0,2016,3,,,0,,,490
20169,4591,A05,0,A00,A0,A0,E0,0,0,2016,3,121,114,27,34,-7,1675
20173,4591,A05,0,A00,A0,A0,E0,0,0,2016,3,1750,1678,406,478,-72,1799
20175,4591,A05,0,A00,A0,A0,E0,0,0,2016,3,19,18,5,6,-1,1160
20177,4591,A05,0,A00,A0,A0,E0,0,0,2016,3,352,355,75,71,3,1286
20191,4591,A05,0,A00,A0,A0,E0,0,0,2016,3,,,,,,557
20193,4591,A05,0,A00,A0,A0,E0,0,0,2016,3,,,,,,490
20209,4591,A05,0,A00,A0,A0,E0,0,0,2016,3,441,449,109,101,8,1670
20,4591,A05,0,A00,A0,A0,E0,0,0,2016,3,6230,6050,1355,1534,-180,1642
20001,4591,A05,0,A00,A0,A0,E0,0,0,2016,4,,,,,,979
20003,4591,A05,0,A00,A0,A0,E0,0,0,2016,4,,,0,,,709
20005,4591,A05,0,A00,A0,A0,E0,0,0,2016,4,,,0,0,,200
20009,4591,A05,0,A00,A0,A0,E0,0,0,2016,4,23,23,8,8,0,1299
20011,4591,A05,0,A00,A0,A0,E0,0,0,2016,4,,,,,,742
20013,4591,A05,0,A00,A0,A0,E0,0,0,2016,4,,,,,,706
20015,4591,A05,0,A00,A0,A0,E0,0,0,2016,4,27,29,10,8,2,1625
20029,4591,A05,0,A00,A0,A0,E0,0,0,2016,4,,,,,,1462
20031,4591,A05,0,A00,A0,A0,E0,0,0,2016,4,,,,,,333
20035,4591,A05,0,A00,A0,A0,E0,0,0,2016,4,30,32,8,7,1,2235
20037,4591,A05,0,A00,A0,A0,E0,0,0,2016,4,40,39,7,9,-1,1525
20039,4591,A05,0,A00,A0,A0,E0,0,0,2016,4,,,,,,1024
20041,4591,A05,0,A00,A0,A0,E0,0,0,2016,4,,,0,,,745
20045,4591,A05,0,A00,A0,A0,E0,0,0,2016,4,248,264,75,60,15,1311
20049,4591,A05,0,A00,A0,A0,E0,0,0,2016,4,,,0,,,1722
20051,4591,A05,0,A00,A0,A0,E0,0,0,2016,4,79,76,15,17,-3,1168
20055,4591,A05,0,A00,A0,A0,E0,0,0,2016,4,79,79,22,23,0,1163
20057,4591,A05,0,A00,A0,A0,E0,0,0,2016,4,25,28,11,8,3,1895
20059,4591,A05,0,A00,A0,A0,E0,0,0,2016,4,,,,,,679
20061,4591,A05,0,A00,A0,A0,E0,0,0,2016,4,21,16,4,9,-5,1111
20069,4591,A05,0,A00,A0,A0,E0,0,0,2016,4,,,0,0,,1390
20073,4591,A05,0,A00,A0,A0,E0,0,0,2016,4,,,0,0,,350
20079,4591,A05,0,A00,A0,A0,E0,0,0,2016,4,,,,,,1090
20085,4591,A05,0,A00,A0,A0,E0,0,0,2016,4,,,0,0,,762
20087,4591,A05,0,A00,A0,A0,E0,0,0,2016,4,,,0,0,,2230
20089,4591,A05,0,A00,A0,A0,E0,0,0,2016,4,,,0,0,,403
20091,4591,A05,0,A00,A0,A0,E0,0,0,2016,4,2240,2380,679,540,140,1750
20099,4591,A05,0,A00,A0,A0,E0,0,0,2016,4,,,,,,1114
20103,4591,A05,0,A00,A0,A0,E0,0,0,2016,4,34,32,6,8,-2,1059
20111,4591,A05,0,A00,A0,A0,E0,0,0,2016,4,48,50,8,6,2,1396
20113,4591,A05,0,A00,A0,A0,E0,0,0,2016,4,34,35,4,3,1,1809
20115,4591,A05,0,A00,A0,A0,E0,0,0,2016,4,,,0,,,501
20121,4591,A05,0,A00,A0,A0,E0,0,0,2016,4,5,6,2,,1,1586
20125,4591,A05,0,A00,A0,A0,E0,0,0,2016,4,20,20,7,7,0,1380
20127,4591,A05,0,A00,A0,A0,E0,0,0,2016,4,,0,0,,,3842
20133,4591,A05,0,A00,A0,A0,E0,0,0,2016,4,,,,,,704
20137,4591,A05,0,A00,A0,A0,E0,0,0,2016,4,,,0,0,,1505
20139,4591,A05,0,A00,A0,A0,E0,0,0,2016,4,,,0,0,,512
20141,4591,A05,0,A00,A0,A0,E0,0,0,2016,4,,,0,0,,1293
20143,4591,A05,0,A00,A0,A0,E0,0,0,2016,4,,,0,,,896
20149,4591,A05,0,A00,A0,A0,E0,0,0,2016,4,81,90,23,13,10,2878
20151,4591,A05,0,A00,A0,A0,E0,0,0,2016,4,20,24,7,3,3,905
20155,4591,A05,0,A00,A0,A0,E0,0,0,2016,4,99,96,29,33,-4,1663
20157,4591,A05,0,A00,A0,A0,E0,0,0,2016,4,,,0,,,373
20159,4591,A05,0,A00,A0,A0,E0,0,0,2016,4,,,,,,812
20161,4591,A05,0,A00,A0,A0,E0,0,0,2016,4,111,112,37,37,1,1269
20163,4591,A05,0,A00,A0,A0,E0,0,0,2016,4,,,0,,,203
20167,4591,A05,0,A00,A0,A0,E0,0,0,2016,4,,,0,0,,510
20169,4591,A05,0,A00,A0,A0,E0,0,0,2016,4,115,120,38,33,5,1763
20173,4591,A05,0,A00,A0,A0,E0,0,0,2016,4,1678,1728,465,415,50,1748
20175,4591,A05,0,A00,A0,A0,E0,0,0,2016,4,18,18,10,10,0,1183
20177,4591,A05,0,A00,A0,A0,E0,0,0,2016,4,355,374,124,105,18,1249
20189,4591,A05,0,A00,A0,A0,E0,0,0,2016,4,0,,,0,,
20191,4591,A05,0,A00,A0,A0,E0,0,0,2016,4,,,,,,410
20193,4591,A05,0,A00,A0,A0,E0,0,0,2016,4,,,,,,725
20209,4591,A05,0,A00,A0,A0,E0,0,0,2016,4,449,508,154,96,58,1537
20,4591,A05,0,A00,A0,A0,E0,0,0,2016,4,6048,6337,1781,1491,289,1635
20001,4591,A05,0,A00,A0,A0,E0,0,0,2017,1,,,,,,819
20003,4591,A05,0,A00,A0,A0,E0,0,0,2017,1,,,0,0,,745
20005,4591,A05,0,A00,A0,A0,E0,0,0,2017,1,,,0,,,195
20009,4591,A05,0,A00,A0,A0,E0,0,0,2017,1,17,16,,3,-1,977
20011,4591,A05,0,A00,A0,A0,E0,0,0,2017,1,,,,,,614
20013,4591,A05,0,A00,A0,A0,E0,0,0,2017,1,,,,,,406
20015,4591,A05,0,A00,A0,A0,E0,0,0,2017,1,29,27,,4,-2,1414
20029,4591,A05,0,A00,A0,A0,E0,0,0,2017,1,,,,,,1467
20031,4591,A05,0,A00,A0,A0,E0,0,0,2017,1,,,,,,516
20035,4591,A05,0,A00,A0,A0,E0,0,0,2017,1,32,33,5,4,1,1783
20037,4591,A05,0,A00,A0,A0,E0,0,0,2017,1,39,37,3,5,-2,1412
20039,4591,A05,0,A00,A0,A0,E0,0,0,2017,1,,,,0,,1133
20041,4591,A05,0,A00,A0,A0,E0,0,0,2017,1,,,0,0,,860
20045,4591,A05,0,A00,A0,A0,E0,0,0,2017,1,264,244,24,44,-20,1170
20049,4591,A05,0,A00,A0,A0,E0,0,0,2017,1,,,,,,2040
20051,4591,A05,0,A00,A0,A0,E0,0,0,2017,1,76,73,12,15,-3,997
20055,4591,A05,0,A00,A0,A0,E0,0,0,2017,1,79,70,13,22,-9,1026
20057,4591,A05,0,A00,A0,A0,E0,0,0,2017,1,28,24,3,7,-5,1574
20059,4591,A05,0,A00,A0,A0,E0,0,0,2017,1,,,0,0,,564
20061,4591,A05,0,A00,A0,A0,E0,0,0,2017,1,,,,,,1074
20069,4591,A05,0,A00,A0,A0,E0,0,0,2017,1,5,5,,,0,1019
20073,4591,A05,0,A00,A0,A0,E0,0,0,2017,1,,,0,,,383
20079,4591,A05,0,A00,A0,A0,E0,0,0,2017,1,,,0,,,990
20085,4591,A05,0,A00,A0,A0,E0,0,0,2017,1,,,0,0,,621
20087,4591,A05,0,A00,A0,A0,E0,0,0,2017,1,,,,0,,1904
20089,4591,A05,0,A00,A0,A0,E0,0,0,2017,1,,,0,0,,500
20091,4591,A05,0,A00,A0,A0,E0,0,0,2017,1,2469,2279,311,500,-189,1681
20099,4591,A05,0,A00,A0,A0,E0,0,0,2017,1,8,7,,,-1,1005
20103,4591,A05,0,A00,A0,A0,E0,0,0,2017,1,32,27,2,8,-5,1199
20107,4591,A05,0,A00,A0,A0,E0,0,0,2017,1,0,,,0,,
20111,4591,A05,0,A00,A0,A0,E0,0,0,2017,1,50,52,7,5,2,1216
20113,4591,A05,0,A00,A0,A0,E0,0,0,2017,1,35,39,6,3,4,1556
20115,4591,A05,0,A00,A0,A0,E0,0,0,2017,1,,0,0,,,907
20121,4591,A05,0,A00,A0,A0,E0,0,0,2017,1,6,5,,,-1,1213
20125,4591,A05,0,A00,A0,A0,E0,0,0,2017,1,20,19,4,5,-1,1164
20133,4591,A05,0,A00,A0,A0,E0,0,0,2017,1,,,,,,610
20137,4591,A05,0,A00,A0,A0,E0,0,0,2017,1,,,0,,,1531
20139,4591,A05,0,A00,A0,A0,E0,0,0,2017,1,,,0,0,,418
20141,4591,A05,0,A00,A0,A0,E0,0,0,2017,1,,,0,0,,1291
20143,4591,A05,0,A00,A0,A0,E0,0,0,2017,1,,,,,,1030
20149,4591,A05,0,A00,A0,A0,E0,0,0,2017,1,91,86,3,8,-5,2383
20151,4591,A05,0,A00,A0,A0,E0,0,0,2017,1,24,20,,5,-4,702
20155,4591,A05,0,A00,A0,A0,E0,0,0,2017,1,96,82,10,24,-14,1609
20157,4591,A05,0,A00,A0,A0,E0,0,0,2017,1,,,0,,,536
20159,4591,A05,0,A00,A0,A0,E0,0,0,2017,1,,,,,,349
20161,4591,A05,0,A00,A0,A0,E0,0,0,2017,1,112,108,16,20,-4,1131
20163,4591,A05,0,A00,A0,A0,E0,0,0,2017,1,,,0,,,260
20167,4591,A05,0,A00,A0,A0,E0,0,0,2017,1,,,0,0,,453
20169,4591,A05,0,A00,A0,A0,E0,0,0,2017,1,120,114,14,19,-6,1484
20173,4591,A05,0,A00,A0,A0,E0,0,0,2017,1,1730,1580,217,367,-150,1698
20175,4591,A05,0,A00,A0,A0,E0,0,0,2017,1,18,16,3,5,-2,1027
20177,4591,A05,0,A00,A0,A0,E0,0,0,2017,1,374,339,46,82,-35,1133
20189,4591,A05,0,A00,A0,A0,E0,0,0,2017,1,,,0,0,,616
20191,4591,A05,0,A00,A0,A0,E0,0,0,2017,1,,,,0,,509
20193,4591,A05,0,A00,A0,A0,E0,0,0,2017,1,,,,,,633
20209,4591,A05,0,A00,A0,A0,E0,0,0,2017,1,513,439,21,95,-74,1554
20,4591,A05,0,A00,A0,A0,E0,0,0,2017,1,6432,5904,752,1279,-527,1559
20001,4591,A05,0,A00,A0,A0,E0,0,0,2017,2,,,,,,880
20003,4591,A05,0,A00,A0,A0,E0,0,0,2017,2,,,0,0,,770
20005,4591,A05,0,A00,A0,A0,E0,0,0,2017,2,,,,,,375
20009,4591,A05,0,A00,A0,A0,E0,0,0,2017,2,16,15,3,4,-1,1096
20011,4591,A05,0,A00,A0,A0,E0,0,0,2017,2,,,,,,728
20013,4591,A05,0,A00,A0,A0,E0,0,0,2017,2,,,0,,,718
20015,4591,A05,0,A00,A0,A0,E0,0,0,2017,2,27,26,4,5,-1,1632
20029,4591,A05,0,A00,A0,A0,E0,0,0,2017,2,,,,,,1468
20031,4591,A05,0,A00,A0,A0,E0,0,0,2017,2,,,,0,,741
20035,4591,A05,0,A00,A0,A0,E0,0,0,2017,2,33,32,5,5,-1,1816
20037,4591,A05,0,A00,A0,A0,E0,0,0,2017,2,37,34,4,7,-3,1487
20039,4591,A05,0,A00,A0,A0,E0,0,0,2017,2,,,0,0,,1536
20041,4591,A05,0,A00,A0,A0,E0,0,0,2017,2,,,0,0,,860
20045,4591,A05,0,A00,A0,A0,E0,0,0,2017,2,243,253,55,45,10,1280
20049,4591,A05,0,A00,A0,A0,E0,0,0,2017,2,,,0,0,,2035
20051,4591,A05,0,A00,A0,A0,E0,0,0,2017,2,72,76,21,17,3,1075
20055,4591,A05,0,A00,A0,A0,E0,0,0,2017,2,70,69,18,20,-2,1218
20057,4591,A05,0,A00,A0,A0,E0,0,0,2017,2,24,24,7,6,1,1794
20059,4591,A05,0,A00,A0,A0,E0,0,0,2017,2,,,,0,,728
20061,4591,A05,0,A00,A0,A0,E0,0,0,2017,2,,,,,,1089
20069,4591,A05,0,A00,A0,A0,E0,0,0,2017,2,5,6,,0,1,1399
20073,4591,A05,0,A00,A0,A0,E0,0,0,2017,2,,,0,0,,415
20079,4591,A05,0,A00,A0,A0,E0,0,0,2017,2,,,,,,1057
20085,4591,A05,0,A00,A0,A0,E0,0,0,2017,2,,,0,0,,719
20087,4591,A05,0,A00,A0,A0,E0,0,0,2017,2,,,,0,,1494
20089,4591,A05,0,A00,A0,A0,E0,0,0,2017,2,,,0,0,,438
20091,4591,A05,0,A00,A0,A0,E0,0,0,2017,2,2269,2265,407,411,-4,1727
20099,4591,A05,0,A00,A0,A0,E0,0,0,2017,2,7,6,,,-1,1316
20103,4591,A05,0,A00,A0,A0,E0,0,0,2017,2,27,32,10,5,5,1221
20107,4591,A05,0,A00,A0,A0,E0,0,0,2017,2,,,0,0,,3215
20111,4591,A05,0,A00,A0,A0,E0,0,0,2017,2,51,53,8,7,1,1452
20113,4591,A05,0,A00,A0,A0,E0,0,0,2017,2,39,40,6,5,1,1803
20121,4591,A05,0,A00,A0,A0,E0,0,0,2017,2,5,5,,,0,1311
20125,4591,A05,0,A00,A0,A0,E0,0,0,2017,2,19,18,5,6,-1,1277
20133,4591,A05,0,A00,A0,A0,E0,0,0,2017,2,,,,,,851
20137,4591,A05,0,A00,A0,A0,E0,0,0,2017,2,,,0,,,1959
20139,4591,A05,0,A00,A0,A0,E0,0,0,2017,2,,,0,0,,654
20141,4591,A05,0,A00,A0,A0,E0,0,0,2017,2,,,0,0,,1213
20143,4591,A05,0,A00,A0,A0,E0,0,0,2017,2,,,0,,,889
20149,4591,A05,0,A00,A0,A0,E0,0,0,2017,2,85,84,8,9,-1,2672
20151,4591,A05,0,A00,A0,A0,E0,0,0,2017,2,20,20,5,5,0,769
20155,4591,A05,0,A00,A0,A0,E0,0,0,2017,2,82,81,20,21,-1,1743
20157,4591,A05,0,A00,A0,A0,E0,0,0,2017,2,,,,,,253
20159,4591,A05,0,A00,A0,A0,E0,0,0,2017,2,,,0,0,,562
20161,4591,A05,0,A00,A0,A0,E0,0,0,2017,2,107,100,28,35,-7,1294
20163,4591,A05,0,A00,A0,A0,E0,0,0,2017,2,,,,,,264
20167,4591,A05,0,A00,A0,A0,E0,0,0,2017,2,,,0,0,,510
20169,4591,A05,0,A00,A0,A0,E0,0,0,2017,2,114,114,23,24,-1,1680
20173,4591,A05,0,A00,A0,A0,E0,0,0,2017,2,1576,1658,426,344,82,1775
20175,4591,A05,0,A00,A0,A0,E0,0,0,2017,2,16,17,5,4,1,1195
20177,4591,A05,0,A00,A0,A0,E0,0,0,2017,2,338,350,76,64,12,1205
20189,4591,A05,0,A00,A0,A0,E0,0,0,2017,2,,0,0,,,695
20191,4591,A05,0,A00,A0,A0,E0,0,0,2017,2,,,,,,618
20193,4591,A05,0,A00,A0,A0,E0,0,0,2017,2,,,,,,605
20209,4591,A05,0,A00,A0,A0,E0,0,0,2017,2,438,422,38,54,-16,1554
20,4591,A05,0,A00,A0,A0,E0,0,0,2017,2,5883,5964,1221,1141,81,1632
20001,4591,A05,0,A00,A0,A0,E0,0,0,2017,3,,,,,,738
20003,4591,A05,0,A00,A0,A0,E0,0,0,2017,3,,,0,0,,686
20005,4591,A05,0,A00,A0,A0,E0,0,0,2017,3,,,,0,,587
20009,4591,A05,0,A00,A0,A0,E0,0,0,2017,3,15,18,6,3,4,1052
20011,4591,A05,0,A00,A0,A0,E0,0,0,2017,3,,,,,,578
20013,4591,A05,0,A00,A0,A0,E0,0,0,2017,3,,,0,0,,1703
20015,4591,A05,0,A00,A0,A0,E0,0,0,2017,3,26,22,6,10,-4,1517
20029,4591,A05,0,A00,A0,A0,E0,0,0,2017,3,,,,,,1628
20031,4591,A05,0,A00,A0,A0,E0,0,0,2017,3,,,0,,,418
20035,4591,A05,0,A00,A0,A0,E0,0,0,2017,3,32,30,2,4,-2,1701
20037,4591,A05,0,A00,A0,A0,E0,0,0,2017,3,34,37,9,5,3,1583
20039,4591,A05,0,A00,A0,A0,E0,0,0,2017,3,,,,,,1556
20041,4591,A05,0,A00,A0,A0,E0,0,0,2017,3,,,,0,,1039
20045,4591,A05,0,A00,A0,A0,E0,0,0,2017,3,253,250,65,68,-3,1231
20049,4591,A05,0,A00,A0,A0,E0,0,0,2017,3,,,0,0,,1470
20051,4591,A05,0,A00,A0,A0,E0,0,0,2017,3,76,68,11,19,-7,1054
20055,4591,A05,0,A00,A0,A0,E0,0,0,2017,3,69,69,24,23,1,1104
20057,4591,A05,0,A00,A0,A0,E0,0,0,2017,3,24,25,7,7,0,1674
20059,4591,A05,0,A00,A0,A0,E0,0,0,2017,3,,,0,0,,647
20061,4591,A05,0,A00,A0,A0,E0,0,0,2017,3,,,,,,941
20069,4591,A05,0,A00,A0,A0,E0,0,0,2017,3,6,6,0,0,0,1330
20073,4591,A05,0,A00,A0,A0,E0,0,0,2017,3,,,0,0,,378
20079,4591,A05,0,A00,A0,A0,E0,0,0,2017,3,,,0,,,1087
20085,4591,A05,0,A00,A0,A0,E0,0,0,2017,3,,,0,0,,476
20087,4591,A05,0,A00,A0,A0,E0,0,0,2017,3,,,0,,,1459
20089,4591,A05,0,A00,A0,A0,E0,0,0,2017,3,,,0,0,,554
20091,4591,A05,0,A00,A0,A0,E0,0,0,2017,3,2249,2234,553,567,-15,1759
20099,4591,A05,0,A00,A0,A0,E0,0,0,2017,3,6,7,,,1,1495
20103,4591,A05,0,A00,A0,A0,E0,0,0,2017,3,32,34,10,8,2,1205
20107,4591,A05,0,A00,A0,A0,E0,0,0,2017,3,,,0,0,,2553
20111,4591,A05,0,A00,A0,A0,E0,0,0,2017,3,52,58,15,10,6,1344
20113,4591,A05,0,A00,A0,A0,E0,0,0,2017,3,40,39,7,8,-1,1716
20121,4591,A05,0,A00,A0,A0,E0,0,0,2017,3,5,10,11,6,5,1263
20125,4591,A05,0,A00,A0,A0,E0,0,0,2017,3,18,15,6,9,-3,1117
20133,4591,A05,0,A00,A0,A0,E0,0,0,2017,3,,,,,,771
20137,4591,A05,0,A00,A0,A0,E0,0,0,2017,3,,,,0,,2145
20139,4591,A05,0,A00,A0,A0,E0,0,0,2017,3,,,0,0,,361
20141,4591,A05,0,A00,A0,A0,E0,0,0,2017,3,,,0,0,,1199
20143,4591,A05,0,A00,A0,A0,E0,0,0,2017,3,,,,0,,1293
20149,4591,A05,0,A00,A0,A0,E0,0,0,2017,3,79,75,9,13,-4,2530
20151,4591,A05,0,A00,A0,A0,E0,0,0,2017,3,20,17,3,7,-3,805
20155,4591,A05,0,A00,A0,A0,E0,0,0,2017,3,81,89,26,18,8,1788
20157,4591,A05,0,A00,A0,A0,E0,0,0,2017,3,,,,0,,278
20159,4591,A05,0,A00,A0,A0,E0,0,0,2017,3,,,0,0,,490
20161,4591,A05,0,A00,A0,A0,E0,0,0,2017,3,100,93,23,30,-7,1286
20163,4591,A05,0,A00,A0,A0,E0,0,0,2017,3,,,0,,,319
20167,4591,A05,0,A00,A0,A0,E0,0,0,2017,3,,,0,0,,545
20169,4591,A05,0,A00,A0,A0,E0,0,0,2017,3,114,109,26,30,-4,1591
20173,4591,A05,0,A00,A0,A0,E0,0,0,2017,3,1657,1588,397,467,-70,1732
20175,4591,A05,0,A00,A0,A0,E0,0,0,2017,3,17,15,6,7,-1,993
20177,4591,A05,0,A00,A0,A0,E0,0,0,2017,3,350,348,90,92,-2,1167
20191,4591,A05,0,A00,A0,A0,E0,0,0,2017,3,,,,,,469
20193,4591,A05,0,A00,A0,A0,E0,0,0,2017,3,,,,,,665
20209,4591,A05,0,A00,A0,A0,E0,0,0,2017,3,456,474,92,74,18,2079
20,4591,A05,0,A00,A0,A0,E0,0,0,2017,3,5982,5904,1434,1512,-78,1659
20001,4591,A05,0,A00,A0,A0,E0,0,0,2017,4,,,,,,871
20003,4591,A05,0,A00,A0,A0,E0,0,0,2017,4,,,0,0,,733
20005,4591,A05,0,A00,A0,A0,E0,0,0,2017,4,,,,,,685
20009,4591,A05,0,A00,A0,A0,E0,0,0,2017,4,18,17,6,8,-2,973
20011,4591,A05,0,A00,A0,A0,E0,0,0,2017,4,,,,,,818
20013,4591,A05,0,A00,A0,A0,E0,0,0,2017,4,,0,0,,,2015
20015,4591,A05,0,A00,A0,A0,E0,0,0,2017,4,22,22,4,4,0,2211
20029,4591,A05,0,A00,A0,A0,E0,0,0,2017,4,,,,,,1254
20031,4591,A05,0,A00,A0,A0,E0,0,0,2017,4,,,0,0,,399
20035,4591,A05,0,A00,A0,A0,E0,0,0,2017,4,30,32,6,4,2,1934
20037,4591,A05,0,A00,A0,A0,E0,0,0,2017,4,37,38,6,5,1,1753
20039,4591,A05,0,A00,A0,A0,E0,0,0,2017,4,,,0,0,,1544
20041,4591,A05,0,A00,A0,A0,E0,0,0,2017,4,,,,,,1420
20045,4591,A05,0,A00,A0,A0,E0,0,0,2017,4,251,263,71,58,13,1375
20049,4591,A05,0,A00,A0,A0,E0,0,0,2017,4,,,0,0,,1321
20051,4591,A05,0,A00,A0,A0,E0,0,0,2017,4,68,73,18,13,5,1168
20055,4591,A05,0,A00,A0,A0,E0,0,0,2017,4,69,76,30,24,6,1264
20057,4591,A05,0,A00,A0,A0,E0,0,0,2017,4,25,27,9,6,3,1905
20059,4591,A05,0,A00,A0,A0,E0,0,0,2017,4,,,0,,,589
20061,4591,A05,0,A00,A0,A0,E0,0,0,2017,4,,,,,,1012
20069,4591,A05,0,A00,A0,A0,E0,0,0,2017,4,6,4,0,,-2,1560
20073,4591,A05,0,A00,A0,A0,E0,0,0,2017,4,,,0,,,383
20079,4591,A05,0,A00,A0,A0,E0,0,0,2017,4,,,,,,1293
20085,4591,A05,0,A00,A0,A0,E0,0,0,2017,4,,,0,0,,690
20087,4591,A05,0,A00,A0,A0,E0,0,0,2017,4,,,0,,,1810
20089,4591,A05,0,A00,A0,A0,E0,0,0,2017,4,,,0,0,,429
20091,4591,A05,0,A00,A0,A0,E0,0,0,2017,4,2234,2416,723,540,183,1877
20099,4591,A05,0,A00,A0,A0,E0,0,0,2017,4,7,8,2,,1,1392
20103,4591,A05,0,A00,A0,A0,E0,0,0,2017,4,34,35,11,9,2,1175
20107,4591,A05,0,A00,A0,A0,E0,0,0,2017,4,,,0,0,,2441
20111,4591,A05,0,A00,A0,A0,E0,0,0,2017,4,59,62,16,13,3,1623
20113,4591,A05,0,A00,A0,A0,E0,0,0,2017,4,39,36,4,7,-3,2133
20115,4591,A05,0,A00,A0,A0,E0,0,0,2017,4,0,,,0,,
20121,4591,A05,0,A00,A0,A0,E0,0,0,2017,4,10,10,3,3,0,1768
20125,4591,A05,0,A00,A0,A0,E0,0,0,2017,4,15,14,5,6,0,1240
20127,4591,A05,0,A00,A0,A0,E0,0,0,2017,4,0,0,,,0,
20133,4591,A05,0,A00,A0,A0,E0,0,0,2017,4,,,,,,1016
20137,4591,A05,0,A00,A0,A0,E0,0,0,2017,4,,,0,0,,1988
20139,4591,A05,0,A00,A0,A0,E0,0,0,2017,4,,,0,,,459
20141,4591,A05,0,A00,A0,A0,E0,0,0,2017,4,,,0,0,,1162
20143,4591,A05,0,A00,A0,A0,E0,0,0,2017,4,,,0,0,,998
20149,4591,A05,0,A00,A0,A0,E0,0,0,2017,4,73,77,15,11,5,2471
20151,4591,A05,0,A00,A0,A0,E0,0,0,2017,4,17,18,5,4,1,993
20155,4591,A05,0,A00,A0,A0,E0,0,0,2017,4,89,94,26,21,5,1820
20157,4591,A05,0,A00,A0,A0,E0,0,0,2017,4,,,,,,257
20159,4591,A05,0,A00,A0,A0,E0,0,0,2017,4,,,,,,467
20161,4591,A05,0,A00,A0,A0,E0,0,0,2017,4,93,104,41,30,11,1448
20163,4591,A05,0,A00,A0,A0,E0,0,0,2017,4,,,,,,324
20167,4591,A05,0,A00,A0,A0,E0,0,0,2017,4,,,0,0,,522
20169,4591,A05,0,A00,A0,A0,E0,0,0,2017,4,110,126,45,28,16,1991
20173,4591,A05,0,A00,A0,A0,E0,0,0,2017,4,1587,1712,542,416,126,1845
20175,4591,A05,0,A00,A0,A0,E0,0,0,2017,4,15,17,5,4,1,1180
20177,4591,A05,0,A00,A0,A0,E0,0,0,2017,4,348,371,133,110,24,1274
20191,4591,A05,0,A00,A0,A0,E0,0,0,2017,4,,,,,,634
20193,4591,A05,0,A00,A0,A0,E0,0,0,2017,4,,,0,,,803
20209,4591,A05,0,A00,A0,A0,E0,0,0,2017,4,474,546,162,91,72,1811
20,4591,A05,0,A00,A0,A0,E0,0,0,2017,4,5902,6373,1921,1450,471,1751
20001,4591,A05,0,A00,A0,A0,E0,0,0,2018,1,,,,,,709
20003,4591,A05,0,A00,A0,A0,E0,0,0,2018,1,,,0,0,,848
20005,4591,A05,0,A00,A0,A0,E0,0,0,2018,1,,,0,,,370
20009,4591,A05,0,A00,A0,A0,E0,0,0,2018,1,17,15,5,6,-1,855
20011,4591,A05,0,A00,A0,A0,E0,0,0,2018,1,,,,,,645
20013,4591,A05,0,A00,A0,A0,E0,0,0,2018,1,0,,,0,,
20015,4591,A05,0,A00,A0,A0,E0,0,0,2018,1,22,21,4,5,-1,1469
20029,4591,A05,0,A00,A0,A0,E0,0,0,2018,1,,,,,,1189
20031,4591,A05,0,A00,A0,A0,E0,0,0,2018,1,,,,,,321
20035,4591,A05,0,A00,A0,A0,E0,0,0,2018,1,32,30,,4,-2,1715
20037,4591,A05,0,A00,A0,A0,E0,0,0,2018,1,38,36,3,6,-2,1498
20039,4591,A05,0,A00,A0,A0,E0,0,0,2018,1,,,0,,,1507
20041,4591,A05,0,A00,A0,A0,E0,0,0,2018,1,,,,,,1536
20045,4591,A05,0,A00,A0,A0,E0,0,0,2018,1,263,255,44,52,-8,1191
20049,4591,A05,0,A00,A0,A0,E0,0,0,2018,1,,,0,,,1328
20051,4591,A05,0,A00,A0,A0,E0,0,0,2018,1,73,73,9,9,0,1095
20055,4591,A05,0,A00,A0,A0,E0,0,0,2018,1,76,73,12,14,-2,1092
20057,4591,A05,0,A00,A0,A0,E0,0,0,2018,1,27,19,3,11,-8,1528
20059,4591,A05,0,A00,A0,A0,E0,0,0,2018,1,,,0,0,,482
20061,4591,A05,0,A00,A0,A0,E0,0,0,2018,1,,,,,,713
20069,4591,A05,0,A00,A0,A0,E0,0,0,2018,1,4,5,,0,1,1703
20073,4591,A05,0,A00,A0,A0,E0,0,0,2018,1,,,,0,,319
20079,4591,A05,0,A00,A0,A0,E0,0,0,2018,1,21,23,5,3,2,1024
20085,4591,A05,0,A00,A0,A0,E0,0,0,2018,1,,,0,0,,489
20087,4591,A05,0,A00,A0,A0,E0,0,0,2018,1,,,0,0,,1773
20089,4591,A05,0,A00,A0,A0,E0,0,0,2018,1,,,0,0,,435
20091,4591,A05,0,A00,A0,A0,E0,0,0,2018,1,2468,2205,267,530,-263,1716
20099,4591,A05,0,A00,A0,A0,E0,0,0,2018,1,8,6,,4,-3,1105
20103,4591,A05,0,A00,A0,A0,E0,0,0,2018,1,35,32,,5,-3,1141
20107,4591,A05,0,A00,A0,A0,E0,0,0,2018,1,,,0,0,,2324
20111,4591,A05,0,A00,A0,A0,E0,0,0,2018,1,62,58,8,12,-4,1263
20113,4591,A05,0,A00,A0,A0,E0,0,0,2018,1,36,33,3,6,-3,1713
20115,4591,A05,0,A00,A0,A0,E0,0,0,2018,1,,,,,,24
20121,4591,A05,0,A00,A0,A0,E0,0,0,2018,1,,,,,,1501
20125,4591,A05,0,A00,A0,A0,E0,0,0,2018,1,14,11,,5,-4,994
20133,4591,A05,0,A00,A0,A0,E0,0,0,2018,1,,,,,,607
20137,4591,A05,0,A00,A0,A0,E0,0,0,2018,1,,,0,0,,1988
20139,4591,A05,0,A00,A0,A0,E0,0,0,2018,1,,,,,,77
20141,4591,A05,0,A00,A0,A0,E0,0,0,2018,1,,,0,0,,306
20143,4591,A05,0,A00,A0,A0,E0,0,0,2018,1,,,0,,,948
20149,4591,A05,0,A00,A0,A0,E0,0,0,2018,1,105,98,6,12,-6,2072
20151,4591,A05,0,A00,A0,A0,E0,0,0,2018,1,18,18,4,4,0,797
20155,4591,A05,0,A00,A0,A0,E0,0,0,2018,1,94,84,10,19,-9,1645
20157,4591,A05,0,A00,A0,A0,E0,0,0,2018,1,,,0,0,,473
20159,4591,A05,0,A00,A0,A0,E0,0,0,2018,1,,,0,,,434
20161,4591,A05,0,A00,A0,A0,E0,0,0,2018,1,104,95,15,24,-9,1231
20163,4591,A05,0,A00,A0,A0,E0,0,0,2018,1,,,0,,,345
20167,4591,A05,0,A00,A0,A0,E0,0,0,2018,1,,0,0,,,384
20169,4591,A05,0,A00,A0,A0,E0,0,0,2018,1,127,112,13,29,-15,1551
20173,4591,A05,0,A00,A0,A0,E0,0,0,2018,1,1589,1435,223,377,-155,1664
20175,4591,A05,0,A00,A0,A0,E0,0,0,2018,1,17,14,3,5,-2,1024
20177,4591,A05,0,A00,A0,A0,E0,0,0,2018,1,401,362,55,94,-39,1127
20191,4591,A05,0,A00,A0,A0,E0,0,0,2018,1,,,,,,285
20193,4591,A05,0,A00,A0,A0,E0,0,0,2018,1,,,,0,,753
20209,4591,A05,0,A00,A0,A0,E0,0,0,2018,1,546,489,38,95,-57,1706
20,4591,A05,0,A00,A0,A0,E0,0,0,2018,1,6360,5748,767,1378,-611,1578
20001,4591,A05,0,A00,A0,A0,E0,0,0,2018,2,,,,,,964
20003,4591,A05,0,A00,A0,A0,E0,0,0,2018,2,,,,0,,804
20005,4591,A05,0,A00,A0,A0,E0,0,0,2018,2,,,,,,433
20009,4591,A05,0,A00,A0,A0,E0,0,0,2018,2,15,16,8,7,1,994
20011,4591,A05,0,A00,A0,A0,E0,0,0,2018,2,,,,,,739
20013,4591,A05,0,A00,A0,A0,E0,0,0,2018,2,,0,0,,,1728
20015,4591,A05,0,A00,A0,A0,E0,0,0,2018,2,21,21,4,4,0,1874
20029,4591,A05,0,A00,A0,A0,E0,0,0,2018,2,,,,,,1323
20031,4591,A05,0,A00,A0,A0,E0,0,0,2018,2,,,0,0,,388
20035,4591,A05,0,A00,A0,A0,E0,0,0,2018,2,30,30,5,5,1,2005
20037,4591,A05,0,A00,A0,A0,E0,0,0,2018,2,36,32,6,10,-4,1503
20039,4591,A05,0,A00,A0,A0,E0,0,0,2018,2,,,0,0,,1340
20041,4591,A05,0,A00,A0,A0,E0,0,0,2018,2,,,0,,,1513
20045,4591,A05,0,A00,A0,A0,E0,0,0,2018,2,255,247,54,63,-8,1242
20049,4591,A05,0,A00,A0,A0,E0,0,0,2018,2,,,0,0,,1726
20051,4591,A05,0,A00,A0,A0,E0,0,0,2018,2,73,75,21,19,2,1014
20055,4591,A05,0,A00,A0,A0,E0,0,0,2018,2,73,70,18,21,-3,1182
20057,4591,A05,0,A00,A0,A0,E0,0,0,2018,2,19,19,5,5,0,2103
20059,4591,A05,0,A00,A0,A0,E0,0,0,2018,2,,,,,,510
20061,4591,A05,0,A00,A0,A0,E0,0,0,2018,2,,,,,,1106
20069,4591,A05,0,A00,A0,A0,E0,0,0,2018,2,5,5,,,0,1321
20073,4591,A05,0,A00,A0,A0,E0,0,0,2018,2,,,0,0,,480
20079,4591,A05,0,A00,A0,A0,E0,0,0,2018,2,23,22,5,5,0,1059
20085,4591,A05,0,A00,A0,A0,E0,0,0,2018,2,,,0,0,,640
20087,4591,A05,0,A00,A0,A0,E0,0,0,2018,2,,,0,,,1472
20089,4591,A05,0,A00,A0,A0,E0,0,0,2018,2,,0,0,,,355
20091,4591,A05,0,A00,A0,A0,E0,0,0,2018,2,2183,2156,377,405,-28,1767
20099,4591,A05,0,A00,A0,A0,E0,0,0,2018,2,6,5,0,,-1,1440
20103,4591,A05,0,A00,A0,A0,E0,0,0,2018,2,32,33,6,5,1,1217
20107,4591,A05,0,A00,A0,A0,E0,0,0,2018,2,,,0,0,,2313
20111,4591,A05,0,A00,A0,A0,E0,0,0,2018,2,59,63,13,8,5,1481
20113,4591,A05,0,A00,A0,A0,E0,0,0,2018,2,33,43,15,5,10,2043
20115,4591,A05,0,A00,A0,A0,E0,0,0,2018,2,,,,0,,417
20121,4591,A05,0,A00,A0,A0,E0,0,0,2018,2,13,17,8,4,4,1237
20125,4591,A05,0,A00,A0,A0,E0,0,0,2018,2,11,11,4,4,0,1241
20133,4591,A05,0,A00,A0,A0,E0,0,0,2018,2,,,,,,1129
20137,4591,A05,0,A00,A0,A0,E0,0,0,2018,2,,,0,0,,1229
20139,4591,A05,0,A00,A0,A0,E0,0,0,2018,2,,,0,0,,201
20141,4591,A05,0,A00,A0,A0,E0,0,0,2018,2,,,0,0,,1172
20143,4591,A05,0,A00,A0,A0,E0,0,0,2018,2,,,0,0,,1421
20149,4591,A05,0,A00,A0,A0,E0,0,0,2018,2,98,105,17,10,7,2312
20151,4591,A05,0,A00,A0,A0,E0,0,0,2018,2,18,16,4,6,-2,766
20155,4591,A05,0,A00,A0,A0,E0,0,0,2018,2,84,88,20,16,4,1693
20157,4591,A05,0,A00,A0,A0,E0,0,0,2018,2,,,,0,,468
20159,4591,A05,0,A00,A0,A0,E0,0,0,2018,2,,,0,0,,319
20161,4591,A05,0,A00,A0,A0,E0,0,0,2018,2,94,93,26,27,-1,1343
20163,4591,A05,0,A00,A0,A0,E0,0,0,2018,2,,,,0,,410
20169,4591,A05,0,A00,A0,A0,E0,0,0,2018,2,111,109,26,27,-2,1702
20173,4591,A05,0,A00,A0,A0,E0,0,0,2018,2,1429,1377,289,341,-52,1721
20175,4591,A05,0,A00,A0,A0,E0,0,0,2018,2,14,14,5,5,0,1057
20177,4591,A05,0,A00,A0,A0,E0,0,0,2018,2,360,378,98,80,18,1279
20191,4591,A05,0,A00,A0,A0,E0,0,0,2018,2,,,,,,635
20193,4591,A05,0,A00,A0,A0,E0,0,0,2018,2,,,,,,775
20209,4591,A05,0,A00,A0,A0,E0,0,0,2018,2,487,504,90,74,17,1645
20,4591,A05,0,A00,A0,A0,E0,0,0,2018,2,5713,5688,1160,1185,-25,1638
20001,4591,A05,0,A00,A0,A0,E0,0,0,2018,3,,,,,,1016
20003,4591,A05,0,A00,A0,A0,E0,0,0,2018,3,,,,,,500
20005,4591,A05,0,A00,A0,A0,E0,0,0,2018,3,,,0,,,661
20009,4591,A05,0,A00,A0,A0,E0,0,0,2018,3,16,16,6,7,-1,966
20011,4591,A05,0,A00,A0,A0,E0,0,0,2018,3,,,,,,716
20015,4591,A05,0,A00,A0,A0,E0,0,0,2018,3,21,21,5,4,1,1775
20029,4591,A05,0,A00,A0,A0,E0,0,0,2018,3,,,,,,2034
20031,4591,A05,0,A00,A0,A0,E0,0,0,2018,3,,,,0,,265
20035,4591,A05,0,A00,A0,A0,E0,0,0,2018,3,30,29,3,4,-1,1861
20037,4591,A05,0,A00,A0,A0,E0,0,0,2018,3,32,34,7,5,2,1671
20039,4591,A05,0,A00,A0,A0,E0,0,0,2018,3,,,0,0,,1313
20041,4591,A05,0,A00,A0,A0,E0,0,0,2018,3,,,,0,,1577
20045,4591,A05,0,A00,A0,A0,E0,0,0,2018,3,245,240,48,53,-5,1266
20049,4591,A05,0,A00,A0,A0,E0,0,0,2018,3,,,0,0,,1729
20051,4591,A05,0,A00,A0,A0,E0,0,0,2018,3,75,69,12,18,-6,990
20055,4591,A05,0,A00,A0,A0,E0,0,0,2018,3,70,70,20,20,0,1154
20057,4591,A05,0,A00,A0,A0,E0,0,0,2018,3,19,21,6,4,2,1977
20059,4591,A05,0,A00,A0,A0,E0,0,0,2018,3,,,0,0,,512
20061,4591,A05,0,A00,A0,A0,E0,0,0,2018,3,,,,,,872
20069,4591,A05,0,A00,A0,A0,E0,0,0,2018,3,5,4,0,,-1,1604
20073,4591,A05,0,A00,A0,A0,E0,0,0,2018,3,,,0,0,,684
20079,4591,A05,0,A00,A0,A0,E0,0,0,2018,3,22,24,5,4,1,1020
20085,4591,A05,0,A00,A0,A0,E0,0,0,2018,3,,,0,,,380
20087,4591,A05,0,A00,A0,A0,E0,0,0,2018,3,,,0,0,,991
20089,4591,A05,0,A00,A0,A0,E0,0,0,2018,3,0,,,0,,
20091,4591,A05,0,A00,A0,A0,E0,0,0,2018,3,2142,2094,473,520,-48,1666
20099,4591,A05,0,A00,A0,A0,E0,0,0,2018,3,5,6,,,2,1650
20103,4591,A05,0,A00,A0,A0,E0,0,0,2018,3,33,34,7,7,0,1289
20107,4591,A05,0,A00,A0,A0,E0,0,0,2018,3,,,0,0,,2518
20111,4591,A05,0,A00,A0,A0,E0,0,0,2018,3,63,64,12,11,1,1388
20113,4591,A05,0,A00,A0,A0,E0,0,0,2018,3,43,42,9,11,-2,1814
20115,4591,A05,0,A00,A0,A0,E0,0,0,2018,3,,,,,,408
20121,4591,A05,0,A00,A0,A0,E0,0,0,2018,3,17,16,4,4,-1,1414
20125,4591,A05,0,A00,A0,A0,E0,0,0,2018,3,11,12,5,4,2,1155
20129,4591,A05,0,A00,A0,A0,E0,0,0,2018,3,0,,,,,
20133,4591,A05,0,A00,A0,A0,E0,0,0,2018,3,,,,,,965
20137,4591,A05,0,A00,A0,A0,E0,0,0,2018,3,,,0,,,1077
20139,4591,A05,0,A00,A0,A0,E0,0,0,2018,3,,,,0,,201
20141,4591,A05,0,A00,A0,A0,E0,0,0,2018,3,,,0,0,,1256
20143,4591,A05,0,A00,A0,A0,E0,0,0,2018,3,,,0,0,,1269
20149,4591,A05,0,A00,A0,A0,E0,0,0,2018,3,105,124,25,6,19,2146
20151,4591,A05,0,A00,A0,A0,E0,0,0,2018,3,16,17,5,4,1,864
20155,4591,A05,0,A00,A0,A0,E0,0,0,2018,3,88,87,21,22,-1,1643
20157,4591,A05,0,A00,A0,A0,E0,0,0,2018,3,,,0,0,,542
20159,4591,A05,0,A00,A0,A0,E0,0,0,2018,3,,,,,,616
20161,4591,A05,0,A00,A0,A0,E0,0,0,2018,3,93,88,16,21,-5,1262
20163,4591,A05,0,A00,A0,A0,E0,0,0,2018,3,,,0,0,,278
20169,4591,A05,0,A00,A0,A0,E0,0,0,2018,3,109,105,19,23,-4,1666
20173,4591,A05,0,A00,A0,A0,E0,0,0,2018,3,1387,1303,316,400,-84,1778
20175,4591,A05,0,A00,A0,A0,E0,0,0,2018,3,14,14,4,4,0,961
20177,4591,A05,0,A00,A0,A0,E0,0,0,2018,3,375,352,70,94,-23,1186
20191,4591,A05,0,A00,A0,A0,E0,0,0,2018,3,,,,,,913
20193,4591,A05,0,A00,A0,A0,E0,0,0,2018,3,,,,0,,922
20209,4591,A05,0,A00,A0,A0,E0,0,0,2018,3,503,470,66,99,-34,1787
20,4591,A05,0,A00,A0,A0,E0,0,0,2018,3,5678,5501,1199,1376,-177,1611
20001,4591,A05,0,A00,A0,A0,E0,0,0,2018,4,,,,,,861
20003,4591,A05,0,A00,A0,A0,E0,0,0,2018,4,,,0,0,,755
20005,4591,A05,0,A00,A0,A0,E0,0,0,2018,4,,,0,0,,1556
20009,4591,A05,0,A00,A0,A0,E0,0,0,2018,4,16,17,5,4,1,1283
20011,4591,A05,0,A00,A0,A0,E0,0,0,2018,4,,,,,,746
20015,4591,A05,0,A00,A0,A0,E0,0,0,2018,4,21,22,4,3,1,2343
20029,4591,A05,0,A00,A0,A0,E0,0,0,2018,4,,,,,,1596
20031,4591,A05,0,A00,A0,A0,E0,0,0,2018,4,,,0,0,,300
20035,4591,A05,0,A00,A0,A0,E0,0,0,2018,4,29,29,5,6,-1,2092
20037,4591,A05,0,A00,A0,A0,E0,0,0,2018,4,34,39,11,5,5,1819
20039,4591,A05,0,A00,A0,A0,E0,0,0,2018,4,,,,,,1148
20041,4591,A05,0,A00,A0,A0,E0,0,0,2018,4,,,,,,1482
20045,4591,A05,0,A00,A0,A0,E0,0,0,2018,4,240,249,59,51,9,1430
20049,4591,A05,0,A00,A0,A0,E0,0,0,2018,4,,,0,0,,1722
20051,4591,A05,0,A00,A0,A0,E0,0,0,2018,4,69,71,18,16,2,1130
20055,4591,A05,0,A00,A0,A0,E0,0,0,2018,4,70,72,27,25,1,1236
20057,4591,A05,0,A00,A0,A0,E0,0,0,2018,4,21,24,9,6,3,2122
20059,4591,A05,0,A00,A0,A0,E0,0,0,2018,4,,,,0,,633
20061,4591,A05,0,A00,A0,A0,E0,0,0,2018,4,,,,,,1136
20069,4591,A05,0,A00,A0,A0,E0,0,0,2018,4,4,4,,,0,1353
20073,4591,A05,0,A00,A0,A0,E0,0,0,2018,4,,,,,,347
20079,4591,A05,0,A00,A0,A0,E0,0,0,2018,4,24,29,14,8,6,1157
20085,4591,A05,0,A00,A0,A0,E0,0,0,2018,4,,,0,,,201
20087,4591,A05,0,A00,A0,A0,E0,0,0,2018,4,,0,0,,,518
20089,4591,A05,0,A00,A0,A0,E0,0,0,2018,4,,0,0,,,136
20091,4591,A05,0,A00,A0,A0,E0,0,0,2018,4,2072,2217,540,395,145,1765
20099,4591,A05,0,A00,A0,A0,E0,0,0,2018,4,6,6,,,0,1317
20103,4591,A05,0,A00,A0,A0,E0,0,0,2018,4,34,35,7,5,2,1256
20107,4591,A05,0,A00,A0,A0,E0,0,0,2018,4,,,0,0,,2324
20111,4591,A05,0,A00,A0,A0,E0,0,0,2018,4,64,64,13,14,0,1438
20113,4591,A05,0,A00,A0,A0,E0,0,0,2018,4,42,41,8,8,-1,1761
20115,4591,A05,0,A00,A0,A0,E0,0,0,2018,4,,,,0,,570
20117,4591,A05,0,A00,A0,A0,E0,0,0,2018,4,0,,,0,,
20121,4591,A05,0,A00,A0,A0,E0,0,0,2018,4,16,13,,5,-4,1614
20125,4591,A05,0,A00,A0,A0,E0,0,0,2018,4,12,12,4,4,0,1186
20127,4591,A05,0,A00,A0,A0,E0,0,0,2018,4,0,0,,,0,
20129,4591,A05,0,A00,A0,A0,E0,0,0,2018,4,,,0,0,,61
20133,4591,A05,0,A00,A0,A0,E0,0,0,2018,4,,,,,,1168
20137,4591,A05,0,A00,A0,A0,E0,0,0,2018,4,,0,0,,,208
20139,4591,A05,0,A00,A0,A0,E0,0,0,2018,4,,,,0,,852
20141,4591,A05,0,A00,A0,A0,E0,0,0,2018,4,,,0,0,,1159
20143,4591,A05,0,A00,A0,A0,E0,0,0,2018,4,,,0,0,,1190
20149,4591,A05,0,A00,A0,A0,E0,0,0,2018,4,124,135,32,22,10,2325
20151,4591,A05,0,A00,A0,A0,E0,0,0,2018,4,17,17,6,6,0,924
20155,4591,A05,0,A00,A0,A0,E0,0,0,2018,4,87,92,35,30,5,1719
20157,4591,A05,0,A00,A0,A0,E0,0,0,2018,4,,,0,0,,400
20159,4591,A05,0,A00,A0,A0,E0,0,0,2018,4,,,,,,393
20161,4591,A05,0,A00,A0,A0,E0,0,0,2018,4,88,96,29,21,8,1471
20163,4591,A05,0,A00,A0,A0,E0,0,0,2018,4,,,0,,,262
20169,4591,A05,0,A00,A0,A0,E0,0,0,2018,4,105,119,43,29,14,1964
20173,4591,A05,0,A00,A0,A0,E0,0,0,2018,4,1303,1327,384,360,24,2018
20175,4591,A05,0,A00,A0,A0,E0,0,0,2018,4,14,18,7,3,4,1262
20177,4591,A05,0,A00,A0,A0,E0,0,0,2018,4,352,346,87,93,-6,1414
20191,4591,A05,0,A00,A0,A0,E0,0,0,2018,4,,,,,,664
20193,4591,A05,0,A00,A0,A0,E0,0,0,2018,4,,,,,,989
20209,4591,A05,0,A00,A0,A0,E0,0,0,2018,4,470,496,115,89,26,1911
20,4591,A05,0,A00,A0,A0,E0,0,0,2018,4,5479,5729,1492,1242,251,1759
20001,4591,A05,0,A00,A0,A0,E0,0,0,2019,1,,,,,,674
20003,4591,A05,0,A00,A0,A0,E0,0,0,2019,1,,,0,0,,541
20005,4591,A05,0,A00,A0,A0,E0,0,0,2019,1,,,,0,,1171
20009,4591,A05,0,A00,A0,A0,E0,0,0,2019,1,17,16,4,5,-1,1129
20011,4591,A05,0,A00,A0,A0,E0,0,0,2019,1,,,,,,789
20015,4591,A05,0,A00,A0,A0,E0,0,0,2019,1,19,18,,3,-1,1830
20029,4591,A05,0,A00,A0,A0,E0,0,0,2019,1,10,16,10,4,6,1127
20031,4591,A05,0,A00,A0,A0,E0,0,0,2019,1,,,0,0,,240
20035,4591,A05,0,A00,A0,A0,E0,0,0,2019,1,29,28,,2,-1,1965
20037,4591,A05,0,A00,A0,A0,E0,0,0,2019,1,39,36,4,7,-3,1425
20039,4591,A05,0,A00,A0,A0,E0,0,0,2019,1,,,,,,1018
20041,4591,A05,0,A00,A0,A0,E0,0,0,2019,1,,,0,0,,860
20045,4591,A05,0,A00,A0,A0,E0,0,0,2019,1,249,228,20,41,-21,1250
20049,4591,A05,0,A00,A0,A0,E0,0,0,2019,1,,,0,0,,1700
20051,4591,A05,0,A00,A0,A0,E0,0,0,2019,1,71,66,7,12,-5,1072
20055,4591,A05,0,A00,A0,A0,E0,0,0,2019,1,72,59,5,17,-12,1065
20057,4591,A05,0,A00,A0,A0,E0,0,0,2019,1,24,20,3,7,-4,1560
20059,4591,A05,0,A00,A0,A0,E0,0,0,2019,1,,,0,,,576
20061,4591,A05,0,A00,A0,A0,E0,0,0,2019,1,,,,,,906
20069,4591,A05,0,A00,A0,A0,E0,0,0,2019,1,,,,0,,1685
20073,4591,A05,0,A00,A0,A0,E0,0,0,2019,1,,,0,0,,246
20079,4591,A05,0,A00,A0,A0,E0,0,0,2019,1,29,26,4,7,-3,781
20085,4591,A05,0,A00,A0,A0,E0,0,0,2019,1,,,0,0,,173
20091,4591,A05,0,A00,A0,A0,E0,0,0,2019,1,2252,2139,293,405,-113,1702
20099,4591,A05,0,A00,A0,A0,E0,0,0,2019,1,6,6,0,,-1,1133
20103,4591,A05,0,A00,A0,A0,E0,0,0,2019,1,39,36,5,8,-3,1305
20107,4591,A05,0,A00,A0,A0,E0,0,0,2019,1,,,0,0,,2499
20111,4591,A05,0,A00,A0,A0,E0,0,0,2019,1,63,60,4,7,-3,1350
20113,4591,A05,0,A00,A0,A0,E0,0,0,2019,1,41,40,3,4,0,1582
20115,4591,A05,0,A00,A0,A0,E0,0,0,2019,1,,,,,,371
20117,4591,A05,0,A00,A0,A0,E0,0,0,2019,1,,,0,0,,1727
20121,4591,A05,0,A00,A0,A0,E0,0,0,2019,1,13,14,,0,1,1914
20125,4591,A05,0,A00,A0,A0,E0,0,0,2019,1,12,11,3,4,-2,984
20129,4591,A05,0,A00,A0,A0,E0,0,0,2019,1,,,,,,58
20133,4591,A05,0,A00,A0,A0,E0,0,0,2019,1,,,,,,1134
20139,4591,A05,0,A00,A0,A0,E0,0,0,2019,1,,,0,0,,1386
20141,4591,A05,0,A00,A0,A0,E0,0,0,2019,1,,,0,0,,1173
20143,4591,A05,0,A00,A0,A0,E0,0,0,2019,1,,,0,0,,1301
20149,4591,A05,0,A00,A0,A0,E0,0,0,2019,1,130,122,14,22,-8,1822
20151,4591,A05,0,A00,A0,A0,E0,0,0,2019,1,17,16,,3,-1,954
20155,4591,A05,0,A00,A0,A0,E0,0,0,2019,1,92,77,10,25,-15,1550
20157,4591,A05,0,A00,A0,A0,E0,0,0,2019,1,,,0,,,423
20159,4591,A05,0,A00,A0,A0,E0,0,0,2019,1,,,,0,,364
20161,4591,A05,0,A00,A0,A0,E0,0,0,2019,1,96,88,12,20,-8,1216
20163,4591,A05,0,A00,A0,A0,E0,0,0,2019,1,,,0,0,,498
20169,4591,A05,0,A00,A0,A0,E0,0,0,2019,1,119,103,7,23,-16,1625
20173,4591,A05,0,A00,A0,A0,E0,0,0,2019,1,1332,1252,194,275,-80,1786
20175,4591,A05,0,A00,A0,A0,E0,0,0,2019,1,18,17,3,4,-1,1005
20177,4591,A05,0,A00,A0,A0,E0,0,0,2019,1,347,330,52,69,-17,1312
20191,4591,A05,0,A00,A0,A0,E0,0,0,2019,1,,,0,0,,747
20193,4591,A05,0,A00,A0,A0,E0,0,0,2019,1,,,0,,,782
20201,4591,A05,0,A00,A0,A0,E0,0,0,2019,1,,,0,0,,1110
20209,4591,A05,0,A00,A0,A0,E0,0,0,2019,1,497,443,16,69,-53,1484
20,4591,A05,0,A00,A0,A0,E0,0,0,2019,1,5758,5386,690,1062,-372,1591
20001,4591,A05,0,A00,A0,A0,E0,0,0,2019,2,,,,,,864
20003,4591,A05,0,A00,A0,A0,E0,0,0,2019,2,,,0,,,451
20005,4591,A05,0,A00,A0,A0,E0,0,0,2019,2,,,0,0,,839
20009,4591,A05,0,A00,A0,A0,E0,0,0,2019,2,16,13,3,6,-3,1136
20011,4591,A05,0,A00,A0,A0,E0,0,0,2019,2,,,,,,977
20015,4591,A05,0,A00,A0,A0,E0,0,0,2019,2,18,18,,,-1,1888
20029,4591,A05,0,A00,A0,A0,E0,0,0,2019,2,16,16,,,0,1177
20031,4591,A05,0,A00,A0,A0,E0,0,0,2019,2,,,0,,,292
20035,4591,A05,0,A00,A0,A0,E0,0,0,2019,2,28,28,3,4,0,2101
20037,4591,A05,0,A00,A0,A0,E0,0,0,2019,2,36,34,5,7,-2,1546
20039,4591,A05,0,A00,A0,A0,E0,0,0,2019,2,,,,0,,1215
20041,4591,A05,0,A00,A0,A0,E0,0,0,2019,2,,,0,0,,860
20045,4591,A05,0,A00,A0,A0,E0,0,0,2019,2,228,230,49,46,2,1412
20049,4591,A05,0,A00,A0,A0,E0,0,0,2019,2,,,0,0,,1696
20051,4591,A05,0,A00,A0,A0,E0,0,0,2019,2,66,66,17,17,0,1043
20055,4591,A05,0,A00,A0,A0,E0,0,0,2019,2,59,60,17,17,0,1335
20057,4591,A05,0,A00,A0,A0,E0,0,0,2019,2,20,18,7,9,-2,1885
20059,4591,A05,0,A00,A0,A0,E0,0,0,2019,2,,,,,,755
20061,4591,A05,0,A00,A0,A0,E0,0,0,2019,2,,,,,,1077
20069,4591,A05,0,A00,A0,A0,E0,0,0,2019,2,,,0,,,1172
20073,4591,A05,0,A00,A0,A0,E0,0,0,2019,2,,,0,0,,301
20079,4591,A05,0,A00,A0,A0,E0,0,0,2019,2,26,25,4,4,-1,877
20085,4591,A05,0,A00,A0,A0,E0,0,0,2019,2,,,,,,196
20087,4591,A05,0,A00,A0,A0,E0,0,0,2019,2,0,,,0,,
20089,4591,A05,0,A00,A0,A0,E0,0,0,2019,2,0,,,0,,
20091,4591,A05,0,A00,A0,A0,E0,0,0,2019,2,2139,2091,378,426,-48,1710
20099,4591,A05,0,A00,A0,A0,E0,0,0,2019,2,6,6,,,0,1145
20103,4591,A05,0,A00,A0,A0,E0,0,0,2019,2,36,39,9,6,3,1177
20107,4591,A05,0,A00,A0,A0,E0,0,0,2019,2,,,0,0,,2479
20111,4591,A05,0,A00,A0,A0,E0,0,0,2019,2,60,63,13,11,3,1522
20113,4591,A05,0,A00,A0,A0,E0,0,0,2019,2,40,35,7,12,-5,1621
20115,4591,A05,0,A00,A0,A0,E0,0,0,2019,2,,,,,,575
20117,4591,A05,0,A00,A0,A0,E0,0,0,2019,2,,0,0,,,351
20121,4591,A05,0,A00,A0,A0,E0,0,0,2019,2,14,13,4,5,-1,1861
20125,4591,A05,0,A00,A0,A0,E0,0,0,2019,2,11,10,3,4,-1,1312
20129,4591,A05,0,A00,A0,A0,E0,0,0,2019,2,,,,,,135
20133,4591,A05,0,A00,A0,A0,E0,0,0,2019,2,,,,,,1282
20139,4591,A05,0,A00,A0,A0,E0,0,0,2019,2,,,0,0,,1288
20141,4591,A05,0,A00,A0,A0,E0,0,0,2019,2,,0,0,,,62
20143,4591,A05,0,A00,A0,A0,E0,0,0,2019,2,,,0,0,,1468
20149,4591,A05,0,A00,A0,A0,E0,0,0,2019,2,122,116,23,29,-6,2275
20151,4591,A05,0,A00,A0,A0,E0,0,0,2019,2,16,18,5,3,2,938
20155,4591,A05,0,A00,A0,A0,E0,0,0,2019,2,77,83,21,15,6,1709
20157,4591,A05,0,A00,A0,A0,E0,0,0,2019,2,,,,,,507
20159,4591,A05,0,A00,A0,A0,E0,0,0,2019,2,,,,,,439
20161,4591,A05,0,A00,A0,A0,E0,0,0,2019,2,88,95,31,24,7,1423
20163,4591,A05,0,A00,A0,A0,E0,0,0,2019,2,,,,,,752
20169,4591,A05,0,A00,A0,A0,E0,0,0,2019,2,104,104,27,26,0,1767
20173,4591,A05,0,A00,A0,A0,E0,0,0,2019,2,1252,1283,321,290,31,1882
20175,4591,A05,0,A00,A0,A0,E0,0,0,2019,2,17,15,4,6,-2,1096
20177,4591,A05,0,A00,A0,A0,E0,0,0,2019,2,329,355,97,72,26,1520
20191,4591,A05,0,A00,A0,A0,E0,0,0,2019,2,,,,0,,805
20193,4591,A05,0,A00,A0,A0,E0,0,0,2019,2,,,,,,928
20201,4591,A05,0,A00,A0,A0,E0,0,0,2019,2,,,0,0,,866
20209,4591,A05,0,A00,A0,A0,E0,0,0,2019,2,443,407,50,86,-37,1620
20,4591,A05,0,A00,A0,A0,E0,0,0,2019,2,5385,5361,1131,1155,-24,1677
20001,4591,A05,0,A00,A0,A0,E0,0,0,2019,3,,,,,,601
20003,4591,A05,0,A00,A0,A0,E0,0,0,2019,3,,,0,0,,782
20005,4591,A05,0,A00,A0,A0,E0,0,0,2019,3,,,,,,623
20009,4591,A05,0,A00,A0,A0,E0,0,0,2019,3,13,15,6,3,2,1100
20011,4591,A05,0,A00,A0,A0,E0,0,0,2019,3,,,,,,844
20015,4591,A05,0,A00,A0,A0,E0,0,0,2019,3,18,16,3,4,-1,1451
20029,4591,A05,0,A00,A0,A0,E0,0,0,2019,3,16,17,,,1,1394
20031,4591,A05,0,A00,A0,A0,E0,0,0,2019,3,,,0,0,,388
20035,4591,A05,0,A00,A0,A0,E0,0,0,2019,3,28,28,3,3,0,1824
20037,4591,A05,0,A00,A0,A0,E0,0,0,2019,3,34,34,4,4,1,1663
20039,4591,A05,0,A00,A0,A0,E0,0,0,2019,3,,,0,0,,1180
20041,4591,A05,0,A00,A0,A0,E0,0,0,2019,3,,,0,0,,1004
20045,4591,A05,0,A00,A0,A0,E0,0,0,2019,3,230,236,54,48,6,1368
20049,4591,A05,0,A00,A0,A0,E0,0,0,2019,3,,,0,0,,1682
20051,4591,A05,0,A00,A0,A0,E0,0,0,2019,3,66,65,10,11,-1,1073
20055,4591,A05,0,A00,A0,A0,E0,0,0,2019,3,60,56,15,19,-4,1247
20057,4591,A05,0,A00,A0,A0,E0,0,0,2019,3,18,18,6,7,-1,1640
20059,4591,A05,0,A00,A0,A0,E0,0,0,2019,3,,,0,,,752
20061,4591,A05,0,A00,A0,A0,E0,0,0,2019,3,,,,,,989
20069,4591,A05,0,A00,A0,A0,E0,0,0,2019,3,,,0,0,,1391
20073,4591,A05,0,A00,A0,A0,E0,0,0,2019,3,,,0,0,,323
20079,4591,A05,0,A00,A0,A0,E0,0,0,2019,3,25,26,5,5,0,841
20085,4591,A05,0,A00,A0,A0,E0,0,0,2019,3,,,0,0,,67
20087,4591,A05,0,A00,A0,A0,E0,0,0,2019,3,,,0,0,,1028
20089,4591,A05,0,A00,A0,A0,E0,0,0,2019,3,,,0,0,,407
20091,4591,A05,0,A00,A0,A0,E0,0,0,2019,3,2091,2092,486,485,1,1662
20099,4591,A05,0,A00,A0,A0,E0,0,0,2019,3,6,6,,0,1,1151
20103,4591,A05,0,A00,A0,A0,E0,0,0,2019,3,39,38,6,7,-1,1232
20107,4591,A05,0,A00,A0,A0,E0,0,0,2019,3,,,0,0,,2479
20111,4591,A05,0,A00,A0,A0,E0,0,0,2019,3,65,62,11,14,-2,1403
20113,4591,A05,0,A00,A0,A0,E0,0,0,2019,3,35,31,5,9,-4,1778
20115,4591,A05,0,A00,A0,A0,E0,0,0,2019,3,,,,,,942
20121,4591,A05,0,A00,A0,A0,E0,0,0,2019,3,13,15,,0,2,1965
20125,4591,A05,0,A00,A0,A0,E0,0,0,2019,3,,,,,,1174
20129,4591,A05,0,A00,A0,A0,E0,0,0,2019,3,,,,0,,238
20133,4591,A05,0,A00,A0,A0,E0,0,0,2019,3,,,,,,834
20139,4591,A05,0,A00,A0,A0,E0,0,0,2019,3,,,0,0,,1328
20143,4591,A05,0,A00,A0,A0,E0,0,0,2019,3,,,0,0,,1347
20149,4591,A05,0,A00,A0,A0,E0,0,0,2019,3,116,118,28,26,2,1795
20151,4591,A05,0,A00,A0,A0,E0,0,0,2019,3,18,17,4,5,-1,762
20155,4591,A05,0,A00,A0,A0,E0,0,0,2019,3,83,81,19,20,-1,1632
20157,4591,A05,0,A00,A0,A0,E0,0,0,2019,3,,,,,,722
20159,4591,A05,0,A00,A0,A0,E0,0,0,2019,3,,,,,,862
20161,4591,A05,0,A00,A0,A0,E0,0,0,2019,3,95,95,27,26,1,1246
20163,4591,A05,0,A00,A0,A0,E0,0,0,2019,3,,,,,,621
20169,4591,A05,0,A00,A0,A0,E0,0,0,2019,3,102,109,27,21,6,1688
20173,4591,A05,0,A00,A0,A0,E0,0,0,2019,3,1283,1270,309,322,-12,1871
20175,4591,A05,0,A00,A0,A0,E0,0,0,2019,3,15,15,6,6,0,1119
20177,4591,A05,0,A00,A0,A0,E0,0,0,2019,3,355,349,80,87,-7,1347
20191,4591,A05,0,A00,A0,A0,E0,0,0,2019,3,,,,,,673
20193,4591,A05,0,A00,A0,A0,E0,0,0,2019,3,,,0,,,842
20201,4591,A05,0,A00,A0,A0,E0,0,0,2019,3,,,0,0,,960
20209,4591,A05,0,A00,A0,A0,E0,0,0,2019,3,407,412,76,71,5,1718
20,4591,A05,0,A00,A0,A0,E0,0,0,2019,3,5361,5351,1217,1227,-10,1629
20001,4591,A05,0,A00,A0,A0,E0,0,0,2019,4,,0,0,,,422
20003,4591,A05,0,A00,A0,A0,E0,0,0,2019,4,,,0,0,,668
20005,4591,A05,0,A00,A0,A0,E0,0,0,2019,4,,,0,,,705
20009,4591,A05,0,A00,A0,A0,E0,0,0,2019,4,15,18,8,5,3,1242
20011,4591,A05,0,A00,A0,A0,E0,0,0,2019,4,,,,,,1151
20015,4591,A05,0,A00,A0,A0,E0,0,0,2019,4,16,15,,4,-2,1749
20029,4591,A05,0,A00,A0,A0,E0,0,0,2019,4,17,15,0,,-2,1195
20031,4591,A05,0,A00,A0,A0,E0,0,0,2019,4,,,0,0,,335
20035,4591,A05,0,A00,A0,A0,E0,0,0,2019,4,28,28,7,6,1,2209
20037,4591,A05,0,A00,A0,A0,E0,0,0,2019,4,34,36,9,7,2,1901
20039,4591,A05,0,A00,A0,A0,E0,0,0,2019,4,,,0,,,1039
20041,4591,A05,0,A00,A0,A0,E0,0,0,2019,4,,,0,0,,860
20045,4591,A05,0,A00,A0,A0,E0,0,0,2019,4,236,247,60,49,11,1461
20049,4591,A05,0,A00,A0,A0,E0,0,0,2019,4,,,0,0,,1704
20051,4591,A05,0,A00,A0,A0,E0,0,0,2019,4,65,65,13,13,0,1182
20055,4591,A05,0,A00,A0,A0,E0,0,0,2019,4,56,67,25,14,11,1518
20057,4591,A05,0,A00,A0,A0,E0,0,0,2019,4,18,17,8,8,-1,1909
20059,4591,A05,0,A00,A0,A0,E0,0,0,2019,4,,,0,,,935
20061,4591,A05,0,A00,A0,A0,E0,0,0,2019,4,,,,,,1293
20069,4591,A05,0,A00,A0,A0,E0,0,0,2019,4,,,,,,1625
20073,4591,A05,0,A00,A0,A0,E0,0,0,2019,4,,,,0,,334
20079,4591,A05,0,A00,A0,A0,E0,0,0,2019,4,26,29,10,7,3,1022
20085,4591,A05,0,A00,A0,A0,E0,0,0,2019,4,,,0,,,75
20087,4591,A05,0,A00,A0,A0,E0,0,0,2019,4,,,0,0,,2885
20089,4591,A05,0,A00,A0,A0,E0,0,0,2019,4,,,0,0,,626
20091,4591,A05,0,A00,A0,A0,E0,0,0,2019,4,2092,2208,547,431,116,1810
20099,4591,A05,0,A00,A0,A0,E0,0,0,2019,4,6,6,,,0,1027
20103,4591,A05,0,A00,A0,A0,E0,0,0,2019,4,38,33,10,14,-4,1405
20107,4591,A05,0,A00,A0,A0,E0,0,0,2019,4,,,0,0,,2477
20111,4591,A05,0,A00,A0,A0,E0,0,0,2019,4,62,65,12,9,3,1605
20113,4591,A05,0,A00,A0,A0,E0,0,0,2019,4,31,34,6,3,3,2135
20115,4591,A05,0,A00,A0,A0,E0,0,0,2019,4,,,,,,739
20121,4591,A05,0,A00,A0,A0,E0,0,0,2019,4,15,12,0,3,-3,2544
20125,4591,A05,0,A00,A0,A0,E0,0,0,2019,4,,,,,,1162
20127,4591,A05,0,A00,A0,A0,E0,0,0,2019,4,0,0,,,0,
20129,4591,A05,0,A00,A0,A0,E0,0,0,2019,4,,,,,,198
20133,4591,A05,0,A00,A0,A0,E0,0,0,2019,4,,,,,,1143
20139,4591,A05,0,A00,A0,A0,E0,0,0,2019,4,,,0,0,,1180
20143,4591,A05,0,A00,A0,A0,E0,0,0,2019,4,,,0,0,,1226
20149,4591,A05,0,A00,A0,A0,E0,0,0,2019,4,118,122,31,27,4,2150
20151,4591,A05,0,A00,A0,A0,E0,0,0,2019,4,17,17,6,7,-1,962
20155,4591,A05,0,A00,A0,A0,E0,0,0,2019,4,81,89,33,25,8,1654
20157,4591,A05,0,A00,A0,A0,E0,0,0,2019,4,,,,,,295
20159,4591,A05,0,A00,A0,A0,E0,0,0,2019,4,,,,,,729
20161,4591,A05,0,A00,A0,A0,E0,0,0,2019,4,95,96,29,28,1,1417
20163,4591,A05,0,A00,A0,A0,E0,0,0,2019,4,,,0,0,,360
20169,4591,A05,0,A00,A0,A0,E0,0,0,2019,4,109,123,48,34,14,1911
20173,4591,A05,0,A00,A0,A0,E0,0,0,2019,4,1270,1338,390,323,67,2061
20175,4591,A05,0,A00,A0,A0,E0,0,0,2019,4,15,18,8,5,3,1282
20177,4591,A05,0,A00,A0,A0,E0,0,0,2019,4,349,351,81,79,2,1502
20191,4591,A05,0,A00,A0,A0,E0,0,0,2019,4,,,,0,,615
20193,4591,A05,0,A00,A0,A0,E0,0,0,2019,4,,,,,,1201
20201,4591,A05,0,A00,A0,A0,E0,0,0,2019,4,,,0,0,,944
20209,4591,A05,0,A00,A0,A0,E0,0,0,2019,4,412,455,95,51,43,1897
20,4591,A05,0,A00,A0,A0,E0,0,0,2019,4,5352,5628,1456,1180,277,1796
20001,4591,A05,0,A00,A0,A0,E0,0,0,2020,1,0,,,0,0,
20003,4591,A05,0,A00,A0,A0,E0,0,0,2020,1,,0,0,,,630
20005,4591,A05,0,A00,A0,A0,E0,0,0,2020,1,,,,0,,1156
20009,4591,A05,0,A00,A0,A0,E0,0,0,2020,1,18,17,,3,-1,1060
20011,4591,A05,0,A00,A0,A0,E0,0,0,2020,1,,,,,,1119
20015,4591,A05,0,A00,A0,A0,E0,0,0,2020,1,13,11,,4,-2,1540
20029,4591,A05,0,A00,A0,A0,E0,0,0,2020,1,15,17,3,,2,1196
20031,4591,A05,0,A00,A0,A0,E0,0,0,2020,1,,,0,0,,344
20035,4591,A05,0,A00,A0,A0,E0,0,0,2020,1,28,31,5,2,3,1736
20037,4591,A05,0,A00,A0,A0,E0,0,0,2020,1,36,33,4,7,-3,1684
20039,4591,A05,0,A00,A0,A0,E0,0,0,2020,1,,,0,0,,1096
20041,4591,A05,0,A00,A0,A0,E0,0,0,2020,1,,,0,0,,574
20045,4591,A05,0,A00,A0,A0,E0,0,0,2020,1,247,212,30,65,-35,1378
20049,4591,A05,0,A00,A0,A0,E0,0,0,2020,1,,,0,,,1483
20051,4591,A05,0,A00,A0,A0,E0,0,0,2020,1,65,56,12,21,-9,1091
20055,4591,A05,0,A00,A0,A0,E0,0,0,2020,1,67,60,9,15,-6,1299
20057,4591,A05,0,A00,A0,A0,E0,0,0,2020,1,17,13,3,7,-4,1754
20059,4591,A05,0,A00,A0,A0,E0,0,0,2020,1,,,,0,,721
20061,4591,A05,0,A00,A0,A0,E0,0,0,2020,1,,,,,,1102
20069,4591,A05,0,A00,A0,A0,E0,0,0,2020,1,,,,,,1362
20073,4591,A05,0,A00,A0,A0,E0,0,0,2020,1,,,0,0,,277
20079,4591,A05,0,A00,A0,A0,E0,0,0,2020,1,29,26,3,6,-3,832
20085,4591,A05,0,A00,A0,A0,E0,0,0,2020,1,,0,0,,,46
20087,4591,A05,0,A00,A0,A0,E0,0,0,2020,1,,,,0,,3077
20089,4591,A05,0,A00,A0,A0,E0,0,0,2020,1,,,0,0,,511
20091,4591,A05,0,A00,A0,A0,E0,0,0,2020,1,2221,1983,275,514,-239,1791
20099,4591,A05,0,A00,A0,A0,E0,0,0,2020,1,6,7,3,3,1,994
20103,4591,A05,0,A00,A0,A0,E0,0,0,2020,1,33,35,9,7,1,1186
20107,4591,A05,0,A00,A0,A0,E0,0,0,2020,1,,0,0,,,1231
20111,4591,A05,0,A00,A0,A0,E0,0,0,2020,1,68,63,8,13,-5,1340
20113,4591,A05,0,A00,A0,A0,E0,0,0,2020,1,34,33,6,8,-1,1559
20115,4591,A05,0,A00,A0,A0,E0,0,0,2020,1,,,,,,722
20121,4591,A05,0,A00,A0,A0,E0,0,0,2020,1,12,13,,0,1,1983
20125,4591,A05,0,A00,A0,A0,E0,0,0,2020,1,,,,,,1032
20129,4591,A05,0,A00,A0,A0,E0,0,0,2020,1,,,0,0,,100
20133,4591,A05,0,A00,A0,A0,E0,0,0,2020,1,,,,,,938
20139,4591,A05,0,A00,A0,A0,E0,0,0,2020,1,,,0,,,958
20143,4591,A05,0,A00,A0,A0,E0,0,0,2020,1,,,0,0,,1166
20149,4591,A05,0,A00,A0,A0,E0,0,0,2020,1,122,110,17,29,-12,1883
20151,4591,A05,0,A00,A0,A0,E0,0,0,2020,1,17,13,,5,-4,910
20155,4591,A05,0,A00,A0,A0,E0,0,0,2020,1,89,72,5,23,-17,1566
20157,4591,A05,0,A00,A0,A0,E0,0,0,2020,1,,,0,,,432
20159,4591,A05,0,A00,A0,A0,E0,0,0,2020,1,,,0,0,,1190
20161,4591,A05,0,A00,A0,A0,E0,0,0,2020,1,96,91,18,23,-6,1200
20163,4591,A05,0,A00,A0,A0,E0,0,0,2020,1,,,,,,403
20169,4591,A05,0,A00,A0,A0,E0,0,0,2020,1,120,106,16,30,-14,1536
20173,4591,A05,0,A00,A0,A0,E0,0,0,2020,1,1443,1349,198,291,-93,1910
20175,4591,A05,0,A00,A0,A0,E0,0,0,2020,1,18,15,2,5,-3,983
20177,4591,A05,0,A00,A0,A0,E0,0,0,2020,1,350,325,38,63,-25,1437
20191,4591,A05,0,A00,A0,A0,E0,0,0,2020,1,,,0,,,609
20193,4591,A05,0,A00,A0,A0,E0,0,0,2020,1,,,,,,1012
20209,4591,A05,0,A00,A0,A0,E0,0,0,2020,1,396,338,20,78,-58,1573
20,4591,A05,0,A00,A0,A0,E0,0,0,2020,1,5679,5137,708,1250,-542,1686
20001,4591,A05,0,A00,A0,A0,E0,0,0,2020,2,,,0,0,,368
20005,4591,A05,0,A00,A0,A0,E0,0,0,2020,2,,,0,0,,735
20009,4591,A05,0,A00,A0,A0,E0,0,0,2020,2,17,16,6,7,-1,1113
20011,4591,A05,0,A00,A0,A0,E0,0,0,2020,2,,,,,,1292
20015,4591,A05,0,A00,A0,A0,E0,0,0,2020,2,11,11,4,4,1,1550
20029,4591,A05,0,A00,A0,A0,E0,0,0,2020,2,17,18,,,1,920
20031,4591,A05,0,A00,A0,A0,E0,0,0,2020,2,,,0,0,,146
20035,4591,A05,0,A00,A0,A0,E0,0,0,2020,2,31,32,6,5,1,2183
20037,4591,A05,0,A00,A0,A0,E0,0,0,2020,2,33,29,3,6,-4,1923
20039,4591,A05,0,A00,A0,A0,E0,0,0,2020,2,,,,,,1396
20041,4591,A05,0,A00,A0,A0,E0,0,0,2020,2,,,0,0,,287
20045,4591,A05,0,A00,A0,A0,E0,0,0,2020,2,212,210,44,46,-2,1320
20049,4591,A05,0,A00,A0,A0,E0,0,0,2020,2,,,0,0,,1158
20051,4591,A05,0,A00,A0,A0,E0,0,0,2020,2,56,58,17,15,2,1227
20055,4591,A05,0,A00,A0,A0,E0,0,0,2020,2,60,62,14,12,2,1240
20057,4591,A05,0,A00,A0,A0,E0,0,0,2020,2,,,,,,1760
20059,4591,A05,0,A00,A0,A0,E0,0,0,2020,2,,,,,,748
20061,4591,A05,0,A00,A0,A0,E0,0,0,2020,2,,,,,,1192
20069,4591,A05,0,A00,A0,A0,E0,0,0,2020,2,,,,,,1646
20073,4591,A05,0,A00,A0,A0,E0,0,0,2020,2,,,0,0,,303
20079,4591,A05,0,A00,A0,A0,E0,0,0,2020,2,26,23,3,6,-3,904
20087,4591,A05,0,A00,A0,A0,E0,0,0,2020,2,,,0,0,,1182
20089,4591,A05,0,A00,A0,A0,E0,0,0,2020,2,,,0,0,,653
20091,4591,A05,0,A00,A0,A0,E0,0,0,2020,2,1990,1890,259,360,-100,1543
20099,4591,A05,0,A00,A0,A0,E0,0,0,2020,2,7,10,5,,3,1254
20103,4591,A05,0,A00,A0,A0,E0,0,0,2020,2,35,35,6,5,0,1323
20111,4591,A05,0,A00,A0,A0,E0,0,0,2020,2,62,61,15,17,-1,1525
20113,4591,A05,0,A00,A0,A0,E0,0,0,2020,2,33,34,5,4,1,1763
20115,4591,A05,0,A00,A0,A0,E0,0,0,2020,2,,,,,,808
20121,4591,A05,0,A00,A0,A0,E0,0,0,2020,2,13,13,,,0,1749
20125,4591,A05,0,A00,A0,A0,E0,0,0,2020,2,,,,,,1171
20129,4591,A05,0,A00,A0,A0,E0,0,0,2020,2,,,,,,126
20133,4591,A05,0,A00,A0,A0,E0,0,0,2020,2,,,,,,1016
20139,4591,A05,0,A00,A0,A0,E0,0,0,2020,2,,,0,0,,1290
20143,4591,A05,0,A00,A0,A0,E0,0,0,2020,2,,,0,0,,1278
20149,4591,A05,0,A00,A0,A0,E0,0,0,2020,2,110,103,13,21,-8,1770
20151,4591,A05,0,A00,A0,A0,E0,0,0,2020,2,13,14,3,,1,952
20155,4591,A05,0,A00,A0,A0,E0,0,0,2020,2,72,68,11,14,-4,1449
20157,4591,A05,0,A00,A0,A0,E0,0,0,2020,2,,,,0,,578
20159,4591,A05,0,A00,A0,A0,E0,0,0,2020,2,,0,,,,664
20161,4591,A05,0,A00,A0,A0,E0,0,0,2020,2,91,91,24,23,1,1334
20163,4591,A05,0,A00,A0,A0,E0,0,0,2020,2,,,0,0,,301
20169,4591,A05,0,A00,A0,A0,E0,0,0,2020,2,107,111,29,26,4,1419
20173,4591,A05,0,A00,A0,A0,E0,0,0,2020,2,1350,1278,201,272,-71,1700
20175,4591,A05,0,A00,A0,A0,E0,0,0,2020,2,,,,,,995
20177,4591,A05,0,A00,A0,A0,E0,0,0,2020,2,325,337,77,65,12,1408
20191,4591,A05,0,A00,A0,A0,E0,0,0,2020,2,,,0,,,593
20193,4591,A05,0,A00,A0,A0,E0,0,0,2020,2,,,0,,,836
20209,4591,A05,0,A00,A0,A0,E0,0,0,2020,2,330,259,4,75,-71,1429
20,4591,A05,0,A00,A0,A0,E0,0,0,2020,2,5137,4893,778,1021,-243,1531
20001,4591,A05,0,A00,A0,A0,E0,0,0,2020,3,,0,0,,0,980
20005,4591,A05,0,A00,A0,A0,E0,0,0,2020,3,,,0,0,,988
20009,4591,A05,0,A00,A0,A0,E0,0,0,2020,3,16,17,5,4,1,1120
20011,4591,A05,0,A00,A0,A0,E0,0,0,2020,3,,,,,,1462
20015,4591,A05,0,A00,A0,A0,E0,0,0,2020,3,11,11,4,4,0,1828
20029,4591,A05,0,A00,A0,A0,E0,0,0,2020,3,18,15,,,-3,1221
20031,4591,A05,0,A00,A0,A0,E0,0,0,2020,3,,,0,0,,342
20035,4591,A05,0,A00,A0,A0,E0,0,0,2020,3,32,34,10,8,1,1870
20037,4591,A05,0,A00,A0,A0,E0,0,0,2020,3,29,31,9,7,1,1889
20039,4591,A05,0,A00,A0,A0,E0,0,0,2020,3,,,0,0,,1117
20041,4591,A05,0,A00,A0,A0,E0,0,0,2020,3,,,0,0,,860
20045,4591,A05,0,A00,A0,A0,E0,0,0,2020,3,210,237,68,41,27,1625
20049,4591,A05,0,A00,A0,A0,E0,0,0,2020,3,,,,,,1158
20051,4591,A05,0,A00,A0,A0,E0,0,0,2020,3,58,73,25,10,15,1351
20055,4591,A05,0,A00,A0,A0,E0,0,0,2020,3,62,70,24,17,8,1450
20057,4591,A05,0,A00,A0,A0,E0,0,0,2020,3,,,,,,2089
20059,4591,A05,0,A00,A0,A0,E0,0,0,2020,3,,,,,,790
20061,4591,A05,0,A00,A0,A0,E0,0,0,2020,3,,,,,,1271
20069,4591,A05,0,A00,A0,A0,E0,0,0,2020,3,,,,,,1594
20073,4591,A05,0,A00,A0,A0,E0,0,0,2020,3,,,0,0,,334
20079,4591,A05,0,A00,A0,A0,E0,0,0,2020,3,23,21,5,7,-2,756
20087,4591,A05,0,A00,A0,A0,E0,0,0,2020,3,,,0,0,,817
20089,4591,A05,0,A00,A0,A0,E0,0,0,2020,3,,,0,0,,816
20091,4591,A05,0,A00,A0,A0,E0,0,0,2020,3,1903,2012,492,383,109,1957
20099,4591,A05,0,A00,A0,A0,E0,0,0,2020,3,10,15,5,,5,1088
20103,4591,A05,0,A00,A0,A0,E0,0,0,2020,3,35,34,8,8,0,1178
20111,4591,A05,0,A00,A0,A0,E0,0,0,2020,3,59,58,10,12,-1,1599
20113,4591,A05,0,A00,A0,A0,E0,0,0,2020,3,34,36,7,5,2,1953
20115,4591,A05,0,A00,A0,A0,E0,0,0,2020,3,,,,,,987
20121,4591,A05,0,A00,A0,A0,E0,0,0,2020,3,13,16,4,,3,2836
20125,4591,A05,0,A00,A0,A0,E0,0,0,2020,3,,,,,,1150
20129,4591,A05,0,A00,A0,A0,E0,0,0,2020,3,,,0,0,,279
20133,4591,A05,0,A00,A0,A0,E0,0,0,2020,3,,,,,,921
20139,4591,A05,0,A00,A0,A0,E0,0,0,2020,3,,,,0,,1776
20143,4591,A05,0,A00,A0,A0,E0,0,0,2020,3,,,0,,,1070
20149,4591,A05,0,A00,A0,A0,E0,0,0,2020,3,103,118,37,22,15,2009
20151,4591,A05,0,A00,A0,A0,E0,0,0,2020,3,14,15,3,2,1,1262
20155,4591,A05,0,A00,A0,A0,E0,0,0,2020,3,68,73,19,14,5,1876
20157,4591,A05,0,A00,A0,A0,E0,0,0,2020,3,,,0,1,,487
20159,4591,A05,0,A00,A0,A0,E0,0,0,2020,3,0,,,,,
20161,4591,A05,0,A00,A0,A0,E0,0,0,2020,3,92,94,27,25,2,1482
20163,4591,A05,0,A00,A0,A0,E0,0,0,2020,3,,,0,,,316
20169,4591,A05,0,A00,A0,A0,E0,0,0,2020,3,112,115,31,29,2,1763
20173,4591,A05,0,A00,A0,A0,E0,0,0,2020,3,1279,1329,281,231,50,2293
20175,4591,A05,0,A00,A0,A0,E0,0,0,2020,3,,,,,,1044
20177,4591,A05,0,A00,A0,A0,E0,0,0,2020,3,338,360,98,75,23,1431
20191,4591,A05,0,A00,A0,A0,E0,0,0,2020,3,,,,0,,1032
20193,4591,A05,0,A00,A0,A0,E0,0,0,2020,3,,,,,,699
20209,4591,A05,0,A00,A0,A0,E0,0,0,2020,3,259,274,58,43,15,1864
20,4591,A05,0,A00,A0,A0,E0,0,0,2020,3,4908,5203,1276,981,295,1909
20001,4591,A05,0,A00,A0,A0,E0,0,0,2020,4,0,,,0,,
20005,4591,A05,0,A00,A0,A0,E0,0,0,2020,4,,,0,0,,1155
20009,4591,A05,0,A00,A0,A0,E0,0,0,2020,4,17,19,9,7,2,1213
20011,4591,A05,0,A00,A0,A0,E0,0,0,2020,4,,,,,,1443
20015,4591,A05,0,A00,A0,A0,E0,0,0,2020,4,11,14,4,,2,1789
20029,4591,A05,0,A00,A0,A0,E0,0,0,2020,4,15,15,,,0,1345
20031,4591,A05,0,A00,A0,A0,E0,0,0,2020,4,,,0,,,333
20035,4591,A05,0,A00,A0,A0,E0,0,0,2020,4,34,35,4,2,2,3842
20037,4591,A05,0,A00,A0,A0,E0,0,0,2020,4,31,36,10,4,6,1863
20039,4591,A05,0,A00,A0,A0,E0,0,0,2020,4,,,0,,,1369
20041,4591,A05,0,A00,A0,A0,E0,0,0,2020,4,,,0,0,,860
20045,4591,A05,0,A00,A0,A0,E0,0,0,2020,4,237,244,73,66,7,1794
20049,4591,A05,0,A00,A0,A0,E0,0,0,2020,4,,,0,0,,1739
20051,4591,A05,0,A00,A0,A0,E0,0,0,2020,4,73,68,13,19,-6,1368
20055,4591,A05,0,A00,A0,A0,E0,0,0,2020,4,70,76,24,18,6,1602
20057,4591,A05,0,A00,A0,A0,E0,0,0,2020,4,,,,,,2047
20059,4591,A05,0,A00,A0,A0,E0,0,0,2020,4,,,0,,,600
20061,4591,A05,0,A00,A0,A0,E0,0,0,2020,4,,,,,,1524
20069,4591,A05,0,A00,A0,A0,E0,0,0,2020,4,,,,0,,1066
20073,4591,A05,0,A00,A0,A0,E0,0,0,2020,4,,,,,,260
20079,4591,A05,0,A00,A0,A0,E0,0,0,2020,4,21,22,8,7,1,1076
20087,4591,A05,0,A00,A0,A0,E0,0,0,2020,4,,,,,,841
20089,4591,A05,0,A00,A0,A0,E0,0,0,2020,4,,,0,0,,454
20091,4591,A05,0,A00,A0,A0,E0,0,0,2020,4,2019,2267,647,399,248,2247
20099,4591,A05,0,A00,A0,A0,E0,0,0,2020,4,15,15,4,4,0,840
20103,4591,A05,0,A00,A0,A0,E0,0,0,2020,4,34,36,6,5,1,1561
20111,4591,A05,0,A00,A0,A0,E0,0,0,2020,4,61,69,18,10,8,2100
20113,4591,A05,0,A00,A0,A0,E0,0,0,2020,4,36,39,6,4,2,1853
20115,4591,A05,0,A00,A0,A0,E0,0,0,2020,4,,,0,,,960
20121,4591,A05,0,A00,A0,A0,E0,0,0,2020,4,16,16,,,0,5003
20125,4591,A05,0,A00,A0,A0,E0,0,0,2020,4,,,,,,1303
20127,4591,A05,0,A00,A0,A0,E0,0,0,2020,4,0,0,,,0,
20129,4591,A05,0,A00,A0,A0,E0,0,0,2020,4,,,0,0,,357
20133,4591,A05,0,A00,A0,A0,E0,0,0,2020,4,,,,,,1309
20139,4591,A05,0,A00,A0,A0,E0,0,0,2020,4,,,0,,,1456
20143,4591,A05,0,A00,A0,A0,E0,0,0,2020,4,,,0,,,1525
20145,4591,A05,0,A00,A0,A0,E0,0,0,2020,4,0,,,0,,
20149,4591,A05,0,A00,A0,A0,E0,0,0,2020,4,118,123,42,36,6,2304
20151,4591,A05,0,A00,A0,A0,E0,0,0,2020,4,15,15,3,,1,1476
20155,4591,A05,0,A00,A0,A0,E0,0,0,2020,4,70,74,27,23,4,2094
20157,4591,A05,0,A00,A0,A0,E0,0,0,2020,4,,,0,0,,445
20159,4591,A05,0,A00,A0,A0,E0,0,0,2020,4,,,,,,1882
20161,4591,A05,0,A00,A0,A0,E0,0,0,2020,4,94,101,28,21,7,1677
20163,4591,A05,0,A00,A0,A0,E0,0,0,2020,4,,,,,,399
20169,4591,A05,0,A00,A0,A0,E0,0,0,2020,4,111,121,39,29,10,2096
20171,4591,A05,0,A00,A0,A0,E0,0,0,2020,4,0,,,,,
20173,4591,A05,0,A00,A0,A0,E0,0,0,2020,4,1330,1446,381,264,116,2338
20175,4591,A05,0,A00,A0,A0,E0,0,0,2020,4,14,22,12,4,8,1463
20177,4591,A05,0,A00,A0,A0,E0,0,0,2020,4,360,356,102,107,-5,1610
20191,4591,A05,0,A00,A0,A0,E0,0,0,2020,4,,,,0,,876
20193,4591,A05,0,A00,A0,A0,E0,0,0,2020,4,,,0,0,,1410
20209,4591,A05,0,A00,A0,A0,E0,0,0,2020,4,274,312,93,54,38,2113
20,4591,A05,0,A00,A0,A0,E0,0,0,2020,4,5210,5679,1583,1113,469,2122
20001,4591,A05,0,A00,A0,A0,E0,0,0,2021,1,,,,0,,995
20005,4591,A05,0,A00,A0,A0,E0,0,0,2021,1,,,0,0,,913
20009,4591,A05,0,A00,A0,A0,E0,0,0,2021,1,19,18,4,5,-1,880
20011,4591,A05,0,A00,A0,A0,E0,0,0,2021,1,,,,,,1218
20015,4591,A05,0,A00,A0,A0,E0,0,0,2021,1,14,13,,,0,1474
20027,4591,A05,0,A00,A0,A0,E0,0,0,2021,1,0,,,0,,
20029,4591,A05,0,A00,A0,A0,E0,0,0,2021,1,15,15,0,0,0,1130
20031,4591,A05,0,A00,A0,A0,E0,0,0,2021,1,,,0,0,,404
20035,4591,A05,0,A00,A0,A0,E0,0,0,2021,1,35,38,5,2,3,1868
20037,4591,A05,0,A00,A0,A0,E0,0,0,2021,1,36,34,3,5,-2,1603
20039,4591,A05,0,A00,A0,A0,E0,0,0,2021,1,,,,0,,1368
20041,4591,A05,0,A00,A0,A0,E0,0,0,2021,1,,,0,0,,860
20045,4591,A05,0,A00,A0,A0,E0,0,0,2021,1,244,232,29,41,-12,1567
20049,4591,A05,0,A00,A0,A0,E0,0,0,2021,1,,,0,0,,2036
20051,4591,A05,0,A00,A0,A0,E0,0,0,2021,1,68,70,10,8,2,1121
20055,4591,A05,0,A00,A0,A0,E0,0,0,2021,1,76,69,6,13,-7,1301
20057,4591,A05,0,A00,A0,A0,E0,0,0,2021,1,,,,,,1654
20059,4591,A05,0,A00,A0,A0,E0,0,0,2021,1,,,,,,594
20061,4591,A05,0,A00,A0,A0,E0,0,0,2021,1,,,,,,1427
20069,4591,A05,0,A00,A0,A0,E0,0,0,2021,1,,,,,,974
20073,4591,A05,0,A00,A0,A0,E0,0,0,2021,1,,,0,0,,242
20079,4591,A05,0,A00,A0,A0,E0,0,0,2021,1,22,17,,6,-5,1014
20087,4591,A05,0,A00,A0,A0,E0,0,0,2021,1,,,,0,,1473
20089,4591,A05,0,A00,A0,A0,E0,0,0,2021,1,,,0,0,,630
20091,4591,A05,0,A00,A0,A0,E0,0,0,2021,1,2221,2093,248,376,-128,1903
20099,4591,A05,0,A00,A0,A0,E0,0,0,2021,1,15,13,0,,-2,833
20103,4591,A05,0,A00,A0,A0,E0,0,0,2021,1,36,33,3,6,-3,1376
20111,4591,A05,0,A00,A0,A0,E0,0,0,2021,1,69,69,8,8,0,1614
20113,4591,A05,0,A00,A0,A0,E0,0,0,2021,1,39,39,7,6,1,1452
20115,4591,A05,0,A00,A0,A0,E0,0,0,2021,1,,,0,0,,1243
20121,4591,A05,0,A00,A0,A0,E0,0,0,2021,1,16,14,,3,-2,2740
20125,4591,A05,0,A00,A0,A0,E0,0,0,2021,1,,,,,,1304
20129,4591,A05,0,A00,A0,A0,E0,0,0,2021,1,,,0,0,,319
20133,4591,A05,0,A00,A0,A0,E0,0,0,2021,1,,,,,,977
20139,4591,A05,0,A00,A0,A0,E0,0,0,2021,1,,,0,0,,1857
20143,4591,A05,0,A00,A0,A0,E0,0,0,2021,1,,,,0,,2325
20145,4591,A05,0,A00,A0,A0,E0,0,0,2021,1,,,,0,,1549
20149,4591,A05,0,A00,A0,A0,E0,0,0,2021,1,123,118,18,24,-5,1848
20151,4591,A05,0,A00,A0,A0,E0,0,0,2021,1,15,17,4,3,2,1124
20155,4591,A05,0,A00,A0,A0,E0,0,0,2021,1,74,75,10,9,0,1657
20157,4591,A05,0,A00,A0,A0,E0,0,0,2021,1,,,0,0,,358
20159,4591,A05,0,A00,A0,A0,E0,0,0,2021,1,,,,,,967
20161,4591,A05,0,A00,A0,A0,E0,0,0,2021,1,101,95,12,17,-5,1350
20163,4591,A05,0,A00,A0,A0,E0,0,0,2021,1,,,,0,,311
20169,4591,A05,0,A00,A0,A0,E0,0,0,2021,1,121,107,11,25,-14,1598
20171,4591,A05,0,A00,A0,A0,E0,0,0,2021,1,,0,0,,,303
20173,4591,A05,0,A00,A0,A0,E0,0,0,2021,1,1457,1403,170,224,-54,1862
20175,4591,A05,0,A00,A0,A0,E0,0,0,2021,1,22,27,10,5,5,1342
20177,4591,A05,0,A00,A0,A0,E0,0,0,2021,1,356,350,58,64,-6,1379
20191,4591,A05,0,A00,A0,A0,E0,0,0,2021,1,,,0,,,741
20193,4591,A05,0,A00,A0,A0,E0,0,0,2021,1,,,,,,1308
20209,4591,A05,0,A00,A0,A0,E0,0,0,2021,1,347,310,9,46,-36,1591
20,4591,A05,0,A00,A0,A0,E0,0,0,2021,1,5679,5420,661,919,-258,1740
20001,4591,A05,0,A00,A0,A0,E0,0,0,2021,2,,,0,,,833
20005,4591,A05,0,A00,A0,A0,E0,0,0,2021,2,,,,1,,1237
20009,4591,A05,0,A00,A0,A0,E0,0,0,2021,2,18,16,5,7,-2,961
20011,4591,A05,0,A00,A0,A0,E0,0,0,2021,2,,,,,,1205
20015,4591,A05,0,A00,A0,A0,E0,0,0,2021,2,13,14,2,1,1,1665
20027,4591,A05,0,A00,A0,A0,E0,0,0,2021,2,,,0,0,,605
20029,4591,A05,0,A00,A0,A0,E0,0,0,2021,2,15,14,,,-1,1421
20031,4591,A05,0,A00,A0,A0,E0,0,0,2021,2,,,0,0,,494
20035,4591,A05,0,A00,A0,A0,E0,0,0,2021,2,38,36,4,6,-2,1931
20037,4591,A05,0,A00,A0,A0,E0,0,0,2021,2,34,34,7,7,0,1753
20039,4591,A05,0,A00,A0,A0,E0,0,0,2021,2,,,,,,1417
20041,4591,A05,0,A00,A0,A0,E0,0,0,2021,2,,,0,0,,860
20045,4591,A05,0,A00,A0,A0,E0,0,0,2021,2,232,239,61,53,8,1852
20049,4591,A05,0,A00,A0,A0,E0,0,0,2021,2,,,0,0,,2077
20051,4591,A05,0,A00,A0,A0,E0,0,0,2021,2,69,67,16,18,-2,1388
20055,4591,A05,0,A00,A0,A0,E0,0,0,2021,2,69,63,14,20,-6,1580
20057,4591,A05,0,A00,A0,A0,E0,0,0,2021,2,,,,,,1714
20059,4591,A05,0,A00,A0,A0,E0,0,0,2021,2,,,,,,793
20061,4591,A05,0,A00,A0,A0,E0,0,0,2021,2,,,,,,1846
20069,4591,A05,0,A00,A0,A0,E0,0,0,2021,2,4,4,,,-1,717
20073,4591,A05,0,A00,A0,A0,E0,0,0,2021,2,,,,0,,202
20079,4591,A05,0,A00,A0,A0,E0,0,0,2021,2,17,18,3,,1,1060
20087,4591,A05,0,A00,A0,A0,E0,0,0,2021,2,,,,,,2283
20089,4591,A05,0,A00,A0,A0,E0,0,0,2021,2,,,0,0,,563
20091,4591,A05,0,A00,A0,A0,E0,0,0,2021,2,2091,2135,458,414,44,2044
20099,4591,A05,0,A00,A0,A0,E0,0,0,2021,2,13,11,,,-1,1074
20103,4591,A05,0,A00,A0,A0,E0,0,0,2021,2,33,34,7,7,0,1544
20111,4591,A05,0,A00,A0,A0,E0,0,0,2021,2,72,69,13,16,-3,1536
20113,4591,A05,0,A00,A0,A0,E0,0,0,2021,2,39,38,6,7,-1,1813
20115,4591,A05,0,A00,A0,A0,E0,0,0,2021,2,,,,0,,1346
20121,4591,A05,0,A00,A0,A0,E0,0,0,2021,2,14,14,0,0,0,3622
20125,4591,A05,0,A00,A0,A0,E0,0,0,2021,2,,,,,,1353
20129,4591,A05,0,A00,A0,A0,E0,0,0,2021,2,,,0,0,,446
20133,4591,A05,0,A00,A0,A0,E0,0,0,2021,2,,,,,,1115
20139,4591,A05,0,A00,A0,A0,E0,0,0,2021,2,,,,0,,2037
20143,4591,A05,0,A00,A0,A0,E0,0,0,2021,2,,,,0,,1278
20145,4591,A05,0,A00,A0,A0,E0,0,0,2021,2,,,,,,1975
20149,4591,A05,0,A00,A0,A0,E0,0,0,2021,2,118,116,39,40,-1,2235
20151,4591,A05,0,A00,A0,A0,E0,0,0,2021,2,17,19,8,6,3,1036
20155,4591,A05,0,A00,A0,A0,E0,0,0,2021,2,75,87,40,27,13,1737
20157,4591,A05,0,A00,A0,A0,E0,0,0,2021,2,,,0,,,385
20159,4591,A05,0,A00,A0,A0,E0,0,0,2021,2,,,0,0,,1375
20161,4591,A05,0,A00,A0,A0,E0,0,0,2021,2,95,89,22,28,-6,1669
20163,4591,A05,0,A00,A0,A0,E0,0,0,2021,2,,,,,,461
20169,4591,A05,0,A00,A0,A0,E0,0,0,2021,2,106,118,36,25,12,1971
20173,4591,A05,0,A00,A0,A0,E0,0,0,2021,2,1403,1393,299,309,-10,2147
20175,4591,A05,0,A00,A0,A0,E0,0,0,2021,2,28,31,16,14,2,1629
20177,4591,A05,0,A00,A0,A0,E0,0,0,2021,2,349,388,110,71,39,1650
20191,4591,A05,0,A00,A0,A0,E0,0,0,2021,2,,,,,,613
20193,4591,A05,0,A00,A0,A0,E0,0,0,2021,2,,,,,,1063
20209,4591,A05,0,A00,A0,A0,E0,0,0,2021,2,310,297,38,51,-13,1851
20,4591,A05,0,A00,A0,A0,E0,0,0,2021,2,5420,5501,1246,1165,81,1950
20001,4591,A05,0,A00,A0,A0,E0,0,0,2021,3,,,,0,,1500
20005,4591,A05,0,A00,A0,A0,E0,0,0,2021,3,,,,,,1105
20009,4591,A05,0,A00,A0,A0,E0,0,0,2021,3,16,19,6,3,3,1305
20011,4591,A05,0,A00,A0,A0,E0,0,0,2021,3,,,,,,1114
20015,4591,A05,0,A00,A0,A0,E0,0,0,2021,3,14,16,6,4,1,1622
20027,4591,A05,0,A00,A0,A0,E0,0,0,2021,3,,,0,0,,691
20029,4591,A05,0,A00,A0,A0,E0,0,0,2021,3,14,16,,,1,2043
20031,4591,A05,0,A00,A0,A0,E0,0,0,2021,3,,,0,0,,472
20035,4591,A05,0,A00,A0,A0,E0,0,0,2021,3,36,36,6,6,0,2034
20037,4591,A05,0,A00,A0,A0,E0,0,0,2021,3,34,34,8,8,-1,1667
20039,4591,A05,0,A00,A0,A0,E0,0,0,2021,3,,,0,,,1360
20041,4591,A05,0,A00,A0,A0,E0,0,0,2021,3,,,0,0,,1126
20045,4591,A05,0,A00,A0,A0,E0,0,0,2021,3,240,239,57,59,-2,1602
20049,4591,A05,0,A00,A0,A0,E0,0,0,2021,3,,,0,0,,2093
20051,4591,A05,0,A00,A0,A0,E0,0,0,2021,3,67,60,10,17,-7,1428
20055,4591,A05,0,A00,A0,A0,E0,0,0,2021,3,63,62,16,17,-1,1561
20057,4591,A05,0,A00,A0,A0,E0,0,0,2021,3,,,,,,1610
20059,4591,A05,0,A00,A0,A0,E0,0,0,2021,3,,,,,,641
20061,4591,A05,0,A00,A0,A0,E0,0,0,2021,3,,,,,,1695
20069,4591,A05,0,A00,A0,A0,E0,0,0,2021,3,,,,,,984
20073,4591,A05,0,A00,A0,A0,E0,0,0,2021,3,,,0,0,,215
20079,4591,A05,0,A00,A0,A0,E0,0,0,2021,3,18,16,,,-1,996
20087,4591,A05,0,A00,A0,A0,E0,0,0,2021,3,,,0,0,,2890
20089,4591,A05,0,A00,A0,A0,E0,0,0,2021,3,,,0,0,,638
20091,4591,A05,0,A00,A0,A0,E0,0,0,2021,3,2120,2044,478,554,-76,1835
20099,4591,A05,0,A00,A0,A0,E0,0,0,2021,3,11,10,,,-2,888
20103,4591,A05,0,A00,A0,A0,E0,0,0,2021,3,34,38,10,6,4,1483
20111,4591,A05,0,A00,A0,A0,E0,0,0,2021,3,69,70,19,18,1,1640
20113,4591,A05,0,A00,A0,A0,E0,0,0,2021,3,38,39,5,4,2,1907
20115,4591,A05,0,A00,A0,A0,E0,0,0,2021,3,,,,,,1822
20121,4591,A05,0,A00,A0,A0,E0,0,0,2021,3,14,15,,,1,3797
20125,4591,A05,0,A00,A0,A0,E0,0,0,2021,3,,,,,,1379
20129,4591,A05,0,A00,A0,A0,E0,0,0,2021,3,,,0,0,,371
20133,4591,A05,0,A00,A0,A0,E0,0,0,2021,3,,,,,,1125
20139,4591,A05,0,A00,A0,A0,E0,0,0,2021,3,,,,0,,1598
20143,4591,A05,0,A00,A0,A0,E0,0,0,2021,3,,,0,0,,945
20145,4591,A05,0,A00,A0,A0,E0,0,0,2021,3,,,,,,1435
20149,4591,A05,0,A00,A0,A0,E0,0,0,2021,3,116,116,30,31,0,1842
20151,4591,A05,0,A00,A0,A0,E0,0,0,2021,3,19,20,6,5,1,1000
20155,4591,A05,0,A00,A0,A0,E0,0,0,2021,3,87,70,21,39,-18,1621
20157,4591,A05,0,A00,A0,A0,E0,0,0,2021,3,,,,,,423
20159,4591,A05,0,A00,A0,A0,E0,0,0,2021,3,,,,,,2026
20161,4591,A05,0,A00,A0,A0,E0,0,0,2021,3,89,90,24,23,1,1557
20163,4591,A05,0,A00,A0,A0,E0,0,0,2021,3,,,0,0,,439
20169,4591,A05,0,A00,A0,A0,E0,0,0,2021,3,118,115,29,31,-3,1814
20173,4591,A05,0,A00,A0,A0,E0,0,0,2021,3,1405,1361,339,384,-44,2399
20175,4591,A05,0,A00,A0,A0,E0,0,0,2021,3,37,48,33,21,12,1478
20177,4591,A05,0,A00,A0,A0,E0,0,0,2021,3,388,359,96,125,-29,1296
20191,4591,A05,0,A00,A0,A0,E0,0,0,2021,3,,,,0,,860
20193,4591,A05,0,A00,A0,A0,E0,0,0,2021,3,,,,,,1257
20209,4591,A05,0,A00,A0,A0,E0,0,0,2021,3,297,345,100,52,49,2004
20,4591,A05,0,A00,A0,A0,E0,0,0,2021,3,5508,5415,1357,1450,-92,1890
20001,4591,A05,0,A00,A0,A0,E0,0,0,2021,4,,,0,,,684
20005,4591,A05,0,A00,A0,A0,E0,0,0,2021,4,,,,0,,797
20009,4591,A05,0,A00,A0,A0,E0,0,0,2021,4,19,20,6,5,1,1184
20011,4591,A05,0,A00,A0,A0,E0,0,0,2021,4,,,,,,1050
20015,4591,A05,0,A00,A0,A0,E0,0,0,2021,4,16,17,4,3,1,1861
20027,4591,A05,0,A00,A0,A0,E0,0,0,2021,4,,,0,0,,1221
20029,4591,A05,0,A00,A0,A0,E0,0,0,2021,4,16,16,0,0,0,1562
20031,4591,A05,0,A00,A0,A0,E0,0,0,2021,4,,,,,,502
20035,4591,A05,0,A00,A0,A0,E0,0,0,2021,4,36,36,3,,1,2588
20037,4591,A05,0,A00,A0,A0,E0,0,0,2021,4,34,35,7,5,1,1839
20039,4591,A05,0,A00,A0,A0,E0,0,0,2021,4,,,0,,,1328
20041,4591,A05,0,A00,A0,A0,E0,0,0,2021,4,,,0,0,,1126
20045,4591,A05,0,A00,A0,A0,E0,0,0,2021,4,238,246,74,66,7,1896
20049,4591,A05,0,A00,A0,A0,E0,0,0,2021,4,,,0,0,,2177
20051,4591,A05,0,A00,A0,A0,E0,0,0,2021,4,60,60,13,14,-1,1671
20055,4591,A05,0,A00,A0,A0,E0,0,0,2021,4,62,66,18,14,4,1779
20057,4591,A05,0,A00,A0,A0,E0,0,0,2021,4,,,,,,1779
20059,4591,A05,0,A00,A0,A0,E0,0,0,2021,4,,,0,,,663
20061,4591,A05,0,A00,A0,A0,E0,0,0,2021,4,,,,,,1180
20069,4591,A05,0,A00,A0,A0,E0,0,0,2021,4,,,0,,,1255
20073,4591,A05,0,A00,A0,A0,E0,0,0,2021,4,,,0,,,211
20079,4591,A05,0,A00,A0,A0,E0,0,0,2021,4,16,16,,3,-1,1244
20087,4591,A05,0,A00,A0,A0,E0,0,0,2021,4,,,,0,,2660
20089,4591,A05,0,A00,A0,A0,E0,0,0,2021,4,,,0,0,,401
20091,4591,A05,0,A00,A0,A0,E0,0,0,2021,4,2044,2189,651,506,145,2147
20099,4591,A05,0,A00,A0,A0,E0,0,0,2021,4,10,12,5,,3,1131
20103,4591,A05,0,A00,A0,A0,E0,0,0,2021,4,38,43,12,8,4,1633
20111,4591,A05,0,A00,A0,A0,E0,0,0,2021,4,67,67,13,14,-1,1593
20113,4591,A05,0,A00,A0,A0,E0,0,0,2021,4,39,41,8,6,2,2006
20115,4591,A05,0,A00,A0,A0,E0,0,0,2021,4,,,0,,,1684
20121,4591,A05,0,A00,A0,A0,E0,0,0,2021,4,15,16,,0,1,7127
20125,4591,A05,0,A00,A0,A0,E0,0,0,2021,4,,,,,,1282
20127,4591,A05,0,A00,A0,A0,E0,0,0,2021,4,0,0,,,0,
20129,4591,A05,0,A00,A0,A0,E0,0,0,2021,4,,,0,,,471
20133,4591,A05,0,A00,A0,A0,E0,0,0,2021,4,,,,,,910
20139,4591,A05,0,A00,A0,A0,E0,0,0,2021,4,,,0,0,,1372
20143,4591,A05,0,A00,A0,A0,E0,0,0,2021,4,,,0,0,,912
20145,4591,A05,0,A00,A0,A0,E0,0,0,2021,4,,,,,,1471
20149,4591,A05,0,A00,A0,A0,E0,0,0,2021,4,116,116,58,58,0,2194
20151,4591,A05,0,A00,A0,A0,E0,0,0,2021,4,20,20,2,3,0,1110
20155,4591,A05,0,A00,A0,A0,E0,0,0,2021,4,70,76,34,28,7,2269
20157,4591,A05,0,A00,A0,A0,E0,0,0,2021,4,,,,0,,411
20159,4591,A05,0,A00,A0,A0,E0,0,0,2021,4,,,0,0,,719
20161,4591,A05,0,A00,A0,A0,E0,0,0,2021,4,90,87,30,33,-3,1741
20163,4591,A05,0,A00,A0,A0,E0,0,0,2021,4,,,,,,546
20169,4591,A05,0,A00,A0,A0,E0,0,0,2021,4,115,138,68,46,22,2123
20173,4591,A05,0,A00,A0,A0,E0,0,0,2021,4,1361,1442,452,371,81,2427
20175,4591,A05,0,A00,A0,A0,E0,0,0,2021,4,48,72,44,21,24,1456
20177,4591,A05,0,A00,A0,A0,E0,0,0,2021,4,359,359,123,123,0,1630
20191,4591,A05,0,A00,A0,A0,E0,0,0,2021,4,,,,,,854
20193,4591,A05,0,A00,A0,A0,E0,0,0,2021,4,,,,,,1113
20209,4591,A05,0,A00,A0,A0,E0,0,0,2021,4,345,374,74,46,28,2143
20,4591,A05,0,A00,A0,A0,E0,0,0,2021,4,5413,5754,1743,1401,341,2102
20001,4591,A05,0,A00,A0,A0,E0,0,0,2022,1,,,,0,,1300
20003,4591,A05,0,A00,A0,A0,E0,0,0,2022,1,0,,,0,,
20005,4591,A05,0,A00,A0,A0,E0,0,0,2022,1,,,,,,549
20009,4591,A05,0,A00,A0,A0,E0,0,0,2022,1,20,21,7,6,1,1514
20011,4591,A05,0,A00,A0,A0,E0,0,0,2022,1,,,,,,1006
20015,4591,A05,0,A00,A0,A0,E0,0,0,2022,1,17,17,3,3,0,1672
20027,4591,A05,0,A00,A0,A0,E0,0,0,2022,1,,,0,0,,1789
20029,4591,A05,0,A00,A0,A0,E0,0,0,2022,1,16,16,0,0,0,1398
20031,4591,A05,0,A00,A0,A0,E0,0,0,2022,1,,,0,0,,385
20035,4591,A05,0,A00,A0,A0,E0,0,0,2022,1,36,35,2,4,-1,2088
20037,4591,A05,0,A00,A0,A0,E0,0,0,2022,1,35,33,3,6,-3,1608
20039,4591,A05,0,A00,A0,A0,E0,0,0,2022,1,,,0,0,,1376
20041,4591,A05,0,A00,A0,A0,E0,0,0,2022,1,,,0,0,,1126
20045,4591,A05,0,A00,A0,A0,E0,0,0,2022,1,248,237,27,38,-11,1689
20049,4591,A05,0,A00,A0,A0,E0,0,0,2022,1,,,0,0,,2062
20051,4591,A05,0,A00,A0,A0,E0,0,0,2022,1,61,64,11,9,3,1350
20055,4591,A05,0,A00,A0,A0,E0,0,0,2022,1,66,58,7,14,-7,1477
20057,4591,A05,0,A00,A0,A0,E0,0,0,2022,1,43,49,19,13,6,1553
20059,4591,A05,0,A00,A0,A0,E0,0,0,2022,1,,,0,0,,631
20061,4591,A05,0,A00,A0,A0,E0,0,0,2022,1,,,,,,1014
20069,4591,A05,0,A00,A0,A0,E0,0,0,2022,1,,,0,0,,1094
20073,4591,A05,0,A00,A0,A0,E0,0,0,2022,1,,,0,0,,190
20079,4591,A05,0,A00,A0,A0,E0,0,0,2022,1,16,16,0,0,0,1030
20087,4591,A05,0,A00,A0,A0,E0,0,0,2022,1,,,,,,2410
20089,4591,A05,0,A00,A0,A0,E0,0,0,2022,1,,,0,0,,640
20091,4591,A05,0,A00,A0,A0,E0,0,0,2022,1,2236,2188,368,416,-48,1973
20099,4591,A05,0,A00,A0,A0,E0,0,0,2022,1,12,8,,6,-4,896
20103,4591,A05,0,A00,A0,A0,E0,0,0,2022,1,43,41,9,11,-2,1359
20111,4591,A05,0,A00,A0,A0,E0,0,0,2022,1,66,72,17,12,6,1720
20113,4591,A05,0,A00,A0,A0,E0,0,0,2022,1,32,30,2,4,-2,2185
20115,4591,A05,0,A00,A0,A0,E0,0,0,2022,1,,,,,,1349
20121,4591,A05,0,A00,A0,A0,E0,0,0,2022,1,16,15,0,,-1,3349
20125,4591,A05,0,A00,A0,A0,E0,0,0,2022,1,,,,,,1092
20129,4591,A05,0,A00,A0,A0,E0,0,0,2022,1,,,0,0,,245
20133,4591,A05,0,A00,A0,A0,E0,0,0,2022,1,,,,,,880
20139,4591,A05,0,A00,A0,A0,E0,0,0,2022,1,,,0,0,,1461
20143,4591,A05,0,A00,A0,A0,E0,0,0,2022,1,,,,0,,1002
20145,4591,A05,0,A00,A0,A0,E0,0,0,2022,1,,,,,,1525
20149,4591,A05,0,A00,A0,A0,E0,0,0,2022,1,116,114,25,27,-2,1780
20151,4591,A05,0,A00,A0,A0,E0,0,0,2022,1,20,19,3,4,-1,857
20155,4591,A05,0,A00,A0,A0,E0,0,0,2022,1,76,72,9,14,-4,1692
20157,4591,A05,0,A00,A0,A0,E0,0,0,2022,1,,,0,0,,376
20159,4591,A05,0,A00,A0,A0,E0,0,0,2022,1,,,0,0,,1265
20161,4591,A05,0,A00,A0,A0,E0,0,0,2022,1,87,82,11,16,-6,1459
20163,4591,A05,0,A00,A0,A0,E0,0,0,2022,1,,,0,0,,432
20169,4591,A05,0,A00,A0,A0,E0,0,0,2022,1,138,135,25,29,-3,1528
20173,4591,A05,0,A00,A0,A0,E0,0,0,2022,1,1434,1389,240,284,-44,2140
20175,4591,A05,0,A00,A0,A0,E0,0,0,2022,1,44,40,10,14,-4,1106
20177,4591,A05,0,A00,A0,A0,E0,0,0,2022,1,359,348,51,62,-10,1378
20191,4591,A05,0,A00,A0,A0,E0,0,0,2022,1,,,,0,,938
20193,4591,A05,0,A00,A0,A0,E0,0,0,2022,1,,,0,0,,1182
20209,4591,A05,0,A00,A0,A0,E0,0,0,2022,1,296,267,25,54,-29,1472
20,4591,A05,0,A00,A0,A0,E0,0,0,2022,1,5709,5549,904,1065,-160,1839
20001,4591,A05,0,A00,A0,A0,E0,0,0,2022,2,,,,,,1162
20003,4591,A05,0,A00,A0,A0,E0,0,0,2022,2,,,0,0,,483
20005,4591,A05,0,A00,A0,A0,E0,0,0,2022,2,,,,,,485
20009,4591,A05,0,A00,A0,A0,E0,0,0,2022,2,21,21,7,7,0,1403
20011,4591,A05,0,A00,A0,A0,E0,0,0,2022,2,,,,,,1281
20015,4591,A05,0,A00,A0,A0,E0,0,0,2022,2,17,18,5,5,0,1806
20027,4591,A05,0,A00,A0,A0,E0,0,0,2022,2,,,0,0,,488
20029,4591,A05,0,A00,A0,A0,E0,0,0,2022,2,16,17,,0,1,1656
20031,4591,A05,0,A00,A0,A0,E0,0,0,2022,2,,,,,,518
20035,4591,A05,0,A00,A0,A0,E0,0,0,2022,2,32,29,3,6,-2,2229
20037,4591,A05,0,A00,A0,A0,E0,0,0,2022,2,33,33,8,8,1,1727
20039,4591,A05,0,A00,A0,A0,E0,0,0,2022,2,,,,,,1737
20041,4591,A05,0,A00,A0,A0,E0,0,0,2022,2,,,0,0,,1126
20045,4591,A05,0,A00,A0,A0,E0,0,0,2022,2,237,250,65,53,13,1732
20049,4591,A05,0,A00,A0,A0,E0,0,0,2022,2,,,0,0,,2143
20051,4591,A05,0,A00,A0,A0,E0,0,0,2022,2,64,63,14,15,-1,1500
20055,4591,A05,0,A00,A0,A0,E0,0,0,2022,2,58,56,12,15,-2,1759
20057,4591,A05,0,A00,A0,A0,E0,0,0,2022,2,49,54,27,21,6,1452
20059,4591,A05,0,A00,A0,A0,E0,0,0,2022,2,,,,0,,788
20061,4591,A05,0,A00,A0,A0,E0,0,0,2022,2,,,,,,1163
20069,4591,A05,0,A00,A0,A0,E0,0,0,2022,2,,,,,,918
20073,4591,A05,0,A00,A0,A0,E0,0,0,2022,2,,,0,,,222
20079,4591,A05,0,A00,A0,A0,E0,0,0,2022,2,16,16,,,0,1108
20087,4591,A05,0,A00,A0,A0,E0,0,0,2022,2,,,0,0,,2223
20089,4591,A05,0,A00,A0,A0,E0,0,0,2022,2,,,0,0,,596
20091,4591,A05,0,A00,A0,A0,E0,0,0,2022,2,2208,2209,499,499,0,2007
20099,4591,A05,0,A00,A0,A0,E0,0,0,2022,2,8,7,,3,-1,1050
20103,4591,A05,0,A00,A0,A0,E0,0,0,2022,2,41,42,13,12,1,1726
20111,4591,A05,0,A00,A0,A0,E0,0,0,2022,2,72,110,52,13,38,1701
20113,4591,A05,0,A00,A0,A0,E0,0,0,2022,2,30,29,5,5,0,2306
20115,4591,A05,0,A00,A0,A0,E0,0,0,2022,2,,,,0,,1297
20121,4591,A05,0,A00,A0,A0,E0,0,0,2022,2,15,18,3,0,3,3177
20125,4591,A05,0,A00,A0,A0,E0,0,0,2022,2,,,,,,1254
20129,4591,A05,0,A00,A0,A0,E0,0,0,2022,2,,,0,0,,376
20133,4591,A05,0,A00,A0,A0,E0,0,0,2022,2,,,,,,1248
20139,4591,A05,0,A00,A0,A0,E0,0,0,2022,2,,,0,0,,1630
20143,4591,A05,0,A00,A0,A0,E0,0,0,2022,2,,,0,0,,1059
20145,4591,A05,0,A00,A0,A0,E0,0,0,2022,2,,,,,,1504
20149,4591,A05,0,A00,A0,A0,E0,0,0,2022,2,114,101,24,36,-13,2013
20151,4591,A05,0,A00,A0,A0,E0,0,0,2022,2,19,17,3,5,-2,915
20155,4591,A05,0,A00,A0,A0,E0,0,0,2022,2,72,68,16,20,-4,1908
20157,4591,A05,0,A00,A0,A0,E0,0,0,2022,2,,,,,,402
20159,4591,A05,0,A00,A0,A0,E0,0,0,2022,2,,,,0,,1340
20161,4591,A05,0,A00,A0,A0,E0,0,0,2022,2,82,82,22,22,1,1723
20163,4591,A05,0,A00,A0,A0,E0,0,0,2022,2,,,,,,580
20169,4591,A05,0,A00,A0,A0,E0,0,0,2022,2,135,134,38,39,-1,1781
20173,4591,A05,0,A00,A0,A0,E0,0,0,2022,2,1417,1417,323,323,0,2139
20175,4591,A05,0,A00,A0,A0,E0,0,0,2022,2,40,42,24,21,2,1327
20177,4591,A05,0,A00,A0,A0,E0,0,0,2022,2,347,376,126,97,29,1532
20191,4591,A05,0,A00,A0,A0,E0,0,0,2022,2,,,0,,,684
20193,4591,A05,0,A00,A0,A0,E0,0,0,2022,2,,,,,,1027
20209,4591,A05,0,A00,A0,A0,E0,0,0,2022,2,304,289,39,54,-15,1911
20,4591,A05,0,A00,A0,A0,E0,0,0,2022,2,5629,5684,1381,1325,55,1917
20001,4591,A05,0,A00,A0,A0,E0,0,0,2022,3,,,,,,823
20003,4591,A05,0,A00,A0,A0,E0,0,0,2022,3,,,0,0,,234
20005,4591,A05,0,A00,A0,A0,E0,0,0,2022,3,,,,,,616
20009,4591,A05,0,A00,A0,A0,E0,0,0,2022,3,21,20,6,7,-1,1378
20011,4591,A05,0,A00,A0,A0,E0,0,0,2022,3,,,,,,1239
20015,4591,A05,0,A00,A0,A0,E0,0,0,2022,3,18,15,5,7,-3,1710
20027,4591,A05,0,A00,A0,A0,E0,0,0,2022,3,,,0,0,,633
20029,4591,A05,0,A00,A0,A0,E0,0,0,2022,3,17,14,,6,-3,1632
20031,4591,A05,0,A00,A0,A0,E0,0,0,2022,3,,,,,,374
20035,4591,A05,0,A00,A0,A0,E0,0,0,2022,3,29,28,4,5,-1,2329
20037,4591,A05,0,A00,A0,A0,E0,0,0,2022,3,33,35,8,6,2,1866
20039,4591,A05,0,A00,A0,A0,E0,0,0,2022,3,,,0,,,1289
20041,4591,A05,0,A00,A0,A0,E0,0,0,2022,3,,,0,0,,1126
20045,4591,A05,0,A00,A0,A0,E0,0,0,2022,3,250,233,53,70,-17,1672
20049,4591,A05,0,A00,A0,A0,E0,0,0,2022,3,,,0,0,,2293
20051,4591,A05,0,A00,A0,A0,E0,0,0,2022,3,63,65,11,9,2,1555
20055,4591,A05,0,A00,A0,A0,E0,0,0,2022,3,56,59,19,15,3,1818
20057,4591,A05,0,A00,A0,A0,E0,0,0,2022,3,54,56,26,25,1,1398
20059,4591,A05,0,A00,A0,A0,E0,0,0,2022,3,,,,,,764
20061,4591,A05,0,A00,A0,A0,E0,0,0,2022,3,,,,,,1337
20069,4591,A05,0,A00,A0,A0,E0,0,0,2022,3,,,,,,884
20073,4591,A05,0,A00,A0,A0,E0,0,0,2022,3,,,0,0,,222
20079,4591,A05,0,A00,A0,A0,E0,0,0,2022,3,16,16,,0,1,1240
20087,4591,A05,0,A00,A0,A0,E0,0,0,2022,3,,,,,,2757
20089,4591,A05,0,A00,A0,A0,E0,0,0,2022,3,,,0,0,,896
20091,4591,A05,0,A00,A0,A0,E0,0,0,2022,3,2209,2177,535,568,-33,2065
20099,4591,A05,0,A00,A0,A0,E0,0,0,2022,3,7,12,8,3,6,1096
20103,4591,A05,0,A00,A0,A0,E0,0,0,2022,3,42,33,7,16,-9,1574
20111,4591,A05,0,A00,A0,A0,E0,0,0,2022,3,110,97,29,42,-13,1600
20113,4591,A05,0,A00,A0,A0,E0,0,0,2022,3,29,31,7,5,2,2136
20115,4591,A05,0,A00,A0,A0,E0,0,0,2022,3,,,0,,,1709
20121,4591,A05,0,A00,A0,A0,E0,0,0,2022,3,18,20,6,3,2,3335
20125,4591,A05,0,A00,A0,A0,E0,0,0,2022,3,,,,,,1397
20129,4591,A05,0,A00,A0,A0,E0,0,0,2022,3,,,0,0,,351
20133,4591,A05,0,A00,A0,A0,E0,0,0,2022,3,,,,,,1293
20139,4591,A05,0,A00,A0,A0,E0,0,0,2022,3,,,0,0,,1630
20143,4591,A05,0,A00,A0,A0,E0,0,0,2022,3,,,0,0,,958
20145,4591,A05,0,A00,A0,A0,E0,0,0,2022,3,,,,,,1564
20149,4591,A05,0,A00,A0,A0,E0,0,0,2022,3,101,93,33,41,-8,2113
20151,4591,A05,0,A00,A0,A0,E0,0,0,2022,3,17,20,6,3,3,1010
20155,4591,A05,0,A00,A0,A0,E0,0,0,2022,3,68,69,20,18,2,1857
20157,4591,A05,0,A00,A0,A0,E0,0,0,2022,3,,,,,,543
20159,4591,A05,0,A00,A0,A0,E0,0,0,2022,3,,,0,,,769
20161,4591,A05,0,A00,A0,A0,E0,0,0,2022,3,82,80,20,23,-3,1800
20163,4591,A05,0,A00,A0,A0,E0,0,0,2022,3,,,0,,,586
20169,4591,A05,0,A00,A0,A0,E0,0,0,2022,3,134,127,35,42,-7,1961
20173,4591,A05,0,A00,A0,A0,E0,0,0,2022,3,1417,1374,296,339,-43,2230
20175,4591,A05,0,A00,A0,A0,E0,0,0,2022,3,42,42,16,16,0,1541
20177,4591,A05,0,A00,A0,A0,E0,0,0,2022,3,376,366,104,114,-10,1418
20191,4591,A05,0,A00,A0,A0,E0,0,0,2022,3,,,,,,786
20193,4591,A05,0,A00,A0,A0,E0,0,0,2022,3,,,,,,1159
20209,4591,A05,0,A00,A0,A0,E0,0,0,2022,3,289,286,49,52,-3,2126
20,4591,A05,0,A00,A0,A0,E0,0,0,2022,3,5684,5560,1356,1480,-123,1968
20001,4591,A05,0,A00,A0,A0,E0,0,0,2022,4,,,0,,,751
20003,4591,A05,0,A00,A0,A0,E0,0,0,2022,4,,,0,0,,317
20005,4591,A05,0,A00,A0,A0,E0,0,0,2022,4,,,,,,557
20009,4591,A05,0,A00,A0,A0,E0,0,0,2022,4,20,20,6,5,0,1340
20011,4591,A05,0,A00,A0,A0,E0,0,0,2022,4,,,,,,1030
20015,4591,A05,0,A00,A0,A0,E0,0,0,2022,4,,,,,,1898
20027,4591,A05,0,A00,A0,A0,E0,0,0,2022,4,,,0,0,,1317
20029,4591,A05,0,A00,A0,A0,E0,0,0,2022,4,14,12,0,,-1,1780
20031,4591,A05,0,A00,A0,A0,E0,0,0,2022,4,,,0,,,433
20035,4591,A05,0,A00,A0,A0,E0,0,0,2022,4,28,32,10,6,4,4411
20037,4591,A05,0,A00,A0,A0,E0,0,0,2022,4,35,37,10,9,1,1918
20039,4591,A05,0,A00,A0,A0,E0,0,0,2022,4,,,0,0,,1403
20041,4591,A05,0,A00,A0,A0,E0,0,0,2022,4,,,0,0,,1126
20045,4591,A05,0,A00,A0,A0,E0,0,0,2022,4,233,243,71,60,11,1954
20049,4591,A05,0,A00,A0,A0,E0,0,0,2022,4,,,0,0,,2176
20051,4591,A05,0,A00,A0,A0,E0,0,0,2022,4,65,62,12,14,-3,1542
20055,4591,A05,0,A00,A0,A0,E0,0,0,2022,4,59,65,24,18,6,1599
20057,4591,A05,0,A00,A0,A0,E0,0,0,2022,4,56,74,38,20,18,1305
20059,4591,A05,0,A00,A0,A0,E0,0,0,2022,4,,,,,,711
20061,4591,A05,0,A00,A0,A0,E0,0,0,2022,4,,,,,,1146
20069,4591,A05,0,A00,A0,A0,E0,0,0,2022,4,,,,,,746
20073,4591,A05,0,A00,A0,A0,E0,0,0,2022,4,,,0,,,218
20079,4591,A05,0,A00,A0,A0,E0,0,0,2022,4,16,14,3,5,-2,1341
20087,4591,A05,0,A00,A0,A0,E0,0,0,2022,4,,,0,,,3160
20089,4591,A05,0,A00,A0,A0,E0,0,0,2022,4,,,,0,,647
20091,4591,A05,0,A00,A0,A0,E0,0,0,2022,4,2177,2339,592,430,162,2078
20099,4591,A05,0,A00,A0,A0,E0,0,0,2022,4,,,,,,814
20103,4591,A05,0,A00,A0,A0,E0,0,0,2022,4,33,35,11,9,3,1967
20111,4591,A05,0,A00,A0,A0,E0,0,0,2022,4,101,93,20,28,-8,1635
20113,4591,A05,0,A00,A0,A0,E0,0,0,2022,4,31,34,6,4,3,2177
20115,4591,A05,0,A00,A0,A0,E0,0,0,2022,4,,,0,0,,1595
20121,4591,A05,0,A00,A0,A0,E0,0,0,2022,4,20,23,4,,2,3793
20125,4591,A05,0,A00,A0,A0,E0,0,0,2022,4,,,,,,1109
20127,4591,A05,0,A00,A0,A0,E0,0,0,2022,4,0,0,,,0,
20129,4591,A05,0,A00,A0,A0,E0,0,0,2022,4,,,,,,386
20133,4591,A05,0,A00,A0,A0,E0,0,0,2022,4,,,,,,886
20139,4591,A05,0,A00,A0,A0,E0,0,0,2022,4,,,,,,1304
20141,4591,A05,0,A00,A0,A0,E0,0,0,2022,4,0,,,,,
20143,4591,A05,0,A00,A0,A0,E0,0,0,2022,4,,,0,,,736
20145,4591,A05,0,A00,A0,A0,E0,0,0,2022,4,,,,,,1562
20149,4591,A05,0,A00,A0,A0,E0,0,0,2022,4,93,103,38,28,10,2352
20151,4591,A05,0,A00,A0,A0,E0,0,0,2022,4,20,22,6,4,2,1002
20155,4591,A05,0,A00,A0,A0,E0,0,0,2022,4,69,73,23,20,4,2105
20157,4591,A05,0,A00,A0,A0,E0,0,0,2022,4,,,,0,,579
20159,4591,A05,0,A00,A0,A0,E0,0,0,2022,4,,,0,0,,943
20161,4591,A05,0,A00,A0,A0,E0,0,0,2022,4,80,87,24,17,7,1625
20163,4591,A05,0,A00,A0,A0,E0,0,0,2022,4,,,0,0,,788
20169,4591,A05,0,A00,A0,A0,E0,0,0,2022,4,127,136,44,35,9,2040
20173,4591,A05,0,A00,A0,A0,E0,0,0,2022,4,1374,1431,353,297,57,2327
20175,4591,A05,0,A00,A0,A0,E0,0,0,2022,4,42,41,12,13,-1,1439
20177,4591,A05,0,A00,A0,A0,E0,0,0,2022,4,366,367,88,87,1,1463
20191,4591,A05,0,A00,A0,A0,E0,0,0,2022,4,,,0,,,944
20193,4591,A05,0,A00,A0,A0,E0,0,0,2022,4,,,0,,,1356
20209,4591,A05,0,A00,A0,A0,E0,0,0,2022,4,286,315,67,38,29,1922
20,4591,A05,0,A00,A0,A0,E0,0,0,2022,4,5564,5877,1510,1197,314,2018
20001,4591,A05,0,A00,A0,A0,E0,0,0,2023,1,,,0,0,,1161
20003,4591,A05,0,A00,A0,A0,E0,0,0,2023,1,,,0,0,,346
20005,4591,A05,0,A00,A0,A0,E0,0,0,2023,1,,,,,,577
20009,4591,A05,0,A00,A0,A0,E0,0,0,2023,1,20,18,4,6,-2,1437
20011,4591,A05,0,A00,A0,A0,E0,0,0,2023,1,,,,,,1072
20015,4591,A05,0,A00,A0,A0,E0,0,0,2023,1,,,,,,1761
20027,4591,A05,0,A00,A0,A0,E0,0,0,2023,1,,,0,0,,1492
20029,4591,A05,0,A00,A0,A0,E0,0,0,2023,1,,,,,,1834
20031,4591,A05,0,A00,A0,A0,E0,0,0,2023,1,,,0,0,,425
20035,4591,A05,0,A00,A0,A0,E0,0,0,2023,1,32,36,8,4,4,2672
20037,4591,A05,0,A00,A0,A0,E0,0,0,2023,1,37,34,3,5,-3,1844
20039,4591,A05,0,A00,A0,A0,E0,0,0,2023,1,,,,,,1391
20041,4591,A05,0,A00,A0,A0,E0,0,0,2023,1,,,,0,,1351
20045,4591,A05,0,A00,A0,A0,E0,0,0,2023,1,247,258,54,42,12,1686
20049,4591,A05,0,A00,A0,A0,E0,0,0,2023,1,,,0,0,,2178
20051,4591,A05,0,A00,A0,A0,E0,0,0,2023,1,62,61,4,5,-1,1465
20055,4591,A05,0,A00,A0,A0,E0,0,0,2023,1,65,58,10,17,-7,1663
20057,4591,A05,0,A00,A0,A0,E0,0,0,2023,1,,,,,,1563
20059,4591,A05,0,A00,A0,A0,E0,0,0,2023,1,,,,,,633
20061,4591,A05,0,A00,A0,A0,E0,0,0,2023,1,,,,,,966
20069,4591,A05,0,A00,A0,A0,E0,0,0,2023,1,,,,,,989
20073,4591,A05,0,A00,A0,A0,E0,0,0,2023,1,,,0,0,,193
20079,4591,A05,0,A00,A0,A0,E0,0,0,2023,1,,,0,0,,1542
20087,4591,A05,0,A00,A0,A0,E0,0,0,2023,1,,,,,,1862
20089,4591,A05,0,A00,A0,A0,E0,0,0,2023,1,,,0,0,,404
20091,4591,A05,0,A00,A0,A0,E0,0,0,2023,1,2364,2299,369,433,-64,2168
20099,4591,A05,0,A00,A0,A0,E0,0,0,2023,1,13,15,5,3,2,783
20103,4591,A05,0,A00,A0,A0,E0,0,0,2023,1,35,36,7,6,1,1611
20111,4591,A05,0,A00,A0,A0,E0,0,0,2023,1,93,84,15,24,-9,1429
20113,4591,A05,0,A00,A0,A0,E0,0,0,2023,1,45,41,5,10,-4,1512
20115,4591,A05,0,A00,A0,A0,E0,0,0,2023,1,,,0,0,,1248
20121,4591,A05,0,A00,A0,A0,E0,0,0,2023,1,23,21,0,,-2,3127
20125,4591,A05,0,A00,A0,A0,E0,0,0,2023,1,,,,,,1154
20129,4591,A05,0,A00,A0,A0,E0,0,0,2023,1,,,0,0,,307
20133,4591,A05,0,A00,A0,A0,E0,0,0,2023,1,,,,,,1129
20139,4591,A05,0,A00,A0,A0,E0,0,0,2023,1,,,0,0,,1761
20141,4591,A05,0,A00,A0,A0,E0,0,0,2023,1,,,,,,3173
20143,4591,A05,0,A00,A0,A0,E0,0,0,2023,1,,,0,0,,975
20149,4591,A05,0,A00,A0,A0,E0,0,0,2023,1,103,90,19,32,-13,2010
20151,4591,A05,0,A00,A0,A0,E0,0,0,2023,1,22,21,3,4,0,880
20155,4591,A05,0,A00,A0,A0,E0,0,0,2023,1,74,72,13,15,-2,1687
20157,4591,A05,0,A00,A0,A0,E0,0,0,2023,1,,,0,0,,390
20159,4591,A05,0,A00,A0,A0,E0,0,0,2023,1,,,,,,1895
20161,4591,A05,0,A00,A0,A0,E0,0,0,2023,1,87,86,19,19,-1,1773
20163,4591,A05,0,A00,A0,A0,E0,0,0,2023,1,,,,0,,665
20169,4591,A05,0,A00,A0,A0,E0,0,0,2023,1,136,128,19,27,-8,1922
20173,4591,A05,0,A00,A0,A0,E0,0,0,2023,1,1433,1458,288,263,25,2255
20175,4591,A05,0,A00,A0,A0,E0,0,0,2023,1,41,34,9,16,-7,1229
20177,4591,A05,0,A00,A0,A0,E0,0,0,2023,1,368,365,81,84,-3,1470
20191,4591,A05,0,A00,A0,A0,E0,0,0,2023,1,,,,,,932
20193,4591,A05,0,A00,A0,A0,E0,0,0,2023,1,,,,,,1341
20209,4591,A05,0,A00,A0,A0,E0,0,0,2023,1,307,275,24,56,-32,1583
20,4591,A05,0,A00,A0,A0,E0,0,0,2023,1,5831,5718,995,1108,-113,1986
20001,4591,A05,0,A00,A0,A0,E0,0,0,2023,2,,,,,,1458
20003,4591,A05,0,A00,A0,A0,E0,0,0,2023,2,,,0,0,,402
20005,4591,A05,0,A00,A0,A0,E0,0,0,2023,2,,,,,,436
20009,4591,A05,0,A00,A0,A0,E0,0,0,2023,2,18,20,10,8,1,1362
20011,4591,A05,0,A00,A0,A0,E0,0,0,2023,2,,,,,,744
20015,4591,A05,0,A00,A0,A0,E0,0,0,2023,2,,,,,,1752
20027,4591,A05,0,A00,A0,A0,E0,0,0,2023,2,,,,,,498
20029,4591,A05,0,A00,A0,A0,E0,0,0,2023,2,,,0,0,,2245
20031,4591,A05,0,A00,A0,A0,E0,0,0,2023,2,,,0,0,,497
20035,4591,A05,0,A00,A0,A0,E0,0,0,2023,2,36,34,4,6,-2,2239
20037,4591,A05,0,A00,A0,A0,E0,0,0,2023,2,34,29,5,10,-5,1812
20039,4591,A05,0,A00,A0,A0,E0,0,0,2023,2,,,,,,1600
20041,4591,A05,0,A00,A0,A0,E0,0,0,2023,2,,,0,,,743
20045,4591,A05,0,A00,A0,A0,E0,0,0,2023,2,258,257,51,52,-1,1617
20049,4591,A05,0,A00,A0,A0,E0,0,0,2023,2,,,0,0,,2058
20051,4591,A05,0,A00,A0,A0,E0,0,0,2023,2,61,62,14,14,1,1564
20055,4591,A05,0,A00,A0,A0,E0,0,0,2023,2,58,57,15,16,-1,1640
20057,4591,A05,0,A00,A0,A0,E0,0,0,2023,2,,,,,,1395
20059,4591,A05,0,A00,A0,A0,E0,0,0,2023,2,,,,,,558
20061,4591,A05,0,A00,A0,A0,E0,0,0,2023,2,,,,,,1428
20069,4591,A05,0,A00,A0,A0,E0,0,0,2023,2,,,,,,870
20073,4591,A05,0,A00,A0,A0,E0,0,0,2023,2,,,0,0,,223
20079,4591,A05,0,A00,A0,A0,E0,0,0,2023,2,,,0,,,1386
20087,4591,A05,0,A00,A0,A0,E0,0,0,2023,2,4,6,,0,1,3397
20089,4591,A05,0,A00,A0,A0,E0,0,0,2023,2,,,0,0,,629
20091,4591,A05,0,A00,A0,A0,E0,0,0,2023,2,2298,2353,481,426,55,2007
20099,4591,A05,0,A00,A0,A0,E0,0,0,2023,2,15,9,,7,-6,743
20103,4591,A05,0,A00,A0,A0,E0,0,0,2023,2,36,36,9,9,0,1832
20111,4591,A05,0,A00,A0,A0,E0,0,0,2023,2,84,86,15,14,1,1747
20113,4591,A05,0,A00,A0,A0,E0,0,0,2023,2,41,42,7,6,1,1676
20115,4591,A05,0,A00,A0,A0,E0,0,0,2023,2,,,0,,,1336
20121,4591,A05,0,A00,A0,A0,E0,0,0,2023,2,21,20,,,-1,3096
20125,4591,A05,0,A00,A0,A0,E0,0,0,2023,2,,,,,,1053
20129,4591,A05,0,A00,A0,A0,E0,0,0,2023,2,,,0,0,,356
20133,4591,A05,0,A00,A0,A0,E0,0,0,2023,2,,,,,,1032
20139,4591,A05,0,A00,A0,A0,E0,0,0,2023,2,6,7,,0,1,1651
20141,4591,A05,0,A00,A0,A0,E0,0,0,2023,2,,,,0,,2861
20143,4591,A05,0,A00,A0,A0,E0,0,0,2023,2,,,0,0,,932
20149,4591,A05,0,A00,A0,A0,E0,0,0,2023,2,90,89,27,29,-2,2128
20151,4591,A05,0,A00,A0,A0,E0,0,0,2023,2,21,20,3,5,-2,883
20155,4591,A05,0,A00,A0,A0,E0,0,0,2023,2,72,75,32,30,3,1933
20157,4591,A05,0,A00,A0,A0,E0,0,0,2023,2,,,,0,,388
20159,4591,A05,0,A00,A0,A0,E0,0,0,2023,2,,,0,0,,1826
20161,4591,A05,0,A00,A0,A0,E0,0,0,2023,2,86,86,23,23,0,1563
20163,4591,A05,0,A00,A0,A0,E0,0,0,2023,2,,,0,0,,750
20169,4591,A05,0,A00,A0,A0,E0,0,0,2023,2,127,117,23,33,-10,1884
20173,4591,A05,0,A00,A0,A0,E0,0,0,2023,2,1458,1697,555,316,239,2339
20175,4591,A05,0,A00,A0,A0,E0,0,0,2023,2,34,29,9,13,-5,1483
20177,4591,A05,0,A00,A0,A0,E0,0,0,2023,2,364,395,90,59,31,1399
20191,4591,A05,0,A00,A0,A0,E0,0,0,2023,2,,,,,,709
20193,4591,A05,0,A00,A0,A0,E0,0,0,2023,2,,,,,,1208
20209,4591,A05,0,A00,A0,A0,E0,0,0,2023,2,275,287,55,43,12,1783
20,4591,A05,0,A00,A0,A0,E0,0,0,2023,2,5715,6014,1474,1175,299,1955
20001,4591,A05,0,A00,A0,A0,E0,0,0,2023,3,,,,,,1274
20003,4591,A05,0,A00,A0,A0,E0,0,0,2023,3,,,0,0,,289
20005,4591,A05,0,A00,A0,A0,E0,0,0,2023,3,,,,,,624
20009,4591,A05,0,A00,A0,A0,E0,0,0,2023,3,20,16,5,9,-3,1505
20011,4591,A05,0,A00,A0,A0,E0,0,0,2023,3,,,,,,1209
20015,4591,A05,0,A00,A0,A0,E0,0,0,2023,3,,,,,,2091
20027,4591,A05,0,A00,A0,A0,E0,0,0,2023,3,,,,,,343
20029,4591,A05,0,A00,A0,A0,E0,0,0,2023,3,,,,,,2268
20031,4591,A05,0,A00,A0,A0,E0,0,0,2023,3,,,0,0,,441
20035,4591,A05,0,A00,A0,A0,E0,0,0,2023,3,34,30,4,8,-4,2514
20037,4591,A05,0,A00,A0,A0,E0,0,0,2023,3,29,28,5,6,-1,2066
20039,4591,A05,0,A00,A0,A0,E0,0,0,2023,3,,,,,,1401
20041,4591,A05,0,A00,A0,A0,E0,0,0,2023,3,,,0,0,,1351
20045,4591,A05,0,A00,A0,A0,E0,0,0,2023,3,257,264,71,64,7,1661
20049,4591,A05,0,A00,A0,A0,E0,0,0,2023,3,,,0,0,,2161
20051,4591,A05,0,A00,A0,A0,E0,0,0,2023,3,62,61,9,10,0,1625
20055,4591,A05,0,A00,A0,A0,E0,0,0,2023,3,57,63,22,16,6,1821
20057,4591,A05,0,A00,A0,A0,E0,0,0,2023,3,,,,,,2015
20059,4591,A05,0,A00,A0,A0,E0,0,0,2023,3,17,19,4,,2,571
20061,4591,A05,0,A00,A0,A0,E0,0,0,2023,3,,,,,,1736
20069,4591,A05,0,A00,A0,A0,E0,0,0,2023,3,,,,0,,1041
20073,4591,A05,0,A00,A0,A0,E0,0,0,2023,3,,,0,0,,186
20079,4591,A05,0,A00,A0,A0,E0,0,0,2023,3,,,,,,1603
20087,4591,A05,0,A00,A0,A0,E0,0,0,2023,3,6,4,,,-1,2497
20089,4591,A05,0,A00,A0,A0,E0,0,0,2023,3,,,0,0,,916
20091,4591,A05,0,A00,A0,A0,E0,0,0,2023,3,2349,2339,562,572,-10,2084
20099,4591,A05,0,A00,A0,A0,E0,0,0,2023,3,,,,,,986
20103,4591,A05,0,A00,A0,A0,E0,0,0,2023,3,36,39,13,11,2,1692
20111,4591,A05,0,A00,A0,A0,E0,0,0,2023,3,86,85,19,20,-2,1748
20113,4591,A05,0,A00,A0,A0,E0,0,0,2023,3,42,42,9,9,0,1652
20115,4591,A05,0,A00,A0,A0,E0,0,0,2023,3,,,0,,,1248
20121,4591,A05,0,A00,A0,A0,E0,0,0,2023,3,20,18,,,-1,3252
20125,4591,A05,0,A00,A0,A0,E0,0,0,2023,3,12,17,10,5,4,1453
20129,4591,A05,0,A00,A0,A0,E0,0,0,2023,3,,,0,0,,422
20131,4591,A05,0,A00,A0,A0,E0,0,0,2023,3,0,,,0,,
20133,4591,A05,0,A00,A0,A0,E0,0,0,2023,3,,,,,,1339
20139,4591,A05,0,A00,A0,A0,E0,0,0,2023,3,7,7,0,0,0,1425
20141,4591,A05,0,A00,A0,A0,E0,0,0,2023,3,,,,,,4338
20143,4591,A05,0,A00,A0,A0,E0,0,0,2023,3,,,0,,,556
20149,4591,A05,0,A00,A0,A0,E0,0,0,2023,3,89,88,31,31,0,2155
20151,4591,A05,0,A00,A0,A0,E0,0,0,2023,3,20,19,5,6,-1,988
20155,4591,A05,0,A00,A0,A0,E0,0,0,2023,3,75,64,16,27,-11,1726
20157,4591,A05,0,A00,A0,A0,E0,0,0,2023,3,,,0,0,,331
20159,4591,A05,0,A00,A0,A0,E0,0,0,2023,3,,,,,,1650
20161,4591,A05,0,A00,A0,A0,E0,0,0,2023,3,86,91,26,21,4,1808
20163,4591,A05,0,A00,A0,A0,E0,0,0,2023,3,,,0,,,515
20169,4591,A05,0,A00,A0,A0,E0,0,0,2023,3,117,116,38,39,-1,2026
20173,4591,A05,0,A00,A0,A0,E0,0,0,2023,3,1697,1749,399,346,52,2146
20175,4591,A05,0,A00,A0,A0,E0,0,0,2023,3,29,31,11,9,2,1528
20177,4591,A05,0,A00,A0,A0,E0,0,0,2023,3,395,366,80,109,-29,1382
20191,4591,A05,0,A00,A0,A0,E0,0,0,2023,3,,,,,,915
20193,4591,A05,0,A00,A0,A0,E0,0,0,2023,3,,,,,,1443
20209,4591,A05,0,A00,A0,A0,E0,0,0,2023,3,287,277,42,51,-10,1825
20,4591,A05,0,A00,A0,A0,E0,0,0,2023,3,6010,6021,1433,1422,11,1967
20001,4591,A05,0,A00,A0,A0,E0,0,0,2023,4,,,,,,1294
20003,4591,A05,0,A00,A0,A0,E0,0,0,2023,4,,,0,0,,438
20005,4591,A05,0,A00,A0,A0,E0,0,0,2023,4,,,,,,428
20009,4591,A05,0,A00,A0,A0,E0,0,0,2023,4,16,19,5,2,3,1643
20011,4591,A05,0,A00,A0,A0,E0,0,0,2023,4,,,,,,892
20013,4591,A05,0,A00,A0,A0,E0,0,0,2023,4,0,,,0,,
20015,4591,A05,0,A00,A0,A0,E0,0,0,2023,4,,,,,,2124
20027,4591,A05,0,A00,A0,A0,E0,0,0,2023,4,,,0,,,923
20029,4591,A05,0,A00,A0,A0,E0,0,0,2023,4,,,,,,2090
20031,4591,A05,0,A00,A0,A0,E0,0,0,2023,4,,,0,0,,528
20035,4591,A05,0,A00,A0,A0,E0,0,0,2023,4,30,32,5,3,2,3232
20037,4591,A05,0,A00,A0,A0,E0,0,0,2023,4,28,29,6,5,0,2297
20039,4591,A05,0,A00,A0,A0,E0,0,0,2023,4,,,0,,,867
20041,4591,A05,0,A00,A0,A0,E0,0,0,2023,4,,,0,0,,1351
20045,4591,A05,0,A00,A0,A0,E0,0,0,2023,4,264,263,59,61,-1,1819
20049,4591,A05,0,A00,A0,A0,E0,0,0,2023,4,,,0,0,,2272
20051,4591,A05,0,A00,A0,A0,E0,0,0,2023,4,61,58,9,12,-3,1631
20055,4591,A05,0,A00,A0,A0,E0,0,0,2023,4,63,68,21,16,5,1622
20057,4591,A05,0,A00,A0,A0,E0,0,0,2023,4,,,,,,1799
20059,4591,A05,0,A00,A0,A0,E0,0,0,2023,4,19,20,7,7,1,638
20061,4591,A05,0,A00,A0,A0,E0,0,0,2023,4,,,,,,1217
20069,4591,A05,0,A00,A0,A0,E0,0,0,2023,4,,,0,,,819
20073,4591,A05,0,A00,A0,A0,E0,0,0,2023,4,,,0,,,213
20079,4591,A05,0,A00,A0,A0,E0,0,0,2023,4,,,,0,,5463
20087,4591,A05,0,A00,A0,A0,E0,0,0,2023,4,,,,,,2767
20089,4591,A05,0,A00,A0,A0,E0,0,0,2023,4,,,0,0,,750
20091,4591,A05,0,A00,A0,A0,E0,0,0,2023,4,2339,2410,487,417,70,2136
20099,4591,A05,0,A00,A0,A0,E0,0,0,2023,4,,,,,,960
20103,4591,A05,0,A00,A0,A0,E0,0,0,2023,4,39,47,20,11,9,1964
20111,4591,A05,0,A00,A0,A0,E0,0,0,2023,4,79,82,17,15,2,1794
20113,4591,A05,0,A00,A0,A0,E0,0,0,2023,4,42,40,6,8,-2,1656
20115,4591,A05,0,A00,A0,A0,E0,0,0,2023,4,,,0,,,1200
20121,4591,A05,0,A00,A0,A0,E0,0,0,2023,4,18,17,,,-1,3583
20125,4591,A05,0,A00,A0,A0,E0,0,0,2023,4,17,18,6,5,1,1127
20127,4591,A05,0,A00,A0,A0,E0,0,0,2023,4,0,0,,,0,
20129,4591,A05,0,A00,A0,A0,E0,0,0,2023,4,,,0,0,,399
20131,4591,A05,0,A00,A0,A0,E0,0,0,2023,4,,,,0,,4054
20133,4591,A05,0,A00,A0,A0,E0,0,0,2023,4,,,,,,910
20139,4591,A05,0,A00,A0,A0,E0,0,0,2023,4,7,6,0,,-1,1387
20141,4591,A05,0,A00,A0,A0,E0,0,0,2023,4,,,0,,,4522
20143,4591,A05,0,A00,A0,A0,E0,0,0,2023,4,,,0,0,,905
20149,4591,A05,0,A00,A0,A0,E0,0,0,2023,4,88,92,31,27,4,2313
20151,4591,A05,0,A00,A0,A0,E0,0,0,2023,4,19,20,5,3,2,1153
20155,4591,A05,0,A00,A0,A0,E0,0,0,2023,4,64,68,24,20,4,2190
20157,4591,A05,0,A00,A0,A0,E0,0,0,2023,4,,,0,,,271
20159,4591,A05,0,A00,A0,A0,E0,0,0,2023,4,,,0,0,,1686
20161,4591,A05,0,A00,A0,A0,E0,0,0,2023,4,91,87,15,19,-4,1531
20163,4591,A05,0,A00,A0,A0,E0,0,0,2023,4,,,0,0,,649
20169,4591,A05,0,A00,A0,A0,E0,0,0,2023,4,116,123,37,30,7,2090
20173,4591,A05,0,A00,A0,A0,E0,0,0,2023,4,1732,1716,313,329,-16,2178
20175,4591,A05,0,A00,A0,A0,E0,0,0,2023,4,31,31,14,14,0,1604
20177,4591,A05,0,A00,A0,A0,E0,0,0,2023,4,367,354,78,91,-13,1418
20191,4591,A05,0,A00,A0,A0,E0,0,0,2023,4,,,,,,988
20193,4591,A05,0,A00,A0,A0,E0,0,0,2023,4,,,,,,1958
20209,4591,A05,0,A00,A0,A0,E0,0,0,2023,4,277,295,60,42,17,1788
20,4591,A05,0,A00,A0,A0,E0,0,0,2023,4,5997,6073,1264,1189,76,2026
20001,4591,A05,0,A00,A0,A0,E0,0,0,2024,1,,,0,0,,1590
20003,4591,A05,0,A00,A0,A0,E0,0,0,2024,1,,,0,0,,347
20005,4591,A05,0,A00,A0,A0,E0,0,0,2024,1,,,,0,,914
20009,4591,A05,0,A00,A0,A0,E0,0,0,2024,1,19,21,7,5,1,1555
20011,4591,A05,0,A00,A0,A0,E0,0,0,2024,1,,,,,,922
20013,4591,A05,0,A00,A0,A0,E0,0,0,2024,1,,,0,0,,3724
20015,4591,A05,0,A00,A0,A0,E0,0,0,2024,1,,,,,,2213
20025,4591,A05,0,A00,A0,A0,E0,0,0,2024,1,,,0,0,,2752
20027,4591,A05,0,A00,A0,A0,E0,0,0,2024,1,,,0,0,,1988
20029,4591,A05,0,A00,A0,A0,E0,0,0,2024,1,,,0,,,2236
20031,4591,A05,0,A00,A0,A0,E0,0,0,2024,1,,,0,0,,384
20035,4591,A05,0,A00,A0,A0,E0,0,0,2024,1,15,15,4,4,0,1508
20037,4591,A05,0,A00,A0,A0,E0,0,0,2024,1,29,25,4,8,-4,2141
20039,4591,A05,0,A00,A0,A0,E0,0,0,2024,1,,,0,0,,1239
20041,4591,A05,0,A00,A0,A0,E0,0,0,2024,1,,,0,0,,1351
20045,4591,A05,0,A00,A0,A0,E0,0,0,2024,1,276,266,30,40,-10,1646
20049,4591,A05,0,A00,A0,A0,E0,0,0,2024,1,,,0,0,,2215
20051,4591,A05,0,A00,A0,A0,E0,0,0,2024,1,58,60,8,6,2,1566
20055,4591,A05,0,A00,A0,A0,E0,0,0,2024,1,68,66,12,15,-3,1657
20057,4591,A05,0,A00,A0,A0,E0,0,0,2024,1,,,,,,2123
20059,4591,A05,0,A00,A0,A0,E0,0,0,2024,1,,,,,,718
20061,4591,A05,0,A00,A0,A0,E0,0,0,2024,1,,,,,,1609
20069,4591,A05,0,A00,A0,A0,E0,0,0,2024,1,,,,,,1094
20073,4591,A05,0,A00,A0,A0,E0,0,0,2024,1,,,0,,,221
20079,4591,A05,0,A00,A0,A0,E0,0,0,2024,1,,,0,,,1226
20087,4591,A05,0,A00,A0,A0,E0,0,0,2024,1,,,0,0,,2460
20089,4591,A05,0,A00,A0,A0,E0,0,0,2024,1,,,0,0,,520
20091,4591,A05,0,A00,A0,A0,E0,0,0,2024,1,2388,2269,316,435,-119,2116
20099,4591,A05,0,A00,A0,A0,E0,0,0,2024,1,,,,,,868
20103,4591,A05,0,A00,A0,A0,E0,0,0,2024,1,47,47,8,8,0,2098
20111,4591,A05,0,A00,A0,A0,E0,0,0,2024,1,75,65,8,18,-10,1479
20113,4591,A05,0,A00,A0,A0,E0,0,0,2024,1,28,27,5,5,-1,2168
20115,4591,A05,0,A00,A0,A0,E0,0,0,2024,1,,,0,0,,1278
20121,4591,A05,0,A00,A0,A0,E0,0,0,2024,1,23,26,5,,3,2474
20125,4591,A05,0,A00,A0,A0,E0,0,0,2024,1,18,20,5,3,2,1287
20129,4591,A05,0,A00,A0,A0,E0,0,0,2024,1,,,0,0,,335
20131,4591,A05,0,A00,A0,A0,E0,0,0,2024,1,,,,,,2915
20133,4591,A05,0,A00,A0,A0,E0,0,0,2024,1,,,,,,1020
20139,4591,A05,0,A00,A0,A0,E0,0,0,2024,1,6,6,0,0,0,1642
20141,4591,A05,0,A00,A0,A0,E0,0,0,2024,1,,,0,0,,4345
20143,4591,A05,0,A00,A0,A0,E0,0,0,2024,1,,,,0,,981
20149,4591,A05,0,A00,A0,A0,E0,0,0,2024,1,93,97,23,19,4,2104
20151,4591,A05,0,A00,A0,A0,E0,0,0,2024,1,20,17,,5,-3,961
20155,4591,A05,0,A00,A0,A0,E0,0,0,2024,1,75,69,12,17,-6,1922
20157,4591,A05,0,A00,A0,A0,E0,0,0,2024,1,,,,0,,249
20159,4591,A05,0,A00,A0,A0,E0,0,0,2024,1,,,,0,,2356
20161,4591,A05,0,A00,A0,A0,E0,0,0,2024,1,87,87,15,15,0,1955
20163,4591,A05,0,A00,A0,A0,E0,0,0,2024,1,,,0,0,,547
20169,4591,A05,0,A00,A0,A0,E0,0,0,2024,1,123,116,21,28,-7,1884
20173,4591,A05,0,A00,A0,A0,E0,0,0,2024,1,1750,1667,183,266,-83,2075
20175,4591,A05,0,A00,A0,A0,E0,0,0,2024,1,31,29,7,9,-2,1382
20177,4591,A05,0,A00,A0,A0,E0,0,0,2024,1,302,308,68,63,6,1594
20191,4591,A05,0,A00,A0,A0,E0,0,0,2024,1,,,0,,,1140
20193,4591,A05,0,A00,A0,A0,E0,0,0,2024,1,,,,,,1442
20195,4591,A05,0,A00,A0,A0,E0,0,0,2024,1,0,,,0,,
20209,4591,A05,0,A00,A0,A0,E0,0,0,2024,1,295,263,14,46,-32,1675
20,4591,A05,0,A00,A0,A0,E0,0,0,2024,1,6021,5759,784,1047,-262,1971
20001,4591,A05,0,A00,A0,A0,E0,0,0,2024,2,,,,,,1573
20003,4591,A05,0,A00,A0,A0,E0,0,0,2024,2,,,0,0,,480
20005,4591,A05,0,A00,A0,A0,E0,0,0,2024,2,,,,0,,673
20009,4591,A05,0,A00,A0,A0,E0,0,0,2024,2,21,21,5,5,0,1424
20011,4591,A05,0,A00,A0,A0,E0,0,0,2024,2,,,,,,697
20013,4591,A05,0,A00,A0,A0,E0,0,0,2024,2,,,0,0,,4345
20015,4591,A05,0,A00,A0,A0,E0,0,0,2024,2,,,,,,2069
20025,4591,A05,0,A00,A0,A0,E0,0,0,2024,2,,,0,,,2778
20027,4591,A05,0,A00,A0,A0,E0,0,0,2024,2,,,,,,538
20029,4591,A05,0,A00,A0,A0,E0,0,0,2024,2,,,0,,,2393
20031,4591,A05,0,A00,A0,A0,E0,0,0,2024,2,,,,0,,506
20035,4591,A05,0,A00,A0,A0,E0,0,0,2024,2,15,13,,3,-2,1448
20037,4591,A05,0,A00,A0,A0,E0,0,0,2024,2,25,26,5,4,1,2307
20039,4591,A05,0,A00,A0,A0,E0,0,0,2024,2,,,,0,,1630
20041,4591,A05,0,A00,A0,A0,E0,0,0,2024,2,,,0,0,,1351
20045,4591,A05,0,A00,A0,A0,E0,0,0,2024,2,266,253,36,49,-13,1687
20049,4591,A05,0,A00,A0,A0,E0,0,0,2024,2,,,0,0,,2150
20051,4591,A05,0,A00,A0,A0,E0,0,0,2024,2,60,62,14,12,2,1707
20055,4591,A05,0,A00,A0,A0,E0,0,0,2024,2,66,64,10,12,-1,1561
20057,4591,A05,0,A00,A0,A0,E0,0,0,2024,2,,,,,,1673
20059,4591,A05,0,A00,A0,A0,E0,0,0,2024,2,,,,,,908
20061,4591,A05,0,A00,A0,A0,E0,0,0,2024,2,,,,,,1298
20069,4591,A05,0,A00,A0,A0,E0,0,0,2024,2,,,0,0,,538
20073,4591,A05,0,A00,A0,A0,E0,0,0,2024,2,,,0,0,,265
20079,4591,A05,0,A00,A0,A0,E0,0,0,2024,2,,,0,0,,1374
20087,4591,A05,0,A00,A0,A0,E0,0,0,2024,2,,,0,0,,1742
20089,4591,A05,0,A00,A0,A0,E0,0,0,2024,2,,,0,0,,635
20091,4591,A05,0,A00,A0,A0,E0,0,0,2024,2,2269,2263,382,388,-7,2073
20099,4591,A05,0,A00,A0,A0,E0,0,0,2024,2,,,,,,848
20103,4591,A05,0,A00,A0,A0,E0,0,0,2024,2,47,46,7,7,-1,2438
20111,4591,A05,0,A00,A0,A0,E0,0,0,2024,2,65,59,13,19,-6,1582
20113,4591,A05,0,A00,A0,A0,E0,0,0,2024,2,27,31,9,6,3,2210
20115,4591,A05,0,A00,A0,A0,E0,0,0,2024,2,,,0,,,1225
20121,4591,A05,0,A00,A0,A0,E0,0,0,2024,2,26,25,,3,-1,2180
20125,4591,A05,0,A00,A0,A0,E0,0,0,2024,2,21,18,4,7,-3,992
20129,4591,A05,0,A00,A0,A0,E0,0,0,2024,2,,,0,0,,397
20131,4591,A05,0,A00,A0,A0,E0,0,0,2024,2,,,0,0,,4892
20133,4591,A05,0,A00,A0,A0,E0,0,0,2024,2,,,,,,785
20139,4591,A05,0,A00,A0,A0,E0,0,0,2024,2,6,7,,0,1,1702
20141,4591,A05,0,A00,A0,A0,E0,0,0,2024,2,,,0,,,3537
20143,4591,A05,0,A00,A0,A0,E0,0,0,2024,2,,,0,0,,878
20149,4591,A05,0,A00,A0,A0,E0,0,0,2024,2,97,94,29,32,-3,1952
20151,4591,A05,0,A00,A0,A0,E0,0,0,2024,2,17,18,4,4,0,1021
20155,4591,A05,0,A00,A0,A0,E0,0,0,2024,2,69,75,26,21,6,2113
20157,4591,A05,0,A00,A0,A0,E0,0,0,2024,2,,,0,0,,219
20159,4591,A05,0,A00,A0,A0,E0,0,0,2024,2,,,0,,,881
20161,4591,A05,0,A00,A0,A0,E0,0,0,2024,2,87,82,15,21,-6,1517
20163,4591,A05,0,A00,A0,A0,E0,0,0,2024,2,,,,0,,647
20169,4591,A05,0,A00,A0,A0,E0,0,0,2024,2,116,114,25,26,-2,2004
20173,4591,A05,0,A00,A0,A0,E0,0,0,2024,2,1667,1610,243,300,-57,2056
20175,4591,A05,0,A00,A0,A0,E0,0,0,2024,2,29,29,10,10,0,1577
20177,4591,A05,0,A00,A0,A0,E0,0,0,2024,2,296,285,54,66,-12,1577
20191,4591,A05,0,A00,A0,A0,E0,0,0,2024,2,,,,0,,1075
20193,4591,A05,0,A00,A0,A0,E0,0,0,2024,2,,,,,,1213
20195,4591,A05,0,A00,A0,A0,E0,0,0,2024,2,,,0,0,,58
20209,4591,A05,0,A00,A0,A0,E0,0,0,2024,2,263,268,45,39,5,1730
20,4591,A05,0,A00,A0,A0,E0,0,0,2024,2,5749,5654,970,1064,-94,1949
20001,4591,A05,0,A00,A0,A0,E0,0,0,2024,3,,,,,,1677
20003,4591,A05,0,A00,A0,A0,E0,0,0,2024,3,,,0,0,,348
20005,4591,A05,0,A00,A0,A0,E0,0,0,2024,3,,,0,,,656
20009,4591,A05,0,A00,A0,A0,E0,0,0,2024,3,,,,,,1336
20011,4591,A05,0,A00,A0,A0,E0,0,0,2024,3,,,,,,723
20013,4591,A05,0,A00,A0,A0,E0,0,0,2024,3,,,0,0,,3724
20015,4591,A05,0,A00,A0,A0,E0,0,0,2024,3,,,,,,2082
20025,4591,A05,0,A00,A0,A0,E0,0,0,2024,3,,,0,0,,2797
20027,4591,A05,0,A00,A0,A0,E0,0,0,2024,3,,,,,,640
20029,4591,A05,0,A00,A0,A0,E0,0,0,2024,3,,,0,0,,2916
20031,4591,A05,0,A00,A0,A0,E0,0,0,2024,3,,,,0,,480
20035,4591,A05,0,A00,A0,A0,E0,0,0,2024,3,13,12,3,4,-1,1632
20037,4591,A05,0,A00,A0,A0,E0,0,0,2024,3,26,27,6,6,1,2438
20039,4591,A05,0,A00,A0,A0,E0,0,0,2024,3,,,,0,,1084
20041,4591,A05,0,A00,A0,A0,E0,0,0,2024,3,,,0,0,,1351
20045,4591,A05,0,A00,A0,A0,E0,0,0,2024,3,249,249,46,47,0,1759
20049,4591,A05,0,A00,A0,A0,E0,0,0,2024,3,,,0,0,,2207
20051,4591,A05,0,A00,A0,A0,E0,0,0,2024,3,62,58,13,17,-4,1479
20055,4591,A05,0,A00,A0,A0,E0,0,0,2024,3,64,61,17,20,-3,1715
20057,4591,A05,0,A00,A0,A0,E0,0,0,2024,3,,,,,,1784
20059,4591,A05,0,A00,A0,A0,E0,0,0,2024,3,,,,,,987
20061,4591,A05,0,A00,A0,A0,E0,0,0,2024,3,,,,,,1587
20069,4591,A05,0,A00,A0,A0,E0,0,0,2024,3,,,0,0,,465
20073,4591,A05,0,A00,A0,A0,E0,0,0,2024,3,,,0,0,,270
20079,4591,A05,0,A00,A0,A0,E0,0,0,2024,3,,,0,0,,1340
20087,4591,A05,0,A00,A0,A0,E0,0,0,2024,3,,,0,0,,2314
20089,4591,A05,0,A00,A0,A0,E0,0,0,2024,3,,,0,0,,674
20091,4591,A05,0,A00,A0,A0,E0,0,0,2024,3,2264,2213,472,523,-51,2187
20099,4591,A05,0,A00,A0,A0,E0,0,0,2024,3,,,,,,923
20103,4591,A05,0,A00,A0,A0,E0,0,0,2024,3,46,42,3,8,-5,2599
20111,4591,A05,0,A00,A0,A0,E0,0,0,2024,3,59,58,12,12,-1,1802
20113,4591,A05,0,A00,A0,A0,E0,0,0,2024,3,31,31,6,5,0,2136
20115,4591,A05,0,A00,A0,A0,E0,0,0,2024,3,,,0,0,,1478
20121,4591,A05,0,A00,A0,A0,E0,0,0,2024,3,25,25,,,0,1920
20125,4591,A05,0,A00,A0,A0,E0,0,0,2024,3,18,16,5,7,-2,1261
20129,4591,A05,0,A00,A0,A0,E0,0,0,2024,3,,,0,0,,364
20131,4591,A05,0,A00,A0,A0,E0,0,0,2024,3,,,,0,,4091
20133,4591,A05,0,A00,A0,A0,E0,0,0,2024,3,,,,,,1131
20139,4591,A05,0,A00,A0,A0,E0,0,0,2024,3,7,6,0,,-1,1433
20141,4591,A05,0,A00,A0,A0,E0,0,0,2024,3,,,0,0,,8089
20143,4591,A05,0,A00,A0,A0,E0,0,0,2024,3,,,0,0,,965
20149,4591,A05,0,A00,A0,A0,E0,0,0,2024,3,94,82,23,35,-12,1889
20151,4591,A05,0,A00,A0,A0,E0,0,0,2024,3,18,19,9,7,2,1017
20155,4591,A05,0,A00,A0,A0,E0,0,0,2024,3,75,66,9,18,-8,1865
20157,4591,A05,0,A00,A0,A0,E0,0,0,2024,3,,,,0,,222
20159,4591,A05,0,A00,A0,A0,E0,0,0,2024,3,,,,,,1594
20161,4591,A05,0,A00,A0,A0,E0,0,0,2024,3,82,81,19,19,0,1749
20163,4591,A05,0,A00,A0,A0,E0,0,0,2024,3,,0,0,,,343
20169,4591,A05,0,A00,A0,A0,E0,0,0,2024,3,114,116,24,23,1,2096
20173,4591,A05,0,A00,A0,A0,E0,0,0,2024,3,1610,1579,279,311,-32,2036
20175,4591,A05,0,A00,A0,A0,E0,0,0,2024,3,29,29,10,10,0,1516
20177,4591,A05,0,A00,A0,A0,E0,0,0,2024,3,288,283,71,76,-5,1730
20191,4591,A05,0,A00,A0,A0,E0,0,0,2024,3,,,,,,1178
20193,4591,A05,0,A00,A0,A0,E0,0,0,2024,3,,,,,,1441
20195,4591,A05,0,A00,A0,A0,E0,0,0,2024,3,,,0,0,,87
20209,4591,A05,0,A00,A0,A0,E0,0,0,2024,3,268,266,38,41,-3,1962
20,4591,A05,0,A00,A0,A0,E0,0,0,2024,3,5654,5528,1115,1241,-126,2020
20001,4591,A05,0,A00,A0,A0,E0,0,0,2024,4,,,,,,1119
20003,4591,A05,0,A00,A0,A0,E0,0,0,2024,4,,,0,0,,366
20005,4591,A05,0,A00,A0,A0,E0,0,0,2024,4,,,0,0,,801
20009,4591,A05,0,A00,A0,A0,E0,0,0,2024,4,,,,,,1416
20011,4591,A05,0,A00,A0,A0,E0,0,0,2024,4,,,,,,846
20013,4591,A05,0,A00,A0,A0,E0,0,0,2024,4,,0,0,,,621
20015,4591,A05,0,A00,A0,A0,E0,0,0,2024,4,,,,,,2333
20025,4591,A05,0,A00,A0,A0,E0,0,0,2024,4,,,0,0,,3203
20027,4591,A05,0,A00,A0,A0,E0,0,0,2024,4,,,0,0,,1690
20029,4591,A05,0,A00,A0,A0,E0,0,0,2024,4,,,,,,3029
20031,4591,A05,0,A00,A0,A0,E0,0,0,2024,4,,,0,0,,255
20035,4591,A05,0,A00,A0,A0,E0,0,0,2024,4,12,11,,2,-1,1449
20037,4591,A05,0,A00,A0,A0,E0,0,0,2024,4,27,28,5,4,1,2598
20039,4591,A05,0,A00,A0,A0,E0,0,0,2024,4,,,,,,909
20041,4591,A05,0,A00,A0,A0,E0,0,0,2024,4,,,0,0,,1351
20045,4591,A05,0,A00,A0,A0,E0,0,0,2024,4,249,257,48,39,9,2039
20049,4591,A05,0,A00,A0,A0,E0,0,0,2024,4,,,0,0,,2217
20051,4591,A05,0,A00,A0,A0,E0,0,0,2024,4,58,45,9,22,-13,1578
20055,4591,A05,0,A00,A0,A0,E0,0,0,2024,4,61,68,19,12,7,1764
20057,4591,A05,0,A00,A0,A0,E0,0,0,2024,4,,,,,,1690
20059,4591,A05,0,A00,A0,A0,E0,0,0,2024,4,,,,0,,880
20061,4591,A05,0,A00,A0,A0,E0,0,0,2024,4,,,,,,1536
20069,4591,A05,0,A00,A0,A0,E0,0,0,2024,4,,,0,,,477
20073,4591,A05,0,A00,A0,A0,E0,0,0,2024,4,,,,,,252
20079,4591,A05,0,A00,A0,A0,E0,0,0,2024,4,,,,0,,2851
20087,4591,A05,0,A00,A0,A0,E0,0,0,2024,4,,,,,,3076
20089,4591,A05,0,A00,A0,A0,E0,0,0,2024,4,,,0,0,,499
20091,4591,A05,0,A00,A0,A0,E0,0,0,2024,4,2213,2400,570,383,187,2312
20099,4591,A05,0,A00,A0,A0,E0,0,0,2024,4,,,,,,938
20103,4591,A05,0,A00,A0,A0,E0,0,0,2024,4,42,31,,13,-11,2265
20111,4591,A05,0,A00,A0,A0,E0,0,0,2024,4,58,63,14,10,5,1814
20113,4591,A05,0,A00,A0,A0,E0,0,0,2024,4,31,28,,4,-3,2290
20115,4591,A05,0,A00,A0,A0,E0,0,0,2024,4,,,0,0,,1201
20121,4591,A05,0,A00,A0,A0,E0,0,0,2024,4,25,27,5,3,2,2246
20125,4591,A05,0,A00,A0,A0,E0,0,0,2024,4,16,19,6,4,3,1159
20127,4591,A05,0,A00,A0,A0,E0,0,0,2024,4,0,0,,,0,
20129,4591,A05,0,A00,A0,A0,E0,0,0,2024,4,,,0,,,169
20131,4591,A05,0,A00,A0,A0,E0,0,0,2024,4,,,0,0,,4379
20133,4591,A05,0,A00,A0,A0,E0,0,0,2024,4,,,,,,1136
20139,4591,A05,0,A00,A0,A0,E0,0,0,2024,4,6,6,0,0,0,1132
20141,4591,A05,0,A00,A0,A0,E0,0,0,2024,4,,,,,,2970
20143,4591,A05,0,A00,A0,A0,E0,0,0,2024,4,,,0,,,759
20149,4591,A05,0,A00,A0,A0,E0,0,0,2024,4,82,85,26,23,3,2254
20151,4591,A05,0,A00,A0,A0,E0,0,0,2024,4,19,20,3,3,1,1020
20155,4591,A05,0,A00,A0,A0,E0,0,0,2024,4,66,74,21,13,8,2329
20157,4591,A05,0,A00,A0,A0,E0,0,0,2024,4,,,0,,,133
20159,4591,A05,0,A00,A0,A0,E0,0,0,2024,4,,,,,,1668
20161,4591,A05,0,A00,A0,A0,E0,0,0,2024,4,81,83,16,14,2,1694
20169,4591,A05,0,A00,A0,A0,E0,0,0,2024,4,116,127,39,29,11,2136
20173,4591,A05,0,A00,A0,A0,E0,0,0,2024,4,1578,1636,321,263,58,2171
20175,4591,A05,0,A00,A0,A0,E0,0,0,2024,4,29,37,14,7,8,1601
20177,4591,A05,0,A00,A0,A0,E0,0,0,2024,4,283,304,79,58,21,1840
20191,4591,A05,0,A00,A0,A0,E0,0,0,2024,4,,,,,,1796
20193,4591,A05,0,A00,A0,A0,E0,0,0,2024,4,,,,0,,1579
20195,4591,A05,0,A00,A0,A0,E0,0,0,2024,4,,0,0,,,87
20209,4591,A05,0,A00,A0,A0,E0,0,0,2024,4,266,287,74,53,21,1959
20,4591,A05,0,A00,A0,A0,E0,0,0,2024,4,5528,5843,1314,999,315,2142
20001,4591,A05,0,A00,A0,A0,E0,0,0,2025,1,,,,,,1195
20003,4591,A05,0,A00,A0,A0,E0,0,0,2025,1,,,0,0,,258
20005,4591,A05,0,A00,A0,A0,E0,0,0,2025,1,,,0,,,806
20009,4591,A05,0,A00,A0,A0,E0,0,0,2025,1,,,,,,1467
20011,4591,A05,0,A00,A0,A0,E0,0,0,2025,1,,0,,,,645
20013,4591,A05,0,A00,A0,A0,E0,0,0,2025,1,0,,,0,,
20015,4591,A05,0,A00,A0,A0,E0,0,0,2025,1,,,,,,2032
20021,4591,A05,0,A00,A0,A0,E0,0,0,2025,1,0,,,0,,
20025,4591,A05,0,A00,A0,A0,E0,0,0,2025,1,,,0,0,,2796
20027,4591,A05,0,A00,A0,A0,E0,0,0,2025,1,,,0,0,,1479
20029,4591,A05,0,A00,A0,A0,E0,0,0,2025,1,,,0,0,,2141
20031,4591,A05,0,A00,A0,A0,E0,0,0,2025,1,,,,0,,282
20035,4591,A05,0,A00,A0,A0,E0,0,0,2025,1,11,14,5,2,3,1402
20037,4591,A05,0,A00,A0,A0,E0,0,0,2025,1,28,24,3,6,-4,2405
20039,4591,A05,0,A00,A0,A0,E0,0,0,2025,1,,,0,0,,976
20041,4591,A05,0,A00,A0,A0,E0,0,0,2025,1,,,0,0,,1351
20045,4591,A05,0,A00,A0,A0,E0,0,0,2025,1,260,263,38,34,4,1719
20049,4591,A05,0,A00,A0,A0,E0,0,0,2025,1,,,0,0,,2225
20051,4591,A05,0,A00,A0,A0,E0,0,0,2025,1,45,49,6,3,3,1787
20055,4591,A05,0,A00,A0,A0,E0,0,0,2025,1,68,66,11,13,-2,1711
20057,4591,A05,0,A00,A0,A0,E0,0,0,2025,1,,,,,,1927
20059,4591,A05,0,A00,A0,A0,E0,0,0,2025,1,,,,0,,704
20061,4591,A05,0,A00,A0,A0,E0,0,0,2025,1,,,,,,1685
20069,4591,A05,0,A00,A0,A0,E0,0,0,2025,1,,,,,,708
20073,4591,A05,0,A00,A0,A0,E0,0,0,2025,1,,,0,0,,250
20079,4591,A05,0,A00,A0,A0,E0,0,0,2025,1,,,0,0,,1194
20087,4591,A05,0,A00,A0,A0,E0,0,0,2025,1,,,0,0,,2409
20089,4591,A05,0,A00,A0,A0,E0,0,0,2025,1,,,0,0,,618
20091,4591,A05,0,A00,A0,A0,E0,0,0,2025,1,2415,2348,331,398,-67,2229
20099,4591,A05,0,A00,A0,A0,E0,0,0,2025,1,,,,,,795
20103,4591,A05,0,A00,A0,A0,E0,0,0,2025,1,31,31,,,1,2590
20111,4591,A05,0,A00,A0,A0,E0,0,0,2025,1,63,59,7,11,-4,1492
20113,4591,A05,0,A00,A0,A0,E0,0,0,2025,1,28,25,,5,-3,1981
20115,4591,A05,0,A00,A0,A0,E0,0,0,2025,1,,,0,0,,730
20121,4591,A05,0,A00,A0,A0,E0,0,0,2025,1,27,23,0,4,-4,2175
20125,4591,A05,0,A00,A0,A0,E0,0,0,2025,1,19,20,5,4,1,1176
20129,4591,A05,0,A00,A0,A0,E0,0,0,2025,1,,,0,0,,344
20131,4591,A05,0,A00,A0,A0,E0,0,0,2025,1,,,0,0,,4000
20133,4591,A05,0,A00,A0,A0,E0,0,0,2025,1,,,,,,1075
20139,4591,A05,0,A00,A0,A0,E0,0,0,2025,1,6,7,,0,1,1123
20141,4591,A05,0,A00,A0,A0,E0,0,0,2025,1,,,0,0,,5143
20143,4591,A05,0,A00,A0,A0,E0,0,0,2025,1,,,0,0,,1243
20149,4591,A05,0,A00,A0,A0,E0,0,0,2025,1,85,83,17,19,-2,2140
20151,4591,A05,0,A00,A0,A0,E0,0,0,2025,1,20,18,3,5,-2,936
20155,4591,A05,0,A00,A0,A0,E0,0,0,2025,1,74,71,9,13,-4,1801
20157,4591,A05,0,A00,A0,A0,E0,0,0,2025,1,,,0,,,144
20159,4591,A05,0,A00,A0,A0,E0,0,0,2025,1,,,0,0,,1254
20161,4591,A05,0,A00,A0,A0,E0,0,0,2025,1,83,84,11,11,0,1636
20169,4591,A05,0,A00,A0,A0,E0,0,0,2025,1,127,121,14,19,-5,1967
20173,4591,A05,0,A00,A0,A0,E0,0,0,2025,1,1553,1491,169,231,-62,2206
20175,4591,A05,0,A00,A0,A0,E0,0,0,2025,1,37,34,4,7,-3,1258
20177,4591,A05,0,A00,A0,A0,E0,0,0,2025,1,303,297,39,45,-6,1748
20191,4591,A05,0,A00,A0,A0,E0,0,0,2025,1,,,,,,1251
20193,4591,A05,0,A00,A0,A0,E0,0,0,2025,1,,,0,,,1613
20209,4591,A05,0,A00,A0,A0,E0,0,0,2025,1,287,260,24,51,-27,1859
20,4591,A05,0,A00,A0,A0,E0,0,0,2025,1,5777,5593,733,917,-184,2070
20001,4591,A05,0,A00,A0,A0,E0,0,0,2025,2,,,,,,1332
20003,4591,A05,0,A00,A0,A0,E0,0,0,2025,2,,,0,0,,385
20005,4591,A05,0,A00,A0,A0,E0,0,0,2025,2,,,0,0,,1172
20009,4591,A05,0,A00,A0,A0,E0,0,0,2025,2,,,,,,1307
20013,4591,A05,0,A00,A0,A0,E0,0,0,2025,2,,,0,0,,1268
20015,4591,A05,0,A00,A0,A0,E0,0,0,2025,2,,,,,,2031
20021,4591,A05,0,A00,A0,A0,E0,0,0,2025,2,,,0,0,,4266
20025,4591,A05,0,A00,A0,A0,E0,0,0,2025,2,,,0,,,3845
20027,4591,A05,0,A00,A0,A0,E0,0,0,2025,2,,,,0,,484
20029,4591,A05,0,A00,A0,A0,E0,0,0,2025,2,,,0,0,,2876
20031,4591,A05,0,A00,A0,A0,E0,0,0,2025,2,,,0,0,,255
20035,4591,A05,0,A00,A0,A0,E0,0,0,2025,2,14,12,,3,-1,1337
20037,4591,A05,0,A00,A0,A0,E0,0,0,2025,2,,,,,,2540
20039,4591,A05,0,A00,A0,A0,E0,0,0,2025,2,,,,0,,1493
20041,4591,A05,0,A00,A0,A0,E0,0,0,2025,2,,,0,0,,1351
20045,4591,A05,0,A00,A0,A0,E0,0,0,2025,2,263,246,39,56,-17,1746
20049,4591,A05,0,A00,A0,A0,E0,0,0,2025,2,,,0,0,,2245
20051,4591,A05,0,A00,A0,A0,E0,0,0,2025,2,48,53,15,11,4,1761
20055,4591,A05,0,A00,A0,A0,E0,0,0,2025,2,66,58,11,20,-8,1615
20057,4591,A05,0,A00,A0,A0,E0,0,0,2025,2,,,,,,1687
20059,4591,A05,0,A00,A0,A0,E0,0,0,2025,2,,,,,,699
20061,4591,A05,0,A00,A0,A0,E0,0,0,2025,2,,,,,,1454
20069,4591,A05,0,A00,A0,A0,E0,0,0,2025,2,,,,0,,999
20073,4591,A05,0,A00,A0,A0,E0,0,0,2025,2,,,0,0,,285
20079,4591,A05,0,A00,A0,A0,E0,0,0,2025,2,,,0,0,,1437
20085,4591,A05,0,A00,A0,A0,E0,0,0,2025,2,0,,,0,,
20087,4591,A05,0,A00,A0,A0,E0,0,0,2025,2,,,,0,,3373
20089,4591,A05,0,A00,A0,A0,E0,0,0,2025,2,,,0,0,,704
20091,4591,A05,0,A00,A0,A0,E0,0,0,2025,2,2348,2281,456,523,-67,2189
20099,4591,A05,0,A00,A0,A0,E0,0,0,2025,2,,,,,,820
20103,4591,A05,0,A00,A0,A0,E0,0,0,2025,2,31,29,3,6,-3,2579
20111,4591,A05,0,A00,A0,A0,E0,0,0,2025,2,59,53,8,14,-6,1635
20113,4591,A05,0,A00,A0,A0,E0,0,0,2025,2,25,26,5,4,1,2115
20115,4591,A05,0,A00,A0,A0,E0,0,0,2025,2,,,0,,,957
20121,4591,A05,0,A00,A0,A0,E0,0,0,2025,2,23,24,,,0,2291
20125,4591,A05,0,A00,A0,A0,E0,0,0,2025,2,20,18,5,7,-3,1006
20129,4591,A05,0,A00,A0,A0,E0,0,0,2025,2,,,,,,436
20131,4591,A05,0,A00,A0,A0,E0,0,0,2025,2,,,,,,3897
20133,4591,A05,0,A00,A0,A0,E0,0,0,2025,2,,,,,,1281
20139,4591,A05,0,A00,A0,A0,E0,0,0,2025,2,7,7,0,0,0,1564
20141,4591,A05,0,A00,A0,A0,E0,0,0,2025,2,,,,,,3606
20143,4591,A05,0,A00,A0,A0,E0,0,0,2025,2,,,0,,,1174
20149,4591,A05,0,A00,A0,A0,E0,0,0,2025,2,83,90,27,20,7,2077
20151,4591,A05,0,A00,A0,A0,E0,0,0,2025,2,18,18,4,4,0,1011
20155,4591,A05,0,A00,A0,A0,E0,0,0,2025,2,71,73,15,13,2,2022
20157,4591,A05,0,A00,A0,A0,E0,0,0,2025,2,,,,0,,221
20159,4591,A05,0,A00,A0,A0,E0,0,0,2025,2,,,0,0,,1144
20161,4591,A05,0,A00,A0,A0,E0,0,0,2025,2,84,66,16,34,-18,1559
20169,4591,A05,0,A00,A0,A0,E0,0,0,2025,2,121,109,24,37,-12,1967
20173,4591,A05,0,A00,A0,A0,E0,0,0,2025,2,1491,1420,227,298,-70,2136
20175,4591,A05,0,A00,A0,A0,E0,0,0,2025,2,,,,,,1390
20177,4591,A05,0,A00,A0,A0,E0,0,0,2025,2,297,269,61,89,-28,1680
20191,4591,A05,0,A00,A0,A0,E0,0,0,2025,2,,,,,,1328
20193,4591,A05,0,A00,A0,A0,E0,0,0,2025,2,,,,,,1735
20195,4591,A05,0,A00,A0,A0,E0,0,0,2025,2,0,,,0,,
20209,4591,A05,0,A00,A0,A0,E0,0,0,2025,2,260,259,39,39,0,1938
20,4591,A05,0,A00,A0,A0,E0,0,0,2025,2,5592,5370,1011,1233,-222,2043
20001,4591,A05,0,A00,A0,A0,E0,0,0,2025,3,,,,,,1310
20003,4591,A05,0,A00,A0,A0,E0,0,0,2025,3,,,0,0,,296
20005,4591,A05,0,A00,A0,A0,E0,0,0,2025,3,,,,,,1260
20009,4591,A05,0,A00,A0,A0,E0,0,0,2025,3,,,,,,1199
20013,4591,A05,0,A00,A0,A0,E0,0,0,2025,3,,,0,0,,2294
20015,4591,A05,0,A00,A0,A0,E0,0,0,2025,3,,,,,,2154
20021,4591,A05,0,A00,A0,A0,E0,0,0,2025,3,,,0,0,,3648
20025,4591,A05,0,A00,A0,A0,E0,0,0,2025,3,,,,0,,2446
20027,4591,A05,0,A00,A0,A0,E0,0,0,2025,3,,,0,,,468
20029,4591,A05,0,A00,A0,A0,E0,0,0,2025,3,,,,,,2305
20031,4591,A05,0,A00,A0,A0,E0,0,0,2025,3,,,,,,297
20035,4591,A05,0,A00,A0,A0,E0,0,0,2025,3,12,13,,0,1,1530
20037,4591,A05,0,A00,A0,A0,E0,0,0,2025,3,,,,,,2628
20039,4591,A05,0,A00,A0,A0,E0,0,0,2025,3,,,0,,,1282
20041,4591,A05,0,A00,A0,A0,E0,0,0,2025,3,,,0,0,,1351
20045,4591,A05,0,A00,A0,A0,E0,0,0,2025,3,246,266,64,44,20,1825
20049,4591,A05,0,A00,A0,A0,E0,0,0,2025,3,,,0,,,2269
20051,4591,A05,0,A00,A0,A0,E0,0,0,2025,3,53,53,12,11,0,1440
20055,4591,A05,0,A00,A0,A0,E0,0,0,2025,3,58,59,16,14,2,1958
20057,4591,A05,0,A00,A0,A0,E0,0,0,2025,3,,,,,,1873
20059,4591,A05,0,A00,A0,A0,E0,0,0,2025,3,,,,,,980
20061,4591,A05,0,A00,A0,A0,E0,0,0,2025,3,,,,,,1683
20069,4591,A05,0,A00,A0,A0,E0,0,0,2025,3,,,0,,,1270
20073,4591,A05,0,A00,A0,A0,E0,0,0,2025,3,,,0,0,,288
20079,4591,A05,0,A00,A0,A0,E0,0,0,2025,3,,,0,0,,1383
20085,4591,A05,0,A00,A0,A0,E0,0,0,2025,3,,,,,,547
20087,4591,A05,0,A00,A0,A0,E0,0,0,2025,3,,,0,0,,2517
20089,4591,A05,0,A00,A0,A0,E0,0,0,2025,3,,,0,0,,728
20091,4591,A05,0,A00,A0,A0,E0,0,0,2025,3,2281,2300,542,522,20,2308
20099,4591,A05,0,A00,A0,A0,E0,0,0,2025,3,,,,,,945
20103,4591,A05,0,A00,A0,A0,E0,0,0,2025,3,29,39,13,3,10,2271
20111,4591,A05,0,A00,A0,A0,E0,0,0,2025,3,53,56,17,14,3,1812
20113,4591,A05,0,A00,A0,A0,E0,0,0,2025,3,26,23,,5,-3,2142
20115,4591,A05,0,A00,A0,A0,E0,0,0,2025,3,,,0,0,,876
20121,4591,A05,0,A00,A0,A0,E0,0,0,2025,3,24,23,0,,-1,2200
20125,4591,A05,0,A00,A0,A0,E0,0,0,2025,3,18,15,7,10,-3,1129
20129,4591,A05,0,A00,A0,A0,E0,0,0,2025,3,,,,0,,428
20131,4591,A05,0,A00,A0,A0,E0,0,0,2025,3,,,0,0,,2870
20133,4591,A05,0,A00,A0,A0,E0,0,0,2025,3,,,,,,1332
20139,4591,A05,0,A00,A0,A0,E0,0,0,2025,3,7,7,0,0,0,1371
20141,4591,A05,0,A00,A0,A0,E0,0,0,2025,3,,,0,,,5036
20143,4591,A05,0,A00,A0,A0,E0,0,0,2025,3,,,0,0,,2252
20149,4591,A05,0,A00,A0,A0,E0,0,0,2025,3,90,94,33,29,4,2068
20151,4591,A05,0,A00,A0,A0,E0,0,0,2025,3,18,18,7,7,0,1043
20155,4591,A05,0,A00,A0,A0,E0,0,0,2025,3,73,69,14,18,-4,1895
20157,4591,A05,0,A00,A0,A0,E0,0,0,2025,3,,,,,,260
20159,4591,A05,0,A00,A0,A0,E0,0,0,2025,3,,,,,,1700
20161,4591,A05,0,A00,A0,A0,E0,0,0,2025,3,66,71,17,12,5,1996
20169,4591,A05,0,A00,A0,A0,E0,0,0,2025,3,109,117,36,29,8,2114
20173,4591,A05,0,A00,A0,A0,E0,0,0,2025,3,1420,1379,240,281,-41,2167
20175,4591,A05,0,A00,A0,A0,E0,0,0,2025,3,,,,,,1358
20177,4591,A05,0,A00,A0,A0,E0,0,0,2025,3,269,275,73,66,6,1869
20191,4591,A05,0,A00,A0,A0,E0,0,0,2025,3,,,,,,1562
20193,4591,A05,0,A00,A0,A0,E0,0,0,2025,3,,,,,,2157
20195,4591,A05,0,A00,A0,A0,E0,0,0,2025,3,,0,0,,,29
20209,4591,A05,0,A00,A0,A0,E0,0,0,2025,3,260,243,38,55,-16,2060
20,4591,A05,0,A00,A0,A0,E0,0,0,2025,3,5370,5372,1189,1187,2,2132
20001,4591,A05,0,A00,A0,A0,E0,0,0,2025,4,,,,,,1161
20003,4591,A05,0,A00,A0,A0,E0,0,0,2025,4,,,0,,,263
20005,4591,A05,0,A00,A0,A0,E0,0,0,2025,4,,,0,,,1041
20009,4591,A05,0,A00,A0,A0,E0,0,0,2025,4,,,,,,1028
20013,4591,A05,0,A00,A0,A0,E0,0,0,2025,4,,,0,,,2137
20015,4591,A05,0,A00,A0,A0,E0,0,0,2025,4,,,,,,2548
20021,4591,A05,0,A00,A0,A0,E0,0,0,2025,4,,,0,,,3736
20025,4591,A05,0,A00,A0,A0,E0,0,0,2025,4,,,0,,,2254
20027,4591,A05,0,A00,A0,A0,E0,0,0,2025,4,,,0,,,1360
20029,4591,A05,0,A00,A0,A0,E0,0,0,2025,4,,,0,,,2477
20031,4591,A05,0,A00,A0,A0,E0,0,0,2025,4,,,0,,,285
20035,4591,A05,0,A00,A0,A0,E0,0,0,2025,4,13,,0,,,1628
20037,4591,A05,0,A00,A0,A0,E0,0,0,2025,4,,,,,,2903
20039,4591,A05,0,A00,A0,A0,E0,0,0,2025,4,,,0,,,1389
20041,4591,A05,0,A00,A0,A0,E0,0,0,2025,4,,,0,,,1351
20045,4591,A05,0,A00,A0,A0,E0,0,0,2025,4,266,,39,,,2079
20049,4591,A05,0,A00,A0,A0,E0,0,0,2025,4,,,0,,,2669
20051,4591,A05,0,A00,A0,A0,E0,0,0,2025,4,53,,6,,,1582
20055,4591,A05,0,A00,A0,A0,E0,0,0,2025,4,60,,17,,,1889
20057,4591,A05,0,A00,A0,A0,E0,0,0,2025,4,,,,,,1864
20059,4591,A05,0,A00,A0,A0,E0,0,0,2025,4,,,,,,692
20061,4591,A05,0,A00,A0,A0,E0,0,0,2025,4,,,,,,1431
20069,4591,A05,0,A00,A0,A0,E0,0,0,2025,4,,,0,,,1153
20073,4591,A05,0,A00,A0,A0,E0,0,0,2025,4,,,0,,,309
20079,4591,A05,0,A00,A0,A0,E0,0,0,2025,4,,,0,,,1700
20085,4591,A05,0,A00,A0,A0,E0,0,0,2025,4,,,0,,,622
20087,4591,A05,0,A00,A0,A0,E0,0,0,2025,4,,,,,,3097
20089,4591,A05,0,A00,A0,A0,E0,0,0,2025,4,,,0,,,686
20091,4591,A05,0,A00,A0,A0,E0,0,0,2025,4,2301,,536,,,2422
20099,4591,A05,0,A00,A0,A0,E0,0,0,2025,4,,,0,,,1016
20103,4591,A05,0,A00,A0,A0,E0,0,0,2025,4,39,,10,,,2070
20111,4591,A05,0,A00,A0,A0,E0,0,0,2025,4,56,,9,,,1849
20113,4591,A05,0,A00,A0,A0,E0,0,0,2025,4,23,,,,,2720
20115,4591,A05,0,A00,A0,A0,E0,0,0,2025,4,,,0,,,836
20121,4591,A05,0,A00,A0,A0,E0,0,0,2025,4,23,,4,,,2451
20125,4591,A05,0,A00,A0,A0,E0,0,0,2025,4,15,,,,,1292
20127,4591,A05,0,A00,A0,A0,E0,0,0,2025,4,0,,,,,
20129,4591,A05,0,A00,A0,A0,E0,0,0,2025,4,,,0,,,449
20131,4591,A05,0,A00,A0,A0,E0,0,0,2025,4,,,,,,3319
20133,4591,A05,0,A00,A0,A0,E0,0,0,2025,4,,,,,,1067
20139,4591,A05,0,A00,A0,A0,E0,0,0,2025,4,7,,0,,,1374
20141,4591,A05,0,A00,A0,A0,E0,0,0,2025,4,,,0,,,4609
20143,4591,A05,0,A00,A0,A0,E0,0,0,2025,4,,,0,,,2071
20149,4591,A05,0,A00,A0,A0,E0,0,0,2025,4,94,,29,,,2259
20151,4591,A05,0,A00,A0,A0,E0,0,0,2025,4,18,,3,,,1179
20155,4591,A05,0,A00,A0,A0,E0,0,0,2025,4,69,,12,,,2333
20157,4591,A05,0,A00,A0,A0,E0,0,0,2025,4,,,,,,210
20159,4591,A05,0,A00,A0,A0,E0,0,0,2025,4,,,0,,,1613
20161,4591,A05,0,A00,A0,A0,E0,0,0,2025,4,71,,18,,,1696
20169,4591,A05,0,A00,A0,A0,E0,0,0,2025,4,117,,29,,,2186
20173,4591,A05,0,A00,A0,A0,E0,0,0,2025,4,1380,,279,,,2336
20175,4591,A05,0,A00,A0,A0,E0,0,0,2025,4,,,,,,1603
20177,4591,A05,0,A00,A0,A0,E0,0,0,2025,4,275,,65,,,1998
20191,4591,A05,0,A00,A0,A0,E0,0,0,2025,4,,,,,,1637
20193,4591,A05,0,A00,A0,A0,E0,0,0,2025,4,,,,,,2013
20209,4591,A05,0,A00,A0,A0,E0,0,0,2025,4,243,,80,,,2065
20,4591,A05,0,A00,A0,A0,E0,0,0,2025,4,5373,,1172,,,2256
