ts,url,status
20250809110830,https://dickssportinggoods.wd1.myworkdayjobs.com/DSG/job/00490-Plainfield-DC/Janitor---2nd-Shift_202508365-1/apply,200
20260615013905,https://dickssportinggoods.wd1.myworkdayjobs.com/DSG/job/00490-Plainfield-DC/Specialized-Equipment-Operator--2nd-shift_202606687/apply,200
20260315081053,https://dickssportinggoods.wd1.myworkdayjobs.com/DSG/job/00490-Plainfield-DC/Warehouse-Associate---Weekend-Shift_202518707/apply,200
20260310095256,https://dickssportinggoods.wd1.myworkdayjobs.com/DSG/job/00580-Conklin-DC/Janitor---1C_202601747/apply,200
20260315074202,https://dickssportinggoods.wd1.myworkdayjobs.com/DSG/job/00580-Conklin-DC/Janitor---2B_202600527/apply,200
20260208040443,https://dickssportinggoods.wd1.myworkdayjobs.com/DSG/job/00580-Conklin-DC/Maintenance-Tech-I---2B_202516861/apply,200
20260515170826,https://dickssportinggoods.wd1.myworkdayjobs.com/DSG/job/00580-Conklin-DC/Maintenance-Tech-II---2B_202605442/apply,200
20260615022048,https://dickssportinggoods.wd1.myworkdayjobs.com/DSG/job/00580-Conklin-DC/Specialized-Equipment-Operator---Conklin-DC_202606914/apply,200
20260214043730,https://dickssportinggoods.wd1.myworkdayjobs.com/DSG/job/00580-Conklin-DC/Supervisor-of-Distribution-II---2B---Conveyable_202518874/apply,200
20260515174327,https://dickssportinggoods.wd1.myworkdayjobs.com/DSG/job/00580-Conklin-DC/Warehouse-Associate---Conklin-DC_202602714/apply,200
20250713143224,https://dickssportinggoods.wd1.myworkdayjobs.com/DSG/job/00580-Conklin-DC/Warehouse-Associate_202501888/apply,200
20260208043830,https://dickssportinggoods.wd1.myworkdayjobs.com/DSG/job/00630-Atlanta-DC/Assistant-Maintenance-Manager---Distribution-Center_202518681/apply,200
20260214052411,https://dickssportinggoods.wd1.myworkdayjobs.com/DSG/job/00630-Atlanta-DC/Breakpack-Group-Lead--1C-shift_202600402/apply,200
20260515171045,https://dickssportinggoods.wd1.myworkdayjobs.com/DSG/job/00630-Atlanta-DC/Maintenance-Tech-I---2nd-shift_202602630/apply,200
20260208053532,https://dickssportinggoods.wd1.myworkdayjobs.com/DSG/job/00630-Atlanta-DC/Maintenance-Tech-I--2nd-shift_202513414/apply,200
20241123033951,https://dickssportinggoods.wd1.myworkdayjobs.com/DSG/job/00640-Goodyear-DC/Manager-of-Maintenance--Distribution-Center_202418136,200
20260515162719,https://dickssportinggoods.wd1.myworkdayjobs.com/DSG/job/00640-Goodyear-DC/Quality-Control-Teammate-1B-shift_202605472/apply,200
20260214045749,https://dickssportinggoods.wd1.myworkdayjobs.com/DSG/job/01350-Fort-Worth-DC/Warehouse-Interview-Event---Ft-Worth_202519633/apply,200
20260310100352,https://dickssportinggoods.wd1.myworkdayjobs.com/DSG/job/05029-Conklin-MFC/Group-Lead---1A---Loss-Prevention_202601476/apply,200
20260315085036,https://dickssportinggoods.wd1.myworkdayjobs.com/DSG/job/05029-Conklin-MFC/Maintenance-Tech-I---1B_202601480/apply,200
20260310094415,https://dickssportinggoods.wd1.myworkdayjobs.com/DSG/job/05029-Conklin-MFC/Supervisor-of-Distribution-II---1A---Auto-Store-VAS_202518879/apply,200
20260414212059,https://dickssportinggoods.wd1.myworkdayjobs.com/DSG/job/05029-Conklin-MFC/Warehouse-Associate---Conklin-DC_202602714/apply,200
20260214041210,https://dickssportinggoods.wd1.myworkdayjobs.com/DSG/job/06084-AD-Starr-Admin/Associate-Buyer---AD-STARR_202517976/apply,200
20260214052737,https://dickssportinggoods.wd1.myworkdayjobs.com/DSG/job/06084-AD-Starr-Admin/Sales-Operations-Coordinator--AD-STARR--Seasonal-_202600102/apply,200
20260515164914,https://dickssportinggoods.wd1.myworkdayjobs.com/DSG/job/CSC-Office---New-York/Director-of-Sales---Core-Non-Endemics_202603665/apply,200
20260615015428,https://dickssportinggoods.wd1.myworkdayjobs.com/DSG/job/Customer-Support-Center/Analyst---Floor-Planning--Outdoor-Equipment_202606364/apply,200
20260202061320,https://dickssportinggoods.wd1.myworkdayjobs.com/DSG/job/Customer-Support-Center/Analyst---Floor-Planning_202600240/apply,200
20260202061320,https://dickssportinggoods.wd1.myworkdayjobs.com/DSG/job/Customer-Support-Center/Analyst---Floor-Planning_202600240/apply?_ccid=1769032597735stdxr3au9&source=LinkedIn-JobBoard,200
20260121215642,https://dickssportinggoods.wd1.myworkdayjobs.com/DSG/job/Customer-Support-Center/Analyst---Floor-Planning_202600240?source=LinkedIn-JobBoard&_ccid=1769032597735stdxr3au9,200
20260315073510,https://dickssportinggoods.wd1.myworkdayjobs.com/DSG/job/Customer-Support-Center/Analyst---Floor-Planning_202601401/apply,200
20260310093113,https://dickssportinggoods.wd1.myworkdayjobs.com/DSG/job/Customer-Support-Center/Analyst---Omni-Strategy_202600491/apply,200
20260615012743,https://dickssportinggoods.wd1.myworkdayjobs.com/DSG/job/Customer-Support-Center/Analyst--Global-Risk-Management---Risk-Finance_202606609/apply,200
20260310100230,https://dickssportinggoods.wd1.myworkdayjobs.com/DSG/job/Customer-Support-Center/Apparel-Color-Specialist_202600152/apply,200
20260515161801,https://dickssportinggoods.wd1.myworkdayjobs.com/DSG/job/Customer-Support-Center/Assistant-Print---Textile-Designer_202604136-1/apply,200
20240315071918,https://dickssportinggoods.wd1.myworkdayjobs.com/DSG/job/Customer-Support-Center/Assistant-Sourcing---PD-Manager_202404088/apply,-
20260615024330,https://dickssportinggoods.wd1.myworkdayjobs.com/DSG/job/Customer-Support-Center/Associate--Visual-Merchandising---House-of-Sport_202606679/apply,200
20260615015051,https://dickssportinggoods.wd1.myworkdayjobs.com/DSG/job/Customer-Support-Center/Associate-Buyer---Golf-Footwear---Accessories_202606748/apply,200
20260208043614,https://dickssportinggoods.wd1.myworkdayjobs.com/DSG/job/Customer-Support-Center/Associate-Buyer_202600243/apply,200
20260515163143,https://dickssportinggoods.wd1.myworkdayjobs.com/DSG/job/Customer-Support-Center/Associate-Inventory-Planner---Clearance-Optimization_202603718/apply,200
20260214044125,https://dickssportinggoods.wd1.myworkdayjobs.com/DSG/job/Customer-Support-Center/Associate-Inventory-Planner---Clr-Opt_202517000/apply,200
20260615015342,https://dickssportinggoods.wd1.myworkdayjobs.com/DSG/job/Customer-Support-Center/Associate-Inventory-Planner-Golf-Softlines_202606487/apply,200
20260615012639,https://dickssportinggoods.wd1.myworkdayjobs.com/DSG/job/Customer-Support-Center/Associate-Inventory-Planner-Outdoor-Apparel_202606341/apply,200
20260315082130,https://dickssportinggoods.wd1.myworkdayjobs.com/DSG/job/Customer-Support-Center/Athlete-Order-Coordinator_202601377/apply,200
20260615013629,https://dickssportinggoods.wd1.myworkdayjobs.com/DSG/job/Customer-Support-Center/Audit-Administrator_202606022/apply,200
20240315072206,https://dickssportinggoods.wd1.myworkdayjobs.com/DSG/job/Customer-Support-Center/Business-Development-Assistant--Core-Camping_202401992/apply,-
20240315072150,https://dickssportinggoods.wd1.myworkdayjobs.com/DSG/job/Customer-Support-Center/Business-Development-Assistant_202403959/apply,-
20240315072221,https://dickssportinggoods.wd1.myworkdayjobs.com/DSG/job/Customer-Support-Center/Business-Development-Associate_202404022/apply,-
20260615014954,https://dickssportinggoods.wd1.myworkdayjobs.com/DSG/job/Customer-Support-Center/Category-Sourcing-Manager---Tech---eCommerce_202606820/apply,200
20260214052157,https://dickssportinggoods.wd1.myworkdayjobs.com/DSG/job/Customer-Support-Center/Design-Admin--Vertical-Brands-_202519555/apply,200
20260615014915,https://dickssportinggoods.wd1.myworkdayjobs.com/DSG/job/Customer-Support-Center/Designer--Calia-_202606441/apply,200
20240315072236,https://dickssportinggoods.wd1.myworkdayjobs.com/DSG/job/Customer-Support-Center/Designer--Men-s-Golf_202404194/apply,-
20260214052137,https://dickssportinggoods.wd1.myworkdayjobs.com/DSG/job/Customer-Support-Center/Digital-Editor---DICK-S-Media-Network---In-Store-Creative_202519409-1/apply,200
20260414214131,https://dickssportinggoods.wd1.myworkdayjobs.com/DSG/job/Customer-Support-Center/Director---Category-Marketing_202603216/apply,200
20260214051938,https://dickssportinggoods.wd1.myworkdayjobs.com/DSG/job/Customer-Support-Center/Director-Corporate-Counsel---Real-Estate_202518534/apply,200
20260515173734,https://dickssportinggoods.wd1.myworkdayjobs.com/DSG/job/Customer-Support-Center/Director-of-Global-Compliance_202517810/apply,200
20260515164816,https://dickssportinggoods.wd1.myworkdayjobs.com/DSG/job/Customer-Support-Center/Facilities-Manager---Capital---Special-Projects_202605415/apply,200
20260214050640,https://dickssportinggoods.wd1.myworkdayjobs.com/DSG/job/Customer-Support-Center/Fast-Reaction-Manager_202519049/apply,200
20260315084221,https://dickssportinggoods.wd1.myworkdayjobs.com/DSG/job/Customer-Support-Center/Lead-Analytics-Engineer--REMOTE-_202514252/apply,200
20250809121718,https://dickssportinggoods.wd1.myworkdayjobs.com/DSG/job/Customer-Support-Center/Manager---Allocations---Replenishment---Outdoor-Apparel_202508922/apply,200
20250318201953,https://dickssportinggoods.wd1.myworkdayjobs.com/DSG/job/Customer-Support-Center/Manager---Credit-Experience---Brand-Marketing_202418216,200
20250216092029,https://dickssportinggoods.wd1.myworkdayjobs.com/DSG/job/Customer-Support-Center/Manager---Credit-Experience---Brand-Marketing_202418216?_ccid=1731692114471oglqduync,200
20260615012943,https://dickssportinggoods.wd1.myworkdayjobs.com/DSG/job/Customer-Support-Center/Manager---Omni-channel-Sales-Audit_202606633/apply,200
20250216084117,https://dickssportinggoods.wd1.myworkdayjobs.com/DSG/job/Customer-Support-Center/Manager--Change-Management---Communication_202404771-1,200
20260515170402,https://dickssportinggoods.wd1.myworkdayjobs.com/DSG/job/Customer-Support-Center/Manager-of-Space-Management---Store-Capacity_202603363/apply,200
20260615010834,https://dickssportinggoods.wd1.myworkdayjobs.com/DSG/job/Customer-Support-Center/Merchandise-Planner---Licensed--MLB-_202607016-1/apply,200
20240315071750,https://dickssportinggoods.wd1.myworkdayjobs.com/DSG/job/Customer-Support-Center/Principal--Program-Management---Athlete-Experience--REMOTE-_202404144/apply,-
20260615012843,https://dickssportinggoods.wd1.myworkdayjobs.com/DSG/job/Customer-Support-Center/Procurement-Analyst---Fixture-Equipment_202606398/apply,200
20241005010627,https://dickssportinggoods.wd1.myworkdayjobs.com/DSG/job/Customer-Support-Center/Product-Designer-II---Secured-Athlete---REMOTE-_202416658,200
20260208050523,https://dickssportinggoods.wd1.myworkdayjobs.com/DSG/job/Customer-Support-Center/Project-Manager---Distribution--Engineering-and-Administration-_202600090/apply,200
20260615020904,https://dickssportinggoods.wd1.myworkdayjobs.com/DSG/job/Customer-Support-Center/Recruiter---Technology_202606767/apply,200
20260310101632,https://dickssportinggoods.wd1.myworkdayjobs.com/DSG/job/Customer-Support-Center/Retail-Business-Associate_202603284,200
20260315083446,https://dickssportinggoods.wd1.myworkdayjobs.com/DSG/job/Customer-Support-Center/Senior-Financial-Analyst---eCommerce-Merch_202517863-1/apply,200
20250713141728,https://dickssportinggoods.wd1.myworkdayjobs.com/DSG/job/Customer-Support-Center/Senior-Financial-Analyst---Field-Support--Sales-and-Profit-_202503707/apply,200
20260615015756,https://dickssportinggoods.wd1.myworkdayjobs.com/DSG/job/Customer-Support-Center/Senior-Financial-Analyst---Fuel-for-Growth_202602351/apply,200
20260615021345,https://dickssportinggoods.wd1.myworkdayjobs.com/DSG/job/Customer-Support-Center/Senior-Implementation-Project-Manager_202604728/apply,200
20260615021411,https://dickssportinggoods.wd1.myworkdayjobs.com/DSG/job/Customer-Support-Center/Senior-Manager---Internal-Audit_202515347/apply,200
20260208051807,https://dickssportinggoods.wd1.myworkdayjobs.com/DSG/job/Customer-Support-Center/Senior-Manager--Enterprise-Transformation_202511715/apply,200
20250216081949,https://dickssportinggoods.wd1.myworkdayjobs.com/DSG/job/Customer-Support-Center/Senior-Manager--Loyalty-Planning---Operations_202416681,200
20260515171422,https://dickssportinggoods.wd1.myworkdayjobs.com/DSG/job/Customer-Support-Center/Senior-Real-Estate-Development-Analyst_202603206/apply,200
20251118042328,https://dickssportinggoods.wd1.myworkdayjobs.com/dsg/job/customer-support-center/senior-software-engineer---remote_202515659,200
20260214045523,https://dickssportinggoods.wd1.myworkdayjobs.com/DSG/job/Customer-Support-Center/Senior-Strategic-Sourcing-Analyst---Tech---eCommerce--Prof-Services-_202519707/apply,200
20260615015509,https://dickssportinggoods.wd1.myworkdayjobs.com/DSG/job/Customer-Support-Center/Sr-Manager---Integrated-Sponsorship-Strategy---Marketing_202606103/apply,200
20260615015859,https://dickssportinggoods.wd1.myworkdayjobs.com/DSG/job/Customer-Support-Center/Sr-Manager-of-Sourcing-and-Product-Development--Softlines_202606878/apply,200
20240315072217,https://dickssportinggoods.wd1.myworkdayjobs.com/DSG/job/Customer-Support-Center/Staff-Designer---Industrial-Design_202402631-1/apply,-
20260214042544,https://dickssportinggoods.wd1.myworkdayjobs.com/DSG/job/Customer-Support-Center/Staff-Industrial-Designer_202510454/apply,200
20260124003052,https://dickssportinggoods.wd1.myworkdayjobs.com/DSG/job/Customer-Support-Center/Systems-Admin---Master-Data_202413476?_ccid=172339232537708b1pbyb8,200
20260615012408,https://dickssportinggoods.wd1.myworkdayjobs.com/DSG/job/Customer-Support-Center/Teammate-Relations-Specialist_202603257-1/apply,200
20250216093131,https://dickssportinggoods.wd1.myworkdayjobs.com/DSG/job/Customer-Support-Center/Technical-Design-Admin_202319983,200
20240315071941,https://dickssportinggoods.wd1.myworkdayjobs.com/DSG/job/Customer-Support-Center/Technical-Design-Admin_202319983/apply,-
20240315071400,https://dickssportinggoods.wd1.myworkdayjobs.com/DSG/job/Customer-Support-Center/Technician-II---Asset-and-Facilities_202402709-1/apply,-
20260315073111,https://dickssportinggoods.wd1.myworkdayjobs.com/DSG/job/Customer-Support-Center/Vendor-Relations-Representative_202601313/apply,200
20260208044554,https://dickssportinggoods.wd1.myworkdayjobs.com/DSG/job/Customer-Support-Center/Visual-Merchandising---Associate_202519795/apply,200
20251118043007,https://dickssportinggoods.wd1.myworkdayjobs.com/dsg/job/remote---massachusetts/area-field-sales-manager--boston_202516706-1,200
20260615015825,https://dickssportinggoods.wd1.myworkdayjobs.com/DSG/job/Remote---Massachusetts/Field-Marketing-Manager---Boston-Metro--NH----ME--REMOTE-_202604910/apply,200
20260615015144,https://dickssportinggoods.wd1.myworkdayjobs.com/DSG/job/Remote---Ohio/Field-Marketing-Manager---Columbus---Cleveland--REMOTE-_202604909/apply,200
20260114144305,https://dickssportinggoods.wd1.myworkdayjobs.com/DSG/job/Remote---Pennsylvania/Manager--Analytics---Retail-Media-Network--REMOTE-_202518770,200
20260208052123,https://dickssportinggoods.wd1.myworkdayjobs.com/DSG/job/Remote---Pennsylvania/Manager--Analytics---Retail-Media-Network--REMOTE-_202518770/apply,200
20260110064635,https://dickssportinggoods.wd1.myworkdayjobs.com/dsg/job/remote---pennsylvania/manager-of-monetization-strategy--remote-_202519745,200
20260123222541,https://dickssportinggoods.wd1.myworkdayjobs.com/DSG/job/Remote---Pennsylvania/Senior-Copywriter---Marketing-Creative_202510135,200
20251205175042,https://dickssportinggoods.wd1.myworkdayjobs.com/DSG/job/Remote---Pennsylvania/Senior-Copywriter---Marketing-Creative_202510135?source=LinkedIn-JobBoard&_ccid=17592400171893eobf0pbg,200
20250809124030,https://dickssportinggoods.wd1.myworkdayjobs.com/dsg/job/remote---pennsylvania/senior-copywriter---marketing-creative_202510135?utm_id=3609203&utm_source=Remote+Jobs+Ninja+%F0%9F%90%B1%E2%80%8D%F0%9F%91%A4,200
20250522055547,https://dickssportinggoods.wd1.myworkdayjobs.com/dsg/job/remote---pennsylvania/seo-content-specialist--remote-_202505256,200
20250522063441,https://dickssportinggoods.wd1.myworkdayjobs.com/dsg/job/Remote---Pennsylvania/SEO-Specialist--REMOTE-_202504383,200
20250208215208,https://dickssportinggoods.wd1.myworkdayjobs.com/DSG/job/Remote---US/ADP---Enterprise-Analyst_202410716,200
20251118050927,https://dickssportinggoods.wd1.myworkdayjobs.com/dsg/job/remote---us/analyst--audience-strategy_202515113,200
20250607020954,https://dickssportinggoods.wd1.myworkdayjobs.com/DSG/job/Remote---US/Analytics-Engineering-Manager--REMOTE-_202509111,200
20250713142914,https://dickssportinggoods.wd1.myworkdayjobs.com/DSG/job/Remote---US/Analytics-Engineering-Manager--REMOTE-_202509111/apply,200
20251118043140,https://dickssportinggoods.wd1.myworkdayjobs.com/dsg/job/remote---us/area-field-sales-manager---metro-new-york_202501706,200
20260210121611,https://dickssportinggoods.wd1.myworkdayjobs.com/dsg/job/remote---us/content-creator--remote-_202601761,200
20240315071535,https://dickssportinggoods.wd1.myworkdayjobs.com/DSG/job/Remote---US/Cybersecurity-Engineer-II--REMOTE-_202403363/apply,-
20240327023927,https://dickssportinggoods.wd1.myworkdayjobs.com/DSG/job/Remote---US/Data-Engineering-Manager--REMOTE-_202404288/apply,-
20251008190726,https://dickssportinggoods.wd1.myworkdayjobs.com/DSG/job/Remote---US/Digital-Loss-Prevention-Reviewer--REMOTE-_202411688,200
20241208174127,https://dickssportinggoods.wd1.myworkdayjobs.com/DSG/job/Remote---US/Digital-Loss-Prevention-Reviewer--REMOTE-_202411688?source=Appcast_IndeedO&_ccid=1721730453053eaxz7iiz2&ittk=4YOQTPEEAR,200
20250713150153,https://dickssportinggoods.wd1.myworkdayjobs.com/DSG/job/Remote---US/Digital-Loss-Prevention-Reviewer--REMOTE-_202509908,200
20260107131346,https://dickssportinggoods.wd1.myworkdayjobs.com/DSG/job/Remote---US/Director--Corporate-Counsel---California-Employment-Attorney_202518814,200
20251118041714,https://dickssportinggoods.wd1.myworkdayjobs.com/dsg/job/remote---us/director--engineering---tech-ops---support--remote-_202517353,200
20260123235903,https://dickssportinggoods.wd1.myworkdayjobs.com/dsg/job/remote---us/director--media-execution--remote-_202519390,200
20250506071832,https://dickssportinggoods.wd1.myworkdayjobs.com/dsg/job/remote---us/director--portfolio---program-management--athlete-experience_202418593,200
20260123124003,https://dickssportinggoods.wd1.myworkdayjobs.com/DSG/job/Remote---US/Director-of-Engineering---eCommerce--REMOTE-_202600406,200
20250403180544,https://dickssportinggoods.wd1.myworkdayjobs.com/DSG/job/Remote---US/Director-of-Sales---DICK-S-Media-Network_202504801/apply,200
20250713143705,https://dickssportinggoods.wd1.myworkdayjobs.com/dsg/job/Remote---US/District-Manager---Golf-Galaxy-Central_202507341,200
20250713131647,https://dickssportinggoods.wd1.myworkdayjobs.com/DSG/job/Remote---US/Engineering-Manager---eCommerce--REMOTE-_202503759,200
20250522053630,https://dickssportinggoods.wd1.myworkdayjobs.com/DSG/job/Remote---US/Engineering-Manager---eCommerce--REMOTE-_202503759/apply,200
20260414210604,https://dickssportinggoods.wd1.myworkdayjobs.com/DSG/job/Remote---US/Engineering-Manager---Merchandising-Technology_202602521,200
20260414222602,https://dickssportinggoods.wd1.myworkdayjobs.com/DSG/job/Remote---US/Engineering-Manager---Product-Development---Vertical-Brands--REMOTE-_202602520,200
20240315071345,https://dickssportinggoods.wd1.myworkdayjobs.com/DSG/job/Remote---US/Enterprise-Technology-Portfolio-Senior-Manager--REMOTE-_202402098/apply,-
20260107131345,https://dickssportinggoods.wd1.myworkdayjobs.com/DSG/job/Remote---US/Golf-Trusted-Advisor--REMOTE-_202519492,200
20260615011339,https://dickssportinggoods.wd1.myworkdayjobs.com/DSG/job/Remote---US/Golf-Trusted-Advisor--REMOTE-_202606256-1/apply,200
20240315071435,https://dickssportinggoods.wd1.myworkdayjobs.com/DSG/job/Remote---US/GRC-Analyst-II--REMOTE-_202402877/apply,-
20231203220502,https://dickssportinggoods.wd1.myworkdayjobs.com/DSG/job/Remote---US/Group-Product-Designer---Search---Discovery_202313897/apply?src=11663,303
20260116084408,https://dickssportinggoods.wd1.myworkdayjobs.com/DSG/job/Remote---US/Group-Product-Manager---Business-Intelligence--Athlete-Data---Analytics---REMOTE-_202514911,200
20260106185525,https://dickssportinggoods.wd1.myworkdayjobs.com/DSG/job/Remote---US/Group-Product-Manager---In-Store-Services--Experiences----Performance---REMOTE-_202518626,200
20240315071906,https://dickssportinggoods.wd1.myworkdayjobs.com/DSG/job/Remote---US/Group-Product-Manager---Omni-Fulfillment---REMOTE-_202402971/apply,-
20240315071340,https://dickssportinggoods.wd1.myworkdayjobs.com/DSG/job/Remote---US/Group-Product-Manager---Store-Technology--REMOTE-_202402228/apply,-
20260110131227,https://dickssportinggoods.wd1.myworkdayjobs.com/dsg/job/remote---us/lead-data---insights-analyst---operations--remote-_202518913,200
20240315071830,https://dickssportinggoods.wd1.myworkdayjobs.com/DSG/job/Remote---US/Lead-Data-Engineer---Enterprise-Data--REMOTE-_202300975/apply,-
20241002212807,https://dickssportinggoods.wd1.myworkdayjobs.com/DSG/job/Remote---US/Lead-Data-Engineer_202416502,200
20260107131344,https://dickssportinggoods.wd1.myworkdayjobs.com/DSG/job/Remote---US/Lead-Data-Scientist--Search--REMOTE-_202511243,200
20240526041214,https://dickssportinggoods.wd1.myworkdayjobs.com/DSG/job/Remote---US/Lead-Marketing-Analyst-Role--REMOTE-_202406284,200
20240919015126,https://dickssportinggoods.wd1.myworkdayjobs.com/DSG/job/Remote---US/Lead-Software-Engineer---Loyalty--REMOTE-_202405327,200
20250119001403,https://dickssportinggoods.wd1.myworkdayjobs.com/DSG/job/Remote---US/Lead-Software-Engineer---Loyalty--REMOTE-_202405327?_ccid=172339232537708b1pbyb8,200
20240303172933,https://dickssportinggoods.wd1.myworkdayjobs.com/DSG/job/Remote---US/Lead-Software-Engineer---Merchandising-Technology--REMOTE-_202317404/apply,-
20260625191018,https://dickssportinggoods.wd1.myworkdayjobs.com/DSG/job/Remote---US/Lead-Software-Engineer---Merchandising-Technology--REMOTE-_202603675,200
20260615015621,https://dickssportinggoods.wd1.myworkdayjobs.com/DSG/job/Remote---US/Lead-Software-Engineer---Merchandising-Technology--REMOTE-_202603675/apply,200
20260625191017,https://dickssportinggoods.wd1.myworkdayjobs.com/DSG/job/Remote---US/Lead-Software-Engineer---Merchandising-Technology--REMOTE-_202603675/apply?_ccid=17824145499838d5bo6zuq,200
20260625191017,https://dickssportinggoods.wd1.myworkdayjobs.com/DSG/job/Remote---US/Lead-Software-Engineer---Merchandising-Technology--REMOTE-_202603675?_ccid=17824145499838d5bo6zuq,200
20260625191005,https://dickssportinggoods.wd1.myworkdayjobs.com/DSG/job/Remote---US/Lead-Software-Engineer---Merchandising-Technology--REMOTE-_202603675?source=LinkedIn-JobBoard&_ccid=17824145499838d5bo6zuq,200
20251118035724,https://dickssportinggoods.wd1.myworkdayjobs.com/dsg/job/remote---us/lead-software-engineer---mobile-ios--remote-_202517017,200
20251118045615,https://dickssportinggoods.wd1.myworkdayjobs.com/DSG/job/Remote---US/Lead-Software-Engineer---Mobile-iOS--REMOTE-_202517017/apply,200
20250505105244,https://dickssportinggoods.wd1.myworkdayjobs.com/DSG/job/Remote---US/Lead-Software-Engineer---Pricing--REMOTE-_202503751,200
20251205170934,https://dickssportinggoods.wd1.myworkdayjobs.com/DSG/job/Remote---US/Lead-Software-Engineer---Pricing--REMOTE-_202518479,200
20260615022354,https://dickssportinggoods.wd1.myworkdayjobs.com/DSG/job/Remote---US/Lead-Software-Engineer---Salesforce--DICK-s-Media--REMOTE-_202604125/apply,200
20250713141641,https://dickssportinggoods.wd1.myworkdayjobs.com/DSG/job/Remote---US/Lead-Software-Engineer---Search---Relevance--REMOTE-_202507440/apply,200
20260214050758,https://dickssportinggoods.wd1.myworkdayjobs.com/DSG/job/Remote---US/Lead-Software-Engineer---Search---Relevance--REMOTE-_202519367-1/apply,200
20240315071248,https://dickssportinggoods.wd1.myworkdayjobs.com/DSG/job/Remote---US/Lead-Software-Engineer--Payments--Remote-_202318443/apply,-
20260615025102,https://dickssportinggoods.wd1.myworkdayjobs.com/DSG/job/Remote---US/Manager--Assistant-Corporate-Counsel---Corporate-Governance---Securities_202606698/apply,200
20260615022128,https://dickssportinggoods.wd1.myworkdayjobs.com/DSG/job/Remote---US/Manager-Cybersecurity-Engineering---Data---AI--REMOTE-_202605494/apply,200
20251214235048,https://dickssportinggoods.wd1.myworkdayjobs.com/DSG/job/Remote---US/Manager-of-Construction-Projects---Field-House---Specialty_202517529,200
20251118031640,https://dickssportinggoods.wd1.myworkdayjobs.com/dsg/job/remote---us/manager-of-construction-projects_202516736,200
20260623024359,https://dickssportinggoods.wd1.myworkdayjobs.com/DSG/job/Remote---US/Marketing-Media-Reporting-Analyst_202600112,200
20260623024204,https://dickssportinggoods.wd1.myworkdayjobs.com/DSG/job/Remote---US/Marketing-Media-Reporting-Analyst_202600112/apply,200
20260623024149,https://dickssportinggoods.wd1.myworkdayjobs.com/DSG/job/Remote---US/Marketing-Media-Reporting-Analyst_202600112/apply?_ccid=1778207634203dbttiq9gz,200
20260623024151,https://dickssportinggoods.wd1.myworkdayjobs.com/DSG/job/Remote---US/Marketing-Media-Reporting-Analyst_202600112?_ccid=1778207634203dbttiq9gz,200
20260623024131,https://dickssportinggoods.wd1.myworkdayjobs.com/DSG/job/Remote---US/Marketing-Media-Reporting-Analyst_202600112?source=LinkedIn-JobBoard&_ccid=1778207634203dbttiq9gz,200
20260208052029,https://dickssportinggoods.wd1.myworkdayjobs.com/DSG/job/Remote---US/People-Data-Lead--REMOTE-_202518523-1/apply,200
20251128180726,https://dickssportinggoods.wd1.myworkdayjobs.com/DSG/job/Remote---US/Principal-Graphic-Designer_202510858?source=LinkedIn-JobBoard&_ccid=176435324562094d35z04f,200
20260228134802,https://dickssportinggoods.wd1.myworkdayjobs.com/DSG/job/Remote---US/Principal-Product-Designer---Loyalty---Credit---REMOTE-_202601254,200
20240303172932,https://dickssportinggoods.wd1.myworkdayjobs.com/DSG/job/Remote---US/Principal-Product-Strategist---Personalization_202316933/apply,-
20260110072819,https://dickssportinggoods.wd1.myworkdayjobs.com/dsg/job/remote---us/principal-program-manager---remote-_202519656,302
20240315071505,https://dickssportinggoods.wd1.myworkdayjobs.com/DSG/job/Remote---US/Principal-Reliability-Engineer--REMOTE-_202319888/apply,-
20240315071801,https://dickssportinggoods.wd1.myworkdayjobs.com/DSG/job/Remote---US/Principal-Software-Engineer---Marketing--Remote-_202403932/apply,-
20240315071314,https://dickssportinggoods.wd1.myworkdayjobs.com/DSG/job/Remote---US/Principal-Software-Engineer_202401785/apply,-
20240315071427,https://dickssportinggoods.wd1.myworkdayjobs.com/DSG/job/Remote---US/Product-Analyst-I----Omni-Technology--REMOTE-_202402969/apply,-
20251118041046,https://dickssportinggoods.wd1.myworkdayjobs.com/dsg/job/remote---us/product-analyst-i---omni-order-lifecycle--remote-_202514821,200
20240315070823,https://dickssportinggoods.wd1.myworkdayjobs.com/DSG/job/Remote---US/Product-Manager-II-Content-Tools_202319289/apply,-
20260315084327,https://dickssportinggoods.wd1.myworkdayjobs.com/DSG/job/Remote---US/Project-Manager---New-Stores_202505286/apply,200
20251205181310,https://dickssportinggoods.wd1.myworkdayjobs.com/dsg/job/remote---us/regional-finance-manager---mid-atlantic--northeast--and-ohio-valley-regions_202518392-1,200
20260515170611,https://dickssportinggoods.wd1.myworkdayjobs.com/DSG/job/Remote---US/Release-Engineer-II--REMOTE-_202603904/apply,200
20250522070823,https://dickssportinggoods.wd1.myworkdayjobs.com/DSG/job/Remote---US/Senior-Cybersecurity-Engineer---Identity---Access-Management--IAM----REMOTE_202417263-1/apply,200
20240315071709,https://dickssportinggoods.wd1.myworkdayjobs.com/DSG/job/Remote---US/Senior-Cybersecurity-Engineer---Identity-Governance---Administration--IGA----REMOTE_202403466/apply,-
20240315071858,https://dickssportinggoods.wd1.myworkdayjobs.com/DSG/job/Remote---US/Senior-Data-Scientist---Bayesian--REMOTE-_202403753/apply,-
20260124000621,https://dickssportinggoods.wd1.myworkdayjobs.com/dsg/job/remote---us/senior-data-scientist---customer-intent--decision-engine--remote-_202518988,200
20260214050149,https://dickssportinggoods.wd1.myworkdayjobs.com/DSG/job/Remote---US/Senior-Data-Scientist---Customer-Intent--Decision-Engine--REMOTE-_202518988/apply,200
20260124002807,https://dickssportinggoods.wd1.myworkdayjobs.com/dsg/job/remote---us/senior-data-scientist---operations-research--decision-engine--remote-_202518961,200
20240315071523,https://dickssportinggoods.wd1.myworkdayjobs.com/DSG/job/Remote---US/Senior-Data-Scientist--REMOTE-_202318284/apply,-
20240809173936,https://dickssportinggoods.wd1.myworkdayjobs.com/DSG/job/Remote---US/Senior-Director-Product---Design---Store-Technology--Remote-_202405474,200
20260107131345,https://dickssportinggoods.wd1.myworkdayjobs.com/DSG/job/Remote---US/Senior-Machine-Learning-Engineer---Search--REMOTE-_202518960,200
20260208052453,https://dickssportinggoods.wd1.myworkdayjobs.com/DSG/job/Remote---US/Senior-Machine-Learning-Engineer---Search--REMOTE-_202518960/apply,200
20240315071655,https://dickssportinggoods.wd1.myworkdayjobs.com/DSG/job/Remote---US/Senior-Manage-Portfolio---Program-Management---Data---Analytics_202403836-1/apply,-
20260204094830,https://dickssportinggoods.wd1.myworkdayjobs.com/DSG/job/Remote---US/Senior-Manager--Analytics---Inventory--REMOTE-_202518905,200
20240315071508,https://dickssportinggoods.wd1.myworkdayjobs.com/DSG/job/Remote---US/Senior-Manager-of-Data-Science---Merchandising---Pricing_202315991/apply,-
20240315071322,https://dickssportinggoods.wd1.myworkdayjobs.com/DSG/job/Remote---US/Senior-Portfolio-Manager--REMOTE-_202317043/apply,-
20260215164701,https://dickssportinggoods.wd1.myworkdayjobs.com/DSG/job/Remote---US/Senior-Product-Designer---Store-Fulfillment---REMOTE-_202601516,200
20260615025107,https://dickssportinggoods.wd1.myworkdayjobs.com/DSG/job/Remote---US/Senior-Product-Manager---Data-Science-Search-Relevance_202604161/apply,200
20251118041201,https://dickssportinggoods.wd1.myworkdayjobs.com/dsg/job/remote---us/senior-product-manager---fulfillment-technology---remote-_202516785,200
20240303172934,https://dickssportinggoods.wd1.myworkdayjobs.com/DSG/job/Remote---US/Senior-Product-Manager---Merch-Inventory-Execution--MIX---REMOTE-_202400782/apply,-
20260615024123,https://dickssportinggoods.wd1.myworkdayjobs.com/DSG/job/Remote---US/Senior-Product-Manager---Merchandise-Planning_202606265/apply,200
20250426231430,https://dickssportinggoods.wd1.myworkdayjobs.com/DSG/job/Remote---US/Senior-Product-Manager---Mobile-Apps---REMOTE-_202503159/apply,200
20260310085306,https://dickssportinggoods.wd1.myworkdayjobs.com/DSG/job/Remote---US/Senior-Product-Manager---Store-Tech--Store-Teammate-App-Experience---REMOTE-_202519265/apply,200
20260208054531,https://dickssportinggoods.wd1.myworkdayjobs.com/DSG/job/Remote---US/Senior-Program-Manager--Enterprise-Data---Intelligence-Platforms---Teammate-_202519884/apply,200
20240315071231,https://dickssportinggoods.wd1.myworkdayjobs.com/DSG/job/Remote---US/Senior-Program-Manager--REMOTE-_202310346/apply,-
20251008182521,https://dickssportinggoods.wd1.myworkdayjobs.com/dsg/job/remote---us/senior-software-engineer---ai-ops-and-operations-platform-engineering--remote-_202514532-1,200
20260414220035,https://dickssportinggoods.wd1.myworkdayjobs.com/DSG/job/Remote---US/Senior-Software-Engineer---Athlete-Order--REMOTE-_202603836,200
20260414205347,https://dickssportinggoods.wd1.myworkdayjobs.com/DSG/job/Remote---US/Senior-Software-Engineer---External-Communications--REMOTE-_202603246,200
20251205182301,https://dickssportinggoods.wd1.myworkdayjobs.com/DSG/job/Remote---US/Senior-Software-Engineer---Mobile-Android--REMOTE-_202518442,200
20240315071418,https://dickssportinggoods.wd1.myworkdayjobs.com/DSG/job/Remote---US/Senior-Software-Engineer---Mobile-iOS--REMOTE-_202319742/apply,-
20240807173108,https://dickssportinggoods.wd1.myworkdayjobs.com/DSG/job/Remote---US/Senior-Software-Engineer---Mobile-iOS--REMOTE-_202410321?source=Appcast_IndeedO&ittk=DDBOAJALIQ,200
20251011015559,https://dickssportinggoods.wd1.myworkdayjobs.com/DSG/job/Remote---US/Senior-Software-Engineer---UI--REMOTE-_202510027/apply?source=LinkedIn-JobBoard&_ccid=17601476523023c8u3ppsq,200
20251011015502,https://dickssportinggoods.wd1.myworkdayjobs.com/DSG/job/Remote---US/Senior-Software-Engineer---UI--REMOTE-_202510027?source=LinkedIn-JobBoard&_ccid=17601476523023c8u3ppsq,200
20251205010902,https://dickssportinggoods.wd1.myworkdayjobs.com/DSG/job/Remote---US/Senior-Software-Engineer---UI--REMOTE-_202510027?source=LinkedIn-JobBoard&_ccid=1764896936305yosoj2feb,200
20260107044815,https://dickssportinggoods.wd1.myworkdayjobs.com/dsg/job/remote---us/senior-software-engineer--loyalty---multiple-openings--remote-_202519776,200
20260208051049,https://dickssportinggoods.wd1.myworkdayjobs.com/DSG/job/Remote---US/Senior-Software-Engineer--Loyalty---Multiple-Openings--REMOTE-_202519776/apply,200
20240315071730,https://dickssportinggoods.wd1.myworkdayjobs.com/DSG/job/Remote---US/Senior-Systems-Analyst---Asset-Management--REMOTE-_202403401/apply,-
20240315070835,https://dickssportinggoods.wd1.myworkdayjobs.com/DSG/job/Remote---US/Senior-Systems-Engineer---DevOps-and-Automation--REMOTE-_202318819/apply,-
20240924215654,https://dickssportinggoods.wd1.myworkdayjobs.com/DSG/job/Remote---US/Software-Engineer-I---Ad-Tech--REMOTE-_202409808,200
20240927025653,https://dickssportinggoods.wd1.myworkdayjobs.com/DSG/job/Remote---US/Software-Engineer-I---Ad-Tech--REMOTE-_202409808/apply,-
20240315071821,https://dickssportinggoods.wd1.myworkdayjobs.com/DSG/job/Remote---US/Software-Engineer-II---Eligibility---Availability--REMOTE-_202402666-1/apply,-
20260107131350,https://dickssportinggoods.wd1.myworkdayjobs.com/DSG/job/Remote---US/Software-Engineer-II---Payments--REMOTE-_202516990,200
20251205185618,https://dickssportinggoods.wd1.myworkdayjobs.com/DSG/job/Remote---US/Software-Engineer-II---Pricing--REMOTE-_202515317,200
20251106225426,https://dickssportinggoods.wd1.myworkdayjobs.com/DSG/job/Remote---US/Software-Engineer-II---Pricing--REMOTE-_202515317?source=LinkedIn-JobBoard&_ccid=1762469595983dzchfyfrc,200
20250318211837,https://dickssportinggoods.wd1.myworkdayjobs.com/DSG/job/Remote---US/Solution-Architect---Data--REMOTE-_202411831-1/apply,200
20260123123954,https://dickssportinggoods.wd1.myworkdayjobs.com/DSG/job/Remote---US/Solution-Architect---Teammate--REMOTE-_202514754,200
20260910014109,https://dickssportinggoods.wd1.myworkdayjobs.com/dsg/job/remote---us/sr-director-product---design---corporate-functions_202635137,200
20260515173801,https://dickssportinggoods.wd1.myworkdayjobs.com/DSG/job/Remote---US/Sr-Manager--Information-Security-Risk-Management--REMOTE-_202602711/apply,200
20260306082940,https://dickssportinggoods.wd1.myworkdayjobs.com/dsg/job/remote---us/sr-systems-engineer---grc-platforms--remote-_202602704,200
20251118042145,https://dickssportinggoods.wd1.myworkdayjobs.com/dsg/job/remote---us/systems-engineer-ii---storage--remote-_202517329,200
20251118044432,https://dickssportinggoods.wd1.myworkdayjobs.com/dsg/job/remote---us/tdp---data-science--2026-_202509964,200
20251008190356,https://dickssportinggoods.wd1.myworkdayjobs.com/DSG/job/Remote---US/TDP---Software-Engineer--2026-_202509962,200
20240327020057,https://dickssportinggoods.wd1.myworkdayjobs.com/DSG/job/Remote---US/Technical-Senior-Program-Manager---Innovation---REMOTE-_202404192/apply,-
20260210121606,https://dickssportinggoods.wd1.myworkdayjobs.com/dsg/job/remote---us/xmlname-90861---sr-analyst-digital-advertising-inventory---yield--remote-_202601843,200
20261006002108,https://dickssportinggoods.wd1.myworkdayjobs.com/DSG/job/Seasonal-Retail-Sales-Associate_202639225,200
20250606054539,https://dickssportinggoods.wd1.myworkdayjobs.com/DSG/job/Senior-Kubernetes-Engineer--REMOTE-_202505783,200
20260414222843,https://dickssportinggoods.wd1.myworkdayjobs.com/DSG/job/Store0014-Transit-Road-NY/Retail-Cashier_202601891/apply,200
20260208043016,https://dickssportinggoods.wd1.myworkdayjobs.com/DSG/job/Store0015-Middletown-NY/Assistant-Store-Manager-Specialty_202519479/apply,200
20260208044201,https://dickssportinggoods.wd1.myworkdayjobs.com/DSG/job/Store0016-Poughkeepsie-NY/Retail-Sales-Associate-Apparel_202600335/apply,200
20260615021115,https://dickssportinggoods.wd1.myworkdayjobs.com/DSG/job/Store0016-Poughkeepsie-NY/Retail-Sales-Associate-Golf_202607115/apply,200
20260208053644,https://dickssportinggoods.wd1.myworkdayjobs.com/DSG/job/Store0022-Saratoga-NY/Assistant-Store-Manager-Specialty_202600134/apply,200
20260414212917,https://dickssportinggoods.wd1.myworkdayjobs.com/DSG/job/Store0022-Saratoga-NY/Retail-Sales-Associate-Golf_202602274/apply,200
20260615011009,https://dickssportinggoods.wd1.myworkdayjobs.com/DSG/job/Store0023-Reading-PA/Retail-Operations-Associate_202605963/apply,200
20260310092928,https://dickssportinggoods.wd1.myworkdayjobs.com/DSG/job/Store0039-Harrisburg-PA/Retail-Cashier_202601086-1/apply,200
20260208044407,https://dickssportinggoods.wd1.myworkdayjobs.com/DSG/job/Store0039-Harrisburg-PA/Retail-Omni-Fulfillment-Lead_202600216-1/apply,200
20260615022617,https://dickssportinggoods.wd1.myworkdayjobs.com/DSG/job/Store0039-Harrisburg-PA/Retail-Operations-Associate_202605981/apply,200
20260310103657,https://dickssportinggoods.wd1.myworkdayjobs.com/DSG/job/Store0039-Harrisburg-PA/Retail-Sales-Associate-Apparel_202601588/apply,200
20250427000611,https://dickssportinggoods.wd1.myworkdayjobs.com/DSG/job/Store0039-Harrisburg-PA/Seasonal-Retail-Sales-Associate_202500941/apply,200
20250809120631,https://dickssportinggoods.wd1.myworkdayjobs.com/DSG/job/Store0063-Montrose-OH/Retail-Sales-Lead-Footwear---Key-Holder_202511108/apply,200
20260414221108,https://dickssportinggoods.wd1.myworkdayjobs.com/DSG/job/Store0066-Mansfield-OH/Retail-Sales-Associate-Apparel_202602040-1/apply,200
20240919012003,https://dickssportinggoods.wd1.myworkdayjobs.com/DSG/job/Store0066-Mansfield-OH/Retail-Sales-Lead-Footwear_202407279/apply,200
20260310085619,https://dickssportinggoods.wd1.myworkdayjobs.com/DSG/job/Store0070-Florence-KY/Retail-Sales-Associate-Apparel_202517828/apply,200
20260208041549,https://dickssportinggoods.wd1.myworkdayjobs.com/DSG/job/Store0070-Florence-KY/Retail-Sales-Associate-Footwear_202600214/apply,200
20260414212127,https://dickssportinggoods.wd1.myworkdayjobs.com/DSG/job/Store0070-Florence-KY/Retail-Sales-Associate-Team-Sports_202603032/apply,200
20240919002929,https://dickssportinggoods.wd1.myworkdayjobs.com/DSG/job/Store0078-Columbia-MD/Assistant-Store-Manager-Softlines_202404935/apply,200
20260214045200,https://dickssportinggoods.wd1.myworkdayjobs.com/DSG/job/Store0078-Columbia-MD/Retail-Footwear-Operations-Lead_202519378/apply,200
20260208041350,https://dickssportinggoods.wd1.myworkdayjobs.com/DSG/job/Store0078-Columbia-MD/Retail-Freight-Flow-Lead_202600410/apply,200
20260315085738,https://dickssportinggoods.wd1.myworkdayjobs.com/DSG/job/Store0081-Oxford-Valley-PA/Customer-Service-Specialist_202601676/apply,200
20260214051808,https://dickssportinggoods.wd1.myworkdayjobs.com/DSG/job/Store0081-Oxford-Valley-PA/Retail-Cashier_202600303/apply,200
20260310090336,https://dickssportinggoods.wd1.myworkdayjobs.com/DSG/job/Store0081-Oxford-Valley-PA/Retail-Footwear-Associate_202601672/apply,200
20260310101913,https://dickssportinggoods.wd1.myworkdayjobs.com/DSG/job/Store0081-Oxford-Valley-PA/Retail-Lodge-Associate_202601675-1/apply,200
20260414212250,https://dickssportinggoods.wd1.myworkdayjobs.com/DSG/job/Store0082-Moorestown-NJ/Retail-Bike-Technician_202602524/apply,200
20260208043121,https://dickssportinggoods.wd1.myworkdayjobs.com/DSG/job/Store0083-Exton-PA/Apparel-Sales-Lead_202518132-1/apply,200
20260208042810,https://dickssportinggoods.wd1.myworkdayjobs.com/DSG/job/Store0083-Exton-PA/Freight-Flow-Lead_202517765/apply,200
20260315080015,https://dickssportinggoods.wd1.myworkdayjobs.com/DSG/job/Store0083-Exton-PA/Retail-Sales-Associate-Apparel_202600933/apply,200
20260414205059,https://dickssportinggoods.wd1.myworkdayjobs.com/DSG/job/Store0085-Atlantic-City-NJ/Retail-Cashier_202602863/apply,200
20260214043512,https://dickssportinggoods.wd1.myworkdayjobs.com/DSG/job/Store0085-Atlantic-City-NJ/Retail-Sales-Lead-Apparel_202518664/apply,200
20260214043622,https://dickssportinggoods.wd1.myworkdayjobs.com/DSG/job/Store0093-Rochester-Hills-MI/Retail-Freight-Flow-Lead_202519543/apply,200
20260315080120,https://dickssportinggoods.wd1.myworkdayjobs.com/DSG/job/Store0093-Rochester-Hills-MI/Retail-Omni-Fulfillment-Lead_202601229/apply,200
20260208042659,https://dickssportinggoods.wd1.myworkdayjobs.com/DSG/job/Store0094-Saginaw-MI/Retail-Sales-Lead-Apparel_202518152/apply,200
20260315074619,https://dickssportinggoods.wd1.myworkdayjobs.com/DSG/job/Store0094-Saginaw-MI/Retail-Sales-Lead-Apparel_202600590/apply,200
20260208041733,https://dickssportinggoods.wd1.myworkdayjobs.com/DSG/job/Store0097-Altoona-PA/Retail-Sales-Associate-Apparel--Morning-Availability_202519716/apply,200
20260214043405,https://dickssportinggoods.wd1.myworkdayjobs.com/DSG/job/Store0098-Willow-Grove-PA/Retail-Cashier_202519705/apply,200
20260214051110,https://dickssportinggoods.wd1.myworkdayjobs.com/DSG/job/Store0102-Midlothian-VA/retail-cashier_202519730/apply,200
20260214052619,https://dickssportinggoods.wd1.myworkdayjobs.com/DSG/job/Store0102-Midlothian-VA/retail-footwear-associate_202600270/apply,200
20260214040156,https://dickssportinggoods.wd1.myworkdayjobs.com/DSG/job/Store0108-Charleston-WV/Store-Manager_202519624/apply,200
20260208052826,https://dickssportinggoods.wd1.myworkdayjobs.com/DSG/job/Store0109-Appleton-WI/Retail-Bike-Technician_202519539/apply,200
20260315083340,https://dickssportinggoods.wd1.myworkdayjobs.com/DSG/job/Store0109-Appleton-WI/retail-cashier_202600920/apply,200
20260310093819,https://dickssportinggoods.wd1.myworkdayjobs.com/DSG/job/Store0109-Appleton-WI/Retail-Freight-Flow-Lead_202600923/apply,200
20260208041510,https://dickssportinggoods.wd1.myworkdayjobs.com/DSG/job/Store0111-South-Fort-Wayne-IN/Retail-sales-lead-golf_202518278/apply,200
20260310091602,https://dickssportinggoods.wd1.myworkdayjobs.com/DSG/job/Store0112-State-College-PA/Retail-Cashier_202519269/apply,200
20260414222930,https://dickssportinggoods.wd1.myworkdayjobs.com/DSG/job/Store0117-Olathe-KS/Retail-Sales-Associate-Footwear_202603061/apply,200
20260208042258,https://dickssportinggoods.wd1.myworkdayjobs.com/DSG/job/Store0118-Zona-Rosa-MO/Field-Visual-Merchandiser_202516891/apply,200
20260315072921,https://dickssportinggoods.wd1.myworkdayjobs.com/DSG/job/Store0119-Merriam-KS/Retail-Sales-Associate-Footwear_202601065/apply,200
20260214041903,https://dickssportinggoods.wd1.myworkdayjobs.com/DSG/job/Store0121-Bainbridge-OH/Retail-Cashier_202517563/apply,200
20260208041833,https://dickssportinggoods.wd1.myworkdayjobs.com/DSG/job/Store0121-Bainbridge-OH/Retail-Customer-Service-Specialist_202600431/apply,200
20240919011449,https://dickssportinggoods.wd1.myworkdayjobs.com/DSG/job/Store0121-Bainbridge-OH/Retail-Sales-Associate_202405829/apply,200
20260214052118,https://dickssportinggoods.wd1.myworkdayjobs.com/DSG/job/Store0121-Bainbridge-OH/Retail-Sales-Lead-Apparel---Key-Holder_202517753/apply,200
20240715214954,https://dickssportinggoods.wd1.myworkdayjobs.com/DSG/job/Store0121-Bainbridge-OH/Retail-Store-Administrative-Assistant_202411502,200
20240715224525,https://dickssportinggoods.wd1.myworkdayjobs.com/DSG/job/Store0121-Bainbridge-OH/Retail-Store-Administrative-Assistant_202411502?source=Appcast_IndeedO&ittk=RYU0JN7XMC&fbclid=IwZXh0bgNhZW0CMTAAAR3xVYGjSI8aG2j2jpzWINlxOjyQfGQPk6awfWUrFRGh6JRU2-__-pjjRM4_aem_TgARM8Ad--PWlfOtIeBlwg,200
20240715224931,https://dickssportinggoods.wd1.myworkdayjobs.com/DSG/job/Store0121-Bainbridge-OH/Retail-Store-Administrative-Assistant_202411502?source=Appcast_IndeedO&ittk=RYU0JN7XMC,200
20260615012512,https://dickssportinggoods.wd1.myworkdayjobs.com/DSG/job/Store0121-Bainbridge-OH/Seasonal-Retail-Sales-Associate_202607159/apply,200
20260214043439,https://dickssportinggoods.wd1.myworkdayjobs.com/DSG/job/Store0127-Roanoke-VA/Retail-Sales-Associate-Footwear_202519734/apply,200
20260515173636,https://dickssportinggoods.wd1.myworkdayjobs.com/DSG/job/Store0128-Short-Pump-VA/Retail-Sales-Lead-Footwear_202603765/apply,200
20260315080245,https://dickssportinggoods.wd1.myworkdayjobs.com/DSG/job/Store0129-Homestead-PA/Retail-Freight-Flow-Lead_202601411/apply,200
20260208051835,https://dickssportinggoods.wd1.myworkdayjobs.com/DSG/job/Store0129-Homestead-PA/Retail-Sales-Lead-Apparel_202519570/apply,200
20260208052547,https://dickssportinggoods.wd1.myworkdayjobs.com/DSG/job/Store0135-Wichita-KS/Retail-Sales-Associate-Apparel_202600227/apply,200
20240919014300,https://dickssportinggoods.wd1.myworkdayjobs.com/DSG/job/Store0135-Wichita-KS/RETAIL-SALES-ASSOCIATE-TEAM-SPORTS_202400071/apply,200
20240919014415,https://dickssportinggoods.wd1.myworkdayjobs.com/DSG/job/Store0142-Manassas-VA/Retail-Running-Specialist_202403162/apply,200
20240701204941,https://dickssportinggoods.wd1.myworkdayjobs.com/DSG/job/Store0143-Waldorf-MD/Retail-Associate-Bike-Tech_202410316/apply,303
20260615023321,https://dickssportinggoods.wd1.myworkdayjobs.com/DSG/job/Store0145-Lynnhaven-VA/Retail-Sales-Associate-Team-Sports_202603047-1/apply,200
20260208045452,https://dickssportinggoods.wd1.myworkdayjobs.com/DSG/job/Store0147-Fredericksburg-VA/XMLNAME-20105--Retail-Operations-Associate_202519929-1/apply,200
20260715005743,https://dickssportinggoods.wd1.myworkdayjobs.com/dsg/job/Store0148-East-Brunswick-NJ/Teammate---Footwear-Operations_202618529-1,200
20260702012538,https://dickssportinggoods.wd1.myworkdayjobs.com/dsg/job/Store0148-East-Brunswick-NJ/Teammate---Sport---Outdoor_202618524-1,200
20260615022715,https://dickssportinggoods.wd1.myworkdayjobs.com/DSG/job/Store0150-Burlington-VT/Assistant-Store-Manager_202606171/apply,200
20260214050855,https://dickssportinggoods.wd1.myworkdayjobs.com/DSG/job/Store0150-Burlington-VT/Retail-Operations-Associate_202519389/apply,200
20260214051134,https://dickssportinggoods.wd1.myworkdayjobs.com/DSG/job/Store0150-Burlington-VT/Retail-Sales-Lead-Apparel_202519157/apply,200
20260214035937,https://dickssportinggoods.wd1.myworkdayjobs.com/DSG/job/Store0150-Burlington-VT/Retail-Sales-Leader-Front-End_202600118/apply,200
20260310090050,https://dickssportinggoods.wd1.myworkdayjobs.com/DSG/job/Store0153-Waterford-CT/XMLNAME-10112---Retail-Sales-Associate-Footwear_202601660/apply,200
20260315081258,https://dickssportinggoods.wd1.myworkdayjobs.com/DSG/job/Store0153-Waterford-CT/XMLNAME-10115---Retail-Sales-Associate-Team-Sports_202601659/apply,200
20260214041316,https://dickssportinggoods.wd1.myworkdayjobs.com/DSG/job/Store0157-East-Hanover-NJ/Retail-Cashier_202600187/apply,200
20260214045845,https://dickssportinggoods.wd1.myworkdayjobs.com/DSG/job/Store0157-East-Hanover-NJ/Retail-Run-Ambassador_202600185/apply,200
20260208035451,https://dickssportinggoods.wd1.myworkdayjobs.com/DSG/job/Store0157-East-Hanover-NJ/Retail-Sales-Associate-Apparel_202600190-1/apply,200
20260208052148,https://dickssportinggoods.wd1.myworkdayjobs.com/DSG/job/Store0157-East-Hanover-NJ/Retail-Sales-Associate-Team-Sports_202600188/apply,200
20260715005743,https://dickssportinggoods.wd1.myworkdayjobs.com/dsg/job/Store0157-East-Hanover-NJ/Teammate---Footwear_202617647-1,200
20260615020958,https://dickssportinggoods.wd1.myworkdayjobs.com/DSG/job/Store0163-Smithfield-RI/Retail-Cashier_202607142/apply,200
20260214050119,https://dickssportinggoods.wd1.myworkdayjobs.com/DSG/job/Store0164-Glens-Falls-NY/Retail-Price-and-Signage-Lead_202517891/apply,200
20240919015051,https://dickssportinggoods.wd1.myworkdayjobs.com/DSG/job/Store0165-Portland-ME/Retail-Omni-Fulfillment-Lead_202404625/apply,200
20260310095428,https://dickssportinggoods.wd1.myworkdayjobs.com/DSG/job/Store0165-Portland-ME/Retail-Sales-Associate-Footwear_202601556/apply,200
20260310100257,https://dickssportinggoods.wd1.myworkdayjobs.com/DSG/job/Store0171-Allentown-PA/Retail-Operations-Associate_202601535/apply,200
20260208051448,https://dickssportinggoods.wd1.myworkdayjobs.com/DSG/job/Store0173-Fields-Ertel-OH/Retail-Sales-Associate-Bikes---Fitness_202517579-1/apply,200
20260515162437,https://dickssportinggoods.wd1.myworkdayjobs.com/DSG/job/Store0176-Hadley-MA/Retail-Sales-Associate_202605826/apply,200
20260315075201,https://dickssportinggoods.wd1.myworkdayjobs.com/DSG/job/Store0177-East-Madison-WI/Retail-Cashier_202601522/apply,200
20260214041514,https://dickssportinggoods.wd1.myworkdayjobs.com/DSG/job/Store0178-West-Madison-WI/Retail-Customer-Service-Specialist_202600345/apply,200
20260310091733,https://dickssportinggoods.wd1.myworkdayjobs.com/DSG/job/Store0178-West-Madison-WI/Retail-Operations-Associate_202505803/apply,200
20260214050219,https://dickssportinggoods.wd1.myworkdayjobs.com/DSG/job/Store0178-West-Madison-WI/Retail-Sales-Associate-Team-Sports_202600002/apply,200
20260618022820,https://dickssportinggoods.wd1.myworkdayjobs.com/dsg/job/Store0179-Springfield-IL/Retail-Cashier_202608233,200
20240919002706,https://dickssportinggoods.wd1.myworkdayjobs.com/DSG/job/Store0180-Avon-IN/Retail-Freight-Flow-Lead_202406027/apply,200
20260214040644,https://dickssportinggoods.wd1.myworkdayjobs.com/DSG/job/Store0180-Avon-IN/Retail-Sales-Leader---Front-End_202518241/apply,200
20260214034737,https://dickssportinggoods.wd1.myworkdayjobs.com/DSG/job/Store0183-Carmel-IN/Retail-Sales-Associate-Footwear_202517494/apply,200
20260515164025,https://dickssportinggoods.wd1.myworkdayjobs.com/DSG/job/Store0183-Carmel-IN/Retail-Sales-Associate-Footwear_202518367/apply,200
20260515170900,https://dickssportinggoods.wd1.myworkdayjobs.com/DSG/job/Store0183-Carmel-IN/Retail-Sales-Associate-Footwear_202518368/apply,200
20260515164153,https://dickssportinggoods.wd1.myworkdayjobs.com/DSG/job/Store0183-Carmel-IN/Retail-Sales-Associate-Golf_202518340/apply,200
20240919011722,https://dickssportinggoods.wd1.myworkdayjobs.com/DSG/job/Store0183-Carmel-IN/Retail-Sales-Lead-Golf_202316973/apply,200
20240919012045,https://dickssportinggoods.wd1.myworkdayjobs.com/DSG/job/Store0186-Leominster-MA/Retail-Freight-Flow-Lead_202407634/apply,200
20240918234905,https://dickssportinggoods.wd1.myworkdayjobs.com/DSG/job/Store0195-Webster-NY/Retail-Cashier_202317361/apply,200
20260515162223,https://dickssportinggoods.wd1.myworkdayjobs.com/DSG/job/Store0196-Rockaway-NJ/Retail-Bike-Technician_202602661/apply,200
20260208044433,https://dickssportinggoods.wd1.myworkdayjobs.com/DSG/job/Store0196-Rockaway-NJ/Retail-Customer-Service-Specialist_202600281/apply,200
20260214044155,https://dickssportinggoods.wd1.myworkdayjobs.com/DSG/job/Store0199-Winston-Salem-NC/Retail-Sales-Associate-Golf_202519918/apply,200
20260214041418,https://dickssportinggoods.wd1.myworkdayjobs.com/DSG/job/Store0199-Winston-Salem-NC/Retail-Sales-Associate-Lodge_202600019/apply,200
20260310092746,https://dickssportinggoods.wd1.myworkdayjobs.com/DSG/job/Store0201-Cary-NC/Retail-Cashier_202601814/apply,200
20260310091856,https://dickssportinggoods.wd1.myworkdayjobs.com/DSG/job/Store0201-Cary-NC/Retail-Sales-Associate-Footwear_202601612/apply,200
20260315082831,https://dickssportinggoods.wd1.myworkdayjobs.com/DSG/job/Store0204-Columbia-SC/Retail-Sales-Lead-Golf_202601014/apply,200
20260310090150,https://dickssportinggoods.wd1.myworkdayjobs.com/DSG/job/Store0204-Columbia-SC/Retail-Sales-Lead-Lodge_202601591/apply,200
20260214050420,https://dickssportinggoods.wd1.myworkdayjobs.com/DSG/job/Store0205-Asheville-NC/Assistant-Store-Manager_202518445/apply,200
20260214051225,https://dickssportinggoods.wd1.myworkdayjobs.com/DSG/job/Store0205-Asheville-NC/Retail-Operations-Associate---Early-Morning_202519529/apply,200
20251205185205,https://dickssportinggoods.wd1.myworkdayjobs.com/DSG/job/Store0205-Asheville-NC/Seasonal-Retail-Sales-Associate_202515800-1/apply,200
20260311171028,https://dickssportinggoods.wd1.myworkdayjobs.com/DSG/job/Store0206-Greensboro-NC/Retail-Operations-Associate_202603657/apply,200
20260311171025,https://dickssportinggoods.wd1.myworkdayjobs.com/DSG/job/Store0206-Greensboro-NC/Retail-Operations-Associate_202603657/apply?_ccid=1773208590434g81i87mnf&ittk=HJOLVU5H90&source=Appcast_IndeedO,200
20260311055650,https://dickssportinggoods.wd1.myworkdayjobs.com/DSG/job/Store0206-Greensboro-NC/Retail-Operations-Associate_202603657?source=Appcast_IndeedO&_ccid=1773208590434g81i87mnf&ittk=HJOLVU5H90,200
20260208052801,https://dickssportinggoods.wd1.myworkdayjobs.com/DSG/job/Store0206-Greensboro-NC/Retail-Sales-Lead-Golf_202517827/apply,200
20260414204348,https://dickssportinggoods.wd1.myworkdayjobs.com/DSG/job/Store0208-NE-Raleigh-NC/Retail-Cashier_202602309/apply,200
20260214052020,https://dickssportinggoods.wd1.myworkdayjobs.com/DSG/job/Store0208-NE-Raleigh-NC/Store-Loss-Prevention-Manager_202517720/apply,200
20250415225149,https://dickssportinggoods.wd1.myworkdayjobs.com/DSG/job/Store0213-Matthews-NC/Retail-Cashier_202500304/apply,200
20230815120955,https://dickssportinggoods.wd1.myworkdayjobs.com/DSG/job/Store0213-Matthews-NC/Retail-Sales-Associate-Golf_202312471/apply,303
20250413013244,https://dickssportinggoods.wd1.myworkdayjobs.com/DSG/job/Store0215-Huntersville-NC/Retail-Cashier_202504138/apply,200
20240919004159,https://dickssportinggoods.wd1.myworkdayjobs.com/DSG/job/Store0216-Mooresville-NC/Retail-Sales-Associate-Golf_202316948/apply,200
20260315074339,https://dickssportinggoods.wd1.myworkdayjobs.com/DSG/job/Store0216-Mooresville-NC/Retail-Sales-Associate-Golf_202601305/apply,200
20240918235343,https://dickssportinggoods.wd1.myworkdayjobs.com/DSG/job/Store0216-Mooresville-NC/Retail-Sales-Associate-Team-Sports_202403566/apply,200
20260208045407,https://dickssportinggoods.wd1.myworkdayjobs.com/DSG/job/Store0216-Mooresville-NC/Retail-Sales-Associate_202600023/apply,200
20260214052041,https://dickssportinggoods.wd1.myworkdayjobs.com/DSG/job/Store0220-Greenville-SC/Assistant-Store-Manager-Softlines_202518395/apply,200
20260310094518,https://dickssportinggoods.wd1.myworkdayjobs.com/DSG/job/Store0221-Charleston-SC/Retail-Cashier_202601802/apply,200
20260214052554,https://dickssportinggoods.wd1.myworkdayjobs.com/DSG/job/Store0224-Pittsfield-MA/Retail-Cashier_202519631/apply,200
20260315080625,https://dickssportinggoods.wd1.myworkdayjobs.com/DSG/job/Store0225-Lafayette-IN/Retail-Cashier--Part-Time--Temporary-_202600980/apply,200
20260214051454,https://dickssportinggoods.wd1.myworkdayjobs.com/DSG/job/Store0228-North-Fort-Wayne-IN/Bike-Technician_202600456/apply,200
20260214034003,https://dickssportinggoods.wd1.myworkdayjobs.com/DSG/job/Store0228-North-Fort-Wayne-IN/Retail-Price-and-Signage-Lead_202600458/apply,200
20260208040314,https://dickssportinggoods.wd1.myworkdayjobs.com/DSG/job/Store0228-North-Fort-Wayne-IN/Retail-Sales-Associate-Golf_202600129/apply,200
20260515170935,https://dickssportinggoods.wd1.myworkdayjobs.com/DSG/job/Store0228-North-Fort-Wayne-IN/Retail-Sales-Associate-Golf_202605234/apply,200
20260315074713,https://dickssportinggoods.wd1.myworkdayjobs.com/DSG/job/Store0230-Easton-PA/Retail-Associate-Apparel---Full-Time_202600718-1/apply,200
20260315080341,https://dickssportinggoods.wd1.myworkdayjobs.com/DSG/job/Store0230-Easton-PA/Retail-Customer-Service-Specialist_202600716/apply,200
20260310100608,https://dickssportinggoods.wd1.myworkdayjobs.com/DSG/job/Store0230-Easton-PA/Retail-Sales-Associate---Team-Sports_202601712-1/apply,200
20260315075228,https://dickssportinggoods.wd1.myworkdayjobs.com/DSG/job/Store0230-Easton-PA/Sales-Leader--Golf_202600713/apply,200
20260310093318,https://dickssportinggoods.wd1.myworkdayjobs.com/DSG/job/Store0237-North-Dartmouth-MA/Golf-Associate_202601266/apply,200
20260310091431,https://dickssportinggoods.wd1.myworkdayjobs.com/DSG/job/Store0238-Saugus-MA/Retail-Loss-Prevention-Lead_202601094/apply,200
20260515172754,https://dickssportinggoods.wd1.myworkdayjobs.com/DSG/job/Store0238-Saugus-MA/Retail-Sales-Associate-Golf_202602333/apply,200
20260208040833,https://dickssportinggoods.wd1.myworkdayjobs.com/DSG/job/Store0247-Newport-News-VA/Retail-Operations-Associate_202600290/apply,200
20260208052852,https://dickssportinggoods.wd1.myworkdayjobs.com/DSG/job/Store0247-Newport-News-VA/Retail-Sales-Associate-Apparel_202600037/apply,200
20260615024456,https://dickssportinggoods.wd1.myworkdayjobs.com/DSG/job/Store0247-Newport-News-VA/Retail-Sales-Associate-Bikes---Fitness_202603486/apply,200
20260214035420,https://dickssportinggoods.wd1.myworkdayjobs.com/DSG/job/Store0247-Newport-News-VA/Retail-Sales-Associate-Footwear_202600034/apply,200
20260208042520,https://dickssportinggoods.wd1.myworkdayjobs.com/DSG/job/Store0247-Newport-News-VA/Retail-Sales-Associate-Golf_202600036/apply,200
20260208040748,https://dickssportinggoods.wd1.myworkdayjobs.com/DSG/job/Store0247-Newport-News-VA/Retail-Sales-Associate-Team-Sports_202600038/apply,200
20260208043950,https://dickssportinggoods.wd1.myworkdayjobs.com/DSG/job/Store0254-Denver-CO/Retail-Cashier_202600007/apply,200
20240918234426,https://dickssportinggoods.wd1.myworkdayjobs.com/DSG/job/Store0254-Denver-CO/Retail-Sales-Associate-Apparel_202402274/apply,200
20260310094905,https://dickssportinggoods.wd1.myworkdayjobs.com/DSG/job/Store0255-Natick-MA/Apparel-Lead-Retail-Sales_202601051/apply,200
20240919015817,https://dickssportinggoods.wd1.myworkdayjobs.com/DSG/job/Store0255-Natick-MA/Retail-Customer-Service-Specialist_202402999/apply,200
20260615011706,https://dickssportinggoods.wd1.myworkdayjobs.com/DSG/job/Store0262-Lake-Grove-NY/Maintenance-Associate_202602109/apply,200
20260310094758,https://dickssportinggoods.wd1.myworkdayjobs.com/DSG/job/Store0263-Orange-Park-FL/Retail-Sales-Associate-Golf_202601265/apply,200
20260310101801,https://dickssportinggoods.wd1.myworkdayjobs.com/DSG/job/Store0264-Melbourne-FL/Temporary-Retail-Cashier_202600569/apply,200
20260310092812,https://dickssportinggoods.wd1.myworkdayjobs.com/DSG/job/Store0264-Melbourne-FL/Temporary-Retail-Operations-Associate_202600566/apply,200
20260310102048,https://dickssportinggoods.wd1.myworkdayjobs.com/DSG/job/Store0264-Melbourne-FL/Temporary-Retail-Sale-Associate---Footwear_202600571/apply,200
20260310093426,https://dickssportinggoods.wd1.myworkdayjobs.com/DSG/job/Store0264-Melbourne-FL/Temporary-Retail-Sales-Associate---Apparel_202600570/apply,200
20260310101407,https://dickssportinggoods.wd1.myworkdayjobs.com/DSG/job/Store0266-Arlington-Heights-IL/Retail-Sales-Associate-Golf_202601484/apply,200
20240919014338,https://dickssportinggoods.wd1.myworkdayjobs.com/DSG/job/Store0271-Concord-NH/Operations-Associate_202407700/apply,200
20260315081631,https://dickssportinggoods.wd1.myworkdayjobs.com/DSG/job/Store0271-Concord-NH/Retail-Golf-Club-Tech_202601573/apply,200
20260310095010,https://dickssportinggoods.wd1.myworkdayjobs.com/DSG/job/Store0272-Brick-NJ/Golf-Sales-Associate_202601141-1/apply,200
20260310091702,https://dickssportinggoods.wd1.myworkdayjobs.com/DSG/job/Store0272-Brick-NJ/Retail-Cashier_202601475/apply,200
20260310091041,https://dickssportinggoods.wd1.myworkdayjobs.com/DSG/job/Store0272-Brick-NJ/Retail-Price-and-Signage-Lead_202601479/apply,200
20260315074124,https://dickssportinggoods.wd1.myworkdayjobs.com/DSG/job/Store0272-Brick-NJ/Team-Sports-Associate_202601139/apply,200
20260414213842,https://dickssportinggoods.wd1.myworkdayjobs.com/DSG/job/Store0276-McDonough-GA/Reatail-Sales-Associate-Apparel_202602340/apply,200
20260315084344,https://dickssportinggoods.wd1.myworkdayjobs.com/DSG/job/Store0282-Milford-CT/Retail-Sales-Lead-Golf_202601093/apply,200
20260315084806,https://dickssportinggoods.wd1.myworkdayjobs.com/DSG/job/Store0283-Dulles-VA/Retail-Sales-Associate-Golf_202601499/apply,200
20260615012609,https://dickssportinggoods.wd1.myworkdayjobs.com/DSG/job/Store0284-Mt-Juliet-TN/Retail-Sales-Associate-Footwear_202605710/apply,200
20260515172659,https://dickssportinggoods.wd1.myworkdayjobs.com/DSG/job/Store0284-Mt-Juliet-TN/Retail-Sales-Associate-Team-Sports_202605833/apply,200
20260214040325,https://dickssportinggoods.wd1.myworkdayjobs.com/DSG/job/Store0285-Cool-Springs-TN/retail-footwear_202600082/apply,200
20260208052948,https://dickssportinggoods.wd1.myworkdayjobs.com/DSG/job/Store0288-Tampa-FL/Retail-Bike-Technician_202600232/apply,200
20260615011245,https://dickssportinggoods.wd1.myworkdayjobs.com/DSG/job/Store0288-Tampa-FL/Retail-Sales-Associate-Apparel_202606894/apply,200
20260515172406,https://dickssportinggoods.wd1.myworkdayjobs.com/DSG/job/Store0293-McHenry-IL/Retail-Sales-Associate-Footwear_202603773/apply,200
20260310100138,https://dickssportinggoods.wd1.myworkdayjobs.com/DSG/job/Store0299-Maple-Grove-MN/Customer-Service-Specialist_202600515/apply,200
20260208051248,https://dickssportinggoods.wd1.myworkdayjobs.com/DSG/job/Store0301-Canton-GA/Retail-Customer-Service-Specialist_202516612/apply,200
20260414212154,https://dickssportinggoods.wd1.myworkdayjobs.com/DSG/job/Store0302-Cumming-GA/XMLNAME-10110---Retail-Sales-Associate-Apparel_202602434/apply,200
20260208052057,https://dickssportinggoods.wd1.myworkdayjobs.com/DSG/job/Store0302-Cumming-GA/XMLNAME-10176---Retail-Sales-Lead-Apparel_202519752/apply,200
20260310102602,https://dickssportinggoods.wd1.myworkdayjobs.com/DSG/job/Store0304-Dedham-MA/Retail-Cashier_202601567/apply,200
20240918233846,https://dickssportinggoods.wd1.myworkdayjobs.com/DSG/job/Store0304-Dedham-MA/Retail-Operations-Associate_202407855/apply,200
20260315080550,https://dickssportinggoods.wd1.myworkdayjobs.com/DSG/job/Store0304-Dedham-MA/Retail-Sales-Associate-Footwear_202601568/apply,200
20260310095649,https://dickssportinggoods.wd1.myworkdayjobs.com/DSG/job/Store0304-Dedham-MA/Retail-Sales-Associate-Team-Sports_202601569/apply,200
20260310101545,https://dickssportinggoods.wd1.myworkdayjobs.com/DSG/job/Store0310-Collegeville-PA/Retail-Sales-Associate-Apparel_202600663/apply,200
20260214035530,https://dickssportinggoods.wd1.myworkdayjobs.com/DSG/job/Store0310-Collegeville-PA/Retail-Sales-Leader-Front-End_202519442/apply,200
20260315085128,https://dickssportinggoods.wd1.myworkdayjobs.com/DSG/job/Store0311-Deer-Park-IL/Retail-Bike-Associate_202600578/apply,200
20260315080420,https://dickssportinggoods.wd1.myworkdayjobs.com/DSG/job/Store0311-Deer-Park-IL/Retail-Bike-Technician_202600686/apply,200
20260315082941,https://dickssportinggoods.wd1.myworkdayjobs.com/DSG/job/Store0311-Deer-Park-IL/Retail-customer-Service-Specialist_202601203/apply,200
20260208045740,https://dickssportinggoods.wd1.myworkdayjobs.com/DSG/job/Store0311-Deer-Park-IL/Retail-sales-lead-Golf--Key-Holder_202600339/apply,200
20260315073903,https://dickssportinggoods.wd1.myworkdayjobs.com/DSG/job/Store0315-Longmont-CO/Retail-Sales-Associate-Apparel_202601661/apply,200
20260214050827,https://dickssportinggoods.wd1.myworkdayjobs.com/DSG/job/Store0316-NE-Tampa-FL/Retail-Freight-Flow-Lead_202519698/apply,200
20260214051249,https://dickssportinggoods.wd1.myworkdayjobs.com/DSG/job/Store0318-Salisbury-MD/Retail-Sales-Lead-Apparel_202519938/apply,200
20260615021942,https://dickssportinggoods.wd1.myworkdayjobs.com/DSG/job/Store0319-Wayne-NJ/RETAIL-SALES-ASSOCIATE-FOOTWEAR_202607145/apply,200
20260315081004,https://dickssportinggoods.wd1.myworkdayjobs.com/DSG/job/Store0319-Wayne-NJ/XMLNAME-10115-RETAIL-SALES-ASSOCIATE-TEAM-SPORTS_202601332/apply,200
20260315074829,https://dickssportinggoods.wd1.myworkdayjobs.com/DSG/job/Store0320-Dale-City-VA/Retail-Lacrosse-Service-Specialist_202600699/apply,200
20240919015015,https://dickssportinggoods.wd1.myworkdayjobs.com/DSG/job/Store0320-Dale-City-VA/Retail-Sales-Associate-Lodge_202405189/apply,200
20260214044445,https://dickssportinggoods.wd1.myworkdayjobs.com/DSG/job/Store0321-Murfreesboro-TN/Retail-Sales-Associate-Footwear_202518303/apply,200
20260208051935,https://dickssportinggoods.wd1.myworkdayjobs.com/DSG/job/Store0323-Florence-SC/Retail-Sales-Associate-Golf_202519941/apply,200
20250809111446,https://dickssportinggoods.wd1.myworkdayjobs.com/DSG/job/Store0323-Florence-SC/Retail-Store-Administrative-Assistant_202511117/apply,200
20260214040752,https://dickssportinggoods.wd1.myworkdayjobs.com/DSG/job/Store0325-Columbus-GA/Retail-Cashier_202600096/apply,200
20260208051147,https://dickssportinggoods.wd1.myworkdayjobs.com/DSG/job/Store0325-Columbus-GA/Retail-Sales-Associate-Golf_202600092/apply,200
20260208041133,https://dickssportinggoods.wd1.myworkdayjobs.com/DSG/job/Store0325-Columbus-GA/Retail-Sales-Associate-Team-Sports_202600094/apply,200
20260315083714,https://dickssportinggoods.wd1.myworkdayjobs.com/DSG/job/Store0327-Rivergate-TN/Retail-Sales-Associate-Footwear_202601489/apply,200
20260315080305,https://dickssportinggoods.wd1.myworkdayjobs.com/DSG/job/Store0327-Rivergate-TN/Retail-Sales-Associate-Team-Sports_202601488-1/apply,200
20260208044109,https://dickssportinggoods.wd1.myworkdayjobs.com/DSG/job/Store0333-Alpharetta-GA/Retail-Sales-Lead---Apparel_202517251-1/apply,200
20260315083630,https://dickssportinggoods.wd1.myworkdayjobs.com/DSG/job/Store0334-West-Bradenton-FL/Retail-Golf-Associate_202601262/apply,200
20240919013728,https://dickssportinggoods.wd1.myworkdayjobs.com/DSG/job/Store0334-West-Bradenton-FL/Retail-Sales-Leader---Front-End_202403752/apply,200
20260208050853,https://dickssportinggoods.wd1.myworkdayjobs.com/DSG/job/Store0337-Dothan-AL/Retail-Operations-Teammate_202519666/apply,200
20260310102843,https://dickssportinggoods.wd1.myworkdayjobs.com/DSG/job/Store0337-Dothan-AL/Retail-Sales-Golf-Associate_202600927/apply,200
20240919013246,https://dickssportinggoods.wd1.myworkdayjobs.com/DSG/job/Store0342-Portland-OR/Assistant-Store-Manager---Apparel_202406368/apply,200
20260315084311,https://dickssportinggoods.wd1.myworkdayjobs.com/DSG/job/Store0342-Portland-OR/Retail-Sales-Associate-Footwear--15-25-hours-weekly-_202601118/apply,200
20260214045228,https://dickssportinggoods.wd1.myworkdayjobs.com/DSG/job/Store0342-Portland-OR/Retail-Sales-Lead-Lodge_202517024/apply,200
20260515170125,https://dickssportinggoods.wd1.myworkdayjobs.com/DSG/job/Store0348-St-Peters-MO/Golf-Teammate--Part-Time_202602905/apply,200
20240918235008,https://dickssportinggoods.wd1.myworkdayjobs.com/DSG/job/Store0360-Chesterfield-MI/Retail-Bike-Technician_202406064/apply,200
20240919020513,https://dickssportinggoods.wd1.myworkdayjobs.com/DSG/job/Store0360-Chesterfield-MI/Retail-Cashier_202404235/apply,200
20240919000244,https://dickssportinggoods.wd1.myworkdayjobs.com/DSG/job/Store0363-Gilbert-AZ/Retail-Sales-Associate-Footwear_202406069/apply,200
20260208051022,https://dickssportinggoods.wd1.myworkdayjobs.com/DSG/job/Store0363-Gilbert-AZ/XMLNAME-10158-Golf-Expert_202517922/apply,200
20260315083231,https://dickssportinggoods.wd1.myworkdayjobs.com/DSG/job/Store0364-Glendale-AZ/Retail-Sales-Associate-Lodge_202600315/apply,200
20260214044054,https://dickssportinggoods.wd1.myworkdayjobs.com/DSG/job/Store0369-Carbondale-IL/retail-store-administrative-assistant_202517975/apply,200
20260414221910,https://dickssportinggoods.wd1.myworkdayjobs.com/DSG/job/Store0373-Ocala-FL/Retail-Cashier_202601850/apply,200
20250809111211,https://dickssportinggoods.wd1.myworkdayjobs.com/DSG/job/Store0373-Ocala-FL/Retail-Customer-Service-Specialist---Part-Time_202511109/apply,200
20260315082210,https://dickssportinggoods.wd1.myworkdayjobs.com/DSG/job/Store0375-Cordova-TN/Retail-Sales-Associate-Footwear_202600888/apply,200
20250426235123,https://dickssportinggoods.wd1.myworkdayjobs.com/DSG/job/Store0376-Memphis-TN/Price-and-Signage-Lead_202504252/apply,200
20260315075037,https://dickssportinggoods.wd1.myworkdayjobs.com/DSG/job/Store0380-Green-Bay-WI/Retail-Sales-Associate-Bikes---Fitness_202600898/apply,200
20240919012730,https://dickssportinggoods.wd1.myworkdayjobs.com/DSG/job/Store0385-Oxford-AL/Retail-Sales-Associate-Lodge_202320037/apply,200
20260214052704,https://dickssportinggoods.wd1.myworkdayjobs.com/DSG/job/Store0386-Shreveport-LA/Retail-Cashier_202517791/apply,200
20240919003005,https://dickssportinggoods.wd1.myworkdayjobs.com/DSG/job/Store0387-Galleria-TX/Retail-Sales-Associate-Team-Sports_202405925/apply,200
20260310090536,https://dickssportinggoods.wd1.myworkdayjobs.com/DSG/job/Store0389-Selinsgrove-PA/Retail-Sales-Associate-Golf_202601699/apply,200
20260208043547,https://dickssportinggoods.wd1.myworkdayjobs.com/DSG/job/Store0389-Selinsgrove-PA/Retail-Sales-Lead-Golf---Key-Holder_202519241/apply,200
20260414220706,https://dickssportinggoods.wd1.myworkdayjobs.com/DSG/job/Store0405-Dublin-OH/Retail-Sales-Associate-Team-Sports_202603000/apply,200
20240919014109,https://dickssportinggoods.wd1.myworkdayjobs.com/DSG/job/Store0407-Woodbury-MN/Retail-Operations-Associate_202407041/apply,200
20260414215131,https://dickssportinggoods.wd1.myworkdayjobs.com/DSG/job/Store0407-Woodbury-MN/Retail-Operations-Associate_202602327-1/apply,200
20260515171553,https://dickssportinggoods.wd1.myworkdayjobs.com/DSG/job/Store0407-Woodbury-MN/Retail-Sales-Associate-Footwear_202603832/apply,200
20260414211050,https://dickssportinggoods.wd1.myworkdayjobs.com/DSG/job/Store0411-Richfield-MN/Retail-Cashier_202602829/apply,200
20260214040049,https://dickssportinggoods.wd1.myworkdayjobs.com/DSG/job/Store0411-Richfield-MN/Retail-Operations-Associate_202518901/apply,200
20260214052536,https://dickssportinggoods.wd1.myworkdayjobs.com/DSG/job/Store0411-Richfield-MN/Retail-Price-and-Signage-Lead_202518903/apply,200
20260315083930,https://dickssportinggoods.wd1.myworkdayjobs.com/DSG/job/Store0411-Richfield-MN/Retail-Sales-Associate---Team-Sports_202601439/apply,200
20260414214051,https://dickssportinggoods.wd1.myworkdayjobs.com/DSG/job/Store0412-Schaumburg-IL/Retail-Associate-Team-Sports_202603504/apply,200
20260315080742,https://dickssportinggoods.wd1.myworkdayjobs.com/DSG/job/Store0412-Schaumburg-IL/Retail-Bike-Technician_202601008/apply,200
20260310095937,https://dickssportinggoods.wd1.myworkdayjobs.com/DSG/job/Store0412-Schaumburg-IL/Retail-Cashier_202601009/apply,200
20260615020932,https://dickssportinggoods.wd1.myworkdayjobs.com/DSG/job/Store0412-Schaumburg-IL/Retail-Loss-Prevention---Safety-Lead_202605699/apply,200
20260515162751,https://dickssportinggoods.wd1.myworkdayjobs.com/DSG/job/Store0412-Schaumburg-IL/Retail-Sales-Associate-Footwear_202601013/apply,200
20260310092719,https://dickssportinggoods.wd1.myworkdayjobs.com/DSG/job/Store0412-Schaumburg-IL/Retail-Sales-Associate-Golf_202601011/apply,200
20260315085628,https://dickssportinggoods.wd1.myworkdayjobs.com/DSG/job/Store0414-Washingtonian-MD/Retail-Equipment-Services-Technician_202601010-1/apply,200
20260208045042,https://dickssportinggoods.wd1.myworkdayjobs.com/DSG/job/Store0414-Washingtonian-MD/Retail-Outdoor-Associate_202600287/apply,200
20260214051636,https://dickssportinggoods.wd1.myworkdayjobs.com/DSG/job/Store0414-Washingtonian-MD/Retail-Rock-Climbing-Lead_202600292/apply,200
20260310101958,https://dickssportinggoods.wd1.myworkdayjobs.com/DSG/job/Store0414-Washingtonian-MD/Retail-Sales-Lead-Footwear_202601678/apply,200
20260310091203,https://dickssportinggoods.wd1.myworkdayjobs.com/DSG/job/Store0414-Washingtonian-MD/Retail-Sales-Lead-Golf_202601136/apply,200
20260315075132,https://dickssportinggoods.wd1.myworkdayjobs.com/DSG/job/Store0414-Washingtonian-MD/Retail-Sales-Lead-Team-Sport_202601137/apply,200
20260315074553,https://dickssportinggoods.wd1.myworkdayjobs.com/DSG/job/Store0414-Washingtonian-MD/Retail-Sales-Leader-Front-End_202601131/apply,200
20260310095554,https://dickssportinggoods.wd1.myworkdayjobs.com/DSG/job/Store0418-Lenox-GA/Retail-Footwear-Associate_202601665/apply,200
20260214040857,https://dickssportinggoods.wd1.myworkdayjobs.com/DSG/job/Store0418-Lenox-GA/Retail-Sales-Lead-Golf_202517210/apply,200
20260310102110,https://dickssportinggoods.wd1.myworkdayjobs.com/DSG/job/Store0419-Mall-of-Georgia-GA/Retail-Sales-Associate-Bikes---Fitness_202600808/apply,200
20260414220441,https://dickssportinggoods.wd1.myworkdayjobs.com/DSG/job/Store0419-Mall-of-Georgia-GA/Retail-Sales-Associate-Footwear_202602325/apply,200
20240919015235,https://dickssportinggoods.wd1.myworkdayjobs.com/DSG/job/Store0419-Mall-of-Georgia-GA/Retail-Sales-Associate-Golf_202406520/apply,200
20260310092556,https://dickssportinggoods.wd1.myworkdayjobs.com/DSG/job/Store0419-Mall-of-Georgia-GA/Retail-Sales-Associate-Golf_202600809/apply,200
20260315073943,https://dickssportinggoods.wd1.myworkdayjobs.com/DSG/job/Store0419-Mall-of-Georgia-GA/Retail-Sales-Associate-Team-Sports_202600806/apply,200
20251118050305,https://dickssportinggoods.wd1.myworkdayjobs.com/DSG/job/Store0419-Mall-of-Georgia-GA/Seasonal-Retail-Sales-Associate_202515927-1/apply,200
20260315080224,https://dickssportinggoods.wd1.myworkdayjobs.com/DSG/job/Store0420-Rivertown-MI/Retail-Operations-Associate_202601481/apply,200
20260310103604,https://dickssportinggoods.wd1.myworkdayjobs.com/DSG/job/Store0421-Stonebriar-TX/Retail-Sales-Associate-Apparel_202601060/apply,200
20260315081923,https://dickssportinggoods.wd1.myworkdayjobs.com/DSG/job/Store0421-Stonebriar-TX/Retail-Sales-Associate-Footwear_202601058/apply,200
20260315082652,https://dickssportinggoods.wd1.myworkdayjobs.com/DSG/job/Store0423-Flatiron-CO/Retail-Sales-Lead-Apparel_202600971/apply,200
20260310095841,https://dickssportinggoods.wd1.myworkdayjobs.com/DSG/job/Store0425-Oxmoor-KY/Retail-Customer-Service-Leader_202600829/apply,200
20260310092314,https://dickssportinggoods.wd1.myworkdayjobs.com/DSG/job/Store0425-Oxmoor-KY/Retail-Customer-Service-Specialist_202601602/apply,200
20260515162609,https://dickssportinggoods.wd1.myworkdayjobs.com/DSG/job/Store0435-Danvers-MA/Retail-Sales-Associate-Lodge_202602531/apply,200
20260515171843,https://dickssportinggoods.wd1.myworkdayjobs.com/DSG/job/Store0435-Danvers-MA/Retail-Sales-Associate-Team-Sports-Thursdays-and-Sundays_202602526/apply,200
20251220124749,https://dickssportinggoods.wd1.myworkdayjobs.com/DSG/job/Store0436-Park-Meadows-CO/Retail-Cashier_202519396/apply,200
20251220124742,https://dickssportinggoods.wd1.myworkdayjobs.com/DSG/job/Store0436-Park-Meadows-CO/Retail-Cashier_202519396/apply?source=Appcast_IndeedO&_ccid=1765942637197bpyksm8ae&ittk=YABW3ELJSI,200
20251217033901,https://dickssportinggoods.wd1.myworkdayjobs.com/DSG/job/Store0436-Park-Meadows-CO/Retail-Cashier_202519396?source=Appcast_IndeedO&_ccid=1765942637197bpyksm8ae&ittk=YABW3ELJSI,200
20260615013838,https://dickssportinggoods.wd1.myworkdayjobs.com/DSG/job/Store0436-Park-Meadows-CO/Retail-Sales-Associate-Footwear_202607167/apply,200
20260315084816,https://dickssportinggoods.wd1.myworkdayjobs.com/DSG/job/Store0436-Park-Meadows-CO/Retail-Sales-Associate-Golf_202600938/apply,200
20260128120440,https://dickssportinggoods.wd1.myworkdayjobs.com/DSG/job/Store0436-Park-Meadows-CO/Retail-Sales-Associate-Team-Sports_202600937/apply?source=Appcast_IndeedO&_ccid=1765942637197bpyksm8ae&ittk=D0QAELYFPF,200
20260121010203,https://dickssportinggoods.wd1.myworkdayjobs.com/DSG/job/Store0436-Park-Meadows-CO/Retail-Sales-Associate-Team-Sports_202600937?source=Appcast_IndeedO&_ccid=1765942637197bpyksm8ae&ittk=D0QAELYFPF,200
20260214041104,https://dickssportinggoods.wd1.myworkdayjobs.com/DSG/job/Store0437-Niles-IL/Retail-Operations-Associate_202600054/apply,200
20260315074232,https://dickssportinggoods.wd1.myworkdayjobs.com/DSG/job/Store0442-Geneva-IL/Retail-Sales-Associate-Apparel_202601108/apply,200
20260615014456,https://dickssportinggoods.wd1.myworkdayjobs.com/DSG/job/Store0449-Omaha-II-NE/Retail-Cashier_202607172/apply,200
20240919012631,https://dickssportinggoods.wd1.myworkdayjobs.com/DSG/job/Store0449-Omaha-II-NE/Retail-Sales-Associate-Apparel_202400648/apply,200
20260615021739,https://dickssportinggoods.wd1.myworkdayjobs.com/DSG/job/Store0449-Omaha-II-NE/Retail-Sales-Associate-Apparel_202607160/apply,200
20260310100540,https://dickssportinggoods.wd1.myworkdayjobs.com/DSG/job/Store0449-Omaha-II-NE/Retail-Sales-Associate-Golf_202600862/apply,200
20260414214313,https://dickssportinggoods.wd1.myworkdayjobs.com/DSG/job/Store0449-Omaha-II-NE/Retail-Sales-Lead-Apparel_202602127/apply,200
20240919015606,https://dickssportinggoods.wd1.myworkdayjobs.com/DSG/job/Store0449-Omaha-II-NE/Retail-Sales-Leader---Front-End_202406519/apply,200
20260310095222,https://dickssportinggoods.wd1.myworkdayjobs.com/DSG/job/Store0450-Woodbridge-NJ/Retail-Sales-Associate-Golf_202600549/apply,200
20260515174141,https://dickssportinggoods.wd1.myworkdayjobs.com/DSG/job/Store0451-Hoover-AL/Retail-Operations-Associate_202603513/apply,200
20260214052608,https://dickssportinggoods.wd1.myworkdayjobs.com/DSG/job/Store0452-West-County-MO/Retail-Operations-Associate--4AM-TRUCKS-_202518952/apply,200
20260208043518,https://dickssportinggoods.wd1.myworkdayjobs.com/DSG/job/Store0456-Glenview-IL/Retail-Cashier_202600039/apply,200
20260515163501,https://dickssportinggoods.wd1.myworkdayjobs.com/DSG/job/Store0456-Glenview-IL/Retail-Sales-Associate-Bikes---Fitness_202605842/apply,200
20260208045813,https://dickssportinggoods.wd1.myworkdayjobs.com/DSG/job/Store0456-Glenview-IL/Retail-Sales-Associate-Bikes-and-Fitness_202515123/apply,200
20260310103649,https://dickssportinggoods.wd1.myworkdayjobs.com/DSG/job/Store0456-Glenview-IL/Retail-Sales-Lead-Team-Sport_202600500/apply,200
20260214033610,https://dickssportinggoods.wd1.myworkdayjobs.com/DSG/job/Store0464-Roosevelt-Field-NY/Omni-Fulfillment_202518430/apply,200
20260514170758,https://dickssportinggoods.wd1.myworkdayjobs.com/dsg/job/Store0464-Roosevelt-Field-NY/Retail-Operations-Overnight_202606870,200
20260514170758,https://dickssportinggoods.wd1.myworkdayjobs.com/dsg/job/Store0464-Roosevelt-Field-NY/Retail-Sales-Associate-Apparel_202607455,200
20260514170758,https://dickssportinggoods.wd1.myworkdayjobs.com/dsg/job/Store0464-Roosevelt-Field-NY/Retail-Sales-Associate-Bikes-and-Fitness_202606243,200
20260515163354,https://dickssportinggoods.wd1.myworkdayjobs.com/DSG/job/Store0464-Roosevelt-Field-NY/Retail-Sales-Associate-Footwear_202604920/apply,200
20260514170758,https://dickssportinggoods.wd1.myworkdayjobs.com/dsg/job/Store0464-Roosevelt-Field-NY/Retail-Sales-Golf-Teammate-Tech_202606259,200
20260315080456,https://dickssportinggoods.wd1.myworkdayjobs.com/DSG/job/Store0466-Lakewood-CO/Retail-Bike-Technician_202601046/apply,200
20260515163216,https://dickssportinggoods.wd1.myworkdayjobs.com/DSG/job/Store0466-Lakewood-CO/Retail-Run-Ambassador_202605812/apply,200
20260315080141,https://dickssportinggoods.wd1.myworkdayjobs.com/DSG/job/Store0466-Lakewood-CO/Retail-Sales-Associate-Apparel_202601066/apply,200
20260515161215,https://dickssportinggoods.wd1.myworkdayjobs.com/DSG/job/Store0466-Lakewood-CO/Retail-Sales-Associate-Apparel_202605810/apply,200
20260315084946,https://dickssportinggoods.wd1.myworkdayjobs.com/DSG/job/Store0466-Lakewood-CO/Retail-Sales-Associate-Footwear_202601565/apply,200
20260208043255,https://dickssportinggoods.wd1.myworkdayjobs.com/DSG/job/Store0468-North-Olmsted-OH/Retail-Operations-Associate_202517395/apply,200
20260214051833,https://dickssportinggoods.wd1.myworkdayjobs.com/DSG/job/Store0471-Charlotte-NC/Retail-Sales-Associate-Apparel_202516699-1/apply,200
20260310091125,https://dickssportinggoods.wd1.myworkdayjobs.com/DSG/job/Store0471-Charlotte-NC/Retail-Sales-Associate-Team-Sports_202601357/apply,200
20260214051018,https://dickssportinggoods.wd1.myworkdayjobs.com/DSG/job/Store0471-Charlotte-NC/XMLNAME-10158-Golf-Expert_202518327/apply,200
20260515163109,https://dickssportinggoods.wd1.myworkdayjobs.com/DSG/job/Store0475-Traders-Point-IN/Retail-Cashier_202602519/apply,200
20260515172855,https://dickssportinggoods.wd1.myworkdayjobs.com/DSG/job/Store0475-Traders-Point-IN/Retail-Sales-Associate-Apparel_202604426/apply,200
20260515165710,https://dickssportinggoods.wd1.myworkdayjobs.com/DSG/job/Store0475-Traders-Point-IN/Retail-Sales-Associate-Footwear_202602518/apply,200
20260315073833,https://dickssportinggoods.wd1.myworkdayjobs.com/DSG/job/Store0476-Algonquin-IL/Retail-Cashier_202601026/apply,200
20260310094108,https://dickssportinggoods.wd1.myworkdayjobs.com/DSG/job/Store0476-Algonquin-IL/Retail-Customer-Service-Specialist_202601029/apply,200
20260315080641,https://dickssportinggoods.wd1.myworkdayjobs.com/DSG/job/Store0476-Algonquin-IL/Retail-Sales-Associate-Apparel_202601028/apply,200
20260310093554,https://dickssportinggoods.wd1.myworkdayjobs.com/DSG/job/Store0476-Algonquin-IL/Retail-Sales-Associate-Footwear_202601027/apply,200
20260315085528,https://dickssportinggoods.wd1.myworkdayjobs.com/DSG/job/Store0476-Algonquin-IL/Retail-Sales-Associate-Golf_202601030/apply,200
20260315080100,https://dickssportinggoods.wd1.myworkdayjobs.com/DSG/job/Store0476-Algonquin-IL/Retail-Sales-Associate-Team-Sports_202601031/apply,200
20260214045946,https://dickssportinggoods.wd1.myworkdayjobs.com/DSG/job/Store0602-Robinson-PA/Retail-Cashier_202519527/apply,200
20240919015533,https://dickssportinggoods.wd1.myworkdayjobs.com/DSG/job/Store0602-Robinson-PA/Retail-Golf-Equipment-Sales-Associate_202402830/apply,200
20260315081846,https://dickssportinggoods.wd1.myworkdayjobs.com/DSG/job/Store0602-Robinson-PA/Retail-Softlines-Sales-Associate_202519499/apply,200
20260214034317,https://dickssportinggoods.wd1.myworkdayjobs.com/DSG/job/Store0602-Robinson-PA/Retail-Softlines-Sales-Lead_202519500/apply,200
20240919004807,https://dickssportinggoods.wd1.myworkdayjobs.com/DSG/job/Store0609-Escondido-CA/Retail-Sales-Associate-Apparel_202403651/apply,200
20250809123957,https://dickssportinggoods.wd1.myworkdayjobs.com/DSG/job/Store0613-Manhattan-KS/Retail-Sales-Associate-Golf_202509213/apply,200
20260315083254,https://dickssportinggoods.wd1.myworkdayjobs.com/DSG/job/Store0615-El-Cajon-CA/Retail-Loss-Prevention-Lead_202600984/apply,200
20240919015422,https://dickssportinggoods.wd1.myworkdayjobs.com/DSG/job/Store0616-Nashua-NH/Retail-Freight-Flow-Lead--OVERNIGHT_202405709/apply,200
20260208042225,https://dickssportinggoods.wd1.myworkdayjobs.com/DSG/job/Store0616-Nashua-NH/Retail-Loss-Prevention-Lead_202518298-1/apply,200
20250427004859,https://dickssportinggoods.wd1.myworkdayjobs.com/DSG/job/Store0617-Daphne-AL/Apparel-Retail-Sales-Associate_202504367/apply,200
20260310090451,https://dickssportinggoods.wd1.myworkdayjobs.com/DSG/job/Store0622-Fresno-CA/Loss-Prevention-Lead_202601495/apply,200
20250311055640,https://dickssportinggoods.wd1.myworkdayjobs.com/DSG/job/Store0623-Clovis-CA/Customer-Service-Specialist_202504087?source=Appcast_IndeedO&_ccid=17416725881194rjanuth9&ittk=H9KQNZXZNI,200
20260315084203,https://dickssportinggoods.wd1.myworkdayjobs.com/DSG/job/Store0626-Staten-Island-NY/Retail-Customer-Service-Specialist_202600948/apply,200
20260315080533,https://dickssportinggoods.wd1.myworkdayjobs.com/DSG/job/Store0626-Staten-Island-NY/Retail-Sales-Associate-Footwear_202600947/apply,200
20260315082004,https://dickssportinggoods.wd1.myworkdayjobs.com/DSG/job/Store0629-Fort-Smith-AR/Retail-Sales-Associate-Golf_202600592/apply,200
20260704040056,https://dickssportinggoods.wd1.myworkdayjobs.com/dsg/job/Store0629-Fort-Smith-AR/Specialist-Footwear_202621525,200
20260704040057,https://dickssportinggoods.wd1.myworkdayjobs.com/dsg/job/Store0629-Fort-Smith-AR/Specialist-Off-Field-Operations_202618419,200
20260704040057,https://dickssportinggoods.wd1.myworkdayjobs.com/dsg/job/Store0629-Fort-Smith-AR/Teammate---On-Field-Operations_202613862-1,200
20260704040057,https://dickssportinggoods.wd1.myworkdayjobs.com/dsg/job/Store0629-Fort-Smith-AR/Teammate--Apparel_202613865-1,200
20260310101850,https://dickssportinggoods.wd1.myworkdayjobs.com/DSG/job/Store0634-Layton-UT/Retail-Sales-Leader---Front-End_202601255-1/apply,200
20260214035341,https://dickssportinggoods.wd1.myworkdayjobs.com/DSG/job/Store0638-South-Hills-PA/Retail-Fitness-Lead_202516837-1/apply,200
20260315083424,https://dickssportinggoods.wd1.myworkdayjobs.com/DSG/job/Store0638-South-Hills-PA/Retail-Sales-Lead-Apparel_202601423-1/apply,200
20260208042737,https://dickssportinggoods.wd1.myworkdayjobs.com/DSG/job/Store0638-South-Hills-PA/Retail-Sales-Leader---Front-End_202516835/apply,200
20260208053837,https://dickssportinggoods.wd1.myworkdayjobs.com/DSG/job/Store0641-Gainesville-VA/Retail-Cashier_202519002/apply,200
20260214042633,https://dickssportinggoods.wd1.myworkdayjobs.com/DSG/job/Store0641-Gainesville-VA/Retail-Customer-Service-Specialist_202518150/apply,200
20260414220259,https://dickssportinggoods.wd1.myworkdayjobs.com/DSG/job/Store0641-Gainesville-VA/Retail-Sales-Associate-Apparel_202602085/apply,200
20260214043249,https://dickssportinggoods.wd1.myworkdayjobs.com/DSG/job/Store0641-Gainesville-VA/Retail-Sales-Associate-Golf_202518675/apply,200
20260214050613,https://dickssportinggoods.wd1.myworkdayjobs.com/DSG/job/Store0643-Naperville-IL/Retail-Freight-Flow-Lead_202600427/apply,200
20260214035902,https://dickssportinggoods.wd1.myworkdayjobs.com/DSG/job/Store0643-Naperville-IL/Retail-Operations-Associate_202600429-1/apply,200
20260414213642,https://dickssportinggoods.wd1.myworkdayjobs.com/DSG/job/Store0644-Brunswick-GA/Retail-Sales-Associate-Golf_202602047/apply,200
20260208041227,https://dickssportinggoods.wd1.myworkdayjobs.com/DSG/job/Store0646-West-Chesterfield-VA/Retail-Freight-Flow-Lead_202517671/apply,200
20260310095621,https://dickssportinggoods.wd1.myworkdayjobs.com/DSG/job/Store0646-West-Chesterfield-VA/Retail-Sales-Lead-Apparel_202600678/apply,200
20260214050448,https://dickssportinggoods.wd1.myworkdayjobs.com/DSG/job/Store0662-Hot-Springs-AR/Seasonal-Retail-Sales-Associate_202519687/apply,200
20240919011353,https://dickssportinggoods.wd1.myworkdayjobs.com/DSG/job/Store0667-Albany-NY/Retail-Golf-Associate_202404624/apply,200
20260615021919,https://dickssportinggoods.wd1.myworkdayjobs.com/DSG/job/Store0667-Albany-NY/Retail-Running-Expert_202603808/apply,200
20260515171744,https://dickssportinggoods.wd1.myworkdayjobs.com/DSG/job/Store0669-Pembroke-Pines-FL/Retail-Sales-Associate-Lodge_202605830/apply,200
20260315085512,https://dickssportinggoods.wd1.myworkdayjobs.com/DSG/job/Store0670-Hillsboro-OR/Retail-Customer-Service-Specialist_202600532/apply,200
20260315082743,https://dickssportinggoods.wd1.myworkdayjobs.com/DSG/job/Store0670-Hillsboro-OR/Retail-Sales-Lead-Apparel_202600535/apply,200
20260315075011,https://dickssportinggoods.wd1.myworkdayjobs.com/DSG/job/Store0672-Paramus-NJ/Retail-Operations-Associate_202601366/apply,200
20240919013647,https://dickssportinggoods.wd1.myworkdayjobs.com/DSG/job/Store0673-Eugene-OR/retail-associate-bike-tech_202404289/apply,200
20260315085705,https://dickssportinggoods.wd1.myworkdayjobs.com/DSG/job/Store0673-Eugene-OR/Retail-Sales-Associate-Team-Sports_202601193/apply,200
20260208051418,https://dickssportinggoods.wd1.myworkdayjobs.com/DSG/job/Store0674-Salem-OR/Retail-Sales-Associate-Footwear_202515429/apply,200
20260315083141,https://dickssportinggoods.wd1.myworkdayjobs.com/DSG/job/Store0674-Salem-OR/Retail-Sales-Leader---Front-End_202600548/apply,200
20260315082509,https://dickssportinggoods.wd1.myworkdayjobs.com/DSG/job/Store0675-Lake-Oswego-OR/Retail-Baseball-Ambassador_202601384/apply,200
20260214034858,https://dickssportinggoods.wd1.myworkdayjobs.com/DSG/job/Store0675-Lake-Oswego-OR/Retail-Sales-Associate-Apparel_202519741/apply,200
20260214050545,https://dickssportinggoods.wd1.myworkdayjobs.com/DSG/job/Store0676-Bend-OR/Retail-Customer-Service-Specialist_202519944/apply,200
20260315082855,https://dickssportinggoods.wd1.myworkdayjobs.com/DSG/job/Store0676-Bend-OR/Retail-Sales-Leader-Front-End_202601109/apply,200
20240919020141,https://dickssportinggoods.wd1.myworkdayjobs.com/DSG/job/Store0678-Hayden-Meadows-OR/Retail-Sales-Lead-Footwear_202403945/apply,200
20260615012133,https://dickssportinggoods.wd1.myworkdayjobs.com/DSG/job/Store0681-Vernon-Hills-IL/Retail-Cashier_202605310/apply,200
20250426232917,https://dickssportinggoods.wd1.myworkdayjobs.com/DSG/job/Store0682-Daytona-Beach-FL/Retail-Sales-Lead--Footwear_202504371/apply,200
20240919015159,https://dickssportinggoods.wd1.myworkdayjobs.com/DSG/job/Store0684-Boynton-Beach-FL/Retail-Sales-Associate-Footwear_202407761/apply,200
20240919014831,https://dickssportinggoods.wd1.myworkdayjobs.com/DSG/job/Store0686-Boardman-OH/Retail-Cashier--Part-Time-_202404685/apply,200
20240919000113,https://dickssportinggoods.wd1.myworkdayjobs.com/DSG/job/Store0686-Boardman-OH/Retail-Sales-Associate--Golf--Part-Time-_202404682/apply,200
20260315082415,https://dickssportinggoods.wd1.myworkdayjobs.com/DSG/job/Store0687-Bloomfield-MI/Retail-Sales-Associate-Golf_202601562/apply,200
20250522053803,https://dickssportinggoods.wd1.myworkdayjobs.com/DSG/job/Store0690-White-Plains-NY/Retail-sales-apparel-lead_202504354/apply,200
20260310094302,https://dickssportinggoods.wd1.myworkdayjobs.com/DSG/job/Store0691-Gastonia-NC/Retail-Cashier_202601634/apply,200
20260315082917,https://dickssportinggoods.wd1.myworkdayjobs.com/DSG/job/Store0691-Gastonia-NC/Retail-Sales-Lead-Team-Sports_202601002/apply,200
20260310103838,https://dickssportinggoods.wd1.myworkdayjobs.com/DSG/job/Store0693-Westminster-MD/Retail-Sales-Associate-Apparel_202600905/apply,200
20260615011629,https://dickssportinggoods.wd1.myworkdayjobs.com/DSG/job/Store0694-Glen-Burnie-MD/Golf-Associate_202606167/apply,200
20260515170656,https://dickssportinggoods.wd1.myworkdayjobs.com/DSG/job/Store0694-Glen-Burnie-MD/Operations-Associate_202603825/apply,200
20260315084145,https://dickssportinggoods.wd1.myworkdayjobs.com/DSG/job/Store0694-Glen-Burnie-MD/retail-sales-associate-apparel_202601777/apply,200
20260214045132,https://dickssportinggoods.wd1.myworkdayjobs.com/DSG/job/Store0695-Dubuque-IA/Assistant-Store-Manager-Softlines_202517323/apply,200
20260208053508,https://dickssportinggoods.wd1.myworkdayjobs.com/DSG/job/Store0695-Dubuque-IA/Retail-Sales-Associate---Apparel_202519495/apply,200
20260515163950,https://dickssportinggoods.wd1.myworkdayjobs.com/DSG/job/Store0696-Paducah-KY/Retail-Cashier_202605799/apply,200
20260214045003,https://dickssportinggoods.wd1.myworkdayjobs.com/DSG/job/Store0697-Bakersfield-CA/Assistant-Store-Manager_202518041/apply,200
20260214035220,https://dickssportinggoods.wd1.myworkdayjobs.com/DSG/job/Store0697-Bakersfield-CA/Retail-Sales-Lead-Golf_202518329-1/apply,200
20260315074646,https://dickssportinggoods.wd1.myworkdayjobs.com/DSG/job/Store0706-SW-Orlando-FL/Administrative-Assistant_202601209/apply,200
20240919000022,https://dickssportinggoods.wd1.myworkdayjobs.com/DSG/job/Store0706-SW-Orlando-FL/Retail-Bike-Technician_202405068/apply,200
20260315085216,https://dickssportinggoods.wd1.myworkdayjobs.com/DSG/job/Store0706-SW-Orlando-FL/Retail-Sales-Associate-Apparel_202601208/apply,200
20260214044417,https://dickssportinggoods.wd1.myworkdayjobs.com/DSG/job/Store0706-SW-Orlando-FL/Retail-Sales-Associate-Golf_202517304/apply,200
20260310095103,https://dickssportinggoods.wd1.myworkdayjobs.com/DSG/job/Store0706-SW-Orlando-FL/Retail-Sales-Associate-Golf_202601237/apply,200
20260315083846,https://dickssportinggoods.wd1.myworkdayjobs.com/DSG/job/Store0714-Alliance-TX/Retail-Sales-Associate-Footwear_202600880/apply,200
20260315074918,https://dickssportinggoods.wd1.myworkdayjobs.com/DSG/job/Store0719-Manahawkin-NJ/Retail-Customer-Service-Specialist_202601380-1/apply,200
20260124002039,https://dickssportinggoods.wd1.myworkdayjobs.com/DSG/job/Store0719-Manahawkin-NJ/Retail-Footwear_202501149,200
20250318203045,https://dickssportinggoods.wd1.myworkdayjobs.com/DSG/job/Store0719-Manahawkin-NJ/Retail-Footwear_202501149?_ccid=1737982312133kxscjhwfc,200
20260310103730,https://dickssportinggoods.wd1.myworkdayjobs.com/DSG/job/Store0727-Sandusky-OH/Retail-Sales-Associate-Footwear_202601017/apply,200
20260310100914,https://dickssportinggoods.wd1.myworkdayjobs.com/DSG/job/Store0727-Sandusky-OH/Retail-Sales-Associate-Golf_202601004/apply,200
20260315074502,https://dickssportinggoods.wd1.myworkdayjobs.com/DSG/job/Store0727-Sandusky-OH/Retail-Sales-Lead-Apparel_202601015-1/apply,200
20260315081726,https://dickssportinggoods.wd1.myworkdayjobs.com/DSG/job/Store0731-Noblesville-IN/Customer-Service-Specialist--PT-Day-Eve-availability_202517010/apply,200
20260310100730,https://dickssportinggoods.wd1.myworkdayjobs.com/DSG/job/Store0731-Noblesville-IN/Retail-Sales-Apparel-Teammate--PT-Eve-Weekend_202601001/apply,200
20260214044610,https://dickssportinggoods.wd1.myworkdayjobs.com/DSG/job/Store0740-North-Macon-GA/Retail-Sales-Associate_202519073/apply,200
20260615021500,https://dickssportinggoods.wd1.myworkdayjobs.com/DSG/job/Store0740-North-Macon-GA/Retail-Sales-Associate_202605366/apply,200
20260208054349,https://dickssportinggoods.wd1.myworkdayjobs.com/DSG/job/Store0748-Wellington-FL/Retail-Sales-Associate-Lodge_202600219/apply,200
20240918235106,https://dickssportinggoods.wd1.myworkdayjobs.com/DSG/job/Store0750-Bradley-IL/Retail-Sales-Associate-Golf_202402759/apply,200
20250809120448,https://dickssportinggoods.wd1.myworkdayjobs.com/DSG/job/Store0760-Alcoa-TN/Retail-Sales-leader---Front-End_202511104/apply,200
20260208041804,https://dickssportinggoods.wd1.myworkdayjobs.com/DSG/job/Store0764-Pflugerville-TX/Retail-Sales-Associate-Footwear_202519569/apply,200
20260208050953,https://dickssportinggoods.wd1.myworkdayjobs.com/DSG/job/Store0764-Pflugerville-TX/Retail-Sales-Associate-Team-Sports_202600293/apply,200
20260310100824,https://dickssportinggoods.wd1.myworkdayjobs.com/DSG/job/Store0782-Horseheads-NY/Assistant-Store-Manager-Softlines_202600792/apply,200
20240919005133,https://dickssportinggoods.wd1.myworkdayjobs.com/DSG/job/Store0783-Columbia-MO/Front-End-Lead_202401649-1/apply,200
20260214040235,https://dickssportinggoods.wd1.myworkdayjobs.com/DSG/job/Store0783-Columbia-MO/Retail-Sales-Associate-Footwear_202519047/apply,200
20260124002340,https://dickssportinggoods.wd1.myworkdayjobs.com/DSG/job/Store0783-Columbia-MO/Retail-Sales-Associate-Golf_202519048/apply,200
20260214051721,https://dickssportinggoods.wd1.myworkdayjobs.com/DSG/job/Store0783-Columbia-MO/Retail-Sales-Leader---Front-End_202519374/apply,200
20260310100703,https://dickssportinggoods.wd1.myworkdayjobs.com/DSG/job/Store0784-DIberville-MS/Retail-Sales-Associate-Golf_202601801/apply,200
20260214034609,https://dickssportinggoods.wd1.myworkdayjobs.com/DSG/job/Store0795-New-Braunfels-TX/Retail-Freight-Flow-Lead_202516829/apply,200
20260615023501,https://dickssportinggoods.wd1.myworkdayjobs.com/DSG/job/Store0798-Martinsburg-WV/Retail-Running-Specialist_202600257/apply,200
20260208044733,https://dickssportinggoods.wd1.myworkdayjobs.com/DSG/job/Store0798-Martinsburg-WV/Retail-Running-Specialist_202600259/apply,200
20260310100108,https://dickssportinggoods.wd1.myworkdayjobs.com/DSG/job/Store0921-West-Covina-CA/Retail-Sales-Associate---Golf_202601274-1/apply,200
20260310095910,https://dickssportinggoods.wd1.myworkdayjobs.com/DSG/job/Store0921-West-Covina-CA/Retail-Sales-Associate---Team-Sports_202601277/apply,200
20260315075520,https://dickssportinggoods.wd1.myworkdayjobs.com/DSG/job/Store0921-West-Covina-CA/Retail-Sales-Associate_202601278-1/apply,200
20260615022916,https://dickssportinggoods.wd1.myworkdayjobs.com/DSG/job/Store0924-El-Segundo-CA/Retail-Operations-Associate_202603280/apply,200
20260208050925,https://dickssportinggoods.wd1.myworkdayjobs.com/DSG/job/Store0924-El-Segundo-CA/retail-sales-associate-apparel_202517944/apply,200
20260214052631,https://dickssportinggoods.wd1.myworkdayjobs.com/DSG/job/Store0924-El-Segundo-CA/retail-sales-associate-Bikes---Fitness_202517948/apply,200
20260208050656,https://dickssportinggoods.wd1.myworkdayjobs.com/DSG/job/Store0924-El-Segundo-CA/retail-sales-associate-footwear_202517945/apply,200
20260208043736,https://dickssportinggoods.wd1.myworkdayjobs.com/DSG/job/Store0924-El-Segundo-CA/retail-sales-associate-golf_202517947/apply,200
20260214045427,https://dickssportinggoods.wd1.myworkdayjobs.com/DSG/job/Store0925-Chino-CA/Retail-Cashier_202519710/apply,200
20260310101610,https://dickssportinggoods.wd1.myworkdayjobs.com/DSG/job/Store0925-Chino-CA/Retail-Sales-Associate-Apparel_202601641-1/apply,200
20260315080038,https://dickssportinggoods.wd1.myworkdayjobs.com/DSG/job/Store0927-Tustin-CA/Assistant-Store-Manager_202600502/apply,200
20260615011118,https://dickssportinggoods.wd1.myworkdayjobs.com/DSG/job/Store0927-Tustin-CA/Maintenance-Thursday-Monday-20-Hours_202607161/apply,200
20260615013344,https://dickssportinggoods.wd1.myworkdayjobs.com/DSG/job/Store0927-Tustin-CA/XMLNAME-2am-10am-Truck-Unload_202607162/apply,200
20260214045651,https://dickssportinggoods.wd1.myworkdayjobs.com/DSG/job/Store0932-Pasadena-CA/Retail-Bike-Technician_202517802/apply,200
20260615021232,https://dickssportinggoods.wd1.myworkdayjobs.com/DSG/job/Store0936-Fashion-Island-CA/Early-Morning-Retail-Operations-Associate_202604841/apply,200
20260310092008,https://dickssportinggoods.wd1.myworkdayjobs.com/DSG/job/Store0936-Fashion-Island-CA/Retail-Sales-Associate_202601345/apply,200
20260208050752,https://dickssportinggoods.wd1.myworkdayjobs.com/DSG/job/Store1000-Tulsa-Hills-OK/Retail-Sales-Lead-Apparel_202519510/apply,200
20240919020452,https://dickssportinggoods.wd1.myworkdayjobs.com/DSG/job/Store1002-Norcross-GA/Retail-Cashier_202407265/apply,200
20260615022906,https://dickssportinggoods.wd1.myworkdayjobs.com/DSG/job/Store1002-Norcross-GA/Seasonal-Retail-Sales-Associate_202606237/apply,200
20260315083950,https://dickssportinggoods.wd1.myworkdayjobs.com/DSG/job/Store1006-Portage-MI/Assistant-Store-Manager--Hardlines_202601735/apply,200
20260615013106,https://dickssportinggoods.wd1.myworkdayjobs.com/DSG/job/Store1007-St-George-UT/Retail-Sales-Associate-Apparel_202602542/apply,200
20250522052630,https://dickssportinggoods.wd1.myworkdayjobs.com/DSG/job/Store1010-San-Luis-Obispo-CA/Retail-Sales-Associate_202506220/apply,200
20260208044249,https://dickssportinggoods.wd1.myworkdayjobs.com/DSG/job/Store1011-Beckley-WV/Retail-Front-End-Sales-Leader_202518825/apply,200
20260214051612,https://dickssportinggoods.wd1.myworkdayjobs.com/DSG/job/Store1012-Cranberry-PA/Assistant-Store-Manager--Operations_202600162/apply,200
20260214052838,https://dickssportinggoods.wd1.myworkdayjobs.com/DSG/job/Store1012-Cranberry-PA/Retail-Customer-Service-Specialist_202516622-1/apply,200
20240919001153,https://dickssportinggoods.wd1.myworkdayjobs.com/DSG/job/Store1013-Ann-Arbor-MI/Retail-Cashier_202405221/apply,200
20260315080438,https://dickssportinggoods.wd1.myworkdayjobs.com/DSG/job/Store1013-Ann-Arbor-MI/Retail-Price-and-Signage-Lead_202601378/apply,200
20260310103337,https://dickssportinggoods.wd1.myworkdayjobs.com/DSG/job/Store1016-Hattiesburg-MS/retail-sales-associate_202601188/apply,200
20260208052213,https://dickssportinggoods.wd1.myworkdayjobs.com/DSG/job/Store1019-Ft-Lauderdale-FL/Retail-Golf-Club-Tech_202519877/apply,200
20260315075619,https://dickssportinggoods.wd1.myworkdayjobs.com/DSG/job/Store1021-Heath-OH/Apparel-Retail-Sales_202601760,200
20260515163036,https://dickssportinggoods.wd1.myworkdayjobs.com/DSG/job/Store1021-Heath-OH/Retail-Cashier-Weekends_202605811/apply,200
20260315073343,https://dickssportinggoods.wd1.myworkdayjobs.com/DSG/job/Store1021-Heath-OH/Retail-Cashier_202601691/apply,200
20260615011500,https://dickssportinggoods.wd1.myworkdayjobs.com/DSG/job/Store1022-Broken-Arrow-OK/retail--operations-associate_202602729/apply,200
20260214043055,https://dickssportinggoods.wd1.myworkdayjobs.com/DSG/job/Store1024-Morehead-City-NC/Sales-Associate-Apparel_202519339-1/apply,200
20260310102702,https://dickssportinggoods.wd1.myworkdayjobs.com/DSG/job/Store1026-San-Diego-CA/Seasonal-Retail-Sales-Associate_202600529/apply,200
20260515173953,https://dickssportinggoods.wd1.myworkdayjobs.com/DSG/job/Store1027-Hanover-MA/Retail-Bike-Technician_202604196/apply,200
20260515163002,https://dickssportinggoods.wd1.myworkdayjobs.com/DSG/job/Store1027-Hanover-MA/Retail-Sales-Associate-Team-Sports_202603864/apply,200
20260315082536,https://dickssportinggoods.wd1.myworkdayjobs.com/DSG/job/Store1028-Harrisonburg-VA/Retail-Cashier_202600687/apply,200
20251205184935,https://dickssportinggoods.wd1.myworkdayjobs.com/DSG/job/Store1028-Harrisonburg-VA/Retail-Sales-Associate-Footwear_202517369/apply,200
20260315075736,https://dickssportinggoods.wd1.myworkdayjobs.com/DSG/job/Store1028-Harrisonburg-VA/Retail-Sales-Associate-Golf_202600930/apply,200
20240919020000,https://dickssportinggoods.wd1.myworkdayjobs.com/DSG/job/Store1030-Northborough-MA/Retail-Cashier-Temporary_202407317-1/apply,200
20240919012202,https://dickssportinggoods.wd1.myworkdayjobs.com/DSG/job/Store1030-Northborough-MA/Retail-Sales-Associate-Team-Sports_202403469/apply,200
20260315075550,https://dickssportinggoods.wd1.myworkdayjobs.com/DSG/job/Store1032-Union-NJ/Retail-Operations-Associate_202601414/apply,200
20260515172823,https://dickssportinggoods.wd1.myworkdayjobs.com/DSG/job/Store1032-Union-NJ/Retail-Sales-Associate-Apparel_202601416/apply,200
20260310092351,https://dickssportinggoods.wd1.myworkdayjobs.com/DSG/job/Store1032-Union-NJ/Retail-Sales-Associate-Footwear_202601413/apply,200
20260615020453,https://dickssportinggoods.wd1.myworkdayjobs.com/DSG/job/Store1032-Union-NJ/Retail-Sales-Associate_202602817/apply,200
20260214052729,https://dickssportinggoods.wd1.myworkdayjobs.com/DSG/job/Store1032-Union-NJ/Retail-Sales-Golf-Lead_202600120-1/apply,200
20260310103550,https://dickssportinggoods.wd1.myworkdayjobs.com/DSG/job/Store1032-Union-NJ/Retail-Sales-Lead-Apparel_202601247/apply,200
20260315083735,https://dickssportinggoods.wd1.myworkdayjobs.com/DSG/job/Store1032-Union-NJ/Retail-Sales-Lead-Lodge_202601248/apply,200
20260315075253,https://dickssportinggoods.wd1.myworkdayjobs.com/DSG/job/Store1032-Union-NJ/Retail-Sales-Team-Sports_202601241/apply,200
20260310091304,https://dickssportinggoods.wd1.myworkdayjobs.com/DSG/job/Store1032-Union-NJ/Retail-Soccer-Ambassador_202601245/apply,200
20260315083652,https://dickssportinggoods.wd1.myworkdayjobs.com/DSG/job/Store1033-Oxnard-CA/Retail-Cashier_202601652/apply,200
20240919005504,https://dickssportinggoods.wd1.myworkdayjobs.com/DSG/job/Store1034-Albuquerque-NM/XMLNAME-10111---Retail-Sales-Associate-Bikes---Fitness_202407889/apply,200
20260208040917,https://dickssportinggoods.wd1.myworkdayjobs.com/DSG/job/Store1037-Lakeland-FL/Retail-Cashier_202600018/apply,200
20260310093046,https://dickssportinggoods.wd1.myworkdayjobs.com/DSG/job/Store1039-Pensacola-FL/Retail-Sales-Associate--Cashier_202601221/apply,200
20260214040606,https://dickssportinggoods.wd1.myworkdayjobs.com/DSG/job/Store1040-Monroe-LA/Retail-Cashier_202515255/apply,200
20260515171320,https://dickssportinggoods.wd1.myworkdayjobs.com/DSG/job/Store1045-Miamisburg-OH/Retail-Operations-Associate_202600220-1/apply,200
20260615015253,https://dickssportinggoods.wd1.myworkdayjobs.com/DSG/job/Store1046-Syracuse-NY/Bikes-and-Fitness-Retail-Sales-Associate_202606303/apply,200
20250809122646,https://dickssportinggoods.wd1.myworkdayjobs.com/DSG/job/Store1046-Syracuse-NY/Retail-Sales-Associate---Footwear_202511113/apply,200
20260214052332,https://dickssportinggoods.wd1.myworkdayjobs.com/DSG/job/Store1046-Syracuse-NY/Retail-Sales-Associate-Bikes---Fitness_202518642/apply,200
20260214042756,https://dickssportinggoods.wd1.myworkdayjobs.com/DSG/job/Store1049-Santa-Rosa-CA/Retail-Cashier_202518233/apply,200
20260515171525,https://dickssportinggoods.wd1.myworkdayjobs.com/DSG/job/Store1049-Santa-Rosa-CA/Retail-Customer-Service-Specalist_202603095/apply,200
20240919012818,https://dickssportinggoods.wd1.myworkdayjobs.com/DSG/job/Store1060-Commack-NY/Retail-Cashier_202407113/apply,200
20240919014454,https://dickssportinggoods.wd1.myworkdayjobs.com/DSG/job/Store1062-El-Paso-TX/Retail-Customer-Service-Specialist_202401618/apply,200
20260515171249,https://dickssportinggoods.wd1.myworkdayjobs.com/DSG/job/Store1062-El-Paso-TX/Retail-Operations-Associate_202605140/apply,200
20260515165910,https://dickssportinggoods.wd1.myworkdayjobs.com/DSG/job/Store1067-Bluffton-SC/Retail-Cashier_202604040/apply,200
20260214043657,https://dickssportinggoods.wd1.myworkdayjobs.com/DSG/job/Store1067-Bluffton-SC/Retail-Sales-Lead-Apparel---Key-Holder_202600005/apply,200
20260214040718,https://dickssportinggoods.wd1.myworkdayjobs.com/DSG/job/Store1068-Athens-GA/Operations-Team-Member_202514122/apply,200
20260208051219,https://dickssportinggoods.wd1.myworkdayjobs.com/DSG/job/Store1070-Salinas-CA/Assistant-Store-Manager_202509756/apply,200
20260214034818,https://dickssportinggoods.wd1.myworkdayjobs.com/DSG/job/Store1070-Salinas-CA/Retail-Sales-Lead-Golf_202519522/apply,200
20260515165034,https://dickssportinggoods.wd1.myworkdayjobs.com/DSG/job/Store1071-Dublin-CA/Early-Morning-Retail-Bike-Technician_202605834/apply,200
20260515165616,https://dickssportinggoods.wd1.myworkdayjobs.com/DSG/job/Store1071-Dublin-CA/Retail-Operations-Overnight-Truck-Team_202605835/apply,200
20260315084255,https://dickssportinggoods.wd1.myworkdayjobs.com/DSG/job/Store1075-Spokane-WA/Apparel-Associate_202601539/apply,200
20260315080515,https://dickssportinggoods.wd1.myworkdayjobs.com/DSG/job/Store1075-Spokane-WA/Truck-Unloader_202601696/apply,200
20260208052002,https://dickssportinggoods.wd1.myworkdayjobs.com/DSG/job/Store1078-Alabaster-AL/Retail-Customer-Service-Specialist_202517281/apply,200
20260208054138,https://dickssportinggoods.wd1.myworkdayjobs.com/DSG/job/Store1078-Alabaster-AL/Retail-Operations-Associate_202517672/apply,200
20260414203954,https://dickssportinggoods.wd1.myworkdayjobs.com/DSG/job/Store1080-Moore-OK/Retail-Cashier_202602439/apply,200
20260315074410,https://dickssportinggoods.wd1.myworkdayjobs.com/DSG/job/Store1081-Oklahoma-City-W-OK/Retail-Customer-Service-Specialist_202600855/apply,200
20260615021207,https://dickssportinggoods.wd1.myworkdayjobs.com/DSG/job/Store1081-Oklahoma-City-W-OK/retail-sales-Associate-Footwear_202607124-1/apply,200
20260214042715,https://dickssportinggoods.wd1.myworkdayjobs.com/DSG/job/Store1081-Oklahoma-City-W-OK/Retail-Sales-Associate-Golf_202519817/apply,200
20260315084400,https://dickssportinggoods.wd1.myworkdayjobs.com/DSG/job/Store1081-Oklahoma-City-W-OK/Retail-Sales-Lead-Lodge---Key-Holder_202601840,200
20260310102023,https://dickssportinggoods.wd1.myworkdayjobs.com/DSG/job/Store1081-Oklahoma-City-W-OK/Retail-Sales-Lead-Lodge---Key-Holder_202601840/apply,200
20260214034118,https://dickssportinggoods.wd1.myworkdayjobs.com/DSG/job/Store1084-Fort-Myers-FL/Retail-Sales-Associate-Bike---Fitness_202518600/apply,200
20260214034947,https://dickssportinggoods.wd1.myworkdayjobs.com/DSG/job/Store1084-Fort-Myers-FL/Retail-Sales-Associate-Footwear_202518829/apply,200
20260214050353,https://dickssportinggoods.wd1.myworkdayjobs.com/DSG/job/Store1084-Fort-Myers-FL/Retail-Sales-Lead-Golf_202519732/apply,200
20240919004103,https://dickssportinggoods.wd1.myworkdayjobs.com/DSG/job/Store1087-Gretna-LA/Retail-Customer-Service-Specialist_202319977/apply,200
20260315081601,https://dickssportinggoods.wd1.myworkdayjobs.com/DSG/job/Store1087-Gretna-LA/Retail-Sales-Lead-Apparel---Key-Holder_202601755/apply,200
20260310103147,https://dickssportinggoods.wd1.myworkdayjobs.com/DSG/job/Store1090-Gainesville-GA/Retail-Cashier_202601466/apply,200
20260310100757,https://dickssportinggoods.wd1.myworkdayjobs.com/DSG/job/Store1090-Gainesville-GA/Retail-Customer-Service-Specialist_202601464/apply,200
20260515174446,https://dickssportinggoods.wd1.myworkdayjobs.com/DSG/job/Store1090-Gainesville-GA/Retail-Sales-Associate-Team-Sports_202605817/apply,200
20260414214716,https://dickssportinggoods.wd1.myworkdayjobs.com/DSG/job/Store1095-Riverhead-NY/retail-cashier_202602319/apply,200
20260315073627,https://dickssportinggoods.wd1.myworkdayjobs.com/DSG/job/Store1095-Riverhead-NY/retail-sales-lead-apparel_202600918/apply,200
20260310095814,https://dickssportinggoods.wd1.myworkdayjobs.com/DSG/job/Store1095-Riverhead-NY/retail-sales-leader-front-end_202600922/apply,200
20260214044253,https://dickssportinggoods.wd1.myworkdayjobs.com/DSG/job/Store1096-Easton-MD/Retail-Apparel-Associate_202515443/apply,200
20260315082808,https://dickssportinggoods.wd1.myworkdayjobs.com/DSG/job/Store1096-Easton-MD/Retail-Apparel-Associate_202600887/apply,200
20260310092237,https://dickssportinggoods.wd1.myworkdayjobs.com/DSG/job/Store1096-Easton-MD/Retail-Customer-Service-Specialist_202600886/apply,200
20260615023243,https://dickssportinggoods.wd1.myworkdayjobs.com/DSG/job/Store1100-Issaquah-WA/District-Manager---Seattle_202604033/apply,200
20260315072207,https://dickssportinggoods.wd1.myworkdayjobs.com/DSG/job/Store1100-Issaquah-WA/Retail-Sales-Associate-Apparel_202601656/apply,200
20260310092530,https://dickssportinggoods.wd1.myworkdayjobs.com/DSG/job/Store1100-Issaquah-WA/Retail-Sales-Associate-Footwear_202601657/apply,200
20260214044638,https://dickssportinggoods.wd1.myworkdayjobs.com/DSG/job/Store1106-Savannah-GA/Retail-Sales-Associate-Footwear_202600386/apply,200
20260208042946,https://dickssportinggoods.wd1.myworkdayjobs.com/DSG/job/Store1107-Monroeville-PA/sales-associate_202600450/apply,200
20260214045917,https://dickssportinggoods.wd1.myworkdayjobs.com/DSG/job/Store1107-Monroeville-PA/Sales-Associate_202600452/apply,200
20260214050923,https://dickssportinggoods.wd1.myworkdayjobs.com/DSG/job/Store1108-South-Plainfield-NJ/Retail-Sales-Associate-Golf_202600347/apply,200
20260901184913,https://dickssportinggoods.wd1.myworkdayjobs.com/dsg/job/Store1108-South-Plainfield-NJ/Teammate---Sales_202633591-1,200
20260715005743,https://dickssportinggoods.wd1.myworkdayjobs.com/dsg/job/Store1108-South-Plainfield-NJ/Teammate---Sport---Outdoor_202617871,200
20260310101029,https://dickssportinggoods.wd1.myworkdayjobs.com/DSG/job/Store1110-King-of-Prussia-PA/Retail-Operations-Associate_202600964/apply,200
20260315073025,https://dickssportinggoods.wd1.myworkdayjobs.com/DSG/job/Store1110-King-of-Prussia-PA/Retail-Sales-Associate-Footwear_202600961/apply,200
20260515173236,https://dickssportinggoods.wd1.myworkdayjobs.com/DSG/job/Store1110-King-of-Prussia-PA/Retail-Sales-Associate-Golf_202603868/apply,200
20260315083759,https://dickssportinggoods.wd1.myworkdayjobs.com/DSG/job/Store1110-King-of-Prussia-PA/Retail-Sales-Associate-Team-Sports_202600965/apply,200
20240919002853,https://dickssportinggoods.wd1.myworkdayjobs.com/DSG/job/Store1111-Victorville-CA/Retail-Cashier_202407176/apply,200
20240919003043,https://dickssportinggoods.wd1.myworkdayjobs.com/DSG/job/Store1113-Corpus-Christi-TX/Retail-Cashier_202407155-1/apply,200
20260208043802,https://dickssportinggoods.wd1.myworkdayjobs.com/DSG/job/Store1114-Ashland-KY/Retail-Footwear-Associate_202600163/apply,200
20260208043224,https://dickssportinggoods.wd1.myworkdayjobs.com/DSG/job/Store1114-Ashland-KY/Retail-Golf-Associate_202600166/apply,200
20260310092155,https://dickssportinggoods.wd1.myworkdayjobs.com/DSG/job/Store1115-Bowling-Green-KY/Retail-Sales-Lead-Golf_202600925/apply,200
20260315081819,https://dickssportinggoods.wd1.myworkdayjobs.com/DSG/job/Store1116-Albuquerque-NM/Retail-Cashier_202601053/apply,200
20260310102133,https://dickssportinggoods.wd1.myworkdayjobs.com/DSG/job/Store1116-Albuquerque-NM/Retail-Sales-Associate-Team-Sports_202601550/apply,200
20260414222938,https://dickssportinggoods.wd1.myworkdayjobs.com/DSG/job/Store1118-Mentor-OH/Retail-Sales-Associate_202602379/apply,200
20260208045208,https://dickssportinggoods.wd1.myworkdayjobs.com/DSG/job/Store1120-Orlando-FL-Mall-FL/Retail-Cashier_202519936/apply,200
20260414222802,https://dickssportinggoods.wd1.myworkdayjobs.com/DSG/job/Store1120-Orlando-FL-Mall-FL/Retail-Sales-Associate-Footwear_202602119/apply,200
20260315085120,https://dickssportinggoods.wd1.myworkdayjobs.com/DSG/job/Store1125-Seabrook-NH/Retail-Sales-Associate-Footwear_202600756/apply,200
20260515172631,https://dickssportinggoods.wd1.myworkdayjobs.com/DSG/job/Store1127-Stroudsburg-PA/Retail-Sales-Leader-Front-End_202604042/apply,200
20260208042042,https://dickssportinggoods.wd1.myworkdayjobs.com/DSG/job/Store1129-South-San-Antonio-TX/Retail-Sales-Associate-Footwear_202600459-1/apply,200
20260208051118,https://dickssportinggoods.wd1.myworkdayjobs.com/DSG/job/Store1129-South-San-Antonio-TX/Retail-Sales-Associate-Team-Sports_202600457/apply,200
20260414212222,https://dickssportinggoods.wd1.myworkdayjobs.com/DSG/job/Store1129-South-San-Antonio-TX/Retail-Sales-Associate-Team-Sports_202603410/apply,200
20240918234215,https://dickssportinggoods.wd1.myworkdayjobs.com/DSG/job/Store1129-South-San-Antonio-TX/Retail-Sales-Lead-Footwear--Key-Holder_202406085/apply,200
20260315074304,https://dickssportinggoods.wd1.myworkdayjobs.com/DSG/job/Store1129-South-San-Antonio-TX/Retail-Sales-Lead-Golf_202600594/apply,200
20260310103706,https://dickssportinggoods.wd1.myworkdayjobs.com/DSG/job/Store1139-N-Myrtle-Beach-SC/retail-sales-associate-apparel_202600907/apply,200
20260208052309,https://dickssportinggoods.wd1.myworkdayjobs.com/DSG/job/Store1140-Frankfort-KY/Retail-Sales-Lead-Apparel_202600424/apply,200
20260615024300,https://dickssportinggoods.wd1.myworkdayjobs.com/DSG/job/Store1140-Frankfort-KY/Seasonal-Retail-Sales-Associate_202604839/apply,200
20240919012352,https://dickssportinggoods.wd1.myworkdayjobs.com/DSG/job/Store1143-Tuscaloosa-AL/Retail-Cashier_202406373/apply,200
20260214034653,https://dickssportinggoods.wd1.myworkdayjobs.com/DSG/job/Store1143-Tuscaloosa-AL/Team-Sports-Lead_202600413/apply,200
20260310094559,https://dickssportinggoods.wd1.myworkdayjobs.com/DSG/job/Store1144-North-Wilmington-NC/Retail-Sales-Associate-Apparel_202601733/apply,200
20260315075407,https://dickssportinggoods.wd1.myworkdayjobs.com/DSG/job/Store1144-North-Wilmington-NC/Retail-Sales-Associate-Footwear_202601734/apply,200
20260214044020,https://dickssportinggoods.wd1.myworkdayjobs.com/DSG/job/Store1147-Livonia-MI/Apparel-Key-Holder_202519108/apply,200
20260615020341,https://dickssportinggoods.wd1.myworkdayjobs.com/DSG/job/Store1147-Livonia-MI/Retail-Cashier_202602788/apply,200
20260214050705,https://dickssportinggoods.wd1.myworkdayjobs.com/DSG/job/Store1147-Livonia-MI/Retail-Price-and-Signage-Lead-Key-Holder_202519764/apply,200
20260208044016,https://dickssportinggoods.wd1.myworkdayjobs.com/DSG/job/Store1147-Livonia-MI/Retail-Price-and-Signage-Lead_202519763/apply,200
20260615013530,https://dickssportinggoods.wd1.myworkdayjobs.com/DSG/job/Store1147-Livonia-MI/Retail-Sales-Associate-Team-Sports_202603249/apply,200
20260214044834,https://dickssportinggoods.wd1.myworkdayjobs.com/DSG/job/Store1147-Livonia-MI/Sales-Lead-Team-Sports-Key-Holder_202519109/apply,200
20260310091829,https://dickssportinggoods.wd1.myworkdayjobs.com/DSG/job/Store1149-Lincoln-Park-IL/Retail-Cashier_202601816/apply,200
20260315081331,https://dickssportinggoods.wd1.myworkdayjobs.com/DSG/job/Store1149-Lincoln-Park-IL/Retail-Sales-Associate-Teamsports_202601815/apply,200
20260310090413,https://dickssportinggoods.wd1.myworkdayjobs.com/DSG/job/Store1160-Bismarck-ND/Retail-Sales-Associate_202600659/apply,200
20260615013010,https://dickssportinggoods.wd1.myworkdayjobs.com/DSG/job/Store1164-Marysville-WA/Retail-Sales-Associate-Golf_202605063/apply,200
20260615014253,https://dickssportinggoods.wd1.myworkdayjobs.com/DSG/job/Store1168-Naples-FL/Retail-Cashier_202602396/apply,200
20260214045359,https://dickssportinggoods.wd1.myworkdayjobs.com/DSG/job/Store1168-Naples-FL/Retail-Sales-Lead-Apparel_202519518/apply,200
20260208040151,https://dickssportinggoods.wd1.myworkdayjobs.com/DSG/job/Store1169-Trexlertown-PA/Retail-Sales-Associate-Apparel_202519645/apply,200
20260315085522,https://dickssportinggoods.wd1.myworkdayjobs.com/DSG/job/Store1173-Arcola-VA/Retail-Sales--Footwear-Associate_202601398/apply,200
20260208043448,https://dickssportinggoods.wd1.myworkdayjobs.com/DSG/job/Store1175-Columbus-MS/Price-and-Signage-Lead_202515318/apply,200
20260208052241,https://dickssportinggoods.wd1.myworkdayjobs.com/DSG/job/Store1175-Columbus-MS/XMLNAME-20112---OMNI-Lead_202600098/apply,200
20260315083051,https://dickssportinggoods.wd1.myworkdayjobs.com/DSG/job/Store1176-Stockton-CA/Retail-Sales-Associate-Team-Sports_202600573/apply,200
20260310095327,https://dickssportinggoods.wd1.myworkdayjobs.com/DSG/job/Store1176-Stockton-CA/Retail-Sales-Lead-Footwear_202601119/apply,200
20260208042151,https://dickssportinggoods.wd1.myworkdayjobs.com/DSG/job/Store1177-Roseville-MI/Retail-Sales-Lead-Front-End---Key-Holder_202600250/apply,200
20260515171351,https://dickssportinggoods.wd1.myworkdayjobs.com/DSG/job/Store1179-Orlando-EColonial-FL/Retail-Cashier_202605841/apply,200
20260615015109,https://dickssportinggoods.wd1.myworkdayjobs.com/DSG/job/Store1179-Orlando-EColonial-FL/Retail-Sales-Associate-Footwear_202519756/apply,200
20260214050732,https://dickssportinggoods.wd1.myworkdayjobs.com/DSG/job/Store1179-Orlando-EColonial-FL/Retail-Sales-Associate-Golf_202519758/apply,200
20260315073432,https://dickssportinggoods.wd1.myworkdayjobs.com/DSG/job/Store1179-Orlando-EColonial-FL/Retail-Sales-Lead-Footwear_202601613/apply,200
20260315084705,https://dickssportinggoods.wd1.myworkdayjobs.com/DSG/job/Store1183-Cinci-Liberty-OH/Retail-Sales-Associate-Apparel_202601133-1/apply,200
20260315081530,https://dickssportinggoods.wd1.myworkdayjobs.com/DSG/job/Store1183-Cinci-Liberty-OH/Retail-Sales-Associate-Footwear_202601140/apply,200
20260515165944,https://dickssportinggoods.wd1.myworkdayjobs.com/DSG/job/Store1183-Cinci-Liberty-OH/Retail-Sales-Associate-Golf_202604049/apply,200
20260315085406,https://dickssportinggoods.wd1.myworkdayjobs.com/DSG/job/Store1184-Goldsboro-NC/Full-Time-Front-End-Lead_202600931/apply,200
20260315072757,https://dickssportinggoods.wd1.myworkdayjobs.com/DSG/job/Store1184-Goldsboro-NC/Part-Time-Footwear-Associate--Running-Expert-_202601796/apply,200
20260208044850,https://dickssportinggoods.wd1.myworkdayjobs.com/DSG/job/Store1184-Goldsboro-NC/Part-Time-Retail-Cashier_202519450/apply,200
20260315081451,https://dickssportinggoods.wd1.myworkdayjobs.com/DSG/job/Store1187-LaCrosse-WI/Retail-Price-and-Signage-Lead_202600474/apply,200
20260214035639,https://dickssportinggoods.wd1.myworkdayjobs.com/DSG/job/Store1189-Holland-MI/Store-Manager_202519559/apply,200
20260214033833,https://dickssportinggoods.wd1.myworkdayjobs.com/DSG/job/Store1194-Scottsdale-AZ/Retail-Operations-Associate_202517330/apply,200
20250522060749,https://dickssportinggoods.wd1.myworkdayjobs.com/DSG/job/Store1194-Scottsdale-AZ/Retail-Sales-Associate-Bikes---Fitness_202506216/apply,200
20260310100327,https://dickssportinggoods.wd1.myworkdayjobs.com/DSG/job/Store1196-Marietta-E-Cobb-GA/Retail-Cashier_202601758/apply,200
20260208044644,https://dickssportinggoods.wd1.myworkdayjobs.com/DSG/job/Store1196-Marietta-E-Cobb-GA/Retail-Operations-Associate_202519842/apply,200
20260515164518,https://dickssportinggoods.wd1.myworkdayjobs.com/DSG/job/Store1196-Marietta-E-Cobb-GA/Retail-Sales-Golf-Lead_202604645/apply,200
20260515164649,https://dickssportinggoods.wd1.myworkdayjobs.com/DSG/job/Store1196-Marietta-E-Cobb-GA/Retail-Sales-Lead-Apparel_202605809/apply,200
20240919020035,https://dickssportinggoods.wd1.myworkdayjobs.com/DSG/job/Store1197-Chambersburg-PA/retail-cashier_202406333-1/apply,200
20260315083822,https://dickssportinggoods.wd1.myworkdayjobs.com/DSG/job/Store1200-Mt-Pleasant-SC/retail-operations_202601271/apply,200
20260310092953,https://dickssportinggoods.wd1.myworkdayjobs.com/DSG/job/Store1200-Mt-Pleasant-SC/retail-sales-associate-footwear_202600668-1/apply,200
20260208051347,https://dickssportinggoods.wd1.myworkdayjobs.com/DSG/job/Store1201-Moline-IL/Retail-Sales-Leader--Front-End_202517646/apply,200
20260315074855,https://dickssportinggoods.wd1.myworkdayjobs.com/DSG/job/Store1202-Boise-ID/Retail-Sales-Associate-Apparel_202601753/apply,200
20260214043804,https://dickssportinggoods.wd1.myworkdayjobs.com/DSG/job/Store1202-Boise-ID/XMLNAME-10132---Retail-Bike-Technician_202519474/apply,200
20260214045621,https://dickssportinggoods.wd1.myworkdayjobs.com/DSG/job/Store1215-Reno-NV/Retail-Operations-Overnight-Associate_202518926/apply,200
20260615010103,https://dickssportinggoods.wd1.myworkdayjobs.com/DSG/job/Store1216-Sevierville-TN/Retail-Cashier_202605752-1/apply,200
20260414221423,https://dickssportinggoods.wd1.myworkdayjobs.com/DSG/job/Store1216-Sevierville-TN/Retail-Sales-Associate-Golf_202602355/apply,200
20260515164053,https://dickssportinggoods.wd1.myworkdayjobs.com/DSG/job/Store1228-Oak-Ridge-TN/Apparel-Associate_202605441/apply,200
20260310093720,https://dickssportinggoods.wd1.myworkdayjobs.com/DSG/job/Store1228-Oak-Ridge-TN/Retail-Sales-Associate_202600275/apply,200
20260315084540,https://dickssportinggoods.wd1.myworkdayjobs.com/DSG/job/Store1229-Euless-TX/Team-Sports-Associate_202601403/apply,200
20260615021855,https://dickssportinggoods.wd1.myworkdayjobs.com/DSG/job/Store1230-Oshkosh-WI/Retail-Sales-Associate-Golf_202602150/apply,200
20240919001103,https://dickssportinggoods.wd1.myworkdayjobs.com/DSG/job/Store1231-Burlington-IA/Retail-Customer-Service-Specialist_202404177/apply,200
20260310094036,https://dickssportinggoods.wd1.myworkdayjobs.com/DSG/job/Store1231-Burlington-IA/Retail-Sales-Lead-Footwear_202601182/apply,200
20250522071400,https://dickssportinggoods.wd1.myworkdayjobs.com/DSG/job/Store1232-Delta-Shores-CA/Apparel-Associate_202506113/apply,200
20260208052920,https://dickssportinggoods.wd1.myworkdayjobs.com/DSG/job/Store1232-Delta-Shores-CA/Retail-Sales-Lead-Apparel_202600181/apply,200
20240919004132,https://dickssportinggoods.wd1.myworkdayjobs.com/DSG/job/Store1234-Silverdale-WA/Retail-Sales-Associate_202402164/apply,200
20250522053225,https://dickssportinggoods.wd1.myworkdayjobs.com/DSG/job/Store1237-Amherst-NY/Retail-Sales-Associate-Team-Sports_202419214-1/apply,200
20260315082442,https://dickssportinggoods.wd1.myworkdayjobs.com/DSG/job/Store1240-Olympia-WA/Retail-Sales-Associate-Team-Sports_202601621/apply,200
20260315083529,https://dickssportinggoods.wd1.myworkdayjobs.com/DSG/job/Store1241-Grand-Island-NE/Retail-Sales-Associate-Footwear_202600890/apply,200
20240919005458,https://dickssportinggoods.wd1.myworkdayjobs.com/DSG/job/Store1242-Wausau-WI/Retail-Sales-Lead-Golf_202404556/apply,200
20260615013746,https://dickssportinggoods.wd1.myworkdayjobs.com/DSG/job/Store1243-Dewitt-NY/Retail-Sales-Associate-Footwear_202606523/apply,200
20260208040604,https://dickssportinggoods.wd1.myworkdayjobs.com/DSG/job/Store1247-Northlake-GA/Retail-Sales-Associate_202519657/apply,200
20260315083402,https://dickssportinggoods.wd1.myworkdayjobs.com/DSG/job/Store1260-Colerain-OH/Retail-Sales-Associate_202601649/apply,200
20260214045105,https://dickssportinggoods.wd1.myworkdayjobs.com/DSG/job/Store1262-Morgan-Hill-CA/Retail-Operations-Associate-3am-Shift_202600057-1/apply,200
20240919015925,https://dickssportinggoods.wd1.myworkdayjobs.com/DSG/job/Store1262-Morgan-Hill-CA/Retail-Operations-Associate_202316188/apply,200
20260208041905,https://dickssportinggoods.wd1.myworkdayjobs.com/DSG/job/Store1262-Morgan-Hill-CA/Retail-Sales-Leader-Front-End_202517228/apply,200
20260315083113,https://dickssportinggoods.wd1.myworkdayjobs.com/DSG/job/Store1263-Tacoma-WA/Retail-Sales-Lead-Footwear_202601848/apply,200
20260315081659,https://dickssportinggoods.wd1.myworkdayjobs.com/DSG/job/Store1265-Sterling-Heights-MI/Retail-Sales-Associate-Team-Sports_202601827/apply,200
20260315084010,https://dickssportinggoods.wd1.myworkdayjobs.com/DSG/job/Store1268-Troy-MI/Retail-Cashier_202601492/apply,200
20240919001324,https://dickssportinggoods.wd1.myworkdayjobs.com/DSG/job/Store1268-Troy-MI/Retail-Golf-Club-Tech_202407254/apply,200
20260310095457,https://dickssportinggoods.wd1.myworkdayjobs.com/DSG/job/Store1274-Willowbrook-TX/District-Manager---Houston_202600550-1/apply,200
20260315084416,https://dickssportinggoods.wd1.myworkdayjobs.com/DSG/job/Store1275-Woodlands-TX/Retail-Price-and-Signage-Lead_202600901/apply,200
20260214042920,https://dickssportinggoods.wd1.myworkdayjobs.com/DSG/job/Store1278-Thousand-Oaks-CA/Retail-Operations-Associate_202517570-1/apply,200
20260208044315,https://dickssportinggoods.wd1.myworkdayjobs.com/DSG/job/Store1278-Thousand-Oaks-CA/Retail-Sales-Associate-Team-Sports_202518014/apply,200
20260208045529,https://dickssportinggoods.wd1.myworkdayjobs.com/DSG/job/Store1281-Kenwood-OH/Retail-Sales-Associate--Morning-Shift-_202519602/apply,200
20260515161538,https://dickssportinggoods.wd1.myworkdayjobs.com/DSG/job/Store1289-Boca-Raton-FL/Retail-Sales-Associate-Footwear_202605456/apply,200
20260214035825,https://dickssportinggoods.wd1.myworkdayjobs.com/DSG/job/Store1292-Longview-TX/Assistant-Store-Manager-Merchandising_202519229/apply,200
20260315080324,https://dickssportinggoods.wd1.myworkdayjobs.com/DSG/job/Store1294-Lancaster-PA/Retail-Sales-Associate-Apparel_202601042/apply,200
20260315083028,https://dickssportinggoods.wd1.myworkdayjobs.com/DSG/job/Store1294-Lancaster-PA/Retail-Sales-Associate-Footwear_202601049/apply,200
20260310102935,https://dickssportinggoods.wd1.myworkdayjobs.com/DSG/job/Store1295-Torrance-CA/Bench-Store-Manager_202600485/apply,200
20260414211937,https://dickssportinggoods.wd1.myworkdayjobs.com/DSG/job/Store1307-Warwick-RI/Retail-Sales-Associate-Golf_202602095/apply,200
20260214035107,https://dickssportinggoods.wd1.myworkdayjobs.com/DSG/job/Store1308-Medford-MA/Retail-Loss-Prevention-Lead_202518528/apply,200
20260515173209,https://dickssportinggoods.wd1.myworkdayjobs.com/DSG/job/Store1308-Medford-MA/Retail-Loss-Prevention-Lead_202603240/apply,200
20250504011929,https://dickssportinggoods.wd1.myworkdayjobs.com/DSG/job/Store1308-Medford-MA/Retail-Operations-Associate_202417953/apply,200
20250504011922,https://dickssportinggoods.wd1.myworkdayjobs.com/DSG/job/Store1308-Medford-MA/Retail-Operations-Associate_202417953/apply?source=LinkedIn-JobBoard&_ccid=17458736822693en06fjdg,200
20250428205456,https://dickssportinggoods.wd1.myworkdayjobs.com/DSG/job/Store1308-Medford-MA/Retail-Operations-Associate_202417953?source=LinkedIn-JobBoard&_ccid=17458736822693en06fjdg,200
20260208050447,https://dickssportinggoods.wd1.myworkdayjobs.com/DSG/job/Store1308-Medford-MA/Retail-Sales-Associate-Bikes---Fitness_202518307/apply,200
20260214045816,https://dickssportinggoods.wd1.myworkdayjobs.com/DSG/job/Store1310-Pooler-GA/Retail-Bike-Technician_202516734/apply,200
20260414214207,https://dickssportinggoods.wd1.myworkdayjobs.com/DSG/job/Store1311-Northbrook-IL/Retail-Sales-Associate---Bikes---Fitness_202603389/apply,200
20260214034428,https://dickssportinggoods.wd1.myworkdayjobs.com/DSG/job/Store1311-Northbrook-IL/Retail-Sales-Associate---Cashier_202600199/apply,200
20260515162856,https://dickssportinggoods.wd1.myworkdayjobs.com/DSG/job/Store1316-McAllen-TX/Retail-Sales-Associate-Apparel_202602180/apply,200
20260515163321,https://dickssportinggoods.wd1.myworkdayjobs.com/DSG/job/Store1316-McAllen-TX/Retail-Sales-Associate-Golf_202600805/apply,200
20260414214845,https://dickssportinggoods.wd1.myworkdayjobs.com/DSG/job/Store1316-McAllen-TX/Retail-Sales-Associate-Team-Sports_202601908-1/apply,200
20250318194906,https://dickssportinggoods.wd1.myworkdayjobs.com/DSG/job/Store1318-Bay-Shore-NY/Retail-Cashier_202318127,200
20250216090952,https://dickssportinggoods.wd1.myworkdayjobs.com/DSG/job/Store1318-Bay-Shore-NY/Retail-Cashier_202318127?source=Appcast_IndeedO&ittk=J0NKFATREC,200
20260414212522,https://dickssportinggoods.wd1.myworkdayjobs.com/DSG/job/Store1320-Hinesville-GA/Running-Specialist_202603223/apply,200
20260310092838,https://dickssportinggoods.wd1.myworkdayjobs.com/DSG/job/Store1321-St-Petersburg-FL/Retail-Sales-Associate-Apparel_202601469/apply,200
20240918235203,https://dickssportinggoods.wd1.myworkdayjobs.com/DSG/job/Store1322-Ellicott-City-MD/Retail-Sales-Associate-Golf_202405665/apply,200
20260208043640,https://dickssportinggoods.wd1.myworkdayjobs.com/DSG/job/Store1326-Lake-City-FL/Retail-Sales-Associate-Golf_202519790/apply,200
20240918235252,https://dickssportinggoods.wd1.myworkdayjobs.com/DSG/job/Store1329-Summerwood-TX/Retail-Sales-Associate-Footwear_202406432/apply,200
20260315075327,https://dickssportinggoods.wd1.myworkdayjobs.com/DSG/job/Store1329-Summerwood-TX/Retail-Sales-Associate-Footwear_202601596/apply,200
20260315085104,https://dickssportinggoods.wd1.myworkdayjobs.com/DSG/job/Store1331-Bellevue-WA/Retail-Cashier_202601206/apply,200
20260214052527,https://dickssportinggoods.wd1.myworkdayjobs.com/DSG/job/Store1331-Bellevue-WA/Retail-Sales-Associate-Apparel_202519487/apply,200
20260214051427,https://dickssportinggoods.wd1.myworkdayjobs.com/DSG/job/Store1332-Tukwila-WA/Retail-Sales-Associate_202600433/apply,200
20250427004615,https://dickssportinggoods.wd1.myworkdayjobs.com/DSG/job/Store1335-North-Tucson-AZ/Retail-Sales-Lead-Apparel_202504359/apply,200
20260214051336,https://dickssportinggoods.wd1.myworkdayjobs.com/DSG/job/Store1335-North-Tucson-AZ/Retail-Sales-Lead-Golf_202519871/apply,200
20240919002020,https://dickssportinggoods.wd1.myworkdayjobs.com/DSG/job/Store1338-Waco-TX/Retail-Sales-Associate-Golf_202404416/apply,200
20260315073733,https://dickssportinggoods.wd1.myworkdayjobs.com/DSG/job/Store1341-West-Long-Branch-NJ/Retail-Sales-Associate-Team-Sports_202601153/apply,200
20260315084730,https://dickssportinggoods.wd1.myworkdayjobs.com/DSG/job/Store1341-West-Long-Branch-NJ/Retail-Sales-Bike-Technician_202601233/apply,200
20260310091531,https://dickssportinggoods.wd1.myworkdayjobs.com/DSG/job/Store1341-West-Long-Branch-NJ/Retail-Sales-Golf-Associate_202601156/apply,200
20250401084814,https://dickssportinggoods.wd1.myworkdayjobs.com/DSG/job/Store1347-Northridge-CA/Retail-Cashier-Associate_202505113-1?source=Appcast_IndeedO&_ccid=1743497250201k269asyyl&ittk=UFOIBZOYSJ,200
20260315075443,https://dickssportinggoods.wd1.myworkdayjobs.com/DSG/job/Store1347-Northridge-CA/Retail-Cashier_202601626/apply,200
20260315075800,https://dickssportinggoods.wd1.myworkdayjobs.com/DSG/job/Store1347-Northridge-CA/Retail-Sales-Associate-Apparel_202601625/apply,200
20260208053105,https://dickssportinggoods.wd1.myworkdayjobs.com/DSG/job/Store1347-Northridge-CA/Retail-Sales-Lead-Golf_202517499/apply,200
20260208042844,https://dickssportinggoods.wd1.myworkdayjobs.com/DSG/job/Store1360-Evansville-IN/Retail-Bike-Technician_202519062/apply,200
20260615014022,https://dickssportinggoods.wd1.myworkdayjobs.com/DSG/job/Store1360-Evansville-IN/retail-omni-fulfillment_202603234/apply,200
20260615011856,https://dickssportinggoods.wd1.myworkdayjobs.com/DSG/job/Store1360-Evansville-IN/Retail-Sales-Associate-Apparel_202602051/apply,200
20260208050000,https://dickssportinggoods.wd1.myworkdayjobs.com/DSG/job/Store1362-Fort-Collins-CO/Retail-Sales-Lead-Golf_202600179/apply,200
20260414222607,https://dickssportinggoods.wd1.myworkdayjobs.com/DSG/job/Store1363-Schererville-IN/Retail-Sales-Golf_202602844/apply,200
20260310091802,https://dickssportinggoods.wd1.myworkdayjobs.com/DSG/job/Store1366-Greendale-WI/Retail-Operations-Associate_202600913/apply,200
20260214040121,https://dickssportinggoods.wd1.myworkdayjobs.com/DSG/job/Store1368-North-Spokane-WA/Retail-Sales-Lead-Apparel_202517659/apply,200
20240919012314,https://dickssportinggoods.wd1.myworkdayjobs.com/DSG/job/Store1369-Tyler-TX/Retail-Sales-Associate-Footwear_202407574/apply,200
20260315085242,https://dickssportinggoods.wd1.myworkdayjobs.com/DSG/job/Store1369-Tyler-TX/Retail-Sales-Lead-Footwear_202600848/apply,200
20260214051659,https://dickssportinggoods.wd1.myworkdayjobs.com/DSG/job/Store1370-Kennewick-WA/Retail-Loss-Prevention---Safety-Lead_202515454/apply,200
20240919001410,https://dickssportinggoods.wd1.myworkdayjobs.com/DSG/job/Store1371-Midland-TX/Retail-Cashier_202406423/apply,200
20240919013123,https://dickssportinggoods.wd1.myworkdayjobs.com/DSG/job/Store1372-Knoxville-TN/Retail-Bike-Techncian_202400724/apply,200
20240919015851,https://dickssportinggoods.wd1.myworkdayjobs.com/DSG/job/Store1375-Carolina-Place-NC/Retail-Cashier_202316251/apply,200
20260214050017,https://dickssportinggoods.wd1.myworkdayjobs.com/DSG/job/Store1375-Carolina-Place-NC/Retail-Sales-Associate-Golf_202600308/apply,200
20260214035303,https://dickssportinggoods.wd1.myworkdayjobs.com/DSG/job/Store1375-Carolina-Place-NC/Retail-Soccer-Ambassador_202600310/apply,200
20260414214241,https://dickssportinggoods.wd1.myworkdayjobs.com/DSG/job/Store1376-Wilmington-NC/Retail-Sales-Associate-Footwear_202602117/apply,200
20240919014938,https://dickssportinggoods.wd1.myworkdayjobs.com/DSG/job/Store1377-Hyannis-MA/Retail-Sales-Associate-Footwear_202400925/apply,200
20260310092426,https://dickssportinggoods.wd1.myworkdayjobs.com/DSG/job/Store1379-Deptford-NJ/Retail-Sales-Associate-Footwear-Part-Time_202601738/apply,200
20240918234713,https://dickssportinggoods.wd1.myworkdayjobs.com/DSG/job/Store1379-Deptford-NJ/Retail-Sales-Footwear-Associate_202401363/apply,200
20260214044542,https://dickssportinggoods.wd1.myworkdayjobs.com/DSG/job/Store1380-Chattanooga-TN/Retail-Bike-Technician_202600375/apply,200
20260515174418,https://dickssportinggoods.wd1.myworkdayjobs.com/DSG/job/Store1380-Chattanooga-TN/Retail-Sales-Associate-Golf_202604571/apply,200
20260310094001,https://dickssportinggoods.wd1.myworkdayjobs.com/DSG/job/Store1382-Modesto-CA/Retail-Bike-Technician_202600814/apply,200
20260310102545,https://dickssportinggoods.wd1.myworkdayjobs.com/DSG/job/Store1382-Modesto-CA/Retail-Running-Specialist_202600832/apply,200
20260721233825,https://dickssportinggoods.wd1.myworkdayjobs.com/dsg/job/Store1384-Conroe-TX/Specialist-Golf_202625042,200
20260721233825,https://dickssportinggoods.wd1.myworkdayjobs.com/dsg/job/Store1384-Conroe-TX/Team-Captain-Sport---Outdoor_202616615,200
20260721233825,https://dickssportinggoods.wd1.myworkdayjobs.com/dsg/job/Store1384-Conroe-TX/Teammate---Footwear_202615460-1,200
20260208042117,https://dickssportinggoods.wd1.myworkdayjobs.com/DSG/job/Store1385-Northpark-TX/Retail-Cashier_202519865/apply,200
20260615015545,https://dickssportinggoods.wd1.myworkdayjobs.com/DSG/job/Store1385-Northpark-TX/Retail-Cashier_202607134/apply,200
20260315083509,https://dickssportinggoods.wd1.myworkdayjobs.com/DSG/job/Store1385-Northpark-TX/Retail-Loss-Prevention-Lead_202600478/apply,200
20260615021436,https://dickssportinggoods.wd1.myworkdayjobs.com/DSG/job/Store1385-Northpark-TX/Retail-Omni-Fulfillment-Associate_202607126/apply,200
20260315080756,https://dickssportinggoods.wd1.myworkdayjobs.com/DSG/job/Store1390-Hagerstown-MD/Retail-Sales-Associate-Footwear_202601756-1/apply,200
20260315084524,https://dickssportinggoods.wd1.myworkdayjobs.com/DSG/job/Store1390-Hagerstown-MD/Retail-Sales-Associate-Team-Sports_202601757,200
20260310100036,https://dickssportinggoods.wd1.myworkdayjobs.com/DSG/job/Store1392-Clackamas-OR/Retail-Cashier_202601505/apply,200
20260214045454,https://dickssportinggoods.wd1.myworkdayjobs.com/DSG/job/Store1392-Clackamas-OR/Retail-Sales-Associate-Golf_202519736/apply,200
20260315085016,https://dickssportinggoods.wd1.myworkdayjobs.com/DSG/job/Store1401-Sunnyvale-CA/Assistant-Store-Manager_202601311/apply,200
20260414214006,https://dickssportinggoods.wd1.myworkdayjobs.com/DSG/job/Store1402-Norwalk-CT/Assistant-Store-Manager-Softlines_202602099/apply,200
20260214052318,https://dickssportinggoods.wd1.myworkdayjobs.com/DSG/job/Store1402-Norwalk-CT/Retail-Maintenance-Associate_202519838/apply,200
20240919011641,https://dickssportinggoods.wd1.myworkdayjobs.com/DSG/job/Store1403-Dadeland-Station-FL/Retail-Cashier_202400688/apply,200
20240919001238,https://dickssportinggoods.wd1.myworkdayjobs.com/DSG/job/Store1404-Aventura-FL/Retail-Cashier_202315721-1/apply,200
20240919012512,https://dickssportinggoods.wd1.myworkdayjobs.com/DSG/job/Store1404-Aventura-FL/Retail-Operations-Associate_202400997-1/apply,200
20260515164250,https://dickssportinggoods.wd1.myworkdayjobs.com/DSG/job/Store1404-Aventura-FL/Retail-Sales-Lead-Apparel_202600239/apply,200
20260208040001,https://dickssportinggoods.wd1.myworkdayjobs.com/DSG/job/Store1405-Jensen-Beach-FL/Retail-Sales-Associate_202600086/apply,200
20240919002741,https://dickssportinggoods.wd1.myworkdayjobs.com/DSG/job/Store1407-Fresno-CA/Assistant-Store-Manager_202405388/apply,200
20250211190342,https://dickssportinggoods.wd1.myworkdayjobs.com/DSG/job/Store1407-Fresno-CA/Golf-Assoicate_202502116/apply?source=Appcast_IndeedO&_ccid=17392250162780vuqruooj&ittk=ELSHLXGUTE,303
20250210220853,https://dickssportinggoods.wd1.myworkdayjobs.com/DSG/job/Store1407-Fresno-CA/Golf-Assoicate_202502116?source=Appcast_IndeedO&_ccid=17392250162780vuqruooj&ittk=ELSHLXGUTE,200
20250503201643,https://dickssportinggoods.wd1.myworkdayjobs.com/DSG/job/Store1410-North-Scottsdale-AZ/Retail-Cashier_202506215/apply,200
20240919004034,https://dickssportinggoods.wd1.myworkdayjobs.com/DSG/job/Store1410-North-Scottsdale-AZ/Retail-Omni-Fulfillment-Associate_202407885/apply,200
20260208043353,https://dickssportinggoods.wd1.myworkdayjobs.com/DSG/job/Store1410-North-Scottsdale-AZ/Retail-Operations-Associate_202519490/apply,200
20250809120004,https://dickssportinggoods.wd1.myworkdayjobs.com/DSG/job/Store1411-Carmel-Mountain-CA/Retail-Cashier_202511101-1/apply,200
20260208044342,https://dickssportinggoods.wd1.myworkdayjobs.com/DSG/job/Store1414-Bellingham-WA/Assistant-Store-Manager_202600046/apply,200
20260315084238,https://dickssportinggoods.wd1.myworkdayjobs.com/DSG/job/Store1415-Midtown-Miami-FL/District-Manager---Miami_202601618/apply,200
20260214040929,https://dickssportinggoods.wd1.myworkdayjobs.com/DSG/job/Store1416-Milpitas-CA/Retail-Cashier_202600051/apply,200
20260208053709,https://dickssportinggoods.wd1.myworkdayjobs.com/DSG/job/Store1416-Milpitas-CA/Retail-Sales-Lead-Team-Sports_202518438-1/apply,200
20260208050416,https://dickssportinggoods.wd1.myworkdayjobs.com/DSG/job/Store1416-Milpitas-CA/Store-Loss-Prevention-Manager_202517628/apply,200
20260214052748,https://dickssportinggoods.wd1.myworkdayjobs.com/DSG/job/Store1417-Col-Mills-Golden-CO/Retail-Sales-Associate-Apparel_202519855/apply,200
20260515170530,https://dickssportinggoods.wd1.myworkdayjobs.com/DSG/job/Store1417-Col-Mills-Golden-CO/Retail-Sales-Leader-Front-End_202517884/apply,200
20260315080607,https://dickssportinggoods.wd1.myworkdayjobs.com/DSG/job/Store1418-Sawgrass-Mills-FL/Seasonal-Retail-Associate_202600681/apply,200
20260615023817,https://dickssportinggoods.wd1.myworkdayjobs.com/DSG/job/Store1419-Northgate-WA/Retail-Sales-Associate-Team-Sports_202601871/apply,200
20260214045722,https://dickssportinggoods.wd1.myworkdayjobs.com/DSG/job/Store1500-Victor-NY/Assistant-Store-Manager-Sales---House-of-Sport_202519504/apply,200
20260414210300,https://dickssportinggoods.wd1.myworkdayjobs.com/DSG/job/Store1500-Victor-NY/Retail-Cashier_202602070/apply,200
20260214041243,https://dickssportinggoods.wd1.myworkdayjobs.com/DSG/job/Store1500-Victor-NY/Retail-Customer-Service-Specialist_202517741/apply,200
20260315074804,https://dickssportinggoods.wd1.myworkdayjobs.com/DSG/job/Store1500-Victor-NY/Retail-Master-Club-Fitter_202601732/apply,200
20260214044513,https://dickssportinggoods.wd1.myworkdayjobs.com/DSG/job/Store1500-Victor-NY/Retail-Sales-Associate-Golf_202600268/apply,200
20260414221233,https://dickssportinggoods.wd1.myworkdayjobs.com/DSG/job/Store1500-Victor-NY/Retail-Team-Sports-Associate_202602257/apply,200
20260208042915,https://dickssportinggoods.wd1.myworkdayjobs.com/DSG/job/Store1501-Rockford-IL/Retail-Sales-Associate-Apparel---Morning-Or-Open-Availability_202516820/apply,200
20260515171454,https://dickssportinggoods.wd1.myworkdayjobs.com/DSG/job/Store1502-Mission-Viejo-CA/Early-Morning-Retail-Operations-Associate_202605645/apply,200
20260414205427,https://dickssportinggoods.wd1.myworkdayjobs.com/DSG/job/Store1502-Mission-Viejo-CA/Maintenance-Associate_202602032/apply,200
20260214044225,https://dickssportinggoods.wd1.myworkdayjobs.com/DSG/job/Store1502-Mission-Viejo-CA/Retail-Sales-Associate-Team-Sports_202519864/apply,200
20260310095746,https://dickssportinggoods.wd1.myworkdayjobs.com/DSG/job/Store1503-Lynchburg-VA/Retail-Sales-Lead-Golf_202601651/apply,200
20260515163806,https://dickssportinggoods.wd1.myworkdayjobs.com/DSG/job/Store1506-Annapolis-MD/Retail-Operations-Associate_202603819/apply,200
20260515161843,https://dickssportinggoods.wd1.myworkdayjobs.com/DSG/job/Store1506-Annapolis-MD/Retail-Sales-Associate-Apparel_202602597/apply,200
20240919020523,https://dickssportinggoods.wd1.myworkdayjobs.com/DSG/job/Store1507-Concord-NC/Retail-Sales-Associate-Golf_202407936/apply,200
20260208044042,https://dickssportinggoods.wd1.myworkdayjobs.com/DSG/job/Store1507-Concord-NC/Store-Loss-Prevention-Manager_202600343/apply,200
20260731043133,https://dickssportinggoods.wd1.myworkdayjobs.com/dsg/job/Store1514-Minnetonka-MN/Retail-Customer-Service-Specialist_202627334,200
20260515162525,https://dickssportinggoods.wd1.myworkdayjobs.com/DSG/job/Store1514-Minnetonka-MN/Retail-Footwear-Operations-Associate_202604019/apply,200
20260731043131,https://dickssportinggoods.wd1.myworkdayjobs.com/dsg/job/Store1514-Minnetonka-MN/Retail-Outdoor-Lead_202628619-1,200
20260731043133,https://dickssportinggoods.wd1.myworkdayjobs.com/dsg/job/Store1514-Minnetonka-MN/Retail-Sales-Associate-Apparel_202628176,200
20260315083004,https://dickssportinggoods.wd1.myworkdayjobs.com/DSG/job/Store1514-Minnetonka-MN/Retail-Sales-Associate-Golf_202601821/apply,200
20260731043132,https://dickssportinggoods.wd1.myworkdayjobs.com/dsg/job/Store1514-Minnetonka-MN/Retail-Sales-Lead-Golf_202628172,200
20260310092623,https://dickssportinggoods.wd1.myworkdayjobs.com/DSG/job/Store1517-Idaho-Falls-ID/Retail-Sales-Associate-Golf_202601369/apply,200
20260208052737,https://dickssportinggoods.wd1.myworkdayjobs.com/DSG/job/Store1518-Rock-Hill-SC/Retail-Operations-Associate_202600110/apply,200
20260315073804,https://dickssportinggoods.wd1.myworkdayjobs.com/DSG/job/Store1518-Rock-Hill-SC/Retail-Operations-Associate_202601406/apply,200
20260123235937,https://dickssportinggoods.wd1.myworkdayjobs.com/DSG/job/Store1520-Hartford-CT/Retail-Sales-Lead-Apparel_202518018/apply,200
20240919011414,https://dickssportinggoods.wd1.myworkdayjobs.com/DSG/job/Store1523-Hanover-PA/Retail-Sales-Associate---Footwear_202406706/apply,200
20250624230836,https://dickssportinggoods.wd1.myworkdayjobs.com/DSG/job/Store1527-Fort-Worth-TX/Retail-Sales-Associate---Footwear_202507702/apply,200
20260214051400,https://dickssportinggoods.wd1.myworkdayjobs.com/DSG/job/Store1528-Denton-TX/Team-Sports-Associate_202600289/apply,200
20260515174019,https://dickssportinggoods.wd1.myworkdayjobs.com/DSG/job/Store1530-Destin-FL/Retail-Omni-Fulfillment-Associate_202605795/apply,200
20260515170208,https://dickssportinggoods.wd1.myworkdayjobs.com/DSG/job/Store1533-South-Bend-IN/Golf-Sales-Associate_202602165/apply,200
20260414221251,https://dickssportinggoods.wd1.myworkdayjobs.com/DSG/job/Store1533-South-Bend-IN/Retail-Sales-Associate--Cashier_202602166/apply,200
20240919004510,https://dickssportinggoods.wd1.myworkdayjobs.com/DSG/job/Store1533-South-Bend-IN/retail-sales-Bikes---Fitness_202400581/apply,200
20260414210635,https://dickssportinggoods.wd1.myworkdayjobs.com/DSG/job/Store1535-Ithaca-NY/Retail-Sales-Associate-Apparel_202602974/apply,200
20260515164124,https://dickssportinggoods.wd1.myworkdayjobs.com/DSG/job/Store1537-Roseville-MN/Retail-Sales-Associate-Team-Sports_202605825-1/apply,200
20240919011516,https://dickssportinggoods.wd1.myworkdayjobs.com/DSG/job/Store1538-Erie-PA/Retail-Field-Associate---HIRING-EVENT_202312084/apply,200
20240919015345,https://dickssportinggoods.wd1.myworkdayjobs.com/DSG/job/Store1538-Erie-PA/Retail-Sales-Associate-Apparel---HIRING-EVENT_202312082/apply,200
20260615023608,https://dickssportinggoods.wd1.myworkdayjobs.com/DSG/job/Store1538-Erie-PA/Retail-Sales-Associate-Team-Sports_202602637/apply,200
20260515172924,https://dickssportinggoods.wd1.myworkdayjobs.com/DSG/job/Store1542-Medford-OR/Retail-Cashier_202603617/apply,200
20260414215628,https://dickssportinggoods.wd1.myworkdayjobs.com/DSG/job/Store1542-Medford-OR/Retail-Freight-Flow-Lead_202603612/apply,200
20240919003818,https://dickssportinggoods.wd1.myworkdayjobs.com/DSG/job/Store1542-Medford-OR/Retail-Sales-Lead-Apparel_202406744/apply,200
20260214040015,https://dickssportinggoods.wd1.myworkdayjobs.com/DSG/job/Store1543-Surprise-AZ/Customer-Service-Specialist_202600285/apply,200
20260615012333,https://dickssportinggoods.wd1.myworkdayjobs.com/DSG/job/Store1543-Surprise-AZ/Truck-Processing-1-30AM-Shift_202605102/apply,200
20260414212856,https://dickssportinggoods.wd1.myworkdayjobs.com/DSG/job/Store1544-Auburn-Hills-MI/Retail-Sales-Associate-Golf_202602058-1/apply,200
20260515174046,https://dickssportinggoods.wd1.myworkdayjobs.com/DSG/job/Store1545-Watertown-NY/Retail-Sales-Associate-Golf--Nights-and-Weekends-_202607110-1/apply,200
20260315080202,https://dickssportinggoods.wd1.myworkdayjobs.com/DSG/job/Store1546-Johnson-City-NY/Retail-Rock-Climbing-Associate_202601333/apply,200
20260208053014,https://dickssportinggoods.wd1.myworkdayjobs.com/DSG/job/Store1546-Johnson-City-NY/Retail-Sales-Lead-Footwear_202519576/apply,200
20260310095718,https://dickssportinggoods.wd1.myworkdayjobs.com/DSG/job/Store1548-Ross-Park-PA/Retail-Customer-Service-Specialist_202600706/apply,200
20260615023415,https://dickssportinggoods.wd1.myworkdayjobs.com/DSG/job/Store1548-Ross-Park-PA/Retail-Price-and-Signage-Lead_202607148/apply,200
20260208042600,https://dickssportinggoods.wd1.myworkdayjobs.com/DSG/job/Store1561-Salem-NH/Dedicated-Store-Visual-Merchandiser---House-of-Sport_202515481/apply,200
20260310100446,https://dickssportinggoods.wd1.myworkdayjobs.com/DSG/job/Store1561-Salem-NH/Front-End-Lead_202600874/apply,200
20260214050322,https://dickssportinggoods.wd1.myworkdayjobs.com/DSG/job/Store1561-Salem-NH/Retail-Sales-Associate-Apparel_202519175/apply,200
20260208054451,https://dickssportinggoods.wd1.myworkdayjobs.com/DSG/job/Store1562-Akron-OH/Administrative-Assistant_202519447/apply,200
20260310094444,https://dickssportinggoods.wd1.myworkdayjobs.com/DSG/job/Store1562-Akron-OH/Retail-Customer-Service-Specialist_202601348/apply,200
20260214041641,https://dickssportinggoods.wd1.myworkdayjobs.com/DSG/job/Store1565-Amherst-NY/Golf-Professional---DICK-S-House-of-Sport_202518647/apply,200
20260208041045,https://dickssportinggoods.wd1.myworkdayjobs.com/DSG/job/Store1565-Amherst-NY/Retail-Sales-Associate--All-Positions----HIRING-EVENT_202519604/apply,200
20260214041933,https://dickssportinggoods.wd1.myworkdayjobs.com/DSG/job/Store1567-Jersey-City-NJ/Golf-Professional---House-of-Sport_202506185/apply,200
20260214051854,https://dickssportinggoods.wd1.myworkdayjobs.com/DSG/job/Store1567-Jersey-City-NJ/Loss-Prevention-Lead_202518237/apply,200
20250717233056,https://dickssportinggoods.wd1.myworkdayjobs.com/DSG/job/Store1567-Jersey-City-NJ/Retail-Sales-Associate--All-Positions----HIRING-EVENT_202511382/apply?source=Appcast&_ccid=1750910271553kf8sg0f42,200
20250717233045,https://dickssportinggoods.wd1.myworkdayjobs.com/DSG/job/Store1567-Jersey-City-NJ/Retail-Sales-Associate--All-Positions----HIRING-EVENT_202511382?source=Appcast&_ccid=1750910271553kf8sg0f42,200
20260208045320,https://dickssportinggoods.wd1.myworkdayjobs.com/DSG/job/Store1567-Jersey-City-NJ/Team-Sports-Lead_202600010/apply,200
20260214051312,https://dickssportinggoods.wd1.myworkdayjobs.com/DSG/job/Store1569-Strongsville-OH/Golf-Professional---House-of-Sport_202506196/apply,200
20260315081406,https://dickssportinggoods.wd1.myworkdayjobs.com/DSG/job/Store1571-Miami-FL/Retail-Cashier_202600616/apply,200
20260515160439,https://dickssportinggoods.wd1.myworkdayjobs.com/DSG/job/Store1571-Miami-FL/Retail-Golf-Club-Tech_202605286/apply,200
20260310092458,https://dickssportinggoods.wd1.myworkdayjobs.com/DSG/job/Store1571-Miami-FL/Retail-Operations_202600611/apply,200
20260515163702,https://dickssportinggoods.wd1.myworkdayjobs.com/DSG/job/Store1571-Miami-FL/Retail-Rock-Climbing-Associate_202605804/apply,200
20260515172307,https://dickssportinggoods.wd1.myworkdayjobs.com/DSG/job/Store1571-Miami-FL/Retail-Sales-Associate-Golf_202600615/apply,200
20260310093740,https://dickssportinggoods.wd1.myworkdayjobs.com/DSG/job/Store1571-Miami-FL/Retail-Sales-Associate-Team-Sports_202600613/apply,200
20260310103257,https://dickssportinggoods.wd1.myworkdayjobs.com/DSG/job/Store1572-Tampa-Intl-Plaza-FL/Late-Night-Overnight-Operations-Teamamtes_202601471/apply,200
20260315075931,https://dickssportinggoods.wd1.myworkdayjobs.com/DSG/job/Store1572-Tampa-Intl-Plaza-FL/Retail-Customer-Service-Specialist_202601304/apply,200
20260214051916,https://dickssportinggoods.wd1.myworkdayjobs.com/DSG/job/Store1574-Freehold-NJ/Golf-Professional---House-of-Sport_202506198/apply,200
20260214044322,https://dickssportinggoods.wd1.myworkdayjobs.com/DSG/job/Store1574-Freehold-NJ/Part-Time-Equipment-Services-Teammate_202519613-1/apply,200
20260515163428,https://dickssportinggoods.wd1.myworkdayjobs.com/DSG/job/Store1574-Freehold-NJ/Part-Time-Retail-Team-Sports-Teammate_202604378/apply,200
20240919002554,https://dickssportinggoods.wd1.myworkdayjobs.com/DSG/job/Store1579-Scranton-PA/Retail-Omni-Fulfillment-Associate_202406405/apply,200
20260414210740,https://dickssportinggoods.wd1.myworkdayjobs.com/DSG/job/Store1580-Chesapeake-VA/Retail-Omni-Fulfillment-Associate_202603628/apply,200
20260414204901,https://dickssportinggoods.wd1.myworkdayjobs.com/DSG/job/Store1580-Chesapeake-VA/Retail-Sales-Associate-Golf_202603624/apply,200
20250624214543,https://dickssportinggoods.wd1.myworkdayjobs.com/DSG/job/Store1580-Chesapeake-VA/Retail-Sales-Associate-Team-Sports_202506664/apply,200
20260414220003,https://dickssportinggoods.wd1.myworkdayjobs.com/DSG/job/Store1580-Chesapeake-VA/Retail-Sales-Lead-Footwear_202603230/apply,200
20260615021321,https://dickssportinggoods.wd1.myworkdayjobs.com/DSG/job/Store1581-Fayetteville-NC/Golf-Professional---DICK-S-House-of-Sport_202518917/apply,200
20260214051522,https://dickssportinggoods.wd1.myworkdayjobs.com/DSG/job/Store1581-Fayetteville-NC/Retail-Sales-Associate-Golf_202518271-1/apply,200
20260310095147,https://dickssportinggoods.wd1.myworkdayjobs.com/DSG/job/Store1584-Latham-NY/Retail-Sales-Associate-Bikes---Fitness_202600493/apply,200
20260515162929,https://dickssportinggoods.wd1.myworkdayjobs.com/DSG/job/Store1587-Baybrook-TX/Retail-Cashier_202605820/apply,200
20260515163915,https://dickssportinggoods.wd1.myworkdayjobs.com/DSG/job/Store1587-Baybrook-TX/Retail-Housekeeping-Associate_202605806-1/apply,200
20260615014540,https://dickssportinggoods.wd1.myworkdayjobs.com/DSG/job/Store1588-Lafayette-LA/Retail-Cashier_202601919-1/apply,200
20260515162647,https://dickssportinggoods.wd1.myworkdayjobs.com/DSG/job/Store1588-Lafayette-LA/Retail-Omni-Fulfillment-Associate_202604872/apply,200
20260315084128,https://dickssportinggoods.wd1.myworkdayjobs.com/DSG/job/Store1588-Lafayette-LA/Retail-Sales-Associate---Bikes---Fitness_202601142/apply,200
20240919014533,https://dickssportinggoods.wd1.myworkdayjobs.com/DSG/job/Store1588-Lafayette-LA/retail-sales-associate-apparel_202407190/apply,200
20260315075907,https://dickssportinggoods.wd1.myworkdayjobs.com/DSG/job/Store1590-Cedar-Park-TX/Apparel-Associate_202601454/apply,200
20260208053857,https://dickssportinggoods.wd1.myworkdayjobs.com/DSG/job/Store1590-Cedar-Park-TX/Assistant-Store-Manager-Hardlines_202518365/apply,200
20240919005900,https://dickssportinggoods.wd1.myworkdayjobs.com/DSG/job/Store1591-Prosper-TX/Retail-Cashier_202405755/apply,200
20260615013037,https://dickssportinggoods.wd1.myworkdayjobs.com/DSG/job/Store1591-Prosper-TX/Retail-Cashier_202607130/apply,200
20260515170018,https://dickssportinggoods.wd1.myworkdayjobs.com/DSG/job/Store1591-Prosper-TX/Retail-Sales-Associate_202602477/apply,200
20260315082346,https://dickssportinggoods.wd1.myworkdayjobs.com/DSG/job/Store1592-Oklahoma-City-OK/Retail-Operations-Associate_202601687/apply,200
20260515162128,https://dickssportinggoods.wd1.myworkdayjobs.com/DSG/job/Store1592-Oklahoma-City-OK/Retail-Sales-Associate-Team-Sports_202603936/apply,200
20240919013326,https://dickssportinggoods.wd1.myworkdayjobs.com/DSG/job/Store1592-Oklahoma-City-OK/Retail-Sales-Lead--All-Positions----HIRING-EVENT_202412736/apply,200
20240919005103,https://dickssportinggoods.wd1.myworkdayjobs.com/DSG/job/Store1593-Brandywine-DE/Golf-Professional---House-of-Sport_202407658/apply,200
20260315075952,https://dickssportinggoods.wd1.myworkdayjobs.com/DSG/job/Store1593-Brandywine-DE/Retail-Cashier_202601604/apply,200
20260310100635,https://dickssportinggoods.wd1.myworkdayjobs.com/DSG/job/Store1593-Brandywine-DE/Retail-Customer-Service-Specialist_202600683/apply,200
20260615020601,https://dickssportinggoods.wd1.myworkdayjobs.com/DSG/job/Store1593-Brandywine-DE/Retail-Sales-Associate-Footwear_202607120/apply,200
20260615020018,https://dickssportinggoods.wd1.myworkdayjobs.com/DSG/job/Store1594-Glendale-AZ/Retail-Operations-Associate_202605868/apply,200
20260315074036,https://dickssportinggoods.wd1.myworkdayjobs.com/DSG/job/Store1595-Pottstown-PA/Retail-Running-Specialist_202601176/apply,200
20250426231307,https://dickssportinggoods.wd1.myworkdayjobs.com/DSG/job/Store1597-Glen-Carbon-IL/Freight-Flow-Lead_202504290/apply,200
20260310091633,https://dickssportinggoods.wd1.myworkdayjobs.com/DSG/job/Store1597-Glen-Carbon-IL/Retail-Sales-Lead-Apparel_202601504/apply,200
20260515161322,https://dickssportinggoods.wd1.myworkdayjobs.com/DSG/job/Store1601-Dayton-OH/Local-Marketing-Specialist---House-of-Sport_202603782/apply,200
20260515172012,https://dickssportinggoods.wd1.myworkdayjobs.com/DSG/job/Store1601-Dayton-OH/Retail-Cashier_202602767/apply,200
20260214052625,https://dickssportinggoods.wd1.myworkdayjobs.com/DSG/job/Store1601-Dayton-OH/Retail-Sales-Lead-Apparel_202519911/apply,200
20260315084932,https://dickssportinggoods.wd1.myworkdayjobs.com/DSG/job/Store1605-Washington-PA/Retail-Sales-Lead-Apparel_202601683/apply,200
20260515171117,https://dickssportinggoods.wd1.myworkdayjobs.com/DSG/job/Store1610-Thornton-CO/Dedicated-Store-Visual-Merchandiser---House-of-Sport_202603681/apply,200
20260214035711,https://dickssportinggoods.wd1.myworkdayjobs.com/DSG/job/Store1611-Baton-Rouge-LA/Dedicated-Store-Visual-Merchandiser---House-of-Sport_202517728-1/apply,200
20260310091500,https://dickssportinggoods.wd1.myworkdayjobs.com/DSG/job/Store1611-Baton-Rouge-LA/Golf-Assoiciate_202601726/apply,200
20260310092651,https://dickssportinggoods.wd1.myworkdayjobs.com/DSG/job/Store1611-Baton-Rouge-LA/Retail-cashier_202601727/apply,200
20260214040825,https://dickssportinggoods.wd1.myworkdayjobs.com/DSG/job/Store1612-Arlington-TX/Assistant-Store-Manager-Operations---House-of-Sport_202600084/apply,200
20260315082628,https://dickssportinggoods.wd1.myworkdayjobs.com/DSG/job/Store1612-Arlington-TX/Golf-Professional---DICK-S-House-of-Sport_202600949/apply,200
20260515173606,https://dickssportinggoods.wd1.myworkdayjobs.com/DSG/job/Store1617-Greensburg-PA/Retail-Freight-Flow-Lead---HIRING-EVENT_202605766/apply,200
20260830001937,https://dickssportinggoods.wd1.myworkdayjobs.com/dsg/job/Store1617-Greensburg-PA/Retail-Sales-Associate-Golf_202632387,200
20260315073202,https://dickssportinggoods.wd1.myworkdayjobs.com/DSG/job/Store1618-Montgomeryville-PA/Retail-Operations-Associate_202600802/apply,200
20260214043329,https://dickssportinggoods.wd1.myworkdayjobs.com/DSG/job/Store1618-Montgomeryville-PA/Retail-Sales-Associate--Golf_202600258/apply,200
20260310091927,https://dickssportinggoods.wd1.myworkdayjobs.com/DSG/job/Store1618-Montgomeryville-PA/Team-Sports-Sales-Associate_202601350-1/apply,200
20260214041347,https://dickssportinggoods.wd1.myworkdayjobs.com/DSG/job/Store1619-Dallas-TX/Retail-Rock-Climbing-Lead_202519316/apply,200
20260310091331,https://dickssportinggoods.wd1.myworkdayjobs.com/DSG/job/Store1619-Dallas-TX/Retail-Sales-Associate-Apparel_202600914/apply,200
20260615013956,https://dickssportinggoods.wd1.myworkdayjobs.com/DSG/job/Store1619-Dallas-TX/Retail-Sales-Associate-Golf_202603492/apply,200
20260214051744,https://dickssportinggoods.wd1.myworkdayjobs.com/DSG/job/Store1620-Tulsa-OK/Retail-Sales-Lead-Apparel_202515571-1/apply,200
20260214045328,https://dickssportinggoods.wd1.myworkdayjobs.com/DSG/job/Store1623-Leawood-KS/Retail-Loss-Prevention-Lead_202518841/apply,200
20260310101232,https://dickssportinggoods.wd1.myworkdayjobs.com/DSG/job/Store1623-Leawood-KS/Retail-Sales-Associate---Day-Time-Availability_202601545-1/apply,200
20260123234219,https://dickssportinggoods.wd1.myworkdayjobs.com/DSG/job/Store1623-Leawood-KS/Seasonal-Overnight-Operations-Associate_202518844/apply,200
20251205185646,https://dickssportinggoods.wd1.myworkdayjobs.com/DSG/job/Store1623-Leawood-KS/Seasonal-Retail-Sales-Associate_202516435-1/apply,200
20260310102823,https://dickssportinggoods.wd1.myworkdayjobs.com/DSG/job/Store1627-Waterworks-PA/Retail-Sales-Leader-Front-End_202601503/apply,200
20260214035605,https://dickssportinggoods.wd1.myworkdayjobs.com/DSG/job/Store1630-Henrietta-NY/Retail-Customer-Service-Specialist_202515643/apply,200
20260315074436,https://dickssportinggoods.wd1.myworkdayjobs.com/DSG/job/Store1630-Henrietta-NY/Retail-Run-Ambassador_202601572/apply,200
20250427004435,https://dickssportinggoods.wd1.myworkdayjobs.com/DSG/job/Store1642-Cherry-Creek-CO/Retail-Sales-Associate--All-Positions----HIRING-EVENT_202504355-1/apply,200
20260615024748,https://dickssportinggoods.wd1.myworkdayjobs.com/DSG/job/Store1642-Cherry-Creek-CO/Retail-Sales-Associate-Footwear_202606606/apply,200
20250427001049,https://dickssportinggoods.wd1.myworkdayjobs.com/DSG/job/Store1642-Cherry-Creek-CO/Retail-Sales-Lead--All-Positions----HIRING-EVENT_202504368/apply,200
20260208043153,https://dickssportinggoods.wd1.myworkdayjobs.com/DSG/job/Store1647-Mobile-AL/Golf-Professional---House-of-Sport_202419274/apply,200
20260615024924,https://dickssportinggoods.wd1.myworkdayjobs.com/DSG/job/Store1660-Schaumburg-IL/Local-Marketing-Specialist---House-of-Sport_202603566/apply,200
20260208045847,https://dickssportinggoods.wd1.myworkdayjobs.com/DSG/job/Store1661-Cedar-Rapids-IA/Assistant-Store-Manager-Sales---House-of-Sport_202519154-1/apply,200
20260315075822,https://dickssportinggoods.wd1.myworkdayjobs.com/DSG/job/Store1661-Cedar-Rapids-IA/Golf-Professional---DICK-S-House-of-Sport_202600950/apply,200
20260208044225,https://dickssportinggoods.wd1.myworkdayjobs.com/DSG/job/Store1664-Kennesaw-GA/Retail-Equipment-Services-Lead_202600469/apply,200
20260214033309,https://dickssportinggoods.wd1.myworkdayjobs.com/DSG/job/Store1665-Charlottesville-VA/Retail-Outdoor-Associate_202600462/apply,200
20260208050723,https://dickssportinggoods.wd1.myworkdayjobs.com/DSG/job/Store1665-Charlottesville-VA/Retail-Sales-Associate-Apparel_202519902-1/apply,200
20260214035456,https://dickssportinggoods.wd1.myworkdayjobs.com/DSG/job/Store1665-Charlottesville-VA/Retail-Sales-Associate-Bikes---Fitness_202600465/apply,200
20260123224319,https://dickssportinggoods.wd1.myworkdayjobs.com/DSG/job/Store1665-Charlottesville-VA/Retail-Sales-Lead-Golf_202518723/apply,200
20260414204618,https://dickssportinggoods.wd1.myworkdayjobs.com/DSG/job/Store1666-Polaris-OH/Retail-Sales-Footwear-Associate_202602871/apply,200
20260214034521,https://dickssportinggoods.wd1.myworkdayjobs.com/DSG/job/Store1666-Polaris-OH/Retail-Sales-Operations-Associate_202600143/apply,200
20260515160822,https://dickssportinggoods.wd1.myworkdayjobs.com/DSG/job/Store3003-Roseville-MN/Golf-Professional---Golf-Galaxy_202601886/apply,200
20260208041432,https://dickssportinggoods.wd1.myworkdayjobs.com/DSG/job/Store3005-Grand-Rapids-MI/Retail-Cashier_202517172/apply,200
20250318193824,https://dickssportinggoods.wd1.myworkdayjobs.com/DSG/job/Store3006-West-Des-Moines-IA/Retail-Golf-Club-Tech_202501768/apply,200
20260214052637,https://dickssportinggoods.wd1.myworkdayjobs.com/DSG/job/Store3009-Tuttle-Crossing-OH/Retail-Cashier_202517290-1/apply,200
20260208043857,https://dickssportinggoods.wd1.myworkdayjobs.com/DSG/job/Store3009-Tuttle-Crossing-OH/Retail-Sales-Associate-Apparel_202517296/apply,200
20250427000407,https://dickssportinggoods.wd1.myworkdayjobs.com/DSG/job/Store3015-N-Olmsted-OH/Retail-Golf-Equipment-Sales-Associate_202414199/apply,200
20260214044808,https://dickssportinggoods.wd1.myworkdayjobs.com/DSG/job/Store3017-Orland-Park-IL/Retail-Golf-Equipment-Sales-Associate_202519697/apply,200
20260515163536,https://dickssportinggoods.wd1.myworkdayjobs.com/DSG/job/Store3026-Salt-Lake-City-UT/Golf-Sales-Lead---Key-Carrier_202602928-1/apply,200
20260214043547,https://dickssportinggoods.wd1.myworkdayjobs.com/DSG/job/Store3032-Virginia-Beach-VA/Retail-Golf-Equipment-Sales-Associate_202515488/apply,200
20250522055927,https://dickssportinggoods.wd1.myworkdayjobs.com/DSG/job/Store3034-Appleton-WI/Golf-Professional_202411821/apply,200
20260315073659,https://dickssportinggoods.wd1.myworkdayjobs.com/DSG/job/Store3034-Appleton-WI/Retail-Golf-Equipment-Sales-Associate_202600555/apply,200
20240919011804,https://dickssportinggoods.wd1.myworkdayjobs.com/DSG/job/Store3040-Cool-Springs-TN/Golf-Club-TEch_202407296/apply,200
20260615022108,https://dickssportinggoods.wd1.myworkdayjobs.com/DSG/job/Store3040-Cool-Springs-TN/Retail-Cashier_202605916/apply,200
20260214052249,https://dickssportinggoods.wd1.myworkdayjobs.com/DSG/job/Store3043-Buffalo-NY/Retail-Golf-Equipment-Sales-Associate_202517530/apply,200
20250713141250,https://dickssportinggoods.wd1.myworkdayjobs.com/DSG/job/Store3043-Buffalo-NY/Retail-Sales-Associate-Golf_202403805/apply,200
20260214051043,https://dickssportinggoods.wd1.myworkdayjobs.com/DSG/job/Store3043-Buffalo-NY/Retail-Softlines-Lead_202512458/apply,200
20260214052827,https://dickssportinggoods.wd1.myworkdayjobs.com/DSG/job/Store3045-Galleria-TX/Retail-Cashier_202519494/apply,200
20250318193908,https://dickssportinggoods.wd1.myworkdayjobs.com/DSG/job/Store3057-Tulsa-OK/Retail-Golf-Club-Tech_202318018/apply,200
20260214052059,https://dickssportinggoods.wd1.myworkdayjobs.com/DSG/job/Store3057-Tulsa-OK/Retail-Golf-Club-Tech_202517315/apply,200
20250426235833,https://dickssportinggoods.wd1.myworkdayjobs.com/DSG/job/Store3060-Omaha-NE/Retail-Cashier_202504362-1/apply,200
20260208045603,https://dickssportinggoods.wd1.myworkdayjobs.com/DSG/job/Store3060-Omaha-NE/Retail-Softlines-Sales-Associate_202519820/apply,200
20260315085701,https://dickssportinggoods.wd1.myworkdayjobs.com/DSG/job/Store3065-Syracuse-NY/Retail-Sales-Associate-Golf_202600383/apply,200
20260214045552,https://dickssportinggoods.wd1.myworkdayjobs.com/DSG/job/Store3067-Las-Vegas-NV/XMLNAME-30026---Retail-Golf-Equipment-Sales-Associate_202600438/apply,200
20260208052336,https://dickssportinggoods.wd1.myworkdayjobs.com/DSG/job/Store3073-Milford-CT/Retail-Cashier_202518417/apply,200
20260315075844,https://dickssportinggoods.wd1.myworkdayjobs.com/DSG/job/Store3073-Milford-CT/Retail-Cashier_202601191/apply,200
20251008195944,https://dickssportinggoods.wd1.myworkdayjobs.com/DSG/job/Store3075-North-Charlotte-NC/Cashier_202301016-1/apply,200
20240919011922,https://dickssportinggoods.wd1.myworkdayjobs.com/DSG/job/Store3078-Oxford-Valley-PA/Retail-Cashier_202404296-1/apply,200
20260310093701,https://dickssportinggoods.wd1.myworkdayjobs.com/DSG/job/Store3080-Sacramento-CA/Retail-Cashier_202601069/apply,200
20251008195241,https://dickssportinggoods.wd1.myworkdayjobs.com/DSG/job/Store3105-East-Hanover-NJ/Golf-Professional---Golf-Galaxy_202504897/apply,200
20250522063322,https://dickssportinggoods.wd1.myworkdayjobs.com/DSG/job/Store3107-Louisville-KY/Retail-Golf-Equipment-Sales-Associate_202403177/apply,200
20260414214345,https://dickssportinggoods.wd1.myworkdayjobs.com/DSG/job/Store3108-Grapevine-TX/Golf-Professional---Golf-Galaxy_202602387/apply,200
20260214052447,https://dickssportinggoods.wd1.myworkdayjobs.com/DSG/job/Store3108-Grapevine-TX/Retail-Golf-Club-Tech_202600071/apply,200
20250915031526,https://dickssportinggoods.wd1.myworkdayjobs.com/DSG/job/Store3113-Cary-NC/Retail-Cashier_202512711/apply,200
20260214045257,https://dickssportinggoods.wd1.myworkdayjobs.com/DSG/job/Store3116-Paramus-NJ/Retail-Golf-Equipment-Sales-Associate--Fitting-Specialist_202600201/apply,200
20250915040311,https://dickssportinggoods.wd1.myworkdayjobs.com/DSG/job/Store3117-Castleton-IN/Retail-Cashier_202512646/apply,200
20260208043708,https://dickssportinggoods.wd1.myworkdayjobs.com/DSG/job/Store3117-Castleton-IN/Retail-Golf-Equipment-Sales-Associate_202517793/apply,200
20260310093531,https://dickssportinggoods.wd1.myworkdayjobs.com/DSG/job/Store3118-Columbus-Easton-OH/Retail-Cashier_202600651-1/apply,200
20260615020139,https://dickssportinggoods.wd1.myworkdayjobs.com/DSG/job/Store3118-Columbus-Easton-OH/Retail-Master-Club-Fitter_202607041/apply,200
20260310101432,https://dickssportinggoods.wd1.myworkdayjobs.com/DSG/job/Store3118-Columbus-Easton-OH/Sales-Associate_202600666/apply,200
20250426234101,https://dickssportinggoods.wd1.myworkdayjobs.com/DSG/job/Store3124-Pembroke-Pines-FL/Golf-Equipment-Sales-Associate_202504374/apply,200
20260515172109,https://dickssportinggoods.wd1.myworkdayjobs.com/DSG/job/Store3124-Pembroke-Pines-FL/Retail-Cashier_202603182/apply,200
20260208041701,https://dickssportinggoods.wd1.myworkdayjobs.com/DSG/job/Store3124-Pembroke-Pines-FL/Retail-Sales-Lead-Golf---Key-Holder_202600142/apply,200
20260214050950,https://dickssportinggoods.wd1.myworkdayjobs.com/DSG/job/Store3125-Downers-Grove-IL/Retail-Cashier_202516535/apply,200
20260214051159,https://dickssportinggoods.wd1.myworkdayjobs.com/DSG/job/Store3127-Westminster-CO/Golf-Galaxy-Apparel-Lead_202600024/apply,200
20260315084109,https://dickssportinggoods.wd1.myworkdayjobs.com/DSG/job/Store3127-Westminster-CO/Retail-Cashier_202601810/apply,200
20260315075644,https://dickssportinggoods.wd1.myworkdayjobs.com/DSG/job/Store3132-Englewood-CO/Retail-Cashier_202601711/apply,200
20260205045812,https://dickssportinggoods.wd1.myworkdayjobs.com/DSG/job/Store3132-Englewood-CO/Retail-Cashier_202601711?source=Appcast_IndeedO&_ccid=1765942637197bpyksm8ae&ittk=1IWVR5XQQK,200
20260205054844,https://dickssportinggoods.wd1.myworkdayjobs.com/DSG/job/Store3132-Englewood-CO/Retail-Cashier_202601711?source=Appcast_IndeedO&_ccid=1765942637197bpyksm8ae&ittk=4CLWNCE9HC,200
20260205055106,https://dickssportinggoods.wd1.myworkdayjobs.com/DSG/job/Store3132-Englewood-CO/Retail-Cashier_202601711?source=Appcast_IndeedO&_ccid=1765942637197bpyksm8ae&ittk=B6LIYKBDCY,200
20260205055054,https://dickssportinggoods.wd1.myworkdayjobs.com/DSG/job/Store3132-Englewood-CO/Retail-Cashier_202601711?source=Appcast_IndeedO&_ccid=1765942637197bpyksm8ae&ittk=DV8TQFMKGG,200
20260205055319,https://dickssportinggoods.wd1.myworkdayjobs.com/DSG/job/Store3132-Englewood-CO/Retail-Cashier_202601711?source=Appcast_IndeedO&_ccid=1765942637197bpyksm8ae&ittk=N8VLGFISXS,200
20260315073253,https://dickssportinggoods.wd1.myworkdayjobs.com/DSG/job/Store3132-Englewood-CO/Retail-Golf-Equipment-Sales-Associate_202601199/apply,200
20240919015459,https://dickssportinggoods.wd1.myworkdayjobs.com/DSG/job/Store3133-Woodbury-MN/Golf-Sales-Associate_202405121-1/apply,200
20260214051547,https://dickssportinggoods.wd1.myworkdayjobs.com/DSG/job/Store3133-Woodbury-MN/Retail-Cashier_202600317/apply,200
20250624231546,https://dickssportinggoods.wd1.myworkdayjobs.com/DSG/job/Store3133-Woodbury-MN/Retail-Golf-Equipment-Sales-Associate_202418958/apply,200
20250522062655,https://dickssportinggoods.wd1.myworkdayjobs.com/DSG/job/Store3138-Baileys-Crossroads-VA/Retail-Golf-Club-Fitting-Specialist_202406026/apply,200
20250427005950,https://dickssportinggoods.wd1.myworkdayjobs.com/DSG/job/Store3138-Baileys-Crossroads-VA/Retail-Golf-Club-Tech_202406020/apply,200
20240919005906,https://dickssportinggoods.wd1.myworkdayjobs.com/DSG/job/Store3138-Baileys-Crossroads-VA/Retail-Operations-Lead---HIRING-EVENT_202312515/apply,200
20260214050250,https://dickssportinggoods.wd1.myworkdayjobs.com/DSG/job/Store3139-Port-St-Lucie-FL/Retail-Golf-Equipment-Sales-Associate_202519228/apply,200
20260515162318,https://dickssportinggoods.wd1.myworkdayjobs.com/DSG/job/Store3141-Vernon-Hills-IL/Retail-Cashier_202604596/apply,200
20260214044935,https://dickssportinggoods.wd1.myworkdayjobs.com/DSG/job/Store3141-Vernon-Hills-IL/Retail-Golf-Equipment-Sales-Associate_202515273/apply,200
20250318204509,https://dickssportinggoods.wd1.myworkdayjobs.com/DSG/job/Store3144-Hilton-Head-SC/Retail-Cashier_202404799/apply,200
20260615022027,https://dickssportinggoods.wd1.myworkdayjobs.com/DSG/job/Store3144-Hilton-Head-SC/Retail-Cashier_202606704/apply,200
20260208051740,https://dickssportinggoods.wd1.myworkdayjobs.com/DSG/job/Store3147-North-Olmsted-OH/Retail-Cashier_202517270/apply,200
20260315082602,https://dickssportinggoods.wd1.myworkdayjobs.com/DSG/job/Store3148-San-Diego-CA/Golf-Retail-Sales-Associate_202600632/apply,200
20260208044136,https://dickssportinggoods.wd1.myworkdayjobs.com/DSG/job/Store3149-Warrensville-Heights-OH/Retail-Golf-Club-Tech_202518139/apply,200
20260214035747,https://dickssportinggoods.wd1.myworkdayjobs.com/DSG/job/Store3151-Fairview-Heights-IL/Golf-Equipment-Sales_202518425/apply,200
20260214044905,https://dickssportinggoods.wd1.myworkdayjobs.com/DSG/job/Store3153-Buckhead-GA/Retail-Golf-Equipment-Sales-Associate_202600423/apply,200
20240919020350,https://dickssportinggoods.wd1.myworkdayjobs.com/DSG/job/Store3153-Buckhead-GA/Retail-Sales-Associate--All-Positions----New-Store_202406509/apply,200
20260208054020,https://dickssportinggoods.wd1.myworkdayjobs.com/DSG/job/Store3153-Buckhead-GA/Retail-Sales-Associate-Apparel_202600425/apply,200
20260310090924,https://dickssportinggoods.wd1.myworkdayjobs.com/DSG/job/Store3153-Buckhead-GA/Retail-Softlines-Teammate_202600982/apply,200
20260515163249,https://dickssportinggoods.wd1.myworkdayjobs.com/DSG/job/Store3154-Mount-Pleasant-SC/Golf-Galaxy---Retail-Cashier--Part-Time-_202605850/apply,200
20260214043006,https://dickssportinggoods.wd1.myworkdayjobs.com/DSG/job/Store3154-Mount-Pleasant-SC/Retail-Sales-Associate-Apparel_202519661/apply,200
20260515162822,https://dickssportinggoods.wd1.myworkdayjobs.com/DSG/job/Store3155-Allentown-PA/Golf-Equipment-Sales_202515427/apply,200
20260214042438,https://dickssportinggoods.wd1.myworkdayjobs.com/DSG/job/Store3158-Dayton-OH/retail-cashier_202600113/apply,200
20260515171219,https://dickssportinggoods.wd1.myworkdayjobs.com/DSG/job/Store3158-Dayton-OH/Retail-Operations-Lead_202512092/apply,200
20260208043325,https://dickssportinggoods.wd1.myworkdayjobs.com/DSG/job/Store3158-Dayton-OH/Retail-Sales-Associate--All-Positions----HIRING-EVENT_202516899/apply,200
20260214044737,https://dickssportinggoods.wd1.myworkdayjobs.com/DSG/job/Store3164-Holmdel-NJ/Retail-Cashier_202516653/apply,200
20260214043837,https://dickssportinggoods.wd1.myworkdayjobs.com/DSG/job/Store3202-Bay-Area-San-Jose-CA/Golf-Professional---Golf-Galaxy_202511281/apply,200
20260615022209,https://dickssportinggoods.wd1.myworkdayjobs.com/DSG/job/Store3202-Bay-Area-San-Jose-CA/Retail-Golf-Club-Tech_202607006/apply,200
20250522063756,https://dickssportinggoods.wd1.myworkdayjobs.com/DSG/job/Store3203-Sarasota-FL/Golf-Professional---Golf-Galaxy_202503490/apply,200
20250426230920,https://dickssportinggoods.wd1.myworkdayjobs.com/DSG/job/Store3203-Sarasota-FL/Retail-Cashier_202319440/apply,200
20260214043201,https://dickssportinggoods.wd1.myworkdayjobs.com/DSG/job/Store3203-Sarasota-FL/Retail-Golf-Equipment-Sales-Associate_202517429/apply,200
20260310102358,https://dickssportinggoods.wd1.myworkdayjobs.com/DSG/job/Store3204-Detroit-Lakeside-MI/Part-time-sales_202601745/apply,200
20260515162008,https://dickssportinggoods.wd1.myworkdayjobs.com/DSG/job/Store3205-Cascade-Station-OR/Retail-Cashier_202604337/apply,200
20260615024834,https://dickssportinggoods.wd1.myworkdayjobs.com/DSG/job/Store3205-Cascade-Station-OR/Retail-Golf-Club-Tech_202602376/apply,200
20250318205802,https://dickssportinggoods.wd1.myworkdayjobs.com/DSG/job/Store3210-Greensboro-NC/Retail-Golf-Club-Tech_202404246/apply,200
20250915033337,https://dickssportinggoods.wd1.myworkdayjobs.com/DSG/job/Store3213-Nashville-TN/Retail-Golf-Sales-Associate_202512482-1/apply,200
20260310094344,https://dickssportinggoods.wd1.myworkdayjobs.com/DSG/job/Store3216-Naples-FL/Retail-Cashier_202601584/apply,200
20260414212938,https://dickssportinggoods.wd1.myworkdayjobs.com/DSG/job/Store3220-Norwalk-CT/Retail-Golf-Equipment-Sales-Associate_202603183/apply,200
20260214050517,https://dickssportinggoods.wd1.myworkdayjobs.com/DSG/job/Store3220-Norwalk-CT/Retail-Master-Club-Fitter--Key-Holder_202600064/apply,200
20260208053441,https://dickssportinggoods.wd1.myworkdayjobs.com/DSG/job/Store3222-San-Antonio-TX/Retail-Cashier_202515624/apply,200
20250713134852,https://dickssportinggoods.wd1.myworkdayjobs.com/DSG/job/Store3224-Brookfield-WI/Apparel-Specialist_202407563-1/apply,200
20250522063831,https://dickssportinggoods.wd1.myworkdayjobs.com/DSG/job/Store3224-Brookfield-WI/Retail-Golf-Sales-Associate_202319941/apply,200
20260615022925,https://dickssportinggoods.wd1.myworkdayjobs.com/DSG/job/Store3225-Reading-MA/Retail-Cashier_202604454/apply,200
20260208051317,https://dickssportinggoods.wd1.myworkdayjobs.com/DSG/job/Store3225-Reading-MA/Retail-Golf-Equipment-Sales-Associate_202517280/apply,200
20250624230101,https://dickssportinggoods.wd1.myworkdayjobs.com/DSG/job/Store3225-Reading-MA/Retail-Golf-Equipment-Sales-Lead_202406568/apply,200
20260414215223,https://dickssportinggoods.wd1.myworkdayjobs.com/DSG/job/Store3225-Reading-MA/Retail-Softlines-Sales-Lead_202518448/apply,200
20260615023651,https://dickssportinggoods.wd1.myworkdayjobs.com/DSG/job/Store3225-Reading-MA/Retail-Softlines-Sales-Lead_202604457/apply,200
20260214040407,https://dickssportinggoods.wd1.myworkdayjobs.com/DSG/job/Store3226-Overland-Park-KS/Retail-Cashier_202518797/apply,200
20250427010339,https://dickssportinggoods.wd1.myworkdayjobs.com/DSG/job/Store3227-Richmond-VA/Retail-Softlines-Sales-Lead_202504048/apply,200
20260721233825,https://dickssportinggoods.wd1.myworkdayjobs.com/dsg/job/Store3229-Woodlands-TX/Retail-Cashier_202626426,200
20250426233436,https://dickssportinggoods.wd1.myworkdayjobs.com/DSG/job/Store3229-Woodlands-TX/XMLNAME-50134---Retail-Golf-Club-Tech_202319156/apply,200
20260315074739,https://dickssportinggoods.wd1.myworkdayjobs.com/DSG/job/Store3240-Upland-CA/Retail-Cashier_202601528/apply,200
20260310093139,https://dickssportinggoods.wd1.myworkdayjobs.com/DSG/job/Store3241-Oklahoma-City-OK/Retail-Cashier_202601115/apply,200
20260214043944,https://dickssportinggoods.wd1.myworkdayjobs.com/DSG/job/Store3241-Oklahoma-City-OK/Retail-Golf-Club-Tech_202518572/apply,200
20260310102435,https://dickssportinggoods.wd1.myworkdayjobs.com/DSG/job/Store3241-Oklahoma-City-OK/Retail-Golf-Equipment-Sales-Associate_202600969/apply,200
20250427003643,https://dickssportinggoods.wd1.myworkdayjobs.com/DSG/job/Store4406-Tempe-AZ/Retail-Omni-Fulfillment-Associate_202503818/apply,200
20251205174546,https://dickssportinggoods.wd1.myworkdayjobs.com/DSG/job/Store4406-Tempe-AZ/Retail-Price-and-Signage-Lead_202518292/apply,200
20250427005920,https://dickssportinggoods.wd1.myworkdayjobs.com/DSG/job/Store4406-Tempe-AZ/Retail-Sales-Associate-Footwear_202503824/apply,200
20250426230346,https://dickssportinggoods.wd1.myworkdayjobs.com/DSG/job/Store4409-Monroeville-PA/Retail-Sales-Associate-Apparel_202502866/apply,200
20240919014223,https://dickssportinggoods.wd1.myworkdayjobs.com/DSG/job/Store4410-Franklin-Mills-PA/Retail-Cashier_202402957/apply,200
20251118050020,https://dickssportinggoods.wd1.myworkdayjobs.com/DSG/job/Store4410-Franklin-Mills-PA/Seasonal-Retail-Sales-Associate_202516446-1/apply,200
20260214052742,https://dickssportinggoods.wd1.myworkdayjobs.com/DSG/job/Store4414-Avon-IN/Retail-Cashier_202600083/apply,200
20260515164620,https://dickssportinggoods.wd1.myworkdayjobs.com/DSG/job/Store4414-Avon-IN/Retail-Customer-Service-Specialist_202602876/apply,200
20260214045034,https://dickssportinggoods.wd1.myworkdayjobs.com/DSG/job/Store4414-Avon-IN/Retail-Freight-Flow-Lead_202600454/apply,200
20250427003527,https://dickssportinggoods.wd1.myworkdayjobs.com/DSG/job/Store4414-Avon-IN/Retail-Operations-Associate_202503551/apply,200
20260208042330,https://dickssportinggoods.wd1.myworkdayjobs.com/DSG/job/Store4415-North-Olmsted-OH/Part-Time-Operations-Teammate_202600327/apply,200
20250426234449,https://dickssportinggoods.wd1.myworkdayjobs.com/DSG/job/Store4415-North-Olmsted-OH/Retail-Sales-Associate_202502407/apply,200
20251205170136,https://dickssportinggoods.wd1.myworkdayjobs.com/DSG/job/Store4415-North-Olmsted-OH/Seasonal-Retail-Sales-Associate_202516448-1/apply,200
20250426233114,https://dickssportinggoods.wd1.myworkdayjobs.com/DSG/job/Store4431-Orland-Park-IL/Retail-Sales-Associate_202502756/apply,200
20250427001012,https://dickssportinggoods.wd1.myworkdayjobs.com/DSG/job/Store4432-Olathe-KS/Retail-Operations-Associate_202503447/apply,200
20240919012430,https://dickssportinggoods.wd1.myworkdayjobs.com/DSG/job/Store4432-Olathe-KS/Retail-Sales-Associate-Apparel_202412664-1/apply,200
20250427000850,https://dickssportinggoods.wd1.myworkdayjobs.com/DSG/job/Store4432-Olathe-KS/Retail-Sales-Associate-Apparel_202503449/apply,200
20250427010414,https://dickssportinggoods.wd1.myworkdayjobs.com/DSG/job/Store4432-Olathe-KS/Retail-Sales-Associate-Footwear_202503452/apply,200
20240919000159,https://dickssportinggoods.wd1.myworkdayjobs.com/DSG/job/Store4434-North-Hills-PA/Retail-Cashier_202412232/apply,200
20260515165525,https://dickssportinggoods.wd1.myworkdayjobs.com/DSG/job/Store4434-North-Hills-PA/Retail-Sales-Associate-Footwear_202605734/apply,200
20240918234554,https://dickssportinggoods.wd1.myworkdayjobs.com/DSG/job/Store4435-Knoxville-TN/Retail-Associate_202411815/apply,200
20260214051959,https://dickssportinggoods.wd1.myworkdayjobs.com/DSG/job/Store4435-Knoxville-TN/Retail-Operations-Associate_202516642/apply,200
20250427004400,https://dickssportinggoods.wd1.myworkdayjobs.com/DSG/job/Store4436-Kennesaw-GA/Retail-Cashier_202502219/apply,200
20250427002755,https://dickssportinggoods.wd1.myworkdayjobs.com/DSG/job/Store4436-Kennesaw-GA/Retail-Sales-Associate-Apparel_202502223/apply,200
20250427003604,https://dickssportinggoods.wd1.myworkdayjobs.com/DSG/job/Store4436-Kennesaw-GA/Retail-Sales-Associate-Footwear_202502227-1/apply,200
20250426235549,https://dickssportinggoods.wd1.myworkdayjobs.com/DSG/job/Store4437-Midlothian-VA/Retail-Cashier_202502738/apply,200
20260214040458,https://dickssportinggoods.wd1.myworkdayjobs.com/DSG/job/Store4437-Midlothian-VA/Retail-Cashier_202519658/apply,200
20250427000036,https://dickssportinggoods.wd1.myworkdayjobs.com/DSG/job/Store4437-Midlothian-VA/Retail-Operations-Associate_202502731/apply,200
20250427001925,https://dickssportinggoods.wd1.myworkdayjobs.com/DSG/job/Store4438-Concord-NC/Retail-Cashier_202503784/apply,200
20251008203027,https://dickssportinggoods.wd1.myworkdayjobs.com/DSG/job/Store4438-Concord-NC/Retail-Cashier_202514129/apply,200
20260208042443,https://dickssportinggoods.wd1.myworkdayjobs.com/DSG/job/Store4438-Concord-NC/Retail-Cashier_202600282/apply,200
20260214043911,https://dickssportinggoods.wd1.myworkdayjobs.com/DSG/job/Store4438-Concord-NC/Retail-Store-Administrative-Assistant_202519314/apply,200
20250427001241,https://dickssportinggoods.wd1.myworkdayjobs.com/DSG/job/Store4439-Rockaway-NJ/Retail-Sales-Associate-Footwear_202503839/apply,200
20250427000214,https://dickssportinggoods.wd1.myworkdayjobs.com/DSG/job/Store4440-Syracuse-NY/Retail-Sales-Associate-Apparel_202503262/apply,200
20251008193733,https://dickssportinggoods.wd1.myworkdayjobs.com/DSG/job/Store4442-Oklahoma-City-OK/Retail-Operations-Associate_202507423/apply,200
20250522070351,https://dickssportinggoods.wd1.myworkdayjobs.com/DSG/job/Store4445-Aberdeen-NC/retail-cashier_202504738/apply,200
20260515164718,https://dickssportinggoods.wd1.myworkdayjobs.com/DSG/job/Store4445-Aberdeen-NC/retail-operations-asociate_202604384/apply,200
20250427004114,https://dickssportinggoods.wd1.myworkdayjobs.com/DSG/job/Store4447-Freehold-NJ/Part-Time-Hourly-Teammate_202503954/apply,200
20260214044707,https://dickssportinggoods.wd1.myworkdayjobs.com/DSG/job/Store4449-Niagara-NY/Retail-Sales-Associate--All-Positions-_202519685/apply,200
20260310085806,https://dickssportinggoods.wd1.myworkdayjobs.com/DSG/job/Store4450-Mesa-AZ/Retail-Sales-Associate-Apparel_202601205/apply,200
20251008195607,https://dickssportinggoods.wd1.myworkdayjobs.com/DSG/job/Store4450-Mesa-AZ/Retail-Store-Administrative-Assistant---New-Store_202513701-1/apply,200
20260208050553,https://dickssportinggoods.wd1.myworkdayjobs.com/DSG/job/Store4452-Woodbury-MN/Customer-Service-Specialist_202519804/apply,200
20250522072434,https://dickssportinggoods.wd1.myworkdayjobs.com/DSG/job/Store4452-Woodbury-MN/Retail-Sales-Associate--All-Positions----New-Store_202504636/apply,200
20260315085012,https://dickssportinggoods.wd1.myworkdayjobs.com/DSG/job/Store4453-Bridgeville-PA/Customer-Service-Specialist_202600739/apply,200
20250915022530,https://dickssportinggoods.wd1.myworkdayjobs.com/DSG/job/Store4453-Bridgeville-PA/Retail-Operations-Associate_202512772/apply,200
20260515172135,https://dickssportinggoods.wd1.myworkdayjobs.com/DSG/job/Store4453-Bridgeville-PA/Retail-Sales-Associate-Apparel_202602889/apply,200
20251205184907,https://dickssportinggoods.wd1.myworkdayjobs.com/DSG/job/Store4453-Bridgeville-PA/Retail-Sales-Lead-Apparel_202518186/apply,200
20260310095527,https://dickssportinggoods.wd1.myworkdayjobs.com/DSG/job/Store4455-Dallas-TX/Janitorial_202601427/apply,200
20260208043049,https://dickssportinggoods.wd1.myworkdayjobs.com/DSG/job/Store4455-Dallas-TX/retail-customer-service-specialist_202519279/apply,200
20260310094143,https://dickssportinggoods.wd1.myworkdayjobs.com/DSG/job/Store4455-Dallas-TX/Retail-Omni-Lead-Associate_202601420/apply,200
20260414222711,https://dickssportinggoods.wd1.myworkdayjobs.com/DSG/job/Store4457-Montgomeryville-PA/Retail-Apparel-Sales-Lead---Going-Going-Gone_202603532/apply,200
20260208043925,https://dickssportinggoods.wd1.myworkdayjobs.com/DSG/job/Store4457-Montgomeryville-PA/Retail-Sales-Associate---Going-Going-Gone_202600130/apply,200
20260208044508,https://dickssportinggoods.wd1.myworkdayjobs.com/DSG/job/Store4457-Montgomeryville-PA/Retail-Sales-Associate-Apparel_202515270/apply,200
20260414214443,https://dickssportinggoods.wd1.myworkdayjobs.com/DSG/job/Store5200-Cumberland-GA/Retail-Golf-Club-Technician_202601979/apply,200
20260310092903,https://dickssportinggoods.wd1.myworkdayjobs.com/DSG/job/Store5203-Canton-OH/Retail-Sales-Associate-Golf_202601585/apply,200
20260214052759,https://dickssportinggoods.wd1.myworkdayjobs.com/DSG/job/Store5205-Southern-Pines-NC/Retail-Golf-Club-Tech_202519541/apply,200
20260208044812,https://dickssportinggoods.wd1.myworkdayjobs.com/DSG/job/Store5205-Southern-Pines-NC/XMLNAME-10183---Retail-Customer-Service-Specialist_202519234/apply,200
20260214050049,https://dickssportinggoods.wd1.myworkdayjobs.com/DSG/job/Store5205-Southern-Pines-NC/XMLNAME-20113---Retail-Omni-Fulfillment-Associate_202519231/apply,200
20260515164223,https://dickssportinggoods.wd1.myworkdayjobs.com/DSG/job/Store5206-Clermont-FL/Footwear-Associate_202605831/apply,200
20260208045706,https://dickssportinggoods.wd1.myworkdayjobs.com/DSG/job/Store5208-Lake-Nona-FL/Golf-Professional---Golf-Galaxy_202518096/apply,200
20240919011613,https://dickssportinggoods.wd1.myworkdayjobs.com/DSG/job/Store5434-Virginia-Beach-VA/Retail-Cashier_202404029/apply,200
20260208054334,https://dickssportinggoods.wd1.myworkdayjobs.com/DSG/job/Store5444-Cherry-Hill-NJ/Retail-Sales-Associate-Apparel_202519848/apply,200
20250809112345,https://dickssportinggoods.wd1.myworkdayjobs.com/DSG/job/Store5451-Greenwood-IN/Retail-Cashier_202506353/apply,200
20240826175903,https://dickssportinggoods.wd1.myworkdayjobs.com/DSG/job/Store5465-Mansfield-Crossin-MA/Retail-Operations-Associate_202405256/apply,-
20260615023724,https://dickssportinggoods.wd1.myworkdayjobs.com/DSG/job/Store5470-Bainbridge-OH/Operations---Freight-Team-Daytime_202606378/apply,200
20260208041938,https://dickssportinggoods.wd1.myworkdayjobs.com/DSG/job/Store5470-Bainbridge-OH/Retail-Sales-Lead---Footwear_202519681/apply,200
20240919003929,https://dickssportinggoods.wd1.myworkdayjobs.com/DSG/job/Store5472-Hoover-AL/Retail-Cashier_202318715/apply,200
20260515171621,https://dickssportinggoods.wd1.myworkdayjobs.com/DSG/job/Store5477-Miamisburg-OH/Going-Going-Gone--Sales-Associate---Day-Evening-Shift_202602593/apply,200
20260208053557,https://dickssportinggoods.wd1.myworkdayjobs.com/DSG/job/Store5478-Plano-TX/Retail-Cashier_202519700/apply,200
20260515164550,https://dickssportinggoods.wd1.myworkdayjobs.com/DSG/job/Store5478-Plano-TX/Retail-Operations-Associate_202604717/apply,200
20260310103635,https://dickssportinggoods.wd1.myworkdayjobs.com/DSG/job/Store5479-Pittsford-NY/Retail-Cashier_202601407/apply,200
20260208041626,https://dickssportinggoods.wd1.myworkdayjobs.com/DSG/job/Store5482-Fayetteville-AR/Retail-Price-and-Signage-Lead_202519471/apply,200
20240919001942,https://dickssportinggoods.wd1.myworkdayjobs.com/DSG/job/Store5483-Baybrook-TX/Retail-Sales-Associate---Footwear_202403612/apply,200
20260515172503,https://dickssportinggoods.wd1.myworkdayjobs.com/DSG/job/Store5486-Scranton-PA/Retail-Operations-Associate_202601636/apply,200
20260515170259,https://dickssportinggoods.wd1.myworkdayjobs.com/DSG/job/Store5489-Baltimore-MD/XMLNAME-10161--Retail-Cashier_202519740/apply,200
20240919013206,https://dickssportinggoods.wd1.myworkdayjobs.com/DSG/job/Store5494-Fairview-Heights-IL/Retail-Sales-Associate-Apparel_202404000/apply,200
20260214042100,https://dickssportinggoods.wd1.myworkdayjobs.com/DSG/job/Store5600-Cranberry-PA/Climb-Wall-Associate_202517164/apply,200
20250427000719,https://dickssportinggoods.wd1.myworkdayjobs.com/DSG/job/Store5600-Cranberry-PA/Retail-Cashier_202501273/apply,200
20240919015310,https://dickssportinggoods.wd1.myworkdayjobs.com/DSG/job/Store5601-Polaris-OH/Retail-Customer-service-specialist_202406579/apply,200
20251008202552,https://dickssportinggoods.wd1.myworkdayjobs.com/DSG/job/Store5602-Framingham-MA/Retail-Cashier_202501355/apply,200
20240919003711,https://dickssportinggoods.wd1.myworkdayjobs.com/DSG/job/Store5602-Framingham-MA/Retail-Freight-Flow-Lead_202412739/apply,200
20240919020110,https://dickssportinggoods.wd1.myworkdayjobs.com/DSG/job/Store5602-Framingham-MA/Retail-Sales-Associate-Fishing_202406120/apply,200
20241110235742,https://dickssportinggoods.wd1.myworkdayjobs.com/DSG/job/Store5607-Woodbury-MN/General-Manager---Public-Lands_202410598,200
20260615021257,https://dickssportinggoods.wd1.myworkdayjobs.com/DSG/job/Store5607-Woodbury-MN/Retail-Bike-and-Snow-Lead-key-carrying_202607173/apply,200
20260721031135,https://dickssportinggoods.wd1.myworkdayjobs.com/DSG/job/Store5607-Woodbury-MN/Retail-Customer-Service-Specialist_202609444/apply,200
20250427002342,https://dickssportinggoods.wd1.myworkdayjobs.com/DSG/job/Store5607-Woodbury-MN/Retail-Freight-Flow-Lead---New-Store_202503023/apply,200
20250427004827,https://dickssportinggoods.wd1.myworkdayjobs.com/DSG/job/Store5607-Woodbury-MN/Retail-Sales-Lead---Apparel---Public-Lands_202503021/apply,200
20241127000807,https://dickssportinggoods.wd1.myworkdayjobs.com/C-DSG/job/Remote---US/Director--Learning---Innovation-Lab_202417339,200
20250801051653,https://dickssportinggoods.wd1.myworkdayjobs.com/en-US/DSG/job/00490-Plainfield-DC/Loss-Prevention-Associate---2nd-Shift_202510429-1,200
20250801051704,https://dickssportinggoods.wd1.myworkdayjobs.com/en-US/DSG/job/00490-Plainfield-DC/Loss-Prevention-Associate---2nd-Shift_202510429-1/apply,200
20250731015629,https://dickssportinggoods.wd1.myworkdayjobs.com/en-US/DSG/job/00490-Plainfield-DC/Supervisor-of-Distribution-II---2nd-Shift_202511966-1,200
20250919215713,https://dickssportinggoods.wd1.myworkdayjobs.com/en-US/DSG/job/00558-Smithton-DC/Warehouse-Associate-Evening-Overnight_202515579,200
20250920022739,https://dickssportinggoods.wd1.myworkdayjobs.com/en-US/DSG/job/00558-Smithton-DC/Warehouse-Associate-Evening-Overnight_202515579/apply,200
20250730055007,https://dickssportinggoods.wd1.myworkdayjobs.com/en-US/DSG/job/00630-Atlanta-DC/Full-Time-Warehouse-Position_202419465,200
20250730055028,https://dickssportinggoods.wd1.myworkdayjobs.com/en-US/DSG/job/00630-Atlanta-DC/Full-Time-Warehouse-Position_202419465/apply,200
20250908102151,https://dickssportinggoods.wd1.myworkdayjobs.com/en-US/DSG/job/00630-Atlanta-DC/Group-Lead-Non-Con--2nd-shift_202514098-1,200
20250908113417,https://dickssportinggoods.wd1.myworkdayjobs.com/en-US/DSG/job/00630-Atlanta-DC/Group-Lead-Non-Con--2nd-shift_202514098-1/apply,200
20250814020959,https://dickssportinggoods.wd1.myworkdayjobs.com/en-US/DSG/job/00630-Atlanta-DC/Maintenance-Tech-I--2nd-shift_202513414,200
20250814050227,https://dickssportinggoods.wd1.myworkdayjobs.com/en-US/DSG/job/00630-Atlanta-DC/Maintenance-Tech-I--2nd-shift_202513414/apply,200
20250731010614,https://dickssportinggoods.wd1.myworkdayjobs.com/en-US/DSG/job/00630-Atlanta-DC/Specialized-Equipment-Operator_202419467,200
20250829144254,https://dickssportinggoods.wd1.myworkdayjobs.com/en-US/DSG/job/00640-Goodyear-DC/Quality-Control-Teammate--2nd-shift_202514537,200
20250902001708,https://dickssportinggoods.wd1.myworkdayjobs.com/en-US/DSG/job/00640-Goodyear-DC/Quality-Control-Teammate--2nd-shift_202514537/apply,200
20250801090000,https://dickssportinggoods.wd1.myworkdayjobs.com/en-US/DSG/job/00640-Goodyear-DC/Supply-Chain-Analyst_202508745,200
20250801090048,https://dickssportinggoods.wd1.myworkdayjobs.com/en-US/DSG/job/00640-Goodyear-DC/Supply-Chain-Analyst_202508745/apply,200
20251004021303,https://dickssportinggoods.wd1.myworkdayjobs.com/en-US/DSG/job/01350-Fort-Worth-DC/Janitor_202517022,200
20251004021936,https://dickssportinggoods.wd1.myworkdayjobs.com/en-US/DSG/job/01350-Fort-Worth-DC/Janitor_202517022/apply,200
20250730070024,https://dickssportinggoods.wd1.myworkdayjobs.com/en-US/DSG/job/01350-Fort-Worth-DC/Support-Technician_202511913,200
20250730070241,https://dickssportinggoods.wd1.myworkdayjobs.com/en-US/DSG/job/01350-Fort-Worth-DC/Support-Technician_202511913/apply,200
20251011183055,https://dickssportinggoods.wd1.myworkdayjobs.com/en-US/DSG/job/06083-GameChanger/Analytics-Engineer-Intern--Analytics-Hub_202503752,200
20260813020035,https://dickssportinggoods.wd1.myworkdayjobs.com/en-US/DSG/job/06083-GameChanger/Data-Engineering-Co-Op_202630722,200
20260813020046,https://dickssportinggoods.wd1.myworkdayjobs.com/en-US/DSG/job/06083-GameChanger/Data-Engineering-Co-Op_202630722/apply,200
20251011183100,https://dickssportinggoods.wd1.myworkdayjobs.com/en-US/DSG/job/06083-GameChanger/Full-Stack-Software-Engineer-Intern--Diamond-Sports_202504394,200
20251011183052,https://dickssportinggoods.wd1.myworkdayjobs.com/en-US/DSG/job/06083-GameChanger/iOS-Software-Engineer-Intern--Emerging-Sports_202503487,200
20251011183053,https://dickssportinggoods.wd1.myworkdayjobs.com/en-US/DSG/job/06083-GameChanger/Software-Engineer-Intern--User-Growth_202503755,200
20251011183057,https://dickssportinggoods.wd1.myworkdayjobs.com/en-US/DSG/job/06083-GameChanger/Software-Engineer-Intern--Video_202503754,200
20251003142636,https://dickssportinggoods.wd1.myworkdayjobs.com/en-US/DSG/job/06084-AD-Starr-Admin/Customer-Service-Specialist---AD-Starr--Seasonal-_202517008,200
20251003151347,https://dickssportinggoods.wd1.myworkdayjobs.com/en-US/DSG/job/06084-AD-Starr-Admin/Warehouse-Associate--Seasonal----AD-STARR_202516999,200
20251003151359,https://dickssportinggoods.wd1.myworkdayjobs.com/en-US/DSG/job/06084-AD-Starr-Admin/Warehouse-Associate--Seasonal----AD-STARR_202516999/apply,200
20250729190205,https://dickssportinggoods.wd1.myworkdayjobs.com/en-US/DSG/job/Administrative-Assistant---Construction_202510758,200
20250729190204,https://dickssportinggoods.wd1.myworkdayjobs.com/en-US/DSG/job/Administrative-Assistant-II---Merchandising_202511253,200
20250607021228,https://dickssportinggoods.wd1.myworkdayjobs.com/en-US/DSG/job/Analytics-Engineering-Manager--REMOTE-_202509111,200
20250624220622,https://dickssportinggoods.wd1.myworkdayjobs.com/en-US/DSG/job/Apparel-Associate_202506113,200
20250729131446,https://dickssportinggoods.wd1.myworkdayjobs.com/en-US/DSG/job/Apparel-Associate_202510889,200
20260312035235,https://dickssportinggoods.wd1.myworkdayjobs.com/en-US/DSG/job/Apparel-Key-Holder_202519108,200
20250915141334,https://dickssportinggoods.wd1.myworkdayjobs.com/en-US/DSG/job/Apparel-sales-associate_202515015,200
20250929151442,https://dickssportinggoods.wd1.myworkdayjobs.com/en-US/DSG/job/Assistant-Inventory-Planner---Team-Sports_202515634,200
20250731002143,https://dickssportinggoods.wd1.myworkdayjobs.com/en-US/DSG/job/Assistant-Store-Manager---Experiences_202505977-1,200
20250829195531,https://dickssportinggoods.wd1.myworkdayjobs.com/en-US/DSG/job/Assistant-Store-Manager--Hardlines_202514511,200
20260312042540,https://dickssportinggoods.wd1.myworkdayjobs.com/en-US/DSG/job/Assistant-Store-Manager--Operations_202600162,200
20250929055510,https://dickssportinggoods.wd1.myworkdayjobs.com/en-US/DSG/job/Assistant-Store-Manager-Experiences---House-of-Sport_202515326-1,200
20260312034440,https://dickssportinggoods.wd1.myworkdayjobs.com/en-US/DSG/job/Assistant-Store-Manager-Hardlines_202518365,200
20260312052810,https://dickssportinggoods.wd1.myworkdayjobs.com/en-US/DSG/job/Assistant-Store-Manager-Merchandising_202519229,200
20250919053449,https://dickssportinggoods.wd1.myworkdayjobs.com/en-US/DSG/job/Assistant-Store-Manager-Operations_202515031,200
20250801060525,https://dickssportinggoods.wd1.myworkdayjobs.com/en-US/DSG/job/Assistant-Store-Manager-Sales---House-of-Sport_202512519,200
20260312043320,https://dickssportinggoods.wd1.myworkdayjobs.com/en-US/DSG/job/Assistant-Store-Manager-Sales---House-of-Sport_202519154-1,200
20250730121057,https://dickssportinggoods.wd1.myworkdayjobs.com/en-US/DSG/job/Assistant-Store-Manager-Softlines_202512026,200
20250801075328,https://dickssportinggoods.wd1.myworkdayjobs.com/en-US/DSG/job/Assistant-Store-Manager-Softlines_202512573,200
20260315082246,https://dickssportinggoods.wd1.myworkdayjobs.com/en-US/DSG/job/Assistant-Store-Manager-Softlines_202517323,200
20260312051253,https://dickssportinggoods.wd1.myworkdayjobs.com/en-US/DSG/job/Assistant-Store-Manager-Softlines_202518395,200
20260312042013,https://dickssportinggoods.wd1.myworkdayjobs.com/en-US/DSG/job/Assistant-Store-Manager-Specialty_202519479,200
20260312051109,https://dickssportinggoods.wd1.myworkdayjobs.com/en-US/DSG/job/Assistant-Store-Manager-Specialty_202600134,200
20260312053014,https://dickssportinggoods.wd1.myworkdayjobs.com/en-US/DSG/job/Assistant-Store-Manager_202509756,200
20250912050355,https://dickssportinggoods.wd1.myworkdayjobs.com/en-US/DSG/job/Assistant-Store-Manager_202514947,200
20250920182329,https://dickssportinggoods.wd1.myworkdayjobs.com/en-US/DSG/job/Assistant-Store-Manager_202515569,200
20260312051844,https://dickssportinggoods.wd1.myworkdayjobs.com/en-US/DSG/job/Assistant-Store-Manager_202518041,200
20260312045239,https://dickssportinggoods.wd1.myworkdayjobs.com/en-US/DSG/job/Associate-Buyer---AD-STARR_202517976,200
20250730162138,https://dickssportinggoods.wd1.myworkdayjobs.com/en-US/DSG/job/associate-footwear_202511859,200
20260312042952,https://dickssportinggoods.wd1.myworkdayjobs.com/en-US/DSG/job/Associate-Inventory-Planner---Clr-Opt_202517000,200
20250928161142,https://dickssportinggoods.wd1.myworkdayjobs.com/en-US/DSG/job/Associate-Project-Manager---ISC_202515584-1,200
20260312040755,https://dickssportinggoods.wd1.myworkdayjobs.com/en-US/DSG/job/Bike-Technician_202600456,200
20250928094256,https://dickssportinggoods.wd1.myworkdayjobs.com/en-US/DSG/job/Club-Tech-Associate_202515525,200
20250407144620,https://dickssportinggoods.wd1.myworkdayjobs.com/en-US/dsg/job/Customer-Service-Representative--12-00-pm-9-00-pm-ET-Shift-----3-15-pm-12-15-am-ET-Shift---REMOTE-_202505527,200
20250407153814,https://dickssportinggoods.wd1.myworkdayjobs.com/en-US/dsg/job/Customer-Service-Representative--12-00-pm-9-00-pm-ET-Shift-----3-15-pm-12-15-am-ET-Shift---REMOTE-_202505527/apply,200
20250928173942,https://dickssportinggoods.wd1.myworkdayjobs.com/en-US/DSG/job/Customer-Service-Representative--Remote---Pittsburgh-_202516506,200
20250730005148,https://dickssportinggoods.wd1.myworkdayjobs.com/en-US/DSG/job/Customer-Service-Specialist_202512049,200
20251004100824,https://dickssportinggoods.wd1.myworkdayjobs.com/en-US/DSG/job/Customer-Service-Specialist_202517040,200
20260315075710,https://dickssportinggoods.wd1.myworkdayjobs.com/en-US/DSG/job/Customer-Service-Specialist_202519804,200
20250729190152,https://dickssportinggoods.wd1.myworkdayjobs.com/en-US/DSG/job/Customer-Support-Center/Administrative-Assistant---Construction_202510758,200
20250729190203,https://dickssportinggoods.wd1.myworkdayjobs.com/en-US/DSG/job/Customer-Support-Center/Administrative-Assistant---Construction_202510758/apply,200
20250729190203,https://dickssportinggoods.wd1.myworkdayjobs.com/en-US/DSG/job/Customer-Support-Center/Administrative-Assistant-II---Merchandising_202511253,200
20260122000055,https://dickssportinggoods.wd1.myworkdayjobs.com/en-US/DSG/job/Customer-Support-Center/Analyst---Floor-Planning_202519097,200
20260311034334,https://dickssportinggoods.wd1.myworkdayjobs.com/en-US/DSG/job/Customer-Support-Center/Analyst---Floor-Planning_202519097/apply,200
20260305134858,https://dickssportinggoods.wd1.myworkdayjobs.com/en-US/DSG/job/Customer-Support-Center/Analyst---Floor-Planning_202519097?source=LinkedIn-JobBoard&_ccid=1769032597735stdxr3au9,200
20260121215725,https://dickssportinggoods.wd1.myworkdayjobs.com/en-US/DSG/job/Customer-Support-Center/Analyst---Floor-Planning_202600240/apply/autofillWithResume?source=LinkedIn-JobBoard&_ccid=1769032597735stdxr3au9,200
20260124003546,https://dickssportinggoods.wd1.myworkdayjobs.com/en-US/DSG/job/Customer-Support-Center/Assistant-Corporate-Counsel---Commercial-Contracts_202404260?source=GoInhouse.com,200
20250929151430,https://dickssportinggoods.wd1.myworkdayjobs.com/en-US/DSG/job/Customer-Support-Center/Assistant-Inventory-Planner---Team-Sports_202515634,200
20250929151441,https://dickssportinggoods.wd1.myworkdayjobs.com/en-US/DSG/job/Customer-Support-Center/Assistant-Inventory-Planner---Team-Sports_202515634/apply,200
20250928161131,https://dickssportinggoods.wd1.myworkdayjobs.com/en-US/DSG/job/Customer-Support-Center/Associate-Project-Manager---ISC_202515584-1,200
20250928161142,https://dickssportinggoods.wd1.myworkdayjobs.com/en-US/DSG/job/Customer-Support-Center/Associate-Project-Manager---ISC_202515584-1/apply,200
20250920071331,https://dickssportinggoods.wd1.myworkdayjobs.com/en-US/DSG/job/Customer-Support-Center/Corporate-Security-Officer--11-pm-7-am-shift-_202509071,302
20250928173930,https://dickssportinggoods.wd1.myworkdayjobs.com/en-US/DSG/job/Customer-Support-Center/Customer-Service-Representative--Remote---Pittsburgh-_202516506,200
20250928173942,https://dickssportinggoods.wd1.myworkdayjobs.com/en-US/DSG/job/Customer-Support-Center/Customer-Service-Representative--Remote---Pittsburgh-_202516506/apply,200
20250905194506,https://dickssportinggoods.wd1.myworkdayjobs.com/en-US/DSG/job/Customer-Support-Center/Cybersecurity---Summer-2026-Corporate-Internship_202508672-1,200
20250909060344,https://dickssportinggoods.wd1.myworkdayjobs.com/en-US/DSG/job/Customer-Support-Center/Cybersecurity---Summer-2026-Corporate-Internship_202508672-1/apply,200
20250908030832,https://dickssportinggoods.wd1.myworkdayjobs.com/en-US/DSG/job/Customer-Support-Center/Data-Analytics---Engineering---Summer-2026-Internship_202508666,200
20250915085338,https://dickssportinggoods.wd1.myworkdayjobs.com/en-US/DSG/job/Customer-Support-Center/Data-Analytics---Engineering---Summer-2026-Internship_202508666/apply,200
20260908224743,https://dickssportinggoods.wd1.myworkdayjobs.com/en-US/DSG/job/Customer-Support-Center/Data-Analytics---Engineering---Summer-2027-Internship_202608778-1,200
20250907132321,https://dickssportinggoods.wd1.myworkdayjobs.com/en-US/DSG/job/Customer-Support-Center/Data-Science---Summer-2026-Corporate-Internship_202508671-1,200
20250912102634,https://dickssportinggoods.wd1.myworkdayjobs.com/en-US/DSG/job/Customer-Support-Center/Data-Science---Summer-2026-Corporate-Internship_202508671-1/apply,200
20250713144225,https://dickssportinggoods.wd1.myworkdayjobs.com/en-US/DSG/job/Customer-Support-Center/Director--Corporate-Counsel---Commercial-Contracts_202406514,200
20240919014904,https://dickssportinggoods.wd1.myworkdayjobs.com/en-US/DSG/job/Customer-Support-Center/Director--Corporate-Counsel---Commercial-Contracts_202406514?source=GoInhouse.com,200
20250929054631,https://dickssportinggoods.wd1.myworkdayjobs.com/en-US/DSG/job/Customer-Support-Center/Director-of-Creative-Production_202516655,200
20250929054643,https://dickssportinggoods.wd1.myworkdayjobs.com/en-US/DSG/job/Customer-Support-Center/Director-of-Creative-Production_202516655/apply,200
20250829012716,https://dickssportinggoods.wd1.myworkdayjobs.com/en-US/DSG/job/Customer-Support-Center/eCommerce-Analyst---IC---SA_202513347,200
20250829092933,https://dickssportinggoods.wd1.myworkdayjobs.com/en-US/DSG/job/Customer-Support-Center/eCommerce-Analyst---IC---SA_202513347/apply,200
20250801083916,https://dickssportinggoods.wd1.myworkdayjobs.com/en-US/DSG/job/Customer-Support-Center/eCommerce-Category-Merchandiser_202512202,200
20250801083937,https://dickssportinggoods.wd1.myworkdayjobs.com/en-US/DSG/job/Customer-Support-Center/eCommerce-Category-Merchandiser_202512202/apply,200
20250908175439,https://dickssportinggoods.wd1.myworkdayjobs.com/en-US/DSG/job/Customer-Support-Center/Finance-Accounting---Summer-2026-Corporate-Internship_202508693-1,200
20250911024120,https://dickssportinggoods.wd1.myworkdayjobs.com/en-US/DSG/job/Customer-Support-Center/Finance-Accounting---Summer-2026-Corporate-Internship_202508693-1/apply,200
20260121235622,https://dickssportinggoods.wd1.myworkdayjobs.com/en-US/DSG/job/Customer-Support-Center/Inventory-and-Fulfillment-Analyst_202600657/apply/autofillWithResume?source=Appcast_IndeedO&_ccid=1769039774753mg4trcdpx&ittk=TECZWXN7H8,200
20250921023126,https://dickssportinggoods.wd1.myworkdayjobs.com/en-US/DSG/job/Customer-Support-Center/Lead-Analytics-Engineer--REMOTE-_202514252,200
20250921023206,https://dickssportinggoods.wd1.myworkdayjobs.com/en-US/DSG/job/Customer-Support-Center/Lead-Analytics-Engineer--REMOTE-_202514252/apply,200
20250929132540,https://dickssportinggoods.wd1.myworkdayjobs.com/en-US/DSG/job/Customer-Support-Center/Manager-of-Merchandise-Planning_202516560,200
20250908002643,https://dickssportinggoods.wd1.myworkdayjobs.com/en-US/DSG/job/Customer-Support-Center/Merchandising---Summer-2026-Corporate-Internship_202508691-1,200
20250917055522,https://dickssportinggoods.wd1.myworkdayjobs.com/en-US/DSG/job/Customer-Support-Center/Merchandising---Summer-2026-Corporate-Internship_202508691-1/apply,200
20260908224743,https://dickssportinggoods.wd1.myworkdayjobs.com/en-US/DSG/job/Customer-Support-Center/Merchandising---Summer-2027-Corporate-Internship_202608656-1,200
20250907232922,https://dickssportinggoods.wd1.myworkdayjobs.com/en-US/DSG/job/Customer-Support-Center/Payables-Associate-I---AP---Accounting-Operations_202512685,200
20250910170237,https://dickssportinggoods.wd1.myworkdayjobs.com/en-US/DSG/job/Customer-Support-Center/Payables-Associate-I---AP---Accounting-Operations_202512685/apply,200
20250907151130,https://dickssportinggoods.wd1.myworkdayjobs.com/en-US/DSG/job/Customer-Support-Center/Product-Design--UX----Summer-2026-Corporate-Internship_202508668-1,200
20250908020139,https://dickssportinggoods.wd1.myworkdayjobs.com/en-US/DSG/job/Customer-Support-Center/Product-Design--UX----Summer-2026-Corporate-Internship_202508668-1/apply,200
20260908224743,https://dickssportinggoods.wd1.myworkdayjobs.com/en-US/DSG/job/Customer-Support-Center/Product-Design--UX----Summer-2027-Corporate-Internship_202608790-1,200
20250908023743,https://dickssportinggoods.wd1.myworkdayjobs.com/en-US/DSG/job/Customer-Support-Center/Product-Management---Summer-2026-Corporate-Internship_202508667-1,200
20250916201500,https://dickssportinggoods.wd1.myworkdayjobs.com/en-US/DSG/job/Customer-Support-Center/Product-Management---Summer-2026-Corporate-Internship_202508667-1/apply,200
20260919211740,https://dickssportinggoods.wd1.myworkdayjobs.com/en-US/DSG/job/Customer-Support-Center/Product-Management---Summer-2027-Corporate-Internship_202608791-1,200
20250908205702,https://dickssportinggoods.wd1.myworkdayjobs.com/en-US/DSG/job/Customer-Support-Center/Retail-Analytics---Summer-2026-Corporate-Internship_202508670-1,200
20250914205504,https://dickssportinggoods.wd1.myworkdayjobs.com/en-US/DSG/job/Customer-Support-Center/Retail-Analytics---Summer-2026-Corporate-Internship_202508670-1/apply,200
20260919211739,https://dickssportinggoods.wd1.myworkdayjobs.com/en-US/DSG/job/Customer-Support-Center/Retail-Analytics---Summer-2027-Corporate-Internship_202608785-1,200
20250828215209,https://dickssportinggoods.wd1.myworkdayjobs.com/en-US/DSG/job/Customer-Support-Center/Senior-Accountant--Hybrid-_202513949,200
20250901230251,https://dickssportinggoods.wd1.myworkdayjobs.com/en-US/DSG/job/Customer-Support-Center/Senior-Accountant--Hybrid-_202513949/apply,200
20250713132417,https://dickssportinggoods.wd1.myworkdayjobs.com/en-US/DSG/job/Customer-Support-Center/Senior-Corporate-Counsel-Real-Estate_202403430,200
20241009131240,https://dickssportinggoods.wd1.myworkdayjobs.com/en-US/DSG/job/Customer-Support-Center/Senior-Corporate-Counsel-Real-Estate_202403430?source=GoInhouse.com,200
20250920032016,https://dickssportinggoods.wd1.myworkdayjobs.com/en-US/DSG/job/Customer-Support-Center/Senior-Manager---Internal-Audit_202515347,200
20250920065654,https://dickssportinggoods.wd1.myworkdayjobs.com/en-US/DSG/job/Customer-Support-Center/Senior-Manager---Internal-Audit_202515347/apply,302
20250907234201,https://dickssportinggoods.wd1.myworkdayjobs.com/en-US/DSG/job/Customer-Support-Center/Senior-Media-Associate--Hybrid----Tristate-area_202514763,200
20250910162511,https://dickssportinggoods.wd1.myworkdayjobs.com/en-US/DSG/job/Customer-Support-Center/Senior-Media-Associate--Hybrid----Tristate-area_202514763/apply,200
20250905183417,https://dickssportinggoods.wd1.myworkdayjobs.com/en-US/DSG/job/Customer-Support-Center/Software-Engineering---Summer-2026-Corporate-Internship_202508673-1,200
20250911092530,https://dickssportinggoods.wd1.myworkdayjobs.com/en-US/DSG/job/Customer-Support-Center/Software-Engineering---Summer-2026-Corporate-Internship_202508673-1/apply,200
20250905185735,https://dickssportinggoods.wd1.myworkdayjobs.com/en-US/DSG/job/Customer-Support-Center/Software-Engineering---Summer-2026-Corporate-Internship_202508673-1/apply/autofillWithResume,200
20250922035717,https://dickssportinggoods.wd1.myworkdayjobs.com/en-US/DSG/job/Customer-Support-Center/Software-Engineering---Summer-2026-Corporate-Internship_202508673-1?ref=Simplify,200
20260908224743,https://dickssportinggoods.wd1.myworkdayjobs.com/en-US/DSG/job/Customer-Support-Center/Software-Engineering---Summer-2027-Corporate-Internship_202608792-1,200
20260908224743,https://dickssportinggoods.wd1.myworkdayjobs.com/en-US/DSG/job/Customer-Support-Center/Software-Engineering---Summer-2027-Corporate-Internship_202608792-1/apply,200
20260908224732,https://dickssportinggoods.wd1.myworkdayjobs.com/en-US/DSG/job/Customer-Support-Center/Software-Engineering---Summer-2027-Corporate-Internship_202608792-1?utm_source=Simplify&ref=Simplify,200
20250920095646,https://dickssportinggoods.wd1.myworkdayjobs.com/en-US/DSG/job/Customer-Support-Center/Staff-Industrial-Designer_202510454,200
20250920141856,https://dickssportinggoods.wd1.myworkdayjobs.com/en-US/DSG/job/Customer-Support-Center/Staff-Industrial-Designer_202510454/apply,200
20250908040504,https://dickssportinggoods.wd1.myworkdayjobs.com/en-US/DSG/job/Customer-Support-Center/Store-Experience-and-Design--Visual-Merchandising--Associate-Intern---Summer-2026-Corporate-Internship_202508694,200
20250911132444,https://dickssportinggoods.wd1.myworkdayjobs.com/en-US/DSG/job/Customer-Support-Center/Store-Experience-and-Design--Visual-Merchandising--Associate-Intern---Summer-2026-Corporate-Internship_202508694/apply,200
20251011183051,https://dickssportinggoods.wd1.myworkdayjobs.com/en-US/DSG/job/Data-Analytics---Engineering---Summer-2026-Internship_202508666,200
20260908224745,https://dickssportinggoods.wd1.myworkdayjobs.com/en-US/DSG/job/Data-Analytics---Engineering---Summer-2027-Internship_202608778-1,200
20260813020048,https://dickssportinggoods.wd1.myworkdayjobs.com/en-US/DSG/job/Data-Engineering-Co-Op_202630722,200
20251011183053,https://dickssportinggoods.wd1.myworkdayjobs.com/en-US/DSG/job/Data-Science---Summer-2026-Corporate-Internship_202508671-1,200
20260312050620,https://dickssportinggoods.wd1.myworkdayjobs.com/en-US/DSG/job/Dedicated-Store-Visual-Merchandiser---House-of-Sport_202515481,200
20260315082045,https://dickssportinggoods.wd1.myworkdayjobs.com/en-US/DSG/job/Dedicated-Store-Visual-Merchandiser---House-of-Sport_202517728-1,200
20260315080400,https://dickssportinggoods.wd1.myworkdayjobs.com/en-US/DSG/job/Director-Corporate-Counsel---Real-Estate_202518534,200
20250929054643,https://dickssportinggoods.wd1.myworkdayjobs.com/en-US/DSG/job/Director-of-Creative-Production_202516655,200
20250801083938,https://dickssportinggoods.wd1.myworkdayjobs.com/en-US/DSG/job/eCommerce-Category-Merchandiser_202512202,200
20250801093429,https://dickssportinggoods.wd1.myworkdayjobs.com/en-US/DSG/job/Event-Programming-Lead_202512557-1,200
20250730090536,https://dickssportinggoods.wd1.myworkdayjobs.com/en-US/DSG/job/Footwear-Associate_202511895,200
20251004234337,https://dickssportinggoods.wd1.myworkdayjobs.com/en-US/DSG/job/Front-End-Lead_202517030,200
20250730055108,https://dickssportinggoods.wd1.myworkdayjobs.com/en-US/DSG/job/Full-Time-Warehouse-Position_202419465,200
20250522063114,https://dickssportinggoods.wd1.myworkdayjobs.com/en-US/DSG/job/Golf-Equipment-Sales-Associate_202504374,200
20250928200202,https://dickssportinggoods.wd1.myworkdayjobs.com/en-US/DSG/job/Golf-equipment-sales-lead_202516521,200
20260315082317,https://dickssportinggoods.wd1.myworkdayjobs.com/en-US/DSG/job/Golf-Equipment-Sales_202518425,200
20251004154200,https://dickssportinggoods.wd1.myworkdayjobs.com/en-US/DSG/job/Golf-Galaxy-Retail-Cashier_202516949,200
20250814163915,https://dickssportinggoods.wd1.myworkdayjobs.com/en-US/DSG/job/Golf-Professional---Golf-Galaxy_202513408,200
20260312044609,https://dickssportinggoods.wd1.myworkdayjobs.com/en-US/DSG/job/Golf-Professional---Golf-Galaxy_202518096,200
20260615015654,https://dickssportinggoods.wd1.myworkdayjobs.com/en-US/DSG/job/Golf-Professional---Golf-Galaxy_202601886,200
20260312043718,https://dickssportinggoods.wd1.myworkdayjobs.com/en-US/DSG/job/Golf-Professional---House-of-Sport_202419274,200
20260315074528,https://dickssportinggoods.wd1.myworkdayjobs.com/en-US/DSG/job/Golf-Professional---House-of-Sport_202506185,200
20260312051532,https://dickssportinggoods.wd1.myworkdayjobs.com/en-US/DSG/job/Golf-Professional---House-of-Sport_202506196,200
20260312042632,https://dickssportinggoods.wd1.myworkdayjobs.com/en-US/DSG/job/Golf-Professional---House-of-Sport_202506198,200
20250928105519,https://dickssportinggoods.wd1.myworkdayjobs.com/en-US/DSG/job/Group-Product-Designer---Store-Sales---Service-Technology--REMOTE-_202419427-1,200
20250801051402,https://dickssportinggoods.wd1.myworkdayjobs.com/en-US/DSG/job/Key-Carrying-Lead_202511612,200
20250921023234,https://dickssportinggoods.wd1.myworkdayjobs.com/en-US/DSG/job/Lead-Analytics-Engineer--REMOTE-_202514252,200
20260625191018,https://dickssportinggoods.wd1.myworkdayjobs.com/en-US/DSG/job/Lead-Software-Engineer---Merchandising-Technology--REMOTE-_202603675,200
20260625191019,https://dickssportinggoods.wd1.myworkdayjobs.com/en-US/DSG/job/Lead-Software-Engineer---Mobile-iOS--REMOTE-_202608065,200
20250505105245,https://dickssportinggoods.wd1.myworkdayjobs.com/en-US/DSG/job/Lead-Software-Engineer---Pricing--REMOTE-_202503751,200
20260312052508,https://dickssportinggoods.wd1.myworkdayjobs.com/en-US/DSG/job/Lead-Software-Engineer---Search---Relevance--REMOTE-_202519367-1,200
20250801051705,https://dickssportinggoods.wd1.myworkdayjobs.com/en-US/DSG/job/Loss-Prevention-Associate---2nd-Shift_202510429-1,200
20250823084039,https://dickssportinggoods.wd1.myworkdayjobs.com/en-US/DSG/job/Maintenance-Associate_202514054,200
20250928234923,https://dickssportinggoods.wd1.myworkdayjobs.com/en-US/DSG/job/Maintenance-Associate_202516623,200
20260315081752,https://dickssportinggoods.wd1.myworkdayjobs.com/en-US/DSG/job/Maintenance-Tech-I---2B_202516861,200
20250814050234,https://dickssportinggoods.wd1.myworkdayjobs.com/en-US/DSG/job/Maintenance-Tech-I--2nd-shift_202513414,200
20250318195750,https://dickssportinggoods.wd1.myworkdayjobs.com/en-US/DSG/job/Manager---Credit-Experience---Brand-Marketing_202418216,200
20260312051720,https://dickssportinggoods.wd1.myworkdayjobs.com/en-US/DSG/job/Manager--Analytics---Retail-Media-Network--REMOTE-_202518770,200
20250724222530,https://dickssportinggoods.wd1.myworkdayjobs.com/en-US/DSG/job/Manager-of-Real-Estate_202404208,200
20250928102524,https://dickssportinggoods.wd1.myworkdayjobs.com/en-US/DSG/job/Manager-of-Regional-Facilities---West--Remote-_202515450,200
20260623024203,https://dickssportinggoods.wd1.myworkdayjobs.com/en-US/DSG/job/Marketing-Media-Reporting-Analyst_202600112,200
20250829154305,https://dickssportinggoods.wd1.myworkdayjobs.com/en-US/DSG/job/Master-Club-Fitter_202508228,200
20260908224745,https://dickssportinggoods.wd1.myworkdayjobs.com/en-US/DSG/job/Merchandising---Summer-2027-Corporate-Internship_202608656-1,200
20260312040415,https://dickssportinggoods.wd1.myworkdayjobs.com/en-US/DSG/job/Operations-Team-Member_202514122,200
20250916154243,https://dickssportinggoods.wd1.myworkdayjobs.com/en-US/DSG/job/outdoor-sales-associate_202512021,200
20260615013714,https://dickssportinggoods.wd1.myworkdayjobs.com/en-US/DSG/job/Part-Time-Footwear-Associate--Running-Expert-_202601796,200
20250910170457,https://dickssportinggoods.wd1.myworkdayjobs.com/en-US/DSG/job/Payables-Associate-I---AP---Accounting-Operations_202512685,200
20260312051925,https://dickssportinggoods.wd1.myworkdayjobs.com/en-US/DSG/job/Price-and-Signage-Lead_202515318,200
20250801051403,https://dickssportinggoods.wd1.myworkdayjobs.com/en-US/DSG/job/Pricing-Signage-Lead_202510995,200
20250908020152,https://dickssportinggoods.wd1.myworkdayjobs.com/en-US/DSG/job/Product-Design--UX----Summer-2026-Corporate-Internship_202508668-1,200
20260908224745,https://dickssportinggoods.wd1.myworkdayjobs.com/en-US/DSG/job/Product-Design--UX----Summer-2027-Corporate-Internship_202608790-1,200
20260123232421,https://dickssportinggoods.wd1.myworkdayjobs.com/en-US/DSG/job/Regional-Finance-Manager---Mid-Atlantic--Northeast--and-Ohio-Valley-regions_202518392-1,200
20250928102513,https://dickssportinggoods.wd1.myworkdayjobs.com/en-US/DSG/job/Remote---California/Manager-of-Regional-Facilities---West--Remote-_202515450,200
20250928102524,https://dickssportinggoods.wd1.myworkdayjobs.com/en-US/DSG/job/Remote---California/Manager-of-Regional-Facilities---West--Remote-_202515450/apply,200
20250928153840,https://dickssportinggoods.wd1.myworkdayjobs.com/en-US/DSG/job/Remote---Massachusetts/Area-Field-Sales-Manager--Boston_202516706-1,200
20250928164830,https://dickssportinggoods.wd1.myworkdayjobs.com/en-US/DSG/job/Remote---New-York/Senior-Manager-of-Store-Design---NYC-Office_202516564,200
20250929053154,https://dickssportinggoods.wd1.myworkdayjobs.com/en-US/DSG/job/Remote---New-York/Store-Design-Manager---NYC-Office_202516565,200
20250318205839,https://dickssportinggoods.wd1.myworkdayjobs.com/en-US/DSG/job/Remote---US/Analytics-Engineer-II--REMOTE-_202410645,200
20250407144659,https://dickssportinggoods.wd1.myworkdayjobs.com/en-US/dsg/job/Remote---US/Customer-Service-Representative--12-00-pm-9-00-pm-ET-Shift-----3-15-pm-12-15-am-ET-Shift---REMOTE-_202505527/apply/autofillWithResume,200
20231203220537,https://dickssportinggoods.wd1.myworkdayjobs.com/en-US/DSG/job/Remote---US/Group-Product-Designer---Search---Discovery_202313897/apply/autofillWithResume?src=11663,303
20250928105508,https://dickssportinggoods.wd1.myworkdayjobs.com/en-US/DSG/job/Remote---US/Group-Product-Designer---Store-Sales---Service-Technology--REMOTE-_202419427-1,200
20250928105519,https://dickssportinggoods.wd1.myworkdayjobs.com/en-US/DSG/job/Remote---US/Group-Product-Designer---Store-Sales---Service-Technology--REMOTE-_202419427-1/apply,200
20260625191019,https://dickssportinggoods.wd1.myworkdayjobs.com/en-US/DSG/job/Remote---US/Lead-Software-Engineer---Mobile-iOS--REMOTE-_202608065,200
20260625191017,https://dickssportinggoods.wd1.myworkdayjobs.com/en-US/DSG/job/Remote---US/Lead-Software-Engineer---Mobile-iOS--REMOTE-_202608065?_ccid=17824145499838d5bo6zuq,200
20260623024204,https://dickssportinggoods.wd1.myworkdayjobs.com/en-US/DSG/job/Remote---US/Marketing-Media-Reporting-Analyst_202600112/apply/applyManually,200
20260623024202,https://dickssportinggoods.wd1.myworkdayjobs.com/en-US/DSG/job/Remote---US/Marketing-Media-Reporting-Analyst_202600112/apply/applyManually?_ccid=1778207634203dbttiq9gz,200
20260623024203,https://dickssportinggoods.wd1.myworkdayjobs.com/en-US/DSG/job/Remote---US/Marketing-Media-Reporting-Analyst_202600112/apply/autofillWithResume,200
20260623024202,https://dickssportinggoods.wd1.myworkdayjobs.com/en-US/DSG/job/Remote---US/Marketing-Media-Reporting-Analyst_202600112/apply/autofillWithResume?_ccid=1778207634203dbttiq9gz,200
20260623024203,https://dickssportinggoods.wd1.myworkdayjobs.com/en-US/DSG/job/Remote---US/Marketing-Media-Reporting-Analyst_202600112/apply/useMyLastApplication,200
20260623024202,https://dickssportinggoods.wd1.myworkdayjobs.com/en-US/DSG/job/Remote---US/Marketing-Media-Reporting-Analyst_202600112/apply/useMyLastApplication?_ccid=1778207634203dbttiq9gz,200
20250921005628,https://dickssportinggoods.wd1.myworkdayjobs.com/en-US/DSG/job/Remote---US/Project-Designer_202515471,200
20240919003743,https://dickssportinggoods.wd1.myworkdayjobs.com/en-US/DSG/job/Remote---US/Senior-Data-Engineer--REMOTE-_202405264,200
20250729152351,https://dickssportinggoods.wd1.myworkdayjobs.com/en-US/DSG/job/Remote---US/Senior-Product-Manager---Distribution---Fulfillment---REMOTE-_202511446,200
20250729152436,https://dickssportinggoods.wd1.myworkdayjobs.com/en-US/DSG/job/Remote---US/Senior-Product-Manager---Distribution---Fulfillment---REMOTE-_202511446/apply,200
20250908015611,https://dickssportinggoods.wd1.myworkdayjobs.com/en-US/DSG/job/Remote---US/Senior-Software-Engineer---AI-Ops-and-Operations-Platform-Engineering--REMOTE-_202514532-1,200
20250913052228,https://dickssportinggoods.wd1.myworkdayjobs.com/en-US/DSG/job/Remote---US/Senior-Software-Engineer---AI-Ops-and-Operations-Platform-Engineering--REMOTE-_202514532-1/apply,200
20251011015528,https://dickssportinggoods.wd1.myworkdayjobs.com/en-US/DSG/job/Remote---US/Senior-Software-Engineer---AI-Ops-and-Operations-Platform-Engineering--REMOTE-_202514532-1?_ccid=17601476523023c8u3ppsq&source=LinkedIn-JobBoard,200
20260316143144,https://dickssportinggoods.wd1.myworkdayjobs.com/en-US/DSG/job/Remote---US/Senior-Software-Engineer---External-Communications--REMOTE-_202603246,200
20260316143144,https://dickssportinggoods.wd1.myworkdayjobs.com/en-US/DSG/job/Remote---US/Senior-Software-Engineer---Mobile-iOS--REMOTE-_202600100,200
20250709160650,https://dickssportinggoods.wd1.myworkdayjobs.com/en-US/DSG/job/Remote---US/Senior-Software-Engineer---UI--REMOTE-_202510027,200
20250908035622,https://dickssportinggoods.wd1.myworkdayjobs.com/en-US/DSG/job/Remote---US/Senior-Software-Engineer---UI--REMOTE-_202510027/apply,200
20250920010632,https://dickssportinggoods.wd1.myworkdayjobs.com/en-US/DSG/job/Remote---US/Senior-Systems-Engineer---Platform-and-Client-Technologies--REMOTE-_202515378,200
20250920141954,https://dickssportinggoods.wd1.myworkdayjobs.com/en-US/DSG/job/Remote---US/Senior-Systems-Engineer---Platform-and-Client-Technologies--REMOTE-_202515378/apply,200
20240924215935,https://dickssportinggoods.wd1.myworkdayjobs.com/en-US/DSG/job/Remote---US/Software-Engineer-I---Ad-Tech--REMOTE-_202409808/apply,303
20240926114111,https://dickssportinggoods.wd1.myworkdayjobs.com/en-US/DSG/job/Remote---US/Software-Engineer-I---Athlete-Care-Technology--REMOTE-_202413528-1,200
20251106225427,https://dickssportinggoods.wd1.myworkdayjobs.com/en-US/DSG/job/Remote---US/Software-Engineer-II---Pricing--REMOTE-_202515317/apply/autofillWithResume?source=LinkedIn-JobBoard&_ccid=1762469595983dzchfyfrc,200
20260316143144,https://dickssportinggoods.wd1.myworkdayjobs.com/en-US/DSG/job/Remote---US/Sr-Software-Engineer---Search--REMOTE-_202602942,200
20250907170523,https://dickssportinggoods.wd1.myworkdayjobs.com/en-US/DSG/job/Remote---US/Sr-System-Engineer---Rubrik--REMOTE-_202514501,200
20250916113235,https://dickssportinggoods.wd1.myworkdayjobs.com/en-US/DSG/job/Remote---US/Sr-System-Engineer---Rubrik--REMOTE-_202514501/apply,200
20250908102636,https://dickssportinggoods.wd1.myworkdayjobs.com/en-US/DSG/job/Remote---US/TDP---Data---Analytics-Engineering--2026-_202509968,200
20250919024825,https://dickssportinggoods.wd1.myworkdayjobs.com/en-US/DSG/job/Remote---US/TDP---Data---Analytics-Engineering--2026-_202509968/apply,200
20250908053018,https://dickssportinggoods.wd1.myworkdayjobs.com/en-US/DSG/job/Remote---US/TDP---Software-Engineer--2026-_202509962,200
20250912140317,https://dickssportinggoods.wd1.myworkdayjobs.com/en-US/DSG/job/Remote---US/TDP---Software-Engineer--2026-_202509962/apply,200
20250731211150,https://dickssportinggoods.wd1.myworkdayjobs.com/en-US/DSG/job/Remote---US/Workday-HRIS-Analyst---Talent--REMOTE-_202511717,200
20250815002025,https://dickssportinggoods.wd1.myworkdayjobs.com/en-US/DSG/job/Retail--Operations-Associate_202512281,200
20250909075158,https://dickssportinggoods.wd1.myworkdayjobs.com/en-US/DSG/job/Retail-Associate-Golf_202514902,200
20250801151531,https://dickssportinggoods.wd1.myworkdayjobs.com/en-US/DSG/job/Retail-Bike-Technician_202510742,200
20250914091620,https://dickssportinggoods.wd1.myworkdayjobs.com/en-US/DSG/job/Retail-Bike-Technician_202514900-1,200
20250928143637,https://dickssportinggoods.wd1.myworkdayjobs.com/en-US/DSG/job/Retail-Bike-Technician_202516558,200
20260312052305,https://dickssportinggoods.wd1.myworkdayjobs.com/en-US/DSG/job/Retail-Bike-Technician_202517802,200
20260312045308,https://dickssportinggoods.wd1.myworkdayjobs.com/en-US/DSG/job/Retail-Bike-Technician_202519062,200
20260312050805,https://dickssportinggoods.wd1.myworkdayjobs.com/en-US/DSG/job/Retail-Bike-Technician_202519539,200
20260312043527,https://dickssportinggoods.wd1.myworkdayjobs.com/en-US/DSG/job/Retail-Bike-Technician_202600232,200
20260312035407,https://dickssportinggoods.wd1.myworkdayjobs.com/en-US/DSG/job/Retail-Bike-Technician_202600375,200
20250729191249,https://dickssportinggoods.wd1.myworkdayjobs.com/en-US/DSG/job/Retail-Cashier---Part-Time_202511915,200
20250911083342,https://dickssportinggoods.wd1.myworkdayjobs.com/en-US/DSG/job/Retail-Cashier---Part-Time_202515027,200
20250901064220,https://dickssportinggoods.wd1.myworkdayjobs.com/en-US/DSG/job/Retail-Cashier--Part-Time-_202514425,200
20250929111310,https://dickssportinggoods.wd1.myworkdayjobs.com/en-US/DSG/job/Retail-Cashier--Part-Time-_202516579,200
20250731012950,https://dickssportinggoods.wd1.myworkdayjobs.com/en-US/DSG/job/Retail-Cashier_202511853,200
20250730164922,https://dickssportinggoods.wd1.myworkdayjobs.com/en-US/DSG/job/retail-cashier_202511858,200
20250729122259,https://dickssportinggoods.wd1.myworkdayjobs.com/en-US/DSG/job/Retail-Cashier_202511921,200
20250730035217,https://dickssportinggoods.wd1.myworkdayjobs.com/en-US/DSG/job/Retail-Cashier_202511935,200
20250730052520,https://dickssportinggoods.wd1.myworkdayjobs.com/en-US/DSG/job/Retail-Cashier_202511980,200
20250729222556,https://dickssportinggoods.wd1.myworkdayjobs.com/en-US/DSG/job/Retail-Cashier_202512031,200
20250729182530,https://dickssportinggoods.wd1.myworkdayjobs.com/en-US/DSG/job/Retail-Cashier_202512040,200
20250801093612,https://dickssportinggoods.wd1.myworkdayjobs.com/en-US/DSG/job/Retail-Cashier_202512470,200
20250731214930,https://dickssportinggoods.wd1.myworkdayjobs.com/en-US/DSG/job/Retail-Cashier_202512522,200
20251008195128,https://dickssportinggoods.wd1.myworkdayjobs.com/en-US/DSG/job/Retail-Cashier_202512646,200
20250830034952,https://dickssportinggoods.wd1.myworkdayjobs.com/en-US/DSG/job/Retail-Cashier_202514053,200
20250920164754,https://dickssportinggoods.wd1.myworkdayjobs.com/en-US/DSG/job/retail-cashier_202514461,200
20250829174213,https://dickssportinggoods.wd1.myworkdayjobs.com/en-US/DSG/job/Retail-Cashier_202514518-1,200
20250831223922,https://dickssportinggoods.wd1.myworkdayjobs.com/en-US/DSG/job/Retail-Cashier_202514540,200
20250909043149,https://dickssportinggoods.wd1.myworkdayjobs.com/en-US/DSG/job/Retail-Cashier_202514957,200
20250919193439,https://dickssportinggoods.wd1.myworkdayjobs.com/en-US/DSG/job/Retail-Cashier_202514998-1,200
20250914103323,https://dickssportinggoods.wd1.myworkdayjobs.com/en-US/DSG/job/Retail-Cashier_202515001,200
20260312043641,https://dickssportinggoods.wd1.myworkdayjobs.com/en-US/DSG/job/Retail-Cashier_202515255,200
20250921042235,https://dickssportinggoods.wd1.myworkdayjobs.com/en-US/DSG/job/Retail-Cashier_202515583,200
20260312035658,https://dickssportinggoods.wd1.myworkdayjobs.com/en-US/DSG/job/Retail-Cashier_202515624,200
20260312042656,https://dickssportinggoods.wd1.myworkdayjobs.com/en-US/DSG/job/Retail-Cashier_202516535,200
20250929134432,https://dickssportinggoods.wd1.myworkdayjobs.com/en-US/DSG/job/Retail-Cashier_202516653,200
20251004104048,https://dickssportinggoods.wd1.myworkdayjobs.com/en-US/DSG/job/Retail-Cashier_202516777,200
20260312044814,https://dickssportinggoods.wd1.myworkdayjobs.com/en-US/DSG/job/Retail-Cashier_202517172,200
20260312043145,https://dickssportinggoods.wd1.myworkdayjobs.com/en-US/DSG/job/Retail-Cashier_202517270,200
20260312050012,https://dickssportinggoods.wd1.myworkdayjobs.com/en-US/DSG/job/Retail-Cashier_202517290-1,200
20260312052721,https://dickssportinggoods.wd1.myworkdayjobs.com/en-US/DSG/job/Retail-Cashier_202517791,200
20260312052055,https://dickssportinggoods.wd1.myworkdayjobs.com/en-US/DSG/job/Retail-Cashier_202518233,200
20260312044505,https://dickssportinggoods.wd1.myworkdayjobs.com/en-US/DSG/job/Retail-Cashier_202518417,200
20251220124748,https://dickssportinggoods.wd1.myworkdayjobs.com/en-US/DSG/job/Retail-Cashier_202519396,200
20260312050646,https://dickssportinggoods.wd1.myworkdayjobs.com/en-US/DSG/job/Retail-Cashier_202519658,200
20260312051227,https://dickssportinggoods.wd1.myworkdayjobs.com/en-US/DSG/job/Retail-Cashier_202519705,200
20260312045823,https://dickssportinggoods.wd1.myworkdayjobs.com/en-US/DSG/job/retail-cashier_202519730,200
20260312045535,https://dickssportinggoods.wd1.myworkdayjobs.com/en-US/DSG/job/Retail-Cashier_202600007,200
20260312042447,https://dickssportinggoods.wd1.myworkdayjobs.com/en-US/DSG/job/Retail-Cashier_202600039,200
20260312040013,https://dickssportinggoods.wd1.myworkdayjobs.com/en-US/DSG/job/Retail-Cashier_202600083,200
20260312045754,https://dickssportinggoods.wd1.myworkdayjobs.com/en-US/DSG/job/Retail-Cashier_202600096,200
20260312040304,https://dickssportinggoods.wd1.myworkdayjobs.com/en-US/DSG/job/retail-cashier_202600113,200
20260312044742,https://dickssportinggoods.wd1.myworkdayjobs.com/en-US/DSG/job/Retail-Cashier_202600187,200
20260312040133,https://dickssportinggoods.wd1.myworkdayjobs.com/en-US/DSG/job/Retail-Cashier_202600282,200
20260312035533,https://dickssportinggoods.wd1.myworkdayjobs.com/en-US/DSG/job/Retail-Cashier_202600317,200
20260615023025,https://dickssportinggoods.wd1.myworkdayjobs.com/en-US/DSG/job/retail-cashier_202600920,200
20250801212720,https://dickssportinggoods.wd1.myworkdayjobs.com/en-US/DSG/job/Retail-Customer-Service-Specailsit_202512456,200
20250731234934,https://dickssportinggoods.wd1.myworkdayjobs.com/en-US/DSG/job/Retail-Customer-Service-Specialist_202512602,200
20250818211246,https://dickssportinggoods.wd1.myworkdayjobs.com/en-US/DSG/job/Retail-Customer-Service-Specialist_202513454,200
20250910121057,https://dickssportinggoods.wd1.myworkdayjobs.com/en-US/DSG/job/Retail-Customer-Service-Specialist_202514895,200
20250909202813,https://dickssportinggoods.wd1.myworkdayjobs.com/en-US/DSG/job/Retail-Customer-Service-Specialist_202514979,200
20250909020026,https://dickssportinggoods.wd1.myworkdayjobs.com/en-US/DSG/job/Retail-Customer-Service-Specialist_202515003,200
20250928195918,https://dickssportinggoods.wd1.myworkdayjobs.com/en-US/DSG/job/Retail-Customer-Service-Specialist_202515353,200
20250928170202,https://dickssportinggoods.wd1.myworkdayjobs.com/en-US/DSG/job/Retail-Customer-Service-Specialist_202516612,200
20260312050408,https://dickssportinggoods.wd1.myworkdayjobs.com/en-US/DSG/job/Retail-Customer-Service-Specialist_202516622-1,200
20250928195918,https://dickssportinggoods.wd1.myworkdayjobs.com/en-US/DSG/job/Retail-Customer-Service-Specialist_202516683,200
20251005020512,https://dickssportinggoods.wd1.myworkdayjobs.com/en-US/DSG/job/Retail-Customer-Service-Specialist_202517005,200
20251005072221,https://dickssportinggoods.wd1.myworkdayjobs.com/en-US/DSG/job/Retail-Customer-Service-Specialist_202517019,200
20260312045337,https://dickssportinggoods.wd1.myworkdayjobs.com/en-US/DSG/job/Retail-Customer-Service-Specialist_202600345,200
20260312041513,https://dickssportinggoods.wd1.myworkdayjobs.com/en-US/DSG/job/Retail-Customer-Service-Specialist_202600431,200
20260721031148,https://dickssportinggoods.wd1.myworkdayjobs.com/en-US/DSG/job/Retail-Customer-Service-Specialist_202609444,200
20250817042824,https://dickssportinggoods.wd1.myworkdayjobs.com/en-US/DSG/job/retail-footwear-associate_202513396,200
20250830143540,https://dickssportinggoods.wd1.myworkdayjobs.com/en-US/DSG/job/Retail-Footwear-Associate_202514528,200
20260312050041,https://dickssportinggoods.wd1.myworkdayjobs.com/en-US/DSG/job/Retail-Footwear-Associate_202600163,200
20260312042840,https://dickssportinggoods.wd1.myworkdayjobs.com/en-US/DSG/job/retail-footwear-associate_202600270,200
20250814140144,https://dickssportinggoods.wd1.myworkdayjobs.com/en-US/DSG/job/Retail-Footwear-Operations-Lead_202513522,200
20260312035120,https://dickssportinggoods.wd1.myworkdayjobs.com/en-US/DSG/job/Retail-Footwear-Operations-Lead_202519378,200
20260312052841,https://dickssportinggoods.wd1.myworkdayjobs.com/en-US/DSG/job/retail-footwear_202600082,200
20250929030929,https://dickssportinggoods.wd1.myworkdayjobs.com/en-US/DSG/job/Retail-Freight-Flow-Lead--Full-Time-_202516708,200
20250729193645,https://dickssportinggoods.wd1.myworkdayjobs.com/en-US/DSG/job/Retail-Freight-Flow-Lead_202512025,200
20250915093235,https://dickssportinggoods.wd1.myworkdayjobs.com/en-US/DSG/job/Retail-Freight-Flow-Lead_202514995,200
20251004152007,https://dickssportinggoods.wd1.myworkdayjobs.com/en-US/DSG/job/Retail-Freight-Flow-Lead_202517009,200
20260312041547,https://dickssportinggoods.wd1.myworkdayjobs.com/en-US/DSG/job/Retail-Freight-Flow-Lead_202517671,200
20260312044232,https://dickssportinggoods.wd1.myworkdayjobs.com/en-US/DSG/job/Retail-Front-End-Sales-Leader_202518825,200
20260312050927,https://dickssportinggoods.wd1.myworkdayjobs.com/en-US/DSG/job/Retail-Golf-Associate_202600166,200
20250624214933,https://dickssportinggoods.wd1.myworkdayjobs.com/en-US/DSG/job/Retail-Golf-Club-Fitting-Specialist_202406026,200
20250522065641,https://dickssportinggoods.wd1.myworkdayjobs.com/en-US/DSG/job/Retail-Golf-Club-Tech_202406020,200
20250731012207,https://dickssportinggoods.wd1.myworkdayjobs.com/en-US/DSG/job/Retail-Golf-Club-Tech_202512039,200
20250908094614,https://dickssportinggoods.wd1.myworkdayjobs.com/en-US/DSG/job/Retail-Golf-Club-Tech_202514892,200
20260312050712,https://dickssportinggoods.wd1.myworkdayjobs.com/en-US/DSG/job/Retail-Golf-Club-Tech_202517315,200
20260312045015,https://dickssportinggoods.wd1.myworkdayjobs.com/en-US/DSG/job/Retail-Golf-Club-Tech_202518139,200
20260312050503,https://dickssportinggoods.wd1.myworkdayjobs.com/en-US/DSG/job/Retail-Golf-Club-Tech_202519541,200
20260312042156,https://dickssportinggoods.wd1.myworkdayjobs.com/en-US/DSG/job/Retail-Golf-Club-Tech_202519877,200
20260312040935,https://dickssportinggoods.wd1.myworkdayjobs.com/en-US/DSG/job/Retail-Golf-Club-Tech_202600071,200
20260515170752,https://dickssportinggoods.wd1.myworkdayjobs.com/en-US/DSG/job/Retail-Golf-Club-Technician_202601979,200
20250713135119,https://dickssportinggoods.wd1.myworkdayjobs.com/en-US/DSG/job/Retail-Golf-Equipment-Sales-Associate_202418958,200
20260312050111,https://dickssportinggoods.wd1.myworkdayjobs.com/en-US/DSG/job/Retail-Golf-Equipment-Sales-Associate_202515273,200
20260312042926,https://dickssportinggoods.wd1.myworkdayjobs.com/en-US/DSG/job/Retail-Golf-Equipment-Sales-Associate_202515488,200
20260312042422,https://dickssportinggoods.wd1.myworkdayjobs.com/en-US/DSG/job/Retail-Golf-Equipment-Sales-Associate_202517280,200
20260312051618,https://dickssportinggoods.wd1.myworkdayjobs.com/en-US/DSG/job/Retail-Golf-Equipment-Sales-Associate_202517429,200
20260312051134,https://dickssportinggoods.wd1.myworkdayjobs.com/en-US/DSG/job/Retail-Golf-Equipment-Sales-Associate_202517793,200
20260312044915,https://dickssportinggoods.wd1.myworkdayjobs.com/en-US/DSG/job/Retail-Golf-Equipment-Sales-Associate_202519228,200
20260312040859,https://dickssportinggoods.wd1.myworkdayjobs.com/en-US/DSG/job/Retail-Golf-Equipment-Sales-Associate_202600423,200
20250729191448,https://dickssportinggoods.wd1.myworkdayjobs.com/en-US/DSG/job/Retail-Golf-Equipment-Sales-Lead---Key-Holder_202511896,200
20250713131957,https://dickssportinggoods.wd1.myworkdayjobs.com/en-US/DSG/job/Retail-Golf-Equipment-Sales-Lead_202406568,200
20250905160642,https://dickssportinggoods.wd1.myworkdayjobs.com/en-US/DSG/job/Retail-Golf-Lead_202514544,200
20251008191237,https://dickssportinggoods.wd1.myworkdayjobs.com/en-US/DSG/job/Retail-Golf-Sales-Associate_202512482-1,200
20250801210156,https://dickssportinggoods.wd1.myworkdayjobs.com/en-US/DSG/job/Retail-Loss-Prevention---Safety-Lead_202512595,200
20250730154830,https://dickssportinggoods.wd1.myworkdayjobs.com/en-US/DSG/job/Retail-Loss-Prevention-Lead_202511900-1,200
20260315075105,https://dickssportinggoods.wd1.myworkdayjobs.com/en-US/DSG/job/Retail-Loss-Prevention-Lead_202518298-1,200
20260312051200,https://dickssportinggoods.wd1.myworkdayjobs.com/en-US/DSG/job/Retail-Loss-Prevention-Lead_202518528,200
20250730231727,https://dickssportinggoods.wd1.myworkdayjobs.com/en-US/DSG/job/Retail-Omni-Fulfillment-Associate_202511866,200
20250731010623,https://dickssportinggoods.wd1.myworkdayjobs.com/en-US/DSG/job/Retail-Omni-Fulfillment-Associate_202512044,200
20250814195248,https://dickssportinggoods.wd1.myworkdayjobs.com/en-US/DSG/job/retail-Omni-Fulfillment-associate_202513440,200
20250815011022,https://dickssportinggoods.wd1.myworkdayjobs.com/en-US/DSG/job/Retail-Omni-Fulfillment-Associate_202513484,200
20250815130006,https://dickssportinggoods.wd1.myworkdayjobs.com/en-US/DSG/job/Retail-Omni-Fulfillment-Associate_202513541,200
20250917015507,https://dickssportinggoods.wd1.myworkdayjobs.com/en-US/DSG/job/Retail-Omni-Fulfillment-Associate_202514419,200
20251003183251,https://dickssportinggoods.wd1.myworkdayjobs.com/en-US/DSG/job/Retail-Omni-Fulfillment-Associate_202517035,200
20250823124450,https://dickssportinggoods.wd1.myworkdayjobs.com/en-US/DSG/job/Retail-Omni-Fulfillment-Lead_202513464,-
20250909213506,https://dickssportinggoods.wd1.myworkdayjobs.com/en-US/DSG/job/Retail-Omni-Fulfillment-Lead_202513932,200
20260312041918,https://dickssportinggoods.wd1.myworkdayjobs.com/en-US/DSG/job/Retail-Operations-Associate---Early-Morning_202519529,200
20260312045116,https://dickssportinggoods.wd1.myworkdayjobs.com/en-US/DSG/job/Retail-Operations-Associate--4AM-TRUCKS-_202518952,200
20250929125310,https://dickssportinggoods.wd1.myworkdayjobs.com/en-US/DSG/job/Retail-Operations-Associate--Part-Time-early-morning-_202516674,200
20260312044709,https://dickssportinggoods.wd1.myworkdayjobs.com/en-US/DSG/job/Retail-Operations-Associate-3am-Shift_202600057-1,200
20250801045336,https://dickssportinggoods.wd1.myworkdayjobs.com/en-US/DSG/job/Retail-Operations-Associate-Overnight_202512605,200
20251005001737,https://dickssportinggoods.wd1.myworkdayjobs.com/en-US/DSG/job/Retail-Operations-Associate-Truck-Processing_202514377,200
20250504011929,https://dickssportinggoods.wd1.myworkdayjobs.com/en-US/DSG/job/Retail-Operations-Associate_202417953,200
20250729170133,https://dickssportinggoods.wd1.myworkdayjobs.com/en-US/DSG/job/Retail-Operations-Associate_202502162,200
20250801045333,https://dickssportinggoods.wd1.myworkdayjobs.com/en-US/DSG/job/Retail-Operations-Associate_202505469,200
20250829182604,https://dickssportinggoods.wd1.myworkdayjobs.com/en-US/DSG/job/Retail-Operations-Associate_202505954,200
20250729170133,https://dickssportinggoods.wd1.myworkdayjobs.com/en-US/DSG/job/Retail-Operations-Associate_202512008-1,200
20250801093745,https://dickssportinggoods.wd1.myworkdayjobs.com/en-US/DSG/job/Retail-Operations-Associate_202512479,200
20250731222806,https://dickssportinggoods.wd1.myworkdayjobs.com/en-US/DSG/job/Retail-Operations-Associate_202512603,200
20250801100523,https://dickssportinggoods.wd1.myworkdayjobs.com/en-US/DSG/job/Retail-Operations-Associate_202512622,200
20250815032150,https://dickssportinggoods.wd1.myworkdayjobs.com/en-US/DSG/job/retail-operations-associate_202513397,200
20250814062624,https://dickssportinggoods.wd1.myworkdayjobs.com/en-US/DSG/job/Retail-Operations-Associate_202513471,200
20250901224106,https://dickssportinggoods.wd1.myworkdayjobs.com/en-US/DSG/job/Retail-Operations-Associate_202514480,200
20250928214324,https://dickssportinggoods.wd1.myworkdayjobs.com/en-US/DSG/job/Retail-Operations-Associate_202516607,200
20250928150813,https://dickssportinggoods.wd1.myworkdayjobs.com/en-US/DSG/job/Retail-Operations-Associate_202516621,200
20250928150709,https://dickssportinggoods.wd1.myworkdayjobs.com/en-US/DSG/job/Retail-Operations-Associate_202516642,200
20250928091317,https://dickssportinggoods.wd1.myworkdayjobs.com/en-US/DSG/job/Retail-Operations-Associate_202516684,200
20260312051556,https://dickssportinggoods.wd1.myworkdayjobs.com/en-US/DSG/job/Retail-Operations-Associate_202517395,200
20260312043859,https://dickssportinggoods.wd1.myworkdayjobs.com/en-US/DSG/job/Retail-Operations-Associate_202517570-1,200
20260312050552,https://dickssportinggoods.wd1.myworkdayjobs.com/en-US/DSG/job/Retail-Operations-Associate_202518901,200
20260312043116,https://dickssportinggoods.wd1.myworkdayjobs.com/en-US/DSG/job/Retail-Operations-Associate_202519490,200
20260312042800,https://dickssportinggoods.wd1.myworkdayjobs.com/en-US/DSG/job/Retail-Operations-Associate_202519842,200
20260312042244,https://dickssportinggoods.wd1.myworkdayjobs.com/en-US/DSG/job/Retail-Operations-Associate_202600054,200
20260312043604,https://dickssportinggoods.wd1.myworkdayjobs.com/en-US/DSG/job/Retail-Operations-Associate_202600290,200
20260312044944,https://dickssportinggoods.wd1.myworkdayjobs.com/en-US/DSG/job/Retail-Operations-Associate_202600429-1,200
20260311171028,https://dickssportinggoods.wd1.myworkdayjobs.com/en-US/DSG/job/Retail-Operations-Associate_202603657,200
20250920131111,https://dickssportinggoods.wd1.myworkdayjobs.com/en-US/DSG/job/Retail-Operations-Lead_202515600,200
20260312045604,https://dickssportinggoods.wd1.myworkdayjobs.com/en-US/DSG/job/Retail-Operations-Overnight-Associate_202518926,200
20250904064616,https://dickssportinggoods.wd1.myworkdayjobs.com/en-US/DSG/job/Retail-Operations-seasonal_202514529,200
20260312053009,https://dickssportinggoods.wd1.myworkdayjobs.com/en-US/DSG/job/Retail-Operations-Teammate_202519666,200
20250901140634,https://dickssportinggoods.wd1.myworkdayjobs.com/en-US/DSG/job/Retail-operations_202514312,200
20250801090655,https://dickssportinggoods.wd1.myworkdayjobs.com/en-US/DSG/job/Retail-Outdoor-Associate_202512590,200
20260312041850,https://dickssportinggoods.wd1.myworkdayjobs.com/en-US/DSG/job/Retail-Outdoor-Associate_202600287,200
20260315084555,https://dickssportinggoods.wd1.myworkdayjobs.com/en-US/DSG/job/Retail-Outdoor-Associate_202600462,200
20260312050339,https://dickssportinggoods.wd1.myworkdayjobs.com/en-US/DSG/job/Retail-Price-and-Signage-Lead-Key-Holder_202519764,200
20250801044325,https://dickssportinggoods.wd1.myworkdayjobs.com/en-US/DSG/job/Retail-Price-and-Signage-Lead_202512596-1,200
20260312050215,https://dickssportinggoods.wd1.myworkdayjobs.com/en-US/DSG/job/Retail-Price-and-Signage-Lead_202517891,200
20260312052744,https://dickssportinggoods.wd1.myworkdayjobs.com/en-US/DSG/job/Retail-Price-and-Signage-Lead_202518903,200
20260312042902,https://dickssportinggoods.wd1.myworkdayjobs.com/en-US/DSG/job/Retail-Price-and-Signage-Lead_202519471,200
20260312050528,https://dickssportinggoods.wd1.myworkdayjobs.com/en-US/DSG/job/Retail-Price-and-Signage-Lead_202519763,200
20260315085147,https://dickssportinggoods.wd1.myworkdayjobs.com/en-US/DSG/job/Retail-Rock-Climbing-Lead_202519316,200
20260312040623,https://dickssportinggoods.wd1.myworkdayjobs.com/en-US/DSG/job/Retail-Rock-Climbing-Lead_202600292,200
20250929044207,https://dickssportinggoods.wd1.myworkdayjobs.com/en-US/DSG/job/Retail-Run-Ambassador_202516610,200
20260312050435,https://dickssportinggoods.wd1.myworkdayjobs.com/en-US/DSG/job/Retail-Run-Ambassador_202600185,200
20260312052239,https://dickssportinggoods.wd1.myworkdayjobs.com/en-US/DSG/job/Retail-Running-Specialist_202600259,200
20250913222127,https://dickssportinggoods.wd1.myworkdayjobs.com/en-US/DSG/job/retail-sale-leader-Front-End_202514041,200
20260312042719,https://dickssportinggoods.wd1.myworkdayjobs.com/en-US/DSG/job/Retail-Sales-Associate---Apparel_202519495,200
20260312045631,https://dickssportinggoods.wd1.myworkdayjobs.com/en-US/DSG/job/Retail-Sales-Associate---Cashier_202600199,200
20250801163612,https://dickssportinggoods.wd1.myworkdayjobs.com/en-US/DSG/job/Retail-Sales-Associate---Footwear_202506102,200
20250713143531,https://dickssportinggoods.wd1.myworkdayjobs.com/en-US/DSG/job/Retail-Sales-Associate---Footwear_202507702,200
20250801163608,https://dickssportinggoods.wd1.myworkdayjobs.com/en-US/DSG/job/Retail-Sales-Associate---Footwear_202511927,200
20250913120247,https://dickssportinggoods.wd1.myworkdayjobs.com/en-US/DSG/job/Retail-Sales-Associate---Footwear_202514970,200
20260312041207,https://dickssportinggoods.wd1.myworkdayjobs.com/en-US/DSG/job/Retail-Sales-Associate---Going-Going-Gone_202600130,200
20250918032452,https://dickssportinggoods.wd1.myworkdayjobs.com/en-US/DSG/job/Retail-Sales-Associate---Golf_202514527,200
20250723114832,https://dickssportinggoods.wd1.myworkdayjobs.com/en-US/DSG/job/Retail-Sales-Associate--All-Departments-_202400198,200
20260312051045,https://dickssportinggoods.wd1.myworkdayjobs.com/en-US/DSG/job/Retail-Sales-Associate--All-Positions----HIRING-EVENT_202516899,200
20260312044137,https://dickssportinggoods.wd1.myworkdayjobs.com/en-US/DSG/job/Retail-Sales-Associate--All-Positions-_202519685,200
20260312051317,https://dickssportinggoods.wd1.myworkdayjobs.com/en-US/DSG/job/Retail-Sales-Associate--Morning-Shift-_202519602,200
20250907173434,https://dickssportinggoods.wd1.myworkdayjobs.com/en-US/DSG/job/Retail-Sales-Associate-All-Areas_202514451,200
20250729183212,https://dickssportinggoods.wd1.myworkdayjobs.com/en-US/DSG/job/retail-sales-associate-apparel_202511862,200
20250730093933,https://dickssportinggoods.wd1.myworkdayjobs.com/en-US/DSG/job/retail-sales-associate-apparel_202511894-1,200
20250730075947,https://dickssportinggoods.wd1.myworkdayjobs.com/en-US/DSG/job/Retail-Sales-Associate-Apparel_202511930,200
20250730024624,https://dickssportinggoods.wd1.myworkdayjobs.com/en-US/DSG/job/Retail-Sales-Associate-Apparel_202511960,200
20250731005051,https://dickssportinggoods.wd1.myworkdayjobs.com/en-US/DSG/job/retail-sales-associate-apparel_202511993,200
20250801220530,https://dickssportinggoods.wd1.myworkdayjobs.com/en-US/DSG/job/Retail-Sales-Associate-Apparel_202512471,200
20250731231417,https://dickssportinggoods.wd1.myworkdayjobs.com/en-US/DSG/job/Retail-Sales-associate-Apparel_202512472,200
20250801024821,https://dickssportinggoods.wd1.myworkdayjobs.com/en-US/DSG/job/Retail-Sales-Associate-Apparel_202512618,200
20250821080956,https://dickssportinggoods.wd1.myworkdayjobs.com/en-US/DSG/job/Retail-Sales-Associate-Apparel_202513453,200
20250831215518,https://dickssportinggoods.wd1.myworkdayjobs.com/en-US/DSG/job/Retail-Sales-Associate-Apparel_202514437,200
20250905162616,https://dickssportinggoods.wd1.myworkdayjobs.com/en-US/DSG/job/Retail-Sales-Associate-Apparel_202514445,200
20250918173307,https://dickssportinggoods.wd1.myworkdayjobs.com/en-US/DSG/job/Retail-Sales-Associate-Apparel_202514930,200
20250909010927,https://dickssportinggoods.wd1.myworkdayjobs.com/en-US/DSG/job/Retail-Sales-Associate-Apparel_202514937,200
20260315080712,https://dickssportinggoods.wd1.myworkdayjobs.com/en-US/DSG/job/Retail-Sales-Associate-Apparel_202515270,200
20250928153321,https://dickssportinggoods.wd1.myworkdayjobs.com/en-US/DSG/job/Retail-Sales-Associate-Apparel_202516582,200
20250929023559,https://dickssportinggoods.wd1.myworkdayjobs.com/en-US/DSG/job/Retail-Sales-Associate-Apparel_202516658,200
20250928141536,https://dickssportinggoods.wd1.myworkdayjobs.com/en-US/DSG/job/Retail-Sales-Associate-Apparel_202516699-1,200
20251004133750,https://dickssportinggoods.wd1.myworkdayjobs.com/en-US/DSG/job/Retail-Sales-Associate-Apparel_202516987,200
20260312034748,https://dickssportinggoods.wd1.myworkdayjobs.com/en-US/DSG/job/Retail-Sales-Associate-Apparel_202517296,200
20260312040654,https://dickssportinggoods.wd1.myworkdayjobs.com/en-US/DSG/job/retail-sales-associate-apparel_202517944,200
20260312042307,https://dickssportinggoods.wd1.myworkdayjobs.com/en-US/DSG/job/Retail-Sales-Associate-Apparel_202519175,200
20260312045726,https://dickssportinggoods.wd1.myworkdayjobs.com/en-US/DSG/job/Retail-Sales-Associate-Apparel_202519487,200
20260312050145,https://dickssportinggoods.wd1.myworkdayjobs.com/en-US/DSG/job/Retail-Sales-Associate-Apparel_202519645,200
20260315085355,https://dickssportinggoods.wd1.myworkdayjobs.com/en-US/DSG/job/Retail-Sales-Associate-Apparel_202519741,200
20260312041046,https://dickssportinggoods.wd1.myworkdayjobs.com/en-US/DSG/job/Retail-Sales-Associate-Apparel_202519848,200
20260312041011,https://dickssportinggoods.wd1.myworkdayjobs.com/en-US/DSG/job/Retail-Sales-Associate-Apparel_202519855,200
20260315072601,https://dickssportinggoods.wd1.myworkdayjobs.com/en-US/DSG/job/Retail-Sales-Associate-Apparel_202519902-1,200
20260312044538,https://dickssportinggoods.wd1.myworkdayjobs.com/en-US/DSG/job/Retail-Sales-Associate-Apparel_202600037,200
20260312052459,https://dickssportinggoods.wd1.myworkdayjobs.com/en-US/DSG/job/Retail-Sales-Associate-Apparel_202600190-1,200
20260312043357,https://dickssportinggoods.wd1.myworkdayjobs.com/en-US/DSG/job/Retail-Sales-Associate-Apparel_202600227,200
20260312034932,https://dickssportinggoods.wd1.myworkdayjobs.com/en-US/DSG/job/Retail-Sales-Associate-Apparel_202600335,200
20260312045210,https://dickssportinggoods.wd1.myworkdayjobs.com/en-US/DSG/job/Retail-Sales-Associate-Apparel_202600425,200
20260615012712,https://dickssportinggoods.wd1.myworkdayjobs.com/en-US/DSG/job/Retail-Sales-Associate-Apparel_202602889,200
20251004100114,https://dickssportinggoods.wd1.myworkdayjobs.com/en-US/DSG/job/Retail-Sales-Associate-Appparel_202517034,200
20260312052852,https://dickssportinggoods.wd1.myworkdayjobs.com/en-US/DSG/job/Retail-Sales-Associate-Bike---Fitness_202518600,200
20250730174740,https://dickssportinggoods.wd1.myworkdayjobs.com/en-US/DSG/job/Retail-Sales-Associate-Bikes---Fitness_202512043,200
20250801055320,https://dickssportinggoods.wd1.myworkdayjobs.com/en-US/DSG/job/Retail-Sales-Associate-Bikes---Fitness_202512481,200
20250814202816,https://dickssportinggoods.wd1.myworkdayjobs.com/en-US/DSG/job/Retail-Sales-Associate-Bikes---Fitness_202513432,200
20260315085109,https://dickssportinggoods.wd1.myworkdayjobs.com/en-US/DSG/job/retail-sales-associate-Bikes---Fitness_202517948,200
20260312042606,https://dickssportinggoods.wd1.myworkdayjobs.com/en-US/DSG/job/Retail-Sales-Associate-Bikes---Fitness_202518307,200
20260312040520,https://dickssportinggoods.wd1.myworkdayjobs.com/en-US/DSG/job/Retail-Sales-Associate-Bikes---Fitness_202600465,200
20260312050242,https://dickssportinggoods.wd1.myworkdayjobs.com/en-US/DSG/job/Retail-Sales-Associate-Bikes-and-Fitness_202515123,200
20250905084738,https://dickssportinggoods.wd1.myworkdayjobs.com/en-US/DSG/job/Retail-Sales-Associate-Footwear--Part-Time-_202514444,200
20250730070121,https://dickssportinggoods.wd1.myworkdayjobs.com/en-US/DSG/job/Retail-Sales-Associate-Footwear_202511887,200
20250730062443,https://dickssportinggoods.wd1.myworkdayjobs.com/en-US/DSG/job/Retail-Sales-Associate-Footwear_202511978,200
20250729192725,https://dickssportinggoods.wd1.myworkdayjobs.com/en-US/DSG/job/Retail-Sales-Associate-Footwear_202512035,200
20250731215938,https://dickssportinggoods.wd1.myworkdayjobs.com/en-US/DSG/job/Retail-Sales-Associate-Footwear_202512513,200
20250801022101,https://dickssportinggoods.wd1.myworkdayjobs.com/en-US/DSG/job/Retail-Sales-Associate-Footwear_202512564,200
20250801004002,https://dickssportinggoods.wd1.myworkdayjobs.com/en-US/DSG/job/Retail-Sales-Associate-Footwear_202512593,200
20250816024807,https://dickssportinggoods.wd1.myworkdayjobs.com/en-US/DSG/job/Retail-Sales-Associate-Footwear_202513524,200
20250831062919,https://dickssportinggoods.wd1.myworkdayjobs.com/en-US/DSG/job/Retail-Sales-Associate-Footwear_202514517,200
20250905130534,https://dickssportinggoods.wd1.myworkdayjobs.com/en-US/DSG/job/Retail-Sales-Associate-Footwear_202514545,200
20250916081458,https://dickssportinggoods.wd1.myworkdayjobs.com/en-US/DSG/job/Retail-Sales-Associate-Footwear_202514932-1,200
20250916175632,https://dickssportinggoods.wd1.myworkdayjobs.com/en-US/DSG/job/Retail-Sales-Associate-Footwear_202514956,200
20250908171508,https://dickssportinggoods.wd1.myworkdayjobs.com/en-US/DSG/job/Retail-Sales-Associate-Footwear_202515000,200
20260312052127,https://dickssportinggoods.wd1.myworkdayjobs.com/en-US/DSG/job/Retail-Sales-Associate-Footwear_202515429,200
20250929090903,https://dickssportinggoods.wd1.myworkdayjobs.com/en-US/DSG/job/Retail-Sales-Associate-Footwear_202516559,200
20250929064659,https://dickssportinggoods.wd1.myworkdayjobs.com/en-US/DSG/job/Retail-Sales-Associate-Footwear_202516657,200
20260124002241,https://dickssportinggoods.wd1.myworkdayjobs.com/en-US/DSG/job/Retail-Sales-Associate-Footwear_202517369,200
20260312045439,https://dickssportinggoods.wd1.myworkdayjobs.com/en-US/DSG/job/Retail-Sales-Associate-Footwear_202517494,200
20260312044430,https://dickssportinggoods.wd1.myworkdayjobs.com/en-US/DSG/job/retail-sales-associate-footwear_202517945,200
20260315073552,https://dickssportinggoods.wd1.myworkdayjobs.com/en-US/DSG/job/Retail-Sales-Associate-Footwear_202518829,200
20260312040551,https://dickssportinggoods.wd1.myworkdayjobs.com/en-US/DSG/job/Retail-Sales-Associate-Footwear_202519569,200
20260312040342,https://dickssportinggoods.wd1.myworkdayjobs.com/en-US/DSG/job/Retail-Sales-Associate-Footwear_202519734,200
20260312052039,https://dickssportinggoods.wd1.myworkdayjobs.com/en-US/DSG/job/Retail-Sales-Associate-Footwear_202600034,200
20260312052331,https://dickssportinggoods.wd1.myworkdayjobs.com/en-US/DSG/job/Retail-Sales-Associate-Footwear_202600214,200
20260312051904,https://dickssportinggoods.wd1.myworkdayjobs.com/en-US/DSG/job/Retail-Sales-Associate-Footwear_202600386,200
20260312040827,https://dickssportinggoods.wd1.myworkdayjobs.com/en-US/DSG/job/Retail-Sales-Associate-Footwear_202600459-1,200
20260615015726,https://dickssportinggoods.wd1.myworkdayjobs.com/en-US/DSG/job/Retail-Sales-Associate-Footwear_202601489,200
20260615013452,https://dickssportinggoods.wd1.myworkdayjobs.com/en-US/DSG/job/Retail-Sales-Associate-Footwear_202603773,200
20250817085844,https://dickssportinggoods.wd1.myworkdayjobs.com/en-US/DSG/job/Retail-Sales-Associate-Golf-Part-Time_202513295,200
20250801120810,https://dickssportinggoods.wd1.myworkdayjobs.com/en-US/DSG/job/Retail-Sales-Associate-Golf_202509988,200
20250730031656,https://dickssportinggoods.wd1.myworkdayjobs.com/en-US/DSG/job/Retail-Sales-Associate-Golf_202511911,200
20250801120810,https://dickssportinggoods.wd1.myworkdayjobs.com/en-US/DSG/job/Retail-Sales-Associate-Golf_202511923,200
20250801010228,https://dickssportinggoods.wd1.myworkdayjobs.com/en-US/DSG/job/Retail-Sales-Associate-Golf_202512598-1,200
20250801005821,https://dickssportinggoods.wd1.myworkdayjobs.com/en-US/DSG/job/Retail-Sales-Associate-Golf_202512621-1,200
20250818171524,https://dickssportinggoods.wd1.myworkdayjobs.com/en-US/DSG/job/Retail-Sales-Associate-Golf_202513427,200
20250906194419,https://dickssportinggoods.wd1.myworkdayjobs.com/en-US/DSG/job/Retail-Sales-Associate-Golf_202514478,200
20250928175754,https://dickssportinggoods.wd1.myworkdayjobs.com/en-US/DSG/job/Retail-Sales-Associate-Golf_202516601,200
20251004170731,https://dickssportinggoods.wd1.myworkdayjobs.com/en-US/DSG/job/Retail-Sales-Associate-Golf_202516988,200
20260312045508,https://dickssportinggoods.wd1.myworkdayjobs.com/en-US/DSG/job/retail-sales-associate-golf_202517947,200
20260312041621,https://dickssportinggoods.wd1.myworkdayjobs.com/en-US/DSG/job/Retail-Sales-Associate-Golf_202518271-1,200
20260312044355,https://dickssportinggoods.wd1.myworkdayjobs.com/en-US/DSG/job/Retail-Sales-Associate-Golf_202519736,200
20260312041120,https://dickssportinggoods.wd1.myworkdayjobs.com/en-US/DSG/job/Retail-Sales-Associate-Golf_202519758,200
20260312050832,https://dickssportinggoods.wd1.myworkdayjobs.com/en-US/DSG/job/Retail-Sales-Associate-Golf_202519817,200
20260312041821,https://dickssportinggoods.wd1.myworkdayjobs.com/en-US/DSG/job/Retail-Sales-Associate-Golf_202519918,200
20260315082717,https://dickssportinggoods.wd1.myworkdayjobs.com/en-US/DSG/job/Retail-Sales-Associate-Golf_202600036,200
20260312044317,https://dickssportinggoods.wd1.myworkdayjobs.com/en-US/DSG/job/Retail-Sales-Associate-Golf_202600092,200
20260312044008,https://dickssportinggoods.wd1.myworkdayjobs.com/en-US/DSG/job/Retail-Sales-Associate-Golf_202600129,200
20260312053209,https://dickssportinggoods.wd1.myworkdayjobs.com/en-US/DSG/job/Retail-Sales-Associate-Golf_202600268,200
20260312035615,https://dickssportinggoods.wd1.myworkdayjobs.com/en-US/DSG/job/Retail-Sales-Associate-Golf_202600308,200
20260312051509,https://dickssportinggoods.wd1.myworkdayjobs.com/en-US/DSG/job/Retail-Sales-Associate-Golf_202600347,200
20260615012914,https://dickssportinggoods.wd1.myworkdayjobs.com/en-US/DSG/job/Retail-Sales-Associate-Golf_202603868,200
20260312042820,https://dickssportinggoods.wd1.myworkdayjobs.com/en-US/DSG/job/Retail-Sales-Associate-Lodge_202600019,200
20250829035451,https://dickssportinggoods.wd1.myworkdayjobs.com/en-US/DSG/job/Retail-Sales-Associate-Omni_202514446,200
20250713134257,https://dickssportinggoods.wd1.myworkdayjobs.com/en-US/DSG/job/Retail-Sales-Associate-Team-Sports_202506664,200
20250709133025,https://dickssportinggoods.wd1.myworkdayjobs.com/en-US/DSG/job/Retail-Sales-Associate-Team-Sports_202510890,200
20250729152944,https://dickssportinggoods.wd1.myworkdayjobs.com/en-US/DSG/job/Retail-Sales-Associate-Team-Sports_202512038,200
20250801010656,https://dickssportinggoods.wd1.myworkdayjobs.com/en-US/DSG/job/Retail-Sales-Associate-Team-Sports_202512515,200
20250904145248,https://dickssportinggoods.wd1.myworkdayjobs.com/en-US/DSG/job/Retail-Sales-Associate-Team-Sports_202514403,200
20250911133415,https://dickssportinggoods.wd1.myworkdayjobs.com/en-US/DSG/job/Retail-Sales-Associate-Team-Sports_202515002,200
20250921043747,https://dickssportinggoods.wd1.myworkdayjobs.com/en-US/DSG/job/Retail-Sales-Associate-Team-Sports_202515582,200
20250928190020,https://dickssportinggoods.wd1.myworkdayjobs.com/en-US/DSG/job/Retail-Sales-Associate-Team-sports_202516577-1,200
20260312045408,https://dickssportinggoods.wd1.myworkdayjobs.com/en-US/DSG/job/Retail-Sales-Associate-Team-Sports_202518014,200
20260312052345,https://dickssportinggoods.wd1.myworkdayjobs.com/en-US/DSG/job/Retail-Sales-Associate-Team-Sports_202600002,200
20260312050308,https://dickssportinggoods.wd1.myworkdayjobs.com/en-US/DSG/job/Retail-Sales-Associate-Team-Sports_202600038,200
20260312041945,https://dickssportinggoods.wd1.myworkdayjobs.com/en-US/DSG/job/Retail-Sales-Associate-Team-Sports_202600094,200
20260312051802,https://dickssportinggoods.wd1.myworkdayjobs.com/en-US/DSG/job/Retail-Sales-Associate-Team-Sports_202600188,200
20260312035452,https://dickssportinggoods.wd1.myworkdayjobs.com/en-US/DSG/job/Retail-Sales-Associate-Team-Sports_202600293,200
20260312043041,https://dickssportinggoods.wd1.myworkdayjobs.com/en-US/DSG/job/Retail-Sales-Associate-Team-Sports_202600457,200
20260615010625,https://dickssportinggoods.wd1.myworkdayjobs.com/en-US/DSG/job/Retail-Sales-Associate-Team-Sports_202600806,200
20260128120455,https://dickssportinggoods.wd1.myworkdayjobs.com/en-US/DSG/job/Retail-Sales-Associate-Team-Sports_202600937,200
20250917131920,https://dickssportinggoods.wd1.myworkdayjobs.com/en-US/DSG/job/RETAIL-SALES-ASSOCIATE_202504202,200
20250816192622,https://dickssportinggoods.wd1.myworkdayjobs.com/en-US/DSG/job/Retail-Sales-Associate_202508621,200
20250729200547,https://dickssportinggoods.wd1.myworkdayjobs.com/en-US/DSG/job/Retail-Sales-Associate_202511883,200
20250730085931,https://dickssportinggoods.wd1.myworkdayjobs.com/en-US/DSG/job/Retail-Sales-Associate_202511888,200
20250929042618,https://dickssportinggoods.wd1.myworkdayjobs.com/en-US/DSG/job/Retail-Sales-Associate_202516587,200
20260312044639,https://dickssportinggoods.wd1.myworkdayjobs.com/en-US/DSG/job/Retail-Sales-Associate_202519073,200
20260312052252,https://dickssportinggoods.wd1.myworkdayjobs.com/en-US/DSG/job/Retail-Sales-Associate_202519657,200
20260312052519,https://dickssportinggoods.wd1.myworkdayjobs.com/en-US/DSG/job/Retail-Sales-Associate_202600023,200
20260312042220,https://dickssportinggoods.wd1.myworkdayjobs.com/en-US/DSG/job/Retail-Sales-Associate_202600086,200
20260312042739,https://dickssportinggoods.wd1.myworkdayjobs.com/en-US/DSG/job/Retail-Sales-Associate_202600433,200
20250730010035,https://dickssportinggoods.wd1.myworkdayjobs.com/en-US/DSG/job/Retail-Sales-Associates-Footwear_202511872-1,200
20250907175903,https://dickssportinggoods.wd1.myworkdayjobs.com/en-US/DSG/job/Retail-Sales-Associates-Golf_202514935,200
20250814150732,https://dickssportinggoods.wd1.myworkdayjobs.com/en-US/DSG/job/retail-sales-footwear-lead_202513496,200
20250801140359,https://dickssportinggoods.wd1.myworkdayjobs.com/en-US/DSG/job/Retail-Sales-Golf-Lead_202512591,200
20260312043211,https://dickssportinggoods.wd1.myworkdayjobs.com/en-US/DSG/job/Retail-Sales-Golf-Lead_202600120-1,200
20260315074942,https://dickssportinggoods.wd1.myworkdayjobs.com/en-US/DSG/job/Retail-Sales-Lead---Apparel_202517251-1,200
20251004092002,https://dickssportinggoods.wd1.myworkdayjobs.com/en-US/DSG/job/Retail-Sales-Lead---Front-End_202515657-1,200
20250801031944,https://dickssportinggoods.wd1.myworkdayjobs.com/en-US/DSG/job/Retail-Sales-Lead--All-Positions----New-Store_202512600,200
20251004032250,https://dickssportinggoods.wd1.myworkdayjobs.com/en-US/DSG/job/Retail-Sales-Lead-Apparel---Going-Going-Gone_202516998,200
20260315085246,https://dickssportinggoods.wd1.myworkdayjobs.com/en-US/DSG/job/Retail-Sales-Lead-Apparel---Key-Holder_202517753,200
20260312052648,https://dickssportinggoods.wd1.myworkdayjobs.com/en-US/DSG/job/Retail-Sales-Lead-Apparel---Key-Holder_202600005,200
20250801045324,https://dickssportinggoods.wd1.myworkdayjobs.com/en-US/DSG/job/Retail-Sales-Lead-Apparel_202512453,200
20250801192021,https://dickssportinggoods.wd1.myworkdayjobs.com/en-US/DSG/job/retail-sales-lead-apparel_202512459-1,200
20250801084101,https://dickssportinggoods.wd1.myworkdayjobs.com/en-US/DSG/job/Retail-Sales-Lead-Apparel_202512507,200
20250801084101,https://dickssportinggoods.wd1.myworkdayjobs.com/en-US/DSG/job/Retail-Sales-Lead-Apparel_202512508,200
20250829201101,https://dickssportinggoods.wd1.myworkdayjobs.com/en-US/DSG/job/Retail-Sales-Lead-Apparel_202514464,200
20250901045756,https://dickssportinggoods.wd1.myworkdayjobs.com/en-US/DSG/job/Retail-Sales-Lead-Apparel_202514484,200
20260312040448,https://dickssportinggoods.wd1.myworkdayjobs.com/en-US/DSG/job/Retail-Sales-Lead-Apparel_202515571-1,200
20250929105917,https://dickssportinggoods.wd1.myworkdayjobs.com/en-US/DSG/job/retail-sales-lead-apparel_202516589,200
20260312041258,https://dickssportinggoods.wd1.myworkdayjobs.com/en-US/DSG/job/Retail-Sales-Lead-Apparel_202517659,200
20260123224622,https://dickssportinggoods.wd1.myworkdayjobs.com/en-US/DSG/job/Retail-Sales-Lead-Apparel_202518186,200
20260312052023,https://dickssportinggoods.wd1.myworkdayjobs.com/en-US/DSG/job/Retail-Sales-Lead-Apparel_202519510,200
20260312053045,https://dickssportinggoods.wd1.myworkdayjobs.com/en-US/DSG/job/Retail-Sales-Lead-Apparel_202519570,200
20260312052803,https://dickssportinggoods.wd1.myworkdayjobs.com/en-US/DSG/job/Retail-Sales-Lead-Apparel_202600424,200
20250903195235,https://dickssportinggoods.wd1.myworkdayjobs.com/en-US/DSG/job/Retail-Sales-Lead-Footwear_202514541-1,200
20250920013033,https://dickssportinggoods.wd1.myworkdayjobs.com/en-US/DSG/job/Retail-Sales-Lead-Footwear_202515585,200
20250928090826,https://dickssportinggoods.wd1.myworkdayjobs.com/en-US/DSG/job/Retail-Sales-Lead-Footwear_202516563,200
20250928105650,https://dickssportinggoods.wd1.myworkdayjobs.com/en-US/DSG/job/Retail-Sales-Lead-Footwear_202516693,200
20250801094159,https://dickssportinggoods.wd1.myworkdayjobs.com/en-US/DSG/job/Retail-Sales-Lead-Front-End---Key-Holder_202512559,200
20260312051359,https://dickssportinggoods.wd1.myworkdayjobs.com/en-US/DSG/job/Retail-Sales-Lead-Front-End---Key-Holder_202600250,200
20260312040725,https://dickssportinggoods.wd1.myworkdayjobs.com/en-US/DSG/job/Retail-sales-lead-golf_202518278,200
20260312042332,https://dickssportinggoods.wd1.myworkdayjobs.com/en-US/DSG/job/Retail-Sales-Lead-Golf_202518329-1,200
20260315081206,https://dickssportinggoods.wd1.myworkdayjobs.com/en-US/DSG/job/Retail-Sales-Lead-Golf_202519522,200
20260312040217,https://dickssportinggoods.wd1.myworkdayjobs.com/en-US/DSG/job/Retail-Sales-Lead-Golf_202519871,200
20260312044845,https://dickssportinggoods.wd1.myworkdayjobs.com/en-US/DSG/job/Retail-Sales-Lead-Golf_202600179,200
20250929111511,https://dickssportinggoods.wd1.myworkdayjobs.com/en-US/DSG/job/Retail-Sales-Lead-Omni--Full-Time-_202516583,200
20250731222748,https://dickssportinggoods.wd1.myworkdayjobs.com/en-US/DSG/job/Retail-Sales-Lead-Team-Sport---Key-Holder_202512577,200
20250730002653,https://dickssportinggoods.wd1.myworkdayjobs.com/en-US/DSG/job/Retail-Sales-Lead-Team-Sport_202511897,200
20250928155038,https://dickssportinggoods.wd1.myworkdayjobs.com/en-US/DSG/job/Retail-Sales-Lead-Team-Sport_202516649,200
20250929145210,https://dickssportinggoods.wd1.myworkdayjobs.com/en-US/DSG/job/Retail-Sales-Lead-Team-Sport_202516703,200
20250814152930,https://dickssportinggoods.wd1.myworkdayjobs.com/en-US/DSG/job/Retail-Sales-Lead-Team-Sports--Key-Holder_202513420,200
20250813215751,https://dickssportinggoods.wd1.myworkdayjobs.com/en-US/DSG/job/Retail-Sales-Lead-Team-Sports_202513405,200
20260312052437,https://dickssportinggoods.wd1.myworkdayjobs.com/en-US/DSG/job/Retail-Sales-Lead-Team-Sports_202518438-1,200
20250920122015,https://dickssportinggoods.wd1.myworkdayjobs.com/en-US/DSG/job/Retail-Sales-Leader---Front-End_202515560-1,200
20260312051445,https://dickssportinggoods.wd1.myworkdayjobs.com/en-US/DSG/job/Retail-Sales-Leader---Front-End_202519374,200
20250801045729,https://dickssportinggoods.wd1.myworkdayjobs.com/en-US/DSG/job/Retail-Sales-Leader--Front-End_202512553,200
20250928155431,https://dickssportinggoods.wd1.myworkdayjobs.com/en-US/DSG/job/Retail-Sales-Leader--Front-End_202516562,200
20260312043018,https://dickssportinggoods.wd1.myworkdayjobs.com/en-US/DSG/job/Retail-Sales-Leader--Front-End_202517646,200
20250915045622,https://dickssportinggoods.wd1.myworkdayjobs.com/en-US/DSG/job/Retail-Sales-Leader-Front-End_202515020-1,200
20260312035907,https://dickssportinggoods.wd1.myworkdayjobs.com/en-US/DSG/job/Retail-Sales-Leader-Front-End_202517228,200
20260312050859,https://dickssportinggoods.wd1.myworkdayjobs.com/en-US/DSG/job/Retail-Sales-Leader-Front-End_202519442,200
20250929054925,https://dickssportinggoods.wd1.myworkdayjobs.com/en-US/DSG/job/Retail-Sales-Loss-Prevention-Lead_202516594,200
20260312045853,https://dickssportinggoods.wd1.myworkdayjobs.com/en-US/DSG/job/Retail-Sales-Operations-Associate_202600143,200
20250830144255,https://dickssportinggoods.wd1.myworkdayjobs.com/en-US/DSG/job/Retail-Service-Associate_202514390,200
20260312052448,https://dickssportinggoods.wd1.myworkdayjobs.com/en-US/DSG/job/Retail-Softlines-Sales-Associate_202519820,200
20260312042357,https://dickssportinggoods.wd1.myworkdayjobs.com/en-US/DSG/job/Retail-Softlines-Sales-Lead_202519500,200
20250920235601,https://dickssportinggoods.wd1.myworkdayjobs.com/en-US/DSG/job/Retail-Store-Administrative-Assistant_202515522,200
20260312042514,https://dickssportinggoods.wd1.myworkdayjobs.com/en-US/DSG/job/retail-store-administrative-assistant_202517975,200
20260312041401,https://dickssportinggoods.wd1.myworkdayjobs.com/en-US/DSG/job/Sales-Associate-Apparel_202519339-1,200
20260312043242,https://dickssportinggoods.wd1.myworkdayjobs.com/en-US/DSG/job/sales-associate_202600450,200
20260312042132,https://dickssportinggoods.wd1.myworkdayjobs.com/en-US/DSG/job/Sales-Associate_202600452,200
20260315080656,https://dickssportinggoods.wd1.myworkdayjobs.com/en-US/DSG/job/Sales-Lead-Team-Sports-Key-Holder_202519109,200
20250929130453,https://dickssportinggoods.wd1.myworkdayjobs.com/en-US/DSG/job/Seasonal---Retail-Cashier_202516624,200
20250929052742,https://dickssportinggoods.wd1.myworkdayjobs.com/en-US/DSG/job/Seasonal---Retail-Sales-Associate-Footwear_202516628,200
20250929082617,https://dickssportinggoods.wd1.myworkdayjobs.com/en-US/DSG/job/Seasonal-Retail-Associate_202516508,200
20250929045355,https://dickssportinggoods.wd1.myworkdayjobs.com/en-US/DSG/job/Seasonal-Retail-Associate_202516592,200
20250913101013,https://dickssportinggoods.wd1.myworkdayjobs.com/en-US/DSG/job/Seasonal-Retail-Sales-Associate-Footwear---Part-Time_202515029,200
20251004211909,https://dickssportinggoods.wd1.myworkdayjobs.com/en-US/DSG/job/Seasonal-Retail-Sales-Associate_202515712,200
20250929082617,https://dickssportinggoods.wd1.myworkdayjobs.com/en-US/DSG/job/Seasonal-Retail-Sales-Associate_202515720-1,200
20250929130453,https://dickssportinggoods.wd1.myworkdayjobs.com/en-US/DSG/job/Seasonal-Retail-Sales-Associate_202515746-1,200
20260123235149,https://dickssportinggoods.wd1.myworkdayjobs.com/en-US/DSG/job/Seasonal-Retail-Sales-Associate_202515800-1,200
20250929111310,https://dickssportinggoods.wd1.myworkdayjobs.com/en-US/DSG/job/Seasonal-Retail-Sales-Associate_202515815-1,200
20250921042235,https://dickssportinggoods.wd1.myworkdayjobs.com/en-US/DSG/job/Seasonal-Retail-Sales-Associate_202515865-1,200
20250920103737,https://dickssportinggoods.wd1.myworkdayjobs.com/en-US/DSG/job/Seasonal-Retail-Sales-Associate_202515975-1,200
20250920104437,https://dickssportinggoods.wd1.myworkdayjobs.com/en-US/DSG/job/Seasonal-Retail-Sales-Associate_202516163-1,200
20251004104048,https://dickssportinggoods.wd1.myworkdayjobs.com/en-US/DSG/job/Seasonal-Retail-Sales-Associate_202516205-1,200
20251004210019,https://dickssportinggoods.wd1.myworkdayjobs.com/en-US/DSG/job/Seasonal-Retail-Sales-Associate_202516220-1,200
20260123224430,https://dickssportinggoods.wd1.myworkdayjobs.com/en-US/DSG/job/Seasonal-Retail-Sales-Associate_202516448-1,200
20260312052006,https://dickssportinggoods.wd1.myworkdayjobs.com/en-US/DSG/job/Seasonal-Retail-Sales-Associate_202519687,200
20250801075229,https://dickssportinggoods.wd1.myworkdayjobs.com/en-US/DSG/job/Seasonal-Retail-Sales-Cashier_202512594,200
20251005063841,https://dickssportinggoods.wd1.myworkdayjobs.com/en-US/DSG/job/Seasonal-Sales-Associate-Golf_202516986,200
20260214044349,https://dickssportinggoods.wd1.myworkdayjobs.com/en-US/DSG/job/Senior-Data-Scientist---Customer-Intent--Decision-Engine--REMOTE-_202518988,200
20250606054540,https://dickssportinggoods.wd1.myworkdayjobs.com/en-US/DSG/job/Senior-Kubernetes-Engineer--REMOTE-_202505783,200
20260315083610,https://dickssportinggoods.wd1.myworkdayjobs.com/en-US/DSG/job/Senior-Machine-Learning-Engineer---Search--REMOTE-_202518960,200
20260312041752,https://dickssportinggoods.wd1.myworkdayjobs.com/en-US/DSG/job/Senior-Manager--Enterprise-Transformation_202511715,200
20250729152457,https://dickssportinggoods.wd1.myworkdayjobs.com/en-US/DSG/job/Senior-Product-Manager---Distribution---Fulfillment---REMOTE-_202511446,200
20260312034230,https://dickssportinggoods.wd1.myworkdayjobs.com/en-US/DSG/job/Senior-Program-Manager--Enterprise-Data---Intelligence-Platforms---Teammate-_202519884,200
20250909164224,https://dickssportinggoods.wd1.myworkdayjobs.com/en-US/DSG/job/Senior-Software-Engineer---AI-Ops-and-Operations-Platform-Engineering--REMOTE-_202514532-1,200
20260316143145,https://dickssportinggoods.wd1.myworkdayjobs.com/en-US/DSG/job/Senior-Software-Engineer---External-Communications--REMOTE-_202603246,200
20260124003118,https://dickssportinggoods.wd1.myworkdayjobs.com/en-US/DSG/job/Senior-Software-Engineer---Mobile-Android--REMOTE-_202518442,200
20260316143145,https://dickssportinggoods.wd1.myworkdayjobs.com/en-US/DSG/job/Senior-Software-Engineer---Mobile-iOS--REMOTE-_202600100,200
20260316143130,https://dickssportinggoods.wd1.myworkdayjobs.com/en-US/DSG/job/Senior-Software-Engineer---Navigation---Search-UI--REMOTE-_202603635,200
20260316143144,https://dickssportinggoods.wd1.myworkdayjobs.com/en-US/DSG/job/Senior-Software-Engineer---Navigation---Search-UI--REMOTE-_202603635/apply,200
20250915162226,https://dickssportinggoods.wd1.myworkdayjobs.com/en-US/DSG/job/Senior-Software-Engineer---UI--REMOTE-_202510027,200
20260312045046,https://dickssportinggoods.wd1.myworkdayjobs.com/en-US/DSG/job/Senior-Strategic-Sourcing-Analyst---Tech---eCommerce--Prof-Services-_202519707,200
20240924215924,https://dickssportinggoods.wd1.myworkdayjobs.com/en-US/DSG/job/Software-Engineer-I---Ad-Tech--REMOTE-_202409808,200
20240927021615,https://dickssportinggoods.wd1.myworkdayjobs.com/en-US/DSG/job/Software-Engineer-I---Ad-Tech--REMOTE-_202409808/apply,-
20240924215820,https://dickssportinggoods.wd1.myworkdayjobs.com/en-US/DSG/job/Software-Engineer-I---Ad-Tech--REMOTE-_202409808/apply/LinkedIn,303
20260707191357,https://dickssportinggoods.wd1.myworkdayjobs.com/en-US/DSG/job/Software-Engineer-II---Supply-Chain--REMOTE-_202608720,200
20250922035718,https://dickssportinggoods.wd1.myworkdayjobs.com/en-US/DSG/job/Software-Engineering---Summer-2026-Corporate-Internship_202508673-1,200
20260908224744,https://dickssportinggoods.wd1.myworkdayjobs.com/en-US/DSG/job/Software-Engineering---Summer-2027-Corporate-Internship_202608792-1,200
20260316143145,https://dickssportinggoods.wd1.myworkdayjobs.com/en-US/DSG/job/Sr-Software-Engineer---Search--REMOTE-_202602942,200
20260312043438,https://dickssportinggoods.wd1.myworkdayjobs.com/en-US/DSG/job/Staff-Industrial-Designer_202510454,200
20260312043804,https://dickssportinggoods.wd1.myworkdayjobs.com/en-US/DSG/job/Store-Loss-Prevention-Manager_202517628,200
20260312052424,https://dickssportinggoods.wd1.myworkdayjobs.com/en-US/DSG/job/Store-Loss-Prevention-Manager_202517720,200
20260312045918,https://dickssportinggoods.wd1.myworkdayjobs.com/en-US/DSG/job/Store-Loss-Prevention-Manager_202600343,200
20251007023627,https://dickssportinggoods.wd1.myworkdayjobs.com/en-US/DSG/job/Store-Manager---Golf-Galaxy_202511848,200
20250731211154,https://dickssportinggoods.wd1.myworkdayjobs.com/en-US/DSG/job/Store-Manager_202512571,200
20251004132923,https://dickssportinggoods.wd1.myworkdayjobs.com/en-US/DSG/job/Store-Manager_202516915,200
20260312050738,https://dickssportinggoods.wd1.myworkdayjobs.com/en-US/DSG/job/Store-Manager_202519559,200
20250730024559,https://dickssportinggoods.wd1.myworkdayjobs.com/en-US/DSG/job/Store0007-Wilkes-Barre-PA/Retail-Sales-Associate-Apparel_202511960,200
20250730024618,https://dickssportinggoods.wd1.myworkdayjobs.com/en-US/DSG/job/Store0007-Wilkes-Barre-PA/Retail-Sales-Associate-Apparel_202511960/apply,200
20251004230900,https://dickssportinggoods.wd1.myworkdayjobs.com/en-US/DSG/job/Store0015-Middletown-NY/XMLNAME-10113---Retail-Sales-Associate-Golf_202517027,200
20251004230948,https://dickssportinggoods.wd1.myworkdayjobs.com/en-US/DSG/job/Store0015-Middletown-NY/XMLNAME-10113---Retail-Sales-Associate-Golf_202517027/apply,200
20250821120252,https://dickssportinggoods.wd1.myworkdayjobs.com/en-US/DSG/job/Store0015-Middletown-NY/XMLNAME-10183---Retail-Customer-Service-Specialist_202513894,200
20250823082834,https://dickssportinggoods.wd1.myworkdayjobs.com/en-US/DSG/job/Store0015-Middletown-NY/XMLNAME-10183---Retail-Customer-Service-Specialist_202513894/apply,200
20250929082605,https://dickssportinggoods.wd1.myworkdayjobs.com/en-US/DSG/job/Store0017-Springhurst-KY/Seasonal-Retail-Associate_202516508,200
20250929082616,https://dickssportinggoods.wd1.myworkdayjobs.com/en-US/DSG/job/Store0017-Springhurst-KY/Seasonal-Retail-Associate_202516508/apply,200
20250929082616,https://dickssportinggoods.wd1.myworkdayjobs.com/en-US/DSG/job/Store0017-Springhurst-KY/Seasonal-Retail-Sales-Associate_202515720-1,200
20250801202533,https://dickssportinggoods.wd1.myworkdayjobs.com/en-US/DSG/job/Store0026-Lexington-KY/Retail-Store-Administrative-Assistant---Hamburg_202512527,200
20250801202543,https://dickssportinggoods.wd1.myworkdayjobs.com/en-US/DSG/job/Store0026-Lexington-KY/Retail-Store-Administrative-Assistant---Hamburg_202512527/apply,200
20250828111008,https://dickssportinggoods.wd1.myworkdayjobs.com/en-US/DSG/job/Store0042-Robinson-PA/Assistant-Store-Manager--Hardlines_202514511,200
20250829195525,https://dickssportinggoods.wd1.myworkdayjobs.com/en-US/DSG/job/Store0042-Robinson-PA/Assistant-Store-Manager--Hardlines_202514511/apply,200
20250801094147,https://dickssportinggoods.wd1.myworkdayjobs.com/en-US/DSG/job/Store0063-Montrose-OH/Retail-Sales-Lead-Front-End---Key-Holder_202512559,200
20250801094159,https://dickssportinggoods.wd1.myworkdayjobs.com/en-US/DSG/job/Store0063-Montrose-OH/Retail-Sales-Lead-Front-End---Key-Holder_202512559/apply,200
20250729191236,https://dickssportinggoods.wd1.myworkdayjobs.com/en-US/DSG/job/Store0076-White-Marsh-Mall-MD/Retail-Cashier---Part-Time_202511915,200
20250729191248,https://dickssportinggoods.wd1.myworkdayjobs.com/en-US/DSG/job/Store0076-White-Marsh-Mall-MD/Retail-Cashier---Part-Time_202511915/apply,200
20250731004230,https://dickssportinggoods.wd1.myworkdayjobs.com/en-US/DSG/job/Store0081-Oxford-Valley-PA/Retail-Customer-Service-Specialist_202511864,200
20250813235528,https://dickssportinggoods.wd1.myworkdayjobs.com/en-US/DSG/job/Store0082-Moorestown-NJ/Retail-Footwear-Operations-Associate_202513415-1,200
20250818205823,https://dickssportinggoods.wd1.myworkdayjobs.com/en-US/DSG/job/Store0082-Moorestown-NJ/Retail-Footwear-Operations-Associate_202513415-1/apply,200
20250921021716,https://dickssportinggoods.wd1.myworkdayjobs.com/en-US/DSG/job/Store0094-Saginaw-MI/Retail-Omni-Fulfillment-Associate_202515616,200
20250801075313,https://dickssportinggoods.wd1.myworkdayjobs.com/en-US/DSG/job/Store0098-Willow-Grove-PA/Assistant-Store-Manager-Softlines_202512573,200
20250801075328,https://dickssportinggoods.wd1.myworkdayjobs.com/en-US/DSG/job/Store0098-Willow-Grove-PA/Assistant-Store-Manager-Softlines_202512573/apply,200
20250801021840,https://dickssportinggoods.wd1.myworkdayjobs.com/en-US/DSG/job/Store0098-Willow-Grove-PA/Retail-Sales-Associate-Footwear_202512564,200
20250801022017,https://dickssportinggoods.wd1.myworkdayjobs.com/en-US/DSG/job/Store0098-Willow-Grove-PA/Retail-Sales-Associate-Footwear_202512564/apply,200
20250929130441,https://dickssportinggoods.wd1.myworkdayjobs.com/en-US/DSG/job/Store0098-Willow-Grove-PA/Seasonal---Retail-Cashier_202516624,200
20250929130452,https://dickssportinggoods.wd1.myworkdayjobs.com/en-US/DSG/job/Store0098-Willow-Grove-PA/Seasonal---Retail-Cashier_202516624/apply,200
20250928200523,https://dickssportinggoods.wd1.myworkdayjobs.com/en-US/DSG/job/Store0098-Willow-Grove-PA/Seasonal---Retail-Omni-Fulfillment-Associate_202516625,200
20250928200534,https://dickssportinggoods.wd1.myworkdayjobs.com/en-US/DSG/job/Store0098-Willow-Grove-PA/Seasonal---Retail-Omni-Fulfillment-Associate_202516625/apply,200
20250929064025,https://dickssportinggoods.wd1.myworkdayjobs.com/en-US/DSG/job/Store0098-Willow-Grove-PA/Seasonal---Retail-Sales-Associate-Apparel_202516627,200
20250929052731,https://dickssportinggoods.wd1.myworkdayjobs.com/en-US/DSG/job/Store0098-Willow-Grove-PA/Seasonal---Retail-Sales-Associate-Footwear_202516628,200
20250929052741,https://dickssportinggoods.wd1.myworkdayjobs.com/en-US/DSG/job/Store0098-Willow-Grove-PA/Seasonal---Retail-Sales-Associate-Footwear_202516628/apply,200
20250929144223,https://dickssportinggoods.wd1.myworkdayjobs.com/en-US/DSG/job/Store0098-Willow-Grove-PA/Seasonal---Retail-Sales-Associate-Team-Sports_202516630,200
20250929130452,https://dickssportinggoods.wd1.myworkdayjobs.com/en-US/DSG/job/Store0098-Willow-Grove-PA/Seasonal-Retail-Sales-Associate_202515746-1,200
20250829094350,https://dickssportinggoods.wd1.myworkdayjobs.com/en-US/DSG/job/Store0102-Midlothian-VA/retail-cashier_202514439,200
20250829105032,https://dickssportinggoods.wd1.myworkdayjobs.com/en-US/DSG/job/Store0102-Midlothian-VA/retail-cashier_202514439/apply,200
20250829192524,https://dickssportinggoods.wd1.myworkdayjobs.com/en-US/DSG/job/Store0102-Midlothian-VA/retail-sales-associate-footwear_202514440,200
20250830044551,https://dickssportinggoods.wd1.myworkdayjobs.com/en-US/DSG/job/Store0102-Midlothian-VA/retail-sales-associate-footwear_202514440/apply,200
20251005072209,https://dickssportinggoods.wd1.myworkdayjobs.com/en-US/DSG/job/Store0114-Glen-Allen-VA/Retail-Customer-Service-Specialist_202517019,200
20251005072221,https://dickssportinggoods.wd1.myworkdayjobs.com/en-US/DSG/job/Store0114-Glen-Allen-VA/Retail-Customer-Service-Specialist_202517019/apply,200
20251003192350,https://dickssportinggoods.wd1.myworkdayjobs.com/en-US/DSG/job/Store0114-Glen-Allen-VA/Retail-Sales-Associate-Bikes---Fitness_202517018,200
20251003192402,https://dickssportinggoods.wd1.myworkdayjobs.com/en-US/DSG/job/Store0114-Glen-Allen-VA/Retail-Sales-Associate-Bikes---Fitness_202517018/apply,200
20251005001412,https://dickssportinggoods.wd1.myworkdayjobs.com/en-US/DSG/job/Store0114-Glen-Allen-VA/Retail-Sales-Associate-Golf_202517020,200
20251005001431,https://dickssportinggoods.wd1.myworkdayjobs.com/en-US/DSG/job/Store0114-Glen-Allen-VA/Retail-Sales-Associate-Golf_202517020/apply,200
20251004151739,https://dickssportinggoods.wd1.myworkdayjobs.com/en-US/DSG/job/Store0129-Homestead-PA/Retail-Freight-Flow-Lead_202517009,200
20251004152005,https://dickssportinggoods.wd1.myworkdayjobs.com/en-US/DSG/job/Store0129-Homestead-PA/Retail-Freight-Flow-Lead_202517009/apply,200
20250908060810,https://dickssportinggoods.wd1.myworkdayjobs.com/en-US/DSG/job/Store0129-Homestead-PA/Store-Manager_202514794,200
20250910181801,https://dickssportinggoods.wd1.myworkdayjobs.com/en-US/DSG/job/Store0129-Homestead-PA/Store-Manager_202514794/apply,200
20240701204945,https://dickssportinggoods.wd1.myworkdayjobs.com/en-US/DSG/job/Store0143-Waldorf-MD/Retail-Associate-Bike-Tech_202410316/apply/useMyLastApplication,303
20250814022411,https://dickssportinggoods.wd1.myworkdayjobs.com/en-US/DSG/job/Store0148-East-Brunswick-NJ/Retail-Sales-Associate_202508621,200
20250816192615,https://dickssportinggoods.wd1.myworkdayjobs.com/en-US/DSG/job/Store0148-East-Brunswick-NJ/Retail-Sales-Associate_202508621/apply,200
20250815002016,https://dickssportinggoods.wd1.myworkdayjobs.com/en-US/DSG/job/Store0150-Burlington-VT/Retail--Operations-Associate_202512281,200
20250814054043,https://dickssportinggoods.wd1.myworkdayjobs.com/en-US/DSG/job/Store0150-Burlington-VT/Temporary--Retail-Sales-Associate_202510461,200
20250816170647,https://dickssportinggoods.wd1.myworkdayjobs.com/en-US/DSG/job/Store0150-Burlington-VT/Temporary--Retail-Sales-Associate_202510461/apply,200
20250920013812,https://dickssportinggoods.wd1.myworkdayjobs.com/en-US/DSG/job/Store0154-Kingston-NY/Freight-Flow-Lead_202515577-1,200
20250920105744,https://dickssportinggoods.wd1.myworkdayjobs.com/en-US/DSG/job/Store0154-Kingston-NY/Freight-Flow-Lead_202515577-1/apply,200
20250921043733,https://dickssportinggoods.wd1.myworkdayjobs.com/en-US/DSG/job/Store0157-East-Hanover-NJ/Retail-Sales-Associate-Team-Sports_202515582,200
20250921043746,https://dickssportinggoods.wd1.myworkdayjobs.com/en-US/DSG/job/Store0157-East-Hanover-NJ/Retail-Sales-Associate-Team-Sports_202515582/apply,200
20250829064024,https://dickssportinggoods.wd1.myworkdayjobs.com/en-US/DSG/job/Store0160-North-Attleboro-MA/Retail-Operation-Associate_202510000,200
20250821125120,https://dickssportinggoods.wd1.myworkdayjobs.com/en-US/DSG/job/Store0162-Millbury-MA/Maintenance-Associate_202514054,200
20250823084022,https://dickssportinggoods.wd1.myworkdayjobs.com/en-US/DSG/job/Store0162-Millbury-MA/Maintenance-Associate_202514054/apply,200
20250828153058,https://dickssportinggoods.wd1.myworkdayjobs.com/en-US/DSG/job/Store0165-Portland-ME/Store-Manager_202514422-1,200
20250831010902,https://dickssportinggoods.wd1.myworkdayjobs.com/en-US/DSG/job/Store0165-Portland-ME/Store-Manager_202514422-1/apply,200
20250908045655,https://dickssportinggoods.wd1.myworkdayjobs.com/en-US/DSG/job/Store0166-Seekonk-MA/retail-cashier_202514905,200
20250911043914,https://dickssportinggoods.wd1.myworkdayjobs.com/en-US/DSG/job/Store0166-Seekonk-MA/retail-cashier_202514905/apply,200
20250829122735,https://dickssportinggoods.wd1.myworkdayjobs.com/en-US/DSG/job/Store0171-Allentown-PA/Retail-Customer-Service-Specialist_202514426,200
20250907074051,https://dickssportinggoods.wd1.myworkdayjobs.com/en-US/DSG/job/Store0171-Allentown-PA/Retail-Customer-Service-Specialist_202514426/apply,200
20250828194238,https://dickssportinggoods.wd1.myworkdayjobs.com/en-US/DSG/job/Store0171-Allentown-PA/Retail-Sales-Associate-Bikes---Fitness_202514428,200
20250831145934,https://dickssportinggoods.wd1.myworkdayjobs.com/en-US/DSG/job/Store0171-Allentown-PA/Retail-Sales-Associate-Bikes---Fitness_202514428/apply,200
20250829220853,https://dickssportinggoods.wd1.myworkdayjobs.com/en-US/DSG/job/Store0171-Allentown-PA/Retail-Sales-Associate-Team-Sports_202514427,200
20250904012533,https://dickssportinggoods.wd1.myworkdayjobs.com/en-US/DSG/job/Store0171-Allentown-PA/Retail-Sales-Associate-Team-Sports_202514427/apply,200
20250731222737,https://dickssportinggoods.wd1.myworkdayjobs.com/en-US/DSG/job/Store0174-Niles-OH/Retail-Sales-Lead-Team-Sport---Key-Holder_202512577,200
20250731222748,https://dickssportinggoods.wd1.myworkdayjobs.com/en-US/DSG/job/Store0174-Niles-OH/Retail-Sales-Lead-Team-Sport---Key-Holder_202512577/apply,200
20250928163413,https://dickssportinggoods.wd1.myworkdayjobs.com/en-US/DSG/job/Store0175-Plymouth-MA/Truck---Freight-Operations-Associate_202516590,200
20250928163424,https://dickssportinggoods.wd1.myworkdayjobs.com/en-US/DSG/job/Store0175-Plymouth-MA/Truck---Freight-Operations-Associate_202516590/apply,200
20250829080229,https://dickssportinggoods.wd1.myworkdayjobs.com/en-US/DSG/job/Store0179-Springfield-IL/Retail-Sales-Golf-Associate_202514513,200
20250916052128,https://dickssportinggoods.wd1.myworkdayjobs.com/en-US/DSG/job/Store0179-Springfield-IL/Retail-Sales-Golf-Associate_202514513/apply,200
20251004090536,https://dickssportinggoods.wd1.myworkdayjobs.com/en-US/DSG/job/Store0179-Springfield-IL/Retail-Sales-Lead---Front-End_202515657-1,200
20251004092000,https://dickssportinggoods.wd1.myworkdayjobs.com/en-US/DSG/job/Store0179-Springfield-IL/Retail-Sales-Lead---Front-End_202515657-1/apply,200
20251005054637,https://dickssportinggoods.wd1.myworkdayjobs.com/en-US/DSG/job/Store0179-Springfield-IL/Retail-Sales-Lead---Front-End_202517002,200
20250829042315,https://dickssportinggoods.wd1.myworkdayjobs.com/en-US/DSG/job/Store0187-Lexington-KY/Retail-Sales-Lead-Apparel_202514464,200
20250829201048,https://dickssportinggoods.wd1.myworkdayjobs.com/en-US/DSG/job/Store0187-Lexington-KY/Retail-Sales-Lead-Apparel_202514464/apply,200
20250907162206,https://dickssportinggoods.wd1.myworkdayjobs.com/en-US/DSG/job/Store0187-Lexington-KY/Retail-Sales-Lead-Apparel_202514927,200
20250915113914,https://dickssportinggoods.wd1.myworkdayjobs.com/en-US/DSG/job/Store0187-Lexington-KY/Retail-Sales-Lead-Apparel_202514927/apply,200
20250814032923,https://dickssportinggoods.wd1.myworkdayjobs.com/en-US/DSG/job/Store0187-Lexington-KY/Retail-Sales-Leader--Front-End_202513537,200
20250730090523,https://dickssportinggoods.wd1.myworkdayjobs.com/en-US/DSG/job/Store0195-Webster-NY/Footwear-Associate_202511895,200
20250730090535,https://dickssportinggoods.wd1.myworkdayjobs.com/en-US/DSG/job/Store0195-Webster-NY/Footwear-Associate_202511895/apply,200
20250801195118,https://dickssportinggoods.wd1.myworkdayjobs.com/en-US/DSG/job/Store0201-Cary-NC/Retail-Customer-Service-Specialist_202512619,200
20250801195129,https://dickssportinggoods.wd1.myworkdayjobs.com/en-US/DSG/job/Store0201-Cary-NC/Retail-Customer-Service-Specialist_202512619/apply,200
20250920031708,https://dickssportinggoods.wd1.myworkdayjobs.com/en-US/DSG/job/Store0205-Asheville-NC/Footwear-Team-Lead_202515531,200
20250920181210,https://dickssportinggoods.wd1.myworkdayjobs.com/en-US/DSG/job/Store0205-Asheville-NC/Footwear-Team-Lead_202515531/apply,200
20260311055705,https://dickssportinggoods.wd1.myworkdayjobs.com/en-US/DSG/job/Store0206-Greensboro-NC/Retail-Operations-Associate_202603657/apply/applyManually?source=Appcast_IndeedO&_ccid=1773208590434g81i87mnf&ittk=HJOLVU5H90,200
20250928123556,https://dickssportinggoods.wd1.myworkdayjobs.com/en-US/DSG/job/Store0208-NE-Raleigh-NC/Seasonal-Retail-Sales-Associate_202509519-1,200
20230815121026,https://dickssportinggoods.wd1.myworkdayjobs.com/en-US/DSG/job/Store0213-Matthews-NC/Retail-Sales-Associate-Golf_202312471/apply/useMyLastApplication,303
20250908023508,https://dickssportinggoods.wd1.myworkdayjobs.com/en-US/DSG/job/Store0213-Matthews-NC/Retail-Sales-Lead-Golf_202514899,200
20250918155446,https://dickssportinggoods.wd1.myworkdayjobs.com/en-US/DSG/job/Store0213-Matthews-NC/Retail-Sales-Lead-Golf_202514899/apply,200
20250413013400,https://dickssportinggoods.wd1.myworkdayjobs.com/en-US/DSG/job/Store0215-Huntersville-NC/Retail-Cashier_202504138/apply/applyManually,200
20250415033641,https://dickssportinggoods.wd1.myworkdayjobs.com/en-US/DSG/job/Store0215-Huntersville-NC/Retail-Cashier_202504138/apply/useMyLastApplication,200
20250907153446,https://dickssportinggoods.wd1.myworkdayjobs.com/en-US/DSG/job/Store0215-Huntersville-NC/Retail-Sales-Golf-Lead_202515026,200
20250909073359,https://dickssportinggoods.wd1.myworkdayjobs.com/en-US/DSG/job/Store0215-Huntersville-NC/Retail-Sales-Golf-Lead_202515026/apply,200
20250929003629,https://dickssportinggoods.wd1.myworkdayjobs.com/en-US/DSG/job/Store0215-Huntersville-NC/Retail-Sales-Golf-Lead_202516635,200
20250929003642,https://dickssportinggoods.wd1.myworkdayjobs.com/en-US/DSG/job/Store0215-Huntersville-NC/Retail-Sales-Golf-Lead_202516635/apply,200
20250929071023,https://dickssportinggoods.wd1.myworkdayjobs.com/en-US/DSG/job/Store0215-Huntersville-NC/Retail-Sales-Lead-Apparel_202516637,200
20250928194505,https://dickssportinggoods.wd1.myworkdayjobs.com/en-US/DSG/job/Store0215-Huntersville-NC/Retail-Sales-Lead-Footwear_202516633,200
20250928194516,https://dickssportinggoods.wd1.myworkdayjobs.com/en-US/DSG/job/Store0215-Huntersville-NC/Retail-Sales-Lead-Footwear_202516633/apply,200
20250907152521,https://dickssportinggoods.wd1.myworkdayjobs.com/en-US/DSG/job/Store0216-Mooresville-NC/Retail-Footwear_202514988,200
20250912034124,https://dickssportinggoods.wd1.myworkdayjobs.com/en-US/DSG/job/Store0216-Mooresville-NC/Retail-Footwear_202514988/apply,200
20250814212344,https://dickssportinggoods.wd1.myworkdayjobs.com/en-US/DSG/job/Store0219-Canton-CT/retail-operations_202513435,200
20250816144717,https://dickssportinggoods.wd1.myworkdayjobs.com/en-US/DSG/job/Store0219-Canton-CT/retail-operations_202513435/apply,200
20250813221121,https://dickssportinggoods.wd1.myworkdayjobs.com/en-US/DSG/job/Store0219-Canton-CT/Retail-Sales-Assocaite_202513538,200
20250814075154,https://dickssportinggoods.wd1.myworkdayjobs.com/en-US/DSG/job/Store0219-Canton-CT/Retail-Sales-Assocaite_202513538/apply,200
20250730121044,https://dickssportinggoods.wd1.myworkdayjobs.com/en-US/DSG/job/Store0220-Greenville-SC/Assistant-Store-Manager-Softlines_202512026,200
20250730121056,https://dickssportinggoods.wd1.myworkdayjobs.com/en-US/DSG/job/Store0220-Greenville-SC/Assistant-Store-Manager-Softlines_202512026/apply,200
20250928143625,https://dickssportinggoods.wd1.myworkdayjobs.com/en-US/DSG/job/Store0220-Greenville-SC/Retail-Bike-Technician_202516558,200
20250928143637,https://dickssportinggoods.wd1.myworkdayjobs.com/en-US/DSG/job/Store0220-Greenville-SC/Retail-Bike-Technician_202516558/apply,200
20251004234326,https://dickssportinggoods.wd1.myworkdayjobs.com/en-US/DSG/job/Store0221-Charleston-SC/Front-End-Lead_202517030,200
20251004234337,https://dickssportinggoods.wd1.myworkdayjobs.com/en-US/DSG/job/Store0221-Charleston-SC/Front-End-Lead_202517030/apply,200
20251003232144,https://dickssportinggoods.wd1.myworkdayjobs.com/en-US/DSG/job/Store0221-Charleston-SC/Retail-Bike-Technician_202517029-1,200
20251003232213,https://dickssportinggoods.wd1.myworkdayjobs.com/en-US/DSG/job/Store0221-Charleston-SC/Retail-Bike-Technician_202517029-1/apply,200
20250813205153,https://dickssportinggoods.wd1.myworkdayjobs.com/en-US/DSG/job/Store0221-Charleston-SC/retail-footwear-associate_202513396,200
20250817042759,https://dickssportinggoods.wd1.myworkdayjobs.com/en-US/DSG/job/Store0221-Charleston-SC/retail-footwear-associate_202513396/apply,200
20250729193633,https://dickssportinggoods.wd1.myworkdayjobs.com/en-US/DSG/job/Store0221-Charleston-SC/Retail-Freight-Flow-Lead_202512025,200
20250729193644,https://dickssportinggoods.wd1.myworkdayjobs.com/en-US/DSG/job/Store0221-Charleston-SC/Retail-Freight-Flow-Lead_202512025/apply,200
20250814195007,https://dickssportinggoods.wd1.myworkdayjobs.com/en-US/DSG/job/Store0221-Charleston-SC/retail-operations-associate_202513397,200
20250815032126,https://dickssportinggoods.wd1.myworkdayjobs.com/en-US/DSG/job/Store0221-Charleston-SC/retail-operations-associate_202513397/apply,200
20250828175939,https://dickssportinggoods.wd1.myworkdayjobs.com/en-US/DSG/job/Store0224-Pittsfield-MA/Retail-Operations-Associate_202514496,200
20250829090625,https://dickssportinggoods.wd1.myworkdayjobs.com/en-US/DSG/job/Store0224-Pittsfield-MA/Retail-Operations-Associate_202514496/apply,200
20250929111259,https://dickssportinggoods.wd1.myworkdayjobs.com/en-US/DSG/job/Store0225-Lafayette-IN/Retail-Cashier--Part-Time-_202516579,200
20250929111310,https://dickssportinggoods.wd1.myworkdayjobs.com/en-US/DSG/job/Store0225-Lafayette-IN/Retail-Cashier--Part-Time-_202516579/apply,200
20250929030917,https://dickssportinggoods.wd1.myworkdayjobs.com/en-US/DSG/job/Store0225-Lafayette-IN/Retail-Freight-Flow-Lead--Full-Time-_202516708,200
20250929030928,https://dickssportinggoods.wd1.myworkdayjobs.com/en-US/DSG/job/Store0225-Lafayette-IN/Retail-Freight-Flow-Lead--Full-Time-_202516708/apply,200
20250929070053,https://dickssportinggoods.wd1.myworkdayjobs.com/en-US/DSG/job/Store0225-Lafayette-IN/Retail-Freight-Flow-Lead_202516603,200
20250929032744,https://dickssportinggoods.wd1.myworkdayjobs.com/en-US/DSG/job/Store0225-Lafayette-IN/Retail-Omni-Fulfillment-Lead_202516606,200
20250928153029,https://dickssportinggoods.wd1.myworkdayjobs.com/en-US/DSG/job/Store0225-Lafayette-IN/Retail-Sales-Associate-Apparel_202516582,200
20250928153320,https://dickssportinggoods.wd1.myworkdayjobs.com/en-US/DSG/job/Store0225-Lafayette-IN/Retail-Sales-Associate-Apparel_202516582/apply,200
20250828191413,https://dickssportinggoods.wd1.myworkdayjobs.com/en-US/DSG/job/Store0225-Lafayette-IN/Retail-Sales-Associate-Footwear--Part-Time-_202514444,200
20250905084735,https://dickssportinggoods.wd1.myworkdayjobs.com/en-US/DSG/job/Store0225-Lafayette-IN/Retail-Sales-Associate-Footwear--Part-Time-_202514444/apply,200
20250908050824,https://dickssportinggoods.wd1.myworkdayjobs.com/en-US/DSG/job/Store0225-Lafayette-IN/Retail-Sales-Associate-Operations--Part-Time--Overnight-_202515034-1,200
20250911234502,https://dickssportinggoods.wd1.myworkdayjobs.com/en-US/DSG/job/Store0225-Lafayette-IN/Retail-Sales-Associate-Operations--Part-Time--Overnight-_202515034-1/apply,200
20250929111457,https://dickssportinggoods.wd1.myworkdayjobs.com/en-US/DSG/job/Store0225-Lafayette-IN/Retail-Sales-Lead-Omni--Full-Time-_202516583,200
20250929111508,https://dickssportinggoods.wd1.myworkdayjobs.com/en-US/DSG/job/Store0225-Lafayette-IN/Retail-Sales-Lead-Omni--Full-Time-_202516583/apply,200
20250929111310,https://dickssportinggoods.wd1.myworkdayjobs.com/en-US/DSG/job/Store0225-Lafayette-IN/Seasonal-Retail-Sales-Associate_202515815-1,200
20250801010951,https://dickssportinggoods.wd1.myworkdayjobs.com/en-US/DSG/job/Store0230-Easton-PA/Retail-Customer-Service-Specialist_202512464,200
20250801011003,https://dickssportinggoods.wd1.myworkdayjobs.com/en-US/DSG/job/Store0230-Easton-PA/Retail-Customer-Service-Specialist_202512464/apply,200
20250729224453,https://dickssportinggoods.wd1.myworkdayjobs.com/en-US/DSG/job/Store0232-Toledo-OH/Retail-Sales-associate_202509635-1,200
20250730052317,https://dickssportinggoods.wd1.myworkdayjobs.com/en-US/DSG/job/Store0238-Saugus-MA/Retail-Cashier_202511980,200
20250730052417,https://dickssportinggoods.wd1.myworkdayjobs.com/en-US/DSG/job/Store0238-Saugus-MA/Retail-Cashier_202511980/apply,200
20250828012415,https://dickssportinggoods.wd1.myworkdayjobs.com/en-US/DSG/job/Store0238-Saugus-MA/Retail-Sales-Associate-Team-Sports_202514429,200
20250905034901,https://dickssportinggoods.wd1.myworkdayjobs.com/en-US/DSG/job/Store0238-Saugus-MA/Retail-Sales-Associate-Team-Sports_202514429/apply,200
20250928122252,https://dickssportinggoods.wd1.myworkdayjobs.com/en-US/DSG/job/Store0238-Saugus-MA/XMLNAME-10110---Retail-Sales-Associate-Apparel_202516709-1,200
20250928224506,https://dickssportinggoods.wd1.myworkdayjobs.com/en-US/DSG/job/Store0238-Saugus-MA/XMLNAME-10114---Retail-Sales-Associate-Lodge_202516710,200
20250929062737,https://dickssportinggoods.wd1.myworkdayjobs.com/en-US/DSG/job/Store0238-Saugus-MA/XMLNAME-10115---Retail-Sales-Associate-Team-Sports_202516711,200
20250908082916,https://dickssportinggoods.wd1.myworkdayjobs.com/en-US/DSG/job/Store0243-Morgantown-WV/Retail-Sales-Apparel-Lead_202514953,200
20250908213332,https://dickssportinggoods.wd1.myworkdayjobs.com/en-US/DSG/job/Store0243-Morgantown-WV/Retail-Sales-Apparel-Lead_202514953/apply,200
20250813212214,https://dickssportinggoods.wd1.myworkdayjobs.com/en-US/DSG/job/Store0243-Morgantown-WV/Retail-Sales-Lead-Team-Sports_202513405,200
20250813215746,https://dickssportinggoods.wd1.myworkdayjobs.com/en-US/DSG/job/Store0243-Morgantown-WV/Retail-Sales-Lead-Team-Sports_202513405/apply,200
20250829012728,https://dickssportinggoods.wd1.myworkdayjobs.com/en-US/DSG/job/Store0247-Newport-News-VA/Retail-Operations-Associate_202514457,200
20250901022147,https://dickssportinggoods.wd1.myworkdayjobs.com/en-US/DSG/job/Store0247-Newport-News-VA/Retail-Operations-Associate_202514457/apply,200
20251004170714,https://dickssportinggoods.wd1.myworkdayjobs.com/en-US/DSG/job/Store0247-Newport-News-VA/Retail-Sales-Associate-Golf_202516988,200
20251004170728,https://dickssportinggoods.wd1.myworkdayjobs.com/en-US/DSG/job/Store0247-Newport-News-VA/Retail-Sales-Associate-Golf_202516988/apply,200
20250814054341,https://dickssportinggoods.wd1.myworkdayjobs.com/en-US/DSG/job/Store0252-Westmoreland-PA/Retail-Sales-Golf-Lead_202513402-1,200
20250814094603,https://dickssportinggoods.wd1.myworkdayjobs.com/en-US/DSG/job/Store0252-Westmoreland-PA/Retail-Sales-Golf-Lead_202513402-1/apply,200
20250729170131,https://dickssportinggoods.wd1.myworkdayjobs.com/en-US/DSG/job/Store0254-Denver-CO/Retail-Operations-Associate_202502162,200
20250729170103,https://dickssportinggoods.wd1.myworkdayjobs.com/en-US/DSG/job/Store0254-Denver-CO/Retail-Operations-Associate_202512008-1,200
20250729170132,https://dickssportinggoods.wd1.myworkdayjobs.com/en-US/DSG/job/Store0254-Denver-CO/Retail-Operations-Associate_202512008-1/apply,200
20250907165402,https://dickssportinggoods.wd1.myworkdayjobs.com/en-US/DSG/job/Store0255-Natick-MA/Retail-Operations-Associate_202515032,200
20250908115544,https://dickssportinggoods.wd1.myworkdayjobs.com/en-US/DSG/job/Store0255-Natick-MA/Retail-Operations-Associate_202515032/apply,200
20250813220909,https://dickssportinggoods.wd1.myworkdayjobs.com/en-US/DSG/job/Store0255-Natick-MA/Retail-Sales-Associate-Golf-Part-Time_202513295,200
20250817085825,https://dickssportinggoods.wd1.myworkdayjobs.com/en-US/DSG/job/Store0255-Natick-MA/Retail-Sales-Associate-Golf-Part-Time_202513295/apply,200
20250814012830,https://dickssportinggoods.wd1.myworkdayjobs.com/en-US/DSG/job/Store0255-Natick-MA/Retail-Sales-Associate-Team-Sports---Part-Time_202513294-1,200
20250814144703,https://dickssportinggoods.wd1.myworkdayjobs.com/en-US/DSG/job/Store0255-Natick-MA/Retail-Sales-Associate-Team-Sports---Part-Time_202513294-1/apply,200
20250829184402,https://dickssportinggoods.wd1.myworkdayjobs.com/en-US/DSG/job/Store0255-Natick-MA/Retail-Sales-Associate_202514490,200
20250903042339,https://dickssportinggoods.wd1.myworkdayjobs.com/en-US/DSG/job/Store0255-Natick-MA/Retail-Sales-Associate_202514490/apply,200
20250908094053,https://dickssportinggoods.wd1.myworkdayjobs.com/en-US/DSG/job/Store0258-Loveland-CO/footwear-associate_202514987,200
20250909225436,https://dickssportinggoods.wd1.myworkdayjobs.com/en-US/DSG/job/Store0258-Loveland-CO/footwear-associate_202514987/apply,200
20250907204211,https://dickssportinggoods.wd1.myworkdayjobs.com/en-US/DSG/job/Store0258-Loveland-CO/Retail-Sales-Associate-Apparel_202514937,200
20250909010803,https://dickssportinggoods.wd1.myworkdayjobs.com/en-US/DSG/job/Store0258-Loveland-CO/Retail-Sales-Associate-Apparel_202514937/apply,200
20250908112736,https://dickssportinggoods.wd1.myworkdayjobs.com/en-US/DSG/job/Store0271-Concord-NH/XMLNAME-10115---Retail-Sales-Associate-Team-Sports_202514923,200
20250914234736,https://dickssportinggoods.wd1.myworkdayjobs.com/en-US/DSG/job/Store0271-Concord-NH/XMLNAME-10115---Retail-Sales-Associate-Team-Sports_202514923/apply,200
20250829094259,https://dickssportinggoods.wd1.myworkdayjobs.com/en-US/DSG/job/Store0273-Cedar-Rapids-IA/Retail-Cashier_202514540,200
20250831223831,https://dickssportinggoods.wd1.myworkdayjobs.com/en-US/DSG/job/Store0273-Cedar-Rapids-IA/Retail-Cashier_202514540/apply,200
20250730035203,https://dickssportinggoods.wd1.myworkdayjobs.com/en-US/DSG/job/Store0276-McDonough-GA/Retail-Cashier_202511935,200
20250730035216,https://dickssportinggoods.wd1.myworkdayjobs.com/en-US/DSG/job/Store0276-McDonough-GA/Retail-Cashier_202511935/apply,200
20250907183931,https://dickssportinggoods.wd1.myworkdayjobs.com/en-US/DSG/job/Store0280-Clarksville-IN/XMLNAME-10161-retail-cashier_202502372,200
20250909161438,https://dickssportinggoods.wd1.myworkdayjobs.com/en-US/DSG/job/Store0280-Clarksville-IN/XMLNAME-10161-retail-cashier_202502372/apply,200
20250813205614,https://dickssportinggoods.wd1.myworkdayjobs.com/en-US/DSG/job/Store0282-Milford-CT/Retail-Bike-Technician_202513458,200
20250816061948,https://dickssportinggoods.wd1.myworkdayjobs.com/en-US/DSG/job/Store0282-Milford-CT/Retail-Bike-Technician_202513458/apply,302
20250929033133,https://dickssportinggoods.wd1.myworkdayjobs.com/en-US/DSG/job/Store0282-Milford-CT/Retail-Sales-Leader-Front-End_202516618,200
20250814205420,https://dickssportinggoods.wd1.myworkdayjobs.com/en-US/DSG/job/Store0283-Dulles-VA/Retail-Sales-Associate-Golf_202513296,200
20250817000902,https://dickssportinggoods.wd1.myworkdayjobs.com/en-US/DSG/job/Store0283-Dulles-VA/Retail-Sales-Associate-Golf_202513296/apply,200
20250814050729,https://dickssportinggoods.wd1.myworkdayjobs.com/en-US/DSG/job/Store0299-Maple-Grove-MN/Retail-Omni-Fulfillment-Associate_202513484,200
20250815011005,https://dickssportinggoods.wd1.myworkdayjobs.com/en-US/DSG/job/Store0299-Maple-Grove-MN/Retail-Omni-Fulfillment-Associate_202513484/apply,200
20250814044301,https://dickssportinggoods.wd1.myworkdayjobs.com/en-US/DSG/job/Store0299-Maple-Grove-MN/Retail-Sales-Assoicate-Golf_202513482,200
20250816065638,https://dickssportinggoods.wd1.myworkdayjobs.com/en-US/DSG/job/Store0299-Maple-Grove-MN/Retail-Sales-Assoicate-Golf_202513482/apply,302
20250928170150,https://dickssportinggoods.wd1.myworkdayjobs.com/en-US/DSG/job/Store0301-Canton-GA/Retail-Customer-Service-Specialist_202516612,200
20250928170201,https://dickssportinggoods.wd1.myworkdayjobs.com/en-US/DSG/job/Store0301-Canton-GA/Retail-Customer-Service-Specialist_202516612/apply,200
20250921042206,https://dickssportinggoods.wd1.myworkdayjobs.com/en-US/DSG/job/Store0306-Grand-Rapids-MI/Retail-Cashier_202515583,200
20250921042235,https://dickssportinggoods.wd1.myworkdayjobs.com/en-US/DSG/job/Store0306-Grand-Rapids-MI/Retail-Cashier_202515583/apply,200
20250921042234,https://dickssportinggoods.wd1.myworkdayjobs.com/en-US/DSG/job/Store0306-Grand-Rapids-MI/Seasonal-Retail-Sales-Associate_202515865-1,200
20250731214918,https://dickssportinggoods.wd1.myworkdayjobs.com/en-US/DSG/job/Store0309-Jacksonville-NC/Retail-Cashier_202512522,200
20250731214929,https://dickssportinggoods.wd1.myworkdayjobs.com/en-US/DSG/job/Store0309-Jacksonville-NC/Retail-Cashier_202512522/apply,200
20250801192009,https://dickssportinggoods.wd1.myworkdayjobs.com/en-US/DSG/job/Store0311-Deer-Park-IL/retail-sales-lead-apparel_202512459-1,200
20250801192020,https://dickssportinggoods.wd1.myworkdayjobs.com/en-US/DSG/job/Store0311-Deer-Park-IL/retail-sales-lead-apparel_202512459-1/apply,200
20250730114755,https://dickssportinggoods.wd1.myworkdayjobs.com/en-US/DSG/job/Store0313-Tinley-Park-IL/Retail-Sales-Lead-Golf_202511916,200
20250801024809,https://dickssportinggoods.wd1.myworkdayjobs.com/en-US/DSG/job/Store0315-Longmont-CO/Retail-Sales-Associate-Apparel_202512618,200
20250801024820,https://dickssportinggoods.wd1.myworkdayjobs.com/en-US/DSG/job/Store0315-Longmont-CO/Retail-Sales-Associate-Apparel_202512618/apply,200
20250731215926,https://dickssportinggoods.wd1.myworkdayjobs.com/en-US/DSG/job/Store0315-Longmont-CO/Retail-Sales-Associate-Footwear_202512513,200
20250731215937,https://dickssportinggoods.wd1.myworkdayjobs.com/en-US/DSG/job/Store0315-Longmont-CO/Retail-Sales-Associate-Footwear_202512513/apply,200
20250801010644,https://dickssportinggoods.wd1.myworkdayjobs.com/en-US/DSG/job/Store0315-Longmont-CO/Retail-Sales-Associate-Team-Sports_202512515,200
20250801010656,https://dickssportinggoods.wd1.myworkdayjobs.com/en-US/DSG/job/Store0315-Longmont-CO/Retail-Sales-Associate-Team-Sports_202512515/apply,200
20250907155820,https://dickssportinggoods.wd1.myworkdayjobs.com/en-US/DSG/job/Store0323-Florence-SC/Retail-Customer-Service-Specialist_202514895,200
20250910121033,https://dickssportinggoods.wd1.myworkdayjobs.com/en-US/DSG/job/Store0323-Florence-SC/Retail-Customer-Service-Specialist_202514895/apply,200
20250909213505,https://dickssportinggoods.wd1.myworkdayjobs.com/en-US/DSG/job/Store0323-Florence-SC/Retail-Omni-Fulfillment-Lead_202513932,200
20250908125936,https://dickssportinggoods.wd1.myworkdayjobs.com/en-US/DSG/job/Store0323-Florence-SC/Retail-Omni-Fulfillment-Lead_202514790,200
20250908050027,https://dickssportinggoods.wd1.myworkdayjobs.com/en-US/DSG/job/Store0323-Florence-SC/Retail-Omni-Lead_202514894,200
20250916232012,https://dickssportinggoods.wd1.myworkdayjobs.com/en-US/DSG/job/Store0323-Florence-SC/Retail-Omni-Lead_202514894/apply,200
20250801163550,https://dickssportinggoods.wd1.myworkdayjobs.com/en-US/DSG/job/Store0323-Florence-SC/Retail-Sales-Associate---Footwear_202506102,200
20250801163500,https://dickssportinggoods.wd1.myworkdayjobs.com/en-US/DSG/job/Store0323-Florence-SC/Retail-Sales-Associate---Footwear_202511927,200
20250801163549,https://dickssportinggoods.wd1.myworkdayjobs.com/en-US/DSG/job/Store0323-Florence-SC/Retail-Sales-Associate---Footwear_202511927/apply,200
20250801120809,https://dickssportinggoods.wd1.myworkdayjobs.com/en-US/DSG/job/Store0323-Florence-SC/Retail-Sales-Associate-Golf_202509988,200
20250801115757,https://dickssportinggoods.wd1.myworkdayjobs.com/en-US/DSG/job/Store0323-Florence-SC/Retail-Sales-Associate-Golf_202511923,200
20250801120809,https://dickssportinggoods.wd1.myworkdayjobs.com/en-US/DSG/job/Store0323-Florence-SC/Retail-Sales-Associate-Golf_202511923/apply,200
20250908104637,https://dickssportinggoods.wd1.myworkdayjobs.com/en-US/DSG/job/Store0324-Summerville-SC/Retail-Footwear-Operations-Lead_202514952,200
20250920013957,https://dickssportinggoods.wd1.myworkdayjobs.com/en-US/DSG/job/Store0324-Summerville-SC/Retail-Footwear-Operations-Lead_202514952/apply,200
20250908031802,https://dickssportinggoods.wd1.myworkdayjobs.com/en-US/DSG/job/Store0324-Summerville-SC/Retail-Price-and-Signage-Lead_202514955,200
20250917125922,https://dickssportinggoods.wd1.myworkdayjobs.com/en-US/DSG/job/Store0324-Summerville-SC/Retail-Price-and-Signage-Lead_202514955/apply,200
20250814120818,https://dickssportinggoods.wd1.myworkdayjobs.com/en-US/DSG/job/Store0325-Columbus-GA/Retail-Customer-Service-Specialist_202513454,200
20250818211237,https://dickssportinggoods.wd1.myworkdayjobs.com/en-US/DSG/job/Store0325-Columbus-GA/Retail-Customer-Service-Specialist_202513454/apply,200
20250814003606,https://dickssportinggoods.wd1.myworkdayjobs.com/en-US/DSG/job/Store0325-Columbus-GA/Retail-Golf-Club-Tech_202513452,200
20250814195712,https://dickssportinggoods.wd1.myworkdayjobs.com/en-US/DSG/job/Store0325-Columbus-GA/Retail-Golf-Club-Tech_202513452/apply,200
20250814135354,https://dickssportinggoods.wd1.myworkdayjobs.com/en-US/DSG/job/Store0325-Columbus-GA/Retail-Sales-Associate-Apparel_202513450,200
20250815074623,https://dickssportinggoods.wd1.myworkdayjobs.com/en-US/DSG/job/Store0325-Columbus-GA/Retail-Sales-Associate-Apparel_202513450/apply,200
20250813191729,https://dickssportinggoods.wd1.myworkdayjobs.com/en-US/DSG/job/Store0332-Chesterfield-MO/Retail-Sales-Associate-Apparel_202513293-1,200
20250815001415,https://dickssportinggoods.wd1.myworkdayjobs.com/en-US/DSG/job/Store0332-Chesterfield-MO/Retail-Sales-Associate-Apparel_202513293-1/apply,200
20250920132955,https://dickssportinggoods.wd1.myworkdayjobs.com/en-US/DSG/job/Store0335-Flower-Mound-TX/XMLNAME-10112---Retail-Sales-Associate-Footwear_202515586,200
20250920143858,https://dickssportinggoods.wd1.myworkdayjobs.com/en-US/DSG/job/Store0335-Flower-Mound-TX/XMLNAME-10112---Retail-Sales-Associate-Footwear_202515586/apply,200
20250921020642,https://dickssportinggoods.wd1.myworkdayjobs.com/en-US/DSG/job/Store0335-Flower-Mound-TX/XMLNAME-10183--retail-Customer-Service-Specialist_202515589,200
20250921020654,https://dickssportinggoods.wd1.myworkdayjobs.com/en-US/DSG/job/Store0335-Flower-Mound-TX/XMLNAME-10183--retail-Customer-Service-Specialist_202515589/apply,200
20250928101936,https://dickssportinggoods.wd1.myworkdayjobs.com/en-US/DSG/job/Store0342-Portland-OR/Retail-Omni-Fulfillment-Lead_202516696,200
20250928101946,https://dickssportinggoods.wd1.myworkdayjobs.com/en-US/DSG/job/Store0342-Portland-OR/Retail-Omni-Fulfillment-Lead_202516696/apply,200
20250929125040,https://dickssportinggoods.wd1.myworkdayjobs.com/en-US/DSG/job/Store0342-Portland-OR/Retail-Operations-Associate--Part-Time-early-morning-_202516674,200
20250929125309,https://dickssportinggoods.wd1.myworkdayjobs.com/en-US/DSG/job/Store0342-Portland-OR/Retail-Operations-Associate--Part-Time-early-morning-_202516674/apply,200
20250801110826,https://dickssportinggoods.wd1.myworkdayjobs.com/en-US/DSG/job/Store0342-Portland-OR/Retail-Sales-Lead-Apparel_202512604,200
20250928105638,https://dickssportinggoods.wd1.myworkdayjobs.com/en-US/DSG/job/Store0342-Portland-OR/Retail-Sales-Lead-Footwear_202516693,200
20250928105650,https://dickssportinggoods.wd1.myworkdayjobs.com/en-US/DSG/job/Store0342-Portland-OR/Retail-Sales-Lead-Footwear_202516693/apply,200
20251005024754,https://dickssportinggoods.wd1.myworkdayjobs.com/en-US/DSG/job/Store0342-Portland-OR/Retail-Sales-Lead-Lodge_202517024,200
20250908110608,https://dickssportinggoods.wd1.myworkdayjobs.com/en-US/DSG/job/Store0342-Portland-OR/Seasonal-Retail-Sales-Associate--All-Positions-_202515019,200
20250919052229,https://dickssportinggoods.wd1.myworkdayjobs.com/en-US/DSG/job/Store0342-Portland-OR/Seasonal-Retail-Sales-Associate--All-Positions-_202515019/apply,200
20250929014853,https://dickssportinggoods.wd1.myworkdayjobs.com/en-US/DSG/job/Store0348-St-Peters-MO/Golf-Teammate--Part-Time_202513144,200
20250828181447,https://dickssportinggoods.wd1.myworkdayjobs.com/en-US/DSG/job/Store0348-St-Peters-MO/Retail-Apparel-Teammate_202514424,200
20250828124511,https://dickssportinggoods.wd1.myworkdayjobs.com/en-US/DSG/job/Store0348-St-Peters-MO/Retail-Cashier_202514423,200
20250828235346,https://dickssportinggoods.wd1.myworkdayjobs.com/en-US/DSG/job/Store0348-St-Peters-MO/Retail-Cashier_202514423/apply,200
20250731234922,https://dickssportinggoods.wd1.myworkdayjobs.com/en-US/DSG/job/Store0360-Chesterfield-MI/Retail-Customer-Service-Specialist_202512602,200
20250731234933,https://dickssportinggoods.wd1.myworkdayjobs.com/en-US/DSG/job/Store0360-Chesterfield-MI/Retail-Customer-Service-Specialist_202512602/apply,200
20250908042748,https://dickssportinggoods.wd1.myworkdayjobs.com/en-US/DSG/job/Store0360-Chesterfield-MI/Retail-Sales-Associate-Footwear_202515000,200
20250908171456,https://dickssportinggoods.wd1.myworkdayjobs.com/en-US/DSG/job/Store0360-Chesterfield-MI/Retail-Sales-Associate-Footwear_202515000/apply,200
20250829105803,https://dickssportinggoods.wd1.myworkdayjobs.com/en-US/DSG/job/Store0362-Tempe-AZ/Assistant-Store-Manager_202514452,200
20250903045407,https://dickssportinggoods.wd1.myworkdayjobs.com/en-US/DSG/job/Store0362-Tempe-AZ/Assistant-Store-Manager_202514452/apply,200
20250907160848,https://dickssportinggoods.wd1.myworkdayjobs.com/en-US/DSG/job/Store0363-Gilbert-AZ/Retail-Sales-Associate-Footwear_202514932-1,200
20250916081446,https://dickssportinggoods.wd1.myworkdayjobs.com/en-US/DSG/job/Store0363-Gilbert-AZ/Retail-Sales-Associate-Footwear_202514932-1/apply,200
20250814020116,https://dickssportinggoods.wd1.myworkdayjobs.com/en-US/DSG/job/Store0363-Gilbert-AZ/Retail-Sales-Associate-Team-Sports_202513533,200
20250815004239,https://dickssportinggoods.wd1.myworkdayjobs.com/en-US/DSG/job/Store0363-Gilbert-AZ/Retail-Sales-Associate-Team-Sports_202513533/apply,200
20250928143353,https://dickssportinggoods.wd1.myworkdayjobs.com/en-US/DSG/job/Store0365-Deer-Valley-AZ/Retail-Sales-Associate-Apparel_202516638-1,200
20250928143403,https://dickssportinggoods.wd1.myworkdayjobs.com/en-US/DSG/job/Store0365-Deer-Valley-AZ/Retail-Sales-Associate-Apparel_202516638-1/apply,200
20250908133809,https://dickssportinggoods.wd1.myworkdayjobs.com/en-US/DSG/job/Store0377-Rockwall-TX/Retail-Sales-Associate-Apparel_202514943,200
20250912132642,https://dickssportinggoods.wd1.myworkdayjobs.com/en-US/DSG/job/Store0377-Rockwall-TX/Retail-Sales-Associate-Apparel_202514943/apply,200
20250907172623,https://dickssportinggoods.wd1.myworkdayjobs.com/en-US/DSG/job/Store0377-Rockwall-TX/Store-Manager_202514992,200
20250907175920,https://dickssportinggoods.wd1.myworkdayjobs.com/en-US/DSG/job/Store0377-Rockwall-TX/Store-Manager_202514992/apply,200
20250928144655,https://dickssportinggoods.wd1.myworkdayjobs.com/en-US/DSG/job/Store0380-Green-Bay-WI/Retail-Sales-Leader-Front-End_202516611,200
20250729122248,https://dickssportinggoods.wd1.myworkdayjobs.com/en-US/DSG/job/Store0397-Burlington-NC/Retail-Cashier_202511921,200
20250729122258,https://dickssportinggoods.wd1.myworkdayjobs.com/en-US/DSG/job/Store0397-Burlington-NC/Retail-Cashier_202511921/apply,200
20250828190358,https://dickssportinggoods.wd1.myworkdayjobs.com/en-US/DSG/job/Store0407-Woodbury-MN/Retail-Omni-Fulfillment-Associate_202514419,200
20250917015505,https://dickssportinggoods.wd1.myworkdayjobs.com/en-US/DSG/job/Store0407-Woodbury-MN/Retail-Omni-Fulfillment-Associate_202514419/apply,200
20250801083842,https://dickssportinggoods.wd1.myworkdayjobs.com/en-US/DSG/job/Store0411-Richfield-MN/Retail-Cashier_202512511,200
20250801083856,https://dickssportinggoods.wd1.myworkdayjobs.com/en-US/DSG/job/Store0411-Richfield-MN/Retail-Cashier_202512511/apply,200
20251003132330,https://dickssportinggoods.wd1.myworkdayjobs.com/en-US/DSG/job/Store0412-Schaumburg-IL/Retail-Cashier_202517015,200
20251004095752,https://dickssportinggoods.wd1.myworkdayjobs.com/en-US/DSG/job/Store0412-Schaumburg-IL/Retail-Sales-Associate-Appparel_202517034,200
20251004100112,https://dickssportinggoods.wd1.myworkdayjobs.com/en-US/DSG/job/Store0412-Schaumburg-IL/Retail-Sales-Associate-Appparel_202517034/apply,200
20250801001022,https://dickssportinggoods.wd1.myworkdayjobs.com/en-US/DSG/job/Store0412-Schaumburg-IL/Retail-Sales-Associate-Golf_202512450,200
20250801001033,https://dickssportinggoods.wd1.myworkdayjobs.com/en-US/DSG/job/Store0412-Schaumburg-IL/Retail-Sales-Associate-Golf_202512450/apply,200
20250814005810,https://dickssportinggoods.wd1.myworkdayjobs.com/en-US/DSG/job/Store0419-Mall-of-Georgia-GA/Retail-Footwear-Operations-Lead_202513522,200
20250814140118,https://dickssportinggoods.wd1.myworkdayjobs.com/en-US/DSG/job/Store0419-Mall-of-Georgia-GA/Retail-Footwear-Operations-Lead_202513522/apply,200
20250813182709,https://dickssportinggoods.wd1.myworkdayjobs.com/en-US/DSG/job/Store0419-Mall-of-Georgia-GA/Retail-Sales-Lead-Apparel_202513521,200
20250816122652,https://dickssportinggoods.wd1.myworkdayjobs.com/en-US/DSG/job/Store0419-Mall-of-Georgia-GA/Retail-Sales-Lead-Apparel_202513521/apply,200
20250829075816,https://dickssportinggoods.wd1.myworkdayjobs.com/en-US/DSG/job/Store0421-Stonebriar-TX/Retail-Sales-Associate-Footwear_202514545,200
20250905130524,https://dickssportinggoods.wd1.myworkdayjobs.com/en-US/DSG/job/Store0421-Stonebriar-TX/Retail-Sales-Associate-Footwear_202514545/apply,200
20250801151446,https://dickssportinggoods.wd1.myworkdayjobs.com/en-US/DSG/job/Store0423-Flatiron-CO/Retail-Bike-Technician_202510742,200
20250801151530,https://dickssportinggoods.wd1.myworkdayjobs.com/en-US/DSG/job/Store0423-Flatiron-CO/Retail-Bike-Technician_202510742/apply,200
20250929065948,https://dickssportinggoods.wd1.myworkdayjobs.com/en-US/DSG/job/Store0425-Oxmoor-KY/Retail-Price-and-Signage-Lead_202516608,200
20250929070000,https://dickssportinggoods.wd1.myworkdayjobs.com/en-US/DSG/job/Store0425-Oxmoor-KY/Retail-Price-and-Signage-Lead_202516608/apply,200
20250929054913,https://dickssportinggoods.wd1.myworkdayjobs.com/en-US/DSG/job/Store0425-Oxmoor-KY/Retail-Sales-Loss-Prevention-Lead_202516594,200
20250929054924,https://dickssportinggoods.wd1.myworkdayjobs.com/en-US/DSG/job/Store0425-Oxmoor-KY/Retail-Sales-Loss-Prevention-Lead_202516594/apply,200
20250928181146,https://dickssportinggoods.wd1.myworkdayjobs.com/en-US/DSG/job/Store0425-Oxmoor-KY/Retail-Sales-Team-Sports-Lead_202516596,200
20250908030524,https://dickssportinggoods.wd1.myworkdayjobs.com/en-US/DSG/job/Store0434-Lyndhurst-OH/XMLNAME-10161-Retail-Cashier_202514879,200
20250910142937,https://dickssportinggoods.wd1.myworkdayjobs.com/en-US/DSG/job/Store0434-Lyndhurst-OH/XMLNAME-10161-Retail-Cashier_202514879/apply,200
20251004133540,https://dickssportinggoods.wd1.myworkdayjobs.com/en-US/DSG/job/Store0435-Danvers-MA/Retail-Sales-Associate-Apparel_202516987,200
20251004133749,https://dickssportinggoods.wd1.myworkdayjobs.com/en-US/DSG/job/Store0435-Danvers-MA/Retail-Sales-Associate-Apparel_202516987/apply,200
20251217034015,https://dickssportinggoods.wd1.myworkdayjobs.com/en-US/DSG/job/Store0436-Park-Meadows-CO/Retail-Cashier_202519396/apply/applyManually?source=Appcast_IndeedO&_ccid=1765942637197bpyksm8ae&ittk=YABW3ELJSI,200
20250928214313,https://dickssportinggoods.wd1.myworkdayjobs.com/en-US/DSG/job/Store0436-Park-Meadows-CO/Retail-Operations-Associate_202516607,200
20250928214324,https://dickssportinggoods.wd1.myworkdayjobs.com/en-US/DSG/job/Store0436-Park-Meadows-CO/Retail-Operations-Associate_202516607/apply,200
20260121010213,https://dickssportinggoods.wd1.myworkdayjobs.com/en-US/DSG/job/Store0436-Park-Meadows-CO/Retail-Sales-Associate-Team-Sports_202600937/apply/applyManually?source=Appcast_IndeedO&_ccid=1765942637197bpyksm8ae&ittk=D0QAELYFPF,200
20250814013958,https://dickssportinggoods.wd1.myworkdayjobs.com/en-US/DSG/job/Store0437-Niles-IL/Retail-Sales-Associate-Bikes---Fitness_202513432,200
20250814202752,https://dickssportinggoods.wd1.myworkdayjobs.com/en-US/DSG/job/Store0437-Niles-IL/Retail-Sales-Associate-Bikes---Fitness_202513432/apply,200
20250814122708,https://dickssportinggoods.wd1.myworkdayjobs.com/en-US/DSG/job/Store0437-Niles-IL/Retail-Sales-Associate-Footwear_202513430,200
20250814190935,https://dickssportinggoods.wd1.myworkdayjobs.com/en-US/DSG/job/Store0437-Niles-IL/Retail-Sales-Associate-Footwear_202513430/apply,200
20250829233212,https://dickssportinggoods.wd1.myworkdayjobs.com/en-US/DSG/job/Store0437-Niles-IL/Retail-Sales-Lead-Footwear_202514381,200
20250901213404,https://dickssportinggoods.wd1.myworkdayjobs.com/en-US/DSG/job/Store0437-Niles-IL/Retail-Sales-Lead-Footwear_202514381/apply,200
20250814142200,https://dickssportinggoods.wd1.myworkdayjobs.com/en-US/DSG/job/Store0438-Okemos-MI/Retail-Sales-Associate-Golf_202513427,200
20250818171519,https://dickssportinggoods.wd1.myworkdayjobs.com/en-US/DSG/job/Store0438-Okemos-MI/Retail-Sales-Associate-Golf_202513427/apply,200
20250814011830,https://dickssportinggoods.wd1.myworkdayjobs.com/en-US/DSG/job/Store0438-Okemos-MI/Retail-Sales-Leader---Front-End_202513433,200
20250814185452,https://dickssportinggoods.wd1.myworkdayjobs.com/en-US/DSG/job/Store0438-Okemos-MI/Retail-Sales-Leader---Front-End_202513433/apply,200
20251004040007,https://dickssportinggoods.wd1.myworkdayjobs.com/en-US/DSG/job/Store0440-Henderson-NV/Retail-Loss-Prevention-Lead---Key-Holder_202517026,200
20251004041029,https://dickssportinggoods.wd1.myworkdayjobs.com/en-US/DSG/job/Store0440-Henderson-NV/Retail-Loss-Prevention-Lead---Key-Holder_202517026/apply,200
20250814143234,https://dickssportinggoods.wd1.myworkdayjobs.com/en-US/DSG/job/Store0451-Hoover-AL/Retail-Omni-Fulfillment-Associate_202513451,200
20250816165911,https://dickssportinggoods.wd1.myworkdayjobs.com/en-US/DSG/job/Store0451-Hoover-AL/Retail-Omni-Fulfillment-Associate_202513451/apply,200
20250814174139,https://dickssportinggoods.wd1.myworkdayjobs.com/en-US/DSG/job/Store0451-Hoover-AL/Retail-Sales-Associate-Apparel_202513453,200
20250821080949,https://dickssportinggoods.wd1.myworkdayjobs.com/en-US/DSG/job/Store0451-Hoover-AL/Retail-Sales-Associate-Apparel_202513453/apply,200
20250907220222,https://dickssportinggoods.wd1.myworkdayjobs.com/en-US/DSG/job/Store0451-Hoover-AL/Retail-Sales-Associate-Golf_202514964,200
20250801071932,https://dickssportinggoods.wd1.myworkdayjobs.com/en-US/DSG/job/Store0464-Roosevelt-Field-NY/Retail-Sales-Associate-Apparel_202512480,200
20250801071943,https://dickssportinggoods.wd1.myworkdayjobs.com/en-US/DSG/job/Store0464-Roosevelt-Field-NY/Retail-Sales-Associate-Apparel_202512480/apply,200
20250801075216,https://dickssportinggoods.wd1.myworkdayjobs.com/en-US/DSG/job/Store0464-Roosevelt-Field-NY/Seasonal-Retail-Sales-Cashier_202512594,200
20250801075228,https://dickssportinggoods.wd1.myworkdayjobs.com/en-US/DSG/job/Store0464-Roosevelt-Field-NY/Seasonal-Retail-Sales-Cashier_202512594/apply,200
20250828145409,https://dickssportinggoods.wd1.myworkdayjobs.com/en-US/DSG/job/Store0464-Roosevelt-Field-NY/Seasonal-Retail-Sales-Footwear-Associate_202514436,200
20250901205322,https://dickssportinggoods.wd1.myworkdayjobs.com/en-US/DSG/job/Store0464-Roosevelt-Field-NY/Seasonal-Retail-Sales-Footwear-Associate_202514436/apply,200
20250928141525,https://dickssportinggoods.wd1.myworkdayjobs.com/en-US/DSG/job/Store0471-Charlotte-NC/Retail-Sales-Associate-Apparel_202516699-1,200
20250928141536,https://dickssportinggoods.wd1.myworkdayjobs.com/en-US/DSG/job/Store0471-Charlotte-NC/Retail-Sales-Associate-Apparel_202516699-1/apply,200
20250730050806,https://dickssportinggoods.wd1.myworkdayjobs.com/en-US/DSG/job/Store0476-Algonquin-IL/Retail-Sales-Associate-Apparel_202512036,200
20250730050817,https://dickssportinggoods.wd1.myworkdayjobs.com/en-US/DSG/job/Store0476-Algonquin-IL/Retail-Sales-Associate-Apparel_202512036/apply,200
20250730061223,https://dickssportinggoods.wd1.myworkdayjobs.com/en-US/DSG/job/Store0476-Algonquin-IL/Retail-Sales-Associate-Footwear_202512034,200
20250730061234,https://dickssportinggoods.wd1.myworkdayjobs.com/en-US/DSG/job/Store0476-Algonquin-IL/Retail-Sales-Associate-Footwear_202512034/apply,200
20250729152916,https://dickssportinggoods.wd1.myworkdayjobs.com/en-US/DSG/job/Store0476-Algonquin-IL/Retail-Sales-Associate-Team-Sports_202512038,200
20250729152936,https://dickssportinggoods.wd1.myworkdayjobs.com/en-US/DSG/job/Store0476-Algonquin-IL/Retail-Sales-Associate-Team-Sports_202512038/apply,200
20250920004044,https://dickssportinggoods.wd1.myworkdayjobs.com/en-US/DSG/job/Store0614-Frederick-MD/Retail-Sales-Lead-Footwear_202515585,200
20250920013024,https://dickssportinggoods.wd1.myworkdayjobs.com/en-US/DSG/job/Store0614-Frederick-MD/Retail-Sales-Lead-Footwear_202515585/apply,200
20250814063140,https://dickssportinggoods.wd1.myworkdayjobs.com/en-US/DSG/job/Store0616-Nashua-NH/Assistant-Store-Manager-Specialty_202513550-1,200
20250815213933,https://dickssportinggoods.wd1.myworkdayjobs.com/en-US/DSG/job/Store0616-Nashua-NH/Assistant-Store-Manager-Specialty_202513550-1/apply,200
20250907190112,https://dickssportinggoods.wd1.myworkdayjobs.com/en-US/DSG/job/Store0616-Nashua-NH/Retail-Sales-Leader--Front-End_202514917,200
20250910200755,https://dickssportinggoods.wd1.myworkdayjobs.com/en-US/DSG/job/Store0616-Nashua-NH/Retail-Sales-Leader--Front-End_202514917/apply,200
20251005063420,https://dickssportinggoods.wd1.myworkdayjobs.com/en-US/DSG/job/Store0616-Nashua-NH/Seasonal-Sales-Associate-Golf_202516986,200
20251005063840,https://dickssportinggoods.wd1.myworkdayjobs.com/en-US/DSG/job/Store0616-Nashua-NH/Seasonal-Sales-Associate-Golf_202516986/apply,200
20250311055909,https://dickssportinggoods.wd1.myworkdayjobs.com/en-US/DSG/job/Store0623-Clovis-CA/Customer-Service-Specialist_202504087/apply/useMyLastApplication?source=Appcast_IndeedO&_ccid=17416725881194rjanuth9&ittk=H9KQNZXZNI,303
20250929090843,https://dickssportinggoods.wd1.myworkdayjobs.com/en-US/DSG/job/Store0631-Waterford-Lakes-FL/Retail-Sales-Associate-Footwear_202516559,200
20250929090901,https://dickssportinggoods.wd1.myworkdayjobs.com/en-US/DSG/job/Store0631-Waterford-Lakes-FL/Retail-Sales-Associate-Footwear_202516559/apply,200
20250920053655,https://dickssportinggoods.wd1.myworkdayjobs.com/en-US/DSG/job/Store0635-Liberty-MO/Retail-Sales-Associate-Cashier_202515587,200
20250920192051,https://dickssportinggoods.wd1.myworkdayjobs.com/en-US/DSG/job/Store0635-Liberty-MO/Retail-Sales-Associate-Cashier_202515587/apply,200
20250920103719,https://dickssportinggoods.wd1.myworkdayjobs.com/en-US/DSG/job/Store0635-Liberty-MO/Seasonal-Retail-Sales-Associate_202515975-1,200
20251005055125,https://dickssportinggoods.wd1.myworkdayjobs.com/en-US/DSG/job/Store0636-Pocatello-ID/Assistant-Store-Manager_202516916,200
20251005055539,https://dickssportinggoods.wd1.myworkdayjobs.com/en-US/DSG/job/Store0636-Pocatello-ID/Assistant-Store-Manager_202516916/apply,200
20251004132849,https://dickssportinggoods.wd1.myworkdayjobs.com/en-US/DSG/job/Store0636-Pocatello-ID/Store-Manager_202516915,200
20251004132923,https://dickssportinggoods.wd1.myworkdayjobs.com/en-US/DSG/job/Store0636-Pocatello-ID/Store-Manager_202516915/apply,200
20250828202536,https://dickssportinggoods.wd1.myworkdayjobs.com/en-US/DSG/job/Store0639-Lexington-Park-MD/Retail-Sales-Associate-Apparel_202514445,200
20250905162614,https://dickssportinggoods.wd1.myworkdayjobs.com/en-US/DSG/job/Store0639-Lexington-Park-MD/Retail-Sales-Associate-Apparel_202514445/apply,200
20250907235940,https://dickssportinggoods.wd1.myworkdayjobs.com/en-US/DSG/job/Store0643-Naperville-IL/Retail-Sales-Associate---Golf_202514527,200
20250918032430,https://dickssportinggoods.wd1.myworkdayjobs.com/en-US/DSG/job/Store0643-Naperville-IL/Retail-Sales-Associate---Golf_202514527/apply,200
20250731231405,https://dickssportinggoods.wd1.myworkdayjobs.com/en-US/DSG/job/Store0643-Naperville-IL/Retail-Sales-associate-Apparel_202512472,200
20250731231416,https://dickssportinggoods.wd1.myworkdayjobs.com/en-US/DSG/job/Store0643-Naperville-IL/Retail-Sales-associate-Apparel_202512472/apply,200
20250814070230,https://dickssportinggoods.wd1.myworkdayjobs.com/en-US/DSG/job/Store0662-Hot-Springs-AR/Retail-Cashier_202513546,200
20250814172623,https://dickssportinggoods.wd1.myworkdayjobs.com/en-US/DSG/job/Store0662-Hot-Springs-AR/Retail-Cashier_202513546/apply,200
20250801140238,https://dickssportinggoods.wd1.myworkdayjobs.com/en-US/DSG/job/Store0662-Hot-Springs-AR/Retail-Sales-Golf-Lead_202512591,200
20250801140339,https://dickssportinggoods.wd1.myworkdayjobs.com/en-US/DSG/job/Store0662-Hot-Springs-AR/Retail-Sales-Golf-Lead_202512591/apply,200
20250929093312,https://dickssportinggoods.wd1.myworkdayjobs.com/en-US/DSG/job/Store0667-Albany-NY/Retail-Sales-Associate-Golf_202516575,200
20250929093323,https://dickssportinggoods.wd1.myworkdayjobs.com/en-US/DSG/job/Store0667-Albany-NY/Retail-Sales-Associate-Golf_202516575/apply,200
20250928190009,https://dickssportinggoods.wd1.myworkdayjobs.com/en-US/DSG/job/Store0667-Albany-NY/Retail-Sales-Associate-Team-sports_202516577-1,200
20250928190020,https://dickssportinggoods.wd1.myworkdayjobs.com/en-US/DSG/job/Store0667-Albany-NY/Retail-Sales-Associate-Team-sports_202516577-1/apply,200
20250801093725,https://dickssportinggoods.wd1.myworkdayjobs.com/en-US/DSG/job/Store0669-Pembroke-Pines-FL/Retail-Operations-Associate_202512479,200
20250801093743,https://dickssportinggoods.wd1.myworkdayjobs.com/en-US/DSG/job/Store0669-Pembroke-Pines-FL/Retail-Operations-Associate_202512479/apply,200
20250709132858,https://dickssportinggoods.wd1.myworkdayjobs.com/en-US/DSG/job/Store0669-Pembroke-Pines-FL/Retail-Sales-Associate-Team-Sports_202510890,200
20250709132948,https://dickssportinggoods.wd1.myworkdayjobs.com/en-US/DSG/job/Store0669-Pembroke-Pines-FL/Retail-Sales-Associate-Team-Sports_202510890/apply,200
20250814060636,https://dickssportinggoods.wd1.myworkdayjobs.com/en-US/DSG/job/Store0669-Pembroke-Pines-FL/Retail-Sales-Footwear-Associate_202513423,200
20250908010616,https://dickssportinggoods.wd1.myworkdayjobs.com/en-US/DSG/job/Store0670-Hillsboro-OR/Evening---Weekend-Apparel-Teammate_202514940,200
20250919015021,https://dickssportinggoods.wd1.myworkdayjobs.com/en-US/DSG/job/Store0670-Hillsboro-OR/Evening---Weekend-Apparel-Teammate_202514940/apply,200
20250928090813,https://dickssportinggoods.wd1.myworkdayjobs.com/en-US/DSG/job/Store0674-Salem-OR/Retail-Sales-Lead-Footwear_202516563,200
20250928090825,https://dickssportinggoods.wd1.myworkdayjobs.com/en-US/DSG/job/Store0674-Salem-OR/Retail-Sales-Lead-Footwear_202516563/apply,200
20250928155418,https://dickssportinggoods.wd1.myworkdayjobs.com/en-US/DSG/job/Store0674-Salem-OR/Retail-Sales-Leader--Front-End_202516562,200
20250928155429,https://dickssportinggoods.wd1.myworkdayjobs.com/en-US/DSG/job/Store0674-Salem-OR/Retail-Sales-Leader--Front-End_202516562/apply,200
20250920005744,https://dickssportinggoods.wd1.myworkdayjobs.com/en-US/DSG/job/Store0676-Bend-OR/Retail-Sales-Leader---Front-End_202515560-1,200
20250920121953,https://dickssportinggoods.wd1.myworkdayjobs.com/en-US/DSG/job/Store0676-Bend-OR/Retail-Sales-Leader---Front-End_202515560-1/apply,200
20250731222312,https://dickssportinggoods.wd1.myworkdayjobs.com/en-US/DSG/job/Store0682-Daytona-Beach-FL/Retail-Operations-Associate_202512603,200
20250731222700,https://dickssportinggoods.wd1.myworkdayjobs.com/en-US/DSG/job/Store0682-Daytona-Beach-FL/Retail-Operations-Associate_202512603/apply,200
20250828070733,https://dickssportinggoods.wd1.myworkdayjobs.com/en-US/DSG/job/Store0683-Clarksville-TN/Retail-Sales-Associate--Golf_202514443,200
20250911235354,https://dickssportinggoods.wd1.myworkdayjobs.com/en-US/DSG/job/Store0683-Clarksville-TN/Retail-Sales-Associate--Golf_202514443/apply,200
20250828035019,https://dickssportinggoods.wd1.myworkdayjobs.com/en-US/DSG/job/Store0686-Boardman-OH/Retail-Cashier--Part-Time-_202514425,200
20250901064214,https://dickssportinggoods.wd1.myworkdayjobs.com/en-US/DSG/job/Store0686-Boardman-OH/Retail-Cashier--Part-Time-_202514425/apply,200
20250908094318,https://dickssportinggoods.wd1.myworkdayjobs.com/en-US/DSG/job/Store0690-White-Plains-NY/Retail-Freight-Flow-Lead_202514995,200
20250915093140,https://dickssportinggoods.wd1.myworkdayjobs.com/en-US/DSG/job/Store0690-White-Plains-NY/Retail-Freight-Flow-Lead_202514995/apply,200
20250801044307,https://dickssportinggoods.wd1.myworkdayjobs.com/en-US/DSG/job/Store0690-White-Plains-NY/Retail-Price-and-Signage-Lead_202512596-1,200
20250801044322,https://dickssportinggoods.wd1.myworkdayjobs.com/en-US/DSG/job/Store0690-White-Plains-NY/Retail-Price-and-Signage-Lead_202512596-1/apply,200
20250730093921,https://dickssportinggoods.wd1.myworkdayjobs.com/en-US/DSG/job/Store0694-Glen-Burnie-MD/retail-sales-associate-apparel_202511894-1,200
20250730093933,https://dickssportinggoods.wd1.myworkdayjobs.com/en-US/DSG/job/Store0694-Glen-Burnie-MD/retail-sales-associate-apparel_202511894-1/apply,200
20250928163440,https://dickssportinggoods.wd1.myworkdayjobs.com/en-US/DSG/job/Store0695-Dubuque-IA/Retail-Associate---Operations_202513152,200
20250908140847,https://dickssportinggoods.wd1.myworkdayjobs.com/en-US/DSG/job/Store0695-Dubuque-IA/Retail-Sales-Associate---Apparel_202514912,200
20250918043458,https://dickssportinggoods.wd1.myworkdayjobs.com/en-US/DSG/job/Store0695-Dubuque-IA/Retail-Sales-Associate---Apparel_202514912/apply,200
20250928173123,https://dickssportinggoods.wd1.myworkdayjobs.com/en-US/DSG/job/Store0695-Dubuque-IA/Retail-Sales-Lead---Apparel_202516586,200
20250829113603,https://dickssportinggoods.wd1.myworkdayjobs.com/en-US/DSG/job/Store0696-Paducah-KY/Retail-Cashier_202514504,200
20250901045041,https://dickssportinggoods.wd1.myworkdayjobs.com/en-US/DSG/job/Store0696-Paducah-KY/Retail-Cashier_202514504/apply,200
20250828195347,https://dickssportinggoods.wd1.myworkdayjobs.com/en-US/DSG/job/Store0696-Paducah-KY/Retail-Sales-Associate-Apparel_202514505,200
20250829150131,https://dickssportinggoods.wd1.myworkdayjobs.com/en-US/DSG/job/Store0696-Paducah-KY/Retail-Sales-Associate-Apparel_202514505/apply,200
20250920214638,https://dickssportinggoods.wd1.myworkdayjobs.com/en-US/DSG/job/Store0706-SW-Orlando-FL/Retail-Bike-Tech_202515591,200
20250908230426,https://dickssportinggoods.wd1.myworkdayjobs.com/en-US/DSG/job/Store0713-Cedar-Hill-TX/Retail-Cashier---Part-Time_202514921-1,200
20250911043223,https://dickssportinggoods.wd1.myworkdayjobs.com/en-US/DSG/job/Store0713-Cedar-Hill-TX/Retail-Cashier---Part-Time_202514921-1/apply,200
20250917131850,https://dickssportinggoods.wd1.myworkdayjobs.com/en-US/DSG/job/Store0713-Cedar-Hill-TX/RETAIL-SALES-ASSOCIATE_202504202,200
20250814191718,https://dickssportinggoods.wd1.myworkdayjobs.com/en-US/DSG/job/Store0731-Noblesville-IN/Retail-Sales-Associate_202510222,200
20250820011456,https://dickssportinggoods.wd1.myworkdayjobs.com/en-US/DSG/job/Store0731-Noblesville-IN/Retail-Sales-Associate_202510222/apply,200
20250908061341,https://dickssportinggoods.wd1.myworkdayjobs.com/en-US/DSG/job/Store0754-Allen-TX/Retail-Customer-Service-Specialist_202514979,200
20250909202752,https://dickssportinggoods.wd1.myworkdayjobs.com/en-US/DSG/job/Store0754-Allen-TX/Retail-Customer-Service-Specialist_202514979/apply,200
20250907234916,https://dickssportinggoods.wd1.myworkdayjobs.com/en-US/DSG/job/Store0755-Austin-Bee-Cave-TX/Retail-Cashier_202515001,200
20250914103258,https://dickssportinggoods.wd1.myworkdayjobs.com/en-US/DSG/job/Store0755-Austin-Bee-Cave-TX/Retail-Cashier_202515001/apply,200
20251005025456,https://dickssportinggoods.wd1.myworkdayjobs.com/en-US/DSG/job/Store0755-Austin-Bee-Cave-TX/Retail-Cashier_202516993,200
20251005025507,https://dickssportinggoods.wd1.myworkdayjobs.com/en-US/DSG/job/Store0755-Austin-Bee-Cave-TX/Retail-Cashier_202516993/apply,200
20251005025507,https://dickssportinggoods.wd1.myworkdayjobs.com/en-US/DSG/job/Store0755-Austin-Bee-Cave-TX/Seasonal-Retail-Sales-Associate_202516035-1,200
20250907190724,https://dickssportinggoods.wd1.myworkdayjobs.com/en-US/DSG/job/Store0760-Alcoa-TN/Retail-Sales-Lead-Footwear_202514909,200
20250829045040,https://dickssportinggoods.wd1.myworkdayjobs.com/en-US/DSG/job/Store0924-El-Segundo-CA/Retail-Sales-Associate-Bikes---Fitness_202514462,200
20250828202043,https://dickssportinggoods.wd1.myworkdayjobs.com/en-US/DSG/job/Store0924-El-Segundo-CA/Retail-Sales-Associate-Golf_202514459,200
20250829093340,https://dickssportinggoods.wd1.myworkdayjobs.com/en-US/DSG/job/Store0924-El-Segundo-CA/Retail-Sales-Associate-Team-Sports_202514458,200
20250907150154,https://dickssportinggoods.wd1.myworkdayjobs.com/en-US/DSG/job/Store0927-Tustin-CA/XMLNAME-2am-10am-Truck-Teammate_202514714,200
20250907152844,https://dickssportinggoods.wd1.myworkdayjobs.com/en-US/DSG/job/Store0927-Tustin-CA/XMLNAME-2am-10am-Truck-Teammate_202514714/apply,200
20250828152701,https://dickssportinggoods.wd1.myworkdayjobs.com/en-US/DSG/job/Store0932-Pasadena-CA/Seasonal-Retail-Sales-Associate_202514400,200
20250905220714,https://dickssportinggoods.wd1.myworkdayjobs.com/en-US/DSG/job/Store0932-Pasadena-CA/Seasonal-Retail-Sales-Associate_202514400/apply,200
20250814131824,https://dickssportinggoods.wd1.myworkdayjobs.com/en-US/DSG/job/Store1002-Norcross-GA/Retail-Sales-Associate_202513407,200
20250827091147,https://dickssportinggoods.wd1.myworkdayjobs.com/en-US/DSG/job/Store1002-Norcross-GA/Retail-Sales-Associate_202513407/apply,200
20250814053230,https://dickssportinggoods.wd1.myworkdayjobs.com/en-US/DSG/job/Store1007-St-George-UT/Retail-Customer-Service-Specialist_202512374,200
20250828145034,https://dickssportinggoods.wd1.myworkdayjobs.com/en-US/DSG/job/Store1012-Cranberry-PA/Maintenance-Associate_202514539,200
20250830214455,https://dickssportinggoods.wd1.myworkdayjobs.com/en-US/DSG/job/Store1012-Cranberry-PA/Maintenance-Associate_202514539/apply,200
20250928234656,https://dickssportinggoods.wd1.myworkdayjobs.com/en-US/DSG/job/Store1012-Cranberry-PA/Maintenance-Associate_202516623,200
20250928234922,https://dickssportinggoods.wd1.myworkdayjobs.com/en-US/DSG/job/Store1012-Cranberry-PA/Maintenance-Associate_202516623/apply,200
20250928152917,https://dickssportinggoods.wd1.myworkdayjobs.com/en-US/DSG/job/Store1012-Cranberry-PA/Retail-Bike-Technician_202516648,200
20250928133345,https://dickssportinggoods.wd1.myworkdayjobs.com/en-US/DSG/job/Store1012-Cranberry-PA/Retail-Customer-Service-Specialist_202516622-1,200
20250801045240,https://dickssportinggoods.wd1.myworkdayjobs.com/en-US/DSG/job/Store1012-Cranberry-PA/Retail-Sales-Lead-Apparel_202512453,200
20250801045324,https://dickssportinggoods.wd1.myworkdayjobs.com/en-US/DSG/job/Store1012-Cranberry-PA/Retail-Sales-Lead-Apparel_202512453/apply,200
20250908111115,https://dickssportinggoods.wd1.myworkdayjobs.com/en-US/DSG/job/Store1021-Heath-OH/Retail-Bike-Technician_202514900-1,200
20250914091557,https://dickssportinggoods.wd1.myworkdayjobs.com/en-US/DSG/job/Store1021-Heath-OH/Retail-Bike-Technician_202514900-1/apply,200
20250829011223,https://dickssportinggoods.wd1.myworkdayjobs.com/en-US/DSG/job/Store1021-Heath-OH/Retail-Sales-Associate-Apparel_202514437,200
20250831215514,https://dickssportinggoods.wd1.myworkdayjobs.com/en-US/DSG/job/Store1021-Heath-OH/Retail-Sales-Associate-Apparel_202514437/apply,200
20250729182407,https://dickssportinggoods.wd1.myworkdayjobs.com/en-US/DSG/job/Store1027-Hanover-MA/Retail-Cashier_202512040,200
20250729182518,https://dickssportinggoods.wd1.myworkdayjobs.com/en-US/DSG/job/Store1027-Hanover-MA/Retail-Cashier_202512040/apply,200
20250731010611,https://dickssportinggoods.wd1.myworkdayjobs.com/en-US/DSG/job/Store1027-Hanover-MA/Retail-Omni-Fulfillment-Associate_202512044,200
20250731010622,https://dickssportinggoods.wd1.myworkdayjobs.com/en-US/DSG/job/Store1027-Hanover-MA/Retail-Omni-Fulfillment-Associate_202512044/apply,200
20250814051933,https://dickssportinggoods.wd1.myworkdayjobs.com/en-US/DSG/job/Store1027-Hanover-MA/retail-Omni-Fulfillment-associate_202513440,200
20250814195236,https://dickssportinggoods.wd1.myworkdayjobs.com/en-US/DSG/job/Store1027-Hanover-MA/retail-Omni-Fulfillment-associate_202513440/apply,200
20250730174521,https://dickssportinggoods.wd1.myworkdayjobs.com/en-US/DSG/job/Store1027-Hanover-MA/Retail-Sales-Associate-Bikes---Fitness_202512043,200
20250730174638,https://dickssportinggoods.wd1.myworkdayjobs.com/en-US/DSG/job/Store1027-Hanover-MA/Retail-Sales-Associate-Bikes---Fitness_202512043/apply,200
20250730100527,https://dickssportinggoods.wd1.myworkdayjobs.com/en-US/DSG/job/Store1027-Hanover-MA/Retail-Sales-Footwear-Associate_202512041,200
20250731001553,https://dickssportinggoods.wd1.myworkdayjobs.com/en-US/DSG/job/Store1027-Hanover-MA/Retail-Sales-Golf-Associate_202512042,200
20260831190317,https://dickssportinggoods.wd1.myworkdayjobs.com/en-US/DSG/job/Store1028-Harrisonburg-VA/Teammate---Operations_202633488-1/apply/applyManually,200
20260831190311,https://dickssportinggoods.wd1.myworkdayjobs.com/en-US/DSG/job/Store1028-Harrisonburg-VA/Teammate---Operations_202633488-1/apply/applyManually?_ccid=1788202711045ibj7w0vkg,200
20260831190257,https://dickssportinggoods.wd1.myworkdayjobs.com/en-US/DSG/job/Store1028-Harrisonburg-VA/Teammate---Operations_202633488-1/apply/applyManually?source=LinkedIn-JobBoard&_ccid=1788202711045ibj7w0vkg,200
20250908002208,https://dickssportinggoods.wd1.myworkdayjobs.com/en-US/DSG/job/Store1030-Northborough-MA/Team-Sports-Associate_202514941,200
20250908015505,https://dickssportinggoods.wd1.myworkdayjobs.com/en-US/DSG/job/Store1030-Northborough-MA/Team-Sports-Associate_202514941/apply,200
20250929152701,https://dickssportinggoods.wd1.myworkdayjobs.com/en-US/DSG/job/Store1031-Wheaton-MD/Retail-Sales-Apparel-Associate_202513382,200
20250829115729,https://dickssportinggoods.wd1.myworkdayjobs.com/en-US/DSG/job/Store1034-Albuquerque-NM/XMLNAME-10137---Retail-Sales-Leader---Front-End_202514499,200
20250902141715,https://dickssportinggoods.wd1.myworkdayjobs.com/en-US/DSG/job/Store1034-Albuquerque-NM/XMLNAME-10137---Retail-Sales-Leader---Front-End_202514499/apply,200
20250821092716,https://dickssportinggoods.wd1.myworkdayjobs.com/en-US/DSG/job/Store1040-Monroe-LA/Retail-Sales-Lead-Team_202514049-1,200
20250822235918,https://dickssportinggoods.wd1.myworkdayjobs.com/en-US/DSG/job/Store1040-Monroe-LA/Retail-Sales-Lead-Team_202514049-1/apply,200
20250821041927,https://dickssportinggoods.wd1.myworkdayjobs.com/en-US/DSG/job/Store1040-Monroe-LA/Retail-Store-Administrative-Assistant-Key-Holder_202514050,200
20250823004334,https://dickssportinggoods.wd1.myworkdayjobs.com/en-US/DSG/job/Store1040-Monroe-LA/Retail-Store-Administrative-Assistant-Key-Holder_202514050/apply,200
20250729131400,https://dickssportinggoods.wd1.myworkdayjobs.com/en-US/DSG/job/Store1041-N-Jacksonville-FL/Apparel-Associate_202510889,200
20250729131446,https://dickssportinggoods.wd1.myworkdayjobs.com/en-US/DSG/job/Store1041-N-Jacksonville-FL/Apparel-Associate_202510889/apply,200
20250801090641,https://dickssportinggoods.wd1.myworkdayjobs.com/en-US/DSG/job/Store1046-Syracuse-NY/Retail-Outdoor-Associate_202512590,200
20250801090653,https://dickssportinggoods.wd1.myworkdayjobs.com/en-US/DSG/job/Store1046-Syracuse-NY/Retail-Outdoor-Associate_202512590/apply,200
20250801212707,https://dickssportinggoods.wd1.myworkdayjobs.com/en-US/DSG/job/Store1049-Santa-Rosa-CA/Retail-Customer-Service-Specailsit_202512456,200
20250801212719,https://dickssportinggoods.wd1.myworkdayjobs.com/en-US/DSG/job/Store1049-Santa-Rosa-CA/Retail-Customer-Service-Specailsit_202512456/apply,200
20250908092623,https://dickssportinggoods.wd1.myworkdayjobs.com/en-US/DSG/job/Store1049-Santa-Rosa-CA/Retail-Operations-Associate_202515016,200
20250916041325,https://dickssportinggoods.wd1.myworkdayjobs.com/en-US/DSG/job/Store1049-Santa-Rosa-CA/Retail-Operations-Associate_202515016/apply,200
20250828002830,https://dickssportinggoods.wd1.myworkdayjobs.com/en-US/DSG/job/Store1049-Santa-Rosa-CA/Retail-Sales-Lead-Front-End_202514508,200
20250828121554,https://dickssportinggoods.wd1.myworkdayjobs.com/en-US/DSG/job/Store1049-Santa-Rosa-CA/Retail-Sales-Lead-Front-End_202514508/apply,200
20251005020453,https://dickssportinggoods.wd1.myworkdayjobs.com/en-US/DSG/job/Store1067-Bluffton-SC/Retail-Customer-Service-Specialist_202517005,200
20251005020510,https://dickssportinggoods.wd1.myworkdayjobs.com/en-US/DSG/job/Store1067-Bluffton-SC/Retail-Customer-Service-Specialist_202517005/apply,200
20251003151040,https://dickssportinggoods.wd1.myworkdayjobs.com/en-US/DSG/job/Store1067-Bluffton-SC/Retail-Sales-Associate-Golf_202517006,200
20251003151056,https://dickssportinggoods.wd1.myworkdayjobs.com/en-US/DSG/job/Store1067-Bluffton-SC/Retail-Sales-Associate-Golf_202517006/apply,200
20250908044435,https://dickssportinggoods.wd1.myworkdayjobs.com/en-US/DSG/job/Store1068-Athens-GA/Assistant-Store-Manager-Operations_202515031,200
20250919053425,https://dickssportinggoods.wd1.myworkdayjobs.com/en-US/DSG/job/Store1068-Athens-GA/Assistant-Store-Manager-Operations_202515031/apply,200
20250928175632,https://dickssportinggoods.wd1.myworkdayjobs.com/en-US/DSG/job/Store1068-Athens-GA/Retail-Sales-Associate-Golf_202516601,200
20250928175754,https://dickssportinggoods.wd1.myworkdayjobs.com/en-US/DSG/job/Store1068-Athens-GA/Retail-Sales-Associate-Golf_202516601/apply,200
20250729124051,https://dickssportinggoods.wd1.myworkdayjobs.com/en-US/DSG/job/Store1070-Salinas-CA/Retail-operations-Associate_202510604,200
20250730064731,https://dickssportinggoods.wd1.myworkdayjobs.com/en-US/DSG/job/Store1071-Dublin-CA/Retail-Sales-Associate-Team-Sports_202511891,200
20250730064741,https://dickssportinggoods.wd1.myworkdayjobs.com/en-US/DSG/job/Store1071-Dublin-CA/Retail-Sales-Associate-Team-Sports_202511891/apply,200
20250928195917,https://dickssportinggoods.wd1.myworkdayjobs.com/en-US/DSG/job/Store1073-Wauwatosa-WI/Retail-Customer-Service-Specialist_202515353,200
20250928195907,https://dickssportinggoods.wd1.myworkdayjobs.com/en-US/DSG/job/Store1073-Wauwatosa-WI/Retail-Customer-Service-Specialist_202516683,200
20250928195917,https://dickssportinggoods.wd1.myworkdayjobs.com/en-US/DSG/job/Store1073-Wauwatosa-WI/Retail-Customer-Service-Specialist_202516683/apply,200
20250928091306,https://dickssportinggoods.wd1.myworkdayjobs.com/en-US/DSG/job/Store1073-Wauwatosa-WI/Retail-Operations-Associate_202516684,200
20250928091317,https://dickssportinggoods.wd1.myworkdayjobs.com/en-US/DSG/job/Store1073-Wauwatosa-WI/Retail-Operations-Associate_202516684/apply,200
20250801093556,https://dickssportinggoods.wd1.myworkdayjobs.com/en-US/DSG/job/Store1074-Kendall-FL/Retail-Cashier_202512470,200
20250801093610,https://dickssportinggoods.wd1.myworkdayjobs.com/en-US/DSG/job/Store1074-Kendall-FL/Retail-Cashier_202512470/apply,200
20250801215817,https://dickssportinggoods.wd1.myworkdayjobs.com/en-US/DSG/job/Store1074-Kendall-FL/Retail-Sales-Associate-Apparel_202512471,200
20250801220235,https://dickssportinggoods.wd1.myworkdayjobs.com/en-US/DSG/job/Store1074-Kendall-FL/Retail-Sales-Associate-Apparel_202512471/apply,200
20250801045633,https://dickssportinggoods.wd1.myworkdayjobs.com/en-US/DSG/job/Store1074-Kendall-FL/Retail-Sales-Leader--Front-End_202512553,200
20250801045717,https://dickssportinggoods.wd1.myworkdayjobs.com/en-US/DSG/job/Store1074-Kendall-FL/Retail-Sales-Leader--Front-End_202512553/apply,200
20250801054954,https://dickssportinggoods.wd1.myworkdayjobs.com/en-US/DSG/job/Store1075-Spokane-WA/Retail-Sales-Associate-Bikes---Fitness_202512481,200
20250801055230,https://dickssportinggoods.wd1.myworkdayjobs.com/en-US/DSG/job/Store1075-Spokane-WA/Retail-Sales-Associate-Bikes---Fitness_202512481/apply,200
20250730062431,https://dickssportinggoods.wd1.myworkdayjobs.com/en-US/DSG/job/Store1075-Spokane-WA/Retail-Sales-Associate-Footwear_202511978,200
20250730062443,https://dickssportinggoods.wd1.myworkdayjobs.com/en-US/DSG/job/Store1075-Spokane-WA/Retail-Sales-Associate-Footwear_202511978/apply,200
20250929023547,https://dickssportinggoods.wd1.myworkdayjobs.com/en-US/DSG/job/Store1081-Oklahoma-City-W-OK/Retail-Sales-Associate-Apparel_202516658,200
20250929023558,https://dickssportinggoods.wd1.myworkdayjobs.com/en-US/DSG/job/Store1081-Oklahoma-City-W-OK/Retail-Sales-Associate-Apparel_202516658/apply,200
20250929064647,https://dickssportinggoods.wd1.myworkdayjobs.com/en-US/DSG/job/Store1081-Oklahoma-City-W-OK/Retail-Sales-Associate-Footwear_202516657,200
20250929064658,https://dickssportinggoods.wd1.myworkdayjobs.com/en-US/DSG/job/Store1081-Oklahoma-City-W-OK/Retail-Sales-Associate-Footwear_202516657/apply,200
20250828195635,https://dickssportinggoods.wd1.myworkdayjobs.com/en-US/DSG/job/Store1083-West-Nyack-NY/Retail-Golf-Lead_202514544,200
20250905160615,https://dickssportinggoods.wd1.myworkdayjobs.com/en-US/DSG/job/Store1083-West-Nyack-NY/Retail-Golf-Lead_202514544/apply,200
20250907133641,https://dickssportinggoods.wd1.myworkdayjobs.com/en-US/DSG/job/Store1083-West-Nyack-NY/Store-Manager_202514977,200
20250908015355,https://dickssportinggoods.wd1.myworkdayjobs.com/en-US/DSG/job/Store1083-West-Nyack-NY/Store-Manager_202514977/apply,200
20250919231126,https://dickssportinggoods.wd1.myworkdayjobs.com/en-US/DSG/job/Store1084-Fort-Myers-FL/Retail-Cashier_202515613,200
20250829212727,https://dickssportinggoods.wd1.myworkdayjobs.com/en-US/DSG/job/Store1084-Fort-Myers-FL/Retail-Sales-Lead-Apparel_202514430,200
20250831095825,https://dickssportinggoods.wd1.myworkdayjobs.com/en-US/DSG/job/Store1084-Fort-Myers-FL/Retail-Sales-Lead-Apparel_202514430/apply,200
20251004025531,https://dickssportinggoods.wd1.myworkdayjobs.com/en-US/DSG/job/Store1086-South-County-MO/Retail-Freight-Flow-Lead_202517004,200
20250801045312,https://dickssportinggoods.wd1.myworkdayjobs.com/en-US/DSG/job/Store1086-South-County-MO/Retail-Operations-Associate-Overnight_202512605,200
20250801045332,https://dickssportinggoods.wd1.myworkdayjobs.com/en-US/DSG/job/Store1086-South-County-MO/Retail-Operations-Associate-Overnight_202512605/apply,200
20251004132648,https://dickssportinggoods.wd1.myworkdayjobs.com/en-US/DSG/job/Store1086-South-County-MO/Retail-Operations-Associate-Overnight_202517011,200
20251004132700,https://dickssportinggoods.wd1.myworkdayjobs.com/en-US/DSG/job/Store1086-South-County-MO/Retail-Operations-Associate-Overnight_202517011/apply,200
20250801045332,https://dickssportinggoods.wd1.myworkdayjobs.com/en-US/DSG/job/Store1086-South-County-MO/Retail-Operations-Associate_202505469,200
20250908100314,https://dickssportinggoods.wd1.myworkdayjobs.com/en-US/DSG/job/Store1092-Daly-City-CA/Retail-Sales-Associate-Hardlines_202514983,200
20250910052224,https://dickssportinggoods.wd1.myworkdayjobs.com/en-US/DSG/job/Store1092-Daly-City-CA/Retail-Sales-Associate-Hardlines_202514983/apply,200
20250907200541,https://dickssportinggoods.wd1.myworkdayjobs.com/en-US/DSG/job/Store1092-Daly-City-CA/Retail-Sales-Associate_202514973,200
20250918124104,https://dickssportinggoods.wd1.myworkdayjobs.com/en-US/DSG/job/Store1092-Daly-City-CA/Retail-Sales-Associate_202514973/apply,200
20250814023608,https://dickssportinggoods.wd1.myworkdayjobs.com/en-US/DSG/job/Store1098-Lake-Charles-LA/Retail-Freight-Flow-Lead_202513543,200
20250820015800,https://dickssportinggoods.wd1.myworkdayjobs.com/en-US/DSG/job/Store1098-Lake-Charles-LA/Retail-Freight-Flow-Lead_202513543/apply,200
20250814080447,https://dickssportinggoods.wd1.myworkdayjobs.com/en-US/DSG/job/Store1098-Lake-Charles-LA/Retail-Sales-Leader---Front-End_202513542,200
20250814082740,https://dickssportinggoods.wd1.myworkdayjobs.com/en-US/DSG/job/Store1098-Lake-Charles-LA/Retail-Sales-Leader---Front-End_202513542/apply,200
20250908024030,https://dickssportinggoods.wd1.myworkdayjobs.com/en-US/DSG/job/Store1100-Issaquah-WA/Assistant-Store-Manager_202514947,200
20250912050345,https://dickssportinggoods.wd1.myworkdayjobs.com/en-US/DSG/job/Store1100-Issaquah-WA/Assistant-Store-Manager_202514947/apply,200
20250908080415,https://dickssportinggoods.wd1.myworkdayjobs.com/en-US/DSG/job/Store1103-Salina-KS/Retail-Sales-Associate-Golf_202514893,200
20250916093411,https://dickssportinggoods.wd1.myworkdayjobs.com/en-US/DSG/job/Store1103-Salina-KS/Retail-Sales-Associate-Golf_202514893/apply,200
20250907230442,https://dickssportinggoods.wd1.myworkdayjobs.com/en-US/DSG/job/Store1107-Monroeville-PA/Retail-Price-and-Signage-Lead--Key-Holder_202514942,200
20250920050047,https://dickssportinggoods.wd1.myworkdayjobs.com/en-US/DSG/job/Store1107-Monroeville-PA/Retail-Price-and-Signage-Lead--Key-Holder_202514942/apply,200
20250828185054,https://dickssportinggoods.wd1.myworkdayjobs.com/en-US/DSG/job/Store1108-South-Plainfield-NJ/Retail-Cashier_202514447,200
20250829204712,https://dickssportinggoods.wd1.myworkdayjobs.com/en-US/DSG/job/Store1108-South-Plainfield-NJ/Retail-Customer-Service-Specialist_202514450,200
20250906002948,https://dickssportinggoods.wd1.myworkdayjobs.com/en-US/DSG/job/Store1108-South-Plainfield-NJ/Retail-Customer-Service-Specialist_202514450/apply,200
20250801010137,https://dickssportinggoods.wd1.myworkdayjobs.com/en-US/DSG/job/Store1110-King-of-Prussia-PA/Retail-Sales-Associate-Golf_202512598-1,200
20250801010228,https://dickssportinggoods.wd1.myworkdayjobs.com/en-US/DSG/job/Store1110-King-of-Prussia-PA/Retail-Sales-Associate-Golf_202512598-1/apply,200
20250828174042,https://dickssportinggoods.wd1.myworkdayjobs.com/en-US/DSG/job/Store1111-Victorville-CA/Retail-Sales-Associate-Golf_202514492,200
20250831153654,https://dickssportinggoods.wd1.myworkdayjobs.com/en-US/DSG/job/Store1111-Victorville-CA/Retail-Sales-Associate-Golf_202514492/apply,200
20250929053025,https://dickssportinggoods.wd1.myworkdayjobs.com/en-US/DSG/job/Store1112-South-Asheville-NC/Retail-Operations-Associate---Mornings_202512233,200
20250828231605,https://dickssportinggoods.wd1.myworkdayjobs.com/en-US/DSG/job/Store1115-Bowling-Green-KY/Retail-Omni-Fulfillment-Lead_202514482,200
20250919013909,https://dickssportinggoods.wd1.myworkdayjobs.com/en-US/DSG/job/Store1115-Bowling-Green-KY/Retail-Omni-Fulfillment-Lead_202514482/apply,200
20250814042002,https://dickssportinggoods.wd1.myworkdayjobs.com/en-US/DSG/job/Store1116-Albuquerque-NM/Retail-Sales-Associate-Team-Sports_202513527,200
20250814051016,https://dickssportinggoods.wd1.myworkdayjobs.com/en-US/DSG/job/Store1116-Albuquerque-NM/Retail-Sales-Associate-Team-Sports_202513527/apply,200
20250801091805,https://dickssportinggoods.wd1.myworkdayjobs.com/en-US/DSG/job/Store1118-Mentor-OH/Retail-Sales-Leader---Front-End_202512615,200
20250801091816,https://dickssportinggoods.wd1.myworkdayjobs.com/en-US/DSG/job/Store1118-Mentor-OH/Retail-Sales-Leader---Front-End_202512615/apply,200
20250814013145,https://dickssportinggoods.wd1.myworkdayjobs.com/en-US/DSG/job/Store1120-Orlando-FL-Mall-FL/Retail-Operations-Associate_202513471,200
20250814062617,https://dickssportinggoods.wd1.myworkdayjobs.com/en-US/DSG/job/Store1120-Orlando-FL-Mall-FL/Retail-Operations-Associate_202513471/apply,200
20250907163748,https://dickssportinggoods.wd1.myworkdayjobs.com/en-US/DSG/job/Store1120-Orlando-FL-Mall-FL/retail-sale-leader-Front-End_202514041,200
20250913222102,https://dickssportinggoods.wd1.myworkdayjobs.com/en-US/DSG/job/Store1120-Orlando-FL-Mall-FL/retail-sale-leader-Front-End_202514041/apply,200
20250929103139,https://dickssportinggoods.wd1.myworkdayjobs.com/en-US/DSG/job/Store1122-Casper-WY/XMLNAME-71038---Retail-Apparel-Operations-Lead_202516656,200
20250929103150,https://dickssportinggoods.wd1.myworkdayjobs.com/en-US/DSG/job/Store1122-Casper-WY/XMLNAME-71038---Retail-Apparel-Operations-Lead_202516656/apply,200
20250907133630,https://dickssportinggoods.wd1.myworkdayjobs.com/en-US/DSG/job/Store1129-South-San-Antonio-TX/Retail-Sales-Associates-Golf_202514935,200
20250907175712,https://dickssportinggoods.wd1.myworkdayjobs.com/en-US/DSG/job/Store1129-South-San-Antonio-TX/Retail-Sales-Associates-Golf_202514935/apply,200
20250828182743,https://dickssportinggoods.wd1.myworkdayjobs.com/en-US/DSG/job/Store1134-Osage-Beach-MO/Retail-Operations-Associate_202514475,200
20250829171911,https://dickssportinggoods.wd1.myworkdayjobs.com/en-US/DSG/job/Store1134-Osage-Beach-MO/Retail-Operations-Associate_202514475/apply,200
20250829161818,https://dickssportinggoods.wd1.myworkdayjobs.com/en-US/DSG/job/Store1134-Osage-Beach-MO/Retail-Operations-Associate_202514480,200
20250901224059,https://dickssportinggoods.wd1.myworkdayjobs.com/en-US/DSG/job/Store1134-Osage-Beach-MO/Retail-Operations-Associate_202514480/apply,200
20250801084004,https://dickssportinggoods.wd1.myworkdayjobs.com/en-US/DSG/job/Store1140-Frankfort-KY/Retail-Sales-Lead-Apparel_202512507,200
20250801084047,https://dickssportinggoods.wd1.myworkdayjobs.com/en-US/DSG/job/Store1140-Frankfort-KY/Retail-Sales-Lead-Apparel_202512507/apply,200
20250801084047,https://dickssportinggoods.wd1.myworkdayjobs.com/en-US/DSG/job/Store1140-Frankfort-KY/Retail-Sales-Lead-Apparel_202512508,200
20250920043521,https://dickssportinggoods.wd1.myworkdayjobs.com/en-US/DSG/job/Store1141-Springfield-VA/retail-cashier_202514461,200
20250920164735,https://dickssportinggoods.wd1.myworkdayjobs.com/en-US/DSG/job/Store1141-Springfield-VA/retail-cashier_202514461/apply,200
20250920104432,https://dickssportinggoods.wd1.myworkdayjobs.com/en-US/DSG/job/Store1141-Springfield-VA/Seasonal-Retail-Sales-Associate_202516163-1,200
20250920040948,https://dickssportinggoods.wd1.myworkdayjobs.com/en-US/DSG/job/Store1147-Livonia-MI/Assistant-Store-Manager--Softlines_202515597,200
20250920061918,https://dickssportinggoods.wd1.myworkdayjobs.com/en-US/DSG/job/Store1147-Livonia-MI/Assistant-Store-Manager--Softlines_202515597/apply,302
20250829182503,https://dickssportinggoods.wd1.myworkdayjobs.com/en-US/DSG/job/Store1168-Naples-FL/Retail-Sales-Associate-Team-Sports_202514543,200
20250913194426,https://dickssportinggoods.wd1.myworkdayjobs.com/en-US/DSG/job/Store1168-Naples-FL/Retail-Sales-Associate-Team-Sports_202514543/apply,200
20250929051406,https://dickssportinggoods.wd1.myworkdayjobs.com/en-US/DSG/job/Store1168-Naples-FL/Retail-Sales-Lead-Apparel_202516701,200
20250828115846,https://dickssportinggoods.wd1.myworkdayjobs.com/en-US/DSG/job/Store1168-Naples-FL/Retail-Sales-Lead-Footwear_202514541-1,200
20250903195210,https://dickssportinggoods.wd1.myworkdayjobs.com/en-US/DSG/job/Store1168-Naples-FL/Retail-Sales-Lead-Footwear_202514541-1/apply,200
20250929145156,https://dickssportinggoods.wd1.myworkdayjobs.com/en-US/DSG/job/Store1168-Naples-FL/Retail-Sales-Lead-Team-Sport_202516703,200
20250929145208,https://dickssportinggoods.wd1.myworkdayjobs.com/en-US/DSG/job/Store1168-Naples-FL/Retail-Sales-Lead-Team-Sport_202516703/apply,200
20250907190741,https://dickssportinggoods.wd1.myworkdayjobs.com/en-US/DSG/job/Store1169-Trexlertown-PA/Retail-Sales-Associate---Apparel_202514967,200
20250913131957,https://dickssportinggoods.wd1.myworkdayjobs.com/en-US/DSG/job/Store1169-Trexlertown-PA/Retail-Sales-Associate---Apparel_202514967/apply,200
20250907154743,https://dickssportinggoods.wd1.myworkdayjobs.com/en-US/DSG/job/Store1169-Trexlertown-PA/Retail-Sales-Associate---Footwear_202514970,200
20250913120245,https://dickssportinggoods.wd1.myworkdayjobs.com/en-US/DSG/job/Store1169-Trexlertown-PA/Retail-Sales-Associate---Footwear_202514970/apply,200
20250730202558,https://dickssportinggoods.wd1.myworkdayjobs.com/en-US/DSG/job/Store1177-Roseville-MI/Retail-Sales-Associate-Footwear_202511941,200
20250730202609,https://dickssportinggoods.wd1.myworkdayjobs.com/en-US/DSG/job/Store1177-Roseville-MI/Retail-Sales-Associate-Footwear_202511941/apply,200
20250730002626,https://dickssportinggoods.wd1.myworkdayjobs.com/en-US/DSG/job/Store1179-Orlando-EColonial-FL/Retail-Sales-Lead-Team-Sport_202511897,200
20250730002646,https://dickssportinggoods.wd1.myworkdayjobs.com/en-US/DSG/job/Store1179-Orlando-EColonial-FL/Retail-Sales-Lead-Team-Sport_202511897/apply,200
20250829073747,https://dickssportinggoods.wd1.myworkdayjobs.com/en-US/DSG/job/Store1184-Goldsboro-NC/Part-Time-Apparel-Associate_202514421,200
20250903161326,https://dickssportinggoods.wd1.myworkdayjobs.com/en-US/DSG/job/Store1184-Goldsboro-NC/Part-Time-Apparel-Associate_202514421/apply,200
20250908005553,https://dickssportinggoods.wd1.myworkdayjobs.com/en-US/DSG/job/Store1185-Patchogue-NY/Retail-Sales-Associate-Apparel-Part-Time_202514918,200
20250910014859,https://dickssportinggoods.wd1.myworkdayjobs.com/en-US/DSG/job/Store1185-Patchogue-NY/Retail-Sales-Associate-Apparel-Part-Time_202514918/apply,200
20250908030932,https://dickssportinggoods.wd1.myworkdayjobs.com/en-US/DSG/job/Store1185-Patchogue-NY/Retail-Sales-Associate-Footwear-Part-Time_202514920,200
20250909103221,https://dickssportinggoods.wd1.myworkdayjobs.com/en-US/DSG/job/Store1185-Patchogue-NY/Retail-Sales-Associate-Footwear-Part-Time_202514920/apply,200
20250908043347,https://dickssportinggoods.wd1.myworkdayjobs.com/en-US/DSG/job/Store1185-Patchogue-NY/Retail-Sales-Associate-Team-Sports-Part-Time_202514919,200
20250915032004,https://dickssportinggoods.wd1.myworkdayjobs.com/en-US/DSG/job/Store1185-Patchogue-NY/Retail-Sales-Associate-Team-Sports-Part-Time_202514919/apply,200
20250920055356,https://dickssportinggoods.wd1.myworkdayjobs.com/en-US/DSG/job/Store1192-Burlington-WA/Assistant-Store-Manager_202515569,200
20250920182317,https://dickssportinggoods.wd1.myworkdayjobs.com/en-US/DSG/job/Store1192-Burlington-WA/Assistant-Store-Manager_202515569/apply,200
20250921043759,https://dickssportinggoods.wd1.myworkdayjobs.com/en-US/DSG/job/Store1192-Burlington-WA/Retail-Omni-Fulfillment-Lead_202515598,200
20250921043810,https://dickssportinggoods.wd1.myworkdayjobs.com/en-US/DSG/job/Store1192-Burlington-WA/Retail-Omni-Fulfillment-Lead_202515598/apply,200
20250814091843,https://dickssportinggoods.wd1.myworkdayjobs.com/en-US/DSG/job/Store1198-Pace-FL/Retail-Sales-Associate-all-Positions_202513532,200
20250814191134,https://dickssportinggoods.wd1.myworkdayjobs.com/en-US/DSG/job/Store1198-Pace-FL/Retail-Sales-Associate-all-Positions_202513532/apply,200
20250920103333,https://dickssportinggoods.wd1.myworkdayjobs.com/en-US/DSG/job/Store1199-Yorktown-NY/Retail-Sales-Lead-Apparel---Key-Holder_202515567,200
20250920182457,https://dickssportinggoods.wd1.myworkdayjobs.com/en-US/DSG/job/Store1199-Yorktown-NY/Retail-Sales-Lead-Apparel---Key-Holder_202515567/apply,200
20251004104036,https://dickssportinggoods.wd1.myworkdayjobs.com/en-US/DSG/job/Store1200-Mt-Pleasant-SC/Retail-Cashier_202516777,200
20251004104047,https://dickssportinggoods.wd1.myworkdayjobs.com/en-US/DSG/job/Store1200-Mt-Pleasant-SC/Retail-Cashier_202516777/apply,200
20251005000521,https://dickssportinggoods.wd1.myworkdayjobs.com/en-US/DSG/job/Store1200-Mt-Pleasant-SC/Retail-Sales-Associate_202516773,200
20251005000532,https://dickssportinggoods.wd1.myworkdayjobs.com/en-US/DSG/job/Store1200-Mt-Pleasant-SC/Retail-Sales-Associate_202516773/apply,200
20250813212117,https://dickssportinggoods.wd1.myworkdayjobs.com/en-US/DSG/job/Store1200-Mt-Pleasant-SC/Retail-Sales-Lead-Lodge_202513539,200
20250815070742,https://dickssportinggoods.wd1.myworkdayjobs.com/en-US/DSG/job/Store1200-Mt-Pleasant-SC/Retail-Sales-Lead-Lodge_202513539/apply,200
20250920235311,https://dickssportinggoods.wd1.myworkdayjobs.com/en-US/DSG/job/Store1200-Mt-Pleasant-SC/Retail-Store-Administrative-Assistant_202515522,200
20250920235422,https://dickssportinggoods.wd1.myworkdayjobs.com/en-US/DSG/job/Store1200-Mt-Pleasant-SC/Retail-Store-Administrative-Assistant_202515522/apply,200
20251004104047,https://dickssportinggoods.wd1.myworkdayjobs.com/en-US/DSG/job/Store1200-Mt-Pleasant-SC/Seasonal-Retail-Sales-Associate_202516205-1,200
20250801003936,https://dickssportinggoods.wd1.myworkdayjobs.com/en-US/DSG/job/Store1202-Boise-ID/Retail-Sales-Associate-Footwear_202512593,200
20250801004002,https://dickssportinggoods.wd1.myworkdayjobs.com/en-US/DSG/job/Store1202-Boise-ID/Retail-Sales-Associate-Footwear_202512593/apply,200
20250813234627,https://dickssportinggoods.wd1.myworkdayjobs.com/en-US/DSG/job/Store1207-Huntsville-AL/Retail-Sales-Associate-Team-Sports_202513349,200
20250814100728,https://dickssportinggoods.wd1.myworkdayjobs.com/en-US/DSG/job/Store1207-Huntsville-AL/Retail-Sales-Associate-Team-Sports_202513349/apply,200
20250907123840,https://dickssportinggoods.wd1.myworkdayjobs.com/en-US/DSG/job/Store1212-Janesville-WI/Retail-Cashier_202514957,200
20250909043140,https://dickssportinggoods.wd1.myworkdayjobs.com/en-US/DSG/job/Store1212-Janesville-WI/Retail-Cashier_202514957/apply,200
20250908070306,https://dickssportinggoods.wd1.myworkdayjobs.com/en-US/DSG/job/Store1212-Janesville-WI/Retail-Sales-Associate-Footwear_202514956,200
20250916175616,https://dickssportinggoods.wd1.myworkdayjobs.com/en-US/DSG/job/Store1212-Janesville-WI/Retail-Sales-Associate-Footwear_202514956/apply,200
20250829212247,https://dickssportinggoods.wd1.myworkdayjobs.com/en-US/DSG/job/Store1212-Janesville-WI/Retail-Sales-Lead-Apparel_202514454,200
20250829005403,https://dickssportinggoods.wd1.myworkdayjobs.com/en-US/DSG/job/Store1212-Janesville-WI/Retail-Sales-Leader-Front-End_202514455,200
20250829110422,https://dickssportinggoods.wd1.myworkdayjobs.com/en-US/DSG/job/Store1212-Janesville-WI/Retail-Sales-Leader-Front-End_202514455/apply,200
20250828112956,https://dickssportinggoods.wd1.myworkdayjobs.com/en-US/DSG/job/Store1217-Tucson-AZ/Apparel-Associate_202514521,200
20250908073041,https://dickssportinggoods.wd1.myworkdayjobs.com/en-US/DSG/job/Store1222-Bristol-TN/Retail-Cashier---Part-Time_202515027,200
20250911083312,https://dickssportinggoods.wd1.myworkdayjobs.com/en-US/DSG/job/Store1222-Bristol-TN/Retail-Cashier---Part-Time_202515027/apply,200
20250918201643,https://dickssportinggoods.wd1.myworkdayjobs.com/en-US/DSG/job/Store1222-Bristol-TN/Retail-Cashier_202511095,200
20251004203828,https://dickssportinggoods.wd1.myworkdayjobs.com/en-US/DSG/job/Store1222-Bristol-TN/Retail-Cashier_202517032,200
20251004203936,https://dickssportinggoods.wd1.myworkdayjobs.com/en-US/DSG/job/Store1222-Bristol-TN/Retail-Cashier_202517032/apply,200
20250908083841,https://dickssportinggoods.wd1.myworkdayjobs.com/en-US/DSG/job/Store1222-Bristol-TN/Seasonal-Retail-Sales-Associate-Footwear---Part-Time_202515029,200
20250913101010,https://dickssportinggoods.wd1.myworkdayjobs.com/en-US/DSG/job/Store1222-Bristol-TN/Seasonal-Retail-Sales-Associate-Footwear---Part-Time_202515029/apply,200
20251004211855,https://dickssportinggoods.wd1.myworkdayjobs.com/en-US/DSG/job/Store1222-Bristol-TN/Seasonal-Retail-Sales-Associate_202515712,200
20251004210009,https://dickssportinggoods.wd1.myworkdayjobs.com/en-US/DSG/job/Store1222-Bristol-TN/Seasonal-Retail-Sales-Associate_202516220-1,200
20250731012938,https://dickssportinggoods.wd1.myworkdayjobs.com/en-US/DSG/job/Store1229-Euless-TX/Retail-Cashier_202511853,200
20250731012950,https://dickssportinggoods.wd1.myworkdayjobs.com/en-US/DSG/job/Store1229-Euless-TX/Retail-Cashier_202511853/apply,200
20250828170812,https://dickssportinggoods.wd1.myworkdayjobs.com/en-US/DSG/job/Store1229-Euless-TX/Retail-Footwear-Associate_202514528,200
20250830143519,https://dickssportinggoods.wd1.myworkdayjobs.com/en-US/DSG/job/Store1229-Euless-TX/Retail-Footwear-Associate_202514528/apply,200
20250828214400,https://dickssportinggoods.wd1.myworkdayjobs.com/en-US/DSG/job/Store1231-Burlington-IA/Retail-Cashier_202514518-1,200
20250829174130,https://dickssportinggoods.wd1.myworkdayjobs.com/en-US/DSG/job/Store1231-Burlington-IA/Retail-Cashier_202514518-1/apply,200
20250929101619,https://dickssportinggoods.wd1.myworkdayjobs.com/en-US/DSG/job/Store1231-Burlington-IA/Retail-Sales-Lead-Apparel_202516704,200
20250801152108,https://dickssportinggoods.wd1.myworkdayjobs.com/en-US/DSG/job/Store1233-Uniontown-PA/Sales-Associate_202512427,200
20250801152119,https://dickssportinggoods.wd1.myworkdayjobs.com/en-US/DSG/job/Store1233-Uniontown-PA/Sales-Associate_202512427/apply,200
20250814001440,https://dickssportinggoods.wd1.myworkdayjobs.com/en-US/DSG/job/Store1234-Silverdale-WA/Retail-Sales-Lead-Golf_202513439,200
20250729222545,https://dickssportinggoods.wd1.myworkdayjobs.com/en-US/DSG/job/Store1237-Amherst-NY/Retail-Cashier_202512031,200
20250729222556,https://dickssportinggoods.wd1.myworkdayjobs.com/en-US/DSG/job/Store1237-Amherst-NY/Retail-Cashier_202512031/apply,200
20250908143122,https://dickssportinggoods.wd1.myworkdayjobs.com/en-US/DSG/job/Store1239-Joliet-IL/Retail-Cashier_202514998-1,200
20250919193419,https://dickssportinggoods.wd1.myworkdayjobs.com/en-US/DSG/job/Store1239-Joliet-IL/Retail-Cashier_202514998-1/apply,200
20250908080947,https://dickssportinggoods.wd1.myworkdayjobs.com/en-US/DSG/job/Store1239-Joliet-IL/Retail-Sales-Associate-Apparel_202515013,200
20250917084112,https://dickssportinggoods.wd1.myworkdayjobs.com/en-US/DSG/job/Store1239-Joliet-IL/Retail-Sales-Associate-Apparel_202515013/apply,200
20250908092136,https://dickssportinggoods.wd1.myworkdayjobs.com/en-US/DSG/job/Store1239-Joliet-IL/Retail-Store-Administrative-Assistant_202514997,200
20250910010429,https://dickssportinggoods.wd1.myworkdayjobs.com/en-US/DSG/job/Store1239-Joliet-IL/Retail-Store-Administrative-Assistant_202514997/apply,200
20250901065325,https://dickssportinggoods.wd1.myworkdayjobs.com/en-US/DSG/job/Store1240-Olympia-WA/Retail-Cashier_202512994,200
20250829001154,https://dickssportinggoods.wd1.myworkdayjobs.com/en-US/DSG/job/Store1240-Olympia-WA/Retail-Cashier_202514474,200
20250904181327,https://dickssportinggoods.wd1.myworkdayjobs.com/en-US/DSG/job/Store1240-Olympia-WA/Retail-Cashier_202514474/apply,200
20250828232643,https://dickssportinggoods.wd1.myworkdayjobs.com/en-US/DSG/job/Store1240-Olympia-WA/Retail-Sales-Associate-Footwear_202514473,200
20250830094138,https://dickssportinggoods.wd1.myworkdayjobs.com/en-US/DSG/job/Store1240-Olympia-WA/Retail-Sales-Associate-Footwear_202514473/apply,200
20250829234711,https://dickssportinggoods.wd1.myworkdayjobs.com/en-US/DSG/job/Store1240-Olympia-WA/Retail-Sales-Lead-Apparel_202514484,200
20250901045730,https://dickssportinggoods.wd1.myworkdayjobs.com/en-US/DSG/job/Store1240-Olympia-WA/Retail-Sales-Lead-Apparel_202514484/apply,200
20250814081345,https://dickssportinggoods.wd1.myworkdayjobs.com/en-US/DSG/job/Store1246-North-Haven-CT/Retail-Sales-Associate-Golf_202513455-1,200
20250817111741,https://dickssportinggoods.wd1.myworkdayjobs.com/en-US/DSG/job/Store1246-North-Haven-CT/Retail-Sales-Associate-Golf_202513455-1/apply,200
20250829183836,https://dickssportinggoods.wd1.myworkdayjobs.com/en-US/DSG/job/Store1263-Tacoma-WA/Retail-Bike-Technician_202514522,200
20250905124450,https://dickssportinggoods.wd1.myworkdayjobs.com/en-US/DSG/job/Store1263-Tacoma-WA/Retail-Bike-Technician_202514522/apply,200
20250730075936,https://dickssportinggoods.wd1.myworkdayjobs.com/en-US/DSG/job/Store1263-Tacoma-WA/Retail-Sales-Associate-Apparel_202511930,200
20250730075947,https://dickssportinggoods.wd1.myworkdayjobs.com/en-US/DSG/job/Store1263-Tacoma-WA/Retail-Sales-Associate-Apparel_202511930/apply,200
20250814013619,https://dickssportinggoods.wd1.myworkdayjobs.com/en-US/DSG/job/Store1263-Tacoma-WA/Retail-Sales-Associate-Footwear_202513524,200
20250816024734,https://dickssportinggoods.wd1.myworkdayjobs.com/en-US/DSG/job/Store1263-Tacoma-WA/Retail-Sales-Associate-Footwear_202513524/apply,200
20251003183239,https://dickssportinggoods.wd1.myworkdayjobs.com/en-US/DSG/job/Store1274-Willowbrook-TX/Retail-Omni-Fulfillment-Associate_202517035,200
20251003183250,https://dickssportinggoods.wd1.myworkdayjobs.com/en-US/DSG/job/Store1274-Willowbrook-TX/Retail-Omni-Fulfillment-Associate_202517035/apply,200
20251004225249,https://dickssportinggoods.wd1.myworkdayjobs.com/en-US/DSG/job/Store1274-Willowbrook-TX/Retail-Sales-Associate-Team-Sports_202517036,200
20251004225301,https://dickssportinggoods.wd1.myworkdayjobs.com/en-US/DSG/job/Store1274-Willowbrook-TX/Retail-Sales-Associate-Team-Sports_202517036/apply,200
20250929081613,https://dickssportinggoods.wd1.myworkdayjobs.com/en-US/DSG/job/Store1284-Quincy-IL/Retail-Price-and-Signage-Lead_202516609,200
20250908110708,https://dickssportinggoods.wd1.myworkdayjobs.com/en-US/DSG/job/Store1289-Boca-Raton-FL/Retail-Sales-Lead-Golf_202514951,200
20250915001410,https://dickssportinggoods.wd1.myworkdayjobs.com/en-US/DSG/job/Store1289-Boca-Raton-FL/Retail-Sales-Lead-Golf_202514951/apply,200
20251004123855,https://dickssportinggoods.wd1.myworkdayjobs.com/en-US/DSG/job/Store1291-Union-Gap-WA/Store-Manager_202516912,200
20250928140245,https://dickssportinggoods.wd1.myworkdayjobs.com/en-US/DSG/job/Store1295-Torrance-CA/Retail-Sales-Lead-Apparel_202516705,200
20250828144919,https://dickssportinggoods.wd1.myworkdayjobs.com/en-US/DSG/job/Store1307-Warwick-RI/Retail-Customer-Service-Specialist_202514470,200
20250911223858,https://dickssportinggoods.wd1.myworkdayjobs.com/en-US/DSG/job/Store1307-Warwick-RI/Retail-Customer-Service-Specialist_202514470/apply,200
20250829092835,https://dickssportinggoods.wd1.myworkdayjobs.com/en-US/DSG/job/Store1307-Warwick-RI/Retail-Sales-Associate---Apparel_202514468,200
20250831225303,https://dickssportinggoods.wd1.myworkdayjobs.com/en-US/DSG/job/Store1307-Warwick-RI/Retail-Sales-Associate---Apparel_202514468/apply,200
20250828021239,https://dickssportinggoods.wd1.myworkdayjobs.com/en-US/DSG/job/Store1307-Warwick-RI/Retail-Sales-Associate---Footwear_202514465,200
20250831202301,https://dickssportinggoods.wd1.myworkdayjobs.com/en-US/DSG/job/Store1307-Warwick-RI/Retail-Sales-Associate---Footwear_202514465/apply,200
20250829220959,https://dickssportinggoods.wd1.myworkdayjobs.com/en-US/DSG/job/Store1307-Warwick-RI/Retail-Sales-Associate---Team-Sports_202514467,200
20250903105736,https://dickssportinggoods.wd1.myworkdayjobs.com/en-US/DSG/job/Store1307-Warwick-RI/Retail-Sales-Associate---Team-Sports_202514467/apply,200
20250929042607,https://dickssportinggoods.wd1.myworkdayjobs.com/en-US/DSG/job/Store1308-Medford-MA/Retail-Sales-Associate_202516587,200
20250929042618,https://dickssportinggoods.wd1.myworkdayjobs.com/en-US/DSG/job/Store1308-Medford-MA/Retail-Sales-Associate_202516587/apply,200
20250929105904,https://dickssportinggoods.wd1.myworkdayjobs.com/en-US/DSG/job/Store1308-Medford-MA/retail-sales-lead-apparel_202516589,200
20250929105916,https://dickssportinggoods.wd1.myworkdayjobs.com/en-US/DSG/job/Store1308-Medford-MA/retail-sales-lead-apparel_202516589/apply,200
20251004032338,https://dickssportinggoods.wd1.myworkdayjobs.com/en-US/DSG/job/Store1316-McAllen-TX/Assistant-Store-Manager-Hardlines_202513611,200
20251004034634,https://dickssportinggoods.wd1.myworkdayjobs.com/en-US/DSG/job/Store1316-McAllen-TX/Assistant-Store-Manager-Hardlines_202513611/apply,200
20250921034112,https://dickssportinggoods.wd1.myworkdayjobs.com/en-US/DSG/job/Store1322-Ellicott-City-MD/XMLNAME-20101---Maintenance-Associate_202515606,200
20250921034123,https://dickssportinggoods.wd1.myworkdayjobs.com/en-US/DSG/job/Store1322-Ellicott-City-MD/XMLNAME-20101---Maintenance-Associate_202515606/apply,200
20250907170722,https://dickssportinggoods.wd1.myworkdayjobs.com/en-US/DSG/job/Store1325-Houston-Galleria-TX/Retail-Cashier_202514933,200
20250918091441,https://dickssportinggoods.wd1.myworkdayjobs.com/en-US/DSG/job/Store1325-Houston-Galleria-TX/Retail-Cashier_202514933/apply,200
20250908085047,https://dickssportinggoods.wd1.myworkdayjobs.com/en-US/DSG/job/Store1325-Houston-Galleria-TX/Retail-Sales-Associate-Golf_202514936,200
20250919154652,https://dickssportinggoods.wd1.myworkdayjobs.com/en-US/DSG/job/Store1325-Houston-Galleria-TX/Retail-Sales-Associate-Golf_202514936/apply,200
20250828091439,https://dickssportinggoods.wd1.myworkdayjobs.com/en-US/DSG/job/Store1329-Summerwood-TX/Retail-Customer-Service-Specialist_202514206,200
20250829013534,https://dickssportinggoods.wd1.myworkdayjobs.com/en-US/DSG/job/Store1329-Summerwood-TX/Retail-Customer-Service-Specialist_202514206/apply,200
20250814102144,https://dickssportinggoods.wd1.myworkdayjobs.com/en-US/DSG/job/Store1332-Tukwila-WA/retail-sales-footwear-lead_202513496,200
20250814150651,https://dickssportinggoods.wd1.myworkdayjobs.com/en-US/DSG/job/Store1332-Tukwila-WA/retail-sales-footwear-lead_202513496/apply,200
20250828215625,https://dickssportinggoods.wd1.myworkdayjobs.com/en-US/DSG/job/Store1333-West-Harrisburg-PA/Retail-Sales-Associate-All-Areas_202514451,200
20250907173424,https://dickssportinggoods.wd1.myworkdayjobs.com/en-US/DSG/job/Store1333-West-Harrisburg-PA/Retail-Sales-Associate-All-Areas_202514451/apply,200
20250921031110,https://dickssportinggoods.wd1.myworkdayjobs.com/en-US/DSG/job/Store1335-North-Tucson-AZ/Retail-Operations-Associate_202515575,200
20250920122410,https://dickssportinggoods.wd1.myworkdayjobs.com/en-US/DSG/job/Store1338-Waco-TX/Apparel-Sales-Lead_202515563,200
20250920122832,https://dickssportinggoods.wd1.myworkdayjobs.com/en-US/DSG/job/Store1338-Waco-TX/Apparel-Sales-Lead_202515563/apply,200
20250928194907,https://dickssportinggoods.wd1.myworkdayjobs.com/en-US/DSG/job/Store1338-Waco-TX/Freight-Flow-Lead_202516588,200
20250928194918,https://dickssportinggoods.wd1.myworkdayjobs.com/en-US/DSG/job/Store1338-Waco-TX/Freight-Flow-Lead_202516588/apply,200
20250829230835,https://dickssportinggoods.wd1.myworkdayjobs.com/en-US/DSG/job/Store1338-Waco-TX/Retail-Operations-Associate---3AM-Truck_202514431,200
20250830060547,https://dickssportinggoods.wd1.myworkdayjobs.com/en-US/DSG/job/Store1338-Waco-TX/Retail-Operations-Associate---3AM-Truck_202514431/apply,-
20250829100703,https://dickssportinggoods.wd1.myworkdayjobs.com/en-US/DSG/job/Store1340-Gurnee-IL/retail-cashier_202514300,200
20250829152714,https://dickssportinggoods.wd1.myworkdayjobs.com/en-US/DSG/job/Store1340-Gurnee-IL/retail-cashier_202514300/apply,200
20250829133004,https://dickssportinggoods.wd1.myworkdayjobs.com/en-US/DSG/job/Store1340-Gurnee-IL/Retail-operations_202514312,200
20250901140630,https://dickssportinggoods.wd1.myworkdayjobs.com/en-US/DSG/job/Store1340-Gurnee-IL/Retail-operations_202514312/apply,200
20250829095013,https://dickssportinggoods.wd1.myworkdayjobs.com/en-US/DSG/job/Store1342-Oceanside-CA/Retail-Sales-Associate-Apparel_202514525,200
20250903102100,https://dickssportinggoods.wd1.myworkdayjobs.com/en-US/DSG/job/Store1342-Oceanside-CA/Retail-Sales-Associate-Apparel_202514525/apply,200
20250401084825,https://dickssportinggoods.wd1.myworkdayjobs.com/en-US/DSG/job/Store1347-Northridge-CA/Retail-Cashier-Associate_202505113-1/apply/applyManually?source=Appcast_IndeedO&_ccid=1743497250201k269asyyl&ittk=UFOIBZOYSJ,200
20250814165817,https://dickssportinggoods.wd1.myworkdayjobs.com/en-US/DSG/job/Store1347-Northridge-CA/Retail-Cashier_202513526,200
20250814045956,https://dickssportinggoods.wd1.myworkdayjobs.com/en-US/DSG/job/Store1347-Northridge-CA/Retail-Sales-Associate-Team-Sports_202513516,200
20250814121021,https://dickssportinggoods.wd1.myworkdayjobs.com/en-US/DSG/job/Store1347-Northridge-CA/Retail-Sales-Associate-Team-Sports_202513516/apply,200
20250928155027,https://dickssportinggoods.wd1.myworkdayjobs.com/en-US/DSG/job/Store1364-Doral-FL/Retail-Sales-Lead-Team-Sport_202516649,200
20250928155037,https://dickssportinggoods.wd1.myworkdayjobs.com/en-US/DSG/job/Store1364-Doral-FL/Retail-Sales-Lead-Team-Sport_202516649/apply,200
20250813232525,https://dickssportinggoods.wd1.myworkdayjobs.com/en-US/DSG/job/Store1366-Greendale-WI/RetaiL-Sales-Lead-Footwear_202513444-1,200
20250818082349,https://dickssportinggoods.wd1.myworkdayjobs.com/en-US/DSG/job/Store1366-Greendale-WI/RetaiL-Sales-Lead-Footwear_202513444-1/apply,200
20250920220405,https://dickssportinggoods.wd1.myworkdayjobs.com/en-US/DSG/job/Store1368-North-Spokane-WA/Retail-Cashier_202515565,200
20250920220416,https://dickssportinggoods.wd1.myworkdayjobs.com/en-US/DSG/job/Store1368-North-Spokane-WA/Retail-Cashier_202515565/apply,200
20250920220416,https://dickssportinggoods.wd1.myworkdayjobs.com/en-US/DSG/job/Store1368-North-Spokane-WA/Seasonal-Retail-Sales-Associate_202516312-1,200
20250729170657,https://dickssportinggoods.wd1.myworkdayjobs.com/en-US/DSG/job/Store1371-Midland-TX/Retail-Footwear_202512012,200
20250729170708,https://dickssportinggoods.wd1.myworkdayjobs.com/en-US/DSG/job/Store1371-Midland-TX/Retail-Footwear_202512012/apply,200
20250801174940,https://dickssportinggoods.wd1.myworkdayjobs.com/en-US/DSG/job/Store1373-Plymouth-Meeting-PA/Retail-Sales-Associate-Footwear_202512463,200
20250801174952,https://dickssportinggoods.wd1.myworkdayjobs.com/en-US/DSG/job/Store1373-Plymouth-Meeting-PA/Retail-Sales-Associate-Footwear_202512463/apply,200
20250730030910,https://dickssportinggoods.wd1.myworkdayjobs.com/en-US/DSG/job/Store1374-Beaumont-TX/Retail-Sales-Associate-Golf_202511911,200
20250730031448,https://dickssportinggoods.wd1.myworkdayjobs.com/en-US/DSG/job/Store1374-Beaumont-TX/Retail-Sales-Associate-Golf_202511911/apply,200
20250730153656,https://dickssportinggoods.wd1.myworkdayjobs.com/en-US/DSG/job/Store1376-Wilmington-NC/Retail-Loss-Prevention-Lead_202511900-1,200
20250730154830,https://dickssportinggoods.wd1.myworkdayjobs.com/en-US/DSG/job/Store1376-Wilmington-NC/Retail-Loss-Prevention-Lead_202511900-1/apply,200
20250814082949,https://dickssportinggoods.wd1.myworkdayjobs.com/en-US/DSG/job/Store1381-Eastvale-CA/Retail-Operations-Associate_202513531,200
20250815231003,https://dickssportinggoods.wd1.myworkdayjobs.com/en-US/DSG/job/Store1381-Eastvale-CA/Retail-Operations-Associate_202513531/apply,200
20250730064721,https://dickssportinggoods.wd1.myworkdayjobs.com/en-US/DSG/job/Store1381-Eastvale-CA/Retail-Sales-Associate-Apparel_202511873,200
20250908014607,https://dickssportinggoods.wd1.myworkdayjobs.com/en-US/DSG/job/Store1381-Eastvale-CA/Retail-Sales-Associate-Golf_202514939,200
20250928150801,https://dickssportinggoods.wd1.myworkdayjobs.com/en-US/DSG/job/Store1382-Modesto-CA/Retail-Operations-Associate_202516621,200
20250928150812,https://dickssportinggoods.wd1.myworkdayjobs.com/en-US/DSG/job/Store1382-Modesto-CA/Retail-Operations-Associate_202516621/apply,200
20250928130909,https://dickssportinggoods.wd1.myworkdayjobs.com/en-US/DSG/job/Store1382-Modesto-CA/Retail-Sales-Associate-Golf_202516620,200
20250731214347,https://dickssportinggoods.wd1.myworkdayjobs.com/en-US/DSG/job/Store1385-Northpark-TX/Retail-Freight-Flow-Lead_202512581,200
20250731214358,https://dickssportinggoods.wd1.myworkdayjobs.com/en-US/DSG/job/Store1385-Northpark-TX/Retail-Freight-Flow-Lead_202512581/apply,200
20250821125532,https://dickssportinggoods.wd1.myworkdayjobs.com/en-US/DSG/job/Store1386-Myrtle-Beach-SC/Retail-Cashier_202514053,200
20250830034930,https://dickssportinggoods.wd1.myworkdayjobs.com/en-US/DSG/job/Store1386-Myrtle-Beach-SC/Retail-Cashier_202514053/apply,200
20250829082206,https://dickssportinggoods.wd1.myworkdayjobs.com/en-US/DSG/job/Store1386-Myrtle-Beach-SC/Retail-Master-Club-Fitter_202514460-1,200
20250917060608,https://dickssportinggoods.wd1.myworkdayjobs.com/en-US/DSG/job/Store1386-Myrtle-Beach-SC/Retail-Master-Club-Fitter_202514460-1/apply,200
20250907210534,https://dickssportinggoods.wd1.myworkdayjobs.com/en-US/DSG/job/Store1388-Manchester-NH/Retail-Bike-Technician_202514901,200
20250911065922,https://dickssportinggoods.wd1.myworkdayjobs.com/en-US/DSG/job/Store1388-Manchester-NH/Retail-Bike-Technician_202514901/apply,200
20250828134716,https://dickssportinggoods.wd1.myworkdayjobs.com/en-US/DSG/job/Store1389-Waterbury-CT/Retail-Cashier_202514486,200
20250919102645,https://dickssportinggoods.wd1.myworkdayjobs.com/en-US/DSG/job/Store1389-Waterbury-CT/Retail-Cashier_202514486/apply,200
20250814050457,https://dickssportinggoods.wd1.myworkdayjobs.com/en-US/DSG/job/Store1401-Sunnyvale-CA/Assistant-Store-Manager_202513549,200
20250815061837,https://dickssportinggoods.wd1.myworkdayjobs.com/en-US/DSG/job/Store1401-Sunnyvale-CA/Assistant-Store-Manager_202513549/apply,200
20250908072808,https://dickssportinggoods.wd1.myworkdayjobs.com/en-US/DSG/job/Store1401-Sunnyvale-CA/Retail-Sales-Leader-Front-End_202515020-1,200
20250915045552,https://dickssportinggoods.wd1.myworkdayjobs.com/en-US/DSG/job/Store1401-Sunnyvale-CA/Retail-Sales-Leader-Front-End_202515020-1/apply,200
20250929045344,https://dickssportinggoods.wd1.myworkdayjobs.com/en-US/DSG/job/Store1402-Norwalk-CT/Seasonal-Retail-Associate_202516592,200
20250929045354,https://dickssportinggoods.wd1.myworkdayjobs.com/en-US/DSG/job/Store1402-Norwalk-CT/Seasonal-Retail-Associate_202516592/apply,200
20250907230843,https://dickssportinggoods.wd1.myworkdayjobs.com/en-US/DSG/job/Store1404-Aventura-FL/Freight-Flow-Lead_202514924,200
20250918165249,https://dickssportinggoods.wd1.myworkdayjobs.com/en-US/DSG/job/Store1404-Aventura-FL/Freight-Flow-Lead_202514924/apply,200
20250829182549,https://dickssportinggoods.wd1.myworkdayjobs.com/en-US/DSG/job/Store1405-Jensen-Beach-FL/Retail-Operations-Associate_202505954,200
20250821214658,https://dickssportinggoods.wd1.myworkdayjobs.com/en-US/DSG/job/Store1405-Jensen-Beach-FL/Retail-Operations-Associate_202514052,200
20250822200657,https://dickssportinggoods.wd1.myworkdayjobs.com/en-US/DSG/job/Store1405-Jensen-Beach-FL/Retail-Operations-Associate_202514052/apply,200
20250908221636,https://dickssportinggoods.wd1.myworkdayjobs.com/en-US/DSG/job/Store1405-Jensen-Beach-FL/Retail-Sales-Lead-Team-Sports_202514934,200
20250916084350,https://dickssportinggoods.wd1.myworkdayjobs.com/en-US/DSG/job/Store1405-Jensen-Beach-FL/Retail-Sales-Lead-Team-Sports_202514934/apply,200
20250210230919,https://dickssportinggoods.wd1.myworkdayjobs.com/en-US/DSG/job/Store1407-Fresno-CA/Golf-Assoicate_202502116/apply/applyManually?source=Appcast_IndeedO&_ccid=17392250162780vuqruooj&ittk=ELSHLXGUTE,303
20250503201657,https://dickssportinggoods.wd1.myworkdayjobs.com/en-US/DSG/job/Store1410-North-Scottsdale-AZ/Retail-Cashier_202506215/apply/applyManually,200
20251004125452,https://dickssportinggoods.wd1.myworkdayjobs.com/en-US/DSG/job/Store1410-North-Scottsdale-AZ/Retail-Customer-Service-Specialist_202516996,200
20251004125503,https://dickssportinggoods.wd1.myworkdayjobs.com/en-US/DSG/job/Store1410-North-Scottsdale-AZ/Retail-Customer-Service-Specialist_202516996/apply,200
20250801040445,https://dickssportinggoods.wd1.myworkdayjobs.com/en-US/DSG/job/Store1412-Encinitas-CA/retail-sales-associate-golf_202512518,200
20250828084239,https://dickssportinggoods.wd1.myworkdayjobs.com/en-US/DSG/job/Store1414-Bellingham-WA/Retail-Operations-seasonal_202514529,200
20250904064609,https://dickssportinggoods.wd1.myworkdayjobs.com/en-US/DSG/job/Store1414-Bellingham-WA/Retail-Operations-seasonal_202514529/apply,200
20250908084432,https://dickssportinggoods.wd1.myworkdayjobs.com/en-US/DSG/job/Store1414-Bellingham-WA/Retail-Sales-Associate-Footwear-Seasonal_202514963,200
20250908085750,https://dickssportinggoods.wd1.myworkdayjobs.com/en-US/DSG/job/Store1414-Bellingham-WA/Retail-Sales-Associate-Footwear-Seasonal_202514963/apply,200
20250730231711,https://dickssportinggoods.wd1.myworkdayjobs.com/en-US/DSG/job/Store1500-Victor-NY/Retail-Omni-Fulfillment-Associate_202511866,200
20250730231727,https://dickssportinggoods.wd1.myworkdayjobs.com/en-US/DSG/job/Store1500-Victor-NY/Retail-Omni-Fulfillment-Associate_202511866/apply,200
20250908120717,https://dickssportinggoods.wd1.myworkdayjobs.com/en-US/DSG/job/Store1502-Mission-Viejo-CA/Retail-Omni-Fulfillment-Associate_202515018,200
20250918025136,https://dickssportinggoods.wd1.myworkdayjobs.com/en-US/DSG/job/Store1502-Mission-Viejo-CA/Retail-Omni-Fulfillment-Associate_202515018/apply,200
20251005001719,https://dickssportinggoods.wd1.myworkdayjobs.com/en-US/DSG/job/Store1502-Mission-Viejo-CA/Retail-Operations-Associate-Truck-Processing_202514377,200
20251005001735,https://dickssportinggoods.wd1.myworkdayjobs.com/en-US/DSG/job/Store1502-Mission-Viejo-CA/Retail-Operations-Associate-Truck-Processing_202514377/apply,200
20250928171221,https://dickssportinggoods.wd1.myworkdayjobs.com/en-US/DSG/job/Store1503-Lynchburg-VA/Retail-Operations-Associate_202511457,200
20250908041454,https://dickssportinggoods.wd1.myworkdayjobs.com/en-US/DSG/job/Store1506-Annapolis-MD/Assistant-Store-Manager---Hardlines_202514859,200
20250908104348,https://dickssportinggoods.wd1.myworkdayjobs.com/en-US/DSG/job/Store1507-Concord-NC/Retail-Bike-Technician_202514928,200
20250919152839,https://dickssportinggoods.wd1.myworkdayjobs.com/en-US/DSG/job/Store1507-Concord-NC/Retail-Bike-Technician_202514928/apply,200
20250928082322,https://dickssportinggoods.wd1.myworkdayjobs.com/en-US/DSG/job/Store1507-Concord-NC/Retail-Price-and-Signage-Lead_202516578,200
20250814031457,https://dickssportinggoods.wd1.myworkdayjobs.com/en-US/DSG/job/Store1507-Concord-NC/Retail-Sales-Associate-Apparel_202513483,200
20250817133744,https://dickssportinggoods.wd1.myworkdayjobs.com/en-US/DSG/job/Store1507-Concord-NC/Retail-Sales-Associate-Apparel_202513483/apply,200
20250829213431,https://dickssportinggoods.wd1.myworkdayjobs.com/en-US/DSG/job/Store1508-Grand-Junction-CO/Retail-Freight-Flow-Lead_202514488,200
20250902001306,https://dickssportinggoods.wd1.myworkdayjobs.com/en-US/DSG/job/Store1508-Grand-Junction-CO/Retail-Freight-Flow-Lead_202514488/apply,200
20250828160646,https://dickssportinggoods.wd1.myworkdayjobs.com/en-US/DSG/job/Store1508-Grand-Junction-CO/Retail-Sales-Associate-Apparel_202514514,200
20250831210205,https://dickssportinggoods.wd1.myworkdayjobs.com/en-US/DSG/job/Store1508-Grand-Junction-CO/Retail-Sales-Associate-Apparel_202514514/apply,200
20250829225257,https://dickssportinggoods.wd1.myworkdayjobs.com/en-US/DSG/job/Store1508-Grand-Junction-CO/Retail-Sales-Associate-Footwear_202514517,200
20250831062918,https://dickssportinggoods.wd1.myworkdayjobs.com/en-US/DSG/job/Store1508-Grand-Junction-CO/Retail-Sales-Associate-Footwear_202514517/apply,200
20250829054439,https://dickssportinggoods.wd1.myworkdayjobs.com/en-US/DSG/job/Store1511-Chicago-Ridge-IL/Retail-Sales-Associate-Team-Sports_202514403,200
20250904145241,https://dickssportinggoods.wd1.myworkdayjobs.com/en-US/DSG/job/Store1511-Chicago-Ridge-IL/Retail-Sales-Associate-Team-Sports_202514403/apply,200
20250929032035,https://dickssportinggoods.wd1.myworkdayjobs.com/en-US/DSG/job/Store1514-Minnetonka-MN/Retail-Baseball-Ambassador_202516661,200
20250928195816,https://dickssportinggoods.wd1.myworkdayjobs.com/en-US/DSG/job/Store1514-Minnetonka-MN/Retail-Customer-Service-Specialist_202500813,200
20250928145146,https://dickssportinggoods.wd1.myworkdayjobs.com/en-US/DSG/job/Store1514-Minnetonka-MN/Retail-Omni-Fulfillment-Associate_202516660,200
20250928221647,https://dickssportinggoods.wd1.myworkdayjobs.com/en-US/DSG/job/Store1515-Norridge-IL/Retail-Cashier_202513974-1,200
20250801100505,https://dickssportinggoods.wd1.myworkdayjobs.com/en-US/DSG/job/Store1518-Rock-Hill-SC/Retail-Operations-Associate_202512622,200
20250801100520,https://dickssportinggoods.wd1.myworkdayjobs.com/en-US/DSG/job/Store1518-Rock-Hill-SC/Retail-Operations-Associate_202512622/apply,200
20250801005801,https://dickssportinggoods.wd1.myworkdayjobs.com/en-US/DSG/job/Store1518-Rock-Hill-SC/Retail-Sales-Associate-Golf_202512621-1,200
20250801005815,https://dickssportinggoods.wd1.myworkdayjobs.com/en-US/DSG/job/Store1518-Rock-Hill-SC/Retail-Sales-Associate-Golf_202512621-1/apply,200
20250908081004,https://dickssportinggoods.wd1.myworkdayjobs.com/en-US/DSG/job/Store1520-Hartford-CT/Maintenance-Associate_202515014,200
20250915111621,https://dickssportinggoods.wd1.myworkdayjobs.com/en-US/DSG/job/Store1520-Hartford-CT/Maintenance-Associate_202515014/apply,200
20250814085615,https://dickssportinggoods.wd1.myworkdayjobs.com/en-US/DSG/job/Store1528-Denton-TX/Retail-Sales-Associate-Apparel_202513394,200
20250814201755,https://dickssportinggoods.wd1.myworkdayjobs.com/en-US/DSG/job/Store1528-Denton-TX/Retail-Sales-Associate-Apparel_202513394/apply,200
20250908222721,https://dickssportinggoods.wd1.myworkdayjobs.com/en-US/DSG/job/Store1530-Destin-FL/Retail-Sales-Associate-Apparel_202514930,200
20250918173257,https://dickssportinggoods.wd1.myworkdayjobs.com/en-US/DSG/job/Store1530-Destin-FL/Retail-Sales-Associate-Apparel_202514930/apply,200
20250929054547,https://dickssportinggoods.wd1.myworkdayjobs.com/en-US/DSG/job/Store1533-South-Bend-IN/Retail-Sales-Lead-Apparel_202516576,200
20250929054559,https://dickssportinggoods.wd1.myworkdayjobs.com/en-US/DSG/job/Store1533-South-Bend-IN/Retail-Sales-Lead-Apparel_202516576/apply,200
20251004100823,https://dickssportinggoods.wd1.myworkdayjobs.com/en-US/DSG/job/Store1534-Bel-Air-MD/Customer-Service-Specialist_202517040,200
20251004094432,https://dickssportinggoods.wd1.myworkdayjobs.com/en-US/DSG/job/Store1534-Bel-Air-MD/Retail-Customer-Service-Specialist_202517028,200
20251004094730,https://dickssportinggoods.wd1.myworkdayjobs.com/en-US/DSG/job/Store1534-Bel-Air-MD/Retail-Customer-Service-Specialist_202517028/apply,200
20250814112202,https://dickssportinggoods.wd1.myworkdayjobs.com/en-US/DSG/job/Store1536-Boston-MA/Retail-Sales-Leader---Front-End_202513460,200
20250817050521,https://dickssportinggoods.wd1.myworkdayjobs.com/en-US/DSG/job/Store1536-Boston-MA/Retail-Sales-Leader---Front-End_202513460/apply,200
20250908020250,https://dickssportinggoods.wd1.myworkdayjobs.com/en-US/DSG/job/Store1536-Boston-MA/Tennis-Concierge_202514938,200
20250908051955,https://dickssportinggoods.wd1.myworkdayjobs.com/en-US/DSG/job/Store1536-Boston-MA/Tennis-Concierge_202514938/apply,200
20250908023105,https://dickssportinggoods.wd1.myworkdayjobs.com/en-US/DSG/job/Store1537-Roseville-MN/Assistant-Store-Manager-Hardlines_202514693-1,200
20250915080741,https://dickssportinggoods.wd1.myworkdayjobs.com/en-US/DSG/job/Store1537-Roseville-MN/Assistant-Store-Manager-Hardlines_202514693-1/apply,200
20250813180045,https://dickssportinggoods.wd1.myworkdayjobs.com/en-US/DSG/job/Store1537-Roseville-MN/Retail-Customer-Service-Specialist_202513289,200
20250813214316,https://dickssportinggoods.wd1.myworkdayjobs.com/en-US/DSG/job/Store1537-Roseville-MN/Retail-Customer-Service-Specialist_202513289/apply,200
20250929121440,https://dickssportinggoods.wd1.myworkdayjobs.com/en-US/DSG/job/Store1539-Charlottesville-VA/Team-Sports-Teammate_202516566-1,200
20250730170513,https://dickssportinggoods.wd1.myworkdayjobs.com/en-US/DSG/job/Store1541-Kennesaw-GA/Retail-Outdoor-Lead_202511937,200
20250730170524,https://dickssportinggoods.wd1.myworkdayjobs.com/en-US/DSG/job/Store1541-Kennesaw-GA/Retail-Outdoor-Lead_202511937/apply,200
20250828230344,https://dickssportinggoods.wd1.myworkdayjobs.com/en-US/DSG/job/Store1543-Surprise-AZ/Retail-Omni-Fulfillment-Associate_202514526-1,200
20250902030401,https://dickssportinggoods.wd1.myworkdayjobs.com/en-US/DSG/job/Store1543-Surprise-AZ/Retail-Omni-Fulfillment-Associate_202514526-1/apply,200
20250814164917,https://dickssportinggoods.wd1.myworkdayjobs.com/en-US/DSG/job/Store1543-Surprise-AZ/Truck-Processing-Shift-1-30-AM_202513479,200
20250815170727,https://dickssportinggoods.wd1.myworkdayjobs.com/en-US/DSG/job/Store1543-Surprise-AZ/Truck-Processing-Shift-1-30-AM_202513479/apply,200
20250908051859,https://dickssportinggoods.wd1.myworkdayjobs.com/en-US/DSG/job/Store1546-Johnson-City-NY/Retail-Sales-Lead-Apparel_202512354,200
20250911161359,https://dickssportinggoods.wd1.myworkdayjobs.com/en-US/DSG/job/Store1546-Johnson-City-NY/Retail-Sales-Lead-Apparel_202512354/apply,200
20250908090223,https://dickssportinggoods.wd1.myworkdayjobs.com/en-US/DSG/job/Store1548-Ross-Park-PA/Assistant-Store-Manager-Operations---House-of-Sport_202514989,200
20250914193942,https://dickssportinggoods.wd1.myworkdayjobs.com/en-US/DSG/job/Store1548-Ross-Park-PA/Assistant-Store-Manager-Operations---House-of-Sport_202514989/apply,200
20250929044155,https://dickssportinggoods.wd1.myworkdayjobs.com/en-US/DSG/job/Store1561-Salem-NH/Retail-Run-Ambassador_202516610,200
20250929044206,https://dickssportinggoods.wd1.myworkdayjobs.com/en-US/DSG/job/Store1561-Salem-NH/Retail-Run-Ambassador_202516610/apply,200
20250801063231,https://dickssportinggoods.wd1.myworkdayjobs.com/en-US/DSG/job/Store1562-Akron-OH/Retail-Sales-Associate--All-Positions----New-Store_202512599,200
20250801063246,https://dickssportinggoods.wd1.myworkdayjobs.com/en-US/DSG/job/Store1562-Akron-OH/Retail-Sales-Associate--All-Positions----New-Store_202512599/apply,200
20250801031932,https://dickssportinggoods.wd1.myworkdayjobs.com/en-US/DSG/job/Store1562-Akron-OH/Retail-Sales-Lead--All-Positions----New-Store_202512600,200
20250801031943,https://dickssportinggoods.wd1.myworkdayjobs.com/en-US/DSG/job/Store1562-Akron-OH/Retail-Sales-Lead--All-Positions----New-Store_202512600/apply,200
20250929055459,https://dickssportinggoods.wd1.myworkdayjobs.com/en-US/DSG/job/Store1565-Amherst-NY/Assistant-Store-Manager-Experiences---House-of-Sport_202515326-1,200
20250929055510,https://dickssportinggoods.wd1.myworkdayjobs.com/en-US/DSG/job/Store1565-Amherst-NY/Assistant-Store-Manager-Experiences---House-of-Sport_202515326-1/apply,200
20250928170004,https://dickssportinggoods.wd1.myworkdayjobs.com/en-US/DSG/job/Store1565-Amherst-NY/Assistant-Store-Manager-Sales---House-of-Sport_202515323-1,200
20250908201334,https://dickssportinggoods.wd1.myworkdayjobs.com/en-US/DSG/job/Store1565-Amherst-NY/Dedicated-Store-Visual-Merchandiser---House-of-Sport_202514725,200
20250918071032,https://dickssportinggoods.wd1.myworkdayjobs.com/en-US/DSG/job/Store1565-Amherst-NY/Dedicated-Store-Visual-Merchandiser---House-of-Sport_202514725/apply,200
20250729212323,https://dickssportinggoods.wd1.myworkdayjobs.com/en-US/DSG/job/Store1566-Jantzen-Beach-OR/Seasonal-Retail-Sales-Associate_202511920,200
20250829095029,https://dickssportinggoods.wd1.myworkdayjobs.com/en-US/DSG/job/Store1567-Jersey-City-NJ/Retail-Golf-Associate_202514389,200
20250831093402,https://dickssportinggoods.wd1.myworkdayjobs.com/en-US/DSG/job/Store1567-Jersey-City-NJ/Retail-Golf-Associate_202514389/apply,200
20250801210138,https://dickssportinggoods.wd1.myworkdayjobs.com/en-US/DSG/job/Store1567-Jersey-City-NJ/Retail-Loss-Prevention---Safety-Lead_202512595,200
20250801210152,https://dickssportinggoods.wd1.myworkdayjobs.com/en-US/DSG/job/Store1567-Jersey-City-NJ/Retail-Loss-Prevention---Safety-Lead_202512595/apply,200
20250821065518,https://dickssportinggoods.wd1.myworkdayjobs.com/en-US/DSG/job/Store1567-Jersey-City-NJ/Retail-Operations-Associate_202513893,200
20250831073039,https://dickssportinggoods.wd1.myworkdayjobs.com/en-US/DSG/job/Store1567-Jersey-City-NJ/Retail-Operations-Associate_202513893/apply,200
20250717233132,https://dickssportinggoods.wd1.myworkdayjobs.com/en-US/DSG/job/Store1567-Jersey-City-NJ/Retail-Sales-Associate--All-Positions----HIRING-EVENT_202511382/apply/applyManually?source=Appcast&_ccid=1750910271553kf8sg0f42,200
20250829233407,https://dickssportinggoods.wd1.myworkdayjobs.com/en-US/DSG/job/Store1567-Jersey-City-NJ/Retail-Service-Associate_202514390,200
20250830144246,https://dickssportinggoods.wd1.myworkdayjobs.com/en-US/DSG/job/Store1567-Jersey-City-NJ/Retail-Service-Associate_202514390/apply,200
20250829082617,https://dickssportinggoods.wd1.myworkdayjobs.com/en-US/DSG/job/Store1567-Jersey-City-NJ/Team-Sports-Associate_202514388,200
20250829110015,https://dickssportinggoods.wd1.myworkdayjobs.com/en-US/DSG/job/Store1567-Jersey-City-NJ/Team-Sports-Associate_202514388/apply,200
20250731002131,https://dickssportinggoods.wd1.myworkdayjobs.com/en-US/DSG/job/Store1569-Strongsville-OH/Assistant-Store-Manager---Experiences_202505977-1,200
20250731002143,https://dickssportinggoods.wd1.myworkdayjobs.com/en-US/DSG/job/Store1569-Strongsville-OH/Assistant-Store-Manager---Experiences_202505977-1/apply,200
20250730010023,https://dickssportinggoods.wd1.myworkdayjobs.com/en-US/DSG/job/Store1581-Fayetteville-NC/Retail-Sales-Associates-Footwear_202511872-1,200
20250730010034,https://dickssportinggoods.wd1.myworkdayjobs.com/en-US/DSG/job/Store1581-Fayetteville-NC/Retail-Sales-Associates-Footwear_202511872-1/apply,200
20250908063857,https://dickssportinggoods.wd1.myworkdayjobs.com/en-US/DSG/job/Store1582-Davenport-IA/Retail-Associate-Golf_202514902,200
20250909075146,https://dickssportinggoods.wd1.myworkdayjobs.com/en-US/DSG/job/Store1582-Davenport-IA/Retail-Associate-Golf_202514902/apply,200
20250908093235,https://dickssportinggoods.wd1.myworkdayjobs.com/en-US/DSG/job/Store1583-Champaign-IL/Retail-Sales-Associate-Apparel_202501115-1,200
20250910191411,https://dickssportinggoods.wd1.myworkdayjobs.com/en-US/DSG/job/Store1583-Champaign-IL/Retail-Sales-Associate-Apparel_202501115-1/apply,200
20250908034513,https://dickssportinggoods.wd1.myworkdayjobs.com/en-US/DSG/job/Store1584-Latham-NY/Retail-Sales-Associate-Team-Sports_202515002,200
20250911133357,https://dickssportinggoods.wd1.myworkdayjobs.com/en-US/DSG/job/Store1584-Latham-NY/Retail-Sales-Associate-Team-Sports_202515002/apply,200
20250813213248,https://dickssportinggoods.wd1.myworkdayjobs.com/en-US/DSG/job/Store1584-Latham-NY/Retail-Sales-Lead-Team-Sports--Key-Holder_202513420,200
20250814152912,https://dickssportinggoods.wd1.myworkdayjobs.com/en-US/DSG/job/Store1584-Latham-NY/Retail-Sales-Lead-Team-Sports--Key-Holder_202513420/apply,200
20250814003239,https://dickssportinggoods.wd1.myworkdayjobs.com/en-US/DSG/job/Store1590-Cedar-Park-TX/Apparel-Key-Holder_202513529,200
20250818075615,https://dickssportinggoods.wd1.myworkdayjobs.com/en-US/DSG/job/Store1590-Cedar-Park-TX/Apparel-Key-Holder_202513529/apply,200
20250920011607,https://dickssportinggoods.wd1.myworkdayjobs.com/en-US/DSG/job/Store1590-Cedar-Park-TX/Footwear-Key-Holder_202515608,200
20250920140456,https://dickssportinggoods.wd1.myworkdayjobs.com/en-US/DSG/job/Store1590-Cedar-Park-TX/Footwear-Key-Holder_202515608/apply,200
20250828214555,https://dickssportinggoods.wd1.myworkdayjobs.com/en-US/DSG/job/Store1591-Prosper-TX/Retail-Sales-Lead-Lodge_202514442,200
20250801004640,https://dickssportinggoods.wd1.myworkdayjobs.com/en-US/DSG/job/Store1591-Prosper-TX/Team-Sports-Lead_202512276,200
20250801004651,https://dickssportinggoods.wd1.myworkdayjobs.com/en-US/DSG/job/Store1591-Prosper-TX/Team-Sports-Lead_202512276/apply,200
20251003134022,https://dickssportinggoods.wd1.myworkdayjobs.com/en-US/DSG/job/Store1592-Oklahoma-City-OK/Retail-Cashier_202514645,200
20251004094456,https://dickssportinggoods.wd1.myworkdayjobs.com/en-US/DSG/job/Store1592-Oklahoma-City-OK/Retail-Cashier_202514645/apply,200
20251004100302,https://dickssportinggoods.wd1.myworkdayjobs.com/en-US/DSG/job/Store1592-Oklahoma-City-OK/Seasonal-Retail-Sales-Associate_202516419-1,200
20250731012155,https://dickssportinggoods.wd1.myworkdayjobs.com/en-US/DSG/job/Store1596-Baileys-Crossroads-VA/Retail-Golf-Club-Tech_202512039,200
20250731012206,https://dickssportinggoods.wd1.myworkdayjobs.com/en-US/DSG/job/Store1596-Baileys-Crossroads-VA/Retail-Golf-Club-Tech_202512039/apply,200
20250907213935,https://dickssportinggoods.wd1.myworkdayjobs.com/en-US/DSG/job/Store1596-Baileys-Crossroads-VA/Retail-Golf-Club-Tech_202514892,200
20250908094414,https://dickssportinggoods.wd1.myworkdayjobs.com/en-US/DSG/job/Store1596-Baileys-Crossroads-VA/Retail-Golf-Club-Tech_202514892/apply,200
20250908180646,https://dickssportinggoods.wd1.myworkdayjobs.com/en-US/DSG/job/Store1596-Baileys-Crossroads-VA/Retail-Sales-Associate-Apparel_202514891,200
20250729192530,https://dickssportinggoods.wd1.myworkdayjobs.com/en-US/DSG/job/Store1596-Baileys-Crossroads-VA/Retail-Sales-Associate-Footwear_202512035,200
20250729192724,https://dickssportinggoods.wd1.myworkdayjobs.com/en-US/DSG/job/Store1596-Baileys-Crossroads-VA/Retail-Sales-Associate-Footwear_202512035/apply,200
20250828155236,https://dickssportinggoods.wd1.myworkdayjobs.com/en-US/DSG/job/Store1597-Glen-Carbon-IL/Assistant-Store-Manager-Softlines_202514498,200
20250830073132,https://dickssportinggoods.wd1.myworkdayjobs.com/en-US/DSG/job/Store1597-Glen-Carbon-IL/Assistant-Store-Manager-Softlines_202514498/apply,302
20250730162115,https://dickssportinggoods.wd1.myworkdayjobs.com/en-US/DSG/job/Store1605-Washington-PA/associate-footwear_202511859,200
20250730162132,https://dickssportinggoods.wd1.myworkdayjobs.com/en-US/DSG/job/Store1605-Washington-PA/associate-footwear_202511859/apply,200
20250729181634,https://dickssportinggoods.wd1.myworkdayjobs.com/en-US/DSG/job/Store1605-Washington-PA/golf-professional_202511855,200
20250730164910,https://dickssportinggoods.wd1.myworkdayjobs.com/en-US/DSG/job/Store1605-Washington-PA/retail-cashier_202511858,200
20250730164921,https://dickssportinggoods.wd1.myworkdayjobs.com/en-US/DSG/job/Store1605-Washington-PA/retail-cashier_202511858/apply,200
20250729183107,https://dickssportinggoods.wd1.myworkdayjobs.com/en-US/DSG/job/Store1605-Washington-PA/retail-sales-associate-apparel_202511862,200
20250729183212,https://dickssportinggoods.wd1.myworkdayjobs.com/en-US/DSG/job/Store1605-Washington-PA/retail-sales-associate-apparel_202511862/apply,200
20250828204137,https://dickssportinggoods.wd1.myworkdayjobs.com/en-US/DSG/job/Store1605-Washington-PA/Retail-Sales-Associate-Omni_202514446,200
20250829035448,https://dickssportinggoods.wd1.myworkdayjobs.com/en-US/DSG/job/Store1605-Washington-PA/Retail-Sales-Associate-Omni_202514446/apply,200
20250801060508,https://dickssportinggoods.wd1.myworkdayjobs.com/en-US/DSG/job/Store1611-Baton-Rouge-LA/Assistant-Store-Manager-Sales---House-of-Sport_202512519,200
20250801060523,https://dickssportinggoods.wd1.myworkdayjobs.com/en-US/DSG/job/Store1611-Baton-Rouge-LA/Assistant-Store-Manager-Sales---House-of-Sport_202512519/apply,200
20250830000831,https://dickssportinggoods.wd1.myworkdayjobs.com/en-US/DSG/job/Store1619-Dallas-TX/Retail-Cashier_202514432-1,200
20250913190809,https://dickssportinggoods.wd1.myworkdayjobs.com/en-US/DSG/job/Store1619-Dallas-TX/Retail-Cashier_202514432-1/apply,200
20250828151341,https://dickssportinggoods.wd1.myworkdayjobs.com/en-US/DSG/job/Store1619-Dallas-TX/Retail-Customer-Service-Specialist_202514433,200
20250829161158,https://dickssportinggoods.wd1.myworkdayjobs.com/en-US/DSG/job/Store1619-Dallas-TX/Retail-Customer-Service-Specialist_202514433/apply,200
20250830002929,https://dickssportinggoods.wd1.myworkdayjobs.com/en-US/DSG/job/Store1619-Dallas-TX/Retail-Sales-Associate-Footwear_202514435,200
20250914233322,https://dickssportinggoods.wd1.myworkdayjobs.com/en-US/DSG/job/Store1619-Dallas-TX/Retail-Sales-Associate-Footwear_202514435/apply,200
20250801113802,https://dickssportinggoods.wd1.myworkdayjobs.com/en-US/DSG/job/Store1620-Tulsa-OK/Event-Associate_202512466-1,200
20250801113817,https://dickssportinggoods.wd1.myworkdayjobs.com/en-US/DSG/job/Store1620-Tulsa-OK/Event-Associate_202512466-1/apply,200
20250814152249,https://dickssportinggoods.wd1.myworkdayjobs.com/en-US/DSG/job/Store1620-Tulsa-OK/Retail-Cashier_202513400,200
20250815031205,https://dickssportinggoods.wd1.myworkdayjobs.com/en-US/DSG/job/Store1620-Tulsa-OK/Retail-Cashier_202513400/apply,200
20250908215050,https://dickssportinggoods.wd1.myworkdayjobs.com/en-US/DSG/job/Store1620-Tulsa-OK/Retail-Operations-Associate_202514898,200
20250915070539,https://dickssportinggoods.wd1.myworkdayjobs.com/en-US/DSG/job/Store1620-Tulsa-OK/Retail-Operations-Associate_202514898/apply,200
20250920010844,https://dickssportinggoods.wd1.myworkdayjobs.com/en-US/DSG/job/Store1620-Tulsa-OK/Retail-Sales-Lead-Apparel_202515571-1,200
20250829074859,https://dickssportinggoods.wd1.myworkdayjobs.com/en-US/DSG/job/Store1623-Leawood-KS/Loss-Prevention-Lead----Key-Carrier_202508230-1,200
20250828111038,https://dickssportinggoods.wd1.myworkdayjobs.com/en-US/DSG/job/Store1623-Leawood-KS/Master-Club-Fitter_202508228,200
20250829154305,https://dickssportinggoods.wd1.myworkdayjobs.com/en-US/DSG/job/Store1623-Leawood-KS/Master-Club-Fitter_202508228/apply,200
20250920124958,https://dickssportinggoods.wd1.myworkdayjobs.com/en-US/DSG/job/Store1623-Leawood-KS/Retail-Sales-Associate_202515581,200
20250920153407,https://dickssportinggoods.wd1.myworkdayjobs.com/en-US/DSG/job/Store1623-Leawood-KS/Retail-Sales-Associate_202515581/apply,200
20250828211104,https://dickssportinggoods.wd1.myworkdayjobs.com/en-US/DSG/job/Store1623-Leawood-KS/Retail-Sales-Leader---Front-End_202508449-1,200
20250814130554,https://dickssportinggoods.wd1.myworkdayjobs.com/en-US/DSG/job/Store1647-Mobile-AL/Retail-Omni-Fulfillment-Lead_202513464,200
20250823124429,https://dickssportinggoods.wd1.myworkdayjobs.com/en-US/DSG/job/Store1647-Mobile-AL/Retail-Omni-Fulfillment-Lead_202513464/apply,200
20250814193456,https://dickssportinggoods.wd1.myworkdayjobs.com/en-US/DSG/job/Store1647-Mobile-AL/Retail-Sales-Rock-Climbing-Lead_202513468,200
20250815235306,https://dickssportinggoods.wd1.myworkdayjobs.com/en-US/DSG/job/Store1647-Mobile-AL/Retail-Sales-Rock-Climbing-Lead_202513468/apply,200
20250920041754,https://dickssportinggoods.wd1.myworkdayjobs.com/en-US/DSG/job/Store3009-Tuttle-Crossing-OH/Retail-Operations-Lead_202515600,200
20250920131052,https://dickssportinggoods.wd1.myworkdayjobs.com/en-US/DSG/job/Store3009-Tuttle-Crossing-OH/Retail-Operations-Lead_202515600/apply,200
20250801085204,https://dickssportinggoods.wd1.myworkdayjobs.com/en-US/DSG/job/Store3043-Buffalo-NY/Retail-Softlines-Lead_202512458,200
20250929041212,https://dickssportinggoods.wd1.myworkdayjobs.com/en-US/DSG/job/Store3045-Galleria-TX/Retail-Cashier_202516561,200
20250928200150,https://dickssportinggoods.wd1.myworkdayjobs.com/en-US/DSG/job/Store3078-Oxford-Valley-PA/Golf-equipment-sales-lead_202516521,200
20250928200201,https://dickssportinggoods.wd1.myworkdayjobs.com/en-US/DSG/job/Store3078-Oxford-Valley-PA/Golf-equipment-sales-lead_202516521/apply,200
20250829054807,https://dickssportinggoods.wd1.myworkdayjobs.com/en-US/DSG/job/Store3080-Sacramento-CA/Retail-Cashier_202514481,200
20250905002311,https://dickssportinggoods.wd1.myworkdayjobs.com/en-US/DSG/job/Store3080-Sacramento-CA/Retail-Cashier_202514481/apply,200
20250908084843,https://dickssportinggoods.wd1.myworkdayjobs.com/en-US/DSG/job/Store3080-Sacramento-CA/Retail-Golf-Equipment-Sales-Associate_202514999,200
20250918122742,https://dickssportinggoods.wd1.myworkdayjobs.com/en-US/DSG/job/Store3080-Sacramento-CA/Retail-Golf-Equipment-Sales-Associate_202514999/apply,200
20250928063713,https://dickssportinggoods.wd1.myworkdayjobs.com/en-US/DSG/job/Store3124-Pembroke-Pines-FL/Retail-Cashier_202516712,200
20250928063724,https://dickssportinggoods.wd1.myworkdayjobs.com/en-US/DSG/job/Store3124-Pembroke-Pines-FL/Retail-Cashier_202516712/apply,200
20260205045822,https://dickssportinggoods.wd1.myworkdayjobs.com/en-US/DSG/job/Store3132-Englewood-CO/Retail-Cashier_202601711/apply/applyManually?source=Appcast_IndeedO&_ccid=1765942637197bpyksm8ae&ittk=1IWVR5XQQK,200
20250928094243,https://dickssportinggoods.wd1.myworkdayjobs.com/en-US/DSG/job/Store3137-Akron-OH/Club-Tech-Associate_202515525,200
20250928094254,https://dickssportinggoods.wd1.myworkdayjobs.com/en-US/DSG/job/Store3137-Akron-OH/Club-Tech-Associate_202515525/apply,200
20250729191434,https://dickssportinggoods.wd1.myworkdayjobs.com/en-US/DSG/job/Store3140-Madison-WI/Retail-Golf-Equipment-Sales-Lead---Key-Holder_202511896,200
20250729191446,https://dickssportinggoods.wd1.myworkdayjobs.com/en-US/DSG/job/Store3140-Madison-WI/Retail-Golf-Equipment-Sales-Lead---Key-Holder_202511896/apply,200
20250828204021,https://dickssportinggoods.wd1.myworkdayjobs.com/en-US/DSG/job/Store3140-Madison-WI/Retail-Sales-Associate-Golf_202514478,200
20250906194355,https://dickssportinggoods.wd1.myworkdayjobs.com/en-US/DSG/job/Store3140-Madison-WI/Retail-Sales-Associate-Golf_202514478/apply,200
20250908062815,https://dickssportinggoods.wd1.myworkdayjobs.com/en-US/DSG/job/Store3144-Hilton-Head-SC/Retail-Master-Club-Fitter--Keyholder_202514971,200
20250910062657,https://dickssportinggoods.wd1.myworkdayjobs.com/en-US/DSG/job/Store3144-Hilton-Head-SC/Retail-Master-Club-Fitter--Keyholder_202514971/apply,200
20250929072643,https://dickssportinggoods.wd1.myworkdayjobs.com/en-US/DSG/job/Store3146-Redlands-CA/Retail-Cashier_202516613,200
20250929072653,https://dickssportinggoods.wd1.myworkdayjobs.com/en-US/DSG/job/Store3146-Redlands-CA/Retail-Cashier_202516613/apply,200
20250929134420,https://dickssportinggoods.wd1.myworkdayjobs.com/en-US/DSG/job/Store3164-Holmdel-NJ/Retail-Cashier_202516653,200
20250929134431,https://dickssportinggoods.wd1.myworkdayjobs.com/en-US/DSG/job/Store3164-Holmdel-NJ/Retail-Cashier_202516653/apply,200
20250814014821,https://dickssportinggoods.wd1.myworkdayjobs.com/en-US/DSG/job/Store3210-Greensboro-NC/Retail-Cashier---Golf-Galaxy_202513406,200
20250814151033,https://dickssportinggoods.wd1.myworkdayjobs.com/en-US/DSG/job/Store3210-Greensboro-NC/Retail-Cashier---Golf-Galaxy_202513406/apply,200
20250814030830,https://dickssportinggoods.wd1.myworkdayjobs.com/en-US/DSG/job/Store3220-Norwalk-CT/Golf-Professional---Golf-Galaxy_202513408,200
20250814163847,https://dickssportinggoods.wd1.myworkdayjobs.com/en-US/DSG/job/Store3220-Norwalk-CT/Golf-Professional---Golf-Galaxy_202513408/apply,200
20251004154147,https://dickssportinggoods.wd1.myworkdayjobs.com/en-US/DSG/job/Store3224-Brookfield-WI/Golf-Galaxy-Retail-Cashier_202516949,200
20251004154159,https://dickssportinggoods.wd1.myworkdayjobs.com/en-US/DSG/job/Store3224-Brookfield-WI/Golf-Galaxy-Retail-Cashier_202516949/apply,200
20250908064142,https://dickssportinggoods.wd1.myworkdayjobs.com/en-US/DSG/job/Store3226-Overland-Park-KS/Retail-Cashier_202514897-1,200
20250912132100,https://dickssportinggoods.wd1.myworkdayjobs.com/en-US/DSG/job/Store3226-Overland-Park-KS/Retail-Cashier_202514897-1/apply,200
20250907230412,https://dickssportinggoods.wd1.myworkdayjobs.com/en-US/DSG/job/Store3226-Overland-Park-KS/Retail-Golf-Equipment-Sales-Associate_202514896,200
20250912232711,https://dickssportinggoods.wd1.myworkdayjobs.com/en-US/DSG/job/Store3226-Overland-Park-KS/Retail-Golf-Equipment-Sales-Associate_202514896/apply,200
20250829112407,https://dickssportinggoods.wd1.myworkdayjobs.com/en-US/DSG/job/Store3240-Upland-CA/Retail-Cashier_202514523,200
20250829121512,https://dickssportinggoods.wd1.myworkdayjobs.com/en-US/DSG/job/Store3240-Upland-CA/Retail-Cashier_202514523/apply,200
20250829225847,https://dickssportinggoods.wd1.myworkdayjobs.com/en-US/DSG/job/Store4400-Utica-MI/Retail-Customer-Service-Specialist_202514512-1,200
20250918015326,https://dickssportinggoods.wd1.myworkdayjobs.com/en-US/DSG/job/Store4400-Utica-MI/Retail-Customer-Service-Specialist_202514512-1/apply,200
20250731210842,https://dickssportinggoods.wd1.myworkdayjobs.com/en-US/DSG/job/Store4410-Franklin-Mills-PA/Store-Manager_202512571,200
20250731211153,https://dickssportinggoods.wd1.myworkdayjobs.com/en-US/DSG/job/Store4410-Franklin-Mills-PA/Store-Manager_202512571/apply,200
20250908145415,https://dickssportinggoods.wd1.myworkdayjobs.com/en-US/DSG/job/Store4414-Avon-IN/Retail-Customer-Service-Specialist_202515003,200
20250909020010,https://dickssportinggoods.wd1.myworkdayjobs.com/en-US/DSG/job/Store4414-Avon-IN/Retail-Customer-Service-Specialist_202515003/apply,200
20250814123932,https://dickssportinggoods.wd1.myworkdayjobs.com/en-US/DSG/job/Store4433-Royal-Palm-Beach-FL/retail-cashier_202513431,200
20250817091358,https://dickssportinggoods.wd1.myworkdayjobs.com/en-US/DSG/job/Store4433-Royal-Palm-Beach-FL/retail-cashier_202513431/apply,200
20250813211934,https://dickssportinggoods.wd1.myworkdayjobs.com/en-US/DSG/job/Store4433-Royal-Palm-Beach-FL/Retail-sales-associate-apparel_202513437,200
20250813232854,https://dickssportinggoods.wd1.myworkdayjobs.com/en-US/DSG/job/Store4433-Royal-Palm-Beach-FL/Retail-sales-associate-apparel_202513437/apply,200
20250928150659,https://dickssportinggoods.wd1.myworkdayjobs.com/en-US/DSG/job/Store4435-Knoxville-TN/Retail-Operations-Associate_202516642,200
20250928150709,https://dickssportinggoods.wd1.myworkdayjobs.com/en-US/DSG/job/Store4435-Knoxville-TN/Retail-Operations-Associate_202516642/apply,200
20250730005125,https://dickssportinggoods.wd1.myworkdayjobs.com/en-US/DSG/job/Store4440-Syracuse-NY/Customer-Service-Specialist_202512049,200
20250730005142,https://dickssportinggoods.wd1.myworkdayjobs.com/en-US/DSG/job/Store4440-Syracuse-NY/Customer-Service-Specialist_202512049/apply,200
20250919210118,https://dickssportinggoods.wd1.myworkdayjobs.com/en-US/DSG/job/Store4442-Oklahoma-City-OK/Retail-Sales-Lead-Apparel---Key-Holder_202515576-1,200
20250801091448,https://dickssportinggoods.wd1.myworkdayjobs.com/en-US/DSG/job/Store4451-Miami-FL/Retail-Cashier_202508146,200
20250801091429,https://dickssportinggoods.wd1.myworkdayjobs.com/en-US/DSG/job/Store4451-Miami-FL/Retail-Cashier_202512424,200
20250801091448,https://dickssportinggoods.wd1.myworkdayjobs.com/en-US/DSG/job/Store4451-Miami-FL/Retail-Cashier_202512424/apply,200
20250801014933,https://dickssportinggoods.wd1.myworkdayjobs.com/en-US/DSG/job/Store4451-Miami-FL/Retail-Sales-Associate-Apparel_202512423,200
20250829065841,https://dickssportinggoods.wd1.myworkdayjobs.com/en-US/DSG/job/Store4453-Bridgeville-PA/Retail-Sales-Associate_202514520,200
20251005031550,https://dickssportinggoods.wd1.myworkdayjobs.com/en-US/DSG/job/Store4458-Deptford-NJ/Retail-Sales-Lead-Apparel_202516989,200
20251005031614,https://dickssportinggoods.wd1.myworkdayjobs.com/en-US/DSG/job/Store4458-Deptford-NJ/Retail-Sales-Lead-Apparel_202516989/apply,200
20250801093212,https://dickssportinggoods.wd1.myworkdayjobs.com/en-US/DSG/job/Store4609-Mobile-AL/Event-Programming-Lead_202512557-1,200
20250801093320,https://dickssportinggoods.wd1.myworkdayjobs.com/en-US/DSG/job/Store4609-Mobile-AL/Event-Programming-Lead_202512557-1/apply,200
20250908024629,https://dickssportinggoods.wd1.myworkdayjobs.com/en-US/DSG/job/Store4610-Easton-OH/Retail-Camping-Specialist_202515030,200
20250916214313,https://dickssportinggoods.wd1.myworkdayjobs.com/en-US/DSG/job/Store4610-Easton-OH/Retail-Camping-Specialist_202515030/apply,200
20250814120857,https://dickssportinggoods.wd1.myworkdayjobs.com/en-US/DSG/job/Store5205-Southern-Pines-NC/Retail-Omni-Fulfillment-Associate_202513395,200
20250815032338,https://dickssportinggoods.wd1.myworkdayjobs.com/en-US/DSG/job/Store5205-Southern-Pines-NC/Retail-Omni-Fulfillment-Associate_202513395/apply,200
20250730064803,https://dickssportinggoods.wd1.myworkdayjobs.com/en-US/DSG/job/Store5205-Southern-Pines-NC/Retail-Price-and-Signage-Lead_202512150,200
20250731004639,https://dickssportinggoods.wd1.myworkdayjobs.com/en-US/DSG/job/Store5205-Southern-Pines-NC/Retail-Store-Administrative-Assistant_202511735,200
20250731004649,https://dickssportinggoods.wd1.myworkdayjobs.com/en-US/DSG/job/Store5205-Southern-Pines-NC/Retail-Store-Administrative-Assistant_202511735/apply,200
20250731004649,https://dickssportinggoods.wd1.myworkdayjobs.com/en-US/DSG/job/Store5205-Southern-Pines-NC/Retail-Store-Administrative-Assistant_202512149,200
20250730064752,https://dickssportinggoods.wd1.myworkdayjobs.com/en-US/DSG/job/Store5205-Southern-Pines-NC/XMLNAME-10179--Retail-Price-and-Signage-Lead_202511737,200
20250730064803,https://dickssportinggoods.wd1.myworkdayjobs.com/en-US/DSG/job/Store5205-Southern-Pines-NC/XMLNAME-10179--Retail-Price-and-Signage-Lead_202511737/apply,200
20250814194534,https://dickssportinggoods.wd1.myworkdayjobs.com/en-US/DSG/job/Store5206-Clermont-FL/Retail-Associate-Team-Sports_202513508,200
20250813183341,https://dickssportinggoods.wd1.myworkdayjobs.com/en-US/DSG/job/Store5206-Clermont-FL/Retail-Sales-Associate-Footwear_202513503,200
20250815133410,https://dickssportinggoods.wd1.myworkdayjobs.com/en-US/DSG/job/Store5206-Clermont-FL/Retail-Sales-Associate-Footwear_202513503/apply,200
20250920050534,https://dickssportinggoods.wd1.myworkdayjobs.com/en-US/DSG/job/Store5434-Virginia-Beach-VA/Administrative-Assistant_202515614,200
20250920173334,https://dickssportinggoods.wd1.myworkdayjobs.com/en-US/DSG/job/Store5434-Virginia-Beach-VA/Administrative-Assistant_202515614/apply,200
20250814105645,https://dickssportinggoods.wd1.myworkdayjobs.com/en-US/DSG/job/Store5444-Cherry-Hill-NJ/Retail-Omni-Fulfillment-Associate_202513541,200
20250815125934,https://dickssportinggoods.wd1.myworkdayjobs.com/en-US/DSG/job/Store5444-Cherry-Hill-NJ/Retail-Omni-Fulfillment-Associate_202513541/apply,200
20250730070053,https://dickssportinggoods.wd1.myworkdayjobs.com/en-US/DSG/job/Store5445-King-of-Prussia-PA/Retail-Sales-Associate-Footwear_202511887,200
20250730070117,https://dickssportinggoods.wd1.myworkdayjobs.com/en-US/DSG/job/Store5445-King-of-Prussia-PA/Retail-Sales-Associate-Footwear_202511887/apply,200
20250729200535,https://dickssportinggoods.wd1.myworkdayjobs.com/en-US/DSG/job/Store5445-King-of-Prussia-PA/Retail-Sales-Associate_202511883,200
20250729200546,https://dickssportinggoods.wd1.myworkdayjobs.com/en-US/DSG/job/Store5445-King-of-Prussia-PA/Retail-Sales-Associate_202511883/apply,200
20250730085834,https://dickssportinggoods.wd1.myworkdayjobs.com/en-US/DSG/job/Store5445-King-of-Prussia-PA/Retail-Sales-Associate_202511888,200
20250730085900,https://dickssportinggoods.wd1.myworkdayjobs.com/en-US/DSG/job/Store5445-King-of-Prussia-PA/Retail-Sales-Associate_202511888/apply,200
20251004030643,https://dickssportinggoods.wd1.myworkdayjobs.com/en-US/DSG/job/Store5445-King-of-Prussia-PA/Retail-Sales-Lead-Apparel---Going-Going-Gone_202516998,200
20251004032249,https://dickssportinggoods.wd1.myworkdayjobs.com/en-US/DSG/job/Store5445-King-of-Prussia-PA/Retail-Sales-Lead-Apparel---Going-Going-Gone_202516998/apply,200
20250829081529,https://dickssportinggoods.wd1.myworkdayjobs.com/en-US/DSG/job/Store5470-Bainbridge-OH/Retail-Cashier_202514420,200
20250830045306,https://dickssportinggoods.wd1.myworkdayjobs.com/en-US/DSG/job/Store5470-Bainbridge-OH/Retail-Cashier_202514420/apply,200
20250829055153,https://dickssportinggoods.wd1.myworkdayjobs.com/en-US/DSG/job/Store5470-Bainbridge-OH/Retail-Omni-Lead---Key-Holder_202514535,200
20250907165733,https://dickssportinggoods.wd1.myworkdayjobs.com/en-US/DSG/job/Store5470-Bainbridge-OH/Retail-Omni-Lead---Key-Holder_202514535/apply,200
20251004215327,https://dickssportinggoods.wd1.myworkdayjobs.com/en-US/DSG/job/Store5470-Bainbridge-OH/Retail-Omni-Lead---Key-Holder_202516985,200
20251004215340,https://dickssportinggoods.wd1.myworkdayjobs.com/en-US/DSG/job/Store5470-Bainbridge-OH/Retail-Omni-Lead---Key-Holder_202516985/apply,200
20250730214221,https://dickssportinggoods.wd1.myworkdayjobs.com/en-US/DSG/job/Store5470-Bainbridge-OH/Retails-Sales-Associate-Apparel_202511861,200
20250730214232,https://dickssportinggoods.wd1.myworkdayjobs.com/en-US/DSG/job/Store5470-Bainbridge-OH/Retails-Sales-Associate-Apparel_202511861/apply,200
20250907133450,https://dickssportinggoods.wd1.myworkdayjobs.com/en-US/DSG/job/Store5484-Fayetteville-NC/Retail-Sales-Associate_202514994,200
20250911224102,https://dickssportinggoods.wd1.myworkdayjobs.com/en-US/DSG/job/Store5484-Fayetteville-NC/Retail-Sales-Associate_202514994/apply,200
20250801051332,https://dickssportinggoods.wd1.myworkdayjobs.com/en-US/DSG/job/Store5488-Paramus-NJ/Key-Carrying-Lead_202511612,200
20250801051152,https://dickssportinggoods.wd1.myworkdayjobs.com/en-US/DSG/job/Store5488-Paramus-NJ/Pricing-Signage-Lead_202510995,200
20250801051332,https://dickssportinggoods.wd1.myworkdayjobs.com/en-US/DSG/job/Store5488-Paramus-NJ/Pricing-Signage-Lead_202510995/apply,200
20250731005038,https://dickssportinggoods.wd1.myworkdayjobs.com/en-US/DSG/job/Store5488-Paramus-NJ/retail-sales-associate-apparel_202511993,200
20250731005050,https://dickssportinggoods.wd1.myworkdayjobs.com/en-US/DSG/job/Store5488-Paramus-NJ/retail-sales-associate-apparel_202511993/apply,200
20250814181528,https://dickssportinggoods.wd1.myworkdayjobs.com/en-US/DSG/job/Store5490-Terre-Haute-IN/Retail-Sales-Lead-Apparel---Key-Holder_202513291,200
20250813213146,https://dickssportinggoods.wd1.myworkdayjobs.com/en-US/DSG/job/Store5490-Terre-Haute-IN/Retail-Sales-Lead-Footwear---Key-Holder_202513292-1,200
20250814164656,https://dickssportinggoods.wd1.myworkdayjobs.com/en-US/DSG/job/Store5490-Terre-Haute-IN/Retail-Sales-Lead-Footwear---Key-Holder_202513292-1/apply,200
20250928200545,https://dickssportinggoods.wd1.myworkdayjobs.com/en-US/DSG/job/Store5600-Cranberry-PA/Seasonal-Retail-Sales-Associate_202516634,200
20250928200606,https://dickssportinggoods.wd1.myworkdayjobs.com/en-US/DSG/job/Store5600-Cranberry-PA/Seasonal-Retail-Sales-Associate_202516634/apply,200
20250919223436,https://dickssportinggoods.wd1.myworkdayjobs.com/en-US/DSG/job/Store5600-Cranberry-PA/XMLNAME-72031---Boot-Fitter_202515033,200
20250731234844,https://dickssportinggoods.wd1.myworkdayjobs.com/en-US/DSG/job/Store5602-Framingham-MA/Assistant-Store-Manager---Public-Lands_202512612,200
20250908003318,https://dickssportinggoods.wd1.myworkdayjobs.com/en-US/DSG/job/Store5607-Woodbury-MN/Apparel-sales-associate_202511076,200
20250910032018,https://dickssportinggoods.wd1.myworkdayjobs.com/en-US/DSG/job/Store5607-Woodbury-MN/Apparel-sales-associate_202511076/apply,200
20250908010239,https://dickssportinggoods.wd1.myworkdayjobs.com/en-US/DSG/job/Store5607-Woodbury-MN/Apparel-sales-associate_202515015,200
20250915141325,https://dickssportinggoods.wd1.myworkdayjobs.com/en-US/DSG/job/Store5607-Woodbury-MN/Apparel-sales-associate_202515015/apply,200
20250908130607,https://dickssportinggoods.wd1.myworkdayjobs.com/en-US/DSG/job/Store5607-Woodbury-MN/Camping-Outdoor-Lead_202511130,200
20250917052722,https://dickssportinggoods.wd1.myworkdayjobs.com/en-US/DSG/job/Store5607-Woodbury-MN/Camping-Outdoor-Lead_202511130/apply,200
20250907232749,https://dickssportinggoods.wd1.myworkdayjobs.com/en-US/DSG/job/Store5607-Woodbury-MN/Customer-service-specialist_202511078,200
20250916190440,https://dickssportinggoods.wd1.myworkdayjobs.com/en-US/DSG/job/Store5607-Woodbury-MN/Customer-service-specialist_202511078/apply,200
20250909131519,https://dickssportinggoods.wd1.myworkdayjobs.com/en-US/DSG/job/Store5607-Woodbury-MN/Customer-service-specialist_202512022,200
20250907144117,https://dickssportinggoods.wd1.myworkdayjobs.com/en-US/DSG/job/Store5607-Woodbury-MN/Key-carrying-Apparel-Lead_202511129,200
20250908230713,https://dickssportinggoods.wd1.myworkdayjobs.com/en-US/DSG/job/Store5607-Woodbury-MN/outdoor-sales-associate_202511119,200
20250916120627,https://dickssportinggoods.wd1.myworkdayjobs.com/en-US/DSG/job/Store5607-Woodbury-MN/outdoor-sales-associate_202511119/apply,200
20250916154236,https://dickssportinggoods.wd1.myworkdayjobs.com/en-US/DSG/job/Store5607-Woodbury-MN/outdoor-sales-associate_202512021,200
20260721031454,https://dickssportinggoods.wd1.myworkdayjobs.com/en-US/DSG/job/Store5607-Woodbury-MN/Retail-Customer-Service-Specialist_202609444,200
20260721031507,https://dickssportinggoods.wd1.myworkdayjobs.com/en-US/DSG/job/Store5607-Woodbury-MN/Retail-Customer-Service-Specialist_202609444/apply,200
20260721031148,https://dickssportinggoods.wd1.myworkdayjobs.com/en-US/DSG/job/Store5607-Woodbury-MN/Retail-Customer-Service-Specialist_202609444/apply/applyManually,200
20260721031148,https://dickssportinggoods.wd1.myworkdayjobs.com/en-US/DSG/job/Store5607-Woodbury-MN/Retail-Customer-Service-Specialist_202609444/apply/useMyLastApplication,200
20250801090109,https://dickssportinggoods.wd1.myworkdayjobs.com/en-US/DSG/job/Supply-Chain-Analyst_202508745,200
20250730070416,https://dickssportinggoods.wd1.myworkdayjobs.com/en-US/DSG/job/Support-Technician_202511913,200
20250919024844,https://dickssportinggoods.wd1.myworkdayjobs.com/en-US/DSG/job/TDP---Data---Analytics-Engineering--2026-_202509968,200
20250912140339,https://dickssportinggoods.wd1.myworkdayjobs.com/en-US/DSG/job/TDP---Software-Engineer--2026-_202509962,200
20260312045658,https://dickssportinggoods.wd1.myworkdayjobs.com/en-US/DSG/job/Team-Sports-Associate_202600289,200
20260312042039,https://dickssportinggoods.wd1.myworkdayjobs.com/en-US/DSG/job/Team-Sports-Lead_202600010,200
20260831190317,https://dickssportinggoods.wd1.myworkdayjobs.com/en-US/DSG/job/Teammate---Operations_202633488-1,200
20250816170717,https://dickssportinggoods.wd1.myworkdayjobs.com/en-US/DSG/job/Temporary--Retail-Sales-Associate_202510461,200
20250815170758,https://dickssportinggoods.wd1.myworkdayjobs.com/en-US/DSG/job/Truck-Processing-Shift-1-30-AM_202513479,200
20260312051945,https://dickssportinggoods.wd1.myworkdayjobs.com/en-US/DSG/job/Visual-Merchandising---Associate_202519795,200
20250920143948,https://dickssportinggoods.wd1.myworkdayjobs.com/en-US/DSG/job/XMLNAME-10112---Retail-Sales-Associate-Footwear_202515586,200
20251004230949,https://dickssportinggoods.wd1.myworkdayjobs.com/en-US/DSG/job/XMLNAME-10113---Retail-Sales-Associate-Golf_202517027,200
20260312051822,https://dickssportinggoods.wd1.myworkdayjobs.com/en-US/DSG/job/XMLNAME-10158-Golf-Expert_202518327,200
20250910142941,https://dickssportinggoods.wd1.myworkdayjobs.com/en-US/DSG/job/XMLNAME-10161-Retail-Cashier_202514879,200
20260312045144,https://dickssportinggoods.wd1.myworkdayjobs.com/en-US/DSG/job/XMLNAME-10183---Retail-Customer-Service-Specialist_202519234,200
20250921020654,https://dickssportinggoods.wd1.myworkdayjobs.com/en-US/DSG/job/XMLNAME-10183--retail-Customer-Service-Specialist_202515589,200
20250921034123,https://dickssportinggoods.wd1.myworkdayjobs.com/en-US/DSG/job/XMLNAME-20101---Maintenance-Associate_202515606,200
20260312041655,https://dickssportinggoods.wd1.myworkdayjobs.com/en-US/DSG/job/XMLNAME-20105--Retail-Operations-Associate_202519929-1,200
20260312042105,https://dickssportinggoods.wd1.myworkdayjobs.com/en-US/DSG/job/XMLNAME-20113---Retail-Omni-Fulfillment-Associate_202519231,200
20240924220612,https://dickssportinggoods.wd1.myworkdayjobs.com/en-US/DSG/jobTasks/completed/application,303
20250401085553,https://dickssportinggoods.wd1.myworkdayjobs.com/en-US/DSG/jobTasks/completed/application?source=Appcast_IndeedO&_ccid=1743497250201k269asyyl&ittk=UFOIBZOYSJ,303
