fipstate,fipscty,naics,emp_nf,emp,qp1_nf,qp1,ap_nf,ap,est,n<5,n5_9,n10_19,n20_49,n50_99,n100_249,n250_499,n500_999,n1000,n1000_1,n1000_2,n1000_3,n1000_4,censtate,cencty,yr,fips
01,001,451110,J,69,J,275,J,1202,3,N,N,N,N,,,N,N,N,N,N,N,N,63,001,2018,1001
01,003,451110,H,409,H,1718,H,7587,23,13,5,N,N,,,N,N,N,N,N,N,N,63,003,2018,1003
01,015,451110,H,64,H,314,H,1147,6,N,3,N,N,,,N,N,N,N,N,N,N,63,015,2018,1015
01,043,451110,H,77,H,409,H,1381,5,N,N,N,N,,,N,N,N,N,N,N,N,63,043,2018,1043
01,045,451110,J,14,H,79,H,326,3,N,N,N,N,,,N,N,N,N,N,N,N,63,045,2018,1045
01,055,451110,H,90,H,351,H,1699,6,3,N,N,N,,,N,N,N,N,N,N,N,63,055,2018,1055
01,069,451110,J,196,J,951,J,4223,9,3,N,N,N,,,N,N,N,N,N,N,N,63,069,2018,1069
01,071,451110,G,40,H,180,G,726,7,5,N,N,N,,,N,N,N,N,N,N,N,63,071,2018,1071
01,073,451110,G,692,G,3631,G,16387,33,13,7,4,4,4.0,,N,N,N,N,N,N,N,63,073,2018,1073
01,077,451110,J,185,J,667,H,3524,8,3,N,N,N,,,N,N,N,N,N,N,N,63,077,2018,1077
01,081,451110,J,198,H,702,H,2947,11,6,N,N,N,,,N,N,N,N,N,N,N,63,081,2018,1081
01,089,451110,G,502,G,2046,G,9083,28,13,5,3,4,,,N,N,N,N,N,N,N,63,089,2018,1089
01,095,451110,J,19,J,81,H,302,4,3,N,N,N,,,N,N,N,N,N,N,N,63,095,2018,1095
01,097,451110,G,322,G,1557,H,6972,21,9,6,3,N,3.0,,N,N,N,N,N,N,N,63,097,2018,1097
01,099,451110,G,2,J,7,J,39,3,3,N,N,N,,,N,N,N,N,N,N,N,63,099,2018,1099
01,101,451110,H,182,H,729,H,3002,11,5,N,N,N,,,N,N,N,N,N,N,N,63,101,2018,1101
01,103,451110,J,86,J,284,J,1381,5,4,N,N,N,,,N,N,N,N,N,N,N,63,103,2018,1103
01,109,451110,G,11,J,28,H,108,3,N,N,N,N,,,N,N,N,N,N,N,N,63,109,2018,1109
01,117,451110,H,205,J,824,H,3536,13,6,3,N,N,,,N,N,N,N,N,N,N,63,117,2018,1117
01,125,451110,G,243,G,1138,G,5163,15,7,3,N,4,,,N,N,N,N,N,N,N,63,125,2018,1125
02,020,451110,H,532,G,3236,G,14292,31,11,12,4,N,,,N,N,N,N,N,N,N,94,020,2018,2020
02,090,451110,G,204,G,868,G,3424,11,4,N,N,N,,,N,N,N,N,N,N,N,94,090,2018,2090
02,110,451110,J,44,J,200,J,1095,6,3,N,N,N,,,N,N,N,N,N,N,N,94,110,2018,2110
02,122,451110,G,57,G,380,G,1848,9,7,N,N,N,,,N,N,N,N,N,N,N,94,122,2018,2122
02,150,451110,H,24,J,197,J,751,4,N,N,N,N,,,N,N,N,N,N,N,N,94,150,2018,2150
02,170,451110,H,62,H,278,H,1151,5,3,N,N,N,,,N,N,N,N,N,N,N,94,170,2018,2170
04,003,451110,J,30,G,149,G,571,5,4,N,N,N,,,N,N,N,N,N,N,N,86,003,2018,4003
04,005,451110,H,281,G,1075,G,4532,21,7,3,6,4,,,N,N,N,N,N,N,N,86,005,2018,4005
04,007,451110,J,27,J,103,J,421,3,N,N,N,N,,,N,N,N,N,N,N,N,86,007,2018,4007
04,009,451110,H,21,H,78,H,326,3,N,N,N,N,,,N,N,N,N,N,N,N,86,009,2018,4009
04,013,451110,G,3183,G,20066,G,79518,264,109,71,54,16,12.0,,N,N,N,N,N,N,N,86,013,2018,4013
04,015,451110,G,119,G,469,G,1833,18,9,4,5,N,,,N,N,N,N,N,N,N,86,015,2018,4015
04,017,451110,H,73,H,227,H,1207,7,4,N,N,N,,,N,N,N,N,N,N,N,86,017,2018,4017
04,019,451110,G,725,G,3701,G,15098,71,24,23,15,7,,,N,N,N,N,N,N,N,86,019,2018,4019
04,021,451110,J,57,J,224,H,815,9,5,N,3,N,,,N,N,N,N,N,N,N,86,021,2018,4021
04,025,451110,G,192,G,802,G,3260,24,14,N,6,N,,,N,N,N,N,N,N,N,86,025,2018,4025
04,027,451110,J,82,J,462,J,1993,12,9,N,N,N,,,N,N,N,N,N,N,N,86,027,2018,4027
05,005,451110,H,22,G,98,G,503,8,6,N,N,N,,,N,N,N,N,N,N,N,71,005,2018,5005
05,007,451110,G,521,G,2239,G,9719,25,9,7,3,3,,,N,N,N,N,N,N,N,71,007,2018,5007
05,023,451110,J,6,G,29,G,121,4,4,N,N,N,,,N,N,N,N,N,N,N,71,023,2018,5023
05,031,451110,H,111,H,533,H,2427,7,4,N,N,N,,,N,N,N,N,N,N,N,71,031,2018,5031
05,033,451110,J,23,J,144,H,674,5,4,N,N,N,,,N,N,N,N,N,N,N,71,033,2018,5033
05,045,451110,J,149,H,542,H,2291,7,3,N,N,N,,,N,N,N,N,N,N,N,71,045,2018,5045
05,051,451110,H,100,H,529,H,2141,10,5,3,N,N,,,N,N,N,N,N,N,N,71,051,2018,5051
05,063,451110,H,30,H,143,H,612,5,N,N,N,N,,,N,N,N,N,N,N,N,71,063,2018,5063
05,085,451110,G,6,G,30,G,127,3,3,N,N,N,,,N,N,N,N,N,N,N,71,085,2018,5085
05,119,451110,H,717,H,3972,G,18461,37,12,13,7,N,,,N,N,N,N,N,N,N,71,119,2018,5119
05,125,451110,H,72,H,320,H,1469,4,N,N,N,N,,,N,N,N,N,N,N,N,71,125,2018,5125
05,131,451110,H,180,H,920,H,4004,12,5,4,N,N,,,N,N,N,N,N,N,N,71,131,2018,5131
05,135,451110,G,9,J,18,H,119,3,N,N,N,N,,,N,N,N,N,N,N,N,71,135,2018,5135
05,143,451110,H,193,H,861,H,3917,17,7,7,N,N,,,N,N,N,N,N,N,N,71,143,2018,5143
05,145,451110,G,21,G,114,G,480,7,5,N,N,N,,,N,N,N,N,N,N,N,71,145,2018,5145
06,001,451110,G,1113,G,7005,G,27611,92,34,24,24,5,4.0,,N,N,N,N,N,N,N,93,001,2018,6001
06,007,451110,H,271,G,1269,G,5765,27,12,5,8,N,,,N,N,N,N,N,N,N,93,007,2018,6007
06,009,451110,G,13,G,87,H,475,3,N,N,N,N,,,N,N,N,N,N,N,N,93,009,2018,6009
06,013,451110,G,611,G,3583,G,14830,66,30,16,15,3,,,N,N,N,N,N,N,N,93,013,2018,6013
06,017,451110,J,226,H,1168,H,3873,20,9,3,4,3,,,N,N,N,N,N,N,N,93,017,2018,6017
06,019,451110,G,603,G,2942,G,11499,47,18,9,14,N,4.0,,N,N,N,N,N,N,N,93,019,2018,6019
06,023,451110,H,175,G,950,H,4367,15,5,5,N,3,,,N,N,N,N,N,N,N,93,023,2018,6023
06,027,451110,G,30,G,193,G,1092,7,5,N,N,N,,,N,N,N,N,N,N,N,93,027,2018,6027
06,029,451110,H,259,G,1470,G,5644,26,12,4,8,N,,,N,N,N,N,N,N,N,93,029,2018,6029
06,037,451110,G,4099,G,24827,G,101287,413,195,80,95,32,11.0,,N,N,N,N,N,N,N,93,037,2018,6037
06,041,451110,G,432,G,2963,G,12322,42,12,15,12,N,,,N,N,N,N,N,N,N,93,041,2018,6041
06,045,451110,G,58,G,255,G,1025,10,6,N,N,N,,,N,N,N,N,N,N,N,93,045,2018,6045
06,047,451110,H,83,H,370,H,1544,11,6,N,4,N,,,N,N,N,N,N,N,N,93,047,2018,6047
06,051,451110,G,190,G,1181,G,4076,11,N,5,N,N,,,N,N,N,N,N,N,N,93,051,2018,6051
06,053,451110,H,220,G,1159,G,4477,24,13,5,4,N,,,N,N,N,N,N,N,N,93,053,2018,6053
06,055,451110,G,75,H,369,H,1412,11,3,6,N,N,,,N,N,N,N,N,N,N,93,055,2018,6055
06,057,451110,H,188,H,1403,H,4318,20,10,3,4,3,,,N,N,N,N,N,N,N,93,057,2018,6057
06,059,451110,G,2629,G,14662,G,59093,240,104,58,50,19,7.0,,N,N,N,N,N,N,N,93,059,2018,6059
06,061,451110,G,390,G,2254,G,8496,41,18,9,10,3,,,N,N,N,N,N,N,N,93,061,2018,6061
06,065,451110,G,1016,G,6034,G,24345,106,47,22,26,11,,,N,N,N,N,N,N,N,93,065,2018,6065
06,067,451110,G,948,G,5353,G,21516,92,42,20,20,7,3.0,,N,N,N,N,N,N,N,93,067,2018,6067
06,071,451110,H,1283,G,6197,G,24816,78,34,11,23,7,,,N,N,N,N,N,N,N,93,071,2018,6071
06,073,451110,G,2562,G,15653,G,64456,260,121,51,59,22,6.0,,N,N,N,N,N,N,N,93,073,2018,6073
06,075,451110,H,612,H,5139,H,21670,54,27,16,5,N,4.0,,N,N,N,N,N,N,N,93,075,2018,6075
06,077,451110,H,508,H,2299,H,10305,36,16,8,8,3,,,N,N,N,N,N,N,N,93,077,2018,6077
06,079,451110,G,256,G,1281,G,5745,35,15,11,7,N,,,N,N,N,N,N,N,N,93,079,2018,6079
06,081,451110,G,575,G,3869,G,15730,54,24,12,14,N,,,N,N,N,N,N,N,N,93,081,2018,6081
06,083,451110,G,280,G,1545,G,6321,41,23,10,6,N,,,N,N,N,N,N,N,N,93,083,2018,6083
06,085,451110,G,1189,G,8098,G,31551,91,31,18,30,6,6.0,,N,N,N,N,N,N,N,93,085,2018,6085
06,087,451110,G,295,G,1626,G,7491,30,11,N,16,N,,,N,N,N,N,N,N,N,93,087,2018,6087
06,089,451110,G,199,G,952,G,4236,16,6,5,N,N,,,N,N,N,N,N,N,N,93,089,2018,6089
06,093,451110,J,35,H,151,H,758,4,N,N,N,N,,,N,N,N,N,N,N,N,93,093,2018,6093
06,095,451110,H,305,H,1497,G,6329,27,10,4,8,5,,,N,N,N,N,N,N,N,93,095,2018,6095
06,097,451110,G,549,G,2905,G,12015,48,20,11,10,4,3.0,,N,N,N,N,N,N,N,93,097,2018,6097
06,099,451110,G,347,G,2103,G,8273,31,13,7,8,3,,,N,N,N,N,N,N,N,93,099,2018,6099
06,101,451110,H,39,H,271,H,1133,6,3,N,N,N,,,N,N,N,N,N,N,N,93,101,2018,6101
06,107,451110,J,187,H,904,H,3582,15,7,N,4,3,,,N,N,N,N,N,N,N,93,107,2018,6107
06,109,451110,H,33,G,158,G,658,7,6,N,N,N,,,N,N,N,N,N,N,N,93,109,2018,6109
06,111,451110,G,563,G,3079,G,12747,58,23,10,19,6,,,N,N,N,N,N,N,N,93,111,2018,6111
06,113,451110,H,100,H,516,H,2158,15,8,4,N,N,,,N,N,N,N,N,N,N,93,113,2018,6113
08,001,451110,G,320,G,1681,G,7290,23,7,7,3,5,,,N,N,N,N,N,N,N,84,001,2018,8001
08,003,451110,H,30,H,181,H,748,3,N,N,N,N,,,N,N,N,N,N,N,N,84,003,2018,8003
08,005,451110,H,752,G,4365,G,16936,57,25,11,9,9,3.0,,N,N,N,N,N,N,N,84,005,2018,8005
08,007,451110,J,39,H,221,H,746,6,4,N,N,N,,,N,N,N,N,N,N,N,84,007,2018,8007
08,013,451110,G,698,G,4164,G,16559,60,28,10,11,10,,,N,N,N,N,N,N,N,84,013,2018,8013
08,014,451110,G,425,G,1995,G,8005,8,N,N,N,N,,,N,N,N,N,N,N,N,84,014,2018,8014
08,015,451110,H,65,G,278,G,1413,10,3,5,N,N,,,N,N,N,N,N,N,N,84,015,2018,8015
08,019,451110,G,10,G,52,H,225,4,3,N,N,N,,,N,N,N,N,N,N,N,84,019,2018,8019
08,031,451110,H,873,H,5504,H,22021,53,20,14,11,6,,,N,N,N,N,N,N,N,84,031,2018,8031
08,035,451110,H,584,H,3158,H,12354,36,17,7,6,4,,,N,N,N,N,N,N,N,84,035,2018,8035
08,037,451110,H,960,H,6530,H,19224,59,22,11,15,9,,,N,N,N,N,N,N,N,84,037,2018,8037
08,041,451110,H,1082,H,5434,H,23409,55,18,12,12,8,4.0,,N,N,N,N,N,N,N,84,041,2018,8041
08,043,451110,J,26,J,81,H,376,6,4,N,N,N,,,N,N,N,N,N,N,N,84,043,2018,8043
08,045,451110,G,69,H,343,G,1595,11,5,3,3,N,,,N,N,N,N,N,N,N,84,045,2018,8045
08,049,451110,G,96,G,490,G,1314,14,6,6,N,N,,,N,N,N,N,N,N,N,84,049,2018,8049
08,051,451110,H,159,G,829,G,2622,16,7,4,N,3,,,N,N,N,N,N,N,N,84,051,2018,8051
08,059,451110,G,899,G,4497,G,18914,72,31,13,15,7,6.0,,N,N,N,N,N,N,N,84,059,2018,8059
08,065,451110,G,6,H,47,G,206,4,4,N,N,N,,,N,N,N,N,N,N,N,84,065,2018,8065
08,067,451110,G,157,G,881,G,3834,15,4,3,6,N,,,N,N,N,N,N,N,N,84,067,2018,8067
08,069,451110,G,843,H,4498,H,19113,58,23,12,13,4,6.0,,N,N,N,N,N,N,N,84,069,2018,8069
08,077,451110,H,308,H,1679,H,6218,21,10,4,3,3,,,N,N,N,N,N,N,N,84,077,2018,8077
08,079,451110,G,3,J,15,G,174,3,3,N,N,N,,,N,N,N,N,N,N,N,84,079,2018,8079
08,083,451110,J,15,G,54,G,275,5,4,N,N,N,,,N,N,N,N,N,N,N,84,083,2018,8083
08,085,451110,G,35,G,132,G,545,9,8,N,N,N,,,N,N,N,N,N,N,N,84,085,2018,8085
08,097,451110,G,260,G,1675,G,4135,30,11,10,8,N,,,N,N,N,N,N,N,N,84,097,2018,8097
08,101,451110,G,126,G,496,G,2114,14,9,N,N,N,,,N,N,N,N,N,N,N,84,101,2018,8101
08,105,451110,J,18,H,136,H,470,4,3,N,N,N,,,N,N,N,N,N,N,N,84,105,2018,8105
08,107,451110,G,291,G,1821,G,5818,22,5,8,6,N,,,N,N,N,N,N,N,N,84,107,2018,8107
08,113,451110,G,142,G,1124,G,2934,15,4,5,5,N,,,N,N,N,N,N,N,N,84,113,2018,8113
08,117,451110,G,553,G,3354,G,9304,54,10,17,21,6,,,N,N,N,N,N,N,N,84,117,2018,8117
08,123,451110,G,122,G,758,G,3393,16,9,N,3,N,,,N,N,N,N,N,N,N,84,123,2018,8123
09,001,451110,G,744,G,4653,G,19708,99,60,17,15,5,,,N,N,N,N,N,N,N,16,001,2018,9001
09,003,451110,G,977,G,5074,G,20569,69,32,14,11,7,4.0,,N,N,N,N,N,N,N,16,003,2018,9003
09,005,451110,H,75,G,526,G,2277,16,11,N,4,N,,,N,N,N,N,N,N,N,16,005,2018,9005
09,007,451110,H,92,G,438,G,2002,15,9,4,N,N,,,N,N,N,N,N,N,N,16,007,2018,9007
09,009,451110,G,498,G,2705,G,10799,48,21,9,12,5,,,N,N,N,N,N,N,N,16,009,2018,9009
09,011,451110,G,157,H,620,H,2642,19,11,4,N,N,,,N,N,N,N,N,N,N,16,011,2018,9011
09,013,451110,H,23,H,60,G,265,5,3,N,N,N,,,N,N,N,N,N,N,N,16,013,2018,9013
09,015,451110,H,23,G,80,G,546,5,3,N,N,N,,,N,N,N,N,N,N,N,16,015,2018,9015
10,001,451110,J,88,J,298,J,1153,6,3,N,N,N,,,N,N,N,N,N,N,N,51,001,2018,10001
10,003,451110,G,669,G,2904,G,12213,40,20,6,5,6,,,N,N,N,N,N,N,N,51,003,2018,10003
10,005,451110,H,75,G,357,G,2287,32,28,3,N,N,,,N,N,N,N,N,N,N,51,005,2018,10005
11,001,451110,H,257,H,1542,H,6154,15,6,N,3,3,,,N,N,N,N,N,N,N,53,001,2018,11001
12,001,451110,H,183,G,984,G,3685,21,13,3,N,3,,,N,N,N,N,N,N,N,59,001,2018,12001
12,005,451110,G,153,G,729,H,3100,21,14,3,N,N,,,N,N,N,N,N,N,N,59,005,2018,12005
12,009,451110,H,893,H,4710,H,20203,67,46,12,3,4,,,N,N,N,N,N,N,N,59,009,2018,12009
12,011,451110,G,1159,G,7068,G,30161,132,82,24,15,8,,,N,N,N,N,N,N,N,59,011,2018,12011
12,015,451110,G,59,G,296,G,1211,21,17,3,N,N,,,N,N,N,N,N,N,N,59,015,2018,12015
12,017,451110,H,34,H,177,H,748,11,10,N,N,N,,,N,N,N,N,N,N,N,59,017,2018,12017
12,019,451110,H,148,H,659,H,2703,8,4,N,N,N,,,N,N,N,N,N,N,N,59,019,2018,12019
12,021,451110,G,293,G,1778,G,6878,35,22,6,3,N,,,N,N,N,N,N,N,N,59,021,2018,12021
12,023,451110,H,65,H,335,H,1182,8,5,N,N,N,,,N,N,N,N,N,N,N,59,023,2018,12023
12,031,451110,G,728,G,4002,G,15916,54,24,12,8,6,4.0,,N,N,N,N,N,N,N,59,031,2018,12031
12,033,451110,G,286,G,1259,G,5716,26,12,9,3,N,,,N,N,N,N,N,N,N,59,033,2018,12033
12,035,451110,J,18,H,80,H,345,9,8,N,N,N,,,N,N,N,N,N,N,N,59,035,2018,12035
12,037,451110,J,18,G,122,G,547,6,5,N,N,N,,,N,N,N,N,N,N,N,59,037,2018,12037
12,053,451110,H,50,H,209,H,828,5,4,N,N,N,,,N,N,N,N,N,N,N,59,053,2018,12053
12,055,451110,J,6,H,45,H,215,5,5,N,N,N,,,N,N,N,N,N,N,N,59,055,2018,12055
12,057,451110,G,678,G,3491,G,13296,74,41,17,7,6,3.0,,N,N,N,N,N,N,N,59,057,2018,12057
12,061,451110,H,67,G,422,G,1731,18,10,8,N,N,,,N,N,N,N,N,N,N,59,061,2018,12061
12,069,451110,G,131,G,725,G,2955,24,13,8,N,N,,,N,N,N,N,N,N,N,59,069,2018,12069
12,071,451110,H,651,H,3686,H,14002,67,36,18,7,5,,,N,N,N,N,N,N,N,59,071,2018,12071
12,073,451110,G,404,H,1836,H,8116,23,9,7,4,N,,,N,N,N,N,N,N,N,59,073,2018,12073
12,081,451110,G,160,G,762,G,3338,27,15,8,N,N,,,N,N,N,N,N,N,N,59,081,2018,12081
12,083,451110,H,217,G,1131,G,4771,25,16,4,N,4,,,N,N,N,N,N,N,N,59,083,2018,12083
12,085,451110,H,142,G,815,G,3479,32,22,7,N,N,,,N,N,N,N,N,N,N,59,085,2018,12085
12,086,451110,G,1091,G,7174,G,29662,153,99,25,18,8,,,N,N,N,N,N,N,N,59,086,2018,12086
12,087,451110,G,304,G,2088,G,8949,43,18,15,9,N,,,N,N,N,N,N,N,N,59,087,2018,12087
12,089,451110,J,28,H,211,H,977,6,4,N,N,N,,,N,N,N,N,N,N,N,59,089,2018,12089
12,091,451110,H,229,H,1353,H,5898,33,22,9,N,N,,,N,N,N,N,N,N,N,59,091,2018,12091
12,093,451110,G,13,J,88,G,377,4,3,N,N,N,,,N,N,N,N,N,N,N,59,093,2018,12093
12,095,451110,G,1116,G,6244,G,25457,92,44,19,15,10,3.0,,N,N,N,N,N,N,N,59,095,2018,12095
12,097,451110,H,118,H,533,H,2507,15,10,3,N,N,,,N,N,N,N,N,N,N,59,097,2018,12097
12,099,451110,G,985,G,5910,G,24087,139,84,32,14,5,4.0,,N,N,N,N,N,N,N,59,099,2018,12099
12,101,451110,H,123,G,561,G,2221,22,14,4,3,N,,,N,N,N,N,N,N,N,59,101,2018,12101
12,103,451110,G,722,G,4638,G,18613,104,56,28,12,5,3.0,,N,N,N,N,N,N,N,59,103,2018,12103
12,105,451110,G,206,G,929,G,3758,32,19,9,N,N,,,N,N,N,N,N,N,N,59,105,2018,12105
12,109,451110,G,153,G,760,G,3185,25,14,7,N,3,,,N,N,N,N,N,N,N,59,109,2018,12109
12,111,451110,H,268,J,1381,J,5767,18,11,5,N,N,,,N,N,N,N,N,N,N,59,111,2018,12111
12,113,451110,J,93,H,473,H,2110,11,4,3,3,N,,,N,N,N,N,N,N,N,59,113,2018,12113
12,115,451110,H,293,G,1601,G,6282,36,20,8,6,N,,,N,N,N,N,N,N,N,59,115,2018,12115
12,117,451110,H,382,G,1899,H,8107,32,14,11,N,3,,,N,N,N,N,N,N,N,59,117,2018,12117
12,119,451110,J,33,G,186,G,722,8,5,3,N,N,,,N,N,N,N,N,N,N,59,119,2018,12119
12,127,451110,G,226,G,1436,G,5924,41,26,9,4,N,,,N,N,N,N,N,N,N,59,127,2018,12127
12,129,451110,G,3,J,18,J,82,3,3,N,N,N,,,N,N,N,N,N,N,N,59,129,2018,12129
12,131,451110,H,45,G,268,G,1308,9,6,N,N,N,,,N,N,N,N,N,N,N,59,131,2018,12131
13,009,451110,J,12,J,53,J,226,3,N,N,N,N,,,N,N,N,N,N,N,N,58,009,2018,13009
13,013,451110,G,8,J,59,H,234,3,N,N,N,N,,,N,N,N,N,N,N,N,58,013,2018,13013
13,015,451110,H,80,H,341,H,1486,5,3,N,N,N,,,N,N,N,N,N,N,N,58,015,2018,13015
13,021,451110,J,160,H,688,H,2952,9,N,4,N,N,,,N,N,N,N,N,N,N,58,021,2018,13021
13,029,451110,J,9,J,35,H,137,3,N,N,N,N,,,N,N,N,N,N,N,N,58,029,2018,13029
13,031,451110,J,41,G,183,G,733,7,3,3,N,N,,,N,N,N,N,N,N,N,58,031,2018,13031
13,039,451110,J,3,J,22,J,85,3,3,N,N,N,,,N,N,N,N,N,N,N,58,039,2018,13039
13,045,451110,J,32,J,185,J,752,4,3,N,N,N,,,N,N,N,N,N,N,N,58,045,2018,13045
13,047,451110,J,108,J,530,J,2016,3,N,N,N,N,,,N,N,N,N,N,N,N,58,047,2018,13047
13,051,451110,G,334,G,1573,G,6611,28,16,8,N,N,,,N,N,N,N,N,N,N,58,051,2018,13051
13,057,451110,G,367,G,2140,G,8210,11,5,N,N,N,,,N,N,N,N,N,N,N,58,057,2018,13057
13,059,451110,G,191,G,780,G,3168,10,6,N,N,N,,,N,N,N,N,N,N,N,58,059,2018,13059
13,063,451110,J,21,J,143,J,642,6,5,N,N,N,,,N,N,N,N,N,N,N,58,063,2018,13063
13,067,451110,H,836,G,4483,G,17342,39,12,9,9,3,5.0,,N,N,N,N,N,N,N,58,067,2018,13067
13,069,451110,G,12,H,73,H,257,3,N,N,N,N,,,N,N,N,N,N,N,N,58,069,2018,13069
13,073,451110,G,154,G,733,G,3073,9,N,4,N,N,,,N,N,N,N,N,N,N,58,073,2018,13073
13,077,451110,J,151,J,571,J,2510,6,3,N,N,N,,,N,N,N,N,N,N,N,58,077,2018,13077
13,089,451110,G,261,H,1424,H,5335,18,8,4,3,N,,,N,N,N,N,N,N,N,58,089,2018,13089
13,095,451110,J,61,J,390,J,1832,3,N,N,N,N,,,N,N,N,N,N,N,N,58,095,2018,13095
13,111,451110,J,20,G,67,H,250,3,N,N,N,N,,,N,N,N,N,N,N,N,58,111,2018,13111
13,113,451110,G,78,G,414,G,1682,10,5,3,N,N,,,N,N,N,N,N,N,N,58,113,2018,13113
13,115,451110,J,42,G,264,G,1153,7,5,N,N,N,,,N,N,N,N,N,N,N,58,115,2018,13115
13,117,451110,H,245,H,1010,H,4177,17,7,6,N,N,,,N,N,N,N,N,N,N,58,117,2018,13117
13,121,451110,G,567,G,3412,G,14046,63,33,20,3,4,3.0,,N,N,N,N,N,N,N,58,121,2018,13121
13,123,451110,G,7,J,36,J,134,3,3,N,N,N,,,N,N,N,N,N,N,N,58,123,2018,13123
13,127,451110,H,109,H,457,H,1930,12,7,4,N,N,,,N,N,N,N,N,N,N,58,127,2018,13127
13,135,451110,G,789,G,3741,G,14968,44,23,6,5,6,3.0,,N,N,N,N,N,N,N,58,135,2018,13135
13,139,451110,J,175,H,760,H,3199,17,10,4,N,N,,,N,N,N,N,N,N,N,58,139,2018,13139
13,151,451110,H,149,H,711,H,2885,6,N,N,N,N,,,N,N,N,N,N,N,N,58,151,2018,13151
13,153,451110,G,149,G,605,G,2857,9,4,N,N,N,,,N,N,N,N,N,N,N,58,153,2018,13153
13,185,451110,J,148,J,563,H,2447,7,3,N,N,N,,,N,N,N,N,N,N,N,58,185,2018,13185
13,213,451110,G,8,J,48,J,189,3,N,N,N,N,,,N,N,N,N,N,N,N,58,213,2018,13213
13,215,451110,G,128,G,463,G,1795,14,9,3,N,N,,,N,N,N,N,N,N,N,58,215,2018,13215
13,223,451110,J,92,J,305,J,1390,4,N,N,N,N,,,N,N,N,N,N,N,N,58,223,2018,13223
13,245,451110,H,191,H,877,G,3610,13,4,6,N,N,,,N,N,N,N,N,N,N,58,245,2018,13245
13,247,451110,J,10,J,47,J,242,4,3,N,N,N,,,N,N,N,N,N,N,N,58,247,2018,13247
13,275,451110,G,37,G,209,G,1004,4,N,N,N,N,,,N,N,N,N,N,N,N,58,275,2018,13275
13,285,451110,H,46,G,166,G,757,4,N,N,N,N,,,N,N,N,N,N,N,N,58,285,2018,13285
13,291,451110,J,11,J,36,J,181,3,N,N,N,N,,,N,N,N,N,N,N,N,58,291,2018,13291
13,299,451110,H,37,G,170,G,720,3,N,N,N,N,,,N,N,N,N,N,N,N,58,299,2018,13299
13,313,451110,J,77,J,284,J,1244,3,N,N,N,N,,,N,N,N,N,N,N,N,58,313,2018,13313
15,001,451110,J,138,J,845,J,3544,15,10,N,N,N,,,N,N,N,N,N,N,N,95,001,2018,15001
15,003,451110,G,504,G,2999,G,12503,73,35,21,13,4,,,N,N,N,N,N,N,N,95,003,2018,15003
15,007,451110,J,19,H,186,H,749,7,5,N,N,N,,,N,N,N,N,N,N,N,95,007,2018,15007
15,009,451110,G,217,G,1113,G,5089,26,14,4,6,N,,,N,N,N,N,N,N,N,95,009,2018,15009
16,001,451110,G,829,G,4142,G,16855,60,18,17,14,8,,,N,N,N,N,N,N,N,82,001,2018,16001
16,005,451110,H,195,G,689,G,3231,10,4,N,N,3,,,N,N,N,N,N,N,N,82,005,2018,16005
16,013,451110,H,89,H,620,J,2827,11,6,N,4,N,,,N,N,N,N,N,N,N,82,013,2018,16013
16,017,451110,H,47,H,210,G,776,10,7,N,N,N,,,N,N,N,N,N,N,N,82,017,2018,16017
16,019,451110,J,247,H,1083,H,4646,15,7,N,4,N,,,N,N,N,N,N,N,N,82,019,2018,16019
16,027,451110,G,181,G,658,G,2641,16,8,4,N,N,,,N,N,N,N,N,N,N,82,027,2018,16027
16,049,451110,J,8,J,28,J,133,4,4,N,N,N,,,N,N,N,N,N,N,N,82,049,2018,16049
16,055,451110,H,296,H,1411,H,5939,22,8,9,4,N,,,N,N,N,N,N,N,N,82,055,2018,16055
16,057,451110,H,86,H,382,H,1567,7,4,N,N,N,,,N,N,N,N,N,N,N,82,057,2018,16057
16,065,451110,J,22,J,87,J,399,6,4,N,N,N,,,N,N,N,N,N,N,N,82,065,2018,16065
16,069,451110,G,88,H,366,H,1513,8,3,N,N,N,,,N,N,N,N,N,N,N,82,069,2018,16069
16,079,451110,G,3,G,15,G,63,3,3,N,N,N,,,N,N,N,N,N,N,N,82,079,2018,16079
16,081,451110,H,31,G,149,G,739,6,N,3,N,N,,,N,N,N,N,N,N,N,82,081,2018,16081
16,083,451110,G,155,G,585,G,2394,8,3,N,N,N,,,N,N,N,N,N,N,N,82,083,2018,16083
16,085,451110,H,28,H,180,G,749,6,4,N,N,N,,,N,N,N,N,N,N,N,82,085,2018,16085
17,001,451110,H,71,G,306,G,1210,6,4,N,N,N,,,N,N,N,N,N,N,N,33,001,2018,17001
17,007,451110,J,3,J,15,J,175,3,3,N,N,N,,,N,N,N,N,N,N,N,33,007,2018,17007
17,019,451110,H,144,H,649,H,2947,9,3,5,N,N,,,N,N,N,N,N,N,N,33,019,2018,17019
17,029,451110,G,12,G,110,G,444,3,N,N,N,N,,,N,N,N,N,N,N,N,33,029,2018,17029
17,031,451110,G,2264,G,11582,G,49714,216,111,50,26,18,10.0,,N,N,N,N,N,N,N,33,031,2018,17031
17,037,451110,G,9,G,34,G,174,4,4,N,N,N,,,N,N,N,N,N,N,N,33,037,2018,17037
17,043,451110,G,772,G,4407,G,18216,61,29,14,11,4,,,N,N,N,N,N,N,N,33,043,2018,17043
17,049,451110,J,19,J,32,G,185,3,N,N,N,N,,,N,N,N,N,N,N,N,33,049,2018,17049
17,063,451110,J,14,J,60,J,266,3,N,N,N,N,,,N,N,N,N,N,N,N,33,063,2018,17063
17,077,451110,H,57,H,211,H,785,6,5,N,N,N,,,N,N,N,N,N,N,N,33,077,2018,17077
17,081,451110,J,21,J,92,H,396,3,N,N,N,N,,,N,N,N,N,N,N,N,33,081,2018,17081
17,089,451110,G,380,G,1739,G,8103,28,12,7,4,N,4.0,,N,N,N,N,N,N,N,33,089,2018,17089
17,091,451110,H,48,H,196,H,761,4,N,N,N,N,,,N,N,N,N,N,N,N,33,091,2018,17091
17,093,451110,J,101,J,396,J,1354,6,3,N,N,N,,,N,N,N,N,N,N,N,33,093,2018,17093
17,095,451110,J,21,H,71,H,286,3,N,N,N,N,,,N,N,N,N,N,N,N,33,095,2018,17095
17,097,451110,G,512,G,2940,G,12607,48,22,14,9,N,,,N,N,N,N,N,N,N,33,097,2018,17097
17,099,451110,H,27,G,107,G,574,7,5,N,N,N,,,N,N,N,N,N,N,N,33,099,2018,17099
17,111,451110,G,131,H,597,H,2441,17,10,4,N,N,,,N,N,N,N,N,N,N,33,111,2018,17111
17,113,451110,H,124,H,567,H,2338,10,3,3,N,N,,,N,N,N,N,N,N,N,33,113,2018,17113
17,115,451110,H,36,G,147,G,636,8,3,4,N,N,,,N,N,N,N,N,N,N,33,115,2018,17115
17,117,451110,J,17,J,136,J,565,3,N,N,N,N,,,N,N,N,N,N,N,N,33,117,2018,17117
17,119,451110,H,92,H,477,G,2157,14,5,6,N,N,,,N,N,N,N,N,N,N,33,119,2018,17119
17,121,451110,J,17,H,201,H,775,3,N,N,N,N,,,N,N,N,N,N,N,N,33,121,2018,17121
17,125,451110,J,4,G,16,H,61,3,3,N,N,N,,,N,N,N,N,N,N,N,33,125,2018,17125
17,143,451110,G,183,G,814,G,3559,13,5,N,3,3,,,N,N,N,N,N,N,N,33,143,2018,17143
17,161,451110,J,89,H,427,H,1589,9,5,3,N,N,,,N,N,N,N,N,N,N,33,161,2018,17161
17,163,451110,J,227,H,1043,J,4081,14,6,N,4,N,,,N,N,N,N,N,N,N,33,163,2018,17163
17,167,451110,J,407,J,3037,J,9753,20,16,N,N,N,,,N,N,N,N,N,N,N,33,167,2018,17167
17,177,451110,J,4,G,8,G,38,3,3,N,N,N,,,N,N,N,N,N,N,N,33,177,2018,17177
17,179,451110,H,272,H,1144,H,4848,12,6,3,N,N,,,N,N,N,N,N,N,N,33,179,2018,17179
17,195,451110,G,29,G,116,H,436,4,N,N,N,N,,,N,N,N,N,N,N,N,33,195,2018,17195
17,197,451110,G,542,G,2245,H,9596,36,19,6,5,3,,,N,N,N,N,N,N,N,33,197,2018,17197
17,199,451110,G,6,J,37,J,178,3,3,N,N,N,,,N,N,N,N,N,N,N,33,199,2018,17199
17,201,451110,G,196,H,947,H,4182,20,9,7,N,N,,,N,N,N,N,N,N,N,33,201,2018,17201
18,001,451110,G,6,J,26,J,113,3,3,N,N,N,,,N,N,N,N,N,N,N,32,001,2018,18001
18,003,451110,G,327,G,1667,G,7239,34,16,10,4,3,,,N,N,N,N,N,N,N,32,003,2018,18003
18,005,451110,H,40,G,180,G,767,5,3,N,N,N,,,N,N,N,N,N,N,N,32,005,2018,18005
18,011,451110,J,4,J,12,G,68,5,5,N,N,N,,,N,N,N,N,N,N,N,32,011,2018,18011
18,017,451110,J,21,J,84,H,338,4,N,N,N,N,,,N,N,N,N,N,N,N,32,017,2018,18017
18,019,451110,H,322,H,1463,H,6327,9,N,N,3,N,,,N,N,N,N,N,N,N,32,019,2018,18019
18,029,451110,G,4,J,13,H,81,4,4,N,N,N,,,N,N,N,N,N,N,N,32,029,2018,18029
18,033,451110,G,39,H,304,H,1257,4,N,N,N,N,,,N,N,N,N,N,N,N,32,033,2018,18033
18,035,451110,H,49,H,203,H,790,7,5,N,N,N,,,N,N,N,N,N,N,N,32,035,2018,18035
18,037,451110,H,57,H,486,H,1886,8,5,N,N,N,,,N,N,N,N,N,N,N,32,037,2018,18037
18,039,451110,H,76,H,377,H,2015,17,12,3,N,N,,,N,N,N,N,N,N,N,32,039,2018,18039
18,053,451110,H,22,G,80,G,282,4,3,N,N,N,,,N,N,N,N,N,N,N,32,053,2018,18053
18,055,451110,G,9,H,25,G,130,4,4,N,N,N,,,N,N,N,N,N,N,N,32,055,2018,18055
18,057,451110,G,435,H,2124,H,8958,27,12,6,4,3,,,N,N,N,N,N,N,N,32,057,2018,18057
18,059,451110,J,19,G,85,G,395,5,3,N,N,N,,,N,N,N,N,N,N,N,32,059,2018,18059
18,063,451110,J,122,J,488,J,1895,8,3,3,N,N,,,N,N,N,N,N,N,N,32,063,2018,18063
18,067,451110,H,20,G,138,G,561,3,N,N,N,N,,,N,N,N,N,N,N,N,32,067,2018,18067
18,071,451110,J,13,H,83,G,386,3,N,N,N,N,,,N,N,N,N,N,N,N,32,071,2018,18071
18,079,451110,J,18,H,77,J,311,3,N,N,N,N,,,N,N,N,N,N,N,N,32,079,2018,18079
18,081,451110,G,229,G,938,G,4093,12,5,N,N,N,,,N,N,N,N,N,N,N,32,081,2018,18081
18,085,451110,G,50,G,254,H,1254,10,5,4,N,N,,,N,N,N,N,N,N,N,32,085,2018,18085
18,087,451110,G,10,H,92,H,405,4,4,N,N,N,,,N,N,N,N,N,N,N,32,087,2018,18087
18,089,451110,G,451,G,2252,G,9156,27,12,7,3,3,,,N,N,N,N,N,N,N,32,089,2018,18089
18,091,451110,G,25,H,107,H,477,6,4,N,N,N,,,N,N,N,N,N,N,N,32,091,2018,18091
18,093,451110,J,17,J,85,J,344,3,N,N,N,N,,,N,N,N,N,N,N,N,32,093,2018,18093
18,095,451110,J,33,G,108,G,421,5,N,N,N,N,,,N,N,N,N,N,N,N,32,095,2018,18095
18,097,451110,G,607,G,2943,G,12428,51,18,20,6,4,3.0,,N,N,N,N,N,N,N,32,097,2018,18097
18,105,451110,H,96,G,442,G,1644,11,5,4,N,N,,,N,N,N,N,N,N,N,32,105,2018,18105
18,109,451110,J,18,G,60,G,260,4,3,N,N,N,,,N,N,N,N,N,N,N,32,109,2018,18109
18,127,451110,H,297,H,1327,H,5522,9,3,3,N,N,,,N,N,N,N,N,N,N,32,127,2018,18127
18,141,451110,G,159,G,998,G,3879,22,16,N,N,N,,,N,N,N,N,N,N,N,32,141,2018,18141
18,151,451110,H,39,G,130,G,618,10,8,N,N,N,,,N,N,N,N,N,N,N,32,151,2018,18151
18,157,451110,H,171,H,638,H,2761,13,5,N,4,N,,,N,N,N,N,N,N,N,32,157,2018,18157
18,163,451110,H,182,H,768,H,3322,16,5,7,N,N,,,N,N,N,N,N,N,N,32,163,2018,18163
18,167,451110,H,142,H,568,H,2429,9,3,N,N,N,,,N,N,N,N,N,N,N,32,167,2018,18167
18,177,451110,G,110,G,316,G,1232,4,N,N,N,N,,,N,N,N,N,N,N,N,32,177,2018,18177
18,183,451110,G,20,H,81,G,316,3,N,N,N,N,,,N,N,N,N,N,N,N,32,183,2018,18183
19,013,451110,G,256,H,1876,H,6411,16,9,3,N,N,,,N,N,N,N,N,N,N,42,013,2018,19013
19,033,451110,H,46,G,337,H,1633,6,3,N,N,N,,,N,N,N,N,N,N,N,42,033,2018,19033
19,041,451110,G,40,H,195,H,790,5,N,N,N,N,,,N,N,N,N,N,N,N,42,041,2018,19041
19,045,451110,G,7,J,35,H,162,4,3,N,N,N,,,N,N,N,N,N,N,N,42,045,2018,19045
19,049,451110,J,440,J,3943,J,11987,6,5,N,N,N,,,N,N,N,N,N,N,N,42,049,2018,19049
19,057,451110,H,64,H,244,H,958,5,N,N,N,N,,,N,N,N,N,N,N,N,42,057,2018,19057
19,059,451110,G,13,H,63,H,261,3,N,N,N,N,,,N,N,N,N,N,N,N,42,059,2018,19059
19,061,451110,G,122,H,420,G,1762,9,5,N,3,N,,,N,N,N,N,N,N,N,42,061,2018,19061
19,103,451110,J,360,J,2813,J,9066,12,6,N,3,N,,,N,N,N,N,N,N,N,42,103,2018,19103
19,113,451110,G,168,G,826,G,3517,19,10,5,N,N,,,N,N,N,N,N,N,N,42,113,2018,19113
19,123,451110,J,9,H,33,G,165,3,N,N,N,N,,,N,N,N,N,N,N,N,42,123,2018,19123
19,127,451110,J,11,J,68,H,277,4,3,N,N,N,,,N,N,N,N,N,N,N,42,127,2018,19127
19,139,451110,G,6,H,33,H,136,4,4,N,N,N,,,N,N,N,N,N,N,N,42,139,2018,19139
19,153,451110,H,617,H,2773,H,13242,42,18,8,10,3,,,N,N,N,N,N,N,N,42,153,2018,19153
19,155,451110,H,236,H,880,H,3597,7,5,N,N,N,,,N,N,N,N,N,N,N,42,155,2018,19155
19,163,451110,J,201,H,858,J,3688,11,5,3,N,N,,,N,N,N,N,N,N,N,42,163,2018,19163
19,169,451110,G,68,H,259,H,979,6,N,N,N,N,,,N,N,N,N,N,N,N,42,169,2018,19169
19,179,451110,J,6,G,24,H,257,4,4,N,N,N,,,N,N,N,N,N,N,N,42,179,2018,19179
19,187,451110,H,32,H,157,H,695,4,N,N,N,N,,,N,N,N,N,N,N,N,42,187,2018,19187
19,193,451110,J,258,J,2158,J,6709,8,5,N,N,N,,,N,N,N,N,N,N,N,42,193,2018,19193
20,045,451110,J,101,J,385,J,1421,6,N,N,N,N,,,N,N,N,N,N,N,N,47,045,2018,20045
20,051,451110,G,14,H,24,H,143,3,N,N,N,N,,,N,N,N,N,N,N,N,47,051,2018,20051
20,055,451110,J,49,J,186,J,667,3,N,N,N,N,,,N,N,N,N,N,N,N,47,055,2018,20055
20,091,451110,H,1157,H,6837,H,24777,46,13,15,7,6,3.0,,N,N,N,N,N,N,N,47,091,2018,20091
20,111,451110,G,13,H,57,G,262,5,4,N,N,N,,,N,N,N,N,N,N,N,47,111,2018,20111
20,113,451110,G,16,H,120,G,534,4,N,N,N,N,,,N,N,N,N,N,N,N,47,113,2018,20113
20,155,451110,G,33,G,214,G,871,5,N,N,N,N,,,N,N,N,N,N,N,N,47,155,2018,20155
20,161,451110,H,78,H,360,H,2046,7,4,N,N,N,,,N,N,N,N,N,N,N,47,161,2018,20161
20,169,451110,J,61,J,221,J,935,5,3,N,N,N,,,N,N,N,N,N,N,N,47,169,2018,20169
20,173,451110,G,743,H,4046,G,15103,38,21,7,3,N,4.0,,N,N,N,N,N,N,N,47,173,2018,20173
20,177,451110,H,130,H,507,H,2070,6,3,N,N,N,,,N,N,N,N,N,N,N,47,177,2018,20177
20,209,451110,H,278,H,1856,H,7306,9,4,N,N,N,,,N,N,N,N,N,N,N,47,209,2018,20209
21,003,451110,G,2,J,10,G,36,3,3,N,N,N,,,N,N,N,N,N,N,N,61,003,2018,21003
21,009,451110,G,9,H,49,H,187,3,N,N,N,N,,,N,N,N,N,N,N,N,61,009,2018,21009
21,015,451110,H,173,H,543,H,2245,9,3,3,N,N,,,N,N,N,N,N,N,N,61,015,2018,21015
21,019,451110,H,99,H,386,G,1762,4,N,N,N,N,,,N,N,N,N,N,N,N,61,019,2018,21019
21,029,451110,H,23,J,111,J,443,3,N,N,N,N,,,N,N,N,N,N,N,N,61,029,2018,21029
21,035,451110,J,11,H,48,G,193,3,N,N,N,N,,,N,N,N,N,N,N,N,61,035,2018,21035
21,037,451110,J,82,J,301,J,1274,5,N,N,N,N,,,N,N,N,N,N,N,N,61,037,2018,21037
21,045,451110,J,9,J,55,H,278,3,N,N,N,N,,,N,N,N,N,N,N,N,61,045,2018,21045
21,047,451110,J,7,G,59,G,222,4,4,N,N,N,,,N,N,N,N,N,N,N,61,047,2018,21047
21,059,451110,H,114,H,741,H,2643,10,7,N,N,N,,,N,N,N,N,N,N,N,61,059,2018,21059
21,067,451110,G,484,G,1751,G,8190,28,11,11,N,N,,,N,N,N,N,N,N,N,61,067,2018,21067
21,071,451110,J,11,G,70,G,306,4,3,N,N,N,,,N,N,N,N,N,N,N,61,071,2018,21071
21,073,451110,J,40,J,175,J,611,3,N,N,N,N,,,N,N,N,N,N,N,N,61,073,2018,21073
21,093,451110,H,129,H,630,H,2674,10,5,N,N,N,,,N,N,N,N,N,N,N,61,093,2018,21093
21,111,451110,G,721,G,3424,G,14372,57,33,11,4,5,3.0,,N,N,N,N,N,N,N,61,111,2018,21111
21,117,451110,H,107,H,549,H,2087,8,3,3,N,N,,,N,N,N,N,N,N,N,61,117,2018,21117
21,125,451110,J,28,J,120,H,621,5,4,N,N,N,,,N,N,N,N,N,N,N,61,125,2018,21125
21,145,451110,G,153,G,749,G,3950,13,4,4,N,3,,,N,N,N,N,N,N,N,61,145,2018,21145
21,151,451110,J,54,J,224,J,807,5,3,N,N,N,,,N,N,N,N,N,N,N,61,151,2018,21151
21,157,451110,H,33,G,141,G,423,4,N,N,N,N,,,N,N,N,N,N,N,N,61,157,2018,21157
21,185,451110,H,34,G,252,H,926,3,N,N,N,N,,,N,N,N,N,N,N,N,61,185,2018,21185
21,195,451110,J,14,G,74,G,294,6,6,N,N,N,,,N,N,N,N,N,N,N,61,195,2018,21195
21,199,451110,H,44,G,208,G,829,9,4,3,N,N,,,N,N,N,N,N,N,N,61,199,2018,21199
21,217,451110,J,6,G,11,J,52,3,3,N,N,N,,,N,N,N,N,N,N,N,61,217,2018,21217
21,227,451110,G,222,H,993,H,3969,11,3,N,N,3,,,N,N,N,N,N,N,N,61,227,2018,21227
21,235,451110,J,19,J,157,J,683,5,3,N,N,N,,,N,N,N,N,N,N,N,61,235,2018,21235
22,005,451110,J,192,J,1062,J,3944,3,N,N,N,N,,,N,N,N,N,N,N,N,72,005,2018,22005
22,015,451110,H,252,H,1095,H,4925,10,5,3,N,N,,,N,N,N,N,N,N,N,72,015,2018,22015
22,017,451110,H,225,G,972,H,4504,20,11,3,3,N,,,N,N,N,N,N,N,N,72,017,2018,22017
22,019,451110,H,175,H,707,H,3133,10,6,N,N,N,,,N,N,N,N,N,N,N,72,019,2018,22019
22,033,451110,G,413,G,1896,H,7435,28,13,7,3,N,,,N,N,N,N,N,N,N,72,033,2018,22033
22,041,451110,G,7,G,18,G,49,3,N,N,N,N,,,N,N,N,N,N,N,N,72,041,2018,22041
22,051,451110,H,425,H,2210,H,10129,23,8,6,3,3,3.0,,N,N,N,N,N,N,N,72,051,2018,22051
22,055,451110,G,432,G,2138,G,9698,20,11,N,N,4,,,N,N,N,N,N,N,N,72,055,2018,22055
22,057,451110,J,80,H,267,H,1197,3,N,N,N,N,,,N,N,N,N,N,N,N,72,057,2018,22057
22,063,451110,H,306,H,1287,H,5653,3,N,N,N,N,,,N,N,N,N,N,N,N,72,063,2018,22063
22,067,451110,J,83,J,570,J,2517,3,N,N,N,N,,,N,N,N,N,N,N,N,72,067,2018,22067
22,071,451110,G,38,G,179,G,726,10,8,N,N,N,,,N,N,N,N,N,N,N,72,071,2018,22071
22,073,451110,H,201,H,894,H,3947,10,4,N,N,N,,,N,N,N,N,N,N,N,72,073,2018,22073
22,079,451110,G,118,G,572,G,2604,7,4,N,N,N,,,N,N,N,N,N,N,N,72,079,2018,22079
22,101,451110,J,12,J,23,H,97,3,N,N,N,N,,,N,N,N,N,N,N,N,72,101,2018,22101
22,103,451110,H,255,H,1160,H,5502,22,13,5,N,N,,,N,N,N,N,N,N,N,72,103,2018,22103
22,105,451110,J,115,H,581,H,2610,6,4,N,N,N,,,N,N,N,N,N,N,N,72,105,2018,22105
22,109,451110,H,113,H,455,H,2115,7,3,N,N,N,,,N,N,N,N,N,N,N,72,109,2018,22109
22,113,451110,H,34,G,212,G,701,4,N,3,N,N,,,N,N,N,N,N,N,N,72,113,2018,22113
22,119,451110,G,25,G,134,G,525,3,N,N,N,N,,,N,N,N,N,N,N,N,72,119,2018,22119
22,121,451110,H,36,G,255,G,1185,4,N,N,N,N,,,N,N,N,N,N,N,N,72,121,2018,22121
23,001,451110,G,51,H,232,G,930,12,8,N,N,N,,,N,N,N,N,N,N,N,11,001,2018,23001
23,003,451110,J,27,H,56,J,240,4,N,N,N,N,,,N,N,N,N,N,N,N,11,003,2018,23003
23,005,451110,H,994,G,4878,H,21423,41,17,6,10,5,,,N,N,N,N,N,N,N,11,005,2018,23005
23,007,451110,G,33,H,93,H,316,7,5,N,N,N,,,N,N,N,N,N,N,N,11,007,2018,23007
23,009,451110,H,69,H,426,H,2332,7,N,N,N,N,,,N,N,N,N,N,N,N,11,009,2018,23009
23,011,451110,H,90,H,399,H,1696,10,4,3,N,N,,,N,N,N,N,N,N,N,11,011,2018,23011
23,013,451110,G,33,G,176,G,770,7,4,N,N,N,,,N,N,N,N,N,N,N,11,013,2018,23013
23,017,451110,J,38,H,183,H,733,11,9,N,N,N,,,N,N,N,N,N,N,N,11,017,2018,23017
23,019,451110,G,180,G,936,G,4328,22,12,3,5,N,,,N,N,N,N,N,N,N,11,019,2018,23019
23,025,451110,G,14,G,37,G,211,3,N,N,N,N,,,N,N,N,N,N,N,N,11,025,2018,23025
23,027,451110,J,30,J,143,J,688,3,N,N,N,N,,,N,N,N,N,N,N,N,11,027,2018,23027
23,031,451110,H,372,H,2450,H,9782,18,9,3,5,N,,,N,N,N,N,N,N,N,11,031,2018,23031
24,001,451110,G,62,G,312,H,1394,9,7,N,N,N,,,N,N,N,N,N,N,N,52,001,2018,24001
24,003,451110,H,568,H,3358,H,12848,40,19,9,6,4,,,N,N,N,N,N,N,N,52,003,2018,24003
24,005,451110,G,481,G,2628,G,10525,47,22,11,7,6,,,N,N,N,N,N,N,N,52,005,2018,24005
24,009,451110,H,44,H,149,H,658,8,3,3,N,N,,,N,N,N,N,N,N,N,52,009,2018,24009
24,013,451110,G,108,G,502,G,2126,12,5,5,N,N,,,N,N,N,N,N,N,N,52,013,2018,24013
24,015,451110,J,37,G,136,G,479,6,3,N,N,N,,,N,N,N,N,N,N,N,52,015,2018,24015
24,017,451110,H,116,G,536,G,2294,5,N,N,N,N,,,N,N,N,N,N,N,N,52,017,2018,24017
24,021,451110,G,188,G,917,G,3988,16,5,6,3,N,,,N,N,N,N,N,N,N,52,021,2018,24021
24,023,451110,J,31,H,216,G,965,4,N,N,N,N,,,N,N,N,N,N,N,N,52,023,2018,24023
24,025,451110,G,108,G,506,G,2112,12,6,3,N,N,,,N,N,N,N,N,N,N,52,025,2018,24025
24,027,451110,J,318,H,1800,H,6770,18,7,N,4,N,3.0,,N,N,N,N,N,N,N,52,027,2018,24027
24,029,451110,J,29,J,116,J,558,4,N,N,N,N,,,N,N,N,N,N,N,N,52,029,2018,24029
24,031,451110,G,463,H,2399,G,10729,38,15,12,4,4,3.0,,N,N,N,N,N,N,N,52,031,2018,24031
24,033,451110,G,129,G,764,G,3127,15,5,6,3,N,,,N,N,N,N,N,N,N,52,033,2018,24033
24,035,451110,G,16,G,91,G,456,6,5,N,N,N,,,N,N,N,N,N,N,N,52,035,2018,24035
24,037,451110,H,63,H,241,H,944,3,N,N,N,N,,,N,N,N,N,N,N,N,52,037,2018,24037
24,041,451110,J,48,J,234,H,945,6,4,N,N,N,,,N,N,N,N,N,N,N,52,041,2018,24041
24,043,451110,H,89,G,506,G,1994,12,7,3,N,N,,,N,N,N,N,N,N,N,52,043,2018,24043
24,045,451110,H,86,J,359,J,1506,5,3,N,N,N,,,N,N,N,N,N,N,N,52,045,2018,24045
24,047,451110,J,31,H,138,H,859,11,9,N,N,N,,,N,N,N,N,N,N,N,52,047,2018,24047
24,510,451110,G,62,H,410,H,1736,12,8,N,3,N,,,N,N,N,N,N,N,N,52,510,2018,24510
25,001,451110,H,186,G,955,G,6244,50,36,6,8,N,,,N,N,N,N,N,N,N,14,001,2018,25001
25,003,451110,G,132,G,703,G,2702,17,10,4,N,N,,,N,N,N,N,N,N,N,14,003,2018,25003
25,005,451110,G,534,G,2606,G,10684,46,20,8,11,5,,,N,N,N,N,N,N,N,14,005,2018,25005
25,009,451110,G,468,G,2316,G,9771,52,25,11,13,N,3.0,,N,N,N,N,N,N,N,14,009,2018,25009
25,011,451110,J,24,H,92,G,445,8,6,N,N,N,,,N,N,N,N,N,N,N,14,011,2018,25011
25,013,451110,H,178,G,892,G,3759,33,23,4,5,N,,,N,N,N,N,N,N,N,14,013,2018,25013
25,015,451110,H,116,G,507,G,2150,11,6,N,3,N,,,N,N,N,N,N,N,N,14,015,2018,25015
25,017,451110,G,1619,G,8731,G,36819,110,37,26,33,8,5.0,,N,N,N,N,N,N,N,14,017,2018,25017
25,019,451110,J,19,H,152,G,969,8,5,3,N,N,,,N,N,N,N,N,N,N,14,019,2018,25019
25,021,451110,G,691,G,3706,G,15809,49,20,11,13,N,,,N,N,N,N,N,N,N,14,021,2018,25021
25,023,451110,G,383,H,1836,G,7858,38,19,5,10,3,,,N,N,N,N,N,N,N,14,023,2018,25023
25,025,451110,J,230,H,1278,H,5222,22,10,4,5,N,,,N,N,N,N,N,N,N,14,025,2018,25025
25,027,451110,G,544,G,2623,G,10933,56,24,17,8,4,3.0,,N,N,N,N,N,N,N,14,027,2018,25027
26,001,451110,J,5,H,34,G,193,3,3,N,N,N,,,N,N,N,N,N,N,N,34,001,2018,26001
26,005,451110,J,12,H,84,G,396,3,N,N,N,N,,,N,N,N,N,N,N,N,34,005,2018,26005
26,007,451110,H,24,J,93,H,442,4,3,N,N,N,,,N,N,N,N,N,N,N,34,007,2018,26007
26,009,451110,G,3,G,20,H,108,4,4,N,N,N,,,N,N,N,N,N,N,N,34,009,2018,26009
26,015,451110,J,32,H,183,H,709,5,4,N,N,N,,,N,N,N,N,N,N,N,34,015,2018,26015
26,017,451110,H,124,H,726,H,3344,9,3,N,N,N,,,N,N,N,N,N,N,N,34,017,2018,26017
26,019,451110,G,5,H,42,G,315,3,3,N,N,N,,,N,N,N,N,N,N,N,34,019,2018,26019
26,021,451110,G,64,H,269,G,1235,13,8,4,N,N,,,N,N,N,N,N,N,N,34,021,2018,26021
26,023,451110,J,35,J,147,J,715,4,N,N,N,N,,,N,N,N,N,N,N,N,34,023,2018,26023
26,025,451110,G,50,G,307,G,1220,9,4,3,N,N,,,N,N,N,N,N,N,N,34,025,2018,26025
26,029,451110,G,1,G,2,G,35,3,3,N,N,N,,,N,N,N,N,N,N,N,34,029,2018,26029
26,031,451110,J,13,J,73,J,382,3,N,N,N,N,,,N,N,N,N,N,N,N,34,031,2018,26031
26,033,451110,H,33,J,94,H,393,3,N,N,N,N,,,N,N,N,N,N,N,N,34,033,2018,26033
26,037,451110,J,15,H,63,H,241,3,N,N,N,N,,,N,N,N,N,N,N,N,34,037,2018,26037
26,041,451110,H,33,G,164,G,672,6,3,N,N,N,,,N,N,N,N,N,N,N,34,041,2018,26041
26,045,451110,J,57,J,228,J,998,5,N,N,N,N,,,N,N,N,N,N,N,N,34,045,2018,26045
26,047,451110,G,62,G,346,G,1462,11,6,3,N,N,,,N,N,N,N,N,N,N,34,047,2018,26047
26,049,451110,G,352,H,2380,H,9483,29,12,8,4,4,,,N,N,N,N,N,N,N,34,049,2018,26049
26,053,451110,G,32,G,108,G,435,3,N,N,N,N,,,N,N,N,N,N,N,N,34,053,2018,26053
26,055,451110,G,236,G,1072,G,4980,24,7,6,7,4,,,N,N,N,N,N,N,N,34,055,2018,26055
26,061,451110,H,47,H,158,H,639,5,N,3,N,N,,,N,N,N,N,N,N,N,34,061,2018,26061
26,063,451110,J,25,G,118,G,554,4,N,N,N,N,,,N,N,N,N,N,N,N,34,063,2018,26063
26,065,451110,H,269,H,1446,H,6286,18,6,5,N,4,,,N,N,N,N,N,N,N,34,065,2018,26065
26,069,451110,J,6,G,22,H,119,4,4,N,N,N,,,N,N,N,N,N,N,N,34,069,2018,26069
26,073,451110,J,62,J,243,J,968,5,3,N,N,N,,,N,N,N,N,N,N,N,34,073,2018,26073
26,075,451110,H,64,H,339,H,1682,10,6,N,N,N,,,N,N,N,N,N,N,N,34,075,2018,26075
26,077,451110,G,410,G,1865,G,7784,23,5,6,5,5,,,N,N,N,N,N,N,N,34,077,2018,26077
26,081,451110,G,1179,G,5992,G,25914,55,16,9,16,8,4.0,,N,N,N,N,N,N,N,34,081,2018,26081
26,087,451110,G,35,G,128,G,529,6,4,N,N,N,,,N,N,N,N,N,N,N,34,087,2018,26087
26,091,451110,G,38,G,165,G,674,3,N,N,N,N,,,N,N,N,N,N,N,N,34,091,2018,26091
26,093,451110,J,166,H,696,H,3127,13,4,3,3,3,,,N,N,N,N,N,N,N,34,093,2018,26093
26,099,451110,H,627,H,2972,H,12348,59,26,14,8,11,,,N,N,N,N,N,N,N,34,099,2018,26099
26,101,451110,G,20,H,77,G,318,3,N,N,N,N,,,N,N,N,N,N,N,N,34,101,2018,26101
26,103,451110,J,68,H,265,H,1243,8,N,4,3,N,,,N,N,N,N,N,N,N,34,103,2018,26103
26,105,451110,G,21,H,100,G,474,4,N,N,N,N,,,N,N,N,N,N,N,N,34,105,2018,26105
26,107,451110,G,29,G,128,H,392,3,N,N,N,N,,,N,N,N,N,N,N,N,34,107,2018,26107
26,111,451110,G,63,G,276,G,1374,6,N,N,N,N,,,N,N,N,N,N,N,N,34,111,2018,26111
26,115,451110,H,326,H,1632,H,6478,11,6,N,N,N,,,N,N,N,N,N,N,N,34,115,2018,26115
26,117,451110,G,17,H,96,H,432,3,N,N,N,N,,,N,N,N,N,N,N,N,34,117,2018,26117
26,121,451110,H,91,H,415,H,1780,14,11,N,N,N,,,N,N,N,N,N,N,N,34,121,2018,26121
26,123,451110,J,17,J,62,J,298,3,N,N,N,N,,,N,N,N,N,N,N,N,34,123,2018,26123
26,125,451110,G,1436,G,6904,G,30223,102,42,20,18,17,3.0,,N,N,N,N,N,N,N,34,125,2018,26125
26,137,451110,H,107,H,530,H,2285,5,3,N,N,N,,,N,N,N,N,N,N,N,34,137,2018,26137
26,139,451110,G,228,G,1196,G,5056,22,10,5,5,N,,,N,N,N,N,N,N,N,34,139,2018,26139
26,143,451110,G,35,H,113,H,421,3,N,N,N,N,,,N,N,N,N,N,N,N,34,143,2018,26143
26,145,451110,H,253,H,1095,H,4322,15,4,4,3,3,,,N,N,N,N,N,N,N,34,145,2018,26145
26,147,451110,H,129,H,563,H,2507,10,N,3,N,3,,,N,N,N,N,N,N,N,34,147,2018,26147
26,149,451110,J,28,J,125,J,473,3,N,N,N,N,,,N,N,N,N,N,N,N,34,149,2018,26149
26,155,451110,H,28,G,116,G,559,5,3,N,N,N,,,N,N,N,N,N,N,N,34,155,2018,26155
26,159,451110,G,22,H,77,H,390,4,N,N,N,N,,,N,N,N,N,N,N,N,34,159,2018,26159
26,161,451110,J,376,G,2438,H,8499,35,15,9,5,6,,,N,N,N,N,N,N,N,34,161,2018,26161
26,163,451110,G,826,G,3640,G,14930,83,32,18,22,10,,,N,N,N,N,N,N,N,34,163,2018,26163
26,165,451110,H,29,G,126,G,587,5,3,N,N,N,,,N,N,N,N,N,N,N,34,165,2018,26165
27,003,451110,G,399,G,1873,G,8190,38,18,7,7,5,,,N,N,N,N,N,N,N,41,003,2018,27003
27,007,451110,H,33,H,86,H,482,5,4,N,N,N,,,N,N,N,N,N,N,N,41,007,2018,27007
27,013,451110,H,264,J,1944,J,6199,6,N,N,N,N,,,N,N,N,N,N,N,N,41,013,2018,27013
27,019,451110,H,47,G,275,G,1445,6,N,N,3,N,,,N,N,N,N,N,N,N,41,019,2018,27019
27,021,451110,H,96,J,844,J,3967,6,4,N,N,N,,,N,N,N,N,N,N,N,41,021,2018,27021
27,025,451110,J,7,G,63,H,432,4,3,N,N,N,,,N,N,N,N,N,N,N,41,025,2018,27025
27,027,451110,G,69,H,537,H,1710,7,5,N,N,N,,,N,N,N,N,N,N,N,41,027,2018,27027
27,035,451110,G,147,G,655,G,3151,22,10,8,3,N,,,N,N,N,N,N,N,N,41,035,2018,27035
27,037,451110,G,408,G,2294,G,9083,33,14,7,7,N,3.0,,N,N,N,N,N,N,N,41,037,2018,27037
27,041,451110,G,94,H,557,H,2381,11,7,N,3,N,,,N,N,N,N,N,N,N,41,041,2018,27041
27,045,451110,J,2,G,6,G,55,4,4,N,N,N,,,N,N,N,N,N,N,N,41,045,2018,27045
27,047,451110,J,21,J,79,J,350,4,3,N,N,N,,,N,N,N,N,N,N,N,41,047,2018,27047
27,049,451110,G,22,G,132,G,538,4,N,N,N,N,,,N,N,N,N,N,N,N,41,049,2018,27049
27,053,451110,G,2131,G,12423,G,49756,113,43,19,25,14,10.0,,N,N,N,N,N,N,N,41,053,2018,27053
27,057,451110,J,12,G,44,G,262,3,N,N,N,N,,,N,N,N,N,N,N,N,41,057,2018,27057
27,061,451110,J,27,G,225,G,848,4,N,N,N,N,,,N,N,N,N,N,N,N,41,061,2018,27061
27,067,451110,G,19,G,110,G,449,3,N,N,N,N,,,N,N,N,N,N,N,N,41,067,2018,27067
27,071,451110,J,11,H,85,G,409,4,3,N,N,N,,,N,N,N,N,N,N,N,41,071,2018,27071
27,077,451110,J,12,H,31,H,141,3,N,N,N,N,,,N,N,N,N,N,N,N,41,077,2018,27077
27,083,451110,J,32,J,179,H,772,5,4,N,N,N,,,N,N,N,N,N,N,N,41,083,2018,27083
27,093,451110,J,9,J,31,J,153,3,N,N,N,N,,,N,N,N,N,N,N,N,41,093,2018,27093
27,095,451110,H,27,H,201,H,939,4,N,N,N,N,,,N,N,N,N,N,N,N,41,095,2018,27095
27,099,451110,G,17,G,53,G,261,3,N,3,N,N,,,N,N,N,N,N,N,N,41,099,2018,27099
27,109,451110,H,342,J,2405,H,7966,22,11,7,N,3,,,N,N,N,N,N,N,N,41,109,2018,27109
27,111,451110,H,39,G,179,G,1005,6,N,N,N,N,,,N,N,N,N,N,N,N,41,111,2018,27111
27,123,451110,G,616,G,3542,G,15287,40,13,11,9,N,4.0,,N,N,N,N,N,N,N,41,123,2018,27123
27,131,451110,J,13,H,49,H,247,3,N,N,N,N,,,N,N,N,N,N,N,N,41,131,2018,27131
27,137,451110,G,276,G,1183,G,5705,32,15,5,9,3,,,N,N,N,N,N,N,N,41,137,2018,27137
27,139,451110,J,27,G,129,G,674,5,N,N,N,N,,,N,N,N,N,N,N,N,41,139,2018,27139
27,141,451110,G,11,J,58,H,179,5,4,N,N,N,,,N,N,N,N,N,N,N,41,141,2018,27141
27,145,451110,G,420,H,3049,H,10460,21,6,9,4,N,,,N,N,N,N,N,N,N,41,145,2018,27145
27,147,451110,H,178,H,906,H,3874,4,N,N,N,N,,,N,N,N,N,N,N,N,41,147,2018,27147
27,163,451110,H,455,G,2386,G,10485,27,10,6,7,N,,,N,N,N,N,N,N,N,41,163,2018,27163
27,169,451110,J,12,J,26,J,144,4,N,N,N,N,,,N,N,N,N,N,N,N,41,169,2018,27169
27,171,451110,G,61,G,383,G,1746,9,4,4,N,N,,,N,N,N,N,N,N,N,41,171,2018,27171
28,001,451110,H,65,G,444,H,1745,3,N,N,N,N,,,N,N,N,N,N,N,N,64,001,2018,28001
28,011,451110,J,19,H,100,H,380,4,N,N,N,N,,,N,N,N,N,N,N,N,64,011,2018,28011
28,033,451110,G,131,H,576,H,2372,8,6,N,N,N,,,N,N,N,N,N,N,N,64,033,2018,28033
28,035,451110,G,25,G,127,G,481,3,N,N,N,N,,,N,N,N,N,N,N,N,64,035,2018,28035
28,047,451110,J,205,H,877,J,4009,12,6,3,N,N,,,N,N,N,N,N,N,N,64,047,2018,28047
28,049,451110,H,97,H,372,H,1694,5,N,N,N,N,,,N,N,N,N,N,N,N,64,049,2018,28049
28,059,451110,G,13,J,47,H,205,6,6,N,N,N,,,N,N,N,N,N,N,N,64,059,2018,28059
28,067,451110,J,13,G,84,G,279,3,N,N,N,N,,,N,N,N,N,N,N,N,64,067,2018,28067
28,071,451110,J,94,H,276,H,1214,5,N,N,N,N,,,N,N,N,N,N,N,N,64,071,2018,28071
28,073,451110,J,175,J,656,J,2998,5,N,N,N,N,,,N,N,N,N,N,N,N,64,073,2018,28073
28,075,451110,G,55,H,291,G,1007,6,N,N,N,N,,,N,N,N,N,N,N,N,64,075,2018,28075
28,081,451110,H,147,H,588,H,2466,10,6,N,N,N,,,N,N,N,N,N,N,N,64,081,2018,28081
28,087,451110,J,61,J,282,J,1153,3,N,N,N,N,,,N,N,N,N,N,N,N,64,087,2018,28087
28,089,451110,H,86,G,391,G,1567,9,3,5,N,N,,,N,N,N,N,N,N,N,64,089,2018,28089
28,105,451110,G,20,H,133,J,1123,3,N,3,N,N,,,N,N,N,N,N,N,N,64,105,2018,28105
28,121,451110,H,362,H,1456,H,6114,9,3,N,N,N,,,N,N,N,N,N,N,N,64,121,2018,28121
28,149,451110,J,42,J,214,J,1005,4,N,N,N,N,,,N,N,N,N,N,N,N,64,149,2018,28149
28,151,451110,J,19,J,117,H,465,3,N,N,N,N,,,N,N,N,N,N,N,N,64,151,2018,28151
29,009,451110,J,13,H,44,G,272,4,3,N,N,N,,,N,N,N,N,N,N,N,43,009,2018,29009
29,019,451110,H,399,H,1375,H,6319,21,6,6,5,N,,,N,N,N,N,N,N,N,43,019,2018,29019
29,021,451110,H,68,J,227,H,829,8,6,N,N,N,,,N,N,N,N,N,N,N,43,021,2018,29021
29,023,451110,J,16,J,89,J,959,3,N,N,N,N,,,N,N,N,N,N,N,N,43,023,2018,29023
29,029,451110,H,54,G,204,G,821,3,N,N,N,N,,,N,N,N,N,N,N,N,43,029,2018,29029
29,031,451110,H,122,H,443,H,1921,10,6,N,N,N,,,N,N,N,N,N,N,N,43,031,2018,29031
29,037,451110,H,73,H,329,H,1543,8,6,N,N,N,,,N,N,N,N,N,N,N,43,037,2018,29037
29,047,451110,J,135,J,681,H,2762,8,N,4,N,N,,,N,N,N,N,N,N,N,43,047,2018,29047
29,051,451110,H,91,H,276,H,1022,9,5,N,N,N,,,N,N,N,N,N,N,N,43,051,2018,29051
29,071,451110,G,52,G,221,G,847,7,5,N,N,N,,,N,N,N,N,N,N,N,43,071,2018,29071
29,077,451110,H,749,H,3767,H,17126,24,10,5,4,3,,,N,N,N,N,N,N,N,43,077,2018,29077
29,091,451110,G,4,J,18,J,72,3,3,N,N,N,,,N,N,N,N,N,N,N,43,091,2018,29091
29,095,451110,H,493,H,2065,H,8462,27,14,6,N,N,,,N,N,N,N,N,N,N,43,095,2018,29095
29,097,451110,J,150,H,568,H,2487,12,6,4,N,N,,,N,N,N,N,N,N,N,43,097,2018,29097
29,099,451110,J,52,J,288,J,1466,5,N,N,N,N,,,N,N,N,N,N,N,N,43,099,2018,29099
29,121,451110,J,1,J,4,H,49,3,3,N,N,N,,,N,N,N,N,N,N,N,43,121,2018,29121
29,127,451110,J,22,J,83,H,337,3,N,N,N,N,,,N,N,N,N,N,N,N,43,127,2018,29127
29,131,451110,J,14,J,98,J,575,3,N,N,N,N,,,N,N,N,N,N,N,N,43,131,2018,29131
29,145,451110,H,23,H,100,H,376,4,N,N,N,N,,,N,N,N,N,N,N,N,43,145,2018,29145
29,165,451110,J,97,H,414,H,1648,5,N,N,N,N,,,N,N,N,N,N,N,N,43,165,2018,29165
29,183,451110,G,438,G,2005,G,8393,26,12,6,3,4,,,N,N,N,N,N,N,N,43,183,2018,29183
29,187,451110,J,27,J,95,J,483,6,3,N,N,N,,,N,N,N,N,N,N,N,43,187,2018,29187
29,189,451110,G,1130,G,5547,G,22349,75,33,20,9,7,4.0,,N,N,N,N,N,N,N,43,189,2018,29189
29,209,451110,J,13,H,40,G,222,5,5,N,N,N,,,N,N,N,N,N,N,N,43,209,2018,29209
29,213,451110,J,137,J,582,J,2887,4,N,N,N,N,,,N,N,N,N,N,N,N,43,213,2018,29213
29,510,451110,G,29,H,320,H,1270,8,4,4,N,N,,,N,N,N,N,N,N,N,43,510,2018,29510
30,001,451110,G,6,G,21,H,197,3,3,N,N,N,,,N,N,N,N,N,N,N,81,001,2018,30001
30,013,451110,H,189,H,1493,H,4669,9,3,3,N,N,,,N,N,N,N,N,N,N,81,013,2018,30013
30,029,451110,H,272,H,1701,H,7313,20,10,4,3,N,,,N,N,N,N,N,N,N,81,029,2018,30029
30,031,451110,G,454,G,2198,G,9208,40,19,9,6,3,3.0,,N,N,N,N,N,N,N,81,031,2018,30031
30,049,451110,G,211,G,863,G,3802,14,4,4,3,N,,,N,N,N,N,N,N,N,81,049,2018,30049
30,057,451110,J,8,J,62,J,339,3,N,N,N,N,,,N,N,N,N,N,N,N,81,057,2018,30057
30,063,451110,G,410,G,1912,G,8207,32,15,6,6,N,3.0,,N,N,N,N,N,N,N,81,063,2018,30063
30,067,451110,J,32,G,138,G,832,8,6,N,N,N,,,N,N,N,N,N,N,N,81,067,2018,30067
30,081,451110,G,48,H,129,H,675,8,7,N,N,N,,,N,N,N,N,N,N,N,81,081,2018,30081
30,083,451110,J,19,J,98,J,372,3,N,N,N,N,,,N,N,N,N,N,N,N,81,083,2018,30083
30,089,451110,G,2,G,11,H,37,3,3,N,N,N,,,N,N,N,N,N,N,N,81,089,2018,30089
30,093,451110,H,42,G,175,G,762,5,3,N,N,N,,,N,N,N,N,N,N,N,81,093,2018,30093
30,111,451110,H,604,H,4275,H,14280,22,9,5,3,3,,,N,N,N,N,N,N,N,81,111,2018,30111
31,019,451110,J,100,J,475,J,1899,4,N,N,N,N,,,N,N,N,N,N,N,N,46,019,2018,31019
31,053,451110,J,68,J,655,J,2432,5,N,N,N,N,,,N,N,N,N,N,N,N,46,053,2018,31053
31,055,451110,G,819,H,6143,H,20027,40,15,11,8,4,,,N,N,N,N,N,N,N,46,055,2018,31055
31,067,451110,J,6,J,35,J,168,3,3,N,N,N,,,N,N,N,N,N,N,N,46,067,2018,31067
31,079,451110,J,73,H,255,H,1088,9,6,N,N,N,,,N,N,N,N,N,N,N,46,079,2018,31079
31,109,451110,G,555,H,3585,H,12332,27,12,3,7,3,,,N,N,N,N,N,N,N,46,109,2018,31109
31,111,451110,J,12,H,47,G,216,4,3,N,N,N,,,N,N,N,N,N,N,N,46,111,2018,31111
31,141,451110,J,12,H,22,J,141,4,3,N,N,N,,,N,N,N,N,N,N,N,46,141,2018,31141
31,153,451110,H,260,H,1137,H,4441,3,N,N,N,N,,,N,N,N,N,N,N,N,46,153,2018,31153
31,157,451110,J,24,H,91,J,421,3,N,N,N,N,,,N,N,N,N,N,N,N,46,157,2018,31157
32,003,451110,H,1219,G,6865,G,27807,97,34,27,22,11,,,N,N,N,N,N,N,N,88,003,2018,32003
32,005,451110,H,68,G,302,G,829,10,3,4,3,N,,,N,N,N,N,N,N,N,88,005,2018,32005
32,007,451110,G,47,H,182,G,891,8,4,3,N,N,,,N,N,N,N,N,N,N,88,007,2018,32007
32,031,451110,G,817,G,5679,G,20852,32,12,7,5,5,,,N,N,N,N,N,N,N,88,031,2018,32031
32,510,451110,H,72,H,190,H,1062,5,3,N,N,N,,,N,N,N,N,N,N,N,88,510,2018,32510
33,001,451110,J,61,H,257,H,1095,10,6,N,4,N,,,N,N,N,N,N,N,N,12,001,2018,33001
33,003,451110,G,167,G,852,H,3702,20,7,7,5,N,,,N,N,N,N,N,N,N,12,003,2018,33003
33,005,451110,H,65,G,294,H,1231,8,5,N,N,N,,,N,N,N,N,N,N,N,12,005,2018,33005
33,007,451110,G,52,G,368,G,1632,5,N,N,N,N,,,N,N,N,N,N,N,N,12,007,2018,33007
33,009,451110,G,234,G,1696,G,6359,20,6,3,7,4,,,N,N,N,N,N,N,N,12,009,2018,33009
33,011,451110,H,429,H,2345,H,9542,45,21,8,13,N,,,N,N,N,N,N,N,N,12,011,2018,33011
33,013,451110,H,225,H,1067,H,4654,20,6,7,N,5,,,N,N,N,N,N,N,N,12,013,2018,33013
33,015,451110,H,484,G,2459,G,11053,50,24,7,11,7,,,N,N,N,N,N,N,N,12,015,2018,33015
33,017,451110,G,112,G,746,G,3365,14,5,5,N,N,,,N,N,N,N,N,N,N,12,017,2018,33017
33,019,451110,G,19,J,64,H,288,3,N,N,N,N,,,N,N,N,N,N,N,N,12,019,2018,33019
34,001,451110,G,125,G,679,G,3235,21,14,N,4,N,,,N,N,N,N,N,N,N,22,001,2018,34001
34,003,451110,H,588,H,3569,H,14761,65,46,5,6,6,,,N,N,N,N,N,N,N,22,003,2018,34003
34,005,451110,G,331,G,1550,G,6094,22,9,5,N,4,,,N,N,N,N,N,N,N,22,005,2018,34005
34,007,451110,H,206,G,1110,G,4481,16,5,5,4,N,,,N,N,N,N,N,N,N,22,007,2018,34007
34,009,451110,H,78,H,379,G,3035,33,26,5,N,N,,,N,N,N,N,N,N,N,22,009,2018,34009
34,011,451110,J,70,J,297,J,1143,7,5,N,N,N,,,N,N,N,N,N,N,N,22,011,2018,34011
34,013,451110,G,132,G,913,G,2993,22,16,N,N,3,,,N,N,N,N,N,N,N,22,013,2018,34013
34,015,451110,G,164,G,872,G,3545,11,N,4,3,N,,,N,N,N,N,N,N,N,22,015,2018,34015
34,017,451110,J,113,J,555,H,2492,16,11,N,4,N,,,N,N,N,N,N,N,N,22,017,2018,34017
34,019,451110,H,102,G,716,G,2844,14,9,N,N,N,,,N,N,N,N,N,N,N,22,019,2018,34019
34,021,451110,G,283,G,1548,G,5329,18,8,N,4,N,,,N,N,N,N,N,N,N,22,021,2018,34021
34,023,451110,H,398,G,1833,G,7443,30,16,N,7,4,,,N,N,N,N,N,N,N,22,023,2018,34023
34,025,451110,G,485,G,2847,G,12606,57,34,7,9,6,,,N,N,N,N,N,N,N,22,025,2018,34025
34,027,451110,H,570,H,3062,H,12286,42,18,10,7,N,5.0,,N,N,N,N,N,N,N,22,027,2018,34027
34,029,451110,G,371,G,1683,G,7547,52,37,5,5,4,,,N,N,N,N,N,N,N,22,029,2018,34029
34,031,451110,G,253,G,1058,G,4738,14,4,3,3,N,,,N,N,N,N,N,N,N,22,031,2018,34031
34,035,451110,H,229,H,1194,H,5058,27,10,6,10,N,,,N,N,N,N,N,N,N,22,035,2018,34035
34,037,451110,H,47,H,230,G,738,6,4,N,N,N,,,N,N,N,N,N,N,N,22,037,2018,34037
34,039,451110,H,242,G,1292,G,5509,28,14,6,6,N,,,N,N,N,N,N,N,N,22,039,2018,34039
34,041,451110,J,20,G,138,G,671,7,5,N,N,N,,,N,N,N,N,N,N,N,22,041,2018,34041
35,001,451110,G,604,G,2977,G,11834,55,23,15,10,4,3.0,,N,N,N,N,N,N,N,85,001,2018,35001
35,005,451110,H,35,G,107,G,460,4,N,N,N,N,,,N,N,N,N,N,N,N,85,005,2018,35005
35,007,451110,H,42,G,213,G,319,6,N,N,N,N,,,N,N,N,N,N,N,N,85,007,2018,35007
35,009,451110,G,30,G,99,G,371,4,N,N,N,N,,,N,N,N,N,N,N,N,85,009,2018,35009
35,013,451110,G,155,H,670,G,2991,12,5,3,N,N,,,N,N,N,N,N,N,N,85,013,2018,35013
35,015,451110,H,32,J,73,H,353,4,N,N,N,N,,,N,N,N,N,N,N,N,85,015,2018,35015
35,027,451110,J,23,H,79,H,318,6,5,N,N,N,,,N,N,N,N,N,N,N,85,027,2018,35027
35,035,451110,J,34,H,119,G,531,7,5,N,N,N,,,N,N,N,N,N,N,N,85,035,2018,35035
35,043,451110,H,25,G,98,G,328,4,N,N,N,N,,,N,N,N,N,N,N,N,85,043,2018,35043
35,045,451110,H,136,G,530,G,2537,13,7,N,3,N,,,N,N,N,N,N,N,N,85,045,2018,35045
35,049,451110,G,140,G,745,G,2774,15,5,7,N,N,,,N,N,N,N,N,N,N,85,049,2018,35049
35,055,451110,H,130,H,655,H,1995,20,12,3,4,N,,,N,N,N,N,N,N,N,85,055,2018,35055
36,001,451110,H,416,H,2133,H,8889,28,11,9,4,N,,,N,N,N,N,N,N,N,21,001,2018,36001
36,003,451110,G,9,J,31,J,184,3,N,N,N,N,,,N,N,N,N,N,N,N,21,003,2018,36003
36,005,451110,H,267,H,1628,H,7060,17,7,N,N,7,,,N,N,N,N,N,N,N,21,005,2018,36005
36,007,451110,G,137,G,541,G,2235,17,13,N,N,N,,,N,N,N,N,N,N,N,21,007,2018,36007
36,009,451110,G,99,G,566,G,2066,11,4,3,3,N,,,N,N,N,N,N,N,N,21,009,2018,36009
36,011,451110,J,198,J,757,J,3110,5,3,N,N,N,,,N,N,N,N,N,N,N,21,011,2018,36011
36,013,451110,H,32,G,118,G,544,7,4,N,N,N,,,N,N,N,N,N,N,N,21,013,2018,36013
36,015,451110,J,142,H,750,H,3104,8,4,N,N,N,,,N,N,N,N,N,N,N,21,015,2018,36015
36,017,451110,H,27,G,116,G,465,3,N,N,N,N,,,N,N,N,N,N,N,N,21,017,2018,36017
36,019,451110,G,114,G,480,G,2263,8,3,N,N,N,,,N,N,N,N,N,N,N,21,019,2018,36019
36,021,451110,H,24,G,86,G,393,5,4,N,N,N,,,N,N,N,N,N,N,N,21,021,2018,36021
36,023,451110,G,25,H,113,H,452,3,N,N,N,N,,,N,N,N,N,N,N,N,21,023,2018,36023
36,025,451110,J,10,J,57,J,262,6,6,N,N,N,,,N,N,N,N,N,N,N,21,025,2018,36025
36,027,451110,G,114,H,645,G,2864,25,20,3,N,N,,,N,N,N,N,N,N,N,21,027,2018,36027
36,029,451110,G,793,H,4503,G,18723,65,29,13,12,7,4.0,,N,N,N,N,N,N,N,21,029,2018,36029
36,031,451110,G,72,H,427,G,2027,10,3,3,4,N,,,N,N,N,N,N,N,N,21,031,2018,36031
36,035,451110,J,15,G,53,G,236,3,N,N,N,N,,,N,N,N,N,N,N,N,21,035,2018,36035
36,037,451110,H,54,H,224,G,887,7,5,N,N,N,,,N,N,N,N,N,N,N,21,037,2018,36037
36,039,451110,H,30,J,134,J,350,6,4,N,N,N,,,N,N,N,N,N,N,N,21,039,2018,36039
36,043,451110,H,28,J,159,J,939,4,N,N,N,N,,,N,N,N,N,N,N,N,21,043,2018,36043
36,045,451110,J,104,J,365,H,1601,7,4,N,N,N,,,N,N,N,N,N,N,N,21,045,2018,36045
36,047,451110,H,703,G,4790,G,19008,93,54,19,9,9,,,N,N,N,N,N,N,N,21,047,2018,36047
36,051,451110,J,12,J,28,J,111,3,N,N,N,N,,,N,N,N,N,N,N,N,21,051,2018,36051
36,053,451110,J,21,J,102,J,470,3,N,N,N,N,,,N,N,N,N,N,N,N,21,053,2018,36053
36,055,451110,G,688,G,3485,G,13588,58,28,12,9,5,4.0,,N,N,N,N,N,N,N,21,055,2018,36055
36,059,451110,G,1120,G,6607,G,28569,120,78,15,10,13,3.0,,N,N,N,N,N,N,N,21,059,2018,36059
36,061,451110,G,1430,G,10449,G,42368,100,51,23,12,9,3.0,,N,N,N,N,N,N,N,21,061,2018,36061
36,063,451110,G,120,G,508,G,1694,10,N,N,5,N,,,N,N,N,N,N,N,N,21,063,2018,36063
36,065,451110,H,331,H,1429,H,6196,15,7,4,N,N,,,N,N,N,N,N,N,N,21,065,2018,36065
36,067,451110,G,414,G,1719,G,7629,31,12,9,4,3,3.0,,N,N,N,N,N,N,N,21,067,2018,36067
36,069,451110,J,184,J,607,H,2503,10,4,N,N,N,,,N,N,N,N,N,N,N,21,069,2018,36069
36,071,451110,H,191,H,978,H,4087,22,13,N,5,N,,,N,N,N,N,N,N,N,21,071,2018,36071
36,075,451110,H,82,H,339,H,1508,13,8,N,N,N,,,N,N,N,N,N,N,N,21,075,2018,36075
36,077,451110,J,48,J,153,J,571,4,3,N,N,N,,,N,N,N,N,N,N,N,21,077,2018,36077
36,079,451110,G,59,G,285,G,1122,11,8,N,N,N,,,N,N,N,N,N,N,N,21,079,2018,36079
36,081,451110,G,505,H,2761,H,11609,61,41,5,4,10,,,N,N,N,N,N,N,N,21,081,2018,36081
36,083,451110,J,30,H,119,H,531,9,7,N,N,N,,,N,N,N,N,N,N,N,21,083,2018,36083
36,085,451110,J,143,J,695,H,2838,15,11,N,N,N,,,N,N,N,N,N,N,N,21,085,2018,36085
36,087,451110,H,196,G,1072,G,4647,22,16,N,N,N,,,N,N,N,N,N,N,N,21,087,2018,36087
36,089,451110,J,49,J,133,J,562,7,3,N,3,N,,,N,N,N,N,N,N,N,21,089,2018,36089
36,091,451110,H,173,G,1028,G,3946,18,6,7,4,N,,,N,N,N,N,N,N,N,21,091,2018,36091
36,093,451110,H,52,H,272,H,1000,7,3,N,N,N,,,N,N,N,N,N,N,N,21,093,2018,36093
36,097,451110,J,4,J,40,J,156,3,3,N,N,N,,,N,N,N,N,N,N,N,21,097,2018,36097
36,101,451110,J,30,G,72,G,311,7,5,N,N,N,,,N,N,N,N,N,N,N,21,101,2018,36101
36,103,451110,G,1305,G,7372,G,32155,146,93,17,21,10,4.0,,N,N,N,N,N,N,N,21,103,2018,36103
36,105,451110,G,5,J,15,H,207,7,7,N,N,N,,,N,N,N,N,N,N,N,21,105,2018,36105
36,107,451110,J,22,H,100,H,432,4,N,3,N,N,,,N,N,N,N,N,N,N,21,107,2018,36107
36,109,451110,H,81,H,424,G,1599,12,9,N,N,N,,,N,N,N,N,N,N,N,21,109,2018,36109
36,111,451110,J,166,H,884,H,3713,18,11,N,3,3,,,N,N,N,N,N,N,N,21,111,2018,36111
36,113,451110,H,120,G,581,G,2345,12,5,3,3,N,,,N,N,N,N,N,N,N,21,113,2018,36113
36,115,451110,J,12,H,41,H,154,4,3,N,N,N,,,N,N,N,N,N,N,N,21,115,2018,36115
36,117,451110,J,39,J,157,J,565,5,4,N,N,N,,,N,N,N,N,N,N,N,21,117,2018,36117
36,119,451110,G,807,G,4320,G,19522,80,50,8,8,10,4.0,,N,N,N,N,N,N,N,21,119,2018,36119
37,001,451110,H,156,J,607,J,2322,14,8,N,4,N,,,N,N,N,N,N,N,N,56,001,2018,37001
37,011,451110,G,79,H,343,G,928,6,3,N,N,N,,,N,N,N,N,N,N,N,56,011,2018,37011
37,013,451110,G,11,H,44,J,183,5,5,N,N,N,,,N,N,N,N,N,N,N,56,013,2018,37013
37,019,451110,J,32,H,120,H,616,13,10,3,N,N,,,N,N,N,N,N,N,N,56,019,2018,37019
37,021,451110,H,415,H,1951,H,7495,32,16,8,3,3,,,N,N,N,N,N,N,N,56,021,2018,37021
37,023,451110,J,62,J,232,J,879,5,3,N,N,N,,,N,N,N,N,N,N,N,56,023,2018,37023
37,025,451110,H,423,H,1646,H,7314,13,7,N,N,N,,,N,N,N,N,N,N,N,56,025,2018,37025
37,027,451110,J,23,G,101,G,413,4,3,N,N,N,,,N,N,N,N,N,N,N,56,027,2018,37027
37,031,451110,J,123,J,463,H,2062,17,9,4,3,N,,,N,N,N,N,N,N,N,56,031,2018,37031
37,035,451110,J,152,J,709,J,3018,8,3,N,N,N,,,N,N,N,N,N,N,N,56,035,2018,37035
37,045,451110,J,30,J,137,J,598,5,3,N,N,N,,,N,N,N,N,N,N,N,56,045,2018,37045
37,047,451110,J,7,H,34,G,139,3,3,N,N,N,,,N,N,N,N,N,N,N,56,047,2018,37047
37,049,451110,G,42,G,171,G,794,8,6,N,N,N,,,N,N,N,N,N,N,N,56,049,2018,37049
37,051,451110,H,272,H,1187,H,5400,17,8,5,N,N,,,N,N,N,N,N,N,N,56,051,2018,37051
37,053,451110,G,10,G,72,H,387,6,6,N,N,N,,,N,N,N,N,N,N,N,56,053,2018,37053
37,055,451110,G,121,G,897,G,6343,31,22,6,N,N,,,N,N,N,N,N,N,N,56,055,2018,37055
37,057,451110,J,8,J,63,J,202,5,5,N,N,N,,,N,N,N,N,N,N,N,56,057,2018,37057
37,063,451110,H,186,H,857,H,3244,11,3,3,3,N,,,N,N,N,N,N,N,N,56,063,2018,37063
37,067,451110,G,262,G,1213,G,4628,26,13,7,3,N,,,N,N,N,N,N,N,N,56,067,2018,37067
37,071,451110,G,118,G,513,H,2510,9,3,3,N,N,,,N,N,N,N,N,N,N,56,071,2018,37071
37,081,451110,H,482,H,1764,H,7385,29,15,3,4,3,4.0,,N,N,N,N,N,N,N,56,081,2018,37081
37,085,451110,G,8,H,38,H,150,3,N,N,N,N,,,N,N,N,N,N,N,N,56,085,2018,37085
37,087,451110,J,16,H,72,H,238,3,N,N,N,N,,,N,N,N,N,N,N,N,56,087,2018,37087
37,089,451110,H,44,H,196,H,900,10,8,N,N,N,,,N,N,N,N,N,N,N,56,089,2018,37089
37,093,451110,J,4,J,29,H,119,3,3,N,N,N,,,N,N,N,N,N,N,N,56,093,2018,37093
37,097,451110,J,147,H,607,H,2622,15,9,4,N,N,,,N,N,N,N,N,N,N,56,097,2018,37097
37,099,451110,J,9,G,53,G,236,3,N,N,N,N,,,N,N,N,N,N,N,N,56,099,2018,37099
37,101,451110,J,6,J,27,J,112,4,4,N,N,N,,,N,N,N,N,N,N,N,56,101,2018,37101
37,105,451110,G,25,G,106,G,416,3,N,N,N,N,,,N,N,N,N,N,N,N,56,105,2018,37105
37,109,451110,J,14,H,46,G,185,5,5,N,N,N,,,N,N,N,N,N,N,N,56,109,2018,37109
37,113,451110,J,33,H,150,H,637,6,3,N,N,N,,,N,N,N,N,N,N,N,56,113,2018,37113
37,119,451110,G,888,G,4676,G,19925,64,18,24,10,8,4.0,,N,N,N,N,N,N,N,56,119,2018,37119
37,125,451110,G,85,G,362,H,1683,14,9,3,N,N,,,N,N,N,N,N,N,N,56,125,2018,37125
37,127,451110,J,29,H,93,H,370,3,N,N,N,N,,,N,N,N,N,N,N,N,56,127,2018,37127
37,129,451110,G,332,G,1609,G,7164,32,10,12,6,4,,,N,N,N,N,N,N,N,56,129,2018,37129
37,133,451110,G,191,G,794,G,3233,14,9,N,N,N,,,N,N,N,N,N,N,N,56,133,2018,37133
37,135,451110,H,88,H,765,H,3288,13,5,4,3,N,,,N,N,N,N,N,N,N,56,135,2018,37135
37,141,451110,G,19,G,56,G,311,5,4,N,N,N,,,N,N,N,N,N,N,N,56,141,2018,37141
37,145,451110,J,15,J,91,H,424,3,N,N,N,N,,,N,N,N,N,N,N,N,56,145,2018,37145
37,147,451110,H,176,H,684,H,2659,15,8,N,3,N,,,N,N,N,N,N,N,N,56,147,2018,37147
37,151,451110,H,31,J,99,J,439,4,3,N,N,N,,,N,N,N,N,N,N,N,56,151,2018,37151
37,157,451110,H,22,J,66,J,245,7,5,N,N,N,,,N,N,N,N,N,N,N,56,157,2018,37157
37,159,451110,H,44,H,235,H,1016,11,10,N,N,N,,,N,N,N,N,N,N,N,56,159,2018,37159
37,167,451110,G,9,J,40,J,176,3,N,N,N,N,,,N,N,N,N,N,N,N,56,167,2018,37167
37,171,451110,H,22,G,106,G,445,6,5,N,N,N,,,N,N,N,N,N,N,N,56,171,2018,37171
37,175,451110,H,44,J,241,H,1073,5,N,N,N,N,,,N,N,N,N,N,N,N,56,175,2018,37175
37,179,451110,H,89,H,225,H,1281,10,6,N,N,N,,,N,N,N,N,N,N,N,56,179,2018,37179
37,181,451110,J,7,G,33,H,116,3,3,N,N,N,,,N,N,N,N,N,N,N,56,181,2018,37181
37,183,451110,G,1288,G,6183,G,24430,74,28,12,14,13,6.0,,N,N,N,N,N,N,N,56,183,2018,37183
37,189,451110,J,51,G,205,G,847,13,9,3,N,N,,,N,N,N,N,N,N,N,56,189,2018,37189
37,191,451110,J,83,H,383,H,1421,8,3,3,N,N,,,N,N,N,N,N,N,N,56,191,2018,37191
37,195,451110,H,53,J,272,J,1163,6,N,N,3,N,,,N,N,N,N,N,N,N,56,195,2018,37195
37,197,451110,G,3,J,17,H,51,3,3,N,N,N,,,N,N,N,N,N,N,N,56,197,2018,37197
38,015,451110,J,371,J,3106,J,9193,7,N,3,N,N,,,N,N,N,N,N,N,N,44,015,2018,38015
38,017,451110,H,496,H,4062,H,14269,11,N,3,4,N,,,N,N,N,N,N,N,N,44,017,2018,38017
38,035,451110,H,257,H,2046,H,6318,6,N,N,N,N,,,N,N,N,N,N,N,N,44,035,2018,38035
38,089,451110,G,2,J,11,H,209,3,3,N,N,N,,,N,N,N,N,N,N,N,44,089,2018,38089
38,093,451110,H,25,G,138,G,567,3,N,N,N,N,,,N,N,N,N,N,N,N,44,093,2018,38093
38,101,451110,G,179,H,1491,H,4785,9,N,6,N,N,,,N,N,N,N,N,N,N,44,101,2018,38101
39,001,451110,G,3,G,19,J,81,4,4,N,N,N,,,N,N,N,N,N,N,N,31,001,2018,39001
39,003,451110,H,51,H,240,H,1004,6,4,N,N,N,,,N,N,N,N,N,N,N,31,003,2018,39003
39,005,451110,J,105,J,881,J,3827,3,N,N,N,N,,,N,N,N,N,N,N,N,31,005,2018,39005
39,007,451110,H,21,G,82,G,373,7,5,N,N,N,,,N,N,N,N,N,N,N,31,007,2018,39007
39,009,451110,H,39,G,142,H,491,8,6,N,N,N,,,N,N,N,N,N,N,N,31,009,2018,39009
39,013,451110,J,17,G,99,G,369,6,4,N,N,N,,,N,N,N,N,N,N,N,31,013,2018,39013
39,017,451110,G,403,G,1925,G,7508,26,13,7,N,N,,,N,N,N,N,N,N,N,31,017,2018,39017
39,023,451110,J,75,J,301,H,957,5,N,N,N,N,,,N,N,N,N,N,N,N,31,023,2018,39023
39,025,451110,G,91,H,414,H,1801,11,6,3,N,N,,,N,N,N,N,N,N,N,31,025,2018,39025
39,029,451110,H,24,H,98,H,429,3,N,N,N,N,,,N,N,N,N,N,N,N,31,029,2018,39029
39,033,451110,G,4,J,38,J,154,3,3,N,N,N,,,N,N,N,N,N,N,N,31,033,2018,39033
39,035,451110,G,719,G,3023,G,13082,71,40,12,12,3,4.0,,N,N,N,N,N,N,N,31,035,2018,39035
39,041,451110,H,363,G,2115,G,8670,13,3,N,4,3,,,N,N,N,N,N,N,N,31,041,2018,39041
39,043,451110,H,97,H,359,H,1513,7,3,N,N,N,,,N,N,N,N,N,N,N,31,043,2018,39043
39,045,451110,J,99,H,386,H,1385,7,5,N,N,N,,,N,N,N,N,N,N,N,31,045,2018,39045
39,049,451110,H,914,H,4657,H,19502,60,27,10,9,8,5.0,,N,N,N,N,N,N,N,31,049,2018,39049
39,055,451110,H,56,J,317,H,1310,10,7,N,N,N,,,N,N,N,N,N,N,N,31,055,2018,39055
39,057,451110,H,124,H,461,H,1877,10,6,N,N,N,,,N,N,N,N,N,N,N,31,057,2018,39057
39,059,451110,G,18,H,76,H,290,3,N,N,N,N,,,N,N,N,N,N,N,N,31,059,2018,39059
39,061,451110,H,929,H,4209,H,19217,67,29,15,10,10,,,N,N,N,N,N,N,N,31,061,2018,39061
39,063,451110,J,80,H,372,H,1501,6,N,N,N,N,,,N,N,N,N,N,N,N,31,063,2018,39063
39,075,451110,J,15,H,88,H,438,6,4,N,N,N,,,N,N,N,N,N,N,N,31,075,2018,39075
39,081,451110,H,49,H,162,G,929,5,4,N,N,N,,,N,N,N,N,N,N,N,31,081,2018,39081
39,085,451110,G,201,H,1006,G,3940,15,3,7,3,N,,,N,N,N,N,N,N,N,31,085,2018,39085
39,087,451110,G,6,H,36,G,152,5,5,N,N,N,,,N,N,N,N,N,N,N,31,087,2018,39087
39,089,451110,H,162,J,823,J,3255,12,6,3,N,N,,,N,N,N,N,N,N,N,31,089,2018,39089
39,091,451110,H,23,G,77,H,329,3,N,N,N,N,,,N,N,N,N,N,N,N,31,091,2018,39091
39,093,451110,G,221,G,1128,G,5087,16,5,3,5,N,,,N,N,N,N,N,N,N,31,093,2018,39093
39,095,451110,H,323,H,1849,H,8014,21,8,6,3,N,3.0,,N,N,N,N,N,N,N,31,095,2018,39095
39,099,451110,H,177,H,795,H,3427,13,5,5,N,N,,,N,N,N,N,N,N,N,31,099,2018,39099
39,103,451110,H,62,G,338,G,1511,8,N,3,3,N,,,N,N,N,N,N,N,N,31,103,2018,39103
39,107,451110,H,39,H,148,H,588,7,5,N,N,N,,,N,N,N,N,N,N,N,31,107,2018,39107
39,109,451110,H,56,H,285,G,1158,6,3,N,N,N,,,N,N,N,N,N,N,N,31,109,2018,39109
39,113,451110,G,511,G,1975,G,8643,33,17,5,5,3,,,N,N,N,N,N,N,N,31,113,2018,39113
39,123,451110,J,6,J,17,G,309,6,6,N,N,N,,,N,N,N,N,N,N,N,31,123,2018,39123
39,133,451110,G,69,G,284,G,1246,10,8,N,N,N,,,N,N,N,N,N,N,N,31,133,2018,39133
39,139,451110,G,103,G,474,G,1814,6,N,N,N,N,,,N,N,N,N,N,N,N,31,139,2018,39139
39,141,451110,J,60,J,223,J,917,3,N,N,N,N,,,N,N,N,N,N,N,N,31,141,2018,39141
39,143,451110,J,11,J,39,J,167,3,N,N,N,N,,,N,N,N,N,N,N,N,31,143,2018,39143
39,145,451110,J,3,G,14,G,85,3,3,N,N,N,,,N,N,N,N,N,N,N,31,145,2018,39145
39,151,451110,G,342,G,1553,G,6668,30,9,12,5,3,,,N,N,N,N,N,N,N,31,151,2018,39151
39,153,451110,H,330,G,1557,H,6341,33,15,8,6,3,,,N,N,N,N,N,N,N,31,153,2018,39153
39,155,451110,H,100,H,405,G,1652,12,7,3,N,N,,,N,N,N,N,N,N,N,31,155,2018,39155
39,157,451110,H,95,H,389,H,1668,12,5,5,N,N,,,N,N,N,N,N,N,N,31,157,2018,39157
39,159,451110,J,9,H,33,G,105,3,N,N,N,N,,,N,N,N,N,N,N,N,31,159,2018,39159
39,165,451110,G,104,G,459,G,1939,10,4,3,N,N,,,N,N,N,N,N,N,N,31,165,2018,39165
39,167,451110,J,24,H,140,H,715,5,3,N,N,N,,,N,N,N,N,N,N,N,31,167,2018,39167
39,169,451110,G,67,H,279,G,1161,8,4,N,N,N,,,N,N,N,N,N,N,N,31,169,2018,39169
39,173,451110,H,228,J,917,H,4516,7,N,N,4,N,,,N,N,N,N,N,N,N,31,173,2018,39173
40,009,451110,J,7,G,61,G,289,3,3,N,N,N,,,N,N,N,N,N,N,N,73,009,2018,40009
40,017,451110,J,87,J,332,J,1425,3,N,N,N,N,,,N,N,N,N,N,N,N,73,017,2018,40017
40,027,451110,H,179,H,839,H,3507,14,9,N,N,N,,,N,N,N,N,N,N,N,73,027,2018,40027
40,031,451110,H,112,J,424,J,1821,7,3,N,N,N,,,N,N,N,N,N,N,N,73,031,2018,40031
40,041,451110,J,12,H,59,G,261,5,5,N,N,N,,,N,N,N,N,N,N,N,73,041,2018,40041
40,047,451110,G,60,H,306,H,1248,4,N,N,N,N,,,N,N,N,N,N,N,N,73,047,2018,40047
40,097,451110,G,5,H,23,H,69,3,3,N,N,N,,,N,N,N,N,N,N,N,73,097,2018,40097
40,109,451110,G,1077,G,4671,G,20175,63,34,9,8,5,5.0,,N,N,N,N,N,N,N,73,109,2018,40109
40,119,451110,J,118,J,462,J,2077,7,4,N,N,N,,,N,N,N,N,N,N,N,73,119,2018,40119
40,123,451110,J,10,G,37,G,177,4,4,N,N,N,,,N,N,N,N,N,N,N,73,123,2018,40123
40,125,451110,J,60,H,259,H,1113,5,N,N,N,N,,,N,N,N,N,N,N,N,73,125,2018,40125
40,131,451110,H,41,G,333,G,1399,4,N,N,N,N,,,N,N,N,N,N,N,N,73,131,2018,40131
40,137,451110,J,13,H,97,H,459,3,N,N,N,N,,,N,N,N,N,N,N,N,73,137,2018,40137
40,143,451110,G,857,G,4031,G,17125,55,30,9,8,3,4.0,,N,N,N,N,N,N,N,73,143,2018,40143
40,153,451110,J,9,G,33,G,178,4,3,N,N,N,,,N,N,N,N,N,N,N,73,153,2018,40153
41,003,451110,G,96,G,443,G,1932,12,6,N,3,N,,,N,N,N,N,N,N,N,92,003,2018,41003
41,005,451110,G,436,G,2526,G,9268,35,15,9,4,5,,,N,N,N,N,N,N,N,92,005,2018,41005
41,007,451110,J,35,J,192,J,873,7,4,N,N,N,,,N,N,N,N,N,N,N,92,007,2018,41007
41,009,451110,J,26,J,263,J,1096,4,N,N,N,N,,,N,N,N,N,N,N,N,92,009,2018,41009
41,011,451110,H,33,G,148,G,845,5,3,N,N,N,,,N,N,N,N,N,N,N,92,011,2018,41011
41,015,451110,J,12,J,53,J,227,5,5,N,N,N,,,N,N,N,N,N,N,N,92,015,2018,41015
41,017,451110,G,491,G,2566,G,10920,52,26,12,9,3,,,N,N,N,N,N,N,N,92,017,2018,41017
41,019,451110,H,67,H,203,H,1133,5,N,N,N,N,,,N,N,N,N,N,N,N,92,019,2018,41019
41,027,451110,H,140,H,898,H,3977,14,8,3,N,N,,,N,N,N,N,N,N,N,92,027,2018,41027
41,029,451110,G,328,G,1583,G,6976,33,20,8,N,N,,,N,N,N,N,N,N,N,92,029,2018,41029
41,033,451110,J,38,G,216,G,916,9,6,N,N,N,,,N,N,N,N,N,N,N,92,033,2018,41033
41,035,451110,H,85,G,273,G,1393,11,7,N,N,N,,,N,N,N,N,N,N,N,92,035,2018,41035
41,039,451110,G,523,G,2984,H,12296,35,18,8,3,3,,,N,N,N,N,N,N,N,92,039,2018,41039
41,041,451110,H,34,H,131,G,707,7,5,N,N,N,,,N,N,N,N,N,N,N,92,041,2018,41041
41,043,451110,J,99,J,316,J,1635,10,4,3,N,N,,,N,N,N,N,N,N,N,92,043,2018,41043
41,045,451110,H,29,G,128,G,571,3,N,N,N,N,,,N,N,N,N,N,N,N,92,045,2018,41045
41,047,451110,G,268,G,1164,G,4460,20,6,7,4,N,,,N,N,N,N,N,N,N,92,047,2018,41047
41,051,451110,G,1091,G,6915,G,30983,92,45,15,16,13,,,N,N,N,N,N,N,N,92,051,2018,41051
41,057,451110,G,31,G,213,G,728,5,3,N,N,N,,,N,N,N,N,N,N,N,92,057,2018,41057
41,059,451110,J,31,J,120,J,512,8,7,N,N,N,,,N,N,N,N,N,N,N,92,059,2018,41059
41,061,451110,H,29,H,99,H,410,5,3,N,N,N,,,N,N,N,N,N,N,N,92,061,2018,41061
41,067,451110,H,812,G,4066,G,18467,43,13,8,14,4,3.0,,N,N,N,N,N,N,N,92,067,2018,41067
41,071,451110,H,26,G,107,G,492,5,3,N,N,N,,,N,N,N,N,N,N,N,92,071,2018,41071
42,001,451110,J,15,G,111,G,463,4,3,N,N,N,,,N,N,N,N,N,N,N,23,001,2018,42001
42,003,451110,H,1195,H,4749,H,18959,79,36,14,18,4,4.0,3.0,N,N,N,N,N,N,N,23,003,2018,42003
42,005,451110,J,17,H,49,H,153,3,N,N,N,N,,,N,N,N,N,N,N,N,23,005,2018,42005
42,007,451110,H,102,H,385,H,1377,9,4,3,N,N,,,N,N,N,N,N,N,N,23,007,2018,42007
42,011,451110,G,548,H,2606,H,9829,22,12,4,N,N,,,N,N,N,N,N,N,N,23,011,2018,42011
42,013,451110,H,199,G,761,G,3162,16,7,5,N,N,,,N,N,N,N,N,N,N,23,013,2018,42013
42,015,451110,J,22,G,61,G,287,7,5,N,N,N,,,N,N,N,N,N,N,N,23,015,2018,42015
42,017,451110,G,322,G,1445,G,6242,36,17,8,7,3,,,N,N,N,N,N,N,N,23,017,2018,42017
42,019,451110,J,311,J,1294,H,5271,15,9,N,N,N,,,N,N,N,N,N,N,N,23,019,2018,42019
42,021,451110,H,85,G,372,G,1518,9,4,3,N,N,,,N,N,N,N,N,N,N,23,021,2018,42021
42,027,451110,G,196,G,836,G,3358,16,9,N,N,3,,,N,N,N,N,N,N,N,23,027,2018,42027
42,029,451110,G,417,G,2495,G,8737,30,14,8,3,N,3.0,,N,N,N,N,N,N,N,23,029,2018,42029
42,031,451110,J,27,G,138,G,569,5,N,N,N,N,,,N,N,N,N,N,N,N,23,031,2018,42031
42,033,451110,H,91,H,594,H,2762,7,3,N,3,N,,,N,N,N,N,N,N,N,23,033,2018,42033
42,037,451110,H,43,G,175,G,770,7,5,N,N,N,,,N,N,N,N,N,N,N,23,037,2018,42037
42,039,451110,G,25,G,104,G,499,10,9,N,N,N,,,N,N,N,N,N,N,N,23,039,2018,42039
42,041,451110,H,233,G,1057,G,4179,14,5,3,4,N,,,N,N,N,N,N,N,N,23,041,2018,42041
42,043,451110,H,324,H,1374,H,5706,11,4,3,N,N,,,N,N,N,N,N,N,N,23,043,2018,42043
42,045,451110,G,176,G,977,G,4033,22,12,3,5,N,,,N,N,N,N,N,N,N,23,045,2018,42045
42,047,451110,J,39,J,188,J,780,3,N,N,N,N,,,N,N,N,N,N,N,N,23,047,2018,42047
42,049,451110,G,276,G,1078,G,4519,27,19,3,N,N,,,N,N,N,N,N,N,N,23,049,2018,42049
42,051,451110,H,133,G,461,H,1809,9,4,N,N,3,,,N,N,N,N,N,N,N,23,051,2018,42051
42,055,451110,H,125,H,426,G,1753,12,6,N,3,N,,,N,N,N,N,N,N,N,23,055,2018,42055
42,059,451110,G,66,H,235,H,795,4,N,N,N,N,,,N,N,N,N,N,N,N,23,059,2018,42059
42,061,451110,J,16,G,41,G,184,3,N,N,N,N,,,N,N,N,N,N,N,N,23,061,2018,42061
42,063,451110,H,27,H,68,G,316,4,N,N,N,N,,,N,N,N,N,N,N,N,23,063,2018,42063
42,065,451110,J,12,H,41,G,253,5,4,N,N,N,,,N,N,N,N,N,N,N,23,065,2018,42065
42,069,451110,G,164,G,1091,G,4836,18,9,3,4,N,,,N,N,N,N,N,N,N,23,069,2018,42069
42,071,451110,G,297,G,1601,G,6227,34,12,16,N,4,,,N,N,N,N,N,N,N,23,071,2018,42071
42,073,451110,J,49,J,157,H,620,6,4,N,N,N,,,N,N,N,N,N,N,N,23,073,2018,42073
42,075,451110,H,62,G,299,G,1146,10,7,N,N,N,,,N,N,N,N,N,N,N,23,075,2018,42075
42,077,451110,G,321,G,1391,H,5778,23,10,5,3,3,,,N,N,N,N,N,N,N,23,077,2018,42077
42,079,451110,G,151,G,611,G,2398,25,18,4,N,N,,,N,N,N,N,N,N,N,23,079,2018,42079
42,081,451110,H,139,G,527,H,2129,11,5,3,N,N,,,N,N,N,N,N,N,N,23,081,2018,42081
42,083,451110,H,26,H,89,G,381,3,N,N,N,N,,,N,N,N,N,N,N,N,23,083,2018,42083
42,085,451110,G,38,G,177,H,721,8,5,N,N,N,,,N,N,N,N,N,N,N,23,085,2018,42085
42,087,451110,G,25,H,87,H,369,6,5,N,N,N,,,N,N,N,N,N,N,N,23,087,2018,42087
42,089,451110,J,123,J,568,H,2152,14,9,N,N,3,,,N,N,N,N,N,N,N,23,089,2018,42089
42,091,451110,H,1029,H,4699,H,18238,68,28,17,11,N,10.0,,N,N,N,N,N,N,N,23,091,2018,42091
42,095,451110,G,120,G,514,G,2189,23,17,5,N,N,,,N,N,N,N,N,N,N,23,095,2018,42095
42,097,451110,G,25,H,136,G,572,7,4,3,N,N,,,N,N,N,N,N,N,N,23,097,2018,42097
42,099,451110,G,16,G,32,G,152,4,N,N,N,N,,,N,N,N,N,N,N,N,23,099,2018,42099
42,101,451110,G,454,G,2231,G,9642,47,17,16,9,4,,,N,N,N,N,N,N,N,23,101,2018,42101
42,103,451110,G,14,H,28,G,169,5,4,N,N,N,,,N,N,N,N,N,N,N,23,103,2018,42103
42,107,451110,J,18,H,119,G,617,10,9,N,N,N,,,N,N,N,N,N,N,N,23,107,2018,42107
42,111,451110,G,11,J,24,J,91,3,N,N,N,N,,,N,N,N,N,N,N,N,23,111,2018,42111
42,115,451110,J,19,G,123,H,407,4,3,N,N,N,,,N,N,N,N,N,N,N,23,115,2018,42115
42,117,451110,G,14,J,54,H,217,8,8,N,N,N,,,N,N,N,N,N,N,N,23,117,2018,42117
42,119,451110,G,10,H,52,H,226,4,4,N,N,N,,,N,N,N,N,N,N,N,23,119,2018,42119
42,123,451110,J,30,J,127,J,604,4,N,N,N,N,,,N,N,N,N,N,N,N,23,123,2018,42123
42,125,451110,G,149,G,741,G,2882,9,4,N,N,3,,,N,N,N,N,N,N,N,23,125,2018,42125
42,127,451110,G,25,H,164,H,640,6,5,N,N,N,,,N,N,N,N,N,N,N,23,127,2018,42127
42,129,451110,H,194,G,877,G,3797,21,13,3,3,N,,,N,N,N,N,N,N,N,23,129,2018,42129
42,133,451110,H,311,H,1367,H,5492,27,12,6,4,3,,,N,N,N,N,N,N,N,23,133,2018,42133
44,003,451110,H,84,G,672,H,2239,17,10,3,4,N,,,N,N,N,N,N,N,N,15,003,2018,44003
44,005,451110,G,31,G,113,G,487,9,7,N,N,N,,,N,N,N,N,N,N,N,15,005,2018,44005
44,007,451110,J,322,J,2363,J,9416,30,17,5,3,5,,,N,N,N,N,N,N,N,15,007,2018,44007
44,009,451110,G,90,G,319,G,1694,18,12,N,4,N,,,N,N,N,N,N,N,N,15,009,2018,44009
45,003,451110,H,89,H,477,H,2108,10,6,N,N,N,,,N,N,N,N,N,N,N,57,003,2018,45003
45,007,451110,J,159,J,777,H,3581,10,6,N,N,N,,,N,N,N,N,N,N,N,57,007,2018,45007
45,013,451110,J,152,H,721,H,3010,19,9,8,N,N,,,N,N,N,N,N,N,N,57,013,2018,45013
45,015,451110,H,98,H,412,H,1568,8,4,N,N,N,,,N,N,N,N,N,N,N,57,015,2018,45015
45,019,451110,G,455,G,2444,G,10466,39,16,11,5,6,,,N,N,N,N,N,N,N,57,019,2018,45019
45,041,451110,H,172,H,724,H,3009,10,3,3,N,N,,,N,N,N,N,N,N,N,57,041,2018,45041
45,043,451110,J,56,H,227,H,1107,9,5,N,N,N,,,N,N,N,N,N,N,N,57,043,2018,45043
45,045,451110,G,614,G,2930,G,11938,37,13,11,5,6,,,N,N,N,N,N,N,N,57,045,2018,45045
45,047,451110,J,29,J,119,J,507,7,5,N,N,N,,,N,N,N,N,N,N,N,57,047,2018,45047
45,051,451110,G,502,G,2183,G,9260,37,25,3,3,3,,,N,N,N,N,N,N,N,57,051,2018,45051
45,055,451110,G,18,G,113,G,608,3,N,N,N,N,,,N,N,N,N,N,N,N,57,055,2018,45055
45,057,451110,J,5,G,14,G,61,3,3,N,N,N,,,N,N,N,N,N,N,N,57,057,2018,45057
45,063,451110,H,344,H,1612,H,6265,15,6,N,N,N,4.0,,N,N,N,N,N,N,N,57,063,2018,45063
45,073,451110,H,30,G,134,G,645,10,7,N,N,N,,,N,N,N,N,N,N,N,57,073,2018,45073
45,077,451110,G,84,H,296,H,1312,4,N,N,N,N,,,N,N,N,N,N,N,N,57,077,2018,45077
45,079,451110,H,224,G,1037,G,4419,18,9,3,3,N,,,N,N,N,N,N,N,N,57,079,2018,45079
45,083,451110,J,159,J,618,H,2762,9,5,N,N,N,,,N,N,N,N,N,N,N,57,083,2018,45083
45,091,451110,H,402,H,1498,H,6391,13,6,N,N,N,,,N,N,N,N,N,N,N,57,091,2018,45091
46,011,451110,J,30,G,104,G,434,4,3,N,N,N,,,N,N,N,N,N,N,N,45,011,2018,46011
46,013,451110,G,37,G,166,G,758,5,N,N,N,N,,,N,N,N,N,N,N,N,45,013,2018,46013
46,029,451110,G,27,G,128,G,550,4,N,N,N,N,,,N,N,N,N,N,N,N,45,029,2018,46029
46,035,451110,J,143,J,871,J,3074,5,N,N,N,N,,,N,N,N,N,N,N,N,45,035,2018,46035
46,065,451110,J,9,J,40,J,189,3,N,N,N,N,,,N,N,N,N,N,N,N,45,065,2018,46065
46,081,451110,G,12,G,71,G,381,5,5,N,N,N,,,N,N,N,N,N,N,N,45,081,2018,46081
46,099,451110,J,746,J,5990,J,19728,23,9,6,5,N,,,N,N,N,N,N,N,N,45,099,2018,46099
46,103,451110,G,417,G,2988,G,10749,18,8,6,N,N,,,N,N,N,N,N,N,N,45,103,2018,46103
46,123,451110,J,9,H,34,G,185,3,N,N,N,N,,,N,N,N,N,N,N,N,45,123,2018,46123
46,135,451110,J,19,J,89,J,353,3,N,N,N,N,,,N,N,N,N,N,N,N,45,135,2018,46135
47,001,451110,J,46,J,176,J,672,3,N,N,N,N,,,N,N,N,N,N,N,N,62,001,2018,47001
47,009,451110,G,75,H,379,H,1571,12,7,4,N,N,,,N,N,N,N,N,N,N,62,009,2018,47009
47,011,451110,G,32,G,125,G,587,5,N,N,N,N,,,N,N,N,N,N,N,N,62,011,2018,47011
47,019,451110,J,9,J,27,H,129,5,5,N,N,N,,,N,N,N,N,N,N,N,62,019,2018,47019
47,031,451110,H,33,G,134,G,572,5,N,N,N,N,,,N,N,N,N,N,N,N,62,031,2018,47031
47,037,451110,G,567,G,2805,G,12126,37,18,10,N,5,,,N,N,N,N,N,N,N,62,037,2018,47037
47,043,451110,J,25,J,133,J,568,3,N,N,N,N,,,N,N,N,N,N,N,N,62,043,2018,47043
47,053,451110,J,15,G,75,G,316,5,4,N,N,N,,,N,N,N,N,N,N,N,62,053,2018,47053
47,063,451110,J,57,J,210,H,733,5,3,N,N,N,,,N,N,N,N,N,N,N,62,063,2018,47063
47,065,451110,H,391,H,1956,H,9171,27,15,3,3,4,,,N,N,N,N,N,N,N,62,065,2018,47065
47,093,451110,G,478,G,2171,G,9073,42,23,8,6,N,3.0,,N,N,N,N,N,N,N,62,093,2018,47093
47,103,451110,J,11,J,33,H,148,3,N,N,N,N,,,N,N,N,N,N,N,N,62,103,2018,47103
47,105,451110,J,6,H,26,H,96,3,3,N,N,N,,,N,N,N,N,N,N,N,62,105,2018,47105
47,107,451110,H,36,H,86,G,311,6,4,N,N,N,,,N,N,N,N,N,N,N,62,107,2018,47107
47,113,451110,H,184,H,726,H,3004,7,N,3,N,N,,,N,N,N,N,N,N,N,62,113,2018,47113
47,117,451110,G,4,H,24,G,107,3,3,N,N,N,,,N,N,N,N,N,N,N,62,117,2018,47117
47,119,451110,J,46,H,340,H,1364,4,N,N,N,N,,,N,N,N,N,N,N,N,62,119,2018,47119
47,125,451110,J,168,H,635,H,2661,10,4,4,N,N,,,N,N,N,N,N,N,N,62,125,2018,47125
47,141,451110,H,51,J,223,H,919,5,N,N,3,N,,,N,N,N,N,N,N,N,62,141,2018,47141
47,145,451110,J,11,G,74,G,304,3,N,N,N,N,,,N,N,N,N,N,N,N,62,145,2018,47145
47,147,451110,H,30,G,185,G,746,3,N,N,N,N,,,N,N,N,N,N,N,N,62,147,2018,47147
47,149,451110,H,232,G,1295,G,6022,16,6,4,3,N,,,N,N,N,N,N,N,N,62,149,2018,47149
47,155,451110,H,565,J,2853,J,11860,13,6,3,N,N,,,N,N,N,N,N,N,N,62,155,2018,47155
47,157,451110,G,714,G,2880,G,12494,43,16,11,7,6,,,N,N,N,N,N,N,N,62,157,2018,47157
47,163,451110,G,112,G,512,G,1931,20,14,N,N,N,,,N,N,N,N,N,N,N,62,163,2018,47163
47,165,451110,G,40,G,185,G,859,6,N,4,N,N,,,N,N,N,N,N,N,N,62,165,2018,47165
47,179,451110,G,167,G,881,G,3610,6,N,N,N,N,,,N,N,N,N,N,N,N,62,179,2018,47179
47,187,451110,H,335,G,1810,G,7461,25,10,7,5,N,,,N,N,N,N,N,N,N,62,187,2018,47187
47,189,451110,H,130,H,509,H,2100,9,6,N,N,N,,,N,N,N,N,N,N,N,62,189,2018,47189
48,005,451110,J,100,H,386,H,1796,4,N,N,N,N,,,N,N,N,N,N,N,N,74,005,2018,48005
48,021,451110,J,111,J,466,J,2231,3,N,N,N,N,,,N,N,N,N,N,N,N,74,021,2018,48021
48,027,451110,J,229,H,977,H,4359,16,8,4,N,N,,,N,N,N,N,N,N,N,74,027,2018,48027
48,029,451110,G,1760,G,8702,G,37429,79,31,17,8,12,10.0,,N,N,N,N,N,N,N,74,029,2018,48029
48,037,451110,H,124,H,483,H,2285,7,3,N,N,N,,,N,N,N,N,N,N,N,74,037,2018,48037
48,039,451110,J,344,J,1408,J,6369,11,6,N,N,N,4.0,,N,N,N,N,N,N,N,74,039,2018,48039
48,041,451110,G,198,G,1074,G,4813,13,4,5,N,N,,,N,N,N,N,N,N,N,74,041,2018,48041
48,053,451110,J,3,G,6,H,22,3,3,N,N,N,,,N,N,N,N,N,N,N,74,053,2018,48053
48,057,451110,J,19,G,52,G,256,3,N,N,N,N,,,N,N,N,N,N,N,N,74,057,2018,48057
48,061,451110,G,367,G,1442,G,6445,11,5,N,3,N,,,N,N,N,N,N,N,N,74,061,2018,48061
48,085,451110,G,1262,G,6796,G,28725,53,17,11,8,9,7.0,,N,N,N,N,N,N,N,74,085,2018,48085
48,089,451110,J,9,H,26,G,101,4,3,N,N,N,,,N,N,N,N,N,N,N,74,089,2018,48089
48,091,451110,H,88,G,546,G,2273,8,N,4,N,N,,,N,N,N,N,N,N,N,74,091,2018,48091
48,113,451110,G,1453,G,7876,G,32549,87,37,17,16,8,7.0,,N,N,N,N,N,N,N,74,113,2018,48113
48,121,451110,G,489,G,2310,G,9705,32,11,10,4,3,4.0,,N,N,N,N,N,N,N,74,121,2018,48121
48,135,451110,J,136,G,1481,G,5879,7,3,N,N,N,,,N,N,N,N,N,N,N,74,135,2018,48135
48,139,451110,H,85,H,342,J,1575,4,3,N,N,N,,,N,N,N,N,N,N,N,74,139,2018,48139
48,141,451110,H,445,H,1754,H,7546,28,9,6,9,N,,,N,N,N,N,N,N,N,74,141,2018,48141
48,143,451110,J,8,H,64,H,285,3,N,N,N,N,,,N,N,N,N,N,N,N,74,143,2018,48143
48,157,451110,J,506,J,2141,J,9425,18,7,3,N,N,5.0,,N,N,N,N,N,N,N,74,157,2018,48157
48,161,451110,J,15,G,37,H,124,3,N,N,N,N,,,N,N,N,N,N,N,N,74,161,2018,48161
48,167,451110,H,314,H,1345,H,5798,16,7,5,N,N,,,N,N,N,N,N,N,N,74,167,2018,48167
48,181,451110,H,129,H,586,H,2666,6,N,N,N,N,,,N,N,N,N,N,N,N,74,181,2018,48181
48,183,451110,J,150,J,621,J,2732,8,5,N,N,N,,,N,N,N,N,N,N,N,74,183,2018,48183
48,201,451110,H,4029,H,20355,H,91345,161,66,33,15,17,21.0,9.0,N,N,N,N,N,N,N,74,201,2018,48201
48,203,451110,J,9,G,47,G,158,3,N,N,N,N,,,N,N,N,N,N,N,N,74,203,2018,48203
48,209,451110,H,365,H,1895,H,7280,7,3,N,N,N,,,N,N,N,N,N,N,N,74,209,2018,48209
48,213,451110,G,13,H,29,G,138,3,N,N,N,N,,,N,N,N,N,N,N,N,74,213,2018,48213
48,215,451110,H,510,H,2076,H,9338,29,15,6,4,N,3.0,,N,N,N,N,N,N,N,74,215,2018,48215
48,221,451110,G,16,H,96,H,444,7,6,N,N,N,,,N,N,N,N,N,N,N,74,221,2018,48221
48,245,451110,J,263,H,1133,H,5366,11,5,N,N,N,,,N,N,N,N,N,N,N,74,245,2018,48245
48,251,451110,G,20,G,110,G,441,8,7,N,N,N,,,N,N,N,N,N,N,N,74,251,2018,48251
48,259,451110,G,17,G,113,G,507,3,N,N,N,N,,,N,N,N,N,N,N,N,74,259,2018,48259
48,265,451110,H,30,G,142,G,582,3,N,N,N,N,,,N,N,N,N,N,N,N,74,265,2018,48265
48,303,451110,G,448,G,1806,G,8499,27,10,7,5,N,,,N,N,N,N,N,N,N,74,303,2018,48303
48,309,451110,G,259,H,1377,G,5978,11,5,N,N,N,,,N,N,N,N,N,N,N,74,309,2018,48309
48,321,451110,G,12,G,52,G,220,3,N,N,N,N,,,N,N,N,N,N,N,N,74,321,2018,48321
48,329,451110,G,170,G,1123,G,5465,11,6,3,N,N,,,N,N,N,N,N,N,N,74,329,2018,48329
48,339,451110,J,542,J,2892,J,13027,26,11,4,4,3,4.0,,N,N,N,N,N,N,N,74,339,2018,48339
48,347,451110,G,9,H,32,H,122,3,N,N,N,N,,,N,N,N,N,N,N,N,74,347,2018,48347
48,349,451110,J,36,J,194,J,745,4,N,N,N,N,,,N,N,N,N,N,N,N,74,349,2018,48349
48,355,451110,G,412,G,2309,G,10019,34,17,10,4,N,,,N,N,N,N,N,N,N,74,355,2018,48355
48,361,451110,G,19,G,103,G,408,6,4,N,N,N,,,N,N,N,N,N,N,N,74,361,2018,48361
48,367,451110,H,197,H,890,H,4602,15,11,N,N,N,,,N,N,N,N,N,N,N,74,367,2018,48367
48,375,451110,G,61,G,304,G,1319,7,3,3,N,N,,,N,N,N,N,N,N,N,74,375,2018,48375
48,381,451110,G,126,G,603,G,2865,4,N,N,N,N,,,N,N,N,N,N,N,N,74,381,2018,48381
48,397,451110,J,56,J,289,J,1879,3,N,N,N,N,,,N,N,N,N,N,N,N,74,397,2018,48397
48,409,451110,J,90,H,347,J,1675,5,3,N,N,N,,,N,N,N,N,N,N,N,74,409,2018,48409
48,423,451110,G,173,H,841,H,3945,13,8,N,N,N,,,N,N,N,N,N,N,N,74,423,2018,48423
48,439,451110,G,2059,G,10865,G,45378,99,47,18,11,8,12.0,,N,N,N,N,N,N,N,74,439,2018,48439
48,441,451110,H,129,G,505,G,2332,7,5,N,N,N,,,N,N,N,N,N,N,N,74,441,2018,48441
48,451,451110,G,138,G,823,G,3569,11,4,4,N,N,,,N,N,N,N,N,N,N,74,451,2018,48451
48,453,451110,G,1375,G,7146,G,29720,80,37,15,7,10,11.0,,N,N,N,N,N,N,N,74,453,2018,48453
48,469,451110,H,110,H,471,H,2322,7,5,N,N,N,,,N,N,N,N,N,N,N,74,469,2018,48469
48,471,451110,J,108,J,590,J,2694,4,N,N,N,N,,,N,N,N,N,N,N,N,74,471,2018,48471
48,479,451110,J,232,H,891,H,4155,11,4,4,N,N,,,N,N,N,N,N,N,N,74,479,2018,48479
48,485,451110,G,107,H,452,H,1948,8,4,3,N,N,,,N,N,N,N,N,N,N,74,485,2018,48485
48,491,451110,H,449,H,2286,H,10071,27,15,6,N,3,,,N,N,N,N,N,N,N,74,491,2018,48491
49,003,451110,J,3,J,20,J,152,3,3,N,N,N,,,N,N,N,N,N,N,N,87,003,2018,49003
49,005,451110,J,266,J,1093,J,4939,7,N,N,N,N,,,N,N,N,N,N,N,N,87,005,2018,49005
49,011,451110,H,455,H,1364,H,7358,25,9,4,6,5,,,N,N,N,N,N,N,N,87,011,2018,49011
49,017,451110,H,29,H,50,H,477,4,3,N,N,N,,,N,N,N,N,N,N,N,87,017,2018,49017
49,019,451110,J,72,G,303,G,1908,10,4,N,4,N,,,N,N,N,N,N,N,N,87,019,2018,49019
49,021,451110,H,67,G,352,G,1092,10,5,4,N,N,,,N,N,N,N,N,N,N,87,021,2018,49021
49,035,451110,G,1834,G,10817,G,39611,121,40,27,33,16,3.0,,N,N,N,N,N,N,N,87,035,2018,49035
49,043,451110,H,511,G,3709,H,10591,49,18,11,13,7,,,N,N,N,N,N,N,N,87,043,2018,49043
49,047,451110,G,59,H,264,G,1365,4,N,N,N,N,,,N,N,N,N,N,N,N,87,047,2018,49047
49,049,451110,G,748,G,3144,G,12338,39,12,8,12,4,,,N,N,N,N,N,N,N,87,049,2018,49049
49,051,451110,J,47,H,134,H,771,5,3,N,N,N,,,N,N,N,N,N,N,N,87,051,2018,49051
49,053,451110,G,250,G,1051,G,4792,25,11,5,6,N,,,N,N,N,N,N,N,N,87,053,2018,49053
49,057,451110,G,272,G,1068,G,4361,20,5,6,5,3,,,N,N,N,N,N,N,N,87,057,2018,49057
50,001,451110,H,31,H,118,G,599,7,4,N,N,N,,,N,N,N,N,N,N,N,13,001,2018,50001
50,003,451110,G,51,G,310,G,1014,8,4,N,3,N,,,N,N,N,N,N,N,N,13,003,2018,50003
50,005,451110,H,48,H,319,H,1376,7,3,N,3,N,,,N,N,N,N,N,N,N,13,005,2018,50005
50,007,451110,H,484,H,2979,H,12205,26,10,5,6,N,,,N,N,N,N,N,N,N,13,007,2018,50007
50,011,451110,G,19,H,67,G,281,4,3,N,N,N,,,N,N,N,N,N,N,N,13,011,2018,50011
50,015,451110,H,94,H,657,G,2253,9,4,N,N,N,,,N,N,N,N,N,N,N,13,015,2018,50015
50,019,451110,H,28,H,79,G,314,3,N,N,N,N,,,N,N,N,N,N,N,N,13,019,2018,50019
50,021,451110,G,143,G,855,G,2564,17,8,4,3,N,,,N,N,N,N,N,N,N,13,021,2018,50021
50,023,451110,H,72,G,538,G,2329,18,11,4,3,N,,,N,N,N,N,N,N,N,13,023,2018,50023
50,025,451110,G,59,G,407,G,1301,12,5,6,N,N,,,N,N,N,N,N,N,N,13,025,2018,50025
50,027,451110,J,88,H,636,H,1757,9,4,N,N,N,,,N,N,N,N,N,N,N,13,027,2018,50027
51,003,451110,J,179,H,1022,H,4395,11,6,N,N,N,,,N,N,N,N,N,N,N,54,003,2018,51003
51,013,451110,H,59,G,423,H,1681,9,4,N,3,N,,,N,N,N,N,N,N,N,54,013,2018,51013
51,019,451110,J,56,G,284,G,1132,8,5,N,N,N,,,N,N,N,N,N,N,N,54,019,2018,51019
51,023,451110,G,17,H,27,H,126,3,N,N,N,N,,,N,N,N,N,N,N,N,54,023,2018,51023
51,041,451110,G,168,G,785,G,3067,17,8,6,N,N,,,N,N,N,N,N,N,N,54,041,2018,51041
51,059,451110,G,912,G,4914,G,20421,45,15,6,11,5,7.0,,N,N,N,N,N,N,N,54,059,2018,51059
51,061,451110,G,45,G,284,G,1065,6,N,N,N,N,,,N,N,N,N,N,N,N,54,061,2018,51061
51,067,451110,H,26,H,75,G,322,6,4,N,N,N,,,N,N,N,N,N,N,N,54,067,2018,51067
51,069,451110,H,35,H,141,H,737,5,4,N,N,N,,,N,N,N,N,N,N,N,54,069,2018,51069
51,085,451110,J,420,J,2452,J,9851,10,5,N,N,N,,,N,N,N,N,N,N,N,54,085,2018,51085
51,087,451110,G,486,G,2000,G,9054,21,7,5,N,5,,,N,N,N,N,N,N,N,54,087,2018,51087
51,093,451110,G,15,H,37,H,145,3,N,N,N,N,,,N,N,N,N,N,N,N,54,093,2018,51093
51,095,451110,H,29,G,130,G,538,6,4,N,N,N,,,N,N,N,N,N,N,N,54,095,2018,51095
51,107,451110,G,372,H,1735,H,7208,23,7,5,6,3,,,N,N,N,N,N,N,N,54,107,2018,51107
51,109,451110,G,2,G,8,J,24,3,3,N,N,N,,,N,N,N,N,N,N,N,54,109,2018,51109
51,121,451110,J,100,H,502,H,1999,7,N,4,N,N,,,N,N,N,N,N,N,N,54,121,2018,51121
51,125,451110,J,18,J,83,J,195,3,N,N,N,N,,,N,N,N,N,N,N,N,54,125,2018,51125
51,131,451110,G,4,G,11,J,63,3,3,N,N,N,,,N,N,N,N,N,N,N,54,131,2018,51131
51,143,451110,J,13,J,116,J,563,4,3,N,N,N,,,N,N,N,N,N,N,N,54,143,2018,51143
51,153,451110,H,319,H,1496,H,5796,26,15,N,4,4,,,N,N,N,N,N,N,N,54,153,2018,51153
51,161,451110,J,77,J,328,H,1324,5,N,4,N,N,,,N,N,N,N,N,N,N,54,161,2018,51161
51,165,451110,J,8,H,25,H,147,4,4,N,N,N,,,N,N,N,N,N,N,N,54,165,2018,51165
51,177,451110,H,99,H,389,H,1528,5,3,N,N,N,,,N,N,N,N,N,N,N,54,177,2018,51177
51,179,451110,J,14,G,36,H,148,3,N,N,N,N,,,N,N,N,N,N,N,N,54,179,2018,51179
51,191,451110,J,33,H,133,H,696,7,5,N,N,N,,,N,N,N,N,N,N,N,54,191,2018,51191
51,199,451110,H,49,G,221,G,910,7,5,N,N,N,,,N,N,N,N,N,N,N,54,199,2018,51199
51,510,451110,J,34,J,133,J,672,4,N,N,N,N,,,N,N,N,N,N,N,N,54,510,2018,51510
51,540,451110,H,77,G,365,G,1535,10,5,N,4,N,,,N,N,N,N,N,N,N,54,540,2018,51540
51,550,451110,H,174,H,667,H,3073,11,6,3,N,N,,,N,N,N,N,N,N,N,54,550,2018,51550
51,590,451110,J,79,J,308,H,1123,6,3,N,N,N,,,N,N,N,N,N,N,N,54,590,2018,51590
51,600,451110,H,118,H,525,H,2193,5,N,N,N,N,,,N,N,N,N,N,N,N,54,600,2018,51600
51,630,451110,H,43,G,226,G,1199,8,4,3,N,N,,,N,N,N,N,N,N,N,54,630,2018,51630
51,650,451110,J,164,J,690,J,3078,3,N,N,N,N,,,N,N,N,N,N,N,N,54,650,2018,51650
51,660,451110,H,96,J,370,H,1510,7,N,3,N,N,,,N,N,N,N,N,N,N,54,660,2018,51660
51,670,451110,J,11,J,52,J,334,5,4,N,N,N,,,N,N,N,N,N,N,N,54,670,2018,51670
51,680,451110,G,109,G,404,G,1586,7,N,3,N,N,,,N,N,N,N,N,N,N,54,680,2018,51680
51,683,451110,J,18,J,102,J,378,3,N,N,N,N,,,N,N,N,N,N,N,N,54,683,2018,51683
51,700,451110,G,123,G,629,G,2577,12,6,N,N,N,,,N,N,N,N,N,N,N,54,700,2018,51700
51,710,451110,G,52,G,394,G,1603,9,5,3,N,N,,,N,N,N,N,N,N,N,54,710,2018,51710
51,740,451110,J,15,J,124,J,488,4,3,N,N,N,,,N,N,N,N,N,N,N,54,740,2018,51740
51,760,451110,G,115,G,411,H,1538,9,5,N,N,N,,,N,N,N,N,N,N,N,54,760,2018,51760
51,770,451110,H,171,G,749,G,3407,16,7,6,N,N,,,N,N,N,N,N,N,N,54,770,2018,51770
51,775,451110,J,17,J,35,J,121,4,N,N,N,N,,,N,N,N,N,N,N,N,54,775,2018,51775
51,790,451110,J,14,G,72,G,340,3,N,N,N,N,,,N,N,N,N,N,N,N,54,790,2018,51790
51,810,451110,G,481,G,2413,H,10191,40,18,5,10,5,,,N,N,N,N,N,N,N,54,810,2018,51810
51,840,451110,H,95,H,348,H,1404,9,5,N,N,N,,,N,N,N,N,N,N,N,54,840,2018,51840
53,005,451110,H,186,G,1055,G,4304,20,10,4,4,N,,,N,N,N,N,N,N,N,91,005,2018,53005
53,007,451110,G,112,G,637,G,3097,14,7,N,4,N,,,N,N,N,N,N,N,N,91,007,2018,53007
53,009,451110,G,42,G,188,G,1237,11,8,N,N,N,,,N,N,N,N,N,N,N,91,009,2018,53009
53,011,451110,H,171,G,849,G,3642,22,13,4,4,N,,,N,N,N,N,N,N,N,91,011,2018,53011
53,015,451110,J,133,J,757,J,3442,13,8,N,N,N,,,N,N,N,N,N,N,N,91,015,2018,53015
53,025,451110,J,57,J,211,J,1066,3,N,N,N,N,,,N,N,N,N,N,N,N,91,025,2018,53025
53,027,451110,H,30,G,141,G,615,9,7,N,N,N,,,N,N,N,N,N,N,N,91,027,2018,53027
53,029,451110,H,35,G,124,G,540,6,4,N,N,N,,,N,N,N,N,N,N,N,91,029,2018,53029
53,031,451110,J,18,G,87,G,386,3,N,N,N,N,,,N,N,N,N,N,N,N,91,031,2018,53031
53,033,451110,G,2477,G,16774,G,66027,172,63,48,35,15,9.0,,N,N,N,N,N,N,N,91,033,2018,53033
53,035,451110,G,269,H,1443,G,6014,19,6,4,5,4,,,N,N,N,N,N,N,N,91,035,2018,53035
53,037,451110,H,47,G,218,G,1088,8,5,N,N,N,,,N,N,N,N,N,N,N,91,037,2018,53037
53,041,451110,G,39,H,173,G,826,6,N,3,N,N,,,N,N,N,N,N,N,N,91,041,2018,53041
53,045,451110,J,17,H,50,G,245,3,N,N,N,N,,,N,N,N,N,N,N,N,91,045,2018,53045
53,047,451110,G,47,G,261,G,965,10,7,N,N,N,,,N,N,N,N,N,N,N,91,047,2018,53047
53,053,451110,G,648,G,3929,G,16508,53,22,15,11,N,3.0,,N,N,N,N,N,N,N,91,053,2018,53053
53,055,451110,J,5,J,11,J,99,3,3,N,N,N,,,N,N,N,N,N,N,N,91,055,2018,53055
53,057,451110,G,126,G,711,G,3006,15,8,3,N,N,,,N,N,N,N,N,N,N,91,057,2018,53057
53,061,451110,H,724,G,3797,G,15430,52,21,13,11,5,,,N,N,N,N,N,N,N,91,061,2018,53061
53,063,451110,G,543,G,2967,G,13563,49,15,19,9,4,,,N,N,N,N,N,N,N,91,063,2018,53063
53,067,451110,H,419,H,2391,H,8815,18,5,6,4,N,,,N,N,N,N,N,N,N,91,067,2018,53067
53,071,451110,J,58,J,270,J,1016,6,3,N,N,N,,,N,N,N,N,N,N,N,91,071,2018,53071
53,073,451110,G,292,G,1577,G,6698,23,9,7,N,4,,,N,N,N,N,N,N,N,91,073,2018,53073
53,077,451110,H,201,H,968,H,3723,13,4,4,3,N,,,N,N,N,N,N,N,N,91,077,2018,53077
54,003,451110,J,54,H,304,H,1043,6,4,N,N,N,,,N,N,N,N,N,N,N,55,003,2018,54003
54,011,451110,G,105,G,1425,G,4117,4,N,N,N,N,,,N,N,N,N,N,N,N,55,011,2018,54011
54,025,451110,J,33,J,174,J,858,3,N,N,N,N,,,N,N,N,N,N,N,N,55,025,2018,54025
54,033,451110,H,58,H,217,H,807,3,N,N,N,N,,,N,N,N,N,N,N,N,55,033,2018,54033
54,037,451110,J,14,J,28,J,158,5,4,N,N,N,,,N,N,N,N,N,N,N,55,037,2018,54037
54,039,451110,G,243,H,1068,H,4250,9,3,3,N,N,,,N,N,N,N,N,N,N,55,039,2018,54039
54,041,451110,H,25,H,112,H,531,3,N,N,N,N,,,N,N,N,N,N,N,N,55,041,2018,54041
54,045,451110,J,3,J,18,G,155,3,3,N,N,N,,,N,N,N,N,N,N,N,55,045,2018,54045
54,055,451110,J,12,G,65,G,304,5,5,N,N,N,,,N,N,N,N,N,N,N,55,055,2018,54055
54,061,451110,H,166,G,673,G,2759,10,4,N,N,N,,,N,N,N,N,N,N,N,55,061,2018,54061
54,069,451110,H,256,J,1172,H,4663,6,3,N,N,N,,,N,N,N,N,N,N,N,55,069,2018,54069
54,075,451110,G,37,G,197,H,512,4,N,N,N,N,,,N,N,N,N,N,N,N,55,075,2018,54075
54,079,451110,J,17,G,87,G,413,3,N,N,N,N,,,N,N,N,N,N,N,N,55,079,2018,54079
54,081,451110,H,115,H,568,H,2199,9,3,N,N,N,,,N,N,N,N,N,N,N,55,081,2018,54081
54,083,451110,H,26,H,90,H,365,4,3,N,N,N,,,N,N,N,N,N,N,N,55,083,2018,54083
54,093,451110,J,10,J,56,H,176,4,3,N,N,N,,,N,N,N,N,N,N,N,55,093,2018,54093
54,107,451110,G,56,G,247,G,948,10,6,3,N,N,,,N,N,N,N,N,N,N,55,107,2018,54107
55,003,451110,J,21,J,79,H,446,4,N,N,N,N,,,N,N,N,N,N,N,N,35,003,2018,55003
55,005,451110,H,29,G,113,G,458,5,N,N,N,N,,,N,N,N,N,N,N,N,35,005,2018,55005
55,009,451110,G,375,G,1725,G,7113,22,11,7,N,N,,,N,N,N,N,N,N,N,35,009,2018,55009
55,013,451110,J,2,G,1,G,14,3,3,N,N,N,,,N,N,N,N,N,N,N,35,013,2018,55013
55,015,451110,J,37,J,180,J,856,4,N,N,N,N,,,N,N,N,N,N,N,N,35,015,2018,55015
55,017,451110,H,29,G,119,G,487,4,N,N,N,N,,,N,N,N,N,N,N,N,35,017,2018,55017
55,025,451110,G,777,G,3802,G,16244,52,25,7,11,4,4.0,,N,N,N,N,N,N,N,35,025,2018,55025
55,027,451110,H,49,J,174,J,740,8,5,N,N,N,,,N,N,N,N,N,N,N,35,027,2018,55027
55,029,451110,H,27,G,125,G,618,6,4,N,N,N,,,N,N,N,N,N,N,N,35,029,2018,55029
55,031,451110,H,37,H,212,H,916,5,3,N,N,N,,,N,N,N,N,N,N,N,35,031,2018,55031
55,035,451110,J,318,J,2581,J,8080,6,N,3,N,N,,,N,N,N,N,N,N,N,35,035,2018,55035
55,039,451110,G,34,H,93,G,353,9,5,4,N,N,,,N,N,N,N,N,N,N,35,039,2018,55039
55,043,451110,G,8,J,14,H,101,4,4,N,N,N,,,N,N,N,N,N,N,N,35,043,2018,55043
55,059,451110,G,141,G,558,G,2286,12,5,3,N,N,,,N,N,N,N,N,N,N,35,059,2018,55059
55,063,451110,G,181,G,579,G,2505,18,11,N,3,N,,,N,N,N,N,N,N,N,35,063,2018,55063
55,069,451110,J,9,J,19,H,105,3,3,N,N,N,,,N,N,N,N,N,N,N,35,069,2018,55069
55,071,451110,J,20,H,86,G,441,8,7,N,N,N,,,N,N,N,N,N,N,N,35,071,2018,55071
55,073,451110,G,170,G,791,G,3212,15,5,3,5,N,,,N,N,N,N,N,N,N,35,073,2018,55073
55,075,451110,G,14,H,90,H,410,3,N,N,N,N,,,N,N,N,N,N,N,N,35,075,2018,55075
55,079,451110,G,451,G,2210,G,9921,47,20,11,11,4,,,N,N,N,N,N,N,N,35,079,2018,55079
55,081,451110,J,11,J,32,H,143,4,3,N,N,N,,,N,N,N,N,N,N,N,35,081,2018,55081
55,083,451110,G,9,G,47,G,202,4,3,N,N,N,,,N,N,N,N,N,N,N,35,083,2018,55083
55,085,451110,G,68,G,322,G,1447,13,7,4,N,N,,,N,N,N,N,N,N,N,35,085,2018,55085
55,087,451110,H,409,H,2926,H,9087,20,9,3,5,N,,,N,N,N,N,N,N,N,35,087,2018,55087
55,089,451110,G,83,G,327,G,1311,10,6,3,N,N,,,N,N,N,N,N,N,N,35,089,2018,55089
55,095,451110,H,31,H,133,H,525,6,N,5,N,N,,,N,N,N,N,N,N,N,35,095,2018,55095
55,097,451110,G,50,G,215,G,908,7,N,3,N,N,,,N,N,N,N,N,N,N,35,097,2018,55097
55,099,451110,J,7,J,30,J,137,3,N,N,N,N,,,N,N,N,N,N,N,N,35,099,2018,55099
55,101,451110,H,159,G,784,G,3203,13,6,N,3,3,,,N,N,N,N,N,N,N,35,101,2018,55101
55,105,451110,J,119,H,439,H,1813,11,7,N,N,N,,,N,N,N,N,N,N,N,35,105,2018,55105
55,109,451110,G,61,H,331,H,1700,10,5,3,N,N,,,N,N,N,N,N,N,N,35,109,2018,55109
55,111,451110,G,51,G,162,G,800,6,N,N,N,N,,,N,N,N,N,N,N,N,35,111,2018,55111
55,113,451110,H,31,H,221,H,1014,4,N,N,N,N,,,N,N,N,N,N,N,N,35,113,2018,55113
55,117,451110,J,62,H,401,H,1786,10,6,N,N,N,,,N,N,N,N,N,N,N,35,117,2018,55117
55,123,451110,J,6,J,24,H,147,4,4,N,N,N,,,N,N,N,N,N,N,N,35,123,2018,55123
55,125,451110,J,7,J,35,G,261,7,7,N,N,N,,,N,N,N,N,N,N,N,35,125,2018,55125
55,127,451110,G,60,H,440,H,1835,8,3,3,N,N,,,N,N,N,N,N,N,N,35,127,2018,55127
55,129,451110,J,29,J,84,J,554,3,N,N,N,N,,,N,N,N,N,N,N,N,35,129,2018,55129
55,131,451110,J,238,H,1228,H,4680,6,N,N,N,N,,,N,N,N,N,N,N,N,35,131,2018,55131
55,133,451110,H,622,H,3550,H,14915,38,11,5,12,7,3.0,,N,N,N,N,N,N,N,35,133,2018,55133
55,139,451110,H,123,G,593,G,2299,13,7,N,3,N,,,N,N,N,N,N,N,N,35,139,2018,55139
55,141,451110,J,37,H,285,H,1326,5,N,N,N,N,,,N,N,N,N,N,N,N,35,141,2018,55141
56,001,451110,J,14,G,57,H,217,4,3,N,N,N,,,N,N,N,N,N,N,N,83,001,2018,56001
56,005,451110,J,66,H,345,H,1555,7,4,N,N,N,,,N,N,N,N,N,N,N,83,005,2018,56005
56,013,451110,H,34,G,228,G,943,6,3,N,N,N,,,N,N,N,N,N,N,N,83,013,2018,56013
56,021,451110,H,106,H,269,H,1351,9,5,N,N,N,,,N,N,N,N,N,N,N,83,021,2018,56021
56,025,451110,G,186,G,869,G,3635,17,9,N,5,N,,,N,N,N,N,N,N,N,83,025,2018,56025
56,029,451110,H,39,G,213,G,927,10,8,N,N,N,,,N,N,N,N,N,N,N,83,029,2018,56029
56,033,451110,G,120,H,712,H,2953,8,3,N,N,4,,,N,N,N,N,N,N,N,83,033,2018,56033
56,035,451110,J,5,J,38,H,279,4,3,N,N,N,,,N,N,N,N,N,N,N,83,035,2018,56035
56,037,451110,J,42,J,110,J,643,4,3,N,N,N,,,N,N,N,N,N,N,N,83,037,2018,56037
56,039,451110,G,98,G,802,G,3472,13,5,5,N,N,,,N,N,N,N,N,N,N,83,039,2018,56039
01,001,451110,H,69,J,305,J,1243,4,3,N,N,N,,,N,N,N,N,N,N,N,63,001,2019,1001
01,003,451110,H,383,H,1651,H,7567,21,13,3,N,N,,,N,N,N,N,N,N,N,63,003,2019,1003
01,015,451110,G,58,H,311,H,1255,6,N,3,N,N,,,N,N,N,N,N,N,N,63,015,2019,1015
01,043,451110,J,65,J,348,J,1432,5,N,N,N,N,,,N,N,N,N,N,N,N,63,043,2019,1043
01,055,451110,H,94,H,385,H,1751,6,3,N,N,N,,,N,N,N,N,N,N,N,63,055,2019,1055
01,069,451110,J,194,J,962,J,4308,8,N,4,N,N,,,N,N,N,N,N,N,N,63,069,2019,1069
01,071,451110,H,44,H,204,G,711,7,4,N,N,N,,,N,N,N,N,N,N,N,63,071,2019,1071
01,073,451110,G,642,G,3446,G,16377,31,13,5,4,5,3.0,,N,N,N,N,N,N,N,63,073,2019,1073
01,077,451110,J,170,H,665,H,3823,8,4,N,N,N,,,N,N,N,N,N,N,N,63,077,2019,1077
01,081,451110,H,209,H,759,H,3140,12,4,3,N,N,,,N,N,N,N,N,N,N,63,081,2019,1081
01,089,451110,G,492,G,2092,G,9537,29,12,8,N,4,,,N,N,N,N,N,N,N,63,089,2019,1089
01,095,451110,J,20,H,85,H,332,4,3,N,N,N,,,N,N,N,N,N,N,N,63,095,2019,1095
01,097,451110,H,315,G,1522,H,7192,22,11,4,4,N,3.0,,N,N,N,N,N,N,N,63,097,2019,1097
01,101,451110,H,174,H,704,H,2949,11,4,4,N,N,,,N,N,N,N,N,N,N,63,101,2019,1101
01,103,451110,J,88,J,293,J,1396,5,4,N,N,N,,,N,N,N,N,N,N,N,63,103,2019,1103
01,109,451110,G,8,H,30,H,106,3,N,N,N,N,,,N,N,N,N,N,N,N,63,109,2019,1109
01,117,451110,J,202,J,879,H,3847,13,5,4,N,N,,,N,N,N,N,N,N,N,63,117,2019,1117
01,121,451110,G,6,J,21,H,109,3,3,N,N,N,,,N,N,N,N,N,N,N,63,121,2019,1121
01,125,451110,G,241,G,1173,G,5290,13,5,N,N,4,,,N,N,N,N,N,N,N,63,125,2019,1125
02,020,451110,G,562,G,3350,H,13988,31,9,12,6,N,,,N,N,N,N,N,N,N,94,020,2019,2020
02,090,451110,G,208,G,862,G,3334,11,4,N,N,4,,,N,N,N,N,N,N,N,94,090,2019,2090
02,110,451110,H,41,J,220,J,1025,5,N,N,N,N,,,N,N,N,N,N,N,N,94,110,2019,2110
02,122,451110,G,46,G,341,G,1788,9,7,N,N,N,,,N,N,N,N,N,N,N,94,122,2019,2122
02,150,451110,H,23,J,199,J,776,3,N,N,N,N,,,N,N,N,N,N,N,N,94,150,2019,2150
02,170,451110,G,61,G,289,H,1282,8,6,N,N,N,,,N,N,N,N,N,N,N,94,170,2019,2170
04,003,451110,H,28,G,125,G,497,4,N,N,N,N,,,N,N,N,N,N,N,N,86,003,2019,4003
04,005,451110,H,249,G,1193,G,4730,21,7,3,8,3,,,N,N,N,N,N,N,N,86,005,2019,4005
04,007,451110,H,31,J,104,J,462,4,N,N,N,N,,,N,N,N,N,N,N,N,86,007,2019,4007
04,009,451110,J,20,H,84,J,332,3,N,N,N,N,,,N,N,N,N,N,N,N,86,009,2019,4009
04,013,451110,G,3107,G,17582,G,70965,256,103,69,55,17,10.0,,N,N,N,N,N,N,N,86,013,2019,4013
04,015,451110,G,102,G,445,G,1756,17,10,3,4,N,,,N,N,N,N,N,N,N,86,015,2019,4015
04,017,451110,H,68,H,238,H,1208,6,N,N,N,N,,,N,N,N,N,N,N,N,86,017,2019,4017
04,019,451110,G,673,G,3512,G,14693,66,22,21,16,6,,,N,N,N,N,N,N,N,86,019,2019,4019
04,021,451110,J,51,H,205,G,895,8,4,N,N,N,,,N,N,N,N,N,N,N,86,021,2019,4021
04,025,451110,H,170,G,785,G,3339,23,13,3,5,N,,,N,N,N,N,N,N,N,86,025,2019,4025
04,027,451110,J,76,J,489,J,2009,10,7,N,N,N,,,N,N,N,N,N,N,N,86,027,2019,4027
05,005,451110,H,26,G,120,G,505,7,4,3,N,N,,,N,N,N,N,N,N,N,71,005,2019,5005
05,007,451110,G,439,G,2008,G,8378,23,7,8,3,N,,,N,N,N,N,N,N,N,71,007,2019,5007
05,023,451110,G,5,H,30,G,137,3,3,N,N,N,,,N,N,N,N,N,N,N,71,023,2019,5023
05,031,451110,H,118,G,573,G,2518,6,3,N,N,N,,,N,N,N,N,N,N,N,71,031,2019,5031
05,033,451110,J,24,H,167,H,700,3,N,N,N,N,,,N,N,N,N,N,N,N,71,033,2019,5033
05,045,451110,H,143,H,534,H,2396,6,N,N,N,N,,,N,N,N,N,N,N,N,71,045,2019,5045
05,051,451110,G,55,G,244,G,1091,8,5,N,N,N,,,N,N,N,N,N,N,N,71,051,2019,5051
05,063,451110,J,27,H,145,H,706,5,N,N,N,N,,,N,N,N,N,N,N,N,71,063,2019,5063
05,085,451110,J,10,J,42,G,106,4,4,N,N,N,,,N,N,N,N,N,N,N,71,085,2019,5085
05,119,451110,G,729,G,4272,G,19355,36,11,13,5,4,,,N,N,N,N,N,N,N,71,119,2019,5119
05,125,451110,G,73,H,328,H,1486,6,4,N,N,N,,,N,N,N,N,N,N,N,71,125,2019,5125
05,131,451110,H,180,H,922,H,4008,12,5,3,N,N,,,N,N,N,N,N,N,N,71,131,2019,5131
05,143,451110,J,195,H,880,H,4026,17,9,5,N,N,,,N,N,N,N,N,N,N,71,143,2019,5143
05,145,451110,H,33,G,89,G,363,7,5,N,N,N,,,N,N,N,N,N,N,N,71,145,2019,5145
06,001,451110,G,1103,G,7377,G,28446,92,33,25,24,7,,,N,N,N,N,N,N,N,93,001,2019,6001
06,007,451110,G,247,G,1331,G,5978,24,9,6,7,N,,,N,N,N,N,N,N,N,93,007,2019,6007
06,013,451110,H,624,G,3991,G,16237,68,33,15,15,N,3.0,,N,N,N,N,N,N,N,93,013,2019,6013
06,017,451110,J,227,J,1309,H,3926,19,8,3,3,4,,,N,N,N,N,N,N,N,93,017,2019,6017
06,019,451110,G,584,G,2966,G,12300,47,19,9,14,N,3.0,,N,N,N,N,N,N,N,93,019,2019,6019
06,023,451110,H,166,H,1006,H,4380,14,5,4,N,3,,,N,N,N,N,N,N,N,93,023,2019,6023
06,027,451110,G,54,G,228,G,1224,8,3,3,N,N,,,N,N,N,N,N,N,N,93,027,2019,6027
06,029,451110,H,244,G,1442,G,5871,25,13,3,7,N,,,N,N,N,N,N,N,N,93,029,2019,6029
06,037,451110,G,3965,G,25594,G,104476,397,190,75,90,30,12.0,,N,N,N,N,N,N,N,93,037,2019,6037
06,039,451110,J,38,J,134,H,624,3,N,N,N,N,,,N,N,N,N,N,N,N,93,039,2019,6039
06,041,451110,G,500,G,3497,G,13448,42,11,14,12,3,,,N,N,N,N,N,N,N,93,041,2019,6041
06,045,451110,H,44,G,221,G,944,11,9,N,N,N,,,N,N,N,N,N,N,N,93,045,2019,6045
06,047,451110,J,77,H,366,H,1560,11,6,N,4,N,,,N,N,N,N,N,N,N,93,047,2019,6047
06,051,451110,G,225,G,1451,G,4937,12,N,5,3,N,,,N,N,N,N,N,N,N,93,051,2019,6051
06,053,451110,H,219,G,1148,G,4682,24,12,5,5,N,,,N,N,N,N,N,N,N,93,053,2019,6053
06,055,451110,G,66,H,336,H,1378,10,4,3,3,N,,,N,N,N,N,N,N,N,93,055,2019,6055
06,057,451110,H,194,H,1392,H,4270,16,7,N,4,3,,,N,N,N,N,N,N,N,93,057,2019,6057
06,059,451110,G,2588,G,14741,G,62011,244,116,51,48,22,5.0,,N,N,N,N,N,N,N,93,059,2019,6059
06,061,451110,G,395,G,2411,G,9072,39,15,12,9,N,,,N,N,N,N,N,N,N,93,061,2019,6061
06,065,451110,G,999,G,6308,G,25831,105,49,19,26,10,,,N,N,N,N,N,N,N,93,065,2019,6065
06,067,451110,G,935,G,5471,G,22516,89,43,15,20,8,3.0,,N,N,N,N,N,N,N,93,067,2019,6067
06,071,451110,H,1273,G,6388,G,26015,82,35,12,23,8,3.0,,N,N,N,N,N,N,N,93,071,2019,6071
06,073,451110,G,2499,G,15310,G,65213,257,112,58,60,22,4.0,,N,N,N,N,N,N,N,93,073,2019,6073
06,075,451110,H,625,H,5765,H,26161,50,26,10,9,N,4.0,,N,N,N,N,N,N,N,93,075,2019,6075
06,077,451110,H,518,H,2554,H,11364,33,12,9,8,3,,,N,N,N,N,N,N,N,93,077,2019,6077
06,079,451110,G,265,G,1405,G,6585,35,12,15,6,N,,,N,N,N,N,N,N,N,93,079,2019,6079
06,081,451110,G,605,G,4399,G,17923,55,25,11,14,N,3.0,,N,N,N,N,N,N,N,93,081,2019,6081
06,083,451110,G,306,G,1641,G,6822,41,20,14,5,N,,,N,N,N,N,N,N,N,93,083,2019,6083
06,085,451110,G,1185,G,8116,G,33239,86,24,22,29,6,5.0,,N,N,N,N,N,N,N,93,085,2019,6085
06,087,451110,H,307,G,1753,G,8045,30,8,5,14,3,,,N,N,N,N,N,N,N,93,087,2019,6087
06,089,451110,G,222,G,1170,G,5025,15,N,8,N,N,,,N,N,N,N,N,N,N,93,089,2019,6089
06,093,451110,H,31,H,178,H,847,3,N,N,N,N,,,N,N,N,N,N,N,N,93,093,2019,6093
06,095,451110,H,293,G,1691,G,7119,24,7,6,7,3,,,N,N,N,N,N,N,N,93,095,2019,6095
06,097,451110,G,545,G,3037,G,12297,43,18,9,9,4,3.0,,N,N,N,N,N,N,N,93,097,2019,6097
06,099,451110,G,303,G,2054,G,8593,28,11,5,9,3,,,N,N,N,N,N,N,N,93,099,2019,6099
06,101,451110,G,42,H,301,H,1120,6,3,N,N,N,,,N,N,N,N,N,N,N,93,101,2019,6101
06,107,451110,H,219,G,1094,G,4540,14,4,N,5,N,,,N,N,N,N,N,N,N,93,107,2019,6107
06,109,451110,H,35,H,169,G,691,6,4,N,N,N,,,N,N,N,N,N,N,N,93,109,2019,6109
06,111,451110,G,563,G,3337,G,13184,56,21,14,15,6,,,N,N,N,N,N,N,N,93,111,2019,6111
06,113,451110,G,100,H,492,H,2100,16,8,5,N,N,,,N,N,N,N,N,N,N,93,113,2019,6113
08,001,451110,G,301,G,1888,G,7757,24,9,5,4,6,,,N,N,N,N,N,N,N,84,001,2019,8001
08,003,451110,H,34,H,208,H,792,3,N,N,N,N,,,N,N,N,N,N,N,N,84,003,2019,8003
08,005,451110,H,701,G,4171,G,16717,51,20,9,12,7,3.0,,N,N,N,N,N,N,N,84,005,2019,8005
08,007,451110,J,39,H,196,H,670,6,4,N,N,N,,,N,N,N,N,N,N,N,84,007,2019,8007
08,013,451110,G,687,G,4387,G,16695,60,28,12,9,10,,,N,N,N,N,N,N,N,84,013,2019,8013
08,014,451110,G,410,G,1974,G,8231,9,N,N,N,N,,,N,N,N,N,N,N,N,84,014,2019,8014
08,015,451110,G,48,G,257,G,1434,11,5,5,N,N,,,N,N,N,N,N,N,N,84,015,2019,8015
08,019,451110,J,8,J,40,H,158,3,N,N,N,N,,,N,N,N,N,N,N,N,84,019,2019,8019
08,031,451110,H,984,G,6226,G,24681,52,21,13,9,6,,,N,N,N,N,N,N,N,84,031,2019,8031
08,035,451110,H,563,H,3273,H,12973,33,13,7,6,5,,,N,N,N,N,N,N,N,84,035,2019,8035
08,037,451110,H,962,H,6675,H,19310,57,19,15,11,10,,,N,N,N,N,N,N,N,84,037,2019,8037
08,041,451110,H,1047,H,5409,H,23913,54,18,12,12,8,3.0,,N,N,N,N,N,N,N,84,041,2019,8041
08,043,451110,J,24,J,78,H,374,6,5,N,N,N,,,N,N,N,N,N,N,N,84,043,2019,8043
08,045,451110,G,68,G,313,G,1555,9,3,3,3,N,,,N,N,N,N,N,N,N,84,045,2019,8045
08,049,451110,G,84,G,449,G,1338,12,6,4,N,N,,,N,N,N,N,N,N,N,84,049,2019,8049
08,051,451110,G,164,G,889,G,2884,14,4,4,3,3,,,N,N,N,N,N,N,N,84,051,2019,8051
08,059,451110,G,888,G,4999,G,20097,69,27,16,12,10,4.0,,N,N,N,N,N,N,N,84,059,2019,8059
08,065,451110,G,7,H,41,G,245,4,4,N,N,N,,,N,N,N,N,N,N,N,84,065,2019,8065
08,067,451110,G,154,G,908,G,4128,16,6,N,7,N,,,N,N,N,N,N,N,N,84,067,2019,8067
08,069,451110,H,1155,H,6800,H,25176,55,23,15,7,4,5.0,,N,N,N,N,N,N,N,84,069,2019,8069
08,075,451110,J,5,H,50,H,230,3,3,N,N,N,,,N,N,N,N,N,N,N,84,075,2019,8075
08,077,451110,H,317,H,1681,H,6126,19,7,5,4,N,,,N,N,N,N,N,N,N,84,077,2019,8077
08,079,451110,G,3,J,18,G,208,3,3,N,N,N,,,N,N,N,N,N,N,N,84,079,2019,8079
08,083,451110,G,9,H,43,G,229,5,4,N,N,N,,,N,N,N,N,N,N,N,84,083,2019,8083
08,085,451110,J,32,H,116,H,580,8,7,N,N,N,,,N,N,N,N,N,N,N,84,085,2019,8085
08,097,451110,G,262,G,2019,G,4871,33,15,9,7,N,,,N,N,N,N,N,N,N,84,097,2019,8097
08,101,451110,G,123,G,514,G,2142,13,6,3,N,N,,,N,N,N,N,N,N,N,84,101,2019,8101
08,105,451110,J,17,H,146,H,465,4,4,N,N,N,,,N,N,N,N,N,N,N,84,105,2019,8105
08,107,451110,G,281,H,1949,G,6249,22,6,8,5,N,,,N,N,N,N,N,N,N,84,107,2019,8107
08,113,451110,G,153,G,1376,G,3334,16,3,7,5,N,,,N,N,N,N,N,N,N,84,113,2019,8113
08,117,451110,G,558,G,3816,G,10434,54,13,16,19,6,,,N,N,N,N,N,N,N,84,117,2019,8117
08,123,451110,G,118,G,767,G,3501,16,8,3,3,N,,,N,N,N,N,N,N,N,84,123,2019,8123
09,001,451110,G,797,G,5268,G,22498,98,56,17,13,9,3.0,,N,N,N,N,N,N,N,16,001,2019,9001
09,003,451110,G,926,G,5086,G,21244,71,33,14,13,8,,,N,N,N,N,N,N,N,16,003,2019,9003
09,005,451110,G,69,G,504,G,2311,14,9,N,4,N,,,N,N,N,N,N,N,N,16,005,2019,9005
09,007,451110,H,90,G,433,G,2021,14,8,3,N,N,,,N,N,N,N,N,N,N,16,007,2019,9007
09,009,451110,G,472,G,2788,G,11488,45,20,8,10,6,,,N,N,N,N,N,N,N,16,009,2019,9009
09,011,451110,H,136,H,550,H,2684,17,11,3,N,N,,,N,N,N,N,N,N,N,16,011,2019,9011
09,013,451110,G,24,H,63,G,240,5,3,N,N,N,,,N,N,N,N,N,N,N,16,013,2019,9013
09,015,451110,H,23,G,79,G,499,6,4,N,N,N,,,N,N,N,N,N,N,N,16,015,2019,9015
10,001,451110,J,73,H,259,J,1192,6,4,N,N,N,,,N,N,N,N,N,N,N,51,001,2019,10001
10,003,451110,G,661,G,3036,G,12894,43,20,6,9,5,,,N,N,N,N,N,N,N,51,003,2019,10003
10,005,451110,H,75,H,403,G,2705,26,21,3,N,N,,,N,N,N,N,N,N,N,51,005,2019,10005
11,001,451110,H,261,H,1640,G,6943,14,3,4,N,4,,,N,N,N,N,N,N,N,53,001,2019,11001
12,001,451110,G,167,G,887,G,3455,22,12,5,N,3,,,N,N,N,N,N,N,N,59,001,2019,12001
12,005,451110,G,129,H,662,H,3293,18,11,4,N,N,,,N,N,N,N,N,N,N,59,005,2019,12005
12,009,451110,H,849,H,4667,H,20459,69,48,13,N,4,,,N,N,N,N,N,N,N,59,009,2019,12009
12,011,451110,G,1129,G,7192,G,31359,137,84,24,19,7,,,N,N,N,N,N,N,N,59,011,2019,12011
12,015,451110,H,63,H,321,G,1301,21,16,3,N,N,,,N,N,N,N,N,N,N,59,015,2019,12015
12,017,451110,H,43,H,235,H,967,12,11,N,N,N,,,N,N,N,N,N,N,N,59,017,2019,12017
12,019,451110,H,144,H,711,H,3018,9,5,N,N,N,,,N,N,N,N,N,N,N,59,019,2019,12019
12,021,451110,G,274,G,1629,G,6867,33,21,6,N,3,,,N,N,N,N,N,N,N,59,021,2019,12021
12,023,451110,H,61,H,328,H,1359,8,5,N,N,N,,,N,N,N,N,N,N,N,59,023,2019,12023
12,031,451110,G,726,G,4169,G,16605,53,23,10,11,5,4.0,,N,N,N,N,N,N,N,59,031,2019,12031
12,033,451110,G,285,G,1318,G,5810,25,12,8,N,N,,,N,N,N,N,N,N,N,59,033,2019,12033
12,035,451110,H,26,G,111,G,508,10,9,N,N,N,,,N,N,N,N,N,N,N,59,035,2019,12035
12,037,451110,H,31,G,122,G,538,5,N,N,N,N,,,N,N,N,N,N,N,N,59,037,2019,12037
12,053,451110,H,48,H,203,H,929,7,6,N,N,N,,,N,N,N,N,N,N,N,59,053,2019,12053
12,055,451110,G,10,H,57,H,254,5,5,N,N,N,,,N,N,N,N,N,N,N,59,055,2019,12055
12,057,451110,G,561,G,2948,G,13445,72,39,18,8,6,,,N,N,N,N,N,N,N,59,057,2019,12057
12,061,451110,G,74,G,530,G,2021,19,13,5,N,N,,,N,N,N,N,N,N,N,59,061,2019,12061
12,069,451110,H,133,G,732,G,3022,23,12,7,3,N,,,N,N,N,N,N,N,N,59,069,2019,12069
12,071,451110,H,640,H,3709,H,14688,68,36,18,7,6,,,N,N,N,N,N,N,N,59,071,2019,12071
12,073,451110,G,396,G,1800,G,8121,22,9,5,4,N,,,N,N,N,N,N,N,N,59,073,2019,12073
12,081,451110,H,152,H,792,G,3335,25,13,10,N,N,,,N,N,N,N,N,N,N,59,081,2019,12081
12,083,451110,G,208,G,1228,G,5031,26,17,4,N,3,,,N,N,N,N,N,N,N,59,083,2019,12083
12,085,451110,G,162,G,919,G,3748,33,22,6,3,N,,,N,N,N,N,N,N,N,59,085,2019,12085
12,086,451110,G,1074,G,7422,G,32730,147,88,34,14,8,,,N,N,N,N,N,N,N,59,086,2019,12086
12,087,451110,G,305,G,2266,G,8517,44,21,17,3,N,,,N,N,N,N,N,N,N,59,087,2019,12087
12,089,451110,H,32,H,242,H,1033,7,5,N,N,N,,,N,N,N,N,N,N,N,59,089,2019,12089
12,091,451110,H,213,H,1291,H,5791,30,20,8,N,N,,,N,N,N,N,N,N,N,59,091,2019,12091
12,093,451110,G,4,G,39,H,144,3,3,N,N,N,,,N,N,N,N,N,N,N,59,093,2019,12093
12,095,451110,G,1037,G,6082,G,25514,90,46,17,14,10,,,N,N,N,N,N,N,N,59,095,2019,12095
12,097,451110,G,131,H,595,H,2702,16,11,N,N,N,,,N,N,N,N,N,N,N,59,097,2019,12097
12,099,451110,G,957,G,5821,G,25507,138,81,35,13,6,3.0,,N,N,N,N,N,N,N,59,099,2019,12099
12,101,451110,G,107,G,528,G,2544,22,15,4,N,N,,,N,N,N,N,N,N,N,59,101,2019,12101
12,103,451110,G,653,G,4111,G,18170,102,56,30,10,4,,,N,N,N,N,N,N,N,59,103,2019,12103
12,105,451110,G,191,G,914,G,3864,32,19,10,N,N,,,N,N,N,N,N,N,N,59,105,2019,12105
12,109,451110,G,172,G,801,G,3338,27,16,8,N,3,,,N,N,N,N,N,N,N,59,109,2019,12109
12,111,451110,J,233,J,1226,J,5500,16,10,3,N,N,,,N,N,N,N,N,N,N,59,111,2019,12111
12,113,451110,H,81,H,489,H,2151,13,7,3,3,N,,,N,N,N,N,N,N,N,59,113,2019,12113
12,115,451110,H,278,G,1518,G,6403,38,24,6,6,N,,,N,N,N,N,N,N,N,59,115,2019,12115
12,117,451110,H,382,G,1935,H,8471,34,18,9,N,3,,,N,N,N,N,N,N,N,59,117,2019,12117
12,119,451110,J,38,H,236,H,888,9,6,3,N,N,,,N,N,N,N,N,N,N,59,119,2019,12119
12,127,451110,G,224,G,1369,G,5874,33,16,11,4,N,,,N,N,N,N,N,N,N,59,127,2019,12127
12,131,451110,H,47,G,296,G,1380,9,5,N,N,N,,,N,N,N,N,N,N,N,59,131,2019,12131
13,009,451110,J,7,H,51,J,242,3,3,N,N,N,,,N,N,N,N,N,N,N,58,009,2019,13009
13,013,451110,J,8,J,57,H,150,3,N,N,N,N,,,N,N,N,N,N,N,N,58,013,2019,13013
13,015,451110,H,85,H,358,H,1523,6,3,N,N,N,,,N,N,N,N,N,N,N,58,015,2019,13015
13,021,451110,J,153,H,685,H,3019,10,4,3,N,N,,,N,N,N,N,N,N,N,58,021,2019,13021
13,029,451110,J,14,H,51,G,249,4,3,N,N,N,,,N,N,N,N,N,N,N,58,029,2019,13029
13,031,451110,H,32,G,187,G,743,7,4,N,N,N,,,N,N,N,N,N,N,N,58,031,2019,13031
13,039,451110,J,5,H,20,H,96,3,3,N,N,N,,,N,N,N,N,N,N,N,58,039,2019,13039
13,045,451110,J,30,J,179,J,670,4,3,N,N,N,,,N,N,N,N,N,N,N,58,045,2019,13045
13,047,451110,H,98,J,479,J,1922,3,N,N,N,N,,,N,N,N,N,N,N,N,58,047,2019,13047
13,051,451110,G,323,G,1570,G,6826,26,14,6,3,N,,,N,N,N,N,N,N,N,58,051,2019,13051
13,057,451110,G,339,G,2067,G,8487,10,4,N,N,N,,,N,N,N,N,N,N,N,58,057,2019,13057
13,059,451110,G,187,G,778,G,3511,10,5,N,N,N,,,N,N,N,N,N,N,N,58,059,2019,13059
13,063,451110,J,18,J,142,J,710,4,3,N,N,N,,,N,N,N,N,N,N,N,58,063,2019,13063
13,067,451110,H,755,G,4217,G,17621,37,9,12,7,4,4.0,,N,N,N,N,N,N,N,58,067,2019,13067
13,073,451110,G,146,G,739,G,3005,9,4,N,3,N,,,N,N,N,N,N,N,N,58,073,2019,13073
13,077,451110,J,149,J,607,J,2630,6,N,3,N,N,,,N,N,N,N,N,N,N,58,077,2019,13077
13,089,451110,H,270,H,1553,H,5296,21,8,7,3,N,,,N,N,N,N,N,N,N,58,089,2019,13089
13,095,451110,J,60,J,406,J,1840,3,N,N,N,N,,,N,N,N,N,N,N,N,58,095,2019,13095
13,113,451110,G,78,G,404,G,1773,8,3,3,N,N,,,N,N,N,N,N,N,N,58,113,2019,13113
13,115,451110,H,45,G,269,G,1143,7,4,N,N,N,,,N,N,N,N,N,N,N,58,115,2019,13115
13,117,451110,G,337,G,1712,G,8528,16,5,6,N,N,,,N,N,N,N,N,N,N,58,117,2019,13117
13,121,451110,G,551,G,3394,G,14709,60,31,17,6,4,,,N,N,N,N,N,N,N,58,121,2019,13121
13,127,451110,H,101,H,448,H,1834,12,9,N,N,N,,,N,N,N,N,N,N,N,58,127,2019,13127
13,135,451110,G,762,G,3603,G,15432,43,21,7,5,7,,,N,N,N,N,N,N,N,58,135,2019,13135
13,139,451110,H,170,H,779,H,3371,15,7,5,N,N,,,N,N,N,N,N,N,N,58,139,2019,13139
13,151,451110,J,146,H,701,H,3199,7,N,N,N,N,,,N,N,N,N,N,N,N,58,151,2019,13151
13,153,451110,G,140,G,599,G,2665,10,6,N,3,N,,,N,N,N,N,N,N,N,58,153,2019,13153
13,185,451110,J,148,J,580,H,2489,7,3,N,N,N,,,N,N,N,N,N,N,N,58,185,2019,13185
13,215,451110,G,103,G,409,G,1937,12,8,N,N,N,,,N,N,N,N,N,N,N,58,215,2019,13215
13,217,451110,J,17,J,81,J,389,4,3,N,N,N,,,N,N,N,N,N,N,N,58,217,2019,13217
13,223,451110,J,87,J,315,J,1388,3,N,N,N,N,,,N,N,N,N,N,N,N,58,223,2019,13223
13,245,451110,H,185,H,845,G,3726,14,5,6,N,N,,,N,N,N,N,N,N,N,58,245,2019,13245
13,247,451110,J,10,J,47,J,208,4,3,N,N,N,,,N,N,N,N,N,N,N,58,247,2019,13247
13,275,451110,G,37,G,246,G,1014,5,3,N,N,N,,,N,N,N,N,N,N,N,58,275,2019,13275
13,285,451110,H,44,H,189,G,678,4,N,N,N,N,,,N,N,N,N,N,N,N,58,285,2019,13285
13,291,451110,J,14,J,43,J,179,3,N,N,N,N,,,N,N,N,N,N,N,N,58,291,2019,13291
13,299,451110,H,35,G,185,G,689,3,N,N,N,N,,,N,N,N,N,N,N,N,58,299,2019,13299
13,311,451110,G,10,J,42,H,176,3,N,N,N,N,,,N,N,N,N,N,N,N,58,311,2019,13311
13,313,451110,J,77,J,298,J,1260,3,N,N,N,N,,,N,N,N,N,N,N,N,58,313,2019,13313
15,001,451110,H,137,H,806,H,3584,15,10,N,N,3,,,N,N,N,N,N,N,N,95,001,2019,15001
15,003,451110,G,499,G,2888,G,12175,73,36,22,9,6,,,N,N,N,N,N,N,N,95,003,2019,15003
15,007,451110,J,16,H,169,H,629,5,N,3,N,N,,,N,N,N,N,N,N,N,95,007,2019,15007
15,009,451110,G,218,G,1281,G,5242,27,13,4,8,N,,,N,N,N,N,N,N,N,95,009,2019,15009
16,001,451110,G,806,G,4255,G,17425,56,16,18,13,6,,,N,N,N,N,N,N,N,82,001,2019,16001
16,005,451110,G,208,G,738,G,3394,12,5,N,N,4,,,N,N,N,N,N,N,N,82,005,2019,16005
16,013,451110,H,110,H,650,H,3034,11,5,N,3,N,,,N,N,N,N,N,N,N,82,013,2019,16013
16,017,451110,G,53,H,234,H,832,9,6,N,N,N,,,N,N,N,N,N,N,N,82,017,2019,16017
16,019,451110,J,235,H,1079,H,4913,16,7,4,N,N,,,N,N,N,N,N,N,N,82,019,2019,16019
16,027,451110,G,168,G,576,G,2666,17,10,4,N,N,,,N,N,N,N,N,N,N,82,027,2019,16027
16,049,451110,J,4,J,23,H,118,3,3,N,N,N,,,N,N,N,N,N,N,N,82,049,2019,16049
16,055,451110,H,276,H,1380,H,5896,24,14,4,5,N,,,N,N,N,N,N,N,N,82,055,2019,16055
16,057,451110,H,91,H,384,H,1573,7,3,N,N,N,,,N,N,N,N,N,N,N,82,057,2019,16057
16,065,451110,G,29,J,109,J,508,5,3,N,N,N,,,N,N,N,N,N,N,N,82,065,2019,16065
16,069,451110,H,86,H,361,H,1339,7,N,N,3,N,,,N,N,N,N,N,N,N,82,069,2019,16069
16,079,451110,J,4,G,14,H,60,3,3,N,N,N,,,N,N,N,N,N,N,N,82,079,2019,16079
16,081,451110,H,32,G,193,G,831,5,N,3,N,N,,,N,N,N,N,N,N,N,82,081,2019,16081
16,083,451110,G,144,G,619,G,2791,11,7,N,N,N,,,N,N,N,N,N,N,N,82,083,2019,16083
16,085,451110,G,34,H,214,H,742,5,3,N,N,N,,,N,N,N,N,N,N,N,82,085,2019,16085
17,001,451110,G,61,G,306,G,1255,5,3,N,N,N,,,N,N,N,N,N,N,N,33,001,2019,17001
17,019,451110,J,126,H,575,H,3194,8,4,3,N,N,,,N,N,N,N,N,N,N,33,019,2019,17019
17,029,451110,J,9,G,104,G,481,3,N,N,N,N,,,N,N,N,N,N,N,N,33,029,2019,17029
17,031,451110,G,2100,G,11427,G,50171,217,114,52,24,19,7.0,,N,N,N,N,N,N,N,33,031,2019,17031
17,037,451110,J,8,H,38,G,183,4,4,N,N,N,,,N,N,N,N,N,N,N,33,037,2019,17037
17,043,451110,G,756,H,5369,H,20668,60,27,17,8,3,4.0,,N,N,N,N,N,N,N,33,043,2019,17043
17,049,451110,H,22,G,58,G,279,4,3,N,N,N,,,N,N,N,N,N,N,N,33,049,2019,17049
17,063,451110,J,12,J,66,J,296,3,N,N,N,N,,,N,N,N,N,N,N,N,33,063,2019,17063
17,077,451110,H,48,H,190,H,830,5,4,N,N,N,,,N,N,N,N,N,N,N,33,077,2019,17077
17,081,451110,J,20,J,107,H,413,3,N,N,N,N,,,N,N,N,N,N,N,N,33,081,2019,17081
17,089,451110,G,376,G,1630,G,7853,26,10,8,N,3,3.0,,N,N,N,N,N,N,N,33,089,2019,17089
17,091,451110,H,44,H,183,H,861,4,N,N,N,N,,,N,N,N,N,N,N,N,33,091,2019,17091
17,093,451110,J,52,J,193,J,827,3,N,N,N,N,,,N,N,N,N,N,N,N,33,093,2019,17093
17,097,451110,G,527,H,4397,G,15416,45,25,10,5,N,,,N,N,N,N,N,N,N,33,097,2019,17097
17,099,451110,J,33,G,123,G,749,7,5,N,N,N,,,N,N,N,N,N,N,N,33,099,2019,17099
17,111,451110,H,117,H,568,G,2416,16,9,3,N,N,,,N,N,N,N,N,N,N,33,111,2019,17111
17,113,451110,H,109,H,507,H,2248,9,3,N,N,N,,,N,N,N,N,N,N,N,33,113,2019,17113
17,115,451110,H,40,G,135,G,550,9,6,N,N,N,,,N,N,N,N,N,N,N,33,115,2019,17115
17,117,451110,J,13,J,121,J,507,3,N,N,N,N,,,N,N,N,N,N,N,N,33,117,2019,17117
17,119,451110,H,91,H,450,G,2105,14,4,7,3,N,,,N,N,N,N,N,N,N,33,119,2019,17119
17,121,451110,G,16,H,129,H,685,4,3,N,N,N,,,N,N,N,N,N,N,N,33,121,2019,17121
17,125,451110,J,4,J,14,G,55,3,3,N,N,N,,,N,N,N,N,N,N,N,33,125,2019,17125
17,143,451110,G,171,G,760,G,3463,12,4,N,4,3,,,N,N,N,N,N,N,N,33,143,2019,17143
17,161,451110,H,76,H,384,H,1636,8,4,N,N,N,,,N,N,N,N,N,N,N,33,161,2019,17161
17,163,451110,J,203,J,952,J,3716,14,6,3,3,N,,,N,N,N,N,N,N,N,33,163,2019,17163
17,167,451110,J,398,J,2237,J,8238,18,14,N,N,N,,,N,N,N,N,N,N,N,33,167,2019,17167
17,179,451110,H,236,H,1029,H,4560,10,5,N,N,N,,,N,N,N,N,N,N,N,33,179,2019,17179
17,195,451110,H,26,H,123,H,468,4,N,N,N,N,,,N,N,N,N,N,N,N,33,195,2019,17195
17,197,451110,G,518,G,2216,G,10063,34,20,4,3,5,,,N,N,N,N,N,N,N,33,197,2019,17197
17,199,451110,G,7,J,42,H,225,3,3,N,N,N,,,N,N,N,N,N,N,N,33,199,2019,17199
17,201,451110,G,190,H,871,H,4094,20,10,5,N,N,,,N,N,N,N,N,N,N,33,201,2019,17201
18,001,451110,J,9,J,27,J,138,3,3,N,N,N,,,N,N,N,N,N,N,N,32,001,2019,18001
18,003,451110,G,314,G,1662,G,8147,35,17,8,6,3,,,N,N,N,N,N,N,N,32,003,2019,18003
18,005,451110,H,38,G,179,G,811,5,3,N,N,N,,,N,N,N,N,N,N,N,32,005,2019,18005
18,011,451110,J,4,J,10,J,53,4,4,N,N,N,,,N,N,N,N,N,N,N,32,011,2019,18011
18,017,451110,J,19,H,78,H,320,4,3,N,N,N,,,N,N,N,N,N,N,N,32,017,2019,18017
18,019,451110,H,292,H,1436,H,6228,9,N,3,N,N,,,N,N,N,N,N,N,N,32,019,2019,18019
18,029,451110,J,6,G,15,G,80,4,4,N,N,N,,,N,N,N,N,N,N,N,32,029,2019,18029
18,033,451110,G,36,H,249,H,1072,3,N,N,N,N,,,N,N,N,N,N,N,N,32,033,2019,18033
18,035,451110,H,45,H,186,H,853,8,7,N,N,N,,,N,N,N,N,N,N,N,32,035,2019,18035
18,037,451110,G,58,H,474,H,1776,8,5,N,N,N,,,N,N,N,N,N,N,N,32,037,2019,18037
18,039,451110,H,82,H,414,H,2185,17,9,7,N,N,,,N,N,N,N,N,N,N,32,039,2019,18039
18,053,451110,G,19,G,68,G,290,4,3,N,N,N,,,N,N,N,N,N,N,N,32,053,2019,18053
18,055,451110,G,10,H,30,H,138,3,N,N,N,N,,,N,N,N,N,N,N,N,32,055,2019,18055
18,057,451110,H,410,H,2047,H,9193,23,9,7,N,4,,,N,N,N,N,N,N,N,32,057,2019,18057
18,059,451110,J,16,G,78,G,373,3,N,N,N,N,,,N,N,N,N,N,N,N,32,059,2019,18059
18,063,451110,J,110,J,465,J,2178,8,3,3,N,N,,,N,N,N,N,N,N,N,32,063,2019,18063
18,067,451110,G,21,G,138,G,587,4,N,N,N,N,,,N,N,N,N,N,N,N,32,067,2019,18067
18,069,451110,G,6,J,19,H,109,3,3,N,N,N,,,N,N,N,N,N,N,N,32,069,2019,18069
18,071,451110,J,16,H,99,G,450,3,N,N,N,N,,,N,N,N,N,N,N,N,32,071,2019,18071
18,081,451110,G,249,G,1038,G,4722,13,6,N,N,N,3.0,,N,N,N,N,N,N,N,32,081,2019,18081
18,085,451110,G,51,G,268,G,1214,10,5,4,N,N,,,N,N,N,N,N,N,N,32,085,2019,18085
18,087,451110,J,6,J,82,H,366,3,3,N,N,N,,,N,N,N,N,N,N,N,32,087,2019,18087
18,089,451110,G,388,G,2043,G,9358,26,11,8,3,3,,,N,N,N,N,N,N,N,32,089,2019,18089
18,091,451110,H,23,H,105,H,441,5,3,N,N,N,,,N,N,N,N,N,N,N,32,091,2019,18091
18,093,451110,J,12,J,63,J,306,3,N,N,N,N,,,N,N,N,N,N,N,N,32,093,2019,18093
18,095,451110,J,27,G,100,G,456,6,4,N,N,N,,,N,N,N,N,N,N,N,32,095,2019,18095
18,097,451110,G,562,G,2885,G,12720,50,18,17,8,4,3.0,,N,N,N,N,N,N,N,32,097,2019,18097
18,105,451110,G,91,G,401,G,1697,11,4,5,N,N,,,N,N,N,N,N,N,N,32,105,2019,18105
18,109,451110,G,16,G,56,G,149,4,3,N,N,N,,,N,N,N,N,N,N,N,32,109,2019,18109
18,127,451110,H,275,H,1217,H,5462,8,N,N,N,N,,,N,N,N,N,N,N,N,32,127,2019,18127
18,141,451110,G,156,G,922,G,3951,19,11,5,N,N,,,N,N,N,N,N,N,N,32,141,2019,18141
18,151,451110,H,31,G,143,G,625,9,7,N,N,N,,,N,N,N,N,N,N,N,32,151,2019,18151
18,157,451110,H,149,H,620,H,2879,9,N,N,3,N,,,N,N,N,N,N,N,N,32,157,2019,18157
18,163,451110,H,180,G,743,G,3286,15,6,3,4,N,,,N,N,N,N,N,N,N,32,163,2019,18163
18,167,451110,J,151,H,618,H,2587,8,3,N,N,N,,,N,N,N,N,N,N,N,32,167,2019,18167
18,173,451110,G,17,G,73,H,338,4,N,N,N,N,,,N,N,N,N,N,N,N,32,173,2019,18173
18,177,451110,G,113,G,318,G,1402,4,N,N,N,N,,,N,N,N,N,N,N,N,32,177,2019,18177
18,183,451110,H,22,H,69,G,283,4,N,N,N,N,,,N,N,N,N,N,N,N,32,183,2019,18183
19,013,451110,G,234,H,1491,H,5659,15,9,N,N,N,,,N,N,N,N,N,N,N,42,013,2019,19013
19,033,451110,H,48,G,342,G,1574,6,N,3,N,N,,,N,N,N,N,N,N,N,42,033,2019,19033
19,041,451110,G,34,H,157,H,653,5,N,N,N,N,,,N,N,N,N,N,N,N,42,041,2019,19041
19,045,451110,G,7,H,34,H,149,4,3,N,N,N,,,N,N,N,N,N,N,N,42,045,2019,19045
19,049,451110,J,454,J,3001,J,9734,6,5,N,N,N,,,N,N,N,N,N,N,N,42,049,2019,19049
19,057,451110,J,57,J,230,J,960,5,N,N,N,N,,,N,N,N,N,N,N,N,42,057,2019,19057
19,059,451110,G,16,J,58,H,258,3,N,N,N,N,,,N,N,N,N,N,N,N,42,059,2019,19059
19,061,451110,G,111,H,386,H,1885,9,5,N,N,N,,,N,N,N,N,N,N,N,42,061,2019,19061
19,103,451110,J,352,J,2264,J,7953,11,5,N,3,N,,,N,N,N,N,N,N,N,42,103,2019,19103
19,113,451110,G,163,G,855,G,3713,17,6,7,N,N,,,N,N,N,N,N,N,N,42,113,2019,19113
19,123,451110,J,5,H,32,G,164,3,3,N,N,N,,,N,N,N,N,N,N,N,42,123,2019,19123
19,127,451110,J,10,J,53,H,338,3,N,N,N,N,,,N,N,N,N,N,N,N,42,127,2019,19127
19,139,451110,G,5,H,31,H,127,3,3,N,N,N,,,N,N,N,N,N,N,N,42,139,2019,19139
19,153,451110,H,567,H,2784,H,12749,41,17,11,8,3,,,N,N,N,N,N,N,N,42,153,2019,19153
19,155,451110,H,210,H,795,H,3656,7,5,N,N,N,,,N,N,N,N,N,N,N,42,155,2019,19155
19,163,451110,H,175,J,767,J,4002,9,4,3,N,N,,,N,N,N,N,N,N,N,42,163,2019,19163
19,169,451110,H,52,J,228,H,966,6,3,N,N,N,,,N,N,N,N,N,N,N,42,169,2019,19169
19,179,451110,H,22,J,96,J,374,3,N,N,N,N,,,N,N,N,N,N,N,N,42,179,2019,19179
19,187,451110,G,32,G,160,H,673,3,N,N,N,N,,,N,N,N,N,N,N,N,42,187,2019,19187
19,193,451110,J,254,J,1447,J,5025,8,4,N,N,N,,,N,N,N,N,N,N,N,42,193,2019,19193
20,045,451110,J,89,J,348,H,1679,8,4,N,N,N,,,N,N,N,N,N,N,N,47,045,2019,20045
20,051,451110,J,11,H,33,G,168,3,N,N,N,N,,,N,N,N,N,N,N,N,47,051,2019,20051
20,055,451110,J,42,J,177,J,781,4,N,N,N,N,,,N,N,N,N,N,N,N,47,055,2019,20055
20,061,451110,G,4,J,12,J,116,3,3,N,N,N,,,N,N,N,N,N,N,N,47,061,2019,20061
20,091,451110,H,1090,H,6349,H,23891,45,17,12,6,5,3.0,,N,N,N,N,N,N,N,47,091,2019,20091
20,111,451110,J,11,H,59,H,234,4,4,N,N,N,,,N,N,N,N,N,N,N,47,111,2019,20111
20,113,451110,G,22,H,136,H,517,4,N,3,N,N,,,N,N,N,N,N,N,N,47,113,2019,20113
20,155,451110,J,35,G,220,G,801,5,N,N,N,N,,,N,N,N,N,N,N,N,47,155,2019,20155
20,161,451110,H,87,H,417,H,2174,7,3,N,3,N,,,N,N,N,N,N,N,N,47,161,2019,20161
20,169,451110,J,58,J,233,J,944,5,3,N,N,N,,,N,N,N,N,N,N,N,47,169,2019,20169
20,173,451110,G,672,G,3645,G,14700,37,20,7,3,N,3.0,,N,N,N,N,N,N,N,47,173,2019,20173
20,177,451110,J,123,H,501,H,2155,5,N,N,N,N,,,N,N,N,N,N,N,N,47,177,2019,20177
20,209,451110,J,253,H,1747,H,7037,9,4,4,N,N,,,N,N,N,N,N,N,N,47,209,2019,20209
21,009,451110,G,10,H,51,H,153,3,N,N,N,N,,,N,N,N,N,N,N,N,61,009,2019,21009
21,015,451110,G,170,G,638,G,2783,9,3,3,N,N,,,N,N,N,N,N,N,N,61,015,2019,21015
21,019,451110,G,140,G,491,G,2051,3,N,N,N,N,,,N,N,N,N,N,N,N,61,019,2019,21019
21,029,451110,J,20,J,96,J,401,3,N,N,N,N,,,N,N,N,N,N,N,N,61,029,2019,21029
21,035,451110,G,13,H,48,G,196,3,N,N,N,N,,,N,N,N,N,N,N,N,61,035,2019,21035
21,037,451110,J,74,J,313,J,1459,6,3,N,N,N,,,N,N,N,N,N,N,N,61,037,2019,21037
21,045,451110,G,16,H,101,H,444,3,N,N,N,N,,,N,N,N,N,N,N,N,61,045,2019,21045
21,047,451110,G,15,H,74,G,314,5,4,N,N,N,,,N,N,N,N,N,N,N,61,047,2019,21047
21,049,451110,G,2,J,8,H,44,3,3,N,N,N,,,N,N,N,N,N,N,N,61,049,2019,21049
21,059,451110,H,102,H,575,H,2451,9,6,N,N,N,,,N,N,N,N,N,N,N,61,059,2019,21059
21,067,451110,H,531,G,1692,G,8420,27,10,10,3,N,,,N,N,N,N,N,N,N,61,067,2019,21067
21,071,451110,J,8,J,56,J,257,3,N,N,N,N,,,N,N,N,N,N,N,N,61,071,2019,21071
21,073,451110,J,38,H,166,H,727,3,N,N,N,N,,,N,N,N,N,N,N,N,61,073,2019,21073
21,093,451110,H,127,H,632,H,2483,10,6,N,N,N,,,N,N,N,N,N,N,N,61,093,2019,21093
21,111,451110,G,672,G,3354,G,15036,54,32,8,7,3,3.0,,N,N,N,N,N,N,N,61,111,2019,21111
21,117,451110,J,97,H,512,H,2194,8,N,6,N,N,,,N,N,N,N,N,N,N,61,117,2019,21117
21,125,451110,J,25,J,104,J,393,4,3,N,N,N,,,N,N,N,N,N,N,N,61,125,2019,21125
21,145,451110,G,143,G,731,G,3975,13,5,3,N,3,,,N,N,N,N,N,N,N,61,145,2019,21145
21,151,451110,J,51,J,215,J,950,6,4,N,N,N,,,N,N,N,N,N,N,N,61,151,2019,21151
21,157,451110,J,11,J,63,J,264,3,N,N,N,N,,,N,N,N,N,N,N,N,61,157,2019,21157
21,185,451110,J,33,G,233,H,899,3,N,N,N,N,,,N,N,N,N,N,N,N,61,185,2019,21185
21,195,451110,J,14,H,39,H,183,5,5,N,N,N,,,N,N,N,N,N,N,N,61,195,2019,21195
21,199,451110,H,42,G,208,G,877,10,7,N,N,N,,,N,N,N,N,N,N,N,61,199,2019,21199
21,227,451110,G,217,H,985,H,4107,10,N,3,N,3,,,N,N,N,N,N,N,N,61,227,2019,21227
21,235,451110,J,21,J,167,J,704,5,N,N,N,N,,,N,N,N,N,N,N,N,61,235,2019,21235
22,005,451110,J,176,J,993,J,3842,3,N,N,N,N,,,N,N,N,N,N,N,N,72,005,2019,22005
22,015,451110,H,241,H,1108,H,4934,10,4,4,N,N,,,N,N,N,N,N,N,N,72,015,2019,22015
22,017,451110,H,197,H,908,H,4445,16,10,N,N,3,,,N,N,N,N,N,N,N,72,017,2019,22017
22,019,451110,H,167,H,703,H,3246,10,6,N,N,N,,,N,N,N,N,N,N,N,72,019,2019,22019
22,033,451110,G,347,G,1566,H,6940,24,12,6,N,N,,,N,N,N,N,N,N,N,72,033,2019,22033
22,051,451110,H,421,H,2279,H,10498,21,5,7,3,3,3.0,,N,N,N,N,N,N,N,72,051,2019,22051
22,055,451110,G,406,G,2052,H,9654,21,11,3,N,4,,,N,N,N,N,N,N,N,72,055,2019,22055
22,057,451110,H,81,H,280,H,1219,3,N,N,N,N,,,N,N,N,N,N,N,N,72,057,2019,22057
22,063,451110,H,289,H,1248,H,5594,3,N,N,N,N,,,N,N,N,N,N,N,N,72,063,2019,22063
22,067,451110,J,84,J,547,J,2415,3,N,N,N,N,,,N,N,N,N,N,N,N,72,067,2019,22067
22,071,451110,G,26,G,154,G,695,8,6,N,N,N,,,N,N,N,N,N,N,N,72,071,2019,22071
22,073,451110,H,205,H,974,H,4578,11,4,3,N,N,,,N,N,N,N,N,N,N,72,073,2019,22073
22,079,451110,G,116,G,587,G,2586,7,4,N,N,N,,,N,N,N,N,N,N,N,72,079,2019,22079
22,103,451110,G,257,G,1229,H,5662,21,12,4,N,N,,,N,N,N,N,N,N,N,72,103,2019,22103
22,105,451110,H,117,G,616,H,2665,6,3,N,N,N,,,N,N,N,N,N,N,N,72,105,2019,22105
22,109,451110,H,113,H,463,H,2132,6,N,3,N,N,,,N,N,N,N,N,N,N,72,109,2019,22109
22,113,451110,H,37,G,214,G,696,4,N,3,N,N,,,N,N,N,N,N,N,N,72,113,2019,22113
22,115,451110,G,22,G,104,G,564,4,N,N,N,N,,,N,N,N,N,N,N,N,72,115,2019,22115
22,119,451110,H,22,G,127,H,351,3,N,3,N,N,,,N,N,N,N,N,N,N,72,119,2019,22119
22,121,451110,H,40,G,289,G,1155,4,N,N,N,N,,,N,N,N,N,N,N,N,72,121,2019,22121
23,001,451110,H,52,G,236,G,918,13,9,N,N,N,,,N,N,N,N,N,N,N,11,001,2019,23001
23,003,451110,G,15,G,60,H,182,4,3,N,N,N,,,N,N,N,N,N,N,N,11,003,2019,23003
23,005,451110,G,862,H,5276,H,22135,41,18,6,10,5,,,N,N,N,N,N,N,N,11,005,2019,23005
23,007,451110,H,33,J,102,H,311,7,5,N,N,N,,,N,N,N,N,N,N,N,11,007,2019,23007
23,009,451110,H,80,G,445,G,2342,7,N,N,N,N,,,N,N,N,N,N,N,N,11,009,2019,23009
23,011,451110,H,76,H,385,H,1678,10,5,3,N,N,,,N,N,N,N,N,N,N,11,011,2019,23011
23,013,451110,G,33,G,180,G,774,7,4,N,N,N,,,N,N,N,N,N,N,N,11,013,2019,23013
23,017,451110,J,37,H,179,H,927,9,7,N,N,N,,,N,N,N,N,N,N,N,11,017,2019,23017
23,019,451110,G,183,G,1020,G,4663,24,12,5,6,N,,,N,N,N,N,N,N,N,11,019,2019,23019
23,025,451110,J,9,G,41,G,162,3,N,N,N,N,,,N,N,N,N,N,N,N,11,025,2019,23025
23,027,451110,J,36,J,177,J,963,4,N,N,N,N,,,N,N,N,N,N,N,N,11,027,2019,23027
23,031,451110,H,321,J,2005,J,9103,18,12,N,5,N,,,N,N,N,N,N,N,N,11,031,2019,23031
24,001,451110,G,52,G,304,H,1418,10,8,N,N,N,,,N,N,N,N,N,N,N,52,001,2019,24001
24,003,451110,H,594,G,3826,G,15261,41,22,6,5,7,,,N,N,N,N,N,N,N,52,003,2019,24003
24,005,451110,G,442,G,2586,G,10818,47,24,10,6,6,,,N,N,N,N,N,N,N,52,005,2019,24005
24,009,451110,J,42,H,125,H,543,7,3,N,3,N,,,N,N,N,N,N,N,N,52,009,2019,24009
24,013,451110,G,109,G,484,G,2144,10,N,5,N,N,,,N,N,N,N,N,N,N,52,013,2019,24013
24,015,451110,J,34,G,148,G,415,5,N,N,N,N,,,N,N,N,N,N,N,N,52,015,2019,24015
24,017,451110,G,114,G,524,G,2427,5,N,N,N,3,,,N,N,N,N,N,N,N,52,017,2019,24017
24,021,451110,G,172,G,835,G,3671,16,7,4,3,N,,,N,N,N,N,N,N,N,52,021,2019,24021
24,023,451110,G,33,H,241,G,1008,4,3,N,N,N,,,N,N,N,N,N,N,N,52,023,2019,24023
24,025,451110,G,108,G,531,G,2387,11,4,4,N,N,,,N,N,N,N,N,N,N,52,025,2019,24025
24,027,451110,J,273,H,1701,H,6884,16,5,4,3,N,,,N,N,N,N,N,N,N,52,027,2019,24027
24,029,451110,J,32,J,144,J,620,4,N,N,N,N,,,N,N,N,N,N,N,N,52,029,2019,24029
24,031,451110,G,462,H,2664,H,11077,39,13,15,6,3,,,N,N,N,N,N,N,N,52,031,2019,24031
24,033,451110,G,139,G,728,G,3191,15,7,N,3,3,,,N,N,N,N,N,N,N,52,033,2019,24033
24,035,451110,G,16,G,85,G,372,5,4,N,N,N,,,N,N,N,N,N,N,N,52,035,2019,24035
24,037,451110,H,55,H,225,H,1063,3,N,N,N,N,,,N,N,N,N,N,N,N,52,037,2019,24037
24,041,451110,J,43,J,231,H,1153,7,6,N,N,N,,,N,N,N,N,N,N,N,52,041,2019,24041
24,043,451110,H,83,G,504,G,2071,12,7,4,N,N,,,N,N,N,N,N,N,N,52,043,2019,24043
24,045,451110,J,80,J,360,J,1638,5,3,N,N,N,,,N,N,N,N,N,N,N,52,045,2019,24045
24,047,451110,J,33,H,155,H,934,12,10,N,N,N,,,N,N,N,N,N,N,N,52,047,2019,24047
24,510,451110,H,71,H,426,H,1712,10,5,N,N,N,,,N,N,N,N,N,N,N,52,510,2019,24510
25,001,451110,G,188,G,1014,G,6244,47,33,6,8,N,,,N,N,N,N,N,N,N,14,001,2019,25001
25,003,451110,G,115,G,620,G,2689,17,11,3,N,N,,,N,N,N,N,N,N,N,14,003,2019,25003
25,005,451110,G,478,G,2568,G,11330,47,23,7,10,7,,,N,N,N,N,N,N,N,14,005,2019,25005
25,009,451110,G,356,G,1981,G,9220,46,27,5,11,N,,,N,N,N,N,N,N,N,14,009,2019,25009
25,011,451110,J,24,G,87,H,392,6,5,N,N,N,,,N,N,N,N,N,N,N,14,011,2019,25011
25,013,451110,G,178,G,851,G,3795,31,20,5,5,N,,,N,N,N,N,N,N,N,14,013,2019,25013
25,015,451110,H,122,H,563,G,2611,12,5,3,3,N,,,N,N,N,N,N,N,N,14,015,2019,25015
25,017,451110,G,1602,G,9076,G,36919,106,34,27,26,13,5.0,,N,N,N,N,N,N,N,14,017,2019,25017
25,019,451110,G,13,G,115,G,1035,8,7,N,N,N,,,N,N,N,N,N,N,N,14,019,2019,25019
25,021,451110,G,685,G,3787,G,16838,49,17,13,11,6,,,N,N,N,N,N,N,N,14,021,2019,25021
25,023,451110,G,372,G,1841,H,8344,38,19,6,9,3,,,N,N,N,N,N,N,N,14,023,2019,25023
25,025,451110,H,223,H,1283,H,5321,21,10,4,4,N,,,N,N,N,N,N,N,N,14,025,2019,25025
25,027,451110,G,501,G,2603,G,11174,52,23,13,10,6,,,N,N,N,N,N,N,N,14,027,2019,25027
26,001,451110,G,7,H,35,G,200,3,3,N,N,N,,,N,N,N,N,N,N,N,34,001,2019,26001
26,005,451110,J,12,H,106,G,423,3,N,N,N,N,,,N,N,N,N,N,N,N,34,005,2019,26005
26,007,451110,J,22,J,92,H,389,4,3,N,N,N,,,N,N,N,N,N,N,N,34,007,2019,26007
26,009,451110,J,3,G,20,H,117,4,4,N,N,N,,,N,N,N,N,N,N,N,34,009,2019,26009
26,015,451110,J,30,H,172,H,712,4,3,N,N,N,,,N,N,N,N,N,N,N,34,015,2019,26015
26,017,451110,H,139,H,779,H,3609,8,N,3,N,N,,,N,N,N,N,N,N,N,34,017,2019,26017
26,021,451110,G,56,H,256,G,1261,12,9,N,N,N,,,N,N,N,N,N,N,N,34,021,2019,26021
26,023,451110,J,36,J,159,J,703,4,N,N,N,N,,,N,N,N,N,N,N,N,34,023,2019,26023
26,025,451110,H,54,G,281,G,1194,8,4,N,3,N,,,N,N,N,N,N,N,N,34,025,2019,26025
26,029,451110,J,2,J,2,H,27,3,3,N,N,N,,,N,N,N,N,N,N,N,34,029,2019,26029
26,031,451110,J,14,J,86,J,336,3,N,N,N,N,,,N,N,N,N,N,N,N,34,031,2019,26031
26,033,451110,J,30,J,72,H,362,3,N,N,N,N,,,N,N,N,N,N,N,N,34,033,2019,26033
26,037,451110,G,11,J,62,H,258,3,N,N,N,N,,,N,N,N,N,N,N,N,34,037,2019,26037
26,039,451110,J,6,J,25,J,232,3,N,N,N,N,,,N,N,N,N,N,N,N,34,039,2019,26039
26,041,451110,H,33,G,159,G,655,6,3,N,N,N,,,N,N,N,N,N,N,N,34,041,2019,26041
26,043,451110,J,20,J,116,J,413,4,N,N,N,N,,,N,N,N,N,N,N,N,34,043,2019,26043
26,045,451110,J,59,J,233,G,1789,7,N,3,N,N,,,N,N,N,N,N,N,N,34,045,2019,26045
26,047,451110,J,53,G,355,G,1508,11,7,N,N,N,,,N,N,N,N,N,N,N,34,047,2019,26047
26,049,451110,H,351,H,2079,H,8567,30,12,6,7,4,,,N,N,N,N,N,N,N,34,049,2019,26049
26,053,451110,H,30,G,106,G,448,4,N,N,N,N,,,N,N,N,N,N,N,N,34,053,2019,26053
26,055,451110,G,244,G,1200,G,5182,24,7,7,7,3,,,N,N,N,N,N,N,N,34,055,2019,26055
26,061,451110,H,47,H,156,G,651,5,N,4,N,N,,,N,N,N,N,N,N,N,34,061,2019,26061
26,063,451110,J,25,G,133,G,570,4,N,N,N,N,,,N,N,N,N,N,N,N,34,063,2019,26063
26,065,451110,H,244,H,1391,H,4725,18,7,5,N,4,,,N,N,N,N,N,N,N,34,065,2019,26065
26,069,451110,G,4,G,19,H,97,4,4,N,N,N,,,N,N,N,N,N,N,N,34,069,2019,26069
26,073,451110,J,59,J,241,J,1007,5,3,N,N,N,,,N,N,N,N,N,N,N,34,073,2019,26073
26,075,451110,G,77,G,419,G,2022,11,6,3,N,N,,,N,N,N,N,N,N,N,34,075,2019,26075
26,077,451110,H,389,H,1819,G,7999,23,8,4,5,4,,,N,N,N,N,N,N,N,34,077,2019,26077
26,081,451110,G,1100,G,5916,G,27505,56,20,9,14,7,4.0,,N,N,N,N,N,N,N,34,081,2019,26081
26,087,451110,J,24,G,116,G,534,5,4,N,N,N,,,N,N,N,N,N,N,N,34,087,2019,26087
26,091,451110,G,42,G,156,G,632,3,N,N,N,N,,,N,N,N,N,N,N,N,34,091,2019,26091
26,093,451110,J,145,H,662,H,2919,13,5,N,5,N,,,N,N,N,N,N,N,N,34,093,2019,26093
26,099,451110,H,578,H,2759,H,12524,55,24,10,12,9,,,N,N,N,N,N,N,N,34,099,2019,26099
26,101,451110,G,21,H,69,G,326,4,N,N,N,N,,,N,N,N,N,N,N,N,34,101,2019,26101
26,103,451110,G,80,H,308,H,1334,9,N,4,N,N,,,N,N,N,N,N,N,N,34,103,2019,26103
26,105,451110,H,22,G,108,G,520,4,N,N,N,N,,,N,N,N,N,N,N,N,34,105,2019,26105
26,107,451110,H,28,G,99,H,383,3,N,N,N,N,,,N,N,N,N,N,N,N,34,107,2019,26107
26,111,451110,G,52,G,294,G,1415,6,N,N,N,N,,,N,N,N,N,N,N,N,34,111,2019,26111
26,115,451110,H,306,H,1528,H,6299,12,7,N,N,N,,,N,N,N,N,N,N,N,34,115,2019,26115
26,117,451110,G,19,H,91,H,457,3,N,N,N,N,,,N,N,N,N,N,N,N,34,117,2019,26117
26,121,451110,G,93,H,390,H,1826,14,9,3,N,N,,,N,N,N,N,N,N,N,34,121,2019,26121
26,125,451110,G,1371,G,7027,G,30208,103,44,20,20,14,3.0,,N,N,N,N,N,N,N,34,125,2019,26125
26,137,451110,H,106,H,559,H,2450,5,3,N,N,N,,,N,N,N,N,N,N,N,34,137,2019,26137
26,139,451110,H,209,G,1167,G,5055,23,11,7,N,N,,,N,N,N,N,N,N,N,34,139,2019,26139
26,143,451110,H,40,H,115,H,451,3,N,N,N,N,,,N,N,N,N,N,N,N,34,143,2019,26143
26,145,451110,G,237,H,1057,H,4150,15,4,4,3,3,,,N,N,N,N,N,N,N,34,145,2019,26145
26,147,451110,H,125,H,568,H,2489,11,4,N,N,3,,,N,N,N,N,N,N,N,34,147,2019,26147
26,155,451110,G,28,G,155,G,624,6,5,N,N,N,,,N,N,N,N,N,N,N,34,155,2019,26155
26,159,451110,G,25,H,86,H,480,5,3,N,N,N,,,N,N,N,N,N,N,N,34,159,2019,26159
26,161,451110,J,357,H,2385,H,8508,34,16,9,3,6,,,N,N,N,N,N,N,N,34,161,2019,26161
26,163,451110,G,772,G,3589,G,15386,80,35,16,19,8,,,N,N,N,N,N,N,N,34,163,2019,26163
26,165,451110,G,27,G,129,G,598,6,4,N,N,N,,,N,N,N,N,N,N,N,34,165,2019,26165
27,003,451110,G,435,G,1941,G,8664,35,13,9,4,9,,,N,N,N,N,N,N,N,41,003,2019,27003
27,007,451110,J,38,J,111,H,502,6,5,N,N,N,,,N,N,N,N,N,N,N,41,007,2019,27007
27,013,451110,H,283,J,1635,J,5702,6,N,N,N,N,,,N,N,N,N,N,N,N,41,013,2019,27013
27,019,451110,G,49,H,342,H,1225,6,N,N,3,N,,,N,N,N,N,N,N,N,41,019,2019,27019
27,021,451110,H,108,J,946,J,3343,7,5,N,N,N,,,N,N,N,N,N,N,N,41,021,2019,27021
27,025,451110,G,10,G,52,H,399,3,N,N,N,N,,,N,N,N,N,N,N,N,41,025,2019,27025
27,027,451110,J,82,H,483,H,1667,5,N,N,N,N,,,N,N,N,N,N,N,N,41,027,2019,27027
27,035,451110,G,130,G,639,G,3130,20,11,6,N,N,,,N,N,N,N,N,N,N,41,035,2019,27035
27,037,451110,G,408,G,2006,G,9478,30,12,5,8,N,3.0,,N,N,N,N,N,N,N,41,037,2019,27037
27,041,451110,H,85,H,526,H,2449,10,5,N,3,N,,,N,N,N,N,N,N,N,41,041,2019,27041
27,045,451110,G,2,G,6,H,42,4,4,N,N,N,,,N,N,N,N,N,N,N,41,045,2019,27045
27,047,451110,H,23,J,88,J,333,4,3,N,N,N,,,N,N,N,N,N,N,N,41,047,2019,27047
27,049,451110,G,24,G,158,G,540,4,N,N,N,N,,,N,N,N,N,N,N,N,41,049,2019,27049
27,053,451110,G,2047,G,12941,G,53444,106,36,19,24,17,8.0,,N,N,N,N,N,N,N,41,053,2019,27053
27,057,451110,J,12,G,54,H,240,3,N,N,N,N,,,N,N,N,N,N,N,N,41,057,2019,27057
27,061,451110,H,30,G,193,G,795,5,N,N,N,N,,,N,N,N,N,N,N,N,41,061,2019,27061
27,067,451110,G,17,G,125,G,550,3,N,N,N,N,,,N,N,N,N,N,N,N,41,067,2019,27067
27,071,451110,J,12,G,79,G,370,4,3,N,N,N,,,N,N,N,N,N,N,N,41,071,2019,27071
27,077,451110,G,15,G,59,G,187,4,3,N,N,N,,,N,N,N,N,N,N,N,41,077,2019,27077
27,083,451110,J,37,H,204,H,840,5,4,N,N,N,,,N,N,N,N,N,N,N,41,083,2019,27083
27,085,451110,J,22,J,85,J,336,3,N,N,N,N,,,N,N,N,N,N,N,N,41,085,2019,27085
27,093,451110,J,9,J,30,J,166,3,N,N,N,N,,,N,N,N,N,N,N,N,41,093,2019,27093
27,095,451110,H,21,H,147,H,764,3,N,3,N,N,,,N,N,N,N,N,N,N,41,095,2019,27095
27,099,451110,G,17,G,56,G,270,3,N,N,N,N,,,N,N,N,N,N,N,N,41,099,2019,27099
27,109,451110,H,312,H,2075,H,7263,20,11,4,N,3,,,N,N,N,N,N,N,N,41,109,2019,27109
27,111,451110,J,24,H,135,H,784,5,N,3,N,N,,,N,N,N,N,N,N,N,41,111,2019,27111
27,123,451110,G,577,G,3449,G,15588,38,13,10,9,3,,,N,N,N,N,N,N,N,41,123,2019,27123
27,131,451110,J,8,G,53,G,270,4,3,N,N,N,,,N,N,N,N,N,N,N,41,131,2019,27131
27,137,451110,G,304,G,1328,G,5627,33,15,7,7,4,,,N,N,N,N,N,N,N,41,137,2019,27137
27,139,451110,H,41,G,203,H,935,6,3,N,N,N,,,N,N,N,N,N,N,N,41,139,2019,27139
27,141,451110,J,11,J,30,J,100,3,N,N,N,N,,,N,N,N,N,N,N,N,41,141,2019,27141
27,145,451110,H,419,H,2968,H,10667,19,5,5,7,N,,,N,N,N,N,N,N,N,41,145,2019,27145
27,147,451110,J,161,H,849,H,3766,4,N,N,N,N,,,N,N,N,N,N,N,N,41,147,2019,27147
27,163,451110,G,429,G,2288,G,10657,23,10,N,8,N,,,N,N,N,N,N,N,N,41,163,2019,27163
27,169,451110,J,10,J,26,J,143,4,3,N,N,N,,,N,N,N,N,N,N,N,41,169,2019,27169
27,171,451110,G,68,G,391,G,1356,8,N,5,N,N,,,N,N,N,N,N,N,N,41,171,2019,27171
28,011,451110,J,16,H,76,H,307,5,3,N,N,N,,,N,N,N,N,N,N,N,64,011,2019,28011
28,033,451110,G,127,H,537,H,2276,5,3,N,N,N,,,N,N,N,N,N,N,N,64,033,2019,28033
28,035,451110,H,24,G,111,G,560,4,3,N,N,N,,,N,N,N,N,N,N,N,64,035,2019,28035
28,047,451110,J,204,J,932,J,4304,13,8,N,N,N,,,N,N,N,N,N,N,N,64,047,2019,28047
28,049,451110,H,101,H,384,H,1710,5,N,N,N,N,,,N,N,N,N,N,N,N,64,049,2019,28049
28,059,451110,J,9,H,41,H,165,4,3,N,N,N,,,N,N,N,N,N,N,N,64,059,2019,28059
28,071,451110,H,79,H,257,H,1331,4,N,N,N,N,,,N,N,N,N,N,N,N,64,071,2019,28071
28,073,451110,J,173,J,674,J,3051,4,N,N,N,N,,,N,N,N,N,N,N,N,64,073,2019,28073
28,075,451110,H,33,G,153,G,686,6,N,3,N,N,,,N,N,N,N,N,N,N,64,075,2019,28075
28,081,451110,H,139,H,599,H,2636,10,4,4,N,N,,,N,N,N,N,N,N,N,64,081,2019,28081
28,089,451110,G,77,G,358,G,1620,11,6,4,N,N,,,N,N,N,N,N,N,N,64,089,2019,28089
28,105,451110,H,22,H,125,H,1252,4,N,4,N,N,,,N,N,N,N,N,N,N,64,105,2019,28105
28,121,451110,H,330,H,1327,H,6010,8,3,N,N,N,,,N,N,N,N,N,N,N,64,121,2019,28121
28,149,451110,J,51,J,287,J,1245,4,N,N,N,N,,,N,N,N,N,N,N,N,64,149,2019,28149
28,151,451110,G,16,J,133,H,487,3,N,N,N,N,,,N,N,N,N,N,N,N,64,151,2019,28151
29,009,451110,G,11,G,70,G,340,3,N,N,N,N,,,N,N,N,N,N,N,N,43,009,2019,29009
29,019,451110,H,374,H,1346,H,6434,21,6,5,6,N,,,N,N,N,N,N,N,N,43,019,2019,29019
29,021,451110,J,59,J,204,J,893,7,5,N,N,N,,,N,N,N,N,N,N,N,43,021,2019,29021
29,023,451110,J,17,J,83,J,1009,3,N,N,N,N,,,N,N,N,N,N,N,N,43,023,2019,29023
29,029,451110,H,48,G,201,G,868,3,N,N,N,N,,,N,N,N,N,N,N,N,43,029,2019,29029
29,031,451110,J,127,H,469,H,1999,10,6,N,N,N,,,N,N,N,N,N,N,N,43,031,2019,29031
29,037,451110,H,73,H,324,H,1486,7,6,N,N,N,,,N,N,N,N,N,N,N,43,037,2019,29037
29,047,451110,J,130,J,656,H,2946,10,4,4,N,N,,,N,N,N,N,N,N,N,43,047,2019,29047
29,051,451110,J,65,J,255,J,1018,7,5,N,N,N,,,N,N,N,N,N,N,N,43,051,2019,29051
29,071,451110,H,49,G,203,G,891,7,5,N,N,N,,,N,N,N,N,N,N,N,43,071,2019,29071
29,077,451110,H,709,H,3625,H,16563,25,13,N,7,N,,,N,N,N,N,N,N,N,43,077,2019,29077
29,095,451110,H,461,H,1920,H,8304,27,16,5,N,N,,,N,N,N,N,N,N,N,43,095,2019,29095
29,097,451110,J,151,H,614,H,2729,13,6,5,N,N,,,N,N,N,N,N,N,N,43,097,2019,29097
29,099,451110,J,60,J,315,J,2196,7,3,N,N,N,,,N,N,N,N,N,N,N,43,099,2019,29099
29,127,451110,J,25,J,89,J,335,3,N,N,N,N,,,N,N,N,N,N,N,N,43,127,2019,29127
29,131,451110,J,15,J,99,J,566,3,N,N,N,N,,,N,N,N,N,N,N,N,43,131,2019,29131
29,145,451110,J,20,H,80,H,326,4,3,N,N,N,,,N,N,N,N,N,N,N,43,145,2019,29145
29,165,451110,H,85,H,416,H,1963,6,4,N,N,N,,,N,N,N,N,N,N,N,43,165,2019,29165
29,183,451110,G,399,G,1864,H,7702,23,9,6,3,4,,,N,N,N,N,N,N,N,43,183,2019,29183
29,187,451110,H,26,J,97,H,556,5,N,3,N,N,,,N,N,N,N,N,N,N,43,187,2019,29187
29,189,451110,G,1236,G,6788,G,25997,81,36,24,5,9,4.0,3.0,N,N,N,N,N,N,N,43,189,2019,29189
29,209,451110,G,14,G,59,G,297,4,3,N,N,N,,,N,N,N,N,N,N,N,43,209,2019,29209
29,213,451110,J,126,J,547,J,2809,4,N,N,N,N,,,N,N,N,N,N,N,N,43,213,2019,29213
29,225,451110,J,4,J,21,J,96,3,3,N,N,N,,,N,N,N,N,N,N,N,43,225,2019,29225
29,510,451110,G,27,H,295,H,1194,7,4,3,N,N,,,N,N,N,N,N,N,N,43,510,2019,29510
30,013,451110,H,189,H,1178,H,4439,9,5,N,N,N,,,N,N,N,N,N,N,N,81,013,2019,30013
30,029,451110,G,324,H,1986,H,7839,18,7,4,N,3,,,N,N,N,N,N,N,N,81,029,2019,30029
30,031,451110,G,445,G,2348,G,9541,45,24,9,6,4,,,N,N,N,N,N,N,N,81,031,2019,30031
30,049,451110,G,195,G,848,G,3758,13,3,3,4,3,,,N,N,N,N,N,N,N,81,049,2019,30049
30,057,451110,J,8,J,54,J,366,3,N,N,N,N,,,N,N,N,N,N,N,N,81,057,2019,30057
30,063,451110,G,404,G,1994,G,8549,31,15,5,6,N,3.0,,N,N,N,N,N,N,N,81,063,2019,30063
30,067,451110,J,29,J,126,H,610,7,4,3,N,N,,,N,N,N,N,N,N,N,81,067,2019,30067
30,081,451110,G,41,H,142,H,710,9,8,N,N,N,,,N,N,N,N,N,N,N,81,081,2019,30081
30,083,451110,J,16,J,87,J,307,3,N,N,N,N,,,N,N,N,N,N,N,N,81,083,2019,30083
30,093,451110,G,42,G,194,G,823,6,4,N,N,N,,,N,N,N,N,N,N,N,81,093,2019,30093
30,111,451110,G,562,H,4043,H,13882,21,9,5,3,N,,,N,N,N,N,N,N,N,81,111,2019,30111
31,019,451110,J,92,J,438,J,1802,6,5,N,N,N,,,N,N,N,N,N,N,N,46,019,2019,31019
31,053,451110,J,53,J,568,J,2201,3,N,N,N,N,,,N,N,N,N,N,N,N,46,053,2019,31053
31,055,451110,G,879,G,5326,G,18506,41,14,11,10,4,,,N,N,N,N,N,N,N,46,055,2019,31055
31,067,451110,G,6,H,43,J,161,3,3,N,N,N,,,N,N,N,N,N,N,N,46,067,2019,31067
31,079,451110,H,65,H,255,H,1160,9,5,3,N,N,,,N,N,N,N,N,N,N,46,079,2019,31079
31,109,451110,H,712,H,3748,H,12962,26,12,5,5,N,,,N,N,N,N,N,N,N,46,109,2019,31109
31,111,451110,J,8,H,49,G,207,4,4,N,N,N,,,N,N,N,N,N,N,N,46,111,2019,31111
31,141,451110,J,7,J,18,J,125,3,3,N,N,N,,,N,N,N,N,N,N,N,46,141,2019,31141
31,153,451110,H,238,H,1068,H,4568,5,3,N,N,N,,,N,N,N,N,N,N,N,46,153,2019,31153
31,157,451110,J,25,J,97,H,451,3,N,N,N,N,,,N,N,N,N,N,N,N,46,157,2019,31157
32,003,451110,G,1210,G,7156,G,29238,101,34,33,21,9,3.0,,N,N,N,N,N,N,N,88,003,2019,32003
32,005,451110,J,50,G,233,G,796,9,5,N,N,N,,,N,N,N,N,N,N,N,88,005,2019,32005
32,007,451110,H,46,H,182,G,938,8,4,3,N,N,,,N,N,N,N,N,N,N,88,007,2019,32007
32,023,451110,J,18,J,69,J,296,3,N,N,N,N,,,N,N,N,N,N,N,N,88,023,2019,32023
32,031,451110,G,806,G,5536,G,21737,34,15,7,4,5,,,N,N,N,N,N,N,N,88,031,2019,32031
32,510,451110,J,61,H,230,H,1019,6,4,N,N,N,,,N,N,N,N,N,N,N,88,510,2019,32510
33,001,451110,J,78,H,303,G,1232,9,3,N,4,N,,,N,N,N,N,N,N,N,12,001,2019,33001
33,003,451110,G,145,G,823,H,3644,19,7,7,4,N,,,N,N,N,N,N,N,N,12,003,2019,33003
33,005,451110,H,55,H,242,H,1137,5,N,N,N,N,,,N,N,N,N,N,N,N,12,005,2019,33005
33,007,451110,G,57,G,392,G,1766,6,3,N,N,N,,,N,N,N,N,N,N,N,12,007,2019,33007
33,009,451110,G,231,G,1830,G,6392,20,6,N,8,4,,,N,N,N,N,N,N,N,12,009,2019,33009
33,011,451110,J,426,H,2334,H,10186,46,22,7,12,4,,,N,N,N,N,N,N,N,12,011,2019,33011
33,013,451110,H,195,H,975,H,4445,18,7,4,4,3,,,N,N,N,N,N,N,N,12,013,2019,33013
33,015,451110,H,483,G,2502,G,11055,50,22,6,15,7,,,N,N,N,N,N,N,N,12,015,2019,33015
33,017,451110,H,109,G,759,G,3569,14,8,N,3,N,,,N,N,N,N,N,N,N,12,017,2019,33017
33,019,451110,J,17,J,63,H,272,3,N,N,N,N,,,N,N,N,N,N,N,N,12,019,2019,33019
34,001,451110,G,155,G,885,G,4063,19,10,5,N,N,,,N,N,N,N,N,N,N,22,001,2019,34001
34,003,451110,H,572,H,3585,H,14685,56,36,6,4,7,3.0,,N,N,N,N,N,N,N,22,003,2019,34003
34,005,451110,G,375,G,1520,G,6817,21,9,4,N,3,,,N,N,N,N,N,N,N,22,005,2019,34005
34,007,451110,H,213,H,1053,H,4149,19,7,6,4,N,,,N,N,N,N,N,N,N,22,007,2019,34007
34,009,451110,J,85,G,390,G,3147,32,25,5,N,N,,,N,N,N,N,N,N,N,22,009,2019,34009
34,011,451110,J,58,J,273,J,1240,6,5,N,N,N,,,N,N,N,N,N,N,N,22,011,2019,34011
34,013,451110,H,146,G,855,G,2919,20,14,N,N,3,,,N,N,N,N,N,N,N,22,013,2019,34013
34,015,451110,G,145,G,814,G,3584,12,5,3,N,N,,,N,N,N,N,N,N,N,22,015,2019,34015
34,017,451110,J,146,J,517,H,2254,14,9,N,N,5,,,N,N,N,N,N,N,N,22,017,2019,34017
34,019,451110,J,107,G,700,G,2929,15,8,3,3,N,,,N,N,N,N,N,N,N,22,019,2019,34019
34,021,451110,H,246,G,1520,G,5398,17,9,N,3,N,,,N,N,N,N,N,N,N,22,021,2019,34021
34,023,451110,H,394,G,1947,G,8150,33,18,3,4,7,,,N,N,N,N,N,N,N,22,023,2019,34023
34,025,451110,G,467,G,2750,G,12249,50,27,8,6,8,,,N,N,N,N,N,N,N,22,025,2019,34025
34,027,451110,H,542,H,2948,H,12847,43,25,5,6,N,5.0,,N,N,N,N,N,N,N,22,027,2019,34027
34,029,451110,G,403,G,1422,G,7407,52,38,5,N,5,,,N,N,N,N,N,N,N,22,029,2019,34029
34,031,451110,G,250,G,1089,G,5069,14,4,4,N,N,,,N,N,N,N,N,N,N,22,031,2019,34031
34,035,451110,G,229,H,1209,H,5141,24,10,3,9,N,,,N,N,N,N,N,N,N,22,035,2019,34035
34,037,451110,G,54,H,214,G,716,7,5,N,N,N,,,N,N,N,N,N,N,N,22,037,2019,34037
34,039,451110,G,358,G,1540,G,6454,29,13,6,4,5,,,N,N,N,N,N,N,N,22,039,2019,34039
34,041,451110,G,17,G,109,G,556,7,6,N,N,N,,,N,N,N,N,N,N,N,22,041,2019,34041
35,001,451110,G,582,G,2926,G,11916,52,21,15,9,5,,,N,N,N,N,N,N,N,85,001,2019,35001
35,005,451110,H,29,H,92,H,431,3,N,N,N,N,,,N,N,N,N,N,N,N,85,005,2019,35005
35,007,451110,H,33,G,220,G,329,5,N,3,N,N,,,N,N,N,N,N,N,N,85,007,2019,35007
35,013,451110,G,151,G,764,G,3278,12,5,N,3,N,,,N,N,N,N,N,N,N,85,013,2019,35013
35,015,451110,H,34,H,84,H,415,5,N,N,N,N,,,N,N,N,N,N,N,N,85,015,2019,35015
35,027,451110,H,35,G,124,G,434,6,3,N,N,N,,,N,N,N,N,N,N,N,85,027,2019,35027
35,035,451110,H,31,H,116,H,422,6,5,N,N,N,,,N,N,N,N,N,N,N,85,035,2019,35035
35,043,451110,J,21,H,73,H,303,3,N,N,N,N,,,N,N,N,N,N,N,N,85,043,2019,35043
35,045,451110,G,131,G,565,G,2576,11,6,N,3,N,,,N,N,N,N,N,N,N,85,045,2019,35045
35,049,451110,G,141,G,846,G,2925,13,3,5,4,N,,,N,N,N,N,N,N,N,85,049,2019,35049
35,055,451110,H,124,H,842,H,2256,17,7,4,6,N,,,N,N,N,N,N,N,N,85,055,2019,35055
36,001,451110,G,347,H,2093,H,8888,27,12,6,5,N,,,N,N,N,N,N,N,N,21,001,2019,36001
36,003,451110,G,8,J,36,J,191,4,3,N,N,N,,,N,N,N,N,N,N,N,21,003,2019,36003
36,005,451110,H,340,H,1610,H,6606,19,9,N,N,5,,,N,N,N,N,N,N,N,21,005,2019,36005
36,007,451110,G,121,G,514,G,2315,14,9,N,N,N,,,N,N,N,N,N,N,N,21,007,2019,36007
36,009,451110,H,98,G,583,G,2150,11,6,N,N,N,,,N,N,N,N,N,N,N,21,009,2019,36009
36,011,451110,J,181,J,703,J,3123,6,4,N,N,N,,,N,N,N,N,N,N,N,21,011,2019,36011
36,013,451110,H,35,G,125,G,543,7,4,N,N,N,,,N,N,N,N,N,N,N,21,013,2019,36013
36,015,451110,H,132,H,740,H,3511,7,3,N,N,3,,,N,N,N,N,N,N,N,21,015,2019,36015
36,017,451110,H,27,G,114,G,448,3,N,N,N,N,,,N,N,N,N,N,N,N,21,017,2019,36017
36,019,451110,G,106,G,490,G,2400,7,N,N,N,N,,,N,N,N,N,N,N,N,21,019,2019,36019
36,021,451110,G,24,G,102,G,434,5,4,N,N,N,,,N,N,N,N,N,N,N,21,021,2019,36021
36,023,451110,H,24,H,114,H,423,3,N,N,N,N,,,N,N,N,N,N,N,N,21,023,2019,36023
36,025,451110,J,11,J,58,J,253,6,6,N,N,N,,,N,N,N,N,N,N,N,21,025,2019,36025
36,027,451110,G,121,G,644,H,3061,24,19,N,N,N,,,N,N,N,N,N,N,N,21,027,2019,36027
36,029,451110,G,726,H,4696,G,19819,56,24,10,13,5,4.0,,N,N,N,N,N,N,N,21,029,2019,36029
36,031,451110,G,89,H,529,G,2115,10,N,3,4,N,,,N,N,N,N,N,N,N,21,031,2019,36031
36,033,451110,J,23,J,68,H,390,3,N,N,N,N,,,N,N,N,N,N,N,N,21,033,2019,36033
36,035,451110,J,16,G,50,G,213,3,N,N,N,N,,,N,N,N,N,N,N,N,21,035,2019,36035
36,037,451110,G,50,G,228,G,1006,6,4,N,N,N,,,N,N,N,N,N,N,N,21,037,2019,36037
36,039,451110,H,29,H,155,J,377,5,N,N,N,N,,,N,N,N,N,N,N,N,21,039,2019,36039
36,043,451110,H,30,J,158,J,945,4,3,N,N,N,,,N,N,N,N,N,N,N,21,043,2019,36043
36,045,451110,H,91,H,327,H,1590,7,5,N,N,N,,,N,N,N,N,N,N,N,21,045,2019,36045
36,047,451110,H,813,G,5037,G,18112,82,44,19,7,9,3.0,,N,N,N,N,N,N,N,21,047,2019,36047
36,051,451110,J,12,J,28,H,111,3,N,N,N,N,,,N,N,N,N,N,N,N,21,051,2019,36051
36,055,451110,G,640,G,3546,G,13796,53,26,12,6,5,4.0,,N,N,N,N,N,N,N,21,055,2019,36055
36,059,451110,G,1113,G,6604,G,29421,116,72,20,7,12,4.0,,N,N,N,N,N,N,N,21,059,2019,36059
36,061,451110,G,1481,G,10601,H,43041,94,49,20,8,12,3.0,,N,N,N,N,N,N,N,21,061,2019,36061
36,063,451110,G,124,G,386,G,1336,11,5,N,4,N,,,N,N,N,N,N,N,N,21,063,2019,36063
36,065,451110,H,292,H,1335,H,6115,14,7,4,N,N,,,N,N,N,N,N,N,N,21,065,2019,36065
36,067,451110,G,386,G,1735,G,8087,30,13,6,4,6,,,N,N,N,N,N,N,N,21,067,2019,36067
36,069,451110,J,157,H,689,H,2631,10,4,N,N,3,,,N,N,N,N,N,N,N,21,069,2019,36069
36,071,451110,J,193,H,920,H,4219,22,14,N,3,4,,,N,N,N,N,N,N,N,21,071,2019,36071
36,075,451110,H,71,H,274,H,1227,12,6,3,N,N,,,N,N,N,N,N,N,N,21,075,2019,36075
36,077,451110,J,43,J,142,J,660,3,N,N,N,N,,,N,N,N,N,N,N,N,21,077,2019,36077
36,079,451110,G,50,G,249,G,1056,9,6,N,N,N,,,N,N,N,N,N,N,N,21,079,2019,36079
36,081,451110,H,577,H,2497,H,10749,59,42,3,N,11,,,N,N,N,N,N,N,N,21,081,2019,36081
36,083,451110,G,44,G,189,G,725,9,5,3,N,N,,,N,N,N,N,N,N,N,21,083,2019,36083
36,085,451110,J,150,J,650,J,2774,14,10,N,N,3,,,N,N,N,N,N,N,N,21,085,2019,36085
36,087,451110,H,201,G,1011,H,4914,18,12,N,N,N,,,N,N,N,N,N,N,N,21,087,2019,36087
36,089,451110,J,45,J,112,J,540,7,4,N,3,N,,,N,N,N,N,N,N,N,21,089,2019,36089
36,091,451110,H,175,G,881,G,3981,17,5,5,6,N,,,N,N,N,N,N,N,N,21,091,2019,36091
36,093,451110,H,23,G,119,G,525,5,3,N,N,N,,,N,N,N,N,N,N,N,21,093,2019,36093
36,101,451110,J,24,G,71,G,370,10,9,N,N,N,,,N,N,N,N,N,N,N,21,101,2019,36101
36,103,451110,H,1231,G,6614,G,32019,142,94,17,13,13,4.0,,N,N,N,N,N,N,N,21,103,2019,36103
36,105,451110,J,4,G,15,J,106,3,3,N,N,N,,,N,N,N,N,N,N,N,21,105,2019,36105
36,107,451110,J,14,J,86,J,378,3,N,N,N,N,,,N,N,N,N,N,N,N,21,107,2019,36107
36,109,451110,J,72,H,370,H,1596,11,9,N,N,N,,,N,N,N,N,N,N,N,21,109,2019,36109
36,111,451110,H,179,H,978,H,4047,18,11,N,3,4,,,N,N,N,N,N,N,N,21,111,2019,36111
36,113,451110,G,109,G,610,G,2516,12,5,3,3,N,,,N,N,N,N,N,N,N,21,113,2019,36113
36,115,451110,G,11,H,39,H,141,4,4,N,N,N,,,N,N,N,N,N,N,N,21,115,2019,36115
36,117,451110,J,28,J,101,J,345,5,4,N,N,N,,,N,N,N,N,N,N,N,21,117,2019,36117
36,119,451110,G,847,G,4309,G,19859,77,47,8,5,13,4.0,,N,N,N,N,N,N,N,21,119,2019,36119
37,001,451110,H,126,J,576,J,2392,13,7,N,3,N,,,N,N,N,N,N,N,N,56,001,2019,37001
37,011,451110,G,66,H,305,G,877,4,N,N,N,N,,,N,N,N,N,N,N,N,56,011,2019,37011
37,013,451110,G,14,H,50,H,227,5,5,N,N,N,,,N,N,N,N,N,N,N,56,013,2019,37013
37,019,451110,J,34,J,96,H,611,13,10,3,N,N,,,N,N,N,N,N,N,N,56,019,2019,37019
37,021,451110,G,357,G,1810,G,7519,31,16,7,3,3,,,N,N,N,N,N,N,N,56,021,2019,37021
37,023,451110,J,56,J,207,J,953,5,3,N,N,N,,,N,N,N,N,N,N,N,56,023,2019,37023
37,025,451110,H,403,H,1708,H,7731,13,7,N,N,N,,,N,N,N,N,N,N,N,56,025,2019,37025
37,027,451110,J,23,G,102,G,409,4,3,N,N,N,,,N,N,N,N,N,N,N,56,027,2019,37027
37,031,451110,J,119,J,459,H,2192,18,11,4,N,N,,,N,N,N,N,N,N,N,56,031,2019,37031
37,035,451110,J,149,J,686,J,3069,9,5,N,N,N,,,N,N,N,N,N,N,N,56,035,2019,37035
37,045,451110,J,35,H,137,H,589,5,3,N,N,N,,,N,N,N,N,N,N,N,56,045,2019,37045
37,047,451110,G,9,G,37,G,126,3,3,N,N,N,,,N,N,N,N,N,N,N,56,047,2019,37047
37,049,451110,J,42,H,188,H,733,8,4,N,N,N,,,N,N,N,N,N,N,N,56,049,2019,37049
37,051,451110,H,276,H,1218,H,5960,18,7,7,N,N,,,N,N,N,N,N,N,N,56,051,2019,37051
37,053,451110,J,7,H,43,G,229,4,4,N,N,N,,,N,N,N,N,N,N,N,56,053,2019,37053
37,055,451110,H,133,G,977,G,6841,32,27,N,N,N,,,N,N,N,N,N,N,N,56,055,2019,37055
37,057,451110,J,8,J,39,J,167,5,5,N,N,N,,,N,N,N,N,N,N,N,56,057,2019,37057
37,063,451110,H,173,H,850,H,2982,11,N,5,N,N,,,N,N,N,N,N,N,N,56,063,2019,37063
37,067,451110,G,241,G,1203,G,4657,23,13,3,4,N,,,N,N,N,N,N,N,N,56,067,2019,37067
37,071,451110,G,119,G,561,H,2710,10,4,3,N,N,,,N,N,N,N,N,N,N,56,071,2019,37071
37,081,451110,H,422,G,1606,H,7378,26,13,4,3,3,3.0,,N,N,N,N,N,N,N,56,081,2019,37081
37,085,451110,G,8,J,32,H,168,4,3,N,N,N,,,N,N,N,N,N,N,N,56,085,2019,37085
37,087,451110,J,19,H,86,H,265,3,N,N,N,N,,,N,N,N,N,N,N,N,56,087,2019,37087
37,089,451110,H,45,H,200,H,842,10,7,N,N,N,,,N,N,N,N,N,N,N,56,089,2019,37089
37,093,451110,J,5,J,18,J,101,3,N,N,N,N,,,N,N,N,N,N,N,N,56,093,2019,37093
37,097,451110,H,142,H,626,H,2877,15,9,4,N,N,,,N,N,N,N,N,N,N,56,097,2019,37097
37,099,451110,J,14,G,63,H,266,4,N,N,N,N,,,N,N,N,N,N,N,N,56,099,2019,37099
37,101,451110,J,7,J,45,J,187,4,4,N,N,N,,,N,N,N,N,N,N,N,56,101,2019,37101
37,105,451110,G,27,G,123,G,450,3,N,N,N,N,,,N,N,N,N,N,N,N,56,105,2019,37105
37,109,451110,J,14,G,46,G,189,4,3,N,N,N,,,N,N,N,N,N,N,N,56,109,2019,37109
37,113,451110,J,39,H,165,H,703,5,N,N,N,N,,,N,N,N,N,N,N,N,56,113,2019,37113
37,119,451110,G,880,G,5273,G,22503,63,18,20,13,9,3.0,,N,N,N,N,N,N,N,56,119,2019,37119
37,125,451110,G,86,G,365,G,2072,13,7,4,N,N,,,N,N,N,N,N,N,N,56,125,2019,37125
37,127,451110,H,25,H,92,H,395,4,N,N,N,N,,,N,N,N,N,N,N,N,56,127,2019,37127
37,129,451110,G,294,G,1584,G,7293,30,12,9,5,4,,,N,N,N,N,N,N,N,56,129,2019,37129
37,133,451110,G,188,G,815,G,3391,13,7,N,N,N,,,N,N,N,N,N,N,N,56,133,2019,37133
37,135,451110,H,77,H,661,G,2011,13,5,5,N,N,,,N,N,N,N,N,N,N,56,135,2019,37135
37,141,451110,J,20,G,75,H,351,5,3,N,N,N,,,N,N,N,N,N,N,N,56,141,2019,37141
37,145,451110,J,14,J,89,J,381,3,N,N,N,N,,,N,N,N,N,N,N,N,56,145,2019,37145
37,147,451110,H,169,H,636,H,2682,14,8,N,N,N,,,N,N,N,N,N,N,N,56,147,2019,37147
37,151,451110,J,19,J,111,J,441,3,N,N,N,N,,,N,N,N,N,N,N,N,56,151,2019,37151
37,157,451110,J,16,J,40,H,178,4,3,N,N,N,,,N,N,N,N,N,N,N,56,157,2019,37157
37,159,451110,G,51,H,281,H,1219,11,8,N,N,N,,,N,N,N,N,N,N,N,56,159,2019,37159
37,167,451110,J,9,J,46,J,217,5,4,N,N,N,,,N,N,N,N,N,N,N,56,167,2019,37167
37,171,451110,G,23,G,106,G,439,5,3,N,N,N,,,N,N,N,N,N,N,N,56,171,2019,37171
37,175,451110,H,47,J,288,J,1235,5,N,N,3,N,,,N,N,N,N,N,N,N,56,175,2019,37175
37,179,451110,H,91,H,277,H,1423,11,7,N,N,N,,,N,N,N,N,N,N,N,56,179,2019,37179
37,183,451110,G,1194,G,6046,G,24892,72,26,15,13,12,5.0,,N,N,N,N,N,N,N,56,183,2019,37183
37,189,451110,H,48,H,191,G,828,12,8,3,N,N,,,N,N,N,N,N,N,N,56,189,2019,37189
37,191,451110,J,79,H,361,H,1383,10,5,3,N,N,,,N,N,N,N,N,N,N,56,191,2019,37191
37,195,451110,J,52,J,289,J,1217,6,N,N,3,N,,,N,N,N,N,N,N,N,56,195,2019,37195
38,015,451110,J,398,J,3065,J,9620,8,N,N,N,N,,,N,N,N,N,N,N,N,44,015,2019,38015
38,017,451110,H,526,H,3490,H,12677,12,3,4,3,N,,,N,N,N,N,N,N,N,44,017,2019,38017
38,035,451110,H,254,H,1712,H,5645,6,N,3,N,N,,,N,N,N,N,N,N,N,44,035,2019,38035
38,089,451110,J,28,H,116,H,410,3,N,N,N,N,,,N,N,N,N,N,N,N,44,089,2019,38089
38,101,451110,H,193,H,1704,H,5678,9,3,3,N,N,,,N,N,N,N,N,N,N,44,101,2019,38101
39,001,451110,J,3,J,19,J,86,3,3,N,N,N,,,N,N,N,N,N,N,N,31,001,2019,39001
39,003,451110,H,49,H,235,H,998,7,5,N,N,N,,,N,N,N,N,N,N,N,31,003,2019,39003
39,005,451110,J,101,J,806,J,3803,3,N,N,N,N,,,N,N,N,N,N,N,N,31,005,2019,39005
39,007,451110,G,20,G,84,G,363,6,5,N,N,N,,,N,N,N,N,N,N,N,31,007,2019,39007
39,009,451110,H,22,H,97,H,419,6,4,N,N,N,,,N,N,N,N,N,N,N,31,009,2019,39009
39,011,451110,H,33,J,200,J,747,3,N,N,N,N,,,N,N,N,N,N,N,N,31,011,2019,39011
39,013,451110,J,11,G,80,G,338,3,N,N,N,N,,,N,N,N,N,N,N,N,31,013,2019,39013
39,017,451110,G,377,G,1793,G,7687,25,15,3,N,N,,,N,N,N,N,N,N,N,31,017,2019,39017
39,023,451110,J,63,H,259,J,1081,4,N,N,N,N,,,N,N,N,N,N,N,N,31,023,2019,39023
39,025,451110,H,83,H,390,H,1956,11,5,4,N,N,,,N,N,N,N,N,N,N,31,025,2019,39025
39,029,451110,H,24,H,109,H,424,3,N,N,N,N,,,N,N,N,N,N,N,N,31,029,2019,39029
39,035,451110,G,705,G,3235,H,13763,72,42,10,12,4,4.0,,N,N,N,N,N,N,N,31,035,2019,39035
39,041,451110,H,342,G,2016,G,9030,13,4,3,N,4,,,N,N,N,N,N,N,N,31,041,2019,39041
39,043,451110,J,90,J,336,J,1591,6,3,N,N,N,,,N,N,N,N,N,N,N,31,043,2019,39043
39,045,451110,J,89,H,343,H,1440,6,4,N,N,N,,,N,N,N,N,N,N,N,31,045,2019,39045
39,049,451110,H,852,H,4721,H,21948,61,25,14,9,8,4.0,,N,N,N,N,N,N,N,31,049,2019,39049
39,055,451110,J,44,H,274,H,1077,10,7,3,N,N,,,N,N,N,N,N,N,N,31,055,2019,39055
39,057,451110,H,113,H,430,H,1841,10,6,N,N,N,,,N,N,N,N,N,N,N,31,057,2019,39057
39,059,451110,G,17,H,72,H,262,3,N,N,N,N,,,N,N,N,N,N,N,N,31,059,2019,39059
39,061,451110,H,983,G,5109,G,22133,65,29,10,11,10,4.0,,N,N,N,N,N,N,N,31,061,2019,39061
39,063,451110,H,71,H,363,H,1620,6,N,N,N,N,,,N,N,N,N,N,N,N,31,063,2019,39063
39,075,451110,G,22,G,109,G,629,8,6,N,N,N,,,N,N,N,N,N,N,N,31,075,2019,39075
39,081,451110,H,47,H,164,G,924,4,3,N,N,N,,,N,N,N,N,N,N,N,31,081,2019,39081
39,085,451110,H,201,G,989,G,4142,19,8,6,N,3,,,N,N,N,N,N,N,N,31,085,2019,39085
39,087,451110,J,8,H,45,G,177,5,5,N,N,N,,,N,N,N,N,N,N,N,31,087,2019,39087
39,089,451110,J,147,J,642,J,2891,9,4,N,N,N,,,N,N,N,N,N,N,N,31,089,2019,39089
39,091,451110,G,20,H,71,G,322,3,N,N,N,N,,,N,N,N,N,N,N,N,31,091,2019,39091
39,093,451110,G,218,G,1105,G,4942,17,7,N,6,N,,,N,N,N,N,N,N,N,31,093,2019,39093
39,095,451110,H,299,H,1756,H,8258,22,9,6,N,N,3.0,,N,N,N,N,N,N,N,31,095,2019,39095
39,099,451110,H,168,H,795,H,3632,13,5,5,N,N,,,N,N,N,N,N,N,N,31,099,2019,39099
39,103,451110,G,56,G,320,G,1376,8,3,3,N,N,,,N,N,N,N,N,N,N,31,103,2019,39103
39,107,451110,H,32,H,130,G,642,8,6,N,N,N,,,N,N,N,N,N,N,N,31,107,2019,39107
39,109,451110,G,56,H,273,G,1086,6,3,N,N,N,,,N,N,N,N,N,N,N,31,109,2019,39109
39,113,451110,G,487,G,1901,G,9059,33,17,7,N,5,,,N,N,N,N,N,N,N,31,113,2019,39113
39,123,451110,G,2,J,4,G,272,6,6,N,N,N,,,N,N,N,N,N,N,N,31,123,2019,39123
39,133,451110,G,70,G,284,G,1420,9,7,N,N,N,,,N,N,N,N,N,N,N,31,133,2019,39133
39,139,451110,G,93,G,451,G,1909,7,4,N,N,N,,,N,N,N,N,N,N,N,31,139,2019,39139
39,141,451110,J,78,J,264,J,1150,3,N,N,N,N,,,N,N,N,N,N,N,N,31,141,2019,39141
39,143,451110,G,2,G,5,J,27,3,3,N,N,N,,,N,N,N,N,N,N,N,31,143,2019,39143
39,145,451110,G,3,G,22,G,118,3,3,N,N,N,,,N,N,N,N,N,N,N,31,145,2019,39145
39,151,451110,G,306,G,1495,G,6738,32,12,11,5,3,,,N,N,N,N,N,N,N,31,151,2019,39151
39,153,451110,H,295,G,1489,H,6732,32,15,9,3,4,,,N,N,N,N,N,N,N,31,153,2019,39153
39,155,451110,G,95,H,400,H,1727,11,5,4,N,N,,,N,N,N,N,N,N,N,31,155,2019,39155
39,157,451110,H,96,H,398,H,1978,13,6,5,N,N,,,N,N,N,N,N,N,N,31,157,2019,39157
39,165,451110,G,108,G,489,G,2257,11,4,5,N,N,,,N,N,N,N,N,N,N,31,165,2019,39165
39,167,451110,H,25,H,146,G,731,5,N,N,N,N,,,N,N,N,N,N,N,N,31,167,2019,39167
39,169,451110,G,65,G,303,G,1296,8,4,N,3,N,,,N,N,N,N,N,N,N,31,169,2019,39169
39,173,451110,H,248,H,1083,H,4816,7,N,N,4,N,,,N,N,N,N,N,N,N,31,173,2019,39173
40,009,451110,J,9,G,57,G,268,3,3,N,N,N,,,N,N,N,N,N,N,N,73,009,2019,40009
40,017,451110,H,85,J,346,J,1468,3,N,N,N,N,,,N,N,N,N,N,N,N,73,017,2019,40017
40,027,451110,J,168,H,827,H,3477,13,9,N,N,N,,,N,N,N,N,N,N,N,73,027,2019,40027
40,031,451110,J,103,J,410,J,1819,8,5,N,N,N,,,N,N,N,N,N,N,N,73,031,2019,40031
40,041,451110,J,9,G,53,G,226,5,4,N,N,N,,,N,N,N,N,N,N,N,73,041,2019,40041
40,047,451110,J,61,H,313,H,1188,4,N,N,N,N,,,N,N,N,N,N,N,N,73,047,2019,40047
40,089,451110,H,24,G,105,G,509,4,3,N,N,N,,,N,N,N,N,N,N,N,73,089,2019,40089
40,097,451110,G,4,J,21,J,96,3,3,N,N,N,,,N,N,N,N,N,N,N,73,097,2019,40097
40,109,451110,G,1022,G,4691,G,21211,61,33,9,6,6,5.0,,N,N,N,N,N,N,N,73,109,2019,40109
40,111,451110,J,2,J,18,G,88,4,4,N,N,N,,,N,N,N,N,N,N,N,73,111,2019,40111
40,119,451110,J,111,J,439,J,2048,6,4,N,N,N,,,N,N,N,N,N,N,N,73,119,2019,40119
40,123,451110,G,9,H,31,G,157,3,N,N,N,N,,,N,N,N,N,N,N,N,73,123,2019,40123
40,125,451110,G,57,H,292,H,1168,6,3,N,N,N,,,N,N,N,N,N,N,N,73,125,2019,40125
40,131,451110,H,41,G,321,G,1331,4,N,N,N,N,,,N,N,N,N,N,N,N,73,131,2019,40131
40,137,451110,G,15,H,120,H,498,3,N,N,N,N,,,N,N,N,N,N,N,N,73,137,2019,40137
40,143,451110,G,801,G,3981,G,17717,55,27,15,3,6,3.0,,N,N,N,N,N,N,N,73,143,2019,40143
40,153,451110,G,15,J,63,H,323,5,3,N,N,N,,,N,N,N,N,N,N,N,73,153,2019,40153
41,003,451110,H,95,G,454,G,1898,13,8,N,N,N,,,N,N,N,N,N,N,N,92,003,2019,41003
41,005,451110,H,382,G,2229,G,9227,33,14,10,3,4,,,N,N,N,N,N,N,N,92,005,2019,41005
41,007,451110,J,34,J,210,J,921,7,5,N,N,N,,,N,N,N,N,N,N,N,92,007,2019,41007
41,009,451110,J,22,J,220,J,1183,5,3,N,N,N,,,N,N,N,N,N,N,N,92,009,2019,41009
41,011,451110,H,35,G,167,G,826,6,4,N,N,N,,,N,N,N,N,N,N,N,92,011,2019,41011
41,015,451110,J,12,J,45,J,109,4,4,N,N,N,,,N,N,N,N,N,N,N,92,015,2019,41015
41,017,451110,G,447,G,2436,G,11381,54,27,17,5,3,,,N,N,N,N,N,N,N,92,017,2019,41017
41,019,451110,J,63,H,238,H,1041,4,N,N,N,N,,,N,N,N,N,N,N,N,92,019,2019,41019
41,027,451110,J,59,H,394,H,2174,13,10,N,N,N,,,N,N,N,N,N,N,N,92,027,2019,41027
41,029,451110,G,321,G,1600,G,7496,34,21,8,N,N,,,N,N,N,N,N,N,N,92,029,2019,41029
41,033,451110,J,38,G,189,G,762,8,5,N,N,N,,,N,N,N,N,N,N,N,92,033,2019,41033
41,035,451110,H,82,G,332,G,1356,10,6,N,N,N,,,N,N,N,N,N,N,N,92,035,2019,41035
41,039,451110,G,510,G,2998,H,12666,35,17,8,4,4,,,N,N,N,N,N,N,N,92,039,2019,41039
41,041,451110,H,44,G,158,G,817,6,N,3,N,N,,,N,N,N,N,N,N,N,92,041,2019,41041
41,043,451110,J,81,J,322,J,1535,9,5,N,N,N,,,N,N,N,N,N,N,N,92,043,2019,41043
41,045,451110,H,30,G,138,G,615,4,N,N,N,N,,,N,N,N,N,N,N,N,92,045,2019,41045
41,047,451110,G,234,G,1164,G,4748,18,6,5,4,N,,,N,N,N,N,N,N,N,92,047,2019,41047
41,051,451110,G,1067,G,6896,G,31304,91,45,15,14,14,,,N,N,N,N,N,N,N,92,051,2019,41051
41,057,451110,J,31,G,176,H,618,5,3,N,N,N,,,N,N,N,N,N,N,N,92,057,2019,41057
41,059,451110,J,37,J,123,J,529,8,5,N,N,N,,,N,N,N,N,N,N,N,92,059,2019,41059
41,061,451110,H,27,H,100,H,438,5,3,N,N,N,,,N,N,N,N,N,N,N,92,061,2019,41061
41,067,451110,G,799,G,4708,G,20348,42,15,8,10,5,3.0,,N,N,N,N,N,N,N,92,067,2019,41067
41,071,451110,H,28,G,109,G,540,5,3,N,N,N,,,N,N,N,N,N,N,N,92,071,2019,41071
42,001,451110,H,21,G,113,G,436,3,N,N,N,N,,,N,N,N,N,N,N,N,23,001,2019,42001
42,003,451110,G,1165,G,5005,H,21443,81,33,16,19,8,4.0,,N,N,N,N,N,N,N,23,003,2019,42003
42,007,451110,H,77,J,352,H,1493,8,5,N,N,N,,,N,N,N,N,N,N,N,23,007,2019,42007
42,011,451110,H,505,H,2467,H,9799,19,9,4,3,N,,,N,N,N,N,N,N,N,23,011,2019,42011
42,013,451110,H,165,H,699,G,3202,15,8,3,N,N,,,N,N,N,N,N,N,N,23,013,2019,42013
42,015,451110,J,21,H,63,G,295,7,6,N,N,N,,,N,N,N,N,N,N,N,23,015,2019,42015
42,017,451110,G,351,G,1574,G,7033,38,18,7,7,5,,,N,N,N,N,N,N,N,23,017,2019,42017
42,019,451110,J,283,H,1348,H,6080,17,10,N,3,N,,,N,N,N,N,N,N,N,23,019,2019,42019
42,021,451110,G,83,G,372,G,1668,9,3,4,N,N,,,N,N,N,N,N,N,N,23,021,2019,42021
42,027,451110,H,192,G,855,G,3260,15,7,3,N,4,,,N,N,N,N,N,N,N,23,027,2019,42027
42,029,451110,G,339,G,1740,G,7600,33,12,13,4,N,,,N,N,N,N,N,N,N,23,029,2019,42029
42,031,451110,H,29,G,159,G,662,5,N,N,N,N,,,N,N,N,N,N,N,N,23,031,2019,42031
42,033,451110,H,99,H,551,H,2833,7,3,N,N,N,,,N,N,N,N,N,N,N,23,033,2019,42033
42,037,451110,J,36,G,163,G,644,6,5,N,N,N,,,N,N,N,N,N,N,N,23,037,2019,42037
42,039,451110,J,31,G,111,G,515,9,8,N,N,N,,,N,N,N,N,N,N,N,23,039,2019,42039
42,041,451110,G,207,H,1007,G,4387,14,5,N,5,N,,,N,N,N,N,N,N,N,23,041,2019,42041
42,043,451110,H,299,H,1311,H,5678,13,6,3,N,N,,,N,N,N,N,N,N,N,23,043,2019,42043
42,045,451110,H,198,H,968,H,4358,23,13,N,6,N,,,N,N,N,N,N,N,N,23,045,2019,42045
42,047,451110,J,40,J,189,J,796,3,N,N,N,N,,,N,N,N,N,N,N,N,23,047,2019,42047
42,049,451110,H,240,G,926,G,4237,27,18,4,N,N,,,N,N,N,N,N,N,N,23,049,2019,42049
42,051,451110,G,128,G,439,H,1769,9,5,N,N,3,,,N,N,N,N,N,N,N,23,051,2019,42051
42,055,451110,H,113,G,416,G,1806,10,4,N,N,N,,,N,N,N,N,N,N,N,23,055,2019,42055
42,061,451110,J,16,G,42,G,176,3,N,N,N,N,,,N,N,N,N,N,N,N,23,061,2019,42061
42,063,451110,H,26,J,60,H,226,4,N,N,N,N,,,N,N,N,N,N,N,N,23,063,2019,42063
42,065,451110,G,12,H,52,G,305,6,6,N,N,N,,,N,N,N,N,N,N,N,23,065,2019,42065
42,069,451110,G,163,G,1099,G,5127,15,7,N,5,N,,,N,N,N,N,N,N,N,23,069,2019,42069
42,071,451110,G,283,G,1537,G,6205,33,12,14,3,4,,,N,N,N,N,N,N,N,23,071,2019,42071
42,073,451110,J,55,J,223,H,887,7,4,N,N,N,,,N,N,N,N,N,N,N,23,073,2019,42073
42,075,451110,G,57,G,266,G,1065,10,7,N,3,N,,,N,N,N,N,N,N,N,23,075,2019,42075
42,077,451110,G,312,G,1506,H,6208,25,10,6,4,4,,,N,N,N,N,N,N,N,23,077,2019,42077
42,079,451110,G,135,G,633,G,2571,24,17,4,N,N,,,N,N,N,N,N,N,N,23,079,2019,42079
42,081,451110,H,136,G,527,G,2316,11,5,N,N,N,,,N,N,N,N,N,N,N,23,081,2019,42081
42,085,451110,G,44,G,172,G,762,10,7,N,N,N,,,N,N,N,N,N,N,N,23,085,2019,42085
42,087,451110,H,25,H,88,H,351,4,3,N,N,N,,,N,N,N,N,N,N,N,23,087,2019,42087
42,089,451110,H,105,H,500,H,2016,13,8,N,N,N,,,N,N,N,N,N,N,N,23,089,2019,42089
42,091,451110,H,999,H,4885,H,20064,66,27,13,13,6,7.0,,N,N,N,N,N,N,N,23,091,2019,42091
42,095,451110,H,118,G,576,G,2606,23,17,3,N,N,,,N,N,N,N,N,N,N,23,095,2019,42095
42,097,451110,G,28,G,142,G,682,7,3,4,N,N,,,N,N,N,N,N,N,N,23,097,2019,42097
42,099,451110,G,19,H,32,H,138,4,N,N,N,N,,,N,N,N,N,N,N,N,23,099,2019,42099
42,101,451110,G,501,G,2242,G,9499,49,19,15,6,7,,,N,N,N,N,N,N,N,23,101,2019,42101
42,103,451110,H,25,H,71,G,351,6,4,N,N,N,,,N,N,N,N,N,N,N,23,103,2019,42103
42,107,451110,G,39,H,183,H,715,10,9,N,N,N,,,N,N,N,N,N,N,N,23,107,2019,42107
42,109,451110,J,49,H,176,H,847,3,N,N,N,N,,,N,N,N,N,N,N,N,23,109,2019,42109
42,111,451110,G,10,G,20,J,98,3,N,N,N,N,,,N,N,N,N,N,N,N,23,111,2019,42111
42,115,451110,G,18,G,112,H,326,4,N,N,N,N,,,N,N,N,N,N,N,N,23,115,2019,42115
42,117,451110,G,9,J,41,G,176,6,6,N,N,N,,,N,N,N,N,N,N,N,23,117,2019,42117
42,119,451110,J,12,J,44,H,218,4,4,N,N,N,,,N,N,N,N,N,N,N,23,119,2019,42119
42,125,451110,H,134,H,706,H,3094,10,5,N,N,3,,,N,N,N,N,N,N,N,23,125,2019,42125
42,127,451110,H,28,H,163,H,622,6,4,N,N,N,,,N,N,N,N,N,N,N,23,127,2019,42127
42,129,451110,H,184,G,862,G,4016,22,16,N,N,3,,,N,N,N,N,N,N,N,23,129,2019,42129
42,133,451110,H,267,H,1218,H,5154,28,15,5,4,3,,,N,N,N,N,N,N,N,23,133,2019,42133
44,003,451110,H,84,H,565,H,2154,16,9,N,5,N,,,N,N,N,N,N,N,N,15,003,2019,44003
44,005,451110,H,31,G,88,G,450,8,6,N,N,N,,,N,N,N,N,N,N,N,15,005,2019,44005
44,007,451110,H,303,H,2475,H,10296,30,17,4,4,4,,,N,N,N,N,N,N,N,15,007,2019,44007
44,009,451110,G,91,G,308,G,1727,19,13,N,5,N,,,N,N,N,N,N,N,N,15,009,2019,44009
45,003,451110,J,91,H,444,J,1887,10,7,N,N,N,,,N,N,N,N,N,N,N,57,003,2019,45003
45,007,451110,H,179,H,825,H,3476,10,5,N,N,3,,,N,N,N,N,N,N,N,57,007,2019,45007
45,013,451110,G,140,H,733,H,3472,22,12,8,N,N,,,N,N,N,N,N,N,N,57,013,2019,45013
45,015,451110,H,91,H,390,H,1724,8,3,3,N,N,,,N,N,N,N,N,N,N,57,015,2019,45015
45,019,451110,G,436,G,2408,G,10725,38,16,11,4,7,,,N,N,N,N,N,N,N,57,019,2019,45019
45,041,451110,H,165,H,735,H,3167,9,N,3,N,N,,,N,N,N,N,N,N,N,57,041,2019,45041
45,043,451110,H,71,H,250,H,1297,9,5,N,N,N,,,N,N,N,N,N,N,N,57,043,2019,45043
45,045,451110,G,601,G,2996,G,12322,39,16,9,5,7,,,N,N,N,N,N,N,N,57,045,2019,45045
45,047,451110,J,29,J,111,J,439,8,6,N,N,N,,,N,N,N,N,N,N,N,57,047,2019,45047
45,051,451110,G,493,G,2171,G,9946,35,20,6,3,3,,,N,N,N,N,N,N,N,57,051,2019,45051
45,055,451110,J,19,G,125,G,666,3,N,N,N,N,,,N,N,N,N,N,N,N,57,055,2019,45055
45,063,451110,G,294,G,1470,G,6349,14,7,N,N,N,3.0,,N,N,N,N,N,N,N,57,063,2019,45063
45,073,451110,G,17,H,100,H,545,7,6,N,N,N,,,N,N,N,N,N,N,N,57,073,2019,45073
45,077,451110,H,86,H,319,H,1347,4,N,N,N,N,,,N,N,N,N,N,N,N,57,077,2019,45077
45,079,451110,G,219,G,1013,G,4499,19,9,4,3,N,,,N,N,N,N,N,N,N,57,079,2019,45079
45,083,451110,J,168,H,667,H,3087,11,5,3,N,N,,,N,N,N,N,N,N,N,57,083,2019,45083
45,091,451110,H,383,H,1466,H,6427,14,6,3,N,N,,,N,N,N,N,N,N,N,57,091,2019,45091
46,011,451110,G,24,G,112,G,449,3,N,N,N,N,,,N,N,N,N,N,N,N,45,011,2019,46011
46,013,451110,J,40,G,194,G,812,5,N,N,N,N,,,N,N,N,N,N,N,N,45,013,2019,46013
46,029,451110,G,41,H,143,G,531,4,N,N,N,N,,,N,N,N,N,N,N,N,45,029,2019,46029
46,035,451110,J,133,J,832,J,3024,5,N,N,N,N,,,N,N,N,N,N,N,N,45,035,2019,46035
46,065,451110,J,12,H,80,H,178,4,3,N,N,N,,,N,N,N,N,N,N,N,45,065,2019,46065
46,081,451110,G,23,G,115,G,525,5,3,N,N,N,,,N,N,N,N,N,N,N,45,081,2019,46081
46,099,451110,H,749,J,4565,H,15890,24,7,11,3,N,,,N,N,N,N,N,N,N,45,099,2019,46099
46,103,451110,G,434,G,2917,G,10547,18,6,8,N,N,,,N,N,N,N,N,N,N,45,103,2019,46103
46,123,451110,J,10,G,57,G,235,3,N,N,N,N,,,N,N,N,N,N,N,N,45,123,2019,46123
46,135,451110,J,20,J,85,J,304,3,N,N,N,N,,,N,N,N,N,N,N,N,45,135,2019,46135
47,001,451110,J,41,J,173,J,770,3,N,N,N,N,,,N,N,N,N,N,N,N,62,001,2019,47001
47,009,451110,H,72,H,351,H,1614,11,7,3,N,N,,,N,N,N,N,N,N,N,62,009,2019,47009
47,011,451110,G,34,G,153,G,654,5,N,N,N,N,,,N,N,N,N,N,N,N,62,011,2019,47011
47,019,451110,J,9,H,33,H,152,5,5,N,N,N,,,N,N,N,N,N,N,N,62,019,2019,47019
47,031,451110,G,39,G,148,G,599,5,N,3,N,N,,,N,N,N,N,N,N,N,62,031,2019,47031
47,037,451110,G,555,G,2948,G,13397,36,17,10,N,5,,,N,N,N,N,N,N,N,62,037,2019,47037
47,043,451110,J,22,J,135,J,549,3,N,N,N,N,,,N,N,N,N,N,N,N,62,043,2019,47043
47,053,451110,J,11,H,70,H,304,5,4,N,N,N,,,N,N,N,N,N,N,N,62,053,2019,47053
47,063,451110,J,52,J,197,J,811,4,N,N,N,N,,,N,N,N,N,N,N,N,62,063,2019,47063
47,065,451110,H,526,H,2477,H,10459,28,12,3,N,8,3.0,,N,N,N,N,N,N,N,62,065,2019,47065
47,093,451110,H,458,G,2178,G,9040,40,21,8,6,N,3.0,,N,N,N,N,N,N,N,62,093,2019,47093
47,107,451110,G,21,G,69,H,276,5,4,N,N,N,,,N,N,N,N,N,N,N,62,107,2019,47107
47,113,451110,H,179,H,744,H,3151,7,N,4,N,N,,,N,N,N,N,N,N,N,62,113,2019,47113
47,117,451110,J,4,H,30,G,101,3,3,N,N,N,,,N,N,N,N,N,N,N,62,117,2019,47117
47,119,451110,J,43,H,312,H,1301,4,N,N,N,N,,,N,N,N,N,N,N,N,62,119,2019,47119
47,125,451110,H,158,H,651,H,2880,11,5,4,N,N,,,N,N,N,N,N,N,N,62,125,2019,47125
47,141,451110,J,50,J,213,H,877,5,N,N,N,N,,,N,N,N,N,N,N,N,62,141,2019,47141
47,145,451110,J,11,G,61,G,246,4,3,N,N,N,,,N,N,N,N,N,N,N,62,145,2019,47145
47,147,451110,H,32,G,190,G,673,3,N,N,N,N,,,N,N,N,N,N,N,N,62,147,2019,47147
47,149,451110,H,214,G,1097,G,5690,15,5,5,N,N,,,N,N,N,N,N,N,N,62,149,2019,47149
47,155,451110,H,558,H,2849,H,12197,14,7,3,N,N,,,N,N,N,N,N,N,N,62,155,2019,47155
47,157,451110,G,703,G,3032,G,12843,43,17,11,6,6,,,N,N,N,N,N,N,N,62,157,2019,47157
47,163,451110,H,97,G,432,G,1861,17,12,N,3,N,,,N,N,N,N,N,N,N,62,163,2019,47163
47,165,451110,H,36,H,200,G,920,7,3,4,N,N,,,N,N,N,N,N,N,N,62,165,2019,47165
47,179,451110,H,166,G,943,G,4174,7,N,N,N,N,,,N,N,N,N,N,N,N,62,179,2019,47179
47,187,451110,H,343,G,1897,G,7708,23,7,6,7,N,,,N,N,N,N,N,N,N,62,187,2019,47187
47,189,451110,H,124,H,516,H,2180,10,7,N,N,N,,,N,N,N,N,N,N,N,62,189,2019,47189
48,005,451110,H,105,H,425,H,1769,4,N,N,N,N,,,N,N,N,N,N,N,N,74,005,2019,48005
48,021,451110,J,113,J,474,J,2244,3,N,N,N,N,,,N,N,N,N,N,N,N,74,021,2019,48021
48,027,451110,J,207,H,912,J,4039,15,8,4,N,N,,,N,N,N,N,N,N,N,74,027,2019,48027
48,029,451110,G,1625,G,7833,G,34625,69,26,15,8,9,10.0,,N,N,N,N,N,N,N,74,029,2019,48029
48,037,451110,J,130,H,539,H,2428,6,N,N,N,N,,,N,N,N,N,N,N,N,74,037,2019,48037
48,039,451110,J,337,J,1437,J,6576,10,5,N,N,N,4.0,,N,N,N,N,N,N,N,74,039,2019,48039
48,041,451110,G,195,H,1191,G,4919,12,4,4,N,N,,,N,N,N,N,N,N,N,74,041,2019,48041
48,053,451110,J,5,G,20,H,71,3,3,N,N,N,,,N,N,N,N,N,N,N,74,053,2019,48053
48,061,451110,G,345,G,1397,G,6361,11,5,N,3,N,,,N,N,N,N,N,N,N,74,061,2019,48061
48,085,451110,G,1201,G,7117,G,30719,53,18,11,7,8,8.0,,N,N,N,N,N,N,N,74,085,2019,48085
48,089,451110,J,4,J,18,H,100,3,3,N,N,N,,,N,N,N,N,N,N,N,74,089,2019,48089
48,091,451110,G,76,G,538,G,2388,8,3,3,N,N,,,N,N,N,N,N,N,N,74,091,2019,48091
48,113,451110,G,1305,G,7959,G,34524,88,40,18,15,8,5.0,,N,N,N,N,N,N,N,74,113,2019,48113
48,121,451110,G,562,G,3726,G,14045,37,19,6,5,N,5.0,,N,N,N,N,N,N,N,74,121,2019,48121
48,135,451110,H,135,G,1547,G,6240,6,N,N,N,N,,,N,N,N,N,N,N,N,74,135,2019,48135
48,139,451110,H,87,J,353,J,1588,4,3,N,N,N,,,N,N,N,N,N,N,N,74,139,2019,48139
48,141,451110,H,437,H,1763,H,7804,26,7,5,10,N,,,N,N,N,N,N,N,N,74,141,2019,48141
48,143,451110,G,11,G,71,G,308,3,N,N,N,N,,,N,N,N,N,N,N,N,74,143,2019,48143
48,157,451110,J,505,J,2195,J,9789,19,8,N,3,N,5.0,,N,N,N,N,N,N,N,74,157,2019,48157
48,161,451110,G,6,J,20,J,75,3,3,N,N,N,,,N,N,N,N,N,N,N,74,161,2019,48161
48,167,451110,H,300,H,1302,H,6039,16,7,6,N,N,,,N,N,N,N,N,N,N,74,167,2019,48167
48,181,451110,H,127,H,597,H,2660,6,3,N,N,N,,,N,N,N,N,N,N,N,74,181,2019,48181
48,183,451110,J,144,J,617,J,2919,9,6,N,N,N,,,N,N,N,N,N,N,N,74,183,2019,48183
48,201,451110,H,3956,H,20782,H,94668,167,72,30,16,19,21.0,9.0,N,N,N,N,N,N,N,74,201,2019,48201
48,209,451110,H,348,H,1782,H,7023,6,N,3,N,N,,,N,N,N,N,N,N,N,74,209,2019,48209
48,213,451110,J,12,J,34,G,172,3,N,N,N,N,,,N,N,N,N,N,N,N,74,213,2019,48213
48,215,451110,H,516,H,2243,H,9639,29,14,7,4,N,3.0,,N,N,N,N,N,N,N,74,215,2019,48215
48,221,451110,G,14,J,71,J,345,5,5,N,N,N,,,N,N,N,N,N,N,N,74,221,2019,48221
48,231,451110,J,84,H,434,H,1958,3,N,N,N,N,,,N,N,N,N,N,N,N,74,231,2019,48231
48,245,451110,H,263,H,1206,H,5826,11,5,N,N,N,,,N,N,N,N,N,N,N,74,245,2019,48245
48,251,451110,H,22,G,123,G,584,9,7,N,N,N,,,N,N,N,N,N,N,N,74,251,2019,48251
48,259,451110,J,16,G,108,G,525,4,N,N,N,N,,,N,N,N,N,N,N,N,74,259,2019,48259
48,265,451110,H,26,G,130,G,592,3,N,N,N,N,,,N,N,N,N,N,N,N,74,265,2019,48265
48,303,451110,G,503,G,2158,G,9294,24,6,9,4,N,3.0,,N,N,N,N,N,N,N,74,303,2019,48303
48,309,451110,G,260,G,1420,G,6030,13,8,N,N,N,3.0,,N,N,N,N,N,N,N,74,309,2019,48309
48,321,451110,G,10,G,47,G,212,3,N,N,N,N,,,N,N,N,N,N,N,N,74,321,2019,48321
48,329,451110,G,131,G,837,G,3938,11,7,N,N,N,,,N,N,N,N,N,N,N,74,329,2019,48329
48,339,451110,J,531,J,2978,J,13920,25,10,4,4,3,4.0,,N,N,N,N,N,N,N,74,339,2019,48339
48,349,451110,J,33,J,160,J,604,3,N,N,N,N,,,N,N,N,N,N,N,N,74,349,2019,48349
48,355,451110,G,398,G,2273,G,10604,30,12,8,7,N,,,N,N,N,N,N,N,N,74,355,2019,48355
48,361,451110,G,12,G,43,G,375,3,N,N,N,N,,,N,N,N,N,N,N,N,74,361,2019,48361
48,367,451110,H,194,J,962,H,4712,9,4,N,N,N,,,N,N,N,N,N,N,N,74,367,2019,48367
48,373,451110,G,13,H,66,H,239,3,N,N,N,N,,,N,N,N,N,N,N,N,74,373,2019,48373
48,375,451110,G,61,G,283,G,1233,8,4,3,N,N,,,N,N,N,N,N,N,N,74,375,2019,48375
48,381,451110,H,123,G,649,G,2986,5,N,N,N,N,,,N,N,N,N,N,N,N,74,381,2019,48381
48,397,451110,J,49,J,280,J,1998,4,N,N,N,N,,,N,N,N,N,N,N,N,74,397,2019,48397
48,409,451110,J,90,H,372,J,1723,5,3,N,N,N,,,N,N,N,N,N,N,N,74,409,2019,48409
48,423,451110,J,185,H,893,H,3952,14,8,3,N,N,,,N,N,N,N,N,N,N,74,423,2019,48423
48,439,451110,G,1989,G,11022,G,47073,102,46,20,12,12,9.0,3.0,N,N,N,N,N,N,N,74,439,2019,48439
48,441,451110,H,129,G,514,G,2529,9,7,N,N,N,,,N,N,N,N,N,N,N,74,441,2019,48441
48,451,451110,H,116,G,798,G,3535,9,4,4,N,N,,,N,N,N,N,N,N,N,74,451,2019,48451
48,453,451110,H,1430,H,8771,H,38637,72,27,16,8,9,12.0,,N,N,N,N,N,N,N,74,453,2019,48453
48,469,451110,H,111,H,504,H,2343,7,4,N,N,N,,,N,N,N,N,N,N,N,74,469,2019,48469
48,471,451110,J,112,J,610,J,2747,4,N,N,N,N,,,N,N,N,N,N,N,N,74,471,2019,48471
48,473,451110,J,5,G,42,G,183,3,3,N,N,N,,,N,N,N,N,N,N,N,74,473,2019,48473
48,479,451110,J,238,H,947,H,4192,9,N,4,N,N,,,N,N,N,N,N,N,N,74,479,2019,48479
48,481,451110,G,12,G,117,G,502,3,N,N,N,N,,,N,N,N,N,N,N,N,74,481,2019,48481
48,485,451110,H,100,H,426,H,1845,7,5,N,N,N,,,N,N,N,N,N,N,N,74,485,2019,48485
48,491,451110,H,406,H,2102,H,9729,26,15,6,N,N,3.0,,N,N,N,N,N,N,N,74,491,2019,48491
49,003,451110,G,5,J,24,H,165,3,3,N,N,N,,,N,N,N,N,N,N,N,87,003,2019,49003
49,005,451110,J,282,J,1064,J,5028,7,3,N,N,N,,,N,N,N,N,N,N,N,87,005,2019,49005
49,011,451110,H,417,H,1349,H,7670,29,12,6,7,3,,,N,N,N,N,N,N,N,87,011,2019,49011
49,017,451110,J,34,H,48,H,489,4,3,N,N,N,,,N,N,N,N,N,N,N,87,017,2019,49017
49,019,451110,H,83,G,350,G,2163,10,4,3,N,N,,,N,N,N,N,N,N,N,87,019,2019,49019
49,021,451110,G,67,H,299,G,1136,9,4,N,N,N,,,N,N,N,N,N,N,N,87,021,2019,49021
49,035,451110,G,1890,G,10770,G,40343,116,34,25,34,17,4.0,,N,N,N,N,N,N,N,87,035,2019,49035
49,043,451110,H,528,G,4085,H,12524,51,15,16,11,9,,,N,N,N,N,N,N,N,87,043,2019,49043
49,047,451110,G,55,G,285,G,1260,4,N,N,N,N,,,N,N,N,N,N,N,N,87,047,2019,49047
49,049,451110,G,680,G,2967,G,12353,39,14,8,10,4,,,N,N,N,N,N,N,N,87,049,2019,49049
49,051,451110,J,45,J,160,J,607,4,N,N,N,N,,,N,N,N,N,N,N,N,87,051,2019,49051
49,053,451110,H,239,G,1069,G,4962,28,14,7,4,N,,,N,N,N,N,N,N,N,87,053,2019,49053
49,057,451110,G,272,G,1080,G,4458,18,4,5,4,4,,,N,N,N,N,N,N,N,87,057,2019,49057
50,001,451110,H,30,H,123,G,546,6,4,N,N,N,,,N,N,N,N,N,N,N,13,001,2019,50001
50,003,451110,J,42,G,259,G,883,6,N,N,N,N,,,N,N,N,N,N,N,N,13,003,2019,50003
50,005,451110,J,53,H,352,H,1473,7,3,N,3,N,,,N,N,N,N,N,N,N,13,005,2019,50005
50,007,451110,H,456,H,3206,H,12997,22,8,3,6,N,,,N,N,N,N,N,N,N,13,007,2019,50007
50,011,451110,G,20,H,68,H,273,4,N,N,N,N,,,N,N,N,N,N,N,N,13,011,2019,50011
50,015,451110,H,92,H,803,H,2806,9,4,N,N,N,,,N,N,N,N,N,N,N,13,015,2019,50015
50,019,451110,H,26,H,76,G,310,3,N,N,N,N,,,N,N,N,N,N,N,N,13,019,2019,50019
50,021,451110,G,150,G,967,G,2942,16,5,5,4,N,,,N,N,N,N,N,N,N,13,021,2019,50021
50,023,451110,H,96,G,610,G,2335,18,11,4,3,N,,,N,N,N,N,N,N,N,13,023,2019,50023
50,025,451110,H,62,G,426,G,1389,12,5,6,N,N,,,N,N,N,N,N,N,N,13,025,2019,50025
50,027,451110,J,100,H,673,H,2000,10,5,N,N,3,,,N,N,N,N,N,N,N,13,027,2019,50027
51,003,451110,J,156,H,926,H,4433,10,5,N,N,N,,,N,N,N,N,N,N,N,54,003,2019,51003
51,013,451110,H,88,G,433,G,1782,9,N,4,N,N,,,N,N,N,N,N,N,N,54,013,2019,51013
51,019,451110,H,64,G,293,G,1402,10,5,3,N,N,,,N,N,N,N,N,N,N,54,019,2019,51019
51,023,451110,J,5,H,32,H,149,3,3,N,N,N,,,N,N,N,N,N,N,N,54,023,2019,51023
51,041,451110,G,141,H,658,H,2931,13,5,5,N,N,,,N,N,N,N,N,N,N,54,041,2019,51041
51,059,451110,G,873,G,5044,G,21166,49,18,8,9,6,8.0,,N,N,N,N,N,N,N,54,059,2019,51059
51,061,451110,J,41,H,235,H,926,6,3,N,N,N,,,N,N,N,N,N,N,N,54,061,2019,51061
51,067,451110,J,6,J,32,G,195,4,4,N,N,N,,,N,N,N,N,N,N,N,54,067,2019,51067
51,069,451110,J,36,H,150,H,758,5,4,N,N,N,,,N,N,N,N,N,N,N,54,069,2019,51069
51,085,451110,J,375,J,2408,J,9376,8,3,3,N,N,,,N,N,N,N,N,N,N,54,085,2019,51085
51,087,451110,G,429,G,1797,G,8820,20,7,3,4,4,,,N,N,N,N,N,N,N,54,087,2019,51087
51,095,451110,J,17,H,161,J,505,8,7,N,N,N,,,N,N,N,N,N,N,N,54,095,2019,51095
51,107,451110,H,333,H,1610,H,7625,22,8,4,5,4,,,N,N,N,N,N,N,N,54,107,2019,51107
51,109,451110,J,2,G,1,G,14,3,3,N,N,N,,,N,N,N,N,N,N,N,54,109,2019,51109
51,121,451110,J,94,H,528,H,2292,7,N,4,N,N,,,N,N,N,N,N,N,N,54,121,2019,51121
51,125,451110,J,13,J,69,J,200,3,N,N,N,N,,,N,N,N,N,N,N,N,54,125,2019,51125
51,131,451110,G,4,G,10,H,70,3,3,N,N,N,,,N,N,N,N,N,N,N,54,131,2019,51131
51,139,451110,J,6,J,13,G,66,3,3,N,N,N,,,N,N,N,N,N,N,N,54,139,2019,51139
51,143,451110,J,16,J,140,J,655,4,3,N,N,N,,,N,N,N,N,N,N,N,54,143,2019,51143
51,153,451110,G,308,H,1438,H,6056,25,13,4,N,5,,,N,N,N,N,N,N,N,54,153,2019,51153
51,161,451110,J,81,J,345,H,1371,6,N,3,N,N,,,N,N,N,N,N,N,N,54,161,2019,51161
51,165,451110,J,9,H,27,H,129,4,4,N,N,N,,,N,N,N,N,N,N,N,54,165,2019,51165
51,177,451110,H,93,H,393,H,1664,5,3,N,N,N,,,N,N,N,N,N,N,N,54,177,2019,51177
51,179,451110,G,23,H,77,H,313,5,3,N,N,N,,,N,N,N,N,N,N,N,54,179,2019,51179
51,191,451110,J,37,H,127,H,878,7,3,4,N,N,,,N,N,N,N,N,N,N,54,191,2019,51191
51,199,451110,G,42,G,214,G,973,7,6,N,N,N,,,N,N,N,N,N,N,N,54,199,2019,51199
51,510,451110,J,35,J,136,J,760,6,3,N,N,N,,,N,N,N,N,N,N,N,54,510,2019,51510
51,540,451110,H,70,G,302,G,1230,10,4,N,4,N,,,N,N,N,N,N,N,N,54,540,2019,51540
51,550,451110,H,154,H,624,H,3369,11,7,N,N,N,,,N,N,N,N,N,N,N,54,550,2019,51550
51,570,451110,G,73,H,474,G,1922,3,N,N,N,N,,,N,N,N,N,N,N,N,54,570,2019,51570
51,590,451110,H,40,H,150,H,632,6,4,N,N,N,,,N,N,N,N,N,N,N,54,590,2019,51590
51,600,451110,G,116,H,514,H,2446,5,N,N,N,N,,,N,N,N,N,N,N,N,54,600,2019,51600
51,630,451110,H,39,G,229,G,1322,9,5,3,N,N,,,N,N,N,N,N,N,N,54,630,2019,51630
51,650,451110,J,163,J,668,J,3087,4,N,N,N,N,,,N,N,N,N,N,N,N,54,650,2019,51650
51,660,451110,G,83,J,333,H,1604,8,4,N,N,N,,,N,N,N,N,N,N,N,54,660,2019,51660
51,670,451110,G,12,J,53,J,278,5,4,N,N,N,,,N,N,N,N,N,N,N,54,670,2019,51670
51,680,451110,G,105,G,386,G,1703,7,N,4,N,N,,,N,N,N,N,N,N,N,54,680,2019,51680
51,700,451110,G,117,G,590,G,2781,9,N,4,N,N,,,N,N,N,N,N,N,N,54,700,2019,51700
51,710,451110,G,54,G,396,G,1691,9,5,N,N,N,,,N,N,N,N,N,N,N,54,710,2019,51710
51,740,451110,G,14,J,118,J,493,4,3,N,N,N,,,N,N,N,N,N,N,N,54,740,2019,51740
51,760,451110,J,63,J,306,J,1630,9,5,N,N,N,,,N,N,N,N,N,N,N,54,760,2019,51760
51,770,451110,H,151,G,716,G,3355,14,6,5,N,N,,,N,N,N,N,N,N,N,54,770,2019,51770
51,775,451110,G,18,J,34,J,112,4,N,N,N,N,,,N,N,N,N,N,N,N,54,775,2019,51775
51,790,451110,J,14,G,79,G,355,3,N,N,N,N,,,N,N,N,N,N,N,N,54,790,2019,51790
51,810,451110,G,451,G,2553,H,10405,39,19,5,9,5,,,N,N,N,N,N,N,N,54,810,2019,51810
51,840,451110,J,80,H,326,H,1469,8,5,N,N,N,,,N,N,N,N,N,N,N,54,840,2019,51840
53,005,451110,H,192,G,1033,G,4310,20,11,N,5,N,,,N,N,N,N,N,N,N,91,005,2019,53005
53,007,451110,H,122,G,660,G,2574,13,6,N,5,N,,,N,N,N,N,N,N,N,91,007,2019,53007
53,009,451110,H,52,G,288,G,1365,11,8,N,N,N,,,N,N,N,N,N,N,N,91,009,2019,53009
53,011,451110,J,179,G,861,G,3901,23,11,7,4,N,,,N,N,N,N,N,N,N,91,011,2019,53011
53,015,451110,H,141,J,821,J,3466,11,5,3,N,N,,,N,N,N,N,N,N,N,91,015,2019,53015
53,025,451110,J,55,J,253,J,1046,3,N,N,N,N,,,N,N,N,N,N,N,N,91,025,2019,53025
53,027,451110,H,30,G,147,G,588,9,8,N,N,N,,,N,N,N,N,N,N,N,91,027,2019,53027
53,029,451110,G,32,G,117,G,514,5,3,N,N,N,,,N,N,N,N,N,N,N,91,029,2019,53029
53,031,451110,J,16,G,94,G,459,3,N,N,N,N,,,N,N,N,N,N,N,N,91,031,2019,53031
53,033,451110,G,2517,G,17268,G,66234,178,69,44,40,14,9.0,,N,N,N,N,N,N,N,91,033,2019,53033
53,035,451110,G,255,G,1446,G,6320,19,6,4,5,4,,,N,N,N,N,N,N,N,91,035,2019,53035
53,037,451110,G,56,G,212,G,1122,8,4,3,N,N,,,N,N,N,N,N,N,N,91,037,2019,53037
53,041,451110,H,38,H,193,G,1116,8,4,3,N,N,,,N,N,N,N,N,N,N,91,041,2019,53041
53,045,451110,J,12,H,44,H,200,3,N,N,N,N,,,N,N,N,N,N,N,N,91,045,2019,53045
53,047,451110,H,45,G,245,G,1065,9,5,3,N,N,,,N,N,N,N,N,N,N,91,047,2019,53047
53,053,451110,G,624,G,4024,G,17192,50,20,14,11,N,,,N,N,N,N,N,N,N,91,053,2019,53053
53,055,451110,G,4,J,14,J,152,3,3,N,N,N,,,N,N,N,N,N,N,N,91,055,2019,53055
53,057,451110,G,122,G,684,G,3091,15,9,N,3,N,,,N,N,N,N,N,N,N,91,057,2019,53057
53,061,451110,G,687,G,3766,G,14921,49,19,14,10,4,,,N,N,N,N,N,N,N,91,061,2019,53061
53,063,451110,G,612,G,3380,G,14846,50,17,15,10,6,,,N,N,N,N,N,N,N,91,063,2019,53063
53,067,451110,H,396,H,2310,H,8783,16,4,5,4,N,,,N,N,N,N,N,N,N,91,067,2019,53067
53,071,451110,J,49,J,209,J,951,5,3,N,N,N,,,N,N,N,N,N,N,N,91,071,2019,53071
53,073,451110,H,315,G,1771,G,7057,26,11,7,3,4,,,N,N,N,N,N,N,N,91,073,2019,53073
53,077,451110,H,179,H,912,H,3657,13,8,N,N,N,,,N,N,N,N,N,N,N,91,077,2019,53077
54,003,451110,H,43,H,278,H,1114,4,N,N,N,N,,,N,N,N,N,N,N,N,55,003,2019,54003
54,011,451110,G,95,G,846,H,4549,4,N,N,N,N,,,N,N,N,N,N,N,N,55,011,2019,54011
54,025,451110,J,44,J,212,J,1069,3,N,N,N,N,,,N,N,N,N,N,N,N,55,025,2019,54025
54,033,451110,H,47,H,193,J,851,3,N,N,N,N,,,N,N,N,N,N,N,N,55,033,2019,54033
54,037,451110,J,13,H,33,J,163,4,3,N,N,N,,,N,N,N,N,N,N,N,55,037,2019,54037
54,039,451110,H,224,H,1016,H,4233,9,3,3,N,N,,,N,N,N,N,N,N,N,55,039,2019,54039
54,055,451110,G,15,G,68,G,297,6,5,N,N,N,,,N,N,N,N,N,N,N,55,055,2019,54055
54,061,451110,G,131,G,636,G,2811,9,3,N,N,3,,,N,N,N,N,N,N,N,55,061,2019,54061
54,069,451110,J,238,H,1124,H,4569,6,N,N,N,N,,,N,N,N,N,N,N,N,55,069,2019,54069
54,075,451110,H,48,G,224,G,629,4,N,N,N,N,,,N,N,N,N,N,N,N,55,075,2019,54075
54,081,451110,H,113,H,552,H,2015,9,N,N,4,N,,,N,N,N,N,N,N,N,55,081,2019,54081
54,083,451110,J,29,H,101,H,409,4,N,N,N,N,,,N,N,N,N,N,N,N,55,083,2019,54083
54,093,451110,J,16,H,60,H,194,4,3,N,N,N,,,N,N,N,N,N,N,N,55,093,2019,54093
54,107,451110,H,59,G,256,G,981,8,5,N,N,N,,,N,N,N,N,N,N,N,55,107,2019,54107
55,003,451110,H,38,J,139,H,553,4,N,N,N,N,,,N,N,N,N,N,N,N,35,003,2019,55003
55,005,451110,G,31,G,116,G,475,6,3,N,N,N,,,N,N,N,N,N,N,N,35,005,2019,55005
55,009,451110,G,354,G,1678,G,7140,22,11,7,N,N,,,N,N,N,N,N,N,N,35,009,2019,55009
55,013,451110,J,3,G,2,H,30,3,3,N,N,N,,,N,N,N,N,N,N,N,35,013,2019,55013
55,015,451110,J,47,J,243,J,1093,4,N,N,N,N,,,N,N,N,N,N,N,N,35,015,2019,55015
55,017,451110,H,30,G,115,G,489,5,N,N,N,N,,,N,N,N,N,N,N,N,35,017,2019,55017
55,025,451110,G,703,G,3680,G,16642,50,24,7,12,N,4.0,,N,N,N,N,N,N,N,35,025,2019,55025
55,027,451110,J,43,J,162,J,691,7,4,N,N,N,,,N,N,N,N,N,N,N,35,027,2019,55027
55,029,451110,G,26,G,138,G,751,7,4,3,N,N,,,N,N,N,N,N,N,N,35,029,2019,55029
55,031,451110,J,31,H,204,H,960,5,3,N,N,N,,,N,N,N,N,N,N,N,35,031,2019,55031
55,035,451110,J,318,J,2168,J,7230,6,N,3,N,N,,,N,N,N,N,N,N,N,35,035,2019,55035
55,039,451110,H,25,H,64,G,336,6,4,N,N,N,,,N,N,N,N,N,N,N,35,039,2019,55039
55,043,451110,J,6,J,19,H,156,4,4,N,N,N,,,N,N,N,N,N,N,N,35,043,2019,55043
55,059,451110,H,131,G,522,H,2220,11,5,N,N,N,,,N,N,N,N,N,N,N,35,059,2019,55059
55,063,451110,G,167,G,583,G,2834,18,11,N,3,N,,,N,N,N,N,N,N,N,35,063,2019,55063
55,069,451110,G,10,J,32,H,148,4,3,N,N,N,,,N,N,N,N,N,N,N,35,069,2019,55069
55,071,451110,J,18,G,115,G,477,8,6,N,N,N,,,N,N,N,N,N,N,N,35,071,2019,55071
55,073,451110,G,155,G,763,G,3207,15,6,3,4,N,,,N,N,N,N,N,N,N,35,073,2019,55073
55,075,451110,J,17,H,99,H,409,3,N,N,N,N,,,N,N,N,N,N,N,N,35,075,2019,55075
55,079,451110,G,381,G,2176,G,10117,46,22,10,9,4,,,N,N,N,N,N,N,N,35,079,2019,55079
55,081,451110,J,8,H,37,G,121,4,4,N,N,N,,,N,N,N,N,N,N,N,35,081,2019,55081
55,083,451110,J,9,H,45,G,200,4,4,N,N,N,,,N,N,N,N,N,N,N,35,083,2019,55083
55,085,451110,G,66,G,335,G,1397,13,7,3,3,N,,,N,N,N,N,N,N,N,35,085,2019,55085
55,087,451110,H,417,J,2954,H,9273,21,8,5,4,3,,,N,N,N,N,N,N,N,35,087,2019,55087
55,089,451110,H,78,G,306,G,1502,11,8,N,N,N,,,N,N,N,N,N,N,N,35,089,2019,55089
55,093,451110,J,6,G,14,G,86,3,3,N,N,N,,,N,N,N,N,N,N,N,35,093,2019,55093
55,095,451110,G,19,H,101,H,431,6,5,N,N,N,,,N,N,N,N,N,N,N,35,095,2019,55095
55,097,451110,H,47,G,198,G,891,9,5,N,N,N,,,N,N,N,N,N,N,N,35,097,2019,55097
55,099,451110,J,6,J,27,J,126,3,3,N,N,N,,,N,N,N,N,N,N,N,35,099,2019,55099
55,101,451110,H,124,G,591,G,2540,13,6,N,3,N,,,N,N,N,N,N,N,N,35,101,2019,55101
55,105,451110,H,103,H,439,H,1938,12,8,N,N,N,,,N,N,N,N,N,N,N,35,105,2019,55105
55,109,451110,G,60,H,362,H,1811,9,4,3,N,N,,,N,N,N,N,N,N,N,35,109,2019,55109
55,111,451110,G,59,H,196,G,911,5,N,N,N,N,,,N,N,N,N,N,N,N,35,111,2019,55111
55,113,451110,H,33,H,218,H,1056,4,N,N,N,N,,,N,N,N,N,N,N,N,35,113,2019,55113
55,117,451110,G,52,H,400,H,1760,9,6,N,N,N,,,N,N,N,N,N,N,N,35,117,2019,55117
55,119,451110,G,10,G,65,G,266,3,N,N,N,N,,,N,N,N,N,N,N,N,35,119,2019,55119
55,123,451110,J,8,J,28,H,188,4,4,N,N,N,,,N,N,N,N,N,N,N,35,123,2019,55123
55,125,451110,G,7,G,42,G,319,7,7,N,N,N,,,N,N,N,N,N,N,N,35,125,2019,55125
55,127,451110,J,57,H,460,H,1775,8,4,N,N,N,,,N,N,N,N,N,N,N,35,127,2019,55127
55,129,451110,J,31,J,92,J,559,3,N,N,N,N,,,N,N,N,N,N,N,N,35,129,2019,55129
55,131,451110,H,228,H,1163,H,4599,8,3,3,N,N,,,N,N,N,N,N,N,N,35,131,2019,55131
55,133,451110,H,601,H,3799,G,15746,40,12,6,14,6,,,N,N,N,N,N,N,N,35,133,2019,55133
55,135,451110,J,14,J,108,J,484,3,N,N,N,N,,,N,N,N,N,N,N,N,35,135,2019,55135
55,139,451110,H,123,H,558,H,2313,13,6,3,N,3,,,N,N,N,N,N,N,N,35,139,2019,55139
55,141,451110,H,39,H,286,H,1354,5,N,N,N,N,,,N,N,N,N,N,N,N,35,141,2019,55141
56,005,451110,H,62,H,329,H,1403,6,3,N,N,N,,,N,N,N,N,N,N,N,83,005,2019,56005
56,007,451110,J,5,J,52,G,297,3,3,N,N,N,,,N,N,N,N,N,N,N,83,007,2019,56007
56,013,451110,G,42,G,227,G,1012,7,4,N,N,N,,,N,N,N,N,N,N,N,83,013,2019,56013
56,021,451110,H,98,H,313,H,1573,10,5,3,N,N,,,N,N,N,N,N,N,N,83,021,2019,56021
56,025,451110,G,178,G,830,G,3814,17,8,4,3,N,,,N,N,N,N,N,N,N,83,025,2019,56025
56,029,451110,J,54,G,197,G,920,8,5,N,N,N,,,N,N,N,N,N,N,N,83,029,2019,56029
56,033,451110,G,100,H,643,H,2819,7,N,N,N,3,,,N,N,N,N,N,N,N,83,033,2019,56033
56,035,451110,G,8,J,47,J,282,4,3,N,N,N,,,N,N,N,N,N,N,N,83,035,2019,56035
56,037,451110,J,40,J,143,J,620,4,3,N,N,N,,,N,N,N,N,N,N,N,83,037,2019,56037
56,039,451110,H,98,G,855,G,3703,13,4,6,N,N,,,N,N,N,N,N,N,N,83,039,2019,56039
01,001,451110,J,74,J,295,J,1391,3,N,N,N,N,,,N,N,N,N,N,N,N,,,2020,1001
01,003,451110,G,283,G,1314,G,5808,21,13,3,N,N,,,N,N,N,N,N,N,N,,,2020,1003
01,015,451110,G,57,H,293,H,1474,7,3,3,N,N,,,N,N,N,N,N,N,N,,,2020,1015
01,043,451110,J,65,J,395,J,1707,5,N,N,N,N,,,N,N,N,N,N,N,N,,,2020,1043
01,045,451110,J,12,G,72,G,393,4,3,N,N,N,,,N,N,N,N,N,N,N,,,2020,1045
01,055,451110,H,91,J,363,J,1867,6,4,N,N,N,,,N,N,N,N,N,N,N,,,2020,1055
01,069,451110,J,146,J,700,J,3405,7,N,4,N,N,,,N,N,N,N,N,N,N,,,2020,1069
01,071,451110,G,28,G,129,G,592,9,7,N,N,N,,,N,N,N,N,N,N,N,,,2020,1071
01,073,451110,G,599,G,3265,H,20079,32,13,5,5,5,3.0,,N,N,N,N,N,N,N,,,2020,1073
01,077,451110,J,109,H,484,H,2944,6,3,N,N,N,,,N,N,N,N,N,N,N,,,2020,1077
01,081,451110,H,169,G,628,H,3123,11,5,N,N,N,,,N,N,N,N,N,N,N,,,2020,1081
01,089,451110,G,495,G,2004,G,9237,29,13,4,6,3,,,N,N,N,N,N,N,N,,,2020,1089
01,095,451110,J,16,H,73,H,330,4,3,N,N,N,,,N,N,N,N,N,N,N,,,2020,1095
01,097,451110,H,325,G,1524,H,7199,23,12,3,5,N,3.0,,N,N,N,N,N,N,N,,,2020,1097
01,101,451110,H,166,H,711,H,3384,10,5,N,N,N,,,N,N,N,N,N,N,N,,,2020,1101
01,103,451110,J,92,J,299,J,1553,4,3,N,N,N,,,N,N,N,N,N,N,N,,,2020,1103
01,117,451110,J,166,J,780,H,3915,13,7,3,N,N,,,N,N,N,N,N,N,N,,,2020,1117
01,121,451110,G,8,H,32,G,135,3,3,N,N,N,,,N,N,N,N,N,N,N,,,2020,1121
01,125,451110,G,241,G,1151,G,5168,12,5,N,N,3,,,N,N,N,N,N,N,N,,,2020,1125
02,020,451110,H,537,G,3663,H,14544,31,10,12,4,N,,,N,N,N,N,N,N,N,,,2020,2020
02,090,451110,G,219,G,894,G,3822,10,N,N,N,N,,,N,N,N,N,N,N,N,,,2020,2090
02,110,451110,J,45,J,242,J,1074,5,N,N,N,N,,,N,N,N,N,N,N,N,,,2020,2110
02,122,451110,G,65,H,401,G,1986,10,8,N,N,N,,,N,N,N,N,N,N,N,,,2020,2122
02,150,451110,J,27,J,191,J,798,3,N,N,N,N,,,N,N,N,N,N,N,N,,,2020,2150
02,170,451110,J,66,H,329,H,1556,10,8,N,N,N,,,N,N,N,N,N,N,N,,,2020,2170
04,003,451110,H,25,G,132,G,569,5,4,N,N,N,,,N,N,N,N,N,N,N,,,2020,4003
04,005,451110,G,263,G,1254,G,5257,22,8,3,9,N,,,N,N,N,N,N,N,N,,,2020,4005
04,007,451110,J,27,J,121,J,497,4,N,N,N,N,,,N,N,N,N,N,N,N,,,2020,4007
04,013,451110,G,3131,G,19265,G,81723,251,104,66,50,17,11.0,3.0,N,N,N,N,N,N,N,,,2020,4013
04,015,451110,H,110,G,489,G,1954,17,10,3,4,N,,,N,N,N,N,N,N,N,,,2020,4015
04,017,451110,J,62,H,248,H,1355,7,4,N,N,N,,,N,N,N,N,N,N,N,,,2020,4017
04,019,451110,G,630,G,3682,G,14932,62,21,22,11,6,,,N,N,N,N,N,N,N,,,2020,4019
04,021,451110,H,55,H,234,G,930,9,5,N,N,N,,,N,N,N,N,N,N,N,,,2020,4021
04,025,451110,H,174,G,817,G,3771,21,9,5,5,N,,,N,N,N,N,N,N,N,,,2020,4025
04,027,451110,J,85,J,548,J,2570,10,7,N,N,N,,,N,N,N,N,N,N,N,,,2020,4027
05,005,451110,H,27,H,143,G,586,6,3,3,N,N,,,N,N,N,N,N,N,N,,,2020,5005
05,007,451110,G,421,G,2081,G,10189,24,11,5,4,N,,,N,N,N,N,N,N,N,,,2020,5007
05,023,451110,G,3,J,13,H,117,3,3,N,N,N,,,N,N,N,N,N,N,N,,,2020,5023
05,031,451110,H,123,G,599,G,2839,9,6,N,N,N,,,N,N,N,N,N,N,N,,,2020,5031
05,033,451110,H,24,H,183,H,769,3,N,N,N,N,,,N,N,N,N,N,N,N,,,2020,5033
05,045,451110,J,145,H,539,H,2754,6,N,N,N,N,,,N,N,N,N,N,N,N,,,2020,5045
05,051,451110,G,65,G,278,G,1339,9,5,3,N,N,,,N,N,N,N,N,N,N,,,2020,5051
05,063,451110,H,28,J,184,J,772,5,3,N,N,N,,,N,N,N,N,N,N,N,,,2020,5063
05,085,451110,G,10,H,39,G,108,3,3,N,N,N,,,N,N,N,N,N,N,N,,,2020,5085
05,115,451110,J,3,H,30,G,145,3,3,N,N,N,,,N,N,N,N,N,N,N,,,2020,5115
05,119,451110,G,518,G,3231,G,15960,37,17,9,6,N,,,N,N,N,N,N,N,N,,,2020,5119
05,125,451110,H,76,H,340,H,1775,6,4,N,N,N,,,N,N,N,N,N,N,N,,,2020,5125
05,131,451110,H,176,H,1178,H,5127,13,8,N,N,N,,,N,N,N,N,N,N,N,,,2020,5131
05,139,451110,G,12,G,77,G,392,3,N,N,N,N,,,N,N,N,N,N,N,N,,,2020,5139
05,143,451110,H,224,H,1041,H,4795,20,9,6,N,N,,,N,N,N,N,N,N,N,,,2020,5143
05,145,451110,H,23,H,68,H,307,6,4,N,N,N,,,N,N,N,N,N,N,N,,,2020,5145
06,001,451110,G,1003,G,7146,G,25589,91,35,25,23,4,3.0,,N,N,N,N,N,N,N,,,2020,6001
06,003,451110,J,9,J,142,J,179,3,N,N,N,N,,,N,N,N,N,N,N,N,,,2020,6003
06,007,451110,H,236,G,1389,G,6131,24,8,7,7,N,,,N,N,N,N,N,N,N,,,2020,6007
06,013,451110,G,657,G,4148,G,16589,61,25,17,14,N,4.0,,N,N,N,N,N,N,N,,,2020,6013
06,017,451110,J,207,H,1479,H,3837,21,11,3,3,3,,,N,N,N,N,N,N,N,,,2020,6017
06,019,451110,G,573,H,3256,G,14021,43,16,9,12,3,3.0,,N,N,N,N,N,N,N,,,2020,6019
06,023,451110,H,161,H,997,H,4156,14,4,4,3,3,,,N,N,N,N,N,N,N,,,2020,6023
06,027,451110,G,53,G,272,H,1258,8,5,N,3,N,,,N,N,N,N,N,N,N,,,2020,6027
06,029,451110,G,248,G,1538,G,6455,29,17,3,7,N,,,N,N,N,N,N,N,N,,,2020,6029
06,037,451110,G,4035,G,26407,G,108109,387,187,72,87,27,12.0,,N,N,N,N,N,N,N,,,2020,6037
06,039,451110,J,38,J,145,H,625,4,N,N,N,N,,,N,N,N,N,N,N,N,,,2020,6039
06,041,451110,G,484,G,3821,G,14123,43,13,14,10,4,,,N,N,N,N,N,N,N,,,2020,6041
06,045,451110,G,46,G,223,H,872,10,8,N,N,N,,,N,N,N,N,N,N,N,,,2020,6045
06,047,451110,J,81,H,372,H,1526,11,6,N,4,N,,,N,N,N,N,N,N,N,,,2020,6047
06,051,451110,G,195,G,1498,G,4052,12,N,5,N,N,,,N,N,N,N,N,N,N,,,2020,6051
06,053,451110,G,229,G,1192,G,4832,22,11,5,3,N,,,N,N,N,N,N,N,N,,,2020,6053
06,055,451110,G,63,H,358,H,1470,10,4,4,N,N,,,N,N,N,N,N,N,N,,,2020,6055
06,057,451110,H,203,H,1507,H,4709,17,7,N,5,3,,,N,N,N,N,N,N,N,,,2020,6057
06,059,451110,G,2280,G,14686,G,60978,235,112,52,45,18,7.0,,N,N,N,N,N,N,N,,,2020,6059
06,061,451110,G,549,H,4095,H,16049,39,14,11,10,N,,,N,N,N,N,N,N,N,,,2020,6061
06,065,451110,G,948,G,6635,G,26228,101,47,19,27,7,,,N,N,N,N,N,N,N,,,2020,6065
06,067,451110,G,905,G,5745,G,23698,82,34,17,21,7,3.0,,N,N,N,N,N,N,N,,,2020,6067
06,071,451110,G,1233,G,7021,G,29166,75,32,9,21,10,,,N,N,N,N,N,N,N,,,2020,6071
06,073,451110,G,2354,G,15915,G,69581,253,120,54,56,20,,,N,N,N,N,N,N,N,,,2020,6073
06,075,451110,H,653,H,6826,H,24830,46,25,9,6,N,3.0,,N,N,N,N,N,N,N,,,2020,6075
06,077,451110,H,486,H,2627,H,11121,34,15,5,10,3,,,N,N,N,N,N,N,N,,,2020,6077
06,079,451110,G,302,G,1652,G,6704,37,16,11,8,N,,,N,N,N,N,N,N,N,,,2020,6079
06,081,451110,G,607,G,4570,G,16643,52,24,11,12,N,3.0,,N,N,N,N,N,N,N,,,2020,6081
06,083,451110,G,302,G,1672,G,7006,38,18,10,9,N,,,N,N,N,N,N,N,N,,,2020,6083
06,085,451110,G,1345,G,10157,G,38980,84,21,24,26,7,5.0,,N,N,N,N,N,N,N,,,2020,6085
06,087,451110,G,338,G,1785,G,7556,29,7,5,12,5,,,N,N,N,N,N,N,N,,,2020,6087
06,089,451110,G,198,G,1143,G,5113,16,5,6,N,N,,,N,N,N,N,N,N,N,,,2020,6089
06,093,451110,J,32,H,203,H,789,3,N,N,N,N,,,N,N,N,N,N,N,N,,,2020,6093
06,095,451110,G,268,G,1541,G,6764,25,9,5,7,4,,,N,N,N,N,N,N,N,,,2020,6095
06,097,451110,G,504,G,3031,G,13311,40,21,3,8,6,,,N,N,N,N,N,N,N,,,2020,6097
06,099,451110,G,328,G,2211,G,8904,25,6,7,8,4,,,N,N,N,N,N,N,N,,,2020,6099
06,101,451110,G,45,H,328,H,1330,6,N,3,N,N,,,N,N,N,N,N,N,N,,,2020,6101
06,107,451110,G,210,G,991,G,4448,14,3,N,7,N,,,N,N,N,N,N,N,N,,,2020,6107
06,109,451110,G,28,G,169,G,672,6,5,N,N,N,,,N,N,N,N,N,N,N,,,2020,6109
06,111,451110,G,536,G,3143,G,13267,49,17,10,16,5,,,N,N,N,N,N,N,N,,,2020,6111
06,113,451110,H,102,H,488,H,2025,16,9,3,3,N,,,N,N,N,N,N,N,N,,,2020,6113
08,001,451110,G,248,G,1661,H,7278,20,8,4,4,4,,,N,N,N,N,N,N,N,,,2020,8001
08,003,451110,G,25,G,170,G,703,3,N,N,N,N,,,N,N,N,N,N,N,N,,,2020,8003
08,005,451110,G,640,G,4219,G,16955,46,21,7,5,11,,,N,N,N,N,N,N,N,,,2020,8005
08,007,451110,J,46,H,192,H,824,6,4,N,N,N,,,N,N,N,N,N,N,N,,,2020,8007
08,013,451110,G,689,G,4423,G,16138,53,21,9,14,8,,,N,N,N,N,N,N,N,,,2020,8013
08,014,451110,G,406,G,2164,G,8727,10,N,3,N,N,,,N,N,N,N,N,N,N,,,2020,8014
08,015,451110,J,61,G,309,G,1752,12,7,3,N,N,,,N,N,N,N,N,N,N,,,2020,8015
08,019,451110,J,7,H,26,H,194,4,3,N,N,N,,,N,N,N,N,N,N,N,,,2020,8019
08,031,451110,G,912,G,6439,G,21948,50,20,12,11,4,,,N,N,N,N,N,N,N,,,2020,8031
08,035,451110,H,645,H,3727,H,16174,35,13,6,7,6,,,N,N,N,N,N,N,N,,,2020,8035
08,037,451110,G,642,G,5073,G,13414,58,20,16,11,10,,,N,N,N,N,N,N,N,,,2020,8037
08,041,451110,G,881,G,5265,G,22304,55,21,10,13,7,,,N,N,N,N,N,N,N,,,2020,8041
08,043,451110,J,26,J,87,H,352,5,3,N,N,N,,,N,N,N,N,N,N,N,,,2020,8043
08,045,451110,G,74,G,438,H,2283,10,3,4,3,N,,,N,N,N,N,N,N,N,,,2020,8045
08,049,451110,H,75,G,455,G,1153,13,7,4,N,N,,,N,N,N,N,N,N,N,,,2020,8049
08,051,451110,G,144,H,908,G,2795,14,7,N,N,3,,,N,N,N,N,N,N,N,,,2020,8051
08,059,451110,G,918,G,5189,G,21727,71,27,16,15,8,5.0,,N,N,N,N,N,N,N,,,2020,8059
08,065,451110,J,10,H,47,G,211,4,4,N,N,N,,,N,N,N,N,N,N,N,,,2020,8065
08,067,451110,H,160,G,931,G,4086,16,6,N,5,3,,,N,N,N,N,N,N,N,,,2020,8067
08,069,451110,H,1276,H,7654,H,34370,53,21,13,8,5,4.0,,N,N,N,N,N,N,N,,,2020,8069
08,077,451110,H,308,H,1896,H,7138,18,9,N,6,N,,,N,N,N,N,N,N,N,,,2020,8077
08,079,451110,G,4,J,26,G,317,3,3,N,N,N,,,N,N,N,N,N,N,N,,,2020,8079
08,083,451110,J,14,J,39,H,194,3,N,N,N,N,,,N,N,N,N,N,N,N,,,2020,8083
08,085,451110,G,34,H,134,G,701,8,6,N,N,N,,,N,N,N,N,N,N,N,,,2020,8085
08,093,451110,J,7,H,21,G,60,3,N,N,N,N,,,N,N,N,N,N,N,N,,,2020,8093
08,097,451110,H,270,G,1978,G,4439,35,19,8,6,N,,,N,N,N,N,N,N,N,,,2020,8097
08,101,451110,G,117,G,507,G,2510,11,6,N,N,N,,,N,N,N,N,N,N,N,,,2020,8101
08,105,451110,J,15,H,112,H,437,3,N,N,N,N,,,N,N,N,N,N,N,N,,,2020,8105
08,107,451110,H,301,H,2254,G,6221,21,4,8,6,N,,,N,N,N,N,N,N,N,,,2020,8107
08,113,451110,G,154,G,1432,G,2985,16,3,7,5,N,,,N,N,N,N,N,N,N,,,2020,8113
08,117,451110,G,572,G,4027,G,10379,54,14,19,15,6,,,N,N,N,N,N,N,N,,,2020,8117
08,123,451110,H,109,G,809,H,3623,14,8,N,N,N,,,N,N,N,N,N,N,N,,,2020,8123
09,001,451110,G,948,G,7037,G,27717,92,51,18,10,10,,,N,N,N,N,N,N,N,,,2020,9001
09,003,451110,G,821,G,5115,G,20377,66,32,16,9,6,,,N,N,N,N,N,N,N,,,2020,9003
09,005,451110,H,64,G,580,G,2322,13,9,N,N,N,,,N,N,N,N,N,N,N,,,2020,9005
09,007,451110,J,92,G,505,G,2219,13,8,N,N,N,,,N,N,N,N,N,N,N,,,2020,9007
09,009,451110,G,453,G,2667,G,10842,44,18,11,9,5,,,N,N,N,N,N,N,N,,,2020,9009
09,011,451110,G,118,H,551,H,2768,18,14,N,N,N,,,N,N,N,N,N,N,N,,,2020,9011
09,013,451110,J,20,H,60,J,131,4,N,N,N,N,,,N,N,N,N,N,N,N,,,2020,9013
09,015,451110,J,17,J,76,G,507,5,4,N,N,N,,,N,N,N,N,N,N,N,,,2020,9015
10,001,451110,J,80,H,346,H,1645,5,N,N,N,N,,,N,N,N,N,N,N,N,,,2020,10001
10,003,451110,G,660,G,3186,G,12130,39,17,9,5,4,3.0,,N,N,N,N,N,N,N,,,2020,10003
10,005,451110,J,84,H,457,G,3060,27,22,4,N,N,,,N,N,N,N,N,N,N,,,2020,10005
11,001,451110,J,277,G,2030,G,7183,15,4,5,N,4,,,N,N,N,N,N,N,N,,,2020,11001
12,001,451110,H,232,H,1602,H,7068,24,14,5,3,N,,,N,N,N,N,N,N,N,,,2020,12001
12,005,451110,G,145,G,760,H,3771,22,14,4,N,N,,,N,N,N,N,N,N,N,,,2020,12005
12,009,451110,G,506,H,2986,H,13570,65,46,10,3,3,3.0,,N,N,N,N,N,N,N,,,2020,12009
12,011,451110,G,1031,G,7325,G,32447,125,74,24,17,8,,,N,N,N,N,N,N,N,,,2020,12011
12,015,451110,G,57,G,337,G,1517,23,21,N,N,N,,,N,N,N,N,N,N,N,,,2020,12015
12,017,451110,H,34,H,239,G,1281,14,11,3,N,N,,,N,N,N,N,N,N,N,,,2020,12017
12,019,451110,H,151,G,730,G,3556,10,6,N,N,N,,,N,N,N,N,N,N,N,,,2020,12019
12,021,451110,G,277,G,1808,G,7284,31,16,9,N,4,,,N,N,N,N,N,N,N,,,2020,12021
12,023,451110,J,75,H,319,H,1448,7,5,N,N,N,,,N,N,N,N,N,N,N,,,2020,12023
12,031,451110,G,699,G,4270,G,17603,54,27,10,7,6,4.0,,N,N,N,N,N,N,N,,,2020,12031
12,033,451110,G,272,G,1456,G,6718,24,11,8,N,N,,,N,N,N,N,N,N,N,,,2020,12033
12,035,451110,G,26,G,141,H,749,11,9,N,N,N,,,N,N,N,N,N,N,N,,,2020,12035
12,037,451110,J,16,G,120,G,600,5,4,N,N,N,,,N,N,N,N,N,N,N,,,2020,12037
12,053,451110,H,45,G,183,H,962,8,7,N,N,N,,,N,N,N,N,N,N,N,,,2020,12053
12,055,451110,J,7,J,60,H,262,3,3,N,N,N,,,N,N,N,N,N,N,N,,,2020,12055
12,057,451110,G,711,G,4917,G,19823,71,40,17,7,5,,,N,N,N,N,N,N,N,,,2020,12057
12,061,451110,G,64,G,504,G,2235,18,11,7,N,N,,,N,N,N,N,N,N,N,,,2020,12061
12,069,451110,G,138,G,811,G,3944,24,14,6,3,N,,,N,N,N,N,N,N,N,,,2020,12069
12,071,451110,H,604,H,4217,H,16386,66,34,20,5,6,,,N,N,N,N,N,N,N,,,2020,12071
12,073,451110,G,333,G,1528,G,6629,21,8,5,4,N,,,N,N,N,N,N,N,N,,,2020,12073
12,075,451110,G,0,G,0,J,27,3,3,N,N,N,,,N,N,N,N,N,N,N,,,2020,12075
12,081,451110,H,139,G,918,G,3589,22,8,11,N,N,,,N,N,N,N,N,N,N,,,2020,12081
12,083,451110,H,151,G,1057,G,4570,21,12,4,3,N,,,N,N,N,N,N,N,N,,,2020,12083
12,085,451110,H,147,G,855,G,4170,30,22,4,N,N,,,N,N,N,N,N,N,N,,,2020,12085
12,086,451110,G,954,G,7180,G,32894,155,99,32,14,9,,,N,N,N,N,N,N,N,,,2020,12086
12,087,451110,G,328,G,2211,G,8558,45,23,17,N,N,,,N,N,N,N,N,N,N,,,2020,12087
12,089,451110,J,29,H,240,H,1130,8,6,N,N,N,,,N,N,N,N,N,N,N,,,2020,12089
12,091,451110,J,212,H,1425,H,6083,28,16,10,N,N,,,N,N,N,N,N,N,N,,,2020,12091
12,095,451110,H,932,G,5946,G,25376,87,42,25,7,9,3.0,,N,N,N,N,N,N,N,,,2020,12095
12,097,451110,H,140,H,607,G,2865,16,11,N,N,N,,,N,N,N,N,N,N,N,,,2020,12097
12,099,451110,G,865,G,6045,G,26179,139,86,33,13,4,3.0,,N,N,N,N,N,N,N,,,2020,12099
12,101,451110,G,130,G,733,G,3334,26,18,5,N,N,,,N,N,N,N,N,N,N,,,2020,12101
12,103,451110,G,672,G,4516,G,21454,109,69,21,12,5,,,N,N,N,N,N,N,N,,,2020,12103
12,105,451110,G,186,G,935,G,3898,28,17,8,N,N,,,N,N,N,N,N,N,N,,,2020,12105
12,109,451110,H,148,H,859,H,3473,29,20,5,N,N,,,N,N,N,N,N,N,N,,,2020,12109
12,111,451110,J,153,H,830,H,3423,16,10,4,N,N,,,N,N,N,N,N,N,N,,,2020,12111
12,113,451110,J,75,H,449,H,2321,13,8,N,3,N,,,N,N,N,N,N,N,N,,,2020,12113
12,115,451110,G,295,G,1510,G,6741,37,24,5,6,N,,,N,N,N,N,N,N,N,,,2020,12115
12,117,451110,G,316,G,1647,G,7525,35,18,12,N,3,,,N,N,N,N,N,N,N,,,2020,12117
12,119,451110,J,33,H,233,H,1224,10,5,5,N,N,,,N,N,N,N,N,N,N,,,2020,12119
12,127,451110,H,301,H,2250,H,10390,40,22,10,5,N,,,N,N,N,N,N,N,N,,,2020,12127
12,131,451110,G,50,G,283,G,1597,11,8,N,N,N,,,N,N,N,N,N,N,N,,,2020,12131
13,009,451110,G,7,J,55,J,246,3,3,N,N,N,,,N,N,N,N,N,N,N,,,2020,13009
13,015,451110,G,103,H,345,H,1583,5,N,N,N,N,,,N,N,N,N,N,N,N,,,2020,13015
13,021,451110,H,175,H,761,H,3552,9,N,4,N,N,,,N,N,N,N,N,N,N,,,2020,13021
13,029,451110,G,11,G,80,G,333,3,N,N,N,N,,,N,N,N,N,N,N,N,,,2020,13029
13,031,451110,G,32,G,174,G,701,8,6,N,N,N,,,N,N,N,N,N,N,N,,,2020,13031
13,039,451110,G,5,G,21,G,117,3,3,N,N,N,,,N,N,N,N,N,N,N,,,2020,13039
13,045,451110,J,22,J,148,J,646,3,N,N,N,N,,,N,N,N,N,N,N,N,,,2020,13045
13,051,451110,G,267,G,1464,G,6294,27,15,6,3,N,,,N,N,N,N,N,N,N,,,2020,13051
13,057,451110,G,349,G,1962,H,9360,11,5,N,N,N,,,N,N,N,N,N,N,N,,,2020,13057
13,059,451110,H,188,G,810,G,3834,10,5,N,N,N,,,N,N,N,N,N,N,N,,,2020,13059
13,063,451110,G,18,H,151,J,793,4,N,N,N,N,,,N,N,N,N,N,N,N,,,2020,13063
13,067,451110,H,797,G,4538,G,19324,39,12,11,6,3,6.0,,N,N,N,N,N,N,N,,,2020,13067
13,073,451110,G,160,G,705,G,3412,8,N,N,4,N,,,N,N,N,N,N,N,N,,,2020,13073
13,077,451110,J,135,J,583,J,2748,4,N,N,N,N,,,N,N,N,N,N,N,N,,,2020,13077
13,089,451110,H,310,H,1605,H,5491,18,8,4,N,N,,,N,N,N,N,N,N,N,,,2020,13089
13,113,451110,G,76,G,443,G,2035,7,N,N,N,N,,,N,N,N,N,N,N,N,,,2020,13113
13,115,451110,H,52,G,307,G,1187,7,4,N,N,N,,,N,N,N,N,N,N,N,,,2020,13115
13,117,451110,G,397,G,2068,G,9852,16,5,5,N,N,,,N,N,N,N,N,N,N,,,2020,13117
13,121,451110,G,561,G,3639,G,15124,58,25,21,6,3,3.0,,N,N,N,N,N,N,N,,,2020,13121
13,123,451110,G,7,J,27,J,158,3,N,N,N,N,,,N,N,N,N,N,N,N,,,2020,13123
13,127,451110,J,99,H,438,H,1919,10,8,N,N,N,,,N,N,N,N,N,N,N,,,2020,13127
13,135,451110,G,726,G,4102,G,17314,49,29,6,4,5,4.0,,N,N,N,N,N,N,N,,,2020,13135
13,139,451110,J,168,H,778,H,3734,14,8,3,N,N,,,N,N,N,N,N,N,N,,,2020,13139
13,151,451110,H,163,H,735,H,3813,7,N,3,N,N,,,N,N,N,N,N,N,N,,,2020,13151
13,153,451110,G,146,G,614,G,2795,10,5,N,N,N,,,N,N,N,N,N,N,N,,,2020,13153
13,157,451110,J,20,J,190,J,763,3,N,N,N,N,,,N,N,N,N,N,N,N,,,2020,13157
13,185,451110,H,104,H,409,H,2099,6,4,N,N,N,,,N,N,N,N,N,N,N,,,2020,13185
13,207,451110,J,103,J,541,J,2371,4,3,N,N,N,,,N,N,N,N,N,N,N,,,2020,13207
13,215,451110,G,111,G,463,G,2198,11,6,3,N,N,,,N,N,N,N,N,N,N,,,2020,13215
13,217,451110,J,12,J,73,J,358,4,3,N,N,N,,,N,N,N,N,N,N,N,,,2020,13217
13,223,451110,J,94,J,319,J,1555,3,N,N,N,N,,,N,N,N,N,N,N,N,,,2020,13223
13,245,451110,H,192,G,988,G,4049,14,4,4,3,N,,,N,N,N,N,N,N,N,,,2020,13245
13,247,451110,J,8,J,43,J,249,4,3,N,N,N,,,N,N,N,N,N,N,N,,,2020,13247
13,275,451110,J,21,J,103,J,467,5,4,N,N,N,,,N,N,N,N,N,N,N,,,2020,13275
13,285,451110,J,33,H,146,H,621,3,N,N,N,N,,,N,N,N,N,N,N,N,,,2020,13285
13,291,451110,J,10,J,39,H,164,5,4,N,N,N,,,N,N,N,N,N,N,N,,,2020,13291
13,299,451110,J,21,G,110,H,443,3,N,N,N,N,,,N,N,N,N,N,N,N,,,2020,13299
13,311,451110,J,6,H,29,H,216,3,3,N,N,N,,,N,N,N,N,N,N,N,,,2020,13311
13,313,451110,J,83,J,303,J,1409,3,N,N,N,N,,,N,N,N,N,N,N,N,,,2020,13313
15,001,451110,H,130,H,824,H,2377,14,7,3,N,N,,,N,N,N,N,N,N,N,,,2020,15001
15,003,451110,G,466,G,2749,G,9966,71,38,21,7,5,,,N,N,N,N,N,N,N,,,2020,15003
15,007,451110,J,14,H,172,H,507,6,5,N,N,N,,,N,N,N,N,N,N,N,,,2020,15007
15,009,451110,G,170,G,989,G,3340,25,13,4,8,N,,,N,N,N,N,N,N,N,,,2020,15009
16,001,451110,G,803,G,4446,G,19178,56,18,16,13,6,,,N,N,N,N,N,N,N,,,2020,16001
16,005,451110,G,185,G,798,G,3735,13,7,N,N,4,,,N,N,N,N,N,N,N,,,2020,16005
16,013,451110,H,95,H,636,H,3103,10,4,N,3,N,,,N,N,N,N,N,N,N,,,2020,16013
16,017,451110,G,51,H,250,H,926,9,6,N,N,N,,,N,N,N,N,N,N,N,,,2020,16017
16,019,451110,J,226,H,1171,H,5461,19,11,3,N,N,,,N,N,N,N,N,N,N,,,2020,16019
16,027,451110,G,185,G,876,G,4073,17,9,5,N,N,,,N,N,N,N,N,N,N,,,2020,16027
16,043,451110,J,9,J,42,H,599,3,3,N,N,N,,,N,N,N,N,N,N,N,,,2020,16043
16,049,451110,J,7,H,32,H,123,3,3,N,N,N,,,N,N,N,N,N,N,N,,,2020,16049
16,055,451110,G,280,H,1354,G,5952,22,11,5,5,N,,,N,N,N,N,N,N,N,,,2020,16055
16,057,451110,H,83,H,393,H,1650,7,4,N,N,N,,,N,N,N,N,N,N,N,,,2020,16057
16,059,451110,J,3,G,3,H,22,3,3,N,N,N,,,N,N,N,N,N,N,N,,,2020,16059
16,065,451110,H,23,H,127,J,711,3,N,N,N,N,,,N,N,N,N,N,N,N,,,2020,16065
16,069,451110,H,80,H,372,H,1697,7,3,N,N,N,,,N,N,N,N,N,N,N,,,2020,16069
16,079,451110,G,5,J,17,G,56,3,3,N,N,N,,,N,N,N,N,N,N,N,,,2020,16079
16,081,451110,G,34,G,196,G,917,5,N,N,N,N,,,N,N,N,N,N,N,N,,,2020,16081
16,083,451110,H,146,G,677,G,3054,11,6,N,N,N,,,N,N,N,N,N,N,N,,,2020,16083
16,085,451110,G,32,H,211,G,879,4,N,N,N,N,,,N,N,N,N,N,N,N,,,2020,16085
17,001,451110,H,65,G,286,G,1382,5,N,N,N,N,,,N,N,N,N,N,N,N,,,2020,17001
17,019,451110,H,100,H,482,H,2343,7,3,3,N,N,,,N,N,N,N,N,N,N,,,2020,17019
17,029,451110,G,10,G,105,G,513,3,N,N,N,N,,,N,N,N,N,N,N,N,,,2020,17029
17,031,451110,G,2005,G,11530,G,51186,204,110,47,22,17,7.0,,N,N,N,N,N,N,N,,,2020,17031
17,037,451110,G,8,G,39,H,208,4,4,N,N,N,,,N,N,N,N,N,N,N,,,2020,17037
17,043,451110,H,740,H,4762,H,20184,58,32,13,6,N,4.0,,N,N,N,N,N,N,N,,,2020,17043
17,049,451110,G,21,G,57,G,397,3,N,N,N,N,,,N,N,N,N,N,N,N,,,2020,17049
17,063,451110,J,15,J,78,J,305,3,N,N,N,N,,,N,N,N,N,N,N,N,,,2020,17063
17,077,451110,G,45,H,174,H,863,5,4,N,N,N,,,N,N,N,N,N,N,N,,,2020,17077
17,081,451110,J,22,J,114,J,497,3,N,N,N,N,,,N,N,N,N,N,N,N,,,2020,17081
17,089,451110,G,360,G,1703,G,8472,27,12,8,N,3,,,N,N,N,N,N,N,N,,,2020,17089
17,091,451110,H,53,G,195,G,939,4,N,N,N,N,,,N,N,N,N,N,N,N,,,2020,17091
17,093,451110,J,45,J,181,J,988,3,N,N,N,N,,,N,N,N,N,N,N,N,,,2020,17093
17,097,451110,G,564,G,3580,G,15236,48,27,8,6,4,,,N,N,N,N,N,N,N,,,2020,17097
17,099,451110,G,32,H,149,G,866,7,4,N,N,N,,,N,N,N,N,N,N,N,,,2020,17099
17,111,451110,G,115,H,503,H,2445,15,7,5,N,N,,,N,N,N,N,N,N,N,,,2020,17111
17,113,451110,J,178,J,1494,H,5386,10,4,N,N,N,,,N,N,N,N,N,N,N,,,2020,17113
17,115,451110,G,36,G,128,G,580,8,5,3,N,N,,,N,N,N,N,N,N,N,,,2020,17115
17,117,451110,J,11,J,99,J,345,3,N,N,N,N,,,N,N,N,N,N,N,N,,,2020,17117
17,119,451110,G,76,H,432,G,2246,13,7,3,N,N,,,N,N,N,N,N,N,N,,,2020,17119
17,121,451110,J,18,H,161,H,819,5,4,N,N,N,,,N,N,N,N,N,N,N,,,2020,17121
17,143,451110,G,128,G,669,G,3180,10,4,N,3,N,,,N,N,N,N,N,N,N,,,2020,17143
17,161,451110,G,67,H,369,H,1593,8,5,N,N,N,,,N,N,N,N,N,N,N,,,2020,17161
17,163,451110,J,190,J,828,J,4047,12,5,4,N,N,,,N,N,N,N,N,N,N,,,2020,17163
17,167,451110,J,348,J,2129,J,8284,12,9,N,N,N,,,N,N,N,N,N,N,N,,,2020,17167
17,177,451110,J,4,G,15,H,62,3,3,N,N,N,,,N,N,N,N,N,N,N,,,2020,17177
17,179,451110,H,184,H,896,H,3732,5,N,3,N,N,,,N,N,N,N,N,N,N,,,2020,17179
17,195,451110,H,28,H,115,H,500,4,N,N,N,N,,,N,N,N,N,N,N,N,,,2020,17195
17,197,451110,G,507,G,2394,G,9504,30,15,4,5,4,,,N,N,N,N,N,N,N,,,2020,17197
17,199,451110,J,14,J,52,H,238,3,N,N,N,N,,,N,N,N,N,N,N,N,,,2020,17199
17,201,451110,G,168,H,797,H,3432,18,10,4,N,N,,,N,N,N,N,N,N,N,,,2020,17201
18,001,451110,J,6,J,28,J,150,3,3,N,N,N,,,N,N,N,N,N,N,N,,,2020,18001
18,003,451110,G,308,G,1770,G,8017,34,15,11,4,3,,,N,N,N,N,N,N,N,,,2020,18003
18,005,451110,H,41,H,200,H,810,5,3,N,N,N,,,N,N,N,N,N,N,N,,,2020,18005
18,017,451110,J,15,J,83,H,358,4,3,N,N,N,,,N,N,N,N,N,N,N,,,2020,18017
18,019,451110,J,243,H,1343,H,6848,8,N,N,N,N,,,N,N,N,N,N,N,N,,,2020,18019
18,029,451110,G,4,J,12,H,80,3,3,N,N,N,,,N,N,N,N,N,N,N,,,2020,18029
18,033,451110,H,32,H,251,H,1290,4,N,N,N,N,,,N,N,N,N,N,N,N,,,2020,18033
18,035,451110,H,46,H,192,H,1016,7,6,N,N,N,,,N,N,N,N,N,N,N,,,2020,18035
18,037,451110,H,51,H,427,G,1609,8,5,N,N,N,,,N,N,N,N,N,N,N,,,2020,18037
18,039,451110,H,81,H,460,H,2353,17,9,7,N,N,,,N,N,N,N,N,N,N,,,2020,18039
18,053,451110,J,19,G,65,G,308,3,N,N,N,N,,,N,N,N,N,N,N,N,,,2020,18053
18,055,451110,J,7,G,30,H,102,3,3,N,N,N,,,N,N,N,N,N,N,N,,,2020,18055
18,057,451110,G,406,G,2162,G,10044,24,11,5,N,3,,,N,N,N,N,N,N,N,,,2020,18057
18,059,451110,J,21,G,90,G,460,4,3,N,N,N,,,N,N,N,N,N,N,N,,,2020,18059
18,061,451110,J,21,J,99,J,376,3,N,N,N,N,,,N,N,N,N,N,N,N,,,2020,18061
18,063,451110,J,118,J,497,J,2391,8,3,3,N,N,,,N,N,N,N,N,N,N,,,2020,18063
18,067,451110,H,27,G,140,H,731,5,3,N,N,N,,,N,N,N,N,N,N,N,,,2020,18067
18,069,451110,J,8,G,22,J,100,3,3,N,N,N,,,N,N,N,N,N,N,N,,,2020,18069
18,071,451110,J,17,G,105,G,515,3,N,N,N,N,,,N,N,N,N,N,N,N,,,2020,18071
18,081,451110,G,208,G,996,G,4719,11,5,N,N,N,,,N,N,N,N,N,N,N,,,2020,18081
18,085,451110,G,37,G,232,G,1210,9,5,4,N,N,,,N,N,N,N,N,N,N,,,2020,18085
18,087,451110,J,17,G,157,G,751,4,3,N,N,N,,,N,N,N,N,N,N,N,,,2020,18087
18,089,451110,H,363,G,1981,G,7617,24,10,8,3,N,,,N,N,N,N,N,N,N,,,2020,18089
18,091,451110,J,17,J,90,H,436,4,3,N,N,N,,,N,N,N,N,N,N,N,,,2020,18091
18,093,451110,J,15,J,79,J,326,3,N,N,N,N,,,N,N,N,N,N,N,N,,,2020,18093
18,095,451110,H,28,G,117,G,491,6,3,N,N,N,,,N,N,N,N,N,N,N,,,2020,18095
18,097,451110,G,475,G,2802,G,12890,45,16,18,6,N,3.0,,N,N,N,N,N,N,N,,,2020,18097
18,105,451110,G,81,G,488,G,1951,9,5,N,N,N,,,N,N,N,N,N,N,N,,,2020,18105
18,109,451110,G,14,G,39,G,115,4,N,N,N,N,,,N,N,N,N,N,N,N,,,2020,18109
18,127,451110,H,233,H,1210,H,4476,7,N,N,N,N,,,N,N,N,N,N,N,N,,,2020,18127
18,141,451110,G,147,G,923,G,4374,18,11,4,N,N,,,N,N,N,N,N,N,N,,,2020,18141
18,151,451110,J,35,G,147,G,711,9,6,N,N,N,,,N,N,N,N,N,N,N,,,2020,18151
18,157,451110,H,122,H,496,H,2407,9,N,3,3,N,,,N,N,N,N,N,N,N,,,2020,18157
18,163,451110,G,149,G,613,G,2893,13,5,4,3,N,,,N,N,N,N,N,N,N,,,2020,18163
18,167,451110,H,128,H,528,H,2717,8,4,N,N,N,,,N,N,N,N,N,N,N,,,2020,18167
18,173,451110,G,20,H,83,H,404,3,N,N,N,N,,,N,N,N,N,N,N,N,,,2020,18173
18,177,451110,G,117,G,341,H,1539,4,N,N,N,N,,,N,N,N,N,N,N,N,,,2020,18177
18,183,451110,H,21,G,72,G,336,4,N,N,N,N,,,N,N,N,N,N,N,N,,,2020,18183
19,005,451110,J,3,J,5,H,41,3,3,N,N,N,,,N,N,N,N,N,N,N,,,2020,19005
19,013,451110,H,233,H,1513,H,6092,16,11,N,N,N,,,N,N,N,N,N,N,N,,,2020,19013
19,033,451110,H,46,G,340,G,1676,6,3,N,N,N,,,N,N,N,N,N,N,N,,,2020,19033
19,041,451110,H,30,H,143,H,694,5,4,N,N,N,,,N,N,N,N,N,N,N,,,2020,19041
19,045,451110,J,8,J,34,H,157,4,3,N,N,N,,,N,N,N,N,N,N,N,,,2020,19045
19,049,451110,J,476,J,3078,J,10717,6,5,N,N,N,,,N,N,N,N,N,N,N,,,2020,19049
19,057,451110,H,56,J,214,J,1040,4,N,N,N,N,,,N,N,N,N,N,N,N,,,2020,19057
19,059,451110,G,11,J,61,H,266,3,3,N,N,N,,,N,N,N,N,N,N,N,,,2020,19059
19,061,451110,H,107,H,411,H,1930,9,5,N,3,N,,,N,N,N,N,N,N,N,,,2020,19061
19,103,451110,H,347,J,2285,J,8512,11,4,N,3,N,,,N,N,N,N,N,N,N,,,2020,19103
19,113,451110,H,150,G,838,G,3841,16,5,7,3,N,,,N,N,N,N,N,N,N,,,2020,19113
19,123,451110,G,9,G,36,H,197,3,N,N,N,N,,,N,N,N,N,N,N,N,,,2020,19123
19,127,451110,J,10,J,59,H,315,3,N,N,N,N,,,N,N,N,N,N,N,N,,,2020,19127
19,139,451110,J,6,H,31,H,122,3,3,N,N,N,,,N,N,N,N,N,N,N,,,2020,19139
19,153,451110,H,583,H,2996,H,13765,38,15,9,7,4,,,N,N,N,N,N,N,N,,,2020,19153
19,155,451110,G,143,H,701,G,2984,5,3,N,N,N,,,N,N,N,N,N,N,N,,,2020,19155
19,163,451110,H,151,H,661,J,3268,7,3,3,N,N,,,N,N,N,N,N,N,N,,,2020,19163
19,169,451110,J,56,H,236,H,997,6,4,N,N,N,,,N,N,N,N,N,N,N,,,2020,19169
19,179,451110,J,22,J,91,H,342,3,N,N,N,N,,,N,N,N,N,N,N,N,,,2020,19179
19,187,451110,H,28,H,146,G,661,3,N,N,N,N,,,N,N,N,N,N,N,N,,,2020,19187
19,193,451110,J,230,J,1439,J,5296,8,4,N,N,N,,,N,N,N,N,N,N,N,,,2020,19193
20,035,451110,J,3,G,20,H,59,3,3,N,N,N,,,N,N,N,N,N,N,N,,,2020,20035
20,045,451110,H,94,H,373,H,1929,9,3,3,N,N,,,N,N,N,N,N,N,N,,,2020,20045
20,051,451110,J,14,H,35,G,176,3,N,N,N,N,,,N,N,N,N,N,N,N,,,2020,20051
20,055,451110,J,41,J,174,J,806,4,3,N,N,N,,,N,N,N,N,N,N,N,,,2020,20055
20,061,451110,J,10,J,42,J,152,3,N,N,N,N,,,N,N,N,N,N,N,N,,,2020,20061
20,091,451110,H,920,H,6408,H,24001,41,16,7,8,3,5.0,,N,N,N,N,N,N,N,,,2020,20091
20,113,451110,J,17,H,115,H,465,4,N,N,N,N,,,N,N,N,N,N,N,N,,,2020,20113
20,155,451110,J,27,H,180,H,723,3,N,N,N,N,,,N,N,N,N,N,N,N,,,2020,20155
20,161,451110,G,64,G,326,H,2280,5,N,N,N,N,,,N,N,N,N,N,N,N,,,2020,20161
20,169,451110,H,41,H,192,J,982,5,3,N,N,N,,,N,N,N,N,N,N,N,,,2020,20169
20,173,451110,G,568,H,3469,G,14619,35,19,7,3,N,3.0,,N,N,N,N,N,N,N,,,2020,20173
20,177,451110,J,118,H,540,H,2492,4,N,N,N,N,,,N,N,N,N,N,N,N,,,2020,20177
20,209,451110,H,201,H,1279,H,4510,9,5,3,N,N,,,N,N,N,N,N,N,N,,,2020,20209
21,015,451110,G,187,G,723,G,3171,9,3,3,N,N,,,N,N,N,N,N,N,N,,,2020,21015
21,019,451110,G,145,G,628,G,3181,4,N,N,N,N,,,N,N,N,N,N,N,N,,,2020,21019
21,035,451110,J,11,G,63,G,248,3,N,N,N,N,,,N,N,N,N,N,N,N,,,2020,21035
21,037,451110,J,74,J,342,J,1536,5,N,N,N,N,,,N,N,N,N,N,N,N,,,2020,21037
21,045,451110,J,18,G,124,G,487,3,N,N,N,N,,,N,N,N,N,N,N,N,,,2020,21045
21,047,451110,G,12,H,69,H,359,4,4,N,N,N,,,N,N,N,N,N,N,N,,,2020,21047
21,059,451110,H,102,H,563,H,2561,8,5,N,N,N,,,N,N,N,N,N,N,N,,,2020,21059
21,067,451110,G,421,G,1975,G,8880,27,10,11,N,N,,,N,N,N,N,N,N,N,,,2020,21067
21,071,451110,J,5,J,61,H,476,3,3,N,N,N,,,N,N,N,N,N,N,N,,,2020,21071
21,073,451110,H,35,H,175,H,832,3,N,N,N,N,,,N,N,N,N,N,N,N,,,2020,21073
21,093,451110,H,114,H,552,J,2258,9,5,N,N,N,,,N,N,N,N,N,N,N,,,2020,21093
21,111,451110,G,647,G,3437,G,15749,54,31,10,6,3,3.0,,N,N,N,N,N,N,N,,,2020,21111
21,117,451110,H,74,G,470,G,1530,8,N,5,N,N,,,N,N,N,N,N,N,N,,,2020,21117
21,125,451110,J,21,J,84,H,366,3,N,N,N,N,,,N,N,N,N,N,N,N,,,2020,21125
21,145,451110,H,106,G,612,G,3401,11,4,N,3,N,,,N,N,N,N,N,N,N,,,2020,21145
21,151,451110,H,52,J,244,J,1146,6,4,N,N,N,,,N,N,N,N,N,N,N,,,2020,21151
21,157,451110,J,17,H,105,G,485,3,N,3,N,N,,,N,N,N,N,N,N,N,,,2020,21157
21,185,451110,J,34,H,237,G,963,4,N,N,N,N,,,N,N,N,N,N,N,N,,,2020,21185
21,195,451110,G,11,J,62,G,171,3,3,N,N,N,,,N,N,N,N,N,N,N,,,2020,21195
21,199,451110,H,45,G,228,G,971,8,4,N,N,N,,,N,N,N,N,N,N,N,,,2020,21199
21,211,451110,G,9,J,34,H,146,3,3,N,N,N,,,N,N,N,N,N,N,N,,,2020,21211
21,227,451110,H,175,H,924,H,3629,8,N,N,N,N,,,N,N,N,N,N,N,N,,,2020,21227
21,235,451110,J,16,J,163,J,636,4,N,N,N,N,,,N,N,N,N,N,N,N,,,2020,21235
22,005,451110,J,139,J,718,J,2614,3,N,N,N,N,,,N,N,N,N,N,N,N,,,2020,22005
22,015,451110,G,227,G,924,G,4308,10,5,3,N,N,,,N,N,N,N,N,N,N,,,2020,22015
22,017,451110,H,240,H,1062,H,4585,12,7,N,N,N,,,N,N,N,N,N,N,N,,,2020,22017
22,019,451110,H,179,H,743,H,3598,9,4,N,N,N,,,N,N,N,N,N,N,N,,,2020,22019
22,033,451110,G,360,G,1610,H,7513,21,9,4,4,N,,,N,N,N,N,N,N,N,,,2020,22033
22,051,451110,H,445,H,2385,H,11936,22,7,5,3,4,3.0,,N,N,N,N,N,N,N,,,2020,22051
22,055,451110,G,380,G,1788,G,8804,20,13,N,N,3,,,N,N,N,N,N,N,N,,,2020,22055
22,057,451110,J,83,H,288,H,1423,4,N,N,N,N,,,N,N,N,N,N,N,N,,,2020,22057
22,063,451110,G,206,G,830,G,3772,3,N,N,N,N,,,N,N,N,N,N,N,N,,,2020,22063
22,067,451110,J,85,J,556,J,2804,3,N,N,N,N,,,N,N,N,N,N,N,N,,,2020,22067
22,071,451110,G,25,G,176,G,802,8,5,3,N,N,,,N,N,N,N,N,N,N,,,2020,22071
22,073,451110,H,216,G,978,H,4923,11,5,N,N,3,,,N,N,N,N,N,N,N,,,2020,22073
22,079,451110,G,124,G,587,G,3124,7,4,N,N,N,,,N,N,N,N,N,N,N,,,2020,22079
22,103,451110,H,255,H,1264,H,6387,21,12,5,N,N,,,N,N,N,N,N,N,N,,,2020,22103
22,105,451110,H,123,H,617,H,2982,5,N,N,N,N,,,N,N,N,N,N,N,N,,,2020,22105
22,109,451110,H,112,H,456,H,2382,5,N,N,N,N,,,N,N,N,N,N,N,N,,,2020,22109
22,113,451110,G,39,G,203,H,700,4,N,N,N,N,,,N,N,N,N,N,N,N,,,2020,22113
22,119,451110,G,13,H,64,H,301,3,N,N,N,N,,,N,N,N,N,N,N,N,,,2020,22119
22,121,451110,G,43,G,274,G,1301,4,N,N,N,N,,,N,N,N,N,N,N,N,,,2020,22121
23,001,451110,J,55,G,239,G,935,13,9,N,N,N,,,N,N,N,N,N,N,N,,,2020,23001
23,003,451110,G,13,G,44,G,170,3,N,N,N,N,,,N,N,N,N,N,N,N,,,2020,23003
23,005,451110,G,806,G,6170,G,23778,41,14,14,5,6,,,N,N,N,N,N,N,N,,,2020,23005
23,007,451110,H,29,J,103,G,257,8,6,N,N,N,,,N,N,N,N,N,N,N,,,2020,23007
23,009,451110,J,53,G,427,G,1853,7,N,3,N,N,,,N,N,N,N,N,N,N,,,2020,23009
23,011,451110,J,77,H,369,H,1695,6,N,3,N,N,,,N,N,N,N,N,N,N,,,2020,23011
23,013,451110,H,30,G,196,G,821,6,3,3,N,N,,,N,N,N,N,N,N,N,,,2020,23013
23,017,451110,J,62,J,392,J,1186,8,6,N,N,N,,,N,N,N,N,N,N,N,,,2020,23017
23,019,451110,G,194,G,1044,G,4906,24,13,5,4,N,,,N,N,N,N,N,N,N,,,2020,23019
23,027,451110,J,37,H,241,H,1077,4,N,N,N,N,,,N,N,N,N,N,N,N,,,2020,23027
23,031,451110,H,339,J,2415,J,9520,16,10,4,N,N,,,N,N,N,N,N,N,N,,,2020,23031
24,001,451110,G,59,H,325,H,1368,8,6,N,N,N,,,N,N,N,N,N,N,N,,,2020,24001
24,003,451110,G,548,G,3371,G,13318,39,20,7,4,5,,,N,N,N,N,N,N,N,,,2020,24003
24,005,451110,G,472,G,2625,G,10720,42,20,9,7,3,3.0,,N,N,N,N,N,N,N,,,2020,24005
24,009,451110,J,33,H,109,H,530,7,3,4,N,N,,,N,N,N,N,N,N,N,,,2020,24009
24,013,451110,G,100,G,457,G,2232,9,N,5,N,N,,,N,N,N,N,N,N,N,,,2020,24013
24,015,451110,H,25,G,106,H,278,4,N,N,N,N,,,N,N,N,N,N,N,N,,,2020,24015
24,017,451110,G,108,G,550,G,2825,4,N,N,N,3,,,N,N,N,N,N,N,N,,,2020,24017
24,021,451110,G,177,G,806,G,3652,15,7,3,3,N,,,N,N,N,N,N,N,N,,,2020,24021
24,023,451110,H,36,H,219,G,984,4,N,N,N,N,,,N,N,N,N,N,N,N,,,2020,24023
24,025,451110,G,107,G,600,G,2570,11,4,5,N,N,,,N,N,N,N,N,N,N,,,2020,24025
24,027,451110,J,276,J,1597,H,7288,13,3,3,N,3,,,N,N,N,N,N,N,N,,,2020,24027
24,029,451110,J,27,J,127,J,560,3,N,N,N,N,,,N,N,N,N,N,N,N,,,2020,24029
24,031,451110,H,439,H,2735,H,11246,34,12,13,4,N,3.0,,N,N,N,N,N,N,N,,,2020,24031
24,033,451110,H,132,G,718,H,2771,16,8,3,3,N,,,N,N,N,N,N,N,N,,,2020,24033
24,035,451110,G,18,G,94,G,408,5,4,N,N,N,,,N,N,N,N,N,N,N,,,2020,24035
24,037,451110,H,66,H,223,H,1096,3,N,N,N,N,,,N,N,N,N,N,N,N,,,2020,24037
24,041,451110,H,44,H,283,G,1594,9,8,N,N,N,,,N,N,N,N,N,N,N,,,2020,24041
24,043,451110,J,47,J,387,J,1834,13,10,N,N,N,,,N,N,N,N,N,N,N,,,2020,24043
24,045,451110,J,50,J,258,J,1386,5,4,N,N,N,,,N,N,N,N,N,N,N,,,2020,24045
24,047,451110,J,42,G,212,G,1259,14,12,N,N,N,,,N,N,N,N,N,N,N,,,2020,24047
24,510,451110,G,67,H,404,H,1376,10,5,N,3,N,,,N,N,N,N,N,N,N,,,2020,24510
25,001,451110,G,174,G,1019,G,6360,46,31,11,4,N,,,N,N,N,N,N,N,N,,,2020,25001
25,003,451110,J,95,G,659,G,2844,16,10,3,N,N,,,N,N,N,N,N,N,N,,,2020,25003
25,005,451110,H,468,G,2663,G,12005,46,24,9,6,6,,,N,N,N,N,N,N,N,,,2020,25005
25,009,451110,H,323,G,1997,G,8777,44,24,12,6,N,,,N,N,N,N,N,N,N,,,2020,25009
25,011,451110,J,13,H,98,H,358,6,5,N,N,N,,,N,N,N,N,N,N,N,,,2020,25011
25,013,451110,G,156,G,927,G,3557,27,16,9,N,N,,,N,N,N,N,N,N,N,,,2020,25013
25,015,451110,G,124,G,617,G,2617,13,6,4,N,N,,,N,N,N,N,N,N,N,,,2020,25015
25,017,451110,H,1411,G,10246,G,39018,103,35,28,22,13,4.0,,N,N,N,N,N,N,N,,,2020,25017
25,019,451110,J,20,G,145,G,1079,9,6,3,N,N,,,N,N,N,N,N,N,N,,,2020,25019
25,021,451110,G,643,G,3961,G,16017,47,18,12,11,4,,,N,N,N,N,N,N,N,,,2020,25021
25,023,451110,G,374,H,2075,G,8233,37,19,11,N,3,,,N,N,N,N,N,N,N,,,2020,25023
25,025,451110,H,263,H,1537,H,5017,21,9,5,4,N,,,N,N,N,N,N,N,N,,,2020,25025
25,027,451110,G,486,G,2745,G,11424,53,26,16,5,5,,,N,N,N,N,N,N,N,,,2020,25027
26,001,451110,J,6,H,37,H,225,3,3,N,N,N,,,N,N,N,N,N,N,N,,,2020,26001
26,005,451110,G,18,G,107,G,544,3,N,N,N,N,,,N,N,N,N,N,N,N,,,2020,26005
26,007,451110,J,19,J,86,H,330,4,3,N,N,N,,,N,N,N,N,N,N,N,,,2020,26007
26,009,451110,G,1,J,13,H,125,3,3,N,N,N,,,N,N,N,N,N,N,N,,,2020,26009
26,015,451110,J,29,J,167,H,752,4,3,N,N,N,,,N,N,N,N,N,N,N,,,2020,26015
26,017,451110,H,132,H,826,H,3842,7,3,N,N,N,,,N,N,N,N,N,N,N,,,2020,26017
26,021,451110,J,53,H,221,G,1210,12,10,N,N,N,,,N,N,N,N,N,N,N,,,2020,26021
26,023,451110,G,19,G,90,G,428,4,3,N,N,N,,,N,N,N,N,N,N,N,,,2020,26023
26,025,451110,G,54,G,288,G,1062,8,4,N,3,N,,,N,N,N,N,N,N,N,,,2020,26025
26,031,451110,J,16,J,75,J,322,3,N,N,N,N,,,N,N,N,N,N,N,N,,,2020,26031
26,033,451110,G,31,H,97,H,412,3,N,N,N,N,,,N,N,N,N,N,N,N,,,2020,26033
26,037,451110,G,13,H,60,H,279,3,N,N,N,N,,,N,N,N,N,N,N,N,,,2020,26037
26,041,451110,H,28,H,130,H,469,5,N,N,N,N,,,N,N,N,N,N,N,N,,,2020,26041
26,043,451110,G,16,J,77,H,357,3,N,N,N,N,,,N,N,N,N,N,N,N,,,2020,26043
26,045,451110,H,73,G,335,G,1804,7,3,N,N,N,,,N,N,N,N,N,N,N,,,2020,26045
26,047,451110,H,58,G,334,G,1558,11,6,N,3,N,,,N,N,N,N,N,N,N,,,2020,26047
26,049,451110,G,298,H,1916,H,8470,27,9,8,8,N,,,N,N,N,N,N,N,N,,,2020,26049
26,053,451110,H,36,H,129,G,479,4,N,N,N,N,,,N,N,N,N,N,N,N,,,2020,26053
26,055,451110,H,203,G,1075,G,4319,22,8,5,6,3,,,N,N,N,N,N,N,N,,,2020,26055
26,061,451110,G,41,G,152,G,592,6,N,3,N,N,,,N,N,N,N,N,N,N,,,2020,26061
26,063,451110,J,25,G,139,G,611,4,N,N,N,N,,,N,N,N,N,N,N,N,,,2020,26063
26,065,451110,H,204,H,914,H,4190,17,5,4,6,N,,,N,N,N,N,N,N,N,,,2020,26065
26,069,451110,J,4,J,17,G,108,4,4,N,N,N,,,N,N,N,N,N,N,N,,,2020,26069
26,073,451110,J,50,J,207,J,996,4,N,N,N,N,,,N,N,N,N,N,N,N,,,2020,26073
26,075,451110,H,90,G,454,H,1673,11,6,3,N,N,,,N,N,N,N,N,N,N,,,2020,26075
26,077,451110,G,358,G,1756,G,6730,21,8,3,6,N,3.0,,N,N,N,N,N,N,N,,,2020,26077
26,081,451110,G,1172,G,7127,G,29999,55,19,11,10,8,5.0,,N,N,N,N,N,N,N,,,2020,26081
26,087,451110,H,29,H,134,G,583,5,4,N,N,N,,,N,N,N,N,N,N,N,,,2020,26087
26,091,451110,H,43,G,211,G,872,4,N,N,N,N,,,N,N,N,N,N,N,N,,,2020,26091
26,093,451110,H,125,H,737,H,2713,14,7,3,3,N,,,N,N,N,N,N,N,N,,,2020,26093
26,099,451110,G,750,G,4302,G,17932,61,30,9,12,7,,,N,N,N,N,N,N,N,,,2020,26099
26,101,451110,G,20,G,101,G,352,5,4,N,N,N,,,N,N,N,N,N,N,N,,,2020,26101
26,103,451110,J,54,J,223,J,994,8,N,4,N,N,,,N,N,N,N,N,N,N,,,2020,26103
26,105,451110,J,22,H,96,G,467,4,N,N,N,N,,,N,N,N,N,N,N,N,,,2020,26105
26,111,451110,G,52,G,261,G,1341,7,4,N,N,N,,,N,N,N,N,N,N,N,,,2020,26111
26,115,451110,H,249,H,1448,H,5518,11,6,3,N,N,,,N,N,N,N,N,N,N,,,2020,26115
26,117,451110,G,22,G,117,H,669,3,N,N,N,N,,,N,N,N,N,N,N,N,,,2020,26117
26,121,451110,H,87,H,401,H,2044,14,10,N,N,N,,,N,N,N,N,N,N,N,,,2020,26121
26,125,451110,G,1299,G,6963,G,32387,99,42,21,19,12,3.0,,N,N,N,N,N,N,N,,,2020,26125
26,137,451110,H,107,H,545,H,2515,5,3,N,N,N,,,N,N,N,N,N,N,N,,,2020,26137
26,139,451110,G,195,G,1156,G,4895,17,6,5,4,N,,,N,N,N,N,N,N,N,,,2020,26139
26,143,451110,G,34,H,130,H,469,3,N,N,N,N,,,N,N,N,N,N,N,N,,,2020,26143
26,145,451110,G,201,H,1085,H,4444,12,3,N,5,N,,,N,N,N,N,N,N,N,,,2020,26145
26,147,451110,J,97,H,515,H,2147,7,N,N,3,N,,,N,N,N,N,N,N,N,,,2020,26147
26,155,451110,H,31,H,168,H,752,6,4,N,N,N,,,N,N,N,N,N,N,N,,,2020,26155
26,159,451110,H,23,G,113,H,529,5,4,N,N,N,,,N,N,N,N,N,N,N,,,2020,26159
26,161,451110,J,330,H,1832,H,7845,29,14,6,3,5,,,N,N,N,N,N,N,N,,,2020,26161
26,163,451110,G,728,G,3615,G,15875,80,35,21,17,6,,,N,N,N,N,N,N,N,,,2020,26163
26,165,451110,H,34,G,160,G,612,4,N,N,N,N,,,N,N,N,N,N,N,N,,,2020,26165
27,003,451110,H,358,G,1878,G,8001,34,11,10,8,4,,,N,N,N,N,N,N,N,,,2020,27003
27,007,451110,J,10,J,26,J,108,5,5,N,N,N,,,N,N,N,N,N,N,N,,,2020,27007
27,013,451110,H,255,J,1570,J,5622,6,N,N,N,N,,,N,N,N,N,N,N,N,,,2020,27013
27,019,451110,H,45,G,290,H,1372,6,N,3,N,N,,,N,N,N,N,N,N,N,,,2020,27019
27,021,451110,J,91,J,984,J,3514,7,5,N,N,N,,,N,N,N,N,N,N,N,,,2020,27021
27,027,451110,H,79,H,489,H,1728,4,N,N,N,N,,,N,N,N,N,N,N,N,,,2020,27027
27,035,451110,H,85,G,561,G,2806,18,8,8,N,N,,,N,N,N,N,N,N,N,,,2020,27035
27,037,451110,H,313,G,1905,G,9297,31,16,5,8,N,,,N,N,N,N,N,N,N,,,2020,27037
27,041,451110,H,93,H,555,H,2182,10,4,N,3,N,,,N,N,N,N,N,N,N,,,2020,27041
27,045,451110,J,1,J,6,J,39,3,3,N,N,N,,,N,N,N,N,N,N,N,,,2020,27045
27,047,451110,J,21,J,77,H,298,4,3,N,N,N,,,N,N,N,N,N,N,N,,,2020,27047
27,049,451110,G,20,G,136,G,566,4,N,N,N,N,,,N,N,N,N,N,N,N,,,2020,27049
27,053,451110,G,2138,G,13364,G,51274,103,31,23,24,13,9.0,3.0,N,N,N,N,N,N,N,,,2020,27053
27,057,451110,J,10,G,45,G,248,3,3,N,N,N,,,N,N,N,N,N,N,N,,,2020,27057
27,061,451110,J,32,G,211,G,899,5,3,N,N,N,,,N,N,N,N,N,N,N,,,2020,27061
27,067,451110,J,18,G,127,G,507,3,N,N,N,N,,,N,N,N,N,N,N,N,,,2020,27067
27,071,451110,J,13,H,83,G,362,4,3,N,N,N,,,N,N,N,N,N,N,N,,,2020,27071
27,077,451110,J,10,G,48,H,194,3,N,N,N,N,,,N,N,N,N,N,N,N,,,2020,27077
27,083,451110,J,35,H,205,H,865,5,4,N,N,N,,,N,N,N,N,N,N,N,,,2020,27083
27,093,451110,J,8,J,32,J,136,3,N,N,N,N,,,N,N,N,N,N,N,N,,,2020,27093
27,095,451110,H,20,H,166,H,834,3,N,N,N,N,,,N,N,N,N,N,N,N,,,2020,27095
27,109,451110,G,279,H,1964,H,7372,19,10,5,N,N,,,N,N,N,N,N,N,N,,,2020,27109
27,111,451110,J,32,G,208,G,1156,8,4,3,N,N,,,N,N,N,N,N,N,N,,,2020,27111
27,123,451110,G,680,H,4577,G,19618,36,13,8,9,N,3.0,,N,N,N,N,N,N,N,,,2020,27123
27,131,451110,G,13,G,67,G,265,4,3,N,N,N,,,N,N,N,N,N,N,N,,,2020,27131
27,137,451110,G,220,G,1042,G,4992,33,18,3,8,4,,,N,N,N,N,N,N,N,,,2020,27137
27,139,451110,G,58,G,361,G,1657,6,N,N,N,N,,,N,N,N,N,N,N,N,,,2020,27139
27,145,451110,H,412,H,2990,H,11750,16,5,4,4,N,,,N,N,N,N,N,N,N,,,2020,27145
27,147,451110,J,190,H,1011,H,3689,5,3,N,N,N,,,N,N,N,N,N,N,N,,,2020,27147
27,163,451110,G,393,G,2417,G,10177,23,9,4,7,N,,,N,N,N,N,N,N,N,,,2020,27163
27,169,451110,J,3,J,8,J,123,3,3,N,N,N,,,N,N,N,N,N,N,N,,,2020,27169
27,171,451110,G,58,G,334,G,1269,9,4,3,N,N,,,N,N,N,N,N,N,N,,,2020,27171
28,011,451110,J,18,H,81,H,337,4,N,N,N,N,,,N,N,N,N,N,N,N,,,2020,28011
28,033,451110,H,130,H,532,H,2402,6,3,N,N,N,,,N,N,N,N,N,N,N,,,2020,28033
28,035,451110,H,30,G,185,G,894,5,3,N,N,N,,,N,N,N,N,N,N,N,,,2020,28035
28,047,451110,J,214,J,960,H,5069,12,7,N,N,N,,,N,N,N,N,N,N,N,,,2020,28047
28,049,451110,H,102,H,408,H,1949,7,4,N,N,N,,,N,N,N,N,N,N,N,,,2020,28049
28,059,451110,J,6,J,38,H,218,4,4,N,N,N,,,N,N,N,N,N,N,N,,,2020,28059
28,071,451110,H,83,H,271,H,1434,4,N,N,N,N,,,N,N,N,N,N,N,N,,,2020,28071
28,073,451110,J,134,J,492,J,2659,3,N,N,N,N,,,N,N,N,N,N,N,N,,,2020,28073
28,075,451110,J,25,G,165,G,489,5,N,3,N,N,,,N,N,N,N,N,N,N,,,2020,28075
28,081,451110,H,150,G,632,H,2988,11,6,3,N,N,,,N,N,N,N,N,N,N,,,2020,28081
28,089,451110,G,72,G,453,G,2172,9,5,N,N,N,,,N,N,N,N,N,N,N,,,2020,28089
28,105,451110,G,30,G,169,H,1395,5,N,3,N,N,,,N,N,N,N,N,N,N,,,2020,28105
28,121,451110,G,271,G,1101,G,5093,9,3,3,N,N,,,N,N,N,N,N,N,N,,,2020,28121
28,149,451110,J,57,J,348,J,1427,4,N,N,N,N,,,N,N,N,N,N,N,N,,,2020,28149
28,151,451110,G,17,J,112,H,419,3,N,3,N,N,,,N,N,N,N,N,N,N,,,2020,28151
29,009,451110,J,9,G,62,H,303,3,N,N,N,N,,,N,N,N,N,N,N,N,,,2020,29009
29,019,451110,G,368,H,1516,G,6992,22,7,7,4,N,,,N,N,N,N,N,N,N,,,2020,29019
29,021,451110,J,56,J,201,J,998,7,6,N,N,N,,,N,N,N,N,N,N,N,,,2020,29021
29,023,451110,J,16,J,67,J,1078,4,3,N,N,N,,,N,N,N,N,N,N,N,,,2020,29023
29,029,451110,H,47,G,186,G,1021,3,N,N,N,N,,,N,N,N,N,N,N,N,,,2020,29029
29,031,451110,J,132,H,508,H,2367,9,5,N,N,N,,,N,N,N,N,N,N,N,,,2020,29031
29,037,451110,H,78,H,339,H,1691,6,5,N,N,N,,,N,N,N,N,N,N,N,,,2020,29037
29,047,451110,J,142,H,667,H,3147,10,6,N,N,N,,,N,N,N,N,N,N,N,,,2020,29047
29,051,451110,H,57,J,272,J,1267,7,5,N,N,N,,,N,N,N,N,N,N,N,,,2020,29051
29,071,451110,H,40,H,185,H,1137,7,6,N,N,N,,,N,N,N,N,N,N,N,,,2020,29071
29,077,451110,H,932,J,5276,J,21332,27,14,N,5,3,,,N,N,N,N,N,N,N,,,2020,29077
29,095,451110,H,385,H,2036,G,8740,29,20,3,N,3,,,N,N,N,N,N,N,N,,,2020,29095
29,097,451110,H,157,H,642,H,3023,13,6,4,N,N,,,N,N,N,N,N,N,N,,,2020,29097
29,099,451110,J,51,J,328,J,4349,7,4,N,N,N,,,N,N,N,N,N,N,N,,,2020,29099
29,127,451110,J,21,J,83,H,361,3,N,N,N,N,,,N,N,N,N,N,N,N,,,2020,29127
29,131,451110,G,14,J,117,J,699,4,3,N,N,N,,,N,N,N,N,N,N,N,,,2020,29131
29,145,451110,J,18,H,96,H,412,4,N,N,N,N,,,N,N,N,N,N,N,N,,,2020,29145
29,165,451110,H,84,H,470,H,2372,5,3,N,N,N,,,N,N,N,N,N,N,N,,,2020,29165
29,167,451110,J,3,J,10,G,45,3,3,N,N,N,,,N,N,N,N,N,N,N,,,2020,29167
29,183,451110,H,356,G,1727,G,7455,21,7,6,4,3,,,N,N,N,N,N,N,N,,,2020,29183
29,187,451110,H,30,H,126,H,714,5,N,3,N,N,,,N,N,N,N,N,N,N,,,2020,29187
29,189,451110,G,1044,G,6178,G,25037,75,34,22,5,8,4.0,,N,N,N,N,N,N,N,,,2020,29189
29,209,451110,J,14,G,72,G,383,5,4,N,N,N,,,N,N,N,N,N,N,N,,,2020,29209
29,213,451110,J,151,J,845,J,3256,4,N,N,N,N,,,N,N,N,N,N,N,N,,,2020,29213
29,510,451110,H,24,H,270,H,1276,7,5,N,N,N,,,N,N,N,N,N,N,N,,,2020,29510
30,013,451110,H,190,H,1239,H,4705,9,5,3,N,N,,,N,N,N,N,N,N,N,,,2020,30013
30,029,451110,G,332,H,2035,H,8138,18,6,5,3,N,,,N,N,N,N,N,N,N,,,2020,30029
30,031,451110,G,417,G,2346,G,9748,42,22,10,4,4,,,N,N,N,N,N,N,N,,,2020,30031
30,049,451110,G,196,G,875,G,3985,13,N,5,3,3,,,N,N,N,N,N,N,N,,,2020,30049
30,053,451110,J,11,J,69,J,307,3,N,N,N,N,,,N,N,N,N,N,N,N,,,2020,30053
30,057,451110,J,10,J,79,J,423,3,N,N,N,N,,,N,N,N,N,N,N,N,,,2020,30057
30,063,451110,H,427,G,2137,G,9072,31,13,10,3,N,3.0,,N,N,N,N,N,N,N,,,2020,30063
30,067,451110,J,17,H,115,G,658,6,4,N,N,N,,,N,N,N,N,N,N,N,,,2020,30067
30,081,451110,H,55,H,151,H,820,9,7,N,N,N,,,N,N,N,N,N,N,N,,,2020,30081
30,083,451110,J,14,J,77,J,292,3,N,N,N,N,,,N,N,N,N,N,N,N,,,2020,30083
30,093,451110,G,43,G,211,G,920,6,4,N,N,N,,,N,N,N,N,N,N,N,,,2020,30093
30,111,451110,H,567,H,4088,H,15082,25,14,5,N,N,,,N,N,N,N,N,N,N,,,2020,30111
31,019,451110,G,22,J,325,J,1208,5,4,N,N,N,,,N,N,N,N,N,N,N,,,2020,31019
31,053,451110,G,88,J,544,J,2109,4,N,N,N,N,,,N,N,N,N,N,N,N,,,2020,31053
31,055,451110,G,892,G,5414,G,20482,42,15,10,11,4,,,N,N,N,N,N,N,N,,,2020,31055
31,079,451110,J,70,H,257,H,1215,9,6,N,N,N,,,N,N,N,N,N,N,N,,,2020,31079
31,109,451110,G,744,G,5478,G,22063,27,11,4,6,3,,,N,N,N,N,N,N,N,,,2020,31109
31,111,451110,J,74,J,905,J,3563,6,4,N,N,N,,,N,N,N,N,N,N,N,,,2020,31111
31,141,451110,J,5,J,16,J,147,3,3,N,N,N,,,N,N,N,N,N,N,N,,,2020,31141
31,153,451110,G,200,H,1014,H,4085,6,3,N,N,N,,,N,N,N,N,N,N,N,,,2020,31153
31,157,451110,J,21,J,107,H,493,3,N,N,N,N,,,N,N,N,N,N,N,N,,,2020,31157
32,003,451110,G,1266,G,7275,G,31276,101,33,30,25,8,4.0,,N,N,N,N,N,N,N,,,2020,32003
32,005,451110,H,51,G,276,G,827,9,4,3,N,N,,,N,N,N,N,N,N,N,,,2020,32005
32,007,451110,H,47,H,230,G,1016,7,4,N,N,N,,,N,N,N,N,N,N,N,,,2020,32007
32,023,451110,J,19,J,73,J,316,3,N,N,N,N,,,N,N,N,N,N,N,N,,,2020,32023
32,031,451110,G,804,G,5723,G,22225,32,15,4,6,4,,,N,N,N,N,N,N,N,,,2020,32031
32,510,451110,J,69,H,239,H,1132,6,4,N,N,N,,,N,N,N,N,N,N,N,,,2020,32510
33,001,451110,J,56,H,270,G,905,9,5,N,N,N,,,N,N,N,N,N,N,N,,,2020,33001
33,003,451110,H,174,H,1092,H,4504,17,5,7,3,N,,,N,N,N,N,N,N,N,,,2020,33003
33,005,451110,H,44,H,292,H,1175,5,3,N,N,N,,,N,N,N,N,N,N,N,,,2020,33005
33,007,451110,G,56,G,460,G,1724,5,3,N,N,N,,,N,N,N,N,N,N,N,,,2020,33007
33,009,451110,G,188,G,1640,G,6079,17,6,4,3,4,,,N,N,N,N,N,N,N,,,2020,33009
33,011,451110,H,435,H,2328,H,10037,42,17,12,9,3,,,N,N,N,N,N,N,N,,,2020,33011
33,013,451110,G,324,G,1412,G,6863,17,7,4,N,3,,,N,N,N,N,N,N,N,,,2020,33013
33,015,451110,G,502,G,2610,G,11663,46,19,11,9,6,,,N,N,N,N,N,N,N,,,2020,33015
33,017,451110,G,108,G,757,G,3593,12,5,4,N,N,,,N,N,N,N,N,N,N,,,2020,33017
33,019,451110,G,16,J,68,H,281,3,N,N,N,N,,,N,N,N,N,N,N,N,,,2020,33019
34,001,451110,H,242,H,1919,H,7356,20,10,6,N,N,,,N,N,N,N,N,N,N,,,2020,34001
34,003,451110,H,580,H,3666,H,13664,56,34,7,5,7,3.0,,N,N,N,N,N,N,N,,,2020,34003
34,005,451110,G,392,H,2066,G,7768,21,9,3,3,3,,,N,N,N,N,N,N,N,,,2020,34005
34,007,451110,H,183,H,1028,H,3690,17,3,7,6,N,,,N,N,N,N,N,N,N,,,2020,34007
34,009,451110,H,64,G,368,G,2984,29,25,3,N,N,,,N,N,N,N,N,N,N,,,2020,34009
34,011,451110,J,64,J,280,J,1317,6,5,N,N,N,,,N,N,N,N,N,N,N,,,2020,34011
34,013,451110,H,132,G,957,G,2457,23,17,N,3,N,,,N,N,N,N,N,N,N,,,2020,34013
34,015,451110,G,142,G,907,G,2782,12,5,3,N,N,,,N,N,N,N,N,N,N,,,2020,34015
34,017,451110,J,145,H,578,G,1213,14,8,N,N,3,,,N,N,N,N,N,N,N,,,2020,34017
34,019,451110,H,91,G,689,G,3208,15,9,4,N,N,,,N,N,N,N,N,N,N,,,2020,34019
34,021,451110,H,263,G,1593,G,5499,18,7,4,N,4,,,N,N,N,N,N,N,N,,,2020,34021
34,023,451110,H,372,G,1992,H,8016,33,18,4,5,5,,,N,N,N,N,N,N,N,,,2020,34023
34,025,451110,G,419,G,2854,G,11856,48,24,11,5,7,,,N,N,N,N,N,N,N,,,2020,34025
34,027,451110,H,563,H,3368,G,14288,43,24,6,4,4,5.0,,N,N,N,N,N,N,N,,,2020,34027
34,029,451110,G,319,G,1515,G,7573,47,33,6,3,4,,,N,N,N,N,N,N,N,,,2020,34029
34,031,451110,H,258,G,1192,G,4753,15,6,3,N,N,,,N,N,N,N,N,N,N,,,2020,34031
34,035,451110,H,196,H,1066,H,4238,19,7,5,4,3,,,N,N,N,N,N,N,N,,,2020,34035
34,037,451110,G,57,H,213,G,844,7,5,N,N,N,,,N,N,N,N,N,N,N,,,2020,34037
34,039,451110,G,336,G,1564,G,5376,29,16,3,7,N,,,N,N,N,N,N,N,N,,,2020,34039
34,041,451110,J,24,G,127,G,749,7,5,N,N,N,,,N,N,N,N,N,N,N,,,2020,34041
35,001,451110,G,567,G,3006,G,11902,45,18,11,9,5,,,N,N,N,N,N,N,N,,,2020,35001
35,005,451110,G,33,G,106,G,567,4,N,N,N,N,,,N,N,N,N,N,N,N,,,2020,35005
35,007,451110,H,38,H,221,H,352,5,N,N,N,N,,,N,N,N,N,N,N,N,,,2020,35007
35,013,451110,G,130,G,743,G,3063,11,5,N,3,N,,,N,N,N,N,N,N,N,,,2020,35013
35,015,451110,H,27,J,86,H,321,3,N,N,N,N,,,N,N,N,N,N,N,N,,,2020,35015
35,027,451110,H,36,G,129,G,431,6,4,N,N,N,,,N,N,N,N,N,N,N,,,2020,35027
35,031,451110,G,24,G,86,G,326,3,N,N,N,N,,,N,N,N,N,N,N,N,,,2020,35031
35,035,451110,J,23,H,95,J,359,5,4,N,N,N,,,N,N,N,N,N,N,N,,,2020,35035
35,045,451110,H,122,G,591,G,2712,11,6,N,3,N,,,N,N,N,N,N,N,N,,,2020,35045
35,049,451110,G,157,G,1008,G,3230,13,3,4,5,N,,,N,N,N,N,N,N,N,,,2020,35049
35,055,451110,H,122,H,807,H,1778,17,7,4,6,N,,,N,N,N,N,N,N,N,,,2020,35055
36,001,451110,H,418,H,2056,H,8258,28,15,7,3,N,,,N,N,N,N,N,N,N,,,2020,36001
36,003,451110,G,8,J,37,J,142,3,N,N,N,N,,,N,N,N,N,N,N,N,,,2020,36003
36,005,451110,H,312,H,1570,G,3604,20,10,N,N,5,,,N,N,N,N,N,N,N,,,2020,36005
36,007,451110,G,123,H,705,H,2766,11,8,N,N,N,,,N,N,N,N,N,N,N,,,2020,36007
36,009,451110,H,92,G,595,G,2036,11,6,3,N,N,,,N,N,N,N,N,N,N,,,2020,36009
36,011,451110,J,142,J,755,J,2942,6,4,N,N,N,,,N,N,N,N,N,N,N,,,2020,36011
36,013,451110,J,23,G,113,G,600,10,7,3,N,N,,,N,N,N,N,N,N,N,,,2020,36013
36,015,451110,G,123,G,786,G,3569,8,3,N,N,3,,,N,N,N,N,N,N,N,,,2020,36015
36,019,451110,H,74,G,381,G,2066,7,4,N,N,N,,,N,N,N,N,N,N,N,,,2020,36019
36,021,451110,J,19,G,113,H,412,5,4,N,N,N,,,N,N,N,N,N,N,N,,,2020,36021
36,023,451110,G,22,H,104,J,282,3,N,N,N,N,,,N,N,N,N,N,N,N,,,2020,36023
36,025,451110,J,11,J,62,J,262,6,6,N,N,N,,,N,N,N,N,N,N,N,,,2020,36025
36,027,451110,H,116,G,693,H,2979,24,19,N,N,N,,,N,N,N,N,N,N,N,,,2020,36027
36,029,451110,G,835,G,5192,G,20661,59,29,9,13,3,4.0,,N,N,N,N,N,N,N,,,2020,36029
36,031,451110,G,85,G,409,G,1985,10,3,3,3,N,,,N,N,N,N,N,N,N,,,2020,36031
36,035,451110,G,11,G,49,G,249,3,N,N,N,N,,,N,N,N,N,N,N,N,,,2020,36035
36,037,451110,G,52,G,234,G,1048,6,4,N,N,N,,,N,N,N,N,N,N,N,,,2020,36037
36,039,451110,J,27,J,168,J,404,5,3,N,N,N,,,N,N,N,N,N,N,N,,,2020,36039
36,043,451110,G,27,J,155,J,714,4,3,N,N,N,,,N,N,N,N,N,N,N,,,2020,36043
36,045,451110,J,54,H,239,H,1168,5,4,N,N,N,,,N,N,N,N,N,N,N,,,2020,36045
36,047,451110,H,718,G,4464,H,13674,77,48,13,4,10,,,N,N,N,N,N,N,N,,,2020,36047
36,055,451110,G,555,G,2924,G,12468,47,27,9,N,4,5.0,,N,N,N,N,N,N,N,,,2020,36055
36,059,451110,G,1056,G,6841,G,25925,110,70,17,6,11,5.0,,N,N,N,N,N,N,N,,,2020,36059
36,061,451110,G,1333,G,9980,G,27333,95,50,20,8,12,4.0,,N,N,N,N,N,N,N,,,2020,36061
36,063,451110,H,110,G,365,G,952,12,7,N,3,N,,,N,N,N,N,N,N,N,,,2020,36063
36,065,451110,H,169,H,874,H,3737,12,5,5,N,N,,,N,N,N,N,N,N,N,,,2020,36065
36,067,451110,G,322,G,1765,G,7443,24,11,5,N,5,,,N,N,N,N,N,N,N,,,2020,36067
36,069,451110,J,159,H,613,H,2449,9,3,3,N,N,,,N,N,N,N,N,N,N,,,2020,36069
36,071,451110,H,148,H,802,H,2919,20,14,N,N,N,,,N,N,N,N,N,N,N,,,2020,36071
36,075,451110,G,48,H,210,J,929,11,6,4,N,N,,,N,N,N,N,N,N,N,,,2020,36075
36,079,451110,H,43,G,260,G,1031,9,7,N,N,N,,,N,N,N,N,N,N,N,,,2020,36079
36,081,451110,H,525,H,2424,G,6227,52,38,N,N,10,,,N,N,N,N,N,N,N,,,2020,36081
36,083,451110,J,36,H,164,G,651,9,6,3,N,N,,,N,N,N,N,N,N,N,,,2020,36083
36,085,451110,J,128,J,650,H,2078,13,9,N,N,4,,,N,N,N,N,N,N,N,,,2020,36085
36,087,451110,H,198,H,1105,G,4475,17,11,N,N,N,,,N,N,N,N,N,N,N,,,2020,36087
36,089,451110,J,34,J,136,J,549,7,5,N,N,N,,,N,N,N,N,N,N,N,,,2020,36089
36,091,451110,G,178,G,886,G,3593,16,4,8,N,N,,,N,N,N,N,N,N,N,,,2020,36091
36,093,451110,G,19,G,82,G,397,5,3,N,N,N,,,N,N,N,N,N,N,N,,,2020,36093
36,101,451110,J,18,G,79,G,420,8,7,N,N,N,,,N,N,N,N,N,N,N,,,2020,36101
36,103,451110,G,1231,G,7009,G,29871,136,87,20,11,13,5.0,,N,N,N,N,N,N,N,,,2020,36103
36,107,451110,J,14,J,95,J,412,3,N,N,N,N,,,N,N,N,N,N,N,N,,,2020,36107
36,109,451110,H,74,H,368,H,1591,11,6,3,N,N,,,N,N,N,N,N,N,N,,,2020,36109
36,111,451110,H,155,H,847,H,3343,19,12,N,N,3,,,N,N,N,N,N,N,N,,,2020,36111
36,113,451110,G,111,G,697,G,3280,12,5,3,3,N,,,N,N,N,N,N,N,N,,,2020,36113
36,115,451110,J,11,H,43,G,242,4,4,N,N,N,,,N,N,N,N,N,N,N,,,2020,36115
36,117,451110,J,7,J,46,H,141,3,3,N,N,N,,,N,N,N,N,N,N,N,,,2020,36117
36,119,451110,G,840,G,4354,G,17871,73,43,8,4,15,3.0,,N,N,N,N,N,N,N,,,2020,36119
37,001,451110,J,125,J,594,J,2610,13,7,N,3,N,,,N,N,N,N,N,N,N,,,2020,37001
37,011,451110,G,72,H,338,G,952,4,N,N,N,N,,,N,N,N,N,N,N,N,,,2020,37011
37,013,451110,J,9,J,52,J,260,5,5,N,N,N,,,N,N,N,N,N,N,N,,,2020,37013
37,019,451110,J,26,J,88,H,780,15,13,N,N,N,,,N,N,N,N,N,N,N,,,2020,37019
37,021,451110,G,348,G,1888,G,7244,30,13,9,3,3,,,N,N,N,N,N,N,N,,,2020,37021
37,023,451110,J,50,H,235,J,1190,5,3,N,N,N,,,N,N,N,N,N,N,N,,,2020,37023
37,025,451110,G,351,H,1549,H,7058,15,9,N,N,N,,,N,N,N,N,N,N,N,,,2020,37025
37,027,451110,J,20,G,95,G,400,4,3,N,N,N,,,N,N,N,N,N,N,N,,,2020,37027
37,031,451110,H,107,H,454,H,2216,15,9,N,N,N,,,N,N,N,N,N,N,N,,,2020,37031
37,035,451110,J,153,J,696,J,3277,10,6,N,N,N,,,N,N,N,N,N,N,N,,,2020,37035
37,045,451110,J,37,J,134,J,627,5,3,N,N,N,,,N,N,N,N,N,N,N,,,2020,37045
37,047,451110,J,6,G,43,G,167,3,3,N,N,N,,,N,N,N,N,N,N,N,,,2020,37047
37,049,451110,J,34,J,129,J,565,6,3,N,N,N,,,N,N,N,N,N,N,N,,,2020,37049
37,051,451110,J,232,H,979,H,4860,17,9,6,N,N,,,N,N,N,N,N,N,N,,,2020,37051
37,053,451110,J,6,J,46,G,255,4,4,N,N,N,,,N,N,N,N,N,N,N,,,2020,37053
37,055,451110,H,133,G,950,G,6491,29,22,4,N,N,,,N,N,N,N,N,N,N,,,2020,37055
37,057,451110,J,6,J,39,J,176,5,5,N,N,N,,,N,N,N,N,N,N,N,,,2020,37057
37,063,451110,H,177,J,1346,J,8380,10,3,3,N,N,,,N,N,N,N,N,N,N,,,2020,37063
37,067,451110,H,190,G,940,G,4254,20,11,3,3,N,,,N,N,N,N,N,N,N,,,2020,37067
37,071,451110,G,99,G,518,G,2556,11,4,4,N,N,,,N,N,N,N,N,N,N,,,2020,37071
37,081,451110,H,367,H,1480,H,6988,24,15,N,N,3,3.0,,N,N,N,N,N,N,N,,,2020,37081
37,085,451110,J,7,H,43,G,169,3,3,N,N,N,,,N,N,N,N,N,N,N,,,2020,37085
37,087,451110,J,17,J,88,H,301,4,N,N,N,N,,,N,N,N,N,N,N,N,,,2020,37087
37,089,451110,H,44,H,187,H,1014,10,6,3,N,N,,,N,N,N,N,N,N,N,,,2020,37089
37,097,451110,H,83,G,524,H,2355,14,9,4,N,N,,,N,N,N,N,N,N,N,,,2020,37097
37,099,451110,G,14,G,58,G,296,4,N,N,N,N,,,N,N,N,N,N,N,N,,,2020,37099
37,101,451110,J,7,J,40,J,203,4,4,N,N,N,,,N,N,N,N,N,N,N,,,2020,37101
37,105,451110,G,30,G,128,G,571,3,N,N,N,N,,,N,N,N,N,N,N,N,,,2020,37105
37,109,451110,G,5,J,22,J,123,3,3,N,N,N,,,N,N,N,N,N,N,N,,,2020,37109
37,113,451110,H,32,J,163,H,595,5,N,N,N,N,,,N,N,N,N,N,N,N,,,2020,37113
37,119,451110,G,887,G,5283,G,23058,60,15,19,14,8,4.0,,N,N,N,N,N,N,N,,,2020,37119
37,125,451110,H,92,G,499,G,2568,13,7,4,N,N,,,N,N,N,N,N,N,N,,,2020,37125
37,127,451110,G,31,H,105,H,426,4,N,N,N,N,,,N,N,N,N,N,N,N,,,2020,37127
37,129,451110,G,291,G,1534,G,7352,29,12,9,4,4,,,N,N,N,N,N,N,N,,,2020,37129
37,133,451110,G,189,G,797,G,3632,12,5,4,N,N,,,N,N,N,N,N,N,N,,,2020,37133
37,135,451110,H,67,G,392,G,1911,11,4,5,N,N,,,N,N,N,N,N,N,N,,,2020,37135
37,141,451110,J,15,J,75,H,417,5,4,N,N,N,,,N,N,N,N,N,N,N,,,2020,37141
37,145,451110,J,12,J,73,J,370,3,N,N,N,N,,,N,N,N,N,N,N,N,,,2020,37145
37,147,451110,H,165,H,635,H,3047,15,8,3,N,N,,,N,N,N,N,N,N,N,,,2020,37147
37,151,451110,J,21,J,111,J,452,4,3,N,N,N,,,N,N,N,N,N,N,N,,,2020,37151
37,157,451110,J,12,J,39,H,183,4,3,N,N,N,,,N,N,N,N,N,N,N,,,2020,37157
37,159,451110,G,63,G,326,G,1316,13,9,3,N,N,,,N,N,N,N,N,N,N,,,2020,37159
37,167,451110,J,11,J,61,J,272,5,4,N,N,N,,,N,N,N,N,N,N,N,,,2020,37167
37,171,451110,H,23,G,107,G,478,5,4,N,N,N,,,N,N,N,N,N,N,N,,,2020,37171
37,175,451110,J,51,J,273,J,1282,4,N,N,3,N,,,N,N,N,N,N,N,N,,,2020,37175
37,179,451110,G,77,H,246,G,829,10,7,N,N,N,,,N,N,N,N,N,N,N,,,2020,37179
37,183,451110,G,1145,G,6490,G,27623,69,27,9,15,13,3.0,,N,N,N,N,N,N,N,,,2020,37183
37,189,451110,G,50,G,208,G,921,12,9,N,N,N,,,N,N,N,N,N,N,N,,,2020,37189
37,191,451110,J,70,H,323,H,1563,8,4,N,N,N,,,N,N,N,N,N,N,N,,,2020,37191
37,195,451110,J,53,J,293,J,1351,6,N,N,3,N,,,N,N,N,N,N,N,N,,,2020,37195
38,015,451110,J,429,J,3279,J,10660,10,4,N,N,N,,,N,N,N,N,N,N,N,,,2020,38015
38,017,451110,G,581,G,4548,G,17439,12,3,4,3,N,,,N,N,N,N,N,N,N,,,2020,38017
38,035,451110,H,232,H,1732,H,5950,6,N,3,N,N,,,N,N,N,N,N,N,N,,,2020,38035
38,089,451110,J,23,H,121,H,451,3,N,N,N,N,,,N,N,N,N,N,N,N,,,2020,38089
38,101,451110,G,201,H,1769,H,6510,9,N,6,N,N,,,N,N,N,N,N,N,N,,,2020,38101
39,001,451110,J,3,J,19,J,97,3,3,N,N,N,,,N,N,N,N,N,N,N,,,2020,39001
39,003,451110,G,58,H,273,H,1249,7,4,N,N,N,,,N,N,N,N,N,N,N,,,2020,39003
39,005,451110,J,105,J,878,J,2004,3,N,N,N,N,,,N,N,N,N,N,N,N,,,2020,39005
39,007,451110,H,22,G,89,G,476,6,4,N,N,N,,,N,N,N,N,N,N,N,,,2020,39007
39,009,451110,H,39,G,112,G,436,7,3,3,N,N,,,N,N,N,N,N,N,N,,,2020,39009
39,013,451110,H,27,J,187,J,742,4,N,N,N,N,,,N,N,N,N,N,N,N,,,2020,39013
39,017,451110,G,394,G,1841,G,7973,24,11,4,4,N,,,N,N,N,N,N,N,N,,,2020,39017
39,023,451110,H,33,G,122,G,460,4,N,N,N,N,,,N,N,N,N,N,N,N,,,2020,39023
39,025,451110,G,90,H,436,H,2063,11,6,3,N,N,,,N,N,N,N,N,N,N,,,2020,39025
39,029,451110,G,20,H,102,H,451,3,N,N,N,N,,,N,N,N,N,N,N,N,,,2020,39029
39,035,451110,H,709,H,3503,H,15318,65,35,13,8,4,5.0,,N,N,N,N,N,N,N,,,2020,39035
39,041,451110,G,386,G,1970,G,9103,14,5,N,4,N,,,N,N,N,N,N,N,N,,,2020,39041
39,043,451110,J,83,J,426,H,1934,6,3,N,N,N,,,N,N,N,N,N,N,N,,,2020,39043
39,045,451110,J,48,H,191,H,917,6,5,N,N,N,,,N,N,N,N,N,N,N,,,2020,39045
39,049,451110,H,1018,G,5908,G,27069,61,26,12,10,6,6.0,,N,N,N,N,N,N,N,,,2020,39049
39,055,451110,J,39,H,289,H,1199,10,7,3,N,N,,,N,N,N,N,N,N,N,,,2020,39055
39,057,451110,H,84,J,700,J,2633,5,3,N,N,N,,,N,N,N,N,N,N,N,,,2020,39057
39,059,451110,J,17,G,70,H,249,3,N,N,N,N,,,N,N,N,N,N,N,N,,,2020,39059
39,061,451110,H,924,H,5573,H,24292,60,24,10,12,10,3.0,,N,N,N,N,N,N,N,,,2020,39061
39,063,451110,J,75,H,408,H,1870,6,N,N,N,N,,,N,N,N,N,N,N,N,,,2020,39063
39,075,451110,H,24,G,138,H,817,8,5,3,N,N,,,N,N,N,N,N,N,N,,,2020,39075
39,081,451110,J,51,H,178,G,1160,4,3,N,N,N,,,N,N,N,N,N,N,N,,,2020,39081
39,085,451110,G,187,G,979,G,4200,18,9,4,N,N,,,N,N,N,N,N,N,N,,,2020,39085
39,087,451110,J,10,H,41,G,149,5,5,N,N,N,,,N,N,N,N,N,N,N,,,2020,39087
39,089,451110,J,206,J,1092,J,5487,9,4,N,N,N,,,N,N,N,N,N,N,N,,,2020,39089
39,091,451110,G,19,H,85,G,364,3,N,N,N,N,,,N,N,N,N,N,N,N,,,2020,39091
39,093,451110,G,206,H,1101,H,5515,13,5,N,6,N,,,N,N,N,N,N,N,N,,,2020,39093
39,095,451110,H,264,H,1896,H,8404,20,10,4,N,N,,,N,N,N,N,N,N,N,,,2020,39095
39,099,451110,H,164,H,810,H,3782,13,6,3,N,3,,,N,N,N,N,N,N,N,,,2020,39099
39,103,451110,J,56,G,331,G,1658,8,3,4,N,N,,,N,N,N,N,N,N,N,,,2020,39103
39,107,451110,G,28,G,102,G,426,8,7,N,N,N,,,N,N,N,N,N,N,N,,,2020,39107
39,109,451110,G,56,G,295,G,1222,6,4,N,N,N,,,N,N,N,N,N,N,N,,,2020,39109
39,113,451110,G,447,G,2711,G,12279,37,18,9,N,6,,,N,N,N,N,N,N,N,,,2020,39113
39,123,451110,G,1,J,1,H,127,4,4,N,N,N,,,N,N,N,N,N,N,N,,,2020,39123
39,133,451110,H,68,G,350,G,1755,10,8,N,N,N,,,N,N,N,N,N,N,N,,,2020,39133
39,139,451110,G,89,G,472,G,2163,7,4,N,N,N,,,N,N,N,N,N,N,N,,,2020,39139
39,141,451110,J,62,J,238,J,1130,3,N,N,N,N,,,N,N,N,N,N,N,N,,,2020,39141
39,143,451110,J,5,G,7,G,15,3,3,N,N,N,,,N,N,N,N,N,N,N,,,2020,39143
39,145,451110,J,4,G,21,G,117,3,3,N,N,N,,,N,N,N,N,N,N,N,,,2020,39145
39,151,451110,G,261,G,1279,G,5714,30,14,10,4,N,,,N,N,N,N,N,N,N,,,2020,39151
39,153,451110,H,282,G,1476,H,7059,28,11,10,4,N,,,N,N,N,N,N,N,N,,,2020,39153
39,155,451110,G,58,G,277,G,1302,10,7,N,N,N,,,N,N,N,N,N,N,N,,,2020,39155
39,157,451110,H,90,H,452,H,2202,14,8,4,N,N,,,N,N,N,N,N,N,N,,,2020,39157
39,165,451110,H,181,H,887,G,2973,10,N,5,N,N,,,N,N,N,N,N,N,N,,,2020,39165
39,167,451110,H,35,H,280,H,962,5,3,N,N,N,,,N,N,N,N,N,N,N,,,2020,39167
39,169,451110,G,70,G,304,G,1368,10,6,N,N,N,,,N,N,N,N,N,N,N,,,2020,39169
39,173,451110,H,223,H,1078,H,4725,6,N,N,4,N,,,N,N,N,N,N,N,N,,,2020,39173
40,009,451110,J,9,G,64,G,314,3,3,N,N,N,,,N,N,N,N,N,N,N,,,2020,40009
40,017,451110,J,92,J,356,J,1687,3,N,N,N,N,,,N,N,N,N,N,N,N,,,2020,40017
40,027,451110,H,182,H,755,H,3839,12,7,N,N,N,,,N,N,N,N,N,N,N,,,2020,40027
40,031,451110,H,106,H,431,H,2220,7,5,N,N,N,,,N,N,N,N,N,N,N,,,2020,40031
40,041,451110,J,8,G,65,G,298,4,4,N,N,N,,,N,N,N,N,N,N,N,,,2020,40041
40,047,451110,J,61,J,288,J,1241,4,3,N,N,N,,,N,N,N,N,N,N,N,,,2020,40047
40,089,451110,G,27,G,135,G,664,4,3,N,N,N,,,N,N,N,N,N,N,N,,,2020,40089
40,109,451110,G,1039,G,4977,G,23187,60,30,10,6,7,5.0,,N,N,N,N,N,N,N,,,2020,40109
40,111,451110,J,6,J,38,H,190,3,3,N,N,N,,,N,N,N,N,N,N,N,,,2020,40111
40,119,451110,J,122,J,475,J,2334,7,4,N,N,N,,,N,N,N,N,N,N,N,,,2020,40119
40,123,451110,G,9,G,38,G,177,3,N,N,N,N,,,N,N,N,N,N,N,N,,,2020,40123
40,125,451110,G,57,H,300,H,1197,5,N,N,N,N,,,N,N,N,N,N,N,N,,,2020,40125
40,131,451110,H,38,G,298,G,1294,4,N,N,N,N,,,N,N,N,N,N,N,N,,,2020,40131
40,137,451110,G,12,H,105,H,485,3,N,N,N,N,,,N,N,N,N,N,N,N,,,2020,40137
40,143,451110,G,773,G,3977,G,19319,52,27,11,4,6,3.0,,N,N,N,N,N,N,N,,,2020,40143
40,153,451110,G,9,G,59,G,366,5,5,N,N,N,,,N,N,N,N,N,N,N,,,2020,40153
41,003,451110,G,96,G,497,G,1837,12,7,N,N,N,,,N,N,N,N,N,N,N,,,2020,41003
41,005,451110,G,390,G,2376,G,10244,29,10,10,3,4,,,N,N,N,N,N,N,N,,,2020,41005
41,007,451110,J,33,J,211,J,865,6,4,N,N,N,,,N,N,N,N,N,N,N,,,2020,41007
41,009,451110,J,31,J,318,J,1235,4,N,N,N,N,,,N,N,N,N,N,N,N,,,2020,41009
41,011,451110,J,35,G,184,G,829,7,5,N,N,N,,,N,N,N,N,N,N,N,,,2020,41011
41,013,451110,J,7,H,27,H,167,3,N,N,N,N,,,N,N,N,N,N,N,N,,,2020,41013
41,015,451110,J,11,J,58,J,137,4,4,N,N,N,,,N,N,N,N,N,N,N,,,2020,41015
41,017,451110,G,512,G,2872,G,13845,56,24,18,8,4,,,N,N,N,N,N,N,N,,,2020,41017
41,019,451110,H,57,H,249,H,1256,4,N,N,N,N,,,N,N,N,N,N,N,N,,,2020,41019
41,027,451110,J,60,H,402,H,2141,13,8,3,N,N,,,N,N,N,N,N,N,N,,,2020,41027
41,029,451110,G,325,G,1643,G,7175,32,16,10,3,N,3.0,,N,N,N,N,N,N,N,,,2020,41029
41,033,451110,G,36,H,157,G,786,10,7,N,N,N,,,N,N,N,N,N,N,N,,,2020,41033
41,035,451110,G,82,G,327,G,1440,9,4,N,N,N,,,N,N,N,N,N,N,N,,,2020,41035
41,039,451110,G,512,H,4020,H,14156,39,23,5,5,3,,,N,N,N,N,N,N,N,,,2020,41039
41,041,451110,H,40,G,182,G,728,7,3,3,N,N,,,N,N,N,N,N,N,N,,,2020,41041
41,043,451110,J,90,J,363,J,1869,10,6,N,N,N,,,N,N,N,N,N,N,N,,,2020,41043
41,045,451110,H,32,G,145,G,646,3,N,N,N,N,,,N,N,N,N,N,N,N,,,2020,41045
41,047,451110,G,251,G,1225,G,5085,18,6,5,4,N,,,N,N,N,N,N,N,N,,,2020,41047
41,051,451110,G,1074,G,7799,G,32683,84,38,16,14,13,,,N,N,N,N,N,N,N,,,2020,41051
41,057,451110,J,27,G,236,G,837,5,3,N,N,N,,,N,N,N,N,N,N,N,,,2020,41057
41,059,451110,J,36,H,143,H,632,9,6,N,N,N,,,N,N,N,N,N,N,N,,,2020,41059
41,061,451110,H,27,H,107,H,450,5,4,N,N,N,,,N,N,N,N,N,N,N,,,2020,41061
41,067,451110,G,833,G,5664,G,21656,40,15,6,10,3,5.0,,N,N,N,N,N,N,N,,,2020,41067
41,071,451110,H,30,G,119,G,556,5,3,N,N,N,,,N,N,N,N,N,N,N,,,2020,41071
42,001,451110,J,18,H,99,H,445,3,N,N,N,N,,,N,N,N,N,N,N,N,,,2020,42001
42,003,451110,G,1084,G,5079,G,21506,78,31,20,16,6,3.0,,N,N,N,N,N,N,N,,,2020,42003
42,007,451110,H,69,H,343,G,2070,7,5,N,N,N,,,N,N,N,N,N,N,N,,,2020,42007
42,011,451110,G,471,H,2411,G,9244,20,12,4,N,N,,,N,N,N,N,N,N,N,,,2020,42011
42,013,451110,H,154,H,735,G,3139,15,8,4,N,N,,,N,N,N,N,N,N,N,,,2020,42013
42,015,451110,J,21,H,81,G,360,7,5,N,N,N,,,N,N,N,N,N,N,N,,,2020,42015
42,017,451110,G,354,G,1742,G,7934,39,19,8,6,5,,,N,N,N,N,N,N,N,,,2020,42017
42,019,451110,J,282,J,1388,H,6563,16,9,N,N,N,,,N,N,N,N,N,N,N,,,2020,42019
42,021,451110,G,60,H,323,H,1382,9,3,3,N,N,,,N,N,N,N,N,N,N,,,2020,42021
42,027,451110,H,154,H,654,H,2573,15,8,3,N,3,,,N,N,N,N,N,N,N,,,2020,42027
42,029,451110,G,254,G,1627,G,5640,29,16,7,4,N,,,N,N,N,N,N,N,N,,,2020,42029
42,031,451110,H,26,G,175,G,719,5,N,3,N,N,,,N,N,N,N,N,N,N,,,2020,42031
42,033,451110,G,82,H,548,H,2885,7,3,N,N,N,,,N,N,N,N,N,N,N,,,2020,42033
42,037,451110,H,30,H,146,H,543,4,3,N,N,N,,,N,N,N,N,N,N,N,,,2020,42037
42,039,451110,G,24,G,101,G,502,8,7,N,N,N,,,N,N,N,N,N,N,N,,,2020,42039
42,041,451110,G,208,G,1038,G,5327,16,6,4,4,N,,,N,N,N,N,N,N,N,,,2020,42041
42,043,451110,H,279,H,1418,G,5374,12,6,3,N,N,,,N,N,N,N,N,N,N,,,2020,42043
42,045,451110,G,198,G,1004,H,3667,24,13,4,5,N,,,N,N,N,N,N,N,N,,,2020,42045
42,047,451110,J,36,J,209,J,1105,3,N,N,N,N,,,N,N,N,N,N,N,N,,,2020,42047
42,049,451110,H,183,H,833,G,3816,21,15,3,N,N,,,N,N,N,N,N,N,N,,,2020,42049
42,051,451110,H,105,G,406,H,1840,8,5,N,N,3,,,N,N,N,N,N,N,N,,,2020,42051
42,055,451110,G,81,G,344,G,1820,10,6,N,N,N,,,N,N,N,N,N,N,N,,,2020,42055
42,061,451110,G,15,G,43,H,123,3,N,N,N,N,,,N,N,N,N,N,N,N,,,2020,42061
42,063,451110,J,53,J,68,H,271,5,N,N,N,N,,,N,N,N,N,N,N,N,,,2020,42063
42,065,451110,G,15,G,90,G,396,6,5,N,N,N,,,N,N,N,N,N,N,N,,,2020,42065
42,069,451110,G,203,G,945,G,4221,14,6,N,5,N,,,N,N,N,N,N,N,N,,,2020,42069
42,071,451110,G,324,G,1977,G,9016,37,16,11,5,5,,,N,N,N,N,N,N,N,,,2020,42071
42,073,451110,J,56,H,271,H,1155,8,5,N,3,N,,,N,N,N,N,N,N,N,,,2020,42073
42,075,451110,G,51,G,254,G,1090,11,8,N,N,N,,,N,N,N,N,N,N,N,,,2020,42075
42,077,451110,H,291,G,1526,G,5931,22,9,5,5,N,,,N,N,N,N,N,N,N,,,2020,42077
42,079,451110,G,139,G,618,G,2727,25,20,N,N,N,,,N,N,N,N,N,N,N,,,2020,42079
42,081,451110,G,93,G,409,G,1799,8,4,N,N,N,,,N,N,N,N,N,N,N,,,2020,42081
42,085,451110,G,37,G,189,G,1002,9,7,N,N,N,,,N,N,N,N,N,N,N,,,2020,42085
42,087,451110,G,32,H,100,G,402,5,4,N,N,N,,,N,N,N,N,N,N,N,,,2020,42087
42,089,451110,H,109,H,507,H,2216,12,7,N,3,N,,,N,N,N,N,N,N,N,,,2020,42089
42,091,451110,H,963,H,5065,H,19909,62,26,10,13,7,6.0,,N,N,N,N,N,N,N,,,2020,42091
42,095,451110,G,125,G,730,G,3102,23,17,3,N,N,,,N,N,N,N,N,N,N,,,2020,42095
42,097,451110,J,28,G,169,G,630,6,N,4,N,N,,,N,N,N,N,N,N,N,,,2020,42097
42,099,451110,J,20,G,34,G,175,4,N,N,N,N,,,N,N,N,N,N,N,N,,,2020,42099
42,101,451110,G,464,G,2269,H,6596,44,17,12,6,8,,,N,N,N,N,N,N,N,,,2020,42101
42,103,451110,G,25,H,97,G,445,6,3,3,N,N,,,N,N,N,N,N,N,N,,,2020,42103
42,107,451110,J,37,H,169,H,735,7,6,N,N,N,,,N,N,N,N,N,N,N,,,2020,42107
42,109,451110,H,58,H,202,H,981,3,N,N,N,N,,,N,N,N,N,N,N,N,,,2020,42109
42,111,451110,G,9,H,23,J,83,3,3,N,N,N,,,N,N,N,N,N,N,N,,,2020,42111
42,115,451110,G,17,G,92,H,264,4,3,N,N,N,,,N,N,N,N,N,N,N,,,2020,42115
42,117,451110,J,8,H,39,G,196,6,6,N,N,N,,,N,N,N,N,N,N,N,,,2020,42117
42,123,451110,J,22,J,139,J,602,3,N,N,N,N,,,N,N,N,N,N,N,N,,,2020,42123
42,125,451110,J,94,J,564,J,2741,9,5,N,N,N,,,N,N,N,N,N,N,N,,,2020,42125
42,127,451110,J,25,H,139,H,714,8,7,N,N,N,,,N,N,N,N,N,N,N,,,2020,42127
42,129,451110,G,146,G,815,G,3546,21,16,N,N,3,,,N,N,N,N,N,N,N,,,2020,42129
42,133,451110,G,228,G,1143,H,5223,27,12,8,4,3,,,N,N,N,N,N,N,N,,,2020,42133
44,001,451110,J,2,J,28,J,122,3,3,N,N,N,,,N,N,N,N,N,N,N,,,2020,44001
44,003,451110,J,74,H,578,H,2215,14,7,3,4,N,,,N,N,N,N,N,N,N,,,2020,44003
44,005,451110,G,29,H,82,G,421,7,4,N,N,N,,,N,N,N,N,N,N,N,,,2020,44005
44,007,451110,H,396,H,2555,H,9246,29,14,6,3,4,,,N,N,N,N,N,N,N,,,2020,44007
44,009,451110,G,94,G,334,G,1923,18,11,4,3,N,,,N,N,N,N,N,N,N,,,2020,44009
45,003,451110,H,108,H,483,H,2260,10,6,N,N,N,,,N,N,N,N,N,N,N,,,2020,45003
45,007,451110,H,172,H,804,H,3887,10,5,N,N,3,,,N,N,N,N,N,N,N,,,2020,45007
45,013,451110,H,149,H,878,G,3791,23,12,9,N,N,,,N,N,N,N,N,N,N,,,2020,45013
45,015,451110,H,93,H,409,H,1901,7,N,3,N,N,,,N,N,N,N,N,N,N,,,2020,45015
45,019,451110,G,392,G,2380,G,11390,34,13,10,5,5,,,N,N,N,N,N,N,N,,,2020,45019
45,041,451110,H,179,H,755,H,3459,9,N,3,N,N,,,N,N,N,N,N,N,N,,,2020,45041
45,043,451110,G,71,H,269,G,939,9,4,3,N,N,,,N,N,N,N,N,N,N,,,2020,45043
45,045,451110,G,611,G,2995,G,12677,37,15,6,9,3,3.0,,N,N,N,N,N,N,N,,,2020,45045
45,047,451110,J,24,J,92,J,404,6,4,N,N,N,,,N,N,N,N,N,N,N,,,2020,45047
45,051,451110,G,449,H,2645,G,8810,35,20,7,N,5,,,N,N,N,N,N,N,N,,,2020,45051
45,055,451110,J,15,G,119,G,649,3,N,N,N,N,,,N,N,N,N,N,N,N,,,2020,45055
45,063,451110,G,290,H,2411,H,11305,14,7,N,N,3,,,N,N,N,N,N,N,N,,,2020,45063
45,073,451110,G,17,H,126,H,686,7,6,N,N,N,,,N,N,N,N,N,N,N,,,2020,45073
45,075,451110,J,7,J,62,J,245,3,N,N,N,N,,,N,N,N,N,N,N,N,,,2020,45075
45,077,451110,G,92,H,333,H,1468,3,N,N,N,N,,,N,N,N,N,N,N,N,,,2020,45077
45,079,451110,G,228,G,1106,G,5354,18,8,3,4,N,,,N,N,N,N,N,N,N,,,2020,45079
45,083,451110,H,132,H,567,H,2866,11,6,3,N,N,,,N,N,N,N,N,N,N,,,2020,45083
45,091,451110,H,324,G,1455,G,6274,14,4,5,N,N,,,N,N,N,N,N,N,N,,,2020,45091
46,011,451110,J,20,G,104,G,472,4,3,N,N,N,,,N,N,N,N,N,N,N,,,2020,46011
46,013,451110,J,37,G,181,G,821,5,N,N,N,N,,,N,N,N,N,N,N,N,,,2020,46013
46,029,451110,H,25,G,116,G,492,3,N,N,N,N,,,N,N,N,N,N,N,N,,,2020,46029
46,035,451110,J,99,J,627,J,2342,6,3,N,N,N,,,N,N,N,N,N,N,N,,,2020,46035
46,081,451110,J,10,H,67,G,293,3,3,N,N,N,,,N,N,N,N,N,N,N,,,2020,46081
46,099,451110,J,736,J,4558,J,16405,21,8,6,4,N,,,N,N,N,N,N,N,N,,,2020,46099
46,103,451110,G,413,G,3290,G,11487,17,6,7,N,N,,,N,N,N,N,N,N,N,,,2020,46103
46,123,451110,J,8,G,43,G,180,3,N,N,N,N,,,N,N,N,N,N,N,N,,,2020,46123
46,135,451110,J,25,J,87,J,264,3,N,N,N,N,,,N,N,N,N,N,N,N,,,2020,46135
47,001,451110,J,45,J,186,J,948,4,3,N,N,N,,,N,N,N,N,N,N,N,,,2020,47001
47,009,451110,H,72,H,426,H,2054,10,5,4,N,N,,,N,N,N,N,N,N,N,,,2020,47009
47,011,451110,G,28,G,136,G,728,6,4,N,N,N,,,N,N,N,N,N,N,N,,,2020,47011
47,019,451110,G,13,H,40,G,135,5,4,N,N,N,,,N,N,N,N,N,N,N,,,2020,47019
47,031,451110,G,37,G,144,G,633,5,N,3,N,N,,,N,N,N,N,N,N,N,,,2020,47031
47,035,451110,J,19,G,72,H,345,3,N,N,N,N,,,N,N,N,N,N,N,N,,,2020,47035
47,037,451110,G,478,G,2887,G,12837,33,15,8,4,3,,,N,N,N,N,N,N,N,,,2020,47037
47,053,451110,G,12,G,80,G,377,4,3,N,N,N,,,N,N,N,N,N,N,N,,,2020,47053
47,063,451110,H,49,J,210,J,1000,4,N,N,N,N,,,N,N,N,N,N,N,N,,,2020,47063
47,065,451110,G,562,G,3093,G,12554,29,16,3,4,3,,,N,N,N,N,N,N,N,,,2020,47065
47,093,451110,G,392,G,2093,G,9435,37,23,5,5,N,,,N,N,N,N,N,N,N,,,2020,47093
47,107,451110,G,15,H,66,H,275,3,N,N,N,N,,,N,N,N,N,N,N,N,,,2020,47107
47,113,451110,J,141,H,622,H,2891,6,N,3,N,N,,,N,N,N,N,N,N,N,,,2020,47113
47,117,451110,J,4,H,22,H,116,3,3,N,N,N,,,N,N,N,N,N,N,N,,,2020,47117
47,119,451110,J,49,H,305,H,1299,4,N,N,N,N,,,N,N,N,N,N,N,N,,,2020,47119
47,125,451110,H,171,H,695,H,3228,10,3,5,N,N,,,N,N,N,N,N,N,N,,,2020,47125
47,141,451110,J,39,J,187,J,1778,5,N,N,N,N,,,N,N,N,N,N,N,N,,,2020,47141
47,145,451110,G,12,H,46,G,285,5,4,N,N,N,,,N,N,N,N,N,N,N,,,2020,47145
47,147,451110,G,31,G,164,G,1029,3,N,N,N,N,,,N,N,N,N,N,N,N,,,2020,47147
47,149,451110,G,266,G,1951,G,10094,14,3,5,N,N,,,N,N,N,N,N,N,N,,,2020,47149
47,155,451110,J,546,J,2826,H,11966,15,7,N,N,N,,,N,N,N,N,N,N,N,,,2020,47155
47,157,451110,H,884,H,5519,H,21644,45,13,19,4,5,3.0,,N,N,N,N,N,N,N,,,2020,47157
47,163,451110,J,240,J,1434,J,5669,19,13,N,N,N,,,N,N,N,N,N,N,N,,,2020,47163
47,165,451110,G,34,G,207,G,939,7,4,N,N,N,,,N,N,N,N,N,N,N,,,2020,47165
47,179,451110,H,175,G,1006,G,6667,8,3,N,N,N,,,N,N,N,N,N,N,N,,,2020,47179
47,187,451110,H,377,G,2058,G,8935,23,7,5,7,N,3.0,,N,N,N,N,N,N,N,,,2020,47187
47,189,451110,H,126,H,594,H,2513,8,5,N,N,N,,,N,N,N,N,N,N,N,,,2020,47189
48,005,451110,J,94,J,341,J,1856,4,3,N,N,N,,,N,N,N,N,N,N,N,,,2020,48005
48,021,451110,J,114,J,467,J,2362,3,N,N,N,N,,,N,N,N,N,N,N,N,,,2020,48021
48,027,451110,J,217,H,918,H,4487,14,8,3,N,N,,,N,N,N,N,N,N,N,,,2020,48027
48,029,451110,H,1623,G,7830,H,37080,69,27,15,8,7,9.0,3.0,N,N,N,N,N,N,N,,,2020,48029
48,037,451110,H,110,H,455,H,2277,5,N,N,N,N,,,N,N,N,N,N,N,N,,,2020,48037
48,039,451110,J,345,J,1444,J,7257,11,6,N,N,N,3.0,,N,N,N,N,N,N,N,,,2020,48039
48,041,451110,G,165,H,887,H,4934,11,5,3,N,N,,,N,N,N,N,N,N,N,,,2020,48041
48,061,451110,G,265,G,1308,G,5674,11,5,N,3,N,,,N,N,N,N,N,N,N,,,2020,48061
48,085,451110,G,1180,G,7021,G,29031,57,24,10,5,8,9.0,,N,N,N,N,N,N,N,,,2020,48085
48,089,451110,G,6,J,31,J,166,3,3,N,N,N,,,N,N,N,N,N,N,N,,,2020,48089
48,091,451110,H,90,G,603,G,2690,9,3,4,N,N,,,N,N,N,N,N,N,N,,,2020,48091
48,113,451110,G,1177,G,7454,G,32436,81,39,14,14,8,4.0,,N,N,N,N,N,N,N,,,2020,48113
48,121,451110,G,780,G,3580,G,14725,39,23,6,3,N,4.0,,N,N,N,N,N,N,N,,,2020,48121
48,135,451110,J,146,J,1708,J,7101,6,N,N,N,N,,,N,N,N,N,N,N,N,,,2020,48135
48,139,451110,H,92,J,354,J,1785,4,3,N,N,N,,,N,N,N,N,N,N,N,,,2020,48139
48,141,451110,H,517,G,2634,G,11485,26,7,7,7,N,3.0,,N,N,N,N,N,N,N,,,2020,48141
48,157,451110,J,482,H,2111,H,10162,19,9,N,4,N,3.0,,N,N,N,N,N,N,N,,,2020,48157
48,167,451110,H,251,H,1246,H,5494,16,9,3,N,N,,,N,N,N,N,N,N,N,,,2020,48167
48,171,451110,J,10,J,56,H,266,3,N,N,N,N,,,N,N,N,N,N,N,N,,,2020,48171
48,181,451110,H,107,H,520,H,2571,8,5,N,N,N,,,N,N,N,N,N,N,N,,,2020,48181
48,183,451110,H,171,G,851,G,4389,8,4,N,N,N,,,N,N,N,N,N,N,N,,,2020,48183
48,201,451110,H,3780,H,19908,H,97152,163,75,28,16,19,12.0,13.0,N,N,N,N,N,N,N,,,2020,48201
48,209,451110,G,312,H,1451,H,6268,7,3,N,N,N,,,N,N,N,N,N,N,N,,,2020,48209
48,215,451110,H,533,H,2167,H,9785,26,12,5,5,N,,,N,N,N,N,N,N,N,,,2020,48215
48,221,451110,J,11,J,81,J,364,5,4,N,N,N,,,N,N,N,N,N,N,N,,,2020,48221
48,231,451110,H,96,G,517,G,2425,3,N,N,N,N,,,N,N,N,N,N,N,N,,,2020,48231
48,245,451110,G,297,G,1458,G,7439,9,3,3,N,N,,,N,N,N,N,N,N,N,,,2020,48245
48,251,451110,J,20,G,171,G,971,10,7,3,N,N,,,N,N,N,N,N,N,N,,,2020,48251
48,259,451110,J,22,G,120,G,701,4,N,N,N,N,,,N,N,N,N,N,N,N,,,2020,48259
48,265,451110,H,27,G,155,G,714,3,N,N,N,N,,,N,N,N,N,N,N,N,,,2020,48265
48,277,451110,J,13,H,49,G,285,3,N,N,N,N,,,N,N,N,N,N,N,N,,,2020,48277
48,303,451110,G,502,G,2085,G,9270,25,9,7,4,N,,,N,N,N,N,N,N,N,,,2020,48303
48,309,451110,G,250,G,1278,G,5336,13,6,4,N,N,,,N,N,N,N,N,N,N,,,2020,48309
48,321,451110,G,9,H,45,G,211,3,N,N,N,N,,,N,N,N,N,N,N,N,,,2020,48321
48,329,451110,H,151,G,939,G,4404,10,4,4,N,N,,,N,N,N,N,N,N,N,,,2020,48329
48,339,451110,J,513,H,3039,H,14512,24,10,4,4,N,,,N,N,N,N,N,N,N,,,2020,48339
48,347,451110,G,3,G,19,H,119,3,3,N,N,N,,,N,N,N,N,N,N,N,,,2020,48347
48,355,451110,G,399,G,2440,G,12573,28,9,10,6,N,,,N,N,N,N,N,N,N,,,2020,48355
48,361,451110,H,26,G,125,G,705,3,N,N,N,N,,,N,N,N,N,N,N,N,,,2020,48361
48,367,451110,H,202,H,1006,H,5131,10,5,N,N,N,,,N,N,N,N,N,N,N,,,2020,48367
48,375,451110,H,25,H,196,H,884,6,3,3,N,N,,,N,N,N,N,N,N,N,,,2020,48375
48,381,451110,J,136,J,685,J,3439,6,3,N,N,N,,,N,N,N,N,N,N,N,,,2020,48381
48,397,451110,J,54,J,259,J,2152,5,3,N,N,N,,,N,N,N,N,N,N,N,,,2020,48397
48,409,451110,H,94,H,379,J,1918,5,4,N,N,N,,,N,N,N,N,N,N,N,,,2020,48409
48,423,451110,G,156,H,776,H,3838,15,11,N,N,N,,,N,N,N,N,N,N,N,,,2020,48423
48,439,451110,G,2059,G,11200,G,48662,108,55,18,11,10,9.0,5.0,N,N,N,N,N,N,N,,,2020,48439
48,441,451110,G,144,G,580,G,2967,10,7,N,N,N,,,N,N,N,N,N,N,N,,,2020,48441
48,451,451110,G,129,G,875,G,4070,9,3,5,N,N,,,N,N,N,N,N,N,N,,,2020,48451
48,453,451110,H,1493,H,10152,G,41156,65,24,11,10,7,11.0,,N,N,N,N,N,N,N,,,2020,48453
48,469,451110,H,116,H,505,H,2655,7,5,N,N,N,,,N,N,N,N,N,N,N,,,2020,48469
48,471,451110,J,118,J,620,J,3766,4,N,N,N,N,,,N,N,N,N,N,N,N,,,2020,48471
48,479,451110,J,243,H,915,H,4368,10,3,4,N,N,,,N,N,N,N,N,N,N,,,2020,48479
48,485,451110,H,106,H,438,H,2096,6,3,N,N,N,,,N,N,N,N,N,N,N,,,2020,48485
48,491,451110,G,482,G,3117,G,13736,23,8,9,N,N,,,N,N,N,N,N,N,N,,,2020,48491
49,003,451110,G,4,J,41,H,213,3,3,N,N,N,,,N,N,N,N,N,N,N,,,2020,49003
49,005,451110,J,359,J,1194,J,6526,9,N,3,N,N,,,N,N,N,N,N,N,N,,,2020,49005
49,011,451110,G,312,G,1582,G,6637,28,11,6,7,3,,,N,N,N,N,N,N,N,,,2020,49011
49,019,451110,G,93,G,381,G,1999,10,3,4,N,N,,,N,N,N,N,N,N,N,,,2020,49019
49,021,451110,G,63,G,333,G,1250,9,5,N,N,N,,,N,N,N,N,N,N,N,,,2020,49021
49,035,451110,G,1795,G,11134,G,43127,114,34,33,27,15,3.0,,N,N,N,N,N,N,N,,,2020,49035
49,043,451110,H,640,H,4937,G,12370,49,15,11,12,10,,,N,N,N,N,N,N,N,,,2020,49043
49,047,451110,G,54,G,272,H,1752,3,N,N,N,N,,,N,N,N,N,N,N,N,,,2020,49047
49,049,451110,G,654,G,2930,G,13601,40,15,9,9,4,,,N,N,N,N,N,N,N,,,2020,49049
49,051,451110,J,43,J,172,J,843,4,N,N,N,N,,,N,N,N,N,N,N,N,,,2020,49051
49,053,451110,G,264,G,1188,G,6584,30,18,3,6,N,,,N,N,N,N,N,N,N,,,2020,49053
49,057,451110,G,267,G,1182,G,4695,19,7,4,3,4,,,N,N,N,N,N,N,N,,,2020,49057
50,001,451110,H,27,H,119,H,470,6,3,3,N,N,,,N,N,N,N,N,N,N,,,2020,50001
50,003,451110,H,34,G,241,G,907,6,3,N,N,N,,,N,N,N,N,N,N,N,,,2020,50003
50,005,451110,J,52,H,348,H,1423,7,3,N,N,N,,,N,N,N,N,N,N,N,,,2020,50005
50,007,451110,H,550,H,3797,H,13936,24,9,4,4,3,3.0,,N,N,N,N,N,N,N,,,2020,50007
50,011,451110,J,18,G,70,G,293,5,3,N,N,N,,,N,N,N,N,N,N,N,,,2020,50011
50,015,451110,G,99,H,913,H,2915,9,3,4,N,N,,,N,N,N,N,N,N,N,,,2020,50015
50,019,451110,J,20,H,75,G,285,4,N,N,N,N,,,N,N,N,N,N,N,N,,,2020,50019
50,021,451110,H,127,G,915,G,2862,13,5,3,3,N,,,N,N,N,N,N,N,N,,,2020,50021
50,023,451110,H,96,G,680,G,2560,18,10,3,5,N,,,N,N,N,N,N,N,N,,,2020,50023
50,025,451110,H,67,G,423,G,1308,12,4,7,N,N,,,N,N,N,N,N,N,N,,,2020,50025
50,027,451110,J,92,H,650,H,1935,10,5,N,N,N,,,N,N,N,N,N,N,N,,,2020,50027
51,003,451110,J,114,H,720,H,2946,8,4,3,N,N,,,N,N,N,N,N,N,N,,,2020,51003
51,013,451110,G,76,G,500,G,1747,9,N,3,4,N,,,N,N,N,N,N,N,N,,,2020,51013
51,019,451110,G,74,G,373,G,1696,10,5,3,N,N,,,N,N,N,N,N,N,N,,,2020,51019
51,023,451110,J,7,H,44,H,170,3,N,N,N,N,,,N,N,N,N,N,N,N,,,2020,51023
51,041,451110,H,139,H,765,H,3674,14,5,5,N,N,,,N,N,N,N,N,N,N,,,2020,51041
51,059,451110,G,926,G,5270,G,20881,46,18,N,11,7,8.0,,N,N,N,N,N,N,N,,,2020,51059
51,061,451110,H,40,H,224,H,974,6,3,N,N,N,,,N,N,N,N,N,N,N,,,2020,51061
51,067,451110,J,4,H,27,G,188,4,4,N,N,N,,,N,N,N,N,N,N,N,,,2020,51067
51,069,451110,J,6,J,33,J,171,4,4,N,N,N,,,N,N,N,N,N,N,N,,,2020,51069
51,085,451110,J,312,J,2505,J,10230,9,5,N,N,N,,,N,N,N,N,N,N,N,,,2020,51085
51,087,451110,G,397,G,2178,G,8682,20,8,4,N,3,,,N,N,N,N,N,N,N,,,2020,51087
51,095,451110,J,20,J,182,J,822,6,5,N,N,N,,,N,N,N,N,N,N,N,,,2020,51095
51,107,451110,G,303,H,1693,H,7389,20,7,3,5,4,,,N,N,N,N,N,N,N,,,2020,51107
51,121,451110,J,94,H,552,J,1966,7,N,4,N,N,,,N,N,N,N,N,N,N,,,2020,51121
51,125,451110,J,14,J,71,J,168,3,N,N,N,N,,,N,N,N,N,N,N,N,,,2020,51125
51,143,451110,G,19,J,129,J,713,4,3,N,N,N,,,N,N,N,N,N,N,N,,,2020,51143
51,153,451110,G,440,G,2810,G,11066,23,10,3,3,5,,,N,N,N,N,N,N,N,,,2020,51153
51,161,451110,H,42,H,172,H,690,5,N,3,N,N,,,N,N,N,N,N,N,N,,,2020,51161
51,165,451110,J,10,H,41,G,210,5,5,N,N,N,,,N,N,N,N,N,N,N,,,2020,51165
51,177,451110,H,48,H,256,H,1184,4,3,N,N,N,,,N,N,N,N,N,N,N,,,2020,51177
51,179,451110,H,37,H,141,H,460,5,N,N,N,N,,,N,N,N,N,N,N,N,,,2020,51179
51,191,451110,J,35,H,131,G,1181,10,6,4,N,N,,,N,N,N,N,N,N,N,,,2020,51191
51,199,451110,G,51,G,260,H,1286,8,6,N,N,N,,,N,N,N,N,N,N,N,,,2020,51199
51,510,451110,H,40,J,168,H,932,7,4,N,N,N,,,N,N,N,N,N,N,N,,,2020,51510
51,540,451110,H,64,G,253,G,1137,8,4,N,N,N,,,N,N,N,N,N,N,N,,,2020,51540
51,550,451110,G,143,H,729,H,3153,12,8,N,N,N,,,N,N,N,N,N,N,N,,,2020,51550
51,570,451110,G,76,H,515,H,2379,3,N,N,N,N,,,N,N,N,N,N,N,N,,,2020,51570
51,590,451110,J,42,H,156,H,632,5,3,N,N,N,,,N,N,N,N,N,N,N,,,2020,51590
51,600,451110,H,134,H,578,G,1867,5,N,N,N,N,,,N,N,N,N,N,N,N,,,2020,51600
51,630,451110,G,76,H,326,H,1677,8,3,3,N,N,,,N,N,N,N,N,N,N,,,2020,51630
51,650,451110,J,146,J,629,H,2510,4,3,N,N,N,,,N,N,N,N,N,N,N,,,2020,51650
51,660,451110,J,84,H,339,H,1709,8,4,N,N,N,,,N,N,N,N,N,N,N,,,2020,51660
51,670,451110,J,12,J,53,J,175,4,3,N,N,N,,,N,N,N,N,N,N,N,,,2020,51670
51,680,451110,G,83,G,366,G,1255,7,4,N,N,N,,,N,N,N,N,N,N,N,,,2020,51680
51,700,451110,G,102,G,554,G,2780,8,3,N,N,N,,,N,N,N,N,N,N,N,,,2020,51700
51,710,451110,G,58,G,430,G,2139,11,7,N,N,N,,,N,N,N,N,N,N,N,,,2020,51710
51,740,451110,G,12,J,125,J,525,3,N,N,N,N,,,N,N,N,N,N,N,N,,,2020,51740
51,760,451110,J,78,J,393,H,2161,10,7,N,N,N,,,N,N,N,N,N,N,N,,,2020,51760
51,770,451110,H,149,G,719,G,3762,13,6,4,N,N,,,N,N,N,N,N,N,N,,,2020,51770
51,775,451110,J,18,J,34,J,67,4,N,N,N,N,,,N,N,N,N,N,N,N,,,2020,51775
51,790,451110,J,13,G,89,G,392,3,N,N,N,N,,,N,N,N,N,N,N,N,,,2020,51790
51,810,451110,G,453,G,3002,H,12980,37,19,4,7,4,,,N,N,N,N,N,N,N,,,2020,51810
51,840,451110,J,78,H,321,H,1456,8,4,N,N,N,,,N,N,N,N,N,N,N,,,2020,51840
53,005,451110,G,204,G,1149,G,5101,24,14,N,6,N,,,N,N,N,N,N,N,N,,,2020,53005
53,007,451110,H,107,G,728,G,3013,13,7,N,4,N,,,N,N,N,N,N,N,N,,,2020,53007
53,009,451110,J,44,G,220,G,1189,10,7,N,N,N,,,N,N,N,N,N,N,N,,,2020,53009
53,011,451110,H,188,G,1044,G,4937,20,8,5,6,N,,,N,N,N,N,N,N,N,,,2020,53011
53,015,451110,J,134,J,860,J,4018,9,4,N,N,N,,,N,N,N,N,N,N,N,,,2020,53015
53,025,451110,J,56,J,276,J,1181,3,N,N,N,N,,,N,N,N,N,N,N,N,,,2020,53025
53,027,451110,J,29,G,148,G,625,7,6,N,N,N,,,N,N,N,N,N,N,N,,,2020,53027
53,029,451110,G,27,G,100,G,440,4,N,N,N,N,,,N,N,N,N,N,N,N,,,2020,53029
53,031,451110,J,18,G,118,G,505,3,N,N,N,N,,,N,N,N,N,N,N,N,,,2020,53031
53,033,451110,G,2418,G,17947,G,68299,170,62,44,38,15,9.0,,N,N,N,N,N,N,N,,,2020,53033
53,035,451110,G,249,G,1510,G,6268,18,6,5,4,N,,,N,N,N,N,N,N,N,,,2020,53035
53,037,451110,H,58,G,245,G,1115,7,3,3,N,N,,,N,N,N,N,N,N,N,,,2020,53037
53,041,451110,H,40,G,325,G,1268,9,6,N,N,N,,,N,N,N,N,N,N,N,,,2020,53041
53,047,451110,J,46,G,302,G,1213,9,4,4,N,N,,,N,N,N,N,N,N,N,,,2020,53047
53,053,451110,G,756,H,5878,G,23721,49,23,8,11,N,3.0,,N,N,N,N,N,N,N,,,2020,53053
53,055,451110,J,7,J,19,J,100,3,3,N,N,N,,,N,N,N,N,N,N,N,,,2020,53055
53,057,451110,G,126,G,712,G,3407,13,5,3,3,N,,,N,N,N,N,N,N,N,,,2020,53057
53,061,451110,G,589,G,3825,G,15486,47,22,9,12,N,,,N,N,N,N,N,N,N,,,2020,53061
53,063,451110,G,645,G,3793,G,15480,51,17,18,9,5,,,N,N,N,N,N,N,N,,,2020,53063
53,067,451110,G,370,H,2123,G,8103,18,7,5,3,N,,,N,N,N,N,N,N,N,,,2020,53067
53,071,451110,J,51,J,218,J,1162,5,3,N,N,N,,,N,N,N,N,N,N,N,,,2020,53071
53,073,451110,G,330,G,1905,G,7863,29,12,8,4,4,,,N,N,N,N,N,N,N,,,2020,53073
53,077,451110,H,179,H,969,H,3985,11,6,N,3,N,,,N,N,N,N,N,N,N,,,2020,53077
54,003,451110,H,46,G,257,H,1264,5,N,N,N,N,,,N,N,N,N,N,N,N,,,2020,54003
54,011,451110,H,161,G,754,G,3927,4,N,N,N,N,,,N,N,N,N,N,N,N,,,2020,54011
54,025,451110,G,15,H,112,H,632,3,N,N,N,N,,,N,N,N,N,N,N,N,,,2020,54025
54,037,451110,J,11,J,32,H,177,4,3,N,N,N,,,N,N,N,N,N,N,N,,,2020,54037
54,039,451110,H,205,H,998,H,4806,8,3,3,N,N,,,N,N,N,N,N,N,N,,,2020,54039
54,055,451110,J,15,G,66,G,374,5,4,N,N,N,,,N,N,N,N,N,N,N,,,2020,54055
54,061,451110,G,166,G,718,G,3379,9,3,N,N,3,,,N,N,N,N,N,N,N,,,2020,54061
54,067,451110,J,6,H,38,H,127,3,3,N,N,N,,,N,N,N,N,N,N,N,,,2020,54067
54,069,451110,J,202,J,1903,J,7330,6,N,N,N,N,,,N,N,N,N,N,N,N,,,2020,54069
54,075,451110,H,41,H,195,G,569,4,N,N,3,N,,,N,N,N,N,N,N,N,,,2020,54075
54,079,451110,J,38,G,98,H,729,3,N,N,N,N,,,N,N,N,N,N,N,N,,,2020,54079
54,081,451110,H,92,H,390,H,1712,7,N,N,3,N,,,N,N,N,N,N,N,N,,,2020,54081
54,083,451110,J,29,H,100,H,401,4,3,N,N,N,,,N,N,N,N,N,N,N,,,2020,54083
54,093,451110,J,17,J,66,H,178,4,N,N,N,N,,,N,N,N,N,N,N,N,,,2020,54093
54,107,451110,J,42,G,211,G,797,7,4,N,N,N,,,N,N,N,N,N,N,N,,,2020,54107
55,003,451110,H,30,J,95,H,418,4,N,N,N,N,,,N,N,N,N,N,N,N,,,2020,55003
55,005,451110,H,27,G,109,G,430,5,N,N,N,N,,,N,N,N,N,N,N,N,,,2020,55005
55,009,451110,G,314,G,1504,G,6569,20,12,4,N,N,,,N,N,N,N,N,N,N,,,2020,55009
55,013,451110,J,4,G,12,J,53,3,3,N,N,N,,,N,N,N,N,N,N,N,,,2020,55013
55,015,451110,J,48,J,240,J,1066,4,N,N,N,N,,,N,N,N,N,N,N,N,,,2020,55015
55,017,451110,H,32,G,125,G,529,4,N,N,N,N,,,N,N,N,N,N,N,N,,,2020,55017
55,021,451110,G,0,G,0,G,78,3,3,N,N,N,,,N,N,N,N,N,N,N,,,2020,55021
55,025,451110,G,627,G,3825,G,18249,50,24,7,13,N,3.0,,N,N,N,N,N,N,N,,,2020,55025
55,027,451110,J,44,J,162,J,733,6,3,N,N,N,,,N,N,N,N,N,N,N,,,2020,55027
55,029,451110,H,29,G,152,G,821,8,5,3,N,N,,,N,N,N,N,N,N,N,,,2020,55029
55,031,451110,J,38,H,203,H,843,4,N,N,N,N,,,N,N,N,N,N,N,N,,,2020,55031
55,035,451110,J,299,J,2088,J,7270,4,N,N,N,N,,,N,N,N,N,N,N,N,,,2020,55035
55,039,451110,G,30,G,74,G,328,6,3,3,N,N,,,N,N,N,N,N,N,N,,,2020,55039
55,043,451110,J,13,H,42,H,212,4,3,N,N,N,,,N,N,N,N,N,N,N,,,2020,55043
55,059,451110,H,69,G,280,G,1473,9,5,N,3,N,,,N,N,N,N,N,N,N,,,2020,55059
55,063,451110,G,132,G,615,G,2618,16,10,N,3,N,,,N,N,N,N,N,N,N,,,2020,55063
55,069,451110,J,10,J,26,G,88,4,4,N,N,N,,,N,N,N,N,N,N,N,,,2020,55069
55,071,451110,H,23,G,116,G,518,8,6,N,N,N,,,N,N,N,N,N,N,N,,,2020,55071
55,073,451110,G,122,G,598,G,2582,14,6,3,4,N,,,N,N,N,N,N,N,N,,,2020,55073
55,075,451110,J,14,J,69,J,301,3,N,N,N,N,,,N,N,N,N,N,N,N,,,2020,55075
55,079,451110,G,348,G,2016,G,11074,42,20,10,8,4,,,N,N,N,N,N,N,N,,,2020,55079
55,081,451110,J,4,G,22,G,112,4,4,N,N,N,,,N,N,N,N,N,N,N,,,2020,55081
55,083,451110,G,7,G,50,H,260,4,4,N,N,N,,,N,N,N,N,N,N,N,,,2020,55083
55,085,451110,G,55,G,283,G,1298,11,6,N,3,N,,,N,N,N,N,N,N,N,,,2020,55085
55,087,451110,J,398,J,2852,J,9789,20,10,3,4,N,,,N,N,N,N,N,N,N,,,2020,55087
55,089,451110,G,75,H,378,G,1786,11,7,3,N,N,,,N,N,N,N,N,N,N,,,2020,55089
55,093,451110,J,7,G,24,G,168,3,3,N,N,N,,,N,N,N,N,N,N,N,,,2020,55093
55,095,451110,G,15,H,82,H,406,4,3,N,N,N,,,N,N,N,N,N,N,N,,,2020,55095
55,097,451110,H,54,G,196,G,939,9,6,N,N,N,,,N,N,N,N,N,N,N,,,2020,55097
55,099,451110,J,5,J,30,J,92,3,3,N,N,N,,,N,N,N,N,N,N,N,,,2020,55099
55,101,451110,G,83,G,503,G,2064,11,4,3,3,N,,,N,N,N,N,N,N,N,,,2020,55101
55,105,451110,H,78,H,328,H,1554,11,8,N,N,N,,,N,N,N,N,N,N,N,,,2020,55105
55,109,451110,G,48,H,390,H,2366,9,5,N,N,N,,,N,N,N,N,N,N,N,,,2020,55109
55,111,451110,H,34,J,115,H,581,5,3,N,N,N,,,N,N,N,N,N,N,N,,,2020,55111
55,113,451110,H,32,H,205,H,1082,5,N,N,N,N,,,N,N,N,N,N,N,N,,,2020,55113
55,117,451110,H,30,H,334,H,1485,9,7,N,N,N,,,N,N,N,N,N,N,N,,,2020,55117
55,123,451110,G,13,J,29,H,223,4,3,N,N,N,,,N,N,N,N,N,N,N,,,2020,55123
55,125,451110,J,12,G,53,G,448,7,7,N,N,N,,,N,N,N,N,N,N,N,,,2020,55125
55,127,451110,G,54,H,436,G,1888,8,4,N,N,N,,,N,N,N,N,N,N,N,,,2020,55127
55,129,451110,J,32,J,117,J,589,3,N,N,N,N,,,N,N,N,N,N,N,N,,,2020,55129
55,131,451110,H,212,J,1009,J,3917,8,4,3,N,N,,,N,N,N,N,N,N,N,,,2020,55131
55,133,451110,H,595,G,3843,G,15615,40,14,6,14,4,,,N,N,N,N,N,N,N,,,2020,55133
55,135,451110,J,14,J,107,J,526,4,3,N,N,N,,,N,N,N,N,N,N,N,,,2020,55135
55,139,451110,G,132,G,559,G,2380,14,8,N,N,3,,,N,N,N,N,N,N,N,,,2020,55139
55,141,451110,G,46,H,311,G,1510,6,N,N,3,N,,,N,N,N,N,N,N,N,,,2020,55141
56,001,451110,G,8,J,42,G,410,3,3,N,N,N,,,N,N,N,N,N,N,N,,,2020,56001
56,005,451110,J,56,H,367,H,1457,5,N,N,N,N,,,N,N,N,N,N,N,N,,,2020,56005
56,013,451110,H,53,G,255,G,1209,8,3,3,N,N,,,N,N,N,N,N,N,N,,,2020,56013
56,021,451110,G,170,G,667,G,2648,10,3,4,N,N,,,N,N,N,N,N,N,N,,,2020,56021
56,025,451110,G,174,G,854,G,4254,17,8,4,3,N,,,N,N,N,N,N,N,N,,,2020,56025
56,029,451110,H,47,G,208,G,987,9,6,N,N,N,,,N,N,N,N,N,N,N,,,2020,56029
56,033,451110,H,125,G,844,G,3664,7,N,N,N,4,,,N,N,N,N,N,N,N,,,2020,56033
56,035,451110,G,7,J,49,J,316,5,4,N,N,N,,,N,N,N,N,N,N,N,,,2020,56035
56,037,451110,J,36,J,145,J,726,4,3,N,N,N,,,N,N,N,N,N,N,N,,,2020,56037
56,039,451110,G,103,G,909,G,3946,14,7,4,N,N,,,N,N,N,N,N,N,N,,,2020,56039
01,001,451110,J,106,J,397,J,1913,3,N,N,N,N,,,N,N,N,N,N,N,N,,,2021,1001
01,003,451110,G,326,G,1408,G,6964,23,14,N,N,3,,,N,N,N,N,N,N,N,,,2021,1003
01,015,451110,H,74,H,335,H,1730,7,3,3,N,N,,,N,N,N,N,N,N,N,,,2021,1015
01,039,451110,G,5,G,13,G,128,3,3,N,N,N,,,N,N,N,N,N,N,N,,,2021,1039
01,043,451110,J,71,J,414,J,2001,5,N,N,N,N,,,N,N,N,N,N,N,N,,,2021,1043
01,045,451110,J,18,G,140,G,637,3,N,N,N,N,,,N,N,N,N,N,N,N,,,2021,1045
01,055,451110,H,118,J,471,J,2237,5,3,N,N,N,,,N,N,N,N,N,N,N,,,2021,1055
01,069,451110,J,152,J,746,J,3887,7,N,4,N,N,,,N,N,N,N,N,N,N,,,2021,1069
01,071,451110,H,32,G,147,G,628,6,4,N,N,N,,,N,N,N,N,N,N,N,,,2021,1071
01,073,451110,G,652,G,3653,G,22164,41,15,10,6,5,4.0,,N,N,N,N,N,N,N,,,2021,1073
01,077,451110,H,181,H,660,H,3522,5,N,N,N,N,,,N,N,N,N,N,N,N,,,2021,1077
01,081,451110,H,169,H,710,H,3591,10,4,N,3,N,,,N,N,N,N,N,N,N,,,2021,1081
01,089,451110,G,459,G,2346,G,10626,30,12,5,6,5,,,N,N,N,N,N,N,N,,,2021,1089
01,095,451110,G,20,G,109,G,533,5,4,N,N,N,,,N,N,N,N,N,N,N,,,2021,1095
01,097,451110,G,330,G,1644,H,8035,26,13,8,N,N,3.0,,N,N,N,N,N,N,N,,,2021,1097
01,101,451110,H,179,G,1102,G,5083,11,5,N,N,N,,,N,N,N,N,N,N,N,,,2021,1101
01,103,451110,J,71,J,398,J,1875,4,3,N,N,N,,,N,N,N,N,N,N,N,,,2021,1103
01,115,451110,G,10,G,64,G,278,3,N,N,N,N,,,N,N,N,N,N,N,N,,,2021,1115
01,117,451110,G,295,H,2122,H,11859,14,6,N,3,N,,,N,N,N,N,N,N,N,,,2021,1117
01,121,451110,J,14,G,37,G,170,3,N,N,N,N,,,N,N,N,N,N,N,N,,,2021,1121
01,125,451110,G,249,G,1210,G,5904,12,5,N,N,3,,,N,N,N,N,N,N,N,,,2021,1125
02,020,451110,H,638,H,4211,H,18857,30,10,11,N,N,4.0,,N,N,N,N,N,N,N,,,2021,2020
02,090,451110,G,213,G,1081,G,4584,9,N,N,N,N,,,N,N,N,N,N,N,N,,,2021,2090
02,110,451110,J,51,J,225,J,1030,5,N,N,N,N,,,N,N,N,N,N,N,N,,,2021,2110
02,122,451110,G,73,G,517,G,2345,11,8,N,N,N,,,N,N,N,N,N,N,N,,,2021,2122
02,150,451110,J,21,J,187,J,823,3,N,N,N,N,,,N,N,N,N,N,N,N,,,2021,2150
02,170,451110,G,88,H,500,H,2251,11,7,3,N,N,,,N,N,N,N,N,N,N,,,2021,2170
02,220,451110,J,13,J,81,J,410,3,N,N,N,N,,,N,N,N,N,N,N,N,,,2021,2220
04,003,451110,H,27,G,155,G,634,6,5,N,N,N,,,N,N,N,N,N,N,N,,,2021,4003
04,005,451110,G,260,G,1322,G,6203,21,7,5,7,N,,,N,N,N,N,N,N,N,,,2021,4005
04,007,451110,J,29,J,127,J,539,4,N,N,N,N,,,N,N,N,N,N,N,N,,,2021,4007
04,013,451110,G,3434,G,21802,G,99887,259,110,61,55,16,13.0,4.0,N,N,N,N,N,N,N,,,2021,4013
04,015,451110,G,110,G,488,G,2193,21,13,3,5,N,,,N,N,N,N,N,N,N,,,2021,4015
04,017,451110,G,71,H,357,H,1572,7,4,N,N,N,,,N,N,N,N,N,N,N,,,2021,4017
04,019,451110,G,606,G,3539,G,15354,59,24,14,15,4,,,N,N,N,N,N,N,N,,,2021,4019
04,021,451110,H,66,G,240,G,1053,11,8,N,3,N,,,N,N,N,N,N,N,N,,,2021,4021
04,025,451110,H,193,G,961,G,4505,22,11,4,4,3,,,N,N,N,N,N,N,N,,,2021,4025
04,027,451110,J,93,J,683,J,2942,10,7,N,N,N,,,N,N,N,N,N,N,N,,,2021,4027
05,005,451110,G,27,G,157,G,671,7,4,3,N,N,,,N,N,N,N,N,N,N,,,2021,5005
05,007,451110,G,442,G,2178,G,10804,23,10,5,N,3,,,N,N,N,N,N,N,N,,,2021,5007
05,023,451110,J,9,H,28,G,160,3,N,N,N,N,,,N,N,N,N,N,N,N,,,2021,5023
05,031,451110,G,138,G,706,G,3350,10,6,N,N,N,,,N,N,N,N,N,N,N,,,2021,5031
05,033,451110,J,23,J,194,H,785,3,N,N,N,N,,,N,N,N,N,N,N,N,,,2021,5033
05,045,451110,H,160,H,620,H,3400,7,N,3,N,N,,,N,N,N,N,N,N,N,,,2021,5045
05,051,451110,G,76,G,286,G,1580,9,6,N,N,N,,,N,N,N,N,N,N,N,,,2021,5051
05,063,451110,J,31,H,194,H,993,4,N,N,N,N,,,N,N,N,N,N,N,N,,,2021,5063
05,069,451110,H,36,J,204,J,1061,3,N,N,N,N,,,N,N,N,N,N,N,N,,,2021,5069
05,089,451110,J,7,H,36,H,127,3,N,N,N,N,,,N,N,N,N,N,N,N,,,2021,5089
05,115,451110,G,5,H,36,G,253,3,3,N,N,N,,,N,N,N,N,N,N,N,,,2021,5115
05,119,451110,G,567,G,3786,G,17972,40,15,15,5,N,3.0,,N,N,N,N,N,N,N,,,2021,5119
05,125,451110,H,78,G,399,G,1984,7,5,N,N,N,,,N,N,N,N,N,N,N,,,2021,5125
05,131,451110,H,186,H,1198,H,5333,13,5,3,3,N,,,N,N,N,N,N,N,N,,,2021,5131
05,139,451110,J,16,H,113,G,511,3,N,N,N,N,,,N,N,N,N,N,N,N,,,2021,5139
05,143,451110,H,216,H,1144,H,5310,21,9,8,N,N,,,N,N,N,N,N,N,N,,,2021,5143
05,145,451110,H,29,G,106,G,515,8,5,3,N,N,,,N,N,N,N,N,N,N,,,2021,5145
06,001,451110,G,933,G,6493,G,30838,93,45,17,23,5,3.0,,N,N,N,N,N,N,N,,,2021,6001
06,007,451110,G,294,G,2066,G,9287,27,9,7,9,N,,,N,N,N,N,N,N,N,,,2021,6007
06,013,451110,G,696,G,4261,G,19588,61,22,17,16,N,4.0,,N,N,N,N,N,N,N,,,2021,6013
06,017,451110,J,251,H,1438,H,4641,22,8,6,4,N,,,N,N,N,N,N,N,N,,,2021,6017
06,019,451110,G,648,G,3639,H,17695,48,23,6,12,3,4.0,,N,N,N,N,N,N,N,,,2021,6019
06,023,451110,H,184,H,1229,H,5225,13,3,4,3,3,,,N,N,N,N,N,N,N,,,2021,6023
06,027,451110,H,46,G,284,H,1483,8,3,4,N,N,,,N,N,N,N,N,N,N,,,2021,6027
06,029,451110,G,272,G,1388,G,6303,31,18,4,6,N,,,N,N,N,N,N,N,N,,,2021,6029
06,037,451110,G,3896,G,25539,G,125612,389,194,67,87,26,12.0,3.0,N,N,N,N,N,N,N,,,2021,6037
06,039,451110,J,34,H,161,H,719,4,N,N,N,N,,,N,N,N,N,N,N,N,,,2021,6039
06,041,451110,G,475,G,3776,G,16509,43,14,12,11,5,,,N,N,N,N,N,N,N,,,2021,6041
06,045,451110,J,38,G,188,G,858,9,5,3,N,N,,,N,N,N,N,N,N,N,,,2021,6045
06,047,451110,J,72,H,393,H,1791,9,5,N,4,N,,,N,N,N,N,N,N,N,,,2021,6047
06,051,451110,H,202,G,1429,G,5526,13,N,5,3,N,,,N,N,N,N,N,N,N,,,2021,6051
06,053,451110,G,204,G,1123,G,5496,19,9,3,5,N,,,N,N,N,N,N,N,N,,,2021,6053
06,055,451110,J,75,H,380,H,1794,10,3,5,N,N,,,N,N,N,N,N,N,N,,,2021,6055
06,057,451110,H,218,H,1654,H,5975,16,6,N,5,4,,,N,N,N,N,N,N,N,,,2021,6057
06,059,451110,G,2791,G,18729,G,74549,269,110,64,65,22,7.0,,N,N,N,N,N,N,N,,,2021,6059
06,061,451110,H,573,G,3416,G,14931,41,14,11,12,N,,,N,N,N,N,N,N,N,,,2021,6061
06,065,451110,G,965,G,6488,G,29900,103,51,11,31,8,,,N,N,N,N,N,N,N,,,2021,6065
06,067,451110,G,921,G,5967,G,27905,83,34,18,23,3,5.0,,N,N,N,N,N,N,N,,,2021,6067
06,071,451110,G,1255,G,7548,G,34416,76,30,9,23,10,3.0,,N,N,N,N,N,N,N,,,2021,6071
06,073,451110,G,2417,G,15494,G,79806,256,119,53,56,21,6.0,,N,N,N,N,N,N,N,,,2021,6073
06,075,451110,G,600,H,6563,H,27773,48,23,12,7,N,3.0,,N,N,N,N,N,N,N,,,2021,6075
06,077,451110,H,511,H,2857,H,13328,34,15,6,9,N,,,N,N,N,N,N,N,N,,,2021,6077
06,079,451110,G,308,G,1785,G,8348,37,16,11,7,3,,,N,N,N,N,N,N,N,,,2021,6079
06,081,451110,G,556,G,4149,G,18488,50,24,10,12,N,,,N,N,N,N,N,N,N,,,2021,6081
06,083,451110,G,323,G,1910,G,8685,38,16,10,10,N,,,N,N,N,N,N,N,N,,,2021,6083
06,085,451110,G,1230,G,8990,G,44396,84,26,19,27,6,5.0,,N,N,N,N,N,N,N,,,2021,6085
06,087,451110,H,314,G,1839,G,7993,28,8,6,9,4,,,N,N,N,N,N,N,N,,,2021,6087
06,089,451110,G,235,G,1279,G,5798,17,5,7,N,N,,,N,N,N,N,N,N,N,,,2021,6089
06,093,451110,H,32,H,230,H,871,3,N,N,N,N,,,N,N,N,N,N,N,N,,,2021,6093
06,095,451110,H,275,G,1560,G,7122,23,8,5,6,3,,,N,N,N,N,N,N,N,,,2021,6095
06,097,451110,G,513,G,3153,G,14924,38,14,9,7,5,3.0,,N,N,N,N,N,N,N,,,2021,6097
06,099,451110,G,289,G,1803,G,7945,22,8,3,8,3,,,N,N,N,N,N,N,N,,,2021,6099
06,101,451110,J,38,G,204,G,931,4,N,N,N,N,,,N,N,N,N,N,N,N,,,2021,6101
06,107,451110,G,230,G,1065,G,4870,13,4,N,6,N,,,N,N,N,N,N,N,N,,,2021,6107
06,109,451110,G,35,H,206,G,867,6,4,N,N,N,,,N,N,N,N,N,N,N,,,2021,6109
06,111,451110,G,547,G,3193,G,15412,52,22,10,14,4,,,N,N,N,N,N,N,N,,,2021,6111
06,113,451110,J,91,H,534,H,2412,13,6,4,N,N,,,N,N,N,N,N,N,N,,,2021,6113
08,001,451110,H,226,H,1822,H,8135,17,7,4,N,4,,,N,N,N,N,N,N,N,,,2021,8001
08,003,451110,G,20,G,156,G,714,3,N,N,N,N,,,N,N,N,N,N,N,N,,,2021,8003
08,005,451110,H,651,G,4167,G,18975,44,19,5,11,6,,,N,N,N,N,N,N,N,,,2021,8005
08,007,451110,J,46,G,227,H,782,5,N,N,N,N,,,N,N,N,N,N,N,N,,,2021,8007
08,013,451110,G,678,G,4441,G,19148,53,19,17,6,9,,,N,N,N,N,N,N,N,,,2021,8013
08,014,451110,G,397,G,2073,G,9750,10,4,N,N,N,,,N,N,N,N,N,N,N,,,2021,8014
08,015,451110,G,72,G,381,G,2390,13,7,3,N,N,,,N,N,N,N,N,N,N,,,2021,8015
08,019,451110,J,10,J,60,H,255,3,N,N,N,N,,,N,N,N,N,N,N,N,,,2021,8019
08,031,451110,G,888,G,6374,G,27021,46,15,12,13,3,,,N,N,N,N,N,N,N,,,2021,8031
08,035,451110,H,678,G,3163,G,14929,38,19,N,10,4,,,N,N,N,N,N,N,N,,,2021,8035
08,037,451110,G,696,G,4831,G,15302,58,22,12,12,11,,,N,N,N,N,N,N,N,,,2021,8037
08,041,451110,G,1332,G,8455,G,35932,60,21,10,19,4,3.0,,N,N,N,N,N,N,N,,,2021,8041
08,043,451110,J,20,J,75,H,351,3,N,N,N,N,,,N,N,N,N,N,N,N,,,2021,8043
08,045,451110,H,69,H,479,H,2739,14,8,4,N,N,,,N,N,N,N,N,N,N,,,2021,8045
08,049,451110,G,60,G,371,G,1389,10,5,3,N,N,,,N,N,N,N,N,N,N,,,2021,8049
08,051,451110,G,141,G,864,G,3087,15,7,3,N,3,,,N,N,N,N,N,N,N,,,2021,8051
08,059,451110,G,974,G,5578,G,26965,74,29,16,18,5,6.0,,N,N,N,N,N,N,N,,,2021,8059
08,065,451110,G,6,H,29,H,277,4,4,N,N,N,,,N,N,N,N,N,N,N,,,2021,8065
08,067,451110,H,155,G,964,G,4819,14,4,3,6,N,,,N,N,N,N,N,N,N,,,2021,8067
08,069,451110,H,1227,H,8219,H,33538,54,19,18,6,4,6.0,,N,N,N,N,N,N,N,,,2021,8069
08,077,451110,H,378,G,3405,G,10485,22,11,5,N,N,,,N,N,N,N,N,N,N,,,2021,8077
08,079,451110,J,3,J,34,G,463,3,3,N,N,N,,,N,N,N,N,N,N,N,,,2021,8079
08,083,451110,J,14,J,44,H,258,3,N,N,N,N,,,N,N,N,N,N,N,N,,,2021,8083
08,085,451110,J,39,H,166,G,846,10,8,N,N,N,,,N,N,N,N,N,N,N,,,2021,8085
08,093,451110,G,3,G,1,H,34,3,3,N,N,N,,,N,N,N,N,N,N,N,,,2021,8093
08,097,451110,G,218,G,1505,G,4465,31,15,8,6,N,,,N,N,N,N,N,N,N,,,2021,8097
08,101,451110,G,135,G,622,G,3033,12,5,3,N,N,,,N,N,N,N,N,N,N,,,2021,8101
08,105,451110,J,15,H,118,H,430,3,N,N,N,N,,,N,N,N,N,N,N,N,,,2021,8105
08,107,451110,H,269,H,1839,G,6608,23,8,7,5,N,,,N,N,N,N,N,N,N,,,2021,8107
08,113,451110,G,123,G,1146,G,3175,14,3,6,4,N,,,N,N,N,N,N,N,N,,,2021,8113
08,117,451110,H,580,G,3930,G,12453,54,11,21,15,6,,,N,N,N,N,N,N,N,,,2021,8117
08,123,451110,H,128,G,951,G,4209,13,4,5,N,N,,,N,N,N,N,N,N,N,,,2021,8123
09,001,451110,G,845,G,5980,G,30011,94,55,18,12,4,4.0,,N,N,N,N,N,N,N,,,2021,9001
09,003,451110,G,768,G,5137,G,24441,67,34,14,10,6,,,N,N,N,N,N,N,N,,,2021,9003
09,005,451110,H,64,H,600,G,3001,11,7,N,N,N,,,N,N,N,N,N,N,N,,,2021,9005
09,007,451110,H,97,G,553,G,2840,15,9,3,N,N,,,N,N,N,N,N,N,N,,,2021,9007
09,009,451110,G,449,G,2505,G,12809,39,17,9,6,5,,,N,N,N,N,N,N,N,,,2021,9009
09,011,451110,G,136,H,561,H,3324,16,12,N,N,N,,,N,N,N,N,N,N,N,,,2021,9011
09,013,451110,J,8,J,32,J,115,3,N,N,N,N,,,N,N,N,N,N,N,N,,,2021,9013
09,015,451110,G,10,H,83,G,674,4,4,N,N,N,,,N,N,N,N,N,N,N,,,2021,9015
10,001,451110,H,89,H,359,H,1983,6,3,N,N,N,,,N,N,N,N,N,N,N,,,2021,10001
10,003,451110,G,663,G,3066,G,14714,37,12,12,5,4,,,N,N,N,N,N,N,N,,,2021,10003
10,005,451110,J,97,H,479,G,3559,27,16,9,N,N,,,N,N,N,N,N,N,N,,,2021,10005
11,001,451110,H,216,H,1093,H,6111,17,9,4,N,N,,,N,N,N,N,N,N,N,,,2021,11001
12,001,451110,H,277,G,1396,G,6339,23,11,6,3,N,,,N,N,N,N,N,N,N,,,2021,12001
12,005,451110,G,165,G,911,G,4802,22,15,3,N,N,,,N,N,N,N,N,N,N,,,2021,12005
12,009,451110,H,549,H,3204,G,14393,68,46,12,4,N,4.0,,N,N,N,N,N,N,N,,,2021,12009
12,011,451110,G,1091,G,7786,G,37444,130,80,19,17,11,,,N,N,N,N,N,N,N,,,2021,12011
12,015,451110,J,48,G,341,G,1509,19,16,N,N,N,,,N,N,N,N,N,N,N,,,2021,12015
12,017,451110,G,57,G,387,G,1421,18,14,3,N,N,,,N,N,N,N,N,N,N,,,2021,12017
12,019,451110,J,133,H,733,H,3718,8,5,N,N,N,,,N,N,N,N,N,N,N,,,2021,12019
12,021,451110,G,281,G,1704,G,8478,34,17,10,3,3,,,N,N,N,N,N,N,N,,,2021,12021
12,023,451110,J,83,H,316,H,1703,7,5,N,N,N,,,N,N,N,N,N,N,N,,,2021,12023
12,031,451110,G,702,G,4532,G,19935,56,27,11,10,4,4.0,,N,N,N,N,N,N,N,,,2021,12031
12,033,451110,G,272,G,1435,G,7298,23,11,6,3,N,,,N,N,N,N,N,N,N,,,2021,12033
12,035,451110,H,25,H,116,G,568,9,6,3,N,N,,,N,N,N,N,N,N,N,,,2021,12035
12,037,451110,H,20,G,171,G,781,6,4,N,N,N,,,N,N,N,N,N,N,N,,,2021,12037
12,053,451110,H,47,G,180,H,1149,7,6,N,N,N,,,N,N,N,N,N,N,N,,,2021,12053
12,055,451110,J,10,H,69,H,330,3,N,N,N,N,,,N,N,N,N,N,N,N,,,2021,12055
12,057,451110,G,785,G,3916,G,19189,75,48,14,5,3,4.0,,N,N,N,N,N,N,N,,,2021,12057
12,061,451110,G,74,G,546,G,2654,18,11,6,N,N,,,N,N,N,N,N,N,N,,,2021,12061
12,069,451110,H,162,G,1055,G,4279,26,15,6,4,N,,,N,N,N,N,N,N,N,,,2021,12069
12,071,451110,H,612,H,4143,H,17277,64,37,12,7,7,,,N,N,N,N,N,N,N,,,2021,12071
12,073,451110,G,293,G,1438,G,6919,21,9,6,N,N,,,N,N,N,N,N,N,N,,,2021,12073
12,081,451110,H,143,H,1050,G,4689,23,12,6,4,N,,,N,N,N,N,N,N,N,,,2021,12081
12,083,451110,G,180,G,1108,G,5349,21,12,4,3,N,,,N,N,N,N,N,N,N,,,2021,12083
12,085,451110,G,162,G,977,G,4870,29,21,3,3,N,,,N,N,N,N,N,N,N,,,2021,12085
12,086,451110,G,1056,G,7585,G,37682,161,98,39,10,12,,,N,N,N,N,N,N,N,,,2021,12086
12,087,451110,G,270,G,1986,G,9582,44,23,15,4,N,,,N,N,N,N,N,N,N,,,2021,12087
12,089,451110,H,39,G,290,G,1484,8,4,3,N,N,,,N,N,N,N,N,N,N,,,2021,12089
12,091,451110,J,203,H,1510,H,6400,25,13,9,N,N,,,N,N,N,N,N,N,N,,,2021,12091
12,095,451110,H,992,G,6406,G,28838,86,39,20,14,8,4.0,,N,N,N,N,N,N,N,,,2021,12095
12,097,451110,H,103,H,612,H,2850,12,9,N,N,N,,,N,N,N,N,N,N,N,,,2021,12097
12,099,451110,G,984,G,6659,G,31245,137,75,40,14,5,3.0,,N,N,N,N,N,N,N,,,2021,12099
12,101,451110,H,131,G,765,G,3670,24,17,4,N,N,,,N,N,N,N,N,N,N,,,2021,12101
12,103,451110,G,753,G,5317,G,22993,113,62,33,10,6,,,N,N,N,N,N,N,N,,,2021,12103
12,105,451110,G,220,G,989,G,4711,26,15,6,3,N,,,N,N,N,N,N,N,N,,,2021,12105
12,107,451110,G,6,G,45,G,220,4,4,N,N,N,,,N,N,N,N,N,N,N,,,2021,12107
12,109,451110,H,161,H,897,H,4001,27,16,7,N,N,,,N,N,N,N,N,N,N,,,2021,12109
12,111,451110,J,171,H,884,H,3952,15,7,6,N,N,,,N,N,N,N,N,N,N,,,2021,12111
12,113,451110,G,89,H,539,H,2809,15,7,5,3,N,,,N,N,N,N,N,N,N,,,2021,12113
12,115,451110,H,306,G,1800,G,8247,37,23,5,7,N,,,N,N,N,N,N,N,N,,,2021,12115
12,117,451110,H,318,G,1838,G,7854,33,14,13,N,N,,,N,N,N,N,N,N,N,,,2021,12117
12,119,451110,J,48,H,338,H,1347,9,4,4,N,N,,,N,N,N,N,N,N,N,,,2021,12119
12,127,451110,H,525,G,3307,G,15254,47,26,11,4,4,,,N,N,N,N,N,N,N,,,2021,12127
12,131,451110,J,65,H,410,H,1924,10,5,3,N,N,,,N,N,N,N,N,N,N,,,2021,12131
13,009,451110,J,14,J,61,H,280,3,N,N,N,N,,,N,N,N,N,N,N,N,,,2021,13009
13,015,451110,H,90,H,417,H,2160,7,5,N,N,N,,,N,N,N,N,N,N,N,,,2021,13015
13,021,451110,H,169,H,802,H,4103,10,N,5,N,N,,,N,N,N,N,N,N,N,,,2021,13021
13,031,451110,G,38,G,157,G,686,9,7,N,N,N,,,N,N,N,N,N,N,N,,,2021,13031
13,039,451110,J,6,G,26,G,208,3,3,N,N,N,,,N,N,N,N,N,N,N,,,2021,13039
13,045,451110,H,32,H,205,J,953,4,N,N,N,N,,,N,N,N,N,N,N,N,,,2021,13045
13,051,451110,G,304,G,1465,G,6540,28,15,5,5,N,,,N,N,N,N,N,N,N,,,2021,13051
13,057,451110,G,413,H,2540,H,10315,12,4,N,3,N,,,N,N,N,N,N,N,N,,,2021,13057
13,059,451110,G,157,G,801,H,4105,9,5,N,N,N,,,N,N,N,N,N,N,N,,,2021,13059
13,063,451110,G,24,H,223,H,939,5,3,N,N,N,,,N,N,N,N,N,N,N,,,2021,13063
13,067,451110,H,844,G,4965,G,22555,37,9,12,6,4,4.0,,N,N,N,N,N,N,N,,,2021,13067
13,073,451110,G,158,G,822,G,3648,8,N,N,N,N,,,N,N,N,N,N,N,N,,,2021,13073
13,077,451110,J,141,J,638,J,3299,4,N,N,N,N,,,N,N,N,N,N,N,N,,,2021,13077
13,089,451110,H,288,H,1462,H,6727,17,6,4,3,N,,,N,N,N,N,N,N,N,,,2021,13089
13,095,451110,G,14,J,106,J,494,3,N,N,N,N,,,N,N,N,N,N,N,N,,,2021,13095
13,097,451110,G,122,G,592,G,2733,3,N,N,N,N,,,N,N,N,N,N,N,N,,,2021,13097
13,113,451110,G,79,G,456,G,2241,6,N,N,N,N,,,N,N,N,N,N,N,N,,,2021,13113
13,115,451110,H,50,G,299,G,1393,7,5,N,N,N,,,N,N,N,N,N,N,N,,,2021,13115
13,117,451110,G,549,G,2226,G,11346,16,5,5,3,N,,,N,N,N,N,N,N,N,,,2021,13117
13,121,451110,G,601,G,4090,G,18600,62,31,15,10,3,3.0,,N,N,N,N,N,N,N,,,2021,13121
13,127,451110,G,89,H,483,H,2058,10,8,N,N,N,,,N,N,N,N,N,N,N,,,2021,13127
13,135,451110,G,770,G,4719,G,21902,44,22,6,5,6,4.0,,N,N,N,N,N,N,N,,,2021,13135
13,139,451110,H,184,H,906,H,4758,15,8,3,N,N,,,N,N,N,N,N,N,N,,,2021,13139
13,151,451110,H,148,H,840,H,4136,8,N,N,N,N,,,N,N,N,N,N,N,N,,,2021,13151
13,153,451110,H,125,G,616,G,3018,11,7,N,N,N,,,N,N,N,N,N,N,N,,,2021,13153
13,157,451110,J,21,J,203,J,800,3,N,N,N,N,,,N,N,N,N,N,N,N,,,2021,13157
13,185,451110,J,102,H,460,H,2282,5,N,N,N,N,,,N,N,N,N,N,N,N,,,2021,13185
13,207,451110,J,190,J,2781,J,11594,3,N,N,N,N,,,N,N,N,N,N,N,N,,,2021,13207
13,215,451110,H,216,G,844,H,4102,11,3,5,N,N,,,N,N,N,N,N,N,N,,,2021,13215
13,217,451110,G,13,J,73,J,447,3,N,N,N,N,,,N,N,N,N,N,N,N,,,2021,13217
13,223,451110,J,85,J,375,J,1810,3,N,N,N,N,,,N,N,N,N,N,N,N,,,2021,13223
13,245,451110,G,205,G,998,G,4983,14,5,3,3,N,,,N,N,N,N,N,N,N,,,2021,13245
13,247,451110,J,4,J,57,J,301,4,4,N,N,N,,,N,N,N,N,N,N,N,,,2021,13247
13,255,451110,J,9,H,43,G,217,4,4,N,N,N,,,N,N,N,N,N,N,N,,,2021,13255
13,275,451110,J,38,J,162,J,792,5,3,N,N,N,,,N,N,N,N,N,N,N,,,2021,13275
13,285,451110,H,40,G,156,G,731,3,N,N,N,N,,,N,N,N,N,N,N,N,,,2021,13285
13,291,451110,J,14,H,47,G,225,5,4,N,N,N,,,N,N,N,N,N,N,N,,,2021,13291
13,299,451110,J,32,H,149,H,601,3,N,N,N,N,,,N,N,N,N,N,N,N,,,2021,13299
13,311,451110,G,15,G,65,H,296,4,3,N,N,N,,,N,N,N,N,N,N,N,,,2021,13311
13,313,451110,J,89,J,363,J,1803,4,3,N,N,N,,,N,N,N,N,N,N,N,,,2021,13313
15,001,451110,J,115,H,727,H,3890,16,10,3,N,N,,,N,N,N,N,N,N,N,,,2021,15001
15,003,451110,G,386,G,2428,G,12012,73,46,16,7,4,,,N,N,N,N,N,N,N,,,2021,15003
15,007,451110,J,17,H,148,H,678,7,5,N,N,N,,,N,N,N,N,N,N,N,,,2021,15007
15,009,451110,G,162,G,1040,G,4945,22,11,N,8,N,,,N,N,N,N,N,N,N,,,2021,15009
16,001,451110,G,868,G,4873,G,23022,61,20,13,18,7,,,N,N,N,N,N,N,N,,,2021,16001
16,005,451110,G,200,G,874,G,4020,15,8,N,N,3,,,N,N,N,N,N,N,N,,,2021,16005
16,013,451110,H,113,H,741,H,3515,10,4,N,3,N,,,N,N,N,N,N,N,N,,,2021,16013
16,017,451110,G,57,H,290,H,1148,9,5,N,N,N,,,N,N,N,N,N,N,N,,,2021,16017
16,019,451110,G,366,G,1806,G,8640,22,6,5,6,N,3.0,,N,N,N,N,N,N,N,,,2021,16019
16,027,451110,G,205,G,897,G,4078,18,9,5,N,N,,,N,N,N,N,N,N,N,,,2021,16027
16,049,451110,G,8,J,38,H,161,3,3,N,N,N,,,N,N,N,N,N,N,N,,,2021,16049
16,055,451110,G,271,G,1423,G,6416,21,11,N,6,N,,,N,N,N,N,N,N,N,,,2021,16055
16,057,451110,H,88,H,431,H,1985,7,N,3,N,N,,,N,N,N,N,N,N,N,,,2021,16057
16,059,451110,J,5,J,2,J,31,3,3,N,N,N,,,N,N,N,N,N,N,N,,,2021,16059
16,065,451110,J,27,J,295,H,924,3,N,N,N,N,,,N,N,N,N,N,N,N,,,2021,16065
16,069,451110,J,87,H,459,H,2041,8,4,N,N,N,,,N,N,N,N,N,N,N,,,2021,16069
16,079,451110,J,5,J,12,H,34,3,3,N,N,N,,,N,N,N,N,N,N,N,,,2021,16079
16,081,451110,H,43,G,194,G,1008,4,N,N,N,N,,,N,N,N,N,N,N,N,,,2021,16081
16,083,451110,H,166,G,751,G,3576,11,5,N,N,N,,,N,N,N,N,N,N,N,,,2021,16083
16,085,451110,G,35,H,207,G,931,5,3,N,N,N,,,N,N,N,N,N,N,N,,,2021,16085
17,001,451110,H,64,G,269,H,1592,5,3,N,N,N,,,N,N,N,N,N,N,N,,,2021,17001
17,019,451110,J,119,H,500,H,3053,8,4,3,N,N,,,N,N,N,N,N,N,N,,,2021,17019
17,029,451110,G,9,G,118,G,500,3,N,N,N,N,,,N,N,N,N,N,N,N,,,2021,17029
17,031,451110,G,2001,G,11907,G,60654,208,111,42,33,15,4.0,3.0,N,N,N,N,N,N,N,,,2021,17031
17,037,451110,J,8,G,55,G,222,4,4,N,N,N,,,N,N,N,N,N,N,N,,,2021,17037
17,043,451110,G,833,H,5447,H,25718,60,31,13,7,5,3.0,,N,N,N,N,N,N,N,,,2021,17043
17,049,451110,G,23,H,70,G,408,3,N,N,N,N,,,N,N,N,N,N,N,N,,,2021,17049
17,063,451110,J,12,J,70,J,370,3,N,N,N,N,,,N,N,N,N,N,N,N,,,2021,17063
17,077,451110,H,52,H,179,H,1044,4,3,N,N,N,,,N,N,N,N,N,N,N,,,2021,17077
17,081,451110,H,23,J,115,J,541,3,N,N,N,N,,,N,N,N,N,N,N,N,,,2021,17081
17,089,451110,H,394,G,1795,G,10795,29,11,11,N,3,,,N,N,N,N,N,N,N,,,2021,17089
17,091,451110,G,60,G,207,H,1162,4,N,N,N,N,,,N,N,N,N,N,N,N,,,2021,17091
17,093,451110,J,61,J,393,J,3800,4,N,N,N,N,,,N,N,N,N,N,N,N,,,2021,17093
17,097,451110,G,595,G,4191,G,18887,45,20,11,7,4,,,N,N,N,N,N,N,N,,,2021,17097
17,099,451110,J,38,H,219,H,1008,6,3,N,N,N,,,N,N,N,N,N,N,N,,,2021,17099
17,111,451110,H,116,H,538,H,2663,14,7,4,N,N,,,N,N,N,N,N,N,N,,,2021,17111
17,113,451110,H,191,J,1530,H,5694,10,3,N,N,N,,,N,N,N,N,N,N,N,,,2021,17113
17,115,451110,H,33,G,132,H,670,8,5,3,N,N,,,N,N,N,N,N,N,N,,,2021,17115
17,117,451110,J,8,J,73,J,286,3,N,N,N,N,,,N,N,N,N,N,N,N,,,2021,17117
17,119,451110,G,78,H,479,G,2359,12,4,6,N,N,,,N,N,N,N,N,N,N,,,2021,17119
17,121,451110,G,23,H,174,H,944,5,4,N,N,N,,,N,N,N,N,N,N,N,,,2021,17121
17,143,451110,G,163,G,826,G,4275,12,3,3,3,N,,,N,N,N,N,N,N,N,,,2021,17143
17,161,451110,H,72,H,354,H,1879,9,7,N,N,N,,,N,N,N,N,N,N,N,,,2021,17161
17,163,451110,J,199,J,945,J,4675,14,6,4,N,N,,,N,N,N,N,N,N,N,,,2021,17163
17,167,451110,J,374,J,2252,J,9734,12,9,N,N,N,,,N,N,N,N,N,N,N,,,2021,17167
17,177,451110,G,3,G,16,G,64,3,3,N,N,N,,,N,N,N,N,N,N,N,,,2021,17177
17,179,451110,G,195,H,918,H,3990,6,N,N,N,N,,,N,N,N,N,N,N,N,,,2021,17179
17,195,451110,H,28,G,134,H,596,4,N,N,N,N,,,N,N,N,N,N,N,N,,,2021,17195
17,197,451110,H,503,H,2174,G,10990,32,15,9,N,4,,,N,N,N,N,N,N,N,,,2021,17197
17,199,451110,J,15,H,62,H,301,3,N,N,N,N,,,N,N,N,N,N,N,N,,,2021,17199
17,201,451110,G,163,G,718,H,4107,19,11,4,N,N,,,N,N,N,N,N,N,N,,,2021,17201
18,001,451110,J,7,J,22,J,135,3,3,N,N,N,,,N,N,N,N,N,N,N,,,2021,18001
18,003,451110,G,362,G,1883,G,9637,35,15,10,5,4,,,N,N,N,N,N,N,N,,,2021,18003
18,005,451110,J,28,J,125,H,828,6,5,N,N,N,,,N,N,N,N,N,N,N,,,2021,18005
18,011,451110,J,7,J,42,J,221,3,3,N,N,N,,,N,N,N,N,N,N,N,,,2021,18011
18,017,451110,J,14,H,59,J,376,4,3,N,N,N,,,N,N,N,N,N,N,N,,,2021,18017
18,019,451110,J,246,J,2022,H,8240,9,4,N,N,N,,,N,N,N,N,N,N,N,,,2021,18019
18,029,451110,G,5,J,19,H,110,3,3,N,N,N,,,N,N,N,N,N,N,N,,,2021,18029
18,033,451110,G,49,H,359,H,1578,4,N,N,N,N,,,N,N,N,N,N,N,N,,,2021,18033
18,035,451110,H,51,H,191,H,1260,6,5,N,N,N,,,N,N,N,N,N,N,N,,,2021,18035
18,037,451110,H,32,G,230,H,814,7,4,3,N,N,,,N,N,N,N,N,N,N,,,2021,18037
18,039,451110,G,84,H,499,H,2698,15,6,8,N,N,,,N,N,N,N,N,N,N,,,2021,18039
18,043,451110,J,3,J,17,G,80,3,3,N,N,N,,,N,N,N,N,N,N,N,,,2021,18043
18,053,451110,G,20,G,75,H,325,4,3,N,N,N,,,N,N,N,N,N,N,N,,,2021,18053
18,055,451110,J,8,J,24,G,150,4,3,N,N,N,,,N,N,N,N,N,N,N,,,2021,18055
18,057,451110,G,410,G,2026,G,10825,23,9,5,4,N,,,N,N,N,N,N,N,N,,,2021,18057
18,059,451110,J,21,H,97,G,439,4,3,N,N,N,,,N,N,N,N,N,N,N,,,2021,18059
18,063,451110,J,131,H,499,J,2938,9,4,3,N,N,,,N,N,N,N,N,N,N,,,2021,18063
18,067,451110,J,51,H,189,H,873,4,N,N,N,N,,,N,N,N,N,N,N,N,,,2021,18067
18,071,451110,J,19,G,143,G,627,3,N,N,N,N,,,N,N,N,N,N,N,N,,,2021,18071
18,081,451110,G,209,G,896,G,4879,12,6,N,N,N,,,N,N,N,N,N,N,N,,,2021,18081
18,085,451110,G,39,G,205,G,1401,10,6,4,N,N,,,N,N,N,N,N,N,N,,,2021,18085
18,087,451110,J,20,G,214,H,1097,6,4,N,N,N,,,N,N,N,N,N,N,N,,,2021,18087
18,089,451110,H,376,H,1807,G,8717,28,14,6,4,3,,,N,N,N,N,N,N,N,,,2021,18089
18,091,451110,J,19,H,111,H,513,4,3,N,N,N,,,N,N,N,N,N,N,N,,,2021,18091
18,093,451110,J,17,J,70,J,318,3,N,N,N,N,,,N,N,N,N,N,N,N,,,2021,18093
18,095,451110,H,31,G,106,G,509,6,4,N,N,N,,,N,N,N,N,N,N,N,,,2021,18095
18,097,451110,G,532,G,2807,G,14738,44,16,16,6,N,4.0,,N,N,N,N,N,N,N,,,2021,18097
18,105,451110,G,86,G,369,G,2271,10,6,N,N,N,,,N,N,N,N,N,N,N,,,2021,18105
18,109,451110,J,6,G,19,G,146,4,4,N,N,N,,,N,N,N,N,N,N,N,,,2021,18109
18,127,451110,H,207,H,1013,H,4989,7,N,N,N,N,,,N,N,N,N,N,N,N,,,2021,18127
18,141,451110,G,172,G,988,G,5012,20,12,4,N,N,,,N,N,N,N,N,N,N,,,2021,18141
18,151,451110,J,35,G,117,G,716,8,6,N,N,N,,,N,N,N,N,N,N,N,,,2021,18151
18,157,451110,J,123,G,504,H,2772,8,3,N,3,N,,,N,N,N,N,N,N,N,,,2021,18157
18,163,451110,G,141,G,616,G,2980,10,N,4,3,N,,,N,N,N,N,N,N,N,,,2021,18163
18,167,451110,H,133,H,640,H,3032,8,3,N,N,N,,,N,N,N,N,N,N,N,,,2021,18167
18,173,451110,J,7,J,21,H,187,3,N,N,N,N,,,N,N,N,N,N,N,N,,,2021,18173
18,177,451110,H,93,H,317,H,1671,4,N,N,N,N,,,N,N,N,N,N,N,N,,,2021,18177
18,183,451110,G,43,G,107,G,456,5,N,N,N,N,,,N,N,N,N,N,N,N,,,2021,18183
19,013,451110,H,248,H,1890,H,7441,14,8,3,N,N,,,N,N,N,N,N,N,N,,,2021,19013
19,027,451110,G,7,J,21,G,116,4,4,N,N,N,,,N,N,N,N,N,N,N,,,2021,19027
19,033,451110,H,48,G,434,G,2262,7,3,N,N,N,,,N,N,N,N,N,N,N,,,2021,19033
19,041,451110,G,34,H,164,G,811,5,N,N,N,N,,,N,N,N,N,N,N,N,,,2021,19041
19,045,451110,G,8,H,41,H,182,4,3,N,N,N,,,N,N,N,N,N,N,N,,,2021,19045
19,049,451110,J,474,J,3761,J,12839,6,5,N,N,N,,,N,N,N,N,N,N,N,,,2021,19049
19,057,451110,J,64,J,239,J,1283,4,N,N,N,N,,,N,N,N,N,N,N,N,,,2021,19057
19,059,451110,G,11,H,60,H,285,3,3,N,N,N,,,N,N,N,N,N,N,N,,,2021,19059
19,061,451110,J,121,H,420,H,2306,10,5,N,3,N,,,N,N,N,N,N,N,N,,,2021,19061
19,103,451110,J,395,H,1297,J,10497,13,6,N,3,N,,,N,N,N,N,N,N,N,,,2021,19103
19,105,451110,G,7,J,64,H,253,3,N,N,N,N,,,N,N,N,N,N,N,N,,,2021,19105
19,113,451110,H,171,G,906,G,4444,17,7,5,3,N,,,N,N,N,N,N,N,N,,,2021,19113
19,127,451110,J,12,J,74,H,342,3,N,N,N,N,,,N,N,N,N,N,N,N,,,2021,19127
19,139,451110,J,4,G,17,H,99,3,3,N,N,N,,,N,N,N,N,N,N,N,,,2021,19139
19,153,451110,H,604,H,3232,H,15213,43,19,11,6,3,3.0,,N,N,N,N,N,N,N,,,2021,19153
19,155,451110,G,150,H,603,G,3020,4,N,N,N,N,,,N,N,N,N,N,N,N,,,2021,19155
19,163,451110,J,176,H,650,J,3941,8,4,3,N,N,,,N,N,N,N,N,N,N,,,2021,19163
19,169,451110,H,50,H,278,H,1168,5,N,3,N,N,,,N,N,N,N,N,N,N,,,2021,19169
19,187,451110,H,29,H,170,H,750,3,N,N,N,N,,,N,N,N,N,N,N,N,,,2021,19187
19,193,451110,J,247,J,688,J,6159,7,N,3,N,N,,,N,N,N,N,N,N,N,,,2021,19193
20,037,451110,G,45,G,264,G,1103,3,N,N,N,N,,,N,N,N,N,N,N,N,,,2021,20037
20,045,451110,H,108,H,483,H,2492,11,6,3,N,N,,,N,N,N,N,N,N,N,,,2021,20045
20,051,451110,G,15,J,32,G,208,3,N,N,N,N,,,N,N,N,N,N,N,N,,,2021,20051
20,055,451110,J,45,J,165,J,1085,4,3,N,N,N,,,N,N,N,N,N,N,N,,,2021,20055
20,061,451110,J,8,J,51,J,193,3,3,N,N,N,,,N,N,N,N,N,N,N,,,2021,20061
20,091,451110,H,916,H,6595,H,27425,41,16,9,6,3,4.0,3.0,N,N,N,N,N,N,N,,,2021,20091
20,113,451110,J,14,G,79,G,352,3,N,N,N,N,,,N,N,N,N,N,N,N,,,2021,20113
20,155,451110,J,31,H,165,H,754,3,N,N,N,N,,,N,N,N,N,N,N,N,,,2021,20155
20,161,451110,H,131,H,561,H,2815,6,3,N,N,N,,,N,N,N,N,N,N,N,,,2021,20161
20,169,451110,J,48,J,193,J,1585,6,4,N,N,N,,,N,N,N,N,N,N,N,,,2021,20169
20,173,451110,G,600,G,3137,G,15145,35,18,7,3,N,4.0,,N,N,N,N,N,N,N,,,2021,20173
20,177,451110,H,128,H,613,H,3109,5,N,N,N,N,,,N,N,N,N,N,N,N,,,2021,20177
20,209,451110,H,192,H,995,H,4182,8,5,N,N,N,,,N,N,N,N,N,N,N,,,2021,20209
21,015,451110,H,165,G,581,H,3495,9,3,3,N,N,,,N,N,N,N,N,N,N,,,2021,21015
21,019,451110,G,199,G,864,G,4714,4,N,N,N,N,,,N,N,N,N,N,N,N,,,2021,21019
21,035,451110,J,14,G,68,G,314,4,3,N,N,N,,,N,N,N,N,N,N,N,,,2021,21035
21,037,451110,J,82,J,337,J,1845,5,N,N,N,N,,,N,N,N,N,N,N,N,,,2021,21037
21,045,451110,H,29,H,200,G,848,3,N,N,N,N,,,N,N,N,N,N,N,N,,,2021,21045
21,047,451110,J,14,H,81,H,335,5,4,N,N,N,,,N,N,N,N,N,N,N,,,2021,21047
21,059,451110,H,86,H,638,H,2763,9,6,N,N,N,,,N,N,N,N,N,N,N,,,2021,21059
21,067,451110,G,431,G,2288,G,10147,25,8,9,4,N,3.0,,N,N,N,N,N,N,N,,,2021,21067
21,071,451110,J,15,J,103,H,528,3,N,N,N,N,,,N,N,N,N,N,N,N,,,2021,21071
21,073,451110,J,54,J,205,H,1122,4,N,N,N,N,,,N,N,N,N,N,N,N,,,2021,21073
21,093,451110,H,108,J,528,J,2491,8,5,N,N,N,,,N,N,N,N,N,N,N,,,2021,21093
21,111,451110,G,658,G,3797,G,17234,52,25,12,5,8,,,N,N,N,N,N,N,N,,,2021,21111
21,117,451110,G,83,H,568,H,2466,10,4,4,N,N,,,N,N,N,N,N,N,N,,,2021,21117
21,125,451110,J,19,H,87,H,350,3,N,N,N,N,,,N,N,N,N,N,N,N,,,2021,21125
21,145,451110,H,165,G,804,G,4097,11,3,4,N,N,,,N,N,N,N,N,N,N,,,2021,21145
21,151,451110,J,69,J,239,H,1398,6,4,N,N,N,,,N,N,N,N,N,N,N,,,2021,21151
21,157,451110,H,22,H,141,G,782,3,N,N,N,N,,,N,N,N,N,N,N,N,,,2021,21157
21,161,451110,H,22,J,74,J,340,3,N,N,N,N,,,N,N,N,N,N,N,N,,,2021,21161
21,185,451110,G,35,G,215,G,1018,4,N,N,N,N,,,N,N,N,N,N,N,N,,,2021,21185
21,199,451110,G,48,G,208,G,945,8,4,N,N,N,,,N,N,N,N,N,N,N,,,2021,21199
21,211,451110,J,11,H,36,H,158,3,3,N,N,N,,,N,N,N,N,N,N,N,,,2021,21211
21,227,451110,G,187,H,835,H,4033,8,N,N,N,N,,,N,N,N,N,N,N,N,,,2021,21227
21,235,451110,J,15,J,145,J,573,3,N,N,N,N,,,N,N,N,N,N,N,N,,,2021,21235
22,015,451110,H,227,G,964,G,4626,11,5,4,N,N,,,N,N,N,N,N,N,N,,,2021,22015
22,017,451110,H,226,H,1110,H,5349,12,5,N,N,N,,,N,N,N,N,N,N,N,,,2021,22017
22,019,451110,J,178,H,715,J,3677,7,3,N,N,N,,,N,N,N,N,N,N,N,,,2021,22019
22,033,451110,G,360,G,1659,G,8346,24,11,5,4,N,3.0,,N,N,N,N,N,N,N,,,2021,22033
22,051,451110,H,438,H,2464,H,12846,24,9,5,3,4,3.0,,N,N,N,N,N,N,N,,,2021,22051
22,055,451110,G,400,G,1889,H,8942,20,13,N,N,N,,,N,N,N,N,N,N,N,,,2021,22055
22,057,451110,H,92,H,339,H,1656,4,N,N,N,N,,,N,N,N,N,N,N,N,,,2021,22057
22,063,451110,H,278,H,1503,H,7032,5,N,N,N,N,,,N,N,N,N,N,N,N,,,2021,22063
22,067,451110,J,96,J,650,J,3485,3,N,N,N,N,,,N,N,N,N,N,N,N,,,2021,22067
22,071,451110,J,32,G,182,G,783,9,7,N,N,N,,,N,N,N,N,N,N,N,,,2021,22071
22,073,451110,H,232,G,1137,G,5349,11,3,4,N,3,,,N,N,N,N,N,N,N,,,2021,22073
22,075,451110,J,8,G,22,G,117,3,3,N,N,N,,,N,N,N,N,N,N,N,,,2021,22075
22,079,451110,G,142,G,775,G,3643,10,5,N,4,N,,,N,N,N,N,N,N,N,,,2021,22079
22,103,451110,G,267,G,1443,H,7044,23,12,7,N,N,,,N,N,N,N,N,N,N,,,2021,22103
22,105,451110,G,139,G,778,G,3597,7,3,N,N,N,,,N,N,N,N,N,N,N,,,2021,22105
22,109,451110,H,98,H,550,H,2541,7,4,N,N,N,,,N,N,N,N,N,N,N,,,2021,22109
22,113,451110,H,35,G,211,H,723,5,N,3,N,N,,,N,N,N,N,N,N,N,,,2021,22113
22,115,451110,G,19,G,94,G,484,4,N,N,N,N,,,N,N,N,N,N,N,N,,,2021,22115
22,121,451110,G,48,G,295,G,1437,4,N,N,3,N,,,N,N,N,N,N,N,N,,,2021,22121
23,001,451110,J,55,G,257,G,1061,13,8,4,N,N,,,N,N,N,N,N,N,N,,,2021,23001
23,003,451110,J,11,G,37,G,210,3,N,N,N,N,,,N,N,N,N,N,N,N,,,2021,23003
23,005,451110,G,714,G,4415,G,24450,41,17,8,8,5,,,N,N,N,N,N,N,N,,,2021,23005
23,007,451110,J,20,J,64,H,271,5,4,N,N,N,,,N,N,N,N,N,N,N,,,2021,23007
23,009,451110,H,57,G,421,G,2468,8,3,3,N,N,,,N,N,N,N,N,N,N,,,2021,23009
23,011,451110,H,82,H,359,H,2238,6,N,N,N,N,,,N,N,N,N,N,N,N,,,2021,23011
23,013,451110,H,34,G,224,G,1057,6,3,N,N,N,,,N,N,N,N,N,N,N,,,2021,23013
23,017,451110,J,55,J,428,J,1276,8,7,N,N,N,,,N,N,N,N,N,N,N,,,2021,23017
23,019,451110,G,206,G,1179,G,5793,21,12,3,4,N,,,N,N,N,N,N,N,N,,,2021,23019
23,027,451110,J,36,H,305,H,1254,3,N,N,N,N,,,N,N,N,N,N,N,N,,,2021,23027
23,031,451110,J,301,J,2512,J,9790,12,9,N,N,N,,,N,N,N,N,N,N,N,,,2021,23031
24,001,451110,G,58,G,315,G,1645,9,7,N,N,N,,,N,N,N,N,N,N,N,,,2021,24001
24,003,451110,H,487,H,3184,G,14355,38,21,7,4,3,,,N,N,N,N,N,N,N,,,2021,24003
24,005,451110,G,486,G,2683,G,13227,42,22,7,6,3,4.0,,N,N,N,N,N,N,N,,,2021,24005
24,009,451110,J,23,J,103,H,351,6,3,3,N,N,,,N,N,N,N,N,N,N,,,2021,24009
24,013,451110,G,129,H,502,G,2690,12,3,4,4,N,,,N,N,N,N,N,N,N,,,2021,24013
24,017,451110,G,91,G,462,G,2776,3,N,N,N,N,,,N,N,N,N,N,N,N,,,2021,24017
24,021,451110,G,180,G,837,G,4310,17,7,6,N,N,,,N,N,N,N,N,N,N,,,2021,24021
24,023,451110,H,38,H,266,G,1242,3,N,N,N,N,,,N,N,N,N,N,N,N,,,2021,24023
24,025,451110,G,110,G,595,G,3161,11,7,3,N,N,,,N,N,N,N,N,N,N,,,2021,24025
24,027,451110,J,315,H,1619,H,9172,14,4,3,N,4,3.0,,N,N,N,N,N,N,N,,,2021,24027
24,031,451110,H,455,G,2697,H,13722,35,13,12,5,N,,,N,N,N,N,N,N,N,,,2021,24031
24,033,451110,G,86,H,590,G,2845,13,6,4,N,N,,,N,N,N,N,N,N,N,,,2021,24033
24,035,451110,J,16,G,109,G,540,4,N,N,N,N,,,N,N,N,N,N,N,N,,,2021,24035
24,037,451110,H,68,G,225,H,1343,4,N,N,N,N,,,N,N,N,N,N,N,N,,,2021,24037
24,041,451110,G,61,G,385,G,2180,9,5,3,N,N,,,N,N,N,N,N,N,N,,,2021,24041
24,043,451110,H,56,J,454,J,2029,13,9,3,N,N,,,N,N,N,N,N,N,N,,,2021,24043
24,045,451110,H,65,H,293,H,1798,5,4,N,N,N,,,N,N,N,N,N,N,N,,,2021,24045
24,047,451110,H,36,G,234,G,1454,12,11,N,N,N,,,N,N,N,N,N,N,N,,,2021,24047
24,510,451110,H,38,H,295,G,1343,8,5,N,N,N,,,N,N,N,N,N,N,N,,,2021,24510
25,001,451110,H,182,G,1090,G,7085,45,30,10,4,N,,,N,N,N,N,N,N,N,,,2021,25001
25,003,451110,G,117,G,727,G,3294,15,8,3,N,N,,,N,N,N,N,N,N,N,,,2021,25003
25,005,451110,G,481,G,2780,G,14147,39,17,10,5,4,3.0,,N,N,N,N,N,N,N,,,2021,25005
25,007,451110,G,1,J,1,H,275,3,3,N,N,N,,,N,N,N,N,N,N,N,,,2021,25007
25,009,451110,G,303,G,1912,G,9863,33,18,9,3,N,,,N,N,N,N,N,N,N,,,2021,25009
25,011,451110,J,9,H,81,H,369,4,3,N,N,N,,,N,N,N,N,N,N,N,,,2021,25011
25,013,451110,H,142,G,833,G,4474,28,19,8,N,N,,,N,N,N,N,N,N,N,,,2021,25013
25,015,451110,G,132,G,679,G,3693,12,6,3,N,N,,,N,N,N,N,N,N,N,,,2021,25015
25,017,451110,G,1307,G,8787,G,42794,101,39,32,13,11,5.0,,N,N,N,N,N,N,N,,,2021,25017
25,019,451110,J,10,G,109,G,1305,8,7,N,N,N,,,N,N,N,N,N,N,N,,,2021,25019
25,021,451110,G,600,G,3545,G,17422,43,18,5,13,5,,,N,N,N,N,N,N,N,,,2021,25021
25,023,451110,G,402,G,2179,G,9841,38,22,6,4,3,3.0,,N,N,N,N,N,N,N,,,2021,25023
25,025,451110,H,238,H,1274,H,5911,19,10,3,3,N,,,N,N,N,N,N,N,N,,,2021,25025
25,027,451110,G,515,G,2697,G,14095,47,25,9,6,4,3.0,,N,N,N,N,N,N,N,,,2021,25027
26,001,451110,G,10,H,47,H,247,3,N,N,N,N,,,N,N,N,N,N,N,N,,,2021,26001
26,005,451110,G,19,G,121,G,529,3,N,N,N,N,,,N,N,N,N,N,N,N,,,2021,26005
26,007,451110,J,25,J,76,J,357,3,N,N,N,N,,,N,N,N,N,N,N,N,,,2021,26007
26,009,451110,J,5,J,22,G,238,3,3,N,N,N,,,N,N,N,N,N,N,N,,,2021,26009
26,015,451110,J,32,H,204,H,736,4,3,N,N,N,,,N,N,N,N,N,N,N,,,2021,26015
26,017,451110,G,124,H,691,H,4286,7,3,N,N,N,,,N,N,N,N,N,N,N,,,2021,26017
26,021,451110,H,53,H,225,H,1414,13,10,N,N,N,,,N,N,N,N,N,N,N,,,2021,26021
26,023,451110,H,22,G,120,G,548,4,N,N,N,N,,,N,N,N,N,N,N,N,,,2021,26023
26,025,451110,G,74,G,355,G,1628,9,3,3,3,N,,,N,N,N,N,N,N,N,,,2021,26025
26,029,451110,G,2,J,7,H,134,3,3,N,N,N,,,N,N,N,N,N,N,N,,,2021,26029
26,031,451110,J,18,J,69,J,407,3,N,N,N,N,,,N,N,N,N,N,N,N,,,2021,26031
26,033,451110,H,35,H,112,H,510,3,N,N,N,N,,,N,N,N,N,N,N,N,,,2021,26033
26,035,451110,J,108,J,799,J,4079,3,N,N,N,N,,,N,N,N,N,N,N,N,,,2021,26035
26,037,451110,J,20,G,54,G,303,4,3,N,N,N,,,N,N,N,N,N,N,N,,,2021,26037
26,041,451110,H,28,G,91,G,475,3,N,N,N,N,,,N,N,N,N,N,N,N,,,2021,26041
26,043,451110,J,18,J,76,H,470,5,4,N,N,N,,,N,N,N,N,N,N,N,,,2021,26043
26,045,451110,G,112,G,533,G,2257,8,3,N,N,N,,,N,N,N,N,N,N,N,,,2021,26045
26,047,451110,H,58,G,393,G,1813,11,7,N,3,N,,,N,N,N,N,N,N,N,,,2021,26047
26,049,451110,H,288,H,2074,H,10097,23,8,7,5,N,,,N,N,N,N,N,N,N,,,2021,26049
26,053,451110,H,31,H,117,G,476,4,N,N,N,N,,,N,N,N,N,N,N,N,,,2021,26053
26,055,451110,G,213,G,1145,G,5517,25,11,4,7,3,,,N,N,N,N,N,N,N,,,2021,26055
26,061,451110,H,47,G,159,G,768,5,N,N,N,N,,,N,N,N,N,N,N,N,,,2021,26061
26,063,451110,J,21,G,123,G,650,4,3,N,N,N,,,N,N,N,N,N,N,N,,,2021,26063
26,065,451110,H,213,H,951,H,5147,17,8,N,5,N,,,N,N,N,N,N,N,N,,,2021,26065
26,069,451110,J,7,G,24,H,189,5,5,N,N,N,,,N,N,N,N,N,N,N,,,2021,26069
26,073,451110,J,69,J,198,J,1264,5,N,N,N,N,,,N,N,N,N,N,N,N,,,2021,26073
26,075,451110,H,83,H,455,H,2130,11,4,5,N,N,,,N,N,N,N,N,N,N,,,2021,26075
26,077,451110,G,339,G,1811,G,7954,20,9,N,4,3,,,N,N,N,N,N,N,N,,,2021,26077
26,081,451110,G,941,G,5369,G,26337,52,15,12,13,7,4.0,,N,N,N,N,N,N,N,,,2021,26081
26,087,451110,J,36,G,150,G,660,6,4,N,N,N,,,N,N,N,N,N,N,N,,,2021,26087
26,091,451110,H,44,G,148,G,730,4,N,N,N,N,,,N,N,N,N,N,N,N,,,2021,26091
26,093,451110,H,134,H,673,H,3433,15,9,N,3,N,,,N,N,N,N,N,N,N,,,2021,26093
26,097,451110,J,9,J,85,J,561,3,N,N,N,N,,,N,N,N,N,N,N,N,,,2021,26097
26,099,451110,G,788,G,3829,G,19552,61,29,11,11,6,3.0,,N,N,N,N,N,N,N,,,2021,26099
26,101,451110,J,21,G,72,G,388,3,N,N,N,N,,,N,N,N,N,N,N,N,,,2021,26101
26,103,451110,J,67,H,280,H,1812,9,N,4,N,N,,,N,N,N,N,N,N,N,,,2021,26103
26,105,451110,G,27,G,112,G,572,4,N,N,N,N,,,N,N,N,N,N,N,N,,,2021,26105
26,111,451110,G,53,G,253,G,1508,7,4,N,N,N,,,N,N,N,N,N,N,N,,,2021,26111
26,115,451110,H,266,H,1424,H,6029,14,6,5,N,N,,,N,N,N,N,N,N,N,,,2021,26115
26,117,451110,H,25,H,203,H,766,3,N,N,N,N,,,N,N,N,N,N,N,N,,,2021,26117
26,121,451110,J,100,H,438,H,2550,14,10,N,N,N,,,N,N,N,N,N,N,N,,,2021,26121
26,125,451110,G,1478,H,10218,H,42989,99,44,16,15,18,4.0,,N,N,N,N,N,N,N,,,2021,26125
26,137,451110,H,106,H,575,H,2758,4,N,N,N,N,,,N,N,N,N,N,N,N,,,2021,26137
26,139,451110,G,208,G,1335,G,6312,20,5,8,5,N,,,N,N,N,N,N,N,N,,,2021,26139
26,143,451110,G,35,G,147,G,578,3,N,N,N,N,,,N,N,N,N,N,N,N,,,2021,26143
26,145,451110,H,226,H,1129,H,5238,14,4,5,N,N,,,N,N,N,N,N,N,N,,,2021,26145
26,147,451110,J,118,H,538,H,2734,7,N,N,N,N,,,N,N,N,N,N,N,N,,,2021,26147
26,155,451110,H,28,H,184,H,945,5,3,N,N,N,,,N,N,N,N,N,N,N,,,2021,26155
26,159,451110,H,27,H,100,H,686,5,3,N,N,N,,,N,N,N,N,N,N,N,,,2021,26159
26,161,451110,J,351,H,2039,H,9576,27,10,7,3,7,,,N,N,N,N,N,N,N,,,2021,26161
26,163,451110,G,790,G,3896,G,18688,78,34,18,13,11,,,N,N,N,N,N,N,N,,,2021,26163
26,165,451110,G,28,G,147,G,635,4,N,N,N,N,,,N,N,N,N,N,N,N,,,2021,26165
27,003,451110,G,384,G,1936,G,8837,32,11,9,7,3,,,N,N,N,N,N,N,N,,,2021,27003
27,007,451110,J,11,J,50,H,241,5,4,N,N,N,,,N,N,N,N,N,N,N,,,2021,27007
27,013,451110,J,259,H,734,J,6667,6,N,N,N,N,,,N,N,N,N,N,N,N,,,2021,27013
27,019,451110,H,26,H,160,H,651,4,N,N,N,N,,,N,N,N,N,N,N,N,,,2021,27019
27,021,451110,J,119,J,1075,J,6494,7,5,N,N,N,,,N,N,N,N,N,N,N,,,2021,27021
27,025,451110,J,11,H,83,H,784,3,N,N,N,N,,,N,N,N,N,N,N,N,,,2021,27025
27,027,451110,H,84,H,516,H,1811,5,N,N,N,N,,,N,N,N,N,N,N,N,,,2021,27027
27,035,451110,H,97,G,596,G,3023,17,7,7,3,N,,,N,N,N,N,N,N,N,,,2021,27035
27,037,451110,G,311,G,1755,G,9666,30,16,4,6,N,,,N,N,N,N,N,N,N,,,2021,27037
27,041,451110,H,87,H,543,H,2531,11,5,N,3,N,,,N,N,N,N,N,N,N,,,2021,27041
27,045,451110,J,1,J,4,H,60,4,4,N,N,N,,,N,N,N,N,N,N,N,,,2021,27045
27,047,451110,H,22,H,59,H,290,4,3,N,N,N,,,N,N,N,N,N,N,N,,,2021,27047
27,049,451110,G,27,G,128,G,606,4,N,N,N,N,,,N,N,N,N,N,N,N,,,2021,27049
27,053,451110,H,2567,G,15204,G,72721,104,28,22,28,17,3.0,5.0,N,N,N,N,N,N,N,,,2021,27053
27,055,451110,G,45,G,444,G,2309,3,N,N,3,N,,,N,N,N,N,N,N,N,,,2021,27055
27,057,451110,G,14,G,53,G,280,4,3,N,N,N,,,N,N,N,N,N,N,N,,,2021,27057
27,061,451110,H,41,G,259,G,1093,5,3,N,N,N,,,N,N,N,N,N,N,N,,,2021,27061
27,067,451110,H,26,G,140,G,619,5,N,3,N,N,,,N,N,N,N,N,N,N,,,2021,27067
27,071,451110,J,11,H,89,H,337,4,3,N,N,N,,,N,N,N,N,N,N,N,,,2021,27071
27,077,451110,J,19,H,55,H,212,3,N,N,N,N,,,N,N,N,N,N,N,N,,,2021,27077
27,083,451110,J,35,H,228,H,1169,5,4,N,N,N,,,N,N,N,N,N,N,N,,,2021,27083
27,085,451110,J,19,J,91,J,402,3,N,N,N,N,,,N,N,N,N,N,N,N,,,2021,27085
27,095,451110,H,22,H,157,H,940,4,N,N,N,N,,,N,N,N,N,N,N,N,,,2021,27095
27,109,451110,G,310,H,2481,H,8836,16,6,7,N,N,,,N,N,N,N,N,N,N,,,2021,27109
27,111,451110,J,38,G,188,G,995,6,N,N,N,N,,,N,N,N,N,N,N,N,,,2021,27111
27,123,451110,G,539,G,2985,G,15626,38,12,12,9,N,4.0,,N,N,N,N,N,N,N,,,2021,27123
27,131,451110,J,9,G,56,G,282,4,3,N,N,N,,,N,N,N,N,N,N,N,,,2021,27131
27,137,451110,H,234,G,1314,G,6337,38,23,4,8,3,,,N,N,N,N,N,N,N,,,2021,27137
27,139,451110,G,70,G,544,G,2030,5,N,N,N,N,,,N,N,N,N,N,N,N,,,2021,27139
27,141,451110,J,7,J,26,H,94,3,N,N,N,N,,,N,N,N,N,N,N,N,,,2021,27141
27,145,451110,H,410,H,3049,H,11627,16,5,5,3,N,,,N,N,N,N,N,N,N,,,2021,27145
27,147,451110,J,164,H,826,H,3504,5,3,N,N,N,,,N,N,N,N,N,N,N,,,2021,27147
27,163,451110,G,394,G,2581,G,11669,22,9,N,9,N,,,N,N,N,N,N,N,N,,,2021,27163
27,169,451110,J,4,H,23,J,99,3,3,N,N,N,,,N,N,N,N,N,N,N,,,2021,27169
27,171,451110,H,47,H,185,G,803,6,N,3,N,N,,,N,N,N,N,N,N,N,,,2021,27171
28,011,451110,J,14,H,76,H,364,4,3,N,N,N,,,N,N,N,N,N,N,N,,,2021,28011
28,033,451110,H,157,G,606,G,2806,8,5,N,N,N,,,N,N,N,N,N,N,N,,,2021,28033
28,035,451110,G,32,G,206,G,1080,4,N,N,N,N,,,N,N,N,N,N,N,N,,,2021,28035
28,047,451110,H,236,H,1160,H,5952,14,7,N,N,N,,,N,N,N,N,N,N,N,,,2021,28047
28,049,451110,H,105,H,451,H,2076,6,3,N,N,N,,,N,N,N,N,N,N,N,,,2021,28049
28,059,451110,J,7,J,42,J,200,4,3,N,N,N,,,N,N,N,N,N,N,N,,,2021,28059
28,067,451110,J,11,H,47,H,228,3,N,N,N,N,,,N,N,N,N,N,N,N,,,2021,28067
28,071,451110,H,97,H,279,G,1867,5,N,N,N,N,,,N,N,N,N,N,N,N,,,2021,28071
28,073,451110,J,144,J,514,J,2929,3,N,N,N,N,,,N,N,N,N,N,N,N,,,2021,28073
28,075,451110,G,27,G,112,G,542,5,N,3,N,N,,,N,N,N,N,N,N,N,,,2021,28075
28,081,451110,H,183,G,763,H,3697,13,8,N,N,N,,,N,N,N,N,N,N,N,,,2021,28081
28,089,451110,G,103,G,578,G,2567,11,6,3,N,N,,,N,N,N,N,N,N,N,,,2021,28089
28,105,451110,H,101,H,374,J,1679,3,N,N,N,N,,,N,N,N,N,N,N,N,,,2021,28105
28,121,451110,H,260,G,1125,G,5532,9,5,N,N,N,,,N,N,N,N,N,N,N,,,2021,28121
28,149,451110,J,61,J,395,J,1630,4,N,N,N,N,,,N,N,N,N,N,N,N,,,2021,28149
29,009,451110,J,10,J,79,H,368,3,3,N,N,N,,,N,N,N,N,N,N,N,,,2021,29009
29,019,451110,H,327,H,1782,G,7962,22,8,7,3,N,,,N,N,N,N,N,N,N,,,2021,29019
29,021,451110,J,64,J,197,J,1200,8,7,N,N,N,,,N,N,N,N,N,N,N,,,2021,29021
29,023,451110,J,82,J,375,J,1793,4,N,N,N,N,,,N,N,N,N,N,N,N,,,2021,29023
29,029,451110,J,58,G,204,G,1311,3,N,N,N,N,,,N,N,N,N,N,N,N,,,2021,29029
29,031,451110,J,120,H,526,H,2616,7,N,3,N,N,,,N,N,N,N,N,N,N,,,2021,29031
29,037,451110,G,78,H,392,H,1882,6,4,N,N,N,,,N,N,N,N,N,N,N,,,2021,29037
29,047,451110,H,154,H,785,H,4206,10,5,N,N,N,,,N,N,N,N,N,N,N,,,2021,29047
29,051,451110,J,66,H,259,J,1452,7,5,N,N,N,,,N,N,N,N,N,N,N,,,2021,29051
29,071,451110,H,55,G,207,H,1495,8,7,N,N,N,,,N,N,N,N,N,N,N,,,2021,29071
29,077,451110,G,330,G,1933,G,9608,33,17,3,8,4,,,N,N,N,N,N,N,N,,,2021,29077
29,095,451110,G,445,G,2243,G,10850,29,14,8,N,N,3.0,,N,N,N,N,N,N,N,,,2021,29095
29,097,451110,H,160,H,715,H,3254,13,6,3,N,N,,,N,N,N,N,N,N,N,,,2021,29097
29,099,451110,J,65,J,643,J,3856,10,5,4,N,N,,,N,N,N,N,N,N,N,,,2021,29099
29,127,451110,G,27,J,80,H,371,3,N,N,N,N,,,N,N,N,N,N,N,N,,,2021,29127
29,131,451110,G,15,J,137,J,939,3,N,N,N,N,,,N,N,N,N,N,N,N,,,2021,29131
29,145,451110,J,18,G,88,G,367,4,N,3,N,N,,,N,N,N,N,N,N,N,,,2021,29145
29,165,451110,H,99,H,482,H,2989,5,3,N,N,N,,,N,N,N,N,N,N,N,,,2021,29165
29,167,451110,J,4,J,9,H,42,3,3,N,N,N,,,N,N,N,N,N,N,N,,,2021,29167
29,183,451110,G,417,G,1970,G,9283,22,10,6,N,3,,,N,N,N,N,N,N,N,,,2021,29183
29,187,451110,J,43,J,204,J,943,5,N,N,3,N,,,N,N,N,N,N,N,N,,,2021,29187
29,189,451110,G,1038,G,5949,G,29853,73,31,16,13,7,5.0,,N,N,N,N,N,N,N,,,2021,29189
29,209,451110,J,13,G,79,G,453,5,4,N,N,N,,,N,N,N,N,N,N,N,,,2021,29209
29,213,451110,J,136,J,816,J,3904,5,N,N,N,N,,,N,N,N,N,N,N,N,,,2021,29213
29,219,451110,G,3,G,2,H,41,3,3,N,N,N,,,N,N,N,N,N,N,N,,,2021,29219
29,510,451110,J,25,H,316,H,1324,9,7,N,N,N,,,N,N,N,N,N,N,N,,,2021,29510
30,013,451110,G,200,H,1399,H,4882,10,5,4,N,N,,,N,N,N,N,N,N,N,,,2021,30013
30,029,451110,G,321,G,2101,G,8945,18,7,3,3,3,,,N,N,N,N,N,N,N,,,2021,30029
30,031,451110,G,462,G,2598,G,11612,43,19,11,8,N,3.0,,N,N,N,N,N,N,N,,,2021,30031
30,049,451110,G,203,G,1044,G,4426,13,N,5,3,N,,,N,N,N,N,N,N,N,,,2021,30049
30,057,451110,H,39,H,249,G,1010,5,3,N,N,N,,,N,N,N,N,N,N,N,,,2021,30057
30,063,451110,G,495,H,3464,H,13847,33,12,11,3,3,4.0,,N,N,N,N,N,N,N,,,2021,30063
30,067,451110,G,24,H,141,G,814,6,4,N,N,N,,,N,N,N,N,N,N,N,,,2021,30067
30,081,451110,J,57,H,211,H,869,10,8,N,N,N,,,N,N,N,N,N,N,N,,,2021,30081
30,083,451110,J,14,J,74,J,331,3,N,N,N,N,,,N,N,N,N,N,N,N,,,2021,30083
30,093,451110,G,42,G,227,G,788,6,4,N,N,N,,,N,N,N,N,N,N,N,,,2021,30093
30,111,451110,G,625,H,4444,H,16830,24,12,5,N,N,,,N,N,N,N,N,N,N,,,2021,30111
31,019,451110,J,17,J,162,H,738,4,3,N,N,N,,,N,N,N,N,N,N,N,,,2021,31019
31,053,451110,H,67,H,453,H,2130,3,N,N,N,N,,,N,N,N,N,N,N,N,,,2021,31053
31,055,451110,G,884,H,5899,H,22711,40,16,8,9,5,,,N,N,N,N,N,N,N,,,2021,31055
31,079,451110,H,65,J,222,J,1364,8,6,N,N,N,,,N,N,N,N,N,N,N,,,2021,31079
31,109,451110,G,716,H,4478,G,17992,27,11,4,5,5,,,N,N,N,N,N,N,N,,,2021,31109
31,111,451110,J,37,J,76,G,280,7,5,N,N,N,,,N,N,N,N,N,N,N,,,2021,31111
31,119,451110,J,4,J,26,J,48,3,3,N,N,N,,,N,N,N,N,N,N,N,,,2021,31119
31,141,451110,J,8,J,55,J,332,4,4,N,N,N,,,N,N,N,N,N,N,N,,,2021,31141
31,145,451110,J,5,G,7,H,29,3,3,N,N,N,,,N,N,N,N,N,N,N,,,2021,31145
31,153,451110,G,202,H,990,H,4628,6,3,N,N,N,,,N,N,N,N,N,N,N,,,2021,31153
31,157,451110,J,26,J,112,J,504,3,N,N,N,N,,,N,N,N,N,N,N,N,,,2021,31157
32,003,451110,G,1317,G,7754,G,36847,106,40,27,24,8,6.0,,N,N,N,N,N,N,N,,,2021,32003
32,005,451110,G,52,G,270,G,1003,9,5,N,N,N,,,N,N,N,N,N,N,N,,,2021,32005
32,007,451110,G,36,H,207,H,830,5,3,N,N,N,,,N,N,N,N,N,N,N,,,2021,32007
32,023,451110,H,22,H,113,J,408,4,3,N,N,N,,,N,N,N,N,N,N,N,,,2021,32023
32,031,451110,G,816,G,6165,G,25862,37,17,8,5,4,,,N,N,N,N,N,N,N,,,2021,32031
32,510,451110,H,82,H,327,H,1397,6,3,N,N,N,,,N,N,N,N,N,N,N,,,2021,32510
33,001,451110,G,47,H,233,G,1078,8,6,N,N,N,,,N,N,N,N,N,N,N,,,2021,33001
33,003,451110,H,156,H,1043,H,4489,16,5,4,6,N,,,N,N,N,N,N,N,N,,,2021,33003
33,005,451110,H,47,H,311,G,1729,6,4,N,N,N,,,N,N,N,N,N,N,N,,,2021,33005
33,007,451110,G,62,G,455,G,2034,5,N,3,N,N,,,N,N,N,N,N,N,N,,,2021,33007
33,009,451110,H,174,H,1983,H,8589,18,7,4,4,3,,,N,N,N,N,N,N,N,,,2021,33009
33,011,451110,H,366,G,2414,H,11793,37,15,12,8,N,,,N,N,N,N,N,N,N,,,2021,33011
33,013,451110,G,310,G,1455,G,7528,17,7,3,3,N,,,N,N,N,N,N,N,N,,,2021,33013
33,015,451110,G,460,G,2606,H,13544,45,21,10,9,3,,,N,N,N,N,N,N,N,,,2021,33015
33,017,451110,H,122,H,880,G,4296,12,4,4,N,N,,,N,N,N,N,N,N,N,,,2021,33017
33,019,451110,J,15,H,64,G,358,3,N,N,N,N,,,N,N,N,N,N,N,N,,,2021,33019
34,001,451110,H,226,H,1379,H,6793,20,11,4,3,N,,,N,N,N,N,N,N,N,,,2021,34001
34,003,451110,G,492,G,3465,G,16798,59,40,7,6,4,,,N,N,N,N,N,N,N,,,2021,34003
34,005,451110,G,380,G,1958,G,9678,20,9,3,N,3,,,N,N,N,N,N,N,N,,,2021,34005
34,007,451110,G,135,H,776,H,4118,15,8,N,4,N,,,N,N,N,N,N,N,N,,,2021,34007
34,009,451110,H,79,G,482,G,3946,29,21,7,N,N,,,N,N,N,N,N,N,N,,,2021,34009
34,011,451110,J,78,J,256,J,1605,6,3,N,N,N,,,N,N,N,N,N,N,N,,,2021,34011
34,013,451110,H,67,H,810,H,2543,19,15,N,3,N,,,N,N,N,N,N,N,N,,,2021,34013
34,015,451110,G,134,G,819,G,3249,11,6,N,N,N,,,N,N,N,N,N,N,N,,,2021,34015
34,017,451110,J,14,J,106,H,558,10,10,N,N,N,,,N,N,N,N,N,N,N,,,2021,34017
34,019,451110,G,101,G,815,G,4038,14,7,5,N,N,,,N,N,N,N,N,N,N,,,2021,34019
34,021,451110,H,255,G,1424,G,6864,18,11,N,N,N,3.0,,N,N,N,N,N,N,N,,,2021,34021
34,023,451110,H,326,H,1642,H,9255,29,18,4,N,4,,,N,N,N,N,N,N,N,,,2021,34023
34,025,451110,G,366,G,2618,G,13457,42,24,10,3,4,,,N,N,N,N,N,N,N,,,2021,34025
34,027,451110,G,590,G,3358,G,16773,41,22,8,N,4,5.0,,N,N,N,N,N,N,N,,,2021,34027
34,029,451110,G,337,G,1575,G,8669,43,30,5,3,4,,,N,N,N,N,N,N,N,,,2021,34029
34,031,451110,H,262,H,1048,G,5807,13,6,3,N,N,,,N,N,N,N,N,N,N,,,2021,34031
34,035,451110,G,124,G,817,H,4427,20,8,7,5,N,,,N,N,N,N,N,N,N,,,2021,34035
34,037,451110,J,27,H,235,G,759,6,5,N,N,N,,,N,N,N,N,N,N,N,,,2021,34037
34,039,451110,H,260,H,1332,G,6139,24,14,3,5,N,,,N,N,N,N,N,N,N,,,2021,34039
34,041,451110,G,20,H,125,G,839,7,6,N,N,N,,,N,N,N,N,N,N,N,,,2021,34041
35,001,451110,G,611,G,3203,G,13672,47,22,7,11,4,3.0,,N,N,N,N,N,N,N,,,2021,35001
35,005,451110,H,45,G,168,G,752,5,N,N,3,N,,,N,N,N,N,N,N,N,,,2021,35005
35,007,451110,G,30,H,225,H,343,5,N,N,N,N,,,N,N,N,N,N,N,N,,,2021,35007
35,013,451110,G,143,G,750,G,3640,12,7,N,3,N,,,N,N,N,N,N,N,N,,,2021,35013
35,015,451110,J,26,H,83,H,338,3,N,N,N,N,,,N,N,N,N,N,N,N,,,2021,35015
35,025,451110,J,28,G,124,G,601,4,N,N,N,N,,,N,N,N,N,N,N,N,,,2021,35025
35,027,451110,H,31,G,128,G,555,4,N,N,N,N,,,N,N,N,N,N,N,N,,,2021,35027
35,031,451110,H,23,G,102,G,451,3,N,N,N,N,,,N,N,N,N,N,N,N,,,2021,35031
35,035,451110,J,25,H,109,H,456,5,4,N,N,N,,,N,N,N,N,N,N,N,,,2021,35035
35,045,451110,H,134,G,689,G,3309,12,6,N,N,N,,,N,N,N,N,N,N,N,,,2021,35045
35,049,451110,G,158,G,949,G,4060,14,3,5,5,N,,,N,N,N,N,N,N,N,,,2021,35049
35,055,451110,H,102,H,637,H,2203,14,4,6,4,N,,,N,N,N,N,N,N,N,,,2021,35055
36,001,451110,H,405,G,2184,H,10834,25,11,8,3,N,,,N,N,N,N,N,N,N,,,2021,36001
36,003,451110,J,11,G,53,H,197,4,N,N,N,N,,,N,N,N,N,N,N,N,,,2021,36003
36,005,451110,J,43,J,430,J,2147,11,8,N,N,N,,,N,N,N,N,N,N,N,,,2021,36005
36,007,451110,G,151,H,699,H,3542,11,6,N,N,N,,,N,N,N,N,N,N,N,,,2021,36007
36,009,451110,G,99,H,707,G,2396,9,3,4,N,N,,,N,N,N,N,N,N,N,,,2021,36009
36,011,451110,J,147,J,724,J,3402,5,3,N,N,N,,,N,N,N,N,N,N,N,,,2021,36011
36,013,451110,J,20,J,49,J,378,8,6,N,N,N,,,N,N,N,N,N,N,N,,,2021,36013
36,015,451110,G,142,G,947,G,4788,9,4,N,N,N,,,N,N,N,N,N,N,N,,,2021,36015
36,019,451110,H,92,G,409,G,2486,6,N,3,N,N,,,N,N,N,N,N,N,N,,,2021,36019
36,021,451110,J,12,G,99,H,418,5,3,N,N,N,,,N,N,N,N,N,N,N,,,2021,36021
36,025,451110,J,9,J,53,J,246,4,4,N,N,N,,,N,N,N,N,N,N,N,,,2021,36025
36,027,451110,G,113,G,667,G,3519,20,14,4,N,N,,,N,N,N,N,N,N,N,,,2021,36027
36,029,451110,G,903,G,5841,G,26501,64,30,15,10,4,4.0,,N,N,N,N,N,N,N,,,2021,36029
36,031,451110,H,67,G,454,H,2498,9,3,N,4,N,,,N,N,N,N,N,N,N,,,2021,36031
36,035,451110,J,12,G,61,G,288,3,N,N,N,N,,,N,N,N,N,N,N,N,,,2021,36035
36,037,451110,H,59,G,215,G,1285,6,4,N,N,N,,,N,N,N,N,N,N,N,,,2021,36037
36,039,451110,J,27,J,164,J,440,5,3,N,N,N,,,N,N,N,N,N,N,N,,,2021,36039
36,043,451110,G,23,J,162,J,898,5,4,N,N,N,,,N,N,N,N,N,N,N,,,2021,36043
36,045,451110,J,62,H,224,J,1436,4,3,N,N,N,,,N,N,N,N,N,N,N,,,2021,36045
36,047,451110,J,239,H,2077,H,10031,66,43,17,6,N,,,N,N,N,N,N,N,N,,,2021,36047
36,053,451110,J,8,J,51,J,227,3,3,N,N,N,,,N,N,N,N,N,N,N,,,2021,36053
36,055,451110,H,797,J,10789,H,33730,44,21,9,5,5,3.0,,N,N,N,N,N,N,N,,,2021,36055
36,059,451110,G,862,G,5934,G,29886,98,67,11,10,5,3.0,,N,N,N,N,N,N,N,,,2021,36059
36,061,451110,G,534,G,4594,G,20637,77,48,15,11,N,,,N,N,N,N,N,N,N,,,2021,36061
36,063,451110,H,105,G,428,G,1537,10,4,3,N,N,,,N,N,N,N,N,N,N,,,2021,36063
36,065,451110,H,174,H,832,G,4327,12,5,5,N,N,,,N,N,N,N,N,N,N,,,2021,36065
36,067,451110,G,334,G,1719,G,9402,26,13,5,N,5,,,N,N,N,N,N,N,N,,,2021,36067
36,069,451110,H,147,H,608,H,3193,8,4,N,N,N,,,N,N,N,N,N,N,N,,,2021,36069
36,071,451110,H,92,G,517,H,2678,15,12,N,N,N,,,N,N,N,N,N,N,N,,,2021,36071
36,075,451110,J,36,J,219,H,1224,10,7,N,N,N,,,N,N,N,N,N,N,N,,,2021,36075
36,079,451110,G,40,H,217,G,1279,7,5,N,N,N,,,N,N,N,N,N,N,N,,,2021,36079
36,081,451110,J,146,H,922,G,4775,47,40,4,N,N,,,N,N,N,N,N,N,N,,,2021,36081
36,083,451110,H,28,G,117,G,550,8,5,3,N,N,,,N,N,N,N,N,N,N,,,2021,36083
36,085,451110,G,55,H,295,H,1899,9,8,N,N,N,,,N,N,N,N,N,N,N,,,2021,36085
36,087,451110,G,144,G,904,G,4699,15,11,N,N,N,,,N,N,N,N,N,N,N,,,2021,36087
36,089,451110,H,25,J,98,J,600,7,5,N,N,N,,,N,N,N,N,N,N,N,,,2021,36089
36,091,451110,G,163,G,905,G,4953,14,4,6,N,N,,,N,N,N,N,N,N,N,,,2021,36091
36,093,451110,G,15,H,80,G,412,5,3,N,N,N,,,N,N,N,N,N,N,N,,,2021,36093
36,101,451110,G,11,H,53,G,265,9,8,N,N,N,,,N,N,N,N,N,N,N,,,2021,36101
36,103,451110,G,1128,G,6368,G,34642,127,87,14,13,7,5.0,,N,N,N,N,N,N,N,,,2021,36103
36,105,451110,J,5,J,16,J,157,3,3,N,N,N,,,N,N,N,N,N,N,N,,,2021,36105
36,107,451110,J,15,J,90,J,449,3,N,N,N,N,,,N,N,N,N,N,N,N,,,2021,36107
36,109,451110,H,75,G,366,H,1929,10,6,3,N,N,,,N,N,N,N,N,N,N,,,2021,36109
36,111,451110,G,148,G,867,H,3951,18,11,N,3,N,,,N,N,N,N,N,N,N,,,2021,36111
36,113,451110,G,110,G,684,G,3860,12,6,N,3,N,,,N,N,N,N,N,N,N,,,2021,36113
36,115,451110,G,13,J,57,H,255,4,3,N,N,N,,,N,N,N,N,N,N,N,,,2021,36115
36,117,451110,J,4,J,26,H,200,3,3,N,N,N,,,N,N,N,N,N,N,N,,,2021,36117
36,119,451110,G,576,G,3630,G,19353,63,43,7,5,3,5.0,,N,N,N,N,N,N,N,,,2021,36119
37,001,451110,J,167,J,745,J,3750,15,9,N,N,N,,,N,N,N,N,N,N,N,,,2021,37001
37,011,451110,H,87,H,436,H,1202,5,N,N,N,N,,,N,N,N,N,N,N,N,,,2021,37011
37,013,451110,G,12,J,63,H,250,5,5,N,N,N,,,N,N,N,N,N,N,N,,,2021,37013
37,019,451110,H,48,G,188,G,1024,13,8,5,N,N,,,N,N,N,N,N,N,N,,,2021,37019
37,021,451110,G,382,H,2495,H,12360,28,12,7,4,N,3.0,,N,N,N,N,N,N,N,,,2021,37021
37,023,451110,J,58,H,267,J,1561,5,N,N,N,N,,,N,N,N,N,N,N,N,,,2021,37023
37,025,451110,G,356,H,1685,G,7710,14,7,N,N,N,,,N,N,N,N,N,N,N,,,2021,37025
37,027,451110,J,26,G,104,G,478,5,4,N,N,N,,,N,N,N,N,N,N,N,,,2021,37027
37,031,451110,H,111,H,494,H,2831,16,11,N,N,N,,,N,N,N,N,N,N,N,,,2021,37031
37,035,451110,J,151,J,739,H,3847,10,5,3,N,N,,,N,N,N,N,N,N,N,,,2021,37035
37,045,451110,J,41,J,158,J,772,5,3,N,N,N,,,N,N,N,N,N,N,N,,,2021,37045
37,047,451110,J,10,G,34,G,178,3,N,N,N,N,,,N,N,N,N,N,N,N,,,2021,37047
37,049,451110,G,86,H,393,G,1959,6,3,N,N,N,,,N,N,N,N,N,N,N,,,2021,37049
37,051,451110,H,246,H,1126,H,5826,17,7,6,N,N,,,N,N,N,N,N,N,N,,,2021,37051
37,053,451110,J,5,H,35,G,294,4,4,N,N,N,,,N,N,N,N,N,N,N,,,2021,37053
37,055,451110,G,156,G,1171,G,8737,33,22,7,3,N,,,N,N,N,N,N,N,N,,,2021,37055
37,057,451110,G,9,J,104,J,234,5,5,N,N,N,,,N,N,N,N,N,N,N,,,2021,37057
37,063,451110,H,158,H,738,H,3695,9,3,4,N,N,,,N,N,N,N,N,N,N,,,2021,37063
37,067,451110,H,262,G,1331,H,6540,20,10,3,3,N,,,N,N,N,N,N,N,N,,,2021,37067
37,071,451110,H,191,H,870,H,4453,11,4,3,N,3,,,N,N,N,N,N,N,N,,,2021,37071
37,081,451110,H,386,H,1683,H,8596,22,12,N,N,4,3.0,,N,N,N,N,N,N,N,,,2021,37081
37,085,451110,J,10,G,59,G,307,5,5,N,N,N,,,N,N,N,N,N,N,N,,,2021,37085
37,087,451110,J,21,J,108,H,302,4,N,N,N,N,,,N,N,N,N,N,N,N,,,2021,37087
37,089,451110,J,62,H,319,H,1680,11,6,3,N,N,,,N,N,N,N,N,N,N,,,2021,37089
37,093,451110,G,5,J,18,G,172,3,N,N,N,N,,,N,N,N,N,N,N,N,,,2021,37093
37,097,451110,H,176,H,924,H,4541,14,5,5,N,N,,,N,N,N,N,N,N,N,,,2021,37097
37,099,451110,G,17,H,69,H,351,4,N,N,N,N,,,N,N,N,N,N,N,N,,,2021,37099
37,101,451110,G,8,J,59,J,236,4,3,N,N,N,,,N,N,N,N,N,N,N,,,2021,37101
37,105,451110,H,44,G,174,H,832,3,N,N,N,N,,,N,N,N,N,N,N,N,,,2021,37105
37,107,451110,J,130,J,1121,J,4055,3,N,N,N,N,,,N,N,N,N,N,N,N,,,2021,37107
37,109,451110,G,8,J,25,J,109,3,N,N,N,N,,,N,N,N,N,N,N,N,,,2021,37109
37,111,451110,J,6,G,36,G,169,3,3,N,N,N,,,N,N,N,N,N,N,N,,,2021,37111
37,113,451110,H,29,H,151,H,624,5,N,N,N,N,,,N,N,N,N,N,N,N,,,2021,37113
37,119,451110,G,989,G,6193,G,30138,62,17,21,9,9,5.0,,N,N,N,N,N,N,N,,,2021,37119
37,125,451110,G,101,G,500,G,3228,14,9,3,N,N,,,N,N,N,N,N,N,N,,,2021,37125
37,127,451110,H,37,G,103,H,413,4,N,N,N,N,,,N,N,N,N,N,N,N,,,2021,37127
37,129,451110,H,381,G,2008,G,9408,28,7,11,5,4,,,N,N,N,N,N,N,N,,,2021,37129
37,133,451110,G,184,G,841,G,4041,14,8,N,N,N,,,N,N,N,N,N,N,N,,,2021,37133
37,135,451110,H,66,G,443,G,1998,11,4,4,3,N,,,N,N,N,N,N,N,N,,,2021,37135
37,141,451110,H,24,J,93,J,520,4,N,N,N,N,,,N,N,N,N,N,N,N,,,2021,37141
37,147,451110,J,181,H,680,H,3300,13,7,N,N,N,,,N,N,N,N,N,N,N,,,2021,37147
37,151,451110,J,26,J,100,J,367,3,N,N,N,N,,,N,N,N,N,N,N,N,,,2021,37151
37,157,451110,J,15,J,56,H,250,4,3,N,N,N,,,N,N,N,N,N,N,N,,,2021,37157
37,159,451110,G,55,G,240,G,1384,9,6,N,N,N,,,N,N,N,N,N,N,N,,,2021,37159
37,167,451110,J,16,H,77,H,342,5,4,N,N,N,,,N,N,N,N,N,N,N,,,2021,37167
37,171,451110,J,21,G,110,G,447,5,4,N,N,N,,,N,N,N,N,N,N,N,,,2021,37171
37,175,451110,J,37,J,257,J,1341,5,N,N,N,N,,,N,N,N,N,N,N,N,,,2021,37175
37,179,451110,G,77,G,242,G,1245,12,9,N,N,N,,,N,N,N,N,N,N,N,,,2021,37179
37,183,451110,G,1370,G,7246,G,34730,74,27,14,12,14,5.0,,N,N,N,N,N,N,N,,,2021,37183
37,189,451110,G,56,G,238,G,1207,11,5,5,N,N,,,N,N,N,N,N,N,N,,,2021,37189
37,191,451110,J,79,H,364,H,1872,8,3,3,N,N,,,N,N,N,N,N,N,N,,,2021,37191
37,195,451110,H,51,J,298,J,1408,6,N,N,3,N,,,N,N,N,N,N,N,N,,,2021,37195
37,197,451110,J,16,H,191,H,924,3,N,N,N,N,,,N,N,N,N,N,N,N,,,2021,37197
38,015,451110,J,414,J,3360,J,11029,9,4,N,N,N,,,N,N,N,N,N,N,N,,,2021,38015
38,017,451110,H,511,H,4672,H,16469,12,3,5,3,N,,,N,N,N,N,N,N,N,,,2021,38017
38,035,451110,H,220,H,788,H,6492,7,3,N,N,N,,,N,N,N,N,N,N,N,,,2021,38035
38,089,451110,J,28,H,87,H,403,3,N,N,N,N,,,N,N,N,N,N,N,N,,,2021,38089
38,101,451110,G,243,G,979,H,7275,10,3,N,3,N,,,N,N,N,N,N,N,N,,,2021,38101
39,001,451110,J,2,H,23,J,107,3,3,N,N,N,,,N,N,N,N,N,N,N,,,2021,39001
39,003,451110,G,61,G,266,G,1204,6,N,N,N,N,,,N,N,N,N,N,N,N,,,2021,39003
39,005,451110,H,106,J,878,J,4363,3,N,N,N,N,,,N,N,N,N,N,N,N,,,2021,39005
39,007,451110,J,32,G,105,G,552,6,3,N,N,N,,,N,N,N,N,N,N,N,,,2021,39007
39,009,451110,J,28,H,91,H,409,3,N,N,N,N,,,N,N,N,N,N,N,N,,,2021,39009
39,013,451110,J,46,J,177,J,806,4,N,N,N,N,,,N,N,N,N,N,N,N,,,2021,39013
39,017,451110,G,396,G,1754,G,9138,27,14,6,N,3,,,N,N,N,N,N,N,N,,,2021,39017
39,023,451110,H,29,G,114,G,468,5,3,N,N,N,,,N,N,N,N,N,N,N,,,2021,39023
39,025,451110,H,101,H,454,H,2567,10,5,3,N,N,,,N,N,N,N,N,N,N,,,2021,39025
39,029,451110,H,25,H,97,H,476,3,N,N,N,N,,,N,N,N,N,N,N,N,,,2021,39029
39,035,451110,H,780,G,3412,H,17748,64,31,15,9,4,5.0,,N,N,N,N,N,N,N,,,2021,39035
39,041,451110,G,446,G,2231,G,10600,16,4,4,4,N,,,N,N,N,N,N,N,N,,,2021,39041
39,043,451110,J,97,H,486,H,2379,6,3,N,N,N,,,N,N,N,N,N,N,N,,,2021,39043
39,045,451110,H,60,H,196,H,1164,5,3,N,N,N,,,N,N,N,N,N,N,N,,,2021,39045
39,049,451110,H,1105,H,4860,H,24911,59,19,15,12,7,4.0,,N,N,N,N,N,N,N,,,2021,39049
39,055,451110,J,38,H,296,H,1415,11,7,4,N,N,,,N,N,N,N,N,N,N,,,2021,39055
39,057,451110,H,91,J,662,J,3191,5,3,N,N,N,,,N,N,N,N,N,N,N,,,2021,39057
39,061,451110,G,920,H,5329,G,24786,58,22,12,10,9,4.0,,N,N,N,N,N,N,N,,,2021,39061
39,063,451110,J,71,H,308,H,1910,6,3,N,N,N,,,N,N,N,N,N,N,N,,,2021,39063
39,075,451110,J,37,G,247,G,1217,8,4,3,N,N,,,N,N,N,N,N,N,N,,,2021,39075
39,081,451110,J,57,H,195,H,1255,4,N,N,N,N,,,N,N,N,N,N,N,N,,,2021,39081
39,085,451110,G,195,G,966,G,4867,18,9,5,N,N,,,N,N,N,N,N,N,N,,,2021,39085
39,087,451110,G,6,H,32,G,139,3,3,N,N,N,,,N,N,N,N,N,N,N,,,2021,39087
39,089,451110,J,182,J,943,J,4917,12,6,N,N,N,,,N,N,N,N,N,N,N,,,2021,39089
39,091,451110,G,22,G,77,G,371,4,N,N,N,N,,,N,N,N,N,N,N,N,,,2021,39091
39,093,451110,G,226,G,1255,H,6245,16,7,N,5,N,,,N,N,N,N,N,N,N,,,2021,39093
39,095,451110,H,314,G,1633,H,8377,18,8,4,N,N,,,N,N,N,N,N,N,N,,,2021,39095
39,099,451110,H,182,H,806,H,4313,14,6,5,N,N,,,N,N,N,N,N,N,N,,,2021,39099
39,101,451110,G,20,G,74,G,346,3,N,N,N,N,,,N,N,N,N,N,N,N,,,2021,39101
39,103,451110,H,68,G,431,G,1918,10,3,5,N,N,,,N,N,N,N,N,N,N,,,2021,39103
39,107,451110,H,32,G,96,G,504,7,6,N,N,N,,,N,N,N,N,N,N,N,,,2021,39107
39,109,451110,H,62,H,318,H,1385,5,N,N,N,N,,,N,N,N,N,N,N,N,,,2021,39109
39,113,451110,G,529,G,3280,G,14358,36,16,6,4,7,3.0,,N,N,N,N,N,N,N,,,2021,39113
39,119,451110,J,25,J,89,H,394,3,N,N,N,N,,,N,N,N,N,N,N,N,,,2021,39119
39,123,451110,G,4,G,19,H,186,4,4,N,N,N,,,N,N,N,N,N,N,N,,,2021,39123
39,127,451110,J,15,H,68,G,333,3,N,N,N,N,,,N,N,N,N,N,N,N,,,2021,39127
39,133,451110,H,84,G,368,H,2273,11,8,N,N,N,,,N,N,N,N,N,N,N,,,2021,39133
39,139,451110,G,109,G,492,G,2544,7,3,N,N,3,,,N,N,N,N,N,N,N,,,2021,39139
39,141,451110,J,71,J,229,J,1325,3,N,N,N,N,,,N,N,N,N,N,N,N,,,2021,39141
39,143,451110,G,2,J,4,J,22,3,3,N,N,N,,,N,N,N,N,N,N,N,,,2021,39143
39,145,451110,G,3,G,22,G,129,3,3,N,N,N,,,N,N,N,N,N,N,N,,,2021,39145
39,151,451110,G,268,G,1247,G,6076,25,12,5,6,N,,,N,N,N,N,N,N,N,,,2021,39151
39,153,451110,G,348,G,1751,G,9011,30,14,6,4,4,,,N,N,N,N,N,N,N,,,2021,39153
39,155,451110,G,67,G,281,G,1674,10,6,3,N,N,,,N,N,N,N,N,N,N,,,2021,39155
39,157,451110,G,97,H,455,H,2452,13,7,3,N,N,,,N,N,N,N,N,N,N,,,2021,39157
39,165,451110,G,181,G,798,G,3300,10,N,3,N,N,,,N,N,N,N,N,N,N,,,2021,39165
39,167,451110,H,28,H,222,H,969,5,3,N,N,N,,,N,N,N,N,N,N,N,,,2021,39167
39,169,451110,J,74,G,276,G,1842,9,5,N,N,N,,,N,N,N,N,N,N,N,,,2021,39169
39,173,451110,H,256,H,1072,H,5022,7,N,N,4,N,,,N,N,N,N,N,N,N,,,2021,39173
40,009,451110,G,8,G,60,G,278,3,3,N,N,N,,,N,N,N,N,N,N,N,,,2021,40009
40,019,451110,J,93,J,422,J,2044,3,N,N,N,N,,,N,N,N,N,N,N,N,,,2021,40019
40,027,451110,H,193,H,872,H,4325,14,8,3,N,N,,,N,N,N,N,N,N,N,,,2021,40027
40,031,451110,J,124,H,537,H,2756,8,4,N,N,N,,,N,N,N,N,N,N,N,,,2021,40031
40,041,451110,G,13,H,106,G,433,4,N,N,N,N,,,N,N,N,N,N,N,N,,,2021,40041
40,089,451110,J,27,G,156,G,778,4,N,N,N,N,,,N,N,N,N,N,N,N,,,2021,40089
40,109,451110,G,1082,G,5779,G,28264,66,33,12,6,8,5.0,,N,N,N,N,N,N,N,,,2021,40109
40,119,451110,J,112,J,514,J,2399,6,3,N,N,N,,,N,N,N,N,N,N,N,,,2021,40119
40,123,451110,J,10,H,42,H,157,3,N,N,N,N,,,N,N,N,N,N,N,N,,,2021,40123
40,125,451110,H,61,H,277,H,1230,5,N,N,N,N,,,N,N,N,N,N,N,N,,,2021,40125
40,131,451110,H,39,G,262,G,1329,4,N,N,N,N,,,N,N,N,N,N,N,N,,,2021,40131
40,137,451110,G,13,H,109,H,473,3,N,N,N,N,,,N,N,N,N,N,N,N,,,2021,40137
40,143,451110,G,829,G,4563,G,22791,56,30,11,3,7,4.0,,N,N,N,N,N,N,N,,,2021,40143
40,153,451110,J,19,G,95,G,403,5,3,N,N,N,,,N,N,N,N,N,N,N,,,2021,40153
41,003,451110,H,95,G,525,G,2207,11,7,N,N,N,,,N,N,N,N,N,N,N,,,2021,41003
41,005,451110,G,395,G,2664,G,11950,27,8,9,3,5,,,N,N,N,N,N,N,N,,,2021,41005
41,007,451110,J,33,J,272,J,1222,6,4,N,N,N,,,N,N,N,N,N,N,N,,,2021,41007
41,011,451110,H,34,G,187,G,967,6,4,N,N,N,,,N,N,N,N,N,N,N,,,2021,41011
41,013,451110,J,11,J,41,G,217,3,N,N,N,N,,,N,N,N,N,N,N,N,,,2021,41013
41,015,451110,J,7,J,46,J,120,3,3,N,N,N,,,N,N,N,N,N,N,N,,,2021,41015
41,017,451110,G,576,G,3451,G,16270,55,23,13,12,5,,,N,N,N,N,N,N,N,,,2021,41017
41,019,451110,J,65,H,392,H,1517,5,N,N,N,N,,,N,N,N,N,N,N,N,,,2021,41019
41,027,451110,H,64,H,437,G,2814,13,7,5,N,N,,,N,N,N,N,N,N,N,,,2021,41027
41,029,451110,G,334,G,1884,G,8756,31,16,9,3,N,3.0,,N,N,N,N,N,N,N,,,2021,41029
41,033,451110,J,36,G,164,G,828,10,7,N,N,N,,,N,N,N,N,N,N,N,,,2021,41033
41,035,451110,H,87,G,414,G,1705,9,4,N,N,N,,,N,N,N,N,N,N,N,,,2021,41035
41,039,451110,G,506,H,4050,H,17305,37,16,10,5,3,3.0,,N,N,N,N,N,N,N,,,2021,41039
41,041,451110,G,60,G,188,G,1062,8,4,N,3,N,,,N,N,N,N,N,N,N,,,2021,41041
41,043,451110,H,100,J,433,J,1840,10,6,N,N,N,,,N,N,N,N,N,N,N,,,2021,41043
41,045,451110,H,34,G,162,G,750,3,N,N,N,N,,,N,N,N,N,N,N,N,,,2021,41045
41,047,451110,G,266,G,1329,G,6172,18,6,5,4,N,,,N,N,N,N,N,N,N,,,2021,41047
41,051,451110,G,1169,G,8304,G,39548,84,31,22,13,14,3.0,,N,N,N,N,N,N,N,,,2021,41051
41,057,451110,J,32,H,161,H,695,4,N,N,N,N,,,N,N,N,N,N,N,N,,,2021,41057
41,059,451110,J,39,H,162,H,736,7,3,3,N,N,,,N,N,N,N,N,N,N,,,2021,41059
41,061,451110,H,32,G,138,G,656,7,5,N,N,N,,,N,N,N,N,N,N,N,,,2021,41061
41,065,451110,H,27,G,198,G,1027,3,N,N,N,N,,,N,N,N,N,N,N,N,,,2021,41065
41,067,451110,G,859,G,5595,G,27015,42,16,8,9,3,4.0,,N,N,N,N,N,N,N,,,2021,41067
41,071,451110,H,31,G,130,G,618,6,4,N,N,N,,,N,N,N,N,N,N,N,,,2021,41071
42,001,451110,J,21,H,105,H,466,3,N,N,N,N,,,N,N,N,N,N,N,N,,,2021,42001
42,003,451110,H,1109,G,5132,H,24924,78,33,22,11,7,,3.0,N,N,N,N,N,N,N,,,2021,42003
42,007,451110,H,95,G,412,H,2197,9,3,4,N,N,,,N,N,N,N,N,N,N,,,2021,42007
42,011,451110,G,453,G,2210,G,10167,19,12,3,N,N,,,N,N,N,N,N,N,N,,,2021,42011
42,013,451110,H,180,H,771,G,3821,15,8,3,N,N,,,N,N,N,N,N,N,N,,,2021,42013
42,015,451110,G,24,H,82,G,428,7,4,3,N,N,,,N,N,N,N,N,N,N,,,2021,42015
42,017,451110,G,342,H,1804,G,8741,37,21,7,5,N,,,N,N,N,N,N,N,N,,,2021,42017
42,019,451110,H,325,H,1453,H,8202,16,8,N,N,N,,,N,N,N,N,N,N,N,,,2021,42019
42,021,451110,G,65,H,285,H,1489,12,7,3,N,N,,,N,N,N,N,N,N,N,,,2021,42021
42,027,451110,G,168,G,669,G,3306,15,6,4,N,3,,,N,N,N,N,N,N,N,,,2021,42027
42,029,451110,G,194,G,1070,G,5405,23,13,5,3,N,,,N,N,N,N,N,N,N,,,2021,42029
42,031,451110,H,20,G,153,G,930,5,3,N,N,N,,,N,N,N,N,N,N,N,,,2021,42031
42,033,451110,G,107,G,584,H,4276,7,3,N,N,N,,,N,N,N,N,N,N,N,,,2021,42033
42,037,451110,H,35,H,126,H,514,4,3,N,N,N,,,N,N,N,N,N,N,N,,,2021,42037
42,039,451110,H,45,G,109,G,591,9,8,N,N,N,,,N,N,N,N,N,N,N,,,2021,42039
42,041,451110,G,219,H,1401,G,6136,16,7,3,4,N,,,N,N,N,N,N,N,N,,,2021,42041
42,043,451110,G,278,G,1324,G,6109,14,8,3,N,N,,,N,N,N,N,N,N,N,,,2021,42043
42,045,451110,J,98,H,726,H,3583,21,13,3,5,N,,,N,N,N,N,N,N,N,,,2021,42045
42,047,451110,J,46,J,253,J,1035,4,N,N,N,N,,,N,N,N,N,N,N,N,,,2021,42047
42,049,451110,G,218,G,795,G,4332,23,16,N,3,N,,,N,N,N,N,N,N,N,,,2021,42049
42,051,451110,H,95,G,473,H,2359,8,5,N,N,3,,,N,N,N,N,N,N,N,,,2021,42051
42,055,451110,H,80,H,573,H,2657,9,6,N,N,N,,,N,N,N,N,N,N,N,,,2021,42055
42,063,451110,J,26,H,92,H,412,7,5,N,N,N,,,N,N,N,N,N,N,N,,,2021,42063
42,065,451110,G,14,H,66,G,245,6,6,N,N,N,,,N,N,N,N,N,N,N,,,2021,42065
42,069,451110,G,225,G,1027,G,5228,14,5,5,N,N,,,N,N,N,N,N,N,N,,,2021,42069
42,071,451110,G,295,G,1959,G,8543,35,15,10,7,3,,,N,N,N,N,N,N,N,,,2021,42071
42,073,451110,G,84,H,410,H,1675,10,6,N,3,N,,,N,N,N,N,N,N,N,,,2021,42073
42,075,451110,G,64,G,289,G,1265,10,7,N,N,N,,,N,N,N,N,N,N,N,,,2021,42075
42,077,451110,H,299,G,1367,H,7068,23,11,4,3,3,,,N,N,N,N,N,N,N,,,2021,42077
42,079,451110,G,142,G,643,G,3229,24,18,3,N,N,,,N,N,N,N,N,N,N,,,2021,42079
42,081,451110,G,100,G,428,G,2214,9,5,N,N,N,,,N,N,N,N,N,N,N,,,2021,42081
42,085,451110,G,63,H,271,G,1242,10,4,4,N,N,,,N,N,N,N,N,N,N,,,2021,42085
42,087,451110,H,33,H,84,H,400,4,3,N,N,N,,,N,N,N,N,N,N,N,,,2021,42087
42,089,451110,J,138,H,594,H,2893,14,7,3,N,N,,,N,N,N,N,N,N,N,,,2021,42089
42,091,451110,G,981,H,4892,H,23681,57,25,10,10,3,8.0,,N,N,N,N,N,N,N,,,2021,42091
42,095,451110,G,135,G,722,G,3703,25,18,5,N,N,,,N,N,N,N,N,N,N,,,2021,42095
42,097,451110,H,24,G,149,G,677,7,4,3,N,N,,,N,N,N,N,N,N,N,,,2021,42097
42,099,451110,G,21,H,44,G,230,4,N,N,N,N,,,N,N,N,N,N,N,N,,,2021,42099
42,101,451110,H,250,H,1398,H,5923,36,18,11,5,N,,,N,N,N,N,N,N,N,,,2021,42101
42,103,451110,G,30,G,132,G,632,6,N,4,N,N,,,N,N,N,N,N,N,N,,,2021,42103
42,107,451110,G,44,H,178,G,815,11,9,N,N,N,,,N,N,N,N,N,N,N,,,2021,42107
42,109,451110,H,71,H,219,H,1274,4,N,N,N,N,,,N,N,N,N,N,N,N,,,2021,42109
42,111,451110,G,11,J,44,H,153,3,N,N,N,N,,,N,N,N,N,N,N,N,,,2021,42111
42,115,451110,G,12,G,89,G,399,4,3,N,N,N,,,N,N,N,N,N,N,N,,,2021,42115
42,117,451110,J,13,G,57,G,252,6,6,N,N,N,,,N,N,N,N,N,N,N,,,2021,42117
42,121,451110,J,33,J,123,J,570,4,N,N,N,N,,,N,N,N,N,N,N,N,,,2021,42121
42,123,451110,J,36,J,135,J,643,3,N,N,N,N,,,N,N,N,N,N,N,N,,,2021,42123
42,125,451110,J,106,J,741,J,2764,10,6,N,N,N,,,N,N,N,N,N,N,N,,,2021,42125
42,127,451110,H,29,H,178,H,790,7,6,N,N,N,,,N,N,N,N,N,N,N,,,2021,42127
42,129,451110,H,159,G,934,G,4417,18,12,3,N,N,,,N,N,N,N,N,N,N,,,2021,42129
42,133,451110,H,214,H,1082,H,5815,26,15,5,3,N,,,N,N,N,N,N,N,N,,,2021,42133
44,001,451110,J,4,J,26,J,134,3,3,N,N,N,,,N,N,N,N,N,N,N,,,2021,44001
44,003,451110,J,99,J,831,H,3586,15,7,4,3,N,,,N,N,N,N,N,N,N,,,2021,44003
44,005,451110,H,30,H,84,G,510,8,5,N,N,N,,,N,N,N,N,N,N,N,,,2021,44005
44,007,451110,H,309,H,2813,H,12290,29,15,5,5,N,,,N,N,N,N,N,N,N,,,2021,44007
44,009,451110,H,92,G,383,G,2380,18,10,5,3,N,,,N,N,N,N,N,N,N,,,2021,44009
45,003,451110,G,118,H,575,H,2703,11,5,N,3,N,,,N,N,N,N,N,N,N,,,2021,45003
45,007,451110,H,209,H,913,H,4533,12,7,N,N,3,,,N,N,N,N,N,N,N,,,2021,45007
45,013,451110,G,167,G,884,G,4274,24,10,10,N,N,,,N,N,N,N,N,N,N,,,2021,45013
45,015,451110,H,111,H,462,H,2424,8,3,N,N,N,,,N,N,N,N,N,N,N,,,2021,45015
45,019,451110,G,391,G,2517,G,13619,35,14,12,3,5,,,N,N,N,N,N,N,N,,,2021,45019
45,041,451110,H,167,H,781,H,3711,9,3,3,N,N,,,N,N,N,N,N,N,N,,,2021,45041
45,043,451110,H,39,G,223,G,1057,8,5,N,N,N,,,N,N,N,N,N,N,N,,,2021,45043
45,045,451110,G,641,G,3160,G,14133,36,15,4,9,4,3.0,,N,N,N,N,N,N,N,,,2021,45045
45,047,451110,J,24,J,100,J,448,4,N,N,N,N,,,N,N,N,N,N,N,N,,,2021,45047
45,051,451110,G,471,H,2432,G,10105,39,22,7,4,3,,,N,N,N,N,N,N,N,,,2021,45051
45,055,451110,G,17,G,134,G,751,4,3,N,N,N,,,N,N,N,N,N,N,N,,,2021,45055
45,063,451110,G,311,H,2683,H,13076,14,5,4,N,N,5.0,,N,N,N,N,N,N,N,,,2021,45063
45,073,451110,H,28,G,149,G,708,7,6,N,N,N,,,N,N,N,N,N,N,N,,,2021,45073
45,075,451110,J,13,H,83,H,390,4,3,N,N,N,,,N,N,N,N,N,N,N,,,2021,45075
45,077,451110,G,88,H,399,H,1751,3,N,N,N,N,,,N,N,N,N,N,N,N,,,2021,45077
45,079,451110,H,250,G,1405,G,6510,21,10,4,3,3,,,N,N,N,N,N,N,N,,,2021,45079
45,083,451110,H,139,H,710,H,3639,13,8,N,3,N,,,N,N,N,N,N,N,N,,,2021,45083
45,085,451110,G,6,H,21,H,143,3,3,N,N,N,,,N,N,N,N,N,N,N,,,2021,45085
45,091,451110,G,333,G,1473,G,6996,15,5,4,N,N,,,N,N,N,N,N,N,N,,,2021,45091
46,011,451110,H,36,G,131,G,576,4,N,N,N,N,,,N,N,N,N,N,N,N,,,2021,46011
46,013,451110,J,37,H,195,G,860,6,3,N,N,N,,,N,N,N,N,N,N,N,,,2021,46013
46,029,451110,G,23,G,116,G,534,3,N,N,N,N,,,N,N,N,N,N,N,N,,,2021,46029
46,035,451110,J,115,J,884,J,3685,7,3,N,3,N,,,N,N,N,N,N,N,N,,,2021,46035
46,081,451110,J,7,G,35,G,364,3,N,N,N,N,,,N,N,N,N,N,N,N,,,2021,46081
46,099,451110,J,790,J,5498,J,19837,20,8,5,4,N,,,N,N,N,N,N,N,N,,,2021,46099
46,103,451110,G,412,G,2409,G,13480,20,9,7,N,N,,,N,N,N,N,N,N,N,,,2021,46103
46,123,451110,G,8,J,31,H,136,3,N,N,N,N,,,N,N,N,N,N,N,N,,,2021,46123
47,001,451110,J,52,J,185,J,1144,5,4,N,N,N,,,N,N,N,N,N,N,N,,,2021,47001
47,009,451110,G,83,H,455,H,2476,9,4,3,N,N,,,N,N,N,N,N,N,N,,,2021,47009
47,011,451110,G,34,G,158,G,793,6,4,N,N,N,,,N,N,N,N,N,N,N,,,2021,47011
47,019,451110,G,8,H,29,G,140,5,5,N,N,N,,,N,N,N,N,N,N,N,,,2021,47019
47,031,451110,H,40,G,171,G,766,5,N,3,N,N,,,N,N,N,N,N,N,N,,,2021,47031
47,035,451110,J,18,H,76,H,333,3,N,N,N,N,,,N,N,N,N,N,N,N,,,2021,47035
47,037,451110,G,557,G,3044,G,14579,39,16,12,4,4,,,N,N,N,N,N,N,N,,,2021,47037
47,043,451110,J,24,J,146,J,684,3,N,N,N,N,,,N,N,N,N,N,N,N,,,2021,47043
47,053,451110,J,19,G,89,G,482,4,3,N,N,N,,,N,N,N,N,N,N,N,,,2021,47053
47,063,451110,J,58,H,212,J,1236,4,N,N,N,N,,,N,N,N,N,N,N,N,,,2021,47063
47,065,451110,G,597,G,3305,G,15310,28,13,4,4,3,,,N,N,N,N,N,N,N,,,2021,47065
47,093,451110,G,424,G,2223,G,11343,39,21,9,5,N,,,N,N,N,N,N,N,N,,,2021,47093
47,107,451110,H,22,H,63,H,338,4,3,N,N,N,,,N,N,N,N,N,N,N,,,2021,47107
47,113,451110,H,133,H,652,H,3273,6,N,4,N,N,,,N,N,N,N,N,N,N,,,2021,47113
47,117,451110,J,5,H,28,H,216,3,3,N,N,N,,,N,N,N,N,N,N,N,,,2021,47117
47,119,451110,J,48,H,298,H,1288,4,N,N,N,N,,,N,N,N,N,N,N,N,,,2021,47119
47,125,451110,H,172,H,718,H,3687,11,4,4,N,N,,,N,N,N,N,N,N,N,,,2021,47125
47,141,451110,J,109,J,578,J,3312,7,3,N,N,N,,,N,N,N,N,N,N,N,,,2021,47141
47,145,451110,J,16,H,81,H,389,4,3,N,N,N,,,N,N,N,N,N,N,N,,,2021,47145
47,147,451110,H,27,H,253,G,1125,3,N,N,N,N,,,N,N,N,N,N,N,N,,,2021,47147
47,149,451110,H,295,G,1518,G,7648,16,5,4,3,N,3.0,,N,N,N,N,N,N,N,,,2021,47149
47,155,451110,H,584,H,3231,H,15507,14,6,N,N,3,,,N,N,N,N,N,N,N,,,2021,47155
47,157,451110,H,727,G,3660,G,17012,42,16,10,6,5,4.0,,N,N,N,N,N,N,N,,,2021,47157
47,163,451110,H,340,H,1857,H,8524,20,12,N,3,N,,,N,N,N,N,N,N,N,,,2021,47163
47,165,451110,H,41,G,224,G,931,6,N,3,N,N,,,N,N,N,N,N,N,N,,,2021,47165
47,179,451110,G,165,G,1129,G,7482,9,4,N,N,N,,,N,N,N,N,N,N,N,,,2021,47179
47,187,451110,G,400,G,2099,G,10175,25,8,4,9,N,3.0,,N,N,N,N,N,N,N,,,2021,47187
47,189,451110,H,119,H,644,H,2993,8,5,N,N,N,,,N,N,N,N,N,N,N,,,2021,47189
48,005,451110,J,122,H,465,H,2307,5,3,N,N,N,,,N,N,N,N,N,N,N,,,2021,48005
48,021,451110,J,122,J,538,J,2819,3,N,N,N,N,,,N,N,N,N,N,N,N,,,2021,48021
48,027,451110,J,230,J,995,J,5075,15,10,N,N,N,,,N,N,N,N,N,N,N,,,2021,48027
48,029,451110,H,1671,G,8842,G,42936,77,31,15,10,8,12.0,,N,N,N,N,N,N,N,,,2021,48029
48,037,451110,H,113,H,489,H,2454,4,N,N,N,N,,,N,N,N,N,N,N,N,,,2021,48037
48,039,451110,J,320,J,1491,J,7421,12,5,3,N,N,3.0,,N,N,N,N,N,N,N,,,2021,48039
48,041,451110,G,177,H,1088,H,5425,9,3,N,3,N,,,N,N,N,N,N,N,N,,,2021,48041
48,053,451110,J,6,H,44,H,282,3,3,N,N,N,,,N,N,N,N,N,N,N,,,2021,48053
48,061,451110,G,331,G,1410,G,6808,11,5,N,3,N,,,N,N,N,N,N,N,N,,,2021,48061
48,085,451110,G,1320,G,7712,G,38479,66,26,12,11,8,8.0,,N,N,N,N,N,N,N,,,2021,48085
48,091,451110,G,97,G,628,G,3181,10,5,N,N,N,,,N,N,N,N,N,N,N,,,2021,48091
48,099,451110,J,2,J,26,H,168,3,3,N,N,N,,,N,N,N,N,N,N,N,,,2021,48099
48,113,451110,G,1125,G,7715,G,37010,82,39,17,12,7,6.0,,N,N,N,N,N,N,N,,,2021,48113
48,121,451110,H,871,H,6697,H,26859,42,24,7,4,N,4.0,,N,N,N,N,N,N,N,,,2021,48121
48,135,451110,J,204,J,1734,J,7133,5,N,N,N,N,,,N,N,N,N,N,N,N,,,2021,48135
48,139,451110,J,87,J,457,J,2305,3,N,N,N,N,,,N,N,N,N,N,N,N,,,2021,48139
48,141,451110,H,500,H,2277,H,11114,29,11,5,8,N,3.0,,N,N,N,N,N,N,N,,,2021,48141
48,157,451110,H,502,H,2527,H,12545,26,15,3,N,N,5.0,,N,N,N,N,N,N,N,,,2021,48157
48,167,451110,H,256,H,1575,H,6727,17,10,3,N,N,,,N,N,N,N,N,N,N,,,2021,48167
48,171,451110,J,10,J,50,J,221,3,N,N,N,N,,,N,N,N,N,N,N,N,,,2021,48171
48,181,451110,G,135,G,793,G,3829,9,4,N,N,N,,,N,N,N,N,N,N,N,,,2021,48181
48,183,451110,G,148,G,1006,G,4890,11,6,N,N,N,,,N,N,N,N,N,N,N,,,2021,48183
48,199,451110,J,7,G,53,H,194,3,3,N,N,N,,,N,N,N,N,N,N,N,,,2021,48199
48,201,451110,H,3988,G,22029,H,108421,169,69,27,20,24,20.0,9.0,N,N,N,N,N,N,N,,,2021,48201
48,209,451110,H,278,H,1391,G,6364,8,4,N,N,N,,,N,N,N,N,N,N,N,,,2021,48209
48,215,451110,H,480,H,2014,H,9948,26,13,5,4,N,3.0,,N,N,N,N,N,N,N,,,2021,48215
48,219,451110,G,6,J,11,H,216,3,3,N,N,N,,,N,N,N,N,N,N,N,,,2021,48219
48,221,451110,J,17,J,91,J,391,6,5,N,N,N,,,N,N,N,N,N,N,N,,,2021,48221
48,227,451110,J,6,H,54,J,219,3,3,N,N,N,,,N,N,N,N,N,N,N,,,2021,48227
48,245,451110,G,288,G,1577,G,7412,10,4,3,N,N,,,N,N,N,N,N,N,N,,,2021,48245
48,251,451110,H,33,G,252,G,1130,10,7,3,N,N,,,N,N,N,N,N,N,N,,,2021,48251
48,257,451110,J,99,J,566,J,2579,3,N,N,N,N,,,N,N,N,N,N,N,N,,,2021,48257
48,259,451110,H,27,G,177,G,910,6,3,3,N,N,,,N,N,N,N,N,N,N,,,2021,48259
48,265,451110,H,28,G,191,G,814,3,N,N,N,N,,,N,N,N,N,N,N,N,,,2021,48265
48,303,451110,G,456,G,2191,G,10207,22,5,8,4,N,4.0,,N,N,N,N,N,N,N,,,2021,48303
48,309,451110,G,210,G,1136,G,5630,12,4,4,N,N,,,N,N,N,N,N,N,N,,,2021,48309
48,321,451110,J,13,G,59,G,204,6,5,N,N,N,,,N,N,N,N,N,N,N,,,2021,48321
48,329,451110,G,149,G,933,G,4571,11,5,3,N,N,,,N,N,N,N,N,N,N,,,2021,48329
48,339,451110,J,558,H,3136,H,15939,30,16,3,4,3,3.0,,N,N,N,N,N,N,N,,,2021,48339
48,347,451110,G,3,H,29,H,236,3,3,N,N,N,,,N,N,N,N,N,N,N,,,2021,48347
48,355,451110,G,397,G,3097,G,13809,29,12,6,7,3,,,N,N,N,N,N,N,N,,,2021,48355
48,361,451110,G,25,G,132,G,560,3,N,N,N,N,,,N,N,N,N,N,N,N,,,2021,48361
48,367,451110,H,219,H,1335,H,5917,10,6,N,N,N,,,N,N,N,N,N,N,N,,,2021,48367
48,375,451110,G,30,H,208,H,977,6,3,3,N,N,,,N,N,N,N,N,N,N,,,2021,48375
48,381,451110,H,123,J,787,J,3447,5,N,N,N,N,,,N,N,N,N,N,N,N,,,2021,48381
48,397,451110,J,132,J,588,J,3140,6,3,N,N,N,,,N,N,N,N,N,N,N,,,2021,48397
48,409,451110,J,93,J,398,J,1848,3,N,N,N,N,,,N,N,N,N,N,N,N,,,2021,48409
48,423,451110,H,160,H,885,H,4092,14,9,3,N,N,,,N,N,N,N,N,N,N,,,2021,48423
48,439,451110,G,2312,G,12914,G,64405,110,48,18,11,15,15.0,3.0,N,N,N,N,N,N,N,,,2021,48439
48,441,451110,G,122,G,658,G,3227,9,6,N,N,N,,,N,N,N,N,N,N,N,,,2021,48441
48,451,451110,H,120,G,825,G,3728,8,N,5,N,N,,,N,N,N,N,N,N,N,,,2021,48451
48,453,451110,H,1511,G,10924,G,50512,73,28,10,13,8,14.0,,N,N,N,N,N,N,N,,,2021,48453
48,469,451110,H,100,H,555,H,2459,7,5,N,N,N,,,N,N,N,N,N,N,N,,,2021,48469
48,471,451110,J,116,J,700,J,4759,3,N,N,N,N,,,N,N,N,N,N,N,N,,,2021,48471
48,479,451110,H,213,H,885,H,4219,10,4,N,N,N,,,N,N,N,N,N,N,N,,,2021,48479
48,485,451110,G,97,H,468,H,2206,6,3,N,N,N,,,N,N,N,N,N,N,N,,,2021,48485
48,491,451110,G,552,G,2926,G,14604,31,15,6,4,N,5.0,,N,N,N,N,N,N,N,,,2021,48491
49,005,451110,H,303,H,1235,J,5967,8,N,3,N,N,,,N,N,N,N,N,N,N,,,2021,49005
49,007,451110,J,20,J,50,J,267,3,N,N,N,N,,,N,N,N,N,N,N,N,,,2021,49007
49,011,451110,G,332,G,1628,G,7673,27,7,7,9,4,,,N,N,N,N,N,N,N,,,2021,49011
49,017,451110,H,23,J,48,H,543,3,N,N,N,N,,,N,N,N,N,N,N,N,,,2021,49017
49,019,451110,H,92,H,426,G,2579,11,4,N,4,N,,,N,N,N,N,N,N,N,,,2021,49019
49,021,451110,G,87,G,466,G,1700,9,4,N,3,N,,,N,N,N,N,N,N,N,,,2021,49021
49,035,451110,G,1954,G,12406,G,48600,118,36,25,36,15,4.0,,N,N,N,N,N,N,N,,,2021,49035
49,043,451110,G,509,G,3653,G,12629,49,16,12,13,8,,,N,N,N,N,N,N,N,,,2021,49043
49,047,451110,G,60,H,556,H,2349,3,N,N,N,N,,,N,N,N,N,N,N,N,,,2021,49047
49,049,451110,G,692,G,3231,G,14001,39,15,6,9,6,,,N,N,N,N,N,N,N,,,2021,49049
49,051,451110,J,57,J,236,H,922,4,N,N,N,N,,,N,N,N,N,N,N,N,,,2021,49051
49,053,451110,G,301,G,1404,G,7835,27,15,3,4,4,,,N,N,N,N,N,N,N,,,2021,49053
49,057,451110,G,295,G,1373,G,5437,20,6,6,4,3,,,N,N,N,N,N,N,N,,,2021,49057
50,001,451110,J,25,H,123,G,641,7,4,3,N,N,,,N,N,N,N,N,N,N,,,2021,50001
50,003,451110,H,35,G,254,G,1003,6,N,4,N,N,,,N,N,N,N,N,N,N,,,2021,50003
50,005,451110,H,44,H,336,H,1434,6,3,N,N,N,,,N,N,N,N,N,N,N,,,2021,50005
50,007,451110,H,576,H,3574,H,16527,23,6,4,7,N,3.0,,N,N,N,N,N,N,N,,,2021,50007
50,011,451110,J,21,H,79,G,333,6,4,N,N,N,,,N,N,N,N,N,N,N,,,2021,50011
50,015,451110,H,98,H,961,H,3444,9,3,4,N,N,,,N,N,N,N,N,N,N,,,2021,50015
50,019,451110,G,20,H,97,G,405,4,N,N,N,N,,,N,N,N,N,N,N,N,,,2021,50019
50,021,451110,G,134,G,943,G,3866,16,8,4,N,N,,,N,N,N,N,N,N,N,,,2021,50021
50,023,451110,G,108,G,747,G,3433,17,8,4,5,N,,,N,N,N,N,N,N,N,,,2021,50023
50,025,451110,H,42,G,351,G,1331,10,7,N,N,N,,,N,N,N,N,N,N,N,,,2021,50025
50,027,451110,J,89,H,674,H,2128,9,3,N,3,N,,,N,N,N,N,N,N,N,,,2021,50027
51,003,451110,J,135,H,692,H,3804,9,5,3,N,N,,,N,N,N,N,N,N,N,,,2021,51003
51,013,451110,J,67,H,468,H,2214,9,3,N,4,N,,,N,N,N,N,N,N,N,,,2021,51013
51,015,451110,J,35,J,132,J,636,3,N,N,N,N,,,N,N,N,N,N,N,N,,,2021,51015
51,019,451110,G,76,G,453,G,2128,9,4,3,N,N,,,N,N,N,N,N,N,N,,,2021,51019
51,023,451110,J,5,J,35,H,167,3,3,N,N,N,,,N,N,N,N,N,N,N,,,2021,51023
51,041,451110,G,161,G,861,H,4580,16,8,3,3,N,,,N,N,N,N,N,N,N,,,2021,51041
51,059,451110,G,892,G,5792,G,25912,43,18,3,8,7,7.0,,N,N,N,N,N,N,N,,,2021,51059
51,061,451110,H,40,H,256,H,1174,4,N,N,N,N,,,N,N,N,N,N,N,N,,,2021,51061
51,067,451110,J,6,H,29,G,169,4,4,N,N,N,,,N,N,N,N,N,N,N,,,2021,51067
51,069,451110,J,8,J,48,J,230,3,N,N,N,N,,,N,N,N,N,N,N,N,,,2021,51069
51,085,451110,J,302,J,1976,J,10396,10,7,N,N,N,,,N,N,N,N,N,N,N,,,2021,51085
51,087,451110,G,415,G,2009,G,10209,22,10,N,5,3,3.0,,N,N,N,N,N,N,N,,,2021,51087
51,095,451110,J,24,J,150,H,660,6,4,N,N,N,,,N,N,N,N,N,N,N,,,2021,51095
51,107,451110,H,363,H,2396,H,9401,20,7,N,5,5,,,N,N,N,N,N,N,N,,,2021,51107
51,121,451110,J,103,J,383,J,2164,5,N,3,N,N,,,N,N,N,N,N,N,N,,,2021,51121
51,125,451110,J,13,J,71,J,204,3,N,N,N,N,,,N,N,N,N,N,N,N,,,2021,51125
51,143,451110,J,16,J,133,J,783,5,4,N,N,N,,,N,N,N,N,N,N,N,,,2021,51143
51,153,451110,G,434,G,2154,G,11090,27,13,4,4,3,,,N,N,N,N,N,N,N,,,2021,51153
51,161,451110,G,45,H,215,H,929,6,N,3,N,N,,,N,N,N,N,N,N,N,,,2021,51161
51,165,451110,G,12,G,45,G,234,3,N,N,N,N,,,N,N,N,N,N,N,N,,,2021,51165
51,177,451110,G,53,H,256,H,1500,4,3,N,N,N,,,N,N,N,N,N,N,N,,,2021,51177
51,179,451110,G,32,H,141,H,644,6,N,3,N,N,,,N,N,N,N,N,N,N,,,2021,51179
51,191,451110,J,39,H,238,G,1705,12,7,5,N,N,,,N,N,N,N,N,N,N,,,2021,51191
51,199,451110,G,63,G,311,H,1733,8,5,N,N,N,,,N,N,N,N,N,N,N,,,2021,51199
51,510,451110,J,41,J,277,J,1031,6,4,N,N,N,,,N,N,N,N,N,N,N,,,2021,51510
51,540,451110,G,66,G,243,G,1200,9,5,N,3,N,,,N,N,N,N,N,N,N,,,2021,51540
51,550,451110,H,160,H,688,H,3719,10,6,N,N,N,,,N,N,N,N,N,N,N,,,2021,51550
51,570,451110,G,102,H,633,H,3186,4,N,N,N,N,,,N,N,N,N,N,N,N,,,2021,51570
51,590,451110,H,39,J,150,H,666,4,N,N,N,N,,,N,N,N,N,N,N,N,,,2021,51590
51,600,451110,H,125,G,523,G,2252,4,N,N,N,N,,,N,N,N,N,N,N,N,,,2021,51600
51,630,451110,G,62,G,317,G,1594,8,3,3,N,N,,,N,N,N,N,N,N,N,,,2021,51630
51,650,451110,J,151,J,626,J,3013,4,3,N,N,N,,,N,N,N,N,N,N,N,,,2021,51650
51,660,451110,H,100,H,392,H,2354,9,4,N,N,N,,,N,N,N,N,N,N,N,,,2021,51660
51,670,451110,G,11,J,34,H,167,3,N,N,N,N,,,N,N,N,N,N,N,N,,,2021,51670
51,680,451110,H,67,H,286,G,1083,6,5,N,N,N,,,N,N,N,N,N,N,N,,,2021,51680
51,700,451110,G,116,G,583,G,3038,8,3,N,N,N,,,N,N,N,N,N,N,N,,,2021,51700
51,710,451110,H,74,G,464,G,2257,12,6,4,N,N,,,N,N,N,N,N,N,N,,,2021,51710
51,740,451110,G,12,J,112,J,509,3,N,N,N,N,,,N,N,N,N,N,N,N,,,2021,51740
51,760,451110,J,76,J,426,H,2395,10,6,N,N,N,,,N,N,N,N,N,N,N,,,2021,51760
51,770,451110,H,177,G,910,G,4766,13,5,4,N,N,,,N,N,N,N,N,N,N,,,2021,51770
51,775,451110,G,9,H,22,H,74,4,3,N,N,N,,,N,N,N,N,N,N,N,,,2021,51775
51,790,451110,J,15,G,93,G,460,3,N,N,N,N,,,N,N,N,N,N,N,N,,,2021,51790
51,810,451110,G,460,H,2651,H,13460,37,20,5,6,4,,,N,N,N,N,N,N,N,,,2021,51810
51,840,451110,H,91,H,329,H,1820,7,N,N,N,N,,,N,N,N,N,N,N,N,,,2021,51840
53,005,451110,G,241,G,1351,G,6210,25,12,5,5,N,,,N,N,N,N,N,N,N,,,2021,53005
53,007,451110,H,86,G,602,G,2841,12,6,N,3,N,,,N,N,N,N,N,N,N,,,2021,53007
53,009,451110,G,58,G,264,H,1396,10,5,3,N,N,,,N,N,N,N,N,N,N,,,2021,53009
53,011,451110,H,168,H,1110,G,4912,18,8,4,5,N,,,N,N,N,N,N,N,N,,,2021,53011
53,015,451110,J,136,J,1035,J,4606,8,4,N,N,N,,,N,N,N,N,N,N,N,,,2021,53015
53,025,451110,J,59,J,329,J,1246,4,N,N,N,N,,,N,N,N,N,N,N,N,,,2021,53025
53,027,451110,H,32,H,185,G,838,9,7,N,N,N,,,N,N,N,N,N,N,N,,,2021,53027
53,029,451110,H,32,G,143,G,654,6,4,N,N,N,,,N,N,N,N,N,N,N,,,2021,53029
53,033,451110,G,2494,G,18226,G,81886,169,57,44,40,13,13.0,,N,N,N,N,N,N,N,,,2021,53033
53,035,451110,G,277,G,1672,G,7923,21,8,5,5,N,,,N,N,N,N,N,N,N,,,2021,53035
53,037,451110,G,50,G,351,G,1517,9,5,3,N,N,,,N,N,N,N,N,N,N,,,2021,53037
53,041,451110,H,38,G,282,G,1259,8,6,N,N,N,,,N,N,N,N,N,N,N,,,2021,53041
53,045,451110,J,7,J,28,G,143,3,N,N,N,N,,,N,N,N,N,N,N,N,,,2021,53045
53,047,451110,G,51,H,349,H,1689,8,3,4,N,N,,,N,N,N,N,N,N,N,,,2021,53047
53,053,451110,G,782,G,5217,G,24079,47,16,16,9,N,4.0,,N,N,N,N,N,N,N,,,2021,53053
53,057,451110,G,129,G,778,G,3846,14,6,3,3,N,,,N,N,N,N,N,N,N,,,2021,53057
53,061,451110,G,663,G,4208,G,19473,50,21,12,10,5,,,N,N,N,N,N,N,N,,,2021,53061
53,063,451110,G,561,G,3570,G,16511,49,21,12,9,4,3.0,,N,N,N,N,N,N,N,,,2021,53063
53,065,451110,J,18,J,192,J,863,4,3,N,N,N,,,N,N,N,N,N,N,N,,,2021,53065
53,067,451110,G,338,G,1744,G,8262,15,6,3,3,N,,,N,N,N,N,N,N,N,,,2021,53067
53,071,451110,J,63,J,307,J,1270,5,3,N,N,N,,,N,N,N,N,N,N,N,,,2021,53071
53,073,451110,G,366,G,1935,G,9618,29,15,N,7,N,3.0,,N,N,N,N,N,N,N,,,2021,53073
53,077,451110,H,199,H,1135,H,5322,11,5,N,4,N,,,N,N,N,N,N,N,N,,,2021,53077
54,003,451110,G,48,G,246,G,1427,5,3,N,N,N,,,N,N,N,N,N,N,N,,,2021,54003
54,011,451110,J,167,H,628,H,4086,3,N,N,N,N,,,N,N,N,N,N,N,N,,,2021,54011
54,037,451110,J,6,J,31,J,185,4,4,N,N,N,,,N,N,N,N,N,N,N,,,2021,54037
54,039,451110,H,196,H,706,H,3921,7,N,3,N,N,,,N,N,N,N,N,N,N,,,2021,54039
54,049,451110,J,9,H,65,H,248,4,4,N,N,N,,,N,N,N,N,N,N,N,,,2021,54049
54,055,451110,J,12,H,72,G,370,5,4,N,N,N,,,N,N,N,N,N,N,N,,,2021,54055
54,061,451110,G,183,G,799,G,3648,10,4,N,N,N,,,N,N,N,N,N,N,N,,,2021,54061
54,067,451110,G,6,G,40,H,138,3,3,N,N,N,,,N,N,N,N,N,N,N,,,2021,54067
54,069,451110,J,199,J,1897,J,8192,6,3,N,N,N,,,N,N,N,N,N,N,N,,,2021,54069
54,075,451110,H,40,H,207,G,738,5,N,N,3,N,,,N,N,N,N,N,N,N,,,2021,54075
54,079,451110,J,59,H,182,H,960,4,N,N,N,N,,,N,N,N,N,N,N,N,,,2021,54079
54,081,451110,H,100,H,403,H,1970,7,N,N,3,N,,,N,N,N,N,N,N,N,,,2021,54081
54,083,451110,G,25,H,85,H,402,3,N,N,N,N,,,N,N,N,N,N,N,N,,,2021,54083
54,093,451110,J,17,J,66,J,213,5,3,N,N,N,,,N,N,N,N,N,N,N,,,2021,54093
54,107,451110,H,36,H,172,H,733,7,6,N,N,N,,,N,N,N,N,N,N,N,,,2021,54107
55,003,451110,H,25,J,90,H,484,4,N,N,N,N,,,N,N,N,N,N,N,N,,,2021,55003
55,005,451110,G,31,G,107,G,527,5,N,N,N,N,,,N,N,N,N,N,N,N,,,2021,55005
55,009,451110,G,355,G,1625,G,7732,20,8,4,6,N,,,N,N,N,N,N,N,N,,,2021,55009
55,013,451110,J,6,G,16,H,86,3,3,N,N,N,,,N,N,N,N,N,N,N,,,2021,55013
55,015,451110,J,34,J,164,J,908,4,N,N,N,N,,,N,N,N,N,N,N,N,,,2021,55015
55,017,451110,H,32,G,126,G,581,5,N,N,N,N,,,N,N,N,N,N,N,N,,,2021,55017
55,021,451110,G,2,J,33,G,211,3,3,N,N,N,,,N,N,N,N,N,N,N,,,2021,55021
55,023,451110,H,94,H,595,H,2956,4,N,N,N,N,,,N,N,N,N,N,N,N,,,2021,55023
55,025,451110,G,659,G,3929,G,20341,50,24,9,11,N,3.0,,N,N,N,N,N,N,N,,,2021,55025
55,027,451110,J,55,J,150,J,742,6,3,N,N,N,,,N,N,N,N,N,N,N,,,2021,55027
55,029,451110,J,31,G,152,G,940,9,6,N,N,N,,,N,N,N,N,N,N,N,,,2021,55029
55,031,451110,J,41,H,278,H,1241,5,N,N,N,N,,,N,N,N,N,N,N,N,,,2021,55031
55,035,451110,J,308,J,2557,J,8797,5,N,3,N,N,,,N,N,N,N,N,N,N,,,2021,55035
55,039,451110,H,24,G,79,G,362,4,N,3,N,N,,,N,N,N,N,N,N,N,,,2021,55039
55,043,451110,G,4,J,22,G,179,4,4,N,N,N,,,N,N,N,N,N,N,N,,,2021,55043
55,059,451110,G,76,H,285,G,1680,9,4,3,N,N,,,N,N,N,N,N,N,N,,,2021,55059
55,063,451110,G,149,G,555,G,2979,17,10,3,3,N,,,N,N,N,N,N,N,N,,,2021,55063
55,069,451110,J,8,H,20,G,98,3,3,N,N,N,,,N,N,N,N,N,N,N,,,2021,55069
55,071,451110,G,22,G,134,G,576,7,5,N,N,N,,,N,N,N,N,N,N,N,,,2021,55071
55,073,451110,G,138,G,637,G,3230,14,7,N,6,N,,,N,N,N,N,N,N,N,,,2021,55073
55,075,451110,G,12,H,77,H,399,3,N,N,N,N,,,N,N,N,N,N,N,N,,,2021,55075
55,079,451110,G,395,G,2319,G,12558,40,19,6,9,5,,,N,N,N,N,N,N,N,,,2021,55079
55,081,451110,J,7,G,31,H,134,4,4,N,N,N,,,N,N,N,N,N,N,N,,,2021,55081
55,083,451110,J,12,G,63,G,281,4,3,N,N,N,,,N,N,N,N,N,N,N,,,2021,55083
55,085,451110,H,70,G,323,G,1528,11,5,N,4,N,,,N,N,N,N,N,N,N,,,2021,55085
55,087,451110,J,541,J,3539,J,12732,22,11,3,4,3,,,N,N,N,N,N,N,N,,,2021,55087
55,089,451110,H,75,G,352,H,1977,10,7,N,N,N,,,N,N,N,N,N,N,N,,,2021,55089
55,093,451110,G,11,G,45,H,325,4,4,N,N,N,,,N,N,N,N,N,N,N,,,2021,55093
55,095,451110,J,15,G,72,G,312,3,N,N,N,N,,,N,N,N,N,N,N,N,,,2021,55095
55,097,451110,G,67,G,224,G,1188,9,6,N,N,N,,,N,N,N,N,N,N,N,,,2021,55097
55,101,451110,H,117,G,651,G,2849,13,5,3,4,N,,,N,N,N,N,N,N,N,,,2021,55101
55,105,451110,J,92,H,369,H,1918,11,7,N,N,N,,,N,N,N,N,N,N,N,,,2021,55105
55,109,451110,G,56,H,470,H,2630,8,3,3,N,N,,,N,N,N,N,N,N,N,,,2021,55109
55,111,451110,J,30,J,108,H,574,4,N,N,N,N,,,N,N,N,N,N,N,N,,,2021,55111
55,113,451110,J,37,H,305,H,1402,5,N,N,N,N,,,N,N,N,N,N,N,N,,,2021,55113
55,117,451110,J,58,G,500,G,2083,9,5,N,N,N,,,N,N,N,N,N,N,N,,,2021,55117
55,123,451110,J,8,J,34,H,198,3,N,N,N,N,,,N,N,N,N,N,N,N,,,2021,55123
55,125,451110,G,13,J,63,G,488,8,8,N,N,N,,,N,N,N,N,N,N,N,,,2021,55125
55,127,451110,H,55,G,467,G,2248,8,4,N,N,N,,,N,N,N,N,N,N,N,,,2021,55127
55,129,451110,H,29,J,105,J,634,3,N,N,N,N,,,N,N,N,N,N,N,N,,,2021,55129
55,131,451110,H,198,J,988,J,4142,8,4,3,N,N,,,N,N,N,N,N,N,N,,,2021,55131
55,133,451110,H,638,G,3813,G,19026,43,17,6,10,6,4.0,,N,N,N,N,N,N,N,,,2021,55133
55,135,451110,J,14,J,116,J,558,4,3,N,N,N,,,N,N,N,N,N,N,N,,,2021,55135
55,139,451110,H,143,G,632,H,2927,16,9,N,3,N,,,N,N,N,N,N,N,N,,,2021,55139
55,141,451110,H,47,H,352,G,1787,5,N,N,3,N,,,N,N,N,N,N,N,N,,,2021,55141
56,001,451110,J,16,H,147,H,639,3,N,N,N,N,,,N,N,N,N,N,N,N,,,2021,56001
56,005,451110,J,62,J,402,H,1435,7,4,N,N,N,,,N,N,N,N,N,N,N,,,2021,56005
56,013,451110,G,58,G,391,G,1660,9,5,N,3,N,,,N,N,N,N,N,N,N,,,2021,56013
56,021,451110,G,173,G,724,G,3089,11,4,4,N,N,,,N,N,N,N,N,N,N,,,2021,56021
56,025,451110,G,184,G,1079,G,4730,17,8,4,N,N,,,N,N,N,N,N,N,N,,,2021,56025
56,029,451110,H,53,G,241,G,1183,8,4,N,N,N,,,N,N,N,N,N,N,N,,,2021,56029
56,033,451110,G,144,G,892,G,3947,9,3,N,N,4,,,N,N,N,N,N,N,N,,,2021,56033
56,035,451110,J,10,J,71,J,445,4,3,N,N,N,,,N,N,N,N,N,N,N,,,2021,56035
56,037,451110,J,42,J,205,H,1118,5,4,N,N,N,,,N,N,N,N,N,N,N,,,2021,56037
56,039,451110,G,104,G,880,G,4891,16,7,6,N,N,,,N,N,N,N,N,N,N,,,2021,56039
01,001,451110,H,85,J,458,J,1745,3,N,N,N,N,,,N,N,N,N,N,N,N,,,2022,1001
01,003,451110,G,310,G,1837,G,8704,23,14,4,N,3,,,N,N,N,N,N,N,N,,,2022,1003
01,015,451110,G,103,G,693,G,3324,8,3,N,N,N,,,N,N,N,N,N,N,N,,,2022,1015
01,039,451110,J,5,J,35,H,180,3,3,N,N,N,,,N,N,N,N,N,N,N,,,2022,1039
01,043,451110,J,72,J,426,J,2187,6,4,N,N,N,,,N,N,N,N,N,N,N,,,2022,1043
01,045,451110,G,22,G,170,G,713,4,N,N,N,N,,,N,N,N,N,N,N,N,,,2022,1045
01,049,451110,J,21,H,74,H,355,3,N,N,N,N,,,N,N,N,N,N,N,N,,,2022,1049
01,051,451110,H,134,H,760,H,3548,3,N,N,N,N,,,N,N,N,N,N,N,N,,,2022,1051
01,055,451110,J,111,J,570,H,2414,7,5,N,N,N,,,N,N,N,N,N,N,N,,,2022,1055
01,069,451110,H,139,J,852,J,3995,8,N,4,N,N,,,N,N,N,N,N,N,N,,,2022,1069
01,071,451110,H,27,G,105,G,495,7,5,N,N,N,,,N,N,N,N,N,N,N,,,2022,1071
01,073,451110,G,725,G,6285,G,28536,38,12,10,5,5,5.0,,N,N,N,N,N,N,N,,,2022,1073
01,077,451110,J,177,H,748,H,3617,5,N,N,N,N,,,N,N,N,N,N,N,N,,,2022,1077
01,081,451110,G,173,H,753,H,3559,11,5,N,N,N,,,N,N,N,N,N,N,N,,,2022,1081
01,083,451110,H,25,H,106,H,494,3,N,N,N,N,,,N,N,N,N,N,N,N,,,2022,1083
01,089,451110,G,421,G,2710,G,12058,30,15,6,3,N,4.0,,N,N,N,N,N,N,N,,,2022,1089
01,095,451110,G,26,G,122,G,632,7,5,N,N,N,,,N,N,N,N,N,N,N,,,2022,1095
01,097,451110,G,317,G,1784,G,8075,25,12,8,N,N,3.0,,N,N,N,N,N,N,N,,,2022,1097
01,101,451110,G,183,G,1236,G,5171,11,5,N,N,N,,,N,N,N,N,N,N,N,,,2022,1101
01,103,451110,J,76,J,425,J,1664,5,4,N,N,N,,,N,N,N,N,N,N,N,,,2022,1103
01,115,451110,G,15,G,84,G,359,4,3,N,N,N,,,N,N,N,N,N,N,N,,,2022,1115
01,117,451110,G,321,H,2671,H,13349,15,7,N,N,N,,,N,N,N,N,N,N,N,,,2022,1117
01,121,451110,J,8,H,38,G,174,3,N,N,N,N,,,N,N,N,N,N,N,N,,,2022,1121
01,125,451110,G,238,G,1425,G,5966,13,6,N,N,3,,,N,N,N,N,N,N,N,,,2022,1125
02,020,451110,H,629,H,5213,H,23262,33,9,15,3,N,3.0,,N,N,N,N,N,N,N,,,2022,2020
02,090,451110,G,229,G,1090,G,4597,10,N,3,N,3,,,N,N,N,N,N,N,N,,,2022,2090
02,110,451110,J,53,J,220,J,987,5,N,N,N,N,,,N,N,N,N,N,N,N,,,2022,2110
02,122,451110,G,89,G,538,G,2525,12,7,3,N,N,,,N,N,N,N,N,N,N,,,2022,2122
02,170,451110,H,82,H,538,H,2469,12,9,N,N,N,,,N,N,N,N,N,N,N,,,2022,2170
02,220,451110,G,26,H,238,H,883,4,N,N,N,N,,,N,N,N,N,N,N,N,,,2022,2220
04,003,451110,H,33,G,171,G,744,8,7,N,N,N,,,N,N,N,N,N,N,N,,,2022,4003
04,005,451110,G,306,G,1571,G,6667,24,10,3,7,N,,,N,N,N,N,N,N,N,,,2022,4005
04,007,451110,J,25,J,137,J,534,4,N,N,N,N,,,N,N,N,N,N,N,N,,,2022,4007
04,013,451110,G,3597,G,27188,G,119355,282,113,80,55,16,14.0,4.0,N,N,N,N,N,N,N,,,2022,4013
04,015,451110,G,136,G,669,G,2705,26,17,5,4,N,,,N,N,N,N,N,N,N,,,2022,4015
04,017,451110,G,73,H,439,G,1948,13,11,N,N,N,,,N,N,N,N,N,N,N,,,2022,4017
04,019,451110,G,642,G,3963,G,17389,65,28,16,14,5,,,N,N,N,N,N,N,N,,,2022,4019
04,021,451110,G,66,G,294,G,1368,14,11,N,3,N,,,N,N,N,N,N,N,N,,,2022,4021
04,025,451110,G,210,G,1132,G,5270,23,10,6,4,3,,,N,N,N,N,N,N,N,,,2022,4025
04,027,451110,J,97,J,707,J,3091,10,6,N,N,N,,,N,N,N,N,N,N,N,,,2022,4027
05,005,451110,H,31,G,165,G,672,8,5,3,N,N,,,N,N,N,N,N,N,N,,,2022,5005
05,007,451110,G,473,G,3368,G,15853,27,13,3,6,N,,,N,N,N,N,N,N,N,,,2022,5007
05,023,451110,J,13,H,40,G,177,3,N,N,N,N,,,N,N,N,N,N,N,N,,,2022,5023
05,031,451110,G,124,H,740,G,3015,7,4,N,N,N,,,N,N,N,N,N,N,N,,,2022,5031
05,033,451110,H,20,H,160,H,720,4,3,N,N,N,,,N,N,N,N,N,N,N,,,2022,5033
05,045,451110,J,154,H,704,H,3326,7,N,N,N,N,,,N,N,N,N,N,N,N,,,2022,5045
05,051,451110,G,66,G,289,G,1666,8,5,N,N,N,,,N,N,N,N,N,N,N,,,2022,5051
05,063,451110,H,34,H,232,J,1139,5,3,N,N,N,,,N,N,N,N,N,N,N,,,2022,5063
05,069,451110,J,36,J,213,J,1000,3,N,N,N,N,,,N,N,N,N,N,N,N,,,2022,5069
05,115,451110,J,11,G,56,G,293,4,4,N,N,N,,,N,N,N,N,N,N,N,,,2022,5115
05,119,451110,G,577,G,4701,G,21830,42,15,13,9,N,3.0,,N,N,N,N,N,N,N,,,2022,5119
05,125,451110,G,76,H,449,G,2000,7,6,N,N,N,,,N,N,N,N,N,N,N,,,2022,5125
05,131,451110,G,187,H,1333,H,5585,15,6,5,N,N,,,N,N,N,N,N,N,N,,,2022,5131
05,139,451110,G,18,G,146,G,617,4,N,N,N,N,,,N,N,N,N,N,N,N,,,2022,5139
05,143,451110,G,193,H,1153,H,4931,23,11,7,3,N,,,N,N,N,N,N,N,N,,,2022,5143
05,145,451110,J,25,G,119,H,611,8,6,N,N,N,,,N,N,N,N,N,N,N,,,2022,5145
06,001,451110,G,1012,G,7524,G,31141,92,40,22,22,3,4.0,,N,N,N,N,N,N,N,,,2022,6001
06,003,451110,J,18,J,136,J,262,3,N,N,N,N,,,N,N,N,N,N,N,N,,,2022,6003
06,005,451110,G,46,H,242,G,1109,4,N,N,N,N,,,N,N,N,N,N,N,N,,,2022,6005
06,007,451110,G,259,G,1734,G,8031,28,12,7,7,N,,,N,N,N,N,N,N,N,,,2022,6007
06,013,451110,G,765,G,6759,G,26706,54,20,10,17,N,5.0,,N,N,N,N,N,N,N,,,2022,6013
06,017,451110,J,234,H,1711,H,5733,22,9,6,4,N,,,N,N,N,N,N,N,N,,,2022,6017
06,019,451110,G,651,G,3667,G,17118,45,16,12,11,N,4.0,,N,N,N,N,N,N,N,,,2022,6019
06,023,451110,H,189,H,1221,H,5204,13,3,N,5,N,,,N,N,N,N,N,N,N,,,2022,6023
06,027,451110,G,61,G,396,H,2036,11,5,4,N,N,,,N,N,N,N,N,N,N,,,2022,6027
06,029,451110,G,282,G,1606,G,7365,26,10,6,7,N,,,N,N,N,N,N,N,N,,,2022,6029
06,033,451110,H,22,J,106,H,435,4,3,N,N,N,,,N,N,N,N,N,N,N,,,2022,6033
06,037,451110,G,4360,G,36036,G,156573,411,214,58,92,28,16.0,3.0,N,N,N,N,N,N,N,,,2022,6037
06,039,451110,J,35,J,185,H,839,4,N,N,N,N,,,N,N,N,N,N,N,N,,,2022,6039
06,041,451110,G,484,G,4118,G,17722,43,14,14,9,5,,,N,N,N,N,N,N,N,,,2022,6041
06,045,451110,G,42,G,242,G,961,8,4,3,N,N,,,N,N,N,N,N,N,N,,,2022,6045
06,047,451110,J,81,H,438,H,1973,9,3,N,4,N,,,N,N,N,N,N,N,N,,,2022,6047
06,051,451110,G,190,G,1844,G,6376,13,N,6,3,N,,,N,N,N,N,N,N,N,,,2022,6051
06,053,451110,G,202,G,1257,G,5807,18,8,3,5,N,,,N,N,N,N,N,N,N,,,2022,6053
06,055,451110,G,80,G,468,G,2114,12,5,4,3,N,,,N,N,N,N,N,N,N,,,2022,6055
06,057,451110,H,211,H,1711,H,5707,20,9,N,6,3,,,N,N,N,N,N,N,N,,,2022,6057
06,059,451110,G,3059,G,22389,G,86330,278,106,73,64,26,8.0,,N,N,N,N,N,N,N,,,2022,6059
06,061,451110,G,683,G,6933,G,27974,47,17,12,14,N,3.0,,N,N,N,N,N,N,N,,,2022,6061
06,065,451110,G,1021,G,7523,G,32510,108,51,16,31,8,,,N,N,N,N,N,N,N,,,2022,6065
06,067,451110,G,1029,G,7142,G,30900,87,38,13,25,6,4.0,,N,N,N,N,N,N,N,,,2022,6067
06,069,451110,J,18,H,108,H,458,3,N,N,N,N,,,N,N,N,N,N,N,N,,,2022,6069
06,071,451110,G,1301,H,10228,G,45481,84,34,13,24,9,3.0,,N,N,N,N,N,N,N,,,2022,6071
06,073,451110,G,2682,G,19494,G,90384,261,122,51,59,19,9.0,,N,N,N,N,N,N,N,,,2022,6073
06,075,451110,G,609,H,7325,G,28384,48,19,16,8,N,4.0,,N,N,N,N,N,N,N,,,2022,6075
06,077,451110,G,513,H,4034,H,18221,33,14,5,10,N,,,N,N,N,N,N,N,N,,,2022,6077
06,079,451110,G,354,G,2097,G,9571,39,15,11,10,3,,,N,N,N,N,N,N,N,,,2022,6079
06,081,451110,G,601,G,4870,G,21508,56,29,9,14,N,,,N,N,N,N,N,N,N,,,2022,6081
06,083,451110,G,330,G,2036,G,9333,41,18,11,10,N,,,N,N,N,N,N,N,N,,,2022,6083
06,085,451110,G,1448,G,14869,G,60486,89,29,22,20,8,9.0,,N,N,N,N,N,N,N,,,2022,6085
06,087,451110,H,342,G,2190,G,9590,26,6,5,11,3,,,N,N,N,N,N,N,N,,,2022,6087
06,089,451110,G,240,G,1363,G,6078,18,6,6,3,N,,,N,N,N,N,N,N,N,,,2022,6089
06,093,451110,H,39,H,243,H,1069,5,N,3,N,N,,,N,N,N,N,N,N,N,,,2022,6093
06,095,451110,H,292,G,1596,G,7195,23,4,8,7,3,,,N,N,N,N,N,N,N,,,2022,6095
06,097,451110,G,560,G,3535,G,16155,44,18,10,9,4,3.0,,N,N,N,N,N,N,N,,,2022,6097
06,099,451110,H,325,G,2222,G,9439,26,11,4,7,3,,,N,N,N,N,N,N,N,,,2022,6099
06,101,451110,H,37,G,218,G,979,4,N,N,N,N,,,N,N,N,N,N,N,N,,,2022,6101
06,107,451110,G,236,G,1161,G,5245,13,3,N,6,N,,,N,N,N,N,N,N,N,,,2022,6107
06,109,451110,J,37,G,224,G,1035,8,5,N,N,N,,,N,N,N,N,N,N,N,,,2022,6109
06,111,451110,G,589,G,3531,G,16379,57,23,13,14,5,,,N,N,N,N,N,N,N,,,2022,6111
06,113,451110,H,120,H,796,H,3392,14,6,4,3,N,,,N,N,N,N,N,N,N,,,2022,6113
08,001,451110,H,390,J,3628,H,16169,23,10,6,N,4,,,N,N,N,N,N,N,N,,,2022,8001
08,003,451110,J,28,G,197,G,864,3,N,N,N,N,,,N,N,N,N,N,N,N,,,2022,8003
08,005,451110,H,735,G,4614,G,20644,46,15,9,11,8,,,N,N,N,N,N,N,N,,,2022,8005
08,007,451110,H,51,G,223,G,870,6,3,N,N,N,,,N,N,N,N,N,N,N,,,2022,8007
08,013,451110,G,738,G,4835,G,21966,54,19,18,7,7,,,N,N,N,N,N,N,N,,,2022,8013
08,014,451110,H,268,H,1330,J,7885,7,N,N,N,N,,,N,N,N,N,N,N,N,,,2022,8014
08,015,451110,G,100,G,508,G,2410,14,7,3,3,N,,,N,N,N,N,N,N,N,,,2022,8015
08,019,451110,G,10,H,76,H,354,3,N,N,N,N,,,N,N,N,N,N,N,N,,,2022,8019
08,031,451110,G,1050,G,9373,G,38339,60,20,16,14,6,,,N,N,N,N,N,N,N,,,2022,8031
08,035,451110,H,696,G,6906,G,29152,39,20,4,7,4,,,N,N,N,N,N,N,N,,,2022,8035
08,037,451110,H,646,G,5809,G,17574,61,27,10,12,11,,,N,N,N,N,N,N,N,,,2022,8037
08,041,451110,G,1360,G,10352,G,43381,62,21,14,17,4,3.0,,N,N,N,N,N,N,N,,,2022,8041
08,043,451110,J,20,H,81,J,398,3,N,N,N,N,,,N,N,N,N,N,N,N,,,2022,8043
08,045,451110,G,125,G,894,G,4058,14,8,N,3,N,,,N,N,N,N,N,N,N,,,2022,8045
08,049,451110,H,88,G,525,G,1710,11,5,3,N,N,,,N,N,N,N,N,N,N,,,2022,8049
08,051,451110,H,147,G,865,G,3389,15,7,N,3,3,,,N,N,N,N,N,N,N,,,2022,8051
08,059,451110,G,957,G,5914,G,28832,76,32,12,22,5,5.0,,N,N,N,N,N,N,N,,,2022,8059
08,065,451110,J,28,J,283,H,604,5,N,N,N,N,,,N,N,N,N,N,N,N,,,2022,8065
08,067,451110,G,151,G,1029,G,5259,15,4,6,3,N,,,N,N,N,N,N,N,N,,,2022,8067
08,069,451110,H,1339,H,9165,H,37710,56,24,12,8,5,6.0,,N,N,N,N,N,N,N,,,2022,8069
08,077,451110,G,319,H,2422,H,11316,23,11,5,3,N,,,N,N,N,N,N,N,N,,,2022,8077
08,079,451110,G,4,J,65,G,509,3,3,N,N,N,,,N,N,N,N,N,N,N,,,2022,8079
08,083,451110,G,14,H,51,H,297,3,N,N,N,N,,,N,N,N,N,N,N,N,,,2022,8083
08,085,451110,H,45,H,166,H,838,10,8,N,N,N,,,N,N,N,N,N,N,N,,,2022,8085
08,093,451110,J,6,H,21,H,74,4,4,N,N,N,,,N,N,N,N,N,N,N,,,2022,8093
08,097,451110,G,220,G,1994,G,5641,31,16,4,10,N,,,N,N,N,N,N,N,N,,,2022,8097
08,101,451110,H,133,G,642,G,3407,13,7,N,N,N,,,N,N,N,N,N,N,N,,,2022,8101
08,107,451110,G,277,G,2193,G,7751,20,5,6,6,N,,,N,N,N,N,N,N,N,,,2022,8107
08,113,451110,H,136,G,1270,G,3997,16,7,4,4,N,,,N,N,N,N,N,N,N,,,2022,8113
08,117,451110,G,583,G,4545,G,14161,56,17,16,16,7,,,N,N,N,N,N,N,N,,,2022,8117
08,119,451110,J,7,J,33,J,250,3,N,N,N,N,,,N,N,N,N,N,N,N,,,2022,8119
08,123,451110,H,143,G,1077,H,5117,14,7,3,N,N,,,N,N,N,N,N,N,N,,,2022,8123
09,110,451110,G,828,G,6636,G,29852,63,27,16,8,8,3.0,,N,N,N,N,N,N,N,,,2022,9110
09,120,451110,J,193,J,2027,J,10813,21,13,6,N,N,,,N,N,N,N,N,N,N,,,2022,9120
09,130,451110,G,125,G,723,G,3086,16,8,5,N,N,,,N,N,N,N,N,N,N,,,2022,9130
09,140,451110,J,164,J,1267,J,6084,17,6,4,3,4,,,N,N,N,N,N,N,N,,,2022,9140
09,150,451110,J,8,H,78,H,344,4,4,N,N,N,,,N,N,N,N,N,N,N,,,2022,9150
09,160,451110,H,51,H,460,H,1986,10,7,N,N,N,,,N,N,N,N,N,N,N,,,2022,9160
09,170,451110,H,390,G,2402,G,12220,35,19,5,5,4,,,N,N,N,N,N,N,N,,,2022,9170
09,180,451110,H,134,H,623,H,3543,13,9,N,N,N,,,N,N,N,N,N,N,N,,,2022,9180
09,190,451110,H,692,G,5641,G,24846,68,38,13,7,6,4.0,,N,N,N,N,N,N,N,,,2022,9190
10,001,451110,H,92,H,387,G,2873,8,5,N,N,N,,,N,N,N,N,N,N,N,,,2022,10001
10,003,451110,G,640,G,4031,G,20059,38,17,9,4,4,,,N,N,N,N,N,N,N,,,2022,10003
10,005,451110,J,95,H,475,H,3590,31,20,9,N,N,,,N,N,N,N,N,N,N,,,2022,10005
11,001,451110,H,279,H,1487,H,7077,15,7,3,N,N,,,N,N,N,N,N,N,N,,,2022,11001
12,001,451110,G,310,H,2082,H,9843,25,11,6,5,N,,,N,N,N,N,N,N,N,,,2022,12001
12,005,451110,G,166,G,1069,G,5548,22,15,3,N,N,,,N,N,N,N,N,N,N,,,2022,12005
12,009,451110,G,491,G,3385,G,14895,70,47,15,3,N,3.0,,N,N,N,N,N,N,N,,,2022,12009
12,011,451110,G,1095,G,8732,G,41403,131,80,24,13,10,3.0,,N,N,N,N,N,N,N,,,2022,12011
12,015,451110,J,61,G,320,G,1433,19,14,5,N,N,,,N,N,N,N,N,N,N,,,2022,12015
12,017,451110,H,53,G,356,G,1517,19,17,N,N,N,,,N,N,N,N,N,N,N,,,2022,12017
12,019,451110,J,142,H,801,H,3711,10,6,N,N,N,,,N,N,N,N,N,N,N,,,2022,12019
12,021,451110,G,339,G,2305,G,9790,38,22,8,3,4,,,N,N,N,N,N,N,N,,,2022,12021
12,023,451110,J,81,H,349,H,1428,6,3,N,N,N,,,N,N,N,N,N,N,N,,,2022,12023
12,031,451110,G,840,G,7382,G,29282,63,25,20,9,4,5.0,,N,N,N,N,N,N,N,,,2022,12031
12,033,451110,G,274,G,1744,G,7940,22,10,6,N,N,,,N,N,N,N,N,N,N,,,2022,12033
12,035,451110,H,33,H,156,H,712,10,7,3,N,N,,,N,N,N,N,N,N,N,,,2022,12035
12,037,451110,H,23,G,163,G,853,6,3,3,N,N,,,N,N,N,N,N,N,N,,,2022,12037
12,045,451110,G,9,G,53,H,223,3,N,N,N,N,,,N,N,N,N,N,N,N,,,2022,12045
12,053,451110,H,48,G,186,H,1239,6,5,N,N,N,,,N,N,N,N,N,N,N,,,2022,12053
12,055,451110,G,12,H,71,G,343,5,5,N,N,N,,,N,N,N,N,N,N,N,,,2022,12055
12,057,451110,G,828,G,5550,G,27201,86,52,19,4,7,3.0,,N,N,N,N,N,N,N,,,2022,12057
12,061,451110,G,84,G,603,G,2713,16,7,8,N,N,,,N,N,N,N,N,N,N,,,2022,12061
12,069,451110,G,155,G,949,G,4064,27,18,5,3,N,,,N,N,N,N,N,N,N,,,2022,12069
12,071,451110,H,575,H,4444,H,20121,59,33,14,4,7,,,N,N,N,N,N,N,N,,,2022,12071
12,073,451110,G,292,G,1958,G,9124,22,8,7,3,N,,,N,N,N,N,N,N,N,,,2022,12073
12,081,451110,H,198,H,1241,H,5576,26,11,11,N,N,,,N,N,N,N,N,N,N,,,2022,12081
12,083,451110,G,194,G,1260,G,5728,21,12,4,N,4,,,N,N,N,N,N,N,N,,,2022,12083
12,085,451110,H,203,G,1202,G,5616,33,20,8,N,3,,,N,N,N,N,N,N,N,,,2022,12085
12,086,451110,G,961,G,7932,G,35579,164,102,40,12,8,,,N,N,N,N,N,N,N,,,2022,12086
12,087,451110,G,291,G,2427,G,10163,40,18,16,3,3,,,N,N,N,N,N,N,N,,,2022,12087
12,089,451110,G,26,H,225,H,1098,7,4,3,N,N,,,N,N,N,N,N,N,N,,,2022,12089
12,091,451110,J,247,H,2518,H,10602,29,13,9,6,N,,,N,N,N,N,N,N,N,,,2022,12091
12,093,451110,J,9,H,76,H,306,3,N,N,N,N,,,N,N,N,N,N,N,N,,,2022,12093
12,095,451110,G,937,G,7047,G,31383,89,46,18,12,8,5.0,,N,N,N,N,N,N,N,,,2022,12095
12,097,451110,H,111,H,694,H,3132,12,7,3,N,N,,,N,N,N,N,N,N,N,,,2022,12097
12,099,451110,G,1054,G,7889,G,37031,142,80,36,17,6,3.0,,N,N,N,N,N,N,N,,,2022,12099
12,101,451110,G,142,G,849,G,3977,26,18,4,3,N,,,N,N,N,N,N,N,N,,,2022,12101
12,103,451110,G,720,G,4886,G,22290,110,56,32,16,4,,,N,N,N,N,N,N,N,,,2022,12103
12,105,451110,G,231,G,1117,G,5484,38,28,5,3,N,,,N,N,N,N,N,N,N,,,2022,12105
12,107,451110,G,7,H,49,G,477,4,4,N,N,N,,,N,N,N,N,N,N,N,,,2022,12107
12,109,451110,H,178,H,903,H,4240,24,12,7,3,N,,,N,N,N,N,N,N,N,,,2022,12109
12,111,451110,J,180,J,1578,J,6754,15,7,7,N,N,,,N,N,N,N,N,N,N,,,2022,12111
12,113,451110,H,98,G,594,G,3168,13,4,4,5,N,,,N,N,N,N,N,N,N,,,2022,12113
12,115,451110,H,336,G,2142,G,8979,43,25,10,6,N,,,N,N,N,N,N,N,N,,,2022,12115
12,117,451110,G,304,G,1935,G,8516,40,22,13,N,N,,,N,N,N,N,N,N,N,,,2022,12117
12,119,451110,H,69,H,626,H,2559,13,7,3,3,N,,,N,N,N,N,N,N,N,,,2022,12119
12,127,451110,G,442,G,3250,G,15082,55,33,14,3,3,,,N,N,N,N,N,N,N,,,2022,12127
12,131,451110,H,58,G,464,G,2251,11,7,N,3,N,,,N,N,N,N,N,N,N,,,2022,12131
13,009,451110,J,10,H,91,H,384,4,4,N,N,N,,,N,N,N,N,N,N,N,,,2022,13009
13,015,451110,H,102,H,538,H,2114,6,3,N,N,N,,,N,N,N,N,N,N,N,,,2022,13015
13,021,451110,H,170,H,940,H,4456,11,N,6,N,N,,,N,N,N,N,N,N,N,,,2022,13021
13,031,451110,J,35,G,166,G,861,7,5,N,N,N,,,N,N,N,N,N,N,N,,,2022,13031
13,045,451110,J,34,J,238,J,1122,3,N,N,N,N,,,N,N,N,N,N,N,N,,,2022,13045
13,051,451110,G,290,G,1814,G,9171,29,17,6,N,3,,,N,N,N,N,N,N,N,,,2022,13051
13,057,451110,H,238,H,1636,H,8146,12,4,N,4,N,,,N,N,N,N,N,N,N,,,2022,13057
13,059,451110,G,186,G,1132,G,5238,10,4,N,N,N,,,N,N,N,N,N,N,N,,,2022,13059
13,063,451110,G,29,H,222,H,934,6,3,N,N,N,,,N,N,N,N,N,N,N,,,2022,13063
13,067,451110,H,829,G,5660,G,24173,43,18,7,8,4,5.0,,N,N,N,N,N,N,N,,,2022,13067
13,073,451110,G,150,G,1010,G,4050,9,3,N,3,N,,,N,N,N,N,N,N,N,,,2022,13073
13,077,451110,J,155,J,757,J,3484,4,N,N,N,N,,,N,N,N,N,N,N,N,,,2022,13077
13,089,451110,H,288,H,1597,H,7261,17,7,3,3,N,,,N,N,N,N,N,N,N,,,2022,13089
13,095,451110,G,15,J,116,J,444,3,N,N,N,N,,,N,N,N,N,N,N,N,,,2022,13095
13,097,451110,G,121,G,711,G,2851,3,N,N,N,N,,,N,N,N,N,N,N,N,,,2022,13097
13,111,451110,G,24,G,54,G,269,4,N,N,N,N,,,N,N,N,N,N,N,N,,,2022,13111
13,113,451110,H,95,G,555,G,2752,8,N,N,4,N,,,N,N,N,N,N,N,N,,,2022,13113
13,115,451110,H,40,G,308,G,1360,8,5,N,N,N,,,N,N,N,N,N,N,N,,,2022,13115
13,117,451110,G,529,H,3577,H,16712,16,5,4,4,N,,,N,N,N,N,N,N,N,,,2022,13117
13,121,451110,G,722,G,6518,G,27050,67,29,20,11,3,4.0,,N,N,N,N,N,N,N,,,2022,13121
13,127,451110,H,94,H,508,H,1845,10,7,N,N,N,,,N,N,N,N,N,N,N,,,2022,13127
13,135,451110,G,754,G,5545,G,25061,46,27,3,5,5,5.0,,N,N,N,N,N,N,N,,,2022,13135
13,139,451110,J,205,H,1042,H,5068,14,8,N,3,N,,,N,N,N,N,N,N,N,,,2022,13139
13,151,451110,H,158,H,703,H,3590,7,N,3,N,N,,,N,N,N,N,N,N,N,,,2022,13151
13,153,451110,G,119,G,715,G,3115,8,N,3,N,N,,,N,N,N,N,N,N,N,,,2022,13153
13,185,451110,H,99,H,562,H,2250,4,N,N,N,N,,,N,N,N,N,N,N,N,,,2022,13185
13,215,451110,H,200,H,871,H,4295,12,5,4,N,N,,,N,N,N,N,N,N,N,,,2022,13215
13,217,451110,J,13,J,92,J,498,3,N,N,N,N,,,N,N,N,N,N,N,N,,,2022,13217
13,223,451110,J,80,J,418,J,1983,3,N,N,N,N,,,N,N,N,N,N,N,N,,,2022,13223
13,245,451110,H,228,G,1447,G,7063,13,N,4,4,N,,,N,N,N,N,N,N,N,,,2022,13245
13,247,451110,J,8,J,79,J,203,3,N,N,N,N,,,N,N,N,N,N,N,N,,,2022,13247
13,255,451110,J,10,G,65,G,274,4,4,N,N,N,,,N,N,N,N,N,N,N,,,2022,13255
13,275,451110,H,32,J,209,H,903,5,3,N,N,N,,,N,N,N,N,N,N,N,,,2022,13275
13,285,451110,J,45,H,198,H,836,4,N,3,N,N,,,N,N,N,N,N,N,N,,,2022,13285
13,291,451110,J,13,G,60,G,262,6,5,N,N,N,,,N,N,N,N,N,N,N,,,2022,13291
13,299,451110,H,31,H,161,H,628,3,N,N,N,N,,,N,N,N,N,N,N,N,,,2022,13299
13,311,451110,G,12,G,55,G,252,3,N,N,N,N,,,N,N,N,N,N,N,N,,,2022,13311
15,001,451110,H,131,H,929,H,4223,16,10,N,N,N,,,N,N,N,N,N,N,N,,,2022,15001
15,003,451110,G,540,G,3368,G,15353,82,44,22,10,6,,,N,N,N,N,N,N,N,,,2022,15003
15,007,451110,H,28,H,224,H,893,7,4,3,N,N,,,N,N,N,N,N,N,N,,,2022,15007
15,009,451110,G,178,G,1331,G,5095,21,9,4,7,N,,,N,N,N,N,N,N,N,,,2022,15009
16,001,451110,G,852,G,5638,G,26688,60,17,15,18,7,,,N,N,N,N,N,N,N,,,2022,16001
16,005,451110,H,196,G,851,G,4033,13,6,N,N,3,,,N,N,N,N,N,N,N,,,2022,16005
16,013,451110,H,152,H,1010,H,4817,14,6,N,6,N,,,N,N,N,N,N,N,N,,,2022,16013
16,017,451110,J,61,H,353,H,1271,8,4,N,N,N,,,N,N,N,N,N,N,N,,,2022,16017
16,019,451110,G,436,G,2266,G,10434,22,6,5,7,N,,,N,N,N,N,N,N,N,,,2022,16019
16,027,451110,G,254,H,1271,H,6830,21,10,5,3,N,,,N,N,N,N,N,N,N,,,2022,16027
16,037,451110,G,8,J,13,J,398,3,N,N,N,N,,,N,N,N,N,N,N,N,,,2022,16037
16,049,451110,J,7,J,43,H,219,4,3,N,N,N,,,N,N,N,N,N,N,N,,,2022,16049
16,055,451110,H,364,H,2761,H,13759,22,11,N,6,N,,,N,N,N,N,N,N,N,,,2022,16055
16,057,451110,H,89,H,538,H,2351,7,3,N,N,N,,,N,N,N,N,N,N,N,,,2022,16057
16,065,451110,H,29,G,298,G,1431,4,N,N,N,N,,,N,N,N,N,N,N,N,,,2022,16065
16,069,451110,J,73,J,393,J,1618,7,4,N,N,N,,,N,N,N,N,N,N,N,,,2022,16069
16,079,451110,G,6,J,8,H,31,3,N,N,N,N,,,N,N,N,N,N,N,N,,,2022,16079
16,081,451110,H,51,G,239,G,1185,5,N,N,N,N,,,N,N,N,N,N,N,N,,,2022,16081
16,083,451110,H,165,G,780,G,4419,11,5,N,N,N,,,N,N,N,N,N,N,N,,,2022,16083
16,085,451110,H,35,G,253,G,1046,4,N,N,N,N,,,N,N,N,N,N,N,N,,,2022,16085
17,001,451110,H,75,G,302,G,1940,6,3,N,N,N,,,N,N,N,N,N,N,N,,,2022,17001
17,019,451110,H,119,H,542,H,3109,7,N,4,N,N,,,N,N,N,N,N,N,N,,,2022,17019
17,031,451110,G,2132,G,14773,G,71126,207,109,38,34,18,5.0,3.0,N,N,N,N,N,N,N,,,2022,17031
17,037,451110,J,5,H,42,G,191,4,4,N,N,N,,,N,N,N,N,N,N,N,,,2022,17037
17,043,451110,H,1091,J,11244,H,45701,63,28,16,8,6,,3.0,N,N,N,N,N,N,N,,,2022,17043
17,063,451110,G,9,H,33,H,171,4,4,N,N,N,,,N,N,N,N,N,N,N,,,2022,17063
17,077,451110,H,52,H,187,H,1142,4,3,N,N,N,,,N,N,N,N,N,N,N,,,2022,17077
17,081,451110,J,25,J,103,J,574,3,N,N,N,N,,,N,N,N,N,N,N,N,,,2022,17081
17,089,451110,G,405,G,1883,G,11064,28,10,11,N,N,3.0,,N,N,N,N,N,N,N,,,2022,17089
17,091,451110,G,62,G,217,H,1261,4,N,N,N,N,,,N,N,N,N,N,N,N,,,2022,17091
17,097,451110,G,582,H,3809,G,18296,48,25,8,9,N,3.0,,N,N,N,N,N,N,N,,,2022,17097
17,099,451110,G,32,H,200,H,952,6,3,N,N,N,,,N,N,N,N,N,N,N,,,2022,17099
17,111,451110,G,108,H,549,G,2695,13,6,4,N,N,,,N,N,N,N,N,N,N,,,2022,17111
17,113,451110,H,198,H,1478,H,7150,11,5,N,N,N,,,N,N,N,N,N,N,N,,,2022,17113
17,115,451110,H,39,G,158,H,742,8,5,N,N,N,,,N,N,N,N,N,N,N,,,2022,17115
17,119,451110,G,77,G,647,G,2925,13,6,5,N,N,,,N,N,N,N,N,N,N,,,2022,17119
17,121,451110,H,33,G,223,G,1143,5,3,N,N,N,,,N,N,N,N,N,N,N,,,2022,17121
17,143,451110,G,156,G,868,G,4138,13,5,N,4,N,,,N,N,N,N,N,N,N,,,2022,17143
17,161,451110,J,79,H,401,H,2011,8,5,N,N,N,,,N,N,N,N,N,N,N,,,2022,17161
17,163,451110,J,196,J,965,J,4599,12,5,3,N,N,,,N,N,N,N,N,N,N,,,2022,17163
17,167,451110,J,361,J,2791,J,10748,13,10,N,N,N,,,N,N,N,N,N,N,N,,,2022,17167
17,177,451110,J,4,J,15,G,66,3,3,N,N,N,,,N,N,N,N,N,N,N,,,2022,17177
17,179,451110,G,173,H,1628,H,7359,7,N,N,N,N,,,N,N,N,N,N,N,N,,,2022,17179
17,195,451110,G,27,G,138,H,651,4,N,N,N,N,,,N,N,N,N,N,N,N,,,2022,17195
17,197,451110,G,515,H,3310,H,16018,33,16,6,4,4,,,N,N,N,N,N,N,N,,,2022,17197
17,199,451110,G,9,J,64,G,480,4,3,N,N,N,,,N,N,N,N,N,N,N,,,2022,17199
17,201,451110,G,186,G,878,H,4587,19,10,6,N,N,,,N,N,N,N,N,N,N,,,2022,17201
18,001,451110,J,8,J,35,J,159,3,N,N,N,N,,,N,N,N,N,N,N,N,,,2022,18001
18,003,451110,G,355,G,1975,G,9658,35,16,7,8,3,,,N,N,N,N,N,N,N,,,2022,18003
18,005,451110,J,35,G,200,G,1028,6,3,N,N,N,,,N,N,N,N,N,N,N,,,2022,18005
18,011,451110,G,12,J,77,H,414,3,N,N,N,N,,,N,N,N,N,N,N,N,,,2022,18011
18,017,451110,J,17,H,87,J,414,4,N,N,N,N,,,N,N,N,N,N,N,N,,,2022,18017
18,019,451110,J,256,J,2224,H,10180,7,N,3,N,N,,,N,N,N,N,N,N,N,,,2022,18019
18,029,451110,G,6,H,26,H,124,3,N,N,N,N,,,N,N,N,N,N,N,N,,,2022,18029
18,033,451110,G,55,H,459,H,1943,6,3,N,N,N,,,N,N,N,N,N,N,N,,,2022,18033
18,035,451110,H,54,H,214,H,1389,6,5,N,N,N,,,N,N,N,N,N,N,N,,,2022,18035
18,037,451110,H,27,H,185,H,809,7,5,N,N,N,,,N,N,N,N,N,N,N,,,2022,18037
18,039,451110,J,92,H,635,H,2815,17,7,9,N,N,,,N,N,N,N,N,N,N,,,2022,18039
18,041,451110,G,3,J,17,J,90,3,3,N,N,N,,,N,N,N,N,N,N,N,,,2022,18041
18,043,451110,J,25,H,181,H,784,5,3,N,N,N,,,N,N,N,N,N,N,N,,,2022,18043
18,053,451110,G,16,J,69,H,330,3,N,N,N,N,,,N,N,N,N,N,N,N,,,2022,18053
18,055,451110,G,9,G,36,G,163,4,3,N,N,N,,,N,N,N,N,N,N,N,,,2022,18055
18,057,451110,G,383,H,2518,G,12891,22,8,7,N,N,,,N,N,N,N,N,N,N,,,2022,18057
18,059,451110,J,17,J,80,H,389,3,N,N,N,N,,,N,N,N,N,N,N,N,,,2022,18059
18,063,451110,J,125,J,497,J,3007,6,N,N,N,N,,,N,N,N,N,N,N,N,,,2022,18063
18,067,451110,J,52,H,200,H,985,4,N,N,N,N,,,N,N,N,N,N,N,N,,,2022,18067
18,069,451110,J,5,J,20,H,103,3,3,N,N,N,,,N,N,N,N,N,N,N,,,2022,18069
18,071,451110,G,20,G,153,G,759,3,N,N,N,N,,,N,N,N,N,N,N,N,,,2022,18071
18,081,451110,G,203,G,961,G,5217,12,6,N,N,N,,,N,N,N,N,N,N,N,,,2022,18081
18,085,451110,G,35,G,212,G,1386,10,7,N,N,N,,,N,N,N,N,N,N,N,,,2022,18085
18,087,451110,G,21,H,284,G,1224,8,5,3,N,N,,,N,N,N,N,N,N,N,,,2022,18087
18,089,451110,G,375,H,2565,H,11926,25,10,7,4,N,,,N,N,N,N,N,N,N,,,2022,18089
18,091,451110,J,14,J,86,J,469,4,3,N,N,N,,,N,N,N,N,N,N,N,,,2022,18091
18,095,451110,G,29,G,137,G,607,5,3,N,N,N,,,N,N,N,N,N,N,N,,,2022,18095
18,097,451110,G,667,H,5659,H,24382,48,17,15,7,5,4.0,,N,N,N,N,N,N,N,,,2022,18097
18,105,451110,G,85,G,472,G,2544,10,6,N,N,N,,,N,N,N,N,N,N,N,,,2022,18105
18,109,451110,J,11,G,33,G,109,4,3,N,N,N,,,N,N,N,N,N,N,N,,,2022,18109
18,127,451110,H,218,H,1649,H,7898,8,4,N,N,N,,,N,N,N,N,N,N,N,,,2022,18127
18,141,451110,G,176,G,1068,H,5426,23,14,5,N,N,,,N,N,N,N,N,N,N,,,2022,18141
18,151,451110,H,40,G,166,G,720,7,3,3,N,N,,,N,N,N,N,N,N,N,,,2022,18151
18,157,451110,H,115,H,514,H,3002,7,3,N,N,N,,,N,N,N,N,N,N,N,,,2022,18157
18,163,451110,G,182,G,906,G,4003,14,3,4,5,N,,,N,N,N,N,N,N,N,,,2022,18163
18,167,451110,J,132,H,662,H,2971,10,5,N,N,N,,,N,N,N,N,N,N,N,,,2022,18167
18,173,451110,J,19,J,94,H,468,4,N,N,N,N,,,N,N,N,N,N,N,N,,,2022,18173
18,177,451110,J,80,G,333,H,1879,4,N,N,N,N,,,N,N,N,N,N,N,N,,,2022,18177
18,183,451110,G,23,G,103,G,553,4,N,3,N,N,,,N,N,N,N,N,N,N,,,2022,18183
19,013,451110,H,253,H,2187,H,8184,12,6,N,N,N,,,N,N,N,N,N,N,N,,,2022,19013
19,027,451110,J,8,G,25,G,111,3,3,N,N,N,,,N,N,N,N,N,N,N,,,2022,19027
19,033,451110,J,78,G,540,G,2462,7,N,N,N,N,,,N,N,N,N,N,N,N,,,2022,19033
19,041,451110,H,33,G,167,G,734,6,5,N,N,N,,,N,N,N,N,N,N,N,,,2022,19041
19,045,451110,J,4,J,16,J,77,3,3,N,N,N,,,N,N,N,N,N,N,N,,,2022,19045
19,049,451110,J,531,J,6456,J,20906,9,6,N,N,N,,,N,N,N,N,N,N,N,,,2022,19049
19,057,451110,J,65,J,250,J,1342,3,N,N,N,N,,,N,N,N,N,N,N,N,,,2022,19057
19,061,451110,H,125,H,455,H,2466,11,7,N,3,N,,,N,N,N,N,N,N,N,,,2022,19061
19,103,451110,J,408,J,3216,J,11592,14,7,N,4,N,,,N,N,N,N,N,N,N,,,2022,19103
19,113,451110,G,169,G,881,G,4332,18,8,5,3,N,,,N,N,N,N,N,N,N,,,2022,19113
19,127,451110,G,11,J,69,H,334,3,N,N,N,N,,,N,N,N,N,N,N,N,,,2022,19127
19,139,451110,G,5,G,30,G,113,3,3,N,N,N,,,N,N,N,N,N,N,N,,,2022,19139
19,153,451110,H,646,H,3991,H,18565,48,23,10,7,4,3.0,,N,N,N,N,N,N,N,,,2022,19153
19,155,451110,G,149,H,1158,H,5565,5,3,N,N,N,,,N,N,N,N,N,N,N,,,2022,19155
19,163,451110,J,185,H,725,J,4574,10,5,4,N,N,,,N,N,N,N,N,N,N,,,2022,19163
19,169,451110,G,88,H,506,H,2348,6,N,N,N,N,,,N,N,N,N,N,N,N,,,2022,19169
19,193,451110,J,255,J,1999,J,7004,5,N,N,N,N,,,N,N,N,N,N,N,N,,,2022,19193
20,037,451110,G,61,G,325,G,1470,3,N,N,N,N,,,N,N,N,N,N,N,N,,,2022,20037
20,045,451110,H,113,H,508,H,2765,11,6,N,N,N,,,N,N,N,N,N,N,N,,,2022,20045
20,051,451110,J,17,H,45,G,255,3,N,N,N,N,,,N,N,N,N,N,N,N,,,2022,20051
20,055,451110,J,46,J,186,J,1189,3,N,N,N,N,,,N,N,N,N,N,N,N,,,2022,20055
20,091,451110,H,1114,H,8051,H,32080,41,14,10,5,5,4.0,,N,N,N,N,N,N,N,,,2022,20091
20,103,451110,J,10,G,61,H,240,3,N,N,N,N,,,N,N,N,N,N,N,N,,,2022,20103
20,111,451110,J,7,G,26,G,120,3,3,N,N,N,,,N,N,N,N,N,N,N,,,2022,20111
20,113,451110,J,13,H,126,G,433,3,N,N,N,N,,,N,N,N,N,N,N,N,,,2022,20113
20,155,451110,H,34,H,201,H,924,5,3,N,N,N,,,N,N,N,N,N,N,N,,,2022,20155
20,161,451110,H,127,H,602,H,2814,6,N,N,N,N,,,N,N,N,N,N,N,N,,,2022,20161
20,169,451110,J,99,J,360,J,1983,6,3,N,N,N,,,N,N,N,N,N,N,N,,,2022,20169
20,173,451110,H,1158,H,16465,H,68420,36,19,5,4,N,4.0,,N,N,N,N,N,N,N,,,2022,20173
20,177,451110,H,128,H,705,H,3093,8,4,N,N,N,,,N,N,N,N,N,N,N,,,2022,20177
20,209,451110,H,197,H,1667,H,7703,9,5,N,N,N,,,N,N,N,N,N,N,N,,,2022,20209
21,015,451110,H,165,G,652,H,4043,9,3,3,N,N,,,N,N,N,N,N,N,N,,,2022,21015
21,019,451110,G,197,G,861,G,4174,5,N,N,N,N,,,N,N,N,N,N,N,N,,,2022,21019
21,035,451110,J,12,H,87,G,321,4,3,N,N,N,,,N,N,N,N,N,N,N,,,2022,21035
21,037,451110,J,82,J,347,J,1790,4,N,N,N,N,,,N,N,N,N,N,N,N,,,2022,21037
21,047,451110,J,11,J,71,H,325,4,3,N,N,N,,,N,N,N,N,N,N,N,,,2022,21047
21,059,451110,G,87,H,705,H,2788,8,5,N,N,N,,,N,N,N,N,N,N,N,,,2022,21059
21,067,451110,G,460,G,2658,G,13292,27,7,13,N,N,3.0,,N,N,N,N,N,N,N,,,2022,21067
21,071,451110,J,5,J,102,H,466,3,3,N,N,N,,,N,N,N,N,N,N,N,,,2022,21071
21,073,451110,J,47,H,203,H,1163,4,3,N,N,N,,,N,N,N,N,N,N,N,,,2022,21073
21,093,451110,J,128,H,745,H,2998,9,4,N,N,N,,,N,N,N,N,N,N,N,,,2022,21093
21,111,451110,G,670,G,3963,G,19501,51,27,9,4,7,4.0,,N,N,N,N,N,N,N,,,2022,21111
21,117,451110,H,77,H,516,H,2200,8,4,N,N,N,,,N,N,N,N,N,N,N,,,2022,21117
21,125,451110,G,12,H,75,J,271,3,N,N,N,N,,,N,N,N,N,N,N,N,,,2022,21125
21,145,451110,H,148,H,853,G,4031,11,5,N,N,N,,,N,N,N,N,N,N,N,,,2022,21145
21,151,451110,H,69,H,276,H,1553,7,4,N,N,N,,,N,N,N,N,N,N,N,,,2022,21151
21,161,451110,J,18,J,85,J,401,3,N,N,N,N,,,N,N,N,N,N,N,N,,,2022,21161
21,185,451110,G,41,G,282,G,1409,6,3,N,N,N,,,N,N,N,N,N,N,N,,,2022,21185
21,199,451110,J,38,H,186,G,1213,8,5,N,N,N,,,N,N,N,N,N,N,N,,,2022,21199
21,211,451110,J,12,H,42,H,218,3,N,N,N,N,,,N,N,N,N,N,N,N,,,2022,21211
21,217,451110,J,19,J,128,J,603,4,3,N,N,N,,,N,N,N,N,N,N,N,,,2022,21217
21,227,451110,H,191,H,1262,H,6186,9,N,N,3,N,,,N,N,N,N,N,N,N,,,2022,21227
21,235,451110,J,20,H,165,H,621,4,N,3,N,N,,,N,N,N,N,N,N,N,,,2022,21235
22,015,451110,H,217,H,1417,H,6238,11,4,5,N,N,,,N,N,N,N,N,N,N,,,2022,22015
22,017,451110,H,187,H,902,H,3958,14,7,3,N,N,,,N,N,N,N,N,N,N,,,2022,22017
22,019,451110,H,163,H,766,H,3609,7,N,3,N,N,,,N,N,N,N,N,N,N,,,2022,22019
22,033,451110,G,379,G,1935,G,8112,26,9,10,N,N,3.0,,N,N,N,N,N,N,N,,,2022,22033
22,051,451110,H,500,H,2778,H,13347,27,8,10,N,3,4.0,,N,N,N,N,N,N,N,,,2022,22051
22,055,451110,G,394,G,1989,G,8980,24,11,6,N,N,,,N,N,N,N,N,N,N,,,2022,22055
22,057,451110,H,84,H,375,H,1457,4,N,N,N,N,,,N,N,N,N,N,N,N,,,2022,22057
22,063,451110,G,207,H,1282,H,5924,5,N,N,N,N,,,N,N,N,N,N,N,N,,,2022,22063
22,067,451110,J,105,J,784,J,3868,3,N,N,N,N,,,N,N,N,N,N,N,N,,,2022,22067
22,071,451110,J,26,H,159,G,640,9,8,N,N,N,,,N,N,N,N,N,N,N,,,2022,22071
22,073,451110,H,204,G,1137,G,5007,10,N,4,N,N,,,N,N,N,N,N,N,N,,,2022,22073
22,075,451110,G,12,G,55,G,251,3,N,N,N,N,,,N,N,N,N,N,N,N,,,2022,22075
22,079,451110,G,124,G,808,G,3100,11,6,N,3,N,,,N,N,N,N,N,N,N,,,2022,22079
22,097,451110,G,9,H,58,H,260,3,3,N,N,N,,,N,N,N,N,N,N,N,,,2022,22097
22,103,451110,H,291,G,1616,H,6988,25,14,7,N,N,,,N,N,N,N,N,N,N,,,2022,22103
22,105,451110,H,123,G,819,G,3406,9,4,N,N,N,,,N,N,N,N,N,N,N,,,2022,22105
22,109,451110,H,102,H,607,H,2458,7,4,N,N,N,,,N,N,N,N,N,N,N,,,2022,22109
22,113,451110,J,34,G,241,G,761,6,N,3,N,N,,,N,N,N,N,N,N,N,,,2022,22113
22,115,451110,G,22,G,140,G,547,4,N,N,N,N,,,N,N,N,N,N,N,N,,,2022,22115
22,121,451110,G,52,G,330,G,1536,4,N,N,N,N,,,N,N,N,N,N,N,N,,,2022,22121
23,001,451110,G,58,H,288,G,1183,13,7,4,N,N,,,N,N,N,N,N,N,N,,,2022,23001
23,003,451110,G,15,H,47,G,197,4,N,N,N,N,,,N,N,N,N,N,N,N,,,2022,23003
23,005,451110,G,803,G,6275,H,75778,49,22,13,5,6,,,N,N,N,N,N,N,N,,,2022,23005
23,007,451110,J,15,G,110,G,517,4,3,N,N,N,,,N,N,N,N,N,N,N,,,2022,23007
23,009,451110,G,75,H,608,H,2871,8,3,N,N,N,,,N,N,N,N,N,N,N,,,2022,23009
23,011,451110,J,122,H,715,H,3628,9,3,N,N,N,,,N,N,N,N,N,N,N,,,2022,23011
23,013,451110,G,32,G,247,G,1119,6,3,N,N,N,,,N,N,N,N,N,N,N,,,2022,23013
23,015,451110,J,5,J,35,J,204,3,3,N,N,N,,,N,N,N,N,N,N,N,,,2022,23015
23,017,451110,J,64,J,519,J,1895,9,7,N,N,N,,,N,N,N,N,N,N,N,,,2022,23017
23,019,451110,G,203,G,1198,G,5879,20,10,5,N,N,,,N,N,N,N,N,N,N,,,2022,23019
23,025,451110,G,6,J,47,H,279,3,N,N,N,N,,,N,N,N,N,N,N,N,,,2022,23025
23,031,451110,H,349,H,3630,H,12640,12,8,N,N,N,,,N,N,N,N,N,N,N,,,2022,23031
24,001,451110,G,63,G,394,G,1928,9,6,N,N,N,,,N,N,N,N,N,N,N,,,2022,24001
24,003,451110,H,527,H,4847,H,20683,35,17,6,6,3,,,N,N,N,N,N,N,N,,,2022,24003
24,005,451110,G,508,G,3109,G,14698,45,24,10,4,3,4.0,,N,N,N,N,N,N,N,,,2022,24005
24,009,451110,J,16,J,43,H,200,4,N,N,N,N,,,N,N,N,N,N,N,N,,,2022,24009
24,013,451110,G,112,G,482,G,2587,10,N,7,N,N,,,N,N,N,N,N,N,N,,,2022,24013
24,015,451110,J,13,G,107,G,490,3,N,N,N,N,,,N,N,N,N,N,N,N,,,2022,24015
24,017,451110,G,84,G,490,G,2730,3,N,N,N,N,,,N,N,N,N,N,N,N,,,2022,24017
24,021,451110,G,177,G,792,H,4206,15,6,4,4,N,,,N,N,N,N,N,N,N,,,2022,24021
24,023,451110,J,36,J,286,J,832,3,N,N,N,N,,,N,N,N,N,N,N,N,,,2022,24023
24,025,451110,G,116,G,652,G,3457,11,4,6,N,N,,,N,N,N,N,N,N,N,,,2022,24025
24,027,451110,J,335,H,1832,H,10262,16,5,N,3,3,3.0,,N,N,N,N,N,N,N,,,2022,24027
24,031,451110,G,499,H,3160,H,15423,39,16,13,6,N,3.0,,N,N,N,N,N,N,N,,,2022,24031
24,033,451110,H,111,G,646,G,2888,12,5,4,N,N,,,N,N,N,N,N,N,N,,,2022,24033
24,035,451110,J,15,G,113,G,523,3,N,N,N,N,,,N,N,N,N,N,N,N,,,2022,24035
24,037,451110,H,69,H,244,H,1450,4,N,N,N,N,,,N,N,N,N,N,N,N,,,2022,24037
24,041,451110,G,58,H,331,H,1806,8,5,N,N,N,,,N,N,N,N,N,N,N,,,2022,24041
24,043,451110,J,30,J,315,J,1381,12,9,3,N,N,,,N,N,N,N,N,N,N,,,2022,24043
24,045,451110,J,63,H,317,H,2002,5,4,N,N,N,,,N,N,N,N,N,N,N,,,2022,24045
24,047,451110,J,41,J,310,H,1625,13,9,4,N,N,,,N,N,N,N,N,N,N,,,2022,24047
24,510,451110,H,77,G,500,G,2437,11,5,3,3,N,,,N,N,N,N,N,N,N,,,2022,24510
25,001,451110,G,170,G,1143,G,6977,43,26,13,4,N,,,N,N,N,N,N,N,N,,,2022,25001
25,003,451110,G,121,G,821,G,4013,17,10,N,4,N,,,N,N,N,N,N,N,N,,,2022,25003
25,005,451110,G,489,G,2854,G,15169,40,18,10,5,4,3.0,,N,N,N,N,N,N,N,,,2022,25005
25,007,451110,G,1,J,3,G,246,3,3,N,N,N,,,N,N,N,N,N,N,N,,,2022,25007
25,009,451110,J,338,H,2128,H,11010,37,20,10,4,N,,,N,N,N,N,N,N,N,,,2022,25009
25,011,451110,G,9,H,74,H,401,4,4,N,N,N,,,N,N,N,N,N,N,N,,,2022,25011
25,013,451110,H,153,G,993,G,5180,27,18,7,N,N,,,N,N,N,N,N,N,N,,,2022,25013
25,015,451110,G,170,G,913,G,4363,13,6,N,N,N,,,N,N,N,N,N,N,N,,,2022,25015
25,017,451110,G,1456,G,12799,G,54932,111,47,27,20,10,4.0,3.0,N,N,N,N,N,N,N,,,2022,25017
25,019,451110,J,13,G,139,G,1218,7,5,N,N,N,,,N,N,N,N,N,N,N,,,2022,25019
25,021,451110,H,775,G,7252,G,30340,47,20,6,10,7,3.0,,N,N,N,N,N,N,N,,,2022,25021
25,023,451110,G,372,H,2241,G,10442,36,21,8,3,N,3.0,,N,N,N,N,N,N,N,,,2022,25023
25,025,451110,J,261,J,3120,J,11514,18,8,4,4,N,,,N,N,N,N,N,N,N,,,2022,25025
25,027,451110,G,552,G,3230,G,16049,48,26,8,6,5,3.0,,N,N,N,N,N,N,N,,,2022,25027
26,001,451110,G,8,H,44,G,215,3,N,N,N,N,,,N,N,N,N,N,N,N,,,2022,26001
26,005,451110,G,21,G,116,G,519,3,N,N,N,N,,,N,N,N,N,N,N,N,,,2022,26005
26,007,451110,J,21,J,82,J,397,3,N,N,N,N,,,N,N,N,N,N,N,N,,,2022,26007
26,009,451110,G,4,G,44,G,373,3,3,N,N,N,,,N,N,N,N,N,N,N,,,2022,26009
26,015,451110,H,27,H,169,H,701,5,4,N,N,N,,,N,N,N,N,N,N,N,,,2022,26015
26,017,451110,H,143,H,908,H,4727,10,5,N,N,N,,,N,N,N,N,N,N,N,,,2022,26017
26,021,451110,J,42,J,206,H,1414,11,9,N,N,N,,,N,N,N,N,N,N,N,,,2022,26021
26,023,451110,G,28,G,122,G,564,4,N,N,N,N,,,N,N,N,N,N,N,N,,,2022,26023
26,025,451110,H,65,G,320,G,1490,8,3,N,4,N,,,N,N,N,N,N,N,N,,,2022,26025
26,029,451110,G,3,H,22,H,115,3,3,N,N,N,,,N,N,N,N,N,N,N,,,2022,26029
26,031,451110,J,22,J,83,J,478,3,N,N,N,N,,,N,N,N,N,N,N,N,,,2022,26031
26,033,451110,J,18,J,63,J,353,3,N,N,N,N,,,N,N,N,N,N,N,N,,,2022,26033
26,035,451110,J,122,J,944,J,4433,4,3,N,N,N,,,N,N,N,N,N,N,N,,,2022,26035
26,037,451110,H,20,G,78,G,404,4,3,N,N,N,,,N,N,N,N,N,N,N,,,2022,26037
26,039,451110,G,9,J,67,H,287,3,N,N,N,N,,,N,N,N,N,N,N,N,,,2022,26039
26,041,451110,H,30,G,110,H,479,3,N,N,N,N,,,N,N,N,N,N,N,N,,,2022,26041
26,043,451110,H,24,H,88,H,501,4,3,N,N,N,,,N,N,N,N,N,N,N,,,2022,26043
26,045,451110,G,100,G,510,G,2125,6,N,N,3,N,,,N,N,N,N,N,N,N,,,2022,26045
26,047,451110,G,72,G,431,G,2025,11,5,3,3,N,,,N,N,N,N,N,N,N,,,2022,26047
26,049,451110,H,315,H,2415,H,11249,27,10,8,5,3,,,N,N,N,N,N,N,N,,,2022,26049
26,053,451110,G,25,G,117,G,517,4,N,N,N,N,,,N,N,N,N,N,N,N,,,2022,26053
26,055,451110,G,197,G,1128,G,5456,22,7,7,6,N,,,N,N,N,N,N,N,N,,,2022,26055
26,061,451110,G,51,G,200,G,919,5,N,N,N,N,,,N,N,N,N,N,N,N,,,2022,26061
26,063,451110,J,25,H,141,H,618,4,N,N,N,N,,,N,N,N,N,N,N,N,,,2022,26063
26,065,451110,H,208,H,1027,H,5552,17,6,5,4,N,,,N,N,N,N,N,N,N,,,2022,26065
26,069,451110,J,10,H,39,H,225,4,4,N,N,N,,,N,N,N,N,N,N,N,,,2022,26069
26,073,451110,J,65,J,217,J,1383,5,3,N,N,N,,,N,N,N,N,N,N,N,,,2022,26073
26,075,451110,G,77,H,503,G,2355,12,7,3,N,N,,,N,N,N,N,N,N,N,,,2022,26075
26,077,451110,G,334,G,2010,G,8829,20,6,5,5,N,3.0,,N,N,N,N,N,N,N,,,2022,26077
26,081,451110,G,859,H,5971,G,28256,53,19,11,14,4,4.0,,N,N,N,N,N,N,N,,,2022,26081
26,087,451110,H,42,H,200,G,736,8,5,N,N,N,,,N,N,N,N,N,N,N,,,2022,26087
26,091,451110,H,38,G,185,G,890,5,N,N,N,N,,,N,N,N,N,N,N,N,,,2022,26091
26,093,451110,G,164,H,787,H,3848,16,8,N,5,N,,,N,N,N,N,N,N,N,,,2022,26093
26,097,451110,G,9,H,69,H,569,5,4,N,N,N,,,N,N,N,N,N,N,N,,,2022,26097
26,099,451110,G,864,G,5223,G,25159,64,25,14,14,7,3.0,,N,N,N,N,N,N,N,,,2022,26099
26,101,451110,G,20,G,80,G,451,4,N,N,N,N,,,N,N,N,N,N,N,N,,,2022,26101
26,103,451110,G,98,H,527,G,2383,9,3,3,N,N,,,N,N,N,N,N,N,N,,,2022,26103
26,105,451110,H,24,G,135,G,660,5,3,N,N,N,,,N,N,N,N,N,N,N,,,2022,26105
26,107,451110,G,33,J,113,H,572,3,N,N,N,N,,,N,N,N,N,N,N,N,,,2022,26107
26,111,451110,G,57,G,287,G,1633,8,N,5,N,N,,,N,N,N,N,N,N,N,,,2022,26111
26,115,451110,H,240,H,2092,H,10266,10,3,N,3,N,,,N,N,N,N,N,N,N,,,2022,26115
26,117,451110,H,21,G,172,G,832,4,N,N,N,N,,,N,N,N,N,N,N,N,,,2022,26117
26,121,451110,H,108,H,556,H,3145,14,11,N,N,N,,,N,N,N,N,N,N,N,,,2022,26121
26,125,451110,G,1576,G,14275,G,59106,98,37,21,21,13,4.0,,N,N,N,N,N,N,N,,,2022,26125
26,137,451110,H,99,H,585,H,2800,4,N,N,N,N,,,N,N,N,N,N,N,N,,,2022,26137
26,139,451110,G,195,G,1152,G,5604,22,7,7,7,N,,,N,N,N,N,N,N,N,,,2022,26139
26,141,451110,J,12,H,51,G,220,3,N,N,N,N,,,N,N,N,N,N,N,N,,,2022,26141
26,143,451110,G,32,G,144,G,585,3,N,N,N,N,,,N,N,N,N,N,N,N,,,2022,26143
26,145,451110,G,189,H,1284,H,6281,15,8,N,4,N,,,N,N,N,N,N,N,N,,,2022,26145
26,147,451110,J,116,H,614,H,3321,9,3,N,N,N,,,N,N,N,N,N,N,N,,,2022,26147
26,155,451110,H,28,H,186,G,1017,5,3,N,N,N,,,N,N,N,N,N,N,N,,,2022,26155
26,159,451110,G,22,J,89,G,509,5,4,N,N,N,,,N,N,N,N,N,N,N,,,2022,26159
26,161,451110,J,366,H,2344,H,10758,27,10,6,4,6,,,N,N,N,N,N,N,N,,,2022,26161
26,163,451110,G,797,G,4266,G,19868,76,31,19,16,8,,,N,N,N,N,N,N,N,,,2022,26163
26,165,451110,J,19,G,129,G,734,5,4,N,N,N,,,N,N,N,N,N,N,N,,,2022,26165
27,003,451110,G,337,G,1843,G,9010,29,12,5,8,N,,,N,N,N,N,N,N,N,,,2022,27003
27,007,451110,H,69,H,277,H,1174,5,3,N,N,N,,,N,N,N,N,N,N,N,,,2022,27007
27,013,451110,J,262,J,2137,J,7059,6,N,N,N,N,,,N,N,N,N,N,N,N,,,2022,27013
27,019,451110,G,36,G,198,G,837,5,N,N,N,N,,,N,N,N,N,N,N,N,,,2022,27019
27,021,451110,J,124,J,1569,J,7087,9,5,N,N,N,,,N,N,N,N,N,N,N,,,2022,27021
27,025,451110,J,10,H,87,H,574,5,5,N,N,N,,,N,N,N,N,N,N,N,,,2022,27025
27,027,451110,H,70,H,670,H,2104,5,N,N,N,N,,,N,N,N,N,N,N,N,,,2022,27027
27,035,451110,G,89,G,553,G,3148,17,9,5,3,N,,,N,N,N,N,N,N,N,,,2022,27035
27,037,451110,G,301,G,2087,G,10068,26,11,6,5,3,,,N,N,N,N,N,N,N,,,2022,27037
27,041,451110,H,101,H,633,H,3073,11,4,4,N,N,,,N,N,N,N,N,N,N,,,2022,27041
27,045,451110,J,4,J,11,J,86,5,5,N,N,N,,,N,N,N,N,N,N,N,,,2022,27045
27,047,451110,G,19,J,80,H,348,4,3,N,N,N,,,N,N,N,N,N,N,N,,,2022,27047
27,049,451110,G,27,G,165,G,671,4,N,N,N,N,,,N,N,N,N,N,N,N,,,2022,27049
27,053,451110,H,2683,G,21706,G,91301,109,30,22,27,20,5.0,4.0,N,N,N,N,N,N,N,,,2022,27053
27,055,451110,H,85,G,1090,H,6619,3,N,N,N,3,,,N,N,N,N,N,N,N,,,2022,27055
27,057,451110,J,9,G,56,H,301,3,3,N,N,N,,,N,N,N,N,N,N,N,,,2022,27057
27,061,451110,H,55,H,292,G,1324,6,N,3,3,N,,,N,N,N,N,N,N,N,,,2022,27061
27,067,451110,J,16,G,117,G,557,3,N,N,N,N,,,N,N,N,N,N,N,N,,,2022,27067
27,071,451110,G,9,G,83,G,363,5,4,N,N,N,,,N,N,N,N,N,N,N,,,2022,27071
27,077,451110,J,11,G,57,H,216,3,N,N,N,N,,,N,N,N,N,N,N,N,,,2022,27077
27,083,451110,H,45,H,271,H,1276,5,N,N,N,N,,,N,N,N,N,N,N,N,,,2022,27083
27,085,451110,J,31,H,109,H,521,4,N,N,N,N,,,N,N,N,N,N,N,N,,,2022,27085
27,095,451110,J,22,H,196,H,959,5,N,3,N,N,,,N,N,N,N,N,N,N,,,2022,27095
27,109,451110,G,327,H,2895,H,10185,16,7,5,N,N,,,N,N,N,N,N,N,N,,,2022,27109
27,111,451110,H,40,G,218,G,1075,8,4,N,N,N,,,N,N,N,N,N,N,N,,,2022,27111
27,123,451110,G,547,G,3381,G,17364,39,12,12,9,N,4.0,,N,N,N,N,N,N,N,,,2022,27123
27,131,451110,J,13,H,74,G,355,4,3,N,N,N,,,N,N,N,N,N,N,N,,,2022,27131
27,137,451110,G,338,G,1677,G,7743,33,16,3,9,5,,,N,N,N,N,N,N,N,,,2022,27137
27,139,451110,J,31,J,217,J,876,5,N,N,N,N,,,N,N,N,N,N,N,N,,,2022,27139
27,145,451110,H,410,H,3463,H,13201,16,6,4,3,N,,,N,N,N,N,N,N,N,,,2022,27145
27,147,451110,J,140,H,1388,H,6202,6,4,N,N,N,,,N,N,N,N,N,N,N,,,2022,27147
27,163,451110,G,380,G,3104,G,15304,22,10,N,8,N,,,N,N,N,N,N,N,N,,,2022,27163
27,169,451110,J,8,J,37,J,157,3,N,N,N,N,,,N,N,N,N,N,N,N,,,2022,27169
27,171,451110,H,51,H,187,G,734,6,N,3,N,N,,,N,N,N,N,N,N,N,,,2022,27171
28,011,451110,J,18,H,91,H,347,4,N,N,N,N,,,N,N,N,N,N,N,N,,,2022,28011
28,033,451110,G,167,G,800,G,3228,7,N,N,N,N,,,N,N,N,N,N,N,N,,,2022,28033
28,035,451110,J,34,G,248,G,1080,4,N,N,N,N,,,N,N,N,N,N,N,N,,,2022,28035
28,043,451110,J,8,J,43,G,366,4,4,N,N,N,,,N,N,N,N,N,N,N,,,2022,28043
28,047,451110,H,224,H,1384,H,6042,15,8,3,N,N,,,N,N,N,N,N,N,N,,,2022,28047
28,049,451110,H,112,H,516,H,2141,6,3,N,N,N,,,N,N,N,N,N,N,N,,,2022,28049
28,059,451110,G,14,H,69,H,315,5,4,N,N,N,,,N,N,N,N,N,N,N,,,2022,28059
28,071,451110,H,92,H,280,H,1965,5,N,N,N,N,,,N,N,N,N,N,N,N,,,2022,28071
28,073,451110,J,154,J,620,J,2860,3,N,N,N,N,,,N,N,N,N,N,N,N,,,2022,28073
28,075,451110,H,46,H,289,H,1163,6,N,3,N,N,,,N,N,N,N,N,N,N,,,2022,28075
28,081,451110,H,174,H,895,H,3987,11,5,3,N,N,,,N,N,N,N,N,N,N,,,2022,28081
28,087,451110,J,79,J,375,J,1841,4,N,N,N,N,,,N,N,N,N,N,N,N,,,2022,28087
28,089,451110,H,111,G,659,G,2900,10,4,4,N,N,,,N,N,N,N,N,N,N,,,2022,28089
28,121,451110,G,236,H,1505,H,7125,7,N,N,N,N,,,N,N,N,N,N,N,N,,,2022,28121
28,149,451110,H,43,J,308,J,1055,3,N,N,N,N,,,N,N,N,N,N,N,N,,,2022,28149
29,009,451110,H,25,G,94,G,496,4,3,N,N,N,,,N,N,N,N,N,N,N,,,2022,29009
29,019,451110,H,316,H,2122,H,9819,21,6,9,N,N,,,N,N,N,N,N,N,N,,,2022,29019
29,021,451110,J,75,J,246,H,1628,9,8,N,N,N,,,N,N,N,N,N,N,N,,,2022,29021
29,023,451110,J,77,J,415,J,1643,3,N,N,N,N,,,N,N,N,N,N,N,N,,,2022,29023
29,029,451110,G,73,G,299,G,1718,5,3,N,N,N,,,N,N,N,N,N,N,N,,,2022,29029
29,031,451110,J,119,J,625,H,2593,7,3,N,N,N,,,N,N,N,N,N,N,N,,,2022,29031
29,037,451110,H,71,H,406,H,1738,4,N,N,N,N,,,N,N,N,N,N,N,N,,,2022,29037
29,043,451110,J,10,J,51,H,226,3,N,N,N,N,,,N,N,N,N,N,N,N,,,2022,29043
29,047,451110,J,203,H,1023,H,5528,12,6,N,N,N,,,N,N,N,N,N,N,N,,,2022,29047
29,051,451110,J,68,J,284,J,1574,6,4,N,N,N,,,N,N,N,N,N,N,N,,,2022,29051
29,071,451110,G,64,G,287,G,1771,8,6,N,N,N,,,N,N,N,N,N,N,N,,,2022,29071
29,077,451110,G,320,G,1926,G,10041,31,16,4,7,3,,,N,N,N,N,N,N,N,,,2022,29077
29,095,451110,G,414,G,2939,G,14021,30,17,5,4,N,,,N,N,N,N,N,N,N,,,2022,29095
29,097,451110,J,135,H,733,H,3524,15,11,N,N,N,,,N,N,N,N,N,N,N,,,2022,29097
29,099,451110,J,95,J,665,J,5024,10,4,4,N,N,,,N,N,N,N,N,N,N,,,2022,29099
29,101,451110,J,7,G,17,H,124,4,3,N,N,N,,,N,N,N,N,N,N,N,,,2022,29101
29,109,451110,G,10,J,111,J,435,3,N,N,N,N,,,N,N,N,N,N,N,N,,,2022,29109
29,127,451110,J,20,J,77,J,335,3,N,N,N,N,,,N,N,N,N,N,N,N,,,2022,29127
29,145,451110,G,19,H,122,H,543,4,N,N,N,N,,,N,N,N,N,N,N,N,,,2022,29145
29,165,451110,J,99,H,467,J,2938,6,4,N,N,N,,,N,N,N,N,N,N,N,,,2022,29165
29,167,451110,G,3,J,10,G,49,3,3,N,N,N,,,N,N,N,N,N,N,N,,,2022,29167
29,183,451110,G,414,H,2764,H,12703,22,13,3,N,3,,,N,N,N,N,N,N,N,,,2022,29183
29,187,451110,H,45,J,224,J,1145,4,N,N,3,N,,,N,N,N,N,N,N,N,,,2022,29187
29,189,451110,G,1049,G,7267,G,34090,80,38,19,9,8,5.0,,N,N,N,N,N,N,N,,,2022,29189
29,209,451110,J,15,H,93,G,519,5,4,N,N,N,,,N,N,N,N,N,N,N,,,2022,29209
29,213,451110,J,129,J,1380,J,6997,3,N,N,N,N,,,N,N,N,N,N,N,N,,,2022,29213
29,219,451110,J,18,J,104,J,553,4,3,N,N,N,,,N,N,N,N,N,N,N,,,2022,29219
29,225,451110,G,15,G,87,H,348,4,3,N,N,N,,,N,N,N,N,N,N,N,,,2022,29225
29,510,451110,H,54,H,598,H,2489,9,5,3,N,N,,,N,N,N,N,N,N,N,,,2022,29510
30,001,451110,G,3,J,31,J,133,3,3,N,N,N,,,N,N,N,N,N,N,N,,,2022,30001
30,013,451110,H,190,H,1626,H,5731,10,6,N,N,N,,,N,N,N,N,N,N,N,,,2022,30013
30,029,451110,G,323,H,2575,H,11238,19,8,N,4,4,,,N,N,N,N,N,N,N,,,2022,30029
30,031,451110,G,525,G,3181,G,14414,46,17,15,8,3,3.0,,N,N,N,N,N,N,N,,,2022,30031
30,041,451110,J,11,J,153,J,499,3,N,N,N,N,,,N,N,N,N,N,N,N,,,2022,30041
30,049,451110,G,227,G,1236,G,5148,15,4,3,4,3,,,N,N,N,N,N,N,N,,,2022,30049
30,057,451110,H,35,H,239,G,1267,6,4,N,N,N,,,N,N,N,N,N,N,N,,,2022,30057
30,063,451110,H,679,H,4830,H,19564,31,10,9,5,N,4.0,,N,N,N,N,N,N,N,,,2022,30063
30,067,451110,J,23,G,180,G,793,6,4,N,N,N,,,N,N,N,N,N,N,N,,,2022,30067
30,081,451110,H,72,H,219,G,1235,9,6,N,N,N,,,N,N,N,N,N,N,N,,,2022,30081
30,093,451110,H,42,H,191,H,848,4,N,N,N,N,,,N,N,N,N,N,N,N,,,2022,30093
30,111,451110,G,667,G,5613,G,22086,24,9,5,4,4,,,N,N,N,N,N,N,N,,,2022,30111
31,019,451110,J,81,J,994,J,4257,5,3,N,N,N,,,N,N,N,N,N,N,N,,,2022,31019
31,033,451110,J,69,J,809,J,3703,3,N,N,N,N,,,N,N,N,N,N,N,N,,,2022,31033
31,053,451110,H,83,H,494,H,2103,3,N,N,N,N,,,N,N,N,N,N,N,N,,,2022,31053
31,055,451110,G,858,H,6123,H,23348,42,20,8,5,7,,,N,N,N,N,N,N,N,,,2022,31055
31,079,451110,G,71,H,272,H,1567,8,5,N,N,N,,,N,N,N,N,N,N,N,,,2022,31079
31,109,451110,G,723,G,5444,G,22500,27,11,6,3,5,,,N,N,N,N,N,N,N,,,2022,31109
31,111,451110,J,9,J,26,G,237,6,6,N,N,N,,,N,N,N,N,N,N,N,,,2022,31111
31,141,451110,G,4,J,22,J,117,3,3,N,N,N,,,N,N,N,N,N,N,N,,,2022,31141
31,145,451110,J,6,G,8,G,31,3,3,N,N,N,,,N,N,N,N,N,N,N,,,2022,31145
31,153,451110,G,208,H,1746,H,8481,8,5,N,N,N,,,N,N,N,N,N,N,N,,,2022,31153
32,003,451110,G,1328,G,9267,G,42228,112,40,34,26,5,6.0,,N,N,N,N,N,N,N,,,2022,32003
32,005,451110,G,58,G,280,G,1119,9,5,N,N,N,,,N,N,N,N,N,N,N,,,2022,32005
32,007,451110,H,38,H,204,H,941,5,3,N,N,N,,,N,N,N,N,N,N,N,,,2022,32007
32,023,451110,J,43,H,126,H,522,5,N,N,3,N,,,N,N,N,N,N,N,N,,,2022,32023
32,031,451110,G,872,G,7151,G,29451,36,13,11,4,4,,,N,N,N,N,N,N,N,,,2022,32031
32,510,451110,J,78,H,305,H,1372,5,N,N,N,N,,,N,N,N,N,N,N,N,,,2022,32510
33,001,451110,H,62,H,295,H,1417,8,5,N,N,N,,,N,N,N,N,N,N,N,,,2022,33001
33,003,451110,H,172,G,1064,G,4367,16,5,5,4,N,,,N,N,N,N,N,N,N,,,2022,33003
33,005,451110,G,59,G,438,G,2183,8,6,N,N,N,,,N,N,N,N,N,N,N,,,2022,33005
33,007,451110,G,62,G,543,G,2278,5,N,N,N,N,,,N,N,N,N,N,N,N,,,2022,33007
33,009,451110,G,169,G,1542,H,8170,19,8,3,6,N,,,N,N,N,N,N,N,N,,,2022,33009
33,011,451110,H,362,H,2577,H,10996,40,21,9,7,N,,,N,N,N,N,N,N,N,,,2022,33011
33,013,451110,G,328,G,2020,G,10208,15,4,N,4,3,,,N,N,N,N,N,N,N,,,2022,33013
33,015,451110,H,566,G,3260,H,16270,48,21,11,7,7,,,N,N,N,N,N,N,N,,,2022,33015
33,017,451110,J,124,H,916,H,4407,14,8,N,N,3,,,N,N,N,N,N,N,N,,,2022,33017
33,019,451110,J,20,H,95,H,295,3,N,N,N,N,,,N,N,N,N,N,N,N,,,2022,33019
34,001,451110,H,215,H,1910,H,9507,17,9,N,4,N,,,N,N,N,N,N,N,N,,,2022,34001
34,003,451110,G,789,G,7350,G,29315,60,38,7,5,5,4.0,,N,N,N,N,N,N,N,,,2022,34003
34,005,451110,G,388,G,2176,G,10214,21,11,3,N,3,,,N,N,N,N,N,N,N,,,2022,34005
34,007,451110,G,237,J,3130,J,12144,18,11,N,3,N,,,N,N,N,N,N,N,N,,,2022,34007
34,009,451110,H,89,G,523,G,4056,27,20,5,N,N,,,N,N,N,N,N,N,N,,,2022,34009
34,011,451110,J,78,J,307,J,1847,6,4,N,N,N,,,N,N,N,N,N,N,N,,,2022,34011
34,013,451110,H,161,H,3017,H,9879,23,16,3,3,N,,,N,N,N,N,N,N,N,,,2022,34013
34,015,451110,G,156,G,1006,G,3885,13,7,N,3,N,,,N,N,N,N,N,N,N,,,2022,34015
34,017,451110,J,13,G,111,G,587,9,9,N,N,N,,,N,N,N,N,N,N,N,,,2022,34017
34,019,451110,G,110,G,939,G,3998,15,10,N,N,N,,,N,N,N,N,N,N,N,,,2022,34019
34,021,451110,H,225,H,1216,H,5639,17,9,3,N,N,,,N,N,N,N,N,N,N,,,2022,34021
34,023,451110,H,343,H,1850,H,9884,27,17,3,N,4,,,N,N,N,N,N,N,N,,,2022,34023
34,025,451110,G,315,G,2424,G,11793,49,32,9,6,N,,,N,N,N,N,N,N,N,,,2022,34025
34,027,451110,H,605,H,3616,H,18183,45,22,11,N,5,5.0,,N,N,N,N,N,N,N,,,2022,34027
34,029,451110,G,388,G,2402,G,11318,46,30,8,3,3,,,N,N,N,N,N,N,N,,,2022,34029
34,031,451110,G,219,H,1209,G,6618,12,5,3,N,N,,,N,N,N,N,N,N,N,,,2022,34031
34,035,451110,G,168,G,1503,G,6195,21,9,7,3,N,,,N,N,N,N,N,N,N,,,2022,34035
34,037,451110,H,39,H,291,G,850,7,6,N,N,N,,,N,N,N,N,N,N,N,,,2022,34037
34,039,451110,H,238,H,1363,H,6540,23,12,6,3,N,,,N,N,N,N,N,N,N,,,2022,34039
34,041,451110,G,27,H,229,G,992,7,6,N,N,N,,,N,N,N,N,N,N,N,,,2022,34041
35,001,451110,G,570,G,3229,G,14131,49,23,12,8,3,,,N,N,N,N,N,N,N,,,2022,35001
35,005,451110,H,35,G,153,G,693,5,N,N,N,N,,,N,N,N,N,N,N,N,,,2022,35005
35,007,451110,G,23,H,192,H,369,3,N,N,N,N,,,N,N,N,N,N,N,N,,,2022,35007
35,013,451110,H,169,G,840,G,3869,13,6,N,3,N,,,N,N,N,N,N,N,N,,,2022,35013
35,015,451110,J,19,J,63,J,304,3,N,N,N,N,,,N,N,N,N,N,N,N,,,2022,35015
35,025,451110,H,32,H,143,G,642,6,3,N,N,N,,,N,N,N,N,N,N,N,,,2022,35025
35,027,451110,H,37,G,168,G,712,4,N,N,N,N,,,N,N,N,N,N,N,N,,,2022,35027
35,031,451110,H,28,G,131,G,490,3,N,N,N,N,,,N,N,N,N,N,N,N,,,2022,35031
35,035,451110,J,24,H,111,H,491,5,4,N,N,N,,,N,N,N,N,N,N,N,,,2022,35035
35,045,451110,H,136,G,734,G,3367,13,8,N,N,N,,,N,N,N,N,N,N,N,,,2022,35045
35,049,451110,G,135,G,910,G,3706,13,4,5,3,N,,,N,N,N,N,N,N,N,,,2022,35049
35,055,451110,J,118,H,771,H,2365,14,4,5,5,N,,,N,N,N,N,N,N,N,,,2022,35055
36,001,451110,H,438,G,2389,H,12006,27,14,5,5,N,,,N,N,N,N,N,N,N,,,2022,36001
36,003,451110,J,17,H,86,G,324,5,4,N,N,N,,,N,N,N,N,N,N,N,,,2022,36003
36,005,451110,J,54,J,473,J,2286,14,11,N,N,N,,,N,N,N,N,N,N,N,,,2022,36005
36,007,451110,G,160,H,805,H,3952,10,5,N,N,N,,,N,N,N,N,N,N,N,,,2022,36007
36,009,451110,H,90,G,698,G,2683,9,3,4,N,N,,,N,N,N,N,N,N,N,,,2022,36009
36,011,451110,H,137,J,1323,J,6100,5,N,N,N,N,,,N,N,N,N,N,N,N,,,2022,36011
36,013,451110,G,41,H,201,H,975,11,8,N,N,N,,,N,N,N,N,N,N,N,,,2022,36013
36,015,451110,G,144,G,998,G,4837,8,3,N,N,N,,,N,N,N,N,N,N,N,,,2022,36015
36,019,451110,G,94,G,456,G,2623,6,N,N,N,N,,,N,N,N,N,N,N,N,,,2022,36019
36,021,451110,J,13,H,88,H,365,5,4,N,N,N,,,N,N,N,N,N,N,N,,,2022,36021
36,025,451110,G,6,J,50,J,260,4,4,N,N,N,,,N,N,N,N,N,N,N,,,2022,36025
36,027,451110,G,108,G,663,H,3538,20,15,3,N,N,,,N,N,N,N,N,N,N,,,2022,36027
36,029,451110,G,912,G,6265,G,29234,66,26,18,14,4,3.0,,N,N,N,N,N,N,N,,,2022,36029
36,031,451110,G,57,G,413,G,2383,9,4,N,4,N,,,N,N,N,N,N,N,N,,,2022,36031
36,033,451110,H,23,H,88,H,405,3,N,N,N,N,,,N,N,N,N,N,N,N,,,2022,36033
36,035,451110,G,13,G,63,G,247,4,3,N,N,N,,,N,N,N,N,N,N,N,,,2022,36035
36,037,451110,H,63,G,255,G,1462,6,4,N,N,N,,,N,N,N,N,N,N,N,,,2022,36037
36,039,451110,J,35,H,214,H,548,6,3,N,3,N,,,N,N,N,N,N,N,N,,,2022,36039
36,043,451110,J,6,J,27,J,151,3,3,N,N,N,,,N,N,N,N,N,N,N,,,2022,36043
36,045,451110,H,74,H,328,H,1997,5,3,N,N,N,,,N,N,N,N,N,N,N,,,2022,36045
36,047,451110,H,293,H,2445,H,12128,69,44,14,10,N,,,N,N,N,N,N,N,N,,,2022,36047
36,053,451110,J,9,J,65,J,258,3,N,N,N,N,,,N,N,N,N,N,N,N,,,2022,36053
36,055,451110,H,820,J,10013,H,33039,48,25,9,6,4,3.0,,N,N,N,N,N,N,N,,,2022,36055
36,059,451110,G,923,G,6506,G,31673,93,62,11,8,8,3.0,,N,N,N,N,N,N,N,,,2022,36059
36,061,451110,G,833,H,11680,H,43712,82,48,21,5,3,3.0,,N,N,N,N,N,N,N,,,2022,36061
36,063,451110,G,80,H,418,G,1701,10,5,N,N,N,,,N,N,N,N,N,N,N,,,2022,36063
36,065,451110,H,171,H,1322,H,6539,11,5,4,N,N,,,N,N,N,N,N,N,N,,,2022,36065
36,067,451110,G,372,G,2019,G,10834,25,11,5,N,6,,,N,N,N,N,N,N,N,,,2022,36067
36,069,451110,G,150,G,809,H,4012,11,5,3,N,N,,,N,N,N,N,N,N,N,,,2022,36069
36,071,451110,H,107,H,738,H,3069,15,11,N,N,N,,,N,N,N,N,N,N,N,,,2022,36071
36,075,451110,J,34,H,233,H,1161,9,6,N,N,N,,,N,N,N,N,N,N,N,,,2022,36075
36,079,451110,G,38,G,252,G,1383,7,5,N,N,N,,,N,N,N,N,N,N,N,,,2022,36079
36,081,451110,J,182,H,1239,G,6365,56,45,9,N,N,,,N,N,N,N,N,N,N,,,2022,36081
36,083,451110,G,20,G,92,G,386,7,5,N,N,N,,,N,N,N,N,N,N,N,,,2022,36083
36,085,451110,G,58,H,355,H,2138,8,6,N,N,N,,,N,N,N,N,N,N,N,,,2022,36085
36,087,451110,G,144,G,969,G,5079,17,13,N,N,N,,,N,N,N,N,N,N,N,,,2022,36087
36,089,451110,J,33,J,140,J,648,9,7,N,N,N,,,N,N,N,N,N,N,N,,,2022,36089
36,091,451110,G,199,G,1110,H,5666,15,4,4,4,N,,,N,N,N,N,N,N,N,,,2022,36091
36,093,451110,J,12,H,96,G,473,5,4,N,N,N,,,N,N,N,N,N,N,N,,,2022,36093
36,101,451110,J,10,H,49,H,215,7,6,N,N,N,,,N,N,N,N,N,N,N,,,2022,36101
36,103,451110,G,1237,G,7500,G,39293,131,83,22,13,6,6.0,,N,N,N,N,N,N,N,,,2022,36103
36,105,451110,G,4,J,22,J,111,3,3,N,N,N,,,N,N,N,N,N,N,N,,,2022,36105
36,107,451110,J,13,J,102,J,462,3,N,N,N,N,,,N,N,N,N,N,N,N,,,2022,36107
36,109,451110,J,76,H,343,H,1872,9,5,3,N,N,,,N,N,N,N,N,N,N,,,2022,36109
36,111,451110,H,118,G,814,G,3579,16,9,N,4,N,,,N,N,N,N,N,N,N,,,2022,36111
36,113,451110,G,102,G,587,G,3472,12,6,3,N,N,,,N,N,N,N,N,N,N,,,2022,36113
36,115,451110,J,13,J,56,H,266,4,4,N,N,N,,,N,N,N,N,N,N,N,,,2022,36115
36,117,451110,J,9,J,62,H,286,4,4,N,N,N,,,N,N,N,N,N,N,N,,,2022,36117
36,119,451110,G,738,G,7524,G,28626,67,44,6,5,6,6.0,,N,N,N,N,N,N,N,,,2022,36119
37,001,451110,J,178,J,905,J,4080,14,7,3,N,N,,,N,N,N,N,N,N,N,,,2022,37001
37,011,451110,H,74,H,485,H,974,4,N,N,N,N,,,N,N,N,N,N,N,N,,,2022,37011
37,013,451110,J,10,J,53,H,240,5,5,N,N,N,,,N,N,N,N,N,N,N,,,2022,37013
37,019,451110,J,38,G,187,G,936,14,10,4,N,N,,,N,N,N,N,N,N,N,,,2022,37019
37,021,451110,G,424,H,3008,H,13806,32,13,10,3,3,3.0,,N,N,N,N,N,N,N,,,2022,37021
37,023,451110,J,57,H,286,J,1728,6,3,N,N,N,,,N,N,N,N,N,N,N,,,2022,37023
37,025,451110,G,355,H,2215,H,10396,13,6,N,N,N,,,N,N,N,N,N,N,N,,,2022,37025
37,027,451110,J,27,G,103,G,503,7,6,N,N,N,,,N,N,N,N,N,N,N,,,2022,37027
37,031,451110,J,121,H,623,H,3122,16,8,4,N,N,,,N,N,N,N,N,N,N,,,2022,37031
37,035,451110,H,169,H,843,H,4024,13,6,4,N,N,,,N,N,N,N,N,N,N,,,2022,37035
37,045,451110,J,40,J,172,J,702,5,N,N,N,N,,,N,N,N,N,N,N,N,,,2022,37045
37,047,451110,J,6,G,41,G,204,4,4,N,N,N,,,N,N,N,N,N,N,N,,,2022,37047
37,049,451110,J,97,H,524,H,2145,8,4,N,N,N,,,N,N,N,N,N,N,N,,,2022,37049
37,051,451110,H,237,H,1122,H,5838,15,6,7,N,N,,,N,N,N,N,N,N,N,,,2022,37051
37,053,451110,J,8,H,37,H,331,4,4,N,N,N,,,N,N,N,N,N,N,N,,,2022,37053
37,055,451110,G,179,G,1614,G,9618,34,22,7,4,N,,,N,N,N,N,N,N,N,,,2022,37055
37,057,451110,J,6,J,48,J,200,5,5,N,N,N,,,N,N,N,N,N,N,N,,,2022,37057
37,063,451110,J,242,J,3011,J,11243,10,N,3,N,N,,,N,N,N,N,N,N,N,,,2022,37063
37,067,451110,G,287,H,1526,H,7219,23,12,3,3,3,,,N,N,N,N,N,N,N,,,2022,37067
37,069,451110,G,2,J,7,J,385,3,3,N,N,N,,,N,N,N,N,N,N,N,,,2022,37069
37,071,451110,G,183,H,984,H,4638,13,6,3,N,N,,,N,N,N,N,N,N,N,,,2022,37071
37,081,451110,H,386,G,1922,H,9442,26,17,N,N,3,4.0,,N,N,N,N,N,N,N,,,2022,37081
37,085,451110,J,18,H,100,H,504,4,N,N,N,N,,,N,N,N,N,N,N,N,,,2022,37085
37,087,451110,H,21,H,136,H,451,4,N,N,N,N,,,N,N,N,N,N,N,N,,,2022,37087
37,089,451110,J,53,G,325,G,1338,12,8,3,N,N,,,N,N,N,N,N,N,N,,,2022,37089
37,093,451110,J,7,G,52,G,280,3,3,N,N,N,,,N,N,N,N,N,N,N,,,2022,37093
37,097,451110,H,199,H,1166,H,5306,16,6,4,4,N,,,N,N,N,N,N,N,N,,,2022,37097
37,099,451110,J,23,J,354,J,1296,4,N,N,N,N,,,N,N,N,N,N,N,N,,,2022,37099
37,101,451110,J,7,J,50,J,194,4,3,N,N,N,,,N,N,N,N,N,N,N,,,2022,37101
37,105,451110,H,44,H,271,H,1210,4,N,N,N,N,,,N,N,N,N,N,N,N,,,2022,37105
37,109,451110,J,3,J,22,H,46,5,5,N,N,N,,,N,N,N,N,N,N,N,,,2022,37109
37,111,451110,J,7,H,41,G,153,3,3,N,N,N,,,N,N,N,N,N,N,N,,,2022,37111
37,113,451110,J,33,J,168,H,828,5,N,N,N,N,,,N,N,N,N,N,N,N,,,2022,37113
37,119,451110,G,1106,H,8945,G,39069,68,22,18,9,13,5.0,,N,N,N,N,N,N,N,,,2022,37119
37,123,451110,G,4,H,32,H,154,3,3,N,N,N,,,N,N,N,N,N,N,N,,,2022,37123
37,125,451110,G,111,G,605,G,3832,14,7,4,N,N,,,N,N,N,N,N,N,N,,,2022,37125
37,127,451110,G,36,H,100,H,473,5,3,N,N,N,,,N,N,N,N,N,N,N,,,2022,37127
37,129,451110,G,394,G,2120,G,9795,27,8,8,4,5,,,N,N,N,N,N,N,N,,,2022,37129
37,133,451110,G,206,G,972,G,4622,13,5,N,3,N,,,N,N,N,N,N,N,N,,,2022,37133
37,135,451110,J,77,G,466,G,2083,11,4,4,N,N,,,N,N,N,N,N,N,N,,,2022,37135
37,141,451110,G,7,H,28,H,237,4,4,N,N,N,,,N,N,N,N,N,N,N,,,2022,37141
37,147,451110,G,181,H,746,H,3701,12,4,3,3,N,,,N,N,N,N,N,N,N,,,2022,37147
37,151,451110,J,29,H,159,H,777,4,3,N,N,N,,,N,N,N,N,N,N,N,,,2022,37151
37,153,451110,H,22,J,75,H,370,3,N,N,N,N,,,N,N,N,N,N,N,N,,,2022,37153
37,157,451110,G,21,J,130,H,600,7,6,N,N,N,,,N,N,N,N,N,N,N,,,2022,37157
37,159,451110,J,62,H,322,G,1793,10,6,3,N,N,,,N,N,N,N,N,N,N,,,2022,37159
37,167,451110,J,12,J,60,J,295,3,N,N,N,N,,,N,N,N,N,N,N,N,,,2022,37167
37,171,451110,J,20,G,113,G,458,5,4,N,N,N,,,N,N,N,N,N,N,N,,,2022,37171
37,173,451110,J,47,H,336,J,1535,3,N,N,N,N,,,N,N,N,N,N,N,N,,,2022,37173
37,175,451110,J,66,J,422,H,1374,6,N,N,N,N,,,N,N,N,N,N,N,N,,,2022,37175
37,179,451110,H,37,H,199,G,843,15,12,N,N,N,,,N,N,N,N,N,N,N,,,2022,37179
37,183,451110,G,1507,G,10727,G,48044,83,29,17,13,16,7.0,,N,N,N,N,N,N,N,,,2022,37183
37,189,451110,H,65,H,278,G,1320,11,5,4,N,N,,,N,N,N,N,N,N,N,,,2022,37189
37,191,451110,H,89,H,417,H,2135,9,4,N,N,N,,,N,N,N,N,N,N,N,,,2022,37191
37,193,451110,H,68,H,351,H,1609,3,N,N,N,N,,,N,N,N,N,N,N,N,,,2022,37193
37,195,451110,H,47,J,320,J,1410,6,N,N,3,N,,,N,N,N,N,N,N,N,,,2022,37195
38,015,451110,J,380,J,3368,J,11809,10,4,3,N,N,,,N,N,N,N,N,N,N,,,2022,38015
38,017,451110,H,529,H,5004,H,18333,12,5,4,N,N,,,N,N,N,N,N,N,N,,,2022,38017
38,035,451110,H,239,H,2048,H,7415,7,N,N,N,N,,,N,N,N,N,N,N,N,,,2022,38035
38,089,451110,J,27,H,95,H,447,3,N,N,N,N,,,N,N,N,N,N,N,N,,,2022,38089
38,101,451110,H,231,H,2230,H,7838,10,3,4,N,N,,,N,N,N,N,N,N,N,,,2022,38101
39,003,451110,H,45,G,245,G,1120,5,3,N,N,N,,,N,N,N,N,N,N,N,,,2022,39003
39,005,451110,J,104,J,898,J,4340,3,N,N,N,N,,,N,N,N,N,N,N,N,,,2022,39005
39,007,451110,H,34,G,140,G,681,7,4,N,N,N,,,N,N,N,N,N,N,N,,,2022,39007
39,013,451110,J,37,J,208,J,976,3,N,N,N,N,,,N,N,N,N,N,N,N,,,2022,39013
39,017,451110,G,427,H,2622,G,12634,25,13,4,3,3,,,N,N,N,N,N,N,N,,,2022,39017
39,023,451110,H,35,G,123,G,591,6,3,N,N,N,,,N,N,N,N,N,N,N,,,2022,39023
39,025,451110,H,138,H,856,H,4481,11,6,N,N,N,,,N,N,N,N,N,N,N,,,2022,39025
39,029,451110,H,24,H,130,H,654,3,N,N,N,N,,,N,N,N,N,N,N,N,,,2022,39029
39,035,451110,H,803,H,3846,H,20448,68,35,17,6,5,5.0,,N,N,N,N,N,N,N,,,2022,39035
39,041,451110,G,440,G,3172,G,14075,15,3,5,N,3,,,N,N,N,N,N,N,N,,,2022,39041
39,043,451110,J,97,H,529,H,2821,6,3,N,N,N,,,N,N,N,N,N,N,N,,,2022,39043
39,045,451110,H,55,H,200,J,1216,5,4,N,N,N,,,N,N,N,N,N,N,N,,,2022,39045
39,049,451110,H,1152,H,8495,H,36984,66,25,15,9,10,6.0,,N,N,N,N,N,N,N,,,2022,39049
39,055,451110,H,48,J,325,H,1482,11,8,N,N,N,,,N,N,N,N,N,N,N,,,2022,39055
39,057,451110,J,85,J,720,J,3440,4,3,N,N,N,,,N,N,N,N,N,N,N,,,2022,39057
39,061,451110,G,924,H,6417,H,28899,61,25,10,11,10,4.0,,N,N,N,N,N,N,N,,,2022,39061
39,063,451110,J,75,H,335,H,2082,7,4,N,N,N,,,N,N,N,N,N,N,N,,,2022,39063
39,075,451110,J,41,H,311,H,1454,9,5,3,N,N,,,N,N,N,N,N,N,N,,,2022,39075
39,081,451110,H,68,G,239,G,1538,5,N,N,N,N,,,N,N,N,N,N,N,N,,,2022,39081
39,083,451110,J,6,G,35,G,158,3,3,N,N,N,,,N,N,N,N,N,N,N,,,2022,39083
39,085,451110,G,207,G,1157,G,5297,19,10,4,3,N,,,N,N,N,N,N,N,N,,,2022,39085
39,087,451110,J,3,G,25,G,78,3,3,N,N,N,,,N,N,N,N,N,N,N,,,2022,39087
39,089,451110,J,258,J,3544,J,13762,12,6,N,N,N,,,N,N,N,N,N,N,N,,,2022,39089
39,091,451110,G,27,G,111,G,571,5,N,N,N,N,,,N,N,N,N,N,N,N,,,2022,39091
39,093,451110,H,219,H,1853,H,8276,16,9,N,4,N,,,N,N,N,N,N,N,N,,,2022,39093
39,095,451110,H,466,J,3980,J,17793,18,9,3,N,N,,,N,N,N,N,N,N,N,,,2022,39095
39,099,451110,H,187,H,874,H,4484,14,6,4,N,N,,,N,N,N,N,N,N,N,,,2022,39099
39,101,451110,G,21,G,75,H,344,3,N,N,N,N,,,N,N,N,N,N,N,N,,,2022,39101
39,103,451110,J,61,H,362,H,1605,10,5,4,N,N,,,N,N,N,N,N,N,N,,,2022,39103
39,107,451110,G,28,H,136,H,605,6,5,N,N,N,,,N,N,N,N,N,N,N,,,2022,39107
39,109,451110,H,57,G,298,G,1359,5,N,N,N,N,,,N,N,N,N,N,N,N,,,2022,39109
39,113,451110,G,494,G,3431,G,16075,33,14,7,5,3,4.0,,N,N,N,N,N,N,N,,,2022,39113
39,123,451110,J,19,J,63,H,395,5,4,N,N,N,,,N,N,N,N,N,N,N,,,2022,39123
39,127,451110,G,15,G,85,G,350,3,N,N,N,N,,,N,N,N,N,N,N,N,,,2022,39127
39,133,451110,H,77,G,399,G,2210,12,10,N,N,N,,,N,N,N,N,N,N,N,,,2022,39133
39,139,451110,G,102,G,484,G,2522,7,3,N,N,N,,,N,N,N,N,N,N,N,,,2022,39139
39,141,451110,J,71,J,247,J,1454,4,N,N,N,N,,,N,N,N,N,N,N,N,,,2022,39141
39,143,451110,J,6,G,20,G,106,4,4,N,N,N,,,N,N,N,N,N,N,N,,,2022,39143
39,145,451110,J,3,J,17,H,99,3,3,N,N,N,,,N,N,N,N,N,N,N,,,2022,39145
39,151,451110,G,287,G,1440,G,7194,25,9,8,5,N,,,N,N,N,N,N,N,N,,,2022,39151
39,153,451110,H,351,G,1735,H,9002,28,13,4,4,5,,,N,N,N,N,N,N,N,,,2022,39153
39,155,451110,G,72,G,373,G,1906,10,6,3,N,N,,,N,N,N,N,N,N,N,,,2022,39155
39,157,451110,H,91,H,461,H,2492,13,7,4,N,N,,,N,N,N,N,N,N,N,,,2022,39157
39,165,451110,H,175,H,1465,H,5647,9,N,4,N,N,,,N,N,N,N,N,N,N,,,2022,39165
39,167,451110,H,29,H,227,H,1052,4,N,N,N,N,,,N,N,N,N,N,N,N,,,2022,39167
39,169,451110,G,74,G,312,G,1897,7,3,N,N,N,,,N,N,N,N,N,N,N,,,2022,39169
39,173,451110,G,224,H,1530,H,7128,7,N,N,3,N,,,N,N,N,N,N,N,N,,,2022,39173
40,009,451110,J,8,J,37,H,142,3,N,N,N,N,,,N,N,N,N,N,N,N,,,2022,40009
40,019,451110,J,99,J,473,J,1870,3,N,N,N,N,,,N,N,N,N,N,N,N,,,2022,40019
40,027,451110,H,187,H,895,H,4088,15,9,N,N,N,,,N,N,N,N,N,N,N,,,2022,40027
40,031,451110,J,125,H,594,H,2691,7,3,N,N,N,,,N,N,N,N,N,N,N,,,2022,40031
40,041,451110,J,17,H,82,H,366,4,N,N,N,N,,,N,N,N,N,N,N,N,,,2022,40041
40,089,451110,H,37,G,186,G,863,4,N,N,N,N,,,N,N,N,N,N,N,N,,,2022,40089
40,109,451110,G,973,G,6339,G,29145,64,34,10,6,7,6.0,,N,N,N,N,N,N,N,,,2022,40109
40,119,451110,J,114,J,559,J,2492,7,4,N,N,N,,,N,N,N,N,N,N,N,,,2022,40119
40,125,451110,G,52,G,224,G,999,5,N,N,N,N,,,N,N,N,N,N,N,N,,,2022,40125
40,131,451110,G,30,G,266,G,1138,4,N,N,N,N,,,N,N,N,N,N,N,N,,,2022,40131
40,137,451110,J,15,J,136,H,463,3,N,N,N,N,,,N,N,N,N,N,N,N,,,2022,40137
40,143,451110,G,884,G,6003,G,27513,53,23,17,N,6,4.0,,N,N,N,N,N,N,N,,,2022,40143
40,153,451110,J,12,G,83,G,437,5,4,N,N,N,,,N,N,N,N,N,N,N,,,2022,40153
41,003,451110,G,110,G,665,G,2599,12,4,4,3,N,,,N,N,N,N,N,N,N,,,2022,41003
41,005,451110,G,399,G,2774,G,12171,27,10,8,N,5,,,N,N,N,N,N,N,N,,,2022,41005
41,007,451110,J,48,H,250,H,1282,7,3,N,N,N,,,N,N,N,N,N,N,N,,,2022,41007
41,011,451110,J,36,G,218,G,1059,6,4,N,N,N,,,N,N,N,N,N,N,N,,,2022,41011
41,015,451110,G,7,J,29,J,141,3,N,N,N,N,,,N,N,N,N,N,N,N,,,2022,41015
41,017,451110,G,676,G,4287,G,19478,55,19,18,9,6,3.0,,N,N,N,N,N,N,N,,,2022,41017
41,019,451110,J,64,H,385,H,1628,6,3,N,N,N,,,N,N,N,N,N,N,N,,,2022,41019
41,027,451110,H,114,H,1063,H,5161,13,6,4,N,N,,,N,N,N,N,N,N,N,,,2022,41027
41,029,451110,G,358,G,2007,G,9651,32,13,13,3,N,,,N,N,N,N,N,N,N,,,2022,41029
41,033,451110,J,38,H,196,G,863,9,6,N,N,N,,,N,N,N,N,N,N,N,,,2022,41033
41,035,451110,H,79,H,393,H,1589,8,4,N,N,N,,,N,N,N,N,N,N,N,,,2022,41035
41,039,451110,G,504,G,4153,G,17667,39,16,6,11,4,,,N,N,N,N,N,N,N,,,2022,41039
41,041,451110,H,46,H,183,H,880,8,4,N,N,N,,,N,N,N,N,N,N,N,,,2022,41041
41,043,451110,J,95,J,402,J,1809,11,7,N,N,N,,,N,N,N,N,N,N,N,,,2022,41043
41,045,451110,G,36,G,181,G,790,3,N,N,N,N,,,N,N,N,N,N,N,N,,,2022,41045
41,047,451110,G,296,G,1477,G,6614,19,4,7,5,N,,,N,N,N,N,N,N,N,,,2022,41047
41,051,451110,G,1241,G,9267,G,42737,82,30,22,15,10,3.0,,N,N,N,N,N,N,N,,,2022,41051
41,053,451110,J,4,J,20,H,94,3,3,N,N,N,,,N,N,N,N,N,N,N,,,2022,41053
41,057,451110,J,26,J,145,J,687,3,N,N,N,N,,,N,N,N,N,N,N,N,,,2022,41057
41,059,451110,J,32,H,178,H,794,8,5,N,N,N,,,N,N,N,N,N,N,N,,,2022,41059
41,061,451110,H,25,H,108,H,482,5,4,N,N,N,,,N,N,N,N,N,N,N,,,2022,41061
41,067,451110,G,1013,G,10274,G,43833,47,16,9,10,5,4.0,3.0,N,N,N,N,N,N,N,,,2022,41067
41,071,451110,J,19,J,74,J,384,3,N,N,N,N,,,N,N,N,N,N,N,N,,,2022,41071
42,001,451110,J,23,H,107,H,524,5,4,N,N,N,,,N,N,N,N,N,N,N,,,2022,42001
42,003,451110,H,1226,H,7563,H,34611,85,39,14,18,8,3.0,3.0,N,N,N,N,N,N,N,,,2022,42003
42,007,451110,H,84,G,372,H,2195,9,6,N,N,N,,,N,N,N,N,N,N,N,,,2022,42007
42,011,451110,G,432,H,3457,H,16676,17,8,4,3,N,,,N,N,N,N,N,N,N,,,2022,42011
42,013,451110,G,183,H,828,G,3999,16,11,N,N,N,,,N,N,N,N,N,N,N,,,2022,42013
42,015,451110,G,30,G,112,H,436,8,5,3,N,N,,,N,N,N,N,N,N,N,,,2022,42015
42,017,451110,G,288,G,1384,G,6967,41,25,8,5,N,,,N,N,N,N,N,N,N,,,2022,42017
42,019,451110,J,369,J,1936,H,10310,20,11,N,5,N,,,N,N,N,N,N,N,N,,,2022,42019
42,021,451110,H,66,G,358,G,1572,11,5,4,N,N,,,N,N,N,N,N,N,N,,,2022,42021
42,025,451110,G,22,H,144,H,609,4,N,N,N,N,,,N,N,N,N,N,N,N,,,2022,42025
42,027,451110,H,152,H,564,G,2972,14,6,4,N,3,,,N,N,N,N,N,N,N,,,2022,42027
42,029,451110,G,253,G,1319,G,6068,28,18,4,3,N,,,N,N,N,N,N,N,N,,,2022,42029
42,031,451110,H,23,G,189,G,838,4,N,N,N,N,,,N,N,N,N,N,N,N,,,2022,42031
42,033,451110,G,113,G,608,H,4159,9,4,N,N,N,,,N,N,N,N,N,N,N,,,2022,42033
42,037,451110,H,35,H,134,H,580,4,3,N,N,N,,,N,N,N,N,N,N,N,,,2022,42037
42,039,451110,H,40,G,142,G,677,8,7,N,N,N,,,N,N,N,N,N,N,N,,,2022,42039
42,041,451110,G,284,G,1545,G,6938,17,5,5,4,N,,,N,N,N,N,N,N,N,,,2022,42041
42,043,451110,H,257,H,2011,H,9058,13,7,3,N,N,,,N,N,N,N,N,N,N,,,2022,42043
42,045,451110,H,108,H,822,H,4006,24,15,5,4,N,,,N,N,N,N,N,N,N,,,2022,42045
42,047,451110,J,43,J,308,J,1129,4,N,N,N,N,,,N,N,N,N,N,N,N,,,2022,42047
42,049,451110,H,221,G,867,G,4786,22,14,4,N,N,,,N,N,N,N,N,N,N,,,2022,42049
42,051,451110,J,89,J,303,J,2274,6,4,N,N,N,,,N,N,N,N,N,N,N,,,2022,42051
42,055,451110,H,107,H,580,G,2705,10,6,N,N,N,,,N,N,N,N,N,N,N,,,2022,42055
42,063,451110,G,27,J,114,H,494,5,3,N,N,N,,,N,N,N,N,N,N,N,,,2022,42063
42,065,451110,G,9,G,38,H,154,6,6,N,N,N,,,N,N,N,N,N,N,N,,,2022,42065
42,069,451110,G,253,G,1119,G,5687,12,3,N,5,N,,,N,N,N,N,N,N,N,,,2022,42069
42,071,451110,G,312,G,2070,G,9051,38,16,14,4,4,,,N,N,N,N,N,N,N,,,2022,42071
42,073,451110,H,59,G,213,H,1010,8,5,N,N,N,,,N,N,N,N,N,N,N,,,2022,42073
42,075,451110,J,59,G,299,G,1275,12,9,N,N,N,,,N,N,N,N,N,N,N,,,2022,42075
42,077,451110,G,305,G,1540,H,7916,26,13,6,N,3,,,N,N,N,N,N,N,N,,,2022,42077
42,079,451110,G,172,H,743,G,3554,22,14,3,N,N,,,N,N,N,N,N,N,N,,,2022,42079
42,081,451110,G,115,H,519,G,2571,6,N,N,N,N,,,N,N,N,N,N,N,N,,,2022,42081
42,085,451110,H,51,H,263,H,1217,9,3,5,N,N,,,N,N,N,N,N,N,N,,,2022,42085
42,087,451110,H,26,H,95,H,464,4,3,N,N,N,,,N,N,N,N,N,N,N,,,2022,42087
42,089,451110,J,144,H,669,J,3150,13,6,3,N,3,,,N,N,N,N,N,N,N,,,2022,42089
42,091,451110,G,1065,H,5520,H,27127,58,26,9,10,4,8.0,,N,N,N,N,N,N,N,,,2022,42091
42,095,451110,G,130,G,683,G,3462,21,16,4,N,N,,,N,N,N,N,N,N,N,,,2022,42095
42,097,451110,H,21,H,125,G,683,5,N,3,N,N,,,N,N,N,N,N,N,N,,,2022,42097
42,099,451110,H,29,G,66,G,282,4,N,N,N,N,,,N,N,N,N,N,N,N,,,2022,42099
42,101,451110,H,278,G,1693,H,6225,35,15,12,6,N,,,N,N,N,N,N,N,N,,,2022,42101
42,103,451110,H,32,G,171,G,692,6,N,3,N,N,,,N,N,N,N,N,N,N,,,2022,42103
42,107,451110,H,43,G,221,G,996,13,11,N,N,N,,,N,N,N,N,N,N,N,,,2022,42107
42,109,451110,H,71,H,247,H,1366,3,N,N,N,N,,,N,N,N,N,N,N,N,,,2022,42109
42,111,451110,H,27,H,146,G,402,6,5,N,N,N,,,N,N,N,N,N,N,N,,,2022,42111
42,115,451110,G,19,H,166,H,780,4,3,N,N,N,,,N,N,N,N,N,N,N,,,2022,42115
42,117,451110,G,27,H,68,H,348,6,4,N,N,N,,,N,N,N,N,N,N,N,,,2022,42117
42,121,451110,J,33,J,135,J,696,4,N,N,N,N,,,N,N,N,N,N,N,N,,,2022,42121
42,123,451110,J,28,H,171,J,767,3,N,N,N,N,,,N,N,N,N,N,N,N,,,2022,42123
42,125,451110,H,145,H,858,G,3947,12,7,N,N,N,,,N,N,N,N,N,N,N,,,2022,42125
42,127,451110,H,27,H,180,H,866,7,5,N,N,N,,,N,N,N,N,N,N,N,,,2022,42127
42,129,451110,H,171,G,1120,G,5113,19,11,5,N,N,,,N,N,N,N,N,N,N,,,2022,42129
42,133,451110,G,220,H,1481,H,6430,28,17,6,N,N,,,N,N,N,N,N,N,N,,,2022,42133
44,003,451110,J,99,H,838,H,3541,17,8,5,3,N,,,N,N,N,N,N,N,N,,,2022,44003
44,005,451110,H,34,G,116,G,551,7,4,N,N,N,,,N,N,N,N,N,N,N,,,2022,44005
44,007,451110,H,418,H,3578,H,16281,31,16,5,5,N,,,N,N,N,N,N,N,N,,,2022,44007
44,009,451110,G,101,G,434,G,2132,18,9,5,4,N,,,N,N,N,N,N,N,N,,,2022,44009
45,003,451110,G,123,H,645,H,2780,10,3,N,4,N,,,N,N,N,N,N,N,N,,,2022,45003
45,007,451110,H,205,H,1044,H,4739,12,6,N,N,3,,,N,N,N,N,N,N,N,,,2022,45007
45,013,451110,G,190,G,1024,G,4338,27,14,7,4,N,,,N,N,N,N,N,N,N,,,2022,45013
45,015,451110,G,110,H,528,H,2648,8,3,3,N,N,,,N,N,N,N,N,N,N,,,2022,45015
45,019,451110,G,613,G,5967,G,26548,36,14,10,5,4,,,N,N,N,N,N,N,N,,,2022,45019
45,027,451110,J,5,J,35,H,182,3,3,N,N,N,,,N,N,N,N,N,N,N,,,2022,45027
45,041,451110,H,142,H,806,H,3613,8,3,N,N,N,,,N,N,N,N,N,N,N,,,2022,45041
45,043,451110,H,43,G,251,G,1142,8,4,4,N,N,,,N,N,N,N,N,N,N,,,2022,45043
45,045,451110,G,544,G,3317,G,14885,38,20,5,6,4,,,N,N,N,N,N,N,N,,,2022,45045
45,047,451110,J,27,J,93,J,501,4,N,N,N,N,,,N,N,N,N,N,N,N,,,2022,45047
45,051,451110,G,458,G,2864,G,11912,36,20,8,N,3,,,N,N,N,N,N,N,N,,,2022,45051
45,055,451110,G,24,G,157,G,798,5,4,N,N,N,,,N,N,N,N,N,N,N,,,2022,45055
45,063,451110,H,662,H,4878,H,24462,12,4,N,N,N,4.0,,N,N,N,N,N,N,N,,,2022,45063
45,073,451110,G,28,G,157,G,756,7,5,N,N,N,,,N,N,N,N,N,N,N,,,2022,45073
45,075,451110,J,17,G,97,G,455,4,N,N,N,N,,,N,N,N,N,N,N,N,,,2022,45075
45,077,451110,G,83,H,414,H,1754,3,N,N,N,N,,,N,N,N,N,N,N,N,,,2022,45077
45,079,451110,G,274,G,1713,G,7323,27,11,11,N,3,,,N,N,N,N,N,N,N,,,2022,45079
45,083,451110,H,140,H,880,H,3620,13,8,N,3,N,,,N,N,N,N,N,N,N,,,2022,45083
45,085,451110,G,11,J,46,H,200,3,N,N,N,N,,,N,N,N,N,N,N,N,,,2022,45085
45,091,451110,G,282,H,1800,H,8239,14,6,3,N,N,,,N,N,N,N,N,N,N,,,2022,45091
46,011,451110,J,36,H,136,G,641,4,N,N,N,N,,,N,N,N,N,N,N,N,,,2022,46011
46,013,451110,G,58,H,392,H,1691,7,4,N,N,N,,,N,N,N,N,N,N,N,,,2022,46013
46,029,451110,H,38,G,172,G,818,5,N,N,N,N,,,N,N,N,N,N,N,N,,,2022,46029
46,035,451110,J,93,J,902,J,4223,6,3,N,N,N,,,N,N,N,N,N,N,N,,,2022,46035
46,081,451110,J,14,H,90,G,538,5,3,N,N,N,,,N,N,N,N,N,N,N,,,2022,46081
46,099,451110,J,667,J,5987,J,22310,18,5,6,4,N,,,N,N,N,N,N,N,N,,,2022,46099
46,103,451110,G,421,G,4016,G,15859,21,11,5,N,N,,,N,N,N,N,N,N,N,,,2022,46103
47,001,451110,H,52,J,180,J,1154,5,3,N,N,N,,,N,N,N,N,N,N,N,,,2022,47001
47,009,451110,G,83,H,450,H,2743,10,6,3,N,N,,,N,N,N,N,N,N,N,,,2022,47009
47,011,451110,H,30,G,140,G,768,6,4,N,N,N,,,N,N,N,N,N,N,N,,,2022,47011
47,019,451110,G,8,G,33,G,138,5,5,N,N,N,,,N,N,N,N,N,N,N,,,2022,47019
47,029,451110,J,2,J,12,G,70,3,3,N,N,N,,,N,N,N,N,N,N,N,,,2022,47029
47,031,451110,H,46,H,193,H,855,6,N,4,N,N,,,N,N,N,N,N,N,N,,,2022,47031
47,035,451110,J,15,J,71,J,317,3,N,N,N,N,,,N,N,N,N,N,N,N,,,2022,47035
47,037,451110,G,529,G,3653,G,17909,38,13,13,5,4,,,N,N,N,N,N,N,N,,,2022,47037
47,043,451110,J,28,H,178,H,832,4,N,N,N,N,,,N,N,N,N,N,N,N,,,2022,47043
47,053,451110,G,15,G,77,G,468,5,4,N,N,N,,,N,N,N,N,N,N,N,,,2022,47053
47,063,451110,J,57,J,233,J,1348,4,N,N,N,N,,,N,N,N,N,N,N,N,,,2022,47063
47,065,451110,G,485,G,3360,G,14915,29,12,5,7,N,,,N,N,N,N,N,N,N,,,2022,47065
47,093,451110,G,426,G,2502,G,11588,39,18,13,4,N,,,N,N,N,N,N,N,N,,,2022,47093
47,107,451110,J,16,G,76,H,374,4,3,N,N,N,,,N,N,N,N,N,N,N,,,2022,47107
47,113,451110,J,121,H,655,H,3197,6,N,N,N,N,,,N,N,N,N,N,N,N,,,2022,47113
47,117,451110,J,5,H,34,G,135,3,3,N,N,N,,,N,N,N,N,N,N,N,,,2022,47117
47,119,451110,J,49,J,377,J,1624,4,N,N,N,N,,,N,N,N,N,N,N,N,,,2022,47119
47,125,451110,H,188,H,827,H,3800,13,7,N,3,N,,,N,N,N,N,N,N,N,,,2022,47125
47,141,451110,J,115,J,707,J,2906,7,3,N,3,N,,,N,N,N,N,N,N,N,,,2022,47141
47,145,451110,J,11,H,73,H,476,3,N,N,N,N,,,N,N,N,N,N,N,N,,,2022,47145
47,149,451110,G,274,G,1683,G,7934,16,6,4,N,N,3.0,,N,N,N,N,N,N,N,,,2022,47149
47,155,451110,H,568,H,3402,H,17152,15,8,N,N,3,,,N,N,N,N,N,N,N,,,2022,47155
47,157,451110,G,683,H,4468,H,20519,39,15,11,4,4,4.0,,N,N,N,N,N,N,N,,,2022,47157
47,163,451110,H,207,H,1264,H,6348,20,13,N,3,N,,,N,N,N,N,N,N,N,,,2022,47163
47,165,451110,H,36,J,262,H,1394,7,4,N,N,N,,,N,N,N,N,N,N,N,,,2022,47165
47,179,451110,H,177,G,1165,G,5851,7,3,N,N,N,,,N,N,N,N,N,N,N,,,2022,47179
47,187,451110,G,408,G,2366,G,11496,28,10,8,4,3,3.0,,N,N,N,N,N,N,N,,,2022,47187
47,189,451110,H,137,H,717,H,3202,11,7,N,N,N,,,N,N,N,N,N,N,N,,,2022,47189
48,005,451110,J,120,H,563,H,2125,7,5,N,N,N,,,N,N,N,N,N,N,N,,,2022,48005
48,007,451110,G,23,H,309,H,1250,3,N,N,N,N,,,N,N,N,N,N,N,N,,,2022,48007
48,021,451110,J,123,J,633,J,2856,3,N,N,N,N,,,N,N,N,N,N,N,N,,,2022,48021
48,027,451110,H,251,H,1203,H,5638,12,5,N,N,3,,,N,N,N,N,N,N,N,,,2022,48027
48,029,451110,H,1864,G,12001,G,53138,78,30,13,12,9,12.0,,N,N,N,N,N,N,N,,,2022,48029
48,037,451110,G,108,H,612,H,2292,5,3,N,N,N,,,N,N,N,N,N,N,N,,,2022,48037
48,039,451110,J,310,J,1595,J,6901,9,3,N,N,N,3.0,,N,N,N,N,N,N,N,,,2022,48039
48,041,451110,G,200,G,833,G,3654,9,N,4,3,N,,,N,N,N,N,N,N,N,,,2022,48041
48,053,451110,J,8,G,68,J,282,3,N,N,N,N,,,N,N,N,N,N,N,N,,,2022,48053
48,057,451110,G,10,J,40,J,236,3,N,N,N,N,,,N,N,N,N,N,N,N,,,2022,48057
48,061,451110,G,240,G,1745,G,7754,12,7,N,N,N,,,N,N,N,N,N,N,N,,,2022,48061
48,085,451110,H,1322,G,10587,G,45455,70,28,11,10,11,10.0,,N,N,N,N,N,N,N,,,2022,48085
48,091,451110,G,99,G,682,G,3261,10,5,N,N,N,,,N,N,N,N,N,N,N,,,2022,48091
48,099,451110,G,13,G,64,G,305,3,N,N,N,N,,,N,N,N,N,N,N,N,,,2022,48099
48,113,451110,G,1331,G,11784,G,51159,91,39,20,15,9,7.0,,N,N,N,N,N,N,N,,,2022,48113
48,121,451110,H,946,H,7791,H,29860,40,24,4,4,3,4.0,,N,N,N,N,N,N,N,,,2022,48121
48,135,451110,J,256,J,2488,J,9713,5,N,N,N,N,,,N,N,N,N,N,N,N,,,2022,48135
48,139,451110,J,84,J,494,J,2163,3,N,N,N,N,,,N,N,N,N,N,N,N,,,2022,48139
48,141,451110,H,509,G,2856,G,13179,32,13,7,7,N,4.0,,N,N,N,N,N,N,N,,,2022,48141
48,157,451110,H,509,H,2922,H,12509,29,15,4,4,N,5.0,,N,N,N,N,N,N,N,,,2022,48157
48,167,451110,H,245,H,1693,H,7644,20,12,4,N,N,,,N,N,N,N,N,N,N,,,2022,48167
48,171,451110,J,26,H,144,H,597,4,N,N,N,N,,,N,N,N,N,N,N,N,,,2022,48171
48,181,451110,H,119,H,720,H,2928,8,3,N,N,N,,,N,N,N,N,N,N,N,,,2022,48181
48,183,451110,G,165,G,1034,G,4893,13,8,N,N,N,,,N,N,N,N,N,N,N,,,2022,48183
48,201,451110,H,4057,G,26942,G,122640,176,76,27,20,22,23.0,8.0,N,N,N,N,N,N,N,,,2022,48201
48,209,451110,G,249,H,2021,H,9835,8,5,N,N,N,,,N,N,N,N,N,N,N,,,2022,48209
48,215,451110,H,518,H,2719,H,10842,26,12,6,3,N,3.0,,N,N,N,N,N,N,N,,,2022,48215
48,219,451110,J,8,J,62,J,248,3,N,N,N,N,,,N,N,N,N,N,N,N,,,2022,48219
48,221,451110,G,24,G,145,G,658,7,5,N,N,N,,,N,N,N,N,N,N,N,,,2022,48221
48,227,451110,G,2,J,12,J,112,3,3,N,N,N,,,N,N,N,N,N,N,N,,,2022,48227
48,231,451110,J,88,J,454,J,1805,3,N,N,N,N,,,N,N,N,N,N,N,N,,,2022,48231
48,245,451110,G,298,G,1688,G,6947,11,7,N,N,N,,,N,N,N,N,N,N,N,,,2022,48245
48,251,451110,G,31,G,217,G,1120,9,6,3,N,N,,,N,N,N,N,N,N,N,,,2022,48251
48,257,451110,J,93,J,510,J,1980,3,N,N,N,N,,,N,N,N,N,N,N,N,,,2022,48257
48,259,451110,H,22,G,151,G,802,5,3,N,N,N,,,N,N,N,N,N,N,N,,,2022,48259
48,265,451110,H,27,G,212,G,893,3,N,N,N,N,,,N,N,N,N,N,N,N,,,2022,48265
48,285,451110,J,3,J,36,J,170,3,3,N,N,N,,,N,N,N,N,N,N,N,,,2022,48285
48,291,451110,J,10,J,59,J,311,3,N,N,N,N,,,N,N,N,N,N,N,N,,,2022,48291
48,303,451110,G,392,G,2249,G,9694,24,7,9,4,N,3.0,,N,N,N,N,N,N,N,,,2022,48303
48,309,451110,G,212,G,1502,G,6676,12,4,3,3,N,,,N,N,N,N,N,N,N,,,2022,48309
48,317,451110,J,2,H,44,G,161,3,3,N,N,N,,,N,N,N,N,N,N,N,,,2022,48317
48,321,451110,G,8,H,31,G,174,4,4,N,N,N,,,N,N,N,N,N,N,N,,,2022,48321
48,329,451110,G,142,G,1048,G,4300,10,5,N,N,N,,,N,N,N,N,N,N,N,,,2022,48329
48,339,451110,H,569,H,3703,H,16506,29,11,6,5,3,3.0,,N,N,N,N,N,N,N,,,2022,48339
48,355,451110,G,387,G,2865,G,12901,28,11,10,N,4,,,N,N,N,N,N,N,N,,,2022,48355
48,361,451110,G,25,G,114,G,520,3,N,N,N,N,,,N,N,N,N,N,N,N,,,2022,48361
48,367,451110,J,228,J,1379,J,6310,8,4,N,N,N,,,N,N,N,N,N,N,N,,,2022,48367
48,375,451110,G,19,J,151,H,810,4,N,3,N,N,,,N,N,N,N,N,N,N,,,2022,48375
48,381,451110,H,145,J,889,J,3558,9,5,N,N,N,,,N,N,N,N,N,N,N,,,2022,48381
48,397,451110,J,125,J,693,J,3374,8,5,N,N,N,,,N,N,N,N,N,N,N,,,2022,48397
48,409,451110,J,93,J,433,J,1625,5,4,N,N,N,,,N,N,N,N,N,N,N,,,2022,48409
48,423,451110,J,157,H,978,H,3912,12,7,3,N,N,,,N,N,N,N,N,N,N,,,2022,48423
48,439,451110,G,2217,G,17557,G,77187,103,40,17,13,16,15.0,,N,N,N,N,N,N,N,,,2022,48439
48,441,451110,G,107,H,666,H,2794,7,3,3,N,N,,,N,N,N,N,N,N,N,,,2022,48441
48,451,451110,H,125,G,910,G,3694,9,3,5,N,N,,,N,N,N,N,N,N,N,,,2022,48451
48,453,451110,H,1644,H,13729,H,53634,74,27,11,16,6,13.0,,N,N,N,N,N,N,N,,,2022,48453
48,467,451110,J,19,J,192,J,613,3,N,N,N,N,,,N,N,N,N,N,N,N,,,2022,48467
48,469,451110,G,104,H,593,G,2369,7,5,N,N,N,,,N,N,N,N,N,N,N,,,2022,48469
48,471,451110,J,122,J,818,J,3520,4,N,N,N,N,,,N,N,N,N,N,N,N,,,2022,48471
48,479,451110,H,227,H,1179,H,4690,10,3,N,3,N,,,N,N,N,N,N,N,N,,,2022,48479
48,485,451110,H,94,H,521,H,1961,6,3,N,N,N,,,N,N,N,N,N,N,N,,,2022,48485
48,491,451110,G,645,H,5411,H,25681,33,15,8,3,N,6.0,,N,N,N,N,N,N,N,,,2022,48491
49,005,451110,J,554,J,2423,J,12053,8,N,N,N,N,,,N,N,N,N,N,N,N,,,2022,49005
49,007,451110,J,23,H,81,H,359,4,N,N,N,N,,,N,N,N,N,N,N,N,,,2022,49007
49,011,451110,G,433,G,2708,G,11347,31,13,5,8,3,,,N,N,N,N,N,N,N,,,2022,49011
49,017,451110,J,38,H,77,H,679,3,N,N,N,N,,,N,N,N,N,N,N,N,,,2022,49017
49,019,451110,H,103,H,475,H,2572,10,3,3,N,3,,,N,N,N,N,N,N,N,,,2022,49019
49,021,451110,G,76,G,418,G,1461,7,3,N,N,N,,,N,N,N,N,N,N,N,,,2022,49021
49,035,451110,G,2297,G,17801,G,72089,119,36,22,38,13,7.0,,N,N,N,N,N,N,N,,,2022,49035
49,041,451110,H,69,J,629,J,2819,3,N,N,N,N,,,N,N,N,N,N,N,N,,,2022,49041
49,043,451110,H,632,G,5210,G,18320,50,13,13,16,6,,,N,N,N,N,N,N,N,,,2022,49043
49,047,451110,G,68,G,437,H,2054,3,N,N,N,N,,,N,N,N,N,N,N,N,,,2022,49047
49,049,451110,G,658,G,3698,G,17167,41,13,12,9,4,,,N,N,N,N,N,N,N,,,2022,49049
49,051,451110,J,65,H,270,H,1126,5,3,N,N,N,,,N,N,N,N,N,N,N,,,2022,49051
49,053,451110,G,347,G,1958,G,8709,28,14,4,5,3,,,N,N,N,N,N,N,N,,,2022,49053
49,057,451110,H,376,H,2149,G,7575,23,5,8,4,4,,,N,N,N,N,N,N,N,,,2022,49057
50,001,451110,H,30,H,161,G,747,8,4,4,N,N,,,N,N,N,N,N,N,N,,,2022,50001
50,003,451110,J,27,G,214,H,940,8,6,N,N,N,,,N,N,N,N,N,N,N,,,2022,50003
50,005,451110,G,14,G,115,G,520,4,3,N,N,N,,,N,N,N,N,N,N,N,,,2022,50005
50,007,451110,H,621,H,3818,H,18685,25,7,6,7,N,4.0,,N,N,N,N,N,N,N,,,2022,50007
50,011,451110,J,31,J,267,J,873,6,4,N,N,N,,,N,N,N,N,N,N,N,,,2022,50011
50,015,451110,H,106,H,941,H,4135,9,4,3,N,N,,,N,N,N,N,N,N,N,,,2022,50015
50,019,451110,J,24,H,108,G,391,4,N,N,N,N,,,N,N,N,N,N,N,N,,,2022,50019
50,021,451110,G,134,G,1062,G,4037,13,4,4,3,N,,,N,N,N,N,N,N,N,,,2022,50021
50,023,451110,G,129,G,977,G,3955,17,7,5,4,N,,,N,N,N,N,N,N,N,,,2022,50023
50,025,451110,G,75,G,702,G,2114,15,8,6,N,N,,,N,N,N,N,N,N,N,,,2022,50025
50,027,451110,J,88,H,609,H,1956,8,3,N,N,N,,,N,N,N,N,N,N,N,,,2022,50027
51,003,451110,H,169,H,936,H,4797,10,4,3,N,N,,,N,N,N,N,N,N,N,,,2022,51003
51,009,451110,G,3,J,16,J,200,3,3,N,N,N,,,N,N,N,N,N,N,N,,,2022,51009
51,013,451110,J,79,H,517,H,2478,9,N,3,5,N,,,N,N,N,N,N,N,N,,,2022,51013
51,015,451110,J,31,H,149,H,707,3,N,N,N,N,,,N,N,N,N,N,N,N,,,2022,51015
51,019,451110,H,71,G,421,H,1878,8,3,3,N,N,,,N,N,N,N,N,N,N,,,2022,51019
51,023,451110,J,6,H,39,H,194,3,N,N,N,N,,,N,N,N,N,N,N,N,,,2022,51023
51,041,451110,G,171,G,984,H,5052,16,5,7,N,N,,,N,N,N,N,N,N,N,,,2022,51041
51,047,451110,H,44,H,206,J,1158,3,N,N,N,N,,,N,N,N,N,N,N,N,,,2022,51047
51,059,451110,G,943,H,7876,G,33756,48,19,9,7,5,7.0,,N,N,N,N,N,N,N,,,2022,51059
51,061,451110,H,48,H,300,H,1234,5,N,3,N,N,,,N,N,N,N,N,N,N,,,2022,51061
51,067,451110,G,5,J,33,G,168,3,3,N,N,N,,,N,N,N,N,N,N,N,,,2022,51067
51,069,451110,J,11,J,67,J,312,4,3,N,N,N,,,N,N,N,N,N,N,N,,,2022,51069
51,085,451110,J,278,J,2656,J,13283,8,5,N,N,N,,,N,N,N,N,N,N,N,,,2022,51085
51,087,451110,H,485,H,4746,H,20506,25,9,6,3,3,4.0,,N,N,N,N,N,N,N,,,2022,51087
51,095,451110,H,42,H,267,H,1129,6,N,3,N,N,,,N,N,N,N,N,N,N,,,2022,51095
51,107,451110,H,344,H,1940,H,9886,24,9,5,5,4,,,N,N,N,N,N,N,N,,,2022,51107
51,121,451110,J,103,J,424,J,2201,5,N,N,N,N,,,N,N,N,N,N,N,N,,,2022,51121
51,131,451110,J,7,J,89,H,292,3,N,N,N,N,,,N,N,N,N,N,N,N,,,2022,51131
51,143,451110,J,19,J,140,J,749,5,4,N,N,N,,,N,N,N,N,N,N,N,,,2022,51143
51,153,451110,G,476,G,3080,G,15325,28,12,6,4,3,,,N,N,N,N,N,N,N,,,2022,51153
51,161,451110,H,45,H,196,H,735,8,4,N,N,N,,,N,N,N,N,N,N,N,,,2022,51161
51,165,451110,G,12,G,56,G,237,3,N,N,N,N,,,N,N,N,N,N,N,N,,,2022,51165
51,177,451110,G,63,G,388,G,2265,6,4,N,N,N,,,N,N,N,N,N,N,N,,,2022,51177
51,179,451110,J,21,G,102,G,429,5,N,3,N,N,,,N,N,N,N,N,N,N,,,2022,51179
51,191,451110,H,48,H,333,H,2109,9,5,N,N,N,,,N,N,N,N,N,N,N,,,2022,51191
51,199,451110,G,55,G,298,H,1576,7,5,N,N,N,,,N,N,N,N,N,N,N,,,2022,51199
51,510,451110,J,58,J,358,J,1440,8,4,N,N,N,,,N,N,N,N,N,N,N,,,2022,51510
51,540,451110,J,58,H,212,H,980,7,3,N,N,N,,,N,N,N,N,N,N,N,,,2022,51540
51,550,451110,H,163,H,744,H,3938,7,N,3,N,N,,,N,N,N,N,N,N,N,,,2022,51550
51,570,451110,H,109,H,671,G,3274,5,N,N,N,N,,,N,N,N,N,N,N,N,,,2022,51570
51,590,451110,J,44,H,165,H,782,4,N,N,N,N,,,N,N,N,N,N,N,N,,,2022,51590
51,600,451110,H,175,H,873,G,4226,7,N,N,3,N,,,N,N,N,N,N,N,N,,,2022,51600
51,610,451110,G,9,J,57,J,246,3,N,N,N,N,,,N,N,N,N,N,N,N,,,2022,51610
51,630,451110,H,57,G,356,G,1686,8,N,6,N,N,,,N,N,N,N,N,N,N,,,2022,51630
51,650,451110,J,142,J,1383,J,6296,4,N,N,N,N,,,N,N,N,N,N,N,N,,,2022,51650
51,660,451110,J,103,H,450,H,2518,7,3,N,N,N,,,N,N,N,N,N,N,N,,,2022,51660
51,670,451110,J,13,G,40,H,172,3,N,N,N,N,,,N,N,N,N,N,N,N,,,2022,51670
51,680,451110,H,75,H,334,G,1152,7,5,N,N,N,,,N,N,N,N,N,N,N,,,2022,51680
51,700,451110,G,136,G,663,G,3532,9,3,N,N,N,,,N,N,N,N,N,N,N,,,2022,51700
51,710,451110,H,69,G,479,G,1992,10,5,N,N,N,,,N,N,N,N,N,N,N,,,2022,51710
51,740,451110,H,25,J,314,J,1213,3,N,N,N,N,,,N,N,N,N,N,N,N,,,2022,51740
51,760,451110,J,81,J,428,J,2024,9,3,N,N,N,,,N,N,N,N,N,N,N,,,2022,51760
51,770,451110,H,192,H,1053,G,5059,12,5,N,N,N,,,N,N,N,N,N,N,N,,,2022,51770
51,775,451110,G,9,J,7,H,30,4,3,N,N,N,,,N,N,N,N,N,N,N,,,2022,51775
51,790,451110,J,16,G,105,G,494,3,N,N,N,N,,,N,N,N,N,N,N,N,,,2022,51790
51,810,451110,G,530,G,3357,H,15745,36,17,5,4,8,,,N,N,N,N,N,N,N,,,2022,51810
51,840,451110,H,89,H,342,H,1871,7,3,N,N,N,,,N,N,N,N,N,N,N,,,2022,51840
53,005,451110,G,227,G,1511,G,6636,24,12,4,6,N,,,N,N,N,N,N,N,N,,,2022,53005
53,007,451110,J,87,G,631,G,3184,11,5,N,4,N,,,N,N,N,N,N,N,N,,,2022,53007
53,009,451110,H,52,G,279,G,1345,11,7,N,N,N,,,N,N,N,N,N,N,N,,,2022,53009
53,011,451110,J,178,H,1072,H,4822,20,11,4,3,N,,,N,N,N,N,N,N,N,,,2022,53011
53,015,451110,J,145,J,1233,J,5004,9,4,N,N,N,,,N,N,N,N,N,N,N,,,2022,53015
53,025,451110,J,51,J,273,J,1122,3,N,N,N,N,,,N,N,N,N,N,N,N,,,2022,53025
53,027,451110,H,27,G,181,G,673,8,6,N,N,N,,,N,N,N,N,N,N,N,,,2022,53027
53,029,451110,J,28,G,106,G,457,6,5,N,N,N,,,N,N,N,N,N,N,N,,,2022,53029
53,033,451110,G,2632,G,23055,G,97872,171,52,48,39,17,14.0,,N,N,N,N,N,N,N,,,2022,53033
53,035,451110,G,290,G,2004,G,9161,21,8,4,6,N,,,N,N,N,N,N,N,N,,,2022,53035
53,037,451110,G,53,G,374,G,1662,9,4,3,N,N,,,N,N,N,N,N,N,N,,,2022,53037
53,041,451110,J,24,G,134,G,578,4,N,N,N,N,,,N,N,N,N,N,N,N,,,2022,53041
53,047,451110,G,53,G,358,G,1488,9,4,4,N,N,,,N,N,N,N,N,N,N,,,2022,53047
53,053,451110,G,821,G,6363,G,28452,48,21,8,12,N,4.0,,N,N,N,N,N,N,N,,,2022,53053
53,055,451110,G,4,H,24,H,141,3,3,N,N,N,,,N,N,N,N,N,N,N,,,2022,53055
53,057,451110,G,133,G,782,G,3900,13,6,N,3,N,,,N,N,N,N,N,N,N,,,2022,53057
53,061,451110,G,620,G,5336,G,23348,53,23,15,8,5,,,N,N,N,N,N,N,N,,,2022,53061
53,063,451110,G,503,G,3424,G,15770,45,23,8,10,N,,,N,N,N,N,N,N,N,,,2022,53063
53,067,451110,G,342,G,2562,G,12110,16,7,3,3,N,,,N,N,N,N,N,N,N,,,2022,53067
53,071,451110,J,61,J,315,J,1369,6,3,N,N,N,,,N,N,N,N,N,N,N,,,2022,53071
53,073,451110,G,384,G,2247,G,11310,27,13,4,5,N,3.0,,N,N,N,N,N,N,N,,,2022,53073
53,077,451110,H,191,H,1792,H,8076,9,3,N,3,N,,,N,N,N,N,N,N,N,,,2022,53077
54,003,451110,H,53,G,317,G,1738,6,3,N,N,N,,,N,N,N,N,N,N,N,,,2022,54003
54,011,451110,J,187,H,2148,G,5567,4,N,N,N,N,,,N,N,N,N,N,N,N,,,2022,54011
54,019,451110,J,14,G,33,H,239,4,N,N,N,N,,,N,N,N,N,N,N,N,,,2022,54019
54,025,451110,J,18,J,124,J,668,3,N,N,N,N,,,N,N,N,N,N,N,N,,,2022,54025
54,037,451110,J,14,H,40,G,263,4,3,N,N,N,,,N,N,N,N,N,N,N,,,2022,54037
54,039,451110,H,201,H,1525,H,7193,7,N,3,N,N,,,N,N,N,N,N,N,N,,,2022,54039
54,055,451110,J,16,G,113,G,521,5,3,N,N,N,,,N,N,N,N,N,N,N,,,2022,54055
54,061,451110,G,178,G,838,G,3850,10,3,N,N,N,,,N,N,N,N,N,N,N,,,2022,54061
54,069,451110,J,192,J,1829,J,8361,5,N,N,N,N,,,N,N,N,N,N,N,N,,,2022,54069
54,075,451110,J,40,G,198,G,707,6,3,N,3,N,,,N,N,N,N,N,N,N,,,2022,54075
54,079,451110,H,66,G,270,G,1196,4,N,N,N,N,,,N,N,N,N,N,N,N,,,2022,54079
54,081,451110,J,96,H,432,H,2103,7,N,3,N,N,,,N,N,N,N,N,N,N,,,2022,54081
54,083,451110,H,24,H,103,H,461,3,N,N,N,N,,,N,N,N,N,N,N,N,,,2022,54083
54,093,451110,J,16,J,72,H,219,4,N,N,N,N,,,N,N,N,N,N,N,N,,,2022,54093
54,107,451110,H,32,H,152,H,693,6,5,N,N,N,,,N,N,N,N,N,N,N,,,2022,54107
55,003,451110,H,26,J,97,H,509,3,N,N,N,N,,,N,N,N,N,N,N,N,,,2022,55003
55,005,451110,H,52,H,201,H,1153,4,N,N,N,N,,,N,N,N,N,N,N,N,,,2022,55005
55,009,451110,G,314,G,1996,G,10195,22,10,7,3,N,,,N,N,N,N,N,N,N,,,2022,55009
55,013,451110,G,4,H,20,H,88,3,3,N,N,N,,,N,N,N,N,N,N,N,,,2022,55013
55,015,451110,J,49,G,514,G,1975,5,N,N,N,N,,,N,N,N,N,N,N,N,,,2022,55015
55,017,451110,J,21,H,89,G,476,5,3,N,N,N,,,N,N,N,N,N,N,N,,,2022,55017
55,021,451110,J,8,G,19,H,178,3,3,N,N,N,,,N,N,N,N,N,N,N,,,2022,55021
55,023,451110,G,99,H,1064,H,4984,4,N,N,N,N,,,N,N,N,N,N,N,N,,,2022,55023
55,025,451110,G,715,G,4847,G,24696,54,24,11,13,N,3.0,,N,N,N,N,N,N,N,,,2022,55025
55,027,451110,J,50,J,196,J,851,6,3,N,N,N,,,N,N,N,N,N,N,N,,,2022,55027
55,029,451110,G,33,H,173,G,1082,9,6,N,N,N,,,N,N,N,N,N,N,N,,,2022,55029
55,031,451110,H,42,H,294,H,1392,5,N,N,N,N,,,N,N,N,N,N,N,N,,,2022,55031
55,035,451110,J,319,J,2918,J,10011,8,3,4,N,N,,,N,N,N,N,N,N,N,,,2022,55035
55,039,451110,G,19,H,67,H,281,5,N,3,N,N,,,N,N,N,N,N,N,N,,,2022,55039
55,043,451110,J,12,H,38,H,203,5,3,N,N,N,,,N,N,N,N,N,N,N,,,2022,55043
55,059,451110,G,74,G,317,G,1770,8,4,N,N,N,,,N,N,N,N,N,N,N,,,2022,55059
55,063,451110,G,147,G,706,G,3361,17,10,3,3,N,,,N,N,N,N,N,N,N,,,2022,55063
55,069,451110,J,8,H,29,H,269,4,4,N,N,N,,,N,N,N,N,N,N,N,,,2022,55069
55,071,451110,G,23,H,141,G,638,7,5,N,N,N,,,N,N,N,N,N,N,N,,,2022,55071
55,073,451110,G,137,G,706,G,3547,15,7,N,5,N,,,N,N,N,N,N,N,N,,,2022,55073
55,075,451110,J,17,H,97,H,466,3,N,N,N,N,,,N,N,N,N,N,N,N,,,2022,55075
55,079,451110,G,423,G,2758,G,13781,44,21,10,9,N,,,N,N,N,N,N,N,N,,,2022,55079
55,081,451110,J,7,G,59,G,220,5,4,N,N,N,,,N,N,N,N,N,N,N,,,2022,55081
55,083,451110,G,11,G,80,G,401,4,3,N,N,N,,,N,N,N,N,N,N,N,,,2022,55083
55,085,451110,G,70,G,353,G,1550,12,7,N,4,N,,,N,N,N,N,N,N,N,,,2022,55085
55,087,451110,J,520,J,3948,J,14318,22,10,3,4,4,,,N,N,N,N,N,N,N,,,2022,55087
55,089,451110,H,95,H,419,H,2229,12,7,3,N,N,,,N,N,N,N,N,N,N,,,2022,55089
55,093,451110,J,19,H,58,H,392,4,N,N,N,N,,,N,N,N,N,N,N,N,,,2022,55093
55,095,451110,J,16,G,90,G,335,3,N,N,N,N,,,N,N,N,N,N,N,N,,,2022,55095
55,097,451110,G,78,G,356,G,1773,10,3,5,N,N,,,N,N,N,N,N,N,N,,,2022,55097
55,101,451110,G,120,G,700,G,3347,13,5,N,5,N,,,N,N,N,N,N,N,N,,,2022,55101
55,105,451110,G,101,G,413,H,2123,12,7,N,N,N,,,N,N,N,N,N,N,N,,,2022,55105
55,109,451110,G,53,H,457,H,2476,9,4,3,N,N,,,N,N,N,N,N,N,N,,,2022,55109
55,111,451110,J,34,J,161,H,785,6,4,N,N,N,,,N,N,N,N,N,N,N,,,2022,55111
55,113,451110,H,44,H,376,H,1548,5,N,N,N,N,,,N,N,N,N,N,N,N,,,2022,55113
55,117,451110,H,43,G,426,G,1660,8,5,N,N,N,,,N,N,N,N,N,N,N,,,2022,55117
55,123,451110,J,11,J,30,H,217,3,N,N,N,N,,,N,N,N,N,N,N,N,,,2022,55123
55,125,451110,J,33,G,229,G,1263,10,8,N,N,N,,,N,N,N,N,N,N,N,,,2022,55125
55,127,451110,G,41,J,254,H,1144,9,5,N,N,N,,,N,N,N,N,N,N,N,,,2022,55127
55,129,451110,J,27,J,103,J,597,3,N,N,N,N,,,N,N,N,N,N,N,N,,,2022,55129
55,131,451110,H,174,J,1569,J,7213,8,4,3,N,N,,,N,N,N,N,N,N,N,,,2022,55131
55,133,451110,G,722,H,4811,H,22479,48,15,8,16,6,3.0,,N,N,N,N,N,N,N,,,2022,55133
55,135,451110,J,15,J,103,J,562,3,N,N,N,N,,,N,N,N,N,N,N,N,,,2022,55135
55,139,451110,G,145,G,583,H,2762,14,8,N,N,4,,,N,N,N,N,N,N,N,,,2022,55139
55,141,451110,H,33,H,287,H,1243,3,N,N,3,N,,,N,N,N,N,N,N,N,,,2022,55141
56,001,451110,H,26,H,154,H,706,4,N,N,N,N,,,N,N,N,N,N,N,N,,,2022,56001
56,005,451110,H,66,J,399,H,1352,7,4,N,N,N,,,N,N,N,N,N,N,N,,,2022,56005
56,013,451110,G,63,G,460,G,1647,10,4,4,N,N,,,N,N,N,N,N,N,N,,,2022,56013
56,021,451110,G,166,G,735,G,3127,12,5,4,N,N,,,N,N,N,N,N,N,N,,,2022,56021
56,023,451110,J,6,G,41,G,257,3,3,N,N,N,,,N,N,N,N,N,N,N,,,2022,56023
56,025,451110,G,176,G,1110,G,5050,15,8,N,N,N,,,N,N,N,N,N,N,N,,,2022,56025
56,029,451110,G,53,G,275,G,1282,9,5,N,N,N,,,N,N,N,N,N,N,N,,,2022,56029
56,033,451110,G,147,G,995,G,4176,9,3,N,N,4,,,N,N,N,N,N,N,N,,,2022,56033
56,035,451110,J,15,J,107,J,689,5,4,N,N,N,,,N,N,N,N,N,N,N,,,2022,56035
56,037,451110,G,83,G,347,G,1494,4,N,N,N,N,,,N,N,N,N,N,N,N,,,2022,56037
56,039,451110,G,134,G,1215,G,6191,13,5,4,N,N,,,N,N,N,N,N,N,N,,,2022,56039
01,001,451110,J,92,J,592,J,1695,3,N,N,N,N,,,N,N,N,N,N,N,N,,,2023,1001
01,003,451110,G,292,G,1720,G,7716,23,15,3,N,N,,,N,N,N,N,N,N,N,,,2023,1003
01,015,451110,H,83,H,392,H,1747,7,N,3,N,N,,,N,N,N,N,N,N,N,,,2023,1015
01,039,451110,J,7,H,51,G,129,5,5,N,N,N,,,N,N,N,N,N,N,N,,,2023,1039
01,043,451110,H,67,J,462,J,2107,3,N,N,N,N,,,N,N,N,N,N,N,N,,,2023,1043
01,045,451110,H,20,H,172,G,710,3,N,N,N,N,,,N,N,N,N,N,N,N,,,2023,1045
01,049,451110,H,26,G,105,G,507,3,N,N,N,N,,,N,N,N,N,N,N,N,,,2023,1049
01,051,451110,H,124,H,520,H,2228,5,3,N,N,N,,,N,N,N,N,N,N,N,,,2023,1051
01,055,451110,H,121,J,765,H,2402,6,3,N,N,N,,,N,N,N,N,N,N,N,,,2023,1055
01,069,451110,J,148,J,1009,J,3636,7,N,4,N,N,,,N,N,N,N,N,N,N,,,2023,1069
01,071,451110,G,23,G,127,G,558,9,8,N,N,N,,,N,N,N,N,N,N,N,,,2023,1071
01,073,451110,G,652,H,6234,G,24603,37,12,9,6,5,4.0,,N,N,N,N,N,N,N,,,2023,1073
01,077,451110,H,181,H,949,H,3372,5,N,N,N,N,,,N,N,N,N,N,N,N,,,2023,1077
01,081,451110,G,183,G,1012,G,3724,10,4,N,3,N,,,N,N,N,N,N,N,N,,,2023,1081
01,083,451110,J,33,H,122,H,572,4,N,N,N,N,,,N,N,N,N,N,N,N,,,2023,1083
01,089,451110,H,556,H,6001,H,20192,26,11,7,N,3,3.0,,N,N,N,N,N,N,N,,,2023,1089
01,095,451110,G,35,G,170,G,736,6,3,N,N,N,,,N,N,N,N,N,N,N,,,2023,1095
01,097,451110,G,333,H,2232,G,8103,25,11,9,N,N,3.0,,N,N,N,N,N,N,N,,,2023,1097
01,101,451110,G,138,G,976,G,3023,10,5,N,N,N,,,N,N,N,N,N,N,N,,,2023,1101
01,103,451110,J,82,J,558,J,1641,5,4,N,N,N,,,N,N,N,N,N,N,N,,,2023,1103
01,113,451110,J,16,J,121,H,569,3,N,N,N,N,,,N,N,N,N,N,N,N,,,2023,1113
01,115,451110,J,13,G,79,G,297,3,N,N,N,N,,,N,N,N,N,N,N,N,,,2023,1115
01,117,451110,J,143,H,955,H,3775,14,7,3,N,3,,,N,N,N,N,N,N,N,,,2023,1117
01,121,451110,J,8,H,46,G,182,3,N,N,N,N,,,N,N,N,N,N,N,N,,,2023,1121
01,125,451110,G,260,G,1738,G,6266,12,4,N,N,4,,,N,N,N,N,N,N,N,,,2023,1125
02,020,451110,G,595,G,4749,G,18230,33,11,10,5,4,,,N,N,N,N,N,N,N,,,2023,2020
02,090,451110,G,224,G,1177,G,4582,12,5,N,N,3,,,N,N,N,N,N,N,N,,,2023,2090
02,110,451110,J,38,J,201,J,874,4,N,N,N,N,,,N,N,N,N,N,N,N,,,2023,2110
02,122,451110,H,110,H,887,H,3928,15,11,N,N,N,,,N,N,N,N,N,N,N,,,2023,2122
02,170,451110,G,76,H,513,G,2185,13,9,3,N,N,,,N,N,N,N,N,N,N,,,2023,2170
02,220,451110,H,20,G,198,G,803,3,N,N,N,N,,,N,N,N,N,N,N,N,,,2023,2220
04,003,451110,H,35,G,181,G,716,7,6,N,N,N,,,N,N,N,N,N,N,N,,,2023,4003
04,005,451110,G,267,G,1715,G,6298,22,7,4,9,N,,,N,N,N,N,N,N,N,,,2023,4005
04,007,451110,J,19,J,101,J,465,3,N,N,N,N,,,N,N,N,N,N,N,N,,,2023,4007
04,013,451110,G,3846,G,31797,G,126141,302,119,79,66,21,14.0,3.0,N,N,N,N,N,N,N,,,2023,4013
04,015,451110,H,132,G,752,G,2955,25,14,7,4,N,,,N,N,N,N,N,N,N,,,2023,4015
04,017,451110,J,58,G,343,G,1461,12,9,N,N,N,,,N,N,N,N,N,N,N,,,2023,4017
04,019,451110,G,804,G,5896,G,24775,72,35,11,16,8,,,N,N,N,N,N,N,N,,,2023,4019
04,021,451110,J,62,G,351,G,1326,13,9,N,N,N,,,N,N,N,N,N,N,N,,,2023,4021
04,025,451110,H,195,G,1190,G,5172,25,13,5,4,3,,,N,N,N,N,N,N,N,,,2023,4025
04,027,451110,J,101,J,716,J,2923,9,5,N,N,N,,,N,N,N,N,N,N,N,,,2023,4027
05,005,451110,H,51,H,315,H,1320,8,4,3,N,N,,,N,N,N,N,N,N,N,,,2023,5005
05,007,451110,G,520,G,3436,G,15091,32,11,12,N,5,,,N,N,N,N,N,N,N,,,2023,5007
05,023,451110,G,11,H,30,H,127,3,N,N,N,N,,,N,N,N,N,N,N,N,,,2023,5023
05,031,451110,G,158,H,993,G,3253,9,5,N,N,N,,,N,N,N,N,N,N,N,,,2023,5031
05,033,451110,J,20,H,135,H,624,3,N,N,N,N,,,N,N,N,N,N,N,N,,,2023,5033
05,045,451110,J,155,H,877,H,3355,8,4,N,N,N,,,N,N,N,N,N,N,N,,,2023,5045
05,051,451110,H,103,H,586,H,2494,9,5,N,N,N,,,N,N,N,N,N,N,N,,,2023,5051
05,063,451110,H,44,H,307,H,1323,6,4,N,N,N,,,N,N,N,N,N,N,N,,,2023,5063
05,085,451110,J,6,H,39,G,132,3,3,N,N,N,,,N,N,N,N,N,N,N,,,2023,5085
05,115,451110,J,15,G,109,G,412,3,N,N,N,N,,,N,N,N,N,N,N,N,,,2023,5115
05,119,451110,G,626,G,4796,G,19361,42,20,10,6,N,4.0,,N,N,N,N,N,N,N,,,2023,5119
05,125,451110,H,83,H,573,H,1871,5,3,N,N,N,,,N,N,N,N,N,N,N,,,2023,5125
05,131,451110,H,200,H,1710,G,5689,18,11,3,N,N,,,N,N,N,N,N,N,N,,,2023,5131
05,139,451110,G,20,G,160,G,638,4,N,N,N,N,,,N,N,N,N,N,N,N,,,2023,5139
05,143,451110,G,191,H,1316,G,5081,22,11,7,N,N,,,N,N,N,N,N,N,N,,,2023,5143
05,145,451110,J,18,J,57,H,216,7,6,N,N,N,,,N,N,N,N,N,N,N,,,2023,5145
06,001,451110,G,943,G,7609,G,29258,80,36,18,18,4,3.0,,N,N,N,N,N,N,N,,,2023,6001
06,003,451110,J,17,J,144,J,277,3,N,N,N,N,,,N,N,N,N,N,N,N,,,2023,6003
06,005,451110,G,48,G,276,G,1059,4,N,N,N,N,,,N,N,N,N,N,N,N,,,2023,6005
06,007,451110,G,233,G,1748,G,7047,24,10,5,7,N,,,N,N,N,N,N,N,N,,,2023,6007
06,013,451110,G,681,H,6302,H,22653,57,21,11,20,N,3.0,,N,N,N,N,N,N,N,,,2023,6013
06,017,451110,H,227,H,1612,H,5176,22,11,4,4,N,,,N,N,N,N,N,N,N,,,2023,6017
06,019,451110,G,609,G,4106,G,16369,45,17,9,14,N,4.0,,N,N,N,N,N,N,N,,,2023,6019
06,023,451110,H,158,H,1200,H,4670,13,3,4,3,3,,,N,N,N,N,N,N,N,,,2023,6023
06,027,451110,J,66,H,422,H,1864,10,N,5,3,N,,,N,N,N,N,N,N,N,,,2023,6027
06,029,451110,G,280,G,1827,G,7370,24,9,5,6,3,,,N,N,N,N,N,N,N,,,2023,6029
06,033,451110,J,7,H,35,G,162,3,3,N,N,N,,,N,N,N,N,N,N,N,,,2023,6033
06,037,451110,G,4412,G,42033,G,160622,422,209,71,95,31,12.0,4.0,N,N,N,N,N,N,N,,,2023,6037
06,039,451110,J,37,J,204,H,824,4,N,N,N,N,,,N,N,N,N,N,N,N,,,2023,6039
06,041,451110,G,517,G,4843,G,18054,44,16,12,8,7,,,N,N,N,N,N,N,N,,,2023,6041
06,045,451110,J,33,G,205,G,804,7,5,N,N,N,,,N,N,N,N,N,N,N,,,2023,6045
06,047,451110,J,79,H,466,H,1980,9,4,N,4,N,,,N,N,N,N,N,N,N,,,2023,6047
06,051,451110,G,195,G,1982,G,6428,12,5,N,N,3,,,N,N,N,N,N,N,N,,,2023,6051
06,053,451110,G,240,H,1758,H,6616,21,9,3,7,N,,,N,N,N,N,N,N,N,,,2023,6053
06,055,451110,H,89,G,657,G,2275,11,N,6,3,N,,,N,N,N,N,N,N,N,,,2023,6055
06,057,451110,H,229,H,1984,H,6363,20,7,4,4,5,,,N,N,N,N,N,N,N,,,2023,6057
06,059,451110,G,2614,G,21930,G,85293,255,114,61,52,19,8.0,,N,N,N,N,N,N,N,,,2023,6059
06,061,451110,G,581,G,6369,G,22353,51,25,7,15,N,,,N,N,N,N,N,N,N,,,2023,6061
06,065,451110,G,1196,G,9541,G,37511,116,57,15,30,12,,,N,N,N,N,N,N,N,,,2023,6065
06,067,451110,G,952,G,7283,G,28639,86,41,11,24,6,4.0,,N,N,N,N,N,N,N,,,2023,6067
06,069,451110,H,21,H,121,H,476,3,N,N,N,N,,,N,N,N,N,N,N,N,,,2023,6069
06,071,451110,G,1411,G,10736,G,41963,83,33,10,24,11,4.0,,N,N,N,N,N,N,N,,,2023,6071
06,073,451110,G,2680,G,22812,G,93410,260,119,48,66,19,7.0,,N,N,N,N,N,N,N,,,2023,6073
06,075,451110,G,626,G,7501,G,26479,51,24,12,8,N,5.0,,N,N,N,N,N,N,N,,,2023,6075
06,077,451110,G,474,H,3135,H,13404,29,12,5,8,N,,,N,N,N,N,N,N,N,,,2023,6077
06,079,451110,H,362,G,2503,G,9936,40,16,9,12,3,,,N,N,N,N,N,N,N,,,2023,6079
06,081,451110,G,641,G,5716,G,22332,54,23,17,9,N,,,N,N,N,N,N,N,N,,,2023,6081
06,083,451110,G,416,H,2829,H,11538,39,14,14,8,N,,,N,N,N,N,N,N,N,,,2023,6083
06,085,451110,G,1382,G,14510,G,53145,86,28,18,24,8,7.0,,N,N,N,N,N,N,N,,,2023,6085
06,087,451110,H,331,G,2454,G,9539,28,10,3,11,3,,,N,N,N,N,N,N,N,,,2023,6087
06,089,451110,H,216,G,1411,G,5716,19,7,6,3,3,,,N,N,N,N,N,N,N,,,2023,6089
06,093,451110,H,38,H,304,H,1142,4,N,N,N,N,,,N,N,N,N,N,N,N,,,2023,6093
06,095,451110,G,270,G,1633,G,6775,23,5,9,5,4,,,N,N,N,N,N,N,N,,,2023,6095
06,097,451110,G,499,G,3890,G,15175,41,18,7,11,3,,,N,N,N,N,N,N,N,,,2023,6097
06,099,451110,G,281,G,2053,G,8199,23,8,5,6,3,,,N,N,N,N,N,N,N,,,2023,6099
06,101,451110,G,86,G,559,G,2141,6,N,N,N,N,,,N,N,N,N,N,N,N,,,2023,6101
06,107,451110,G,223,G,1234,G,5092,15,4,3,6,N,,,N,N,N,N,N,N,N,,,2023,6107
06,109,451110,J,27,G,224,G,908,7,6,N,N,N,,,N,N,N,N,N,N,N,,,2023,6109
06,111,451110,G,615,G,4294,G,16932,57,23,11,16,5,,,N,N,N,N,N,N,N,,,2023,6111
06,113,451110,H,122,H,831,G,3325,15,7,4,3,N,,,N,N,N,N,N,N,N,,,2023,6113
08,001,451110,H,366,H,2927,H,12255,18,6,5,N,4,,,N,N,N,N,N,N,N,,,2023,8001
08,003,451110,G,27,G,216,G,939,3,N,N,N,N,,,N,N,N,N,N,N,N,,,2023,8003
08,005,451110,G,651,G,5079,G,19607,43,14,10,10,8,,,N,N,N,N,N,N,N,,,2023,8005
08,007,451110,G,54,G,306,G,1083,8,5,N,N,N,,,N,N,N,N,N,N,N,,,2023,8007
08,013,451110,G,736,G,5543,G,21173,57,23,16,8,8,,,N,N,N,N,N,N,N,,,2023,8013
08,014,451110,H,229,H,1455,H,5867,5,N,N,N,N,,,N,N,N,N,N,N,N,,,2023,8014
08,015,451110,G,103,G,605,G,2847,14,5,5,3,N,,,N,N,N,N,N,N,N,,,2023,8015
08,019,451110,H,22,H,176,H,558,4,N,N,N,N,,,N,N,N,N,N,N,N,,,2023,8019
08,031,451110,G,1064,G,9517,G,34657,58,18,16,15,4,3.0,,N,N,N,N,N,N,N,,,2023,8031
08,035,451110,H,587,G,5954,G,21411,39,20,N,10,4,,,N,N,N,N,N,N,N,,,2023,8035
08,037,451110,G,618,G,6510,G,17097,68,32,15,12,8,,,N,N,N,N,N,N,N,,,2023,8037
08,041,451110,G,1353,H,10314,H,39519,58,16,15,13,9,,,N,N,N,N,N,N,N,,,2023,8041
08,045,451110,H,162,H,1074,H,3896,16,7,4,3,N,,,N,N,N,N,N,N,N,,,2023,8045
08,049,451110,G,77,H,580,G,1909,11,5,3,N,N,,,N,N,N,N,N,N,N,,,2023,8049
08,051,451110,G,156,G,974,G,3503,17,9,N,4,3,,,N,N,N,N,N,N,N,,,2023,8051
08,059,451110,G,1002,G,7619,G,30216,79,29,16,23,6,5.0,,N,N,N,N,N,N,N,,,2023,8059
08,065,451110,J,14,H,97,H,373,4,N,N,N,N,,,N,N,N,N,N,N,N,,,2023,8065
08,067,451110,G,147,G,1108,G,5367,17,6,4,5,N,,,N,N,N,N,N,N,N,,,2023,8067
08,069,451110,H,1472,H,10850,H,41859,59,21,12,11,8,6.0,,N,N,N,N,N,N,N,,,2023,8069
08,077,451110,G,388,G,2628,G,10551,24,11,4,4,N,,,N,N,N,N,N,N,N,,,2023,8077
08,079,451110,J,11,J,46,G,522,4,3,N,N,N,,,N,N,N,N,N,N,N,,,2023,8079
08,083,451110,J,10,H,42,H,270,3,N,N,N,N,,,N,N,N,N,N,N,N,,,2023,8083
08,085,451110,J,82,H,449,H,1761,11,8,N,N,N,,,N,N,N,N,N,N,N,,,2023,8085
08,093,451110,G,14,H,27,J,85,3,N,N,N,N,,,N,N,N,N,N,N,N,,,2023,8093
08,097,451110,G,238,G,2537,G,6525,34,18,6,9,N,,,N,N,N,N,N,N,N,,,2023,8097
08,101,451110,G,137,G,678,G,2905,10,5,N,N,3,,,N,N,N,N,N,N,N,,,2023,8101
08,107,451110,G,287,G,2446,G,7518,23,6,9,5,N,,,N,N,N,N,N,N,N,,,2023,8107
08,113,451110,G,126,G,1303,G,3539,15,7,3,4,N,,,N,N,N,N,N,N,N,,,2023,8113
08,117,451110,G,615,G,5536,G,14980,53,15,14,16,7,,,N,N,N,N,N,N,N,,,2023,8117
08,119,451110,J,13,J,58,J,265,3,N,N,N,N,,,N,N,N,N,N,N,N,,,2023,8119
08,123,451110,H,141,H,1226,G,5106,16,9,3,N,N,,,N,N,N,N,N,N,N,,,2023,8123
09,110,451110,G,788,G,6653,G,25891,63,30,14,7,8,3.0,,N,N,N,N,N,N,N,,,2023,9110
09,120,451110,J,184,J,1413,J,6220,21,15,4,N,N,,,N,N,N,N,N,N,N,,,2023,9120
09,130,451110,G,111,G,755,G,3257,15,8,4,N,N,,,N,N,N,N,N,N,N,,,2023,9130
09,140,451110,H,241,H,2033,H,7876,17,5,5,3,3,,,N,N,N,N,N,N,N,,,2023,9140
09,150,451110,J,7,J,41,J,148,3,3,N,N,N,,,N,N,N,N,N,N,N,,,2023,9150
09,160,451110,H,30,H,364,H,1537,12,11,N,N,N,,,N,N,N,N,N,N,N,,,2023,9160
09,170,451110,H,370,G,2990,G,12371,33,17,5,5,5,,,N,N,N,N,N,N,N,,,2023,9170
09,180,451110,H,99,H,518,H,2345,11,8,N,N,N,,,N,N,N,N,N,N,N,,,2023,9180
09,190,451110,G,678,G,6271,G,25002,62,37,10,5,4,6.0,,N,N,N,N,N,N,N,,,2023,9190
10,001,451110,H,109,G,694,G,3337,8,4,N,N,N,,,N,N,N,N,N,N,N,,,2023,10001
10,003,451110,G,650,G,4069,G,16477,43,22,8,5,5,,,N,N,N,N,N,N,N,,,2023,10003
10,005,451110,H,114,H,574,H,3674,31,23,5,N,N,,,N,N,N,N,N,N,N,,,2023,10005
11,001,451110,H,237,J,1802,H,6425,15,8,4,N,N,,,N,N,N,N,N,N,N,,,2023,11001
12,001,451110,G,322,G,2137,G,8363,23,7,7,6,N,,,N,N,N,N,N,N,N,,,2023,12001
12,005,451110,G,173,G,1308,G,5833,24,14,5,3,N,,,N,N,N,N,N,N,N,,,2023,12005
12,009,451110,G,501,G,3255,G,13190,70,45,17,3,N,3.0,,N,N,N,N,N,N,N,,,2023,12009
12,011,451110,G,1174,G,9919,G,42139,133,82,19,17,11,3.0,,N,N,N,N,N,N,N,,,2023,12011
12,015,451110,H,45,H,270,G,1281,12,8,3,N,N,,,N,N,N,N,N,N,N,,,2023,12015
12,017,451110,G,58,G,416,G,1728,19,16,N,N,N,,,N,N,N,N,N,N,N,,,2023,12017
12,019,451110,H,153,H,1032,H,3664,9,6,N,N,N,,,N,N,N,N,N,N,N,,,2023,12019
12,021,451110,G,386,G,3066,G,10923,35,16,9,3,6,,,N,N,N,N,N,N,N,,,2023,12021
12,023,451110,J,89,H,446,H,1750,6,3,N,N,N,,,N,N,N,N,N,N,N,,,2023,12023
12,031,451110,G,712,H,6702,G,24325,59,27,15,8,6,3.0,,N,N,N,N,N,N,N,,,2023,12031
12,033,451110,G,264,G,1916,G,7178,20,8,4,5,N,,,N,N,N,N,N,N,N,,,2023,12033
12,035,451110,G,44,H,208,H,973,11,6,5,N,N,,,N,N,N,N,N,N,N,,,2023,12035
12,037,451110,J,26,G,191,G,917,6,4,N,N,N,,,N,N,N,N,N,N,N,,,2023,12037
12,045,451110,J,17,G,92,H,247,4,3,N,N,N,,,N,N,N,N,N,N,N,,,2023,12045
12,053,451110,G,51,G,254,H,1182,6,4,N,N,N,,,N,N,N,N,N,N,N,,,2023,12053
12,055,451110,G,12,G,74,G,401,6,5,N,N,N,,,N,N,N,N,N,N,N,,,2023,12055
12,057,451110,G,912,G,6400,G,25834,85,48,16,11,6,3.0,,N,N,N,N,N,N,N,,,2023,12057
12,061,451110,G,81,G,633,G,2559,15,10,4,N,N,,,N,N,N,N,N,N,N,,,2023,12061
12,069,451110,H,193,G,1385,G,5538,28,18,6,N,N,,,N,N,N,N,N,N,N,,,2023,12069
12,071,451110,G,610,H,4332,H,18542,65,39,14,3,8,,,N,N,N,N,N,N,N,,,2023,12071
12,073,451110,G,312,G,2193,G,8314,20,7,4,5,N,,,N,N,N,N,N,N,N,,,2023,12073
12,075,451110,J,3,H,24,G,91,3,3,N,N,N,,,N,N,N,N,N,N,N,,,2023,12075
12,081,451110,G,229,G,1735,G,6698,27,11,10,3,3,,,N,N,N,N,N,N,N,,,2023,12081
12,083,451110,H,264,H,2288,G,8358,25,16,N,3,3,,,N,N,N,N,N,N,N,,,2023,12083
12,085,451110,J,183,H,1384,H,5782,30,17,8,3,N,,,N,N,N,N,N,N,N,,,2023,12085
12,086,451110,G,1031,G,8753,G,37444,158,95,42,11,7,3.0,,N,N,N,N,N,N,N,,,2023,12086
12,087,451110,G,261,G,2210,G,8918,36,16,13,5,N,,,N,N,N,N,N,N,N,,,2023,12087
12,089,451110,H,26,J,201,H,911,7,6,N,N,N,,,N,N,N,N,N,N,N,,,2023,12089
12,091,451110,H,324,G,2591,G,10221,29,14,8,5,N,,,N,N,N,N,N,N,N,,,2023,12091
12,093,451110,G,10,H,72,H,334,3,N,N,N,N,,,N,N,N,N,N,N,N,,,2023,12093
12,095,451110,G,873,G,6947,G,26680,74,37,17,7,8,5.0,,N,N,N,N,N,N,N,,,2023,12095
12,097,451110,H,124,H,935,H,3221,11,7,N,N,N,,,N,N,N,N,N,N,N,,,2023,12097
12,099,451110,G,1098,G,9498,G,38207,143,80,35,17,8,3.0,,N,N,N,N,N,N,N,,,2023,12099
12,101,451110,H,154,G,1003,G,4052,26,18,3,4,N,,,N,N,N,N,N,N,N,,,2023,12101
12,103,451110,G,743,G,5499,G,23992,113,66,28,11,5,3.0,,N,N,N,N,N,N,N,,,2023,12103
12,105,451110,G,261,G,1420,G,5837,35,21,8,4,N,,,N,N,N,N,N,N,N,,,2023,12105
12,107,451110,J,10,J,51,J,168,3,3,N,N,N,,,N,N,N,N,N,N,N,,,2023,12107
12,109,451110,H,151,H,837,H,3799,26,14,6,5,N,,,N,N,N,N,N,N,N,,,2023,12109
12,111,451110,H,221,H,1510,G,6602,19,11,6,N,N,,,N,N,N,N,N,N,N,,,2023,12111
12,113,451110,H,186,H,1373,H,5594,14,4,5,4,N,,,N,N,N,N,N,N,N,,,2023,12113
12,115,451110,G,477,G,3402,G,13370,50,28,13,4,N,3.0,,N,N,N,N,N,N,N,,,2023,12115
12,117,451110,G,310,G,2132,G,8485,35,19,10,N,N,,,N,N,N,N,N,N,N,,,2023,12117
12,119,451110,H,97,H,667,H,3314,11,6,N,N,N,,,N,N,N,N,N,N,N,,,2023,12119
12,127,451110,H,449,G,3417,G,13714,50,27,14,4,3,,,N,N,N,N,N,N,N,,,2023,12127
12,131,451110,H,49,G,459,G,2135,14,11,N,N,N,,,N,N,N,N,N,N,N,,,2023,12131
13,009,451110,J,10,H,88,H,402,4,4,N,N,N,,,N,N,N,N,N,N,N,,,2023,13009
13,015,451110,H,110,H,693,H,1954,6,3,N,N,N,,,N,N,N,N,N,N,N,,,2023,13015
13,021,451110,J,176,J,1137,H,4318,9,N,4,N,N,,,N,N,N,N,N,N,N,,,2023,13021
13,031,451110,H,38,G,239,G,889,8,6,N,N,N,,,N,N,N,N,N,N,N,,,2023,13031
13,035,451110,J,12,J,60,J,242,3,N,N,N,N,,,N,N,N,N,N,N,N,,,2023,13035
13,045,451110,J,33,J,240,J,933,3,N,N,N,N,,,N,N,N,N,N,N,N,,,2023,13045
13,051,451110,G,299,G,1780,G,8034,27,14,6,N,4,,,N,N,N,N,N,N,N,,,2023,13051
13,057,451110,G,234,G,1313,G,5729,14,7,N,4,N,,,N,N,N,N,N,N,N,,,2023,13057
13,059,451110,G,209,H,1666,H,5631,10,4,N,N,3,,,N,N,N,N,N,N,N,,,2023,13059
13,063,451110,G,22,J,196,J,824,4,N,N,N,N,,,N,N,N,N,N,N,N,,,2023,13063
13,067,451110,H,899,G,6788,G,25440,44,17,9,8,3,6.0,,N,N,N,N,N,N,N,,,2023,13067
13,073,451110,G,165,G,1269,G,4430,9,3,N,N,N,,,N,N,N,N,N,N,N,,,2023,13073
13,077,451110,J,168,J,1020,H,3696,7,4,N,N,N,,,N,N,N,N,N,N,N,,,2023,13077
13,089,451110,H,314,H,2504,H,8910,18,6,6,N,N,,,N,N,N,N,N,N,N,,,2023,13089
13,095,451110,J,17,H,273,G,1090,3,N,N,N,N,,,N,N,N,N,N,N,N,,,2023,13095
13,111,451110,G,28,G,60,H,312,3,N,N,N,N,,,N,N,N,N,N,N,N,,,2023,13111
13,113,451110,H,34,H,263,H,1182,6,3,N,N,N,,,N,N,N,N,N,N,N,,,2023,13113
13,115,451110,H,46,G,282,G,1345,8,6,N,N,N,,,N,N,N,N,N,N,N,,,2023,13115
13,117,451110,H,253,H,1587,G,6348,15,4,4,4,N,,,N,N,N,N,N,N,N,,,2023,13117
13,121,451110,G,707,G,6771,G,24947,70,30,23,9,5,3.0,,N,N,N,N,N,N,N,,,2023,13121
13,127,451110,H,99,H,627,H,2004,8,5,N,N,N,,,N,N,N,N,N,N,N,,,2023,13127
13,135,451110,G,727,H,5545,G,21053,38,20,3,4,6,4.0,,N,N,N,N,N,N,N,,,2023,13135
13,139,451110,J,205,J,1307,H,5196,15,9,3,N,N,,,N,N,N,N,N,N,N,,,2023,13139
13,151,451110,H,168,H,934,H,3686,8,3,N,N,N,,,N,N,N,N,N,N,N,,,2023,13151
13,153,451110,G,117,G,862,G,3063,7,N,N,N,N,,,N,N,N,N,N,N,N,,,2023,13153
13,185,451110,H,100,H,710,H,2214,6,4,N,N,N,,,N,N,N,N,N,N,N,,,2023,13185
13,215,451110,H,220,H,1171,H,4271,14,7,4,N,N,3.0,,N,N,N,N,N,N,N,,,2023,13215
13,217,451110,J,13,J,103,J,527,3,N,N,N,N,,,N,N,N,N,N,N,N,,,2023,13217
13,223,451110,J,89,J,571,J,2016,4,N,N,N,N,,,N,N,N,N,N,N,N,,,2023,13223
13,245,451110,G,198,G,1234,G,5441,11,N,4,N,N,,,N,N,N,N,N,N,N,,,2023,13245
13,275,451110,J,29,H,229,J,838,5,3,N,N,N,,,N,N,N,N,N,N,N,,,2023,13275
13,285,451110,H,34,H,194,H,859,4,N,N,N,N,,,N,N,N,N,N,N,N,,,2023,13285
13,291,451110,G,16,G,69,G,311,5,3,N,N,N,,,N,N,N,N,N,N,N,,,2023,13291
13,299,451110,J,30,H,162,H,631,3,N,N,N,N,,,N,N,N,N,N,N,N,,,2023,13299
13,311,451110,J,14,G,72,G,295,3,N,N,N,N,,,N,N,N,N,N,N,N,,,2023,13311
13,313,451110,J,92,J,595,J,1693,3,N,N,N,N,,,N,N,N,N,N,N,N,,,2023,13313
15,001,451110,H,123,H,1092,H,4218,15,8,3,N,3,,,N,N,N,N,N,N,N,,,2023,15001
15,003,451110,H,560,G,3921,G,16044,81,40,22,11,8,,,N,N,N,N,N,N,N,,,2023,15003
15,007,451110,J,25,H,229,G,978,9,7,N,N,N,,,N,N,N,N,N,N,N,,,2023,15007
15,009,451110,G,164,G,1179,G,3995,21,10,5,4,N,,,N,N,N,N,N,N,N,,,2023,15009
16,001,451110,G,984,G,6459,G,27663,64,21,14,18,7,,,N,N,N,N,N,N,N,,,2023,16001
16,005,451110,G,184,G,867,G,3748,13,4,4,N,4,,,N,N,N,N,N,N,N,,,2023,16005
16,013,451110,H,166,J,1550,J,5952,14,6,N,3,3,,,N,N,N,N,N,N,N,,,2023,16013
16,017,451110,G,78,G,494,G,1802,9,5,N,N,N,,,N,N,N,N,N,N,N,,,2023,16017
16,019,451110,G,447,G,2453,G,9936,24,8,7,4,N,,,N,N,N,N,N,N,N,,,2023,16019
16,027,451110,G,260,H,1761,H,7206,20,11,N,3,3,,,N,N,N,N,N,N,N,,,2023,16027
16,037,451110,J,10,G,8,J,380,3,N,N,N,N,,,N,N,N,N,N,N,N,,,2023,16037
16,049,451110,J,9,G,51,H,171,3,N,N,N,N,,,N,N,N,N,N,N,N,,,2023,16049
16,055,451110,H,383,H,2391,H,11475,24,12,4,5,N,,,N,N,N,N,N,N,N,,,2023,16055
16,057,451110,H,103,H,612,H,2470,8,4,N,N,N,,,N,N,N,N,N,N,N,,,2023,16057
16,065,451110,G,51,G,487,G,1587,4,N,N,4,N,,,N,N,N,N,N,N,N,,,2023,16065
16,069,451110,J,61,J,343,J,1478,7,4,N,N,N,,,N,N,N,N,N,N,N,,,2023,16069
16,081,451110,H,28,G,244,H,922,4,N,N,N,N,,,N,N,N,N,N,N,N,,,2023,16081
16,083,451110,H,128,G,589,G,2488,11,6,N,N,N,,,N,N,N,N,N,N,N,,,2023,16083
16,085,451110,G,37,G,249,G,945,5,N,N,N,N,,,N,N,N,N,N,N,N,,,2023,16085
17,001,451110,G,68,G,359,G,1675,6,4,N,N,N,,,N,N,N,N,N,N,N,,,2023,17001
17,019,451110,H,117,H,640,H,2917,5,N,N,N,N,,,N,N,N,N,N,N,N,,,2023,17019
17,029,451110,G,21,H,290,H,1394,4,N,N,N,N,,,N,N,N,N,N,N,N,,,2023,17029
17,031,451110,G,2321,H,17034,G,69535,209,108,46,27,17,7.0,4.0,N,N,N,N,N,N,N,,,2023,17031
17,037,451110,J,6,G,54,G,239,4,4,N,N,N,,,N,N,N,N,N,N,N,,,2023,17037
17,043,451110,H,968,H,7626,H,29523,65,30,14,10,7,,,N,N,N,N,N,N,N,,,2023,17043
17,063,451110,G,7,G,45,G,142,3,3,N,N,N,,,N,N,N,N,N,N,N,,,2023,17063
17,077,451110,H,52,H,248,H,1067,4,3,N,N,N,,,N,N,N,N,N,N,N,,,2023,17077
17,081,451110,J,28,H,154,H,612,4,N,N,N,N,,,N,N,N,N,N,N,N,,,2023,17081
17,089,451110,G,429,G,2323,G,11379,25,9,8,N,3,3.0,,N,N,N,N,N,N,N,,,2023,17089
17,091,451110,G,61,G,264,H,1161,4,N,N,N,N,,,N,N,N,N,N,N,N,,,2023,17091
17,093,451110,J,50,J,243,J,1194,3,N,N,N,N,,,N,N,N,N,N,N,N,,,2023,17093
17,097,451110,G,688,G,4517,G,18512,52,25,10,8,4,4.0,,N,N,N,N,N,N,N,,,2023,17097
17,099,451110,G,29,H,194,H,916,6,5,N,N,N,,,N,N,N,N,N,N,N,,,2023,17099
17,111,451110,G,109,H,593,H,2724,12,7,N,N,N,,,N,N,N,N,N,N,N,,,2023,17111
17,113,451110,G,108,G,531,G,2398,8,4,N,N,N,,,N,N,N,N,N,N,N,,,2023,17113
17,115,451110,H,43,H,178,H,699,7,4,N,N,N,,,N,N,N,N,N,N,N,,,2023,17115
17,119,451110,H,82,H,571,H,2394,14,7,5,N,N,,,N,N,N,N,N,N,N,,,2023,17119
17,121,451110,G,37,H,266,H,1365,6,5,N,N,N,,,N,N,N,N,N,N,N,,,2023,17121
17,143,451110,G,139,G,942,G,4159,12,5,N,3,N,,,N,N,N,N,N,N,N,,,2023,17143
17,161,451110,G,83,H,478,H,1969,10,6,N,N,N,,,N,N,N,N,N,N,N,,,2023,17161
17,163,451110,J,202,J,1195,J,4210,13,7,N,N,N,,,N,N,N,N,N,N,N,,,2023,17163
17,167,451110,J,387,J,2806,J,11074,12,9,N,N,N,,,N,N,N,N,N,N,N,,,2023,17167
17,177,451110,G,3,G,15,G,61,4,4,N,N,N,,,N,N,N,N,N,N,N,,,2023,17177
17,179,451110,G,162,H,1019,H,4322,7,3,N,N,N,,,N,N,N,N,N,N,N,,,2023,17179
17,195,451110,H,32,H,143,H,657,4,N,N,N,N,,,N,N,N,N,N,N,N,,,2023,17195
17,197,451110,G,521,G,2959,G,12557,31,15,4,6,3,,,N,N,N,N,N,N,N,,,2023,17197
17,199,451110,J,18,H,229,H,945,3,N,N,N,N,,,N,N,N,N,N,N,N,,,2023,17199
17,201,451110,G,171,H,1061,H,4637,19,12,5,N,N,,,N,N,N,N,N,N,N,,,2023,17201
18,003,451110,G,312,G,2176,G,9464,37,17,12,5,N,,,N,N,N,N,N,N,N,,,2023,18003
18,005,451110,G,36,G,235,G,1140,5,3,N,N,N,,,N,N,N,N,N,N,N,,,2023,18005
18,011,451110,J,94,J,604,H,2542,5,N,N,N,N,,,N,N,N,N,N,N,N,,,2023,18011
18,017,451110,J,17,J,96,J,435,3,N,N,N,N,,,N,N,N,N,N,N,N,,,2023,18017
18,019,451110,H,182,H,1008,H,4334,5,N,N,N,N,,,N,N,N,N,N,N,N,,,2023,18019
18,029,451110,J,4,J,27,G,104,3,3,N,N,N,,,N,N,N,N,N,N,N,,,2023,18029
18,033,451110,J,27,G,169,G,756,6,3,N,N,N,,,N,N,N,N,N,N,N,,,2023,18033
18,035,451110,G,57,H,271,H,1325,6,4,N,N,N,,,N,N,N,N,N,N,N,,,2023,18035
18,037,451110,J,26,J,164,J,757,6,4,N,N,N,,,N,N,N,N,N,N,N,,,2023,18037
18,039,451110,G,88,H,608,H,2607,18,11,6,N,N,,,N,N,N,N,N,N,N,,,2023,18039
18,043,451110,J,18,J,165,H,571,5,4,N,N,N,,,N,N,N,N,N,N,N,,,2023,18043
18,053,451110,J,19,H,74,H,350,3,N,N,N,N,,,N,N,N,N,N,N,N,,,2023,18053
18,055,451110,G,7,H,33,H,147,4,4,N,N,N,,,N,N,N,N,N,N,N,,,2023,18055
18,057,451110,G,417,G,2500,G,10831,22,8,5,3,3,,,N,N,N,N,N,N,N,,,2023,18057
18,059,451110,J,18,H,119,H,486,3,N,N,N,N,,,N,N,N,N,N,N,N,,,2023,18059
18,063,451110,H,156,H,876,H,3617,7,3,N,N,N,,,N,N,N,N,N,N,N,,,2023,18063
18,067,451110,H,49,H,230,H,1011,4,N,N,N,N,,,N,N,N,N,N,N,N,,,2023,18067
18,069,451110,J,5,J,22,H,120,3,3,N,N,N,,,N,N,N,N,N,N,N,,,2023,18069
18,071,451110,H,22,G,175,G,799,3,N,N,N,N,,,N,N,N,N,N,N,N,,,2023,18071
18,081,451110,G,213,G,1264,G,5634,13,6,3,N,N,,,N,N,N,N,N,N,N,,,2023,18081
18,085,451110,J,30,H,196,H,864,8,6,N,N,N,,,N,N,N,N,N,N,N,,,2023,18085
18,087,451110,G,31,G,303,G,1267,8,5,3,N,N,,,N,N,N,N,N,N,N,,,2023,18087
18,089,451110,G,376,G,2939,G,12264,25,11,5,5,N,,,N,N,N,N,N,N,N,,,2023,18089
18,091,451110,J,19,J,112,J,461,3,N,N,N,N,,,N,N,N,N,N,N,N,,,2023,18091
18,095,451110,J,31,G,136,G,631,6,3,N,N,N,,,N,N,N,N,N,N,N,,,2023,18095
18,097,451110,G,608,H,6361,H,23749,44,14,13,8,6,3.0,,N,N,N,N,N,N,N,,,2023,18097
18,105,451110,H,90,G,528,G,2450,8,5,N,N,N,,,N,N,N,N,N,N,N,,,2023,18105
18,107,451110,J,24,H,96,H,457,3,N,N,N,N,,,N,N,N,N,N,N,N,,,2023,18107
18,109,451110,G,7,H,34,J,98,3,3,N,N,N,,,N,N,N,N,N,N,N,,,2023,18109
18,127,451110,H,214,G,1304,G,5591,8,3,N,N,N,,,N,N,N,N,N,N,N,,,2023,18127
18,141,451110,G,169,G,970,G,4066,20,11,5,3,N,,,N,N,N,N,N,N,N,,,2023,18141
18,151,451110,J,31,G,134,G,774,7,4,N,N,N,,,N,N,N,N,N,N,N,,,2023,18151
18,157,451110,H,122,G,693,H,2977,7,N,N,N,N,,,N,N,N,N,N,N,N,,,2023,18157
18,163,451110,H,202,G,1187,H,4329,16,N,6,6,N,,,N,N,N,N,N,N,N,,,2023,18163
18,167,451110,G,154,H,813,H,2978,11,6,N,N,N,,,N,N,N,N,N,N,N,,,2023,18167
18,169,451110,G,23,G,162,G,727,3,N,N,N,N,,,N,N,N,N,N,N,N,,,2023,18169
18,173,451110,J,19,J,100,H,499,4,N,N,N,N,,,N,N,N,N,N,N,N,,,2023,18173
18,177,451110,J,75,J,308,J,1490,3,N,N,N,N,,,N,N,N,N,N,N,N,,,2023,18177
18,183,451110,H,30,G,140,G,705,4,N,N,N,N,,,N,N,N,N,N,N,N,,,2023,18183
19,013,451110,H,273,H,2084,H,8420,11,5,N,3,N,,,N,N,N,N,N,N,N,,,2023,19013
19,033,451110,H,73,G,596,G,2517,7,N,N,N,N,,,N,N,N,N,N,N,N,,,2023,19033
19,041,451110,H,27,H,177,G,838,5,3,N,N,N,,,N,N,N,N,N,N,N,,,2023,19041
19,045,451110,J,5,J,16,J,70,3,3,N,N,N,,,N,N,N,N,N,N,N,,,2023,19045
19,049,451110,J,471,J,5531,J,18315,9,6,N,N,N,,,N,N,N,N,N,N,N,,,2023,19049
19,057,451110,J,64,J,290,J,1243,3,N,N,N,N,,,N,N,N,N,N,N,N,,,2023,19057
19,059,451110,J,6,H,65,G,282,3,3,N,N,N,,,N,N,N,N,N,N,N,,,2023,19059
19,061,451110,J,120,H,517,H,2301,11,7,N,N,N,,,N,N,N,N,N,N,N,,,2023,19061
19,103,451110,J,395,J,3111,J,11823,12,4,N,4,N,,,N,N,N,N,N,N,N,,,2023,19103
19,113,451110,G,170,G,962,G,4184,19,8,6,4,N,,,N,N,N,N,N,N,N,,,2023,19113
19,127,451110,J,11,J,58,H,283,3,N,N,N,N,,,N,N,N,N,N,N,N,,,2023,19127
19,139,451110,G,4,H,32,G,159,3,3,N,N,N,,,N,N,N,N,N,N,N,,,2023,19139
19,153,451110,G,589,G,3606,G,15346,46,23,11,4,5,,,N,N,N,N,N,N,N,,,2023,19153
19,155,451110,H,140,G,779,G,3382,5,3,N,N,N,,,N,N,N,N,N,N,N,,,2023,19155
19,163,451110,H,196,H,958,H,4364,9,4,N,N,N,,,N,N,N,N,N,N,N,,,2023,19163
19,169,451110,G,49,H,277,H,1206,5,N,N,N,N,,,N,N,N,N,N,N,N,,,2023,19169
19,193,451110,J,241,J,1920,J,7241,5,N,N,N,N,,,N,N,N,N,N,N,N,,,2023,19193
20,015,451110,J,12,J,82,J,361,3,N,N,N,N,,,N,N,N,N,N,N,N,,,2023,20015
20,037,451110,H,79,H,520,H,2104,3,N,N,N,N,,,N,N,N,N,N,N,N,,,2023,20037
20,045,451110,J,120,H,567,H,2636,10,5,N,N,N,,,N,N,N,N,N,N,N,,,2023,20045
20,051,451110,J,16,H,50,H,286,3,N,N,N,N,,,N,N,N,N,N,N,N,,,2023,20051
20,055,451110,H,45,J,275,J,1040,3,N,N,N,N,,,N,N,N,N,N,N,N,,,2023,20055
20,091,451110,H,1171,H,8668,H,31792,42,15,8,7,5,4.0,,N,N,N,N,N,N,N,,,2023,20091
20,111,451110,H,30,J,178,H,742,3,N,N,N,N,,,N,N,N,N,N,N,N,,,2023,20111
20,155,451110,H,48,G,354,G,1520,4,N,N,N,N,,,N,N,N,N,N,N,N,,,2023,20155
20,161,451110,H,133,H,770,H,2693,7,3,N,N,N,,,N,N,N,N,N,N,N,,,2023,20161
20,169,451110,J,83,J,413,J,1802,6,3,N,N,N,,,N,N,N,N,N,N,N,,,2023,20169
20,173,451110,H,628,G,4154,G,15483,37,17,9,4,N,4.0,,N,N,N,N,N,N,N,,,2023,20173
20,177,451110,H,144,H,924,H,2992,7,3,N,N,N,,,N,N,N,N,N,N,N,,,2023,20177
20,209,451110,H,195,H,1170,H,4780,9,6,N,N,N,,,N,N,N,N,N,N,N,,,2023,20209
21,015,451110,H,179,H,1021,H,4539,9,4,N,N,N,,,N,N,N,N,N,N,N,,,2023,21015
21,019,451110,G,186,G,888,G,3467,5,N,N,N,N,,,N,N,N,N,N,N,N,,,2023,21019
21,035,451110,J,11,H,92,G,314,4,3,N,N,N,,,N,N,N,N,N,N,N,,,2023,21035
21,037,451110,J,80,J,406,J,1749,4,N,N,N,N,,,N,N,N,N,N,N,N,,,2023,21037
21,047,451110,J,19,G,110,G,428,5,4,N,N,N,,,N,N,N,N,N,N,N,,,2023,21047
21,059,451110,H,97,H,859,H,2812,7,3,N,N,N,,,N,N,N,N,N,N,N,,,2023,21059
21,067,451110,H,522,G,2888,G,12459,26,8,8,5,N,3.0,,N,N,N,N,N,N,N,,,2023,21067
21,071,451110,G,11,J,98,J,445,3,N,N,N,N,,,N,N,N,N,N,N,N,,,2023,21071
21,073,451110,J,47,J,239,J,1044,4,3,N,N,N,,,N,N,N,N,N,N,N,,,2023,21073
21,093,451110,J,132,J,841,J,2910,8,N,3,N,N,,,N,N,N,N,N,N,N,,,2023,21093
21,111,451110,G,689,G,4488,G,18702,49,26,6,6,7,4.0,,N,N,N,N,N,N,N,,,2023,21111
21,117,451110,H,72,H,542,H,2060,8,3,N,N,N,,,N,N,N,N,N,N,N,,,2023,21117
21,145,451110,H,153,H,1062,G,3978,11,6,N,N,N,,,N,N,N,N,N,N,N,,,2023,21145
21,151,451110,J,65,J,305,J,1359,4,N,N,N,N,,,N,N,N,N,N,N,N,,,2023,21151
21,161,451110,J,17,J,100,J,433,3,N,N,N,N,,,N,N,N,N,N,N,N,,,2023,21161
21,185,451110,H,48,G,363,G,1473,5,N,N,3,N,,,N,N,N,N,N,N,N,,,2023,21185
21,199,451110,G,65,G,340,G,1490,7,N,N,3,N,,,N,N,N,N,N,N,N,,,2023,21199
21,211,451110,G,10,H,49,H,215,3,N,N,N,N,,,N,N,N,N,N,N,N,,,2023,21211
21,217,451110,H,24,H,429,H,1646,4,3,N,N,N,,,N,N,N,N,N,N,N,,,2023,21217
21,227,451110,H,189,H,1136,H,4925,9,N,N,3,N,,,N,N,N,N,N,N,N,,,2023,21227
21,235,451110,G,16,J,139,J,569,3,N,N,N,N,,,N,N,N,N,N,N,N,,,2023,21235
21,239,451110,G,16,H,92,G,396,3,N,N,N,N,,,N,N,N,N,N,N,N,,,2023,21239
22,015,451110,H,209,G,1265,G,4565,11,5,4,N,N,,,N,N,N,N,N,N,N,,,2023,22015
22,017,451110,J,169,H,1072,H,3821,11,7,N,N,N,,,N,N,N,N,N,N,N,,,2023,22017
22,019,451110,H,172,H,1004,H,3504,8,3,3,N,N,,,N,N,N,N,N,N,N,,,2023,22019
22,033,451110,G,385,G,2413,G,8577,25,11,7,N,N,3.0,,N,N,N,N,N,N,N,,,2023,22033
22,051,451110,H,511,H,3334,H,13168,25,7,10,N,3,3.0,,N,N,N,N,N,N,N,,,2023,22051
22,055,451110,G,411,G,2525,G,8921,21,10,4,N,N,,,N,N,N,N,N,N,N,,,2023,22055
22,057,451110,J,84,J,467,J,1325,3,N,N,N,N,,,N,N,N,N,N,N,N,,,2023,22057
22,063,451110,G,192,G,1108,G,3998,3,N,N,N,N,,,N,N,N,N,N,N,N,,,2023,22063
22,067,451110,J,95,J,808,J,3912,3,N,N,N,N,,,N,N,N,N,N,N,N,,,2023,22067
22,071,451110,J,27,G,155,G,653,8,7,N,N,N,,,N,N,N,N,N,N,N,,,2023,22071
22,073,451110,H,198,H,1268,H,4505,9,3,N,N,N,,,N,N,N,N,N,N,N,,,2023,22073
22,079,451110,G,120,G,920,G,2799,10,6,N,N,N,,,N,N,N,N,N,N,N,,,2023,22079
22,097,451110,J,8,J,58,H,277,3,3,N,N,N,,,N,N,N,N,N,N,N,,,2023,22097
22,103,451110,H,285,H,1932,H,6542,22,11,7,N,N,,,N,N,N,N,N,N,N,,,2023,22103
22,105,451110,H,131,G,1004,G,3385,8,N,3,N,N,,,N,N,N,N,N,N,N,,,2023,22105
22,109,451110,H,109,H,753,H,2301,7,3,3,N,N,,,N,N,N,N,N,N,N,,,2023,22109
22,113,451110,H,25,H,250,G,703,6,4,N,N,N,,,N,N,N,N,N,N,N,,,2023,22113
22,115,451110,H,26,G,171,G,649,4,N,N,N,N,,,N,N,N,N,N,N,N,,,2023,22115
22,121,451110,H,41,G,408,G,1619,3,N,N,N,N,,,N,N,N,N,N,N,N,,,2023,22121
23,001,451110,H,46,G,294,G,1182,12,7,4,N,N,,,N,N,N,N,N,N,N,,,2023,23001
23,003,451110,J,8,J,23,J,132,4,3,N,N,N,,,N,N,N,N,N,N,N,,,2023,23003
23,005,451110,G,781,G,6885,H,74880,45,23,9,4,6,,,N,N,N,N,N,N,N,,,2023,23005
23,007,451110,H,22,G,147,G,649,6,5,N,N,N,,,N,N,N,N,N,N,N,,,2023,23007
23,009,451110,H,59,H,509,H,2685,7,3,N,N,N,,,N,N,N,N,N,N,N,,,2023,23009
23,011,451110,H,104,H,810,H,2953,7,3,N,N,N,,,N,N,N,N,N,N,N,,,2023,23011
23,013,451110,H,22,G,251,G,950,5,3,N,N,N,,,N,N,N,N,N,N,N,,,2023,23013
23,015,451110,J,5,J,38,H,222,3,3,N,N,N,,,N,N,N,N,N,N,N,,,2023,23015
23,017,451110,H,45,H,352,H,1186,8,5,N,N,N,,,N,N,N,N,N,N,N,,,2023,23017
23,019,451110,G,202,G,1369,G,5902,17,5,6,N,3,,,N,N,N,N,N,N,N,,,2023,23019
23,025,451110,J,8,H,75,H,293,3,N,N,N,N,,,N,N,N,N,N,N,N,,,2023,23025
23,027,451110,J,9,H,58,H,256,3,3,N,N,N,,,N,N,N,N,N,N,N,,,2023,23027
23,031,451110,H,320,H,3351,H,11401,12,10,N,N,N,,,N,N,N,N,N,N,N,,,2023,23031
24,001,451110,G,68,G,445,G,2323,8,5,N,N,N,,,N,N,N,N,N,N,N,,,2023,24001
24,003,451110,H,592,H,4225,H,16734,43,22,9,4,4,3.0,,N,N,N,N,N,N,N,,,2023,24003
24,005,451110,H,541,H,3800,H,14609,42,24,9,N,N,5.0,,N,N,N,N,N,N,N,,,2023,24005
24,009,451110,J,2,J,26,H,179,3,3,N,N,N,,,N,N,N,N,N,N,N,,,2023,24009
24,013,451110,G,96,G,522,G,2335,9,5,N,N,N,,,N,N,N,N,N,N,N,,,2023,24013
24,021,451110,G,147,G,758,G,3378,14,8,N,4,N,,,N,N,N,N,N,N,N,,,2023,24021
24,025,451110,G,118,G,790,G,3352,11,4,5,N,N,,,N,N,N,N,N,N,N,,,2023,24025
24,027,451110,H,344,H,2314,H,9664,18,6,3,4,N,3.0,,N,N,N,N,N,N,N,,,2023,24027
24,031,451110,G,473,H,3823,H,15159,35,17,8,6,N,3.0,,N,N,N,N,N,N,N,,,2023,24031
24,033,451110,G,116,G,862,G,3453,13,5,5,N,N,,,N,N,N,N,N,N,N,,,2023,24033
24,035,451110,J,18,G,133,G,623,5,4,N,N,N,,,N,N,N,N,N,N,N,,,2023,24035
24,037,451110,H,73,H,321,H,1443,5,3,N,N,N,,,N,N,N,N,N,N,N,,,2023,24037
24,041,451110,H,50,J,344,H,1786,8,6,N,N,N,,,N,N,N,N,N,N,N,,,2023,24041
24,043,451110,J,41,H,385,H,1512,13,10,3,N,N,,,N,N,N,N,N,N,N,,,2023,24043
24,045,451110,J,63,J,365,J,1708,4,N,N,N,N,,,N,N,N,N,N,N,N,,,2023,24045
24,047,451110,J,40,H,303,H,1729,12,8,4,N,N,,,N,N,N,N,N,N,N,,,2023,24047
24,510,451110,J,66,H,333,H,1232,10,4,4,N,N,,,N,N,N,N,N,N,N,,,2023,24510
25,001,451110,H,191,G,1418,G,8376,41,31,7,N,N,,,N,N,N,N,N,N,N,,,2023,25001
25,003,451110,G,124,G,927,G,3861,16,8,3,3,N,,,N,N,N,N,N,N,N,,,2023,25003
25,005,451110,G,432,G,3202,G,12537,37,20,6,5,3,3.0,,N,N,N,N,N,N,N,,,2023,25005
25,007,451110,G,2,G,5,G,272,3,3,N,N,N,,,N,N,N,N,N,N,N,,,2023,25007
25,009,451110,H,311,H,2383,H,10681,36,22,7,4,N,,,N,N,N,N,N,N,N,,,2023,25009
25,011,451110,J,36,H,352,H,1506,4,3,N,N,N,,,N,N,N,N,N,N,N,,,2023,25011
25,013,451110,H,173,G,1265,G,5195,26,16,6,3,N,,,N,N,N,N,N,N,N,,,2023,25013
25,015,451110,G,160,G,1099,G,3996,12,6,N,N,N,,,N,N,N,N,N,N,N,,,2023,25015
25,017,451110,G,1447,H,13176,G,51004,98,42,21,14,13,6.0,,N,N,N,N,N,N,N,,,2023,25017
25,019,451110,J,9,G,145,G,1359,7,6,N,N,N,,,N,N,N,N,N,N,N,,,2023,25019
25,021,451110,G,743,G,7113,G,27192,48,18,10,10,6,3.0,,N,N,N,N,N,N,N,,,2023,25021
25,023,451110,G,361,H,2771,H,10536,37,22,8,N,N,3.0,,N,N,N,N,N,N,N,,,2023,25023
25,025,451110,H,217,J,3129,H,10190,16,5,5,4,N,,,N,N,N,N,N,N,N,,,2023,25025
25,027,451110,G,433,G,2937,G,11176,42,25,5,6,3,3.0,,N,N,N,N,N,N,N,,,2023,25027
26,007,451110,G,19,J,85,H,456,4,3,N,N,N,,,N,N,N,N,N,N,N,,,2023,26007
26,009,451110,G,7,G,49,G,392,3,3,N,N,N,,,N,N,N,N,N,N,N,,,2023,26009
26,015,451110,G,27,J,168,H,732,4,3,N,N,N,,,N,N,N,N,N,N,N,,,2023,26015
26,017,451110,H,110,H,774,H,3818,7,4,N,N,N,,,N,N,N,N,N,N,N,,,2023,26017
26,021,451110,H,43,J,251,H,1529,8,4,N,N,N,,,N,N,N,N,N,N,N,,,2023,26021
26,023,451110,G,23,G,132,G,645,4,N,N,N,N,,,N,N,N,N,N,N,N,,,2023,26023
26,025,451110,G,55,G,343,H,1499,9,4,N,3,N,,,N,N,N,N,N,N,N,,,2023,26025
26,031,451110,J,17,J,109,J,489,3,N,N,N,N,,,N,N,N,N,N,N,N,,,2023,26031
26,035,451110,J,120,J,1105,J,4672,4,3,N,N,N,,,N,N,N,N,N,N,N,,,2023,26035
26,037,451110,J,19,G,89,G,453,4,N,N,N,N,,,N,N,N,N,N,N,N,,,2023,26037
26,039,451110,G,15,J,103,H,481,3,N,N,N,N,,,N,N,N,N,N,N,N,,,2023,26039
26,041,451110,H,39,H,192,H,816,3,N,N,N,N,,,N,N,N,N,N,N,N,,,2023,26041
26,043,451110,H,20,H,93,H,490,3,N,N,N,N,,,N,N,N,N,N,N,N,,,2023,26043
26,045,451110,G,71,G,412,G,1768,5,N,N,3,N,,,N,N,N,N,N,N,N,,,2023,26045
26,047,451110,H,73,G,520,G,1980,11,5,3,3,N,,,N,N,N,N,N,N,N,,,2023,26047
26,049,451110,G,330,H,2497,H,11257,28,10,9,6,N,,,N,N,N,N,N,N,N,,,2023,26049
26,053,451110,G,23,G,111,G,558,4,N,N,N,N,,,N,N,N,N,N,N,N,,,2023,26053
26,055,451110,H,204,G,1404,H,6100,24,8,7,7,N,,,N,N,N,N,N,N,N,,,2023,26055
26,061,451110,H,47,G,320,G,1154,6,N,N,3,N,,,N,N,N,N,N,N,N,,,2023,26061
26,063,451110,G,19,H,119,G,608,4,N,N,N,N,,,N,N,N,N,N,N,N,,,2023,26063
26,065,451110,H,215,H,1259,H,5290,16,7,N,5,N,,,N,N,N,N,N,N,N,,,2023,26065
26,069,451110,G,2,J,11,H,106,3,3,N,N,N,,,N,N,N,N,N,N,N,,,2023,26069
26,073,451110,J,60,J,271,J,1340,5,3,N,N,N,,,N,N,N,N,N,N,N,,,2023,26073
26,075,451110,G,69,H,500,H,2280,10,4,4,N,N,,,N,N,N,N,N,N,N,,,2023,26075
26,077,451110,G,329,G,2125,G,8649,21,10,N,5,N,3.0,,N,N,N,N,N,N,N,,,2023,26077
26,081,451110,G,809,G,6023,G,25096,51,20,9,13,4,4.0,,N,N,N,N,N,N,N,,,2023,26081
26,087,451110,H,22,G,140,G,692,8,7,N,N,N,,,N,N,N,N,N,N,N,,,2023,26087
26,091,451110,H,45,G,232,G,1000,4,N,N,N,N,,,N,N,N,N,N,N,N,,,2023,26091
26,093,451110,H,165,H,849,H,3660,15,7,N,5,N,,,N,N,N,N,N,N,N,,,2023,26093
26,097,451110,G,8,G,87,J,1248,6,6,N,N,N,,,N,N,N,N,N,N,N,,,2023,26097
26,099,451110,H,814,G,5066,G,20776,60,26,10,14,6,3.0,,N,N,N,N,N,N,N,,,2023,26099
26,101,451110,G,19,G,95,G,439,3,N,N,N,N,,,N,N,N,N,N,N,N,,,2023,26101
26,103,451110,H,125,H,631,G,2825,10,N,5,3,N,,,N,N,N,N,N,N,N,,,2023,26103
26,105,451110,J,20,G,114,G,628,4,N,3,N,N,,,N,N,N,N,N,N,N,,,2023,26105
26,107,451110,J,37,H,129,H,562,3,N,N,N,N,,,N,N,N,N,N,N,N,,,2023,26107
26,111,451110,G,52,G,308,G,1723,8,4,3,N,N,,,N,N,N,N,N,N,N,,,2023,26111
26,115,451110,H,211,H,1291,H,6004,11,7,N,N,N,,,N,N,N,N,N,N,N,,,2023,26115
26,117,451110,J,29,G,179,G,760,4,N,3,N,N,,,N,N,N,N,N,N,N,,,2023,26117
26,121,451110,H,111,H,664,H,3038,12,6,3,N,N,,,N,N,N,N,N,N,N,,,2023,26121
26,125,451110,G,1359,G,11489,G,45052,91,38,16,21,11,3.0,,N,N,N,N,N,N,N,,,2023,26125
26,137,451110,G,107,H,731,H,2983,4,N,N,N,N,,,N,N,N,N,N,N,N,,,2023,26137
26,139,451110,G,192,G,1211,G,5371,21,6,8,5,N,,,N,N,N,N,N,N,N,,,2023,26139
26,141,451110,G,9,G,49,G,256,3,3,N,N,N,,,N,N,N,N,N,N,N,,,2023,26141
26,143,451110,G,32,G,138,G,575,4,N,N,N,N,,,N,N,N,N,N,N,N,,,2023,26143
26,145,451110,H,183,H,1043,H,4499,14,8,N,N,N,,,N,N,N,N,N,N,N,,,2023,26145
26,147,451110,J,79,H,473,H,2228,10,5,N,N,N,,,N,N,N,N,N,N,N,,,2023,26147
26,155,451110,G,23,H,169,G,990,5,3,N,N,N,,,N,N,N,N,N,N,N,,,2023,26155
26,159,451110,J,21,G,104,G,743,5,3,N,N,N,,,N,N,N,N,N,N,N,,,2023,26159
26,161,451110,J,393,H,2564,H,10611,28,10,6,5,6,,,N,N,N,N,N,N,N,,,2023,26161
26,163,451110,G,773,G,4768,G,19932,70,28,14,17,9,,,N,N,N,N,N,N,N,,,2023,26163
26,165,451110,G,30,G,154,H,655,4,N,N,N,N,,,N,N,N,N,N,N,N,,,2023,26165
27,003,451110,G,312,G,1915,G,8565,28,11,4,9,3,,,N,N,N,N,N,N,N,,,2023,27003
27,007,451110,G,51,H,196,H,859,5,N,N,N,N,,,N,N,N,N,N,N,N,,,2023,27007
27,013,451110,H,257,J,1981,J,7134,7,N,3,N,N,,,N,N,N,N,N,N,N,,,2023,27013
27,019,451110,H,39,G,236,G,955,6,3,N,N,N,,,N,N,N,N,N,N,N,,,2023,27019
27,021,451110,J,123,J,1272,J,5535,11,7,N,N,N,,,N,N,N,N,N,N,N,,,2023,27021
27,025,451110,G,12,H,83,H,585,5,5,N,N,N,,,N,N,N,N,N,N,N,,,2023,27025
27,027,451110,G,67,J,602,H,2078,5,3,N,N,N,,,N,N,N,N,N,N,N,,,2023,27027
27,031,451110,J,11,J,41,H,262,3,N,N,N,N,,,N,N,N,N,N,N,N,,,2023,27031
27,035,451110,H,168,H,1128,H,5157,17,8,5,3,N,,,N,N,N,N,N,N,N,,,2023,27035
27,037,451110,H,298,G,1845,G,7895,25,9,4,8,3,,,N,N,N,N,N,N,N,,,2023,27037
27,041,451110,H,105,H,695,H,3172,11,4,3,N,N,,,N,N,N,N,N,N,N,,,2023,27041
27,045,451110,J,5,J,15,H,125,5,5,N,N,N,,,N,N,N,N,N,N,N,,,2023,27045
27,047,451110,G,17,J,75,H,332,3,N,N,N,N,,,N,N,N,N,N,N,N,,,2023,27047
27,049,451110,H,24,G,154,G,703,4,N,N,N,N,,,N,N,N,N,N,N,N,,,2023,27049
27,053,451110,G,2763,G,23919,G,97929,112,33,14,34,19,6.0,5.0,N,N,N,N,N,N,N,,,2023,27053
27,057,451110,J,10,G,71,G,371,3,N,N,N,N,,,N,N,N,N,N,N,N,,,2023,27057
27,061,451110,H,48,H,323,G,1371,6,N,3,N,N,,,N,N,N,N,N,N,N,,,2023,27061
27,065,451110,G,4,J,21,J,88,3,3,N,N,N,,,N,N,N,N,N,N,N,,,2023,27065
27,067,451110,J,29,H,133,G,587,3,N,N,N,N,,,N,N,N,N,N,N,N,,,2023,27067
27,071,451110,J,12,G,117,H,314,4,3,N,N,N,,,N,N,N,N,N,N,N,,,2023,27071
27,077,451110,G,10,H,61,H,252,3,N,N,N,N,,,N,N,N,N,N,N,N,,,2023,27077
27,083,451110,H,44,H,287,H,1322,5,3,N,N,N,,,N,N,N,N,N,N,N,,,2023,27083
27,085,451110,J,20,H,91,H,494,4,3,N,N,N,,,N,N,N,N,N,N,N,,,2023,27085
27,095,451110,G,22,H,180,H,892,5,N,3,N,N,,,N,N,N,N,N,N,N,,,2023,27095
27,109,451110,G,340,H,2898,H,10676,16,6,7,N,N,,,N,N,N,N,N,N,N,,,2023,27109
27,111,451110,G,51,G,234,G,1101,8,4,N,N,N,,,N,N,N,N,N,N,N,,,2023,27111
27,113,451110,J,8,J,56,J,238,3,N,N,N,N,,,N,N,N,N,N,N,N,,,2023,27113
27,123,451110,G,544,G,4036,G,16420,40,16,12,7,N,3.0,,N,N,N,N,N,N,N,,,2023,27123
27,131,451110,G,12,H,76,G,331,4,3,N,N,N,,,N,N,N,N,N,N,N,,,2023,27131
27,137,451110,G,273,G,1560,G,6970,34,17,5,8,4,,,N,N,N,N,N,N,N,,,2023,27137
27,139,451110,J,19,J,99,H,391,4,N,N,N,N,,,N,N,N,N,N,N,N,,,2023,27139
27,145,451110,H,409,H,3359,H,12811,18,8,4,4,N,,,N,N,N,N,N,N,N,,,2023,27145
27,147,451110,J,126,H,770,H,3273,5,3,N,N,N,,,N,N,N,N,N,N,N,,,2023,27147
27,163,451110,G,388,G,2264,G,9868,23,11,N,8,N,,,N,N,N,N,N,N,N,,,2023,27163
27,169,451110,J,9,H,34,H,163,3,N,N,N,N,,,N,N,N,N,N,N,N,,,2023,27169
27,171,451110,H,48,H,175,G,809,6,N,N,3,N,,,N,N,N,N,N,N,N,,,2023,27171
28,011,451110,G,19,G,75,H,322,4,N,3,N,N,,,N,N,N,N,N,N,N,,,2023,28011
28,033,451110,G,162,G,934,G,3054,7,N,N,N,N,,,N,N,N,N,N,N,N,,,2023,28033
28,035,451110,G,34,G,300,G,1294,4,N,N,N,N,,,N,N,N,N,N,N,N,,,2023,28035
28,043,451110,J,17,H,139,H,598,4,3,N,N,N,,,N,N,N,N,N,N,N,,,2023,28043
28,047,451110,H,227,H,1670,H,5763,14,7,4,N,N,,,N,N,N,N,N,N,N,,,2023,28047
28,049,451110,J,103,J,593,J,1887,4,N,N,N,N,,,N,N,N,N,N,N,N,,,2023,28049
28,059,451110,G,17,H,93,G,394,6,4,N,N,N,,,N,N,N,N,N,N,N,,,2023,28059
28,071,451110,G,58,G,263,G,1438,5,N,N,N,N,,,N,N,N,N,N,N,N,,,2023,28071
28,073,451110,J,161,J,813,J,2790,4,N,N,N,N,,,N,N,N,N,N,N,N,,,2023,28073
28,075,451110,J,38,H,249,H,956,5,N,N,N,N,,,N,N,N,N,N,N,N,,,2023,28075
28,081,451110,J,181,H,1086,H,3618,9,4,N,N,N,,,N,N,N,N,N,N,N,,,2023,28081
28,087,451110,J,79,J,426,J,1889,4,N,N,N,N,,,N,N,N,N,N,N,N,,,2023,28087
28,089,451110,G,102,G,719,G,2809,11,6,3,N,N,,,N,N,N,N,N,N,N,,,2023,28089
28,121,451110,G,245,G,1400,G,5212,8,4,N,N,N,,,N,N,N,N,N,N,N,,,2023,28121
29,009,451110,G,23,H,112,G,503,4,N,N,N,N,,,N,N,N,N,N,N,N,,,2023,29009
29,019,451110,G,314,G,1911,G,7408,20,5,10,N,N,,,N,N,N,N,N,N,N,,,2023,29019
29,021,451110,J,74,J,297,J,1403,10,9,N,N,N,,,N,N,N,N,N,N,N,,,2023,29021
29,023,451110,J,78,J,526,J,1623,3,N,N,N,N,,,N,N,N,N,N,N,N,,,2023,29023
29,029,451110,H,78,G,367,G,1580,6,3,N,N,N,,,N,N,N,N,N,N,N,,,2023,29029
29,031,451110,J,123,H,782,H,2597,6,N,N,N,N,,,N,N,N,N,N,N,N,,,2023,29031
29,037,451110,H,74,H,526,H,1727,5,4,N,N,N,,,N,N,N,N,N,N,N,,,2023,29037
29,043,451110,J,17,H,122,H,659,5,3,N,N,N,,,N,N,N,N,N,N,N,,,2023,29043
29,047,451110,J,197,J,1251,H,4733,13,7,3,N,N,,,N,N,N,N,N,N,N,,,2023,29047
29,051,451110,H,65,J,335,J,1554,8,6,N,N,N,,,N,N,N,N,N,N,N,,,2023,29051
29,071,451110,H,60,G,308,H,1549,8,5,N,N,N,,,N,N,N,N,N,N,N,,,2023,29071
29,077,451110,G,315,G,2019,G,8346,30,16,4,7,N,,,N,N,N,N,N,N,N,,,2023,29077
29,095,451110,G,421,G,2648,G,10977,31,14,9,4,N,,,N,N,N,N,N,N,N,,,2023,29095
29,097,451110,H,150,H,1019,H,3711,15,11,N,N,N,,,N,N,N,N,N,N,N,,,2023,29097
29,099,451110,J,102,J,687,J,5193,10,5,N,N,N,,,N,N,N,N,N,N,N,,,2023,29099
29,101,451110,J,18,G,91,G,312,5,3,N,N,N,,,N,N,N,N,N,N,N,,,2023,29101
29,141,451110,G,10,J,34,G,249,4,3,N,N,N,,,N,N,N,N,N,N,N,,,2023,29141
29,145,451110,G,22,H,145,H,554,5,3,N,N,N,,,N,N,N,N,N,N,N,,,2023,29145
29,165,451110,H,103,J,625,J,2779,5,3,N,N,N,,,N,N,N,N,N,N,N,,,2023,29165
29,183,451110,G,388,G,2356,G,8799,19,9,4,N,N,,,N,N,N,N,N,N,N,,,2023,29183
29,187,451110,J,40,J,261,J,1060,5,N,N,3,N,,,N,N,N,N,N,N,N,,,2023,29187
29,189,451110,G,1162,G,8059,G,32410,83,40,19,10,6,8.0,,N,N,N,N,N,N,N,,,2023,29189
29,209,451110,J,14,G,114,G,529,6,5,N,N,N,,,N,N,N,N,N,N,N,,,2023,29209
29,213,451110,H,137,J,829,J,3699,3,N,N,N,N,,,N,N,N,N,N,N,N,,,2023,29213
29,215,451110,J,11,J,51,H,230,3,N,N,N,N,,,N,N,N,N,N,N,N,,,2023,29215
29,219,451110,J,23,J,140,J,570,3,N,N,N,N,,,N,N,N,N,N,N,N,,,2023,29219
29,225,451110,J,14,H,86,G,388,4,3,N,N,N,,,N,N,N,N,N,N,N,,,2023,29225
29,510,451110,J,45,G,323,G,1400,9,5,3,N,N,,,N,N,N,N,N,N,N,,,2023,29510
30,013,451110,G,205,H,1598,H,5870,9,4,3,N,N,,,N,N,N,N,N,N,N,,,2023,30013
30,023,451110,G,9,J,42,J,142,3,N,N,N,N,,,N,N,N,N,N,N,N,,,2023,30023
30,029,451110,G,344,G,2660,G,10459,19,8,N,5,3,,,N,N,N,N,N,N,N,,,2023,30029
30,031,451110,G,625,G,4704,G,17332,45,18,13,8,3,,,N,N,N,N,N,N,N,,,2023,30031
30,041,451110,G,8,H,77,G,262,3,3,N,N,N,,,N,N,N,N,N,N,N,,,2023,30041
30,049,451110,G,210,G,1203,G,5436,17,6,7,N,4,,,N,N,N,N,N,N,N,,,2023,30049
30,057,451110,G,36,G,302,G,1291,6,4,N,N,N,,,N,N,N,N,N,N,N,,,2023,30057
30,063,451110,H,670,H,4825,H,19232,28,8,8,6,N,3.0,,N,N,N,N,N,N,N,,,2023,30063
30,067,451110,G,22,G,151,G,801,6,4,N,N,N,,,N,N,N,N,N,N,N,,,2023,30067
30,081,451110,H,80,G,338,G,1508,10,7,N,N,N,,,N,N,N,N,N,N,N,,,2023,30081
30,093,451110,G,48,H,301,H,1119,4,N,N,N,N,,,N,N,N,N,N,N,N,,,2023,30093
30,111,451110,G,654,H,5289,H,19836,25,9,8,4,N,,,N,N,N,N,N,N,N,,,2023,30111
31,019,451110,J,69,J,570,J,2047,6,4,N,N,N,,,N,N,N,N,N,N,N,,,2023,31019
31,033,451110,J,70,J,469,J,1952,3,N,N,N,N,,,N,N,N,N,N,N,N,,,2023,31033
31,053,451110,H,83,H,538,H,1953,3,N,N,N,N,,,N,N,N,N,N,N,N,,,2023,31053
31,055,451110,G,822,H,5936,H,23055,41,21,6,8,4,,,N,N,N,N,N,N,N,,,2023,31055
31,079,451110,G,112,G,570,G,2379,10,5,3,N,N,,,N,N,N,N,N,N,N,,,2023,31079
31,109,451110,H,695,H,4172,H,16320,23,9,4,6,N,,,N,N,N,N,N,N,N,,,2023,31109
31,111,451110,J,39,H,241,J,979,6,5,N,N,N,,,N,N,N,N,N,N,N,,,2023,31111
31,145,451110,J,8,J,19,J,49,3,3,N,N,N,,,N,N,N,N,N,N,N,,,2023,31145
31,153,451110,G,239,G,1592,G,6279,5,N,N,N,N,,,N,N,N,N,N,N,N,,,2023,31153
32,003,451110,G,1441,G,10194,G,41500,121,49,32,27,7,5.0,,N,N,N,N,N,N,N,,,2023,32003
32,005,451110,G,78,H,569,H,2034,10,5,N,N,N,,,N,N,N,N,N,N,N,,,2023,32005
32,007,451110,H,30,G,198,G,859,6,4,N,N,N,,,N,N,N,N,N,N,N,,,2023,32007
32,023,451110,G,29,G,119,G,445,4,N,N,N,N,,,N,N,N,N,N,N,N,,,2023,32023
32,031,451110,G,939,G,7200,G,29288,38,16,10,4,5,,,N,N,N,N,N,N,N,,,2023,32031
32,510,451110,J,62,H,252,H,1092,5,3,N,N,N,,,N,N,N,N,N,N,N,,,2023,32510
33,001,451110,G,50,G,307,G,1366,9,6,N,N,N,,,N,N,N,N,N,N,N,,,2023,33001
33,003,451110,H,174,G,1232,G,4636,17,6,5,4,N,,,N,N,N,N,N,N,N,,,2023,33003
33,005,451110,G,55,H,466,G,1938,8,6,N,N,N,,,N,N,N,N,N,N,N,,,2023,33005
33,007,451110,G,68,G,504,G,2030,5,3,N,N,N,,,N,N,N,N,N,N,N,,,2023,33007
33,009,451110,G,160,H,2538,H,9175,18,8,4,3,3,,,N,N,N,N,N,N,N,,,2023,33009
33,011,451110,H,426,G,3133,H,12385,36,22,5,3,4,,,N,N,N,N,N,N,N,,,2023,33011
33,013,451110,G,259,G,1711,G,7231,13,4,N,5,N,,,N,N,N,N,N,N,N,,,2023,33013
33,015,451110,H,499,H,3605,H,14934,44,22,9,5,6,,,N,N,N,N,N,N,N,,,2023,33015
33,017,451110,J,127,H,1061,G,4303,14,7,3,N,3,,,N,N,N,N,N,N,N,,,2023,33017
33,019,451110,G,20,H,204,G,980,4,N,N,N,N,,,N,N,N,N,N,N,N,,,2023,33019
34,001,451110,H,209,H,1530,H,6807,17,9,3,3,N,,,N,N,N,N,N,N,N,,,2023,34001
34,003,451110,H,833,G,7455,G,27767,57,35,7,5,4,4.0,,N,N,N,N,N,N,N,,,2023,34003
34,005,451110,G,382,G,2685,G,10330,19,9,3,N,3,,,N,N,N,N,N,N,N,,,2023,34005
34,007,451110,G,196,H,2847,H,9681,17,9,N,3,N,,,N,N,N,N,N,N,N,,,2023,34007
34,009,451110,H,88,G,559,G,4310,27,19,6,N,N,,,N,N,N,N,N,N,N,,,2023,34009
34,011,451110,J,76,J,366,J,1641,7,5,N,N,N,,,N,N,N,N,N,N,N,,,2023,34011
34,013,451110,G,128,G,3115,G,9224,24,17,3,3,N,,,N,N,N,N,N,N,N,,,2023,34013
34,015,451110,G,171,G,1307,G,4460,13,5,5,N,N,,,N,N,N,N,N,N,N,,,2023,34015
34,017,451110,H,24,G,157,G,717,9,7,N,N,N,,,N,N,N,N,N,N,N,,,2023,34017
34,019,451110,G,93,G,877,G,4595,14,9,3,N,N,,,N,N,N,N,N,N,N,,,2023,34019
34,021,451110,G,209,H,1416,H,5386,15,7,3,3,N,,,N,N,N,N,N,N,N,,,2023,34021
34,023,451110,G,349,G,2156,G,9677,27,17,N,N,6,,,N,N,N,N,N,N,N,,,2023,34023
34,025,451110,G,416,G,3692,G,14899,52,34,8,6,N,,,N,N,N,N,N,N,N,,,2023,34025
34,027,451110,G,523,H,3744,H,15555,37,20,6,4,3,4.0,,N,N,N,N,N,N,N,,,2023,34027
34,029,451110,G,356,G,2124,G,10057,43,30,6,N,3,,,N,N,N,N,N,N,N,,,2023,34029
34,031,451110,G,217,H,1310,H,6130,11,5,N,N,N,,,N,N,N,N,N,N,N,,,2023,34031
34,035,451110,G,178,G,1504,G,6055,20,11,N,5,N,,,N,N,N,N,N,N,N,,,2023,34035
34,037,451110,J,45,H,291,G,1179,7,5,N,N,N,,,N,N,N,N,N,N,N,,,2023,34037
34,039,451110,J,214,H,1401,H,5914,22,12,6,N,N,,,N,N,N,N,N,N,N,,,2023,34039
34,041,451110,H,23,H,190,G,775,6,5,N,N,N,,,N,N,N,N,N,N,N,,,2023,34041
35,001,451110,G,559,G,3829,G,14695,47,19,13,10,N,4.0,,N,N,N,N,N,N,N,,,2023,35001
35,005,451110,G,36,G,163,G,590,5,N,3,N,N,,,N,N,N,N,N,N,N,,,2023,35005
35,007,451110,J,40,H,267,G,483,3,N,N,N,N,,,N,N,N,N,N,N,N,,,2023,35007
35,013,451110,G,155,G,868,G,3786,12,3,4,3,N,,,N,N,N,N,N,N,N,,,2023,35013
35,015,451110,J,21,J,77,H,339,3,N,N,N,N,,,N,N,N,N,N,N,N,,,2023,35015
35,025,451110,G,31,H,142,G,669,5,3,N,N,N,,,N,N,N,N,N,N,N,,,2023,35025
35,027,451110,H,44,G,190,G,515,4,N,N,N,N,,,N,N,N,N,N,N,N,,,2023,35027
35,035,451110,G,32,G,154,G,651,5,3,N,N,N,,,N,N,N,N,N,N,N,,,2023,35035
35,045,451110,G,120,G,725,G,3012,15,10,N,3,N,,,N,N,N,N,N,N,N,,,2023,35045
35,049,451110,G,160,G,1422,G,4971,14,3,7,3,N,,,N,N,N,N,N,N,N,,,2023,35049
35,055,451110,H,118,H,792,H,2140,14,4,5,5,N,,,N,N,N,N,N,N,N,,,2023,35055
35,061,451110,J,18,J,64,J,250,3,N,N,N,N,,,N,N,N,N,N,N,N,,,2023,35061
36,001,451110,H,447,H,2838,H,10978,24,10,8,N,N,,,N,N,N,N,N,N,N,,,2023,36001
36,003,451110,G,15,G,99,G,349,4,3,N,N,N,,,N,N,N,N,N,N,N,,,2023,36003
36,005,451110,J,45,J,458,J,2134,12,9,N,N,N,,,N,N,N,N,N,N,N,,,2023,36005
36,007,451110,G,164,H,1032,H,3833,10,4,3,N,N,,,N,N,N,N,N,N,N,,,2023,36007
36,009,451110,H,93,G,781,G,2920,7,N,3,N,N,,,N,N,N,N,N,N,N,,,2023,36009
36,011,451110,H,116,J,826,J,3605,4,N,N,N,N,,,N,N,N,N,N,N,N,,,2023,36011
36,013,451110,H,33,J,192,H,999,9,8,N,N,N,,,N,N,N,N,N,N,N,,,2023,36013
36,015,451110,G,117,G,969,G,4391,6,N,N,N,3,,,N,N,N,N,N,N,N,,,2023,36015
36,019,451110,G,94,G,557,G,2503,6,N,N,N,N,,,N,N,N,N,N,N,N,,,2023,36019
36,021,451110,J,21,H,110,H,577,6,5,N,N,N,,,N,N,N,N,N,N,N,,,2023,36021
36,025,451110,J,9,J,60,J,264,4,4,N,N,N,,,N,N,N,N,N,N,N,,,2023,36025
36,027,451110,G,125,G,838,G,3729,19,13,3,N,N,,,N,N,N,N,N,N,N,,,2023,36027
36,029,451110,G,903,G,5929,G,23346,62,27,17,9,5,3.0,,N,N,N,N,N,N,N,,,2023,36029
36,031,451110,J,45,H,371,G,1558,7,N,3,N,N,,,N,N,N,N,N,N,N,,,2023,36031
36,037,451110,H,62,G,326,G,1384,6,4,N,N,N,,,N,N,N,N,N,N,N,,,2023,36037
36,039,451110,H,34,H,263,H,673,7,4,N,N,N,,,N,N,N,N,N,N,N,,,2023,36039
36,043,451110,J,7,J,43,J,206,4,4,N,N,N,,,N,N,N,N,N,N,N,,,2023,36043
36,045,451110,H,73,H,411,H,1902,5,3,N,N,N,,,N,N,N,N,N,N,N,,,2023,36045
36,047,451110,G,259,G,2264,G,10147,66,45,17,N,N,,,N,N,N,N,N,N,N,,,2023,36047
36,053,451110,G,6,J,79,J,304,3,3,N,N,N,,,N,N,N,N,N,N,N,,,2023,36053
36,055,451110,H,803,H,10370,H,32583,42,19,9,5,6,,,N,N,N,N,N,N,N,,,2023,36055
36,059,451110,G,926,G,7415,G,32034,91,55,15,9,8,3.0,,N,N,N,N,N,N,N,,,2023,36059
36,061,451110,G,704,H,11052,H,36838,73,40,22,5,4,,,N,N,N,N,N,N,N,,,2023,36061
36,063,451110,H,78,G,423,G,1675,10,4,N,3,N,,,N,N,N,N,N,N,N,,,2023,36063
36,065,451110,H,160,H,983,H,4109,12,8,N,N,N,,,N,N,N,N,N,N,N,,,2023,36065
36,067,451110,G,374,G,2436,G,10256,25,10,6,4,4,,,N,N,N,N,N,N,N,,,2023,36067
36,069,451110,G,163,H,1019,H,3515,9,N,4,N,N,,,N,N,N,N,N,N,N,,,2023,36069
36,071,451110,J,118,H,806,H,3619,12,10,N,N,N,,,N,N,N,N,N,N,N,,,2023,36071
36,075,451110,G,38,H,278,H,1362,9,5,3,N,N,,,N,N,N,N,N,N,N,,,2023,36075
36,079,451110,H,38,G,296,G,1360,7,5,N,N,N,,,N,N,N,N,N,N,N,,,2023,36079
36,081,451110,G,190,G,1392,G,5780,51,42,6,N,N,,,N,N,N,N,N,N,N,,,2023,36081
36,083,451110,J,13,G,104,G,415,6,6,N,N,N,,,N,N,N,N,N,N,N,,,2023,36083
36,085,451110,H,55,H,428,G,2056,7,6,N,N,N,,,N,N,N,N,N,N,N,,,2023,36085
36,087,451110,G,161,G,1171,G,4683,17,11,3,N,N,,,N,N,N,N,N,N,N,,,2023,36087
36,089,451110,J,17,H,100,H,430,6,5,N,N,N,,,N,N,N,N,N,N,N,,,2023,36089
36,091,451110,G,172,H,1158,H,5449,12,3,4,3,N,,,N,N,N,N,N,N,N,,,2023,36091
36,093,451110,J,13,G,109,G,522,6,5,N,N,N,,,N,N,N,N,N,N,N,,,2023,36093
36,101,451110,G,4,J,24,J,110,5,5,N,N,N,,,N,N,N,N,N,N,N,,,2023,36101
36,103,451110,G,1253,G,8715,G,37535,125,78,22,10,7,7.0,,N,N,N,N,N,N,N,,,2023,36103
36,105,451110,G,2,J,13,J,92,4,4,N,N,N,,,N,N,N,N,N,N,N,,,2023,36105
36,107,451110,J,12,J,122,J,592,3,N,N,N,N,,,N,N,N,N,N,N,N,,,2023,36107
36,109,451110,G,73,H,394,H,1829,9,5,N,N,N,,,N,N,N,N,N,N,N,,,2023,36109
36,111,451110,G,129,G,856,G,3474,16,9,N,3,N,,,N,N,N,N,N,N,N,,,2023,36111
36,113,451110,H,108,H,721,G,3379,12,6,3,N,N,,,N,N,N,N,N,N,N,,,2023,36113
36,115,451110,J,11,G,61,H,258,4,4,N,N,N,,,N,N,N,N,N,N,N,,,2023,36115
36,117,451110,J,5,J,57,H,254,4,4,N,N,N,,,N,N,N,N,N,N,N,,,2023,36117
36,119,451110,G,696,G,6744,G,24947,71,47,9,4,6,5.0,,N,N,N,N,N,N,N,,,2023,36119
37,001,451110,J,173,J,1034,J,4034,15,8,3,N,N,,,N,N,N,N,N,N,N,,,2023,37001
37,011,451110,H,70,H,537,H,1016,5,3,N,N,N,,,N,N,N,N,N,N,N,,,2023,37011
37,013,451110,G,13,H,57,H,214,5,5,N,N,N,,,N,N,N,N,N,N,N,,,2023,37013
37,019,451110,J,23,G,133,G,877,11,8,3,N,N,,,N,N,N,N,N,N,N,,,2023,37019
37,021,451110,G,334,G,2318,G,8929,31,15,8,4,N,,,N,N,N,N,N,N,N,,,2023,37021
37,023,451110,H,59,H,357,H,1656,7,3,3,N,N,,,N,N,N,N,N,N,N,,,2023,37023
37,025,451110,G,364,G,2017,G,7733,12,5,N,N,N,,,N,N,N,N,N,N,N,,,2023,37025
37,027,451110,G,22,G,109,G,540,4,N,N,N,N,,,N,N,N,N,N,N,N,,,2023,37027
37,031,451110,J,123,J,648,J,2782,14,7,N,3,N,,,N,N,N,N,N,N,N,,,2023,37031
37,035,451110,J,174,H,1109,H,4205,11,3,5,N,N,,,N,N,N,N,N,N,N,,,2023,37035
37,037,451110,J,20,J,181,H,943,4,3,N,N,N,,,N,N,N,N,N,N,N,,,2023,37037
37,045,451110,J,28,J,151,J,661,4,N,N,N,N,,,N,N,N,N,N,N,N,,,2023,37045
37,047,451110,J,8,H,40,H,177,3,3,N,N,N,,,N,N,N,N,N,N,N,,,2023,37047
37,049,451110,H,77,J,570,J,1957,6,N,3,N,N,,,N,N,N,N,N,N,N,,,2023,37049
37,051,451110,H,254,H,1395,H,5645,17,7,8,N,N,,,N,N,N,N,N,N,N,,,2023,37051
37,053,451110,G,8,G,47,H,337,4,4,N,N,N,,,N,N,N,N,N,N,N,,,2023,37053
37,055,451110,G,144,G,1415,G,8544,30,22,6,N,N,,,N,N,N,N,N,N,N,,,2023,37055
37,057,451110,G,8,J,40,G,254,5,5,N,N,N,,,N,N,N,N,N,N,N,,,2023,37057
37,063,451110,J,191,J,2910,J,9042,9,N,3,N,N,,,N,N,N,N,N,N,N,,,2023,37063
37,067,451110,G,275,G,1776,G,6595,28,16,6,N,3,,,N,N,N,N,N,N,N,,,2023,37067
37,069,451110,H,27,H,158,H,625,4,3,N,N,N,,,N,N,N,N,N,N,N,,,2023,37069
37,071,451110,H,196,H,1207,H,4547,13,6,3,N,N,,,N,N,N,N,N,N,N,,,2023,37071
37,081,451110,H,382,H,2314,H,9368,30,19,3,N,3,3.0,,N,N,N,N,N,N,N,,,2023,37081
37,085,451110,G,30,H,160,H,696,5,N,N,N,N,,,N,N,N,N,N,N,N,,,2023,37085
37,087,451110,G,12,H,50,G,213,4,N,N,N,N,,,N,N,N,N,N,N,N,,,2023,37087
37,089,451110,H,38,G,248,G,1301,13,10,N,N,N,,,N,N,N,N,N,N,N,,,2023,37089
37,093,451110,G,8,G,67,G,320,3,3,N,N,N,,,N,N,N,N,N,N,N,,,2023,37093
37,097,451110,H,223,H,1428,H,5128,16,5,5,3,N,,,N,N,N,N,N,N,N,,,2023,37097
37,099,451110,J,16,J,127,H,545,4,N,N,N,N,,,N,N,N,N,N,N,N,,,2023,37099
37,101,451110,J,5,H,47,J,180,5,5,N,N,N,,,N,N,N,N,N,N,N,,,2023,37101
37,105,451110,H,45,H,263,H,901,4,N,N,N,N,,,N,N,N,N,N,N,N,,,2023,37105
37,107,451110,J,133,J,1357,J,4896,3,N,N,N,N,,,N,N,N,N,N,N,N,,,2023,37107
37,109,451110,J,154,J,1284,J,6506,5,4,N,N,N,,,N,N,N,N,N,N,N,,,2023,37109
37,113,451110,H,32,J,175,H,826,5,N,N,N,N,,,N,N,N,N,N,N,N,,,2023,37113
37,119,451110,G,1059,G,9687,G,36667,66,23,16,11,10,5.0,,N,N,N,N,N,N,N,,,2023,37119
37,125,451110,G,118,G,741,G,3809,13,7,N,3,N,,,N,N,N,N,N,N,N,,,2023,37125
37,127,451110,J,28,H,124,H,562,5,4,N,N,N,,,N,N,N,N,N,N,N,,,2023,37127
37,129,451110,H,410,G,2625,G,10548,31,9,8,9,4,,,N,N,N,N,N,N,N,,,2023,37129
37,133,451110,G,222,G,1222,G,4560,14,6,N,N,3,,,N,N,N,N,N,N,N,,,2023,37133
37,135,451110,G,73,G,537,G,2191,11,4,4,3,N,,,N,N,N,N,N,N,N,,,2023,37135
37,139,451110,J,6,H,39,H,235,3,N,N,N,N,,,N,N,N,N,N,N,N,,,2023,37139
37,141,451110,J,29,H,103,H,570,5,4,N,N,N,,,N,N,N,N,N,N,N,,,2023,37141
37,145,451110,G,17,J,159,J,648,3,N,N,N,N,,,N,N,N,N,N,N,N,,,2023,37145
37,147,451110,H,182,H,970,H,3743,12,3,4,3,N,,,N,N,N,N,N,N,N,,,2023,37147
37,151,451110,J,28,G,163,H,694,3,N,N,N,N,,,N,N,N,N,N,N,N,,,2023,37151
37,153,451110,H,22,J,81,J,398,3,N,N,N,N,,,N,N,N,N,N,N,N,,,2023,37153
37,157,451110,J,16,J,128,J,509,6,5,N,N,N,,,N,N,N,N,N,N,N,,,2023,37157
37,159,451110,H,69,G,417,G,1748,9,4,4,N,N,,,N,N,N,N,N,N,N,,,2023,37159
37,167,451110,J,13,J,77,J,345,3,N,N,N,N,,,N,N,N,N,N,N,N,,,2023,37167
37,171,451110,H,24,G,130,G,525,5,3,N,N,N,,,N,N,N,N,N,N,N,,,2023,37171
37,173,451110,J,58,J,345,J,1448,3,N,N,N,N,,,N,N,N,N,N,N,N,,,2023,37173
37,175,451110,J,32,H,230,G,891,5,N,N,N,N,,,N,N,N,N,N,N,N,,,2023,37175
37,179,451110,H,30,G,171,G,768,14,13,N,N,N,,,N,N,N,N,N,N,N,,,2023,37179
37,183,451110,G,1337,G,10373,G,39910,79,33,12,13,13,7.0,,N,N,N,N,N,N,N,,,2023,37183
37,189,451110,G,66,G,327,G,1359,11,3,7,N,N,,,N,N,N,N,N,N,N,,,2023,37189
37,191,451110,J,98,H,565,H,2272,9,3,3,N,N,,,N,N,N,N,N,N,N,,,2023,37191
37,193,451110,H,70,J,433,H,1710,3,N,N,N,N,,,N,N,N,N,N,N,N,,,2023,37193
37,195,451110,J,43,J,297,J,1238,5,N,N,3,N,,,N,N,N,N,N,N,N,,,2023,37195
37,197,451110,G,3,G,26,G,128,3,3,N,N,N,,,N,N,N,N,N,N,N,,,2023,37197
38,015,451110,J,384,J,3270,J,12240,9,4,N,N,N,,,N,N,N,N,N,N,N,,,2023,38015
38,017,451110,H,573,H,5256,H,19189,12,6,N,3,N,,,N,N,N,N,N,N,N,,,2023,38017
38,035,451110,H,276,H,2202,H,8146,7,N,3,3,N,,,N,N,N,N,N,N,N,,,2023,38035
38,089,451110,J,18,H,96,H,464,3,N,N,N,N,,,N,N,N,N,N,N,N,,,2023,38089
38,101,451110,H,269,H,2229,H,8035,9,3,4,N,N,,,N,N,N,N,N,N,N,,,2023,38101
39,001,451110,J,2,J,20,H,348,4,4,N,N,N,,,N,N,N,N,N,N,N,,,2023,39001
39,003,451110,H,51,H,335,H,1443,7,4,N,N,N,,,N,N,N,N,N,N,N,,,2023,39003
39,005,451110,J,99,J,963,J,4541,3,N,N,N,N,,,N,N,N,N,N,N,N,,,2023,39005
39,007,451110,J,35,H,147,G,758,7,3,3,N,N,,,N,N,N,N,N,N,N,,,2023,39007
39,009,451110,J,21,H,95,H,464,3,N,N,N,N,,,N,N,N,N,N,N,N,,,2023,39009
39,013,451110,H,43,J,221,J,940,3,N,N,N,N,,,N,N,N,N,N,N,N,,,2023,39013
39,017,451110,G,407,G,2205,G,9640,23,12,3,3,N,,,N,N,N,N,N,N,N,,,2023,39017
39,023,451110,H,41,G,125,G,626,6,N,4,N,N,,,N,N,N,N,N,N,N,,,2023,39023
39,025,451110,G,182,G,1190,H,5077,10,3,3,N,3,,,N,N,N,N,N,N,N,,,2023,39025
39,029,451110,J,25,H,148,H,729,4,3,N,N,N,,,N,N,N,N,N,N,N,,,2023,39029
39,035,451110,G,828,H,4788,H,20152,71,39,11,10,6,5.0,,N,N,N,N,N,N,N,,,2023,39035
39,041,451110,G,423,G,2718,G,11558,15,5,N,3,3,,,N,N,N,N,N,N,N,,,2023,39041
39,043,451110,J,86,H,680,G,3198,6,3,N,N,N,,,N,N,N,N,N,N,N,,,2023,39043
39,045,451110,G,56,J,245,J,1068,4,3,N,N,N,,,N,N,N,N,N,N,N,,,2023,39045
39,049,451110,H,1073,H,7947,H,31048,64,23,14,13,8,5.0,,N,N,N,N,N,N,N,,,2023,39049
39,055,451110,J,46,H,308,H,1584,11,7,3,N,N,,,N,N,N,N,N,N,N,,,2023,39055
39,057,451110,J,82,J,906,J,3097,3,N,N,N,N,,,N,N,N,N,N,N,N,,,2023,39057
39,061,451110,G,904,G,6620,G,26124,63,28,8,13,9,4.0,,N,N,N,N,N,N,N,,,2023,39061
39,063,451110,J,88,H,558,H,2270,7,3,N,N,N,,,N,N,N,N,N,N,N,,,2023,39063
39,075,451110,J,34,H,293,H,1439,9,5,4,N,N,,,N,N,N,N,N,N,N,,,2023,39075
39,081,451110,J,8,J,106,J,643,4,3,N,N,N,,,N,N,N,N,N,N,N,,,2023,39081
39,085,451110,G,209,G,1243,G,5571,18,9,N,5,N,,,N,N,N,N,N,N,N,,,2023,39085
39,087,451110,J,4,H,22,G,108,3,3,N,N,N,,,N,N,N,N,N,N,N,,,2023,39087
39,089,451110,H,178,H,1465,H,6360,11,5,N,N,N,,,N,N,N,N,N,N,N,,,2023,39089
39,091,451110,G,35,G,152,G,628,5,N,N,N,N,,,N,N,N,N,N,N,N,,,2023,39091
39,093,451110,G,163,H,1104,H,4908,15,10,N,3,N,,,N,N,N,N,N,N,N,,,2023,39093
39,095,451110,H,232,G,1410,G,6360,16,8,3,N,N,,,N,N,N,N,N,N,N,,,2023,39095
39,099,451110,H,185,H,936,H,4175,15,7,4,N,N,,,N,N,N,N,N,N,N,,,2023,39099
39,101,451110,J,15,G,80,G,351,3,N,N,N,N,,,N,N,N,N,N,N,N,,,2023,39101
39,103,451110,J,54,H,374,H,1593,11,7,3,N,N,,,N,N,N,N,N,N,N,,,2023,39103
39,107,451110,H,23,H,120,H,536,5,4,N,N,N,,,N,N,N,N,N,N,N,,,2023,39107
39,109,451110,G,58,G,323,G,1489,7,4,N,N,N,,,N,N,N,N,N,N,N,,,2023,39109
39,113,451110,G,485,G,3067,G,12935,33,11,8,7,3,4.0,,N,N,N,N,N,N,N,,,2023,39113
39,123,451110,J,14,J,65,H,414,5,4,N,N,N,,,N,N,N,N,N,N,N,,,2023,39123
39,127,451110,G,13,H,94,G,385,3,N,N,N,N,,,N,N,N,N,N,N,N,,,2023,39127
39,133,451110,G,83,G,476,G,2072,10,7,N,N,N,,,N,N,N,N,N,N,N,,,2023,39133
39,139,451110,G,97,G,510,G,2444,7,4,N,N,N,,,N,N,N,N,N,N,N,,,2023,39139
39,141,451110,J,63,J,277,J,1321,3,N,N,N,N,,,N,N,N,N,N,N,N,,,2023,39141
39,143,451110,J,6,G,23,H,98,4,4,N,N,N,,,N,N,N,N,N,N,N,,,2023,39143
39,151,451110,G,259,G,1560,G,6888,25,11,7,5,N,,,N,N,N,N,N,N,N,,,2023,39151
39,153,451110,G,324,G,1923,H,8723,27,15,3,N,5,,,N,N,N,N,N,N,N,,,2023,39153
39,155,451110,G,76,G,403,G,1765,10,5,3,N,N,,,N,N,N,N,N,N,N,,,2023,39155
39,157,451110,H,86,H,475,H,2463,13,9,N,N,N,,,N,N,N,N,N,N,N,,,2023,39157
39,165,451110,H,175,H,1060,H,4605,11,N,5,N,N,,,N,N,N,N,N,N,N,,,2023,39165
39,167,451110,J,14,J,66,J,296,4,3,N,N,N,,,N,N,N,N,N,N,N,,,2023,39167
39,169,451110,G,73,G,374,G,1822,7,N,N,N,N,,,N,N,N,N,N,N,N,,,2023,39169
39,171,451110,J,22,J,125,J,540,4,N,N,N,N,,,N,N,N,N,N,N,N,,,2023,39171
39,173,451110,G,211,G,1130,G,4967,7,N,N,4,N,,,N,N,N,N,N,N,N,,,2023,39173
40,009,451110,J,10,H,40,G,160,4,4,N,N,N,,,N,N,N,N,N,N,N,,,2023,40009
40,019,451110,J,95,J,615,J,1886,3,N,N,N,N,,,N,N,N,N,N,N,N,,,2023,40019
40,021,451110,G,3,G,14,H,97,3,3,N,N,N,,,N,N,N,N,N,N,N,,,2023,40021
40,027,451110,J,198,H,1153,H,5059,13,9,N,N,N,,,N,N,N,N,N,N,N,,,2023,40027
40,031,451110,J,125,J,728,J,2446,8,5,N,N,N,,,N,N,N,N,N,N,N,,,2023,40031
40,041,451110,J,16,H,96,H,412,4,3,N,N,N,,,N,N,N,N,N,N,N,,,2023,40041
40,089,451110,G,37,H,144,H,816,3,N,N,N,N,,,N,N,N,N,N,N,N,,,2023,40089
40,109,451110,G,964,G,6315,G,25092,66,35,13,4,7,6.0,,N,N,N,N,N,N,N,,,2023,40109
40,119,451110,J,122,J,671,J,2465,7,3,N,N,N,,,N,N,N,N,N,N,N,,,2023,40119
40,125,451110,G,36,G,166,G,588,4,N,N,N,N,,,N,N,N,N,N,N,N,,,2023,40125
40,131,451110,H,31,G,251,G,1218,4,N,N,N,N,,,N,N,N,N,N,N,N,,,2023,40131
40,137,451110,J,18,H,115,J,468,3,N,N,N,N,,,N,N,N,N,N,N,N,,,2023,40137
40,143,451110,G,895,H,6271,G,25882,59,28,16,3,5,6.0,,N,N,N,N,N,N,N,,,2023,40143
40,147,451110,J,29,J,178,J,769,4,N,N,N,N,,,N,N,N,N,N,N,N,,,2023,40147
40,153,451110,J,18,G,103,G,398,6,5,N,N,N,,,N,N,N,N,N,N,N,,,2023,40153
41,003,451110,H,94,G,514,G,2240,10,5,N,3,N,,,N,N,N,N,N,N,N,,,2023,41003
41,005,451110,G,406,G,2870,G,11429,26,7,9,3,6,,,N,N,N,N,N,N,N,,,2023,41005
41,007,451110,J,51,H,318,H,1401,8,N,4,N,N,,,N,N,N,N,N,N,N,,,2023,41007
41,011,451110,J,20,J,92,H,401,3,N,N,N,N,,,N,N,N,N,N,N,N,,,2023,41011
41,017,451110,G,606,G,4619,G,18749,57,24,16,10,6,,,N,N,N,N,N,N,N,,,2023,41017
41,019,451110,H,60,G,361,G,1479,7,3,N,N,N,,,N,N,N,N,N,N,N,,,2023,41019
41,027,451110,H,107,H,1050,H,5274,9,N,4,N,N,,,N,N,N,N,N,N,N,,,2023,41027
41,029,451110,G,344,G,2190,G,9207,33,17,8,5,N,,,N,N,N,N,N,N,N,,,2023,41029
41,033,451110,J,37,G,212,G,873,9,7,N,N,N,,,N,N,N,N,N,N,N,,,2023,41033
41,035,451110,H,71,G,346,G,1409,8,4,N,N,N,,,N,N,N,N,N,N,N,,,2023,41035
41,039,451110,G,492,G,4072,G,15819,37,14,8,9,4,,,N,N,N,N,N,N,N,,,2023,41039
41,041,451110,J,40,H,194,G,839,9,6,N,N,N,,,N,N,N,N,N,N,N,,,2023,41041
41,043,451110,H,83,H,385,H,1535,9,4,3,N,N,,,N,N,N,N,N,N,N,,,2023,41043
41,045,451110,J,32,G,202,G,806,3,N,N,N,N,,,N,N,N,N,N,N,N,,,2023,41045
41,047,451110,G,267,G,1608,G,6124,16,3,4,6,N,,,N,N,N,N,N,N,N,,,2023,41047
41,051,451110,G,1141,G,10544,G,44855,78,27,19,17,10,3.0,,N,N,N,N,N,N,N,,,2023,41051
41,053,451110,J,3,G,16,G,76,3,3,N,N,N,,,N,N,N,N,N,N,N,,,2023,41053
41,059,451110,J,18,G,137,G,528,7,6,N,N,N,,,N,N,N,N,N,N,N,,,2023,41059
41,061,451110,J,19,H,79,G,357,6,4,N,N,N,,,N,N,N,N,N,N,N,,,2023,41061
41,065,451110,J,23,H,127,H,568,3,N,N,N,N,,,N,N,N,N,N,N,N,,,2023,41065
41,067,451110,G,865,G,8273,G,30813,44,15,6,12,7,,,N,N,N,N,N,N,N,,,2023,41067
41,071,451110,J,20,J,89,J,418,3,N,N,N,N,,,N,N,N,N,N,N,N,,,2023,41071
42,001,451110,G,26,H,127,H,556,4,3,N,N,N,,,N,N,N,N,N,N,N,,,2023,42001
42,003,451110,H,1351,H,9570,H,36818,84,34,15,20,8,4.0,3.0,N,N,N,N,N,N,N,,,2023,42003
42,007,451110,G,82,H,439,H,2120,9,5,N,N,N,,,N,N,N,N,N,N,N,,,2023,42007
42,011,451110,G,447,G,2553,H,10578,19,11,4,N,N,,,N,N,N,N,N,N,N,,,2023,42011
42,013,451110,G,165,G,883,G,3743,15,9,N,N,N,,,N,N,N,N,N,N,N,,,2023,42013
42,015,451110,J,13,J,71,J,337,6,5,N,N,N,,,N,N,N,N,N,N,N,,,2023,42015
42,017,451110,G,294,G,1931,G,7974,40,27,6,N,4,,,N,N,N,N,N,N,N,,,2023,42017
42,019,451110,H,349,H,2030,H,8972,19,11,N,4,N,,,N,N,N,N,N,N,N,,,2023,42019
42,021,451110,H,57,G,359,G,1562,10,5,3,N,N,,,N,N,N,N,N,N,N,,,2023,42021
42,025,451110,J,20,H,144,H,583,3,N,N,N,N,,,N,N,N,N,N,N,N,,,2023,42025
42,027,451110,G,142,G,633,G,2885,14,7,3,N,3,,,N,N,N,N,N,N,N,,,2023,42027
42,029,451110,G,260,H,1628,H,7400,26,12,8,3,N,,,N,N,N,N,N,N,N,,,2023,42029
42,031,451110,J,31,H,351,H,1532,5,N,N,N,N,,,N,N,N,N,N,N,N,,,2023,42031
42,033,451110,J,78,G,739,G,3130,8,5,N,N,N,,,N,N,N,N,N,N,N,,,2023,42033
42,035,451110,J,18,J,82,J,479,3,N,N,N,N,,,N,N,N,N,N,N,N,,,2023,42035
42,037,451110,J,36,H,129,H,577,3,N,N,N,N,,,N,N,N,N,N,N,N,,,2023,42037
42,039,451110,J,29,G,150,G,698,8,7,N,N,N,,,N,N,N,N,N,N,N,,,2023,42039
42,041,451110,H,341,H,2195,H,8569,18,6,3,5,N,,,N,N,N,N,N,N,N,,,2023,42041
42,043,451110,G,252,G,1590,G,6272,14,8,N,N,N,,,N,N,N,N,N,N,N,,,2023,42043
42,045,451110,G,137,H,965,H,4525,23,14,4,4,N,,,N,N,N,N,N,N,N,,,2023,42045
42,047,451110,J,36,J,260,J,1070,4,N,N,N,N,,,N,N,N,N,N,N,N,,,2023,42047
42,049,451110,G,210,G,942,G,4228,20,10,4,4,N,,,N,N,N,N,N,N,N,,,2023,42049
42,051,451110,J,104,J,393,J,2992,6,4,N,N,N,,,N,N,N,N,N,N,N,,,2023,42051
42,055,451110,G,99,G,554,G,2227,9,5,N,N,N,,,N,N,N,N,N,N,N,,,2023,42055
42,061,451110,J,2,J,39,J,83,3,3,N,N,N,,,N,N,N,N,N,N,N,,,2023,42061
42,063,451110,G,23,G,134,H,630,5,4,N,N,N,,,N,N,N,N,N,N,N,,,2023,42063
42,065,451110,G,5,H,25,H,154,4,4,N,N,N,,,N,N,N,N,N,N,N,,,2023,42065
42,069,451110,G,257,G,1400,G,5704,15,7,N,4,N,,,N,N,N,N,N,N,N,,,2023,42069
42,071,451110,H,396,G,2616,G,10472,37,16,11,5,4,,,N,N,N,N,N,N,N,,,2023,42071
42,073,451110,H,49,G,220,H,1078,9,6,N,3,N,,,N,N,N,N,N,N,N,,,2023,42073
42,075,451110,G,52,G,324,G,1361,12,9,N,3,N,,,N,N,N,N,N,N,N,,,2023,42075
42,077,451110,G,297,H,1867,G,6793,27,17,3,N,3,,,N,N,N,N,N,N,N,,,2023,42077
42,079,451110,G,153,G,814,G,3419,21,13,4,3,N,,,N,N,N,N,N,N,N,,,2023,42079
42,081,451110,G,122,G,576,G,2254,6,N,N,N,N,,,N,N,N,N,N,N,N,,,2023,42081
42,083,451110,H,24,H,118,H,584,3,N,N,N,N,,,N,N,N,N,N,N,N,,,2023,42083
42,085,451110,J,40,G,257,G,1139,10,6,3,N,N,,,N,N,N,N,N,N,N,,,2023,42085
42,087,451110,H,24,H,105,H,483,4,3,N,N,N,,,N,N,N,N,N,N,N,,,2023,42087
42,089,451110,J,140,J,750,J,3160,15,9,N,N,3,,,N,N,N,N,N,N,N,,,2023,42089
42,091,451110,G,1042,H,6981,H,26113,57,23,11,9,6,7.0,,N,N,N,N,N,N,N,,,2023,42091
42,095,451110,J,128,H,768,G,3170,17,11,5,N,N,,,N,N,N,N,N,N,N,,,2023,42095
42,097,451110,G,29,G,199,G,721,5,N,4,N,N,,,N,N,N,N,N,N,N,,,2023,42097
42,099,451110,G,24,G,54,G,295,4,N,N,N,N,,,N,N,N,N,N,N,N,,,2023,42099
42,101,451110,H,261,G,1817,G,6594,34,16,10,7,N,,,N,N,N,N,N,N,N,,,2023,42101
42,103,451110,H,23,G,140,G,665,5,3,N,N,N,,,N,N,N,N,N,N,N,,,2023,42103
42,107,451110,J,52,G,332,G,1504,13,9,N,N,N,,,N,N,N,N,N,N,N,,,2023,42107
42,109,451110,H,71,H,288,H,1241,3,N,N,N,N,,,N,N,N,N,N,N,N,,,2023,42109
42,111,451110,H,27,H,213,G,538,5,4,N,N,N,,,N,N,N,N,N,N,N,,,2023,42111
42,115,451110,H,32,H,278,H,998,4,N,N,N,N,,,N,N,N,N,N,N,N,,,2023,42115
42,117,451110,J,14,H,96,H,405,5,4,N,N,N,,,N,N,N,N,N,N,N,,,2023,42117
42,121,451110,H,29,J,134,H,628,4,N,N,N,N,,,N,N,N,N,N,N,N,,,2023,42121
42,123,451110,J,28,H,167,H,789,3,N,N,N,N,,,N,N,N,N,N,N,N,,,2023,42123
42,125,451110,G,134,G,743,G,2991,11,5,N,N,N,,,N,N,N,N,N,N,N,,,2023,42125
42,127,451110,G,28,H,206,H,894,7,5,N,N,N,,,N,N,N,N,N,N,N,,,2023,42127
42,129,451110,G,176,G,1088,G,4785,19,8,8,N,N,,,N,N,N,N,N,N,N,,,2023,42129
42,133,451110,G,218,G,1373,G,5925,32,20,7,3,N,,,N,N,N,N,N,N,N,,,2023,42133
44,003,451110,G,161,G,1243,G,5245,17,8,4,4,N,,,N,N,N,N,N,N,N,,,2023,44003
44,005,451110,J,18,H,99,G,483,6,3,3,N,N,,,N,N,N,N,N,N,N,,,2023,44005
44,007,451110,H,385,H,4193,H,14286,29,13,5,6,N,3.0,,N,N,N,N,N,N,N,,,2023,44007
44,009,451110,G,109,G,482,G,2557,18,10,4,3,N,,,N,N,N,N,N,N,N,,,2023,44009
45,003,451110,H,111,H,733,H,2417,8,4,N,3,N,,,N,N,N,N,N,N,N,,,2023,45003
45,007,451110,H,182,H,1121,H,4305,9,3,N,N,3,,,N,N,N,N,N,N,N,,,2023,45007
45,013,451110,G,251,H,1532,H,6244,30,19,5,3,N,,,N,N,N,N,N,N,N,,,2023,45013
45,015,451110,H,103,H,565,H,2499,9,5,N,N,N,,,N,N,N,N,N,N,N,,,2023,45015
45,019,451110,G,536,H,5404,G,20061,37,14,7,7,7,,,N,N,N,N,N,N,N,,,2023,45019
45,027,451110,G,8,H,56,H,234,3,N,N,N,N,,,N,N,N,N,N,N,N,,,2023,45027
45,041,451110,J,164,H,1079,H,3805,10,3,3,N,N,,,N,N,N,N,N,N,N,,,2023,45041
45,043,451110,H,50,G,286,G,1306,10,6,N,N,N,,,N,N,N,N,N,N,N,,,2023,45043
45,045,451110,G,561,G,3699,G,14330,46,25,4,11,4,,,N,N,N,N,N,N,N,,,2023,45045
45,051,451110,G,455,G,3422,G,12234,36,23,5,N,3,,,N,N,N,N,N,N,N,,,2023,45051
45,055,451110,H,23,G,159,G,820,5,4,N,N,N,,,N,N,N,N,N,N,N,,,2023,45055
45,063,451110,H,709,H,5555,H,25074,13,5,N,N,N,3.0,,N,N,N,N,N,N,N,,,2023,45063
45,073,451110,J,38,G,179,G,862,8,6,N,N,N,,,N,N,N,N,N,N,N,,,2023,45073
45,075,451110,G,18,G,158,H,529,4,N,N,N,N,,,N,N,N,N,N,N,N,,,2023,45075
45,077,451110,G,94,H,564,G,1797,5,N,N,N,N,,,N,N,N,N,N,N,N,,,2023,45077
45,079,451110,G,213,H,1634,G,5695,21,12,5,N,N,,,N,N,N,N,N,N,N,,,2023,45079
45,083,451110,G,181,G,1357,G,4874,13,7,N,3,N,,,N,N,N,N,N,N,N,,,2023,45083
45,091,451110,G,268,G,1682,G,6370,13,6,N,N,N,,,N,N,N,N,N,N,N,,,2023,45091
46,011,451110,H,28,G,159,G,705,5,3,N,N,N,,,N,N,N,N,N,N,N,,,2023,46011
46,013,451110,J,35,G,290,G,1211,5,3,N,N,N,,,N,N,N,N,N,N,N,,,2023,46013
46,019,451110,J,3,J,14,G,75,3,3,N,N,N,,,N,N,N,N,N,N,N,,,2023,46019
46,029,451110,H,38,H,205,H,1009,5,N,N,N,N,,,N,N,N,N,N,N,N,,,2023,46029
46,035,451110,H,111,H,598,H,2549,6,3,N,N,N,,,N,N,N,N,N,N,N,,,2023,46035
46,081,451110,J,16,J,74,J,311,4,N,N,N,N,,,N,N,N,N,N,N,N,,,2023,46081
46,099,451110,J,830,J,5881,J,23695,19,6,5,4,3,,,N,N,N,N,N,N,N,,,2023,46099
46,103,451110,G,452,G,3488,G,13650,19,8,4,4,N,,,N,N,N,N,N,N,N,,,2023,46103
47,001,451110,H,53,J,231,H,1087,6,4,N,N,N,,,N,N,N,N,N,N,N,,,2023,47001
47,009,451110,G,86,H,543,H,2590,9,4,3,N,N,,,N,N,N,N,N,N,N,,,2023,47009
47,011,451110,J,36,H,180,H,844,5,N,N,N,N,,,N,N,N,N,N,N,N,,,2023,47011
47,019,451110,G,8,H,35,G,151,5,5,N,N,N,,,N,N,N,N,N,N,N,,,2023,47019
47,031,451110,H,37,H,163,H,749,5,N,N,N,N,,,N,N,N,N,N,N,N,,,2023,47031
47,037,451110,G,567,G,3899,G,16153,40,14,15,3,5,,,N,N,N,N,N,N,N,,,2023,47037
47,043,451110,J,29,J,222,J,949,3,N,N,N,N,,,N,N,N,N,N,N,N,,,2023,47043
47,053,451110,G,11,G,85,G,395,5,5,N,N,N,,,N,N,N,N,N,N,N,,,2023,47053
47,063,451110,J,59,J,276,H,1296,4,N,N,N,N,,,N,N,N,N,N,N,N,,,2023,47063
47,065,451110,G,436,H,3301,G,12902,29,14,5,5,N,3.0,,N,N,N,N,N,N,N,,,2023,47065
47,093,451110,G,434,G,2926,G,11260,40,21,12,3,N,,,N,N,N,N,N,N,N,,,2023,47093
47,107,451110,H,22,H,88,H,375,4,3,N,N,N,,,N,N,N,N,N,N,N,,,2023,47107
47,113,451110,J,125,H,833,H,3136,6,N,N,N,N,,,N,N,N,N,N,N,N,,,2023,47113
47,117,451110,J,4,G,36,G,145,3,3,N,N,N,,,N,N,N,N,N,N,N,,,2023,47117
47,119,451110,H,51,H,397,H,1799,4,N,N,N,N,,,N,N,N,N,N,N,N,,,2023,47119
47,125,451110,H,194,H,1114,H,3997,11,5,N,3,N,,,N,N,N,N,N,N,N,,,2023,47125
47,141,451110,J,118,J,925,J,3200,8,4,N,3,N,,,N,N,N,N,N,N,N,,,2023,47141
47,143,451110,J,20,J,185,H,727,4,N,3,N,N,,,N,N,N,N,N,N,N,,,2023,47143
47,149,451110,G,249,G,1748,G,7048,16,6,3,4,N,,,N,N,N,N,N,N,N,,,2023,47149
47,155,451110,H,618,H,3586,H,15778,14,6,N,N,3,,,N,N,N,N,N,N,N,,,2023,47155
47,157,451110,G,743,G,4656,G,17991,36,12,11,3,4,5.0,,N,N,N,N,N,N,N,,,2023,47157
47,163,451110,J,151,J,727,J,3201,19,14,3,N,N,,,N,N,N,N,N,N,N,,,2023,47163
47,165,451110,J,43,J,328,H,1250,8,5,N,N,N,,,N,N,N,N,N,N,N,,,2023,47165
47,179,451110,H,178,G,1326,G,5480,10,6,N,N,N,,,N,N,N,N,N,N,N,,,2023,47179
47,187,451110,G,450,G,3105,G,11356,28,8,7,5,5,3.0,,N,N,N,N,N,N,N,,,2023,47187
47,189,451110,H,137,H,931,H,3097,10,6,N,N,N,,,N,N,N,N,N,N,N,,,2023,47189
48,005,451110,H,130,H,715,H,2159,7,4,N,N,N,,,N,N,N,N,N,N,N,,,2023,48005
48,007,451110,H,24,H,341,H,1157,3,N,N,N,N,,,N,N,N,N,N,N,N,,,2023,48007
48,021,451110,J,135,J,834,J,2907,3,N,N,N,N,,,N,N,N,N,N,N,N,,,2023,48021
48,027,451110,H,237,H,1493,H,4884,12,6,3,N,N,,,N,N,N,N,N,N,N,,,2023,48027
48,029,451110,H,1989,H,12904,H,45434,80,25,18,12,10,11.0,4.0,N,N,N,N,N,N,N,,,2023,48029
48,037,451110,H,115,H,794,H,2460,5,3,N,N,N,,,N,N,N,N,N,N,N,,,2023,48037
48,039,451110,J,329,J,2091,J,6680,12,5,3,N,N,3.0,,N,N,N,N,N,N,N,,,2023,48039
48,041,451110,G,216,G,1033,G,3685,10,3,3,3,N,,,N,N,N,N,N,N,N,,,2023,48041
48,053,451110,G,8,H,69,H,341,3,3,N,N,N,,,N,N,N,N,N,N,N,,,2023,48053
48,057,451110,J,10,J,44,H,268,4,3,N,N,N,,,N,N,N,N,N,N,N,,,2023,48057
48,061,451110,G,231,G,1485,G,5496,13,7,N,N,N,,,N,N,N,N,N,N,N,,,2023,48061
48,085,451110,G,1418,G,12411,G,44617,74,30,12,13,9,9.0,,N,N,N,N,N,N,N,,,2023,48085
48,091,451110,G,102,G,808,G,3197,13,9,N,N,N,,,N,N,N,N,N,N,N,,,2023,48091
48,099,451110,G,11,G,88,G,314,3,N,N,N,N,,,N,N,N,N,N,N,N,,,2023,48099
48,113,451110,G,1276,G,11648,G,43958,87,41,15,14,9,8.0,,N,N,N,N,N,N,N,,,2023,48113
48,121,451110,H,1103,H,9720,H,34920,37,16,5,5,5,5.0,,N,N,N,N,N,N,N,,,2023,48121
48,135,451110,J,212,J,4021,J,14066,5,N,N,N,N,,,N,N,N,N,N,N,N,,,2023,48135
48,139,451110,J,100,J,679,J,2258,6,4,N,N,N,,,N,N,N,N,N,N,N,,,2023,48139
48,141,451110,G,513,H,3070,H,11216,32,12,8,7,N,4.0,,N,N,N,N,N,N,N,,,2023,48141
48,143,451110,J,15,J,145,J,502,3,N,N,N,N,,,N,N,N,N,N,N,N,,,2023,48143
48,157,451110,H,540,H,3796,H,13113,28,15,N,5,N,5.0,,N,N,N,N,N,N,N,,,2023,48157
48,167,451110,G,229,G,1436,G,5744,18,9,6,N,N,,,N,N,N,N,N,N,N,,,2023,48167
48,181,451110,G,130,G,1037,G,3399,7,3,N,N,N,,,N,N,N,N,N,N,N,,,2023,48181
48,183,451110,G,181,G,1331,G,5146,10,5,N,N,3,,,N,N,N,N,N,N,N,,,2023,48183
48,201,451110,H,4353,H,33001,H,119808,176,65,31,25,21,23.0,11.0,N,N,N,N,N,N,N,,,2023,48201
48,209,451110,G,262,G,1664,G,6404,9,5,N,N,N,,,N,N,N,N,N,N,N,,,2023,48209
48,215,451110,H,622,H,3836,H,12449,27,12,5,4,N,3.0,,N,N,N,N,N,N,N,,,2023,48215
48,219,451110,G,8,J,53,H,197,3,3,N,N,N,,,N,N,N,N,N,N,N,,,2023,48219
48,221,451110,H,22,G,147,G,652,7,6,N,N,N,,,N,N,N,N,N,N,N,,,2023,48221
48,227,451110,G,6,J,36,J,143,3,3,N,N,N,,,N,N,N,N,N,N,N,,,2023,48227
48,231,451110,J,102,H,756,G,2451,4,N,N,N,N,,,N,N,N,N,N,N,N,,,2023,48231
48,245,451110,G,393,H,2667,G,9004,12,7,N,N,N,3.0,,N,N,N,N,N,N,N,,,2023,48245
48,251,451110,H,25,G,214,G,892,7,4,3,N,N,,,N,N,N,N,N,N,N,,,2023,48251
48,253,451110,J,5,G,9,H,50,3,3,N,N,N,,,N,N,N,N,N,N,N,,,2023,48253
48,257,451110,J,114,H,705,H,2043,3,N,N,N,N,,,N,N,N,N,N,N,N,,,2023,48257
48,259,451110,H,20,H,147,H,677,5,N,N,N,N,,,N,N,N,N,N,N,N,,,2023,48259
48,265,451110,G,29,G,257,G,1068,3,N,N,N,N,,,N,N,N,N,N,N,N,,,2023,48265
48,285,451110,J,4,H,46,H,185,3,3,N,N,N,,,N,N,N,N,N,N,N,,,2023,48285
48,291,451110,J,12,H,95,H,400,3,N,N,N,N,,,N,N,N,N,N,N,N,,,2023,48291
48,303,451110,G,498,G,2912,G,10310,23,4,9,5,N,4.0,,N,N,N,N,N,N,N,,,2023,48303
48,309,451110,G,299,G,1968,G,7227,16,7,3,3,N,3.0,,N,N,N,N,N,N,N,,,2023,48309
48,317,451110,J,6,H,77,H,346,3,3,N,N,N,,,N,N,N,N,N,N,N,,,2023,48317
48,321,451110,J,12,H,30,G,228,4,3,N,N,N,,,N,N,N,N,N,N,N,,,2023,48321
48,329,451110,H,215,H,1700,H,5934,12,6,3,N,N,,,N,N,N,N,N,N,N,,,2023,48329
48,339,451110,H,659,H,5069,H,18746,31,13,3,7,3,4.0,,N,N,N,N,N,N,N,,,2023,48339
48,355,451110,G,396,G,3271,G,12275,29,12,8,4,4,,,N,N,N,N,N,N,N,,,2023,48355
48,361,451110,J,31,G,116,G,560,3,N,N,N,N,,,N,N,N,N,N,N,N,,,2023,48361
48,367,451110,J,251,J,1731,J,7078,8,4,N,N,N,,,N,N,N,N,N,N,N,,,2023,48367
48,375,451110,J,14,J,143,H,744,7,5,N,N,N,,,N,N,N,N,N,N,N,,,2023,48375
48,381,451110,H,124,H,742,H,2342,5,4,N,N,N,,,N,N,N,N,N,N,N,,,2023,48381
48,397,451110,H,144,J,926,J,3276,7,N,N,N,N,,,N,N,N,N,N,N,N,,,2023,48397
48,409,451110,J,99,J,558,J,1633,5,4,N,N,N,,,N,N,N,N,N,N,N,,,2023,48409
48,423,451110,J,242,J,1694,J,5953,13,5,4,N,N,,,N,N,N,N,N,N,N,,,2023,48423
48,439,451110,G,2232,G,17135,G,63667,96,31,19,14,15,15.0,,N,N,N,N,N,N,N,,,2023,48439
48,441,451110,G,105,H,755,G,2490,7,4,N,N,N,,,N,N,N,N,N,N,N,,,2023,48441
48,451,451110,H,130,H,934,G,3283,8,3,4,N,N,,,N,N,N,N,N,N,N,,,2023,48451
48,453,451110,H,1530,H,13657,H,48545,73,27,12,16,6,10.0,,N,N,N,N,N,N,N,,,2023,48453
48,469,451110,G,112,H,744,H,2233,7,5,N,N,N,,,N,N,N,N,N,N,N,,,2023,48469
48,471,451110,J,132,J,1048,J,3444,4,N,N,N,N,,,N,N,N,N,N,N,N,,,2023,48471
48,479,451110,J,208,H,1380,H,4175,8,3,3,N,N,,,N,N,N,N,N,N,N,,,2023,48479
48,485,451110,H,94,H,638,H,1855,5,3,N,N,N,,,N,N,N,N,N,N,N,,,2023,48485
48,491,451110,G,717,G,6567,H,25489,32,12,9,3,N,5.0,,N,N,N,N,N,N,N,,,2023,48491
48,497,451110,J,9,H,26,J,158,3,N,N,N,N,,,N,N,N,N,N,N,N,,,2023,48497
48,499,451110,G,10,J,32,H,158,3,N,N,N,N,,,N,N,N,N,N,N,N,,,2023,48499
49,003,451110,J,7,J,32,J,244,3,N,N,N,N,,,N,N,N,N,N,N,N,,,2023,49003
49,005,451110,J,625,J,3251,J,14954,7,N,N,N,N,,,N,N,N,N,N,N,N,,,2023,49005
49,007,451110,J,25,H,100,H,403,4,N,N,N,N,,,N,N,N,N,N,N,N,,,2023,49007
49,011,451110,G,403,H,3042,H,11701,31,12,8,6,N,3.0,,N,N,N,N,N,N,N,,,2023,49011
49,019,451110,G,107,G,444,H,2366,10,4,N,N,3,,,N,N,N,N,N,N,N,,,2023,49019
49,021,451110,H,85,G,480,G,1688,9,3,N,3,N,,,N,N,N,N,N,N,N,,,2023,49021
49,035,451110,G,2615,G,22726,G,80785,130,38,25,38,19,7.0,,N,N,N,N,N,N,N,,,2023,49035
49,041,451110,J,101,J,722,J,3024,3,N,N,N,N,,,N,N,N,N,N,N,N,,,2023,49041
49,043,451110,H,901,H,10755,H,37364,57,17,15,13,9,,,N,N,N,N,N,N,N,,,2023,49043
49,045,451110,J,56,J,322,J,1188,3,N,N,N,N,,,N,N,N,N,N,N,N,,,2023,49045
49,047,451110,G,56,H,398,H,1778,3,N,N,N,N,,,N,N,N,N,N,N,N,,,2023,49047
49,049,451110,G,738,G,3979,G,17426,44,15,9,12,6,,,N,N,N,N,N,N,N,,,2023,49049
49,051,451110,J,67,J,314,H,1091,4,N,N,N,N,,,N,N,N,N,N,N,N,,,2023,49051
49,053,451110,G,303,H,1732,H,9551,30,16,5,5,3,,,N,N,N,N,N,N,N,,,2023,49053
49,057,451110,H,309,G,1706,G,6273,22,6,7,4,4,,,N,N,N,N,N,N,N,,,2023,49057
50,001,451110,H,27,H,173,H,756,7,4,3,N,N,,,N,N,N,N,N,N,N,,,2023,50001
50,003,451110,H,26,G,235,G,796,7,5,N,N,N,,,N,N,N,N,N,N,N,,,2023,50003
50,005,451110,G,21,H,181,H,712,5,3,N,N,N,,,N,N,N,N,N,N,N,,,2023,50005
50,007,451110,G,604,G,4252,G,17961,24,6,5,7,N,5.0,,N,N,N,N,N,N,N,,,2023,50007
50,011,451110,J,24,J,269,J,1127,5,4,N,N,N,,,N,N,N,N,N,N,N,,,2023,50011
50,015,451110,H,164,H,1344,H,4690,8,3,N,N,N,,,N,N,N,N,N,N,N,,,2023,50015
50,019,451110,J,14,G,85,G,352,4,3,N,N,N,,,N,N,N,N,N,N,N,,,2023,50019
50,021,451110,G,132,G,966,G,3453,12,3,N,6,N,,,N,N,N,N,N,N,N,,,2023,50021
50,023,451110,H,141,G,1132,G,4027,16,6,6,N,N,,,N,N,N,N,N,N,N,,,2023,50023
50,025,451110,H,75,G,761,G,2174,14,7,6,N,N,,,N,N,N,N,N,N,N,,,2023,50025
50,027,451110,H,86,H,729,H,2055,7,N,N,N,N,,,N,N,N,N,N,N,N,,,2023,50027
51,003,451110,J,162,J,1042,J,4265,10,6,N,N,N,,,N,N,N,N,N,N,N,,,2023,51003
51,013,451110,J,63,J,377,J,1611,8,N,N,4,N,,,N,N,N,N,N,N,N,,,2023,51013
51,015,451110,J,36,H,163,H,693,3,N,N,N,N,,,N,N,N,N,N,N,N,,,2023,51015
51,019,451110,G,67,G,398,G,1785,6,N,N,N,N,,,N,N,N,N,N,N,N,,,2023,51019
51,023,451110,G,9,G,55,H,195,3,N,N,N,N,,,N,N,N,N,N,N,N,,,2023,51023
51,031,451110,G,4,J,9,H,114,3,3,N,N,N,,,N,N,N,N,N,N,N,,,2023,51031
51,041,451110,G,167,G,1143,G,4452,14,5,3,4,N,,,N,N,N,N,N,N,N,,,2023,51041
51,059,451110,G,970,H,8989,G,33457,47,15,8,11,5,7.0,,N,N,N,N,N,N,N,,,2023,51059
51,061,451110,H,44,H,299,H,1289,4,N,N,N,N,,,N,N,N,N,N,N,N,,,2023,51061
51,067,451110,J,6,G,58,G,235,3,3,N,N,N,,,N,N,N,N,N,N,N,,,2023,51067
51,069,451110,J,52,J,346,J,1295,5,3,N,N,N,,,N,N,N,N,N,N,N,,,2023,51069
51,085,451110,J,290,J,2287,J,10182,9,5,N,N,N,,,N,N,N,N,N,N,N,,,2023,51085
51,087,451110,G,515,H,5076,H,18039,24,8,5,3,4,4.0,,N,N,N,N,N,N,N,,,2023,51087
51,095,451110,H,41,H,234,H,729,7,3,3,N,N,,,N,N,N,N,N,N,N,,,2023,51095
51,107,451110,G,373,H,2506,H,11686,24,6,6,7,4,,,N,N,N,N,N,N,N,,,2023,51107
51,121,451110,J,87,J,430,J,1917,4,N,N,N,N,,,N,N,N,N,N,N,N,,,2023,51121
51,131,451110,J,8,H,67,H,267,3,N,N,N,N,,,N,N,N,N,N,N,N,,,2023,51131
51,143,451110,J,19,J,169,J,807,5,4,N,N,N,,,N,N,N,N,N,N,N,,,2023,51143
51,153,451110,G,497,G,3126,G,13224,26,12,3,4,4,,,N,N,N,N,N,N,N,,,2023,51153
51,161,451110,H,37,H,226,H,978,7,4,N,N,N,,,N,N,N,N,N,N,N,,,2023,51161
51,165,451110,J,12,G,53,G,249,3,N,N,N,N,,,N,N,N,N,N,N,N,,,2023,51165
51,177,451110,H,103,H,741,G,3045,7,4,N,N,N,,,N,N,N,N,N,N,N,,,2023,51177
51,179,451110,J,24,G,123,G,574,4,N,N,N,N,,,N,N,N,N,N,N,N,,,2023,51179
51,191,451110,H,38,G,205,H,1268,9,5,4,N,N,,,N,N,N,N,N,N,N,,,2023,51191
51,199,451110,J,14,J,117,J,507,5,4,N,N,N,,,N,N,N,N,N,N,N,,,2023,51199
51,510,451110,J,68,J,419,J,1843,8,4,N,N,N,,,N,N,N,N,N,N,N,,,2023,51510
51,540,451110,H,58,J,246,H,960,7,3,N,N,N,,,N,N,N,N,N,N,N,,,2023,51540
51,550,451110,H,158,H,888,H,3607,8,4,N,N,N,,,N,N,N,N,N,N,N,,,2023,51550
51,570,451110,G,93,H,728,H,3200,3,N,N,N,N,,,N,N,N,N,N,N,N,,,2023,51570
51,590,451110,H,47,H,205,H,909,4,N,N,N,N,,,N,N,N,N,N,N,N,,,2023,51590
51,600,451110,H,174,H,1124,G,4290,7,N,N,N,N,,,N,N,N,N,N,N,N,,,2023,51600
51,610,451110,J,7,J,49,J,254,3,N,N,N,N,,,N,N,N,N,N,N,N,,,2023,51610
51,630,451110,G,60,G,357,G,1608,9,N,6,N,N,,,N,N,N,N,N,N,N,,,2023,51630
51,650,451110,H,145,H,819,H,3482,5,N,N,N,N,,,N,N,N,N,N,N,N,,,2023,51650
51,660,451110,J,103,H,532,H,2391,6,N,N,N,N,,,N,N,N,N,N,N,N,,,2023,51660
51,670,451110,G,10,G,37,H,165,3,N,N,N,N,,,N,N,N,N,N,N,N,,,2023,51670
51,680,451110,G,107,G,619,G,1825,6,3,N,N,N,,,N,N,N,N,N,N,N,,,2023,51680
51,700,451110,G,128,G,743,G,3278,9,3,N,3,N,,,N,N,N,N,N,N,N,,,2023,51700
51,710,451110,H,75,G,559,G,2177,9,3,4,N,N,,,N,N,N,N,N,N,N,,,2023,51710
51,760,451110,H,41,H,280,H,1181,8,4,N,N,N,,,N,N,N,N,N,N,N,,,2023,51760
51,770,451110,H,180,G,1092,G,4680,13,4,3,4,N,,,N,N,N,N,N,N,N,,,2023,51770
51,790,451110,G,14,G,120,G,505,3,N,N,N,N,,,N,N,N,N,N,N,N,,,2023,51790
51,810,451110,G,552,G,3917,H,17145,33,14,5,5,7,,,N,N,N,N,N,N,N,,,2023,51810
51,840,451110,H,94,H,407,H,1792,7,4,N,N,N,,,N,N,N,N,N,N,N,,,2023,51840
53,005,451110,G,279,G,2127,G,7892,25,13,4,5,N,,,N,N,N,N,N,N,N,,,2023,53005
53,007,451110,J,86,G,632,G,2889,11,6,N,4,N,,,N,N,N,N,N,N,N,,,2023,53007
53,009,451110,J,93,H,550,H,2399,10,5,N,N,N,,,N,N,N,N,N,N,N,,,2023,53009
53,011,451110,H,163,H,1020,H,4217,20,10,5,3,N,,,N,N,N,N,N,N,N,,,2023,53011
53,015,451110,J,129,J,1231,J,4632,9,3,3,N,N,,,N,N,N,N,N,N,N,,,2023,53015
53,027,451110,J,12,J,88,J,399,5,4,N,N,N,,,N,N,N,N,N,N,N,,,2023,53027
53,029,451110,H,24,G,112,G,476,6,5,N,N,N,,,N,N,N,N,N,N,N,,,2023,53029
53,031,451110,G,14,G,122,G,547,4,3,N,N,N,,,N,N,N,N,N,N,N,,,2023,53031
53,033,451110,G,2308,G,22323,G,82792,165,60,39,39,18,7.0,,N,N,N,N,N,N,N,,,2023,53033
53,035,451110,G,288,G,2113,G,8611,22,6,6,7,N,,,N,N,N,N,N,N,N,,,2023,53035
53,037,451110,G,56,G,455,G,1727,7,N,4,N,N,,,N,N,N,N,N,N,N,,,2023,53037
53,041,451110,G,28,G,152,G,604,4,N,N,N,N,,,N,N,N,N,N,N,N,,,2023,53041
53,047,451110,G,29,H,266,H,1179,7,3,4,N,N,,,N,N,N,N,N,N,N,,,2023,53047
53,053,451110,G,810,G,6571,G,25769,46,19,6,13,3,4.0,,N,N,N,N,N,N,N,,,2023,53053
53,057,451110,G,135,G,939,G,3990,13,4,4,3,N,,,N,N,N,N,N,N,N,,,2023,53057
53,061,451110,G,584,G,5084,G,19753,52,25,14,7,4,,,N,N,N,N,N,N,N,,,2023,53061
53,063,451110,G,560,G,4334,G,18128,46,22,7,10,4,3.0,,N,N,N,N,N,N,N,,,2023,53063
53,067,451110,G,347,G,2263,G,8864,16,6,N,5,N,,,N,N,N,N,N,N,N,,,2023,53067
53,071,451110,J,54,J,275,J,1124,5,N,N,N,N,,,N,N,N,N,N,N,N,,,2023,53071
53,073,451110,G,387,G,2737,G,11005,28,12,5,4,5,,,N,N,N,N,N,N,N,,,2023,53073
53,077,451110,H,200,G,1619,G,6890,8,N,N,3,N,,,N,N,N,N,N,N,N,,,2023,53077
54,003,451110,G,65,G,426,G,1785,7,N,4,N,N,,,N,N,N,N,N,N,N,,,2023,54003
54,019,451110,J,9,J,39,H,245,3,N,N,N,N,,,N,N,N,N,N,N,N,,,2023,54019
54,037,451110,G,9,J,33,J,176,3,N,N,N,N,,,N,N,N,N,N,N,N,,,2023,54037
54,039,451110,H,170,H,989,H,4501,5,N,N,N,N,,,N,N,N,N,N,N,N,,,2023,54039
54,055,451110,J,7,H,72,H,377,5,5,N,N,N,,,N,N,N,N,N,N,N,,,2023,54055
54,061,451110,G,152,G,766,G,3084,10,5,N,N,N,,,N,N,N,N,N,N,N,,,2023,54061
54,069,451110,J,174,J,1040,J,4439,5,N,N,N,N,,,N,N,N,N,N,N,N,,,2023,54069
54,075,451110,G,46,H,317,H,888,6,3,N,N,N,,,N,N,N,N,N,N,N,,,2023,54075
54,079,451110,G,49,G,252,G,1059,4,N,N,N,N,,,N,N,N,N,N,N,N,,,2023,54079
54,081,451110,J,92,H,483,H,1976,7,N,4,N,N,,,N,N,N,N,N,N,N,,,2023,54081
54,083,451110,J,21,H,104,H,477,3,N,N,N,N,,,N,N,N,N,N,N,N,,,2023,54083
54,093,451110,G,14,J,93,H,274,4,N,N,N,N,,,N,N,N,N,N,N,N,,,2023,54093
54,107,451110,G,65,H,408,G,1600,7,5,N,N,N,,,N,N,N,N,N,N,N,,,2023,54107
55,001,451110,J,3,J,9,G,69,3,3,N,N,N,,,N,N,N,N,N,N,N,,,2023,55001
55,003,451110,J,23,J,109,H,555,3,N,N,N,N,,,N,N,N,N,N,N,N,,,2023,55003
55,005,451110,J,48,H,216,H,959,4,N,N,N,N,,,N,N,N,N,N,N,N,,,2023,55005
55,009,451110,G,324,G,1856,G,8107,22,10,7,3,N,,,N,N,N,N,N,N,N,,,2023,55009
55,013,451110,G,5,H,21,H,88,3,3,N,N,N,,,N,N,N,N,N,N,N,,,2023,55013
55,015,451110,J,16,J,97,H,450,3,N,N,N,N,,,N,N,N,N,N,N,N,,,2023,55015
55,017,451110,G,17,H,100,G,776,6,4,N,N,N,,,N,N,N,N,N,N,N,,,2023,55017
55,021,451110,J,15,J,47,H,210,3,N,N,N,N,,,N,N,N,N,N,N,N,,,2023,55021
55,023,451110,G,91,G,702,G,3038,4,N,N,N,N,,,N,N,N,N,N,N,N,,,2023,55023
55,025,451110,G,785,G,5292,G,22470,51,20,11,12,3,4.0,,N,N,N,N,N,N,N,,,2023,55025
55,027,451110,J,48,J,181,J,799,6,3,N,N,N,,,N,N,N,N,N,N,N,,,2023,55027
55,029,451110,G,36,G,193,G,1149,6,N,N,N,N,,,N,N,N,N,N,N,N,,,2023,55029
55,031,451110,H,52,H,374,H,1664,5,N,N,N,N,,,N,N,N,N,N,N,N,,,2023,55031
55,033,451110,J,24,H,91,H,425,3,N,N,N,N,,,N,N,N,N,N,N,N,,,2023,55033
55,035,451110,J,351,J,2826,J,10425,10,6,N,N,N,,,N,N,N,N,N,N,N,,,2023,55035
55,039,451110,G,31,G,95,G,356,4,N,4,N,N,,,N,N,N,N,N,N,N,,,2023,55039
55,043,451110,J,11,J,26,J,205,3,N,N,N,N,,,N,N,N,N,N,N,N,,,2023,55043
55,059,451110,G,71,G,325,G,1555,9,5,N,N,N,,,N,N,N,N,N,N,N,,,2023,55059
55,063,451110,G,152,G,675,G,2948,18,11,3,N,N,,,N,N,N,N,N,N,N,,,2023,55063
55,069,451110,J,12,G,67,H,364,4,3,N,N,N,,,N,N,N,N,N,N,N,,,2023,55069
55,071,451110,H,33,H,330,H,1405,6,3,N,N,N,,,N,N,N,N,N,N,N,,,2023,55071
55,073,451110,G,183,H,1105,G,4683,15,6,N,5,N,,,N,N,N,N,N,N,N,,,2023,55073
55,075,451110,G,16,H,107,H,443,3,N,N,N,N,,,N,N,N,N,N,N,N,,,2023,55075
55,079,451110,G,435,G,3130,G,14567,44,21,9,9,3,,,N,N,N,N,N,N,N,,,2023,55079
55,081,451110,J,5,G,28,G,143,4,4,N,N,N,,,N,N,N,N,N,N,N,,,2023,55081
55,083,451110,J,11,G,94,G,421,4,3,N,N,N,,,N,N,N,N,N,N,N,,,2023,55083
55,085,451110,H,76,G,358,G,1634,11,5,N,3,N,,,N,N,N,N,N,N,N,,,2023,55085
55,087,451110,H,505,J,3959,J,14328,20,10,N,4,4,,,N,N,N,N,N,N,N,,,2023,55087
55,089,451110,H,89,H,481,H,2124,10,5,4,N,N,,,N,N,N,N,N,N,N,,,2023,55089
55,093,451110,J,18,G,56,H,431,4,3,N,N,N,,,N,N,N,N,N,N,N,,,2023,55093
55,095,451110,J,14,G,74,G,283,3,N,N,N,N,,,N,N,N,N,N,N,N,,,2023,55095
55,097,451110,G,78,H,380,H,1897,9,4,3,N,N,,,N,N,N,N,N,N,N,,,2023,55097
55,101,451110,G,149,G,988,G,4078,12,3,3,4,N,,,N,N,N,N,N,N,N,,,2023,55101
55,103,451110,G,2,J,12,G,78,3,3,N,N,N,,,N,N,N,N,N,N,N,,,2023,55103
55,105,451110,H,99,H,461,H,1921,10,6,N,N,N,,,N,N,N,N,N,N,N,,,2023,55105
55,109,451110,G,55,G,394,G,1716,8,4,N,N,N,,,N,N,N,N,N,N,N,,,2023,55109
55,111,451110,J,35,J,151,H,702,4,N,N,N,N,,,N,N,N,N,N,N,N,,,2023,55111
55,113,451110,H,34,G,352,G,1273,5,N,N,N,N,,,N,N,N,N,N,N,N,,,2023,55113
55,117,451110,G,33,G,349,G,1434,9,6,N,N,N,,,N,N,N,N,N,N,N,,,2023,55117
55,123,451110,J,8,J,44,H,224,3,N,N,N,N,,,N,N,N,N,N,N,N,,,2023,55123
55,125,451110,J,32,G,220,G,1103,11,9,N,N,N,,,N,N,N,N,N,N,N,,,2023,55125
55,127,451110,J,40,H,279,H,1187,10,5,4,N,N,,,N,N,N,N,N,N,N,,,2023,55127
55,131,451110,H,183,H,1085,H,4704,9,4,4,N,N,,,N,N,N,N,N,N,N,,,2023,55131
55,133,451110,G,723,H,5491,G,23212,51,17,8,17,5,4.0,,N,N,N,N,N,N,N,,,2023,55133
55,135,451110,J,21,J,127,J,611,4,N,N,N,N,,,N,N,N,N,N,N,N,,,2023,55135
55,139,451110,G,134,G,642,G,2686,14,8,N,3,N,,,N,N,N,N,N,N,N,,,2023,55139
56,001,451110,H,31,G,151,G,614,4,N,3,N,N,,,N,N,N,N,N,N,N,,,2023,56001
56,005,451110,J,59,H,360,H,1443,6,N,N,N,N,,,N,N,N,N,N,N,N,,,2023,56005
56,013,451110,J,89,H,627,G,2447,11,7,N,N,N,,,N,N,N,N,N,N,N,,,2023,56013
56,021,451110,G,162,G,814,G,3539,12,6,N,N,3,,,N,N,N,N,N,N,N,,,2023,56021
56,023,451110,J,4,J,28,G,217,3,3,N,N,N,,,N,N,N,N,N,N,N,,,2023,56023
56,025,451110,G,175,G,1110,H,4581,14,5,3,3,3,,,N,N,N,N,N,N,N,,,2023,56025
56,029,451110,G,49,G,296,G,1257,8,5,N,N,N,,,N,N,N,N,N,N,N,,,2023,56029
56,033,451110,G,87,G,607,G,2543,6,N,N,N,3,,,N,N,N,N,N,N,N,,,2023,56033
56,035,451110,J,14,J,116,J,606,4,3,N,N,N,,,N,N,N,N,N,N,N,,,2023,56035
56,037,451110,G,54,G,268,G,1128,4,N,N,N,N,,,N,N,N,N,N,N,N,,,2023,56037
56,039,451110,G,152,G,1542,G,6360,15,7,4,N,N,,,N,N,N,N,N,N,N,,,2023,56039
