center,form,file_date,acc,id,cik,name,new
Arrowhead Towne Center,8-K,2023-11-08,000095017023061196,0000950170-23-061196:srg-ex99_2.htm,0001628063,"Seritage Growth Properties  (SRG, SRG-PA)  (CIK 00",True
Arrowhead Towne Center,8-K,2023-08-14,000095017023042513,0000950170-23-042513:srg-ex99_2.htm,0001628063,"Seritage Growth Properties  (SRG, SRG-PA)  (CIK 00",True
Arrowhead Towne Center,8-K,2022-11-09,000095017022023550,0000950170-22-023550:srg-ex99_2.htm,0001628063,"Seritage Growth Properties  (SRG, SRG-PA)  (CIK 00",True
Arrowhead Towne Center,8-K,2022-05-10,000095017022009029,0000950170-22-009029:srg-ex99_2.htm,0001628063,"Seritage Growth Properties  (SRG, SRG-PA)  (CIK 00",True
Arrowhead Towne Center,8-K,2021-11-03,000095017021002859,0000950170-21-002859:srg-ex99_2.htm,0001628063,"Seritage Growth Properties  (SRG, SRG-PA)  (CIK 00",True
Arrowhead Towne Center,8-K,2022-08-09,000095017022016160,0000950170-22-016160:srg-ex99_2.htm,0001628063,"Seritage Growth Properties  (SRG, SRG-PA)  (CIK 00",True
Arrowhead Towne Center,8-K,2023-03-14,000095017023007884,0000950170-23-007884:srg-ex99_2.htm,0001628063,"Seritage Growth Properties  (SRG, SRG-PA)  (CIK 00",True
Arrowhead Towne Center,8-K,2020-02-28,000156459020007605,0001564590-20-007605:srg-ex992_6.htm,0001628063,"Seritage Growth Properties  (SRG, SRG-PA)  (CIK 00",True
Arrowhead Towne Center,8-K,2019-08-01,000156459019028026,0001564590-19-028026:srg-ex992_7.htm,0001628063,"Seritage Growth Properties  (SRG, SRG-PA)  (CIK 00",True
Arrowhead Towne Center,8-K,2019-11-01,000156459019039223,0001564590-19-039223:srg-ex992_6.htm,0001628063,"Seritage Growth Properties  (SRG, SRG-PA)  (CIK 00",True
Arrowhead Towne Center,8-K,2019-05-03,000156459019015413,0001564590-19-015413:srg-ex992_6.htm,0001628063,"Seritage Growth Properties  (SRG, SRG-PA)  (CIK 00",True
Arrowhead Towne Center,8-K,2019-02-28,000156459019005521,0001564590-19-005521:srg-ex992_7.htm,0001628063,"Seritage Growth Properties  (SRG, SRG-PA)  (CIK 00",True
Arrowhead Towne Center,8-K,2020-05-08,000156459020023026,0001564590-20-023026:srg-ex992_6.htm,0001628063,"Seritage Growth Properties  (SRG, SRG-PA)  (CIK 00",True
Arrowhead Towne Center,8-K,2020-11-05,000156459020051459,0001564590-20-051459:srg-ex992_7.htm,0001628063,"Seritage Growth Properties  (SRG, SRG-PA)  (CIK 00",True
Arrowhead Towne Center,8-K,2020-08-06,000156459020037902,0001564590-20-037902:srg-ex992_6.htm,0001628063,"Seritage Growth Properties  (SRG, SRG-PA)  (CIK 00",True
Arrowhead Towne Center,10-K,2019-02-25,000091224219000004,0000912242-19-000004:mac-2018x1231x10k.htm,0000912242,MACERICH CO  (MAC)  (CIK 0000912242),False
Arrowhead Towne Center,10-K,2025-02-28,000091224225000023,0000912242-25-000023:mac-20241231.htm,0000912242,MACERICH CO  (MAC)  (CIK 0000912242),False
Arrowhead Towne Center,10-K,2026-02-20,000091224226000016,0000912242-26-000016:mac-20251231.htm,0000912242,MACERICH CO  (MAC)  (CIK 0000912242),False
Arrowhead Towne Center,10-K,2021-02-24,000091224221000004,0000912242-21-000004:mac-20201231.htm,0000912242,MACERICH CO  (MAC)  (CIK 0000912242),False
Arrowhead Towne Center,10-K,2022-02-25,000091224222000003,0000912242-22-000003:mac-20211231.htm,0000912242,MACERICH CO  (MAC)  (CIK 0000912242),False
Arrowhead Towne Center,10-K,2023-02-24,000091224223000007,0000912242-23-000007:mac-20221231.htm,0000912242,MACERICH CO  (MAC)  (CIK 0000912242),False
Arrowhead Towne Center,10-K,2020-02-25,000091224220000004,0000912242-20-000004:mac-20191231.htm,0000912242,MACERICH CO  (MAC)  (CIK 0000912242),False
Arrowhead Towne Center,10-K,2024-02-26,000091224224000026,0000912242-24-000026:mac-20231231.htm,0000912242,MACERICH CO  (MAC)  (CIK 0000912242),False
Arrowhead Towne Center,10-K,2021-03-15,000156459021013212,0001564590-21-013212:srg-10k_20201231.htm,0001628063,"Seritage Growth Properties  (SRG, SRG-PA)  (CIK 00",False
Baybrook Mall,FWP,2024-09-11,000153949724001903,0001539497-24-001903:n4462_x5-ts.htm,0002034721,BBCMS Mortgage Trust 2024-5C29  (CIK 0002034721),False
Baybrook Mall,FWP,2024-08-12,000153949724001620,0001539497-24-001620:n4440_x3-premktts.htm,0002032772,BANK5 2024-5YR9  (CIK 0002032772),False
Baybrook Mall,FWP,2024-08-14,000153949724001672,0001539497-24-001672:n4440_x6-ts.htm,0002032772,BANK5 2024-5YR9  (CIK 0002032772),False
Baybrook Mall,8-K,2022-05-10,000095017022009029,0000950170-22-009029:srg-ex99_2.htm,0001628063,"Seritage Growth Properties  (SRG, SRG-PA)  (CIK 00",True
Baybrook Mall,8-K,2022-11-09,000095017022023550,0000950170-22-023550:srg-ex99_2.htm,0001628063,"Seritage Growth Properties  (SRG, SRG-PA)  (CIK 00",True
Baybrook Mall,8-K,2022-08-09,000095017022016160,0000950170-22-016160:srg-ex99_2.htm,0001628063,"Seritage Growth Properties  (SRG, SRG-PA)  (CIK 00",True
Baybrook Mall,8-K,2021-11-03,000095017021002859,0000950170-21-002859:srg-ex99_2.htm,0001628063,"Seritage Growth Properties  (SRG, SRG-PA)  (CIK 00",True
Baybrook Mall,FWP,2024-09-11,000153949724001899,0001539497-24-001899:n4462_x4-annexa.htm,0002034721,BBCMS Mortgage Trust 2024-5C29  (CIK 0002034721),True
Baybrook Mall,8-K,2023-03-14,000095017023007884,0000950170-23-007884:srg-ex99_2.htm,0001628063,"Seritage Growth Properties  (SRG, SRG-PA)  (CIK 00",True
Baybrook Mall,FWP,2024-08-14,000153949724001670,0001539497-24-001670:n4440_x7-a1.htm,0002032772,BANK5 2024-5YR9  (CIK 0002032772),False
Baybrook Mall,FWP,2024-09-26,000153949724002013,0001539497-24-002013:n4517_x2-ts.htm,0002037111,BANK5 2024-5YR10  (CIK 0002037111),False
Baybrook Mall,FWP,2024-10-11,000153949724002151,0001539497-24-002151:n4562_x6-ts.htm,0002038433,BMO 2024-5C7 Mortgage Trust  (CIK 0002038433),False
Baybrook Mall,424B2,2024-09-18,000153949724001951,0001539497-24-001951:n4462_x12-424b2.htm,0001541480,Barclays Commercial Mortgage Securities LLC  (CIK ,False
Baybrook Mall,424H,2024-09-11,000153949724001907,0001539497-24-001907:n4462_x6-424h.htm,0001541480,Barclays Commercial Mortgage Securities LLC  (CIK ,False
Baybrook Mall,FWP,2024-08-07,000153949724001583,0001539497-24-001583:n4397_x3-ts.htm,0002030476,Benchmark 2024-V9 Mortgage Trust  (CIK 0002030476),False
Baybrook Mall,424B2,2024-08-21,000153949724001776,0001539497-24-001776:n4440_x19-424b2.htm,0001013611,JP MORGAN CHASE COMMERCIAL MORTGAGE SECURITIES COR,False
Baybrook Mall,424H,2024-08-14,000153949724001702,0001539497-24-001702:n4440_x10-424h.htm,0001013611,JP MORGAN CHASE COMMERCIAL MORTGAGE SECURITIES COR,False
Baybrook Mall,8-K,2020-02-28,000156459020007605,0001564590-20-007605:srg-ex992_6.htm,0001628063,"Seritage Growth Properties  (SRG, SRG-PA)  (CIK 00",True
Baybrook Mall,8-K,2019-08-01,000156459019028026,0001564590-19-028026:srg-ex992_7.htm,0001628063,"Seritage Growth Properties  (SRG, SRG-PA)  (CIK 00",True
Baybrook Mall,FWP,2024-08-12,000153949724001618,0001539497-24-001618:n4440_x4-premkta1.htm,0002032772,BANK5 2024-5YR9  (CIK 0002032772),False
Baybrook Mall,8-K,2019-11-01,000156459019039223,0001564590-19-039223:srg-ex992_6.htm,0001628063,"Seritage Growth Properties  (SRG, SRG-PA)  (CIK 00",True
Baybrook Mall,8-K,2019-05-03,000156459019015413,0001564590-19-015413:srg-ex992_6.htm,0001628063,"Seritage Growth Properties  (SRG, SRG-PA)  (CIK 00",True
Baybrook Mall,424B2,2024-10-04,000153949724002109,0001539497-24-002109:n4517_x22-424b2.htm,0000850779,WELLS FARGO COMMERCIAL MORTGAGE SECURITIES INC  (C,False
Baybrook Mall,424H,2024-09-26,000153949724002023,0001539497-24-002023:n4517_x5-424h.htm,0000850779,WELLS FARGO COMMERCIAL MORTGAGE SECURITIES INC  (C,False
Baybrook Mall,424H,2024-10-11,000153949724002155,0001539497-24-002155:n4562_x7-424h.htm,0001861132,BMO Commercial Mortgage Securities LLC  (CIK 00018,False
Baybrook Mall,8-K,2019-02-28,000156459019005521,0001564590-19-005521:srg-ex992_7.htm,0001628063,"Seritage Growth Properties  (SRG, SRG-PA)  (CIK 00",True
Baybrook Mall,424B2,2024-10-21,000153949724002197,0001539497-24-002197:n4562_x13-424b2.htm,0001861132,BMO Commercial Mortgage Securities LLC  (CIK 00018,False
Baybrook Mall,FWP,2024-08-07,000153949724001589,0001539497-24-001589:n4397_x6-a1.htm,0002030476,Benchmark 2024-V9 Mortgage Trust  (CIK 0002030476),True
Baybrook Mall,424B2,2024-08-15,000153949724001728,0001539497-24-001728:n4397_x28-424b2.htm,0001004158,GS MORTGAGE SECURITIES CORP II  (CIK 0001004158),False
Baybrook Mall,424H,2024-08-08,000153949724001599,0001539497-24-001599:n4397_x8-424h.htm,0001004158,GS MORTGAGE SECURITIES CORP II  (CIK 0001004158),False
Baybrook Mall,8-K,2020-11-05,000156459020051459,0001564590-20-051459:srg-ex992_7.htm,0001628063,"Seritage Growth Properties  (SRG, SRG-PA)  (CIK 00",True
Baybrook Mall,8-K,2020-08-06,000156459020037902,0001564590-20-037902:srg-ex992_6.htm,0001628063,"Seritage Growth Properties  (SRG, SRG-PA)  (CIK 00",True
Baybrook Mall,8-K,2020-05-08,000156459020023026,0001564590-20-023026:srg-ex992_6.htm,0001628063,"Seritage Growth Properties  (SRG, SRG-PA)  (CIK 00",True
Baybrook Mall,FWP,2026-02-11,000153949726000345,0001539497-26-000345:n5644_x5-ts.htm,0002107796,Wells Fargo Commercial Mortgage Trust 2026-5C8  (C,False
Baybrook Mall,424B2,2026-02-19,000153949726000729,0001539497-26-000729:n5644_x17-424b2.htm,0000850779,WELLS FARGO COMMERCIAL MORTGAGE SECURITIES INC  (C,False
Baybrook Mall,424H,2026-02-11,000153949726000350,0001539497-26-000350:n5644_x6-424h.htm,0000850779,WELLS FARGO COMMERCIAL MORTGAGE SECURITIES INC  (C,False
Baybrook Mall,424B2,2026-01-29,000153949726000210,0001539497-26-000210:n5574_x13-424b2.htm,0001861132,BMO Commercial Mortgage Securities LLC  (CIK 00018,False
Baybrook Mall,424H,2026-01-21,000153949726000105,0001539497-26-000105:n5574_x6-424h.htm,0001861132,BMO Commercial Mortgage Securities LLC  (CIK 00018,False
Baybrook Mall,10-K,2019-03-01,000149604819000003,0001496048-19-000003:bpr12311810k.htm,0001496048,Brookfield Property REIT Inc.  (CIK 0001496048),False
Baybrook Mall,10-K,2020-02-28,000149604820000004,0001496048-20-000004:bpr12311910k.htm,0001496048,Brookfield Property REIT Inc.  (CIK 0001496048),False
Baybrook Mall,10-K,2021-02-26,000149604821000006,0001496048-21-000006:ggp-20201231.htm,0001496048,Brookfield Property REIT Inc.  (CIK 0001496048),False
Baybrook Mall,10-K,2020-03-02,000156459020008210,0001564590-20-008210:srg-10k_20191231.htm,0001628063,"Seritage Growth Properties  (SRG, SRG-PA)  (CIK 00",False
Baybrook Mall,10-K,2019-03-01,000156459019005833,0001564590-19-005833:srg-10k_20181231.htm,0001628063,"Seritage Growth Properties  (SRG, SRG-PA)  (CIK 00",False
Bel Air Mall,FWP,2024-07-23,000153949724001481,0001539497-24-001481:n4400-x4ts.htm,0002012481,BANK5 2024-5YR8  (CIK 0002012481),False
Bel Air Mall,424H,2024-07-23,000153949724001492,0001539497-24-001492:n4400_x6-424h.htm,0001005007,Banc of America Merrill Lynch Commercial Mortgage ,False
Bel Air Mall,424B2,2024-07-30,000153949724001533,0001539497-24-001533:n4400_x11-424b2.htm,0001005007,Banc of America Merrill Lynch Commercial Mortgage ,False
Boulevard Mall,FWP,2024-04-15,000153949724000835,0001539497-24-000835:n4188_x1-premktts.htm,0002016125,BMO 2024-5C4 Mortgage Trust  (CIK 0002016125),False
Boulevard Mall,FWP,2024-04-19,000153949724000872,0001539497-24-000872:n4188-x6_ts.htm,0002016125,BMO 2024-5C4 Mortgage Trust  (CIK 0002016125),False
Boulevard Mall,424H,2024-04-19,000153949724000876,0001539497-24-000876:n4188-x7_424h.htm,0001861132,BMO Commercial Mortgage Securities LLC  (CIK 00018,False
Boulevard Mall,424B2,2024-04-26,000153949724000926,0001539497-24-000926:n4188-x13_424b2.htm,0001861132,BMO Commercial Mortgage Securities LLC  (CIK 00018,False
Brandon Exchange,FWP,2025-11-13,000153949725002924,0001539497-25-002924:n5416_x3-ts.htm,0002096187,BANK5 2025-5YR18  (CIK 0002096187),False
Brandon Exchange,FWP,2025-10-31,000153949725002823,0001539497-25-002823:n5388_x3-ts.htm,0002091664,BBCMS Mortgage Trust 2025-5C38  (CIK 0002091664),False
Brandon Exchange,424B2,2025-11-21,000153949725003047,0001539497-25-003047:n5416_x23-424b2.htm,0000850779,WELLS FARGO COMMERCIAL MORTGAGE SECURITIES INC  (C,False
Brandon Exchange,424H,2025-11-13,000153949725002946,0001539497-25-002946:n5416_x4-424h.htm,0000850779,WELLS FARGO COMMERCIAL MORTGAGE SECURITIES INC  (C,False
Brandon Exchange,424B2,2025-11-10,000153949725002879,0001539497-25-002879:n5388_x11-424b2.htm,0001541480,Barclays Commercial Mortgage Securities LLC  (CIK ,False
Brandon Exchange,424H,2025-11-03,000153949725002837,0001539497-25-002837:n5388_x4-424h.htm,0001541480,Barclays Commercial Mortgage Securities LLC  (CIK ,False
Brandywine Town Center,8-K,2023-05-05,000095017023018301,0000950170-23-018301:akr-ex99_1.htm,0000899629,ACADIA REALTY TRUST  (AKR)  (CIK 0000899629),False
Brandywine Town Center,10-K,2026-02-13,000119312526051677,0001193125-26-051677:akr-20251231.htm,0000899629,ACADIA REALTY TRUST  (AKR)  (CIK 0000899629),True
Brandywine Town Center,10-K,2024-02-16,000095017024016567,0000950170-24-016567:akr-20231231.htm,0000899629,ACADIA REALTY TRUST  (AKR)  (CIK 0000899629),False
Brandywine Town Center,10-K,2025-02-14,000095017025021145,0000950170-25-021145:akr-20241231.htm,0000899629,ACADIA REALTY TRUST  (AKR)  (CIK 0000899629),True
Brandywine Town Center,10-K,2023-03-01,000095017023005499,0000950170-23-005499:akr-20221231.htm,0000899629,ACADIA REALTY TRUST  (AKR)  (CIK 0000899629),True
Brandywine Town Center,10-K,2021-02-22,000156459021007196,0001564590-21-007196:akr-10k_20201231.htm,0000899629,ACADIA REALTY TRUST  (AKR)  (CIK 0000899629),True
Brandywine Town Center,10-K,2022-03-01,000095017022002570,0000950170-22-002570:akr-20211231.htm,0000899629,ACADIA REALTY TRUST  (AKR)  (CIK 0000899629),True
Colonie Center,FWP,2024-06-21,000153949724001284,0001539497-24-001284:n4349_x5-ts.htm,0002024812,BMO 2024-C9 Mortgage Trust  (CIK 0002024812),False
Colonie Center,424H,2024-06-24,000153949724001308,0001539497-24-001308:n4349-x8_424h.htm,0001861132,BMO Commercial Mortgage Securities LLC  (CIK 00018,False
Colonie Center,424B2,2024-07-02,000153949724001363,0001539497-24-001363:n4349-x15_424b2.htm,0001861132,BMO Commercial Mortgage Securities LLC  (CIK 00018,False
Colonie Center,10-K,2020-03-02,000156459020008210,0001564590-20-008210:srg-10k_20191231.htm,0001628063,"Seritage Growth Properties  (SRG, SRG-PA)  (CIK 00",False
Colonie Center,10-K,2019-03-01,000156459019005833,0001564590-19-005833:srg-10k_20181231.htm,0001628063,"Seritage Growth Properties  (SRG, SRG-PA)  (CIK 00",False
Cross Creek Mall,8-K,2023-08-09,000095017023040696,0000950170-23-040696:cbl-ex99_1.htm,0000910612,CBL & ASSOCIATES PROPERTIES INC  (CBL)  (CIK 00009,False
Cross Creek Mall,8-K,2025-08-06,000095017025103587,0000950170-25-103587:cbl-ex99_1.htm,0000910612,CBL & ASSOCIATES PROPERTIES INC  (CBL)  (CIK 00009,False
Cross Creek Mall,8-K,2021-05-18,000156459021028605,0001564590-21-028605:cbl-ex991_6.htm,0000910612,CBL & ASSOCIATES PROPERTIES INC  (CBL)  (CIK 00009,False
Cross Creek Mall,8-K,2019-11-01,000091061219000074,0000910612-19-000074:ex991erandsupplemental.htm,0000910612,CBL & ASSOCIATES PROPERTIES INC  (CBL)  (CIK 00009,False
Cross Creek Mall,8-K/A,2019-11-13,000091061219000080,0000910612-19-000080:ex991erandsupplemental.htm,0000910612,CBL & ASSOCIATES PROPERTIES INC  (CBL)  (CIK 00009,False
Cross Creek Mall,8-K,2023-05-10,000095017023020607,0000950170-23-020607:cbl-ex99_1.htm,0000910612,CBL & ASSOCIATES PROPERTIES INC  (CBL)  (CIK 00009,False
Cross Creek Mall,8-K,2026-02-13,000119312526050190,0001193125-26-050190:cbl-ex99_1.htm,0000910612,CBL & ASSOCIATES PROPERTIES INC  (CBL)  (CIK 00009,False
Cross Creek Mall,8-K/A,2020-03-11,000156459020009889,0001564590-20-009889:cbl-ex991_7.htm,0000910612,CBL & ASSOCIATES PROPERTIES INC  (CBL)  (CIK 00009,False
Cross Creek Mall,8-K,2022-08-16,000156459022029560,0001564590-22-029560:cbl-ex991_63.htm,0000910612,CBL & ASSOCIATES PROPERTIES INC  (CBL)  (CIK 00009,False
Cross Creek Mall,8-K,2026-05-08,000119312526213437,0001193125-26-213437:cbl-ex99_1.htm,0000910612,CBL & ASSOCIATES PROPERTIES INC  (CBL)  (CIK 00009,False
Cross Creek Mall,8-K,2021-08-17,000156459021044795,0001564590-21-044795:cbl-ex991_6.htm,0000910612,CBL & ASSOCIATES PROPERTIES INC  (CBL)  (CIK 00009,False
Cross Creek Mall,8-K,2021-11-16,000156459021057244,0001564590-21-057244:cbl-ex991_6.htm,0000910612,CBL & ASSOCIATES PROPERTIES INC  (CBL)  (CIK 00009,False
Cross Creek Mall,8-K,2020-02-07,000156459020003845,0001564590-20-003845:cbl-ex991_6.htm,0000910612,CBL & ASSOCIATES PROPERTIES INC  (CBL)  (CIK 00009,False
Cross Creek Mall,8-K,2025-05-05,000095017025063227,0000950170-25-063227:cbl-ex99_1.htm,0000910612,CBL & ASSOCIATES PROPERTIES INC  (CBL)  (CIK 00009,False
Cross Creek Mall,8-K,2022-04-01,000156459022013159,0001564590-22-013159:cbl-ex991_6.htm,0000910612,CBL & ASSOCIATES PROPERTIES INC  (CBL)  (CIK 00009,False
Cross Creek Mall,8-K,2019-05-01,000091061219000043,0000910612-19-000043:ex991erandsupplemental-331.htm,0000910612,CBL & ASSOCIATES PROPERTIES INC  (CBL)  (CIK 00009,False
Cross Creek Mall,8-K,2019-08-01,000091061219000061,0000910612-19-000061:ex991erandsupplemental-630.htm,0000910612,CBL & ASSOCIATES PROPERTIES INC  (CBL)  (CIK 00009,False
Cross Creek Mall,8-K,2020-08-06,000156459020037874,0001564590-20-037874:cbl-ex991_6.htm,0000910612,CBL & ASSOCIATES PROPERTIES INC  (CBL)  (CIK 00009,False
Cross Creek Mall,8-K,2025-11-07,000119312525272111,0001193125-25-272111:cbl-ex99_1.htm,0000910612,CBL & ASSOCIATES PROPERTIES INC  (CBL)  (CIK 00009,False
Cross Creek Mall,8-K/A,2020-08-18,000156459020040477,0001564590-20-040477:cbl-ex991_6.htm,0000910612,CBL & ASSOCIATES PROPERTIES INC  (CBL)  (CIK 00009,False
Cross Creek Mall,8-K,2020-11-17,000156459020054261,0001564590-20-054261:cbl-ex991_6.htm,0000910612,CBL & ASSOCIATES PROPERTIES INC  (CBL)  (CIK 00009,False
Cross Creek Mall,8-K,2020-05-26,000156459020026885,0001564590-20-026885:cbl-ex991_7.htm,0000910612,CBL & ASSOCIATES PROPERTIES INC  (CBL)  (CIK 00009,False
Cross Creek Mall,8-K,2023-02-21,000095017023003357,0000950170-23-003357:cbl-ex99_1.htm,0000910612,CBL & ASSOCIATES PROPERTIES INC  (CBL)  (CIK 00009,False
Cross Creek Mall,8-K,2022-11-15,000095017022025165,0000950170-22-025165:cbl-ex99_1.htm,0000910612,CBL & ASSOCIATES PROPERTIES INC  (CBL)  (CIK 00009,False
Cross Creek Mall,8-K,2024-02-12,000095017024013599,0000950170-24-013599:cbl-ex99_1.htm,0000910612,CBL & ASSOCIATES PROPERTIES INC  (CBL)  (CIK 00009,False
Cross Creek Mall,8-K,2021-04-09,000156459021018305,0001564590-21-018305:cbl-ex991_6.htm,0000910612,CBL & ASSOCIATES PROPERTIES INC  (CBL)  (CIK 00009,False
Cross Creek Mall,8-K,2023-11-09,000095017023062165,0000950170-23-062165:cbl-ex99_1.htm,0000910612,CBL & ASSOCIATES PROPERTIES INC  (CBL)  (CIK 00009,False
Cross Creek Mall,8-K,2024-05-10,000095017024057514,0000950170-24-057514:cbl-ex99_1.htm,0000910612,CBL & ASSOCIATES PROPERTIES INC  (CBL)  (CIK 00009,False
Cross Creek Mall,8-K,2022-05-17,000156459022020518,0001564590-22-020518:cbl-ex991_6.htm,0000910612,CBL & ASSOCIATES PROPERTIES INC  (CBL)  (CIK 00009,False
Cross Creek Mall,8-K,2026-08-07,000119312526339362,0001193125-26-339362:cbl-ex99_1.htm,0000910612,CBL & ASSOCIATES PROPERTIES INC  (CBL)  (CIK 00009,False
Cross Creek Mall,8-K,2019-02-08,000091061219000008,0000910612-19-000008:ex991erandsupplementalcbl4.htm,0000910612,CBL & ASSOCIATES PROPERTIES INC  (CBL)  (CIK 00009,False
Cross Creek Mall,8-K,2024-08-09,000095017024094441,0000950170-24-094441:cbl-ex99_1.htm,0000910612,CBL & ASSOCIATES PROPERTIES INC  (CBL)  (CIK 00009,False
Cross Creek Mall,8-K,2024-11-12,000095017024125320,0000950170-24-125320:cbl-ex99_1.htm,0000910612,CBL & ASSOCIATES PROPERTIES INC  (CBL)  (CIK 00009,False
Cross Creek Mall,8-K,2025-02-14,000095017025020526,0000950170-25-020526:cbl-ex99_1.htm,0000910612,CBL & ASSOCIATES PROPERTIES INC  (CBL)  (CIK 00009,False
Cross Creek Mall,424B3,2023-03-01,000095017023005474,0000950170-23-005474:cbl-424b3_prosupp17.htm,0000910612,CBL & ASSOCIATES PROPERTIES INC  (CBL)  (CIK 00009,False
Cross Creek Mall,8-K,2020-08-19,000156459020040603,0001564590-20-040603:cbl-ex101_433.htm,0000910612,CBL & ASSOCIATES PROPERTIES INC  (CBL)  (CIK 00009,True
Cross Creek Mall,424B3,2022-08-15,000156459022029522,0001564590-22-029522:cbl-ex41_10.htm,0000910612,CBL & ASSOCIATES PROPERTIES INC  (CBL)  (CIK 00009,True
Cross Creek Mall,FWP,2019-09-19,000153949719001540,0001539497-19-001540:n1776-x6_ts.htm,0001785812,UBS Commercial Mortgage Trust 2019-C17  (CIK 00017,False
Cross Creek Mall,424H,2019-09-20,000153949719001557,0001539497-19-001557:n1776-x9_424h.htm,0001532799,UBS Commercial Mortgage Securitization Corp.  (CIK,False
Cross Creek Mall,10-K,2022-03-31,000156459022013053,0001564590-22-013053:cbl-10k_20211231.htm,0000910612,CBL & ASSOCIATES PROPERTIES INC  (CBL)  (CIK 00009,False
Cross Creek Mall,ARS,2023-04-24,000095017023014061,0000950170-23-014061:cbl-ars-10k-2022.pdf,0000910612,CBL & ASSOCIATES PROPERTIES INC  (CBL)  (CIK 00009,False
Cross Creek Mall,10-K,2023-03-01,000095017023005470,0000950170-23-005470:cbl-20221231.htm,0000910612,CBL & ASSOCIATES PROPERTIES INC  (CBL)  (CIK 00009,False
Cross Creek Mall,10-K,2024-02-29,000095017024023267,0000950170-24-023267:cbl-20231231.htm,0000910612,CBL & ASSOCIATES PROPERTIES INC  (CBL)  (CIK 00009,False
Cross Creek Mall,10-K,2026-03-03,000119312526087049,0001193125-26-087049:cbl-20251231.htm,0000910612,CBL & ASSOCIATES PROPERTIES INC  (CBL)  (CIK 00009,False
Cross Creek Mall,10-K,2020-03-09,000156459020009393,0001564590-20-009393:cbl-20191231.htm,0000910612,CBL & ASSOCIATES PROPERTIES INC  (CBL)  (CIK 00009,False
Cross Creek Mall,10-K,2025-03-03,000095017025030677,0000950170-25-030677:cbl-20241231.htm,0000910612,CBL & ASSOCIATES PROPERTIES INC  (CBL)  (CIK 00009,False
Cross Creek Mall,10-Q,2025-11-07,000119312525272118,0001193125-25-272118:cbl-20250930.htm,0000910612,CBL & ASSOCIATES PROPERTIES INC  (CBL)  (CIK 00009,False
Cross Creek Mall,10-K,2021-04-08,000156459021018200,0001564590-21-018200:cbl-10k_20201231.htm,0000910612,CBL & ASSOCIATES PROPERTIES INC  (CBL)  (CIK 00009,False
Cross Creek Mall,10-K,2019-03-01,000091061219000023,0000910612-19-000023:cbl-12312018x10k.htm,0000910612,CBL & ASSOCIATES PROPERTIES INC  (CBL)  (CIK 00009,False
Cross Creek Mall,10-Q,2026-05-08,000119312526214023,0001193125-26-214023:cbl-20260331.htm,0000910612,CBL & ASSOCIATES PROPERTIES INC  (CBL)  (CIK 00009,False
Cross Creek Mall,10-Q,2026-08-07,000119312526339651,0001193125-26-339651:cbl-20260630.htm,0000910612,CBL & ASSOCIATES PROPERTIES INC  (CBL)  (CIK 00009,False
Cross Creek Mall,10-Q,2024-11-12,000095017024125286,0000950170-24-125286:cbl-20240930.htm,0000910612,CBL & ASSOCIATES PROPERTIES INC  (CBL)  (CIK 00009,False
Cross Creek Mall,10-Q,2022-08-15,000156459022029498,0001564590-22-029498:cbl-ex41_181.htm,0000910612,CBL & ASSOCIATES PROPERTIES INC  (CBL)  (CIK 00009,True
Crossgates Mall,FWP,2025-12-01,000153949725003079,0001539497-25-003079:n5438_x5-ts.htm,0002093119,Wells Fargo Commercial Mortgage Trust 2025-5C7  (C,False
Crossgates Mall,FWP,2025-11-21,000153949725003037,0001539497-25-003037:n5438_x2-premrktts.htm,0002093119,Wells Fargo Commercial Mortgage Trust 2025-5C7  (C,False
Crossgates Mall,424B2,2025-12-08,000153949725003194,0001539497-25-003194:n5438_x24-424b2.htm,0000850779,WELLS FARGO COMMERCIAL MORTGAGE SECURITIES INC  (C,False
Crossgates Mall,424H,2025-12-01,000153949725003085,0001539497-25-003085:n5438_x7-424h.htm,0000850779,WELLS FARGO COMMERCIAL MORTGAGE SECURITIES INC  (C,False
Crossgates Mall,FWP,2026-08-04,000153949726002077,0001539497-26-002077:n6057_x4-ts.htm,0002136643,BMO 2026-5C16 Mortgage Trust  (CIK 0002136643),False
Crossgates Mall,FWP,2026-06-08,000153949726001680,0001539497-26-001680:n5939_x4-termsheet.htm,0002128774,BMO 2026-5C15 Mortgage Trust  (CIK 0002128774),False
Crossgates Mall,424B2,2026-08-13,000153949726002204,0001539497-26-002204:n6057_x11-424b2.htm,0001861132,BMO Commercial Mortgage Securities LLC  (CIK 00018,False
Crossgates Mall,424H,2026-08-04,000153949726002084,0001539497-26-002084:n6057_x5-424h.htm,0001861132,BMO Commercial Mortgage Securities LLC  (CIK 00018,False
Crossgates Mall,424B2,2026-06-16,000153949726001762,0001539497-26-001762:n5939_x10-424b2.htm,0001861132,BMO Commercial Mortgage Securities LLC  (CIK 00018,False
Crossgates Mall,424H,2026-06-08,000153949726001685,0001539497-26-001685:n5939_x5-424h.htm,0001861132,BMO Commercial Mortgage Securities LLC  (CIK 00018,False
Crossgates Mall,FWP,2026-06-08,000153949726001682,0001539497-26-001682:n5939_x3-annexa1.htm,0002128774,BMO 2026-5C15 Mortgage Trust  (CIK 0002128774),True
Crossgates Mall,FWP,2026-08-04,000153949726002080,0001539497-26-002080:n6057_x3-annexa.htm,0002136643,BMO 2026-5C16 Mortgage Trust  (CIK 0002136643),False
Crossgates Mall,FWP,2025-11-21,000153949725003043,0001539497-25-003043:n5438_x3-premrkta1.htm,0002093119,Wells Fargo Commercial Mortgage Trust 2025-5C7  (C,False
Crossgates Mall,FWP,2025-12-01,000153949725003081,0001539497-25-003081:n5438_x6-annexa1.htm,0002093119,Wells Fargo Commercial Mortgage Trust 2025-5C7  (C,False
Dadeland Mall,8-K,2019-07-31,000104746919004452,0001047469-19-004452:a2239288zex-99_1.htm,0001063761,"SIMON PROPERTY GROUP INC /DE/  (SPG, SPG-PJ)  (CIK",False
Dadeland Mall,8-K,2019-10-30,000110465919057499,0001104659-19-057499:a2239895zex-99_1.htm,0001063761,"SIMON PROPERTY GROUP INC /DE/  (SPG, SPG-PJ)  (CIK",False
Dadeland Mall,8-K,2020-02-04,000110465920010115,0001104659-20-010115:a2240552zex-99_1.htm,0001063761,"SIMON PROPERTY GROUP INC /DE/  (SPG, SPG-PJ)  (CIK",False
Dadeland Mall,8-K,2019-04-30,000104746919002724,0001047469-19-002724:a2238492zex-99_1.htm,0001063761,"SIMON PROPERTY GROUP INC /DE/  (SPG, SPG-PJ)  (CIK",False
Dadeland Mall,8-K,2019-02-01,000104746919000321,0001047469-19-000321:a2237580zex-99_1.htm,0001063761,"SIMON PROPERTY GROUP INC /DE/  (SPG, SPG-PJ)  (CIK",False
Dadeland Mall,8-K,2020-05-11,000110465920059554,0001104659-20-059554:a2241394zex-99_1.htm,0001063761,"SIMON PROPERTY GROUP INC /DE/  (SPG, SPG-PJ)  (CIK",False
Dadeland Mall,8-K,2020-08-10,000110465920092742,0001104659-20-092742:tm2025091d1_ex99-1.htm,0001063761,"SIMON PROPERTY GROUP INC /DE/  (SPG, SPG-PJ)  (CIK",True
Dadeland Mall,8-K,2020-11-09,000110465920123110,0001104659-20-123110:tm2033401d1_ex99-1.htm,0001063761,"SIMON PROPERTY GROUP INC /DE/  (SPG, SPG-PJ)  (CIK",True
Dadeland Mall,424H,2025-08-11,000153949725002080,0001539497-25-002080:n5230_x5-424h.htm,0001004158,GS MORTGAGE SECURITIES CORP II  (CIK 0001004158),False
Dadeland Mall,424B2,2025-08-19,000153949725002182,0001539497-25-002182:n5230_x23-424b2.htm,0001004158,GS MORTGAGE SECURITIES CORP II  (CIK 0001004158),False
Dadeland Mall,ARS,2023-03-23,000110465923036090,0001104659-23-036090:tm236206d2_ars.pdf,0001063761,"SIMON PROPERTY GROUP INC /DE/  (SPG, SPG-PJ)  (CIK",False
Dadeland Mall,10-K,2026-02-25,000110465926019419,0001104659-26-019419:spg-20251231x10k.pdf,0001063761,"SIMON PROPERTY GROUP INC.  (SPG, SPG-PJ)  (CIK 000",False
Dadeland Mall,10-K,2024-02-22,000155837024001532,0001558370-24-001532:spg-20231231x10k.pdf,0001063761,"SIMON PROPERTY GROUP INC /DE/  (SPG, SPG-PJ)  (CIK",False
Dadeland Mall,ARS,2026-04-01,000110465926038323,0001104659-26-038323:spg-20251231xars.pdf,0001063761,"SIMON PROPERTY GROUP INC.  (SPG, SPG-PJ)  (CIK 000",False
Dadeland Mall,10-K,2022-02-24,000155837022001845,0001558370-22-001845:spg-20211231x10k.pdf,0001063761,"SIMON PROPERTY GROUP INC /DE/  (SPG, SPG-PJ)  (CIK",False
Dadeland Mall,10-K,2023-02-23,000155837023001840,0001558370-23-001840:spg-20221231x10k.pdf,0001063761,"SIMON PROPERTY GROUP INC /DE/  (SPG, SPG-PJ)  (CIK",False
Dadeland Mall,10-K,2026-02-25,000110465926019419,0001104659-26-019419:spg-20251231x10k.htm,0001063761,"SIMON PROPERTY GROUP INC.  (SPG, SPG-PJ)  (CIK 000",False
Dadeland Mall,10-K,2024-02-22,000155837024001532,0001558370-24-001532:spg-20231231x10k.htm,0001063761,"SIMON PROPERTY GROUP INC /DE/  (SPG, SPG-PJ)  (CIK",False
Dadeland Mall,10-K,2025-02-21,000155837025001271,0001558370-25-001271:spg-20241231x10k.htm,0001063761,"SIMON PROPERTY GROUP INC /DE/  (SPG, SPG-PJ)  (CIK",False
Dadeland Mall,ARS,2024-03-27,000110465924039710,0001104659-24-039710:tm244821d2_ars.pdf,0001063761,"SIMON PROPERTY GROUP INC /DE/  (SPG, SPG-PJ)  (CIK",False
Dadeland Mall,10-K,2021-02-25,000155837021001700,0001558370-21-001700:spg-20201231x10k.pdf,0001063761,"SIMON PROPERTY GROUP INC /DE/  (SPG, SPG-PJ)  (CIK",False
Dadeland Mall,10-K,2019-02-22,000155837019000875,0001558370-19-000875:spg-20181231x10k.htm,0001063761,"SIMON PROPERTY GROUP INC /DE/  (SPG, SPG-PJ)  (CIK",False
Dadeland Mall,10-K,2019-02-22,000155837019000875,0001558370-19-000875:spg-20181231x10k.pdf,0001063761,"SIMON PROPERTY GROUP INC /DE/  (SPG, SPG-PJ)  (CIK",False
Eastview Mall,8-K,2021-11-03,000095017021002859,0000950170-21-002859:srg-ex99_2.htm,0001628063,"Seritage Growth Properties  (SRG, SRG-PA)  (CIK 00",True
Eastview Mall,8-K,2022-11-09,000095017022023550,0000950170-22-023550:srg-ex99_2.htm,0001628063,"Seritage Growth Properties  (SRG, SRG-PA)  (CIK 00",True
Eastview Mall,8-K,2022-08-09,000095017022016160,0000950170-22-016160:srg-ex99_2.htm,0001628063,"Seritage Growth Properties  (SRG, SRG-PA)  (CIK 00",True
Eastview Mall,8-K,2022-05-10,000095017022009029,0000950170-22-009029:srg-ex99_2.htm,0001628063,"Seritage Growth Properties  (SRG, SRG-PA)  (CIK 00",True
Eastview Mall,8-K,2023-03-14,000095017023007884,0000950170-23-007884:srg-ex99_2.htm,0001628063,"Seritage Growth Properties  (SRG, SRG-PA)  (CIK 00",True
Eastview Mall,8-K,2020-02-28,000156459020007605,0001564590-20-007605:srg-ex992_6.htm,0001628063,"Seritage Growth Properties  (SRG, SRG-PA)  (CIK 00",True
Eastview Mall,8-K,2019-08-01,000156459019028026,0001564590-19-028026:srg-ex992_7.htm,0001628063,"Seritage Growth Properties  (SRG, SRG-PA)  (CIK 00",True
Eastview Mall,8-K,2019-11-01,000156459019039223,0001564590-19-039223:srg-ex992_6.htm,0001628063,"Seritage Growth Properties  (SRG, SRG-PA)  (CIK 00",True
Eastview Mall,8-K,2019-05-03,000156459019015413,0001564590-19-015413:srg-ex992_6.htm,0001628063,"Seritage Growth Properties  (SRG, SRG-PA)  (CIK 00",True
Eastview Mall,8-K,2019-02-28,000156459019005521,0001564590-19-005521:srg-ex992_7.htm,0001628063,"Seritage Growth Properties  (SRG, SRG-PA)  (CIK 00",True
Eastview Mall,8-K,2020-11-05,000156459020051459,0001564590-20-051459:srg-ex992_7.htm,0001628063,"Seritage Growth Properties  (SRG, SRG-PA)  (CIK 00",True
Eastview Mall,8-K,2020-08-06,000156459020037902,0001564590-20-037902:srg-ex992_6.htm,0001628063,"Seritage Growth Properties  (SRG, SRG-PA)  (CIK 00",True
Eastview Mall,8-K,2020-05-08,000156459020023026,0001564590-20-023026:srg-ex992_6.htm,0001628063,"Seritage Growth Properties  (SRG, SRG-PA)  (CIK 00",True
Empire Mall,FWP,2026-02-09,000153949726000304,0001539497-26-000304:n5644_x2-premrkta1.htm,0002107796,Wells Fargo Commercial Mortgage Trust 2026-5C8  (C,True
Empire Mall,FWP,2026-02-11,000153949726000347,0001539497-26-000347:n5644_x4-annexa1.htm,0002107796,Wells Fargo Commercial Mortgage Trust 2026-5C8  (C,False
Empire Mall,FWP,2025-11-21,000153949725003037,0001539497-25-003037:n5438_x2-premrktts.htm,0002093119,Wells Fargo Commercial Mortgage Trust 2025-5C7  (C,False
Empire Mall,FWP,2025-12-03,000153949725003119,0001539497-25-003119:n5481_x3-annexa1.htm,0002093117,Benchmark 2025-V19 Mortgage Trust  (CIK 0002093117,False
Empire Mall,FWP,2025-12-01,000153949725003079,0001539497-25-003079:n5438_x5-ts.htm,0002093119,Wells Fargo Commercial Mortgage Trust 2025-5C7  (C,False
Empire Mall,FWP,2025-12-03,000153949725003117,0001539497-25-003117:n5481_x4-ts.htm,0002093117,Benchmark 2025-V19 Mortgage Trust  (CIK 0002093117,False
Empire Mall,FWP,2026-02-11,000153949726000345,0001539497-26-000345:n5644_x5-ts.htm,0002107796,Wells Fargo Commercial Mortgage Trust 2026-5C8  (C,False
Empire Mall,FWP,2025-11-21,000153949725003043,0001539497-25-003043:n5438_x3-premrkta1.htm,0002093119,Wells Fargo Commercial Mortgage Trust 2025-5C7  (C,False
Empire Mall,FWP,2025-12-01,000153949725003081,0001539497-25-003081:n5438_x6-annexa1.htm,0002093119,Wells Fargo Commercial Mortgage Trust 2025-5C7  (C,False
Empire Mall,8-K,2019-07-31,000104746919004452,0001047469-19-004452:a2239288zex-99_1.htm,0001063761,"SIMON PROPERTY GROUP INC /DE/  (SPG, SPG-PJ)  (CIK",False
Empire Mall,424B2,2025-12-11,000153949725003258,0001539497-25-003258:n5481_x12-424b2.htm,0001258361,CITIGROUP COMMERCIAL MORTGAGE SECURITIES INC  (CIK,False
Empire Mall,8-K,2020-02-04,000110465920010115,0001104659-20-010115:a2240552zex-99_1.htm,0001063761,"SIMON PROPERTY GROUP INC /DE/  (SPG, SPG-PJ)  (CIK",False
Empire Mall,424H,2025-12-03,000153949725003123,0001539497-25-003123:n5481_x5-424h.htm,0001258361,CITIGROUP COMMERCIAL MORTGAGE SECURITIES INC  (CIK,False
Empire Mall,8-K,2019-10-30,000110465919057499,0001104659-19-057499:a2239895zex-99_1.htm,0001063761,"SIMON PROPERTY GROUP INC /DE/  (SPG, SPG-PJ)  (CIK",False
Empire Mall,424H,2026-02-11,000153949726000350,0001539497-26-000350:n5644_x6-424h.htm,0000850779,WELLS FARGO COMMERCIAL MORTGAGE SECURITIES INC  (C,False
Empire Mall,424B2,2026-02-19,000153949726000729,0001539497-26-000729:n5644_x17-424b2.htm,0000850779,WELLS FARGO COMMERCIAL MORTGAGE SECURITIES INC  (C,False
Empire Mall,424H,2025-12-01,000153949725003085,0001539497-25-003085:n5438_x7-424h.htm,0000850779,WELLS FARGO COMMERCIAL MORTGAGE SECURITIES INC  (C,False
Empire Mall,424B2,2025-12-08,000153949725003194,0001539497-25-003194:n5438_x24-424b2.htm,0000850779,WELLS FARGO COMMERCIAL MORTGAGE SECURITIES INC  (C,False
Empire Mall,8-K,2019-04-30,000104746919002724,0001047469-19-002724:a2238492zex-99_1.htm,0001063761,"SIMON PROPERTY GROUP INC /DE/  (SPG, SPG-PJ)  (CIK",False
Empire Mall,8-K,2019-02-01,000104746919000321,0001047469-19-000321:a2237580zex-99_1.htm,0001063761,"SIMON PROPERTY GROUP INC /DE/  (SPG, SPG-PJ)  (CIK",False
Empire Mall,8-K,2020-05-11,000110465920059554,0001104659-20-059554:a2241394zex-99_1.htm,0001063761,"SIMON PROPERTY GROUP INC /DE/  (SPG, SPG-PJ)  (CIK",False
Empire Mall,8-K,2020-11-09,000110465920123110,0001104659-20-123110:tm2033401d1_ex99-1.htm,0001063761,"SIMON PROPERTY GROUP INC /DE/  (SPG, SPG-PJ)  (CIK",True
Empire Mall,8-K,2020-08-10,000110465920092742,0001104659-20-092742:tm2025091d1_ex99-1.htm,0001063761,"SIMON PROPERTY GROUP INC /DE/  (SPG, SPG-PJ)  (CIK",True
Empire Mall,FWP,2026-02-09,000153949726000302,0001539497-26-000302:n5644_x1-premrktts.htm,0002107796,Wells Fargo Commercial Mortgage Trust 2026-5C8  (C,False
Empire Mall,10-K,2026-02-25,000110465926019419,0001104659-26-019419:spg-20251231x10k.pdf,0001063761,"SIMON PROPERTY GROUP INC.  (SPG, SPG-PJ)  (CIK 000",False
Empire Mall,10-K,2019-02-22,000155837019000875,0001558370-19-000875:spg-20181231x10k.htm,0001063761,"SIMON PROPERTY GROUP INC /DE/  (SPG, SPG-PJ)  (CIK",False
Empire Mall,10-K,2019-02-22,000155837019000875,0001558370-19-000875:spg-20181231x10k.pdf,0001063761,"SIMON PROPERTY GROUP INC /DE/  (SPG, SPG-PJ)  (CIK",False
Empire Mall,10-K,2024-02-22,000155837024001532,0001558370-24-001532:spg-20231231x10k.pdf,0001063761,"SIMON PROPERTY GROUP INC /DE/  (SPG, SPG-PJ)  (CIK",False
Empire Mall,ARS,2026-04-01,000110465926038323,0001104659-26-038323:spg-20251231xars.pdf,0001063761,"SIMON PROPERTY GROUP INC.  (SPG, SPG-PJ)  (CIK 000",False
Empire Mall,10-K,2026-02-25,000110465926019419,0001104659-26-019419:spg-20251231x10k.htm,0001063761,"SIMON PROPERTY GROUP INC.  (SPG, SPG-PJ)  (CIK 000",False
Empire Mall,10-K,2023-02-23,000155837023001840,0001558370-23-001840:spg-20221231x10k.pdf,0001063761,"SIMON PROPERTY GROUP INC /DE/  (SPG, SPG-PJ)  (CIK",False
Empire Mall,10-K,2022-02-24,000155837022001845,0001558370-22-001845:spg-20211231x10k.pdf,0001063761,"SIMON PROPERTY GROUP INC /DE/  (SPG, SPG-PJ)  (CIK",False
Empire Mall,10-K,2025-02-21,000155837025001271,0001558370-25-001271:spg-20241231x10k.htm,0001063761,"SIMON PROPERTY GROUP INC /DE/  (SPG, SPG-PJ)  (CIK",False
Empire Mall,10-K,2024-02-22,000155837024001532,0001558370-24-001532:spg-20231231x10k.htm,0001063761,"SIMON PROPERTY GROUP INC /DE/  (SPG, SPG-PJ)  (CIK",False
Empire Mall,ARS,2024-03-27,000110465924039710,0001104659-24-039710:tm244821d2_ars.pdf,0001063761,"SIMON PROPERTY GROUP INC /DE/  (SPG, SPG-PJ)  (CIK",False
Empire Mall,ARS,2023-03-23,000110465923036090,0001104659-23-036090:tm236206d2_ars.pdf,0001063761,"SIMON PROPERTY GROUP INC /DE/  (SPG, SPG-PJ)  (CIK",False
Empire Mall,10-K,2021-02-25,000155837021001700,0001558370-21-001700:spg-20201231x10k.pdf,0001063761,"SIMON PROPERTY GROUP INC /DE/  (SPG, SPG-PJ)  (CIK",False
Fairfield Commons,8-K,2021-05-10,000159468621000013,0001594686-21-000013:a2021q1ex992supplemental.htm,0001594686,WASHINGTON PRIME GROUP INC.  (CIK 0001594686),False
Fairfield Commons,8-K,2019-04-25,000159468619000015,0001594686-19-000015:a2019q1exhibit992supplemen.htm,0001594686,WASHINGTON PRIME GROUP INC.  (CIK 0001594686),False
Fairfield Commons,8-K,2021-08-09,000159468621000019,0001594686-21-000019:a2021q2ex992supplemental.htm,0001594686,WASHINGTON PRIME GROUP INC.  (CIK 0001594686),False
Fairfield Commons,8-K,2021-03-16,000159468621000007,0001594686-21-000007:a2020q4ex992supplemental.htm,0001594686,WASHINGTON PRIME GROUP INC.  (CIK 0001594686),False
Fairfield Commons,8-K,2019-02-21,000159468619000003,0001594686-19-000003:a2018q4exhibit992supplemen.htm,0001594686,WASHINGTON PRIME GROUP INC.  (CIK 0001594686),False
Fairfield Commons,8-K,2019-10-24,000159468619000030,0001594686-19-000030:a2019q3exhibit992suppl.htm,0001594686,WASHINGTON PRIME GROUP INC.  (CIK 0001594686),False
Fairfield Commons,8-K,2019-07-25,000159468619000023,0001594686-19-000023:a2019q2exhibit992suppl.htm,0001594686,WASHINGTON PRIME GROUP INC.  (CIK 0001594686),False
Fairfield Commons,8-K,2020-05-08,000159468620000014,0001594686-20-000014:a2019q4exhibit992suppl.htm,0001594686,WASHINGTON PRIME GROUP INC.  (CIK 0001594686),False
Fairfield Commons,8-K,2020-02-27,000159468620000004,0001594686-20-000004:a2019q4exhibit992suppl.htm,0001594686,WASHINGTON PRIME GROUP INC.  (CIK 0001594686),False
Fairfield Commons,8-K,2020-08-11,000159468620000026,0001594686-20-000026:a2020q2exhibit992suppl.htm,0001594686,WASHINGTON PRIME GROUP INC.  (CIK 0001594686),False
Fairfield Commons,8-K,2020-11-05,000159468620000031,0001594686-20-000031:a2020q3ex992supplement.htm,0001594686,WASHINGTON PRIME GROUP INC.  (CIK 0001594686),False
Fairfield Commons,8-K,2020-08-11,000159468620000026,0001594686-20-000026:exhibit991-2q20.htm,0001594686,WASHINGTON PRIME GROUP INC.  (CIK 0001594686),False
Fairfield Commons,8-K,2023-05-02,000147620423000061,0001476204-23-000061:q12023supplemental.htm,0001476204,"Phillips Edison & Company, Inc.  (PECO)  (CIK 0001",False
Fairfield Commons,8-K,2022-05-05,000147620422000057,0001476204-22-000057:q12022supplemental.htm,0001476204,"Phillips Edison & Company, Inc.  (PECO)  (CIK 0001",False
Fairfield Commons,8-K,2022-11-03,000147620422000105,0001476204-22-000105:q32022supplemental.htm,0001476204,"Phillips Edison & Company, Inc.  (PECO)  (CIK 0001",False
Fairfield Commons,8-K,2023-08-01,000147620423000096,0001476204-23-000096:q22023supplemental.htm,0001476204,"Phillips Edison & Company, Inc.  (PECO)  (CIK 0001",False
Fairfield Commons,8-K,2024-10-24,000147620424000109,0001476204-24-000109:q32024supplemental.htm,0001476204,"Phillips Edison & Company, Inc.  (PECO)  (CIK 0001",False
Fairfield Commons,8-K,2025-04-24,000147620425000062,0001476204-25-000062:q12025supplemental.htm,0001476204,"Phillips Edison & Company, Inc.  (PECO)  (CIK 0001",False
Fairfield Commons,8-K,2022-08-05,000147620422000089,0001476204-22-000089:q22022supplemental.htm,0001476204,"Phillips Edison & Company, Inc.  (PECO)  (CIK 0001",False
Fairfield Commons,8-K,2023-02-09,000147620423000025,0001476204-23-000025:q42022supplement.htm,0001476204,"Phillips Edison & Company, Inc.  (PECO)  (CIK 0001",False
Fairfield Commons,8-K,2024-07-25,000147620424000097,0001476204-24-000097:q22024supplemental.htm,0001476204,"Phillips Edison & Company, Inc.  (PECO)  (CIK 0001",False
Fairfield Commons,8-K,2021-08-05,000147620421000189,0001476204-21-000189:q22021supplement.htm,0001476204,"Phillips Edison & Company, Inc.  (PECO)  (CIK 0001",False
Fairfield Commons,8-K,2025-02-06,000147620425000027,0001476204-25-000027:q42024supplemental.htm,0001476204,"Phillips Edison & Company, Inc.  (PECO)  (CIK 0001",False
Fairfield Commons,8-K,2024-04-25,000147620424000053,0001476204-24-000053:q12024supplemental.htm,0001476204,"Phillips Edison & Company, Inc.  (PECO)  (CIK 0001",False
Fairfield Commons,8-K,2026-04-23,000147620426000022,0001476204-26-000022:q12026supplemental.htm,0001476204,"Phillips Edison & Company, Inc.  (PECO)  (CIK 0001",False
Fairfield Commons,8-K,2024-02-08,000147620424000018,0001476204-24-000018:q42023supplemental.htm,0001476204,"Phillips Edison & Company, Inc.  (PECO)  (CIK 0001",False
Fairfield Commons,8-K,2021-11-04,000147620421000231,0001476204-21-000231:q32021supplement.htm,0001476204,"Phillips Edison & Company, Inc.  (PECO)  (CIK 0001",False
Fairfield Commons,8-K,2025-07-24,000147620425000090,0001476204-25-000090:q22025supplemental.htm,0001476204,"Phillips Edison & Company, Inc.  (PECO)  (CIK 0001",False
Fairfield Commons,8-K,2022-02-10,000147620422000026,0001476204-22-000026:q42021supplement.htm,0001476204,"Phillips Edison & Company, Inc.  (PECO)  (CIK 0001",False
Fairfield Commons,8-K,2023-10-31,000147620423000122,0001476204-23-000122:q32023supplemental.htm,0001476204,"Phillips Edison & Company, Inc.  (PECO)  (CIK 0001",False
Fairfield Commons,8-K,2025-10-23,000147620425000105,0001476204-25-000105:q32025supplemental.htm,0001476204,"Phillips Edison & Company, Inc.  (PECO)  (CIK 0001",False
Fairfield Commons,8-K,2026-07-23,000147620426000030,0001476204-26-000030:q22026supplemental.htm,0001476204,"Phillips Edison & Company, Inc.  (PECO)  (CIK 0001",False
Fairfield Commons,8-K,2026-02-05,000147620426000003,0001476204-26-000003:q42025supplemental.htm,0001476204,"Phillips Edison & Company, Inc.  (PECO)  (CIK 0001",False
Fairfield Commons,10-K,2020-02-27,000159468620000008,0001594686-20-000008:wpg201910-k.htm,0001594686,WASHINGTON PRIME GROUP INC.  (CIK 0001594686),False
Fairfield Commons,10-K,2019-02-21,000159468619000007,0001594686-19-000007:wpg201810-k.htm,0001594686,WASHINGTON PRIME GROUP INC.  (CIK 0001594686),False
Fairfield Commons,10-K,2021-03-16,000159468621000006,0001594686-21-000006:wpg-20201231.htm,0001594686,WASHINGTON PRIME GROUP INC.  (CIK 0001594686),False
Fairfield Commons,10-Q,2021-05-10,000159468621000014,0001594686-21-000014:wpg-20210331.htm,0001594686,WASHINGTON PRIME GROUP INC.  (CIK 0001594686),True
Fairfield Commons,10-Q,2021-08-09,000159468621000020,0001594686-21-000020:wpg-20210630.htm,0001594686,WASHINGTON PRIME GROUP INC.  (CIK 0001594686),True
Fairfield Commons,424B4,2021-07-16,000147620421000152,0001476204-21-000152:prospectusfinal.htm,0001476204,"Phillips Edison & Company, Inc.  (PECO)  (CIK 0001",False
Fairfield Commons,S-11/A,2021-07-07,000147620421000138,0001476204-21-000138:cik0001476204-20210707.htm,0001476204,"Phillips Edison & Company, Inc.  (PECO)  (CIK 0001",False
Fashion Square Charlottesville,10-K,2020-02-27,000159468620000008,0001594686-20-000008:wpg201910-k.htm,0001594686,WASHINGTON PRIME GROUP INC.  (CIK 0001594686),False
Fashion Square Charlottesville,10-K,2019-02-21,000159468619000007,0001594686-19-000007:wpg201810-k.htm,0001594686,WASHINGTON PRIME GROUP INC.  (CIK 0001594686),False
Fashion Square Charlottesville,10-K,2021-03-16,000159468621000006,0001594686-21-000006:wpg-20201231.htm,0001594686,WASHINGTON PRIME GROUP INC.  (CIK 0001594686),False
Freehold Raceway Mall,8-K,2023-05-10,000095017023020066,0000950170-23-020066:srg-ex99_2.htm,0001628063,"Seritage Growth Properties  (SRG, SRG-PA)  (CIK 00",True
Freehold Raceway Mall,8-K,2022-11-09,000095017022023550,0000950170-22-023550:srg-ex99_2.htm,0001628063,"Seritage Growth Properties  (SRG, SRG-PA)  (CIK 00",True
Freehold Raceway Mall,8-K,2021-11-03,000095017021002859,0000950170-21-002859:srg-ex99_2.htm,0001628063,"Seritage Growth Properties  (SRG, SRG-PA)  (CIK 00",True
Freehold Raceway Mall,8-K,2022-08-09,000095017022016160,0000950170-22-016160:srg-ex99_2.htm,0001628063,"Seritage Growth Properties  (SRG, SRG-PA)  (CIK 00",True
Freehold Raceway Mall,8-K,2022-05-10,000095017022009029,0000950170-22-009029:srg-ex99_2.htm,0001628063,"Seritage Growth Properties  (SRG, SRG-PA)  (CIK 00",True
Freehold Raceway Mall,8-K,2021-04-30,000156459021022244,0001564590-21-022244:srg-ex992_12.htm,0001628063,"Seritage Growth Properties  (SRG, SRG-PA)  (CIK 00",True
Freehold Raceway Mall,8-K,2023-03-14,000095017023007884,0000950170-23-007884:srg-ex99_2.htm,0001628063,"Seritage Growth Properties  (SRG, SRG-PA)  (CIK 00",True
Freehold Raceway Mall,8-K,2021-08-09,000156459021042681,0001564590-21-042681:srg-ex992_6.htm,0001628063,"Seritage Growth Properties  (SRG, SRG-PA)  (CIK 00",True
Freehold Raceway Mall,8-K,2021-03-11,000156459021012168,0001564590-21-012168:srg-ex992_6.htm,0001628063,"Seritage Growth Properties  (SRG, SRG-PA)  (CIK 00",True
Freehold Raceway Mall,8-K,2020-02-28,000156459020007605,0001564590-20-007605:srg-ex992_6.htm,0001628063,"Seritage Growth Properties  (SRG, SRG-PA)  (CIK 00",True
Freehold Raceway Mall,8-K,2019-08-01,000156459019028026,0001564590-19-028026:srg-ex992_7.htm,0001628063,"Seritage Growth Properties  (SRG, SRG-PA)  (CIK 00",True
Freehold Raceway Mall,8-K,2019-05-03,000156459019015413,0001564590-19-015413:srg-ex992_6.htm,0001628063,"Seritage Growth Properties  (SRG, SRG-PA)  (CIK 00",True
Freehold Raceway Mall,8-K,2019-11-01,000156459019039223,0001564590-19-039223:srg-ex992_6.htm,0001628063,"Seritage Growth Properties  (SRG, SRG-PA)  (CIK 00",True
Freehold Raceway Mall,8-K,2019-02-28,000156459019005521,0001564590-19-005521:srg-ex992_7.htm,0001628063,"Seritage Growth Properties  (SRG, SRG-PA)  (CIK 00",True
Freehold Raceway Mall,8-K,2020-11-05,000156459020051459,0001564590-20-051459:srg-ex992_7.htm,0001628063,"Seritage Growth Properties  (SRG, SRG-PA)  (CIK 00",True
Freehold Raceway Mall,8-K,2020-05-08,000156459020023026,0001564590-20-023026:srg-ex992_6.htm,0001628063,"Seritage Growth Properties  (SRG, SRG-PA)  (CIK 00",True
Freehold Raceway Mall,8-K,2020-08-06,000156459020037902,0001564590-20-037902:srg-ex992_6.htm,0001628063,"Seritage Growth Properties  (SRG, SRG-PA)  (CIK 00",True
Freehold Raceway Mall,10-K,2024-02-26,000091224224000026,0000912242-24-000026:mac-20231231.htm,0000912242,MACERICH CO  (MAC)  (CIK 0000912242),False
Freehold Raceway Mall,10-K,2025-02-28,000091224225000023,0000912242-25-000023:mac-20241231.htm,0000912242,MACERICH CO  (MAC)  (CIK 0000912242),False
Freehold Raceway Mall,10-K,2026-02-20,000091224226000016,0000912242-26-000016:mac-20251231.htm,0000912242,MACERICH CO  (MAC)  (CIK 0000912242),False
Freehold Raceway Mall,10-K,2020-02-25,000091224220000004,0000912242-20-000004:mac-20191231.htm,0000912242,MACERICH CO  (MAC)  (CIK 0000912242),False
Freehold Raceway Mall,10-K,2019-02-25,000091224219000004,0000912242-19-000004:mac-2018x1231x10k.htm,0000912242,MACERICH CO  (MAC)  (CIK 0000912242),False
Freehold Raceway Mall,10-K,2023-02-24,000091224223000007,0000912242-23-000007:mac-20221231.htm,0000912242,MACERICH CO  (MAC)  (CIK 0000912242),False
Freehold Raceway Mall,10-K,2022-02-25,000091224222000003,0000912242-22-000003:mac-20211231.htm,0000912242,MACERICH CO  (MAC)  (CIK 0000912242),False
Freehold Raceway Mall,10-K,2021-02-24,000091224221000004,0000912242-21-000004:mac-20201231.htm,0000912242,MACERICH CO  (MAC)  (CIK 0000912242),False
Galleria Dallas,FWP,2024-08-07,000153949724001591,0001539497-24-001591:n4381-x2premktts.htm,0002029929,Wells Fargo Commercial Mortgage Trust 2024-C63  (C,False
Galleria Dallas,FWP,2024-09-11,000153949724001903,0001539497-24-001903:n4462_x5-ts.htm,0002034721,BBCMS Mortgage Trust 2024-5C29  (CIK 0002034721),False
Galleria Dallas,FWP,2024-08-12,000153949724001641,0001539497-24-001641:n4381_x8-ts.htm,0002029929,Wells Fargo Commercial Mortgage Trust 2024-C63  (C,False
Galleria Dallas,FWP,2024-07-23,000153949724001479,0001539497-24-001479:n4391_x1-premktts.htm,0002027304,BMO 2024-5C5 Mortgage Trust  (CIK 0002027304),False
Galleria Dallas,FWP,2024-06-21,000153949724001265,0001539497-24-001265:n4349_x2-premktts.htm,0002024812,BMO 2024-C9 Mortgage Trust  (CIK 0002024812),False
Galleria Dallas,FWP,2023-11-17,000153949723001956,0001539497-23-001956:n3807_x3-premktts.htm,0001996001,BANK5 2023-5YR4  (CIK 0001996001),False
Galleria Dallas,FWP,2024-08-07,000153949724001583,0001539497-24-001583:n4397_x3-ts.htm,0002030476,Benchmark 2024-V9 Mortgage Trust  (CIK 0002030476),False
Galleria Dallas,FWP,2024-07-23,000153949724001481,0001539497-24-001481:n4400-x4ts.htm,0002012481,BANK5 2024-5YR8  (CIK 0002012481),False
Galleria Dallas,FWP,2024-06-21,000153949724001284,0001539497-24-001284:n4349_x5-ts.htm,0002024812,BMO 2024-C9 Mortgage Trust  (CIK 0002024812),False
Galleria Dallas,FWP,2023-11-27,000153949723002007,0001539497-23-002007:n3807-x6_ts.htm,0001996001,BANK5 2023-5YR4  (CIK 0001996001),False
Galleria Dallas,424B2,2024-08-15,000153949724001728,0001539497-24-001728:n4397_x28-424b2.htm,0001004158,GS MORTGAGE SECURITIES CORP II  (CIK 0001004158),False
Galleria Dallas,424H,2024-08-08,000153949724001599,0001539497-24-001599:n4397_x8-424h.htm,0001004158,GS MORTGAGE SECURITIES CORP II  (CIK 0001004158),False
Galleria Dallas,424B2,2023-12-04,000153949723002091,0001539497-23-002091:n3807_x16-424b2.htm,0000850779,WELLS FARGO COMMERCIAL MORTGAGE SECURITIES INC  (C,False
Galleria Dallas,424H,2023-11-27,000153949723002016,0001539497-23-002016:n3807-x7_424h.htm,0000850779,WELLS FARGO COMMERCIAL MORTGAGE SECURITIES INC  (C,False
Galleria Dallas,424B2,2024-09-18,000153949724001951,0001539497-24-001951:n4462_x12-424b2.htm,0001541480,Barclays Commercial Mortgage Securities LLC  (CIK ,False
Galleria Dallas,424H,2024-09-11,000153949724001907,0001539497-24-001907:n4462_x6-424h.htm,0001541480,Barclays Commercial Mortgage Securities LLC  (CIK ,False
Galleria Dallas,424H,2024-08-12,000153949724001648,0001539497-24-001648:n4381_x9-424h.htm,0000850779,WELLS FARGO COMMERCIAL MORTGAGE SECURITIES INC  (C,False
Galleria Dallas,424B2,2024-08-20,000153949724001770,0001539497-24-001770:n4381_x19-424b2.htm,0000850779,WELLS FARGO COMMERCIAL MORTGAGE SECURITIES INC  (C,False
Galleria Dallas,424H,2024-07-23,000153949724001492,0001539497-24-001492:n4400_x6-424h.htm,0001005007,Banc of America Merrill Lynch Commercial Mortgage ,False
Galleria Dallas,424B2,2024-07-30,000153949724001533,0001539497-24-001533:n4400_x11-424b2.htm,0001005007,Banc of America Merrill Lynch Commercial Mortgage ,False
Galleria Dallas,424H,2024-06-24,000153949724001308,0001539497-24-001308:n4349-x8_424h.htm,0001861132,BMO Commercial Mortgage Securities LLC  (CIK 00018,False
Galleria Dallas,424B2,2024-07-02,000153949724001363,0001539497-24-001363:n4349-x15_424b2.htm,0001861132,BMO Commercial Mortgage Securities LLC  (CIK 00018,False
Galleria Dallas,424B2,2024-10-01,000153949724002067,0001539497-24-002067:n4513_x14-424b2.htm,0001547361,Morgan Stanley Capital I Inc.  (CIK 0001547361),False
Galleria Dallas,424H,2024-09-24,000153949724002004,0001539497-24-002004:n4513-x5_424h.htm,0001547361,Morgan Stanley Capital I Inc.  (CIK 0001547361),False
Galleria Dallas,424B2,2024-08-02,000153949724001555,0001539497-24-001555:n4391_x14-424b2.htm,0001861132,BMO Commercial Mortgage Securities LLC  (CIK 00018,False
Greenbrier Mall,8-K,2021-04-09,000156459021018305,0001564590-21-018305:cbl-ex991_6.htm,0000910612,CBL & ASSOCIATES PROPERTIES INC  (CBL)  (CIK 00009,False
Greenbrier Mall,8-K,2022-05-17,000156459022020518,0001564590-22-020518:cbl-ex991_6.htm,0000910612,CBL & ASSOCIATES PROPERTIES INC  (CBL)  (CIK 00009,False
Greenbrier Mall,8-K,2019-05-01,000091061219000043,0000910612-19-000043:ex991erandsupplemental-331.htm,0000910612,CBL & ASSOCIATES PROPERTIES INC  (CBL)  (CIK 00009,False
Greenbrier Mall,8-K,2022-11-15,000095017022025165,0000950170-22-025165:cbl-ex99_1.htm,0000910612,CBL & ASSOCIATES PROPERTIES INC  (CBL)  (CIK 00009,False
Greenbrier Mall,8-K/A,2020-03-11,000156459020009889,0001564590-20-009889:cbl-ex991_7.htm,0000910612,CBL & ASSOCIATES PROPERTIES INC  (CBL)  (CIK 00009,False
Greenbrier Mall,8-K,2020-08-06,000156459020037874,0001564590-20-037874:cbl-ex991_6.htm,0000910612,CBL & ASSOCIATES PROPERTIES INC  (CBL)  (CIK 00009,False
Greenbrier Mall,8-K,2020-11-17,000156459020054261,0001564590-20-054261:cbl-ex991_6.htm,0000910612,CBL & ASSOCIATES PROPERTIES INC  (CBL)  (CIK 00009,False
Greenbrier Mall,8-K/A,2020-08-18,000156459020040477,0001564590-20-040477:cbl-ex991_6.htm,0000910612,CBL & ASSOCIATES PROPERTIES INC  (CBL)  (CIK 00009,False
Greenbrier Mall,8-K,2022-08-16,000156459022029560,0001564590-22-029560:cbl-ex991_63.htm,0000910612,CBL & ASSOCIATES PROPERTIES INC  (CBL)  (CIK 00009,False
Greenbrier Mall,8-K,2020-05-26,000156459020026885,0001564590-20-026885:cbl-ex991_7.htm,0000910612,CBL & ASSOCIATES PROPERTIES INC  (CBL)  (CIK 00009,False
Greenbrier Mall,8-K,2020-02-07,000156459020003845,0001564590-20-003845:cbl-ex991_6.htm,0000910612,CBL & ASSOCIATES PROPERTIES INC  (CBL)  (CIK 00009,False
Greenbrier Mall,8-K,2021-05-18,000156459021028605,0001564590-21-028605:cbl-ex991_6.htm,0000910612,CBL & ASSOCIATES PROPERTIES INC  (CBL)  (CIK 00009,False
Greenbrier Mall,8-K,2021-08-17,000156459021044795,0001564590-21-044795:cbl-ex991_6.htm,0000910612,CBL & ASSOCIATES PROPERTIES INC  (CBL)  (CIK 00009,False
Greenbrier Mall,8-K,2021-11-16,000156459021057244,0001564590-21-057244:cbl-ex991_6.htm,0000910612,CBL & ASSOCIATES PROPERTIES INC  (CBL)  (CIK 00009,False
Greenbrier Mall,8-K,2022-04-01,000156459022013159,0001564590-22-013159:cbl-ex991_6.htm,0000910612,CBL & ASSOCIATES PROPERTIES INC  (CBL)  (CIK 00009,False
Greenbrier Mall,8-K,2019-11-01,000091061219000074,0000910612-19-000074:ex991erandsupplemental.htm,0000910612,CBL & ASSOCIATES PROPERTIES INC  (CBL)  (CIK 00009,False
Greenbrier Mall,8-K/A,2019-11-13,000091061219000080,0000910612-19-000080:ex991erandsupplemental.htm,0000910612,CBL & ASSOCIATES PROPERTIES INC  (CBL)  (CIK 00009,False
Greenbrier Mall,8-K,2019-08-01,000091061219000061,0000910612-19-000061:ex991erandsupplemental-630.htm,0000910612,CBL & ASSOCIATES PROPERTIES INC  (CBL)  (CIK 00009,False
Greenbrier Mall,8-K,2019-02-08,000091061219000008,0000910612-19-000008:ex991erandsupplementalcbl4.htm,0000910612,CBL & ASSOCIATES PROPERTIES INC  (CBL)  (CIK 00009,False
Greenbrier Mall,424B3,2023-03-01,000095017023005474,0000950170-23-005474:cbl-424b3_prosupp17.htm,0000910612,CBL & ASSOCIATES PROPERTIES INC  (CBL)  (CIK 00009,False
Greenbrier Mall,8-K,2023-02-21,000095017023003357,0000950170-23-003357:cbl-ex99_1.htm,0000910612,CBL & ASSOCIATES PROPERTIES INC  (CBL)  (CIK 00009,False
Greenbrier Mall,8-K,2023-05-10,000095017023020607,0000950170-23-020607:cbl-ex99_1.htm,0000910612,CBL & ASSOCIATES PROPERTIES INC  (CBL)  (CIK 00009,False
Greenbrier Mall,8-K,2023-08-09,000095017023040696,0000950170-23-040696:cbl-ex99_1.htm,0000910612,CBL & ASSOCIATES PROPERTIES INC  (CBL)  (CIK 00009,False
Greenbrier Mall,8-K,2024-02-12,000095017024013599,0000950170-24-013599:cbl-ex99_1.htm,0000910612,CBL & ASSOCIATES PROPERTIES INC  (CBL)  (CIK 00009,False
Greenbrier Mall,8-K,2023-11-09,000095017023062165,0000950170-23-062165:cbl-ex99_1.htm,0000910612,CBL & ASSOCIATES PROPERTIES INC  (CBL)  (CIK 00009,False
Greenbrier Mall,FWP,2023-02-06,000153949723000137,0001539497-23-000137:n3430-x4ts.htm,0001958501,BANK 2023-BNK45  (CIK 0001958501),False
Greenbrier Mall,424B2,2023-02-23,000153949723000335,0001539497-23-000335:n3430_x10-424b2.htm,0001005007,Banc of America Merrill Lynch Commercial Mortgage ,False
Greenbrier Mall,424H,2023-02-06,000153949723000147,0001539497-23-000147:n3430-x5_424h.htm,0001005007,Banc of America Merrill Lynch Commercial Mortgage ,False
Greenbrier Mall,424B2,2022-05-05,000153949722000937,0001539497-22-000937:n3070-x8_424b2.htm,0001547361,Morgan Stanley Capital I Inc.  (CIK 0001547361),False
Greenbrier Mall,424H,2022-04-18,000153949722000846,0001539497-22-000846:n3070-x4_424h.htm,0001547361,Morgan Stanley Capital I Inc.  (CIK 0001547361),False
Greenbrier Mall,ARS,2023-04-24,000095017023014061,0000950170-23-014061:cbl-ars-10k-2022.pdf,0000910612,CBL & ASSOCIATES PROPERTIES INC  (CBL)  (CIK 00009,False
Greenbrier Mall,10-K,2022-03-31,000156459022013053,0001564590-22-013053:cbl-10k_20211231.htm,0000910612,CBL & ASSOCIATES PROPERTIES INC  (CBL)  (CIK 00009,False
Greenbrier Mall,10-K,2023-03-01,000095017023005470,0000950170-23-005470:cbl-20221231.htm,0000910612,CBL & ASSOCIATES PROPERTIES INC  (CBL)  (CIK 00009,False
Greenbrier Mall,10-K,2021-04-08,000156459021018200,0001564590-21-018200:cbl-10k_20201231.htm,0000910612,CBL & ASSOCIATES PROPERTIES INC  (CBL)  (CIK 00009,False
Greenbrier Mall,10-K,2020-03-09,000156459020009393,0001564590-20-009393:cbl-20191231.htm,0000910612,CBL & ASSOCIATES PROPERTIES INC  (CBL)  (CIK 00009,False
Greenbrier Mall,10-K,2024-02-29,000095017024023267,0000950170-24-023267:cbl-20231231.htm,0000910612,CBL & ASSOCIATES PROPERTIES INC  (CBL)  (CIK 00009,False
Greenbrier Mall,10-K,2019-03-01,000091061219000023,0000910612-19-000023:cbl-12312018x10k.htm,0000910612,CBL & ASSOCIATES PROPERTIES INC  (CBL)  (CIK 00009,False
Greenbrier Mall,10-K,2025-03-03,000095017025030677,0000950170-25-030677:cbl-20241231.htm,0000910612,CBL & ASSOCIATES PROPERTIES INC  (CBL)  (CIK 00009,False
Greenbrier Mall,10-Q,2019-05-10,000091061219000049,0000910612-19-000049:cbl-3312019x10q.htm,0000910612,CBL & ASSOCIATES PROPERTIES INC  (CBL)  (CIK 00009,False
Greenbrier Mall,10-Q,2020-06-05,000156459020028432,0001564590-20-028432:cbl-20200331.htm,0000910612,CBL & ASSOCIATES PROPERTIES INC  (CBL)  (CIK 00009,False
Greenbrier Mall,10-Q,2020-08-17,000156459020040444,0001564590-20-040444:cbl-20200630.htm,0000910612,CBL & ASSOCIATES PROPERTIES INC  (CBL)  (CIK 00009,False
Greenbrier Mall,10-Q,2019-11-12,000091061219000077,0000910612-19-000077:cbl-9302019x10q.htm,0000910612,CBL & ASSOCIATES PROPERTIES INC  (CBL)  (CIK 00009,False
Greenbrier Mall,10-Q,2019-08-09,000091061219000065,0000910612-19-000065:cbl-6302019x10q.htm,0000910612,CBL & ASSOCIATES PROPERTIES INC  (CBL)  (CIK 00009,False
Greenbrier Mall,10-Q,2020-11-16,000156459020054211,0001564590-20-054211:cbl-10q_20200930.htm,0000910612,CBL & ASSOCIATES PROPERTIES INC  (CBL)  (CIK 00009,False
Greenbrier Mall,10-K,2020-03-02,000156459020008210,0001564590-20-008210:srg-10k_20191231.htm,0001628063,"Seritage Growth Properties  (SRG, SRG-PA)  (CIK 00",False
Greenbrier Mall,10-K,2019-03-01,000156459019005833,0001564590-19-005833:srg-10k_20181231.htm,0001628063,"Seritage Growth Properties  (SRG, SRG-PA)  (CIK 00",False
International Plaza,FWP,2025-11-13,000153949725002936,0001539497-25-002936:n5416_x2-annexa1.htm,0002096187,BANK5 2025-5YR18  (CIK 0002096187),False
International Plaza,FWP,2025-11-13,000153949725002924,0001539497-25-002924:n5416_x3-ts.htm,0002096187,BANK5 2025-5YR18  (CIK 0002096187),False
International Plaza,FWP,2025-12-04,000153949725003139,0001539497-25-003139:n5484_x2-annexa1.htm,0002098810,BANK5 2025-5YR19  (CIK 0002098810),False
International Plaza,FWP,2025-10-31,000153949725002823,0001539497-25-002823:n5388_x3-ts.htm,0002091664,BBCMS Mortgage Trust 2025-5C38  (CIK 0002091664),False
International Plaza,FWP,2024-11-08,000153949724002371,0001539497-24-002371:n4545_x2-premkta1.htm,0002039768,Wells Fargo Commercial Mortgage Trust 2024-5C2  (C,True
International Plaza,FWP,2024-09-26,000153949724002013,0001539497-24-002013:n4517_x2-ts.htm,0002037111,BANK5 2024-5YR10  (CIK 0002037111),False
International Plaza,424B2,2025-11-21,000153949725003047,0001539497-25-003047:n5416_x23-424b2.htm,0000850779,WELLS FARGO COMMERCIAL MORTGAGE SECURITIES INC  (C,False
International Plaza,FWP,2024-11-12,000153949724002388,0001539497-24-002388:n4545_x5-annexa1.htm,0002039768,Wells Fargo Commercial Mortgage Trust 2024-5C2  (C,True
International Plaza,424H,2025-11-13,000153949725002946,0001539497-25-002946:n5416_x4-424h.htm,0000850779,WELLS FARGO COMMERCIAL MORTGAGE SECURITIES INC  (C,False
International Plaza,424B2,2025-11-10,000153949725002879,0001539497-25-002879:n5388_x11-424b2.htm,0001541480,Barclays Commercial Mortgage Securities LLC  (CIK ,False
International Plaza,424H,2025-11-03,000153949725002837,0001539497-25-002837:n5388_x4-424h.htm,0001541480,Barclays Commercial Mortgage Securities LLC  (CIK ,False
International Plaza,424B2,2025-12-11,000153949725003257,0001539497-25-003257:n5484_x16-424b2.htm,0001547361,Morgan Stanley Capital I Inc.  (CIK 0001547361),False
International Plaza,424H,2025-12-04,000153949725003143,0001539497-25-003143:n5484_x5-424h.htm,0001547361,Morgan Stanley Capital I Inc.  (CIK 0001547361),False
International Plaza,424B2,2024-10-04,000153949724002109,0001539497-24-002109:n4517_x22-424b2.htm,0000850779,WELLS FARGO COMMERCIAL MORTGAGE SECURITIES INC  (C,False
International Plaza,424H,2024-09-26,000153949724002023,0001539497-24-002023:n4517_x5-424h.htm,0000850779,WELLS FARGO COMMERCIAL MORTGAGE SECURITIES INC  (C,False
International Plaza,424B2,2024-11-19,000153949724002471,0001539497-24-002471:n4545_x19-424b2.htm,0000850779,WELLS FARGO COMMERCIAL MORTGAGE SECURITIES INC  (C,False
International Plaza,424H,2024-11-12,000153949724002396,0001539497-24-002396:n4545_x7-424h.htm,0000850779,WELLS FARGO COMMERCIAL MORTGAGE SECURITIES INC  (C,False
International Plaza,FWP,2024-09-11,000153949724001903,0001539497-24-001903:n4462_x5-ts.htm,0002034721,BBCMS Mortgage Trust 2024-5C29  (CIK 0002034721),False
International Plaza,FWP,2025-12-04,000153949725003141,0001539497-25-003141:n5484_x3-ts.htm,0002098810,BANK5 2025-5YR19  (CIK 0002098810),False
International Plaza,424B2,2024-09-18,000153949724001951,0001539497-24-001951:n4462_x12-424b2.htm,0001541480,Barclays Commercial Mortgage Securities LLC  (CIK ,False
International Plaza,424H,2024-09-11,000153949724001907,0001539497-24-001907:n4462_x6-424h.htm,0001541480,Barclays Commercial Mortgage Securities LLC  (CIK ,False
International Plaza,424H,2023-07-28,000153949723001334,0001539497-23-001334:n3701_x8-424h.htm,0000850779,WELLS FARGO COMMERCIAL MORTGAGE SECURITIES INC  (C,False
International Plaza,424B2,2023-08-10,000153949723001390,0001539497-23-001390:n3701-x16_424b2.htm,0000850779,WELLS FARGO COMMERCIAL MORTGAGE SECURITIES INC  (C,False
International Plaza,424H,2023-06-20,000153949723001134,0001539497-23-001134:n3498_x4-424h.htm,0001547361,Morgan Stanley Capital I Inc.  (CIK 0001547361),False
International Plaza,424B2,2023-07-11,000153949723001217,0001539497-23-001217:n3498_x11-424b2.htm,0001547361,Morgan Stanley Capital I Inc.  (CIK 0001547361),False
International Plaza,ARS,2026-04-01,000110465926038323,0001104659-26-038323:spg-20251231xars.pdf,0001063761,"SIMON PROPERTY GROUP INC.  (SPG, SPG-PJ)  (CIK 000",False
International Plaza,10-K,2026-02-25,000110465926019419,0001104659-26-019419:spg-20251231x10k.pdf,0001063761,"SIMON PROPERTY GROUP INC.  (SPG, SPG-PJ)  (CIK 000",False
International Plaza,10-K,2026-02-25,000110465926019419,0001104659-26-019419:spg-20251231x10k.htm,0001063761,"SIMON PROPERTY GROUP INC.  (SPG, SPG-PJ)  (CIK 000",False
International Plaza,10-K,2024-02-22,000155837024001532,0001558370-24-001532:spg-20231231x10k.pdf,0001063761,"SIMON PROPERTY GROUP INC /DE/  (SPG, SPG-PJ)  (CIK",False
International Plaza,10-K,2025-02-21,000155837025001271,0001558370-25-001271:spg-20241231x10k.htm,0001063761,"SIMON PROPERTY GROUP INC /DE/  (SPG, SPG-PJ)  (CIK",False
International Plaza,10-K,2023-02-23,000155837023001840,0001558370-23-001840:spg-20221231x10k.pdf,0001063761,"SIMON PROPERTY GROUP INC /DE/  (SPG, SPG-PJ)  (CIK",False
International Plaza,10-K,2024-02-22,000155837024001532,0001558370-24-001532:spg-20231231x10k.htm,0001063761,"SIMON PROPERTY GROUP INC /DE/  (SPG, SPG-PJ)  (CIK",False
International Plaza,ARS,2024-03-27,000110465924039710,0001104659-24-039710:tm244821d2_ars.pdf,0001063761,"SIMON PROPERTY GROUP INC /DE/  (SPG, SPG-PJ)  (CIK",False
International Plaza,ARS,2023-03-23,000110465923036090,0001104659-23-036090:tm236206d2_ars.pdf,0001063761,"SIMON PROPERTY GROUP INC /DE/  (SPG, SPG-PJ)  (CIK",False
International Plaza,10-K,2022-02-24,000155837022001845,0001558370-22-001845:spg-20211231x10k.pdf,0001063761,"SIMON PROPERTY GROUP INC /DE/  (SPG, SPG-PJ)  (CIK",False
Katy Mills,FWP,2022-10-18,000153949722001669,0001539497-22-001669:n3300_x2-anxa1.htm,0001946375,Benchmark 2022-B37 Mortgage Trust  (CIK 0001946375,True
Katy Mills,FWP,2022-10-18,000153949722001671,0001539497-22-001671:n3300_x3-ts.htm,0001946375,Benchmark 2022-B37 Mortgage Trust  (CIK 0001946375,False
Katy Mills,FWP,2022-08-02,000153949722001328,0001539497-22-001328:n3204-x4_ts.htm,0001937096,BANK 2022-BNK43  (CIK 0001937096),False
Katy Mills,424B2,2022-11-03,000153949722001737,0001539497-22-001737:n3300-x16_424b2.htm,0001004158,GS MORTGAGE SECURITIES CORP II  (CIK 0001004158),False
Katy Mills,424H,2022-10-18,000153949722001677,0001539497-22-001677:n3300-x7_424h.htm,0001004158,GS MORTGAGE SECURITIES CORP II  (CIK 0001004158),False
Katy Mills,424H,2022-08-02,000153949722001342,0001539497-22-001342:n3204-x9424h.htm,0000850779,WELLS FARGO COMMERCIAL MORTGAGE SECURITIES INC  (C,False
Katy Mills,424B2,2022-08-25,000153949722001485,0001539497-22-001485:n3204-x22_424b2.htm,0000850779,WELLS FARGO COMMERCIAL MORTGAGE SECURITIES INC  (C,False
Katy Mills,8-K,2019-07-31,000104746919004452,0001047469-19-004452:a2239288zex-99_1.htm,0001063761,"SIMON PROPERTY GROUP INC /DE/  (SPG, SPG-PJ)  (CIK",False
Katy Mills,8-K,2020-02-04,000110465920010115,0001104659-20-010115:a2240552zex-99_1.htm,0001063761,"SIMON PROPERTY GROUP INC /DE/  (SPG, SPG-PJ)  (CIK",False
Katy Mills,8-K,2019-10-30,000110465919057499,0001104659-19-057499:a2239895zex-99_1.htm,0001063761,"SIMON PROPERTY GROUP INC /DE/  (SPG, SPG-PJ)  (CIK",False
Katy Mills,8-K,2019-04-30,000104746919002724,0001047469-19-002724:a2238492zex-99_1.htm,0001063761,"SIMON PROPERTY GROUP INC /DE/  (SPG, SPG-PJ)  (CIK",False
Katy Mills,8-K,2019-02-01,000104746919000321,0001047469-19-000321:a2237580zex-99_1.htm,0001063761,"SIMON PROPERTY GROUP INC /DE/  (SPG, SPG-PJ)  (CIK",False
Katy Mills,8-K,2020-05-11,000110465920059554,0001104659-20-059554:a2241394zex-99_1.htm,0001063761,"SIMON PROPERTY GROUP INC /DE/  (SPG, SPG-PJ)  (CIK",False
Katy Mills,8-K,2020-08-10,000110465920092742,0001104659-20-092742:tm2025091d1_ex99-1.htm,0001063761,"SIMON PROPERTY GROUP INC /DE/  (SPG, SPG-PJ)  (CIK",True
Katy Mills,8-K,2020-11-09,000110465920123110,0001104659-20-123110:tm2033401d1_ex99-1.htm,0001063761,"SIMON PROPERTY GROUP INC /DE/  (SPG, SPG-PJ)  (CIK",True
Kennesaw Town Center,FWP,2026-06-04,000153949726001656,0001539497-26-001656:n5926_x2-premrktts.htm,0002136440,Wells Fargo Commercial Mortgage Trust 2026-5C10  (,False
Kennesaw Town Center,FWP,2026-06-10,000153949726001713,0001539497-26-001713:n5926_x6-termsheet.htm,0002136440,Wells Fargo Commercial Mortgage Trust 2026-5C10  (,False
Kennesaw Town Center,424H,2026-06-10,000153949726001721,0001539497-26-001721:n5926_x7-424h.htm,0000850779,WELLS FARGO COMMERCIAL MORTGAGE SECURITIES INC  (C,False
Kennesaw Town Center,424B2,2026-06-23,000153949726001846,0001539497-26-001846:n5926_x24-424b2.htm,0000850779,WELLS FARGO COMMERCIAL MORTGAGE SECURITIES INC  (C,False
Mall of Louisiana,10-K,2019-03-01,000149604819000003,0001496048-19-000003:bpr12311810k.htm,0001496048,Brookfield Property REIT Inc.  (CIK 0001496048),False
Mall of Louisiana,10-K,2020-02-28,000149604820000004,0001496048-20-000004:bpr12311910k.htm,0001496048,Brookfield Property REIT Inc.  (CIK 0001496048),False
Mall of Louisiana,10-K,2021-02-26,000149604821000006,0001496048-21-000006:ggp-20201231.htm,0001496048,Brookfield Property REIT Inc.  (CIK 0001496048),False
Market Place Shopping Center Champaign,10-K,2019-03-01,000149604819000003,0001496048-19-000003:bpr12311810k.htm,0001496048,Brookfield Property REIT Inc.  (CIK 0001496048),False
Market Place Shopping Center Champaign,10-K,2020-02-28,000149604820000004,0001496048-20-000004:bpr12311910k.htm,0001496048,Brookfield Property REIT Inc.  (CIK 0001496048),False
Market Place Shopping Center Champaign,10-K,2021-02-26,000149604821000006,0001496048-21-000006:ggp-20201231.htm,0001496048,Brookfield Property REIT Inc.  (CIK 0001496048),False
Newport Centre,FWP,2024-10-16,000153949724002168,0001539497-24-002168:n4575_x2-annexa1.htm,0002038432,BMO 2024-C10 Mortgage Trust  (CIK 0002038432),True
Newport Centre,FWP,2024-10-28,000153949724002268,0001539497-24-002268:n4543-x5_ts.htm,0002039612,BBCMS Mortgage Trust 2024-C30  (CIK 0002039612),False
Newport Centre,FWP,2025-01-31,000153949725000214,0001539497-25-000214:n4801_x3-annexa1.htm,0002053102,Wells Fargo Commercial Mortgage Trust 2025-C64  (C,True
Newport Centre,FWP,2024-10-16,000153949724002163,0001539497-24-002163:n4575-x3premrktts.htm,0002038432,BMO 2024-C10 Mortgage Trust  (CIK 0002038432),False
Newport Centre,FWP,2024-10-28,000153949724002265,0001539497-24-002265:n4543_x4-annexa1.htm,0002039612,BBCMS Mortgage Trust 2024-C30  (CIK 0002039612),False
Newport Centre,FWP,2024-10-21,000153949724002191,0001539497-24-002191:n4575_x5-anxa1.htm,0002038432,BMO 2024-C10 Mortgage Trust  (CIK 0002038432),False
Newport Centre,FWP,2025-02-03,000153949725000290,0001539497-25-000290:n4801_x5-annexa1.htm,0002053102,Wells Fargo Commercial Mortgage Trust 2025-C64  (C,True
Newport Centre,FWP,2025-01-31,000153949725000213,0001539497-25-000213:n4801_x2-premarketingts.htm,0002053102,Wells Fargo Commercial Mortgage Trust 2025-C64  (C,False
Newport Centre,FWP,2024-10-18,000153949724002179,0001539497-24-002179:n4575-x6ts.htm,0002038432,BMO 2024-C10 Mortgage Trust  (CIK 0002038432),False
Newport Centre,FWP,2025-02-03,000153949725000289,0001539497-25-000289:n4801_x6-ts.htm,0002053102,Wells Fargo Commercial Mortgage Trust 2025-C64  (C,False
Newport Centre,FWP,2024-09-24,000153949724001996,0001539497-24-001996:n4513_x3-a1.htm,0002036193,BANK 2024-BNK48  (CIK 0002036193),False
Newport Centre,424H,2024-10-18,000153949724002177,0001539497-24-002177:n4575_x7-424h.htm,0001861132,BMO Commercial Mortgage Securities LLC  (CIK 00018,False
Newport Centre,424B2,2024-10-28,000153949724002260,0001539497-24-002260:n4575_x13-424b2.htm,0001861132,BMO Commercial Mortgage Securities LLC  (CIK 00018,False
Newport Centre,424B2,2024-11-04,000153949724002323,0001539497-24-002323:n4543_x13-424b2.htm,0001541480,Barclays Commercial Mortgage Securities LLC  (CIK ,False
Newport Centre,424H,2024-10-28,000153949724002274,0001539497-24-002274:n4543-x6_424h.htm,0001541480,Barclays Commercial Mortgage Securities LLC  (CIK ,False
Newport Centre,424B2,2025-02-11,000153949725000452,0001539497-25-000452:n4801_x23-424b2.htm,0000850779,WELLS FARGO COMMERCIAL MORTGAGE SECURITIES INC  (C,False
Newport Centre,424H,2025-02-03,000153949725000293,0001539497-25-000293:n4801_x7-424h.htm,0000850779,WELLS FARGO COMMERCIAL MORTGAGE SECURITIES INC  (C,False
Newport Centre,424B2,2024-10-01,000153949724002067,0001539497-24-002067:n4513_x14-424b2.htm,0001547361,Morgan Stanley Capital I Inc.  (CIK 0001547361),False
Newport Centre,424H,2024-09-24,000153949724002004,0001539497-24-002004:n4513-x5_424h.htm,0001547361,Morgan Stanley Capital I Inc.  (CIK 0001547361),False
Newport Centre,FWP,2025-12-05,000153949725003162,0001539497-25-003162:n5486_x3-premkts.htm,0002098047,BANK 2025-BNK51  (CIK 0002098047),False
Newport Centre,FWP,2024-04-15,000153949724000835,0001539497-24-000835:n4188_x1-premktts.htm,0002016125,BMO 2024-5C4 Mortgage Trust  (CIK 0002016125),False
Newport Centre,FWP,2025-12-08,000153949725003196,0001539497-25-003196:n5486_x6-ts.htm,0002098047,BANK 2025-BNK51  (CIK 0002098047),False
Newport Centre,FWP,2024-04-19,000153949724000872,0001539497-24-000872:n4188-x6_ts.htm,0002016125,BMO 2024-5C4 Mortgage Trust  (CIK 0002016125),False
Newport Centre,FWP,2020-02-26,000153949720000442,0001539497-20-000442:n2027-x3_ts.htm,0001803308,BANK 2020-BNK26  (CIK 0001803308),False
Newport Centre,424H,2025-12-08,000153949725003202,0001539497-25-003202:n5486_x7-424h.htm,0000850779,WELLS FARGO COMMERCIAL MORTGAGE SECURITIES INC  (C,False
Newport Centre,424B2,2025-12-15,000153949725003299,0001539497-25-003299:n5486_x23-424b2.htm,0000850779,WELLS FARGO COMMERCIAL MORTGAGE SECURITIES INC  (C,False
Newport Centre,424H,2024-04-19,000153949724000876,0001539497-24-000876:n4188-x7_424h.htm,0001861132,BMO Commercial Mortgage Securities LLC  (CIK 00018,False
Newport Centre,424B2,2024-04-26,000153949724000926,0001539497-24-000926:n4188-x13_424b2.htm,0001861132,BMO Commercial Mortgage Securities LLC  (CIK 00018,False
Newport Centre,424H,2020-02-26,000153949720000454,0001539497-20-000454:n2027_x4-424h.htm,0001547361,Morgan Stanley Capital I Inc.  (CIK 0001547361),False
Newport Centre,424B2,2020-03-12,000153949720000557,0001539497-20-000557:n2027_x15-424b2.htm,0001547361,Morgan Stanley Capital I Inc.  (CIK 0001547361),False
Newport Centre,424H,2024-04-15,000153949724000832,0001539497-24-000832:n4133-x8_424h.htm,0001013611,JP MORGAN CHASE COMMERCIAL MORTGAGE SECURITIES COR,False
Newport Centre,424B2,2024-04-23,000153949724000890,0001539497-24-000890:n4133-x20_424b2.htm,0001013611,JP MORGAN CHASE COMMERCIAL MORTGAGE SECURITIES COR,False
Oakdale Mall,10-K,2019-03-01,000156459019005833,0001564590-19-005833:srg-10k_20181231.htm,0001628063,"Seritage Growth Properties  (SRG, SRG-PA)  (CIK 00",False
Penn Square Mall,8-K,2019-07-31,000104746919004452,0001047469-19-004452:a2239288zex-99_1.htm,0001063761,"SIMON PROPERTY GROUP INC /DE/  (SPG, SPG-PJ)  (CIK",False
Penn Square Mall,8-K,2020-02-04,000110465920010115,0001104659-20-010115:a2240552zex-99_1.htm,0001063761,"SIMON PROPERTY GROUP INC /DE/  (SPG, SPG-PJ)  (CIK",False
Penn Square Mall,8-K,2019-10-30,000110465919057499,0001104659-19-057499:a2239895zex-99_1.htm,0001063761,"SIMON PROPERTY GROUP INC /DE/  (SPG, SPG-PJ)  (CIK",False
Penn Square Mall,8-K,2019-04-30,000104746919002724,0001047469-19-002724:a2238492zex-99_1.htm,0001063761,"SIMON PROPERTY GROUP INC /DE/  (SPG, SPG-PJ)  (CIK",False
Penn Square Mall,8-K,2019-02-01,000104746919000321,0001047469-19-000321:a2237580zex-99_1.htm,0001063761,"SIMON PROPERTY GROUP INC /DE/  (SPG, SPG-PJ)  (CIK",False
Penn Square Mall,8-K,2020-05-11,000110465920059554,0001104659-20-059554:a2241394zex-99_1.htm,0001063761,"SIMON PROPERTY GROUP INC /DE/  (SPG, SPG-PJ)  (CIK",False
Penn Square Mall,8-K,2020-11-09,000110465920123110,0001104659-20-123110:tm2033401d1_ex99-1.htm,0001063761,"SIMON PROPERTY GROUP INC /DE/  (SPG, SPG-PJ)  (CIK",True
Penn Square Mall,8-K,2020-08-10,000110465920092742,0001104659-20-092742:tm2025091d1_ex99-1.htm,0001063761,"SIMON PROPERTY GROUP INC /DE/  (SPG, SPG-PJ)  (CIK",True
Penn Square Mall,10-K,2026-02-25,000110465926019419,0001104659-26-019419:spg-20251231x10k.pdf,0001063761,"SIMON PROPERTY GROUP INC.  (SPG, SPG-PJ)  (CIK 000",False
Penn Square Mall,10-K,2019-02-22,000155837019000875,0001558370-19-000875:spg-20181231x10k.htm,0001063761,"SIMON PROPERTY GROUP INC /DE/  (SPG, SPG-PJ)  (CIK",False
Penn Square Mall,10-K,2019-02-22,000155837019000875,0001558370-19-000875:spg-20181231x10k.pdf,0001063761,"SIMON PROPERTY GROUP INC /DE/  (SPG, SPG-PJ)  (CIK",False
Penn Square Mall,10-K,2024-02-22,000155837024001532,0001558370-24-001532:spg-20231231x10k.pdf,0001063761,"SIMON PROPERTY GROUP INC /DE/  (SPG, SPG-PJ)  (CIK",False
Penn Square Mall,ARS,2026-04-01,000110465926038323,0001104659-26-038323:spg-20251231xars.pdf,0001063761,"SIMON PROPERTY GROUP INC.  (SPG, SPG-PJ)  (CIK 000",False
Penn Square Mall,10-K,2023-02-23,000155837023001840,0001558370-23-001840:spg-20221231x10k.pdf,0001063761,"SIMON PROPERTY GROUP INC /DE/  (SPG, SPG-PJ)  (CIK",False
Penn Square Mall,10-K,2026-02-25,000110465926019419,0001104659-26-019419:spg-20251231x10k.htm,0001063761,"SIMON PROPERTY GROUP INC.  (SPG, SPG-PJ)  (CIK 000",False
Penn Square Mall,10-K,2022-02-24,000155837022001845,0001558370-22-001845:spg-20211231x10k.pdf,0001063761,"SIMON PROPERTY GROUP INC /DE/  (SPG, SPG-PJ)  (CIK",False
Penn Square Mall,10-K,2025-02-21,000155837025001271,0001558370-25-001271:spg-20241231x10k.htm,0001063761,"SIMON PROPERTY GROUP INC /DE/  (SPG, SPG-PJ)  (CIK",False
Penn Square Mall,10-K,2024-02-22,000155837024001532,0001558370-24-001532:spg-20231231x10k.htm,0001063761,"SIMON PROPERTY GROUP INC /DE/  (SPG, SPG-PJ)  (CIK",False
Penn Square Mall,ARS,2024-03-27,000110465924039710,0001104659-24-039710:tm244821d2_ars.pdf,0001063761,"SIMON PROPERTY GROUP INC /DE/  (SPG, SPG-PJ)  (CIK",False
Penn Square Mall,ARS,2023-03-23,000110465923036090,0001104659-23-036090:tm236206d2_ars.pdf,0001063761,"SIMON PROPERTY GROUP INC /DE/  (SPG, SPG-PJ)  (CIK",False
Penn Square Mall,10-K,2021-02-25,000155837021001700,0001558370-21-001700:spg-20201231x10k.pdf,0001063761,"SIMON PROPERTY GROUP INC /DE/  (SPG, SPG-PJ)  (CIK",False
Polaris Fashion Place,8-K,2021-05-10,000159468621000013,0001594686-21-000013:a2021q1ex992supplemental.htm,0001594686,WASHINGTON PRIME GROUP INC.  (CIK 0001594686),False
Polaris Fashion Place,8-K,2021-08-09,000159468621000019,0001594686-21-000019:a2021q2ex992supplemental.htm,0001594686,WASHINGTON PRIME GROUP INC.  (CIK 0001594686),False
Polaris Fashion Place,8-K,2021-03-16,000159468621000007,0001594686-21-000007:a2020q4ex992supplemental.htm,0001594686,WASHINGTON PRIME GROUP INC.  (CIK 0001594686),False
Polaris Fashion Place,8-K,2020-05-08,000159468620000014,0001594686-20-000014:a2019q4exhibit992suppl.htm,0001594686,WASHINGTON PRIME GROUP INC.  (CIK 0001594686),False
Polaris Fashion Place,8-K,2020-08-11,000159468620000026,0001594686-20-000026:a2020q2exhibit992suppl.htm,0001594686,WASHINGTON PRIME GROUP INC.  (CIK 0001594686),False
Polaris Fashion Place,8-K,2020-11-05,000159468620000031,0001594686-20-000031:a2020q3ex992supplement.htm,0001594686,WASHINGTON PRIME GROUP INC.  (CIK 0001594686),False
Polaris Fashion Place,8-K,2020-02-27,000159468620000004,0001594686-20-000004:a2019q4exhibit992suppl.htm,0001594686,WASHINGTON PRIME GROUP INC.  (CIK 0001594686),False
Polaris Fashion Place,8-K,2019-04-25,000159468619000015,0001594686-19-000015:a2019q1exhibit992supplemen.htm,0001594686,WASHINGTON PRIME GROUP INC.  (CIK 0001594686),False
Polaris Fashion Place,8-K,2019-02-21,000159468619000003,0001594686-19-000003:a2018q4exhibit992supplemen.htm,0001594686,WASHINGTON PRIME GROUP INC.  (CIK 0001594686),False
Polaris Fashion Place,8-K,2019-10-24,000159468619000030,0001594686-19-000030:a2019q3exhibit992suppl.htm,0001594686,WASHINGTON PRIME GROUP INC.  (CIK 0001594686),False
Polaris Fashion Place,8-K,2019-07-25,000159468619000023,0001594686-19-000023:a2019q2exhibit992suppl.htm,0001594686,WASHINGTON PRIME GROUP INC.  (CIK 0001594686),False
Polaris Fashion Place,424H,2026-08-10,000153949726002141,0001539497-26-002141:n6069_x5-424h.htm,0001861132,BMO Commercial Mortgage Securities LLC  (CIK 00018,False
Polaris Fashion Place,424B2,2026-08-18,000153949726002295,0001539497-26-002295:n6069_x11-424b2.htm,0001861132,BMO Commercial Mortgage Securities LLC  (CIK 00018,False
Polaris Fashion Place,10-K,2019-02-21,000159468619000007,0001594686-19-000007:wpg201810-k.htm,0001594686,WASHINGTON PRIME GROUP INC.  (CIK 0001594686),False
Polaris Fashion Place,10-K,2020-02-27,000159468620000008,0001594686-20-000008:wpg201910-k.htm,0001594686,WASHINGTON PRIME GROUP INC.  (CIK 0001594686),False
Polaris Fashion Place,10-K,2021-03-16,000159468621000006,0001594686-21-000006:wpg-20201231.htm,0001594686,WASHINGTON PRIME GROUP INC.  (CIK 0001594686),False
Polaris Fashion Place,10-Q,2021-05-10,000159468621000014,0001594686-21-000014:wpg-20210331.htm,0001594686,WASHINGTON PRIME GROUP INC.  (CIK 0001594686),True
Polaris Fashion Place,10-Q,2021-08-09,000159468621000020,0001594686-21-000020:wpg-20210630.htm,0001594686,WASHINGTON PRIME GROUP INC.  (CIK 0001594686),True
Prudential Center,FWP,2023-08-07,000153949723001370,0001539497-23-001370:n3719-x6_ts.htm,0001987419,BMO 2023-C6 Mortgage Trust  (CIK 0001987419),False
Prudential Center,FWP,2023-06-20,000153949723001106,0001539497-23-001106:n3646_x2-premktts.htm,0001979859,Benchmark 2023-B39 Mortgage Trust  (CIK 0001979859,False
Prudential Center,FWP,2023-06-20,000153949723001118,0001539497-23-001118:n3646-x6_ts.htm,0001979859,Benchmark 2023-B39 Mortgage Trust  (CIK 0001979859,False
Prudential Center,424B2,2023-08-30,000153949723001517,0001539497-23-001517:n3719_x14-424b2.htm,0001861132,BMO Commercial Mortgage Securities LLC  (CIK 00018,False
Prudential Center,424H,2023-08-07,000153949723001378,0001539497-23-001378:n3719_x7-424h.htm,0001861132,BMO Commercial Mortgage Securities LLC  (CIK 00018,False
Prudential Center,424H,2023-07-24,000153949723001299,0001539497-23-001299:n3688-x7_424h.htm,0001861132,BMO Commercial Mortgage Securities LLC  (CIK 00018,False
Prudential Center,424B2,2023-08-16,000153949723001475,0001539497-23-001475:n3688_x15-424b2.htm,0001861132,BMO Commercial Mortgage Securities LLC  (CIK 00018,False
Prudential Center,424B2,2023-08-03,000153949723001342,0001539497-23-001342:n3684-x19_424b2.htm,0001004158,GS MORTGAGE SECURITIES CORP II  (CIK 0001004158),False
Prudential Center,424H,2023-07-13,000153949723001236,0001539497-23-001236:n3684-x3_424h.htm,0001004158,GS MORTGAGE SECURITIES CORP II  (CIK 0001004158),False
Prudential Center,424H,2023-06-20,000153949723001133,0001539497-23-001133:n3646-x7_424h.htm,0001258361,CITIGROUP COMMERCIAL MORTGAGE SECURITIES INC  (CIK,False
Prudential Center,424B2,2023-07-18,000153949723001246,0001539497-23-001246:n3646_x13-424b2.htm,0001258361,CITIGROUP COMMERCIAL MORTGAGE SECURITIES INC  (CIK,False
Prudential Center,424H,2023-06-20,000153949723001134,0001539497-23-001134:n3498_x4-424h.htm,0001547361,Morgan Stanley Capital I Inc.  (CIK 0001547361),False
Prudential Center,424B2,2023-07-11,000153949723001217,0001539497-23-001217:n3498_x11-424b2.htm,0001547361,Morgan Stanley Capital I Inc.  (CIK 0001547361),False
Prudential Center,424H,2025-08-11,000153949725002080,0001539497-25-002080:n5230_x5-424h.htm,0001004158,GS MORTGAGE SECURITIES CORP II  (CIK 0001004158),False
Prudential Center,424B2,2025-08-19,000153949725002182,0001539497-25-002182:n5230_x23-424b2.htm,0001004158,GS MORTGAGE SECURITIES CORP II  (CIK 0001004158),False
Ridgedale Center,FWP,2025-09-19,000153949725002406,0001539497-25-002406:n5297_x3-premkta1.htm,0002084969,BANK5 2025-5YR17  (CIK 0002084969),False
Ridgedale Center,FWP,2025-06-23,000153949725001687,0001539497-25-001687:n5132_x3-annexa1.htm,0002071746,BANK5 2025-5YR15  (CIK 0002071746),True
Ridgedale Center,FWP,2025-09-23,000153949725002466,0001539497-25-002466:n5297_x5-annexa1.htm,0002084969,BANK5 2025-5YR17  (CIK 0002084969),False
Ridgedale Center,FWP,2025-08-05,000153949725002016,0001539497-25-002016:n5210_x4-annexa1.htm,0002078775,BANK5 2025-5YR16  (CIK 0002078775),True
Ridgedale Center,424H,2025-09-23,000153949725002470,0001539497-25-002470:n5297_x4-424h.htm,0001013611,JP MORGAN CHASE COMMERCIAL MORTGAGE SECURITIES COR,False
Ridgedale Center,424B2,2025-09-30,000153949725002563,0001539497-25-002563:n5297_x15-424b2.htm,0001013611,JP MORGAN CHASE COMMERCIAL MORTGAGE SECURITIES COR,False
Ridgedale Center,424B2,2025-07-01,000153949725001744,0001539497-25-001744:n5132_x17-424b2.htm,0001547361,Morgan Stanley Capital I Inc.  (CIK 0001547361),False
Ridgedale Center,424B2,2025-08-13,000153949725002118,0001539497-25-002118:n5210_x12-424b2.htm,0001005007,Banc of America Merrill Lynch Commercial Mortgage ,False
Ridgedale Center,424H,2025-06-23,000153949725001691,0001539497-25-001691:n5132_x5-424h.htm,0001547361,Morgan Stanley Capital I Inc.  (CIK 0001547361),False
Ridgedale Center,424H,2025-08-05,000153949725002024,0001539497-25-002024:n5210_x6-424h.htm,0001005007,Banc of America Merrill Lynch Commercial Mortgage ,False
Ridgedale Center,10-K,2019-03-01,000149604819000003,0001496048-19-000003:bpr12311810k.htm,0001496048,Brookfield Property REIT Inc.  (CIK 0001496048),False
Ridgedale Center,10-K,2020-02-28,000149604820000004,0001496048-20-000004:bpr12311910k.htm,0001496048,Brookfield Property REIT Inc.  (CIK 0001496048),False
Ridgedale Center,10-K,2021-02-26,000149604821000006,0001496048-21-000006:ggp-20201231.htm,0001496048,Brookfield Property REIT Inc.  (CIK 0001496048),False
Rolling Oaks Mall,8-K,2021-05-10,000159468621000013,0001594686-21-000013:a2021q1ex992supplemental.htm,0001594686,WASHINGTON PRIME GROUP INC.  (CIK 0001594686),False
Rolling Oaks Mall,8-K,2021-03-16,000159468621000007,0001594686-21-000007:a2020q4ex992supplemental.htm,0001594686,WASHINGTON PRIME GROUP INC.  (CIK 0001594686),False
Rolling Oaks Mall,8-K,2021-08-09,000159468621000019,0001594686-21-000019:a2021q2ex992supplemental.htm,0001594686,WASHINGTON PRIME GROUP INC.  (CIK 0001594686),False
Rolling Oaks Mall,8-K,2020-05-08,000159468620000014,0001594686-20-000014:a2019q4exhibit992suppl.htm,0001594686,WASHINGTON PRIME GROUP INC.  (CIK 0001594686),False
Rolling Oaks Mall,8-K,2019-04-25,000159468619000015,0001594686-19-000015:a2019q1exhibit992supplemen.htm,0001594686,WASHINGTON PRIME GROUP INC.  (CIK 0001594686),False
Rolling Oaks Mall,8-K,2019-10-24,000159468619000030,0001594686-19-000030:a2019q3exhibit992suppl.htm,0001594686,WASHINGTON PRIME GROUP INC.  (CIK 0001594686),False
Rolling Oaks Mall,8-K,2019-02-21,000159468619000003,0001594686-19-000003:a2018q4exhibit992supplemen.htm,0001594686,WASHINGTON PRIME GROUP INC.  (CIK 0001594686),False
Rolling Oaks Mall,8-K,2020-02-27,000159468620000004,0001594686-20-000004:a2019q4exhibit992suppl.htm,0001594686,WASHINGTON PRIME GROUP INC.  (CIK 0001594686),False
Rolling Oaks Mall,8-K,2020-11-05,000159468620000031,0001594686-20-000031:a2020q3ex992supplement.htm,0001594686,WASHINGTON PRIME GROUP INC.  (CIK 0001594686),False
Rolling Oaks Mall,8-K,2020-08-11,000159468620000026,0001594686-20-000026:a2020q2exhibit992suppl.htm,0001594686,WASHINGTON PRIME GROUP INC.  (CIK 0001594686),False
Rolling Oaks Mall,8-K,2019-07-25,000159468619000023,0001594686-19-000023:a2019q2exhibit992suppl.htm,0001594686,WASHINGTON PRIME GROUP INC.  (CIK 0001594686),False
Rolling Oaks Mall,10-K,2020-02-27,000159468620000008,0001594686-20-000008:wpg201910-k.htm,0001594686,WASHINGTON PRIME GROUP INC.  (CIK 0001594686),False
Rolling Oaks Mall,10-K,2019-02-21,000159468619000007,0001594686-19-000007:wpg201810-k.htm,0001594686,WASHINGTON PRIME GROUP INC.  (CIK 0001594686),False
Rolling Oaks Mall,10-K,2021-03-16,000159468621000006,0001594686-21-000006:wpg-20201231.htm,0001594686,WASHINGTON PRIME GROUP INC.  (CIK 0001594686),False
Rolling Oaks Mall,10-Q,2021-05-10,000159468621000014,0001594686-21-000014:wpg-20210331.htm,0001594686,WASHINGTON PRIME GROUP INC.  (CIK 0001594686),True
Rolling Oaks Mall,10-Q,2021-08-09,000159468621000020,0001594686-21-000020:wpg-20210630.htm,0001594686,WASHINGTON PRIME GROUP INC.  (CIK 0001594686),True
Ross Park Mall,8-K,2019-07-31,000104746919004452,0001047469-19-004452:a2239288zex-99_1.htm,0001063761,"SIMON PROPERTY GROUP INC /DE/  (SPG, SPG-PJ)  (CIK",False
Ross Park Mall,8-K,2020-02-04,000110465920010115,0001104659-20-010115:a2240552zex-99_1.htm,0001063761,"SIMON PROPERTY GROUP INC /DE/  (SPG, SPG-PJ)  (CIK",False
Ross Park Mall,8-K,2019-10-30,000110465919057499,0001104659-19-057499:a2239895zex-99_1.htm,0001063761,"SIMON PROPERTY GROUP INC /DE/  (SPG, SPG-PJ)  (CIK",False
Ross Park Mall,8-K,2019-04-30,000104746919002724,0001047469-19-002724:a2238492zex-99_1.htm,0001063761,"SIMON PROPERTY GROUP INC /DE/  (SPG, SPG-PJ)  (CIK",False
Ross Park Mall,8-K,2019-02-01,000104746919000321,0001047469-19-000321:a2237580zex-99_1.htm,0001063761,"SIMON PROPERTY GROUP INC /DE/  (SPG, SPG-PJ)  (CIK",False
Ross Park Mall,8-K,2020-05-11,000110465920059554,0001104659-20-059554:a2241394zex-99_1.htm,0001063761,"SIMON PROPERTY GROUP INC /DE/  (SPG, SPG-PJ)  (CIK",False
Ross Park Mall,8-K,2020-11-09,000110465920123110,0001104659-20-123110:tm2033401d1_ex99-1.htm,0001063761,"SIMON PROPERTY GROUP INC /DE/  (SPG, SPG-PJ)  (CIK",True
Ross Park Mall,8-K,2020-08-10,000110465920092742,0001104659-20-092742:tm2025091d1_ex99-1.htm,0001063761,"SIMON PROPERTY GROUP INC /DE/  (SPG, SPG-PJ)  (CIK",True
Ross Park Mall,10-K,2026-02-25,000110465926019419,0001104659-26-019419:spg-20251231x10k.pdf,0001063761,"SIMON PROPERTY GROUP INC.  (SPG, SPG-PJ)  (CIK 000",False
Ross Park Mall,10-K,2019-02-22,000155837019000875,0001558370-19-000875:spg-20181231x10k.htm,0001063761,"SIMON PROPERTY GROUP INC /DE/  (SPG, SPG-PJ)  (CIK",False
Ross Park Mall,10-K,2019-02-22,000155837019000875,0001558370-19-000875:spg-20181231x10k.pdf,0001063761,"SIMON PROPERTY GROUP INC /DE/  (SPG, SPG-PJ)  (CIK",False
Ross Park Mall,ARS,2026-04-01,000110465926038323,0001104659-26-038323:spg-20251231xars.pdf,0001063761,"SIMON PROPERTY GROUP INC.  (SPG, SPG-PJ)  (CIK 000",False
Ross Park Mall,10-K,2024-02-22,000155837024001532,0001558370-24-001532:spg-20231231x10k.pdf,0001063761,"SIMON PROPERTY GROUP INC /DE/  (SPG, SPG-PJ)  (CIK",False
Ross Park Mall,10-K,2026-02-25,000110465926019419,0001104659-26-019419:spg-20251231x10k.htm,0001063761,"SIMON PROPERTY GROUP INC.  (SPG, SPG-PJ)  (CIK 000",False
Ross Park Mall,10-K,2023-02-23,000155837023001840,0001558370-23-001840:spg-20221231x10k.pdf,0001063761,"SIMON PROPERTY GROUP INC /DE/  (SPG, SPG-PJ)  (CIK",False
Ross Park Mall,10-K,2022-02-24,000155837022001845,0001558370-22-001845:spg-20211231x10k.pdf,0001063761,"SIMON PROPERTY GROUP INC /DE/  (SPG, SPG-PJ)  (CIK",False
Ross Park Mall,10-K,2025-02-21,000155837025001271,0001558370-25-001271:spg-20241231x10k.htm,0001063761,"SIMON PROPERTY GROUP INC /DE/  (SPG, SPG-PJ)  (CIK",False
Ross Park Mall,10-K,2024-02-22,000155837024001532,0001558370-24-001532:spg-20231231x10k.htm,0001063761,"SIMON PROPERTY GROUP INC /DE/  (SPG, SPG-PJ)  (CIK",False
Ross Park Mall,ARS,2024-03-27,000110465924039710,0001104659-24-039710:tm244821d2_ars.pdf,0001063761,"SIMON PROPERTY GROUP INC /DE/  (SPG, SPG-PJ)  (CIK",False
Ross Park Mall,ARS,2023-03-23,000110465923036090,0001104659-23-036090:tm236206d2_ars.pdf,0001063761,"SIMON PROPERTY GROUP INC /DE/  (SPG, SPG-PJ)  (CIK",False
Ross Park Mall,10-K,2021-02-25,000155837021001700,0001558370-21-001700:spg-20201231x10k.pdf,0001063761,"SIMON PROPERTY GROUP INC /DE/  (SPG, SPG-PJ)  (CIK",False
Southpoint Durham,10-K,2019-03-01,000149604819000003,0001496048-19-000003:bpr12311810k.htm,0001496048,Brookfield Property REIT Inc.  (CIK 0001496048),False
Southpoint Durham,10-K,2020-02-28,000149604820000004,0001496048-20-000004:bpr12311910k.htm,0001496048,Brookfield Property REIT Inc.  (CIK 0001496048),False
Southpoint Durham,10-K,2021-02-26,000149604821000006,0001496048-21-000006:ggp-20201231.htm,0001496048,Brookfield Property REIT Inc.  (CIK 0001496048),False
Viewmont Mall,8-K,2021-03-12,000156459021012814,0001564590-21-012814:pei-ex991_90.htm,0000077281,PENNSYLVANIA REAL ESTATE INVESTMENT TRUST  (CIK 00,False
Viewmont Mall,8-K,2020-11-06,000156459020051890,0001564590-20-051890:pei-ex991_51.htm,0000077281,PENNSYLVANIA REAL ESTATE INVESTMENT TRUST  (CIK 00,False
Viewmont Mall,8-K,2023-05-04,000095017023017943,0000950170-23-017943:pret-ex99_1.htm,0000077281,PENNSYLVANIA REAL ESTATE INVESTMENT TRUST  (CIK 00,False
Viewmont Mall,8-K,2022-11-09,000095017022023959,0000950170-22-023959:pei-ex99_1.htm,0000077281,PENNSYLVANIA REAL ESTATE INVESTMENT TRUST  (CIK 00,False
Viewmont Mall,8-K,2019-07-31,000156459019027195,0001564590-19-027195:pei-ex991_6.htm,0000077281,PENNSYLVANIA REAL ESTATE INVESTMENT TRUST  (CIK 00,False
Viewmont Mall,8-K/A,2019-08-01,000156459019027618,0001564590-19-027618:pei-ex991_6.htm,0000077281,PENNSYLVANIA REAL ESTATE INVESTMENT TRUST  (CIK 00,False
Viewmont Mall,8-K,2019-05-03,000007728119000030,0000077281-19-000030:a2019q1exhibit991supplemen.htm,0000077281,PENNSYLVANIA REAL ESTATE INVESTMENT TRUST  (CIK 00,False
Viewmont Mall,8-K,2020-05-21,000156459020026530,0001564590-20-026530:pei-ex991_132.htm,0000077281,PENNSYLVANIA REAL ESTATE INVESTMENT TRUST  (CIK 00,False
Viewmont Mall,8-K,2021-05-06,000156459021024691,0001564590-21-024691:pei-ex991_80.htm,0000077281,PENNSYLVANIA REAL ESTATE INVESTMENT TRUST  (CIK 00,False
Viewmont Mall,8-K,2023-08-03,000095017023038140,0000950170-23-038140:pret-ex99_1.htm,0000077281,PENNSYLVANIA REAL ESTATE INVESTMENT TRUST  (CIK 00,False
Viewmont Mall,8-K,2023-11-14,000095017023063357,0000950170-23-063357:pret-ex99_1.htm,0000077281,PENNSYLVANIA REAL ESTATE INVESTMENT TRUST  (CIK 00,False
Viewmont Mall,8-K,2021-08-05,000156459021041524,0001564590-21-041524:pei-ex991_81.htm,0000077281,PENNSYLVANIA REAL ESTATE INVESTMENT TRUST  (CIK 00,False
Viewmont Mall,8-K,2023-03-22,000095017023009232,0000950170-23-009232:pret-ex99_1.htm,0000077281,PENNSYLVANIA REAL ESTATE INVESTMENT TRUST  (CIK 00,False
Viewmont Mall,8-K/A,2021-08-06,000156459021041956,0001564590-21-041956:pei-ex991_7.htm,0000077281,PENNSYLVANIA REAL ESTATE INVESTMENT TRUST  (CIK 00,False
Viewmont Mall,8-K,2020-08-11,000156459020039177,0001564590-20-039177:pei-ex991_56.htm,0000077281,PENNSYLVANIA REAL ESTATE INVESTMENT TRUST  (CIK 00,False
Viewmont Mall,8-K,2019-10-31,000156459019038898,0001564590-19-038898:pei-ex991_74.htm,0000077281,PENNSYLVANIA REAL ESTATE INVESTMENT TRUST  (CIK 00,False
Viewmont Mall,8-K,2019-02-15,000007728119000009,0000077281-19-000009:a2018q4exhibit991supplemen.htm,0000077281,PENNSYLVANIA REAL ESTATE INVESTMENT TRUST  (CIK 00,False
Viewmont Mall,8-K,2020-02-27,000156459020007096,0001564590-20-007096:pei-ex991_16.htm,0000077281,PENNSYLVANIA REAL ESTATE INVESTMENT TRUST  (CIK 00,False
Viewmont Mall,8-K,2022-08-09,000095017022016103,0000950170-22-016103:pei-ex99_1.htm,0000077281,PENNSYLVANIA REAL ESTATE INVESTMENT TRUST  (CIK 00,False
Viewmont Mall,8-K,2022-05-05,000095017022007928,0000950170-22-007928:pei-ex99_1.htm,0000077281,PENNSYLVANIA REAL ESTATE INVESTMENT TRUST  (CIK 00,False
Viewmont Mall,8-K,2022-03-15,000095017022003788,0000950170-22-003788:pei-ex99_1.htm,0000077281,PENNSYLVANIA REAL ESTATE INVESTMENT TRUST  (CIK 00,False
Viewmont Mall,8-K,2021-11-04,000095017021003126,0000950170-21-003126:pei-ex99_1.htm,0000077281,PENNSYLVANIA REAL ESTATE INVESTMENT TRUST  (CIK 00,False
Viewmont Mall,10-K,2019-02-25,000007728119000017,0000077281-19-000017:a2018q410-k.htm,0000077281,PENNSYLVANIA REAL ESTATE INVESTMENT TRUST  (CIK 00,False
Viewmont Mall,10-K,2020-03-16,000156459020010906,0001564590-20-010906:pei-10k_20191231.htm,0000077281,PENNSYLVANIA REAL ESTATE INVESTMENT TRUST  (CIK 00,False
Viewmont Mall,10-K,2022-03-15,000095017022003786,0000950170-22-003786:pei-20211231.htm,0000077281,PENNSYLVANIA REAL ESTATE INVESTMENT TRUST  (CIK 00,False
Viewmont Mall,10-Q,2019-05-07,000007728119000034,0000077281-19-000034:a2019q110q03-31x19.htm,0000077281,PENNSYLVANIA REAL ESTATE INVESTMENT TRUST  (CIK 00,False
Viewmont Mall,10-K,2021-03-16,000156459021013558,0001564590-21-013558:pei-10k_20201231.htm,0000077281,PENNSYLVANIA REAL ESTATE INVESTMENT TRUST  (CIK 00,False
Viewmont Mall,10-Q,2019-08-02,000156459019028323,0001564590-19-028323:pei-10q_20190630.htm,0000077281,PENNSYLVANIA REAL ESTATE INVESTMENT TRUST  (CIK 00,False
Viewmont Mall,10-K,2023-03-27,000095017023010004,0000950170-23-010004:pret-20221231.htm,0000077281,PENNSYLVANIA REAL ESTATE INVESTMENT TRUST  (CIK 00,False
Viewmont Mall,ARS,2023-04-18,000119312523104345,0001193125-23-104345:d501101dars.pdf,0000077281,PENNSYLVANIA REAL ESTATE INVESTMENT TRUST  (CIK 00,False
Viewmont Mall,10-Q,2019-11-04,000156459019039818,0001564590-19-039818:pei-10q_20190930.htm,0000077281,PENNSYLVANIA REAL ESTATE INVESTMENT TRUST  (CIK 00,False
Washington Square,8-K,2021-11-03,000095017021002859,0000950170-21-002859:srg-ex99_2.htm,0001628063,"Seritage Growth Properties  (SRG, SRG-PA)  (CIK 00",True
Washington Square,8-K,2023-05-10,000095017023020066,0000950170-23-020066:srg-ex99_2.htm,0001628063,"Seritage Growth Properties  (SRG, SRG-PA)  (CIK 00",True
Washington Square,8-K,2022-11-09,000095017022023550,0000950170-22-023550:srg-ex99_2.htm,0001628063,"Seritage Growth Properties  (SRG, SRG-PA)  (CIK 00",True
Washington Square,8-K,2022-08-09,000095017022016160,0000950170-22-016160:srg-ex99_2.htm,0001628063,"Seritage Growth Properties  (SRG, SRG-PA)  (CIK 00",True
Washington Square,8-K,2022-05-10,000095017022009029,0000950170-22-009029:srg-ex99_2.htm,0001628063,"Seritage Growth Properties  (SRG, SRG-PA)  (CIK 00",True
Washington Square,8-K,2021-04-30,000156459021022244,0001564590-21-022244:srg-ex992_12.htm,0001628063,"Seritage Growth Properties  (SRG, SRG-PA)  (CIK 00",True
Washington Square,8-K,2021-08-09,000156459021042681,0001564590-21-042681:srg-ex992_6.htm,0001628063,"Seritage Growth Properties  (SRG, SRG-PA)  (CIK 00",True
Washington Square,8-K,2023-03-14,000095017023007884,0000950170-23-007884:srg-ex99_2.htm,0001628063,"Seritage Growth Properties  (SRG, SRG-PA)  (CIK 00",True
Washington Square,8-K,2023-08-14,000095017023042513,0000950170-23-042513:srg-ex99_2.htm,0001628063,"Seritage Growth Properties  (SRG, SRG-PA)  (CIK 00",True
Washington Square,8-K,2021-03-11,000156459021012168,0001564590-21-012168:srg-ex992_6.htm,0001628063,"Seritage Growth Properties  (SRG, SRG-PA)  (CIK 00",True
Washington Square,8-K,2023-11-08,000095017023061196,0000950170-23-061196:srg-ex99_2.htm,0001628063,"Seritage Growth Properties  (SRG, SRG-PA)  (CIK 00",True
Washington Square,FWP,2025-05-13,000153949725001327,0001539497-25-001327:n5051-x1preanxa.htm,0002061839,BMO 2025-C12 Mortgage Trust  (CIK 0002061839),False
Washington Square,8-K,2020-02-28,000156459020007605,0001564590-20-007605:srg-ex992_6.htm,0001628063,"Seritage Growth Properties  (SRG, SRG-PA)  (CIK 00",True
Washington Square,FWP,2025-05-15,000153949725001397,0001539497-25-001397:n5051_x7-annexa.htm,0002061839,BMO 2025-C12 Mortgage Trust  (CIK 0002061839),False
Washington Square,FWP,2025-09-19,000153949725002416,0001539497-25-002416:n5303_x1-premrktanxa.htm,0002061838,BMO 2025-C13 Mortgage Trust  (CIK 0002061838),True
Washington Square,8-K,2019-11-01,000156459019039223,0001564590-19-039223:srg-ex992_6.htm,0001628063,"Seritage Growth Properties  (SRG, SRG-PA)  (CIK 00",True
Washington Square,8-K,2019-08-01,000156459019028026,0001564590-19-028026:srg-ex992_7.htm,0001628063,"Seritage Growth Properties  (SRG, SRG-PA)  (CIK 00",True
Washington Square,FWP,2025-09-22,000153949725002440,0001539497-25-002440:n5303_x5-annexa.htm,0002061838,BMO 2025-C13 Mortgage Trust  (CIK 0002061838),False
Washington Square,8-K,2019-05-03,000156459019015413,0001564590-19-015413:srg-ex992_6.htm,0001628063,"Seritage Growth Properties  (SRG, SRG-PA)  (CIK 00",True
Washington Square,8-K,2019-02-28,000156459019005521,0001564590-19-005521:srg-ex992_7.htm,0001628063,"Seritage Growth Properties  (SRG, SRG-PA)  (CIK 00",True
Washington Square,FWP,2025-05-13,000153949725001322,0001539497-25-001322:n5051_x2-premktts.htm,0002061839,BMO 2025-C12 Mortgage Trust  (CIK 0002061839),False
Washington Square,8-K,2019-02-11,000158106819000004,0001581068-19-000004:brx8k02112019ex992.htm,0001581068,Brixmor Property Group Inc.  (BRX)  (CIK 000158106,True
Washington Square,8-K,2019-04-29,000158106819000013,0001581068-19-000013:brx8k04292019ex992.htm,0001581068,Brixmor Property Group Inc.  (BRX)  (CIK 000158106,True
Washington Square,FWP,2025-05-21,000153949725001475,0001539497-25-001475:n4935_x5-premkta1.htm,0002062966,BANK 2025-BNK50  (CIK 0002062966),True
Washington Square,8-K,2019-10-28,000158106819000040,0001581068-19-000040:brx8k10282019ex992.htm,0001581068,Brixmor Property Group Inc.  (BRX)  (CIK 000158106,True
Washington Square,8-K,2020-02-10,000158106820000007,0001581068-20-000007:brx8k02102020ex992.htm,0001581068,Brixmor Property Group Inc.  (BRX)  (CIK 000158106,True
Washington Square,8-K,2019-07-29,000158106819000026,0001581068-19-000026:brx8k07292019ex992.htm,0001581068,Brixmor Property Group Inc.  (BRX)  (CIK 000158106,True
Washington Square,FWP,2025-09-25,000153949725002500,0001539497-25-002500:n5316_x3-premrkta1.htm,0002086308,Wells Fargo Commercial Mortgage Trust 2025-C65  (C,False
Washington Square,FWP,2025-05-15,000153949725001396,0001539497-25-001396:n5051_x8-ts.htm,0002061839,BMO 2025-C12 Mortgage Trust  (CIK 0002061839),False
Washington Square,FWP,2025-07-14,000153949725001836,0001539497-25-001836:n5037_x4-annexa1.htm,0002067195,Morgan Stanley Bank of America Merrill Lynch Trust,True
Washington Square,FWP,2025-05-22,000153949725001499,0001539497-25-001499:n4935_x7-a1.htm,0002062966,BANK 2025-BNK50  (CIK 0002062966),True
Washington Square,FWP,2025-09-30,000153949725002553,0001539497-25-002553:n5316_x6-annexa1.htm,0002086308,Wells Fargo Commercial Mortgage Trust 2025-C65  (C,False
Washington Square,FWP,2025-07-07,000153949725001772,0001539497-25-001772:n5154_x4-a1.htm,0002074653,BBCMS Mortgage Trust 2025-C35  (CIK 0002074653),False
Washington Square,FWP,2025-08-11,000153949725002074,0001539497-25-002074:n5230_x3-annexa1.htm,0002080258,Benchmark 2025-B41 Mortgage Trust  (CIK 0002080258,False
Washington Square,FWP,2026-01-21,000153949726000101,0001539497-26-000101:n5574_x4-annexa.htm,0002061932,BMO 2026-C14 Mortgage Trust  (CIK 0002061932),False
Washington Square,FWP,2025-09-19,000153949725002413,0001539497-25-002413:n5303_x2-premrktts.htm,0002061838,BMO 2025-C13 Mortgage Trust  (CIK 0002061838),False
Washington Square,FWP,2026-01-20,000153949726000080,0001539497-26-000080:n5574_x2-premrktannexa.htm,0002061932,BMO 2026-C14 Mortgage Trust  (CIK 0002061932),True
Washington Square,8-K,2020-05-08,000156459020023026,0001564590-20-023026:srg-ex992_6.htm,0001628063,"Seritage Growth Properties  (SRG, SRG-PA)  (CIK 00",True
Washington Square,8-K,2020-11-05,000156459020051459,0001564590-20-051459:srg-ex992_7.htm,0001628063,"Seritage Growth Properties  (SRG, SRG-PA)  (CIK 00",True
Washington Square,8-K,2020-08-06,000156459020037902,0001564590-20-037902:srg-ex992_6.htm,0001628063,"Seritage Growth Properties  (SRG, SRG-PA)  (CIK 00",True
Washington Square,FWP,2025-09-22,000153949725002439,0001539497-25-002439:n5303_x6-ts.htm,0002061838,BMO 2025-C13 Mortgage Trust  (CIK 0002061838),False
Washington Square,424H,2025-05-15,000153949725001400,0001539497-25-001400:n5051_x9-424h.htm,0001861132,BMO Commercial Mortgage Securities LLC  (CIK 00018,False
Washington Square,424B2,2025-05-23,000153949725001526,0001539497-25-001526:n5051-x15_424b2.htm,0001861132,BMO Commercial Mortgage Securities LLC  (CIK 00018,False
Washington Square,424H,2025-09-22,000153949725002442,0001539497-25-002442:n5303_x7-424h.htm,0001861132,BMO Commercial Mortgage Securities LLC  (CIK 00018,False
Washington Square,424B2,2025-09-30,000153949725002551,0001539497-25-002551:n5303_x13-424b2.htm,0001861132,BMO Commercial Mortgage Securities LLC  (CIK 00018,False
Washington Square,8-K,2019-02-12,000089968919000014,0000899689-19-000014:vno-123118x8kxexhibit992xf.htm,0000899689,"VORNADO REALTY TRUST  (VNO, VNORP, VNO-PL, VNO-PM,",True
Washington Square,424H,2025-08-11,000153949725002080,0001539497-25-002080:n5230_x5-424h.htm,0001004158,GS MORTGAGE SECURITIES CORP II  (CIK 0001004158),False
Washington Square,424B2,2025-08-19,000153949725002182,0001539497-25-002182:n5230_x23-424b2.htm,0001004158,GS MORTGAGE SECURITIES CORP II  (CIK 0001004158),False
Washington Square,424B2,2025-10-07,000153949725002646,0001539497-25-002646:n5316_x22-424b2.htm,0000850779,WELLS FARGO COMMERCIAL MORTGAGE SECURITIES INC  (C,False
Washington Square,424H,2025-09-30,000153949725002565,0001539497-25-002565:n5316_x8-424h.htm,0000850779,WELLS FARGO COMMERCIAL MORTGAGE SECURITIES INC  (C,False
Washington Square,424B2,2025-06-02,000153949725001563,0001539497-25-001563:n4935_x15-424b2.htm,0001013611,JP MORGAN CHASE COMMERCIAL MORTGAGE SECURITIES COR,False
Washington Square,424H,2025-05-22,000153949725001509,0001539497-25-001509:n4935_x8-424h.htm,0001013611,JP MORGAN CHASE COMMERCIAL MORTGAGE SECURITIES COR,False
Washington Square,424H,2025-07-07,000153949725001776,0001539497-25-001776:n5154_x5-424h.htm,0001541480,Barclays Commercial Mortgage Securities LLC  (CIK ,False
Washington Square,424B2,2025-07-14,000153949725001840,0001539497-25-001840:n5154_x11-424b2.htm,0001541480,Barclays Commercial Mortgage Securities LLC  (CIK ,False
Washington Square,424B2,2025-07-22,000153949725001949,0001539497-25-001949:n5037_x12-424b2.htm,0001005007,Banc of America Merrill Lynch Commercial Mortgage ,False
Washington Square,424H,2025-07-14,000153949725001846,0001539497-25-001846:n5037_x6-424h.htm,0001005007,Banc of America Merrill Lynch Commercial Mortgage ,False
Washington Square,424B2,2026-01-29,000153949726000210,0001539497-26-000210:n5574_x13-424b2.htm,0001861132,BMO Commercial Mortgage Securities LLC  (CIK 00018,False
Washington Square,424H,2026-01-21,000153949726000105,0001539497-26-000105:n5574_x6-424h.htm,0001861132,BMO Commercial Mortgage Securities LLC  (CIK 00018,False
Washington Square,FWP,2025-12-05,000153949725003162,0001539497-25-003162:n5486_x3-premkts.htm,0002098047,BANK 2025-BNK51  (CIK 0002098047),False
Washington Square,FWP,2024-08-07,000153949724001591,0001539497-24-001591:n4381-x2premktts.htm,0002029929,Wells Fargo Commercial Mortgage Trust 2024-C63  (C,False
Washington Square,8-K,2025-08-05,000090725425000098,0000907254-25-000098:exhibit101.htm,0000907254,"SAUL CENTERS, INC.  (BFS, BFS-PD, BFS-PE)  (CIK 00",True
Washington Square,FWP,2025-12-08,000153949725003196,0001539497-25-003196:n5486_x6-ts.htm,0002098047,BANK 2025-BNK51  (CIK 0002098047),False
Washington Square,FWP,2024-08-12,000153949724001641,0001539497-24-001641:n4381_x8-ts.htm,0002029929,Wells Fargo Commercial Mortgage Trust 2024-C63  (C,False
Washington Square,FWP,2025-02-06,000153949725000367,0001539497-25-000367:n4815-x2_premktts.htm,0002051421,BMO 2025-C11 Mortgage Trust  (CIK 0002051421),False
Washington Square,FWP,2023-02-06,000153949723000155,0001539497-23-000155:n3431-x2_ts.htm,0001961629,FIVE 2023-V1 Mortgage Trust  (CIK 0001961629),False
Washington Square,FWP,2025-02-10,000153949725000432,0001539497-25-000432:n4815_x7-ts.htm,0002051421,BMO 2025-C11 Mortgage Trust  (CIK 0002051421),False
Washington Square,424H,2025-12-08,000153949725003202,0001539497-25-003202:n5486_x7-424h.htm,0000850779,WELLS FARGO COMMERCIAL MORTGAGE SECURITIES INC  (C,False
Washington Square,424B2,2025-12-15,000153949725003299,0001539497-25-003299:n5486_x23-424b2.htm,0000850779,WELLS FARGO COMMERCIAL MORTGAGE SECURITIES INC  (C,False
Washington Square,424H,2024-08-12,000153949724001648,0001539497-24-001648:n4381_x9-424h.htm,0000850779,WELLS FARGO COMMERCIAL MORTGAGE SECURITIES INC  (C,False
Washington Square,424B2,2024-08-20,000153949724001770,0001539497-24-001770:n4381_x19-424b2.htm,0000850779,WELLS FARGO COMMERCIAL MORTGAGE SECURITIES INC  (C,False
Washington Square,424B2,2023-10-24,000153949723001790,0001539497-23-001790:n3819-x14_424b2.htm,0001861132,BMO Commercial Mortgage Securities LLC  (CIK 00018,False
Washington Square,424H,2023-10-16,000153949723001752,0001539497-23-001752:n3819_x7-424h.htm,0001861132,BMO Commercial Mortgage Securities LLC  (CIK 00018,False
Washington Square,424H,2025-02-10,000153949725000440,0001539497-25-000440:n4815_x8-424h.htm,0001861132,BMO Commercial Mortgage Securities LLC  (CIK 00018,False
Washington Square,424B2,2025-02-19,000153949725000740,0001539497-25-000740:n4815_x13-424b2.htm,0001861132,BMO Commercial Mortgage Securities LLC  (CIK 00018,False
Washington Square,424H,2021-02-11,000153949721000176,0001539497-21-000176:n2421-x5_424h.htm,0001541480,Barclays Commercial Mortgage Securities LLC  (CIK ,False
Washington Square,424B2,2021-03-10,000153949721000316,0001539497-21-000316:n2421-x11_424b2.htm,0001541480,Barclays Commercial Mortgage Securities LLC  (CIK ,False
Washington Square,424B2,2023-02-28,000153949723000356,0001539497-23-000356:n3431-x14_424b2.htm,0001013454,DEUTSCHE MORTGAGE & ASSET RECEIVING CORP  (CIK 000,False
Washington Square,424H,2023-02-06,000153949723000162,0001539497-23-000162:n3431-x5_424h.htm,0001013454,DEUTSCHE MORTGAGE & ASSET RECEIVING CORP  (CIK 000,False
Washington Square,424H,2023-05-11,000153949723000883,0001539497-23-000883:n3582_x4-424h.htm,0001547361,Morgan Stanley Capital I Inc.  (CIK 0001547361),False
Washington Square,424B2,2023-05-25,000153949723001012,0001539497-23-001012:n3582_x12-424b2.htm,0001547361,Morgan Stanley Capital I Inc.  (CIK 0001547361),False
Washington Square,10-K,2026-02-20,000091224226000016,0000912242-26-000016:mac-20251231.htm,0000912242,MACERICH CO  (MAC)  (CIK 0000912242),False
Washington Square,10-K,2025-02-28,000091224225000023,0000912242-25-000023:mac-20241231.htm,0000912242,MACERICH CO  (MAC)  (CIK 0000912242),False
Washington Square,10-Q,2026-08-06,000090725426000049,0000907254-26-000049:bfs-06302026xex99a.htm,0000907254,"SAUL CENTERS, INC.  (BFS, BFS-PD, BFS-PE)  (CIK 00",True
Washington Square,10-Q,2025-11-06,000090725425000108,0000907254-25-000108:bfs-09302025xex99a.htm,0000907254,"SAUL CENTERS, INC.  (BFS, BFS-PD, BFS-PE)  (CIK 00",True
Washington Square,10-Q,2026-05-07,000090725426000032,0000907254-26-000032:bfs-03312026xex99aq1.htm,0000907254,"SAUL CENTERS, INC.  (BFS, BFS-PD, BFS-PE)  (CIK 00",True
Washington Square,10-Q,2025-05-08,000090725425000047,0000907254-25-000047:bfs-03312025xex99a.htm,0000907254,"SAUL CENTERS, INC.  (BFS, BFS-PD, BFS-PE)  (CIK 00",True
Washington Square,10-Q,2025-08-07,000090725425000102,0000907254-25-000102:bfs-06302025xex99a.htm,0000907254,"SAUL CENTERS, INC.  (BFS, BFS-PD, BFS-PE)  (CIK 00",True
Washington Square,10-Q,2024-05-02,000090725424000042,0000907254-24-000042:bfs-03312024xex99a.htm,0000907254,"SAUL CENTERS, INC.  (BFS, BFS-PD, BFS-PE)  (CIK 00",True
Washington Square,10-Q,2024-11-07,000090725424000100,0000907254-24-000100:bfs-09302024xex99a.htm,0000907254,"SAUL CENTERS, INC.  (BFS, BFS-PD, BFS-PE)  (CIK 00",True
Washington Square,10-Q,2024-08-01,000090725424000088,0000907254-24-000088:bfs-06302024xex99a.htm,0000907254,"SAUL CENTERS, INC.  (BFS, BFS-PD, BFS-PE)  (CIK 00",True
Washington Square,10-Q,2023-11-02,000090725423000097,0000907254-23-000097:bfs-09302023xex99a.htm,0000907254,"SAUL CENTERS, INC.  (BFS, BFS-PD, BFS-PE)  (CIK 00",True
Washington Square,10-K,2024-02-26,000091224224000026,0000912242-24-000026:mac-20231231.htm,0000912242,MACERICH CO  (MAC)  (CIK 0000912242),False
Washington Square,10-K,2019-02-11,000158106819000005,0001581068-19-000005:brx10k12312018ex991.htm,0001581068,Brixmor Property Group Inc.  (BRX)  (CIK 000158106,True
Washington Square,10-K,2023-02-24,000091224223000007,0000912242-23-000007:mac-20221231.htm,0000912242,MACERICH CO  (MAC)  (CIK 0000912242),False
Washington Square,10-K,2019-02-25,000091224219000004,0000912242-19-000004:mac-2018x1231x10k.htm,0000912242,MACERICH CO  (MAC)  (CIK 0000912242),False
Washington Square,10-K,2020-02-25,000091224220000004,0000912242-20-000004:mac-20191231.htm,0000912242,MACERICH CO  (MAC)  (CIK 0000912242),False
Washington Square,10-K,2022-02-25,000091224222000003,0000912242-22-000003:mac-20211231.htm,0000912242,MACERICH CO  (MAC)  (CIK 0000912242),False
Washington Square,10-K,2021-02-24,000091224221000004,0000912242-21-000004:mac-20201231.htm,0000912242,MACERICH CO  (MAC)  (CIK 0000912242),False
Washington Square,ARS,2024-04-02,000090725424000035,0000907254-24-000035:saulcentersar2023_4224vf2.pdf,0000907254,"SAUL CENTERS, INC.  (BFS, BFS-PD, BFS-PE)  (CIK 00",True
Washington Square,10-K,2024-02-29,000090725424000020,0000907254-24-000020:bfs-20231231.htm,0000907254,"SAUL CENTERS, INC.  (BFS, BFS-PD, BFS-PE)  (CIK 00",True
Washington Square,10-K,2025-02-28,000090725425000022,0000907254-25-000022:bfs-20241231.htm,0000907254,"SAUL CENTERS, INC.  (BFS, BFS-PD, BFS-PE)  (CIK 00",True
Washington Square,10-K,2026-02-27,000090725426000006,0000907254-26-000006:bfs-20251231.htm,0000907254,"SAUL CENTERS, INC.  (BFS, BFS-PD, BFS-PE)  (CIK 00",True
West Town Mall,8-K,2020-02-04,000110465920010115,0001104659-20-010115:a2240552zex-99_1.htm,0001063761,"SIMON PROPERTY GROUP INC /DE/  (SPG, SPG-PJ)  (CIK",False
West Town Mall,8-K,2019-07-31,000104746919004452,0001047469-19-004452:a2239288zex-99_1.htm,0001063761,"SIMON PROPERTY GROUP INC /DE/  (SPG, SPG-PJ)  (CIK",False
West Town Mall,8-K,2019-10-30,000110465919057499,0001104659-19-057499:a2239895zex-99_1.htm,0001063761,"SIMON PROPERTY GROUP INC /DE/  (SPG, SPG-PJ)  (CIK",False
West Town Mall,8-K,2019-04-30,000104746919002724,0001047469-19-002724:a2238492zex-99_1.htm,0001063761,"SIMON PROPERTY GROUP INC /DE/  (SPG, SPG-PJ)  (CIK",False
West Town Mall,8-K,2019-02-01,000104746919000321,0001047469-19-000321:a2237580zex-99_1.htm,0001063761,"SIMON PROPERTY GROUP INC /DE/  (SPG, SPG-PJ)  (CIK",False
West Town Mall,8-K,2020-05-11,000110465920059554,0001104659-20-059554:a2241394zex-99_1.htm,0001063761,"SIMON PROPERTY GROUP INC /DE/  (SPG, SPG-PJ)  (CIK",False
West Town Mall,8-K,2020-11-09,000110465920123110,0001104659-20-123110:tm2033401d1_ex99-1.htm,0001063761,"SIMON PROPERTY GROUP INC /DE/  (SPG, SPG-PJ)  (CIK",True
West Town Mall,8-K,2020-08-10,000110465920092742,0001104659-20-092742:tm2025091d1_ex99-1.htm,0001063761,"SIMON PROPERTY GROUP INC /DE/  (SPG, SPG-PJ)  (CIK",True
West Town Mall,FWP,2026-06-04,000153949726001656,0001539497-26-001656:n5926_x2-premrktts.htm,0002136440,Wells Fargo Commercial Mortgage Trust 2026-5C10  (,False
West Town Mall,FWP,2026-06-10,000153949726001713,0001539497-26-001713:n5926_x6-termsheet.htm,0002136440,Wells Fargo Commercial Mortgage Trust 2026-5C10  (,False
West Town Mall,424H,2026-06-10,000153949726001721,0001539497-26-001721:n5926_x7-424h.htm,0000850779,WELLS FARGO COMMERCIAL MORTGAGE SECURITIES INC  (C,False
West Town Mall,424B2,2026-06-23,000153949726001846,0001539497-26-001846:n5926_x24-424b2.htm,0000850779,WELLS FARGO COMMERCIAL MORTGAGE SECURITIES INC  (C,False
West Town Mall,10-K,2019-02-22,000155837019000875,0001558370-19-000875:spg-20181231x10k.htm,0001063761,"SIMON PROPERTY GROUP INC /DE/  (SPG, SPG-PJ)  (CIK",False
West Town Mall,10-K,2019-02-22,000155837019000875,0001558370-19-000875:spg-20181231x10k.pdf,0001063761,"SIMON PROPERTY GROUP INC /DE/  (SPG, SPG-PJ)  (CIK",False
West Town Mall,10-K,2022-02-24,000155837022001845,0001558370-22-001845:spg-20211231x10k.pdf,0001063761,"SIMON PROPERTY GROUP INC /DE/  (SPG, SPG-PJ)  (CIK",False
West Town Mall,10-K,2021-02-25,000155837021001700,0001558370-21-001700:spg-20201231x10k.pdf,0001063761,"SIMON PROPERTY GROUP INC /DE/  (SPG, SPG-PJ)  (CIK",False
West Town Mall,10-K,2026-03-12,000094615526000019,0000946155-26-000019:tiaareal-20251231.htm,0000946155,TIAA REAL ESTATE ACCOUNT  (CIK 0000946155),True
West Town Mall,10-K,2025-03-06,000162828025010848,0001628280-25-010848:tiaareal-20241231.htm,0000946155,TIAA REAL ESTATE ACCOUNT  (CIK 0000946155),True
West Town Mall,10-K,2026-02-25,000110465926019419,0001104659-26-019419:spg-20251231x10k.pdf,0001063761,"SIMON PROPERTY GROUP INC.  (SPG, SPG-PJ)  (CIK 000",False
West Town Mall,ARS,2026-04-01,000110465926038323,0001104659-26-038323:spg-20251231xars.pdf,0001063761,"SIMON PROPERTY GROUP INC.  (SPG, SPG-PJ)  (CIK 000",False
West Town Mall,10-K,2026-02-25,000110465926019419,0001104659-26-019419:spg-20251231x10k.htm,0001063761,"SIMON PROPERTY GROUP INC.  (SPG, SPG-PJ)  (CIK 000",False
West Town Mall,10-K,2024-02-22,000155837024001532,0001558370-24-001532:spg-20231231x10k.pdf,0001063761,"SIMON PROPERTY GROUP INC /DE/  (SPG, SPG-PJ)  (CIK",False
West Town Mall,10-K,2023-02-23,000155837023001840,0001558370-23-001840:spg-20221231x10k.pdf,0001063761,"SIMON PROPERTY GROUP INC /DE/  (SPG, SPG-PJ)  (CIK",False
West Town Mall,10-K,2025-02-21,000155837025001271,0001558370-25-001271:spg-20241231x10k.htm,0001063761,"SIMON PROPERTY GROUP INC /DE/  (SPG, SPG-PJ)  (CIK",False
West Town Mall,10-K,2024-02-22,000155837024001532,0001558370-24-001532:spg-20231231x10k.htm,0001063761,"SIMON PROPERTY GROUP INC /DE/  (SPG, SPG-PJ)  (CIK",False
West Town Mall,ARS,2024-03-27,000110465924039710,0001104659-24-039710:tm244821d2_ars.pdf,0001063761,"SIMON PROPERTY GROUP INC /DE/  (SPG, SPG-PJ)  (CIK",False
West Town Mall,ARS,2023-03-23,000110465923036090,0001104659-23-036090:tm236206d2_ars.pdf,0001063761,"SIMON PROPERTY GROUP INC /DE/  (SPG, SPG-PJ)  (CIK",False
West Town Mall,10-K,2019-03-14,000162828019002918,0001628280-19-002918:tiaa-1231201810xk.htm,0000946155,TIAA REAL ESTATE ACCOUNT  (CIK 0000946155),True
West Town Mall,10-K,2023-03-09,000162828023007206,0001628280-23-007206:tiaareal-20221231.htm,0000946155,TIAA REAL ESTATE ACCOUNT  (CIK 0000946155),True
West Town Mall,10-K,2021-03-11,000162828021004496,0001628280-21-004496:tiaareal-20201231.htm,0000946155,TIAA REAL ESTATE ACCOUNT  (CIK 0000946155),True
West Town Mall,10-K,2020-03-12,000162828020003434,0001628280-20-003434:tiaa-1231201910xk.htm,0000946155,TIAA REAL ESTATE ACCOUNT  (CIK 0000946155),True
West Town Mall,S-1,2021-03-16,000162828021004767,0001628280-21-004767:tiaareal-20210315_d2.htm,0000946155,TIAA REAL ESTATE ACCOUNT  (CIK 0000946155),True
West Town Mall,S-1,2022-03-14,000162828022005978,0001628280-22-005978:tiaareal-20220312_d2.htm,0000946155,TIAA REAL ESTATE ACCOUNT  (CIK 0000946155),True
West Town Mall,10-K,2022-03-10,000162828022005665,0001628280-22-005665:tiaareal-20211231.htm,0000946155,TIAA REAL ESTATE ACCOUNT  (CIK 0000946155),True
West Town Mall,10-K,2024-03-14,000162828024011115,0001628280-24-011115:tiaareal-20231231.htm,0000946155,TIAA REAL ESTATE ACCOUNT  (CIK 0000946155),True
Woodland Hills Mall,8-K,2022-08-09,000095017022016160,0000950170-22-016160:srg-ex99_2.htm,0001628063,"Seritage Growth Properties  (SRG, SRG-PA)  (CIK 00",True
Woodland Hills Mall,8-K,2022-11-09,000095017022023550,0000950170-22-023550:srg-ex99_2.htm,0001628063,"Seritage Growth Properties  (SRG, SRG-PA)  (CIK 00",True
Woodland Hills Mall,8-K,2021-11-03,000095017021002859,0000950170-21-002859:srg-ex99_2.htm,0001628063,"Seritage Growth Properties  (SRG, SRG-PA)  (CIK 00",True
Woodland Hills Mall,8-K,2022-05-10,000095017022009029,0000950170-22-009029:srg-ex99_2.htm,0001628063,"Seritage Growth Properties  (SRG, SRG-PA)  (CIK 00",True
Woodland Hills Mall,8-K,2021-04-30,000156459021022244,0001564590-21-022244:srg-ex992_12.htm,0001628063,"Seritage Growth Properties  (SRG, SRG-PA)  (CIK 00",True
Woodland Hills Mall,8-K,2023-03-14,000095017023007884,0000950170-23-007884:srg-ex99_2.htm,0001628063,"Seritage Growth Properties  (SRG, SRG-PA)  (CIK 00",True
Woodland Hills Mall,8-K,2021-08-09,000156459021042681,0001564590-21-042681:srg-ex992_6.htm,0001628063,"Seritage Growth Properties  (SRG, SRG-PA)  (CIK 00",True
Woodland Hills Mall,8-K,2021-03-11,000156459021012168,0001564590-21-012168:srg-ex992_6.htm,0001628063,"Seritage Growth Properties  (SRG, SRG-PA)  (CIK 00",True
Woodland Hills Mall,8-K,2020-02-28,000156459020007605,0001564590-20-007605:srg-ex992_6.htm,0001628063,"Seritage Growth Properties  (SRG, SRG-PA)  (CIK 00",True
Woodland Hills Mall,8-K,2019-08-01,000156459019028026,0001564590-19-028026:srg-ex992_7.htm,0001628063,"Seritage Growth Properties  (SRG, SRG-PA)  (CIK 00",True
Woodland Hills Mall,8-K,2019-11-01,000156459019039223,0001564590-19-039223:srg-ex992_6.htm,0001628063,"Seritage Growth Properties  (SRG, SRG-PA)  (CIK 00",True
Woodland Hills Mall,8-K,2019-05-03,000156459019015413,0001564590-19-015413:srg-ex992_6.htm,0001628063,"Seritage Growth Properties  (SRG, SRG-PA)  (CIK 00",True
Woodland Hills Mall,8-K,2019-02-01,000104746919000321,0001047469-19-000321:a2237580zex-99_1.htm,0001063761,"SIMON PROPERTY GROUP INC /DE/  (SPG, SPG-PJ)  (CIK",False
Woodland Hills Mall,8-K,2019-02-28,000156459019005521,0001564590-19-005521:srg-ex992_7.htm,0001628063,"Seritage Growth Properties  (SRG, SRG-PA)  (CIK 00",True
Woodland Hills Mall,8-K,2020-11-05,000156459020051459,0001564590-20-051459:srg-ex992_7.htm,0001628063,"Seritage Growth Properties  (SRG, SRG-PA)  (CIK 00",True
Woodland Hills Mall,8-K,2020-05-08,000156459020023026,0001564590-20-023026:srg-ex992_6.htm,0001628063,"Seritage Growth Properties  (SRG, SRG-PA)  (CIK 00",True
Woodland Hills Mall,8-K,2020-08-06,000156459020037902,0001564590-20-037902:srg-ex992_6.htm,0001628063,"Seritage Growth Properties  (SRG, SRG-PA)  (CIK 00",True
Woodland Hills Mall,8-K,2019-07-31,000104746919004452,0001047469-19-004452:a2239288zex-99_1.htm,0001063761,"SIMON PROPERTY GROUP INC /DE/  (SPG, SPG-PJ)  (CIK",False
Woodland Hills Mall,8-K,2020-02-04,000110465920010115,0001104659-20-010115:a2240552zex-99_1.htm,0001063761,"SIMON PROPERTY GROUP INC /DE/  (SPG, SPG-PJ)  (CIK",False
Woodland Hills Mall,8-K,2019-10-30,000110465919057499,0001104659-19-057499:a2239895zex-99_1.htm,0001063761,"SIMON PROPERTY GROUP INC /DE/  (SPG, SPG-PJ)  (CIK",False
Woodland Hills Mall,8-K,2019-04-30,000104746919002724,0001047469-19-002724:a2238492zex-99_1.htm,0001063761,"SIMON PROPERTY GROUP INC /DE/  (SPG, SPG-PJ)  (CIK",False
Woodland Hills Mall,8-K,2020-05-11,000110465920059554,0001104659-20-059554:a2241394zex-99_1.htm,0001063761,"SIMON PROPERTY GROUP INC /DE/  (SPG, SPG-PJ)  (CIK",False
Woodland Hills Mall,8-K,2020-08-10,000110465920092742,0001104659-20-092742:tm2025091d1_ex99-1.htm,0001063761,"SIMON PROPERTY GROUP INC /DE/  (SPG, SPG-PJ)  (CIK",True
Woodland Hills Mall,8-K,2020-11-09,000110465920123110,0001104659-20-123110:tm2033401d1_ex99-1.htm,0001063761,"SIMON PROPERTY GROUP INC /DE/  (SPG, SPG-PJ)  (CIK",True
Woodland Hills Mall,10-K,2026-02-25,000110465926019419,0001104659-26-019419:spg-20251231x10k.pdf,0001063761,"SIMON PROPERTY GROUP INC.  (SPG, SPG-PJ)  (CIK 000",False
Woodland Hills Mall,10-K,2019-02-22,000155837019000875,0001558370-19-000875:spg-20181231x10k.htm,0001063761,"SIMON PROPERTY GROUP INC /DE/  (SPG, SPG-PJ)  (CIK",False
Woodland Hills Mall,10-K,2019-02-22,000155837019000875,0001558370-19-000875:spg-20181231x10k.pdf,0001063761,"SIMON PROPERTY GROUP INC /DE/  (SPG, SPG-PJ)  (CIK",False
Woodland Hills Mall,10-K,2024-02-22,000155837024001532,0001558370-24-001532:spg-20231231x10k.pdf,0001063761,"SIMON PROPERTY GROUP INC /DE/  (SPG, SPG-PJ)  (CIK",False
Woodland Hills Mall,ARS,2026-04-01,000110465926038323,0001104659-26-038323:spg-20251231xars.pdf,0001063761,"SIMON PROPERTY GROUP INC.  (SPG, SPG-PJ)  (CIK 000",False
Woodland Hills Mall,10-K,2026-02-25,000110465926019419,0001104659-26-019419:spg-20251231x10k.htm,0001063761,"SIMON PROPERTY GROUP INC.  (SPG, SPG-PJ)  (CIK 000",False
Woodland Hills Mall,10-K,2023-02-23,000155837023001840,0001558370-23-001840:spg-20221231x10k.pdf,0001063761,"SIMON PROPERTY GROUP INC /DE/  (SPG, SPG-PJ)  (CIK",False
Woodland Hills Mall,10-K,2022-02-24,000155837022001845,0001558370-22-001845:spg-20211231x10k.pdf,0001063761,"SIMON PROPERTY GROUP INC /DE/  (SPG, SPG-PJ)  (CIK",False
Woodland Hills Mall,10-K,2025-02-21,000155837025001271,0001558370-25-001271:spg-20241231x10k.htm,0001063761,"SIMON PROPERTY GROUP INC /DE/  (SPG, SPG-PJ)  (CIK",False
Woodland Hills Mall,10-K,2024-02-22,000155837024001532,0001558370-24-001532:spg-20231231x10k.htm,0001063761,"SIMON PROPERTY GROUP INC /DE/  (SPG, SPG-PJ)  (CIK",False
Woodland Hills Mall,ARS,2024-03-27,000110465924039710,0001104659-24-039710:tm244821d2_ars.pdf,0001063761,"SIMON PROPERTY GROUP INC /DE/  (SPG, SPG-PJ)  (CIK",False
Woodland Hills Mall,ARS,2023-03-23,000110465923036090,0001104659-23-036090:tm236206d2_ars.pdf,0001063761,"SIMON PROPERTY GROUP INC /DE/  (SPG, SPG-PJ)  (CIK",False
Woodland Hills Mall,10-K,2021-02-25,000155837021001700,0001558370-21-001700:spg-20201231x10k.pdf,0001063761,"SIMON PROPERTY GROUP INC /DE/  (SPG, SPG-PJ)  (CIK",False
